Date/Time,Water Level (m)
22/02/2026 10:16,0.72
22/02/2026 10:16,0.72
22/02/2026 10:22,0.62
22/02/2026 10:22,0.62
22/02/2026 10:24,0.72
22/02/2026 10:24,0.72
22/02/2026 10:26,0.62
22/02/2026 10:28,0.67
22/02/2026 10:28,0.67
22/02/2026 10:29,0.62
22/02/2026 10:29,0.62
22/02/2026 10:30,0.72
22/02/2026 10:30,0.72
22/02/2026 10:31,0.62
22/02/2026 10:31,0.62
22/02/2026 10:31,0.62
22/02/2026 10:32,0.67
22/02/2026 10:32,0.67
22/02/2026 10:35,0.57
22/02/2026 10:35,0.57
22/02/2026 10:38,0.67
22/02/2026 10:38,0.67
22/02/2026 10:51,0.72
22/02/2026 10:51,0.72
22/02/2026 10:51,0.72
22/02/2026 10:51,0.72
22/02/2026 10:56,0.67
22/02/2026 10:56,0.67
22/02/2026 11:09,0.77
22/02/2026 11:09,0.77
22/02/2026 11:16,0.72
22/02/2026 11:16,0.72
22/02/2026 11:17,0.67
22/02/2026 11:20,0.82
22/02/2026 11:20,0.82
22/02/2026 11:21,0.67
22/02/2026 11:22,0.72
22/02/2026 11:22,0.72
22/02/2026 11:22,0.72
22/02/2026 11:29,0.72
22/02/2026 11:49,0.62
22/02/2026 11:49,0.62
22/02/2026 11:51,0.67
22/02/2026 11:51,0.67
22/02/2026 11:51,0.67
22/02/2026 11:53,0.72
22/02/2026 11:53,0.72
22/02/2026 11:57,0.67
22/02/2026 11:57,0.67
22/02/2026 11:57,0.67
22/02/2026 12:06,0.62
22/02/2026 12:24,0.57
22/02/2026 12:24,0.57
22/02/2026 12:29,0.52
22/02/2026 12:30,0.57
22/02/2026 12:34,0.52
22/02/2026 12:34,0.52
22/02/2026 13:07,0.42
22/02/2026 13:07,0.42
22/02/2026 13:11,0.47
22/02/2026 13:11,0.47
22/02/2026 13:11,0.47
22/02/2026 13:17,0.42
22/02/2026 13:17,0.42
22/02/2026 13:26,0.37
22/02/2026 13:29,0.37
22/02/2026 13:30,0.37
22/02/2026 13:47,0.27
22/02/2026 14:04,0.22
22/02/2026 14:04,0.22
22/02/2026 14:14,0.17
22/02/2026 14:14,0.17
22/02/2026 14:27,0.12
22/02/2026 14:27,0.12
22/02/2026 14:27,0.12
22/02/2026 14:27,0.12
22/02/2026 14:29,0.12
22/02/2026 14:41,0.07
22/02/2026 14:41,0.07
22/02/2026 14:41,0.07
22/02/2026 14:41,0.07
22/02/2026 14:53,0.02
22/02/2026 14:53,0.02
22/02/2026 15:09,-0.03
22/02/2026 15:21,-0.08
22/02/2026 15:21,-0.08
22/02/2026 15:21,-0.08
22/02/2026 15:29,-0.13
22/02/2026 15:30,-0.13
22/02/2026 16:24,-0.28
22/02/2026 16:24,-0.28
22/02/2026 16:24,-0.28
22/02/2026 16:29,-0.28
22/02/2026 16:30,-0.28
22/02/2026 16:45,-0.33
22/02/2026 16:45,-0.33
22/02/2026 17:08,-0.38
22/02/2026 17:08,-0.38
22/02/2026 17:08,-0.38
22/02/2026 17:29,-0.38
22/02/2026 18:22,-0.33
22/02/2026 18:22,-0.33
22/02/2026 18:22,-0.33
22/02/2026 18:29,-0.33
22/02/2026 18:55,-0.28
22/02/2026 18:55,-0.28
22/02/2026 19:07,-0.23
22/02/2026 19:07,-0.23
22/02/2026 19:23,-0.18
22/02/2026 19:30,-0.13
22/02/2026 19:44,-0.08
22/02/2026 19:44,-0.08
22/02/2026 19:46,-0.03
22/02/2026 19:46,-0.03
22/02/2026 19:47,-0.13
22/02/2026 19:47,-0.13
22/02/2026 19:47,-0.13
22/02/2026 19:48,-0.08
22/02/2026 19:48,-0.08
22/02/2026 19:56,-0.03
22/02/2026 19:56,-0.03
22/02/2026 20:06,0.02
22/02/2026 20:06,0.02
22/02/2026 20:20,0.07
22/02/2026 20:29,0.12
22/02/2026 20:44,0.17
22/02/2026 20:44,0.17
22/02/2026 20:55,0.22
22/02/2026 20:55,0.22
22/02/2026 20:55,0.22
22/02/2026 20:55,0.22
22/02/2026 20:56,0.27
22/02/2026 20:56,0.27
22/02/2026 20:56,0.27
22/02/2026 20:56,0.27
22/02/2026 21:06,0.32
22/02/2026 21:12,0.42
22/02/2026 21:12,0.42
22/02/2026 21:12,0.42
22/02/2026 21:25,0.42
22/02/2026 21:25,0.42
22/02/2026 21:28,0.37
22/02/2026 21:28,0.37
22/02/2026 21:29,0.42
22/02/2026 21:30,0.42
22/02/2026 21:32,0.47
22/02/2026 21:32,0.47
22/02/2026 21:43,0.52
22/02/2026 21:44,0.42
22/02/2026 22:04,0.57
22/02/2026 22:04,0.57
22/02/2026 22:04,0.57
22/02/2026 22:06,0.52
22/02/2026 22:07,0.57
22/02/2026 22:07,0.57
22/02/2026 22:17,0.62
22/02/2026 22:21,0.62
22/02/2026 22:21,0.62
22/02/2026 22:26,0.67
22/02/2026 22:29,0.72
22/02/2026 22:29,0.72
22/02/2026 22:32,0.67
22/02/2026 22:32,0.67
22/02/2026 22:40,0.77
22/02/2026 22:40,0.77
22/02/2026 22:43,0.67
22/02/2026 22:43,0.67
22/02/2026 22:44,0.72
22/02/2026 22:44,0.72
22/02/2026 22:48,0.77
22/02/2026 22:48,0.77
22/02/2026 22:48,0.77
22/02/2026 22:56,1.02
22/02/2026 22:56,0.82
22/02/2026 22:56,0.82
22/02/2026 22:57,0.77
22/02/2026 22:57,0.77
22/02/2026 22:58,0.82
22/02/2026 22:58,0.82
22/02/2026 22:58,0.82
22/02/2026 23:00,0.77
22/02/2026 23:00,0.77
22/02/2026 23:02,0.82
22/02/2026 23:02,0.82
22/02/2026 23:10,0.72
22/02/2026 23:10,0.72
22/02/2026 23:11,0.77
22/02/2026 23:11,0.77
22/02/2026 23:14,0.87
22/02/2026 23:14,0.87
22/02/2026 23:17,0.77
22/02/2026 23:17,0.77
22/02/2026 23:17,0.77
22/02/2026 23:19,0.82
22/02/2026 23:19,0.82
22/02/2026 23:21,0.77
22/02/2026 23:21,0.77
22/02/2026 23:23,0.87
22/02/2026 23:23,0.87
22/02/2026 23:23,0.87
22/02/2026 23:24,0.82
22/02/2026 23:24,0.82
22/02/2026 23:26,0.87
22/02/2026 23:26,0.87
22/02/2026 23:28,0.77
22/02/2026 23:28,0.77
22/02/2026 23:30,0.82
22/02/2026 23:30,0.87
22/02/2026 23:30,0.87
22/02/2026 23:30,0.87
22/02/2026 23:30,0.87
22/02/2026 23:31,0.77
22/02/2026 23:31,0.77
22/02/2026 23:31,0.77
22/02/2026 23:33,0.87
22/02/2026 23:33,0.87
22/02/2026 23:34,0.77
22/02/2026 23:34,0.77
22/02/2026 23:36,0.82
22/02/2026 23:36,0.82
22/02/2026 23:36,0.82
22/02/2026 23:48,0.87
22/02/2026 23:51,0.77
22/02/2026 23:51,0.77
22/02/2026 23:52,0.87
22/02/2026 23:52,0.87
22/02/2026 23:53,0.77
22/02/2026 23:53,0.77
22/02/2026 23:55,0.87
22/02/2026 23:55,0.87
22/02/2026 23:55,0.87
22/02/2026 23:56,0.82
22/02/2026 23:56,0.82
22/02/2026 23:56,0.82
23/02/2026 00:20,0.87
23/02/2026 00:20,0.87
23/02/2026 00:21,0.72
23/02/2026 00:21,0.72
23/02/2026 00:22,0.82
23/02/2026 00:22,0.82
23/02/2026 00:29,0.82
23/02/2026 00:30,0.82
23/02/2026 00:30,0.92
23/02/2026 00:30,0.92
23/02/2026 00:31,0.82
23/02/2026 00:31,0.82
23/02/2026 00:40,0.77
23/02/2026 00:40,0.77
23/02/2026 00:42,0.82
23/02/2026 00:42,0.82
23/02/2026 00:44,0.72
23/02/2026 00:44,0.72
23/02/2026 00:53,0.72
23/02/2026 00:53,0.72
23/02/2026 00:53,0.72
23/02/2026 00:53,0.72
23/02/2026 00:54,0.77
23/02/2026 00:54,0.77
23/02/2026 00:54,0.77
23/02/2026 00:55,0.72
23/02/2026 00:55,0.72
23/02/2026 00:55,0.72
23/02/2026 00:55,0.72
23/02/2026 00:56,0.77
23/02/2026 00:56,0.77
23/02/2026 00:59,0.67
23/02/2026 00:59,0.67
23/02/2026 01:00,0.77
23/02/2026 01:00,0.77
23/02/2026 01:00,0.77
23/02/2026 01:00,0.77
23/02/2026 01:11,0.67
23/02/2026 01:11,0.67
23/02/2026 01:12,0.72
23/02/2026 01:12,0.72
23/02/2026 01:13,0.62
23/02/2026 01:13,0.62
23/02/2026 01:14,0.72
23/02/2026 01:20,0.67
23/02/2026 01:20,0.67
23/02/2026 01:22,0.62
23/02/2026 01:22,0.62
23/02/2026 01:22,0.62
23/02/2026 01:27,0.67
23/02/2026 01:27,0.67
23/02/2026 01:29,0.62
23/02/2026 01:29,0.62
23/02/2026 01:48,0.57
23/02/2026 01:48,0.57
23/02/2026 01:48,0.57
23/02/2026 02:11,0.52
23/02/2026 02:11,0.52
23/02/2026 02:17,0.47
23/02/2026 02:17,0.47
23/02/2026 02:17,0.47
23/02/2026 02:29,0.42
23/02/2026 02:29,0.42
23/02/2026 02:30,0.47
23/02/2026 02:30,0.47
23/02/2026 02:30,0.47
23/02/2026 02:31,0.42
23/02/2026 02:31,0.42
23/02/2026 02:44,0.37
23/02/2026 02:44,0.37
23/02/2026 02:53,0.32
23/02/2026 02:53,0.32
23/02/2026 02:53,0.32
23/02/2026 02:53,0.32
23/02/2026 02:53,0.32
23/02/2026 03:07,0.27
23/02/2026 03:11,0.32
23/02/2026 03:11,0.32
23/02/2026 03:11,0.32
23/02/2026 03:14,0.27
23/02/2026 03:14,0.27
23/02/2026 03:14,0.27
23/02/2026 03:14,0.27
23/02/2026 03:29,0.22
23/02/2026 03:29,0.22
23/02/2026 03:43,0.17
23/02/2026 03:43,0.17
23/02/2026 03:43,0.17
23/02/2026 03:52,0.12
23/02/2026 03:52,0.12
23/02/2026 03:52,0.12
23/02/2026 04:06,0.07
23/02/2026 04:27,0.02
23/02/2026 04:27,0.02
23/02/2026 04:29,-0.03
23/02/2026 04:30,0.02
23/02/2026 04:30,0.02
23/02/2026 04:30,0.02
23/02/2026 04:44,-0.03
23/02/2026 04:44,-0.03
23/02/2026 05:02,-0.08
23/02/2026 05:02,-0.08
23/02/2026 05:02,-0.08
23/02/2026 05:22,-0.13
23/02/2026 05:22,-0.13
23/02/2026 05:22,-0.13
23/02/2026 05:30,-0.13
23/02/2026 06:17,-0.18
23/02/2026 06:17,-0.18
23/02/2026 06:17,-0.18
23/02/2026 06:29,-0.13
23/02/2026 06:29,-0.13
23/02/2026 07:03,-0.08
23/02/2026 07:03,-0.08
23/02/2026 07:30,-0.08
23/02/2026 07:41,-0.03
23/02/2026 07:41,-0.03
23/02/2026 07:44,-0.08
23/02/2026 07:44,-0.08
23/02/2026 07:44,-0.08
23/02/2026 07:48,-0.03
23/02/2026 08:06,0.02
23/02/2026 08:06,0.02
23/02/2026 08:14,0.07
23/02/2026 08:14,0.07
23/02/2026 08:17,0.02
23/02/2026 08:17,0.02
23/02/2026 08:18,0.07
23/02/2026 08:18,0.07
23/02/2026 08:18,0.07
23/02/2026 08:25,0.02
23/02/2026 08:25,0.42
23/02/2026 08:25,0.02
23/02/2026 08:26,0.07
23/02/2026 08:26,0.07
23/02/2026 08:29,0.07
23/02/2026 08:36,0.12
23/02/2026 08:36,0.12
23/02/2026 08:36,0.12
23/02/2026 08:37,0.07
23/02/2026 08:37,0.07
23/02/2026 08:37,0.07
23/02/2026 08:59,0.22
23/02/2026 08:59,0.22
23/02/2026 08:59,0.22
23/02/2026 09:09,0.22
23/02/2026 09:09,0.22
23/02/2026 09:13,0.17
23/02/2026 09:13,0.17
23/02/2026 09:13,0.17
23/02/2026 09:16,0.22
23/02/2026 09:16,0.22
23/02/2026 09:29,0.27
23/02/2026 09:29,0.27
23/02/2026 09:29,0.27
23/02/2026 09:33,0.32
23/02/2026 09:33,0.32
23/02/2026 09:36,0.27
23/02/2026 09:36,0.27
23/02/2026 09:43,0.27
23/02/2026 09:43,0.27
23/02/2026 09:43,0.27
23/02/2026 09:44,0.32
23/02/2026 09:44,0.32
23/02/2026 09:46,0.32
23/02/2026 09:46,0.32
23/02/2026 09:46,0.32
23/02/2026 09:54,0.32
23/02/2026 09:56,0.37
23/02/2026 09:56,0.37
23/02/2026 10:09,0.42
23/02/2026 10:09,0.42
23/02/2026 10:09,0.42
23/02/2026 10:13,0.37
23/02/2026 10:13,0.37
23/02/2026 10:17,0.42
23/02/2026 10:17,0.42
23/02/2026 10:30,0.42
23/02/2026 10:31,0.52
23/02/2026 10:31,0.52
23/02/2026 10:31,0.52
23/02/2026 10:31,0.52
23/02/2026 10:32,0.47
23/02/2026 10:32,0.47
23/02/2026 10:33,0.52
23/02/2026 10:33,0.52
23/02/2026 10:34,0.47
23/02/2026 10:47,0.52
23/02/2026 10:47,0.52
23/02/2026 10:48,0.47
23/02/2026 10:48,0.47
23/02/2026 10:48,0.47
23/02/2026 10:48,0.47
23/02/2026 10:50,0.52
23/02/2026 11:00,0.57
23/02/2026 11:10,0.52
23/02/2026 11:10,0.52
23/02/2026 11:16,0.52
23/02/2026 11:17,0.57
23/02/2026 11:25,0.52
23/02/2026 11:25,0.52
23/02/2026 11:25,0.52
23/02/2026 11:26,0.62
23/02/2026 11:26,0.62
23/02/2026 11:27,0.52
23/02/2026 11:27,0.52
23/02/2026 11:29,0.57
23/02/2026 11:29,0.57
23/02/2026 11:29,0.57
23/02/2026 11:29,0.57
23/02/2026 11:32,0.67
23/02/2026 11:32,0.67
23/02/2026 11:33,0.57
23/02/2026 11:33,0.57
23/02/2026 11:33,0.57
23/02/2026 11:33,0.57
23/02/2026 11:35,0.62
23/02/2026 11:39,0.52
23/02/2026 11:39,0.52
23/02/2026 11:43,0.62
23/02/2026 11:43,0.62
23/02/2026 11:43,0.62
23/02/2026 11:43,0.62
23/02/2026 11:44,0.57
23/02/2026 11:51,0.52
23/02/2026 11:51,0.52
23/02/2026 11:54,0.52
23/02/2026 11:54,0.52
23/02/2026 11:54,0.52
23/02/2026 11:57,0.57
23/02/2026 11:57,0.57
23/02/2026 11:57,0.57
23/02/2026 12:29,0.57
23/02/2026 12:29,0.57
23/02/2026 12:35,0.52
23/02/2026 12:36,0.57
23/02/2026 12:36,0.57
23/02/2026 12:44,0.52
23/02/2026 12:44,0.52
23/02/2026 12:48,0.52
23/02/2026 12:48,0.52
23/02/2026 12:48,0.52
23/02/2026 13:05,0.47
23/02/2026 13:05,0.47
23/02/2026 13:08,0.52
23/02/2026 13:08,0.52
23/02/2026 13:09,0.47
23/02/2026 13:09,0.47
23/02/2026 13:23,0.42
23/02/2026 13:23,0.42
23/02/2026 13:30,0.42
23/02/2026 13:44,0.37
23/02/2026 13:44,0.37
23/02/2026 13:44,0.37
23/02/2026 14:00,0.32
23/02/2026 14:00,0.32
23/02/2026 14:00,0.32
23/02/2026 14:18,0.27
23/02/2026 14:18,0.27
23/02/2026 14:18,0.27
23/02/2026 14:18,0.27
23/02/2026 14:20,0.27
23/02/2026 14:29,0.22
23/02/2026 14:33,0.27
23/02/2026 14:33,0.27
23/02/2026 14:33,0.27
23/02/2026 14:33,0.27
23/02/2026 14:50,0.17
23/02/2026 14:50,0.17
23/02/2026 14:57,0.12
23/02/2026 14:57,0.12
23/02/2026 14:57,0.12
23/02/2026 14:57,0.12
23/02/2026 15:14,0.07
23/02/2026 15:14,0.07
23/02/2026 15:14,0.07
23/02/2026 15:20,0.12
23/02/2026 15:20,0.12
23/02/2026 15:20,0.12
23/02/2026 15:21,0.07
23/02/2026 15:21,0.07
23/02/2026 15:21,0.07
23/02/2026 15:29,0.07
23/02/2026 15:30,0.07
23/02/2026 15:36,0.02
23/02/2026 15:36,0.02
23/02/2026 15:52,-0.03
23/02/2026 16:07,-0.08
23/02/2026 16:07,-0.08
23/02/2026 16:23,-0.13
23/02/2026 16:30,-0.13
23/02/2026 16:32,-0.18
23/02/2026 16:32,-0.18
23/02/2026 16:53,-0.23
23/02/2026 16:53,-0.23
23/02/2026 16:53,-0.23
23/02/2026 17:29,-0.28
23/02/2026 17:30,-0.28
23/02/2026 17:53,-0.33
23/02/2026 17:53,-0.33
23/02/2026 17:53,-0.33
23/02/2026 18:29,-0.33
23/02/2026 18:50,-0.28
23/02/2026 18:50,-0.28
23/02/2026 18:50,-0.28
23/02/2026 18:54,-0.33
23/02/2026 18:54,-0.33
23/02/2026 18:54,-0.33
23/02/2026 18:54,-0.33
23/02/2026 18:57,-0.28
23/02/2026 19:24,-0.23
23/02/2026 19:24,-0.23
23/02/2026 19:25,-0.28
23/02/2026 19:25,-0.28
23/02/2026 19:25,-0.28
23/02/2026 19:30,-0.23
23/02/2026 19:57,-0.18
23/02/2026 19:57,-0.18
23/02/2026 19:57,-0.18
23/02/2026 20:07,-0.13
23/02/2026 20:07,-0.13
23/02/2026 20:07,-0.13
23/02/2026 20:07,-0.13
23/02/2026 20:08,-0.18
23/02/2026 20:08,-0.18
23/02/2026 20:21,-0.08
23/02/2026 20:21,-0.08
23/02/2026 20:22,-0.13
23/02/2026 20:22,-0.13
23/02/2026 20:22,-0.13
23/02/2026 20:28,-0.03
23/02/2026 20:28,-0.03
23/02/2026 20:28,-0.03
23/02/2026 20:28,-0.03
23/02/2026 20:29,-0.08
23/02/2026 20:30,-0.08
23/02/2026 20:33,-0.13
23/02/2026 20:33,-0.13
23/02/2026 20:33,-0.13
23/02/2026 20:34,-0.08
23/02/2026 20:34,-0.08
23/02/2026 20:50,0.02
23/02/2026 20:50,0.02
23/02/2026 21:08,0.07
23/02/2026 21:08,0.07
23/02/2026 21:30,0.17
23/02/2026 21:30,0.12
23/02/2026 21:30,0.12
23/02/2026 21:31,0.17
23/02/2026 21:31,0.17
23/02/2026 21:34,0.22
23/02/2026 21:34,0.22
23/02/2026 21:35,0.17
23/02/2026 21:35,0.17
23/02/2026 21:47,0.22
23/02/2026 21:47,0.22
23/02/2026 21:47,0.22
23/02/2026 21:49,0.32
23/02/2026 21:50,0.22
23/02/2026 21:50,0.22
23/02/2026 21:51,0.27
23/02/2026 21:51,0.27
23/02/2026 21:58,0.37
23/02/2026 21:58,0.37
23/02/2026 22:01,0.32
23/02/2026 22:01,0.32
23/02/2026 22:05,0.37
23/02/2026 22:05,0.37
23/02/2026 22:05,0.37
23/02/2026 22:14,0.42
23/02/2026 22:14,0.42
23/02/2026 22:14,0.42
23/02/2026 22:14,0.42
23/02/2026 22:15,0.37
23/02/2026 22:15,0.37
23/02/2026 22:21,0.47
23/02/2026 22:21,0.47
23/02/2026 22:23,0.42
23/02/2026 22:23,0.42
23/02/2026 22:25,0.47
23/02/2026 22:25,0.47
23/02/2026 22:25,0.47
23/02/2026 22:27,0.37
23/02/2026 22:30,0.42
23/02/2026 22:35,0.57
23/02/2026 22:35,0.57
23/02/2026 22:35,0.57
23/02/2026 22:44,0.47
23/02/2026 22:44,0.47
23/02/2026 23:00,0.57
23/02/2026 23:00,0.57
23/02/2026 23:00,0.57
23/02/2026 23:08,0.62
23/02/2026 23:15,0.67
23/02/2026 23:17,0.57
23/02/2026 23:17,0.57
23/02/2026 23:17,0.57
23/02/2026 23:18,0.67
23/02/2026 23:18,0.67
23/02/2026 23:28,0.77
23/02/2026 23:29,0.62
23/02/2026 23:29,0.62
23/02/2026 23:29,0.62
23/02/2026 23:31,0.72
23/02/2026 23:31,0.72
23/02/2026 23:32,0.67
23/02/2026 23:32,0.67
23/02/2026 23:32,0.67
23/02/2026 23:33,0.72
23/02/2026 23:33,0.72
23/02/2026 23:33,0.72
23/02/2026 23:36,0.67
23/02/2026 23:37,0.77
23/02/2026 23:37,0.77
23/02/2026 23:44,0.72
23/02/2026 23:44,0.72
23/02/2026 23:48,0.67
23/02/2026 23:48,0.67
23/02/2026 23:49,0.72
23/02/2026 23:49,0.72
23/02/2026 23:50,0.77
23/02/2026 23:50,0.77
23/02/2026 23:57,0.82
23/02/2026 23:57,0.82
23/02/2026 23:58,0.67
23/02/2026 23:58,0.67
23/02/2026 23:59,0.77
23/02/2026 23:59,0.77
24/02/2026 00:29,0.77
24/02/2026 00:39,0.77
24/02/2026 00:39,0.77
24/02/2026 00:39,0.77
24/02/2026 00:46,0.82
24/02/2026 00:46,0.82
24/02/2026 00:46,0.82
24/02/2026 00:46,0.82
24/02/2026 00:47,0.72
24/02/2026 00:47,0.72
24/02/2026 00:47,0.72
24/02/2026 00:49,0.82
24/02/2026 00:49,0.82
24/02/2026 00:50,0.77
24/02/2026 00:50,0.77
24/02/2026 00:50,0.77
24/02/2026 00:50,0.77
24/02/2026 01:08,0.77
24/02/2026 01:08,0.77
24/02/2026 01:08,0.77
24/02/2026 01:09,0.87
24/02/2026 01:09,0.87
24/02/2026 01:09,0.87
24/02/2026 01:09,0.87
24/02/2026 01:10,0.77
24/02/2026 01:10,0.77
24/02/2026 01:10,0.77
24/02/2026 01:10,0.77
24/02/2026 01:11,0.82
24/02/2026 01:11,0.82
24/02/2026 01:20,0.82
24/02/2026 01:20,0.82
24/02/2026 01:25,0.82
24/02/2026 01:25,0.82
24/02/2026 01:25,0.82
24/02/2026 01:28,0.77
24/02/2026 01:28,0.77
24/02/2026 01:28,0.77
24/02/2026 01:30,0.72
24/02/2026 01:32,0.77
24/02/2026 01:32,0.77
24/02/2026 01:32,0.77
24/02/2026 01:39,0.82
24/02/2026 01:39,0.82
24/02/2026 01:40,0.77
24/02/2026 01:40,0.77
24/02/2026 01:41,0.82
24/02/2026 01:41,0.82
24/02/2026 01:41,0.82
24/02/2026 01:44,0.77
24/02/2026 01:44,0.77
24/02/2026 01:49,0.72
24/02/2026 01:49,0.72
24/02/2026 01:51,0.77
24/02/2026 01:51,0.77
24/02/2026 01:53,0.67
24/02/2026 01:53,0.67
24/02/2026 01:53,0.67
24/02/2026 01:55,0.72
24/02/2026 01:55,0.72
24/02/2026 02:03,0.77
24/02/2026 02:03,0.77
24/02/2026 02:08,0.72
24/02/2026 02:08,0.72
24/02/2026 02:18,0.67
24/02/2026 02:18,0.67
24/02/2026 02:18,0.67
24/02/2026 02:28,0.57
24/02/2026 02:28,0.57
24/02/2026 02:29,0.67
24/02/2026 02:29,0.67
24/02/2026 02:31,0.62
24/02/2026 02:31,0.62
24/02/2026 02:31,0.62
24/02/2026 02:35,0.67
24/02/2026 02:35,0.67
24/02/2026 02:37,0.62
24/02/2026 02:37,0.62
24/02/2026 02:37,0.62
24/02/2026 02:54,0.52
24/02/2026 02:54,0.52
24/02/2026 02:56,0.57
24/02/2026 02:56,0.57
24/02/2026 02:56,0.57
24/02/2026 03:08,0.52
24/02/2026 03:08,0.52
24/02/2026 03:11,0.57
24/02/2026 03:11,0.57
24/02/2026 03:11,0.57
24/02/2026 03:12,0.52
24/02/2026 03:12,0.52
24/02/2026 03:23,0.47
24/02/2026 03:23,0.47
24/02/2026 03:23,0.47
24/02/2026 03:23,0.47
24/02/2026 03:30,0.47
24/02/2026 03:35,0.42
24/02/2026 03:35,0.42
24/02/2026 03:57,0.37
24/02/2026 03:57,0.37
24/02/2026 04:28,0.22
24/02/2026 04:28,0.22
24/02/2026 04:28,0.22
24/02/2026 04:30,0.22
24/02/2026 04:30,0.22
24/02/2026 04:48,0.17
24/02/2026 04:48,0.17
24/02/2026 05:01,0.12
24/02/2026 05:30,0.07
24/02/2026 05:30,0.07
24/02/2026 05:30,0.07
24/02/2026 05:37,0.02
24/02/2026 05:37,0.02
24/02/2026 05:37,0.02
24/02/2026 06:30,-0.03
24/02/2026 06:30,-0.03
24/02/2026 06:30,-0.03
24/02/2026 06:35,-0.08
24/02/2026 06:35,-0.08
24/02/2026 06:35,-0.08
24/02/2026 06:35,-0.08
24/02/2026 07:13,-0.13
24/02/2026 07:13,-0.13
24/02/2026 07:30,-0.13
24/02/2026 07:59,-0.03
24/02/2026 07:59,-0.03
24/02/2026 07:59,-0.03
24/02/2026 07:59,-0.03
24/02/2026 08:00,-0.13
24/02/2026 08:00,-0.13
24/02/2026 08:03,-0.08
24/02/2026 08:03,-0.08
24/02/2026 08:13,-0.13
24/02/2026 08:13,-0.13
24/02/2026 08:13,-0.13
24/02/2026 08:18,-0.08
24/02/2026 08:18,-0.08
24/02/2026 08:18,-0.08
24/02/2026 08:25,-0.03
24/02/2026 08:25,-0.03
24/02/2026 08:25,-0.03
24/02/2026 08:26,-0.13
24/02/2026 08:28,-0.08
24/02/2026 08:28,-0.08
24/02/2026 08:28,-0.08
24/02/2026 08:30,-0.08
24/02/2026 08:30,-0.08
24/02/2026 08:32,-0.03
24/02/2026 08:32,-0.03
24/02/2026 08:32,-0.03
24/02/2026 08:32,-0.03
24/02/2026 08:32,-0.03
24/02/2026 08:37,-0.08
24/02/2026 08:37,-0.08
24/02/2026 08:37,-0.08
24/02/2026 08:39,0.02
24/02/2026 08:39,0.02
24/02/2026 08:39,0.02
24/02/2026 08:39,0.02
24/02/2026 08:40,-0.08
24/02/2026 08:56,-0.03
24/02/2026 08:56,-0.03
24/02/2026 09:08,-0.08
24/02/2026 09:08,-0.08
24/02/2026 09:08,-0.08
24/02/2026 09:08,-0.08
24/02/2026 09:09,0.02
24/02/2026 09:09,0.02
24/02/2026 09:24,0.02
24/02/2026 09:24,0.02
24/02/2026 09:24,0.02
24/02/2026 09:26,-0.03
24/02/2026 09:26,-0.03
24/02/2026 09:30,-0.03
24/02/2026 09:33,0.02
24/02/2026 09:49,0.07
24/02/2026 09:49,0.07
24/02/2026 09:49,0.07
24/02/2026 09:49,0.07
24/02/2026 10:02,0.12
24/02/2026 10:02,0.12
24/02/2026 10:02,0.12
24/02/2026 10:02,0.12
24/02/2026 10:08,0.07
24/02/2026 10:08,0.07
24/02/2026 10:12,0.17
24/02/2026 10:13,0.12
24/02/2026 10:30,0.12
24/02/2026 10:30,0.12
24/02/2026 10:31,0.17
24/02/2026 10:31,0.17
24/02/2026 10:31,0.17
24/02/2026 10:36,0.27
24/02/2026 10:36,0.27
24/02/2026 10:36,0.27
24/02/2026 10:37,0.17
24/02/2026 10:37,0.17
24/02/2026 10:37,0.17
24/02/2026 10:49,0.22
24/02/2026 10:49,0.22
24/02/2026 10:58,0.27
24/02/2026 10:58,0.27
24/02/2026 11:08,0.22
24/02/2026 11:08,0.22
24/02/2026 11:08,0.22
24/02/2026 11:10,0.32
24/02/2026 11:11,0.27
24/02/2026 11:11,0.27
24/02/2026 11:18,0.32
24/02/2026 11:18,0.32
24/02/2026 11:18,0.32
24/02/2026 11:30,0.27
24/02/2026 11:31,0.32
24/02/2026 11:31,0.32
24/02/2026 11:54,0.22
24/02/2026 11:54,0.22
24/02/2026 11:55,0.32
24/02/2026 11:55,0.32
24/02/2026 11:56,0.27
24/02/2026 11:56,0.27
24/02/2026 11:56,0.27
24/02/2026 11:56,0.27
24/02/2026 11:57,0.37
24/02/2026 11:57,0.37
24/02/2026 11:57,0.37
24/02/2026 12:06,0.27
24/02/2026 12:07,0.37
24/02/2026 12:30,0.37
24/02/2026 12:31,0.32
24/02/2026 12:35,0.42
24/02/2026 12:36,0.37
24/02/2026 12:43,0.32
24/02/2026 12:43,0.32
24/02/2026 12:43,0.32
24/02/2026 13:08,0.42
24/02/2026 13:08,0.42
24/02/2026 13:08,0.42
24/02/2026 13:09,0.37
24/02/2026 13:09,0.37
24/02/2026 13:16,0.42
24/02/2026 13:16,0.42
24/02/2026 13:20,0.32
24/02/2026 13:20,0.32
24/02/2026 13:24,0.37
24/02/2026 13:24,0.37
24/02/2026 13:24,0.37
24/02/2026 13:24,0.37
24/02/2026 13:29,0.32
24/02/2026 13:30,0.32
24/02/2026 13:30,0.32
24/02/2026 13:32,0.37
24/02/2026 13:32,0.37
24/02/2026 13:36,0.47
24/02/2026 13:36,0.47
24/02/2026 13:36,0.47
24/02/2026 13:36,0.47
24/02/2026 13:49,0.32
24/02/2026 13:49,0.32
24/02/2026 13:56,0.37
24/02/2026 14:00,0.32
24/02/2026 14:00,0.32
24/02/2026 14:24,0.22
24/02/2026 14:24,0.22
24/02/2026 14:25,0.32
24/02/2026 14:25,0.32
24/02/2026 14:26,0.27
24/02/2026 14:26,0.27
24/02/2026 14:27,0.32
24/02/2026 14:27,0.32
24/02/2026 14:30,0.32
24/02/2026 14:30,0.32
24/02/2026 14:31,0.27
24/02/2026 14:31,0.27
24/02/2026 14:54,0.22
24/02/2026 14:54,0.22
24/02/2026 14:54,0.22
24/02/2026 15:01,0.27
24/02/2026 15:01,0.27
24/02/2026 15:02,0.17
24/02/2026 15:02,0.17
24/02/2026 15:02,0.17
24/02/2026 15:09,0.27
24/02/2026 15:09,0.27
24/02/2026 15:09,0.27
24/02/2026 15:11,0.22
24/02/2026 15:11,0.22
24/02/2026 15:11,0.22
24/02/2026 15:11,0.22
24/02/2026 15:18,0.17
24/02/2026 15:18,0.17
24/02/2026 15:18,0.17
24/02/2026 15:30,0.12
24/02/2026 15:57,0.07
24/02/2026 15:57,0.07
24/02/2026 16:11,0.02
24/02/2026 16:11,0.02
24/02/2026 16:30,-0.03
24/02/2026 16:54,-0.08
24/02/2026 16:54,-0.08
24/02/2026 17:26,-0.18
24/02/2026 17:26,-0.18
24/02/2026 17:30,-0.18
24/02/2026 17:30,-0.18
24/02/2026 17:55,-0.23
24/02/2026 17:55,-0.23
24/02/2026 18:20,-0.28
24/02/2026 18:20,-0.28
24/02/2026 18:30,-0.28
24/02/2026 19:30,-0.28
24/02/2026 19:58,-0.23
24/02/2026 19:58,-0.23
24/02/2026 19:58,-0.23
24/02/2026 19:58,-0.23
24/02/2026 20:11,-0.23
24/02/2026 20:11,-0.23
24/02/2026 20:11,-0.23
24/02/2026 20:30,-0.18
24/02/2026 20:30,-0.18
24/02/2026 20:31,-0.23
24/02/2026 20:31,-0.23
24/02/2026 20:31,-0.23
24/02/2026 21:18,-0.08
24/02/2026 21:18,-0.08
24/02/2026 21:18,-0.08
24/02/2026 21:18,-0.08
24/02/2026 21:27,0.02
24/02/2026 21:27,0.02
24/02/2026 21:28,-0.03
24/02/2026 21:28,-0.03
24/02/2026 21:30,-0.03
24/02/2026 21:30,-0.03
24/02/2026 21:42,0.02
24/02/2026 21:42,0.02
24/02/2026 21:43,-0.03
24/02/2026 21:47,0.02
24/02/2026 21:47,0.02
24/02/2026 21:47,0.02
24/02/2026 22:00,0.07
24/02/2026 22:17,0.12
24/02/2026 22:17,0.12
24/02/2026 22:17,0.12
24/02/2026 22:24,0.17
24/02/2026 22:30,0.17
24/02/2026 22:30,0.17
24/02/2026 22:30,0.17
24/02/2026 22:33,0.22
24/02/2026 22:33,0.22
24/02/2026 22:33,0.22
24/02/2026 22:33,0.22
24/02/2026 22:39,0.17
24/02/2026 22:39,0.17
24/02/2026 22:39,0.17
24/02/2026 22:42,0.22
24/02/2026 22:42,0.22
24/02/2026 22:42,0.22
24/02/2026 22:50,0.32
24/02/2026 22:52,0.27
24/02/2026 22:52,0.27
24/02/2026 23:00,0.37
24/02/2026 23:00,0.37
24/02/2026 23:02,0.32
24/02/2026 23:02,0.32
24/02/2026 23:02,0.32
24/02/2026 23:07,0.37
24/02/2026 23:07,0.37
24/02/2026 23:10,0.32
24/02/2026 23:10,0.32
24/02/2026 23:24,0.42
24/02/2026 23:24,0.42
24/02/2026 23:24,0.42
24/02/2026 23:25,0.37
24/02/2026 23:25,0.37
24/02/2026 23:28,0.37
24/02/2026 23:28,0.37
24/02/2026 23:29,0.42
24/02/2026 23:29,0.42
24/02/2026 23:31,0.47
24/02/2026 23:31,0.47
24/02/2026 23:43,0.52
24/02/2026 23:43,0.52
24/02/2026 23:44,0.47
24/02/2026 23:46,0.42
24/02/2026 23:46,0.42
24/02/2026 23:48,0.47
24/02/2026 23:54,0.52
24/02/2026 23:54,0.52
24/02/2026 23:54,0.52
24/02/2026 23:55,0.47
24/02/2026 23:56,0.52
24/02/2026 23:56,0.52
24/02/2026 23:56,0.52
24/02/2026 23:56,0.52
25/02/2026 00:03,0.57
25/02/2026 00:03,0.57
25/02/2026 00:05,0.52
25/02/2026 00:05,0.52
25/02/2026 00:09,0.57
25/02/2026 00:09,0.57
25/02/2026 00:09,0.57
25/02/2026 00:14,0.62
25/02/2026 00:14,0.62
25/02/2026 00:26,0.67
25/02/2026 00:26,0.67
25/02/2026 00:27,0.62
25/02/2026 00:27,0.62
25/02/2026 00:30,0.57
25/02/2026 00:30,0.57
25/02/2026 00:31,0.72
25/02/2026 00:31,0.72
25/02/2026 00:33,0.62
25/02/2026 00:33,0.62
25/02/2026 00:35,0.72
25/02/2026 00:44,0.67
25/02/2026 00:44,0.67
25/02/2026 00:44,0.67
25/02/2026 00:55,0.62
25/02/2026 00:55,0.62
25/02/2026 00:56,0.72
25/02/2026 00:59,0.62
25/02/2026 00:59,0.62
25/02/2026 01:00,0.72
25/02/2026 01:00,0.72
25/02/2026 01:01,0.67
25/02/2026 01:01,0.67
25/02/2026 01:04,0.72
25/02/2026 01:04,0.72
25/02/2026 01:18,0.77
25/02/2026 01:18,0.77
25/02/2026 01:20,0.77
25/02/2026 01:20,0.77
25/02/2026 01:24,0.72
25/02/2026 01:25,0.77
25/02/2026 01:25,0.77
25/02/2026 01:25,0.77
25/02/2026 01:29,0.67
25/02/2026 01:29,0.67
25/02/2026 01:30,0.67
25/02/2026 01:30,0.77
25/02/2026 01:30,0.77
25/02/2026 01:30,0.77
25/02/2026 01:34,0.82
25/02/2026 01:34,0.82
25/02/2026 01:37,0.67
25/02/2026 01:37,0.67
25/02/2026 01:38,0.77
25/02/2026 01:38,0.77
25/02/2026 01:48,0.82
25/02/2026 01:48,0.82
25/02/2026 01:50,0.77
25/02/2026 01:50,0.77
25/02/2026 02:01,0.82
25/02/2026 02:01,0.82
25/02/2026 02:04,0.72
25/02/2026 02:04,0.72
25/02/2026 02:05,0.77
25/02/2026 02:11,0.82
25/02/2026 02:11,0.82
25/02/2026 02:13,0.77
25/02/2026 02:13,0.77
25/02/2026 02:20,0.87
25/02/2026 02:21,0.77
25/02/2026 02:21,0.77
25/02/2026 02:27,0.82
25/02/2026 02:27,0.82
25/02/2026 02:28,0.72
25/02/2026 02:28,0.72
25/02/2026 02:29,0.82
25/02/2026 02:29,0.82
25/02/2026 02:29,0.82
25/02/2026 02:30,0.82
25/02/2026 02:35,0.77
25/02/2026 02:40,0.87
25/02/2026 02:40,0.87
25/02/2026 02:40,0.87
25/02/2026 02:41,0.72
25/02/2026 02:41,0.72
25/02/2026 02:42,0.77
25/02/2026 02:46,0.67
25/02/2026 02:46,0.67
25/02/2026 02:49,0.82
25/02/2026 02:52,0.72
25/02/2026 02:52,0.72
25/02/2026 02:53,0.82
25/02/2026 02:53,0.82
25/02/2026 02:55,0.77
25/02/2026 02:55,0.77
25/02/2026 02:58,0.72
25/02/2026 02:58,0.72
25/02/2026 02:59,0.77
25/02/2026 02:59,0.77
25/02/2026 03:01,0.72
25/02/2026 03:02,0.77
25/02/2026 03:05,0.72
25/02/2026 03:05,0.72
25/02/2026 03:06,0.77
25/02/2026 03:08,0.72
25/02/2026 03:08,0.72
25/02/2026 03:08,0.72
25/02/2026 03:10,0.67
25/02/2026 03:10,0.67
25/02/2026 03:10,0.67
25/02/2026 03:13,0.67
25/02/2026 03:13,0.67
25/02/2026 03:14,0.72
25/02/2026 03:14,0.72
25/02/2026 03:16,0.72
25/02/2026 03:20,0.77
25/02/2026 03:20,0.77
25/02/2026 03:20,0.77
25/02/2026 03:21,0.72
25/02/2026 03:21,0.72
25/02/2026 03:21,0.72
25/02/2026 03:22,0.77
25/02/2026 03:22,0.77
25/02/2026 03:22,0.77
25/02/2026 03:25,0.72
25/02/2026 03:25,0.72
25/02/2026 03:26,0.67
25/02/2026 03:26,0.67
25/02/2026 03:30,0.62
25/02/2026 03:30,0.62
25/02/2026 03:30,0.72
25/02/2026 03:32,0.62
25/02/2026 03:32,0.62
25/02/2026 03:32,0.62
25/02/2026 03:33,0.67
25/02/2026 03:33,0.67
25/02/2026 03:39,0.72
25/02/2026 03:39,0.72
25/02/2026 03:40,0.62
25/02/2026 03:41,0.67
25/02/2026 03:42,0.57
25/02/2026 03:42,0.57
25/02/2026 03:43,0.67
25/02/2026 03:54,0.62
25/02/2026 03:55,0.57
25/02/2026 03:55,0.57
25/02/2026 03:56,0.72
25/02/2026 03:56,0.72
25/02/2026 03:56,0.72
25/02/2026 03:57,0.67
25/02/2026 03:58,0.62
25/02/2026 04:00,0.57
25/02/2026 04:00,0.57
25/02/2026 04:14,0.52
25/02/2026 04:20,0.52
25/02/2026 04:20,0.52
25/02/2026 04:20,0.52
25/02/2026 04:30,0.47
25/02/2026 04:30,0.47
25/02/2026 04:30,0.47
25/02/2026 04:32,0.52
25/02/2026 04:32,0.52
25/02/2026 04:35,0.62
25/02/2026 04:35,0.62
25/02/2026 04:35,0.62
25/02/2026 04:35,0.62
25/02/2026 04:36,0.57
25/02/2026 04:36,0.57
25/02/2026 04:36,0.57
25/02/2026 04:39,0.47
25/02/2026 04:57,0.42
25/02/2026 04:57,0.42
25/02/2026 04:57,0.42
25/02/2026 05:03,0.42
25/02/2026 05:03,0.42
25/02/2026 05:03,0.42
25/02/2026 05:12,0.37
25/02/2026 05:12,0.37
25/02/2026 05:18,0.32
25/02/2026 05:18,0.32
25/02/2026 05:18,0.32
25/02/2026 05:20,0.37
25/02/2026 05:26,0.32
25/02/2026 05:26,0.32
25/02/2026 05:26,0.32
25/02/2026 05:30,0.32
25/02/2026 05:32,0.42
25/02/2026 05:32,0.42
25/02/2026 05:32,0.42
25/02/2026 05:33,0.32
25/02/2026 05:33,0.32
25/02/2026 05:33,0.32
25/02/2026 05:55,0.32
25/02/2026 05:55,0.32
25/02/2026 05:55,0.32
25/02/2026 05:56,0.27
25/02/2026 05:56,0.27
25/02/2026 05:56,0.27
25/02/2026 05:59,0.22
25/02/2026 05:59,0.22
25/02/2026 05:59,0.22
25/02/2026 06:05,0.32
25/02/2026 06:05,0.32
25/02/2026 06:05,0.32
25/02/2026 06:06,0.22
25/02/2026 06:06,0.22
25/02/2026 06:22,0.17
25/02/2026 06:22,0.17
25/02/2026 06:22,0.17
25/02/2026 06:30,0.22
25/02/2026 06:30,0.22
25/02/2026 06:30,0.22
25/02/2026 06:36,0.22
25/02/2026 06:36,0.22
25/02/2026 06:37,0.12
25/02/2026 06:37,0.12
25/02/2026 06:37,0.12
25/02/2026 06:37,0.12
25/02/2026 06:59,0.07
25/02/2026 06:59,0.07
25/02/2026 07:16,0.07
25/02/2026 07:16,0.07
25/02/2026 07:17,0.02
25/02/2026 07:17,0.02
25/02/2026 07:17,0.02
25/02/2026 07:17,0.02
25/02/2026 07:30,0.02
25/02/2026 07:51,0.02
25/02/2026 07:51,0.02
25/02/2026 07:55,-0.03
25/02/2026 07:55,-0.03
25/02/2026 07:55,-0.03
25/02/2026 08:30,-0.03
25/02/2026 08:30,-0.03
25/02/2026 08:42,-0.08
25/02/2026 08:42,-0.08
25/02/2026 08:42,-0.08
25/02/2026 08:43,0.02
25/02/2026 08:43,0.02
25/02/2026 08:43,0.02
25/02/2026 08:43,0.02
25/02/2026 08:47,-0.13
25/02/2026 08:47,-0.13
25/02/2026 08:47,-0.13
25/02/2026 08:50,0.02
25/02/2026 08:50,0.02
25/02/2026 08:50,0.02
25/02/2026 08:51,-0.08
25/02/2026 09:00,-0.03
25/02/2026 09:04,-0.08
25/02/2026 09:04,-0.08
25/02/2026 09:07,0.02
25/02/2026 09:07,0.02
25/02/2026 09:08,-0.13
25/02/2026 09:08,-0.13
25/02/2026 09:08,-0.13
25/02/2026 09:10,-0.03
25/02/2026 09:12,-0.08
25/02/2026 09:12,-0.08
25/02/2026 09:21,-0.03
25/02/2026 09:21,-0.03
25/02/2026 09:23,-0.08
25/02/2026 09:23,-0.08
25/02/2026 09:25,-0.03
25/02/2026 09:25,-0.03
25/02/2026 09:25,-0.03
25/02/2026 09:30,-0.03
25/02/2026 09:30,-0.03
25/02/2026 09:30,-0.03
25/02/2026 09:30,-0.13
25/02/2026 09:30,-0.13
25/02/2026 09:31,-0.03
25/02/2026 09:31,-0.03
25/02/2026 09:32,-0.08
25/02/2026 09:32,-0.08
25/02/2026 09:32,-0.08
25/02/2026 09:39,-0.03
25/02/2026 09:39,-0.03
25/02/2026 09:42,-0.13
25/02/2026 09:42,-0.13
25/02/2026 09:42,-0.13
25/02/2026 09:43,-0.03
25/02/2026 09:43,-0.03
25/02/2026 09:43,-0.03
25/02/2026 09:58,-0.08
25/02/2026 09:58,-0.08
25/02/2026 09:59,-0.03
25/02/2026 09:59,-0.03
25/02/2026 10:13,0.02
25/02/2026 10:13,0.02
25/02/2026 10:13,0.02
25/02/2026 10:14,-0.03
25/02/2026 10:14,-0.03
25/02/2026 10:21,0.07
25/02/2026 10:21,0.07
25/02/2026 10:21,0.07
25/02/2026 10:22,0.02
25/02/2026 10:22,0.02
25/02/2026 10:22,0.02
25/02/2026 10:24,-0.08
25/02/2026 10:24,-0.08
25/02/2026 10:25,0.02
25/02/2026 10:25,0.02
25/02/2026 10:27,-0.03
25/02/2026 10:27,-0.03
25/02/2026 10:28,0.02
25/02/2026 10:28,0.02
25/02/2026 10:28,0.02
25/02/2026 10:29,0.07
25/02/2026 10:30,0.07
25/02/2026 10:30,-0.03
25/02/2026 10:34,0.02
25/02/2026 10:34,0.02
25/02/2026 10:34,0.02
25/02/2026 10:45,-0.08
25/02/2026 10:45,-0.08
25/02/2026 10:46,0.02
25/02/2026 10:46,0.62
25/02/2026 10:46,0.02
25/02/2026 10:46,0.02
25/02/2026 10:49,0.07
25/02/2026 10:49,0.07
25/02/2026 10:49,0.07
25/02/2026 10:50,0.02
25/02/2026 10:50,0.02
25/02/2026 10:50,0.02
25/02/2026 10:52,0.07
25/02/2026 10:52,0.07
25/02/2026 10:52,0.07
25/02/2026 10:57,-0.03
25/02/2026 10:57,-0.03
25/02/2026 10:59,0.02
25/02/2026 10:59,0.02
25/02/2026 11:01,0.07
25/02/2026 11:01,0.07
25/02/2026 11:05,0.02
25/02/2026 11:05,0.02
25/02/2026 11:09,0.07
25/02/2026 11:09,0.07
25/02/2026 11:09,0.07
25/02/2026 11:11,0.12
25/02/2026 11:11,0.12
25/02/2026 11:11,0.12
25/02/2026 11:18,0.07
25/02/2026 11:18,0.07
25/02/2026 11:18,0.07
25/02/2026 11:20,-0.03
25/02/2026 11:20,-0.03
25/02/2026 11:20,-0.03
25/02/2026 11:20,-0.03
25/02/2026 11:21,0.07
25/02/2026 11:21,0.07
25/02/2026 11:21,0.07
25/02/2026 11:21,0.07
25/02/2026 11:24,0.02
25/02/2026 11:24,0.02
25/02/2026 11:25,0.12
25/02/2026 11:25,0.12
25/02/2026 11:25,0.12
25/02/2026 11:27,0.02
25/02/2026 11:27,0.02
25/02/2026 11:28,0.12
25/02/2026 11:28,0.12
25/02/2026 11:29,0.07
25/02/2026 11:29,0.07
25/02/2026 11:30,0.07
25/02/2026 11:35,0.17
25/02/2026 11:35,0.17
25/02/2026 11:35,0.17
25/02/2026 11:37,0.07
25/02/2026 11:37,0.07
25/02/2026 11:39,0.12
25/02/2026 11:39,0.12
25/02/2026 11:49,0.07
25/02/2026 11:49,0.07
25/02/2026 11:49,0.07
25/02/2026 11:53,0.17
25/02/2026 11:53,0.17
25/02/2026 11:53,0.17
25/02/2026 11:53,0.17
25/02/2026 11:56,0.17
25/02/2026 11:56,0.17
25/02/2026 11:56,0.17
25/02/2026 11:57,0.12
25/02/2026 11:57,0.12
25/02/2026 11:58,0.17
25/02/2026 11:58,0.17
25/02/2026 12:11,0.12
25/02/2026 12:11,0.12
25/02/2026 12:11,0.12
25/02/2026 12:11,0.12
25/02/2026 12:12,0.22
25/02/2026 12:12,0.22
25/02/2026 12:13,0.17
25/02/2026 12:13,0.17
25/02/2026 12:13,0.17
25/02/2026 12:20,0.17
25/02/2026 12:20,0.17
25/02/2026 12:20,0.17
25/02/2026 12:21,0.22
25/02/2026 12:21,0.22
25/02/2026 12:22,0.17
25/02/2026 12:22,0.17
25/02/2026 12:22,0.17
25/02/2026 12:26,0.22
25/02/2026 12:26,0.22
25/02/2026 12:26,0.22
25/02/2026 12:30,0.22
25/02/2026 12:30,0.22
25/02/2026 12:30,0.12
25/02/2026 12:30,0.12
25/02/2026 12:30,0.12
25/02/2026 12:31,0.27
25/02/2026 12:31,0.27
25/02/2026 12:31,0.27
25/02/2026 12:32,0.17
25/02/2026 12:32,0.17
25/02/2026 12:34,0.22
25/02/2026 12:34,0.22
25/02/2026 12:37,0.17
25/02/2026 12:37,0.17
25/02/2026 12:39,0.17
25/02/2026 12:40,0.22
25/02/2026 12:40,0.22
25/02/2026 12:40,0.22
25/02/2026 12:42,0.27
25/02/2026 12:42,0.27
25/02/2026 12:43,0.22
25/02/2026 12:43,0.22
25/02/2026 12:43,0.22
25/02/2026 12:45,0.27
25/02/2026 12:45,0.27
25/02/2026 12:47,0.17
25/02/2026 12:47,0.17
25/02/2026 12:47,0.17
25/02/2026 12:49,0.27
25/02/2026 12:49,0.27
25/02/2026 12:51,0.17
25/02/2026 12:51,0.17
25/02/2026 12:51,0.17
25/02/2026 12:54,0.27
25/02/2026 12:55,0.22
25/02/2026 12:58,0.27
25/02/2026 12:58,0.27
25/02/2026 13:01,0.17
25/02/2026 13:01,0.17
25/02/2026 13:01,0.17
25/02/2026 13:02,0.27
25/02/2026 13:02,0.27
25/02/2026 13:02,0.27
25/02/2026 13:03,0.22
25/02/2026 13:03,0.22
25/02/2026 13:03,0.22
25/02/2026 13:07,0.22
25/02/2026 13:13,0.22
25/02/2026 13:13,0.22
25/02/2026 13:13,0.22
25/02/2026 13:16,0.27
25/02/2026 13:16,0.27
25/02/2026 13:28,0.32
25/02/2026 13:29,0.27
25/02/2026 13:30,0.27
25/02/2026 13:42,0.27
25/02/2026 13:42,0.27
25/02/2026 13:46,0.37
25/02/2026 13:46,0.37
25/02/2026 13:46,0.37
25/02/2026 13:47,0.27
25/02/2026 13:49,0.32
25/02/2026 13:49,0.32
25/02/2026 13:51,0.42
25/02/2026 13:51,0.42
25/02/2026 13:51,0.42
25/02/2026 13:52,0.27
25/02/2026 13:52,0.27
25/02/2026 13:52,0.27
25/02/2026 13:53,0.37
25/02/2026 13:53,0.37
25/02/2026 13:54,0.27
25/02/2026 13:54,0.27
25/02/2026 13:55,0.32
25/02/2026 13:55,0.32
25/02/2026 14:00,0.42
25/02/2026 14:00,0.42
25/02/2026 14:00,0.42
25/02/2026 14:00,0.42
25/02/2026 14:01,0.32
25/02/2026 14:05,0.27
25/02/2026 14:05,0.27
25/02/2026 14:05,0.27
25/02/2026 14:05,0.27
25/02/2026 14:05,0.27
25/02/2026 14:07,0.37
25/02/2026 14:07,0.37
25/02/2026 14:10,0.27
25/02/2026 14:10,0.27
25/02/2026 14:11,0.37
25/02/2026 14:11,0.37
25/02/2026 14:12,0.42
25/02/2026 14:12,0.42
25/02/2026 14:16,0.27
25/02/2026 14:17,0.37
25/02/2026 14:18,0.32
25/02/2026 14:18,0.32
25/02/2026 14:23,0.42
25/02/2026 14:23,0.42
25/02/2026 14:23,0.42
25/02/2026 14:24,0.32
25/02/2026 14:24,0.32
25/02/2026 14:24,0.32
25/02/2026 14:27,0.37
25/02/2026 14:27,0.37
25/02/2026 14:27,0.37
25/02/2026 14:28,0.32
25/02/2026 14:28,0.32
25/02/2026 14:28,0.32
25/02/2026 14:28,0.32
25/02/2026 14:30,0.37
25/02/2026 14:30,0.37
25/02/2026 14:30,0.37
25/02/2026 14:30,0.27
25/02/2026 14:31,0.32
25/02/2026 14:33,0.37
25/02/2026 14:33,0.37
25/02/2026 14:33,0.37
25/02/2026 14:35,0.32
25/02/2026 14:35,0.32
25/02/2026 14:36,0.42
25/02/2026 14:36,0.42
25/02/2026 14:37,0.27
25/02/2026 14:39,0.37
25/02/2026 14:39,0.37
25/02/2026 14:41,0.42
25/02/2026 14:41,0.42
25/02/2026 14:41,0.42
25/02/2026 14:41,0.42
25/02/2026 14:42,0.27
25/02/2026 14:42,0.27
25/02/2026 14:54,0.22
25/02/2026 14:54,0.22
25/02/2026 14:54,0.22
25/02/2026 14:56,0.37
25/02/2026 14:56,0.37
25/02/2026 14:56,0.37
25/02/2026 14:56,0.37
25/02/2026 15:01,0.32
25/02/2026 15:01,0.32
25/02/2026 15:02,0.42
25/02/2026 15:02,0.42
25/02/2026 15:02,0.42
25/02/2026 15:03,0.27
25/02/2026 15:03,0.27
25/02/2026 15:03,0.27
25/02/2026 15:03,0.27
25/02/2026 15:04,0.37
25/02/2026 15:04,0.37
25/02/2026 15:04,0.37
25/02/2026 15:05,0.32
25/02/2026 15:05,0.32
25/02/2026 15:07,0.27
25/02/2026 15:07,0.27
25/02/2026 15:11,0.32
25/02/2026 15:16,0.27
25/02/2026 15:16,0.27
25/02/2026 15:23,0.37
25/02/2026 15:23,0.37
25/02/2026 15:23,0.37
25/02/2026 15:23,0.37
25/02/2026 15:26,0.27
25/02/2026 15:26,0.27
25/02/2026 15:26,0.27
25/02/2026 15:26,0.27
25/02/2026 15:30,0.27
25/02/2026 15:30,0.32
25/02/2026 15:30,0.32
25/02/2026 15:30,0.32
25/02/2026 15:30,0.32
25/02/2026 15:32,0.27
25/02/2026 15:32,0.27
25/02/2026 15:34,0.32
25/02/2026 15:34,0.32
25/02/2026 15:34,0.32
25/02/2026 15:37,0.22
25/02/2026 15:37,0.22
25/02/2026 15:41,0.22
25/02/2026 15:42,0.27
25/02/2026 15:48,0.37
25/02/2026 15:48,0.37
25/02/2026 15:49,0.27
25/02/2026 15:49,0.27
25/02/2026 15:53,0.22
25/02/2026 15:54,0.27
25/02/2026 15:54,0.27
25/02/2026 15:57,0.32
25/02/2026 15:59,0.27
25/02/2026 15:59,0.27
25/02/2026 15:59,0.27
25/02/2026 16:10,0.17
25/02/2026 16:10,0.17
25/02/2026 16:10,0.17
25/02/2026 16:11,0.22
25/02/2026 16:11,0.22
25/02/2026 16:16,0.27
25/02/2026 16:16,0.27
25/02/2026 16:16,0.27
25/02/2026 16:20,0.17
25/02/2026 16:20,0.17
25/02/2026 16:21,0.22
25/02/2026 16:21,0.22
25/02/2026 16:30,0.22
25/02/2026 16:30,0.22
25/02/2026 16:44,0.12
25/02/2026 16:44,0.12
25/02/2026 16:46,0.22
25/02/2026 16:46,0.22
25/02/2026 16:46,0.22
25/02/2026 16:50,0.12
25/02/2026 16:50,0.12
25/02/2026 16:51,0.17
25/02/2026 16:51,0.17
25/02/2026 16:55,0.12
25/02/2026 16:55,0.12
25/02/2026 17:02,0.22
25/02/2026 17:02,0.22
25/02/2026 17:03,0.12
25/02/2026 17:09,0.17
25/02/2026 17:09,0.17
25/02/2026 17:09,0.17
25/02/2026 17:09,0.17
25/02/2026 17:10,0.07
25/02/2026 17:10,0.07
25/02/2026 17:10,0.07
25/02/2026 17:11,0.12
25/02/2026 17:11,0.12
25/02/2026 17:13,0.02
25/02/2026 17:13,0.02
25/02/2026 17:14,0.07
25/02/2026 17:14,0.07
25/02/2026 17:18,0.07
25/02/2026 17:18,0.07
25/02/2026 17:18,0.07
25/02/2026 17:24,0.12
25/02/2026 17:24,0.12
25/02/2026 17:24,0.12
25/02/2026 17:29,0.07
25/02/2026 17:29,0.07
25/02/2026 17:29,0.07
25/02/2026 17:30,0.07
25/02/2026 17:53,0.12
25/02/2026 17:53,0.12
25/02/2026 17:53,0.12
25/02/2026 17:54,0.02
25/02/2026 17:54,0.02
25/02/2026 17:54,0.02
25/02/2026 18:00,0.07
25/02/2026 18:00,0.07
25/02/2026 18:00,0.07
25/02/2026 18:00,0.07
25/02/2026 18:02,0.02
25/02/2026 18:02,0.02
25/02/2026 18:02,0.02
25/02/2026 18:02,0.02
25/02/2026 18:02,0.02
25/02/2026 18:07,-0.03
25/02/2026 18:07,-0.03
25/02/2026 18:09,0.07
25/02/2026 18:09,0.07
25/02/2026 18:11,0.02
25/02/2026 18:11,0.02
25/02/2026 18:11,0.02
25/02/2026 18:11,0.02
25/02/2026 18:17,0.07
25/02/2026 18:17,0.07
25/02/2026 18:17,0.07
25/02/2026 18:18,-0.03
25/02/2026 18:18,-0.03
25/02/2026 18:18,-0.03
25/02/2026 18:18,-0.03
25/02/2026 18:18,-0.03
25/02/2026 18:24,0.02
25/02/2026 18:24,0.02
25/02/2026 18:24,0.02
25/02/2026 18:26,-0.03
25/02/2026 18:26,-0.03
25/02/2026 18:26,-0.03
25/02/2026 18:26,-0.03
25/02/2026 18:26,-0.03
25/02/2026 18:30,-0.03
25/02/2026 18:30,-0.03
25/02/2026 18:33,-0.08
25/02/2026 18:33,-0.08
25/02/2026 18:33,-0.08
25/02/2026 18:34,-0.03
25/02/2026 18:34,-0.03
25/02/2026 18:34,-0.03
25/02/2026 18:41,-0.08
25/02/2026 18:41,-0.08
25/02/2026 18:41,-0.08
25/02/2026 18:41,-0.08
25/02/2026 18:44,-0.03
25/02/2026 18:44,-0.03
25/02/2026 18:44,-0.03
25/02/2026 18:48,-0.08
25/02/2026 18:48,-0.08
25/02/2026 18:57,-0.13
25/02/2026 18:57,-0.13
25/02/2026 19:30,-0.13
25/02/2026 19:43,-0.13
25/02/2026 19:43,-0.13
25/02/2026 19:52,-0.18
25/02/2026 19:52,-0.18
25/02/2026 19:52,-0.18
25/02/2026 19:52,-0.18
25/02/2026 20:24,-0.13
25/02/2026 20:24,-0.13
25/02/2026 20:24,-0.13
25/02/2026 20:25,-0.18
25/02/2026 20:25,-0.18
25/02/2026 20:25,-0.18
25/02/2026 20:30,-0.23
25/02/2026 20:30,-0.23
25/02/2026 20:30,-0.18
25/02/2026 20:30,-0.18
25/02/2026 20:30,-0.18
25/02/2026 20:55,-0.13
25/02/2026 20:55,-0.13
25/02/2026 20:55,-0.13
25/02/2026 20:56,-0.18
25/02/2026 20:56,-0.18
25/02/2026 20:56,-0.18
25/02/2026 20:58,-0.13
25/02/2026 20:58,-0.13
25/02/2026 20:58,-0.13
25/02/2026 21:01,-0.18
25/02/2026 21:01,-0.18
25/02/2026 21:01,-0.18
25/02/2026 21:08,-0.13
25/02/2026 21:08,-0.13
25/02/2026 21:10,-0.18
25/02/2026 21:10,-0.18
25/02/2026 21:25,-0.13
25/02/2026 21:25,-0.13
25/02/2026 21:25,-0.13
25/02/2026 21:30,-0.13
25/02/2026 21:55,-0.08
25/02/2026 21:55,-0.08
25/02/2026 21:55,-0.08
25/02/2026 21:55,-0.08
25/02/2026 21:56,-0.13
25/02/2026 21:56,-0.13
25/02/2026 21:56,-0.13
25/02/2026 22:05,-0.03
25/02/2026 22:05,-0.03
25/02/2026 22:06,-0.13
25/02/2026 22:07,-0.08
25/02/2026 22:07,-0.08
25/02/2026 22:07,-0.08
25/02/2026 22:07,-0.08
25/02/2026 22:22,-0.03
25/02/2026 22:22,-0.03
25/02/2026 22:22,-0.03
25/02/2026 22:23,-0.08
25/02/2026 22:23,-0.08
25/02/2026 22:23,-0.08
25/02/2026 22:26,-0.03
25/02/2026 22:26,-0.03
25/02/2026 22:26,-0.03
25/02/2026 22:30,0.02
25/02/2026 22:30,-0.08
25/02/2026 22:30,-0.08
25/02/2026 22:30,-0.08
25/02/2026 22:32,0.02
25/02/2026 22:32,0.02
25/02/2026 22:32,0.02
25/02/2026 22:33,-0.03
25/02/2026 22:33,-0.03
25/02/2026 22:41,0.02
25/02/2026 22:41,0.02
25/02/2026 22:41,0.02
25/02/2026 22:42,-0.03
25/02/2026 22:42,-0.03
25/02/2026 22:42,-0.03
25/02/2026 22:43,0.02
25/02/2026 22:43,0.02
25/02/2026 22:46,-0.03
25/02/2026 22:47,0.02
25/02/2026 22:47,0.02
25/02/2026 22:47,0.02
25/02/2026 22:54,0.07
25/02/2026 22:54,0.07
25/02/2026 22:54,0.07
25/02/2026 23:03,0.12
25/02/2026 23:03,0.12
25/02/2026 23:03,0.12
25/02/2026 23:06,0.07
25/02/2026 23:06,0.07
25/02/2026 23:07,0.12
25/02/2026 23:07,0.12
25/02/2026 23:07,0.12
25/02/2026 23:09,0.02
25/02/2026 23:09,0.02
25/02/2026 23:10,0.12
25/02/2026 23:10,0.12
25/02/2026 23:12,0.17
25/02/2026 23:12,0.17
25/02/2026 23:12,0.17
25/02/2026 23:13,0.07
25/02/2026 23:14,0.17
25/02/2026 23:14,0.17
25/02/2026 23:16,0.12
25/02/2026 23:28,0.17
25/02/2026 23:28,0.17
25/02/2026 23:28,0.17
25/02/2026 23:28,0.17
25/02/2026 23:30,0.12
25/02/2026 23:30,0.12
25/02/2026 23:30,0.17
25/02/2026 23:30,0.17
25/02/2026 23:39,0.12
25/02/2026 23:39,0.12
25/02/2026 23:39,0.12
25/02/2026 23:40,0.22
25/02/2026 23:40,0.22
25/02/2026 23:40,0.22
25/02/2026 23:45,0.27
25/02/2026 23:45,0.27
25/02/2026 23:46,0.22
25/02/2026 23:46,0.22
25/02/2026 23:53,0.37
25/02/2026 23:53,0.37
25/02/2026 23:53,0.37
25/02/2026 23:54,0.27
25/02/2026 23:54,0.27
25/02/2026 23:54,0.27
26/02/2026 00:01,0.22
26/02/2026 00:01,0.22
26/02/2026 00:01,0.22
26/02/2026 00:01,0.22
26/02/2026 00:02,0.27
26/02/2026 00:02,0.27
26/02/2026 00:02,0.27
26/02/2026 00:02,0.27
26/02/2026 00:09,0.37
26/02/2026 00:09,0.37
26/02/2026 00:17,0.37
26/02/2026 00:17,0.37
26/02/2026 00:17,0.37
26/02/2026 00:17,0.37
26/02/2026 00:18,0.27
26/02/2026 00:18,0.27
26/02/2026 00:18,0.27
26/02/2026 00:20,0.32
26/02/2026 00:20,0.32
26/02/2026 00:20,0.32
26/02/2026 00:22,0.42
26/02/2026 00:26,0.37
26/02/2026 00:26,0.37
26/02/2026 00:26,0.37
26/02/2026 00:27,0.42
26/02/2026 00:27,0.42
26/02/2026 00:30,0.42
26/02/2026 00:39,0.47
26/02/2026 00:39,0.47
26/02/2026 00:44,0.37
26/02/2026 00:44,0.37
26/02/2026 00:44,0.37
26/02/2026 00:46,0.52
26/02/2026 00:46,0.52
26/02/2026 00:49,0.42
26/02/2026 00:49,0.42
26/02/2026 00:49,0.42
26/02/2026 00:50,0.47
26/02/2026 00:50,0.47
26/02/2026 00:50,0.47
26/02/2026 00:52,0.52
26/02/2026 00:55,0.57
26/02/2026 00:55,0.57
26/02/2026 00:55,0.57
26/02/2026 00:59,0.47
26/02/2026 00:59,0.47
26/02/2026 00:59,0.47
26/02/2026 00:59,0.47
26/02/2026 00:59,0.47
26/02/2026 01:01,0.57
26/02/2026 01:01,0.57
26/02/2026 01:01,0.57
26/02/2026 01:03,0.52
26/02/2026 01:03,0.52
26/02/2026 01:03,0.52
26/02/2026 01:08,0.57
26/02/2026 01:08,0.57
26/02/2026 01:08,0.57
26/02/2026 01:10,0.62
26/02/2026 01:10,0.62
26/02/2026 01:11,0.52
26/02/2026 01:11,0.52
26/02/2026 01:11,0.52
26/02/2026 01:11,0.52
26/02/2026 01:12,0.62
26/02/2026 01:12,0.62
26/02/2026 01:12,0.62
26/02/2026 01:20,0.57
26/02/2026 01:20,0.57
26/02/2026 01:20,0.57
26/02/2026 01:28,0.67
26/02/2026 01:28,0.67
26/02/2026 01:28,0.67
26/02/2026 01:30,0.62
26/02/2026 01:30,0.62
26/02/2026 01:32,0.62
26/02/2026 01:32,0.62
26/02/2026 01:32,0.62
26/02/2026 01:33,0.67
26/02/2026 01:33,0.67
26/02/2026 01:33,0.67
26/02/2026 01:38,0.57
26/02/2026 01:39,0.67
26/02/2026 01:53,0.72
26/02/2026 01:53,0.72
26/02/2026 01:56,0.62
26/02/2026 01:56,0.62
26/02/2026 01:57,0.67
26/02/2026 01:57,0.67
26/02/2026 01:58,0.72
26/02/2026 01:58,0.72
26/02/2026 01:59,0.77
26/02/2026 02:00,0.57
26/02/2026 02:00,0.57
26/02/2026 02:01,0.77
26/02/2026 02:01,0.77
26/02/2026 02:07,0.77
26/02/2026 02:07,0.77
26/02/2026 02:07,0.77
26/02/2026 02:09,0.72
26/02/2026 02:09,0.72
26/02/2026 02:09,0.72
26/02/2026 02:11,0.77
26/02/2026 02:11,0.77
26/02/2026 02:12,0.82
26/02/2026 02:12,0.82
26/02/2026 02:15,0.82
26/02/2026 02:16,0.72
26/02/2026 02:18,0.77
26/02/2026 02:19,0.72
26/02/2026 02:19,0.72
26/02/2026 02:22,0.82
26/02/2026 02:22,0.82
26/02/2026 02:24,0.77
26/02/2026 02:24,0.77
26/02/2026 02:26,0.87
26/02/2026 02:28,0.77
26/02/2026 02:28,0.77
26/02/2026 02:29,0.87
26/02/2026 02:29,0.87
26/02/2026 02:29,0.87
26/02/2026 02:29,0.87
26/02/2026 02:30,0.82
26/02/2026 02:30,0.82
26/02/2026 02:34,0.77
26/02/2026 02:34,0.77
26/02/2026 02:34,0.77
26/02/2026 02:41,0.82
26/02/2026 02:41,0.82
26/02/2026 02:41,0.82
26/02/2026 02:43,0.87
26/02/2026 02:43,0.87
26/02/2026 02:43,0.87
26/02/2026 02:45,0.82
26/02/2026 02:45,0.82
26/02/2026 02:46,0.87
26/02/2026 02:46,0.87
26/02/2026 02:46,0.87
26/02/2026 02:48,0.82
26/02/2026 02:48,0.82
26/02/2026 02:49,0.92
26/02/2026 02:49,0.92
26/02/2026 02:51,0.82
26/02/2026 02:51,0.82
26/02/2026 02:51,0.82
26/02/2026 02:57,0.92
26/02/2026 02:57,0.92
26/02/2026 02:57,0.92
26/02/2026 03:00,0.87
26/02/2026 03:00,0.87
26/02/2026 03:04,0.82
26/02/2026 03:04,0.82
26/02/2026 03:06,0.87
26/02/2026 03:06,0.87
26/02/2026 03:06,0.87
26/02/2026 03:07,0.92
26/02/2026 03:08,0.82
26/02/2026 03:09,0.72
26/02/2026 03:10,0.92
26/02/2026 03:10,0.92
26/02/2026 03:10,0.92
26/02/2026 03:13,0.92
26/02/2026 03:13,0.92
26/02/2026 03:17,0.82
26/02/2026 03:17,0.82
26/02/2026 03:17,0.82
26/02/2026 03:20,0.87
26/02/2026 03:20,0.87
26/02/2026 03:20,0.87
26/02/2026 03:21,0.92
26/02/2026 03:21,0.92
26/02/2026 03:22,0.82
26/02/2026 03:23,0.87
26/02/2026 03:23,0.87
26/02/2026 03:27,0.92
26/02/2026 03:27,0.92
26/02/2026 03:27,0.92
26/02/2026 03:27,0.92
26/02/2026 03:30,0.82
26/02/2026 03:31,0.87
26/02/2026 03:31,0.87
26/02/2026 03:31,0.87
26/02/2026 03:34,0.97
26/02/2026 03:34,0.97
26/02/2026 03:34,0.97
26/02/2026 03:35,0.92
26/02/2026 03:36,0.87
26/02/2026 03:38,0.92
26/02/2026 03:38,0.92
26/02/2026 03:38,0.92
26/02/2026 03:41,0.97
26/02/2026 03:41,0.97
26/02/2026 03:41,0.97
26/02/2026 03:41,0.97
26/02/2026 03:43,0.92
26/02/2026 03:43,0.92
26/02/2026 03:43,0.92
26/02/2026 03:44,0.87
26/02/2026 03:44,0.87
26/02/2026 03:46,0.97
26/02/2026 03:46,0.97
26/02/2026 03:46,0.97
26/02/2026 03:47,0.77
26/02/2026 03:47,0.77
26/02/2026 03:48,0.87
26/02/2026 03:48,0.87
26/02/2026 03:51,1.02
26/02/2026 03:51,1.02
26/02/2026 03:52,0.97
26/02/2026 03:52,0.97
26/02/2026 03:52,0.97
26/02/2026 03:52,0.97
26/02/2026 03:53,0.82
26/02/2026 03:53,0.82
26/02/2026 03:54,0.92
26/02/2026 03:54,0.92
26/02/2026 03:54,0.92
26/02/2026 03:55,0.87
26/02/2026 03:55,0.87
26/02/2026 03:55,0.87
26/02/2026 03:55,0.87
26/02/2026 03:55,0.87
26/02/2026 03:56,0.77
26/02/2026 03:56,0.77
26/02/2026 03:56,0.77
26/02/2026 03:56,0.77
26/02/2026 03:57,0.87
26/02/2026 03:57,0.87
26/02/2026 03:57,0.87
26/02/2026 03:57,0.87
26/02/2026 03:59,0.87
26/02/2026 03:59,0.87
26/02/2026 03:59,0.87
26/02/2026 04:00,0.82
26/02/2026 04:00,0.82
26/02/2026 04:03,0.97
26/02/2026 04:04,0.82
26/02/2026 04:05,0.97
26/02/2026 04:06,0.87
26/02/2026 04:06,0.87
26/02/2026 04:06,0.87
26/02/2026 04:06,0.87
26/02/2026 04:08,0.82
26/02/2026 04:08,0.82
26/02/2026 04:10,0.92
26/02/2026 04:10,0.92
26/02/2026 04:11,0.87
26/02/2026 04:11,0.87
26/02/2026 04:13,0.92
26/02/2026 04:13,0.92
26/02/2026 04:14,0.87
26/02/2026 04:14,0.87
26/02/2026 04:16,0.82
26/02/2026 04:16,0.82
26/02/2026 04:23,0.87
26/02/2026 04:23,0.87
26/02/2026 04:23,0.87
26/02/2026 04:24,0.77
26/02/2026 04:24,0.77
26/02/2026 04:25,0.87
26/02/2026 04:25,0.87
26/02/2026 04:25,0.87
26/02/2026 04:27,0.82
26/02/2026 04:27,0.82
26/02/2026 04:30,0.82
26/02/2026 04:30,0.82
26/02/2026 04:36,0.77
26/02/2026 04:36,0.77
26/02/2026 04:37,0.82
26/02/2026 04:37,0.82
26/02/2026 04:38,0.72
26/02/2026 04:38,0.72
26/02/2026 04:39,0.82
26/02/2026 04:39,0.82
26/02/2026 04:39,0.82
26/02/2026 04:40,0.87
26/02/2026 04:41,0.72
26/02/2026 04:41,0.72
26/02/2026 04:42,0.87
26/02/2026 04:42,0.87
26/02/2026 04:43,0.72
26/02/2026 04:43,0.72
26/02/2026 04:47,0.92
26/02/2026 04:47,0.92
26/02/2026 04:47,0.92
26/02/2026 04:48,0.82
26/02/2026 04:48,0.82
26/02/2026 04:51,0.77
26/02/2026 04:51,0.77
26/02/2026 04:51,0.77
26/02/2026 04:52,0.72
26/02/2026 04:52,0.72
26/02/2026 04:53,0.77
26/02/2026 04:53,0.77
26/02/2026 04:54,0.82
26/02/2026 04:54,0.82
26/02/2026 04:58,0.77
26/02/2026 04:59,0.67
26/02/2026 05:00,0.77
26/02/2026 05:02,0.72
26/02/2026 05:02,0.72
26/02/2026 05:02,0.72
26/02/2026 05:02,0.72
26/02/2026 05:03,0.77
26/02/2026 05:03,0.77
26/02/2026 05:03,0.77
26/02/2026 05:04,0.67
26/02/2026 05:04,0.67
26/02/2026 05:04,0.67
26/02/2026 05:05,0.77
26/02/2026 05:05,0.77
26/02/2026 05:05,0.77
26/02/2026 05:08,0.67
26/02/2026 05:08,0.67
26/02/2026 05:09,0.82
26/02/2026 05:09,0.82
26/02/2026 05:10,0.77
26/02/2026 05:10,0.77
26/02/2026 05:10,0.77
26/02/2026 05:12,0.72
26/02/2026 05:14,0.77
26/02/2026 05:15,0.67
26/02/2026 05:16,0.77
26/02/2026 05:16,0.77
26/02/2026 05:16,0.77
26/02/2026 05:18,0.72
26/02/2026 05:18,0.72
26/02/2026 05:18,0.72
26/02/2026 05:24,0.67
26/02/2026 05:24,0.67
26/02/2026 05:24,0.67
26/02/2026 05:30,0.72
26/02/2026 05:30,0.72
26/02/2026 05:32,0.67
26/02/2026 05:32,0.67
26/02/2026 05:32,0.67
26/02/2026 05:34,0.57
26/02/2026 05:34,0.57
26/02/2026 05:34,0.57
26/02/2026 05:34,0.57
26/02/2026 05:35,0.62
26/02/2026 05:35,0.62
26/02/2026 05:39,0.67
26/02/2026 05:45,0.62
26/02/2026 05:45,0.62
26/02/2026 05:46,0.67
26/02/2026 05:46,0.67
26/02/2026 05:47,0.57
26/02/2026 05:47,0.57
26/02/2026 05:48,0.67
26/02/2026 05:48,0.67
26/02/2026 05:48,0.67
26/02/2026 05:49,0.62
26/02/2026 05:49,0.62
26/02/2026 05:49,0.62
26/02/2026 06:03,0.57
26/02/2026 06:03,0.57
26/02/2026 06:03,0.57
26/02/2026 06:10,0.52
26/02/2026 06:12,0.47
26/02/2026 06:12,0.47
26/02/2026 06:12,0.47
26/02/2026 06:16,0.52
26/02/2026 06:16,0.52
26/02/2026 06:16,0.52
26/02/2026 06:17,0.57
26/02/2026 06:17,0.57
26/02/2026 06:17,0.57
26/02/2026 06:20,0.52
26/02/2026 06:20,0.52
26/02/2026 06:22,0.47
26/02/2026 06:25,0.57
26/02/2026 06:25,0.57
26/02/2026 06:26,0.52
26/02/2026 06:26,0.52
26/02/2026 06:26,0.52
26/02/2026 06:26,0.52
26/02/2026 06:30,0.52
26/02/2026 06:30,0.52
26/02/2026 06:38,0.42
26/02/2026 06:38,0.42
26/02/2026 06:38,0.42
26/02/2026 06:39,0.47
26/02/2026 06:39,0.47
26/02/2026 06:39,0.47
26/02/2026 06:41,0.42
26/02/2026 06:41,0.42
26/02/2026 06:41,0.42
26/02/2026 06:41,0.42
26/02/2026 06:44,0.37
26/02/2026 06:44,0.37
26/02/2026 06:44,0.37
26/02/2026 06:44,0.37
26/02/2026 06:48,0.47
26/02/2026 06:48,0.47
26/02/2026 06:56,0.37
26/02/2026 06:56,0.37
26/02/2026 07:00,0.42
26/02/2026 07:00,0.42
26/02/2026 07:00,0.42
26/02/2026 07:02,0.37
26/02/2026 07:02,0.37
26/02/2026 07:10,0.32
26/02/2026 07:10,0.32
26/02/2026 07:10,0.32
26/02/2026 07:21,0.32
26/02/2026 07:21,0.32
26/02/2026 07:21,0.32
26/02/2026 07:21,0.32
26/02/2026 07:25,0.27
26/02/2026 07:25,0.27
26/02/2026 07:25,0.27
26/02/2026 07:26,0.32
26/02/2026 07:26,0.32
26/02/2026 07:26,0.32
26/02/2026 07:30,0.32
26/02/2026 07:30,0.32
26/02/2026 07:31,0.42
26/02/2026 07:32,0.32
26/02/2026 07:33,0.22
26/02/2026 07:33,0.22
26/02/2026 07:33,0.22
26/02/2026 07:33,0.22
26/02/2026 07:34,0.32
26/02/2026 07:34,0.32
26/02/2026 07:34,0.32
26/02/2026 07:34,0.32
26/02/2026 07:37,0.22
26/02/2026 07:37,0.22
26/02/2026 07:37,0.22
26/02/2026 07:38,0.27
26/02/2026 07:38,0.27
26/02/2026 07:44,0.22
26/02/2026 07:44,0.22
26/02/2026 07:55,0.17
26/02/2026 07:55,0.17
26/02/2026 08:01,0.27
26/02/2026 08:01,0.27
26/02/2026 08:02,0.22
26/02/2026 08:02,0.22
26/02/2026 08:02,0.22
26/02/2026 08:05,0.17
26/02/2026 08:05,0.17
26/02/2026 08:05,0.17
26/02/2026 08:21,0.07
26/02/2026 08:21,0.07
26/02/2026 08:21,0.07
26/02/2026 08:22,0.12
26/02/2026 08:22,0.12
26/02/2026 08:22,0.12
26/02/2026 08:30,0.17
26/02/2026 08:30,0.17
26/02/2026 08:30,0.17
26/02/2026 08:33,0.12
26/02/2026 08:33,0.12
26/02/2026 08:36,0.17
26/02/2026 08:36,0.17
26/02/2026 08:41,0.07
26/02/2026 08:41,0.07
26/02/2026 08:41,0.07
26/02/2026 08:46,0.12
26/02/2026 08:46,0.12
26/02/2026 08:46,0.12
26/02/2026 08:46,0.12
26/02/2026 08:46,0.12
26/02/2026 09:01,0.02
26/02/2026 09:01,0.02
26/02/2026 09:02,0.12
26/02/2026 09:02,0.12
26/02/2026 09:03,0.07
26/02/2026 09:03,0.07
26/02/2026 09:03,0.07
26/02/2026 09:06,0.02
26/02/2026 09:06,0.02
26/02/2026 09:06,0.02
26/02/2026 09:30,0.02
26/02/2026 09:30,-0.03
26/02/2026 09:30,-0.03
26/02/2026 09:34,0.07
26/02/2026 09:34,0.07
26/02/2026 09:34,0.07
26/02/2026 09:35,0.02
26/02/2026 09:35,0.02
26/02/2026 09:41,-0.03
26/02/2026 09:50,-0.08
26/02/2026 09:50,-0.08
26/02/2026 09:54,-0.03
26/02/2026 10:03,-0.13
26/02/2026 10:03,-0.13
26/02/2026 10:04,-0.08
26/02/2026 10:04,-0.08
26/02/2026 10:04,-0.08
26/02/2026 10:04,-0.08
26/02/2026 10:04,-0.08
26/02/2026 10:07,0.02
26/02/2026 10:07,0.02
26/02/2026 10:08,-0.03
26/02/2026 10:08,-0.03
26/02/2026 10:08,-0.03
26/02/2026 10:13,-0.13
26/02/2026 10:13,-0.13
26/02/2026 10:14,-0.03
26/02/2026 10:14,-0.03
26/02/2026 10:23,-0.08
26/02/2026 10:23,-0.08
26/02/2026 10:30,-0.08
26/02/2026 10:44,0.02
26/02/2026 10:44,0.02
26/02/2026 10:45,-0.13
26/02/2026 10:45,-0.13
26/02/2026 10:48,-0.08
26/02/2026 10:52,-0.03
26/02/2026 10:52,-0.03
26/02/2026 10:54,-0.08
26/02/2026 10:54,-0.08
26/02/2026 11:01,0.02
26/02/2026 11:01,0.02
26/02/2026 11:01,0.02
26/02/2026 11:02,-0.03
26/02/2026 11:02,-0.03
26/02/2026 11:02,-0.03
26/02/2026 11:03,-0.08
26/02/2026 11:03,-0.08
26/02/2026 11:03,-0.08
26/02/2026 11:03,-0.08
26/02/2026 11:04,-0.03
26/02/2026 11:04,-0.03
26/02/2026 11:11,-0.08
26/02/2026 11:11,-0.08
26/02/2026 11:11,-0.08
26/02/2026 11:12,-0.03
26/02/2026 11:15,-0.08
26/02/2026 11:18,-0.03
26/02/2026 11:18,-0.03
26/02/2026 11:18,-0.03
26/02/2026 11:18,-0.03
26/02/2026 11:22,-0.08
26/02/2026 11:22,-0.08
26/02/2026 11:26,0.02
26/02/2026 11:26,0.02
26/02/2026 11:26,0.02
26/02/2026 11:27,-0.03
26/02/2026 11:27,-0.03
26/02/2026 11:30,-0.03
26/02/2026 11:30,-0.13
26/02/2026 11:30,-0.13
26/02/2026 11:32,0.02
26/02/2026 11:35,0.02
26/02/2026 11:35,0.02
26/02/2026 11:36,-0.03
26/02/2026 11:48,0.02
26/02/2026 11:48,0.02
26/02/2026 11:48,0.02
26/02/2026 11:48,0.02
26/02/2026 11:51,-0.03
26/02/2026 11:51,-0.03
26/02/2026 11:59,0.12
26/02/2026 11:59,0.12
26/02/2026 12:00,-0.03
26/02/2026 12:00,-0.03
26/02/2026 12:01,0.07
26/02/2026 12:01,0.07
26/02/2026 12:02,0.02
26/02/2026 12:02,0.02
26/02/2026 12:02,0.02
26/02/2026 12:05,-0.08
26/02/2026 12:05,-0.08
26/02/2026 12:05,-0.08
26/02/2026 12:06,-0.03
26/02/2026 12:07,0.12
26/02/2026 12:08,-0.08
26/02/2026 12:08,-0.08
26/02/2026 12:08,-0.08
26/02/2026 12:09,0.02
26/02/2026 12:09,0.02
26/02/2026 12:12,-0.08
26/02/2026 12:12,-0.08
26/02/2026 12:12,-0.08
26/02/2026 12:13,0.02
26/02/2026 12:13,0.02
26/02/2026 12:16,0.02
26/02/2026 12:16,0.02
26/02/2026 12:16,0.02
26/02/2026 12:20,0.12
26/02/2026 12:21,-0.03
26/02/2026 12:22,0.02
26/02/2026 12:22,0.02
26/02/2026 12:22,0.02
26/02/2026 12:24,0.07
26/02/2026 12:24,0.07
26/02/2026 12:24,0.07
26/02/2026 12:29,0.02
26/02/2026 12:29,0.02
26/02/2026 12:30,0.02
26/02/2026 12:30,0.12
26/02/2026 12:30,0.12
26/02/2026 12:30,0.12
26/02/2026 12:31,0.07
26/02/2026 12:31,0.07
26/02/2026 12:31,0.07
26/02/2026 12:33,0.17
26/02/2026 12:33,0.17
26/02/2026 12:33,0.17
26/02/2026 12:34,0.07
26/02/2026 12:34,0.07
26/02/2026 12:46,0.12
26/02/2026 12:46,0.12
26/02/2026 12:46,0.12
26/02/2026 12:46,0.12
26/02/2026 12:46,0.12
26/02/2026 12:48,0.07
26/02/2026 12:51,0.17
26/02/2026 12:52,0.07
26/02/2026 12:52,0.07
26/02/2026 12:52,0.07
26/02/2026 12:53,0.17
26/02/2026 12:53,0.17
26/02/2026 12:53,0.17
26/02/2026 12:55,0.12
26/02/2026 12:55,0.12
26/02/2026 12:59,0.17
26/02/2026 12:59,0.17
26/02/2026 13:01,0.07
26/02/2026 13:01,0.07
26/02/2026 13:01,0.07
26/02/2026 13:03,0.12
26/02/2026 13:03,0.12
26/02/2026 13:04,0.22
26/02/2026 13:04,0.22
26/02/2026 13:04,0.22
26/02/2026 13:04,0.22
26/02/2026 13:06,0.17
26/02/2026 13:06,0.17
26/02/2026 13:06,0.17
26/02/2026 13:10,0.07
26/02/2026 13:10,0.07
26/02/2026 13:10,0.07
26/02/2026 13:11,0.17
26/02/2026 13:11,0.17
26/02/2026 13:12,0.07
26/02/2026 13:12,0.07
26/02/2026 13:12,0.07
26/02/2026 13:13,0.22
26/02/2026 13:13,0.22
26/02/2026 13:13,0.22
26/02/2026 13:13,0.22
26/02/2026 13:13,0.22
26/02/2026 13:14,0.17
26/02/2026 13:14,0.17
26/02/2026 13:14,0.17
26/02/2026 13:16,0.12
26/02/2026 13:16,0.12
26/02/2026 13:17,0.22
26/02/2026 13:17,0.22
26/02/2026 13:17,0.22
26/02/2026 13:18,0.12
26/02/2026 13:18,0.12
26/02/2026 13:18,0.12
26/02/2026 13:18,0.12
26/02/2026 13:25,0.17
26/02/2026 13:25,0.17
26/02/2026 13:26,0.12
26/02/2026 13:26,0.12
26/02/2026 13:26,0.12
26/02/2026 13:27,0.22
26/02/2026 13:27,0.22
26/02/2026 13:27,0.22
26/02/2026 13:27,0.22
26/02/2026 13:27,0.22
26/02/2026 13:30,0.17
26/02/2026 13:32,0.22
26/02/2026 13:32,0.22
26/02/2026 13:32,0.22
26/02/2026 13:33,0.12
26/02/2026 13:33,0.12
26/02/2026 13:33,0.12
26/02/2026 13:37,0.27
26/02/2026 13:37,0.27
26/02/2026 13:38,0.17
26/02/2026 13:38,0.17
26/02/2026 13:43,0.22
26/02/2026 13:43,0.22
26/02/2026 13:43,0.22
26/02/2026 13:43,0.22
26/02/2026 13:47,0.27
26/02/2026 13:47,0.27
26/02/2026 13:48,0.17
26/02/2026 13:48,0.17
26/02/2026 13:49,0.27
26/02/2026 13:49,0.27
26/02/2026 13:49,0.27
26/02/2026 13:49,0.27
26/02/2026 13:49,0.27
26/02/2026 13:51,0.22
26/02/2026 13:51,0.22
26/02/2026 13:52,0.32
26/02/2026 13:52,0.32
26/02/2026 13:52,0.32
26/02/2026 13:53,0.17
26/02/2026 13:53,0.17
26/02/2026 13:54,0.27
26/02/2026 13:54,0.27
26/02/2026 13:56,0.37
26/02/2026 13:56,0.37
26/02/2026 13:56,0.37
26/02/2026 13:56,0.37
26/02/2026 13:57,0.22
26/02/2026 13:57,0.22
26/02/2026 14:01,0.17
26/02/2026 14:01,0.17
26/02/2026 14:02,0.27
26/02/2026 14:02,0.27
26/02/2026 14:02,0.27
26/02/2026 14:07,0.17
26/02/2026 14:08,0.27
26/02/2026 14:08,0.27
26/02/2026 14:08,0.27
26/02/2026 14:10,0.32
26/02/2026 14:10,0.32
26/02/2026 14:10,0.32
26/02/2026 14:10,0.32
26/02/2026 14:13,0.22
26/02/2026 14:13,0.22
26/02/2026 14:14,0.32
26/02/2026 14:14,0.32
26/02/2026 14:17,0.32
26/02/2026 14:17,0.32
26/02/2026 14:20,0.27
26/02/2026 14:20,0.27
26/02/2026 14:20,0.27
26/02/2026 14:25,0.32
26/02/2026 14:25,0.32
26/02/2026 14:25,0.32
26/02/2026 14:25,0.32
26/02/2026 14:27,0.42
26/02/2026 14:27,0.42
26/02/2026 14:28,0.22
26/02/2026 14:30,0.22
26/02/2026 14:31,0.27
26/02/2026 14:31,0.27
26/02/2026 14:32,0.32
26/02/2026 14:32,0.32
26/02/2026 14:32,0.32
26/02/2026 14:33,0.22
26/02/2026 14:33,0.22
26/02/2026 14:33,0.22
26/02/2026 14:33,0.22
26/02/2026 14:34,0.27
26/02/2026 14:34,0.27
26/02/2026 14:35,0.37
26/02/2026 14:35,0.37
26/02/2026 14:37,0.22
26/02/2026 14:37,0.22
26/02/2026 14:40,0.37
26/02/2026 14:40,0.37
26/02/2026 14:40,0.37
26/02/2026 14:42,0.32
26/02/2026 14:42,0.32
26/02/2026 14:48,0.42
26/02/2026 14:48,0.42
26/02/2026 14:48,0.42
26/02/2026 14:49,0.32
26/02/2026 14:49,0.32
26/02/2026 14:55,0.42
26/02/2026 14:55,0.42
26/02/2026 14:56,0.32
26/02/2026 14:56,0.32
26/02/2026 15:00,0.42
26/02/2026 15:00,0.42
26/02/2026 15:01,0.32
26/02/2026 15:01,0.32
26/02/2026 15:01,0.32
26/02/2026 15:04,0.47
26/02/2026 15:04,0.47
26/02/2026 15:05,0.32
26/02/2026 15:05,0.32
26/02/2026 15:06,0.42
26/02/2026 15:06,0.42
26/02/2026 15:06,0.42
26/02/2026 15:08,0.37
26/02/2026 15:08,0.37
26/02/2026 15:10,0.42
26/02/2026 15:10,0.42
26/02/2026 15:11,0.37
26/02/2026 15:11,0.37
26/02/2026 15:13,0.47
26/02/2026 15:14,0.32
26/02/2026 15:14,0.32
26/02/2026 15:14,0.32
26/02/2026 15:16,0.27
26/02/2026 15:16,0.27
26/02/2026 15:17,0.47
26/02/2026 15:17,0.47
26/02/2026 15:17,0.47
26/02/2026 15:18,0.32
26/02/2026 15:18,0.32
26/02/2026 15:18,0.32
26/02/2026 15:21,0.37
26/02/2026 15:21,0.37
26/02/2026 15:27,0.42
26/02/2026 15:27,0.42
26/02/2026 15:27,0.42
26/02/2026 15:30,0.37
26/02/2026 15:30,0.37
26/02/2026 15:30,0.47
26/02/2026 15:30,0.47
26/02/2026 15:31,0.37
26/02/2026 15:31,0.37
26/02/2026 15:31,0.37
26/02/2026 15:32,0.42
26/02/2026 15:32,0.42
26/02/2026 15:33,0.32
26/02/2026 15:33,0.32
26/02/2026 15:36,0.37
26/02/2026 15:36,0.37
26/02/2026 15:36,0.37
26/02/2026 15:36,0.37
26/02/2026 15:37,0.32
26/02/2026 15:37,0.32
26/02/2026 15:37,0.32
26/02/2026 15:38,0.42
26/02/2026 15:38,0.42
26/02/2026 15:50,0.37
26/02/2026 15:50,0.37
26/02/2026 15:50,0.37
26/02/2026 15:51,0.42
26/02/2026 15:51,0.42
26/02/2026 15:53,0.47
26/02/2026 15:53,0.47
26/02/2026 15:55,0.52
26/02/2026 15:55,0.52
26/02/2026 15:55,0.52
26/02/2026 15:56,0.32
26/02/2026 15:56,0.32
26/02/2026 15:56,0.32
26/02/2026 15:57,0.42
26/02/2026 15:57,0.42
26/02/2026 15:59,0.47
26/02/2026 16:00,0.37
26/02/2026 16:00,0.37
26/02/2026 16:00,0.37
26/02/2026 16:03,0.47
26/02/2026 16:03,0.47
26/02/2026 16:04,0.37
26/02/2026 16:04,0.37
26/02/2026 16:05,0.52
26/02/2026 16:05,0.52
26/02/2026 16:05,0.52
26/02/2026 16:07,0.47
26/02/2026 16:07,0.47
26/02/2026 16:10,0.32
26/02/2026 16:10,0.32
26/02/2026 16:11,0.42
26/02/2026 16:11,0.42
26/02/2026 16:13,0.47
26/02/2026 16:13,0.47
26/02/2026 16:16,0.37
26/02/2026 16:16,0.37
26/02/2026 16:17,0.42
26/02/2026 16:17,0.42
26/02/2026 16:17,0.42
26/02/2026 16:17,0.42
26/02/2026 16:18,0.37
26/02/2026 16:18,0.37
26/02/2026 16:18,0.37
26/02/2026 16:21,0.42
26/02/2026 16:21,0.42
26/02/2026 16:22,0.47
26/02/2026 16:22,0.47
26/02/2026 16:22,0.47
26/02/2026 16:24,0.42
26/02/2026 16:24,0.42
26/02/2026 16:24,0.42
26/02/2026 16:24,0.42
26/02/2026 16:29,0.47
26/02/2026 16:29,0.47
26/02/2026 16:29,0.47
26/02/2026 16:29,0.47
26/02/2026 16:31,0.42
26/02/2026 16:31,0.42
26/02/2026 16:33,0.32
26/02/2026 16:33,0.32
26/02/2026 16:34,0.42
26/02/2026 16:34,0.42
26/02/2026 16:34,0.42
26/02/2026 16:41,0.47
26/02/2026 16:44,0.32
26/02/2026 16:44,0.32
26/02/2026 16:44,0.32
26/02/2026 16:48,0.42
26/02/2026 16:48,0.42
26/02/2026 16:48,0.42
26/02/2026 16:49,0.32
26/02/2026 16:49,0.32
26/02/2026 16:49,0.32
26/02/2026 16:50,0.42
26/02/2026 16:50,0.42
26/02/2026 16:50,0.42
26/02/2026 16:51,0.32
26/02/2026 16:51,0.32
26/02/2026 16:51,0.32
26/02/2026 16:52,0.42
26/02/2026 16:52,0.42
26/02/2026 16:53,0.37
26/02/2026 16:53,0.37
26/02/2026 16:56,0.42
26/02/2026 16:56,0.42
26/02/2026 16:56,0.42
26/02/2026 16:56,0.42
26/02/2026 16:56,0.42
26/02/2026 16:57,0.37
26/02/2026 16:57,0.37
26/02/2026 16:58,0.42
26/02/2026 16:58,0.42
26/02/2026 16:58,0.42
26/02/2026 17:03,0.32
26/02/2026 17:03,0.32
26/02/2026 17:03,0.32
26/02/2026 17:04,0.42
26/02/2026 17:04,0.42
26/02/2026 17:04,0.42
26/02/2026 17:05,0.52
26/02/2026 17:05,0.52
26/02/2026 17:06,0.42
26/02/2026 17:06,0.42
26/02/2026 17:09,0.32
26/02/2026 17:11,0.42
26/02/2026 17:11,0.42
26/02/2026 17:11,0.42
26/02/2026 17:11,0.42
26/02/2026 17:16,0.42
26/02/2026 17:16,0.42
26/02/2026 17:16,0.42
26/02/2026 17:18,0.32
26/02/2026 17:18,0.32
26/02/2026 17:18,0.32
26/02/2026 17:18,0.32
26/02/2026 17:20,0.42
26/02/2026 17:20,0.42
26/02/2026 17:21,0.37
26/02/2026 17:21,0.37
26/02/2026 17:23,0.52
26/02/2026 17:23,0.52
26/02/2026 17:23,0.52
26/02/2026 17:24,0.32
26/02/2026 17:24,0.32
26/02/2026 17:24,0.32
26/02/2026 17:25,0.42
26/02/2026 17:25,0.42
26/02/2026 17:28,0.52
26/02/2026 17:28,0.52
26/02/2026 17:28,0.52
26/02/2026 17:29,0.47
26/02/2026 17:29,0.47
26/02/2026 17:30,0.47
26/02/2026 17:32,0.32
26/02/2026 17:32,0.32
26/02/2026 17:34,0.47
26/02/2026 17:34,0.47
26/02/2026 17:35,0.42
26/02/2026 17:36,0.32
26/02/2026 17:38,0.37
26/02/2026 17:38,0.37
26/02/2026 17:42,0.42
26/02/2026 17:42,0.42
26/02/2026 17:43,0.37
26/02/2026 17:43,0.37
26/02/2026 17:43,0.37
26/02/2026 17:43,0.37
26/02/2026 17:46,0.27
26/02/2026 17:46,0.27
26/02/2026 17:48,0.37
26/02/2026 17:48,0.37
26/02/2026 17:56,0.27
26/02/2026 17:56,0.27
26/02/2026 17:56,0.27
26/02/2026 17:57,0.37
26/02/2026 17:57,0.37
26/02/2026 17:58,0.27
26/02/2026 17:58,0.27
26/02/2026 17:59,0.52
26/02/2026 17:59,0.52
26/02/2026 17:59,0.52
26/02/2026 18:00,0.27
26/02/2026 18:00,0.27
26/02/2026 18:00,0.27
26/02/2026 18:02,0.32
26/02/2026 18:02,0.32
26/02/2026 18:07,0.22
26/02/2026 18:07,0.22
26/02/2026 18:07,0.22
26/02/2026 18:08,0.32
26/02/2026 18:08,0.32
26/02/2026 18:11,0.42
26/02/2026 18:11,0.42
26/02/2026 18:12,0.27
26/02/2026 18:12,0.27
26/02/2026 18:12,0.27
26/02/2026 18:13,0.22
26/02/2026 18:13,0.22
26/02/2026 18:14,0.27
26/02/2026 18:14,0.27
26/02/2026 18:14,0.27
26/02/2026 18:20,0.27
26/02/2026 18:20,0.27
26/02/2026 18:20,0.27
26/02/2026 18:20,0.27
26/02/2026 18:23,0.22
26/02/2026 18:23,0.22
26/02/2026 18:26,0.27
26/02/2026 18:26,0.27
26/02/2026 18:26,0.27
26/02/2026 18:29,0.37
26/02/2026 18:29,0.37
26/02/2026 18:30,0.22
26/02/2026 18:30,0.22
26/02/2026 18:31,0.32
26/02/2026 18:32,0.22
26/02/2026 18:34,0.27
26/02/2026 18:35,0.32
26/02/2026 18:35,0.32
26/02/2026 18:35,0.32
26/02/2026 18:36,0.27
26/02/2026 18:36,0.27
26/02/2026 18:39,0.17
26/02/2026 18:39,0.17
26/02/2026 18:40,0.32
26/02/2026 18:42,0.17
26/02/2026 18:42,0.17
26/02/2026 18:43,0.22
26/02/2026 18:43,0.22
26/02/2026 18:43,0.22
26/02/2026 18:45,0.32
26/02/2026 18:45,0.32
26/02/2026 18:46,0.27
26/02/2026 18:47,0.37
26/02/2026 18:48,0.27
26/02/2026 18:48,0.27
26/02/2026 18:48,0.27
26/02/2026 18:49,0.22
26/02/2026 18:49,0.22
26/02/2026 18:49,0.22
26/02/2026 18:49,0.22
26/02/2026 18:52,0.27
26/02/2026 18:52,0.27
26/02/2026 18:53,0.22
26/02/2026 18:53,0.22
26/02/2026 18:53,0.22
26/02/2026 18:57,0.17
26/02/2026 18:57,0.17
26/02/2026 18:58,0.22
26/02/2026 18:58,0.22
26/02/2026 19:06,0.17
26/02/2026 19:06,0.17
26/02/2026 19:07,0.22
26/02/2026 19:07,0.22
26/02/2026 19:07,0.22
26/02/2026 19:09,0.12
26/02/2026 19:09,0.12
26/02/2026 19:10,0.27
26/02/2026 19:10,0.27
26/02/2026 19:11,0.17
26/02/2026 19:11,0.17
26/02/2026 19:12,0.12
26/02/2026 19:12,0.12
26/02/2026 19:16,0.22
26/02/2026 19:16,0.22
26/02/2026 19:16,0.22
26/02/2026 19:20,0.12
26/02/2026 19:25,0.22
26/02/2026 19:25,0.22
26/02/2026 19:25,0.22
26/02/2026 19:27,0.07
26/02/2026 19:30,0.07
26/02/2026 19:30,0.07
26/02/2026 19:30,0.07
26/02/2026 19:31,0.12
26/02/2026 19:31,0.12
26/02/2026 19:31,0.12
26/02/2026 19:32,0.07
26/02/2026 19:32,0.07
26/02/2026 19:32,0.07
26/02/2026 19:32,0.07
26/02/2026 19:33,0.12
26/02/2026 19:41,0.07
26/02/2026 19:41,0.07
26/02/2026 19:43,0.17
26/02/2026 19:43,0.17
26/02/2026 19:43,0.17
26/02/2026 19:44,0.12
26/02/2026 19:48,0.02
26/02/2026 19:48,0.02
26/02/2026 19:48,0.02
26/02/2026 19:50,0.12
26/02/2026 19:50,0.12
26/02/2026 19:51,0.07
26/02/2026 19:51,0.07
26/02/2026 19:53,0.12
26/02/2026 19:53,0.12
26/02/2026 19:54,0.07
26/02/2026 19:54,0.07
26/02/2026 19:54,0.07
26/02/2026 20:02,-0.03
26/02/2026 20:02,-0.03
26/02/2026 20:02,-0.03
26/02/2026 20:03,0.02
26/02/2026 20:03,0.02
26/02/2026 20:03,0.02
26/02/2026 20:06,0.12
26/02/2026 20:06,0.12
26/02/2026 20:06,0.12
26/02/2026 20:08,0.07
26/02/2026 20:16,0.02
26/02/2026 20:16,0.02
26/02/2026 20:27,0.07
26/02/2026 20:27,0.07
26/02/2026 20:27,0.07
26/02/2026 20:28,-0.03
26/02/2026 20:28,-0.03
26/02/2026 20:29,0.02
26/02/2026 20:29,0.02
26/02/2026 20:29,0.02
26/02/2026 20:29,0.02
26/02/2026 20:30,0.02
26/02/2026 20:35,-0.03
26/02/2026 20:39,0.07
26/02/2026 20:39,0.07
26/02/2026 20:39,0.07
26/02/2026 20:39,0.07
26/02/2026 20:59,-0.08
26/02/2026 20:59,-0.08
26/02/2026 21:10,-0.13
26/02/2026 21:10,-0.13
26/02/2026 21:10,-0.13
26/02/2026 21:10,-0.13
26/02/2026 21:11,-0.03
26/02/2026 21:11,-0.03
26/02/2026 21:11,-0.03
26/02/2026 21:11,-0.03
26/02/2026 21:13,-0.13
26/02/2026 21:13,-0.13
26/02/2026 21:15,-0.08
26/02/2026 21:29,-0.13
26/02/2026 21:29,-0.13
26/02/2026 21:30,-0.13
26/02/2026 21:30,-0.08
26/02/2026 21:30,-0.08
26/02/2026 21:30,-0.08
26/02/2026 21:40,-0.08
26/02/2026 21:40,-0.08
26/02/2026 21:45,-0.13
26/02/2026 21:45,-0.13
26/02/2026 21:45,-0.13
26/02/2026 21:49,-0.03
26/02/2026 21:49,-0.03
26/02/2026 21:49,-0.03
26/02/2026 21:49,-0.03
26/02/2026 21:51,-0.13
26/02/2026 21:51,-0.13
26/02/2026 21:51,-0.13
26/02/2026 21:51,-0.13
26/02/2026 21:53,-0.08
26/02/2026 21:53,-0.08
26/02/2026 21:53,-0.08
26/02/2026 21:53,-0.08
26/02/2026 21:54,-0.13
26/02/2026 21:54,-0.13
26/02/2026 21:54,-0.13
26/02/2026 22:01,-0.18
26/02/2026 22:01,-0.18
26/02/2026 22:01,-0.18
26/02/2026 22:02,-0.08
26/02/2026 22:02,-0.08
26/02/2026 22:02,-0.08
26/02/2026 22:02,-0.08
26/02/2026 22:06,-0.03
26/02/2026 22:06,-0.03
26/02/2026 22:06,-0.03
26/02/2026 22:08,-0.13
26/02/2026 22:08,-0.13
26/02/2026 22:08,-0.13
26/02/2026 22:08,-0.13
26/02/2026 22:15,-0.08
26/02/2026 22:17,-0.13
26/02/2026 22:29,-0.13
26/02/2026 22:29,-0.13
26/02/2026 22:30,-0.13
26/02/2026 22:34,-0.08
26/02/2026 22:34,-0.08
26/02/2026 22:34,-0.08
26/02/2026 22:34,-0.08
26/02/2026 22:34,-0.08
26/02/2026 22:39,-0.13
26/02/2026 22:39,-0.13
26/02/2026 22:43,-0.08
26/02/2026 22:43,-0.08
26/02/2026 22:45,-0.13
26/02/2026 22:45,-0.13
26/02/2026 22:45,-0.13
26/02/2026 22:46,-0.08
26/02/2026 22:46,-0.08
26/02/2026 22:46,-0.08
26/02/2026 22:49,-0.03
26/02/2026 22:49,-0.03
26/02/2026 22:50,-0.13
26/02/2026 22:50,-0.13
26/02/2026 22:51,-0.03
26/02/2026 22:51,-0.03
26/02/2026 22:51,-0.03
26/02/2026 22:52,-0.18
26/02/2026 22:52,-0.18
26/02/2026 22:52,-0.18
26/02/2026 22:52,-0.18
26/02/2026 22:53,-0.08
26/02/2026 22:53,-0.08
26/02/2026 22:53,-0.08
26/02/2026 22:54,-0.03
26/02/2026 22:54,-0.03
26/02/2026 22:55,-0.13
26/02/2026 22:55,-0.13
26/02/2026 22:55,-0.13
26/02/2026 22:58,-0.13
26/02/2026 22:58,-0.13
26/02/2026 22:58,-0.13
26/02/2026 22:58,-0.13
26/02/2026 22:59,-0.03
26/02/2026 22:59,-0.03
26/02/2026 22:59,-0.03
26/02/2026 22:59,-0.03
26/02/2026 23:02,-0.08
26/02/2026 23:02,-0.08
26/02/2026 23:02,-0.13
26/02/2026 23:04,-0.03
26/02/2026 23:04,-0.03
26/02/2026 23:04,-0.03
26/02/2026 23:04,-0.03
26/02/2026 23:04,-0.03
26/02/2026 23:07,0.07
26/02/2026 23:07,0.07
26/02/2026 23:07,0.07
26/02/2026 23:08,-0.08
26/02/2026 23:08,-0.08
26/02/2026 23:08,-0.08
26/02/2026 23:08,-0.08
26/02/2026 23:08,-0.08
26/02/2026 23:12,0.02
26/02/2026 23:12,0.02
26/02/2026 23:12,0.02
26/02/2026 23:12,0.02
26/02/2026 23:12,0.02
26/02/2026 23:16,-0.13
26/02/2026 23:16,-0.13
26/02/2026 23:16,-0.13
26/02/2026 23:16,-0.13
26/02/2026 23:17,0.07
26/02/2026 23:17,0.07
26/02/2026 23:17,0.07
26/02/2026 23:17,0.07
26/02/2026 23:17,0.07
26/02/2026 23:18,-0.03
26/02/2026 23:18,-0.03
26/02/2026 23:18,-0.03
26/02/2026 23:18,-0.03
26/02/2026 23:20,0.07
26/02/2026 23:20,0.07
26/02/2026 23:20,0.07
26/02/2026 23:20,0.07
26/02/2026 23:21,-0.03
26/02/2026 23:21,-0.03
26/02/2026 23:21,-0.03
26/02/2026 23:21,-0.03
26/02/2026 23:25,0.02
26/02/2026 23:25,0.02
26/02/2026 23:25,0.02
26/02/2026 23:25,-0.03
26/02/2026 23:26,-0.03
26/02/2026 23:26,-0.03
26/02/2026 23:30,0.07
26/02/2026 23:30,0.07
26/02/2026 23:31,-0.03
26/02/2026 23:31,-0.03
26/02/2026 23:31,-0.03
26/02/2026 23:35,0.02
26/02/2026 23:35,0.02
26/02/2026 23:35,0.02
26/02/2026 23:38,-0.08
26/02/2026 23:40,0.02
26/02/2026 23:40,0.02
26/02/2026 23:40,0.02
26/02/2026 23:40,0.02
26/02/2026 23:40,0.02
26/02/2026 23:41,0.07
26/02/2026 23:41,0.07
26/02/2026 23:45,0.12
26/02/2026 23:45,0.12
26/02/2026 23:45,0.12
26/02/2026 23:46,0.02
26/02/2026 23:49,0.02
26/02/2026 23:49,0.02
26/02/2026 23:54,-0.03
26/02/2026 23:54,-0.03
26/02/2026 23:55,0.02
26/02/2026 23:55,0.02
26/02/2026 23:58,0.12
26/02/2026 23:58,0.12
26/02/2026 23:58,0.12
27/02/2026 00:00,0.02
27/02/2026 00:00,0.02
27/02/2026 00:00,0.02
27/02/2026 00:07,-0.03
27/02/2026 00:07,-0.03
27/02/2026 00:07,-0.03
27/02/2026 00:07,-0.03
27/02/2026 00:08,0.12
27/02/2026 00:10,0.22
27/02/2026 00:10,0.22
27/02/2026 00:12,0.12
27/02/2026 00:12,0.12
27/02/2026 00:12,0.12
27/02/2026 00:23,0.22
27/02/2026 00:23,0.22
27/02/2026 00:24,0.02
27/02/2026 00:24,0.02
27/02/2026 00:24,0.02
27/02/2026 00:25,0.22
27/02/2026 00:25,0.22
27/02/2026 00:26,0.12
27/02/2026 00:26,0.12
27/02/2026 00:26,0.12
27/02/2026 00:27,0.22
27/02/2026 00:30,0.17
27/02/2026 00:30,0.22
27/02/2026 00:31,0.12
27/02/2026 00:31,0.12
27/02/2026 00:32,0.22
27/02/2026 00:32,0.22
27/02/2026 00:32,0.22
27/02/2026 00:34,0.12
27/02/2026 00:34,0.12
27/02/2026 00:34,0.12
27/02/2026 00:35,0.22
27/02/2026 00:35,0.22
27/02/2026 00:35,0.22
27/02/2026 00:35,0.22
27/02/2026 00:36,0.17
27/02/2026 00:36,0.17
27/02/2026 00:36,0.17
27/02/2026 00:36,0.17
27/02/2026 00:39,0.12
27/02/2026 00:39,0.12
27/02/2026 00:39,0.12
27/02/2026 00:40,0.17
27/02/2026 00:40,0.17
27/02/2026 00:40,0.17
27/02/2026 00:53,0.27
27/02/2026 00:53,0.27
27/02/2026 00:54,0.22
27/02/2026 00:54,0.22
27/02/2026 00:57,0.27
27/02/2026 00:57,0.27
27/02/2026 00:57,0.27
27/02/2026 00:57,0.27
27/02/2026 00:59,0.32
27/02/2026 00:59,0.32
27/02/2026 00:59,0.32
27/02/2026 00:59,0.32
27/02/2026 01:03,0.27
27/02/2026 01:03,0.27
27/02/2026 01:03,0.27
27/02/2026 01:05,0.32
27/02/2026 01:05,0.32
27/02/2026 01:05,0.32
27/02/2026 01:05,0.32
27/02/2026 01:07,0.37
27/02/2026 01:07,0.37
27/02/2026 01:07,0.37
27/02/2026 01:08,0.22
27/02/2026 01:08,0.22
27/02/2026 01:08,0.22
27/02/2026 01:10,0.32
27/02/2026 01:10,0.32
27/02/2026 01:10,0.32
27/02/2026 01:14,0.42
27/02/2026 01:14,0.42
27/02/2026 01:14,0.42
27/02/2026 01:15,0.32
27/02/2026 01:15,0.32
27/02/2026 01:15,0.32
27/02/2026 01:15,0.32
27/02/2026 01:17,0.42
27/02/2026 01:17,0.42
27/02/2026 01:17,0.42
27/02/2026 01:20,0.37
27/02/2026 01:20,0.37
27/02/2026 01:20,0.37
27/02/2026 01:20,0.37
27/02/2026 01:22,0.42
27/02/2026 01:22,0.42
27/02/2026 01:22,0.42
27/02/2026 01:22,0.42
27/02/2026 01:25,0.37
27/02/2026 01:27,0.32
27/02/2026 01:27,0.32
27/02/2026 01:27,0.32
27/02/2026 01:29,0.42
27/02/2026 01:29,0.42
27/02/2026 01:31,0.32
27/02/2026 01:31,0.32
27/02/2026 01:31,0.32
27/02/2026 01:32,0.42
27/02/2026 01:32,0.42
27/02/2026 01:32,0.42
27/02/2026 01:32,0.42
27/02/2026 01:36,0.57
27/02/2026 01:36,0.57
27/02/2026 01:36,0.57
27/02/2026 01:36,0.57
27/02/2026 01:37,0.47
27/02/2026 01:37,0.47
27/02/2026 01:39,0.52
27/02/2026 01:39,0.52
27/02/2026 01:39,0.52
27/02/2026 01:40,0.47
27/02/2026 01:46,0.42
27/02/2026 01:46,0.42
27/02/2026 01:46,0.42
27/02/2026 01:48,0.47
27/02/2026 01:48,0.47
27/02/2026 01:48,0.47
27/02/2026 01:52,0.52
27/02/2026 01:52,0.52
27/02/2026 01:53,0.47
27/02/2026 01:56,0.57
27/02/2026 01:56,0.57
27/02/2026 01:56,0.57
27/02/2026 01:58,0.52
27/02/2026 01:58,0.52
27/02/2026 02:02,0.62
27/02/2026 02:02,0.62
27/02/2026 02:03,0.57
27/02/2026 02:03,0.57
27/02/2026 02:04,0.67
27/02/2026 02:04,0.67
27/02/2026 02:04,0.67
27/02/2026 02:04,0.67
27/02/2026 02:05,0.52
27/02/2026 02:05,0.52
27/02/2026 02:05,0.52
27/02/2026 02:08,0.67
27/02/2026 02:09,0.62
27/02/2026 02:09,0.62
27/02/2026 02:09,0.62
27/02/2026 02:10,0.57
27/02/2026 02:10,0.57
27/02/2026 02:10,0.57
27/02/2026 02:10,0.57
27/02/2026 02:12,0.62
27/02/2026 02:12,0.62
27/02/2026 02:15,0.62
27/02/2026 02:15,0.62
27/02/2026 02:15,0.62
27/02/2026 02:15,0.62
27/02/2026 02:23,0.52
27/02/2026 02:23,0.52
27/02/2026 02:23,0.52
27/02/2026 02:24,0.62
27/02/2026 02:24,0.62
27/02/2026 02:28,0.67
27/02/2026 02:28,0.67
27/02/2026 02:28,0.67
27/02/2026 02:28,0.67
27/02/2026 02:30,0.62
27/02/2026 02:30,0.72
27/02/2026 02:30,0.72
27/02/2026 02:30,0.72
27/02/2026 02:31,0.62
27/02/2026 02:31,0.62
27/02/2026 02:33,0.72
27/02/2026 02:33,0.72
27/02/2026 02:33,0.72
27/02/2026 02:37,0.82
27/02/2026 02:37,0.82
27/02/2026 02:37,0.82
27/02/2026 02:39,0.72
27/02/2026 02:53,0.77
27/02/2026 02:53,0.77
27/02/2026 02:53,0.77
27/02/2026 02:54,0.92
27/02/2026 02:54,0.92
27/02/2026 02:55,0.72
27/02/2026 02:55,0.72
27/02/2026 02:55,0.72
27/02/2026 02:55,0.72
27/02/2026 03:01,0.82
27/02/2026 03:01,0.82
27/02/2026 03:03,0.82
27/02/2026 03:05,0.92
27/02/2026 03:05,0.92
27/02/2026 03:05,0.92
27/02/2026 03:05,0.92
27/02/2026 03:05,0.92
27/02/2026 03:06,0.82
27/02/2026 03:06,0.82
27/02/2026 03:11,0.87
27/02/2026 03:16,0.77
27/02/2026 03:16,0.77
27/02/2026 03:17,0.82
27/02/2026 03:20,0.97
27/02/2026 03:20,0.97
27/02/2026 03:21,0.87
27/02/2026 03:21,0.87
27/02/2026 03:21,0.87
27/02/2026 03:25,0.72
27/02/2026 03:25,0.72
27/02/2026 03:25,0.72
27/02/2026 03:26,0.87
27/02/2026 03:29,0.97
27/02/2026 03:29,0.97
27/02/2026 03:29,0.97
27/02/2026 03:31,0.77
27/02/2026 03:31,0.77
27/02/2026 03:33,0.82
27/02/2026 03:33,0.82
27/02/2026 03:33,0.82
27/02/2026 03:34,0.97
27/02/2026 03:34,0.97
27/02/2026 03:34,0.97
27/02/2026 03:34,0.97
27/02/2026 03:36,0.87
27/02/2026 03:36,0.87
27/02/2026 03:37,0.97
27/02/2026 03:37,0.97
27/02/2026 03:37,0.97
27/02/2026 03:37,0.97
27/02/2026 03:38,0.82
27/02/2026 03:38,0.82
27/02/2026 03:39,0.92
27/02/2026 03:39,0.92
27/02/2026 03:40,0.97
27/02/2026 03:40,0.97
27/02/2026 03:44,0.97
27/02/2026 03:44,0.97
27/02/2026 03:44,0.97
27/02/2026 03:59,0.82
27/02/2026 04:00,0.87
27/02/2026 04:00,0.87
27/02/2026 04:02,1.02
27/02/2026 04:02,1.02
27/02/2026 04:02,1.02
27/02/2026 04:03,0.92
27/02/2026 04:03,0.92
27/02/2026 04:03,0.92
27/02/2026 04:08,0.82
27/02/2026 04:08,0.82
27/02/2026 04:08,0.82
27/02/2026 04:09,1.02
27/02/2026 04:09,1.02
27/02/2026 04:09,1.02
27/02/2026 04:09,1.02
27/02/2026 04:13,1.07
27/02/2026 04:14,0.87
27/02/2026 04:14,0.87
27/02/2026 04:27,1.07
27/02/2026 04:28,0.97
27/02/2026 04:28,0.97
27/02/2026 04:28,0.97
27/02/2026 04:28,0.97
27/02/2026 04:29,1.02
27/02/2026 04:29,1.02
27/02/2026 04:29,1.02
27/02/2026 04:29,1.02
27/02/2026 04:30,1.02
27/02/2026 04:30,0.97
27/02/2026 04:30,0.97
27/02/2026 04:30,0.97
27/02/2026 04:30,0.97
27/02/2026 04:34,0.92
27/02/2026 04:34,0.92
27/02/2026 04:34,0.92
27/02/2026 04:34,0.92
27/02/2026 04:35,1.02
27/02/2026 04:35,1.02
27/02/2026 04:37,1.07
27/02/2026 04:37,1.07
27/02/2026 04:38,0.92
27/02/2026 04:38,0.92
27/02/2026 04:39,1.02
27/02/2026 04:39,1.02
27/02/2026 04:41,0.97
27/02/2026 04:41,0.97
27/02/2026 04:44,0.97
27/02/2026 04:44,0.97
27/02/2026 04:44,0.97
27/02/2026 04:47,1.02
27/02/2026 04:47,1.02
27/02/2026 04:48,0.97
27/02/2026 04:48,0.97
27/02/2026 04:50,0.87
27/02/2026 04:50,0.87
27/02/2026 04:51,1.02
27/02/2026 04:51,1.02
27/02/2026 04:55,0.97
27/02/2026 04:55,0.97
27/02/2026 04:56,1.02
27/02/2026 04:56,1.02
27/02/2026 04:57,0.97
27/02/2026 04:57,0.97
27/02/2026 05:04,1.12
27/02/2026 05:04,1.12
27/02/2026 05:04,1.12
27/02/2026 05:05,1.02
27/02/2026 05:06,0.97
27/02/2026 05:13,0.87
27/02/2026 05:13,0.87
27/02/2026 05:13,0.87
27/02/2026 05:14,0.97
27/02/2026 05:14,0.97
27/02/2026 05:15,0.87
27/02/2026 05:15,0.87
27/02/2026 05:15,0.87
27/02/2026 05:16,0.97
27/02/2026 05:16,0.97
27/02/2026 05:17,0.92
27/02/2026 05:17,0.92
27/02/2026 05:17,0.92
27/02/2026 05:17,0.92
27/02/2026 05:19,1.02
27/02/2026 05:19,1.02
27/02/2026 05:19,1.02
27/02/2026 05:20,0.97
27/02/2026 05:20,0.97
27/02/2026 05:20,0.97
27/02/2026 05:21,0.92
27/02/2026 05:21,0.92
27/02/2026 05:23,0.97
27/02/2026 05:23,0.97
27/02/2026 05:23,0.97
27/02/2026 05:23,0.97
27/02/2026 05:30,1.02
27/02/2026 05:31,0.97
27/02/2026 05:32,0.97
27/02/2026 05:34,0.97
27/02/2026 05:34,0.97
27/02/2026 05:37,0.92
27/02/2026 05:37,0.92
27/02/2026 05:37,0.92
27/02/2026 05:37,0.92
27/02/2026 05:39,1.02
27/02/2026 05:39,1.02
27/02/2026 05:40,0.92
27/02/2026 05:40,0.92
27/02/2026 05:42,0.97
27/02/2026 05:47,1.07
27/02/2026 05:47,1.07
27/02/2026 05:48,1.02
27/02/2026 05:48,1.02
27/02/2026 05:48,1.02
27/02/2026 05:49,0.92
27/02/2026 05:49,0.92
27/02/2026 05:49,0.92
27/02/2026 05:50,0.97
27/02/2026 05:50,0.97
27/02/2026 05:50,0.97
27/02/2026 05:50,0.97
27/02/2026 05:52,0.92
27/02/2026 05:52,0.92
27/02/2026 05:52,0.92
27/02/2026 05:58,0.97
27/02/2026 05:58,0.97
27/02/2026 05:59,0.87
27/02/2026 05:59,0.87
27/02/2026 06:00,0.87
27/02/2026 06:04,0.97
27/02/2026 06:04,0.97
27/02/2026 06:04,0.97
27/02/2026 06:05,0.87
27/02/2026 06:05,0.87
27/02/2026 06:06,0.92
27/02/2026 06:08,0.82
27/02/2026 06:08,0.82
27/02/2026 06:09,0.97
27/02/2026 06:09,0.97
27/02/2026 06:11,0.82
27/02/2026 06:11,0.82
27/02/2026 06:11,0.82
27/02/2026 06:11,0.82
27/02/2026 06:13,0.92
27/02/2026 06:13,0.92
27/02/2026 06:14,0.87
27/02/2026 06:14,0.87
27/02/2026 06:15,0.97
27/02/2026 06:16,0.92
27/02/2026 06:16,0.92
27/02/2026 06:16,0.92
27/02/2026 06:18,0.82
27/02/2026 06:18,0.82
27/02/2026 06:22,0.77
27/02/2026 06:22,0.77
27/02/2026 06:22,0.77
27/02/2026 06:24,0.82
27/02/2026 06:24,0.82
27/02/2026 06:26,0.82
27/02/2026 06:26,0.82
27/02/2026 06:29,0.72
27/02/2026 06:30,0.72
27/02/2026 06:31,0.77
27/02/2026 06:31,0.77
27/02/2026 06:31,0.77
27/02/2026 06:43,0.82
27/02/2026 06:47,0.77
27/02/2026 06:47,0.77
27/02/2026 06:49,0.72
27/02/2026 06:49,0.72
27/02/2026 06:49,0.72
27/02/2026 06:49,0.72
27/02/2026 06:51,0.77
27/02/2026 06:52,0.77
27/02/2026 06:54,0.67
27/02/2026 06:54,0.67
27/02/2026 06:54,0.67
27/02/2026 06:55,0.77
27/02/2026 07:04,0.67
27/02/2026 07:05,0.67
27/02/2026 07:05,0.82
27/02/2026 07:05,0.82
27/02/2026 07:05,0.82
27/02/2026 07:06,0.77
27/02/2026 07:08,0.62
27/02/2026 07:09,0.67
27/02/2026 07:09,0.67
27/02/2026 07:14,0.62
27/02/2026 07:14,0.62
27/02/2026 07:16,0.67
27/02/2026 07:16,0.67
27/02/2026 07:16,0.67
27/02/2026 07:16,0.67
27/02/2026 07:18,0.77
27/02/2026 07:19,0.77
27/02/2026 07:19,0.62
27/02/2026 07:19,0.62
27/02/2026 07:20,0.67
27/02/2026 07:20,0.67
27/02/2026 07:20,0.67
27/02/2026 07:20,0.67
27/02/2026 07:25,0.62
27/02/2026 07:25,0.62
27/02/2026 07:25,0.62
27/02/2026 07:30,0.67
27/02/2026 07:30,0.62
27/02/2026 07:30,0.62
27/02/2026 07:33,0.52
27/02/2026 07:34,0.62
27/02/2026 07:34,0.62
27/02/2026 07:34,0.62
27/02/2026 07:35,0.57
27/02/2026 07:35,0.57
27/02/2026 07:51,0.57
27/02/2026 08:00,0.57
27/02/2026 08:00,0.57
27/02/2026 08:01,0.52
27/02/2026 08:01,0.52
27/02/2026 08:01,0.52
27/02/2026 08:06,0.47
27/02/2026 08:06,0.47
27/02/2026 08:06,0.47
27/02/2026 08:17,0.37
27/02/2026 08:17,0.37
27/02/2026 08:17,0.37
27/02/2026 08:18,0.42
27/02/2026 08:18,0.42
27/02/2026 08:18,0.42
27/02/2026 08:18,0.42
27/02/2026 08:26,0.32
27/02/2026 08:26,0.32
27/02/2026 08:27,0.37
27/02/2026 08:27,0.37
27/02/2026 08:27,0.37
27/02/2026 08:39,0.32
27/02/2026 08:39,0.32
27/02/2026 08:44,0.32
27/02/2026 08:44,0.32
27/02/2026 08:49,0.37
27/02/2026 08:49,0.37
27/02/2026 08:57,0.37
27/02/2026 08:57,0.37
27/02/2026 08:57,0.37
27/02/2026 08:57,0.37
27/02/2026 08:58,0.27
27/02/2026 08:58,0.27
27/02/2026 08:58,0.27
27/02/2026 09:15,0.17
27/02/2026 09:15,0.17
27/02/2026 09:20,0.22
27/02/2026 09:20,0.22
27/02/2026 09:20,0.22
27/02/2026 09:20,0.22
27/02/2026 09:21,0.32
27/02/2026 09:21,0.32
27/02/2026 09:21,0.32
27/02/2026 09:21,0.32
27/02/2026 09:21,0.32
27/02/2026 09:22,0.22
27/02/2026 09:22,0.22
27/02/2026 09:22,0.22
27/02/2026 09:24,0.17
27/02/2026 09:24,0.17
27/02/2026 09:24,0.17
27/02/2026 09:25,0.17
27/02/2026 09:25,0.22
27/02/2026 09:25,0.22
27/02/2026 09:25,0.22
27/02/2026 09:25,0.22
27/02/2026 09:25,0.22
27/02/2026 09:42,0.12
27/02/2026 09:42,0.12
27/02/2026 09:54,0.07
27/02/2026 10:30,0.02
27/02/2026 10:30,0.02
27/02/2026 10:40,-0.03
27/02/2026 10:40,-0.03
27/02/2026 10:40,-0.03
27/02/2026 11:08,-0.08
27/02/2026 11:08,-0.08
27/02/2026 11:08,-0.08
27/02/2026 11:30,-0.08
27/02/2026 11:45,-0.13
27/02/2026 11:45,-0.13
27/02/2026 11:46,-0.08
27/02/2026 11:46,-0.08
27/02/2026 11:50,-0.13
27/02/2026 11:50,-0.13
27/02/2026 11:50,-0.13
27/02/2026 11:59,-0.08
27/02/2026 11:59,-0.08
27/02/2026 11:59,-0.08
27/02/2026 11:59,-0.08
27/02/2026 12:02,-0.13
27/02/2026 12:02,-0.13
27/02/2026 12:02,-0.13
27/02/2026 12:18,-0.08
27/02/2026 12:18,-0.08
27/02/2026 12:18,-0.08
27/02/2026 12:18,-0.08
27/02/2026 12:20,-0.18
27/02/2026 12:20,-0.18
27/02/2026 12:22,-0.13
27/02/2026 12:22,-0.13
27/02/2026 12:25,-0.08
27/02/2026 12:25,-0.08
27/02/2026 12:25,-0.08
27/02/2026 12:26,-0.08
27/02/2026 12:30,-0.08
27/02/2026 12:30,-0.08
27/02/2026 12:44,-0.13
27/02/2026 12:44,-0.13
27/02/2026 12:44,-0.13
27/02/2026 12:46,-0.08
27/02/2026 12:46,-0.08
27/02/2026 12:50,0.02
27/02/2026 12:50,0.02
27/02/2026 12:51,-0.08
27/02/2026 12:52,-0.08
27/02/2026 12:57,-0.03
27/02/2026 12:57,-0.03
27/02/2026 12:58,-0.13
27/02/2026 12:58,-0.13
27/02/2026 12:58,-0.13
27/02/2026 12:59,-0.13
27/02/2026 12:59,-0.03
27/02/2026 12:59,-0.03
27/02/2026 12:59,-0.03
27/02/2026 13:01,-0.08
27/02/2026 13:01,-0.08
27/02/2026 13:01,-0.08
27/02/2026 13:04,0.02
27/02/2026 13:05,0.02
27/02/2026 13:07,-0.03
27/02/2026 13:07,-0.03
27/02/2026 13:07,-0.03
27/02/2026 13:08,-0.03
27/02/2026 13:10,-0.08
27/02/2026 13:10,-0.08
27/02/2026 13:10,-0.08
27/02/2026 13:11,0.02
27/02/2026 13:11,0.02
27/02/2026 13:13,-0.08
27/02/2026 13:14,-0.08
27/02/2026 13:14,0.02
27/02/2026 13:15,0.02
27/02/2026 13:15,-0.08
27/02/2026 13:15,-0.08
27/02/2026 13:16,0.02
27/02/2026 13:17,0.02
27/02/2026 13:22,-0.03
27/02/2026 13:22,0.02
27/02/2026 13:23,0.02
27/02/2026 13:31,-0.03
27/02/2026 13:31,-0.03
27/02/2026 13:32,0.07
27/02/2026 13:33,0.07
27/02/2026 13:33,0.02
27/02/2026 13:34,0.02
27/02/2026 13:43,0.07
27/02/2026 13:44,0.07
27/02/2026 13:45,-0.03
27/02/2026 13:45,-0.03
27/02/2026 13:45,-0.03
27/02/2026 13:48,0.07
27/02/2026 13:48,0.07
27/02/2026 13:57,0.12
27/02/2026 14:07,0.07
27/02/2026 14:08,0.07
27/02/2026 14:08,0.02
27/02/2026 14:08,0.02
27/02/2026 14:09,0.02
27/02/2026 14:09,0.17
27/02/2026 14:09,0.17
27/02/2026 14:10,0.17
27/02/2026 14:12,0.17
27/02/2026 14:12,0.17
27/02/2026 14:12,0.17
27/02/2026 14:13,0.12
27/02/2026 14:14,0.12
27/02/2026 14:21,0.07
27/02/2026 14:22,0.07
27/02/2026 14:22,0.17
27/02/2026 14:22,0.17
27/02/2026 14:23,0.17
27/02/2026 14:30,0.17
27/02/2026 14:30,0.17
27/02/2026 14:31,0.17
27/02/2026 14:34,0.27
27/02/2026 14:35,0.27
27/02/2026 14:35,0.17
27/02/2026 14:36,0.17
27/02/2026 14:39,0.22
27/02/2026 14:39,0.22
27/02/2026 14:39,0.22
27/02/2026 14:40,0.22
27/02/2026 14:40,0.17
27/02/2026 14:40,0.17
27/02/2026 14:42,0.27
27/02/2026 14:42,0.27
27/02/2026 14:43,0.27
27/02/2026 14:43,0.22
27/02/2026 14:43,0.22
27/02/2026 14:43,0.22
27/02/2026 14:44,0.22
27/02/2026 14:48,0.32
27/02/2026 14:48,0.22
27/02/2026 14:48,0.22
27/02/2026 14:49,0.22
27/02/2026 14:54,0.32
27/02/2026 14:55,0.32
27/02/2026 14:56,0.37
27/02/2026 14:56,0.37
27/02/2026 14:57,0.37
27/02/2026 14:58,0.27
27/02/2026 14:58,0.27
27/02/2026 15:02,0.27
27/02/2026 15:03,0.27
27/02/2026 15:11,0.22
27/02/2026 15:11,0.22
27/02/2026 15:12,0.22
27/02/2026 15:12,0.32
27/02/2026 15:12,0.32
27/02/2026 15:13,0.32
27/02/2026 15:15,0.27
27/02/2026 15:16,0.27
27/02/2026 15:18,0.32
27/02/2026 15:19,0.32
27/02/2026 15:19,0.37
27/02/2026 15:19,0.37
27/02/2026 15:20,0.37
27/02/2026 15:20,0.32
27/02/2026 15:20,0.32
27/02/2026 15:20,0.32
27/02/2026 15:20,0.32
27/02/2026 15:21,0.27
27/02/2026 15:22,0.37
27/02/2026 15:23,0.37
27/02/2026 15:23,0.27
27/02/2026 15:24,0.27
27/02/2026 15:25,0.37
27/02/2026 15:26,0.37
27/02/2026 15:30,0.32
27/02/2026 15:30,0.32
27/02/2026 15:30,0.32
27/02/2026 15:32,0.37
27/02/2026 15:32,0.37
27/02/2026 15:32,0.37
27/02/2026 15:32,0.37
27/02/2026 15:33,0.37
27/02/2026 15:39,0.32
27/02/2026 15:39,0.32
27/02/2026 15:40,0.32
27/02/2026 15:42,0.42
27/02/2026 15:42,0.42
27/02/2026 15:43,0.42
27/02/2026 15:44,0.27
27/02/2026 15:44,0.27
27/02/2026 15:45,0.27
27/02/2026 15:49,0.37
27/02/2026 15:49,0.37
27/02/2026 15:49,0.37
27/02/2026 15:52,0.42
27/02/2026 15:52,0.42
27/02/2026 15:52,0.42
27/02/2026 15:53,0.42
27/02/2026 15:58,0.32
27/02/2026 15:59,0.32
27/02/2026 15:59,0.42
27/02/2026 16:00,0.42
27/02/2026 16:00,0.32
27/02/2026 16:00,0.32
27/02/2026 16:01,0.32
27/02/2026 16:01,0.42
27/02/2026 16:01,0.42
27/02/2026 16:01,0.42
27/02/2026 16:02,0.37
27/02/2026 16:02,0.37
27/02/2026 16:04,0.42
27/02/2026 16:04,0.42
27/02/2026 16:05,0.52
27/02/2026 16:05,0.52
27/02/2026 16:06,0.52
27/02/2026 16:09,0.32
27/02/2026 16:10,0.32
27/02/2026 16:10,0.42
27/02/2026 16:11,0.42
27/02/2026 16:18,0.52
27/02/2026 16:18,0.52
27/02/2026 16:19,0.52
27/02/2026 16:19,0.47
27/02/2026 16:20,0.47
27/02/2026 16:22,0.62
27/02/2026 16:23,0.42
27/02/2026 16:24,0.42
27/02/2026 16:26,0.52
27/02/2026 16:27,0.52
27/02/2026 16:27,0.42
27/02/2026 16:28,0.42
27/02/2026 16:28,0.32
27/02/2026 16:28,0.32
27/02/2026 16:29,0.32
27/02/2026 16:29,0.42
27/02/2026 16:29,0.42
27/02/2026 16:30,0.42
27/02/2026 16:30,0.42
27/02/2026 16:30,0.47
27/02/2026 16:31,0.47
27/02/2026 16:32,0.52
27/02/2026 16:32,0.52
27/02/2026 16:34,0.47
27/02/2026 16:35,0.47
27/02/2026 16:39,0.47
27/02/2026 16:40,0.47
27/02/2026 16:40,0.62
27/02/2026 16:40,0.62
27/02/2026 16:41,0.62
27/02/2026 16:47,0.52
27/02/2026 16:48,0.52
27/02/2026 16:50,0.42
27/02/2026 16:50,0.42
27/02/2026 16:50,0.42
27/02/2026 16:51,0.42
27/02/2026 16:53,0.42
27/02/2026 16:54,0.42
27/02/2026 16:54,0.52
27/02/2026 16:55,0.52
27/02/2026 16:56,0.47
27/02/2026 16:56,0.52
27/02/2026 17:00,0.62
27/02/2026 17:00,0.62
27/02/2026 17:00,0.62
27/02/2026 17:01,0.57
27/02/2026 17:01,0.57
27/02/2026 17:01,0.57
27/02/2026 17:02,0.57
27/02/2026 17:04,0.62
27/02/2026 17:04,0.62
27/02/2026 17:05,0.52
27/02/2026 17:08,0.47
27/02/2026 17:08,0.47
27/02/2026 17:08,0.47
27/02/2026 17:09,0.47
27/02/2026 17:09,0.52
27/02/2026 17:09,0.52
27/02/2026 17:10,0.52
27/02/2026 17:10,0.62
27/02/2026 17:10,0.62
27/02/2026 17:14,0.47
27/02/2026 17:15,0.47
27/02/2026 17:17,0.52
27/02/2026 17:17,0.52
27/02/2026 17:18,0.52
27/02/2026 17:18,0.42
27/02/2026 17:18,0.42
27/02/2026 17:19,0.42
27/02/2026 17:19,0.57
27/02/2026 17:20,0.52
27/02/2026 17:21,0.52
27/02/2026 17:22,0.62
27/02/2026 17:22,0.62
27/02/2026 17:22,0.62
27/02/2026 17:23,0.62
27/02/2026 17:23,0.52
27/02/2026 17:23,0.52
27/02/2026 17:26,0.57
27/02/2026 17:26,0.57
27/02/2026 17:26,0.57
27/02/2026 17:30,0.57
27/02/2026 17:32,0.47
27/02/2026 17:33,0.47
27/02/2026 17:33,0.52
27/02/2026 17:33,0.52
27/02/2026 17:34,0.52
27/02/2026 17:35,0.57
27/02/2026 17:36,0.57
27/02/2026 17:36,0.52
27/02/2026 17:37,0.52
27/02/2026 17:39,0.52
27/02/2026 17:39,0.52
27/02/2026 17:46,0.47
27/02/2026 17:48,0.37
27/02/2026 17:48,0.37
27/02/2026 17:49,0.37
27/02/2026 17:50,0.52
27/02/2026 17:52,0.52
27/02/2026 17:53,0.52
27/02/2026 17:53,0.52
27/02/2026 17:53,0.52
27/02/2026 17:54,0.47
27/02/2026 17:54,0.47
27/02/2026 17:55,0.52
27/02/2026 17:56,0.52
27/02/2026 18:00,0.47
27/02/2026 18:01,0.47
27/02/2026 18:01,0.57
27/02/2026 18:02,0.57
27/02/2026 18:02,0.47
27/02/2026 18:02,0.47
27/02/2026 18:02,0.47
27/02/2026 18:03,0.47
27/02/2026 18:04,0.52
27/02/2026 18:04,0.52
27/02/2026 18:05,0.52
27/02/2026 18:05,0.62
27/02/2026 18:06,0.62
27/02/2026 18:06,0.52
27/02/2026 18:06,0.52
27/02/2026 18:06,0.52
27/02/2026 18:08,0.42
27/02/2026 18:08,0.42
27/02/2026 18:08,0.42
27/02/2026 18:10,0.37
27/02/2026 18:11,0.42
27/02/2026 18:12,0.42
27/02/2026 18:12,0.57
27/02/2026 18:12,0.57
27/02/2026 18:12,0.57
27/02/2026 18:13,0.57
27/02/2026 18:13,0.47
27/02/2026 18:20,0.52
27/02/2026 18:20,0.52
27/02/2026 18:20,0.52
27/02/2026 18:22,0.27
27/02/2026 18:22,0.47
27/02/2026 18:22,0.47
27/02/2026 18:23,0.47
27/02/2026 18:23,0.52
27/02/2026 18:23,0.52
27/02/2026 18:25,0.57
27/02/2026 18:26,0.42
27/02/2026 18:26,0.42
27/02/2026 18:26,0.42
27/02/2026 18:27,0.42
27/02/2026 18:27,0.47
27/02/2026 18:28,0.47
27/02/2026 18:30,0.42
27/02/2026 18:30,0.42
27/02/2026 18:31,0.47
27/02/2026 18:32,0.47
27/02/2026 18:34,0.37
27/02/2026 18:35,0.37
27/02/2026 18:35,0.47
27/02/2026 18:35,0.47
27/02/2026 18:37,0.47
27/02/2026 18:37,0.47
27/02/2026 18:40,0.42
27/02/2026 18:40,0.42
27/02/2026 18:40,0.42
27/02/2026 18:41,0.42
27/02/2026 18:43,0.37
27/02/2026 18:43,0.42
27/02/2026 18:44,0.42
27/02/2026 18:47,0.42
27/02/2026 18:48,0.42
27/02/2026 18:53,0.37
27/02/2026 18:53,0.37
27/02/2026 18:53,0.37
27/02/2026 18:53,0.37
27/02/2026 18:54,0.37
27/02/2026 18:54,0.47
27/02/2026 18:55,0.47
27/02/2026 18:59,0.37
27/02/2026 19:02,0.37
27/02/2026 19:02,0.37
27/02/2026 19:03,0.42
27/02/2026 19:03,0.42
27/02/2026 19:05,0.32
27/02/2026 19:05,0.32
27/02/2026 19:07,0.37
27/02/2026 19:08,0.37
27/02/2026 19:16,0.42
27/02/2026 19:16,0.42
27/02/2026 19:16,0.42
27/02/2026 19:17,0.37
27/02/2026 19:17,0.37
27/02/2026 19:17,0.37
27/02/2026 19:18,0.37
27/02/2026 19:29,0.27
27/02/2026 19:29,0.27
27/02/2026 19:32,0.37
27/02/2026 19:35,0.32
27/02/2026 19:35,0.32
27/02/2026 19:36,0.32
27/02/2026 19:36,0.27
27/02/2026 19:36,0.27
27/02/2026 19:37,0.27
27/02/2026 19:39,0.37
27/02/2026 19:40,0.37
27/02/2026 19:41,0.27
27/02/2026 19:41,0.27
27/02/2026 19:42,0.27
27/02/2026 19:51,0.22
27/02/2026 19:52,0.22
27/02/2026 20:01,0.27
27/02/2026 20:04,0.27
27/02/2026 20:05,0.27
27/02/2026 20:05,0.17
27/02/2026 20:06,0.17
27/02/2026 20:09,0.22
27/02/2026 20:09,0.12
27/02/2026 20:09,0.12
27/02/2026 20:10,0.12
27/02/2026 20:10,0.22
27/02/2026 20:10,0.22
27/02/2026 20:11,0.17
27/02/2026 20:11,0.17
27/02/2026 20:30,0.12
27/02/2026 20:30,0.12
27/02/2026 20:47,0.07
27/02/2026 20:47,0.07
27/02/2026 20:48,0.07
27/02/2026 20:55,0.02
27/02/2026 20:55,0.02
27/02/2026 20:55,0.02
27/02/2026 20:56,0.02
27/02/2026 21:08,0.07
27/02/2026 21:08,0.07
27/02/2026 21:11,-0.03
27/02/2026 21:11,-0.03
27/02/2026 21:15,0.02
27/02/2026 21:15,0.02
27/02/2026 21:16,0.02
27/02/2026 21:21,-0.03
27/02/2026 21:21,-0.03
27/02/2026 21:22,-0.03
27/02/2026 21:42,-0.08
27/02/2026 21:42,-0.08
27/02/2026 21:42,-0.08
27/02/2026 21:43,-0.08
27/02/2026 21:56,-0.13
27/02/2026 21:56,-0.13
27/02/2026 21:57,-0.13
27/02/2026 22:26,-0.18
27/02/2026 22:26,-0.18
27/02/2026 22:27,-0.18
27/02/2026 22:30,-0.18
27/02/2026 23:13,-0.23
27/02/2026 23:13,-0.23
27/02/2026 23:16,-0.18
27/02/2026 23:21,-0.23
27/02/2026 23:22,-0.23
27/02/2026 23:24,-0.18
27/02/2026 23:24,-0.18
27/02/2026 23:25,-0.18
27/02/2026 23:57,-0.18
28/02/2026 00:00,-0.08
28/02/2026 00:01,-0.08
28/02/2026 00:01,-0.13
28/02/2026 00:01,-0.13
28/02/2026 00:02,-0.13
28/02/2026 00:02,-0.18
28/02/2026 00:02,-0.18
28/02/2026 00:03,-0.18
28/02/2026 00:03,-0.08
28/02/2026 00:03,-0.08
28/02/2026 00:04,-0.08
28/02/2026 00:07,-0.08
28/02/2026 00:08,-0.18
28/02/2026 00:08,-0.18
28/02/2026 00:09,-0.18
28/02/2026 00:09,-0.13
28/02/2026 00:09,-0.13
28/02/2026 00:09,-0.13
28/02/2026 00:12,-0.18
28/02/2026 00:12,-0.18
28/02/2026 00:12,-0.18
28/02/2026 00:13,-0.18
28/02/2026 00:13,-0.13
28/02/2026 00:13,-0.13
28/02/2026 00:14,-0.13
28/02/2026 00:16,-0.08
28/02/2026 00:16,-0.08
28/02/2026 00:17,-0.08
28/02/2026 00:30,-0.08
28/02/2026 00:30,-0.08
28/02/2026 00:39,-0.08
28/02/2026 00:46,-0.08
28/02/2026 00:47,-0.08
28/02/2026 00:52,0.02
28/02/2026 00:52,0.02
28/02/2026 00:53,0.02
28/02/2026 00:54,-0.08
28/02/2026 00:54,-0.08
28/02/2026 00:55,-0.08
28/02/2026 00:55,-0.03
28/02/2026 00:56,-0.03
28/02/2026 01:07,0.02
28/02/2026 01:08,0.12
28/02/2026 01:08,0.12
28/02/2026 01:09,0.12
28/02/2026 01:18,0.07
28/02/2026 01:18,0.07
28/02/2026 01:19,0.07
28/02/2026 01:24,0.12
28/02/2026 01:24,0.12
28/02/2026 01:25,0.12
28/02/2026 01:25,0.02
28/02/2026 01:25,0.02
28/02/2026 01:26,0.02
28/02/2026 01:26,0.12
28/02/2026 01:27,0.12
28/02/2026 01:30,0.17
28/02/2026 01:30,0.07
28/02/2026 01:31,0.07
28/02/2026 01:31,0.12
28/02/2026 01:31,0.12
28/02/2026 01:36,0.07
28/02/2026 01:36,0.07
28/02/2026 01:37,0.07
28/02/2026 01:37,0.22
28/02/2026 01:38,0.22
28/02/2026 01:40,0.12
28/02/2026 01:41,0.12
28/02/2026 01:41,0.17
28/02/2026 01:42,0.17
28/02/2026 01:44,0.27
28/02/2026 01:44,0.27
28/02/2026 01:44,0.27
28/02/2026 01:45,0.17
28/02/2026 01:47,0.22
28/02/2026 01:47,0.22
28/02/2026 01:47,0.22
28/02/2026 01:50,0.17
28/02/2026 01:50,0.17
28/02/2026 01:51,0.17
28/02/2026 01:52,0.27
28/02/2026 01:52,0.27
28/02/2026 01:53,0.27
28/02/2026 01:53,0.17
28/02/2026 01:53,0.17
28/02/2026 01:53,0.17
28/02/2026 01:53,0.17
28/02/2026 02:01,0.32
28/02/2026 02:01,0.32
28/02/2026 02:01,0.32
28/02/2026 02:03,0.22
28/02/2026 02:03,0.22
28/02/2026 02:04,0.22
28/02/2026 02:04,0.32
28/02/2026 02:05,0.32
28/02/2026 02:07,0.32
28/02/2026 02:07,0.32
28/02/2026 02:12,0.42
28/02/2026 02:12,0.42
28/02/2026 02:14,0.37
28/02/2026 02:14,0.37
28/02/2026 02:20,0.32
28/02/2026 02:21,0.32
28/02/2026 02:21,0.37
28/02/2026 02:21,0.37
28/02/2026 02:24,0.27
28/02/2026 02:24,0.27
28/02/2026 02:25,0.27
28/02/2026 02:27,0.52
28/02/2026 02:27,0.52
28/02/2026 02:28,0.42
28/02/2026 02:28,0.42
28/02/2026 02:30,0.47
28/02/2026 02:31,0.47
28/02/2026 02:32,0.42
28/02/2026 02:32,0.42
28/02/2026 02:33,0.42
28/02/2026 02:36,0.47
28/02/2026 02:37,0.47
28/02/2026 02:41,0.52
28/02/2026 02:41,0.52
28/02/2026 02:43,0.42
28/02/2026 02:43,0.42
28/02/2026 02:47,0.62
28/02/2026 02:47,0.52
28/02/2026 02:47,0.52
28/02/2026 02:48,0.52
28/02/2026 02:49,0.42
28/02/2026 02:50,0.42
28/02/2026 02:50,0.57
28/02/2026 02:51,0.57
28/02/2026 02:53,0.57
28/02/2026 02:53,0.57
28/02/2026 02:54,0.57
28/02/2026 02:58,0.47
28/02/2026 02:58,0.47
28/02/2026 02:59,0.47
28/02/2026 02:59,0.62
28/02/2026 02:59,0.62
28/02/2026 02:59,0.62
28/02/2026 03:00,0.62
28/02/2026 03:01,0.52
28/02/2026 03:01,0.52
28/02/2026 03:02,0.52
28/02/2026 03:02,0.62
28/02/2026 03:02,0.62
28/02/2026 03:03,0.62
28/02/2026 03:05,0.52
28/02/2026 03:06,0.52
28/02/2026 03:07,0.57
28/02/2026 03:07,0.57
28/02/2026 03:08,0.57
28/02/2026 03:10,0.62
28/02/2026 03:10,0.62
28/02/2026 03:13,0.72
28/02/2026 03:14,0.72
28/02/2026 03:16,0.67
28/02/2026 03:18,0.77
28/02/2026 03:18,0.77
28/02/2026 03:19,0.77
28/02/2026 03:21,0.72
28/02/2026 03:21,0.72
28/02/2026 03:22,0.72
28/02/2026 03:27,0.82
28/02/2026 03:27,0.82
28/02/2026 03:27,0.82
28/02/2026 03:28,0.82
28/02/2026 03:29,0.72
28/02/2026 03:29,0.72
28/02/2026 03:30,0.72
28/02/2026 03:30,0.72
28/02/2026 03:33,0.82
28/02/2026 03:34,0.82
28/02/2026 03:35,0.72
28/02/2026 03:35,0.72
28/02/2026 03:35,0.72
28/02/2026 03:36,0.72
28/02/2026 03:38,0.77
28/02/2026 03:38,0.77
28/02/2026 03:41,0.67
28/02/2026 03:41,0.77
28/02/2026 03:41,0.77
28/02/2026 03:41,0.77
28/02/2026 03:42,0.77
28/02/2026 03:42,0.67
28/02/2026 03:42,0.67
28/02/2026 03:43,0.67
28/02/2026 03:43,0.87
28/02/2026 03:44,0.87
28/02/2026 03:44,0.77
28/02/2026 03:44,0.77
28/02/2026 03:45,0.67
28/02/2026 03:45,0.67
28/02/2026 03:46,0.67
28/02/2026 03:49,0.92
28/02/2026 03:49,0.92
28/02/2026 03:50,0.92
28/02/2026 03:50,0.77
28/02/2026 03:50,0.77
28/02/2026 03:51,0.77
28/02/2026 03:51,0.87
28/02/2026 03:52,0.92
28/02/2026 03:52,0.92
28/02/2026 03:53,0.82
28/02/2026 03:54,0.82
28/02/2026 03:54,0.92
28/02/2026 03:54,0.92
28/02/2026 03:55,0.92
28/02/2026 03:59,0.82
28/02/2026 03:59,0.82
28/02/2026 04:01,0.92
28/02/2026 04:01,0.87
28/02/2026 04:01,0.87
28/02/2026 04:01,0.87
28/02/2026 04:02,0.87
28/02/2026 04:08,0.92
28/02/2026 04:08,0.92
28/02/2026 04:09,0.92
28/02/2026 04:10,0.82
28/02/2026 04:10,0.82
28/02/2026 04:10,0.82
28/02/2026 04:10,0.82
28/02/2026 04:11,0.82
28/02/2026 04:11,0.92
28/02/2026 04:11,0.92
28/02/2026 04:11,0.92
28/02/2026 04:13,0.97
28/02/2026 04:14,0.97
28/02/2026 04:16,0.87
28/02/2026 04:17,0.87
28/02/2026 04:18,0.87
28/02/2026 04:18,0.87
28/02/2026 04:18,0.87
28/02/2026 04:19,0.87
28/02/2026 04:23,0.92
28/02/2026 04:25,1.12
28/02/2026 04:25,1.12
28/02/2026 04:26,1.12
28/02/2026 04:26,1.02
28/02/2026 04:26,1.02
28/02/2026 04:27,0.87
28/02/2026 04:27,0.87
28/02/2026 04:28,0.97
28/02/2026 04:28,0.97
28/02/2026 04:29,0.97
28/02/2026 04:30,0.97
28/02/2026 04:31,0.92
28/02/2026 04:31,0.92
28/02/2026 04:31,0.92
28/02/2026 04:32,0.92
28/02/2026 04:32,1.07
28/02/2026 04:32,1.07
28/02/2026 04:34,0.97
28/02/2026 04:34,0.97
28/02/2026 04:35,0.97
28/02/2026 04:35,1.07
28/02/2026 04:35,1.07
28/02/2026 04:35,1.07
28/02/2026 04:36,1.07
28/02/2026 04:36,0.97
28/02/2026 04:36,0.97
28/02/2026 04:37,0.97
28/02/2026 04:39,1.02
28/02/2026 04:40,1.02
28/02/2026 04:41,1.12
28/02/2026 04:41,1.12
28/02/2026 04:42,1.12
28/02/2026 04:44,0.97
28/02/2026 04:45,0.97
28/02/2026 04:45,1.12
28/02/2026 04:46,1.07
28/02/2026 04:46,1.07
28/02/2026 04:47,1.07
28/02/2026 04:52,1.07
28/02/2026 04:53,1.07
28/02/2026 04:54,1.12
28/02/2026 04:54,1.12
28/02/2026 04:54,1.12
28/02/2026 04:55,0.97
28/02/2026 04:55,0.97
28/02/2026 04:55,0.97
28/02/2026 04:56,0.97
28/02/2026 04:56,1.02
28/02/2026 04:57,1.02
28/02/2026 04:58,1.12
28/02/2026 04:58,1.12
28/02/2026 04:58,1.12
28/02/2026 05:05,1.07
28/02/2026 05:05,1.07
28/02/2026 05:06,1.07
28/02/2026 05:08,1.22
28/02/2026 05:08,1.22
28/02/2026 05:08,1.22
28/02/2026 05:09,1.07
28/02/2026 05:09,1.07
28/02/2026 05:09,1.07
28/02/2026 05:10,1.07
28/02/2026 05:14,1.12
28/02/2026 05:14,1.12
28/02/2026 05:14,1.12
28/02/2026 05:18,1.02
28/02/2026 05:18,1.02
28/02/2026 05:18,1.02
28/02/2026 05:19,1.02
28/02/2026 05:21,1.02
28/02/2026 05:21,1.02
28/02/2026 05:23,1.07
28/02/2026 05:23,1.07
28/02/2026 05:25,1.17
28/02/2026 05:25,1.17
28/02/2026 05:30,1.12
28/02/2026 05:30,1.12
28/02/2026 05:30,1.12
28/02/2026 05:39,1.07
28/02/2026 05:39,1.07
28/02/2026 05:39,1.07
28/02/2026 05:41,1.12
28/02/2026 05:42,1.12
28/02/2026 05:47,1.12
28/02/2026 05:49,1.17
28/02/2026 05:49,1.17
28/02/2026 05:50,1.07
28/02/2026 05:51,1.07
28/02/2026 05:52,1.12
28/02/2026 05:53,1.12
28/02/2026 05:57,1.17
28/02/2026 05:58,1.17
28/02/2026 05:58,1.07
28/02/2026 05:59,1.07
28/02/2026 05:59,1.17
28/02/2026 05:59,1.17
28/02/2026 05:59,1.17
28/02/2026 06:00,1.17
28/02/2026 06:01,1.07
28/02/2026 06:02,1.07
28/02/2026 06:05,1.22
28/02/2026 06:05,1.22
28/02/2026 06:07,1.22
28/02/2026 06:07,1.22
28/02/2026 06:08,1.22
28/02/2026 06:09,1.22
28/02/2026 06:09,1.22
28/02/2026 06:10,1.02
28/02/2026 06:10,1.02
28/02/2026 06:11,1.02
28/02/2026 06:11,1.12
28/02/2026 06:11,1.12
28/02/2026 06:12,1.12
28/02/2026 06:12,1.02
28/02/2026 06:12,1.02
28/02/2026 06:13,1.02
28/02/2026 06:14,1.02
28/02/2026 06:14,1.02
28/02/2026 06:15,1.02
28/02/2026 06:16,1.07
28/02/2026 06:16,1.07
28/02/2026 06:23,1.22
28/02/2026 06:23,1.22
28/02/2026 06:23,1.22
28/02/2026 06:24,1.12
28/02/2026 06:24,1.12
28/02/2026 06:25,1.12
28/02/2026 06:25,1.17
28/02/2026 06:25,1.17
28/02/2026 06:25,1.17
28/02/2026 06:26,1.17
28/02/2026 06:27,1.07
28/02/2026 06:28,1.07
28/02/2026 06:29,1.17
28/02/2026 06:30,1.17
28/02/2026 06:31,1.07
28/02/2026 06:31,1.07
28/02/2026 06:31,1.07
28/02/2026 06:32,1.07
28/02/2026 06:32,1.02
28/02/2026 06:32,1.02
28/02/2026 06:32,1.02
28/02/2026 06:33,1.07
28/02/2026 06:33,1.07
28/02/2026 06:36,1.12
28/02/2026 06:37,1.22
28/02/2026 06:37,1.22
28/02/2026 06:38,1.22
28/02/2026 06:41,1.02
28/02/2026 06:43,1.12
28/02/2026 06:43,1.12
28/02/2026 06:43,1.12
28/02/2026 06:44,1.02
28/02/2026 06:44,1.02
28/02/2026 06:45,1.12
28/02/2026 06:47,1.12
28/02/2026 06:47,1.12
28/02/2026 06:48,1.02
28/02/2026 06:48,1.02
28/02/2026 06:49,1.02
28/02/2026 06:49,0.92
28/02/2026 06:49,0.92
28/02/2026 06:49,0.92
28/02/2026 06:50,0.92
28/02/2026 06:54,0.97
28/02/2026 06:55,0.97
28/02/2026 07:00,1.07
28/02/2026 07:00,1.07
28/02/2026 07:01,1.07
28/02/2026 07:01,1.02
28/02/2026 07:01,1.02
28/02/2026 07:01,1.02
28/02/2026 07:02,1.02
28/02/2026 07:03,0.87
28/02/2026 07:04,0.87
28/02/2026 07:04,1.07
28/02/2026 07:05,1.07
28/02/2026 07:05,0.97
28/02/2026 07:05,0.97
28/02/2026 07:06,1.07
28/02/2026 07:06,1.07
28/02/2026 07:07,1.07
28/02/2026 07:07,0.97
28/02/2026 07:07,0.97
28/02/2026 07:08,0.97
28/02/2026 07:09,1.07
28/02/2026 07:10,1.07
28/02/2026 07:10,0.97
28/02/2026 07:10,0.97
28/02/2026 07:10,0.97
28/02/2026 07:11,0.97
28/02/2026 07:12,1.02
28/02/2026 07:12,1.02
28/02/2026 07:17,0.92
28/02/2026 07:17,0.92
28/02/2026 07:17,0.92
28/02/2026 07:18,0.92
28/02/2026 07:20,1.02
28/02/2026 07:20,1.02
28/02/2026 07:20,1.02
28/02/2026 07:21,1.02
28/02/2026 07:21,0.97
28/02/2026 07:22,0.97
28/02/2026 07:23,0.87
28/02/2026 07:23,0.87
28/02/2026 07:24,0.87
28/02/2026 07:24,0.97
28/02/2026 07:24,0.97
28/02/2026 07:24,0.97
28/02/2026 07:24,0.97
28/02/2026 07:25,0.97
28/02/2026 07:27,0.92
28/02/2026 07:27,0.92
28/02/2026 07:32,0.87
28/02/2026 07:32,0.87
28/02/2026 07:33,0.87
28/02/2026 07:33,0.97
28/02/2026 07:34,0.97
28/02/2026 07:34,0.87
28/02/2026 07:34,0.87
28/02/2026 07:35,0.87
28/02/2026 07:42,0.87
28/02/2026 07:49,0.92
28/02/2026 07:49,0.92
28/02/2026 07:50,0.92
28/02/2026 07:51,0.82
28/02/2026 07:51,0.82
28/02/2026 07:52,0.82
28/02/2026 07:53,0.87
28/02/2026 07:53,0.87
28/02/2026 07:54,0.87
28/02/2026 07:54,0.82
28/02/2026 07:55,0.82
28/02/2026 07:56,0.87
28/02/2026 07:56,0.87
28/02/2026 07:58,0.82
28/02/2026 07:59,0.82
28/02/2026 07:59,0.77
28/02/2026 07:59,0.77
28/02/2026 08:04,0.87
28/02/2026 08:04,0.87
28/02/2026 08:05,0.87
28/02/2026 08:05,0.77
28/02/2026 08:06,0.77
28/02/2026 08:07,0.82
28/02/2026 08:07,0.82
28/02/2026 08:08,0.72
28/02/2026 08:09,0.72
28/02/2026 08:10,0.77
28/02/2026 08:10,0.77
28/02/2026 08:12,0.72
28/02/2026 08:12,0.72
28/02/2026 08:12,0.72
28/02/2026 08:13,0.72
28/02/2026 08:13,0.82
28/02/2026 08:14,0.82
28/02/2026 08:14,0.67
28/02/2026 08:15,0.67
28/02/2026 08:17,0.72
28/02/2026 08:18,0.72
28/02/2026 08:18,0.67
28/02/2026 08:19,0.67
28/02/2026 08:20,0.77
28/02/2026 08:20,0.77
28/02/2026 08:20,0.77
28/02/2026 08:21,0.77
28/02/2026 08:21,0.67
28/02/2026 08:21,0.67
28/02/2026 08:21,0.67
28/02/2026 08:22,0.72
28/02/2026 08:22,0.72
28/02/2026 08:24,0.62
28/02/2026 08:25,0.62
28/02/2026 08:25,0.72
28/02/2026 08:25,0.72
28/02/2026 08:26,0.72
28/02/2026 08:26,0.67
28/02/2026 08:26,0.67
28/02/2026 08:26,0.67
28/02/2026 08:27,0.67
28/02/2026 08:27,0.62
28/02/2026 08:28,0.62
28/02/2026 08:29,0.72
28/02/2026 08:29,0.72
28/02/2026 08:30,0.72
28/02/2026 08:30,0.72
28/02/2026 08:31,0.67
28/02/2026 08:31,0.67
28/02/2026 08:32,0.67
28/02/2026 08:40,0.67
28/02/2026 08:40,0.67
28/02/2026 08:41,0.67
28/02/2026 08:41,0.62
28/02/2026 08:41,0.62
28/02/2026 08:42,0.62
28/02/2026 08:43,0.57
28/02/2026 08:44,0.57
28/02/2026 08:45,0.62
28/02/2026 08:46,0.62
28/02/2026 08:46,0.62
28/02/2026 08:48,0.52
28/02/2026 08:48,0.52
28/02/2026 09:01,0.57
28/02/2026 09:01,0.57
28/02/2026 09:02,0.57
28/02/2026 09:03,0.52
28/02/2026 09:03,0.52
28/02/2026 09:07,0.47
28/02/2026 09:07,0.47
28/02/2026 09:08,0.47
28/02/2026 09:08,0.57
28/02/2026 09:08,0.57
28/02/2026 09:08,0.57
28/02/2026 09:09,0.57
28/02/2026 09:09,0.52
28/02/2026 09:09,0.52
28/02/2026 09:10,0.52
28/02/2026 09:11,0.42
28/02/2026 09:12,0.42
28/02/2026 09:12,0.47
28/02/2026 09:13,0.47
28/02/2026 09:16,0.42
28/02/2026 09:16,0.42
28/02/2026 09:16,0.42
28/02/2026 09:17,0.42
28/02/2026 09:18,0.52
28/02/2026 09:18,0.52
28/02/2026 09:21,0.52
28/02/2026 09:22,0.52
28/02/2026 09:22,0.42
28/02/2026 09:22,0.42
28/02/2026 09:23,0.42
28/02/2026 09:26,0.37
28/02/2026 09:27,0.37
28/02/2026 09:30,0.42
28/02/2026 09:32,0.32
28/02/2026 09:32,0.32
28/02/2026 09:49,0.27
28/02/2026 09:49,0.27
28/02/2026 09:50,0.27
28/02/2026 10:00,0.22
28/02/2026 10:00,0.22
28/02/2026 10:11,0.17
28/02/2026 10:12,0.17
28/02/2026 10:24,0.12
28/02/2026 10:24,0.12
28/02/2026 10:25,0.12
28/02/2026 10:30,0.12
28/02/2026 10:30,0.12
28/02/2026 10:31,0.07
28/02/2026 10:32,0.07
28/02/2026 10:48,0.02
28/02/2026 10:49,0.02
28/02/2026 11:04,-0.03
28/02/2026 11:04,-0.03
28/02/2026 11:05,-0.03
28/02/2026 11:23,-0.13
28/02/2026 11:23,-0.13
28/02/2026 11:30,-0.13
28/02/2026 11:30,-0.13
28/02/2026 11:57,-0.18
28/02/2026 12:25,-0.23
28/02/2026 12:26,-0.23
28/02/2026 12:30,-0.23
28/02/2026 13:30,-0.23
28/02/2026 13:42,-0.23
28/02/2026 13:43,-0.23
28/02/2026 13:43,-0.23
28/02/2026 13:44,-0.18
28/02/2026 13:46,-0.23
28/02/2026 13:47,-0.23
28/02/2026 13:47,-0.23
28/02/2026 13:53,-0.18
28/02/2026 13:53,-0.18
28/02/2026 14:06,-0.13
28/02/2026 14:21,-0.18
28/02/2026 14:21,-0.13
28/02/2026 14:22,-0.13
28/02/2026 14:26,-0.08
28/02/2026 14:30,-0.08
28/02/2026 14:30,-0.08
28/02/2026 14:30,-0.08
28/02/2026 14:37,-0.08
28/02/2026 14:38,-0.08
28/02/2026 14:44,-0.03
28/02/2026 14:45,-0.03
28/02/2026 14:47,-0.08
28/02/2026 14:48,-0.08
28/02/2026 14:48,-0.08
28/02/2026 14:53,-0.03
28/02/2026 15:04,0.02
28/02/2026 15:05,0.02
28/02/2026 15:17,0.07
28/02/2026 15:18,0.07
28/02/2026 15:18,0.07
28/02/2026 15:26,0.12
28/02/2026 15:26,0.12
28/02/2026 15:27,0.07
28/02/2026 15:27,0.07
28/02/2026 15:30,0.12
28/02/2026 15:30,0.12
28/02/2026 15:30,0.12
28/02/2026 15:30,0.07
28/02/2026 15:31,0.07
28/02/2026 15:31,0.07
28/02/2026 15:34,0.17
28/02/2026 15:34,0.17
28/02/2026 15:35,0.02
28/02/2026 15:35,0.07
28/02/2026 15:36,0.07
28/02/2026 15:36,0.07
28/02/2026 15:37,0.17
28/02/2026 15:38,0.17
28/02/2026 15:38,0.17
28/02/2026 15:45,0.17
28/02/2026 15:46,0.17
28/02/2026 15:46,0.17
28/02/2026 15:47,0.12
28/02/2026 15:47,0.12
28/02/2026 15:47,0.17
28/02/2026 15:48,0.17
28/02/2026 15:51,0.12
28/02/2026 15:52,0.12
28/02/2026 15:53,0.22
28/02/2026 15:53,0.22
28/02/2026 15:55,0.17
28/02/2026 15:55,0.17
28/02/2026 15:58,0.27
28/02/2026 15:59,0.27
28/02/2026 15:59,0.27
28/02/2026 16:10,0.32
28/02/2026 16:10,0.32
28/02/2026 16:10,0.27
28/02/2026 16:11,0.27
28/02/2026 16:11,0.27
28/02/2026 16:12,0.22
28/02/2026 16:12,0.22
28/02/2026 16:13,0.27
28/02/2026 16:14,0.27
28/02/2026 16:22,0.37
28/02/2026 16:22,0.37
28/02/2026 16:25,0.27
28/02/2026 16:25,0.27
28/02/2026 16:26,0.32
28/02/2026 16:27,0.32
28/02/2026 16:27,0.32
28/02/2026 16:30,0.32
28/02/2026 16:43,0.42
28/02/2026 16:44,0.42
28/02/2026 16:49,0.47
28/02/2026 16:49,0.47
28/02/2026 16:50,0.42
28/02/2026 16:51,0.42
28/02/2026 16:51,0.42
28/02/2026 16:52,0.37
28/02/2026 16:52,0.37
28/02/2026 16:53,0.47
28/02/2026 16:54,0.47
28/02/2026 16:54,0.47
28/02/2026 16:54,0.37
28/02/2026 16:55,0.37
28/02/2026 16:56,0.47
28/02/2026 17:00,0.42
28/02/2026 17:01,0.42
28/02/2026 17:01,0.42
28/02/2026 17:05,0.37
28/02/2026 17:05,0.37
28/02/2026 17:08,0.47
28/02/2026 17:09,0.47
28/02/2026 17:09,0.47
28/02/2026 17:13,0.42
28/02/2026 17:13,0.42
28/02/2026 17:15,0.42
28/02/2026 17:16,0.42
28/02/2026 17:16,0.42
28/02/2026 17:16,0.47
28/02/2026 17:17,0.47
28/02/2026 17:17,0.47
28/02/2026 17:21,0.52
28/02/2026 17:22,0.52
28/02/2026 17:22,0.52
28/02/2026 17:22,0.42
28/02/2026 17:23,0.42
28/02/2026 17:24,0.52
28/02/2026 17:25,0.52
28/02/2026 17:26,0.42
28/02/2026 17:27,0.42
28/02/2026 17:27,0.42
28/02/2026 17:27,0.42
28/02/2026 17:27,0.57
28/02/2026 17:28,0.57
28/02/2026 17:28,0.57
28/02/2026 17:28,0.57
28/02/2026 17:29,0.47
28/02/2026 17:29,0.47
28/02/2026 17:29,0.47
28/02/2026 17:29,0.52
28/02/2026 17:30,0.52
28/02/2026 17:30,0.52
28/02/2026 17:30,0.52
28/02/2026 17:31,0.47
28/02/2026 17:32,0.47
28/02/2026 17:32,0.47
28/02/2026 17:34,0.57
28/02/2026 17:35,0.57
28/02/2026 17:35,0.57
28/02/2026 17:35,0.57
28/02/2026 17:39,0.62
28/02/2026 17:40,0.62
28/02/2026 17:40,0.62
28/02/2026 17:40,0.62
28/02/2026 17:40,0.47
28/02/2026 17:40,0.47
28/02/2026 17:41,0.47
28/02/2026 17:41,0.47
28/02/2026 17:41,0.57
28/02/2026 17:42,0.57
28/02/2026 17:42,0.57
28/02/2026 17:42,0.57
28/02/2026 17:43,0.52
28/02/2026 17:43,0.52
28/02/2026 17:48,0.62
28/02/2026 17:49,0.62
28/02/2026 17:50,0.52
28/02/2026 17:50,0.52
28/02/2026 17:50,0.62
28/02/2026 17:51,0.62
28/02/2026 17:51,0.52
28/02/2026 17:52,0.52
28/02/2026 17:52,0.52
28/02/2026 17:59,0.57
28/02/2026 17:59,0.57
28/02/2026 17:59,0.52
28/02/2026 18:00,0.52
28/02/2026 18:00,0.52
28/02/2026 18:03,0.52
28/02/2026 18:03,0.52
28/02/2026 18:04,0.52
28/02/2026 18:05,0.57
28/02/2026 18:11,0.52
28/02/2026 18:14,0.57
28/02/2026 18:14,0.57
28/02/2026 18:16,0.62
28/02/2026 18:16,0.62
28/02/2026 18:17,0.57
28/02/2026 18:17,0.57
28/02/2026 18:22,0.62
28/02/2026 18:23,0.62
28/02/2026 18:23,0.62
28/02/2026 18:24,0.57
28/02/2026 18:24,0.57
28/02/2026 18:28,0.62
28/02/2026 18:28,0.62
28/02/2026 18:28,0.57
28/02/2026 18:29,0.57
28/02/2026 18:30,0.52
28/02/2026 18:30,0.57
28/02/2026 18:31,0.57
28/02/2026 18:31,0.57
28/02/2026 18:38,0.52
28/02/2026 18:42,0.57
28/02/2026 18:42,0.57
28/02/2026 18:49,0.57
28/02/2026 18:49,0.57
28/02/2026 18:49,0.57
28/02/2026 18:50,0.52
28/02/2026 18:51,0.52
28/02/2026 18:51,0.52
28/02/2026 19:03,0.57
28/02/2026 19:04,0.47
28/02/2026 19:04,0.47
28/02/2026 19:04,0.62
28/02/2026 19:05,0.62
28/02/2026 19:05,0.62
28/02/2026 19:05,0.62
28/02/2026 19:06,0.52
28/02/2026 19:06,0.52
28/02/2026 19:10,0.62
28/02/2026 19:11,0.62
28/02/2026 19:12,0.57
28/02/2026 19:12,0.57
28/02/2026 19:27,0.47
28/02/2026 19:27,0.47
28/02/2026 19:27,0.47
28/02/2026 19:30,0.42
28/02/2026 19:30,0.42
28/02/2026 19:31,0.47
28/02/2026 19:31,0.47
28/02/2026 19:32,0.37
28/02/2026 19:32,0.37
28/02/2026 19:32,0.37
28/02/2026 19:33,0.47
28/02/2026 19:33,0.47
28/02/2026 19:35,0.42
28/02/2026 19:35,0.42
28/02/2026 19:35,0.42
28/02/2026 19:35,0.47
28/02/2026 19:36,0.47
28/02/2026 19:36,0.47
28/02/2026 19:41,0.47
28/02/2026 19:42,0.47
28/02/2026 19:42,0.47
28/02/2026 19:42,0.47
28/02/2026 19:43,0.42
28/02/2026 19:44,0.42
28/02/2026 19:51,0.47
28/02/2026 19:51,0.47
28/02/2026 19:53,0.37
28/02/2026 19:53,0.37
28/02/2026 19:53,0.42
28/02/2026 19:54,0.42
28/02/2026 19:54,0.42
28/02/2026 19:54,0.42
28/02/2026 20:02,0.37
28/02/2026 20:02,0.37
28/02/2026 20:02,0.37
28/02/2026 20:21,0.32
28/02/2026 20:22,0.32
28/02/2026 20:22,0.32
28/02/2026 20:27,0.27
28/02/2026 20:28,0.27
28/02/2026 20:28,0.27
28/02/2026 20:28,0.27
28/02/2026 20:29,0.32
28/02/2026 20:29,0.32
28/02/2026 20:29,0.32
28/02/2026 20:30,0.27
28/02/2026 20:47,0.22
28/02/2026 20:47,0.22
28/02/2026 21:05,0.17
28/02/2026 21:05,0.17
28/02/2026 21:05,0.17
28/02/2026 21:11,0.12
28/02/2026 21:11,0.12
28/02/2026 21:11,0.12
28/02/2026 21:25,0.07
28/02/2026 21:25,0.07
28/02/2026 21:30,0.07
28/02/2026 21:30,0.07
28/02/2026 21:44,0.02
28/02/2026 21:44,0.02
28/02/2026 21:54,-0.03
28/02/2026 22:13,-0.08
28/02/2026 22:13,-0.08
28/02/2026 22:25,-0.13
28/02/2026 22:25,-0.13
28/02/2026 22:25,-0.13
28/02/2026 22:30,-0.13
28/02/2026 22:44,-0.18
28/02/2026 22:44,-0.18
28/02/2026 23:03,-0.23
28/02/2026 23:03,-0.23
28/02/2026 23:03,-0.23
28/02/2026 23:23,-0.28
28/02/2026 23:23,-0.28
28/02/2026 23:23,-0.28
28/02/2026 23:23,-0.28
28/02/2026 23:30,-0.28
28/02/2026 23:54,-0.33
01/03/2026 00:30,-0.33
01/03/2026 01:01,-0.28
01/03/2026 01:01,-0.28
01/03/2026 01:01,-0.28
01/03/2026 01:18,-0.23
01/03/2026 01:18,-0.23
01/03/2026 01:18,-0.23
01/03/2026 01:30,-0.23
01/03/2026 01:46,-0.18
01/03/2026 01:46,-0.18
01/03/2026 01:49,-0.23
01/03/2026 01:49,-0.23
01/03/2026 01:49,-0.23
01/03/2026 01:49,-0.23
01/03/2026 01:50,-0.18
01/03/2026 01:50,-0.18
01/03/2026 01:50,-0.18
01/03/2026 02:01,-0.13
01/03/2026 02:01,-0.13
01/03/2026 02:01,-0.13
01/03/2026 02:08,-0.08
01/03/2026 02:08,-0.08
01/03/2026 02:08,-0.08
01/03/2026 02:08,-0.08
01/03/2026 02:17,-0.03
01/03/2026 02:17,-0.03
01/03/2026 02:17,-0.03
01/03/2026 02:30,0.02
01/03/2026 02:30,0.02
01/03/2026 02:30,0.02
01/03/2026 02:30,0.02
01/03/2026 02:30,0.02
01/03/2026 02:30,0.02
01/03/2026 02:34,0.07
01/03/2026 02:34,0.07
01/03/2026 02:34,0.07
01/03/2026 02:34,0.07
01/03/2026 02:35,0.02
01/03/2026 02:35,0.02
01/03/2026 02:35,0.02
01/03/2026 02:44,0.12
01/03/2026 02:44,0.12
01/03/2026 02:44,0.12
01/03/2026 02:44,0.12
01/03/2026 02:52,0.17
01/03/2026 02:52,0.17
01/03/2026 02:52,0.17
01/03/2026 02:52,0.17
01/03/2026 02:54,0.22
01/03/2026 02:54,0.22
01/03/2026 02:54,0.22
01/03/2026 02:54,0.22
01/03/2026 02:55,0.12
01/03/2026 02:55,0.12
01/03/2026 02:57,0.17
01/03/2026 02:57,0.17
01/03/2026 02:57,0.17
01/03/2026 03:04,0.22
01/03/2026 03:10,0.27
01/03/2026 03:10,0.27
01/03/2026 03:10,0.27
01/03/2026 03:10,0.27
01/03/2026 03:12,0.32
01/03/2026 03:12,0.32
01/03/2026 03:14,0.27
01/03/2026 03:14,0.27
01/03/2026 03:14,0.27
01/03/2026 03:15,0.22
01/03/2026 03:15,0.22
01/03/2026 03:16,0.27
01/03/2026 03:16,0.27
01/03/2026 03:16,0.27
01/03/2026 03:21,0.32
01/03/2026 03:21,0.32
01/03/2026 03:21,0.32
01/03/2026 03:26,0.27
01/03/2026 03:26,0.27
01/03/2026 03:26,0.27
01/03/2026 03:26,0.27
01/03/2026 03:28,0.32
01/03/2026 03:28,0.32
01/03/2026 03:28,0.32
01/03/2026 03:28,0.32
01/03/2026 03:30,0.32
01/03/2026 03:30,0.32
01/03/2026 03:32,0.42
01/03/2026 03:36,0.37
01/03/2026 03:38,0.37
01/03/2026 03:38,0.37
01/03/2026 03:38,0.37
01/03/2026 03:40,0.42
01/03/2026 03:40,0.42
01/03/2026 03:44,0.47
01/03/2026 03:44,0.47
01/03/2026 03:51,0.52
01/03/2026 03:51,0.52
01/03/2026 03:51,0.52
01/03/2026 03:59,0.62
01/03/2026 03:59,0.62
01/03/2026 03:59,0.62
01/03/2026 03:59,0.62
01/03/2026 04:00,0.52
01/03/2026 04:00,0.52
01/03/2026 04:00,0.52
01/03/2026 04:01,0.57
01/03/2026 04:06,0.62
01/03/2026 04:06,0.62
01/03/2026 04:06,0.62
01/03/2026 04:08,0.57
01/03/2026 04:08,0.57
01/03/2026 04:08,0.57
01/03/2026 04:08,0.57
01/03/2026 04:11,0.62
01/03/2026 04:11,0.62
01/03/2026 04:21,0.72
01/03/2026 04:21,0.72
01/03/2026 04:21,0.72
01/03/2026 04:21,0.72
01/03/2026 04:23,0.62
01/03/2026 04:23,0.62
01/03/2026 04:23,0.62
01/03/2026 04:25,0.67
01/03/2026 04:30,0.72
01/03/2026 04:30,0.72
01/03/2026 04:30,0.72
01/03/2026 04:33,0.77
01/03/2026 04:33,0.77
01/03/2026 04:34,0.82
01/03/2026 04:34,0.82
01/03/2026 04:35,0.72
01/03/2026 04:35,0.72
01/03/2026 04:43,0.82
01/03/2026 04:43,0.82
01/03/2026 04:44,0.77
01/03/2026 04:44,0.77
01/03/2026 04:48,0.82
01/03/2026 04:48,0.82
01/03/2026 04:48,0.82
01/03/2026 04:57,0.92
01/03/2026 04:57,0.92
01/03/2026 04:57,0.92
01/03/2026 04:58,0.87
01/03/2026 04:58,0.87
01/03/2026 04:58,0.87
01/03/2026 04:58,0.87
01/03/2026 04:59,0.82
01/03/2026 04:59,0.82
01/03/2026 04:59,0.82
01/03/2026 05:03,0.92
01/03/2026 05:03,0.92
01/03/2026 05:03,0.92
01/03/2026 05:03,0.92
01/03/2026 05:06,0.82
01/03/2026 05:06,0.82
01/03/2026 05:06,0.82
01/03/2026 05:07,0.87
01/03/2026 05:07,0.87
01/03/2026 05:10,0.97
01/03/2026 05:10,0.97
01/03/2026 05:24,1.02
01/03/2026 05:24,1.02
01/03/2026 05:25,0.97
01/03/2026 05:25,0.97
01/03/2026 05:25,0.97
01/03/2026 05:26,1.07
01/03/2026 05:26,1.07
01/03/2026 05:28,1.02
01/03/2026 05:28,1.02
01/03/2026 05:28,1.02
01/03/2026 05:30,1.02
01/03/2026 05:30,1.02
01/03/2026 05:33,1.12
01/03/2026 05:33,1.12
01/03/2026 05:33,1.12
01/03/2026 05:34,1.02
01/03/2026 05:41,1.07
01/03/2026 05:41,1.07
01/03/2026 05:41,1.07
01/03/2026 05:47,1.17
01/03/2026 05:47,1.17
01/03/2026 05:48,1.12
01/03/2026 05:48,1.12
01/03/2026 05:48,1.12
01/03/2026 05:48,1.12
01/03/2026 05:51,1.07
01/03/2026 05:51,1.07
01/03/2026 05:51,1.07
01/03/2026 05:52,1.17
01/03/2026 05:52,1.17
01/03/2026 05:52,1.17
01/03/2026 05:52,1.17
01/03/2026 05:52,1.17
01/03/2026 05:53,1.07
01/03/2026 05:53,1.07
01/03/2026 05:53,1.07
01/03/2026 05:53,1.07
01/03/2026 05:54,1.12
01/03/2026 05:54,1.12
01/03/2026 05:54,1.12
01/03/2026 05:58,1.07
01/03/2026 05:58,1.07
01/03/2026 05:58,1.07
01/03/2026 06:01,1.17
01/03/2026 06:01,1.17
01/03/2026 06:01,1.17
01/03/2026 06:01,1.17
01/03/2026 06:03,1.12
01/03/2026 06:03,1.12
01/03/2026 06:03,1.12
01/03/2026 06:07,1.07
01/03/2026 06:07,1.07
01/03/2026 06:10,1.17
01/03/2026 06:10,1.17
01/03/2026 06:10,1.17
01/03/2026 06:10,1.17
01/03/2026 06:11,1.07
01/03/2026 06:11,1.07
01/03/2026 06:11,1.07
01/03/2026 06:11,1.07
01/03/2026 06:11,1.07
01/03/2026 06:12,1.12
01/03/2026 06:13,1.07
01/03/2026 06:13,1.07
01/03/2026 06:15,1.12
01/03/2026 06:15,1.12
01/03/2026 06:15,1.12
01/03/2026 06:17,1.22
01/03/2026 06:17,1.22
01/03/2026 06:17,1.22
01/03/2026 06:17,1.22
01/03/2026 06:18,1.12
01/03/2026 06:18,1.12
01/03/2026 06:18,1.12
01/03/2026 06:19,1.22
01/03/2026 06:19,1.22
01/03/2026 06:19,1.22
01/03/2026 06:19,1.22
01/03/2026 06:20,1.07
01/03/2026 06:21,1.22
01/03/2026 06:21,1.22
01/03/2026 06:21,1.22
01/03/2026 06:21,1.22
01/03/2026 06:22,1.07
01/03/2026 06:22,1.07
01/03/2026 06:22,1.07
01/03/2026 06:22,1.07
01/03/2026 06:22,1.07
01/03/2026 06:25,1.17
01/03/2026 06:25,1.17
01/03/2026 06:25,1.17
01/03/2026 06:25,1.17
01/03/2026 06:27,1.12
01/03/2026 06:27,1.12
01/03/2026 06:27,1.12
01/03/2026 06:27,1.12
01/03/2026 06:30,1.17
01/03/2026 06:30,1.17
01/03/2026 06:38,1.07
01/03/2026 06:38,1.07
01/03/2026 06:47,1.07
01/03/2026 06:47,1.07
01/03/2026 06:48,1.22
01/03/2026 06:48,1.22
01/03/2026 06:48,1.22
01/03/2026 06:48,1.22
01/03/2026 06:48,1.22
01/03/2026 06:49,1.17
01/03/2026 06:49,1.17
01/03/2026 06:54,1.27
01/03/2026 06:54,1.27
01/03/2026 06:54,1.27
01/03/2026 06:55,1.12
01/03/2026 06:55,1.12
01/03/2026 06:55,1.12
01/03/2026 06:58,1.17
01/03/2026 06:58,1.17
01/03/2026 06:58,1.17
01/03/2026 06:59,1.22
01/03/2026 07:00,1.12
01/03/2026 07:15,1.17
01/03/2026 07:15,1.17
01/03/2026 07:17,1.07
01/03/2026 07:17,1.07
01/03/2026 07:17,1.07
01/03/2026 07:18,1.02
01/03/2026 07:18,1.02
01/03/2026 07:18,1.02
01/03/2026 07:20,1.12
01/03/2026 07:20,1.12
01/03/2026 07:20,1.12
01/03/2026 07:20,1.12
01/03/2026 07:29,1.02
01/03/2026 07:29,1.02
01/03/2026 07:30,1.12
01/03/2026 07:30,1.12
01/03/2026 07:30,1.12
01/03/2026 07:30,1.12
01/03/2026 07:30,1.12
01/03/2026 07:32,1.07
01/03/2026 07:32,1.07
01/03/2026 07:32,1.07
01/03/2026 07:34,1.17
01/03/2026 07:34,1.17
01/03/2026 07:34,1.17
01/03/2026 07:34,1.17
01/03/2026 07:35,1.07
01/03/2026 07:35,1.07
01/03/2026 07:35,1.07
01/03/2026 07:46,1.02
01/03/2026 07:46,1.02
01/03/2026 07:46,1.02
01/03/2026 07:50,1.12
01/03/2026 07:50,1.12
01/03/2026 07:50,1.12
01/03/2026 07:51,1.02
01/03/2026 07:51,1.02
01/03/2026 07:51,1.02
01/03/2026 07:54,1.12
01/03/2026 07:54,1.12
01/03/2026 07:55,1.02
01/03/2026 07:55,1.02
01/03/2026 07:55,1.02
01/03/2026 07:55,1.02
01/03/2026 07:57,0.97
01/03/2026 07:57,0.97
01/03/2026 07:57,0.97
01/03/2026 07:58,1.02
01/03/2026 07:58,1.02
01/03/2026 08:01,0.92
01/03/2026 08:01,0.92
01/03/2026 08:01,0.92
01/03/2026 08:05,0.97
01/03/2026 08:05,0.97
01/03/2026 08:05,0.97
01/03/2026 08:05,0.97
01/03/2026 08:11,0.92
01/03/2026 08:11,0.92
01/03/2026 08:11,0.92
01/03/2026 08:11,0.92
01/03/2026 08:22,0.87
01/03/2026 08:22,0.87
01/03/2026 08:22,0.87
01/03/2026 08:30,0.87
01/03/2026 08:34,0.82
01/03/2026 08:34,0.82
01/03/2026 08:34,0.82
01/03/2026 08:34,0.82
01/03/2026 08:38,0.77
01/03/2026 08:38,0.77
01/03/2026 08:38,0.77
01/03/2026 08:38,0.77
01/03/2026 08:54,0.72
01/03/2026 08:54,0.72
01/03/2026 08:54,0.72
01/03/2026 08:54,0.72
01/03/2026 08:59,0.72
01/03/2026 08:59,0.72
01/03/2026 08:59,0.72
01/03/2026 08:59,0.72
01/03/2026 09:10,0.67
01/03/2026 09:10,0.67
01/03/2026 09:10,0.67
01/03/2026 09:20,0.62
01/03/2026 09:29,0.52
01/03/2026 09:29,0.52
01/03/2026 09:29,0.52
01/03/2026 09:29,0.52
01/03/2026 09:31,0.57
01/03/2026 09:31,0.57
01/03/2026 09:31,0.57
01/03/2026 09:31,0.57
01/03/2026 09:35,0.52
01/03/2026 09:44,0.47
01/03/2026 09:55,0.42
01/03/2026 09:55,0.42
01/03/2026 09:55,0.42
01/03/2026 10:05,0.37
01/03/2026 10:05,0.37
01/03/2026 10:05,0.37
01/03/2026 10:13,0.32
01/03/2026 10:13,0.32
01/03/2026 10:13,0.32
01/03/2026 10:13,0.32
