Southport
Station No. 100035 (tide) S16 (wind, current)
Date/Time ddmmyyyyHHMM
Water Level in m LAT
Wind Speed in Knots
Wind Direction in Degrees
Wind Gust in Knots
Barometric Pressure in hPa
Water Speed in Knots
Water Direction in Degrees
Data_last_updated 11-11-2025 11:00
041120251101  0.520  5.8  7.6  7.1  0.62  38.3  25.2
041120251102  0.518  5.7  9.5  6.8  0.58  50.0  25.2
041120251103  0.517  5.7  11.3  6.8  0.54  52.1  25.2
041120251104  0.513  5.6  12.7  6.8  0.62  41.9  25.2
041120251105  0.510  5.7  13.2  6.8  0.57  47.6  25.2
041120251106  0.506  5.8  14.4  7.1  0.52  60.2  25.2
041120251107  0.500  5.9  15.1  7.1  0.60  43.3  25.2
041120251108  0.494  5.9  15.6  7.6  0.60  45.8  25.3
041120251109  0.490  5.9  17.1  7.6  0.56  43.2  25.3
041120251110  0.484  5.9  17.6  7.6  0.57  48.9  25.3
041120251111  0.480  6.1  17.5  7.6  0.54  44.1  25.3
041120251112  0.475  6.2  16.7  8.0  0.48  44.6  25.3
041120251113  0.471  6.4  15.3  8.1  0.59  50.6  25.3
041120251114  0.466  6.6  14.3  9.1  0.52  42.3  25.3
041120251115  0.462  6.9  13.6  9.2  0.65  41.5  25.4
041120251116  0.458  7.1  12.2  9.8  0.52  58.9  25.4
041120251117  0.453  7.3  11.2  9.9  0.53  41.1  25.4
041120251118  0.450  7.6  10.6  9.9  0.56  41.6  25.4
041120251119  0.447  7.9  9.6  9.9  0.55  48.7  25.4
041120251120  0.443  8.0  8.7  9.9  0.49  59.3  25.4
041120251121  0.439  8.2  8.2  9.9  0.51  57.5  25.4
041120251122  0.436  8.4  7.7  9.9  0.51  52.4  25.4
041120251123  0.433  8.6  7.1  10.5  0.51  38.7  25.4
041120251124  0.428  8.8  6.3  10.5  0.48  49.7  25.4
041120251125  0.426  8.9  5.4  10.5  0.58  40.6  25.5
041120251126  0.423  8.9  5.0  10.5  0.49  48.3  25.5
041120251127  0.419  8.8  4.9  10.5  0.55  55.4  25.5
041120251128  0.414  8.6  5.2  10.5  0.56  45.6  25.5
041120251129  0.408  8.6  5.6  10.5  0.56  45.1  25.5
041120251130  0.403  8.6  5.6  10.5  0.55  40.2  25.5
041120251131  0.398  8.6  5.6  10.5  0.52  48.0  25.5
041120251132  0.394  8.5  6.3  10.5  0.59  49.8  25.5
041120251133  0.391  8.1  6.9  10.5  0.60  38.9  25.6
041120251134  0.389  7.7  7.8  10.5  0.53  52.6  25.6
041120251135  0.385  7.5  7.6  10.5  0.52  50.9  25.6
041120251136  0.381  7.2  8.8  9.3  0.57  51.0  25.6
041120251137  0.375  7.1  9.4  9.3  0.64  40.7  25.6
041120251138  0.370  7.0  9.0  9.3  0.58  40.6  25.6
041120251139  0.363  6.8  9.7  9.3  0.60  44.7  25.6
041120251140  0.359  6.5  12.7  9.3  0.49  55.2  25.6
041120251141  0.355  6.3  14.6  9.3  0.47  51.1  25.6
041120251142  0.350  6.2  14.2  9.3  0.62  45.1  25.6
041120251143  0.346  6.4  13.2  9.3  0.53  52.6  25.6
041120251144  0.341  6.8  12.0  10.7  0.60  61.0  25.7
041120251145  0.334  6.6  12.2  10.7  0.61  45.3  25.7
041120251146  0.328  6.5  10.7  10.7  0.51  58.9  25.7
041120251147  0.323  6.5  11.8  10.7  0.62  49.5  25.7
041120251148  0.319  6.6  11.4  10.7  0.53  51.7  25.7
041120251149  0.314  6.7  10.6  10.7  0.58  56.8  25.7
041120251150  0.309  6.6  8.0  10.7  0.50  53.1  25.7
041120251151  0.304  6.6  6.1  10.7  0.54  50.3  25.7
041120251152  0.300  6.5  6.2  10.7  0.57  39.9  25.7
041120251153  0.296  6.3  7.7  10.7  0.55  68.5  25.7
041120251154  0.291  5.5  7.3  8.8  0.50  52.3  25.8
041120251155  0.286  5.2  2.0  8.8  0.56  47.2  25.8
041120251156  0.281  5.0  358.7  8.6  0.59  46.7  25.8
041120251157  0.277  4.9  349.2  9.5  0.53  50.4  25.8
041120251158  0.272  4.7  339.1  9.5  0.57  50.8  25.8
041120251159  0.269  4.6  327.1  9.5  0.65  53.7  25.8
041120251200  0.266  4.6  317.5  9.5  0.53  63.3  25.8
041120251201  0.263  4.7  314.4  9.5  0.57  60.8  25.8
041120251202  0.261  4.7  311.7  9.5  0.54  57.0  25.8
041120251203  0.257  4.6  310.7  9.5  0.57  54.6  25.8
041120251204  0.255  4.9  315.9  11.5  0.60  42.8  25.8
041120251205  0.251  4.9  321.9  11.5  0.52  47.8  25.9
041120251206  0.247  5.6  325.6  14.2  0.63  44.9  25.9
041120251207  0.243  5.9  326.9  14.2  0.57  42.6  25.9
041120251208  0.239  6.0  329.0  14.2  0.64  37.5  25.9
041120251209  0.235  6.1  331.2  14.2  0.55  48.4  25.9
041120251210  0.233  6.1  334.5  14.2  0.66  38.8  25.9
041120251211  0.231  6.0  335.1  14.2  0.58  56.8  25.9
041120251212  0.230  5.7  333.7  14.2  0.68  34.2  25.9
041120251213  0.227  5.8  328.3  14.2  0.69  44.5  25.9
041120251214  0.224  5.8  327.9  14.2  0.58  48.1  25.9
041120251215  0.221  5.9  330.9  14.2  0.58  40.3  25.9
041120251216  0.217  5.2  332.9  11.5  0.58  45.8  25.9
041120251217  0.213  4.7  339.7  9.5  0.51  40.6  25.9
041120251218  0.211  4.6  346.6  9.5  0.64  39.1  25.9
041120251219  0.207  4.9  354.2  9.5  0.40  68.0  25.9
041120251220  0.202  5.1  0.2  9.5  0.45  51.8  25.9
041120251221  0.197  5.7  3.7  10.4  0.59  54.2  25.9
041120251222  0.191  6.3  2.2  10.4  0.58  47.9  25.9
041120251223  0.186  6.5  5.2  10.4  0.55  41.2  26.0
041120251224  0.181  6.2  8.1  10.4  0.71  38.6  26.0
041120251225  0.176  5.8  12.2  10.4  0.50  54.8  26.0
041120251226  0.170  5.5  15.3  10.4  0.57  49.9  26.0
041120251227  0.165  5.4  15.6  10.4  0.58  42.7  26.0
041120251228  0.159  5.6  13.9  10.4  0.65  35.4  26.0
041120251229  0.153  5.6  9.5  10.4  0.47  61.8  26.0
041120251230  0.147  5.3  11.6  10.4  0.60  47.5  26.0
041120251231  0.143  4.7  7.8  10.8  0.55  52.5  26.0
041120251232  0.138  4.4  13.7  10.8  0.54  44.4  26.0
041120251233  0.134  4.5  7.9  13.7  0.68  35.3  26.0
041120251234  0.131  5.1  355.9  14.2  0.56  45.0  26.0
041120251235  0.127  5.7  346.8  14.2  0.57  54.7  26.0
041120251236  0.127  6.4  340.5  14.4  0.50  45.6  26.1
041120251237  0.126  6.5  337.9  14.4  0.56  58.8  26.1
041120251238  0.126  6.6  335.6  14.4  0.57  45.4  26.1
041120251239  0.127  6.5  331.4  14.4  0.54  42.9  26.1
041120251240  0.128  7.2  325.6  14.4  0.60  43.0  26.1
041120251241  0.128  7.5  324.3  14.4  0.44  58.9  26.1
041120251242  0.128  7.8  322.4  14.4  0.54  51.6  26.1
041120251243  0.127  7.6  321.8  14.4  0.52  39.2  26.1
041120251244  0.127  6.9  322.8  14.4  0.41  58.7  26.1
041120251245  0.128  6.6  325.7  14.4  0.50  53.3  26.1
041120251246  0.127  6.2  321.6  11.3  0.39  46.8  26.1
041120251247  0.128  6.0  316.6  11.3  0.47  64.8  26.1
041120251248  0.129  5.6  314.7  11.3  0.46  61.2  26.1
041120251249  0.132  5.0  317.3  11.1  0.47  50.2  26.1
041120251250  0.134  4.6  316.5  9.9  0.58  49.3  26.2
041120251251  0.134  4.5  313.8  9.9  0.49  64.9  26.2
041120251252  0.137  4.6  311.5  9.9  0.41  57.3  26.2
041120251253  0.137  4.7  310.1  9.9  0.44  56.4  26.2
041120251254  0.137  4.7  311.5  9.9  0.53  59.9  26.2
041120251255  0.136  4.6  306.9  9.3  0.46  55.3  26.2
041120251256  0.137  4.6  307.7  8.6  0.49  52.6  26.2
041120251257  0.137  5.0  306.5  11.5  0.38  55.6  26.2
041120251258  0.138  5.4  305.1  11.5  0.45  50.4  26.2
041120251259  0.137  5.9  302.4  11.5  0.41  55.2  26.2
041120251300  0.137  6.3  304.0  11.5  0.41  71.4  26.3
041120251301  0.136  6.2  305.8  11.5  0.37  65.2  26.3
041120251302  0.135  6.0  304.6  11.5  0.43  70.3  26.3
041120251303  0.133  6.0  300.5  11.5  0.40  81.7  26.3
041120251304  0.131  6.1  297.8  11.5  0.52  33.2  26.3
041120251305  0.128  6.1  296.2  11.5  0.59  44.6  26.3
041120251306  0.125  5.9  301.5  11.5  0.50  33.1  26.3
041120251307  0.121  5.7  308.4  10.9  0.44  60.4  26.3
041120251308  0.121  5.2  308.9  10.9  0.45  46.8  26.4
041120251309  0.121  4.8  314.2  10.9  0.53  49.5  26.4
041120251310  0.119  4.9  316.2  16.8  0.36  66.3  26.4
041120251311  0.119  5.1  317.5  16.8  0.52  55.8  26.4
041120251312  0.119  5.8  324.5  16.8  0.48  50.0  26.4
041120251313  0.117  6.4  334.1  16.8  0.37  65.3  26.4
041120251314  0.117  6.6  335.1  16.8  0.45  47.0  26.4
041120251315  0.117  7.0  337.9  16.8  0.34  64.4  26.4
041120251316  0.116  7.6  337.6  16.8  0.48  54.5  26.4
041120251317  0.117  7.8  337.0  16.8  0.35  70.1  26.4
041120251318  0.118  8.5  336.3  16.8  0.45  38.8  26.4
041120251319  0.121  9.2  335.5  16.8  0.38  61.2  26.4
041120251320  0.121  9.3  336.9  14.0  0.42  53.9  26.4
041120251321  0.121  9.5  337.8  14.0  0.42  56.9  26.4
041120251322  0.121  9.5  337.3  13.9  0.45  45.4  26.4
041120251323  0.121  9.3  334.7  13.8  0.41  41.9  26.4
041120251324  0.121  9.3  333.4  13.8  0.41  55.6  26.5
041120251325  0.121  9.1  331.6  13.8  0.34  56.2  26.5
041120251326  0.121  8.6  331.2  12.7  0.53  41.9  26.5
041120251327  0.123  8.5  331.5  12.7  0.48  48.7  26.5
041120251328  0.126  8.2  333.3  12.7  0.31  77.7  26.5
041120251329  0.128  8.6  331.5  19.1  0.39  57.8  26.5
041120251330  0.133  8.5  328.5  19.1  0.38  53.7  26.5
041120251331  0.134  8.3  325.0  19.1  0.36  51.5  26.5
041120251332  0.132  7.8  319.1  19.1  0.38  48.2  26.5
041120251333  0.133  7.4  312.5  19.1  0.41  39.5  26.5
041120251334  0.134  6.7  307.6  19.1  0.36  37.7  26.5
041120251335  0.136  6.4  305.6  19.1  0.35  47.6  26.5
041120251336  0.138  6.2  303.8  19.1  0.41  19.6  26.5
041120251337  0.142  6.1  306.8  19.1  0.25  45.7  26.5
041120251338  0.145  6.4  310.5  19.1  0.24  36.6  26.6
041120251339  0.147  6.2  314.0  15.5  0.18  63.0  26.6
041120251340  0.148  6.2  313.1  15.6  0.20  39.1  26.6
041120251341  0.150  6.4  311.8  15.6  0.26  18.2  26.6
041120251342  0.151  6.6  310.5  15.6  0.28  23.5  26.6
041120251343  0.151  6.6  311.5  15.6  0.24  21.9  26.6
041120251344  0.151  7.1  315.0  15.6  0.25  28.4  26.6
041120251345  0.152  7.4  316.4  15.6  0.31  13.6  26.6
041120251346  0.153  7.5  317.0  15.6  0.18  24.9  26.6
041120251347  0.156  7.7  316.6  15.6  0.23  34.4  26.6
041120251348  0.159  7.8  317.5  15.6  0.34  7.4  26.6
041120251349  0.163  7.7  318.4  15.6  0.15  6.2  26.6
041120251350  0.167  7.7  321.2  14.4  0.22  11.5  26.6
041120251351  0.169  7.5  326.0  13.8  0.14  7.7  26.6
041120251352  0.169  7.7  331.0  13.8  0.22  13.0  26.6
041120251353  0.173  8.0  333.9  13.8  0.33  15.0  26.6
041120251354  0.173  8.4  335.7  13.8  0.17  10.0  26.6
041120251355  0.176  8.5  337.6  13.8  0.20  16.3  26.6
041120251356  0.177  8.9  338.7  14.1  0.38  5.9  26.6
041120251357  0.180  8.7  340.4  14.1  0.17  18.4  26.6
041120251358  0.180  8.2  339.3  14.1  0.19  23.5  26.6
041120251359  0.181  7.6  337.2  14.1  0.13  15.1  26.6
041120251400  0.181  7.6  334.9  14.1  0.22  21.9  26.6
041120251401  0.183  7.6  329.8  14.1  0.13  357.8  26.6
041120251402  0.184  7.6  326.4  14.1  0.25  12.2  26.6
041120251403  0.187  7.5  326.0  14.1  0.15  9.2  26.6
041120251404  0.190  7.5  323.2  14.1  0.23  6.2  26.6
041120251405  0.195  7.7  320.1  14.1  0.24  25.2  26.6
041120251406  0.200  7.4  316.3  13.5  0.21  11.1  26.6
041120251407  0.204  7.3  309.9  13.5  0.18  10.0  26.6
041120251408  0.209  7.6  306.5  13.5  0.14  14.8  26.6
041120251409  0.216  7.7  303.3  13.5  0.09  16.2  26.7
041120251410  0.219  7.4  302.1  11.2  0.19  11.2  26.7
041120251411  0.226  7.2  305.1  10.5  0.08  32.1  26.7
041120251412  0.231  7.1  309.2  10.5  0.23  8.0  26.7
041120251413  0.236  7.0  312.4  10.5  0.21  16.4  26.7
041120251414  0.243  6.9  315.8  10.5  0.26  4.4  26.7
041120251415  0.248  6.8  318.7  11.2  0.17  0.6  26.7
041120251416  0.253  7.1  320.5  11.2  0.14  19.9  26.7
041120251417  0.259  7.5  324.7  13.3  0.04  43.7  26.7
041120251418  0.264  8.0  330.1  15.4  0.09  10.0  26.7
041120251419  0.271  8.6  333.9  15.4  0.20  3.2  26.7
041120251420  0.277  8.8  335.3  15.4  0.08  317.7  26.7
041120251421  0.283  8.8  335.3  15.4  0.10  344.4  26.7
041120251422  0.287  8.8  335.1  15.4  0.08  356.0  26.7
041120251423  0.291  9.3  333.6  15.4  0.04  329.4  26.7
041120251424  0.296  9.3  333.1  15.4  0.07  27.0  26.7
041120251425  0.300  9.6  332.2  15.4  0.04  254.8  26.7
041120251426  0.307  9.6  331.7  15.4  0.07  339.6  26.7
041120251427  0.313  9.5  330.7  15.4  0.15  10.0  26.7
041120251428  0.320  9.0  329.2  15.4  0.12  358.3  26.7
041120251429  0.324  8.4  329.9  14.1  0.05  145.0  26.8
041120251430  0.331  8.4  335.7  14.1  0.04  345.8  26.8
041120251431  0.337  8.5  340.1  14.1  0.04  177.5  26.8
041120251432  0.341  8.6  342.5  14.1  nan  nan  nan
041120251433  0.347  8.4  345.9  14.1  0.03  207.1  26.8
041120251434  0.353  8.6  349.6  14.1  0.10  213.5  26.8
041120251435  0.357  8.6  353.3  13.0  0.22  197.6  26.8
041120251436  0.362  8.6  355.3  13.0  0.07  212.1  26.8
041120251437  0.367  8.5  357.3  13.0  0.04  207.5  26.8
041120251438  0.370  8.6  359.5  13.0  0.09  235.0  26.8
041120251439  0.374  8.9  359.6  13.0  0.08  181.3  26.8
041120251440  0.378  8.6  358.1  13.0  0.05  244.0  26.8
041120251441  0.384  8.3  0.8  13.0  0.14  203.2  26.8
041120251442  0.387  7.9  5.3  13.0  0.06  193.8  26.8
041120251443  0.391  7.6  9.3  13.0  0.08  281.4  26.8
041120251444  0.394  7.2  14.4  13.0  0.09  223.7  26.8
041120251445  0.399  7.0  19.9  10.9  0.21  218.0  26.8
041120251446  0.404  7.2  27.2  10.9  0.12  216.1  26.8
041120251447  0.410  7.7  34.6  12.5  0.20  211.5  26.8
041120251448  0.417  7.8  40.2  12.5  0.18  207.3  26.8
041120251449  0.423  7.9  46.3  12.5  0.22  215.0  26.8
041120251450  0.430  8.3  52.6  12.5  0.17  202.7  26.8
041120251451  0.435  8.3  54.0  12.5  0.09  225.8  26.7
041120251452  0.441  8.3  55.9  12.5  0.13  223.2  26.7
041120251453  0.445  8.2  54.9  12.5  0.15  224.5  26.7
041120251454  0.448  8.2  54.9  12.5  0.07  210.4  26.7
041120251455  0.452  8.1  55.8  12.5  0.12  231.0  26.7
041120251456  0.457  7.8  56.4  12.5  0.12  254.7  26.7
041120251457  0.460  7.4  57.2  12.0  0.18  192.5  26.7
041120251458  0.463  7.4  55.5  12.3  0.12  218.2  26.7
041120251459  0.467  7.7  54.2  12.3  0.10  233.5  26.7
041120251500  0.470  7.6  53.0  12.3  0.14  179.5  26.7
041120251501  0.475  7.6  54.1  12.3  0.11  217.0  26.6
041120251502  0.478  7.5  55.1  12.3  0.05  204.6  26.6
041120251503  0.483  7.5  56.9  12.3  0.22  190.0  26.6
041120251504  0.485  6.8  53.8  12.3  0.09  210.9  26.6
041120251505  0.489  6.1  51.2  12.3  0.15  211.9  26.6
041120251506  0.493  5.3  43.5  12.3  0.15  204.6  26.6
041120251507  0.497  4.8  32.9  12.3  0.07  201.0  26.6
041120251508  0.502  4.1  25.5  12.0  0.17  200.8  26.6
041120251509  0.509  3.5  14.1  9.7  0.04  97.0  26.6
041120251510  0.513  3.4  358.5  9.7  0.05  160.5  26.6
041120251511  0.519  3.9  341.8  9.8  0.10  221.8  26.6
041120251512  0.523  4.8  331.4  10.2  0.12  214.4  26.6
041120251513  0.526  5.2  321.3  10.2  0.19  187.7  26.6
041120251514  0.531  5.2  318.0  10.2  0.17  213.0  26.6
041120251515  0.536  5.5  313.4  11.0  0.14  204.8  26.6
041120251516  0.539  5.5  311.0  11.0  0.18  214.9  26.5
041120251517  0.545  5.6  314.4  11.0  0.20  206.2  26.5
041120251518  0.548  5.8  314.8  11.0  0.16  217.5  26.5
041120251519  0.552  6.1  314.8  11.0  0.22  202.9  26.5
041120251520  0.556  6.3  311.7  11.0  0.09  219.4  26.5
041120251521  0.561  6.2  309.5  11.0  0.03  244.5  26.5
041120251522  0.566  6.2  308.3  11.0  0.20  212.8  26.5
041120251523  0.569  6.5  310.3  11.3  0.27  212.9  26.5
041120251524  0.574  6.7  313.5  11.3  0.30  215.1  26.5
041120251525  0.579  7.3  319.0  14.2  0.25  219.7  26.5
041120251526  0.582  7.8  323.5  14.2  0.19  223.5  26.5
041120251527  0.586  8.0  321.3  14.2  0.26  225.3  26.5
041120251528  0.592  8.2  319.2  14.2  0.14  221.2  26.5
041120251529  0.595  8.4  317.7  14.2  0.25  209.4  26.5
041120251530  0.600  8.8  318.0  14.2  0.22  225.5  26.5
041120251531  0.605  8.6  317.1  14.2  0.14  224.5  26.5
041120251532  0.610  8.5  314.8  14.2  0.21  230.4  26.5
041120251533  0.612  8.3  313.1  14.2  0.24  236.6  26.5
041120251534  0.614  8.4  309.4  14.2  0.14  271.3  26.5
041120251535  0.616  8.0  305.6  13.0  0.24  215.5  26.5
041120251536  0.618  8.1  304.9  14.9  0.26  226.7  26.5
041120251537  0.621  7.9  305.4  14.9  0.24  227.0  26.5
041120251538  0.624  7.7  304.8  14.9  0.24  221.5  26.5
041120251539  0.627  7.5  303.2  14.9  0.29  213.6  26.5
041120251540  0.632  7.5  298.9  14.9  0.29  226.5  26.5
041120251541  0.637  7.7  298.4  14.9  0.28  236.7  26.5
041120251542  0.642  8.0  300.4  14.9  0.27  226.4  26.5
041120251543  0.649  7.9  302.9  14.9  0.25  221.3  26.5
041120251544  0.655  7.6  306.1  14.9  0.31  203.2  26.5
041120251545  0.664  7.9  308.4  14.9  0.35  199.2  26.5
041120251546  0.672  7.5  306.3  13.5  0.22  206.8  26.5
041120251547  0.680  7.3  305.0  13.5  0.28  213.5  26.5
041120251548  0.689  7.4  305.0  13.5  0.16  211.1  26.5
041120251549  0.697  7.6  306.2  13.3  0.30  199.1  26.5
041120251550  0.705  8.0  309.4  18.4  0.36  194.9  26.5
041120251551  0.712  8.1  311.7  18.4  0.34  194.5  26.5
041120251552  0.719  8.1  311.6  18.4  0.28  193.6  26.4
041120251553  0.728  8.4  308.0  18.4  0.25  197.1  26.4
041120251554  0.736  8.6  303.1  18.4  0.24  205.1  26.4
041120251555  0.744  8.5  300.8  18.4  0.24  238.6  26.4
041120251556  0.752  8.9  299.8  18.4  0.21  221.1  26.4
041120251557  0.760  8.9  298.4  18.4  0.31  199.0  26.4
041120251558  0.767  9.2  295.2  18.4  0.39  203.8  26.4
041120251559  0.772  9.1  294.1  18.4  0.46  208.4  26.4
041120251600  0.778  8.8  292.3  17.1  0.39  203.8  26.4
041120251601  0.786  8.9  291.2  17.1  0.38  204.0  26.4
041120251602  0.792  8.5  288.9  17.1  0.42  206.8  26.4
041120251603  0.801  8.4  288.9  14.5  0.32  224.7  26.4
041120251604  0.810  8.5  291.3  13.5  0.52  207.8  26.4
041120251605  0.819  8.3  290.8  13.5  0.37  213.5  26.4
041120251606  0.828  8.3  289.7  14.9  0.35  216.7  26.4
041120251607  0.836  8.2  288.6  14.9  0.37  215.2  26.4
041120251608  0.843  8.0  288.8  14.9  0.49  224.4  26.4
041120251609  0.850  7.9  288.3  14.9  0.39  226.6  26.4
041120251610  0.855  7.9  286.8  14.9  0.48  218.1  26.4
041120251611  0.860  7.8  284.3  14.9  0.37  220.5  26.4
041120251612  0.866  8.4  285.5  14.9  0.47  208.4  26.3
041120251613  0.871  8.5  286.5  14.9  0.33  216.1  26.3
041120251614  0.876  8.6  286.6  14.9  0.35  210.7  26.3
041120251615  0.881  9.2  288.7  14.9  0.41  204.7  26.3
041120251616  0.886  9.4  290.1  15.7  0.46  214.4  26.3
041120251617  0.888  9.9  291.9  15.7  0.34  209.2  26.3
041120251618  0.892  10.1  293.7  15.7  0.33  210.8  26.3
041120251619  0.895  10.2  293.0  15.7  0.49  193.6  26.3
041120251620  0.897  10.2  295.0  15.7  0.45  184.3  26.3
041120251621  0.901  9.9  297.8  15.7  0.41  193.9  26.3
041120251622  0.905  9.4  300.5  15.7  0.48  190.9  26.3
041120251623  0.910  9.3  302.0  15.7  0.35  191.9  26.3
041120251624  0.917  8.9  302.6  15.7  0.42  190.5  26.3
041120251625  0.924  8.3  303.2  15.7  0.36  196.9  26.3
041120251626  0.931  7.6  303.0  13.9  0.38  188.5  26.3
041120251627  0.937  7.1  302.6  11.9  0.39  205.1  26.3
041120251628  0.942  6.9  302.2  11.9  0.39  190.6  26.3
041120251629  0.944  7.0  305.4  11.3  0.43  193.1  26.3
041120251630  0.947  7.0  305.5  11.3  0.29  184.2  26.3
041120251631  0.951  7.1  302.6  11.3  0.31  195.8  26.3
041120251632  0.954  7.2  301.3  11.3  0.45  191.2  26.3
041120251633  0.956  7.2  298.9  11.3  0.41  197.9  26.3
041120251634  0.960  7.3  297.6  12.3  0.43  198.0  26.2
041120251635  0.964  7.1  297.2  12.3  0.44  195.0  26.2
041120251636  0.969  7.2  298.0  12.3  0.35  198.3  26.2
041120251637  0.974  7.1  302.1  12.3  0.41  187.3  26.2
041120251638  0.979  7.0  302.7  12.3  0.31  189.3  26.2
041120251639  0.985  6.7  301.7  12.3  0.30  185.5  26.2
041120251640  0.989  6.6  302.8  12.3  0.31  184.2  26.2
041120251641  0.995  6.6  303.7  12.3  0.30  188.5  26.2
041120251642  1.000  6.7  301.4  12.3  0.29  191.9  26.2
041120251643  1.005  6.6  302.0  12.3  0.34  183.8  26.2
041120251644  1.011  6.5  302.8  12.1  0.32  175.1  26.2
041120251645  1.017  6.8  301.2  12.1  0.41  199.6  26.2
041120251646  1.021  6.8  302.4  12.1  0.40  178.3  26.2
041120251647  1.025  6.9  299.3  12.1  0.35  183.7  26.2
041120251648  1.028  7.0  300.4  12.1  0.43  183.0  26.2
041120251649  1.030  7.0  300.7  12.1  0.35  184.8  26.2
041120251650  1.032  6.8  298.3  12.1  0.36  192.2  26.2
041120251651  1.034  6.7  297.2  12.1  0.36  197.1  26.2
041120251652  1.036  6.3  296.0  10.1  0.28  205.8  26.2
041120251653  1.038  6.4  295.9  10.1  0.42  187.6  26.2
041120251654  1.042  6.4  297.6  10.1  0.28  199.6  26.2
041120251655  1.047  6.3  300.5  10.1  0.40  192.8  26.2
041120251656  1.051  6.7  298.9  12.9  0.40  198.2  26.2
041120251657  1.055  6.7  299.4  12.9  0.49  186.3  26.2
041120251658  1.061  6.9  295.8  14.8  0.44  189.5  26.2
041120251659  1.064  6.8  292.0  14.8  0.45  190.0  26.1
041120251700  1.069  7.1  293.4  14.8  0.43  187.9  26.1
041120251701  1.074  7.3  294.7  14.8  0.38  187.1  26.1
041120251702  1.078  7.3  294.7  14.8  0.42  198.2  26.1
041120251703  1.083  7.3  294.3  14.8  0.52  190.2  26.1
041120251704  1.089  7.3  293.3  14.8  0.39  189.1  26.1
041120251705  1.094  7.5  289.6  14.8  0.43  189.0  26.1
041120251706  1.099  7.4  287.1  14.8  0.32  178.7  26.1
041120251707  1.102  7.3  283.2  14.8  0.38  189.4  26.1
041120251708  1.105  7.0  282.8  12.9  0.34  190.0  26.1
041120251709  1.107  7.0  282.0  12.9  0.42  192.1  26.1
041120251710  1.111  7.0  280.1  12.9  0.32  203.9  26.1
041120251711  1.117  6.7  277.9  12.9  0.36  190.6  26.1
041120251712  1.122  7.0  278.0  12.9  0.42  175.4  26.1
041120251713  1.128  7.2  277.5  12.9  0.38  182.6  26.1
041120251714  1.133  7.6  277.3  13.3  0.43  179.5  26.1
041120251715  1.141  7.7  278.7  13.3  0.55  173.9  26.1
041120251716  1.147  7.8  281.4  13.6  0.53  182.2  26.1
041120251717  1.153  7.9  283.9  13.6  0.47  171.3  26.1
041120251718  1.158  7.9  286.1  13.6  0.53  178.0  26.1
041120251719  1.162  8.0  290.9  13.6  0.31  176.8  26.1
041120251720  1.168  8.0  292.8  13.6  0.47  182.6  26.1
041120251721  1.174  8.2  294.2  13.6  0.46  175.2  26.1
041120251722  1.181  7.6  296.8  13.6  0.43  169.3  26.1
041120251723  1.187  7.2  299.3  13.6  0.56  176.9  26.1
041120251724  1.192  7.2  299.7  13.6  0.42  180.7  26.1
041120251725  1.199  7.2  300.0  13.6  0.51  176.6  26.1
041120251726  1.203  7.1  299.2  12.9  0.45  168.4  26.1
041120251727  1.208  7.2  298.7  12.9  0.42  165.1  26.1
041120251728  1.213  7.4  301.6  13.1  0.40  177.2  26.1
041120251729  1.219  7.3  299.7  13.1  0.32  177.9  26.1
041120251730  1.226  7.6  297.6  15.2  0.49  179.1  26.0
041120251731  1.233  7.8  297.2  15.2  0.49  187.5  26.0
041120251732  1.239  8.1  296.2  15.2  0.42  187.3  26.0
041120251733  1.246  8.2  296.7  15.2  0.41  180.8  26.0
041120251734  1.251  8.1  294.9  15.2  0.42  180.7  26.0
041120251735  1.257  8.2  294.4  15.2  0.44  190.3  26.0
041120251736  1.264  8.0  296.2  15.2  0.43  190.0  26.0
041120251737  1.269  7.9  299.1  15.2  0.36  190.9  26.0
041120251738  1.276  7.6  296.7  15.2  0.43  195.2  26.0
041120251739  1.280  7.3  296.7  15.2  0.52  187.4  26.0
041120251740  1.285  7.1  298.1  13.7  0.36  193.7  26.0
041120251741  1.291  6.9  298.5  13.7  0.46  186.2  26.0
041120251742  1.294  6.8  298.7  13.7  0.33  194.0  26.0
041120251743  1.297  6.9  297.7  13.7  0.37  192.7  26.0
041120251744  1.300  6.8  300.1  11.9  0.31  205.6  26.0
041120251745  1.303  6.6  301.0  11.9  0.33  197.7  26.0
041120251746  1.304  6.5  300.4  11.9  0.46  191.4  26.0
041120251747  1.306  6.6  297.2  11.9  0.46  191.5  26.0
041120251748  1.311  6.8  297.4  11.9  0.35  204.0  26.0
041120251749  1.312  7.1  299.8  11.9  0.31  196.5  26.0
041120251750  1.315  7.0  301.4  11.9  0.49  191.6  26.0
041120251751  1.317  6.8  302.6  11.9  0.36  191.9  26.0
041120251752  1.319  6.9  304.2  10.5  0.51  186.5  26.0
041120251753  1.324  6.7  305.6  10.5  0.29  179.7  25.9
041120251754  1.326  6.5  307.7  10.4  0.34  180.9  25.9
041120251755  1.330  6.5  309.7  10.4  0.43  175.8  25.9
041120251756  1.331  6.4  311.3  10.4  0.33  173.7  25.9
041120251757  1.333  6.2  314.5  9.6  0.31  176.4  25.9
041120251758  1.335  6.1  317.2  9.6  0.30  182.9  25.9
041120251759  1.336  6.1  318.7  8.7  0.37  176.8  25.8
041120251800  1.337  6.2  319.4  8.7  0.42  176.0  25.8
041120251801  1.339  6.3  320.3  8.7  0.32  178.1  25.8
041120251802  1.342  6.3  320.6  8.7  0.42  177.3  25.8
041120251803  1.346  6.1  319.9  8.7  0.36  183.6  25.8
041120251804  1.348  6.0  319.8  8.7  0.33  171.9  25.8
041120251805  1.351  5.8  320.0  8.7  0.32  172.8  25.8
041120251806  1.353  5.8  319.2  8.7  0.27  182.6  25.8
041120251807  1.355  6.0  320.3  8.7  0.54  176.2  25.8
041120251808  1.355  6.0  320.3  9.3  0.52  177.6  25.8
041120251809  1.358  5.8  320.6  9.3  0.28  173.6  25.8
041120251810  1.360  5.8  321.5  9.3  0.51  181.0  25.8
041120251811  1.361  5.7  321.2  9.3  0.21  182.2  25.7
041120251812  1.364  5.7  323.0  9.3  0.27  187.1  25.7
041120251813  1.366  5.8  324.7  9.3  0.28  186.8  25.7
041120251814  1.367  6.0  329.6  11.7  0.30  184.0  25.7
041120251815  1.369  6.4  335.0  11.7  0.24  187.3  25.7
041120251816  1.369  6.8  341.0  13.9  0.27  183.0  25.7
041120251817  1.369  7.4  345.1  15.0  0.32  184.0  25.7
041120251818  1.372  7.8  347.8  15.0  0.26  168.3  25.7
041120251819  1.374  8.1  348.0  15.0  0.23  168.6  25.7
041120251820  1.375  8.6  349.9  15.0  0.49  172.8  25.7
041120251821  1.375  9.5  352.2  15.0  0.22  165.0  25.7
041120251822  1.377  10.2  354.0  15.0  0.40  179.2  25.7
041120251823  1.378  11.0  355.3  15.0  0.26  192.5  25.7
041120251824  1.378  11.3  356.0  15.0  0.31  177.5  25.7
041120251825  1.379  11.4  355.7  15.0  0.31  186.0  25.6
041120251826  1.381  11.5  354.6  15.0  0.30  179.3  25.6
041120251827  1.383  11.2  354.0  14.3  0.20  167.2  25.6
041120251828  1.385  11.1  353.9  14.3  0.24  186.2  25.5
041120251829  1.386  11.2  354.8  14.3  0.41  193.6  25.5
041120251830  1.386  11.2  355.0  14.2  0.43  186.1  25.5
041120251831  1.389  11.3  355.1  15.5  0.41  188.9  25.5
041120251832  1.391  11.5  354.9  15.5  0.28  181.5  25.5
041120251833  1.392  11.4  355.3  15.5  0.27  183.4  25.5
041120251834  1.394  11.4  355.5  15.5  0.34  188.0  25.4
041120251835  1.396  11.4  355.2  15.5  0.32  180.5  25.4
041120251836  1.397  11.3  355.7  15.5  0.36  188.1  25.3
041120251837  1.400  11.3  355.9  15.5  0.25  180.8  25.3
041120251838  1.402  11.4  356.7  15.5  0.33  185.6  25.2
041120251839  1.403  11.4  357.5  15.5  0.35  193.8  25.2
041120251840  1.405  11.2  358.2  15.5  0.55  180.5  25.2
041120251841  1.405  10.9  358.1  14.7  0.34  185.8  25.2
041120251842  1.408  10.4  358.6  13.2  0.33  180.7  25.2
041120251843  1.411  10.2  358.6  12.8  0.24  195.5  25.1
041120251844  1.413  10.0  358.1  11.9  0.33  187.0  25.1
041120251845  1.414  9.8  358.7  11.9  0.20  179.3  25.1
041120251846  1.414  9.7  359.0  11.6  0.47  174.8  25.1
041120251847  1.415  9.6  359.6  11.6  0.38  180.0  25.1
041120251848  1.415  9.5  359.8  11.6  0.44  180.7  25.1
041120251849  1.415  9.3  0.2  11.3  0.43  178.5  25.0
041120251850  1.415  9.2  0.0  11.3  0.48  183.8  25.0
041120251851  1.415  9.0  0.2  11.2  0.35  178.7  25.0
041120251852  1.416  8.9  359.9  11.2  0.36  176.9  25.0
041120251853  1.416  8.7  358.2  10.9  0.14  167.8  25.0
041120251854  1.416  8.5  356.4  10.9  0.29  171.3  24.9
041120251855  1.414  8.2  354.5  10.9  0.30  183.6  24.9
041120251856  1.416  7.9  352.7  9.7  0.20  179.3  24.9
041120251857  1.416  7.6  349.9  9.5  0.23  177.2  24.9
041120251858  1.416  7.3  347.0  9.5  0.16  183.9  24.9
041120251859  1.418  7.1  344.4  9.5  0.16  192.0  24.9
041120251900  1.419  7.0  342.0  9.5  0.25  177.8  24.9
041120251901  1.421  7.0  339.1  9.5  0.08  159.5  24.9
041120251902  1.422  6.9  336.2  9.5  0.22  184.3  24.9
041120251903  1.423  6.9  335.6  9.5  0.27  185.0  24.9
041120251904  1.425  7.0  335.6  8.7  0.25  171.6  24.9
041120251905  1.427  7.0  334.6  8.7  0.35  176.1  24.8
041120251906  1.428  7.1  333.5  10.0  0.21  172.4  24.8
041120251907  1.430  7.3  333.5  10.0  0.49  178.6  24.8
041120251908  1.434  7.5  334.1  10.0  0.38  170.5  24.7
041120251909  1.436  7.6  333.5  10.0  0.31  177.0  24.7
041120251910  1.438  7.5  332.9  10.0  0.36  170.1  24.6
041120251911  1.439  7.6  333.5  10.0  0.27  175.3  24.6
041120251912  1.441  7.7  333.5  10.7  0.35  177.1  24.5
041120251913  1.443  7.7  333.7  10.7  0.30  170.4  24.5
041120251914  1.443  7.8  333.4  10.7  0.27  167.2  24.5
041120251915  1.444  7.8  333.6  10.7  0.26  185.8  24.4
041120251916  1.445  7.8  334.0  10.7  0.33  190.0  24.4
041120251917  1.445  7.8  333.8  10.7  0.32  181.4  24.4
041120251918  1.445  7.6  332.7  10.7  0.32  177.2  24.4
041120251919  1.445  7.5  331.2  10.7  0.29  177.6  24.4
041120251920  1.445  7.2  330.0  10.7  0.41  175.8  24.3
041120251921  1.443  6.8  328.5  10.7  0.21  182.1  24.3
041120251922  1.442  6.4  327.7  10.1  0.36  182.2  24.3
041120251923  1.441  6.2  326.0  10.1  0.23  170.9  24.2
041120251924  1.439  5.9  324.6  9.5  0.33  174.8  24.2
041120251925  1.438  5.7  322.8  9.5  0.25  186.5  24.2
041120251926  1.436  5.5  322.1  8.3  0.14  186.9  24.2
041120251927  1.434  5.3  321.7  8.3  0.30  189.6  24.2
041120251928  1.433  5.2  321.8  8.3  0.28  185.6  24.2
041120251929  1.430  4.9  323.0  7.3  0.33  191.0  24.2
041120251930  1.426  5.0  324.1  7.3  0.30  193.7  24.2
041120251931  1.425  5.2  324.2  7.3  0.29  179.5  24.1
041120251932  1.423  5.1  324.6  7.3  0.35  189.0  24.1
041120251933  1.422  5.1  324.9  7.3  0.26  182.2  24.1
041120251934  1.419  5.0  325.5  7.3  0.31  171.1  24.1
041120251935  1.418  4.9  326.2  7.3  0.22  187.0  24.1
041120251936  1.415  4.9  325.8  7.3  0.25  199.4  24.1
041120251937  1.414  4.9  325.6  7.3  0.28  203.4  24.1
041120251938  1.412  4.9  326.6  7.3  0.22  210.5  24.1
041120251939  1.410  5.0  327.1  7.3  0.38  205.9  24.1
041120251940  1.408  4.9  326.4  7.3  0.29  194.2  24.1
041120251941  1.405  4.9  327.7  6.6  0.19  211.8  24.1
041120251942  1.403  4.9  327.6  6.6  0.27  216.2  24.1
041120251943  1.401  4.8  327.7  6.6  0.24  210.7  24.1
041120251944  1.400  4.8  327.6  6.6  0.36  204.7  24.1
041120251945  1.397  4.8  327.8  6.6  0.36  197.1  24.1
041120251946  1.396  4.8  327.9  6.6  0.26  200.6  24.1
041120251947  1.394  4.8  327.5  6.6  0.21  205.6  24.1
041120251948  1.393  4.7  326.3  6.6  0.12  205.4  24.1
041120251949  1.390  4.7  326.1  6.6  0.14  210.9  24.1
041120251950  1.389  4.7  326.8  6.6  0.15  214.9  24.1
041120251951  1.387  4.7  326.5  7.0  0.18  198.2  24.1
041120251952  1.383  4.9  327.3  7.8  0.08  190.0  24.1
041120251953  1.380  5.2  327.9  7.8  0.22  198.3  24.1
041120251954  1.376  5.4  327.8  7.8  0.20  205.5  24.2
041120251955  1.371  5.6  327.5  7.8  0.21  192.1  24.2
041120251956  1.367  5.7  327.4  7.8  0.13  207.9  24.2
041120251957  1.363  5.8  328.0  7.8  0.20  187.2  24.2
041120251958  1.357  5.7  328.4  7.8  0.23  180.2  24.2
041120251959  1.354  5.9  328.5  7.8  0.24  187.2  24.2
041120252000  1.348  6.1  329.2  8.2  0.16  163.4  24.2
041120252001  1.343  6.2  329.0  8.2  0.13  184.7  24.2
041120252002  1.339  6.1  329.0  8.2  0.05  162.4  24.2
041120252003  1.333  6.0  328.8  8.2  0.13  138.4  24.1
041120252004  1.327  5.9  329.4  8.2  0.14  186.8  24.1
041120252005  1.322  5.8  330.5  8.2  0.14  185.2  24.1
041120252006  1.317  5.8  331.0  8.2  0.13  195.2  24.0
041120252007  1.313  5.9  331.8  8.2  0.07  183.7  24.0
041120252008  1.309  6.1  332.6  8.9  0.09  147.6  24.0
041120252009  1.305  6.3  333.1  9.6  0.10  151.8  23.9
041120252010  1.300  6.4  332.7  9.6  0.05  190.0  23.9
041120252011  1.296  6.6  333.5  9.6  0.10  190.0  23.9
041120252012  1.292  6.9  333.7  9.6  0.14  163.4  23.8
041120252013  1.289  7.1  334.2  9.6  0.10  159.6  23.8
041120252014  1.287  7.4  334.3  9.6  0.13  100.8  23.8
041120252015  1.285  7.6  334.5  9.6  0.05  109.9  23.8
041120252016  1.282  7.8  334.8  9.6  0.07  107.9  23.8
041120252017  1.280  7.9  334.8  9.6  nan  nan  nan
041120252018  1.276  7.8  334.3  9.6  0.05  37.6  23.7
041120252019  1.273  7.7  334.6  9.5  0.09  62.1  23.7
041120252020  1.268  7.8  335.1  9.5  0.06  78.2  23.7
041120252021  1.265  7.6  335.3  9.5  0.05  106.1  23.7
041120252022  1.262  7.5  335.9  9.5  0.05  159.7  23.7
041120252023  1.260  7.6  337.0  9.5  0.10  53.4  23.7
041120252024  1.257  7.6  338.9  9.5  0.05  95.4  23.7
041120252025  1.253  7.6  340.1  9.5  0.07  41.0  23.7
041120252026  1.250  7.6  340.4  9.5  0.07  140.4  23.7
041120252027  1.247  7.5  339.8  9.3  0.11  78.7  23.7
041120252028  1.244  7.4  340.1  9.3  0.09  102.4  23.7
041120252029  1.241  7.3  339.8  9.3  0.07  23.6  23.7
041120252030  1.236  7.1  339.5  9.3  0.06  79.7  23.7
041120252031  1.233  7.1  339.5  9.3  0.11  142.9  23.6
041120252032  1.229  7.1  338.9  9.3  0.04  192.9  23.6
041120252033  1.225  7.0  337.4  9.3  0.13  150.6  23.6
041120252034  1.221  6.8  335.1  9.2  0.09  76.8  23.6
041120252035  1.217  6.7  333.1  9.2  0.04  122.8  23.6
041120252036  1.214  6.4  332.6  8.5  0.06  46.9  23.6
041120252037  1.209  6.3  333.0  8.5  0.09  84.2  23.6
041120252038  1.205  6.3  333.3  8.5  0.04  309.1  23.6
041120252039  1.199  6.1  333.3  8.5  0.08  152.3  23.6
041120252040  1.195  6.0  333.2  8.5  0.12  25.3  23.6
041120252041  1.190  5.7  331.7  8.3  0.08  88.7  23.6
041120252042  1.186  5.3  330.5  8.2  0.11  84.2  23.6
041120252043  1.181  4.8  329.5  8.0  0.09  75.8  23.6
041120252044  1.176  4.6  329.1  8.0  0.04  39.1  23.7
041120252045  1.172  4.3  328.5  6.4  0.08  182.1  23.7
041120252046  1.168  4.1  327.7  5.7  0.14  20.7  23.7
041120252047  1.165  4.0  327.3  5.7  0.05  39.5  23.7
041120252048  1.161  3.8  326.1  5.7  0.10  40.4  23.7
041120252049  1.157  3.8  324.5  5.7  0.12  34.4  23.7
041120252050  1.155  3.8  323.8  5.7  0.06  21.3  23.7
041120252051  1.152  3.8  324.1  5.7  0.15  16.6  23.7
041120252052  1.150  3.8  325.2  5.7  0.13  44.9  23.7
041120252053  1.147  3.9  326.6  5.7  0.23  35.5  23.8
041120252054  1.146  3.8  328.8  5.7  0.17  29.7  23.8
041120252055  1.142  3.7  331.1  5.7  0.19  25.9  23.8
041120252056  1.139  3.5  333.7  5.7  0.11  39.9  23.8
041120252057  1.136  3.4  336.1  5.7  0.19  26.0  23.8
041120252058  1.132  3.5  337.1  5.7  0.21  27.1  23.8
041120252059  1.130  3.6  338.8  5.6  0.19  37.6  23.8
041120252100  1.126  3.5  338.9  5.6  0.12  84.4  23.8
041120252101  1.123  3.4  344.1  5.6  0.10  25.1  23.9
041120252102  1.119  3.5  348.0  6.7  0.20  43.8  23.9
041120252103  1.115  3.8  353.5  8.3  0.25  42.8  23.9
041120252104  1.110  4.2  355.7  8.3  0.26  52.0  24.0
041120252105  1.105  4.6  357.5  8.3  0.24  42.9  24.0
041120252106  1.100  5.0  358.7  8.3  0.22  49.9  24.1
041120252107  1.094  5.3  0.1  8.3  0.42  28.8  24.1
041120252108  1.089  5.4  3.9  8.3  0.23  20.4  24.1
041120252109  1.082  5.7  7.8  9.3  0.17  50.3  24.2
041120252110  1.076  6.2  10.3  9.3  0.24  33.4  24.2
041120252111  1.071  6.6  10.2  9.3  0.38  23.5  24.2
041120252112  1.064  6.9  11.0  9.3  0.28  22.3  24.2
041120252113  1.058  7.0  10.1  9.6  0.24  16.0  24.2
041120252114  1.051  7.3  10.0  10.3  0.27  21.4  24.2
041120252115  1.044  7.5  9.1  10.3  0.18  48.5  24.2
041120252116  1.037  7.6  8.0  10.3  0.30  31.3  24.1
041120252117  1.030  7.8  7.1  10.3  0.30  22.9  24.1
041120252118  1.024  8.1  5.3  10.3  0.26  33.9  24.1
041120252119  1.017  8.2  3.6  10.3  0.38  20.9  24.1
041120252120  1.011  8.2  2.2  10.3  0.21  37.5  24.0
041120252121  1.004  8.3  0.2  10.3  0.43  29.0  24.0
041120252122  0.998  8.2  358.8  10.3  0.34  26.1  24.0
041120252123  0.991  8.0  358.0  10.3  0.37  41.6  24.0
041120252124  0.985  7.7  356.9  9.8  0.42  44.6  24.0
041120252125  0.978  7.6  356.1  9.3  0.50  40.4  24.0
041120252126  0.972  7.4  354.8  9.3  0.38  43.6  24.0
041120252127  0.966  7.1  353.3  9.3  0.42  47.5  24.0
041120252128  0.960  6.8  352.1  9.3  0.52  32.3  24.1
041120252129  0.954  6.6  350.8  9.3  0.57  36.6  24.1
041120252130  0.948  6.4  351.0  9.3  0.37  59.5  24.1
041120252131  0.941  6.4  350.5  10.0  0.43  40.2  24.2
041120252132  0.935  6.4  349.1  10.0  0.50  36.2  24.2
041120252133  0.929  6.3  347.4  10.0  0.40  38.1  24.2
041120252134  0.922  6.2  346.0  10.0  0.50  24.6  24.2
041120252135  0.916  6.1  345.3  10.0  0.49  40.5  24.2
041120252136  0.909  6.1  345.4  10.0  0.44  52.5  24.3
041120252137  0.902  6.1  346.3  10.0  0.46  44.3  24.3
041120252138  0.896  6.2  346.7  10.0  0.51  37.7  24.3
041120252139  0.889  6.2  347.2  10.0  0.42  42.2  24.3
041120252140  0.883  6.0  346.7  10.0  0.56  32.3  24.3
041120252141  0.877  5.8  346.9  8.2  0.48  38.0  24.4
041120252142  0.871  5.5  346.9  7.5  0.51  46.7  24.4
041120252143  0.866  5.4  347.6  6.9  0.65  35.2  24.4
041120252144  0.861  5.3  346.5  6.9  0.51  34.7  24.4
041120252145  0.855  5.1  344.1  6.9  0.45  31.1  24.5
041120252146  0.850  4.8  342.8  6.9  0.42  38.6  24.5
041120252147  0.844  4.6  341.4  6.2  0.41  35.0  24.5
041120252148  0.839  4.5  340.7  6.1  0.55  30.1  24.5
041120252149  0.833  4.3  338.4  6.1  0.43  38.7  24.5
041120252150  0.826  4.2  336.8  6.1  0.43  37.0  24.5
041120252151  0.821  4.0  334.6  5.2  0.50  38.3  24.5
041120252152  0.816  3.9  333.9  5.2  0.47  36.2  24.5
041120252153  0.810  3.7  332.9  5.1  0.42  51.7  24.5
041120252154  0.805  3.6  332.3  4.6  0.45  35.2  24.5
041120252155  0.799  3.5  333.4  4.6  0.42  39.1  24.5
041120252156  0.794  3.3  333.4  4.6  0.55  35.3  24.5
041120252157  0.788  3.1  330.6  4.6  0.42  46.2  24.5
041120252158  0.782  2.9  327.7  4.4  0.52  41.1  24.5
041120252159  0.776  2.7  326.3  4.4  0.59  42.4  24.6
041120252200  0.771  2.6  325.0  3.8  0.53  46.4  24.6
041120252201  0.765  2.6  325.3  3.8  0.58  45.9  24.6
041120252202  0.760  2.4  323.2  3.7  0.55  52.3  24.6
041120252203  0.755  2.3  321.8  3.7  0.56  49.6  24.6
041120252204  0.751  2.1  321.9  3.3  0.59  48.2  24.6
041120252205  0.745  2.0  321.6  3.3  0.56  60.5  24.6
041120252206  0.740  1.9  321.4  3.3  0.66  43.3  24.7
041120252207  0.735  1.7  324.2  3.3  0.58  51.6  24.7
041120252208  0.729  1.7  327.9  3.3  0.58  45.7  24.7
041120252209  0.723  1.6  332.7  3.3  0.47  61.7  24.7
041120252210  0.718  1.4  333.2  2.8  0.50  56.3  24.7
041120252211  0.711  1.3  327.1  2.4  0.44  58.1  24.7
041120252212  0.705  1.1  325.7  2.4  0.58  47.1  24.8
041120252213  0.700  1.0  323.9  2.4  0.57  52.9  24.8
041120252214  0.694  1.0  325.1  2.4  0.54  46.9  24.8
041120252215  0.688  1.0  323.3  2.4  0.55  51.9  24.8
041120252216  0.683  1.1  320.1  2.4  0.50  58.0  24.8
041120252217  0.677  1.1  308.3  3.7  0.62  41.6  24.8
041120252218  0.672  1.2  301.9  3.7  0.62  45.2  24.8
041120252219  0.666  1.3  301.8  3.7  0.68  38.2  24.9
041120252220  0.660  1.5  300.1  4.2  0.60  52.0  24.9
041120252221  0.655  1.7  300.7  4.7  0.61  46.0  24.9
041120252222  0.649  1.7  301.7  4.7  0.53  46.6  24.9
041120252223  0.644  1.9  301.9  4.7  0.52  49.7  24.9
041120252224  0.639  2.1  302.3  4.7  0.52  57.4  24.9
041120252225  0.634  2.1  303.8  4.7  0.49  47.5  24.9
041120252226  0.630  2.2  305.8  4.7  0.52  50.9  24.9
041120252227  0.624  2.3  313.3  4.7  0.51  52.5  25.0
041120252228  0.619  2.3  317.6  4.7  0.51  51.8  25.0
041120252229  0.614  2.3  319.1  4.7  0.50  47.5  25.0
041120252230  0.608  2.2  323.2  4.7  0.59  54.3  25.0
041120252231  0.603  2.1  329.0  3.9  0.58  48.3  25.0
041120252232  0.597  2.1  331.3  3.9  0.56  46.8  25.1
041120252233  0.591  1.9  336.5  3.9  0.50  51.4  25.1
041120252234  0.585  1.5  340.6  3.6  0.61  40.7  25.1
041120252235  0.579  1.2  340.1  3.6  0.56  48.0  25.1
041120252236  0.572  0.7  332.8  3.6  0.48  46.4  25.1
041120252237  0.566  0.2  297.7  3.3  0.50  52.1  25.1
041120252238  0.560  0.4  195.4  3.3  0.49  55.0  25.1
041120252239  0.553  0.8  180.0  3.3  0.57  46.3  25.2
041120252240  0.547  1.2  175.8  3.3  0.57  55.7  25.2
041120252241  0.542  1.5  174.9  3.3  0.62  43.3  25.2
041120252242  0.537  1.9  174.4  3.3  0.63  45.8  25.2
041120252243  0.531  2.1  175.7  3.3  0.60  41.0  25.2
041120252244  0.527  2.2  177.2  3.3  0.59  43.7  25.2
041120252245  0.521  2.2  177.7  3.3  0.57  44.3  25.2
041120252246  0.516  2.1  175.8  3.3  0.62  44.9  25.2
041120252247  0.511  1.9  175.9  3.1  0.47  58.7  25.2
041120252248  0.505  1.8  172.7  2.7  0.57  40.9  25.2
041120252249  0.499  1.6  172.7  2.7  0.55  49.8  25.2
041120252250  0.492  1.5  171.3  2.7  0.52  47.6  25.3
041120252251  0.485  1.3  167.7  2.7  0.54  50.2  25.3
041120252252  0.478  1.2  165.2  2.7  0.46  56.7  25.3
041120252253  0.472  1.0  162.7  2.2  0.56  45.6  25.3
041120252254  0.464  0.9  160.9  2.1  0.49  50.7  25.3
041120252255  0.457  0.8  161.7  2.1  0.52  48.3  25.3
041120252256  0.450  0.8  172.5  3.6  0.47  50.0  25.3
041120252257  0.444  1.0  185.1  4.1  0.62  45.4  25.3
041120252258  0.435  1.2  195.7  4.1  0.49  51.0  25.3
041120252259  0.428  1.5  200.9  4.5  0.50  46.0  25.3
041120252300  0.421  1.9  205.0  4.7  0.62  40.7  25.3
041120252301  0.412  2.3  206.9  4.7  0.63  46.4  25.3
041120252302  0.405  2.7  208.3  6.1  0.54  49.9  25.3
041120252303  0.398  3.2  208.3  6.1  0.63  42.8  25.3
041120252304  0.390  3.7  209.9  6.6  0.55  44.6  25.3
041120252305  0.385  4.0  209.8  6.6  0.68  42.5  25.3
041120252306  0.377  4.3  210.9  6.6  0.65  41.2  25.3
041120252307  0.372  4.4  210.7  6.6  0.56  51.2  25.3
041120252308  0.365  4.6  210.6  6.6  0.58  45.1  25.4
041120252309  0.359  4.8  209.5  6.6  0.56  42.8  25.4
041120252310  0.353  4.8  209.0  6.6  0.62  44.4  25.4
041120252311  0.347  4.9  208.8  6.6  0.62  45.3  25.4
041120252312  0.341  5.0  208.8  6.6  0.53  49.0  25.4
041120252313  0.336  5.0  209.4  6.6  0.59  50.6  25.4
041120252314  0.330  5.0  210.5  6.6  0.65  44.2  25.4
041120252315  0.324  5.1  212.1  6.6  0.55  36.4  25.4
041120252316  0.319  5.0  213.0  6.4  0.63  42.9  25.4
041120252317  0.311  5.0  212.4  6.4  0.70  36.3  25.4
041120252318  0.305  5.0  211.7  6.4  0.58  50.4  25.4
041120252319  0.298  5.1  211.3  6.6  0.47  57.2  25.4
041120252320  0.291  5.2  210.6  6.9  0.67  45.4  25.4
041120252321  0.286  5.2  209.3  6.9  0.67  43.5  25.4
041120252322  0.280  5.1  207.4  6.9  0.59  47.2  25.4
041120252323  0.274  5.0  204.3  6.9  0.59  51.4  25.4
041120252324  0.267  4.9  199.7  6.9  0.60  47.0  25.4
041120252325  0.261  5.0  196.0  6.9  0.66  37.7  25.4
041120252326  0.254  5.1  193.2  6.9  0.65  46.2  25.4
041120252327  0.249  5.1  191.6  6.9  0.54  52.8  25.5
041120252328  0.244  5.1  189.5  6.9  0.59  54.5  25.5
041120252329  0.238  5.1  188.2  6.9  0.49  52.6  25.5
041120252330  0.235  5.0  186.8  6.2  0.55  43.7  25.5
041120252331  0.230  4.9  185.4  6.2  0.65  48.4  25.5
041120252332  0.228  4.9  185.3  6.2  0.48  54.0  25.5
041120252333  0.224  4.8  185.8  6.2  0.57  51.0  25.5
041120252334  0.221  4.7  186.1  6.2  0.62  45.9  25.5
041120252335  0.218  4.4  186.2  6.2  0.50  48.9  25.5
041120252336  0.213  4.2  185.8  6.2  0.46  52.4  25.5
041120252337  0.211  4.0  186.0  6.2  0.58  46.6  25.5
041120252338  0.208  3.8  186.6  6.2  0.53  57.4  25.5
041120252339  0.203  3.5  187.0  6.2  0.59  48.7  25.6
041120252340  0.200  3.2  187.5  5.3  0.51  44.5  25.6
041120252341  0.196  2.9  189.1  4.9  0.58  45.9  25.6
041120252342  0.192  2.7  191.6  4.9  0.57  38.5  25.6
041120252343  0.189  2.6  190.7  4.9  0.67  46.4  25.6
041120252344  0.185  2.6  189.6  4.9  0.58  54.3  25.6
041120252345  0.182  2.7  187.1  4.9  0.62  48.6  25.6
041120252346  0.178  2.8  184.3  6.0  0.60  45.8  25.6
041120252347  0.175  3.1  180.6  7.1  0.55  47.2  25.6
041120252348  0.171  3.4  179.1  7.1  0.56  39.8  25.6
041120252349  0.167  3.7  179.0  7.1  0.58  39.7  25.6
041120252350  0.162  4.1  180.8  7.4  0.58  47.0  25.6
041120252351  0.159  4.5  183.4  7.7  0.57  48.0  25.6
041120252352  0.153  4.8  185.2  7.7  0.57  55.3  25.6
041120252353  0.147  4.9  188.9  7.7  0.59  47.5  25.6
041120252354  0.141  5.1  192.8  7.7  0.58  60.9  25.6
041120252355  0.137  5.2  196.0  7.7  0.56  49.1  25.6
041120252356  0.131  5.3  200.1  7.7  0.62  44.7  25.7
041120252357  0.126  5.2  205.5  7.7  0.61  37.3  25.7
041120252358  0.121  5.2  210.3  7.7  0.61  44.7  25.7
041120252359  0.116  5.2  214.6  7.7  0.64  46.1  25.7
051120250000  0.112  5.0  217.8  7.7  0.52  49.7  25.7
051120250001  0.108  4.8  220.2  5.9  0.59  50.8  25.7
051120250002  0.104  4.7  221.2  5.8  0.58  44.9  25.7
051120250003  0.100  4.7  222.5  5.8  0.58  48.3  25.7
051120250004  0.095  4.5  223.6  5.8  0.56  42.3  25.7
051120250005  0.092  4.4  225.2  5.8  0.52  45.6  25.7
051120250006  0.088  4.2  226.5  5.8  0.61  34.5  25.7
051120250007  0.084  4.2  226.5  5.8  0.55  49.5  25.7
051120250008  0.082  4.1  225.9  5.2  0.65  39.9  25.7
051120250009  0.079  4.1  224.8  5.1  0.57  54.9  25.7
051120250010  0.074  4.1  224.3  5.1  0.62  47.0  25.7
051120250011  0.072  4.0  223.4  4.8  0.51  44.7  25.7
051120250012  0.068  4.0  223.6  5.3  0.62  44.3  25.7
051120250013  0.065  4.1  222.0  5.4  0.63  42.7  25.7
051120250014  0.061  4.2  221.3  5.5  0.58  42.0  25.7
051120250015  0.057  4.4  220.6  5.5  0.59  40.5  25.7
051120250016  0.052  4.5  219.9  5.6  0.51  56.7  25.7
051120250017  0.047  4.7  220.2  5.9  0.54  47.8  25.8
051120250018  0.042  4.7  220.5  5.9  0.62  41.5  25.8
051120250019  0.037  4.8  220.9  5.9  0.53  51.8  25.8
051120250020  0.031  4.8  220.9  5.9  0.61  41.7  25.8
051120250021  0.026  4.9  221.2  5.9  0.51  52.2  25.8
051120250022  0.022  5.0  220.9  6.4  0.53  39.5  25.8
051120250023  0.018  5.0  220.7  6.4  0.55  50.2  25.8
051120250024  0.013  5.0  220.2  6.4  0.57  43.8  25.8
051120250025  0.009  5.0  220.0  6.4  0.52  54.4  25.8
051120250026  0.005  4.9  219.4  6.4  0.55  47.4  25.8
051120250027  nan  4.9  218.5  6.4  0.50  67.3  25.8
051120250028  nan  4.9  218.1  6.4  0.66  39.8  25.8
051120250029  nan  4.8  217.3  6.4  0.72  37.9  25.8
051120250030  nan  4.8  216.9  6.4  0.69  37.4  25.8
051120250031  nan  4.8  216.3  6.4  0.61  40.2  25.8
051120250032  nan  4.8  215.2  6.0  0.54  54.3  25.8
051120250033  nan  4.8  215.0  6.0  0.51  59.6  25.8
051120250034  nan  4.8  214.7  6.0  0.62  45.3  25.8
051120250035  nan  4.7  213.7  6.0  0.59  49.5  25.8
051120250036  nan  4.7  212.6  6.0  0.62  42.7  25.8
051120250037  nan  4.5  210.9  6.0  0.61  43.3  25.8
051120250038  nan  4.5  210.6  6.0  0.55  42.6  25.8
051120250039  nan  4.6  211.4  6.2  0.56  47.8  25.8
051120250040  nan  4.7  211.9  6.5  0.48  57.4  25.8
051120250041  nan  4.7  212.5  6.5  0.52  42.1  25.8
051120250042  nan  4.7  213.4  6.5  0.54  49.7  25.8
051120250043  nan  4.7  214.7  6.5  0.56  48.4  25.9
051120250044  nan  4.8  215.5  6.5  0.56  47.3  25.9
051120250045  nan  5.0  216.9  6.5  0.60  49.5  25.9
051120250046  nan  5.2  218.8  6.5  0.51  52.1  25.9
051120250047  nan  5.5  221.0  6.8  0.51  50.5  25.9
051120250048  nan  5.6  221.9  6.8  0.51  38.7  25.9
051120250049  nan  5.7  221.9  6.9  0.54  51.5  25.9
051120250050  nan  5.7  221.7  6.9  0.44  58.2  25.9
051120250051  nan  5.8  221.8  6.9  0.54  58.4  25.9
051120250052  nan  5.9  221.5  7.2  0.54  51.5  25.9
051120250053  nan  6.0  221.0  7.2  0.54  55.9  25.9
051120250054  nan  6.0  220.8  7.2  0.45  54.5  25.9
051120250055  nan  6.0  220.4  7.2  0.59  52.3  25.9
051120250056  nan  6.0  219.6  7.2  0.51  52.8  25.9
051120250057  nan  6.0  218.2  7.2  0.52  52.6  25.9
051120250058  nan  6.0  216.8  7.2  0.46  56.2  25.9
051120250059  nan  6.0  215.6  7.2  0.48  55.7  25.9
051120250100  nan  6.0  214.0  7.2  0.54  47.0  25.9
051120250101  nan  5.9  212.3  7.2  0.45  53.4  25.9
051120250102  nan  5.8  211.2  7.2  0.58  34.9  25.9
051120250103  nan  5.7  209.7  7.2  0.44  51.3  25.9
051120250104  nan  5.7  208.3  7.2  0.47  51.3  25.9
051120250105  nan  5.6  207.2  7.2  0.44  57.2  25.9
051120250106  nan  5.6  206.8  7.2  0.50  57.8  25.9
051120250107  nan  5.4  206.2  6.2  0.47  53.3  25.9
051120250108  nan  5.2  206.6  6.2  0.55  48.5  25.9
051120250109  nan  5.1  207.0  6.2  0.49  55.6  26.0
051120250110  nan  5.1  208.2  6.1  0.50  46.0  26.0
051120250111  nan  5.0  209.5  6.1  0.52  55.5  26.0
051120250112  nan  4.9  210.9  6.1  0.49  49.5  26.0
051120250113  nan  5.0  212.2  6.1  0.57  42.8  26.0
051120250114  nan  5.0  213.6  5.9  0.47  44.7  26.0
051120250115  nan  5.0  214.7  6.3  0.47  47.5  26.0
051120250116  nan  5.0  215.2  6.3  0.45  57.3  26.0
051120250117  nan  5.0  215.8  6.3  0.40  57.9  26.0
051120250118  nan  5.1  215.7  6.3  0.48  48.9  26.0
051120250119  nan  5.1  215.5  6.3  0.41  43.7  26.0
051120250120  nan  5.1  214.9  6.3  0.37  48.9  26.0
051120250121  nan  5.0  214.4  6.3  0.39  52.2  26.0
051120250122  nan  5.0  213.6  6.3  0.54  40.9  26.0
051120250123  nan  4.9  212.6  6.3  0.38  63.5  26.0
051120250124  nan  4.8  211.5  6.3  0.46  45.2  26.0
051120250125  nan  4.7  210.3  5.7  0.48  46.6  26.0
051120250126  nan  4.6  208.7  5.4  0.49  44.6  26.1
051120250127  nan  4.5  208.0  5.3  0.47  56.2  26.1
051120250128  nan  4.6  207.0  5.6  0.43  58.1  26.1
051120250129  nan  4.6  207.0  5.6  0.44  49.3  26.1
051120250130  nan  4.6  207.5  5.6  0.46  46.4  26.1
051120250131  nan  4.6  208.4  5.6  0.45  58.3  26.1
051120250132  nan  4.6  210.4  5.7  0.43  42.7  26.1
051120250133  nan  4.7  212.1  5.7  0.41  60.8  26.1
051120250134  nan  4.7  213.8  5.7  0.48  51.0  26.1
051120250135  nan  4.7  215.4  5.7  0.40  54.8  26.1
051120250136  nan  4.8  216.9  5.7  0.40  55.0  26.1
051120250137  nan  4.9  217.6  5.7  0.32  64.2  26.1
051120250138  nan  4.9  218.9  5.7  0.45  46.7  26.1
051120250139  nan  4.8  219.5  5.7  0.37  72.5  26.1
051120250140  nan  4.7  219.3  5.7  0.28  68.1  26.1
051120250141  nan  4.7  218.7  5.7  0.35  54.6  26.1
051120250142  nan  4.5  217.0  5.4  0.38  50.7  26.1
051120250143  nan  4.5  215.3  5.4  0.30  57.1  26.1
051120250144  nan  4.4  213.2  5.4  0.39  38.7  26.1
051120250145  nan  4.4  211.8  5.4  0.34  33.2  26.1
051120250146  nan  4.4  211.4  5.3  0.33  29.2  26.1
051120250147  nan  4.3  211.2  5.1  0.28  42.3  26.1
051120250148  nan  4.3  209.9  5.1  0.30  24.8  26.1
051120250149  nan  4.4  209.1  5.1  0.23  37.2  26.1
051120250150  nan  4.4  208.8  5.1  0.29  26.5  26.1
051120250151  nan  4.4  209.0  5.1  0.35  24.8  26.1
051120250152  nan  4.5  209.2  5.1  0.33  27.3  26.1
051120250153  nan  4.5  210.0  5.1  0.31  17.3  26.1
051120250154  nan  4.4  210.8  5.1  0.19  19.2  26.1
051120250155  nan  4.4  210.9  5.1  0.27  20.5  26.1
051120250156  nan  4.3  209.8  5.0  0.25  26.7  26.1
051120250157  nan  4.2  208.2  5.0  0.23  12.0  26.2
051120250158  nan  4.1  206.7  5.0  0.23  22.2  26.2
051120250159  nan  3.9  204.7  5.0  0.15  23.9  26.2
051120250200  nan  3.6  202.8  5.0  0.24  14.1  26.2
051120250201  nan  3.2  199.3  4.7  0.29  17.0  26.2
051120250202  nan  2.7  196.1  4.5  0.20  25.0  26.2
051120250203  nan  2.3  192.1  4.2  0.25  28.2  26.2
051120250204  nan  2.0  187.3  4.2  0.24  355.3  26.2
051120250205  nan  1.7  183.8  4.2  0.22  2.3  26.2
051120250206  nan  1.2  183.0  4.2  0.23  26.6  26.2
051120250207  0.001  0.7  182.5  3.9  0.15  12.9  26.2
051120250208  0.005  0.2  213.5  3.4  0.23  8.5  26.2
051120250209  0.009  0.4  323.1  2.9  0.19  15.8  26.2
051120250210  0.012  0.8  328.1  2.9  0.11  21.1  26.2
051120250211  0.017  1.2  323.8  3.0  0.11  32.5  26.2
051120250212  0.022  1.5  317.3  3.2  0.21  352.9  26.2
051120250213  0.027  1.8  315.4  3.2  0.16  10.0  26.2
051120250214  0.032  2.1  314.4  3.2  0.11  348.4  26.2
051120250215  0.037  2.3  313.8  3.2  0.21  1.6  26.2
051120250216  0.041  2.4  312.3  3.2  0.23  348.6  26.2
051120250217  0.046  2.4  308.4  3.2  0.22  4.0  26.2
051120250218  0.051  2.4  303.8  3.2  0.19  356.7  26.2
051120250219  0.055  2.3  299.4  3.2  0.08  287.1  26.2
051120250220  0.059  2.2  293.8  3.2  0.17  346.6  26.2
051120250221  0.063  2.1  288.7  3.2  0.16  345.6  26.2
051120250222  0.067  1.9  285.6  3.1  0.23  349.6  26.2
051120250223  0.071  1.7  281.9  3.1  0.18  350.0  26.2
051120250224  0.076  1.6  277.2  2.6  0.26  351.6  26.2
051120250225  0.082  1.4  268.2  2.5  0.24  5.4  26.2
051120250226  0.084  1.3  255.6  2.5  0.18  5.0  26.2
051120250227  0.088  1.1  243.0  2.5  0.07  19.5  26.2
051120250228  0.094  0.9  226.6  2.1  0.13  356.2  26.2
051120250229  0.097  0.9  213.0  2.0  0.18  8.2  26.2
051120250230  0.101  0.9  198.5  2.0  0.11  323.6  26.2
051120250231  0.106  0.8  186.2  2.0  0.21  354.3  26.2
051120250232  0.110  0.9  177.0  2.0  0.13  15.0  26.2
051120250233  0.114  1.0  169.9  2.0  0.15  344.1  26.2
051120250234  0.120  1.1  160.7  2.0  0.19  4.1  26.3
051120250235  0.124  1.1  156.2  2.0  0.09  359.9  26.3
051120250236  0.129  1.1  153.4  2.0  0.08  338.8  26.3
051120250237  0.133  1.2  152.0  1.9  0.10  15.8  26.3
051120250238  0.137  1.2  155.3  1.9  0.15  352.3  26.3
051120250239  0.141  1.2  155.7  1.9  0.11  349.1  26.3
051120250240  0.146  1.3  157.3  1.9  0.11  17.9  26.3
051120250241  0.150  1.3  160.4  1.9  0.16  23.0  26.3
051120250242  0.154  1.4  165.6  2.0  0.10  36.1  26.3
051120250243  0.159  1.5  169.2  2.0  0.07  356.4  26.3
051120250244  0.163  1.5  174.2  2.0  0.14  20.4  26.3
051120250245  0.169  1.3  184.2  3.0  nan  nan  nan
051120250246  0.174  1.2  196.7  3.2  0.02  268.7  26.3
051120250247  0.179  1.1  216.5  3.2  0.03  207.1  26.3
051120250248  0.184  1.0  231.3  3.2  0.04  21.3  26.3
051120250249  0.188  1.1  249.3  3.2  0.03  350.3  26.3
051120250250  0.193  1.3  268.0  3.6  0.05  166.5  26.3
051120250251  0.199  1.6  278.0  4.0  0.08  5.6  26.3
051120250252  0.204  1.9  286.2  4.0  0.09  346.8  26.3
051120250253  0.211  2.2  290.3  4.0  0.03  276.4  26.3
051120250254  0.217  2.5  292.6  4.0  0.17  199.0  26.3
051120250255  0.223  2.4  291.2  4.0  0.12  201.7  26.3
051120250256  0.229  2.3  288.2  4.0  0.17  194.0  26.3
051120250257  0.236  2.1  284.9  4.0  0.08  198.1  26.3
051120250258  0.240  1.9  278.9  4.0  0.10  173.7  26.3
051120250259  0.246  1.7  268.7  4.0  0.07  178.0  26.3
051120250300  0.251  1.4  251.9  4.0  0.11  181.9  26.3
051120250301  0.257  1.3  231.2  3.5  0.19  185.4  26.3
051120250302  0.263  1.5  209.6  4.2  0.23  177.6  26.3
051120250303  0.268  1.8  194.1  4.4  0.19  190.0  26.3
051120250304  0.272  2.2  189.0  4.4  0.10  185.7  26.2
051120250305  0.278  2.3  189.8  4.4  0.16  180.9  26.2
051120250306  0.283  2.6  187.8  5.1  0.16  180.4  26.2
051120250307  0.288  3.0  186.4  5.2  0.15  190.7  26.2
051120250308  0.294  3.3  187.1  6.0  0.11  226.3  26.2
051120250309  0.299  3.7  189.8  6.6  0.22  194.0  26.2
051120250310  0.305  3.9  193.5  6.6  0.08  198.5  26.2
051120250311  0.311  4.2  197.0  6.6  0.12  216.1  26.2
051120250312  0.317  4.5  200.7  6.6  0.16  199.6  26.2
051120250313  0.324  4.7  204.0  6.6  0.06  214.0  26.2
051120250314  0.331  4.8  205.5  6.6  0.11  238.5  26.2
051120250315  0.337  4.8  204.8  6.6  0.16  230.0  26.2
051120250316  0.343  4.9  206.8  6.6  0.10  235.8  26.2
051120250317  0.350  4.8  208.6  6.6  0.10  183.5  26.1
051120250318  0.357  4.8  210.3  6.6  0.23  192.4  26.1
051120250319  0.363  4.7  211.0  6.1  0.13  281.7  26.1
051120250320  0.370  4.5  209.8  6.1  0.25  217.2  26.1
051120250321  0.378  4.4  208.4  6.1  0.13  247.3  26.1
051120250322  0.384  4.2  206.8  5.9  0.21  211.7  26.1
051120250323  0.390  4.1  206.0  5.4  0.09  212.9  26.1
051120250324  0.396  4.1  204.1  5.1  0.24  232.4  26.1
051120250325  0.402  4.1  203.0  5.1  0.21  248.4  26.1
051120250326  0.408  4.1  202.2  5.1  0.26  214.5  26.1
051120250327  0.415  4.0  202.3  5.1  0.18  243.7  26.1
051120250328  0.423  3.9  202.5  5.1  0.29  221.4  26.1
051120250329  0.430  3.9  202.6  5.1  0.20  223.4  26.1
051120250330  0.438  4.0  202.4  5.1  0.29  239.6  26.1
051120250331  0.446  4.0  202.7  5.1  0.30  218.2  26.1
051120250332  0.453  3.9  203.2  5.1  0.24  213.3  26.0
051120250333  0.460  3.8  202.3  5.1  0.27  213.7  26.0
051120250334  0.467  3.6  200.7  5.1  0.24  241.0  26.0
051120250335  0.475  3.6  199.2  5.1  0.34  202.8  26.0
051120250336  0.481  3.6  197.8  5.1  0.24  214.9  26.0
051120250337  0.488  3.6  195.0  5.1  0.21  214.9  26.0
051120250338  0.495  3.6  191.7  5.1  0.34  216.6  26.0
051120250339  0.501  3.5  188.1  5.1  0.21  225.0  26.0
051120250340  0.508  3.4  184.5  4.8  0.18  208.4  25.9
051120250341  0.514  3.3  180.7  4.8  0.23  217.7  25.9
051120250342  0.521  3.4  177.0  4.8  0.27  207.9  25.9
051120250343  0.527  3.4  173.3  4.8  0.23  194.8  25.9
051120250344  0.535  3.4  171.6  4.8  0.23  210.6  25.9
051120250345  0.541  3.4  171.2  4.3  0.18  205.9  25.9
051120250346  0.549  3.4  171.6  4.3  0.33  209.5  25.9
051120250347  0.556  3.4  173.6  4.3  0.23  222.8  25.9
051120250348  0.563  3.4  175.2  4.4  0.25  196.3  25.9
051120250349  0.571  3.5  177.8  5.0  0.41  190.8  25.9
051120250350  0.579  3.4  180.8  5.0  0.42  184.9  25.9
051120250351  0.586  3.4  182.5  5.0  0.44  177.7  25.9
051120250352  0.593  3.4  188.1  5.0  0.26  204.5  25.9
051120250353  0.601  3.5  194.0  5.0  0.41  192.2  25.9
051120250354  0.607  3.5  198.7  5.0  0.42  192.1  25.9
051120250355  0.614  3.6  201.7  5.0  0.31  202.7  25.9
051120250356  0.621  3.6  204.0  5.0  0.35  194.8  25.8
051120250357  0.627  3.6  206.1  5.0  0.26  214.7  25.8
051120250358  0.633  3.6  207.8  5.0  0.28  207.2  25.8
051120250359  0.639  3.6  208.6  4.8  0.42  195.6  25.8
051120250400  0.646  3.7  208.9  4.8  0.44  194.3  25.8
051120250401  0.652  3.7  209.7  4.8  0.45  190.8  25.8
051120250402  0.657  3.8  208.9  5.4  0.44  188.0  25.8
051120250403  0.664  4.0  207.8  5.9  0.35  180.5  25.8
051120250404  0.669  4.0  206.2  5.9  0.45  189.0  25.8
051120250405  0.676  4.1  205.1  5.9  0.31  176.4  25.8
051120250406  0.683  4.2  204.9  5.9  0.38  178.9  25.8
051120250407  0.689  4.2  205.2  5.9  0.43  185.9  25.7
051120250408  0.697  4.4  205.3  6.6  0.42  184.9  25.7
051120250409  0.705  4.6  206.2  6.6  0.35  181.2  25.7
051120250410  0.711  4.7  206.9  6.6  0.40  175.8  25.7
051120250411  0.717  4.9  208.2  6.6  0.47  176.2  25.7
051120250412  0.724  4.8  207.7  6.6  0.29  179.7  25.7
051120250413  0.731  4.8  208.3  6.6  0.49  178.9  25.7
051120250414  0.737  4.9  210.9  6.6  0.42  180.1  25.7
051120250415  0.743  5.0  212.3  6.6  0.47  184.8  25.7
051120250416  0.748  4.9  212.6  6.6  0.26  190.4  25.7
051120250417  0.753  4.8  212.7  6.6  0.31  184.9  25.6
051120250418  0.760  4.8  214.3  6.1  0.41  186.8  25.6
051120250419  0.766  4.7  215.8  6.1  0.46  190.0  25.6
051120250420  0.772  4.7  217.4  6.1  0.36  182.6  25.6
051120250421  0.778  4.6  217.8  6.1  0.34  190.0  25.6
051120250422  0.785  4.7  218.9  6.1  0.33  189.3  25.6
051120250423  0.792  4.6  219.6  6.1  0.38  190.0  25.6
051120250424  0.798  4.4  219.1  6.1  0.37  199.8  25.6
051120250425  0.805  4.3  218.9  5.8  0.39  192.8  25.6
051120250426  0.812  4.3  219.0  5.8  0.39  199.6  25.6
051120250427  0.820  4.4  218.4  5.8  0.35  199.7  25.6
051120250428  0.826  4.4  217.4  6.2  0.47  190.7  25.6
051120250429  0.833  4.4  216.2  6.2  0.41  180.9  25.6
051120250430  0.840  4.4  215.6  6.2  0.40  188.9  25.6
051120250431  0.847  4.6  216.3  6.2  0.58  183.8  25.6
051120250432  0.853  4.6  215.7  6.2  0.33  184.7  25.6
051120250433  0.860  4.7  215.7  6.2  0.55  182.9  25.6
051120250434  0.867  4.7  215.3  6.2  0.32  183.0  25.6
051120250435  0.873  4.8  215.4  6.2  0.37  185.2  25.5
051120250436  0.880  4.8  215.0  6.2  0.38  190.0  25.5
051120250437  0.886  4.9  214.6  6.2  0.51  192.6  25.5
051120250438  0.892  4.9  215.7  6.4  0.39  190.9  25.5
051120250439  0.900  5.0  216.4  6.4  0.39  195.7  25.5
051120250440  0.907  5.0  217.2  6.4  0.34  191.3  25.5
051120250441  0.913  4.9  216.5  6.4  0.47  192.9  25.5
051120250442  0.921  4.9  216.6  6.4  0.54  191.9  25.5
051120250443  0.928  5.1  216.8  6.9  0.30  202.6  25.4
051120250444  0.936  5.3  217.1  7.2  0.52  188.3  25.4
051120250445  0.944  5.4  217.6  7.2  0.63  192.0  25.4
051120250446  0.950  5.5  218.7  7.2  0.70  192.4  25.4
051120250447  0.957  5.5  219.9  7.2  0.48  200.1  25.4
051120250448  0.967  5.5  219.2  7.2  0.52  197.7  25.4
051120250449  0.974  5.5  219.6  7.2  0.33  203.4  25.4
051120250450  0.980  5.7  219.5  7.2  0.34  206.0  25.4
051120250451  0.988  5.8  220.3  7.2  0.34  209.2  25.4
051120250452  0.994  5.8  221.0  7.2  0.56  197.7  25.4
051120250453  1.000  5.6  221.4  7.2  0.64  189.1  25.4
051120250454  1.007  5.6  221.4  7.4  0.60  192.2  25.4
051120250455  1.014  5.7  220.6  7.5  0.45  199.7  25.4
051120250456  1.020  5.7  219.6  7.5  0.71  194.4  25.4
051120250457  1.026  5.8  218.7  7.5  0.41  207.1  25.4
051120250458  1.030  5.9  218.5  7.5  0.43  196.7  25.4
051120250459  1.034  6.0  217.9  7.5  0.49  198.4  25.4
051120250500  1.040  6.0  217.2  7.5  0.37  201.2  25.4
051120250501  1.047  6.0  215.8  7.5  0.47  197.8  25.4
051120250502  1.051  6.0  215.1  7.5  0.53  202.1  25.4
051120250503  1.057  6.0  214.5  7.5  0.47  204.3  25.4
051120250504  1.063  6.0  213.4  7.5  0.47  194.8  25.4
051120250505  1.069  5.8  212.4  7.4  0.63  200.5  25.4
051120250506  1.077  5.5  211.3  7.4  0.55  215.5  25.4
051120250507  1.084  5.4  210.8  7.4  0.41  178.9  25.4
051120250508  1.091  5.4  210.2  7.4  0.24  247.1  25.4
051120250509  1.098  5.1  207.8  7.1  0.48  203.9  25.4
051120250510  1.103  4.7  204.8  7.1  0.46  197.8  25.4
051120250511  1.109  4.3  200.4  7.1  0.40  187.0  25.4
051120250512  1.117  4.0  195.0  7.1  0.41  191.4  25.3
051120250513  1.123  3.4  188.9  7.1  0.48  185.1  25.3
051120250514  1.128  3.0  185.4  7.1  0.44  188.2  25.3
051120250515  1.136  3.0  185.8  7.1  0.34  193.2  25.3
051120250516  1.144  3.0  185.8  7.1  0.36  182.0  25.3
051120250517  1.152  2.9  182.0  7.1  0.40  184.1  25.2
051120250518  1.157  2.6  177.5  5.1  0.48  186.8  25.2
051120250519  1.164  2.4  178.3  5.1  0.29  198.4  25.2
051120250520  1.173  2.4  180.7  5.1  0.50  190.2  25.2
051120250521  1.180  2.4  187.8  5.1  0.41  199.2  25.2
051120250522  1.186  2.6  196.2  5.1  0.46  192.4  25.2
051120250523  1.193  3.0  202.7  5.1  0.47  198.4  25.2
051120250524  1.199  3.3  205.3  5.1  0.42  198.8  25.2
051120250525  1.206  3.2  205.7  5.1  0.35  201.0  25.2
051120250526  1.213  3.2  207.7  5.0  0.39  203.7  25.2
051120250527  1.218  3.3  208.8  5.0  0.49  191.1  25.2
051120250528  1.224  3.3  206.4  5.0  0.46  190.5  25.2
051120250529  1.230  3.2  202.7  5.0  0.47  193.8  25.2
051120250530  1.236  3.2  200.4  5.0  0.59  190.2  25.1
051120250531  1.242  3.2  201.1  5.0  0.43  197.5  25.1
051120250532  1.246  3.1  200.3  5.0  0.39  195.2  25.1
051120250533  1.251  3.0  198.0  5.0  0.36  199.6  25.1
051120250534  1.257  2.8  196.6  4.2  0.45  191.2  25.1
051120250535  1.263  2.7  197.0  4.2  0.54  188.4  25.1
051120250536  1.269  2.7  198.3  4.5  0.41  187.8  25.1
051120250537  1.273  2.7  202.5  5.0  0.53  186.2  25.1
051120250538  1.277  2.8  208.4  5.0  0.47  184.0  25.1
051120250539  1.283  3.2  212.9  5.2  0.54  186.5  25.1
051120250540  1.288  3.5  215.8  5.2  0.48  180.8  25.1
051120250541  1.294  3.7  215.6  5.2  0.52  186.1  25.0
051120250542  1.300  3.8  215.3  5.2  0.38  189.7  25.0
051120250543  1.305  4.1  215.5  5.2  0.39  185.2  25.0
051120250544  1.311  4.3  214.3  5.2  0.33  194.7  25.0
051120250545  1.317  4.4  212.5  5.2  0.40  196.5  25.0
051120250546  1.322  4.3  210.2  5.2  0.38  201.0  25.0
051120250547  1.327  4.1  206.8  5.2  0.34  190.0  25.0
051120250548  1.333  4.0  204.2  5.2  0.46  190.2  25.0
051120250549  1.339  3.8  204.7  5.2  0.42  193.2  25.0
051120250550  1.346  3.7  205.7  5.2  0.35  193.5  25.0
051120250551  1.351  3.5  205.8  5.2  0.34  193.6  25.0
051120250552  1.358  3.3  204.5  5.2  0.42  194.8  24.9
051120250553  1.363  2.9  201.4  5.0  0.38  194.1  24.9
051120250554  1.369  2.7  199.6  4.8  0.27  186.7  24.9
051120250555  1.375  2.4  202.0  3.9  0.44  184.2  24.9
051120250556  1.380  2.5  205.3  4.3  0.40  190.0  24.9
051120250557  1.386  2.6  213.3  5.2  0.47  185.5  24.9
051120250558  1.390  2.6  217.4  5.2  0.40  185.3  24.9
051120250559  1.395  2.5  215.5  5.2  0.35  189.7  24.9
051120250600  1.402  2.3  210.9  5.2  0.26  190.4  24.9
051120250601  1.408  2.2  209.4  5.2  0.33  188.3  24.9
051120250602  1.413  2.3  208.0  5.2  0.30  183.3  24.9
051120250603  1.417  2.4  206.7  5.2  0.41  179.9  24.8
051120250604  1.422  2.4  205.8  5.2  0.41  188.6  24.8
051120250605  1.427  2.3  201.2  5.2  0.44  186.4  24.8
051120250606  1.434  2.1  195.6  5.2  0.42  191.1  24.8
051120250607  1.438  2.0  182.2  4.6  0.31  187.5  24.8
051120250608  1.443  2.1  172.0  3.8  0.44  188.7  24.8
051120250609  1.448  2.2  167.7  3.8  0.38  188.2  24.8
051120250610  1.452  2.3  168.9  3.8  0.25  189.1  24.8
051120250611  1.457  2.2  172.4  3.8  0.38  185.3  24.8
051120250612  1.461  1.8  176.0  3.8  0.38  188.8  24.8
051120250613  1.466  1.4  181.9  3.7  0.43  189.5  24.7
051120250614  1.471  1.2  194.3  3.7  0.48  180.5  24.7
051120250615  1.476  1.1  210.7  3.7  0.40  189.4  24.7
051120250616  1.480  1.1  227.2  3.7  0.43  189.5  24.7
051120250617  1.485  1.2  232.3  3.7  0.47  190.2  24.6
051120250618  1.490  1.2  235.2  3.5  0.35  190.9  24.6
051120250619  1.492  1.2  240.4  3.5  0.43  190.0  24.6
051120250620  1.497  1.0  250.5  3.4  0.46  191.0  24.6
051120250621  1.502  0.9  245.8  3.2  0.44  184.5  24.6
051120250622  1.507  0.8  228.7  3.2  0.43  192.3  24.6
051120250623  1.512  0.9  208.7  3.2  0.40  192.5  24.5
051120250624  1.518  1.1  199.8  3.6  0.36  188.1  24.5
051120250625  1.524  1.3  194.3  3.6  0.35  190.0  24.5
051120250626  1.527  1.4  189.7  3.6  0.45  188.3  24.5
051120250627  1.532  1.2  191.0  3.6  0.38  201.4  24.5
051120250628  1.537  1.2  196.0  3.6  0.41  188.9  24.5
051120250629  1.541  1.4  203.6  3.6  0.40  197.9  24.4
051120250630  1.547  1.6  205.6  3.6  0.63  192.7  24.4
051120250631  1.552  1.8  205.9  3.6  0.46  187.8  24.4
051120250632  1.557  2.0  206.7  3.6  0.45  192.3  24.4
051120250633  1.561  2.1  207.8  3.6  0.44  193.5  24.4
051120250634  1.566  2.2  205.4  3.5  0.40  196.7  24.4
051120250635  1.570  2.1  203.6  3.5  0.32  206.8  24.3
051120250636  1.574  2.2  204.4  3.5  0.50  199.0  24.3
051120250637  1.577  2.2  206.7  3.5  0.37  202.4  24.3
051120250638  1.580  2.2  209.3  3.5  0.46  190.7  24.3
051120250639  1.584  2.1  207.4  3.5  0.34  202.2  24.3
051120250640  1.588  2.0  205.0  3.5  0.42  204.3  24.3
051120250641  1.591  1.9  202.8  3.5  0.38  202.2  24.2
051120250642  1.595  1.7  202.5  3.5  0.31  198.9  24.2
051120250643  1.598  1.6  204.9  3.5  0.32  203.9  24.2
051120250644  1.601  1.4  209.1  2.5  0.33  192.0  24.2
051120250645  1.604  1.3  209.4  2.5  0.57  185.3  24.2
051120250646  1.607  1.2  203.5  2.5  0.45  187.3  24.2
051120250647  1.610  1.1  197.9  2.5  0.41  196.0  24.2
051120250648  1.613  0.9  191.4  2.4  0.45  195.0  24.1
051120250649  1.616  0.7  195.7  2.4  0.28  213.5  24.1
051120250650  1.619  0.5  215.8  2.0  0.43  191.8  24.1
051120250651  1.620  0.5  235.1  1.9  0.35  197.0  24.1
051120250652  1.623  0.6  236.5  2.8  0.25  204.7  24.1
051120250653  1.626  0.7  232.4  2.8  0.38  195.3  24.1
051120250654  1.628  0.8  223.2  2.8  0.33  204.0  24.1
051120250655  1.632  1.0  218.5  2.8  0.42  193.7  24.0
051120250656  1.637  1.1  219.8  2.8  0.37  199.0  24.0
051120250657  1.639  1.2  216.6  2.8  0.33  207.0  24.0
051120250658  1.642  1.3  213.7  2.8  0.34  191.3  24.0
051120250659  1.645  1.5  206.9  2.8  0.35  204.0  24.0
051120250700  1.649  1.6  198.9  2.8  0.21  223.4  23.9
051120250701  1.652  1.5  191.9  2.8  0.27  205.4  23.9
051120250702  1.655  1.4  183.2  2.6  0.40  196.7  23.9
051120250703  1.658  1.4  174.3  2.4  0.26  208.8  23.9
051120250704  1.660  1.4  168.8  2.2  0.35  193.8  23.9
051120250705  1.663  1.4  163.6  2.1  0.31  197.7  23.9
051120250706  1.664  1.3  157.4  1.9  0.32  202.9  23.9
051120250707  1.664  1.3  152.1  1.9  0.41  199.6  23.8
051120250708  1.665  1.3  147.3  1.9  0.33  190.7  23.8
051120250709  1.667  1.2  141.5  1.9  0.33  194.4  23.8
051120250710  1.669  1.1  135.3  1.9  0.37  194.0  23.8
051120250711  1.670  1.0  135.5  1.9  0.46  191.5  23.8
051120250712  1.670  0.8  131.8  1.9  0.39  190.3  23.8
051120250713  1.669  0.7  123.2  1.9  0.32  185.8  23.7
051120250714  1.669  0.7  105.7  1.9  0.35  202.4  23.7
051120250715  1.669  0.7  84.2  2.0  0.27  202.8  23.7
051120250716  1.667  0.7  60.1  2.2  0.36  192.5  23.7
051120250717  1.666  0.7  35.3  2.2  0.45  188.8  23.6
051120250718  1.666  0.9  17.0  2.2  0.32  192.4  23.6
051120250719  1.665  0.9  7.2  2.2  0.25  194.4  23.6
051120250720  1.665  1.0  359.7  2.2  0.36  188.8  23.6
051120250721  1.665  1.0  359.1  2.2  0.26  200.2  23.6
051120250722  1.664  1.1  358.3  2.2  0.39  198.4  23.6
051120250723  1.662  1.2  358.0  2.4  0.36  199.4  23.5
051120250724  1.662  1.4  356.7  2.4  0.35  206.7  23.5
051120250725  1.661  1.5  353.5  2.9  0.36  198.0  23.5
051120250726  1.660  1.5  357.7  3.1  0.20  222.4  23.4
051120250727  1.658  1.6  4.9  3.2  0.32  201.7  23.4
051120250728  1.658  1.6  11.8  3.2  0.38  190.3  23.4
051120250729  1.658  1.7  16.1  3.2  0.38  197.9  23.4
051120250730  1.658  1.8  23.2  3.2  0.27  195.8  23.4
051120250731  1.658  1.9  25.9  3.2  0.17  205.7  23.4
051120250732  1.658  2.0  29.5  3.2  0.44  197.4  23.3
051120250733  1.658  2.1  35.7  3.4  0.37  205.7  23.3
051120250734  1.659  2.2  39.4  3.4  0.28  197.6  23.3
051120250735  1.660  2.3  43.9  3.4  0.27  208.7  23.3
051120250736  1.661  2.3  48.7  3.4  0.28  220.3  23.2
051120250737  1.662  2.4  52.1  3.7  0.24  220.2  23.2
051120250738  1.663  2.5  54.6  3.7  0.28  209.1  23.2
051120250739  1.664  2.6  56.4  3.7  0.25  211.9  23.2
051120250740  1.667  2.8  55.6  3.9  0.31  210.7  23.1
051120250741  1.669  2.9  56.6  4.1  0.32  194.1  23.1
051120250742  1.670  3.1  57.2  4.1  0.29  200.8  23.1
051120250743  1.671  3.2  57.0  4.3  0.29  198.0  23.1
051120250744  1.674  3.3  57.6  4.7  0.33  200.2  23.0
051120250745  1.675  3.5  58.3  5.5  0.27  212.0  23.0
051120250746  1.675  3.7  57.8  5.5  0.28  208.3  23.0
051120250747  1.678  3.8  58.3  5.5  0.32  203.1  23.0
051120250748  1.678  3.9  58.7  5.5  0.22  217.2  23.0
051120250749  1.679  4.0  59.3  5.5  0.46  204.6  23.0
051120250750  1.679  4.0  60.1  5.5  0.30  211.3  22.9
051120250751  1.680  4.1  60.4  5.5  0.25  211.0  22.9
051120250752  1.679  4.2  60.7  5.5  0.49  205.0  22.9
051120250753  1.679  4.2  61.2  5.5  0.31  207.4  22.9
051120250754  1.678  4.2  61.3  5.5  0.33  219.2  22.9
051120250755  1.677  4.2  61.8  5.2  0.42  208.3  22.9
051120250756  1.677  4.2  61.2  5.5  0.28  218.9  22.8
051120250757  1.676  4.3  60.4  5.5  0.39  213.5  22.8
051120250758  1.674  4.3  60.3  5.5  0.34  212.6  22.8
051120250759  1.674  4.4  59.8  5.5  0.37  208.7  22.8
051120250800  1.673  4.4  59.3  5.9  0.31  223.9  22.8
051120250801  1.671  4.3  59.5  5.9  0.33  213.3  22.7
051120250802  1.670  4.4  59.7  5.9  0.36  212.3  22.7
051120250803  1.668  4.4  59.6  5.9  0.24  218.0  22.7
051120250804  1.667  4.4  61.8  5.9  0.34  210.3  22.7
051120250805  1.666  4.4  62.9  5.9  0.28  208.3  22.7
051120250806  1.665  4.3  65.4  5.9  0.27  212.5  22.6
051120250807  1.664  4.4  66.3  5.9  0.25  234.4  22.6
051120250808  1.663  4.3  66.4  5.9  0.16  235.5  22.6
051120250809  1.661  4.4  66.5  5.9  0.24  218.4  22.6
051120250810  1.659  4.3  67.5  5.8  0.22  223.6  22.6
051120250811  1.658  4.2  68.2  5.8  0.13  217.3  22.5
051120250812  1.657  4.1  67.9  5.8  0.29  208.8  22.5
051120250813  1.657  4.0  67.6  5.8  0.28  212.8  22.5
051120250814  1.656  4.0  65.2  5.8  0.18  208.0  22.5
051120250815  1.653  4.0  63.1  5.8  0.16  215.9  22.5
051120250816  1.651  4.1  60.9  5.8  0.12  215.3  22.4
051120250817  1.649  4.1  60.2  5.8  0.30  206.3  22.4
051120250818  1.647  4.1  59.7  5.8  0.29  192.3  22.4
051120250819  1.645  4.1  59.0  5.8  0.27  195.9  22.4
051120250820  1.642  4.2  57.1  5.8  0.22  191.5  22.4
051120250821  1.641  4.4  55.9  5.8  0.15  198.2  22.4
051120250822  1.638  4.5  55.7  5.8  0.26  195.2  22.4
051120250823  1.636  4.6  55.2  5.8  0.29  187.7  22.3
051120250824  1.633  4.6  54.7  5.6  0.20  165.6  22.3
051120250825  1.630  4.5  54.0  5.6  0.08  175.3  22.3
051120250826  1.627  4.4  53.4  5.6  0.28  189.6  22.3
051120250827  1.625  4.3  55.6  5.6  0.21  178.4  22.3
051120250828  1.621  4.3  56.2  5.8  0.29  176.0  22.3
051120250829  1.617  4.2  56.8  5.8  0.17  186.0  22.2
051120250830  1.615  4.2  58.3  5.8  0.08  223.7  22.2
051120250831  1.611  4.2  58.9  5.8  0.16  180.3  22.2
051120250832  1.607  4.2  59.7  5.8  0.24  182.6  22.2
051120250833  1.603  4.0  61.9  5.8  0.21  174.1  22.2
051120250834  1.600  4.0  64.5  5.8  0.22  175.4  22.1
051120250835  1.596  4.1  64.9  5.8  0.24  173.5  22.1
051120250836  1.592  4.3  65.7  6.4  0.21  190.0  22.1
051120250837  1.586  4.3  63.3  6.4  nan  nan  nan
051120250838  1.582  4.3  63.1  6.4  0.14  160.6  22.1
051120250839  1.577  4.2  65.2  6.4  0.10  153.8  22.1
051120250840  1.573  4.2  65.8  6.4  0.14  146.6  22.0
051120250841  1.568  4.3  67.3  6.4  0.14  177.5  22.0
051120250842  1.563  4.3  68.2  6.4  0.16  167.5  21.9
051120250843  1.556  4.5  67.4  6.4  0.02  155.0  21.9
051120250844  1.552  4.5  66.4  6.4  0.12  181.0  21.9
051120250845  1.546  4.6  66.9  6.4  0.14  213.7  21.8
051120250846  1.540  4.6  66.5  6.2  0.27  194.5  21.8
051120250847  1.533  4.6  66.4  6.2  0.07  155.4  21.8
051120250848  1.529  4.7  66.4  6.2  0.14  166.3  21.8
051120250849  1.524  4.8  64.7  6.2  0.06  125.8  21.7
051120250850  1.518  4.8  63.4  6.2  0.07  146.1  21.7
051120250851  1.512  4.9  63.6  6.2  0.06  98.1  21.7
051120250852  1.506  4.8  63.9  6.2  0.13  160.4  21.7
051120250853  1.499  4.7  65.4  6.2  0.08  125.3  21.7
051120250854  1.493  4.6  66.3  6.1  0.07  93.8  21.7
051120250855  1.488  4.6  65.9  6.1  0.05  102.1  21.7
051120250856  1.481  4.6  66.2  6.4  0.18  170.2  21.7
051120250857  1.475  4.6  66.6  6.4  0.10  124.0  21.6
051120250858  1.470  4.5  65.2  6.4  nan  nan  nan
051120250859  1.465  4.4  65.7  6.4  0.06  168.8  21.6
051120250900  1.458  4.1  67.0  6.4  0.05  243.1  21.6
051120250901  1.455  3.8  67.7  6.4  0.09  76.3  21.6
051120250902  1.450  3.6  72.9  6.4  0.07  112.2  21.6
051120250903  1.446  3.3  72.3  6.4  0.07  38.7  21.5
051120250904  1.441  3.4  70.3  6.4  0.05  148.0  21.5
051120250905  1.436  3.3  70.8  6.4  nan  nan  nan
051120250906  1.430  3.2  73.0  5.6  0.09  36.6  21.5
051120250907  1.427  3.2  72.0  6.1  0.06  92.1  21.5
051120250908  1.423  3.2  78.0  6.1  0.04  52.9  21.5
051120250909  1.417  3.3  77.5  6.1  0.09  37.7  21.5
051120250910  1.413  3.5  77.5  6.1  0.07  17.7  21.5
051120250911  1.408  3.7  76.0  6.1  0.07  16.7  21.5
051120250912  1.403  3.8  70.0  6.1  0.03  63.1  21.5
051120250913  1.399  3.9  70.1  6.1  0.07  130.4  21.5
051120250914  1.394  3.7  73.5  6.1  0.11  45.9  21.4
051120250915  1.390  3.5  76.4  6.1  0.07  343.4  21.4
051120250916  1.387  3.3  79.3  6.1  0.17  9.3  21.4
051120250917  1.383  3.2  82.9  5.9  0.09  344.0  21.4
051120250918  1.378  3.0  80.7  5.3  0.07  326.1  21.4
051120250919  1.375  2.8  82.6  5.3  0.09  277.6  21.4
051120250920  1.371  2.7  86.3  5.1  0.10  304.5  21.4
051120250921  1.367  2.7  85.8  7.2  0.12  339.7  21.4
051120250922  1.362  2.8  87.2  7.2  0.07  340.1  21.4
051120250923  1.359  3.0  84.4  7.2  0.04  239.4  21.4
051120250924  1.354  3.3  79.2  7.2  0.03  216.6  21.4
051120250925  1.352  3.5  78.8  7.2  0.08  1.5  21.4
051120250926  1.349  3.7  74.6  7.2  0.04  359.7  21.4
051120250927  1.345  3.7  74.2  7.2  0.06  301.2  21.4
051120250928  1.341  4.1  74.4  7.7  0.03  353.6  21.4
051120250929  1.337  4.3  75.5  7.7  0.20  0.4  21.4
051120250930  1.334  4.4  73.5  7.7  0.15  16.8  21.3
051120250931  1.330  4.5  72.1  7.7  0.07  347.2  21.3
051120250932  1.326  4.4  74.9  7.7  0.12  23.8  21.3
051120250933  1.324  4.3  74.3  7.7  0.10  35.1  21.3
051120250934  1.319  4.3  76.0  7.7  0.16  30.9  21.3
051120250935  1.314  4.3  75.0  7.7  0.07  16.5  21.3
051120250936  1.309  4.2  76.9  7.7  0.08  47.7  21.3
051120250937  1.305  4.2  80.0  7.7  0.12  44.7  21.3
051120250938  1.299  4.0  79.5  7.0  0.12  93.3  21.3
051120250939  1.294  3.9  76.8  7.0  0.15  99.3  21.3
051120250940  1.289  4.2  74.7  7.0  0.13  23.0  21.3
051120250941  1.283  4.0  81.2  7.0  0.14  52.8  21.3
051120250942  1.279  3.9  79.4  6.7  0.13  48.8  21.3
051120250943  1.274  3.7  82.0  6.7  0.16  29.6  21.3
051120250944  1.270  3.6  87.5  6.7  0.18  19.2  21.4
051120250945  1.265  3.4  90.5  6.7  0.17  49.1  21.4
051120250946  1.258  3.3  90.5  6.7  0.16  20.0  21.4
051120250947  1.253  3.4  90.9  7.2  0.13  34.0  21.5
051120250948  1.248  3.3  96.5  7.2  0.14  28.9  21.5
051120250949  1.243  3.3  98.3  7.2  0.18  18.0  21.6
051120250950  1.238  3.1  102.5  7.2  0.19  60.3  21.6
051120250951  1.233  3.0  93.8  7.2  0.17  15.8  21.6
051120250952  1.226  3.1  92.6  7.2  0.17  39.8  21.6
051120250953  1.222  2.9  94.1  7.2  0.22  43.7  21.7
051120250954  1.217  2.8  89.6  7.2  0.18  51.0  21.7
051120250955  1.211  3.1  93.1  8.0  0.24  47.4  21.7
051120250956  1.205  3.1  94.2  8.0  0.28  41.9  21.7
051120250957  1.200  3.2  96.7  8.6  0.30  48.9  21.7
051120250958  1.194  3.3  96.8  8.6  0.24  48.9  21.7
051120250959  1.187  3.5  101.3  8.6  0.31  26.9  21.7
051120251000  1.182  3.7  103.8  8.6  0.40  33.3  21.7
051120251001  1.178  4.0  110.9  9.9  0.39  38.9  21.7
051120251002  1.172  4.2  111.5  9.9  0.47  30.6  21.7
051120251003  1.166  4.7  111.0  9.9  0.47  44.8  21.7
051120251004  1.162  5.1  110.6  9.9  0.46  39.5  21.7
051120251005  1.157  5.1  109.4  9.9  0.42  52.0  21.6
051120251006  1.150  5.4  110.5  9.9  0.49  46.0  21.7
051120251007  1.146  5.3  109.4  10.4  0.46  42.6  21.7
051120251008  1.139  5.2  107.9  10.4  0.42  55.2  21.7
051120251009  1.134  4.9  111.1  10.4  0.35  50.5  21.7
051120251010  1.129  5.0  111.5  10.4  0.43  37.1  21.8
051120251011  1.125  5.1  108.5  10.4  0.47  26.7  21.8
051120251012  1.119  5.2  108.0  10.4  0.41  27.9  21.9
051120251013  1.114  5.1  107.7  10.4  0.24  58.3  21.9
051120251014  1.110  5.1  108.1  10.4  0.34  26.4  21.9
051120251015  1.104  5.1  107.7  10.4  0.38  30.3  21.9
051120251016  1.099  5.2  105.5  10.4  0.35  32.3  22.0
051120251017  1.094  5.4  103.1  10.4  0.43  35.9  22.0
051120251018  1.087  5.4  103.7  10.4  0.40  29.1  22.1
051120251019  1.083  5.8  100.8  10.4  0.37  25.0  22.1
051120251020  1.076  5.9  101.5  10.4  0.45  57.3  22.1
051120251021  1.071  5.6  103.0  10.3  0.35  47.4  22.1
051120251022  1.064  5.5  102.6  10.3  0.36  28.1  22.2
051120251023  1.058  5.5  104.3  10.3  0.36  29.4  22.2
051120251024  1.051  5.7  104.0  10.7  0.38  39.3  22.3
051120251025  1.044  5.6  104.3  10.7  0.35  34.2  22.3
051120251026  1.038  5.6  106.8  10.7  0.36  46.1  22.4
051120251027  1.030  5.5  107.9  11.0  0.42  36.7  22.4
051120251028  1.023  5.9  108.3  11.0  0.38  41.0  22.4
051120251029  1.014  5.9  108.7  11.0  0.46  46.8  22.5
051120251030  1.008  5.8  109.2  11.0  0.30  43.0  22.5
051120251031  1.000  5.6  110.1  11.0  0.46  38.8  22.5
051120251032  0.993  5.4  113.9  11.0  0.53  35.8  22.5
051120251033  0.986  5.1  114.1  11.0  0.50  44.8  22.5
051120251034  0.980  4.8  114.3  11.0  0.49  50.5  22.4
051120251035  0.973  4.8  113.9  11.0  0.56  45.2  22.5
051120251036  0.967  4.9  112.9  11.0  0.56  43.9  22.5
051120251037  0.961  4.6  113.8  10.0  0.65  47.7  22.5
051120251038  0.954  4.4  114.4  10.0  0.61  43.3  22.5
051120251039  0.948  4.4  112.9  10.0  0.59  45.9  22.5
051120251040  0.942  4.4  112.3  10.0  0.70  42.6  22.5
051120251041  0.936  4.6  109.6  10.0  0.53  48.6  22.5
051120251042  0.930  4.8  106.8  10.6  0.50  53.1  22.5
051120251043  0.924  5.0  108.8  10.6  0.68  43.0  22.5
051120251044  0.917  5.1  112.7  10.6  0.68  42.7  22.6
051120251045  0.912  4.8  112.8  10.6  0.71  38.6  22.6
051120251046  0.905  4.8  113.2  10.6  0.59  46.4  22.6
051120251047  0.900  4.9  113.6  10.6  0.67  48.4  22.6
051120251048  0.894  4.8  113.2  10.6  0.68  45.6  22.7
051120251049  0.889  4.6  113.7  10.6  0.70  50.1  22.7
051120251050  0.883  4.6  113.3  10.6  0.68  54.3  22.7
051120251051  0.877  4.7  113.8  10.6  0.59  51.6  22.8
051120251052  0.871  4.6  116.9  9.4  0.61  61.3  22.8
051120251053  0.866  4.5  115.8  9.1  0.61  65.0  22.9
051120251054  0.860  4.2  114.1  9.1  0.68  57.9  22.9
051120251055  0.854  4.1  117.8  9.1  0.57  57.9  22.9
051120251056  0.849  4.1  121.4  9.1  0.56  49.6  22.9
051120251057  0.844  4.2  122.1  9.1  0.62  51.2  23.0
051120251058  0.837  4.3  125.4  9.1  0.50  65.6  23.0
051120251059  0.831  4.4  128.5  9.1  0.61  53.4  23.0
051120251100  0.825  4.5  130.3  9.1  0.53  65.7  23.1
051120251101  0.819  4.6  131.3  8.2  0.60  52.8  23.1
051120251102  0.814  4.6  131.3  8.2  0.49  64.1  23.1
051120251103  0.808  4.6  130.1  8.2  0.59  62.5  23.2
051120251104  0.802  4.7  128.2  8.2  0.59  51.4  23.2
051120251105  0.796  4.8  126.1  8.6  0.58  47.5  23.2
051120251106  0.789  4.7  122.4  8.6  0.65  51.8  23.3
051120251107  0.783  4.8  120.6  8.9  0.63  53.5  23.3
051120251108  0.778  4.7  116.7  8.9  0.67  54.8  23.3
051120251109  0.773  4.6  115.3  8.9  0.53  54.6  23.4
051120251110  0.768  4.6  114.9  8.9  0.71  44.0  23.4
051120251111  0.763  4.6  115.1  8.9  0.58  54.5  23.4
051120251112  0.757  4.6  113.5  8.9  0.65  44.4  23.5
051120251113  0.752  4.7  110.8  8.9  0.55  59.0  23.5
051120251114  0.746  4.7  111.3  8.9  0.59  54.5  23.5
051120251115  0.739  4.8  110.2  8.9  0.57  56.0  23.5
051120251116  0.733  5.3  110.1  11.5  0.63  54.1  23.5
051120251117  0.728  5.1  110.5  11.5  0.60  50.2  23.6
051120251118  0.721  5.2  110.1  11.5  0.66  49.6  23.6
051120251119  0.714  5.3  108.0  11.5  0.51  52.8  23.6
051120251120  0.708  5.4  104.8  11.5  0.61  56.2  23.6
051120251121  0.701  5.3  103.3  11.5  0.63  56.0  23.7
051120251122  0.695  5.3  102.4  11.5  0.60  65.5  23.7
051120251123  0.689  5.2  102.1  11.5  0.66  53.3  23.7
051120251124  0.682  5.5  104.3  11.5  0.52  68.7  23.7
051120251125  0.676  5.3  104.2  11.5  0.68  59.2  23.7
051120251126  0.671  4.6  103.8  11.5  0.60  52.0  23.8
051120251127  0.664  4.7  103.1  11.5  0.61  62.2  23.8
051120251128  0.658  4.4  102.9  11.5  0.54  55.1  23.8
051120251129  0.652  4.5  102.9  11.5  0.48  44.7  23.8
051120251130  0.646  4.3  103.4  11.5  0.62  46.5  23.8
051120251131  0.640  4.5  101.4  11.5  0.54  58.3  23.9
051120251132  0.634  4.8  100.0  11.5  0.60  50.2  23.9
051120251133  0.628  5.1  100.5  11.5  0.61  53.8  23.9
051120251134  0.622  4.9  97.0  10.9  0.55  59.4  23.9
051120251135  0.616  5.1  97.4  10.9  0.56  51.6  23.9
051120251136  0.609  5.3  97.3  10.9  0.54  53.3  23.9
051120251137  0.602  5.2  97.7  10.9  0.54  51.9  23.9
051120251138  0.596  5.5  98.6  10.9  0.63  41.9  23.9
051120251139  0.589  5.5  99.0  10.9  0.57  44.1  23.9
051120251140  0.583  5.9  99.4  10.9  0.68  38.9  24.0
051120251141  0.576  5.6  101.0  10.9  0.61  52.3  24.0
051120251142  0.569  5.4  102.0  10.9  0.55  55.1  24.0
051120251143  0.561  5.3  103.1  10.7  0.57  51.6  24.0
051120251144  0.555  5.3  104.0  10.7  0.71  48.5  24.0
051120251145  0.548  5.1  104.6  10.6  0.62  58.2  24.0
051120251146  0.541  5.3  105.0  10.6  0.54  57.0  24.0
051120251147  0.535  5.5  107.4  10.6  0.64  43.4  24.0
051120251148  0.529  5.5  107.5  10.6  0.54  56.5  24.0
051120251149  0.523  5.4  108.7  10.6  0.59  58.3  24.0
051120251150  0.517  5.4  109.1  10.6  0.72  36.0  24.1
051120251151  0.512  5.7  108.4  10.6  0.62  54.7  24.1
051120251152  0.506  5.7  106.9  10.1  0.54  57.9  24.1
051120251153  0.501  5.7  106.2  10.1  0.59  47.6  24.1
051120251154  0.496  5.8  105.4  10.1  0.62  60.1  24.1
051120251155  0.491  5.8  101.9  10.1  0.60  50.4  24.1
051120251156  0.485  6.0  101.1  10.1  0.52  47.8  24.2
051120251157  0.480  6.0  98.7  10.1  0.69  40.6  24.2
051120251158  0.475  6.0  98.3  10.7  0.69  38.9  24.2
051120251159  0.468  6.1  97.8  10.7  0.59  57.4  24.2
051120251200  0.462  5.9  96.7  10.7  0.60  41.8  24.2
051120251201  0.455  5.7  95.3  10.7  0.54  55.1  24.2
051120251202  0.448  5.7  95.5  10.7  0.63  51.6  24.3
051120251203  0.439  5.4  94.3  10.7  0.60  55.3  24.3
051120251204  0.432  5.1  94.6  10.7  0.76  42.6  24.3
051120251205  0.425  5.1  97.8  10.7  0.65  49.9  24.3
051120251206  0.417  5.1  98.8  11.1  0.55  52.7  24.3
051120251207  0.411  5.1  100.0  11.1  0.65  54.4  24.4
051120251208  0.403  5.3  102.5  11.1  0.64  48.7  24.4
051120251209  0.398  5.3  102.8  11.1  0.62  65.8  24.4
051120251210  0.391  5.5  103.8  11.1  0.69  46.5  24.4
051120251211  0.386  5.4  105.0  11.1  0.59  60.3  24.4
051120251212  0.381  5.3  106.8  11.1  0.69  42.4  24.4
051120251213  0.376  5.5  107.6  11.1  0.63  64.7  24.4
051120251214  0.371  5.6  105.9  11.1  0.63  50.1  24.5
051120251215  0.367  5.7  105.3  11.1  0.59  59.4  24.5
051120251216  0.362  5.4  105.3  9.9  0.49  56.1  24.5
051120251217  0.358  5.2  105.8  9.0  0.55  63.9  24.5
051120251218  0.354  5.1  105.7  8.9  0.61  49.5  24.5
051120251219  0.350  5.0  103.7  8.9  0.54  60.7  24.6
051120251220  0.346  4.9  103.7  8.9  0.61  52.1  24.6
051120251221  0.342  4.8  103.1  8.4  0.70  47.0  24.6
051120251222  0.338  5.1  103.9  8.5  0.62  55.3  24.6
051120251223  0.335  5.2  102.7  8.5  0.56  54.2  24.6
051120251224  0.331  5.3  104.3  8.5  0.68  48.1  24.6
051120251225  0.326  5.1  103.8  8.5  0.68  44.5  24.7
051120251226  0.320  5.1  103.5  8.5  0.56  65.5  24.7
051120251227  0.315  5.4  102.2  10.1  0.61  43.7  24.7
051120251228  0.311  5.5  99.4  10.1  0.65  53.2  24.7
051120251229  0.306  5.4  100.4  10.1  0.61  65.9  24.7
051120251230  0.301  5.8  99.4  10.1  0.56  56.7  24.7
051120251231  0.296  5.6  99.9  10.1  0.66  39.1  24.7
051120251232  0.291  5.5  99.2  10.1  0.66  47.0  24.8
051120251233  0.287  5.4  101.2  10.1  0.72  44.6  24.8
051120251234  0.282  5.4  102.2  10.1  0.62  51.4  24.8
051120251235  0.277  5.5  103.5  10.1  0.65  46.8  24.8
051120251236  0.272  5.7  103.8  11.2  0.72  44.5  24.8
051120251237  0.268  5.7  105.4  11.2  0.58  78.2  24.8
051120251238  0.262  5.7  106.9  11.2  0.67  46.0  24.8
051120251239  0.258  5.7  107.1  11.2  0.75  43.3  24.8
051120251240  0.253  5.7  108.5  11.2  0.61  57.1  24.8
051120251241  0.248  5.9  108.2  11.2  0.62  53.4  24.9
051120251242  0.243  5.6  107.7  11.2  0.69  42.3  24.9
051120251243  0.238  5.8  107.1  11.2  0.63  49.1  24.9
051120251244  0.235  5.9  106.0  11.2  0.65  53.1  24.9
051120251245  0.231  6.0  107.1  11.2  0.58  54.3  24.9
051120251246  0.227  5.9  106.9  10.5  0.56  70.0  24.9
051120251247  0.222  5.8  105.0  10.5  0.64  50.8  24.9
051120251248  0.219  5.6  105.3  10.5  0.64  55.1  24.9
051120251249  0.215  5.8  106.9  10.5  0.53  50.2  24.9
051120251250  0.211  5.4  106.3  10.4  0.58  51.2  25.0
051120251251  0.206  4.9  103.9  10.4  0.57  49.4  25.0
051120251252  0.202  5.0  104.1  10.4  0.61  32.5  25.0
051120251253  0.198  4.8  102.9  10.4  0.53  43.6  25.0
051120251254  0.194  4.7  103.6  10.4  0.63  50.0  25.0
051120251255  0.191  4.9  103.0  10.2  0.64  49.5  25.0
051120251256  0.186  4.7  102.7  10.2  0.69  37.6  25.0
051120251257  0.182  4.5  104.1  10.2  0.67  46.7  25.0
051120251258  0.177  4.6  102.8  10.2  0.62  48.1  25.1
051120251259  0.174  4.4  99.7  10.2  0.52  57.6  25.1
051120251300  0.170  4.6  102.0  10.2  0.67  44.9  25.1
051120251301  0.165  5.2  105.1  11.4  0.55  60.1  25.1
051120251302  0.160  5.4  105.9  11.4  0.61  47.2  25.1
051120251303  0.156  5.5  106.3  11.4  0.60  59.8  25.1
051120251304  0.152  5.3  104.5  11.4  0.72  38.2  25.1
051120251305  0.148  5.1  103.5  11.4  0.67  57.8  25.1
051120251306  0.144  5.0  106.1  11.4  0.65  36.0  25.1
051120251307  0.140  5.0  107.8  11.4  0.58  45.6  25.1
051120251308  0.135  4.9  108.3  11.4  0.58  47.3  25.1
051120251309  0.132  4.8  107.0  11.4  0.60  51.3  25.2
051120251310  0.127  4.6  106.3  11.4  0.58  51.5  25.2
051120251311  0.123  4.0  109.3  7.3  0.57  49.1  25.2
051120251312  0.121  3.8  108.2  7.3  0.66  49.3  25.2
051120251313  0.118  3.5  110.1  7.1  0.55  57.5  25.2
051120251314  0.115  3.5  114.0  7.1  0.54  53.4  25.2
051120251315  0.112  3.3  119.1  7.1  0.48  58.0  25.2
051120251316  0.108  3.4  122.5  7.1  0.58  49.5  25.3
051120251317  0.105  3.4  124.1  7.1  0.68  48.2  25.3
051120251318  0.101  3.4  128.4  8.6  0.59  60.3  25.3
051120251319  0.097  3.7  134.6  9.4  0.62  46.4  25.3
051120251320  0.094  3.8  134.3  9.4  0.62  53.2  25.3
051120251321  0.090  3.9  130.8  9.4  0.54  55.4  25.3
051120251322  0.086  4.0  131.4  9.4  0.57  48.2  25.3
051120251323  0.084  3.9  132.1  9.4  0.60  53.0  25.3
051120251324  0.081  3.9  132.7  9.4  0.54  53.5  25.3
051120251325  0.078  4.0  130.3  9.4  0.48  63.8  25.3
051120251326  0.076  3.8  128.8  9.4  0.58  47.7  25.4
051120251327  0.074  3.7  127.0  9.4  0.59  46.4  25.4
051120251328  0.071  3.8  124.8  9.4  0.61  56.2  25.4
051120251329  0.068  3.8  125.6  9.5  0.60  56.6  25.4
051120251330  0.064  4.0  128.4  9.5  0.56  42.2  25.4
051120251331  0.063  4.1  130.8  9.5  0.58  43.5  25.4
051120251332  0.061  4.3  133.0  9.5  0.43  67.2  25.4
051120251333  0.060  4.4  131.1  9.5  0.57  50.3  25.4
051120251334  0.058  4.5  129.1  9.5  0.63  49.6  25.4
051120251335  0.056  4.4  129.2  9.5  0.61  47.6  25.4
051120251336  0.055  4.2  126.3  9.5  0.56  42.6  25.5
051120251337  0.053  4.3  125.4  9.5  0.59  45.6  25.5
051120251338  0.051  4.3  129.7  9.5  0.54  39.8  25.5
051120251339  0.049  4.0  129.9  8.3  0.52  51.3  25.5
051120251340  0.047  4.0  131.4  8.3  0.62  52.7  25.5
051120251341  0.045  4.1  127.5  8.3  0.53  52.6  25.5
051120251342  0.042  3.9  126.7  8.3  0.63  42.8  25.6
051120251343  0.041  4.0  124.9  8.3  0.53  73.2  25.6
051120251344  0.039  4.1  124.8  8.1  0.49  63.6  25.6
051120251345  0.038  4.3  122.6  8.2  0.44  58.0  25.6
051120251346  0.038  4.5  123.0  8.2  0.55  52.9  25.6
051120251347  0.037  4.4  124.3  8.2  0.51  57.9  25.6
051120251348  0.037  4.2  121.7  8.2  0.55  61.9  25.6
051120251349  0.036  4.2  119.3  8.2  0.50  71.3  25.6
051120251350  0.036  4.2  118.6  10.2  0.51  70.1  25.6
051120251351  0.033  4.2  119.1  10.2  0.51  58.5  25.6
051120251352  0.031  4.0  116.7  10.2  0.50  48.1  25.7
051120251353  0.030  3.9  117.5  10.2  0.50  48.9  25.7
051120251354  0.029  4.0  116.2  10.2  0.51  65.0  25.7
051120251355  0.028  3.9  116.7  10.2  0.55  50.8  25.7
051120251356  0.027  3.9  113.9  10.2  0.49  62.5  25.7
051120251357  0.027  4.3  112.5  10.2  0.57  45.3  25.7
051120251358  0.025  4.5  110.1  10.2  0.43  54.6  25.7
051120251359  0.024  4.6  110.9  10.2  0.52  58.8  25.7
051120251400  0.023  4.7  105.6  7.9  0.59  54.9  25.7
051120251401  0.021  4.9  105.3  9.6  0.58  43.0  25.8
051120251402  0.019  5.1  106.2  9.6  0.45  70.8  25.8
051120251403  0.019  5.3  107.0  9.6  0.48  65.0  25.8
051120251404  0.019  5.2  107.9  9.6  0.53  50.7  25.8
051120251405  0.017  5.1  106.4  9.6  0.52  49.9  25.8
051120251406  0.017  5.3  107.9  9.6  0.46  65.3  25.8
051120251407  0.016  5.4  107.4  9.6  0.57  50.0  25.8
051120251408  0.016  5.5  107.6  10.3  0.42  79.9  25.8
051120251409  0.017  5.7  103.5  10.3  0.53  57.4  25.8
051120251410  0.017  5.7  104.1  10.3  0.51  62.1  25.8
051120251411  0.016  5.6  103.3  10.3  0.41  58.6  25.9
051120251412  0.016  5.8  101.3  10.3  0.52  55.2  25.9
051120251413  0.014  5.8  101.7  10.3  0.55  60.0  25.9
051120251414  0.014  5.9  101.2  10.3  0.42  66.5  25.9
051120251415  0.014  5.8  103.1  10.3  0.56  38.1  25.9
051120251416  0.015  5.6  102.9  10.3  0.47  56.5  25.9
051120251417  0.016  5.4  102.8  10.3  0.38  67.6  25.9
051120251418  0.017  5.2  102.2  9.0  0.44  51.6  25.9
051120251419  0.019  5.3  105.0  9.0  0.44  92.6  25.9
051120251420  0.019  5.2  104.9  9.0  0.46  58.6  25.9
051120251421  0.021  4.9  106.6  9.0  0.51  53.3  25.9
051120251422  0.023  4.6  108.5  9.0  0.44  50.0  26.0
051120251423  0.023  4.3  111.9  9.0  0.41  61.2  26.0
051120251424  0.025  4.3  116.8  8.7  0.40  78.0  26.0
051120251425  0.026  4.4  118.6  8.7  0.43  95.0  26.0
051120251426  0.027  4.3  123.2  8.7  0.47  43.8  26.0
051120251427  0.030  4.4  125.3  8.7  0.36  63.3  26.0
051120251428  0.034  4.5  130.6  8.7  0.34  72.5  26.0
051120251429  0.036  4.5  133.8  8.7  0.33  67.3  26.0
051120251430  0.039  4.7  137.1  8.7  0.37  64.0  26.0
051120251431  0.041  4.7  137.1  8.7  0.39  55.4  26.0
051120251432  0.044  4.6  136.0  8.7  0.41  66.5  26.1
051120251433  0.046  4.6  134.7  8.7  0.38  62.4  26.1
051120251434  0.050  4.3  131.6  7.6  0.40  55.6  26.1
051120251435  0.052  4.0  130.1  7.6  0.34  58.7  26.1
051120251436  0.056  3.7  126.4  7.6  0.33  71.2  26.1
051120251437  0.060  3.4  126.7  7.4  0.35  56.6  26.1
051120251438  0.062  3.2  122.7  7.4  0.36  56.5  26.1
051120251439  0.064  3.3  117.1  8.7  0.33  60.1  26.1
051120251440  0.065  3.2  112.0  8.7  0.33  54.8  26.1
051120251441  0.066  3.3  114.7  8.7  0.33  32.5  26.1
051120251442  0.069  3.3  116.3  8.7  0.24  43.6  26.1
051120251443  0.072  3.4  111.5  8.7  0.20  26.0  26.1
051120251444  0.075  3.4  112.0  8.7  0.34  36.7  26.1
051120251445  0.078  3.3  115.1  8.7  0.37  22.7  26.1
051120251446  0.081  3.3  117.0  8.7  0.21  64.2  26.1
051120251447  0.084  3.6  115.7  8.7  0.30  20.5  26.1
051120251448  0.087  3.4  116.4  8.7  0.25  16.7  26.1
051120251449  0.091  3.2  118.0  6.8  0.26  27.4  26.1
051120251450  0.094  3.2  116.4  6.8  0.11  27.8  26.1
051120251451  0.098  3.4  111.0  7.7  0.10  41.3  26.1
051120251452  0.101  3.8  108.5  11.2  0.21  12.6  26.1
051120251453  0.105  3.9  109.5  11.2  0.13  14.1  26.1
051120251454  0.109  4.1  109.4  11.2  0.21  17.3  26.1
051120251455  0.111  4.4  105.4  11.2  0.15  2.4  26.1
051120251456  0.114  4.8  102.5  11.2  0.18  10.6  26.1
051120251457  0.119  5.0  103.4  11.2  0.11  23.8  26.1
051120251458  0.123  5.1  102.2  11.2  0.30  7.8  26.1
051120251459  0.126  5.1  103.1  11.2  0.19  19.2  26.1
051120251500  0.130  5.1  103.1  11.2  0.15  20.9  26.1
051120251501  0.134  4.9  102.2  11.2  0.25  20.6  26.1
051120251502  0.137  4.6  103.5  9.7  0.11  2.1  26.1
051120251503  0.141  4.2  102.6  9.7  nan  nan  nan
051120251504  0.144  4.1  102.5  9.7  0.08  14.1  26.2
051120251505  0.149  4.2  103.1  9.7  0.19  8.2  26.2
051120251506  0.152  4.0  101.8  8.5  0.21  16.3  26.2
051120251507  0.156  4.1  100.5  8.2  0.13  12.5  26.2
051120251508  0.161  4.5  102.4  9.0  0.18  357.0  26.2
051120251509  0.164  4.7  102.8  9.0  0.10  23.0  26.2
051120251510  0.167  4.8  105.1  9.0  0.09  1.0  26.2
051120251511  0.171  5.0  107.4  9.0  0.15  11.5  26.2
051120251512  0.176  4.9  106.4  9.0  0.13  6.5  26.2
051120251513  0.180  5.0  105.3  9.0  0.26  20.0  26.2
051120251514  0.184  4.8  104.6  9.0  0.28  10.4  26.2
051120251515  0.188  4.8  104.1  9.2  0.11  10.0  26.2
051120251516  0.191  4.8  105.7  9.2  0.31  10.0  26.2
051120251517  0.194  4.5  102.9  9.2  0.18  13.8  26.2
051120251518  0.196  4.4  102.9  9.2  0.18  8.7  26.2
051120251519  0.199  4.2  103.8  9.2  0.15  30.1  26.2
051120251520  0.202  3.9  101.1  9.2  0.14  24.0  26.2
051120251521  0.206  3.7  97.7  9.2  0.11  344.7  26.2
051120251522  0.210  4.1  100.1  9.2  0.12  25.4  26.2
051120251523  0.213  4.4  103.5  9.2  0.11  344.9  26.2
051120251524  0.219  4.7  103.6  9.2  0.12  359.2  26.2
051120251525  0.222  4.7  106.5  8.1  0.17  11.3  26.3
051120251526  0.228  4.5  108.5  8.1  0.14  353.1  26.3
051120251527  0.231  4.6  110.3  8.1  0.13  349.6  26.3
051120251528  0.236  4.4  109.4  8.1  0.14  7.6  26.3
051120251529  0.241  4.4  107.1  8.1  0.07  6.6  26.3
051120251530  0.246  4.5  105.5  8.1  0.09  31.6  26.3
051120251531  0.251  4.6  105.5  8.1  0.05  64.5  26.3
051120251532  0.256  4.3  104.8  8.1  0.08  48.2  26.3
051120251533  0.261  4.3  105.4  8.8  0.03  345.0  26.3
051120251534  0.267  4.1  106.3  8.8  0.02  70.9  26.3
051120251535  0.272  4.1  103.7  8.8  0.04  168.2  26.3
051120251536  0.276  4.4  102.9  8.8  0.09  12.4  26.3
051120251537  0.280  4.5  103.2  9.2  0.07  50.8  26.3
051120251538  0.284  4.3  100.4  9.2  0.05  254.4  26.3
051120251539  0.288  4.4  102.4  9.2  0.03  338.4  26.3
051120251540  0.291  4.4  105.3  9.2  nan  nan  nan
051120251541  0.295  4.2  106.4  9.2  0.02  178.7  26.3
051120251542  0.299  4.0  106.0  9.2  nan  nan  nan
051120251543  0.303  4.0  104.3  9.2  0.03  10.0  26.3
051120251544  0.306  4.2  101.3  9.2  0.05  294.5  26.3
051120251545  0.311  3.9  101.6  9.2  nan  nan  nan
051120251546  0.314  3.8  99.3  9.2  0.08  244.8  26.3
051120251547  0.319  3.6  98.3  8.6  0.06  193.7  26.3
051120251548  0.323  3.9  101.0  8.6  0.06  127.4  26.3
051120251549  0.329  3.7  99.1  8.6  0.11  188.0  26.3
051120251550  0.335  3.9  97.6  8.6  0.09  207.3  26.3
051120251551  0.340  4.0  98.2  8.6  nan  nan  nan
051120251552  0.346  4.0  98.9  8.6  0.04  114.7  26.3
051120251553  0.351  3.9  98.8  8.6  0.07  152.5  26.3
051120251554  0.355  3.9  103.1  7.7  0.08  202.7  26.3
051120251555  0.360  3.8  104.1  7.7  0.13  175.1  26.3
051120251556  0.363  3.8  102.8  7.7  0.08  129.1  26.3
051120251557  0.370  3.9  103.6  7.7  0.03  214.8  26.3
051120251558  0.374  3.8  105.0  7.2  nan  nan  nan
051120251559  0.380  3.8  104.9  7.6  nan  nan  nan
051120251600  0.385  3.8  104.6  7.6  0.12  198.4  26.3
051120251601  0.390  3.9  104.9  7.6  0.06  261.0  26.3
051120251602  0.395  4.1  103.0  7.6  0.17  180.2  26.3
051120251603  0.399  4.0  100.9  7.6  0.11  194.1  26.3
051120251604  0.404  4.0  99.4  7.6  0.15  191.5  26.3
051120251605  0.410  4.3  98.5  8.5  0.11  199.3  26.3
051120251606  0.416  4.6  102.9  8.5  0.05  263.7  26.2
051120251607  0.424  4.6  103.6  9.4  0.10  204.0  26.2
051120251608  0.429  4.8  104.7  9.4  0.13  200.5  26.2
051120251609  0.435  4.8  104.7  9.4  0.11  208.1  26.2
051120251610  0.442  5.0  105.4  10.9  0.18  224.2  26.2
051120251611  0.449  5.1  105.9  10.9  0.17  218.1  26.2
051120251612  0.455  5.4  106.7  10.9  0.10  243.8  26.1
051120251613  0.460  5.5  107.5  10.9  0.22  219.2  26.1
051120251614  0.466  5.3  107.3  10.9  0.15  234.5  26.1
051120251615  0.470  5.2  108.2  10.9  0.19  205.7  26.1
051120251616  0.476  5.0  106.9  10.9  0.13  208.2  26.1
051120251617  0.481  4.9  106.3  10.9  0.19  221.7  26.1
051120251618  0.486  4.6  103.2  10.9  0.25  219.0  26.1
051120251619  0.491  4.4  103.0  10.9  0.17  209.5  26.0
051120251620  0.497  4.2  104.4  9.2  0.23  218.7  26.0
051120251621  0.502  4.1  102.6  9.2  0.26  216.8  26.0
051120251622  0.507  4.0  104.2  7.0  0.25  210.7  26.0
051120251623  0.512  4.0  104.2  7.0  0.31  200.1  26.0
051120251624  0.518  4.1  103.3  7.0  0.18  207.9  26.0
051120251625  0.524  4.0  101.6  7.0  0.19  203.2  25.9
051120251626  0.530  4.0  101.4  7.0  0.34  200.2  25.9
051120251627  0.535  3.8  103.8  7.4  0.23  237.8  25.9
051120251628  0.541  3.8  103.9  7.4  0.26  220.0  25.9
051120251629  0.546  3.8  104.5  7.4  0.24  217.0  25.9
051120251630  0.551  3.8  107.8  8.6  0.23  213.3  25.9
051120251631  0.558  3.7  112.8  8.6  0.18  215.2  25.9
051120251632  0.566  3.5  114.3  8.6  0.23  202.7  25.9
051120251633  0.572  3.3  117.3  8.6  0.14  206.9  25.9
051120251634  0.579  3.3  116.2  8.6  0.21  214.4  25.8
051120251635  0.585  3.3  118.9  8.6  0.21  204.3  25.8
051120251636  0.591  3.3  118.7  8.6  0.29  214.0  25.8
051120251637  0.597  3.3  115.3  8.6  0.24  191.9  25.8
051120251638  0.603  3.4  114.1  8.6  0.27  193.7  25.8
051120251639  0.608  3.6  111.1  8.6  0.18  196.1  25.8
051120251640  0.616  3.5  105.6  7.5  0.29  188.4  25.7
051120251641  0.622  3.7  102.0  7.5  0.26  183.9  25.7
051120251642  0.629  3.8  100.3  7.5  0.33  183.5  25.7
051120251643  0.636  3.8  99.5  7.5  0.27  186.8  25.7
051120251644  0.642  3.5  102.7  7.5  0.29  172.2  25.7
051120251645  0.648  3.4  100.5  7.5  0.32  182.6  25.7
051120251646  0.654  3.4  106.5  7.5  0.43  180.9  25.7
051120251647  0.661  3.2  110.8  7.5  0.40  185.8  25.6
051120251648  0.668  3.1  116.5  7.5  0.33  186.6  25.6
051120251649  0.674  2.9  120.3  6.4  0.34  175.3  25.6
051120251650  0.680  2.7  123.6  5.8  0.46  176.7  25.6
051120251651  0.686  2.5  124.0  5.4  0.30  179.1  25.6
051120251652  0.691  2.6  124.7  7.3  0.47  183.3  25.5
051120251653  0.696  2.8  130.3  7.3  0.34  185.1  25.5
051120251654  0.702  2.9  133.0  7.3  0.41  176.9  25.5
051120251655  0.708  3.1  134.6  7.3  0.43  180.7  25.5
051120251656  0.714  3.0  132.8  7.3  0.48  177.3  25.5
051120251657  0.720  3.0  133.6  7.3  0.30  174.0  25.5
051120251658  0.726  3.2  132.5  7.4  0.37  184.2  25.5
051120251659  0.730  3.3  133.7  7.4  0.38  177.7  25.5
051120251700  0.736  3.5  130.5  7.4  0.36  184.2  25.5
051120251701  0.742  3.6  130.3  7.4  0.42  184.9  25.5
051120251702  0.748  3.6  129.1  7.4  0.43  184.3  25.5
051120251703  0.753  3.5  124.4  7.4  0.33  180.4  25.5
051120251704  0.759  3.5  119.1  7.4  0.40  177.2  25.5
051120251705  0.764  3.4  116.6  7.4  0.34  171.1  25.5
051120251706  0.767  3.5  115.1  7.4  0.35  181.9  25.5
051120251707  0.773  3.4  113.2  7.4  0.44  185.2  25.5
051120251708  0.777  3.2  109.4  7.1  0.39  174.6  25.5
051120251709  0.781  3.0  108.0  7.1  0.41  186.7  25.5
051120251710  0.787  3.0  114.0  7.1  0.39  166.0  25.5
051120251711  0.792  3.0  118.2  7.1  0.42  177.2  25.5
051120251712  0.798  2.8  121.4  6.9  0.44  183.2  25.5
051120251713  0.802  2.8  126.4  6.9  0.41  180.9  25.5
051120251714  0.806  2.8  132.5  6.9  0.22  187.0  25.4
051120251715  0.811  2.8  136.6  6.9  0.35  189.1  25.4
051120251716  0.814  2.9  140.4  6.9  0.38  185.9  25.4
051120251717  0.817  3.0  143.1  6.9  0.35  179.8  25.4
051120251718  0.821  3.2  144.0  6.9  0.43  179.2  25.4
051120251719  0.825  3.4  144.6  6.9  0.39  191.1  25.4
051120251720  0.829  3.3  144.1  6.9  0.46  191.2  25.4
051120251721  0.835  3.2  141.9  6.8  0.28  188.4  25.4
051120251722  0.839  3.3  142.6  6.8  0.40  186.9  25.4
051120251723  0.844  3.3  140.5  7.1  0.45  190.0  25.4
051120251724  0.849  3.3  136.8  7.1  0.39  187.1  25.4
051120251725  0.852  3.2  134.9  7.1  0.46  188.5  25.4
051120251726  0.856  3.0  132.6  7.1  0.38  185.0  25.4
051120251727  0.861  3.0  133.4  7.1  0.44  184.4  25.4
051120251728  0.864  3.0  134.1  7.1  0.43  181.4  25.4
051120251729  0.868  3.0  131.9  7.1  0.49  190.7  25.4
051120251730  0.872  3.1  130.4  7.1  0.38  188.5  25.4
051120251731  0.876  3.2  132.7  7.1  0.38  179.1  25.4
051120251732  0.881  3.1  131.1  7.1  0.32  190.0  25.4
051120251733  0.886  3.0  129.4  5.9  0.36  192.5  25.4
051120251734  0.891  2.9  129.0  5.9  0.42  194.0  25.4
051120251735  0.896  3.0  128.3  5.9  0.34  188.4  25.4
051120251736  0.900  3.1  129.5  5.9  0.28  182.1  25.4
051120251737  0.903  3.0  127.8  5.9  0.40  204.2  25.4
051120251738  0.908  3.0  127.0  5.9  0.34  202.7  25.4
051120251739  0.913  2.9  130.1  5.9  0.33  194.0  25.4
051120251740  0.918  2.8  129.9  5.7  0.49  189.5  25.4
051120251741  0.923  2.7  130.8  5.7  0.35  199.3  25.4
051120251742  0.928  2.7  132.7  5.7  0.42  198.5  25.4
051120251743  0.935  2.9  135.6  6.5  0.28  195.1  25.4
051120251744  0.942  3.4  140.0  9.0  0.40  194.4  25.4
051120251745  0.947  3.5  145.5  9.0  0.32  195.5  25.4
051120251746  0.953  3.5  147.0  9.0  0.40  203.3  25.4
051120251747  0.960  3.6  146.4  9.0  0.33  216.0  25.3
051120251748  0.964  3.6  147.1  9.0  0.34  201.6  25.3
051120251749  0.970  3.9  147.1  9.0  0.36  196.2  25.3
051120251750  0.976  3.8  145.5  9.0  0.36  201.9  25.3
051120251751  0.981  3.7  145.1  9.0  0.35  201.5  25.2
051120251752  0.985  3.6  145.2  9.0  0.34  199.3  25.2
051120251753  0.991  3.4  144.8  9.0  0.32  200.0  25.2
051120251754  0.996  3.1  144.2  6.7  0.42  195.8  25.2
051120251755  1.001  3.1  139.7  6.7  0.43  194.4  25.2
051120251756  1.005  2.9  138.7  6.7  0.45  198.2  25.2
051120251757  1.010  3.0  138.9  6.7  0.45  200.0  25.2
051120251758  1.014  2.9  137.7  6.7  0.50  199.0  25.2
051120251759  1.019  2.7  136.6  5.4  0.29  218.0  25.2
051120251800  1.026  2.7  138.9  5.4  0.45  204.1  25.2
051120251801  1.032  2.7  137.4  5.4  0.53  201.5  25.2
051120251802  1.037  3.0  137.6  5.8  0.33  217.5  25.2
051120251803  1.042  3.0  139.5  5.8  0.48  202.4  25.2
051120251804  1.048  2.8  137.0  5.8  0.46  208.3  25.2
051120251805  1.052  2.7  139.9  5.8  0.39  217.5  25.2
051120251806  1.057  2.6  138.1  5.8  0.39  223.5  25.2
051120251807  1.061  2.3  139.0  5.8  0.42  221.5  25.2
051120251808  1.065  2.3  139.7  5.8  0.30  227.7  25.2
051120251809  1.070  2.1  137.6  5.8  0.41  217.2  25.2
051120251810  1.075  2.0  140.0  5.8  0.59  211.3  25.2
051120251811  1.080  2.1  141.5  5.8  0.46  204.0  25.2
051120251812  1.085  1.9  143.6  4.1  0.48  202.8  25.2
051120251813  1.090  1.8  139.5  4.0  0.44  213.4  25.2
051120251814  1.096  1.9  141.8  4.0  0.56  202.2  25.2
051120251815  1.101  2.1  138.5  4.5  0.36  204.6  25.2
051120251816  1.107  2.2  140.5  4.5  0.44  208.1  25.2
051120251817  1.113  2.3  135.0  4.5  0.37  188.5  25.2
051120251818  1.117  2.3  135.2  4.5  0.47  200.2  25.2
051120251819  1.122  2.2  137.5  4.5  0.41  200.4  25.2
051120251820  1.128  2.2  138.8  4.5  0.34  198.8  25.2
051120251821  1.131  2.1  138.1  4.5  0.33  196.2  25.2
051120251822  1.136  2.1  135.3  4.7  0.39  190.9  25.2
051120251823  1.141  2.2  134.5  4.7  0.44  200.6  25.2
051120251824  1.144  2.3  132.5  4.7  0.31  192.9  25.2
051120251825  1.149  2.3  129.9  4.8  0.39  199.1  25.2
051120251826  1.153  2.3  130.3  4.8  0.44  186.7  25.2
051120251827  1.155  2.4  134.8  4.8  0.31  190.4  25.2
051120251828  1.160  2.4  134.2  4.8  0.30  196.8  25.2
051120251829  1.164  2.6  132.7  4.8  0.40  194.5  25.2
051120251830  1.168  2.7  128.7  4.8  0.40  196.6  25.1
051120251831  1.171  2.7  125.9  4.8  0.42  192.1  25.1
051120251832  1.176  2.6  124.2  4.8  0.33  189.7  25.1
051120251833  1.178  2.4  120.5  4.8  0.36  188.8  25.1
051120251834  1.180  2.1  120.2  4.8  0.30  250.4  25.1
051120251835  1.185  2.0  117.9  4.4  0.29  196.9  25.1
051120251836  1.187  2.1  112.7  4.2  0.16  205.8  25.1
051120251837  1.190  2.0  107.9  4.1  0.23  192.9  25.1
051120251838  1.193  2.0  104.2  4.2  0.32  185.1  25.1
051120251839  1.196  2.0  102.4  4.2  0.29  189.2  25.1
051120251840  1.199  1.9  102.6  4.2  0.24  197.0  25.1
051120251841  1.201  1.8  101.4  4.2  0.38  188.8  25.1
051120251842  1.203  1.7  103.3  4.2  0.36  197.7  25.1
051120251843  1.206  1.9  112.6  5.3  0.32  199.8  25.1
051120251844  1.207  1.9  115.3  5.3  0.28  191.2  25.1
051120251845  1.208  1.8  120.1  5.3  0.24  199.5  25.1
051120251846  1.210  1.8  121.2  5.3  0.20  195.5  25.1
051120251847  1.211  1.8  122.6  5.3  0.08  229.3  25.1
051120251848  1.213  1.7  125.5  5.3  0.25  193.1  25.1
051120251849  1.214  1.7  132.3  5.3  0.33  199.6  25.0
051120251850  1.217  1.9  135.1  5.3  0.21  183.6  25.0
051120251851  1.218  2.0  140.9  5.3  0.29  189.6  25.0
051120251852  1.219  2.1  136.7  5.3  0.33  208.4  25.0
051120251853  1.220  1.8  136.7  4.1  0.32  203.9  25.0
051120251854  1.221  1.8  134.9  4.7  0.31  200.0  24.9
051120251855  1.222  1.8  131.2  4.7  0.41  202.7  24.9
051120251856  1.224  1.7  137.1  4.7  0.29  207.8  24.9
051120251857  1.226  2.0  139.8  5.0  0.36  195.6  24.9
051120251858  1.229  2.1  140.8  5.0  0.37  192.4  24.9
051120251859  1.231  2.0  139.4  5.0  0.46  188.1  24.9
051120251900  1.233  1.9  141.4  5.0  0.30  179.7  24.9
051120251901  1.236  2.0  140.5  5.0  0.42  179.3  24.8
051120251902  1.238  2.2  143.3  5.1  0.42  183.3  24.8
051120251903  1.239  2.3  144.8  5.1  0.43  179.1  24.8
051120251904  1.243  2.5  146.0  5.1  0.48  178.9  24.8
051120251905  1.246  2.7  148.3  5.4  0.37  182.1  24.8
051120251906  1.249  2.9  145.6  5.4  0.39  180.6  24.8
051120251907  1.252  2.7  144.5  5.4  0.42  191.6  24.8
051120251908  1.253  2.8  144.1  5.4  0.54  185.4  24.8
051120251909  1.256  2.7  140.5  5.4  0.24  181.7  24.8
051120251910  1.260  2.6  137.1  5.4  0.25  192.6  24.7
051120251911  1.262  2.6  135.7  5.4  0.40  184.1  24.7
051120251912  1.264  2.3  136.0  5.4  0.45  186.5  24.7
051120251913  1.265  2.1  132.1  5.4  0.30  185.2  24.6
051120251914  1.269  2.0  127.4  5.4  0.20  181.0  24.6
051120251915  1.271  1.8  124.7  5.1  0.31  193.6  24.6
051120251916  1.274  1.7  117.0  5.2  0.42  185.2  24.6
051120251917  1.277  1.8  111.5  5.2  0.37  186.4  24.5
051120251918  1.278  1.8  107.7  5.2  0.42  191.6  24.5
051120251919  1.281  1.8  110.7  5.2  0.41  174.8  24.5
051120251920  1.282  1.7  108.6  5.2  0.30  196.7  24.5
051120251921  1.285  1.7  106.1  5.2  0.35  184.5  24.5
051120251922  1.289  1.7  100.9  5.2  0.31  179.0  24.5
051120251923  1.292  1.8  98.6  5.2  0.42  185.7  24.5
051120251924  1.294  1.7  94.8  5.2  0.41  188.4  24.5
051120251925  1.297  1.7  92.6  5.2  0.34  192.0  24.5
051120251926  1.299  1.6  93.6  3.1  0.28  193.9  24.5
051120251927  1.302  1.6  98.4  4.8  0.35  183.9  24.5
051120251928  1.304  1.6  99.5  4.8  0.33  182.2  24.5
051120251929  1.308  1.9  96.2  5.2  0.41  182.7  24.5
051120251930  1.311  1.9  98.3  5.2  0.47  185.3  24.5
051120251931  1.312  1.8  99.0  5.2  0.38  180.8  24.5
051120251932  1.314  1.8  104.8  5.2  0.44  181.5  24.5
051120251933  1.317  1.7  105.9  5.2  0.37  189.1  24.5
051120251934  1.318  1.9  106.4  5.2  0.48  189.5  24.5
051120251935  1.321  1.9  104.9  5.2  0.60  187.0  24.5
051120251936  1.323  2.0  102.4  5.2  0.39  187.1  24.5
051120251937  1.325  1.9  98.6  5.2  0.41  196.6  24.5
051120251938  1.326  2.1  94.9  5.4  0.41  199.5  24.4
051120251939  1.328  2.0  95.1  5.4  0.27  203.2  24.4
051120251940  1.329  2.0  95.7  5.4  0.37  197.9  24.4
051120251941  1.330  2.0  92.9  5.4  0.31  195.0  24.4
051120251942  1.330  2.0  88.5  5.4  0.34  205.0  24.4
051120251943  1.330  2.0  89.5  5.4  0.42  194.8  24.4
051120251944  1.330  1.8  92.2  5.4  0.39  198.0  24.4
051120251945  1.329  1.8  95.0  5.4  0.39  187.7  24.4
051120251946  1.330  1.6  100.6  5.4  0.32  190.0  24.3
051120251947  1.329  1.5  110.4  5.4  0.33  197.8  24.3
051120251948  1.329  1.3  124.4  4.7  0.40  196.9  24.3
051120251949  1.327  1.2  136.8  4.7  0.48  193.5  24.3
051120251950  1.328  1.2  144.8  3.3  0.43  195.2  24.3
051120251951  1.328  1.3  147.2  3.3  0.37  193.7  24.3
051120251952  1.328  1.4  151.7  3.3  0.30  194.1  24.3
051120251953  1.328  1.6  157.0  3.3  0.23  196.4  24.3
051120251954  1.327  1.8  155.9  4.5  0.28  207.2  24.2
051120251955  1.326  1.9  155.5  4.5  0.23  215.3  24.2
051120251956  1.326  1.9  150.9  4.5  0.14  204.2  24.2
051120251957  1.326  1.7  145.5  4.5  0.19  188.2  24.2
051120251958  1.324  1.6  145.9  4.5  0.12  207.9  24.2
051120251959  1.323  1.6  148.2  4.5  0.28  180.8  24.2
051120252000  1.322  1.5  146.8  4.5  0.36  169.6  24.1
051120252001  1.320  1.4  148.6  4.5  0.32  166.4  24.1
051120252002  1.319  1.3  146.1  4.5  0.40  164.7  24.1
051120252003  1.318  1.2  135.5  4.5  0.37  171.7  24.1
051120252004  1.317  1.3  123.7  5.0  0.39  176.6  24.0
051120252005  1.316  1.2  121.8  5.0  0.35  176.6  24.0
051120252006  1.315  1.3  116.8  5.0  0.14  151.6  23.9
051120252007  1.314  1.4  113.8  5.0  0.16  155.1  23.9
051120252008  1.313  1.6  107.6  5.0  0.33  166.8  23.8
051120252009  1.311  1.8  100.5  5.0  0.24  166.5  23.8
051120252010  1.310  1.9  96.8  5.0  0.13  132.5  23.8
051120252011  1.307  2.0  98.5  5.0  0.24  167.2  23.8
051120252012  1.305  1.9  100.6  5.0  0.18  164.8  23.8
051120252013  1.303  1.9  100.6  5.0  0.19  160.0  23.8
051120252014  1.301  1.8  101.0  4.6  0.25  163.4  23.8
051120252015  1.300  1.8  98.9  4.6  0.09  125.5  23.7
051120252016  1.297  1.6  101.9  4.6  0.19  147.0  23.7
051120252017  1.294  1.5  105.0  3.8  0.10  148.9  23.7
051120252018  1.292  1.3  108.1  2.9  0.15  176.9  23.7
051120252019  1.289  1.2  109.2  2.9  0.24  186.2  23.7
051120252020  1.286  1.2  112.3  2.9  0.21  181.0  23.7
051120252021  1.285  1.1  114.3  2.9  0.26  173.6  23.7
051120252022  1.281  1.3  107.0  2.9  0.31  197.5  23.7
051120252023  1.279  1.2  112.1  2.7  0.31  183.1  23.7
051120252024  1.277  1.2  116.4  2.7  0.31  190.4  23.7
051120252025  1.276  1.1  110.0  2.5  0.20  199.0  23.7
051120252026  1.272  1.1  107.3  2.5  0.19  211.8  23.7
051120252027  1.270  1.0  115.4  2.5  0.16  169.1  23.7
051120252028  1.269  1.0  119.6  2.5  0.17  165.4  23.7
051120252029  1.265  1.1  123.0  2.5  0.19  165.3  23.7
051120252030  1.262  1.2  126.0  2.5  0.33  179.6  23.7
051120252031  1.260  1.3  128.2  2.5  0.18  182.0  23.7
051120252032  1.258  1.3  128.3  2.5  0.22  181.9  23.7
051120252033  1.256  1.3  133.5  2.5  0.16  165.3  23.7
051120252034  1.254  1.2  134.3  2.5  0.33  174.9  23.7
051120252035  1.252  1.5  146.8  3.5  0.23  167.4  23.7
051120252036  1.250  1.6  146.1  3.5  0.21  174.6  23.7
051120252037  1.248  1.7  143.8  3.5  0.21  181.1  23.7
051120252038  1.246  1.8  144.5  3.5  0.17  140.9  23.7
051120252039  1.244  1.9  144.3  3.5  0.13  172.4  23.7
051120252040  1.244  1.9  144.2  3.5  0.17  137.9  23.6
051120252041  1.242  1.8  140.8  3.5  0.13  156.8  23.6
051120252042  1.241  1.9  145.3  3.5  0.25  193.5  23.6
051120252043  1.239  1.8  143.8  3.5  0.20  167.6  23.6
051120252044  1.238  1.8  145.5  3.5  0.15  158.8  23.6
051120252045  1.236  1.7  140.3  3.3  0.32  166.1  23.6
051120252046  1.236  1.7  137.6  3.7  0.25  176.7  23.6
051120252047  1.235  1.6  133.1  3.7  0.14  172.8  23.6
051120252048  1.233  1.5  128.4  3.7  0.14  155.2  23.6
051120252049  1.232  1.4  124.8  3.7  0.11  190.0  23.6
051120252050  1.229  1.4  123.8  3.7  0.13  168.0  23.6
051120252051  1.228  1.5  126.1  3.7  0.22  169.0  23.6
051120252052  1.226  1.5  120.6  3.7  0.14  168.2  23.5
051120252053  1.225  1.5  117.2  3.7  0.20  183.7  23.5
051120252054  1.224  1.6  117.7  3.7  nan  nan  nan
051120252055  1.221  1.4  119.0  3.7  0.15  181.8  23.5
051120252056  1.219  1.3  125.4  3.1  0.06  177.9  23.5
051120252057  1.216  1.4  131.8  3.1  0.11  186.9  23.5
051120252058  1.213  1.5  135.1  3.1  0.16  182.1  23.5
051120252059  1.210  1.5  138.2  3.1  0.06  171.0  23.5
051120252100  1.206  1.5  136.4  3.1  0.16  171.1  23.5
051120252101  1.203  1.4  136.9  3.0  0.15  196.1  23.4
051120252102  1.200  1.4  146.1  3.0  0.13  155.1  23.4
051120252103  1.196  1.6  151.2  4.2  0.04  60.5  23.4
051120252104  1.191  1.6  151.0  4.2  0.11  153.3  23.4
051120252105  1.187  1.7  152.5  4.2  0.12  154.6  23.4
051120252106  1.183  1.6  152.6  4.2  0.10  166.5  23.4
051120252107  1.178  1.5  152.8  4.2  0.07  115.1  23.4
051120252108  1.175  1.5  155.1  4.2  0.14  137.2  23.4
051120252109  1.171  1.5  156.4  4.2  0.07  50.4  23.4
051120252110  1.166  1.7  161.7  4.2  0.06  60.0  23.4
051120252111  1.162  1.8  165.2  4.2  0.14  29.2  23.4
051120252112  1.158  1.7  165.8  4.2  0.10  111.9  23.4
051120252113  1.154  1.7  167.1  3.1  0.04  142.9  23.4
051120252114  1.150  1.7  165.7  2.8  0.08  17.1  23.4
051120252115  1.146  1.7  162.9  2.8  0.08  100.0  23.4
051120252116  1.142  1.9  169.5  5.7  0.12  44.7  23.4
051120252117  1.139  2.2  179.9  5.8  0.12  38.2  23.4
051120252118  1.134  2.5  188.1  6.3  0.06  66.3  23.3
051120252119  1.131  2.8  195.3  6.3  0.04  148.8  23.3
051120252120  1.128  3.1  199.5  6.3  0.08  80.7  23.3
051120252121  1.125  3.5  202.6  6.3  0.15  31.3  23.3
051120252122  1.121  3.9  204.4  6.3  nan  nan  nan
051120252123  1.118  4.2  206.6  6.3  0.18  20.5  23.3
051120252124  1.114  4.6  209.0  6.3  0.14  15.7  23.3
051120252125  1.108  5.0  211.4  6.3  0.05  162.4  23.3
051120252126  1.103  5.2  212.6  6.3  0.03  57.5  23.3
051120252127  1.099  5.2  213.1  6.4  0.08  36.6  23.3
051120252128  1.094  5.2  214.1  6.5  0.09  44.7  23.3
051120252129  1.089  5.1  214.8  6.5  nan  nan  nan
051120252130  1.085  5.2  214.7  6.5  0.19  15.8  23.3
051120252131  1.079  5.0  216.0  6.5  0.03  170.3  23.3
051120252132  1.073  5.0  216.5  6.5  0.09  1.5  23.3
051120252133  1.067  5.1  217.8  6.5  0.23  23.7  23.3
051120252134  1.061  5.1  218.3  6.5  0.07  81.6  23.4
051120252135  1.055  5.1  219.4  6.5  0.09  20.3  23.4
051120252136  1.050  5.1  220.1  6.5  0.10  76.5  23.4
051120252137  1.044  4.9  220.9  6.5  0.20  28.4  23.4
051120252138  1.038  4.8  221.4  6.3  0.20  25.4  23.4
051120252139  1.032  4.9  221.1  6.3  0.12  77.5  23.4
051120252140  1.027  4.7  222.0  6.2  0.17  72.5  23.4
051120252141  1.021  4.7  222.2  6.2  0.14  41.7  23.4
051120252142  1.015  4.7  222.9  6.2  0.28  23.9  23.4
051120252143  1.009  4.7  222.6  5.7  0.13  32.8  23.4
051120252144  1.003  4.6  222.8  5.8  0.06  28.4  23.4
051120252145  0.997  4.7  221.8  6.0  0.14  43.9  23.4
051120252146  0.991  4.7  220.6  6.0  0.17  21.3  23.4
051120252147  0.986  4.8  219.6  6.2  0.23  21.5  23.4
051120252148  0.980  4.9  218.1  6.2  0.15  14.3  23.4
051120252149  0.975  5.0  217.1  6.2  0.16  347.8  23.4
051120252150  0.971  5.1  216.7  6.2  0.03  10.0  23.4
051120252151  0.966  5.2  216.0  6.2  0.21  8.9  23.4
051120252152  0.961  5.2  215.9  6.2  0.24  15.1  23.4
051120252153  0.956  5.3  215.8  6.2  0.22  18.6  23.4
051120252154  0.952  5.3  216.1  6.2  0.11  3.7  23.4
051120252155  0.948  5.2  216.3  6.2  0.25  21.0  23.4
051120252156  0.942  5.1  216.7  6.2  0.26  19.0  23.5
051120252157  0.939  5.0  217.3  6.1  0.29  24.6  23.5
051120252158  0.934  4.9  218.2  6.0  0.29  25.7  23.5
051120252159  0.929  4.9  219.1  6.0  0.13  85.8  23.5
051120252200  0.925  4.8  219.7  5.7  0.32  37.6  23.6
051120252201  0.921  4.8  220.1  5.7  0.28  47.7  23.6
051120252202  0.916  4.8  220.7  5.8  0.29  48.2  23.6
051120252203  0.912  4.8  221.8  5.8  0.29  39.1  23.6
051120252204  0.907  4.9  222.7  5.8  0.35  25.9  23.6
051120252205  0.902  5.0  223.0  5.8  0.25  35.6  23.6
051120252206  0.896  5.1  223.6  6.0  0.27  47.2  23.6
051120252207  0.892  5.2  223.6  6.0  0.35  30.1  23.6
051120252208  0.885  5.3  223.8  6.0  0.38  25.7  23.6
051120252209  0.880  5.3  223.7  6.4  0.35  22.4  23.6
051120252210  0.876  5.4  223.2  6.4  0.29  28.1  23.6
051120252211  0.870  5.3  222.9  6.4  0.36  22.4  23.6
051120252212  0.864  5.3  222.5  6.4  0.34  28.6  23.6
051120252213  0.860  5.2  222.2  6.4  0.26  19.8  23.6
051120252214  0.855  5.1  221.6  6.4  0.28  39.0  23.6
051120252215  0.851  5.0  221.7  6.4  0.31  15.0  23.6
051120252216  0.846  4.9  221.5  6.4  0.40  21.8  23.6
051120252217  0.841  4.9  221.0  6.4  0.29  31.7  23.6
051120252218  0.835  4.8  220.6  6.4  0.31  34.3  23.6
051120252219  0.830  4.8  220.0  5.8  0.16  34.7  23.7
051120252220  0.825  4.7  219.8  5.6  0.30  19.7  23.7
051120252221  0.820  4.8  220.4  5.7  0.43  30.5  23.7
051120252222  0.816  4.9  220.2  6.0  0.39  45.4  23.7
051120252223  0.812  4.9  219.7  6.0  0.54  25.3  23.7
051120252224  0.807  4.9  219.9  6.0  0.34  46.7  23.8
051120252225  0.802  5.0  220.0  6.0  0.34  65.9  23.8
051120252226  0.797  5.1  220.2  6.0  0.48  32.7  23.8
051120252227  0.792  5.1  220.7  6.0  0.45  20.5  23.8
051120252228  0.787  5.1  220.8  6.0  0.31  48.4  23.8
051120252229  0.780  5.2  221.6  6.0  0.29  41.0  23.8
051120252230  0.776  5.2  222.4  6.0  0.20  25.1  23.8
051120252231  0.771  5.2  221.8  6.0  0.34  13.9  23.8
051120252232  0.766  5.2  222.4  5.9  0.31  32.3  23.8
051120252233  0.761  5.2  222.6  5.9  0.29  35.9  23.8
051120252234  0.755  5.3  222.5  5.9  0.31  43.3  23.8
051120252235  0.750  5.3  222.6  6.3  0.49  36.2  23.8
051120252236  0.744  5.3  222.6  6.3  0.49  27.0  23.8
051120252237  0.739  5.2  222.4  6.3  0.49  36.9  23.8
051120252238  0.732  5.2  222.5  6.3  0.51  32.4  23.9
051120252239  0.727  5.2  222.6  6.3  0.44  52.3  23.9
051120252240  0.721  5.1  222.2  6.3  0.45  51.3  23.9
051120252241  0.716  5.0  222.6  6.3  0.68  40.4  23.9
051120252242  0.710  4.9  222.1  6.3  0.55  39.3  23.9
051120252243  0.704  4.9  221.9  6.3  0.57  48.0  23.9
051120252244  0.699  4.8  221.4  6.3  0.51  35.1  23.9
051120252245  0.693  4.7  220.8  5.9  0.48  50.9  23.9
051120252246  0.687  4.7  220.5  5.6  0.58  43.6  23.9
051120252247  0.681  4.6  220.1  5.6  0.55  44.9  23.9
051120252248  0.674  4.6  219.7  5.6  0.61  48.4  23.9
051120252249  0.669  4.5  218.1  5.6  0.58  47.0  24.0
051120252250  0.661  4.5  217.9  5.6  0.48  51.1  24.0
051120252251  0.655  4.5  217.9  5.6  0.54  48.1  24.0
051120252252  0.647  4.5  218.2  5.6  0.60  51.4  24.0
051120252253  0.641  4.5  218.4  5.6  0.65  44.8  24.0
051120252254  0.635  4.5  219.1  5.6  0.51  64.0  24.0
051120252255  0.627  4.5  219.5  5.6  0.56  55.0  24.1
051120252256  0.621  4.5  219.8  5.5  0.55  49.9  24.1
051120252257  0.614  4.5  220.1  5.5  0.51  68.4  24.1
051120252258  0.606  4.5  220.4  5.4  0.55  60.0  24.1
051120252259  0.599  4.5  220.8  5.4  0.58  49.9  24.1
051120252300  0.592  4.5  221.1  5.4  0.63  55.5  24.1
051120252301  0.585  4.5  220.6  5.4  0.61  47.7  24.1
051120252302  0.578  4.5  219.9  5.4  0.64  44.2  24.1
051120252303  0.571  4.5  219.5  5.4  0.46  53.8  24.2
051120252304  0.564  4.6  218.7  5.3  0.66  49.3  24.2
051120252305  0.557  4.6  218.4  5.3  0.64  46.0  24.2
051120252306  0.551  4.6  218.1  5.3  0.62  47.1  24.2
051120252307  0.545  4.6  218.2  5.2  0.50  56.1  24.2
051120252308  0.537  4.6  217.9  5.2  0.50  59.6  24.2
051120252309  0.530  4.6  218.2  5.2  0.58  47.7  24.2
051120252310  0.525  4.7  218.0  5.2  0.49  52.3  24.2
051120252311  0.518  4.7  217.7  5.6  0.44  56.3  24.2
051120252312  0.512  4.7  218.1  5.6  0.47  40.8  24.2
051120252313  0.507  4.8  218.4  5.6  0.57  46.1  24.3
051120252314  0.502  4.8  218.7  5.6  0.51  44.0  24.3
051120252315  0.496  4.9  219.0  5.9  0.52  45.8  24.3
051120252316  0.493  5.0  219.5  6.4  0.55  42.6  24.3
051120252317  0.488  5.1  219.7  6.4  0.58  50.9  24.3
051120252318  0.483  5.2  220.0  6.4  0.54  53.7  24.3
051120252319  0.477  5.3  220.7  6.4  0.59  47.4  24.3
051120252320  0.471  5.3  221.2  6.4  0.45  64.7  24.4
051120252321  0.464  5.4  222.4  6.4  0.64  43.4  24.4
051120252322  0.460  5.4  223.2  6.4  0.60  43.5  24.4
051120252323  0.455  5.4  224.0  6.4  0.46  60.7  24.4
051120252324  0.449  5.4  224.5  6.4  0.55  59.4  24.4
051120252325  0.442  5.4  225.1  6.4  0.52  58.2  24.4
051120252326  0.436  5.4  225.1  6.1  0.64  44.4  24.4
051120252327  0.431  5.4  225.4  6.2  0.55  58.2  24.4
051120252328  0.424  5.3  226.1  6.2  0.56  48.6  24.4
051120252329  0.420  5.3  226.1  6.2  0.60  43.0  24.5
051120252330  0.414  5.3  226.2  6.2  0.53  48.3  24.5
051120252331  0.409  5.4  225.5  6.4  0.49  57.2  24.5
051120252332  0.406  5.4  224.5  6.4  0.54  45.5  24.5
051120252333  0.400  5.4  223.9  6.4  0.66  46.0  24.5
051120252334  0.395  5.4  223.2  6.4  0.59  39.2  24.5
051120252335  0.390  5.4  222.2  6.4  0.66  47.4  24.5
051120252336  0.385  5.4  221.7  6.4  0.53  58.0  24.5
051120252337  0.380  5.3  221.1  6.4  0.54  54.1  24.5
051120252338  0.375  5.3  220.2  6.4  0.53  60.8  24.5
051120252339  0.371  5.2  219.4  6.4  0.59  43.6  24.5
051120252340  0.367  5.2  218.8  6.4  0.54  48.4  24.5
051120252341  0.362  5.1  218.4  6.0  0.49  50.3  24.5
051120252342  0.358  5.0  219.1  6.0  0.64  42.1  24.5
051120252343  0.353  4.9  219.8  6.0  0.56  43.3  24.5
051120252344  0.350  4.9  220.5  6.0  0.63  45.5  24.5
051120252345  0.344  4.9  221.3  6.0  0.57  56.0  24.5
051120252346  0.339  4.9  221.5  5.9  0.52  53.3  24.5
051120252347  0.334  4.9  222.0  5.7  0.62  42.0  24.5
051120252348  0.328  4.8  222.1  5.7  0.45  61.6  24.5
051120252349  0.324  5.0  222.2  5.7  0.55  57.8  24.5
051120252350  0.319  5.0  222.3  5.7  0.49  51.1  24.5
051120252351  0.313  5.0  222.6  5.9  0.47  48.3  24.5
051120252352  0.309  5.1  222.6  6.1  0.51  51.8  24.5
051120252353  0.304  5.2  221.9  6.1  0.60  52.5  24.5
051120252354  0.298  5.3  221.3  6.1  0.49  54.4  24.5
051120252355  0.291  5.3  220.7  6.1  0.52  57.4  24.5
051120252356  0.286  5.3  219.9  6.1  0.53  55.0  24.5
051120252357  0.280  5.3  218.8  6.1  0.54  43.6  24.5
051120252358  0.274  5.4  217.7  6.1  0.54  50.0  24.5
051120252359  0.269  5.3  216.8  6.1  0.49  48.1  24.5
061120250000  0.262  5.3  215.9  6.1  0.63  42.6  24.5
061120250001  0.257  5.4  215.1  6.1  0.54  43.7  24.6
061120250002  0.252  5.4  214.3  6.1  0.54  48.4  24.6
061120250003  0.246  5.4  213.7  6.1  0.61  41.5  24.6
061120250004  0.240  5.4  213.2  6.1  0.53  50.6  24.6
061120250005  0.235  5.4  212.9  6.1  0.54  51.2  24.6
061120250006  0.230  5.4  212.9  6.1  0.52  51.7  24.6
061120250007  0.224  5.4  213.1  6.1  0.59  42.7  24.6
061120250008  0.219  5.5  213.6  6.1  0.59  41.9  24.6
061120250009  0.213  5.5  214.2  6.1  0.53  53.5  24.6
061120250010  0.208  5.6  215.0  6.3  0.67  40.4  24.6
061120250011  0.203  5.6  215.6  6.4  0.58  43.8  24.6
061120250012  0.198  5.6  215.4  6.4  0.51  48.9  24.6
061120250013  0.191  5.7  214.8  7.1  0.53  48.3  24.6
061120250014  0.186  5.7  215.0  7.1  0.53  52.9  24.6
061120250015  0.180  5.7  215.1  7.1  0.66  43.9  24.6
061120250016  0.173  5.8  215.3  7.1  0.55  51.1  24.6
061120250017  0.168  5.8  215.4  7.1  0.55  46.7  24.7
061120250018  0.162  5.8  215.7  7.1  0.67  44.5  24.7
061120250019  0.157  5.8  215.7  7.1  0.66  37.9  24.7
061120250020  0.151  5.8  214.5  7.1  0.60  43.0  24.7
061120250021  0.146  5.8  213.9  7.1  0.58  45.4  24.7
061120250022  0.139  5.7  213.8  7.1  0.76  41.9  24.7
061120250023  0.133  5.7  215.0  6.6  0.62  48.7  24.7
061120250024  0.128  5.7  215.2  6.6  0.67  41.7  24.7
061120250025  0.124  5.7  215.7  6.6  0.64  43.5  24.7
061120250026  0.120  5.6  216.1  6.5  0.55  43.9  24.7
061120250027  0.116  5.6  216.6  6.5  0.58  46.8  24.7
061120250028  0.111  5.6  217.0  6.5  0.59  39.6  24.7
061120250029  0.107  5.6  217.4  6.5  0.58  43.5  24.7
061120250030  0.103  5.5  218.5  6.5  0.65  46.9  24.7
061120250031  0.100  5.5  219.3  6.5  0.76  35.7  24.8
061120250032  0.096  5.6  220.0  6.5  0.53  55.4  24.8
061120250033  0.093  5.6  219.9  6.4  0.55  53.8  24.8
061120250034  0.089  5.5  220.2  6.1  0.56  55.0  24.8
061120250035  0.086  5.5  220.7  6.1  0.59  47.1  24.8
061120250036  0.083  5.5  221.1  6.1  0.64  40.9  24.8
061120250037  0.079  5.5  221.6  6.3  0.66  47.2  24.8
061120250038  0.075  5.5  222.1  6.3  0.54  50.9  24.8
061120250039  0.072  5.5  222.2  6.3  0.57  44.5  24.8
061120250040  0.069  5.5  222.9  6.5  0.54  50.2  24.8
061120250041  0.066  5.5  222.8  6.5  0.57  47.0  24.8
061120250042  0.061  5.5  222.9  6.9  0.57  45.1  24.8
061120250043  0.058  5.6  222.9  6.9  0.58  43.3  24.8
061120250044  0.053  5.6  222.7  6.9  0.54  49.1  24.8
061120250045  0.050  5.6  222.4  6.9  0.51  61.2  24.9
061120250046  0.046  5.7  222.1  6.9  0.55  44.3  24.9
061120250047  0.041  5.7  221.7  6.9  0.57  42.2  24.9
061120250048  0.037  5.8  221.5  6.9  0.58  46.5  24.9
061120250049  0.034  5.8  221.4  6.9  0.53  41.6  24.9
061120250050  0.028  5.8  221.2  6.9  0.54  43.9  24.9
061120250051  0.024  5.8  220.6  6.9  0.57  44.9  24.9
061120250052  0.019  5.8  220.0  7.5  0.50  50.0  24.9
061120250053  0.013  5.9  218.8  7.5  0.53  54.7  24.9
061120250054  0.008  5.9  217.9  7.5  0.53  46.8  24.9
061120250055  0.004  5.9  216.8  7.5  0.57  35.5  24.9
061120250056  0.000  5.9  216.2  7.5  0.53  63.3  24.9
061120250057  nan  6.0  215.3  7.5  0.50  46.7  24.9
061120250058  nan  6.0  214.8  7.5  0.53  55.6  24.9
061120250059  nan  5.9  214.5  7.5  0.49  59.7  24.9
061120250100  nan  5.9  214.4  7.5  0.68  35.8  24.9
061120250101  nan  6.0  214.9  7.5  0.59  42.0  24.9
061120250102  nan  6.0  215.6  7.3  0.49  54.4  24.9
061120250103  nan  5.9  216.9  7.3  0.49  49.4  24.9
061120250104  nan  5.9  218.2  7.3  0.56  42.9  24.9
061120250105  nan  5.9  219.6  7.3  0.46  55.7  24.9
061120250106  nan  5.9  220.1  7.3  0.49  51.1  24.9
061120250107  nan  5.8  221.1  7.0  0.56  43.6  24.9
061120250108  nan  5.8  222.1  7.0  0.49  43.1  24.9
061120250109  nan  5.8  222.4  7.0  0.57  55.1  24.9
061120250110  nan  5.8  222.9  7.0  0.59  43.9  25.0
061120250111  nan  5.7  222.9  6.9  0.52  49.6  25.0
061120250112  nan  5.7  222.2  6.9  0.52  51.0  25.0
061120250113  nan  5.7  222.0  6.9  0.52  61.2  25.0
061120250114  nan  5.6  220.4  6.9  0.65  41.1  25.0
061120250115  nan  5.6  218.5  7.2  0.50  52.0  25.0
061120250116  nan  5.6  216.7  7.2  0.49  48.1  25.0
061120250117  nan  5.7  214.9  7.2  0.60  45.6  25.0
061120250118  nan  5.6  213.0  7.2  0.46  52.1  25.0
061120250119  nan  5.7  211.4  7.9  0.49  62.2  25.0
061120250120  nan  5.9  209.8  8.7  0.50  51.7  25.0
061120250121  nan  6.1  208.8  8.7  0.51  55.0  25.0
061120250122  nan  6.3  208.6  8.7  0.45  53.8  25.0
061120250123  nan  6.5  207.1  8.7  0.51  50.0  25.0
061120250124  nan  6.7  206.2  8.7  0.57  41.2  25.0
061120250125  nan  6.8  205.9  8.7  0.51  55.9  25.0
061120250126  nan  6.9  206.0  8.7  0.48  54.7  25.0
061120250127  nan  6.9  205.7  8.7  0.44  62.2  25.0
061120250128  nan  7.0  205.1  8.7  0.51  48.2  25.0
061120250129  nan  7.0  205.1  8.7  0.50  47.9  25.1
061120250130  nan  6.8  205.8  8.3  0.53  46.4  25.1
061120250131  nan  6.6  207.0  8.3  0.50  44.9  25.1
061120250132  nan  6.5  208.2  8.0  0.49  48.2  25.1
061120250133  nan  6.3  210.5  8.0  0.52  56.7  25.1
061120250134  nan  6.2  212.3  8.0  0.51  55.9  25.1
061120250135  nan  6.2  213.2  7.9  0.58  52.2  25.1
061120250136  nan  6.1  214.1  7.9  0.58  39.3  25.1
061120250137  nan  6.1  216.1  7.9  0.42  54.6  25.1
061120250138  nan  6.2  218.1  7.9  0.41  60.6  25.1
061120250139  nan  6.1  219.9  7.4  0.47  56.3  25.1
061120250140  nan  6.2  219.2  7.4  0.50  60.9  25.1
061120250141  nan  6.1  219.4  7.4  0.53  55.1  25.1
061120250142  nan  6.2  219.3  7.4  0.52  47.6  25.1
061120250143  nan  6.1  219.2  7.4  0.47  59.2  25.1
061120250144  nan  6.2  220.2  7.4  0.50  59.0  25.1
061120250145  nan  6.1  221.7  7.3  0.54  45.1  25.1
061120250146  nan  6.1  223.0  7.3  0.45  55.3  25.1
061120250147  nan  6.1  222.8  7.4  0.39  54.4  25.2
061120250148  nan  6.1  223.1  7.7  0.53  50.2  25.2
061120250149  nan  6.2  223.2  7.7  0.53  50.7  25.2
061120250150  nan  6.2  224.2  7.7  0.47  54.0  25.2
061120250151  nan  6.3  223.9  7.7  0.45  53.1  25.2
061120250152  nan  6.2  223.8  7.7  0.46  54.7  25.2
061120250153  nan  6.3  223.4  7.7  0.51  49.8  25.2
061120250154  nan  6.3  222.6  7.7  0.48  56.3  25.2
061120250155  nan  6.3  222.1  7.7  0.49  47.2  25.2
061120250156  nan  6.3  221.3  7.7  0.48  50.4  25.2
061120250157  nan  6.2  220.7  7.7  0.45  52.4  25.2
061120250158  nan  6.2  219.9  7.5  0.43  57.7  25.2
061120250159  nan  6.1  218.5  7.5  0.40  54.8  25.2
061120250200  nan  6.0  218.1  7.5  0.44  58.3  25.3
061120250201  nan  5.9  217.2  7.2  0.41  64.4  25.3
061120250202  nan  5.9  216.8  7.2  0.45  60.4  25.3
061120250203  nan  5.9  216.6  7.2  0.44  56.1  25.3
061120250204  nan  5.8  216.7  7.0  0.46  46.5  25.3
061120250205  nan  5.8  216.9  7.0  0.43  48.4  25.3
061120250206  nan  5.8  216.7  7.0  0.39  50.4  25.3
061120250207  nan  5.8  217.3  7.0  0.49  52.8  25.3
061120250208  nan  5.7  217.2  6.8  0.32  64.2  25.3
061120250209  nan  5.7  217.4  6.8  0.48  49.6  25.3
061120250210  nan  5.7  217.1  6.6  0.43  59.4  25.3
061120250211  nan  5.7  217.1  6.6  0.38  64.2  25.3
061120250212  nan  5.7  216.2  6.6  0.46  54.3  25.3
061120250213  nan  5.6  215.3  6.6  0.36  59.8  25.3
061120250214  nan  5.6  213.9  6.6  0.33  55.2  25.4
061120250215  nan  5.5  213.3  6.6  0.33  65.0  25.4
061120250216  nan  5.5  213.1  6.6  0.31  61.7  25.4
061120250217  nan  5.5  212.3  6.4  0.34  59.7  25.4
061120250218  nan  5.5  212.5  6.4  0.32  52.0  25.4
061120250219  nan  5.5  213.4  6.4  0.30  90.9  25.4
061120250220  nan  5.5  214.1  6.5  0.29  56.3  25.4
061120250221  nan  5.5  214.5  6.5  0.37  55.9  25.4
061120250222  nan  5.5  215.3  6.5  0.33  42.1  25.4
061120250223  nan  5.6  216.2  6.5  0.39  50.2  25.4
061120250224  nan  5.6  217.1  6.5  0.29  43.7  25.4
061120250225  nan  5.6  216.5  6.5  0.38  37.9  25.4
061120250226  nan  5.5  216.9  6.5  0.41  29.2  25.4
061120250227  nan  5.5  217.7  6.5  0.33  31.4  25.4
061120250228  nan  5.5  218.1  6.5  0.21  29.8  25.4
061120250229  nan  5.5  217.8  6.5  0.27  36.9  25.4
061120250230  nan  5.4  217.8  6.4  0.27  27.7  25.4
061120250231  nan  5.5  217.9  6.4  0.30  27.6  25.4
061120250232  nan  5.5  218.0  6.3  0.33  27.2  25.5
061120250233  nan  5.5  217.6  6.4  0.24  22.8  25.5
061120250234  nan  5.5  217.7  6.6  0.13  21.7  25.5
061120250235  nan  5.5  218.6  6.6  0.23  24.4  25.5
061120250236  nan  5.6  217.8  6.9  0.22  27.8  25.5
061120250237  nan  5.5  217.2  6.9  0.24  15.9  25.5
061120250238  nan  5.6  216.4  6.9  0.28  10.0  25.5
061120250239  nan  5.6  215.8  6.9  0.24  11.9  25.5
061120250240  nan  5.6  215.4  6.9  0.14  22.4  25.5
061120250241  nan  5.7  215.5  6.9  0.28  15.6  25.5
061120250242  nan  5.7  216.4  6.9  0.23  26.6  25.5
061120250243  nan  5.6  216.8  6.9  0.24  8.1  25.5
061120250244  nan  5.6  217.7  6.9  0.12  25.3  25.5
061120250245  nan  5.6  218.4  6.9  0.18  6.3  25.5
061120250246  nan  5.6  219.5  6.9  0.13  7.5  25.5
061120250247  nan  5.6  220.0  6.9  0.11  12.9  25.5
061120250248  nan  5.6  220.8  6.9  0.16  9.3  25.5
061120250249  nan  5.6  221.2  6.9  0.19  8.8  25.5
061120250250  nan  5.5  221.2  6.5  0.21  3.6  25.5
061120250251  nan  5.5  221.2  6.1  0.18  356.3  25.5
061120250252  nan  5.5  220.2  6.1  0.16  357.7  25.5
061120250253  nan  5.6  220.2  6.5  0.25  7.4  25.5
061120250254  0.005  5.6  219.5  6.7  0.18  3.9  25.5
061120250255  0.011  5.7  219.2  6.7  0.05  339.0  25.5
061120250256  0.018  5.7  219.0  6.7  0.21  350.9  25.5
061120250257  0.025  5.8  218.9  6.7  0.10  3.0  25.5
061120250258  0.031  5.8  218.8  6.7  0.08  340.9  25.5
061120250259  0.037  5.8  218.7  6.8  0.11  338.9  25.6
061120250300  0.042  5.9  218.9  6.8  0.11  332.9  25.6
061120250301  0.048  5.9  218.6  6.8  0.09  298.8  25.6
061120250302  0.053  6.0  218.4  6.8  0.14  344.8  25.6
061120250303  0.058  5.9  217.8  6.8  0.11  351.3  25.6
061120250304  0.061  5.9  217.3  6.8  0.04  357.5  25.6
061120250305  0.066  5.8  217.0  6.8  0.11  336.9  25.6
061120250306  0.070  5.7  216.9  6.8  0.07  290.7  25.6
061120250307  0.075  5.7  216.8  6.8  0.14  359.0  25.6
061120250308  0.080  5.6  216.4  6.8  0.05  298.4  25.6
061120250309  0.085  5.6  216.3  6.6  0.06  283.5  25.6
061120250310  0.088  5.5  215.7  6.6  0.10  247.3  25.6
061120250311  0.094  5.4  215.9  6.3  0.05  289.9  25.6
061120250312  0.099  5.3  215.6  6.2  0.04  216.6  25.6
061120250313  0.103  5.2  214.9  5.9  0.10  204.0  25.6
061120250314  0.108  5.2  214.3  5.9  nan  nan  nan
061120250315  0.112  5.2  214.0  5.9  0.10  166.5  25.6
061120250316  0.117  5.2  214.0  5.9  0.05  355.5  25.6
061120250317  0.122  5.2  213.6  6.1  0.13  348.0  25.6
061120250318  0.126  5.2  213.7  6.1  0.06  202.1  25.6
061120250319  0.132  5.1  213.5  6.1  0.06  333.5  25.6
061120250320  0.136  5.1  214.0  6.7  0.09  1.7  25.6
061120250321  0.140  5.1  213.5  6.7  0.09  227.3  25.6
061120250322  0.144  5.2  214.0  6.7  0.12  190.0  25.6
061120250323  0.150  5.3  215.2  6.7  nan  nan  nan
061120250324  0.156  5.4  216.4  6.7  nan  nan  nan
061120250325  0.161  5.5  217.0  6.7  0.02  214.4  25.6
061120250326  0.168  5.5  217.0  6.7  0.04  180.5  25.6
061120250327  0.173  5.6  217.4  6.9  nan  nan  nan
061120250328  0.178  5.7  217.6  6.9  0.05  192.4  25.6
061120250329  0.183  5.8  217.6  6.9  0.10  228.5  25.6
061120250330  0.188  5.9  217.8  6.9  0.10  198.6  25.6
061120250331  0.195  5.9  218.5  6.9  0.16  188.6  25.6
061120250332  0.201  6.0  218.8  6.9  0.14  198.8  25.6
061120250333  0.208  6.0  218.9  6.9  0.11  212.5  25.6
061120250334  0.213  6.0  218.8  6.9  0.13  194.3  25.6
061120250335  0.219  6.0  218.9  6.9  0.11  186.1  25.6
061120250336  0.227  6.1  219.1  6.9  0.12  191.9  25.6
061120250337  0.233  6.1  219.0  7.0  0.07  190.0  25.5
061120250338  0.239  6.0  219.0  7.0  0.19  181.4  25.5
061120250339  0.246  6.0  219.3  7.0  0.13  195.0  25.5
061120250340  0.254  6.0  219.5  7.0  0.07  194.8  25.5
061120250341  0.260  6.0  219.2  7.4  nan  nan  nan
061120250342  0.269  6.0  218.3  7.4  0.17  196.6  25.5
061120250343  0.276  6.0  217.7  7.4  0.12  195.7  25.5
061120250344  0.282  6.0  216.8  7.4  0.11  194.2  25.5
061120250345  0.288  6.0  215.8  7.4  0.07  219.9  25.5
061120250346  0.296  6.0  215.0  7.4  0.12  215.0  25.4
061120250347  0.302  5.9  214.6  7.4  0.15  214.9  25.4
061120250348  0.310  6.0  214.3  7.4  0.10  206.3  25.4
061120250349  0.318  6.0  214.3  7.4  0.05  219.5  25.4
061120250350  0.325  6.0  213.8  7.4  0.21  184.6  25.4
061120250351  0.332  6.0  213.5  7.2  0.21  226.5  25.4
061120250352  0.339  6.0  213.5  7.2  0.10  221.3  25.4
061120250353  0.347  6.0  213.4  7.2  0.12  227.1  25.4
061120250354  0.354  6.0  213.7  7.2  0.18  216.3  25.4
061120250355  0.361  6.0  213.6  7.2  0.22  233.5  25.4
061120250356  0.368  6.1  213.4  7.2  0.27  224.7  25.4
061120250357  0.375  6.2  213.5  7.2  0.30  221.8  25.4
061120250358  0.382  6.2  213.3  7.3  0.28  224.0  25.4
061120250359  0.388  6.2  212.4  7.3  0.25  230.0  25.3
061120250400  0.394  6.2  212.5  7.3  0.28  214.8  25.3
061120250401  0.400  6.2  212.2  7.3  0.21  225.5  25.3
061120250402  0.407  6.2  212.8  7.3  0.24  210.8  25.3
061120250403  0.414  6.1  212.9  7.3  0.25  224.1  25.3
061120250404  0.421  6.0  213.1  7.3  0.25  216.4  25.3
061120250405  0.426  6.0  214.1  7.3  0.24  208.6  25.3
061120250406  0.431  6.0  214.8  7.3  0.24  209.7  25.3
061120250407  0.436  5.9  214.9  7.3  0.20  219.1  25.2
061120250408  0.442  5.9  215.5  7.0  0.18  200.4  25.2
061120250409  0.448  5.9  216.7  6.9  0.19  197.1  25.2
061120250410  0.455  5.9  217.4  7.0  0.27  210.0  25.2
061120250411  0.463  5.9  218.3  7.0  0.19  221.7  25.2
061120250412  0.471  6.0  219.0  7.4  0.28  215.9  25.2
061120250413  0.477  6.0  219.8  7.4  0.36  198.3  25.2
061120250414  0.485  6.1  219.8  7.4  0.27  209.8  25.2
061120250415  0.491  6.2  220.0  7.4  0.17  237.8  25.2
061120250416  0.496  6.2  219.9  7.4  0.33  203.6  25.2
061120250417  0.503  6.3  219.9  7.4  0.26  201.1  25.1
061120250418  0.510  6.3  219.4  7.4  0.30  193.7  25.1
061120250419  0.515  6.3  218.8  7.4  0.28  197.5  25.1
061120250420  0.520  6.3  218.2  7.4  0.45  198.2  25.1
061120250421  0.527  6.4  217.6  7.4  0.33  193.3  25.1
061120250422  0.533  6.4  217.0  7.2  0.31  192.9  25.1
061120250423  0.540  6.4  215.9  7.2  0.39  192.0  25.1
061120250424  0.546  6.4  215.8  7.3  0.34  197.9  25.1
061120250425  0.551  6.4  215.2  7.3  0.29  199.7  25.1
061120250426  0.558  6.4  215.1  7.3  0.30  191.1  25.1
061120250427  0.564  6.4  214.9  7.3  0.29  193.8  25.1
061120250428  0.572  6.4  215.4  7.5  0.34  192.6  25.1
061120250429  0.577  6.5  215.9  7.5  0.24  190.0  25.1
061120250430  0.585  6.5  216.1  7.5  0.39  200.5  25.1
061120250431  0.590  6.5  216.2  7.5  0.31  180.0  25.0
061120250432  0.597  6.4  216.1  7.5  0.39  190.6  25.0
061120250433  0.605  6.4  216.5  7.5  0.36  187.5  25.0
061120250434  0.611  6.3  216.4  7.5  0.34  195.9  25.0
061120250435  0.617  6.3  216.3  7.5  0.54  189.6  25.0
061120250436  0.624  6.3  216.2  7.5  0.37  192.7  25.0
061120250437  0.630  6.3  216.6  7.5  0.28  203.4  25.0
061120250438  0.637  6.3  216.4  7.0  0.41  191.6  25.0
061120250439  0.643  6.3  216.3  7.1  0.38  194.1  25.0
061120250440  0.650  6.3  216.4  7.2  0.43  190.3  25.0
061120250441  0.657  6.2  216.3  7.2  0.44  191.0  25.0
061120250442  0.664  6.2  216.2  7.2  0.26  198.6  25.0
061120250443  0.669  6.3  216.0  7.2  0.20  194.5  25.0
061120250444  0.676  6.4  215.7  7.2  0.27  192.5  25.0
061120250445  0.682  6.4  215.0  7.2  0.29  190.4  25.0
061120250446  0.687  6.4  214.4  7.2  0.26  205.7  25.0
061120250447  0.694  6.4  213.8  7.2  0.36  182.5  24.9
061120250448  0.699  6.4  213.1  7.2  0.38  182.9  24.9
061120250449  0.703  6.3  211.9  7.2  0.46  189.0  24.9
061120250450  0.708  6.3  210.8  7.2  0.38  181.5  24.9
061120250451  0.714  6.3  210.4  7.2  0.33  199.8  24.9
061120250452  0.719  6.3  210.1  7.1  0.50  188.2  24.9
061120250453  0.723  6.2  209.8  7.0  0.35  186.5  24.9
061120250454  0.728  6.1  209.9  6.9  0.50  177.3  24.9
061120250455  0.735  6.1  210.4  6.9  0.38  182.6  24.9
061120250456  0.740  6.1  210.5  6.9  0.42  188.4  24.9
061120250457  0.745  6.1  210.7  6.8  0.39  181.1  24.9
061120250458  0.751  6.1  211.2  6.8  0.43  188.5  24.9
061120250459  0.758  6.1  212.4  7.2  0.36  185.9  24.9
061120250500  0.764  6.1  212.9  7.2  0.35  199.9  24.9
061120250501  0.770  6.1  212.6  7.2  0.33  191.3  24.9
061120250502  0.777  6.1  212.6  7.2  0.32  188.3  24.9
061120250503  0.784  6.1  212.8  7.2  0.22  201.9  24.9
061120250504  0.792  6.0  213.0  7.2  0.46  191.4  24.9
061120250505  0.799  6.0  213.4  7.2  0.44  187.2  24.9
061120250506  0.807  6.0  214.2  7.2  0.31  191.4  24.9
061120250507  0.815  5.9  215.4  7.2  0.33  187.0  24.9
061120250508  0.823  5.9  216.3  7.2  0.41  188.4  24.9
061120250509  0.832  5.8  217.0  6.9  0.51  179.3  24.9
061120250510  0.841  5.6  218.6  6.9  0.46  197.3  24.9
061120250511  0.850  5.6  220.9  6.9  0.62  184.1  24.9
061120250512  0.858  5.6  222.9  6.9  0.64  178.6  24.8
061120250513  0.867  5.5  224.5  6.9  0.65  181.9  24.8
061120250514  0.875  5.4  226.3  6.5  0.48  193.0  24.8
061120250515  0.883  5.3  227.2  6.4  0.48  194.7  24.8
061120250516  0.892  5.3  228.2  6.4  0.35  205.0  24.8
061120250517  0.900  5.2  228.7  6.4  0.28  227.3  24.8
061120250518  0.908  5.2  228.4  6.4  0.47  208.7  24.8
061120250519  0.917  5.2  228.3  6.4  0.53  200.9  24.8
061120250520  0.926  5.1  226.4  6.4  0.62  192.0  24.9
061120250521  0.934  5.0  225.3  6.2  0.44  200.6  24.8
061120250522  0.942  5.0  224.1  6.1  0.61  195.1  24.8
061120250523  0.951  5.0  222.1  6.1  0.58  195.4  24.8
061120250524  0.957  5.0  220.7  6.2  0.54  200.7  24.8
061120250525  0.965  5.0  221.0  6.6  0.40  210.7  24.8
061120250526  0.973  5.1  220.5  6.6  0.37  211.8  24.8
061120250527  0.980  5.1  220.0  6.6  0.45  208.3  24.8
061120250528  0.988  5.1  219.9  6.6  0.46  207.4  24.8
061120250529  0.996  5.2  220.1  6.6  0.51  203.8  24.8
061120250530  1.003  5.3  221.9  6.6  0.50  204.6  24.8
061120250531  1.011  5.4  221.8  6.6  0.56  195.8  24.8
061120250532  1.018  5.4  221.7  6.6  0.50  204.1  24.8
061120250533  1.025  5.5  222.7  6.6  0.51  189.8  24.8
061120250534  1.032  5.5  223.2  6.6  0.59  196.8  24.8
061120250535  1.039  5.6  222.7  6.4  0.58  195.6  24.7
061120250536  1.043  5.6  222.5  6.4  0.46  191.9  24.7
061120250537  1.051  5.6  222.4  6.4  0.35  201.0  24.7
061120250538  1.060  5.6  223.0  6.4  0.35  189.1  24.7
061120250539  1.066  5.5  222.0  6.4  0.47  194.3  24.7
061120250540  1.073  5.5  221.3  6.7  0.43  200.6  24.7
061120250541  1.079  5.4  221.1  6.7  0.39  197.7  24.7
061120250542  1.085  5.4  220.7  6.7  0.40  193.4  24.6
061120250543  1.092  5.4  219.5  6.7  0.46  206.5  24.6
061120250544  1.099  5.3  218.1  6.7  0.43  191.5  24.6
061120250545  1.105  5.3  217.5  6.7  0.38  193.8  24.6
061120250546  1.111  5.2  216.5  6.7  0.45  193.5  24.6
061120250547  1.117  5.4  215.4  7.0  0.47  193.6  24.6
061120250548  1.123  5.5  214.3  7.0  0.51  190.2  24.6
061120250549  1.129  5.5  213.7  7.0  0.49  191.8  24.6
061120250550  1.135  5.6  213.1  7.0  0.43  208.6  24.6
061120250551  1.141  5.6  212.5  7.0  0.48  190.2  24.6
061120250552  1.147  5.6  211.8  7.0  0.47  201.3  24.6
061120250553  1.154  5.7  213.1  7.0  0.35  209.7  24.5
061120250554  1.160  5.7  213.6  7.0  0.41  191.6  24.5
061120250555  1.166  5.8  213.3  7.0  0.53  198.4  24.5
061120250556  1.174  5.9  214.1  7.0  0.38  197.0  24.5
061120250557  1.180  5.7  214.7  6.7  0.39  203.6  24.5
061120250558  1.186  5.7  215.3  6.7  0.46  196.3  24.5
061120250559  1.193  5.7  214.8  6.7  0.30  201.4  24.5
061120250600  1.199  5.7  214.0  6.8  0.42  198.7  24.5
061120250601  1.205  5.7  213.8  6.8  0.47  197.2  24.5
061120250602  1.211  5.8  214.2  7.4  0.33  205.7  24.4
061120250603  1.219  5.8  213.3  7.4  0.47  199.3  24.4
061120250604  1.225  5.8  213.1  7.4  0.51  189.1  24.4
061120250605  1.232  5.9  212.5  7.4  0.43  194.4  24.4
061120250606  1.239  5.9  211.5  7.4  0.47  193.1  24.4
061120250607  1.244  6.0  209.7  7.4  0.48  198.3  24.4
061120250608  1.251  6.0  207.6  7.4  0.39  189.4  24.4
061120250609  1.258  6.0  206.4  7.4  0.39  190.3  24.4
061120250610  1.264  5.9  205.3  7.4  0.51  198.6  24.4
061120250611  1.271  5.9  204.0  7.4  0.50  186.5  24.4
061120250612  1.278  5.9  202.2  7.4  0.36  186.2  24.4
061120250613  1.287  5.8  201.3  7.4  0.54  185.7  24.4
061120250614  1.294  5.7  201.2  7.4  0.44  183.9  24.4
061120250615  1.300  5.6  201.7  7.4  0.61  177.9  24.4
061120250616  1.308  5.4  201.9  6.5  0.70  183.3  24.4
061120250617  1.314  5.4  203.2  6.5  0.42  192.7  24.4
061120250618  1.321  5.4  204.3  6.5  0.34  187.4  24.3
061120250619  1.328  5.4  205.9  6.6  0.40  183.1  24.3
061120250620  1.336  5.4  207.5  6.6  0.53  185.4  24.3
061120250621  1.344  5.3  208.5  6.6  0.49  183.0  24.3
061120250622  1.351  5.2  210.6  6.6  0.56  189.4  24.3
061120250623  1.358  5.3  211.3  6.6  0.57  178.8  24.3
061120250624  1.364  5.4  211.6  6.7  0.62  183.0  24.3
061120250625  1.370  5.4  211.1  6.7  0.58  179.0  24.3
061120250626  1.376  5.5  211.5  6.7  0.49  182.9  24.3
061120250627  1.383  5.5  212.1  6.7  0.58  179.1  24.3
061120250628  1.389  5.4  212.9  6.7  0.55  186.0  24.2
061120250629  1.394  5.3  213.0  6.7  0.49  179.6  24.2
061120250630  1.400  5.4  213.1  6.7  0.59  184.7  24.2
061120250631  1.405  5.4  212.8  6.7  0.58  182.9  24.2
061120250632  1.410  5.4  211.8  6.7  0.56  180.6  24.2
061120250633  1.415  5.4  212.2  6.7  0.48  183.9  24.2
061120250634  1.419  5.3  212.2  6.4  0.65  178.6  24.2
061120250635  1.425  5.3  212.3  6.4  0.51  183.3  24.2
061120250636  1.430  5.2  212.2  6.3  0.52  177.6  24.2
061120250637  1.435  5.2  211.8  6.3  0.46  181.3  24.2
061120250638  1.439  5.1  211.0  6.3  0.51  177.9  24.1
061120250639  1.444  5.1  212.1  6.3  0.50  185.8  24.1
061120250640  1.447  5.0  213.1  6.1  0.47  185.3  24.1
061120250641  1.452  5.0  213.8  6.6  0.46  184.0  24.1
061120250642  1.457  5.0  215.5  6.6  0.46  191.5  24.1
061120250643  1.462  5.0  215.0  6.6  0.38  195.2  24.1
061120250644  1.468  5.0  214.4  6.6  0.44  200.6  24.1
061120250645  1.473  4.9  215.0  6.6  0.57  192.9  24.1
061120250646  1.479  4.9  215.0  6.6  0.34  199.1  24.1
061120250647  1.486  5.0  215.0  6.6  0.49  200.0  24.1
061120250648  1.491  5.1  214.6  6.6  0.41  184.3  24.1
061120250649  1.496  5.1  213.5  6.6  0.45  183.8  24.0
061120250650  1.501  5.1  213.1  6.6  0.41  188.9  24.0
061120250651  1.507  5.2  213.4  6.6  0.35  177.5  24.0
061120250652  1.514  5.2  213.4  6.6  0.42  185.7  24.0
061120250653  1.522  5.2  212.0  6.6  0.46  184.7  24.0
061120250654  1.529  5.1  211.9  6.6  0.50  187.1  24.0
061120250655  1.535  5.2  212.7  6.6  0.41  193.0  24.0
061120250656  1.542  5.2  213.1  6.6  0.40  194.1  24.0
061120250657  1.548  5.4  213.3  8.1  0.48  189.5  23.9
061120250658  1.555  5.4  213.0  8.1  0.45  186.5  23.9
061120250659  1.562  5.3  211.1  8.1  0.47  193.6  23.9
061120250700  1.567  5.1  210.9  8.1  0.47  195.9  23.9
061120250701  1.574  5.1  211.0  8.1  0.52  182.5  23.9
061120250702  1.579  5.0  208.7  8.1  0.51  194.9  23.9
061120250703  1.583  5.1  210.1  8.1  0.39  198.0  23.9
061120250704  1.589  5.1  209.3  8.1  0.43  199.7  23.9
061120250705  1.593  5.0  207.4  8.1  0.36  203.8  23.9
061120250706  1.597  5.0  206.8  8.1  0.45  196.0  23.9
061120250707  1.602  4.7  206.8  6.7  0.41  206.1  23.9
061120250708  1.607  4.8  206.9  8.3  0.38  197.0  23.8
061120250709  1.611  5.0  208.0  8.3  0.45  195.5  23.8
061120250710  1.615  5.2  206.6  8.3  0.48  190.7  23.8
061120250711  1.618  5.2  204.5  8.3  0.54  192.7  23.8
061120250712  1.622  5.1  205.7  8.3  0.45  194.9  23.8
061120250713  1.626  5.0  206.3  8.3  0.28  213.0  23.8
061120250714  1.630  5.0  208.3  8.3  0.49  200.2  23.8
061120250715  1.634  5.1  208.9  8.3  0.51  197.0  23.8
061120250716  1.637  5.3  207.1  8.7  0.37  210.1  23.8
061120250717  1.642  5.0  199.8  9.8  0.39  201.1  23.7
061120250718  1.645  4.9  193.7  9.8  0.42  190.8  23.7
061120250719  1.648  4.6  188.6  9.8  0.45  191.0  23.7
061120250720  1.651  4.4  184.4  9.8  0.26  209.5  23.7
061120250721  1.655  4.5  180.9  9.8  0.38  200.1  23.7
061120250722  1.657  4.7  178.0  9.8  0.47  189.5  23.7
061120250723  1.662  4.9  175.7  9.8  0.45  194.7  23.7
061120250724  1.665  5.2  172.7  9.8  0.44  199.5  23.7
061120250725  1.667  5.2  168.1  9.8  0.30  196.6  23.7
061120250726  1.670  5.2  162.8  9.8  0.37  199.4  23.7
061120250727  1.674  5.3  166.3  8.5  0.34  200.2  23.6
061120250728  1.676  4.9  167.4  8.4  0.51  184.1  23.6
061120250729  1.679  4.9  170.0  8.4  0.37  181.0  23.6
061120250730  1.681  5.0  173.9  8.4  0.41  184.6  23.6
061120250731  1.683  5.1  177.6  8.4  0.39  180.0  23.6
061120250732  1.686  4.9  177.8  8.4  0.28  194.0  23.6
061120250733  1.689  4.9  176.2  8.4  0.42  187.6  23.6
061120250734  1.691  4.7  175.3  8.4  0.33  186.6  23.6
061120250735  1.692  4.6  177.2  8.4  0.42  194.2  23.6
061120250736  1.694  4.3  179.2  8.1  0.43  192.3  23.6
061120250737  1.697  3.9  179.0  8.1  0.27  218.8  23.6
061120250738  1.700  3.8  176.6  8.1  0.33  207.7  23.6
061120250739  1.702  3.5  176.4  8.1  0.32  193.1  23.6
061120250740  1.705  3.1  174.2  8.1  0.37  187.9  23.5
061120250741  1.706  2.9  167.8  8.6  0.31  190.0  23.5
061120250742  1.708  2.9  167.2  8.6  0.33  193.4  23.5
061120250743  1.713  2.7  164.1  8.6  0.30  200.4  23.5
061120250744  1.715  2.5  159.5  8.6  0.30  187.0  23.5
061120250745  1.718  2.4  153.5  8.6  0.29  192.7  23.5
061120250746  1.721  2.5  148.3  8.6  0.34  196.2  23.5
061120250747  1.724  2.7  148.9  8.6  0.24  201.7  23.5
061120250748  1.726  2.6  147.9  8.6  0.50  184.6  23.5
061120250749  1.730  2.7  152.2  8.6  0.40  177.4  23.5
061120250750  1.732  2.9  149.5  8.6  0.35  183.6  23.5
061120250751  1.735  2.8  147.4  5.9  0.32  192.1  23.4
061120250752  1.738  2.7  140.5  5.9  0.43  189.7  23.4
061120250753  1.741  2.7  139.2  5.9  0.38  185.9  23.4
061120250754  1.743  2.9  137.6  5.9  0.30  189.3  23.4
061120250755  1.744  2.9  138.5  5.9  0.43  191.0  23.4
061120250756  1.745  2.8  143.3  5.9  0.36  185.7  23.4
061120250757  1.746  2.7  142.9  5.9  0.35  197.7  23.4
061120250758  1.747  2.7  144.2  5.9  0.35  186.8  23.4
061120250759  1.749  2.7  141.1  5.8  0.32  199.5  23.4
061120250800  1.750  2.6  139.2  5.7  0.29  200.4  23.4
061120250801  1.752  2.8  136.3  8.8  0.44  202.0  23.4
061120250802  1.753  3.1  141.6  8.8  0.40  202.1  23.4
061120250803  1.755  3.2  140.0  8.8  0.40  202.9  23.4
061120250804  1.756  3.0  143.0  8.8  0.41  189.5  23.4
061120250805  1.758  3.1  145.1  8.8  0.45  190.0  23.4
061120250806  1.758  3.1  144.0  8.8  0.39  191.7  23.4
061120250807  1.760  3.1  143.1  8.8  0.41  196.6  23.3
061120250808  1.761  3.4  147.3  8.8  0.29  197.0  23.3
061120250809  1.761  3.4  147.8  8.8  0.26  196.0  23.3
061120250810  1.764  3.6  147.4  8.8  0.46  192.2  23.3
061120250811  1.765  3.5  152.5  6.9  0.33  192.0  23.3
061120250812  1.767  3.3  151.7  6.9  0.40  198.9  23.3
061120250813  1.768  3.2  154.6  6.9  0.32  209.0  23.3
061120250814  1.769  3.2  153.7  6.9  0.47  200.0  23.3
061120250815  1.770  3.2  151.5  6.9  0.30  210.9  23.3
061120250816  1.773  3.6  150.6  8.3  0.29  207.5  23.3
061120250817  1.774  3.6  150.7  8.3  0.35  196.4  23.3
061120250818  1.774  3.4  147.0  8.3  0.23  199.7  23.3
061120250819  1.775  3.5  141.2  8.3  0.27  194.5  23.3
061120250820  1.777  3.5  140.4  8.3  0.37  195.4  23.2
061120250821  1.777  3.4  134.5  8.3  0.37  191.8  23.2
061120250822  1.779  3.6  131.8  8.3  0.26  192.2  23.2
061120250823  1.780  3.9  131.5  8.3  0.41  182.9  23.2
061120250824  1.780  4.1  135.4  8.3  0.33  197.1  23.2
061120250825  1.781  4.3  136.5  8.3  0.30  206.8  23.2
061120250826  1.782  4.2  138.1  7.9  0.15  214.9  23.2
061120250827  1.782  4.4  140.3  10.2  0.14  228.7  23.2
061120250828  1.785  4.7  141.8  10.2  0.32  201.5  23.2
061120250829  1.786  4.9  145.9  10.2  0.41  197.7  23.2
061120250830  1.786  5.0  148.2  10.2  0.41  200.1  23.2
061120250831  1.787  5.2  152.1  10.2  0.34  196.6  23.2
061120250832  1.787  4.9  155.3  10.2  0.31  202.4  23.2
061120250833  1.787  4.7  155.1  10.2  0.34  195.5  23.2
061120250834  1.787  4.4  152.5  10.2  0.23  194.8  23.2
061120250835  1.789  4.4  154.6  10.2  0.49  186.3  23.2
061120250836  1.790  4.3  154.0  10.2  0.22  217.9  23.2
061120250837  1.790  4.1  152.6  9.6  0.24  228.1  23.2
061120250838  1.791  3.9  151.8  9.6  0.28  223.1  23.2
061120250839  1.791  3.8  152.4  9.6  0.35  199.0  23.2
061120250840  1.791  4.0  153.6  9.6  0.32  218.3  23.1
061120250841  1.791  3.9  153.1  9.6  0.30  209.5  23.1
061120250842  1.790  4.1  153.9  9.6  0.26  210.8  23.1
061120250843  1.790  4.2  155.5  9.6  0.29  214.5  23.1
061120250844  1.788  4.4  158.7  9.6  0.27  207.8  23.1
061120250845  1.787  4.2  159.9  9.6  0.26  217.0  23.1
061120250846  1.785  4.3  160.1  9.6  0.36  199.8  23.1
061120250847  1.783  4.1  159.9  8.4  0.35  204.6  23.1
061120250848  1.782  4.2  161.2  8.4  0.33  207.4  23.1
061120250849  1.780  3.9  160.9  8.4  0.23  206.9  23.1
061120250850  1.776  3.8  159.8  8.4  0.22  208.1  23.1
061120250851  1.775  3.7  159.3  8.4  0.30  203.9  23.1
061120250852  1.773  3.7  153.6  8.4  0.22  211.5  23.1
061120250853  1.771  3.8  149.6  8.4  0.27  224.0  23.1
061120250854  1.767  3.6  141.4  7.2  0.29  201.4  23.1
061120250855  1.766  3.7  131.8  7.3  0.27  227.5  23.1
061120250856  1.762  3.6  126.5  7.3  0.28  223.0  23.1
061120250857  1.760  3.7  123.6  7.3  0.32  219.1  23.1
061120250858  1.758  3.9  118.5  7.3  0.26  218.5  23.1
061120250859  1.755  4.1  115.7  7.3  0.18  194.4  23.1
061120250900  1.751  4.3  111.4  7.5  0.24  220.1  23.1
061120250901  1.748  4.7  107.1  8.3  0.15  206.1  23.1
061120250902  1.746  4.8  107.7  8.3  0.24  196.5  23.1
061120250903  1.743  4.8  107.6  8.3  0.18  214.9  23.0
061120250904  1.740  5.0  106.7  9.1  0.21  219.0  23.0
061120250905  1.737  4.9  107.1  9.1  0.17  236.8  23.0
061120250906  1.734  5.1  107.5  9.1  0.16  251.9  23.0
061120250907  1.731  5.2  111.1  9.1  0.12  225.0  23.0
061120250908  1.728  5.1  112.0  9.1  0.16  232.5  23.0
061120250909  1.725  4.9  111.0  9.1  0.25  222.1  23.0
061120250910  1.722  5.0  111.1  9.1  0.16  216.0  23.0
061120250911  1.718  4.9  116.5  9.1  0.16  194.1  23.0
061120250912  1.714  4.8  117.9  9.1  0.11  199.0  23.0
061120250913  1.710  4.7  119.5  9.1  0.29  193.8  23.0
061120250914  1.707  4.5  121.9  9.0  0.20  198.9  23.0
061120250915  1.701  4.4  122.7  9.0  0.18  212.9  23.0
061120250916  1.697  4.0  123.5  9.0  0.25  197.2  23.0
061120250917  1.693  3.7  124.2  9.0  0.17  183.5  23.0
061120250918  1.689  3.9  127.3  9.0  0.25  198.4  23.0
061120250919  1.685  4.1  131.5  9.0  0.04  158.6  23.0
061120250920  1.682  3.9  133.4  9.0  0.20  202.2  23.0
061120250921  1.679  3.5  130.0  8.0  0.19  184.2  23.0
061120250922  1.675  3.5  124.9  8.0  0.08  151.5  22.9
061120250923  1.672  3.5  120.1  8.0  0.09  181.0  22.9
061120250924  1.668  3.6  123.5  8.0  0.16  195.4  22.9
061120250925  1.665  3.8  124.0  8.0  0.17  167.5  22.9
061120250926  1.662  4.0  123.3  8.0  0.17  187.3  22.9
061120250927  1.659  4.0  120.4  8.0  0.18  167.9  22.9
061120250928  1.655  3.7  121.3  7.8  0.17  184.9  22.9
061120250929  1.652  3.6  117.2  7.8  0.13  174.9  22.9
061120250930  1.647  3.7  121.9  7.8  0.26  167.6  22.9
061120250931  1.644  3.9  124.2  7.8  0.17  153.3  22.9
061120250932  1.641  3.7  125.6  7.8  0.13  165.0  22.9
061120250933  1.638  3.8  130.6  7.8  0.15  177.2  22.9
061120250934  1.633  3.7  126.4  7.8  0.14  156.7  22.9
061120250935  1.630  3.6  128.2  7.8  0.17  174.4  22.9
061120250936  1.627  3.6  130.1  7.8  0.16  148.0  22.8
061120250937  1.623  4.0  134.2  10.2  0.21  170.9  22.8
061120250938  1.620  4.2  130.7  10.2  0.08  115.0  22.8
061120250939  1.616  4.2  129.6  10.2  0.05  185.2  22.8
061120250940  1.611  4.0  127.0  10.2  0.15  169.4  22.8
061120250941  1.606  3.9  128.1  10.2  0.05  88.2  22.8
061120250942  1.603  4.1  132.4  10.2  0.16  140.0  22.8
061120250943  1.597  4.1  133.2  10.2  0.14  182.9  22.8
061120250944  1.593  4.3  136.3  10.2  0.03  173.6  22.8
061120250945  1.588  4.3  131.8  10.2  0.10  179.3  22.8
061120250946  1.584  4.4  128.5  10.2  0.09  122.5  22.8
061120250947  1.579  4.0  122.6  8.7  0.11  100.0  22.8
061120250948  1.575  4.0  118.9  8.7  0.07  124.6  22.8
061120250949  1.570  4.1  120.2  8.7  0.06  119.0  22.8
061120250950  1.564  4.1  120.6  8.7  0.05  72.4  22.8
061120250951  1.559  4.3  116.8  8.7  0.13  138.9  22.8
061120250952  1.555  4.6  112.2  8.7  0.05  141.6  22.8
061120250953  1.551  4.5  106.8  8.0  0.08  195.4  22.8
061120250954  1.548  4.5  105.5  8.0  0.09  164.0  22.8
061120250955  1.544  4.5  106.5  7.8  0.06  272.6  22.8
061120250956  1.540  4.6  106.5  8.1  0.05  185.2  22.8
061120250957  1.537  4.7  109.6  8.1  0.07  193.4  22.8
061120250958  1.533  4.7  110.3  8.1  0.13  171.6  22.8
061120250959  1.529  4.8  110.4  8.1  0.15  158.9  22.8
061120251000  1.525  5.0  109.2  8.1  nan  nan  nan
061120251001  1.524  5.1  109.6  8.8  0.12  143.0  22.8
061120251002  1.521  4.9  111.9  8.8  0.06  345.1  22.8
061120251003  1.517  5.0  113.9  8.8  0.09  183.8  22.8
061120251004  1.515  5.0  113.0  8.8  0.02  159.0  22.8
061120251005  1.511  4.8  112.7  8.8  0.11  159.4  22.8
061120251006  1.508  4.5  115.7  8.8  0.11  98.0  22.8
061120251007  1.505  4.1  114.2  8.8  0.11  127.0  22.8
061120251008  1.502  4.0  115.2  8.8  0.04  80.7  22.8
061120251009  1.497  4.1  113.2  8.8  0.03  113.0  22.8
061120251010  1.491  4.0  112.0  8.8  0.09  67.7  22.8
061120251011  1.487  4.0  110.2  9.5  0.04  106.3  22.8
061120251012  1.482  4.3  107.9  9.5  0.13  71.2  22.8
061120251013  1.477  4.6  107.9  9.5  0.04  49.5  22.8
061120251014  1.470  4.7  106.6  9.5  0.16  52.5  22.8
061120251015  1.464  4.5  110.0  9.5  0.03  114.9  22.8
061120251016  1.458  4.5  108.3  9.5  0.16  57.5  22.7
061120251017  1.452  4.9  106.0  9.5  0.13  55.6  22.7
061120251018  1.445  5.0  107.1  9.5  0.09  71.3  22.7
061120251019  1.439  4.9  107.2  9.5  0.07  69.0  22.7
061120251020  1.431  4.9  107.3  9.5  0.21  33.2  22.7
061120251021  1.425  4.6  107.2  9.1  0.04  94.6  22.7
061120251022  1.419  4.4  110.0  8.8  0.15  32.3  22.7
061120251023  1.412  4.5  108.8  9.1  0.18  54.1  22.7
061120251024  1.405  4.4  108.8  9.1  0.15  44.1  22.7
061120251025  1.399  4.6  108.5  9.1  0.08  41.7  22.7
061120251026  1.392  4.6  107.9  9.1  0.15  35.9  22.7
061120251027  1.386  4.5  112.4  9.1  0.09  51.3  22.7
061120251028  1.380  4.2  111.7  9.1  0.15  35.2  22.7
061120251029  1.373  4.2  110.5  9.1  0.09  50.0  22.7
061120251030  1.366  4.4  110.6  9.2  0.14  32.2  22.7
061120251031  1.359  4.5  112.5  9.2  0.16  10.0  22.7
061120251032  1.353  4.5  109.5  9.2  0.14  31.2  22.7
061120251033  1.346  4.2  111.8  9.2  0.21  58.0  22.7
061120251034  1.340  3.9  113.1  9.2  0.26  37.7  22.7
061120251035  1.334  3.9  113.6  9.2  0.11  45.7  22.6
061120251036  1.328  4.2  113.9  9.2  0.20  39.6  22.6
061120251037  1.321  4.6  110.8  9.6  0.24  27.5  22.6
061120251038  1.316  5.0  111.4  11.7  0.16  18.2  22.6
061120251039  1.308  5.1  114.2  11.7  0.18  29.8  22.6
061120251040  1.301  5.2  114.5  11.7  0.26  10.0  22.6
061120251041  1.293  5.6  115.2  11.8  0.18  8.2  22.6
061120251042  1.286  5.9  116.2  11.8  0.23  18.2  22.6
061120251043  1.280  6.3  114.8  11.8  0.22  31.3  22.6
061120251044  1.272  6.8  114.6  11.8  0.32  33.6  22.6
061120251045  1.265  7.0  113.6  11.8  0.24  14.3  22.7
061120251046  1.259  6.9  115.2  11.8  0.26  6.9  22.7
061120251047  1.252  6.7  115.2  11.8  0.46  19.7  22.8
061120251048  1.246  6.9  114.7  11.8  0.29  31.1  22.8
061120251049  1.239  7.0  113.3  11.8  0.35  36.4  22.8
061120251050  1.231  7.0  113.3  11.8  0.30  37.6  22.9
061120251051  1.226  7.1  112.2  10.9  0.31  36.7  22.9
061120251052  1.220  7.1  112.7  10.9  0.34  24.0  22.9
061120251053  1.214  7.0  113.6  10.6  0.57  24.3  22.9
061120251054  1.207  6.9  113.7  10.6  0.38  41.0  22.9
061120251055  1.202  6.8  112.8  10.6  0.37  31.0  22.9
061120251056  1.196  6.7  110.3  10.6  0.33  27.1  22.9
061120251057  1.191  6.9  111.1  10.6  0.37  28.4  22.9
061120251058  1.185  6.6  110.3  10.6  0.40  32.4  22.9
061120251059  1.178  6.6  111.9  10.6  0.34  30.5  22.9
061120251100  1.172  6.4  112.3  10.6  0.37  33.4  22.9
061120251101  1.166  5.9  111.9  10.6  0.32  32.5  22.9
061120251102  1.160  5.5  113.3  10.6  0.37  38.2  22.9
061120251103  1.154  5.1  110.3  10.0  0.43  43.8  22.9
061120251104  1.148  5.1  108.5  10.0  0.41  54.0  22.9
061120251105  1.143  5.1  109.1  10.0  0.48  46.7  22.9
061120251106  1.137  5.3  111.1  10.0  0.47  56.2  22.9
061120251107  1.131  5.2  111.2  10.0  0.57  50.5  22.9
061120251108  1.125  5.1  111.6  10.0  0.57  46.3  23.0
061120251109  1.118  4.8  113.0  9.1  0.55  57.4  23.0
061120251110  1.111  4.8  112.0  9.1  0.53  52.6  23.0
061120251111  1.105  5.1  112.6  10.1  0.55  44.5  23.1
061120251112  1.099  5.5  109.9  10.1  0.50  39.3  23.1
061120251113  1.093  5.5  111.4  10.1  0.55  41.3  23.1
061120251114  1.087  5.4  112.5  10.1  0.63  31.5  23.1
061120251115  1.080  5.1  111.4  10.1  0.49  39.7  23.2
061120251116  1.075  5.1  111.4  10.1  0.46  59.8  23.2
061120251117  1.069  5.1  110.8  10.1  0.63  39.3  23.2
061120251118  1.064  5.1  110.8  10.1  0.47  53.8  23.2
061120251119  1.057  5.4  107.9  10.1  0.51  51.1  23.2
061120251120  1.052  5.5  108.5  10.1  0.52  53.8  23.2
061120251121  1.047  5.2  108.2  9.6  0.53  48.2  23.2
061120251122  1.042  5.3  108.3  9.6  0.53  42.4  23.2
061120251123  1.038  5.4  110.5  9.6  0.50  40.3  23.2
061120251124  1.033  5.4  110.0  9.6  0.65  45.8  23.2
061120251125  1.027  5.7  110.1  9.6  0.56  54.3  23.2
061120251126  1.022  5.5  110.5  9.6  0.61  45.8  23.2
061120251127  1.017  5.2  111.4  9.6  0.52  46.3  23.2
061120251128  1.013  5.1  112.5  9.6  0.62  42.9  23.2
061120251129  1.009  4.8  114.4  9.6  0.61  39.0  23.2
061120251130  1.005  4.7  114.3  9.1  0.68  37.6  23.2
061120251131  1.000  4.7  113.7  9.1  0.70  41.7  23.3
061120251132  0.995  4.4  113.9  9.1  0.57  40.3  23.3
061120251133  0.991  4.4  112.0  9.1  0.66  33.9  23.3
061120251134  0.985  4.7  111.8  13.1  0.51  52.7  23.3
061120251135  0.978  4.9  114.9  13.1  0.66  39.8  23.3
061120251136  0.973  5.3  115.1  13.1  0.60  48.5  23.3
061120251137  0.966  5.4  114.3  13.1  0.78  39.7  23.3
061120251138  0.962  5.5  113.7  13.1  0.65  44.7  23.4
061120251139  0.955  5.8  113.5  13.1  0.66  66.6  23.4
061120251140  0.950  6.0  114.8  13.1  0.55  70.4  23.4
061120251141  0.944  6.1  115.5  13.1  0.70  48.5  23.4
061120251142  0.938  6.0  115.6  13.1  0.64  42.5  23.4
061120251143  0.932  6.0  116.2  13.1  0.55  60.1  23.4
061120251144  0.925  5.8  116.5  12.9  0.66  49.3  23.4
061120251145  0.919  5.8  115.5  12.9  0.72  42.0  23.5
061120251146  0.910  6.0  115.1  12.9  0.66  48.5  23.5
061120251147  0.904  6.4  117.6  12.9  0.63  48.7  23.5
061120251148  0.898  6.6  117.5  12.9  0.60  46.8  23.5
061120251149  0.891  6.2  116.4  12.9  0.68  44.2  23.5
061120251150  0.885  6.2  115.4  10.9  0.42  70.9  23.5
061120251151  0.880  6.5  114.9  10.9  0.54  48.5  23.6
061120251152  0.874  6.5  116.3  10.9  0.62  46.7  23.6
061120251153  0.867  6.5  116.2  10.9  0.54  45.1  23.6
061120251154  0.862  6.8  116.5  10.9  0.57  49.9  23.6
061120251155  0.855  6.8  115.7  10.9  0.57  48.1  23.6
061120251156  0.849  6.6  115.0  10.9  0.64  44.8  23.6
061120251157  0.844  6.2  113.7  10.9  0.58  46.8  23.7
061120251158  0.838  5.9  114.0  10.9  0.53  54.7  23.7
061120251159  0.830  5.8  114.4  10.9  0.53  56.5  23.7
061120251200  0.824  5.5  114.3  10.6  0.58  47.5  23.7
061120251201  0.817  5.2  114.1  10.6  0.65  49.7  23.8
061120251202  0.810  5.2  110.4  10.6  0.65  48.8  23.8
061120251203  0.803  5.3  109.9  10.6  0.61  52.4  23.8
061120251204  0.796  4.9  108.4  9.6  0.57  49.9  23.8
061120251205  0.788  5.0  107.7  9.6  0.67  38.1  23.8
061120251206  0.783  4.9  106.2  9.6  0.57  46.2  23.8
061120251207  0.776  5.0  104.2  9.6  0.75  40.5  23.8
061120251208  0.770  5.0  103.3  9.6  0.62  57.5  23.8
061120251209  0.763  5.4  104.9  9.6  0.70  37.7  23.8
061120251210  0.754  5.5  104.5  9.6  0.59  56.7  23.8
061120251211  0.749  5.7  105.1  9.6  0.58  58.0  23.8
061120251212  0.741  5.8  105.2  9.6  0.67  45.2  23.8
061120251213  0.735  5.6  103.9  9.6  0.63  61.3  23.9
061120251214  0.727  5.8  106.4  9.7  0.64  56.4  23.9
061120251215  0.719  5.9  108.0  9.9  0.70  50.7  23.9
061120251216  0.711  5.9  110.7  9.9  0.67  56.9  23.9
061120251217  0.705  6.2  112.7  10.8  0.70  46.8  23.9
061120251218  0.697  6.1  112.6  10.8  0.70  44.6  23.9
061120251219  0.689  5.9  112.1  10.8  0.51  72.6  23.9
061120251220  0.682  5.9  112.9  10.8  0.62  60.3  23.9
061120251221  0.674  5.9  113.7  10.8  0.60  59.1  24.0
061120251222  0.666  5.9  115.2  10.8  0.63  40.8  24.0
061120251223  0.659  5.8  114.6  10.8  0.66  49.4  24.0
061120251224  0.651  5.4  111.5  10.8  0.54  67.4  24.0
061120251225  0.644  4.9  108.6  10.8  0.62  50.3  24.0
061120251226  0.638  4.8  104.5  10.8  0.59  58.7  24.0
061120251227  0.631  4.4  99.2  10.5  0.54  58.2  24.0
061120251228  0.625  4.4  96.1  10.5  0.60  50.3  24.0
061120251229  0.620  4.4  92.1  10.5  0.55  58.9  24.0
061120251230  0.612  4.2  88.0  9.1  0.71  43.4  24.0
061120251231  0.605  4.1  86.9  9.1  0.71  40.6  24.0
061120251232  0.597  4.3  88.5  9.6  0.60  56.8  24.0
061120251233  0.590  4.5  92.0  9.6  0.65  40.9  24.0
061120251234  0.584  4.7  97.3  10.1  0.59  42.7  24.0
061120251235  0.577  4.9  99.0  10.1  0.56  50.1  24.0
061120251236  0.570  5.3  101.5  10.1  0.65  37.7  24.1
061120251237  0.562  5.7  104.2  10.1  0.56  56.7  24.1
061120251238  0.556  5.8  107.0  10.1  0.73  36.8  24.1
061120251239  0.550  5.8  107.6  10.1  0.60  45.4  24.1
061120251240  0.542  5.9  109.2  10.1  0.64  51.0  24.1
061120251241  0.536  6.0  108.3  10.1  0.62  51.5  24.1
061120251242  0.530  5.8  109.0  10.1  0.71  39.5  24.1
061120251243  0.523  5.3  108.0  10.1  0.68  50.0  24.1
061120251244  0.517  4.7  104.8  9.5  0.67  47.9  24.1
061120251245  0.511  4.3  101.9  9.5  0.68  51.0  24.1
061120251246  0.506  4.0  97.3  9.5  0.60  55.0  24.1
061120251247  0.500  3.7  97.8  9.0  0.54  66.8  24.1
061120251248  0.494  3.7  99.0  9.0  0.64  47.5  24.2
061120251249  0.488  4.0  103.6  9.0  0.57  51.4  24.2
061120251250  0.483  3.7  101.9  9.0  0.65  42.0  24.2
061120251251  0.476  3.4  98.2  9.0  0.52  48.8  24.2
061120251252  0.470  3.2  94.6  8.5  0.61  54.0  24.2
061120251253  0.463  3.3  92.8  8.5  0.58  53.6  24.2
061120251254  0.458  3.6  92.5  8.5  0.65  50.0  24.2
061120251255  0.451  3.6  94.0  8.5  0.72  41.4  24.2
061120251256  0.445  3.5  96.2  8.2  0.66  42.3  24.2
061120251257  0.439  3.6  89.0  8.2  0.73  41.1  24.3
061120251258  0.433  3.6  80.5  8.0  0.57  51.6  24.3
061120251259  0.428  3.4  70.5  6.4  0.66  44.6  24.3
061120251300  0.421  3.6  71.2  6.8  0.59  47.4  24.3
061120251301  0.416  3.6  71.5  6.8  0.71  37.8  24.3
061120251302  0.411  3.6  70.4  6.8  0.64  39.2  24.3
061120251303  0.407  3.5  71.3  6.8  0.69  43.5  24.3
061120251304  0.402  3.5  75.2  11.4  0.58  57.4  24.4
061120251305  0.398  3.7  80.2  11.4  0.69  51.0  24.4
061120251306  0.393  3.7  79.8  11.4  0.57  59.5  24.4
061120251307  0.389  3.5  82.0  11.4  0.66  45.7  24.4
061120251308  0.384  3.6  85.5  11.4  0.69  52.8  24.4
061120251309  0.379  3.5  87.0  11.4  0.66  48.4  24.4
061120251310  0.376  3.7  85.0  11.4  0.62  51.0  24.4
061120251311  0.370  4.0  92.2  11.4  0.58  48.7  24.4
061120251312  0.366  4.2  95.0  11.4  0.59  43.0  24.4
061120251313  0.362  4.3  97.1  11.4  0.60  44.4  24.4
061120251314  0.358  4.2  97.9  9.6  0.51  71.4  24.4
061120251315  0.354  3.9  95.0  9.6  0.54  56.2  24.4
061120251316  0.349  4.0  95.6  9.6  0.60  47.9  24.5
061120251317  0.345  4.0  94.7  9.6  0.63  46.6  24.5
061120251318  0.341  3.7  104.1  9.6  0.64  54.6  24.5
061120251319  0.336  4.1  107.4  9.6  0.65  46.5  24.5
061120251320  0.331  4.1  110.3  9.6  0.44  56.1  24.5
061120251321  0.326  3.7  108.4  9.6  0.68  43.1  24.5
061120251322  0.321  3.5  109.3  9.0  0.68  40.0  24.5
061120251323  0.317  3.6  108.9  9.0  0.52  55.3  24.5
061120251324  0.312  3.7  107.4  9.0  0.63  43.9  24.5
061120251325  0.308  3.8  109.0  9.0  0.59  44.6  24.6
061120251326  0.303  4.0  108.9  9.0  0.64  43.5  24.6
061120251327  0.298  4.1  107.9  9.0  0.65  38.1  24.6
061120251328  0.292  4.2  99.6  9.0  0.66  39.3  24.6
061120251329  0.289  4.0  96.6  8.6  0.58  54.7  24.6
061120251330  0.285  3.9  97.0  8.6  0.53  47.9  24.6
061120251331  0.281  3.8  92.3  8.6  0.53  58.0  24.6
061120251332  0.277  4.2  89.1  8.9  0.55  45.7  24.6
061120251333  0.272  4.3  88.8  10.9  0.66  42.7  24.6
061120251334  0.269  4.3  86.6  10.9  0.59  42.4  24.6
061120251335  0.263  4.7  88.7  10.9  0.59  39.3  24.6
061120251336  0.259  4.9  91.6  10.9  0.70  43.8  24.6
061120251337  0.254  5.1  95.2  10.9  0.58  50.3  24.6
061120251338  0.249  5.6  98.3  10.9  0.46  56.0  24.6
061120251339  0.245  5.9  101.6  10.9  0.62  41.0  24.6
061120251340  0.240  6.0  102.1  10.9  0.52  50.8  24.6
061120251341  0.236  6.4  105.9  10.9  0.59  55.8  24.7
061120251342  0.231  6.4  107.5  10.9  0.51  58.9  24.7
061120251343  0.226  6.1  105.6  10.8  0.61  49.8  24.7
061120251344  0.221  5.9  106.3  10.8  0.59  49.7  24.7
061120251345  0.216  5.7  105.3  10.8  0.56  50.1  24.7
061120251346  0.210  5.5  104.1  10.8  0.63  45.3  24.7
061120251347  0.205  5.1  104.0  9.0  0.63  39.7  24.7
061120251348  0.199  4.8  101.5  8.6  0.64  43.5  24.7
061120251349  0.195  4.7  99.4  8.6  0.49  66.2  24.7
061120251350  0.188  4.6  98.5  8.6  0.50  49.9  24.7
061120251351  0.184  4.5  96.2  8.5  0.60  48.9  24.7
061120251352  0.180  4.6  96.0  12.7  0.56  57.8  24.8
061120251353  0.175  4.7  99.6  12.7  0.70  41.6  24.8
061120251354  0.170  4.8  99.1  12.7  0.59  50.0  24.8
061120251355  0.167  4.9  100.9  12.7  0.72  39.7  24.8
061120251356  0.160  4.8  100.7  12.7  0.57  47.6  24.8
061120251357  0.156  4.9  100.3  12.7  0.56  49.0  24.8
061120251358  0.153  4.8  102.8  12.7  0.58  43.1  24.8
061120251359  0.147  4.7  105.5  12.7  0.61  41.2  24.8
061120251400  0.144  4.6  105.7  12.7  0.60  50.9  24.8
061120251401  0.139  4.6  106.0  12.7  0.60  39.6  24.8
061120251402  0.134  4.7  108.6  10.2  0.56  55.3  24.8
061120251403  0.131  5.0  108.6  10.2  0.68  47.1  24.8
061120251404  0.127  5.3  110.8  10.8  0.66  45.6  24.9
061120251405  0.123  5.2  111.9  10.8  0.58  59.7  24.9
061120251406  0.120  5.2  112.1  10.8  0.58  50.2  24.9
061120251407  0.115  5.2  109.7  10.8  0.59  57.7  24.9
061120251408  0.111  5.5  109.0  10.8  0.55  53.3  24.9
061120251409  0.106  5.7  108.6  10.8  0.60  50.2  24.9
061120251410  0.103  5.8  108.8  10.8  0.52  71.4  24.9
061120251411  0.099  5.7  110.4  10.8  0.74  32.2  24.9
061120251412  0.094  5.4  107.2  10.8  0.55  50.6  24.9
061120251413  0.091  4.8  108.3  10.8  0.53  67.5  24.9
061120251414  0.086  4.6  111.7  9.7  0.55  61.8  24.9
061120251415  0.081  4.5  109.6  9.7  0.60  64.2  25.0
061120251416  0.078  4.5  109.1  9.3  0.59  61.9  25.0
061120251417  0.074  4.8  111.4  9.3  0.65  48.6  25.0
061120251418  0.070  4.9  111.0  11.1  0.62  55.3  25.0
061120251419  0.066  5.0  109.7  11.1  0.61  48.0  25.0
061120251420  0.063  5.1  110.0  11.1  0.54  64.9  25.0
061120251421  0.059  4.9  108.6  11.1  0.66  52.2  25.0
061120251422  0.054  5.0  110.3  11.1  0.55  53.1  25.0
061120251423  0.050  5.4  108.7  11.1  0.61  49.0  25.1
061120251424  0.046  5.4  105.2  11.1  0.64  51.2  25.1
061120251425  0.044  5.7  108.2  11.1  0.58  48.2  25.1
061120251426  0.042  5.7  109.4  11.1  0.64  55.1  25.1
061120251427  0.040  5.5  110.7  11.1  0.58  64.6  25.1
061120251428  0.037  5.5  109.7  9.6  0.54  70.8  25.1
061120251429  0.037  5.1  109.5  9.3  0.56  59.2  25.1
061120251430  0.036  5.0  111.3  9.3  0.51  58.9  25.1
061120251431  0.034  5.3  114.4  9.3  0.59  53.0  25.1
061120251432  0.033  5.0  116.2  9.2  0.56  57.2  25.1
061120251433  0.031  4.6  117.3  9.2  0.58  69.5  25.1
061120251434  0.029  4.4  117.4  9.2  0.53  52.0  25.1
061120251435  0.029  4.0  110.8  8.9  0.61  58.3  25.2
061120251436  0.029  3.7  108.9  8.9  0.51  61.2  25.2
061120251437  0.029  3.6  105.8  8.9  0.45  64.3  25.2
061120251438  0.028  3.4  103.5  6.7  0.50  49.8  25.2
061120251439  0.028  3.3  97.8  6.9  0.49  63.8  25.2
061120251440  0.028  3.4  92.3  7.7  0.49  61.8  25.2
061120251441  0.028  3.4  85.4  7.7  0.57  55.0  25.2
061120251442  0.028  3.6  82.2  7.7  0.56  84.8  25.2
061120251443  0.027  3.9  85.0  8.5  0.53  64.8  25.2
061120251444  0.026  4.2  87.1  11.5  0.56  54.3  25.2
061120251445  0.026  4.2  91.0  11.5  0.47  65.4  25.3
061120251446  0.025  4.1  90.9  11.5  0.52  50.4  25.3
061120251447  0.025  4.0  92.9  11.5  0.57  57.5  25.3
061120251448  0.026  3.9  98.4  11.5  0.53  54.9  25.3
061120251449  0.025  3.9  100.7  11.5  0.51  50.9  25.3
061120251450  0.026  4.0  105.7  11.5  0.51  61.6  25.3
061120251451  0.025  4.3  108.3  11.5  0.51  51.3  25.3
061120251452  0.025  4.3  110.4  11.5  0.47  58.2  25.3
061120251453  0.025  4.2  108.5  11.5  0.49  34.9  25.3
061120251454  0.025  4.5  108.0  12.7  0.55  45.6  25.4
061120251455  0.026  4.8  109.3  12.7  0.45  64.0  25.4
061120251456  0.026  5.2  110.7  12.7  0.52  48.7  25.4
061120251457  0.027  5.4  112.2  12.7  0.50  53.9  25.4
061120251458  0.027  5.5  109.6  12.7  0.44  63.6  25.4
061120251459  0.027  5.5  113.9  12.7  0.52  53.6  25.4
061120251500  0.028  5.5  113.7  12.7  0.41  59.0  25.4
061120251501  0.028  5.4  113.8  12.7  0.50  50.3  25.4
061120251502  0.027  5.4  116.3  12.7  0.47  50.2  25.4
061120251503  0.028  5.3  119.5  12.7  0.48  47.7  25.4
061120251504  0.028  4.8  122.6  12.2  0.50  58.5  25.4
061120251505  0.028  4.5  122.2  10.4  0.43  78.0  25.4
061120251506  0.028  4.5  124.2  10.4  0.47  62.9  25.5
061120251507  0.028  4.4  122.6  10.4  0.38  76.2  25.5
061120251508  0.029  4.6  122.0  10.4  0.42  54.1  25.5
061120251509  0.029  4.7  119.3  10.4  0.42  66.0  25.5
061120251510  0.030  4.5  118.0  10.4  0.43  60.6  25.5
061120251511  0.030  4.2  120.4  10.4  0.41  72.5  25.5
061120251512  0.031  4.1  115.5  10.4  0.41  68.0  25.5
061120251513  0.031  4.3  113.8  9.9  0.39  70.0  25.5
061120251514  0.031  4.2  108.7  8.5  0.45  51.0  25.5
061120251515  0.031  4.2  106.8  8.5  0.48  66.6  25.6
061120251516  0.031  4.1  102.9  8.5  0.46  52.1  25.6
061120251517  0.032  3.8  100.7  8.5  0.38  76.7  25.6
061120251518  0.033  3.8  100.4  8.7  0.40  58.8  25.6
061120251519  0.034  3.7  99.7  8.7  0.52  51.3  25.6
061120251520  0.034  4.0  101.6  8.7  0.46  56.0  25.6
061120251521  0.035  4.2  99.3  8.7  0.33  75.3  25.6
061120251522  0.036  4.5  100.9  8.7  0.44  58.9  25.6
061120251523  0.037  4.5  98.7  8.9  0.40  61.6  25.6
061120251524  0.036  4.7  100.0  9.3  0.41  61.6  25.6
061120251525  0.036  4.8  101.8  9.3  0.32  66.9  25.6
061120251526  0.035  4.9  103.0  9.3  0.41  53.5  25.6
061120251527  0.035  5.0  102.6  9.3  0.32  60.2  25.6
061120251528  0.035  4.8  105.3  9.3  0.44  59.7  25.6
061120251529  0.036  4.7  106.7  9.3  0.36  59.1  25.7
061120251530  0.036  4.5  106.7  9.3  0.54  34.5  25.7
061120251531  0.036  4.2  109.7  9.3  0.28  63.3  25.7
061120251532  0.035  4.1  108.9  9.3  0.44  47.1  25.7
061120251533  0.035  4.0  110.9  9.3  0.33  58.3  25.7
061120251534  0.035  3.8  116.4  7.2  0.39  62.8  25.7
061120251535  0.035  3.8  115.9  7.2  0.27  66.7  25.7
061120251536  0.035  3.7  119.3  7.1  0.36  58.2  25.7
061120251537  0.036  3.7  126.3  7.6  0.30  68.8  25.7
061120251538  0.036  4.0  129.7  8.7  0.36  64.1  25.7
061120251539  0.037  4.2  131.1  8.7  0.42  58.7  25.7
061120251540  0.036  4.2  130.0  8.7  0.36  66.7  25.7
061120251541  0.036  4.3  125.9  8.7  0.40  72.1  25.7
061120251542  0.036  4.6  126.5  8.7  0.29  65.3  25.8
061120251543  0.037  4.6  125.0  8.7  0.31  70.2  25.8
061120251544  0.038  4.7  122.7  8.7  0.38  57.7  25.8
061120251545  0.038  4.8  123.6  8.7  0.45  46.5  25.8
061120251546  0.039  4.9  125.0  8.7  0.38  55.4  25.8
061120251547  0.041  5.0  124.5  8.7  0.32  48.4  25.8
061120251548  0.042  4.8  123.5  8.5  0.32  85.9  25.8
061120251549  0.046  4.7  122.3  8.5  0.30  71.9  25.8
061120251550  0.048  4.8  122.0  8.5  0.39  43.6  25.8
061120251551  0.051  4.8  128.5  8.7  0.27  53.5  25.8
061120251552  0.055  4.7  133.1  8.7  0.40  46.8  25.8
061120251553  0.058  4.6  135.0  8.7  0.43  42.5  25.8
061120251554  0.061  4.8  135.9  8.7  0.32  36.3  25.8
061120251555  0.066  4.6  136.6  8.7  0.22  39.6  25.8
061120251556  0.069  4.3  136.0  8.7  0.39  22.2  25.8
061120251557  0.073  4.1  134.8  8.7  0.29  42.4  25.8
061120251558  0.078  3.8  131.6  8.7  0.31  36.2  25.8
061120251559  0.084  3.7  130.6  8.7  0.32  36.6  25.8
061120251600  0.089  3.6  131.1  8.7  0.17  55.0  25.8
061120251601  0.094  3.5  124.3  7.1  0.16  32.5  25.9
061120251602  0.101  3.5  116.9  8.1  0.13  27.9  25.9
061120251603  0.106  3.7  115.4  8.1  0.21  1.6  25.9
061120251604  0.110  3.5  113.3  8.1  0.19  2.4  25.8
061120251605  0.114  3.9  114.8  8.8  0.04  19.5  25.8
061120251606  0.120  4.0  114.5  8.8  0.16  23.4  25.8
061120251607  0.126  4.0  116.2  8.8  0.07  338.2  25.8
061120251608  0.132  4.3  118.3  8.8  0.17  346.9  25.8
061120251609  0.137  4.3  115.9  8.8  0.06  353.8  25.8
061120251610  0.144  4.3  114.2  8.8  0.19  11.2  25.8
061120251611  0.150  4.1  113.3  8.8  0.19  353.8  25.8
061120251612  0.154  3.8  116.2  8.8  0.13  10.0  25.8
061120251613  0.161  3.7  118.5  8.8  0.06  8.0  25.8
061120251614  0.167  3.7  120.3  8.9  0.10  328.3  25.8
061120251615  0.174  3.2  118.3  8.9  0.03  13.4  25.8
061120251616  0.179  3.4  120.5  8.9  0.07  6.9  25.8
061120251617  0.186  3.5  120.7  8.9  0.10  322.6  25.8
061120251618  0.191  3.5  120.0  8.9  0.04  297.7  25.8
061120251619  0.199  3.7  123.0  8.9  0.05  270.1  25.8
061120251620  0.205  3.8  126.9  8.9  0.06  295.9  25.8
061120251621  0.211  3.9  128.4  8.9  0.07  244.5  25.8
061120251622  0.217  4.1  128.8  8.9  0.08  346.0  25.8
061120251623  0.224  4.3  130.1  9.7  0.04  291.3  25.8
061120251624  0.229  4.4  130.5  9.7  0.04  237.1  25.8
061120251625  0.234  4.6  131.8  9.7  nan  nan  nan
061120251626  0.240  4.6  128.7  9.7  0.05  249.4  25.9
061120251627  0.245  4.6  129.1  9.7  0.10  198.9  25.9
061120251628  0.250  4.8  131.2  9.7  0.08  194.1  25.9
061120251629  0.255  4.8  133.0  9.7  0.17  209.0  25.9
061120251630  0.261  5.0  133.3  9.7  0.06  168.8  25.9
061120251631  0.268  5.2  134.3  10.1  0.08  222.6  25.9
061120251632  0.274  5.2  135.9  10.1  0.05  167.4  25.9
061120251633  0.281  4.9  135.1  10.1  0.08  182.1  25.9
061120251634  0.286  4.8  136.0  10.1  0.02  195.2  25.9
061120251635  0.290  4.6  134.4  10.1  0.13  177.0  25.9
061120251636  0.295  4.5  135.6  10.1  0.26  185.7  25.9
061120251637  0.300  4.7  134.4  10.1  0.11  204.0  25.9
061120251638  0.304  4.4  133.5  10.1  0.06  180.8  25.9
061120251639  0.309  4.3  134.1  10.1  0.10  192.2  25.8
061120251640  0.314  4.2  132.0  10.1  0.05  254.4  25.8
061120251641  0.319  3.9  129.8  7.9  0.18  193.8  25.8
061120251642  0.323  4.0  129.8  7.9  0.14  179.6  25.8
061120251643  0.328  4.2  131.6  8.0  0.04  187.1  25.8
061120251644  0.333  4.2  131.2  8.0  0.16  187.1  25.8
061120251645  0.336  4.2  134.1  8.0  0.12  179.0  25.8
061120251646  0.339  4.2  131.0  8.0  0.21  184.2  25.8
061120251647  0.344  4.1  124.7  8.0  0.08  170.6  25.8
061120251648  0.346  4.1  123.4  8.2  0.13  167.2  25.8
061120251649  0.350  4.1  121.5  8.2  0.14  138.8  25.8
061120251650  0.353  4.4  123.9  8.7  0.07  179.7  25.8
061120251651  0.356  4.2  124.1  8.7  0.10  156.9  25.8
061120251652  0.361  4.0  121.7  8.7  0.20  179.2  25.8
061120251653  0.364  3.7  121.7  8.7  0.10  154.5  25.8
061120251654  0.369  3.8  122.1  8.7  0.11  164.9  25.8
061120251655  0.373  3.9  124.2  8.7  0.03  92.9  25.8
061120251656  0.376  4.0  129.2  8.7  0.11  171.3  25.8
061120251657  0.380  3.9  137.0  8.7  0.10  185.4  25.8
061120251658  0.384  4.1  139.0  8.7  0.17  182.1  25.8
061120251659  0.386  4.3  140.9  8.7  0.03  266.0  25.8
061120251700  0.388  4.1  141.6  7.5  0.02  190.0  25.8
061120251701  0.391  4.1  140.5  7.5  0.20  207.9  25.7
061120251702  0.394  4.1  141.6  7.5  0.10  200.7  25.7
061120251703  0.396  4.1  137.5  7.5  0.20  193.4  25.7
061120251704  0.400  4.1  135.9  7.5  0.15  192.2  25.7
061120251705  0.405  3.9  133.1  7.5  nan  nan  nan
061120251706  0.409  3.7  130.7  7.5  0.14  183.6  25.7
061120251707  0.412  3.5  130.6  7.5  0.08  191.5  25.7
061120251708  0.416  3.4  128.6  7.5  0.07  176.3  25.7
061120251709  0.419  3.2  127.9  6.9  0.03  190.0  25.7
061120251710  0.423  3.3  129.0  7.0  0.06  165.2  25.7
061120251711  0.426  3.5  130.9  7.0  0.05  65.7  25.7
061120251712  0.433  3.7  129.6  7.0  0.02  354.7  25.6
061120251713  0.438  3.7  133.1  7.0  0.03  66.3  25.6
061120251714  0.444  3.7  135.1  7.0  0.14  166.2  25.6
061120251715  0.449  3.7  136.2  7.0  0.04  176.0  25.6
061120251716  0.454  3.7  136.5  7.0  0.19  192.3  25.6
061120251717  0.460  3.7  135.0  7.0  0.13  175.1  25.6
061120251718  0.463  3.5  135.4  7.0  0.09  181.7  25.6
061120251719  0.468  3.7  131.9  7.0  0.11  234.3  25.6
061120251720  0.474  3.6  125.5  7.0  0.11  195.9  25.6
061120251721  0.480  3.7  121.5  7.7  0.19  210.5  25.6
061120251722  0.484  3.7  118.1  7.7  0.11  204.3  25.6
061120251723  0.489  3.7  113.5  7.7  0.07  236.1  25.6
061120251724  0.494  3.7  108.1  7.7  0.10  214.0  25.6
061120251725  0.499  4.0  105.2  7.7  0.19  208.4  25.6
061120251726  0.503  3.9  104.7  7.7  0.13  227.0  25.6
061120251727  0.510  3.9  102.7  7.7  0.13  217.0  25.6
061120251728  0.516  3.9  101.5  7.7  0.20  217.1  25.6
061120251729  0.520  3.6  101.6  7.7  0.21  223.2  25.6
061120251730  0.527  3.3  108.1  7.7  0.14  213.1  25.6
061120251731  0.531  3.0  108.8  7.1  0.17  209.0  25.6
061120251732  0.536  3.0  111.3  7.1  0.34  200.9  25.6
061120251733  0.541  2.9  115.4  7.1  0.20  212.9  25.5
061120251734  0.548  3.0  121.4  7.4  0.29  212.8  25.5
061120251735  0.553  2.8  129.4  7.4  0.14  223.5  25.5
061120251736  0.558  2.8  130.6  7.4  0.17  203.6  25.5
061120251737  0.564  2.8  136.8  7.4  0.33  216.3  25.5
061120251738  0.569  3.0  139.3  7.4  0.23  225.1  25.5
061120251739  0.576  3.2  139.3  7.4  0.36  190.0  25.5
061120251740  0.582  3.2  136.4  7.4  0.20  200.7  25.5
061120251741  0.589  3.4  139.7  7.4  0.24  184.4  25.5
061120251742  0.594  3.4  140.9  7.4  0.27  186.7  25.5
061120251743  0.600  3.4  142.0  7.4  0.23  195.4  25.5
061120251744  0.605  3.4  139.4  9.9  0.10  201.8  25.4
061120251745  0.611  3.5  138.4  9.9  0.26  172.4  25.4
061120251746  0.618  3.6  137.6  9.9  0.18  201.0  25.4
061120251747  0.624  3.7  132.2  9.9  0.25  189.1  25.4
061120251748  0.630  3.6  130.7  9.9  0.25  187.8  25.4
061120251749  0.638  3.4  126.8  9.9  0.32  197.3  25.4
061120251750  0.644  3.3  123.6  9.9  0.24  189.1  25.4
061120251751  0.652  3.3  120.0  9.9  0.32  187.6  25.4
061120251752  0.656  3.2  121.5  9.9  0.18  193.1  25.4
061120251753  0.661  3.1  121.1  9.9  0.35  195.8  25.4
061120251754  0.667  3.1  119.3  7.8  0.24  191.4  25.4
061120251755  0.675  3.1  117.1  7.8  0.29  206.5  25.4
061120251756  0.681  3.1  115.8  7.8  0.27  188.3  25.4
061120251757  0.686  2.9  120.1  7.8  0.25  199.5  25.4
061120251758  0.692  2.9  118.9  7.8  0.39  199.8  25.4
061120251759  0.698  2.9  125.1  7.8  0.26  204.2  25.4
061120251800  0.703  3.1  128.3  7.8  0.35  198.4  25.4
061120251801  0.708  3.2  133.5  7.8  0.42  197.6  25.4
061120251802  0.714  3.1  134.9  7.8  0.20  199.6  25.4
061120251803  0.719  2.9  130.9  7.8  0.32  186.5  25.4
061120251804  0.725  2.7  130.7  5.9  0.33  198.8  25.4
061120251805  0.730  2.7  128.1  5.9  0.32  198.4  25.4
061120251806  0.734  2.7  128.1  5.9  0.45  201.5  25.4
061120251807  0.739  2.8  122.7  5.9  0.30  201.4  25.4
061120251808  0.744  3.0  120.5  5.9  0.33  193.4  25.4
061120251809  0.748  3.0  117.5  5.9  0.37  196.0  25.4
061120251810  0.753  2.7  118.6  5.8  0.32  204.1  25.4
061120251811  0.757  2.7  114.3  5.8  0.40  195.0  25.4
061120251812  0.760  2.8  112.4  5.8  0.30  206.8  25.4
061120251813  0.764  2.9  116.5  5.8  0.34  208.2  25.4
061120251814  0.768  3.0  121.3  9.1  0.32  206.8  25.4
061120251815  0.769  3.3  123.4  9.1  0.43  190.8  25.4
061120251816  0.774  3.2  123.6  9.1  0.45  184.2  25.4
061120251817  0.777  3.1  126.3  9.1  0.37  197.5  25.4
061120251818  0.780  3.0  132.4  9.1  0.52  197.3  25.3
061120251819  0.784  3.3  134.7  9.1  0.45  197.7  25.3
061120251820  0.787  3.3  133.9  9.1  0.31  196.1  25.3
061120251821  0.790  3.3  131.8  9.1  0.41  198.4  25.3
061120251822  0.793  3.4  128.5  9.1  0.46  196.4  25.3
061120251823  0.796  3.6  127.4  9.1  0.55  190.0  25.3
061120251824  0.801  3.4  124.9  7.4  0.25  192.7  25.3
061120251825  0.805  3.2  127.1  7.0  0.34  192.3  25.3
061120251826  0.809  3.0  127.4  7.0  0.36  190.3  25.3
061120251827  0.812  3.0  125.3  7.0  0.37  186.1  25.3
061120251828  0.816  3.0  123.0  7.0  0.29  194.2  25.3
061120251829  0.819  2.7  119.7  6.4  0.27  197.0  25.3
061120251830  0.824  2.5  116.5  6.4  0.39  190.6  25.3
061120251831  0.826  2.4  119.4  6.4  0.49  191.1  25.3
061120251832  0.830  2.4  125.8  6.4  0.32  214.1  25.3
061120251833  0.833  2.0  125.8  5.6  0.48  191.6  25.3
061120251834  0.838  1.9  132.0  5.6  0.30  194.1  25.3
061120251835  0.842  1.8  127.9  5.6  0.25  164.8  25.2
061120251836  0.846  1.9  131.2  5.6  0.37  186.4  25.2
061120251837  0.851  2.0  138.5  4.9  0.40  186.9  25.2
061120251838  0.855  2.0  138.9  4.8  0.25  200.1  25.2
061120251839  0.861  2.1  141.0  4.8  0.40  193.3  25.1
061120251840  0.866  2.2  141.3  4.8  0.29  206.4  25.1
061120251841  0.869  2.1  141.8  4.8  0.36  194.9  25.1
061120251842  0.875  2.1  142.8  5.0  0.40  193.0  25.1
061120251843  0.878  2.3  140.5  5.0  0.27  209.5  25.1
061120251844  0.883  2.5  137.0  5.0  0.28  225.6  25.1
061120251845  0.887  2.5  137.2  5.0  0.30  198.3  25.1
061120251846  0.892  2.5  135.8  5.0  0.24  210.2  25.1
061120251847  0.895  2.5  135.6  5.0  0.39  203.6  25.1
061120251848  0.900  2.6  136.4  5.0  0.32  212.8  25.1
061120251849  0.905  2.7  132.9  5.0  0.39  189.4  25.1
061120251850  0.908  2.8  130.9  5.0  0.28  194.4  25.1
061120251851  0.913  2.9  126.1  5.0  0.40  193.3  25.1
061120251852  0.917  2.9  124.6  4.8  0.50  190.0  25.1
061120251853  0.921  3.0  127.1  5.1  0.37  191.8  25.1
061120251854  0.925  3.0  129.7  5.6  0.38  202.5  25.1
061120251855  0.929  3.1  126.6  6.5  0.39  203.2  25.1
061120251856  0.933  2.9  122.3  6.5  0.40  196.4  25.1
061120251857  0.939  2.8  119.2  6.5  0.42  201.4  25.1
061120251858  0.942  2.8  114.6  6.5  0.39  204.5  25.1
061120251859  0.947  2.6  116.3  6.5  0.46  205.6  25.1
061120251900  0.953  2.6  118.5  6.5  0.43  196.2  25.1
061120251901  0.958  2.5  124.1  6.5  0.55  198.9  25.1
061120251902  0.963  2.5  122.6  6.5  0.54  195.8  25.1
061120251903  0.966  2.5  123.8  6.5  0.47  201.6  25.1
061120251904  0.971  2.4  118.3  6.5  0.49  198.4  25.1
061120251905  0.976  2.3  117.8  5.2  0.43  202.8  25.1
061120251906  0.981  2.3  121.9  5.2  0.47  202.2  25.1
061120251907  0.986  2.4  123.8  5.2  0.37  198.8  25.1
061120251908  0.991  2.2  127.8  5.2  0.37  209.1  25.1
061120251909  0.996  2.2  125.0  5.2  0.39  212.5  25.1
061120251910  1.002  2.2  123.6  5.2  0.40  206.9  25.1
061120251911  1.005  2.4  118.6  7.9  0.25  222.1  25.1
061120251912  1.010  2.4  113.6  7.9  0.25  215.0  25.1
061120251913  1.016  2.3  109.7  7.9  0.27  221.9  25.1
061120251914  1.021  2.2  111.6  7.9  0.37  210.2  25.1
061120251915  1.025  2.2  118.3  7.9  0.42  210.9  25.1
061120251916  1.030  2.2  120.4  7.9  0.47  197.2  25.1
061120251917  1.035  2.3  117.4  7.9  0.28  229.2  25.1
061120251918  1.039  2.4  115.5  7.9  0.28  219.6  25.1
061120251919  1.044  2.5  122.2  7.9  0.39  210.7  25.1
061120251920  1.048  2.6  124.8  7.9  0.26  232.6  25.1
061120251921  1.053  2.5  128.1  5.3  0.47  213.4  25.1
061120251922  1.057  2.6  134.3  5.3  0.35  217.6  25.1
061120251923  1.061  2.6  139.0  5.3  0.43  209.6  25.1
061120251924  1.066  2.5  140.3  5.3  0.40  207.6  25.1
061120251925  1.069  2.3  140.5  5.3  0.35  212.2  25.1
061120251926  1.074  2.3  141.6  5.3  0.37  215.9  25.1
061120251927  1.077  2.2  147.1  5.1  0.46  209.0  25.1
061120251928  1.081  2.2  144.3  5.1  0.35  201.0  25.1
061120251929  1.086  2.1  137.0  5.1  0.41  206.1  25.1
061120251930  1.089  2.0  126.6  5.6  0.36  208.4  25.1
061120251931  1.094  1.8  124.9  5.6  0.36  208.9  25.1
061120251932  1.098  1.6  120.1  5.6  0.27  209.6  25.1
061120251933  1.101  1.5  110.4  5.6  0.31  205.4  25.1
061120251934  1.105  1.7  106.4  5.6  0.38  208.3  25.1
061120251935  1.108  1.8  102.3  5.6  0.31  201.2  25.1
061120251936  1.112  1.8  97.2  5.6  0.35  210.1  25.1
061120251937  1.115  1.9  93.3  5.6  0.27  212.9  25.1
061120251938  1.119  1.7  95.2  5.6  0.49  190.0  25.1
061120251939  1.122  1.5  95.7  5.6  0.35  203.3  25.1
061120251940  1.125  1.3  103.0  4.3  0.36  193.7  25.1
061120251941  1.127  1.5  100.8  6.5  0.33  193.1  25.1
061120251942  1.130  1.9  102.3  6.5  0.34  191.6  25.1
061120251943  1.133  2.0  105.8  6.5  0.30  188.1  25.0
061120251944  1.136  2.0  107.1  6.5  0.40  190.8  25.0
061120251945  1.141  1.9  110.2  6.5  0.43  202.8  25.0
061120251946  1.144  1.9  112.6  6.5  0.39  200.1  25.0
061120251947  1.147  2.0  118.8  6.5  0.24  220.9  25.0
061120251948  1.149  2.1  119.2  6.5  0.30  203.1  25.0
061120251949  1.152  2.2  118.0  6.5  0.30  204.8  25.0
061120251950  1.153  2.3  120.4  6.5  0.30  214.7  25.0
061120251951  1.157  2.1  129.9  5.7  0.31  198.3  25.0
061120251952  1.158  1.9  136.2  4.8  0.25  208.9  25.0
061120251953  1.161  1.7  137.0  4.8  0.39  202.3  25.0
061120251954  1.164  1.9  142.0  4.8  0.21  218.0  25.0
061120251955  1.166  2.0  144.7  4.8  0.27  200.7  25.0
061120251956  1.168  2.0  142.6  4.8  0.21  202.2  25.0
061120251957  1.169  1.8  141.3  4.0  0.24  206.8  25.0
061120251958  1.171  1.7  141.7  4.0  0.29  205.7  24.9
061120251959  1.172  1.6  144.6  4.0  0.18  223.0  24.9
061120252000  1.174  1.4  146.5  4.0  0.33  208.1  24.9
061120252001  1.175  1.2  141.7  4.0  0.35  211.4  24.9
061120252002  1.176  1.3  142.2  4.0  0.24  220.5  24.9
061120252003  1.177  1.4  143.7  4.0  0.26  209.1  24.9
061120252004  1.179  1.3  139.2  4.0  0.28  200.8  24.9
061120252005  1.180  1.3  133.9  4.0  0.27  198.2  24.9
061120252006  1.181  1.4  137.1  4.0  0.37  201.7  24.9
061120252007  1.181  1.5  134.7  4.0  0.29  192.3  24.9
061120252008  1.181  1.6  129.2  4.2  0.27  200.7  24.9
061120252009  1.182  1.6  125.0  4.2  0.26  205.9  24.9
061120252010  1.183  1.8  122.2  4.2  0.24  202.7  24.9
061120252011  1.183  2.0  121.6  4.2  0.17  199.7  24.9
061120252012  1.185  2.0  117.9  4.2  0.27  196.6  24.9
061120252013  1.185  2.0  118.4  4.2  0.27  180.3  24.9
061120252014  1.186  2.0  114.0  4.2  0.23  173.9  24.9
061120252015  1.186  2.0  112.3  4.2  0.25  181.6  24.9
061120252016  1.187  1.9  110.6  4.2  0.23  185.7  24.9
061120252017  1.186  2.0  113.6  4.2  0.17  178.7  24.9
061120252018  1.187  2.0  119.9  3.9  0.25  188.7  24.9
061120252019  1.187  2.1  122.6  3.9  0.41  185.1  24.9
061120252020  1.187  2.2  123.6  3.9  0.36  186.3  24.9
061120252021  1.189  2.1  127.6  3.9  0.49  173.3  24.9
061120252022  1.189  2.0  130.3  3.9  0.49  178.7  24.9
061120252023  1.190  2.1  128.8  3.9  0.32  170.8  24.8
061120252024  1.190  2.2  131.4  3.9  0.35  171.7  24.8
061120252025  1.191  2.1  130.7  4.7  0.34  174.6  24.8
061120252026  1.191  2.1  130.4  4.7  0.18  171.8  24.8
061120252027  1.191  1.9  128.9  4.7  0.22  190.0  24.8
061120252028  1.192  1.8  124.3  4.7  0.16  169.5  24.8
061120252029  1.193  1.6  123.8  4.7  0.33  173.8  24.8
061120252030  1.194  1.5  121.9  4.7  0.32  172.9  24.8
061120252031  1.195  1.5  120.9  4.7  0.31  184.0  24.8
061120252032  1.196  1.6  125.3  4.7  0.20  172.8  24.7
061120252033  1.196  1.6  121.4  4.8  0.34  178.5  24.7
061120252034  1.194  1.5  121.9  4.8  0.32  171.9  24.7
061120252035  1.194  1.7  120.8  6.4  0.32  167.5  24.7
061120252036  1.194  1.9  120.5  6.4  0.25  167.0  24.7
061120252037  1.194  2.3  121.7  6.4  0.31  174.6  24.7
061120252038  1.194  2.5  122.2  6.4  0.23  178.3  24.7
061120252039  1.194  2.8  122.9  6.4  0.16  191.4  24.7
061120252040  1.194  2.9  124.6  6.4  0.07  207.0  24.6
061120252041  1.195  2.9  122.5  6.4  0.16  162.5  24.6
061120252042  1.195  3.1  121.0  6.4  0.10  180.7  24.6
061120252043  1.194  3.2  122.0  6.4  0.22  192.1  24.6
061120252044  1.193  3.1  122.8  6.4  0.30  203.4  24.6
061120252045  1.193  3.0  125.3  6.2  0.13  215.1  24.6
061120252046  1.192  2.8  124.8  6.2  0.18  209.4  24.5
061120252047  1.191  2.5  127.6  6.2  0.24  194.6  24.5
061120252048  1.190  2.3  129.9  6.2  0.25  184.6  24.4
061120252049  1.190  2.1  131.1  6.2  0.25  181.9  24.4
061120252050  1.188  2.0  134.4  6.2  0.18  158.1  24.4
061120252051  1.188  1.9  139.7  6.2  0.24  173.2  24.3
061120252052  1.188  1.8  142.8  4.3  0.19  186.0  24.3
061120252053  1.188  1.7  143.1  4.0  0.08  188.6  24.3
061120252054  1.188  1.8  147.4  4.0  0.14  176.0  24.3
061120252055  1.188  1.7  144.3  4.0  0.12  174.7  24.3
061120252056  1.188  1.7  148.8  4.0  0.09  147.7  24.3
061120252057  1.188  1.7  147.5  4.0  0.06  343.4  24.3
061120252058  1.188  1.6  147.5  4.0  0.03  173.6  24.2
061120252059  1.188  1.6  146.5  4.0  0.10  202.4  24.2
061120252100  1.189  1.6  140.8  4.0  0.24  194.6  24.2
061120252101  1.190  1.7  133.5  4.0  0.21  176.4  24.2
061120252102  1.192  1.6  127.8  3.9  0.18  198.8  24.2
061120252103  1.193  1.6  127.9  3.9  0.14  175.2  24.2
061120252104  1.193  1.5  123.5  3.9  0.17  175.0  24.2
061120252105  1.194  1.4  127.2  3.9  0.26  174.9  24.2
061120252106  1.194  1.4  131.5  3.9  0.15  179.8  24.2
061120252107  1.194  1.5  129.5  3.9  0.15  157.5  24.2
061120252108  1.194  1.7  128.1  4.1  0.14  155.2  24.2
061120252109  1.194  1.8  130.5  4.1  0.19  160.8  24.2
061120252110  1.195  1.8  134.8  4.1  0.16  158.7  24.2
061120252111  1.195  1.6  137.1  4.1  0.15  186.2  24.2
061120252112  1.195  1.6  139.5  4.1  0.26  165.8  24.2
061120252113  1.196  1.5  143.0  4.1  0.20  164.9  24.2
061120252114  1.195  1.4  140.4  4.1  0.21  157.9  24.2
061120252115  1.194  1.5  136.0  4.1  0.23  174.7  24.2
061120252116  1.193  1.6  124.2  5.1  0.12  165.9  24.2
061120252117  1.192  1.5  125.7  5.1  0.11  157.7  24.2
061120252118  1.191  1.4  128.0  5.1  0.08  152.3  24.2
061120252119  1.191  1.4  126.5  5.1  0.11  172.9  24.2
061120252120  1.190  1.5  126.7  5.1  0.07  199.2  24.2
061120252121  1.189  1.4  130.3  5.1  0.11  183.8  24.1
061120252122  1.189  1.5  132.6  5.1  0.12  175.1  24.1
061120252123  1.186  1.7  134.4  5.1  0.05  167.4  24.1
061120252124  1.185  1.9  136.9  5.1  0.15  179.3  24.1
061120252125  1.183  1.9  139.8  5.1  0.16  184.4  24.1
061120252126  1.180  1.8  143.6  5.0  0.09  147.7  24.1
061120252127  1.178  1.9  141.6  5.0  0.04  120.9  24.1
061120252128  1.176  1.9  142.4  5.0  0.16  152.3  24.1
061120252129  1.174  1.9  146.8  5.0  0.05  200.9  24.1
061120252130  1.172  1.9  153.9  5.0  0.08  220.7  24.1
061120252131  1.170  1.9  164.6  5.0  0.11  253.0  24.1
061120252132  1.167  1.9  173.7  5.0  0.18  260.0  24.1
061120252133  1.166  2.1  190.1  5.8  0.09  223.0  24.1
061120252134  1.164  2.4  200.5  5.8  0.05  256.5  24.1
061120252135  1.162  2.9  208.1  5.8  0.02  205.3  24.1
061120252136  1.159  3.4  214.1  5.8  0.08  188.7  24.1
061120252137  1.155  3.7  217.3  5.8  0.05  149.6  24.1
061120252138  1.151  4.1  220.1  5.8  0.06  195.5  24.1
061120252139  1.150  4.4  222.1  5.8  0.05  209.2  24.1
061120252140  1.147  4.5  222.8  5.8  0.06  36.6  24.1
061120252141  1.142  4.5  222.1  5.8  0.13  140.1  24.1
061120252142  1.139  4.6  221.8  5.8  0.15  100.0  24.1
061120252143  1.134  4.5  221.4  5.6  0.09  168.4  24.1
061120252144  1.130  4.5  221.3  5.6  0.06  214.1  24.1
061120252145  1.125  4.5  221.0  6.0  0.12  82.5  24.1
061120252146  nan  4.6  220.7  6.0  0.11  122.8  24.1
061120252147  nan  4.6  220.8  6.0  0.14  142.2  24.1
061120252148  1.112  4.7  221.0  6.0  0.07  121.8  24.1
061120252149  1.108  4.7  220.9  6.0  0.12  43.9  24.1
061120252150  1.103  4.8  220.5  6.0  0.07  98.5  24.1
061120252151  1.099  4.9  220.4  6.0  0.13  106.1  24.1
061120252152  1.093  4.9  219.4  6.0  0.17  96.8  24.1
061120252153  1.088  5.0  216.7  6.1  0.09  63.9  24.1
061120252154  1.085  5.0  215.4  6.1  0.15  99.3  24.1
061120252155  1.078  5.1  214.1  6.4  0.12  74.3  24.1
061120252156  1.074  5.1  213.3  6.4  0.19  58.3  24.1
061120252157  1.067  5.1  212.0  6.4  0.11  99.0  24.1
061120252158  1.064  5.2  211.0  6.4  0.19  32.8  24.1
061120252159  1.058  5.3  209.5  6.4  0.16  25.6  24.1
061120252200  1.053  5.4  208.4  6.5  0.15  29.4  24.1
061120252201  1.049  5.3  206.9  6.5  0.19  19.1  24.1
061120252202  1.044  5.3  207.2  6.5  0.05  135.0  24.1
061120252203  1.039  5.3  209.8  6.5  0.07  32.8  24.1
061120252204  1.035  5.3  210.6  6.5  0.15  6.3  24.1
061120252205  1.030  5.2  210.0  6.5  0.08  18.3  24.1
061120252206  1.026  5.1  209.5  6.5  0.12  30.4  24.1
061120252207  1.021  5.1  209.7  6.5  0.04  162.1  24.1
061120252208  1.018  5.0  209.5  6.5  0.03  10.0  24.1
061120252209  1.014  5.0  209.6  6.5  0.05  116.3  24.1
061120252210  1.011  5.0  209.9  6.0  0.06  92.4  24.1
061120252211  1.007  5.0  211.0  6.0  0.11  5.9  24.1
061120252212  1.003  5.1  211.5  5.9  0.04  16.3  24.1
061120252213  0.999  5.1  211.0  5.9  0.10  331.8  24.1
061120252214  0.994  5.1  210.8  5.9  0.17  305.7  24.1
061120252215  0.989  5.1  211.9  5.9  0.08  345.3  24.1
061120252216  0.986  5.2  211.7  6.7  0.06  272.6  24.1
061120252217  0.982  5.2  212.0  6.7  0.10  315.8  24.1
061120252218  0.978  5.3  212.1  6.7  0.08  248.1  24.1
061120252219  0.976  5.4  212.2  6.7  0.10  274.3  24.1
061120252220  0.973  5.4  212.4  6.7  0.10  312.1  24.1
061120252221  0.969  5.4  211.7  6.7  0.11  290.7  24.1
061120252222  0.965  5.4  210.7  6.7  0.14  296.6  24.1
061120252223  0.961  5.4  209.8  6.7  0.12  293.8  24.1
061120252224  0.958  5.4  209.4  6.7  0.08  250.4  24.1
061120252225  0.954  5.3  209.2  6.7  0.06  246.3  24.1
061120252226  0.951  5.3  209.4  6.5  0.06  352.2  24.1
061120252227  0.947  5.2  209.3  6.5  0.06  175.1  24.1
061120252228  0.943  5.1  208.6  6.3  0.03  203.0  24.1
061120252229  0.939  5.0  208.1  5.9  0.06  184.8  24.1
061120252230  0.935  4.9  208.1  5.9  0.13  191.8  24.2
061120252231  0.932  4.8  208.5  5.8  0.09  180.3  24.2
061120252232  0.928  4.7  209.4  5.8  0.04  28.4  24.2
061120252233  0.925  4.7  209.8  5.8  0.03  186.6  24.2
061120252234  0.921  4.7  209.9  5.8  0.04  60.5  24.2
061120252235  0.916  4.6  209.5  5.8  0.05  90.1  24.2
061120252236  0.912  4.5  209.6  5.3  0.16  58.9  24.2
061120252237  0.907  4.5  209.4  5.3  0.18  65.8  24.2
061120252238  0.903  4.5  210.5  5.3  0.18  64.0  24.2
061120252239  0.898  4.5  210.7  5.3  0.08  86.6  24.2
061120252240  0.893  4.4  209.7  5.3  0.09  109.7  24.2
061120252241  0.890  4.3  209.0  5.3  0.15  124.2  24.3
061120252242  0.885  4.3  208.0  5.3  0.09  59.4  24.3
061120252243  0.881  4.2  208.5  5.0  0.11  26.9  24.3
061120252244  0.878  4.2  208.6  5.0  0.09  68.4  24.3
061120252245  0.874  4.1  209.9  5.0  0.19  23.7  24.3
061120252246  0.869  4.1  210.6  5.0  0.18  51.4  24.3
061120252247  0.864  4.0  211.1  5.0  0.15  19.1  24.3
061120252248  0.861  3.9  211.7  4.9  0.18  32.4  24.3
061120252249  0.855  3.9  212.9  4.9  0.28  17.2  24.3
061120252250  0.851  4.0  215.4  4.9  0.33  10.7  24.3
061120252251  0.848  4.1  216.8  5.8  0.40  23.3  24.3
061120252252  0.843  4.2  218.6  5.8  0.24  22.2  24.3
061120252253  0.839  4.2  219.6  5.8  0.40  13.0  24.3
061120252254  0.834  4.2  220.7  5.8  0.38  19.7  24.3
061120252255  0.830  4.3  221.1  5.8  0.40  16.7  24.3
061120252256  0.825  4.4  222.4  5.8  0.49  20.0  24.3
061120252257  0.820  4.4  223.1  5.8  0.33  22.4  24.2
061120252258  0.816  4.5  223.2  5.8  0.34  30.2  24.2
061120252259  0.811  4.6  223.7  5.8  0.37  19.0  24.2
061120252300  0.805  4.7  223.4  5.8  0.26  32.9  24.2
061120252301  0.801  4.7  223.9  5.4  0.29  22.0  24.2
061120252302  0.794  4.7  224.0  5.4  0.32  20.8  24.2
061120252303  0.789  4.7  223.2  5.4  0.33  27.8  24.3
061120252304  0.785  4.7  222.6  5.4  0.38  29.6  24.3
061120252305  0.778  4.7  221.6  5.4  0.33  32.0  24.3
061120252306  0.774  4.7  220.8  5.4  0.33  37.2  24.3
061120252307  0.768  4.8  220.3  5.4  0.24  25.8  24.3
061120252308  0.762  4.8  220.6  5.4  0.39  34.4  24.3
061120252309  0.756  4.8  220.6  5.4  0.43  35.0  24.3
061120252310  0.751  4.8  221.2  5.9  0.53  35.9  24.3
061120252311  0.745  4.8  221.4  5.9  0.48  45.9  24.3
061120252312  0.739  4.8  222.0  5.9  0.45  42.6  24.3
061120252313  0.733  nan  nan  nan  0.49  41.4  24.3
061120252314  0.727  nan  nan  nan  0.42  48.8  24.3
061120252315  0.720  4.8  225.7  5.9  0.47  60.1  24.3
061120252316  0.715  4.7  226.3  5.9  0.43  51.9  24.3
061120252317  0.709  4.7  226.4  5.9  0.43  54.8  24.3
061120252318  0.703  4.7  226.4  5.9  0.56  35.1  24.3
061120252319  0.697  4.7  226.2  5.9  0.36  53.9  24.3
061120252320  0.691  4.7  225.9  5.9  0.40  42.8  24.3
061120252321  0.686  4.6  225.1  5.9  0.44  41.5  24.4
061120252322  0.680  4.6  223.7  5.9  0.44  44.5  24.4
061120252323  0.676  4.7  222.4  5.9  0.36  45.6  24.4
061120252324  0.670  4.7  221.3  5.9  0.51  41.5  24.4
061120252325  0.664  4.8  220.8  5.9  0.50  39.6  24.4
061120252326  0.659  4.9  220.5  5.9  0.50  43.5  24.4
061120252327  0.654  5.0  220.6  5.9  0.48  48.9  24.4
061120252328  0.649  5.0  221.0  5.8  0.50  51.2  24.4
061120252329  0.643  5.1  221.8  5.8  0.49  46.5  24.4
061120252330  0.637  5.2  222.0  5.9  0.54  40.3  24.4
061120252331  0.632  5.3  222.3  6.0  0.54  43.6  24.4
061120252332  0.627  5.4  222.9  6.0  0.56  48.3  24.4
061120252333  0.621  5.4  223.7  6.0  0.50  59.6  24.4
061120252334  0.615  5.4  225.2  6.0  0.59  42.8  24.4
061120252335  0.610  5.3  226.9  6.0  0.51  52.2  24.4
061120252336  0.603  5.3  228.8  6.0  0.41  52.5  24.5
061120252337  0.599  5.2  229.8  6.0  0.49  50.0  24.5
061120252338  0.593  5.1  230.0  6.0  0.62  46.6  24.5
061120252339  0.587  5.0  231.1  6.0  0.48  53.7  24.5
061120252340  0.581  4.9  231.1  6.0  0.51  49.1  24.5
061120252341  0.576  4.8  231.7  6.0  0.45  59.2  24.5
061120252342  0.569  4.7  233.3  5.9  0.59  46.6  24.5
061120252343  0.564  4.6  234.2  5.9  0.56  55.0  24.5
061120252344  0.559  4.5  232.5  5.9  0.60  43.3  24.5
061120252345  0.553  4.6  229.2  6.8  0.44  57.5  24.5
061120252346  0.550  4.6  225.8  6.8  0.58  41.2  24.5
061120252347  0.546  4.7  223.9  6.8  0.61  43.1  24.5
061120252348  0.541  4.7  221.7  6.8  0.51  53.4  24.5
061120252349  0.536  4.8  219.1  6.8  0.54  54.3  24.5
061120252350  0.531  4.9  217.6  6.8  0.53  52.9  24.5
061120252351  0.525  4.9  216.2  6.8  0.58  47.5  24.5
061120252352  0.520  4.9  214.4  6.8  0.42  68.0  24.5
061120252353  0.514  5.0  213.2  6.8  0.44  54.5  24.5
061120252354  0.509  5.0  213.8  6.8  0.54  43.7  24.5
061120252355  0.504  4.8  215.3  6.2  0.53  43.6  24.5
061120252356  0.498  4.7  216.4  6.2  0.42  50.9  24.6
061120252357  0.492  4.6  216.4  5.7  0.55  43.9  24.6
061120252358  0.486  4.6  218.6  5.6  0.46  39.2  24.6
061120252359  0.482  4.5  219.5  5.6  0.54  36.5  24.6
071120250000  0.476  4.5  221.0  5.5  0.43  59.1  24.6
071120250001  0.469  4.5  221.2  5.5  0.46  68.4  24.6
071120250002  0.463  4.5  220.9  5.3  0.42  45.0  24.6
071120250003  0.459  4.5  219.9  5.3  0.46  45.6  24.6
071120250004  0.451  4.5  218.0  5.8  0.37  37.5  24.6
071120250005  0.445  4.6  216.0  5.8  0.42  35.7  24.6
071120250006  0.438  4.7  213.6  5.8  0.42  64.6  24.6
071120250007  0.434  4.7  211.7  6.2  0.53  45.5  24.6
071120250008  0.427  4.7  208.6  6.2  0.48  47.9  24.6
071120250009  0.423  4.7  205.7  6.2  0.34  60.8  24.6
071120250010  0.417  4.8  203.7  6.2  0.48  49.7  24.6
071120250011  0.413  4.9  203.4  6.2  0.55  33.9  24.7
071120250012  0.406  4.9  203.1  6.2  0.45  46.5  24.7
071120250013  0.401  5.0  203.2  6.2  0.45  49.9  24.7
071120250014  0.396  4.9  202.7  6.2  0.54  46.9  24.7
071120250015  0.389  4.9  202.9  6.2  0.54  44.3  24.7
071120250016  0.385  5.0  204.0  6.7  0.41  38.3  24.7
071120250017  0.380  5.1  205.9  6.7  0.49  45.5  24.7
071120250018  0.375  5.1  207.9  6.7  0.59  42.2  24.7
071120250019  0.370  5.3  210.5  6.7  0.52  52.3  24.7
071120250020  0.364  5.4  211.9  6.7  0.48  60.4  24.7
071120250021  0.360  5.4  212.9  6.7  0.53  44.3  24.7
071120250022  0.356  5.5  214.6  6.7  0.51  53.4  24.7
071120250023  0.352  5.6  216.1  6.9  0.53  49.8  24.7
071120250024  0.348  5.7  218.2  6.9  0.52  48.7  24.7
071120250025  0.344  5.9  220.2  7.2  0.43  64.9  24.7
071120250026  0.339  6.0  221.7  7.2  0.47  59.4  24.7
071120250027  0.336  6.1  223.0  7.2  0.55  46.7  24.7
071120250028  0.331  6.2  224.1  7.2  0.42  50.7  24.7
071120250029  0.325  6.3  224.9  7.2  0.47  51.1  24.7
071120250030  0.321  6.4  225.8  7.7  0.49  47.4  24.7
071120250031  0.316  6.5  226.4  7.7  0.47  51.8  24.7
071120250032  0.311  6.6  225.8  7.7  0.65  44.4  24.7
071120250033  0.306  6.6  225.3  7.7  0.46  58.3  24.7
071120250034  0.301  6.6  224.6  7.7  0.54  47.5  24.7
071120250035  0.297  6.5  223.4  7.7  0.56  44.2  24.7
071120250036  0.292  6.4  221.9  7.7  0.51  46.2  24.7
071120250037  0.287  6.3  220.1  7.7  0.52  50.0  24.7
071120250038  0.283  6.3  219.0  7.7  0.52  41.0  24.7
071120250039  0.278  6.1  216.7  7.7  0.48  44.7  24.7
071120250040  0.274  6.0  214.1  7.5  0.70  39.1  24.7
071120250041  0.268  5.9  211.9  7.2  0.60  41.9  24.7
071120250042  0.263  5.8  210.3  7.0  0.47  46.1  24.7
071120250043  0.258  5.6  208.2  6.9  0.53  44.8  24.7
071120250044  0.254  5.5  206.3  6.9  0.47  46.4  24.7
071120250045  0.250  5.5  204.6  6.9  0.44  55.5  24.7
071120250046  0.247  5.6  203.8  6.9  0.51  43.1  24.7
071120250047  0.242  5.6  202.9  6.9  0.51  37.5  24.7
071120250048  0.238  5.6  201.5  7.2  0.50  39.4  24.8
071120250049  0.235  5.7  201.1  7.2  0.48  54.3  24.8
071120250050  0.231  5.7  201.5  7.2  0.45  52.2  24.8
071120250051  0.227  5.7  202.2  7.2  0.48  44.5  24.8
071120250052  0.224  5.7  204.0  7.2  0.53  42.5  24.8
071120250053  0.218  5.8  206.1  7.2  0.51  41.0  24.8
071120250054  0.215  5.9  208.2  7.2  0.58  35.4  24.8
071120250055  0.210  5.9  210.7  7.2  0.49  45.7  24.8
071120250056  0.205  5.8  212.5  7.2  0.52  52.0  24.8
071120250057  0.201  5.9  214.4  7.2  0.46  55.0  24.8
071120250058  0.197  5.9  215.8  6.9  0.46  50.2  24.8
071120250059  0.192  5.9  217.9  7.2  0.54  47.0  24.8
071120250100  0.187  5.9  219.5  7.2  0.50  41.6  24.8
071120250101  0.182  5.8  220.2  7.2  0.49  48.1  24.8
071120250102  0.176  5.9  219.6  7.2  0.64  42.8  24.8
071120250103  0.171  5.9  219.6  7.2  0.45  39.0  24.8
071120250104  0.166  5.8  219.6  7.2  0.49  43.4  24.8
071120250105  0.160  5.7  219.3  7.2  0.58  42.3  24.8
071120250106  0.153  5.8  219.0  7.2  0.53  39.4  24.8
071120250107  0.147  5.7  218.9  7.2  0.55  40.3  24.8
071120250108  0.142  5.6  218.7  7.2  0.53  42.6  24.8
071120250109  0.136  5.5  217.9  6.6  0.40  55.4  24.8
071120250110  0.131  5.4  216.8  6.6  0.49  54.8  24.8
071120250111  0.125  5.5  215.0  6.6  0.60  43.5  24.8
071120250112  0.119  5.4  212.6  6.7  0.57  44.9  24.8
071120250113  0.113  5.5  210.9  6.7  0.56  47.8  24.8
071120250114  0.109  5.6  209.3  6.7  0.50  53.7  24.8
071120250115  0.102  5.6  206.5  6.7  0.55  44.6  24.8
071120250116  0.097  5.6  204.4  6.7  0.50  45.5  24.8
071120250117  0.094  5.6  202.3  6.7  0.61  52.5  24.8
071120250118  0.089  5.7  201.3  6.7  0.51  42.2  24.9
071120250119  0.083  5.8  201.1  7.5  0.53  41.6  24.9
071120250120  0.081  6.0  201.5  7.5  0.54  39.8  24.9
071120250121  0.077  6.0  202.8  7.5  0.53  56.2  24.9
071120250122  0.073  5.9  204.2  7.5  0.59  41.8  24.9
071120250123  0.070  5.9  204.2  7.5  0.55  49.4  24.9
071120250124  0.066  5.9  204.5  7.5  0.57  44.9  24.9
071120250125  0.064  6.0  206.2  7.5  0.53  45.1  24.9
071120250126  0.061  6.0  208.3  7.5  0.51  53.9  24.9
071120250127  0.057  6.0  209.6  7.5  0.55  54.9  24.9
071120250128  0.054  6.0  210.6  7.5  0.52  54.1  24.9
071120250129  0.050  5.9  211.8  7.3  0.51  55.6  24.9
071120250130  0.047  5.8  212.6  7.1  0.63  42.6  24.9
071120250131  0.044  5.7  213.1  7.1  0.58  42.3  24.9
071120250132  0.039  5.7  214.3  7.1  0.64  38.9  24.9
071120250133  0.037  5.6  215.9  7.1  0.47  55.3  24.9
071120250134  0.033  5.6  217.4  7.1  0.56  48.7  24.9
071120250135  0.029  5.7  218.7  7.1  0.61  42.1  24.9
071120250136  0.026  5.7  219.3  7.1  0.56  55.1  24.9
071120250137  0.022  5.7  220.5  7.1  0.58  44.1  24.9
071120250138  0.019  5.8  221.5  7.1  0.60  42.6  24.9
071120250139  0.016  5.9  221.3  7.1  0.53  48.9  24.9
071120250140  0.013  6.0  221.3  7.1  0.52  43.8  24.9
071120250141  0.010  6.1  221.4  7.1  0.78  37.8  24.9
071120250142  0.007  6.2  220.6  7.1  0.45  51.7  24.9
071120250143  0.005  6.3  220.6  7.1  0.47  62.6  24.9
071120250144  0.002  6.3  220.2  7.1  0.55  50.2  24.9
071120250145  0.001  6.2  219.2  7.1  0.46  49.2  24.9
071120250146  nan  6.2  218.8  7.1  0.56  43.6  24.9
071120250147  nan  6.1  218.5  7.1  0.47  46.8  25.0
071120250148  nan  6.1  217.3  7.1  0.44  53.2  25.0
071120250149  nan  6.1  217.4  7.1  0.53  50.0  25.0
071120250150  nan  6.1  217.5  7.1  0.45  58.8  25.0
071120250151  nan  6.1  217.6  7.5  0.55  47.4  25.0
071120250152  nan  6.1  218.2  7.5  0.53  56.8  25.0
071120250153  nan  6.2  218.2  7.6  0.51  44.1  25.0
071120250154  nan  6.3  218.5  7.6  0.52  47.6  25.0
071120250155  nan  6.4  218.9  7.6  0.52  49.8  25.0
071120250156  nan  6.5  218.5  7.6  0.48  43.9  25.0
071120250157  nan  6.5  217.5  7.6  0.54  50.2  25.0
071120250158  nan  6.6  217.2  7.6  0.46  51.9  25.0
071120250159  nan  6.6  216.4  7.8  0.55  41.9  25.0
071120250200  nan  6.7  215.6  7.8  0.53  51.6  25.0
071120250201  nan  6.6  214.7  7.8  0.40  57.9  25.0
071120250202  nan  6.6  213.9  7.8  0.50  43.8  25.0
071120250203  nan  6.5  213.2  7.8  0.43  55.9  25.0
071120250204  nan  6.4  213.1  7.8  0.43  53.5  25.0
071120250205  nan  6.3  212.2  7.8  0.42  56.9  25.0
071120250206  nan  6.2  212.1  7.8  0.39  55.0  25.0
071120250207  nan  6.1  212.0  7.8  0.44  53.6  25.0
071120250208  nan  6.0  210.3  7.8  0.46  45.3  25.0
071120250209  nan  5.9  208.7  6.9  0.57  43.2  25.0
071120250210  nan  5.8  206.7  6.9  0.45  53.4  25.0
071120250211  nan  5.8  206.0  6.8  0.35  74.7  25.0
071120250212  nan  5.8  205.4  6.8  0.47  57.7  25.1
071120250213  nan  5.8  204.0  6.8  0.46  43.6  25.1
071120250214  nan  5.8  202.0  6.8  0.40  53.4  25.1
071120250215  nan  5.8  201.8  6.8  0.48  49.5  25.1
071120250216  nan  5.7  200.5  6.8  0.40  57.0  25.1
071120250217  nan  5.7  200.7  6.8  0.47  54.7  25.1
071120250218  nan  5.6  201.7  6.8  0.39  59.9  25.1
071120250219  nan  5.5  201.5  6.8  0.43  56.3  25.1
071120250220  nan  5.4  202.0  6.8  0.49  54.0  25.1
071120250221  nan  5.4  201.6  6.8  0.35  69.3  25.1
071120250222  nan  5.4  201.1  6.5  0.47  47.8  25.1
071120250223  nan  5.4  201.8  6.5  0.42  57.6  25.1
071120250224  nan  5.2  202.2  6.5  0.42  49.0  25.1
071120250225  nan  5.1  201.9  6.5  0.42  49.4  25.1
071120250226  nan  5.2  203.2  6.5  0.43  54.1  25.1
071120250227  nan  5.2  203.8  6.5  0.47  45.2  25.1
071120250228  nan  5.3  204.8  6.5  0.43  40.4  25.1
071120250229  nan  5.3  206.9  6.5  0.42  63.2  25.1
071120250230  nan  5.2  208.6  6.5  0.39  50.7  25.1
071120250231  nan  5.1  209.5  6.2  0.39  53.2  25.1
071120250232  nan  5.0  209.7  6.2  0.50  48.2  25.1
071120250233  nan  4.9  208.6  6.2  0.44  54.8  25.1
071120250234  nan  4.9  206.5  6.2  0.47  49.6  25.1
071120250235  nan  4.8  204.5  6.2  0.38  67.8  25.1
071120250236  nan  4.8  202.1  6.1  0.42  67.4  25.1
071120250237  nan  4.8  199.9  6.1  0.47  55.0  25.1
071120250238  nan  4.8  197.8  5.9  0.42  55.8  25.2
071120250239  nan  4.8  195.6  5.9  0.37  58.6  25.2
071120250240  nan  4.8  194.5  5.9  0.38  59.7  25.2
071120250241  nan  4.8  193.6  5.9  0.43  55.7  25.2
071120250242  nan  4.9  192.9  5.9  0.39  47.2  25.2
071120250243  nan  5.0  194.0  5.9  0.42  55.7  25.2
071120250244  nan  5.0  195.0  5.9  0.37  53.9  25.2
071120250245  nan  4.9  196.5  5.9  0.35  68.9  25.2
071120250246  nan  4.9  196.5  5.9  0.40  59.5  25.2
071120250247  nan  4.9  197.3  5.7  0.50  47.5  25.2
071120250248  nan  4.9  200.4  6.6  0.32  60.2  25.2
071120250249  nan  5.0  203.5  6.6  0.37  52.4  25.2
071120250250  nan  5.1  205.3  6.6  0.35  50.0  25.2
071120250251  nan  5.2  207.2  6.6  0.43  49.3  25.2
071120250252  nan  5.3  209.4  6.6  0.39  53.8  25.2
071120250253  nan  5.4  211.1  6.6  0.42  57.4  25.2
071120250254  nan  5.6  213.1  6.7  0.45  53.4  25.2
071120250255  nan  5.7  214.7  6.9  0.41  50.4  25.2
071120250256  nan  5.9  217.2  6.9  0.32  65.7  25.2
071120250257  nan  6.1  218.9  7.0  0.38  56.5  25.2
071120250258  nan  6.1  219.0  7.0  0.46  55.0  25.2
071120250259  nan  6.2  219.3  7.4  0.30  54.7  25.2
071120250300  nan  6.4  219.7  7.5  0.38  51.9  25.3
071120250301  nan  6.5  219.9  7.5  0.30  64.1  25.3
071120250302  nan  6.6  220.3  7.5  0.30  63.2  25.3
071120250303  nan  6.6  220.3  7.5  0.29  64.1  25.3
071120250304  nan  6.7  220.6  7.5  0.31  60.0  25.3
071120250305  nan  6.8  220.4  7.5  0.37  42.2  25.3
071120250306  nan  6.8  219.7  7.5  0.29  33.1  25.3
071120250307  nan  6.8  218.8  7.5  0.27  39.0  25.3
071120250308  nan  6.7  217.6  7.5  0.15  65.7  25.3
071120250309  nan  6.6  216.8  7.5  0.21  29.8  25.3
071120250310  nan  6.5  216.0  7.5  0.32  22.3  25.3
071120250311  nan  6.5  215.4  7.5  0.27  40.0  25.3
071120250312  nan  6.4  214.6  7.5  0.21  33.2  25.3
071120250313  nan  6.4  214.3  7.5  0.14  34.0  25.3
071120250314  nan  6.3  213.6  7.5  0.19  28.6  25.3
071120250315  nan  6.1  213.2  7.2  0.23  7.1  25.3
071120250316  nan  6.0  212.8  7.2  0.13  35.8  25.3
071120250317  nan  5.9  212.7  7.2  0.21  10.5  25.3
071120250318  nan  5.9  211.7  7.2  0.18  16.3  25.3
071120250319  nan  5.8  209.7  7.2  0.23  13.8  25.3
071120250320  nan  5.8  208.1  7.2  0.19  339.5  25.3
071120250321  nan  5.7  206.3  7.2  0.22  7.0  25.3
071120250322  nan  5.6  204.6  7.2  0.18  20.1  25.3
071120250323  nan  5.5  203.2  6.4  0.04  323.2  25.3
071120250324  nan  5.5  202.0  6.4  0.12  3.6  25.3
071120250325  nan  5.6  201.7  6.5  0.20  10.0  25.3
071120250326  nan  5.7  202.0  6.7  0.19  1.8  25.3
071120250327  nan  5.7  202.0  6.7  0.12  336.1  25.3
071120250328  0.003  5.8  203.2  7.0  0.17  355.8  25.3
071120250329  0.009  5.8  204.5  7.0  0.13  353.1  25.3
071120250330  0.013  5.8  206.5  7.0  0.17  345.2  25.4
071120250331  0.019  5.8  209.0  7.0  0.14  2.9  25.4
071120250332  0.023  5.8  211.3  7.0  0.12  320.3  25.4
071120250333  0.029  5.8  213.1  7.0  0.17  4.6  25.4
071120250334  0.034  5.8  214.9  7.0  0.10  337.9  25.4
071120250335  0.039  5.8  216.8  7.0  0.10  337.9  25.4
071120250336  0.045  5.7  218.1  7.0  0.10  342.9  25.4
071120250337  0.051  5.7  219.4  7.0  0.20  4.5  25.4
071120250338  0.056  5.7  220.9  6.7  0.18  8.8  25.4
071120250339  0.063  5.6  222.5  6.8  0.10  356.5  25.4
071120250340  0.069  5.6  222.6  6.8  0.15  355.1  25.4
071120250341  0.074  5.6  221.4  6.8  0.08  286.8  25.4
071120250342  0.081  5.6  220.6  6.8  0.03  330.7  25.4
071120250343  0.085  5.5  219.7  6.8  0.14  5.2  25.4
071120250344  0.091  5.5  218.5  6.8  nan  nan  nan
071120250345  0.096  5.5  216.7  6.8  0.10  203.5  25.4
071120250346  0.102  5.5  215.5  6.8  0.09  342.4  25.4
071120250347  0.108  5.6  214.5  6.8  0.04  142.9  25.4
071120250348  0.114  5.7  213.3  6.9  0.07  202.0  25.4
071120250349  0.120  5.8  212.5  7.1  0.12  210.4  25.4
071120250350  0.124  5.8  212.3  7.1  0.03  190.0  25.4
071120250351  0.128  5.9  213.1  7.1  0.06  12.0  25.4
071120250352  0.134  6.1  213.4  7.3  0.03  213.6  25.4
071120250353  0.137  6.2  214.3  7.5  0.02  168.2  25.4
071120250354  0.142  6.4  215.2  7.5  0.03  41.6  25.4
071120250355  0.149  6.4  215.9  7.5  0.10  14.6  25.4
071120250356  0.153  6.5  216.4  7.5  0.07  245.4  25.4
071120250357  0.158  6.6  216.9  7.5  0.10  204.9  25.4
071120250358  0.162  6.5  217.5  7.5  0.16  197.0  25.4
071120250359  0.167  6.5  217.6  7.5  0.09  226.1  25.4
071120250400  0.172  6.5  217.4  7.5  0.11  193.1  25.4
071120250401  0.176  6.5  218.3  7.5  0.14  196.6  25.4
071120250402  0.180  6.4  219.1  7.5  0.09  191.2  25.4
071120250403  0.186  6.3  219.7  7.5  0.08  208.0  25.4
071120250404  0.191  6.3  220.3  7.3  0.16  178.1  25.4
071120250405  0.196  6.2  220.9  7.3  0.10  176.0  25.4
071120250406  0.201  6.2  221.1  7.3  0.19  197.0  25.4
071120250407  0.207  6.1  221.5  7.0  0.14  189.2  25.4
071120250408  0.212  6.1  222.0  7.0  0.27  191.7  25.4
071120250409  0.217  6.1  223.4  7.0  0.07  167.2  25.4
071120250410  0.222  6.2  224.1  7.1  0.12  175.7  25.4
071120250411  0.227  6.3  223.4  7.1  0.16  185.7  25.3
071120250412  0.233  6.3  222.9  7.1  0.14  182.0  25.3
071120250413  0.238  6.3  221.9  7.1  0.08  190.0  25.3
071120250414  0.244  6.3  220.6  7.3  0.18  184.3  25.3
071120250415  0.249  6.4  219.6  7.3  0.21  184.1  25.3
071120250416  0.254  6.4  219.2  7.3  0.20  185.5  25.3
071120250417  0.259  6.4  218.8  7.3  0.04  179.2  25.3
071120250418  0.263  6.4  218.6  7.3  0.16  184.4  25.3
071120250419  0.267  6.4  217.7  7.3  0.10  194.6  25.3
071120250420  0.271  6.3  217.2  7.3  nan  nan  nan
071120250421  0.276  6.3  216.8  7.3  0.08  202.7  25.3
071120250422  0.279  6.2  216.3  7.3  0.15  202.8  25.3
071120250423  0.283  6.2  215.9  7.3  0.19  205.7  25.3
071120250424  0.287  6.1  216.5  7.3  0.11  198.1  25.3
071120250425  0.290  6.1  216.6  7.3  0.25  192.7  25.3
071120250426  0.294  6.1  215.8  7.3  0.13  213.2  25.3
071120250427  0.298  6.0  215.0  7.3  0.14  211.7  25.3
071120250428  0.303  6.0  213.5  7.3  0.19  216.8  25.2
071120250429  0.307  6.0  212.8  6.9  0.17  216.3  25.2
071120250430  0.312  6.0  212.0  6.9  0.21  219.4  25.2
071120250431  0.317  6.0  211.1  6.9  0.22  215.7  25.2
071120250432  0.322  5.9  210.3  6.9  0.16  203.7  25.2
071120250433  0.327  5.9  209.7  6.6  0.21  240.3  25.2
071120250434  0.333  5.9  208.9  6.6  0.21  231.6  25.2
071120250435  0.338  5.8  208.6  6.6  0.21  241.8  25.2
071120250436  0.345  5.8  208.7  6.6  0.13  246.3  25.2
071120250437  0.351  5.8  208.8  6.6  0.28  213.4  25.2
071120250438  0.357  5.7  209.4  6.6  0.27  228.8  25.2
071120250439  0.363  5.7  209.6  6.5  0.26  216.6  25.2
071120250440  0.370  5.7  210.5  6.5  0.32  206.2  25.2
071120250441  0.375  5.8  211.6  6.5  0.27  211.4  25.2
071120250442  0.382  5.8  212.0  6.6  0.21  236.1  25.2
071120250443  0.388  5.8  212.5  6.6  0.23  213.7  25.2
071120250444  0.395  5.8  212.8  6.6  0.24  223.6  25.2
071120250445  0.401  5.7  212.8  6.6  0.23  217.8  25.2
071120250446  0.407  5.8  212.7  6.6  0.26  213.9  25.1
071120250447  0.413  5.8  212.2  6.6  0.19  214.5  25.1
071120250448  0.420  5.8  211.7  6.6  0.19  245.0  25.1
071120250449  0.427  5.8  211.0  6.6  0.19  237.1  25.1
071120250450  0.433  5.8  210.4  6.6  0.35  205.7  25.1
071120250451  0.439  5.8  210.0  6.6  0.18  212.5  25.1
071120250452  0.446  5.8  210.1  6.6  0.25  208.2  25.1
071120250453  0.451  5.8  210.1  6.6  0.23  214.2  25.1
071120250454  0.459  5.7  210.4  6.6  0.20  209.7  25.1
071120250455  0.466  5.6  210.4  6.6  0.25  186.5  25.1
071120250456  0.472  5.6  211.0  6.6  0.29  190.8  25.1
071120250457  0.480  5.5  212.0  6.3  0.16  219.1  25.1
071120250458  0.488  5.5  212.4  6.3  0.31  205.8  25.1
071120250459  0.493  5.5  213.3  6.3  0.22  209.2  25.1
071120250500  0.500  5.4  213.3  6.3  0.28  211.0  25.1
071120250501  0.505  5.4  213.5  6.2  0.34  197.3  25.1
071120250502  0.510  5.4  213.4  6.2  0.38  207.2  25.1
071120250503  0.516  5.5  213.6  6.2  0.33  209.8  25.0
071120250504  0.522  5.5  212.9  6.2  0.34  204.1  25.0
071120250505  0.529  5.5  212.9  6.2  0.43  198.9  25.0
071120250506  0.536  5.5  211.8  6.3  0.37  190.9  25.0
071120250507  0.543  5.6  211.0  6.3  0.39  199.5  25.0
071120250508  0.551  5.6  210.2  6.4  0.56  192.4  25.0
071120250509  0.557  5.6  208.6  6.4  0.25  198.2  25.0
071120250510  0.564  5.6  207.5  6.4  0.40  202.5  25.0
071120250511  0.571  5.6  206.5  6.4  0.36  189.4  25.0
071120250512  0.578  5.6  205.9  6.4  0.39  195.1  25.0
071120250513  0.585  5.6  205.0  6.4  0.41  190.0  25.0
071120250514  0.593  5.6  204.7  6.4  0.37  200.7  25.0
071120250515  0.601  5.7  204.8  6.4  0.26  186.5  25.0
071120250516  0.608  5.7  205.2  6.4  0.31  190.7  25.0
071120250517  0.615  5.7  205.2  6.4  0.36  191.9  25.0
071120250518  0.623  5.7  206.4  6.5  0.34  197.9  25.0
071120250519  0.630  5.7  207.4  6.5  0.32  203.8  25.0
071120250520  0.637  5.7  208.3  6.5  0.29  197.3  25.0
071120250521  0.643  5.7  208.7  6.5  0.35  202.7  25.0
071120250522  0.650  5.7  209.2  6.5  0.34  200.9  25.0
071120250523  0.657  5.7  209.4  6.5  0.46  197.0  25.0
071120250524  0.665  5.7  210.0  6.5  0.49  197.1  25.0
071120250525  0.674  5.6  209.2  6.5  0.41  195.2  25.0
071120250526  0.681  5.6  209.7  6.5  0.48  196.8  25.0
071120250527  0.688  5.5  210.6  6.5  0.32  208.2  25.0
071120250528  0.697  5.5  211.2  6.3  0.42  196.3  25.0
071120250529  0.705  5.5  212.2  6.3  0.38  195.3  24.9
071120250530  0.712  5.5  213.2  6.3  0.36  201.4  24.9
071120250531  0.719  5.5  214.5  6.3  0.47  193.3  24.9
071120250532  0.727  5.5  215.4  6.3  0.50  185.5  24.9
071120250533  0.733  5.6  217.0  6.8  0.41  187.8  24.9
071120250534  0.739  5.7  217.4  6.8  0.45  194.7  24.9
071120250535  0.746  5.7  219.2  6.8  0.44  187.5  24.9
071120250536  0.753  5.6  220.5  6.8  0.43  181.4  24.9
071120250537  0.760  5.6  221.1  6.8  0.45  193.4  24.9
071120250538  0.768  5.6  221.3  6.8  0.45  191.5  24.9
071120250539  0.775  5.6  221.2  6.8  0.39  199.8  24.9
071120250540  0.782  5.6  221.2  6.8  0.41  199.1  24.9
071120250541  0.789  5.5  221.7  6.8  0.41  195.7  24.9
071120250542  0.795  5.6  222.0  6.8  0.35  198.7  24.9
071120250543  0.802  5.5  222.3  6.8  0.27  201.6  24.9
071120250544  0.807  5.5  223.2  6.8  0.43  211.8  24.9
071120250545  0.814  5.5  223.2  6.8  0.41  205.4  24.9
071120250546  0.819  5.6  222.9  6.8  0.40  214.3  24.9
071120250547  0.826  5.6  222.6  6.8  0.30  214.0  24.9
071120250548  0.832  5.6  222.7  6.8  0.35  202.4  24.9
071120250549  0.839  5.5  220.8  6.8  0.24  224.6  24.9
071120250550  0.845  5.4  219.0  6.8  0.45  202.0  24.9
071120250551  0.851  5.3  216.1  6.8  0.36  215.1  24.9
071120250552  0.857  5.2  212.5  6.6  0.44  207.1  24.9
071120250553  0.864  5.0  208.9  6.5  0.40  198.0  24.9
071120250554  0.871  5.1  204.8  6.5  0.31  197.7  24.9
071120250555  0.877  5.1  200.7  6.4  0.38  197.9  24.8
071120250556  0.883  5.1  197.2  6.5  0.34  200.3  24.8
071120250557  0.889  5.2  194.8  7.2  0.38  193.0  24.8
071120250558  0.895  5.3  193.0  7.2  0.42  190.3  24.8
071120250559  0.901  5.4  194.0  7.2  0.49  195.5  24.8
071120250600  0.908  5.5  195.8  7.2  0.42  197.8  24.8
071120250601  0.914  5.6  198.5  7.2  0.46  189.0  24.8
071120250602  0.921  5.7  200.9  7.2  0.55  193.2  24.8
071120250603  0.928  5.9  201.6  7.2  0.55  184.4  24.8
071120250604  0.933  5.9  203.2  7.5  0.51  195.7  24.8
071120250605  0.939  6.0  204.4  7.5  0.44  204.7  24.8
071120250606  0.946  6.0  206.1  7.5  0.51  197.6  24.8
071120250607  0.953  6.0  206.4  7.5  0.39  204.8  24.8
071120250608  0.958  6.0  206.0  7.5  0.33  205.9  24.8
071120250609  0.965  6.0  205.4  7.5  0.46  206.7  24.8
071120250610  0.972  6.0  204.4  7.5  0.50  204.7  24.8
071120250611  0.978  6.0  203.8  7.5  0.41  208.4  24.8
071120250612  0.985  6.0  203.9  7.5  0.49  202.3  24.7
071120250613  0.991  6.0  205.2  7.5  0.70  194.9  24.7
071120250614  0.999  5.9  206.7  6.8  0.30  229.5  24.7
071120250615  1.005  5.9  208.5  6.8  0.45  201.7  24.7
071120250616  1.013  5.8  208.1  6.8  0.38  196.5  24.7
071120250617  1.019  5.8  207.8  6.8  0.47  193.1  24.7
071120250618  1.026  5.7  207.8  6.8  0.33  194.1  24.7
071120250619  1.033  5.7  208.4  6.7  0.39  198.3  24.7
071120250620  1.039  5.6  209.2  6.8  0.46  193.9  24.6
071120250621  1.046  5.6  208.1  6.8  0.46  197.0  24.6
071120250622  1.052  5.5  206.8  6.8  0.42  194.0  24.6
071120250623  1.058  5.5  205.3  6.8  0.36  191.2  24.6
071120250624  1.065  5.5  203.3  6.8  0.33  195.4  24.6
071120250625  1.072  5.5  202.0  6.8  0.56  186.8  24.6
071120250626  1.078  5.5  202.3  6.8  0.39  205.5  24.6
071120250627  1.086  5.5  203.6  6.8  0.45  193.5  24.6
071120250628  1.093  5.4  205.2  6.8  0.51  197.2  24.6
071120250629  1.100  5.3  205.4  6.8  0.53  197.4  24.6
071120250630  1.107  5.3  203.7  6.3  0.50  194.0  24.6
071120250631  1.114  5.3  203.2  6.3  0.52  192.6  24.6
071120250632  1.120  5.3  203.4  6.3  0.45  199.7  24.6
071120250633  1.128  5.2  203.9  6.2  0.52  190.2  24.5
071120250634  1.136  5.1  205.0  6.2  0.40  192.5  24.5
071120250635  1.143  5.1  204.3  6.2  0.43  195.2  24.5
071120250636  1.151  5.0  203.7  6.2  0.53  192.1  24.5
071120250637  1.158  4.9  201.8  6.2  0.40  205.1  24.5
071120250638  1.166  4.9  199.4  6.2  0.65  195.5  24.5
071120250639  1.174  4.8  198.5  6.2  0.46  199.5  24.5
071120250640  1.183  4.8  197.6  5.9  0.48  199.7  24.5
071120250641  1.191  4.7  196.5  5.9  0.39  195.2  24.5
071120250642  1.200  4.5  195.6  5.7  0.57  200.4  24.5
071120250643  1.208  4.5  194.9  5.7  0.55  195.7  24.5
071120250644  1.216  4.5  193.8  5.7  0.38  195.8  24.5
071120250645  1.224  4.5  193.8  5.7  0.62  198.2  24.5
071120250646  1.231  4.5  193.4  5.7  0.60  193.7  24.5
071120250647  1.239  4.4  194.6  5.7  0.37  199.7  24.5
071120250648  1.248  4.4  195.1  5.7  0.39  200.6  24.5
071120250649  1.256  4.4  195.6  5.7  0.43  203.4  24.5
071120250650  1.264  4.3  196.8  5.7  0.52  198.6  24.5
071120250651  1.271  4.3  199.0  5.7  0.32  213.1  24.5
071120250652  1.279  4.4  200.2  5.7  0.56  200.6  24.5
071120250653  1.287  4.2  201.4  5.4  0.44  203.9  24.4
071120250654  1.294  4.2  203.1  5.4  0.56  193.0  24.4
071120250655  1.301  4.1  204.0  5.3  0.54  192.7  24.4
071120250656  1.308  4.0  205.3  5.3  0.75  184.8  24.4
071120250657  1.315  4.0  207.2  5.5  0.66  185.5  24.4
071120250658  1.322  4.1  209.9  5.5  0.48  186.7  24.4
071120250659  1.329  3.9  209.1  5.5  0.61  195.1  24.4
071120250700  1.335  3.7  207.5  5.5  0.48  191.4  24.4
071120250701  1.342  3.5  208.4  5.5  0.49  189.5  24.4
071120250702  1.347  3.4  211.0  6.3  0.48  190.7  24.4
071120250703  1.353  3.5  213.7  6.3  0.54  187.1  24.4
071120250704  1.360  3.5  216.1  6.3  0.41  192.4  24.4
071120250705  1.367  3.6  217.9  6.3  0.59  188.9  24.4
071120250706  1.373  3.6  219.9  6.3  0.48  183.5  24.4
071120250707  1.378  3.5  220.7  6.3  0.52  181.7  24.4
071120250708  1.385  3.3  220.7  6.3  0.49  182.0  24.4
071120250709  1.391  3.5  222.0  6.3  0.45  191.5  24.3
071120250710  1.396  3.7  224.6  6.3  0.48  179.5  24.3
071120250711  1.402  3.8  224.1  6.3  0.53  179.8  24.3
071120250712  1.408  3.8  222.9  5.2  0.55  183.3  24.3
071120250713  1.414  3.7  221.2  5.2  0.55  183.7  24.3
071120250714  1.419  3.5  218.2  5.2  0.46  190.5  24.3
071120250715  1.426  3.3  215.9  4.5  0.51  176.4  24.3
071120250716  1.429  3.1  213.1  4.3  0.49  180.7  24.3
071120250717  1.436  3.1  211.3  4.3  0.48  187.7  24.3
071120250718  1.442  2.9  208.8  4.3  0.39  183.1  24.3
071120250719  1.448  2.6  203.7  4.2  0.46  183.0  24.3
071120250720  1.455  2.2  199.1  4.2  0.59  187.4  24.3
071120250721  1.460  1.9  186.4  4.2  0.44  184.0  24.3
071120250722  1.466  1.7  171.3  5.3  0.41  189.5  24.2
071120250723  1.471  1.7  155.5  5.3  0.37  188.8  24.2
071120250724  1.477  1.8  138.0  5.3  0.41  190.0  24.2
071120250725  1.482  2.0  128.7  5.3  0.53  191.5  24.2
071120250726  1.487  2.3  123.2  5.3  0.43  193.7  24.2
071120250727  1.491  2.4  119.0  5.3  0.51  197.8  24.2
071120250728  1.497  2.4  120.1  5.3  0.39  195.1  24.2
071120250729  1.502  2.3  119.7  5.3  0.48  196.1  24.2
071120250730  1.506  2.6  124.0  5.3  0.50  199.5  24.2
071120250731  1.511  2.5  130.7  5.3  0.46  199.7  24.2
071120250732  1.516  2.6  139.0  5.8  0.48  194.6  24.2
071120250733  1.522  2.6  146.7  5.8  0.51  194.8  24.2
071120250734  1.527  2.5  153.5  5.8  0.56  195.7  24.1
071120250735  1.532  2.4  153.0  5.8  0.51  194.1  24.1
071120250736  1.537  2.3  149.0  5.8  0.32  197.1  24.1
071120250737  1.543  2.4  139.1  5.8  0.46  203.9  24.1
071120250738  1.548  2.7  129.3  5.8  0.57  200.4  24.1
071120250739  1.553  3.0  123.9  5.8  0.46  197.2  24.1
071120250740  1.558  3.1  116.9  6.5  0.33  195.3  24.1
071120250741  1.563  3.4  111.1  6.8  0.45  188.0  24.1
071120250742  1.567  3.6  102.4  6.8  0.32  198.3  24.1
071120250743  1.571  4.1  97.9  6.8  0.43  190.0  24.1
071120250744  1.576  4.4  96.3  6.8  0.44  199.1  24.1
071120250745  1.581  4.6  96.8  6.8  0.40  202.9  24.1
071120250746  1.585  4.7  96.7  6.8  0.52  201.4  24.1
071120250747  1.589  4.7  98.7  6.8  0.45  202.7  24.1
071120250748  1.593  4.5  100.9  6.8  0.44  198.6  24.0
071120250749  1.597  4.2  103.4  6.8  0.43  192.6  24.0
071120250750  1.600  3.9  107.3  6.8  0.49  190.5  24.0
071120250751  1.604  3.5  113.8  5.4  0.48  183.0  24.0
071120250752  1.608  3.3  118.2  5.4  0.41  193.3  24.0
071120250753  1.612  3.2  119.8  5.4  0.55  190.6  24.0
071120250754  1.617  3.2  121.0  5.4  0.48  191.2  24.0
071120250755  1.621  3.1  121.6  5.0  0.35  190.9  24.0
071120250756  1.625  3.1  123.1  5.0  0.42  189.7  24.0
071120250757  1.630  3.1  122.0  5.1  0.45  187.0  23.9
071120250758  1.633  3.2  118.7  5.3  0.49  190.7  23.9
071120250759  1.639  3.4  113.9  5.3  0.49  191.1  23.9
071120250800  1.644  3.5  109.6  5.5  0.41  183.4  23.9
071120250801  1.649  3.7  103.0  5.5  0.40  190.0  23.9
071120250802  1.653  3.8  100.6  5.5  0.47  191.9  23.9
071120250803  1.657  3.4  101.8  5.5  0.39  196.9  23.9
071120250804  1.661  3.2  103.3  5.5  0.43  200.3  23.9
071120250805  1.666  3.3  102.9  6.9  0.44  200.8  23.9
071120250806  1.671  3.3  101.5  6.9  0.42  193.7  23.9
071120250807  1.675  3.2  101.0  6.9  0.40  193.3  23.9
071120250808  1.679  3.2  101.7  6.9  0.41  200.6  23.8
071120250809  1.682  3.3  103.6  6.9  0.53  193.8  23.8
071120250810  1.687  3.3  106.1  6.9  0.32  196.3  23.8
071120250811  1.690  3.3  107.8  6.9  0.50  191.6  23.8
071120250812  1.694  3.5  110.6  6.9  0.36  193.7  23.8
071120250813  1.698  3.7  109.5  6.9  0.50  190.7  23.8
071120250814  1.701  3.8  107.6  6.9  0.40  195.0  23.8
071120250815  1.704  3.6  107.4  6.2  0.27  214.7  23.8
071120250816  1.707  3.7  109.1  6.2  0.40  202.7  23.8
071120250817  1.712  3.7  110.7  6.2  0.40  189.4  23.8
071120250818  1.716  3.6  111.0  6.0  0.49  184.5  23.8
071120250819  1.720  3.5  113.6  6.0  0.31  185.0  23.7
071120250820  1.725  3.5  116.3  6.0  0.47  196.1  23.7
071120250821  1.728  3.6  121.4  6.5  0.25  192.6  23.7
071120250822  1.732  3.5  123.0  6.5  0.29  190.0  23.7
071120250823  1.737  3.7  124.6  6.5  0.43  194.7  23.7
071120250824  1.741  3.8  127.8  6.5  0.38  196.5  23.7
071120250825  1.746  3.8  131.6  6.5  0.33  194.0  23.7
071120250826  1.749  3.7  134.8  6.5  0.45  190.7  23.7
071120250827  1.754  3.7  136.3  6.5  0.43  186.9  23.7
071120250828  1.756  3.7  137.4  6.5  0.43  182.5  23.7
071120250829  1.761  3.5  137.0  6.5  0.44  175.8  23.7
071120250830  1.765  3.5  135.4  6.5  0.42  192.4  23.7
071120250831  1.767  3.4  132.3  5.8  0.33  179.9  23.7
071120250832  1.771  3.1  131.7  5.8  0.46  192.2  23.7
071120250833  1.774  2.8  128.8  5.0  0.55  189.2  23.7
071120250834  1.777  2.6  127.1  4.3  0.44  186.0  23.7
071120250835  1.780  2.6  126.2  4.9  0.43  177.3  23.6
071120250836  1.783  2.5  127.7  4.9  0.48  187.9  23.6
071120250837  1.786  2.6  125.7  4.9  0.49  193.9  23.6
071120250838  1.789  2.6  123.5  4.9  0.41  201.2  23.6
071120250839  1.792  2.6  121.0  4.9  0.29  187.3  23.6
071120250840  1.794  2.5  119.9  4.9  0.40  198.6  23.6
071120250841  1.796  2.5  121.2  4.9  0.31  202.7  23.6
071120250842  1.798  2.9  120.8  5.6  0.33  203.3  23.6
071120250843  1.801  3.0  121.0  5.6  0.49  196.4  23.6
071120250844  1.804  3.1  120.7  5.6  0.34  198.9  23.6
071120250845  1.806  3.0  123.4  5.6  0.32  190.3  23.5
071120250846  1.808  2.9  120.0  5.6  0.32  187.2  23.5
071120250847  1.808  2.6  115.2  5.6  0.31  191.4  23.5
071120250848  1.811  2.6  111.4  5.6  0.34  188.7  23.5
071120250849  1.813  2.5  115.1  5.6  0.36  193.1  23.5
071120250850  1.815  2.6  119.5  5.6  0.42  194.5  23.4
071120250851  1.816  2.6  120.5  5.6  0.40  189.2  23.4
071120250852  1.818  2.6  119.3  6.6  0.36  202.2  23.4
071120250853  1.817  2.6  119.3  6.6  0.37  187.0  23.4
071120250854  1.819  2.6  118.1  6.6  0.34  188.7  23.4
071120250855  1.821  2.7  111.4  6.6  0.34  190.3  23.4
071120250856  1.821  2.8  111.0  6.6  0.39  195.7  23.4
071120250857  1.821  3.0  115.7  6.6  0.37  185.5  23.4
071120250858  1.822  3.3  120.3  6.6  0.37  200.7  23.4
071120250859  1.823  3.5  120.9  6.6  0.37  199.1  23.4
071120250900  1.823  3.3  121.6  6.6  0.38  194.6  23.4
071120250901  1.824  3.2  120.9  6.6  0.42  194.5  23.4
071120250902  1.824  3.1  120.5  6.2  0.36  193.4  23.4
071120250903  1.825  2.8  115.8  6.2  0.47  192.9  23.3
071120250904  1.824  2.7  113.7  6.2  0.33  199.7  23.3
071120250905  1.824  2.7  114.0  6.2  0.28  201.4  23.3
071120250906  1.822  2.8  115.3  6.2  0.31  196.9  23.3
071120250907  1.822  2.8  114.5  6.2  0.28  195.2  23.3
071120250908  1.821  2.5  115.3  5.6  0.27  206.3  23.3
071120250909  1.820  2.4  114.9  5.2  0.33  204.2  23.3
071120250910  1.820  2.4  107.4  5.2  0.28  201.0  23.3
071120250911  1.820  2.5  97.5  5.3  0.28  194.3  23.3
071120250912  1.820  2.6  92.4  5.3  0.31  196.6  23.3
071120250913  1.819  2.6  94.3  5.3  0.30  196.7  23.3
071120250914  1.819  2.5  93.1  5.3  0.27  197.7  23.3
071120250915  1.818  2.5  92.4  5.3  0.41  197.8  23.3
071120250916  1.818  2.2  87.4  5.3  0.25  204.9  23.3
071120250917  1.816  2.1  80.2  5.3  0.22  199.5  23.3
071120250918  1.816  2.4  73.1  5.3  0.24  197.0  23.3
071120250919  1.815  2.6  66.7  5.3  0.25  194.0  23.3
071120250920  1.815  2.6  64.0  5.3  0.18  201.3  23.3
071120250921  1.814  2.4  65.0  5.3  0.29  187.7  23.3
071120250922  1.813  2.3  69.4  5.3  0.39  196.2  23.3
071120250923  1.811  2.0  71.6  5.3  0.32  197.4  23.3
071120250924  1.811  1.8  71.6  5.3  0.22  203.2  23.3
071120250925  1.810  2.1  73.6  5.9  0.33  208.0  23.3
071120250926  1.809  2.4  76.3  5.9  0.24  201.7  23.2
071120250927  1.808  2.5  79.2  5.9  0.29  214.0  23.2
071120250928  1.806  2.4  78.4  5.9  0.23  212.1  23.2
071120250929  1.805  2.6  84.1  6.9  0.40  206.2  23.2
071120250930  1.804  2.8  87.7  6.9  0.26  207.1  23.2
071120250931  1.802  2.8  86.5  6.9  0.38  204.3  23.2
071120250932  1.801  3.1  81.3  6.9  0.21  213.7  23.2
071120250933  1.801  3.3  77.2  6.9  0.18  220.1  23.2
071120250934  1.800  3.8  76.9  6.9  0.24  227.8  23.2
071120250935  1.799  3.6  74.5  6.9  0.22  219.3  23.2
071120250936  1.799  3.5  73.4  6.9  0.34  205.2  23.2
071120250937  1.797  3.7  69.5  6.9  0.24  212.0  23.2
071120250938  1.796  3.6  66.6  6.9  0.21  224.9  23.2
071120250939  1.795  3.6  60.5  6.8  0.15  215.9  23.2
071120250940  1.794  3.5  56.6  6.8  0.25  215.2  23.2
071120250941  1.792  3.5  56.2  6.8  0.20  222.8  23.2
071120250942  1.791  3.2  58.5  6.2  0.25  216.4  23.2
071120250943  1.790  3.3  57.8  6.2  0.15  232.9  23.2
071120250944  1.788  3.3  54.7  6.2  0.23  236.0  23.2
071120250945  1.786  3.4  52.2  6.2  0.23  211.4  23.2
071120250946  1.786  3.5  48.9  6.2  0.25  200.6  23.1
071120250947  1.786  3.5  49.5  5.8  0.25  240.4  23.1
071120250948  1.785  3.5  50.8  5.8  0.29  214.5  23.1
071120250949  1.785  3.5  50.1  5.8  0.18  241.2  23.1
071120250950  1.784  3.7  50.4  5.8  0.27  216.0  23.1
071120250951  1.783  3.7  50.5  5.8  0.22  220.1  23.1
071120250952  1.783  3.9  48.3  6.0  0.20  224.1  23.1
071120250953  1.783  4.0  49.2  6.0  0.23  220.9  23.1
071120250954  1.783  3.9  49.5  6.0  0.30  213.2  23.1
071120250955  1.782  3.9  51.0  6.0  0.29  223.2  23.1
071120250956  1.780  3.7  52.1  6.0  0.27  216.0  23.1
071120250957  1.779  3.4  57.6  6.0  0.22  221.5  23.1
071120250958  1.778  3.3  63.7  6.0  0.21  220.9  23.1
071120250959  1.776  3.4  63.1  6.0  0.19  233.4  23.1
071120251000  1.774  3.4  62.6  6.0  0.41  205.5  23.1
071120251001  1.772  3.3  59.0  6.0  0.26  198.7  23.1
071120251002  1.770  3.2  56.7  6.1  0.30  206.3  23.1
071120251003  1.767  3.2  59.4  6.1  0.35  215.3  23.1
071120251004  1.765  3.0  59.2  6.1  0.22  216.6  23.1
071120251005  1.762  2.9  59.1  6.1  0.28  216.7  23.1
071120251006  1.758  3.0  57.2  6.1  0.29  207.7  23.1
071120251007  1.756  3.1  52.4  6.1  0.30  202.7  23.1
071120251008  1.754  3.2  48.1  6.1  0.17  210.7  23.1
071120251009  1.751  2.8  48.2  6.1  0.23  205.9  23.1
071120251010  1.750  2.7  52.4  6.1  0.26  219.2  23.1
071120251011  1.746  2.7  58.5  6.1  0.26  193.0  23.1
071120251012  1.742  2.4  62.3  5.6  0.17  205.9  23.1
071120251013  1.740  2.1  62.8  4.3  0.13  228.3  23.1
071120251014  1.736  2.2  69.3  4.5  0.15  203.5  23.0
071120251015  1.733  2.3  76.2  4.8  0.29  207.3  23.0
071120251016  1.731  2.4  80.5  5.0  0.20  209.7  23.0
071120251017  1.726  2.5  83.0  5.0  0.25  194.9  23.0
071120251018  1.723  2.6  85.7  5.0  0.16  223.9  23.0
071120251019  1.720  2.7  88.9  5.0  0.20  193.3  23.0
071120251020  1.716  2.5  89.4  5.0  0.15  194.5  23.0
071120251021  1.713  2.5  81.6  5.0  0.12  203.6  23.0
071120251022  1.710  2.6  74.7  5.0  0.08  199.7  23.0
071120251023  1.708  2.5  68.9  5.0  0.15  212.3  23.0
071120251024  1.705  2.5  61.0  5.0  0.14  203.2  23.0
071120251025  1.702  2.4  61.5  5.0  0.18  199.4  23.0
071120251026  1.698  2.2  62.0  5.0  0.11  208.1  23.0
071120251027  1.692  2.3  61.2  5.0  0.02  228.7  23.0
071120251028  1.688  2.2  55.5  5.0  0.02  26.7  22.9
071120251029  1.684  2.4  51.0  5.0  0.10  180.7  22.9
071120251030  1.681  2.6  49.9  5.1  0.08  159.5  22.9
071120251031  1.677  2.7  59.4  5.6  0.09  164.6  22.9
071120251032  1.674  2.8  66.2  5.6  0.05  190.0  22.9
071120251033  1.669  3.2  67.6  5.6  0.21  178.2  22.9
071120251034  1.663  3.2  69.4  5.6  0.09  151.1  22.9
071120251035  1.660  3.3  65.1  5.6  0.05  146.7  22.9
071120251036  1.654  3.3  62.9  5.6  0.09  108.3  22.9
071120251037  1.650  3.4  58.6  7.0  0.11  186.1  22.9
071120251038  1.644  3.6  59.7  7.0  0.03  14.1  22.9
071120251039  1.639  3.6  61.7  7.0  0.15  159.7  22.9
071120251040  1.634  3.5  62.5  7.0  0.06  163.4  22.9
071120251041  1.629  3.4  58.9  7.0  0.11  185.9  22.9
071120251042  1.624  3.5  59.2  7.0  0.04  149.4  22.9
071120251043  1.616  3.6  60.5  7.0  nan  nan  nan
071120251044  1.612  4.0  60.5  7.9  0.03  357.9  22.9
071120251045  1.606  4.2  57.3  7.9  0.08  187.2  22.9
071120251046  1.599  4.3  54.6  7.9  0.08  187.2  22.9
071120251047  1.593  4.3  57.2  7.9  0.08  227.4  22.9
071120251048  1.587  4.5  56.3  7.9  nan  nan  nan
071120251049  1.580  4.7  53.9  8.5  0.05  35.5  22.9
071120251050  1.574  4.9  54.2  8.5  0.09  80.8  22.9
071120251051  1.568  5.1  54.2  8.5  0.06  120.3  22.9
071120251052  1.561  5.1  51.4  8.5  0.06  89.9  22.9
071120251053  1.555  5.1  47.8  8.5  0.06  52.1  22.9
071120251054  1.548  4.9  45.5  8.5  0.04  166.0  22.9
071120251055  1.541  4.9  46.5  8.5  0.08  44.9  22.9
071120251056  1.534  4.9  48.9  8.5  0.06  87.3  22.9
071120251057  1.527  4.9  46.3  8.5  0.08  64.8  22.9
071120251058  1.521  4.9  47.2  8.5  0.10  40.8  22.9
071120251059  1.514  4.9  49.0  8.0  0.13  83.8  22.9
071120251100  1.507  4.9  46.8  7.8  0.08  79.9  22.9
071120251101  1.502  4.8  46.7  7.8  0.09  71.3  22.9
071120251102  1.496  4.8  47.7  7.2  0.21  50.1  22.9
071120251103  1.490  4.9  50.8  7.2  0.14  58.3  22.9
071120251104  1.483  4.9  52.3  7.2  0.16  83.4  22.8
071120251105  1.478  4.9  54.2  7.2  0.17  41.7  22.8
071120251106  1.473  5.0  55.2  8.6  0.06  90.2  22.8
071120251107  1.467  5.2  58.5  8.6  0.17  38.3  22.8
071120251108  1.461  5.1  59.1  8.6  0.07  8.4  22.8
071120251109  1.456  5.0  58.9  8.6  0.11  19.5  22.8
071120251110  1.452  5.2  61.0  8.6  0.18  12.5  22.8
071120251111  1.448  5.3  62.1  8.6  0.17  37.4  22.8
071120251112  1.443  5.3  63.0  8.6  0.06  55.0  22.8
071120251113  1.438  5.5  61.8  8.6  0.09  41.6  22.8
071120251114  1.434  5.5  61.6  8.6  0.17  33.6  22.8
071120251115  1.430  5.6  61.2  8.6  0.18  34.1  22.8
071120251116  1.427  5.5  61.8  8.4  0.17  14.5  22.8
071120251117  1.422  5.4  59.9  8.4  0.11  23.8  22.8
071120251118  1.418  5.6  58.9  8.4  0.08  2.9  22.8
071120251119  1.414  5.6  60.4  8.4  0.20  22.2  22.8
071120251120  1.411  5.5  60.3  8.4  0.21  41.9  22.8
071120251121  1.406  5.4  58.0  8.4  0.20  24.7  22.8
071120251122  1.403  5.4  57.0  8.4  0.10  44.3  22.8
071120251123  1.397  5.2  57.3  7.3  0.08  71.1  22.8
071120251124  1.394  5.2  56.8  7.0  0.21  28.9  22.8
071120251125  1.389  5.2  56.3  7.0  0.24  27.4  22.8
071120251126  1.383  5.2  53.4  7.0  0.16  40.1  22.8
071120251127  1.380  5.2  51.3  7.0  0.08  101.3  22.8
071120251128  1.376  5.1  49.7  7.0  0.22  13.0  22.8
071120251129  1.372  5.2  47.9  7.3  0.12  55.6  22.9
071120251130  1.367  5.3  47.5  7.6  0.16  20.0  22.9
071120251131  1.361  5.4  48.3  7.6  0.05  26.3  22.9
071120251132  1.355  5.3  48.4  7.6  0.22  24.6  22.9
071120251133  1.350  5.4  49.2  7.6  0.17  53.1  22.9
071120251134  1.344  5.6  52.3  9.3  0.30  30.2  22.9
071120251135  1.339  5.7  51.2  9.3  0.22  31.3  22.9
071120251136  1.334  5.8  51.4  9.3  0.31  43.6  22.9
071120251137  1.328  5.8  51.2  9.3  0.30  56.6  22.9
071120251138  1.322  5.7  51.1  9.3  0.33  69.8  22.9
071120251139  1.316  5.6  50.0  9.3  0.42  46.7  22.9
071120251140  1.310  5.6  50.3  9.3  0.36  38.6  22.9
071120251141  1.303  5.6  51.8  9.3  0.40  73.3  22.9
071120251142  1.297  5.7  52.6  9.3  0.40  34.7  23.0
071120251143  1.291  5.7  51.8  9.3  0.24  37.6  23.0
071120251144  1.286  5.6  51.5  8.6  0.35  36.0  23.0
071120251145  1.280  5.7  52.2  8.6  0.29  54.2  23.0
071120251146  1.274  5.8  51.8  8.6  0.37  30.2  23.0
071120251147  1.269  5.9  53.2  8.6  0.42  34.6  23.0
071120251148  1.264  6.1  53.5  8.6  0.31  34.8  23.0
071120251149  1.258  6.3  54.4  8.6  0.39  25.2  23.0
071120251150  1.252  6.4  53.6  9.5  0.24  58.9  23.0
071120251151  1.247  6.3  51.5  9.5  0.26  43.0  23.0
071120251152  1.241  6.2  49.9  9.5  0.37  27.9  23.0
071120251153  1.236  6.2  49.1  9.5  0.39  24.8  23.0
071120251154  1.229  6.1  47.0  9.5  0.42  31.3  23.0
071120251155  1.225  6.1  48.4  9.5  0.43  40.7  23.0
071120251156  1.219  6.2  49.5  9.5  0.38  52.3  23.0
071120251157  1.213  6.1  48.0  9.5  0.38  38.3  23.0
071120251158  1.207  6.2  49.5  9.5  0.30  43.8  23.0
071120251159  1.201  6.1  48.2  9.5  0.33  44.0  23.0
071120251200  1.195  6.1  46.3  8.7  0.34  45.4  23.1
071120251201  1.189  6.3  45.1  8.7  0.46  53.0  23.1
071120251202  1.183  6.4  46.4  8.7  0.48  45.7  23.1
071120251203  1.177  6.7  48.2  8.8  0.44  55.4  23.1
071120251204  1.171  6.8  48.4  8.8  0.47  40.3  23.1
071120251205  1.165  6.8  48.0  8.8  0.54  31.8  23.1
071120251206  1.160  6.8  49.2  8.8  0.48  41.7  23.1
071120251207  1.155  6.9  51.6  10.4  0.55  42.1  23.1
071120251208  1.149  7.0  50.1  10.4  0.47  44.8  23.2
071120251209  1.142  7.1  50.0  10.4  0.41  41.7  23.2
071120251210  1.137  7.2  50.4  10.4  0.58  46.6  23.2
071120251211  1.130  7.2  51.4  10.4  0.61  35.7  23.3
071120251212  1.125  7.0  49.0  10.4  0.69  33.8  23.3
071120251213  1.120  6.9  48.0  10.4  0.38  72.3  23.3
071120251214  1.114  6.8  46.8  10.4  0.56  31.7  23.3
071120251215  1.106  6.8  45.8  10.4  0.52  46.2  23.3
071120251216  1.099  6.8  43.3  10.4  0.55  35.2  23.3
071120251217  1.092  6.7  40.4  10.0  0.50  47.4  23.3
071120251218  1.085  6.6  39.5  10.0  0.52  47.0  23.3
071120251219  1.078  6.6  40.8  10.0  0.52  41.6  23.3
071120251220  1.072  6.4  40.7  10.0  0.57  57.9  23.3
071120251221  1.064  6.4  41.1  10.0  0.58  63.5  23.4
071120251222  1.058  6.5  43.0  10.0  0.71  40.7  23.4
071120251223  1.051  6.5  40.7  10.0  0.64  45.8  23.4
071120251224  1.044  6.5  41.3  10.0  0.48  59.8  23.4
071120251225  1.037  6.6  39.8  10.3  0.52  57.9  23.4
071120251226  1.030  6.8  39.1  10.3  0.59  41.9  23.4
071120251227  1.025  7.0  38.2  10.3  0.57  50.3  23.4
071120251228  1.018  7.1  37.6  10.3  0.60  53.2  23.4
071120251229  1.011  7.2  37.9  11.1  0.59  49.5  23.4
071120251230  1.005  7.5  40.3  11.1  0.58  42.4  23.4
071120251231  1.000  7.7  41.2  11.1  0.61  42.2  23.4
071120251232  0.994  7.7  40.3  11.1  0.59  55.5  23.4
071120251233  0.987  7.7  42.4  11.1  0.56  44.6  23.4
071120251234  0.981  7.8  43.3  11.1  0.52  60.0  23.5
071120251235  0.975  7.9  44.7  11.1  0.52  53.6  23.5
071120251236  0.969  7.6  46.7  11.1  0.55  59.2  23.5
071120251237  0.963  7.5  47.5  11.1  0.59  56.6  23.5
071120251238  0.957  7.4  48.5  11.1  0.60  48.7  23.5
071120251239  0.950  7.5  49.0  10.2  0.58  44.4  23.5
071120251240  0.943  7.4  48.5  9.8  0.57  44.6  23.5
071120251241  0.937  7.6  48.7  11.1  0.43  48.8  23.6
071120251242  0.929  7.6  49.2  11.1  0.50  58.8  23.6
071120251243  0.924  7.7  49.8  11.1  0.56  38.1  23.6
071120251244  0.919  7.7  48.2  11.1  0.62  52.0  23.6
071120251245  0.914  7.5  47.2  11.1  0.62  44.5  23.6
071120251246  0.908  7.8  45.3  11.1  0.63  47.9  23.6
071120251247  0.903  7.9  45.2  11.1  0.69  38.6  23.6
071120251248  0.899  7.9  45.3  11.1  0.51  61.9  23.7
071120251249  0.892  7.7  43.8  11.1  0.60  39.1  23.7
071120251250  0.887  7.7  43.2  11.1  0.54  45.3  23.7
071120251251  0.883  7.5  44.0  10.3  0.58  44.0  23.7
071120251252  0.878  7.5  44.7  10.3  0.55  48.6  23.7
071120251253  0.873  7.4  44.9  10.3  0.57  47.5  23.7
071120251254  0.867  7.5  47.0  10.3  0.61  43.9  23.8
071120251255  0.861  7.6  49.1  10.6  0.65  49.4  23.8
071120251256  0.855  7.5  51.1  10.6  0.57  47.5  23.8
071120251257  0.851  7.3  53.7  10.6  0.66  41.0  23.8
071120251258  0.844  7.4  54.6  10.6  0.51  57.6  23.8
071120251259  0.837  7.4  55.7  10.6  0.50  66.0  23.8
071120251300  0.831  7.4  55.7  10.6  0.64  39.9  23.9
071120251301  0.825  7.2  54.9  10.6  0.55  63.7  23.9
071120251302  0.820  7.3  55.0  10.9  0.62  59.9  23.9
071120251303  0.814  7.4  54.2  10.9  0.61  43.5  23.9
071120251304  0.808  7.4  54.1  10.9  0.63  42.4  23.9
071120251305  0.802  7.4  53.1  10.9  0.56  66.5  23.9
071120251306  0.796  7.4  52.3  10.9  0.67  44.5  23.9
071120251307  0.790  7.5  51.2  10.9  0.63  51.6  23.9
071120251308  0.785  7.7  49.3  10.9  0.57  59.5  23.9
071120251309  0.779  7.7  48.1  10.9  0.56  51.1  23.9
071120251310  0.773  7.7  48.5  10.9  0.59  49.3  24.0
071120251311  0.767  7.8  46.8  10.9  0.61  59.0  24.0
071120251312  0.760  7.7  45.7  9.9  0.50  60.7  24.0
071120251313  0.754  7.7  44.9  10.1  0.58  58.1  24.0
071120251314  0.748  7.7  43.5  11.6  0.51  55.3  24.0
071120251315  0.742  7.8  43.0  11.6  0.63  55.2  24.0
071120251316  0.735  7.8  41.8  11.6  0.50  50.1  24.0
071120251317  0.728  7.9  42.4  11.6  0.58  48.9  24.1
071120251318  0.722  7.8  44.0  11.6  0.62  45.4  24.1
071120251319  0.714  7.9  45.4  11.6  0.60  50.2  24.1
071120251320  0.708  7.9  43.6  11.6  0.60  45.6  24.1
071120251321  0.701  8.0  43.2  11.6  0.58  50.5  24.1
071120251322  0.694  8.1  41.8  11.9  0.56  45.4  24.1
071120251323  0.687  7.9  40.9  11.9  0.56  61.2  24.1
071120251324  0.681  8.0  41.7  11.9  0.64  47.5  24.1
071120251325  0.675  8.0  42.3  11.9  0.43  68.9  24.1
071120251326  0.668  8.1  43.5  11.9  0.51  56.2  24.1
071120251327  0.662  8.1  43.1  11.9  0.67  44.0  24.1
071120251328  0.655  8.0  44.5  11.9  0.53  59.3  24.1
071120251329  0.649  8.0  44.1  11.9  0.57  48.1  24.1
071120251330  0.642  8.0  46.7  11.9  0.75  36.8  24.1
071120251331  0.636  8.0  50.0  11.9  0.53  59.1  24.1
071120251332  0.629  7.9  50.5  11.4  0.49  53.4  24.1
071120251333  0.623  8.0  51.5  11.4  0.53  45.7  24.1
071120251334  0.616  7.8  50.8  11.4  0.50  53.3  24.1
071120251335  0.610  7.6  50.5  11.4  0.64  43.0  24.1
071120251336  0.602  7.6  51.8  11.4  0.47  57.7  24.1
071120251337  0.596  7.5  51.4  11.4  0.60  42.7  24.1
071120251338  0.589  7.5  49.3  11.4  0.49  69.0  24.2
071120251339  0.583  7.4  47.5  11.4  0.71  35.9  24.2
071120251340  0.576  7.5  44.3  11.4  0.56  74.0  24.2
071120251341  0.569  7.5  41.2  10.7  0.64  45.6  24.2
071120251342  0.562  7.4  42.0  10.7  0.61  45.7  24.2
071120251343  0.555  7.4  43.7  10.9  0.56  52.8  24.2
071120251344  0.549  7.4  44.7  10.9  0.63  48.8  24.2
071120251345  0.542  7.4  43.6  10.9  0.59  48.2  24.2
071120251346  0.536  7.5  41.6  10.9  0.52  39.1  24.2
071120251347  0.530  7.7  43.2  10.9  0.71  37.4  24.2
071120251348  0.524  7.7  43.7  10.9  0.60  54.3  24.2
071120251349  0.519  7.7  44.7  10.9  0.68  45.6  24.2
071120251350  0.512  7.8  47.1  10.9  0.69  43.7  24.3
071120251351  0.507  7.8  48.8  10.9  0.59  54.2  24.3
071120251352  0.501  7.9  49.7  10.9  0.68  46.9  24.3
071120251353  0.496  7.9  48.7  10.8  0.66  35.4  24.3
071120251354  0.492  8.1  48.2  11.3  0.56  56.4  24.3
071120251355  0.487  8.1  49.1  11.3  0.60  54.3  24.3
071120251356  0.481  8.0  50.3  11.3  0.63  45.5  24.3
071120251357  0.475  7.9  49.7  11.3  0.66  47.0  24.3
071120251358  0.469  7.9  49.2  11.3  0.57  55.4  24.3
071120251359  0.461  7.8  50.0  11.3  0.73  40.7  24.4
071120251400  0.455  7.6  48.8  11.3  0.59  50.3  24.4
071120251401  0.449  7.6  46.3  11.3  0.66  46.4  24.4
071120251402  0.443  7.4  44.0  11.3  0.66  50.7  24.4
071120251403  0.436  7.3  42.7  11.3  0.54  64.5  24.4
071120251404  0.429  7.1  41.7  10.8  0.82  43.2  24.4
071120251405  0.422  7.1  41.2  10.8  0.52  61.7  24.4
071120251406  0.416  6.9  41.7  10.8  0.60  44.7  24.4
071120251407  0.409  6.9  41.1  9.9  0.52  56.7  24.4
071120251408  0.402  7.1  42.2  10.3  0.62  49.0  24.4
071120251409  0.397  7.3  41.9  10.3  0.62  48.6  24.4
071120251410  0.391  7.4  42.1  10.3  0.60  54.5  24.5
071120251411  0.386  7.3  43.1  10.3  0.53  64.4  24.5
071120251412  0.381  7.4  44.3  10.5  0.74  35.0  24.5
071120251413  0.376  7.5  44.9  10.5  0.76  37.3  24.5
071120251414  0.372  7.4  45.0  10.5  0.66  47.7  24.5
071120251415  0.368  7.3  45.6  10.5  0.49  66.8  24.5
071120251416  0.363  7.5  45.8  10.5  0.57  56.4  24.5
071120251417  0.360  7.4  45.1  10.5  0.60  38.2  24.5
071120251418  0.356  7.2  43.4  10.5  0.55  52.6  24.5
071120251419  0.352  7.1  43.1  10.5  0.61  42.2  24.5
071120251420  0.347  7.2  43.2  10.5  0.57  51.4  24.6
071120251421  0.344  7.3  42.8  10.5  0.64  37.6  24.6
071120251422  0.340  7.3  42.9  10.5  0.53  58.1  24.6
071120251423  0.336  7.3  42.8  10.5  0.54  64.0  24.6
071120251424  0.332  7.3  43.9  10.5  0.57  55.7  24.6
071120251425  0.328  7.3  43.8  10.5  0.52  49.7  24.6
071120251426  0.323  7.1  42.2  9.8  0.61  50.7  24.6
071120251427  0.319  7.1  41.5  9.8  0.57  40.4  24.6
071120251428  0.315  7.3  41.0  9.8  0.54  50.0  24.6
071120251429  0.312  7.4  40.7  9.8  0.55  49.7  24.6
071120251430  0.308  7.3  40.0  10.6  0.54  39.3  24.6
071120251431  0.304  7.2  41.9  10.6  0.54  60.7  24.6
071120251432  0.300  7.2  41.8  10.6  0.57  52.7  24.6
071120251433  0.297  7.2  41.1  10.6  0.47  64.0  24.6
071120251434  0.295  7.2  39.7  10.6  0.48  60.1  24.6
071120251435  0.292  7.2  39.1  10.6  0.59  43.6  24.6
071120251436  0.288  7.4  39.0  10.6  0.65  46.7  24.7
071120251437  0.286  7.6  39.8  10.6  0.62  47.1  24.7
071120251438  0.282  7.4  40.6  10.6  0.63  48.7  24.7
071120251439  0.277  7.3  41.0  10.6  0.52  52.4  24.7
071120251440  0.273  7.4  40.7  12.0  0.59  52.6  24.7
071120251441  0.269  7.4  39.4  12.0  0.60  52.2  24.7
071120251442  0.267  7.5  38.4  12.0  0.56  54.2  24.7
071120251443  0.264  7.5  38.0  12.0  0.50  52.5  24.7
071120251444  0.260  7.6  38.4  12.0  0.52  56.8  24.7
071120251445  0.256  7.6  39.0  12.0  0.49  56.0  24.7
071120251446  0.252  7.5  38.4  12.0  0.52  48.0  24.7
071120251447  0.250  7.5  38.1  12.0  0.51  58.6  24.8
071120251448  0.245  7.8  40.1  12.0  0.49  62.6  24.8
071120251449  0.241  7.7  39.9  12.0  0.55  57.3  24.8
071120251450  0.237  7.5  40.2  11.5  0.49  58.1  24.8
071120251451  0.233  7.4  40.6  11.5  0.57  44.7  24.8
071120251452  0.229  7.3  41.1  11.5  0.50  62.1  24.8
071120251453  0.226  7.4  42.2  11.5  0.51  65.0  24.8
071120251454  0.223  7.4  41.3  11.5  0.54  51.3  24.8
071120251455  0.219  7.4  40.1  11.5  0.61  48.0  24.8
071120251456  0.214  7.3  40.6  11.5  0.59  53.0  24.8
071120251457  0.211  7.2  41.3  11.5  0.52  50.0  24.8
071120251458  0.206  7.1  40.1  10.7  0.71  40.6  24.8
071120251459  0.202  7.1  39.7  10.7  0.58  49.4  24.8
071120251500  0.199  7.1  39.7  10.7  0.66  29.0  24.8
071120251501  0.194  7.1  39.1  10.7  0.63  39.0  24.9
071120251502  0.190  7.2  38.8  10.7  0.50  60.9  24.9
071120251503  0.187  7.2  37.4  10.7  0.58  51.3  24.9
071120251504  0.181  7.2  38.5  10.2  0.51  72.5  24.9
071120251505  0.177  7.2  38.6  10.2  0.57  58.9  24.9
071120251506  0.174  7.2  38.7  10.2  0.67  38.4  24.9
071120251507  0.169  7.4  37.8  10.2  0.54  57.5  24.9
071120251508  0.164  7.4  36.0  10.2  0.49  57.7  24.9
071120251509  0.161  7.6  34.2  10.2  0.65  43.1  24.9
071120251510  0.157  7.6  33.7  11.1  0.60  56.2  24.9
071120251511  0.153  7.7  34.1  11.1  0.56  63.6  24.9
071120251512  0.149  7.7  34.4  11.1  0.54  61.4  24.9
071120251513  0.147  7.8  34.7  11.1  0.60  50.2  24.9
071120251514  0.144  7.9  34.6  11.1  0.58  44.2  24.9
071120251515  0.140  7.8  34.4  11.1  0.61  53.6  24.9
071120251516  0.137  7.8  33.9  11.1  0.53  62.4  25.0
071120251517  0.134  7.8  34.1  11.1  0.60  51.7  25.0
071120251518  0.132  7.8  34.6  11.1  0.64  49.5  25.0
071120251519  0.129  7.9  36.0  12.0  0.52  63.3  25.0
071120251520  0.126  8.0  36.7  12.0  0.61  50.6  25.0
071120251521  0.123  8.0  36.3  12.0  0.56  57.3  25.0
071120251522  0.120  7.9  36.9  12.0  0.60  64.2  25.0
071120251523  0.117  7.9  37.0  12.0  0.55  56.2  25.0
071120251524  0.113  7.8  36.6  12.0  0.57  45.4  25.0
071120251525  0.111  7.9  37.0  12.0  0.58  59.2  25.0
071120251526  0.109  7.8  37.9  12.0  0.65  38.3  25.0
071120251527  0.106  7.8  36.5  12.0  0.49  59.8  25.0
071120251528  0.104  7.7  35.4  12.0  0.54  50.2  25.1
071120251529  0.101  7.5  35.0  10.9  0.50  52.2  25.1
071120251530  0.099  7.5  33.5  10.9  0.56  46.0  25.1
071120251531  0.097  7.6  32.9  10.9  0.52  67.4  25.1
071120251532  0.094  7.7  32.5  10.9  0.60  53.7  25.1
071120251533  0.092  7.7  31.4  10.9  0.50  58.5  25.1
071120251534  0.089  7.7  31.4  10.9  0.61  51.4  25.1
071120251535  0.088  7.7  30.6  10.9  0.72  37.3  25.1
071120251536  0.086  7.7  30.3  10.9  0.57  50.6  25.1
071120251537  0.086  7.6  31.1  10.4  0.50  67.9  25.1
071120251538  0.084  7.6  32.9  10.4  0.64  45.8  25.1
071120251539  0.083  7.6  33.6  10.4  0.52  67.7  25.1
071120251540  0.082  7.5  35.3  10.8  0.48  77.0  25.1
071120251541  0.080  7.4  35.9  10.8  0.55  51.0  25.2
071120251542  0.077  7.4  35.8  10.8  0.47  53.2  25.2
071120251543  0.076  7.5  38.2  10.8  0.47  67.7  25.2
071120251544  0.074  7.4  38.8  10.8  0.54  45.6  25.2
071120251545  0.074  7.5  39.7  10.8  0.67  35.1  25.2
071120251546  0.072  7.6  40.7  10.8  0.68  48.3  25.2
071120251547  0.071  7.8  41.4  10.8  0.57  53.8  25.2
071120251548  0.070  7.9  41.6  10.8  0.56  55.7  25.2
071120251549  0.070  8.0  41.8  10.8  0.57  69.6  25.2
071120251550  0.067  8.0  42.0  10.4  0.61  54.2  25.2
071120251551  0.066  8.0  39.9  10.4  0.50  59.0  25.3
071120251552  0.066  8.1  37.0  10.6  0.50  53.6  25.3
071120251553  0.065  8.2  33.5  11.5  0.44  55.4  25.3
071120251554  0.065  8.2  32.5  11.5  0.61  35.4  25.3
071120251555  0.064  8.2  31.5  11.5  0.55  47.5  25.3
071120251556  0.064  8.2  29.7  11.5  0.50  50.6  25.3
071120251557  0.066  8.1  29.7  11.5  0.57  37.2  25.3
071120251558  0.066  8.0  28.0  11.5  0.52  49.8  25.3
071120251559  0.067  8.0  26.0  11.5  0.54  43.9  25.3
071120251600  0.066  7.9  25.2  11.5  0.47  61.4  25.3
071120251601  0.066  7.9  26.0  11.5  0.55  45.3  25.3
071120251602  0.067  7.6  28.0  11.5  0.54  58.8  25.3
071120251603  0.067  7.4  30.7  10.3  0.45  46.8  25.3
071120251604  0.069  7.5  31.5  10.3  0.51  56.4  25.3
071120251605  0.070  7.7  32.1  10.9  0.46  68.0  25.4
071120251606  0.071  7.7  32.7  10.9  0.41  77.1  25.4
071120251607  0.071  7.6  31.6  10.9  0.45  49.8  25.4
071120251608  0.074  7.8  32.4  10.9  0.47  58.4  25.4
071120251609  0.076  7.9  33.1  10.9  0.47  65.5  25.4
071120251610  0.077  8.1  33.2  10.9  0.43  71.7  25.4
071120251611  0.078  8.1  34.7  10.9  0.38  62.3  25.4
071120251612  0.081  8.3  34.6  10.9  0.45  60.4  25.4
071120251613  0.084  8.4  35.3  10.9  0.45  44.2  25.4
071120251614  0.086  8.2  35.5  10.9  0.43  70.9  25.4
071120251615  0.090  8.0  35.9  10.6  0.48  49.4  25.4
071120251616  0.093  7.9  36.0  10.6  0.40  59.6  25.4
071120251617  0.094  7.9  36.9  10.6  0.43  52.8  25.4
071120251618  0.097  7.6  37.4  10.4  0.34  69.5  25.4
071120251619  0.099  7.4  38.1  9.9  0.39  66.4  25.4
071120251620  0.100  7.3  37.5  10.0  0.36  70.9  25.4
071120251621  0.101  7.4  36.9  10.0  0.42  56.3  25.4
071120251622  0.103  7.3  37.9  10.1  0.45  66.5  25.4
071120251623  0.103  7.3  35.9  10.1  0.43  80.0  25.5
071120251624  0.106  7.2  35.0  10.1  0.39  60.9  25.5
071120251625  0.107  7.2  35.6  10.1  0.38  80.1  25.5
071120251626  0.107  7.5  34.8  10.1  0.39  46.9  25.5
071120251627  0.109  7.5  31.9  10.1  0.39  68.9  25.5
071120251628  0.108  7.8  29.2  10.8  0.35  63.3  25.5
071120251629  0.109  8.0  28.8  10.8  0.35  55.4  25.5
071120251630  0.110  8.1  29.7  11.5  0.35  54.6  25.5
071120251631  0.111  8.0  28.9  11.5  0.36  57.8  25.5
071120251632  0.113  7.9  27.4  11.5  0.39  53.0  25.5
071120251633  0.116  7.6  27.4  11.5  0.27  68.4  25.5
071120251634  0.118  7.6  27.3  11.5  0.33  82.4  25.5
071120251635  0.119  7.5  26.3  11.5  0.43  50.4  25.5
071120251636  0.121  7.3  26.2  11.5  0.27  93.7  25.5
071120251637  0.121  7.3  27.3  11.5  0.33  60.3  25.5
071120251638  0.121  7.2  29.1  11.5  0.32  52.5  25.5
071120251639  0.123  7.0  28.4  11.5  0.29  57.7  25.5
071120251640  0.125  6.9  25.7  11.6  0.31  101.4  25.6
071120251641  0.127  6.9  24.4  11.6  0.26  82.0  25.6
071120251642  0.126  7.0  23.2  11.6  0.32  63.5  25.6
071120251643  0.128  7.1  23.2  11.6  0.34  63.1  25.6
071120251644  0.131  7.3  24.0  11.6  0.29  38.6  25.6
071120251645  0.132  7.4  22.9  11.6  0.30  41.2  25.6
071120251646  0.133  7.4  21.4  11.6  0.28  33.7  25.6
071120251647  0.133  7.3  20.3  11.6  0.23  45.4  25.6
071120251648  0.134  7.2  19.4  11.6  0.24  21.1  25.6
071120251649  0.136  7.1  19.2  11.6  0.26  34.1  25.6
071120251650  0.138  7.0  19.9  10.1  0.26  36.9  25.6
071120251651  0.142  7.1  22.6  10.1  0.26  25.5  25.6
071120251652  0.144  7.2  24.4  10.1  0.22  42.7  25.6
071120251653  0.149  7.1  23.1  10.0  0.24  32.0  25.6
071120251654  0.152  7.2  20.6  10.0  0.28  29.1  25.6
071120251655  0.154  7.2  21.3  10.0  0.18  39.6  25.6
071120251656  0.158  7.3  21.7  10.0  0.19  45.0  25.6
071120251657  0.161  7.4  21.7  10.0  0.28  10.0  25.6
071120251658  0.164  7.6  21.2  10.4  0.22  20.0  25.6
071120251659  0.167  7.7  21.3  10.4  0.23  20.3  25.6
071120251700  0.171  7.5  21.1  10.4  0.07  5.4  25.6
071120251701  0.174  7.5  20.0  10.4  0.16  8.6  25.6
071120251702  0.176  7.5  20.4  10.4  0.23  25.2  25.6
071120251703  0.180  7.6  22.4  10.4  0.16  17.1  25.6
071120251704  0.183  7.6  24.0  10.4  0.07  16.2  25.6
071120251705  0.186  7.8  25.4  10.4  0.27  15.8  25.6
071120251706  0.189  7.8  27.2  10.4  0.21  14.2  25.6
071120251707  0.192  8.0  28.7  10.4  0.26  5.8  25.6
071120251708  0.195  7.9  30.4  10.4  0.20  14.5  25.6
071120251709  0.199  8.0  29.8  10.4  0.20  351.2  25.6
071120251710  0.202  8.3  28.6  12.2  0.10  345.5  25.6
071120251711  0.206  8.3  26.9  12.2  0.17  11.3  25.6
071120251712  0.209  8.2  24.8  12.2  0.20  0.1  25.6
071120251713  0.214  8.1  24.2  12.2  0.17  18.8  25.6
071120251714  0.219  8.1  24.5  12.2  0.12  12.8  25.6
071120251715  0.224  7.8  23.9  12.2  0.17  0.9  25.6
071120251716  0.226  7.7  23.4  12.2  0.17  354.3  25.6
071120251717  0.231  7.5  23.7  12.2  0.09  24.9  25.6
071120251718  0.235  7.4  23.4  12.2  0.17  6.7  25.6
071120251719  0.237  7.4  23.5  12.2  0.03  194.1  25.6
071120251720  0.241  7.2  23.4  10.7  0.12  21.5  25.6
071120251721  0.246  7.0  24.7  10.7  0.07  23.7  25.6
071120251722  0.251  7.2  24.0  11.2  0.11  29.1  25.6
071120251723  0.256  7.3  23.4  11.2  0.14  7.6  25.6
071120251724  0.259  7.4  23.1  11.2  0.13  9.2  25.6
071120251725  0.263  7.5  22.7  11.2  0.10  12.3  25.6
071120251726  0.269  7.5  21.6  11.2  0.09  342.4  25.6
071120251727  0.272  7.4  19.4  11.2  0.09  345.1  25.6
071120251728  0.277  7.7  17.7  11.2  0.08  348.2  25.6
071120251729  0.282  7.7  17.9  11.2  0.16  356.6  25.6
071120251730  0.287  7.5  19.5  11.2  0.14  23.5  25.6
071120251731  0.292  7.6  20.3  11.2  0.07  315.0  25.6
071120251732  0.297  7.5  22.8  10.3  0.06  269.9  25.6
071120251733  0.302  7.5  23.7  10.3  0.06  10.0  25.6
071120251734  0.308  7.5  23.6  10.3  0.10  4.5  25.6
071120251735  0.313  7.5  22.3  10.3  0.08  348.7  25.6
071120251736  0.317  7.6  21.8  10.3  0.08  348.7  25.6
071120251737  0.323  7.6  22.3  10.3  nan  nan  nan
071120251738  0.327  7.5  24.4  10.5  0.14  17.9  25.6
071120251739  0.331  7.4  25.4  10.5  0.05  252.5  25.6
071120251740  0.336  7.4  23.8  10.5  0.05  33.5  25.6
071120251741  0.341  7.3  24.4  10.5  0.07  337.2  25.6
071120251742  0.345  7.4  24.3  10.5  0.03  160.3  25.6
071120251743  0.349  7.5  24.6  10.6  nan  nan  nan
071120251744  0.354  7.6  25.0  11.4  nan  nan  nan
071120251745  0.359  7.7  25.5  11.4  0.08  234.0  25.6
071120251746  0.364  7.7  25.9  11.4  0.04  171.6  25.6
071120251747  0.370  7.7  25.2  11.4  0.08  343.4  25.6
071120251748  0.375  7.8  23.6  12.3  nan  nan  nan
071120251749  0.377  8.1  22.5  12.3  0.11  195.2  25.6
071120251750  0.381  8.2  24.0  12.3  0.15  175.8  25.6
071120251751  0.385  8.4  22.8  12.3  nan  nan  nan
071120251752  0.390  8.3  22.3  12.3  0.12  192.8  25.6
071120251753  0.395  8.2  20.5  12.3  0.03  13.4  25.6
071120251754  0.400  7.9  19.3  12.3  0.07  191.7  25.6
071120251755  0.404  7.9  18.4  12.3  0.05  177.7  25.6
071120251756  0.410  7.8  18.2  12.3  0.08  208.0  25.6
071120251757  0.414  7.9  18.9  12.3  0.13  180.8  25.6
071120251758  0.420  7.7  18.9  11.2  0.07  207.0  25.6
071120251759  0.423  7.6  18.8  11.2  0.12  182.3  25.6
071120251800  0.426  7.7  16.6  11.2  0.11  199.8  25.6
071120251801  0.429  7.7  15.6  10.8  0.13  207.1  25.6
071120251802  0.433  7.8  15.1  10.8  0.12  194.5  25.6
071120251803  0.436  7.7  15.9  10.4  0.14  194.8  25.6
071120251804  0.439  7.8  15.5  10.4  0.13  184.7  25.6
071120251805  0.444  7.9  16.1  10.4  0.15  181.9  25.6
071120251806  0.450  8.0  16.0  10.4  0.19  201.4  25.6
071120251807  0.455  8.0  16.2  10.4  0.21  185.8  25.6
071120251808  0.460  8.4  16.5  12.3  0.20  208.8  25.6
071120251809  0.464  8.5  16.5  12.3  0.16  176.3  25.5
071120251810  0.467  8.4  18.5  12.3  0.17  197.4  25.5
071120251811  0.472  8.2  20.2  12.3  0.11  179.7  25.5
071120251812  0.477  8.1  20.6  12.3  0.23  174.2  25.5
071120251813  0.483  8.1  20.1  12.3  0.16  161.6  25.5
071120251814  0.489  8.0  21.2  12.3  0.24  180.7  25.5
071120251815  0.494  7.9  21.0  12.3  0.27  177.5  25.5
071120251816  0.499  7.8  21.6  12.3  0.12  190.9  25.5
071120251817  0.506  7.7  21.9  12.3  0.25  172.8  25.5
071120251818  0.511  7.3  22.0  11.2  0.16  192.0  25.5
071120251819  0.515  7.1  22.3  10.2  0.17  207.6  25.5
071120251820  0.520  7.0  21.8  10.2  0.13  181.3  25.5
071120251821  0.526  6.9  20.3  10.2  0.06  212.2  25.5
071120251822  0.531  7.0  19.9  10.2  0.12  213.0  25.5
071120251823  0.536  7.3  19.3  11.6  0.05  171.6  25.5
071120251824  0.542  7.5  17.9  11.6  0.16  209.1  25.5
071120251825  0.547  7.6  17.1  11.6  0.20  212.3  25.5
071120251826  0.551  7.9  16.4  11.6  0.11  241.5  25.5
071120251827  0.556  8.0  17.1  13.0  0.16  203.9  25.5
071120251828  0.562  8.1  17.4  13.0  0.16  202.3  25.5
071120251829  0.567  8.0  17.1  13.0  0.23  203.6  25.5
071120251830  0.574  8.1  16.5  13.0  0.13  252.2  25.5
071120251831  0.578  8.2  17.3  13.0  0.22  203.8  25.5
071120251832  0.585  8.2  17.3  13.0  0.18  219.9  25.5
071120251833  0.589  8.0  16.9  13.0  0.19  216.1  25.5
071120251834  0.595  8.0  16.6  13.0  0.26  214.7  25.4
071120251835  0.600  8.0  16.8  13.0  0.19  211.2  25.4
071120251836  0.606  7.8  17.0  13.0  0.19  225.7  25.4
071120251837  0.611  7.9  15.9  11.1  0.19  225.6  25.4
071120251838  0.616  8.0  15.7  11.1  0.18  241.1  25.4
071120251839  0.619  8.1  16.4  11.1  0.16  225.6  25.4
071120251840  0.624  8.1  16.0  11.1  0.28  233.6  25.4
071120251841  0.628  8.1  15.7  11.1  0.26  223.3  25.4
071120251842  0.631  8.2  16.2  11.9  0.27  224.7  25.4
071120251843  0.636  8.3  17.2  11.9  0.36  210.7  25.4
071120251844  0.641  8.3  17.7  11.9  0.34  212.0  25.4
071120251845  0.646  8.3  18.2  11.9  0.29  214.7  25.4
071120251846  0.652  8.3  17.8  11.9  0.34  213.8  25.4
071120251847  0.656  8.3  17.2  11.9  0.22  230.8  25.4
071120251848  0.661  8.3  17.4  11.9  0.26  223.6  25.4
071120251849  0.666  8.6  17.6  12.1  0.31  217.5  25.4
071120251850  0.672  8.9  17.8  12.1  0.29  220.5  25.4
071120251851  0.676  9.0  18.1  12.5  0.28  217.3  25.4
071120251852  0.681  8.8  17.4  12.5  0.24  215.9  25.4
071120251853  0.687  8.8  16.9  12.5  0.32  219.8  25.4
071120251854  0.692  8.9  17.3  12.5  0.21  211.7  25.3
071120251855  0.699  8.9  17.2  12.5  0.26  196.3  25.3
071120251856  0.703  9.1  17.3  12.5  0.22  208.1  25.3
071120251857  0.708  9.1  17.5  12.5  0.25  221.5  25.3
071120251858  0.712  9.2  17.2  12.5  0.17  233.2  25.3
071120251859  0.716  9.1  17.3  12.5  0.29  210.5  25.3
071120251900  0.719  8.9  17.6  12.5  0.25  198.8  25.3
071120251901  0.721  8.7  17.0  11.4  0.19  209.3  25.3
071120251902  0.725  8.7  16.8  11.4  0.29  208.7  25.3
071120251903  0.729  8.8  16.7  11.4  0.29  198.6  25.3
071120251904  0.733  8.6  16.0  11.4  0.31  207.3  25.3
071120251905  0.737  8.6  15.5  11.2  0.34  209.2  25.3
071120251906  0.741  8.3  15.5  11.2  0.25  199.0  25.3
071120251907  0.744  8.1  16.4  11.2  0.25  205.1  25.3
071120251908  0.748  7.9  16.9  11.2  0.27  204.4  25.3
071120251909  0.752  7.8  16.3  11.0  0.22  208.6  25.3
071120251910  0.755  7.8  16.7  11.0  0.31  199.0  25.3
071120251911  0.758  7.9  17.8  11.0  0.13  231.3  25.3
071120251912  0.761  8.0  19.1  11.0  0.26  195.9  25.3
071120251913  0.764  8.0  19.8  11.0  0.29  205.4  25.3
071120251914  0.768  8.0  20.5  11.0  0.29  199.4  25.3
071120251915  0.771  8.1  21.5  11.0  0.25  218.8  25.3
071120251916  0.775  8.2  21.6  11.0  0.22  201.9  25.3
071120251917  0.778  8.3  20.9  11.0  0.18  207.1  25.3
071120251918  0.782  8.1  20.8  11.0  0.30  216.2  25.3
071120251919  0.786  8.1  20.0  11.5  0.37  208.4  25.3
071120251920  0.789  8.3  19.5  11.9  0.34  195.2  25.3
071120251921  0.794  8.3  17.9  11.9  0.33  202.7  25.3
071120251922  0.798  8.3  16.6  11.9  0.29  205.4  25.3
071120251923  0.801  8.2  16.5  11.9  0.49  206.0  25.3
071120251924  0.807  8.3  16.0  11.9  0.19  211.7  25.3
071120251925  0.811  8.2  16.1  11.9  0.31  207.3  25.3
071120251926  0.816  8.1  16.1  11.9  0.32  215.6  25.3
071120251927  0.821  8.0  15.5  11.9  0.39  206.2  25.3
071120251928  0.826  8.3  14.6  11.9  0.31  210.0  25.3
071120251929  0.831  8.3  15.7  11.9  0.34  210.4  25.3
071120251930  0.836  8.2  15.8  11.5  0.24  211.5  25.3
071120251931  0.842  8.3  16.3  11.5  0.37  208.0  25.3
071120251932  0.846  8.4  17.3  11.5  0.18  224.0  25.3
071120251933  0.852  8.3  17.6  11.5  0.36  203.7  25.3
071120251934  0.857  8.1  18.1  11.5  0.24  214.3  25.3
071120251935  0.861  8.3  17.3  11.5  0.31  202.7  25.3
071120251936  0.866  8.4  18.0  11.5  0.34  200.4  25.3
071120251937  0.872  8.3  19.0  11.5  0.39  212.1  25.3
071120251938  0.876  8.0  19.7  11.5  0.43  208.8  25.3
071120251939  0.880  7.9  19.9  11.1  0.39  206.9  25.3
071120251940  0.883  7.9  19.8  11.1  0.32  209.4  25.3
071120251941  0.888  7.9  19.6  11.1  0.25  219.4  25.3
071120251942  0.893  7.7  19.3  10.9  0.32  211.5  25.3
071120251943  0.897  7.8  19.0  10.9  0.31  210.0  25.3
071120251944  0.900  8.0  18.5  11.2  0.33  204.1  25.3
071120251945  0.902  7.9  18.7  11.2  0.20  231.5  25.3
071120251946  0.907  7.8  18.5  11.2  0.23  226.3  25.3
071120251947  0.910  7.9  18.2  11.2  0.24  223.0  25.3
071120251948  0.914  7.9  17.8  11.2  0.33  210.8  25.3
071120251949  0.917  8.0  17.0  11.2  0.28  224.9  25.3
071120251950  0.919  8.0  16.6  11.2  0.32  199.2  25.3
071120251951  0.922  8.2  15.7  11.2  0.28  204.8  25.3
071120251952  0.927  8.3  15.2  11.2  0.32  199.6  25.3
071120251953  0.930  8.1  14.5  11.2  0.33  197.5  25.3
071120251954  0.935  8.0  14.5  11.2  0.39  194.2  25.3
071120251955  0.939  7.9  14.2  11.2  0.37  190.0  25.2
071120251956  0.944  7.9  13.8  11.2  0.29  182.7  25.2
071120251957  0.949  7.9  13.3  11.2  0.25  179.1  25.2
071120251958  0.953  7.9  13.5  11.2  0.31  195.7  25.2
071120251959  0.958  7.9  13.0  11.2  0.38  179.6  25.2
071120252000  0.962  7.7  13.0  11.2  0.24  197.5  25.2
071120252001  0.966  7.4  13.3  10.6  0.38  183.2  25.2
071120252002  0.971  7.3  12.6  9.3  0.27  195.0  25.2
071120252003  0.976  7.3  11.8  9.3  0.31  187.9  25.2
071120252004  0.980  7.1  11.0  9.3  0.28  175.1  25.2
071120252005  0.984  6.9  10.5  9.3  0.38  191.5  25.2
071120252006  0.988  6.9  9.4  9.3  0.29  188.5  25.2
071120252007  0.993  6.9  8.5  9.3  0.20  190.0  25.2
071120252008  0.997  7.0  7.4  9.9  0.35  195.7  25.2
071120252009  1.002  7.0  6.7  9.9  0.32  173.2  25.2
071120252010  1.007  7.0  7.1  9.9  0.25  196.3  25.1
071120252011  1.013  7.1  6.9  9.9  0.21  207.1  25.1
071120252012  1.017  7.1  8.0  9.9  0.31  177.6  25.1
071120252013  1.021  7.2  8.6  9.9  0.16  187.9  25.1
071120252014  1.025  7.3  8.9  9.9  0.33  188.3  25.1
071120252015  1.029  7.6  8.6  9.9  0.32  197.3  25.1
071120252016  1.032  7.6  9.0  9.9  0.27  199.3  25.1
071120252017  1.036  7.7  9.1  10.1  0.25  195.0  25.1
071120252018  1.039  7.6  9.7  10.1  0.21  193.2  25.1
071120252019  1.042  7.7  10.1  10.1  0.26  190.4  25.1
071120252020  1.044  7.7  9.7  10.1  0.17  177.3  25.1
071120252021  1.046  7.7  10.7  10.1  0.29  193.8  25.1
071120252022  1.049  7.7  10.4  10.1  0.32  189.3  25.1
071120252023  1.051  7.7  10.2  10.1  0.25  185.6  25.1
071120252024  1.053  7.7  9.2  10.1  0.14  190.0  25.0
071120252025  1.053  7.7  8.1  10.1  0.35  193.2  25.0
071120252026  1.056  7.7  6.1  10.1  0.26  172.5  25.0
071120252027  1.058  7.7  5.0  9.7  0.35  195.5  25.0
071120252028  1.061  7.7  3.2  9.7  0.27  186.8  25.0
071120252029  1.064  7.7  1.9  9.7  0.29  203.9  25.0
071120252030  1.066  7.8  0.7  9.7  0.25  195.4  25.0
071120252031  1.068  7.9  358.4  9.7  0.39  193.4  25.0
071120252032  1.070  7.8  356.9  9.5  0.20  214.8  25.0
071120252033  1.072  7.8  355.6  9.5  0.36  210.8  25.0
071120252034  1.074  7.8  355.1  9.5  0.17  196.7  25.0
071120252035  1.076  7.7  355.4  9.5  0.11  205.0  25.0
071120252036  1.080  7.6  356.0  9.3  0.28  181.7  25.0
071120252037  1.082  7.5  356.0  9.3  0.29  184.7  25.0
071120252038  1.083  7.4  356.3  9.3  0.32  181.9  25.0
071120252039  1.086  7.3  355.4  9.3  0.27  180.0  25.0
071120252040  1.088  7.2  354.1  8.3  0.36  190.9  25.0
071120252041  1.089  7.2  353.5  8.3  0.13  188.3  25.0
071120252042  1.091  7.2  352.2  8.9  0.28  195.6  25.0
071120252043  1.094  7.4  350.8  9.3  0.23  194.9  25.0
071120252044  1.095  7.5  350.7  9.4  0.17  188.7  25.0
071120252045  1.098  7.6  350.4  9.4  0.23  183.8  25.0
071120252046  1.099  7.5  348.2  9.4  0.37  184.2  25.0
071120252047  1.100  7.4  346.7  9.4  0.30  183.2  24.9
071120252048  1.102  7.2  344.2  9.4  0.19  194.6  24.9
071120252049  1.102  7.1  341.7  9.4  0.27  175.1  24.9
071120252050  1.104  6.9  339.6  9.4  0.22  172.7  24.9
071120252051  1.106  6.6  336.6  9.4  0.36  179.8  24.9
071120252052  1.108  6.2  334.3  9.4  0.29  184.5  24.9
071120252053  1.110  5.7  331.5  9.4  0.39  191.1  24.9
071120252054  1.111  5.3  327.4  8.4  0.28  189.6  24.9
071120252055  1.112  4.9  320.7  7.5  0.23  181.7  24.9
071120252056  1.113  4.6  318.0  7.5  0.27  173.7  24.9
071120252057  1.114  4.3  315.1  7.5  0.28  182.5  24.9
071120252058  1.115  4.0  312.6  7.5  0.27  189.2  24.9
071120252059  1.116  3.7  310.3  6.6  0.23  193.9  24.9
071120252100  1.117  3.5  308.2  6.6  0.33  200.2  24.9
071120252101  1.118  3.4  311.3  6.6  0.17  211.9  24.9
071120252102  1.120  3.2  311.4  5.1  0.15  206.3  24.9
071120252103  1.122  3.2  311.8  5.1  0.22  212.5  24.8
071120252104  1.124  3.0  310.5  5.1  0.30  211.5  24.8
071120252105  1.125  2.9  313.2  5.1  0.24  204.0  24.8
071120252106  1.126  2.8  313.0  5.1  0.31  185.6  24.8
071120252107  1.128  2.8  312.9  5.1  0.24  192.8  24.8
071120252108  1.128  2.7  313.5  5.1  0.18  197.3  24.8
071120252109  1.130  2.7  315.7  5.1  0.17  199.4  24.8
071120252110  1.130  2.7  317.6  5.1  0.29  193.8  24.8
071120252111  1.131  2.5  313.7  3.8  0.20  190.0  24.8
071120252112  1.133  2.6  310.4  4.1  0.30  195.9  24.8
071120252113  1.136  2.6  311.7  4.1  0.16  216.3  24.8
071120252114  1.136  2.7  312.6  4.1  0.23  185.1  24.8
071120252115  1.137  2.8  312.9  4.1  0.19  197.1  24.8
071120252116  1.137  2.8  315.1  4.1  0.21  195.2  24.8
071120252117  1.137  2.8  315.7  4.1  0.19  208.8  24.8
071120252118  1.137  2.8  315.4  4.1  0.20  190.6  24.8
071120252119  1.137  2.8  314.2  4.1  0.18  178.8  24.8
071120252120  1.137  2.8  313.7  4.1  0.20  195.5  24.7
071120252121  1.138  2.8  314.6  4.1  0.18  227.4  24.7
071120252122  1.138  2.7  316.2  4.1  0.23  209.3  24.7
071120252123  1.139  2.7  314.8  4.1  0.19  180.4  24.7
071120252124  1.139  2.8  313.1  4.3  0.18  203.4  24.7
071120252125  1.137  2.8  313.1  4.3  0.17  205.7  24.7
071120252126  1.137  2.9  313.0  4.7  0.20  191.7  24.7
071120252127  1.136  3.1  313.7  4.8  0.21  208.6  24.7
071120252128  1.136  3.2  313.4  4.8  0.19  206.0  24.7
071120252129  1.136  3.2  313.7  4.8  0.26  196.1  24.7
071120252130  1.136  3.1  312.7  4.8  0.19  195.8  24.7
071120252131  1.136  3.2  312.3  4.8  0.13  196.7  24.7
071120252132  1.136  3.4  311.1  5.2  0.20  184.3  24.7
071120252133  1.136  3.5  310.9  5.2  0.26  187.0  24.7
071120252134  1.135  3.4  312.2  5.2  0.15  194.6  24.7
071120252135  1.135  3.5  311.3  5.2  0.20  190.0  24.7
071120252136  1.135  3.4  311.3  5.2  0.20  191.7  24.7
071120252137  1.133  3.3  310.3  5.2  0.19  171.4  24.7
071120252138  1.132  3.3  311.2  5.2  0.06  186.1  24.7
071120252139  1.132  3.3  312.1  5.2  0.22  177.7  24.7
071120252140  1.132  3.2  312.9  5.2  0.12  184.5  24.7
071120252141  1.132  3.1  314.2  5.2  0.23  161.7  24.7
071120252142  1.132  2.9  317.9  5.0  0.22  170.8  24.6
071120252143  1.133  2.9  320.0  4.5  0.26  174.9  24.6
071120252144  1.132  3.0  321.4  5.3  0.19  167.1  24.6
071120252145  1.131  3.0  324.0  5.3  0.20  169.8  24.6
071120252146  1.131  3.0  322.9  5.3  0.19  172.3  24.6
071120252147  1.131  2.9  323.5  5.3  0.19  172.5  24.6
071120252148  1.131  2.9  325.7  5.3  0.13  207.9  24.6
071120252149  1.131  3.2  326.8  5.8  0.14  193.2  24.6
071120252150  1.131  3.3  324.4  5.8  0.09  201.1  24.6
071120252151  1.132  3.4  323.5  5.8  0.23  184.2  24.6
071120252152  1.132  3.4  321.9  5.8  0.23  195.8  24.6
071120252153  1.133  3.3  321.8  5.8  0.08  183.4  24.6
071120252154  1.133  3.3  319.2  5.8  0.04  111.9  24.6
071120252155  1.133  3.2  318.8  5.8  0.09  176.9  24.6
071120252156  1.134  3.3  319.7  5.8  0.22  181.0  24.6
071120252157  1.136  3.4  320.9  5.8  0.11  188.0  24.6
071120252158  1.137  3.5  319.6  5.8  0.21  188.9  24.6
071120252159  1.137  3.4  317.0  5.6  0.15  153.4  24.6
071120252200  1.138  3.4  317.2  5.1  0.23  150.1  24.6
071120252201  1.139  3.4  316.2  5.1  0.16  176.5  24.6
071120252202  1.139  3.5  314.9  5.1  0.09  181.7  24.6
071120252203  1.139  3.6  314.3  5.5  0.07  135.9  24.6
071120252204  1.139  3.7  315.1  5.5  0.15  158.4  24.6
071120252205  1.138  3.6  315.0  5.5  0.13  170.5  24.6
071120252206  1.139  3.6  313.6  5.5  0.10  169.2  24.6
071120252207  1.139  3.5  312.2  5.5  0.14  176.7  24.6
071120252208  1.137  3.3  311.3  5.5  0.22  183.8  24.6
071120252209  1.137  3.3  311.9  5.5  0.23  164.7  24.6
071120252210  1.136  3.3  312.3  5.5  0.19  154.8  24.5
071120252211  1.135  3.3  313.0  5.5  0.13  151.1  24.5
071120252212  1.134  3.2  314.6  5.5  0.07  123.0  24.5
071120252213  1.132  3.1  314.9  4.2  0.16  141.6  24.5
071120252214  1.130  3.0  316.1  4.2  0.14  125.5  24.5
071120252215  1.130  3.0  316.4  4.5  0.13  142.6  24.5
071120252216  1.129  3.0  316.9  4.5  0.05  134.8  24.5
071120252217  1.127  3.1  317.7  4.5  0.13  174.5  24.5
071120252218  1.126  3.2  318.6  4.5  0.12  165.6  24.5
071120252219  1.125  3.1  318.3  4.5  0.06  167.5  24.5
071120252220  1.124  3.0  319.0  4.5  0.04  176.0  24.5
071120252221  1.121  2.8  318.8  4.5  0.05  215.5  24.5
071120252222  1.119  2.8  317.8  4.5  0.12  179.0  24.5
071120252223  1.116  2.8  316.7  4.5  0.19  155.7  24.5
071120252224  1.114  2.8  316.5  4.5  0.17  120.1  24.4
071120252225  1.110  2.7  315.0  4.5  0.12  161.3  24.4
071120252226  1.107  2.7  314.9  4.5  0.12  156.6  24.4
071120252227  1.104  2.7  312.3  5.2  0.04  132.9  24.4
071120252228  1.102  2.8  313.0  5.2  0.10  135.5  24.4
071120252229  1.100  2.9  313.3  5.2  0.21  176.7  24.4
071120252230  1.097  3.0  314.3  5.2  0.06  102.0  24.4
071120252231  1.094  3.1  313.9  5.2  0.13  150.0  24.4
071120252232  1.089  3.2  313.8  5.2  0.07  186.8  24.4
071120252233  1.086  3.2  314.4  5.2  0.06  201.3  24.4
071120252234  1.081  3.3  314.3  5.2  0.10  179.1  24.4
071120252235  1.077  3.4  314.4  5.2  0.07  302.8  24.4
071120252236  1.074  3.3  315.0  5.2  0.02  228.7  24.4
071120252237  1.070  3.2  316.7  4.7  0.15  182.4  24.4
071120252238  1.066  3.1  314.8  4.7  0.02  268.7  24.4
071120252239  1.062  3.0  315.4  4.7  0.03  241.8  24.4
071120252240  1.058  3.0  315.3  4.7  0.04  277.5  24.4
071120252241  1.053  2.9  316.8  4.7  0.05  143.4  24.4
071120252242  1.048  2.9  316.8  4.7  0.16  197.0  24.4
071120252243  1.045  2.8  316.2  4.7  0.04  29.4  24.4
071120252244  1.039  2.8  315.3  4.6  0.03  197.6  24.4
071120252245  1.035  2.8  313.3  4.6  0.10  168.0  24.4
071120252246  1.031  2.9  313.0  4.6  0.07  158.2  24.4
071120252247  1.027  3.0  312.0  4.6  0.09  118.4  24.4
071120252248  1.023  3.0  313.0  4.6  0.03  129.7  24.4
071120252249  1.019  3.0  312.3  4.6  0.08  158.1  24.4
071120252250  1.015  3.0  313.6  4.6  0.05  76.3  24.4
071120252251  1.011  2.9  313.7  4.6  0.09  86.0  24.4
071120252252  1.007  2.9  314.4  4.6  0.07  84.9  24.4
071120252253  1.002  3.0  315.0  4.6  0.04  34.2  24.4
071120252254  0.998  3.0  315.5  4.5  nan  nan  nan
071120252255  0.992  2.8  317.6  4.5  0.12  32.3  24.4
071120252256  0.989  2.8  316.6  4.1  0.16  30.4  24.4
071120252257  0.983  2.6  318.2  4.1  0.14  27.9  24.4
071120252258  0.980  2.4  317.9  4.0  0.11  250.4  24.4
071120252259  0.975  2.3  318.2  4.0  0.10  311.0  24.4
071120252300  0.969  2.3  314.3  4.0  0.10  335.7  24.4
071120252301  0.965  2.3  312.6  4.0  0.06  336.8  24.4
071120252302  0.961  2.3  311.9  4.0  0.11  332.0  24.4
071120252303  0.957  2.2  310.6  3.6  0.07  307.3  24.4
071120252304  0.953  2.2  309.4  3.7  0.02  289.5  24.4
071120252305  0.949  2.2  307.6  3.7  0.15  5.5  24.4
071120252306  0.946  2.1  306.7  3.7  0.13  265.0  24.4
071120252307  0.942  2.3  304.8  3.8  0.08  278.5  24.4
071120252308  0.939  2.5  302.8  4.2  0.03  287.1  24.4
071120252309  0.936  2.6  299.2  4.2  0.10  303.5  24.4
071120252310  0.933  2.6  297.1  4.2  0.11  339.4  24.4
071120252311  0.930  2.6  294.8  4.2  0.21  344.6  24.5
071120252312  0.928  2.6  293.1  4.2  0.18  354.5  24.5
071120252313  0.926  2.6  290.9  4.2  0.07  16.7  24.5
071120252314  0.925  2.6  288.6  4.2  0.15  46.6  24.5
071120252315  0.923  2.6  287.0  4.2  0.16  44.9  24.5
071120252316  0.922  2.5  286.3  4.2  0.02  100.0  24.5
071120252317  0.921  2.4  283.9  4.2  0.20  18.0  24.5
071120252318  0.920  2.3  284.6  3.5  0.20  28.8  24.5
071120252319  0.919  2.3  286.3  3.5  0.15  50.3  24.5
071120252320  0.919  2.3  287.1  3.5  0.15  31.7  24.5
071120252321  0.916  2.4  287.6  3.7  0.16  33.5  24.5
071120252322  0.914  2.4  287.2  3.7  0.07  101.5  24.5
071120252323  0.913  2.5  288.6  3.7  0.06  80.5  24.5
071120252324  0.911  2.5  287.7  3.7  0.12  32.3  24.5
071120252325  0.908  2.6  286.9  3.7  0.19  47.3  24.5
071120252326  0.907  2.6  286.1  3.7  0.03  38.1  24.5
071120252327  0.906  2.7  285.1  3.7  0.15  37.9  24.5
071120252328  0.903  2.7  284.9  3.7  0.09  71.9  24.5
071120252329  0.900  2.7  286.7  3.7  0.17  79.9  24.5
071120252330  0.896  2.6  287.6  3.7  0.17  82.0  24.5
071120252331  0.892  2.4  289.9  3.5  0.17  30.9  24.5
071120252332  0.889  2.4  292.3  3.8  0.15  55.0  24.5
071120252333  0.885  2.4  293.8  3.8  0.30  45.4  24.5
071120252334  0.883  2.5  297.4  3.8  0.18  53.3  24.5
071120252335  0.880  2.4  299.5  3.8  0.23  44.6  24.5
071120252336  0.877  2.5  302.9  3.8  0.10  75.5  24.5
071120252337  0.874  2.6  307.2  3.8  0.16  58.4  24.5
071120252338  0.871  2.6  308.7  3.8  0.14  43.5  24.5
071120252339  0.866  2.6  309.9  3.8  0.19  40.5  24.5
071120252340  0.863  2.6  311.9  3.8  0.22  30.1  24.5
071120252341  0.859  2.6  312.9  3.8  0.22  25.6  24.5
071120252342  0.854  2.6  313.6  3.8  0.30  20.7  24.5
071120252343  0.850  2.5  314.5  3.8  0.23  24.4  24.5
071120252344  0.845  2.4  315.7  3.7  0.33  20.5  24.5
071120252345  0.842  2.3  317.7  3.7  0.23  27.7  24.5
071120252346  0.839  2.3  318.9  3.7  0.19  20.5  24.5
071120252347  0.834  2.1  319.6  3.7  0.39  9.7  24.5
071120252348  0.830  2.0  321.2  2.8  0.31  8.9  24.5
071120252349  0.826  2.0  322.8  2.9  0.33  16.4  24.5
071120252350  0.820  2.0  323.5  2.9  0.25  17.6  24.5
071120252351  0.815  2.0  326.1  3.6  0.12  13.8  24.5
071120252352  0.811  2.1  328.9  4.0  0.30  10.4  24.5
071120252353  0.804  2.2  328.4  4.0  0.31  14.7  24.5
071120252354  0.799  2.3  327.5  4.0  0.37  22.7  24.5
071120252355  0.794  2.4  328.7  4.0  0.33  17.1  24.5
071120252356  0.788  2.5  329.5  4.0  0.30  15.1  24.5
071120252357  0.783  2.6  330.6  4.0  0.32  28.3  24.5
071120252358  0.778  2.6  330.3  4.0  0.34  21.9  24.5
071120252359  0.773  2.7  329.2  4.0  0.23  13.3  24.5
081120250000  0.767  2.8  328.8  4.0  0.41  27.6  24.5
081120250001  0.761  2.9  327.7  4.0  0.31  37.7  24.5
081120250002  0.755  2.8  326.5  3.7  0.33  35.7  24.5
081120250003  0.750  2.8  326.1  3.7  0.34  32.8  24.5
081120250004  0.744  2.8  325.5  3.7  0.41  36.6  24.4
081120250005  0.738  2.8  324.7  3.7  0.45  34.4  24.4
081120250006  0.732  2.9  323.0  3.9  0.46  41.1  24.4
081120250007  0.726  2.8  319.8  3.9  0.38  44.3  24.4
081120250008  0.721  2.8  317.2  3.9  0.41  39.4  24.4
081120250009  0.715  2.7  315.2  3.9  0.47  35.5  24.4
081120250010  0.708  2.6  313.2  3.9  0.41  41.0  24.4
081120250011  0.701  2.5  310.3  3.9  0.42  40.2  24.4
081120250012  0.697  2.4  309.3  3.9  0.56  32.1  24.4
081120250013  0.691  2.4  309.9  3.9  0.40  51.3  24.4
081120250014  0.685  2.4  309.8  3.9  0.49  43.4  24.4
081120250015  0.678  2.4  309.8  3.9  0.44  39.1  24.4
081120250016  0.672  2.4  309.1  3.6  0.46  38.5  24.4
081120250017  0.666  2.5  309.9  3.6  0.48  37.9  24.4
081120250018  0.659  2.5  309.9  3.8  0.67  28.3  24.4
081120250019  0.653  2.6  308.2  3.8  0.58  33.5  24.4
081120250020  0.646  2.7  307.0  3.8  0.48  33.2  24.4
081120250021  0.642  2.8  305.7  3.8  0.49  34.1  24.4
081120250022  0.636  2.8  304.0  3.8  0.44  46.9  24.4
081120250023  0.630  2.8  303.4  3.8  0.55  41.4  24.4
081120250024  0.625  2.7  304.4  3.8  0.42  54.2  24.4
081120250025  0.618  2.7  304.0  3.8  0.45  53.2  24.5
081120250026  0.613  2.7  304.5  3.8  0.48  51.9  24.5
081120250027  0.607  2.7  304.2  4.5  0.61  38.8  24.5
081120250028  0.601  2.7  303.2  4.5  0.45  53.9  24.5
081120250029  0.596  2.7  304.9  4.5  0.45  49.0  24.5
081120250030  0.592  2.6  306.5  4.5  0.44  42.6  24.5
081120250031  0.587  2.6  307.2  4.5  0.54  45.5  24.5
081120250032  0.582  2.6  309.1  4.5  0.38  60.8  24.5
081120250033  0.578  2.6  308.1  4.5  0.42  75.1  24.5
081120250034  0.573  2.6  308.0  4.5  0.49  54.4  24.5
081120250035  0.569  2.5  307.9  4.5  0.50  42.3  24.5
081120250036  0.564  2.4  306.8  4.5  0.45  43.6  24.5
081120250037  0.560  2.3  305.9  4.3  0.52  45.1  24.5
081120250038  0.556  2.2  305.1  4.3  0.45  55.3  24.5
081120250039  0.551  2.1  301.8  3.3  0.51  43.9  24.5
081120250040  0.547  2.0  300.9  3.1  0.50  38.3  24.5
081120250041  0.544  2.0  299.9  3.2  0.48  53.9  24.6
081120250042  0.540  2.1  299.3  3.2  0.39  59.6  24.6
081120250043  0.536  2.1  300.3  3.2  0.51  43.3  24.6
081120250044  0.532  2.0  298.7  3.2  0.53  45.4  24.6
081120250045  0.528  2.0  298.1  3.2  0.47  43.8  24.6
081120250046  0.523  2.1  298.8  3.2  0.43  44.3  24.6
081120250047  0.519  2.1  299.3  3.2  0.38  61.7  24.6
081120250048  0.513  2.2  300.7  3.2  0.39  57.2  24.6
081120250049  0.509  2.2  302.6  3.2  0.47  43.3  24.6
081120250050  0.503  2.3  303.0  3.3  0.48  32.6  24.6
081120250051  0.499  2.4  304.1  3.3  0.42  40.1  24.6
081120250052  0.493  2.4  302.5  3.3  0.48  40.0  24.6
081120250053  0.488  2.3  301.7  3.3  0.37  48.9  24.6
081120250054  0.483  2.5  298.8  3.3  0.46  50.9  24.6
081120250055  0.477  2.5  295.5  3.3  0.42  44.4  24.6
081120250056  0.472  2.5  291.1  3.3  0.49  41.7  24.6
081120250057  0.467  2.3  289.4  3.3  0.46  35.3  24.6
081120250058  0.461  2.2  292.4  3.3  0.51  38.2  24.6
081120250059  0.456  2.0  293.8  3.3  0.51  44.4  24.6
081120250100  0.451  1.8  287.8  3.2  0.44  54.3  24.6
081120250101  0.446  1.6  281.3  3.2  0.51  43.3  24.6
081120250102  0.441  1.5  278.4  3.2  0.55  41.8  24.6
081120250103  0.436  1.4  272.6  3.2  0.34  57.7  24.6
081120250104  0.432  1.2  268.9  3.2  0.49  42.9  24.6
081120250105  0.428  1.1  267.2  2.8  0.44  51.0  24.6
081120250106  0.425  1.0  272.2  2.7  0.47  41.1  24.6
081120250107  0.421  1.0  277.6  2.7  0.35  65.6  24.6
081120250108  0.417  0.8  268.3  2.3  0.32  61.5  24.6
081120250109  0.414  0.8  251.7  2.0  0.36  51.5  24.7
081120250110  0.411  0.7  234.8  2.9  0.35  59.3  24.7
081120250111  0.408  0.7  208.9  3.2  0.34  65.7  24.7
081120250112  0.403  0.9  188.6  3.2  0.39  48.7  24.7
081120250113  0.401  1.1  177.1  3.2  0.52  36.5  24.7
081120250114  0.396  1.3  171.5  3.2  0.43  44.4  24.7
081120250115  0.393  1.6  169.5  3.2  0.43  39.2  24.7
081120250116  0.390  2.0  166.0  3.4  0.47  52.3  24.7
081120250117  0.385  2.4  167.8  3.6  0.40  55.8  24.7
081120250118  0.381  2.7  173.1  3.6  0.45  38.0  24.7
081120250119  0.376  2.9  176.6  3.9  0.48  42.0  24.7
081120250120  0.373  2.9  180.5  3.9  0.46  49.9  24.7
081120250121  0.368  2.9  185.4  3.9  0.43  48.0  24.7
081120250122  0.362  2.9  189.3  3.9  0.46  47.7  24.7
081120250123  0.356  2.9  192.8  3.9  0.37  52.0  24.7
081120250124  0.351  2.9  195.7  3.9  0.37  58.6  24.7
081120250125  0.346  2.8  199.3  3.9  0.40  46.6  24.7
081120250126  0.340  2.6  206.3  3.9  0.39  64.9  24.7
081120250127  0.335  2.4  213.5  3.9  0.47  70.1  24.7
081120250128  0.331  2.1  220.3  3.9  0.39  74.7  24.7
081120250129  0.326  1.9  230.8  3.3  0.49  49.9  24.7
081120250130  0.321  1.7  241.1  3.3  0.45  51.9  24.7
081120250131  0.317  1.6  253.9  3.0  0.40  64.4  24.7
081120250132  0.311  1.6  268.2  3.1  0.48  51.5  24.7
081120250133  0.306  1.7  277.6  3.1  0.49  42.4  24.7
081120250134  0.302  1.8  286.4  3.1  0.52  50.3  24.7
081120250135  0.297  1.8  290.5  3.1  0.50  52.6  24.7
081120250136  0.292  1.8  294.6  3.1  0.44  53.9  24.7
081120250137  0.288  1.8  293.8  3.1  0.50  51.0  24.7
081120250138  0.283  1.8  292.9  3.1  0.41  55.4  24.7
081120250139  0.278  1.7  289.0  3.1  0.47  43.3  24.7
081120250140  0.276  1.6  285.9  3.1  0.41  59.4  24.7
081120250141  0.272  1.5  286.6  3.1  0.52  48.5  24.7
081120250142  0.267  1.3  288.2  2.4  0.43  47.3  24.7
081120250143  0.262  1.3  290.6  2.4  0.45  51.0  24.7
081120250144  0.259  1.4  296.4  3.3  0.42  54.8  24.7
081120250145  0.256  1.5  299.8  3.3  0.42  48.6  24.7
081120250146  0.253  1.6  297.6  3.3  0.46  53.4  24.7
081120250147  0.250  1.5  296.7  3.3  0.42  59.7  24.8
081120250148  0.246  1.5  292.2  3.3  0.45  55.9  24.8
081120250149  0.242  1.6  293.3  3.3  0.39  58.6  24.8
081120250150  0.238  1.7  291.9  3.4  0.40  45.4  24.8
081120250151  0.235  1.9  288.0  3.4  0.45  49.8  24.8
081120250152  0.229  2.0  285.5  3.4  0.37  57.3  24.8
081120250153  0.225  2.0  283.0  3.4  0.31  53.2  24.8
081120250154  0.220  1.9  274.2  3.4  0.53  39.6  24.8
081120250155  0.216  2.0  262.1  4.3  0.44  46.5  24.8
081120250156  0.211  2.1  252.4  4.8  0.48  43.2  24.8
081120250157  0.207  2.3  245.7  4.8  0.41  47.8  24.8
081120250158  0.202  2.4  242.6  4.8  0.48  43.4  24.8
081120250159  0.199  2.5  238.1  4.8  0.50  40.3  24.8
081120250200  0.193  2.6  234.8  4.8  0.44  51.4  24.8
081120250201  0.189  2.8  231.9  4.8  0.45  53.4  24.8
081120250202  0.186  3.0  229.9  4.8  0.42  61.3  24.8
081120250203  0.182  3.2  228.6  4.8  0.54  45.3  24.8
081120250204  0.179  3.4  229.2  4.8  0.42  40.9  24.8
081120250205  0.175  3.3  229.5  4.8  0.39  56.8  24.8
081120250206  0.171  3.0  230.5  4.4  0.48  44.1  24.8
081120250207  0.168  2.7  236.0  4.2  0.42  48.6  24.8
081120250208  0.164  2.4  240.5  4.2  0.42  59.9  24.8
081120250209  0.160  2.3  246.3  4.2  0.51  52.0  24.8
081120250210  0.156  2.1  252.4  4.2  0.38  55.6  24.8
081120250211  0.153  2.0  257.3  3.6  0.58  44.2  24.8
081120250212  0.152  1.9  259.3  3.6  0.42  47.7  24.8
081120250213  0.149  1.9  262.0  3.6  0.49  52.7  24.8
081120250214  0.146  1.9  270.5  3.9  0.44  54.3  24.8
081120250215  0.143  1.9  278.1  3.9  0.51  45.8  24.8
081120250216  0.139  2.0  285.5  3.9  0.51  49.1  24.8
081120250217  0.136  2.1  283.0  3.9  0.43  61.5  24.8
081120250218  0.133  2.1  278.0  3.9  0.39  66.5  24.8
081120250219  0.130  2.2  272.7  3.9  0.47  50.0  24.8
081120250220  0.127  2.1  273.2  3.9  0.51  46.9  24.8
081120250221  0.125  1.9  274.2  3.9  0.49  52.1  24.8
081120250222  0.122  2.0  269.8  3.9  0.41  51.7  24.9
081120250223  0.121  1.9  266.3  3.9  0.30  55.3  24.9
081120250224  0.120  2.0  258.4  3.8  0.46  46.3  24.9
081120250225  0.117  2.0  250.2  3.8  0.42  59.5  24.9
081120250226  0.116  2.1  241.3  3.8  0.42  55.4  24.9
081120250227  0.114  2.1  239.1  3.8  0.50  49.9  24.9
081120250228  0.113  2.0  239.8  3.8  0.61  45.8  24.9
081120250229  0.111  1.8  242.0  3.8  0.42  70.5  24.9
081120250230  0.110  2.0  240.7  3.8  0.48  52.6  24.9
081120250231  0.110  2.0  239.6  3.8  0.42  69.2  24.9
081120250232  0.109  1.9  246.7  3.8  0.42  49.4  24.9
081120250233  0.106  1.9  254.8  3.8  0.44  55.5  24.9
081120250234  0.106  1.9  263.3  3.8  0.47  40.7  24.9
081120250235  0.104  2.0  273.1  3.8  0.42  61.8  24.9
081120250236  0.103  2.2  281.7  3.9  0.57  44.0  24.9
081120250237  0.103  2.3  285.5  4.3  0.50  47.9  24.9
081120250238  0.101  2.5  287.5  4.3  0.32  60.4  24.9
081120250239  0.099  2.8  289.8  4.4  0.43  63.6  24.9
081120250240  0.097  3.0  292.5  5.1  0.39  57.6  24.9
081120250241  0.094  3.3  295.9  5.1  0.47  51.6  24.9
081120250242  0.091  3.5  296.4  5.6  0.48  48.2  24.9
081120250243  0.090  3.6  295.6  5.6  0.45  48.0  24.9
081120250244  0.086  3.8  294.4  5.6  0.38  56.4  24.9
081120250245  0.084  3.9  294.2  5.6  0.41  53.1  24.9
081120250246  0.083  4.0  293.1  5.9  0.58  39.0  24.9
081120250247  0.079  4.1  292.0  5.9  0.45  54.8  24.9
081120250248  0.077  4.1  291.9  5.9  0.47  54.7  24.9
081120250249  0.075  4.0  290.6  5.9  0.42  49.9  24.9
081120250250  0.072  3.9  290.7  5.9  0.39  51.8  24.9
081120250251  0.071  3.8  290.9  5.9  0.37  57.2  24.9
081120250252  0.067  3.5  290.9  5.9  0.46  47.7  24.9
081120250253  0.065  3.4  294.7  5.9  0.40  53.6  24.9
081120250254  0.064  3.2  298.1  5.9  0.41  54.8  24.9
081120250255  0.062  3.0  298.5  5.9  0.41  56.7  24.9
081120250256  0.061  2.8  299.7  5.2  0.43  55.9  24.9
081120250257  0.060  2.6  302.0  4.5  0.46  42.7  24.9
081120250258  0.056  2.4  304.0  4.5  0.53  43.5  24.9
081120250259  0.053  2.2  307.7  4.1  0.36  61.2  24.9
081120250300  0.051  2.1  309.5  3.5  0.48  44.3  25.0
081120250301  0.050  2.0  311.5  3.5  0.48  49.4  25.0
081120250302  0.049  2.1  310.4  3.5  0.43  51.2  25.0
081120250303  0.049  2.1  306.5  4.0  0.48  46.6  25.0
081120250304  0.048  2.0  303.2  4.0  0.44  53.7  25.0
081120250305  0.046  2.0  301.0  4.0  0.43  58.9  25.0
081120250306  0.044  2.0  297.9  4.0  0.36  58.2  25.0
081120250307  0.042  1.9  292.9  4.0  0.49  48.2  25.0
081120250308  0.038  2.0  283.4  4.0  0.39  47.7  25.0
081120250309  0.037  2.1  271.9  4.6  0.37  47.2  25.0
081120250310  0.036  2.3  264.6  4.6  0.36  57.0  25.0
081120250311  0.036  2.5  257.8  4.6  0.40  60.3  25.0
081120250312  0.036  2.7  251.9  4.6  0.46  45.8  25.0
081120250313  0.035  2.7  247.7  4.6  0.34  46.0  25.0
081120250314  0.035  2.8  246.6  4.6  0.32  58.4  25.0
081120250315  0.034  2.9  244.4  4.6  0.39  48.7  25.0
081120250316  0.033  3.1  241.0  4.7  0.38  60.9  25.0
081120250317  0.032  3.2  239.8  4.7  0.32  75.6  25.0
081120250318  0.031  3.2  238.4  4.7  0.40  56.4  25.0
081120250319  0.031  3.3  239.2  5.0  0.38  51.9  25.0
081120250320  0.031  3.4  238.4  5.0  0.35  62.7  25.0
081120250321  0.029  3.5  235.6  5.0  0.43  48.8  25.0
081120250322  0.030  3.6  233.9  5.4  0.37  65.0  25.0
081120250323  0.029  3.6  230.4  5.4  0.39  55.2  25.0
081120250324  0.031  3.8  225.6  5.4  0.43  49.1  25.0
081120250325  0.031  3.8  223.7  5.4  0.39  59.5  25.0
081120250326  0.029  3.8  222.8  5.4  0.34  61.3  25.0
081120250327  0.029  3.9  222.9  5.4  0.31  70.2  25.0
081120250328  0.029  3.9  223.1  5.4  0.37  74.9  25.0
081120250329  0.029  3.7  222.8  5.4  0.42  53.3  25.0
081120250330  0.030  3.7  223.0  5.4  0.33  60.9  25.0
081120250331  0.030  3.6  224.9  5.4  0.39  50.4  25.0
081120250332  0.030  3.3  226.6  4.6  0.31  57.8  25.1
081120250333  0.030  3.2  229.6  4.6  0.33  55.0  25.1
081120250334  0.030  3.0  233.8  4.6  0.30  54.0  25.1
081120250335  0.031  2.9  235.9  4.6  0.27  49.4  25.1
081120250336  0.031  2.7  239.5  4.6  0.31  49.1  25.1
081120250337  0.031  2.5  242.7  4.4  0.43  39.4  25.1
081120250338  0.032  2.3  247.6  3.9  0.42  39.7  25.1
081120250339  0.033  2.1  252.4  3.9  0.32  53.8  25.1
081120250340  0.034  1.9  257.7  3.6  0.32  38.7  25.1
081120250341  0.036  1.7  257.2  2.7  0.33  35.5  25.1
081120250342  0.036  1.7  253.1  3.3  0.36  30.8  25.1
081120250343  0.038  1.8  249.6  3.4  0.31  30.4  25.1
081120250344  0.039  1.9  247.1  3.7  0.26  39.8  25.1
081120250345  0.041  2.0  245.6  3.7  0.32  35.8  25.1
081120250346  0.042  2.1  241.4  3.8  0.29  35.0  25.1
081120250347  0.044  2.2  238.4  3.8  0.33  36.7  25.1
081120250348  0.045  2.3  231.4  3.8  0.31  23.4  25.1
081120250349  0.046  2.5  226.8  3.8  0.28  27.2  25.1
081120250350  0.050  2.7  222.9  3.8  0.23  21.4  25.1
081120250351  0.052  2.8  221.1  3.8  0.23  23.6  25.1
081120250352  0.054  2.8  220.6  3.8  0.19  22.8  25.1
081120250353  0.057  2.8  218.8  3.8  0.31  28.8  25.1
081120250354  0.059  2.6  215.2  3.8  0.11  41.1  25.1
081120250355  0.061  2.3  211.0  3.8  0.18  24.3  25.1
081120250356  0.063  2.0  205.0  3.8  0.19  19.3  25.1
081120250357  0.066  1.8  197.2  3.8  0.22  3.8  25.1
081120250358  0.069  1.6  189.8  3.8  0.18  28.8  25.1
081120250359  0.072  1.5  177.9  3.5  0.17  2.9  25.1
081120250400  0.074  1.4  163.5  3.4  0.30  2.5  25.1
081120250401  0.078  1.4  150.2  3.0  0.11  5.1  25.1
081120250402  0.082  1.5  138.6  2.8  0.24  9.5  25.1
081120250403  0.085  1.6  131.8  2.8  0.14  347.4  25.1
081120250404  0.087  1.7  127.7  2.8  0.10  342.9  25.1
081120250405  0.091  1.6  128.0  2.8  0.14  9.2  25.1
081120250406  0.094  1.6  128.5  2.8  0.17  8.0  25.1
081120250407  0.096  1.6  127.3  2.8  0.17  341.3  25.1
081120250408  0.100  1.5  128.8  2.8  0.14  3.8  25.1
081120250409  0.102  1.5  130.2  2.8  0.09  345.6  25.1
081120250410  0.104  1.5  135.0  2.8  0.24  5.3  25.1
081120250411  0.107  1.5  142.9  3.2  0.20  358.3  25.1
081120250412  0.110  1.4  147.3  3.2  0.20  3.2  25.1
081120250413  0.113  1.4  151.1  3.2  0.19  344.8  25.1
081120250414  0.118  1.5  157.7  3.2  0.12  358.3  25.1
081120250415  0.122  1.6  164.7  3.2  0.13  9.1  25.1
081120250416  0.126  1.8  170.3  3.2  0.10  298.8  25.1
081120250417  0.130  2.0  176.5  3.2  0.13  355.6  25.1
081120250418  0.134  2.1  182.3  3.2  0.20  0.4  25.1
081120250419  0.136  2.1  188.8  3.2  0.04  10.0  25.2
081120250420  0.140  2.1  195.6  3.2  0.17  355.0  25.2
081120250421  0.143  2.0  198.8  3.1  0.17  2.9  25.2
081120250422  0.146  1.9  202.2  3.1  0.07  6.9  25.2
081120250423  0.150  1.9  202.4  3.1  0.08  356.6  25.2
081120250424  0.153  1.9  201.3  3.1  0.02  321.6  25.2
081120250425  0.158  1.9  198.6  3.1  0.09  12.5  25.2
081120250426  0.162  1.8  195.9  3.1  0.11  352.9  25.2
081120250427  0.165  1.9  194.5  4.6  0.11  347.5  25.2
081120250428  0.169  2.1  197.4  4.6  0.06  24.9  25.2
081120250429  0.172  2.2  200.0  4.6  0.13  7.4  25.2
081120250430  0.175  2.3  202.1  4.6  0.07  20.0  25.2
081120250431  0.178  2.4  205.1  4.6  0.05  3.7  25.2
081120250432  0.180  2.5  207.9  4.6  0.16  355.8  25.2
081120250433  0.183  2.6  214.5  4.6  0.05  70.3  25.2
081120250434  0.186  2.6  221.3  4.6  0.08  334.8  25.2
081120250435  0.188  2.7  228.6  4.6  0.20  354.4  25.2
081120250436  0.191  2.7  236.6  4.6  0.07  34.4  25.2
081120250437  0.195  2.7  245.0  4.3  0.10  2.0  25.2
081120250438  0.198  2.6  250.0  3.8  0.02  155.0  25.2
081120250439  0.202  2.5  254.7  3.6  0.08  25.8  25.2
081120250440  0.206  2.4  260.2  3.1  0.05  43.0  25.2
081120250441  0.209  2.4  263.4  3.1  0.07  41.8  25.2
081120250442  0.213  2.4  265.4  3.1  0.02  78.2  25.2
081120250443  0.217  2.2  266.3  2.9  0.12  0.8  25.2
081120250444  0.219  2.3  263.2  4.4  0.02  225.0  25.2
081120250445  0.224  2.4  259.3  4.4  0.12  359.0  25.2
081120250446  0.228  2.5  254.8  4.5  0.09  0.1  25.2
081120250447  0.231  2.6  250.3  4.5  0.03  280.0  25.2
081120250448  0.236  2.7  245.6  5.1  0.08  245.1  25.2
081120250449  0.241  3.0  241.8  5.8  0.05  239.6  25.2
081120250450  0.246  3.3  236.7  5.8  0.05  206.5  25.2
081120250451  0.251  3.6  234.0  5.8  nan  nan  nan
081120250452  0.256  3.9  232.7  5.8  0.08  170.7  25.2
081120250453  0.260  4.1  232.4  5.8  0.04  72.2  25.2
081120250454  0.266  4.2  232.1  5.8  0.06  21.0  25.2
081120250455  0.271  4.3  231.6  5.8  0.04  250.9  25.2
081120250456  0.277  4.3  230.8  5.8  0.14  194.6  25.2
081120250457  0.282  4.5  230.0  5.8  0.03  216.6  25.2
081120250458  0.288  4.5  230.4  5.8  0.09  238.6  25.2
081120250459  0.294  4.4  229.0  5.5  0.06  228.4  25.2
081120250500  0.300  4.5  228.4  5.5  0.17  214.8  25.2
081120250501  0.308  4.4  227.8  5.5  0.12  214.9  25.2
081120250502  0.313  4.3  226.5  5.5  0.15  182.3  25.2
081120250503  0.319  4.2  225.4  5.5  0.17  207.8  25.2
081120250504  0.325  4.1  225.4  5.5  0.15  214.9  25.2
081120250505  0.330  4.0  226.3  5.5  0.11  227.5  25.2
081120250506  0.334  4.0  226.5  5.5  0.12  205.6  25.2
081120250507  0.339  4.0  227.9  5.4  0.18  215.2  25.2
081120250508  0.344  3.8  229.5  5.4  0.30  195.2  25.2
081120250509  0.351  3.7  231.4  5.4  0.09  214.9  25.2
081120250510  0.357  3.4  234.4  4.8  0.25  193.2  25.2
081120250511  0.364  3.2  237.0  4.8  0.08  209.4  25.1
081120250512  0.371  2.9  240.2  4.8  0.21  188.4  25.1
081120250513  0.378  2.8  241.0  4.8  0.12  217.4  25.1
081120250514  0.383  2.7  241.7  4.8  0.18  192.5  25.1
081120250515  0.390  2.5  240.7  4.8  0.19  198.8  25.1
081120250516  0.396  2.3  243.1  4.8  0.15  217.6  25.1
081120250517  0.402  2.1  242.9  4.2  0.21  218.0  25.1
081120250518  0.408  2.1  238.2  4.0  0.07  222.3  25.1
081120250519  0.413  2.0  232.2  3.8  0.13  225.3  25.1
081120250520  0.418  1.9  222.0  3.8  0.12  228.5  25.1
081120250521  0.424  1.9  210.3  3.8  0.10  242.0  25.1
081120250522  0.429  2.0  200.8  3.8  0.15  230.3  25.1
081120250523  0.433  2.0  193.5  3.8  0.21  223.4  25.1
081120250524  0.438  2.0  183.7  3.8  0.19  211.0  25.1
081120250525  0.441  2.1  178.7  3.8  0.17  208.4  25.1
081120250526  0.447  2.3  172.2  3.8  0.24  217.6  25.1
081120250527  0.451  2.4  164.5  3.8  0.32  213.9  25.1
081120250528  0.455  2.4  156.1  3.6  0.17  227.6  25.1
081120250529  0.460  2.5  152.2  3.5  0.18  230.0  25.1
081120250530  0.464  2.3  152.9  3.1  0.31  227.9  25.1
081120250531  0.469  2.3  156.5  3.1  0.36  206.1  25.1
081120250532  0.475  2.1  163.3  3.1  0.19  225.5  25.0
081120250533  0.480  1.7  167.8  3.1  0.22  213.9  25.0
081120250534  0.485  1.4  176.2  3.1  0.22  228.0  25.0
081120250535  0.490  1.1  186.3  3.1  0.25  206.5  25.0
081120250536  0.496  1.0  199.9  3.1  0.16  249.4  25.0
081120250537  0.501  1.1  211.2  3.1  0.30  219.1  25.0
081120250538  0.506  1.3  222.4  3.1  0.26  202.8  25.0
081120250539  0.512  1.5  228.1  3.1  0.21  210.8  25.0
081120250540  0.519  1.6  228.8  3.3  0.25  215.0  25.0
081120250541  0.525  1.7  235.2  3.3  0.37  196.1  25.0
081120250542  0.531  1.8  234.3  4.2  0.25  200.0  25.0
081120250543  0.536  2.1  230.2  4.2  0.20  207.2  24.9
081120250544  0.540  2.4  227.0  4.2  0.24  196.5  24.9
081120250545  0.546  2.6  226.1  4.2  0.17  225.3  24.9
081120250546  0.551  2.7  228.3  4.2  0.42  191.1  24.9
081120250547  0.555  2.7  229.2  4.2  0.34  197.3  24.9
081120250548  0.561  2.8  229.3  4.2  0.16  216.3  24.9
081120250549  0.567  2.9  230.1  4.2  0.39  193.2  24.9
081120250550  0.573  3.0  232.3  4.2  0.28  193.2  24.9
081120250551  0.579  3.1  230.3  4.2  0.36  195.3  24.9
081120250552  0.586  3.2  227.9  5.1  0.26  200.5  24.9
081120250553  0.591  3.3  224.4  5.4  0.26  191.7  24.9
081120250554  0.598  3.4  220.9  5.5  0.32  185.8  24.9
081120250555  0.603  3.7  217.3  5.5  0.42  188.7  24.9
081120250556  0.610  4.0  214.2  5.5  0.45  187.7  24.9
081120250557  0.614  4.3  212.2  5.9  0.33  205.9  24.9
081120250558  0.619  4.5  209.6  5.9  0.43  189.5  24.9
081120250559  0.625  4.6  207.6  5.9  0.27  201.6  24.9
081120250600  0.630  4.8  206.0  5.9  0.38  194.7  24.9
081120250601  0.635  4.9  204.4  5.9  0.21  192.1  24.9
081120250602  0.641  4.8  202.3  5.9  0.37  194.5  24.9
081120250603  0.646  4.6  199.7  5.9  0.23  200.0  24.9
081120250604  0.652  4.4  197.0  5.9  0.31  184.9  24.9
081120250605  0.657  4.3  194.2  5.9  0.35  188.7  24.9
081120250606  0.662  4.2  191.0  5.9  0.33  185.9  24.9
081120250607  0.668  4.1  188.4  5.8  0.38  192.3  24.9
081120250608  0.674  3.9  187.1  5.8  0.35  197.4  24.9
081120250609  0.681  3.7  186.1  5.8  0.24  193.7  24.9
081120250610  0.688  3.5  183.2  4.7  0.33  185.7  24.9
081120250611  0.694  3.3  182.1  4.6  0.42  192.1  24.9
081120250612  0.703  3.1  182.2  4.6  0.46  191.4  24.9
081120250613  0.711  2.9  183.3  4.6  0.49  197.0  24.9
081120250614  0.719  2.7  186.5  4.6  0.46  196.5  24.9
081120250615  0.726  2.4  190.3  4.6  0.30  204.8  24.9
081120250616  0.735  2.1  196.3  4.1  0.34  193.2  24.9
081120250617  0.742  1.9  201.4  3.9  0.37  196.4  24.9
081120250618  0.749  1.8  204.7  3.3  0.29  207.8  24.8
081120250619  0.755  1.8  208.2  2.9  0.34  200.6  24.8
081120250620  0.763  1.9  213.4  3.7  0.31  195.8  24.8
081120250621  0.771  2.0  218.6  3.7  0.43  191.8  24.8
081120250622  0.778  2.3  221.0  4.5  0.40  189.7  24.8
081120250623  0.786  2.6  222.4  5.0  0.49  184.4  24.8
081120250624  0.793  2.9  222.5  5.1  0.43  194.7  24.8
081120250625  0.801  3.3  221.5  5.1  0.37  205.7  24.8
081120250626  0.807  3.6  220.1  5.4  0.37  205.7  24.8
081120250627  0.817  3.9  219.8  5.4  0.38  209.9  24.8
081120250628  0.824  4.2  219.3  6.4  0.39  205.6  24.8
081120250629  0.830  4.6  218.1  6.4  0.34  208.1  24.8
081120250630  0.836  4.8  217.0  6.4  0.40  212.4  24.8
081120250631  0.844  5.1  216.4  6.4  0.34  203.5  24.8
081120250632  0.851  5.2  216.4  6.4  0.42  204.8  24.8
081120250633  0.857  5.3  215.4  6.4  0.44  211.1  24.8
081120250634  0.864  5.3  214.2  6.4  0.36  216.3  24.8
081120250635  0.869  5.3  214.4  6.4  0.42  195.8  24.8
081120250636  0.876  5.2  213.7  6.4  0.45  192.9  24.8
081120250637  0.881  5.1  213.1  6.4  0.34  199.4  24.8
081120250638  0.887  4.9  212.8  6.3  0.30  197.8  24.8
081120250639  0.893  4.7  213.1  6.2  0.39  189.7  24.8
081120250640  0.898  4.4  213.3  6.0  0.46  196.1  24.8
081120250641  0.904  4.2  211.4  6.0  0.45  197.5  24.8
081120250642  0.911  4.0  208.9  5.9  0.34  211.1  24.8
081120250643  0.918  3.8  207.3  4.8  0.41  199.3  24.8
081120250644  0.926  3.7  205.1  4.8  0.34  213.7  24.8
081120250645  0.934  3.5  201.9  4.8  0.48  200.8  24.8
081120250646  0.941  3.3  200.3  4.8  0.35  205.4  24.8
081120250647  0.948  3.2  198.1  4.8  0.28  209.1  24.8
081120250648  0.955  3.0  197.2  4.8  0.38  204.7  24.8
081120250649  0.962  2.9  197.5  4.1  0.49  202.8  24.8
081120250650  0.969  2.8  196.5  4.1  0.39  202.5  24.8
081120250651  0.974  2.9  196.7  4.3  0.33  192.3  24.8
081120250652  0.979  2.8  197.6  4.3  0.46  190.2  24.8
081120250653  0.986  2.7  197.1  4.3  0.33  196.4  24.8
081120250654  0.992  2.6  196.7  4.3  0.41  196.0  24.8
081120250655  0.998  2.5  195.7  4.3  0.44  196.9  24.8
081120250656  1.005  2.4  198.9  4.3  0.46  193.9  24.7
081120250657  1.013  2.4  203.4  4.3  0.49  197.8  24.7
081120250658  1.019  2.4  207.0  4.3  0.45  193.4  24.7
081120250659  1.028  2.2  208.9  4.3  0.48  205.2  24.7
081120250700  1.035  1.9  218.8  4.3  0.45  196.8  24.7
081120250701  1.042  1.7  228.4  3.7  0.34  193.6  24.7
081120250702  1.049  1.9  236.5  4.5  0.33  199.2  24.7
081120250703  1.055  1.9  245.0  4.5  0.32  196.6  24.7
081120250704  1.062  1.8  261.7  4.5  0.40  193.3  24.7
081120250705  1.070  1.8  279.0  4.5  0.42  195.3  24.7
081120250706  1.078  1.8  296.8  4.5  0.41  204.8  24.7
081120250707  1.085  1.8  316.5  4.7  0.34  190.3  24.7
081120250708  1.093  2.0  331.0  4.7  0.43  190.3  24.6
081120250709  1.101  2.3  340.6  4.9  0.41  191.6  24.6
081120250710  1.107  2.5  351.9  4.9  0.38  190.0  24.6
081120250711  1.114  2.8  359.4  4.9  0.39  194.6  24.6
081120250712  1.120  3.3  6.9  4.9  0.48  191.4  24.6
081120250713  1.126  3.8  10.9  4.9  0.44  195.3  24.6
081120250714  1.133  3.8  12.6  4.9  0.50  188.7  24.6
081120250715  1.141  3.8  14.7  4.9  0.42  198.8  24.6
081120250716  1.149  3.8  16.7  4.9  0.49  195.0  24.6
081120250717  1.155  3.7  18.9  4.9  0.48  195.8  24.6
081120250718  1.162  3.7  20.3  4.9  0.52  198.0  24.6
081120250719  1.169  3.6  21.5  4.9  0.41  203.1  24.6
081120250720  1.175  3.7  20.7  4.7  0.62  198.0  24.6
081120250721  1.179  3.9  21.0  7.8  0.35  205.9  24.6
081120250722  1.184  4.1  21.4  7.8  0.31  206.9  24.6
081120250723  1.190  4.3  21.8  7.8  0.30  203.2  24.6
081120250724  1.196  4.3  21.9  7.8  0.39  202.6  24.6
081120250725  1.201  4.5  19.4  7.8  0.40  194.7  24.6
081120250726  1.208  4.7  16.6  7.8  0.52  189.6  24.6
081120250727  1.213  4.9  13.0  7.8  0.27  206.3  24.6
081120250728  1.218  5.1  11.0  7.8  0.52  199.4  24.6
081120250729  1.221  5.4  9.1  7.8  0.49  202.8  24.6
081120250730  1.226  5.7  8.2  8.0  0.38  210.7  24.6
081120250731  1.233  5.4  7.4  8.0  0.40  197.9  24.6
081120250732  1.238  5.6  6.5  8.2  0.40  197.7  24.6
081120250733  1.244  5.9  5.1  8.2  0.44  205.5  24.5
081120250734  1.251  6.1  4.6  8.2  0.43  204.0  24.5
081120250735  1.256  6.2  4.3  8.2  0.36  202.1  24.5
081120250736  1.261  6.2  5.4  8.2  0.41  205.9  24.5
081120250737  1.268  6.3  5.5  8.2  0.33  209.1  24.5
081120250738  1.274  6.4  6.4  8.2  0.55  195.7  24.5
081120250739  1.282  6.4  6.8  8.2  0.34  208.4  24.5
081120250740  1.289  6.3  5.8  8.2  0.33  198.7  24.5
081120250741  1.297  6.6  3.6  8.2  0.41  177.2  24.5
081120250742  1.303  6.6  2.1  7.9  0.38  190.6  24.5
081120250743  1.311  6.6  1.0  8.0  0.50  187.6  24.5
081120250744  1.318  6.5  1.1  8.0  0.22  178.2  24.5
081120250745  1.325  6.7  1.7  8.6  0.30  193.0  24.5
081120250746  1.332  6.9  1.1  9.5  0.28  194.8  24.5
081120250747  1.339  7.0  1.1  9.5  0.40  196.2  24.5
081120250748  1.347  7.2  359.9  9.5  0.35  206.0  24.5
081120250749  1.353  7.4  358.8  9.5  0.53  192.3  24.5
081120250750  1.361  7.6  358.7  9.5  0.53  191.1  24.5
081120250751  1.368  7.9  359.3  9.6  0.53  194.6  24.5
081120250752  1.374  8.1  0.5  9.6  0.59  183.2  24.5
081120250753  1.379  8.2  1.3  9.7  0.59  181.8  24.5
081120250754  1.386  8.4  1.0  9.7  0.59  181.0  24.5
081120250755  1.392  8.5  0.8  9.7  0.44  191.5  24.5
081120250756  1.399  8.5  0.9  9.7  0.44  189.5  24.5
081120250757  1.405  8.8  1.3  10.7  0.47  196.0  24.5
081120250758  1.411  9.0  2.1  10.7  0.51  194.6  24.5
081120250759  1.417  9.1  2.6  11.1  0.52  192.2  24.5
081120250800  1.422  9.3  2.9  11.3  0.50  201.7  24.5
081120250801  1.427  9.4  3.6  11.3  0.45  196.4  24.5
081120250802  1.432  9.5  3.7  11.4  0.43  190.8  24.5
081120250803  1.437  9.6  4.4  11.4  0.61  189.3  24.5
081120250804  1.443  9.7  4.6  11.4  0.41  183.7  24.4
081120250805  1.449  9.8  4.5  11.4  0.43  182.2  24.4
081120250806  1.454  9.9  4.4  11.5  0.32  177.2  24.4
081120250807  1.460  10.0  4.5  11.5  0.47  184.3  24.4
081120250808  1.466  10.1  4.3  11.5  0.43  194.2  24.4
081120250809  1.472  10.2  4.5  12.2  0.42  198.7  24.4
081120250810  1.478  10.1  5.1  12.2  0.38  194.1  24.4
081120250811  1.485  10.1  5.0  12.2  0.45  190.0  24.4
081120250812  1.491  10.3  4.3  12.2  0.42  195.0  24.4
081120250813  1.499  10.5  3.3  12.9  0.34  194.7  24.4
081120250814  1.507  10.7  3.2  13.3  0.44  195.6  24.4
081120250815  1.514  11.0  2.8  13.4  0.37  188.2  24.4
081120250816  1.520  11.0  2.7  13.4  0.51  179.3  24.4
081120250817  1.527  11.3  2.5  14.1  0.40  188.3  24.4
081120250818  1.535  11.4  2.3  14.1  0.46  189.5  24.4
081120250819  1.542  11.6  2.0  14.1  0.59  188.1  24.4
081120250820  1.551  12.0  1.6  14.1  0.45  180.8  24.4
081120250821  1.558  12.1  1.0  14.1  0.51  185.9  24.4
081120250822  1.564  12.2  1.9  14.1  0.59  189.2  24.3
081120250823  1.570  12.4  2.4  15.6  0.38  194.4  24.3
081120250824  1.577  12.4  2.2  15.6  0.53  195.5  24.3
081120250825  1.582  12.5  2.5  15.6  0.55  198.5  24.3
081120250826  1.589  12.7  2.6  15.6  0.46  196.8  24.3
081120250827  1.596  12.7  2.0  15.6  0.56  198.8  24.3
081120250828  1.603  13.0  0.9  17.3  0.56  187.2  24.3
081120250829  1.609  13.3  359.5  17.6  0.53  187.9  24.3
081120250830  1.615  13.5  357.8  17.6  0.46  196.3  24.3
081120250831  1.621  13.6  357.5  17.6  0.54  192.7  24.3
081120250832  1.626  13.9  355.7  17.6  0.45  188.0  24.3
081120250833  1.631  13.8  353.8  17.6  0.54  179.2  24.3
081120250834  1.636  13.9  352.3  17.6  0.42  179.7  24.3
081120250835  1.641  14.0  351.5  17.6  0.38  201.5  24.2
081120250836  1.646  14.0  351.3  17.6  0.43  198.4  24.2
081120250837  1.648  14.0  351.3  17.6  0.38  211.1  24.2
081120250838  1.651  13.9  351.2  17.6  0.36  200.2  24.2
081120250839  1.654  13.6  351.7  17.5  0.47  202.8  24.2
081120250840  1.656  13.4  353.1  16.7  0.44  203.2  24.2
081120250841  1.658  13.7  353.1  16.8  0.46  200.5  24.2
081120250842  1.662  13.6  353.3  16.8  0.45  201.7  24.2
081120250843  1.666  13.7  354.7  16.8  0.40  199.8  24.2
081120250844  1.669  13.8  355.4  16.8  0.46  204.8  24.2
081120250845  1.672  14.1  354.7  17.2  0.51  204.0  24.1
081120250846  1.675  14.2  353.4  17.2  0.57  196.9  24.1
081120250847  1.679  14.3  352.3  17.2  0.43  197.8  24.1
081120250848  1.680  14.3  350.9  17.2  0.32  202.3  24.1
081120250849  1.683  14.1  349.6  17.2  0.29  216.7  24.1
081120250850  1.685  14.3  348.4  17.2  0.34  194.3  24.1
081120250851  1.688  14.4  346.7  17.2  0.35  208.3  24.1
081120250852  1.691  14.3  346.2  17.2  0.32  207.1  24.1
081120250853  1.694  14.5  346.2  17.8  0.36  204.5  24.1
081120250854  1.696  14.5  345.5  17.8  0.31  205.7  24.1
081120250855  1.701  14.2  345.4  17.8  0.44  196.6  24.1
081120250856  1.705  14.0  345.8  17.8  0.30  186.2  24.1
081120250857  1.710  14.2  347.0  17.8  0.44  190.5  24.1
081120250858  1.714  14.1  348.7  17.8  0.37  187.3  24.1
081120250859  1.717  14.3  350.8  17.8  0.25  198.4  24.0
081120250900  1.721  14.3  352.3  17.8  0.44  184.9  24.0
081120250901  1.724  14.0  354.8  17.8  0.36  185.7  24.0
081120250902  1.726  13.9  357.0  17.8  0.42  188.4  24.0
081120250903  1.729  13.7  357.7  17.4  0.52  185.9  24.0
081120250904  1.732  13.7  359.2  16.7  0.27  190.4  24.0
081120250905  1.734  13.6  0.0  16.7  0.49  180.9  24.0
081120250906  1.736  13.7  0.5  16.7  0.44  178.2  24.0
081120250907  1.736  13.4  0.5  16.7  0.32  182.4  24.0
081120250908  1.737  13.3  1.1  16.7  0.43  183.2  24.0
081120250909  1.738  13.4  1.2  17.6  0.43  186.4  24.0
081120250910  1.740  13.5  1.3  17.6  0.35  186.8  24.0
081120250911  1.742  13.8  0.6  17.6  0.28  184.4  24.0
081120250912  1.744  14.1  359.9  17.6  0.38  180.2  23.9
081120250913  1.746  14.4  358.6  18.2  0.39  174.8  23.9
081120250914  1.748  14.4  357.8  18.2  0.33  186.3  23.9
081120250915  1.751  14.5  357.9  18.2  0.30  187.8  23.9
081120250916  1.753  14.8  357.7  18.2  0.38  190.0  23.9
081120250917  1.756  15.0  357.5  18.2  0.43  192.8  23.9
081120250918  1.760  15.0  357.0  18.2  0.36  196.2  23.9
081120250919  1.761  14.7  356.4  18.2  0.49  179.6  23.9
081120250920  1.764  14.5  356.1  18.2  0.38  187.0  23.8
081120250921  1.767  14.3  355.4  18.2  0.41  183.8  23.8
081120250922  1.769  14.2  355.2  18.2  0.46  192.4  23.8
081120250923  1.772  14.0  356.0  16.5  0.39  209.8  23.8
081120250924  1.777  14.0  356.3  16.6  0.37  208.1  23.8
081120250925  1.782  14.0  355.5  16.7  0.41  198.2  23.8
081120250926  1.786  14.1  355.3  17.2  0.28  190.8  23.8
081120250927  1.790  14.2  355.3  17.2  0.45  184.8  23.8
081120250928  1.795  14.1  355.6  17.2  0.34  196.3  23.8
081120250929  1.800  14.2  355.7  17.2  0.48  195.4  23.7
081120250930  1.805  14.5  356.4  17.2  0.32  187.9  23.7
081120250931  1.808  14.4  357.7  17.2  0.43  188.5  23.7
081120250932  1.813  14.4  357.7  17.2  0.44  197.8  23.7
081120250933  1.816  14.2  357.8  17.2  0.38  194.9  23.7
081120250934  1.818  14.1  357.7  17.2  0.30  191.1  23.7
081120250935  1.821  14.1  357.8  17.2  0.35  194.7  23.7
081120250936  1.824  14.2  358.2  17.5  0.38  200.3  23.7
081120250937  1.827  14.4  358.5  18.7  0.43  186.4  23.7
081120250938  1.830  14.6  358.0  18.7  0.33  216.1  23.7
081120250939  1.832  14.7  359.2  18.7  0.46  192.4  23.7
081120250940  1.833  14.7  359.7  18.7  0.39  195.9  23.6
081120250941  1.834  14.7  359.5  18.7  0.37  200.3  23.6
081120250942  1.835  14.7  359.5  18.7  0.45  198.1  23.6
081120250943  1.836  14.8  359.0  18.7  0.42  202.4  23.6
081120250944  1.837  14.9  359.5  18.7  0.25  199.9  23.6
081120250945  1.837  15.0  0.1  18.7  0.41  190.5  23.6
081120250946  1.837  15.2  0.6  20.6  0.23  193.4  23.6
081120250947  1.838  15.0  1.4  20.6  0.45  187.3  23.5
081120250948  1.838  14.7  1.8  20.6  0.41  188.4  23.5
081120250949  1.839  14.7  0.4  20.6  0.48  184.0  23.5
081120250950  1.840  14.7  358.9  20.6  0.35  201.7  23.5
081120250951  1.841  14.9  358.3  20.6  0.61  178.4  23.5
081120250952  1.843  14.9  358.0  20.6  0.34  193.6  23.5
081120250953  1.845  15.0  358.2  20.6  0.38  196.8  23.5
081120250954  1.847  15.1  358.3  20.6  0.19  211.5  23.5
081120250955  1.849  14.8  358.2  20.6  0.42  196.4  23.5
081120250956  1.852  14.6  358.2  18.6  0.27  188.7  23.5
081120250957  1.853  14.6  358.3  18.6  0.36  198.6  23.5
081120250958  1.855  15.2  359.4  19.1  0.34  197.8  23.4
081120250959  1.856  15.2  359.9  19.1  0.37  198.6  23.4
081120251000  1.858  15.2  360.0  19.1  0.35  183.0  23.4
081120251001  1.859  15.0  359.9  19.1  0.41  200.7  23.4
081120251002  1.859  15.2  359.0  19.1  0.27  189.2  23.4
081120251003  1.860  15.1  356.8  19.1  0.32  193.5  23.4
081120251004  1.862  14.7  355.3  19.1  0.41  197.9  23.4
081120251005  1.863  14.5  354.2  19.1  0.26  199.7  23.4
081120251006  1.863  14.3  353.1  19.1  0.39  202.6  23.4
081120251007  1.863  14.4  352.4  19.4  0.31  204.1  23.4
081120251008  1.863  14.6  352.3  21.4  0.36  205.9  23.4
081120251009  1.862  14.9  352.6  22.4  0.28  204.5  23.4
081120251010  1.861  15.2  353.7  22.4  0.32  198.3  23.4
081120251011  1.858  15.3  354.0  22.4  0.28  204.9  23.4
081120251012  1.857  15.4  355.0  22.4  0.29  183.8  23.3
081120251013  1.855  15.5  356.9  22.4  0.38  183.5  23.3
081120251014  1.854  15.8  358.0  22.4  0.33  187.0  23.3
081120251015  1.854  16.3  359.3  22.4  0.39  168.8  23.3
081120251016  1.854  16.6  359.8  22.4  0.34  178.5  23.3
081120251017  1.854  16.5  359.9  22.4  0.36  177.7  23.3
081120251018  1.853  16.1  359.4  22.4  0.21  168.4  23.3
081120251019  1.852  15.6  358.9  19.6  0.24  191.4  23.3
081120251020  1.850  15.2  358.6  18.0  0.23  200.1  23.3
081120251021  1.849  15.4  359.0  18.0  0.28  174.3  23.3
081120251022  1.847  15.4  359.8  18.8  0.16  183.0  23.3
081120251023  1.845  15.2  1.5  18.8  0.30  177.8  23.3
081120251024  1.843  15.3  0.8  20.7  0.25  168.4  23.3
081120251025  1.839  15.1  0.4  20.7  0.39  172.6  23.3
081120251026  1.836  14.9  0.8  20.7  0.27  181.6  23.2
081120251027  1.835  14.7  0.8  20.7  0.33  182.3  23.2
081120251028  1.831  14.5  0.6  20.7  0.22  185.4  23.2
081120251029  1.830  14.3  0.7  20.7  0.30  178.2  23.2
081120251030  1.827  14.2  359.3  20.7  0.27  169.7  23.2
081120251031  1.824  14.0  359.1  20.7  0.21  165.8  23.2
081120251032  1.821  13.5  358.4  20.7  0.24  152.3  23.2
081120251033  1.819  13.1  354.8  20.7  0.33  161.8  23.2
081120251034  1.817  12.6  354.2  17.1  0.23  151.6  23.2
081120251035  1.814  12.6  352.2  17.1  0.30  169.0  23.2
081120251036  1.812  12.4  349.9  16.4  0.22  158.3  23.2
081120251037  1.811  12.3  349.7  16.4  0.20  155.9  23.2
081120251038  1.808  12.5  350.1  16.4  0.26  162.5  23.2
081120251039  1.807  12.7  350.8  16.4  0.21  146.1  23.1
081120251040  1.806  12.9  352.2  17.3  0.16  161.2  23.1
081120251041  1.805  13.0  352.2  18.6  0.31  158.0  23.1
081120251042  1.802  13.6  352.9  20.3  0.27  151.9  23.1
081120251043  1.800  14.5  355.3  20.3  0.25  161.8  23.1
081120251044  1.798  15.3  357.4  20.8  0.19  155.2  23.0
081120251045  1.796  15.7  359.6  20.8  0.26  183.1  23.0
081120251046  1.795  16.4  1.4  20.8  0.22  177.5  23.0
081120251047  1.794  16.9  2.0  20.8  0.20  168.6  23.0
081120251048  1.794  17.0  1.6  20.8  0.18  161.2  23.0
081120251049  1.792  17.1  2.0  20.8  0.29  171.8  22.9
081120251050  1.793  17.1  2.2  20.8  0.33  175.1  22.9
081120251051  1.793  17.1  2.2  20.8  0.22  163.7  22.9
081120251052  1.794  16.8  1.8  20.8  0.19  171.9  22.9
081120251053  1.792  16.4  1.8  20.8  0.25  180.1  22.9
081120251054  1.791  16.1  1.7  20.6  0.21  167.6  22.9
081120251055  1.790  16.1  1.6  19.5  0.19  156.3  22.9
081120251056  1.788  15.9  1.1  19.5  0.29  163.3  22.9
081120251057  1.785  15.9  359.6  20.2  0.22  163.0  22.9
081120251058  1.782  15.9  359.6  20.2  0.22  166.2  22.9
081120251059  1.779  16.0  358.4  20.2  0.19  164.5  22.9
081120251100  1.775  16.0  358.4  20.2  0.18  148.1  22.9
081120251101  1.772  16.3  358.5  20.2  0.11  164.7  22.9
081120251102  1.769  16.2  358.8  20.2  0.15  152.5  22.9
081120251103  1.765  16.3  359.1  20.2  0.16  166.9  22.9
081120251104  1.762  16.1  358.9  20.2  0.14  154.6  22.9
081120251105  1.757  15.8  358.7  20.2  0.16  167.8  22.9
081120251106  1.753  15.6  358.4  20.2  0.14  123.4  22.9
081120251107  1.747  15.4  359.5  18.5  0.28  176.0  22.9
081120251108  1.744  15.4  0.5  18.5  0.12  141.8  22.9
081120251109  1.740  15.4  2.0  18.7  0.23  159.0  22.9
081120251110  1.736  15.2  2.8  18.7  0.11  110.5  22.9
081120251111  1.733  14.9  4.1  18.7  0.15  156.5  22.9
081120251112  1.730  14.9  3.9  18.7  0.16  139.2  22.9
081120251113  1.727  14.8  3.8  18.7  0.12  138.0  22.9
081120251114  1.723  14.8  4.6  18.7  0.13  72.7  23.0
081120251115  1.720  14.9  5.3  18.7  0.07  56.1  23.0
081120251116  1.716  15.1  6.4  18.7  0.10  127.6  23.0
081120251117  1.712  14.9  7.8  18.7  0.10  88.2  23.0
081120251118  1.708  14.8  8.6  18.7  0.05  170.9  23.0
081120251119  1.705  14.6  9.3  18.7  0.12  182.3  23.0
081120251120  1.702  14.6  9.3  18.7  0.05  76.5  23.0
081120251121  1.698  14.9  8.9  18.7  0.19  168.1  23.0
081120251122  1.696  15.1  9.4  19.6  0.08  176.0  23.0
081120251123  1.694  15.3  10.2  19.6  0.08  131.7  23.0
081120251124  1.691  15.5  9.7  19.6  0.11  196.1  23.0
081120251125  1.688  15.6  9.0  19.6  0.09  307.1  23.0
081120251126  1.685  15.4  9.2  19.6  0.12  201.7  23.0
081120251127  1.681  15.5  8.2  19.6  0.04  184.6  23.0
081120251128  1.678  15.6  8.4  19.6  nan  nan  nan
081120251129  1.676  15.9  8.3  19.6  0.03  10.0  23.0
081120251130  1.672  15.9  8.2  19.6  0.08  6.0  23.0
081120251131  1.669  15.6  7.5  19.6  0.06  155.3  23.0
081120251132  1.664  15.4  7.2  19.6  0.08  191.4  23.0
081120251133  1.660  15.4  6.6  19.6  0.06  327.5  23.0
081120251134  1.657  15.2  6.7  19.6  nan  nan  nan
081120251135  1.652  15.3  7.9  19.6  0.12  213.3  23.0
081120251136  1.649  15.5  7.8  19.6  0.08  258.7  23.0
081120251137  1.646  15.5  8.4  19.6  0.10  265.4  23.0
081120251138  1.642  15.4  8.3  19.6  0.11  237.2  23.0
081120251139  1.639  15.3  7.6  19.3  0.07  333.7  23.0
081120251140  1.635  15.1  7.8  19.3  0.08  303.0  23.0
081120251141  1.629  15.0  9.0  19.3  nan  nan  nan
081120251142  1.625  15.1  9.8  19.3  0.05  304.6  23.1
081120251143  1.622  15.2  10.1  19.3  0.08  319.1  23.1
081120251144  1.618  15.2  9.6  19.3  0.03  183.3  23.1
081120251145  1.614  15.0  8.6  19.1  0.10  44.3  23.1
081120251146  1.611  14.9  8.6  19.1  0.06  168.2  23.1
081120251147  1.607  15.0  8.3  20.0  0.05  219.7  23.1
081120251148  1.604  15.1  8.6  20.0  nan  nan  nan
081120251149  1.601  15.1  8.6  20.0  0.04  268.7  23.1
081120251150  1.598  15.5  8.5  20.0  0.14  329.0  23.1
081120251151  1.595  15.7  7.4  20.0  0.06  266.0  23.2
081120251152  1.590  15.8  7.4  20.0  0.02  168.2  23.2
081120251153  1.586  15.8  7.4  20.0  0.13  357.5  23.2
081120251154  1.581  15.9  8.0  20.0  0.15  356.0  23.2
081120251155  1.578  15.8  8.6  20.0  0.05  345.4  23.2
081120251156  1.573  15.8  9.1  20.0  0.03  24.9  23.2
081120251157  1.569  15.6  8.9  19.0  0.10  345.5  23.2
081120251158  1.562  15.5  8.0  19.0  0.06  345.0  23.2
081120251159  1.558  15.4  8.6  19.0  0.15  344.4  23.2
081120251200  1.554  15.2  8.9  19.0  0.04  190.0  23.2
081120251201  1.549  15.0  9.5  19.0  0.07  72.1  23.2
081120251202  1.542  14.9  9.3  19.0  0.07  49.4  23.2
081120251203  1.538  14.8  9.0  18.0  0.17  8.7  23.2
081120251204  1.533  14.0  7.6  18.0  0.09  2.6  23.2
081120251205  1.528  13.8  7.8  18.0  0.18  28.0  23.2
081120251206  1.523  13.8  7.0  18.0  0.10  83.7  23.2
081120251207  1.518  13.9  7.3  18.4  0.15  39.5  23.2
081120251208  1.513  14.2  7.5  18.8  0.21  28.6  23.2
081120251209  1.508  14.3  7.1  18.8  0.18  35.2  23.2
081120251210  1.502  14.3  6.8  18.8  0.23  43.7  23.2
081120251211  1.496  14.5  6.6  18.8  0.19  56.3  23.2
081120251212  1.490  14.4  6.4  18.8  0.18  58.9  23.2
081120251213  1.485  14.4  6.8  18.8  0.15  90.9  23.2
081120251214  1.480  15.3  8.2  20.0  0.15  54.0  23.2
081120251215  1.473  15.4  8.7  20.0  0.20  43.8  23.2
081120251216  1.466  15.2  8.9  20.0  0.18  80.2  23.2
081120251217  1.459  15.0  8.6  20.0  0.21  43.4  23.2
081120251218  1.452  14.7  8.7  20.0  0.29  34.8  23.2
081120251219  1.445  14.7  8.0  20.0  0.18  63.3  23.2
081120251220  1.439  15.0  7.5  20.0  0.20  37.1  23.1
081120251221  1.432  15.0  7.8  20.0  0.23  36.8  23.1
081120251222  1.426  15.5  7.2  20.0  0.27  46.5  23.1
081120251223  1.420  15.8  6.6  20.0  0.21  54.6  23.1
081120251224  1.414  15.8  5.9  20.0  0.24  47.4  23.1
081120251225  1.408  16.0  4.7  20.0  0.27  42.3  23.1
081120251226  1.403  16.4  4.4  20.0  0.29  44.4  23.1
081120251227  1.399  16.5  4.4  20.0  0.31  46.4  23.1
081120251228  1.392  16.8  3.8  20.0  0.25  41.2  23.1
081120251229  1.386  16.8  4.0  20.0  0.20  57.4  23.1
081120251230  1.380  16.9  3.6  20.1  0.30  42.8  23.1
081120251231  1.376  17.0  3.1  20.1  0.24  37.2  23.1
081120251232  1.368  16.6  3.7  20.1  0.23  59.0  23.1
081120251233  1.363  16.3  3.9  20.1  0.39  34.8  23.2
081120251234  1.357  16.0  4.5  20.1  0.28  37.3  23.2
081120251235  1.350  16.0  4.4  20.1  0.27  47.1  23.2
081120251236  1.344  15.9  4.4  20.1  0.39  45.0  23.2
081120251237  1.339  15.4  3.7  20.1  0.39  47.2  23.2
081120251238  1.333  15.3  3.9  20.1  0.48  58.3  23.2
081120251239  1.327  14.9  4.4  20.1  0.40  66.1  23.2
081120251240  1.324  14.5  5.2  19.6  0.42  48.0  23.3
081120251241  1.317  14.1  5.7  17.7  0.41  53.1  23.3
081120251242  1.310  14.0  5.7  17.7  0.37  56.9  23.3
081120251243  1.305  13.8  6.0  17.7  0.23  44.5  23.3
081120251244  1.300  13.9  5.6  17.7  0.42  14.0  23.3
081120251245  1.294  13.9  5.9  17.7  0.58  23.0  23.3
081120251246  1.289  14.0  5.9  18.6  0.46  30.9  23.3
081120251247  1.284  14.6  6.6  18.6  0.46  35.5  23.3
081120251248  1.277  14.4  6.7  18.6  0.54  36.7  23.3
081120251249  1.273  14.7  5.7  18.6  0.32  63.3  23.3
081120251250  1.267  14.6  5.9  18.6  0.41  59.8  23.3
081120251251  1.262  14.6  5.6  18.6  0.51  40.1  23.4
081120251252  1.257  14.5  5.3  18.6  0.44  47.6  23.4
081120251253  1.252  14.6  4.9  18.6  0.44  40.0  23.4
081120251254  1.247  14.7  4.8  18.6  0.41  62.2  23.3
081120251255  1.242  14.5  4.8  18.6  0.50  34.8  23.3
081120251256  1.238  14.4  4.7  18.4  0.39  55.2  23.3
081120251257  1.232  14.5  4.6  18.4  0.40  40.7  23.3
081120251258  1.227  14.6  4.8  18.4  0.42  42.9  23.3
081120251259  1.223  14.3  5.0  18.4  0.41  44.0  23.3
081120251300  1.217  14.2  5.1  18.4  0.37  40.3  23.3
081120251301  1.212  14.3  5.4  18.4  0.34  47.5  23.3
081120251302  1.208  14.4  5.0  18.4  0.40  36.6  23.3
081120251303  1.203  14.5  5.6  18.4  0.35  53.2  23.4
081120251304  1.198  14.5  5.7  18.4  0.34  55.7  23.4
081120251305  1.194  14.7  6.0  18.4  0.39  54.4  23.4
081120251306  1.190  14.5  6.2  18.2  0.50  40.5  23.4
081120251307  1.185  14.4  5.9  18.2  0.44  38.4  23.4
081120251308  1.180  14.1  6.1  16.9  0.43  45.5  23.4
081120251309  1.176  14.3  6.4  16.9  0.40  60.0  23.4
081120251310  1.171  14.4  5.9  16.9  0.35  40.7  23.5
081120251311  1.166  14.5  5.9  16.9  0.41  41.7  23.5
081120251312  1.161  14.5  6.6  16.9  0.48  50.8  23.5
081120251313  1.156  14.3  6.5  16.9  0.50  59.1  23.5
081120251314  1.152  13.9  5.4  16.9  0.47  38.2  23.5
081120251315  1.149  14.0  5.8  18.6  0.44  47.6  23.5
081120251316  1.142  14.3  5.3  19.8  0.46  54.3  23.5
081120251317  1.137  14.4  5.2  19.8  0.47  40.0  23.5
081120251318  1.131  14.4  5.0  19.8  0.50  42.1  23.5
081120251319  1.125  14.5  4.7  19.8  0.53  51.6  23.6
081120251320  1.118  14.6  4.9  19.8  0.54  48.7  23.6
081120251321  1.112  14.6  4.4  19.8  0.55  57.0  23.6
081120251322  1.106  14.8  4.0  19.8  0.56  45.2  23.6
081120251323  1.100  15.0  3.6  19.8  0.54  60.7  23.6
081120251324  1.093  15.3  4.4  19.8  0.52  45.2  23.6
081120251325  1.086  15.3  3.9  19.8  0.54  50.3  23.6
081120251326  1.078  14.8  4.8  18.5  0.60  36.4  23.6
081120251327  1.071  14.6  5.2  18.5  0.55  45.8  23.6
081120251328  1.064  14.6  4.8  18.5  0.62  42.7  23.6
081120251329  1.056  14.4  4.2  18.5  0.47  48.3  23.6
081120251330  1.049  14.5  3.3  18.5  0.54  54.7  23.6
081120251331  1.041  14.5  2.7  18.5  0.42  46.5  23.6
081120251332  1.033  14.3  3.3  16.9  0.57  62.2  23.6
081120251333  1.026  14.0  3.7  16.9  0.52  55.9  23.7
081120251334  1.020  13.8  3.5  16.9  0.61  34.3  23.7
081120251335  1.012  13.7  2.9  16.8  0.61  40.4  23.7
081120251336  1.003  13.7  2.1  16.8  0.53  43.1  23.7
081120251337  0.996  13.6  1.9  16.8  0.59  36.8  23.7
081120251338  0.987  13.5  2.2  16.8  0.61  47.7  23.7
081120251339  0.981  13.6  2.3  16.8  0.56  43.7  23.7
081120251340  0.975  13.4  2.7  16.8  0.61  44.3  23.8
081120251341  0.969  13.1  3.1  16.1  0.66  42.3  23.8
081120251342  0.961  13.2  1.8  15.5  0.68  30.1  23.8
081120251343  0.955  13.4  0.6  17.5  0.61  36.6  23.8
081120251344  0.950  13.6  360.0  17.5  0.55  44.4  23.8
081120251345  0.944  13.7  0.2  17.5  0.54  46.2  23.8
081120251346  0.938  13.8  360.0  17.5  0.49  53.7  23.8
081120251347  0.932  14.1  0.0  17.5  0.58  51.3  23.9
081120251348  0.926  13.8  1.9  17.5  0.57  51.5  23.9
081120251349  0.920  14.1  1.7  17.9  0.53  46.9  23.9
081120251350  0.914  14.3  1.5  17.9  0.49  45.9  23.9
081120251351  0.910  14.9  1.2  19.2  0.62  40.5  23.9
081120251352  0.903  14.9  1.3  19.2  0.56  45.7  23.9
081120251353  0.898  15.0  1.7  19.2  0.50  61.2  23.9
081120251354  0.892  15.0  1.5  19.2  0.56  54.7  24.0
081120251355  0.887  14.7  2.2  19.2  0.54  47.7  24.0
081120251356  0.881  14.6  2.0  19.2  0.57  44.4  24.0
081120251357  0.875  14.7  1.4  19.2  0.52  50.8  24.0
081120251358  0.869  15.2  359.1  19.2  0.59  45.8  24.0
081120251359  0.863  15.2  359.1  19.2  0.54  56.2  24.1
081120251400  0.857  15.2  359.1  19.2  0.66  35.2  24.1
081120251401  0.851  15.0  359.2  17.6  0.69  40.7  24.1
081120251402  0.845  15.2  359.0  17.6  0.60  51.3  24.1
081120251403  0.840  15.1  359.2  17.6  0.56  37.5  24.1
081120251404  0.835  15.0  359.6  17.6  0.53  48.4  24.1
081120251405  0.827  15.4  358.7  17.6  0.54  48.4  24.1
081120251406  0.821  15.4  358.9  17.6  0.68  42.9  24.1
081120251407  0.816  15.3  359.3  17.6  0.70  34.9  24.2
081120251408  0.810  15.2  359.9  17.6  0.53  59.4  24.2
081120251409  0.803  15.1  0.7  17.2  0.50  39.3  24.2
081120251410  0.796  14.8  1.6  17.2  0.56  61.7  24.2
081120251411  0.790  14.5  2.5  17.2  0.55  48.2  24.2
081120251412  0.783  13.9  4.5  16.6  0.52  59.0  24.2
081120251413  0.777  13.6  5.6  16.6  0.56  54.0  24.2
081120251414  0.771  13.1  7.5  16.6  0.52  44.1  24.2
081120251415  0.764  12.5  9.6  16.1  0.73  36.6  24.3
081120251416  0.758  11.9  12.2  15.7  0.67  39.7  24.3
081120251417  0.751  11.4  15.5  15.6  0.45  62.1  24.3
081120251418  0.744  11.1  18.6  15.6  0.48  67.0  24.3
081120251419  0.738  10.8  21.5  15.6  0.62  39.4  24.3
081120251420  0.733  10.4  25.4  14.5  0.51  62.8  24.3
081120251421  0.727  10.5  28.1  16.2  0.61  35.8  24.3
081120251422  0.721  10.7  29.2  16.2  0.46  55.3  24.3
081120251423  0.714  10.6  31.2  16.2  0.48  50.1  24.3
081120251424  0.708  10.6  32.2  16.2  0.53  46.4  24.3
081120251425  0.703  10.8  33.0  16.2  0.64  36.4  24.3
081120251426  0.699  11.2  33.9  16.2  0.60  54.7  24.3
081120251427  0.694  11.5  34.1  16.2  0.45  59.4  24.3
081120251428  0.689  11.5  33.8  16.2  0.56  35.0  24.3
081120251429  0.683  11.4  33.9  16.2  0.58  47.3  24.3
081120251430  0.677  11.7  33.3  16.2  0.49  49.0  24.3
081120251431  0.671  11.6  33.0  16.1  0.49  53.6  24.3
081120251432  0.664  11.5  33.1  16.1  0.53  39.4  24.3
081120251433  0.658  11.9  33.3  16.6  0.51  48.9  24.4
081120251434  0.651  12.2  32.6  16.6  0.49  48.4  24.4
081120251435  0.646  12.5  32.6  16.6  0.56  51.3  24.4
081120251436  0.640  12.5  31.9  16.6  0.59  39.6  24.4
081120251437  0.635  12.5  31.7  16.6  0.52  45.7  24.4
081120251438  0.629  12.5  31.9  16.6  0.56  53.7  24.4
081120251439  0.624  12.9  32.3  17.4  0.53  61.0  24.4
081120251440  0.619  12.8  31.9  17.4  0.52  47.4  24.4
081120251441  0.614  12.8  32.1  17.4  0.55  44.5  24.4
081120251442  0.607  12.7  32.2  17.4  0.55  51.2  24.4
081120251443  0.601  12.5  31.9  17.4  0.49  52.7  24.4
081120251444  0.595  12.3  31.9  17.4  0.62  44.6  24.5
081120251445  0.591  12.2  31.2  17.4  0.50  54.4  24.5
081120251446  0.586  12.2  31.3  17.4  0.58  44.8  24.5
081120251447  0.581  12.1  31.2  17.4  0.60  48.5  24.5
081120251448  0.575  12.3  30.9  17.4  0.70  38.5  24.5
081120251449  0.568  12.3  30.4  15.6  0.50  59.7  24.5
081120251450  0.561  12.3  30.1  15.7  0.66  56.4  24.5
081120251451  0.554  12.4  29.9  16.6  0.57  48.0  24.5
081120251452  0.549  12.5  29.4  16.6  0.67  39.5  24.5
081120251453  0.545  12.5  28.7  16.6  0.53  56.8  24.5
081120251454  0.539  12.7  28.5  17.4  0.62  46.3  24.5
081120251455  0.534  12.6  28.5  17.4  0.53  44.3  24.5
081120251456  0.528  12.7  27.4  17.4  0.40  61.6  24.6
081120251457  0.523  12.6  26.3  17.4  0.63  37.5  24.6
081120251458  0.517  12.6  25.5  18.0  0.58  43.6  24.6
081120251459  0.513  12.8  24.3  18.0  0.60  39.5  24.6
081120251500  0.509  12.9  23.3  18.0  0.52  58.5  24.6
081120251501  0.504  12.9  22.3  18.0  0.53  58.9  24.6
081120251502  0.500  12.8  21.4  18.0  0.51  52.5  24.6
081120251503  0.496  13.0  21.7  18.0  0.65  32.1  24.6
081120251504  0.491  12.8  22.2  18.0  0.51  55.2  24.6
081120251505  0.486  13.2  21.5  18.0  0.50  59.7  24.6
081120251506  0.481  13.0  21.6  18.0  0.57  54.4  24.6
081120251507  0.475  13.1  22.2  18.0  0.53  59.6  24.7
081120251508  0.469  12.9  22.4  16.9  0.56  53.6  24.7
081120251509  0.465  12.7  23.2  16.5  0.51  53.0  24.7
081120251510  0.460  12.7  23.4  16.5  0.73  38.2  24.7
081120251511  0.455  12.7  24.6  16.5  0.63  54.7  24.7
081120251512  0.449  12.7  25.4  16.5  0.67  46.8  24.7
081120251513  0.444  12.7  26.1  16.5  0.63  54.5  24.7
081120251514  0.437  12.6  26.4  16.4  0.58  53.5  24.7
081120251515  0.433  12.4  27.1  16.1  0.64  43.5  24.7
081120251516  0.427  12.2  27.8  16.1  0.50  62.3  24.7
081120251517  0.423  12.1  28.4  16.4  0.68  47.4  24.8
081120251518  0.416  12.1  29.4  16.4  0.57  52.0  24.8
081120251519  0.412  12.1  30.3  16.4  0.74  42.2  24.8
081120251520  0.407  12.1  31.5  16.4  0.59  51.7  24.8
081120251521  0.402  12.1  31.7  16.4  0.65  50.3  24.8
081120251522  0.398  12.0  31.9  16.4  0.61  46.7  24.8
081120251523  0.393  12.1  32.2  17.4  0.53  47.7  24.8
081120251524  0.387  12.2  32.4  17.5  0.61  41.7  24.8
081120251525  0.381  12.3  33.5  17.5  0.66  36.5  24.8
081120251526  0.376  12.3  33.9  17.5  0.59  46.3  24.8
081120251527  0.369  12.3  33.4  17.5  0.51  63.0  24.8
081120251528  0.365  12.5  33.4  17.5  0.50  56.1  24.8
081120251529  0.360  12.4  33.1  17.5  0.58  57.0  24.8
081120251530  0.356  12.4  33.7  17.5  0.60  37.9  24.9
081120251531  0.351  12.3  33.6  17.5  0.51  61.2  24.9
081120251532  0.346  12.2  33.5  17.5  0.66  45.7  24.9
081120251533  0.341  12.0  33.1  17.5  0.59  44.6  24.9
081120251534  0.337  11.8  32.6  16.2  0.71  47.8  24.9
081120251535  0.333  11.6  32.3  16.2  0.53  54.6  24.9
081120251536  0.328  11.7  31.7  16.2  0.73  38.3  24.9
081120251537  0.325  11.8  32.4  16.2  0.53  42.6  24.9
081120251538  0.322  11.6  31.5  15.4  0.47  52.8  24.9
081120251539  0.319  11.7  30.3  15.4  0.54  62.3  24.9
081120251540  0.314  11.4  29.2  15.3  0.60  46.5  24.9
081120251541  0.311  11.3  28.4  15.3  0.47  54.7  24.9
081120251542  0.307  11.4  28.9  16.5  0.58  45.3  24.9
081120251543  0.303  11.4  28.7  16.5  0.50  46.4  24.9
081120251544  0.299  11.4  28.9  18.2  0.58  54.2  24.9
081120251545  0.297  11.5  29.0  18.2  0.54  48.6  25.0
081120251546  0.290  11.5  29.2  18.2  0.47  66.2  25.0
081120251547  0.287  11.6  29.1  18.2  0.52  59.6  25.0
081120251548  0.284  11.7  29.9  18.2  0.57  49.1  25.0
081120251549  0.280  11.8  31.2  18.2  0.52  50.4  25.0
081120251550  0.277  12.1  31.7  18.2  0.55  62.1  25.0
081120251551  0.273  12.4  32.3  18.2  0.72  43.9  25.0
081120251552  0.269  12.4  32.4  18.2  0.58  39.7  25.0
081120251553  0.266  12.5  33.1  18.2  0.53  47.2  25.0
081120251554  0.263  12.5  33.4  16.2  0.54  51.1  25.0
081120251555  0.260  12.9  33.5  17.7  0.47  59.7  25.0
081120251556  0.257  13.0  34.1  17.7  0.66  45.4  25.0
081120251557  0.254  12.8  33.8  17.7  0.51  53.9  25.1
081120251558  0.250  12.8  33.4  17.7  0.49  57.6  25.1
081120251559  0.246  12.8  33.4  17.7  0.59  36.1  25.1
081120251600  0.242  12.5  33.3  17.7  0.43  62.9  25.1
081120251601  0.239  12.5  32.7  17.7  0.65  36.7  25.1
081120251602  0.236  12.4  32.1  17.7  0.44  51.3  25.1
081120251603  0.232  12.3  30.6  17.7  0.59  46.1  25.1
081120251604  0.229  12.3  29.7  17.7  0.52  47.9  25.1
081120251605  0.227  11.8  28.4  17.3  0.60  42.7  25.1
081120251606  0.225  11.8  26.5  17.3  0.54  50.6  25.1
081120251607  0.222  12.0  25.5  17.3  0.63  52.6  25.1
081120251608  0.219  12.1  24.9  17.3  0.61  52.9  25.1
081120251609  0.217  11.9  23.7  16.1  0.54  51.5  25.1
081120251610  0.215  12.0  22.7  16.1  0.50  49.7  25.2
081120251611  0.214  11.9  22.2  16.1  0.59  51.7  25.2
081120251612  0.213  12.1  21.5  16.1  0.45  66.1  25.2
081120251613  0.212  11.9  21.5  16.1  0.53  50.7  25.2
081120251614  0.211  11.9  21.4  16.1  0.61  38.2  25.2
081120251615  0.209  11.9  21.7  16.1  0.47  55.2  25.2
081120251616  0.207  11.6  22.0  15.6  0.51  48.4  25.2
081120251617  0.205  11.4  22.7  15.6  0.46  50.7  25.2
081120251618  0.202  11.4  22.9  15.6  0.48  50.9  25.2
081120251619  0.201  11.5  22.6  15.6  0.45  57.6  25.2
081120251620  0.199  11.5  22.7  15.3  0.55  45.2  25.2
081120251621  0.199  11.4  22.9  15.3  0.53  52.5  25.2
081120251622  0.198  11.3  22.5  15.3  0.50  53.4  25.2
081120251623  0.196  11.5  22.9  15.3  0.49  69.3  25.2
081120251624  0.195  11.6  22.8  15.3  0.54  52.7  25.2
081120251625  0.195  11.6  21.8  15.3  0.57  41.4  25.3
081120251626  0.191  11.9  21.4  16.1  0.53  53.7  25.3
081120251627  0.191  12.2  20.5  16.4  0.53  53.7  25.3
081120251628  0.191  12.2  19.8  16.4  0.47  51.0  25.3
081120251629  0.189  12.2  20.2  16.4  0.61  41.1  25.3
081120251630  0.188  12.3  20.4  16.4  0.65  37.3  25.3
081120251631  0.187  12.4  20.3  16.4  0.57  42.2  25.3
081120251632  0.186  12.5  20.4  16.4  0.50  57.4  25.3
081120251633  0.184  12.5  19.9  16.4  0.57  46.6  25.3
081120251634  0.181  12.4  19.7  16.4  0.53  41.9  25.3
081120251635  0.179  12.5  20.4  16.4  0.48  59.4  25.3
081120251636  0.177  12.4  20.7  16.6  0.45  59.2  25.3
081120251637  0.175  12.1  21.9  16.6  0.45  57.4  25.3
081120251638  0.171  12.3  21.0  16.9  0.48  51.6  25.3
081120251639  0.167  12.2  21.0  16.9  0.46  50.2  25.3
081120251640  0.163  12.2  20.8  16.9  0.58  39.7  25.4
081120251641  0.160  12.2  20.6  16.9  0.52  45.0  25.4
081120251642  0.155  12.1  20.6  16.9  0.62  44.9  25.4
081120251643  0.152  12.0  20.7  16.9  0.45  55.2  25.4
081120251644  0.149  12.2  20.1  16.9  0.53  51.7  25.4
081120251645  0.147  12.1  19.7  16.9  0.51  47.8  25.4
081120251646  0.145  12.0  18.8  16.9  0.53  45.1  25.4
081120251647  0.142  11.8  17.4  16.9  0.51  43.1  25.4
081120251648  0.140  11.6  18.3  15.7  0.49  58.7  25.4
081120251649  0.139  11.6  18.2  15.7  0.60  45.9  25.4
081120251650  0.138  11.3  17.7  15.7  0.38  62.7  25.4
081120251651  0.137  11.3  17.7  15.6  0.47  63.8  25.4
081120251652  0.136  11.2  18.1  15.6  0.47  58.9  25.4
081120251653  0.136  11.1  17.8  15.6  0.50  52.0  25.4
081120251654  0.136  11.2  17.3  15.6  0.49  55.6  25.4
081120251655  0.136  11.2  17.0  15.6  0.47  59.5  25.4
081120251656  0.137  11.1  17.1  15.6  0.55  44.3  25.4
081120251657  0.137  11.2  17.7  15.6  0.47  49.1  25.5
081120251658  0.137  11.1  17.5  15.6  0.46  53.8  25.5
081120251659  0.137  11.0  17.3  15.6  0.45  63.6  25.5
081120251700  0.138  10.9  17.6  15.6  0.51  48.4  25.5
081120251701  0.139  10.8  17.6  14.0  0.43  56.3  25.5
081120251702  0.140  10.7  17.0  14.0  0.46  41.1  25.5
081120251703  0.141  10.4  17.3  14.0  0.42  57.0  25.5
081120251704  0.142  10.2  19.1  13.8  0.48  53.7  25.5
081120251705  0.143  10.0  20.7  13.8  0.42  55.4  25.5
081120251706  0.144  9.8  21.6  13.8  0.48  43.2  25.5
081120251707  0.145  9.6  22.0  12.5  0.54  48.2  25.5
081120251708  0.145  9.2  22.8  12.5  0.43  57.8  25.5
081120251709  0.144  9.3  22.1  12.5  0.47  48.3  25.5
081120251710  0.144  9.2  22.2  12.5  0.41  57.9  25.5
081120251711  0.143  9.1  22.3  12.5  0.55  53.0  25.5
081120251712  0.142  9.1  23.0  12.5  0.48  54.7  25.6
081120251713  0.141  9.1  22.7  12.5  0.39  74.3  25.6
081120251714  0.140  8.7  22.3  11.5  0.46  48.7  25.6
081120251715  0.139  8.8  21.2  11.5  0.40  62.3  25.6
081120251716  0.138  8.7  21.1  11.5  0.38  72.8  25.6
081120251717  0.137  8.6  20.8  11.5  0.35  61.1  25.6
081120251718  0.135  8.7  20.5  11.5  0.48  49.9  25.6
081120251719  0.134  8.4  21.1  11.5  0.38  64.8  25.6
081120251720  0.134  8.2  21.2  10.7  0.35  73.1  25.6
081120251721  0.132  8.0  22.2  10.7  0.45  53.3  25.6
081120251722  0.132  7.7  22.1  10.5  0.42  50.3  25.6
081120251723  0.132  7.6  22.5  10.5  0.51  39.8  25.6
081120251724  0.132  7.5  22.3  10.5  0.49  49.2  25.6
081120251725  0.133  7.3  22.5  9.7  0.37  57.6  25.6
081120251726  0.133  7.1  23.4  9.7  0.37  60.8  25.6
081120251727  0.133  6.9  24.5  9.7  0.41  50.7  25.6
081120251728  0.134  6.9  26.3  9.9  0.47  45.0  25.6
081120251729  0.134  7.1  28.2  10.8  0.40  44.2  25.6
081120251730  0.134  7.1  29.3  10.8  0.43  42.4  25.6
081120251731  0.136  7.2  29.5  10.8  0.38  54.6  25.6
081120251732  0.136  7.3  30.6  10.8  0.37  68.5  25.6
081120251733  0.137  7.3  31.4  10.8  0.41  54.6  25.7
081120251734  0.138  7.4  32.4  10.8  0.36  65.9  25.7
081120251735  0.139  7.5  34.0  10.8  0.39  59.4  25.7
081120251736  0.142  7.7  34.7  10.8  0.41  59.6  25.7
081120251737  0.145  7.9  35.2  10.8  0.43  65.9  25.7
081120251738  0.148  7.9  34.9  10.8  0.44  50.9  25.7
081120251739  0.150  7.9  34.0  10.5  0.45  52.2  25.7
081120251740  0.152  7.9  33.7  10.5  0.38  52.9  25.7
081120251741  0.154  7.8  33.3  10.5  0.31  53.5  25.7
081120251742  0.156  7.9  32.4  10.5  0.40  64.4  25.7
081120251743  0.157  8.1  33.0  10.5  0.35  65.4  25.7
081120251744  0.161  8.1  32.7  10.5  0.40  59.7  25.7
081120251745  0.162  8.3  31.7  12.6  0.34  56.4  25.7
081120251746  0.164  8.6  30.3  12.7  0.35  61.6  25.7
081120251747  0.167  8.7  29.3  12.7  0.30  48.1  25.7
081120251748  0.169  8.8  28.4  12.7  0.32  55.2  25.7
081120251749  0.170  8.8  27.3  12.7  0.36  55.4  25.7
081120251750  0.171  8.9  26.1  12.7  0.36  45.4  25.7
081120251751  0.174  9.2  25.5  12.7  0.39  47.9  25.7
081120251752  0.176  9.4  24.9  12.7  0.32  62.3  25.7
081120251753  0.178  9.5  23.2  13.4  0.28  49.0  25.7
081120251754  0.181  9.9  22.4  13.4  0.25  42.3  25.7
081120251755  0.183  9.9  21.0  13.4  0.34  55.7  25.7
081120251756  0.186  9.9  19.6  13.4  0.39  51.4  25.7
081120251757  0.186  9.9  18.5  13.4  0.21  92.6  25.8
081120251758  0.189  10.0  17.2  13.4  0.20  70.4  25.8
081120251759  0.192  9.9  16.6  13.4  0.33  46.0  25.8
081120251800  0.196  9.9  16.0  13.4  0.20  46.2  25.8
081120251801  0.201  9.8  15.6  13.4  0.26  63.0  25.8
081120251802  0.205  9.7  15.4  13.4  0.25  48.3  25.8
081120251803  0.209  9.5  15.1  12.5  0.16  44.3  25.8
081120251804  0.213  9.3  14.9  12.2  0.17  31.9  25.8
081120251805  0.218  9.2  15.4  12.2  0.17  36.6  25.8
081120251806  0.221  8.9  16.0  12.2  0.24  17.0  25.8
081120251807  0.225  8.8  16.5  12.2  0.21  29.6  25.8
081120251808  0.229  8.6  17.3  11.3  0.16  19.9  25.8
081120251809  0.233  8.6  18.1  11.3  0.18  19.3  25.8
081120251810  0.236  8.6  18.7  11.3  0.04  51.4  25.8
081120251811  0.241  8.5  19.0  11.3  0.18  9.4  25.8
081120251812  0.246  8.6  18.7  11.3  0.12  353.0  25.8
081120251813  0.249  8.5  19.1  11.3  0.13  356.4  25.8
081120251814  0.251  8.6  19.0  11.2  0.29  11.5  25.8
081120251815  0.255  8.5  18.4  11.2  0.24  4.9  25.8
081120251816  0.258  8.5  18.2  11.2  0.16  3.9  25.8
081120251817  0.263  8.6  17.6  11.2  0.13  14.1  25.8
081120251818  0.267  8.6  17.2  11.2  0.16  10.7  25.8
081120251819  0.271  8.4  16.1  11.2  0.20  18.5  25.8
081120251820  0.273  8.3  14.8  11.2  0.20  30.0  25.8
081120251821  0.276  8.2  13.9  11.2  0.10  353.4  25.8
081120251822  0.281  8.1  13.1  11.2  0.05  34.6  25.8
081120251823  0.284  8.2  11.4  11.2  0.03  52.3  25.8
081120251824  0.287  8.2  9.4  10.6  0.15  358.3  25.8
081120251825  0.290  8.3  7.3  10.7  0.26  355.7  25.8
081120251826  0.293  8.3  5.3  10.7  0.22  17.8  25.8
081120251827  0.296  8.4  3.5  10.7  nan  nan  nan
081120251828  0.299  8.5  1.6  10.7  0.12  356.4  25.8
081120251829  0.301  8.5  0.5  10.7  0.02  19.5  25.8
081120251830  0.303  8.6  0.2  10.7  0.07  354.9  25.8
081120251831  0.306  8.7  359.6  10.7  0.17  351.6  25.8
081120251832  0.309  8.8  359.6  10.7  0.06  6.3  25.8
081120251833  0.312  8.5  0.6  10.7  0.10  358.5  25.8
081120251834  0.317  8.5  1.1  10.7  0.10  358.7  25.8
081120251835  0.322  8.2  2.5  9.6  0.11  349.0  25.8
081120251836  0.326  8.0  3.0  9.6  nan  nan  nan
081120251837  0.330  7.8  4.1  9.4  0.13  21.7  25.8
081120251838  0.332  7.8  4.6  9.4  0.10  340.9  25.8
081120251839  0.334  7.6  3.6  9.4  0.15  2.3  25.8
081120251840  0.338  7.1  1.3  9.0  0.16  8.6  25.8
081120251841  0.343  6.5  358.6  8.9  0.11  359.7  25.8
081120251842  0.348  5.9  354.6  8.7  0.15  355.4  25.8
081120251843  0.352  5.3  348.9  8.7  0.07  213.6  25.8
081120251844  0.356  4.3  343.3  8.1  0.10  328.8  25.8
081120251845  0.361  3.6  335.1  8.1  0.08  178.4  25.8
081120251846  0.364  3.1  325.8  8.1  0.20  9.4  25.8
081120251847  0.368  3.0  312.1  8.1  0.12  8.2  25.8
081120251848  0.372  2.9  296.3  7.1  0.03  296.4  25.8
081120251849  0.375  2.8  284.4  5.9  0.09  307.1  25.8
081120251850  0.379  2.8  271.4  5.2  0.05  112.3  25.8
081120251851  0.383  2.9  269.0  5.2  0.07  308.6  25.8
081120251852  0.387  2.9  266.2  5.2  0.07  6.6  25.8
081120251853  0.389  3.2  268.4  8.4  0.08  338.1  25.8
081120251854  0.392  3.3  276.4  8.4  0.06  192.0  25.8
081120251855  0.396  3.7  281.6  8.4  0.08  164.7  25.8
081120251856  0.400  3.8  287.5  8.4  0.09  136.1  25.8
081120251857  0.403  3.8  292.7  8.4  0.04  12.5  25.8
081120251858  0.409  3.9  298.2  8.4  0.05  170.8  25.8
081120251859  0.413  4.2  302.0  8.4  0.12  190.0  25.8
081120251900  0.416  4.5  307.4  8.4  0.06  357.9  25.8
081120251901  0.418  4.6  309.3  8.4  0.02  275.2  25.8
081120251902  0.420  4.7  312.7  8.4  0.03  152.4  25.8
081120251903  0.423  4.5  315.1  7.0  0.04  3.7  25.8
081120251904  0.426  4.5  313.0  7.0  0.12  211.3  25.8
081120251905  0.429  4.5  312.5  7.0  0.07  150.4  25.8
081120251906  0.432  4.5  307.6  7.8  0.16  200.6  25.8
081120251907  0.434  4.5  304.5  7.8  0.11  182.1  25.8
081120251908  0.436  4.5  301.4  7.8  0.04  291.3  25.8
081120251909  0.439  4.3  298.5  7.8  0.12  218.2  25.8
081120251910  0.440  4.2  296.1  7.8  0.06  201.3  25.8
081120251911  0.442  4.2  296.7  7.8  0.04  222.3  25.8
081120251912  0.444  4.2  294.6  7.8  0.02  351.6  25.8
081120251913  0.446  4.2  291.8  7.8  0.07  209.4  25.8
081120251914  0.447  4.1  290.1  7.8  0.06  178.7  25.8
081120251915  0.449  3.8  289.0  7.8  0.10  190.0  25.8
081120251916  0.452  3.6  290.2  7.0  nan  nan  nan
081120251917  0.455  3.5  288.6  7.0  0.14  202.4  25.8
081120251918  0.460  3.2  283.6  5.8  nan  nan  nan
081120251919  0.462  3.0  281.0  5.8  0.18  183.3  25.8
081120251920  0.466  3.0  277.5  5.8  0.18  191.3  25.8
081120251921  0.469  2.8  271.5  5.2  0.16  182.4  25.8
081120251922  0.471  2.7  266.0  5.2  0.17  194.7  25.8
081120251923  0.475  2.7  263.1  4.6  0.19  187.7  25.8
081120251924  0.478  2.7  258.8  4.6  0.16  190.7  25.8
081120251925  0.481  2.6  254.3  4.6  0.05  164.5  25.8
081120251926  0.486  2.6  247.2  4.6  0.14  176.2  25.8
081120251927  0.492  2.6  238.4  4.2  0.11  168.4  25.8
081120251928  0.497  2.7  232.1  5.3  0.13  206.3  25.8
081120251929  0.501  2.9  226.9  5.3  0.10  227.6  25.8
081120251930  0.507  3.0  220.0  5.3  0.17  196.7  25.8
081120251931  0.511  3.3  215.5  5.3  0.19  196.9  25.8
081120251932  0.515  3.5  212.2  5.3  0.13  184.7  25.7
081120251933  0.520  3.7  209.0  5.3  0.08  187.3  25.7
081120251934  0.525  4.0  210.0  7.1  0.18  198.2  25.7
081120251935  0.530  4.3  210.9  7.1  0.20  221.1  25.7
081120251936  0.536  4.7  214.0  7.1  0.14  199.9  25.7
081120251937  0.541  5.0  218.7  7.7  0.05  263.5  25.7
081120251938  0.548  5.1  224.2  7.9  0.14  211.8  25.7
081120251939  0.553  5.1  229.3  7.9  0.14  217.3  25.7
081120251940  0.558  5.3  237.9  12.7  0.22  207.3  25.7
081120251941  0.563  5.6  245.8  16.0  0.16  205.4  25.7
081120251942  0.567  5.9  251.2  16.0  0.12  221.3  25.7
081120251943  0.571  6.2  256.8  16.0  0.25  231.8  25.7
081120251944  0.574  6.0  259.1  16.0  0.28  218.5  25.7
081120251945  0.577  6.6  267.9  16.0  0.22  216.1  25.7
081120251946  0.581  7.1  272.7  16.1  0.16  238.4  25.7
081120251947  0.586  7.3  277.0  16.1  0.22  230.7  25.7
081120251948  0.589  7.6  279.1  16.1  0.27  225.8  25.7
081120251949  0.592  8.6  282.4  18.7  0.17  230.7  25.7
081120251950  0.596  9.1  283.6  22.0  0.30  228.4  25.7
081120251951  0.600  9.5  282.9  22.2  0.21  264.2  25.7
081120251952  0.606  10.2  281.9  22.2  0.16  241.9  25.7
081120251953  0.612  10.5  281.7  22.2  0.26  231.1  25.7
081120251954  0.618  11.1  282.0  22.2  0.27  224.0  25.7
081120251955  0.625  10.6  281.1  22.2  0.24  215.3  25.7
081120251956  0.633  10.4  282.9  22.2  0.22  250.8  25.7
081120251957  0.639  10.5  282.0  22.2  0.23  232.6  25.7
081120251958  0.646  10.1  282.7  22.2  0.32  219.2  25.6
081120251959  0.650  9.1  280.6  22.2  0.27  231.1  25.6
081120252000  0.651  8.3  277.7  22.2  0.26  231.7  25.6
081120252001  0.651  7.0  278.4  17.8  0.18  233.3  25.6
081120252002  0.650  5.6  279.6  12.0  0.21  215.9  25.6
081120252003  0.649  4.5  277.4  11.5  0.21  210.1  25.6
081120252004  0.649  3.7  276.4  11.5  0.27  222.0  25.6
081120252005  0.649  2.9  269.6  11.5  0.21  237.9  25.6
081120252006  0.649  2.1  252.4  11.0  0.19  247.8  25.6
081120252007  0.651  1.4  235.6  6.9  0.36  223.4  25.6
081120252008  0.651  1.1  211.9  6.9  0.25  229.7  25.6
081120252009  0.654  1.0  175.8  6.9  0.21  246.2  25.6
081120252010  0.655  1.1  146.9  3.3  0.20  203.6  25.6
081120252011  0.655  1.4  141.5  3.3  0.20  212.8  25.6
081120252012  0.657  1.4  140.3  3.3  0.25  235.3  25.6
081120252013  0.658  1.3  132.3  3.3  0.17  213.1  25.6
081120252014  0.660  1.3  125.0  3.3  0.20  215.3  25.6
081120252015  0.663  1.2  120.0  2.5  0.14  204.2  25.6
081120252016  0.669  1.1  120.0  2.4  0.15  214.9  25.6
081120252017  0.673  1.1  122.8  2.4  0.15  220.5  25.6
081120252018  0.676  1.0  124.2  2.4  0.19  214.5  25.6
081120252019  0.681  0.7  121.9  2.6  0.19  214.7  25.6
081120252020  0.685  0.3  100.8  3.4  0.14  202.7  25.6
081120252021  0.689  0.4  350.0  4.2  0.20  203.8  25.6
081120252022  0.691  0.9  340.1  4.2  0.23  191.5  25.5
081120252023  0.692  1.3  338.7  4.2  0.23  206.3  25.5
081120252024  0.696  1.7  335.0  4.4  0.26  220.8  25.5
081120252025  0.697  2.3  336.0  5.3  0.15  220.5  25.5
081120252026  0.700  3.0  335.4  7.3  0.17  200.7  25.5
081120252027  0.703  3.8  334.4  8.2  0.25  194.9  25.5
081120252028  0.705  4.5  334.5  8.2  0.23  197.7  25.5
081120252029  0.710  4.9  335.3  8.2  0.24  200.9  25.5
081120252030  0.712  5.1  336.0  8.2  0.14  195.6  25.5
081120252031  0.716  5.4  337.5  8.2  0.30  190.0  25.5
081120252032  0.719  5.7  338.9  8.2  0.28  196.7  25.5
081120252033  0.722  6.0  340.8  8.2  0.24  197.0  25.5
081120252034  0.727  6.2  343.5  8.2  0.21  187.3  25.5
081120252035  0.730  6.4  344.4  8.2  0.31  190.0  25.5
081120252036  0.737  6.5  346.3  8.2  0.31  183.5  25.5
081120252037  0.743  6.4  349.7  8.0  0.21  204.7  25.5
081120252038  0.748  6.4  352.7  8.0  0.18  191.3  25.5
081120252039  0.753  6.4  354.9  8.0  0.22  205.2  25.5
081120252040  0.758  6.5  356.6  8.0  0.28  182.3  25.5
081120252041  0.763  6.4  356.1  8.0  0.34  196.9  25.5
081120252042  0.767  6.3  354.9  7.5  0.29  202.1  25.5
081120252043  0.771  6.0  352.1  7.1  0.24  194.6  25.4
081120252044  0.775  5.7  349.8  7.1  0.32  203.9  25.4
081120252045  0.779  5.3  349.1  7.1  0.17  213.0  25.4
081120252046  0.780  4.7  347.2  7.1  0.29  200.1  25.4
081120252047  0.784  4.1  344.5  7.1  0.31  186.0  25.4
081120252048  0.788  3.6  340.9  7.1  0.07  218.0  25.4
081120252049  0.792  3.2  335.6  7.1  0.36  190.9  25.4
081120252050  0.796  2.7  330.8  7.1  0.16  196.8  25.4
081120252051  0.800  2.0  329.0  6.8  0.20  211.5  25.4
081120252052  0.805  1.2  327.3  6.8  0.26  202.8  25.4
081120252053  0.809  0.4  345.1  4.3  0.26  190.0  25.4
081120252054  0.812  0.3  105.6  4.5  0.22  186.9  25.4
081120252055  0.816  0.8  133.6  4.5  0.13  200.5  25.4
081120252056  0.819  1.2  135.7  4.5  0.27  191.2  25.4
081120252057  0.822  1.5  139.2  4.5  0.25  188.7  25.4
081120252058  0.826  1.9  142.3  4.5  0.29  188.1  25.4
081120252059  0.828  2.1  140.9  4.5  0.30  192.2  25.4
081120252100  0.832  2.1  137.3  4.5  0.29  194.7  25.4
081120252101  0.836  1.8  128.5  4.5  0.23  184.1  25.4
081120252102  0.839  1.5  116.6  4.5  0.34  183.8  25.4
081120252103  0.842  1.5  98.7  4.7  0.35  196.0  25.4
081120252104  0.847  1.5  77.6  4.7  0.34  190.3  25.4
081120252105  0.851  1.9  64.3  6.7  0.25  171.6  25.4
081120252106  0.855  2.5  49.3  7.2  0.21  208.3  25.4
081120252107  0.858  nan  nan  nan  nan  nan  nan
081120252108  0.862  nan  nan  nan  nan  nan  nan
081120252109  0.866  nan  nan  nan  nan  nan  nan
081120252110  0.870  nan  nan  nan  nan  nan  nan
081120252111  0.874  nan  nan  nan  nan  nan  nan
081120252112  0.878  nan  nan  nan  nan  nan  nan
081120252113  0.885  nan  nan  nan  nan  nan  nan
081120252114  0.892  nan  nan  nan  nan  nan  nan
081120252115  0.897  nan  nan  nan  nan  nan  nan
081120252116  0.902  nan  nan  nan  nan  nan  nan
081120252117  0.906  nan  nan  nan  nan  nan  nan
081120252118  0.910  nan  nan  nan  nan  nan  nan
081120252119  0.912  nan  nan  nan  nan  nan  nan
081120252120  0.915  nan  nan  nan  nan  nan  nan
081120252121  0.917  nan  nan  nan  nan  nan  nan
081120252122  0.920  nan  nan  nan  nan  nan  nan
081120252123  0.924  nan  nan  nan  nan  nan  nan
081120252124  0.929  nan  nan  nan  nan  nan  nan
081120252125  0.934  nan  nan  nan  nan  nan  nan
081120252126  0.938  nan  nan  nan  nan  nan  nan
081120252127  0.942  nan  nan  nan  nan  nan  nan
081120252128  0.946  nan  nan  nan  nan  nan  nan
081120252129  0.950  nan  nan  nan  nan  nan  nan
081120252130  0.952  nan  nan  nan  nan  nan  nan
081120252131  0.956  nan  nan  nan  nan  nan  nan
081120252132  0.961  nan  nan  nan  nan  nan  nan
081120252133  0.965  nan  nan  nan  nan  nan  nan
081120252134  0.970  nan  nan  nan  nan  nan  nan
081120252135  0.974  nan  nan  nan  nan  nan  nan
081120252136  0.977  nan  nan  nan  nan  nan  nan
081120252137  0.980  nan  nan  nan  nan  nan  nan
081120252138  0.981  nan  nan  nan  nan  nan  nan
081120252139  0.983  nan  nan  nan  nan  nan  nan
081120252140  0.985  nan  nan  nan  nan  nan  nan
081120252141  0.987  nan  nan  nan  nan  nan  nan
081120252142  0.992  nan  nan  nan  nan  nan  nan
081120252143  0.996  nan  nan  nan  nan  nan  nan
081120252144  1.001  nan  nan  nan  nan  nan  nan
081120252145  1.004  nan  nan  nan  nan  nan  nan
081120252146  1.006  nan  nan  nan  nan  nan  nan
081120252147  1.008  nan  nan  nan  nan  nan  nan
081120252148  1.012  nan  nan  nan  nan  nan  nan
081120252149  1.014  nan  nan  nan  nan  nan  nan
081120252150  1.018  nan  nan  nan  nan  nan  nan
081120252151  1.019  nan  nan  nan  nan  nan  nan
081120252152  1.021  nan  nan  nan  nan  nan  nan
081120252153  1.021  nan  nan  nan  nan  nan  nan
081120252154  1.021  nan  nan  nan  nan  nan  nan
081120252155  1.021  nan  nan  nan  nan  nan  nan
081120252156  1.019  nan  nan  nan  nan  nan  nan
081120252157  1.019  nan  nan  nan  nan  nan  nan
081120252158  1.019  nan  nan  nan  nan  nan  nan
081120252159  1.018  nan  nan  nan  nan  nan  nan
081120252200  1.016  nan  nan  nan  nan  nan  nan
081120252201  1.016  nan  nan  nan  nan  nan  nan
081120252202  1.015  nan  nan  nan  nan  nan  nan
081120252203  1.014  nan  nan  nan  nan  nan  nan
081120252204  1.013  nan  nan  nan  nan  nan  nan
081120252205  1.011  nan  nan  nan  nan  nan  nan
081120252206  1.010  nan  nan  nan  nan  nan  nan
081120252207  1.011  nan  nan  nan  nan  nan  nan
081120252208  1.010  nan  nan  nan  nan  nan  nan
081120252209  1.010  nan  nan  nan  nan  nan  nan
081120252210  1.010  nan  nan  nan  nan  nan  nan
081120252211  1.010  nan  nan  nan  nan  nan  nan
081120252212  1.008  nan  nan  nan  nan  nan  nan
081120252213  1.006  nan  nan  nan  nan  nan  nan
081120252214  1.003  nan  nan  nan  nan  nan  nan
081120252215  1.001  nan  nan  nan  nan  nan  nan
081120252216  0.999  nan  nan  nan  nan  nan  nan
081120252217  0.997  nan  nan  nan  nan  nan  nan
081120252218  0.993  nan  nan  nan  nan  nan  nan
081120252219  0.992  nan  nan  nan  nan  nan  nan
081120252220  0.990  nan  nan  nan  nan  nan  nan
081120252221  0.989  nan  nan  nan  nan  nan  nan
081120252222  0.989  nan  nan  nan  nan  nan  nan
081120252223  0.990  nan  nan  nan  nan  nan  nan
081120252224  0.991  nan  nan  nan  nan  nan  nan
081120252225  0.990  nan  nan  nan  nan  nan  nan
081120252226  0.989  nan  nan  nan  nan  nan  nan
081120252227  0.989  nan  nan  nan  nan  nan  nan
081120252228  0.989  nan  nan  nan  nan  nan  nan
081120252229  0.987  nan  nan  nan  nan  nan  nan
081120252230  0.985  nan  nan  nan  nan  nan  nan
081120252231  0.983  nan  nan  nan  nan  nan  nan
081120252232  0.980  nan  nan  nan  nan  nan  nan
081120252233  0.976  nan  nan  nan  nan  nan  nan
081120252234  0.973  nan  nan  nan  nan  nan  nan
081120252235  0.971  nan  nan  nan  nan  nan  nan
081120252236  0.971  nan  nan  nan  nan  nan  nan
081120252237  0.969  nan  nan  nan  nan  nan  nan
081120252238  0.969  nan  nan  nan  nan  nan  nan
081120252239  0.968  nan  nan  nan  nan  nan  nan
081120252240  0.969  nan  nan  nan  nan  nan  nan
081120252241  0.971  nan  nan  nan  nan  nan  nan
081120252242  0.972  nan  nan  nan  nan  nan  nan
081120252243  0.976  nan  nan  nan  nan  nan  nan
081120252244  0.978  nan  nan  nan  nan  nan  nan
081120252245  0.979  nan  nan  nan  nan  nan  nan
081120252246  0.981  nan  nan  nan  nan  nan  nan
081120252247  0.983  nan  nan  nan  nan  nan  nan
081120252248  0.986  nan  nan  nan  nan  nan  nan
081120252249  0.986  nan  nan  nan  nan  nan  nan
081120252250  0.988  nan  nan  nan  nan  nan  nan
081120252251  0.987  nan  nan  nan  nan  nan  nan
081120252252  0.988  nan  nan  nan  nan  nan  nan
081120252253  0.989  nan  nan  nan  nan  nan  nan
081120252254  0.992  nan  nan  nan  nan  nan  nan
081120252255  0.994  nan  nan  nan  nan  nan  nan
081120252256  0.997  nan  nan  nan  nan  nan  nan
081120252257  0.999  nan  nan  nan  nan  nan  nan
081120252258  1.000  nan  nan  nan  nan  nan  nan
081120252259  1.001  nan  nan  nan  nan  nan  nan
081120252300  1.002  nan  nan  nan  nan  nan  nan
081120252301  1.002  nan  nan  nan  nan  nan  nan
081120252302  1.005  nan  nan  nan  nan  nan  nan
081120252303  1.005  nan  nan  nan  nan  nan  nan
081120252304  1.004  nan  nan  nan  nan  nan  nan
081120252305  1.005  nan  nan  nan  nan  nan  nan
081120252306  1.003  nan  nan  nan  nan  nan  nan
081120252307  1.003  nan  nan  nan  nan  nan  nan
081120252308  1.005  nan  nan  nan  nan  nan  nan
081120252309  1.006  nan  nan  nan  nan  nan  nan
081120252310  1.007  nan  nan  nan  nan  nan  nan
081120252311  1.008  nan  nan  nan  nan  nan  nan
081120252312  1.008  nan  nan  nan  nan  nan  nan
081120252313  1.010  nan  nan  nan  nan  nan  nan
081120252314  1.012  nan  nan  nan  nan  nan  nan
081120252315  1.013  nan  nan  nan  nan  nan  nan
081120252316  1.014  nan  nan  nan  nan  nan  nan
081120252317  1.015  nan  nan  nan  nan  nan  nan
081120252318  1.017  nan  nan  nan  nan  nan  nan
081120252319  1.019  nan  nan  nan  nan  nan  nan
081120252320  1.019  nan  nan  nan  nan  nan  nan
081120252321  1.021  nan  nan  nan  nan  nan  nan
081120252322  1.023  nan  nan  nan  nan  nan  nan
081120252323  1.024  nan  nan  nan  nan  nan  nan
081120252324  1.025  nan  nan  nan  nan  nan  nan
081120252325  1.026  nan  nan  nan  nan  nan  nan
081120252326  1.025  nan  nan  nan  nan  nan  nan
081120252327  1.027  nan  nan  nan  nan  nan  nan
081120252328  1.028  nan  nan  nan  nan  nan  nan
081120252329  1.027  nan  nan  nan  nan  nan  nan
081120252330  1.027  nan  nan  nan  nan  nan  nan
081120252331  1.026  nan  nan  nan  nan  nan  nan
081120252332  1.025  nan  nan  nan  nan  nan  nan
081120252333  1.024  nan  nan  nan  nan  nan  nan
081120252334  1.022  nan  nan  nan  nan  nan  nan
081120252335  1.021  nan  nan  nan  nan  nan  nan
081120252336  1.019  nan  nan  nan  nan  nan  nan
081120252337  1.017  nan  nan  nan  nan  nan  nan
081120252338  1.014  nan  nan  nan  nan  nan  nan
081120252339  1.011  nan  nan  nan  nan  nan  nan
081120252340  1.008  nan  nan  nan  nan  nan  nan
081120252341  1.004  nan  nan  nan  nan  nan  nan
081120252342  1.000  nan  nan  nan  nan  nan  nan
081120252343  0.994  nan  nan  nan  nan  nan  nan
081120252344  0.989  nan  nan  nan  nan  nan  nan
081120252345  0.983  nan  nan  nan  nan  nan  nan
081120252346  0.978  nan  nan  nan  nan  nan  nan
081120252347  0.971  nan  nan  nan  nan  nan  nan
081120252348  0.966  nan  nan  nan  nan  nan  nan
081120252349  0.960  nan  nan  nan  nan  nan  nan
081120252350  0.953  nan  nan  nan  nan  nan  nan
081120252351  0.947  nan  nan  nan  nan  nan  nan
081120252352  0.941  nan  nan  nan  nan  nan  nan
081120252353  0.935  nan  nan  nan  nan  nan  nan
081120252354  0.930  nan  nan  nan  nan  nan  nan
081120252355  0.924  nan  nan  nan  nan  nan  nan
081120252356  0.918  nan  nan  nan  nan  nan  nan
081120252357  0.913  nan  nan  nan  nan  nan  nan
081120252358  0.907  nan  nan  nan  nan  nan  nan
081120252359  0.902  nan  nan  nan  nan  nan  nan
091120250000  0.898  nan  nan  nan  nan  nan  nan
091120250001  0.894  nan  nan  nan  nan  nan  nan
091120250002  0.890  nan  nan  nan  nan  nan  nan
091120250003  0.887  nan  nan  nan  nan  nan  nan
091120250004  0.881  nan  nan  nan  nan  nan  nan
091120250005  0.877  nan  nan  nan  nan  nan  nan
091120250006  0.872  nan  nan  nan  nan  nan  nan
091120250007  0.867  nan  nan  nan  nan  nan  nan
091120250008  0.863  nan  nan  nan  nan  nan  nan
091120250009  0.858  nan  nan  nan  nan  nan  nan
091120250010  0.853  nan  nan  nan  nan  nan  nan
091120250011  0.850  nan  nan  nan  nan  nan  nan
091120250012  0.844  nan  nan  nan  nan  nan  nan
091120250013  0.840  nan  nan  nan  nan  nan  nan
091120250014  0.835  nan  nan  nan  nan  nan  nan
091120250015  0.829  nan  nan  nan  nan  nan  nan
091120250016  0.824  nan  nan  nan  nan  nan  nan
091120250017  0.819  nan  nan  nan  nan  nan  nan
091120250018  0.814  nan  nan  nan  nan  nan  nan
091120250019  0.808  nan  nan  nan  nan  nan  nan
091120250020  0.805  nan  nan  nan  nan  nan  nan
091120250021  0.801  nan  nan  nan  nan  nan  nan
091120250022  0.797  nan  nan  nan  nan  nan  nan
091120250023  0.794  nan  nan  nan  nan  nan  nan
091120250024  0.789  nan  nan  nan  nan  nan  nan
091120250025  0.785  nan  nan  nan  nan  nan  nan
091120250026  0.780  nan  nan  nan  nan  nan  nan
091120250027  0.775  nan  nan  nan  nan  nan  nan
091120250028  0.770  nan  nan  nan  nan  nan  nan
091120250029  0.765  nan  nan  nan  nan  nan  nan
091120250030  0.761  nan  nan  nan  nan  nan  nan
091120250031  0.756  nan  nan  nan  nan  nan  nan
091120250032  0.752  nan  nan  nan  nan  nan  nan
091120250033  0.749  nan  nan  nan  nan  nan  nan
091120250034  0.744  nan  nan  nan  nan  nan  nan
091120250035  0.741  nan  nan  nan  nan  nan  nan
091120250036  0.738  nan  nan  nan  nan  nan  nan
091120250037  0.736  nan  nan  nan  nan  nan  nan
091120250038  0.735  nan  nan  nan  nan  nan  nan
091120250039  0.733  nan  nan  nan  nan  nan  nan
091120250040  0.730  nan  nan  nan  nan  nan  nan
091120250041  0.728  nan  nan  nan  nan  nan  nan
091120250042  0.726  nan  nan  nan  nan  nan  nan
091120250043  0.725  nan  nan  nan  nan  nan  nan
091120250044  0.723  nan  nan  nan  nan  nan  nan
091120250045  0.721  nan  nan  nan  nan  nan  nan
091120250046  0.720  nan  nan  nan  nan  nan  nan
091120250047  0.718  nan  nan  nan  nan  nan  nan
091120250048  0.716  nan  nan  nan  nan  nan  nan
091120250049  0.713  nan  nan  nan  nan  nan  nan
091120250050  0.710  nan  nan  nan  nan  nan  nan
091120250051  0.708  nan  nan  nan  nan  nan  nan
091120250052  0.705  nan  nan  nan  nan  nan  nan
091120250053  0.705  nan  nan  nan  nan  nan  nan
091120250054  0.704  nan  nan  nan  nan  nan  nan
091120250055  0.704  nan  nan  nan  nan  nan  nan
091120250056  0.701  nan  nan  nan  nan  nan  nan
091120250057  0.701  nan  nan  nan  nan  nan  nan
091120250058  0.699  nan  nan  nan  nan  nan  nan
091120250059  0.696  nan  nan  nan  nan  nan  nan
091120250100  0.694  nan  nan  nan  nan  nan  nan
091120250101  0.692  nan  nan  nan  nan  nan  nan
091120250102  0.689  nan  nan  nan  nan  nan  nan
091120250103  0.686  nan  nan  nan  nan  nan  nan
091120250104  0.683  nan  nan  nan  nan  nan  nan
091120250105  0.680  nan  nan  nan  nan  nan  nan
091120250106  0.675  nan  nan  nan  nan  nan  nan
091120250107  0.670  nan  nan  nan  nan  nan  nan
091120250108  0.666  nan  nan  nan  nan  nan  nan
091120250109  0.661  nan  nan  nan  nan  nan  nan
091120250110  0.656  nan  nan  nan  nan  nan  nan
091120250111  0.651  nan  nan  nan  nan  nan  nan
091120250112  0.646  nan  nan  nan  nan  nan  nan
091120250113  0.641  nan  nan  nan  nan  nan  nan
091120250114  0.636  nan  nan  nan  nan  nan  nan
091120250115  0.629  nan  nan  nan  nan  nan  nan
091120250116  0.624  nan  nan  nan  nan  nan  nan
091120250117  0.620  nan  nan  nan  nan  nan  nan
091120250118  0.617  nan  nan  nan  nan  nan  nan
091120250119  0.614  nan  nan  nan  nan  nan  nan
091120250120  0.611  nan  nan  nan  nan  nan  nan
091120250121  0.605  nan  nan  nan  nan  nan  nan
091120250122  0.600  nan  nan  nan  nan  nan  nan
091120250123  0.596  nan  nan  nan  nan  nan  nan
091120250124  0.589  nan  nan  nan  nan  nan  nan
091120250125  0.583  nan  nan  nan  nan  nan  nan
091120250126  0.577  nan  nan  nan  nan  nan  nan
091120250127  0.572  nan  nan  nan  nan  nan  nan
091120250128  0.568  nan  nan  nan  nan  nan  nan
091120250129  0.562  nan  nan  nan  nan  nan  nan
091120250130  0.558  nan  nan  nan  nan  nan  nan
091120250131  0.552  nan  nan  nan  nan  nan  nan
091120250132  0.547  nan  nan  nan  nan  nan  nan
091120250133  0.542  nan  nan  nan  nan  nan  nan
091120250134  0.536  nan  nan  nan  nan  nan  nan
091120250135  0.531  nan  nan  nan  nan  nan  nan
091120250136  0.525  nan  nan  nan  nan  nan  nan
091120250137  0.520  nan  nan  nan  nan  nan  nan
091120250138  0.514  nan  nan  nan  nan  nan  nan
091120250139  0.510  nan  nan  nan  nan  nan  nan
091120250140  0.505  nan  nan  nan  nan  nan  nan
091120250141  0.500  nan  nan  nan  nan  nan  nan
091120250142  0.496  nan  nan  nan  nan  nan  nan
091120250143  0.491  nan  nan  nan  nan  nan  nan
091120250144  0.486  nan  nan  nan  nan  nan  nan
091120250145  0.481  nan  nan  nan  nan  nan  nan
091120250146  0.475  nan  nan  nan  nan  nan  nan
091120250147  0.470  nan  nan  nan  nan  nan  nan
091120250148  0.465  nan  nan  nan  nan  nan  nan
091120250149  0.461  nan  nan  nan  nan  nan  nan
091120250150  0.457  nan  nan  nan  nan  nan  nan
091120250151  0.454  nan  nan  nan  nan  nan  nan
091120250152  0.451  nan  nan  nan  nan  nan  nan
091120250153  0.447  nan  nan  nan  nan  nan  nan
091120250154  0.444  nan  nan  nan  nan  nan  nan
091120250155  0.439  nan  nan  nan  nan  nan  nan
091120250156  0.436  nan  nan  nan  nan  nan  nan
091120250157  0.431  nan  nan  nan  nan  nan  nan
091120250158  0.427  nan  nan  nan  nan  nan  nan
091120250159  0.424  nan  nan  nan  nan  nan  nan
091120250200  0.419  nan  nan  nan  nan  nan  nan
091120250201  0.415  nan  nan  nan  nan  nan  nan
091120250202  0.411  nan  nan  nan  nan  nan  nan
091120250203  0.406  nan  nan  nan  nan  nan  nan
091120250204  0.401  nan  nan  nan  nan  nan  nan
091120250205  0.397  nan  nan  nan  nan  nan  nan
091120250206  0.393  nan  nan  nan  nan  nan  nan
091120250207  0.389  nan  nan  nan  nan  nan  nan
091120250208  0.386  nan  nan  nan  nan  nan  nan
091120250209  0.381  nan  nan  nan  nan  nan  nan
091120250210  0.376  nan  nan  nan  nan  nan  nan
091120250211  0.373  nan  nan  nan  nan  nan  nan
091120250212  0.369  nan  nan  nan  nan  nan  nan
091120250213  0.367  nan  nan  nan  nan  nan  nan
091120250214  0.364  nan  nan  nan  nan  nan  nan
091120250215  0.361  nan  nan  nan  nan  nan  nan
091120250216  0.358  nan  nan  nan  nan  nan  nan
091120250217  0.354  nan  nan  nan  nan  nan  nan
091120250218  0.351  nan  nan  nan  nan  nan  nan
091120250219  0.346  nan  nan  nan  nan  nan  nan
091120250220  0.342  nan  nan  nan  nan  nan  nan
091120250221  0.340  nan  nan  nan  nan  nan  nan
091120250222  0.337  nan  nan  nan  nan  nan  nan
091120250223  0.335  nan  nan  nan  nan  nan  nan
091120250224  0.334  nan  nan  nan  nan  nan  nan
091120250225  0.331  nan  nan  nan  nan  nan  nan
091120250226  0.328  nan  nan  nan  nan  nan  nan
091120250227  0.326  nan  nan  nan  nan  nan  nan
091120250228  0.322  nan  nan  nan  nan  nan  nan
091120250229  0.320  nan  nan  nan  nan  nan  nan
091120250230  0.318  nan  nan  nan  nan  nan  nan
091120250231  0.318  nan  nan  nan  nan  nan  nan
091120250232  0.317  nan  nan  nan  nan  nan  nan
091120250233  0.317  nan  nan  nan  nan  nan  nan
091120250234  0.317  nan  nan  nan  nan  nan  nan
091120250235  0.316  nan  nan  nan  nan  nan  nan
091120250236  0.316  nan  nan  nan  nan  nan  nan
091120250237  0.316  nan  nan  nan  nan  nan  nan
091120250238  0.314  nan  nan  nan  nan  nan  nan
091120250239  0.313  nan  nan  nan  nan  nan  nan
091120250240  0.311  nan  nan  nan  nan  nan  nan
091120250241  0.308  nan  nan  nan  nan  nan  nan
091120250242  0.306  nan  nan  nan  nan  nan  nan
091120250243  0.305  nan  nan  nan  nan  nan  nan
091120250244  0.301  nan  nan  nan  nan  nan  nan
091120250245  0.297  nan  nan  nan  nan  nan  nan
091120250246  0.294  nan  nan  nan  nan  nan  nan
091120250247  0.291  nan  nan  nan  nan  nan  nan
091120250248  0.288  nan  nan  nan  nan  nan  nan
091120250249  0.286  nan  nan  nan  nan  nan  nan
091120250250  0.282  nan  nan  nan  nan  nan  nan
091120250251  0.280  nan  nan  nan  nan  nan  nan
091120250252  0.276  nan  nan  nan  nan  nan  nan
091120250253  0.271  nan  nan  nan  nan  nan  nan
091120250254  0.268  nan  nan  nan  nan  nan  nan
091120250255  0.264  nan  nan  nan  nan  nan  nan
091120250256  0.259  nan  nan  nan  nan  nan  nan
091120250257  0.257  nan  nan  nan  nan  nan  nan
091120250258  0.254  nan  nan  nan  nan  nan  nan
091120250259  0.251  nan  nan  nan  nan  nan  nan
091120250300  0.248  nan  nan  nan  nan  nan  nan
091120250301  0.246  nan  nan  nan  nan  nan  nan
091120250302  0.241  nan  nan  nan  nan  nan  nan
091120250303  0.237  nan  nan  nan  nan  nan  nan
091120250304  0.233  nan  nan  nan  nan  nan  nan
091120250305  0.229  nan  nan  nan  nan  nan  nan
091120250306  0.225  nan  nan  nan  nan  nan  nan
091120250307  0.221  nan  nan  nan  nan  nan  nan
091120250308  0.218  nan  nan  nan  nan  nan  nan
091120250309  0.213  nan  nan  nan  nan  nan  nan
091120250310  0.209  nan  nan  nan  nan  nan  nan
091120250311  0.205  nan  nan  nan  nan  nan  nan
091120250312  0.201  nan  nan  nan  nan  nan  nan
091120250313  0.196  nan  nan  nan  nan  nan  nan
091120250314  0.194  nan  nan  nan  nan  nan  nan
091120250315  0.191  nan  nan  nan  nan  nan  nan
091120250316  0.188  nan  nan  nan  nan  nan  nan
091120250317  0.185  nan  nan  nan  nan  nan  nan
091120250318  0.181  nan  nan  nan  nan  nan  nan
091120250319  0.177  nan  nan  nan  nan  nan  nan
091120250320  0.174  nan  nan  nan  nan  nan  nan
091120250321  0.169  nan  nan  nan  nan  nan  nan
091120250322  0.166  nan  nan  nan  nan  nan  nan
091120250323  0.163  nan  nan  nan  nan  nan  nan
091120250324  0.161  nan  nan  nan  nan  nan  nan
091120250325  0.159  nan  nan  nan  nan  nan  nan
091120250326  0.156  nan  nan  nan  nan  nan  nan
091120250327  0.153  nan  nan  nan  nan  nan  nan
091120250328  0.149  nan  nan  nan  nan  nan  nan
091120250329  0.146  nan  nan  nan  nan  nan  nan
091120250330  0.142  nan  nan  nan  nan  nan  nan
091120250331  0.137  nan  nan  nan  nan  nan  nan
091120250332  0.134  nan  nan  nan  nan  nan  nan
091120250333  0.130  nan  nan  nan  nan  nan  nan
091120250334  0.129  nan  nan  nan  nan  nan  nan
091120250335  0.128  nan  nan  nan  nan  nan  nan
091120250336  0.128  nan  nan  nan  nan  nan  nan
091120250337  0.130  nan  nan  nan  nan  nan  nan
091120250338  0.131  nan  nan  nan  nan  nan  nan
091120250339  0.131  nan  nan  nan  nan  nan  nan
091120250340  0.131  nan  nan  nan  nan  nan  nan
091120250341  0.130  nan  nan  nan  nan  nan  nan
091120250342  0.131  nan  nan  nan  nan  nan  nan
091120250343  0.129  nan  nan  nan  nan  nan  nan
091120250344  0.130  nan  nan  nan  nan  nan  nan
091120250345  0.130  nan  nan  nan  nan  nan  nan
091120250346  0.131  nan  nan  nan  nan  nan  nan
091120250347  0.131  nan  nan  nan  nan  nan  nan
091120250348  0.131  nan  nan  nan  nan  nan  nan
091120250349  0.130  nan  nan  nan  nan  nan  nan
091120250350  0.128  nan  nan  nan  nan  nan  nan
091120250351  0.127  nan  nan  nan  nan  nan  nan
091120250352  0.126  nan  nan  nan  nan  nan  nan
091120250353  0.127  nan  nan  nan  nan  nan  nan
091120250354  0.130  nan  nan  nan  nan  nan  nan
091120250355  0.130  nan  nan  nan  nan  nan  nan
091120250356  0.131  nan  nan  nan  nan  nan  nan
091120250357  0.133  nan  nan  nan  nan  nan  nan
091120250358  0.134  nan  nan  nan  nan  nan  nan
091120250359  0.136  nan  nan  nan  nan  nan  nan
091120250400  0.136  nan  nan  nan  nan  nan  nan
091120250401  0.139  nan  nan  nan  nan  nan  nan
091120250402  0.142  nan  nan  nan  nan  nan  nan
091120250403  0.143  nan  nan  nan  nan  nan  nan
091120250404  0.144  nan  nan  nan  nan  nan  nan
091120250405  0.144  nan  nan  nan  nan  nan  nan
091120250406  0.143  nan  nan  nan  nan  nan  nan
091120250407  0.143  nan  nan  nan  nan  nan  nan
091120250408  0.142  nan  nan  nan  nan  nan  nan
091120250409  0.142  nan  nan  nan  nan  nan  nan
091120250410  0.142  nan  nan  nan  nan  nan  nan
091120250411  0.142  nan  nan  nan  nan  nan  nan
091120250412  0.142  nan  nan  nan  nan  nan  nan
091120250413  0.143  nan  nan  nan  nan  nan  nan
091120250414  0.144  nan  nan  nan  nan  nan  nan
091120250415  0.144  nan  nan  nan  nan  nan  nan
091120250416  0.146  nan  nan  nan  nan  nan  nan
091120250417  0.146  3.4  327.8  4.0  0.34  24.7  25.3
091120250418  0.147  3.5  326.8  4.4  0.26  10.4  25.3
091120250419  0.149  3.4  331.0  4.4  0.19  33.4  25.3
091120250420  0.150  3.5  332.4  4.7  0.28  20.3  25.3
091120250421  0.150  3.6  329.7  5.0  0.29  27.8  25.3
091120250422  0.151  3.6  327.6  5.0  0.21  19.4  25.4
091120250423  0.151  3.5  327.8  5.0  0.16  23.7  25.4
091120250424  0.152  3.4  328.4  5.0  0.22  26.8  25.4
091120250425  0.154  3.4  330.0  5.0  0.16  22.3  25.4
091120250426  0.155  3.5  327.7  5.6  0.26  23.2  25.4
091120250427  0.156  3.5  327.2  5.6  0.16  23.0  25.4
091120250428  0.159  3.5  329.0  5.6  0.11  10.0  25.4
091120250429  0.160  3.6  326.7  5.6  0.05  40.3  25.4
091120250430  0.161  3.5  325.7  5.6  0.22  18.5  25.4
091120250431  0.162  3.5  328.9  5.6  0.23  24.4  25.4
091120250432  0.163  3.3  330.3  5.6  0.19  29.0  25.4
091120250433  0.163  3.4  330.7  5.6  0.15  10.0  25.4
091120250434  0.166  3.4  329.8  5.6  0.22  20.0  25.4
091120250435  0.169  3.4  328.2  5.6  0.20  24.6  25.4
091120250436  0.171  3.2  329.2  5.6  0.33  22.1  25.4
091120250437  0.172  3.0  328.9  5.6  0.14  3.6  25.4
091120250438  0.175  2.8  326.0  5.6  0.09  344.0  25.4
091120250439  0.176  2.6  327.3  5.6  0.21  0.4  25.4
091120250440  0.176  2.6  326.6  5.6  0.17  352.2  25.4
091120250441  0.177  2.5  317.8  4.4  0.10  4.5  25.4
091120250442  0.176  2.7  313.4  4.4  0.23  0.3  25.4
091120250443  0.176  2.7  310.2  4.4  0.13  354.1  25.4
091120250444  0.176  2.7  308.6  4.4  0.24  10.9  25.4
091120250445  0.175  2.7  305.9  4.4  0.13  359.5  25.4
091120250446  0.174  2.7  305.2  4.4  0.18  19.3  25.4
091120250447  0.174  2.8  304.1  4.4  0.09  28.8  25.4
091120250448  0.172  2.9  302.2  4.5  0.16  32.2  25.4
091120250449  0.170  2.9  302.5  4.5  0.14  10.0  25.4
091120250450  0.171  3.0  302.5  4.5  0.28  8.8  25.4
091120250451  0.170  2.9  302.6  4.5  0.12  34.9  25.4
091120250452  0.171  2.7  305.5  4.5  0.31  20.1  25.4
091120250453  0.171  2.6  305.4  4.5  0.19  38.9  25.4
091120250454  0.173  2.5  305.4  4.5  0.22  14.0  25.4
091120250455  0.175  2.3  306.7  4.5  0.28  17.2  25.4
091120250456  0.176  2.1  310.1  4.5  0.26  19.2  25.4
091120250457  0.177  2.0  313.9  4.5  0.24  11.9  25.4
091120250458  0.179  2.0  319.5  3.7  0.29  22.1  25.4
091120250459  0.182  1.8  319.2  3.7  0.13  17.0  25.4
091120250500  0.186  1.8  323.4  4.1  0.18  8.7  25.4
091120250501  0.190  1.9  328.1  4.1  0.20  1.5  25.4
091120250502  0.194  2.0  328.4  4.1  0.31  13.3  25.4
091120250503  0.198  2.1  329.0  4.1  0.12  15.4  25.4
091120250504  0.201  2.0  326.3  4.1  0.18  6.2  25.4
091120250505  0.203  2.0  325.8  4.1  0.17  16.7  25.4
091120250506  0.206  2.1  324.2  4.1  0.13  32.8  25.4
091120250507  0.206  2.1  320.7  4.1  0.21  354.4  25.4
091120250508  0.209  2.1  316.9  4.1  0.20  357.0  25.4
091120250509  0.211  2.1  314.1  4.1  0.25  17.2  25.4
091120250510  0.214  2.1  309.6  4.0  0.13  38.9  25.5
091120250511  0.218  1.8  305.3  4.0  0.13  10.0  25.5
091120250512  0.221  1.6  297.4  3.4  0.17  6.7  25.5
091120250513  0.224  1.5  285.1  3.4  0.14  337.9  25.5
091120250514  0.226  1.4  275.4  3.4  0.15  358.3  25.5
091120250515  0.227  1.5  265.1  3.4  0.16  10.0  25.5
091120250516  0.228  1.7  250.4  4.1  0.12  349.9  25.5
091120250517  0.230  1.9  242.2  4.3  0.15  353.4  25.5
091120250518  0.233  2.1  231.2  4.3  0.04  10.0  25.5
091120250519  0.237  2.4  225.9  4.7  0.15  5.6  25.5
091120250520  0.239  2.8  222.2  4.7  0.16  345.0  25.5
091120250521  0.242  3.0  220.3  4.7  0.14  358.5  25.5
091120250522  0.246  3.3  218.7  4.7  0.08  1.5  25.5
091120250523  0.247  3.3  217.9  4.7  0.10  13.4  25.5
091120250524  0.250  3.3  220.8  4.7  0.16  10.0  25.5
091120250525  0.253  3.3  221.9  4.7  0.02  20.3  25.5
091120250526  0.256  3.2  223.0  4.7  0.12  13.6  25.5
091120250527  0.261  3.2  224.4  5.7  0.08  309.7  25.5
091120250528  0.264  3.3  228.7  5.9  0.05  320.4  25.5
091120250529  0.269  3.2  236.4  5.9  0.07  26.9  25.5
091120250530  0.275  3.2  238.7  5.9  0.06  302.5  25.5
091120250531  0.278  3.1  241.7  5.9  0.10  202.4  25.5
091120250532  0.284  3.1  243.0  5.9  0.13  347.2  25.5
091120250533  0.289  3.0  241.9  5.9  0.07  5.4  25.5
091120250534  0.294  2.9  244.3  5.9  0.06  253.4  25.5
091120250535  0.300  2.9  245.6  5.9  0.19  197.7  25.5
091120250536  0.306  2.8  245.9  5.9  0.15  201.0  25.5
091120250537  0.311  2.6  248.2  5.9  0.05  288.4  25.5
091120250538  0.317  2.2  245.5  5.3  0.02  300.0  25.5
091120250539  0.322  1.9  233.8  4.1  0.04  222.3  25.5
091120250540  0.326  1.6  229.1  4.0  0.11  238.7  25.5
091120250541  0.330  1.3  224.6  4.0  0.12  202.6  25.5
091120250542  0.333  1.1  233.9  4.0  0.10  244.1  25.5
091120250543  0.336  0.9  257.0  4.0  0.13  225.3  25.5
091120250544  0.341  0.8  272.8  3.4  0.15  253.8  25.5
091120250545  0.346  0.9  289.1  3.4  0.13  226.0  25.5
091120250546  0.350  1.1  303.0  3.4  0.27  217.8  25.5
091120250547  0.354  1.4  309.8  3.5  0.10  262.3  25.5
091120250548  0.357  1.7  316.0  3.5  0.20  223.8  25.5
091120250549  0.360  2.1  319.5  3.6  0.34  210.7  25.5
091120250550  0.363  2.4  321.3  3.6  0.14  232.7  25.5
091120250551  0.367  2.6  322.7  3.6  0.23  231.9  25.5
091120250552  0.371  2.8  326.4  3.6  0.20  244.3  25.5
091120250553  0.377  2.8  325.7  3.9  0.22  231.8  25.5
091120250554  0.381  2.8  327.2  5.2  0.12  249.2  25.5
091120250555  0.386  2.9  327.8  5.2  0.07  312.8  25.5
091120250556  0.391  2.9  328.0  5.2  0.09  221.4  25.5
091120250557  0.396  2.8  328.4  5.2  0.18  200.0  25.4
091120250558  0.402  2.8  328.8  5.2  0.09  288.8  25.4
091120250559  0.408  2.8  327.3  5.2  0.04  233.2  25.4
091120250600  0.414  3.0  325.3  5.2  0.11  179.7  25.4
091120250601  0.420  3.3  324.8  5.3  0.10  203.5  25.4
091120250602  0.426  3.6  324.6  6.5  0.08  177.3  25.4
091120250603  0.431  3.7  325.0  6.5  0.13  209.8  25.4
091120250604  0.437  4.0  325.0  7.0  0.18  184.5  25.4
091120250605  0.444  4.2  326.2  7.0  0.15  199.1  25.4
091120250606  0.449  4.8  328.4  8.4  0.11  227.5  25.4
091120250607  0.456  5.2  329.3  8.4  0.15  205.5  25.4
091120250608  0.463  5.6  330.4  8.4  0.09  214.9  25.4
091120250609  0.469  6.0  331.6  8.4  0.12  237.6  25.4
091120250610  0.476  6.2  333.2  8.4  0.14  229.4  25.4
091120250611  0.482  6.3  333.2  8.8  0.12  236.9  25.4
091120250612  0.488  6.5  332.6  8.8  0.26  217.1  25.4
091120250613  0.493  6.6  333.0  8.8  0.14  236.6  25.4
091120250614  0.500  6.7  332.9  9.0  0.22  232.4  25.4
091120250615  0.505  6.8  333.7  10.1  0.33  215.7  25.4
091120250616  0.509  6.7  332.8  10.1  0.24  225.0  25.3
091120250617  0.513  6.7  333.0  10.1  0.31  209.0  25.3
091120250618  0.519  6.7  330.9  10.6  0.15  226.0  25.3
091120250619  0.525  6.9  330.0  10.6  0.27  218.9  25.3
091120250620  0.530  7.0  329.4  10.6  0.26  231.3  25.3
091120250621  0.536  7.2  329.4  10.6  0.27  243.1  25.3
091120250622  0.539  7.2  329.4  10.6  0.22  236.4  25.3
091120250623  0.544  7.4  329.9  10.6  0.31  216.2  25.3
091120250624  0.547  7.3  329.6  10.6  0.28  213.4  25.3
091120250625  0.550  7.2  329.2  10.6  0.26  209.9  25.2
091120250626  0.553  7.1  329.6  10.6  0.25  210.1  25.2
091120250627  0.555  7.0  329.3  10.6  0.17  210.9  25.2
091120250628  0.560  6.8  330.1  9.9  0.30  210.8  25.2
091120250629  0.564  6.6  329.3  9.9  0.24  224.3  25.2
091120250630  0.569  6.2  327.2  9.9  0.21  229.8  25.2
091120250631  0.571  5.9  326.9  9.9  0.25  213.8  25.2
091120250632  0.575  5.5  325.9  8.5  0.16  232.0  25.2
091120250633  0.580  5.3  324.2  8.5  0.13  217.7  25.2
091120250634  0.583  5.0  324.2  8.5  0.39  196.2  25.2
091120250635  0.589  4.7  322.0  8.0  0.31  198.7  25.2
091120250636  0.594  4.5  319.3  8.0  0.37  203.2  25.2
091120250637  0.598  4.3  317.6  8.0  0.32  202.2  25.2
091120250638  0.602  4.1  317.3  8.0  0.24  188.1  25.2
091120250639  0.606  4.0  319.3  6.1  0.28  200.0  25.2
091120250640  0.612  4.0  321.6  5.6  0.26  186.1  25.2
091120250641  0.615  3.9  322.4  5.6  0.33  203.8  25.2
091120250642  0.622  3.8  322.8  5.6  0.33  191.7  25.2
091120250643  0.626  3.8  323.0  5.6  0.24  199.7  25.2
091120250644  0.632  4.0  321.8  5.6  0.31  216.7  25.2
091120250645  0.637  3.9  322.5  5.6  0.23  203.1  25.2
091120250646  0.642  3.8  324.2  5.6  0.28  209.2  25.2
091120250647  0.646  3.8  323.6  5.6  0.26  197.7  25.2
091120250648  0.650  3.7  322.8  5.3  0.20  206.5  25.2
091120250649  0.655  3.5  319.6  5.3  0.27  198.0  25.2
091120250650  0.662  3.5  317.0  5.3  0.34  215.4  25.2
091120250651  0.668  3.4  314.8  5.3  0.22  205.6  25.2
091120250652  0.674  3.4  311.8  6.8  0.28  207.2  25.2
091120250653  0.680  3.4  307.8  6.8  0.31  199.5  25.2
091120250654  0.685  3.2  308.9  6.8  0.32  200.7  25.2
091120250655  0.691  3.3  309.9  6.8  0.39  213.5  25.2
091120250656  0.697  3.4  309.7  6.8  0.26  210.5  25.2
091120250657  0.702  3.6  309.5  6.8  0.32  219.5  25.2
091120250658  0.710  3.7  310.3  6.8  0.26  208.0  25.2
091120250659  0.717  3.8  312.8  6.8  0.35  205.7  25.2
091120250700  0.723  3.8  314.5  6.8  0.26  217.1  25.2
091120250701  0.728  4.0  314.9  6.8  0.24  209.8  25.2
091120250702  0.733  4.1  317.5  5.7  0.43  206.2  25.2
091120250703  0.739  4.1  321.0  5.7  0.32  205.9  25.2
091120250704  0.744  4.0  320.3  5.7  0.36  207.8  25.2
091120250705  0.749  4.0  319.6  5.7  0.41  209.0  25.2
091120250706  0.753  4.0  319.6  5.7  0.31  210.0  25.2
091120250707  0.759  4.0  322.4  5.7  0.33  202.8  25.2
091120250708  0.764  3.9  323.0  5.7  0.29  207.8  25.2
091120250709  0.771  3.8  323.6  5.7  0.39  211.4  25.2
091120250710  0.776  3.6  323.9  5.7  0.44  199.8  25.2
091120250711  0.782  3.4  324.2  5.1  0.32  211.1  25.2
091120250712  0.789  3.2  323.3  5.1  0.31  212.3  25.2
091120250713  0.796  3.0  321.1  5.1  0.37  215.6  25.2
091120250714  0.802  3.0  318.2  5.1  0.44  212.7  25.2
091120250715  0.808  2.8  316.4  5.1  0.33  216.3  25.2
091120250716  0.814  2.3  312.8  4.9  0.37  206.4  25.2
091120250717  0.820  2.1  304.1  4.8  0.30  203.4  25.1
091120250718  0.826  1.9  297.3  3.9  0.27  198.2  25.1
091120250719  0.831  1.9  287.2  3.9  0.28  214.9  25.1
091120250720  0.838  1.7  276.8  3.9  0.35  209.0  25.1
091120250721  0.844  1.7  265.9  3.4  0.22  219.7  25.1
091120250722  0.850  1.7  255.8  3.4  0.34  220.7  25.1
091120250723  0.855  1.8  247.2  3.4  0.31  209.9  25.2
091120250724  0.861  1.8  235.3  3.3  0.32  206.2  25.2
091120250725  0.867  2.0  229.1  3.6  0.27  212.9  25.1
091120250726  0.874  2.0  224.5  3.6  0.33  214.9  25.1
091120250727  0.879  2.1  214.2  3.6  0.38  217.5  25.2
091120250728  0.886  2.3  209.0  3.8  0.27  214.9  25.2
091120250729  0.893  2.3  203.7  3.8  0.28  214.8  25.1
091120250730  0.901  2.4  198.5  3.8  0.29  222.4  25.1
091120250731  0.908  2.4  193.1  3.8  0.36  203.3  25.1
091120250732  0.918  2.3  188.5  3.8  0.37  211.4  25.1
091120250733  0.926  2.2  185.5  3.8  0.35  204.0  25.1
091120250734  0.935  2.1  184.2  3.8  0.36  205.1  25.1
091120250735  0.944  1.9  183.3  3.8  0.36  203.4  25.1
091120250736  0.953  1.6  186.4  3.8  0.32  216.3  25.1
091120250737  0.960  1.2  187.6  3.8  0.40  212.4  25.1
091120250738  0.969  0.6  182.5  2.8  0.45  208.6  25.1
091120250739  0.978  0.1  195.2  3.1  0.42  208.7  25.1
091120250740  0.985  0.4  349.0  3.2  0.41  209.0  25.1
091120250741  0.992  0.9  348.9  3.2  0.37  200.8  25.1
091120250742  1.000  1.3  346.6  3.2  0.43  205.0  25.1
091120250743  1.006  1.5  347.5  3.2  0.46  194.3  25.1
091120250744  1.014  1.9  345.9  3.3  0.41  196.0  25.1
091120250745  1.021  2.2  345.6  3.3  0.54  198.9  25.1
091120250746  1.028  2.5  345.7  3.7  0.42  200.5  25.1
091120250747  1.035  2.7  343.5  4.1  0.51  197.9  25.1
091120250748  1.042  2.9  341.6  5.6  0.51  198.2  25.1
091120250749  1.049  3.2  340.5  6.6  0.41  200.7  25.1
091120250750  1.054  3.6  340.6  6.9  0.38  198.5  25.1
091120250751  1.062  4.0  342.7  7.9  0.42  191.6  25.1
091120250752  1.069  4.6  345.8  7.9  0.43  197.3  25.1
091120250753  1.074  5.1  349.0  8.0  0.41  208.5  25.1
091120250754  1.079  5.6  352.5  8.0  0.41  191.4  25.1
091120250755  1.085  6.0  356.7  8.9  0.37  186.4  25.0
091120250756  1.089  6.5  0.6  8.9  0.37  190.9  25.0
091120250757  1.094  6.9  3.5  8.9  0.38  199.1  25.0
091120250758  1.097  7.3  5.3  8.9  0.38  190.3  25.0
091120250759  1.099  7.4  7.2  8.9  0.33  196.0  25.0
091120250800  1.103  7.5  8.1  9.0  0.49  187.3  25.0
091120250801  1.108  7.6  8.6  9.2  0.52  192.4  25.0
091120250802  1.111  7.7  9.0  9.6  0.55  191.2  25.0
091120250803  1.117  7.9  8.7  9.6  0.39  209.4  24.9
091120250804  1.122  8.3  7.6  13.3  0.37  203.8  24.9
091120250805  1.128  8.6  5.5  13.3  0.42  208.4  24.9
091120250806  1.134  9.0  3.0  13.3  0.48  202.5  24.9
091120250807  1.140  9.1  0.8  13.3  0.43  199.8  24.9
091120250808  1.144  9.3  358.8  13.3  0.35  214.8  24.9
091120250809  1.150  9.8  357.3  13.3  0.24  210.6  24.9
091120250810  1.155  10.2  355.9  13.3  0.35  218.6  24.9
091120250811  1.160  10.4  354.5  13.3  0.38  199.7  24.9
091120250812  1.164  10.7  352.7  13.3  0.45  204.9  24.9
091120250813  1.169  10.9  350.6  13.3  0.36  202.8  24.9
091120250814  1.174  10.5  347.9  13.0  0.43  206.4  24.9
091120250815  1.178  10.3  345.9  13.0  0.26  205.9  24.9
091120250816  1.183  10.2  344.1  13.0  0.42  196.6  24.9
091120250817  1.188  10.3  342.9  13.0  0.38  207.4  24.9
091120250818  1.193  10.2  342.1  13.0  0.36  203.3  24.9
091120250819  1.199  10.1  340.9  12.5  0.49  198.1  24.9
091120250820  1.205  9.9  339.5  12.5  0.44  206.8  24.9
091120250821  1.211  9.8  339.0  12.5  0.42  209.8  24.9
091120250822  1.216  9.8  337.8  13.0  0.40  200.1  24.9
091120250823  1.222  9.7  338.0  13.0  0.29  208.6  24.9
091120250824  1.228  9.6  337.7  13.0  0.38  221.1  24.9
091120250825  1.235  9.4  337.2  13.0  0.37  208.6  24.9
091120250826  1.241  9.2  337.2  13.0  0.25  195.4  24.8
091120250827  1.246  9.1  337.2  13.0  0.42  204.2  24.9
091120250828  1.252  8.9  336.5  13.0  0.26  196.8  24.8
091120250829  1.258  8.9  337.0  13.0  0.31  187.1  24.8
091120250830  1.264  8.9  337.4  13.0  0.40  195.6  24.8
091120250831  1.269  8.8  337.2  13.0  0.35  195.1  24.8
091120250832  1.274  8.7  337.8  10.9  0.27  197.5  24.8
091120250833  1.278  8.6  337.5  10.5  0.53  199.5  24.8
091120250834  1.284  8.7  337.8  10.5  0.45  198.7  24.8
091120250835  1.291  8.9  337.4  10.9  0.43  187.7  24.8
091120250836  1.296  9.2  337.3  12.0  0.26  206.8  24.8
091120250837  1.301  9.4  336.8  12.3  0.36  201.1  24.8
091120250838  1.308  9.8  336.9  13.3  0.41  200.7  24.8
091120250839  1.314  10.0  336.2  13.5  0.44  197.9  24.8
091120250840  1.320  10.0  335.3  13.5  0.44  194.3  24.8
091120250841  1.327  10.1  334.2  13.5  0.39  192.3  24.8
091120250842  1.333  10.0  334.6  13.5  0.33  205.9  24.8
091120250843  1.339  10.0  334.8  13.5  0.38  197.1  24.8
091120250844  1.345  9.8  335.4  13.5  0.42  201.4  24.8
091120250845  1.352  9.6  336.3  13.5  0.48  196.0  24.8
091120250846  1.358  9.2  336.0  13.5  0.49  197.5  24.7
091120250847  1.363  8.7  336.3  13.5  0.42  200.9  24.7
091120250848  1.369  8.3  336.8  13.5  0.36  202.7  24.7
091120250849  1.374  7.8  337.3  11.3  0.55  193.3  24.7
091120250850  1.380  7.5  338.4  11.3  0.50  194.5  24.7
091120250851  1.386  7.2  339.9  11.3  0.43  194.9  24.7
091120250852  1.391  7.0  339.6  11.3  0.51  189.6  24.7
091120250853  1.397  6.7  339.4  10.2  0.45  188.5  24.7
091120250854  1.403  6.6  340.8  10.2  0.42  189.7  24.7
091120250855  1.409  6.5  340.6  10.2  0.46  194.6  24.7
091120250856  1.415  6.4  340.2  10.2  0.42  194.8  24.6
091120250857  1.420  6.3  340.2  10.2  0.34  199.6  24.6
091120250858  1.426  6.1  339.8  8.7  0.36  190.0  24.6
091120250859  1.432  6.2  341.2  9.9  0.37  195.1  24.6
091120250900  1.438  6.4  341.5  9.9  0.55  185.5  24.6
091120250901  1.443  6.5  341.8  9.9  0.58  185.6  24.6
091120250902  1.449  6.7  342.0  9.9  0.44  187.2  24.6
091120250903  1.454  6.9  342.0  9.9  0.49  182.5  24.6
091120250904  1.459  7.2  340.9  9.9  0.30  168.3  24.5
091120250905  1.464  7.4  341.4  9.9  0.46  174.7  24.5
091120250906  1.470  7.6  342.7  9.9  0.46  177.6  24.5
091120250907  1.476  8.0  342.9  9.9  0.45  174.9  24.5
091120250908  1.480  8.2  344.2  9.9  0.40  181.2  24.4
091120250909  1.485  8.4  344.5  9.6  0.40  194.4  24.4
091120250910  1.489  8.4  346.2  9.9  0.44  194.1  24.4
091120250911  1.493  8.6  347.3  10.2  0.42  192.1  24.4
091120250912  1.497  8.6  348.2  10.2  0.35  193.8  24.4
091120250913  1.500  8.6  349.3  10.2  0.39  192.5  24.3
091120250914  1.504  8.8  350.5  10.2  0.43  182.5  24.3
091120250915  1.507  8.7  351.6  10.2  0.41  199.1  24.3
091120250916  1.512  8.7  352.1  10.2  0.43  198.0  24.3
091120250917  1.516  8.6  352.5  10.2  0.51  188.0  24.2
091120250918  1.520  8.2  351.7  10.2  0.40  187.8  24.2
091120250919  1.524  7.8  349.9  10.2  0.38  195.0  24.2
091120250920  1.528  7.2  347.1  10.2  0.43  185.3  24.2
091120250921  1.533  6.7  343.8  10.0  0.47  188.6  24.2
091120250922  1.539  6.3  340.5  10.0  0.32  189.3  24.1
091120250923  1.543  5.9  337.4  10.0  0.39  196.8  24.1
091120250924  1.549  5.6  334.0  9.6  0.36  195.6  24.1
091120250925  1.553  5.5  330.2  9.6  0.42  206.9  24.1
091120250926  1.557  5.4  329.0  8.3  0.40  196.6  24.1
091120250927  1.560  5.5  328.5  8.9  0.42  205.7  24.1
091120250928  1.565  5.8  328.3  8.9  0.38  192.3  24.1
091120250929  1.570  6.0  329.1  9.6  0.42  205.8  24.0
091120250930  1.576  6.3  330.4  9.6  0.32  197.3  24.0
091120250931  1.580  6.5  332.4  9.6  0.27  203.7  24.0
091120250932  1.583  6.8  332.5  9.6  0.34  188.7  24.0
091120250933  1.585  7.0  331.9  9.6  0.45  201.5  24.0
091120250934  1.587  7.2  332.2  9.7  0.49  193.4  24.0
091120250935  1.591  7.2  331.3  9.7  0.41  201.2  24.0
091120250936  1.594  7.1  330.3  9.7  0.43  199.7  23.9
091120250937  1.595  7.1  329.5  9.7  0.33  201.9  23.9
091120250938  1.597  6.9  329.0  9.7  0.45  187.5  23.9
091120250939  1.598  6.9  328.9  9.7  0.43  191.3  23.9
091120250940  1.600  6.9  328.5  9.7  0.43  189.5  23.9
091120250941  1.601  6.9  327.2  9.7  0.43  202.0  23.9
091120250942  1.603  6.7  326.0  9.7  0.41  194.4  23.9
091120250943  1.604  6.3  324.7  9.7  0.44  196.6  23.8
091120250944  1.605  5.9  323.2  9.4  0.34  209.0  23.8
091120250945  1.607  5.6  321.2  9.4  0.47  199.6  23.8
091120250946  1.609  5.5  319.1  9.4  0.34  202.0  23.8
091120250947  1.613  5.3  316.2  9.4  0.34  207.7  23.7
091120250948  1.615  5.2  315.6  9.4  0.31  208.8  23.7
091120250949  1.617  5.0  314.2  9.4  0.32  205.8  23.7
091120250950  1.621  4.8  314.1  7.8  0.36  200.2  23.7
091120250951  1.624  4.6  313.7  7.4  0.35  198.0  23.7
091120250952  1.628  4.6  316.6  7.4  0.30  206.1  23.7
091120250953  1.633  4.8  319.6  7.4  0.41  203.5  23.6
091120250954  1.637  5.0  321.3  7.4  0.39  207.9  23.6
091120250955  1.643  5.2  325.3  8.4  0.32  217.5  23.6
091120250956  1.647  5.3  326.8  8.4  0.52  202.8  23.6
091120250957  1.653  5.5  329.3  8.4  0.40  206.3  23.6
091120250958  1.657  5.6  329.5  8.4  0.35  208.5  23.6
091120250959  1.662  5.7  330.4  8.4  0.39  212.3  23.5
091120251000  1.668  6.0  331.9  8.4  0.31  217.9  23.5
091120251001  1.673  6.3  332.6  9.0  0.35  201.7  23.5
091120251002  1.677  6.4  331.1  9.0  0.42  210.4  23.5
091120251003  1.682  6.5  330.3  9.0  0.39  222.3  23.5
091120251004  1.686  6.7  329.7  9.0  0.46  211.4  23.4
091120251005  1.689  6.6  330.3  9.0  0.33  228.9  23.4
091120251006  1.692  6.9  330.8  9.0  0.39  212.6  23.4
091120251007  1.695  7.0  330.1  9.0  0.49  203.2  23.4
091120251008  1.697  6.9  330.3  9.0  0.33  218.5  23.4
091120251009  1.699  7.2  330.8  9.2  0.41  198.8  23.3
091120251010  1.702  7.3  329.8  9.2  0.46  202.7  23.3
091120251011  1.705  7.1  330.3  9.2  0.42  220.0  23.3
091120251012  1.708  7.0  331.6  9.2  0.43  217.0  23.3
091120251013  1.711  7.1  333.4  9.2  0.35  223.8  23.3
091120251014  1.715  7.1  334.4  9.2  0.42  212.3  23.2
091120251015  1.719  7.3  335.0  9.5  0.39  212.8  23.2
091120251016  1.722  7.3  336.1  9.5  0.30  207.8  23.2
091120251017  1.724  7.3  336.5  9.5  0.41  215.0  23.2
091120251018  1.726  7.4  337.7  9.5  0.47  205.7  23.2
091120251019  1.730  7.0  337.1  9.5  0.46  212.7  23.1
091120251020  1.733  6.7  336.6  9.5  0.28  225.0  23.1
091120251021  1.738  6.5  335.1  9.5  0.40  208.7  23.1
091120251022  1.741  6.2  334.4  9.5  0.41  218.3  23.1
091120251023  1.743  5.8  332.7  9.5  0.31  215.3  23.1
091120251024  1.746  5.5  330.5  9.5  0.26  222.3  23.0
091120251025  1.749  5.0  326.4  9.3  0.41  212.9  23.0
091120251026  1.752  4.6  322.1  8.3  0.36  212.4  23.0
091120251027  1.753  4.2  319.9  7.8  0.33  227.3  23.0
091120251028  1.755  3.8  314.6  6.8  0.36  227.4  23.0
091120251029  1.754  3.9  308.6  7.1  0.37  217.2  22.9
091120251030  1.754  3.9  304.6  7.1  0.32  221.6  22.9
091120251031  1.754  3.9  303.4  7.1  0.38  235.0  22.9
091120251032  1.753  3.9  304.5  7.1  0.45  216.8  22.9
091120251033  1.751  4.1  303.3  7.1  0.39  233.6  22.9
091120251034  1.749  4.0  302.4  7.1  0.31  234.0  22.9
091120251035  1.747  4.0  302.7  7.1  0.49  220.8  22.9
091120251036  1.747  4.1  303.1  7.1  0.30  233.2  22.8
091120251037  1.746  4.0  302.5  7.1  0.39  222.0  22.8
091120251038  1.748  4.2  300.0  7.1  0.35  230.7  22.8
091120251039  1.751  4.0  303.3  7.1  0.32  219.5  22.8
091120251040  1.751  3.9  300.3  7.1  0.31  220.7  22.8
091120251041  1.752  3.6  297.6  7.1  0.34  218.8  22.8
091120251042  1.753  3.3  290.8  7.1  0.23  219.2  22.7
091120251043  1.755  3.1  287.2  7.1  0.40  215.6  22.7
091120251044  1.756  3.1  285.3  7.1  0.33  224.1  22.7
091120251045  1.757  3.1  283.5  7.1  0.29  219.5  22.7
091120251046  1.757  3.1  279.2  7.1  0.27  228.2  22.7
091120251047  1.757  3.3  277.0  7.1  0.33  210.3  22.6
091120251048  1.758  3.0  277.4  6.7  0.30  215.7  22.6
091120251049  1.760  2.9  273.6  6.7  0.41  223.1  22.6
091120251050  1.761  2.7  276.8  5.2  0.37  220.9  22.6
091120251051  1.762  2.7  277.9  5.2  0.35  219.8  22.6
091120251052  1.762  2.8  277.3  5.2  0.36  218.2  22.5
091120251053  1.762  2.7  275.9  5.2  0.27  241.9  22.5
091120251054  1.760  2.7  280.7  5.2  0.30  222.7  22.5
091120251055  1.758  2.6  283.8  5.2  0.23  216.6  22.5
091120251056  1.757  2.4  290.9  5.1  0.32  217.0  22.5
091120251057  1.756  2.3  297.4  5.3  0.20  235.0  22.4
091120251058  1.756  2.4  300.2  5.3  0.27  218.4  22.4
091120251059  1.755  2.3  298.9  5.3  0.31  218.3  22.4
091120251100  1.755  2.3  299.0  6.3  0.29  203.9  22.4
091120251101  1.756  2.7  297.7  6.4  0.27  216.8  22.4
091120251102  1.756  2.7  302.6  6.4  0.25  232.2  22.4
091120251103  1.756  3.0  302.9  6.4  0.28  211.1  22.4
091120251104  1.757  2.8  300.8  6.4  0.32  199.4  22.4
091120251105  1.757  2.9  303.6  6.4  0.39  212.8  22.3
091120251106  1.757  3.0  301.8  6.4  0.27  214.7  22.3
091120251107  1.758  3.3  301.7  7.6  0.26  218.8  22.3
091120251108  1.759  3.6  306.2  8.7  0.18  211.0  22.3
091120251109  1.760  4.2  313.7  9.9  0.17  229.1  22.3
091120251110  1.760  4.7  313.7  10.9  0.18  229.6  22.3
091120251111  1.761  4.8  318.6  10.9  0.32  214.2  22.3
091120251112  1.762  5.2  318.0  10.9  0.20  218.0  22.3
091120251113  1.764  5.4  323.4  10.9  0.36  204.6  22.2
091120251114  1.766  5.9  326.7  10.9  0.31  198.0  22.2
091120251115  1.767  6.4  327.3  10.9  0.28  204.3  22.2
091120251116  1.768  6.8  328.9  10.9  0.22  210.5  22.2
091120251117  1.767  6.9  330.4  10.9  0.27  209.0  22.2
091120251118  1.767  7.0  330.0  10.9  0.16  219.3  22.2
091120251119  1.766  6.8  328.4  10.9  0.27  202.7  22.2
091120251120  1.765  6.9  330.0  10.6  0.27  195.9  22.1
091120251121  1.764  7.1  328.9  10.7  0.24  194.2  22.1
091120251122  1.764  7.4  330.5  10.7  0.24  194.7  22.1
091120251123  1.763  7.4  328.7  10.7  0.27  201.8  22.1
091120251124  1.760  7.5  326.2  10.7  0.32  202.7  22.1
091120251125  1.758  7.4  324.2  10.7  0.21  197.6  22.1
091120251126  1.757  7.3  322.6  10.7  0.14  192.4  22.1
091120251127  1.754  7.4  321.9  10.7  0.29  197.6  22.1
091120251128  1.753  7.3  320.2  10.7  0.23  205.5  22.0
091120251129  1.751  7.3  318.2  10.7  0.18  239.9  22.0
091120251130  1.750  7.1  315.5  10.7  0.16  235.5  22.0
091120251131  1.750  6.8  315.2  10.5  0.25  215.6  22.0
091120251132  1.749  6.7  313.2  10.0  0.27  210.4  22.0
091120251133  1.748  6.5  312.4  10.0  0.22  218.0  22.0
091120251134  1.746  6.5  312.8  9.7  0.21  214.9  22.0
091120251135  1.747  6.6  314.8  9.7  0.26  202.3  21.9
091120251136  1.747  6.6  315.4  9.7  0.13  234.4  21.9
091120251137  1.747  6.5  313.8  9.7  0.24  214.9  21.9
091120251138  1.749  6.5  315.8  9.7  0.10  241.8  21.9
091120251139  1.748  6.4  318.1  9.7  0.19  244.0  21.9
091120251140  1.748  6.6  320.8  9.7  0.26  213.1  21.9
091120251141  1.747  6.7  321.9  9.7  0.10  216.1  21.9
091120251142  1.746  6.8  325.0  9.7  0.26  213.9  21.9
091120251143  1.745  7.1  327.4  9.7  0.22  208.4  21.8
091120251144  1.745  7.2  329.8  10.8  0.19  242.5  21.8
091120251145  1.744  7.2  330.3  10.8  0.23  228.5  21.8
091120251146  1.741  7.1  330.6  10.8  0.25  207.9  21.8
091120251147  1.740  7.1  331.4  10.8  0.20  217.8  21.8
091120251148  1.738  7.0  332.0  10.8  0.16  254.7  21.8
091120251149  1.737  7.0  333.2  10.8  0.14  242.5  21.8
091120251150  1.735  7.0  335.2  10.8  0.24  224.5  21.8
091120251151  1.733  7.2  337.2  10.8  0.17  233.6  21.7
091120251152  1.730  7.3  337.8  10.8  0.15  208.4  21.7
091120251153  1.727  7.3  336.7  10.8  0.09  214.9  21.7
091120251154  1.725  7.2  334.3  10.2  0.11  205.9  21.7
091120251155  1.722  7.2  334.1  10.2  0.26  205.8  21.7
091120251156  1.720  7.5  335.0  10.7  0.13  244.5  21.7
091120251157  1.716  7.7  335.9  10.9  0.21  222.7  21.7
091120251158  1.713  8.0  336.6  10.9  0.24  214.2  21.7
091120251159  1.708  8.4  336.6  12.0  0.17  218.7  21.7
091120251200  1.705  8.7  334.6  12.4  0.16  199.7  21.6
091120251201  1.699  8.7  331.6  12.4  0.09  225.8  21.6
091120251202  1.695  8.5  328.8  12.4  0.14  199.3  21.6
091120251203  1.691  8.6  328.2  12.4  0.11  221.0  21.6
091120251204  1.686  8.5  328.7  12.4  0.10  255.9  21.6
091120251205  1.680  8.0  326.9  12.4  0.20  201.1  21.6
091120251206  1.675  7.5  324.3  12.4  0.16  209.3  21.6
091120251207  1.670  7.1  323.3  12.4  0.10  244.5  21.6
091120251208  1.666  6.8  321.1  12.4  0.07  235.0  21.6
091120251209  1.663  6.6  319.3  12.4  0.16  212.9  21.6
091120251210  1.657  5.8  316.5  10.1  0.12  229.0  21.6
091120251211  1.653  5.3  315.7  9.9  0.18  204.6  21.5
091120251212  1.651  5.1  317.7  9.2  0.14  214.8  21.5
091120251213  1.647  4.7  318.1  8.9  0.12  202.2  21.5
091120251214  1.644  4.3  318.3  8.6  0.23  193.9  21.5
091120251215  1.641  4.4  320.2  8.6  0.17  196.0  21.5
091120251216  1.638  4.5  322.4  8.6  0.16  168.3  21.5
091120251217  1.634  4.4  323.5  8.6  0.14  190.0  21.5
091120251218  1.629  4.3  324.9  8.6  0.08  302.1  21.5
091120251219  1.624  4.2  325.8  7.6  0.09  214.4  21.5
091120251220  1.619  4.7  328.5  8.0  0.06  211.2  21.4
091120251221  1.615  4.9  329.0  9.4  0.12  192.9  21.4
091120251222  1.611  5.2  329.4  9.4  0.06  30.3  21.4
091120251223  1.606  5.5  331.3  9.4  0.07  196.3  21.4
091120251224  1.601  6.0  331.5  9.6  0.20  181.0  21.4
091120251225  1.597  6.3  331.0  9.6  0.03  256.4  21.4
091120251226  1.592  6.3  329.4  9.6  nan  nan  nan
091120251227  1.590  6.5  329.0  9.6  0.06  205.9  21.3
091120251228  1.586  6.7  328.9  9.6  0.06  188.2  21.3
091120251229  1.583  6.7  327.7  9.6  nan  nan  nan
091120251230  1.580  6.5  327.6  9.6  0.10  140.2  21.3
091120251231  1.577  6.4  328.3  9.6  0.10  55.8  21.3
091120251232  1.575  6.1  327.5  9.6  0.06  85.1  21.2
091120251233  1.574  5.8  326.4  9.6  0.12  70.1  21.2
091120251234  1.574  5.5  325.6  8.9  0.08  118.9  21.2
091120251235  1.573  5.3  326.1  8.7  0.06  32.2  21.2
091120251236  1.572  5.3  326.2  8.7  nan  nan  nan
091120251237  1.570  5.0  322.7  7.7  0.12  140.4  21.2
091120251238  1.569  4.6  317.8  7.7  0.14  154.9  21.2
091120251239  1.567  4.4  314.5  7.7  0.06  115.4  21.2
091120251240  1.564  4.3  311.5  7.7  0.07  203.7  21.2
091120251241  1.561  4.2  304.5  7.7  0.07  170.0  21.2
091120251242  1.556  4.2  300.0  7.7  0.09  143.3  21.2
091120251243  1.552  4.5  293.6  9.2  0.03  49.8  21.1
091120251244  1.546  4.7  288.9  9.2  0.10  190.0  21.1
091120251245  1.541  4.7  285.6  9.2  0.04  65.5  21.1
091120251246  1.535  4.7  286.9  9.2  0.10  205.6  21.1
091120251247  1.531  4.8  291.4  9.2  nan  nan  nan
091120251248  1.525  4.9  294.7  9.2  0.06  349.7  21.1
091120251249  1.520  5.0  298.6  9.2  0.04  22.5  21.1
091120251250  1.514  4.9  300.6  9.2  0.07  36.6  21.1
091120251251  1.508  4.9  303.4  9.2  0.07  36.6  21.1
091120251252  1.502  4.7  302.5  9.2  nan  nan  nan
091120251253  1.495  4.4  304.9  7.8  0.09  55.8  21.1
091120251254  1.489  4.2  306.6  7.8  0.14  23.8  21.1
091120251255  1.483  4.1  308.8  7.8  0.09  19.9  21.1
091120251256  1.477  4.0  305.1  7.8  nan  nan  nan
091120251257  1.472  3.8  300.6  7.8  0.09  20.3  21.0
091120251258  1.468  3.5  297.3  6.5  0.16  17.9  21.0
091120251259  1.463  3.3  291.2  6.1  0.06  52.4  21.0
091120251300  1.458  3.0  288.3  5.7  0.06  61.1  21.0
091120251301  1.455  2.8  289.5  5.7  0.06  147.9  21.0
091120251302  1.451  2.6  293.8  5.7  0.15  24.6  21.0
091120251303  1.448  2.6  292.5  5.7  0.09  32.2  21.0
091120251304  1.445  2.7  291.3  5.7  0.11  49.1  21.0
091120251305  1.442  2.7  289.0  5.7  0.12  11.9  21.0
091120251306  1.440  2.7  294.8  6.4  0.13  44.2  21.0
091120251307  1.438  2.8  297.4  6.4  0.05  100.0  21.0
091120251308  1.435  2.9  300.0  6.4  0.08  30.7  21.0
091120251309  1.432  3.2  300.1  6.4  0.16  43.1  21.0
091120251310  1.428  3.5  299.6  6.4  0.16  39.9  21.0
091120251311  1.423  3.8  297.8  6.4  0.09  65.0  21.0
091120251312  1.419  4.0  298.0  6.4  0.10  48.7  21.0
091120251313  1.414  4.1  298.6  6.4  0.14  23.3  21.1
091120251314  1.410  4.1  298.6  6.4  0.11  33.7  21.1
091120251315  1.404  4.2  298.6  6.4  0.16  42.5  21.1
091120251316  1.399  4.1  296.6  6.3  0.13  85.8  21.1
091120251317  1.393  4.1  295.2  6.3  0.10  19.1  21.2
091120251318  1.385  4.2  294.1  8.3  0.06  70.0  21.2
091120251319  1.378  4.4  292.6  8.3  0.26  20.5  21.3
091120251320  1.371  4.4  290.2  8.3  0.14  35.1  21.3
091120251321  1.364  4.5  288.8  8.3  0.23  15.8  21.3
091120251322  1.359  4.7  286.7  8.3  0.15  39.5  21.3
091120251323  1.354  4.8  287.1  8.3  0.17  80.1  21.2
091120251324  1.350  4.8  288.4  8.3  0.18  42.5  21.2
091120251325  1.344  4.9  287.4  8.3  0.20  40.3  21.2
091120251326  1.340  5.1  285.6  8.3  0.16  41.4  21.2
091120251327  1.336  5.3  284.9  8.3  0.30  59.9  21.3
091120251328  1.333  5.4  283.0  7.8  0.27  55.3  21.3
091120251329  1.328  5.3  283.1  7.7  0.25  72.1  21.3
091120251330  1.325  5.5  282.6  7.7  0.32  66.0  21.3
091120251331  1.320  5.4  282.8  7.7  0.33  42.2  21.3
091120251332  1.316  5.4  284.2  7.7  0.37  29.5  21.4
091120251333  1.311  5.3  284.5  7.7  0.31  43.7  21.4
091120251334  1.305  5.2  283.8  7.7  0.23  59.8  21.4
091120251335  1.301  4.9  283.3  7.7  0.30  43.6  21.4
091120251336  1.297  4.6  284.8  7.4  0.30  39.2  21.4
091120251337  1.292  4.5  283.9  7.4  0.31  48.2  21.4
091120251338  1.288  4.4  283.8  7.2  0.38  39.7  21.5
091120251339  1.283  4.4  284.6  7.2  0.25  55.6  21.5
091120251340  1.278  4.3  285.8  6.5  0.35  43.1  21.5
091120251341  1.273  4.2  287.1  6.5  0.41  18.2  21.5
091120251342  1.269  4.0  288.1  6.5  0.31  35.3  21.5
091120251343  1.264  3.9  287.8  6.5  0.31  61.8  21.5
091120251344  1.258  3.9  287.3  6.5  0.37  62.7  21.5
091120251345  1.253  4.0  287.8  6.5  0.30  38.7  21.5
091120251346  1.247  4.0  287.2  6.5  0.75  10.7  21.6
091120251347  1.243  3.9  289.0  6.5  0.45  27.7  21.6
091120251348  1.238  3.8  291.5  6.5  0.44  37.7  21.6
091120251349  1.233  3.7  289.2  6.4  0.35  55.9  21.6
091120251350  1.230  3.6  286.5  6.4  0.44  49.4  21.6
091120251351  1.223  3.6  283.9  6.4  0.46  43.8  21.6
091120251352  1.219  3.7  281.5  6.6  0.36  57.6  21.6
091120251353  1.214  3.9  277.2  6.6  0.28  56.4  21.6
091120251354  1.207  3.8  275.5  6.6  0.46  45.4  21.7
091120251355  1.201  3.7  275.5  6.6  0.43  46.3  21.7
091120251356  1.197  3.7  274.6  6.6  0.38  37.9  21.7
091120251357  1.192  3.7  273.1  6.6  0.51  36.9  21.7
091120251358  1.187  3.5  268.2  6.6  0.35  43.3  21.8
091120251359  1.183  3.2  267.6  6.6  0.36  34.2  21.8
091120251400  1.178  3.0  270.0  6.6  0.27  53.0  21.8
091120251401  1.172  2.9  268.6  6.6  0.38  35.9  21.8
091120251402  1.166  2.7  267.2  6.2  0.35  33.3  21.8
091120251403  1.160  2.5  265.8  4.9  0.42  30.9  21.8
091120251404  1.153  2.4  266.1  4.9  0.35  36.1  21.8
091120251405  1.146  2.4  262.5  4.9  0.37  41.8  21.8
091120251406  1.141  2.3  258.9  4.9  0.49  26.5  21.8
091120251407  1.136  2.2  265.7  4.9  0.44  34.3  21.8
091120251408  1.131  2.3  272.6  4.8  0.46  52.4  21.8
091120251409  1.127  2.3  274.3  4.8  0.46  44.8  21.9
091120251410  1.121  2.3  273.6  4.8  0.40  50.9  21.9
091120251411  1.115  2.1  271.4  4.8  0.46  56.7  21.9
091120251412  1.109  1.9  266.3  4.8  0.52  54.4  21.9
091120251413  1.103  2.1  274.4  6.0  0.45  56.6  21.9
091120251414  1.098  2.2  274.2  6.1  0.55  45.8  21.9
091120251415  1.094  2.4  274.1  6.1  0.52  51.0  21.9
091120251416  1.089  2.5  273.4  6.1  0.59  51.4  21.9
091120251417  1.084  2.5  267.2  6.1  0.54  49.4  21.9
091120251418  1.080  2.6  263.4  6.1  0.63  42.6  22.0
091120251419  1.074  2.6  262.9  6.1  0.55  58.1  22.0
091120251420  1.067  2.8  263.5  6.1  0.52  45.2  22.0
091120251421  1.061  2.9  265.5  6.1  0.53  42.6  22.0
091120251422  1.055  3.1  270.5  6.1  0.49  65.1  22.1
091120251423  1.050  3.0  270.6  6.1  0.51  66.9  22.1
091120251424  1.044  3.0  272.2  5.8  0.54  63.2  22.1
091120251425  1.039  3.1  275.4  7.2  0.56  56.0  22.1
091120251426  1.032  3.3  277.5  7.2  0.54  46.0  22.1
091120251427  1.027  3.4  279.7  7.2  0.54  50.0  22.1
091120251428  1.021  3.4  283.0  7.2  0.53  57.2  22.2
091120251429  1.015  3.6  285.1  7.2  0.61  52.8  22.2
091120251430  1.009  3.6  286.5  7.2  0.56  54.1  22.2
091120251431  1.004  3.5  287.8  7.2  0.48  52.1  22.2
091120251432  0.998  3.5  285.3  7.2  0.54  54.6  22.2
091120251433  0.992  3.3  285.5  7.2  0.56  57.8  22.3
091120251434  0.985  3.4  285.2  7.2  0.48  50.8  22.3
091120251435  0.979  3.0  287.9  6.3  0.57  50.7  22.3
091120251436  0.974  2.7  292.0  5.3  0.59  46.4  22.3
091120251437  0.966  2.6  292.7  5.3  0.50  67.2  22.3
091120251438  0.959  2.4  293.6  5.3  0.57  37.9  22.4
091120251439  0.952  2.3  293.6  5.2  0.59  36.2  22.4
091120251440  0.945  2.4  292.5  5.2  0.49  44.4  22.4
091120251441  0.938  2.5  294.9  5.2  0.56  53.2  22.4
091120251442  0.931  2.6  298.9  5.2  0.58  47.6  22.4
091120251443  0.924  2.5  300.1  5.2  0.50  53.1  22.5
091120251444  0.916  2.3  305.7  4.7  0.54  47.5  22.5
091120251445  0.910  2.3  305.7  4.7  0.56  48.8  22.5
091120251446  0.904  2.3  305.2  4.7  0.52  63.7  22.5
091120251447  0.899  2.3  305.2  4.7  0.58  52.4  22.5
091120251448  0.894  2.2  306.2  4.7  0.51  51.1  22.6
091120251449  0.889  2.1  308.6  3.8  0.50  50.4  22.6
091120251450  0.883  2.3  315.3  6.5  0.55  54.0  22.6
091120251451  0.878  2.5  317.8  6.5  0.53  54.9  22.6
091120251452  0.872  2.6  317.3  6.5  0.51  66.4  22.7
091120251453  0.866  2.7  316.8  6.5  0.56  49.7  22.7
091120251454  0.860  2.8  315.1  6.5  0.55  49.8  22.7
091120251455  0.855  2.9  313.8  6.5  0.55  57.7  22.7
091120251456  0.849  2.8  314.8  6.5  0.53  58.0  22.8
091120251457  0.844  2.8  315.5  6.5  0.57  45.9  22.8
091120251458  0.840  2.9  317.6  6.5  0.59  60.6  22.8
091120251459  0.836  3.0  317.9  6.5  0.49  63.8  22.8
091120251500  0.830  2.9  313.5  5.5  0.46  54.8  22.8
091120251501  0.825  2.8  312.3  5.5  0.52  58.6  22.8
091120251502  0.821  2.7  312.4  5.1  0.59  55.5  22.8
091120251503  0.815  2.9  311.8  5.1  0.50  51.9  22.9
091120251504  0.809  2.9  311.4  5.1  0.60  46.2  22.9
091120251505  0.803  3.0  312.2  5.4  0.60  54.2  22.9
091120251506  0.799  3.3  311.6  5.8  0.59  49.4  22.9
091120251507  0.794  3.5  311.3  5.8  0.51  57.5  22.9
091120251508  0.789  3.7  307.1  6.6  0.49  62.9  22.9
091120251509  0.782  3.9  303.7  6.6  0.62  42.7  22.9
091120251510  0.778  3.8  303.7  6.6  0.57  47.4  23.0
091120251511  0.774  3.8  303.4  6.6  0.51  44.8  23.0
091120251512  0.768  3.8  304.2  6.6  0.48  64.3  23.0
091120251513  0.763  3.7  306.0  6.6  0.54  52.1  23.0
091120251514  0.758  3.9  308.7  6.6  0.48  53.5  23.0
091120251515  0.753  3.8  309.5  6.6  0.52  46.4  23.0
091120251516  0.747  3.7  311.0  6.6  0.62  47.6  23.0
091120251517  0.743  3.8  312.4  6.6  0.47  55.3  23.1
091120251518  0.739  3.7  317.4  6.5  0.54  49.0  23.1
091120251519  0.735  3.5  323.5  6.4  0.54  45.9  23.1
091120251520  0.732  3.5  327.5  6.4  0.49  58.8  23.1
091120251521  0.728  3.6  330.7  6.4  0.51  49.0  23.1
091120251522  0.724  3.6  333.9  6.4  0.55  54.9  23.1
091120251523  0.719  3.6  336.2  6.4  0.53  47.1  23.1
091120251524  0.716  3.4  339.4  4.7  0.57  48.8  23.1
091120251525  0.710  3.4  342.0  4.7  0.59  48.8  23.1
091120251526  0.705  3.3  344.3  4.4  0.52  41.7  23.1
091120251527  0.700  3.4  346.7  4.4  0.53  41.4  23.1
091120251528  0.694  3.4  349.0  4.4  0.48  52.1  23.2
091120251529  0.689  3.5  350.8  4.4  0.50  55.6  23.2
091120251530  0.684  3.6  353.3  4.4  0.46  58.1  23.2
091120251531  0.678  3.6  356.0  4.4  0.55  46.4  23.2
091120251532  0.673  3.7  359.0  4.7  0.45  57.8  23.2
091120251533  0.667  3.8  1.3  4.7  0.51  46.7  23.2
091120251534  0.660  3.8  4.5  4.7  0.38  52.7  23.2
091120251535  0.653  3.8  7.7  4.7  0.46  58.8  23.2
091120251536  0.648  3.9  11.0  6.5  0.48  40.1  23.2
091120251537  0.642  4.0  14.2  6.5  0.47  53.2  23.2
091120251538  0.636  4.1  17.8  6.5  0.44  60.6  23.3
091120251539  0.631  4.1  20.5  6.5  0.52  56.5  23.3
091120251540  0.624  4.2  23.3  6.5  0.52  53.9  23.3
091120251541  0.619  4.1  26.0  6.5  0.41  48.6  23.3
091120251542  0.614  3.9  27.9  6.5  0.44  60.8  23.3
091120251543  0.608  3.8  30.2  6.5  0.60  47.9  23.3
091120251544  0.604  3.7  31.6  6.5  0.58  53.1  23.3
091120251545  0.600  3.7  33.1  6.5  0.48  55.0  23.4
091120251546  0.596  3.7  34.7  5.3  0.47  56.7  23.4
091120251547  0.592  3.6  36.6  5.3  0.56  44.4  23.4
091120251548  0.588  3.5  37.1  5.3  0.51  46.6  23.4
091120251549  0.584  3.4  38.4  4.7  0.59  33.2  23.4
091120251550  0.580  3.3  39.4  4.4  0.53  39.3  23.4
091120251551  0.575  3.3  38.6  4.4  0.53  45.7  23.4
091120251552  0.570  3.4  37.3  4.4  0.58  46.9  23.4
091120251553  0.565  3.4  36.1  4.4  0.59  49.7  23.4
091120251554  0.559  3.4  33.9  4.5  0.54  56.9  23.4
091120251555  0.553  3.5  31.8  4.6  0.58  52.1  23.5
091120251556  0.546  3.4  29.2  4.6  0.55  51.3  23.5
091120251557  0.541  3.4  25.7  4.6  0.52  52.7  23.5
091120251558  0.535  3.4  23.8  4.6  0.47  46.5  23.5
091120251559  0.527  3.4  20.6  4.6  0.48  59.9  23.5
091120251600  0.520  3.4  18.0  4.6  0.54  54.7  23.6
091120251601  0.514  3.5  17.6  4.6  0.60  37.0  23.6
091120251602  0.507  3.6  16.2  5.0  0.48  57.0  23.6
091120251603  0.502  3.7  16.0  5.0  0.56  61.9  23.6
091120251604  0.498  3.7  15.8  5.0  0.55  52.0  23.6
091120251605  0.493  3.7  15.9  5.0  0.56  53.3  23.6
091120251606  0.489  3.6  17.7  5.0  0.59  44.1  23.6
091120251607  0.486  3.6  19.9  5.0  0.50  55.6  23.6
091120251608  0.482  3.5  22.1  5.0  0.59  46.2  23.7
091120251609  0.478  3.5  25.8  5.0  0.54  54.9  23.7
091120251610  0.475  3.4  29.6  5.0  0.59  47.4  23.7
091120251611  0.470  3.3  31.9  5.0  0.63  40.6  23.7
091120251612  0.466  3.1  36.2  4.3  0.48  51.9  23.7
091120251613  0.462  3.0  40.8  4.2  0.50  56.1  23.7
091120251614  0.457  2.9  45.9  4.2  0.61  59.1  23.7
091120251615  0.452  2.9  50.0  3.9  0.57  51.1  23.7
091120251616  0.448  2.9  54.0  3.9  0.55  53.0  23.7
091120251617  0.445  2.9  58.1  3.9  0.67  40.9  23.7
091120251618  0.440  2.9  60.8  3.9  0.63  44.4  23.8
091120251619  0.437  2.9  62.2  3.6  0.50  55.0  23.8
091120251620  0.432  3.0  62.5  3.6  0.56  49.3  23.8
091120251621  0.427  3.0  64.4  3.6  0.58  48.0  23.8
091120251622  0.421  3.1  66.0  3.6  0.50  45.7  23.8
091120251623  0.418  3.2  65.0  3.7  0.58  54.9  23.8
091120251624  0.413  3.2  64.1  3.7  0.64  41.6  23.8
091120251625  0.410  3.2  63.5  3.7  0.56  55.3  23.8
091120251626  0.406  3.3  62.8  3.9  0.54  55.9  23.9
091120251627  0.403  3.3  61.8  4.0  0.50  51.2  23.9
091120251628  0.398  3.3  61.4  4.0  0.57  50.1  23.9
091120251629  0.394  3.3  62.3  4.0  0.56  57.5  23.9
091120251630  0.389  3.2  62.9  4.0  0.52  52.0  23.9
091120251631  0.385  3.2  61.6  4.0  0.48  71.4  23.9
091120251632  0.382  3.0  60.3  4.0  0.53  47.8  23.9
091120251633  0.377  2.9  61.2  4.0  0.57  38.3  23.9
091120251634  0.374  2.8  61.3  4.0  0.50  58.9  23.9
091120251635  0.369  2.6  62.5  4.0  0.54  39.1  23.9
091120251636  0.366  2.4  64.3  4.0  0.54  51.2  23.9
091120251637  0.363  2.1  64.7  3.4  0.42  57.2  23.9
091120251638  0.359  2.0  62.9  3.2  0.51  49.9  23.9
091120251639  0.354  1.9  59.5  2.9  0.54  47.8  23.9
091120251640  0.350  1.8  58.5  2.9  0.49  65.9  24.0
091120251641  0.346  1.7  57.1  2.9  0.58  44.4  24.0
091120251642  0.343  1.7  55.3  2.5  0.55  57.6  24.0
091120251643  0.339  1.7  51.4  2.5  0.61  59.8  24.0
091120251644  0.337  1.7  48.3  2.6  0.58  52.0  24.0
091120251645  0.336  1.7  44.2  2.6  0.48  75.0  24.0
091120251646  0.334  1.8  38.0  2.6  0.48  46.3  24.0
091120251647  0.332  1.9  34.6  2.6  0.64  36.6  24.0
091120251648  0.330  1.9  32.3  2.6  0.58  48.2  24.1
091120251649  0.328  1.9  30.9  2.6  0.47  75.0  24.1
091120251650  0.326  1.9  24.8  2.6  0.54  54.0  24.1
091120251651  0.326  1.9  20.1  2.6  0.53  43.4  24.1
091120251652  0.326  2.0  15.5  2.6  0.51  49.2  24.1
091120251653  0.324  2.0  11.6  2.9  0.47  49.1  24.1
091120251654  0.322  2.0  9.5  2.9  0.59  44.9  24.1
091120251655  0.321  2.1  10.3  2.9  0.43  61.1  24.1
091120251656  0.319  2.1  9.9  2.9  0.53  45.7  24.1
091120251657  0.317  2.1  8.8  2.9  0.52  43.5  24.1
091120251658  0.316  2.2  8.1  2.9  0.48  56.3  24.1
091120251659  0.314  2.3  6.4  2.9  0.60  37.2  24.1
091120251700  0.313  2.3  6.5  2.9  0.52  55.8  24.1
091120251701  0.310  2.4  6.5  3.1  0.47  44.5  24.2
091120251702  0.306  2.5  7.5  3.1  0.53  45.5  24.2
091120251703  0.304  2.6  8.1  3.3  0.48  50.9  24.2
091120251704  0.301  2.6  7.2  3.3  0.47  55.8  24.2
091120251705  0.298  2.7  5.3  3.4  0.45  58.2  24.2
091120251706  0.294  2.8  3.7  3.4  0.47  57.0  24.2
091120251707  0.292  2.8  2.2  3.4  0.47  56.2  24.2
091120251708  0.288  2.9  359.7  3.4  0.52  43.1  24.2
091120251709  0.285  2.9  357.5  3.4  0.44  46.5  24.2
091120251710  0.282  2.9  354.8  3.4  0.48  61.5  24.2
091120251711  0.278  2.8  352.2  3.4  0.43  46.8  24.3
091120251712  0.275  2.8  348.3  3.4  0.46  65.7  24.3
091120251713  0.272  2.8  345.3  3.4  0.43  65.7  24.3
091120251714  0.268  2.8  343.1  3.4  0.51  54.7  24.3
091120251715  0.264  2.8  342.6  3.3  0.51  54.1  24.3
091120251716  0.261  2.8  343.4  3.4  0.54  57.3  24.3
091120251717  0.259  2.8  344.5  3.4  0.49  57.9  24.3
091120251718  0.256  2.7  346.4  3.4  0.51  58.5  24.3
091120251719  0.252  2.7  349.8  3.4  0.52  46.7  24.3
091120251720  0.249  2.7  354.0  3.7  0.55  45.5  24.3
091120251721  0.245  2.8  357.8  3.7  0.51  49.9  24.4
091120251722  0.242  2.8  2.8  3.7  0.56  37.4  24.4
091120251723  0.241  2.8  7.7  3.7  0.44  60.0  24.4
091120251724  0.238  2.8  12.5  3.7  0.59  48.4  24.4
091120251725  0.236  2.7  16.9  3.7  0.47  50.8  24.4
091120251726  0.235  2.7  20.9  3.7  0.52  45.5  24.4
091120251727  0.232  2.7  24.8  3.7  0.56  40.7  24.4
091120251728  0.231  2.7  29.6  3.7  0.48  59.4  24.4
091120251729  0.228  2.7  33.7  3.9  0.49  58.3  24.4
091120251730  0.226  2.8  39.7  4.3  0.44  84.9  24.4
091120251731  0.223  2.9  47.8  4.5  0.54  54.3  24.4
091120251732  0.222  3.0  53.7  4.5  0.47  52.1  24.4
091120251733  0.221  3.2  58.6  4.9  0.56  46.0  24.4
091120251734  0.220  3.4  62.2  4.9  0.48  57.0  24.4
091120251735  0.221  3.4  65.6  4.9  0.50  56.9  24.5
091120251736  0.220  3.6  68.6  4.9  0.46  62.4  24.5
091120251737  0.220  3.7  71.4  4.9  0.52  47.1  24.5
091120251738  0.219  3.7  73.5  4.9  0.60  39.7  24.5
091120251739  0.219  3.7  75.7  4.9  0.50  46.2  24.5
091120251740  0.219  3.6  77.3  4.9  0.44  62.6  24.5
091120251741  0.217  3.5  77.7  4.9  0.41  55.2  24.5
091120251742  0.216  3.4  78.0  4.9  0.43  59.6  24.5
091120251743  0.215  3.2  78.1  4.7  0.48  59.4  24.5
091120251744  0.215  3.1  77.8  4.7  0.42  64.1  24.5
091120251745  0.212  3.0  77.1  4.7  0.43  65.0  24.6
091120251746  0.211  2.9  76.5  3.9  0.47  59.2  24.6
091120251747  0.209  2.8  75.3  3.5  0.48  37.3  24.6
091120251748  0.208  2.7  74.6  3.5  0.42  60.6  24.6
091120251749  0.207  2.6  73.8  3.4  0.48  52.4  24.6
091120251750  0.205  2.6  72.7  3.4  0.45  60.7  24.6
091120251751  0.202  2.6  71.1  3.4  0.47  64.0  24.6
091120251752  0.201  2.6  69.2  3.4  0.48  48.2  24.6
091120251753  0.199  2.6  67.4  3.4  0.49  53.9  24.6
091120251754  0.198  2.5  65.8  3.1  0.55  55.9  24.6
091120251755  0.196  2.6  64.6  3.2  0.44  60.5  24.6
091120251756  0.194  2.6  63.9  3.2  0.41  57.9  24.6
091120251757  0.193  2.7  62.5  3.2  0.42  50.9  24.6
091120251758  0.192  2.7  61.6  3.2  0.56  51.6  24.6
091120251759  0.190  2.6  60.2  3.2  0.46  62.1  24.7
091120251800  0.190  2.5  58.5  3.2  0.40  59.2  24.7
091120251801  0.189  2.4  57.0  3.2  0.41  58.5  24.7
091120251802  0.189  2.3  55.4  3.2  0.46  65.6  24.7
091120251803  0.191  2.1  54.6  3.2  0.42  60.8  24.7
091120251804  0.191  2.0  53.5  3.2  0.44  56.1  24.7
091120251805  0.191  1.8  51.6  3.2  0.43  47.2  24.7
091120251806  0.194  1.6  47.0  3.2  0.31  75.0  24.7
091120251807  0.194  1.3  43.5  3.0  0.45  53.6  24.7
091120251808  0.195  1.1  39.8  2.2  0.42  60.4  24.7
091120251809  0.195  0.9  45.3  2.0  0.45  49.3  24.7
091120251810  0.197  0.8  51.4  2.0  0.45  61.3  24.7
091120251811  0.199  0.6  57.4  2.0  0.43  56.1  24.7
091120251812  0.199  0.5  66.6  2.0  0.37  68.6  24.8
091120251813  0.202  0.4  73.3  2.0  0.40  63.6  24.8
091120251814  0.205  0.4  77.2  2.0  0.38  59.9  24.8
091120251815  0.208  0.2  81.0  2.0  0.39  60.2  24.8
091120251816  0.209  0.3  99.1  1.4  0.26  71.2  24.8
091120251817  0.209  0.3  99.2  1.4  0.20  64.9  24.8
091120251818  0.210  0.3  80.7  1.4  0.39  50.9  24.8
091120251819  0.211  0.3  53.4  1.4  0.38  53.6  24.8
091120251820  0.210  0.3  49.3  1.4  0.36  64.4  24.8
091120251821  0.210  0.4  49.7  1.4  0.30  77.6  24.8
091120251822  0.212  0.4  52.0  1.4  0.35  56.1  24.8
091120251823  0.214  0.5  59.3  1.4  0.29  75.8  24.8
091120251824  0.219  0.5  62.3  1.4  0.29  73.3  24.8
091120251825  0.221  0.6  64.1  1.4  0.33  56.7  24.8
091120251826  0.225  0.7  63.5  1.4  0.29  83.4  24.8
091120251827  0.228  0.7  71.5  1.4  0.26  64.1  24.8
091120251828  0.232  0.8  80.3  1.4  0.38  55.4  24.9
091120251829  0.234  0.9  82.4  1.8  0.27  56.7  24.9
091120251830  0.237  1.1  78.6  2.4  0.27  73.2  24.9
091120251831  0.238  1.1  77.6  2.4  0.27  56.8  24.9
091120251832  0.239  1.2  75.0  2.6  0.18  48.4  24.9
091120251833  0.241  1.4  72.6  2.8  0.19  53.8  24.9
091120251834  0.242  1.5  72.4  2.8  0.33  33.4  24.9
091120251835  0.242  1.7  72.8  2.8  0.23  37.2  24.9
091120251836  0.243  1.9  72.5  2.8  0.27  17.8  24.9
091120251837  0.245  2.1  71.2  2.9  0.14  45.6  24.9
091120251838  0.246  2.3  70.8  2.9  0.17  30.9  24.9
091120251839  0.246  2.3  70.2  2.9  0.10  30.8  24.9
091120251840  0.245  2.4  70.6  2.9  0.19  11.8  24.9
091120251841  0.245  2.4  71.0  2.9  0.19  41.9  24.9
091120251842  0.243  2.4  71.9  2.9  0.12  59.6  24.9
091120251843  0.242  2.4  72.6  2.9  0.25  23.8  24.9
091120251844  0.243  2.3  73.2  2.9  0.17  10.0  24.9
091120251845  0.244  2.2  73.5  2.9  0.20  19.3  24.9
091120251846  0.246  2.1  73.7  2.9  0.23  35.7  24.9
091120251847  0.246  2.1  72.9  2.8  0.26  18.2  24.9
091120251848  0.248  2.0  72.3  2.5  0.20  6.6  24.9
091120251849  0.249  1.9  71.5  2.5  0.15  26.8  24.9
091120251850  0.250  1.8  70.3  2.5  0.16  18.1  24.9
091120251851  0.251  1.7  68.8  2.5  0.17  9.3  24.9
091120251852  0.251  1.6  66.3  2.5  0.10  20.7  24.9
091120251853  0.253  1.6  64.2  2.2  0.09  25.8  24.9
091120251854  0.252  1.5  62.6  2.2  0.33  21.4  24.9
091120251855  0.253  1.5  61.3  2.2  0.20  19.6  24.9
091120251856  0.253  1.5  59.3  2.2  0.14  20.2  24.9
091120251857  0.255  1.4  56.5  2.2  0.23  13.9  24.9
091120251858  0.256  1.3  51.6  1.8  0.24  11.9  24.9
091120251859  0.259  1.2  45.8  1.7  0.07  100.0  24.9
091120251900  0.262  1.2  38.7  2.2  0.26  18.6  24.9
091120251901  0.265  1.3  30.9  2.2  0.12  13.7  24.9
091120251902  0.269  1.3  23.9  2.2  0.29  2.2  24.9
091120251903  0.271  1.3  17.3  2.2  0.12  13.6  24.9
091120251904  0.273  1.4  11.2  2.2  0.09  359.5  24.9
091120251905  0.276  1.4  6.5  2.2  0.15  5.4  24.9
091120251906  0.278  1.5  2.2  2.2  0.02  19.5  24.9
091120251907  0.280  1.5  0.1  2.2  0.08  31.0  24.9
091120251908  0.283  1.4  358.6  2.2  0.10  3.5  24.9
091120251909  0.286  1.5  356.4  2.2  0.25  2.5  24.9
091120251910  0.288  1.4  357.0  2.2  0.18  357.7  24.9
091120251911  0.291  1.4  356.9  2.2  0.12  354.2  24.9
091120251912  0.295  1.2  358.3  2.2  0.08  3.4  24.9
091120251913  0.297  1.1  0.1  2.2  0.26  11.7  24.9
091120251914  0.300  1.1  357.9  2.2  0.14  14.8  24.9
091120251915  0.303  1.1  356.3  2.2  0.15  356.1  24.9
091120251916  0.306  1.1  355.2  2.2  0.15  357.2  24.9
091120251917  0.311  1.2  353.4  2.6  0.06  327.6  24.9
091120251918  0.314  1.3  351.2  2.7  0.11  359.7  24.9
091120251919  0.317  1.5  352.3  3.0  0.18  7.0  24.9
091120251920  0.320  1.6  350.4  3.2  0.16  5.1  24.9
091120251921  0.324  1.8  349.2  3.2  0.24  10.0  24.9
091120251922  0.328  2.1  347.4  3.2  0.13  348.4  24.9
091120251923  0.331  2.3  344.1  3.2  0.16  3.7  24.9
091120251924  0.336  2.4  342.2  3.2  0.12  343.0  24.9
091120251925  0.339  2.6  338.9  3.2  0.11  328.6  24.9
091120251926  0.342  2.6  336.3  3.2  0.10  356.2  24.9
091120251927  0.345  2.7  332.9  3.2  0.10  357.0  24.9
091120251928  0.346  2.7  329.3  3.2  0.07  353.0  24.9
091120251929  0.348  2.6  324.2  3.2  0.04  12.5  24.9
091120251930  0.350  2.5  318.5  3.2  0.03  10.0  24.9
091120251931  0.353  2.4  312.0  3.2  0.09  3.8  24.9
091120251932  0.356  2.3  304.9  3.1  0.04  325.0  25.0
091120251933  0.360  2.2  294.2  4.1  0.08  15.7  24.9
091120251934  0.364  2.1  278.2  5.9  0.12  19.0  25.0
091120251935  0.367  2.2  260.9  5.9  0.07  13.2  25.0
091120251936  0.370  2.5  247.6  5.9  0.09  17.4  25.0
091120251937  0.374  2.8  239.7  5.9  0.12  354.8  25.0
091120251938  0.377  3.0  234.9  5.9  0.05  325.0  25.0
091120251939  0.381  3.2  231.8  5.9  0.03  334.5  25.0
091120251940  0.383  3.3  229.4  5.9  0.15  3.9  25.0
091120251941  0.384  3.5  226.4  5.9  0.11  14.9  25.0
091120251942  0.386  3.7  225.2  5.9  0.13  10.0  25.0
091120251943  0.389  3.8  225.3  5.9  0.08  5.6  25.0
091120251944  0.391  3.8  225.9  5.8  nan  nan  nan
091120251945  0.394  3.8  226.3  5.8  0.04  121.8  25.0
091120251946  0.395  3.7  226.2  5.8  0.05  148.0  25.0
091120251947  0.398  3.7  225.0  5.8  0.04  208.4  25.0
091120251948  0.400  3.9  222.9  5.8  0.06  345.0  25.0
091120251949  0.402  4.1  221.0  5.8  0.07  327.2  25.0
091120251950  0.405  4.3  219.5  5.8  0.03  46.0  25.0
091120251951  0.406  4.4  218.7  5.8  0.10  340.0  25.0
091120251952  0.411  4.5  218.1  5.8  0.10  353.4  25.0
091120251953  0.416  4.6  217.5  5.8  0.05  259.0  25.0
091120251954  0.422  4.6  217.3  5.8  0.05  5.6  25.0
091120251955  0.428  4.5  217.2  5.6  0.11  352.8  25.0
091120251956  0.434  4.6  218.1  5.6  0.07  343.4  25.0
091120251957  0.441  4.6  218.7  6.2  0.04  15.7  25.0
091120251958  0.447  4.6  219.8  6.2  0.10  193.4  25.0
091120251959  0.452  4.7  220.8  6.2  0.04  195.7  25.0
091120252000  0.457  4.7  221.8  6.2  0.04  258.7  25.0
091120252001  0.461  4.8  222.2  6.2  0.09  200.5  25.0
091120252002  0.464  4.8  222.5  6.2  0.07  246.8  25.0
091120252003  0.468  5.0  223.0  6.2  0.07  223.3  25.0
091120252004  0.471  5.0  223.3  6.2  0.12  210.6  25.0
091120252005  0.475  5.1  223.6  6.2  0.11  210.0  25.0
091120252006  0.478  5.1  223.9  6.2  0.08  338.3  25.0
091120252007  0.482  5.0  223.5  6.1  0.15  197.4  25.0
091120252008  0.486  5.0  222.8  6.1  0.08  199.5  25.0
091120252009  0.490  5.1  221.9  6.5  0.09  199.5  25.0
091120252010  0.494  5.1  221.4  7.9  0.16  207.1  25.0
091120252011  0.498  5.1  221.5  7.9  0.22  194.0  25.0
091120252012  0.502  5.2  221.4  7.9  0.14  235.0  25.0
091120252013  0.507  5.1  221.6  7.9  0.11  222.2  25.0
091120252014  0.511  5.1  222.0  7.9  0.14  231.2  25.0
091120252015  0.514  5.1  222.9  7.9  0.09  312.3  24.9
091120252016  0.519  5.2  223.3  7.9  0.07  186.8  24.9
091120252017  0.521  5.3  224.5  7.9  0.20  214.1  24.9
091120252018  0.523  5.2  225.2  7.9  0.23  190.5  24.9
091120252019  0.525  5.1  226.2  7.9  0.08  260.6  24.9
091120252020  0.526  4.9  226.8  6.9  0.10  205.9  24.9
091120252021  0.528  4.8  226.5  6.9  0.07  183.8  24.9
091120252022  0.530  4.5  227.4  6.5  0.16  203.0  24.9
091120252023  0.531  4.3  226.1  6.5  0.07  203.7  24.9
091120252024  0.531  4.0  224.2  6.5  0.09  225.8  24.9
091120252025  0.534  3.7  222.1  6.1  0.14  198.0  24.9
091120252026  0.535  3.5  219.4  6.1  0.09  251.9  24.8
091120252027  0.537  3.3  216.9  4.9  0.24  192.3  24.8
091120252028  0.541  3.2  215.2  4.9  0.07  256.4  24.8
091120252029  0.543  3.0  213.1  4.6  0.15  228.2  24.8
091120252030  0.548  2.9  211.0  3.9  0.10  231.2  24.8
091120252031  0.552  2.8  210.6  3.7  0.11  227.3  24.8
091120252032  0.556  2.7  208.9  3.7  0.21  205.6  24.8
091120252033  0.561  2.7  212.3  3.7  0.05  225.0  24.8
091120252034  0.566  2.8  215.5  3.7  0.03  248.4  24.7
091120252035  0.569  2.7  218.7  3.6  0.14  203.1  24.7
091120252036  0.574  2.7  221.4  3.4  0.11  212.9  24.7
091120252037  0.579  2.7  223.4  4.3  0.17  215.7  24.7
091120252038  0.583  2.8  225.9  4.3  0.17  200.3  24.7
091120252039  0.586  2.9  228.6  4.3  0.05  211.0  24.7
091120252040  0.591  2.9  230.6  4.3  0.15  229.7  24.7
091120252041  0.594  3.0  231.0  4.3  0.15  200.6  24.7
091120252042  0.599  3.0  230.6  4.3  0.23  219.4  24.7
091120252043  0.603  3.0  228.7  4.3  0.17  213.6  24.7
091120252044  0.607  3.0  228.7  4.3  0.21  193.1  24.7
091120252045  0.611  3.0  228.2  4.3  0.20  216.3  24.6
091120252046  0.618  3.1  226.7  4.3  0.22  203.9  24.6
091120252047  0.622  3.0  226.5  4.6  0.02  195.7  24.6
091120252048  0.627  3.1  224.1  4.9  0.10  194.6  24.6
091120252049  0.633  3.3  222.5  6.1  0.21  235.8  24.6
091120252050  0.637  3.6  221.8  7.3  0.27  217.9  24.6
091120252051  0.641  3.7  223.1  7.3  0.17  229.5  24.6
091120252052  0.644  3.9  224.7  7.3  0.24  227.1  24.6
091120252053  0.649  3.8  225.1  7.3  0.11  244.1  24.6
091120252054  0.653  3.8  225.5  7.3  0.19  223.7  24.6
091120252055  0.656  3.8  229.0  7.3  0.22  196.2  24.6
091120252056  0.661  3.9  233.5  7.3  0.13  213.9  24.6
091120252057  0.662  4.0  237.6  7.3  0.17  188.7  24.6
091120252058  0.664  3.9  239.5  7.3  0.22  193.5  24.6
091120252059  0.664  3.6  244.1  7.3  0.17  207.0  24.5
091120252100  0.666  3.4  249.6  5.9  0.17  193.3  24.5
091120252101  0.667  3.3  254.4  5.9  0.17  190.7  24.5
091120252102  0.669  3.3  256.6  5.9  0.21  185.7  24.5
091120252103  0.673  3.3  261.3  5.9  0.18  211.7  24.5
091120252104  0.674  3.1  268.1  5.9  0.17  196.7  24.5
091120252105  0.676  3.0  270.5  5.9  0.15  221.2  24.5
091120252106  0.677  2.7  276.7  5.9  0.25  199.1  24.5
091120252107  0.681  2.4  282.8  5.1  0.14  212.2  24.5
091120252108  0.683  2.4  290.3  5.1  0.19  200.5  24.5
091120252109  0.686  2.5  293.3  5.1  0.26  192.5  24.4
091120252110  0.689  2.4  299.2  5.1  0.08  191.5  24.4
091120252111  0.692  2.4  303.3  5.1  0.15  201.5  24.4
091120252112  0.696  2.3  309.7  3.5  0.08  240.9  24.4
091120252113  0.699  2.3  307.3  4.6  0.16  201.4  24.4
091120252114  0.701  2.3  296.8  4.8  0.19  191.8  24.4
091120252115  0.705  2.2  290.6  4.8  0.15  188.5  24.4
091120252116  0.706  2.2  285.9  4.8  0.25  191.3  24.4
091120252117  0.709  2.3  275.8  5.0  0.24  184.4  24.4
091120252118  0.713  2.4  269.0  6.1  0.21  201.1  24.4
091120252119  0.717  2.6  261.7  6.1  0.38  177.8  24.4
091120252120  0.721  2.7  259.3  6.1  0.32  182.7  24.4
091120252121  0.725  2.8  254.2  6.1  0.32  186.5  24.3
091120252122  0.730  2.8  252.9  6.1  0.29  176.5  24.3
091120252123  0.737  2.5  252.8  6.1  0.30  189.3  24.3
091120252124  0.743  2.3  260.8  6.1  0.27  180.7  24.3
091120252125  0.748  2.1  267.3  6.1  0.18  180.1  24.3
091120252126  0.753  2.1  272.5  6.1  0.25  183.0  24.3
091120252127  0.758  2.1  286.6  6.1  0.31  176.2  24.2
091120252128  0.763  2.0  298.0  5.1  0.34  186.1  24.2
091120252129  0.768  2.1  310.4  4.5  0.33  175.1  24.2
091120252130  0.773  2.2  317.3  4.5  0.26  181.9  24.2
091120252131  0.778  2.5  325.0  4.5  0.30  183.3  24.2
091120252132  0.783  2.8  330.8  4.9  0.33  183.8  24.2
091120252133  0.788  3.2  330.7  5.3  0.38  190.9  24.2
091120252134  0.792  3.2  329.5  5.3  0.21  196.5  24.2
091120252135  0.797  3.3  329.9  5.3  0.32  192.1  24.2
091120252136  0.802  3.4  330.1  5.3  0.32  186.2  24.2
091120252137  0.805  3.5  330.6  5.3  0.25  197.0  24.2
091120252138  0.809  3.4  331.3  5.3  0.38  192.3  24.2
091120252139  0.814  3.5  330.7  5.3  0.36  188.1  24.1
091120252140  0.818  3.5  329.4  5.3  0.28  193.2  24.1
091120252141  0.821  3.5  328.7  5.3  0.23  193.9  24.1
091120252142  0.826  3.4  328.4  5.3  0.41  190.0  24.1
091120252143  0.831  3.2  327.1  4.7  0.20  193.3  24.1
091120252144  0.836  3.1  326.6  4.7  0.26  173.3  24.1
091120252145  0.840  3.0  325.2  4.7  0.34  186.1  24.1
091120252146  0.846  3.0  321.1  4.7  0.43  191.6  24.1
091120252147  0.850  2.9  315.5  5.4  0.34  192.0  24.0
091120252148  0.854  3.0  311.6  5.4  0.35  186.8  24.0
091120252149  0.857  3.0  308.1  5.4  0.37  185.5  24.0
091120252150  0.860  3.0  304.8  5.4  0.35  188.4  24.0
091120252151  0.862  3.1  301.7  5.4  0.33  178.2  24.0
091120252152  0.867  3.3  299.2  6.1  0.21  179.8  24.0
091120252153  0.869  3.4  296.6  6.1  0.40  170.5  24.0
091120252154  0.873  3.5  295.3  6.1  0.50  183.2  24.0
091120252155  0.876  3.7  293.7  6.1  0.38  174.3  24.0
091120252156  0.878  3.5  293.4  6.1  0.47  169.5  24.0
091120252157  0.881  3.3  292.0  6.1  0.45  177.8  24.0
091120252158  0.883  3.0  285.4  6.1  0.47  182.1  24.0
091120252159  0.885  2.8  276.4  6.1  0.33  175.7  24.0
091120252200  0.886  2.5  266.2  6.1  0.24  171.0  24.0
091120252201  0.886  2.4  248.4  6.1  0.14  166.9  24.0
091120252202  0.888  2.5  229.0  6.0  0.28  188.4  24.0
091120252203  0.891  2.7  214.2  6.6  0.24  165.5  24.0
091120252204  0.894  3.1  201.8  6.6  0.37  185.2  24.0
091120252205  0.896  3.5  192.5  6.6  0.35  190.0  24.0
091120252206  0.899  4.1  189.2  7.2  0.28  188.0  24.0
091120252207  0.901  4.5  187.2  7.2  0.25  200.8  24.0
091120252208  0.902  4.7  185.2  7.2  0.37  200.7  24.0
091120252209  0.902  4.9  184.1  7.2  0.30  187.4  24.0
091120252210  0.903  5.0  187.4  7.2  0.39  189.7  24.0
091120252211  0.903  4.9  190.8  7.2  0.30  206.9  24.0
091120252212  0.905  4.9  194.7  7.2  0.23  180.0  24.0
091120252213  0.905  4.8  201.0  7.2  0.31  191.1  24.0
091120252214  0.905  4.7  206.5  7.2  0.29  192.3  24.0
091120252215  0.907  4.8  212.7  7.3  0.24  200.1  24.0
091120252216  0.908  4.7  219.9  7.3  0.19  202.5  24.0
091120252217  0.909  4.9  226.6  8.2  0.20  190.0  23.9
091120252218  0.912  4.9  232.5  8.3  0.14  201.2  23.9
091120252219  0.913  4.8  235.9  8.3  0.23  206.3  23.9
091120252220  0.913  4.7  236.8  8.3  0.29  184.3  23.9
091120252221  0.914  4.5  237.3  8.3  0.28  189.6  23.9
091120252222  0.916  4.2  237.9  8.3  0.25  183.2  23.9
091120252223  0.918  4.1  236.7  8.3  0.30  178.0  23.8
091120252224  0.919  4.0  236.2  8.3  0.34  175.4  23.8
091120252225  0.921  3.7  236.0  8.3  0.43  190.3  23.7
091120252226  0.924  3.6  232.5  8.3  0.33  184.2  23.7
091120252227  0.925  3.3  228.7  8.3  0.41  183.4  23.6
091120252228  0.926  3.3  224.3  5.8  0.26  191.3  23.6
091120252229  0.926  3.4  223.9  5.8  0.17  175.5  23.6
091120252230  0.926  3.4  225.0  4.9  0.33  185.3  23.5
091120252231  0.925  3.4  225.8  4.9  0.29  183.4  23.5
091120252232  0.925  3.5  226.4  4.9  0.25  187.7  23.5
091120252233  0.926  3.4  227.0  4.9  0.19  204.9  23.5
091120252234  0.927  3.4  226.4  4.9  0.22  205.5  23.5
091120252235  0.927  3.4  225.1  4.9  0.21  217.3  23.5
091120252236  0.929  3.4  223.6  4.9  0.15  193.0  23.6
091120252237  0.931  3.4  223.5  5.8  0.21  181.5  23.6
091120252238  0.933  3.2  223.5  5.8  0.35  187.2  23.6
091120252239  0.936  3.3  224.4  6.1  0.20  196.2  23.6
091120252240  0.937  3.4  224.2  6.5  0.32  190.0  23.6
091120252241  0.939  3.5  222.2  6.5  0.21  178.0  23.6
091120252242  0.942  3.7  221.0  6.5  0.29  181.2  23.6
091120252243  0.944  3.9  220.8  6.6  0.22  197.0  23.6
091120252244  0.944  4.1  221.5  6.6  0.17  184.8  23.5
091120252245  0.946  4.2  222.9  6.6  0.23  175.0  23.5
091120252246  0.946  4.4  221.7  6.6  0.18  177.7  23.5
091120252247  0.946  4.4  220.7  6.6  0.29  166.5  23.5
091120252248  0.946  4.6  218.8  6.6  0.20  183.7  23.5
091120252249  0.947  4.5  216.4  6.6  0.19  186.4  23.4
091120252250  0.949  4.3  216.1  6.6  0.24  178.2  23.4
091120252251  0.950  4.2  215.7  6.6  0.28  186.1  23.4
091120252252  0.951  4.0  215.3  6.6  0.17  175.0  23.4
091120252253  0.952  3.9  214.3  6.0  0.35  179.4  23.4
091120252254  0.954  3.8  212.7  5.3  0.18  191.9  23.4
091120252255  0.956  3.6  210.3  5.3  0.22  189.0  23.3
091120252256  0.958  3.5  210.0  5.3  0.27  191.7  23.3
091120252257  0.961  3.5  210.7  5.3  0.15  190.8  23.3
091120252258  0.964  3.4  211.3  5.3  0.27  180.6  23.3
091120252259  0.967  3.4  212.0  5.3  0.07  215.9  23.3
091120252300  0.970  3.3  210.4  4.6  0.22  190.0  23.2
091120252301  0.972  3.3  210.4  4.6  0.26  205.0  23.2
091120252302  0.975  3.4  209.7  5.6  nan  nan  nan
091120252303  0.976  3.4  208.3  5.6  0.22  189.0  23.2
091120252304  0.978  3.5  206.3  5.6  0.12  188.1  23.2
091120252305  0.980  3.6  206.2  5.6  nan  nan  nan
091120252306  0.980  3.6  206.3  5.6  0.18  180.6  23.2
091120252307  0.981  3.6  206.6  5.6  0.15  191.5  23.2
091120252308  0.981  3.6  208.5  5.6  0.20  185.6  23.2
091120252309  0.981  3.8  210.1  5.6  0.13  184.8  23.2
091120252310  0.982  3.9  212.7  5.6  0.25  178.6  23.2
091120252311  0.983  3.9  213.4  5.6  0.16  202.5  23.2
091120252312  0.985  4.0  214.2  5.5  0.16  214.7  23.2
091120252313  0.986  4.0  215.4  5.5  0.15  214.9  23.2
091120252314  0.986  3.9  217.9  5.5  0.11  188.0  23.2
091120252315  0.988  3.9  219.6  5.5  0.23  176.1  23.2
091120252316  0.991  3.9  222.8  5.5  0.19  165.3  23.2
091120252317  0.992  3.9  222.7  5.5  0.20  190.6  23.2
091120252318  0.994  3.9  220.4  5.5  0.31  179.0  23.2
091120252319  0.996  3.8  216.2  5.3  0.29  181.3  23.2
091120252320  0.998  3.7  211.7  5.3  0.20  161.9  23.2
091120252321  0.999  3.7  206.9  5.4  0.24  181.2  23.2
091120252322  1.000  3.7  203.1  5.4  0.20  169.8  23.2
091120252323  1.001  3.6  199.4  5.4  0.14  192.4  23.2
091120252324  1.001  3.7  194.9  5.4  0.14  198.2  23.1
091120252325  1.002  3.8  189.5  5.4  0.21  179.5  23.1
091120252326  1.002  3.9  184.2  5.4  0.17  182.9  23.1
091120252327  1.002  4.0  181.6  5.4  0.27  176.1  23.1
091120252328  1.002  4.0  180.3  5.4  0.17  171.6  23.1
091120252329  1.003  3.9  179.5  5.4  0.19  160.5  23.1
091120252330  1.006  3.8  178.9  5.4  0.06  175.1  23.1
091120252331  1.007  3.7  179.5  4.9  0.24  182.4  23.1
091120252332  1.010  3.7  180.3  4.9  0.21  182.4  23.1
091120252333  1.012  3.7  181.1  4.9  0.23  194.8  23.1
091120252334  1.013  3.6  182.0  4.8  0.14  202.4  23.1
091120252335  1.014  3.5  183.5  4.7  0.09  180.1  23.1
091120252336  1.014  3.4  184.5  4.7  0.15  148.1  23.1
091120252337  1.012  3.4  185.8  4.7  0.21  158.8  23.1
091120252338  1.011  3.4  187.0  4.7  0.20  175.0  23.1
091120252339  1.010  3.3  188.4  4.7  0.11  129.6  23.1
091120252340  1.008  3.4  189.7  4.7  0.08  152.9  23.1
091120252341  1.008  3.3  189.9  4.7  0.10  188.9  23.1
091120252342  1.007  3.2  188.8  4.3  0.11  145.0  23.1
091120252343  1.005  3.3  188.2  4.2  0.12  154.5  23.1
091120252344  1.004  3.2  188.2  4.2  0.16  173.5  23.1
091120252345  1.003  3.2  188.2  4.2  0.11  165.3  23.1
091120252346  1.001  3.0  186.5  4.2  0.08  136.0  23.1
091120252347  1.001  2.8  182.8  4.2  0.20  154.7  23.1
091120252348  0.999  2.6  177.9  4.2  0.17  130.2  23.1
091120252349  0.999  2.6  170.9  4.2  0.12  146.4  23.1
091120252350  0.999  2.5  159.1  6.0  0.10  153.6  23.1
091120252351  1.000  2.5  150.2  6.0  0.12  158.1  23.0
091120252352  1.000  2.7  141.8  7.9  0.08  161.6  23.0
091120252353  1.000  2.8  133.3  7.9  0.20  171.2  23.0
091120252354  1.000  3.1  126.2  7.9  0.04  178.7  23.0
091120252355  0.998  3.6  120.0  7.9  0.15  190.0  23.0
091120252356  0.997  3.7  119.4  7.9  0.07  167.6  23.0
091120252357  0.996  3.8  117.3  7.9  0.10  192.3  22.9
091120252358  0.994  4.0  116.6  7.9  0.15  228.1  22.9
091120252359  0.993  3.8  120.0  7.9  0.09  182.2  22.9
101120250000  0.992  3.8  127.9  7.9  0.03  276.4  22.9
101120250001  0.992  3.8  132.2  7.9  0.05  289.9  22.9
101120250002  0.991  3.7  140.1  8.0  0.08  165.3  22.9
101120250003  0.991  3.9  146.7  11.3  0.02  301.8  22.9
101120250004  0.989  4.2  151.2  11.3  0.05  259.0  22.9
101120250005  0.987  4.2  158.1  11.3  0.13  182.2  22.9
101120250006  0.985  4.4  161.4  11.3  0.06  126.6  22.9
101120250007  0.982  4.7  165.4  11.3  0.13  186.6  22.9
101120250008  0.979  4.8  168.4  11.3  0.10  169.0  22.9
101120250009  0.978  4.9  169.4  11.3  nan  nan  nan
101120250010  0.976  4.8  167.1  11.3  0.06  190.0  22.9
101120250011  0.973  4.7  166.7  11.3  nan  nan  nan
101120250012  0.969  4.5  164.3  11.3  0.07  224.1  22.9
101120250013  0.966  4.3  166.3  8.3  nan  nan  nan
101120250014  0.963  4.2  169.9  7.6  0.06  214.8  23.0
101120250015  0.958  4.4  176.6  10.1  0.08  208.9  23.0
101120250016  0.956  4.6  177.9  10.1  0.04  34.0  23.0
101120250017  0.954  4.7  181.6  10.1  0.08  157.4  23.0
101120250018  0.953  5.1  183.6  10.1  0.06  155.3  22.9
101120250019  0.951  5.4  179.9  10.1  0.02  159.0  22.9
101120250020  0.949  5.9  183.9  11.0  nan  nan  nan
101120250021  0.947  6.5  187.4  12.1  0.05  141.6  22.9
101120250022  0.944  6.8  189.7  12.1  0.09  28.0  22.9
101120250023  0.941  7.3  190.9  12.1  0.08  8.6  22.9
101120250024  0.938  7.8  191.8  13.5  0.06  326.4  22.9
101120250025  0.934  8.0  190.2  13.5  0.03  24.9  22.9
101120250026  0.930  8.4  191.0  13.5  0.07  194.6  22.9
101120250027  0.927  8.6  190.3  13.5  0.15  8.5  22.9
101120250028  0.924  9.1  190.5  13.5  0.13  3.1  22.9
101120250029  0.922  9.3  192.8  13.5  0.11  7.0  22.9
101120250030  0.918  9.5  192.6  13.5  0.07  197.7  22.9
101120250031  0.916  9.8  192.0  13.5  0.06  334.9  22.9
101120250032  0.913  10.1  191.7  13.5  0.15  345.5  22.9
101120250033  0.911  10.4  190.8  13.5  0.06  143.6  22.9
101120250034  0.909  10.4  189.4  14.0  0.04  351.6  22.9
101120250035  0.906  10.4  189.3  14.0  0.08  321.9  22.9
101120250036  0.906  10.5  188.3  14.6  0.06  323.6  22.9
101120250037  0.904  10.5  187.9  14.6  0.07  22.5  22.9
101120250038  0.904  10.3  187.0  14.6  0.04  317.9  22.9
101120250039  0.903  9.9  186.6  14.6  0.05  277.9  22.9
101120250040  0.902  9.9  187.1  14.6  0.08  356.0  22.9
101120250041  0.901  9.5  186.7  14.6  0.07  203.2  22.9
101120250042  0.898  9.3  187.7  14.6  0.04  253.4  22.9
101120250043  0.897  9.1  188.5  14.6  0.07  350.0  22.9
101120250044  0.896  8.9  189.2  14.6  0.02  321.6  22.9
101120250045  0.896  9.2  189.5  14.6  0.04  282.9  22.9
101120250046  0.895  9.2  190.4  12.7  0.10  358.9  22.9
101120250047  0.894  8.9  190.6  12.7  0.07  254.8  22.9
101120250048  0.893  8.9  190.9  12.7  0.12  233.7  22.9
101120250049  0.892  9.0  191.3  12.7  0.06  292.7  22.9
101120250050  0.891  8.9  189.4  12.7  0.06  278.0  22.9
101120250051  0.890  8.7  189.0  12.7  0.03  253.4  22.9
101120250052  0.891  8.7  188.3  12.7  0.09  347.3  22.9
101120250053  0.891  8.6  188.2  12.7  0.02  228.7  22.9
101120250054  0.890  8.4  189.1  12.7  nan  nan  nan
101120250055  0.889  7.9  188.5  12.6  0.06  355.1  22.9
101120250056  0.889  7.6  187.9  10.4  0.15  344.8  22.9
101120250057  0.888  7.5  188.0  10.4  0.09  237.7  22.9
101120250058  0.887  7.4  187.8  10.4  0.09  317.9  22.9
101120250059  0.886  7.4  188.0  10.4  0.11  261.9  22.9
101120250100  0.886  7.2  188.3  10.4  0.11  329.3  22.9
101120250101  0.886  7.5  187.8  11.0  0.12  286.7  22.9
101120250102  0.885  7.5  188.1  11.0  0.05  239.9  22.9
101120250103  0.884  7.4  188.8  11.0  0.10  341.0  22.9
101120250104  0.881  7.3  188.7  11.0  0.09  341.8  22.9
101120250105  0.881  7.2  189.0  11.0  nan  nan  nan
101120250106  0.880  7.3  189.7  11.0  0.04  139.1  22.9
101120250107  0.876  7.8  190.7  12.9  0.08  339.5  22.9
101120250108  0.874  8.1  191.8  12.9  0.04  354.1  22.9
101120250109  0.872  8.2  191.7  12.9  0.06  4.3  22.9
101120250110  0.869  8.2  191.7  12.9  0.03  36.6  22.9
101120250111  0.867  8.4  192.4  13.1  0.08  15.6  22.9
101120250112  0.867  8.6  191.0  13.1  0.06  13.7  22.9
101120250113  0.866  8.6  190.3  13.1  0.09  25.6  22.9
101120250114  0.865  8.7  190.6  13.1  0.03  280.0  22.9
101120250115  0.865  8.9  192.3  13.1  0.07  60.6  22.9
101120250116  0.864  8.9  192.0  13.1  0.07  190.0  22.9
101120250117  0.863  8.5  191.5  13.1  0.11  38.9  22.9
101120250118  0.863  8.1  191.4  13.1  0.08  94.7  22.9
101120250119  0.861  7.9  191.7  13.1  0.11  17.1  22.9
101120250120  0.860  7.8  192.7  13.1  0.02  120.0  22.9
101120250121  0.856  7.4  192.9  12.6  0.10  64.5  22.9
101120250122  0.853  7.3  194.6  12.0  0.14  29.2  22.9
101120250123  0.850  7.5  196.1  12.4  0.11  12.9  22.9
101120250124  0.847  7.8  197.0  12.4  0.10  33.5  22.9
101120250125  0.843  7.8  195.9  12.4  0.23  0.1  22.9
101120250126  0.839  7.8  196.1  12.4  0.09  37.7  22.9
101120250127  0.835  7.9  196.9  12.4  0.06  11.8  22.9
101120250128  0.830  8.0  196.7  12.4  0.14  6.9  22.9
101120250129  0.826  8.0  196.6  12.4  0.15  22.0  22.9
101120250130  0.821  8.1  195.5  12.4  0.14  10.0  22.9
101120250131  0.817  8.2  194.8  12.4  0.16  34.3  22.9
101120250132  0.813  7.9  194.6  12.4  0.05  34.6  22.9
101120250133  0.811  7.6  191.7  11.9  0.09  28.0  22.9
101120250134  0.807  7.4  191.1  10.7  0.13  350.5  22.9
101120250135  0.806  7.2  189.3  10.6  0.25  3.7  23.0
101120250136  0.805  7.1  187.6  10.6  0.15  14.4  23.0
101120250137  0.803  6.9  187.1  10.6  0.11  44.0  23.0
101120250138  0.801  6.8  188.0  10.6  0.07  36.6  23.0
101120250139  0.798  6.7  188.2  10.6  0.22  24.3  23.1
101120250140  0.793  6.5  188.6  10.6  0.17  12.0  23.1
101120250141  0.788  6.4  188.9  10.6  0.17  17.7  23.1
101120250142  0.783  6.3  188.2  10.6  0.28  7.6  23.1
101120250143  0.780  6.1  189.3  9.2  0.28  16.3  23.1
101120250144  0.776  6.1  188.2  9.0  0.33  356.1  23.1
101120250145  0.773  6.3  187.9  11.5  0.19  1.8  23.1
101120250146  0.770  6.5  187.7  11.5  0.15  42.2  23.1
101120250147  0.767  6.7  186.5  11.5  0.26  25.4  23.1
101120250148  0.765  6.8  185.3  11.5  0.22  37.2  23.1
101120250149  0.762  7.0  185.0  11.5  0.27  22.4  23.1
101120250150  0.759  7.0  185.9  11.5  0.32  25.3  23.1
101120250151  0.756  7.2  186.9  13.2  0.29  23.7  23.1
101120250152  0.753  7.4  186.6  13.2  0.28  25.8  23.1
101120250153  0.751  7.5  183.5  13.2  0.21  44.7  23.1
101120250154  0.749  7.3  182.1  13.2  0.29  31.1  23.1
101120250155  0.746  6.9  181.8  13.2  0.22  32.4  23.1
101120250156  0.743  6.5  182.7  13.2  0.21  18.4  23.1
101120250157  0.741  6.4  182.2  13.2  0.30  16.3  23.1
101120250158  0.737  6.1  181.1  13.2  0.34  17.9  23.1
101120250159  0.733  6.0  180.7  13.2  0.25  23.3  23.1
101120250200  0.728  5.9  179.1  13.2  0.27  17.3  23.1
101120250201  0.724  5.7  178.0  9.9  0.22  20.1  23.1
101120250202  0.719  5.6  178.8  9.9  0.40  22.5  23.1
101120250203  0.715  5.3  182.4  8.0  0.33  21.0  23.1
101120250204  0.712  5.4  186.7  8.7  0.24  26.3  23.1
101120250205  0.709  5.4  188.4  8.7  0.22  44.0  23.1
101120250206  0.706  5.5  188.6  8.7  nan  nan  nan
101120250207  0.702  5.8  189.7  8.7  0.17  28.8  23.1
101120250208  0.700  5.9  188.9  8.7  0.28  30.1  23.2
101120250209  0.696  5.9  189.8  8.7  0.38  15.6  23.2
101120250210  0.694  6.0  190.3  8.7  0.22  28.1  23.2
101120250211  0.689  6.0  190.0  8.7  0.40  18.3  23.2
101120250212  0.687  5.9  189.8  8.7  0.31  37.5  23.2
101120250213  0.683  6.0  189.3  8.7  0.25  25.2  23.2
101120250214  0.680  5.9  186.5  8.7  0.23  7.1  23.2
101120250215  0.676  5.8  184.8  8.7  0.42  12.4  23.2
101120250216  0.673  5.7  185.3  8.7  0.35  17.9  23.3
101120250217  0.669  5.4  185.3  7.9  0.22  22.1  23.3
101120250218  0.664  5.2  188.3  7.2  0.28  16.3  23.3
101120250219  0.660  5.4  188.6  9.1  0.27  23.6  23.3
101120250220  0.655  5.6  189.5  9.1  0.23  31.3  23.3
101120250221  0.647  5.6  188.1  9.1  0.32  24.6  23.3
101120250222  0.641  5.8  187.9  10.6  0.37  20.1  23.3
101120250223  0.636  6.2  189.2  12.2  0.27  27.8  23.3
101120250224  0.629  6.5  189.8  12.2  0.43  21.4  23.3
101120250225  0.625  7.2  191.3  12.2  0.38  23.9  23.3
101120250226  0.619  7.8  190.1  12.6  0.32  33.3  23.3
101120250227  0.614  8.3  189.6  12.6  0.34  31.0  23.3
101120250228  0.608  8.6  188.7  12.6  0.35  31.9  23.3
101120250229  0.605  8.4  188.1  12.6  0.34  23.1  23.3
101120250230  0.601  8.2  187.7  12.6  0.33  28.0  23.3
101120250231  0.601  8.4  189.9  12.6  0.37  17.5  23.3
101120250232  0.598  8.3  191.7  12.6  nan  nan  nan
101120250233  0.594  8.2  191.8  12.6  0.27  40.7  23.3
101120250234  0.592  8.1  192.6  12.6  nan  nan  nan
101120250235  0.587  7.7  192.5  12.6  nan  nan  nan
101120250236  0.585  7.3  192.9  10.2  0.31  22.6  23.3
101120250237  0.583  7.2  193.6  10.2  0.34  30.3  23.3
101120250238  0.583  7.4  194.6  10.2  0.37  25.0  23.3
101120250239  0.582  7.6  195.9  10.6  0.33  25.1  23.3
101120250240  0.580  7.9  195.9  10.6  0.30  35.7  23.3
101120250241  0.578  8.0  195.8  10.6  0.35  25.2  23.3
101120250242  0.576  8.1  195.7  10.6  0.33  25.2  23.3
101120250243  0.573  8.1  195.3  10.6  0.30  21.8  23.3
101120250244  0.569  8.2  194.8  10.6  0.31  35.0  23.3
101120250245  0.567  8.2  195.7  10.6  0.51  25.4  23.3
101120250246  0.565  8.3  196.9  10.6  0.37  27.6  23.3
101120250247  0.563  8.3  198.2  10.6  0.36  35.7  23.3
101120250248  0.562  8.2  199.6  10.6  0.38  18.2  23.3
101120250249  0.558  8.3  199.3  10.5  0.37  31.1  23.4
101120250250  0.555  8.3  200.6  10.5  0.24  10.9  23.4
101120250251  0.552  8.2  201.6  10.5  0.30  19.7  23.4
101120250252  0.548  8.2  201.9  10.5  0.29  22.3  23.4
101120250253  0.545  8.2  203.2  10.5  0.38  26.4  23.4
101120250254  0.542  8.1  202.8  10.5  nan  nan  nan
101120250255  0.538  8.0  202.4  10.5  nan  nan  nan
101120250256  0.535  7.8  202.5  10.5  nan  nan  nan
101120250257  0.532  7.6  202.1  10.5  0.34  16.6  23.4
101120250258  0.528  7.7  200.4  10.5  0.33  19.7  23.4
101120250259  0.525  7.5  199.9  9.6  0.20  23.8  23.4
101120250300  0.523  7.4  199.7  9.4  0.24  30.0  23.4
101120250301  0.520  7.5  197.9  9.4  0.29  23.0  23.4
101120250302  0.516  7.4  196.6  9.4  0.29  15.7  23.4
101120250303  0.514  7.3  197.5  9.7  0.32  39.2  23.4
101120250304  0.512  7.4  197.6  9.7  0.25  25.5  23.4
101120250305  0.509  7.4  197.5  9.7  0.33  12.0  23.4
101120250306  0.506  7.6  197.3  9.7  0.32  21.8  23.5
101120250307  0.503  7.6  196.3  9.7  0.21  21.3  23.5
101120250308  0.499  7.6  197.0  9.7  0.21  16.4  23.5
101120250309  0.495  7.6  196.3  9.7  0.29  29.9  23.5
101120250310  0.493  7.6  195.9  9.7  0.27  28.6  23.5
101120250311  0.490  7.6  195.8  9.9  nan  nan  nan
101120250312  0.488  7.6  196.0  9.9  0.09  58.6  23.5
101120250313  0.488  7.7  194.4  9.9  nan  nan  nan
101120250314  0.486  7.5  195.1  9.9  0.42  19.4  23.5
101120250315  0.485  7.6  195.7  10.8  0.31  27.7  23.5
101120250316  0.482  7.8  195.4  10.8  nan  nan  nan
101120250317  0.480  7.7  195.4  10.8  nan  nan  nan
101120250318  0.477  7.8  194.7  11.4  nan  nan  nan
101120250319  0.474  8.0  196.0  11.4  0.30  26.0  23.6
101120250320  0.471  8.0  195.9  11.4  0.38  25.9  23.6
101120250321  0.470  7.9  195.8  11.4  0.25  31.0  23.6
101120250322  0.467  7.9  195.3  11.4  0.40  31.8  23.6
101120250323  0.463  8.1  195.5  12.3  0.31  22.1  23.6
101120250324  0.458  8.2  195.4  12.3  0.36  21.5  23.6
101120250325  0.452  8.5  195.0  12.7  0.25  33.4  23.6
101120250326  0.448  8.6  195.2  12.7  0.41  28.2  23.6
101120250327  0.443  8.9  195.6  12.7  nan  nan  nan
101120250328  0.439  8.8  195.9  12.7  0.29  29.3  23.6
101120250329  0.437  8.7  195.3  12.7  0.31  36.1  23.6
101120250330  0.432  8.8  194.1  12.7  0.35  33.5  23.6
101120250331  0.430  8.9  194.0  12.7  nan  nan  nan
101120250332  0.426  8.9  194.8  12.7  nan  nan  nan
101120250333  0.422  9.0  195.0  16.8  nan  nan  nan
101120250334  0.419  9.1  194.5  16.8  nan  nan  nan
101120250335  0.416  9.0  194.8  16.8  0.30  42.0  23.7
101120250336  0.413  9.0  194.8  16.8  0.31  33.5  23.7
101120250337  0.411  9.2  195.9  16.8  0.28  39.6  23.7
101120250338  0.408  9.5  196.5  16.8  0.44  36.3  23.7
101120250339  0.405  9.8  196.2  16.8  0.45  29.2  23.7
101120250340  0.401  9.9  197.1  16.8  nan  nan  nan
101120250341  0.397  9.8  197.3  16.8  0.40  37.7  23.7
101120250342  0.393  9.9  197.6  16.8  nan  nan  nan
101120250343  0.388  9.6  196.9  15.3  nan  nan  nan
101120250344  0.385  9.3  197.0  15.3  0.55  25.7  23.7
101120250345  0.382  9.0  196.7  15.3  0.37  43.1  23.7
101120250346  0.380  8.5  197.0  13.6  0.37  29.0  23.7
101120250347  0.380  8.1  196.4  12.0  0.37  28.8  23.7
101120250348  0.376  8.0  194.2  12.0  0.38  41.8  23.7
101120250349  0.374  7.8  194.3  11.1  0.37  35.5  23.7
101120250350  0.372  7.9  194.7  11.7  0.47  28.0  23.7
101120250351  0.369  7.9  194.6  11.7  0.42  33.4  23.7
101120250352  0.366  8.0  193.7  11.7  nan  nan  nan
101120250353  0.364  7.9  193.4  11.7  nan  nan  nan
101120250354  0.363  8.0  192.4  11.7  nan  nan  nan
101120250355  0.360  8.2  192.4  12.2  nan  nan  nan
101120250356  0.358  8.7  191.6  12.8  nan  nan  nan
101120250357  0.356  8.8  191.8  12.8  0.37  30.1  23.8
101120250358  0.355  8.7  192.4  12.8  0.43  32.2  23.8
101120250359  0.355  8.5  192.2  12.8  nan  nan  nan
101120250400  0.355  8.3  192.8  12.8  0.44  34.4  23.8
101120250401  0.355  8.3  194.0  12.8  0.45  28.4  23.8
101120250402  0.355  8.3  194.2  12.8  nan  nan  nan
101120250403  0.355  8.3  195.0  12.8  nan  nan  nan
101120250404  0.354  8.3  196.1  12.8  nan  nan  nan
101120250405  0.355  8.1  196.1  12.8  nan  nan  nan
101120250406  0.353  7.8  195.3  10.4  nan  nan  nan
101120250407  0.353  7.8  194.0  10.4  nan  nan  nan
101120250408  0.353  7.7  194.4  10.4  nan  nan  nan
101120250409  0.355  7.6  193.9  10.4  nan  nan  nan
101120250410  0.355  7.2  191.9  10.4  0.30  25.6  23.9
101120250411  0.355  6.9  190.4  10.4  0.31  35.0  23.9
101120250412  0.356  6.7  189.4  10.3  0.37  29.1  23.9
101120250413  0.355  6.7  187.8  10.3  0.40  23.4  23.9
101120250414  0.354  6.8  186.5  10.3  nan  nan  nan
101120250415  0.354  6.5  185.4  10.3  nan  nan  nan
101120250416  0.354  6.5  185.8  10.3  nan  nan  nan
101120250417  0.354  6.6  183.3  11.5  0.25  14.1  23.9
101120250418  0.353  6.7  181.2  11.5  0.23  23.0  23.9
101120250419  0.351  6.9  180.6  11.5  0.28  27.8  23.9
101120250420  0.349  7.1  181.4  11.5  0.26  29.9  23.9
101120250421  0.348  7.4  181.4  11.5  0.31  40.0  23.9
101120250422  0.347  7.5  181.1  11.5  0.34  28.0  23.9
101120250423  0.346  7.5  181.8  11.8  nan  nan  nan
101120250424  0.346  7.7  183.7  11.8  nan  nan  nan
101120250425  0.344  8.1  184.6  11.8  0.18  26.0  23.9
101120250426  0.344  8.2  185.4  11.8  0.22  26.2  23.9
101120250427  0.341  8.0  188.0  11.8  0.23  27.0  23.9
101120250428  0.341  8.1  190.1  11.8  0.31  23.4  24.0
101120250429  0.339  8.1  192.0  11.8  0.26  23.3  24.0
101120250430  0.341  8.3  192.6  11.8  0.42  17.2  24.0
101120250431  0.341  8.3  193.1  11.8  nan  nan  nan
101120250432  0.340  8.3  193.5  11.8  nan  nan  nan
101120250433  0.340  8.4  193.5  11.6  nan  nan  nan
101120250434  0.339  8.3  191.8  11.6  0.17  41.1  24.0
101120250435  0.338  8.0  191.1  11.6  0.27  28.6  24.0
101120250436  0.337  8.1  191.2  11.6  0.35  44.7  24.0
101120250437  0.337  8.3  190.7  12.7  0.31  38.2  24.0
101120250438  0.335  8.4  190.4  12.7  0.26  31.7  24.0
101120250439  0.333  8.7  189.5  12.7  nan  nan  nan
101120250440  0.331  8.8  189.0  12.7  nan  nan  nan
101120250441  0.327  9.0  188.0  12.7  0.27  26.3  24.0
101120250442  0.323  9.3  188.1  12.7  0.37  34.0  24.1
101120250443  0.320  9.5  187.6  12.7  0.33  29.4  24.1
101120250444  0.316  9.5  188.1  12.7  0.33  28.4  24.1
101120250445  0.313  9.6  189.3  12.7  0.27  32.0  24.1
101120250446  0.310  9.7  189.0  12.7  0.26  37.0  24.1
101120250447  0.307  9.6  190.2  12.6  nan  nan  nan
101120250448  0.303  9.8  190.1  12.6  0.30  29.7  24.1
101120250449  0.301  9.6  189.8  12.6  0.28  34.8  24.1
101120250450  0.299  9.3  190.3  12.6  0.27  50.0  24.1
101120250451  0.296  9.0  191.1  12.6  0.22  35.2  24.1
101120250452  0.297  8.7  191.2  12.4  0.34  26.2  24.1
101120250453  0.296  8.7  191.5  12.3  0.31  29.9  24.1
101120250454  0.295  8.8  190.5  12.3  0.31  38.2  24.1
101120250455  0.293  8.8  189.8  13.0  0.41  27.9  24.1
101120250456  0.290  8.9  190.5  13.0  0.29  36.7  24.1
101120250457  0.287  9.0  189.9  13.0  0.37  23.1  24.1
101120250458  0.283  9.1  189.9  13.3  0.46  34.5  24.1
101120250459  0.282  9.2  189.9  14.0  0.38  34.7  24.1
101120250500  0.281  9.7  189.3  15.0  nan  nan  nan
101120250501  0.279  10.3  189.0  17.9  nan  nan  nan
101120250502  0.277  10.6  187.3  17.9  0.36  37.7  24.1
101120250503  0.274  10.7  186.3  17.9  0.38  32.2  24.1
101120250504  0.269  11.0  187.3  17.9  0.39  31.8  24.1
101120250505  0.267  11.5  187.0  17.9  0.30  37.7  24.2
101120250506  0.265  11.7  186.6  17.9  0.35  52.5  24.2
101120250507  0.265  12.0  185.3  17.9  nan  nan  nan
101120250508  0.265  11.8  183.8  17.9  0.28  33.1  24.2
101120250509  0.266  12.0  183.5  17.9  0.37  33.3  24.2
101120250510  0.268  12.0  182.8  17.9  0.30  28.4  24.2
101120250511  0.269  11.9  183.2  17.4  0.32  26.8  24.2
101120250512  0.269  12.1  183.9  17.4  0.27  29.5  24.2
101120250513  0.271  12.5  184.7  17.4  nan  nan  nan
101120250514  0.272  12.5  184.6  17.4  0.34  37.9  24.2
101120250515  0.275  12.3  185.1  17.4  0.35  32.3  24.2
101120250516  0.276  12.4  185.8  17.4  0.28  30.5  24.2
101120250517  0.280  12.1  186.8  16.1  0.37  21.7  24.2
101120250518  0.282  12.3  187.5  16.1  0.25  22.1  24.2
101120250519  0.284  12.2  187.2  16.1  nan  nan  nan
101120250520  0.288  12.0  188.1  16.1  nan  nan  nan
101120250521  0.290  11.7  188.8  16.1  0.19  28.1  24.2
101120250522  0.289  11.7  191.5  16.1  0.23  32.1  24.2
101120250523  0.291  11.3  193.2  15.8  nan  nan  nan
101120250524  0.291  10.9  193.7  15.8  0.33  19.5  24.2
101120250525  0.294  10.9  193.6  15.8  0.26  14.7  24.2
101120250526  0.296  10.5  193.2  15.5  0.26  31.3  24.2
101120250527  0.300  10.8  193.7  15.5  0.18  18.5  24.2
101120250528  0.302  10.9  194.5  15.5  0.18  22.7  24.2
101120250529  0.306  11.1  195.9  15.5  0.22  11.5  24.2
101120250530  0.309  11.2  196.0  15.5  nan  nan  nan
101120250531  0.311  11.4  195.1  15.5  nan  nan  nan
101120250532  0.313  11.1  192.7  15.4  0.14  17.4  24.3
101120250533  0.314  10.9  191.0  15.4  0.18  5.7  24.3
101120250534  0.318  11.2  190.5  17.0  nan  nan  nan
101120250535  0.321  11.1  190.8  17.0  0.19  351.4  24.3
101120250536  0.324  11.3  190.2  17.0  0.13  335.1  24.3
101120250537  0.326  11.3  189.3  17.0  0.08  314.9  24.3
101120250538  0.328  11.1  187.8  17.0  0.02  318.7  24.3
101120250539  0.330  11.1  187.7  17.0  0.18  348.9  24.3
101120250540  0.331  11.3  187.3  17.0  0.11  332.7  24.3
101120250541  0.332  11.2  188.1  17.0  0.11  329.3  24.3
101120250542  0.333  11.4  188.4  17.0  nan  nan  nan
101120250543  0.336  11.6  188.7  17.0  0.03  339.7  24.3
101120250544  0.339  11.4  189.2  15.3  0.08  286.6  24.3
101120250545  0.342  11.4  189.0  15.3  nan  nan  nan
101120250546  0.342  11.3  189.4  15.3  0.07  301.5  24.3
101120250547  0.342  11.1  190.3  15.3  0.11  357.9  24.3
101120250548  0.344  11.0  191.8  15.3  0.13  1.6  24.3
101120250549  0.346  10.9  192.9  15.3  nan  nan  nan
101120250550  0.349  10.5  194.0  15.3  nan  nan  nan
101120250551  0.353  10.2  193.6  15.3  0.03  221.6  24.3
101120250552  0.357  9.8  194.8  15.3  0.09  256.8  24.3
101120250553  0.359  9.6  195.3  12.8  0.11  345.2  24.3
101120250554  0.361  9.5  194.3  13.0  0.04  311.4  24.3
101120250555  0.362  9.2  194.3  13.0  0.07  301.8  24.3
101120250556  0.363  9.2  194.4  13.0  0.11  343.9  24.3
101120250557  0.365  9.0  193.8  13.0  nan  nan  nan
101120250558  0.368  9.1  194.3  13.0  0.10  265.4  24.3
101120250559  0.370  9.2  193.4  13.0  0.11  297.2  24.3
101120250600  0.371  9.2  192.3  13.0  0.11  300.0  24.3
101120250601  0.371  9.5  191.2  13.0  0.15  244.3  24.3
101120250602  0.370  9.8  192.1  13.0  0.14  267.3  24.3
101120250603  0.370  10.0  193.4  14.7  0.12  257.5  24.3
101120250604  0.370  10.2  194.8  14.7  0.15  283.1  24.3
101120250605  0.371  10.4  195.4  14.7  0.16  259.4  24.3
101120250606  0.373  10.4  195.9  14.7  0.15  268.0  24.3
101120250607  0.375  10.4  196.8  14.7  0.19  249.2  24.3
101120250608  0.375  10.5  197.1  14.9  0.16  254.4  24.3
101120250609  0.376  10.5  197.2  14.9  0.19  261.6  24.3
101120250610  0.378  10.8  198.3  15.5  0.14  276.1  24.3
101120250611  0.378  11.0  199.4  15.5  0.19  275.9  24.3
101120250612  0.378  11.1  199.1  15.5  0.19  245.2  24.3
101120250613  0.380  11.2  198.0  16.2  0.20  284.6  24.3
101120250614  0.381  11.2  198.1  16.2  0.23  240.2  24.3
101120250615  0.382  11.0  197.6  16.2  0.20  252.7  24.3
101120250616  0.386  11.2  197.2  16.2  0.19  284.1  24.3
101120250617  0.388  11.4  196.4  16.2  0.20  253.7  24.2
101120250618  0.392  11.3  195.3  16.2  0.23  271.8  24.2
101120250619  0.394  11.4  194.9  16.2  0.17  295.7  24.2
101120250620  0.396  11.2  194.6  16.2  0.17  252.9  24.2
101120250621  0.400  11.2  194.6  16.2  0.17  254.9  24.2
101120250622  0.403  11.0  194.7  16.2  0.18  257.8  24.2
101120250623  0.406  10.7  194.9  15.0  0.22  271.4  24.2
101120250624  0.410  10.5  194.5  15.0  0.23  243.4  24.2
101120250625  0.412  10.7  194.6  15.0  0.27  271.7  24.2
101120250626  0.416  10.7  194.5  15.0  0.22  232.2  24.2
101120250627  0.419  10.6  194.6  15.0  0.16  215.6  24.2
101120250628  0.421  10.5  194.4  13.5  0.11  255.3  24.2
101120250629  0.427  10.3  193.6  13.5  0.17  210.7  24.2
101120250630  0.429  10.0  193.0  13.5  0.12  214.4  24.2
101120250631  0.432  9.8  192.1  13.5  0.16  222.5  24.2
101120250632  0.436  9.7  190.8  13.4  0.12  210.6  24.2
101120250633  0.437  9.4  190.3  13.4  0.08  214.7  24.2
101120250634  0.439  9.4  190.7  13.4  0.19  200.5  24.2
101120250635  0.439  9.3  191.0  13.4  0.14  199.6  24.2
101120250636  0.441  9.3  191.3  13.4  0.05  190.0  24.2
101120250637  0.445  9.1  191.9  13.4  0.19  200.4  24.1
101120250638  0.448  8.9  192.8  12.7  0.10  199.3  24.1
101120250639  0.452  9.1  194.5  12.7  0.14  212.2  24.1
101120250640  0.456  9.3  194.8  13.0  0.30  200.9  24.1
101120250641  0.461  9.3  194.2  13.0  0.09  233.2  24.1
101120250642  0.464  9.2  193.7  13.0  0.15  210.0  24.1
101120250643  0.470  9.4  193.2  13.0  0.03  214.8  24.0
101120250644  0.473  9.3  193.1  13.0  0.19  193.4  24.0
101120250645  0.475  9.2  192.6  13.0  0.09  205.6  24.0
101120250646  0.478  9.1  192.9  13.0  0.11  232.9  24.0
101120250647  0.481  9.0  192.5  13.0  0.20  198.7  24.0
101120250648  0.485  9.1  191.8  13.0  0.24  196.0  24.0
101120250649  0.488  8.9  191.3  13.0  0.26  177.2  24.0
101120250650  0.492  8.8  191.7  11.1  0.13  182.2  24.0
101120250651  0.495  8.6  192.7  11.1  0.14  172.8  23.9
101120250652  0.499  8.6  193.8  11.6  nan  nan  nan
101120250653  0.503  8.7  195.4  11.6  0.17  178.6  23.9
101120250654  0.508  8.9  196.3  11.6  0.10  193.2  23.9
101120250655  0.512  8.9  196.5  11.6  nan  nan  nan
101120250656  0.516  8.8  195.9  11.6  0.09  204.3  23.9
101120250657  0.521  8.9  196.4  12.5  0.14  204.0  23.9
101120250658  0.525  8.9  195.6  12.6  0.14  197.9  23.9
101120250659  0.531  8.9  195.8  12.6  nan  nan  nan
101120250700  0.536  9.0  195.2  12.6  0.24  196.6  23.9
101120250701  0.541  9.0  195.2  12.6  0.25  187.3  23.9
101120250702  0.546  9.0  195.3  13.0  0.25  196.1  23.9
101120250703  0.550  9.1  195.6  13.0  0.21  187.9  23.9
101120250704  0.555  9.2  194.1  13.0  0.11  208.1  23.8
101120250705  0.561  9.2  194.4  13.0  0.21  204.4  23.8
101120250706  0.567  9.4  195.7  13.0  0.19  212.7  23.8
101120250707  0.572  9.3  195.8  13.0  0.20  201.7  23.8
101120250708  0.577  9.3  198.2  13.0  0.14  216.2  23.8
101120250709  0.583  9.4  198.5  13.0  0.10  233.4  23.8
101120250710  0.587  9.3  198.7  13.0  0.20  209.8  23.8
101120250711  0.593  9.3  199.3  13.0  0.22  208.6  23.7
101120250712  0.598  9.3  199.6  12.9  0.26  218.5  23.7
101120250713  0.603  9.1  198.3  12.9  0.31  204.7  23.7
101120250714  0.608  8.8  199.9  12.9  0.28  193.9  23.7
101120250715  0.612  8.6  200.4  12.9  0.26  182.7  23.7
101120250716  0.615  8.3  199.3  12.9  0.28  180.8  23.7
101120250717  0.619  8.4  197.5  12.9  0.30  191.5  23.7
101120250718  0.622  8.2  194.8  12.9  0.23  188.1  23.6
101120250719  0.627  8.0  194.4  11.4  0.28  186.1  23.6
101120250720  0.631  7.8  194.4  11.4  0.14  179.3  23.6
101120250721  0.634  7.7  193.6  11.4  0.21  184.7  23.6
101120250722  0.640  7.5  191.7  11.1  0.35  186.2  23.6
101120250723  0.645  7.6  192.4  11.1  0.30  183.6  23.6
101120250724  0.650  7.8  192.0  11.4  0.34  182.5  23.6
101120250725  0.655  7.8  191.5  11.4  0.23  177.8  23.6
101120250726  0.660  7.7  192.2  11.4  0.40  181.5  23.5
101120250727  0.664  7.6  194.8  11.4  0.36  183.8  23.5
101120250728  0.669  7.6  197.4  11.4  0.38  185.1  23.5
101120250729  0.674  7.8  198.0  11.4  0.42  180.7  23.5
101120250730  0.678  8.1  198.7  11.4  0.41  177.9  23.5
101120250731  0.682  8.3  199.5  11.4  0.31  185.0  23.5
101120250732  0.687  8.3  201.0  11.4  0.25  187.4  23.5
101120250733  0.690  8.5  201.6  11.5  0.31  187.1  23.5
101120250734  0.694  8.5  200.9  11.5  0.30  186.3  23.5
101120250735  0.699  8.6  200.6  11.5  0.41  182.2  23.5
101120250736  0.703  8.9  199.3  12.7  0.34  184.1  23.5
101120250737  0.706  8.9  196.2  12.7  0.31  190.0  23.5
101120250738  0.709  8.9  194.8  12.7  0.42  190.0  23.5
101120250739  0.714  8.7  193.8  12.7  0.43  184.5  23.4
101120250740  0.719  8.6  193.0  12.7  0.41  189.5  23.4
101120250741  0.722  8.4  190.7  12.7  0.24  184.5  23.4
101120250742  0.725  8.6  189.9  12.7  0.09  203.1  23.4
101120250743  0.728  8.6  188.2  12.7  0.22  174.3  23.4
101120250744  0.732  8.6  187.2  12.7  0.31  188.6  23.4
101120250745  0.735  8.5  186.4  12.7  0.26  189.6  23.4
101120250746  0.739  8.1  186.0  12.1  0.13  187.4  23.4
101120250747  0.743  7.8  187.1  12.1  0.18  179.4  23.4
101120250748  0.747  7.5  186.0  12.1  0.49  181.5  23.4
101120250749  0.751  7.2  184.6  12.1  0.28  172.2  23.4
101120250750  0.753  6.9  180.1  12.1  0.29  180.8  23.4
101120250751  0.757  6.9  177.6  12.1  0.32  171.6  23.4
101120250752  0.761  6.8  172.8  11.8  0.34  181.5  23.4
101120250753  0.764  6.5  172.3  11.8  0.40  177.4  23.4
101120250754  0.769  6.2  168.6  11.8  0.30  190.7  23.4
101120250755  0.774  6.2  166.4  11.8  0.51  188.0  23.4
101120250756  0.779  6.4  167.8  15.5  0.34  191.6  23.4
101120250757  0.783  6.4  167.2  15.5  0.48  180.8  23.4
101120250758  0.788  6.4  169.5  15.5  0.50  189.1  23.4
101120250759  0.792  6.7  171.0  15.5  0.40  182.7  23.4
101120250800  0.797  6.7  173.5  15.5  0.48  182.5  23.4
101120250801  0.802  6.3  175.8  15.5  0.50  183.3  23.3
101120250802  0.807  5.7  179.1  15.5  0.54  176.6  23.3
101120250803  0.812  5.3  178.5  15.5  0.55  180.3  23.3
101120250804  0.816  5.6  182.0  15.5  0.63  181.1  23.3
101120250805  0.821  5.7  183.1  15.5  0.57  180.2  23.3
101120250806  0.825  5.3  179.2  11.6  0.54  185.5  23.3
101120250807  0.830  5.2  177.1  11.6  0.51  184.5  23.3
101120250808  0.835  5.3  173.2  11.6  0.44  183.5  23.3
101120250809  0.840  5.1  174.6  11.6  0.54  181.1  23.3
101120250810  0.845  5.1  177.1  11.6  0.50  178.8  23.3
101120250811  0.850  5.4  178.1  11.6  0.58  184.3  23.3
101120250812  0.855  5.8  176.9  11.8  0.38  196.2  23.3
101120250813  0.859  6.3  178.2  11.8  0.53  188.1  23.3
101120250814  0.864  6.1  173.8  11.8  0.44  189.5  23.3
101120250815  0.869  6.0  173.6  11.8  0.51  188.0  23.2
101120250816  0.873  6.1  172.2  11.8  0.56  184.5  23.2
101120250817  0.876  6.3  174.3  11.8  0.59  188.5  23.2
101120250818  0.881  6.5  177.9  13.0  0.49  186.2  23.2
101120250819  0.887  7.0  178.4  13.0  0.42  189.5  23.2
101120250820  0.893  7.2  178.5  13.0  0.42  186.5  23.2
101120250821  0.899  7.2  178.9  13.0  0.41  191.4  23.2
101120250822  0.907  7.3  182.1  13.0  0.44  195.1  23.2
101120250823  0.914  7.3  180.1  13.0  0.68  186.7  23.2
101120250824  0.921  7.3  182.0  13.0  0.22  234.6  23.2
101120250825  0.927  7.0  180.0  13.0  0.40  188.9  23.2
101120250826  0.934  7.1  182.2  13.0  0.37  195.4  23.2
101120250827  0.942  7.0  184.6  13.0  0.45  188.3  23.2
101120250828  0.949  6.7  181.6  11.3  0.46  182.9  23.2
101120250829  0.954  6.2  178.9  10.3  0.52  187.6  23.2
101120250830  0.961  5.8  175.5  10.3  0.38  184.1  23.2
101120250831  0.967  5.6  170.0  10.3  0.29  200.1  23.2
101120250832  0.974  5.4  164.8  10.3  0.34  214.9  23.2
101120250833  0.980  5.2  164.6  10.3  0.43  203.8  23.2
101120250834  0.987  5.2  167.8  10.3  0.33  199.1  23.2
101120250835  0.995  5.5  169.1  14.6  0.42  193.2  23.2
101120250836  1.000  5.0  167.0  14.6  0.41  188.9  23.2
101120250837  1.006  4.9  165.0  14.6  0.59  188.9  23.1
101120250838  1.012  4.5  164.2  14.6  0.43  194.7  23.1
101120250839  1.017  4.4  158.1  14.6  0.49  189.1  23.1
101120250840  1.023  4.3  156.9  14.6  0.54  190.0  23.1
101120250841  1.028  4.4  162.8  14.6  0.75  181.5  23.1
101120250842  1.034  4.3  164.6  14.6  0.66  186.3  23.2
101120250843  1.040  4.2  165.8  14.6  0.46  191.2  23.1
101120250844  1.044  4.0  162.0  14.6  0.58  188.8  23.1
101120250845  1.048  3.9  164.4  8.5  0.44  195.3  23.2
101120250846  1.053  4.4  167.4  9.3  0.35  193.2  23.2
101120250847  1.058  4.4  165.5  9.3  0.42  190.0  23.1
101120250848  1.061  4.6  170.5  10.0  0.41  195.2  23.1
101120250849  1.066  5.2  179.5  10.4  0.29  199.9  23.1
101120250850  1.071  5.4  181.2  10.4  0.46  190.7  23.1
101120250851  1.076  5.3  178.9  10.4  0.45  188.0  23.1
101120250852  1.082  5.6  180.1  10.4  0.47  187.2  23.1
101120250853  1.089  5.5  179.7  10.4  0.49  196.4  23.2
101120250854  1.094  5.6  178.1  10.4  0.45  192.5  23.2
101120250855  1.101  5.6  176.6  10.4  0.62  183.9  23.2
101120250856  1.108  5.5  175.1  10.4  0.62  190.2  23.2
101120250857  1.113  5.4  173.9  10.4  0.53  183.9  23.2
101120250858  1.117  5.5  170.8  10.9  0.49  189.1  23.2
101120250859  1.124  5.7  170.2  11.3  0.58  186.6  23.2
101120250900  1.128  5.8  166.8  11.3  0.49  185.4  23.2
101120250901  1.134  6.2  168.1  11.7  0.50  192.7  23.2
101120250902  1.139  6.6  168.9  12.0  0.48  194.5  23.2
101120250903  1.144  7.0  171.1  12.0  0.47  189.3  23.2
101120250904  1.149  7.6  173.4  12.9  0.40  193.6  23.2
101120250905  1.153  8.1  175.8  14.7  0.49  182.5  23.2
101120250906  1.158  8.6  179.7  14.7  0.49  187.3  23.2
101120250907  1.164  9.6  183.0  17.7  0.57  189.8  23.1
101120250908  1.169  10.1  185.4  17.7  0.35  190.0  23.1
101120250909  1.172  10.2  186.0  17.7  0.38  190.6  23.1
101120250910  1.176  11.0  191.0  17.7  0.39  188.6  23.1
101120250911  1.178  11.4  193.2  17.7  0.41  191.6  23.1
101120250912  1.182  11.6  193.9  17.7  0.42  196.8  23.1
101120250913  1.184  11.7  194.0  17.7  0.41  189.5  23.1
101120250914  1.187  11.8  196.2  17.7  0.37  191.5  23.1
101120250915  1.192  11.9  198.5  17.7  0.29  191.1  23.1
101120250916  1.196  11.8  197.9  17.7  0.42  190.5  23.1
101120250917  1.198  11.4  198.1  17.6  0.41  195.8  23.1
101120250918  1.201  11.3  197.7  17.6  0.32  208.0  23.1
101120250919  1.205  11.3  197.5  17.6  0.18  201.3  23.1
101120250920  1.208  11.1  196.5  17.6  0.32  206.0  23.1
101120250921  1.212  10.9  196.4  14.8  0.32  220.4  23.1
101120250922  1.217  10.6  196.3  14.8  0.30  215.1  23.1
101120250923  1.221  10.8  196.9  14.8  0.28  207.5  23.1
101120250924  1.226  10.6  196.4  14.8  0.28  200.2  23.1
101120250925  1.231  10.4  195.6  14.8  0.30  204.9  23.1
101120250926  1.237  10.3  196.6  14.8  0.37  196.4  23.1
101120250927  1.242  10.0  196.7  14.8  0.50  197.1  23.1
101120250928  1.246  9.2  194.7  14.8  0.42  196.1  23.1
101120250929  1.251  8.6  193.4  14.8  0.39  201.7  23.1
101120250930  1.257  8.1  189.2  13.9  0.14  193.1  23.1
101120250931  1.263  7.5  185.7  13.9  0.39  191.7  23.1
101120250932  1.269  7.3  185.0  13.9  0.33  184.6  23.1
101120250933  1.275  7.1  185.1  12.4  0.38  189.4  23.0
101120250934  1.282  6.8  182.6  14.2  0.33  188.7  23.0
101120250935  1.289  7.0  180.5  14.2  0.30  189.3  23.0
101120250936  1.295  7.2  177.9  14.2  0.42  186.3  23.0
101120250937  1.301  7.7  176.8  14.2  0.26  198.7  23.0
101120250938  1.305  8.2  180.4  14.6  0.41  188.6  23.0
101120250939  1.312  8.7  181.6  14.6  0.36  191.2  22.9
101120250940  1.317  9.0  183.9  14.6  0.39  189.4  22.9
101120250941  1.322  9.5  186.2  14.6  0.45  184.5  22.9
101120250942  1.326  9.5  185.3  14.6  0.37  200.1  22.9
101120250943  1.332  9.4  184.9  14.6  0.62  192.0  22.9
101120250944  1.335  9.7  184.2  14.6  0.46  199.2  22.9
101120250945  1.340  9.3  185.2  14.6  nan  nan  nan
101120250946  1.346  9.1  187.1  14.6  0.35  199.7  22.9
101120250947  1.350  8.9  188.8  14.6  0.38  205.9  22.9
101120250948  1.354  8.6  189.1  12.0  nan  nan  nan
101120250949  1.360  8.5  190.8  11.8  0.39  203.0  22.9
101120250950  1.366  8.3  192.3  11.8  0.42  193.7  22.9
101120250951  1.371  7.6  190.4  11.4  0.36  196.2  22.8
101120250952  1.376  7.2  190.1  11.4  0.36  191.2  22.8
101120250953  1.380  7.0  189.9  11.4  0.41  200.6  22.8
101120250954  1.385  6.6  191.0  11.0  0.35  197.2  22.8
101120250955  1.389  6.1  187.3  11.0  0.33  207.0  22.8
101120250956  1.393  5.5  182.2  11.0  0.37  201.9  22.8
101120250957  1.396  5.1  173.8  10.1  0.41  198.2  22.8
101120250958  1.400  4.7  166.8  10.1  0.38  195.0  22.8
101120250959  1.403  4.5  161.6  10.1  0.35  191.6  22.7
101120251000  1.406  4.6  154.9  10.2  0.41  184.9  22.7
101120251001  1.411  4.7  158.6  10.2  0.43  185.6  22.7
101120251002  1.414  4.7  160.6  10.2  0.32  186.6  22.7
101120251003  1.419  4.5  154.0  10.2  0.44  189.5  22.7
101120251004  1.424  4.4  149.5  10.2  0.44  189.5  22.6
101120251005  1.428  4.5  150.8  10.2  0.35  191.0  22.6
101120251006  1.433  4.6  150.0  10.2  0.41  186.2  22.6
101120251007  1.437  4.2  152.3  10.2  0.49  192.3  22.6
101120251008  1.442  4.0  156.3  10.2  0.36  192.5  22.6
101120251009  1.446  4.1  158.2  10.2  0.34  194.7  22.6
101120251010  1.451  3.6  158.1  7.9  0.34  196.9  22.6
101120251011  1.456  3.4  153.5  6.8  0.41  197.4  22.6
101120251012  1.462  3.3  152.1  6.8  0.43  200.7  22.6
101120251013  1.466  3.3  152.6  6.8  0.36  218.4  22.6
101120251014  1.471  3.3  155.5  6.8  0.29  202.5  22.6
101120251015  1.476  3.1  155.4  6.8  0.49  192.7  22.5
101120251016  1.481  2.8  160.0  5.8  0.43  200.0  22.5
101120251017  1.486  2.9  163.5  5.8  0.39  204.0  22.5
101120251018  1.491  2.8  161.7  5.8  0.35  204.6  22.5
101120251019  1.496  2.7  160.7  5.5  0.25  210.4  22.5
101120251020  1.502  2.9  166.2  6.0  0.35  198.3  22.5
101120251021  1.507  2.8  169.0  6.0  0.37  207.7  22.4
101120251022  1.512  2.7  169.2  6.0  0.31  224.3  22.4
101120251023  1.517  2.8  172.9  6.0  0.39  210.6  22.4
101120251024  1.521  2.7  176.6  6.0  0.43  207.3  22.4
101120251025  1.527  2.7  181.9  6.0  0.38  206.9  22.4
101120251026  1.531  2.9  186.6  6.0  0.44  211.9  22.4
101120251027  1.535  3.0  189.9  6.8  0.36  203.6  22.4
101120251028  1.539  3.3  191.4  6.8  0.46  203.3  22.4
101120251029  1.542  3.4  194.8  6.8  0.38  207.3  22.4
101120251030  1.546  3.7  199.8  8.2  0.34  221.5  22.4
101120251031  1.549  4.1  201.6  8.2  0.37  209.9  22.4
101120251032  1.553  4.4  202.0  8.2  0.40  217.7  22.4
101120251033  1.557  4.5  204.5  8.2  0.28  213.4  22.4
101120251034  1.560  4.6  205.2  8.2  0.38  204.0  22.3
101120251035  1.564  4.8  205.5  8.2  0.40  215.9  22.3
101120251036  1.567  5.1  205.6  8.2  0.30  209.8  22.3
101120251037  1.571  5.1  205.9  8.2  0.35  208.5  22.3
101120251038  1.573  5.0  206.0  8.2  0.35  210.6  22.3
101120251039  1.577  4.9  204.7  8.2  0.38  207.8  22.3
101120251040  1.580  4.7  203.0  8.1  0.36  214.6  22.3
101120251041  1.582  4.5  201.7  8.1  0.34  211.6  22.3
101120251042  1.585  4.0  198.4  8.1  0.33  211.5  22.3
101120251043  1.586  3.9  192.1  8.1  0.35  215.6  22.3
101120251044  1.587  4.0  185.3  8.1  0.37  208.7  22.3
101120251045  1.589  4.1  177.9  8.1  0.29  209.7  22.3
101120251046  1.590  3.8  170.9  8.1  0.38  201.9  22.3
101120251047  1.591  3.7  165.9  8.1  0.28  196.9  22.2
101120251048  1.594  3.8  161.8  8.1  0.28  203.4  22.2
101120251049  1.596  3.9  163.4  8.1  0.39  207.3  22.2
101120251050  1.598  4.2  163.5  8.2  0.30  199.5  22.2
101120251051  1.599  4.2  164.1  8.2  0.43  205.0  22.2
101120251052  1.601  4.5  167.2  8.2  0.41  207.0  22.2
101120251053  1.602  4.8  170.9  8.2  0.32  218.0  22.2
101120251054  1.603  5.1  174.7  13.1  0.38  212.0  22.2
101120251055  1.607  5.3  174.9  13.1  0.35  223.8  22.1
101120251056  1.609  5.6  177.1  13.1  0.36  208.1  22.1
101120251057  1.611  6.1  177.5  13.1  0.31  215.1  22.1
101120251058  1.614  6.3  179.2  13.1  0.29  205.0  22.1
101120251059  1.615  6.3  176.7  13.1  0.31  213.4  22.1
101120251100  1.619  6.1  175.1  13.1  0.23  222.8  22.1
101120251101  1.623  6.3  174.3  13.1  0.22  226.6  22.1
101120251102  1.627  6.4  177.0  13.1  0.21  212.1  22.1
101120251103  1.631  6.3  178.8  13.1  0.26  204.6  22.1
101120251104  1.635  6.1  180.4  10.9  0.21  230.1  22.1
101120251105  1.639  6.0  184.6  8.8  0.24  217.0  22.1
101120251106  1.642  6.1  185.2  8.8  0.29  217.8  22.0
101120251107  1.646  6.0  187.4  8.8  0.27  208.7  22.0
101120251108  1.649  5.9  189.1  8.8  0.21  224.0  22.0
101120251109  1.652  5.8  190.9  8.8  0.31  220.1  22.0
101120251110  1.656  5.8  193.2  8.1  0.28  210.7  22.0
101120251111  1.658  5.8  195.4  8.1  0.21  233.9  22.0
101120251112  1.660  5.8  194.0  9.8  0.24  221.2  22.0
101120251113  1.662  6.4  193.4  12.0  0.38  211.7  22.0
101120251114  1.666  6.5  191.2  12.0  0.26  215.0  21.9
101120251115  1.668  6.2  189.6  12.0  0.32  216.3  21.9
101120251116  1.668  6.0  185.9  12.0  0.34  212.4  21.9
101120251117  1.669  6.0  180.6  12.0  0.31  206.4  21.9
101120251118  1.668  6.1  178.2  12.0  0.39  214.9  21.9
101120251119  1.669  6.2  177.6  12.0  0.24  225.2  21.9
101120251120  1.668  6.4  177.0  12.0  0.35  212.5  21.9
101120251121  1.668  6.4  175.0  12.0  0.31  218.5  21.9
101120251122  1.669  6.2  174.3  12.0  0.20  210.0  21.8
101120251123  1.669  5.8  172.3  11.4  0.34  206.4  21.8
101120251124  1.670  5.7  173.0  9.3  0.31  212.8  21.8
101120251125  1.672  6.1  174.5  9.3  0.32  217.3  21.8
101120251126  1.675  6.0  178.3  9.3  0.26  214.8  21.8
101120251127  1.677  5.7  183.9  9.3  0.23  223.6  21.8
101120251128  1.679  5.6  186.8  9.3  0.25  214.8  21.8
101120251129  1.681  5.6  186.8  9.3  0.28  213.0  21.8
101120251130  1.683  5.7  188.5  9.3  0.32  227.8  21.7
101120251131  1.684  5.8  189.6  9.3  0.26  233.8  21.7
101120251132  1.687  5.8  189.4  9.3  0.28  228.4  21.7
101120251133  1.688  5.4  190.0  9.1  0.28  214.9  21.7
101120251134  1.687  5.3  193.1  9.1  0.16  247.1  21.7
101120251135  1.687  5.2  196.0  9.1  0.29  223.9  21.7
101120251136  1.687  5.3  196.4  9.1  0.27  234.1  21.7
101120251137  1.687  5.3  195.4  9.1  0.35  235.9  21.6
101120251138  1.687  5.2  192.4  9.1  0.34  231.8  21.6
101120251139  1.687  5.1  192.8  9.1  0.27  233.0  21.6
101120251140  1.688  4.9  191.0  8.4  0.32  230.6  21.6
101120251141  1.688  4.8  188.8  9.1  0.26  227.6  21.6
101120251142  1.689  4.9  189.7  9.1  0.33  223.5  21.6
101120251143  1.689  4.8  187.7  9.1  0.37  233.9  21.6
101120251144  1.689  4.5  181.5  9.1  0.24  231.0  21.6
101120251145  1.689  4.2  178.0  9.1  0.27  217.5  21.6
101120251146  1.689  4.3  177.7  9.1  0.18  221.2  21.6
101120251147  1.690  4.6  178.2  9.1  0.30  225.8  21.6
101120251148  1.691  4.8  180.8  9.1  0.33  224.1  21.5
101120251149  1.690  4.8  180.9  9.1  0.27  231.8  21.5
101120251150  1.690  4.9  181.9  9.1  0.25  217.6  21.5
101120251151  1.690  5.0  186.1  9.2  0.27  225.1  21.5
101120251152  1.690  5.0  187.0  9.2  0.27  217.3  21.5
101120251153  1.690  5.2  189.1  9.2  0.20  223.1  21.5
101120251154  1.690  5.6  192.6  9.2  0.32  211.5  21.5
101120251155  1.690  5.8  193.2  9.2  0.27  216.6  21.5
101120251156  1.690  5.8  192.4  9.2  0.27  203.4  21.5
101120251157  1.690  5.7  192.7  9.2  0.31  220.9  21.4
101120251158  1.689  5.6  192.5  9.2  0.21  225.2  21.4
101120251159  1.689  5.6  192.3  9.2  0.19  224.5  21.4
101120251200  1.689  5.5  190.3  9.2  0.27  222.2  21.4
101120251201  1.690  5.3  187.9  8.1  0.34  204.4  21.4
101120251202  1.691  5.4  187.5  8.1  0.29  218.1  21.4
101120251203  1.692  5.2  183.5  8.2  0.25  214.8  21.4
101120251204  1.694  5.0  181.8  8.2  0.21  222.8  21.3
101120251205  1.695  5.0  181.1  8.2  0.36  205.4  21.3
101120251206  1.695  4.5  177.3  8.2  0.22  221.9  21.3
101120251207  1.698  4.0  170.9  8.2  0.28  223.3  21.3
101120251208  1.699  3.6  163.8  8.2  0.25  229.6  21.3
101120251209  1.700  3.3  156.8  8.2  0.34  225.0  21.3
101120251210  1.701  2.8  150.4  8.2  0.33  217.5  21.3
101120251211  1.702  2.8  139.8  8.2  0.22  228.9  21.2
101120251212  1.703  2.7  128.1  8.2  0.30  223.1  21.2
101120251213  1.703  2.5  125.5  6.2  0.38  207.4  21.2
101120251214  1.701  2.7  115.3  6.2  0.30  217.6  21.2
101120251215  1.701  3.0  105.8  5.6  0.29  229.6  21.2
101120251216  1.700  3.0  104.0  5.6  0.27  214.4  21.2
101120251217  1.700  3.0  104.4  5.6  0.34  218.5  21.2
101120251218  1.699  2.9  106.5  5.6  0.21  225.2  21.2
101120251219  1.697  3.0  109.1  5.6  0.16  240.8  21.2
101120251220  1.697  3.0  115.0  5.6  0.26  215.6  21.1
101120251221  1.695  3.0  120.0  5.6  0.17  207.6  21.1
101120251222  1.693  2.9  124.6  5.6  0.23  227.4  21.1
101120251223  1.691  2.9  125.1  5.6  0.27  210.5  21.1
101120251224  1.688  2.9  131.3  5.6  0.27  208.8  21.1
101120251225  1.687  3.0  136.6  5.0  0.26  217.3  21.1
101120251226  1.683  3.1  140.6  5.0  0.20  228.2  21.1
101120251227  1.683  3.1  144.0  5.0  0.25  210.2  21.1
101120251228  1.681  3.3  144.8  5.0  0.28  211.9  21.1
101120251229  1.680  3.4  145.7  5.0  0.22  215.7  21.0
101120251230  1.680  3.5  143.1  5.5  0.24  235.3  21.0
101120251231  1.679  3.5  141.4  5.5  0.05  235.0  21.0
101120251232  1.678  3.8  138.7  5.5  0.26  218.5  21.0
101120251233  1.678  3.9  140.3  5.9  0.11  242.3  21.0
101120251234  1.678  3.8  140.1  5.9  0.19  224.8  21.0
101120251235  1.678  3.7  140.4  5.9  0.20  215.8  21.0
101120251236  1.677  3.6  140.3  5.9  0.16  215.3  20.9
101120251237  1.677  3.6  142.4  5.9  0.10  264.6  20.9
101120251238  1.676  3.6  143.1  5.9  0.15  215.3  20.9
101120251239  1.676  3.5  145.2  5.9  0.12  244.2  20.9
101120251240  1.676  3.1  147.3  5.9  0.22  218.2  20.9
101120251241  1.675  3.0  149.9  5.9  0.20  213.1  20.9
101120251242  1.674  2.8  156.9  5.9  0.13  248.7  20.9
101120251243  1.674  2.7  157.1  4.9  0.25  217.7  20.9
101120251244  1.673  2.6  152.7  5.5  0.13  242.4  20.9
101120251245  1.671  2.6  147.9  5.5  0.21  213.3  20.9
101120251246  1.670  2.8  143.1  5.7  0.22  226.3  20.8
101120251247  1.669  2.8  139.9  5.7  0.24  219.5  20.8
101120251248  1.667  2.8  138.1  5.7  0.25  202.9  20.8
101120251249  1.666  2.9  136.8  6.0  0.18  216.6  20.8
101120251250  1.666  3.5  138.4  7.9  0.08  221.7  20.8
101120251251  1.664  3.5  134.1  7.9  0.13  176.4  20.8
101120251252  1.661  3.7  127.3  7.9  0.18  183.8  20.8
101120251253  1.658  3.8  126.9  7.9  0.18  189.4  20.8
101120251254  1.655  3.8  128.3  7.9  0.13  202.5  20.8
101120251255  1.651  3.9  129.7  7.9  0.10  190.0  20.8
101120251256  1.649  3.7  128.4  7.9  nan  nan  nan
101120251257  1.646  3.7  128.8  7.9  0.18  193.7  20.8
101120251258  1.642  3.5  130.3  7.9  0.17  183.4  20.8
101120251259  1.639  3.4  128.3  7.9  0.04  168.7  20.8
101120251300  1.635  3.1  124.2  6.1  0.02  204.0  20.7
101120251301  1.631  3.2  126.0  6.1  0.10  177.6  20.7
101120251302  1.628  3.1  131.8  6.1  0.04  198.1  20.7
101120251303  1.626  2.9  130.5  6.1  0.10  193.4  20.7
101120251304  1.622  2.8  129.4  6.1  0.06  78.8  20.7
101120251305  1.619  2.7  126.1  6.1  0.13  182.9  20.7
101120251306  1.616  2.8  126.5  6.1  0.12  151.0  20.7
101120251307  1.611  2.8  120.4  6.1  0.18  176.3  20.7
101120251308  1.608  3.1  114.7  7.0  0.14  181.8  20.7
101120251309  1.606  3.1  115.3  7.0  0.16  176.0  20.6
101120251310  1.602  3.1  120.0  7.0  0.15  165.8  20.6
101120251311  1.597  3.0  123.1  7.0  0.07  145.0  20.6
101120251312  1.593  3.2  122.7  7.0  0.12  170.3  20.6
101120251313  1.589  3.3  122.9  7.0  0.05  148.4  20.6
101120251314  1.586  3.3  128.6  7.0  0.08  151.8  20.6
101120251315  1.582  3.4  135.7  7.0  0.06  203.1  20.6
101120251316  1.578  3.6  141.3  7.0  0.06  175.1  20.5
101120251317  1.575  3.8  147.0  8.2  nan  nan  nan
101120251318  1.571  4.0  154.7  8.2  0.05  177.5  20.5
101120251319  1.569  4.2  157.4  8.2  0.11  212.4  20.5
101120251320  1.565  4.3  156.3  8.2  0.06  183.1  20.5
101120251321  1.562  4.3  157.4  8.2  0.02  88.7  20.5
101120251322  1.559  4.1  157.6  8.2  0.03  140.2  20.5
101120251323  1.555  4.3  160.0  8.2  0.09  167.8  20.5
101120251324  1.553  4.2  157.6  8.2  0.08  134.9  20.5
101120251325  1.551  3.9  156.9  8.2  0.11  132.9  20.5
101120251326  1.547  3.8  151.4  8.6  0.08  71.6  20.5
101120251327  1.545  3.8  148.9  8.6  0.11  125.1  20.5
101120251328  1.543  3.6  146.2  8.6  0.09  169.6  20.5
101120251329  1.540  3.5  144.0  8.6  0.07  64.1  20.5
101120251330  1.538  3.3  142.1  8.6  0.10  149.9  20.5
101120251331  1.535  3.4  140.0  8.6  0.04  105.7  20.4
101120251332  1.533  3.5  139.9  8.6  0.09  135.4  20.4
101120251333  1.530  3.4  138.5  8.6  0.06  212.2  20.4
101120251334  1.526  3.2  138.7  8.6  0.04  46.3  20.4
101120251335  1.522  3.4  138.7  8.6  0.10  141.7  20.4
101120251336  1.519  3.1  140.8  5.7  0.13  161.5  20.4
101120251337  1.516  2.9  141.9  5.7  0.09  117.3  20.4
101120251338  1.514  2.8  141.0  5.7  0.02  170.0  20.4
101120251339  1.510  3.0  133.5  7.6  0.10  161.4  20.4
101120251340  1.508  3.1  131.7  7.6  0.02  90.5  20.4
101120251341  1.504  3.0  127.4  7.6  0.07  72.1  20.4
101120251342  1.501  2.9  123.3  7.6  0.09  131.2  20.4
101120251343  1.499  2.8  122.2  7.6  0.10  25.6  20.4
101120251344  1.496  3.2  122.9  7.6  0.11  13.9  20.4
101120251345  1.494  3.1  118.0  7.6  0.11  151.5  20.4
101120251346  1.491  3.2  118.3  7.6  0.05  164.5  20.4
101120251347  1.487  3.2  116.4  7.6  0.03  115.9  20.3
101120251348  1.483  3.3  114.6  7.6  0.03  10.0  20.3
101120251349  1.480  2.9  116.4  6.6  0.03  13.4  20.3
101120251350  1.477  2.8  110.2  6.6  nan  nan  nan
101120251351  1.473  2.8  108.6  6.6  0.02  274.8  20.3
101120251352  1.469  2.8  107.1  6.6  0.12  323.0  20.3
101120251353  1.465  2.8  100.7  6.6  nan  nan  nan
101120251354  1.461  2.9  97.2  6.6  0.06  340.3  20.3
101120251355  1.457  3.3  98.7  9.9  0.08  41.2  20.3
101120251356  1.453  3.6  100.9  9.9  0.04  348.7  20.3
101120251357  1.448  3.6  105.4  9.9  0.06  147.9  20.3
101120251358  1.442  3.6  108.2  9.9  0.09  331.9  20.3
101120251359  1.438  3.6  113.5  9.9  0.05  10.0  20.3
101120251400  1.433  3.7  125.7  9.9  0.08  17.1  20.3
101120251401  1.430  3.7  135.2  9.9  0.07  18.4  20.3
101120251402  1.426  4.1  147.6  10.6  0.06  10.0  20.3
101120251403  1.421  4.5  155.1  10.6  0.12  5.5  20.3
101120251404  1.416  4.7  161.9  10.6  0.08  352.5  20.3
101120251405  1.411  4.9  171.2  10.6  0.14  336.5  20.3
101120251406  1.407  5.2  177.6  10.6  0.08  35.3  20.2
101120251407  1.403  5.2  181.6  10.6  0.12  8.1  20.2
101120251408  1.400  5.6  184.8  10.6  0.14  358.5  20.2
101120251409  1.396  5.8  183.1  10.6  0.14  42.8  20.2
101120251410  1.392  5.7  182.2  10.6  0.14  23.1  20.2
101120251411  1.389  5.7  184.5  10.6  0.14  31.9  20.2
101120251412  1.383  5.5  184.3  8.2  0.11  3.7  20.3
101120251413  1.380  5.4  184.2  8.2  0.13  25.7  20.3
101120251414  1.376  5.3  184.4  8.2  0.06  356.4  20.3
101120251415  1.373  5.2  182.8  8.2  0.18  14.9  20.3
101120251416  1.369  5.1  184.0  8.2  0.16  8.6  20.3
101120251417  1.366  5.1  182.3  8.2  0.23  1.2  20.3
101120251418  1.362  5.0  178.3  7.9  0.12  349.2  20.3
101120251419  1.360  5.0  180.2  7.9  0.18  15.1  20.3
101120251420  1.355  5.0  181.2  7.9  0.09  345.6  20.3
101120251421  1.351  4.8  178.3  7.9  0.04  291.3  20.3
101120251422  1.346  4.6  176.2  7.9  0.23  35.1  20.3
101120251423  1.341  4.7  176.3  7.9  0.23  35.5  20.3
101120251424  1.336  4.6  175.7  7.9  0.19  34.2  20.3
101120251425  1.331  4.7  178.0  7.9  0.25  46.9  20.3
101120251426  1.326  4.7  178.0  7.9  0.22  56.8  20.4
101120251427  1.320  4.8  178.5  7.9  0.30  36.2  20.4
101120251428  1.315  4.5  179.6  7.5  0.19  52.2  20.4
101120251429  1.310  4.2  179.3  7.5  0.33  54.8  20.4
101120251430  1.303  3.9  177.5  7.5  0.28  39.4  20.4
101120251431  1.297  3.9  176.0  7.5  0.38  43.3  20.4
101120251432  1.292  3.6  172.5  7.5  0.26  51.1  20.4
101120251433  1.287  3.3  167.5  7.3  0.30  54.2  20.4
101120251434  1.280  3.3  164.1  7.3  0.26  51.6  20.4
101120251435  1.276  3.4  159.0  7.3  0.31  55.0  20.4
101120251436  1.271  3.4  153.7  7.3  0.30  39.1  20.4
101120251437  1.266  3.4  151.9  7.3  0.34  27.3  20.4
101120251438  1.260  3.6  152.6  7.3  0.28  31.3  20.5
101120251439  1.255  3.9  152.6  7.3  0.25  41.7  20.5
101120251440  1.250  4.1  154.7  7.3  0.37  18.0  20.5
101120251441  1.245  4.1  157.4  7.3  0.33  28.8  20.5
101120251442  1.242  4.2  159.7  7.3  0.23  28.6  20.5
101120251443  1.237  4.2  161.0  7.3  0.31  17.9  20.5
101120251444  1.231  4.3  162.0  7.3  0.24  23.8  20.5
101120251445  1.227  4.2  162.1  7.6  0.34  31.3  20.5
101120251446  1.222  4.1  160.6  7.6  0.35  22.9  20.5
101120251447  1.216  4.0  160.5  7.6  0.28  26.0  20.5
101120251448  1.211  4.0  162.0  7.6  0.36  21.3  20.5
101120251449  1.206  3.8  163.2  7.6  0.32  30.2  20.5
101120251450  1.200  3.8  159.0  7.6  0.25  35.0  20.6
101120251451  1.193  3.9  153.2  7.6  0.30  34.0  20.6
101120251452  1.190  4.0  150.4  7.6  0.34  27.1  20.6
101120251453  1.184  3.9  150.0  7.6  0.38  38.9  20.6
101120251454  1.180  3.6  151.0  7.6  0.25  57.2  20.7
101120251455  1.176  3.1  152.3  7.5  0.37  36.0  20.7
101120251456  1.170  2.8  153.9  7.5  0.30  47.7  20.7
101120251457  1.164  2.6  150.8  7.5  0.39  39.8  20.8
101120251458  1.160  2.5  142.4  7.5  0.36  26.3  20.8
101120251459  1.155  2.7  138.0  7.5  0.36  37.7  20.8
101120251500  1.151  2.6  136.0  7.5  0.35  28.0  20.8
101120251501  1.147  2.4  134.5  6.5  0.38  36.4  20.8
101120251502  1.143  2.4  140.9  6.5  0.45  36.6  20.8
101120251503  1.137  2.4  143.7  6.5  0.34  39.7  20.8
101120251504  1.134  2.6  142.1  6.5  0.41  36.3  20.8
101120251505  1.130  2.8  141.7  6.5  0.30  40.6  20.9
101120251506  1.124  3.0  142.5  6.5  0.46  45.5  20.9
101120251507  1.121  3.0  142.4  6.5  0.46  33.4  20.9
101120251508  1.116  3.0  140.2  6.5  0.36  49.8  20.9
101120251509  1.111  2.8  137.1  6.2  0.43  55.9  20.9
101120251510  1.106  2.6  140.6  6.2  0.49  47.6  20.9
101120251511  1.102  2.6  142.0  6.2  0.52  44.9  20.9
101120251512  1.099  2.6  139.1  6.2  0.54  48.9  20.9
101120251513  1.094  2.6  137.6  6.2  0.42  56.9  20.9
101120251514  1.091  2.9  132.1  7.6  0.45  48.3  21.0
101120251515  1.086  2.8  130.8  7.6  0.55  47.7  21.0
101120251516  1.083  2.9  134.5  7.6  0.49  46.5  21.0
101120251517  1.077  2.9  137.1  7.6  0.45  53.4  21.0
101120251518  1.073  2.8  144.7  7.6  0.40  62.6  21.0
101120251519  1.069  2.9  152.4  7.6  0.46  44.2  21.0
101120251520  1.064  3.1  151.2  7.6  0.43  62.9  21.0
101120251521  1.060  3.1  153.4  7.6  0.41  50.8  21.0
101120251522  1.055  3.1  153.4  7.6  0.49  44.9  21.0
101120251523  1.051  3.0  150.5  7.6  0.44  62.3  21.0
101120251524  1.047  2.8  154.9  6.4  0.37  57.6  21.1
101120251525  1.042  2.8  151.1  6.4  0.46  51.7  21.1
101120251526  1.036  2.8  143.8  6.4  0.42  67.1  21.1
101120251527  1.033  2.8  144.9  6.4  0.46  60.8  21.1
101120251528  1.027  2.8  144.9  6.4  0.47  51.5  21.1
101120251529  1.024  2.9  138.7  6.4  0.53  46.0  21.1
101120251530  1.019  2.9  136.3  6.4  0.46  45.3  21.1
101120251531  1.014  3.0  129.7  7.6  0.52  56.4  21.2
101120251532  1.011  3.2  125.3  7.6  0.59  45.7  21.2
101120251533  1.006  3.4  126.3  7.6  0.54  45.0  21.2
101120251534  1.002  3.5  127.9  7.6  0.47  56.5  21.2
101120251535  0.997  3.5  133.6  7.6  0.47  47.6  21.2
101120251536  0.992  3.5  138.6  7.6  0.47  53.8  21.3
101120251537  0.986  3.6  138.9  7.6  0.53  53.7  21.3
101120251538  0.982  3.7  139.3  7.6  0.56  49.0  21.3
101120251539  0.977  3.6  142.9  7.6  0.47  59.7  21.3
101120251540  0.971  3.7  146.2  7.6  0.56  65.2  21.4
101120251541  0.965  3.8  151.8  7.4  0.57  44.8  21.4
101120251542  0.961  4.0  157.9  7.4  0.48  56.5  21.4
101120251543  0.956  4.0  161.2  7.4  0.49  45.8  21.4
101120251544  0.951  4.1  160.8  7.4  0.47  52.8  21.4
101120251545  0.946  4.0  157.5  7.2  0.49  53.4  21.5
101120251546  0.941  3.9  157.8  7.2  0.45  52.7  21.5
101120251547  0.936  3.9  155.7  7.2  0.59  31.6  21.5
101120251548  0.931  3.8  155.1  7.2  0.50  50.0  21.5
101120251549  0.927  3.7  154.5  7.2  0.47  55.8  21.6
101120251550  0.921  3.8  155.2  7.2  0.50  58.6  21.6
101120251551  0.917  3.6  155.7  6.7  0.56  46.9  21.6
101120251552  0.911  3.3  154.0  5.9  0.55  54.3  21.6
101120251553  0.906  3.3  154.7  5.9  0.56  49.1  21.6
101120251554  0.901  3.3  157.9  5.9  0.52  49.0  21.6
101120251555  0.896  3.3  163.4  5.9  0.55  49.4  21.7
101120251556  0.891  3.2  161.6  5.9  0.44  62.1  21.7
101120251557  0.886  3.2  164.1  5.7  0.50  60.7  21.7
101120251558  0.880  3.2  166.1  5.7  0.49  50.5  21.7
101120251559  0.875  3.2  166.8  5.7  0.52  62.9  21.7
101120251600  0.870  3.0  166.3  5.7  0.48  57.0  21.7
101120251601  0.866  2.9  168.2  5.7  0.47  54.5  21.7
101120251602  0.861  2.9  170.5  5.7  0.57  49.4  21.7
101120251603  0.858  2.9  170.4  5.7  0.53  50.4  21.8
101120251604  0.854  2.8  172.9  5.7  0.52  58.9  21.8
101120251605  0.849  2.8  168.6  5.7  0.51  63.1  21.8
101120251606  0.844  2.8  168.8  5.7  0.43  52.4  21.8
101120251607  0.840  2.7  166.4  5.9  0.47  71.8  21.8
101120251608  0.836  2.6  165.4  5.9  0.47  73.0  21.8
101120251609  0.831  2.8  160.2  6.5  0.47  52.2  21.8
101120251610  0.824  3.0  158.7  6.5  0.45  87.5  21.8
101120251611  0.820  3.1  159.5  6.5  0.51  53.5  21.8
101120251612  0.815  3.0  156.8  6.5  0.61  58.2  21.8
101120251613  0.810  3.1  157.7  6.5  0.53  55.0  21.8
101120251614  0.805  3.1  153.1  6.5  0.61  44.6  21.8
101120251615  0.800  3.0  158.5  6.5  0.53  49.8  21.8
101120251616  0.794  3.1  161.8  6.5  0.44  65.1  21.8
101120251617  0.789  3.1  168.6  6.5  0.58  44.4  21.9
101120251618  0.782  3.3  171.6  6.5  0.44  62.0  21.9
101120251619  0.776  3.1  178.0  5.4  0.47  49.7  21.9
101120251620  0.771  3.1  184.3  5.4  0.51  58.1  21.9
101120251621  0.765  3.4  188.5  7.1  0.55  54.0  21.9
101120251622  0.760  3.7  191.6  7.1  0.44  63.2  21.9
101120251623  0.755  4.0  194.9  7.1  0.52  49.3  21.9
101120251624  0.751  4.3  196.7  7.1  0.49  56.8  21.9
101120251625  0.746  4.6  197.5  7.1  0.57  39.6  21.9
101120251626  0.741  4.7  199.0  7.1  0.44  49.1  21.9
101120251627  0.734  4.7  200.6  7.1  0.43  57.5  21.9
101120251628  0.729  4.8  202.2  7.1  0.49  50.7  21.9
101120251629  0.724  4.9  203.2  7.1  0.41  61.7  21.9
101120251630  0.719  4.9  203.2  7.1  0.52  49.7  21.9
101120251631  0.715  4.7  202.9  7.1  0.50  47.4  21.9
101120251632  0.712  4.6  202.7  7.1  0.48  52.7  21.9
101120251633  0.708  4.2  202.0  6.4  0.54  49.9  22.0
101120251634  0.703  3.9  201.3  6.4  0.50  60.1  22.0
101120251635  0.699  3.5  198.2  6.3  0.43  76.6  22.0
101120251636  0.693  3.0  193.9  5.3  0.48  59.1  22.0
101120251637  0.689  2.8  186.9  5.3  0.40  60.7  22.0
101120251638  0.686  2.6  175.3  6.3  0.48  54.3  22.0
101120251639  0.682  2.5  169.8  6.3  0.40  64.2  22.0
101120251640  0.676  2.5  164.7  6.3  0.63  40.8  22.0
101120251641  0.672  2.5  160.4  6.3  0.42  53.1  22.0
101120251642  0.667  2.5  156.7  6.3  0.41  68.9  22.0
101120251643  0.661  2.7  158.6  6.3  0.47  46.6  22.1
101120251644  0.655  3.0  159.9  7.9  0.44  69.2  22.1
101120251645  0.651  3.2  161.0  7.9  0.47  51.3  22.1
101120251646  0.646  3.4  164.3  7.9  0.47  61.7  22.1
101120251647  0.642  3.6  166.9  7.9  0.52  44.5  22.1
101120251648  0.637  3.7  171.6  7.9  0.41  48.3  22.1
101120251649  0.631  3.8  173.1  7.9  0.56  41.8  22.1
101120251650  0.627  3.8  172.6  7.9  0.47  57.2  22.1
101120251651  0.621  3.7  167.1  7.9  0.57  46.5  22.1
101120251652  0.616  3.5  165.5  7.9  0.41  77.4  22.1
101120251653  0.612  3.5  160.0  7.9  0.52  59.2  22.2
101120251654  0.607  3.3  154.1  6.8  0.51  45.6  22.2
101120251655  0.603  3.1  150.2  6.8  0.58  42.7  22.2
101120251656  0.599  3.0  143.4  6.8  0.39  66.1  22.2
101120251657  0.594  3.2  137.0  6.8  0.53  53.1  22.2
101120251658  0.590  3.2  134.2  6.8  0.44  64.9  22.2
101120251659  0.586  3.2  130.8  6.8  0.50  52.5  22.2
101120251700  0.581  3.3  131.8  6.8  0.48  49.4  22.2
101120251701  0.576  3.1  136.5  6.8  0.53  51.2  22.3
101120251702  0.573  3.2  137.1  6.8  0.51  44.1  22.3
101120251703  0.568  3.1  140.4  5.6  0.47  51.3  22.3
101120251704  0.562  3.2  142.0  6.6  0.51  54.7  22.3
101120251705  0.560  3.1  147.2  6.6  0.58  46.8  22.3
101120251706  0.556  3.1  153.4  6.6  0.46  66.0  22.3
101120251707  0.552  3.1  157.9  6.6  0.43  79.6  22.3
101120251708  0.550  3.2  161.8  6.6  0.51  44.1  22.3
101120251709  0.547  3.4  166.9  6.6  0.45  54.0  22.3
101120251710  0.543  3.4  168.2  6.6  0.64  46.8  22.3
101120251711  0.541  3.4  168.1  6.6  0.57  41.9  22.4
101120251712  0.539  3.5  168.0  6.6  0.44  56.8  22.4
101120251713  0.536  3.5  171.2  6.6  0.45  56.1  22.4
101120251714  0.535  3.3  179.1  6.2  0.48  58.9  22.4
101120251715  0.532  3.3  181.2  6.2  0.40  68.1  22.4
101120251716  0.529  3.3  186.9  6.2  0.49  59.3  22.4
101120251717  0.528  3.5  193.4  6.8  0.56  48.4  22.4
101120251718  0.526  3.8  197.1  7.8  0.52  51.4  22.4
101120251719  0.521  4.0  197.7  7.8  0.53  58.3  22.4
101120251720  0.519  4.5  203.3  10.3  0.49  57.4  22.4
101120251721  0.516  5.4  207.1  11.6  0.46  43.7  22.4
101120251722  0.513  6.2  209.1  11.6  0.54  56.7  22.4
101120251723  0.510  7.0  208.2  12.6  0.41  61.1  22.4
101120251724  0.507  7.8  206.5  12.6  0.49  47.5  22.5
101120251725  0.503  8.6  204.9  12.9  0.57  59.4  22.5
101120251726  0.500  9.3  203.2  14.0  nan  nan  nan
101120251727  0.495  10.4  203.1  17.0  0.47  62.2  22.5
101120251728  0.489  11.2  202.6  18.3  0.50  52.2  22.5
101120251729  0.486  11.7  202.0  18.3  0.43  49.4  22.5
101120251730  0.481  12.3  200.4  18.3  0.52  49.0  22.5
101120251731  0.476  12.9  199.3  20.3  0.46  54.3  22.5
101120251732  0.474  13.4  198.3  20.3  0.57  41.9  22.5
101120251733  0.471  13.5  198.0  20.3  0.56  47.3  22.5
101120251734  0.467  13.5  197.4  20.3  0.45  62.9  22.5
101120251735  0.461  13.5  196.5  20.3  0.52  56.1  22.5
101120251736  0.457  13.0  195.5  20.3  0.47  48.6  22.6
101120251737  0.454  12.1  193.6  20.3  0.47  51.6  22.6
101120251738  0.452  11.3  192.2  20.3  0.62  44.9  22.6
101120251739  0.449  10.7  191.4  20.3  0.48  60.3  22.6
101120251740  0.447  9.8  190.0  20.3  0.54  48.2  22.6
101120251741  0.444  8.5  187.3  15.9  0.41  69.9  22.6
101120251742  0.442  7.6  184.6  14.8  0.46  47.2  22.6
101120251743  0.440  6.7  180.4  13.6  0.46  54.7  22.6
101120251744  0.438  5.8  176.5  13.6  0.48  65.0  22.6
101120251745  0.436  5.1  174.4  11.5  0.56  42.1  22.6
101120251746  0.434  5.0  176.0  9.3  0.53  52.3  22.6
101120251747  0.431  4.6  176.0  9.1  0.50  46.6  22.6
101120251748  0.428  4.4  174.1  9.1  0.47  47.7  22.6
101120251749  0.425  4.1  174.7  9.1  0.39  58.6  22.6
101120251750  0.422  4.0  175.4  9.1  0.48  52.4  22.6
101120251751  0.418  4.4  177.2  9.1  0.40  51.6  22.6
101120251752  0.414  4.5  179.6  9.1  0.52  48.2  22.6
101120251753  0.410  4.6  182.5  9.1  0.51  40.0  22.6
101120251754  0.405  4.9  182.9  9.1  0.51  42.3  22.6
101120251755  0.400  4.9  180.7  9.1  0.41  52.7  22.6
101120251756  0.395  4.7  176.3  8.3  0.48  46.1  22.7
101120251757  0.389  5.0  171.1  8.3  0.45  52.0  22.7
101120251758  0.384  5.1  169.6  8.3  0.45  50.3  22.7
101120251759  0.379  5.3  169.0  8.3  0.51  51.9  22.7
101120251800  0.374  5.5  166.7  8.3  0.58  44.4  22.7
101120251801  0.370  5.3  164.6  8.3  0.43  61.7  22.7
101120251802  0.365  5.3  162.4  8.3  0.50  58.2  22.7
101120251803  0.360  5.6  161.4  9.3  0.57  47.5  22.7
101120251804  0.356  5.9  161.2  10.1  0.50  56.6  22.7
101120251805  0.351  6.1  163.7  10.5  0.50  53.7  22.7
101120251806  0.347  6.0  163.5  10.5  0.47  60.4  22.7
101120251807  0.344  6.1  164.0  11.5  0.47  54.2  22.7
101120251808  0.340  6.0  167.1  11.5  0.59  50.0  22.7
101120251809  0.336  5.8  165.8  11.5  0.49  61.3  22.7
101120251810  0.332  6.0  166.7  11.5  0.58  47.1  22.7
101120251811  0.328  5.8  166.7  11.5  0.49  53.5  22.8
101120251812  0.326  5.7  167.7  11.5  0.44  46.0  22.8
101120251813  0.322  5.4  169.0  11.5  0.53  53.2  22.8
101120251814  0.320  5.1  169.2  11.5  0.55  48.8  22.8
101120251815  0.317  4.8  168.1  11.5  0.47  66.8  22.8
101120251816  0.315  4.6  169.7  11.5  0.47  52.0  22.8
101120251817  0.312  4.2  172.6  9.6  0.48  57.8  22.8
101120251818  0.311  4.0  169.9  9.6  0.52  50.4  22.8
101120251819  0.308  3.9  168.1  9.6  0.45  49.4  22.8
101120251820  0.305  3.7  165.8  7.2  0.48  46.7  22.8
101120251821  0.303  3.6  166.0  7.2  0.62  40.8  22.8
101120251822  0.302  3.6  167.7  7.2  0.50  49.7  22.8
101120251823  0.301  3.5  168.1  7.2  0.60  38.5  22.8
101120251824  0.300  3.5  172.5  7.2  0.49  58.4  22.8
101120251825  0.299  3.5  174.8  7.2  0.49  48.2  22.9
101120251826  0.297  3.5  174.4  7.2  0.43  60.7  22.9
101120251827  0.296  3.6  176.5  7.2  0.46  59.5  22.9
101120251828  0.294  3.8  179.2  7.2  0.49  51.0  22.9
101120251829  0.292  3.9  185.5  6.7  0.49  52.7  22.9
101120251830  0.292  3.8  190.5  6.2  0.50  46.6  22.9
101120251831  0.290  4.1  193.6  8.3  0.45  65.6  22.9
101120251832  0.290  4.3  194.2  8.3  0.49  47.8  22.9
101120251833  0.290  4.6  195.9  8.3  0.50  56.7  22.9
101120251834  0.289  4.7  195.0  8.3  0.51  54.7  22.9
101120251835  0.288  4.8  195.5  8.3  0.56  44.3  22.9
101120251836  0.288  5.2  193.9  8.3  0.52  46.7  22.9
101120251837  0.288  5.2  193.2  8.3  0.41  57.5  22.9
101120251838  0.287  5.1  190.4  8.3  0.44  57.7  22.9
101120251839  0.286  5.0  188.2  8.3  0.50  48.3  23.0
101120251840  0.286  5.1  185.3  8.3  0.53  51.0  23.0
101120251841  0.286  5.0  183.1  8.2  0.43  58.5  23.0
101120251842  0.285  4.9  180.3  8.2  0.47  62.3  23.0
101120251843  0.285  4.8  176.3  8.2  0.42  58.7  23.0
101120251844  0.284  4.7  172.8  8.2  0.42  62.4  23.0
101120251845  0.284  4.5  170.3  8.2  0.52  59.9  23.0
101120251846  0.283  4.2  168.8  8.1  0.47  58.3  23.0
101120251847  0.283  4.0  166.3  8.1  0.48  57.5  23.0
101120251848  0.282  3.9  164.7  8.1  0.44  69.6  23.0
101120251849  0.282  3.9  161.2  8.1  0.39  64.2  23.0
101120251850  0.283  3.8  159.7  8.1  0.47  50.8  23.0
101120251851  0.282  3.8  155.7  8.1  0.43  63.6  23.1
101120251852  0.281  3.7  153.4  8.1  0.48  58.0  23.1
101120251853  0.281  3.5  152.8  6.0  0.47  53.5  23.1
101120251854  0.281  3.5  153.5  5.5  0.43  64.4  23.1
101120251855  0.281  3.6  151.2  6.6  0.36  70.5  23.1
101120251856  0.282  3.6  150.9  6.6  0.47  55.0  23.1
101120251857  0.281  3.6  152.7  6.6  0.42  58.8  23.1
101120251858  0.283  3.5  157.0  6.6  0.49  56.5  23.1
101120251859  0.284  3.6  161.0  6.6  0.44  66.7  23.1
101120251900  0.285  3.6  161.9  6.6  0.40  58.0  23.1
101120251901  0.286  3.8  163.4  8.9  0.34  71.4  23.1
101120251902  0.287  4.0  163.5  8.9  0.32  70.9  23.1
101120251903  0.288  4.0  161.5  8.9  0.35  66.9  23.1
101120251904  0.287  3.9  158.7  8.9  0.35  65.5  23.1
101120251905  0.289  3.8  159.8  8.9  0.38  59.0  23.1
101120251906  0.289  3.9  159.6  8.9  0.36  55.9  23.1
101120251907  0.289  4.1  159.6  8.9  0.33  73.1  23.2
101120251908  0.290  4.3  157.1  8.9  0.37  61.1  23.2
101120251909  0.292  4.6  154.3  8.9  0.34  70.7  23.2
101120251910  0.294  4.7  153.1  8.9  0.43  56.8  23.2
101120251911  0.295  4.6  152.0  8.9  0.35  59.7  23.2
101120251912  0.295  4.4  150.9  8.9  0.33  56.4  23.2
101120251913  0.294  4.4  147.2  8.9  0.33  55.9  23.2
101120251914  0.293  4.5  145.2  8.9  0.34  66.8  23.2
101120251915  0.294  4.4  143.1  8.9  0.33  62.9  23.2
101120251916  0.294  4.3  143.4  8.9  0.30  75.3  23.2
101120251917  0.292  3.9  141.8  8.9  0.30  63.1  23.2
101120251918  0.294  3.6  135.0  8.9  0.38  49.4  23.2
101120251919  0.295  3.0  126.3  7.8  0.27  66.5  23.2
101120251920  0.295  2.6  118.7  7.8  0.39  65.7  23.2
101120251921  0.295  2.4  113.9  7.8  0.34  60.6  23.2
101120251922  0.296  2.0  106.3  7.8  0.45  37.0  23.2
101120251923  0.297  1.5  108.9  7.8  0.40  49.5  23.2
101120251924  0.296  1.0  112.0  7.1  0.42  42.5  23.3
101120251925  0.296  0.8  113.0  7.1  0.29  57.4  23.3
101120251926  0.294  0.5  102.1  7.1  0.35  35.3  23.3
101120251927  0.293  0.8  122.1  7.1  0.27  51.2  23.3
101120251928  0.292  1.2  152.5  8.0  0.49  33.2  23.3
101120251929  0.291  1.6  171.8  8.0  0.37  31.6  23.3
101120251930  0.291  1.9  176.9  8.0  0.32  37.8  23.3
101120251931  0.288  2.2  186.8  8.0  0.39  33.0  23.3
101120251932  0.287  2.8  180.3  8.2  0.40  37.4  23.3
101120251933  0.285  2.8  181.6  8.2  0.38  35.7  23.3
101120251934  0.285  2.7  184.9  8.2  0.26  39.7  23.3
101120251935  0.284  2.9  182.8  8.2  0.36  25.7  23.3
101120251936  0.284  3.0  180.7  8.2  0.22  54.6  23.3
101120251937  0.284  2.6  181.1  8.2  nan  nan  nan
101120251938  0.285  2.3  182.9  8.2  0.40  24.2  23.3
101120251939  0.285  2.3  180.2  8.2  0.22  42.5  23.3
101120251940  0.286  2.5  172.0  8.2  0.31  27.2  23.3
101120251941  0.287  2.5  161.5  8.2  nan  nan  nan
101120251942  0.289  2.4  161.1  7.3  0.18  36.0  23.3
101120251943  0.292  2.8  155.0  7.3  0.21  37.5  23.3
101120251944  0.294  3.2  151.3  7.3  0.21  40.7  23.4
101120251945  0.296  3.4  149.7  7.3  0.22  25.2  23.4
101120251946  0.296  3.5  150.5  7.3  0.26  41.7  23.4
101120251947  0.298  3.9  153.9  7.3  0.37  21.9  23.4
101120251948  0.299  3.9  155.2  7.3  0.27  28.3  23.4
101120251949  0.300  3.8  153.4  7.3  0.20  30.9  23.4
101120251950  0.301  3.5  157.8  6.2  0.21  11.1  23.4
101120251951  0.301  3.4  159.2  6.2  0.30  20.6  23.4
101120251952  0.302  3.4  161.4  6.2  0.24  29.6  23.4
101120251953  0.302  3.2  164.8  5.5  nan  nan  nan
101120251954  0.302  3.0  168.8  5.5  0.26  12.5  23.3
101120251955  0.302  3.0  170.4  5.4  0.25  16.1  23.4
101120251956  0.303  3.1  173.7  5.4  0.28  30.1  23.3
101120251957  0.305  3.0  174.0  5.4  0.21  15.8  23.3
101120251958  0.307  3.0  174.6  5.4  nan  nan  nan
101120251959  0.310  3.2  178.8  5.4  nan  nan  nan
101120252000  0.310  3.5  179.2  7.6  0.28  14.0  23.4
101120252001  0.311  3.9  183.6  8.7  0.20  25.6  23.4
101120252002  0.313  4.3  184.4  8.7  0.12  350.7  23.4
101120252003  0.313  4.7  185.6  8.7  0.14  11.6  23.4
101120252004  0.316  5.1  184.7  8.7  0.26  9.6  23.4
101120252005  0.320  5.6  189.1  9.9  0.09  11.2  23.4
101120252006  0.322  5.9  189.9  9.9  0.20  18.5  23.4
101120252007  0.324  6.3  190.3  9.9  0.30  1.0  23.4
101120252008  0.324  6.7  190.3  9.9  0.08  356.3  23.4
101120252009  0.325  6.9  190.8  9.9  0.16  352.8  23.4
101120252010  0.328  6.9  191.2  9.9  0.16  348.3  23.4
101120252011  0.331  6.9  190.0  9.9  0.26  6.2  23.4
101120252012  0.333  7.0  190.1  9.9  0.21  10.5  23.4
101120252013  0.337  7.0  190.7  9.9  0.12  11.8  23.4
101120252014  0.342  7.1  191.6  9.9  nan  nan  nan
101120252015  0.346  7.0  190.4  9.2  nan  nan  nan
101120252016  0.350  6.9  190.1  9.2  nan  nan  nan
101120252017  0.355  7.0  191.4  9.2  nan  nan  nan
101120252018  0.359  7.0  192.5  9.2  0.16  350.9  23.4
101120252019  0.366  7.2  192.9  9.2  nan  nan  nan
101120252020  0.370  7.4  194.1  10.5  0.14  332.2  23.4
101120252021  0.374  7.5  196.1  10.5  0.15  345.1  23.4
101120252022  0.378  7.5  198.7  10.5  0.14  329.5  23.4
101120252023  0.384  7.7  201.1  10.5  0.13  340.0  23.4
101120252024  0.388  7.8  202.7  10.5  0.11  350.6  23.4
101120252025  0.391  7.9  204.5  10.5  0.08  316.6  23.4
101120252026  0.396  7.9  206.5  10.5  nan  nan  nan
101120252027  0.400  7.8  207.2  10.5  nan  nan  nan
101120252028  0.403  7.9  208.8  10.5  nan  nan  nan
101120252029  0.406  7.8  210.5  10.5  nan  nan  nan
101120252030  0.410  7.7  210.1  10.2  0.11  329.2  23.4
101120252031  0.413  7.5  208.5  10.2  nan  nan  nan
101120252032  0.417  7.2  206.2  10.2  0.18  347.9  23.4
101120252033  0.420  6.8  203.5  9.1  0.02  10.0  23.4
101120252034  0.423  6.5  200.6  9.1  0.18  338.2  23.4
101120252035  0.426  6.4  196.9  9.1  nan  nan  nan
101120252036  0.426  6.4  194.3  9.1  0.11  281.0  23.4
101120252037  0.428  6.4  191.7  9.1  0.12  8.2  23.4
101120252038  0.431  6.3  189.1  8.4  nan  nan  nan
101120252039  0.435  6.2  186.0  8.4  nan  nan  nan
101120252040  0.437  6.0  185.4  8.4  0.10  339.8  23.4
101120252041  0.438  5.9  186.1  8.4  nan  nan  nan
101120252042  0.439  6.0  187.8  8.4  0.08  2.1  23.5
101120252043  0.441  6.0  189.0  8.4  nan  nan  nan
101120252044  0.443  6.1  191.2  8.4  nan  nan  nan
101120252045  0.444  6.0  192.5  8.4  nan  nan  nan
101120252046  0.446  5.8  193.0  8.1  0.07  242.5  23.5
101120252047  0.447  5.8  195.0  8.1  0.05  342.4  23.5
101120252048  0.449  5.5  196.0  8.1  0.10  3.4  23.5
101120252049  0.451  5.4  196.2  8.1  0.05  19.5  23.5
101120252050  0.453  5.2  196.5  8.1  nan  nan  nan
101120252051  0.456  4.9  195.5  8.1  nan  nan  nan
101120252052  0.457  4.7  194.7  7.6  nan  nan  nan
101120252053  0.459  4.7  194.2  7.6  0.06  329.0  23.5
101120252054  0.459  4.4  192.9  7.3  0.04  230.6  23.5
101120252055  0.460  4.4  192.9  6.8  0.10  345.5  23.5
101120252056  0.461  4.3  191.8  6.2  nan  nan  nan
101120252057  0.462  4.2  190.3  6.1  0.03  174.1  23.5
101120252058  0.464  4.2  189.6  6.1  0.02  30.0  23.5
101120252059  0.466  4.3  189.8  6.1  0.03  10.0  23.5
101120252100  0.468  4.4  189.6  6.1  0.11  354.1  23.5
101120252101  0.472  4.5  190.2  6.1  nan  nan  nan
101120252102  0.475  4.5  190.6  6.1  nan  nan  nan
101120252103  0.478  4.6  191.1  6.9  nan  nan  nan
101120252104  0.481  4.8  192.4  6.9  nan  nan  nan
101120252105  0.485  4.8  192.6  6.9  nan  nan  nan
101120252106  0.489  5.0  194.0  7.8  nan  nan  nan
101120252107  0.494  5.2  194.2  7.8  0.07  177.5  23.5
101120252108  0.497  5.5  195.8  8.2  nan  nan  nan
101120252109  0.501  5.8  196.7  8.2  nan  nan  nan
101120252110  0.503  6.0  197.8  8.2  0.04  65.5  23.5
101120252111  0.506  6.3  199.2  8.2  nan  nan  nan
101120252112  0.509  6.6  200.2  8.4  nan  nan  nan
101120252113  0.511  6.8  200.6  8.9  nan  nan  nan
101120252114  0.514  7.0  200.9  8.9  nan  nan  nan
101120252115  0.516  7.1  201.0  8.9  nan  nan  nan
101120252116  0.517  7.0  200.3  8.9  nan  nan  nan
101120252117  0.519  6.8  199.6  8.9  nan  nan  nan
101120252118  0.520  6.7  199.0  8.9  0.08  261.1  23.5
101120252119  0.522  6.6  199.3  8.9  0.11  230.1  23.5
101120252120  0.523  6.6  199.9  8.9  nan  nan  nan
101120252121  0.527  6.4  199.0  8.9  nan  nan  nan
101120252122  0.528  6.1  198.4  8.9  nan  nan  nan
101120252123  0.532  5.9  198.5  7.9  nan  nan  nan
101120252124  0.533  5.8  199.4  8.0  nan  nan  nan
101120252125  0.536  5.7  199.5  8.0  nan  nan  nan
101120252126  0.538  5.5  200.1  8.0  nan  nan  nan
101120252127  0.541  5.6  201.7  8.0  nan  nan  nan
101120252128  0.545  5.5  201.5  8.0  0.19  204.2  23.4
101120252129  0.548  5.5  201.4  8.0  nan  nan  nan
101120252130  0.550  5.4  201.6  8.0  nan  nan  nan
101120252131  0.552  5.6  204.9  8.0  nan  nan  nan
101120252132  0.555  5.7  206.5  8.0  nan  nan  nan
101120252133  0.558  5.5  207.2  8.0  nan  nan  nan
101120252134  0.562  5.3  206.0  7.6  nan  nan  nan
101120252135  0.566  5.2  205.3  7.6  nan  nan  nan
101120252136  0.570  5.3  203.8  7.6  0.17  220.6  23.2
101120252137  0.574  5.1  202.0  7.6  nan  nan  nan
101120252138  0.578  4.9  200.7  7.6  0.24  207.4  23.2
101120252139  0.582  4.8  199.2  7.6  nan  nan  nan
101120252140  0.587  4.5  197.9  7.6  nan  nan  nan
101120252141  0.592  4.2  195.2  6.6  nan  nan  nan
101120252142  0.597  3.8  195.0  6.2  nan  nan  nan
101120252143  0.603  3.7  195.6  6.2  nan  nan  nan
101120252144  0.607  3.7  196.9  6.2  nan  nan  nan
101120252145  0.612  3.5  202.2  5.9  nan  nan  nan
101120252146  0.618  3.4  210.0  5.5  nan  nan  nan
101120252147  0.622  3.3  211.2  5.5  nan  nan  nan
101120252148  0.627  3.1  213.0  5.5  nan  nan  nan
101120252149  0.632  3.0  212.1  5.5  nan  nan  nan
101120252150  0.636  3.0  208.5  5.5  nan  nan  nan
101120252151  0.638  2.9  208.2  5.5  nan  nan  nan
101120252152  0.643  3.1  207.3  5.5  nan  nan  nan
101120252153  0.646  3.1  204.2  5.5  nan  nan  nan
101120252154  0.650  3.1  201.7  5.5  nan  nan  nan
101120252155  0.652  3.1  198.7  5.4  nan  nan  nan
101120252156  0.655  3.3  195.0  6.6  nan  nan  nan
101120252157  0.658  3.4  198.0  6.6  nan  nan  nan
101120252158  0.660  3.7  200.7  6.6  0.15  254.4  23.0
101120252159  0.662  3.8  204.4  6.6  nan  nan  nan
101120252200  0.663  3.8  210.8  6.6  nan  nan  nan
101120252201  0.666  4.0  214.1  6.6  nan  nan  nan
101120252202  0.670  4.1  217.5  7.4  0.19  215.0  22.9
101120252203  0.672  4.2  218.8  7.4  nan  nan  nan
101120252204  0.675  4.2  220.5  7.4  nan  nan  nan
101120252205  0.677  4.1  220.0  7.4  0.18  211.8  22.9
101120252206  0.679  4.1  220.6  7.4  0.19  184.0  22.9
101120252207  0.680  4.1  218.8  7.6  nan  nan  nan
101120252208  0.682  3.8  217.9  7.6  0.11  217.0  22.9
101120252209  0.685  3.8  215.1  7.6  nan  nan  nan
101120252210  0.687  3.9  214.7  7.6  0.22  200.2  22.9
101120252211  0.689  4.0  208.5  7.6  nan  nan  nan
101120252212  0.691  4.0  204.2  7.6  0.13  194.3  22.9
101120252213  0.692  3.9  205.0  7.6  0.20  207.2  22.9
101120252214  0.697  4.2  207.5  7.6  nan  nan  nan
101120252215  0.699  4.5  209.5  7.6  nan  nan  nan
101120252216  0.701  4.7  210.8  7.6  nan  nan  nan
101120252217  0.704  4.8  213.5  7.5  nan  nan  nan
101120252218  0.707  5.3  214.0  8.2  nan  nan  nan
101120252219  0.710  5.6  216.0  8.2  nan  nan  nan
101120252220  0.712  5.8  213.9  8.2  0.27  169.9  22.8
101120252221  0.717  5.9  215.8  8.2  nan  nan  nan
101120252222  0.719  5.8  214.4  8.2  nan  nan  nan
101120252223  0.721  5.9  212.0  8.2  0.42  176.2  22.8
101120252224  0.723  5.7  209.9  8.2  0.22  167.1  22.8
101120252225  0.727  5.4  207.9  8.2  nan  nan  nan
101120252226  0.730  5.1  206.3  8.2  nan  nan  nan
101120252227  0.733  4.9  205.2  8.2  nan  nan  nan
101120252228  0.737  4.5  204.5  7.9  nan  nan  nan
101120252229  0.739  4.1  204.1  7.1  0.29  173.6  22.7
101120252230  0.742  3.9  205.2  7.1  0.29  183.9  22.7
101120252231  0.742  3.6  205.5  5.9  nan  nan  nan
101120252232  0.744  3.6  208.5  5.9  nan  nan  nan
101120252233  0.746  3.3  211.2  5.1  nan  nan  nan
101120252234  0.746  3.3  213.4  5.7  nan  nan  nan
101120252235  0.746  3.3  218.4  5.7  nan  nan  nan
101120252236  0.746  3.3  221.2  5.7  nan  nan  nan
101120252237  0.746  3.2  221.4  5.7  0.32  174.9  22.6
101120252238  0.746  3.2  223.8  5.7  nan  nan  nan
101120252239  0.746  3.0  221.9  5.7  0.25  175.9  22.6
101120252240  0.747  2.7  221.9  5.7  nan  nan  nan
101120252241  0.748  2.5  221.4  5.7  0.22  172.9  22.6
101120252242  0.751  2.3  222.1  5.7  0.20  168.7  22.6
101120252243  0.752  2.2  219.5  5.7  0.03  116.4  22.6
101120252244  0.753  2.1  220.0  5.0  nan  nan  nan
101120252245  0.755  1.9  216.4  4.7  nan  nan  nan
101120252246  0.756  1.8  212.6  4.7  nan  nan  nan
101120252247  0.758  1.7  212.7  4.7  nan  nan  nan
101120252248  0.761  1.7  209.6  4.7  0.16  164.1  22.5
101120252249  0.765  1.7  208.2  4.7  0.13  185.7  22.5
101120252250  0.766  1.8  206.1  4.7  nan  nan  nan
101120252251  0.768  1.9  205.5  4.7  nan  nan  nan
101120252252  0.770  2.1  203.3  4.7  nan  nan  nan
101120252253  0.773  2.1  203.2  3.7  nan  nan  nan
101120252254  0.776  2.0  196.2  3.7  nan  nan  nan
101120252255  0.780  2.1  189.3  3.7  nan  nan  nan
101120252256  0.785  2.3  184.5  4.5  nan  nan  nan
101120252257  0.789  2.4  180.8  4.7  nan  nan  nan
101120252258  0.794  2.5  177.5  4.7  nan  nan  nan
101120252259  0.797  2.6  177.5  4.7  nan  nan  nan
101120252300  0.801  2.7  179.5  4.7  nan  nan  nan
101120252301  0.805  2.7  179.2  4.7  nan  nan  nan
101120252302  0.811  2.6  175.3  4.7  0.23  163.4  22.4
101120252303  0.816  2.7  175.0  4.7  nan  nan  nan
101120252304  0.822  2.8  177.0  4.7  nan  nan  nan
101120252305  0.826  2.8  178.7  4.7  nan  nan  nan
101120252306  0.830  2.7  180.7  4.7  nan  nan  nan
101120252307  0.833  2.5  185.1  3.9  0.23  175.6  22.3
101120252308  0.836  2.5  189.8  3.7  nan  nan  nan
101120252309  0.840  2.5  190.8  3.7  nan  nan  nan
101120252310  0.844  2.4  189.6  3.7  nan  nan  nan
101120252311  0.846  2.6  192.1  6.7  nan  nan  nan
101120252312  0.850  3.0  199.6  7.5  nan  nan  nan
101120252313  0.853  3.5  206.0  8.6  nan  nan  nan
101120252314  0.855  4.0  211.2  8.6  nan  nan  nan
101120252315  0.858  4.3  214.7  8.6  nan  nan  nan
101120252316  0.864  4.6  216.3  8.6  nan  nan  nan
101120252317  0.867  5.0  216.2  8.6  0.24  170.0  22.3
101120252318  0.869  5.4  216.6  8.6  0.25  176.5  22.3
101120252319  0.872  5.8  217.8  8.8  nan  nan  nan
101120252320  0.874  6.3  217.2  8.8  nan  nan  nan
101120252321  0.877  6.7  216.2  10.0  0.23  173.9  22.3
101120252322  0.880  6.8  214.6  10.0  nan  nan  nan
101120252323  0.883  6.7  211.9  10.0  nan  nan  nan
101120252324  0.886  6.7  210.0  10.0  nan  nan  nan
101120252325  0.888  6.6  207.9  10.0  nan  nan  nan
101120252326  0.890  6.7  206.6  10.0  nan  nan  nan
101120252327  0.892  6.6  205.1  10.0  nan  nan  nan
101120252328  0.894  6.4  202.9  10.0  nan  nan  nan
101120252329  0.895  6.3  200.9  10.0  nan  nan  nan
101120252330  0.896  6.1  201.1  10.0  nan  nan  nan
101120252331  0.897  5.9  199.8  8.4  nan  nan  nan
101120252332  0.899  5.7  200.9  7.9  nan  nan  nan
101120252333  0.900  5.5  202.9  7.3  0.31  204.9  22.3
101120252334  0.902  5.6  205.3  7.3  nan  nan  nan
101120252335  0.903  5.7  208.6  7.9  nan  nan  nan
101120252336  0.905  5.7  211.9  7.9  nan  nan  nan
101120252337  0.907  5.9  214.6  7.9  nan  nan  nan
101120252338  0.908  6.1  218.0  7.9  nan  nan  nan
101120252339  0.910  6.4  221.0  8.5  nan  nan  nan
101120252340  0.912  6.4  223.1  8.5  nan  nan  nan
101120252341  0.915  6.6  226.1  8.5  0.37  186.4  22.2
101120252342  0.915  6.7  228.3  8.5  nan  nan  nan
101120252343  0.916  6.8  229.5  8.5  nan  nan  nan
101120252344  0.918  6.8  229.9  8.5  nan  nan  nan
101120252345  0.919  6.8  229.9  8.5  0.29  183.8  22.2
101120252346  0.920  6.8  230.1  8.5  nan  nan  nan
101120252347  0.922  6.9  230.2  8.5  0.17  202.0  22.1
101120252348  0.923  6.8  230.5  8.5  0.14  165.2  22.1
101120252349  0.922  6.7  230.7  8.0  0.15  175.4  22.1
101120252350  0.923  6.6  230.1  8.0  nan  nan  nan
101120252351  0.924  6.5  229.9  8.0  nan  nan  nan
101120252352  0.925  6.4  228.7  8.0  0.20  187.8  22.1
101120252353  0.925  6.4  227.9  8.0  0.21  187.9  22.1
101120252354  0.925  6.5  227.3  8.0  nan  nan  nan
101120252355  0.926  6.4  227.1  8.0  nan  nan  nan
101120252356  0.928  6.2  225.8  7.7  nan  nan  nan
101120252357  0.928  6.1  225.1  7.7  nan  nan  nan
101120252358  0.927  6.1  224.4  7.7  nan  nan  nan
101120252359  0.926  6.1  223.5  7.7  0.23  191.5  22.1
111120250000  0.925  6.1  223.0  7.7  0.16  199.6  22.1
111120250001  0.924  6.1  223.0  7.7  nan  nan  nan
111120250002  0.925  6.0  222.2  7.7  0.29  183.0  22.1
111120250003  0.925  5.9  221.7  7.6  nan  nan  nan
111120250004  0.924  5.8  221.1  6.9  nan  nan  nan
111120250005  0.925  5.8  220.6  6.7  nan  nan  nan
111120250006  0.925  5.9  220.5  6.7  0.17  190.0  22.1
111120250007  0.926  5.8  220.9  6.7  0.13  190.0  22.1
111120250008  0.927  5.9  220.4  6.7  nan  nan  nan
111120250009  0.928  5.9  220.6  6.8  nan  nan  nan
111120250010  0.930  5.9  220.6  6.8  0.13  181.3  22.1
111120250011  0.930  5.8  220.5  6.8  nan  nan  nan
111120250012  0.932  5.8  220.3  6.8  nan  nan  nan
111120250013  0.934  5.7  219.5  6.9  0.14  181.4  22.1
111120250014  0.935  5.6  218.9  6.9  nan  nan  nan
111120250015  0.938  5.5  218.5  6.9  nan  nan  nan
111120250016  0.940  5.4  217.8  6.9  nan  nan  nan
111120250017  0.943  5.3  216.9  6.9  nan  nan  nan
111120250018  0.945  5.3  215.3  6.9  nan  nan  nan
111120250019  0.945  5.2  212.8  6.9  nan  nan  nan
111120250020  0.946  5.1  210.2  6.9  0.20  191.7  22.1
111120250021  0.949  5.0  206.4  6.9  nan  nan  nan
111120250022  0.951  5.0  203.4  6.9  nan  nan  nan
111120250023  0.952  5.0  201.3  6.2  nan  nan  nan
111120250024  0.953  5.0  199.0  6.2  nan  nan  nan
111120250025  0.955  5.1  197.6  6.2  0.10  204.0  22.1
111120250026  0.955  5.2  196.8  6.5  nan  nan  nan
111120250027  0.955  5.3  195.4  6.5  nan  nan  nan
111120250028  0.953  5.4  195.3  6.9  nan  nan  nan
111120250029  0.953  5.5  195.8  6.9  0.19  200.8  22.1
111120250030  0.953  5.6  197.1  7.2  nan  nan  nan
111120250031  0.953  5.7  198.4  7.2  nan  nan  nan
111120250032  0.952  5.8  200.3  7.3  nan  nan  nan
111120250033  0.951  5.9  202.1  7.3  nan  nan  nan
111120250034  0.949  6.0  203.7  7.8  0.19  191.2  22.2
111120250035  0.947  6.1  204.8  7.8  0.08  176.3  22.2
111120250036  0.944  6.1  205.8  7.8  nan  nan  nan
111120250037  0.944  6.2  207.3  7.8  nan  nan  nan
111120250038  0.942  6.1  207.3  7.8  0.17  146.9  22.2
111120250039  0.943  6.0  207.9  7.8  nan  nan  nan
111120250040  0.942  6.0  207.8  7.8  nan  nan  nan
111120250041  0.942  5.8  209.4  7.8  0.12  132.2  22.2
111120250042  0.942  5.7  210.2  7.8  0.12  179.9  22.1
111120250043  0.942  5.6  211.8  7.8  0.03  168.2  22.1
111120250044  0.942  5.5  213.9  7.2  0.10  154.8  22.1
111120250045  0.941  5.4  215.3  7.1  nan  nan  nan
111120250046  0.942  5.2  216.7  7.1  nan  nan  nan
111120250047  0.940  5.1  217.5  6.4  nan  nan  nan
111120250048  0.940  5.1  219.4  6.4  nan  nan  nan
111120250049  0.941  5.2  220.4  6.3  nan  nan  nan
111120250050  0.941  5.1  222.1  6.2  nan  nan  nan
111120250051  0.942  5.1  222.0  6.2  nan  nan  nan
111120250052  0.945  5.1  221.8  6.2  nan  nan  nan
111120250053  0.945  5.1  219.8  6.2  nan  nan  nan
111120250054  0.945  5.0  217.3  6.2  nan  nan  nan
111120250055  0.945  5.0  214.9  6.2  nan  nan  nan
111120250056  0.947  4.9  213.0  6.2  nan  nan  nan
111120250057  0.947  4.9  212.0  6.2  nan  nan  nan
111120250058  0.950  4.9  210.7  6.2  0.10  134.9  21.9
111120250059  0.951  4.8  209.3  5.6  nan  nan  nan
111120250100  0.950  4.8  208.9  5.7  nan  nan  nan
111120250101  0.951  4.7  208.4  5.7  nan  nan  nan
111120250102  0.952  4.7  208.7  5.7  0.19  150.0  21.9
111120250103  0.953  4.7  208.9  5.7  nan  nan  nan
111120250104  0.954  4.7  208.9  5.7  nan  nan  nan
111120250105  0.954  4.6  209.2  5.7  nan  nan  nan
111120250106  0.954  4.6  209.2  5.7  nan  nan  nan
111120250107  0.954  4.7  208.6  5.7  0.13  180.7  21.9
111120250108  0.954  4.6  207.6  5.7  nan  nan  nan
111120250109  0.954  4.5  207.6  5.7  nan  nan  nan
111120250110  0.954  4.4  206.6  5.2  nan  nan  nan
111120250111  0.953  4.5  206.0  5.5  nan  nan  nan
111120250112  0.953  4.4  207.2  5.5  nan  nan  nan
111120250113  0.953  4.3  209.1  5.5  nan  nan  nan
111120250114  0.953  4.3  212.9  5.9  nan  nan  nan
111120250115  0.955  4.4  216.8  6.1  nan  nan  nan
111120250116  0.955  4.4  219.3  6.1  nan  nan  nan
111120250117  0.956  4.6  221.2  6.4  0.04  94.8  21.8
111120250118  0.956  4.8  223.6  6.8  nan  nan  nan
111120250119  0.956  5.0  225.6  7.0  nan  nan  nan
111120250120  0.956  5.1  226.5  7.0  nan  nan  nan
111120250121  0.955  5.1  223.7  7.0  nan  nan  nan
111120250122  0.955  5.1  218.5  7.2  0.13  165.0  21.8
111120250123  0.955  5.2  213.8  7.2  nan  nan  nan
111120250124  0.955  5.2  209.1  7.2  nan  nan  nan
111120250125  0.955  5.3  204.4  7.2  nan  nan  nan
111120250126  0.955  5.4  201.4  7.2  nan  nan  nan
111120250127  0.953  5.6  198.8  7.2  0.11  128.4  21.8
111120250128  0.951  5.7  196.0  7.5  nan  nan  nan
111120250129  0.951  5.8  192.9  7.5  nan  nan  nan
111120250130  0.951  6.0  191.6  7.5  nan  nan  nan
111120250131  0.951  6.1  194.0  7.5  nan  nan  nan
111120250132  0.951  6.1  196.0  7.5  nan  nan  nan
111120250133  0.951  6.1  197.0  7.5  nan  nan  nan
111120250134  0.951  6.2  197.7  7.5  nan  nan  nan
111120250135  0.951  6.3  198.7  7.6  nan  nan  nan
111120250136  0.950  6.4  198.8  7.6  nan  nan  nan
111120250137  0.950  6.3  198.2  7.6  nan  nan  nan
111120250138  0.949  6.2  197.5  7.6  nan  nan  nan
111120250139  0.947  6.1  196.6  7.6  nan  nan  nan
111120250140  0.946  6.1  195.6  7.6  nan  nan  nan
111120250141  0.943  6.2  194.2  8.4  nan  nan  nan
111120250142  0.941  6.3  193.9  8.4  nan  nan  nan
111120250143  0.938  6.4  193.9  8.4  nan  nan  nan
111120250144  0.936  6.6  193.5  8.9  nan  nan  nan
111120250145  0.936  6.7  193.3  9.3  nan  nan  nan
111120250146  0.932  6.8  193.5  9.3  nan  nan  nan
111120250147  0.929  6.9  194.6  9.3  nan  nan  nan
111120250148  0.926  7.1  196.4  9.3  nan  nan  nan
111120250149  0.923  7.4  197.8  9.7  nan  nan  nan
111120250150  0.919  7.4  198.3  9.7  nan  nan  nan
111120250151  0.917  7.5  198.3  9.7  nan  nan  nan
111120250152  0.912  7.5  198.6  9.7  nan  nan  nan
111120250153  0.908  7.4  199.3  9.7  nan  nan  nan
111120250154  0.903  7.3  199.8  9.7  nan  nan  nan
111120250155  0.898  7.1  200.2  9.7  nan  nan  nan
111120250156  0.895  7.0  201.3  9.7  nan  nan  nan
111120250157  0.890  6.9  201.8  9.7  nan  nan  nan
111120250158  0.886  6.7  201.2  9.7  nan  nan  nan
111120250159  0.883  6.4  202.6  8.4  nan  nan  nan
111120250200  0.879  6.3  205.6  8.4  nan  nan  nan
111120250201  0.875  6.1  209.4  7.5  nan  nan  nan
111120250202  0.869  6.0  212.7  7.5  nan  nan  nan
111120250203  0.866  6.0  215.5  7.5  nan  nan  nan
111120250204  0.863  5.9  218.7  7.3  nan  nan  nan
111120250205  0.861  6.0  221.1  7.3  nan  nan  nan
111120250206  0.858  6.0  223.1  7.2  nan  nan  nan
111120250207  0.856  6.1  225.4  7.5  nan  nan  nan
111120250208  0.854  6.3  227.1  8.1  nan  nan  nan
111120250209  0.851  6.4  227.6  8.1  nan  nan  nan
111120250210  0.850  6.4  227.3  8.1  nan  nan  nan
111120250211  0.847  6.4  226.4  8.1  nan  nan  nan
111120250212  0.845  6.4  225.9  8.1  0.18  359.9  21.7
111120250213  0.844  6.4  225.1  8.1  nan  nan  nan
111120250214  0.843  6.5  224.6  8.1  nan  nan  nan
111120250215  0.841  6.4  224.3  8.1  0.12  30.6  21.7
111120250216  0.839  6.4  223.9  8.1  nan  nan  nan
111120250217  0.836  6.3  223.7  8.1  nan  nan  nan
111120250218  0.836  6.2  223.8  7.8  nan  nan  nan
111120250219  0.836  6.1  223.5  7.8  nan  nan  nan
111120250220  0.835  6.1  223.3  7.8  nan  nan  nan
111120250221  0.833  6.0  223.4  7.6  nan  nan  nan
111120250222  0.832  6.0  223.8  7.6  nan  nan  nan
111120250223  0.830  6.1  224.1  7.6  nan  nan  nan
111120250224  0.830  6.1  224.3  7.3  nan  nan  nan
111120250225  0.830  6.0  223.9  7.3  nan  nan  nan
111120250226  0.829  6.1  222.9  7.3  nan  nan  nan
111120250227  0.830  6.1  221.9  7.3  nan  nan  nan
111120250228  0.830  6.0  221.6  7.3  nan  nan  nan
111120250229  0.830  6.0  221.1  7.3  nan  nan  nan
111120250230  0.830  6.1  221.0  7.3  nan  nan  nan
111120250231  0.830  6.1  220.8  7.3  nan  nan  nan
111120250232  0.830  6.1  220.4  7.3  nan  nan  nan
111120250233  0.830  6.1  220.1  7.0  nan  nan  nan
111120250234  0.828  6.1  220.3  7.0  0.14  34.1  21.8
111120250235  0.826  6.2  221.1  7.9  0.04  336.3  21.8
111120250236  0.824  6.3  221.9  7.9  nan  nan  nan
111120250237  0.821  6.3  222.1  7.9  nan  nan  nan
111120250238  0.819  6.5  222.4  7.9  0.12  11.8  21.8
111120250239  0.818  6.5  222.6  7.9  0.17  358.2  21.9
111120250240  0.818  6.6  223.0  7.9  nan  nan  nan
111120250241  0.817  6.6  223.6  7.9  0.04  327.1  21.8
111120250242  0.815  6.6  223.2  7.9  0.06  241.3  21.8
111120250243  0.813  6.7  223.5  7.9  0.13  353.8  21.8
111120250244  0.812  6.6  223.1  7.9  nan  nan  nan
111120250245  0.810  6.6  222.6  7.8  nan  nan  nan
111120250246  0.809  6.5  221.6  7.8  0.15  4.9  21.8
111120250247  0.808  6.5  221.5  7.8  0.11  24.0  21.8
111120250248  0.806  6.4  221.1  7.8  nan  nan  nan
111120250249  0.805  6.4  221.0  7.8  0.21  27.6  21.8
111120250250  0.803  6.3  220.4  7.8  nan  nan  nan
111120250251  0.801  6.3  219.9  7.8  nan  nan  nan
111120250252  0.800  6.2  219.8  7.8  0.18  33.3  21.8
111120250253  0.798  6.1  219.0  7.3  0.17  11.3  21.8
111120250254  0.794  6.1  218.6  7.3  nan  nan  nan
111120250255  0.792  6.0  218.3  7.3  0.16  55.5  21.8
111120250256  0.789  6.0  218.8  7.3  0.17  58.3  21.8
111120250257  0.787  6.0  218.3  7.3  0.13  56.2  21.8
111120250258  0.784  6.0  217.9  7.3  0.16  44.8  21.8
111120250259  0.783  5.9  217.4  7.3  0.18  43.4  21.8
111120250300  0.781  5.9  216.5  7.3  0.22  42.9  21.8
111120250301  0.780  5.9  215.5  7.3  0.29  60.5  21.8
111120250302  0.776  5.8  214.4  7.3  nan  nan  nan
111120250303  0.774  5.8  213.5  7.3  0.29  52.6  21.8
111120250304  0.769  5.7  212.6  7.3  0.28  47.2  21.8
111120250305  0.767  5.6  211.6  7.0  0.30  30.4  21.8
111120250306  0.764  5.5  210.5  6.5  0.28  65.9  21.8
111120250307  0.760  5.4  210.1  6.5  0.27  36.9  21.8
111120250308  0.756  5.3  209.3  6.5  0.31  60.9  21.8
111120250309  0.751  5.2  208.9  6.5  nan  nan  nan
111120250310  0.746  5.1  208.4  6.1  0.24  48.5  21.8
111120250311  0.742  5.1  208.3  6.1  0.34  41.4  21.8
111120250312  0.737  5.0  208.2  6.0  0.24  58.6  21.8
111120250313  0.733  5.0  207.7  5.7  0.31  48.5  21.8
111120250314  0.728  5.0  206.9  5.8  0.26  64.6  21.8
111120250315  0.723  5.1  206.5  6.2  0.25  40.4  21.7
111120250316  0.718  5.2  205.9  7.1  0.31  37.5  21.8
111120250317  0.713  5.3  204.9  7.1  0.28  24.0  21.8
111120250318  0.709  5.4  204.4  7.8  0.25  38.2  21.8
111120250319  0.704  5.5  203.8  7.8  0.23  39.6  21.8
111120250320  0.701  5.7  203.4  7.8  nan  nan  nan
111120250321  0.697  5.9  203.7  7.8  0.38  27.7  21.8
111120250322  0.694  6.0  204.3  7.8  nan  nan  nan
111120250323  0.691  6.1  205.3  7.8  nan  nan  nan
111120250324  0.688  6.1  206.7  7.8  0.33  32.1  21.8
111120250325  0.683  6.1  208.0  7.8  0.23  51.2  21.8
111120250326  0.680  6.1  209.5  7.8  0.38  27.5  21.8
111120250327  0.676  6.0  210.4  7.8  0.38  9.4  21.9
111120250328  0.671  6.0  210.9  7.5  nan  nan  nan
111120250329  0.668  5.9  211.4  7.5  0.30  35.4  21.9
111120250330  0.664  5.7  211.8  7.1  nan  nan  nan
111120250331  0.660  5.7  211.9  7.1  0.26  36.9  21.9
111120250332  0.657  5.7  211.4  7.6  0.32  33.0  21.9
111120250333  0.655  5.7  210.9  7.6  0.30  19.4  21.9
111120250334  0.651  5.8  209.8  7.6  0.19  45.2  21.9
111120250335  0.648  5.9  208.8  7.6  0.22  33.7  21.9
111120250336  0.644  6.0  208.3  7.6  nan  nan  nan
111120250337  0.641  6.1  208.0  7.6  0.25  24.1  21.9
111120250338  0.636  6.1  208.5  7.6  0.23  32.9  21.9
111120250339  0.634  6.1  209.7  7.6  0.23  22.1  21.9
111120250340  0.631  6.0  211.8  7.6  0.11  50.7  21.9
111120250341  0.628  5.8  213.8  7.6  0.24  16.5  21.9
111120250342  0.627  5.7  216.1  7.3  0.25  14.4  21.9
111120250343  0.625  5.5  217.6  7.3  0.26  24.3  21.9
111120250344  0.622  5.3  219.8  7.3  0.20  10.0  21.9
111120250345  0.619  5.2  221.8  7.1  0.20  0.4  21.9
111120250346  0.616  5.0  223.0  7.0  0.15  7.1  21.9
111120250347  0.612  5.0  225.3  6.7  0.31  3.5  21.9
111120250348  0.610  4.9  225.5  6.7  0.26  21.2  21.9
111120250349  0.606  4.9  224.7  6.7  0.26  17.0  21.9
111120250350  0.605  5.0  224.4  6.7  0.16  17.9  21.9
111120250351  0.602  5.1  223.9  6.7  0.16  23.4  21.9
111120250352  0.600  5.1  223.1  6.7  0.23  355.6  21.9
111120250353  0.596  5.2  222.2  6.7  0.26  3.1  21.9
111120250354  0.594  5.2  222.7  6.7  0.27  21.9  21.9
111120250355  0.592  5.2  220.4  6.5  0.20  5.1  21.9
111120250356  0.589  5.3  219.3  6.5  0.23  9.5  21.9
111120250357  0.588  5.3  218.2  7.2  0.21  20.3  21.9
111120250358  0.586  5.2  218.4  7.2  nan  nan  nan
111120250359  0.583  5.2  218.9  7.2  0.24  21.2  22.0
111120250400  0.580  5.1  217.1  7.2  0.25  26.5  22.0
111120250401  0.578  5.1  216.4  7.4  0.32  22.1  22.0
111120250402  0.576  5.0  215.8  7.4  0.17  16.4  22.0
111120250403  0.575  5.0  216.0  7.4  0.19  18.9  22.0
111120250404  0.573  5.0  213.5  7.4  0.31  21.9  22.0
111120250405  0.572  5.0  212.9  7.4  0.20  10.0  22.0
111120250406  0.572  5.0  212.4  7.4  0.25  26.2  22.0
111120250407  0.570  5.1  211.0  7.4  0.24  12.8  22.0
111120250408  0.568  5.1  210.0  7.4  0.26  18.7  22.0
111120250409  0.566  5.2  209.1  7.4  0.28  16.5  22.0
111120250410  0.564  5.3  208.6  7.4  0.31  16.4  22.0
111120250411  0.562  5.3  207.5  7.1  0.19  10.0  22.0
111120250412  0.560  5.4  207.3  7.1  0.21  19.8  22.0
111120250413  0.558  5.4  207.2  6.7  0.32  17.7  22.0
111120250414  0.557  5.4  208.0  6.7  0.20  17.8  22.0
111120250415  0.556  5.3  208.5  6.5  0.36  19.1  22.0
111120250416  0.555  5.2  208.5  6.5  0.12  49.9  22.0
111120250417  0.555  5.2  208.9  6.5  0.20  18.9  22.0
111120250418  0.553  5.1  208.7  6.1  0.14  15.7  22.0
111120250419  0.551  5.1  209.3  6.1  0.18  17.4  22.0
111120250420  0.549  5.0  210.4  6.1  0.17  37.1  22.0
111120250421  0.546  5.0  210.5  6.1  0.38  20.4  22.1
111120250422  0.544  4.9  210.1  5.9  0.21  19.1  22.1
111120250423  0.542  5.0  208.8  6.6  0.28  24.3  22.1
111120250424  0.539  5.1  207.6  6.6  0.29  16.6  22.1
111120250425  0.536  5.2  208.3  6.6  0.30  26.3  22.1
111120250426  0.534  5.3  209.2  6.6  0.38  14.7  22.1
111120250427  0.531  5.3  209.7  6.6  0.22  43.1  22.1
111120250428  0.526  5.4  211.6  6.6  0.22  23.9  22.1
111120250429  0.523  5.4  212.5  6.6  0.27  23.3  22.1
111120250430  0.519  5.4  212.8  6.6  0.27  26.6  22.1
111120250431  0.516  5.3  213.4  6.6  0.21  6.8  22.1
111120250432  0.512  5.4  215.0  6.6  0.26  36.6  22.1
111120250433  0.507  5.3  217.3  6.3  0.19  23.0  22.1
111120250434  0.503  5.3  219.6  6.3  0.17  28.2  22.1
111120250435  0.499  5.2  220.4  6.3  0.34  13.0  22.1
111120250436  0.496  5.1  221.1  6.3  0.24  32.2  22.1
111120250437  0.495  5.1  221.5  6.3  0.26  13.4  22.1
111120250438  0.494  5.1  220.3  5.9  0.38  24.7  22.1
111120250439  0.493  5.1  219.0  5.9  0.30  29.5  22.2
111120250440  0.492  5.0  218.9  5.9  0.35  26.4  22.2
111120250441  0.490  5.0  219.4  5.9  0.28  20.8  22.2
111120250442  0.488  4.9  217.7  5.8  0.42  21.9  22.2
111120250443  0.487  4.9  217.4  5.8  0.34  32.3  22.2
111120250444  0.485  4.9  216.1  5.8  0.22  36.8  22.2
111120250445  0.483  4.9  215.3  5.8  0.27  30.1  22.2
111120250446  0.481  4.9  215.1  5.8  0.36  25.8  22.2
111120250447  0.478  4.9  214.5  5.8  0.29  29.9  22.2
111120250448  0.476  4.9  215.0  5.8  0.37  24.1  22.2
111120250449  0.473  4.8  215.6  5.9  0.35  37.7  22.2
111120250450  0.470  4.9  214.9  6.2  0.32  26.4  22.2
111120250451  0.468  5.0  214.0  6.2  0.36  27.4  22.2
111120250452  0.463  5.0  213.9  6.2  0.27  29.3  22.3
111120250453  0.460  5.0  212.6  6.2  0.34  29.5  22.3
111120250454  0.456  5.0  212.3  6.2  0.22  47.1  22.3
111120250455  0.452  5.0  213.0  6.5  0.22  40.3  22.3
111120250456  0.449  4.9  211.7  6.5  0.33  32.5  22.3
111120250457  0.447  4.9  212.2  6.5  0.32  19.5  22.3
111120250458  0.445  4.9  210.5  6.5  0.35  24.0  22.3
111120250459  0.442  4.9  209.4  6.5  0.25  42.9  22.3
111120250500  0.439  4.9  208.8  6.5  0.30  28.8  22.3
111120250501  0.437  4.9  207.9  6.5  0.19  19.7  22.3
111120250502  0.435  4.9  207.7  6.5  0.31  37.1  22.3
111120250503  0.434  4.9  207.9  6.5  0.36  28.9  22.3
111120250504  0.432  4.9  208.2  6.5  0.33  37.8  22.3
111120250505  0.430  5.0  207.6  5.9  0.27  30.5  22.3
111120250506  0.428  5.0  208.5  5.9  0.32  25.3  22.3
111120250507  0.425  5.0  208.1  5.9  0.28  24.2  22.3
111120250508  0.423  5.0  209.1  5.9  0.22  32.9  22.3
111120250509  0.421  5.0  209.0  5.9  0.32  40.5  22.4
111120250510  0.420  5.0  209.0  5.9  0.39  19.3  22.4
111120250511  0.420  5.0  210.3  5.9  0.41  24.9  22.4
111120250512  0.419  5.0  210.7  5.8  0.25  31.6  22.4
111120250513  0.417  4.9  211.4  5.8  0.33  17.4  22.4
111120250514  0.417  4.9  211.1  5.8  0.29  51.2  22.4
111120250515  0.416  4.9  211.0  5.8  0.21  23.4  22.4
111120250516  0.415  4.9  210.3  5.8  0.33  23.7  22.4
111120250517  0.414  4.9  210.1  5.8  0.27  27.0  22.4
111120250518  0.413  4.9  210.4  5.8  0.25  28.6  22.4
111120250519  0.414  4.8  210.8  5.8  0.29  21.4  22.4
111120250520  0.413  4.8  210.8  5.7  0.32  34.4  22.4
111120250521  0.412  4.8  210.3  5.7  0.26  43.8  22.4
111120250522  0.412  4.8  211.0  5.5  0.31  23.5  22.4
111120250523  0.411  4.7  211.2  5.5  0.30  27.3  22.4
111120250524  0.409  4.7  212.5  5.5  0.24  17.5  22.4
111120250525  0.407  4.7  212.6  5.8  0.34  27.7  22.4
111120250526  0.406  4.7  213.1  5.8  0.35  11.6  22.4
111120250527  0.403  4.7  213.6  5.8  0.29  22.9  22.5
111120250528  0.403  4.7  213.9  5.8  0.27  22.8  22.5
111120250529  0.402  4.8  214.8  5.8  0.34  23.0  22.5
111120250530  0.400  4.8  216.1  5.8  0.21  7.3  22.5
111120250531  0.400  4.8  216.4  5.8  0.21  21.1  22.5
111120250532  0.399  4.7  215.3  5.8  0.28  26.5  22.5
111120250533  0.399  4.8  214.3  5.8  0.28  24.2  22.5
111120250534  0.397  4.8  212.6  5.8  0.24  27.0  22.5
111120250535  0.398  4.8  211.2  5.8  0.25  23.2  22.5
111120250536  0.400  4.7  211.2  5.8  0.25  42.4  22.5
111120250537  0.401  4.8  210.0  6.3  0.32  24.6  22.5
111120250538  0.401  4.8  209.4  6.3  0.25  22.2  22.5
111120250539  0.401  4.8  209.6  6.3  0.24  20.1  22.5
111120250540  0.401  4.8  209.5  6.3  0.31  20.3  22.6
111120250541  0.401  4.9  210.0  6.3  0.35  21.1  22.6
111120250542  0.401  5.0  211.0  6.5  0.21  35.1  22.6
111120250543  0.401  4.9  212.7  6.5  0.20  25.5  22.6
111120250544  0.401  5.0  214.5  6.5  0.24  18.5  22.6
111120250545  0.400  5.0  216.2  6.5  0.28  22.1  22.6
111120250546  0.400  4.9  217.2  6.5  0.29  20.5  22.6
111120250547  0.400  4.9  218.1  6.5  0.21  36.3  22.6
111120250548  0.399  4.9  216.7  6.5  0.18  25.9  22.6
111120250549  0.397  4.8  215.0  6.5  0.24  14.7  22.6
111120250550  0.395  4.8  213.9  6.5  0.18  18.9  22.6
111120250551  0.394  4.8  212.3  6.5  0.24  18.5  22.6
111120250552  0.392  4.7  211.7  6.2  0.31  22.6  22.6
111120250553  0.393  4.7  210.3  6.2  0.47  15.0  22.6
111120250554  0.393  4.6  209.3  6.2  0.18  24.0  22.6
111120250555  0.392  4.6  208.9  6.2  0.25  36.2  22.6
111120250556  0.391  4.5  209.0  6.0  0.22  28.1  22.6
111120250557  0.391  4.5  209.3  5.7  0.15  61.0  22.6
111120250558  0.391  4.4  210.6  5.7  0.26  38.6  22.6
111120250559  0.392  4.4  211.3  5.7  0.19  31.9  22.6
111120250600  0.392  4.4  210.5  5.7  0.14  29.2  22.6
111120250601  0.394  4.4  210.7  5.9  0.20  38.3  22.6
111120250602  0.393  4.4  209.9  5.9  0.12  34.9  22.6
111120250603  0.393  4.4  209.2  5.9  0.27  21.4  22.7
111120250604  0.393  4.4  208.5  5.9  0.21  24.2  22.7
111120250605  0.394  4.4  207.8  5.9  0.25  28.3  22.7
111120250606  0.396  4.4  206.1  5.9  0.30  17.0  22.7
111120250607  0.397  4.4  205.6  5.9  0.13  13.5  22.7
111120250608  0.398  4.5  205.2  5.9  0.28  11.6  22.7
111120250609  0.398  4.6  204.9  5.9  0.34  22.7  22.7
111120250610  0.400  4.6  206.2  5.9  0.26  10.0  22.7
111120250611  0.401  4.6  206.7  5.5  0.27  3.3  22.7
111120250612  0.402  4.6  206.0  5.5  0.10  23.5  22.7
111120250613  0.402  4.7  206.0  5.5  0.20  11.7  22.7
111120250614  0.402  4.8  205.4  6.0  0.21  19.0  22.7
111120250615  0.403  4.9  204.7  6.8  0.20  18.7  22.7
111120250616  0.404  5.0  204.3  6.8  0.25  10.9  22.7
111120250617  0.403  5.1  203.6  6.8  0.12  31.3  22.7
111120250618  0.401  5.2  203.9  6.8  0.13  41.3  22.7
111120250619  0.402  5.2  203.6  6.8  0.19  16.5  22.8
111120250620  0.401  5.3  202.3  6.8  0.14  21.5  22.8
111120250621  0.401  5.4  202.3  6.8  0.31  24.3  22.8
111120250622  0.402  5.5  203.8  6.8  0.08  25.0  22.8
111120250623  0.402  5.6  204.0  6.8  0.11  21.9  22.8
111120250624  0.401  5.6  205.1  6.8  0.13  22.0  22.8
111120250625  0.399  5.6  206.0  6.7  0.18  11.2  22.8
111120250626  0.397  5.6  206.2  6.7  0.18  25.9  22.8
111120250627  0.396  5.6  206.6  6.7  0.29  11.1  22.8
111120250628  0.396  5.5  206.2  6.7  0.07  13.4  22.8
111120250629  0.394  5.4  206.1  6.7  0.11  21.1  22.8
111120250630  0.394  5.3  206.2  6.7  0.19  11.7  22.8
111120250631  0.394  5.2  204.9  6.3  0.21  14.3  22.8
111120250632  0.393  5.2  203.2  6.3  0.17  15.8  22.8
111120250633  0.391  5.1  201.9  6.1  0.12  16.4  22.8
111120250634  0.390  5.1  200.4  6.0  0.17  37.7  22.8
111120250635  0.389  5.0  199.2  6.0  0.25  17.5  22.8
111120250636  0.388  5.0  199.0  6.0  0.08  70.4  22.8
111120250637  0.388  4.9  198.2  5.9  0.28  19.5  22.8
111120250638  0.388  4.9  198.1  6.2  0.19  10.0  22.8
111120250639  0.389  5.0  198.5  6.2  0.19  21.8  22.8
111120250640  0.388  5.0  200.4  6.2  0.25  34.6  22.8
111120250641  0.389  4.8  203.2  6.2  0.23  21.5  22.9
111120250642  0.391  4.7  204.2  6.2  0.12  27.9  22.9
111120250643  0.391  4.6  205.7  6.2  0.20  11.1  22.9
111120250644  0.391  4.5  206.9  6.2  0.10  10.0  22.9
111120250645  0.391  4.5  209.2  6.2  0.18  21.7  22.9
111120250646  0.392  4.4  210.5  6.2  0.17  10.0  22.9
111120250647  0.391  4.4  212.0  6.2  0.31  7.9  22.9
111120250648  0.391  4.2  213.1  5.6  0.23  0.3  22.9
111120250649  0.391  4.1  213.7  5.6  0.14  349.4  22.9
111120250650  0.391  4.0  212.9  5.6  0.14  13.2  22.9
111120250651  0.392  4.0  212.3  5.6  0.03  345.0  22.9
111120250652  0.393  3.9  214.0  5.6  0.25  3.7  22.9
111120250653  0.395  3.9  215.5  5.6  0.14  9.2  22.9
111120250654  0.397  3.8  216.7  5.2  0.25  7.7  22.9
111120250655  0.401  3.7  219.0  5.2  0.10  18.7  22.9
111120250656  0.404  3.6  219.0  5.2  0.18  14.4  22.9
111120250657  0.407  3.4  217.9  5.0  0.14  343.8  22.9
111120250658  0.411  3.4  215.5  5.0  0.12  355.5  22.9
111120250659  0.415  3.4  214.2  4.9  0.13  6.5  22.9
111120250700  0.418  3.3  212.2  4.9  0.19  351.6  22.9
111120250701  0.421  3.3  208.9  4.9  0.07  331.3  22.9
111120250702  0.426  3.3  206.7  4.9  0.07  354.5  22.9
111120250703  0.431  3.3  204.6  4.9  0.14  353.6  22.9
111120250704  0.436  3.3  203.9  4.9  0.05  336.3  23.0
111120250705  0.439  3.2  200.3  4.7  0.08  7.3  23.0
111120250706  0.444  3.2  200.0  4.7  0.03  310.3  23.0
111120250707  0.447  3.2  202.8  4.7  nan  nan  nan
111120250708  0.450  3.2  205.6  4.7  0.03  303.6  23.0
111120250709  0.452  3.1  207.8  4.7  0.13  259.6  23.0
111120250710  0.457  2.9  211.4  4.7  0.14  247.0  23.0
111120250711  0.461  2.7  214.7  4.7  0.11  222.2  23.0
111120250712  0.464  2.6  215.6  4.7  0.11  242.5  23.0
111120250713  0.467  2.5  216.5  4.7  0.20  236.6  23.0
111120250714  0.471  2.4  216.6  3.8  0.14  223.9  22.9
111120250715  0.474  2.5  214.4  3.8  0.15  254.4  22.9
111120250716  0.478  2.6  211.7  4.3  0.17  227.9  22.9
111120250717  0.483  2.6  208.2  4.3  0.20  222.3  22.9
111120250718  0.486  2.6  207.0  4.3  0.15  247.3  22.9
111120250719  0.491  2.7  205.6  4.3  0.20  262.8  22.9
111120250720  0.493  2.9  203.8  4.3  0.21  238.0  22.9
111120250721  0.495  3.1  203.2  4.3  0.22  255.5  22.9
111120250722  0.496  3.2  203.8  4.3  0.29  227.6  22.9
111120250723  0.500  3.3  204.8  4.3  0.15  254.7  22.9
111120250724  0.502  3.3  204.5  4.3  0.16  237.9  22.9
111120250725  0.503  3.2  206.0  4.3  0.22  222.0  22.9
111120250726  0.506  3.1  207.7  4.2  0.22  241.2  22.9
111120250727  0.506  3.1  209.7  4.2  0.20  231.0  22.9
111120250728  0.507  3.1  211.1  4.2  0.30  205.5  22.9
111120250729  0.507  3.1  211.0  4.2  0.15  231.8  22.9
111120250730  0.508  3.0  211.9  4.1  0.15  245.7  22.8
111120250731  0.510  3.0  212.1  4.1  0.16  203.7  22.8
111120250732  0.512  2.8  211.9  4.1  0.15  188.5  22.8
111120250733  0.513  2.8  209.6  4.1  0.10  174.1  22.8
111120250734  0.513  2.7  208.6  3.6  0.11  190.0  22.8
111120250735  0.516  2.7  206.5  3.6  0.14  191.6  22.8
111120250736  0.518  2.6  205.3  3.6  0.10  212.2  22.8
111120250737  0.521  2.6  204.6  3.6  0.07  206.4  22.7
111120250738  0.522  2.4  202.9  3.5  0.09  147.7  22.7
111120250739  0.525  2.3  203.1  3.5  0.08  160.4  22.7
111120250740  0.525  2.2  201.8  3.3  0.05  181.3  22.7
111120250741  0.527  2.0  200.7  3.2  0.11  184.8  22.6
111120250742  0.528  2.0  198.1  3.2  0.15  193.7  22.6
111120250743  0.529  1.9  200.2  3.2  0.04  239.1  22.6
111120250744  0.531  1.9  200.4  3.2  0.06  166.0  22.6
111120250745  0.532  1.9  201.1  2.9  0.07  127.3  22.6
111120250746  0.533  1.8  200.6  2.9  0.21  194.7  22.6
111120250747  0.536  1.8  198.6  2.8  0.08  181.3  22.6
111120250748  0.537  1.8  194.6  2.8  0.07  188.5  22.6
111120250749  0.539  1.8  191.3  2.8  0.26  199.6  22.6
111120250750  0.542  1.7  187.4  2.8  0.04  187.5  22.6
111120250751  0.545  1.7  183.0  2.8  0.14  225.4  22.5
111120250752  0.547  1.6  180.2  2.8  0.07  221.0  22.5
111120250753  0.550  1.6  173.7  2.6  0.10  218.5  22.5
111120250754  0.553  1.5  170.5  2.5  0.21  190.0  22.5
111120250755  0.557  1.4  166.9  2.5  0.18  202.3  22.5
111120250756  0.560  1.4  163.9  2.3  0.13  205.5  22.5
111120250757  0.563  1.4  163.6  2.3  0.16  215.0  22.5
111120250758  0.566  1.4  166.2  2.3  0.15  206.3  22.5
111120250759  0.569  1.5  168.0  2.3  0.16  193.5  22.5
111120250800  0.571  1.5  171.1  2.6  0.19  216.0  22.5
111120250801  0.574  1.5  172.5  2.6  0.20  197.1  22.5
111120250802  0.577  1.5  176.0  2.6  0.21  205.6  22.4
111120250803  0.578  1.5  179.5  2.6  0.24  214.9  22.4
111120250804  0.578  1.6  179.7  2.6  0.16  205.1  22.4
111120250805  0.580  1.6  181.1  2.6  0.15  214.5  22.4
111120250806  0.581  1.5  181.0  2.6  0.21  191.6  22.4
111120250807  0.585  1.4  177.1  2.6  0.21  202.4  22.4
111120250808  0.589  1.3  171.4  2.6  0.06  195.5  22.4
111120250809  0.594  1.1  168.5  2.6  0.15  199.0  22.4
111120250810  0.598  0.9  164.3  2.2  0.18  216.0  22.4
111120250811  0.601  0.7  160.7  2.2  0.19  199.6  22.4
111120250812  0.603  0.5  150.2  2.2  0.17  221.2  22.4
111120250813  0.607  0.4  130.1  2.2  0.22  196.4  22.4
111120250814  0.612  0.4  89.5  2.5  0.18  219.8  22.4
111120250815  0.618  0.8  72.5  4.7  0.18  190.0  22.4
111120250816  0.623  1.2  64.0  5.3  nan  nan  nan
111120250817  0.626  1.7  59.6  5.3  0.18  208.2  22.4
111120250818  0.631  2.1  61.1  6.0  0.22  194.0  22.4
111120250819  0.635  2.4  63.5  6.0  0.27  206.6  22.4
111120250820  0.640  2.8  67.4  6.0  0.20  215.6  22.4
111120250821  0.644  3.2  70.4  6.0  0.23  205.9  22.4
111120250822  0.650  3.4  71.1  6.0  0.15  217.6  22.4
111120250823  0.654  3.8  72.2  6.0  0.25  203.2  22.4
111120250824  0.659  4.1  73.1  6.0  0.21  193.2  22.4
111120250825  0.665  4.2  72.9  6.0  0.21  195.3  22.4
111120250826  0.670  4.2  74.1  6.0  0.24  214.7  22.4
111120250827  0.677  4.0  75.7  6.0  0.34  202.0  22.4
111120250828  0.682  4.0  76.2  6.0  0.23  206.6  22.3
111120250829  0.687  4.1  75.8  6.0  0.24  210.0  22.3
111120250830  0.692  4.1  73.8  6.0  0.28  213.5  22.3
111120250831  0.695  4.2  72.4  6.2  0.32  201.3  22.3
111120250832  0.699  4.3  73.0  6.2  0.20  195.5  22.3
111120250833  0.703  4.3  72.4  6.2  0.36  201.1  22.3
111120250834  0.706  4.3  73.7  6.2  0.39  195.9  22.3
111120250835  0.711  4.3  72.5  6.2  0.14  201.6  22.3
111120250836  0.714  4.3  72.6  6.2  0.33  195.8  22.3
111120250837  0.717  4.4  71.1  6.2  0.36  206.7  22.3
111120250838  0.720  4.4  70.3  6.2  0.28  198.7  22.3
111120250839  0.723  4.3  69.8  6.2  0.35  200.2  22.3
111120250840  0.726  4.2  71.4  6.2  0.33  202.4  22.2
111120250841  0.729  4.2  71.4  6.1  0.31  196.9  22.2
111120250842  0.733  4.2  70.6  6.1  0.30  208.4  22.2
111120250843  0.736  4.2  72.5  6.1  0.29  210.6  22.2
111120250844  0.740  4.1  71.1  6.1  0.34  197.8  22.2
111120250845  0.744  4.1  73.4  6.1  nan  nan  nan
111120250846  0.749  4.0  74.1  6.1  0.36  193.4  22.2
111120250847  0.755  3.9  76.7  6.1  0.39  185.7  22.2
111120250848  0.760  4.0  77.6  6.1  0.36  191.2  22.2
111120250849  0.763  4.0  77.8  6.1  0.21  192.1  22.2
111120250850  0.769  4.2  77.6  6.1  0.39  192.3  22.2
111120250851  0.774  4.1  78.3  5.8  0.34  182.4  22.2
111120250852  0.777  4.0  78.9  5.7  0.37  186.4  22.2
111120250853  0.783  4.1  77.8  5.7  0.25  187.3  22.2
111120250854  0.788  4.3  76.8  6.8  0.29  184.6  22.2
111120250855  0.792  4.3  76.1  6.8  0.32  183.4  22.2
111120250856  0.796  4.3  76.2  6.8  0.43  180.9  22.2
111120250857  0.801  4.4  74.6  6.8  0.39  176.0  22.2
111120250858  0.803  4.5  74.4  6.8  0.24  183.5  22.2
111120250859  0.808  4.5  74.6  6.8  0.29  196.6  22.2
111120250900  0.811  4.5  72.5  6.8  0.28  188.8  22.2
111120250901  0.814  4.6  70.5  6.8  0.22  197.0  22.2
111120250902  0.817  4.7  68.4  6.8  0.37  190.6  22.2
111120250903  0.821  4.8  67.2  7.2  0.41  188.9  22.2
111120250904  0.826  4.7  67.7  7.2  0.38  181.3  22.2
111120250905  0.830  4.8  66.2  7.2  0.29  190.0  22.2
111120250906  0.834  5.0  64.2  7.2  0.44  182.6  22.2
111120250907  0.838  5.0  64.0  7.2  0.39  191.7  22.2
111120250908  0.842  4.9  63.1  7.2  0.29  184.5  22.2
111120250909  0.847  5.0  62.4  7.2  0.41  181.5  22.2
111120250910  0.852  4.9  64.3  7.2  0.43  185.6  22.2
111120250911  0.855  4.9  66.3  7.2  0.47  187.9  22.3
111120250912  0.861  4.8  67.8  7.2  0.34  178.2  22.3
111120250913  0.863  4.7  67.6  6.6  0.50  194.3  22.3
111120250914  0.867  4.6  67.3  6.6  0.29  193.8  22.3
111120250915  0.872  4.5  68.4  6.6  0.52  187.8  22.3
111120250916  0.877  4.3  70.2  6.0  0.37  193.0  22.3
111120250917  0.881  4.3  71.1  5.9  0.44  193.3  22.3
111120250918  0.885  4.3  72.0  5.9  0.44  188.0  22.3
111120250919  0.890  4.1  75.0  5.6  0.40  178.0  22.3
111120250920  0.894  3.9  75.0  5.6  0.35  194.4  22.3
111120250921  0.899  4.0  73.4  6.0  0.19  204.5  22.3
111120250922  0.904  4.1  71.7  6.4  0.27  200.2  22.3
111120250923  0.910  4.2  70.4  6.5  0.26  187.8  22.3
111120250924  0.916  4.3  70.3  6.5  0.31  192.2  22.3
111120250925  0.921  4.4  71.4  6.5  0.46  178.6  22.3
111120250926  0.928  4.5  73.1  6.5  0.21  207.1  22.3
111120250927  0.933  4.5  73.8  6.7  0.37  193.6  22.3
111120250928  0.939  4.5  71.4  6.7  0.52  187.0  22.3
111120250929  0.944  4.7  69.7  6.9  0.26  174.2  22.3
111120250930  0.949  5.0  68.1  6.9  0.44  184.9  22.3
111120250931  0.953  5.0  67.5  6.9  0.41  179.4  22.3
111120250932  0.958  4.9  68.2  6.9  0.44  181.4  22.3
111120250933  0.961  4.9  69.3  6.9  0.29  188.5  22.3
111120250934  0.967  4.7  70.6  6.9  0.46  184.2  22.3
111120250935  0.970  4.7  68.2  6.9  0.36  185.1  22.3
111120250936  0.974  4.8  66.1  6.9  0.38  194.1  22.3
111120250937  0.978  5.0  63.9  6.9  0.49  192.0  22.3
111120250938  0.983  5.0  64.3  6.9  0.31  197.3  22.3
111120250939  0.988  4.9  65.0  6.8  0.34  195.3  22.2
111120250940  0.993  4.8  64.9  6.8  0.38  185.3  22.2
111120250941  0.996  4.9  64.8  6.8  0.43  182.2  22.2
111120250942  1.003  5.0  64.2  6.9  0.37  188.2  22.2
111120250943  1.009  5.1  63.9  7.1  0.36  190.0  22.3
111120250944  1.014  5.3  63.1  7.3  0.38  197.0  22.3
111120250945  1.019  5.2  65.8  7.3  0.33  192.0  22.3
111120250946  1.022  5.3  66.6  7.3  0.47  185.2  22.3
111120250947  1.027  5.3  67.5  7.3  0.31  183.2  22.3
111120250948  1.030  5.3  68.1  7.3  0.39  183.8  22.3
111120250949  1.032  5.3  65.9  7.3  0.42  191.6  22.3
111120250950  1.037  5.3  64.9  7.3  0.32  199.7  22.3
111120250951  1.042  5.3  65.4  7.3  0.30  189.3  22.3
111120250952  1.046  5.1  64.5  7.3  0.44  202.1  22.2
111120250953  1.051  5.1  63.6  7.3  0.23  223.6  22.2
111120250954  1.053  5.0  62.3  6.9  0.33  212.5  22.2
111120250955  1.057  5.0  59.8  6.9  0.35  196.1  22.2
111120250956  1.060  5.0  56.3  6.9  0.40  200.4  22.2
111120250957  1.065  4.9  53.7  6.9  0.49  198.2  22.2
111120250958  1.068  5.0  52.3  7.1  0.26  208.7  22.2
111120250959  1.073  5.1  53.0  7.4  0.34  193.0  22.2
111120251000  1.077  5.2  53.9  7.6  0.39  200.5  22.2
111120251001  1.081  5.3  53.4  7.7  0.45  190.0  22.2
111120251002  1.085  5.5  54.4  7.7  0.42  200.8  22.2
111120251003  1.089  5.6  55.5  7.7  0.38  184.8  22.2
111120251004  1.094  5.7  56.4  7.9  0.45  196.9  22.2
111120251005  1.100  5.9  56.6  8.2  0.30  212.0  22.2
111120251006  1.103  6.0  59.4  8.2  0.36  208.4  22.2
111120251007  1.108  6.0  62.1  8.2  0.35  213.3  22.2
111120251008  1.112  6.1  63.7  8.2  0.48  192.8  22.2
111120251009  1.116  6.2  64.0  8.2  0.44  203.4  22.2
111120251010  1.121  6.1  63.7  8.2  0.36  207.3  22.2
111120251011  1.126  6.2  64.0  8.2  0.31  211.0  22.2
111120251012  1.131  6.3  64.7  8.2  0.33  208.0  22.2
111120251013  1.136  6.3  64.3  8.2  0.47  204.0  22.2
111120251014  1.141  6.3  62.7  8.2  0.47  203.7  22.2
111120251015  1.147  6.2  63.2  8.1  0.38  198.3  22.2
111120251016  1.152  6.3  63.2  8.1  0.48  196.1  22.2
111120251017  1.158  6.3  62.6  8.1  0.53  203.2  22.2
111120251018  1.164  6.1  61.6  8.1  0.40  207.7  22.2
111120251019  1.168  6.1  61.5  8.1  0.53  196.3  22.2
111120251020  1.174  6.2  62.0  8.4  0.54  190.6  22.2
111120251021  1.180  6.1  61.6  8.4  0.43  188.4  22.2
111120251022  1.187  6.0  60.8  8.4  0.37  201.6  22.2
111120251023  1.194  6.1  61.2  8.4  0.37  195.5  22.2
111120251024  1.199  6.0  63.7  8.4  0.46  195.8  22.2
111120251025  1.204  6.0  64.9  8.4  0.40  195.3  22.2
111120251026  1.208  5.9  63.7  8.4  0.41  210.1  22.2
111120251027  1.214  6.0  63.3  8.4  0.41  191.6  22.2
111120251028  1.219  6.0  65.6  8.4  0.40  197.7  22.2
111120251029  1.224  6.0  66.4  8.4  0.43  186.6  22.3
111120251030  1.227  5.9  66.8  7.7  0.45  190.7  22.3
111120251031  1.232  6.0  67.7  7.7  0.37  203.9  22.3
111120251032  1.236  6.0  67.9  7.7  0.37  182.8  22.3
111120251033  1.241  5.9  68.6  7.7  0.46  194.9  22.3
111120251034  1.246  5.9  67.6  7.7  0.49  190.0  22.3
111120251035  1.250  6.1  66.6  8.6  0.32  206.0  22.3
111120251036  1.255  6.2  66.4  8.8  0.60  192.1  22.3
111120251037  1.259  6.3  66.1  9.4  0.47  188.3  22.3
111120251038  1.263  6.3  64.7  9.4  0.56  188.6  22.3
111120251039  1.267  6.3  63.0  9.4  0.47  192.8  22.3
111120251040  1.271  6.3  61.6  9.4  0.41  197.6  22.3
111120251041  1.276  6.3  60.0  9.4  0.53  193.3  22.3
111120251042  1.278  6.3  59.0  9.4  0.63  185.8  22.3
111120251043  1.284  6.3  56.8  9.4  0.45  198.4  22.3
111120251044  1.290  6.5  56.0  9.4  0.48  201.2  22.3
111120251045  1.294  6.3  54.5  9.4  0.36  188.7  22.3
111120251046  1.298  6.2  53.0  9.4  0.50  200.4  22.3
111120251047  1.302  6.3  52.4  9.1  0.36  202.9  22.3
111120251048  1.308  6.4  51.3  9.1  0.84  181.4  22.3
111120251049  1.311  6.6  50.9  9.1  0.12  214.9  22.3
111120251050  1.317  6.6  50.4  9.1  0.41  200.7  22.3
111120251051  1.321  6.6  49.9  9.1  0.37  197.9  22.3
111120251052  1.326  6.7  49.1  9.1  0.48  201.8  22.3
111120251053  1.331  6.7  50.7  9.1  0.40  199.1  22.3
111120251054  1.337  6.5  52.4  9.1  0.44  195.0  22.3
111120251055  1.340  6.6  51.8  9.1  0.49  195.5  22.3
111120251056  1.344  6.6  53.0  9.1  0.46  192.2  22.3
111120251057  1.348  6.5  52.2  8.6  0.37  205.0  22.3
111120251058  1.352  6.5  52.7  8.6  0.40  200.7  22.3
