Southport
Station No. 100035 (tide) S16 (wind, current)
Date/Time ddmmyyyyHHMM
Water Level in m LAT
Wind Speed in Knots
Wind Direction in Degrees
Wind Gust in Knots
Barometric Pressure in hPa
Water Speed in Knots
Water Direction in Degrees
Data_last_updated 19-02-2026 10:00
120220261001  0.820  9.3  349.6  14.5  0.51  12.0  28.6
120220261002  0.818  9.4  350.0  14.5  0.51  14.1  28.6
120220261003  0.816  9.9  351.8  15.0  0.47  18.1  28.6
120220261004  0.814  9.8  351.9  15.0  0.47  17.8  28.6
120220261005  0.811  9.9  353.5  15.0  0.51  17.0  28.6
120220261006  0.809  10.0  355.0  15.0  0.45  17.2  28.6
120220261007  0.806  9.9  354.6  15.0  0.50  16.9  28.6
120220261008  0.800  10.1  355.3  15.0  0.40  22.6  28.6
120220261009  0.798  10.3  355.7  15.0  0.52  16.2  28.6
120220261010  0.793  10.4  355.0  15.0  0.56  13.0  28.6
120220261011  0.791  10.8  354.3  15.0  0.43  11.3  28.6
120220261012  0.788  10.8  354.1  15.0  0.55  16.9  28.6
120220261013  0.785  10.5  353.6  15.0  0.59  14.7  28.6
120220261014  0.782  10.4  353.0  15.0  0.56  14.0  28.6
120220261015  0.779  10.0  351.9  15.0  0.64  12.4  28.6
120220261016  0.777  9.7  349.2  15.0  0.47  21.9  28.6
120220261017  0.775  9.7  347.4  15.0  0.57  18.8  28.6
120220261018  0.772  9.5  344.6  15.0  0.50  20.1  28.6
120220261019  0.769  9.3  342.8  15.0  0.55  16.3  28.6
120220261020  0.767  8.7  341.6  15.0  0.47  17.9  28.6
120220261021  0.765  8.2  338.8  12.5  0.44  15.8  28.6
120220261022  0.763  8.2  339.2  13.2  0.63  15.1  28.6
120220261023  0.761  8.5  340.3  15.0  0.58  20.5  28.6
120220261024  0.757  8.7  341.8  15.0  0.71  14.1  28.6
120220261025  0.753  9.0  344.1  15.0  0.60  20.2  28.6
120220261026  0.752  9.1  347.0  15.0  0.52  14.1  28.6
120220261027  0.749  9.4  350.9  15.0  0.43  11.0  28.7
120220261028  0.747  9.7  354.0  15.0  0.64  15.1  28.7
120220261029  0.744  10.0  356.2  15.0  0.60  16.0  28.7
120220261030  0.742  10.6  357.9  15.0  0.53  15.9  28.7
120220261031  0.739  11.1  359.9  15.0  0.57  8.0  28.7
120220261032  0.737  11.1  0.6  15.0  0.56  16.6  28.7
120220261033  0.735  10.8  1.1  14.4  0.48  13.4  28.7
120220261034  0.733  10.8  1.4  14.8  0.53  18.5  28.7
120220261035  0.732  10.8  1.3  14.8  0.63  12.5  28.7
120220261036  0.731  11.0  1.4  14.8  0.62  13.1  28.7
120220261037  0.728  11.0  1.4  14.8  0.53  16.7  28.7
120220261038  0.727  10.9  1.9  14.8  0.54  19.5  28.7
120220261039  0.727  11.1  2.3  14.8  0.62  14.9  28.7
120220261040  0.725  11.3  2.5  14.8  0.53  18.5  28.7
120220261041  0.725  11.5  3.0  14.8  0.63  12.8  28.7
120220261042  0.725  11.8  2.7  14.8  0.66  16.8  28.7
120220261043  0.723  12.2  2.2  15.0  0.62  17.0  28.7
120220261044  0.721  12.1  2.6  15.0  0.59  14.3  28.7
120220261045  0.720  12.0  3.3  15.0  0.50  15.4  28.7
120220261046  0.720  12.0  3.7  15.0  0.47  13.8  28.7
120220261047  0.720  11.8  3.9  15.0  0.51  13.5  28.7
120220261048  0.720  11.7  4.2  15.0  0.47  22.5  28.8
120220261049  0.720  11.5  4.6  15.0  0.54  13.5  28.8
120220261050  0.718  11.4  4.8  15.0  0.51  14.1  28.8
120220261051  0.720  11.4  5.0  15.0  0.47  17.4  28.8
120220261052  0.720  11.3  6.2  15.0  0.38  21.3  28.8
120220261053  0.718  11.1  7.2  13.3  0.44  17.9  28.8
120220261054  0.719  11.0  8.7  14.8  0.47  15.5  28.8
120220261055  0.720  11.2  9.6  14.8  0.52  16.6  28.8
120220261056  0.720  11.0  10.7  14.8  0.60  11.1  28.8
120220261057  0.721  11.2  11.1  14.8  0.38  15.3  28.8
120220261058  0.722  11.5  11.2  14.8  0.37  32.8  28.8
120220261059  0.723  11.9  10.3  14.8  0.43  23.8  28.8
120220261100  0.722  12.0  9.4  14.8  0.40  22.3  28.8
120220261101  0.721  12.2  9.1  14.8  0.50  18.7  28.8
120220261102  0.721  12.2  9.2  14.8  0.40  21.3  28.8
120220261103  0.721  12.1  9.5  14.8  0.45  14.7  28.8
120220261104  0.721  12.5  8.6  15.9  0.35  18.0  28.8
120220261105  0.721  12.9  7.2  17.2  0.48  15.8  28.8
120220261106  0.721  13.4  6.2  17.2  0.40  13.9  28.8
120220261107  0.721  13.6  5.3  17.2  0.40  21.8  28.8
120220261108  0.722  13.8  4.5  17.3  0.41  16.9  28.8
120220261109  0.724  14.0  4.0  17.3  0.36  18.3  28.9
120220261110  0.724  14.3  3.9  17.8  0.43  13.9  28.9
120220261111  0.725  14.4  4.0  17.8  0.25  26.2  28.9
120220261112  0.726  14.7  3.2  17.8  0.25  19.1  28.9
120220261113  0.725  15.0  2.3  17.8  0.15  33.9  28.9
120220261114  0.725  14.6  1.1  17.8  0.30  30.0  28.9
120220261115  0.724  14.2  0.9  17.8  0.38  17.1  28.9
120220261116  0.724  14.0  1.0  17.8  0.36  20.8  28.9
120220261117  0.724  14.0  0.9  17.8  0.40  22.9  28.9
120220261118  0.725  13.9  0.5  17.8  0.31  20.1  28.9
120220261119  0.724  13.8  359.9  17.8  0.48  19.3  28.9
120220261120  0.724  13.6  359.5  17.0  0.20  30.0  28.9
120220261121  0.722  13.3  359.0  16.4  0.21  27.8  28.9
120220261122  0.719  13.0  358.7  15.7  0.21  36.1  28.9
120220261123  0.718  12.9  358.8  15.6  0.39  23.0  28.9
120220261124  0.717  13.3  359.2  15.6  0.36  18.1  28.9
120220261125  0.717  13.3  359.4  15.6  0.32  14.6  28.9
120220261126  0.716  13.1  359.6  15.6  0.35  20.9  28.9
120220261127  0.713  12.8  359.4  15.6  0.31  33.7  28.9
120220261128  0.712  12.7  360.0  15.6  0.33  35.1  28.9
120220261129  0.710  12.5  0.4  15.6  0.32  26.7  28.9
120220261130  0.709  12.2  1.0  15.0  0.45  13.5  28.9
120220261131  0.707  12.2  1.2  15.0  0.41  26.4  28.9
120220261132  0.707  12.4  2.4  15.7  0.29  35.0  28.9
120220261133  0.706  12.5  2.5  16.4  0.35  18.3  28.9
120220261134  0.705  12.2  4.2  16.4  0.51  20.2  28.9
120220261135  0.704  12.2  6.8  16.4  0.32  15.2  28.9
120220261136  0.702  12.2  8.6  16.4  0.21  25.3  28.9
120220261137  0.702  12.2  10.9  16.4  0.36  19.6  28.9
120220261138  0.701  11.8  11.4  16.4  0.39  19.2  29.0
120220261139  0.700  11.7  13.3  16.4  0.43  11.6  29.0
120220261140  0.700  11.7  14.6  16.4  0.51  14.1  29.0
120220261141  0.700  11.9  15.7  17.2  0.52  11.3  29.0
120220261142  0.699  11.9  16.7  17.2  0.40  14.2  29.0
120220261143  0.698  11.8  18.1  17.2  0.49  6.4  29.0
120220261144  0.696  11.9  18.6  17.2  0.48  7.7  29.0
120220261145  0.695  11.9  17.3  17.2  0.46  18.5  29.0
120220261146  0.693  12.3  16.2  17.3  0.49  7.3  29.0
120220261147  0.692  12.5  15.7  17.3  0.41  8.9  29.0
120220261148  0.691  12.7  17.3  17.3  0.52  12.4  29.0
120220261149  0.691  12.9  17.5  17.3  0.41  7.0  29.0
120220261150  0.690  13.0  18.5  17.3  0.37  7.6  29.0
120220261151  0.689  12.9  20.2  17.3  0.49  10.0  29.0
120220261152  0.687  12.6  20.9  17.3  0.51  17.6  29.0
120220261153  0.686  12.6  22.5  17.3  0.47  15.0  29.0
120220261154  0.683  12.6  23.0  17.3  0.36  17.7  29.0
120220261155  0.683  12.5  24.3  17.3  0.45  20.7  29.0
120220261156  0.681  12.1  25.8  17.3  0.35  17.4  29.0
120220261157  0.682  11.9  27.3  16.6  0.42  12.4  29.0
120220261158  0.681  11.9  26.7  16.6  0.46  5.9  29.0
120220261159  0.681  11.9  27.0  16.6  0.43  3.3  29.0
120220261200  0.681  12.0  26.6  16.6  0.39  10.0  29.0
120220261201  0.681  11.9  25.9  15.3  0.52  9.4  29.0
120220261202  0.683  12.0  26.2  15.3  0.49  13.4  29.1
120220261203  0.683  12.1  26.5  15.3  0.33  20.7  29.1
120220261204  0.684  12.2  27.4  16.0  0.45  7.0  29.1
120220261205  0.683  12.4  27.7  16.0  0.33  5.2  29.1
120220261206  0.683  12.5  26.8  16.0  0.48  15.3  29.1
120220261207  0.684  12.5  25.9  16.0  0.33  6.6  29.1
120220261208  0.683  12.5  26.0  16.0  0.34  16.6  29.1
120220261209  0.683  12.4  26.4  16.6  0.38  9.7  29.1
120220261210  0.684  12.1  26.9  16.6  0.44  15.8  29.1
120220261211  0.686  12.0  27.5  16.6  0.38  4.5  29.1
120220261212  0.687  11.8  27.0  16.6  0.31  15.5  29.1
120220261213  0.689  11.6  26.3  16.6  0.33  10.0  29.1
120220261214  0.691  11.5  25.8  16.6  0.30  9.3  29.1
120220261215  0.694  11.4  25.8  16.6  0.25  21.1  29.1
120220261216  0.696  11.3  27.2  16.6  0.27  4.2  29.1
120220261217  0.700  11.4  27.5  16.6  0.30  11.5  29.1
120220261218  0.701  11.2  28.4  16.6  0.39  10.0  29.1
120220261219  0.703  11.2  28.8  16.3  0.29  3.4  29.1
120220261220  0.705  11.4  28.9  16.3  0.28  2.8  29.1
120220261221  0.707  11.5  27.7  16.3  0.31  8.9  29.1
120220261222  0.709  11.9  26.4  16.6  0.28  4.4  29.1
120220261223  0.710  12.1  26.5  16.6  0.19  7.7  29.1
120220261224  0.711  12.0  25.7  16.6  0.23  10.5  29.1
120220261225  0.711  11.8  25.6  16.6  0.25  7.3  29.1
120220261226  0.711  11.7  25.6  16.6  0.22  10.0  29.1
120220261227  0.713  11.3  25.9  16.6  0.28  1.6  29.2
120220261228  0.713  11.5  27.0  16.6  0.27  6.8  29.2
120220261229  0.715  11.5  28.2  16.6  0.17  1.4  29.2
120220261230  0.716  11.5  28.8  16.6  0.14  16.3  29.2
120220261231  0.718  11.4  30.9  16.6  0.13  3.9  29.2
120220261232  0.721  11.0  33.6  16.2  0.15  6.2  29.2
120220261233  0.724  10.8  34.2  16.2  0.15  12.2  29.1
120220261234  0.726  10.7  35.5  16.2  0.25  8.2  29.1
120220261235  0.728  11.0  35.7  16.2  0.09  12.4  29.1
120220261236  0.728  11.0  36.0  16.2  0.17  10.7  29.1
120220261237  0.730  11.2  35.3  16.2  0.16  8.6  29.2
120220261238  0.732  11.0  34.6  16.2  0.13  17.1  29.2
120220261239  0.733  11.1  33.7  16.2  0.24  10.9  29.2
120220261240  0.733  11.0  33.3  15.4  0.16  5.7  29.2
120220261241  0.734  10.9  31.9  15.3  0.20  15.0  29.2
120220261242  0.735  10.9  31.5  15.3  0.18  18.9  29.2
120220261243  0.736  11.1  30.6  15.9  0.10  7.8  29.2
120220261244  0.738  11.4  30.4  16.5  0.26  8.3  29.2
120220261245  0.740  11.5  30.4  16.9  0.16  15.0  29.2
120220261246  0.741  11.5  29.7  16.9  0.11  182.0  29.2
120220261247  0.743  11.6  29.6  16.9  0.14  9.2  29.2
120220261248  0.744  11.9  28.8  16.9  0.10  22.4  29.2
120220261249  0.746  12.0  28.2  16.9  0.19  7.0  29.2
120220261250  0.746  12.2  27.4  17.4  0.10  34.6  29.2
120220261251  0.748  12.6  27.5  19.8  0.10  353.6  29.2
120220261252  0.750  13.0  26.2  19.8  0.06  67.8  29.2
120220261253  0.752  13.2  25.9  19.8  0.10  12.3  29.2
120220261254  0.754  13.2  25.7  19.8  0.11  13.0  29.2
120220261255  0.756  13.3  24.5  19.8  0.14  165.2  29.2
120220261256  0.757  13.7  23.4  19.8  0.07  19.5  29.2
120220261257  0.757  13.6  23.8  19.8  0.07  157.7  29.2
120220261258  0.758  13.6  23.2  19.8  0.05  63.6  29.2
120220261259  0.759  13.5  23.6  19.8  0.10  150.8  29.2
120220261300  0.760  13.3  23.6  19.8  0.11  160.4  29.2
120220261301  0.760  13.0  23.4  18.5  0.02  48.7  29.2
120220261302  0.760  13.0  24.2  18.5  0.08  161.1  29.2
120220261303  0.761  12.9  24.7  18.5  0.08  127.8  29.2
120220261304  0.761  12.9  24.9  18.5  0.07  159.0  29.2
120220261305  0.761  12.7  25.2  18.5  0.05  127.5  29.2
120220261306  0.761  12.3  26.0  18.2  0.10  134.9  29.2
120220261307  0.761  12.5  25.9  18.2  0.06  96.2  29.2
120220261308  0.761  12.5  26.4  18.2  0.18  156.7  29.2
120220261309  0.763  12.5  26.3  18.2  0.10  162.4  29.3
120220261310  0.764  12.6  25.9  18.2  0.03  165.2  29.3
120220261311  0.764  12.7  25.2  18.2  0.08  133.3  29.2
120220261312  0.764  12.7  24.9  18.2  0.07  112.0  29.2
120220261313  0.763  12.8  24.1  18.2  0.06  63.5  29.2
120220261314  0.764  12.5  23.9  16.6  0.07  122.1  29.2
120220261315  0.763  12.6  24.4  16.6  0.15  59.6  29.2
120220261316  0.765  12.9  25.0  16.6  0.13  51.4  29.2
120220261317  0.765  12.9  24.6  16.6  0.14  88.8  29.3
120220261318  0.765  12.8  25.5  16.6  0.05  100.0  29.3
120220261319  0.763  12.8  25.3  16.6  0.11  32.4  29.3
120220261320  0.763  12.7  25.6  16.6  0.10  109.1  29.3
120220261321  0.761  12.6  26.3  16.6  0.10  34.5  29.3
120220261322  0.760  12.5  27.3  16.6  0.05  35.5  29.3
120220261323  0.760  12.4  28.7  16.5  0.17  27.4  29.3
120220261324  0.760  12.6  28.8  16.5  0.08  38.9  29.3
120220261325  0.761  12.4  29.0  16.5  0.08  53.0  29.2
120220261326  0.761  12.3  29.3  16.5  0.11  57.8  29.2
120220261327  0.761  12.0  30.0  16.5  0.06  108.9  29.2
120220261328  0.761  12.1  30.6  15.4  0.03  338.4  29.2
120220261329  0.761  12.1  30.9  15.4  nan  nan  nan
120220261330  0.761  12.0  31.2  15.4  0.07  98.4  29.2
120220261331  0.762  12.3  31.1  17.2  0.08  63.4  29.3
120220261332  0.762  12.3  31.0  17.2  0.04  79.1  29.3
120220261333  0.762  12.3  30.6  17.2  0.03  207.1  29.3
120220261334  0.762  12.5  29.7  17.2  0.04  354.1  29.3
120220261335  0.764  12.4  29.8  17.2  0.02  214.4  29.3
120220261336  0.764  12.4  29.4  17.2  nan  nan  nan
120220261337  0.766  12.7  29.2  17.2  0.02  179.7  29.3
120220261338  0.766  12.8  28.7  17.2  0.02  26.7  29.3
120220261339  0.768  13.2  27.3  19.6  0.05  22.5  29.3
120220261340  0.770  13.7  26.0  19.7  0.07  63.1  29.3
120220261341  0.772  13.9  24.8  20.4  0.07  63.1  29.3
120220261342  0.775  14.0  24.1  20.4  0.10  159.2  29.3
120220261343  0.777  14.4  24.3  20.4  0.10  177.0  29.3
120220261344  0.781  14.4  24.3  20.4  0.03  113.2  29.3
120220261345  0.785  14.4  23.8  20.4  0.07  50.8  29.3
120220261346  0.788  14.9  23.1  20.4  0.07  162.7  29.3
120220261347  0.791  14.8  23.2  20.4  0.11  55.7  29.3
120220261348  0.793  14.9  22.9  20.4  0.12  159.5  29.3
120220261349  0.798  14.8  24.3  20.4  0.14  167.6  29.3
120220261350  0.802  14.5  24.4  20.4  0.10  169.4  29.3
120220261351  0.804  14.2  25.4  19.1  0.12  178.9  29.3
120220261352  0.808  14.1  25.3  19.1  0.15  168.5  29.3
120220261353  0.810  14.0  24.8  19.4  0.11  146.4  29.3
120220261354  0.811  13.9  24.9  19.4  0.14  197.8  29.3
120220261355  0.813  14.2  25.3  19.4  0.19  183.6  29.3
120220261356  0.816  13.8  25.3  19.4  0.08  155.6  29.3
120220261357  0.818  13.9  25.4  19.4  0.18  185.1  29.3
120220261358  0.821  14.0  25.8  19.4  0.09  158.8  29.3
120220261359  0.825  14.1  25.5  19.4  0.21  179.2  29.4
120220261400  0.827  14.0  27.0  19.4  0.11  168.7  29.4
120220261401  0.828  14.3  26.4  19.4  0.17  175.0  29.4
120220261402  0.830  14.4  27.2  19.4  0.28  186.8  29.4
120220261403  0.833  14.3  27.4  19.2  0.28  179.8  29.4
120220261404  0.835  14.4  27.6  19.2  0.17  188.1  29.4
120220261405  0.838  14.4  26.9  19.2  0.12  178.2  29.4
120220261406  0.841  14.4  27.5  19.2  0.23  176.5  29.3
120220261407  0.843  14.4  27.2  19.2  0.29  182.0  29.3
120220261408  0.844  14.3  26.1  19.2  0.28  176.9  29.3
120220261409  0.846  14.1  26.0  18.8  0.27  185.8  29.3
120220261410  0.848  14.1  24.5  18.8  0.21  180.0  29.3
120220261411  0.851  13.8  24.6  18.8  0.14  164.2  29.3
120220261412  0.852  13.7  24.4  18.8  0.22  173.6  29.3
120220261413  0.856  13.9  25.7  18.8  0.27  179.2  29.3
120220261414  0.860  13.9  25.7  17.2  0.30  177.9  29.3
120220261415  0.863  13.6  26.3  17.2  0.25  179.7  29.3
120220261416  0.866  13.9  25.5  19.8  0.30  179.9  29.3
120220261417  0.869  14.0  25.3  19.8  0.12  165.5  29.3
120220261418  0.872  13.9  25.3  19.8  0.20  186.6  29.3
120220261419  0.875  13.9  24.9  19.8  0.27  185.9  29.3
120220261420  0.880  13.7  26.0  19.8  0.26  174.7  29.3
120220261421  0.883  13.9  26.7  19.8  0.28  185.2  29.4
120220261422  0.887  14.2  26.6  20.6  0.27  190.4  29.4
120220261423  0.891  14.2  25.8  20.6  0.20  176.1  29.4
120220261424  0.896  14.2  26.3  20.6  0.19  183.1  29.4
120220261425  0.899  14.5  26.7  20.6  0.25  183.7  29.4
120220261426  0.903  14.3  27.3  20.6  0.24  168.5  29.4
120220261427  0.907  14.2  27.8  20.6  0.19  182.3  29.4
120220261428  0.909  14.2  28.5  20.6  0.25  171.7  29.4
120220261429  0.911  14.1  28.9  20.6  0.33  190.0  29.4
120220261430  0.914  14.2  28.4  20.6  0.31  177.7  29.3
120220261431  0.916  14.1  27.5  20.6  0.41  178.5  29.3
120220261432  0.917  13.8  27.4  18.9  0.19  168.1  29.3
120220261433  0.919  13.5  27.8  18.9  0.26  176.3  29.3
120220261434  0.920  13.6  27.4  18.9  0.24  174.2  29.3
120220261435  0.922  13.6  27.8  18.9  0.26  183.5  29.4
120220261436  0.923  13.7  28.7  19.1  0.23  169.7  29.4
120220261437  0.925  13.7  28.9  19.1  0.34  170.7  29.4
120220261438  0.925  14.0  28.9  19.1  0.28  181.6  29.4
120220261439  0.925  14.1  29.2  19.1  0.27  176.1  29.4
120220261440  0.926  14.3  30.1  19.1  0.26  176.0  29.4
120220261441  0.926  14.4  30.9  19.1  0.43  174.6  29.4
120220261442  0.927  14.6  30.7  19.1  0.35  170.9  29.4
120220261443  0.929  14.7  29.8  19.1  0.29  175.2  29.4
120220261444  0.928  14.6  29.9  19.1  0.16  173.1  29.4
120220261445  0.929  14.4  29.2  19.1  0.31  175.0  29.4
120220261446  0.929  14.2  28.7  18.5  0.23  177.7  29.4
120220261447  0.930  14.4  28.7  22.2  0.29  167.8  29.4
120220261448  0.929  14.6  28.9  22.2  0.26  175.5  29.4
120220261449  0.929  14.6  28.2  22.2  0.35  173.3  29.4
120220261450  0.929  14.3  27.6  22.2  0.26  172.1  29.4
120220261451  0.929  14.4  27.5  22.2  0.17  165.8  29.4
120220261452  0.930  14.5  27.9  22.2  0.06  136.2  29.4
120220261453  0.930  14.7  28.8  22.2  0.18  172.5  29.4
120220261454  0.929  14.7  28.2  22.2  0.20  178.3  29.4
120220261455  0.930  14.9  28.1  22.2  0.18  171.6  29.4
120220261456  0.931  15.1  27.5  22.2  0.22  179.4  29.4
120220261457  0.933  15.0  26.8  20.6  0.32  170.3  29.4
120220261458  0.933  14.8  26.6  20.1  0.29  176.2  29.4
120220261459  0.933  15.2  25.6  20.9  0.13  173.8  29.4
120220261500  0.933  15.2  25.3  20.9  0.21  170.2  29.4
120220261501  0.933  15.1  24.9  20.9  0.20  160.1  29.4
120220261502  0.934  14.8  24.9  20.9  0.27  165.5  29.4
120220261503  0.933  14.7  24.2  20.9  0.16  140.6  29.4
120220261504  0.934  14.8  24.8  20.9  0.11  109.8  29.4
120220261505  0.935  14.6  24.5  20.9  0.20  160.9  29.4
120220261506  0.935  14.6  25.1  20.9  0.14  137.0  29.4
120220261507  0.937  14.6  24.9  20.9  0.15  133.5  29.4
120220261508  0.936  14.6  24.9  21.2  0.24  163.4  29.4
120220261509  0.935  14.5  26.9  21.2  0.12  159.5  29.3
120220261510  0.934  14.5  27.4  21.2  0.10  131.0  29.3
120220261511  0.934  14.3  27.2  21.2  0.05  88.2  29.3
120220261512  0.935  14.4  27.0  21.2  0.23  157.9  29.3
120220261513  0.935  14.4  26.4  21.2  0.19  176.5  29.4
120220261514  0.936  14.1  25.7  21.2  0.12  115.8  29.4
120220261515  0.938  14.1  25.7  21.2  0.16  158.2  29.4
120220261516  0.938  13.9  26.2  21.2  0.21  157.3  29.4
120220261517  0.940  14.2  26.5  21.2  0.27  172.6  29.4
120220261518  0.943  13.9  25.4  19.8  0.19  165.3  29.4
120220261519  0.944  13.6  25.0  19.8  0.18  158.1  29.4
120220261520  0.948  13.7  24.7  19.8  0.33  176.4  29.4
120220261521  0.950  13.7  24.8  19.8  0.23  169.4  29.4
120220261522  0.951  13.6  24.4  19.8  0.25  176.1  29.4
120220261523  0.954  13.6  24.6  19.8  0.23  164.1  29.4
120220261524  0.957  13.7  24.6  19.8  0.30  169.4  29.4
120220261525  0.961  13.8  25.3  19.8  0.19  164.2  29.4
120220261526  0.964  13.9  24.6  19.8  0.20  166.5  29.4
120220261527  0.965  13.8  23.7  19.4  0.32  168.1  29.4
120220261528  0.967  14.0  24.2  19.4  0.32  167.4  29.4
120220261529  0.968  14.0  23.3  19.4  0.25  165.7  29.4
120220261530  0.968  14.0  23.2  21.4  0.31  169.5  29.4
120220261531  0.972  14.7  22.7  22.8  0.29  168.9  29.4
120220261532  0.974  14.7  22.4  22.8  0.24  160.4  29.4
120220261533  0.976  14.6  23.0  22.8  0.31  160.0  29.4
120220261534  0.979  14.7  23.2  22.8  0.26  165.7  29.4
120220261535  0.981  14.6  23.2  22.8  0.34  178.8  29.4
120220261536  0.984  14.7  24.0  22.8  0.23  169.9  29.4
120220261537  0.986  14.5  24.8  22.8  0.37  174.3  29.4
120220261538  0.987  14.3  25.3  22.8  0.23  169.8  29.4
120220261539  0.991  14.2  25.6  22.8  0.34  181.2  29.4
120220261540  0.992  14.1  25.8  22.8  0.22  161.8  29.4
120220261541  0.994  13.6  26.8  20.8  0.34  168.0  29.4
120220261542  0.994  14.0  27.2  20.8  0.21  166.3  29.4
120220261543  0.996  14.1  27.0  20.8  0.36  176.2  29.4
120220261544  0.996  14.2  27.3  20.8  0.27  171.7  29.4
120220261545  0.997  14.2  27.4  20.8  0.32  157.0  29.4
120220261546  0.999  14.1  26.7  20.4  0.35  167.4  29.4
120220261547  0.999  14.2  26.1  20.7  0.30  169.7  29.4
120220261548  1.001  14.1  26.0  20.7  0.27  170.9  29.4
120220261549  1.002  14.1  26.3  20.7  0.30  161.0  29.4
120220261550  1.004  14.1  25.4  20.7  0.29  162.4  29.4
120220261551  1.006  14.2  24.8  20.7  0.29  159.6  29.4
120220261552  1.008  13.8  24.8  20.7  0.22  163.2  29.4
120220261553  1.011  13.8  25.2  20.7  0.41  177.7  29.4
120220261554  1.014  13.6  25.1  20.7  0.21  163.9  29.4
120220261555  1.016  13.7  24.6  20.7  0.29  167.4  29.4
120220261556  1.019  13.6  24.4  20.7  0.43  170.6  29.4
120220261557  1.020  13.6  25.3  19.6  0.25  164.6  29.4
120220261558  1.022  13.7  26.3  19.6  0.34  168.7  29.4
120220261559  1.026  13.7  25.8  19.6  0.27  158.2  29.4
120220261600  1.027  13.6  26.6  19.6  0.24  161.8  29.4
120220261601  1.028  13.5  27.0  17.9  0.41  173.0  29.4
120220261602  1.030  13.5  26.6  17.9  0.37  168.4  29.4
120220261603  1.031  13.7  26.4  18.2  0.37  162.2  29.4
120220261604  1.032  13.8  26.6  21.9  0.38  155.5  29.4
120220261605  1.033  13.9  26.8  21.9  0.40  168.6  29.4
120220261606  1.032  14.2  27.1  21.9  0.36  164.9  29.4
120220261607  1.034  14.2  26.5  21.9  0.31  156.1  29.4
120220261608  1.035  14.2  24.2  21.9  0.44  167.5  29.4
120220261609  1.036  14.5  23.6  21.9  0.38  161.1  29.4
120220261610  1.035  14.9  22.8  21.9  0.28  162.7  29.4
120220261611  1.036  15.0  22.6  21.9  0.33  149.3  29.4
120220261612  1.038  15.1  22.4  21.9  0.35  163.0  29.4
120220261613  1.038  15.0  21.0  21.9  0.28  142.4  29.4
120220261614  1.038  14.7  19.9  19.5  0.35  155.2  29.4
120220261615  1.040  14.7  19.4  19.5  0.39  157.3  29.4
120220261616  1.039  14.7  19.1  19.5  0.34  153.5  29.5
120220261617  1.040  15.1  18.3  21.2  0.33  163.9  29.5
120220261618  1.041  15.1  18.9  21.2  0.33  157.2  29.5
120220261619  1.041  15.0  18.7  21.2  0.24  134.7  29.5
120220261620  1.040  15.0  18.6  22.8  0.25  146.6  29.5
120220261621  1.039  15.1  18.3  22.8  0.37  162.8  29.5
120220261622  1.037  14.9  18.2  22.8  0.22  146.1  29.5
120220261623  1.033  15.1  19.1  22.8  0.32  155.4  29.5
120220261624  1.032  15.3  18.8  22.8  0.36  159.3  29.5
120220261625  1.029  15.0  19.1  22.8  0.26  139.3  29.5
120220261626  1.028  15.0  18.4  22.8  0.33  155.8  29.5
120220261627  1.028  14.9  18.7  22.8  0.37  164.5  29.5
120220261628  1.028  14.8  18.7  22.8  0.20  125.3  29.5
120220261629  1.027  14.9  19.4  22.8  0.24  148.0  29.5
120220261630  1.027  14.6  20.3  21.1  0.28  147.8  29.5
120220261631  1.026  14.6  20.4  21.1  0.28  153.8  29.5
120220261632  1.025  14.5  20.6  21.1  0.29  145.3  29.5
120220261633  1.026  14.3  21.0  21.1  0.21  126.3  29.5
120220261634  1.024  14.1  21.6  21.1  0.22  135.5  29.5
120220261635  1.024  14.1  21.8  21.1  0.30  158.5  29.5
120220261636  1.024  14.0  23.1  18.4  0.22  130.6  29.5
120220261637  1.023  13.6  23.6  18.2  0.26  154.6  29.5
120220261638  1.023  13.3  25.0  18.2  0.18  108.2  29.5
120220261639  1.022  12.9  25.6  16.8  0.15  97.1  29.5
120220261640  1.022  12.8  25.9  16.8  0.20  123.6  29.5
120220261641  1.022  12.7  26.8  16.3  0.20  118.3  29.5
120220261642  1.022  12.7  26.8  16.3  0.27  152.6  29.5
120220261643  1.022  12.5  26.4  16.3  0.14  154.1  29.5
120220261644  1.022  12.9  25.3  18.6  0.24  140.2  29.5
120220261645  1.022  13.2  24.8  18.6  0.21  147.2  29.5
120220261646  1.023  13.3  23.6  18.6  0.14  138.9  29.5
120220261647  1.023  13.3  24.0  18.6  0.15  105.1  29.5
120220261648  1.023  13.2  23.3  18.6  0.18  126.0  29.5
120220261649  1.023  13.2  23.6  18.6  0.18  141.9  29.5
120220261650  1.024  13.0  22.9  18.6  0.14  119.2  29.5
120220261651  1.024  12.8  23.3  18.6  0.19  119.4  29.5
120220261652  1.024  12.7  23.8  18.6  0.26  132.3  29.5
120220261653  1.024  12.5  23.8  18.6  0.17  109.0  29.5
120220261654  1.024  11.7  25.2  18.1  0.25  146.2  29.5
120220261655  1.024  11.0  25.4  17.8  0.18  137.7  29.5
120220261656  1.023  10.2  26.1  16.1  0.19  129.2  29.5
120220261657  1.022  9.6  25.6  16.1  0.22  138.8  29.5
120220261658  1.021  9.5  24.8  16.1  0.24  140.5  29.5
120220261659  1.022  9.3  21.6  16.1  0.23  129.8  29.5
120220261700  1.022  9.2  22.3  16.1  0.20  129.1  29.5
120220261701  1.023  8.8  18.9  16.1  0.20  100.6  29.5
120220261702  1.023  8.5  15.7  12.7  0.16  127.8  29.5
120220261703  1.022  8.3  13.0  11.8  0.19  99.4  29.5
120220261704  1.022  8.3  10.9  11.8  0.19  129.4  29.5
120220261705  1.022  8.4  9.5  11.8  0.17  124.5  29.5
120220261706  1.023  8.5  7.3  11.8  0.26  141.4  29.5
120220261707  1.023  8.6  5.6  11.8  0.20  130.9  29.5
120220261708  1.023  8.7  5.4  12.0  0.20  153.2  29.5
120220261709  1.021  8.8  6.6  12.0  0.09  144.1  29.5
120220261710  1.021  8.9  5.7  12.0  0.22  148.3  29.5
120220261711  1.022  9.1  9.5  12.0  0.16  122.8  29.5
120220261712  1.022  9.4  12.3  13.3  0.24  133.4  29.5
120220261713  1.023  9.8  15.0  13.3  0.18  154.5  29.5
120220261714  1.022  10.0  16.9  13.3  0.29  165.5  29.5
120220261715  1.020  10.4  18.9  15.1  0.24  149.5  29.5
120220261716  1.019  11.0  21.7  18.9  0.14  128.3  29.5
120220261717  1.018  11.4  23.2  18.9  0.17  147.3  29.5
120220261718  1.018  11.8  24.2  18.9  0.15  135.1  29.5
120220261719  1.019  12.3  25.5  18.9  0.23  139.4  29.5
120220261720  1.019  12.6  25.9  18.9  0.16  133.1  29.5
120220261721  1.019  12.8  25.1  18.9  0.15  134.7  29.5
120220261722  1.021  12.9  24.5  18.9  0.26  140.7  29.5
120220261723  1.022  13.1  24.2  18.9  0.21  126.6  29.5
120220261724  1.023  13.3  23.8  18.9  0.27  153.1  29.5
120220261725  1.025  13.4  23.0  18.9  0.23  158.5  29.5
120220261726  1.025  13.2  22.9  17.2  0.17  102.0  29.5
120220261727  1.026  13.1  22.9  17.2  0.12  119.7  29.5
120220261728  1.027  12.7  23.7  17.0  0.25  137.7  29.5
120220261729  1.026  12.3  23.6  16.6  0.16  129.1  29.5
120220261730  1.025  12.0  24.2  16.6  0.25  147.5  29.5
120220261731  1.025  11.8  25.1  16.6  0.21  124.9  29.5
120220261732  1.025  11.7  26.2  16.6  0.11  111.5  29.5
120220261733  1.026  11.5  27.4  15.6  0.24  128.9  29.5
120220261734  1.026  11.1  29.2  15.6  0.14  104.0  29.5
120220261735  1.025  10.9  30.4  15.6  0.16  61.3  29.5
120220261736  1.026  10.6  30.0  13.8  0.28  154.1  29.5
120220261737  1.026  10.6  30.1  13.8  0.25  147.5  29.5
120220261738  1.027  10.6  29.6  14.5  0.16  135.4  29.5
120220261739  1.027  10.5  29.0  14.5  0.18  141.9  29.5
120220261740  1.028  10.7  27.9  15.0  0.16  134.3  29.5
120220261741  1.029  10.7  26.7  15.0  0.19  152.8  29.5
120220261742  1.031  10.6  25.4  15.0  0.16  138.7  29.5
120220261743  1.033  10.6  24.6  15.0  0.15  140.2  29.5
120220261744  1.034  10.6  23.5  15.0  0.14  152.0  29.5
120220261745  1.036  10.6  22.2  15.0  0.09  139.5  29.5
120220261746  1.036  10.6  21.2  15.0  0.13  134.9  29.5
120220261747  1.035  10.4  20.8  15.0  0.12  107.4  29.5
120220261748  1.035  10.1  19.8  15.0  0.04  128.8  29.4
120220261749  1.033  9.9  19.5  15.0  0.08  50.9  29.4
120220261750  1.030  9.3  19.2  13.0  0.10  131.2  29.4
120220261751  1.028  8.8  19.4  12.9  0.09  63.9  29.4
120220261752  1.027  8.2  20.0  12.9  0.11  140.2  29.4
120220261753  1.025  7.8  18.9  12.9  0.12  67.1  29.4
120220261754  1.025  7.3  18.7  12.9  0.09  109.0  29.4
120220261755  1.024  6.6  19.7  10.5  0.12  49.8  29.4
120220261756  1.021  6.2  20.5  10.5  0.09  130.5  29.4
120220261757  1.018  5.7  20.6  10.5  0.11  123.3  29.5
120220261758  1.018  5.3  22.0  9.2  0.10  71.4  29.5
120220261759  1.016  5.1  22.6  8.6  0.07  100.0  29.5
120220261800  1.013  5.1  21.6  9.4  0.06  126.6  29.5
120220261801  1.010  5.4  19.9  10.1  0.17  34.2  29.5
120220261802  1.008  5.9  17.3  11.6  0.15  10.8  29.5
120220261803  1.005  6.1  16.2  11.6  0.14  32.4  29.5
120220261804  1.003  6.6  14.6  11.6  0.07  354.5  29.5
120220261805  1.000  7.1  12.6  11.6  0.20  27.9  29.5
120220261806  0.996  7.5  11.4  11.6  0.27  10.4  29.5
120220261807  0.992  7.8  10.4  11.6  0.16  26.4  29.5
120220261808  0.987  8.4  8.7  11.6  0.20  17.3  29.5
120220261809  0.983  8.8  6.5  11.6  0.18  21.1  29.5
120220261810  0.980  9.0  4.8  11.6  0.23  19.7  29.5
120220261811  0.976  9.1  3.5  11.6  0.28  10.0  29.5
120220261812  0.974  9.0  3.0  11.6  0.20  15.0  29.5
120220261813  0.971  9.0  2.3  11.6  0.21  11.6  29.5
120220261814  0.967  8.9  1.4  11.6  0.19  35.8  29.5
120220261815  0.964  9.0  0.1  11.6  0.33  2.9  29.5
120220261816  0.961  8.9  358.7  11.6  0.08  43.3  29.5
120220261817  0.957  8.9  357.9  11.6  0.22  18.5  29.5
120220261818  0.955  8.7  355.8  10.7  0.23  12.9  29.4
120220261819  0.952  8.5  355.2  10.7  0.24  9.5  29.4
120220261820  0.949  8.1  353.7  10.6  0.34  13.3  29.4
120220261821  0.948  8.0  351.1  10.9  0.26  1.0  29.4
120220261822  0.946  8.2  349.6  10.9  0.25  9.6  29.4
120220261823  0.944  8.0  348.6  10.9  0.26  19.8  29.4
120220261824  0.944  8.0  348.3  11.1  0.32  20.1  29.4
120220261825  0.944  8.2  349.1  11.9  0.30  13.7  29.4
120220261826  0.942  8.3  350.7  11.9  0.28  18.3  29.4
120220261827  0.941  8.7  350.4  11.9  0.04  28.4  29.4
120220261828  0.940  9.0  350.9  12.8  0.19  19.2  29.4
120220261829  0.941  9.3  351.0  12.8  0.19  19.8  29.4
120220261830  0.939  9.7  352.4  12.8  0.26  25.3  29.4
120220261831  0.939  9.9  354.3  12.8  0.32  14.5  29.4
120220261832  0.939  9.9  355.2  12.8  0.19  17.5  29.4
120220261833  0.938  10.1  355.2  12.8  0.29  15.1  29.4
120220261834  0.935  10.2  354.8  12.8  0.18  12.5  29.4
120220261835  0.934  10.1  353.8  12.8  0.28  29.6  29.4
120220261836  0.933  10.0  352.4  12.8  0.23  24.6  29.4
120220261837  0.931  9.6  351.8  12.8  0.35  23.2  29.4
120220261838  0.930  9.3  352.2  11.3  0.27  33.8  29.4
120220261839  0.928  9.0  352.6  11.3  0.24  32.2  29.4
120220261840  0.926  8.9  353.2  11.3  0.14  36.2  29.4
120220261841  0.927  8.6  354.1  11.3  0.13  58.0  29.4
120220261842  0.926  8.4  354.5  11.3  0.24  26.2  29.5
120220261843  0.926  8.3  354.6  11.3  0.27  10.0  29.5
120220261844  0.925  7.9  355.4  10.4  0.25  8.7  29.5
120220261845  0.925  7.6  355.0  9.9  0.23  8.0  29.5
120220261846  0.925  7.3  356.2  9.9  0.26  12.9  29.5
120220261847  0.923  6.8  357.9  9.9  0.25  6.5  29.5
120220261848  0.924  6.2  358.7  9.9  0.33  8.0  29.5
120220261849  0.924  5.7  0.3  9.9  0.41  7.6  29.5
120220261850  0.925  5.3  1.3  9.9  0.33  16.1  29.5
120220261851  0.926  4.8  2.6  9.9  0.34  6.0  29.5
120220261852  0.926  4.3  4.1  9.9  0.28  8.4  29.5
120220261853  0.927  3.9  7.0  9.9  0.29  12.3  29.4
120220261854  0.928  3.6  8.1  9.9  0.26  19.4  29.4
120220261855  0.930  3.4  11.0  9.2  0.16  358.6  29.4
120220261856  0.931  3.2  11.4  5.1  0.21  17.5  29.4
120220261857  0.933  3.5  7.7  7.2  0.27  5.9  29.4
120220261858  0.933  3.8  2.8  7.2  0.24  13.8  29.4
120220261859  0.933  3.9  356.1  7.2  0.12  17.7  29.4
120220261900  0.932  4.1  349.8  7.2  0.33  10.0  29.4
120220261901  0.933  4.4  344.2  7.2  0.23  5.2  29.4
120220261902  0.933  4.6  339.9  7.2  0.26  2.7  29.4
120220261903  0.932  4.8  335.5  7.2  0.31  12.9  29.4
120220261904  0.933  5.0  331.2  7.2  0.25  9.1  29.4
120220261905  0.930  5.0  326.9  7.4  0.23  5.6  29.4
120220261906  0.927  5.0  321.5  7.4  0.43  7.7  29.4
120220261907  0.925  4.6  314.2  7.4  0.25  8.7  29.4
120220261908  0.920  4.3  308.0  7.4  0.25  11.7  29.4
120220261909  0.916  3.9  304.0  7.4  0.27  11.6  29.4
120220261910  0.913  3.6  298.3  7.4  0.25  8.2  29.4
120220261911  0.910  3.4  291.6  7.4  0.28  5.3  29.4
120220261912  0.908  3.3  285.9  7.4  0.26  9.6  29.4
120220261913  0.905  3.0  281.3  7.4  0.25  10.4  29.4
120220261914  0.902  2.7  271.9  7.4  0.32  10.0  29.4
120220261915  0.899  2.5  261.1  4.9  0.44  9.5  29.4
120220261916  0.896  2.3  252.6  4.1  0.41  6.2  29.4
120220261917  0.894  2.3  247.8  5.0  0.37  12.7  29.4
120220261918  0.889  2.3  244.4  5.0  0.33  10.7  29.4
120220261919  0.885  2.3  241.0  5.0  0.22  15.6  29.4
120220261920  0.881  2.2  237.7  5.0  0.43  7.4  29.4
120220261921  0.878  2.2  233.9  5.0  0.34  1.9  29.4
120220261922  0.875  2.1  227.1  5.0  0.32  5.8  29.4
120220261923  0.871  2.2  223.7  5.0  0.36  9.4  29.4
120220261924  0.868  2.3  221.1  5.0  0.25  13.6  29.4
120220261925  0.864  2.5  218.7  5.1  0.38  9.7  29.4
120220261926  0.861  2.5  217.4  5.1  0.33  11.7  29.4
120220261927  0.858  2.6  216.7  5.3  0.36  4.8  29.4
120220261928  0.852  2.8  215.2  5.3  0.39  358.6  29.4
120220261929  0.849  3.1  214.1  5.8  0.35  7.5  29.4
120220261930  0.844  3.3  207.5  7.2  0.40  4.4  29.4
120220261931  0.841  3.5  200.9  7.2  0.50  9.1  29.4
120220261932  0.836  3.9  199.2  7.2  0.37  7.9  29.4
120220261933  0.833  4.1  197.2  7.2  0.36  6.3  29.4
120220261934  0.830  4.2  194.4  7.2  0.51  9.1  29.4
120220261935  0.827  4.0  191.0  7.2  0.55  11.4  29.4
120220261936  0.825  3.9  187.2  7.2  0.41  7.0  29.4
120220261937  0.822  3.6  180.8  7.2  0.61  11.5  29.4
120220261938  0.820  3.5  173.2  7.2  0.52  10.2  29.4
120220261939  0.818  3.4  163.6  7.2  0.56  12.0  29.4
120220261940  0.817  3.2  158.2  5.0  0.52  21.4  29.4
120220261941  0.814  3.1  153.8  5.0  0.48  14.2  29.4
120220261942  0.810  3.1  147.5  5.0  0.44  14.9  29.4
120220261943  0.808  3.0  142.1  5.0  0.52  14.1  29.4
120220261944  0.805  3.1  138.5  6.0  0.56  12.4  29.4
120220261945  0.803  3.1  136.2  6.0  0.46  18.0  29.4
120220261946  0.803  3.2  135.0  6.0  0.43  11.8  29.4
120220261947  0.800  3.3  135.8  6.0  0.54  12.5  29.4
120220261948  0.796  3.3  138.1  6.0  0.38  10.3  29.4
120220261949  0.792  3.1  141.6  6.0  0.60  15.8  29.4
120220261950  0.789  3.0  145.5  6.0  0.55  7.4  29.4
120220261951  0.783  3.0  148.7  6.0  0.41  8.4  29.4
120220261952  0.779  2.9  153.6  6.0  0.67  16.1  29.4
120220261953  0.774  3.0  157.9  6.0  0.63  13.0  29.4
120220261954  0.770  2.9  161.5  4.5  0.69  17.1  29.4
120220261955  0.767  3.0  165.3  5.3  0.53  13.4  29.4
120220261956  0.763  3.1  168.5  5.3  0.63  13.9  29.3
120220261957  0.760  3.2  174.7  5.5  0.50  13.1  29.3
120220261958  0.758  3.4  175.6  6.7  0.58  15.0  29.3
120220261959  0.756  3.8  179.5  7.4  0.52  15.4  29.3
120220262000  0.755  4.1  179.5  7.4  0.47  18.0  29.3
120220262001  0.755  4.7  181.4  9.6  0.41  22.5  29.3
120220262002  0.753  5.1  183.1  9.6  0.41  6.5  29.3
120220262003  0.752  5.7  187.1  12.3  0.39  4.2  29.3
120220262004  0.752  6.5  192.5  14.5  0.35  23.6  29.3
120220262005  0.751  7.2  196.0  14.5  0.32  23.7  29.3
120220262006  0.751  8.2  199.6  14.7  0.43  16.0  29.3
120220262007  0.751  8.9  200.5  14.7  0.32  11.8  29.3
120220262008  0.751  9.7  201.7  15.1  0.47  13.1  29.4
120220262009  0.752  10.0  201.2  15.1  0.39  6.9  29.4
120220262010  0.753  10.6  202.2  15.1  0.43  14.4  29.4
120220262011  0.753  11.0  203.5  15.1  0.49  12.3  29.4
120220262012  0.755  11.4  203.2  15.1  0.38  15.9  29.4
120220262013  0.757  11.5  201.0  15.1  0.43  14.4  29.4
120220262014  0.758  10.9  196.7  15.1  0.30  15.2  29.4
120220262015  0.758  10.3  193.7  15.1  0.39  13.7  29.4
120220262016  0.758  9.8  189.0  15.1  0.31  15.0  29.4
120220262017  0.758  9.3  185.8  15.1  0.42  6.0  29.4
120220262018  0.758  8.7  182.6  14.1  0.46  15.6  29.4
120220262019  0.758  8.5  181.2  14.1  0.44  9.5  29.4
120220262020  0.759  8.2  179.0  14.1  0.43  14.4  29.4
120220262021  0.759  7.8  175.3  13.5  0.41  9.5  29.4
120220262022  0.758  7.5  171.5  13.3  0.46  19.7  29.4
120220262023  0.757  7.3  171.0  13.3  0.23  33.9  29.4
120220262024  0.755  7.2  172.2  13.3  0.34  13.9  29.4
120220262025  0.755  7.2  171.1  13.3  0.29  21.5  29.4
120220262026  0.751  7.1  171.5  12.7  0.47  15.9  29.4
120220262027  0.748  7.2  173.1  12.7  0.41  17.4  29.4
120220262028  0.745  7.3  174.3  12.7  0.37  23.8  29.4
120220262029  0.741  7.1  173.8  12.7  0.28  8.8  29.4
120220262030  0.736  7.0  173.7  12.7  0.43  18.6  29.4
120220262031  0.732  6.8  172.2  12.7  0.30  24.7  29.4
120220262032  0.729  6.5  174.3  12.7  0.35  20.0  29.4
120220262033  0.727  6.2  174.8  11.3  0.40  23.7  29.4
120220262034  0.726  6.1  177.1  10.0  0.32  14.8  29.4
120220262035  0.724  6.0  180.1  9.6  0.43  25.7  29.4
120220262036  0.721  5.8  179.7  9.6  0.50  14.7  29.4
120220262037  0.719  5.4  178.0  8.7  0.37  23.0  29.4
120220262038  0.713  5.0  175.2  8.0  0.41  17.7  29.4
120220262039  0.710  4.6  171.3  8.0  0.43  15.7  29.4
120220262040  0.708  4.3  165.6  7.6  0.47  16.2  29.4
120220262041  0.705  4.2  162.5  7.6  0.53  20.9  29.4
120220262042  0.703  3.9  154.0  7.6  0.57  26.5  29.4
120220262043  0.703  4.0  142.3  8.0  0.54  12.3  29.4
120220262044  0.701  4.0  128.3  8.5  0.39  23.0  29.4
120220262045  0.700  4.3  116.8  9.1  0.47  17.7  29.4
120220262046  0.700  4.5  111.5  9.1  0.45  18.0  29.4
120220262047  0.696  4.8  106.3  9.1  0.40  15.3  29.4
120220262048  0.694  4.9  102.9  9.1  0.42  15.9  29.4
120220262049  0.692  4.8  100.6  9.1  0.42  22.0  29.4
120220262050  0.689  4.4  96.2  9.1  0.37  16.6  29.4
120220262051  0.688  4.2  96.1  9.1  0.39  11.4  29.4
120220262052  0.686  3.7  98.2  9.1  0.37  22.9  29.4
120220262053  0.685  3.0  96.3  9.1  0.31  6.0  29.4
120220262054  0.683  2.5  96.8  9.1  0.34  17.6  29.4
120220262055  0.682  1.9  92.6  8.4  0.41  19.3  29.4
120220262056  0.680  1.3  79.4  7.9  0.52  16.0  29.4
120220262057  0.678  1.0  67.8  5.0  0.52  16.2  29.4
120220262058  0.677  1.0  61.8  5.0  0.41  21.5  29.4
120220262059  0.675  0.9  61.0  4.4  0.50  19.2  29.4
120220262100  0.673  1.1  71.5  4.4  0.50  19.5  29.4
120220262101  0.671  1.1  64.1  3.7  0.57  18.4  29.4
120220262102  0.670  1.5  68.9  3.7  0.59  17.9  29.4
120220262103  0.669  1.6  74.8  3.7  0.52  21.8  29.4
120220262104  0.669  1.7  88.7  4.4  0.63  20.7  29.4
120220262105  0.667  1.8  108.1  5.1  0.72  19.3  29.4
120220262106  0.665  2.2  120.5  5.1  0.80  20.3  29.4
120220262107  0.664  2.5  131.0  5.1  0.74  20.0  29.4
120220262108  0.662  2.8  139.3  5.1  0.76  19.3  29.4
120220262109  0.661  3.0  139.7  5.1  0.70  19.0  29.4
120220262110  0.659  3.2  139.9  5.7  0.60  26.0  29.4
120220262111  0.657  3.4  139.0  5.7  0.53  16.7  29.4
120220262112  0.655  3.4  137.7  5.7  0.62  19.0  29.4
120220262113  0.654  3.1  130.9  5.7  0.59  16.8  29.4
120220262114  0.653  2.8  116.2  9.2  0.63  20.4  29.4
120220262115  0.651  3.2  95.6  11.4  0.57  22.4  29.4
120220262116  0.650  3.7  76.3  11.6  0.58  20.8  29.4
120220262117  0.649  4.8  64.9  13.7  0.61  17.1  29.4
120220262118  0.647  5.6  58.6  13.7  0.57  18.3  29.4
120220262119  0.644  6.1  56.7  13.7  0.56  17.8  29.4
120220262120  0.642  6.5  55.5  13.7  0.51  17.2  29.4
120220262121  0.638  7.0  54.1  13.7  0.56  16.2  29.4
120220262122  0.638  7.3  54.5  13.7  0.54  13.9  29.4
120220262123  0.636  7.3  58.3  13.7  0.58  13.3  29.4
120220262124  0.635  7.2  62.3  13.7  0.53  10.8  29.4
120220262125  0.632  6.5  65.8  13.7  0.56  15.0  29.4
120220262126  0.629  5.7  72.9  13.7  0.46  9.8  29.4
120220262127  0.627  4.8  79.3  9.9  0.54  12.1  29.4
120220262128  0.624  4.0  86.9  9.6  0.52  15.8  29.4
120220262129  0.621  3.2  98.8  9.6  0.49  10.9  29.4
120220262130  0.619  2.5  110.7  9.1  0.55  13.9  29.4
120220262131  0.619  2.2  118.9  8.8  0.45  20.4  29.4
120220262132  0.617  2.3  117.0  10.6  0.55  19.4  29.4
120220262133  0.616  2.3  119.9  10.6  0.44  14.6  29.4
120220262134  0.614  1.9  124.7  10.6  0.54  12.9  29.4
120220262135  0.612  1.6  124.7  10.6  0.57  20.3  29.4
120220262136  0.611  1.6  109.8  10.6  0.48  14.2  29.4
120220262137  0.608  1.9  109.2  10.6  0.51  15.9  29.4
120220262138  0.609  2.1  102.1  10.6  0.49  13.4  29.4
120220262139  0.608  2.0  92.1  10.6  0.43  13.8  29.4
120220262140  0.608  1.9  95.0  10.6  0.38  17.3  29.4
120220262141  0.608  2.0  89.2  10.6  0.45  16.9  29.4
120220262142  0.605  1.3  114.8  10.3  0.67  17.7  29.4
120220262143  0.605  1.0  145.7  10.3  0.65  18.4  29.4
120220262144  0.603  1.3  153.9  10.3  0.43  23.5  29.4
120220262145  0.601  1.1  151.6  10.3  0.56  18.8  29.4
120220262146  0.599  1.1  148.2  10.3  0.34  28.1  29.4
120220262147  0.597  0.9  135.6  8.6  0.45  19.7  29.4
120220262148  0.596  1.3  134.1  8.6  0.38  15.0  29.4
120220262149  0.596  1.8  127.9  8.6  0.41  18.1  29.4
120220262150  0.594  1.9  118.3  8.6  0.32  29.6  29.4
120220262151  0.594  1.9  130.9  8.6  0.54  19.1  29.4
120220262152  0.592  1.7  125.3  8.6  0.52  21.1  29.4
120220262153  0.591  1.6  118.6  8.6  0.41  13.8  29.4
120220262154  0.591  1.6  113.6  8.6  0.42  17.5  29.4
120220262155  0.590  1.8  125.8  8.6  0.46  17.8  29.4
120220262156  0.590  1.9  142.1  7.1  0.48  14.0  29.4
120220262157  0.590  2.0  161.6  6.5  0.31  20.0  29.4
120220262158  0.592  2.0  169.8  4.5  0.42  22.8  29.4
120220262159  0.592  2.0  174.4  4.5  0.53  23.3  29.4
120220262200  0.594  2.1  177.5  4.5  0.29  20.0  29.4
120220262201  0.594  2.4  173.8  4.5  0.37  16.1  29.5
120220262202  0.593  2.6  165.9  4.6  0.23  28.3  29.5
120220262203  0.594  2.4  158.7  4.6  0.25  26.6  29.5
120220262204  0.594  2.2  155.0  4.6  0.30  22.0  29.5
120220262205  0.593  2.0  146.4  4.6  0.26  26.9  29.5
120220262206  0.592  1.9  134.7  4.6  0.29  27.5  29.5
120220262207  0.591  2.2  115.0  7.5  0.26  15.2  29.5
120220262208  0.590  2.5  99.0  8.6  0.28  21.2  29.5
120220262209  0.589  2.9  92.0  8.6  0.30  12.2  29.5
120220262210  0.587  3.1  89.3  8.6  0.25  18.6  29.5
120220262211  0.586  3.0  87.9  8.6  0.28  356.8  29.5
120220262212  0.583  3.0  88.0  8.6  0.36  7.5  29.5
120220262213  0.581  3.0  97.8  8.6  0.39  1.2  29.5
120220262214  0.579  3.2  106.5  8.6  0.23  354.1  29.5
120220262215  0.577  3.3  114.4  8.6  0.41  0.4  29.5
120220262216  0.577  3.2  120.8  8.6  0.42  4.9  29.5
120220262217  0.576  3.1  134.5  8.6  0.41  6.2  29.5
120220262218  0.576  3.1  148.2  7.3  0.36  4.4  29.5
120220262219  0.577  3.3  159.0  7.3  0.37  7.6  29.5
120220262220  0.577  3.2  165.3  7.3  0.29  358.2  29.5
120220262221  0.578  3.3  168.6  7.3  0.49  6.6  29.5
120220262222  0.578  3.2  169.1  7.3  0.34  0.4  29.5
120220262223  0.576  3.0  172.9  5.9  0.42  358.7  29.5
120220262224  0.575  2.8  175.1  5.4  0.39  359.5  29.5
120220262225  0.572  2.6  179.9  5.4  0.48  8.1  29.5
120220262226  0.570  2.6  184.2  5.4  0.35  5.9  29.5
120220262227  0.569  2.4  188.1  5.4  0.32  5.9  29.5
120220262228  0.566  2.1  194.1  5.4  0.34  13.3  29.5
120220262229  0.566  1.7  201.6  4.6  0.45  4.8  29.5
120220262230  0.564  1.5  208.6  4.6  0.45  1.3  29.5
120220262231  0.564  1.2  218.6  3.7  0.42  4.5  29.5
120220262232  0.564  1.2  236.3  3.4  0.41  2.1  29.5
120220262233  0.564  1.3  247.4  3.4  0.43  9.7  29.5
120220262234  0.567  1.4  258.2  3.4  0.51  3.9  29.5
120220262235  0.567  1.4  261.8  3.4  0.32  356.6  29.5
120220262236  0.569  1.2  260.6  3.3  0.33  11.0  29.5
120220262237  0.571  1.0  250.7  3.5  0.30  6.3  29.5
120220262238  0.572  0.8  234.8  3.5  0.51  5.6  29.5
120220262239  0.573  0.7  216.7  3.5  0.33  0.2  29.5
120220262240  0.575  0.7  192.3  3.5  0.33  7.3  29.5
120220262241  0.574  1.0  175.9  3.5  0.43  9.2  29.5
120220262242  0.575  1.1  163.0  3.5  0.32  9.0  29.5
120220262243  0.575  1.1  143.5  3.5  0.30  15.6  29.5
120220262244  0.575  1.2  132.9  3.5  0.38  13.2  29.5
120220262245  0.574  1.3  119.6  3.5  0.38  8.2  29.5
120220262246  0.573  1.3  108.5  3.5  0.37  7.6  29.5
120220262247  0.571  1.0  106.1  3.5  0.31  359.5  29.5
120220262248  0.569  0.8  110.1  3.5  0.29  2.7  29.5
120220262249  0.569  0.8  127.1  3.5  0.35  8.7  29.5
120220262250  0.569  0.8  134.5  3.5  0.32  2.4  29.5
120220262251  0.570  0.7  134.9  3.5  0.34  10.0  29.5
120220262252  0.572  0.8  153.6  3.5  0.26  12.6  29.5
120220262253  0.574  1.1  169.2  3.3  0.27  5.0  29.5
120220262254  0.577  1.3  173.5  3.3  0.48  358.7  29.5
120220262255  0.577  1.4  178.7  3.3  0.33  11.7  29.5
120220262256  0.579  1.4  179.2  3.3  0.23  1.1  29.5
120220262257  0.579  1.2  174.9  3.3  0.34  5.1  29.5
120220262258  0.580  1.0  161.4  3.3  0.35  1.6  29.5
120220262259  0.580  0.8  140.6  3.2  0.29  359.4  29.6
120220262300  0.579  0.8  106.6  3.7  0.34  1.1  29.6
120220262301  0.578  1.0  84.3  4.2  0.32  3.8  29.6
120220262302  0.578  1.5  65.0  6.8  0.35  6.1  29.6
120220262303  0.576  2.0  55.8  6.8  0.31  8.2  29.6
120220262304  0.576  2.4  53.7  6.8  0.36  2.6  29.6
120220262305  0.574  2.8  53.6  6.8  0.35  10.0  29.6
120220262306  0.571  3.0  53.2  6.8  0.41  4.3  29.6
120220262307  0.570  3.2  55.4  6.8  0.43  7.9  29.6
120220262308  0.568  3.2  60.9  6.8  0.41  6.7  29.6
120220262309  0.567  3.1  65.6  6.8  0.32  12.4  29.6
120220262310  0.566  3.0  68.8  6.8  0.35  4.2  29.6
120220262311  0.567  2.9  72.1  6.8  0.41  14.1  29.6
120220262312  0.569  2.6  80.0  4.9  0.40  6.7  29.6
120220262313  0.571  2.2  88.3  4.9  0.14  341.3  29.6
120220262314  0.574  1.8  97.8  4.9  0.26  5.3  29.6
120220262315  0.576  1.6  108.6  4.9  0.37  15.2  29.6
120220262316  0.579  1.5  124.5  4.9  0.32  5.1  29.6
120220262317  0.583  1.5  141.5  4.0  0.42  8.9  29.6
120220262318  0.585  1.5  150.0  3.7  0.28  16.9  29.6
120220262319  0.586  1.6  154.3  3.7  0.35  5.6  29.6
120220262320  0.588  1.7  160.1  3.7  0.16  16.1  29.6
120220262321  0.590  1.8  167.3  3.7  0.28  11.2  29.6
120220262322  0.592  1.9  171.2  3.7  0.32  6.1  29.6
120220262323  0.594  1.9  167.2  3.7  0.27  3.3  29.6
120220262324  0.596  2.0  163.2  3.7  0.23  7.1  29.6
120220262325  0.599  2.1  162.9  3.7  0.24  10.0  29.6
120220262326  0.601  2.2  160.6  3.7  0.20  15.5  29.6
120220262327  0.602  2.2  157.4  3.7  0.27  11.6  29.6
120220262328  0.603  2.1  156.0  3.7  0.18  5.7  29.6
120220262329  0.607  2.0  156.0  3.7  0.15  22.9  29.6
120220262330  0.610  1.9  155.0  3.7  0.12  20.1  29.6
120220262331  0.613  1.9  154.4  3.7  0.13  18.7  29.6
120220262332  0.617  1.9  154.0  3.7  0.06  20.6  29.6
120220262333  0.622  1.8  156.7  3.7  0.14  2.2  29.6
120220262334  0.625  1.8  156.6  3.7  nan  nan  nan
120220262335  0.630  1.8  157.2  3.7  0.04  328.8  29.6
120220262336  0.635  1.9  155.2  3.7  0.06  15.2  29.6
120220262337  0.637  1.8  153.2  3.1  0.07  186.8  29.6
120220262338  0.637  2.0  157.4  3.1  0.03  259.0  29.6
120220262339  0.637  2.1  159.7  3.1  0.06  183.1  29.6
120220262340  0.635  2.2  162.0  3.1  nan  nan  nan
120220262341  0.634  2.3  162.6  3.5  0.08  345.3  29.6
120220262342  0.632  2.4  162.9  3.6  0.02  141.6  29.6
120220262343  0.632  2.5  162.4  3.6  0.13  195.3  29.6
120220262344  0.630  2.5  164.0  3.6  0.03  152.4  29.6
120220262345  0.631  2.4  164.6  3.6  0.06  328.8  29.6
120220262346  0.630  2.3  170.2  4.1  nan  nan  nan
120220262347  0.630  2.4  179.5  4.1  0.12  205.3  29.6
120220262348  0.630  2.5  185.4  4.1  0.14  188.4  29.6
120220262349  0.630  2.7  190.5  4.3  0.08  195.3  29.6
120220262350  0.630  2.8  194.0  4.3  0.11  191.0  29.6
120220262351  0.630  2.8  198.0  4.3  0.09  219.3  29.6
120220262352  0.633  2.9  203.1  4.6  0.08  203.7  29.6
120220262353  0.632  3.2  207.9  5.5  0.19  176.4  29.6
120220262354  0.633  3.5  210.9  5.5  0.07  211.8  29.6
120220262355  0.633  3.7  212.7  5.5  0.18  203.9  29.6
120220262356  0.633  3.9  214.2  5.5  0.13  235.0  29.6
120220262357  0.633  4.0  214.6  5.5  nan  nan  nan
120220262358  0.633  4.1  215.5  5.5  0.15  190.0  29.6
120220262359  0.633  4.1  217.4  5.5  nan  nan  nan
130220260000  0.633  4.3  218.8  5.5  0.10  191.1  29.6
130220260001  0.633  4.4  220.9  6.1  0.12  208.4  29.6
130220260002  0.633  4.6  222.4  6.1  0.25  202.4  29.6
130220260003  0.636  4.7  223.6  6.1  0.19  199.2  29.6
130220260004  0.636  4.8  224.9  6.1  0.12  195.8  29.6
130220260005  0.638  5.0  226.5  6.1  0.14  191.6  29.6
130220260006  0.639  5.2  226.8  6.6  0.17  202.3  29.6
130220260007  0.642  5.3  227.4  6.6  0.13  186.6  29.6
130220260008  0.644  5.3  228.1  6.6  0.16  189.3  29.6
130220260009  0.646  5.3  227.5  6.6  0.16  193.4  29.6
130220260010  0.650  5.4  226.9  6.6  0.15  203.1  29.6
130220260011  0.653  5.5  226.2  6.6  0.20  193.9  29.6
130220260012  0.656  5.4  224.3  6.6  0.10  172.6  29.6
130220260013  0.659  5.5  221.9  6.8  0.18  198.8  29.6
130220260014  0.662  5.6  219.1  7.0  0.20  188.3  29.6
130220260015  0.663  5.7  216.5  7.0  0.27  198.7  29.6
130220260016  0.666  5.8  214.2  7.6  0.24  190.5  29.6
130220260017  0.668  5.8  212.1  7.6  0.24  191.9  29.6
130220260018  0.668  6.0  209.7  7.6  0.18  181.1  29.5
130220260019  0.671  6.1  208.3  8.6  0.19  190.0  29.5
130220260020  0.672  6.2  207.5  8.6  0.29  176.9  29.5
130220260021  0.673  6.2  206.2  8.6  0.17  180.1  29.5
130220260022  0.675  6.2  205.9  8.6  0.28  178.8  29.5
130220260023  0.677  6.1  206.1  8.6  0.32  190.4  29.5
130220260024  0.677  6.0  207.5  8.6  0.25  193.1  29.5
130220260025  0.679  5.9  207.8  8.6  0.21  187.9  29.5
130220260026  0.681  5.8  208.5  8.6  0.29  181.9  29.5
130220260027  0.682  5.7  208.4  8.6  0.23  179.0  29.5
130220260028  0.684  5.5  208.9  8.6  0.25  187.7  29.5
130220260029  0.686  5.4  208.6  7.0  0.21  184.7  29.4
130220260030  0.688  5.3  207.3  6.8  0.18  181.1  29.4
130220260031  0.692  5.3  205.8  6.8  0.19  181.9  29.4
130220260032  0.696  5.3  204.1  6.7  0.35  178.3  29.4
130220260033  0.698  5.3  203.1  6.7  0.17  188.1  29.4
130220260034  0.701  5.2  200.7  6.7  0.34  195.9  29.4
130220260035  0.705  5.2  199.5  6.7  0.33  184.2  29.4
130220260036  0.706  5.2  198.4  6.7  0.50  189.3  29.4
130220260037  0.708  5.2  197.5  6.7  0.42  192.1  29.4
130220260038  0.712  5.2  196.8  6.7  0.25  190.0  29.4
130220260039  0.714  5.2  197.6  6.7  0.42  186.0  29.4
130220260040  0.717  5.2  199.7  6.7  0.35  185.2  29.4
130220260041  0.720  5.1  202.2  6.4  0.29  188.9  29.4
130220260042  0.721  5.1  204.6  6.4  0.38  181.7  29.4
130220260043  0.724  5.1  205.9  6.4  0.32  174.1  29.4
130220260044  0.726  5.1  207.4  6.4  0.32  189.3  29.4
130220260045  0.728  5.1  208.7  6.4  0.28  191.2  29.4
130220260046  0.730  4.9  210.5  6.4  0.39  192.3  29.4
130220260047  0.732  4.9  212.6  6.4  0.32  187.9  29.4
130220260048  0.733  4.9  215.2  6.4  0.34  178.1  29.4
130220260049  0.734  4.8  216.9  6.4  0.43  185.1  29.4
130220260050  0.735  4.7  218.3  5.8  0.41  178.7  29.4
130220260051  0.736  4.7  217.0  6.6  0.40  182.0  29.4
130220260052  0.737  4.6  214.3  6.6  0.19  184.6  29.4
130220260053  0.738  4.5  212.8  6.6  0.20  186.0  29.4
130220260054  0.740  4.4  211.5  6.6  0.41  190.3  29.4
130220260055  0.742  4.2  209.6  6.6  0.35  194.1  29.4
130220260056  0.744  4.2  207.0  6.6  0.32  183.7  29.4
130220260057  0.746  4.2  204.9  6.6  0.34  184.4  29.4
130220260058  0.749  4.4  201.6  7.7  0.27  180.1  29.4
130220260059  0.752  4.7  199.3  7.7  0.36  188.1  29.4
130220260100  0.755  4.9  196.5  7.7  0.32  189.3  29.4
130220260101  0.760  4.9  196.7  7.7  0.32  182.4  29.4
130220260102  0.762  5.0  197.0  7.7  0.39  189.4  29.4
130220260103  0.765  5.1  196.4  7.7  0.40  183.5  29.4
130220260104  0.768  5.3  197.1  9.3  0.40  179.8  29.4
130220260105  0.773  5.6  196.3  10.2  0.40  186.4  29.4
130220260106  0.776  5.7  194.6  10.2  0.42  176.3  29.4
130220260107  0.779  5.7  192.9  10.2  0.58  180.3  29.4
130220260108  0.784  5.5  191.4  10.2  0.51  178.3  29.4
130220260109  0.786  5.4  189.2  10.2  0.43  177.1  29.4
130220260110  0.791  5.2  187.0  10.2  0.58  181.7  29.4
130220260111  0.795  5.1  184.1  10.2  0.43  169.8  29.4
130220260112  0.800  5.1  182.3  10.2  0.44  177.6  29.4
130220260113  0.805  5.0  181.2  10.2  0.41  177.5  29.4
130220260114  0.808  4.9  179.1  10.2  0.40  171.6  29.4
130220260115  0.811  4.7  179.4  6.8  0.52  176.5  29.4
130220260116  0.814  5.0  181.3  10.1  0.49  179.7  29.4
130220260117  0.817  5.2  181.6  10.1  0.43  173.1  29.4
130220260118  0.819  5.3  182.9  10.1  0.42  171.8  29.4
130220260119  0.824  5.3  183.4  10.1  0.52  175.4  29.4
130220260120  0.826  5.5  185.1  10.1  0.47  175.1  29.4
130220260121  0.830  5.7  187.3  10.1  0.48  176.3  29.4
130220260122  0.833  5.8  189.0  10.1  0.49  178.5  29.4
130220260123  0.836  6.1  190.1  10.1  0.51  174.2  29.4
130220260124  0.839  6.3  190.9  10.1  0.50  175.5  29.4
130220260125  0.841  6.3  191.3  10.1  0.57  182.2  29.4
130220260126  0.843  6.2  193.0  7.6  0.56  178.8  29.4
130220260127  0.844  6.0  194.0  7.5  0.45  184.8  29.4
130220260128  0.848  5.9  193.5  7.5  0.42  174.8  29.4
130220260129  0.851  6.0  194.4  8.5  0.52  181.5  29.4
130220260130  0.853  6.2  195.5  9.8  0.49  180.8  29.4
130220260131  0.856  6.4  194.3  9.8  0.49  182.3  29.4
130220260132  0.859  6.4  194.2  9.8  0.57  177.3  29.4
130220260133  0.863  6.3  193.4  9.8  0.59  183.0  29.4
130220260134  0.866  6.4  192.2  9.8  0.47  183.2  29.4
130220260135  0.868  6.5  190.5  10.0  0.50  181.1  29.4
130220260136  0.872  6.6  189.3  10.0  0.53  176.6  29.4
130220260137  0.875  7.1  188.7  11.3  0.52  179.7  29.4
130220260138  0.878  7.2  189.1  11.3  0.61  176.3  29.4
130220260139  0.881  7.6  189.6  11.4  0.57  178.4  29.4
130220260140  0.884  7.8  188.2  11.8  0.46  175.6  29.4
130220260141  0.887  7.7  188.9  11.8  0.70  176.9  29.4
130220260142  0.889  8.1  190.1  12.7  0.57  176.9  29.4
130220260143  0.894  8.5  190.7  12.7  0.62  180.9  29.4
130220260144  0.896  8.6  190.6  12.7  0.60  174.3  29.4
130220260145  0.899  8.9  192.3  13.4  0.57  177.6  29.4
130220260146  0.902  9.2  192.3  13.4  0.59  177.1  29.4
130220260147  0.906  9.5  191.2  15.0  0.55  174.6  29.4
130220260148  0.911  9.9  190.0  15.0  0.50  170.2  29.4
130220260149  0.916  9.9  188.8  15.0  0.47  172.8  29.4
130220260150  0.920  9.9  188.3  15.0  0.56  171.1  29.4
130220260151  0.925  10.0  187.8  15.0  0.61  174.6  29.4
130220260152  0.930  9.9  186.4  15.0  0.43  172.1  29.4
130220260153  0.935  9.8  185.7  15.0  0.66  172.9  29.4
130220260154  0.939  9.9  186.0  15.0  0.72  180.5  29.4
130220260155  0.944  9.8  185.5  15.0  0.62  179.0  29.4
130220260156  0.949  9.6  185.8  15.0  0.68  176.3  29.4
130220260157  0.953  9.1  186.9  13.1  0.55  177.1  29.4
130220260158  0.956  8.8  188.9  12.7  0.63  174.9  29.4
130220260159  0.961  8.9  190.5  12.8  0.63  177.7  29.4
130220260200  0.963  8.7  190.8  12.8  0.64  177.2  29.4
130220260201  0.969  9.0  192.3  13.0  0.54  177.3  29.4
130220260202  0.974  9.3  194.2  15.8  0.54  175.1  29.4
130220260203  0.978  9.3  194.6  15.8  0.59  171.6  29.4
130220260204  0.983  9.2  195.0  15.8  0.68  178.8  29.4
130220260205  0.989  9.3  195.0  15.8  0.61  176.6  29.3
130220260206  0.994  9.4  195.4  15.8  0.49  177.6  29.3
130220260207  0.998  10.1  196.5  16.0  0.51  177.1  29.3
130220260208  1.002  10.2  195.6  16.0  0.64  180.9  29.3
130220260209  1.007  10.1  195.3  16.0  0.59  169.0  29.3
130220260210  1.010  10.0  195.8  16.0  0.51  170.7  29.3
130220260211  1.013  9.7  195.1  16.0  0.60  173.5  29.3
130220260212  1.017  9.4  194.3  16.0  0.68  175.2  29.3
130220260213  1.019  9.2  194.6  16.0  0.66  173.0  29.3
130220260214  1.025  9.2  193.8  16.0  0.57  169.7  29.3
130220260215  1.027  9.3  192.5  16.0  0.63  176.2  29.3
130220260216  1.030  9.1  191.6  16.0  0.56  168.2  29.3
130220260217  1.034  8.5  190.2  13.6  0.68  170.7  29.3
130220260218  1.037  8.5  189.0  13.6  0.58  175.3  29.3
130220260219  1.039  8.3  188.1  12.9  0.77  178.3  29.3
130220260220  1.044  8.4  188.6  12.9  0.61  172.5  29.3
130220260221  1.046  8.7  187.3  12.9  0.64  172.6  29.3
130220260222  1.050  8.6  186.2  12.9  0.69  171.0  29.3
130220260223  1.052  8.6  185.3  12.9  0.68  174.6  29.3
130220260224  1.055  8.4  185.9  12.9  0.68  168.7  29.3
130220260225  1.059  8.4  186.7  12.6  0.68  168.4  29.3
130220260226  1.061  8.7  189.5  12.6  0.82  175.9  29.2
130220260227  1.066  8.8  189.9  12.6  0.63  167.5  29.2
130220260228  1.067  8.9  191.7  12.6  0.75  171.3  29.2
130220260229  1.069  9.0  192.5  12.6  0.77  173.8  29.2
130220260230  1.071  9.0  192.7  12.6  0.60  175.8  29.2
130220260231  1.073  8.9  193.3  12.6  0.78  177.7  29.2
130220260232  1.075  9.1  195.1  13.4  0.77  182.8  29.2
130220260233  1.077  9.2  195.6  13.4  0.57  179.7  29.2
130220260234  1.080  9.5  195.9  13.4  0.56  180.6  29.2
130220260235  1.083  9.4  196.3  13.4  0.51  181.7  29.2
130220260236  1.086  9.0  193.8  13.4  0.53  183.5  29.2
130220260237  1.088  8.8  194.6  13.4  0.54  187.9  29.2
130220260238  1.090  8.7  195.0  13.4  0.42  184.4  29.2
130220260239  1.093  8.4  195.1  13.4  0.41  186.4  29.2
130220260240  1.095  8.3  195.0  13.4  0.45  190.0  29.2
130220260241  1.098  8.1  196.1  13.4  0.54  191.6  29.2
130220260242  1.102  7.7  195.5  12.0  0.48  190.7  29.2
130220260243  1.105  7.4  195.9  12.0  0.41  186.5  29.2
130220260244  1.108  7.0  195.4  11.6  0.46  186.4  29.2
130220260245  1.112  6.8  193.7  11.6  0.34  209.6  29.2
130220260246  1.115  6.9  195.0  11.6  0.44  191.3  29.2
130220260247  1.118  6.8  193.8  11.6  0.45  189.0  29.2
130220260248  1.121  6.4  192.4  10.1  0.39  192.3  29.2
130220260249  1.123  6.3  191.3  10.1  0.31  200.9  29.2
130220260250  1.126  6.4  192.9  9.8  0.34  193.6  29.2
130220260251  1.130  6.6  193.3  11.7  0.36  193.8  29.2
130220260252  1.132  6.6  193.2  11.7  0.30  206.4  29.2
130220260253  1.136  6.7  194.2  11.7  0.26  195.2  29.2
130220260254  1.139  6.6  194.9  11.7  0.17  205.7  29.2
130220260255  1.142  6.6  197.0  11.7  0.24  177.3  29.2
130220260256  1.144  6.6  196.3  11.7  0.39  190.6  29.2
130220260257  1.148  6.6  196.7  11.7  0.24  185.8  29.2
130220260258  1.151  6.7  197.6  11.7  0.35  189.4  29.2
130220260259  1.153  6.9  198.1  11.7  0.40  188.9  29.2
130220260300  1.156  7.0  197.4  11.7  0.33  190.7  29.2
130220260301  1.160  6.9  196.2  11.3  0.29  199.3  29.3
130220260302  1.162  7.0  197.3  13.8  0.23  199.4  29.3
130220260303  1.165  7.2  197.4  13.8  0.25  198.4  29.3
130220260304  1.169  7.2  196.7  13.8  0.38  188.2  29.3
130220260305  1.172  7.4  195.3  13.8  0.29  193.9  29.3
130220260306  1.175  7.3  194.6  13.8  0.36  198.5  29.3
130220260307  1.178  7.6  194.0  13.8  0.38  189.7  29.3
130220260308  1.180  7.8  194.0  13.8  0.39  192.3  29.3
130220260309  1.183  7.7  194.2  13.8  0.54  190.8  29.3
130220260310  1.186  7.5  193.5  13.8  0.39  190.0  29.3
130220260311  1.190  7.5  194.0  13.8  0.39  192.8  29.3
130220260312  1.193  7.3  193.6  12.3  0.35  191.9  29.3
130220260313  1.197  7.1  193.2  12.0  0.36  189.7  29.3
130220260314  1.200  6.9  194.1  12.0  0.41  190.5  29.3
130220260315  1.205  6.7  194.7  12.0  0.41  190.3  29.3
130220260316  1.210  6.4  196.6  12.0  0.47  191.9  29.3
130220260317  1.214  6.1  198.5  12.0  0.56  192.4  29.3
130220260318  1.219  5.7  198.7  9.8  0.48  193.9  29.3
130220260319  1.222  5.3  198.0  9.8  0.35  198.2  29.3
130220260320  1.226  5.0  196.8  9.8  0.37  201.8  29.3
130220260321  1.230  4.5  196.7  8.2  0.35  198.6  29.3
130220260322  1.235  4.1  192.6  8.1  0.39  199.2  29.3
130220260323  1.239  3.8  191.8  6.5  0.45  193.2  29.3
130220260324  1.243  3.7  189.1  6.7  0.48  192.1  29.3
130220260325  1.247  3.6  183.8  6.8  0.43  198.6  29.3
130220260326  1.250  3.8  178.4  8.4  0.45  191.5  29.3
130220260327  1.254  3.9  176.4  8.4  0.36  196.5  29.3
130220260328  1.257  4.1  174.3  8.4  0.46  194.3  29.3
130220260329  1.261  4.3  174.3  8.4  0.47  195.0  29.3
130220260330  1.264  4.5  173.3  8.4  0.47  187.1  29.3
130220260331  1.267  4.7  173.2  8.4  0.59  190.2  29.3
130220260332  1.271  4.7  174.8  8.4  0.41  181.5  29.3
130220260333  1.276  4.8  171.4  8.4  0.42  186.8  29.3
130220260334  1.278  4.6  170.1  8.4  0.57  185.1  29.3
130220260335  1.282  4.7  173.1  8.4  0.59  188.7  29.2
130220260336  1.286  4.9  175.0  11.7  0.54  183.2  29.2
130220260337  1.289  5.1  171.9  12.6  0.61  184.7  29.2
130220260338  1.292  5.2  169.6  12.6  0.58  182.9  29.2
130220260339  1.296  5.2  169.5  12.6  0.66  184.9  29.2
130220260340  1.299  5.2  171.7  12.6  0.51  180.6  29.2
130220260341  1.302  5.3  171.2  12.6  0.55  185.6  29.2
130220260342  1.306  5.9  169.8  12.6  0.63  184.2  29.2
130220260343  1.308  6.4  170.7  12.6  0.54  181.4  29.2
130220260344  1.312  6.9  172.3  12.6  0.81  185.5  29.2
130220260345  1.315  7.3  173.2  12.6  0.54  184.4  29.2
130220260346  1.318  7.3  174.7  12.6  0.42  184.7  29.2
130220260347  1.321  7.5  177.8  12.2  0.46  189.0  29.2
130220260348  1.325  7.8  180.1  12.2  0.54  190.0  29.2
130220260349  1.327  8.2  181.1  12.2  0.59  190.2  29.2
130220260350  1.331  8.5  180.1  12.2  0.55  184.8  29.2
130220260351  1.336  8.9  181.4  12.4  0.63  184.9  29.2
130220260352  1.339  9.0  183.5  13.2  0.60  185.0  29.2
130220260353  1.343  9.1  185.3  13.2  0.72  187.5  29.1
130220260354  1.347  9.0  185.4  13.2  0.70  183.3  29.1
130220260355  1.351  8.8  185.4  13.2  0.59  181.3  29.1
130220260356  1.354  8.3  184.4  13.2  0.60  177.2  29.1
130220260357  1.357  7.9  181.3  13.2  0.75  181.8  29.1
130220260358  1.359  7.6  179.8  13.2  0.58  178.3  29.1
130220260359  1.362  6.9  178.3  13.2  0.58  170.4  29.1
130220260400  1.365  6.5  178.0  13.2  0.60  180.0  29.1
130220260401  1.366  6.1  175.3  13.2  0.63  181.3  29.1
130220260402  1.367  5.8  173.8  11.1  0.73  183.3  29.1
130220260403  1.369  5.6  170.2  10.6  0.63  179.9  29.1
130220260404  1.369  5.5  169.3  10.6  0.64  183.2  29.0
130220260405  1.368  5.3  169.7  10.6  0.57  177.6  29.1
130220260406  1.369  5.6  169.9  10.6  0.54  189.4  29.1
130220260407  1.370  5.7  171.8  10.6  0.53  180.3  29.1
130220260408  1.372  5.6  171.7  10.6  0.49  179.3  29.1
130220260409  1.374  5.8  171.4  10.6  0.53  178.9  29.1
130220260410  1.375  5.9  169.4  10.6  0.58  185.4  29.1
130220260411  1.377  5.9  170.0  10.6  0.46  182.0  29.1
130220260412  1.377  5.6  170.2  10.3  0.55  183.1  29.1
130220260413  1.377  5.7  172.9  12.7  0.48  181.4  29.1
130220260414  1.378  6.1  174.1  14.9  0.55  177.9  29.1
130220260415  1.378  6.1  172.4  14.9  0.43  177.0  29.0
130220260416  1.380  6.0  173.8  14.9  0.44  171.6  29.0
130220260417  1.381  5.9  173.2  14.9  0.49  183.6  29.0
130220260418  1.382  5.8  175.8  14.9  0.51  184.1  29.0
130220260419  1.383  5.9  178.6  14.9  0.43  185.4  29.0
130220260420  1.384  6.0  181.3  14.9  0.44  178.6  29.0
130220260421  1.385  6.0  180.5  14.9  0.47  190.2  29.0
130220260422  1.387  6.0  181.8  14.9  0.39  173.4  29.0
130220260423  1.388  5.8  182.7  14.9  0.55  180.1  29.0
130220260424  1.389  5.8  185.5  11.8  0.56  179.5  29.0
130220260425  1.391  6.3  189.2  14.2  0.65  182.1  29.0
130220260426  1.394  6.4  189.0  14.2  0.58  171.0  29.0
130220260427  1.396  6.6  192.3  14.2  0.58  175.1  29.0
130220260428  1.397  7.0  190.8  14.2  0.55  177.1  29.0
130220260429  1.400  7.0  190.4  14.2  0.58  177.7  29.0
130220260430  1.401  7.1  190.9  14.2  0.60  174.5  29.0
130220260431  1.403  7.1  191.4  14.2  0.59  174.9  29.0
130220260432  1.407  7.3  190.7  14.2  0.61  176.1  29.0
130220260433  1.410  7.4  191.2  14.2  0.55  171.8  29.0
130220260434  1.413  7.4  188.6  14.2  0.54  177.1  29.0
130220260435  1.416  7.2  187.5  11.0  0.50  177.6  29.0
130220260436  1.419  7.2  186.8  11.0  0.45  179.6  29.0
130220260437  1.421  7.0  185.6  11.0  0.46  174.7  29.0
130220260438  1.425  7.0  185.7  10.8  0.64  183.2  29.0
130220260439  1.427  7.1  182.4  10.8  0.66  182.0  29.0
130220260440  1.429  7.1  182.6  10.8  0.58  176.6  29.0
130220260441  1.433  7.4  182.4  10.8  0.65  179.9  29.0
130220260442  1.435  7.5  181.9  10.8  0.71  179.9  29.0
130220260443  1.438  7.5  180.3  10.8  0.70  179.2  28.9
130220260444  1.440  7.4  179.7  10.8  0.79  174.8  28.9
130220260445  1.443  7.3  176.6  10.8  0.81  179.7  28.9
130220260446  1.447  7.2  176.1  10.8  0.70  175.8  28.9
130220260447  1.450  7.2  175.6  10.8  0.67  182.1  28.9
130220260448  1.452  7.0  174.0  10.8  0.70  179.5  28.9
130220260449  1.455  7.1  175.4  12.9  0.69  176.6  28.9
130220260450  1.458  7.0  173.9  12.9  0.73  178.6  28.9
130220260451  1.461  7.1  172.5  12.9  0.73  176.7  28.9
130220260452  1.464  7.3  171.0  12.9  0.72  177.7  28.9
130220260453  1.465  7.2  169.5  12.9  0.79  176.0  28.9
130220260454  1.467  7.1  168.8  12.9  0.72  172.0  28.9
130220260455  1.470  7.1  169.6  12.9  0.80  179.5  28.9
130220260456  1.474  7.0  169.3  12.9  0.71  177.5  28.9
130220260457  1.477  7.1  168.8  12.9  0.83  176.8  28.9
130220260458  1.480  7.4  169.1  12.9  0.66  179.2  28.8
130220260459  1.483  7.0  169.7  12.2  0.72  179.8  28.8
130220260500  1.486  7.0  171.3  12.2  0.75  182.1  28.8
130220260501  1.489  6.8  174.2  12.2  0.79  180.6  28.8
130220260502  1.492  6.5  176.1  10.1  0.69  178.5  28.8
130220260503  1.495  6.4  176.3  10.1  0.83  179.7  28.8
130220260504  1.497  6.2  178.1  10.1  0.70  178.2  28.8
130220260505  1.500  6.1  180.2  10.1  0.80  177.7  28.8
130220260506  1.502  6.1  180.4  10.1  0.71  183.6  28.8
130220260507  1.503  6.1  181.5  9.3  0.73  183.7  28.8
130220260508  1.504  5.9  182.6  9.0  0.81  183.5  28.8
130220260509  1.507  5.9  184.3  9.0  0.67  179.1  28.8
130220260510  1.508  5.9  183.6  11.0  0.54  172.3  28.8
130220260511  1.508  6.1  182.3  11.0  0.56  178.1  28.8
130220260512  1.510  5.9  183.1  11.0  0.75  173.8  28.8
130220260513  1.511  5.9  185.5  11.0  0.77  179.2  28.7
130220260514  1.512  6.1  184.7  11.0  0.74  174.1  28.7
130220260515  1.513  5.9  185.0  11.0  0.74  173.4  28.7
130220260516  1.514  5.8  187.0  11.0  0.67  172.0  28.7
130220260517  1.515  5.8  187.7  11.0  0.74  176.4  28.7
130220260518  1.516  5.8  186.5  11.0  0.67  177.1  28.6
130220260519  1.517  5.6  184.8  11.0  0.55  173.0  28.6
130220260520  1.519  5.3  185.0  10.4  0.55  178.5  28.6
130220260521  1.521  5.0  184.3  9.9  0.73  179.5  28.6
130220260522  1.523  5.1  182.5  9.9  0.68  176.4  28.6
130220260523  1.524  5.1  181.8  9.9  0.65  171.8  28.5
130220260524  1.524  4.8  183.0  9.9  0.60  176.5  28.5
130220260525  1.525  5.0  179.2  9.9  0.51  174.7  28.5
130220260526  1.526  4.9  176.8  9.9  0.54  174.5  28.5
130220260527  1.527  4.8  176.6  9.1  0.60  175.5  28.5
130220260528  1.528  4.9  179.5  9.1  0.57  173.8  28.4
130220260529  1.528  5.0  181.1  9.1  0.60  180.4  28.4
130220260530  1.528  5.2  183.8  9.4  0.56  173.7  28.4
130220260531  1.527  5.4  188.0  9.4  0.68  180.4  28.4
130220260532  1.526  5.2  187.0  9.4  0.49  178.0  28.4
130220260533  1.525  5.1  186.5  9.4  0.61  171.3  28.4
130220260534  1.524  5.5  184.9  10.6  0.61  175.0  28.4
130220260535  1.523  5.6  186.1  10.6  0.52  178.9  28.4
130220260536  1.522  5.9  184.7  10.6  0.54  173.6  28.4
130220260537  1.521  5.7  179.1  10.6  0.56  178.3  28.3
130220260538  1.520  5.8  176.6  10.6  0.52  171.7  28.3
130220260539  1.518  5.7  174.3  10.6  0.51  176.5  28.2
130220260540  1.516  5.3  169.8  10.6  0.54  175.2  28.1
130220260541  1.515  5.0  166.0  10.6  0.47  170.8  28.1
130220260542  1.513  4.9  167.0  10.6  0.51  176.4  28.0
130220260543  1.512  5.0  169.2  10.6  0.41  168.5  27.9
130220260544  1.511  4.7  169.6  8.5  0.41  165.7  27.9
130220260545  1.510  4.5  168.5  8.5  0.36  177.0  27.9
130220260546  1.510  4.1  171.8  8.5  0.19  170.4  28.0
130220260547  1.509  4.1  177.2  8.5  0.35  167.4  28.0
130220260548  1.509  3.8  180.9  7.7  0.35  174.7  28.0
130220260549  1.510  3.6  184.2  7.7  0.42  166.3  27.9
130220260550  1.510  3.8  186.4  7.7  0.41  170.2  27.9
130220260551  1.510  3.9  189.4  7.7  0.34  173.0  27.9
130220260552  1.508  4.1  190.8  7.7  0.32  165.0  27.8
130220260553  1.509  4.0  191.4  7.3  0.40  168.1  27.8
130220260554  1.508  3.7  191.7  7.3  0.21  146.9  27.8
130220260555  1.508  3.7  192.2  6.6  0.34  153.2  27.8
130220260556  1.510  3.7  191.9  6.6  0.35  165.4  27.8
130220260557  1.511  3.9  193.1  7.9  0.28  156.1  27.7
130220260558  1.511  4.2  194.4  8.2  0.35  162.2  27.7
130220260559  1.512  4.8  193.5  11.7  0.25  154.1  27.6
130220260600  1.513  5.1  192.4  11.7  0.31  168.5  27.5
130220260601  1.512  5.2  188.6  11.7  0.31  150.4  27.5
130220260602  1.514  5.2  185.4  11.7  0.40  168.1  27.6
130220260603  1.514  5.4  183.2  11.7  0.40  169.1  27.6
130220260604  1.514  5.4  180.4  11.7  0.33  156.2  27.5
130220260605  1.516  5.5  181.5  11.7  0.36  160.1  27.5
130220260606  1.517  5.7  182.0  11.7  0.28  154.4  27.5
130220260607  1.518  5.8  179.9  11.7  0.38  160.5  27.4
130220260608  1.518  5.7  173.9  11.7  0.34  167.1  27.4
130220260609  1.519  5.3  172.6  10.9  0.24  157.1  27.4
130220260610  1.519  5.2  170.2  10.9  0.35  164.0  27.3
130220260611  1.520  4.8  171.2  8.8  0.40  172.1  27.3
130220260612  1.520  5.1  172.7  8.8  0.25  148.5  27.3
130220260613  1.519  5.0  174.4  8.8  0.28  151.4  27.3
130220260614  1.519  5.1  177.8  8.8  0.24  160.8  27.3
130220260615  1.519  5.2  177.1  8.8  0.32  156.9  27.3
130220260616  1.518  5.2  177.3  8.8  0.32  165.3  27.3
130220260617  1.516  5.2  180.6  8.7  0.23  144.0  27.2
130220260618  1.514  5.5  183.4  9.8  0.36  160.4  27.2
130220260619  1.513  5.5  181.6  9.8  0.33  160.0  27.2
130220260620  1.512  5.6  183.6  9.8  0.46  166.3  27.2
130220260621  1.511  6.0  185.1  10.0  0.35  158.2  27.2
130220260622  1.510  6.0  187.9  10.0  0.23  145.7  27.2
130220260623  1.510  6.3  187.5  10.0  0.27  153.5  27.2
130220260624  1.509  6.6  187.5  10.0  0.29  167.9  27.1
130220260625  1.508  6.9  190.3  10.0  0.21  145.7  27.1
130220260626  1.507  7.0  189.7  10.0  0.31  148.5  27.1
130220260627  1.507  7.1  189.4  10.0  0.26  152.1  27.1
130220260628  1.506  7.1  190.7  10.0  0.26  155.8  27.1
130220260629  1.506  7.5  192.6  10.0  0.21  138.3  27.1
130220260630  1.506  7.7  193.5  10.0  0.23  129.6  27.1
130220260631  1.505  7.8  194.4  12.5  0.20  155.8  27.1
130220260632  1.502  8.1  195.2  12.5  0.23  166.9  27.1
130220260633  1.501  8.3  194.8  12.5  0.38  178.9  27.1
130220260634  1.499  8.4  195.8  12.5  0.38  181.0  27.1
130220260635  1.497  8.5  195.8  12.5  0.32  166.2  27.1
130220260636  1.496  8.7  196.9  12.5  0.37  173.0  27.1
130220260637  1.494  8.8  197.0  12.5  0.26  176.0  27.1
130220260638  1.494  9.0  197.6  12.5  0.23  174.1  27.1
130220260639  1.493  9.1  197.7  12.5  0.33  166.6  27.3
130220260640  1.491  9.3  197.9  12.5  0.29  155.0  27.4
130220260641  1.489  9.5  197.5  13.6  0.30  167.4  27.4
130220260642  1.487  9.6  197.3  13.6  0.21  156.0  27.4
130220260643  1.485  9.7  198.2  13.6  0.23  179.9  27.3
130220260644  1.483  9.7  198.7  13.6  0.24  157.3  27.2
130220260645  1.482  9.9  198.3  13.6  0.20  180.3  27.2
130220260646  1.481  10.1  198.2  14.0  0.25  178.3  27.2
130220260647  1.481  10.4  198.6  14.0  0.26  174.7  27.2
130220260648  1.480  10.6  199.6  14.0  0.29  196.1  27.2
130220260649  1.480  10.8  199.8  14.0  0.21  183.1  27.2
130220260650  1.480  10.9  201.3  14.0  0.13  156.8  27.3
130220260651  1.479  10.9  201.2  14.0  0.12  159.2  27.3
130220260652  1.479  10.9  201.4  14.0  0.22  169.3  27.2
130220260653  1.478  10.8  202.2  14.0  0.18  190.0  27.2
130220260654  1.478  10.7  202.9  14.0  0.16  186.5  27.1
130220260655  1.479  10.6  203.6  14.0  0.28  184.0  27.1
130220260656  1.479  10.4  204.5  13.6  0.17  169.4  27.2
130220260657  1.478  10.3  205.5  13.6  0.16  184.3  27.2
130220260658  1.478  10.2  204.9  13.6  0.19  171.0  27.2
130220260659  1.477  9.9  204.7  13.6  0.15  199.2  27.1
130220260700  1.477  9.8  204.2  12.9  0.21  166.6  27.1
130220260701  1.476  10.0  204.8  14.5  0.16  172.9  27.1
130220260702  1.475  10.1  204.5  14.5  0.12  142.4  27.1
130220260703  1.472  10.0  204.2  14.5  0.16  178.4  27.1
130220260704  1.471  10.3  204.7  15.2  0.08  125.9  27.1
130220260705  1.471  10.6  204.7  16.7  0.12  165.0  27.0
130220260706  1.469  10.5  202.9  16.7  0.19  181.2  27.0
130220260707  1.468  9.9  200.4  16.7  0.02  141.6  27.0
130220260708  1.467  9.1  198.2  16.7  0.06  124.1  27.0
130220260709  1.466  8.4  197.6  16.7  0.18  171.4  27.0
130220260710  1.465  7.8  194.0  16.7  0.12  173.0  27.0
130220260711  1.464  6.5  189.2  16.7  0.18  162.9  27.0
130220260712  1.463  5.6  187.1  16.7  0.05  198.4  27.0
130220260713  1.461  4.9  185.0  16.7  0.13  135.1  27.0
130220260714  1.461  3.8  175.8  16.7  0.13  183.3  27.0
130220260715  1.462  2.9  162.5  11.3  0.14  179.8  27.0
130220260716  1.461  2.3  150.0  11.2  0.05  179.1  27.0
130220260717  1.460  2.1  144.0  7.7  0.10  212.2  27.0
130220260718  1.458  2.1  141.0  7.7  0.05  179.1  27.0
130220260719  1.456  2.2  144.8  7.7  0.07  19.2  27.0
130220260720  1.454  2.0  143.4  6.0  0.06  139.6  27.0
130220260721  1.450  2.0  146.9  6.0  0.05  168.6  27.0
130220260722  1.449  2.1  141.0  6.0  nan  nan  nan
130220260723  1.447  2.1  137.5  6.0  nan  nan  nan
130220260724  1.444  2.2  143.3  6.0  0.08  23.4  27.0
130220260725  1.439  2.3  144.4  6.0  0.09  330.2  27.0
130220260726  1.437  2.6  144.3  6.1  0.10  1.3  27.0
130220260727  1.432  2.6  141.8  6.7  0.18  2.4  27.0
130220260728  1.427  2.7  145.0  6.7  0.08  20.8  27.0
130220260729  1.422  2.6  143.5  6.7  0.16  17.6  27.0
130220260730  1.419  2.4  139.1  6.7  0.20  8.3  27.0
130220260731  1.414  2.4  138.2  6.7  0.15  15.9  27.0
130220260732  1.410  2.2  137.7  6.7  0.17  35.1  27.0
130220260733  1.408  2.4  133.2  6.7  0.10  30.6  27.0
130220260734  1.405  2.5  133.1  6.7  0.15  26.6  27.0
130220260735  1.405  2.7  132.6  6.7  0.08  356.0  27.0
130220260736  1.402  2.4  136.3  6.7  0.16  33.4  27.0
130220260737  1.400  2.2  136.0  5.5  0.09  26.8  27.0
130220260738  1.400  1.8  135.9  5.5  0.11  15.2  27.1
130220260739  1.397  1.5  120.8  5.5  0.16  23.9  27.1
130220260740  1.395  1.5  111.8  5.5  0.04  86.6  27.1
130220260741  1.394  1.7  113.6  8.5  0.14  355.0  27.1
130220260742  1.394  2.0  114.5  8.5  0.18  5.1  27.1
130220260743  1.392  1.8  108.0  8.5  0.14  10.0  27.1
130220260744  1.392  1.8  95.5  8.5  0.21  5.3  27.1
130220260745  1.390  2.0  87.0  8.5  0.16  353.6  27.1
130220260746  1.389  2.3  83.9  8.5  0.12  357.4  27.1
130220260747  1.386  2.6  85.8  12.4  0.22  19.8  27.2
130220260748  1.383  3.0  91.2  12.4  0.11  355.2  27.2
130220260749  1.381  2.9  99.0  12.4  0.26  5.8  27.2
130220260750  1.379  2.6  103.4  12.4  0.27  9.6  27.2
130220260751  1.378  2.3  103.8  12.4  0.18  6.8  27.3
130220260752  1.376  2.1  106.1  12.4  0.07  360.0  27.3
130220260753  1.375  2.0  114.1  12.4  0.21  0.4  27.3
130220260754  1.374  2.2  111.5  12.4  0.07  354.9  27.3
130220260755  1.370  2.5  114.0  12.4  0.12  353.7  27.3
130220260756  1.366  2.2  110.7  12.4  0.17  355.7  27.3
130220260757  1.363  2.1  114.9  12.3  0.21  334.4  27.3
130220260758  1.359  2.0  104.1  12.3  0.23  336.6  27.3
130220260759  1.355  2.2  95.1  12.3  0.21  343.7  27.3
130220260800  1.351  2.7  96.5  12.3  0.37  354.6  27.3
130220260801  1.346  2.8  96.8  12.3  0.32  346.8  27.3
130220260802  1.342  3.0  92.6  12.3  0.18  338.1  27.3
130220260803  1.338  3.2  91.1  12.3  0.26  1.1  27.3
130220260804  1.333  2.9  92.6  12.3  0.44  3.7  27.3
130220260805  1.328  2.6  88.4  10.0  0.46  357.8  27.3
130220260806  1.324  2.5  93.8  10.0  0.56  6.4  27.4
130220260807  1.319  2.4  86.2  8.2  0.59  7.0  27.4
130220260808  1.317  2.3  89.8  8.2  0.40  5.8  27.4
130220260809  1.314  2.1  95.1  8.1  0.62  10.9  27.4
130220260810  1.310  2.2  96.7  10.3  0.46  8.5  27.4
130220260811  1.305  2.6  99.8  10.5  0.47  11.2  27.4
130220260812  1.300  2.6  98.5  10.5  0.56  12.4  27.5
130220260813  1.294  2.6  101.2  10.5  0.61  10.2  27.5
130220260814  1.291  2.8  98.6  10.5  0.56  5.0  27.5
130220260815  1.284  2.7  102.4  10.5  0.52  6.1  27.6
130220260816  1.280  2.9  101.9  10.5  0.69  11.6  27.6
130220260817  1.276  2.8  102.6  10.5  0.58  12.7  27.6
130220260818  1.270  2.9  104.6  10.5  0.66  9.2  27.7
130220260819  1.265  3.1  100.5  10.5  0.72  5.5  27.7
130220260820  1.261  3.3  99.6  10.5  0.74  6.0  27.7
130220260821  1.257  3.0  95.8  8.7  0.73  4.6  27.7
130220260822  1.254  2.9  95.4  8.7  0.73  2.2  27.7
130220260823  1.251  2.9  94.2  8.7  0.64  3.0  27.7
130220260824  1.249  3.1  101.0  8.7  0.70  8.4  27.7
130220260825  1.248  2.9  103.2  8.7  0.71  8.0  27.7
130220260826  1.246  3.0  102.4  8.7  0.61  6.0  27.7
130220260827  1.242  3.0  102.6  8.7  0.69  3.8  27.8
130220260828  1.241  2.8  97.0  8.7  0.55  4.2  27.8
130220260829  1.239  2.7  97.6  8.7  0.64  2.9  27.8
130220260830  1.236  2.5  96.2  8.7  0.60  5.6  27.8
130220260831  1.235  2.8  96.4  9.8  0.62  5.3  27.8
130220260832  1.232  3.3  102.9  9.8  0.54  4.6  27.8
130220260833  1.230  3.4  105.6  9.8  0.80  7.1  27.8
130220260834  1.227  3.4  99.9  9.8  0.60  5.2  27.8
130220260835  1.225  3.9  97.2  10.0  0.60  10.2  27.8
130220260836  1.221  4.1  98.1  10.0  0.63  8.6  27.8
130220260837  1.218  4.1  99.5  10.0  0.57  6.1  27.8
130220260838  1.215  4.2  104.3  10.0  0.66  5.3  27.8
130220260839  1.212  3.9  107.3  10.0  0.64  4.8  27.8
130220260840  1.208  3.6  114.0  10.0  0.67  6.8  27.8
130220260841  1.205  3.7  114.9  10.0  0.64  11.2  27.8
130220260842  1.203  3.6  110.7  10.0  0.59  8.7  27.9
130220260843  1.198  3.4  108.9  10.0  0.58  359.9  27.9
130220260844  1.196  3.3  110.5  10.0  0.59  11.5  27.9
130220260845  1.192  3.0  112.8  9.5  0.64  12.3  27.9
130220260846  1.189  2.9  116.2  9.5  0.67  11.8  27.9
130220260847  1.185  3.0  120.1  9.5  0.59  6.6  27.9
130220260848  1.180  3.2  123.1  9.5  0.68  5.6  27.9
130220260849  1.178  3.7  120.6  9.5  0.56  3.7  27.9
130220260850  1.174  3.9  111.4  9.5  0.63  8.2  27.9
130220260851  1.169  3.4  110.5  9.1  0.60  2.4  28.0
130220260852  1.166  3.2  114.5  9.1  0.60  0.0  28.0
130220260853  1.161  3.3  113.5  9.1  0.56  1.8  28.0
130220260854  1.155  3.2  118.8  9.1  0.51  9.6  28.0
130220260855  1.151  3.4  126.4  9.1  0.67  4.3  28.0
130220260856  1.147  3.6  127.1  10.8  0.53  4.5  28.0
130220260857  1.142  3.6  126.4  11.4  0.61  9.6  28.0
130220260858  1.137  3.8  128.2  11.6  0.55  8.8  28.0
130220260859  1.133  3.7  133.8  11.6  0.68  8.0  28.1
130220260900  1.128  3.8  138.3  11.6  0.65  5.9  28.1
130220260901  1.124  4.2  142.2  11.6  0.76  9.4  28.1
130220260902  1.119  4.4  143.8  11.6  0.81  10.5  28.1
130220260903  1.114  4.6  145.6  11.6  0.67  13.0  28.1
130220260904  1.110  4.6  144.4  11.6  0.76  13.5  28.1
130220260905  1.105  4.4  141.1  11.6  0.76  11.2  28.1
130220260906  1.100  4.2  142.3  11.6  0.76  13.8  28.1
130220260907  1.096  3.9  139.9  11.6  0.90  13.4  28.2
130220260908  1.091  3.4  136.2  8.1  0.90  10.5  28.2
130220260909  1.087  3.4  134.2  8.1  0.70  11.1  28.2
130220260910  1.084  3.3  136.2  8.1  0.92  12.7  28.2
130220260911  1.080  3.1  128.8  7.7  0.78  13.1  28.2
130220260912  1.076  3.3  121.9  8.1  0.87  10.9  28.2
130220260913  1.073  3.1  118.6  8.1  0.89  12.0  28.2
130220260914  1.068  3.0  119.9  8.1  0.94  8.2  28.2
130220260915  1.065  3.0  117.5  8.1  0.88  9.9  28.2
130220260916  1.062  2.7  113.2  8.1  0.77  12.5  28.2
130220260917  1.058  2.7  110.5  8.1  0.99  11.3  28.2
130220260918  1.056  2.6  110.1  8.1  0.91  14.8  28.3
130220260919  1.052  2.1  103.5  8.1  0.88  10.8  28.3
130220260920  1.050  1.8  101.5  8.1  0.81  13.0  28.3
130220260921  1.046  1.7  101.2  8.1  0.72  11.2  28.3
130220260922  1.044  1.1  104.2  5.4  0.84  10.4  28.3
130220260923  1.041  1.1  103.2  5.9  0.86  13.6  28.3
130220260924  1.038  1.1  90.3  5.9  0.75  10.3  28.3
130220260925  1.036  1.1  83.9  5.9  0.78  12.3  28.3
130220260926  1.033  1.3  83.5  5.9  0.84  16.6  28.3
130220260927  1.028  1.1  90.7  5.9  0.93  14.4  28.3
130220260928  1.025  1.2  92.8  5.9  0.69  15.0  28.4
130220260929  1.024  1.4  99.7  5.9  0.84  13.9  28.4
130220260930  1.020  1.7  103.2  5.9  0.74  16.8  28.4
130220260931  1.018  1.8  116.2  5.9  0.83  13.6  28.4
130220260932  1.015  2.0  120.8  6.7  0.81  16.2  28.4
130220260933  1.011  2.1  125.1  6.7  0.73  17.8  28.4
130220260934  1.008  2.3  123.8  6.7  0.77  13.8  28.4
130220260935  1.004  2.3  120.0  6.7  0.75  17.5  28.4
130220260936  1.002  2.1  124.4  6.7  0.84  15.5  28.4
130220260937  1.000  2.2  126.5  6.7  0.83  18.4  28.4
130220260938  0.997  2.4  129.2  6.7  0.76  18.4  28.5
130220260939  0.994  2.4  131.7  6.7  0.71  21.5  28.5
130220260940  0.991  2.4  133.1  6.7  0.79  17.0  28.5
130220260941  0.987  2.1  132.9  6.7  0.76  15.2  28.5
130220260942  0.983  2.0  133.1  5.9  0.80  13.9  28.5
130220260943  0.980  2.0  138.6  5.9  0.86  15.2  28.5
130220260944  0.976  2.2  142.9  5.9  0.73  16.9  28.5
130220260945  0.974  2.4  149.6  5.9  0.76  14.8  28.5
130220260946  0.969  2.6  149.3  5.9  0.73  15.9  28.5
130220260947  0.964  2.5  150.4  5.9  0.85  14.7  28.5
130220260948  0.961  2.4  150.5  4.9  0.81  12.3  28.5
130220260949  0.957  2.4  149.4  4.9  0.81  11.7  28.5
130220260950  0.953  2.3  145.7  4.9  0.68  13.9  28.5
130220260951  0.951  2.1  147.9  4.9  0.84  10.3  28.5
130220260952  0.947  2.2  143.9  4.9  0.73  11.7  28.5
130220260953  0.943  2.1  136.5  4.7  0.79  11.7  28.5
130220260954  0.938  2.0  135.8  4.7  0.75  10.6  28.5
130220260955  0.935  1.9  133.8  4.7  0.82  16.0  28.5
130220260956  0.931  1.9  133.1  4.7  0.70  15.2  28.5
130220260957  0.928  1.8  132.5  4.7  0.74  14.4  28.5
130220260958  0.923  1.7  134.6  4.7  0.80  15.5  28.5
130220260959  0.920  1.7  132.6  4.7  0.76  17.8  28.5
130220261000  0.917  1.8  129.5  4.7  0.83  16.7  28.5
130220261001  0.912  2.3  120.8  6.4  0.84  14.0  28.5
130220261002  0.908  2.4  119.5  6.4  0.77  17.4  28.5
130220261003  0.903  2.3  115.8  6.4  0.80  15.6  28.5
130220261004  0.900  2.3  114.3  6.4  0.75  18.5  28.6
130220261005  0.896  2.3  110.3  6.4  0.82  16.8  28.6
130220261006  0.892  2.4  103.8  6.4  0.73  16.0  28.6
130220261007  0.888  2.6  100.9  6.4  0.74  16.5  28.6
130220261008  0.884  2.9  99.2  6.8  0.77  16.2  28.6
130220261009  0.879  3.2  98.8  6.8  0.85  14.4  28.6
130220261010  0.877  3.2  97.5  6.8  0.87  21.4  28.6
130220261011  0.874  3.3  97.0  7.0  0.69  18.5  28.6
130220261012  0.871  3.1  91.8  7.0  0.79  16.3  28.6
130220261013  0.868  3.0  92.1  7.0  0.82  16.4  28.6
130220261014  0.865  2.9  89.8  7.0  0.76  16.3  28.6
130220261015  0.864  2.9  87.9  7.0  0.79  18.3  28.6
130220261016  0.861  2.9  87.4  7.0  0.81  16.9  28.6
130220261017  0.860  3.0  84.7  7.0  0.78  17.1  28.6
130220261018  0.858  2.8  81.2  7.0  0.82  14.5  28.6
130220261019  0.855  2.7  79.1  7.0  0.83  14.8  28.6
130220261020  0.854  2.7  75.5  7.0  0.83  13.8  28.6
130220261021  0.851  2.5  71.6  4.9  0.85  16.1  28.6
130220261022  0.849  2.5  72.1  4.9  0.71  17.7  28.6
130220261023  0.847  2.5  77.7  4.9  0.76  16.9  28.6
130220261024  0.845  2.5  77.7  4.9  0.78  14.3  28.6
130220261025  0.843  2.3  79.9  4.4  0.70  16.7  28.6
130220261026  0.842  2.1  88.1  4.4  0.78  19.2  28.6
130220261027  0.840  2.0  97.8  4.4  0.73  13.8  28.6
130220261028  0.839  1.8  102.2  4.4  0.75  14.7  28.6
130220261029  0.837  1.6  101.7  4.4  0.70  19.1  28.6
130220261030  0.835  1.7  119.3  5.5  0.67  11.7  28.6
130220261031  0.832  1.8  131.2  5.5  0.62  24.5  28.6
130220261032  0.830  1.9  137.5  5.5  0.68  13.0  28.6
130220261033  0.827  1.8  136.9  5.5  0.72  20.3  28.6
130220261034  0.825  2.0  144.5  5.5  0.70  16.9  28.6
130220261035  0.824  2.1  150.9  5.5  0.67  18.2  28.6
130220261036  0.821  2.1  153.6  5.5  0.72  16.0  28.6
130220261037  0.817  2.1  155.9  5.5  0.67  20.3  28.6
130220261038  0.815  2.2  157.5  5.5  0.59  21.3  28.6
130220261039  0.811  2.6  162.0  5.5  0.66  18.5  28.6
130220261040  0.807  2.6  162.8  5.0  0.76  20.1  28.6
130220261041  0.805  2.6  164.8  5.0  0.64  21.2  28.6
130220261042  0.803  2.8  169.2  5.8  0.67  20.6  28.6
130220261043  0.799  3.0  172.6  5.8  0.69  21.3  28.6
130220261044  0.796  3.0  176.3  5.8  0.77  19.2  28.6
130220261045  0.793  3.2  175.1  6.6  0.69  17.5  28.6
130220261046  0.791  3.4  172.0  8.1  0.72  21.9  28.7
130220261047  0.788  3.5  170.8  8.1  0.76  19.3  28.7
130220261048  0.786  3.5  175.9  8.1  0.76  17.3  28.7
130220261049  0.783  3.5  173.6  8.1  0.66  20.9  28.7
130220261050  0.780  3.5  171.2  8.1  0.73  17.5  28.7
130220261051  0.776  3.7  177.0  8.1  0.68  16.0  28.7
130220261052  0.773  3.9  177.7  8.8  0.71  13.1  28.7
130220261053  0.768  3.8  177.4  8.8  0.69  21.6  28.7
130220261054  0.764  3.9  176.6  8.8  0.78  15.0  28.7
130220261055  0.760  3.8  178.3  8.8  0.79  17.3  28.7
130220261056  0.755  3.7  182.7  8.8  0.77  17.7  28.7
130220261057  0.753  3.9  184.7  8.8  0.62  18.1  28.7
130220261058  0.751  4.0  181.5  8.8  0.76  16.9  28.7
130220261059  0.749  3.9  187.3  8.8  0.79  15.9  28.7
130220261100  0.747  4.0  189.8  8.8  0.80  17.6  28.7
130220261101  0.746  3.8  185.3  8.8  0.88  17.3  28.7
130220261102  0.745  3.6  180.5  7.2  0.75  18.9  28.7
130220261103  0.743  3.7  177.6  7.2  0.76  17.8  28.7
130220261104  0.739  4.2  175.3  10.0  0.68  17.8  28.7
130220261105  0.738  4.6  174.1  10.7  0.63  22.1  28.7
130220261106  0.735  5.0  170.6  10.7  0.72  16.2  28.7
130220261107  0.732  5.3  168.4  10.7  0.83  16.5  28.7
130220261108  0.730  5.2  167.9  10.7  0.61  16.7  28.7
130220261109  0.729  5.6  164.2  10.7  0.68  16.9  28.7
130220261110  0.726  5.7  163.5  10.7  0.74  18.3  28.7
130220261111  0.725  5.8  163.3  10.7  0.78  19.9  28.7
130220261112  0.722  5.8  163.2  10.7  0.87  15.8  28.7
130220261113  0.717  5.9  161.6  10.7  0.82  19.4  28.7
130220261114  0.714  5.7  159.5  10.7  0.78  19.1  28.7
130220261115  0.712  5.5  158.8  10.2  0.91  17.4  28.7
130220261116  0.710  5.5  162.0  10.9  0.73  16.3  28.7
130220261117  0.708  5.4  162.6  10.9  0.83  17.4  28.7
130220261118  0.705  5.8  162.9  11.3  0.83  16.5  28.7
130220261119  0.702  5.7  165.5  11.3  0.72  17.6  28.7
130220261120  0.699  5.9  165.9  11.3  0.85  16.6  28.7
130220261121  0.697  6.0  164.8  11.3  0.66  16.3  28.7
130220261122  0.694  5.9  167.1  11.3  0.77  14.4  28.7
130220261123  0.690  5.8  168.5  11.3  0.83  16.7  28.8
130220261124  0.686  5.6  168.6  11.3  0.73  17.1  28.8
130220261125  0.684  5.5  168.4  11.3  0.76  15.0  28.8
130220261126  0.681  5.2  162.8  11.3  0.72  14.8  28.8
130220261127  0.680  5.2  159.7  11.3  0.77  17.4  28.8
130220261128  0.676  4.9  155.2  10.7  0.81  17.6  28.8
130220261129  0.674  4.7  150.7  10.7  0.70  21.2  28.8
130220261130  0.671  4.4  144.4  10.7  0.87  17.0  28.8
130220261131  0.669  4.3  145.2  10.7  0.80  15.8  28.8
130220261132  0.668  4.1  140.2  10.7  0.80  18.6  28.8
130220261133  0.665  4.1  136.4  10.7  0.82  16.3  28.8
130220261134  0.664  4.0  133.6  10.7  0.77  16.2  28.8
130220261135  0.663  3.9  125.2  10.7  0.72  15.9  28.8
130220261136  0.662  3.5  121.6  8.3  0.78  14.2  28.8
130220261137  0.660  3.3  118.2  8.3  0.78  14.6  28.8
130220261138  0.658  3.1  118.7  8.3  0.85  13.4  28.8
130220261139  0.656  2.9  118.8  8.3  0.82  17.8  28.8
130220261140  0.654  2.8  118.4  6.2  0.73  13.2  28.8
130220261141  0.653  2.7  116.7  6.0  0.70  12.5  28.8
130220261142  0.651  2.6  121.1  6.0  0.72  15.9  28.8
130220261143  0.650  2.5  129.0  6.1  0.68  13.0  28.8
130220261144  0.648  2.5  132.9  6.1  0.69  14.8  28.8
130220261145  0.646  2.6  144.4  6.1  0.78  16.2  28.8
130220261146  0.645  2.7  154.0  6.1  0.79  16.1  28.8
130220261147  0.643  2.8  161.3  6.1  0.73  16.9  28.8
130220261148  0.642  2.9  161.0  6.1  0.61  18.4  28.8
130220261149  0.639  3.0  160.5  6.1  0.77  14.6  28.8
130220261150  0.639  3.1  164.5  6.1  0.63  19.3  28.8
130220261151  0.638  3.2  163.3  6.1  0.75  13.0  28.8
130220261152  0.637  3.2  160.8  6.1  0.69  16.0  28.8
130220261153  0.635  3.0  160.7  5.8  0.79  16.6  28.8
130220261154  0.633  2.7  158.8  5.8  0.79  19.8  28.8
130220261155  0.633  2.5  152.2  5.8  0.68  17.7  28.8
130220261156  0.632  2.5  145.9  6.4  0.77  17.5  28.8
130220261157  0.632  2.9  138.2  10.4  0.70  16.0  28.8
130220261158  0.630  3.2  140.3  10.9  0.68  16.1  28.8
130220261159  0.630  3.4  140.5  10.9  0.71  21.0  28.8
130220261200  0.628  3.3  142.6  10.9  0.70  16.4  28.8
130220261201  0.628  3.3  141.6  10.9  0.67  13.2  28.8
130220261202  0.628  3.6  141.3  13.3  0.75  16.4  28.8
130220261203  0.628  3.9  138.9  13.3  0.63  22.2  28.8
130220261204  0.627  4.3  142.1  13.3  0.69  18.9  28.8
130220261205  0.628  4.6  144.0  13.3  0.64  21.0  28.8
130220261206  0.628  4.7  143.3  13.3  0.64  19.5  28.8
130220261207  0.628  4.6  143.7  13.3  0.54  26.9  28.8
130220261208  0.628  4.1  140.2  13.3  0.59  17.0  28.8
130220261209  0.626  3.9  139.4  13.3  0.66  17.7  28.8
130220261210  0.625  3.9  134.0  13.3  0.52  26.5  28.8
130220261211  0.625  3.6  131.9  13.3  0.60  22.5  28.8
130220261212  0.623  3.7  127.6  11.5  0.62  20.2  28.8
130220261213  0.623  3.5  126.7  11.5  0.53  25.0  28.8
130220261214  0.622  3.3  118.8  11.5  0.54  23.0  28.8
130220261215  0.621  3.1  111.2  11.5  0.51  23.4  28.8
130220261216  0.618  2.8  106.1  11.5  0.53  17.1  28.8
130220261217  0.619  2.7  93.8  9.7  0.51  19.6  28.8
130220261218  0.618  2.8  93.0  9.7  0.52  24.0  28.8
130220261219  0.617  3.3  93.6  9.7  0.55  21.5  28.8
130220261220  0.615  3.5  96.2  9.7  0.54  20.7  28.8
130220261221  0.614  3.8  103.6  9.7  0.53  23.9  28.8
130220261222  0.614  3.5  109.2  10.0  0.43  13.1  28.8
130220261223  0.612  3.6  108.4  10.0  0.67  18.2  28.8
130220261224  0.611  3.6  112.4  10.0  0.52  20.1  28.8
130220261225  0.609  3.6  118.1  10.0  0.65  13.1  28.8
130220261226  0.609  3.7  122.6  10.0  0.60  12.2  28.8
130220261227  0.608  3.8  134.2  10.0  0.67  13.6  28.8
130220261228  0.608  3.8  140.9  10.0  0.60  8.2  28.9
130220261229  0.608  3.4  146.6  10.0  0.55  7.2  28.9
130220261230  0.607  3.2  154.2  10.0  0.65  14.3  28.9
130220261231  0.607  3.0  153.9  10.0  0.63  10.0  28.9
130220261232  0.606  2.9  152.5  7.2  0.70  11.9  28.9
130220261233  0.607  2.9  155.1  7.2  0.72  10.3  28.9
130220261234  0.607  3.0  159.0  7.2  0.66  8.1  28.9
130220261235  0.606  3.3  163.3  8.6  0.73  10.0  28.9
130220261236  0.607  3.7  162.9  8.6  0.58  10.6  28.9
130220261237  0.606  3.9  160.2  9.9  0.53  9.6  28.9
130220261238  0.606  4.2  156.3  9.9  0.75  11.2  28.9
130220261239  0.605  4.4  157.5  9.9  0.81  7.9  28.9
130220261240  0.603  4.9  157.7  9.9  0.61  5.1  28.9
130220261241  0.603  5.3  160.1  15.9  0.60  7.0  28.9
130220261242  0.603  5.4  161.8  15.9  0.67  6.2  28.9
130220261243  0.602  5.6  162.3  15.9  0.70  9.2  28.9
130220261244  0.602  5.7  162.8  15.9  0.72  0.4  28.9
130220261245  0.601  6.0  162.7  15.9  0.73  4.2  28.9
130220261246  0.600  6.1  164.5  15.9  0.63  4.6  28.9
130220261247  0.600  6.2  164.8  15.9  0.63  3.8  28.9
130220261248  0.599  6.4  166.6  15.9  0.63  1.8  28.9
130220261249  0.598  6.5  163.4  15.9  0.66  3.7  28.9
130220261250  0.598  6.3  162.3  15.9  0.67  3.7  28.9
130220261251  0.598  5.8  161.0  14.5  0.64  359.6  28.9
130220261252  0.599  5.8  158.4  14.5  0.66  6.6  28.9
130220261253  0.599  5.8  158.9  14.5  0.64  357.6  28.9
130220261254  0.599  6.0  154.6  14.5  0.69  5.8  28.9
130220261255  0.599  5.9  147.2  12.4  0.65  1.6  28.9
130220261256  0.599  5.7  143.6  11.3  0.59  3.7  28.9
130220261257  0.599  5.7  140.9  11.3  0.61  5.3  28.9
130220261258  0.599  5.6  137.0  11.3  0.63  356.0  28.9
130220261259  0.598  5.6  137.9  11.3  0.62  358.9  28.9
130220261300  0.599  5.6  139.3  13.1  0.68  2.6  28.9
130220261301  0.599  5.9  137.8  13.1  0.64  358.2  28.9
130220261302  0.598  6.3  138.1  13.1  0.73  1.2  28.9
130220261303  0.598  6.3  137.2  13.1  0.60  357.3  28.9
130220261304  0.599  5.9  138.6  13.1  0.61  354.9  28.9
130220261305  0.601  5.7  142.8  13.1  0.60  352.4  28.9
130220261306  0.602  5.9  142.3  13.1  0.49  358.3  28.9
130220261307  0.603  5.6  143.7  13.1  0.56  357.9  28.9
130220261308  0.604  5.2  144.5  13.1  0.56  0.6  28.9
130220261309  0.604  5.3  146.1  13.1  0.55  356.4  28.9
130220261310  0.602  5.4  149.7  13.0  0.58  0.8  28.9
130220261311  0.602  5.6  152.8  13.0  0.55  2.4  28.9
130220261312  0.603  5.4  155.3  13.0  0.67  0.4  28.9
130220261313  0.602  5.7  155.7  13.0  0.52  359.2  28.9
130220261314  0.603  5.7  156.3  13.0  0.64  354.6  28.9
130220261315  0.602  5.7  153.6  13.0  0.67  1.2  28.9
130220261316  0.601  5.5  155.0  13.0  0.56  356.6  28.9
130220261317  0.602  5.6  154.3  13.0  0.66  356.5  28.9
130220261318  0.602  6.0  153.5  13.0  0.62  357.4  28.9
130220261319  0.603  5.7  152.4  13.0  0.62  0.1  28.9
130220261320  0.604  5.6  147.2  11.0  0.60  357.9  28.9
130220261321  0.605  5.4  148.3  11.0  0.62  2.4  28.9
130220261322  0.607  5.2  148.8  11.0  0.51  359.5  28.9
130220261323  0.609  5.3  151.4  10.3  0.63  357.9  28.9
130220261324  0.610  5.4  150.7  13.7  0.67  357.0  28.9
130220261325  0.611  5.4  152.7  13.7  0.54  354.8  28.9
130220261326  0.613  5.4  155.1  13.7  0.68  3.0  28.9
130220261327  0.614  5.7  153.2  13.7  0.55  2.9  28.9
130220261328  0.614  5.5  156.1  13.7  0.50  356.8  28.9
130220261329  0.615  5.7  157.3  13.7  0.52  358.9  28.9
130220261330  0.615  5.4  157.7  13.7  0.61  0.2  28.9
130220261331  0.616  5.2  154.4  13.7  0.61  1.6  28.9
130220261332  0.617  5.4  150.8  13.7  0.60  5.4  28.9
130220261333  0.618  5.1  146.1  13.7  0.54  5.9  28.9
130220261334  0.619  4.8  146.5  12.0  0.57  359.8  28.9
130220261335  0.623  4.7  144.6  12.0  0.51  354.3  28.9
130220261336  0.626  4.9  140.2  11.0  0.55  358.1  28.9
130220261337  0.629  4.7  141.9  10.6  0.62  3.3  28.9
130220261338  0.632  4.8  137.5  10.6  0.58  10.0  28.9
130220261339  0.636  4.9  141.5  10.6  0.51  0.8  28.9
130220261340  0.640  4.8  144.1  10.6  0.46  358.2  28.9
130220261341  0.644  5.4  146.9  15.3  0.55  0.6  28.9
130220261342  0.649  5.4  150.3  15.3  0.53  2.3  28.9
130220261343  0.650  5.7  151.7  15.4  0.44  357.6  28.9
130220261344  0.654  6.5  155.4  15.4  0.44  359.5  28.9
130220261345  0.657  7.1  159.3  15.4  0.39  345.1  28.9
130220261346  0.660  7.2  160.2  15.4  0.36  0.5  28.9
130220261347  0.663  6.8  160.2  15.4  0.37  352.4  28.9
130220261348  0.666  6.6  161.5  15.4  0.48  357.9  28.9
130220261349  0.669  6.8  159.2  18.7  0.31  353.3  28.9
130220261350  0.671  7.2  156.0  18.7  0.25  359.4  28.9
130220261351  0.676  7.1  153.8  18.7  0.52  359.6  28.9
130220261352  0.678  7.1  152.3  18.7  0.32  350.0  28.9
130220261353  0.680  6.9  150.7  18.7  0.43  355.3  28.9
130220261354  0.683  6.3  146.7  18.7  0.46  353.0  28.9
130220261355  0.686  6.0  142.3  18.7  0.46  356.7  28.9
130220261356  0.689  6.0  142.9  18.7  0.37  348.9  28.9
130220261357  0.692  6.0  145.2  18.7  0.39  354.2  28.9
130220261358  0.695  6.2  144.8  18.7  0.45  352.7  28.9
130220261359  0.697  6.5  147.1  14.8  0.34  348.9  28.9
130220261400  0.698  6.4  150.9  14.8  0.36  359.2  28.9
130220261401  0.701  6.5  153.8  14.8  0.41  0.1  28.9
130220261402  0.700  6.5  155.0  14.8  0.42  0.5  28.9
130220261403  0.701  6.5  156.9  14.8  0.32  355.3  28.9
130220261404  0.703  7.0  156.7  15.8  0.41  358.1  28.9
130220261405  0.703  7.3  159.8  15.9  0.18  339.0  28.9
130220261406  0.703  7.9  159.4  17.3  0.39  357.2  28.9
130220261407  0.703  8.4  157.6  17.3  0.30  359.6  28.9
130220261408  0.701  8.5  159.2  17.3  0.31  359.3  28.9
130220261409  0.701  8.3  158.1  17.3  0.36  2.9  28.9
130220261410  0.701  8.5  157.8  17.3  0.39  359.6  28.9
130220261411  0.701  8.3  158.8  17.3  0.42  7.4  28.9
130220261412  0.700  8.3  160.6  17.3  0.33  357.7  28.9
130220261413  0.700  8.7  160.3  17.3  0.35  358.7  28.9
130220261414  0.699  8.6  161.7  17.3  0.43  9.7  28.9
130220261415  0.697  8.4  160.3  17.3  0.41  358.8  28.9
130220261416  0.699  8.3  162.0  17.1  0.23  353.6  28.9
130220261417  0.699  8.4  162.1  17.1  0.35  6.1  28.9
130220261418  0.698  8.5  162.0  17.1  0.22  10.5  28.9
130220261419  0.700  8.2  162.6  17.1  0.39  359.5  28.9
130220261420  0.701  7.8  160.2  17.1  0.38  353.8  29.0
130220261421  0.701  7.8  159.1  17.1  0.43  15.2  29.0
130220261422  0.701  7.9  157.3  15.9  0.52  5.7  29.0
130220261423  0.701  7.9  157.2  15.9  0.42  2.9  29.0
130220261424  0.703  7.6  154.6  15.9  0.42  4.1  29.0
130220261425  0.704  7.3  154.1  15.9  0.52  5.3  29.0
130220261426  0.705  7.1  150.9  15.9  0.41  358.1  29.0
130220261427  0.706  6.9  148.9  12.5  0.42  2.0  29.0
130220261428  0.707  6.7  148.2  12.5  0.35  2.0  29.0
130220261429  0.708  6.8  148.1  12.5  0.28  10.0  28.9
130220261430  0.710  6.8  151.6  12.5  0.34  0.6  28.9
130220261431  0.712  6.7  149.2  13.9  0.32  351.7  28.9
130220261432  0.714  6.8  145.7  13.9  0.41  359.1  28.9
130220261433  0.717  6.3  144.2  13.9  0.40  358.7  28.9
130220261434  0.719  6.5  142.5  13.9  0.39  6.9  28.9
130220261435  0.722  6.8  140.5  13.9  0.32  9.3  28.9
130220261436  0.725  6.9  139.5  13.9  0.37  358.6  28.9
130220261437  0.728  6.6  141.1  13.9  0.34  1.0  28.9
130220261438  0.731  6.7  140.6  13.9  0.41  349.6  28.9
130220261439  0.735  6.7  138.1  13.9  0.46  6.3  28.9
130220261440  0.738  6.7  137.4  13.9  0.23  355.0  28.9
130220261441  0.741  6.6  137.0  13.5  0.28  346.6  28.9
130220261442  0.744  6.1  140.6  13.5  0.25  2.3  28.9
130220261443  0.747  6.2  141.6  13.5  0.30  357.2  28.9
130220261444  0.750  6.2  143.3  13.5  0.33  351.0  28.9
130220261445  0.751  6.2  147.3  13.1  0.31  358.1  28.9
130220261446  0.754  6.0  151.4  13.1  0.16  352.0  28.9
130220261447  0.755  5.8  150.0  14.8  0.25  359.1  28.9
130220261448  0.757  5.9  149.8  15.3  0.20  2.8  28.9
130220261449  0.759  5.9  149.3  15.3  0.30  1.4  28.9
130220261450  0.762  5.8  146.1  15.3  0.19  355.5  28.9
130220261451  0.764  5.7  146.1  15.3  0.23  1.9  28.9
130220261452  0.768  6.1  144.1  16.5  0.15  355.6  28.9
130220261453  0.772  6.0  142.5  16.5  0.16  1.8  28.9
130220261454  0.773  5.7  144.1  16.5  0.09  8.8  28.9
130220261455  0.776  5.5  142.4  16.5  0.15  1.9  28.9
130220261456  0.779  5.6  140.3  16.5  0.04  0.5  28.9
130220261457  0.782  5.9  140.9  16.5  0.19  12.9  28.9
130220261458  0.786  5.9  143.7  16.5  0.04  208.4  28.9
130220261459  0.788  5.8  146.2  16.5  0.14  14.6  28.9
130220261500  0.791  6.1  148.2  16.5  0.12  8.1  28.9
130220261501  0.794  6.3  146.9  16.5  0.07  348.2  28.9
130220261502  0.796  5.8  147.2  12.6  0.12  354.6  28.9
130220261503  0.799  6.0  147.3  14.2  0.14  14.9  28.9
130220261504  0.801  6.1  145.3  14.2  0.10  24.9  28.8
130220261505  0.804  5.9  144.8  14.2  0.11  30.0  28.8
130220261506  0.806  6.1  145.1  14.2  0.03  322.3  28.9
130220261507  0.809  6.0  146.1  14.2  0.04  353.3  28.9
130220261508  0.814  5.9  142.9  14.2  0.04  180.5  28.9
130220261509  0.816  5.8  139.3  14.2  0.12  198.4  28.9
130220261510  0.819  5.8  139.2  14.2  0.10  176.2  28.9
130220261511  0.822  5.8  141.0  14.2  0.13  192.5  28.9
130220261512  0.826  6.3  141.0  14.2  0.15  203.9  28.8
130220261513  0.829  6.4  139.1  13.7  0.23  197.4  28.8
130220261514  0.832  6.6  139.4  13.7  0.26  186.6  28.8
130220261515  0.834  7.3  139.3  19.0  0.07  155.0  28.8
130220261516  0.838  7.2  135.8  19.0  0.20  185.5  28.8
130220261517  0.840  7.1  136.4  19.0  0.13  179.4  28.7
130220261518  0.844  7.1  136.9  19.0  0.22  192.0  28.7
130220261519  0.849  7.1  139.0  19.0  0.20  175.7  28.7
130220261520  0.852  7.2  138.6  19.0  0.28  186.0  28.7
130220261521  0.854  7.1  139.6  19.0  0.19  185.2  28.7
130220261522  0.857  7.0  138.5  19.0  0.17  188.7  28.7
130220261523  0.860  6.7  140.2  19.0  0.29  191.5  28.7
130220261524  0.861  6.4  139.7  19.0  0.26  187.4  28.6
130220261525  0.864  5.9  140.4  12.0  0.30  178.1  28.6
130220261526  0.866  5.9  141.0  12.0  0.41  183.1  28.6
130220261527  0.868  6.1  137.8  12.0  0.20  177.2  28.6
130220261528  0.870  6.1  136.4  12.0  0.24  165.7  28.6
130220261529  0.872  6.1  135.4  12.9  0.25  186.4  28.6
130220261530  0.873  5.6  135.1  12.9  0.30  188.9  28.6
130220261531  0.876  5.9  134.3  13.5  0.19  172.5  28.6
130220261532  0.877  5.9  133.1  13.5  0.19  181.1  28.6
130220261533  0.877  6.1  134.2  13.5  0.17  191.3  28.6
130220261534  0.876  6.7  133.1  16.2  0.16  160.6  28.6
130220261535  0.878  6.7  135.1  16.2  0.21  182.5  28.6
130220261536  0.878  6.6  142.2  16.2  0.30  172.8  28.6
130220261537  0.878  6.4  146.0  16.2  nan  nan  nan
130220261538  0.878  6.3  147.8  16.2  0.27  185.1  28.5
130220261539  0.879  6.3  151.4  16.2  0.11  193.9  28.5
130220261540  0.881  6.6  152.9  16.2  0.21  185.7  28.5
130220261541  0.883  6.4  155.2  16.2  0.23  189.0  28.5
130220261542  0.883  6.9  158.8  16.7  0.11  183.7  28.6
130220261543  0.884  7.1  160.0  16.7  0.13  178.5  28.6
130220261544  0.885  7.0  165.5  16.7  0.18  179.9  28.6
130220261545  0.884  7.4  164.4  16.7  0.15  181.0  28.6
130220261546  0.886  7.6  162.3  16.7  0.14  185.4  28.6
130220261547  0.887  7.6  162.8  16.7  0.17  171.6  28.6
130220261548  0.887  8.2  162.5  19.2  0.09  187.6  28.6
130220261549  0.888  8.8  160.8  19.2  0.16  178.8  28.6
130220261550  0.888  8.8  160.6  19.2  0.04  137.4  28.6
130220261551  0.889  8.8  159.6  19.2  0.16  176.8  28.6
130220261552  0.891  8.8  159.1  19.2  0.16  185.9  28.6
130220261553  0.893  8.8  159.1  19.2  0.17  173.2  28.6
130220261554  0.893  9.3  158.6  19.2  0.11  175.5  28.6
130220261555  0.893  9.2  158.3  19.2  0.24  165.3  28.6
130220261556  0.896  8.8  159.7  19.2  0.17  91.4  28.6
130220261557  0.896  8.9  159.6  19.2  0.13  111.1  28.6
130220261558  0.897  8.6  158.5  15.5  0.08  175.3  28.6
130220261559  0.899  8.4  159.2  15.5  0.18  186.8  28.5
130220261600  0.901  8.6  159.3  15.5  0.21  180.4  28.5
130220261601  0.901  9.0  159.5  15.5  0.07  160.5  28.5
130220261602  0.903  8.8  159.3  15.5  0.17  184.1  28.5
130220261603  0.903  8.9  160.6  15.5  0.12  185.5  28.5
130220261604  0.905  8.8  160.6  15.0  0.23  174.7  28.5
130220261605  0.907  9.1  161.1  15.6  0.04  94.0  28.5
130220261606  0.910  9.3  159.9  15.6  0.22  175.6  28.5
130220261607  0.913  9.4  159.0  15.6  0.20  182.1  28.5
130220261608  0.916  9.7  159.4  15.6  0.27  173.1  28.5
130220261609  0.918  9.6  158.9  15.6  0.29  160.4  28.5
130220261610  0.921  9.6  158.4  15.6  0.27  169.5  28.5
130220261611  0.923  9.5  159.2  15.6  0.31  177.1  28.5
130220261612  0.925  9.4  159.8  15.6  0.18  167.5  28.5
130220261613  0.927  9.3  159.0  15.6  0.24  170.0  28.5
130220261614  0.928  9.1  156.8  15.6  0.27  175.9  28.5
130220261615  0.931  8.9  154.7  18.3  0.21  174.6  28.5
130220261616  0.933  8.6  156.8  18.3  0.32  184.5  28.5
130220261617  0.934  8.8  158.4  18.3  0.33  172.6  28.5
130220261618  0.937  8.5  159.2  18.3  0.12  174.4  28.5
130220261619  0.939  8.2  158.2  18.3  0.14  185.3  28.4
130220261620  0.941  7.9  156.5  18.3  0.17  195.3  28.4
130220261621  0.942  7.8  158.3  18.3  0.26  182.2  28.4
130220261622  0.944  7.5  157.1  18.3  0.32  180.4  28.4
130220261623  0.947  7.3  155.5  18.3  0.29  172.2  28.4
130220261624  0.951  7.0  154.6  18.3  0.41  182.1  28.4
130220261625  0.955  6.9  156.6  14.3  0.46  175.5  28.4
130220261626  0.958  6.9  151.5  14.3  0.30  176.1  28.4
130220261627  0.960  6.4  150.1  14.3  0.29  182.6  28.4
130220261628  0.961  6.5  149.9  14.3  0.31  170.4  28.4
130220261629  0.964  6.6  151.9  14.3  0.31  188.2  28.4
130220261630  0.966  6.7  153.4  14.3  0.30  186.0  28.4
130220261631  0.968  6.5  149.9  14.3  0.24  167.8  28.4
130220261632  0.969  6.4  151.7  14.3  0.26  173.3  28.4
130220261633  0.971  6.1  154.2  13.5  0.24  175.9  28.4
130220261634  0.972  6.1  155.7  12.5  0.31  175.7  28.4
130220261635  0.974  5.9  156.9  12.5  0.38  185.1  28.4
130220261636  0.977  6.0  159.9  12.8  0.40  181.7  28.3
130220261637  0.979  5.9  157.7  12.8  0.47  181.9  28.3
130220261638  0.980  5.7  161.4  12.8  0.30  187.4  28.3
130220261639  0.982  5.4  159.9  12.8  0.35  183.9  28.3
130220261640  0.982  5.5  160.6  12.9  0.27  167.7  28.3
130220261641  0.985  5.6  161.0  12.9  0.27  158.2  28.3
130220261642  0.986  5.6  159.1  12.9  0.35  189.0  28.3
130220261643  0.989  5.6  157.7  12.9  0.40  186.1  28.2
130220261644  0.990  5.6  161.8  12.9  0.51  185.9  28.2
130220261645  0.991  5.4  161.6  12.9  0.27  176.7  28.2
130220261646  0.994  5.2  161.7  12.9  0.30  178.0  28.3
130220261647  0.995  5.5  164.8  12.9  0.31  181.1  28.2
130220261648  0.996  5.3  159.5  12.9  0.28  184.9  28.3
130220261649  0.998  5.6  160.3  12.9  0.22  182.2  28.3
130220261650  1.000  5.3  158.1  11.6  0.19  175.5  28.3
130220261651  1.001  5.5  157.6  11.6  0.21  174.1  28.3
130220261652  1.001  5.5  158.6  11.6  0.21  161.3  28.3
130220261653  1.003  5.3  158.5  11.6  0.38  174.8  28.3
130220261654  1.004  5.4  155.9  11.6  0.31  172.2  28.3
130220261655  1.005  5.6  151.7  11.6  0.33  168.8  28.3
130220261656  1.006  5.7  152.2  11.6  0.26  165.0  28.3
130220261657  1.008  5.3  150.9  10.8  0.31  178.1  28.3
130220261658  1.010  5.1  151.6  10.8  0.28  161.1  28.3
130220261659  1.011  5.2  151.6  10.8  0.17  160.8  28.3
130220261700  1.011  5.1  154.9  11.8  0.30  165.1  28.4
130220261701  1.012  4.8  157.3  11.8  0.33  165.6  28.4
130220261702  1.013  4.8  156.8  11.8  0.37  166.9  28.4
130220261703  1.015  4.8  156.5  11.8  0.34  164.6  28.4
130220261704  1.016  4.7  157.9  11.8  0.40  164.3  28.4
130220261705  1.020  4.7  162.6  11.8  0.47  160.0  28.4
130220261706  1.020  4.6  158.4  11.8  0.43  157.5  28.4
130220261707  1.022  4.8  156.0  11.8  0.46  158.7  28.3
130220261708  1.023  5.5  153.5  13.9  0.46  153.9  28.3
130220261709  1.022  5.5  152.3  13.9  0.40  154.3  28.3
130220261710  1.022  5.4  149.1  13.9  0.43  152.0  28.3
130220261711  1.021  5.4  147.5  13.9  0.50  155.4  28.3
130220261712  1.021  5.5  149.4  13.9  0.41  158.8  28.2
130220261713  1.021  5.6  151.0  13.9  0.33  142.6  28.2
130220261714  1.021  5.8  152.2  13.9  0.43  156.9  28.2
130220261715  1.021  5.6  151.0  13.9  0.38  153.2  28.2
130220261716  1.021  6.0  149.4  13.9  0.30  145.8  28.2
130220261717  1.021  6.1  147.9  13.9  0.35  153.9  28.2
130220261718  1.022  5.9  146.3  13.4  0.23  153.4  28.2
130220261719  1.024  6.3  143.1  13.6  0.25  166.0  28.2
130220261720  1.025  6.4  141.0  13.6  0.34  153.8  28.2
130220261721  1.025  6.7  138.4  13.6  0.37  158.0  28.2
130220261722  1.025  6.8  135.8  13.6  0.38  158.1  28.2
130220261723  1.024  6.9  133.5  13.6  0.22  150.1  28.2
130220261724  1.025  6.8  131.0  13.6  0.33  167.1  28.2
130220261725  1.027  6.9  132.1  13.6  0.34  166.8  28.2
130220261726  1.027  6.3  135.4  13.6  0.33  167.8  28.2
130220261727  1.027  6.2  136.6  13.6  0.27  157.9  28.2
130220261728  1.027  6.3  139.1  13.6  0.25  153.6  28.2
130220261729  1.026  5.9  141.6  13.0  0.45  172.8  28.2
130220261730  1.026  5.9  143.3  13.0  0.28  167.6  28.2
130220261731  1.027  5.8  142.6  13.0  0.45  164.8  28.2
130220261732  1.027  5.8  144.2  13.0  0.35  157.3  28.2
130220261733  1.028  6.3  142.3  13.2  0.35  158.5  28.2
130220261734  1.028  6.8  140.2  13.8  0.42  171.4  28.2
130220261735  1.026  7.0  137.7  13.8  0.28  153.8  28.2
130220261736  1.027  7.0  134.5  13.8  0.34  151.0  28.2
130220261737  1.027  7.2  131.7  13.8  0.20  147.7  28.2
130220261738  1.027  6.9  132.6  13.8  0.29  160.9  28.1
130220261739  1.028  7.0  135.1  13.8  0.34  158.4  28.1
130220261740  1.030  7.0  139.3  13.8  0.29  153.2  28.1
130220261741  1.033  7.0  141.3  13.8  0.28  164.1  28.1
130220261742  1.034  7.0  141.2  13.8  0.30  151.8  28.1
130220261743  1.036  6.7  141.6  13.8  0.42  164.3  28.1
130220261744  1.038  6.4  142.5  12.3  0.32  141.1  28.1
130220261745  1.040  6.1  144.3  12.3  0.34  147.8  28.1
130220261746  1.041  6.0  146.3  12.3  0.33  154.5  28.1
130220261747  1.042  5.5  150.3  12.3  0.35  150.2  28.1
130220261748  1.043  5.7  148.8  11.9  0.26  135.3  28.1
130220261749  1.044  5.3  147.8  11.0  0.21  151.7  28.1
130220261750  1.046  5.7  142.0  19.2  0.25  150.6  28.1
130220261751  1.048  5.6  140.4  19.2  0.19  156.3  28.1
130220261752  1.050  5.6  138.9  19.2  0.20  139.4  28.1
130220261753  1.051  5.3  139.3  19.2  0.26  163.6  28.1
130220261754  1.051  5.5  138.4  19.2  0.26  157.6  28.1
130220261755  1.052  5.8  136.6  19.2  0.19  165.7  28.1
130220261756  1.053  6.0  137.2  19.2  0.15  159.5  28.1
130220261757  1.055  6.2  137.6  19.2  0.28  170.4  28.1
130220261758  1.056  5.9  135.8  19.2  0.21  150.2  28.1
130220261759  1.058  6.1  133.7  19.2  0.23  157.8  28.1
130220261800  1.059  6.1  133.9  13.9  0.21  169.3  28.1
130220261801  1.060  6.1  137.1  13.9  0.31  166.0  28.1
130220261802  1.061  6.2  143.4  13.9  0.18  165.6  28.1
130220261803  1.061  6.4  147.9  13.9  0.27  178.5  28.1
130220261804  1.061  6.5  152.5  13.8  0.21  172.7  28.1
130220261805  1.061  6.4  156.9  13.8  0.22  174.3  28.1
130220261806  1.061  6.6  157.7  13.8  0.15  175.3  28.1
130220261807  1.061  6.8  159.9  13.8  0.20  185.6  28.1
130220261808  1.060  7.2  161.7  13.8  0.23  180.2  28.1
130220261809  1.058  7.4  164.4  13.8  0.12  175.3  28.1
130220261810  1.057  7.1  167.9  12.2  0.16  189.3  28.1
130220261811  1.058  6.7  168.1  12.2  nan  nan  nan
130220261812  1.057  6.4  165.7  12.2  0.15  179.0  28.1
130220261813  1.058  6.2  163.3  12.2  0.07  209.4  28.1
130220261814  1.057  5.9  162.0  13.0  0.13  193.4  28.1
130220261815  1.059  5.9  159.3  13.0  0.24  196.1  28.0
130220261816  1.061  5.9  157.8  13.0  0.05  197.1  28.0
130220261817  1.062  5.7  156.5  13.0  0.02  165.6  28.0
130220261818  1.064  5.4  154.0  13.0  0.04  286.3  28.1
130220261819  1.062  5.5  152.7  13.0  0.06  282.0  28.1
130220261820  1.061  5.8  155.4  14.4  0.09  201.1  28.1
130220261821  1.060  6.4  157.0  14.4  0.05  200.9  28.1
130220261822  1.060  6.8  156.1  14.4  0.12  171.0  28.1
130220261823  1.059  6.9  156.1  14.4  nan  nan  nan
130220261824  1.057  7.2  157.3  14.4  0.04  167.2  28.1
130220261825  1.056  7.3  158.9  14.4  0.09  161.7  28.1
130220261826  1.056  7.5  160.7  14.7  0.19  204.6  28.1
130220261827  1.055  7.7  159.8  14.7  0.13  201.8  28.1
130220261828  1.055  7.8  161.3  14.7  0.23  197.7  28.1
130220261829  1.057  7.5  162.3  14.7  0.07  219.4  28.1
130220261830  1.057  7.5  160.8  14.7  0.10  177.8  28.1
130220261831  1.058  7.8  159.8  14.8  0.17  197.9  28.1
130220261832  1.058  7.8  159.9  18.0  0.11  271.7  28.1
130220261833  1.061  7.8  161.0  18.0  0.06  244.9  28.1
130220261834  1.062  7.6  161.5  18.0  nan  nan  nan
130220261835  1.062  7.9  164.2  18.0  0.05  255.4  28.1
130220261836  1.062  8.1  165.7  18.0  0.04  216.6  28.1
130220261837  1.061  8.1  166.4  18.0  0.15  199.5  28.1
130220261838  1.059  8.0  166.9  18.0  0.08  209.7  28.1
130220261839  1.057  8.2  166.4  18.0  0.05  102.2  28.1
130220261840  1.055  8.4  165.0  18.0  0.03  204.0  28.1
130220261841  1.054  8.4  164.4  18.0  0.03  83.6  28.1
130220261842  1.051  8.1  164.4  16.6  0.04  133.7  28.1
130220261843  1.048  8.1  165.0  16.6  0.07  346.4  28.1
130220261844  1.046  8.4  164.2  16.6  0.02  318.7  28.1
130220261845  1.044  8.7  161.4  16.7  0.10  345.5  28.1
130220261846  1.041  8.6  159.4  16.7  0.07  16.7  28.1
130220261847  1.038  8.6  159.7  16.7  0.07  36.6  28.1
130220261848  1.037  8.5  161.6  16.7  0.29  178.8  28.1
130220261849  1.036  8.2  161.6  16.7  0.04  53.2  28.1
130220261850  1.033  7.9  162.4  16.7  0.08  171.6  28.1
130220261851  1.032  7.6  162.3  16.7  0.07  167.0  28.1
130220261852  1.030  7.3  164.2  16.7  0.13  173.8  28.1
130220261853  1.029  7.2  162.0  16.7  0.06  320.8  28.1
130220261854  1.028  6.7  163.6  16.7  0.10  356.2  28.1
130220261855  1.027  6.1  163.3  11.7  0.05  151.7  28.1
130220261856  1.024  5.4  163.2  11.5  0.17  45.5  28.1
130220261857  1.022  5.4  162.1  11.5  0.03  31.8  28.2
130220261858  1.019  5.2  159.3  10.9  0.09  335.2  28.2
130220261859  1.018  5.6  160.4  11.6  0.21  344.6  28.2
130220261900  1.017  5.1  160.7  11.6  0.19  359.7  28.2
130220261901  1.014  4.8  162.3  11.6  0.10  312.7  28.2
130220261902  1.012  5.0  160.4  11.6  0.19  230.9  28.2
130220261903  1.008  5.6  158.8  12.4  0.17  5.3  28.2
130220261904  1.007  6.0  157.2  12.4  0.02  339.0  28.2
130220261905  1.005  5.9  157.6  12.4  0.19  22.2  28.2
130220261906  1.003  6.2  157.6  12.4  0.06  199.8  28.1
130220261907  1.002  6.5  156.4  12.4  0.06  61.3  28.1
130220261908  1.001  6.7  157.5  12.4  0.06  347.8  28.1
130220261909  0.999  6.6  157.3  12.4  0.06  15.2  28.1
130220261910  0.996  7.0  158.2  12.4  0.06  178.3  28.1
130220261911  0.995  7.2  158.4  12.4  0.06  145.0  28.1
130220261912  0.993  7.1  158.1  12.4  0.10  321.0  28.1
130220261913  0.992  7.2  159.4  13.2  0.10  307.6  28.1
130220261914  0.991  7.0  159.5  13.2  0.09  296.9  28.1
130220261915  0.989  7.2  159.4  13.2  0.15  353.0  28.1
130220261916  0.987  7.6  158.6  13.2  0.22  349.6  28.1
130220261917  0.986  7.9  162.2  17.3  0.23  349.4  28.1
130220261918  0.983  8.2  161.5  17.3  0.27  356.1  28.1
130220261919  0.983  8.3  158.9  17.3  0.21  346.6  28.1
130220261920  0.983  8.4  159.1  17.3  0.29  337.9  28.1
130220261921  0.981  8.6  159.7  17.3  0.30  359.5  28.1
130220261922  0.980  8.8  162.5  17.3  0.24  356.5  28.1
130220261923  0.980  8.5  162.1  17.3  0.27  6.8  28.1
130220261924  0.977  8.2  162.2  17.3  0.28  358.3  28.1
130220261925  0.978  8.3  164.0  17.3  0.41  1.3  28.1
130220261926  0.978  8.1  166.6  17.3  0.28  6.4  28.1
130220261927  0.978  7.6  162.9  15.2  0.40  12.8  28.1
130220261928  0.978  7.6  163.8  15.2  0.31  11.4  28.1
130220261929  0.978  7.7  166.6  15.2  0.31  15.5  28.1
130220261930  0.979  7.4  167.5  15.2  0.19  357.7  28.1
130220261931  0.979  7.2  167.6  15.2  0.24  10.0  28.1
130220261932  0.980  7.0  163.7  13.8  0.32  17.6  28.1
130220261933  0.979  6.7  166.8  13.8  0.25  19.3  28.1
130220261934  0.979  6.8  167.3  13.8  0.29  6.2  28.1
130220261935  0.979  6.8  165.6  13.8  0.31  355.4  28.1
130220261936  0.979  6.6  164.1  13.8  0.28  358.7  28.1
130220261937  0.978  6.3  168.0  13.4  0.27  357.9  28.1
130220261938  0.978  5.8  168.6  13.4  0.13  2.3  28.1
130220261939  0.976  5.3  167.3  13.4  0.31  356.8  28.1
130220261940  0.975  5.4  167.0  13.4  0.12  10.0  28.1
130220261941  0.976  5.3  166.3  13.4  0.17  343.4  28.1
130220261942  0.974  5.4  169.6  13.4  0.32  356.6  28.1
130220261943  0.973  6.0  168.9  13.4  0.23  346.0  28.1
130220261944  0.971  6.2  170.7  13.4  0.32  358.0  28.1
130220261945  0.969  6.4  171.6  13.2  0.27  357.5  28.1
130220261946  0.968  6.5  176.6  13.2  0.15  356.1  28.1
130220261947  0.967  7.0  178.4  13.2  0.28  345.8  28.1
130220261948  0.967  7.7  179.3  13.2  0.32  1.2  28.1
130220261949  0.965  8.1  182.4  13.2  0.22  357.2  28.1
130220261950  0.964  8.7  183.3  13.2  0.23  353.3  28.1
130220261951  0.963  9.0  185.2  13.2  0.16  10.0  28.1
130220261952  0.961  9.1  188.0  13.2  0.29  2.8  28.1
130220261953  0.958  9.2  189.4  13.2  0.15  353.0  28.1
130220261954  0.955  9.2  189.5  14.8  0.29  353.5  28.1
130220261955  0.953  9.3  191.5  14.8  0.33  7.3  28.1
130220261956  0.950  9.5  188.8  14.8  0.25  6.5  28.1
130220261957  0.947  9.5  187.8  14.8  0.41  354.9  28.1
130220261958  0.944  9.5  188.2  14.8  0.39  6.5  28.2
130220261959  0.941  9.4  188.5  14.8  0.42  4.6  28.2
130220262000  0.938  9.3  189.6  14.8  0.37  6.4  28.2
130220262001  0.934  9.4  189.7  14.8  0.19  9.4  28.2
130220262002  0.931  9.4  188.5  14.8  0.45  11.5  28.2
130220262003  0.928  9.3  189.5  14.8  0.36  357.8  28.2
130220262004  0.925  9.5  191.0  13.3  0.38  1.5  28.2
130220262005  0.921  9.4  191.4  13.3  0.41  7.8  28.2
130220262006  0.918  9.5  193.5  13.3  0.46  0.6  28.3
130220262007  0.915  9.6  194.6  13.3  0.44  8.0  28.3
130220262008  0.913  9.6  195.3  13.3  0.48  359.3  28.3
130220262009  0.910  10.0  195.7  13.3  0.54  12.9  28.3
130220262010  0.907  9.9  195.2  13.3  0.31  2.0  28.3
130220262011  0.904  10.0  195.4  13.3  0.43  12.1  28.3
130220262012  0.900  10.2  195.5  13.3  0.40  1.7  28.3
130220262013  0.897  10.1  195.6  13.3  0.56  356.9  28.3
130220262014  0.894  9.9  195.1  13.2  0.51  4.5  28.3
130220262015  0.890  9.9  195.0  13.4  0.38  3.5  28.3
130220262016  0.888  9.8  194.0  13.4  0.53  2.2  28.3
130220262017  0.886  9.9  193.8  13.6  0.54  3.1  28.3
130220262018  0.882  9.7  193.3  13.6  0.64  352.6  28.3
130220262019  0.879  9.5  192.1  13.6  0.63  3.5  28.3
130220262020  0.878  9.7  193.0  15.3  0.48  358.4  28.3
130220262021  0.876  9.7  191.8  15.3  0.61  358.6  28.3
130220262022  0.875  9.4  192.5  16.2  0.50  353.8  28.3
130220262023  0.873  9.8  191.4  16.2  0.56  355.2  28.3
130220262024  0.871  9.8  190.6  16.2  0.47  6.7  28.3
130220262025  0.871  9.6  190.4  16.2  0.57  352.8  28.3
130220262026  0.868  9.7  190.5  16.2  0.59  357.2  28.3
130220262027  0.867  9.7  191.4  16.2  0.48  2.3  28.3
130220262028  0.866  10.0  192.8  16.2  0.54  2.1  28.3
130220262029  0.864  10.3  193.8  16.2  0.55  355.6  28.4
130220262030  0.862  10.2  192.7  16.2  0.57  358.6  28.4
130220262031  0.861  10.0  193.2  16.2  0.59  358.3  28.4
130220262032  0.858  10.0  192.4  15.3  0.52  355.2  28.4
130220262033  0.856  9.9  193.4  13.9  0.49  354.0  28.4
130220262034  0.853  9.7  194.3  13.9  0.61  355.6  28.4
130220262035  0.852  10.0  194.6  13.9  0.48  352.9  28.4
130220262036  0.850  9.9  193.9  13.9  0.41  352.2  28.4
130220262037  0.849  9.6  193.2  13.9  0.55  351.2  28.4
130220262038  0.847  9.6  192.4  13.9  0.47  353.8  28.4
130220262039  0.844  9.5  191.5  13.0  0.52  353.3  28.4
130220262040  0.842  9.6  192.7  14.5  0.55  1.3  28.4
130220262041  0.840  9.7  193.7  14.5  0.63  355.8  28.4
130220262042  0.837  9.7  192.9  14.5  0.55  355.2  28.4
130220262043  0.834  9.7  191.2  14.5  0.70  1.4  28.4
130220262044  0.832  9.9  191.1  14.5  0.59  358.5  28.4
130220262045  0.830  9.8  189.5  14.5  0.44  348.7  28.4
130220262046  0.829  9.8  189.9  14.5  0.51  357.3  28.5
130220262047  0.827  9.8  189.5  14.5  0.45  351.2  28.5
130220262048  0.824  9.6  188.6  14.5  0.38  358.3  28.5
130220262049  0.822  9.4  188.7  14.5  0.44  353.3  28.5
130220262050  0.820  9.4  187.9  13.3  0.33  355.6  28.4
130220262051  0.817  9.2  186.1  13.3  0.39  357.4  28.4
130220262052  0.815  9.0  186.8  13.3  0.33  355.9  28.4
130220262053  0.815  8.8  188.5  13.3  0.39  346.4  28.4
130220262054  0.812  8.6  188.3  12.9  0.40  6.6  28.4
130220262055  0.810  8.3  189.7  12.7  0.44  2.3  28.4
130220262056  0.808  8.2  189.9  12.7  0.41  346.9  28.4
130220262057  0.807  8.1  188.6  12.7  0.45  350.7  28.5
130220262058  0.805  8.3  190.0  12.7  0.41  352.4  28.5
130220262059  0.803  8.3  189.0  12.7  0.42  351.6  28.4
130220262100  0.801  8.1  188.5  11.8  0.51  354.4  28.5
130220262101  0.800  8.1  189.6  11.8  0.49  349.2  28.5
130220262102  0.799  8.4  192.1  14.6  0.49  355.5  28.5
130220262103  0.796  8.9  191.6  16.6  0.55  358.3  28.5
130220262104  0.794  9.0  191.6  16.6  0.58  356.5  28.5
130220262105  0.792  9.2  192.2  16.6  0.56  357.6  28.5
130220262106  0.789  9.2  193.0  16.6  0.68  356.5  28.5
130220262107  0.787  9.4  194.0  16.6  0.64  358.7  28.5
130220262108  0.783  9.5  192.7  16.6  0.65  358.1  28.5
130220262109  0.781  9.7  193.9  16.6  0.56  350.4  28.5
130220262110  0.777  9.7  193.8  16.6  0.50  347.7  28.5
130220262111  0.775  10.0  195.0  16.6  0.51  348.4  28.5
130220262112  0.772  9.8  193.9  16.6  0.60  356.9  28.5
130220262113  0.768  9.4  194.7  14.2  0.50  355.0  28.5
130220262114  0.766  9.3  195.7  13.4  0.65  358.0  28.5
130220262115  0.764  9.4  195.7  13.4  0.60  356.6  28.5
130220262116  0.761  9.3  194.4  15.3  0.71  355.7  28.5
130220262117  0.758  9.1  193.9  15.3  0.79  359.3  28.5
130220262118  0.755  8.8  194.4  15.3  0.71  355.2  28.6
130220262119  0.752  8.9  193.9  15.3  0.70  353.3  28.6
130220262120  0.751  8.9  193.4  15.3  0.68  3.0  28.6
130220262121  0.748  8.6  192.3  15.3  0.69  356.1  28.6
130220262122  0.746  8.5  191.4  15.3  0.74  352.6  28.6
130220262123  0.744  8.3  190.3  15.3  0.72  357.0  28.6
130220262124  0.741  8.5  189.6  15.3  0.68  356.4  28.6
130220262125  0.740  8.3  187.8  15.3  0.77  354.1  28.6
130220262126  0.736  8.3  187.6  13.3  0.78  358.4  28.6
130220262127  0.734  8.2  185.5  13.3  0.76  0.4  28.6
130220262128  0.731  8.3  185.1  13.3  0.81  0.6  28.6
130220262129  0.728  8.4  186.2  13.4  0.64  358.6  28.6
130220262130  0.726  8.5  187.3  13.4  0.75  1.8  28.6
130220262131  0.721  8.7  188.0  13.9  0.67  355.6  28.6
130220262132  0.719  8.9  187.4  13.9  0.84  357.1  28.6
130220262133  0.718  8.9  188.6  13.9  0.67  2.2  28.6
130220262134  0.714  9.0  188.6  13.9  0.71  1.6  28.6
130220262135  0.712  9.2  190.3  13.9  0.68  358.6  28.6
130220262136  0.710  9.2  191.7  13.9  0.86  0.0  28.6
130220262137  0.707  9.3  194.1  13.9  0.85  0.5  28.6
130220262138  0.702  9.3  194.9  13.9  0.76  356.0  28.6
130220262139  0.699  9.0  195.4  13.9  0.80  358.4  28.6
130220262140  0.695  8.8  195.5  13.9  0.66  352.8  28.6
130220262141  0.691  8.6  195.3  12.6  0.69  358.5  28.6
130220262142  0.687  8.6  195.7  12.6  0.84  355.9  28.6
130220262143  0.684  8.6  196.7  12.6  0.86  359.5  28.6
130220262144  0.681  8.4  198.0  12.1  0.82  358.8  28.6
130220262145  0.678  8.6  197.4  12.6  0.82  357.1  28.6
130220262146  0.674  8.5  197.2  12.6  0.90  359.1  28.6
130220262147  0.671  8.3  197.9  12.6  0.85  356.4  28.6
130220262148  0.668  8.2  197.8  12.6  0.74  2.7  28.6
130220262149  0.666  8.2  197.6  12.6  0.79  359.9  28.6
130220262150  0.664  8.1  197.6  12.6  0.91  1.9  28.6
130220262151  0.661  8.1  198.2  12.6  0.85  4.0  28.6
130220262152  0.660  8.1  198.8  12.6  0.76  0.2  28.6
130220262153  0.658  8.0  196.8  12.6  0.81  359.7  28.6
130220262154  0.656  8.1  195.9  12.6  0.86  1.6  28.6
130220262155  0.655  7.8  195.2  11.1  0.85  2.1  28.6
130220262156  0.654  7.6  193.7  11.1  0.80  359.3  28.6
130220262157  0.652  7.4  193.4  11.1  0.76  355.4  28.6
130220262158  0.651  7.3  192.7  11.1  0.72  2.0  28.6
130220262159  0.649  7.0  191.4  11.0  0.80  356.0  28.6
130220262200  0.648  6.7  191.7  11.0  0.71  1.8  28.6
130220262201  0.646  6.6  188.8  11.0  0.69  358.6  28.6
130220262202  0.646  6.8  188.3  13.1  0.72  358.2  28.6
130220262203  0.645  6.8  187.7  13.1  0.72  356.5  28.6
130220262204  0.643  6.8  185.7  13.1  0.75  358.4  28.6
130220262205  0.641  7.1  186.1  13.1  0.70  358.0  28.6
130220262206  0.639  7.1  186.2  13.1  0.73  2.3  28.6
130220262207  0.639  7.2  186.8  13.1  0.72  0.6  28.6
130220262208  0.638  7.5  186.6  13.1  0.73  0.1  28.6
130220262209  0.636  7.9  187.0  13.1  0.86  0.8  28.6
130220262210  0.636  8.3  187.2  13.3  0.87  0.3  28.6
130220262211  0.634  8.6  187.7  13.3  0.88  359.8  28.6
130220262212  0.633  8.0  187.0  13.3  0.78  358.6  28.6
130220262213  0.630  7.9  187.8  13.3  0.70  0.7  28.6
130220262214  0.629  8.0  188.9  13.3  0.76  0.7  28.6
130220262215  0.628  7.7  189.8  13.3  0.74  358.1  28.6
130220262216  0.626  7.9  191.5  13.3  0.80  359.3  28.6
130220262217  0.626  8.4  189.6  15.9  0.75  359.6  28.6
130220262218  0.625  8.6  188.5  15.9  0.69  358.1  28.6
130220262219  0.624  8.5  187.9  15.9  0.76  357.1  28.6
130220262220  0.622  8.3  187.4  15.9  0.74  356.5  28.6
130220262221  0.620  8.4  189.5  15.9  0.80  0.7  28.6
130220262222  0.619  9.0  189.4  15.9  0.79  359.4  28.6
130220262223  0.618  9.2  189.5  15.9  0.71  359.6  28.6
130220262224  0.616  9.4  190.0  15.9  0.73  359.8  28.6
130220262225  0.614  9.4  189.8  15.9  0.71  353.6  28.6
130220262226  0.612  9.5  190.2  15.9  0.74  357.7  28.6
130220262227  0.610  9.3  191.4  14.5  0.78  358.8  28.5
130220262228  0.607  8.9  193.5  12.7  0.77  357.0  28.6
130220262229  0.605  9.1  194.8  12.7  0.84  1.8  28.6
130220262230  0.603  9.1  195.1  12.7  0.78  2.3  28.6
130220262231  0.601  9.1  194.4  12.2  0.76  359.6  28.6
130220262232  0.599  9.1  197.4  12.9  0.79  0.8  28.6
130220262233  0.596  9.2  198.0  12.9  0.80  352.7  28.6
130220262234  0.593  9.3  198.1  12.9  0.75  360.0  28.6
130220262235  0.591  9.4  197.9  12.9  0.76  354.8  28.6
130220262236  0.589  9.6  196.5  12.9  0.88  358.3  28.6
130220262237  0.587  9.9  197.3  12.9  0.75  357.0  28.6
130220262238  0.586  10.1  197.8  12.9  0.84  359.0  28.6
130220262239  0.584  10.2  198.0  13.1  0.81  357.7  28.6
130220262240  0.583  10.5  199.2  13.7  0.78  352.7  28.6
130220262241  0.582  10.8  200.6  13.8  0.80  356.1  28.6
130220262242  0.580  10.8  200.3  13.8  0.88  359.5  28.6
130220262243  0.580  11.0  200.7  14.3  0.84  358.5  28.6
130220262244  0.579  11.3  201.2  14.3  0.69  358.6  28.6
130220262245  0.578  11.5  203.2  14.3  0.83  356.8  28.6
130220262246  0.577  11.7  203.9  14.3  0.82  356.8  28.6
130220262247  0.576  11.6  204.1  14.3  0.93  355.4  28.6
130220262248  0.576  11.4  204.3  14.3  0.83  357.8  28.6
130220262249  0.576  11.4  203.9  14.3  0.75  355.8  28.6
130220262250  0.575  11.3  202.0  14.3  0.78  356.9  28.6
130220262251  0.575  10.8  199.8  14.3  0.88  357.0  28.6
130220262252  0.574  10.5  198.7  14.3  0.75  356.0  28.6
130220262253  0.575  10.0  197.6  14.1  0.84  354.6  28.6
130220262254  0.575  9.5  196.5  14.1  0.71  358.2  28.6
130220262255  0.575  9.1  193.5  13.1  0.80  355.3  28.6
130220262256  0.575  8.6  191.7  13.1  0.76  359.8  28.6
130220262257  0.575  8.2  190.2  13.1  0.69  357.2  28.6
130220262258  0.576  8.0  187.4  13.1  0.84  359.4  28.6
130220262259  0.575  7.7  185.8  12.3  0.74  359.9  28.5
130220262300  0.575  7.3  186.7  11.3  0.84  359.5  28.5
130220262301  0.576  7.1  188.4  10.3  0.73  357.3  28.5
130220262302  0.577  6.9  187.5  10.3  0.78  356.0  28.5
130220262303  0.576  6.7  187.9  10.3  0.80  359.6  28.5
130220262304  0.575  6.8  187.9  12.6  0.66  356.4  28.5
130220262305  0.574  6.9  187.2  12.6  0.65  355.7  28.5
130220262306  0.571  7.0  186.4  12.6  0.63  355.6  28.5
130220262307  0.571  7.1  185.9  12.6  0.74  356.5  28.5
130220262308  0.569  7.4  187.4  12.6  0.79  357.2  28.5
130220262309  0.567  7.7  186.4  14.2  0.66  356.5  28.5
130220262310  0.566  7.8  186.0  14.2  0.69  1.2  28.5
130220262311  0.564  7.8  184.8  14.2  0.64  356.7  28.5
130220262312  0.561  8.2  185.1  14.2  0.67  357.6  28.5
130220262313  0.558  8.4  185.4  14.2  0.68  357.9  28.5
130220262314  0.555  8.5  185.9  14.2  0.64  359.0  28.5
130220262315  0.552  8.5  186.9  14.2  0.69  0.4  28.5
130220262316  0.550  8.6  188.2  14.2  0.76  359.8  28.5
130220262317  0.548  8.6  188.7  14.2  0.68  357.2  28.5
130220262318  0.546  8.5  189.6  14.2  0.71  358.6  28.5
130220262319  0.544  8.3  191.2  13.5  0.72  359.0  28.5
130220262320  0.541  8.3  190.3  13.5  0.83  2.2  28.4
130220262321  0.538  8.4  190.4  13.5  0.64  355.9  28.4
130220262322  0.536  8.2  190.7  11.5  0.66  357.8  28.4
130220262323  0.534  8.1  190.7  11.2  0.79  355.4  28.4
130220262324  0.532  8.1  189.3  11.2  0.81  358.1  28.4
130220262325  0.531  7.8  190.0  10.4  0.81  357.6  28.4
130220262326  0.530  7.9  189.9  10.6  0.77  358.3  28.4
130220262327  0.529  8.1  191.2  10.6  0.80  357.9  28.4
130220262328  0.528  8.2  191.8  13.0  0.81  358.1  28.5
130220262329  0.526  8.2  191.5  13.0  0.76  0.2  28.5
130220262330  0.526  8.2  192.3  13.0  0.80  357.0  28.5
130220262331  0.526  8.2  193.8  13.0  0.69  353.3  28.5
130220262332  0.526  8.5  194.8  13.0  0.77  355.6  28.5
130220262333  0.525  8.8  195.4  13.0  0.86  357.3  28.5
130220262334  0.524  9.3  196.3  15.2  0.81  359.4  28.5
130220262335  0.521  9.3  195.3  15.2  0.75  356.0  28.5
130220262336  0.521  9.3  195.9  15.2  0.79  0.4  28.5
130220262337  0.520  9.2  194.8  15.2  0.79  1.0  28.5
130220262338  0.521  8.9  193.4  15.2  0.82  4.9  28.5
130220262339  0.521  9.0  193.3  15.2  0.89  3.1  28.5
130220262340  0.520  9.2  193.6  15.2  0.73  3.2  28.5
130220262341  0.520  9.4  191.6  15.2  0.84  1.5  28.5
130220262342  0.521  9.0  189.2  15.2  0.77  357.2  28.5
130220262343  0.520  8.7  187.8  15.2  0.72  1.5  28.5
130220262344  0.521  8.4  187.3  13.0  0.80  357.7  28.5
130220262345  0.521  8.5  186.9  13.0  0.72  2.4  28.5
130220262346  0.521  8.6  186.0  13.4  0.72  359.9  28.5
130220262347  0.521  8.8  185.3  13.4  0.72  358.0  28.4
130220262348  0.521  9.1  185.4  13.4  0.60  358.5  28.4
130220262349  0.521  9.3  183.9  16.1  0.71  2.2  28.4
130220262350  0.522  9.3  182.4  16.1  0.72  0.9  28.4
130220262351  0.521  9.0  181.3  16.1  0.73  1.2  28.4
130220262352  0.522  9.2  181.9  16.1  0.66  359.5  28.4
130220262353  0.523  9.4  181.7  16.1  0.67  1.5  28.4
130220262354  0.523  9.4  182.1  16.1  0.68  359.2  28.4
130220262355  0.523  9.6  182.2  16.1  0.76  359.6  28.4
130220262356  0.524  9.5  181.6  16.1  0.68  4.9  28.4
130220262357  0.524  9.1  180.2  16.1  0.67  1.2  28.4
130220262358  0.524  8.8  179.8  16.1  0.63  358.1  28.4
130220262359  0.524  8.7  180.7  13.8  0.60  357.3  28.4
140220260000  0.525  8.7  181.3  14.2  0.59  357.7  28.4
140220260001  0.526  8.8  182.6  14.2  0.57  356.3  28.4
140220260002  0.527  8.6  183.8  14.2  0.51  357.9  28.4
140220260003  0.528  8.4  184.0  14.2  0.51  353.4  28.4
140220260004  0.530  8.2  184.3  14.2  0.69  359.7  28.4
140220260005  0.531  7.9  183.5  14.2  0.56  359.7  28.4
140220260006  0.532  7.7  184.3  14.2  0.57  357.0  28.4
140220260007  0.533  7.9  185.9  14.2  0.61  350.3  28.4
140220260008  0.534  7.9  185.7  14.2  0.54  355.5  28.4
140220260009  0.534  7.7  186.0  14.2  0.50  356.7  28.4
140220260010  0.536  7.7  186.0  11.8  0.52  351.2  28.4
140220260011  0.536  7.8  187.1  11.8  0.50  358.8  28.4
140220260012  0.538  7.8  185.8  11.8  0.55  351.8  28.4
140220260013  0.537  8.0  186.3  11.8  0.51  359.7  28.4
140220260014  0.538  8.1  185.2  11.8  0.46  346.4  28.4
140220260015  0.541  8.1  186.0  11.8  0.46  352.9  28.4
140220260016  0.542  8.1  185.8  11.8  0.47  358.0  28.4
140220260017  0.544  7.9  186.0  11.8  0.40  352.7  28.4
140220260018  0.545  7.8  185.7  12.4  0.43  349.5  28.4
140220260019  0.545  7.6  185.1  12.4  0.46  352.5  28.4
140220260020  0.547  7.4  183.7  12.4  0.46  350.8  28.4
140220260021  0.547  7.1  183.1  12.4  0.33  346.3  28.4
140220260022  0.550  7.1  184.4  12.4  0.42  342.7  28.4
140220260023  0.553  7.0  184.0  12.4  0.31  344.1  28.4
140220260024  0.556  6.9  183.9  12.4  0.34  353.6  28.4
140220260025  0.561  6.9  185.7  12.4  0.30  349.1  28.4
140220260026  0.564  7.0  187.3  12.4  0.26  336.1  28.4
140220260027  0.567  7.2  187.2  12.4  0.33  346.0  28.4
140220260028  0.569  7.4  187.3  10.7  0.30  345.1  28.4
140220260029  0.572  7.4  188.4  10.2  0.25  326.9  28.4
140220260030  0.575  7.5  189.9  13.5  0.24  330.8  28.4
140220260031  0.576  7.8  189.6  13.5  0.31  341.7  28.4
140220260032  0.579  8.0  188.4  13.5  0.19  344.2  28.4
140220260033  0.582  8.0  188.0  13.5  0.20  347.9  28.4
140220260034  0.584  8.1  187.9  13.5  0.14  348.6  28.4
140220260035  0.587  8.3  187.2  13.5  0.12  352.7  28.4
140220260036  0.589  8.3  185.9  15.7  0.21  343.4  28.4
140220260037  0.591  8.5  186.4  15.7  0.19  345.8  28.4
140220260038  0.593  8.4  187.1  15.7  0.26  354.3  28.4
140220260039  0.596  8.5  186.5  15.7  0.24  342.8  28.4
140220260040  0.598  8.4  186.8  15.7  0.28  342.6  28.4
140220260041  0.600  8.2  188.3  15.7  0.12  326.3  28.4
140220260042  0.602  8.0  188.8  15.7  0.21  334.7  28.4
140220260043  0.604  8.0  189.6  15.7  0.16  339.2  28.4
140220260044  0.605  8.5  188.9  15.7  0.08  315.7  28.4
140220260045  0.606  8.3  187.3  15.7  0.13  5.0  28.4
140220260046  0.608  8.3  186.6  15.3  0.14  319.9  28.4
140220260047  0.610  7.9  185.4  15.3  0.28  345.9  28.4
140220260048  0.610  8.0  184.3  15.3  0.16  334.2  28.4
140220260049  0.611  8.4  183.3  15.3  0.14  345.2  28.4
140220260050  0.610  8.3  180.6  15.3  0.27  348.3  28.4
140220260051  0.610  8.3  179.5  15.3  0.17  324.5  28.4
140220260052  0.611  8.3  177.8  15.3  0.11  322.8  28.4
140220260053  0.611  8.2  176.7  15.3  0.18  351.6  28.4
140220260054  0.611  7.7  177.7  13.5  0.22  340.4  28.3
140220260055  0.611  7.7  178.7  13.5  0.23  326.4  28.3
140220260056  0.610  7.5  178.9  13.5  0.17  337.2  28.3
140220260057  0.610  7.8  180.4  13.5  0.17  349.7  28.3
140220260058  0.612  7.6  180.4  13.5  0.16  347.3  28.3
140220260059  0.613  7.2  182.4  11.8  0.24  345.7  28.3
140220260100  0.614  7.3  185.1  11.8  0.19  336.5  28.3
140220260101  0.616  7.4  185.0  11.8  0.15  344.1  28.3
140220260102  0.617  7.6  187.3  11.8  0.21  355.1  28.3
140220260103  0.619  7.8  185.8  11.8  0.19  341.9  28.3
140220260104  0.619  7.8  185.2  11.8  0.23  345.2  28.3
140220260105  0.621  7.9  185.2  11.6  0.19  336.5  28.3
140220260106  0.623  8.0  185.1  11.6  0.20  353.7  28.3
140220260107  0.624  8.1  183.8  14.4  0.26  3.9  28.3
140220260108  0.625  8.5  185.0  15.0  0.13  321.4  28.3
140220260109  0.625  8.4  184.2  15.0  0.27  346.0  28.3
140220260110  0.627  8.6  182.1  15.0  0.19  351.0  28.3
140220260111  0.628  8.6  181.1  15.0  0.18  337.5  28.3
140220260112  0.629  8.4  180.1  15.0  0.13  328.7  28.3
140220260113  0.630  8.6  182.2  15.6  0.12  293.3  28.3
140220260114  0.630  8.8  182.5  15.6  0.19  332.9  28.3
140220260115  0.631  8.9  183.7  15.6  0.24  335.0  28.3
140220260116  0.634  9.3  183.0  15.6  0.04  332.6  28.3
140220260117  0.635  9.5  183.7  18.6  0.15  333.4  28.3
140220260118  0.636  9.6  183.3  18.6  0.18  333.4  28.3
140220260119  0.639  9.7  183.9  18.6  0.20  330.9  28.3
140220260120  0.641  10.2  185.1  18.6  0.22  336.7  28.3
140220260121  0.643  10.5  186.5  18.6  0.26  335.8  28.3
140220260122  0.644  10.9  187.5  18.6  0.11  299.4  28.3
140220260123  0.646  10.9  188.3  18.6  0.14  298.2  28.3
140220260124  0.649  10.8  187.0  18.6  0.19  338.2  28.3
140220260125  0.650  10.6  186.5  18.6  0.11  331.3  28.3
140220260126  0.652  10.1  187.4  18.6  0.12  257.3  28.3
140220260127  0.654  9.8  186.9  18.0  0.09  311.2  28.3
140220260128  0.656  9.3  186.0  16.3  0.15  293.3  28.3
140220260129  0.658  9.5  184.0  16.3  0.10  290.7  28.3
140220260130  0.660  9.1  184.7  16.3  0.23  331.9  28.3
140220260131  0.662  9.1  184.6  16.3  0.12  296.3  28.2
140220260132  0.664  8.8  182.5  15.9  0.18  345.1  28.2
140220260133  0.667  8.7  181.3  15.9  0.08  298.9  28.2
140220260134  0.669  8.7  182.6  15.9  0.15  325.0  28.2
140220260135  0.671  8.9  183.6  15.9  0.16  333.6  28.2
140220260136  0.673  9.0  183.9  15.9  0.06  331.6  28.2
140220260137  0.675  9.0  184.8  15.9  0.17  337.2  28.2
140220260138  0.678  9.0  185.4  15.9  0.12  356.4  28.2
140220260139  0.679  8.8  186.8  15.9  0.17  329.8  28.2
140220260140  0.683  8.7  185.4  15.9  0.08  355.6  28.2
140220260141  0.686  8.3  184.8  14.3  0.06  289.2  28.2
140220260142  0.690  8.1  186.4  13.7  0.04  177.5  28.2
140220260143  0.694  8.2  185.8  13.7  0.23  172.5  28.2
140220260144  0.699  8.3  185.6  13.7  0.24  147.0  28.2
140220260145  0.703  8.2  182.9  13.7  0.24  154.4  28.2
140220260146  0.705  8.2  182.8  13.7  0.17  151.3  28.2
140220260147  0.708  8.0  182.2  11.7  0.25  172.5  28.2
140220260148  0.714  7.9  180.9  11.7  0.29  179.5  28.2
140220260149  0.718  8.0  181.8  11.7  0.31  154.8  28.2
140220260150  0.723  7.8  183.1  11.7  0.30  171.6  28.2
140220260151  0.728  7.9  182.0  11.7  0.23  165.0  28.2
140220260152  0.733  8.1  182.3  14.2  0.19  158.4  28.2
140220260153  0.737  8.2  183.3  14.2  0.23  169.9  28.2
140220260154  0.742  8.1  182.8  14.2  0.26  176.0  28.2
140220260155  0.747  8.2  184.6  15.4  0.33  174.8  28.1
140220260156  0.751  8.4  185.4  15.4  0.25  157.8  28.1
140220260157  0.757  8.9  184.3  15.6  0.27  165.7  28.1
140220260158  0.762  9.1  185.9  15.6  0.24  171.9  28.1
140220260159  0.767  9.3  185.1  15.6  0.30  173.6  28.1
140220260200  0.772  9.6  185.1  16.5  0.21  166.3  28.1
140220260201  0.777  9.8  185.7  16.5  0.34  172.6  28.1
140220260202  0.782  9.8  184.2  16.5  0.49  182.5  28.1
140220260203  0.788  9.4  183.1  16.5  0.34  185.1  28.1
140220260204  0.794  9.1  183.0  16.5  0.46  182.2  28.1
140220260205  0.799  8.8  182.1  16.5  0.50  184.0  28.1
140220260206  0.804  8.7  181.7  16.5  0.44  179.3  28.1
140220260207  0.808  8.2  182.1  16.5  0.39  175.8  28.1
140220260208  0.812  8.0  181.1  16.5  0.41  171.1  28.1
140220260209  0.817  7.8  181.9  16.5  0.43  177.9  28.1
140220260210  0.822  7.3  181.8  12.0  0.43  177.4  28.1
140220260211  0.826  7.1  180.1  12.0  0.42  183.7  28.1
140220260212  0.831  6.9  179.5  11.9  0.41  181.2  28.1
140220260213  0.836  7.0  181.5  11.9  0.46  176.8  28.1
140220260214  0.841  7.2  182.2  11.9  0.28  165.6  28.1
140220260215  0.846  7.2  183.7  11.9  0.60  182.8  28.1
140220260216  0.850  7.2  183.3  11.9  0.59  178.3  28.1
140220260217  0.853  7.4  183.5  11.9  0.48  177.4  28.1
140220260218  0.856  7.5  183.3  11.9  0.42  174.2  28.1
140220260219  0.860  7.5  183.5  11.9  0.60  177.9  28.1
140220260220  0.864  7.8  182.7  15.0  0.51  170.1  28.1
140220260221  0.868  7.9  183.8  15.0  0.68  178.8  28.1
140220260222  0.871  8.0  184.0  15.0  0.72  174.9  28.1
140220260223  0.874  8.1  182.0  15.0  0.72  173.1  28.1
140220260224  0.876  8.1  182.3  15.0  0.70  173.0  28.1
140220260225  0.878  8.4  179.9  15.0  0.66  171.9  28.1
140220260226  0.880  8.2  178.7  15.0  0.80  174.7  28.1
140220260227  0.883  8.2  178.7  15.0  0.66  165.4  28.1
140220260228  0.886  8.8  180.4  17.2  0.59  168.1  28.1
140220260229  0.888  9.0  179.9  17.2  0.65  171.2  28.0
140220260230  0.889  9.1  180.5  17.2  0.67  170.5  28.0
140220260231  0.891  9.0  180.1  17.2  0.70  168.0  28.0
140220260232  0.894  9.0  181.5  17.2  0.55  165.0  28.1
140220260233  0.897  9.1  181.4  17.2  0.73  167.6  28.1
140220260234  0.900  9.0  181.2  17.2  0.62  161.9  28.0
140220260235  0.901  8.9  181.6  17.2  0.67  168.3  28.0
140220260236  0.903  9.1  182.7  17.2  0.68  164.2  28.0
140220260237  0.905  9.2  182.6  17.2  0.71  164.6  28.0
140220260238  0.908  8.8  180.2  13.2  0.74  165.2  27.9
140220260239  0.910  8.5  179.7  13.2  0.68  168.5  27.9
140220260240  0.912  8.1  177.9  13.2  0.59  159.2  27.9
140220260241  0.915  8.3  178.7  13.2  0.73  171.0  27.9
140220260242  0.916  8.2  177.1  13.2  0.65  162.9  27.9
140220260243  0.917  8.1  178.4  13.2  0.61  162.9  27.9
140220260244  0.919  7.9  178.2  13.2  0.60  169.1  27.9
140220260245  0.921  8.2  180.3  13.2  0.63  164.4  27.9
140220260246  0.922  8.0  180.0  12.9  0.57  164.7  27.9
140220260247  0.926  7.7  177.3  12.9  0.61  165.4  27.9
140220260248  0.929  7.6  178.3  12.9  0.72  171.7  27.9
140220260249  0.930  7.7  177.8  12.9  0.74  173.7  27.9
140220260250  0.933  7.7  180.7  12.9  0.62  165.7  27.9
140220260251  0.936  7.6  180.8  12.9  0.80  170.3  27.9
140220260252  0.937  7.5  181.5  12.9  0.74  166.5  27.9
140220260253  0.939  7.3  180.9  12.9  0.65  162.1  27.9
140220260254  0.944  7.6  182.2  12.9  0.73  169.1  27.9
140220260255  0.946  7.4  182.1  11.9  0.70  168.1  27.9
140220260256  0.950  7.5  181.8  11.9  0.71  169.2  27.9
140220260257  0.953  7.8  184.6  12.9  0.61  168.1  27.9
140220260258  0.956  8.1  185.8  14.7  0.55  170.5  27.9
140220260259  0.960  8.5  185.0  16.0  0.59  167.6  27.9
140220260300  0.964  8.8  182.7  16.0  0.65  165.1  27.9
140220260301  0.969  8.7  182.5  16.0  0.64  163.3  27.9
140220260302  0.973  9.2  182.3  16.0  0.60  173.1  27.9
140220260303  0.978  9.6  182.2  16.0  0.71  167.9  27.9
140220260304  0.983  9.5  181.3  16.0  0.56  169.3  27.9
140220260305  0.988  9.5  180.9  16.0  0.67  172.7  27.9
140220260306  0.994  9.6  180.8  16.0  0.62  165.0  27.9
140220260307  1.000  9.6  181.4  16.0  0.70  170.7  27.8
140220260308  1.005  9.6  180.0  16.0  0.75  166.5  27.8
140220260309  1.010  9.5  180.8  14.8  0.67  165.1  27.8
140220260310  1.014  9.4  181.4  14.2  0.67  166.4  27.8
140220260311  1.019  9.4  181.0  14.2  0.78  169.5  27.8
140220260312  1.024  9.0  182.0  14.2  0.88  165.2  27.8
140220260313  1.030  8.8  183.1  14.2  0.80  162.9  27.8
140220260314  1.035  9.3  183.6  14.7  0.75  166.5  27.9
140220260315  1.039  9.4  184.1  14.7  0.75  166.1  27.9
140220260316  1.044  9.3  185.5  14.7  0.56  161.4  27.9
140220260317  1.049  9.2  185.6  14.7  0.53  157.9  27.8
140220260318  1.055  9.0  188.1  14.7  0.54  159.4  27.8
140220260319  1.061  9.1  188.8  17.2  0.52  153.6  27.8
140220260320  1.065  9.2  190.1  17.2  0.55  165.1  27.7
140220260321  1.069  9.5  190.6  17.2  0.48  164.8  27.7
140220260322  1.076  10.0  190.4  17.2  0.48  172.2  27.7
140220260323  1.079  10.1  189.2  17.2  0.61  173.6  27.7
140220260324  1.082  9.7  190.0  17.2  0.66  172.9  27.7
140220260325  1.089  9.8  191.0  17.2  0.64  163.7  27.6
140220260326  1.092  9.7  191.1  17.2  0.88  171.4  27.6
140220260327  1.098  9.9  191.5  17.2  0.94  178.0  27.7
140220260328  1.101  9.7  191.2  17.2  0.99  179.6  27.7
140220260329  1.105  9.6  192.4  14.1  0.90  176.1  27.7
140220260330  1.108  9.8  192.6  14.1  0.80  176.1  27.7
140220260331  1.114  9.5  193.3  14.1  0.65  169.9  27.7
140220260332  1.118  9.1  193.1  12.4  0.75  171.1  27.7
140220260333  1.123  9.0  194.5  12.4  0.83  172.0  27.6
140220260334  1.128  9.1  192.7  13.5  0.79  177.3  27.6
140220260335  1.133  9.1  190.3  13.9  0.86  175.6  27.6
140220260336  1.139  9.0  188.7  13.9  0.75  176.9  27.6
140220260337  1.144  8.7  187.1  13.9  0.94  179.4  27.6
140220260338  1.151  8.8  185.9  13.9  0.84  178.0  27.6
140220260339  1.155  8.7  184.2  13.9  0.98  177.7  27.6
140220260340  1.162  8.2  183.0  13.9  0.94  175.5  27.6
140220260341  1.167  8.3  181.7  13.9  0.86  174.5  27.6
140220260342  1.172  8.7  183.1  14.6  0.86  169.6  27.6
140220260343  1.178  8.7  182.1  14.6  1.01  178.6  27.6
140220260344  1.185  8.6  183.1  14.6  1.01  175.9  27.7
140220260345  1.191  8.1  183.2  14.6  0.83  167.3  27.7
140220260346  1.196  8.4  183.9  14.6  0.86  172.7  27.7
140220260347  1.201  8.4  184.1  14.6  0.91  177.9  27.7
140220260348  1.205  8.2  184.5  14.6  0.92  173.8  27.7
140220260349  1.210  8.3  184.2  14.6  0.90  169.5  27.7
140220260350  1.213  8.6  183.7  14.6  1.00  174.3  27.7
140220260351  1.218  8.6  184.1  14.6  0.86  172.7  27.8
140220260352  1.222  8.3  183.3  13.9  0.90  176.3  27.8
140220260353  1.225  8.6  184.1  13.9  0.92  179.4  27.8
140220260354  1.228  8.6  184.2  13.9  0.92  179.3  27.8
140220260355  1.231  8.8  184.3  13.9  0.88  177.3  27.7
140220260356  1.234  8.8  183.9  12.8  0.84  182.4  27.7
140220260357  1.236  8.8  181.5  12.8  0.98  178.8  27.7
140220260358  1.237  8.6  179.4  12.8  0.92  177.5  27.7
140220260359  1.239  8.3  179.0  12.8  0.71  177.9  27.6
140220260400  1.241  8.4  180.0  12.8  0.77  168.6  27.6
140220260401  1.244  8.3  179.5  12.8  0.83  181.6  27.7
140220260402  1.244  8.1  178.7  12.8  0.94  177.9  27.7
140220260403  1.247  8.0  178.8  12.8  0.90  180.3  27.7
140220260404  1.249  8.3  177.1  13.9  0.86  179.9  27.7
140220260405  1.251  8.3  177.4  13.9  0.84  178.5  27.7
140220260406  1.255  8.3  179.0  14.7  1.02  181.9  27.7
140220260407  1.257  8.5  182.8  14.7  0.95  178.2  27.6
140220260408  1.260  9.0  184.0  14.7  0.94  176.1  27.6
140220260409  1.262  9.4  184.0  14.7  0.89  176.2  27.6
140220260410  1.264  9.6  183.4  14.7  0.83  179.9  27.6
140220260411  1.266  10.0  183.8  15.1  1.02  178.2  27.6
140220260412  1.269  10.2  183.1  15.1  0.91  177.7  27.5
140220260413  1.273  10.2  182.0  15.1  0.95  177.6  27.5
140220260414  1.276  9.9  183.0  15.1  0.92  173.6  27.5
140220260415  1.280  10.0  181.8  15.1  0.98  175.8  27.5
140220260416  1.283  9.6  181.0  15.1  0.92  176.2  27.5
140220260417  1.286  9.4  179.6  15.1  0.78  173.1  27.5
140220260418  1.289  9.2  179.7  15.1  0.90  179.2  27.5
140220260419  1.292  8.9  180.0  15.1  1.03  175.1  27.5
140220260420  1.295  8.7  178.8  15.1  0.96  179.4  27.4
140220260421  1.298  8.4  177.6  14.0  0.88  177.6  27.4
140220260422  1.302  8.8  180.6  14.9  0.87  173.6  27.4
140220260423  1.305  8.5  180.6  14.9  0.74  170.7  27.4
140220260424  1.308  8.4  179.7  14.9  0.97  174.8  27.4
140220260425  1.311  8.5  180.4  14.9  0.91  172.6  27.4
140220260426  1.314  8.7  179.8  14.9  0.89  174.7  27.4
140220260427  1.317  9.0  180.5  14.9  0.78  167.3  27.4
140220260428  1.321  9.1  180.5  14.9  0.82  173.2  27.4
140220260429  1.324  8.9  180.6  14.9  0.86  175.9  27.4
140220260430  1.326  8.8  180.0  14.9  0.77  172.0  27.4
140220260431  1.328  9.0  180.4  15.0  0.96  178.5  27.4
140220260432  1.333  8.5  177.7  15.0  0.94  177.7  27.4
140220260433  1.336  8.6  177.9  15.0  0.74  173.6  27.4
140220260434  1.339  8.5  178.3  15.0  0.82  174.9  27.4
140220260435  1.342  8.0  178.5  15.0  0.85  176.7  27.4
140220260436  1.345  7.8  178.6  15.0  0.88  177.5  27.4
140220260437  1.348  7.3  177.2  15.0  0.75  173.3  27.4
140220260438  1.351  6.9  177.0  15.0  0.88  176.6  27.4
140220260439  1.354  6.7  177.5  15.0  0.72  172.9  27.4
140220260440  1.357  5.9  179.0  15.0  0.78  176.4  27.3
140220260441  1.362  4.9  179.2  11.2  0.90  177.2  27.3
140220260442  1.364  4.4  179.9  11.2  0.74  173.9  27.3
140220260443  1.369  4.1  179.2  8.6  0.79  176.8  27.3
140220260444  1.374  4.1  178.4  8.3  0.81  175.6  27.3
140220260445  1.376  4.0  179.8  8.1  0.80  176.5  27.3
140220260446  1.380  4.3  180.6  10.7  0.67  177.8  27.3
140220260447  1.385  4.6  182.1  10.7  0.62  172.4  27.2
140220260448  1.389  4.6  182.2  10.7  0.67  173.2  27.2
140220260449  1.393  4.8  180.9  10.7  0.70  172.5  27.1
140220260450  1.398  5.3  180.7  10.7  0.71  172.9  27.1
140220260451  1.403  5.7  179.9  10.7  0.56  173.5  27.1
140220260452  1.408  6.0  178.1  10.7  0.59  172.8  27.0
140220260453  1.412  6.2  177.1  10.7  0.65  173.8  27.0
140220260454  1.416  6.4  175.8  10.7  0.59  174.1  27.0
140220260455  1.421  6.5  175.3  10.7  0.65  182.1  26.9
140220260456  1.426  6.3  176.7  10.3  0.66  178.5  26.9
140220260457  1.430  6.0  177.5  10.3  0.69  175.7  26.9
140220260458  1.433  5.9  177.6  10.3  0.67  176.4  26.9
140220260459  1.438  6.3  178.1  12.4  0.75  174.2  26.9
140220260500  1.441  6.3  179.8  12.4  0.76  170.1  26.8
140220260501  1.445  6.5  181.3  12.4  0.78  171.9  26.8
140220260502  1.448  6.7  181.8  12.4  0.90  169.0  26.8
140220260503  1.452  6.7  184.1  12.4  0.82  172.1  26.8
140220260504  1.456  6.6  186.3  12.4  0.61  171.5  26.8
140220260505  1.458  6.6  186.7  12.4  0.69  176.7  26.7
140220260506  1.462  6.6  183.6  12.4  0.54  171.7  26.7
140220260507  1.465  6.8  183.7  12.4  0.49  175.1  26.7
140220260508  1.467  7.2  184.8  12.4  0.69  176.2  26.7
140220260509  1.469  7.1  185.3  11.1  0.72  173.5  26.7
140220260510  1.470  7.3  185.7  11.1  0.57  168.2  26.7
140220260511  1.472  7.2  184.8  11.1  0.64  171.1  26.7
140220260512  1.476  7.3  185.9  11.1  0.54  168.9  26.8
140220260513  1.479  7.3  185.7  11.4  0.65  170.9  26.8
140220260514  1.481  7.5  184.7  11.4  0.67  168.6  26.8
140220260515  1.484  7.6  185.1  11.4  0.66  166.0  26.8
140220260516  1.485  7.8  188.4  11.4  0.52  179.8  26.8
140220260517  1.488  8.0  188.8  11.4  0.57  173.1  26.8
140220260518  1.490  7.9  188.9  11.4  0.48  175.1  26.8
140220260519  1.491  8.2  190.4  13.1  0.45  164.4  26.8
140220260520  1.494  8.2  189.2  13.1  0.14  173.5  26.8
140220260521  1.495  8.4  189.4  13.1  0.35  172.5  26.8
140220260522  1.497  8.3  190.2  13.1  0.38  177.5  26.8
140220260523  1.500  8.4  190.2  13.1  0.40  170.9  26.8
140220260524  1.501  8.3  191.5  13.1  0.65  177.5  26.8
140220260525  1.505  8.3  191.6  13.1  0.60  175.1  26.8
140220260526  1.508  8.1  191.2  13.1  0.43  187.9  26.8
140220260527  1.510  7.8  191.2  13.1  0.43  188.5  26.8
140220260528  1.512  7.9  191.6  13.1  0.45  182.3  26.8
140220260529  1.515  7.7  191.2  12.2  0.55  188.2  26.8
140220260530  1.517  7.7  192.2  12.2  0.48  180.3  26.8
140220260531  1.519  7.8  192.6  12.2  0.63  182.9  26.8
140220260532  1.522  8.0  193.3  12.2  0.55  189.0  26.8
140220260533  1.523  8.1  193.8  12.2  0.56  193.4  26.8
140220260534  1.525  8.0  193.7  12.2  0.66  187.6  26.8
140220260535  1.527  8.0  193.8  12.0  0.61  183.2  26.8
140220260536  1.530  8.2  192.1  12.0  0.51  176.0  26.8
140220260537  1.531  8.2  192.1  12.0  0.65  185.4  26.8
140220260538  1.532  8.1  192.4  12.0  0.59  183.2  26.8
140220260539  1.534  8.2  191.1  13.0  0.57  180.2  26.8
140220260540  1.536  8.3  189.4  13.0  0.57  185.5  26.8
140220260541  1.538  8.1  189.6  13.0  0.72  184.7  26.8
140220260542  1.539  8.2  188.8  15.1  0.65  182.2  26.8
140220260543  1.542  8.4  188.7  15.1  0.46  179.0  26.7
140220260544  1.543  8.9  187.9  15.1  0.52  180.7  26.7
140220260545  1.545  8.9  188.6  15.1  0.57  182.0  26.7
140220260546  1.546  9.4  190.1  18.4  0.52  180.1  26.7
140220260547  1.546  9.6  189.7  18.4  0.80  181.5  26.7
140220260548  1.546  9.6  189.1  18.4  0.67  182.2  26.7
140220260549  1.546  9.5  189.6  18.4  0.61  175.0  26.7
140220260550  1.547  9.8  190.8  18.4  0.59  177.5  26.7
140220260551  1.547  10.0  189.0  18.4  0.56  171.4  26.7
140220260552  1.548  9.9  188.8  18.4  0.60  175.8  26.7
140220260553  1.548  9.7  188.3  18.4  0.59  169.5  26.7
140220260554  1.549  9.3  188.9  18.4  0.45  169.5  26.7
140220260555  1.550  9.2  187.7  18.4  0.63  175.2  26.7
140220260556  1.550  8.8  186.4  15.1  0.72  176.2  26.7
140220260557  1.551  8.9  186.4  15.1  0.64  173.8  26.7
140220260558  1.551  9.0  185.9  15.1  0.58  179.4  26.7
140220260559  1.551  9.2  185.1  15.1  0.52  175.6  26.7
140220260600  1.551  8.7  184.8  12.7  0.61  176.4  26.7
140220260601  1.553  8.7  186.3  13.0  0.57  177.0  26.7
140220260602  1.554  8.7  186.6  13.0  0.44  180.4  26.7
140220260603  1.555  8.7  186.8  13.0  0.48  178.7  26.7
140220260604  1.557  9.0  187.8  13.0  0.57  182.3  26.7
140220260605  1.558  9.2  187.4  13.0  0.42  184.4  26.7
140220260606  1.559  9.3  186.8  14.1  0.34  181.1  26.7
140220260607  1.561  9.1  185.7  14.1  0.36  180.4  26.7
140220260608  1.562  8.8  186.0  14.1  0.33  181.4  26.7
140220260609  1.564  8.6  186.4  14.1  0.46  190.2  26.8
140220260610  1.565  8.2  186.3  14.1  0.40  188.9  26.8
140220260611  1.567  7.8  185.7  14.1  0.32  184.1  26.7
140220260612  1.568  7.6  185.1  14.1  0.39  194.0  26.7
140220260613  1.570  7.5  184.5  14.1  0.33  194.0  26.7
140220260614  1.573  7.4  182.8  14.1  0.28  188.4  26.7
140220260615  1.574  7.1  183.2  14.1  0.33  190.7  26.7
140220260616  1.576  6.7  182.4  10.4  0.33  193.0  26.7
140220260617  1.578  6.7  182.8  10.4  0.34  198.2  26.7
140220260618  1.580  6.8  182.3  10.4  0.19  189.4  26.7
140220260619  1.582  7.1  182.6  13.6  0.27  194.6  26.7
140220260620  1.583  7.6  183.7  13.6  0.33  190.7  26.7
140220260621  1.587  8.3  185.4  14.0  0.30  182.9  26.7
140220260622  1.589  8.6  184.3  14.0  0.29  196.1  26.7
140220260623  1.592  8.8  184.4  14.0  0.35  185.2  26.7
140220260624  1.594  9.0  184.9  16.6  0.36  179.5  26.7
140220260625  1.594  9.4  186.1  16.6  0.43  175.0  26.7
140220260626  1.596  9.6  186.9  16.6  0.33  174.3  26.7
140220260627  1.597  10.2  187.2  16.6  0.33  180.3  26.7
140220260628  1.598  10.2  187.6  16.6  0.32  184.8  26.7
140220260629  1.600  10.3  186.9  16.6  0.43  181.2  26.7
140220260630  1.599  9.8  186.3  16.6  0.36  181.1  26.7
140220260631  1.600  9.3  185.9  16.6  0.34  174.5  26.7
140220260632  1.601  9.3  187.5  16.6  0.46  182.7  26.6
140220260633  1.601  9.0  186.9  16.6  0.51  178.6  26.6
140220260634  1.602  8.7  186.5  15.6  0.42  179.6  26.5
140220260635  1.602  8.3  184.3  15.6  0.40  172.0  26.5
140220260636  1.602  8.1  182.2  15.6  0.36  178.6  26.5
140220260637  1.601  7.4  182.8  12.7  0.43  178.1  26.5
140220260638  1.601  7.5  182.8  12.7  0.40  174.4  26.5
140220260639  1.601  7.3  184.6  11.6  0.44  172.3  26.5
140220260640  1.600  7.8  186.4  11.9  0.37  178.3  26.5
140220260641  1.601  7.9  185.9  11.9  0.45  176.1  26.5
140220260642  1.603  8.0  184.9  11.9  0.41  165.5  26.5
140220260643  1.602  8.3  187.0  15.9  0.46  172.0  26.5
140220260644  1.602  8.6  187.1  15.9  0.37  183.7  26.5
140220260645  1.601  8.7  187.4  15.9  0.30  159.0  26.5
140220260646  1.600  8.8  190.1  15.9  0.41  175.8  26.5
140220260647  1.599  8.7  189.7  15.9  0.42  173.1  26.5
140220260648  1.599  8.8  189.6  15.9  0.48  179.2  26.5
140220260649  1.597  9.1  189.2  15.9  0.40  173.9  26.5
140220260650  1.596  9.2  188.1  15.9  0.48  173.0  26.5
140220260651  1.597  9.1  189.5  15.9  0.37  165.3  26.5
140220260652  1.596  9.0  189.8  15.9  0.41  175.5  26.5
140220260653  1.596  8.5  188.7  14.5  0.38  178.1  26.5
140220260654  1.596  8.3  189.8  14.5  0.40  170.4  26.5
140220260655  1.596  8.4  189.3  14.5  0.30  170.1  26.5
140220260656  1.595  8.5  191.1  14.5  0.45  175.5  26.5
140220260657  1.595  8.7  191.9  14.5  0.33  164.3  26.5
140220260658  1.595  8.7  193.1  14.5  0.40  171.2  26.5
140220260659  1.595  8.5  192.6  13.0  0.36  170.4  26.5
140220260700  1.595  8.5  192.3  13.0  0.29  163.1  26.5
140220260701  1.595  8.5  190.8  13.0  0.36  167.4  26.5
140220260702  1.595  8.5  190.4  13.0  0.34  166.3  26.5
140220260703  1.594  8.9  189.6  13.0  0.46  174.7  26.5
140220260704  1.593  8.7  187.9  13.0  0.44  171.0  26.5
140220260705  1.593  8.4  187.8  13.0  0.30  164.6  26.5
140220260706  1.591  8.4  184.2  13.0  0.52  174.1  26.5
140220260707  1.590  8.2  182.5  13.0  0.42  169.0  26.5
140220260708  1.589  7.8  178.8  13.0  0.40  173.3  26.5
140220260709  1.586  7.4  175.2  12.0  0.41  165.6  26.5
140220260710  1.584  7.3  172.5  16.6  0.35  166.9  26.5
140220260711  1.581  7.1  171.6  16.6  0.28  159.6  26.5
140220260712  1.578  6.9  168.2  16.6  0.33  169.9  26.5
140220260713  1.577  6.6  167.8  16.6  0.25  154.7  26.6
140220260714  1.575  6.4  166.9  16.6  0.32  163.3  26.6
140220260715  1.572  6.0  166.7  16.6  0.24  158.0  26.6
140220260716  1.568  5.6  165.8  16.6  0.25  166.2  26.6
140220260717  1.567  5.4  164.8  16.6  0.30  167.4  26.6
140220260718  1.565  5.1  167.0  16.6  0.45  170.9  26.6
140220260719  1.562  4.8  168.6  16.6  0.38  169.9  26.5
140220260720  1.561  4.2  167.6  13.0  0.41  170.7  26.5
140220260721  1.558  3.7  168.3  13.0  0.33  165.1  26.5
140220260722  1.556  3.7  177.9  10.5  0.34  152.9  26.5
140220260723  1.554  3.9  184.4  10.5  0.29  156.9  26.5
140220260724  1.551  4.6  191.0  17.5  0.37  165.6  26.4
140220260725  1.548  5.5  194.1  17.5  0.33  161.6  26.4
140220260726  1.546  6.3  195.1  17.5  0.42  166.0  26.4
140220260727  1.543  6.9  197.6  17.5  0.24  165.7  26.4
140220260728  1.541  7.7  198.0  17.5  0.40  155.6  26.4
140220260729  1.539  8.6  200.8  17.5  0.29  163.8  26.4
140220260730  1.536  9.7  201.8  17.5  0.39  164.3  26.4
140220260731  1.533  10.7  203.2  17.5  0.36  169.4  26.4
140220260732  1.531  11.2  203.6  17.5  0.20  160.9  26.4
140220260733  1.529  11.3  202.5  17.5  0.20  157.1  26.4
140220260734  1.526  11.0  202.2  14.8  0.25  161.4  26.4
140220260735  1.523  10.6  201.6  14.8  0.35  158.9  26.4
140220260736  1.520  10.4  202.5  14.8  0.31  158.7  26.4
140220260737  1.518  10.2  201.9  14.8  0.29  142.6  26.4
140220260738  1.515  9.8  201.8  14.8  0.22  160.0  26.4
140220260739  1.514  9.4  200.9  14.8  0.24  167.3  26.4
140220260740  1.512  9.0  201.6  14.8  0.33  164.2  26.4
140220260741  1.509  8.6  199.3  13.1  0.19  155.5  26.4
140220260742  1.506  8.4  198.8  12.8  0.20  180.5  26.4
140220260743  1.505  8.3  198.3  12.2  0.20  172.1  26.4
140220260744  1.503  8.3  197.9  12.2  0.23  166.7  26.4
140220260745  1.501  8.4  197.7  12.2  0.31  177.5  26.4
140220260746  1.499  8.3  197.4  12.2  0.25  168.9  26.4
140220260747  1.498  8.2  196.7  12.2  0.22  176.4  26.4
140220260748  1.495  8.1  196.2  12.2  0.20  174.5  26.4
140220260749  1.492  8.1  195.5  12.2  0.27  168.3  26.4
140220260750  1.491  8.0  194.1  12.2  0.13  167.2  26.4
140220260751  1.490  7.8  193.1  12.2  0.13  138.1  26.4
140220260752  1.488  7.6  192.3  9.9  0.05  162.4  26.4
140220260753  1.486  7.5  192.8  9.9  0.03  81.6  26.4
140220260754  1.485  7.3  193.6  9.9  0.07  173.6  26.4
140220260755  1.483  7.1  194.0  9.9  0.07  208.4  26.4
140220260756  1.481  7.1  192.7  9.9  0.03  25.9  26.4
140220260757  1.480  7.1  193.6  9.9  0.03  177.0  26.4
140220260758  1.479  7.1  193.5  9.9  0.08  348.7  26.4
140220260759  1.478  7.1  195.0  9.9  0.02  10.0  26.4
140220260800  1.476  7.2  196.0  9.9  nan  nan  nan
140220260801  1.474  7.4  196.4  11.5  0.11  341.7  26.4
140220260802  1.472  7.5  196.0  11.5  nan  nan  nan
140220260803  1.470  7.4  197.3  11.5  0.21  352.9  26.4
140220260804  1.468  7.4  196.1  11.5  0.15  338.9  26.4
140220260805  1.466  7.3  195.9  11.5  0.10  357.6  26.4
140220260806  1.465  7.2  196.7  11.5  0.08  303.0  26.4
140220260807  1.464  6.9  195.7  11.5  0.11  275.1  26.4
140220260808  1.461  6.8  196.2  11.5  0.17  351.6  26.4
140220260809  1.458  6.8  196.4  11.5  nan  nan  nan
140220260810  1.456  6.7  196.5  11.5  0.09  6.3  26.4
140220260811  1.454  6.3  196.3  9.2  0.10  358.5  26.4
140220260812  1.452  6.2  197.4  8.8  0.07  10.0  26.4
140220260813  1.450  6.0  196.1  8.8  0.07  320.4  26.4
140220260814  1.449  6.0  196.1  8.8  0.04  4.3  26.4
140220260815  1.447  6.0  196.0  8.8  0.14  30.2  26.4
140220260816  1.445  6.1  196.4  8.8  0.02  10.0  26.4
140220260817  1.441  6.3  196.6  8.8  0.28  9.2  26.4
140220260818  1.439  6.3  196.3  8.8  0.04  351.6  26.4
140220260819  1.438  6.4  194.8  11.6  0.11  36.1  26.4
140220260820  1.435  6.6  193.5  11.6  0.04  192.5  26.4
140220260821  1.432  6.7  192.8  11.6  0.04  28.4  26.4
140220260822  1.430  6.7  191.7  11.6  0.10  337.3  26.4
140220260823  1.426  6.7  190.8  11.6  0.18  349.2  26.4
140220260824  1.423  6.7  193.0  11.6  0.20  352.8  26.4
140220260825  1.421  7.0  194.0  11.6  0.06  318.7  26.4
140220260826  1.416  7.0  194.7  11.6  0.20  336.2  26.4
140220260827  1.413  7.1  195.4  11.6  0.14  355.0  26.4
140220260828  1.408  7.2  195.5  11.6  0.15  355.1  26.5
140220260829  1.405  7.0  195.1  11.3  0.21  342.9  26.5
140220260830  1.402  6.8  196.8  11.3  0.11  330.2  26.5
140220260831  1.399  6.9  197.2  11.3  0.20  356.4  26.5
140220260832  1.396  7.2  196.7  11.3  0.22  1.9  26.5
140220260833  1.392  7.4  196.1  11.3  0.29  346.9  26.5
140220260834  1.391  7.5  193.8  11.3  0.28  342.2  26.5
140220260835  1.386  7.1  191.7  10.6  0.31  338.7  26.5
140220260836  1.383  7.3  188.5  13.5  0.36  349.5  26.5
140220260837  1.381  7.6  187.9  13.5  0.28  334.7  26.6
140220260838  1.377  7.5  187.6  13.5  0.35  348.6  26.6
140220260839  1.374  7.8  188.7  13.5  0.36  359.6  26.6
140220260840  1.370  8.1  189.4  13.5  0.31  356.0  26.6
140220260841  1.367  8.3  191.0  13.7  0.41  7.8  26.6
140220260842  1.364  8.1  189.9  13.7  0.28  0.0  26.6
140220260843  1.358  8.1  190.0  13.7  0.44  15.1  26.6
140220260844  1.353  8.3  190.9  13.7  0.30  14.4  26.6
140220260845  1.349  8.6  192.0  13.7  0.51  16.5  26.6
140220260846  1.344  8.4  195.0  13.7  0.47  12.1  26.6
140220260847  1.339  8.5  194.8  13.9  0.37  11.2  26.6
140220260848  1.333  8.5  194.7  13.9  0.42  8.9  26.6
140220260849  1.330  8.3  193.4  13.9  0.63  14.1  26.6
140220260850  1.324  8.3  192.7  13.9  0.58  10.2  26.6
140220260851  1.319  8.2  190.3  13.9  0.56  10.0  26.7
140220260852  1.314  8.3  191.1  13.9  0.53  9.4  26.7
140220260853  1.311  8.4  192.3  13.9  0.61  7.8  26.7
140220260854  1.305  8.4  193.2  13.9  0.63  15.4  26.7
140220260855  1.302  8.4  193.2  13.9  0.58  8.8  26.7
140220260856  1.297  8.6  191.6  13.9  0.58  6.5  26.7
140220260857  1.293  8.2  191.0  12.7  0.60  6.1  26.7
140220260858  1.289  8.2  191.6  12.7  0.57  7.3  26.7
140220260859  1.283  8.6  193.7  17.8  0.60  5.7  26.7
140220260900  1.278  8.4  192.5  17.8  0.61  1.7  26.7
140220260901  1.275  8.3  192.6  17.8  0.66  1.4  26.6
140220260902  1.269  8.5  193.3  17.8  0.66  7.6  26.6
140220260903  1.264  8.2  191.8  17.8  0.62  12.0  26.6
140220260904  1.260  8.2  191.6  17.8  0.72  8.9  26.7
140220260905  1.255  8.1  191.7  17.8  0.70  11.3  26.7
140220260906  1.251  7.9  191.4  17.8  0.63  11.1  26.7
140220260907  1.245  8.1  192.3  17.8  0.66  2.5  26.7
140220260908  1.239  8.1  192.7  17.8  0.76  10.0  26.7
140220260909  1.235  7.7  190.7  12.8  0.66  6.4  26.7
140220260910  1.230  7.5  190.9  12.8  0.86  4.7  26.7
140220260911  1.225  7.4  191.2  12.8  0.80  4.4  26.7
140220260912  1.219  7.1  188.5  12.2  0.86  7.9  26.7
140220260913  1.214  7.1  190.7  12.2  0.54  1.1  26.7
140220260914  1.208  7.2  191.0  13.1  0.78  4.5  26.7
140220260915  1.203  7.4  189.8  15.5  0.83  3.2  26.7
140220260916  1.198  7.1  189.2  15.5  0.80  3.3  26.7
140220260917  1.195  6.9  187.8  15.5  0.75  5.2  26.7
140220260918  1.190  7.3  186.8  15.5  0.75  4.8  26.7
140220260919  1.184  7.6  187.3  15.5  0.69  7.7  26.7
140220260920  1.181  7.7  186.5  15.5  0.81  11.5  26.7
140220260921  1.177  7.7  184.8  15.5  0.88  10.5  26.7
140220260922  1.172  7.5  185.5  15.5  0.81  7.1  26.7
140220260923  1.167  7.3  182.8  15.5  0.90  10.7  26.7
140220260924  1.164  6.6  180.1  15.5  0.80  6.4  26.7
140220260925  1.160  6.1  179.3  13.5  0.73  8.2  26.7
140220260926  1.155  6.2  179.2  13.5  0.69  7.9  26.7
140220260927  1.153  6.2  178.4  13.5  0.76  7.5  26.7
140220260928  1.149  5.7  173.8  13.2  0.68  6.2  26.7
140220260929  1.146  5.4  172.3  13.2  0.70  4.3  26.8
140220260930  1.143  5.4  171.8  13.2  0.81  0.6  26.8
140220260931  1.139  5.3  172.2  13.2  0.76  5.0  26.8
140220260932  1.136  5.4  172.6  13.2  0.79  3.8  26.8
140220260933  1.133  5.1  173.6  13.2  0.80  355.9  26.8
140220260934  1.128  5.5  174.4  13.2  0.75  3.4  26.8
140220260935  1.126  5.6  172.8  13.2  0.67  3.8  26.8
140220260936  1.125  5.4  172.5  10.9  0.71  7.0  26.8
140220260937  1.122  4.8  170.9  10.9  0.79  2.3  26.8
140220260938  1.121  4.5  167.8  10.9  0.67  3.3  26.8
140220260939  1.119  4.2  163.0  10.9  0.76  5.0  26.8
140220260940  1.117  3.9  159.9  10.9  0.64  356.6  26.8
140220260941  1.114  3.7  153.6  10.9  0.57  358.7  26.8
140220260942  1.111  4.0  149.9  14.3  0.72  3.2  26.8
140220260943  1.107  4.2  144.0  14.3  0.73  355.4  26.8
140220260944  1.103  4.5  138.2  14.3  0.65  357.1  26.8
140220260945  1.099  4.7  136.3  14.3  0.60  1.1  26.8
140220260946  1.094  5.1  134.2  14.3  0.67  3.6  26.8
140220260947  1.090  5.6  137.2  14.3  0.59  358.0  26.8
140220260948  1.085  5.7  138.1  14.3  0.67  359.0  26.8
140220260949  1.082  6.0  138.6  14.3  0.63  357.2  26.8
140220260950  1.077  5.9  140.3  14.3  0.61  3.6  26.8
140220260951  1.073  5.6  142.9  14.3  0.52  356.3  26.9
140220260952  1.069  5.3  143.3  10.8  0.64  358.0  26.8
140220260953  1.064  5.1  144.3  10.8  0.75  355.5  26.9
140220260954  1.061  5.0  145.5  10.8  0.73  358.8  26.9
140220260955  1.055  4.7  147.8  10.8  0.70  4.1  26.9
140220260956  1.051  4.4  149.3  9.9  0.76  359.1  26.9
140220260957  1.049  4.2  152.1  9.9  0.68  358.3  26.9
140220260958  1.046  4.3  156.7  9.8  0.61  356.3  26.9
140220260959  1.042  4.3  159.4  9.8  0.67  360.0  26.9
140220261000  1.039  4.5  159.9  13.8  0.72  1.9  26.9
140220261001  1.035  5.0  158.2  13.8  0.75  357.4  26.9
140220261002  1.033  5.3  157.1  13.8  0.72  355.9  26.9
140220261003  1.031  5.8  161.7  13.8  0.72  354.8  26.9
140220261004  1.028  5.9  161.9  13.8  0.73  0.2  26.9
140220261005  1.025  5.9  162.2  13.8  0.86  359.1  26.9
140220261006  1.022  6.0  163.3  13.8  0.72  359.5  26.9
140220261007  1.020  6.0  163.4  13.8  0.88  0.1  26.9
140220261008  1.017  5.5  162.9  13.8  0.80  1.9  26.9
140220261009  1.013  5.4  161.3  13.8  0.85  357.0  26.9
140220261010  1.011  4.9  159.8  11.6  0.76  358.1  26.9
140220261011  1.006  4.4  155.7  11.6  0.84  356.7  26.9
140220261012  1.002  4.1  157.7  10.0  0.86  4.8  26.9
140220261013  1.000  3.6  154.3  10.0  0.90  356.0  27.0
140220261014  0.994  3.3  157.4  8.2  0.78  0.9  27.0
140220261015  0.991  3.4  157.8  8.2  0.87  359.0  27.0
140220261016  0.988  3.4  158.2  8.2  0.81  357.3  27.0
140220261017  0.983  3.7  159.0  12.4  0.77  355.6  27.0
140220261018  0.979  4.1  158.5  12.4  0.95  3.9  27.0
140220261019  0.975  4.2  158.9  12.4  0.94  0.8  27.0
140220261020  0.971  4.7  154.8  12.4  0.84  359.8  27.0
140220261021  0.966  5.1  158.9  12.4  0.84  1.5  27.0
140220261022  0.963  5.6  159.6  12.4  0.88  0.2  27.0
140220261023  0.958  6.2  160.0  12.4  0.83  0.5  27.0
140220261024  0.953  6.7  160.0  13.3  0.86  2.8  27.0
140220261025  0.948  6.7  157.6  13.3  0.86  359.7  27.0
140220261026  0.944  6.8  157.2  13.3  0.82  358.6  27.0
140220261027  0.939  6.4  155.6  13.3  0.87  1.9  27.0
140220261028  0.935  6.3  155.0  13.3  0.82  0.1  27.0
140220261029  0.930  6.5  156.8  13.3  1.04  3.2  27.0
140220261030  0.926  6.4  159.9  13.3  0.92  359.2  27.0
140220261031  0.921  6.3  160.3  13.3  0.91  0.9  27.0
140220261032  0.917  6.2  160.2  13.3  0.82  359.1  27.0
140220261033  0.910  5.9  162.6  13.3  0.99  0.3  27.0
140220261034  0.904  6.1  162.7  14.0  1.00  3.1  27.0
140220261035  0.901  6.5  164.4  14.0  0.90  2.4  27.0
140220261036  0.894  6.8  166.5  14.0  0.83  2.0  27.0
140220261037  0.889  6.9  167.0  14.0  0.95  358.9  27.0
140220261038  0.882  6.7  168.3  14.0  0.96  4.4  27.0
140220261039  0.876  6.7  170.0  14.0  0.90  0.6  27.0
140220261040  0.871  6.9  172.0  14.0  0.92  358.1  27.1
140220261041  0.866  7.0  172.9  14.0  1.01  2.8  27.1
140220261042  0.861  6.7  174.6  14.0  0.96  4.9  27.1
140220261043  0.855  6.6  175.1  14.0  0.97  2.4  27.1
140220261044  0.850  5.8  176.3  12.9  1.03  2.2  27.1
140220261045  0.845  5.4  175.5  11.5  0.96  4.8  27.1
140220261046  0.840  5.0  174.2  11.5  1.06  0.2  27.1
140220261047  0.835  5.2  171.5  11.5  0.98  0.2  27.1
140220261048  0.832  5.4  168.9  11.5  0.96  0.1  27.1
140220261049  0.827  5.1  164.5  11.5  0.95  2.5  27.1
140220261050  0.825  4.7  160.5  10.4  0.99  359.7  27.1
140220261051  0.820  4.6  160.4  10.4  1.03  3.8  27.1
140220261052  0.817  4.8  155.9  10.4  0.99  5.0  27.1
140220261053  0.811  5.1  151.2  10.4  1.00  1.1  27.1
140220261054  0.808  5.6  149.1  10.4  1.00  1.3  27.1
140220261055  0.804  5.5  149.6  10.4  1.06  3.5  27.1
140220261056  0.800  5.7  149.8  10.4  0.97  3.7  27.1
140220261057  0.797  5.9  149.9  14.3  0.96  2.1  27.1
140220261058  0.794  6.1  153.0  14.3  1.04  1.7  27.1
140220261059  0.791  6.6  156.5  14.3  1.04  1.4  27.1
140220261100  0.787  6.9  156.2  14.3  1.03  357.8  27.1
140220261101  0.783  6.9  154.9  14.3  0.93  360.0  27.1
140220261102  0.778  7.2  157.1  14.3  1.09  3.7  27.1
140220261103  0.776  7.3  158.7  14.3  0.92  358.1  27.1
140220261104  0.773  7.5  160.8  14.8  1.04  2.7  27.1
140220261105  0.771  7.8  161.2  14.8  0.89  359.8  27.1
140220261106  0.769  7.9  161.6  14.8  1.05  0.5  27.1
140220261107  0.767  7.8  163.3  14.8  0.90  1.5  27.1
140220261108  0.764  7.5  162.4  14.8  0.98  2.7  27.1
140220261109  0.761  7.5  160.3  14.8  0.98  359.7  27.1
140220261110  0.758  7.3  161.8  14.8  0.88  357.7  27.1
140220261111  0.755  7.5  162.6  14.8  1.02  1.6  27.1
140220261112  0.752  7.6  162.0  14.8  0.94  358.6  27.1
140220261113  0.749  7.9  161.2  14.8  0.97  1.7  27.1
140220261114  0.746  7.9  161.5  14.3  1.01  2.8  27.2
140220261115  0.743  7.9  161.1  14.3  0.83  358.4  27.2
140220261116  0.743  7.9  158.8  14.3  0.93  0.1  27.2
140220261117  0.740  7.8  157.6  14.3  0.94  0.3  27.2
140220261118  0.737  7.9  157.4  14.3  0.95  2.2  27.2
140220261119  0.734  7.7  157.9  14.3  0.96  0.7  27.2
140220261120  0.730  8.1  155.6  14.3  0.89  357.6  27.2
140220261121  0.727  8.3  154.1  14.3  0.92  0.7  27.2
140220261122  0.724  7.9  154.6  14.3  0.99  2.0  27.2
140220261123  0.720  7.3  155.2  11.6  0.96  2.7  27.2
140220261124  0.718  6.9  153.5  11.2  0.97  1.0  27.2
140220261125  0.715  6.9  152.3  11.2  0.96  5.5  27.2
140220261126  0.711  6.6  154.2  11.2  0.95  2.9  27.2
140220261127  0.708  6.4  154.0  11.2  1.05  5.8  27.2
140220261128  0.705  6.3  153.8  11.2  0.87  1.4  27.2
140220261129  0.701  6.3  153.1  11.2  0.95  3.4  27.2
140220261130  0.697  5.9  153.5  11.2  0.96  4.8  27.2
140220261131  0.694  5.4  155.6  11.2  0.95  5.3  27.2
140220261132  0.690  5.7  152.4  11.2  0.95  3.0  27.2
140220261133  0.687  5.9  149.3  11.2  0.92  3.0  27.2
140220261134  0.684  5.7  150.3  11.2  0.88  2.5  27.2
140220261135  0.679  5.4  151.8  11.2  0.97  3.3  27.2
140220261136  0.674  5.5  149.7  11.2  1.06  2.8  27.2
140220261137  0.669  5.3  150.4  10.8  1.05  1.3  27.2
140220261138  0.667  5.3  150.7  10.8  0.99  1.2  27.2
140220261139  0.664  5.6  154.0  13.0  0.99  0.6  27.2
140220261140  0.661  5.5  154.7  13.0  1.08  0.5  27.2
140220261141  0.657  5.5  154.7  13.0  1.01  1.8  27.2
140220261142  0.653  5.3  158.7  13.0  1.10  5.7  27.2
140220261143  0.650  5.6  162.9  13.0  0.98  2.5  27.2
140220261144  0.645  6.0  161.2  13.0  1.06  3.6  27.2
140220261145  0.643  6.4  157.7  13.0  1.06  1.2  27.2
140220261146  0.640  6.5  159.4  13.0  1.00  2.5  27.2
140220261147  0.636  6.9  159.7  13.0  1.08  5.6  27.2
140220261148  0.634  7.1  159.0  13.0  1.04  2.9  27.2
140220261149  0.630  7.0  155.7  13.9  1.07  4.0  27.2
140220261150  0.627  7.5  155.4  13.9  1.02  2.6  27.3
140220261151  0.624  7.7  154.8  13.9  1.07  1.2  27.3
140220261152  0.619  7.8  151.8  13.9  1.08  4.7  27.3
140220261153  0.617  7.6  149.2  13.9  1.04  1.6  27.3
140220261154  0.614  7.4  150.7  13.9  1.09  3.4  27.3
140220261155  0.611  7.1  153.3  13.9  1.01  3.4  27.3
140220261156  0.608  6.8  152.1  13.9  0.91  1.8  27.3
140220261157  0.605  6.6  150.9  13.9  0.99  0.3  27.3
140220261158  0.601  6.2  152.0  13.9  1.15  1.9  27.3
140220261159  0.599  5.9  153.0  13.0  1.00  3.3  27.3
140220261200  0.596  5.5  154.5  9.9  1.13  4.6  27.3
140220261201  0.593  5.5  155.7  9.9  1.02  2.2  27.3
140220261202  0.589  5.2  160.9  9.1  1.02  4.5  27.3
140220261203  0.586  5.2  164.9  11.9  0.97  2.8  27.3
140220261204  0.583  5.1  166.0  11.9  1.00  0.9  27.3
140220261205  0.580  5.2  166.2  11.9  0.95  358.4  27.3
140220261206  0.578  5.3  165.3  11.9  0.95  3.5  27.3
140220261207  0.574  5.5  165.3  12.1  1.01  2.0  27.3
140220261208  0.569  5.8  162.9  12.1  0.98  2.5  27.3
140220261209  0.566  6.0  162.9  12.1  1.00  2.6  27.3
140220261210  0.564  6.3  161.5  12.1  0.99  6.7  27.3
140220261211  0.561  6.6  161.4  16.6  1.02  3.4  27.3
140220261212  0.558  7.0  162.1  16.6  0.97  6.3  27.3
140220261213  0.553  7.0  158.0  16.6  1.00  4.9  27.3
140220261214  0.550  7.1  155.9  16.6  0.94  5.6  27.3
140220261215  0.548  6.9  157.4  16.6  1.00  2.8  27.3
140220261216  0.545  6.9  157.4  16.6  0.85  1.6  27.3
140220261217  0.542  6.7  159.1  16.6  0.66  13.4  27.3
140220261218  0.539  6.6  162.1  16.6  1.07  6.3  27.3
140220261219  0.538  6.5  164.4  16.6  1.01  1.5  27.3
140220261220  0.536  6.4  165.6  16.6  0.99  3.2  27.3
140220261221  0.535  5.8  164.5  14.9  1.03  3.5  27.3
140220261222  0.535  5.4  162.4  11.9  0.97  9.2  27.3
140220261223  0.532  5.5  161.6  10.8  1.05  4.2  27.3
140220261224  0.531  5.5  164.3  10.8  0.99  2.2  27.3
140220261225  0.529  5.7  162.9  10.8  0.93  1.0  27.3
140220261226  0.527  5.7  163.1  10.8  1.04  2.4  27.3
140220261227  0.527  5.8  162.3  12.2  1.01  1.6  27.3
140220261228  0.525  5.9  163.0  12.2  1.00  1.3  27.3
140220261229  0.523  5.9  161.8  12.2  0.96  3.4  27.3
140220261230  0.521  5.9  162.0  12.2  0.93  6.2  27.3
140220261231  0.521  6.2  164.7  12.2  1.05  4.4  27.3
140220261232  0.519  6.4  162.5  12.2  0.96  3.4  27.3
140220261233  0.518  6.5  165.2  12.2  1.04  5.3  27.3
140220261234  0.517  6.4  162.9  12.2  0.95  2.2  27.3
140220261235  0.517  6.3  161.5  12.2  0.90  0.5  27.3
140220261236  0.516  6.2  160.2  12.2  0.80  1.3  27.3
140220261237  0.516  6.0  159.6  10.1  0.98  2.6  27.3
140220261238  0.516  5.7  157.1  10.1  0.90  2.1  27.3
140220261239  0.516  5.4  154.7  10.1  0.82  359.4  27.3
140220261240  0.518  5.7  151.7  15.5  0.72  356.3  27.3
140220261241  0.519  6.1  150.7  16.1  0.86  3.0  27.3
140220261242  0.520  6.5  150.1  16.1  0.85  2.4  27.3
140220261243  0.520  6.5  153.1  16.1  0.96  4.0  27.3
140220261244  0.520  6.6  156.2  16.1  0.83  1.2  27.3
140220261245  0.519  6.7  155.9  16.1  0.91  2.3  27.3
140220261246  0.518  6.8  156.8  16.1  0.91  0.8  27.3
140220261247  0.518  6.7  156.1  16.1  0.81  4.6  27.3
140220261248  0.516  6.9  155.4  16.1  0.72  1.2  27.3
140220261249  0.514  6.7  158.8  16.1  0.88  357.0  27.3
140220261250  0.514  6.2  162.4  16.1  0.78  4.6  27.3
140220261251  0.513  5.7  161.7  13.8  0.72  1.1  27.3
140220261252  0.513  5.2  167.1  12.6  0.74  1.3  27.3
140220261253  0.511  4.8  166.6  12.0  0.75  359.9  27.3
140220261254  0.511  4.7  166.0  12.0  0.75  0.4  27.3
140220261255  0.510  4.7  172.1  10.7  0.63  357.1  27.3
140220261256  0.508  5.0  173.8  12.7  0.72  358.4  27.3
140220261257  0.507  5.7  179.7  14.0  0.77  358.9  27.3
140220261258  0.506  6.2  181.0  14.0  0.70  1.1  27.3
140220261259  0.503  6.2  177.9  14.0  0.67  357.7  27.3
140220261300  0.501  6.3  175.9  14.0  0.91  360.0  27.3
140220261301  0.501  6.3  179.1  14.0  0.81  357.5  27.3
140220261302  0.500  6.1  177.4  14.0  0.88  1.0  27.3
140220261303  0.499  5.9  175.5  14.0  0.64  352.2  27.3
140220261304  0.496  5.8  174.8  14.0  0.89  358.3  27.3
140220261305  0.496  5.5  169.6  14.0  0.83  356.6  27.3
140220261306  0.492  5.0  171.5  14.0  0.83  356.5  27.3
140220261307  0.492  4.4  164.7  9.2  0.80  354.3  27.3
140220261308  0.490  4.2  161.3  8.7  0.83  358.1  27.3
140220261309  0.488  4.3  162.5  8.7  0.74  353.6  27.3
140220261310  0.489  4.3  161.3  8.7  0.84  0.5  27.3
140220261311  0.488  4.3  158.1  8.8  0.83  359.1  27.3
140220261312  0.488  4.6  161.2  10.9  0.83  359.2  27.3
140220261313  0.488  4.9  160.8  10.9  0.82  357.7  27.3
140220261314  0.488  5.0  159.7  11.4  0.70  355.9  27.3
140220261315  0.488  5.0  157.0  11.4  0.69  356.8  27.3
140220261316  0.487  5.4  155.7  11.4  0.80  0.5  27.3
140220261317  0.487  5.5  156.9  11.4  0.60  1.1  27.3
140220261318  0.488  5.4  158.8  11.4  0.80  0.2  27.3
140220261319  0.488  5.4  156.2  11.4  0.65  0.4  27.3
140220261320  0.488  5.4  158.0  11.4  0.67  5.2  27.3
140220261321  0.488  5.6  156.6  11.4  0.70  2.3  27.3
140220261322  0.487  5.2  153.6  11.4  0.68  4.2  27.3
140220261323  0.488  5.1  152.5  11.4  0.75  2.0  27.3
140220261324  0.489  5.2  153.8  13.0  0.60  358.2  27.3
140220261325  0.490  5.5  158.4  13.0  0.64  359.1  27.3
140220261326  0.491  5.5  157.6  13.0  0.61  359.7  27.3
140220261327  0.492  5.7  155.5  13.0  0.59  358.5  27.3
140220261328  0.494  6.0  156.6  13.0  0.48  355.1  27.3
140220261329  0.495  6.0  161.5  13.0  0.60  357.2  27.3
140220261330  0.497  5.9  162.6  13.0  0.62  358.2  27.3
140220261331  0.500  5.7  165.9  13.0  0.57  355.7  27.3
140220261332  0.502  5.9  166.4  13.0  0.69  356.7  27.3
140220261333  0.503  6.1  166.9  13.0  0.63  2.4  27.3
140220261334  0.503  6.4  166.5  11.2  0.56  359.3  27.3
140220261335  0.504  6.0  167.1  11.2  0.52  354.9  27.3
140220261336  0.506  6.2  167.8  11.2  0.58  355.4  27.3
140220261337  0.507  5.9  170.1  11.2  0.54  353.8  27.3
140220261338  0.508  5.8  169.1  11.2  0.60  355.8  27.3
140220261339  0.508  5.9  167.3  11.2  0.55  3.3  27.3
140220261340  0.510  6.2  167.0  13.6  0.54  358.5  27.3
140220261341  0.511  6.2  166.1  13.6  0.42  359.0  27.2
140220261342  0.513  6.0  167.3  13.6  0.40  0.2  27.2
140220261343  0.516  5.9  170.0  13.6  0.38  2.2  27.2
140220261344  0.517  5.5  173.1  13.6  0.40  12.2  27.2
140220261345  0.518  5.6  178.7  13.6  0.38  349.7  27.2
140220261346  0.520  5.5  183.9  13.6  0.43  355.3  27.2
140220261347  0.520  5.6  186.5  13.6  0.39  357.7  27.2
140220261348  0.521  5.6  189.1  13.6  0.52  358.3  27.2
140220261349  0.522  5.5  192.3  13.6  0.37  355.8  27.2
140220261350  0.523  5.1  196.4  9.2  0.33  356.5  27.2
140220261351  0.521  5.1  199.6  9.2  0.38  1.4  27.2
140220261352  0.522  4.9  203.3  9.2  0.40  1.2  27.2
140220261353  0.522  4.7  204.7  9.2  0.28  0.4  27.2
140220261354  0.522  4.6  204.1  9.2  0.32  355.4  27.2
140220261355  0.522  4.2  198.3  9.1  0.40  5.0  27.2
140220261356  0.524  4.0  192.2  9.1  0.36  356.2  27.2
140220261357  0.525  3.8  190.1  9.1  0.37  350.1  27.2
140220261358  0.525  3.6  183.7  9.1  0.49  5.0  27.2
140220261359  0.524  3.5  182.1  9.1  0.52  357.1  27.2
140220261400  0.524  3.9  179.4  10.0  0.46  0.1  27.2
140220261401  0.525  4.0  176.2  10.0  0.28  356.2  27.2
140220261402  0.525  4.3  173.0  10.0  0.38  4.5  27.2
140220261403  0.525  4.6  173.0  10.0  0.26  354.0  27.2
140220261404  0.525  4.6  171.2  10.0  0.34  352.1  27.2
140220261405  0.526  4.9  175.7  10.4  0.32  355.4  27.2
140220261406  0.527  4.8  175.8  10.4  0.29  346.4  27.2
140220261407  0.528  4.9  176.0  13.4  0.24  334.6  27.2
140220261408  0.531  4.9  177.1  13.4  0.46  351.9  27.2
140220261409  0.533  4.9  176.1  13.4  0.27  353.1  27.2
140220261410  0.535  4.6  172.2  13.4  0.28  345.0  27.2
140220261411  0.536  4.5  170.2  13.4  0.28  347.0  27.2
140220261412  0.536  4.6  169.9  13.4  0.34  350.2  27.2
140220261413  0.538  4.2  165.0  13.4  0.32  345.1  27.2
140220261414  0.541  4.0  165.5  13.4  0.35  337.6  27.2
140220261415  0.544  3.6  158.4  13.4  0.33  349.7  27.2
140220261416  0.546  3.9  161.6  13.4  0.35  348.1  27.2
140220261417  0.549  3.7  156.7  9.7  0.33  342.4  27.2
140220261418  0.551  3.6  152.8  9.7  0.41  359.6  27.2
140220261419  0.553  3.7  150.3  9.7  0.27  344.9  27.2
140220261420  0.556  3.8  154.4  9.7  0.35  347.0  27.2
140220261421  0.560  4.0  157.1  11.0  0.33  346.8  27.2
140220261422  0.561  4.2  156.8  11.0  0.28  346.5  27.2
140220261423  0.564  4.4  160.5  11.0  0.41  352.2  27.2
140220261424  0.566  4.9  161.9  11.0  0.22  1.9  27.2
140220261425  0.569  5.0  164.0  11.0  0.35  358.2  27.2
140220261426  0.572  5.1  163.7  11.0  0.26  335.1  27.2
140220261427  0.576  5.4  165.0  11.0  0.28  341.9  27.2
140220261428  0.577  5.4  166.7  11.0  0.25  354.4  27.2
140220261429  0.580  5.6  167.6  11.0  0.28  341.1  27.2
140220261430  0.582  5.6  164.1  11.0  0.37  352.5  27.2
140220261431  0.583  5.5  163.2  9.9  0.28  345.1  27.2
140220261432  0.584  5.2  164.1  9.9  0.28  352.4  27.2
140220261433  0.586  5.6  161.7  13.1  0.20  325.0  27.2
140220261434  0.587  5.5  160.8  13.1  0.19  335.5  27.2
140220261435  0.587  5.8  159.9  13.1  0.36  339.8  27.2
140220261436  0.589  5.9  159.3  13.1  0.24  323.3  27.2
140220261437  0.590  6.0  159.2  13.1  0.14  328.8  27.2
140220261438  0.591  6.3  160.3  13.1  0.29  355.7  27.2
140220261439  0.592  6.2  159.5  13.1  0.27  342.5  27.2
140220261440  0.594  6.4  160.0  13.1  0.40  359.1  27.2
140220261441  0.598  6.7  158.9  13.1  0.21  338.1  27.2
140220261442  0.601  6.8  156.6  13.1  0.32  350.3  27.2
140220261443  0.603  6.6  156.3  11.9  0.36  9.1  27.1
140220261444  0.605  6.6  158.3  11.9  0.31  356.8  27.2
140220261445  0.609  6.4  157.7  11.9  0.32  339.7  27.1
140220261446  0.612  6.1  157.2  11.2  0.32  342.2  27.1
140220261447  0.614  5.8  156.9  11.2  0.03  196.7  27.1
140220261448  0.617  5.4  156.6  11.2  nan  nan  nan
140220261449  0.619  5.3  158.8  11.2  0.13  6.5  27.2
140220261450  0.621  5.1  159.5  11.2  0.09  154.6  27.2
140220261451  0.624  4.8  160.7  9.5  0.17  142.1  27.2
140220261452  0.626  4.8  162.5  9.5  0.11  142.8  27.1
140220261453  0.629  4.6  164.4  9.5  0.17  169.7  27.2
140220261454  0.633  4.7  161.2  9.5  0.11  108.0  27.2
140220261455  0.635  4.8  162.5  9.5  0.09  108.7  27.2
140220261456  0.638  4.9  164.2  9.5  0.11  130.6  27.2
140220261457  0.641  5.0  164.8  9.5  0.02  214.4  27.2
140220261458  0.644  5.2  165.5  9.5  0.18  143.2  27.2
140220261459  0.649  5.4  163.9  9.5  0.20  166.4  27.2
140220261500  0.653  5.1  164.1  9.0  0.45  173.1  27.1
140220261501  0.656  5.2  163.3  9.0  0.37  165.7  27.2
140220261502  0.658  5.2  164.4  9.0  0.29  178.2  27.1
140220261503  0.661  5.2  165.8  9.5  0.26  193.4  27.2
140220261504  0.663  4.9  168.3  9.5  0.24  169.1  27.2
140220261505  0.666  4.8  169.0  9.5  0.36  183.4  27.2
140220261506  0.669  4.5  167.3  9.5  0.30  187.0  27.2
140220261507  0.670  4.7  166.3  9.5  0.32  165.8  27.2
140220261508  0.672  4.7  164.0  9.5  0.38  183.0  27.2
140220261509  0.675  4.8  162.6  10.3  0.24  165.1  27.2
140220261510  0.676  5.2  163.8  11.6  0.36  188.7  27.2
140220261511  0.678  5.4  164.5  11.6  0.26  141.1  27.2
140220261512  0.680  5.5  162.9  11.6  0.25  162.2  27.1
140220261513  0.681  5.9  160.8  13.6  0.47  177.4  27.1
140220261514  0.683  6.5  158.9  13.8  0.45  172.8  27.1
140220261515  0.684  6.7  157.4  13.8  0.46  179.2  27.1
140220261516  0.687  7.1  157.0  13.8  0.21  186.8  27.1
140220261517  0.688  7.1  157.3  13.8  0.29  174.1  27.1
140220261518  0.690  7.4  157.6  13.8  0.16  187.9  27.1
140220261519  0.692  7.3  156.7  13.8  0.31  182.0  27.1
140220261520  0.694  7.1  157.0  13.8  0.25  179.1  27.1
140220261521  0.696  7.0  157.3  13.8  0.19  177.7  27.1
140220261522  0.699  7.1  157.4  13.8  0.17  181.7  27.1
140220261523  0.700  6.5  158.6  13.8  0.14  182.9  27.1
140220261524  0.702  6.0  157.1  10.9  0.11  158.0  27.1
140220261525  0.703  5.9  158.3  10.9  0.14  166.4  27.1
140220261526  0.707  5.7  160.6  10.3  0.22  172.7  27.1
140220261527  0.708  5.4  159.7  10.3  0.33  181.6  27.1
140220261528  0.708  5.2  162.4  8.8  0.21  176.4  27.1
140220261529  0.710  5.3  165.4  8.8  0.25  171.7  27.1
140220261530  0.712  5.2  166.0  10.2  0.23  179.7  27.1
140220261531  0.712  5.2  162.9  10.2  0.24  193.8  27.1
140220261532  0.714  5.0  163.7  10.2  0.23  179.7  27.1
140220261533  0.718  4.9  162.8  10.2  0.29  186.1  27.1
140220261534  0.719  5.0  165.3  10.2  0.29  180.0  27.1
140220261535  0.721  5.0  163.8  10.2  0.27  185.9  27.1
140220261536  0.725  5.2  160.3  11.9  0.34  182.9  27.0
140220261537  0.726  5.6  159.1  11.9  0.39  201.5  27.1
140220261538  0.728  6.1  158.3  11.9  0.48  185.5  27.1
140220261539  0.731  6.0  157.4  11.9  0.37  179.2  27.0
140220261540  0.733  6.2  156.7  11.9  0.33  164.5  27.0
140220261541  0.736  6.4  158.2  11.9  0.43  176.9  27.0
140220261542  0.739  6.8  157.5  11.9  0.47  178.8  27.0
140220261543  0.741  7.2  154.9  11.9  0.61  183.6  27.0
140220261544  0.743  7.4  155.1  11.9  0.45  172.5  27.0
140220261545  0.746  7.3  156.9  11.9  0.45  180.5  27.0
140220261546  0.749  6.9  156.3  11.9  0.46  179.4  27.0
140220261547  0.752  6.7  155.5  11.9  0.43  177.0  27.0
140220261548  0.755  6.3  153.2  10.8  0.46  178.6  27.0
140220261549  0.760  6.2  153.5  10.8  0.53  176.9  27.0
140220261550  0.761  6.0  152.6  10.8  0.39  176.4  27.0
140220261551  0.764  5.6  154.1  10.8  0.56  180.8  27.0
140220261552  0.768  5.3  154.5  10.8  0.50  173.8  27.0
140220261553  0.771  5.3  158.7  10.8  0.59  179.1  27.0
140220261554  0.775  5.4  158.7  11.4  0.54  173.9  27.0
140220261555  0.779  5.4  155.9  11.4  0.55  172.5  27.0
140220261556  0.780  5.7  157.3  11.4  0.53  171.4  26.9
140220261557  0.783  5.6  158.8  11.4  0.44  173.7  26.9
140220261558  0.788  5.7  162.0  11.4  0.58  171.3  26.9
140220261559  0.789  5.9  161.9  11.4  0.63  175.3  26.9
140220261600  0.792  6.2  162.4  11.4  0.46  169.8  26.9
140220261601  0.795  6.4  163.6  11.4  0.59  173.0  26.9
140220261602  0.798  6.3  162.5  11.4  0.52  165.1  26.9
140220261603  0.801  6.3  162.1  11.4  0.54  168.0  26.9
140220261604  0.804  6.2  161.0  11.5  0.64  175.5  26.9
140220261605  0.808  6.4  160.4  11.5  0.74  170.8  26.9
140220261606  0.811  6.4  161.1  11.5  0.72  170.2  26.9
140220261607  0.815  6.8  160.4  12.1  0.79  171.2  26.9
140220261608  0.817  6.9  158.1  12.1  0.69  169.1  26.9
140220261609  0.821  7.1  156.2  12.1  0.74  169.3  26.9
140220261610  0.824  7.0  156.3  12.1  0.74  172.0  26.9
140220261611  0.826  7.2  154.2  12.1  0.75  167.0  26.9
140220261612  0.830  7.4  154.4  12.1  0.62  168.5  26.9
140220261613  0.833  7.2  153.8  12.1  0.61  167.3  26.9
140220261614  0.837  7.2  153.3  12.1  0.76  170.6  26.9
140220261615  0.839  7.1  153.7  12.1  0.63  167.4  26.9
140220261616  0.842  7.5  154.3  14.3  0.63  164.0  26.9
140220261617  0.844  7.2  157.5  14.3  0.73  167.4  26.9
140220261618  0.848  7.0  159.3  14.3  0.69  163.2  26.9
140220261619  0.851  7.0  163.0  14.3  0.80  169.2  26.9
140220261620  0.852  6.9  161.8  14.3  0.77  170.4  26.9
140220261621  0.855  6.7  160.5  14.3  0.61  161.2  26.9
140220261622  0.857  6.6  160.1  14.3  0.64  165.6  26.9
140220261623  0.861  6.5  160.2  14.3  0.86  172.6  26.9
140220261624  0.862  6.3  161.0  14.3  0.74  167.2  26.9
140220261625  0.864  6.0  160.5  14.3  0.71  166.3  26.9
140220261626  0.867  5.3  161.1  11.4  0.62  167.6  26.9
140220261627  0.868  5.3  157.0  11.4  0.77  165.1  26.9
140220261628  0.871  5.1  154.8  11.4  0.70  168.3  26.9
140220261629  0.874  5.1  150.7  11.4  0.85  167.1  26.9
140220261630  0.876  5.2  151.1  10.7  0.84  163.4  26.8
140220261631  0.878  5.0  152.2  10.7  0.76  161.0  26.9
140220261632  0.880  5.0  152.1  10.7  0.80  162.5  26.9
140220261633  0.882  5.1  152.1  10.7  0.90  166.1  26.9
140220261634  0.885  5.4  150.5  10.7  0.95  166.3  26.9
140220261635  0.885  5.5  150.7  13.3  0.87  163.2  26.9
140220261636  0.888  6.0  151.3  13.3  0.83  164.3  26.9
140220261637  0.891  5.8  153.4  13.3  0.88  162.7  26.8
140220261638  0.893  6.0  153.2  13.3  0.92  164.4  26.8
140220261639  0.894  6.0  152.9  13.3  0.83  166.4  26.8
140220261640  0.896  5.9  152.3  13.3  0.90  164.8  26.8
140220261641  0.899  6.0  151.4  13.3  0.95  167.6  26.8
140220261642  0.901  5.9  152.3  13.3  0.99  168.5  26.8
140220261643  0.904  5.8  153.5  13.3  0.96  165.3  26.8
140220261644  0.907  5.7  153.1  13.3  0.92  167.5  26.8
140220261645  0.909  5.7  152.6  10.9  0.92  167.7  26.8
140220261646  0.912  5.7  149.9  10.9  0.89  167.4  26.8
140220261647  0.914  5.9  147.8  10.9  0.84  165.2  26.8
140220261648  0.916  6.1  146.1  11.7  0.87  169.7  26.8
140220261649  0.918  6.3  147.2  16.8  0.83  167.0  26.8
140220261650  0.919  6.3  147.0  16.8  0.83  166.3  26.8
140220261651  0.922  6.5  148.8  16.8  0.75  167.6  26.8
140220261652  0.925  6.4  149.8  16.8  0.75  166.1  26.8
140220261653  0.928  6.8  147.5  16.8  0.65  164.1  26.8
140220261654  0.931  6.8  149.2  16.8  0.62  164.2  26.8
140220261655  0.932  6.8  151.6  16.8  0.67  165.1  26.8
140220261656  0.934  6.6  153.2  16.8  0.53  166.9  26.8
140220261657  0.936  6.3  153.6  16.8  0.60  168.2  26.8
140220261658  0.938  6.1  156.9  16.8  0.66  167.0  26.8
140220261659  0.939  5.6  156.9  11.8  0.73  159.6  26.8
140220261700  0.942  5.6  157.6  11.8  0.78  169.2  26.8
140220261701  0.944  5.4  159.2  11.8  0.67  164.2  26.9
140220261702  0.947  5.7  160.6  11.8  0.73  164.6  26.9
140220261703  0.950  5.4  163.3  10.5  0.77  165.0  26.9
140220261704  0.953  5.2  165.3  10.3  0.72  164.1  26.9
140220261705  0.956  5.3  166.2  10.4  0.72  167.9  26.9
140220261706  0.959  5.3  165.4  10.4  0.87  167.9  26.9
140220261707  0.961  5.5  167.4  10.4  0.90  173.1  26.8
140220261708  0.962  5.3  167.5  10.4  0.76  169.2  26.8
140220261709  0.964  5.8  166.4  12.7  0.77  173.0  26.8
140220261710  0.964  5.9  166.6  12.7  0.66  169.9  26.8
140220261711  0.966  5.7  163.5  12.7  0.75  168.2  26.8
140220261712  0.969  5.4  162.5  12.7  0.75  171.5  26.8
140220261713  0.971  5.3  162.3  12.7  0.80  171.1  26.8
140220261714  0.974  5.1  159.9  12.7  0.65  174.0  26.8
140220261715  0.975  4.9  159.9  12.7  0.75  171.1  26.8
140220261716  0.977  5.0  161.4  12.7  0.73  170.6  26.8
140220261717  0.978  5.0  158.2  12.7  0.61  173.2  26.8
140220261718  0.980  5.2  158.4  12.7  0.54  167.6  26.8
140220261719  0.984  5.0  161.1  9.7  0.72  175.7  26.8
140220261720  0.986  5.0  164.6  9.7  0.69  173.8  26.8
140220261721  0.988  5.1  165.0  9.7  0.58  167.4  26.8
140220261722  0.991  5.4  164.3  11.7  0.58  168.3  26.8
140220261723  0.993  5.7  163.3  11.7  0.68  173.7  26.8
140220261724  0.994  5.9  166.5  11.7  0.58  171.5  26.8
140220261725  0.997  5.8  164.4  11.7  0.51  170.3  26.8
140220261726  0.999  5.7  162.9  11.7  0.71  170.9  26.8
140220261727  1.002  5.4  163.5  11.7  0.78  171.5  26.8
140220261728  1.004  5.4  163.3  11.7  0.59  165.9  26.8
140220261729  1.006  5.1  161.1  11.7  0.68  165.3  26.8
140220261730  1.008  4.9  159.9  11.7  0.57  164.4  26.8
140220261731  1.009  4.7  159.6  11.7  0.63  168.8  26.8
140220261732  1.012  4.5  159.3  9.7  0.68  170.9  26.8
140220261733  1.013  4.4  158.0  9.7  0.72  170.2  26.8
140220261734  1.014  4.7  153.2  14.9  0.77  171.0  26.8
140220261735  1.018  4.9  154.0  14.9  0.33  176.9  26.8
140220261736  1.021  5.1  155.3  14.9  0.67  172.4  26.7
140220261737  1.024  5.3  158.0  14.9  0.38  169.1  26.7
140220261738  1.026  5.5  159.9  14.9  0.57  169.4  26.7
140220261739  1.028  5.9  163.5  14.9  0.60  162.5  26.7
140220261740  1.028  6.2  162.6  14.9  0.67  167.3  26.7
140220261741  1.030  6.2  162.3  14.9  0.50  165.6  26.7
140220261742  1.032  6.3  162.8  14.9  0.55  165.4  26.7
140220261743  1.033  6.3  164.1  14.9  0.68  172.0  26.7
140220261744  1.036  5.8  164.6  14.9  0.61  171.0  26.7
140220261745  1.039  5.8  165.2  14.9  0.60  165.9  26.7
140220261746  1.039  5.8  165.9  14.9  0.54  167.3  26.7
140220261747  1.042  5.8  163.2  14.9  0.55  163.5  26.7
140220261748  1.044  5.7  163.6  10.0  0.54  168.2  26.7
140220261749  1.044  5.4  161.0  9.7  0.62  167.2  26.7
140220261750  1.045  5.2  159.6  9.7  0.56  165.7  26.7
140220261751  1.046  5.5  162.6  9.9  0.69  174.6  26.7
140220261752  1.048  5.5  162.1  9.9  0.60  171.9  26.7
140220261753  1.051  5.6  164.2  9.9  0.47  171.2  26.7
140220261754  1.053  5.6  163.3  9.9  0.52  171.5  26.7
140220261755  1.055  5.3  162.1  9.9  0.55  163.9  26.7
140220261756  1.056  5.2  162.9  9.9  0.68  170.3  26.7
140220261757  1.057  5.1  165.1  9.9  0.51  162.4  26.7
140220261758  1.058  5.2  164.0  11.2  0.57  161.0  26.7
140220261759  1.060  5.5  163.1  11.2  0.63  165.1  26.6
140220261800  1.061  5.6  162.0  11.2  0.61  164.3  26.6
140220261801  1.064  5.4  161.9  11.2  0.38  156.7  26.6
140220261802  1.064  5.4  160.7  11.2  0.34  166.8  26.6
140220261803  1.067  5.4  158.8  11.2  0.58  174.1  26.6
140220261804  1.069  5.6  162.1  11.2  0.60  167.5  26.6
140220261805  1.069  5.9  163.6  11.2  0.69  162.0  26.6
140220261806  1.071  5.8  162.2  11.2  0.70  161.6  26.6
140220261807  1.072  5.7  159.4  11.2  0.64  163.1  26.6
140220261808  1.074  5.3  158.2  10.4  0.62  165.0  26.6
140220261809  1.076  5.2  157.5  9.9  0.56  170.9  26.6
140220261810  1.078  5.2  158.2  9.5  0.66  167.0  26.6
140220261811  1.078  5.0  155.7  9.5  0.60  164.7  26.6
140220261812  1.080  4.8  156.7  9.5  0.64  164.2  26.6
140220261813  1.081  4.7  155.9  9.5  0.56  161.0  26.6
140220261814  1.082  4.8  157.0  9.0  0.64  161.6  26.6
140220261815  1.082  5.1  155.8  10.4  0.67  160.1  26.6
140220261816  1.083  5.4  155.4  10.4  0.67  157.6  26.6
140220261817  1.084  5.4  155.1  10.4  0.57  164.3  26.6
140220261818  1.085  5.6  154.2  10.4  0.59  159.2  26.5
140220261819  1.085  5.5  154.2  10.4  0.62  156.4  26.5
140220261820  1.086  5.6  155.0  10.4  0.65  164.0  26.5
140220261821  1.086  5.9  155.5  10.4  0.62  155.9  26.5
140220261822  1.088  6.2  152.8  10.4  0.61  155.8  26.5
140220261823  1.089  6.4  154.4  10.4  0.62  155.8  26.4
140220261824  1.090  6.2  151.9  10.4  0.46  149.9  26.4
140220261825  1.091  6.0  152.7  10.4  0.33  150.3  26.4
140220261826  1.091  6.1  151.7  10.4  0.33  154.1  26.4
140220261827  1.092  6.1  156.5  11.3  0.35  162.6  26.4
140220261828  1.092  5.9  156.2  11.3  0.38  160.0  26.4
140220261829  1.093  6.3  156.7  11.9  0.39  159.4  26.4
140220261830  1.094  6.3  158.2  11.9  0.43  153.3  26.5
140220261831  1.094  6.3  158.9  12.4  0.50  154.4  26.5
140220261832  1.094  6.3  161.2  12.4  0.66  165.0  26.5
140220261833  1.094  6.3  160.1  12.4  0.49  156.1  26.5
140220261834  1.096  6.4  161.5  12.4  0.63  165.0  26.4
140220261835  1.098  6.1  160.8  12.4  0.50  160.6  26.4
140220261836  1.099  5.9  162.8  12.4  0.50  155.1  26.4
140220261837  1.099  5.8  160.3  12.4  0.60  163.2  26.4
140220261838  1.099  5.8  160.9  12.4  0.54  160.2  26.4
140220261839  1.099  5.7  164.2  12.4  0.44  165.3  26.4
140220261840  1.098  5.7  163.7  12.4  0.42  163.8  26.4
140220261841  1.099  5.6  163.3  11.2  0.41  164.4  26.4
140220261842  1.099  5.6  163.8  11.2  0.40  160.1  26.4
140220261843  1.100  5.8  164.1  11.3  0.32  151.0  26.4
140220261844  1.101  5.9  163.8  11.3  0.48  176.2  26.4
140220261845  1.100  6.2  164.3  11.3  0.34  157.0  26.4
140220261846  1.100  6.2  162.5  11.3  0.20  139.4  26.4
140220261847  1.099  6.6  161.8  11.3  0.35  163.4  26.4
140220261848  1.099  6.9  162.0  11.3  0.43  162.6  26.4
140220261849  1.099  6.8  159.1  11.3  0.41  168.5  26.4
140220261850  1.098  6.8  157.0  11.3  0.31  159.8  26.4
140220261851  1.096  6.7  157.7  11.3  0.33  150.8  26.3
140220261852  1.095  6.4  158.2  11.3  0.33  153.1  26.3
140220261853  1.097  5.9  159.2  9.6  0.46  154.9  26.3
140220261854  1.096  5.8  159.4  9.6  0.36  155.9  26.3
140220261855  1.096  5.8  159.6  9.6  0.28  140.6  26.3
140220261856  1.097  5.7  162.1  9.6  0.28  153.7  26.3
140220261857  1.096  5.5  162.1  9.9  0.27  158.4  26.3
140220261858  1.094  5.4  163.5  9.9  0.30  135.0  26.3
140220261859  1.094  5.6  161.6  11.8  0.31  161.0  26.3
140220261900  1.093  5.8  163.5  11.8  0.25  152.7  26.3
140220261901  1.092  5.9  161.6  11.8  0.27  141.5  26.3
140220261902  1.092  6.2  161.3  11.8  0.18  126.8  26.3
140220261903  1.092  6.4  159.8  11.8  0.22  149.6  26.3
140220261904  1.089  6.4  157.0  11.8  0.24  173.6  26.3
140220261905  1.089  6.2  155.7  11.8  0.24  153.8  26.3
140220261906  1.089  6.0  155.0  11.8  0.33  163.1  26.3
140220261907  1.088  5.7  154.6  11.8  0.21  136.1  26.4
140220261908  1.087  5.5  152.2  11.8  0.36  163.0  26.3
140220261909  1.086  5.2  151.6  10.8  0.24  142.0  26.3
140220261910  1.085  5.3  149.5  11.2  0.21  142.8  26.4
140220261911  1.083  5.3  152.3  13.7  0.13  114.3  26.3
140220261912  1.083  5.3  151.2  13.7  0.27  164.5  26.3
140220261913  1.081  5.6  153.8  13.7  0.25  172.7  26.3
140220261914  1.082  5.9  156.3  13.7  0.24  170.8  26.3
140220261915  1.082  6.0  157.3  13.7  0.27  159.4  26.3
140220261916  1.080  6.5  157.8  13.7  0.18  157.5  26.3
140220261917  1.080  6.7  158.2  13.7  0.20  165.9  26.3
140220261918  1.080  7.0  158.6  13.7  0.23  174.6  26.3
140220261919  1.077  7.0  161.0  13.7  0.14  177.5  26.3
140220261920  1.076  6.8  162.0  13.7  0.09  145.9  26.3
140220261921  1.076  6.3  160.2  11.2  0.13  146.8  26.3
140220261922  1.075  6.2  159.2  10.7  0.16  187.9  26.3
140220261923  1.075  5.9  158.2  10.7  0.03  222.5  26.3
140220261924  1.075  5.7  158.1  10.0  0.13  179.8  26.3
140220261925  1.074  5.9  159.5  10.0  0.06  168.2  26.3
140220261926  1.073  5.6  158.5  9.9  0.09  168.0  26.3
140220261927  1.072  5.8  158.1  9.9  0.03  68.4  26.3
140220261928  1.073  5.6  159.6  9.9  0.11  183.8  26.3
140220261929  1.072  5.8  160.0  9.9  0.17  189.3  26.3
140220261930  1.071  5.8  158.6  9.9  0.13  186.7  26.3
140220261931  1.069  5.9  158.4  9.9  0.09  171.9  26.3
140220261932  1.067  6.2  159.0  11.3  0.13  195.1  26.3
140220261933  1.067  6.3  160.4  11.3  0.07  195.0  26.3
140220261934  1.064  6.1  159.2  11.3  0.08  217.8  26.3
140220261935  1.063  6.3  156.5  11.3  0.17  204.0  26.3
140220261936  1.061  6.4  156.0  11.4  nan  nan  nan
140220261937  1.060  6.2  156.5  11.4  nan  nan  nan
140220261938  1.059  6.4  156.3  11.4  0.21  211.8  26.3
140220261939  1.058  6.5  155.6  11.4  0.03  256.4  26.3
140220261940  1.058  7.1  158.1  16.2  0.17  182.1  26.3
140220261941  1.056  7.1  157.2  16.2  0.03  103.4  26.3
140220261942  1.055  7.2  161.8  18.7  0.11  197.1  26.3
140220261943  1.054  7.7  161.9  18.7  0.06  207.2  26.3
140220261944  1.052  8.1  164.4  18.7  0.08  209.7  26.3
140220261945  1.052  7.9  167.1  18.7  0.11  207.1  26.3
140220261946  1.049  8.0  170.9  18.7  0.06  196.9  26.3
140220261947  1.048  8.2  173.7  18.7  0.10  15.5  26.3
140220261948  1.046  8.3  175.3  18.7  0.04  325.0  26.3
140220261949  1.047  8.3  178.6  18.7  0.11  297.2  26.3
140220261950  1.045  8.1  178.9  18.7  0.08  347.0  26.3
140220261951  1.043  8.6  180.1  18.7  0.10  295.6  26.3
140220261952  1.042  8.3  177.0  16.2  0.11  278.0  26.3
140220261953  1.039  7.8  178.6  12.2  0.10  271.1  26.3
140220261954  1.037  7.4  178.9  12.2  0.08  272.7  26.3
140220261955  1.035  7.4  180.7  12.2  0.12  280.0  26.3
140220261956  1.033  7.6  182.2  12.2  0.18  327.2  26.3
140220261957  1.032  7.8  184.1  12.6  0.08  315.2  26.2
140220261958  1.030  7.8  186.4  12.6  0.16  201.3  26.2
140220261959  1.028  7.8  188.1  12.6  0.17  320.9  26.2
140220262000  1.026  7.8  192.3  12.6  0.12  322.3  26.2
140220262001  1.024  7.8  197.1  12.6  0.16  322.0  26.2
140220262002  1.022  8.4  200.0  12.9  0.13  290.0  26.2
140220262003  1.020  8.4  200.7  12.9  0.20  345.7  26.3
140220262004  1.018  8.7  201.5  12.9  0.18  348.8  26.3
140220262005  1.017  8.6  201.2  12.9  0.15  355.8  26.3
140220262006  1.016  8.4  200.6  12.9  nan  nan  nan
140220262007  1.014  8.1  200.1  12.9  0.12  25.6  26.3
140220262008  1.014  8.0  199.6  12.9  0.13  13.4  26.3
140220262009  1.011  7.9  197.1  12.9  0.11  359.9  26.3
140220262010  1.011  7.9  196.2  12.9  0.03  346.8  26.2
140220262011  1.010  7.9  196.3  12.9  0.13  358.3  26.2
140220262012  1.008  7.7  197.1  11.6  0.09  340.1  26.2
140220262013  1.006  7.7  197.4  12.4  0.14  25.6  26.2
140220262014  1.004  8.0  198.1  12.4  0.22  15.0  26.2
140220262015  1.001  8.3  198.2  12.4  0.28  16.7  26.2
140220262016  0.999  8.3  199.1  12.4  0.15  8.5  26.2
140220262017  0.998  8.4  198.3  12.4  0.19  37.9  26.2
140220262018  0.996  8.4  198.4  12.4  0.07  13.4  26.2
140220262019  0.994  8.5  200.3  12.4  0.12  348.4  26.2
140220262020  0.991  8.4  201.3  12.4  0.13  32.3  26.2
140220262021  0.988  8.4  200.4  12.4  0.16  26.5  26.2
140220262022  0.985  8.5  198.9  14.4  0.19  10.0  26.2
140220262023  0.983  8.5  200.6  14.4  0.09  1.7  26.2
140220262024  0.980  8.4  199.6  14.4  0.15  357.8  26.2
140220262025  0.977  8.3  200.2  14.4  0.04  10.0  26.2
140220262026  0.974  8.3  200.0  14.4  0.20  23.8  26.2
140220262027  0.970  8.4  200.5  14.4  0.27  8.4  26.2
140220262028  0.967  8.5  200.4  14.4  0.28  10.0  26.2
140220262029  0.964  8.5  199.6  14.4  0.15  20.3  26.2
140220262030  0.960  8.8  198.2  14.4  0.17  15.3  26.3
140220262031  0.957  8.9  197.2  14.4  0.14  16.6  26.3
140220262032  0.955  8.9  197.9  12.2  0.19  356.0  26.3
140220262033  0.952  8.9  196.6  12.2  0.20  359.2  26.3
140220262034  0.948  8.9  197.2  12.2  0.23  346.9  26.3
140220262035  0.944  9.2  198.0  14.5  0.20  354.4  26.3
140220262036  0.943  9.5  197.1  14.5  0.10  322.0  26.3
140220262037  0.939  9.8  197.2  14.5  0.11  348.4  26.3
140220262038  0.936  10.0  196.7  14.5  0.23  340.4  26.3
140220262039  0.933  10.2  196.7  14.5  0.23  354.7  26.3
140220262040  0.930  10.1  197.0  14.5  0.29  353.4  26.3
140220262041  0.926  10.3  196.6  14.5  0.28  4.3  26.3
140220262042  0.923  10.4  196.0  14.5  0.26  13.8  26.3
140220262043  0.922  10.7  195.4  14.5  0.29  0.4  26.3
140220262044  0.919  11.1  194.7  14.5  0.22  358.2  26.3
140220262045  0.918  11.0  192.4  14.1  0.37  1.3  26.3
140220262046  0.916  10.6  191.3  14.1  0.40  3.6  26.3
140220262047  0.914  10.3  190.8  14.1  0.44  3.9  26.3
140220262048  0.912  9.9  191.2  14.1  0.37  1.0  26.3
140220262049  0.910  9.7  190.4  14.1  0.33  3.5  26.3
140220262050  0.907  9.5  191.0  14.1  0.36  10.0  26.3
140220262051  0.905  9.4  191.0  14.1  0.33  2.6  26.3
140220262052  0.903  9.2  191.6  14.1  0.40  356.0  26.3
140220262053  0.900  8.9  191.2  14.1  0.32  349.4  26.3
140220262054  0.898  8.5  192.0  13.7  0.44  15.8  26.3
140220262055  0.894  8.3  192.8  12.9  0.38  5.3  26.3
140220262056  0.890  8.3  193.0  12.9  0.39  6.9  26.3
140220262057  0.887  8.1  191.5  12.9  0.51  3.2  26.4
140220262058  0.883  8.1  191.8  12.9  0.46  4.9  26.4
140220262059  0.880  8.2  191.8  12.9  0.46  0.1  26.4
140220262100  0.876  8.1  191.2  12.9  0.42  1.3  26.4
140220262101  0.871  8.1  190.8  13.6  0.58  6.2  26.4
140220262102  0.867  7.9  189.8  13.6  0.54  2.9  26.4
140220262103  0.863  7.9  189.5  13.6  0.61  1.0  26.4
140220262104  0.860  8.0  188.7  13.6  0.53  357.2  26.4
140220262105  0.854  7.9  187.9  13.6  0.52  2.4  26.4
140220262106  0.851  7.9  188.5  13.6  0.56  356.2  26.4
140220262107  0.848  7.8  189.1  13.6  0.50  349.9  26.4
140220262108  0.844  7.8  188.0  13.6  0.51  352.2  26.4
140220262109  0.841  7.6  188.5  13.6  0.56  352.9  26.4
140220262110  0.837  7.7  187.6  13.6  0.56  350.7  26.4
140220262111  0.834  7.5  187.6  12.5  0.43  359.0  26.4
140220262112  0.831  7.6  188.4  12.5  0.48  351.6  26.4
140220262113  0.828  7.4  188.7  12.5  0.49  357.8  26.4
140220262114  0.825  7.2  188.1  11.2  0.55  354.5  26.4
140220262115  0.822  7.1  189.6  11.2  0.57  359.6  26.4
140220262116  0.819  7.2  190.5  11.2  0.50  358.7  26.4
140220262117  0.819  7.4  193.5  11.2  0.61  359.7  26.4
140220262118  0.817  7.5  195.2  11.2  0.47  1.7  26.4
140220262119  0.816  7.6  197.3  11.2  0.48  3.9  26.4
140220262120  0.815  7.8  198.4  11.2  0.47  357.7  26.4
140220262121  0.813  7.7  199.2  10.1  0.57  359.9  26.4
140220262122  0.811  7.7  199.4  10.1  0.46  352.3  26.4
140220262123  0.809  7.8  200.9  10.1  0.36  348.4  26.4
140220262124  0.806  8.1  201.7  11.2  0.34  345.5  26.4
140220262125  0.803  8.3  202.8  11.4  0.45  356.9  26.4
140220262126  0.801  8.6  203.3  13.0  0.40  359.5  26.4
140220262127  0.799  8.9  201.9  13.0  0.46  356.0  26.4
140220262128  0.797  8.9  200.8  13.0  0.40  355.1  26.4
140220262129  0.795  8.9  199.6  13.0  0.43  346.5  26.4
140220262130  0.792  9.0  199.7  13.0  0.48  353.4  26.4
140220262131  0.789  9.3  200.4  13.0  0.59  358.2  26.4
140220262132  0.786  9.6  201.2  13.0  0.57  353.7  26.4
140220262133  0.784  9.9  200.8  13.9  0.67  359.1  26.4
140220262134  0.780  10.0  201.0  13.9  0.56  359.8  26.4
140220262135  0.777  10.2  200.2  13.9  0.50  359.5  26.4
140220262136  0.773  10.1  199.1  13.9  0.54  6.5  26.4
140220262137  0.768  10.0  199.0  13.9  0.43  1.9  26.4
140220262138  0.764  10.2  199.3  13.9  0.30  1.6  26.4
140220262139  0.760  10.5  199.0  13.9  0.53  1.1  26.4
140220262140  0.757  10.5  198.9  13.9  0.46  356.0  26.4
140220262141  0.752  10.6  198.3  13.9  0.46  358.5  26.4
140220262142  0.749  10.3  196.9  13.9  0.36  356.9  26.4
140220262143  0.744  10.2  196.9  13.3  0.57  357.9  26.4
140220262144  0.739  9.9  196.1  13.3  0.57  355.3  26.4
140220262145  0.735  9.7  195.7  13.3  0.45  359.0  26.4
140220262146  0.732  9.3  195.7  13.3  0.56  357.0  26.4
140220262147  0.728  9.0  194.9  13.3  0.54  355.3  26.4
140220262148  0.725  8.8  194.5  13.3  0.60  354.2  26.4
140220262149  0.720  8.5  194.8  12.1  0.49  354.2  26.4
140220262150  0.716  8.3  194.4  12.1  0.61  359.4  26.4
140220262151  0.711  8.1  195.0  12.0  0.43  347.6  26.4
140220262152  0.707  8.4  194.3  12.7  0.39  356.1  26.4
140220262153  0.702  8.2  191.9  12.7  0.72  358.1  26.4
140220262154  0.698  7.8  191.2  12.7  0.55  357.6  26.4
140220262155  0.695  7.5  190.7  12.7  0.64  358.7  26.4
140220262156  0.690  7.3  190.7  12.7  0.62  1.4  26.4
140220262157  0.686  7.4  192.5  12.7  0.65  0.3  26.4
140220262158  0.682  7.4  193.4  12.7  0.71  5.0  26.4
140220262159  0.678  7.3  193.3  12.7  0.50  1.7  26.4
140220262200  0.676  7.2  194.9  12.7  0.72  351.7  26.4
140220262201  0.673  7.2  195.8  12.7  0.68  0.0  26.4
140220262202  0.670  6.9  198.9  11.0  0.51  3.5  26.4
140220262203  0.667  7.1  201.0  11.0  0.78  4.3  26.4
140220262204  0.663  7.4  201.4  11.0  0.49  358.4  26.4
140220262205  0.659  7.8  201.6  11.0  0.70  4.0  26.4
140220262206  0.655  7.8  201.8  11.0  0.66  2.9  26.4
140220262207  0.651  7.7  201.8  11.0  0.70  2.3  26.4
140220262208  0.647  7.7  201.8  10.9  0.63  359.5  26.4
140220262209  0.644  7.8  202.1  10.9  0.74  3.9  26.4
140220262210  0.641  7.9  201.3  12.1  0.72  1.5  26.4
140220262211  0.638  7.9  200.2  12.1  0.67  1.4  26.5
140220262212  0.634  8.0  200.3  12.1  0.72  5.5  26.5
140220262213  0.631  8.0  201.8  12.1  0.59  2.2  26.5
140220262214  0.628  8.1  203.1  12.1  0.60  2.9  26.5
140220262215  0.625  8.2  203.4  12.1  0.68  3.1  26.5
140220262216  0.620  8.5  203.8  12.1  0.64  357.5  26.5
140220262217  0.617  8.6  203.6  12.1  0.67  5.7  26.5
140220262218  0.614  8.7  203.2  12.1  0.64  357.4  26.5
140220262219  0.609  8.6  203.0  12.1  0.65  2.3  26.5
140220262220  0.606  8.6  201.6  11.7  0.73  7.3  26.5
140220262221  0.603  8.7  200.9  11.8  0.77  8.4  26.5
140220262222  0.601  8.3  199.4  11.8  0.70  6.8  26.5
140220262223  0.598  8.1  198.2  11.8  0.60  4.8  26.5
140220262224  0.595  8.0  197.2  11.8  0.77  3.2  26.5
140220262225  0.592  7.8  197.2  11.8  0.70  6.0  26.5
140220262226  0.589  7.6  196.9  11.8  0.58  358.9  26.5
140220262227  0.586  7.5  196.3  11.8  0.64  359.0  26.5
140220262228  0.583  7.6  196.9  11.8  0.61  2.2  26.5
140220262229  0.581  7.7  197.5  11.8  0.66  4.9  26.5
140220262230  0.579  7.8  198.3  12.7  0.64  1.7  26.5
140220262231  0.577  7.9  199.9  12.7  0.63  355.5  26.5
140220262232  0.575  8.2  201.4  12.7  0.55  352.6  26.5
140220262233  0.574  8.6  202.4  12.7  0.53  358.6  26.5
140220262234  0.573  8.7  203.2  12.7  0.55  357.4  26.5
140220262235  0.571  8.8  203.2  12.7  0.57  1.4  26.5
140220262236  0.568  8.9  202.5  12.7  0.54  0.1  26.5
140220262237  0.568  8.9  202.9  12.7  0.51  357.8  26.5
140220262238  0.566  9.0  203.5  12.7  0.53  0.1  26.5
140220262239  0.564  9.1  203.4  12.7  0.60  357.9  26.5
140220262240  0.562  9.0  204.1  11.7  0.56  356.7  26.5
140220262241  0.561  8.9  204.1  11.7  0.55  357.4  26.5
140220262242  0.558  8.7  203.6  11.7  0.56  357.6  26.5
140220262243  0.557  8.4  202.7  11.7  0.57  352.5  26.5
140220262244  0.555  8.2  202.1  11.7  0.59  357.1  26.5
140220262245  0.552  8.1  201.4  11.7  0.65  359.5  26.5
140220262246  0.551  8.0  201.8  11.7  0.70  359.6  26.5
140220262247  0.549  8.0  202.1  11.7  0.55  352.6  26.5
140220262248  0.547  7.8  202.1  11.7  0.59  355.0  26.5
140220262249  0.545  7.6  201.3  11.2  0.59  349.8  26.5
140220262250  0.542  7.5  201.9  11.2  0.57  352.4  26.5
140220262251  0.539  7.4  202.2  11.2  0.63  356.4  26.5
140220262252  0.537  7.5  202.4  11.2  0.59  359.5  26.5
140220262253  0.535  7.6  203.5  11.2  0.68  353.7  26.5
140220262254  0.533  7.8  204.8  11.4  0.64  0.9  26.5
140220262255  0.531  8.1  206.8  11.4  0.54  350.3  26.5
140220262256  0.531  8.5  208.1  11.4  0.53  350.4  26.5
140220262257  0.528  8.7  209.0  11.4  0.64  356.4  26.5
140220262258  0.526  8.7  209.0  11.4  0.50  352.4  26.5
140220262259  0.526  8.7  209.3  11.4  0.48  353.4  26.5
140220262300  0.525  8.8  208.2  11.4  0.66  352.5  26.5
140220262301  0.522  8.9  208.2  11.4  0.55  350.9  26.5
140220262302  0.521  9.0  207.8  11.4  0.57  356.4  26.5
140220262303  0.519  9.0  206.8  11.4  0.56  356.3  26.5
140220262304  0.517  8.8  206.2  11.0  0.49  0.6  26.5
140220262305  0.516  8.7  204.9  11.0  0.48  353.9  26.5
140220262306  0.513  8.5  202.3  11.0  0.69  355.3  26.5
140220262307  0.512  8.6  200.6  11.0  0.73  357.4  26.5
140220262308  0.512  8.6  199.6  11.0  0.51  0.8  26.5
140220262309  0.511  8.5  199.7  11.0  0.53  358.5  26.5
140220262310  0.509  8.4  199.3  11.0  0.57  359.9  26.5
140220262311  0.507  8.3  199.3  11.0  0.52  358.8  26.5
140220262312  0.505  8.0  198.1  11.0  0.49  359.1  26.5
140220262313  0.503  7.9  197.1  11.0  0.45  356.5  26.5
140220262314  0.501  8.0  196.7  15.7  0.62  359.1  26.5
140220262315  0.499  7.8  197.3  15.7  0.57  1.0  26.5
140220262316  0.496  7.8  199.0  15.7  0.60  0.0  26.5
140220262317  0.493  7.6  199.9  15.7  0.61  357.4  26.5
140220262318  0.489  7.7  201.7  15.7  0.54  355.5  26.5
140220262319  0.486  7.7  202.4  15.7  0.61  355.0  26.5
140220262320  0.482  7.6  203.7  15.7  0.63  0.9  26.5
140220262321  0.480  7.5  202.4  15.7  0.60  358.8  26.5
140220262322  0.476  7.5  202.5  15.7  0.53  351.7  26.5
140220262323  0.474  7.5  204.8  15.7  0.62  0.4  26.5
140220262324  0.471  7.1  205.7  12.7  0.58  358.4  26.5
140220262325  0.467  7.0  205.6  12.7  0.69  358.0  26.5
140220262326  0.463  6.9  205.4  12.7  0.65  0.6  26.5
140220262327  0.460  6.5  204.4  12.7  0.63  359.8  26.5
140220262328  0.457  6.3  201.8  10.3  0.65  359.5  26.5
140220262329  0.455  6.2  199.5  10.3  0.69  3.6  26.5
140220262330  0.453  6.6  199.8  14.2  0.61  3.6  26.5
140220262331  0.449  6.8  199.4  14.2  0.70  359.9  26.5
140220262332  0.446  7.0  200.2  14.2  0.79  2.0  26.5
140220262333  0.442  7.2  199.0  14.2  0.73  359.3  26.5
140220262334  0.440  7.6  197.1  14.2  0.65  359.2  26.5
140220262335  0.436  7.6  194.9  14.2  0.65  356.8  26.5
140220262336  0.434  7.7  194.3  14.2  0.73  359.3  26.5
140220262337  0.432  8.0  193.1  14.2  0.68  5.6  26.5
140220262338  0.428  8.1  192.9  14.2  0.71  0.3  26.5
140220262339  0.425  8.3  192.8  14.2  0.70  359.3  26.5
140220262340  0.421  8.2  190.4  11.5  0.65  4.4  26.5
140220262341  0.418  8.3  190.8  11.6  0.67  1.7  26.5
140220262342  0.414  8.3  192.5  11.6  0.62  353.5  26.5
140220262343  0.413  8.3  193.9  11.6  0.70  5.2  26.5
140220262344  0.410  8.2  196.4  11.6  0.71  1.8  26.5
140220262345  0.407  8.5  198.6  14.3  0.66  0.1  26.5
140220262346  0.405  8.6  200.1  14.3  0.67  3.5  26.5
140220262347  0.403  8.7  202.4  14.3  0.62  355.3  26.5
140220262348  0.401  8.7  204.2  14.3  0.58  358.4  26.5
140220262349  0.401  8.6  205.4  14.3  0.68  0.3  26.5
140220262350  0.400  8.7  204.4  16.1  0.73  3.1  26.5
140220262351  0.398  8.5  204.9  16.1  0.69  357.1  26.5
140220262352  0.397  8.2  205.4  16.1  0.71  359.7  26.5
140220262353  0.398  8.1  202.9  16.1  0.62  0.7  26.5
140220262354  0.397  8.1  199.7  16.1  0.68  1.8  26.5
140220262355  0.397  7.7  198.8  16.1  0.69  4.5  26.5
140220262356  0.398  7.4  196.4  16.1  0.51  359.0  26.5
140220262357  0.399  7.3  195.1  16.1  0.63  2.7  26.5
140220262358  0.400  7.2  194.7  16.1  0.66  3.2  26.5
140220262359  0.401  7.1  194.8  16.1  0.66  0.3  26.5
150220260000  0.400  6.9  198.1  11.3  0.52  2.1  26.5
150220260001  0.400  7.1  199.6  11.5  0.56  0.3  26.5
150220260002  0.400  7.3  199.5  11.5  0.49  356.4  26.5
150220260003  0.401  7.3  201.7  11.5  0.58  358.8  26.5
150220260004  0.402  7.5  205.3  11.5  0.55  0.7  26.5
150220260005  0.403  7.7  206.8  11.5  0.35  356.0  26.5
150220260006  0.403  8.2  208.3  12.9  0.48  1.8  26.5
150220260007  0.403  8.4  208.5  12.9  0.41  357.0  26.5
150220260008  0.403  8.6  209.2  12.9  0.42  358.3  26.5
150220260009  0.403  8.8  210.3  12.9  0.46  354.3  26.5
150220260010  0.403  9.0  210.7  12.9  0.57  3.2  26.5
150220260011  0.403  8.9  209.9  12.9  0.42  358.0  26.5
150220260012  0.403  9.1  209.7  12.9  0.47  355.5  26.5
150220260013  0.403  9.2  209.3  12.9  0.51  354.1  26.5
150220260014  0.403  9.0  207.5  12.9  0.46  356.2  26.5
150220260015  0.401  9.0  206.9  12.9  0.30  345.8  26.5
150220260016  0.400  9.0  206.6  11.2  0.43  358.0  26.5
150220260017  0.400  9.0  207.1  11.2  0.54  351.9  26.5
150220260018  0.398  9.1  205.3  12.2  0.65  359.9  26.5
150220260019  0.397  9.1  203.3  13.5  0.45  350.9  26.5
150220260020  0.396  9.1  202.3  13.5  0.43  356.5  26.5
150220260021  0.396  9.0  202.7  13.5  0.36  348.8  26.5
150220260022  0.394  9.0  200.9  13.5  0.47  357.0  26.5
150220260023  0.393  8.8  200.1  13.5  0.38  345.1  26.5
150220260024  0.392  8.7  201.0  13.5  0.43  3.0  26.5
150220260025  0.391  8.6  199.7  13.5  0.59  358.5  26.5
150220260026  0.391  8.2  197.2  13.5  0.44  352.3  26.5
150220260027  0.392  7.8  193.8  13.5  0.49  352.5  26.5
150220260028  0.393  7.6  193.3  13.5  0.45  353.0  26.5
150220260029  0.393  7.7  192.9  11.7  0.47  356.6  26.5
150220260030  0.394  7.6  190.8  11.7  0.44  351.2  26.5
150220260031  0.395  7.5  189.5  11.3  0.43  346.2  26.5
150220260032  0.395  7.3  189.1  11.3  0.44  349.4  26.5
150220260033  0.396  7.2  187.9  11.3  0.44  355.6  26.5
150220260034  0.397  7.3  185.9  12.6  0.40  349.4  26.5
150220260035  0.397  7.1  183.7  12.6  0.47  1.6  26.5
150220260036  0.398  6.8  184.2  12.6  0.49  359.7  26.5
150220260037  0.399  7.0  185.9  12.6  0.44  358.0  26.5
150220260038  0.400  7.0  185.4  12.6  0.32  346.7  26.5
150220260039  0.402  6.7  184.8  12.6  0.38  3.5  26.5
150220260040  0.403  6.4  183.7  12.6  0.45  356.7  26.5
150220260041  0.405  6.4  182.0  12.6  0.37  354.0  26.5
150220260042  0.407  6.3  182.2  12.6  0.47  3.8  26.5
150220260043  0.407  6.4  182.3  12.6  0.26  351.0  26.5
150220260044  0.408  6.4  184.0  11.0  0.42  356.5  26.5
150220260045  0.408  6.4  186.3  11.0  0.54  356.4  26.5
150220260046  0.409  6.8  188.5  12.3  0.38  3.3  26.5
150220260047  0.409  6.8  189.0  12.3  0.34  7.0  26.5
150220260048  0.409  6.9  190.2  12.3  0.33  10.3  26.5
150220260049  0.410  6.8  190.0  12.3  0.42  6.3  26.5
150220260050  0.410  7.0  193.3  12.3  0.34  359.4  26.5
150220260051  0.410  7.1  196.0  12.3  0.33  354.1  26.5
150220260052  0.411  7.3  195.3  12.3  0.29  2.7  26.5
150220260053  0.411  7.2  196.6  12.3  0.44  5.7  26.5
150220260054  0.412  7.2  197.3  12.3  0.31  1.7  26.5
150220260055  0.414  7.4  198.7  12.3  0.31  351.0  26.5
150220260056  0.415  7.3  198.9  11.4  0.30  356.6  26.5
150220260057  0.416  7.4  200.0  11.4  0.37  353.0  26.5
150220260058  0.417  7.3  200.1  11.4  0.35  1.5  26.5
150220260059  0.417  7.6  201.8  11.5  0.39  2.0  26.5
150220260100  0.417  7.5  201.7  11.5  0.45  0.5  26.5
150220260101  0.417  7.6  201.2  11.5  0.33  358.3  26.5
150220260102  0.419  7.8  202.5  11.5  0.51  357.6  26.4
150220260103  0.420  7.8  203.0  11.5  0.48  6.1  26.4
150220260104  0.420  7.8  203.1  11.5  0.36  357.7  26.4
150220260105  0.420  7.8  201.7  11.5  0.45  352.8  26.4
150220260106  0.420  7.7  199.9  11.5  0.53  0.9  26.4
150220260107  0.419  7.6  198.5  11.5  0.49  2.3  26.4
150220260108  0.420  7.6  198.8  11.5  0.44  6.0  26.4
150220260109  0.420  7.4  197.4  11.1  0.47  358.5  26.4
150220260110  0.420  7.3  196.9  11.1  0.40  0.9  26.4
150220260111  0.421  7.3  196.0  11.1  0.43  5.3  26.4
150220260112  0.421  7.1  195.8  10.0  0.25  347.2  26.4
150220260113  0.423  7.1  196.1  10.0  0.36  349.9  26.4
150220260114  0.423  7.0  196.5  9.9  0.35  352.8  26.4
150220260115  0.425  7.0  196.8  9.9  0.42  1.1  26.4
150220260116  0.426  7.1  198.1  9.9  0.42  353.3  26.4
150220260117  0.428  7.0  198.9  9.9  0.39  353.5  26.4
150220260118  0.431  7.0  199.3  9.9  0.47  358.2  26.4
150220260119  0.433  7.0  200.0  9.9  0.46  358.7  26.4
150220260120  0.435  7.2  200.2  9.9  0.38  354.4  26.4
150220260121  0.436  7.3  201.7  10.3  0.26  336.0  26.4
150220260122  0.437  7.2  201.5  10.3  0.39  347.9  26.4
150220260123  0.439  7.4  201.6  10.3  0.31  351.8  26.4
150220260124  0.442  7.6  202.8  11.4  0.21  1.4  26.4
150220260125  0.444  7.6  203.4  11.4  0.26  4.9  26.4
150220260126  0.446  7.5  203.1  11.4  0.10  338.7  26.4
150220260127  0.449  7.6  202.5  11.4  0.21  10.5  26.4
150220260128  0.451  7.6  202.2  11.4  0.36  346.4  26.4
150220260129  0.453  7.6  202.7  11.4  0.14  335.5  26.4
150220260130  0.456  7.7  203.3  11.4  0.26  1.4  26.4
150220260131  0.458  7.7  202.6  11.4  0.17  357.4  26.4
150220260132  0.461  7.7  202.1  11.4  0.09  325.0  26.4
150220260133  0.462  7.6  201.5  11.4  0.08  313.3  26.4
150220260134  0.465  7.7  200.8  10.5  0.10  294.9  26.4
150220260135  0.467  7.8  200.5  10.5  0.19  350.1  26.4
150220260136  0.470  7.8  200.4  10.5  0.16  337.1  26.4
150220260137  0.471  7.8  201.4  10.5  0.08  346.0  26.4
150220260138  0.474  7.8  200.6  10.5  0.09  335.0  26.4
150220260139  0.476  7.8  200.5  10.5  0.11  325.7  26.4
150220260140  0.478  7.7  200.5  10.4  0.22  347.5  26.4
150220260141  0.481  7.7  200.3  10.4  0.14  344.5  26.4
150220260142  0.485  7.7  200.1  10.4  0.20  327.4  26.4
150220260143  0.488  7.8  199.7  10.4  0.15  293.7  26.4
150220260144  0.491  7.6  197.8  10.2  0.22  353.8  26.4
150220260145  0.492  7.5  197.6  10.2  0.42  354.8  26.4
150220260146  0.495  7.8  198.7  10.9  0.10  339.8  26.3
150220260147  0.496  8.0  199.1  11.3  nan  nan  nan
150220260148  0.499  8.0  200.3  11.3  0.05  207.1  26.3
150220260149  0.502  8.2  199.7  11.3  0.18  168.2  26.3
150220260150  0.505  8.0  198.3  11.3  0.23  181.6  26.3
150220260151  0.507  7.8  198.4  11.3  0.20  188.3  26.3
150220260152  0.511  7.7  198.7  11.3  0.23  196.7  26.3
150220260153  0.512  7.5  198.0  11.3  0.39  188.0  26.3
150220260154  0.515  7.5  198.0  11.3  0.31  185.7  26.3
150220260155  0.519  7.3  197.7  11.3  0.35  180.0  26.3
150220260156  0.522  7.0  196.8  11.3  0.30  193.0  26.3
150220260157  0.525  6.7  195.7  10.6  0.30  197.2  26.4
150220260158  0.527  6.6  195.2  10.6  0.27  186.7  26.4
150220260159  0.530  6.3  192.8  10.1  0.25  197.7  26.3
150220260200  0.531  6.4  192.8  10.1  0.20  190.0  26.3
150220260201  0.535  6.5  190.7  12.7  0.21  196.4  26.3
150220260202  0.538  6.8  189.6  12.7  0.21  202.1  26.3
150220260203  0.541  6.9  186.2  12.7  0.23  197.9  26.3
150220260204  0.544  6.9  185.6  12.7  0.26  201.1  26.3
150220260205  0.547  7.1  184.5  12.7  0.27  198.2  26.3
150220260206  0.551  7.5  184.4  12.7  0.27  210.7  26.3
150220260207  0.553  7.5  183.5  12.7  0.38  211.3  26.3
150220260208  0.555  7.6  182.7  12.7  0.41  213.7  26.3
150220260209  0.560  7.8  184.3  12.7  0.45  200.7  26.3
150220260210  0.564  7.8  184.3  12.7  0.28  215.1  26.3
150220260211  0.567  7.6  184.3  11.9  0.47  198.3  26.3
150220260212  0.571  7.5  184.6  11.9  0.41  194.1  26.3
150220260213  0.575  7.3  187.8  11.9  0.39  198.3  26.3
150220260214  0.580  7.2  187.6  11.9  0.30  201.6  26.3
150220260215  0.583  7.5  190.2  14.6  0.22  192.0  26.3
150220260216  0.588  7.3  190.0  14.6  0.34  193.6  26.3
150220260217  0.594  7.4  190.8  14.6  0.29  197.7  26.3
150220260218  0.599  7.6  191.4  14.6  0.34  183.7  26.3
150220260219  0.603  7.4  190.5  14.6  0.43  195.4  26.3
150220260220  0.608  7.4  190.2  14.6  0.31  175.5  26.4
150220260221  0.613  7.5  190.0  14.6  0.35  186.8  26.4
150220260222  0.617  7.5  190.3  14.6  0.45  180.2  26.4
150220260223  0.622  7.6  190.0  14.6  0.33  186.0  26.4
150220260224  0.628  7.8  188.7  14.6  0.45  182.4  26.4
150220260225  0.633  7.7  186.5  12.7  0.50  183.0  26.4
150220260226  0.640  7.5  185.4  12.7  0.41  169.8  26.3
150220260227  0.645  7.6  183.9  12.7  0.39  179.2  26.3
150220260228  0.649  7.5  182.6  12.3  0.40  179.0  26.3
150220260229  0.654  7.6  183.7  12.3  0.45  190.2  26.3
150220260230  0.658  7.6  183.6  12.3  0.53  185.8  26.3
150220260231  0.662  7.5  184.5  12.3  0.48  183.8  26.3
150220260232  0.667  7.7  183.8  12.3  0.37  175.1  26.3
150220260233  0.671  7.5  184.2  12.3  0.42  181.1  26.3
150220260234  0.675  7.5  185.1  12.3  0.43  187.4  26.3
150220260235  0.678  7.2  186.4  10.8  0.48  190.0  26.3
150220260236  0.680  7.4  188.5  10.8  0.55  184.6  26.3
150220260237  0.683  7.3  191.3  10.8  0.44  178.9  26.3
150220260238  0.687  7.0  191.3  10.8  0.39  174.2  26.3
150220260239  0.691  7.0  191.7  10.8  0.53  176.7  26.4
150220260240  0.694  6.9  193.1  10.8  0.47  178.4  26.4
150220260241  0.696  6.9  193.5  10.8  0.44  182.7  26.4
150220260242  0.700  6.7  195.1  10.8  0.53  181.0  26.4
150220260243  0.702  6.9  196.1  10.8  0.46  187.1  26.4
150220260244  0.705  6.8  198.5  10.5  0.47  186.2  26.4
150220260245  0.709  6.9  198.6  10.5  0.46  185.4  26.4
150220260246  0.711  7.1  196.4  13.1  0.48  181.3  26.4
150220260247  0.716  7.3  196.2  13.1  0.51  179.6  26.4
150220260248  0.719  7.4  196.0  13.1  0.54  184.8  26.4
150220260249  0.721  7.4  196.1  13.1  0.59  189.6  26.4
150220260250  0.724  7.5  195.5  13.1  0.35  189.4  26.4
150220260251  0.727  7.4  194.5  13.1  0.39  190.6  26.4
150220260252  0.732  7.8  193.9  13.1  0.49  185.2  26.4
150220260253  0.736  7.7  193.5  13.1  0.48  184.7  26.4
150220260254  0.739  7.7  193.3  13.1  0.36  183.9  26.4
150220260255  0.744  7.6  193.3  13.1  0.48  186.6  26.4
150220260256  0.746  7.3  195.3  11.6  0.39  185.2  26.4
150220260257  0.750  7.3  195.3  11.6  0.52  182.1  26.4
150220260258  0.753  7.5  196.9  11.6  0.57  184.0  26.4
150220260259  0.757  7.6  197.3  11.6  0.54  178.9  26.4
150220260300  0.761  7.6  198.2  11.6  0.60  174.3  26.4
150220260301  0.765  7.9  199.7  11.6  0.43  172.1  26.3
150220260302  0.769  7.9  200.8  11.6  0.52  175.7  26.3
150220260303  0.774  8.0  201.2  11.6  0.56  181.2  26.3
150220260304  0.777  8.2  200.2  12.8  0.43  178.6  26.3
150220260305  0.781  8.4  199.7  12.8  0.61  179.2  26.3
150220260306  0.786  8.6  200.4  12.8  0.73  174.9  26.3
150220260307  0.791  8.6  200.6  12.8  0.76  176.0  26.2
150220260308  0.796  8.5  200.2  12.8  0.61  174.2  26.2
150220260309  0.800  8.4  199.4  12.8  0.68  178.3  26.2
150220260310  0.805  8.5  199.4  12.8  0.72  171.1  26.2
150220260311  0.810  8.6  199.2  12.8  0.86  172.4  26.2
150220260312  0.815  8.8  199.0  15.4  1.01  171.7  26.2
150220260313  0.820  8.9  196.8  15.4  0.95  169.8  26.1
150220260314  0.824  8.8  197.3  15.4  0.89  167.2  26.1
150220260315  0.829  8.9  198.3  15.4  0.97  172.2  26.1
150220260316  0.834  8.8  197.9  15.4  1.04  175.1  26.1
150220260317  0.839  8.9  198.5  15.4  0.89  171.5  26.1
150220260318  0.844  9.1  199.4  15.4  1.03  169.6  26.1
150220260319  0.850  9.2  200.1  15.4  1.02  169.9  26.1
150220260320  0.855  9.1  200.0  15.4  0.96  167.1  26.1
150220260321  0.858  9.0  198.9  15.4  1.12  170.1  26.1
150220260322  0.864  8.8  199.3  13.1  1.00  169.0  26.1
150220260323  0.868  8.6  201.3  11.7  1.08  167.6  26.1
150220260324  0.873  8.7  202.2  11.7  0.98  165.2  26.1
150220260325  0.878  8.7  201.8  11.9  1.05  167.9  26.1
150220260326  0.882  8.6  201.5  11.9  0.97  163.7  26.1
150220260327  0.889  8.5  200.8  11.9  0.74  166.8  26.1
150220260328  0.894  8.4  201.4  11.9  0.94  170.0  26.1
150220260329  0.898  8.6  201.6  11.9  0.90  168.0  26.0
150220260330  0.902  8.6  201.6  11.9  0.92  162.3  26.0
150220260331  0.907  8.6  203.1  11.9  0.84  164.2  26.0
150220260332  0.911  8.4  202.5  11.9  0.89  165.3  26.0
150220260333  0.914  8.3  202.4  11.9  0.75  162.3  26.0
150220260334  0.921  8.2  201.5  11.9  0.81  162.6  26.0
150220260335  0.926  8.0  201.6  11.0  0.77  165.0  26.0
150220260336  0.930  8.1  202.9  11.0  0.73  158.6  26.0
150220260337  0.936  8.1  203.3  11.0  0.76  163.4  26.0
150220260338  0.942  8.1  202.1  10.6  0.83  161.8  26.0
150220260339  0.946  7.9  201.5  10.5  0.81  165.3  26.0
150220260340  0.952  7.9  201.9  10.5  0.85  166.5  26.0
150220260341  0.958  8.0  202.5  10.4  0.85  166.8  26.0
150220260342  0.964  8.1  203.2  10.4  0.79  169.7  26.0
150220260343  0.970  8.3  203.3  11.1  0.75  178.5  26.0
150220260344  0.976  8.5  204.7  11.2  0.92  177.9  26.0
150220260345  0.981  8.6  203.4  11.2  0.83  181.1  26.0
150220260346  0.987  8.5  202.4  11.2  0.93  186.5  26.0
150220260347  0.994  8.4  201.7  11.2  0.92  187.5  26.0
150220260348  1.001  8.2  202.0  11.2  1.05  181.2  26.0
150220260349  1.008  8.1  202.5  11.2  0.88  182.4  26.0
150220260350  1.014  8.2  202.9  12.2  0.91  186.4  26.0
150220260351  1.019  8.1  202.8  12.2  0.74  183.1  26.0
150220260352  1.024  8.1  202.1  12.2  0.92  183.4  26.1
150220260353  1.028  8.0  202.1  12.2  0.80  177.9  26.1
150220260354  1.033  7.9  200.5  12.2  0.69  178.5  26.1
150220260355  1.037  7.9  201.5  12.2  0.86  176.1  26.1
150220260356  1.043  8.3  201.8  12.2  0.72  177.8  26.1
150220260357  1.047  8.3  202.3  12.2  0.85  180.8  26.1
150220260358  1.052  8.4  201.0  12.2  0.87  178.8  26.1
150220260359  1.056  8.5  200.0  12.2  0.87  177.7  26.1
150220260400  1.059  8.5  198.0  11.0  0.83  183.0  26.1
150220260401  1.061  8.5  196.3  11.1  0.93  175.6  26.1
150220260402  1.066  8.6  196.0  11.1  0.73  178.2  26.1
150220260403  1.071  8.5  195.7  11.1  0.68  183.7  26.1
150220260404  1.074  8.5  196.3  11.1  0.75  182.6  26.1
150220260405  1.077  8.4  195.7  11.1  0.63  182.0  26.1
150220260406  1.080  8.2  194.3  11.1  0.60  184.6  26.1
150220260407  1.083  8.3  194.9  11.6  0.92  180.5  26.1
150220260408  1.088  8.4  196.4  11.6  1.05  182.4  26.1
150220260409  1.092  8.3  196.9  11.6  1.10  179.3  26.1
150220260410  1.097  8.2  198.0  11.6  1.13  175.6  26.1
150220260411  1.102  8.3  197.6  11.6  1.16  178.6  26.1
150220260412  1.105  8.1  197.5  11.6  0.96  180.5  26.0
150220260413  1.110  8.3  197.8  11.6  1.08  182.4  26.0
150220260414  1.114  8.2  197.4  11.6  1.02  180.8  26.0
150220260415  1.119  8.2  197.0  11.7  1.13  178.3  26.0
150220260416  1.125  8.3  197.5  11.7  0.91  172.0  26.0
150220260417  1.129  8.1  196.6  11.7  1.01  169.9  26.0
150220260418  1.136  7.9  194.6  11.7  1.11  171.3  26.0
150220260419  1.141  7.8  193.6  11.7  1.17  175.1  26.0
150220260420  1.144  7.5  192.2  11.7  1.09  175.6  26.0
150220260421  1.150  7.2  192.5  11.7  1.21  175.0  26.0
150220260422  1.155  7.4  193.1  11.7  1.03  172.3  25.9
150220260423  1.158  7.3  192.3  11.7  1.07  174.3  25.9
150220260424  1.164  7.4  191.8  11.7  1.00  172.4  25.9
150220260425  1.167  7.2  192.7  11.5  1.15  174.5  25.9
150220260426  1.172  7.3  192.6  11.5  1.06  174.2  25.9
150220260427  1.177  7.2  192.5  11.5  1.09  174.2  25.9
150220260428  1.182  7.5  193.6  11.5  1.08  173.9  25.9
150220260429  1.187  7.7  194.2  11.5  1.09  173.0  25.9
150220260430  1.191  7.9  195.2  11.5  1.11  175.2  25.9
150220260431  1.196  8.1  195.7  11.5  1.01  171.8  25.9
150220260432  1.200  8.1  195.7  11.5  1.04  173.2  25.9
150220260433  1.203  8.1  196.0  11.5  1.02  173.9  25.9
150220260434  1.207  8.0  196.6  10.8  1.12  174.8  25.9
150220260435  1.210  8.1  196.2  10.8  1.08  176.2  25.9
150220260436  1.213  8.1  197.3  11.2  1.02  175.5  25.9
150220260437  1.217  8.2  197.7  11.2  1.02  173.8  25.9
150220260438  1.219  8.2  198.4  11.8  1.09  170.3  25.9
150220260439  1.223  8.3  199.4  11.8  0.96  168.0  25.9
150220260440  1.227  8.4  199.7  11.8  1.00  174.2  25.9
150220260441  1.232  8.3  200.0  11.8  0.89  172.6  25.9
150220260442  1.237  8.4  200.5  11.8  0.96  171.3  25.9
150220260443  1.242  8.5  200.9  11.8  0.97  172.0  25.9
150220260444  1.247  8.4  200.6  11.8  0.99  173.1  25.9
150220260445  1.251  8.5  201.1  11.8  0.95  171.3  25.8
150220260446  1.257  8.6  200.9  11.8  0.83  168.9  25.8
150220260447  1.262  8.7  200.5  11.8  0.96  173.5  25.8
150220260448  1.268  8.6  199.8  11.6  0.82  172.1  25.8
150220260449  1.273  8.7  199.8  11.6  0.89  174.0  25.8
150220260450  1.279  8.7  200.0  11.6  0.77  171.3  25.7
150220260451  1.285  9.0  200.0  11.6  0.58  172.5  25.7
150220260452  1.290  9.0  199.9  11.7  0.98  177.9  25.7
150220260453  1.295  9.0  198.9  11.9  0.70  171.9  25.7
150220260454  1.301  9.3  199.2  12.3  0.72  168.8  25.7
150220260455  1.307  9.4  199.3  12.3  0.81  166.9  25.6
150220260456  1.312  9.5  199.6  12.6  0.78  172.8  25.6
150220260457  1.317  9.7  200.1  13.6  0.75  168.8  25.6
150220260458  1.322  9.9  200.4  13.6  0.66  177.4  25.6
150220260459  1.327  10.1  199.6  13.6  0.77  174.8  25.6
150220260500  1.330  10.1  199.0  13.6  0.79  175.1  25.6
150220260501  1.335  10.2  199.1  13.6  0.96  172.5  25.6
150220260502  1.339  10.2  198.8  13.6  0.71  174.3  25.6
150220260503  1.344  10.5  199.6  13.6  0.73  172.1  25.6
150220260504  1.347  10.6  199.5  13.6  0.73  175.0  25.6
150220260505  1.351  10.9  198.7  13.6  0.69  175.5  25.6
150220260506  1.353  10.7  197.9  13.6  0.66  174.4  25.6
150220260507  1.356  10.7  198.2  13.2  0.54  166.2  25.5
150220260508  1.361  10.6  197.9  13.2  0.56  178.0  25.6
150220260509  1.366  10.6  198.5  13.2  0.68  179.1  25.5
150220260510  1.369  10.6  198.5  13.2  0.59  171.3  25.5
150220260511  1.374  10.3  197.8  13.2  0.63  177.0  25.5
150220260512  1.378  10.3  197.5  13.2  0.80  174.0  25.6
150220260513  1.382  10.0  197.4  13.2  0.79  179.0  25.6
150220260514  1.385  9.6  196.8  13.2  0.86  178.6  25.6
150220260515  1.389  9.5  197.5  11.8  0.75  176.0  25.6
150220260516  1.391  9.4  197.6  11.8  0.68  179.9  25.6
150220260517  1.396  9.2  197.5  11.8  0.76  181.5  25.6
150220260518  1.400  9.4  198.5  13.3  0.82  182.4  25.6
150220260519  1.403  9.4  198.5  13.3  0.77  183.2  25.6
150220260520  1.408  9.4  198.5  13.3  0.90  188.2  25.6
150220260521  1.411  9.6  200.2  13.3  0.86  185.1  25.6
150220260522  1.416  9.8  200.8  14.3  0.75  186.7  25.6
150220260523  1.420  10.1  201.2  14.3  0.78  187.0  25.6
150220260524  1.425  10.3  201.0  14.3  0.70  187.8  25.6
150220260525  1.429  10.5  201.0  14.3  0.56  181.1  25.6
150220260526  1.433  10.8  201.8  14.3  0.50  176.2  25.6
150220260527  1.438  11.1  201.0  14.3  0.47  186.4  25.6
150220260528  1.440  10.8  200.2  14.3  0.53  181.0  25.6
150220260529  1.445  10.6  199.4  14.3  0.48  189.3  25.6
150220260530  1.448  10.5  198.7  14.3  0.49  182.0  25.6
150220260531  1.452  10.5  197.9  14.3  0.49  188.2  25.6
150220260532  1.455  10.3  196.9  13.6  0.35  187.4  25.6
150220260533  1.458  10.0  196.5  13.6  0.25  193.6  25.6
150220260534  1.461  10.0  197.2  13.6  0.26  195.9  25.6
150220260535  1.464  9.9  197.1  13.6  0.16  206.6  25.6
150220260536  1.469  9.8  196.0  13.1  0.41  192.2  25.6
150220260537  1.473  9.6  196.4  12.2  0.38  188.8  25.6
150220260538  1.477  9.6  197.1  12.2  0.41  186.7  25.7
150220260539  1.480  9.8  198.3  12.2  0.37  183.3  25.7
150220260540  1.483  9.8  198.9  12.2  0.27  187.5  25.7
150220260541  1.485  9.8  198.5  12.2  0.33  185.6  25.7
150220260542  1.487  9.6  198.9  12.2  0.32  188.2  25.7
150220260543  1.490  9.4  198.4  12.2  0.42  189.7  25.7
150220260544  1.491  9.2  198.8  12.2  0.37  198.7  25.7
150220260545  1.493  9.1  199.5  12.2  0.38  190.6  25.7
150220260546  1.495  9.0  200.1  12.2  0.34  184.5  25.7
150220260547  1.496  8.8  199.6  11.7  0.47  186.9  25.7
150220260548  1.499  8.6  198.9  11.7  0.43  184.1  25.7
150220260549  1.502  8.4  198.2  11.5  0.39  181.7  25.7
150220260550  1.505  8.3  198.0  11.5  0.36  185.1  25.7
150220260551  1.507  8.0  197.9  11.4  0.13  173.9  25.6
150220260552  1.509  8.0  197.7  11.4  0.34  176.1  25.6
150220260553  1.512  7.9  197.2  11.4  0.36  188.8  25.6
150220260554  1.514  7.9  196.9  11.4  0.40  181.0  25.6
150220260555  1.516  7.9  195.1  13.0  0.51  187.1  25.6
150220260556  1.520  7.8  194.0  13.0  0.55  186.9  25.6
150220260557  1.521  7.6  193.2  13.0  0.51  179.3  25.6
150220260558  1.524  7.5  194.5  13.0  0.72  181.3  25.6
150220260559  1.528  7.6  193.9  13.0  0.73  178.8  25.6
150220260600  1.532  7.5  194.9  13.0  0.70  180.7  25.6
150220260601  1.536  7.4  194.9  13.0  0.76  175.4  25.6
150220260602  1.539  7.3  194.8  13.0  0.70  175.7  25.6
150220260603  1.542  7.3  195.7  13.0  0.78  175.9  25.6
150220260604  1.545  7.5  195.1  13.0  0.67  177.8  25.6
150220260605  1.548  7.0  193.4  13.0  0.74  178.1  25.6
150220260606  1.551  7.0  193.4  13.0  0.42  183.4  25.6
150220260607  1.554  7.0  192.4  13.0  0.55  170.8  25.6
150220260608  1.558  6.9  191.8  13.0  0.75  172.9  25.6
150220260609  1.560  7.0  192.2  13.0  0.66  175.0  25.6
150220260610  1.562  7.1  192.0  13.0  0.60  180.4  25.6
150220260611  1.565  7.3  192.1  13.0  0.69  182.7  25.6
150220260612  1.567  7.4  193.9  13.0  0.45  184.6  25.6
150220260613  1.569  7.6  194.5  13.0  0.63  182.4  25.6
150220260614  1.573  7.7  196.2  11.6  0.52  186.6  25.6
150220260615  1.575  8.3  200.0  13.1  0.60  182.0  25.6
150220260616  1.578  8.8  201.6  13.5  0.61  179.5  25.6
150220260617  1.582  9.2  204.5  14.0  0.50  183.6  25.6
150220260618  1.584  9.6  204.1  14.0  0.68  186.4  25.6
150220260619  1.586  10.1  205.8  14.8  0.76  182.7  25.6
150220260620  1.587  10.4  206.4  14.8  0.89  179.4  25.6
150220260621  1.590  10.4  206.7  14.8  0.82  174.1  25.6
150220260622  1.593  10.7  206.1  14.8  0.72  184.6  25.6
150220260623  1.597  10.5  205.3  14.8  0.73  183.3  25.6
150220260624  1.601  10.3  204.6  14.8  0.75  179.6  25.6
150220260625  1.602  10.0  203.7  14.8  0.65  174.5  25.6
150220260626  1.604  9.7  202.4  14.8  0.58  173.6  25.6
150220260627  1.606  9.3  201.0  14.8  0.55  174.2  25.6
150220260628  1.607  9.1  200.0  14.8  0.68  171.3  25.6
150220260629  1.609  8.5  198.1  14.1  0.74  178.2  25.6
150220260630  1.611  8.3  197.9  12.3  0.56  156.7  25.6
150220260631  1.611  8.5  198.6  12.3  0.45  142.2  25.6
150220260632  1.613  8.2  199.1  12.1  0.45  169.1  25.6
150220260633  1.613  8.3  200.3  12.7  0.46  192.0  25.6
150220260634  1.615  8.2  201.2  12.7  0.52  186.8  25.6
150220260635  1.616  8.1  202.2  12.7  0.77  176.3  25.5
150220260636  1.618  8.1  203.2  12.7  0.75  174.0  25.5
150220260637  1.619  8.1  203.8  12.7  0.74  174.5  25.5
150220260638  1.621  7.8  204.8  12.7  0.87  175.3  25.5
150220260639  1.622  8.0  205.8  12.7  0.82  173.8  25.5
150220260640  1.624  7.8  205.4  12.7  0.87  171.6  25.5
150220260641  1.626  7.6  205.2  12.7  0.75  169.9  25.5
150220260642  1.627  7.7  205.3  12.7  0.87  171.5  25.5
150220260643  1.629  7.7  203.7  11.6  0.70  164.9  25.5
150220260644  1.630  8.0  203.6  11.6  0.75  175.8  25.5
150220260645  1.631  8.3  203.0  11.6  0.54  175.8  25.4
150220260646  1.633  8.3  202.6  11.6  0.64  179.6  25.4
150220260647  1.636  8.3  202.3  11.6  0.43  176.8  25.4
150220260648  1.638  8.6  203.2  11.6  0.43  175.2  25.4
150220260649  1.640  9.0  202.8  12.6  0.44  174.1  25.4
150220260650  1.643  9.2  203.4  12.9  0.76  171.9  25.4
150220260651  1.644  9.5  204.0  12.9  0.37  167.2  25.4
150220260652  1.647  9.8  203.8  14.8  0.51  170.3  25.4
150220260653  1.649  10.0  204.9  14.8  0.61  166.5  25.4
150220260654  1.651  10.0  204.5  14.8  0.47  166.7  25.4
150220260655  1.652  9.9  204.3  14.8  0.64  174.2  25.4
150220260656  1.654  10.1  204.9  14.8  0.63  171.6  25.4
150220260657  1.656  10.3  204.8  14.8  0.61  169.8  25.4
150220260658  1.655  10.2  205.5  14.8  0.55  174.4  25.4
150220260659  1.655  10.1  205.8  14.8  0.63  179.2  25.4
150220260700  1.656  9.9  205.5  14.8  0.34  145.9  25.4
150220260701  1.656  9.6  205.5  14.8  0.68  174.8  25.4
150220260702  1.656  9.2  206.1  12.9  0.91  178.2  25.4
150220260703  1.656  9.0  205.9  11.5  0.82  181.7  25.4
150220260704  1.655  8.7  206.6  11.5  0.84  178.8  25.4
150220260705  1.655  8.8  207.3  11.5  0.83  178.6  25.4
150220260706  1.654  8.7  206.5  11.5  0.72  182.2  25.4
150220260707  1.653  8.7  207.1  11.5  0.69  177.6  25.4
150220260708  1.653  8.6  204.4  11.5  0.68  176.2  25.4
150220260709  1.652  8.6  204.0  10.7  0.54  176.8  25.4
150220260710  1.652  8.6  203.3  10.7  0.60  170.5  25.4
150220260711  1.652  8.8  202.7  11.0  0.60  169.3  25.4
150220260712  1.652  8.8  201.4  11.0  0.60  172.8  25.4
150220260713  1.652  8.9  201.6  11.2  0.67  171.9  25.4
150220260714  1.650  9.0  202.1  11.2  0.57  176.3  25.4
150220260715  1.651  9.0  202.5  11.6  0.77  174.7  25.4
150220260716  1.651  9.2  203.7  11.8  0.74  170.1  25.4
150220260717  1.652  9.3  204.2  11.8  0.74  175.6  25.4
150220260718  1.654  9.3  205.6  11.8  0.76  176.2  25.4
150220260719  1.654  9.2  205.5  11.8  0.88  180.7  25.4
150220260720  1.653  9.2  207.1  11.8  0.79  178.7  25.4
150220260721  1.654  9.3  207.4  11.8  0.68  175.0  25.4
150220260722  1.656  9.2  207.7  11.8  0.61  176.4  25.4
150220260723  1.657  9.3  207.7  11.8  0.73  174.0  25.4
150220260724  1.657  9.4  206.5  11.8  0.64  172.6  25.4
150220260725  1.658  9.2  204.8  11.8  0.63  172.8  25.4
150220260726  1.659  8.9  203.7  11.4  0.71  172.4  25.4
150220260727  1.659  8.8  202.6  11.4  0.59  168.3  25.4
150220260728  1.660  8.8  202.3  11.4  0.79  175.2  25.4
150220260729  1.661  8.8  203.2  11.4  0.59  172.7  25.4
150220260730  1.662  8.9  202.8  11.4  0.59  174.3  25.4
150220260731  1.662  8.7  201.9  11.4  0.71  177.3  25.4
150220260732  1.662  8.4  201.9  11.4  0.60  171.7  25.4
150220260733  1.662  8.3  202.2  11.4  0.72  168.8  25.4
150220260734  1.663  8.1  203.1  10.4  0.75  174.7  25.4
150220260735  1.662  8.2  203.1  11.2  0.81  173.8  25.4
150220260736  1.660  8.3  202.8  11.4  0.78  175.9  25.4
150220260737  1.657  8.4  202.6  11.4  0.81  173.6  25.4
150220260738  1.655  8.2  202.0  11.4  0.66  174.0  25.4
150220260739  1.654  8.1  199.9  11.4  0.77  173.2  25.4
150220260740  1.652  8.2  198.9  11.4  0.78  174.8  25.4
150220260741  1.651  8.2  198.6  11.4  0.72  170.1  25.4
150220260742  1.649  8.5  198.8  12.1  0.80  174.5  25.4
150220260743  1.648  8.5  196.5  12.1  0.76  174.6  25.4
150220260744  1.645  8.6  196.3  12.2  0.80  171.5  25.4
150220260745  1.642  8.5  197.1  12.2  0.70  171.9  25.4
150220260746  1.638  8.5  197.9  12.2  0.68  172.3  25.4
150220260747  1.636  8.4  197.2  12.2  0.71  172.3  25.4
150220260748  1.633  8.6  197.4  12.2  0.73  173.9  25.4
150220260749  1.630  8.9  198.3  13.8  0.66  176.2  25.4
150220260750  1.627  8.9  196.6  13.8  0.57  173.1  25.4
150220260751  1.624  8.9  195.9  13.8  0.58  176.3  25.4
150220260752  1.622  8.8  194.4  13.8  0.56  164.2  25.4
150220260753  1.620  8.6  194.1  13.8  0.51  171.2  25.4
150220260754  1.617  8.6  192.2  13.8  0.53  165.0  25.4
150220260755  1.615  8.9  191.6  13.8  0.57  169.6  25.4
150220260756  1.613  8.8  189.6  13.8  0.52  164.8  25.4
150220260757  1.611  8.8  188.4  13.8  0.51  169.7  25.4
150220260758  1.608  8.7  187.5  13.8  0.53  171.0  25.4
150220260759  1.606  8.6  186.9  12.9  0.56  173.1  25.4
150220260800  1.603  8.5  187.2  12.9  0.57  172.6  25.4
150220260801  1.600  8.6  188.8  12.9  0.59  169.4  25.4
150220260802  1.597  8.7  188.9  12.9  0.50  168.4  25.4
150220260803  1.593  8.9  190.3  12.9  0.42  171.8  25.4
150220260804  1.590  8.8  191.1  12.2  0.52  169.0  25.4
150220260805  1.589  8.4  190.3  12.2  0.41  163.1  25.4
150220260806  1.585  8.2  191.0  12.2  0.35  167.1  25.4
150220260807  1.583  7.8  191.4  12.2  0.41  169.2  25.4
150220260808  1.581  7.6  192.3  12.2  0.41  169.4  25.4
150220260809  1.577  7.5  192.9  12.2  0.36  161.6  25.4
150220260810  1.573  7.5  194.8  12.2  0.43  167.6  25.4
150220260811  1.570  7.3  194.9  12.2  0.41  166.7  25.4
150220260812  1.569  7.2  196.7  10.5  0.41  169.3  25.4
150220260813  1.567  7.1  196.5  10.4  0.48  169.6  25.4
150220260814  1.566  7.0  196.9  10.4  0.43  162.7  25.4
150220260815  1.564  7.1  198.1  10.4  0.46  174.9  25.4
150220260816  1.562  7.3  198.6  10.4  0.42  172.3  25.4
150220260817  1.560  7.7  200.7  13.8  0.50  171.4  25.4
150220260818  1.559  8.1  200.7  13.8  0.37  165.0  25.4
150220260819  1.557  7.9  200.0  13.8  0.37  168.7  25.4
150220260820  1.557  7.9  199.5  13.8  0.34  179.7  25.4
150220260821  1.556  7.7  198.4  13.8  0.32  172.2  25.4
150220260822  1.555  7.6  197.4  13.8  0.31  167.3  25.4
150220260823  1.555  7.9  195.9  13.8  0.29  164.3  25.4
150220260824  1.554  8.0  194.6  13.8  0.22  161.1  25.4
150220260825  1.552  7.9  193.1  13.8  0.31  162.3  25.4
150220260826  1.550  7.8  191.5  13.8  0.16  158.6  25.4
150220260827  1.549  7.4  188.6  11.9  0.21  165.3  25.4
150220260828  1.548  7.1  187.2  11.4  0.14  158.8  25.4
150220260829  1.546  7.0  187.9  11.4  0.19  178.5  25.4
150220260830  1.544  6.9  187.7  11.4  0.17  182.1  25.4
150220260831  1.543  6.9  187.8  11.4  0.27  182.2  25.4
150220260832  1.541  6.6  187.7  11.4  0.11  141.3  25.4
150220260833  1.540  6.5  190.6  11.2  0.18  165.1  25.4
150220260834  1.536  6.6  193.5  11.2  0.12  143.0  25.4
150220260835  1.533  6.8  195.7  11.2  0.21  182.0  25.4
150220260836  1.531  6.8  196.8  11.2  0.12  159.5  25.4
150220260837  1.529  7.3  199.4  11.2  0.09  146.8  25.4
150220260838  1.528  7.5  200.4  11.2  0.11  142.9  25.4
150220260839  1.526  7.8  200.7  11.2  0.17  176.1  25.4
150220260840  1.525  8.1  201.3  12.4  0.18  162.0  25.4
150220260841  1.522  8.6  202.3  12.4  0.32  160.9  25.4
150220260842  1.519  9.0  202.8  12.4  0.09  153.9  25.4
150220260843  1.517  9.1  200.9  12.4  0.42  165.0  25.4
150220260844  1.515  9.0  200.2  12.4  0.13  142.0  25.4
150220260845  1.512  9.2  200.6  12.4  0.13  170.5  25.4
150220260846  1.511  9.4  201.8  12.4  0.10  146.6  25.4
150220260847  1.510  9.5  201.7  12.4  0.04  65.5  25.4
150220260848  1.506  9.8  202.2  13.4  0.14  82.8  25.4
150220260849  1.504  10.0  202.1  13.4  0.04  115.5  25.4
150220260850  1.501  9.9  201.6  13.4  0.03  161.7  25.4
150220260851  1.500  9.8  200.5  13.4  0.04  47.9  25.4
150220260852  1.500  9.9  200.0  13.4  0.06  167.5  25.4
150220260853  1.497  9.9  200.9  13.4  0.07  84.9  25.4
150220260854  1.496  9.9  200.1  13.4  0.06  208.4  25.4
150220260855  1.495  9.7  197.8  13.4  0.10  141.0  25.4
150220260856  1.493  9.3  196.5  13.4  0.08  100.0  25.4
150220260857  1.490  9.1  195.5  13.4  0.04  190.0  25.4
150220260858  1.489  8.8  194.0  13.4  0.13  55.6  25.4
150220260859  1.486  8.5  193.5  12.4  0.10  39.2  25.4
150220260900  1.483  8.3  192.5  12.4  0.12  52.3  25.4
150220260901  1.479  8.2  190.2  12.4  0.07  98.5  25.4
150220260902  1.474  7.9  188.2  12.4  0.07  149.6  25.4
150220260903  1.469  7.7  188.4  11.5  0.05  146.6  25.4
150220260904  1.464  7.6  189.2  11.5  0.11  131.7  25.4
150220260905  1.459  7.2  190.6  11.5  0.09  78.2  25.4
150220260906  1.453  7.2  190.7  11.5  0.08  52.0  25.4
150220260907  1.448  6.9  189.2  11.5  0.15  75.4  25.4
150220260908  1.443  6.7  186.8  11.5  0.08  90.3  25.4
150220260909  1.437  6.5  186.3  11.5  0.12  65.3  25.4
150220260910  1.431  6.3  185.5  11.2  0.07  40.4  25.4
150220260911  1.427  6.1  185.3  10.7  0.11  38.4  25.4
150220260912  1.422  5.9  185.5  10.7  0.06  44.7  25.4
150220260913  1.418  5.8  185.2  9.2  0.12  1.5  25.4
150220260914  1.411  5.8  186.2  9.2  0.24  1.2  25.4
150220260915  1.406  6.1  187.8  10.7  0.22  2.0  25.4
150220260916  1.401  6.7  188.8  13.2  0.26  6.2  25.4
150220260917  1.396  7.4  188.9  13.2  0.17  2.9  25.4
150220260918  1.391  7.6  188.7  13.2  0.11  356.0  25.4
150220260919  1.386  7.9  186.3  13.2  0.17  359.2  25.4
150220260920  1.380  7.8  185.9  13.2  0.18  355.8  25.4
150220260921  1.376  8.1  187.7  13.2  0.20  354.6  25.4
150220260922  1.371  8.4  190.2  13.2  0.18  347.5  25.4
150220260923  1.364  8.3  190.6  13.2  0.15  347.2  25.4
150220260924  1.358  8.0  189.2  13.2  0.22  333.2  25.4
150220260925  1.353  8.1  189.4  13.2  0.29  332.7  25.4
150220260926  1.346  7.8  188.1  12.9  0.27  339.4  25.4
150220260927  1.340  7.5  187.8  12.7  0.30  338.5  25.4
150220260928  1.335  7.5  188.5  12.7  0.32  331.8  25.4
150220260929  1.329  7.3  189.5  12.7  0.30  346.5  25.4
150220260930  1.324  7.7  190.7  12.7  0.47  345.9  25.4
150220260931  1.319  7.5  191.2  12.1  0.61  1.0  25.4
150220260932  1.314  7.4  190.4  12.1  0.42  356.9  25.4
150220260933  1.308  7.7  189.6  12.1  0.33  342.5  25.4
150220260934  1.303  8.1  190.0  12.1  0.40  357.8  25.4
150220260935  1.297  8.1  189.7  12.1  0.59  2.1  25.4
150220260936  1.292  8.1  191.8  12.1  0.59  9.2  25.4
150220260937  1.287  8.4  194.8  12.8  0.64  10.9  25.4
150220260938  1.281  8.7  197.0  12.8  0.60  11.7  25.4
150220260939  1.276  8.9  198.5  12.8  0.49  8.0  25.4
150220260940  1.270  8.9  198.3  12.8  0.58  9.4  25.5
150220260941  1.265  9.2  198.1  12.8  0.79  6.5  25.5
150220260942  1.259  9.3  197.8  12.8  0.54  2.9  25.5
150220260943  1.255  9.5  197.2  12.8  0.57  359.6  25.5
150220260944  1.251  9.6  197.0  13.6  0.73  6.5  25.5
150220260945  1.248  9.7  196.1  13.6  0.67  5.9  25.5
150220260946  1.243  9.5  195.9  13.6  0.74  13.6  25.5
150220260947  1.239  9.2  193.7  13.6  0.60  16.1  25.5
150220260948  1.236  9.1  193.3  13.6  0.68  14.9  25.5
150220260949  1.233  9.4  194.4  14.5  0.63  17.6  25.5
150220260950  1.230  9.7  194.5  16.0  0.71  19.4  25.5
150220260951  1.227  9.6  194.0  16.0  0.60  14.8  25.5
150220260952  1.225  9.8  194.5  16.0  0.76  15.3  25.5
150220260953  1.222  9.8  196.0  16.0  0.68  11.6  25.5
150220260954  1.218  10.0  197.5  16.0  0.87  9.7  25.5
150220260955  1.215  10.0  197.8  16.0  0.79  11.8  25.5
150220260956  1.213  10.1  196.7  16.0  0.82  9.0  25.5
150220260957  1.211  10.3  196.0  16.0  0.83  12.7  25.5
150220260958  1.209  10.5  194.6  16.0  0.79  8.2  25.5
150220260959  1.206  10.5  193.6  16.0  0.82  13.0  25.5
150220261000  1.203  10.3  193.5  14.5  0.62  8.0  25.5
150220261001  1.201  10.6  194.5  14.5  0.74  8.4  25.5
150220261002  1.198  10.5  193.8  14.5  0.74  11.8  25.5
150220261003  1.195  10.3  192.2  14.5  0.85  10.0  25.5
150220261004  1.190  10.1  191.3  13.8  0.83  7.0  25.5
150220261005  1.186  9.8  190.3  13.8  0.65  358.1  25.5
150220261006  1.180  9.8  190.9  13.8  0.58  2.2  25.5
150220261007  1.176  9.4  191.7  13.8  0.67  6.8  25.5
150220261008  1.171  9.2  193.1  13.8  0.55  5.4  25.5
150220261009  1.166  9.0  194.2  13.2  0.53  2.8  25.5
150220261010  1.161  8.8  194.8  13.2  0.69  5.5  25.5
150220261011  1.157  8.7  192.8  13.2  0.68  15.1  25.5
150220261012  1.153  8.6  191.2  13.2  0.79  6.3  25.5
150220261013  1.147  8.5  191.5  13.2  0.72  6.0  25.5
150220261014  1.143  8.4  191.1  13.2  0.82  7.1  25.5
150220261015  1.138  8.6  191.2  13.2  0.67  5.2  25.5
150220261016  1.135  9.0  191.7  14.6  0.51  9.6  25.5
150220261017  1.130  9.5  191.0  14.6  0.49  4.6  25.5
150220261018  1.126  9.6  190.7  14.6  0.48  3.9  25.5
150220261019  1.122  9.5  190.0  14.6  0.57  357.3  25.5
150220261020  1.118  9.3  187.1  14.6  0.65  357.2  25.5
150220261021  1.114  9.0  188.4  14.6  0.61  1.4  25.5
150220261022  1.109  9.0  189.6  14.6  0.65  0.9  25.5
150220261023  1.105  8.9  189.5  14.6  0.54  3.8  25.5
150220261024  1.099  8.9  189.3  14.6  0.55  354.3  25.5
150220261025  1.094  8.9  190.3  14.6  0.65  1.2  25.5
150220261026  1.088  8.5  189.1  12.3  0.76  5.0  25.5
150220261027  1.083  8.1  191.0  12.1  0.65  6.3  25.5
150220261028  1.078  7.9  190.7  12.1  0.61  3.8  25.5
150220261029  1.072  7.8  189.6  12.1  0.73  5.3  25.5
150220261030  1.067  7.9  192.7  12.1  0.61  3.1  25.5
150220261031  1.061  8.3  194.0  12.2  0.79  1.0  25.5
150220261032  1.057  8.3  193.6  12.5  0.88  2.6  25.5
150220261033  1.051  8.3  194.4  12.5  0.74  0.6  25.5
150220261034  1.045  8.6  194.4  12.5  0.82  2.1  25.5
150220261035  1.039  8.7  193.8  12.5  0.74  3.4  25.5
150220261036  1.033  8.9  193.9  12.5  0.75  359.7  25.5
150220261037  1.026  9.2  194.0  14.2  0.80  5.8  25.5
150220261038  1.020  9.6  193.5  16.7  0.84  4.5  25.5
150220261039  1.015  10.3  192.9  16.7  0.79  2.2  25.5
150220261040  1.009  10.6  192.6  16.7  0.85  0.2  25.5
150220261041  1.003  10.6  191.2  16.7  0.77  1.4  25.5
150220261042  0.999  10.7  190.8  16.7  0.87  2.8  25.5
150220261043  0.993  10.9  189.9  16.7  0.94  3.7  25.5
150220261044  0.988  10.9  190.6  16.7  0.90  1.0  25.5
150220261045  0.982  10.9  191.3  16.7  0.87  7.8  25.6
150220261046  0.977  11.0  192.8  16.7  0.93  359.9  25.6
150220261047  0.971  10.9  192.6  16.7  1.05  0.5  25.6
150220261048  0.966  10.6  194.0  15.1  0.94  2.2  25.6
150220261049  0.961  10.3  195.2  15.1  0.83  3.0  25.6
150220261050  0.955  9.9  195.8  14.9  0.98  2.2  25.6
150220261051  0.952  9.9  198.2  13.5  1.01  1.5  25.6
150220261052  0.947  10.0  200.3  13.5  0.88  3.0  25.6
150220261053  0.942  10.0  201.2  13.5  0.98  1.2  25.6
150220261054  0.937  9.9  201.9  13.5  0.83  0.9  25.6
150220261055  0.930  9.8  202.8  13.5  0.95  6.1  25.6
150220261056  0.926  9.7  202.6  13.0  1.02  4.2  25.6
150220261057  0.921  9.6  203.0  12.7  0.99  3.4  25.6
150220261058  0.917  9.6  203.4  12.7  1.10  4.1  25.6
150220261059  0.911  9.4  203.8  12.7  1.11  5.4  25.6
150220261100  0.906  9.2  204.1  12.7  1.12  4.0  25.6
150220261101  0.902  8.9  203.0  12.7  1.04  1.5  25.6
150220261102  0.898  8.7  202.4  11.9  1.14  1.7  25.6
150220261103  0.894  8.7  203.6  11.9  1.01  2.1  25.6
150220261104  0.888  8.7  203.0  13.2  1.00  3.0  25.6
150220261105  0.885  9.0  202.5  13.2  1.06  3.0  25.6
150220261106  0.880  9.0  202.3  13.2  1.02  0.8  25.6
150220261107  0.875  9.1  202.9  13.2  1.01  2.4  25.6
150220261108  0.868  9.4  203.4  13.3  1.07  4.5  25.6
150220261109  0.862  9.7  203.9  13.3  1.06  4.5  25.6
150220261110  0.857  10.2  203.9  13.3  1.02  1.9  25.6
150220261111  0.851  10.3  202.9  13.3  1.02  4.0  25.6
150220261112  0.846  10.2  202.0  13.3  0.90  7.0  25.6
150220261113  0.842  10.2  200.7  13.3  0.86  7.7  25.6
150220261114  0.836  10.1  199.6  13.3  1.03  2.6  25.6
150220261115  0.832  9.8  197.0  13.3  1.08  4.9  25.6
150220261116  0.827  9.6  194.9  13.3  0.94  4.6  25.6
150220261117  0.822  9.4  193.3  13.3  1.00  4.4  25.6
150220261118  0.818  9.0  190.6  12.6  0.80  4.3  25.6
150220261119  0.813  8.8  188.7  12.5  0.95  3.4  25.6
150220261120  0.808  8.7  186.5  12.5  1.06  4.0  25.6
150220261121  0.803  8.7  186.5  12.5  1.02  4.2  25.6
150220261122  0.800  8.7  187.2  12.5  0.82  358.9  25.6
150220261123  0.795  8.5  187.7  12.5  0.93  4.7  25.6
150220261124  0.790  8.5  187.2  12.5  0.98  3.2  25.6
150220261125  0.787  8.4  189.3  12.5  0.93  2.8  25.6
150220261126  0.783  8.3  190.4  12.5  0.98  2.8  25.6
150220261127  0.780  8.3  191.3  12.5  1.02  2.7  25.6
150220261128  0.776  8.3  191.4  12.5  0.99  359.5  25.6
150220261129  0.773  7.9  190.7  12.0  1.00  0.2  25.6
150220261130  0.769  7.4  190.7  12.0  0.97  1.6  25.6
150220261131  0.767  6.8  190.5  10.3  0.98  0.9  25.6
150220261132  0.765  6.4  190.5  10.3  0.93  359.5  25.6
150220261133  0.762  6.2  190.1  10.3  1.04  2.8  25.6
150220261134  0.758  6.0  189.7  10.3  0.92  358.2  25.6
150220261135  0.756  6.1  190.2  10.3  0.90  3.4  25.6
150220261136  0.753  6.0  190.7  10.3  0.88  358.5  25.6
150220261137  0.751  5.9  189.5  9.0  1.02  1.8  25.6
150220261138  0.749  5.9  189.6  9.0  0.89  0.2  25.6
150220261139  0.746  6.2  190.2  9.8  0.86  3.2  25.6
150220261140  0.743  6.4  189.5  9.8  0.84  4.3  25.6
150220261141  0.739  6.6  189.8  9.8  0.82  7.7  25.6
150220261142  0.735  6.9  190.0  9.8  0.83  1.5  25.6
150220261143  0.729  7.0  189.9  9.8  0.77  3.5  25.6
150220261144  0.726  7.2  191.3  11.1  0.86  2.4  25.6
150220261145  0.721  7.5  192.6  14.3  0.88  0.5  25.6
150220261146  0.717  7.8  195.0  14.3  0.85  0.9  25.6
150220261147  0.714  7.9  195.3  14.3  0.83  0.7  25.6
150220261148  0.711  7.8  194.8  14.3  0.84  4.8  25.6
150220261149  0.706  7.7  195.1  14.3  0.75  10.6  25.6
150220261150  0.701  7.6  195.8  14.3  0.91  0.5  25.6
150220261151  0.699  7.7  196.0  14.3  0.95  3.5  25.6
150220261152  0.694  7.8  196.2  14.3  0.89  3.5  25.6
150220261153  0.691  7.9  195.8  14.3  0.88  2.8  25.6
150220261154  0.687  7.8  194.9  14.3  0.88  2.2  25.6
150220261155  0.682  7.3  192.6  14.0  0.95  1.5  25.6
150220261156  0.678  7.1  190.9  11.2  0.96  3.3  25.6
150220261157  0.674  7.0  189.8  10.3  0.83  3.9  25.6
150220261158  0.669  7.0  190.0  10.3  0.97  1.8  25.6
150220261159  0.666  7.0  189.0  10.3  0.93  1.6  25.6
150220261200  0.662  6.9  188.3  10.3  0.94  3.5  25.6
150220261201  0.656  6.5  187.2  10.3  0.93  5.0  25.6
150220261202  0.653  6.2  185.0  10.3  0.94  4.8  25.6
150220261203  0.648  6.2  182.8  11.1  0.95  3.5  25.6
150220261204  0.643  6.2  180.5  12.7  1.10  1.3  25.6
150220261205  0.638  6.4  182.6  12.7  0.93  4.0  25.6
150220261206  0.633  6.5  181.0  12.7  1.02  4.8  25.6
150220261207  0.631  6.6  183.3  12.7  1.00  4.3  25.6
150220261208  0.626  7.0  185.2  13.8  0.99  3.4  25.6
150220261209  0.622  7.1  186.3  13.8  0.99  2.8  25.6
150220261210  0.617  7.5  186.4  13.8  1.06  5.4  25.6
150220261211  0.614  8.0  187.3  13.8  0.98  4.9  25.6
150220261212  0.611  8.4  188.5  13.8  1.02  5.6  25.6
150220261213  0.608  8.5  191.1  13.8  1.02  3.1  25.6
150220261214  0.603  8.7  194.8  13.8  1.02  5.0  25.6
150220261215  0.601  8.8  194.8  13.8  1.12  3.4  25.6
150220261216  0.598  8.9  194.7  13.8  1.03  3.6  25.6
150220261217  0.594  9.1  196.1  13.8  0.98  2.6  25.6
150220261218  0.592  9.1  196.0  13.8  1.06  4.2  25.6
150220261219  0.589  9.0  195.7  13.8  0.94  3.6  25.6
150220261220  0.585  8.9  196.9  13.8  1.09  4.4  25.6
150220261221  0.582  8.9  197.0  13.8  1.02  6.7  25.6
150220261222  0.579  9.2  196.3  13.8  1.10  4.1  25.6
150220261223  0.575  9.3  196.8  13.8  0.99  5.5  25.6
150220261224  0.571  9.1  194.9  13.8  0.92  3.9  25.6
150220261225  0.566  8.8  193.7  13.8  1.07  7.7  25.6
150220261226  0.562  8.4  194.1  13.8  1.03  4.3  25.6
150220261227  0.560  8.0  193.2  12.7  0.98  2.9  25.6
150220261228  0.555  7.9  192.3  12.7  1.03  5.2  25.6
150220261229  0.552  7.7  193.1  12.7  1.08  4.9  25.6
150220261230  0.547  7.5  193.3  12.7  0.96  2.6  25.6
150220261231  0.545  7.3  193.6  12.6  1.04  4.8  25.6
150220261232  0.541  6.9  194.2  11.7  1.09  5.0  25.6
150220261233  0.536  6.8  192.2  11.0  1.09  4.4  25.6
150220261234  0.534  6.7  193.8  11.0  0.98  1.9  25.6
150220261235  0.530  6.7  194.8  11.0  1.05  4.3  25.6
150220261236  0.526  6.8  196.0  11.0  1.11  4.8  25.6
150220261237  0.522  6.9  195.5  11.0  1.03  4.6  25.6
150220261238  0.519  6.8  197.0  11.0  0.97  5.7  25.6
150220261239  0.516  7.0  197.7  11.0  1.19  3.3  25.6
150220261240  0.513  7.1  199.1  11.0  0.94  4.6  25.6
150220261241  0.509  7.2  199.8  11.0  1.08  8.0  25.7
150220261242  0.506  7.2  200.2  11.0  0.97  6.2  25.7
150220261243  0.502  7.1  200.5  9.3  1.09  4.4  25.7
150220261244  0.500  7.1  200.8  9.4  1.00  8.5  25.7
150220261245  0.496  7.3  201.2  9.8  1.11  5.8  25.7
150220261246  0.493  7.5  201.2  9.8  1.05  2.9  25.7
150220261247  0.490  7.7  200.7  11.3  0.96  3.2  25.7
150220261248  0.486  7.8  199.4  11.3  1.20  4.3  25.7
150220261249  0.482  7.7  197.9  11.3  1.07  2.3  25.7
150220261250  0.479  7.8  197.5  11.5  1.03  5.3  25.7
150220261251  0.475  8.1  197.1  13.7  0.96  4.3  25.7
150220261252  0.472  8.3  195.7  13.7  1.14  5.5  25.7
150220261253  0.468  8.6  196.5  13.7  0.99  8.9  25.7
150220261254  0.463  8.7  195.7  13.7  0.92  4.9  25.7
150220261255  0.461  8.7  194.1  13.7  1.08  4.9  25.7
150220261256  0.457  8.5  191.8  13.7  1.10  4.5  25.7
150220261257  0.454  8.0  189.5  13.7  0.94  8.0  25.7
150220261258  0.452  7.8  189.8  13.7  1.04  5.3  25.7
150220261259  0.450  7.4  189.5  13.7  0.97  5.6  25.7
150220261300  0.446  6.9  186.8  13.7  1.10  5.6  25.7
150220261301  0.443  6.3  183.4  11.8  1.03  7.1  25.7
150220261302  0.439  5.8  182.6  11.8  1.07  2.9  25.7
150220261303  0.437  5.5  178.5  11.5  1.06  7.1  25.7
150220261304  0.435  5.0  175.4  9.2  1.06  7.7  25.7
150220261305  0.433  4.8  176.5  9.2  1.06  7.5  25.7
150220261306  0.431  5.0  179.2  11.8  1.10  7.7  25.7
150220261307  0.428  5.5  182.9  11.9  1.07  5.2  25.7
150220261308  0.426  5.5  182.4  11.9  1.00  2.9  25.7
150220261309  0.424  5.9  184.9  11.9  1.03  6.1  25.7
150220261310  0.422  6.4  186.2  11.9  1.01  2.7  25.7
150220261311  0.421  6.9  187.5  11.9  0.91  3.7  25.7
150220261312  0.418  7.3  187.6  11.9  1.07  6.0  25.7
150220261313  0.415  7.8  188.5  11.9  1.10  5.5  25.7
150220261314  0.413  8.3  189.3  12.2  1.01  5.8  25.7
150220261315  0.411  8.6  189.1  12.2  0.93  8.0  25.7
150220261316  0.410  8.5  189.1  12.2  0.92  2.8  25.7
150220261317  0.410  8.4  189.2  12.2  1.12  5.3  25.7
150220261318  0.409  8.9  190.2  14.8  1.03  2.4  25.7
150220261319  0.408  9.2  190.3  14.8  1.08  4.5  25.7
150220261320  0.407  9.4  190.5  14.8  1.00  5.0  25.7
150220261321  0.408  9.4  192.5  14.8  1.00  5.8  25.7
150220261322  0.406  9.6  194.4  14.8  1.07  6.6  25.7
150220261323  0.406  9.7  195.6  14.8  0.96  2.9  25.7
150220261324  0.406  9.3  195.5  14.8  0.95  4.4  25.7
150220261325  0.406  9.2  195.4  14.8  1.01  7.7  25.7
150220261326  0.405  9.3  195.5  14.8  1.06  3.8  25.7
150220261327  0.405  9.2  195.0  14.8  0.98  4.4  25.7
150220261328  0.403  9.0  195.3  12.5  0.86  3.9  25.7
150220261329  0.401  9.0  195.3  12.6  0.93  5.0  25.7
150220261330  0.401  9.0  195.9  12.6  0.98  5.9  25.7
150220261331  0.400  8.9  194.3  12.6  0.89  2.1  25.7
150220261332  0.399  8.9  193.3  12.6  0.81  8.1  25.7
150220261333  0.398  9.0  193.0  12.7  0.87  0.9  25.7
150220261334  0.396  9.6  192.7  16.7  0.81  1.6  25.7
150220261335  0.395  10.0  193.2  16.7  0.93  6.2  25.7
150220261336  0.393  10.2  192.6  16.7  0.90  7.0  25.7
150220261337  0.392  10.4  192.7  16.7  0.90  3.8  25.7
150220261338  0.392  10.2  192.3  16.7  0.79  4.7  25.7
150220261339  0.391  10.0  191.6  16.7  0.80  2.4  25.7
150220261340  0.392  10.0  191.1  16.7  0.79  4.9  25.7
150220261341  0.391  10.2  191.0  16.7  0.79  3.2  25.7
150220261342  0.392  10.1  190.5  16.7  0.72  1.7  25.7
150220261343  0.393  10.2  190.5  16.7  0.82  2.0  25.7
150220261344  0.392  10.2  191.8  17.0  0.84  6.7  25.7
150220261345  0.393  10.2  191.6  17.0  0.84  3.7  25.7
150220261346  0.392  10.3  191.3  17.0  0.85  6.3  25.7
150220261347  0.392  10.5  189.2  17.0  0.77  6.2  25.7
150220261348  0.391  10.6  188.9  17.0  0.80  3.6  25.7
150220261349  0.390  10.8  188.7  17.0  0.74  1.5  25.7
150220261350  0.388  10.7  187.2  17.0  0.85  4.4  25.7
150220261351  0.388  10.5  186.9  17.0  0.73  359.3  25.7
150220261352  0.389  10.4  187.4  17.0  0.83  4.9  25.7
150220261353  0.388  10.3  186.2  17.0  0.80  5.8  25.7
150220261354  0.388  9.9  184.6  15.8  0.86  6.5  25.7
150220261355  0.388  9.8  183.2  13.8  0.77  3.9  25.7
150220261356  0.388  9.7  182.4  13.8  0.82  4.7  25.7
150220261357  0.388  9.1  182.4  13.8  0.69  4.2  25.7
150220261358  0.388  8.8  181.0  13.8  0.80  1.9  25.7
150220261359  0.387  8.5  180.7  13.8  0.74  2.8  25.7
150220261400  0.387  8.1  181.7  13.8  0.77  2.4  25.7
150220261401  0.387  8.3  181.7  13.8  0.80  356.3  25.7
150220261402  0.388  8.2  180.8  13.8  0.90  2.4  25.7
150220261403  0.388  8.0  182.8  13.8  0.73  5.9  25.7
150220261404  0.388  7.9  183.4  13.8  0.71  2.3  25.7
150220261405  0.387  7.6  183.5  13.8  0.66  5.3  25.7
150220261406  0.387  7.7  184.8  13.2  0.73  356.7  25.7
150220261407  0.387  8.1  186.5  13.2  0.80  0.4  25.7
150220261408  0.387  8.2  187.7  13.2  0.87  4.3  25.7
150220261409  0.386  8.2  187.1  13.2  0.75  7.5  25.7
150220261410  0.387  8.4  187.1  13.2  0.82  1.1  25.7
150220261411  0.387  8.2  187.5  13.2  0.70  4.0  25.7
150220261412  0.388  8.7  188.9  14.4  0.79  3.5  25.7
150220261413  0.387  8.7  186.0  14.4  0.74  1.1  25.7
150220261414  0.387  8.7  185.3  14.4  0.74  359.8  25.7
150220261415  0.386  8.6  186.4  14.4  0.79  0.7  25.7
150220261416  0.386  8.4  187.3  14.4  0.74  0.0  25.7
150220261417  0.386  8.2  187.5  14.4  0.78  1.1  25.7
150220261418  0.387  8.2  185.2  14.4  0.76  1.9  25.7
150220261419  0.388  8.2  185.9  14.4  0.75  2.3  25.7
150220261420  0.390  8.1  187.5  14.4  0.80  5.7  25.7
150220261421  0.391  8.2  187.5  14.4  0.67  1.1  25.7
150220261422  0.392  7.7  185.9  14.3  0.71  356.9  25.7
150220261423  0.393  7.5  188.0  10.7  0.65  357.1  25.7
150220261424  0.394  7.5  188.9  10.7  0.60  0.9  25.7
150220261425  0.395  7.5  188.5  10.7  0.60  1.7  25.7
150220261426  0.396  7.2  188.7  10.7  0.73  1.9  25.7
150220261427  0.396  7.2  188.1  10.7  0.78  358.3  25.7
150220261428  0.396  7.2  191.3  10.7  0.70  359.9  25.7
150220261429  0.396  7.4  192.4  10.7  0.68  354.6  25.7
150220261430  0.397  7.5  191.2  10.7  0.79  0.6  25.7
150220261431  0.398  7.2  191.0  10.1  0.78  2.9  25.7
150220261432  0.399  7.0  191.8  10.1  0.66  359.3  25.7
150220261433  0.400  6.9  191.0  10.1  0.64  357.4  25.7
150220261434  0.401  6.9  191.3  10.1  0.48  350.7  25.7
150220261435  0.401  7.0  192.3  10.1  0.76  355.6  25.7
150220261436  0.402  7.0  191.6  10.1  0.59  358.0  25.7
150220261437  0.403  7.0  191.9  10.1  0.62  356.4  25.7
150220261438  0.405  7.0  191.0  10.1  0.61  349.7  25.7
150220261439  0.406  7.2  192.2  12.2  0.47  354.4  25.7
150220261440  0.408  7.3  192.6  12.2  0.60  358.2  25.7
150220261441  0.411  7.6  193.4  12.2  0.51  356.2  25.7
150220261442  0.413  8.0  192.3  12.2  0.50  355.6  25.7
150220261443  0.416  8.3  193.4  12.2  0.42  357.0  25.7
150220261444  0.419  8.3  193.7  12.2  0.38  353.4  25.7
150220261445  0.421  8.2  192.4  12.2  0.43  349.1  25.7
150220261446  0.423  8.6  193.1  14.1  0.47  345.4  25.7
150220261447  0.425  9.1  194.5  14.1  0.44  352.9  25.7
150220261448  0.427  9.3  195.7  14.1  0.38  349.5  25.7
150220261449  0.428  9.2  195.1  14.1  0.39  356.1  25.7
150220261450  0.431  9.1  195.7  14.1  0.41  356.2  25.7
150220261451  0.434  9.3  195.6  14.1  0.39  359.9  25.7
150220261452  0.438  9.2  197.0  14.1  0.37  354.4  25.7
150220261453  0.442  9.2  196.6  14.1  0.25  359.6  25.7
150220261454  0.447  9.3  196.1  14.1  0.31  357.2  25.7
150220261455  0.453  9.6  195.7  14.1  0.25  355.9  25.7
150220261456  0.459  9.8  195.5  14.4  0.26  338.8  25.7
150220261457  0.463  9.6  195.5  14.4  0.23  329.2  25.7
150220261458  0.469  9.6  196.0  14.4  0.16  349.5  25.7
150220261459  0.475  9.9  196.8  14.4  0.25  356.7  25.7
150220261500  0.481  10.1  196.2  14.4  0.28  345.6  25.7
150220261501  0.487  9.9  196.4  14.4  0.20  336.6  25.7
150220261502  0.491  10.0  195.9  14.4  0.11  302.8  25.7
150220261503  0.497  10.2  197.6  14.4  0.13  325.0  25.7
150220261504  0.501  10.2  197.8  14.4  0.10  301.8  25.7
150220261505  0.506  10.2  199.8  14.4  0.26  334.0  25.7
150220261506  0.509  9.9  199.9  13.5  0.30  345.1  25.7
150220261507  0.512  9.9  199.3  13.5  0.09  303.7  25.7
150220261508  0.514  10.0  198.1  13.5  0.16  331.8  25.7
150220261509  0.520  9.9  196.3  12.9  0.15  340.5  25.7
150220261510  0.523  9.7  196.6  12.9  0.22  334.3  25.7
150220261511  0.526  9.7  196.6  12.9  0.13  326.2  25.7
150220261512  0.529  9.6  197.0  12.9  0.09  280.0  25.7
150220261513  0.532  9.5  196.2  12.9  0.17  332.1  25.7
150220261514  0.534  9.4  195.7  12.9  0.18  285.0  25.7
150220261515  0.536  9.3  194.8  12.9  0.22  338.6  25.7
150220261516  0.538  9.1  194.9  12.9  0.23  326.0  25.7
150220261517  0.541  9.0  195.7  12.8  0.15  286.0  25.7
150220261518  0.543  8.9  196.6  12.9  0.12  330.2  25.7
150220261519  0.546  8.7  197.1  12.9  0.08  293.4  25.7
150220261520  0.548  8.9  197.1  12.9  0.07  303.0  25.7
150220261521  0.549  8.9  197.2  12.9  0.15  159.8  25.7
150220261522  0.551  8.8  196.9  12.9  0.05  318.3  25.7
150220261523  0.552  8.9  196.6  12.9  0.02  351.6  25.7
150220261524  0.553  8.8  197.8  12.9  0.06  137.2  25.7
150220261525  0.555  8.9  198.0  13.3  0.21  165.4  25.7
150220261526  0.555  9.1  198.2  13.3  0.22  169.9  25.7
150220261527  0.558  9.2  197.8  13.3  0.33  181.6  25.7
150220261528  0.558  9.2  198.0  13.3  0.34  179.3  25.7
150220261529  0.558  9.4  198.8  13.3  0.03  75.0  25.7
150220261530  0.559  9.3  198.6  13.3  0.19  140.0  25.7
150220261531  0.562  9.3  199.6  13.3  0.10  138.7  25.7
150220261532  0.564  9.3  200.5  13.3  0.15  171.3  25.7
150220261533  0.565  9.0  200.7  13.3  0.30  175.5  25.7
150220261534  0.567  9.0  200.5  13.3  0.19  163.2  25.6
150220261535  0.569  9.0  200.5  12.4  0.27  165.3  25.7
150220261536  0.571  8.9  199.7  12.4  0.15  161.4  25.7
150220261537  0.574  8.8  197.6  12.4  0.24  166.7  25.7
150220261538  0.576  8.5  196.7  11.2  0.12  188.2  25.7
150220261539  0.579  8.3  196.1  11.1  0.18  194.4  25.7
150220261540  0.583  8.3  196.8  11.1  0.18  168.7  25.7
150220261541  0.586  8.3  196.4  11.2  0.33  185.7  25.7
150220261542  0.587  8.3  195.5  11.2  0.31  171.7  25.7
150220261543  0.590  8.4  195.2  11.2  0.31  172.7  25.6
150220261544  0.594  8.2  194.9  11.2  0.25  183.8  25.6
150220261545  0.596  8.1  194.4  11.2  0.30  182.2  25.6
150220261546  0.597  8.2  194.6  11.2  0.19  180.5  25.6
150220261547  0.599  8.1  195.6  11.2  0.26  175.7  25.6
150220261548  0.600  8.4  195.3  11.7  0.18  150.3  25.6
150220261549  0.601  8.7  194.9  11.9  0.31  165.9  25.6
150220261550  0.605  8.7  193.5  12.4  0.32  173.0  25.6
150220261551  0.608  8.9  192.7  12.4  0.05  190.0  25.6
150220261552  0.611  9.1  192.9  12.6  0.18  164.8  25.6
150220261553  0.614  9.2  193.0  12.6  0.30  186.3  25.6
150220261554  0.617  9.5  192.9  12.6  0.35  181.0  25.6
150220261555  0.622  9.6  192.5  12.6  0.34  190.0  25.6
150220261556  0.627  9.5  192.8  12.6  0.19  181.8  25.6
150220261557  0.631  9.5  193.4  12.6  0.25  188.2  25.6
150220261558  0.635  9.3  194.0  12.6  0.28  181.8  25.6
150220261559  0.639  9.1  193.3  12.6  0.10  203.5  25.6
150220261600  0.643  9.0  193.9  12.6  0.25  182.9  25.6
150220261601  0.646  8.9  194.3  12.6  0.18  186.3  25.6
150220261602  0.650  8.8  193.2  12.5  0.32  184.8  25.6
150220261603  0.653  8.6  192.8  12.5  0.24  184.1  25.6
150220261604  0.655  8.3  193.0  12.5  0.13  203.8  25.6
150220261605  0.657  8.2  193.1  12.5  0.28  176.4  25.6
150220261606  0.659  8.2  193.8  12.5  0.27  183.8  25.6
150220261607  0.660  8.1  193.6  12.5  0.09  176.3  25.6
150220261608  0.661  7.9  192.8  12.5  0.19  194.1  25.6
150220261609  0.664  8.0  193.3  12.5  0.33  190.0  25.6
150220261610  0.667  8.0  193.6  11.1  0.29  193.9  25.6
150220261611  0.671  8.2  192.9  11.5  0.33  188.0  25.6
150220261612  0.675  8.2  193.4  11.5  0.27  187.5  25.6
150220261613  0.677  8.5  194.1  11.5  0.20  175.4  25.6
150220261614  0.683  8.8  194.1  11.5  0.23  197.2  25.6
150220261615  0.687  8.8  193.6  11.5  0.25  202.1  25.6
150220261616  0.692  8.7  192.8  11.5  0.12  167.5  25.6
150220261617  0.697  8.8  193.2  11.5  0.25  182.9  25.6
150220261618  0.701  8.9  192.9  11.5  0.34  171.9  25.6
150220261619  0.704  8.9  191.4  11.5  0.44  184.2  25.6
150220261620  0.709  8.5  190.8  11.5  0.46  180.5  25.6
150220261621  0.713  8.2  191.2  11.5  0.45  175.1  25.6
150220261622  0.716  8.0  191.7  11.5  0.39  179.5  25.6
150220261623  0.720  7.8  191.5  11.2  0.38  175.9  25.6
150220261624  0.725  7.7  191.3  10.4  0.36  182.0  25.6
150220261625  0.730  7.8  192.8  11.0  0.37  178.5  25.6
150220261626  0.735  7.9  192.9  11.0  0.41  178.0  25.6
150220261627  0.741  8.1  193.5  11.8  0.34  182.3  25.6
150220261628  0.746  8.0  194.5  11.8  0.53  171.9  25.6
150220261629  0.750  8.1  197.1  11.8  0.50  173.0  25.6
150220261630  0.754  8.4  197.6  11.8  0.43  178.0  25.6
150220261631  0.761  8.6  197.9  11.8  0.57  171.8  25.6
150220261632  0.765  8.7  198.4  11.8  0.69  178.3  25.6
150220261633  0.770  8.7  198.7  11.8  0.60  172.2  25.6
150220261634  0.776  8.8  199.3  11.8  0.62  175.8  25.6
150220261635  0.780  8.7  199.5  11.8  0.59  173.8  25.6
150220261636  0.783  8.7  199.6  11.8  0.66  176.6  25.6
150220261637  0.786  8.6  199.4  11.1  0.67  173.8  25.6
150220261638  0.790  8.8  199.0  11.9  0.70  177.0  25.6
150220261639  0.792  8.8  199.2  11.9  0.63  173.2  25.6
150220261640  0.795  8.8  199.5  11.9  0.67  170.5  25.6
150220261641  0.797  8.7  199.5  11.9  0.80  172.0  25.6
150220261642  0.798  8.7  199.3  11.9  0.73  163.1  25.6
150220261643  0.800  8.7  198.9  11.9  0.65  163.1  25.6
150220261644  0.803  8.5  198.9  11.9  0.75  167.9  25.6
150220261645  0.805  8.5  198.6  11.9  0.44  160.9  25.6
150220261646  0.809  8.3  198.6  11.9  0.72  167.7  25.6
150220261647  0.812  8.3  198.0  11.9  0.73  166.4  25.6
150220261648  0.815  8.0  198.7  10.7  0.82  171.4  25.6
150220261649  0.818  8.0  197.8  10.7  0.65  167.8  25.6
150220261650  0.822  7.9  197.1  10.7  0.72  167.5  25.6
150220261651  0.826  7.8  197.1  10.7  0.72  168.8  25.6
150220261652  0.828  7.6  196.3  10.7  0.70  161.0  25.6
150220261653  0.831  7.5  196.4  10.7  0.70  170.5  25.6
150220261654  0.833  7.3  195.5  10.7  0.75  169.1  25.6
150220261655  0.836  7.1  195.1  10.7  0.76  167.2  25.6
150220261656  0.839  7.0  195.3  10.7  0.69  162.1  25.6
150220261657  0.839  6.8  195.2  9.4  0.84  171.1  25.6
150220261658  0.841  6.8  194.2  9.4  0.89  167.6  25.6
150220261659  0.844  6.7  194.4  9.4  0.73  167.8  25.6
150220261700  0.846  6.7  194.1  8.8  0.85  170.5  25.6
150220261701  0.849  6.6  193.6  8.8  0.85  172.0  25.6
150220261702  0.851  6.4  194.4  8.8  0.89  166.9  25.6
150220261703  0.854  6.4  194.6  8.8  0.82  167.6  25.6
150220261704  0.856  6.6  195.5  9.0  0.75  165.0  25.6
150220261705  0.860  6.9  196.8  9.9  0.88  171.0  25.6
150220261706  0.863  7.1  196.9  9.9  0.71  171.3  25.6
150220261707  0.868  7.0  196.8  9.9  0.78  167.2  25.6
150220261708  0.874  7.0  198.2  9.9  0.73  160.0  25.5
150220261709  0.876  7.2  198.5  9.9  0.80  169.9  25.5
150220261710  0.881  7.2  198.6  9.9  0.70  163.8  25.6
150220261711  0.886  7.3  198.9  9.9  0.73  164.3  25.5
150220261712  0.888  7.6  198.8  12.4  0.85  168.0  25.5
150220261713  0.892  7.8  198.5  12.4  0.78  171.1  25.5
150220261714  0.896  7.9  199.1  12.4  0.83  161.6  25.5
150220261715  0.900  7.9  199.2  12.4  0.78  165.0  25.5
150220261716  0.903  8.0  198.4  12.4  0.82  168.5  25.5
150220261717  0.908  8.1  197.0  12.4  0.88  164.2  25.5
150220261718  0.912  8.1  195.8  12.4  0.78  168.0  25.5
150220261719  0.916  8.0  195.7  12.4  0.92  163.1  25.5
150220261720  0.919  8.0  195.8  12.4  0.94  167.8  25.6
150220261721  0.921  8.0  195.1  12.4  0.81  164.7  25.5
150220261722  0.925  7.9  194.9  10.7  1.07  166.2  25.5
150220261723  0.929  8.0  195.3  10.7  1.02  170.0  25.5
150220261724  0.934  7.8  193.9  10.3  0.99  166.8  25.5
150220261725  0.938  7.8  192.6  10.3  0.98  170.3  25.5
150220261726  0.942  7.7  192.3  9.9  1.02  166.9  25.5
150220261727  0.947  7.6  193.3  9.9  1.03  165.0  25.5
150220261728  0.950  7.7  192.7  10.1  1.06  164.7  25.5
150220261729  0.953  7.6  192.0  10.1  1.13  167.7  25.5
150220261730  0.957  7.7  192.0  10.1  1.08  168.1  25.5
150220261731  0.960  7.8  192.9  11.4  1.02  167.0  25.5
150220261732  0.963  7.9  192.1  11.4  1.12  166.1  25.5
150220261733  0.966  7.8  191.1  11.4  0.98  166.7  25.5
150220261734  0.969  7.9  190.9  11.4  1.02  167.2  25.5
150220261735  0.971  7.8  190.7  11.4  1.05  168.7  25.5
150220261736  0.973  7.8  191.0  11.4  1.07  170.5  25.5
150220261737  0.975  7.8  191.6  11.4  1.10  169.1  25.5
150220261738  0.977  7.9  192.4  11.4  1.07  168.7  25.5
150220261739  0.979  8.0  192.5  11.4  1.05  167.2  25.5
150220261740  0.980  8.0  192.8  11.4  1.01  169.7  25.5
150220261741  0.983  7.9  192.4  10.8  0.95  170.7  25.5
150220261742  0.986  8.0  193.5  12.1  0.86  169.8  25.5
150220261743  0.991  8.1  192.8  12.1  0.95  174.1  25.5
150220261744  0.994  7.9  193.1  12.1  0.98  174.3  25.5
150220261745  0.996  8.0  193.2  12.1  0.95  176.2  25.5
150220261746  1.000  8.2  193.8  12.1  0.95  175.1  25.5
150220261747  1.001  8.2  193.5  12.1  0.87  176.7  25.5
150220261748  1.005  8.1  193.9  12.1  0.79  178.6  25.5
150220261749  1.007  8.2  194.8  12.1  0.71  175.5  25.5
150220261750  1.011  8.3  194.1  12.1  0.62  177.6  25.5
150220261751  1.014  8.5  193.8  12.1  0.66  176.0  25.5
150220261752  1.016  8.5  193.4  11.7  0.68  175.0  25.5
150220261753  1.019  8.7  194.2  11.7  0.78  177.1  25.5
150220261754  1.021  9.0  194.3  14.4  0.70  174.6  25.5
150220261755  1.021  9.0  194.7  14.4  0.74  181.5  25.5
150220261756  1.024  9.1  194.8  14.4  0.54  177.9  25.5
150220261757  1.026  9.3  195.4  14.4  0.61  182.5  25.5
150220261758  1.028  9.4  195.3  14.4  0.49  181.5  25.5
150220261759  1.030  9.4  195.6  14.4  0.44  185.2  25.5
150220261800  1.035  9.6  196.5  14.4  0.60  181.8  25.5
150220261801  1.038  9.5  196.4  14.4  0.59  179.1  25.5
150220261802  1.042  9.6  196.6  14.4  0.54  184.9  25.5
150220261803  1.045  9.7  196.8  14.4  0.58  179.1  25.5
150220261804  1.049  9.7  197.1  13.2  0.58  176.5  25.5
150220261805  1.052  9.9  196.8  13.2  0.58  178.7  25.5
150220261806  1.055  9.7  197.1  13.2  0.55  177.4  25.5
150220261807  1.058  9.8  195.8  13.2  0.69  182.3  25.5
150220261808  1.061  9.8  195.7  13.9  0.66  172.8  25.5
150220261809  1.066  10.1  195.1  13.9  0.62  174.7  25.5
150220261810  1.069  10.0  195.4  13.9  0.68  177.6  25.5
150220261811  1.071  10.1  196.7  13.9  0.75  175.0  25.5
150220261812  1.075  9.9  196.4  13.9  0.72  174.6  25.5
150220261813  1.077  9.6  196.4  13.9  0.67  177.2  25.5
150220261814  1.079  9.5  197.1  13.9  0.72  175.3  25.5
150220261815  1.082  9.6  198.3  13.9  0.76  174.3  25.5
150220261816  1.085  9.8  198.9  13.9  0.70  170.1  25.5
150220261817  1.087  9.7  199.5  13.9  0.66  170.9  25.5
150220261818  1.089  9.6  199.3  13.5  0.84  177.0  25.5
150220261819  1.092  9.3  199.7  11.9  0.68  170.4  25.5
150220261820  1.094  9.2  198.8  11.9  0.74  174.0  25.5
150220261821  1.097  9.2  198.6  11.9  0.76  177.1  25.5
150220261822  1.099  9.4  198.6  13.1  0.74  168.7  25.5
150220261823  1.102  9.4  198.2  13.1  0.74  168.6  25.4
150220261824  1.103  9.3  197.2  13.1  0.77  170.0  25.4
150220261825  1.104  9.2  197.0  13.1  0.65  162.1  25.4
150220261826  1.105  9.1  196.9  13.1  0.66  160.3  25.4
150220261827  1.108  9.1  197.2  13.1  0.88  171.7  25.4
150220261828  1.109  9.0  198.2  13.1  0.81  166.4  25.4
150220261829  1.110  8.9  197.7  13.1  0.78  170.1  25.4
150220261830  1.111  8.9  198.0  13.1  0.79  168.4  25.4
150220261831  1.112  8.8  197.2  13.1  0.86  165.0  25.4
150220261832  1.114  8.6  197.2  11.0  0.78  167.5  25.4
150220261833  1.114  8.6  197.7  11.0  0.93  168.3  25.4
150220261834  1.116  8.7  198.2  11.0  0.91  167.0  25.4
150220261835  1.118  8.8  197.8  12.0  0.85  166.2  25.4
150220261836  1.119  8.9  198.1  12.0  0.79  168.6  25.4
150220261837  1.119  8.8  198.6  12.0  0.77  165.9  25.4
150220261838  1.119  8.8  198.4  12.0  0.92  171.5  25.4
150220261839  1.122  8.9  198.8  12.0  0.71  166.0  25.4
150220261840  1.124  9.0  198.4  12.0  0.78  164.8  25.4
150220261841  1.125  8.8  198.4  12.0  0.67  164.0  25.4
150220261842  1.126  8.7  198.9  12.0  0.72  163.1  25.4
150220261843  1.128  8.7  199.8  12.0  0.80  165.2  25.4
150220261844  1.128  8.6  199.3  12.0  0.66  166.9  25.4
150220261845  1.130  8.3  199.0  11.5  0.71  165.4  25.4
150220261846  1.130  8.1  197.9  11.5  0.71  170.9  25.4
150220261847  1.133  8.0  197.2  11.5  0.59  165.6  25.4
150220261848  1.134  8.0  196.9  10.8  0.57  162.4  25.4
150220261849  1.135  8.1  197.1  11.5  0.55  159.5  25.4
150220261850  1.137  8.2  198.4  11.5  0.70  167.1  25.4
150220261851  1.140  8.2  198.9  11.5  0.56  160.6  25.4
150220261852  1.142  8.4  198.8  12.6  0.66  165.5  25.4
150220261853  1.143  8.5  199.0  12.6  0.67  161.0  25.3
150220261854  1.144  8.8  199.9  12.6  0.70  159.1  25.3
150220261855  1.144  9.0  200.0  12.6  0.57  156.0  25.3
150220261856  1.146  9.0  200.1  12.6  0.76  161.3  25.3
150220261857  1.148  9.1  200.1  12.6  0.62  160.5  25.3
150220261858  1.150  9.2  200.3  12.6  0.68  168.2  25.3
150220261859  1.151  9.0  199.6  12.6  0.73  165.8  25.3
150220261900  1.152  8.9  198.8  12.6  0.66  158.7  25.3
150220261901  1.153  8.9  198.6  12.6  0.60  160.8  25.3
150220261902  1.153  8.9  199.6  11.0  0.64  165.5  25.3
150220261903  1.154  8.8  198.4  11.6  0.67  160.7  25.3
150220261904  1.155  8.7  198.1  11.6  0.74  162.3  25.3
150220261905  1.155  8.7  198.8  11.6  0.65  166.7  25.3
150220261906  1.155  8.9  199.1  11.9  0.56  159.2  25.3
150220261907  1.155  9.1  199.0  12.8  0.50  156.6  25.3
150220261908  1.155  9.0  198.7  12.8  0.55  160.3  25.3
150220261909  1.154  9.2  199.1  12.8  0.52  159.7  25.3
150220261910  1.156  9.2  199.3  12.8  0.55  161.5  25.3
150220261911  1.156  9.2  199.5  12.8  0.45  155.0  25.3
150220261912  1.156  9.1  199.0  12.8  0.55  160.5  25.3
150220261913  1.156  9.2  199.9  12.8  0.52  156.0  25.3
150220261914  1.154  9.4  199.8  12.8  0.56  161.2  25.3
150220261915  1.155  9.3  200.0  12.8  0.49  156.8  25.3
150220261916  1.157  9.1  200.4  12.8  0.55  161.1  25.3
150220261917  1.157  9.1  200.7  12.8  0.53  157.5  25.3
150220261918  1.158  9.2  201.1  12.8  0.62  166.6  25.2
150220261919  1.158  9.4  201.7  12.8  0.60  171.2  25.2
150220261920  1.159  9.4  201.9  12.8  0.50  167.5  25.2
150220261921  1.161  9.5  201.7  12.8  0.60  167.6  25.2
150220261922  1.162  9.4  201.7  12.8  0.63  165.0  25.2
150220261923  1.162  9.1  201.4  12.8  0.45  157.8  25.2
150220261924  1.164  8.9  201.9  12.7  0.60  164.2  25.2
150220261925  1.167  8.8  201.0  12.7  0.43  148.7  25.2
150220261926  1.167  9.0  200.0  12.7  0.49  154.6  25.2
150220261927  1.169  8.8  199.9  12.7  0.54  158.7  25.2
150220261928  1.172  8.7  199.8  12.7  0.41  158.9  25.2
150220261929  1.172  8.5  199.0  11.9  0.46  163.8  25.2
150220261930  1.173  8.5  198.8  11.9  0.45  157.5  25.2
150220261931  1.172  8.5  199.1  11.9  0.42  166.4  25.2
150220261932  1.173  8.6  198.5  11.9  0.37  164.8  25.2
150220261933  1.174  9.0  198.2  12.8  0.31  169.5  25.2
150220261934  1.175  9.3  196.7  14.0  0.30  148.6  25.2
150220261935  1.176  9.5  195.6  14.0  0.28  152.8  25.2
150220261936  1.177  9.5  194.9  14.0  0.17  148.3  25.2
150220261937  1.177  9.5  193.3  14.0  0.30  163.8  25.2
150220261938  1.177  9.6  192.5  14.0  0.25  147.2  25.2
150220261939  1.178  9.6  191.8  14.0  0.25  158.5  25.2
150220261940  1.177  9.8  191.3  14.2  0.26  167.3  25.2
150220261941  1.178  10.0  189.6  14.2  0.20  165.9  25.2
150220261942  1.179  10.2  190.6  14.2  0.17  154.2  25.2
150220261943  1.179  10.3  190.6  14.2  0.23  165.4  25.2
150220261944  1.176  10.0  190.3  14.2  0.27  147.1  25.2
150220261945  1.175  10.0  190.3  14.2  0.32  161.7  25.2
150220261946  1.175  9.7  190.2  14.2  0.23  144.3  25.2
150220261947  1.174  9.6  190.7  14.2  0.22  154.2  25.2
150220261948  1.173  9.6  190.1  14.2  0.18  167.5  25.2
150220261949  1.173  9.3  190.9  14.2  0.21  165.8  25.2
150220261950  1.172  9.1  190.9  13.2  0.25  169.4  25.1
150220261951  1.173  8.7  191.5  13.2  0.18  144.1  25.1
150220261952  1.173  8.5  190.0  13.2  0.31  172.1  25.1
150220261953  1.173  8.1  188.4  12.0  0.32  156.5  25.1
150220261954  1.173  8.2  188.1  14.1  0.30  154.7  25.1
150220261955  1.171  7.9  189.0  14.1  0.38  166.7  25.1
150220261956  1.169  7.8  188.8  14.1  0.24  167.8  25.1
150220261957  1.169  7.7  188.6  14.1  0.19  155.2  25.1
150220261958  1.169  7.5  189.4  14.1  0.20  172.8  25.1
150220261959  1.169  7.5  189.2  14.1  0.12  125.3  25.1
150220262000  1.166  7.5  188.4  14.1  0.15  150.3  25.1
150220262001  1.164  7.3  187.5  14.1  0.13  112.5  25.1
150220262002  1.162  7.1  186.7  14.1  0.30  168.5  25.1
150220262003  1.157  7.0  187.6  14.1  0.20  164.9  25.1
150220262004  1.155  6.7  187.9  9.6  0.11  143.6  25.1
150220262005  1.152  6.7  186.2  9.6  0.18  139.6  25.1
150220262006  1.150  6.8  186.5  9.6  0.14  138.8  25.1
150220262007  1.146  6.6  185.6  9.6  0.21  144.2  25.1
150220262008  1.143  6.5  185.7  9.4  0.21  137.1  25.1
150220262009  1.139  6.6  185.6  11.9  0.17  135.9  25.1
150220262010  1.136  6.6  185.5  11.9  0.24  145.3  25.1
150220262011  1.135  6.8  186.2  12.4  0.14  125.1  25.1
150220262012  1.133  7.1  185.0  12.4  0.22  168.0  25.1
150220262013  1.130  7.4  185.5  12.4  0.27  164.3  25.1
150220262014  1.127  7.5  186.8  12.4  0.16  127.5  25.1
150220262015  1.124  7.7  188.5  12.4  0.11  73.4  25.1
150220262016  1.120  7.9  189.9  12.4  0.05  72.4  25.1
150220262017  1.117  8.2  191.4  12.4  0.11  98.1  25.1
150220262018  1.113  8.7  191.3  12.4  0.07  38.6  25.1
150220262019  1.108  8.8  191.2  12.4  0.13  53.8  25.1
150220262020  1.105  9.1  191.1  12.4  0.09  73.4  25.1
150220262021  1.102  9.1  191.5  12.3  0.15  162.8  25.1
150220262022  1.098  9.3  194.0  12.6  0.09  114.0  25.1
150220262023  1.095  9.5  194.2  13.5  0.04  133.7  25.1
150220262024  1.093  9.9  193.1  14.6  0.10  59.0  25.1
150220262025  1.092  10.2  192.4  14.6  0.04  7.3  25.1
150220262026  1.089  10.6  192.5  14.6  0.07  77.2  25.1
150220262027  1.087  10.8  193.7  14.6  0.15  22.8  25.2
150220262028  1.084  11.3  194.1  15.4  0.17  9.3  25.1
150220262029  1.082  11.5  193.8  15.4  0.08  88.4  25.2
150220262030  1.080  11.6  195.4  15.4  0.11  55.7  25.1
150220262031  1.078  11.9  195.7  15.4  0.06  78.6  25.1
150220262032  1.075  12.1  195.0  15.4  0.14  39.1  25.1
150220262033  1.072  12.0  194.9  15.4  0.13  25.5  25.2
150220262034  1.069  11.9  195.3  15.4  0.05  10.0  25.2
150220262035  1.065  11.8  195.7  15.4  0.19  48.5  25.2
150220262036  1.061  11.6  195.1  15.4  0.17  32.5  25.2
150220262037  1.060  11.7  193.5  15.4  0.18  47.7  25.2
150220262038  1.057  11.5  193.0  14.8  0.12  32.7  25.2
150220262039  1.052  11.4  193.2  14.8  0.12  46.0  25.2
150220262040  1.050  11.3  192.6  14.8  0.14  35.2  25.2
150220262041  1.047  11.3  193.1  15.1  0.11  42.0  25.1
150220262042  1.044  11.1  193.4  15.1  0.07  40.1  25.1
150220262043  1.044  11.3  194.4  15.1  0.22  30.6  25.1
150220262044  1.044  11.2  194.7  15.1  0.15  56.0  25.1
150220262045  1.042  11.1  194.4  15.1  0.13  58.1  25.1
150220262046  1.041  10.8  194.6  15.1  0.04  349.1  25.1
150220262047  1.039  10.5  195.1  15.1  0.08  53.0  25.1
150220262048  1.038  10.3  196.0  15.1  0.14  185.2  25.2
150220262049  1.038  10.5  196.1  15.1  0.09  1.0  25.2
150220262050  1.037  10.5  196.2  15.1  0.16  21.2  25.2
150220262051  1.035  10.3  194.5  14.2  0.08  10.0  25.2
150220262052  1.033  10.0  193.6  14.2  0.15  0.2  25.2
150220262053  1.033  9.6  192.4  13.7  0.11  3.8  25.2
150220262054  1.032  9.1  190.4  13.7  0.04  277.4  25.2
150220262055  1.032  8.8  190.3  13.7  0.04  342.1  25.2
150220262056  1.031  9.0  188.5  14.2  0.07  272.3  25.2
150220262057  1.032  8.9  186.3  14.2  0.03  239.8  25.2
150220262058  1.032  8.8  185.1  14.2  0.04  245.6  25.2
150220262059  1.030  8.4  182.3  14.2  nan  nan  nan
150220262100  1.030  8.1  179.9  14.2  0.06  333.1  25.2
150220262101  1.030  7.9  180.1  14.2  0.14  0.5  25.2
150220262102  1.029  7.9  179.7  14.2  0.11  322.1  25.2
150220262103  1.029  8.0  178.6  14.2  0.08  16.6  25.2
150220262104  1.027  8.1  180.3  14.2  0.08  10.0  25.2
150220262105  1.025  8.1  177.7  14.2  0.21  350.7  25.2
150220262106  1.021  7.8  178.6  12.9  0.17  343.4  25.2
150220262107  1.018  7.5  179.2  11.6  0.17  336.3  25.2
150220262108  1.016  7.3  178.1  11.6  0.18  352.1  25.2
150220262109  1.014  7.5  180.0  14.6  0.25  8.2  25.2
150220262110  1.013  7.4  179.8  14.6  0.10  7.8  25.2
150220262111  1.010  7.4  179.7  14.6  0.18  356.4  25.2
150220262112  1.008  7.1  178.6  14.6  0.20  4.9  25.2
150220262113  1.005  7.0  179.4  14.6  0.11  18.8  25.2
150220262114  1.003  7.0  178.6  14.6  0.24  6.3  25.2
150220262115  1.000  7.2  180.8  14.6  0.22  11.0  25.2
150220262116  0.998  7.3  181.7  14.6  0.12  15.7  25.2
150220262117  0.997  7.7  183.8  14.6  0.17  4.1  25.2
150220262118  0.995  8.0  185.2  14.6  0.12  3.2  25.2
150220262119  0.992  7.7  185.1  13.1  0.21  11.1  25.2
150220262120  0.991  7.9  185.9  13.1  0.16  345.6  25.2
150220262121  0.989  8.1  186.3  13.1  0.09  338.0  25.2
150220262122  0.986  8.5  187.4  13.1  0.25  3.7  25.2
150220262123  0.982  8.4  187.5  13.1  0.18  340.3  25.2
150220262124  0.980  8.5  188.9  13.1  0.25  351.8  25.2
150220262125  0.980  8.3  188.2  13.1  0.33  2.2  25.2
150220262126  0.976  8.1  187.2  13.1  0.25  0.1  25.2
150220262127  0.975  7.7  186.0  12.1  0.12  349.6  25.2
150220262128  0.973  7.4  185.1  12.1  0.32  356.1  25.2
150220262129  0.970  7.4  185.1  12.1  0.22  351.4  25.2
150220262130  0.969  7.2  186.7  15.0  0.30  350.0  25.2
150220262131  0.967  7.3  185.8  15.0  0.13  338.0  25.2
150220262132  0.964  7.2  185.1  15.0  0.22  346.1  25.2
150220262133  0.960  7.1  185.1  15.0  0.25  342.0  25.2
150220262134  0.954  7.0  184.7  15.0  0.32  351.1  25.2
150220262135  0.950  7.4  185.9  15.0  0.39  345.7  25.2
150220262136  0.946  7.8  187.2  15.0  0.42  347.9  25.2
150220262137  0.942  7.9  185.8  15.0  0.43  6.7  25.2
150220262138  0.937  8.3  186.3  15.0  0.38  10.3  25.2
150220262139  0.932  8.4  186.4  15.0  0.53  9.8  25.2
150220262140  0.926  8.5  184.6  14.6  0.51  12.2  25.2
150220262141  0.921  8.6  184.7  13.5  0.55  9.8  25.2
150220262142  0.916  8.8  185.7  13.5  0.47  0.2  25.2
150220262143  0.911  8.8  185.8  13.5  0.48  4.4  25.2
150220262144  0.905  8.7  185.1  13.5  0.55  6.1  25.2
150220262145  0.900  8.5  184.5  13.5  0.61  14.4  25.2
150220262146  0.894  8.4  183.8  13.5  0.46  6.2  25.2
150220262147  0.887  8.4  185.2  14.6  0.55  13.7  25.2
150220262148  0.881  8.3  184.7  14.6  0.60  9.6  25.2
150220262149  0.876  8.3  184.7  14.6  0.53  3.6  25.2
150220262150  0.873  8.4  184.8  14.6  0.70  4.6  25.2
150220262151  0.869  8.0  184.9  14.6  0.55  5.5  25.2
150220262152  0.864  7.8  182.7  14.6  0.68  11.3  25.2
150220262153  0.858  7.7  181.6  14.6  0.55  11.6  25.2
150220262154  0.854  7.7  181.5  14.6  0.39  9.1  25.2
150220262155  0.847  7.3  182.5  14.6  0.70  8.2  25.2
150220262156  0.843  7.0  180.6  14.6  0.75  7.6  25.2
150220262157  0.839  7.0  180.4  11.5  0.74  6.1  25.2
150220262158  0.836  7.0  180.8  11.5  0.61  6.3  25.2
150220262159  0.833  7.1  180.8  11.5  0.81  7.7  25.2
150220262200  0.830  7.3  181.6  12.9  0.78  6.7  25.2
150220262201  0.828  7.6  181.9  12.9  0.72  8.3  25.2
150220262202  0.824  7.7  183.2  12.9  0.80  4.1  25.2
150220262203  0.819  7.9  184.8  12.9  0.69  6.0  25.2
150220262204  0.816  8.3  185.4  13.3  0.74  9.0  25.2
150220262205  0.811  8.8  183.6  13.3  0.63  4.5  25.2
150220262206  0.807  8.8  183.9  13.3  0.79  3.5  25.2
150220262207  0.802  8.5  183.6  13.3  0.83  4.6  25.2
150220262208  0.796  8.2  182.9  13.3  0.76  4.7  25.2
150220262209  0.792  8.3  182.9  13.3  0.74  7.7  25.2
150220262210  0.789  8.2  180.0  13.3  0.61  6.5  25.2
150220262211  0.786  8.0  179.5  13.3  0.68  13.0  25.2
150220262212  0.780  7.9  178.9  13.3  0.69  5.5  25.2
150220262213  0.776  7.9  177.8  13.3  0.63  3.6  25.3
150220262214  0.771  7.6  178.2  13.2  0.62  5.5  25.2
150220262215  0.766  7.5  180.6  13.2  0.65  6.2  25.3
150220262216  0.761  7.5  181.2  13.2  0.54  10.0  25.2
150220262217  0.756  7.6  181.3  13.2  0.73  5.1  25.3
150220262218  0.752  7.7  181.4  13.2  0.75  7.2  25.2
150220262219  0.748  7.3  178.0  13.2  0.74  7.1  25.2
150220262220  0.744  6.7  181.0  12.8  0.70  7.6  25.2
150220262221  0.741  6.7  181.1  12.8  0.74  5.0  25.2
150220262222  0.738  6.6  184.0  12.8  0.63  3.3  25.2
150220262223  0.734  6.6  184.9  12.1  0.60  10.7  25.2
150220262224  0.730  6.7  184.0  12.1  0.64  5.3  25.2
150220262225  0.726  6.7  183.2  12.2  0.70  3.9  25.2
150220262226  0.722  6.9  183.8  12.2  0.74  4.4  25.2
150220262227  0.718  7.1  185.7  12.2  0.68  1.3  25.2
150220262228  0.714  7.3  186.8  12.2  0.64  1.6  25.2
150220262229  0.709  7.8  191.4  12.2  0.71  4.8  25.2
150220262230  0.705  8.1  191.3  12.2  0.85  5.5  25.2
150220262231  0.702  8.0  191.5  12.2  0.65  5.3  25.2
150220262232  0.698  8.2  190.1  12.2  0.61  5.8  25.2
150220262233  0.695  8.0  190.7  12.2  0.61  357.8  25.2
150220262234  0.692  7.9  191.5  12.2  0.80  358.5  25.2
150220262235  0.689  7.8  192.2  11.0  0.69  0.3  25.2
150220262236  0.686  7.7  192.9  11.0  0.58  358.2  25.3
150220262237  0.683  7.5  194.1  11.0  0.77  358.3  25.3
150220262238  0.679  7.7  194.4  12.5  0.59  358.0  25.3
150220262239  0.676  7.6  195.0  12.5  0.79  356.7  25.3
150220262240  0.673  7.8  195.4  12.5  0.73  353.4  25.3
150220262241  0.669  8.1  196.1  12.5  0.74  358.5  25.3
150220262242  0.668  8.1  197.4  12.5  0.58  357.1  25.3
150220262243  0.664  8.5  197.9  12.5  0.71  359.7  25.3
150220262244  0.661  8.8  198.6  12.5  0.74  355.3  25.3
150220262245  0.658  9.4  199.9  14.4  0.61  355.5  25.3
150220262246  0.655  9.8  200.4  14.4  0.66  0.3  25.3
150220262247  0.652  10.1  200.1  14.4  0.78  358.8  25.3
150220262248  0.650  10.1  200.7  14.4  0.69  357.8  25.3
150220262249  0.646  10.1  200.6  14.4  0.62  358.4  25.3
150220262250  0.641  10.3  201.6  14.4  0.67  355.4  25.3
150220262251  0.638  10.2  202.4  14.4  0.62  354.1  25.3
150220262252  0.635  10.3  203.3  14.4  0.70  355.5  25.3
150220262253  0.632  10.3  203.9  14.4  0.69  6.1  25.3
150220262254  0.630  10.2  204.3  14.4  0.60  356.6  25.3
150220262255  0.627  9.9  204.4  13.8  0.67  358.6  25.3
150220262256  0.625  9.9  204.5  13.5  0.72  356.5  25.3
150220262257  0.624  9.8  204.3  13.5  0.68  353.2  25.3
150220262258  0.621  9.7  204.5  13.5  0.74  354.2  25.3
150220262259  0.618  9.8  204.1  13.5  0.79  358.9  25.3
150220262300  0.616  9.5  204.5  13.5  0.71  355.9  25.3
150220262301  0.613  9.4  205.1  13.5  0.64  354.6  25.3
150220262302  0.610  9.4  205.0  13.5  0.63  357.1  25.3
150220262303  0.607  9.2  203.9  13.5  0.68  357.0  25.3
150220262304  0.603  9.3  203.5  13.5  0.77  357.2  25.3
150220262305  0.600  9.2  202.7  12.4  0.72  2.2  25.3
150220262306  0.596  8.9  203.1  12.2  0.78  358.0  25.3
150220262307  0.594  9.0  203.9  12.2  0.71  355.1  25.3
150220262308  0.591  9.1  204.5  12.2  0.69  360.0  25.3
150220262309  0.589  9.1  205.4  12.2  0.65  351.4  25.3
150220262310  0.587  9.2  206.1  12.2  0.66  351.7  25.3
150220262311  0.583  9.4  206.0  12.2  0.78  358.7  25.3
150220262312  0.582  9.6  205.8  12.2  0.71  354.4  25.3
150220262313  0.579  9.6  206.5  12.2  0.70  357.2  25.3
150220262314  0.576  9.6  206.2  12.2  0.62  356.3  25.3
150220262315  0.573  9.7  206.9  12.2  0.61  356.1  25.3
150220262316  0.570  9.8  206.1  12.2  0.74  0.5  25.3
150220262317  0.567  9.7  204.7  12.2  0.69  2.4  25.3
150220262318  0.565  9.6  203.5  12.2  0.74  0.6  25.3
150220262319  0.562  9.7  202.2  12.3  0.73  356.9  25.3
150220262320  0.559  9.6  200.4  12.3  0.80  359.6  25.3
150220262321  0.555  9.5  198.9  12.3  0.79  357.2  25.3
150220262322  0.552  9.3  197.5  12.3  0.88  2.0  25.3
150220262323  0.548  9.3  195.9  12.3  0.78  359.7  25.3
150220262324  0.544  9.1  194.8  12.3  0.76  2.5  25.3
150220262325  0.540  8.9  193.5  12.3  0.86  358.3  25.3
150220262326  0.535  9.0  192.9  12.3  0.80  0.9  25.3
150220262327  0.531  8.9  193.3  12.3  0.75  3.1  25.3
150220262328  0.526  9.0  193.5  12.3  0.82  358.1  25.3
150220262329  0.520  8.9  193.3  11.7  0.79  359.4  25.3
150220262330  0.516  9.3  193.0  12.8  0.77  358.2  25.3
150220262331  0.511  9.3  193.3  12.8  1.02  1.5  25.3
150220262332  0.507  9.5  194.3  13.6  0.83  358.8  25.3
150220262333  0.504  9.7  196.2  13.7  0.81  359.6  25.3
150220262334  0.501  9.9  196.6  13.7  0.93  0.6  25.3
150220262335  0.499  10.2  197.8  14.3  0.88  359.1  25.3
150220262336  0.495  10.3  198.3  14.3  0.86  3.4  25.3
150220262337  0.491  10.4  198.2  14.3  0.88  0.7  25.3
150220262338  0.486  10.3  197.7  14.3  0.90  1.6  25.3
150220262339  0.484  10.2  197.3  14.3  0.88  2.9  25.3
150220262340  0.479  9.9  196.5  14.3  0.83  359.8  25.3
150220262341  0.476  9.6  196.2  14.3  0.86  1.1  25.3
150220262342  0.472  9.5  195.2  14.3  1.03  3.6  25.3
150220262343  0.470  9.1  192.0  14.3  0.89  1.1  25.3
150220262344  0.465  9.0  190.4  14.3  0.87  359.2  25.3
150220262345  0.462  8.6  188.9  11.9  0.90  2.0  25.3
150220262346  0.458  8.6  187.2  11.9  0.84  1.9  25.3
150220262347  0.456  8.3  186.0  11.9  0.81  0.2  25.3
150220262348  0.452  8.3  183.8  13.0  0.93  359.7  25.3
150220262349  0.449  8.3  184.4  13.0  0.83  356.0  25.3
150220262350  0.444  8.2  185.2  13.0  0.87  3.4  25.3
150220262351  0.441  8.2  185.3  13.0  0.86  2.6  25.3
150220262352  0.439  7.9  184.6  13.0  0.90  2.0  25.3
150220262353  0.436  7.9  187.0  13.0  0.98  5.0  25.3
150220262354  0.435  7.8  187.8  13.0  1.03  3.2  25.3
150220262355  0.432  7.9  187.9  13.0  0.99  2.2  25.3
150220262356  0.431  7.7  189.3  13.0  0.88  359.8  25.3
150220262357  0.428  7.7  190.1  13.0  0.91  1.9  25.3
150220262358  0.426  7.5  192.0  11.9  0.89  3.6  25.3
150220262359  0.422  7.4  191.2  11.9  0.84  2.8  25.3
160220260000  0.421  7.4  191.5  10.8  0.92  5.4  25.3
160220260001  0.418  7.5  191.0  10.8  0.89  3.0  25.3
160220260002  0.414  7.6  191.4  10.8  0.94  359.9  25.3
160220260003  0.412  7.6  191.6  10.8  0.89  358.7  25.3
160220260004  0.408  7.7  191.8  10.8  0.91  359.7  25.3
160220260005  0.406  7.9  192.3  11.1  0.91  1.4  25.3
160220260006  0.404  7.9  192.9  11.1  0.92  2.7  25.3
160220260007  0.402  8.0  193.6  11.1  0.77  3.5  25.3
160220260008  0.400  8.3  195.0  11.4  0.90  1.2  25.3
160220260009  0.395  8.6  195.9  11.4  0.84  2.7  25.3
160220260010  0.392  8.6  196.9  11.4  0.86  358.7  25.3
160220260011  0.389  8.8  197.9  11.4  0.88  1.0  25.3
160220260012  0.387  8.9  199.0  11.4  0.81  359.0  25.3
160220260013  0.385  9.0  199.8  11.4  0.94  2.0  25.3
160220260014  0.382  9.0  200.3  11.4  0.82  2.8  25.3
160220260015  0.380  9.0  200.3  12.5  0.82  359.4  25.3
160220260016  0.379  9.2  200.3  12.5  0.90  1.1  25.3
160220260017  0.377  9.3  199.9  12.5  0.77  0.7  25.3
160220260018  0.376  9.3  200.3  12.5  0.78  358.9  25.3
160220260019  0.374  9.1  200.0  12.5  0.74  356.4  25.3
160220260020  0.373  9.1  199.7  12.5  0.83  358.8  25.3
160220260021  0.372  9.1  199.2  12.5  0.79  0.8  25.3
160220260022  0.371  8.9  197.2  12.5  0.83  1.0  25.3
160220260023  0.369  8.7  196.4  12.5  0.80  3.1  25.3
160220260024  0.366  8.7  197.1  12.5  0.78  0.4  25.3
160220260025  0.366  8.5  196.1  12.3  0.86  355.9  25.3
160220260026  0.363  8.3  195.7  12.3  0.86  3.3  25.4
160220260027  0.361  8.0  195.9  11.1  0.87  3.0  25.4
160220260028  0.361  7.9  195.6  11.0  0.83  2.1  25.4
160220260029  0.360  8.0  196.4  11.0  0.87  358.4  25.4
160220260030  0.360  7.8  197.2  10.7  0.76  357.5  25.4
160220260031  0.360  7.8  198.2  10.7  0.82  356.8  25.4
160220260032  0.359  8.0  200.0  11.0  0.85  3.5  25.4
160220260033  0.358  8.0  200.4  11.0  0.77  357.7  25.4
160220260034  0.358  8.1  200.2  11.0  0.81  358.7  25.4
160220260035  0.357  8.2  201.8  11.0  0.81  357.4  25.4
160220260036  0.358  8.5  202.6  11.6  0.77  349.7  25.4
160220260037  0.357  8.7  202.2  11.6  0.77  357.6  25.4
160220260038  0.358  8.7  201.3  11.6  0.74  357.2  25.4
160220260039  0.358  8.7  200.6  11.6  0.74  354.9  25.4
160220260040  0.358  8.8  199.6  11.6  0.65  355.3  25.4
160220260041  0.360  9.0  198.7  13.0  0.73  356.2  25.4
160220260042  0.361  9.3  198.4  14.9  0.76  354.3  25.3
160220260043  0.361  9.4  197.6  14.9  0.64  357.7  25.3
160220260044  0.360  9.4  197.5  14.9  0.72  357.4  25.3
160220260045  0.358  9.5  196.9  14.9  0.72  357.5  25.3
160220260046  0.357  9.4  196.3  14.9  0.70  356.5  25.3
160220260047  0.356  9.6  196.8  14.9  0.60  356.1  25.3
160220260048  0.355  9.7  196.7  14.9  0.68  355.9  25.3
160220260049  0.354  9.7  196.9  14.9  0.66  358.3  25.3
160220260050  0.352  9.7  196.7  14.9  0.66  358.5  25.3
160220260051  0.351  9.7  196.2  14.9  0.67  354.4  25.3
160220260052  0.350  9.5  195.7  13.6  0.63  356.7  25.3
160220260053  0.347  9.7  195.9  14.3  0.67  359.2  25.3
160220260054  0.346  9.8  195.1  14.3  0.59  357.2  25.3
160220260055  0.344  9.7  195.0  14.3  0.65  359.2  25.3
160220260056  0.345  9.8  195.0  14.3  0.58  355.4  25.3
160220260057  0.344  9.7  194.5  14.3  0.58  355.9  25.3
160220260058  0.344  9.7  195.3  14.3  0.64  356.9  25.3
160220260059  0.343  9.7  196.1  14.3  0.63  359.1  25.3
160220260100  0.341  10.0  195.6  14.3  0.71  0.8  25.3
160220260101  0.339  9.9  196.0  14.3  0.62  357.1  25.3
160220260102  0.338  9.7  195.8  14.3  0.67  355.6  25.3
160220260103  0.338  9.4  196.5  14.3  0.67  354.1  25.3
160220260104  0.338  9.6  197.6  14.3  0.62  356.9  25.3
160220260105  0.339  9.6  197.5  14.3  0.68  352.5  25.3
160220260106  0.338  9.7  196.9  14.3  0.61  357.6  25.3
160220260107  0.338  9.5  196.9  14.2  0.70  1.1  25.3
160220260108  0.338  9.6  196.5  14.2  0.66  359.7  25.3
160220260109  0.338  9.6  195.8  14.2  0.60  350.8  25.3
160220260110  0.338  9.5  195.9  13.0  0.54  1.1  25.3
160220260111  0.336  9.6  195.0  13.0  0.49  358.7  25.3
160220260112  0.337  9.8  195.3  13.0  0.51  357.9  25.3
160220260113  0.337  10.0  194.7  13.0  0.59  359.0  25.3
160220260114  0.337  10.0  194.3  14.0  0.53  3.0  25.3
160220260115  0.337  10.0  194.5  14.0  0.58  358.3  25.3
160220260116  0.338  10.2  195.6  14.6  0.52  355.2  25.3
160220260117  0.338  10.6  195.6  15.2  0.62  0.4  25.3
160220260118  0.338  10.8  195.8  15.2  0.50  358.9  25.3
160220260119  0.338  10.9  194.9  15.2  0.46  357.9  25.3
160220260120  0.339  11.0  194.8  15.2  0.57  355.0  25.3
160220260121  0.339  11.1  196.3  15.2  0.54  359.3  25.3
160220260122  0.339  11.1  196.7  15.2  0.57  358.2  25.3
160220260123  0.339  11.1  196.8  15.2  0.39  1.4  25.3
160220260124  0.338  10.8  195.2  15.2  0.41  353.6  25.3
160220260125  0.338  10.8  194.8  15.2  0.42  1.5  25.3
160220260126  0.338  10.6  193.8  15.2  0.37  349.8  25.3
160220260127  0.339  10.5  193.6  14.9  0.50  1.7  25.3
160220260128  0.339  10.3  193.0  14.9  0.52  358.5  25.3
160220260129  0.339  10.2  193.4  14.3  0.57  4.1  25.3
160220260130  0.339  10.2  193.9  14.7  0.50  2.2  25.3
160220260131  0.339  10.4  192.2  14.7  0.44  4.9  25.3
160220260132  0.339  10.2  191.4  14.7  0.54  358.2  25.3
160220260133  0.338  10.1  191.0  14.7  0.49  4.5  25.3
160220260134  0.339  10.2  192.6  14.7  0.47  3.8  25.3
160220260135  0.339  10.3  193.6  14.7  0.46  0.5  25.3
160220260136  0.340  10.2  194.4  14.7  0.30  1.6  25.3
160220260137  0.342  10.1  194.0  14.7  0.50  358.6  25.3
160220260138  0.342  10.2  194.0  14.7  0.40  358.6  25.3
160220260139  0.342  10.0  193.2  14.7  0.40  1.9  25.3
160220260140  0.343  9.9  192.8  14.2  0.33  348.6  25.3
160220260141  0.344  9.9  194.1  13.7  0.39  2.9  25.3
160220260142  0.347  10.0  194.9  13.7  0.36  6.3  25.3
160220260143  0.349  10.2  195.9  14.1  0.32  2.4  25.3
160220260144  0.351  10.4  195.7  14.1  0.27  358.4  25.3
160220260145  0.351  10.4  195.0  14.1  0.30  5.5  25.3
160220260146  0.353  10.5  194.0  14.1  0.36  6.0  25.3
160220260147  0.354  10.4  193.6  14.1  0.22  357.7  25.3
160220260148  0.356  10.4  193.6  14.1  0.38  351.9  25.3
160220260149  0.358  10.5  194.5  14.1  0.29  0.8  25.3
160220260150  0.361  10.6  194.5  14.1  0.31  355.3  25.3
160220260151  0.362  10.4  194.5  14.1  0.16  3.9  25.3
160220260152  0.364  10.3  194.4  14.1  0.22  3.8  25.3
160220260153  0.366  10.3  193.7  13.7  0.17  346.7  25.3
160220260154  0.369  10.1  193.6  13.2  0.28  6.8  25.3
160220260155  0.371  10.1  193.0  13.2  0.40  3.3  25.3
160220260156  0.373  9.9  193.4  13.8  0.25  354.1  25.3
160220260157  0.375  9.8  193.9  13.8  0.20  354.5  25.3
160220260158  0.377  9.7  193.8  13.8  0.20  351.2  25.3
160220260159  0.380  9.5  193.5  13.8  0.26  344.4  25.3
160220260200  0.382  9.7  194.0  13.8  0.17  357.9  25.3
160220260201  0.385  9.7  193.1  13.8  0.16  340.9  25.3
160220260202  0.387  9.8  192.2  13.8  0.27  348.6  25.3
160220260203  0.390  9.5  192.2  13.8  0.10  329.8  25.3
160220260204  0.392  9.3  192.4  13.8  0.28  350.8  25.3
160220260205  0.396  9.3  193.1  13.8  0.15  315.3  25.3
160220260206  0.400  9.5  192.8  13.6  0.14  333.4  25.3
160220260207  0.403  9.9  192.2  13.6  0.29  344.3  25.3
160220260208  0.407  10.0  192.6  13.6  0.11  285.1  25.3
160220260209  0.410  10.0  193.1  13.6  0.20  340.0  25.3
160220260210  0.414  10.3  192.4  14.7  0.16  331.6  25.3
160220260211  0.417  10.3  192.4  14.7  0.13  330.0  25.3
160220260212  0.421  10.6  192.9  15.9  0.18  311.1  25.2
160220260213  0.424  10.9  192.9  15.9  0.15  321.9  25.2
160220260214  0.427  11.5  192.8  15.9  0.22  325.7  25.2
160220260215  0.431  11.8  192.1  15.9  0.32  335.6  25.3
160220260216  0.436  11.9  191.3  15.9  0.27  357.2  25.3
160220260217  0.440  12.0  191.3  16.2  0.24  345.8  25.3
160220260218  0.445  12.2  190.7  16.2  0.24  337.7  25.2
160220260219  0.449  12.3  189.6  16.2  0.29  5.0  25.2
160220260220  0.452  12.3  189.6  16.2  0.15  158.9  25.2
160220260221  0.457  12.6  189.7  17.0  0.17  157.4  25.2
160220260222  0.460  12.9  189.1  18.7  0.13  148.0  25.2
160220260223  0.464  13.1  188.8  18.7  0.20  190.0  25.2
160220260224  0.466  12.9  188.5  18.7  0.23  213.8  25.2
160220260225  0.471  13.1  189.2  18.7  0.22  182.9  25.2
160220260226  0.474  13.2  189.7  18.8  0.24  184.9  25.2
160220260227  0.476  13.0  188.8  18.8  0.24  201.5  25.2
160220260228  0.480  12.9  188.7  18.8  0.37  199.4  25.2
160220260229  0.483  12.7  188.9  18.8  0.31  194.3  25.2
160220260230  0.487  12.3  188.5  18.8  0.45  186.0  25.2
160220260231  0.490  12.0  188.6  18.8  0.42  191.6  25.2
160220260232  0.492  11.5  189.6  18.8  0.30  190.0  25.2
160220260233  0.494  11.3  189.2  18.8  0.25  192.2  25.2
160220260234  0.496  11.1  189.2  18.8  0.34  186.8  25.2
160220260235  0.499  10.4  187.5  18.8  0.29  189.6  25.2
160220260236  0.502  10.0  186.8  14.5  0.34  184.1  25.2
160220260237  0.505  9.8  188.7  14.5  0.36  184.4  25.2
160220260238  0.507  10.1  189.0  15.8  0.29  188.5  25.2
160220260239  0.511  10.6  190.1  15.9  0.35  195.8  25.2
160220260240  0.513  11.1  190.8  16.3  0.21  197.5  25.2
160220260241  0.518  11.2  190.6  16.7  0.20  181.0  25.2
160220260242  0.520  11.4  189.8  16.7  0.37  190.9  25.2
160220260243  0.521  11.6  190.1  16.7  0.38  180.3  25.2
160220260244  0.523  11.7  190.5  16.7  0.28  175.5  25.2
160220260245  0.525  12.2  190.8  16.7  0.36  189.4  25.2
160220260246  0.527  12.5  190.6  16.7  0.41  187.0  25.2
160220260247  0.530  12.5  190.0  16.7  0.42  195.3  25.2
160220260248  0.533  12.3  189.9  16.7  0.38  185.9  25.2
160220260249  0.536  12.2  189.8  16.7  0.44  186.5  25.2
160220260250  0.538  12.2  190.1  16.7  0.39  179.6  25.2
160220260251  0.543  12.1  190.9  15.5  0.45  185.1  25.2
160220260252  0.547  12.0  190.9  15.5  0.37  175.2  25.2
160220260253  0.551  11.8  191.3  15.5  0.39  182.0  25.2
160220260254  0.555  11.7  191.3  15.5  0.31  190.7  25.2
160220260255  0.558  11.5  191.6  15.5  0.33  188.0  25.2
160220260256  0.560  11.6  193.5  17.6  0.41  190.3  25.2
160220260257  0.562  11.7  193.3  17.6  0.24  188.6  25.2
160220260258  0.564  11.7  194.3  17.6  0.42  183.8  25.2
160220260259  0.567  11.7  193.5  17.6  0.41  185.1  25.2
160220260300  0.571  11.3  193.1  17.6  0.45  191.5  25.2
160220260301  0.575  11.2  192.9  17.6  0.33  178.5  25.2
160220260302  0.578  11.2  192.7  17.6  0.44  185.9  25.2
160220260303  0.580  11.2  192.2  17.6  0.35  183.4  25.2
160220260304  0.583  11.3  192.3  17.6  0.43  185.6  25.2
160220260305  0.585  11.4  192.6  17.6  0.42  187.9  25.2
160220260306  0.588  11.1  191.6  14.8  0.41  183.2  25.2
160220260307  0.593  11.1  193.1  14.8  0.33  183.3  25.2
160220260308  0.597  11.1  192.9  14.8  0.49  191.8  25.2
160220260309  0.602  10.9  193.5  14.8  0.46  187.3  25.2
160220260310  0.607  11.1  193.7  14.8  0.52  182.0  25.2
160220260311  0.611  11.0  193.2  14.8  0.48  180.3  25.2
160220260312  0.614  11.1  194.2  14.8  0.39  176.0  25.2
160220260313  0.619  11.4  195.5  14.9  0.52  190.0  25.2
160220260314  0.624  11.1  195.2  14.9  0.52  186.1  25.2
160220260315  0.630  10.9  194.6  14.9  0.41  176.7  25.2
160220260316  0.633  10.8  194.8  14.9  0.40  179.3  25.2
160220260317  0.638  10.8  194.0  14.9  0.54  178.6  25.2
160220260318  0.643  10.8  193.6  14.9  0.45  172.9  25.2
160220260319  0.648  10.6  193.8  14.9  0.48  181.4  25.2
160220260320  0.654  10.5  194.0  14.9  0.44  172.1  25.2
160220260321  0.660  10.7  194.7  14.9  0.45  179.0  25.2
160220260322  0.666  10.8  194.8  14.9  0.76  178.7  25.2
160220260323  0.672  10.6  194.4  14.8  0.68  171.3  25.2
160220260324  0.679  10.8  195.0  14.8  0.67  174.9  25.2
160220260325  0.686  11.0  195.7  14.8  0.63  177.4  25.2
160220260326  0.693  11.4  196.5  15.8  0.82  177.1  25.2
160220260327  0.700  11.5  196.7  15.8  0.94  175.8  25.2
160220260328  0.706  11.6  196.9  15.8  0.91  172.1  25.2
160220260329  0.714  11.8  197.0  15.8  1.06  172.1  25.2
160220260330  0.719  11.7  197.3  15.8  0.94  173.5  25.2
160220260331  0.726  11.4  196.9  15.8  1.00  169.1  25.2
160220260332  0.733  11.3  196.6  15.8  0.92  165.6  25.2
160220260333  0.739  11.3  196.1  16.0  1.03  170.0  25.2
160220260334  0.744  11.4  196.3  16.0  1.09  170.0  25.2
160220260335  0.749  11.6  196.7  16.0  1.06  170.3  25.2
160220260336  0.755  11.5  195.6  16.0  1.06  170.0  25.2
160220260337  0.759  11.5  196.1  16.0  1.05  168.4  25.2
160220260338  0.764  11.5  196.1  16.0  1.01  166.0  25.2
160220260339  0.769  11.4  195.8  16.0  1.01  165.3  25.2
160220260340  0.775  11.5  195.6  16.0  1.03  169.4  25.2
160220260341  0.780  11.7  195.9  16.0  1.08  170.4  25.2
160220260342  0.786  11.7  196.0  16.0  1.13  171.8  25.2
160220260343  0.791  11.7  196.5  15.3  1.06  171.8  25.2
160220260344  0.798  11.4  196.2  15.3  0.99  169.9  25.1
160220260345  0.803  11.4  196.0  15.0  0.98  170.3  25.1
160220260346  0.808  11.4  196.8  16.1  1.05  170.1  25.1
160220260347  0.813  11.3  196.9  16.1  1.01  170.5  25.1
160220260348  0.820  11.2  197.4  16.1  1.01  173.3  25.1
160220260349  0.824  11.3  198.3  16.1  0.97  170.4  25.0
160220260350  0.828  11.5  198.6  16.1  0.91  169.8  25.0
160220260351  0.834  11.3  198.3  16.1  0.87  170.0  25.0
160220260352  0.838  11.4  198.9  16.1  1.07  166.8  25.0
160220260353  0.842  11.2  198.5  16.1  1.07  169.1  25.0
160220260354  0.847  11.2  198.7  16.1  1.12  169.7  25.0
160220260355  0.853  10.9  198.3  16.1  1.09  168.4  25.0
160220260356  0.858  10.6  198.2  16.0  1.01  167.0  25.0
160220260357  0.862  10.4  197.7  16.0  1.04  168.2  25.0
160220260358  0.867  10.5  197.0  16.0  1.00  169.7  25.0
160220260359  0.871  10.4  196.0  16.0  1.24  168.5  25.0
160220260400  0.878  10.1  195.8  13.1  1.16  172.8  25.0
160220260401  0.883  9.9  195.6  13.1  1.09  168.9  25.0
160220260402  0.890  9.8  194.2  13.1  1.17  170.1  25.0
160220260403  0.896  9.9  194.7  15.8  1.12  169.2  25.0
160220260404  0.902  9.9  195.0  15.8  1.22  168.4  25.0
160220260405  0.907  10.0  196.3  15.8  1.19  166.8  25.0
160220260406  0.914  10.1  195.5  15.8  1.27  170.0  25.0
160220260407  0.918  10.2  195.6  15.8  1.22  169.6  25.0
160220260408  0.922  10.1  195.9  15.8  1.21  167.9  24.9
160220260409  0.927  10.0  196.2  15.8  1.32  169.8  25.0
160220260410  0.930  10.2  195.6  15.8  1.32  170.6  24.9
160220260411  0.933  10.4  196.9  15.8  1.27  169.8  25.0
160220260412  0.936  10.4  196.5  15.8  1.28  171.7  25.0
160220260413  0.941  10.2  195.8  14.4  1.22  171.7  25.0
160220260414  0.945  10.3  195.2  14.4  1.06  176.7  25.0
160220260415  0.950  10.3  193.8  14.4  1.30  177.6  25.0
160220260416  0.955  10.3  193.4  14.4  1.20  179.8  25.0
160220260417  0.958  10.3  193.4  14.4  1.08  181.5  25.0
160220260418  0.963  10.6  193.7  16.8  0.97  185.4  25.0
160220260419  0.969  11.0  192.7  16.8  1.01  177.5  25.0
160220260420  0.975  11.2  191.5  16.8  0.96  174.2  25.0
160220260421  0.980  11.0  190.2  16.8  1.00  174.5  25.0
160220260422  0.986  11.2  190.9  16.8  0.98  172.4  25.0
160220260423  0.989  11.3  190.3  16.8  1.02  174.7  25.0
160220260424  0.994  11.2  189.9  16.8  0.94  179.1  25.0
160220260425  1.000  11.4  189.8  17.4  0.99  181.5  25.1
160220260426  1.005  11.2  190.4  17.4  0.93  180.8  25.1
160220260427  1.010  11.1  190.3  17.4  0.87  180.0  25.1
160220260428  1.014  10.5  190.0  17.4  0.91  179.7  25.1
160220260429  1.021  10.1  190.8  17.4  0.97  185.2  25.1
160220260430  1.025  9.6  192.1  17.4  0.89  179.3  25.1
160220260431  1.031  9.7  192.6  17.4  0.83  182.7  25.1
160220260432  1.035  9.7  192.4  17.4  0.93  184.4  25.1
160220260433  1.040  9.7  193.1  17.4  0.87  182.0  25.1
160220260434  1.045  9.8  193.6  17.4  0.86  179.7  25.1
160220260435  1.051  9.6  193.6  14.0  0.81  177.6  25.1
160220260436  1.057  9.8  193.3  14.0  0.80  178.3  25.1
160220260437  1.063  10.2  193.0  14.0  0.85  178.5  25.1
160220260438  1.070  10.3  192.7  14.0  0.81  174.9  25.1
160220260439  1.075  10.7  192.5  14.5  0.90  177.3  25.1
160220260440  1.081  10.9  193.0  14.5  0.86  178.9  25.1
160220260441  1.086  10.7  193.4  14.5  0.79  179.4  25.1
160220260442  1.092  10.6  192.6  14.5  0.89  175.1  25.1
160220260443  1.098  10.7  193.2  14.7  0.83  176.5  25.1
160220260444  1.103  10.8  191.6  14.7  0.79  176.4  25.1
160220260445  1.108  10.7  192.4  14.7  0.94  173.7  25.1
160220260446  1.113  10.7  193.4  14.7  0.90  176.3  25.1
160220260447  1.117  10.6  194.3  14.7  0.89  172.6  25.1
160220260448  1.123  10.7  194.7  14.7  0.95  175.6  25.1
160220260449  1.130  10.5  194.4  14.7  1.06  175.4  25.1
160220260450  1.137  10.6  195.4  14.7  1.04  175.9  25.1
160220260451  1.142  10.7  194.6  14.7  0.98  173.0  25.1
160220260452  1.147  10.6  195.3  14.7  1.11  176.4  25.1
160220260453  1.152  10.5  195.3  13.9  1.09  176.0  25.1
160220260454  1.158  10.4  197.2  13.9  1.18  175.1  25.1
160220260455  1.164  10.3  196.5  13.9  1.15  176.2  25.1
160220260456  1.169  10.1  195.6  13.9  1.28  177.0  25.0
160220260457  1.175  9.9  194.8  13.9  1.25  175.6  25.0
160220260458  1.179  9.9  194.1  13.9  1.23  174.7  25.0
160220260459  1.186  9.9  194.9  13.9  1.27  177.7  25.0
160220260500  1.193  9.7  193.6  13.4  1.17  176.1  25.0
160220260501  1.199  9.6  194.2  13.4  1.28  178.7  25.0
160220260502  1.203  9.6  194.8  13.4  1.22  176.0  25.0
160220260503  1.208  9.5  195.1  13.4  1.29  172.5  24.9
160220260504  1.213  9.5  195.2  13.4  1.28  172.4  24.9
160220260505  1.218  9.6  195.9  13.4  1.41  173.6  24.9
160220260506  1.223  9.8  197.5  13.4  1.28  171.6  24.9
160220260507  1.229  9.9  197.3  13.4  1.15  172.3  24.9
160220260508  1.235  9.7  197.8  13.4  1.30  173.6  24.9
160220260509  1.242  9.9  198.5  13.4  1.24  174.0  24.9
160220260510  1.248  9.8  198.1  13.4  1.24  174.7  24.8
160220260511  1.254  10.2  197.6  13.4  1.05  170.5  24.8
160220260512  1.260  10.3  197.1  13.4  1.03  169.9  24.8
160220260513  1.265  10.4  196.4  13.4  1.06  171.4  24.8
160220260514  1.271  10.3  196.3  13.4  0.89  169.3  24.8
160220260515  1.276  10.1  195.9  13.3  0.99  173.5  24.8
160220260516  1.282  10.1  194.3  12.8  0.81  170.0  24.8
160220260517  1.287  10.1  194.2  13.1  0.93  173.8  24.8
160220260518  1.294  10.1  193.9  13.1  0.90  174.9  24.8
160220260519  1.300  10.0  192.7  13.1  0.86  171.1  24.8
160220260520  1.304  10.3  192.2  14.3  0.73  172.4  24.8
160220260521  1.309  10.4  191.9  15.1  0.70  175.6  24.8
160220260522  1.315  10.7  192.0  15.5  0.72  173.2  24.8
160220260523  1.320  10.8  191.9  15.5  0.78  178.7  24.8
160220260524  1.325  10.8  191.7  15.5  0.90  175.4  24.8
160220260525  1.329  10.8  191.8  15.5  0.90  175.4  24.8
160220260526  1.333  10.9  191.7  15.5  0.65  179.3  24.7
160220260527  1.337  11.1  192.5  15.5  0.72  177.5  24.8
160220260528  1.342  11.2  192.2  15.5  0.91  178.6  24.8
160220260529  1.347  11.2  192.4  15.5  0.89  175.1  24.8
160220260530  1.352  11.1  192.2  15.5  0.84  179.7  24.8
160220260531  1.355  10.6  192.1  15.5  0.99  175.6  24.7
160220260532  1.361  10.4  192.3  14.9  1.06  178.4  24.7
160220260533  1.364  10.4  191.9  15.7  0.93  175.1  24.8
160220260534  1.369  10.4  191.0  15.7  1.00  178.7  24.8
160220260535  1.373  10.8  190.8  15.7  0.94  182.1  24.8
160220260536  1.376  10.7  190.7  15.7  0.94  177.9  24.8
160220260537  1.382  10.9  189.4  16.9  0.86  177.9  24.8
160220260538  1.387  11.0  188.5  16.9  0.77  175.2  24.8
160220260539  1.392  10.9  187.6  16.9  0.98  181.8  24.8
160220260540  1.396  10.8  189.2  16.9  1.03  178.2  24.7
160220260541  1.401  11.1  189.3  16.9  1.08  179.0  24.7
160220260542  1.406  11.6  189.5  17.3  0.84  178.7  24.7
160220260543  1.412  11.7  189.1  17.3  0.65  179.1  24.7
160220260544  1.417  12.0  189.5  17.4  0.84  180.0  24.7
160220260545  1.423  11.9  189.1  17.4  0.72  187.7  24.7
160220260546  1.428  11.8  190.0  17.4  0.44  187.2  24.7
160220260547  1.433  11.6  190.8  17.4  0.52  185.7  24.7
160220260548  1.439  11.7  192.5  17.4  0.51  190.7  24.7
160220260549  1.444  12.0  192.9  17.4  0.47  187.2  24.7
160220260550  1.448  12.2  191.7  17.4  0.39  188.3  24.7
160220260551  1.454  12.1  191.0  17.4  0.42  183.8  24.7
160220260552  1.458  11.8  190.8  17.4  0.37  186.3  24.7
160220260553  1.465  11.8  191.9  17.4  0.26  186.2  24.7
160220260554  1.470  11.4  191.7  15.7  0.48  194.4  24.7
160220260555  1.475  11.4  192.6  15.7  0.44  198.8  24.7
160220260556  1.481  11.5  191.2  15.7  0.35  199.7  24.7
160220260557  1.486  11.6  189.8  15.7  0.31  214.3  24.7
160220260558  1.491  11.2  188.8  15.7  0.43  195.7  24.7
160220260559  1.496  10.9  188.7  15.0  0.26  201.1  24.7
160220260600  1.500  10.8  188.5  14.8  0.50  192.2  24.7
160220260601  1.502  10.4  187.6  14.8  0.48  185.8  24.7
160220260602  1.506  10.0  187.8  14.8  0.51  191.5  24.7
160220260603  1.511  9.7  188.0  13.8  0.17  181.0  24.7
160220260604  1.515  9.7  188.9  13.8  0.40  190.8  24.8
160220260605  1.518  9.7  189.1  13.8  0.41  188.1  24.8
160220260606  1.522  9.4  189.6  13.8  0.50  193.1  24.8
160220260607  1.524  9.2  191.3  13.8  0.37  196.7  24.8
160220260608  1.527  9.1  191.9  13.8  0.46  201.7  24.7
160220260609  1.530  9.0  191.9  13.8  0.34  212.9  24.7
160220260610  1.533  8.8  191.6  13.1  0.34  174.8  24.7
160220260611  1.537  9.0  192.8  13.1  0.32  158.5  24.7
160220260612  1.539  8.9  190.8  13.1  0.40  179.0  24.7
160220260613  1.543  8.7  189.2  13.1  0.46  190.0  24.7
160220260614  1.546  8.4  186.1  13.1  0.30  168.5  24.7
160220260615  1.550  7.9  184.2  12.0  0.34  170.0  24.7
160220260616  1.553  7.6  183.1  11.1  0.40  179.7  24.7
160220260617  1.557  7.2  182.6  11.1  0.46  184.9  24.7
160220260618  1.562  7.1  181.9  11.1  0.57  186.7  24.7
160220260619  1.564  6.9  180.3  11.1  0.47  190.7  24.7
160220260620  1.568  6.3  179.6  10.3  0.47  195.0  24.7
160220260621  1.572  5.8  179.5  10.0  0.65  191.9  24.7
160220260622  1.576  5.6  181.9  10.0  0.72  192.9  24.7
160220260623  1.579  5.6  181.9  10.0  0.55  189.2  24.7
160220260624  1.582  5.7  185.0  9.4  0.54  190.0  24.7
160220260625  1.586  6.1  186.1  12.7  0.55  182.9  24.7
160220260626  1.591  6.5  186.1  12.7  0.46  185.4  24.7
160220260627  1.594  6.6  185.3  12.7  0.50  178.0  24.7
160220260628  1.598  6.7  186.3  12.7  0.44  181.2  24.7
160220260629  1.602  6.8  187.5  12.7  0.66  172.9  24.7
160220260630  1.605  7.1  189.0  12.7  0.80  177.8  24.7
160220260631  1.607  7.5  188.4  12.7  0.84  189.7  24.7
160220260632  1.610  7.5  187.5  12.7  0.70  195.6  24.7
160220260633  1.614  7.4  189.0  12.7  0.88  190.9  24.7
160220260634  1.616  7.5  190.6  12.7  0.79  182.1  24.7
160220260635  1.620  7.2  188.9  12.3  0.75  178.6  24.7
160220260636  1.623  6.7  189.0  11.9  0.81  184.9  24.7
160220260637  1.626  6.9  189.8  11.9  0.85  181.3  24.7
160220260638  1.628  6.8  187.5  11.5  0.84  177.9  24.7
160220260639  1.630  6.9  187.4  11.5  0.98  182.5  24.7
160220260640  1.632  6.8  186.6  11.5  0.82  175.2  24.7
160220260641  1.635  6.7  187.4  11.5  0.79  176.8  24.7
160220260642  1.637  6.7  187.3  11.5  0.96  181.2  24.7
160220260643  1.640  6.9  186.3  11.5  0.95  180.8  24.7
160220260644  1.642  7.0  185.5  11.5  0.69  192.4  24.7
160220260645  1.646  7.4  185.9  11.5  0.70  190.9  24.7
160220260646  1.649  7.8  186.7  11.5  0.94  177.9  24.7
160220260647  1.652  7.9  186.6  13.1  0.76  175.6  24.7
160220260648  1.654  7.9  186.8  13.1  0.79  182.2  24.7
160220260649  1.657  8.0  186.4  13.1  0.39  202.0  24.7
160220260650  1.660  8.3  186.3  13.1  0.41  187.3  24.7
160220260651  1.662  8.7  187.7  13.9  0.86  181.6  24.7
160220260652  1.665  8.9  187.7  13.9  0.93  180.6  24.7
160220260653  1.668  9.1  188.4  13.9  0.87  182.1  24.7
160220260654  1.671  9.4  188.2  14.6  0.90  179.8  24.7
160220260655  1.674  9.5  188.3  16.5  0.62  192.7  24.7
160220260656  1.676  9.9  189.9  16.5  0.67  178.0  24.7
160220260657  1.680  9.9  190.5  16.5  0.61  179.1  24.7
160220260658  1.682  10.1  192.0  16.5  0.91  182.6  24.7
160220260659  1.685  10.6  193.4  16.5  1.04  184.5  24.7
160220260700  1.688  11.2  193.6  17.1  0.89  180.8  24.7
160220260701  1.690  11.5  192.3  17.1  0.68  193.8  24.7
160220260702  1.693  11.7  192.7  17.1  0.86  186.2  24.7
160220260703  1.695  11.7  192.0  17.1  0.76  188.7  24.7
160220260704  1.697  11.8  192.0  17.1  0.79  174.7  24.7
160220260705  1.701  11.8  191.1  17.1  0.82  183.9  24.7
160220260706  1.704  11.4  190.3  17.1  0.85  184.4  24.7
160220260707  1.706  11.4  188.7  17.1  1.00  181.5  24.7
160220260708  1.708  11.3  187.9  17.1  0.83  175.6  24.7
160220260709  1.711  11.0  187.2  17.1  0.86  179.4  24.7
160220260710  1.714  10.7  187.3  15.1  0.98  181.6  24.7
160220260711  1.716  10.5  187.8  15.1  0.62  184.9  24.6
160220260712  1.718  10.5  187.2  15.1  0.94  178.4  24.6
160220260713  1.721  10.4  187.1  15.0  0.64  182.3  24.7
160220260714  1.724  10.5  186.1  15.5  0.79  171.6  24.7
160220260715  1.726  10.6  187.1  15.5  0.44  181.5  24.6
160220260716  1.728  10.8  187.6  15.5  0.68  165.6  24.7
160220260717  1.730  10.8  188.4  15.5  0.67  161.4  24.7
160220260718  1.731  11.2  189.3  17.7  0.62  160.9  24.7
160220260719  1.734  11.5  188.1  17.7  0.70  174.2  24.7
160220260720  1.736  11.5  187.7  17.7  0.83  173.3  24.7
160220260721  1.738  11.5  187.2  17.7  0.79  173.2  24.7
160220260722  1.740  11.8  186.7  17.7  0.78  167.3  24.7
160220260723  1.743  12.1  187.3  17.7  0.90  170.1  24.7
160220260724  1.745  11.8  187.7  17.7  0.83  177.0  24.7
160220260725  1.747  11.5  187.6  17.7  0.83  171.7  24.7
160220260726  1.749  11.6  187.2  17.7  0.91  171.4  24.7
160220260727  1.751  11.8  187.4  17.7  0.80  176.8  24.7
160220260728  1.753  11.7  186.5  16.3  0.62  171.0  24.7
160220260729  1.754  11.6  187.4  16.3  0.66  171.6  24.7
160220260730  1.755  11.7  187.1  16.3  0.78  174.5  24.7
160220260731  1.756  11.7  187.7  16.3  0.64  171.5  24.7
160220260732  1.756  11.6  189.8  15.8  0.86  175.6  24.7
160220260733  1.758  11.3  189.8  15.8  0.66  175.9  24.7
160220260734  1.759  11.5  189.6  15.8  0.64  177.1  24.7
160220260735  1.760  11.7  189.9  15.8  0.69  170.3  24.7
160220260736  1.761  11.8  189.1  16.2  0.65  168.2  24.7
160220260737  1.762  11.8  188.2  16.2  0.57  175.6  24.7
160220260738  1.763  11.8  187.6  16.2  0.63  173.1  24.7
160220260739  1.763  11.7  187.4  16.2  0.58  165.7  24.7
160220260740  1.763  11.6  187.8  16.2  0.55  171.1  24.7
160220260741  1.765  11.5  187.6  16.2  0.60  164.2  24.7
160220260742  1.766  11.4  187.5  16.2  0.66  171.9  24.7
160220260743  1.765  11.5  187.6  16.2  0.68  172.0  24.7
160220260744  1.765  11.5  186.6  16.2  0.49  169.6  24.7
160220260745  1.766  11.6  186.6  16.2  0.70  175.5  24.7
160220260746  1.766  11.3  188.4  16.0  0.63  170.8  24.7
160220260747  1.766  11.4  189.1  16.0  0.66  173.4  24.7
160220260748  1.767  11.3  190.2  16.0  0.62  174.5  24.7
160220260749  1.767  11.3  190.2  16.0  0.54  171.2  24.7
160220260750  1.767  11.4  190.0  16.0  0.47  174.4  24.7
160220260751  1.766  11.8  191.1  17.6  0.51  170.2  24.7
160220260752  1.766  12.0  189.5  17.6  0.67  178.4  24.7
160220260753  1.766  12.3  189.4  17.6  0.72  175.4  24.7
160220260754  1.766  12.2  190.6  17.6  0.54  172.9  24.7
160220260755  1.765  12.4  189.7  19.9  0.58  172.2  24.7
160220260756  1.764  12.4  187.2  19.9  0.50  171.1  24.7
160220260757  1.761  12.2  186.4  19.9  0.43  162.3  24.7
160220260758  1.760  12.3  185.6  19.9  0.51  169.0  24.7
160220260759  1.757  12.3  185.9  19.9  0.43  163.8  24.7
160220260800  1.757  12.4  186.1  19.9  0.41  157.1  24.7
160220260801  1.757  12.0  185.0  19.9  0.49  170.1  24.7
160220260802  1.756  11.7  185.7  19.9  0.51  174.5  24.7
160220260803  1.754  11.5  185.2  19.9  0.54  166.6  24.7
160220260804  1.753  11.7  186.4  19.9  0.40  165.3  24.7
160220260805  1.752  11.5  188.1  17.0  0.51  172.9  24.7
160220260806  1.750  11.6  189.9  17.0  0.50  174.8  24.7
160220260807  1.750  11.7  191.5  17.0  0.48  173.1  24.7
160220260808  1.748  11.4  192.8  17.0  0.47  171.1  24.7
160220260809  1.748  11.6  192.4  17.0  0.54  177.6  24.7
160220260810  1.748  11.6  192.4  17.0  0.50  184.0  24.7
160220260811  1.747  12.0  192.2  18.4  0.68  181.1  24.7
160220260812  1.746  12.4  191.9  18.4  0.47  172.8  24.7
160220260813  1.744  12.2  191.6  18.4  0.47  180.1  24.7
160220260814  1.744  12.2  191.3  18.4  0.42  182.1  24.7
160220260815  1.745  12.4  191.2  19.5  0.46  177.0  24.7
160220260816  1.744  12.6  191.4  19.5  0.51  186.5  24.7
160220260817  1.743  12.9  191.5  19.5  0.55  179.4  24.7
160220260818  1.743  13.1  191.5  19.5  0.55  179.4  24.7
160220260819  1.741  13.1  191.5  19.5  0.52  173.3  24.7
160220260820  1.741  13.1  191.3  19.5  0.51  176.3  24.7
160220260821  1.741  12.6  190.8  19.5  0.51  176.4  24.7
160220260822  1.741  12.2  190.1  19.5  0.47  173.1  24.7
160220260823  1.740  12.3  190.7  19.5  0.62  173.0  24.7
160220260824  1.738  11.8  189.6  19.5  0.54  177.4  24.7
160220260825  1.737  11.5  189.2  17.7  0.64  175.4  24.7
160220260826  1.733  11.5  188.8  20.4  0.47  169.3  24.7
160220260827  1.733  11.7  189.9  20.4  0.55  171.4  24.7
160220260828  1.733  11.9  189.7  20.4  0.45  169.6  24.7
160220260829  1.732  11.9  190.3  20.4  0.60  176.8  24.7
160220260830  1.729  12.1  191.5  20.4  0.49  167.9  24.7
160220260831  1.727  11.9  192.5  20.4  0.49  174.0  24.7
160220260832  1.724  11.7  192.6  20.4  0.49  171.2  24.7
160220260833  1.722  11.0  190.5  20.4  0.40  161.0  24.7
160220260834  1.720  10.9  190.3  20.4  0.38  167.2  24.7
160220260835  1.718  10.3  189.5  20.4  0.36  176.2  24.7
160220260836  1.716  9.8  186.1  19.3  0.45  172.8  24.7
160220260837  1.713  8.8  182.3  18.2  0.41  165.2  24.7
160220260838  1.710  8.1  180.5  15.4  0.36  172.2  24.7
160220260839  1.708  7.6  177.3  15.4  0.48  174.1  24.7
160220260840  1.708  7.2  171.2  14.1  0.34  166.2  24.7
160220260841  1.707  7.2  168.3  14.1  0.50  164.9  24.7
160220260842  1.706  7.4  169.1  14.1  0.37  169.1  24.7
160220260843  1.704  7.7  173.9  14.1  0.48  172.5  24.7
160220260844  1.701  8.4  174.9  16.6  0.56  174.4  24.7
160220260845  1.701  8.5  175.8  16.6  0.43  164.4  24.7
160220260846  1.701  8.5  178.5  16.6  0.39  172.1  24.7
160220260847  1.700  9.1  180.3  16.6  0.39  170.2  24.7
160220260848  1.697  9.4  180.4  16.6  0.44  168.2  24.7
160220260849  1.696  9.4  181.4  16.6  0.44  166.4  24.7
160220260850  1.694  9.5  183.9  16.6  0.32  157.3  24.7
160220260851  1.695  9.9  184.7  17.0  0.35  170.1  24.7
160220260852  1.694  9.3  181.8  17.0  0.32  171.1  24.7
160220260853  1.692  9.4  178.8  17.0  0.25  177.9  24.7
160220260854  1.688  8.5  178.0  17.0  0.29  160.8  24.7
160220260855  1.683  8.4  177.0  17.0  0.25  160.8  24.7
160220260856  1.681  8.0  176.3  17.0  0.24  161.1  24.7
160220260857  1.678  7.8  176.1  17.0  0.26  160.7  24.7
160220260858  1.676  7.8  175.0  17.0  0.40  165.8  24.7
160220260859  1.673  8.1  175.9  17.0  0.24  156.4  24.7
160220260900  1.670  7.8  172.6  17.0  0.26  165.1  24.7
160220260901  1.668  7.5  170.8  13.9  0.22  159.0  24.7
160220260902  1.665  8.0  176.0  17.0  0.12  154.5  24.7
160220260903  1.662  7.6  176.6  17.0  0.25  163.4  24.7
160220260904  1.660  8.4  177.8  17.0  0.15  140.7  24.7
160220260905  1.657  9.0  179.4  17.6  0.23  165.0  24.7
160220260906  1.654  9.5  180.4  17.6  0.11  148.6  24.7
160220260907  1.651  9.5  178.7  17.6  0.13  125.1  24.7
160220260908  1.649  9.5  179.2  17.6  0.20  164.2  24.7
160220260909  1.647  9.2  178.6  17.6  0.05  75.4  24.7
160220260910  1.646  9.8  181.5  17.6  0.15  143.9  24.7
160220260911  1.644  10.0  182.0  17.6  0.26  153.0  24.7
160220260912  1.640  9.9  181.2  17.6  0.17  152.6  24.7
160220260913  1.636  10.0  181.8  17.6  0.13  141.9  24.7
160220260914  1.635  9.5  181.7  17.6  0.29  177.2  24.7
160220260915  1.633  9.2  181.5  16.7  0.24  160.5  24.7
160220260916  1.629  9.0  181.6  16.7  0.18  139.7  24.7
160220260917  1.625  9.0  181.9  16.7  0.11  134.5  24.7
160220260918  1.620  9.4  182.5  21.7  0.17  133.1  24.7
160220260919  1.615  9.6  182.5  21.7  0.07  89.3  24.7
160220260920  1.611  9.7  181.2  21.7  0.13  123.9  24.7
160220260921  1.606  9.7  181.3  21.7  0.13  134.4  24.7
160220260922  1.599  9.7  181.7  21.7  0.06  96.3  24.7
160220260923  1.593  9.9  181.6  21.7  0.14  39.1  24.7
160220260924  1.586  10.2  181.8  21.7  0.11  67.1  24.8
160220260925  1.581  10.3  181.1  21.7  0.08  36.6  24.8
160220260926  1.576  10.2  180.2  21.7  0.04  129.1  24.8
160220260927  1.571  10.2  180.6  21.7  0.13  3.9  24.8
160220260928  1.565  10.1  180.3  18.4  0.04  204.0  24.8
160220260929  1.560  10.0  178.8  18.4  0.17  32.2  24.7
160220260930  1.556  nan  nan  nan  0.05  10.0  24.7
160220260931  1.550  nan  nan  nan  0.05  124.4  24.7
160220260932  1.545  9.8  179.9  17.9  0.08  48.9  24.8
160220260933  1.540  9.5  179.8  17.9  0.11  30.1  24.8
160220260934  1.535  9.3  179.3  16.5  0.15  17.6  24.8
160220260935  1.531  9.3  178.8  16.5  0.21  8.4  24.8
160220260936  1.526  9.5  179.4  16.5  0.10  332.4  24.8
160220260937  1.521  9.6  180.0  16.5  0.11  353.2  24.8
160220260938  1.518  9.6  180.4  16.3  0.19  8.8  24.8
160220260939  1.513  10.2  183.6  19.2  0.14  346.3  24.8
160220260940  1.508  10.7  184.3  19.2  0.24  4.0  24.8
160220260941  1.503  10.7  184.9  19.2  0.15  358.0  24.8
160220260942  1.500  10.5  184.5  19.2  0.13  359.5  24.8
160220260943  1.495  10.4  185.1  19.2  0.18  10.0  24.8
160220260944  1.491  10.5  185.8  19.2  0.23  350.5  24.8
160220260945  1.487  10.0  185.5  19.2  0.17  329.7  24.8
160220260946  1.483  9.6  184.5  19.2  0.15  327.1  24.8
160220260947  1.478  9.6  182.4  19.2  0.15  314.7  24.8
160220260948  1.474  9.5  182.3  19.2  0.26  343.4  24.8
160220260949  1.469  8.8  180.8  15.9  0.19  341.9  24.8
160220260950  1.464  8.2  177.0  15.9  0.17  338.8  24.8
160220260951  1.460  8.2  173.3  15.9  0.28  359.3  24.8
160220260952  1.455  8.0  170.8  15.9  0.27  355.3  24.8
160220260953  1.452  8.2  171.0  15.9  0.19  348.1  24.8
160220260954  1.447  8.1  171.6  15.9  0.23  351.1  24.8
160220260955  1.443  nan  nan  nan  0.30  352.1  24.8
160220260956  1.439  8.1  174.3  15.9  0.19  347.2  24.8
160220260957  1.433  8.1  176.7  13.5  0.24  355.2  24.8
160220260958  1.430  7.8  174.5  13.5  0.18  5.6  24.8
160220260959  1.425  7.6  172.5  13.5  0.25  343.4  24.8
160220261000  1.421  7.6  173.7  13.5  0.21  352.4  24.8
160220261001  1.417  7.2  173.7  12.1  0.28  357.9  24.8
160220261002  1.414  7.0  175.1  12.1  0.15  345.5  24.8
160220261003  1.409  6.8  173.1  12.1  0.13  329.3  24.8
160220261004  1.405  6.6  167.7  12.1  0.15  349.6  24.8
160220261005  1.402  6.4  166.1  12.1  0.28  358.6  24.8
160220261006  1.399  6.6  169.9  14.0  0.31  3.8  24.8
160220261007  1.396  6.2  168.5  14.0  0.32  10.7  24.8
160220261008  1.394  5.9  167.3  14.0  0.25  7.7  24.8
160220261009  1.392  6.1  168.3  14.0  0.30  15.6  24.8
160220261010  1.389  5.9  170.3  14.0  0.44  12.3  24.8
160220261011  1.385  6.3  173.2  14.2  0.40  15.5  24.8
160220261012  1.381  6.4  173.7  14.2  0.53  15.2  24.8
160220261013  1.378  6.8  175.9  14.2  0.49  19.9  24.8
160220261014  1.375  7.4  178.8  15.5  0.47  16.1  24.8
160220261015  1.372  7.7  178.5  15.5  0.48  23.6  24.8
160220261016  1.371  7.4  176.0  15.5  0.47  14.2  24.8
160220261017  1.367  8.1  176.3  18.0  0.50  4.9  24.8
160220261018  1.364  8.8  179.0  18.0  0.52  11.3  24.8
160220261019  1.360  8.9  179.4  18.0  0.45  7.3  24.8
160220261020  1.355  9.1  178.7  18.0  0.55  8.8  24.8
160220261021  1.351  9.3  181.1  18.2  0.55  14.8  24.8
160220261022  1.346  9.4  181.2  18.2  0.69  4.2  24.8
160220261023  1.340  9.2  178.3  18.2  0.32  3.1  24.8
160220261024  1.334  9.1  178.7  18.2  0.54  359.3  24.8
160220261025  1.328  9.2  179.9  18.2  0.50  3.6  24.8
160220261026  1.323  9.8  179.3  18.2  0.57  357.7  24.8
160220261027  1.318  9.2  178.6  18.2  0.62  359.7  24.8
160220261028  1.313  9.2  178.9  18.2  0.68  353.1  24.8
160220261029  1.308  9.4  179.4  18.2  0.64  357.9  24.8
160220261030  1.303  9.6  180.8  18.2  0.61  358.2  24.8
160220261031  1.297  9.3  178.3  18.1  0.56  357.8  24.8
160220261032  1.293  9.6  178.9  18.1  0.46  357.1  24.8
160220261033  1.288  9.8  181.2  18.1  0.60  355.9  24.8
160220261034  1.283  10.2  181.7  18.2  0.53  356.5  24.8
160220261035  1.279  11.0  179.4  21.1  0.68  2.4  24.8
160220261036  1.275  11.0  180.1  21.1  0.65  360.0  24.8
160220261037  1.269  11.4  180.6  21.1  0.53  358.4  24.8
160220261038  1.265  11.3  179.5  21.1  0.70  358.3  24.8
160220261039  1.259  11.2  179.0  21.1  0.65  357.3  24.8
160220261040  1.253  10.9  177.6  21.1  0.59  358.5  24.8
160220261041  1.247  10.7  177.7  21.1  0.67  0.3  24.8
160220261042  1.240  10.4  176.8  21.1  0.57  6.5  24.8
160220261043  1.235  10.1  175.8  21.1  0.50  11.1  24.8
160220261044  1.228  10.1  174.3  21.1  0.76  3.5  24.8
160220261045  1.222  9.4  176.9  18.8  0.56  0.4  24.8
160220261046  1.216  8.8  175.8  18.8  0.69  357.3  24.9
160220261047  1.209  8.8  176.2  18.8  0.57  356.8  24.9
160220261048  1.204  8.8  176.9  16.8  0.65  356.0  24.9
160220261049  1.198  9.0  178.1  16.8  0.73  359.4  24.9
160220261050  1.191  9.6  178.0  16.8  0.75  358.1  24.9
160220261051  1.185  10.0  177.6  16.8  0.64  357.9  24.9
160220261052  1.179  10.2  177.8  16.8  0.67  0.0  24.9
160220261053  1.173  10.1  177.7  16.8  0.78  0.5  24.8
160220261054  1.167  9.3  178.0  16.1  0.74  0.6  24.9
160220261055  1.161  8.9  176.7  16.1  0.78  1.1  24.9
160220261056  1.155  8.8  176.3  16.1  0.75  3.2  24.9
160220261057  1.148  8.3  174.6  15.1  0.88  4.3  24.9
160220261058  1.143  7.9  175.6  15.1  0.87  1.6  24.9
160220261059  1.136  7.4  174.2  15.1  0.82  357.5  24.9
160220261100  1.131  6.8  174.4  14.2  0.73  9.1  24.9
160220261101  1.126  6.2  174.7  11.3  0.91  4.3  24.9
160220261102  1.119  5.8  172.9  10.7  0.86  10.3  24.9
160220261103  1.112  5.6  174.6  10.0  0.88  7.1  24.9
160220261104  1.106  5.7  173.8  10.0  0.77  3.4  24.9
160220261105  1.101  5.6  170.9  10.0  0.74  359.8  24.9
160220261106  1.094  5.6  172.6  11.6  0.83  359.0  24.9
160220261107  1.087  5.6  170.7  11.6  0.93  2.0  24.9
160220261108  1.080  5.5  168.2  11.6  0.88  359.7  24.9
160220261109  1.073  5.2  166.5  11.6  0.92  1.3  24.9
160220261110  1.067  5.0  165.8  11.6  0.78  359.1  24.9
160220261111  1.061  5.0  162.8  11.6  0.79  1.1  24.9
160220261112  1.053  5.0  160.6  11.6  0.82  1.7  24.9
160220261113  1.047  5.1  159.4  11.6  0.86  359.9  24.9
160220261114  1.040  5.1  153.5  11.6  0.76  2.7  24.9
160220261115  1.034  5.1  152.1  11.6  0.87  358.5  24.9
160220261116  1.027  5.3  147.6  10.8  0.90  2.8  24.9
160220261117  1.022  5.3  147.1  10.8  0.94  0.8  24.9
160220261118  1.018  5.5  145.8  10.8  0.84  3.2  24.9
160220261119  1.012  5.9  146.7  10.8  0.89  3.2  24.9
160220261120  1.006  6.2  145.4  10.8  0.93  2.6  24.9
160220261121  1.002  6.5  143.9  15.3  0.95  3.4  24.9
160220261122  0.997  6.8  149.9  15.3  0.97  4.0  24.9
160220261123  0.994  7.0  152.2  15.3  0.88  2.7  24.9
160220261124  0.990  6.9  156.4  15.3  0.94  5.1  24.9
160220261125  0.987  6.8  159.0  15.3  0.93  7.8  24.9
160220261126  0.984  6.7  163.7  15.3  0.91  5.7  24.9
160220261127  0.981  6.5  166.9  15.3  1.07  5.7  24.9
160220261128  0.977  6.6  171.3  15.3  1.07  7.3  24.9
160220261129  0.974  6.4  174.1  15.3  0.98  5.7  24.9
160220261130  0.970  6.5  176.4  15.3  1.11  6.4  24.9
160220261131  0.966  6.7  182.6  13.3  1.04  9.5  24.9
160220261132  0.961  6.4  183.2  12.8  1.12  8.4  24.9
160220261133  0.957  6.0  180.9  12.8  1.11  7.4  24.9
160220261134  0.952  5.9  179.8  12.8  1.00  8.4  24.9
160220261135  0.948  5.8  180.2  12.8  1.02  8.3  24.9
160220261136  0.945  5.9  180.8  12.8  1.06  9.2  24.9
160220261137  0.940  6.0  181.2  12.8  1.07  10.6  24.9
160220261138  0.936  5.7  179.0  12.8  1.05  11.3  24.9
160220261139  0.931  5.4  177.9  12.8  1.02  7.4  24.9
160220261140  0.926  4.9  176.2  12.3  1.07  10.0  24.9
160220261141  0.920  4.3  173.6  11.4  1.01  8.3  24.9
160220261142  0.915  3.9  167.4  11.4  1.15  11.1  24.9
160220261143  0.911  3.8  168.8  11.4  1.11  5.5  24.9
160220261144  0.907  4.0  167.3  11.4  1.07  5.4  24.9
160220261145  0.902  4.0  164.8  11.4  1.12  9.3  24.9
160220261146  0.899  3.9  160.4  9.0  0.96  6.9  24.9
160220261147  0.895  4.3  158.1  12.4  1.10  10.0  25.0
160220261148  0.891  4.4  151.8  12.4  0.93  12.4  25.0
160220261149  0.886  4.7  148.7  12.4  1.08  9.0  25.0
160220261150  0.882  5.3  152.2  12.4  0.99  6.7  25.0
160220261151  0.879  5.7  154.4  12.4  0.88  5.6  25.0
160220261152  0.876  6.1  155.6  13.5  0.95  7.4  25.0
160220261153  0.874  6.6  158.0  13.5  0.86  3.4  25.0
160220261154  0.870  6.7  159.7  13.5  0.87  3.7  25.0
160220261155  0.867  7.1  160.0  13.5  0.83  1.7  25.0
160220261156  0.863  6.9  159.4  13.5  0.91  359.4  25.0
160220261157  0.860  6.7  159.5  13.5  0.81  3.0  25.0
160220261158  0.856  6.8  162.2  13.5  0.88  3.0  25.0
160220261159  0.852  6.8  163.9  13.5  0.75  356.0  25.0
160220261200  0.847  6.7  164.9  13.5  0.66  2.7  25.0
160220261201  0.841  6.8  164.4  13.5  0.82  358.8  25.0
160220261202  0.836  6.7  164.7  11.6  0.75  2.3  25.0
160220261203  0.830  6.5  161.8  11.6  0.82  3.6  25.0
160220261204  0.826  6.1  161.3  11.6  0.80  5.1  25.0
160220261205  0.819  6.1  161.6  11.6  0.86  1.3  25.0
160220261206  0.815  6.5  161.4  11.6  0.98  4.3  25.0
160220261207  0.810  6.4  161.3  10.5  0.90  5.3  25.0
160220261208  0.804  6.5  159.7  12.0  0.88  2.7  25.0
160220261209  0.799  6.7  161.0  14.9  0.94  5.5  25.0
160220261210  0.794  6.7  160.0  14.9  1.05  4.5  25.0
160220261211  0.789  6.7  161.9  14.9  1.09  5.7  25.0
160220261212  0.785  6.8  162.8  14.9  1.10  5.0  25.0
160220261213  0.780  6.6  162.5  14.9  0.89  7.9  25.0
160220261214  0.775  6.9  160.2  14.9  0.99  7.6  25.0
160220261215  0.770  6.7  157.7  14.9  1.02  9.2  25.0
160220261216  0.765  6.4  156.2  14.9  1.09  6.9  25.0
160220261217  0.761  6.4  157.0  14.9  0.91  5.6  25.0
160220261218  0.758  6.1  155.9  14.9  1.09  8.0  25.0
160220261219  0.753  5.9  154.1  12.2  0.93  3.9  25.0
160220261220  0.747  5.7  152.2  12.2  0.92  7.6  25.0
160220261221  0.742  5.6  149.5  12.2  0.98  10.7  25.0
160220261222  0.737  5.5  148.4  12.2  1.08  10.0  25.0
160220261223  0.732  5.3  151.1  12.2  0.95  5.5  25.0
160220261224  0.726  5.3  154.9  12.2  0.86  6.6  25.1
160220261225  0.721  5.5  159.5  12.2  1.01  9.7  25.1
160220261226  0.716  5.6  161.9  12.2  0.81  8.8  25.1
160220261227  0.710  5.5  161.4  11.7  0.99  6.2  25.1
160220261228  0.705  6.0  163.1  11.7  0.88  8.2  25.1
160220261229  0.699  6.2  163.2  11.7  1.09  7.7  25.1
160220261230  0.693  6.3  162.6  11.7  1.02  10.1  25.1
160220261231  0.687  6.5  163.1  11.7  1.09  8.0  25.1
160220261232  0.681  6.7  162.5  11.7  1.15  9.1  25.1
160220261233  0.676  6.8  162.2  11.7  1.04  7.9  25.1
160220261234  0.672  6.9  162.5  11.7  0.97  9.0  25.1
160220261235  0.667  7.0  161.5  13.1  1.09  7.1  25.1
160220261236  0.663  7.5  162.4  13.1  1.01  8.2  25.1
160220261237  0.658  7.7  163.6  13.1  1.06  8.3  25.1
160220261238  0.654  7.6  162.9  13.1  0.98  8.6  25.1
160220261239  0.649  7.3  163.2  13.1  1.04  7.0  25.1
160220261240  0.645  7.2  164.1  13.1  0.99  9.0  25.1
160220261241  0.640  7.1  162.9  13.1  0.97  9.2  25.1
160220261242  0.637  7.1  163.9  13.1  0.99  8.1  25.1
160220261243  0.630  7.0  163.7  13.1  1.16  7.9  25.1
160220261244  0.627  6.9  160.2  13.1  1.09  7.8  25.1
160220261245  0.622  6.7  157.9  13.0  1.00  10.1  25.1
160220261246  0.616  6.6  154.9  11.8  0.93  7.1  25.1
160220261247  0.611  6.3  152.3  10.8  1.06  8.9  25.1
160220261248  0.606  6.4  152.0  10.8  0.94  8.1  25.1
160220261249  0.601  6.9  151.9  12.4  0.97  6.6  25.2
160220261250  0.596  7.3  154.4  13.7  1.08  11.1  25.2
160220261251  0.591  7.7  154.0  15.9  0.99  6.2  25.2
160220261252  0.586  7.7  153.2  15.9  1.05  10.0  25.2
160220261253  0.580  8.0  152.6  15.9  1.05  9.2  25.2
160220261254  0.575  8.1  154.4  15.9  1.11  7.1  25.2
160220261255  0.569  8.1  155.1  15.9  0.96  6.9  25.2
160220261256  0.566  8.1  154.0  15.9  1.07  7.2  25.2
160220261257  0.561  8.0  152.6  15.9  1.07  7.5  25.2
160220261258  0.557  7.8  153.6  15.9  0.97  5.2  25.2
160220261259  0.552  7.5  152.3  15.9  1.03  7.6  25.2
160220261300  0.547  7.2  150.5  15.9  1.16  9.9  25.2
160220261301  0.543  6.5  150.3  12.9  1.18  9.9  25.2
160220261302  0.539  6.6  149.8  12.9  1.03  10.4  25.2
160220261303  0.536  6.4  151.5  12.5  1.11  13.7  25.2
160220261304  0.533  6.1  151.8  12.5  1.17  11.1  25.2
160220261305  0.530  6.2  151.1  12.8  1.03  12.1  25.2
160220261306  0.526  6.3  154.4  12.8  1.15  9.9  25.2
160220261307  0.525  6.5  157.1  12.8  1.05  8.2  25.2
160220261308  0.524  6.9  156.7  13.7  0.94  7.5  25.2
160220261309  0.521  7.4  160.3  15.7  1.06  11.6  25.2
160220261310  0.521  7.3  159.7  15.7  1.02  8.9  25.2
160220261311  0.519  7.7  161.8  15.7  1.03  12.7  25.2
160220261312  0.516  7.9  162.2  15.7  1.07  5.3  25.2
160220261313  0.514  8.2  161.6  15.7  1.02  9.2  25.2
160220261314  0.512  8.5  161.7  15.7  0.97  7.4  25.2
160220261315  0.510  8.6  163.2  15.7  0.88  8.4  25.2
160220261316  0.509  8.5  160.9  15.7  0.83  5.7  25.2
160220261317  0.506  8.6  160.7  15.7  0.95  7.9  25.2
160220261318  0.505  8.3  161.5  15.7  0.91  4.9  25.2
160220261319  0.501  7.9  160.9  15.2  0.93  6.2  25.2
160220261320  0.500  8.2  161.3  15.2  1.02  7.2  25.2
160220261321  0.497  8.3  159.0  15.2  1.00  8.1  25.2
160220261322  0.496  8.0  159.7  15.2  0.94  5.5  25.2
160220261323  0.494  7.5  158.8  15.2  0.90  6.6  25.2
160220261324  0.492  7.5  159.5  15.2  1.01  3.4  25.2
160220261325  0.490  7.4  159.2  12.1  0.98  4.3  25.2
160220261326  0.488  7.5  159.4  13.0  0.95  4.6  25.2
160220261327  0.486  7.6  158.1  13.0  0.89  6.4  25.2
160220261328  0.482  7.6  157.7  13.0  0.92  4.8  25.2
160220261329  0.480  7.5  156.3  13.0  0.94  6.2  25.3
160220261330  0.477  7.0  156.0  13.0  0.95  3.8  25.3
160220261331  0.474  6.8  156.6  13.0  0.95  3.6  25.3
160220261332  0.471  6.9  155.5  13.0  0.91  2.8  25.3
160220261333  0.466  7.2  156.7  13.0  0.91  2.9  25.3
160220261334  0.463  6.8  155.2  13.0  0.94  4.1  25.3
160220261335  0.460  6.7  153.2  13.0  0.81  4.5  25.3
160220261336  0.456  6.7  152.6  12.8  0.98  0.5  25.3
160220261337  0.453  6.2  153.0  10.7  0.93  4.6  25.3
160220261338  0.451  6.1  152.7  10.7  0.86  3.1  25.3
160220261339  0.448  6.0  153.8  10.7  0.90  4.3  25.3
160220261340  0.444  6.5  154.6  12.3  0.89  8.6  25.3
160220261341  0.442  6.7  154.8  13.1  0.99  6.0  25.3
160220261342  0.439  6.7  155.0  13.1  0.90  4.9  25.3
160220261343  0.435  6.6  153.9  13.1  0.92  5.2  25.3
160220261344  0.432  6.7  154.9  13.1  0.86  3.4  25.3
160220261345  0.428  6.8  156.3  13.1  0.98  10.8  25.3
160220261346  0.425  7.1  161.0  16.0  0.89  8.6  25.3
160220261347  0.424  7.5  162.6  16.0  0.95  6.8  25.3
160220261348  0.422  7.7  162.8  16.0  0.96  4.3  25.3
160220261349  0.420  7.8  161.8  16.0  0.97  9.2  25.3
160220261350  0.417  7.8  160.3  16.0  0.87  7.6  25.4
160220261351  0.413  7.7  160.4  16.0  0.98  8.8  25.4
160220261352  0.411  7.6  159.3  16.0  0.97  5.9  25.4
160220261353  0.410  7.6  158.1  16.0  0.97  3.3  25.4
160220261354  0.408  7.9  158.4  16.0  0.92  7.2  25.4
160220261355  0.405  7.8  159.0  16.0  0.83  5.8  25.4
160220261356  0.402  7.5  157.1  14.7  0.83  4.7  25.4
160220261357  0.400  7.1  154.9  14.7  0.91  4.3  25.4
160220261358  0.398  7.3  155.4  14.7  0.86  5.5  25.4
160220261359  0.396  7.2  155.4  14.7  0.80  4.3  25.4
160220261400  0.396  6.7  155.9  14.7  0.90  7.8  25.4
160220261401  0.395  6.9  156.7  14.7  0.89  6.5  25.4
160220261402  0.395  7.0  158.1  14.7  0.91  3.6  25.4
160220261403  0.394  7.2  160.0  14.7  0.89  7.1  25.4
160220261404  0.392  6.7  158.8  14.2  0.76  6.0  25.4
160220261405  0.391  6.5  157.8  14.2  0.88  5.0  25.4
160220261406  0.388  6.4  157.7  12.0  0.87  1.9  25.4
160220261407  0.387  6.5  159.8  12.0  0.87  5.5  25.4
160220261408  0.384  6.9  159.1  15.4  0.92  3.0  25.4
160220261409  0.380  6.9  157.7  15.4  0.85  6.2  25.4
160220261410  0.379  7.3  157.0  15.4  0.94  5.0  25.4
160220261411  0.378  7.0  157.2  15.4  0.86  4.8  25.4
160220261412  0.377  6.7  155.7  15.4  0.83  6.0  25.4
160220261413  0.373  6.5  155.3  15.4  0.79  5.3  25.4
160220261414  0.371  6.6  154.6  15.4  0.84  6.6  25.4
160220261415  0.369  6.6  155.1  15.4  0.81  4.8  25.4
160220261416  0.368  6.4  154.3  15.4  0.91  6.0  25.4
160220261417  0.366  6.0  152.9  15.4  0.95  8.9  25.5
160220261418  0.366  5.6  154.1  10.6  0.83  1.8  25.4
160220261419  0.366  5.7  154.8  11.6  0.84  9.1  25.5
160220261420  0.364  5.6  155.0  11.6  0.94  4.3  25.5
160220261421  0.363  5.6  154.5  11.6  0.93  6.7  25.5
160220261422  0.361  5.6  156.1  11.6  0.87  4.5  25.5
160220261423  0.363  5.9  155.8  11.6  0.84  7.5  25.5
160220261424  0.364  6.0  155.7  11.6  0.96  9.5  25.5
160220261425  0.365  6.0  156.5  11.6  0.86  6.8  25.5
160220261426  0.366  6.3  156.4  14.0  0.91  6.3  25.5
160220261427  0.366  7.0  156.1  14.6  0.89  5.1  25.5
160220261428  0.368  7.4  152.8  14.6  0.80  4.3  25.5
160220261429  0.370  7.6  156.1  14.9  0.85  3.8  25.5
160220261430  0.371  7.8  156.7  14.9  0.83  5.8  25.5
160220261431  0.373  8.1  157.7  14.9  0.83  3.6  25.5
160220261432  0.374  8.4  158.4  14.9  0.84  3.3  25.5
160220261433  0.374  8.2  159.2  14.9  0.77  358.5  25.5
160220261434  0.374  8.5  159.6  14.9  0.77  8.7  25.5
160220261435  0.376  8.6  158.1  14.9  0.83  6.5  25.5
160220261436  0.376  8.5  156.9  14.9  0.89  4.6  25.5
160220261437  0.377  8.3  157.5  14.9  0.80  4.0  25.5
160220261438  0.378  7.9  158.7  14.9  0.78  6.1  25.5
160220261439  0.379  7.9  155.5  13.5  0.75  3.7  25.5
160220261440  0.381  7.7  154.5  13.5  0.71  3.4  25.5
160220261441  0.383  7.4  153.3  13.1  0.75  1.4  25.5
160220261442  0.385  7.4  153.1  13.1  0.72  3.8  25.5
160220261443  0.387  7.5  152.4  13.1  0.63  0.3  25.5
160220261444  0.389  7.0  152.4  13.1  0.71  4.9  25.5
160220261445  0.391  7.2  152.5  13.1  0.68  5.1  25.5
160220261446  0.393  7.1  156.3  11.3  0.66  1.8  25.5
160220261447  0.394  7.2  156.0  12.4  0.68  359.0  25.5
160220261448  0.395  7.3  156.9  12.4  0.62  4.8  25.5
160220261449  0.399  6.9  158.1  12.4  0.59  9.3  25.5
160220261450  0.401  7.0  159.2  12.4  0.71  1.8  25.5
160220261451  0.403  7.0  159.7  12.4  0.64  1.8  25.5
160220261452  0.406  7.1  159.4  12.4  0.62  0.8  25.6
160220261453  0.408  7.2  159.5  12.8  0.73  5.1  25.6
160220261454  0.412  7.5  160.1  12.8  0.68  359.2  25.6
160220261455  0.413  7.4  160.5  13.2  0.70  4.0  25.6
160220261456  0.416  7.5  158.2  13.2  0.57  0.4  25.6
160220261457  0.420  7.2  158.1  13.2  0.60  359.7  25.6
160220261458  0.423  7.3  157.8  13.2  0.59  1.5  25.6
160220261459  0.426  7.0  157.7  13.2  0.64  358.6  25.6
160220261500  0.428  6.8  158.7  13.2  0.60  356.5  25.6
160220261501  0.429  6.7  159.8  13.2  0.44  354.3  25.6
160220261502  0.431  6.3  158.7  13.2  0.62  5.3  25.6
160220261503  0.434  6.2  159.2  13.2  0.58  1.2  25.6
160220261504  0.436  6.4  159.2  17.3  0.37  6.4  25.6
160220261505  0.438  6.5  158.8  17.3  0.57  2.6  25.6
160220261506  0.442  6.4  159.4  17.3  0.51  0.1  25.6
160220261507  0.444  6.5  158.6  17.3  0.32  0.2  25.6
160220261508  0.446  6.4  158.6  17.3  0.40  358.4  25.6
160220261509  0.447  6.8  156.5  17.3  0.40  357.6  25.6
160220261510  0.449  6.7  154.0  17.3  0.32  359.1  25.6
160220261511  0.451  6.7  151.7  17.3  0.43  0.5  25.6
160220261512  0.452  7.1  153.1  17.3  0.39  1.6  25.6
160220261513  0.454  7.2  153.0  17.3  0.51  0.0  25.6
160220261514  0.457  6.6  151.5  13.5  0.24  353.2  25.6
160220261515  0.459  6.6  153.3  13.0  0.43  354.3  25.6
160220261516  0.460  6.7  152.5  13.0  0.36  358.0  25.6
160220261517  0.462  6.4  152.1  13.0  0.34  360.0  25.6
160220261518  0.463  6.4  153.3  13.0  0.23  353.4  25.6
160220261519  0.464  6.2  156.4  13.0  0.38  352.9  25.6
160220261520  0.466  6.3  157.3  13.0  0.38  358.6  25.6
160220261521  0.469  6.2  157.1  13.0  0.37  358.0  25.6
160220261522  0.470  5.9  155.9  13.0  0.43  6.1  25.6
160220261523  0.471  5.7  156.5  13.0  0.35  352.6  25.6
160220261524  0.472  5.9  156.5  13.0  0.23  348.2  25.6
160220261525  0.475  5.7  153.5  11.1  0.34  3.4  25.6
160220261526  0.476  5.8  154.9  10.9  0.23  9.0  25.6
160220261527  0.477  6.0  155.2  11.6  0.26  349.1  25.6
160220261528  0.480  6.2  153.9  12.2  0.28  359.0  25.6
160220261529  0.481  6.5  153.2  12.2  0.29  3.0  25.6
160220261530  0.484  6.7  152.7  13.4  0.19  0.9  25.6
160220261531  0.486  6.8  153.3  13.4  0.22  4.9  25.6
160220261532  0.489  6.9  154.2  13.4  0.34  5.3  25.6
160220261533  0.489  7.1  154.2  13.4  0.17  354.9  25.6
160220261534  0.493  6.8  155.3  13.4  0.34  1.1  25.6
160220261535  0.495  6.8  156.6  13.4  0.22  351.9  25.6
160220261536  0.497  6.5  155.0  13.4  0.19  352.3  25.6
160220261537  0.500  6.2  154.0  13.4  0.17  356.4  25.6
160220261538  0.503  6.0  154.1  13.4  0.16  349.1  25.6
160220261539  0.505  5.7  154.3  13.4  0.18  344.8  25.6
160220261540  0.506  5.6  155.4  11.8  0.17  353.0  25.6
160220261541  0.509  5.6  155.0  11.8  0.28  3.3  25.6
160220261542  0.512  5.6  153.9  11.8  0.25  353.8  25.6
160220261543  0.513  5.3  152.4  11.8  0.24  358.6  25.6
160220261544  0.516  5.4  149.8  11.8  0.25  356.2  25.6
160220261545  0.519  5.3  149.3  11.8  0.28  349.7  25.6
160220261546  0.521  5.6  149.2  11.8  0.10  4.5  25.6
160220261547  0.526  6.0  151.2  11.8  0.19  337.3  25.6
160220261548  0.529  6.3  149.8  11.8  0.22  348.0  25.6
160220261549  0.532  6.8  150.4  14.8  0.27  342.5  25.6
160220261550  0.537  6.7  149.5  14.8  0.21  347.4  25.6
160220261551  0.541  6.9  149.4  14.8  0.11  336.9  25.6
160220261552  0.545  6.6  149.5  14.8  0.18  342.4  25.6
160220261553  0.549  6.6  147.2  14.8  0.22  341.0  25.6
160220261554  0.551  6.5  148.7  14.8  0.33  333.3  25.6
160220261555  0.555  6.8  149.8  14.8  0.13  317.6  25.6
160220261556  0.558  6.8  149.5  14.8  0.21  354.7  25.6
160220261557  0.563  6.7  150.2  14.8  0.09  355.7  25.6
160220261558  0.566  6.5  150.9  14.8  0.08  352.0  25.6
160220261559  0.569  6.5  147.9  12.5  0.13  237.4  25.6
160220261600  0.572  6.7  148.3  12.5  0.07  308.0  25.6
160220261601  0.576  6.5  148.2  12.5  0.16  338.2  25.6
160220261602  0.578  6.6  148.0  12.5  0.04  257.2  25.6
160220261603  0.580  6.7  150.6  12.5  0.09  324.1  25.6
160220261604  0.583  6.7  151.0  12.5  0.08  250.3  25.6
160220261605  0.585  6.5  152.7  12.5  0.13  230.8  25.6
160220261606  0.589  6.4  155.0  12.5  0.07  245.4  25.6
160220261607  0.592  6.3  153.0  12.5  0.04  230.6  25.6
160220261608  0.596  6.2  153.2  11.2  0.21  195.9  25.6
160220261609  0.599  5.9  154.8  10.3  0.28  186.8  25.6
160220261610  0.602  6.1  157.6  10.3  0.27  204.1  25.6
160220261611  0.605  6.1  160.4  10.3  0.40  196.7  25.6
160220261612  0.609  6.1  160.1  10.3  0.33  196.5  25.6
160220261613  0.614  6.1  158.4  12.2  0.29  197.6  25.6
160220261614  0.617  5.9  157.1  12.2  0.32  190.7  25.6
160220261615  0.621  5.9  154.6  12.2  0.41  194.1  25.6
160220261616  0.626  5.8  154.1  12.2  0.30  183.6  25.6
160220261617  0.630  5.6  156.3  12.2  0.27  193.2  25.5
160220261618  0.635  5.8  156.2  12.2  0.35  186.8  25.5
160220261619  0.638  5.7  154.7  12.2  0.31  180.5  25.5
160220261620  0.642  5.4  151.6  12.2  0.26  186.1  25.5
160220261621  0.647  5.6  147.7  12.2  0.39  180.5  25.5
160220261622  0.651  6.0  147.3  12.2  0.21  178.9  25.5
160220261623  0.655  6.0  147.7  11.1  0.22  180.5  25.5
160220261624  0.661  6.1  151.8  11.1  0.29  179.3  25.5
160220261625  0.664  6.2  151.2  11.1  0.33  195.4  25.5
160220261626  0.669  6.3  150.5  11.1  0.36  193.7  25.5
160220261627  0.674  6.7  150.6  11.5  0.32  175.0  25.5
160220261628  0.678  6.8  149.9  11.5  0.28  180.9  25.5
160220261629  0.684  6.7  150.8  11.5  0.22  176.9  25.5
160220261630  0.687  7.1  152.6  11.5  0.41  184.3  25.5
160220261631  0.692  6.8  154.7  11.5  0.38  180.9  25.5
160220261632  0.697  6.4  157.2  11.5  0.33  179.2  25.5
160220261633  0.701  6.3  159.7  11.5  0.33  186.2  25.5
160220261634  0.706  6.4  156.3  11.5  0.43  186.9  25.5
160220261635  0.710  6.4  156.3  11.5  0.38  175.9  25.5
160220261636  0.715  6.4  157.3  11.5  0.40  179.1  25.5
160220261637  0.719  6.2  155.2  10.7  0.28  173.9  25.5
160220261638  0.721  6.1  158.4  10.7  0.32  174.4  25.5
160220261639  0.726  6.3  162.3  11.0  0.44  180.0  25.5
160220261640  0.728  6.2  158.7  11.3  0.45  174.1  25.4
160220261641  0.731  6.5  156.7  12.4  0.49  179.8  25.4
160220261642  0.736  6.6  156.0  12.4  0.43  179.7  25.4
160220261643  0.741  6.6  154.3  12.4  0.56  179.2  25.4
160220261644  0.744  6.4  152.8  12.4  0.47  178.3  25.4
160220261645  0.747  6.3  153.2  12.4  0.36  167.3  25.4
160220261646  0.751  6.1  152.0  12.4  0.35  169.4  25.4
160220261647  0.754  5.8  153.7  12.4  0.37  171.7  25.4
160220261648  0.759  5.5  151.2  12.4  0.35  168.9  25.4
160220261649  0.762  5.1  145.9  12.4  0.32  178.4  25.4
160220261650  0.766  4.9  149.7  12.4  0.43  175.2  25.4
160220261651  0.769  4.8  150.3  10.5  0.44  172.6  25.3
160220261652  0.772  5.0  148.3  10.5  0.42  165.9  25.3
160220261653  0.775  5.0  147.2  10.5  0.59  175.6  25.3
160220261654  0.780  5.1  148.0  10.5  0.37  166.8  25.3
160220261655  0.783  5.1  150.8  10.5  0.39  166.7  25.3
160220261656  0.787  5.2  151.0  12.7  0.38  145.2  25.3
160220261657  0.791  5.6  150.1  12.7  0.52  172.4  25.3
160220261658  0.795  5.9  150.4  12.7  0.45  170.2  25.3
160220261659  0.798  6.0  154.0  12.7  0.65  168.1  25.3
160220261700  0.800  5.9  153.2  12.7  0.61  168.6  25.3
160220261701  0.804  5.8  152.9  12.7  0.66  173.9  25.4
160220261702  0.807  5.7  154.7  12.7  0.40  172.3  25.4
160220261703  0.811  5.7  155.9  12.7  0.53  168.3  25.4
160220261704  0.814  5.4  158.3  12.7  0.57  165.0  25.4
160220261705  0.819  5.1  159.6  12.7  0.76  172.5  25.4
160220261706  0.823  5.0  161.7  9.7  0.65  167.6  25.4
160220261707  0.827  4.8  162.9  11.4  0.60  165.6  25.4
160220261708  0.831  4.8  163.5  11.4  0.59  164.9  25.4
160220261709  0.833  4.9  159.5  11.4  0.57  165.5  25.4
160220261710  0.839  5.0  159.2  11.4  0.69  174.1  25.4
160220261711  0.842  4.9  159.6  11.4  0.75  170.1  25.4
160220261712  0.846  4.7  160.3  11.4  0.64  174.1  25.4
160220261713  0.850  4.7  160.7  11.4  0.57  171.8  25.4
160220261714  0.853  4.7  159.5  11.4  0.68  167.8  25.4
160220261715  0.858  5.0  152.6  11.4  0.67  177.1  25.4
160220261716  0.862  4.9  151.9  11.4  0.68  173.3  25.4
160220261717  0.867  4.7  152.7  9.4  0.71  176.4  25.4
160220261718  0.871  4.5  155.7  9.4  0.68  169.2  25.4
160220261719  0.874  4.5  155.3  8.2  0.70  170.5  25.4
160220261720  0.878  4.3  155.2  8.2  0.77  168.4  25.4
160220261721  0.881  4.1  155.9  8.2  0.76  172.5  25.5
160220261722  0.886  4.1  158.1  9.2  0.84  171.6  25.5
160220261723  0.889  4.1  158.6  9.2  0.83  166.4  25.5
160220261724  0.891  4.1  158.5  9.2  0.90  172.3  25.5
160220261725  0.895  4.0  164.1  9.2  1.01  171.8  25.5
160220261726  0.899  4.1  168.8  9.2  0.99  167.7  25.5
160220261727  0.903  4.1  168.0  9.2  0.96  172.0  25.5
160220261728  0.906  4.0  164.2  9.2  0.90  168.0  25.5
160220261729  0.909  4.4  172.4  12.0  0.87  170.4  25.5
160220261730  0.913  4.7  177.8  12.0  0.80  170.6  25.5
160220261731  0.916  5.1  178.8  12.0  0.87  162.0  25.5
160220261732  0.918  5.3  179.2  12.0  0.89  164.7  25.5
160220261733  0.921  5.4  181.2  12.0  0.87  168.3  25.5
160220261734  0.924  5.6  182.3  12.0  0.92  166.7  25.5
160220261735  0.927  5.8  184.5  12.0  0.95  169.3  25.5
160220261736  0.930  5.7  182.1  12.0  0.78  162.1  25.5
160220261737  0.935  5.6  183.6  12.0  0.79  164.4  25.5
160220261738  0.938  5.5  183.9  12.0  0.82  166.0  25.5
160220261739  0.942  5.0  180.1  9.9  0.77  173.6  25.5
160220261740  0.945  4.5  176.1  9.9  0.79  176.1  25.5
160220261741  0.949  4.4  176.2  9.9  0.80  174.3  25.5
160220261742  0.951  4.1  174.8  9.2  0.71  173.9  25.5
160220261743  0.955  3.9  170.8  9.2  0.74  180.4  25.5
160220261744  0.959  4.0  170.1  9.5  0.77  174.1  25.5
160220261745  0.963  3.8  168.6  9.5  0.66  173.8  25.5
160220261746  0.968  3.9  164.3  9.5  0.74  180.9  25.5
160220261747  0.971  4.0  161.0  9.5  0.69  177.5  25.5
160220261748  0.976  4.0  160.4  9.5  0.78  182.7  25.5
160220261749  0.980  4.1  156.7  9.5  0.77  184.2  25.5
160220261750  0.985  4.3  155.0  9.5  0.77  180.8  25.5
160220261751  0.991  4.5  152.0  9.5  0.74  182.2  25.5
160220261752  0.994  4.5  150.5  9.5  0.85  184.6  25.5
160220261753  0.999  4.6  153.6  9.5  0.66  180.0  25.5
160220261754  1.003  4.8  152.5  11.9  0.78  183.3  25.5
160220261755  1.008  5.2  149.4  11.9  0.67  181.5  25.5
160220261756  1.011  5.2  151.6  11.9  0.86  179.6  25.5
160220261757  1.017  5.1  153.8  11.9  0.75  179.3  25.5
160220261758  1.021  4.9  155.2  11.9  0.78  182.2  25.5
160220261759  1.025  4.9  159.1  11.9  0.69  176.2  25.5
160220261800  1.028  4.8  160.0  11.9  0.54  178.1  25.5
160220261801  1.033  4.4  160.7  11.9  0.67  178.0  25.5
160220261802  1.038  4.5  165.7  11.9  0.68  181.3  25.5
160220261803  1.042  4.3  164.9  11.9  0.76  177.9  25.5
160220261804  1.046  4.0  163.9  8.7  0.77  179.5  25.5
160220261805  1.050  3.8  167.9  8.7  0.81  179.5  25.5
160220261806  1.053  3.7  172.2  8.7  0.65  178.4  25.5
160220261807  1.057  4.1  176.9  10.2  0.69  182.6  25.5
160220261808  1.062  4.8  178.0  14.0  0.65  179.7  25.5
160220261809  1.065  4.6  176.5  14.0  0.70  179.3  25.5
160220261810  1.069  4.7  174.8  14.0  0.62  177.9  25.5
160220261811  1.073  4.8  172.6  14.0  0.61  184.3  25.5
160220261812  1.076  4.8  165.1  14.0  0.78  179.2  25.5
160220261813  1.080  4.8  164.4  14.0  0.64  174.3  25.5
160220261814  1.083  4.7  166.6  14.0  0.64  180.3  25.5
160220261815  1.086  4.6  165.9  14.0  0.72  178.0  25.4
160220261816  1.090  4.9  167.3  14.0  0.70  176.4  25.4
160220261817  1.093  4.7  166.1  14.0  0.68  177.8  25.4
160220261818  1.097  4.6  165.2  13.1  0.71  173.0  25.4
160220261819  1.101  4.9  171.4  13.1  0.93  176.9  25.4
160220261820  1.105  4.8  173.8  13.1  0.79  174.6  25.4
160220261821  1.109  5.4  178.1  13.1  0.77  171.4  25.4
160220261822  1.112  5.9  183.1  13.1  0.83  177.9  25.4
160220261823  1.117  6.5  184.5  13.1  0.74  168.6  25.4
160220261824  1.120  7.2  185.7  13.5  0.78  172.1  25.4
160220261825  1.124  7.7  186.2  13.5  0.86  174.3  25.4
160220261826  1.126  7.5  184.5  13.5  0.74  173.0  25.4
160220261827  1.129  7.1  183.2  13.5  0.76  174.1  25.4
160220261828  1.133  6.7  182.7  13.5  0.92  176.1  25.4
160220261829  1.134  6.5  181.3  13.5  0.71  164.0  25.4
160220261830  1.136  7.0  184.3  13.5  0.94  176.9  25.4
160220261831  1.138  6.5  185.2  13.5  0.85  170.9  25.4
160220261832  1.140  6.3  186.0  13.5  0.73  171.2  25.5
160220261833  1.142  6.0  183.8  13.5  0.91  173.6  25.5
160220261834  1.144  5.9  181.1  13.3  0.78  170.7  25.5
160220261835  1.146  5.9  182.2  13.4  0.85  173.0  25.5
160220261836  1.147  5.8  181.5  13.4  0.76  174.7  25.5
160220261837  1.148  6.1  181.1  13.4  0.69  176.2  25.5
160220261838  1.150  6.2  181.4  13.4  0.72  170.5  25.5
160220261839  1.152  6.1  182.9  13.4  0.51  168.5  25.5
160220261840  1.151  5.9  183.7  13.4  0.53  171.2  25.5
160220261841  1.151  5.9  183.6  13.4  0.55  171.3  25.5
160220261842  1.153  6.0  183.1  13.4  0.58  177.7  25.5
160220261843  1.153  5.9  184.8  13.4  0.53  173.5  25.5
160220261844  1.155  5.4  185.5  13.4  0.48  171.3  25.5
160220261845  1.157  5.0  183.3  9.2  0.68  173.0  25.5
160220261846  1.158  5.1  186.3  9.2  0.49  166.2  25.5
160220261847  1.160  5.2  188.5  9.2  0.46  167.5  25.5
160220261848  1.161  5.5  190.6  9.2  0.54  181.7  25.5
160220261849  1.162  5.8  188.4  12.1  0.56  175.5  25.5
160220261850  1.164  5.7  185.8  12.1  0.60  178.1  25.5
160220261851  1.167  5.9  186.4  12.1  0.59  177.3  25.5
160220261852  1.169  5.6  185.6  12.1  0.63  175.3  25.5
160220261853  1.172  5.5  185.6  12.1  0.62  178.5  25.5
160220261854  1.176  5.7  187.0  12.1  0.52  173.8  25.5
160220261855  1.178  6.1  189.3  12.1  0.47  176.4  25.5
160220261856  1.182  6.3  188.0  12.1  0.51  178.5  25.5
160220261857  1.186  6.3  186.1  12.1  0.38  181.5  25.5
160220261858  1.187  6.3  183.5  12.1  0.35  176.4  25.5
160220261859  1.191  6.1  184.2  10.9  0.36  188.2  25.5
160220261900  1.194  6.3  184.7  10.9  0.42  177.6  25.5
160220261901  1.198  6.5  182.6  10.9  0.41  182.0  25.5
160220261902  1.201  6.7  181.6  11.7  0.42  181.7  25.5
160220261903  1.203  6.9  182.1  11.7  0.32  180.4  25.5
160220261904  1.207  6.8  180.1  11.7  0.39  176.9  25.5
160220261905  1.210  6.6  177.6  11.7  0.42  184.1  25.5
160220261906  1.214  6.5  177.7  11.7  0.40  186.1  25.5
160220261907  1.215  6.6  180.0  11.7  0.29  183.8  25.5
160220261908  1.218  6.5  180.9  11.7  0.22  169.9  25.5
160220261909  1.221  6.3  179.9  11.7  0.18  190.6  25.5
160220261910  1.223  6.2  180.5  11.7  0.43  177.6  25.5
160220261911  1.226  5.9  181.6  11.7  0.37  183.7  25.4
160220261912  1.230  6.0  184.5  10.0  0.49  175.0  25.4
160220261913  1.231  6.1  183.2  11.3  0.50  182.6  25.4
160220261914  1.234  6.3  185.0  11.3  0.59  182.6  25.4
160220261915  1.238  6.6  187.5  11.3  0.54  177.8  25.5
160220261916  1.239  6.8  187.6  11.3  0.62  175.4  25.5
160220261917  1.241  6.9  187.4  11.3  0.60  178.5  25.5
160220261918  1.244  6.9  187.6  11.3  0.54  183.2  25.5
160220261919  1.247  7.3  188.3  11.3  0.54  178.4  25.4
160220261920  1.250  7.7  186.6  13.2  0.58  174.5  25.4
160220261921  1.253  8.1  185.5  14.5  0.54  174.6  25.4
160220261922  1.257  8.5  184.2  16.2  0.59  175.2  25.4
160220261923  1.260  8.9  186.3  16.2  0.53  174.1  25.4
160220261924  1.262  9.1  186.6  16.2  0.63  180.2  25.4
160220261925  1.264  9.2  185.7  16.2  0.51  171.6  25.4
160220261926  1.266  9.3  185.9  16.2  0.47  167.5  25.4
160220261927  1.269  9.2  185.6  16.2  0.41  170.5  25.4
160220261928  1.271  9.4  186.3  16.2  0.47  180.5  25.4
160220261929  1.272  9.4  185.5  16.2  0.59  177.7  25.4
160220261930  1.275  9.1  185.7  16.2  0.69  181.2  25.4
160220261931  1.278  9.0  187.2  16.2  0.53  185.6  25.3
160220261932  1.281  8.8  186.8  15.7  0.52  184.7  25.3
160220261933  1.283  8.3  185.5  15.7  0.45  175.4  25.3
160220261934  1.286  8.0  184.9  15.7  0.67  186.0  25.3
160220261935  1.288  8.0  184.7  15.7  0.53  178.9  25.3
160220261936  1.290  8.0  185.6  15.7  0.41  184.6  25.3
160220261937  1.292  8.3  185.7  15.7  0.49  187.7  25.3
160220261938  1.294  8.2  184.4  15.7  0.38  188.5  25.3
160220261939  1.295  7.9  183.9  15.7  0.50  183.7  25.3
160220261940  1.295  7.6  184.5  15.7  0.44  176.0  25.3
160220261941  1.295  7.3  182.8  13.1  0.43  185.1  25.3
160220261942  1.296  6.7  183.6  11.7  0.57  180.0  25.3
160220261943  1.296  6.6  182.4  11.7  0.36  186.6  25.3
160220261944  1.296  6.6  180.1  11.7  0.35  176.7  25.3
160220261945  1.296  6.2  178.9  11.7  0.52  184.5  25.3
160220261946  1.297  5.7  174.7  11.7  0.49  185.5  25.3
160220261947  1.297  5.1  172.4  10.3  0.43  178.2  25.3
160220261948  1.297  4.9  169.9  8.7  0.41  179.4  25.3
160220261949  1.297  5.0  169.7  8.7  0.43  177.0  25.3
160220261950  1.296  5.0  169.0  8.7  0.49  182.2  25.3
160220261951  1.296  5.0  169.3  8.7  0.52  177.1  25.3
160220261952  1.295  5.2  171.0  8.7  0.32  175.2  25.2
160220261953  1.295  5.2  171.1  8.7  0.45  176.6  25.2
160220261954  1.294  5.1  174.8  9.4  0.39  172.8  25.3
160220261955  1.293  5.2  177.3  9.4  0.50  178.3  25.3
160220261956  1.291  5.4  180.1  9.4  0.34  173.8  25.2
160220261957  1.290  5.8  181.6  9.4  0.35  175.8  25.2
160220261958  1.289  5.9  182.7  9.9  0.45  174.5  25.2
160220261959  1.287  6.0  184.1  9.9  0.43  173.6  25.2
160220262000  1.286  6.1  184.7  9.9  0.31  161.8  25.2
160220262001  1.285  6.1  184.0  9.9  0.29  168.0  25.2
160220262002  1.283  6.2  181.8  10.0  0.43  171.9  25.2
160220262003  1.283  6.3  182.1  10.0  0.48  175.8  25.2
160220262004  1.282  6.2  183.8  10.0  0.28  162.5  25.2
160220262005  1.280  6.4  181.3  10.1  0.33  170.0  25.2
160220262006  1.278  6.5  179.2  10.1  0.52  178.7  25.2
160220262007  1.278  6.5  179.5  10.1  0.19  157.3  25.2
160220262008  1.276  6.3  181.0  10.1  0.30  180.7  25.2
160220262009  1.275  6.5  181.7  12.5  0.38  174.5  25.2
160220262010  1.273  6.9  182.5  12.5  0.26  173.3  25.2
160220262011  1.272  7.2  183.7  12.5  0.29  171.4  25.2
160220262012  1.272  7.1  186.6  12.5  0.32  182.6  25.2
160220262013  1.270  7.1  188.7  12.5  0.36  165.1  25.2
160220262014  1.270  7.4  186.1  12.5  0.23  168.6  25.2
160220262015  1.268  7.3  187.1  12.5  0.47  169.6  25.2
160220262016  1.265  7.5  188.3  12.5  0.24  163.4  25.2
160220262017  1.264  7.3  187.7  12.5  0.47  183.1  25.2
160220262018  1.264  7.2  187.6  12.5  0.35  181.3  25.2
160220262019  1.263  7.0  188.7  11.7  0.37  171.9  25.2
160220262020  1.262  6.7  189.3  10.6  0.44  178.1  25.2
160220262021  1.262  6.6  190.8  10.6  0.24  162.2  25.2
160220262022  1.262  6.9  190.1  10.6  0.46  179.1  25.2
160220262023  1.260  6.9  190.0  10.6  0.34  178.1  25.2
160220262024  1.258  6.9  191.8  10.3  0.42  173.9  25.2
160220262025  1.257  7.2  192.9  10.6  0.47  169.4  25.2
160220262026  1.258  7.1  192.0  10.6  0.45  175.8  25.2
160220262027  1.257  7.3  193.0  10.6  0.49  176.6  25.2
160220262028  1.255  7.4  192.7  11.5  0.47  180.7  25.2
160220262029  1.253  7.5  191.7  11.5  0.44  175.4  25.2
160220262030  1.252  7.4  190.8  11.5  0.55  179.2  25.2
160220262031  1.250  7.2  190.0  11.5  0.36  165.1  25.2
160220262032  1.248  6.9  189.8  11.5  0.52  165.8  25.2
160220262033  1.246  6.9  186.9  11.5  0.48  169.7  25.2
160220262034  1.244  6.7  185.9  11.5  0.44  167.2  25.2
160220262035  1.244  6.3  183.9  11.5  0.56  180.6  25.2
160220262036  1.243  6.3  185.9  11.5  0.37  168.3  25.2
160220262037  1.242  6.1  185.3  11.5  0.29  156.9  25.2
160220262038  1.241  5.8  185.0  9.8  0.37  177.6  25.2
160220262039  1.240  5.7  185.2  9.8  0.31  174.3  25.2
160220262040  1.238  5.5  185.7  9.8  0.26  172.0  25.2
160220262041  1.237  5.8  187.5  9.8  0.38  180.2  25.2
160220262042  1.237  6.0  187.9  9.8  0.42  176.5  25.2
160220262043  1.236  6.0  190.0  9.8  0.22  169.5  25.2
160220262044  1.236  5.9  189.7  9.8  0.32  174.4  25.2
160220262045  1.236  5.9  190.6  9.8  0.34  177.4  25.2
160220262046  1.236  5.9  190.4  9.8  0.31  182.7  25.2
160220262047  1.235  6.0  192.4  9.8  0.44  182.6  25.2
160220262048  1.233  6.0  193.0  9.8  0.40  178.2  25.2
160220262049  1.233  6.0  193.1  9.8  0.40  178.6  25.2
160220262050  1.232  6.2  191.7  9.8  0.34  180.5  25.2
160220262051  1.231  6.2  191.0  9.8  0.39  179.3  25.2
160220262052  1.231  6.4  193.2  14.3  0.39  182.8  25.2
160220262053  1.231  6.4  191.9  14.3  0.31  167.9  25.2
160220262054  1.228  6.6  191.6  14.3  0.25  159.7  25.2
160220262055  1.227  6.7  191.9  14.3  0.35  172.2  25.2
160220262056  1.226  6.7  193.0  14.3  0.30  165.6  25.2
160220262057  1.226  6.9  191.2  14.3  0.35  176.1  25.2
160220262058  1.226  7.2  191.3  14.3  0.34  172.6  25.2
160220262059  1.225  7.1  190.9  14.3  0.28  166.3  25.2
160220262100  1.224  6.8  191.6  14.3  0.35  171.9  25.2
160220262101  1.222  6.6  189.5  14.3  0.40  169.6  25.2
160220262102  1.219  6.2  186.9  11.8  0.26  160.4  25.2
160220262103  1.218  6.1  186.9  11.8  0.29  166.9  25.2
160220262104  1.217  6.2  188.4  11.8  0.23  148.0  25.2
160220262105  1.214  6.2  186.9  11.8  0.29  173.4  25.2
160220262106  1.214  6.0  186.0  11.8  0.34  169.1  25.2
160220262107  1.210  5.7  186.0  9.4  0.26  162.9  25.2
160220262108  1.207  5.6  185.7  8.5  0.26  161.4  25.2
160220262109  1.204  5.8  187.9  8.5  0.25  166.7  25.2
160220262110  1.203  6.1  190.5  8.5  0.26  166.7  25.2
160220262111  1.201  6.3  194.0  8.5  0.26  167.6  25.2
160220262112  1.199  6.5  195.2  8.5  0.26  165.0  25.2
160220262113  1.197  6.6  197.2  10.9  0.22  164.1  25.2
160220262114  1.194  6.7  197.4  12.1  0.18  152.3  25.2
160220262115  1.192  6.9  199.2  12.1  0.22  145.7  25.2
160220262116  1.191  7.1  198.6  12.1  0.23  168.9  25.2
160220262117  1.188  7.0  199.1  12.1  0.26  171.6  25.2
160220262118  1.186  7.0  199.6  12.1  0.23  163.9  25.2
160220262119  1.185  7.2  198.6  12.1  0.19  164.5  25.2
160220262120  1.183  7.0  196.5  12.1  0.23  176.6  25.2
160220262121  1.181  nan  nan  nan  0.24  157.7  25.2
160220262122  1.179  6.7  194.5  12.1  0.18  164.0  25.2
160220262123  1.177  6.6  194.3  12.1  0.08  169.0  25.2
160220262124  1.175  6.4  194.9  12.1  0.06  44.7  25.2
160220262125  1.172  6.4  196.0  12.1  0.05  127.5  25.2
160220262126  1.171  6.6  197.3  12.1  0.12  124.1  25.2
160220262127  1.169  6.8  197.6  12.1  0.12  100.9  25.2
160220262128  1.167  6.8  197.0  12.1  0.12  177.4  25.2
160220262129  1.164  6.4  197.2  9.8  0.23  185.1  25.2
160220262130  1.161  6.5  198.2  9.8  0.03  45.5  25.2
160220262131  1.158  6.5  197.6  9.8  0.08  172.0  25.2
160220262132  1.156  6.7  197.5  9.8  0.08  37.8  25.3
160220262133  1.152  6.7  197.6  9.8  0.26  359.8  25.2
160220262134  1.150  6.4  196.7  9.8  0.05  111.8  25.2
160220262135  1.147  6.0  194.3  9.8  0.08  55.0  25.2
160220262136  1.144  5.7  192.5  9.4  0.09  353.1  25.2
160220262137  1.140  5.4  189.7  9.3  0.04  34.0  25.2
160220262138  1.137  5.2  188.4  9.3  0.06  13.8  25.2
160220262139  1.130  5.4  188.8  9.3  0.04  183.7  25.2
160220262140  1.126  5.2  188.8  9.3  0.06  338.4  25.2
160220262141  1.123  5.1  188.7  10.3  0.16  10.7  25.2
160220262142  1.118  5.2  188.4  10.3  0.06  326.2  25.2
160220262143  1.114  5.3  188.7  10.3  0.19  10.0  25.2
160220262144  1.110  5.7  189.3  10.3  0.13  353.1  25.2
160220262145  1.105  5.9  191.1  10.3  0.09  29.2  25.2
160220262146  1.101  6.2  193.4  10.3  0.07  57.3  25.2
160220262147  1.098  6.7  197.2  11.0  0.23  26.6  25.2
160220262148  1.094  7.1  198.9  11.5  0.03  338.4  25.2
160220262149  1.088  7.2  199.2  11.5  0.19  4.0  25.2
160220262150  1.085  7.6  199.5  11.5  0.08  20.2  25.2
160220262151  1.080  7.8  200.1  11.5  0.21  34.4  25.2
160220262152  1.076  7.9  201.4  11.5  0.19  44.8  25.2
160220262153  1.074  8.0  202.1  11.5  0.14  24.2  25.2
160220262154  1.069  8.1  203.1  11.5  0.21  14.2  25.2
160220262155  1.063  8.3  203.4  11.5  0.07  47.5  25.2
160220262156  1.060  8.4  203.1  11.5  0.18  40.2  25.2
160220262157  1.055  8.2  201.2  11.5  0.28  18.4  25.2
160220262158  1.050  8.1  201.2  10.7  0.25  45.3  25.2
160220262159  1.046  8.3  200.9  13.4  0.22  3.9  25.2
160220262200  1.040  8.1  200.3  13.4  0.34  14.7  25.2
160220262201  1.036  8.0  200.0  13.4  0.31  10.0  25.2
160220262202  1.030  7.9  199.3  13.4  0.32  15.3  25.2
160220262203  1.028  7.7  198.0  13.4  0.14  312.8  25.2
160220262204  1.024  7.5  196.8  13.4  0.19  2.2  25.2
160220262205  1.020  7.5  196.3  13.4  0.35  4.3  25.2
160220262206  1.017  7.4  195.7  13.4  0.24  356.3  25.2
160220262207  1.013  7.2  195.8  13.4  0.26  357.6  25.2
160220262208  1.009  7.2  195.7  13.4  0.44  356.1  25.2
160220262209  1.005  6.8  194.9  10.5  0.40  354.1  25.2
160220262210  1.001  6.8  195.0  10.5  0.35  5.2  25.2
160220262211  0.999  7.1  195.2  13.2  0.38  4.5  25.2
160220262212  0.994  7.1  194.3  13.2  0.52  8.9  25.2
160220262213  0.992  7.2  196.0  13.2  0.59  5.1  25.2
160220262214  0.987  7.3  196.7  13.2  0.46  5.2  25.2
160220262215  0.983  7.5  196.0  13.2  0.49  11.4  25.2
160220262216  0.979  7.7  195.9  13.2  0.59  10.4  25.2
160220262217  0.975  8.2  196.0  13.2  0.44  10.0  25.2
160220262218  0.970  8.5  194.9  13.2  0.42  7.9  25.2
160220262219  0.966  8.7  195.2  13.2  0.59  4.9  25.3
160220262220  0.961  8.9  195.0  13.2  0.52  1.4  25.3
160220262221  0.957  8.7  195.6  12.5  0.70  9.2  25.3
160220262222  0.952  8.7  197.2  12.5  0.61  6.9  25.3
160220262223  0.946  8.8  197.3  12.7  0.69  10.0  25.3
160220262224  0.944  8.7  197.5  12.7  0.48  10.0  25.3
160220262225  0.941  8.4  198.1  12.7  0.60  11.8  25.3
160220262226  0.937  8.1  198.0  12.7  0.54  16.4  25.3
160220262227  0.933  7.8  198.7  12.7  0.51  8.5  25.3
160220262228  0.930  7.6  200.0  12.7  0.56  11.2  25.2
160220262229  0.925  7.5  200.8  12.7  0.46  12.2  25.2
160220262230  0.921  7.6  201.7  12.7  0.50  12.4  25.2
160220262231  0.916  7.6  201.9  12.7  0.50  14.2  25.2
160220262232  0.912  7.8  201.8  12.7  0.71  9.7  25.2
160220262233  0.907  7.7  202.0  11.4  0.62  4.6  25.2
160220262234  0.902  7.8  201.5  11.4  0.62  6.0  25.2
160220262235  0.898  7.9  201.7  11.4  0.62  2.8  25.2
160220262236  0.894  7.9  201.8  11.4  0.66  4.9  25.2
160220262237  0.888  8.0  202.4  11.4  0.50  8.7  25.2
160220262238  0.885  8.1  201.7  11.4  0.63  11.1  25.2
160220262239  0.881  8.0  202.1  11.4  0.78  7.0  25.2
160220262240  0.876  7.9  201.4  11.4  0.67  11.2  25.2
160220262241  0.872  7.8  200.6  11.4  0.60  10.9  25.2
160220262242  0.868  7.6  201.0  10.0  0.60  11.5  25.2
160220262243  0.864  7.6  201.4  10.0  0.65  5.5  25.2
160220262244  0.860  7.7  202.1  10.2  0.68  7.6  25.2
160220262245  0.856  7.6  202.5  10.2  0.68  3.4  25.2
160220262246  0.852  7.7  203.5  10.2  0.77  4.3  25.2
160220262247  0.849  7.5  203.5  10.2  0.72  3.2  25.2
160220262248  0.844  7.5  205.3  10.2  0.83  4.2  25.2
160220262249  0.840  7.5  205.0  10.2  0.71  1.5  25.2
160220262250  0.836  7.4  205.3  10.2  0.67  359.4  25.2
160220262251  0.832  7.3  205.4  10.2  0.58  356.6  25.2
160220262252  0.829  7.2  204.9  10.2  0.61  358.8  25.2
160220262253  0.826  7.1  204.2  10.2  0.69  2.5  25.2
160220262254  0.822  7.0  204.0  8.8  0.77  6.8  25.2
160220262255  0.819  7.1  204.0  8.8  0.64  6.5  25.2
160220262256  0.814  7.0  203.5  8.8  0.75  0.7  25.2
160220262257  0.811  6.9  202.8  8.8  0.58  356.9  25.2
160220262258  0.806  6.8  201.1  8.6  0.66  2.4  25.2
160220262259  0.803  6.7  201.6  8.3  0.72  3.5  25.2
160220262300  0.798  6.7  202.0  8.3  0.62  359.9  25.2
160220262301  0.794  6.8  202.1  8.3  0.62  358.7  25.2
160220262302  0.789  6.7  202.1  8.3  0.68  355.5  25.2
160220262303  0.783  6.6  202.2  8.3  0.75  359.9  25.2
160220262304  0.778  6.6  202.4  10.0  0.75  0.4  25.2
160220262305  0.775  6.6  202.5  10.0  0.74  1.6  25.2
160220262306  0.770  6.6  202.6  10.0  0.78  2.6  25.2
160220262307  0.765  6.7  202.8  10.0  0.75  2.7  25.2
160220262308  0.760  6.7  203.7  10.0  0.72  0.1  25.2
160220262309  0.755  6.8  203.3  10.0  0.78  1.1  25.2
160220262310  0.750  6.9  203.0  10.0  0.78  2.5  25.2
160220262311  0.746  6.9  202.4  10.0  0.79  1.2  25.2
160220262312  0.741  7.0  202.3  10.0  0.79  1.3  25.2
160220262313  0.736  7.1  202.5  10.0  0.85  358.8  25.2
160220262314  0.730  7.0  202.3  8.9  0.84  3.5  25.2
160220262315  0.725  6.9  203.1  8.9  0.86  357.8  25.2
160220262316  0.721  7.0  202.6  8.9  0.84  356.7  25.2
160220262317  0.717  6.9  203.1  8.9  0.89  357.9  25.2
160220262318  0.711  6.8  204.1  8.9  0.88  2.7  25.2
160220262319  0.706  7.0  203.3  9.6  0.87  1.9  25.3
160220262320  0.701  7.1  205.3  9.7  0.81  359.9  25.3
160220262321  0.697  7.1  206.6  9.7  0.86  358.6  25.3
160220262322  0.693  7.2  206.8  9.7  0.87  1.4  25.3
160220262323  0.688  7.1  207.3  9.7  0.97  1.9  25.3
160220262324  0.684  7.1  207.6  9.7  0.80  0.9  25.3
160220262325  0.680  7.0  206.8  9.7  0.83  0.6  25.3
160220262326  0.674  7.0  208.0  9.7  0.85  0.3  25.3
160220262327  0.671  7.2  209.5  9.7  0.94  359.9  25.3
160220262328  0.666  7.2  207.1  10.5  0.90  4.3  25.3
160220262329  0.662  7.2  206.6  12.3  0.92  360.0  25.3
160220262330  0.659  7.0  206.1  12.3  1.03  3.7  25.3
160220262331  0.654  7.0  205.3  12.3  0.97  0.9  25.3
160220262332  0.651  7.0  204.9  12.3  0.87  1.9  25.3
160220262333  0.646  7.0  204.0  12.3  0.96  1.2  25.3
160220262334  0.643  7.1  204.0  12.3  1.03  2.3  25.3
160220262335  0.637  7.3  205.1  12.3  0.87  5.2  25.3
160220262336  0.633  7.3  204.9  12.3  0.91  1.3  25.3
160220262337  0.627  7.1  202.8  12.3  0.86  1.8  25.3
160220262338  0.622  7.1  204.5  12.3  1.00  359.9  25.3
160220262339  0.617  7.0  205.9  10.1  0.86  2.1  25.3
160220262340  0.613  7.0  206.0  10.6  0.97  359.5  25.3
160220262341  0.608  7.0  206.3  10.6  0.98  1.4  25.3
160220262342  0.603  7.2  206.5  10.6  0.94  3.1  25.3
160220262343  0.599  7.0  206.0  10.6  1.09  3.8  25.3
160220262344  0.593  7.0  204.0  10.6  0.96  2.5  25.3
160220262345  0.587  6.7  202.3  10.6  0.94  1.4  25.3
160220262346  0.583  6.5  202.6  10.6  0.99  3.7  25.3
160220262347  0.578  6.6  202.8  10.6  1.02  1.5  25.3
160220262348  0.573  6.6  203.4  10.6  1.00  5.3  25.3
160220262349  0.569  6.5  203.8  10.6  0.97  1.7  25.3
160220262350  0.564  6.4  202.4  10.2  1.01  3.3  25.3
160220262351  0.561  6.1  203.0  10.2  0.92  5.3  25.3
160220262352  0.558  6.0  203.4  10.2  0.99  6.4  25.3
160220262353  0.554  6.0  206.3  10.2  0.97  3.0  25.3
160220262354  0.551  5.8  208.7  10.2  0.90  4.2  25.3
160220262355  0.547  5.9  210.2  10.2  1.04  3.5  25.3
160220262356  0.542  5.8  210.1  10.2  1.04  3.5  25.3
160220262357  0.539  5.8  210.8  8.8  1.04  6.2  25.3
160220262358  0.536  5.7  210.0  8.8  1.06  4.5  25.3
160220262359  0.535  5.6  209.1  8.8  1.02  1.1  25.3
170220260000  0.533  5.6  210.5  8.8  0.97  2.5  25.3
170220260001  0.531  5.8  210.6  8.8  1.00  2.8  25.3
170220260002  0.529  5.8  211.4  8.8  0.96  5.1  25.3
170220260003  0.527  6.0  211.8  8.8  0.82  357.5  25.3
170220260004  0.524  6.1  213.3  8.8  0.85  3.0  25.3
170220260005  0.521  6.2  214.2  8.7  0.92  4.2  25.3
170220260006  0.519  6.3  215.8  8.7  0.99  2.8  25.3
170220260007  0.514  6.4  217.3  8.7  0.88  2.7  25.3
170220260008  0.512  6.5  218.4  8.7  0.95  6.0  25.3
170220260009  0.509  6.6  220.0  8.7  0.91  359.7  25.3
170220260010  0.505  6.8  219.8  8.7  0.91  2.4  25.3
170220260011  0.502  6.9  219.0  9.0  0.93  4.9  25.3
170220260012  0.500  6.9  218.2  9.0  0.86  0.3  25.3
170220260013  0.496  6.8  216.8  9.0  0.89  0.1  25.3
170220260014  0.494  6.8  214.8  9.0  0.91  3.3  25.3
170220260015  0.488  6.9  212.7  9.0  0.82  359.5  25.3
170220260016  0.484  6.8  209.9  9.0  0.86  1.1  25.3
170220260017  0.480  6.6  207.5  9.0  0.99  2.8  25.3
170220260018  0.476  6.7  205.5  9.0  0.86  359.7  25.3
170220260019  0.470  6.7  203.6  9.0  0.95  3.0  25.3
170220260020  0.466  6.7  203.3  9.0  0.98  5.5  25.3
170220260021  0.462  6.5  203.6  8.3  0.99  5.8  25.3
170220260022  0.459  6.5  203.9  8.3  0.94  4.9  25.3
170220260023  0.456  6.6  204.0  8.3  0.89  6.3  25.3
170220260024  0.451  6.6  204.3  8.3  0.98  4.3  25.3
170220260025  0.447  6.7  205.2  8.9  0.97  7.0  25.3
170220260026  0.444  6.9  206.3  9.9  1.07  4.7  25.3
170220260027  0.441  7.1  206.4  9.9  0.92  4.2  25.3
170220260028  0.436  7.1  207.7  9.9  0.85  1.9  25.3
170220260029  0.434  7.2  208.2  9.9  0.90  5.2  25.3
170220260030  0.430  7.2  208.6  9.9  0.95  3.9  25.3
170220260031  0.426  7.2  208.2  9.9  1.07  5.5  25.3
170220260032  0.423  7.5  207.8  12.3  0.90  3.0  25.3
170220260033  0.420  7.5  207.9  12.3  0.97  2.2  25.3
170220260034  0.416  7.5  207.5  12.3  0.93  4.3  25.3
170220260035  0.412  7.5  207.3  12.3  0.94  5.7  25.3
170220260036  0.408  7.4  207.1  12.3  0.98  4.3  25.3
170220260037  0.405  7.3  207.4  12.3  0.98  4.5  25.3
170220260038  0.401  7.2  207.0  12.3  0.88  2.7  25.3
170220260039  0.398  7.1  206.8  12.3  1.01  5.1  25.3
170220260040  0.394  7.0  205.1  12.3  1.05  6.0  25.3
170220260041  0.389  6.9  204.1  12.3  1.00  5.7  25.3
170220260042  0.386  6.6  203.1  9.1  1.05  3.3  25.3
170220260043  0.382  6.5  202.7  9.1  0.95  8.2  25.3
170220260044  0.377  6.5  204.1  9.1  1.06  8.2  25.3
170220260045  0.374  6.5  204.3  9.1  1.03  4.4  25.3
170220260046  0.371  6.4  203.0  8.4  1.03  4.1  25.3
170220260047  0.368  6.4  202.2  8.4  1.06  5.1  25.3
170220260048  0.366  6.3  201.3  8.4  1.01  7.9  25.3
170220260049  0.363  6.2  201.0  8.4  1.02  5.4  25.3
170220260050  0.359  6.1  201.4  8.4  1.07  4.9  25.3
170220260051  0.356  6.0  201.0  8.4  0.90  3.9  25.3
170220260052  0.352  6.1  201.6  8.4  1.06  5.2  25.3
170220260053  0.350  5.9  201.4  8.4  1.06  5.4  25.3
170220260054  0.346  5.8  199.9  8.3  1.01  3.1  25.3
170220260055  0.344  5.6  198.8  7.7  0.95  5.8  25.3
170220260056  0.342  5.6  199.7  7.7  0.94  6.4  25.3
170220260057  0.339  5.7  201.7  7.7  1.13  5.9  25.3
170220260058  0.337  5.9  202.7  7.8  1.05  5.8  25.3
170220260059  0.335  6.0  203.2  7.8  1.04  5.5  25.3
170220260100  0.334  6.0  202.9  7.8  0.92  4.9  25.3
170220260101  0.331  6.1  203.7  8.0  1.00  6.8  25.3
170220260102  0.330  6.2  203.0  8.4  0.90  6.5  25.3
170220260103  0.327  6.4  202.6  8.6  0.97  4.0  25.3
170220260104  0.326  6.6  202.2  8.6  0.97  4.0  25.3
170220260105  0.323  7.1  202.9  11.8  0.86  1.3  25.3
170220260106  0.322  7.5  203.0  12.9  1.02  5.7  25.3
170220260107  0.320  8.0  201.5  12.9  1.05  4.7  25.3
170220260108  0.317  8.4  200.4  12.9  0.84  4.8  25.3
170220260109  0.316  8.9  199.8  12.9  0.92  4.4  25.3
170220260110  0.316  9.4  200.0  12.9  0.92  4.5  25.3
170220260111  0.313  9.7  199.4  14.2  1.05  7.7  25.3
170220260112  0.311  9.8  199.5  14.2  1.00  6.7  25.3
170220260113  0.310  10.0  200.1  14.2  0.91  3.7  25.3
170220260114  0.307  10.3  200.5  14.2  0.98  5.6  25.3
170220260115  0.305  10.3  200.1  14.2  0.93  5.0  25.3
170220260116  0.304  10.2  199.8  14.2  0.96  5.8  25.3
170220260117  0.302  9.8  200.1  14.2  0.89  6.4  25.3
170220260118  0.301  9.4  199.9  14.2  0.95  5.2  25.3
170220260119  0.300  9.2  200.6  14.2  0.83  5.0  25.3
170220260120  0.298  8.9  200.6  14.2  0.82  3.1  25.3
170220260121  0.298  8.8  201.3  12.3  0.95  6.1  25.3
170220260122  0.297  8.7  201.1  12.3  0.85  2.8  25.3
170220260123  0.296  8.5  200.8  12.3  0.93  6.8  25.3
170220260124  0.296  8.4  200.8  12.2  0.74  4.3  25.3
170220260125  0.296  8.2  199.5  10.7  0.84  6.4  25.3
170220260126  0.295  8.2  199.6  10.8  0.95  7.3  25.3
170220260127  0.296  8.1  199.0  10.8  0.94  5.8  25.3
170220260128  0.296  8.2  200.0  10.8  0.86  3.1  25.3
170220260129  0.297  8.1  198.9  10.8  0.86  5.9  25.3
170220260130  0.297  8.1  198.3  10.8  0.81  3.8  25.3
170220260131  0.296  8.0  198.5  10.8  0.85  5.7  25.3
170220260132  0.294  8.0  199.1  11.3  0.87  5.0  25.3
170220260133  0.292  8.1  199.3  11.3  0.82  4.8  25.3
170220260134  0.291  8.1  199.3  11.3  0.80  6.3  25.3
170220260135  0.290  8.0  200.4  11.3  0.87  5.2  25.3
170220260136  0.290  8.0  200.5  11.3  0.83  0.4  25.3
170220260137  0.290  8.1  201.5  11.3  0.74  2.8  25.3
170220260138  0.289  8.0  200.9  11.3  0.84  4.7  25.3
170220260139  0.288  8.0  201.9  11.3  0.79  4.7  25.3
170220260140  0.287  8.0  202.2  11.3  0.69  2.9  25.3
170220260141  0.287  8.0  201.9  11.3  0.82  358.7  25.3
170220260142  0.286  7.9  202.3  9.8  0.90  4.3  25.3
170220260143  0.285  7.9  203.2  9.8  0.86  7.0  25.3
170220260144  0.284  7.8  203.6  9.8  0.82  1.6  25.3
170220260145  0.282  7.8  204.3  9.8  0.82  4.0  25.3
170220260146  0.281  7.7  204.3  9.7  0.89  3.0  25.3
170220260147  0.279  7.5  204.1  9.7  0.87  3.9  25.3
170220260148  0.279  7.5  204.8  9.7  0.86  5.2  25.3
170220260149  0.277  7.6  205.1  9.7  0.91  3.7  25.3
170220260150  0.277  7.5  205.2  9.6  0.95  2.2  25.3
170220260151  0.276  7.6  205.7  9.6  0.78  3.0  25.3
170220260152  0.276  7.5  205.7  10.9  0.80  0.8  25.3
170220260153  0.277  7.4  204.6  10.9  0.81  358.7  25.3
170220260154  0.276  7.4  204.5  10.9  0.79  0.1  25.3
170220260155  0.275  7.3  203.0  10.9  0.77  3.4  25.3
170220260156  0.276  7.3  203.3  10.9  0.79  359.8  25.3
170220260157  0.276  7.4  203.1  10.9  0.87  0.6  25.3
170220260158  0.277  7.5  204.0  10.9  0.79  3.4  25.3
170220260159  0.278  7.4  203.4  10.9  0.82  4.3  25.3
170220260200  0.280  7.4  204.7  10.9  0.71  359.6  25.3
170220260201  0.281  7.6  205.1  10.9  0.80  356.1  25.3
170220260202  0.282  7.5  205.3  9.9  0.82  1.2  25.3
170220260203  0.283  7.3  204.7  9.6  0.74  2.8  25.3
170220260204  0.285  7.2  204.4  9.6  0.64  357.6  25.3
170220260205  0.287  7.2  205.2  9.6  0.77  359.2  25.3
170220260206  0.288  7.0  204.8  9.2  0.70  0.5  25.3
170220260207  0.288  6.9  205.0  9.2  0.68  356.4  25.3
170220260208  0.289  6.8  203.6  9.2  0.59  356.5  25.3
170220260209  0.291  6.8  203.5  9.2  0.56  354.3  25.3
170220260210  0.291  6.7  202.6  9.2  0.66  353.8  25.3
170220260211  0.294  6.6  200.8  8.4  0.73  356.5  25.3
170220260212  0.294  6.5  200.5  8.3  0.62  358.7  25.3
170220260213  0.295  6.7  202.1  9.4  0.74  359.7  25.3
170220260214  0.294  6.8  202.2  9.4  0.60  359.6  25.3
170220260215  0.295  6.9  202.0  9.4  0.63  356.0  25.3
170220260216  0.295  7.0  202.9  9.4  0.58  352.4  25.3
170220260217  0.295  7.1  202.1  9.4  0.63  0.2  25.3
170220260218  0.295  7.3  202.7  10.1  0.58  358.3  25.3
170220260219  0.296  7.4  203.7  10.1  0.55  354.9  25.3
170220260220  0.295  7.7  204.3  11.0  0.62  358.9  25.3
170220260221  0.296  7.9  205.9  11.0  0.48  350.7  25.3
170220260222  0.298  8.1  205.7  11.0  0.57  4.9  25.3
170220260223  0.300  8.1  205.1  11.0  0.58  0.2  25.3
170220260224  0.301  8.1  205.1  11.0  0.35  348.9  25.3
170220260225  0.305  8.5  205.2  12.7  0.38  349.5  25.3
170220260226  0.305  8.6  204.9  12.7  0.43  347.5  25.3
170220260227  0.306  8.7  205.5  12.7  0.41  351.5  25.3
170220260228  0.307  8.7  204.9  12.7  0.42  348.1  25.3
170220260229  0.309  8.8  204.2  12.7  0.44  357.4  25.3
170220260230  0.310  8.7  204.5  12.7  0.56  358.3  25.3
170220260231  0.315  8.7  204.4  12.7  0.44  2.3  25.3
170220260232  0.317  8.7  204.3  12.7  0.46  358.6  25.3
170220260233  0.320  8.8  204.1  12.7  0.20  336.3  25.3
170220260234  0.323  8.8  203.3  12.7  0.35  343.3  25.3
170220260235  0.324  8.5  203.1  10.2  0.28  348.5  25.3
170220260236  0.327  8.5  202.1  10.2  0.23  343.4  25.3
170220260237  0.330  8.4  201.2  10.2  0.13  323.8  25.3
170220260238  0.332  8.1  201.4  10.2  0.13  316.5  25.3
170220260239  0.336  8.0  201.1  10.2  0.19  327.9  25.3
170220260240  0.338  8.0  199.8  10.2  0.23  339.4  25.3
170220260241  0.342  7.9  198.7  10.1  0.14  339.6  25.3
170220260242  0.346  7.8  198.5  10.1  0.14  328.9  25.3
170220260243  0.350  7.7  198.5  10.1  0.25  337.8  25.3
170220260244  0.355  7.6  198.5  10.1  0.18  332.4  25.3
170220260245  0.359  7.7  199.3  10.3  0.16  301.1  25.3
170220260246  0.361  7.7  199.8  10.3  0.17  316.2  25.3
170220260247  0.365  7.9  200.5  10.3  0.22  316.6  25.3
170220260248  0.369  7.9  199.2  10.3  0.18  322.4  25.3
170220260249  0.372  7.9  200.3  10.3  0.14  290.2  25.3
170220260250  0.376  7.9  200.3  10.3  0.17  295.7  25.3
170220260251  0.378  7.9  199.8  10.3  0.10  256.4  25.3
170220260252  0.381  7.8  199.5  10.3  0.30  336.2  25.3
170220260253  0.385  7.9  199.9  10.3  0.17  274.8  25.3
170220260254  0.387  8.0  200.7  10.3  0.16  309.4  25.3
170220260255  0.389  7.9  199.8  10.3  0.12  291.5  25.3
170220260256  0.393  7.8  200.3  10.3  0.30  320.3  25.3
170220260257  0.397  7.7  200.9  10.3  0.16  315.4  25.2
170220260258  0.401  7.8  202.5  10.3  0.20  315.5  25.2
170220260259  0.405  7.7  202.0  10.3  0.15  282.9  25.2
170220260300  0.409  7.6  202.1  10.3  0.18  303.3  25.2
170220260301  0.411  7.6  202.2  10.3  0.15  293.1  25.2
170220260302  0.417  7.7  203.5  10.3  0.23  283.8  25.2
170220260303  0.421  7.6  203.6  9.7  0.17  305.4  25.2
170220260304  0.425  7.4  203.1  9.6  0.23  304.2  25.2
170220260305  0.428  7.3  202.7  9.6  0.28  317.5  25.2
170220260306  0.432  7.3  202.5  9.6  0.22  299.1  25.2
170220260307  0.435  7.3  202.0  9.6  0.21  192.1  25.2
170220260308  0.438  7.3  201.8  9.5  0.26  178.4  25.2
170220260309  0.442  7.3  202.2  9.5  0.26  176.2  25.2
170220260310  0.445  7.3  202.6  9.2  0.26  186.5  25.2
170220260311  0.449  7.3  203.4  9.2  0.18  183.3  25.2
170220260312  0.453  7.3  203.5  9.0  0.29  172.8  25.2
170220260313  0.456  7.3  203.6  9.4  0.32  180.5  25.2
170220260314  0.459  7.4  204.2  9.4  0.29  177.9  25.2
170220260315  0.463  7.6  205.0  9.6  0.25  182.3  25.2
170220260316  0.469  7.7  205.1  9.6  0.26  188.3  25.2
170220260317  0.472  7.5  204.5  9.6  0.32  185.8  25.2
170220260318  0.476  7.5  204.9  9.6  0.26  182.8  25.2
170220260319  0.482  7.4  204.0  9.6  0.29  186.6  25.1
170220260320  0.487  7.5  203.9  10.4  0.39  179.9  25.1
170220260321  0.493  7.5  203.2  10.4  0.34  186.4  25.1
170220260322  0.496  7.5  201.9  10.4  0.33  185.6  25.1
170220260323  0.501  7.4  201.9  10.4  0.39  190.6  25.1
170220260324  0.506  7.6  202.3  11.3  0.27  195.8  25.1
170220260325  0.510  7.6  202.2  11.3  0.33  185.0  25.1
170220260326  0.513  7.8  202.3  11.3  0.35  184.6  25.1
170220260327  0.519  7.9  203.1  11.3  0.42  186.6  25.1
170220260328  0.524  8.0  203.5  11.3  0.33  187.6  25.1
170220260329  0.528  8.0  204.2  11.3  0.42  185.7  25.1
170220260330  0.533  7.9  203.9  11.3  0.41  188.6  25.1
170220260331  0.538  7.9  204.8  11.3  0.37  185.5  25.1
170220260332  0.543  7.9  205.7  11.3  0.42  186.3  25.1
170220260333  0.548  7.9  206.3  11.3  0.44  185.4  25.1
170220260334  0.553  7.7  206.2  10.5  0.35  182.6  25.1
170220260335  0.558  7.5  206.9  10.5  0.45  188.5  25.1
170220260336  0.561  7.3  207.9  9.5  0.48  190.2  25.1
170220260337  0.567  7.2  208.6  9.5  0.43  185.5  25.1
170220260338  0.571  7.1  208.5  9.5  0.49  187.5  25.1
170220260339  0.576  7.2  208.4  9.5  0.48  182.3  25.1
170220260340  0.581  7.2  209.3  9.5  0.43  185.6  25.1
170220260341  0.586  7.1  209.6  9.5  0.28  188.0  25.1
170220260342  0.590  7.0  208.7  9.5  0.51  190.7  25.1
170220260343  0.595  6.9  209.5  9.2  0.39  184.0  25.1
170220260344  0.599  6.8  210.5  9.2  0.42  188.9  25.1
170220260345  0.603  6.8  211.1  9.2  0.31  176.6  25.1
170220260346  0.608  6.8  212.3  9.2  0.42  185.2  25.1
170220260347  0.611  6.8  212.9  9.2  0.35  188.7  25.1
170220260348  0.615  6.7  214.4  9.2  0.47  184.3  25.1
170220260349  0.619  6.6  216.0  9.1  0.46  185.6  25.1
170220260350  0.624  6.7  216.7  9.2  0.48  184.6  25.1
170220260351  0.629  6.7  216.7  9.2  0.50  179.1  25.1
170220260352  0.635  6.8  218.3  9.2  0.37  182.1  25.1
170220260353  0.639  6.7  217.5  9.2  0.37  180.9  25.1
170220260354  0.643  6.8  217.6  9.2  0.37  189.4  25.2
170220260355  0.646  6.8  217.6  9.2  0.55  179.8  25.2
170220260356  0.650  6.9  217.3  9.2  0.55  178.5  25.2
170220260357  0.655  6.9  217.8  9.2  0.50  170.3  25.2
170220260358  0.658  6.9  217.2  9.2  0.49  177.4  25.2
170220260359  0.664  6.9  217.4  9.2  0.56  168.8  25.2
170220260400  0.669  6.8  218.4  8.9  0.45  177.3  25.2
170220260401  0.674  6.9  220.1  8.9  0.48  174.6  25.2
170220260402  0.679  7.0  221.2  8.9  0.51  174.1  25.2
170220260403  0.685  7.2  222.9  9.6  0.48  176.6  25.2
170220260404  0.689  7.3  223.6  9.6  0.55  175.8  25.2
170220260405  0.694  7.4  224.5  9.6  0.58  183.7  25.2
170220260406  0.700  7.5  225.1  9.6  0.53  176.9  25.2
170220260407  0.705  7.5  225.2  9.6  0.63  171.3  25.1
170220260408  0.712  7.6  226.0  9.6  0.68  172.9  25.1
170220260409  0.718  7.6  226.2  9.6  0.71  170.9  25.2
170220260410  0.724  7.5  226.0  9.6  0.67  172.7  25.2
170220260411  0.729  7.4  225.9  9.6  0.68  173.8  25.2
170220260412  0.735  7.3  225.8  9.6  0.74  175.0  25.2
170220260413  0.741  7.2  225.2  9.5  0.71  176.0  25.2
170220260414  0.747  7.0  225.2  9.5  0.69  176.8  25.2
170220260415  0.753  6.9  224.7  9.5  0.68  171.4  25.2
170220260416  0.758  6.8  224.4  8.2  0.78  175.1  25.2
170220260417  0.763  6.7  224.4  8.1  0.82  173.2  25.2
170220260418  0.770  6.6  224.5  8.1  0.85  173.3  25.2
170220260419  0.774  6.6  224.4  8.1  0.68  170.5  25.2
170220260420  0.780  6.7  225.1  8.2  0.72  171.3  25.2
170220260421  0.786  6.8  225.4  8.2  0.79  172.6  25.2
170220260422  0.792  7.0  226.0  8.4  0.88  170.2  25.2
170220260423  0.798  7.0  226.4  8.4  0.93  171.6  25.2
170220260424  0.803  7.1  226.6  9.0  0.96  170.2  25.2
170220260425  0.808  7.1  226.8  9.0  1.12  172.3  25.2
170220260426  0.813  7.2  226.8  9.0  0.97  169.0  25.2
170220260427  0.819  7.3  227.0  9.0  0.85  164.9  25.2
170220260428  0.824  7.4  226.8  9.0  1.04  169.8  25.2
170220260429  0.827  7.4  227.0  9.0  0.97  169.3  25.2
170220260430  0.832  7.3  226.9  9.0  0.98  167.0  25.2
170220260431  0.838  7.2  226.9  9.0  1.06  168.1  25.1
170220260432  0.842  7.2  226.8  9.0  0.88  169.6  25.1
170220260433  0.847  7.2  226.8  9.0  1.01  167.4  25.1
170220260434  0.853  7.3  227.1  8.6  1.06  169.3  25.1
170220260435  0.858  7.3  227.5  8.6  1.07  169.8  25.1
170220260436  0.864  7.3  227.9  8.6  1.17  171.3  25.1
170220260437  0.869  7.2  228.1  8.6  1.20  171.0  25.1
170220260438  0.876  7.2  228.7  8.6  1.19  170.6  25.1
170220260439  0.882  7.2  228.8  8.6  1.31  170.4  25.1
170220260440  0.888  7.3  229.2  8.6  1.24  170.9  25.1
170220260441  0.894  7.3  229.1  8.6  1.31  171.7  25.1
170220260442  0.898  7.3  229.0  8.6  1.12  168.1  25.1
170220260443  0.903  7.3  229.3  8.6  1.12  170.1  25.1
170220260444  0.910  7.2  229.7  8.6  1.24  170.6  25.1
170220260445  0.915  7.3  230.1  8.6  1.06  169.4  25.0
170220260446  0.921  7.2  230.3  8.6  1.14  165.6  25.0
170220260447  0.926  7.3  230.5  8.6  1.21  169.3  25.0
170220260448  0.933  7.3  230.4  8.6  1.18  172.3  25.0
170220260449  0.937  7.3  230.5  8.4  1.09  168.7  25.0
170220260450  0.941  7.2  230.1  8.4  1.23  171.1  25.0
170220260451  0.946  7.2  230.2  8.4  1.11  171.3  25.0
170220260452  0.950  7.2  230.1  8.4  1.26  173.3  25.0
170220260453  0.954  7.2  229.8  8.4  1.18  171.7  25.0
170220260454  0.960  7.1  229.5  8.4  1.21  173.2  25.0
170220260455  0.966  7.1  229.2  8.4  1.10  172.8  25.0
170220260456  0.971  7.0  229.2  8.4  1.06  167.3  25.0
170220260457  0.977  7.0  229.0  8.5  1.14  173.6  25.0
170220260458  0.982  7.0  228.8  8.5  1.18  172.6  25.0
170220260459  0.988  7.0  228.7  8.5  1.05  171.5  25.0
170220260500  0.993  7.0  228.4  8.5  1.08  172.9  25.0
170220260501  0.998  7.0  227.9  8.5  1.00  170.5  25.0
170220260502  1.003  7.0  227.7  8.5  1.20  174.4  25.0
170220260503  1.008  7.0  227.9  8.5  1.18  173.4  25.0
170220260504  1.015  7.0  228.0  8.5  1.14  173.9  25.0
170220260505  1.020  6.9  227.8  8.5  1.12  179.3  25.0
170220260506  1.027  6.9  227.5  8.5  1.11  185.1  25.0
170220260507  1.034  6.9  227.6  8.2  1.18  182.1  25.0
170220260508  1.041  6.8  227.7  8.2  1.08  182.1  25.0
170220260509  1.048  6.8  227.7  8.2  1.18  179.7  25.0
170220260510  1.056  6.8  228.1  9.2  1.15  182.1  25.0
170220260511  1.062  6.8  228.7  9.2  1.14  181.6  25.0
170220260512  1.070  6.7  228.9  9.2  1.09  179.6  25.0
170220260513  1.077  6.7  228.0  9.2  1.02  180.0  25.0
170220260514  1.084  6.7  227.9  9.2  1.05  180.8  25.0
170220260515  1.092  6.8  228.0  9.2  1.00  179.6  25.0
170220260516  1.099  6.8  228.2  9.2  1.10  183.5  25.0
170220260517  1.105  6.8  228.2  9.2  0.94  180.1  25.0
170220260518  1.111  6.9  228.0  9.2  1.03  180.4  25.0
170220260519  1.118  7.0  228.0  9.2  1.13  181.5  25.1
170220260520  1.124  7.0  228.1  8.4  1.20  182.4  25.0
170220260521  1.131  7.1  228.1  8.4  1.04  177.6  25.0
170220260522  1.136  7.2  228.9  8.8  1.06  177.9  25.0
170220260523  1.143  7.3  229.6  8.8  1.21  180.0  25.0
170220260524  1.149  7.3  229.9  8.8  1.16  176.1  25.0
170220260525  1.155  7.4  229.9  8.8  1.18  173.0  25.0
170220260526  1.160  7.4  230.0  8.8  1.11  173.6  25.0
170220260527  1.167  7.4  230.1  8.8  1.12  173.7  25.0
170220260528  1.174  7.4  230.4  8.8  1.09  177.2  25.0
170220260529  1.179  7.3  230.7  8.8  1.10  177.0  25.0
170220260530  1.186  7.3  230.9  8.8  1.12  174.4  25.0
170220260531  1.191  7.2  231.0  8.8  1.09  173.2  25.0
170220260532  1.195  7.1  230.7  8.5  1.09  174.3  25.0
170220260533  1.201  6.9  230.6  8.2  0.94  172.8  25.0
170220260534  1.206  6.8  229.9  8.0  0.89  169.1  25.0
170220260535  1.211  6.6  229.6  8.0  1.02  173.1  25.0
170220260536  1.217  6.5  229.4  7.8  0.80  172.6  25.0
170220260537  1.221  6.5  229.2  7.8  0.94  174.4  25.0
170220260538  1.226  6.4  229.2  7.8  0.89  173.0  25.0
170220260539  1.231  6.2  229.0  7.8  0.97  173.6  25.0
170220260540  1.237  6.1  228.0  7.5  0.97  173.7  25.0
170220260541  1.242  6.0  228.1  7.3  0.92  174.4  25.0
170220260542  1.247  5.9  228.2  7.3  0.86  171.8  25.0
170220260543  1.253  5.8  228.5  7.3  0.88  173.0  25.0
170220260544  1.257  5.9  228.6  7.3  0.82  173.3  25.0
170220260545  1.263  5.9  228.4  7.3  1.00  176.6  25.0
170220260546  1.268  6.0  227.7  7.8  0.91  174.0  25.0
170220260547  1.273  6.0  227.5  7.8  0.76  176.9  25.0
170220260548  1.278  6.1  226.8  8.1  0.93  175.6  24.9
170220260549  1.284  6.2  226.9  8.1  1.04  175.3  24.9
170220260550  1.290  6.4  227.2  8.1  1.00  173.5  24.9
170220260551  1.295  6.5  226.4  8.1  0.83  172.0  24.9
170220260552  1.301  6.6  226.2  8.1  0.96  176.4  24.9
170220260553  1.306  6.7  226.0  8.1  0.97  171.6  24.9
170220260554  1.311  6.7  226.1  8.1  1.00  175.3  24.9
170220260555  1.317  6.8  226.1  8.1  1.00  176.9  24.9
170220260556  1.322  6.8  226.7  8.1  1.04  175.6  24.9
170220260557  1.327  6.8  227.2  8.1  0.93  176.2  24.9
170220260558  1.333  6.7  227.0  8.1  1.02  177.9  24.9
170220260559  1.338  6.7  226.8  8.1  0.91  173.6  24.9
170220260600  1.344  6.6  226.9  8.1  0.99  177.0  24.9
170220260601  1.350  6.5  227.2  8.1  0.92  173.6  24.9
170220260602  1.355  6.6  226.8  8.1  0.95  176.5  24.8
170220260603  1.360  6.5  226.8  8.1  0.90  178.2  24.8
170220260604  1.366  6.4  227.0  8.0  0.84  176.4  24.8
170220260605  1.371  6.3  227.1  8.0  0.94  178.9  24.8
170220260606  1.376  6.3  227.6  8.0  0.73  176.7  24.8
170220260607  1.382  6.3  227.6  8.0  0.84  177.1  24.8
170220260608  1.387  6.4  228.7  8.0  0.77  177.6  24.8
170220260609  1.392  6.4  229.4  8.0  0.80  172.2  24.8
170220260610  1.396  6.3  229.8  7.9  0.97  169.7  24.8
170220260611  1.401  6.5  230.0  8.7  0.96  174.9  24.8
170220260612  1.404  6.5  230.7  8.7  0.92  181.3  24.8
170220260613  1.408  6.6  230.8  8.7  0.82  179.3  24.8
170220260614  1.414  6.9  231.1  8.7  0.85  182.0  24.8
170220260615  1.417  7.0  231.7  9.1  0.90  175.6  24.8
170220260616  1.422  7.2  231.6  9.1  0.81  177.1  24.8
170220260617  1.427  7.3  231.6  9.1  0.90  179.1  24.7
170220260618  1.432  7.2  231.5  9.1  0.86  178.0  24.7
170220260619  1.436  7.2  231.0  9.1  0.90  176.2  24.7
170220260620  1.441  7.2  230.4  9.1  0.82  171.0  24.7
170220260621  1.446  7.1  230.7  9.1  0.94  176.7  24.7
170220260622  1.451  7.0  230.7  9.1  1.06  174.5  24.7
170220260623  1.456  7.0  231.1  9.1  1.00  173.3  24.7
170220260624  1.461  7.0  232.0  9.1  1.03  180.3  24.7
170220260625  1.466  7.0  232.1  8.9  0.97  178.9  24.7
170220260626  1.472  6.9  232.1  8.9  1.09  181.1  24.7
170220260627  1.477  6.9  232.1  8.9  1.08  178.7  24.7
170220260628  1.483  6.8  231.1  8.9  1.16  182.8  24.7
170220260629  1.488  6.7  230.5  8.9  1.03  181.1  24.7
170220260630  1.494  6.9  231.1  9.0  1.03  179.8  24.7
170220260631  1.499  6.9  230.6  9.0  1.04  176.8  24.7
170220260632  1.505  7.0  230.3  9.0  0.73  172.8  24.7
170220260633  1.511  6.9  229.4  9.0  0.94  178.5  24.7
170220260634  1.517  6.8  227.0  9.0  0.98  177.2  24.7
170220260635  1.523  6.6  226.2  9.0  0.94  176.7  24.7
170220260636  1.528  6.5  224.6  9.0  0.97  179.1  24.7
170220260637  1.533  6.4  224.4  9.0  1.01  175.8  24.7
170220260638  1.538  6.3  224.2  9.0  1.00  174.1  24.7
170220260639  1.543  6.3  223.8  9.0  1.14  179.5  24.7
170220260640  1.548  6.2  221.9  8.8  0.95  174.8  24.7
170220260641  1.553  6.1  220.9  8.8  0.72  172.0  24.7
170220260642  1.558  5.9  219.6  7.9  0.79  182.4  24.7
170220260643  1.563  5.9  218.7  7.4  0.98  181.2  24.7
170220260644  1.567  5.8  219.2  7.1  1.04  183.4  24.7
170220260645  1.571  5.8  218.9  7.1  1.08  188.3  24.7
170220260646  1.576  5.9  219.5  8.1  1.09  186.1  24.7
170220260647  1.581  6.0  219.1  8.6  1.14  184.3  24.7
170220260648  1.586  6.2  219.1  8.8  1.27  187.1  24.7
170220260649  1.592  6.2  219.4  8.8  1.16  187.3  24.7
170220260650  1.596  6.2  220.0  8.8  0.93  182.6  24.7
170220260651  1.601  6.2  220.5  8.8  0.96  181.5  24.7
170220260652  1.605  6.4  221.4  8.8  0.95  184.6  24.7
170220260653  1.608  6.4  222.3  8.8  0.94  179.1  24.7
170220260654  1.612  6.4  223.0  9.3  0.99  180.0  24.7
170220260655  1.615  6.5  223.3  9.3  1.02  180.8  24.7
170220260656  1.618  6.5  223.3  9.3  1.02  180.6  24.7
170220260657  1.622  6.4  223.2  9.3  0.90  179.0  24.7
170220260658  1.626  6.5  223.7  10.6  1.01  182.5  24.7
170220260659  1.629  6.5  224.2  10.6  0.84  180.6  24.7
170220260700  1.631  6.6  223.0  10.6  0.98  183.7  24.7
170220260701  1.633  6.6  221.9  10.6  0.74  177.3  24.7
170220260702  1.637  6.5  221.2  10.6  0.96  183.0  24.7
170220260703  1.640  6.6  220.1  10.6  0.95  178.1  24.6
170220260704  1.643  6.4  218.2  10.6  0.91  180.0  24.6
170220260705  1.646  6.3  217.8  10.6  0.85  179.1  24.6
170220260706  1.647  6.3  217.2  10.6  0.78  175.9  24.6
170220260707  1.651  6.3  216.1  10.6  0.53  188.5  24.6
170220260708  1.652  6.3  215.1  8.9  0.81  184.7  24.6
170220260709  1.655  6.4  213.6  9.4  0.79  175.5  24.6
170220260710  1.658  6.4  212.8  9.4  0.85  179.9  24.6
170220260711  1.662  6.6  212.4  9.4  0.86  176.7  24.6
170220260712  1.664  6.6  210.9  9.4  0.63  187.3  24.6
170220260713  1.667  6.6  208.1  9.4  0.69  182.9  24.6
170220260714  1.670  6.8  207.5  9.4  0.66  173.0  24.6
170220260715  1.673  6.9  205.6  9.4  0.90  181.3  24.6
170220260716  1.675  7.1  204.9  11.2  0.86  179.5  24.6
170220260717  1.679  7.3  203.4  11.2  0.73  176.7  24.6
170220260718  1.682  7.1  201.6  11.2  0.78  176.7  24.6
170220260719  1.684  7.1  201.4  11.2  0.82  176.2  24.6
170220260720  1.688  7.1  200.6  11.2  0.78  174.4  24.6
170220260721  1.689  6.8  199.8  11.2  0.86  174.3  24.6
170220260722  1.693  6.7  199.0  11.2  0.85  175.3  24.6
170220260723  1.696  6.6  199.2  11.2  0.70  169.9  24.6
170220260724  1.698  6.5  198.2  11.2  0.84  179.8  24.6
170220260725  1.701  6.6  197.6  11.2  0.86  174.9  24.6
170220260726  1.703  6.3  196.2  9.3  0.59  184.9  24.6
170220260727  1.705  6.3  197.1  9.1  0.81  183.5  24.6
170220260728  1.708  6.4  197.3  9.1  0.61  177.5  24.6
170220260729  1.712  6.4  196.1  9.1  0.65  179.4  24.6
170220260730  1.716  6.3  195.9  9.1  0.63  176.8  24.6
170220260731  1.718  6.5  195.6  9.1  0.59  185.5  24.6
170220260732  1.721  6.7  195.9  9.6  0.50  186.7  24.6
170220260733  1.724  6.9  196.6  9.6  0.76  175.7  24.7
170220260734  1.727  6.9  197.2  9.6  0.77  177.3  24.7
170220260735  1.730  6.9  197.6  9.8  0.66  173.7  24.7
170220260736  1.732  7.1  196.9  9.8  0.73  181.1  24.7
170220260737  1.735  7.0  195.6  9.8  0.66  186.3  24.7
170220260738  1.738  7.1  196.1  9.8  0.43  189.0  24.7
170220260739  1.741  6.9  195.9  9.8  0.63  172.7  24.6
170220260740  1.743  7.0  196.9  9.8  0.74  175.0  24.6
170220260741  1.746  6.9  196.0  9.8  0.45  172.9  24.6
170220260742  1.748  6.8  195.4  10.0  0.59  174.3  24.6
170220260743  1.751  6.9  194.3  10.5  0.52  171.9  24.6
170220260744  1.752  6.6  192.7  10.5  0.69  178.5  24.7
170220260745  1.754  6.1  192.9  10.5  0.65  174.0  24.7
170220260746  1.756  5.9  192.6  10.5  0.70  174.3  24.7
170220260747  1.757  5.9  193.3  10.5  0.75  181.3  24.7
170220260748  1.759  5.9  189.6  11.8  0.69  174.1  24.7
170220260749  1.761  6.1  187.5  11.8  0.49  168.3  24.7
170220260750  1.764  6.3  186.2  11.8  0.51  183.1  24.7
170220260751  1.764  6.6  184.9  11.8  0.67  179.0  24.7
170220260752  1.766  6.6  183.9  11.8  0.44  176.6  24.7
170220260753  1.768  6.5  184.1  11.8  0.74  174.7  24.7
170220260754  1.769  6.8  184.7  11.8  0.67  175.1  24.7
170220260755  1.770  7.2  184.5  11.8  0.54  178.6  24.7
170220260756  1.771  7.6  184.0  11.8  0.74  173.6  24.7
170220260757  1.772  7.6  183.1  11.8  0.61  173.7  24.7
170220260758  1.773  7.5  185.3  11.3  0.57  175.6  24.7
170220260759  1.774  7.3  185.2  11.3  0.72  174.4  24.7
170220260800  1.774  7.1  184.6  11.1  0.63  171.3  24.7
170220260801  1.775  7.0  185.5  11.1  0.57  177.7  24.7
170220260802  1.776  7.0  186.0  11.1  0.59  170.0  24.7
170220260803  1.776  7.1  184.9  11.1  0.69  174.8  24.7
170220260804  1.777  7.1  186.0  11.1  0.54  169.3  24.7
170220260805  1.778  7.1  184.4  11.1  0.61  175.5  24.7
170220260806  1.778  6.8  183.9  10.1  0.63  176.6  24.7
170220260807  1.779  6.8  183.4  10.1  0.60  172.9  24.7
170220260808  1.779  6.6  181.3  10.1  0.67  177.4  24.7
170220260809  1.781  6.5  183.8  10.1  0.44  155.5  24.7
170220260810  1.781  6.4  185.1  10.1  0.48  173.1  24.7
170220260811  1.781  6.4  186.9  10.1  0.53  181.8  24.7
170220260812  1.781  6.4  188.2  10.1  0.55  172.4  24.7
170220260813  1.782  6.3  189.4  10.1  0.64  173.9  24.7
170220260814  1.782  6.3  188.6  9.1  0.56  177.1  24.7
170220260815  1.783  6.4  190.3  9.1  0.69  175.2  24.7
170220260816  1.783  6.3  191.7  9.1  0.58  172.6  24.7
170220260817  1.782  6.1  193.8  9.1  0.62  171.0  24.7
170220260818  1.783  6.3  197.0  9.1  0.57  177.9  24.7
170220260819  1.784  6.3  197.6  9.1  0.63  172.8  24.7
170220260820  1.783  6.4  198.0  9.1  0.54  172.3  24.7
170220260821  1.783  6.4  198.3  9.1  0.56  172.1  24.7
170220260822  1.782  6.3  198.9  9.1  0.57  170.1  24.7
170220260823  1.783  6.4  199.5  9.1  0.64  176.9  24.7
170220260824  1.783  6.2  199.3  11.0  0.57  180.0  24.7
170220260825  1.785  5.8  199.3  11.0  0.58  165.0  24.7
170220260826  1.784  6.0  200.3  11.0  0.61  174.4  24.7
170220260827  1.785  5.9  200.0  11.0  0.58  179.1  24.7
170220260828  1.786  5.8  199.3  11.0  0.59  178.1  24.7
170220260829  1.787  5.6  197.5  11.0  0.50  174.9  24.7
170220260830  1.789  5.5  195.9  11.0  0.59  180.6  24.7
170220260831  1.791  5.3  194.2  11.0  0.49  177.2  24.7
170220260832  1.792  5.2  193.1  11.0  0.47  180.7  24.7
170220260833  1.792  4.9  191.7  11.0  0.42  175.4  24.7
170220260834  1.794  4.8  191.9  8.5  0.67  179.3  24.7
170220260835  1.795  4.9  189.6  8.5  0.58  180.8  24.7
170220260836  1.795  5.0  189.7  8.6  0.44  175.8  24.7
170220260837  1.796  5.2  188.9  8.6  0.62  185.5  24.7
170220260838  1.798  5.4  187.6  8.6  0.49  175.6  24.7
170220260839  1.798  5.6  190.3  8.6  0.42  180.1  24.7
170220260840  1.798  5.6  192.0  8.6  0.56  179.0  24.7
170220260841  1.800  5.4  190.8  8.6  0.45  175.4  24.7
170220260842  1.799  5.3  189.3  8.6  0.52  179.8  24.7
170220260843  1.799  5.4  190.6  8.6  0.45  175.1  24.7
170220260844  1.799  5.1  188.9  8.6  0.55  176.1  24.7
170220260845  1.799  4.8  186.9  8.6  0.46  174.9  24.7
170220260846  1.798  4.8  182.4  8.7  0.55  178.3  24.7
170220260847  1.796  4.7  180.4  8.7  0.45  170.5  24.7
170220260848  1.795  4.7  177.6  8.7  0.48  179.2  24.7
170220260849  1.792  4.6  170.6  8.7  0.50  168.1  24.7
170220260850  1.790  4.6  168.3  8.7  0.56  176.1  24.7
170220260851  1.789  4.8  169.8  8.7  0.44  173.4  24.7
170220260852  1.787  4.9  171.0  8.7  0.53  176.1  24.7
170220260853  1.785  5.0  167.6  8.7  0.57  180.4  24.7
170220260854  1.783  5.2  168.2  8.7  0.55  173.1  24.7
170220260855  1.781  5.2  170.7  8.7  0.50  182.7  24.7
170220260856  1.778  4.8  169.8  7.7  0.42  171.9  24.7
170220260857  1.776  4.5  167.3  7.6  0.52  176.6  24.7
170220260858  1.773  4.2  167.0  7.6  0.43  175.5  24.7
170220260859  1.770  3.9  166.8  7.6  0.54  179.5  24.7
170220260900  1.768  3.7  167.1  7.6  0.49  179.2  24.8
170220260901  1.766  3.4  165.6  7.3  0.44  172.2  24.7
170220260902  1.764  3.3  162.7  7.5  0.38  169.9  24.8
170220260903  1.762  3.1  165.5  7.5  0.41  169.8  24.7
170220260904  1.758  2.9  166.4  7.5  0.41  169.4  24.8
170220260905  1.756  2.7  164.9  7.5  0.52  179.4  24.8
170220260906  1.755  2.7  162.2  7.5  0.41  172.9  24.8
170220260907  1.752  2.8  168.4  7.5  0.52  171.1  24.8
170220260908  1.750  2.9  169.0  7.5  0.45  171.0  24.8
170220260909  1.747  3.0  172.8  7.5  0.38  171.5  24.8
170220260910  1.745  3.0  168.3  7.5  0.37  164.7  24.8
170220260911  1.743  2.9  162.5  7.5  0.34  172.3  24.8
170220260912  1.740  nan  nan  nan  0.41  176.1  24.8
170220260913  1.736  2.6  157.3  5.9  0.43  170.7  24.8
170220260914  1.732  2.6  152.6  5.9  0.41  173.9  24.8
170220260915  1.730  2.7  161.7  7.2  0.33  168.6  24.8
170220260916  1.726  2.8  164.7  7.2  0.43  177.2  24.8
170220260917  1.722  2.8  163.0  7.3  0.28  169.4  24.8
170220260918  1.718  3.1  166.5  9.3  0.29  197.0  24.8
170220260919  1.715  3.0  166.2  9.3  0.32  157.3  24.8
170220260920  1.709  3.3  170.2  9.3  0.36  149.4  24.8
170220260921  1.705  3.4  169.7  9.3  0.28  167.0  24.8
170220260922  1.700  3.5  166.7  9.3  0.28  166.8  24.8
170220260923  1.694  3.6  163.4  9.3  0.31  165.5  24.8
170220260924  1.689  3.9  165.7  9.3  0.06  122.2  24.8
170220260925  1.683  3.9  160.3  9.3  0.20  135.7  24.8
170220260926  1.679  3.8  161.0  9.3  0.35  169.4  24.8
170220260927  1.675  3.8  158.1  9.3  0.25  153.6  24.8
170220260928  1.670  3.6  154.5  9.0  0.21  164.6  24.8
170220260929  1.667  3.7  153.0  9.0  0.33  165.8  24.8
170220260930  1.663  3.8  147.2  9.0  0.18  177.5  24.8
170220260931  1.659  4.0  147.2  9.0  0.17  180.3  24.8
170220260932  1.655  4.0  147.9  8.6  0.24  159.2  24.8
170220260933  1.651  4.3  148.1  8.6  0.20  157.1  24.8
170220260934  1.647  4.3  150.9  10.4  0.25  139.3  24.8
170220260935  1.644  4.4  154.7  10.4  0.14  170.8  24.9
170220260936  1.640  4.2  155.7  10.4  0.18  174.5  24.8
170220260937  1.637  4.4  160.0  10.4  0.09  105.2  24.8
170220260938  1.633  4.7  161.1  10.4  0.15  177.2  24.8
170220260939  1.631  4.5  157.8  10.4  0.18  173.5  24.8
170220260940  1.627  4.4  158.0  10.4  0.17  198.5  24.8
170220260941  1.625  4.3  162.3  10.4  0.05  130.3  24.8
170220260942  1.622  3.9  163.4  10.4  0.07  215.2  24.8
170220260943  1.620  3.9  167.9  10.4  0.08  188.7  24.8
170220260944  1.616  3.7  167.0  8.9  0.06  168.2  24.8
170220260945  1.614  3.5  164.6  8.5  0.04  16.3  24.9
170220260946  1.612  3.9  164.0  8.5  nan  nan  nan
170220260947  1.608  3.9  166.3  9.1  0.19  171.4  24.9
170220260948  1.603  4.0  169.6  12.1  0.10  172.3  24.9
170220260949  1.600  4.4  172.2  12.1  0.04  148.8  24.9
170220260950  1.598  4.6  175.9  12.1  0.10  218.5  24.9
170220260951  1.596  4.7  177.5  12.1  0.09  25.8  24.9
170220260952  1.595  4.9  178.5  12.1  0.03  139.8  24.9
170220260953  1.592  4.6  178.1  12.1  0.05  185.2  24.9
170220260954  1.589  4.5  179.1  12.1  0.05  183.7  24.9
170220260955  1.586  4.6  181.5  12.1  0.08  169.0  24.9
170220260956  1.584  4.5  182.4  12.1  nan  nan  nan
170220260957  1.583  4.1  179.9  12.1  0.09  221.6  24.9
170220260958  1.580  3.5  177.5  8.7  0.05  344.5  24.9
170220260959  1.579  3.3  174.7  7.7  0.12  351.6  24.9
170220261000  1.576  3.2  169.4  7.7  0.03  288.7  24.9
170220261001  1.573  3.4  162.5  8.2  0.07  335.4  24.9
170220261002  1.570  3.5  162.4  8.2  0.03  338.4  24.9
170220261003  1.568  3.5  161.7  8.2  0.04  192.7  24.9
170220261004  1.564  3.7  162.8  8.2  0.05  344.5  24.9
170220261005  1.561  4.0  158.6  8.2  0.07  287.7  24.9
170220261006  1.558  4.1  155.6  8.2  0.14  327.2  24.9
170220261007  1.554  4.4  153.1  8.2  0.15  349.2  24.9
170220261008  1.552  4.5  152.3  8.2  0.08  341.6  24.9
170220261009  1.548  4.5  152.8  8.2  0.05  231.6  24.9
170220261010  1.545  4.5  153.4  8.2  0.11  356.7  24.9
170220261011  1.542  4.2  153.6  8.2  0.14  352.8  24.9
170220261012  1.538  4.2  150.6  8.2  0.04  319.1  24.9
170220261013  1.535  4.3  149.9  8.6  0.12  318.7  24.9
170220261014  1.531  4.4  148.0  8.6  0.06  300.8  24.9
170220261015  1.527  4.6  146.0  11.5  0.10  355.1  24.9
170220261016  1.524  4.6  145.6  11.5  0.12  258.7  24.9
170220261017  1.522  4.6  146.5  11.5  0.18  338.9  24.9
170220261018  1.519  4.8  144.2  11.5  0.14  325.0  24.9
170220261019  1.516  4.8  147.4  11.5  0.07  360.0  24.9
170220261020  1.513  4.9  151.2  11.5  0.08  338.8  24.9
170220261021  1.509  4.9  153.4  11.5  0.08  286.8  24.9
170220261022  1.506  4.7  154.8  11.5  0.05  300.0  24.9
170220261023  1.501  4.9  160.3  11.5  0.14  353.5  24.9
170220261024  1.496  5.1  159.0  11.5  0.21  23.8  24.9
170220261025  1.492  4.9  160.3  10.0  0.20  13.4  24.9
170220261026  1.489  5.0  161.5  10.0  0.14  3.7  24.9
170220261027  1.483  4.9  162.0  10.0  0.25  7.4  24.9
170220261028  1.479  4.8  165.0  10.0  0.21  8.4  24.9
170220261029  1.474  4.6  164.1  10.0  0.24  8.6  24.9
170220261030  1.468  4.5  160.8  10.4  0.31  11.4  24.9
170220261031  1.461  4.6  160.6  10.4  0.16  2.4  24.9
170220261032  1.454  4.8  155.8  10.4  0.29  7.7  24.9
170220261033  1.449  4.8  151.2  10.4  0.25  354.5  24.9
170220261034  1.442  4.6  152.4  10.4  0.27  12.5  24.9
170220261035  1.436  4.6  153.0  10.4  0.37  2.5  24.9
170220261036  1.431  4.3  152.6  10.4  0.28  10.4  24.9
170220261037  1.425  4.2  150.4  10.4  0.48  5.8  24.9
170220261038  1.418  4.4  152.2  10.4  0.31  5.7  24.9
170220261039  1.413  4.7  153.3  10.4  0.39  3.8  24.9
170220261040  1.408  5.0  154.2  8.7  0.33  14.8  24.9
170220261041  1.401  5.0  154.4  8.7  0.30  11.9  24.9
170220261042  1.394  5.0  158.5  8.7  0.44  6.4  24.9
170220261043  1.388  4.9  158.5  8.7  0.31  10.0  24.9
170220261044  1.382  4.9  158.1  8.7  0.46  9.3  24.9
170220261045  1.375  5.3  158.2  9.8  0.48  10.5  24.9
170220261046  1.367  5.5  156.7  9.8  0.54  12.9  24.9
170220261047  1.360  5.8  159.0  9.8  0.62  18.4  24.9
170220261048  1.353  5.9  158.3  10.3  0.60  14.5  24.9
170220261049  1.346  5.9  158.2  10.3  0.73  12.7  24.9
170220261050  1.339  5.8  159.6  10.3  0.80  13.9  24.9
170220261051  1.332  6.0  160.2  10.3  0.71  11.9  24.9
170220261052  1.326  6.0  159.9  10.3  0.72  18.1  24.9
170220261053  1.321  6.2  161.5  10.3  0.68  9.5  24.9
170220261054  1.314  6.2  160.3  10.3  0.78  17.8  24.9
170220261055  1.307  6.0  160.8  10.3  0.80  15.2  24.9
170220261056  1.302  6.0  162.5  10.3  0.87  13.7  24.9
170220261057  1.297  5.8  162.5  10.3  0.82  10.8  24.9
170220261058  1.291  5.8  163.4  9.7  0.76  6.0  24.9
170220261059  1.285  5.7  161.8  9.9  0.83  2.9  24.9
170220261100  1.279  5.6  159.5  9.9  0.67  8.2  24.9
170220261101  1.274  5.4  156.1  9.9  0.73  6.8  25.0
170220261102  1.268  5.3  156.2  9.9  0.71  10.6  25.0
170220261103  1.261  5.3  155.3  9.9  0.66  9.2  25.0
170220261104  1.256  5.2  157.0  9.9  0.66  8.7  25.0
170220261105  1.251  5.2  158.5  9.9  0.70  8.4  25.0
170220261106  1.246  4.7  157.5  9.9  0.80  6.1  25.0
170220261107  1.241  4.9  160.2  9.9  0.70  2.2  25.0
170220261108  1.236  4.8  159.9  9.9  0.84  4.4  25.0
170220261109  1.232  4.8  161.6  9.9  0.71  3.5  25.0
170220261110  1.227  4.5  161.7  9.9  0.72  4.9  25.0
170220261111  1.222  4.3  163.6  9.9  0.71  6.3  25.0
170220261112  1.218  4.1  163.0  9.9  0.79  5.6  25.0
170220261113  1.214  4.1  166.1  9.9  0.75  6.9  25.0
170220261114  1.208  4.0  166.9  9.9  0.79  2.1  25.0
170220261115  1.202  4.0  163.8  9.9  0.83  2.0  25.0
170220261116  1.199  4.5  167.2  9.9  0.81  358.0  25.0
170220261117  1.194  4.4  164.3  8.8  0.79  359.8  25.0
170220261118  1.191  4.3  163.8  8.8  0.80  1.3  25.0
170220261119  1.187  4.2  162.5  8.8  0.64  3.0  25.0
170220261120  1.182  4.3  162.3  8.8  0.69  0.5  25.0
170220261121  1.178  4.5  163.8  8.8  0.66  358.8  25.0
170220261122  1.176  4.7  165.9  8.8  0.56  349.4  25.0
170220261123  1.172  5.0  165.7  8.9  0.63  353.8  25.0
170220261124  1.169  5.1  166.0  8.9  0.70  359.5  25.0
170220261125  1.164  5.2  166.9  8.9  0.60  353.4  25.0
170220261126  1.160  5.1  163.0  8.9  0.65  355.4  25.0
170220261127  1.156  5.0  163.3  8.9  0.63  359.8  25.0
170220261128  1.153  5.0  163.1  8.9  0.55  355.2  25.0
170220261129  1.149  5.2  165.5  8.9  0.64  355.1  25.0
170220261130  1.146  5.4  165.6  9.2  0.54  0.3  25.0
170220261131  1.141  5.1  163.2  9.2  0.73  4.7  25.0
170220261132  1.139  4.9  162.2  9.2  0.60  1.2  25.0
170220261133  1.133  4.4  160.4  9.2  0.63  2.2  25.0
170220261134  1.128  4.0  157.9  9.2  0.65  358.1  25.0
170220261135  1.123  3.7  155.8  9.2  0.71  1.0  25.0
170220261136  1.118  3.4  154.9  9.2  0.59  1.2  25.0
170220261137  1.114  3.2  149.1  9.2  0.74  352.8  25.1
170220261138  1.107  2.9  146.5  9.2  0.65  0.7  25.1
170220261139  1.102  2.9  146.8  10.1  0.66  1.9  25.1
170220261140  1.097  2.8  150.9  10.1  0.79  0.1  25.1
170220261141  1.092  3.0  147.9  10.1  0.77  3.3  25.1
170220261142  1.088  3.3  142.3  10.1  0.68  359.8  25.1
170220261143  1.082  3.5  139.0  10.1  0.68  4.7  25.1
170220261144  1.077  3.9  136.5  10.1  0.68  4.5  25.1
170220261145  1.070  4.1  139.7  10.1  0.64  5.6  25.1
170220261146  1.066  4.3  138.2  10.5  0.76  3.3  25.1
170220261147  1.061  4.3  140.6  10.5  0.75  1.9  25.1
170220261148  1.055  4.5  139.8  10.5  0.88  2.5  25.1
170220261149  1.051  4.5  136.1  10.5  0.70  1.4  25.1
170220261150  1.044  4.7  132.4  10.5  0.80  3.2  25.1
170220261151  1.039  4.7  132.2  10.5  0.71  7.2  25.1
170220261152  1.033  4.5  133.5  10.5  0.69  7.6  25.1
170220261153  1.029  4.2  135.1  10.5  0.83  7.5  25.1
170220261154  1.023  4.1  139.6  10.5  0.77  12.8  25.1
170220261155  1.017  3.8  138.9  10.5  0.81  9.0  25.1
170220261156  1.011  3.8  135.9  9.3  0.73  9.4  25.1
170220261157  1.005  4.0  136.2  9.3  0.77  11.2  25.1
170220261158  0.999  3.9  136.9  9.3  0.82  5.8  25.1
170220261159  0.993  4.0  136.6  9.3  0.71  7.5  25.1
170220261200  0.986  3.8  135.5  8.7  0.85  13.1  25.1
170220261201  0.978  3.9  137.4  11.5  0.89  17.0  25.1
170220261202  0.972  4.1  137.5  11.5  0.94  12.3  25.1
170220261203  0.964  4.3  135.0  11.5  0.91  11.6  25.1
170220261204  0.958  4.5  132.5  11.5  0.87  14.2  25.1
170220261205  0.951  4.5  132.6  11.5  0.85  13.8  25.2
170220261206  0.944  4.6  134.0  11.5  0.91  15.7  25.2
170220261207  0.937  4.7  132.9  11.5  0.90  13.1  25.2
170220261208  0.930  4.7  131.7  11.5  0.95  17.8  25.2
170220261209  0.924  4.7  128.4  11.5  0.92  19.6  25.2
170220261210  0.916  5.0  126.3  11.5  0.92  15.7  25.2
170220261211  0.910  4.8  124.5  10.6  0.93  13.6  25.2
170220261212  0.905  4.7  124.5  9.1  1.14  16.3  25.2
170220261213  0.900  4.8  124.0  9.7  0.92  16.9  25.2
170220261214  0.894  4.9  124.5  9.7  0.98  17.6  25.2
170220261215  0.887  5.2  122.0  9.7  0.95  18.7  25.2
170220261216  0.880  5.1  124.7  9.7  0.98  17.8  25.2
170220261217  0.875  5.0  121.9  9.7  0.97  19.7  25.2
170220261218  0.870  5.2  123.6  9.7  0.99  18.7  25.2
170220261219  0.865  5.0  124.6  9.7  0.88  23.9  25.2
170220261220  0.857  4.7  125.9  9.7  0.88  20.5  25.2
170220261221  0.853  4.7  127.8  9.7  0.88  23.1  25.2
170220261222  0.848  4.8  126.0  9.7  0.92  19.9  25.2
170220261223  0.842  4.6  126.9  9.0  0.90  23.2  25.2
170220261224  0.836  4.3  126.1  9.0  0.87  20.0  25.2
170220261225  0.830  4.4  125.2  9.0  1.00  21.4  25.2
170220261226  0.823  4.3  125.6  9.0  0.91  22.9  25.2
170220261227  0.817  4.6  129.4  9.0  0.92  18.9  25.3
170220261228  0.811  4.7  127.8  10.7  1.06  16.0  25.3
170220261229  0.803  5.0  130.5  11.1  0.93  18.2  25.3
170220261230  0.797  4.8  129.6  11.1  0.94  17.1  25.3
170220261231  0.791  4.8  127.9  11.1  1.14  18.9  25.3
170220261232  0.786  4.8  126.3  11.1  0.98  21.1  25.3
170220261233  0.783  4.9  127.0  11.1  0.89  15.8  25.3
170220261234  0.778  5.3  126.8  11.1  0.84  18.9  25.3
170220261235  0.774  5.5  130.2  11.1  0.88  18.3  25.3
170220261236  0.770  5.7  126.2  11.1  0.93  19.0  25.3
170220261237  0.766  5.4  126.5  11.1  0.85  20.7  25.3
170220261238  0.761  5.2  126.6  11.1  0.86  20.3  25.3
170220261239  0.758  5.4  125.7  12.0  0.85  22.1  25.3
170220261240  0.753  5.7  127.2  12.0  0.67  18.6  25.3
170220261241  0.749  5.8  127.4  12.0  0.87  15.9  25.3
170220261242  0.744  5.6  129.1  12.0  0.90  18.6  25.3
170220261243  0.739  5.6  127.9  12.0  0.87  23.1  25.3
170220261244  0.733  5.6  124.6  12.0  0.93  20.9  25.3
170220261245  0.728  5.3  122.5  12.0  0.86  20.8  25.3
170220261246  0.722  5.1  126.2  12.0  0.75  25.9  25.3
170220261247  0.716  5.3  124.6  12.0  0.79  22.3  25.3
170220261248  0.710  5.2  123.1  12.0  0.83  18.1  25.3
170220261249  0.705  4.9  121.9  10.1  0.76  16.9  25.3
170220261250  0.700  4.9  118.9  10.1  0.72  24.9  25.3
170220261251  0.695  4.9  117.0  10.1  0.95  20.9  25.3
170220261252  0.691  5.0  116.0  10.1  0.80  22.6  25.3
170220261253  0.688  4.9  116.2  10.1  0.86  20.0  25.3
170220261254  0.684  4.7  120.1  10.1  0.74  20.9  25.3
170220261255  0.679  4.6  115.3  10.1  0.74  23.1  25.4
170220261256  0.675  4.7  111.0  10.1  0.77  23.7  25.4
170220261257  0.673  4.8  111.1  9.8  0.83  24.5  25.4
170220261258  0.668  4.9  114.7  9.8  0.86  24.1  25.4
170220261259  0.665  5.1  115.9  8.9  0.86  18.1  25.4
170220261300  0.660  5.2  119.6  8.9  0.78  24.5  25.4
170220261301  0.656  5.2  125.2  8.9  0.81  19.5  25.4
170220261302  0.652  5.1  126.6  8.9  0.81  26.4  25.4
170220261303  0.647  5.0  128.6  8.9  0.84  25.0  25.4
170220261304  0.642  5.0  129.2  8.9  0.76  17.1  25.4
170220261305  0.635  5.1  129.8  8.9  0.75  20.4  25.4
170220261306  0.631  4.9  134.7  8.8  0.76  19.9  25.4
170220261307  0.627  4.9  133.0  8.9  0.80  21.9  25.4
170220261308  0.622  5.0  132.1  8.9  0.71  23.7  25.4
170220261309  0.618  4.9  132.7  9.1  0.78  21.5  25.4
170220261310  0.612  4.6  129.9  9.1  0.95  20.1  25.4
170220261311  0.607  4.5  126.1  9.1  0.81  16.9  25.4
170220261312  0.603  4.5  124.4  9.1  0.76  20.0  25.4
170220261313  0.598  4.4  124.1  9.1  0.74  23.9  25.4
170220261314  0.594  4.5  122.8  9.1  0.69  20.9  25.4
170220261315  0.590  4.6  127.6  9.1  0.77  20.4  25.4
170220261316  0.586  4.6  124.1  9.1  0.81  20.3  25.4
170220261317  0.580  4.6  127.3  9.1  0.78  18.8  25.4
170220261318  0.578  4.6  126.8  9.1  0.80  22.1  25.4
170220261319  0.574  4.8  125.5  11.7  0.86  20.0  25.4
170220261320  0.570  5.2  124.7  13.1  0.76  21.6  25.4
170220261321  0.567  5.2  124.6  13.1  0.71  21.7  25.5
170220261322  0.563  5.2  127.8  13.1  0.71  24.4  25.5
170220261323  0.558  5.4  125.0  13.1  0.78  19.2  25.5
170220261324  0.554  5.4  125.4  13.1  0.79  22.2  25.5
170220261325  0.550  5.5  126.3  13.1  0.83  21.2  25.5
170220261326  0.545  5.6  126.0  13.1  0.74  20.9  25.5
170220261327  0.541  5.6  123.4  13.1  0.74  23.1  25.5
170220261328  0.536  5.5  122.2  13.1  0.78  20.3  25.5
170220261329  0.530  5.4  121.4  13.1  0.69  26.2  25.5
170220261330  0.525  4.9  125.1  11.0  0.85  19.2  25.5
170220261331  0.520  5.0  126.1  11.0  0.80  22.8  25.5
170220261332  0.514  4.8  120.9  11.0  0.83  20.2  25.5
170220261333  0.510  4.6  121.1  11.0  0.80  21.7  25.5
170220261334  0.506  4.4  119.6  11.0  0.76  19.4  25.5
170220261335  0.501  4.3  111.8  9.3  0.64  15.7  25.5
170220261336  0.497  4.4  110.3  9.6  0.71  22.8  25.5
170220261337  0.492  4.6  111.1  9.6  0.89  23.7  25.5
170220261338  0.487  4.5  111.2  9.6  0.82  19.3  25.5
170220261339  0.483  4.2  111.4  9.6  0.76  27.9  25.5
170220261340  0.480  4.4  109.9  9.6  0.82  21.8  25.5
170220261341  0.476  4.7  110.1  10.0  0.86  22.6  25.5
170220261342  0.472  5.2  111.8  11.5  0.84  22.2  25.5
170220261343  0.470  5.4  111.8  11.5  0.82  19.3  25.5
170220261344  0.466  5.5  108.6  11.5  0.87  20.9  25.5
170220261345  0.462  5.4  107.1  11.5  1.04  19.8  25.5
170220261346  0.459  5.1  105.0  11.5  0.75  19.5  25.5
170220261347  0.453  5.2  99.8  11.5  0.83  16.1  25.5
170220261348  0.449  5.4  93.4  11.5  0.92  22.7  25.5
170220261349  0.445  5.8  88.6  11.5  0.83  24.0  25.5
170220261350  0.442  5.8  84.8  11.5  0.85  23.8  25.5
170220261351  0.437  6.0  78.8  11.5  0.95  19.2  25.6
170220261352  0.433  5.8  76.4  10.5  0.88  18.0  25.6
170220261353  0.430  5.7  76.2  10.5  0.82  21.8  25.6
170220261354  0.425  5.7  79.9  10.5  0.83  20.3  25.6
170220261355  0.421  5.7  85.0  10.5  0.84  21.3  25.6
170220261356  0.417  5.6  87.4  10.5  0.99  17.9  25.6
170220261357  0.413  5.1  89.2  10.5  0.97  20.9  25.6
170220261358  0.409  4.8  94.4  10.5  0.85  26.9  25.6
170220261359  0.405  4.6  99.1  10.5  0.89  24.2  25.6
170220261400  0.401  4.5  99.5  10.5  0.84  20.9  25.6
170220261401  0.399  4.1  102.3  8.2  0.83  21.4  25.6
170220261402  0.395  3.9  104.1  8.2  0.83  23.6  25.6
170220261403  0.391  4.1  102.1  8.2  0.85  22.6  25.6
170220261404  0.388  3.7  99.6  8.2  0.83  26.1  25.6
170220261405  0.386  3.5  91.5  8.0  0.96  21.7  25.6
170220261406  0.383  3.4  86.5  6.8  0.83  27.6  25.6
170220261407  0.381  3.5  87.7  6.8  1.02  21.0  25.6
170220261408  0.378  3.5  87.6  7.5  0.83  25.1  25.6
170220261409  0.376  3.5  82.7  7.5  0.80  23.5  25.6
170220261410  0.374  3.6  84.6  7.5  0.80  22.6  25.6
170220261411  0.371  3.6  83.7  7.5  0.77  22.4  25.6
170220261412  0.369  3.6  82.6  7.5  0.86  19.1  25.6
170220261413  0.368  3.6  81.3  7.5  0.80  24.9  25.6
170220261414  0.366  3.9  84.4  7.7  0.87  25.9  25.6
170220261415  0.364  4.0  90.1  11.0  0.78  28.5  25.6
170220261416  0.364  4.1  94.6  11.0  0.68  22.8  25.7
170220261417  0.361  4.5  94.9  11.0  0.79  25.1  25.7
170220261418  0.360  4.7  96.3  11.0  0.75  26.3  25.7
170220261419  0.357  4.8  99.5  11.0  0.84  24.5  25.7
170220261420  0.355  4.8  98.3  11.0  0.78  23.0  25.7
170220261421  0.352  4.9  99.5  11.0  0.72  24.8  25.7
170220261422  0.351  5.1  99.6  11.0  0.72  23.3  25.7
170220261423  0.350  5.1  98.4  11.0  0.65  26.2  25.7
170220261424  0.348  5.1  98.1  11.0  0.78  21.3  25.7
170220261425  0.347  5.0  97.7  10.1  0.62  29.3  25.7
170220261426  0.344  5.1  99.0  10.1  0.76  24.6  25.7
170220261427  0.341  5.4  100.6  11.8  0.82  17.3  25.7
170220261428  0.339  5.4  101.0  11.8  0.83  22.5  25.7
170220261429  0.337  5.6  102.8  11.8  0.81  20.5  25.7
170220261430  0.335  5.6  102.9  11.8  0.66  23.7  25.7
170220261431  0.333  5.6  105.7  11.8  0.76  18.5  25.7
170220261432  0.331  5.6  102.5  11.8  0.76  19.3  25.7
170220261433  0.329  5.6  103.1  11.8  0.80  17.3  25.8
170220261434  0.328  5.6  101.1  11.8  0.76  12.9  25.8
170220261435  0.327  5.5  99.9  11.8  0.86  14.4  25.8
170220261436  0.325  5.4  99.4  11.8  0.84  13.6  25.8
170220261437  0.324  4.7  99.0  10.5  0.95  14.8  25.8
170220261438  0.323  4.3  94.9  10.5  0.89  10.5  25.8
170220261439  0.321  4.1  89.1  8.2  0.93  5.1  25.8
170220261440  0.320  4.1  88.2  8.2  0.79  11.7  25.8
170220261441  0.319  4.2  85.3  9.4  0.76  12.9  25.8
170220261442  0.317  4.1  93.2  9.8  0.81  7.3  25.8
170220261443  0.316  4.0  91.4  9.8  0.85  9.6  25.8
170220261444  0.316  3.8  94.2  9.8  0.71  5.5  25.8
170220261445  0.313  4.0  99.6  9.8  0.74  13.9  25.8
170220261446  0.313  4.2  100.1  9.8  0.78  8.0  25.8
170220261447  0.313  4.2  100.4  9.8  0.78  10.0  25.8
170220261448  0.313  4.3  100.1  9.8  0.80  4.7  25.8
170220261449  0.313  4.1  104.2  9.8  0.81  9.3  25.8
170220261450  0.313  4.2  103.3  9.8  0.87  6.6  25.8
170220261451  0.313  4.2  100.8  9.8  0.73  1.7  25.8
170220261452  0.311  4.2  98.1  9.2  0.81  4.7  25.8
170220261453  0.311  4.3  98.8  9.2  0.83  2.1  25.8
170220261454  0.311  4.3  95.4  9.2  0.74  2.1  25.8
170220261455  0.311  4.0  89.6  9.0  0.77  2.7  25.8
170220261456  0.311  3.8  84.7  8.2  0.92  4.6  25.8
170220261457  0.313  3.6  82.0  8.2  0.82  0.3  25.8
170220261458  0.311  3.6  84.5  8.2  0.75  1.8  25.8
170220261459  0.311  3.6  83.3  8.2  0.69  3.4  25.8
170220261500  0.311  3.5  83.7  8.4  0.77  2.3  25.8
170220261501  0.310  3.7  84.5  9.7  0.88  1.4  25.8
170220261502  0.310  3.8  80.3  9.7  0.79  358.2  25.8
170220261503  0.310  3.6  85.3  9.7  0.80  358.3  25.8
170220261504  0.310  3.8  85.0  9.7  0.80  2.6  25.8
170220261505  0.310  3.9  88.1  9.7  0.83  2.3  25.8
170220261506  0.311  3.8  89.4  9.7  0.73  359.3  25.8
170220261507  0.310  3.9  88.4  9.7  0.75  0.7  25.8
170220261508  0.310  4.0  85.7  9.7  0.85  6.9  25.9
170220261509  0.310  3.9  85.2  9.7  0.80  3.6  25.9
170220261510  0.311  3.8  85.6  9.7  0.77  3.3  25.9
170220261511  0.310  3.5  85.4  8.6  0.85  4.1  25.9
170220261512  0.310  3.1  90.2  7.5  0.77  2.7  25.9
170220261513  0.310  3.3  90.2  7.5  0.79  6.1  25.9
170220261514  0.310  3.1  94.9  7.5  0.73  359.7  25.9
170220261515  0.311  3.1  87.8  7.5  0.76  5.0  25.9
170220261516  0.311  3.4  83.2  8.3  0.78  356.1  25.9
170220261517  0.313  3.5  81.3  8.3  0.72  2.1  25.9
170220261518  0.313  3.6  82.5  8.9  0.76  0.6  25.9
170220261519  0.315  3.8  83.1  8.9  0.81  1.7  25.9
170220261520  0.316  3.8  82.8  8.9  0.65  1.0  25.9
170220261521  0.316  3.8  83.4  8.9  0.86  0.8  25.9
170220261522  0.317  3.8  82.1  8.9  0.66  0.8  25.9
170220261523  0.318  3.6  78.0  8.9  0.64  3.4  25.9
170220261524  0.318  3.7  77.7  8.9  0.72  5.6  25.9
170220261525  0.319  3.8  78.1  8.9  0.60  2.9  25.9
170220261526  0.321  3.5  80.3  8.9  0.67  5.4  25.9
170220261527  0.322  3.3  84.8  8.9  0.78  5.3  25.9
170220261528  0.324  3.3  92.2  7.4  0.67  0.3  25.9
170220261529  0.325  3.3  91.7  7.4  0.73  10.0  25.9
170220261530  0.326  3.3  93.6  7.4  0.70  4.2  25.9
170220261531  0.327  3.2  94.5  7.4  0.59  2.2  25.9
170220261532  0.328  3.1  92.3  7.4  0.78  5.6  25.9
170220261533  0.330  3.1  93.5  7.4  0.69  5.1  25.9
170220261534  0.331  2.9  91.9  7.4  0.60  1.2  25.9
170220261535  0.331  2.9  98.4  7.4  0.62  357.2  25.9
170220261536  0.334  3.0  101.1  8.1  0.73  5.4  25.9
170220261537  0.336  3.1  100.4  8.1  0.71  7.7  25.9
170220261538  0.338  3.1  97.4  8.1  0.74  3.7  25.9
170220261539  0.341  2.9  95.9  8.1  0.69  359.7  25.9
170220261540  0.343  2.9  94.0  8.1  0.64  2.3  25.9
170220261541  0.345  3.1  93.1  8.1  0.67  4.2  25.9
170220261542  0.347  3.3  95.4  8.1  0.66  2.6  25.9
170220261543  0.351  3.4  94.7  8.1  0.68  1.6  25.9
170220261544  0.352  3.6  93.6  8.1  0.64  2.3  25.9
170220261545  0.356  3.7  90.4  8.1  0.57  358.6  25.9
170220261546  0.357  3.7  88.1  8.1  0.50  3.0  26.0
170220261547  0.360  3.9  85.3  8.1  0.56  1.1  26.0
170220261548  0.362  3.8  81.8  7.1  0.60  4.2  26.0
170220261549  0.364  3.9  81.1  7.1  0.54  358.5  26.0
170220261550  0.367  4.1  80.4  7.1  0.53  2.6  26.0
170220261551  0.370  4.2  83.7  7.5  0.52  359.8  26.0
170220261552  0.373  4.1  84.8  7.5  0.53  6.8  26.0
170220261553  0.377  4.2  81.7  7.5  0.52  354.9  26.0
170220261554  0.380  4.1  82.0  8.0  0.44  351.3  26.0
170220261555  0.383  3.8  84.6  8.0  0.54  3.4  26.0
170220261556  0.385  3.7  85.1  8.0  0.42  357.8  26.0
170220261557  0.388  3.4  88.0  8.0  0.43  356.5  26.0
170220261558  0.392  3.4  87.9  8.0  0.50  356.6  26.0
170220261559  0.396  3.1  92.0  8.0  0.48  359.0  26.0
170220261600  0.400  3.0  94.3  8.0  0.43  355.9  26.0
170220261601  0.405  2.9  87.2  8.0  0.26  353.5  26.0
170220261602  0.409  2.9  86.1  8.0  0.43  1.4  26.0
170220261603  0.413  2.8  93.4  8.0  0.39  0.5  26.0
170220261604  0.417  2.8  96.1  6.4  0.49  357.4  26.0
170220261605  0.421  2.7  93.8  6.4  0.37  357.6  26.0
170220261606  0.426  2.6  94.6  6.4  0.24  340.4  26.0
170220261607  0.430  2.9  95.0  6.4  0.29  11.9  26.0
170220261608  0.434  3.0  98.0  6.4  0.26  3.7  26.0
170220261609  0.439  3.3  94.5  6.4  0.13  352.3  26.0
170220261610  0.443  3.5  98.6  9.0  0.24  352.7  26.0
170220261611  0.447  3.5  103.2  9.0  0.22  358.5  26.0
170220261612  0.450  3.5  99.0  9.0  0.21  357.8  26.0
170220261613  0.455  3.8  93.1  9.0  0.09  353.1  26.0
170220261614  0.459  3.8  92.4  9.0  0.09  335.2  26.0
170220261615  0.462  3.9  95.1  9.0  0.19  354.0  26.0
170220261616  0.467  4.1  93.1  9.0  0.05  239.6  26.0
170220261617  0.471  4.1  92.7  9.0  0.08  330.7  26.0
170220261618  0.476  3.9  92.5  9.0  0.15  359.0  26.0
170220261619  0.478  3.9  92.9  9.0  0.06  318.0  26.0
170220261620  0.481  3.8  90.8  7.0  0.10  339.6  26.0
170220261621  0.484  3.8  92.4  7.0  0.09  339.0  26.0
170220261622  0.487  3.6  93.4  7.0  0.22  7.0  26.0
170220261623  0.492  3.5  95.0  6.9  0.09  333.9  26.0
170220261624  0.496  3.3  95.1  6.9  0.15  355.4  26.0
170220261625  0.501  3.4  90.6  7.1  0.05  230.1  26.0
170220261626  0.504  3.3  91.9  7.1  0.10  325.8  26.0
170220261627  0.507  3.3  88.4  7.1  0.07  305.8  26.0
170220261628  0.510  3.4  89.8  7.5  0.04  86.0  26.0
170220261629  0.513  3.4  87.9  7.5  0.06  212.2  26.0
170220261630  0.517  3.4  84.0  7.5  0.11  213.3  26.0
170220261631  0.522  3.3  79.3  7.5  0.09  225.4  26.0
170220261632  0.526  3.6  78.6  10.1  0.21  210.5  26.0
170220261633  0.531  3.6  78.7  10.1  0.17  214.8  26.0
170220261634  0.536  3.6  81.2  10.1  0.24  209.8  26.0
170220261635  0.541  3.4  85.9  10.1  0.27  211.0  26.0
170220261636  0.546  3.6  83.3  10.1  0.15  196.6  26.0
170220261637  0.552  3.7  81.3  10.1  0.30  208.3  26.0
170220261638  0.557  3.8  76.9  10.1  0.39  197.7  26.0
170220261639  0.562  4.0  76.8  10.1  0.29  203.6  26.0
170220261640  0.567  3.9  78.4  10.1  0.36  193.7  26.0
170220261641  0.572  4.0  82.2  10.1  0.54  188.8  26.0
170220261642  0.577  3.9  81.1  7.2  0.31  187.5  25.9
170220261643  0.583  3.9  80.0  7.2  0.40  192.8  25.9
170220261644  0.588  4.1  76.1  7.2  0.24  178.1  25.9
170220261645  0.593  4.3  72.0  7.2  0.37  181.9  25.9
170220261646  0.599  4.4  72.1  7.2  0.27  191.2  25.9
170220261647  0.605  4.3  73.9  7.2  0.28  181.3  25.9
170220261648  0.609  4.4  72.6  7.2  0.27  183.3  25.9
170220261649  0.614  4.5  72.3  7.7  0.31  177.9  25.9
170220261650  0.617  4.7  72.6  7.7  0.33  182.8  25.9
170220261651  0.621  4.4  70.1  7.7  0.23  171.7  25.9
170220261652  0.626  4.3  73.1  7.7  0.31  188.6  25.9
170220261653  0.630  4.1  74.7  7.7  0.32  189.3  25.9
170220261654  0.634  4.0  79.3  7.7  0.22  186.4  25.8
170220261655  0.638  3.9  79.5  7.7  0.25  179.9  25.8
170220261656  0.640  3.7  77.6  7.7  0.32  185.8  25.8
170220261657  0.644  3.6  76.0  7.7  0.29  184.7  25.8
170220261658  0.646  3.4  77.5  7.7  0.38  187.1  25.8
170220261659  0.648  3.1  83.9  7.7  0.31  171.4  25.9
170220261700  0.650  2.9  85.7  7.7  0.30  185.9  25.8
170220261701  0.652  3.1  83.2  7.7  0.47  179.3  25.8
170220261702  0.655  3.0  81.4  7.7  0.38  189.1  25.8
170220261703  0.657  3.0  83.8  7.7  0.38  178.7  25.8
170220261704  0.661  3.1  83.0  7.4  0.27  180.3  25.8
170220261705  0.662  3.2  85.8  7.4  0.27  179.5  25.8
170220261706  0.664  3.2  87.8  7.4  0.37  194.2  25.8
170220261707  0.666  3.2  94.3  7.4  0.18  168.7  25.8
170220261708  0.668  3.3  97.6  7.4  0.23  191.0  25.8
170220261709  0.671  3.0  96.3  7.2  0.30  177.8  25.8
170220261710  0.675  3.0  94.0  7.2  0.29  182.6  25.8
170220261711  0.678  2.9  96.0  7.2  0.33  196.8  25.8
170220261712  0.682  2.9  97.1  7.2  0.29  177.9  25.8
170220261713  0.686  2.9  95.1  7.2  0.35  184.6  25.8
170220261714  0.689  2.7  92.2  7.2  0.24  178.6  25.8
170220261715  0.692  2.4  95.7  6.7  0.28  173.8  25.8
170220261716  0.697  2.4  99.5  6.7  0.28  184.8  25.8
170220261717  0.701  2.1  96.0  6.7  0.30  175.2  25.8
170220261718  0.705  2.0  97.1  5.5  0.39  169.5  25.8
170220261719  0.711  2.0  98.2  5.5  0.34  176.8  25.8
170220261720  0.716  2.0  100.6  5.5  0.33  173.7  25.8
170220261721  0.720  2.1  99.4  5.5  0.28  172.8  25.8
170220261722  0.725  2.1  98.4  5.5  0.45  178.9  25.8
170220261723  0.729  2.1  99.5  5.5  0.47  182.4  25.7
170220261724  0.735  2.1  97.1  5.5  0.43  181.9  25.7
170220261725  0.741  2.3  87.9  5.5  0.44  162.8  25.7
170220261726  0.746  2.4  87.2  5.5  0.53  165.0  25.7
170220261727  0.751  2.6  91.6  6.0  0.47  166.0  25.7
170220261728  0.756  2.6  92.5  6.0  0.34  158.0  25.7
170220261729  0.761  2.6  94.3  6.0  0.37  154.5  25.7
170220261730  0.766  2.6  94.7  6.0  0.50  166.7  25.7
170220261731  0.771  2.4  95.7  6.0  0.54  165.3  25.7
170220261732  0.775  2.3  99.4  6.0  0.54  168.4  25.7
170220261733  0.780  2.2  102.9  6.0  0.52  170.6  25.7
170220261734  0.785  2.4  108.9  6.5  0.55  172.3  25.7
170220261735  0.791  2.6  116.3  6.5  0.64  177.2  25.7
170220261736  0.796  2.7  117.3  6.5  0.55  172.5  25.7
170220261737  0.801  2.4  119.7  6.5  0.67  175.4  25.7
170220261738  0.806  2.1  118.2  6.5  0.62  177.5  25.7
170220261739  0.810  2.1  109.9  6.5  0.65  169.9  25.7
170220261740  0.816  2.2  112.2  6.5  0.64  166.8  25.7
170220261741  0.822  2.2  112.9  6.5  0.89  175.3  25.7
170220261742  0.827  2.3  111.5  6.5  0.79  168.1  25.7
170220261743  0.832  2.5  110.0  6.5  0.75  168.1  25.7
170220261744  0.836  2.4  110.1  5.3  0.66  165.2  25.7
170220261745  0.841  2.3  106.1  5.3  0.84  166.3  25.7
170220261746  0.845  2.2  101.7  5.3  0.74  164.8  25.7
170220261747  0.849  2.3  95.0  5.3  0.85  167.1  25.7
170220261748  0.854  2.5  96.1  5.3  0.98  173.0  25.7
170220261749  0.859  2.4  95.8  5.3  0.82  166.7  25.7
170220261750  0.864  2.4  92.8  5.3  0.82  168.9  25.7
170220261751  0.869  2.3  89.0  5.3  0.79  167.8  25.7
170220261752  0.876  2.3  87.1  5.3  0.88  170.0  25.7
170220261753  0.880  2.2  84.2  4.4  0.75  165.2  25.7
170220261754  0.886  1.9  79.1  4.4  0.87  171.7  25.7
170220261755  0.891  1.8  82.0  4.4  0.90  169.3  25.7
170220261756  0.896  1.7  89.5  4.4  0.79  168.5  25.7
170220261757  0.901  1.6  96.0  4.4  0.92  168.9  25.7
170220261758  0.905  1.6  96.9  4.4  0.86  170.4  25.7
170220261759  0.912  1.7  106.0  6.7  0.95  167.0  25.7
170220261800  0.916  1.9  107.2  6.7  1.07  170.4  25.7
170220261801  0.923  2.0  111.8  6.7  1.06  168.4  25.8
170220261802  0.927  2.0  112.5  6.7  0.96  162.5  25.8
170220261803  0.931  1.8  111.1  6.7  1.23  170.8  25.8
170220261804  0.936  2.0  103.9  6.7  1.05  166.7  25.8
170220261805  0.941  1.9  97.4  6.7  1.05  169.4  25.8
170220261806  0.946  1.8  96.9  6.7  1.01  168.5  25.8
170220261807  0.951  1.8  98.5  6.7  1.06  167.6  25.8
170220261808  0.955  2.0  99.2  6.7  0.93  166.5  25.8
170220261809  0.961  2.0  98.7  6.0  1.11  169.8  25.8
170220261810  0.966  1.7  96.8  5.8  0.98  170.5  25.8
170220261811  0.972  1.8  92.8  5.8  0.97  167.2  25.8
170220261812  0.976  1.9  94.8  5.8  1.07  172.1  25.8
170220261813  0.981  2.1  98.1  5.8  1.04  173.3  25.8
170220261814  0.986  2.2  104.9  5.8  1.00  171.4  25.8
170220261815  0.990  2.1  107.2  5.8  1.07  170.5  25.8
170220261816  0.994  2.2  103.0  5.8  1.01  170.0  25.8
170220261817  1.000  2.0  98.5  4.7  1.08  170.6  25.8
170220261818  1.005  1.8  92.9  4.7  1.02  168.2  25.9
170220261819  1.009  1.6  86.7  4.0  1.06  171.2  25.9
170220261820  1.012  1.6  84.6  4.0  0.91  172.7  25.9
170220261821  1.017  1.6  87.7  4.0  0.96  171.2  25.9
170220261822  1.021  1.6  87.7  4.8  0.97  171.0  25.8
170220261823  1.025  1.7  85.5  4.8  1.08  173.9  25.8
170220261824  1.030  1.8  83.5  4.8  1.05  172.9  25.8
170220261825  1.034  1.9  83.0  4.8  0.93  173.2  25.8
170220261826  1.038  2.0  79.4  4.8  0.94  179.8  25.8
170220261827  1.040  2.2  76.4  4.8  0.89  177.7  25.8
170220261828  1.044  2.3  79.7  4.8  0.91  177.4  25.8
170220261829  1.047  2.3  79.5  4.8  0.88  178.7  25.8
170220261830  1.050  2.3  86.3  4.8  0.88  177.9  25.8
170220261831  1.053  2.1  92.8  4.8  0.92  173.1  25.8
170220261832  1.056  2.0  93.5  4.6  0.90  170.5  25.8
170220261833  1.059  1.8  96.7  4.3  0.88  171.2  25.8
170220261834  1.063  1.8  106.8  4.9  0.97  171.9  25.8
170220261835  1.069  1.8  112.7  4.9  1.08  173.0  25.8
170220261836  1.072  2.0  124.7  5.3  0.83  173.2  25.8
170220261837  1.074  2.2  132.6  5.3  0.88  173.9  25.8
170220261838  1.078  2.3  134.7  5.3  0.93  176.0  25.8
170220261839  1.080  2.3  138.1  5.3  0.82  172.0  25.8
170220261840  1.083  2.3  136.6  5.3  0.91  173.8  25.8
170220261841  1.087  2.2  132.0  5.3  0.79  170.6  25.8
170220261842  1.092  2.3  135.3  5.3  0.79  174.1  25.8
170220261843  1.095  2.4  136.4  5.3  0.76  173.6  25.8
170220261844  1.098  2.3  135.7  5.3  0.79  173.7  25.8
170220261845  1.102  2.5  138.5  5.3  0.75  171.8  25.8
170220261846  1.106  2.4  138.5  4.6  0.64  175.2  25.8
170220261847  1.111  2.4  141.1  4.6  0.80  174.0  25.8
170220261848  1.114  2.5  144.6  4.6  0.79  171.0  25.8
170220261849  1.118  2.5  147.4  4.6  0.83  172.7  25.8
170220261850  1.121  2.5  146.2  4.6  0.80  171.7  25.8
170220261851  1.125  2.5  145.7  4.6  0.74  173.0  25.8
170220261852  1.127  2.2  144.1  4.6  0.79  170.9  25.8
170220261853  1.131  2.2  142.9  4.6  0.86  174.1  25.8
170220261854  1.136  2.1  139.1  4.6  0.79  172.2  25.8
170220261855  1.139  2.0  136.6  4.0  0.83  173.9  25.8
170220261856  1.141  1.9  134.3  4.0  0.81  176.5  25.8
170220261857  1.144  1.7  129.2  3.6  0.68  172.6  25.8
170220261858  1.149  1.6  118.4  3.6  0.76  176.2  25.8
170220261859  1.151  1.6  113.2  3.6  0.67  172.5  25.8
170220261900  1.155  1.6  113.9  3.6  0.84  171.9  25.8
170220261901  1.158  1.6  115.9  3.6  0.76  175.6  25.8
170220261902  1.162  1.6  118.8  3.6  0.72  167.5  25.8
170220261903  1.166  1.7  118.3  3.7  0.78  173.1  25.8
170220261904  1.170  1.6  115.2  3.7  0.72  174.8  25.8
170220261905  1.172  1.6  111.7  3.7  0.74  175.4  25.8
170220261906  1.177  1.7  111.3  3.7  0.65  174.1  25.8
170220261907  1.180  1.8  114.7  3.7  0.72  171.0  25.8
170220261908  1.181  1.8  117.9  3.7  0.71  172.2  25.8
170220261909  1.185  1.8  118.8  3.7  0.67  169.1  25.8
170220261910  1.187  1.7  119.0  3.7  0.63  169.7  25.8
170220261911  1.192  1.5  120.0  3.7  0.78  173.6  25.8
170220261912  1.195  1.5  121.4  3.7  0.56  170.4  25.8
170220261913  1.200  1.5  125.0  3.6  0.55  168.6  25.8
170220261914  1.203  1.5  126.8  3.6  0.69  176.7  25.8
170220261915  1.208  1.6  128.8  3.6  0.64  173.9  25.8
170220261916  1.213  1.4  129.0  3.6  0.82  170.2  25.8
170220261917  1.217  1.2  124.7  3.4  0.71  174.6  25.8
170220261918  1.220  1.1  124.1  3.4  0.71  170.0  25.8
170220261919  1.225  1.2  125.9  3.4  0.73  176.9  25.8
170220261920  1.228  1.4  125.5  3.4  0.68  171.0  25.8
170220261921  1.231  1.4  114.3  3.4  0.58  174.7  25.8
170220261922  1.235  1.6  112.5  3.4  0.74  169.8  25.8
170220261923  1.238  1.6  111.8  3.4  0.75  173.2  25.8
170220261924  1.241  1.5  111.4  3.4  0.64  170.8  25.8
170220261925  1.244  1.3  106.4  3.2  0.67  173.8  25.8
170220261926  1.248  1.4  98.2  4.0  0.79  174.0  25.8
170220261927  1.251  1.6  94.9  4.1  0.85  178.7  25.8
170220261928  1.253  1.9  92.4  4.3  0.76  174.0  25.8
170220261929  1.256  2.0  89.4  4.3  0.88  178.0  25.8
170220261930  1.259  2.0  83.1  4.3  0.79  172.9  25.8
170220261931  1.261  2.1  83.8  4.3  0.71  174.2  25.8
170220261932  1.264  2.1  79.1  4.3  0.87  175.4  25.8
170220261933  1.266  2.2  71.9  4.3  0.86  182.2  25.8
170220261934  1.269  2.2  72.1  4.3  0.94  181.7  25.8
170220261935  1.273  2.2  77.1  4.3  0.86  181.6  25.8
170220261936  1.275  2.1  86.5  4.3  0.75  178.4  25.8
170220261937  1.278  1.9  94.2  4.3  0.78  173.0  25.8
170220261938  1.280  1.8  96.7  3.7  0.72  172.8  25.8
170220261939  1.280  1.8  92.2  4.9  0.65  175.7  25.8
170220261940  1.282  1.9  93.9  4.9  0.63  177.4  25.7
170220261941  1.285  1.8  96.1  4.9  0.59  176.1  25.7
170220261942  1.285  1.8  102.8  4.9  0.47  170.7  25.7
170220261943  1.287  1.7  110.5  4.9  0.65  169.6  25.7
170220261944  1.289  1.5  110.8  4.9  0.53  172.8  25.7
170220261945  1.292  1.5  110.5  4.9  0.57  165.3  25.7
170220261946  1.294  1.4  105.1  4.9  0.57  171.4  25.7
170220261947  1.297  1.2  96.0  4.9  0.62  176.5  25.7
170220261948  1.299  1.0  94.1  4.9  0.48  173.4  25.7
170220261949  1.301  0.8  97.7  3.7  0.64  169.5  25.7
170220261950  1.304  0.5  94.3  2.7  0.58  172.3  25.7
170220261951  1.307  0.3  98.3  2.7  0.43  169.5  25.7
170220261952  1.309  0.3  55.2  2.7  0.55  166.5  25.6
170220261953  1.311  0.7  58.2  5.1  0.53  162.2  25.6
170220261954  1.314  1.0  63.0  5.1  0.47  166.4  25.6
170220261955  1.318  1.5  57.5  5.5  0.46  161.4  25.6
170220261956  1.319  1.8  58.1  5.5  0.61  169.1  25.6
170220261957  1.323  2.0  63.5  5.5  0.51  163.8  25.6
170220261958  1.325  2.1  67.2  5.5  0.50  173.0  25.6
170220261959  1.328  2.2  69.6  5.5  0.48  170.0  25.6
170220262000  1.330  2.4  74.0  5.5  0.55  168.3  25.6
170220262001  1.333  2.6  74.8  5.5  0.57  165.5  25.6
170220262002  1.335  2.8  74.2  5.5  0.53  168.7  25.6
170220262003  1.336  2.5  74.4  5.5  0.49  163.7  25.6
170220262004  1.337  2.2  81.1  5.5  0.54  170.6  25.6
170220262005  1.339  1.9  85.9  4.7  0.53  168.3  25.6
170220262006  1.340  1.9  84.3  4.5  0.59  173.5  25.6
170220262007  1.341  1.7  87.2  4.5  0.55  174.3  25.6
170220262008  1.341  1.6  91.9  4.5  0.45  166.9  25.6
170220262009  1.342  1.5  92.2  4.5  0.40  162.9  25.6
170220262010  1.342  1.3  88.4  4.5  0.57  169.7  25.6
170220262011  1.343  1.4  92.7  4.5  0.49  170.5  25.6
170220262012  1.343  1.4  97.7  4.5  0.46  161.5  25.6
170220262013  1.342  1.5  95.7  4.5  0.48  167.0  25.6
170220262014  1.342  1.5  88.8  4.5  0.35  165.1  25.6
170220262015  1.340  1.4  88.0  4.5  0.30  155.4  25.6
170220262016  1.340  1.3  94.0  4.2  0.39  165.1  25.6
170220262017  1.338  1.3  91.7  3.3  0.57  165.0  25.6
170220262018  1.338  1.5  87.9  3.9  0.47  160.3  25.6
170220262019  1.338  1.6  88.8  3.9  0.52  167.8  25.6
170220262020  1.337  1.7  90.9  3.9  0.53  167.1  25.6
170220262021  1.337  1.7  89.2  3.9  0.48  163.8  25.6
170220262022  1.337  1.6  95.5  3.9  0.56  167.1  25.6
170220262023  1.336  1.4  104.0  3.9  0.55  172.1  25.6
170220262024  1.336  1.5  107.9  3.9  0.52  170.4  25.6
170220262025  1.337  1.6  111.4  3.9  0.63  172.6  25.6
170220262026  1.337  1.6  110.2  3.9  0.52  172.1  25.6
170220262027  1.338  1.6  106.4  3.9  0.79  177.7  25.6
170220262028  1.338  1.6  113.2  3.2  0.71  178.8  25.6
170220262029  1.338  1.5  117.8  3.2  0.59  174.8  25.6
170220262030  1.338  1.4  122.3  3.2  0.58  182.0  25.6
170220262031  1.339  1.3  117.8  3.5  0.57  177.1  25.6
170220262032  1.338  1.4  108.3  4.1  0.66  182.4  25.6
170220262033  1.340  1.7  97.5  4.1  0.63  179.6  25.6
170220262034  1.341  1.7  96.1  4.1  0.62  170.2  25.6
170220262035  1.341  1.6  97.6  4.1  0.61  177.3  25.6
170220262036  1.342  1.5  97.4  4.1  0.67  179.4  25.6
170220262037  1.342  1.4  103.0  4.1  0.59  173.7  25.6
170220262038  1.341  1.3  98.4  4.1  0.68  173.6  25.6
170220262039  1.342  1.3  95.0  4.1  0.63  175.7  25.6
170220262040  1.343  1.4  89.4  4.1  0.58  173.4  25.6
170220262041  1.343  1.4  87.2  4.1  0.60  175.6  25.6
170220262042  1.344  1.4  87.6  4.0  0.61  177.7  25.6
170220262043  1.343  1.3  89.7  4.0  0.60  170.5  25.6
170220262044  1.343  1.4  79.5  4.0  0.49  175.5  25.6
170220262045  1.341  1.7  74.4  4.5  0.56  179.3  25.6
170220262046  1.342  1.9  75.6  4.5  0.51  171.4  25.6
170220262047  1.341  2.2  72.5  5.6  0.49  171.1  25.6
170220262048  1.340  2.3  73.9  5.6  0.48  185.8  25.6
170220262049  1.341  2.5  75.1  5.6  0.29  187.7  25.6
170220262050  1.341  2.6  79.2  5.6  0.35  186.8  25.6
170220262051  1.339  2.7  78.8  6.3  0.40  181.7  25.6
170220262052  1.339  2.9  78.1  6.3  0.43  174.3  25.6
170220262053  1.339  3.1  76.6  6.3  0.46  162.3  25.6
170220262054  1.337  3.2  76.4  6.3  0.60  164.3  25.6
170220262055  1.336  3.5  74.4  6.5  0.60  167.6  25.6
170220262056  1.335  3.6  74.6  6.5  0.44  159.2  25.6
170220262057  1.333  3.6  73.3  6.5  0.51  175.4  25.6
170220262058  1.332  3.8  72.1  6.5  0.62  167.2  25.6
170220262059  1.332  4.1  73.3  6.5  0.63  175.6  25.6
170220262100  1.331  4.1  73.7  6.5  0.45  168.2  25.6
170220262101  1.330  4.0  73.9  6.5  0.46  170.7  25.6
170220262102  1.330  3.9  74.7  6.5  0.34  170.6  25.6
170220262103  1.329  3.9  75.2  6.5  0.49  169.2  25.6
170220262104  1.329  3.7  77.0  6.5  0.52  174.3  25.6
170220262105  1.328  3.3  79.9  6.5  0.64  174.5  25.6
170220262106  1.326  3.1  82.4  6.5  0.51  174.4  25.6
170220262107  1.327  3.0  82.9  6.5  0.50  178.3  25.6
170220262108  1.326  2.8  80.4  6.5  0.47  172.8  25.6
170220262109  1.325  2.7  75.9  5.9  0.39  175.5  25.6
170220262110  1.325  2.9  72.0  5.9  0.48  170.7  25.6
170220262111  1.324  2.9  73.5  5.9  0.52  183.5  25.6
170220262112  1.323  2.7  74.7  5.9  0.34  160.9  25.6
170220262113  1.322  2.6  75.7  5.9  0.37  171.9  25.6
170220262114  1.322  2.4  76.1  5.9  0.40  179.4  25.6
170220262115  1.320  2.4  77.5  5.9  0.41  172.3  25.6
170220262116  1.319  2.2  76.7  5.9  0.50  181.5  25.6
170220262117  1.319  2.0  78.1  5.9  0.32  173.0  25.6
170220262118  1.316  1.9  82.4  5.9  0.30  165.4  25.6
170220262119  1.314  1.7  87.6  4.5  0.30  168.8  25.6
170220262120  1.314  1.6  87.3  5.7  0.32  176.5  25.6
170220262121  1.312  1.7  91.6  5.9  0.29  170.6  25.6
170220262122  1.309  1.9  86.1  5.9  0.35  161.3  25.6
170220262123  1.307  2.1  84.9  5.9  0.25  162.2  25.6
170220262124  1.305  2.3  83.1  5.9  0.27  156.0  25.6
170220262125  1.304  2.6  78.3  5.9  0.27  149.1  25.6
170220262126  1.302  2.9  75.6  5.9  0.29  165.5  25.6
170220262127  1.300  3.1  76.1  5.9  0.22  171.4  25.6
170220262128  1.296  3.2  74.6  5.9  0.24  166.7  25.6
170220262129  1.294  3.3  71.8  5.9  0.23  178.3  25.6
170220262130  1.292  3.4  70.0  5.9  0.12  118.7  25.6
170220262131  1.289  3.4  65.3  5.5  0.20  154.6  25.6
170220262132  1.287  3.4  63.4  5.5  0.28  166.3  25.6
170220262133  1.285  3.3  60.9  5.5  0.12  166.4  25.6
170220262134  1.282  3.3  58.5  5.5  0.17  149.8  25.6
170220262135  1.280  3.3  59.3  5.5  0.15  154.6  25.6
170220262136  1.278  3.3  58.2  5.5  0.11  107.0  25.6
170220262137  1.275  3.3  58.6  5.5  0.03  147.7  25.6
170220262138  1.272  3.2  60.0  5.5  0.12  172.1  25.6
170220262139  1.269  3.2  61.6  5.5  0.06  132.2  25.6
170220262140  1.267  3.1  62.8  5.0  0.05  140.1  25.6
170220262141  1.264  3.0  64.6  4.1  0.13  175.6  25.6
170220262142  1.261  2.8  67.3  4.1  0.08  167.9  25.6
170220262143  1.257  2.8  69.6  4.1  0.05  140.1  25.6
170220262144  1.254  2.9  73.0  4.1  0.03  73.4  25.6
170220262145  1.250  2.7  74.1  4.1  0.10  63.1  25.6
170220262146  1.246  2.7  76.7  4.1  nan  nan  nan
170220262147  1.242  2.7  76.3  4.1  0.17  168.1  25.6
170220262148  1.239  2.7  77.8  4.1  0.19  183.5  25.6
170220262149  1.235  2.6  79.1  4.1  0.08  160.8  25.6
170220262150  1.230  2.7  80.4  4.1  0.14  183.8  25.6
170220262151  1.226  2.7  78.8  4.1  0.09  179.9  25.6
170220262152  1.222  2.8  75.5  4.1  0.10  193.3  25.6
170220262153  1.218  2.9  73.1  4.1  0.13  164.6  25.6
170220262154  1.213  2.8  70.4  3.9  0.05  162.4  25.6
170220262155  1.210  2.9  67.7  3.9  0.07  159.0  25.6
170220262156  1.205  2.8  66.0  3.9  0.11  194.1  25.6
170220262157  1.202  2.8  64.2  3.9  0.11  102.9  25.6
170220262158  1.199  2.9  59.5  3.9  0.02  81.6  25.6
170220262159  1.196  2.9  57.2  3.9  0.17  34.8  25.6
170220262200  1.192  2.9  55.3  3.9  0.06  98.2  25.6
170220262201  1.188  3.0  53.1  4.4  0.17  84.3  25.6
170220262202  1.184  3.0  52.1  4.4  0.17  82.8  25.6
170220262203  1.180  3.0  52.5  4.6  0.14  46.6  25.6
170220262204  1.176  3.0  51.2  4.6  0.11  29.1  25.6
170220262205  1.173  2.9  50.4  4.6  0.06  46.5  25.6
170220262206  1.168  3.0  49.1  4.6  0.20  34.1  25.5
170220262207  1.166  3.1  50.5  4.8  0.17  38.3  25.6
170220262208  1.163  2.9  56.2  4.8  0.23  32.1  25.5
170220262209  1.159  2.5  64.4  4.8  0.19  13.5  25.5
170220262210  1.156  2.2  77.8  5.4  0.21  33.7  25.6
170220262211  1.153  2.0  98.4  6.0  0.17  37.1  25.5
170220262212  1.150  2.0  121.0  6.0  0.22  13.5  25.6
170220262213  1.146  2.2  144.7  6.3  0.32  13.2  25.5
170220262214  1.143  2.7  158.2  6.3  0.23  23.6  25.6
170220262215  1.139  3.3  166.8  6.3  0.15  359.4  25.6
170220262216  1.135  4.0  174.1  6.3  0.19  11.7  25.6
170220262217  1.132  4.7  180.7  6.3  0.27  3.8  25.6
170220262218  1.128  5.1  185.7  6.9  0.31  12.9  25.6
170220262219  1.123  5.3  188.4  6.9  0.43  11.5  25.6
170220262220  1.119  5.4  191.5  6.9  0.31  20.4  25.6
170220262221  1.114  5.3  194.9  6.9  0.37  19.3  25.6
170220262222  1.111  5.3  195.7  6.9  0.28  26.8  25.6
170220262223  1.106  5.1  195.7  6.9  0.40  16.6  25.6
170220262224  1.103  5.0  195.6  6.9  0.40  15.3  25.6
170220262225  1.100  4.8  195.8  6.9  0.32  18.0  25.6
170220262226  1.096  4.7  196.7  6.9  0.32  10.0  25.6
170220262227  1.094  4.7  197.6  6.9  0.25  1.6  25.6
170220262228  1.088  4.6  197.8  6.4  0.27  11.6  25.6
170220262229  1.086  4.6  198.6  5.9  0.31  7.9  25.6
170220262230  1.082  4.6  199.6  5.9  0.34  4.7  25.6
170220262231  1.079  4.6  199.4  5.9  0.30  4.7  25.6
170220262232  1.075  4.6  201.5  5.9  0.28  4.0  25.6
170220262233  1.073  4.7  204.3  5.9  0.38  11.7  25.6
170220262234  1.071  4.8  207.6  6.1  0.45  8.7  25.6
170220262235  1.067  5.0  210.3  6.2  0.53  11.3  25.6
170220262236  1.064  5.0  212.2  6.2  0.50  16.2  25.6
170220262237  1.061  4.9  213.0  6.2  0.48  3.2  25.6
170220262238  1.058  4.8  213.7  6.2  0.43  10.0  25.6
170220262239  1.055  4.6  213.2  6.2  0.49  4.1  25.6
170220262240  1.052  4.5  212.3  6.2  0.19  16.0  25.6
170220262241  1.049  4.5  211.4  6.2  0.50  10.0  25.6
170220262242  1.046  4.4  209.4  6.2  0.51  6.9  25.6
170220262243  1.043  4.5  206.5  6.2  0.51  7.4  25.6
170220262244  1.040  4.5  203.8  6.2  0.40  15.0  25.6
170220262245  1.037  4.5  201.7  6.4  0.52  9.4  25.6
170220262246  1.033  4.7  200.0  6.4  0.49  9.1  25.6
170220262247  1.029  4.8  201.7  6.4  0.45  15.3  25.6
170220262248  1.025  4.9  204.4  6.6  0.58  11.0  25.6
170220262249  1.021  5.1  205.8  6.6  0.55  13.8  25.6
170220262250  1.016  5.2  206.6  6.6  0.38  21.0  25.6
170220262251  1.014  5.1  207.4  6.6  0.57  17.0  25.6
170220262252  1.008  5.0  208.2  6.6  0.55  15.3  25.6
170220262253  1.005  4.9  209.5  6.6  0.62  18.3  25.6
170220262254  1.001  4.9  211.3  6.6  0.53  17.7  25.6
170220262255  0.995  4.8  212.7  6.6  0.54  14.1  25.6
170220262256  0.991  4.7  213.7  6.6  0.54  11.2  25.6
170220262257  0.986  4.5  212.3  6.6  0.57  21.7  25.6
170220262258  0.982  4.3  209.9  6.1  0.62  13.6  25.6
170220262259  0.978  4.2  210.5  5.9  0.62  17.1  25.6
170220262300  0.973  4.2  212.0  5.9  0.51  18.9  25.6
170220262301  0.969  4.2  212.6  5.9  0.58  12.7  25.6
170220262302  0.964  4.3  212.8  5.9  0.60  16.9  25.6
170220262303  0.958  4.4  212.4  5.9  0.67  14.3  25.6
170220262304  0.953  4.3  211.4  5.5  0.62  5.5  25.6
170220262305  0.946  4.2  210.5  5.2  0.61  358.4  25.6
170220262306  0.942  4.2  210.8  5.2  0.67  1.6  25.6
170220262307  0.936  4.2  211.7  5.2  0.65  2.5  25.6
170220262308  0.932  4.3  212.3  5.4  0.72  0.6  25.6
170220262309  0.928  4.4  212.3  5.4  0.65  1.9  25.6
170220262310  0.924  4.4  211.9  5.4  0.73  3.3  25.6
170220262311  0.918  4.3  211.9  5.4  0.61  359.1  25.6
170220262312  0.914  4.4  213.0  5.4  0.71  4.2  25.6
170220262313  0.908  4.4  213.9  5.4  0.61  359.6  25.6
170220262314  0.902  4.4  214.6  5.4  0.77  1.6  25.6
170220262315  0.897  4.5  215.2  5.4  0.69  360.0  25.6
170220262316  0.893  4.6  215.6  5.4  0.78  359.6  25.6
170220262317  0.887  4.6  215.4  5.4  0.79  0.4  25.7
170220262318  0.882  4.5  215.0  5.2  0.85  3.3  25.6
170220262319  0.877  4.5  214.7  5.1  0.84  1.7  25.6
170220262320  0.871  4.5  213.7  5.2  0.75  359.0  25.6
170220262321  0.865  4.5  213.1  5.4  0.82  1.7  25.6
170220262322  0.860  4.6  212.0  5.6  0.82  4.5  25.6
170220262323  0.854  4.6  211.1  5.6  0.69  2.2  25.6
170220262324  0.848  4.7  210.9  5.6  0.92  4.3  25.7
170220262325  0.842  4.7  209.9  5.6  0.79  0.1  25.7
170220262326  0.836  4.8  208.5  5.7  0.81  1.6  25.6
170220262327  0.831  4.9  207.8  5.7  0.82  6.1  25.7
170220262328  0.826  5.0  207.1  5.8  0.84  2.7  25.6
170220262329  0.821  5.1  206.6  5.8  0.91  2.6  25.6
170220262330  0.814  5.1  206.5  5.8  0.78  359.7  25.7
170220262331  0.808  5.2  206.8  5.8  0.83  1.8  25.7
170220262332  0.802  5.2  207.4  5.9  0.87  3.7  25.7
170220262333  0.797  5.2  208.4  5.9  0.82  358.4  25.7
170220262334  0.792  5.2  208.5  5.9  0.83  2.6  25.6
170220262335  0.785  5.3  208.8  5.9  1.02  2.9  25.7
170220262336  0.780  5.2  208.9  5.9  0.86  3.1  25.7
170220262337  0.775  5.2  208.3  5.9  0.85  0.9  25.7
170220262338  0.769  5.1  208.4  5.9  0.94  1.7  25.7
170220262339  0.765  5.1  207.4  5.9  1.00  5.8  25.7
170220262340  0.759  5.2  206.7  5.9  0.91  3.5  25.7
170220262341  0.753  5.1  205.9  5.9  1.03  1.3  25.7
170220262342  0.747  5.0  205.2  5.8  1.06  3.3  25.7
170220262343  0.742  5.0  204.4  5.8  0.99  359.3  25.7
170220262344  0.736  4.9  204.5  5.8  0.93  4.9  25.7
170220262345  0.730  4.9  204.3  5.8  0.95  4.3  25.7
170220262346  0.726  4.9  203.9  5.8  0.97  6.3  25.7
170220262347  0.721  4.8  204.1  5.8  0.91  2.4  25.7
170220262348  0.716  4.8  203.8  5.8  0.98  3.2  25.7
170220262349  0.711  4.8  204.5  5.8  0.87  359.5  25.7
170220262350  0.705  4.8  204.8  5.7  0.96  4.9  25.7
170220262351  0.700  4.8  205.2  5.7  0.95  2.5  25.7
170220262352  0.694  4.8  206.1  5.5  0.97  4.6  25.7
170220262353  0.689  4.8  207.2  5.7  0.97  4.5  25.7
170220262354  0.685  4.9  208.1  6.1  1.00  0.7  25.7
170220262355  0.681  4.9  208.6  6.4  1.04  3.0  25.7
170220262356  0.677  5.0  209.4  6.5  0.96  358.4  25.7
170220262357  0.672  5.1  210.6  6.5  0.97  4.5  25.7
170220262358  0.668  5.2  211.0  6.6  1.06  7.4  25.7
170220262359  0.663  5.3  211.7  6.6  0.98  5.7  25.7
180220260000  0.657  5.5  212.4  6.9  0.92  3.7  25.7
180220260001  0.652  5.6  212.8  6.9  1.05  3.0  25.7
180220260002  0.650  5.7  212.5  7.0  0.84  5.1  25.7
180220260003  0.644  5.8  211.7  7.0  1.05  5.0  25.7
180220260004  0.639  5.8  211.0  7.0  1.08  2.1  25.7
180220260005  0.635  5.9  211.5  7.0  1.04  5.2  25.7
180220260006  0.629  5.9  211.4  7.0  0.98  4.3  25.7
180220260007  0.624  5.9  210.9  7.0  0.98  2.7  25.7
180220260008  0.620  5.9  210.8  7.0  1.01  3.1  25.7
180220260009  0.615  5.9  210.5  7.0  0.96  1.7  25.7
180220260010  0.610  5.8  211.0  7.0  0.99  2.2  25.7
180220260011  0.605  5.8  211.9  7.0  0.98  359.3  25.7
180220260012  0.601  5.7  212.6  6.6  1.04  0.9  25.7
180220260013  0.596  5.6  213.3  6.5  0.94  359.0  25.7
180220260014  0.592  5.6  213.9  6.5  0.88  1.7  25.7
180220260015  0.589  5.6  214.3  6.5  0.93  4.9  25.7
180220260016  0.585  5.6  215.0  6.5  0.97  3.2  25.7
180220260017  0.580  5.6  215.3  6.5  0.96  3.3  25.7
180220260018  0.576  5.6  216.1  6.5  0.89  1.3  25.7
180220260019  0.571  5.6  216.5  6.5  1.03  3.4  25.7
180220260020  0.566  5.6  216.1  6.5  0.98  5.5  25.7
180220260021  0.564  5.7  215.4  6.5  0.91  5.8  25.7
180220260022  0.560  5.7  215.2  6.5  1.12  7.4  25.7
180220260023  0.557  5.6  215.6  6.3  1.04  5.6  25.7
180220260024  0.554  5.6  216.7  6.3  1.00  5.6  25.7
180220260025  0.550  5.6  217.6  6.3  0.92  5.7  25.7
180220260026  0.546  5.6  217.4  6.3  0.98  2.8  25.7
180220260027  0.543  5.4  218.0  6.3  1.04  2.1  25.7
180220260028  0.540  5.4  218.4  6.3  0.94  6.1  25.7
180220260029  0.537  5.4  218.9  6.3  1.01  3.9  25.7
180220260030  0.533  5.3  219.2  6.3  0.95  5.6  25.7
180220260031  0.530  5.1  220.0  6.1  0.92  6.0  25.7
180220260032  0.527  5.1  220.5  6.1  0.92  7.1  25.7
180220260033  0.524  5.0  220.7  6.1  0.91  7.1  25.7
180220260034  0.520  5.0  220.1  6.1  0.93  6.5  25.7
180220260035  0.517  4.9  219.8  5.9  1.02  8.4  25.7
180220260036  0.513  4.8  220.6  5.9  0.93  7.5  25.7
180220260037  0.509  4.8  221.5  5.9  0.93  6.1  25.7
180220260038  0.505  4.7  223.2  5.8  0.93  6.1  25.7
180220260039  0.502  4.8  225.6  5.8  0.88  4.9  25.7
180220260040  0.499  4.9  227.0  6.4  0.95  6.6  25.7
180220260041  0.494  4.9  228.0  6.4  0.86  4.9  25.7
180220260042  0.491  5.0  228.9  6.4  0.89  5.1  25.7
180220260043  0.486  5.0  229.4  6.4  0.96  9.2  25.7
180220260044  0.483  5.0  229.2  6.4  0.97  6.1  25.7
180220260045  0.478  5.0  229.9  6.4  0.87  9.5  25.7
180220260046  0.474  5.0  230.3  6.4  0.81  6.0  25.7
180220260047  0.470  5.1  228.9  6.4  0.86  6.8  25.7
180220260048  0.466  5.1  227.8  6.4  0.95  8.7  25.7
180220260049  0.460  5.1  225.8  6.4  0.93  7.7  25.7
180220260050  0.456  5.0  224.1  5.8  0.86  6.1  25.7
180220260051  0.451  5.0  222.2  5.8  0.85  3.3  25.7
180220260052  0.446  5.0  220.3  5.8  0.94  10.0  25.7
180220260053  0.440  5.0  219.0  5.8  0.95  7.1  25.7
180220260054  0.435  5.0  218.2  5.8  0.93  4.5  25.7
180220260055  0.430  5.0  215.9  5.8  0.98  5.9  25.7
180220260056  0.425  5.0  214.2  5.8  0.94  6.0  25.7
180220260057  0.421  4.9  213.0  5.8  0.90  8.1  25.7
180220260058  0.417  4.9  211.2  5.8  0.88  7.1  25.7
180220260059  0.412  4.9  210.1  5.8  0.87  7.6  25.7
180220260100  0.408  4.9  210.5  6.3  0.99  7.9  25.7
180220260101  0.403  4.9  211.3  6.3  0.89  9.6  25.7
180220260102  0.399  4.8  211.7  6.3  0.96  8.4  25.7
180220260103  0.395  4.9  213.0  6.6  0.90  7.5  25.7
180220260104  0.389  5.0  214.0  6.7  0.96  8.0  25.7
180220260105  0.384  5.2  215.4  8.2  1.03  4.9  25.7
180220260106  0.380  5.3  217.5  8.2  1.05  7.6  25.7
180220260107  0.376  5.5  218.8  8.2  0.92  9.4  25.7
180220260108  0.372  5.7  220.1  8.2  0.97  7.4  25.7
180220260109  0.368  5.9  220.9  8.2  0.91  7.6  25.7
180220260110  0.363  6.0  221.5  8.2  0.99  8.3  25.7
180220260111  0.359  6.2  221.2  8.2  1.07  9.7  25.7
180220260112  0.353  6.4  221.0  8.2  1.06  7.9  25.7
180220260113  0.350  6.4  220.2  8.2  1.00  9.2  25.7
180220260114  0.346  6.4  219.2  8.2  0.94  10.4  25.7
180220260115  0.341  6.3  218.4  8.1  0.94  6.8  25.7
180220260116  0.338  6.2  216.9  7.5  0.87  6.4  25.7
180220260117  0.334  6.1  216.3  7.5  0.93  6.9  25.7
180220260118  0.331  6.1  215.9  7.5  0.87  12.3  25.7
180220260119  0.327  6.0  215.5  7.1  0.94  8.9  25.7
180220260120  0.323  5.9  214.7  7.0  0.89  4.0  25.7
180220260121  0.319  5.8  214.1  7.0  1.01  7.8  25.7
180220260122  0.316  5.8  214.1  7.0  0.88  6.3  25.7
180220260123  0.312  5.7  213.7  6.9  0.90  8.8  25.7
180220260124  0.308  5.7  214.1  6.9  1.00  10.0  25.7
180220260125  0.305  5.7  214.0  6.6  1.06  11.3  25.7
180220260126  0.302  5.8  213.8  6.6  0.99  6.3  25.7
180220260127  0.299  5.8  213.7  6.6  0.97  6.7  25.7
180220260128  0.296  5.8  212.5  6.6  0.87  9.4  25.7
180220260129  0.294  5.9  211.5  6.6  1.00  5.1  25.7
180220260130  0.290  5.9  211.0  6.6  0.94  8.8  25.7
180220260131  0.288  5.9  211.0  6.6  0.93  8.9  25.7
180220260132  0.286  5.9  210.6  6.5  0.97  6.1  25.7
180220260133  0.282  5.9  211.0  6.5  0.97  7.4  25.7
180220260134  0.280  5.9  211.0  6.5  0.89  9.4  25.7
180220260135  0.277  5.9  211.6  6.6  0.90  9.0  25.7
180220260136  0.274  5.8  212.5  6.6  0.86  5.6  25.7
180220260137  0.272  5.8  213.2  6.6  1.06  9.9  25.7
180220260138  0.269  5.7  214.9  6.6  0.84  5.1  25.7
180220260139  0.268  5.7  216.1  6.6  0.86  7.0  25.7
180220260140  0.264  5.6  217.0  6.6  0.93  7.0  25.7
180220260141  0.261  5.7  217.4  6.6  0.88  8.1  25.7
180220260142  0.259  5.8  217.5  6.6  0.95  8.5  25.7
180220260143  0.257  5.7  217.6  6.6  0.85  3.7  25.7
180220260144  0.255  5.7  217.5  6.6  0.88  8.1  25.7
180220260145  0.252  5.7  217.2  6.6  0.98  8.9  25.7
180220260146  0.251  5.7  216.5  6.6  0.89  5.4  25.7
180220260147  0.249  5.7  215.7  6.6  0.90  7.6  25.7
180220260148  0.247  5.7  214.5  6.6  0.98  6.9  25.7
180220260149  0.248  5.8  214.1  6.6  0.99  8.3  25.7
180220260150  0.247  5.8  213.7  6.6  0.93  5.8  25.7
180220260151  0.246  5.8  213.8  6.6  1.00  6.8  25.7
180220260152  0.245  5.8  214.0  6.6  0.94  5.0  25.7
180220260153  0.244  5.8  213.7  6.6  0.96  3.3  25.7
180220260154  0.243  5.9  214.1  6.9  0.96  4.3  25.7
180220260155  0.243  5.9  214.2  7.0  0.76  6.0  25.7
180220260156  0.242  6.0  214.8  7.2  0.92  2.4  25.7
180220260157  0.242  6.0  215.0  7.2  0.75  4.2  25.7
180220260158  0.241  6.1  215.0  7.2  0.93  2.2  25.7
180220260159  0.241  6.2  214.7  7.2  0.81  6.8  25.7
180220260200  0.239  6.3  214.4  7.2  0.78  2.3  25.7
180220260201  0.238  6.3  214.2  7.2  0.85  2.5  25.7
180220260202  0.239  6.3  213.9  7.2  0.77  4.9  25.7
180220260203  0.238  6.3  213.9  7.2  0.87  0.9  25.7
180220260204  0.237  6.3  213.8  7.2  0.81  4.9  25.7
180220260205  0.236  6.3  213.4  7.2  0.80  2.4  25.7
180220260206  0.236  6.3  212.6  7.0  0.74  2.9  25.7
180220260207  0.234  6.2  212.5  7.0  0.86  2.5  25.7
180220260208  0.234  6.1  212.8  7.0  0.86  3.8  25.7
180220260209  0.234  6.1  213.4  7.0  0.81  1.3  25.7
180220260210  0.234  6.0  214.2  7.0  0.76  5.1  25.7
180220260211  0.234  5.9  214.7  7.0  0.79  0.3  25.7
180220260212  0.235  5.9  215.4  7.0  0.76  0.3  25.7
180220260213  0.234  5.9  215.6  7.0  0.80  4.9  25.7
180220260214  0.233  5.8  215.8  6.9  0.68  4.7  25.7
180220260215  0.234  5.8  216.5  7.5  0.82  2.2  25.7
180220260216  0.233  5.8  217.5  7.5  0.76  3.2  25.7
180220260217  0.231  5.9  217.9  7.5  0.76  2.3  25.7
180220260218  0.231  6.0  218.3  7.6  0.85  1.5  25.7
180220260219  0.229  6.0  218.5  7.7  0.73  1.8  25.7
180220260220  0.227  6.0  218.6  7.7  0.80  3.6  25.7
180220260221  0.225  6.1  218.4  7.7  0.81  3.4  25.7
180220260222  0.224  6.2  218.1  7.7  0.70  1.5  25.7
180220260223  0.221  6.2  217.9  7.7  0.86  4.1  25.7
180220260224  0.220  6.1  218.3  7.7  0.73  2.3  25.7
180220260225  0.218  6.1  217.3  7.7  0.78  4.1  25.7
180220260226  0.218  6.1  217.6  7.7  0.76  2.3  25.7
180220260227  0.216  6.0  217.3  7.7  0.77  2.6  25.7
180220260228  0.215  5.7  216.7  7.7  0.73  8.5  25.7
180220260229  0.212  5.7  216.9  7.7  0.81  9.7  25.7
180220260230  0.212  5.6  216.5  7.7  0.84  4.0  25.7
180220260231  0.209  5.6  216.5  7.7  0.87  5.7  25.7
180220260232  0.209  5.5  215.4  7.4  0.71  3.4  25.7
180220260233  0.206  5.6  214.7  7.4  0.70  6.5  25.8
180220260234  0.205  5.7  213.1  7.4  0.92  7.7  25.7
180220260235  0.204  5.9  212.5  7.6  0.76  5.6  25.8
180220260236  0.203  6.0  210.5  8.0  0.95  2.7  25.8
180220260237  0.203  6.1  209.6  8.0  0.79  4.5  25.7
180220260238  0.202  6.3  209.6  8.0  0.85  4.6  25.7
180220260239  0.202  6.4  208.6  8.0  0.82  4.1  25.7
180220260240  0.199  6.6  207.6  8.0  0.89  3.2  25.8
180220260241  0.199  6.6  207.2  8.0  0.85  6.8  25.8
180220260242  0.198  6.6  207.4  8.0  0.87  9.9  25.8
180220260243  0.199  6.6  207.1  8.0  0.91  9.1  25.8
180220260244  0.199  6.5  207.6  8.0  0.92  7.5  25.8
180220260245  0.201  6.4  208.4  8.0  0.79  8.9  25.8
180220260246  0.202  6.3  208.4  7.5  0.71  4.2  25.8
180220260247  0.203  6.3  209.0  7.5  0.84  6.7  25.8
180220260248  0.206  6.2  209.0  7.5  0.78  6.5  25.8
180220260249  0.208  6.1  208.5  7.5  0.72  3.8  25.8
180220260250  0.210  6.1  208.4  7.2  0.83  7.5  25.8
180220260251  0.213  6.0  208.1  6.7  0.67  4.2  25.8
180220260252  0.217  6.0  207.4  6.7  0.71  6.9  25.8
180220260253  0.221  6.0  207.6  6.8  0.65  3.8  25.8
180220260254  0.224  6.0  206.7  6.8  0.68  4.4  25.8
180220260255  0.227  6.1  205.4  7.0  0.70  1.0  25.8
180220260256  0.229  6.1  205.4  7.2  0.69  5.2  25.8
180220260257  0.233  6.1  204.8  7.2  0.56  4.2  25.8
180220260258  0.235  6.2  204.1  7.2  0.64  6.1  25.8
180220260259  0.237  6.2  204.4  7.2  0.60  7.9  25.8
180220260300  0.240  6.3  204.7  7.5  0.64  358.5  25.8
180220260301  0.243  6.4  204.2  7.5  0.49  354.5  25.8
180220260302  0.247  6.4  204.2  7.5  0.53  0.3  25.8
180220260303  0.249  6.4  203.8  7.5  0.66  358.9  25.8
180220260304  0.251  6.4  203.3  7.5  0.38  358.2  25.8
180220260305  0.252  6.5  203.1  7.5  0.42  355.1  25.8
180220260306  0.256  6.5  203.4  7.5  0.46  0.6  25.8
180220260307  0.257  6.5  203.5  7.5  0.43  0.5  25.8
180220260308  0.260  6.5  203.3  7.5  0.45  356.6  25.8
180220260309  0.262  6.6  203.3  7.5  0.30  349.7  25.8
180220260310  0.266  6.5  203.7  7.2  0.34  352.9  25.8
180220260311  0.269  6.5  204.3  7.2  0.39  350.7  25.8
180220260312  0.271  6.6  204.9  7.6  0.39  3.4  25.8
180220260313  0.275  6.5  205.8  7.6  0.18  351.2  25.8
180220260314  0.277  6.6  207.1  7.6  0.24  343.4  25.8
180220260315  0.281  6.6  207.9  7.7  0.25  345.0  25.8
180220260316  0.283  6.6  208.3  7.7  0.27  351.6  25.8
180220260317  0.286  6.7  208.8  7.7  0.26  350.8  25.8
180220260318  0.288  6.6  209.8  7.7  0.18  8.7  25.8
180220260319  0.291  6.7  209.9  7.7  0.30  353.2  25.8
180220260320  0.294  6.6  209.7  7.7  0.18  358.5  25.8
180220260321  0.297  6.7  209.5  7.7  0.19  352.3  25.8
180220260322  0.301  6.7  209.3  7.7  0.20  5.6  25.8
180220260323  0.305  6.7  208.6  7.7  0.16  354.1  25.8
180220260324  0.309  6.7  207.6  7.7  0.12  340.5  25.8
180220260325  0.314  6.7  207.0  7.5  0.17  337.9  25.8
180220260326  0.316  6.7  206.3  7.5  0.28  356.8  25.8
180220260327  0.321  6.7  205.5  7.5  0.29  348.4  25.8
180220260328  0.324  6.7  204.6  7.5  0.33  355.6  25.8
180220260329  0.328  6.8  204.2  7.5  0.17  332.0  25.8
180220260330  0.333  6.8  203.5  7.6  0.20  353.4  25.8
180220260331  0.337  6.9  203.3  7.7  0.10  353.4  25.8
180220260332  0.341  6.9  202.8  7.7  0.15  340.4  25.8
180220260333  0.345  6.9  202.6  7.7  nan  nan  nan
180220260334  0.350  6.9  202.7  7.9  nan  nan  nan
180220260335  0.355  6.9  203.2  7.9  0.05  299.2  25.8
180220260336  0.360  6.9  203.7  7.9  0.06  254.3  25.8
180220260337  0.366  6.8  203.9  7.9  0.08  248.8  25.8
180220260338  0.371  6.8  203.6  7.9  0.13  245.6  25.8
180220260339  0.375  6.7  204.0  7.9  0.09  241.1  25.8
180220260340  0.378  6.5  204.5  7.9  0.16  216.3  25.8
180220260341  0.384  6.4  204.8  7.9  0.19  223.5  25.8
180220260342  0.388  6.4  205.7  7.9  0.15  243.1  25.7
180220260343  0.394  6.3  206.6  7.9  0.16  208.7  25.7
180220260344  0.399  6.2  206.9  7.5  0.34  220.3  25.7
180220260345  0.404  6.1  207.6  7.5  0.21  224.3  25.7
180220260346  0.410  6.0  208.5  7.5  0.21  222.5  25.7
180220260347  0.414  5.9  208.7  7.5  0.12  213.3  25.7
180220260348  0.418  5.8  210.3  7.0  0.30  187.7  25.7
180220260349  0.422  5.8  210.2  7.0  0.41  181.9  25.7
180220260350  0.426  5.8  210.5  7.0  0.30  192.3  25.7
180220260351  0.430  5.8  210.5  7.0  0.27  187.9  25.7
180220260352  0.435  5.7  210.2  6.8  0.35  188.7  25.7
180220260353  0.438  5.7  210.1  6.8  0.40  187.5  25.7
180220260354  0.442  5.7  210.2  6.8  0.37  183.1  25.7
180220260355  0.446  5.7  209.3  6.8  0.29  183.0  25.7
180220260356  0.451  5.7  208.7  6.8  0.35  174.1  25.7
180220260357  0.455  5.7  209.2  6.8  0.16  183.0  25.7
180220260358  0.459  5.7  208.9  6.7  0.18  163.2  25.7
180220260359  0.462  5.8  209.4  6.7  0.21  172.6  25.7
180220260400  0.466  5.8  209.9  6.7  0.24  174.6  25.7
180220260401  0.469  5.9  210.2  6.7  0.21  167.0  25.7
180220260402  0.473  6.0  210.9  6.7  0.26  180.5  25.7
180220260403  0.476  6.0  211.3  6.7  0.28  192.0  25.7
180220260404  0.480  5.9  211.9  6.7  0.30  179.5  25.7
180220260405  0.483  5.9  212.3  6.7  0.26  186.5  25.7
180220260406  0.488  5.9  212.9  6.7  0.20  186.7  25.7
180220260407  0.491  5.9  213.2  6.7  0.16  179.8  25.7
180220260408  0.495  5.9  213.0  6.7  0.28  189.6  25.7
180220260409  0.498  5.9  212.2  6.7  0.33  188.3  25.7
180220260410  0.501  5.8  212.0  6.7  0.35  191.9  25.7
180220260411  0.504  5.8  211.9  6.5  0.23  182.1  25.7
180220260412  0.508  5.8  211.5  6.4  0.26  184.8  25.7
180220260413  0.511  5.8  211.1  6.4  0.30  187.4  25.7
180220260414  0.515  5.8  210.7  6.6  0.24  201.6  25.7
180220260415  0.521  5.9  210.3  6.6  0.37  193.0  25.7
180220260416  0.526  5.9  209.5  6.6  0.24  197.3  25.7
180220260417  0.530  6.0  208.6  6.6  0.41  185.6  25.7
180220260418  0.535  6.0  208.8  6.6  0.32  192.1  25.7
180220260419  0.539  6.0  208.6  6.6  0.44  185.9  25.7
180220260420  0.543  5.9  208.2  6.6  0.36  186.6  25.7
180220260421  0.546  5.9  207.6  6.6  0.36  196.8  25.7
180220260422  0.551  5.9  207.3  6.6  0.48  187.0  25.7
180220260423  0.556  5.8  207.5  6.6  0.48  187.0  25.7
180220260424  0.561  5.7  207.7  6.6  0.53  184.1  25.7
180220260425  0.567  5.6  208.1  6.4  0.31  182.4  25.7
180220260426  0.571  5.6  208.2  6.3  0.47  187.1  25.6
180220260427  0.576  5.6  208.6  6.5  0.54  189.2  25.6
180220260428  0.580  5.6  208.4  6.5  0.32  174.3  25.6
180220260429  0.583  5.6  208.7  6.7  0.26  171.4  25.6
180220260430  0.588  5.7  208.9  6.7  0.34  170.9  25.6
180220260431  0.591  5.8  209.1  7.0  0.26  171.0  25.6
180220260432  0.597  5.9  208.6  7.0  0.37  152.8  25.6
180220260433  0.601  6.0  207.6  7.0  0.43  175.9  25.6
180220260434  0.607  6.1  206.6  7.0  0.40  172.3  25.6
180220260435  0.612  6.2  206.0  7.0  0.36  173.9  25.6
180220260436  0.617  6.3  205.5  7.0  0.47  171.1  25.6
180220260437  0.624  6.3  205.3  7.0  0.42  168.3  25.6
180220260438  0.628  6.3  205.0  7.0  0.33  167.1  25.6
180220260439  0.633  6.3  205.0  7.0  0.47  174.4  25.6
180220260440  0.639  6.3  204.9  7.0  0.46  175.3  25.6
180220260441  0.644  6.2  205.1  6.8  0.48  164.8  25.6
180220260442  0.650  6.2  205.7  6.7  0.45  169.5  25.6
180220260443  0.656  6.2  206.2  6.7  0.46  166.4  25.7
180220260444  0.663  6.1  207.0  6.7  0.55  174.9  25.7
180220260445  0.669  6.1  207.5  6.6  0.43  173.4  25.7
180220260446  0.676  6.0  207.5  6.5  0.56  174.0  25.7
180220260447  0.680  6.0  207.8  6.9  0.46  161.5  25.7
180220260448  0.686  6.0  208.1  6.9  0.53  166.5  25.6
180220260449  0.693  6.0  208.5  6.9  0.46  167.8  25.7
180220260450  0.699  5.9  208.4  6.9  0.54  173.8  25.7
180220260451  0.705  6.0  208.4  6.9  0.68  170.9  25.7
180220260452  0.711  6.0  208.6  6.9  0.65  167.4  25.6
180220260453  0.717  6.0  208.8  7.1  0.72  169.0  25.6
180220260454  0.723  6.0  209.0  7.1  0.80  170.1  25.6
180220260455  0.729  6.0  208.9  7.1  0.85  168.8  25.7
180220260456  0.735  6.1  209.6  7.1  0.80  168.5  25.7
180220260457  0.742  6.1  209.8  7.1  0.95  172.1  25.7
180220260458  0.748  6.2  209.8  7.1  0.84  174.5  25.7
180220260459  0.755  6.2  209.3  7.1  0.95  169.1  25.7
180220260500  0.761  6.2  209.3  7.1  0.89  169.2  25.7
180220260501  0.767  6.3  209.1  7.1  0.99  168.3  25.7
180220260502  0.774  6.3  208.8  7.1  1.01  170.0  25.7
180220260503  0.780  6.2  208.7  7.1  0.96  166.9  25.7
180220260504  0.787  6.2  208.8  7.1  0.97  174.1  25.6
180220260505  0.793  6.1  209.1  7.1  0.86  170.5  25.6
180220260506  0.799  6.1  209.3  6.9  1.02  172.3  25.6
180220260507  0.805  6.1  209.3  6.9  0.99  172.3  25.6
180220260508  0.811  6.1  209.8  6.9  1.11  171.4  25.6
180220260509  0.817  6.1  210.5  6.9  1.06  168.9  25.6
180220260510  0.823  6.0  210.5  6.9  0.96  167.2  25.6
180220260511  0.830  6.1  210.5  6.9  1.09  168.0  25.6
180220260512  0.836  6.0  210.6  6.9  1.07  167.3  25.6
180220260513  0.843  6.1  210.8  6.9  1.09  168.1  25.6
180220260514  0.851  6.1  211.1  7.3  1.06  164.6  25.6
180220260515  0.856  6.1  211.2  7.3  1.02  165.3  25.6
180220260516  0.863  6.1  211.2  7.3  1.15  167.7  25.6
180220260517  0.869  6.2  211.2  7.3  1.09  169.4  25.6
180220260518  0.876  6.2  210.4  7.3  1.06  167.8  25.6
180220260519  0.883  6.2  209.6  7.3  1.09  169.5  25.6
180220260520  0.891  6.3  209.5  7.3  1.06  169.5  25.6
180220260521  0.897  6.3  209.6  7.3  1.19  171.2  25.6
180220260522  0.902  6.4  209.4  7.3  1.21  171.2  25.6
180220260523  0.911  6.5  208.8  7.6  1.17  174.4  25.6
180220260524  0.916  6.5  208.3  7.6  1.15  173.0  25.6
180220260525  0.922  6.7  208.3  8.4  1.15  171.8  25.6
180220260526  0.930  6.8  207.6  8.4  1.15  171.1  25.6
180220260527  0.936  7.0  208.0  8.4  1.27  173.9  25.6
180220260528  0.944  7.0  208.3  8.4  1.15  172.2  25.6
180220260529  0.951  7.1  208.4  8.4  1.23  172.0  25.6
180220260530  0.957  7.2  208.6  8.4  1.14  171.9  25.6
180220260531  0.964  7.2  208.8  8.4  1.16  172.9  25.6
180220260532  0.971  7.2  209.1  8.4  1.05  173.1  25.6
180220260533  0.978  7.2  209.0  8.4  1.14  175.8  25.6
180220260534  0.985  7.2  208.6  8.4  1.16  177.4  25.6
180220260535  0.991  7.1  208.2  7.9  1.09  174.3  25.6
180220260536  0.997  6.9  208.4  7.9  1.05  175.8  25.6
180220260537  1.002  6.8  207.6  7.8  1.14  174.8  25.6
180220260538  1.008  6.8  207.6  7.8  1.11  178.2  25.6
180220260539  1.014  6.7  207.4  7.7  1.07  173.2  25.6
180220260540  1.019  6.6  207.3  7.7  1.07  172.7  25.6
180220260541  1.025  6.6  206.5  7.7  1.03  173.5  25.6
180220260542  1.029  6.6  206.5  7.7  1.01  174.1  25.5
180220260543  1.034  6.5  206.5  7.5  1.01  171.8  25.5
180220260544  1.040  6.5  206.2  7.5  0.99  172.5  25.5
180220260545  1.045  6.5  205.9  7.5  1.11  174.5  25.5
180220260546  1.050  6.5  205.6  7.5  0.97  172.4  25.5
180220260547  1.054  6.5  206.3  7.5  1.03  168.3  25.5
180220260548  1.059  6.4  206.3  7.2  1.04  172.4  25.5
180220260549  1.063  6.4  206.6  7.1  1.12  172.1  25.5
180220260550  1.068  6.4  207.0  7.1  1.24  175.5  25.5
180220260551  1.073  6.4  207.9  7.3  1.05  172.2  25.5
180220260552  1.077  6.3  208.3  7.3  1.07  172.7  25.5
180220260553  1.080  6.3  208.6  7.3  1.09  172.9  25.5
180220260554  1.086  6.2  209.3  7.3  1.19  173.9  25.5
180220260555  1.090  6.2  209.5  7.3  1.12  174.3  25.5
180220260556  1.094  6.1  209.9  7.3  1.15  175.7  25.5
180220260557  1.099  6.0  209.4  7.3  1.05  172.6  25.5
180220260558  1.104  6.0  209.7  7.3  1.13  173.8  25.5
180220260559  1.110  6.0  210.6  7.3  1.07  174.7  25.4
180220260600  1.115  6.1  211.4  7.7  1.00  174.3  25.4
180220260601  1.121  6.1  212.6  8.0  1.04  174.8  25.4
180220260602  1.126  6.2  213.7  8.1  1.06  170.4  25.4
180220260603  1.133  6.3  215.3  8.1  0.97  172.4  25.4
180220260604  1.139  6.5  216.2  8.9  0.98  171.3  25.4
180220260605  1.147  6.6  217.4  8.9  1.05  169.7  25.4
180220260606  1.153  6.8  218.4  8.9  1.06  173.2  25.4
180220260607  1.158  7.0  218.6  8.9  1.08  173.3  25.4
180220260608  1.165  7.1  218.6  8.9  0.94  173.7  25.4
180220260609  1.171  7.0  217.7  8.9  0.97  170.9  25.4
180220260610  1.176  7.1  216.6  8.9  0.92  174.9  25.4
180220260611  1.182  7.1  214.8  8.9  1.15  175.6  25.4
180220260612  1.186  7.0  213.2  8.9  1.02  174.5  25.4
180220260613  1.193  7.0  211.0  8.9  1.19  176.6  25.4
180220260614  1.199  6.9  209.8  8.2  1.05  176.7  25.4
180220260615  1.205  6.9  208.5  8.2  0.99  178.4  25.4
180220260616  1.213  6.9  206.6  8.2  1.13  179.4  25.4
180220260617  1.219  6.9  206.1  8.2  0.96  177.4  25.4
180220260618  1.226  7.0  205.4  8.2  1.06  179.9  25.4
180220260619  1.230  6.9  204.9  8.2  1.13  177.9  25.4
180220260620  1.236  6.8  204.9  8.2  1.11  182.1  25.4
180220260621  1.242  6.8  204.5  8.2  1.01  177.9  25.4
180220260622  1.248  6.7  204.9  8.2  1.05  177.8  25.4
180220260623  1.253  6.6  204.7  7.9  1.08  178.8  25.4
180220260624  1.261  6.6  204.2  7.9  0.85  173.9  25.4
180220260625  1.266  6.4  203.1  7.9  0.95  177.3  25.4
180220260626  1.272  6.3  203.1  7.8  0.97  180.5  25.4
180220260627  1.278  6.2  203.0  7.6  1.01  180.5  25.4
180220260628  1.285  6.1  202.8  7.6  1.09  182.4  25.3
180220260629  1.291  6.1  202.6  7.6  1.12  178.4  25.3
180220260630  1.296  6.1  202.4  7.6  1.04  179.9  25.3
180220260631  1.302  6.0  203.0  6.9  1.14  175.8  25.3
180220260632  1.308  5.9  202.7  6.9  1.02  178.2  25.3
180220260633  1.314  5.8  203.5  6.9  1.02  178.7  25.3
180220260634  1.321  5.7  204.7  6.9  1.05  177.3  25.3
180220260635  1.329  5.7  206.7  7.5  1.08  176.2  25.3
180220260636  1.335  5.7  207.7  7.5  1.11  175.2  25.3
180220260637  1.342  5.6  208.7  7.5  1.15  179.6  25.3
180220260638  1.349  5.5  209.8  7.5  1.22  177.2  25.3
180220260639  1.355  5.5  211.3  7.5  1.02  176.7  25.3
180220260640  1.362  5.4  211.8  7.5  0.94  177.3  25.3
180220260641  1.369  5.4  212.6  7.5  1.11  177.2  25.3
180220260642  1.375  5.3  213.0  7.5  0.97  173.9  25.3
180220260643  1.382  5.3  214.8  7.5  1.16  177.9  25.3
180220260644  1.389  5.3  215.2  7.5  1.06  176.7  25.3
180220260645  1.395  5.3  215.5  6.6  1.14  179.1  25.3
180220260646  1.402  5.2  216.5  6.6  1.13  179.2  25.3
180220260647  1.408  5.2  216.8  6.6  1.08  176.1  25.3
180220260648  1.414  5.2  217.0  7.1  1.06  177.8  25.3
180220260649  1.421  5.2  218.0  7.1  1.09  178.0  25.3
180220260650  1.427  5.1  218.8  7.1  1.01  175.1  25.3
180220260651  1.433  5.0  219.5  7.1  0.94  177.9  25.4
180220260652  1.439  5.1  219.8  7.1  0.86  175.0  25.4
180220260653  1.445  4.9  218.5  7.1  0.79  172.0  25.4
180220260654  1.450  5.0  218.5  7.1  0.79  174.6  25.4
180220260655  1.455  4.9  219.0  7.1  0.78  171.5  25.4
180220260656  1.461  4.8  219.0  7.1  0.73  175.7  25.4
180220260657  1.466  4.8  219.9  7.1  0.73  175.9  25.4
180220260658  1.471  4.6  220.3  6.9  0.71  171.5  25.3
180220260659  1.476  4.5  219.8  6.9  0.82  174.1  25.3
180220260700  1.480  4.6  220.4  6.9  0.84  173.1  25.3
180220260701  1.485  4.6  221.9  6.9  0.75  171.9  25.3
180220260702  1.489  4.5  223.5  6.9  0.76  168.2  25.3
180220260703  1.494  4.4  225.0  6.9  0.76  171.9  25.3
180220260704  1.500  4.3  226.5  6.5  0.83  173.9  25.3
180220260705  1.506  4.0  230.7  6.2  0.89  175.1  25.3
180220260706  1.511  3.9  232.7  6.2  0.85  170.5  25.3
180220260707  1.515  3.7  233.1  5.8  1.01  171.5  25.3
180220260708  1.519  3.6  237.2  5.8  0.91  176.2  25.3
180220260709  1.524  3.5  243.2  5.8  0.62  174.1  25.3
180220260710  1.529  3.3  245.0  5.8  0.59  181.8  25.3
180220260711  1.533  3.1  246.2  5.3  0.90  177.1  25.3
180220260712  1.539  2.9  249.1  5.3  0.57  176.2  25.3
180220260713  1.544  2.9  253.7  5.3  0.82  177.9  25.3
180220260714  1.549  2.7  256.4  5.2  0.64  182.2  25.3
180220260715  1.553  2.5  252.3  5.2  0.69  179.2  25.3
180220260716  1.558  2.4  252.8  5.2  0.68  177.5  25.3
180220260717  1.561  2.4  255.8  5.2  0.50  174.4  25.3
180220260718  1.566  2.3  254.4  5.2  0.94  179.4  25.3
180220260719  1.571  2.1  253.8  4.5  0.66  175.5  25.2
180220260720  1.576  2.0  258.1  4.5  0.75  175.9  25.2
180220260721  1.580  2.0  259.9  4.5  0.87  178.0  25.2
180220260722  1.583  2.1  260.7  4.5  0.80  182.8  25.2
180220260723  1.588  2.1  257.4  4.5  0.81  180.2  25.2
180220260724  1.591  2.1  256.6  3.6  0.92  180.4  25.2
180220260725  1.595  2.2  259.6  3.6  0.80  185.0  25.2
180220260726  1.599  2.3  263.8  5.1  0.61  171.9  25.2
180220260727  1.603  2.5  266.0  5.1  0.76  177.9  25.2
180220260728  1.606  2.5  267.3  5.1  0.83  175.3  25.2
180220260729  1.610  2.8  270.7  5.2  0.88  177.7  25.2
180220260730  1.612  2.8  272.3  5.2  0.81  182.0  25.2
180220260731  1.616  3.0  275.0  5.2  0.94  178.5  25.2
180220260732  1.618  3.1  275.6  5.2  0.85  187.1  25.2
180220260733  1.621  3.1  279.8  5.2  0.83  186.1  25.2
180220260734  1.625  3.5  284.4  5.8  0.84  186.2  25.2
180220260735  1.627  3.6  285.1  5.8  0.71  186.6  25.2
180220260736  1.630  3.7  285.1  5.8  0.82  178.8  25.2
180220260737  1.632  3.7  286.9  5.8  0.64  176.4  25.2
180220260738  1.636  3.8  286.8  5.8  0.79  182.1  25.2
180220260739  1.640  3.6  287.5  5.8  0.68  183.3  25.2
180220260740  1.643  3.6  288.4  5.8  0.73  184.2  25.2
180220260741  1.646  3.5  291.4  5.8  0.94  186.2  25.2
180220260742  1.650  3.6  294.9  5.8  0.81  188.3  25.2
180220260743  1.654  3.6  298.3  5.8  0.96  187.0  25.2
180220260744  1.657  3.4  302.3  5.5  0.85  184.1  25.2
180220260745  1.661  3.7  305.3  7.4  0.93  179.2  25.2
180220260746  1.664  3.7  307.2  7.4  0.87  189.1  25.2
180220260747  1.667  3.7  306.1  7.4  0.84  176.7  25.2
180220260748  1.671  3.6  305.3  7.4  0.81  175.3  25.2
180220260749  1.675  3.5  303.6  7.4  0.90  177.1  25.2
180220260750  1.677  3.5  303.5  7.4  0.84  180.0  25.2
180220260751  1.680  3.4  302.8  7.4  0.50  179.2  25.2
180220260752  1.683  3.3  307.0  7.4  0.70  179.8  25.2
180220260753  1.687  3.3  308.0  7.4  0.62  174.1  25.2
180220260754  1.691  3.5  305.9  7.4  0.67  174.7  25.2
180220260755  1.695  3.4  308.1  7.3  0.72  183.3  25.2
180220260756  1.699  3.5  311.9  7.3  0.63  184.7  25.2
180220260757  1.703  3.7  317.7  7.3  0.64  181.8  25.2
180220260758  1.707  3.9  317.6  7.3  0.58  179.4  25.2
180220260759  1.711  4.1  319.0  7.3  0.78  179.6  25.2
180220260800  1.715  4.2  322.0  7.3  0.63  186.1  25.2
180220260801  1.719  4.5  323.5  7.3  0.70  174.1  25.2
180220260802  1.722  4.5  320.6  7.3  0.61  179.6  25.2
180220260803  1.726  4.8  319.0  7.6  0.59  184.0  25.2
180220260804  1.730  5.0  320.4  9.4  0.70  178.7  25.2
180220260805  1.732  5.1  322.1  9.4  0.62  173.3  25.2
180220260806  1.736  4.9  321.1  9.4  0.84  182.4  25.2
180220260807  1.739  4.9  319.9  9.4  0.78  180.5  25.2
180220260808  1.742  5.0  321.4  9.4  0.69  177.8  25.2
180220260809  1.745  5.1  320.7  9.4  0.70  184.6  25.2
180220260810  1.748  5.1  321.6  9.4  0.59  184.2  25.2
180220260811  1.750  5.0  322.1  9.4  0.59  182.3  25.2
180220260812  1.752  5.2  324.5  9.4  0.60  189.3  25.2
180220260813  1.754  5.1  327.1  9.4  0.72  180.3  25.2
180220260814  1.757  4.8  329.9  8.0  0.76  180.1  25.2
180220260815  1.758  4.8  331.5  8.0  0.76  184.3  25.2
180220260816  1.759  4.9  333.8  8.0  0.65  187.9  25.2
180220260817  1.760  5.1  334.5  10.3  0.67  175.6  25.2
180220260818  1.761  5.2  338.4  10.3  0.62  176.2  25.2
180220260819  1.762  5.4  341.4  10.3  0.63  184.7  25.2
180220260820  1.763  5.4  341.3  10.3  0.36  190.9  25.2
180220260821  1.764  5.5  338.4  10.3  0.42  195.9  25.2
180220260822  1.766  5.4  339.9  10.3  0.71  182.5  25.2
180220260823  1.767  5.3  340.7  10.3  0.67  187.5  25.2
180220260824  1.769  5.4  341.2  10.3  0.51  184.3  25.2
180220260825  1.770  5.5  343.5  10.3  0.52  180.9  25.2
180220260826  1.770  5.7  345.4  10.3  0.64  186.8  25.2
180220260827  1.773  5.7  348.6  9.0  0.59  180.7  25.2
180220260828  1.776  5.9  347.7  9.0  0.71  182.1  25.2
180220260829  1.779  6.1  345.8  9.0  0.54  182.9  25.2
180220260830  1.781  6.1  345.8  9.0  0.66  180.3  25.2
180220260831  1.783  6.1  346.5  9.0  0.61  188.0  25.2
180220260832  1.786  6.2  343.9  9.0  0.62  186.8  25.2
180220260833  1.789  6.3  340.5  9.4  0.70  182.3  25.2
180220260834  1.791  6.5  339.9  9.4  0.57  184.5  25.2
180220260835  1.794  6.5  338.5  9.4  0.72  184.4  25.2
180220260836  1.797  6.2  338.0  9.4  0.56  180.8  25.2
180220260837  1.799  6.2  338.8  9.4  0.74  181.8  25.2
180220260838  1.802  6.2  340.9  9.4  0.46  169.8  25.2
180220260839  1.802  6.2  342.8  9.4  0.59  188.9  25.2
180220260840  1.803  6.5  344.7  10.6  0.47  164.2  25.2
180220260841  1.806  6.8  347.9  10.6  0.63  184.4  25.2
180220260842  1.807  7.1  349.1  10.6  0.55  181.6  25.2
180220260843  1.808  7.3  352.2  10.6  0.65  183.1  25.2
180220260844  1.809  7.4  352.3  10.6  0.69  181.6  25.2
180220260845  1.809  7.2  350.8  10.6  0.74  182.8  25.2
180220260846  1.808  7.6  347.8  10.6  0.58  182.5  25.2
180220260847  1.809  7.5  347.2  10.6  0.74  178.0  25.2
180220260848  1.808  7.5  346.4  10.6  0.46  176.0  25.2
180220260849  1.808  7.4  346.5  10.6  0.62  186.4  25.2
180220260850  1.808  7.0  346.0  10.3  0.59  180.4  25.2
180220260851  1.806  6.7  346.4  10.3  0.58  180.9  25.2
180220260852  1.804  6.3  348.0  9.5  0.57  179.9  25.2
180220260853  1.804  6.1  346.7  9.5  0.64  184.1  25.2
180220260854  1.804  6.1  344.7  9.5  0.46  181.6  25.2
180220260855  1.804  6.1  346.2  9.4  0.43  192.3  25.2
180220260856  1.804  6.0  349.3  8.7  0.53  178.7  25.2
180220260857  1.805  6.0  349.5  8.7  0.54  180.8  25.2
180220260858  1.804  5.9  350.2  8.7  0.63  176.0  25.2
180220260859  1.802  6.3  350.4  9.9  0.68  187.7  25.2
180220260900  1.802  6.6  349.5  9.9  0.51  184.1  25.2
180220260901  1.801  6.9  349.6  9.9  0.49  182.5  25.2
180220260902  1.802  7.2  348.2  12.0  0.43  179.3  25.2
180220260903  1.802  7.2  347.2  12.0  0.49  173.0  25.2
180220260904  1.801  7.1  346.5  12.0  0.34  173.1  25.2
180220260905  1.801  7.0  344.5  12.0  0.63  176.0  25.2
180220260906  1.801  7.0  343.9  12.0  0.45  171.8  25.2
180220260907  1.801  7.1  344.9  12.0  0.43  177.8  25.2
180220260908  1.801  7.2  345.7  12.0  0.56  189.6  25.2
180220260909  1.800  7.1  346.6  12.0  0.47  183.8  25.2
180220260910  1.800  7.2  348.6  12.0  0.49  185.2  25.2
180220260911  1.799  7.1  349.2  12.0  0.55  180.1  25.2
180220260912  1.800  7.1  351.4  9.9  0.51  174.5  25.2
180220260913  1.800  7.3  355.0  9.9  0.46  175.7  25.2
180220260914  1.800  7.8  359.4  12.2  0.53  175.0  25.2
180220260915  1.800  8.3  2.1  12.2  0.49  170.3  25.2
180220260916  1.799  8.6  3.5  12.2  0.41  171.3  25.2
180220260917  1.799  8.7  3.8  12.2  0.56  174.1  25.2
180220260918  1.798  8.6  3.4  12.2  0.48  169.6  25.2
180220260919  1.797  8.6  3.1  12.2  0.53  171.3  25.2
180220260920  1.796  8.7  1.5  12.2  0.40  173.1  25.2
180220260921  1.794  8.9  0.8  12.2  0.49  167.1  25.2
180220260922  1.792  9.1  0.3  12.2  0.40  178.6  25.2
180220260923  1.791  9.1  360.0  12.2  0.45  169.2  25.2
180220260924  1.790  9.0  358.5  10.8  0.41  166.1  25.2
180220260925  1.789  9.0  357.9  10.8  0.47  169.1  25.2
180220260926  1.788  9.0  357.3  10.8  0.48  170.0  25.2
180220260927  1.787  8.8  357.3  10.8  0.37  176.7  25.2
180220260928  1.783  8.9  358.1  10.8  0.40  171.8  25.2
180220260929  1.781  9.0  358.6  10.8  0.42  171.8  25.2
180220260930  1.779  9.1  359.3  10.8  0.40  176.5  25.2
180220260931  1.776  9.0  359.1  10.7  0.36  162.6  25.2
180220260932  1.773  8.8  359.2  10.7  0.48  163.1  25.2
180220260933  1.772  8.8  359.0  10.7  0.37  168.9  25.2
180220260934  1.769  8.8  359.3  10.7  0.40  167.3  25.2
180220260935  1.767  8.7  359.7  10.7  0.29  164.1  25.2
180220260936  1.765  8.7  358.9  10.7  0.47  169.7  25.2
180220260937  1.762  8.8  359.1  10.7  0.36  175.1  25.2
180220260938  1.760  8.8  358.9  10.7  0.26  169.0  25.2
180220260939  1.758  8.7  358.9  10.4  0.30  170.6  25.2
180220260940  1.756  8.6  0.4  10.2  0.31  176.9  25.2
180220260941  1.755  8.7  2.3  10.3  0.52  184.0  25.2
180220260942  1.754  8.8  1.4  11.4  0.39  179.2  25.2
180220260943  1.752  8.8  0.1  11.4  0.31  174.3  25.2
180220260944  1.750  8.8  0.0  11.4  0.40  176.0  25.2
180220260945  1.747  8.9  359.2  11.4  0.32  180.4  25.2
180220260946  1.746  9.0  0.5  11.4  0.25  165.9  25.2
180220260947  1.744  9.1  359.8  11.4  0.43  170.4  25.2
180220260948  1.742  9.1  358.9  11.4  0.35  169.6  25.2
180220260949  1.740  9.0  358.5  11.5  0.32  177.8  25.2
180220260950  1.737  9.1  357.7  11.5  0.31  165.3  25.2
180220260951  1.734  9.0  356.7  11.5  0.45  170.1  25.2
180220260952  1.732  8.8  358.4  11.5  0.37  163.8  25.2
180220260953  1.730  8.8  0.9  11.5  0.31  175.2  25.2
180220260954  1.726  8.7  1.4  11.5  0.22  165.9  25.2
180220260955  1.724  8.7  2.1  11.5  0.18  161.2  25.2
180220260956  1.721  8.5  1.8  11.5  0.37  178.3  25.2
180220260957  1.719  8.4  2.2  11.5  0.39  171.1  25.2
180220260958  1.716  8.3  3.5  11.5  0.33  181.2  25.2
180220260959  1.714  8.2  4.4  10.3  0.22  183.0  25.2
180220261000  1.711  8.0  4.6  9.7  0.33  171.2  25.2
180220261001  1.707  8.0  5.3  10.0  0.29  179.7  25.2
180220261002  1.705  8.2  5.7  10.0  0.26  176.0  25.2
180220261003  1.702  8.3  5.4  10.3  0.26  165.7  25.2
180220261004  1.699  8.4  5.9  10.3  0.18  171.2  25.2
180220261005  1.695  8.5  7.0  10.3  0.14  167.9  25.2
180220261006  1.693  8.8  7.8  11.7  0.11  131.7  25.2
180220261007  1.689  8.9  9.1  11.7  0.34  179.6  25.2
180220261008  1.684  9.1  10.4  11.7  0.30  176.6  25.2
180220261009  1.681  9.3  10.2  11.7  0.26  185.2  25.2
180220261010  1.677  9.4  10.4  11.7  0.21  173.9  25.2
180220261011  1.673  9.4  10.6  11.7  0.03  287.1  25.2
180220261012  1.669  9.4  10.6  11.7  0.10  176.5  25.3
180220261013  1.664  9.4  11.1  11.7  0.12  162.6  25.3
180220261014  1.658  9.2  11.1  11.7  0.13  168.5  25.3
180220261015  1.654  8.9  10.6  11.7  0.15  181.9  25.3
180220261016  1.650  8.5  10.3  11.6  0.15  162.8  25.3
180220261017  1.645  8.2  9.5  11.6  0.11  163.9  25.3
180220261018  1.641  7.9  7.8  11.6  0.09  133.7  25.3
180220261019  1.637  7.7  7.3  11.0  0.09  173.2  25.3
180220261020  1.633  7.6  6.8  10.1  0.19  176.8  25.3
180220261021  1.631  7.5  7.0  10.1  0.13  179.7  25.3
180220261022  1.629  7.6  6.9  10.7  0.12  149.7  25.3
180220261023  1.624  7.7  6.5  10.8  0.15  157.3  25.3
180220261024  1.620  7.7  6.6  10.8  0.08  153.7  25.3
180220261025  1.616  8.0  7.0  10.8  0.11  152.9  25.3
180220261026  1.612  8.2  6.5  10.8  0.15  143.9  25.3
180220261027  1.609  8.4  5.0  10.8  0.04  30.9  25.3
180220261028  1.606  8.6  3.6  10.8  0.03  100.0  25.3
180220261029  1.603  8.6  2.6  10.8  0.03  135.5  25.3
180220261030  1.599  8.5  2.2  10.8  0.16  16.3  25.3
180220261031  1.595  8.6  1.6  10.8  0.07  6.6  25.3
180220261032  1.589  8.5  0.0  10.8  0.04  7.5  25.3
180220261033  1.584  8.4  358.7  9.9  0.22  18.8  25.3
180220261034  1.579  8.3  358.2  9.9  0.02  126.6  25.3
180220261035  1.576  8.3  357.6  9.9  0.08  332.9  25.3
180220261036  1.571  8.2  357.8  9.9  0.10  298.8  25.3
180220261037  1.566  8.0  358.9  9.9  0.07  13.4  25.3
180220261038  1.561  8.0  359.1  10.0  0.11  19.3  25.3
180220261039  1.556  8.3  359.7  11.3  0.06  341.1  25.3
180220261040  1.552  8.7  0.7  12.5  0.09  342.3  25.3
180220261041  1.547  8.7  0.9  12.5  0.17  4.7  25.3
180220261042  1.541  8.7  2.3  12.5  0.12  331.5  25.3
180220261043  1.536  8.8  3.7  12.5  0.12  347.5  25.3
180220261044  1.531  9.0  5.0  12.5  0.19  354.0  25.3
180220261045  1.525  9.3  6.3  12.5  0.23  344.7  25.3
180220261046  1.519  9.5  6.3  12.5  0.19  351.4  25.3
180220261047  1.513  9.7  6.8  12.5  0.19  338.3  25.3
180220261048  1.506  9.9  9.0  12.5  0.23  345.0  25.3
180220261049  1.500  9.8  10.0  12.5  0.21  341.3  25.4
180220261050  1.496  9.6  10.0  12.1  0.23  356.1  25.3
180220261051  1.491  9.4  9.4  12.1  0.36  354.3  25.3
180220261052  1.485  9.3  9.5  12.1  0.23  350.5  25.3
180220261053  1.481  9.3  9.5  12.1  0.32  358.8  25.3
180220261054  1.476  9.1  9.3  12.1  0.29  357.9  25.3
180220261055  1.471  8.8  9.3  11.3  0.48  7.2  25.3
180220261056  1.467  8.8  9.3  12.8  0.29  7.7  25.3
180220261057  1.463  8.9  9.3  12.8  0.35  12.6  25.3
180220261058  1.458  8.6  9.0  12.8  0.37  3.4  25.3
180220261059  1.454  8.3  9.8  12.8  0.30  19.0  25.3
180220261100  1.449  8.1  10.4  12.8  0.34  11.9  25.3
180220261101  1.445  7.8  11.0  12.8  0.41  18.4  25.3
180220261102  1.439  7.5  10.1  12.8  0.34  22.2  25.3
180220261103  1.436  7.3  8.4  12.8  0.47  6.2  25.3
180220261104  1.431  7.0  6.3  12.8  0.38  9.7  25.3
180220261105  1.427  6.8  3.5  12.8  0.46  10.5  25.3
180220261106  1.424  6.3  2.1  11.5  0.55  16.9  25.3
180220261107  1.420  5.8  0.5  8.7  0.43  6.4  25.3
180220261108  1.416  5.9  357.6  9.8  0.59  16.1  25.4
180220261109  1.412  6.0  358.3  10.3  0.54  13.7  25.4
180220261110  1.408  6.1  359.9  10.3  0.51  16.8  25.4
180220261111  1.405  6.3  2.6  10.3  0.65  17.0  25.4
180220261112  1.401  6.2  4.8  10.3  0.63  14.9  25.3
180220261113  1.396  6.3  8.0  10.3  0.64  16.5  25.4
180220261114  1.392  6.5  11.1  10.3  0.68  20.1  25.4
180220261115  1.387  6.7  14.0  10.3  0.58  20.1  25.4
180220261116  1.382  6.8  16.7  10.3  0.53  13.8  25.4
180220261117  1.377  7.1  18.7  10.4  0.47  9.8  25.4
180220261118  1.374  7.2  21.8  10.4  0.49  16.9  25.4
180220261119  1.370  7.1  22.5  10.4  0.61  13.3  25.4
180220261120  1.365  7.2  22.9  10.4  0.67  13.3  25.4
180220261121  1.359  7.3  24.2  10.4  0.59  24.7  25.3
180220261122  1.354  7.5  25.0  12.9  0.78  21.4  25.3
180220261123  1.348  7.5  26.9  12.9  0.67  22.2  25.3
180220261124  1.344  7.5  27.7  12.9  0.66  20.5  25.3
180220261125  1.339  7.7  30.2  12.9  0.60  20.4  25.3
180220261126  1.335  7.8  33.0  12.9  0.67  21.1  25.3
180220261127  1.330  7.9  35.9  12.9  0.60  22.4  25.3
180220261128  1.325  8.1  35.3  12.9  0.65  18.1  25.4
180220261129  1.319  8.2  33.8  12.9  0.90  13.5  25.4
180220261130  1.312  8.3  33.4  12.9  0.67  16.4  25.4
180220261131  1.307  8.4  33.2  12.9  0.66  18.5  25.4
180220261132  1.301  8.6  34.4  11.7  0.68  9.0  25.4
180220261133  1.297  8.7  34.1  13.5  0.59  15.3  25.4
180220261134  1.292  9.1  34.8  14.5  0.75  15.7  25.4
180220261135  1.286  9.2  34.3  14.5  0.78  14.2  25.4
180220261136  1.281  9.2  33.4  14.5  0.79  16.5  25.4
180220261137  1.278  9.3  33.8  14.5  0.77  10.1  25.4
180220261138  1.274  9.4  35.5  14.5  0.80  17.0  25.4
180220261139  1.269  9.5  38.1  14.5  0.69  13.9  25.4
180220261140  1.265  9.6  40.3  14.5  0.78  8.4  25.4
180220261141  1.261  9.8  40.8  14.5  0.72  13.9  25.4
180220261142  1.256  9.9  39.5  14.5  0.72  19.7  25.4
180220261143  1.251  10.0  38.7  14.7  0.72  6.3  25.5
180220261144  1.247  9.8  39.3  14.7  0.73  10.9  25.5
180220261145  1.243  9.8  40.5  14.7  0.84  11.3  25.6
180220261146  1.237  10.1  39.9  14.7  0.76  7.1  25.6
180220261147  1.233  10.2  39.4  14.7  0.78  11.3  25.6
180220261148  1.228  10.4  40.2  14.7  0.87  13.3  25.6
180220261149  1.224  10.5  40.0  14.7  0.83  13.2  25.6
180220261150  1.218  10.5  39.5  14.7  0.81  14.7  25.6
180220261151  1.214  10.6  38.6  14.7  0.83  15.1  25.6
180220261152  1.207  10.6  39.3  14.7  0.83  10.0  25.6
180220261153  1.202  10.5  39.5  14.3  0.93  11.2  25.6
180220261154  1.196  10.6  38.5  14.3  0.91  9.5  25.6
180220261155  1.190  10.5  37.0  14.3  0.99  12.0  25.6
180220261156  1.184  10.7  35.8  16.3  0.93  13.7  25.6
180220261157  1.178  10.8  34.6  16.3  0.88  9.9  25.6
180220261158  1.171  10.6  32.9  16.3  0.83  10.3  25.6
180220261159  1.165  10.6  32.9  16.3  0.94  11.2  25.6
180220261200  1.157  10.7  32.2  16.3  0.82  6.2  25.6
180220261201  1.152  10.5  32.0  16.3  0.92  4.3  25.6
180220261202  1.145  10.4  31.1  16.3  0.99  7.2  25.6
180220261203  1.138  10.3  31.2  16.3  0.99  10.0  25.6
180220261204  1.130  10.2  31.1  16.3  0.97  12.3  25.6
180220261205  1.125  10.2  30.8  16.3  0.96  8.3  25.6
180220261206  1.119  9.9  31.4  15.5  1.08  8.8  25.6
180220261207  1.113  9.6  30.9  13.6  0.96  9.2  25.6
180220261208  1.105  9.8  30.4  14.1  0.94  10.5  25.6
180220261209  1.099  9.9  30.1  14.1  1.07  9.1  25.6
180220261210  1.093  10.0  30.7  14.1  1.01  9.0  25.6
180220261211  1.086  10.2  31.9  14.1  0.97  10.0  25.6
180220261212  1.080  10.1  32.8  14.1  0.95  8.9  25.6
180220261213  1.073  10.3  33.6  14.1  0.90  9.5  25.6
180220261214  1.066  10.4  34.2  14.1  1.00  6.9  25.6
180220261215  1.060  11.0  35.0  15.9  1.11  8.5  25.6
180220261216  1.055  11.1  34.9  15.9  0.96  10.7  25.6
180220261217  1.050  11.4  35.1  15.9  1.10  9.1  25.6
180220261218  1.044  11.3  35.6  15.9  1.13  13.3  25.6
180220261219  1.040  11.3  35.2  15.9  1.08  13.6  25.6
180220261220  1.033  11.0  34.3  15.9  1.08  14.1  25.7
180220261221  1.028  10.6  33.8  15.9  1.04  12.5  25.7
180220261222  1.022  10.4  33.4  15.9  1.04  14.4  25.7
180220261223  1.016  10.4  34.6  15.9  1.12  14.1  25.7
180220261224  1.010  10.4  35.0  15.9  1.08  15.1  25.7
180220261225  1.003  10.0  34.8  15.5  0.99  16.5  25.7
180220261226  0.999  10.0  34.4  15.5  1.01  18.1  25.7
180220261227  0.993  9.6  34.9  15.5  1.15  14.3  25.7
180220261228  0.987  9.4  35.6  15.5  0.97  16.2  25.7
180220261229  0.981  9.3  36.0  15.5  1.04  15.3  25.7
180220261230  0.975  9.4  36.5  15.5  1.04  17.0  25.7
180220261231  0.969  9.6  36.0  15.5  1.12  14.3  25.7
180220261232  0.964  9.7  35.3  15.5  1.04  13.3  25.7
180220261233  0.959  9.8  32.9  15.5  1.01  19.2  25.7
180220261234  0.953  9.8  32.5  15.5  1.10  15.0  25.7
180220261235  0.947  10.1  32.2  17.4  1.03  14.3  25.7
180220261236  0.942  10.0  32.7  17.4  1.10  15.7  25.7
180220261237  0.936  10.3  32.9  17.4  1.12  14.3  25.8
180220261238  0.931  10.4  33.7  17.4  1.03  14.3  25.8
180220261239  0.925  10.4  33.1  17.4  1.10  12.6  25.8
180220261240  0.919  10.5  33.3  17.4  1.03  15.8  25.8
180220261241  0.912  10.6  33.5  17.4  1.10  15.0  25.8
180220261242  0.908  11.1  34.2  17.4  1.06  19.3  25.8
180220261243  0.901  11.0  35.1  17.4  0.98  15.7  25.8
180220261244  0.896  10.8  35.1  17.4  0.97  17.1  25.8
180220261245  0.891  10.3  34.7  16.9  0.94  20.0  25.8
180220261246  0.884  10.6  34.6  16.9  0.92  19.6  25.8
180220261247  0.880  10.6  33.7  16.9  0.97  16.5  25.8
180220261248  0.872  10.6  31.7  16.9  0.90  13.1  25.8
180220261249  0.866  11.1  31.9  16.9  0.97  17.5  25.8
180220261250  0.860  11.1  31.9  16.9  1.12  11.3  25.8
180220261251  0.854  10.9  31.3  16.9  0.95  16.1  25.8
180220261252  0.849  10.5  30.9  15.0  0.96  17.4  25.8
180220261253  0.844  10.6  31.0  16.5  0.93  21.1  25.9
180220261254  0.839  11.0  31.5  16.5  0.95  18.1  25.9
180220261255  0.835  11.1  31.5  16.5  0.95  17.3  25.9
180220261256  0.830  11.1  31.0  16.5  1.05  18.3  25.9
180220261257  0.826  11.1  32.1  16.5  0.99  15.4  25.9
180220261258  0.821  11.2  32.5  16.5  1.08  18.8  25.9
180220261259  0.816  11.2  32.6  18.2  0.95  18.5  25.9
180220261300  0.810  11.1  31.9  18.2  0.85  19.8  25.9
180220261301  0.805  11.2  32.6  18.2  0.98  16.4  25.9
180220261302  0.799  11.2  32.2  18.2  0.92  19.1  25.9
180220261303  0.795  11.2  32.2  18.2  0.90  18.3  25.9
180220261304  0.791  11.2  30.6  18.2  0.99  20.0  25.9
180220261305  0.786  11.3  30.0  18.2  0.95  21.3  25.9
180220261306  0.782  11.2  29.8  18.2  0.93  21.6  26.0
180220261307  0.776  11.3  28.9  18.2  1.06  17.2  26.0
180220261308  0.770  11.1  29.0  18.2  0.96  21.4  26.0
180220261309  0.764  10.9  28.0  17.1  1.03  15.0  26.0
180220261310  0.758  11.4  28.6  17.1  0.98  16.2  26.0
180220261311  0.752  11.4  28.3  17.1  0.97  17.4  26.0
180220261312  0.744  11.5  28.9  17.1  0.98  17.7  26.0
180220261313  0.738  11.3  28.4  17.1  0.99  14.7  26.0
180220261314  0.731  11.0  29.2  16.2  0.92  17.1  26.0
180220261315  0.726  10.8  30.1  16.2  1.08  19.5  26.0
180220261316  0.720  10.8  30.7  16.2  0.95  20.3  26.0
180220261317  0.714  10.8  29.9  16.0  0.90  19.3  26.0
180220261318  0.708  10.7  29.3  16.0  1.04  15.5  26.0
180220261319  0.703  10.4  29.9  16.0  0.89  17.9  26.0
180220261320  0.697  10.0  30.2  13.9  1.02  17.2  26.0
180220261321  0.691  10.0  30.2  13.9  1.00  16.7  26.0
180220261322  0.686  10.1  29.9  13.9  1.07  16.5  26.0
180220261323  0.681  10.3  30.0  14.0  0.98  19.4  26.0
180220261324  0.676  10.3  30.1  14.0  0.96  17.4  26.0
180220261325  0.671  10.5  30.7  15.9  0.95  15.7  26.0
180220261326  0.665  10.7  30.5  16.6  0.99  18.9  26.0
180220261327  0.660  10.6  32.7  16.6  0.98  15.8  26.0
180220261328  0.654  10.6  33.2  16.6  0.89  15.4  26.0
180220261329  0.647  10.6  32.9  16.6  0.99  15.2  26.0
180220261330  0.641  10.5  32.7  16.6  0.91  16.6  26.0
180220261331  0.635  10.4  33.4  16.6  1.01  21.1  26.0
180220261332  0.629  10.4  33.9  16.6  1.13  19.5  26.0
180220261333  0.623  10.4  33.8  16.6  0.93  18.5  26.0
180220261334  0.617  10.6  33.9  16.6  0.95  18.5  26.0
180220261335  0.610  10.4  34.5  16.6  1.03  18.3  26.1
180220261336  0.605  10.4  35.3  16.1  1.02  17.7  26.1
180220261337  0.600  10.1  34.5  16.1  0.97  20.2  26.1
180220261338  0.595  10.7  34.6  16.1  0.99  15.6  26.1
180220261339  0.590  11.0  35.5  16.1  0.99  13.3  26.1
180220261340  0.585  11.2  35.2  16.1  0.96  15.0  26.1
180220261341  0.581  11.4  34.6  16.1  1.01  19.6  26.1
180220261342  0.578  11.4  34.3  16.1  0.86  19.8  26.1
180220261343  0.573  11.3  34.4  16.1  1.10  15.8  26.1
180220261344  0.569  11.2  34.3  16.1  1.06  18.4  26.1
180220261345  0.567  11.1  33.7  16.1  0.97  15.3  26.1
180220261346  0.562  11.0  33.7  16.1  0.99  20.6  26.1
180220261347  0.560  11.2  33.0  16.1  1.00  23.0  26.1
180220261348  0.556  10.8  33.0  15.3  0.99  21.0  26.1
180220261349  0.553  10.4  32.1  15.3  1.00  19.1  26.1
180220261350  0.549  10.3  31.3  15.3  1.02  17.5  26.1
180220261351  0.544  10.1  30.7  14.7  0.97  17.4  26.1
180220261352  0.540  9.9  29.8  14.7  0.87  20.8  26.1
180220261353  0.536  10.1  29.3  14.7  0.94  17.6  26.1
180220261354  0.531  9.9  28.9  14.7  0.98  20.1  26.1
180220261355  0.525  10.1  27.2  14.7  1.05  17.0  26.1
180220261356  0.520  10.2  25.6  14.4  0.92  17.9  26.2
180220261357  0.515  10.2  25.9  14.4  0.90  21.3  26.2
180220261358  0.510  10.2  25.3  14.4  0.93  18.5  26.2
180220261359  0.504  10.6  25.0  17.0  1.01  18.0  26.2
180220261400  0.499  10.9  25.0  17.0  1.11  18.4  26.2
180220261401  0.494  11.1  24.6  17.0  1.04  15.7  26.2
180220261402  0.488  11.2  25.3  17.0  1.03  18.9  26.2
180220261403  0.485  11.3  25.6  17.0  0.91  17.6  26.2
180220261404  0.480  11.5  25.3  17.0  0.98  19.4  26.2
180220261405  0.474  11.6  26.9  17.0  0.95  16.3  26.2
180220261406  0.470  11.5  27.3  17.0  1.10  18.4  26.2
180220261407  0.466  11.7  26.7  17.0  1.01  16.8  26.2
180220261408  0.461  11.7  27.2  17.0  1.00  14.1  26.2
180220261409  0.457  11.4  27.9  16.7  1.00  18.8  26.2
180220261410  0.453  11.6  26.9  16.7  0.96  19.3  26.2
180220261411  0.448  11.7  27.1  16.8  0.97  15.5  26.2
180220261412  0.445  12.0  26.7  19.9  0.98  15.5  26.2
180220261413  0.442  12.0  26.1  19.9  1.05  14.9  26.2
180220261414  0.440  12.0  26.5  19.9  0.99  15.2  26.2
180220261415  0.437  12.0  25.8  19.9  1.02  15.4  26.2
180220261416  0.433  12.2  26.2  19.9  1.03  15.0  26.2
180220261417  0.430  12.2  26.8  19.9  0.97  17.3  26.2
180220261418  0.426  12.4  26.9  19.9  1.14  15.4  26.2
180220261419  0.424  12.5  27.1  19.9  0.95  16.1  26.2
180220261420  0.422  11.9  28.8  19.9  0.95  14.3  26.2
180220261421  0.419  11.9  28.4  19.9  0.95  14.6  26.2
180220261422  0.415  11.6  28.4  15.8  0.96  20.6  26.2
180220261423  0.412  11.5  28.9  15.8  0.92  20.6  26.2
180220261424  0.409  11.4  29.2  15.8  0.89  17.4  26.2
180220261425  0.407  11.1  30.0  15.8  1.00  15.0  26.3
180220261426  0.403  10.8  30.7  15.8  0.95  17.2  26.3
180220261427  0.400  10.6  29.8  15.8  0.88  15.9  26.3
180220261428  0.396  10.2  30.1  15.4  0.91  17.0  26.3
180220261429  0.391  10.1  29.9  15.4  1.03  16.7  26.3
180220261430  0.387  10.1  29.8  15.4  0.92  18.9  26.3
180220261431  0.382  9.7  30.6  15.4  1.04  21.5  26.3
180220261432  0.378  9.3  31.3  13.9  1.02  17.3  26.3
180220261433  0.374  9.2  31.7  13.9  1.01  18.3  26.3
180220261434  0.370  9.3  31.8  14.2  1.04  19.9  26.3
180220261435  0.366  9.4  31.7  14.2  1.06  19.1  26.3
180220261436  0.361  9.6  31.6  15.3  1.13  16.4  26.3
180220261437  0.359  9.5  32.1  15.3  1.04  16.7  26.3
180220261438  0.355  9.5  31.5  15.3  0.97  18.8  26.3
180220261439  0.351  9.7  31.7  16.8  1.01  17.8  26.3
180220261440  0.348  9.9  31.7  16.8  0.98  15.9  26.3
180220261441  0.344  10.1  32.4  16.8  0.99  18.0  26.3
180220261442  0.340  10.3  32.4  16.8  0.92  14.5  26.3
180220261443  0.336  10.3  32.3  16.8  1.03  15.2  26.3
180220261444  0.334  9.9  32.0  16.8  1.01  17.4  26.3
180220261445  0.332  10.0  29.9  16.8  1.00  21.5  26.3
180220261446  0.330  10.0  29.1  16.8  0.98  19.4  26.3
180220261447  0.327  10.2  28.2  16.8  0.94  18.2  26.3
180220261448  0.325  10.2  28.6  16.8  1.02  18.9  26.4
180220261449  0.323  10.1  28.3  14.6  1.09  16.6  26.4
180220261450  0.321  10.0  27.9  14.6  0.94  20.8  26.4
180220261451  0.319  10.2  26.8  14.6  1.03  16.9  26.4
180220261452  0.317  10.2  26.3  14.6  0.82  21.1  26.4
180220261453  0.315  10.6  26.5  15.6  1.02  20.9  26.4
180220261454  0.313  10.8  27.5  15.6  0.88  17.8  26.4
180220261455  0.311  10.6  28.5  15.6  0.93  20.7  26.4
180220261456  0.308  10.6  29.2  15.6  0.88  21.1  26.4
180220261457  0.306  10.5  30.5  15.6  0.90  22.0  26.4
180220261458  0.303  10.5  30.2  15.6  0.97  19.6  26.4
180220261459  0.301  10.5  30.9  15.6  1.02  22.2  26.4
180220261500  0.299  10.5  31.6  15.6  0.97  23.1  26.4
180220261501  0.296  10.3  32.7  15.6  0.87  20.6  26.4
180220261502  0.293  10.5  32.5  15.6  0.90  23.1  26.4
180220261503  0.290  10.3  31.6  15.6  0.85  22.5  26.4
180220261504  0.287  10.2  31.0  15.6  0.86  20.2  26.4
180220261505  0.285  10.5  30.1  15.6  0.80  20.7  26.4
180220261506  0.284  10.4  29.9  15.2  0.79  22.6  26.4
180220261507  0.281  10.4  30.2  15.2  0.89  24.2  26.4
180220261508  0.280  10.6  29.4  15.2  0.87  19.8  26.4
180220261509  0.278  10.8  28.2  15.2  0.87  21.7  26.5
180220261510  0.276  11.0  27.3  16.5  0.84  20.8  26.5
180220261511  0.274  11.1  26.9  16.5  0.91  18.8  26.5
180220261512  0.272  11.0  26.8  16.5  0.84  18.0  26.5
180220261513  0.271  11.2  27.7  16.5  0.77  21.7  26.5
180220261514  0.268  11.4  27.5  16.5  0.89  22.5  26.5
180220261515  0.266  11.4  27.3  16.5  0.85  22.4  26.5
180220261516  0.263  11.7  26.9  16.5  0.80  20.2  26.5
180220261517  0.263  12.0  26.5  16.5  0.84  19.6  26.5
180220261518  0.260  12.0  27.3  16.8  0.79  24.9  26.5
180220261519  0.258  11.8  27.7  16.8  0.87  18.7  26.5
180220261520  0.257  11.7  28.6  16.8  0.82  21.6  26.5
180220261521  0.256  11.6  28.4  16.8  0.76  20.9  26.5
180220261522  0.255  11.8  29.3  16.8  0.75  24.8  26.5
180220261523  0.255  11.9  27.9  16.8  0.82  20.6  26.5
180220261524  0.255  11.8  27.1  16.8  0.80  24.2  26.5
180220261525  0.255  11.9  27.7  16.8  0.58  25.9  26.5
180220261526  0.256  12.1  27.7  18.1  0.59  31.7  26.5
180220261527  0.257  12.1  27.1  18.1  0.78  24.0  26.5
180220261528  0.257  12.1  26.3  18.1  0.82  22.0  26.5
180220261529  0.259  12.2  26.5  18.1  0.67  25.2  26.5
180220261530  0.259  12.3  25.7  18.1  0.80  24.8  26.5
180220261531  0.261  12.4  26.6  18.1  0.62  25.7  26.5
180220261532  0.262  12.2  25.2  18.1  0.62  23.0  26.6
180220261533  0.262  11.9  25.8  18.1  0.60  26.6  26.6
180220261534  0.264  11.9  26.1  18.1  0.68  21.8  26.6
180220261535  0.266  12.2  25.0  18.1  0.71  26.0  26.6
180220261536  0.267  11.8  24.7  17.3  0.63  28.5  26.6
180220261537  0.266  11.3  24.6  17.3  0.58  20.4  26.6
180220261538  0.267  11.1  24.8  16.6  0.39  27.1  26.6
180220261539  0.267  11.0  23.8  16.6  0.54  21.3  26.6
180220261540  0.268  11.0  24.2  16.6  0.52  30.0  26.6
180220261541  0.269  11.1  23.1  16.6  0.47  21.5  26.6
180220261542  0.270  11.1  23.7  16.6  0.52  30.3  26.6
180220261543  0.271  11.4  24.3  16.6  0.63  19.3  26.6
180220261544  0.271  11.1  24.2  16.6  0.57  27.1  26.6
180220261545  0.272  10.6  25.6  15.6  0.59  24.4  26.6
180220261546  0.274  10.6  25.7  15.6  0.59  20.3  26.6
180220261547  0.274  10.9  25.7  15.6  0.65  19.0  26.6
180220261548  0.274  11.0  24.5  15.6  0.68  14.6  26.6
180220261549  0.274  11.1  25.3  15.6  0.64  10.0  26.6
180220261550  0.274  11.0  24.9  15.6  0.64  10.7  26.6
180220261551  0.275  10.7  25.0  15.6  0.73  7.9  26.6
180220261552  0.275  10.8  25.3  15.6  0.56  8.0  26.6
180220261553  0.276  10.6  24.1  14.5  0.69  3.8  26.6
180220261554  0.277  10.8  23.1  14.5  0.65  6.7  26.6
180220261555  0.278  11.2  21.8  16.5  0.68  4.4  26.6
180220261556  0.279  11.5  21.2  16.5  0.62  2.3  26.6
180220261557  0.281  11.4  22.1  16.5  0.62  10.4  26.6
180220261558  0.281  11.2  23.5  16.5  0.67  6.3  26.6
180220261559  0.284  11.2  22.9  16.5  0.65  9.3  26.6
180220261600  0.286  11.2  23.4  16.5  0.58  3.5  26.6
180220261601  0.288  11.2  23.1  16.5  0.69  6.0  26.6
180220261602  0.289  11.1  22.3  16.5  nan  nan  nan
180220261603  0.291  11.1  22.7  16.5  nan  nan  nan
180220261604  0.294  10.9  24.0  16.5  0.59  4.1  26.6
180220261605  0.296  10.4  25.7  15.2  0.62  1.6  26.6
180220261606  0.299  10.2  26.2  14.7  0.55  359.2  26.6
180220261607  0.302  10.2  25.1  13.8  0.59  355.6  26.6
180220261608  0.305  10.2  24.9  13.8  0.53  356.0  26.6
180220261609  0.309  10.2  24.6  13.8  0.60  357.3  26.6
180220261610  0.311  10.4  24.6  16.5  0.59  359.1  26.6
180220261611  0.314  10.6  24.0  16.5  0.57  356.2  26.6
180220261612  0.316  10.5  23.8  16.5  0.55  357.1  26.6
180220261613  0.320  10.7  24.1  16.5  0.51  359.0  26.6
180220261614  0.323  11.1  23.5  17.3  0.55  0.0  26.6
180220261615  0.325  11.2  22.8  17.3  0.60  356.5  26.6
180220261616  0.328  11.4  23.2  17.3  0.65  359.2  26.6
180220261617  0.331  11.3  23.4  17.3  0.52  2.0  26.6
180220261618  0.334  11.2  23.1  17.3  0.65  4.7  26.6
180220261619  0.336  11.2  23.4  17.3  0.59  2.8  26.6
180220261620  0.339  10.9  22.6  17.3  0.53  358.5  26.6
180220261621  0.342  10.9  22.9  17.3  0.37  352.5  26.6
180220261622  0.344  11.3  22.8  17.3  0.46  356.1  26.6
180220261623  0.347  11.5  21.3  17.3  0.47  358.0  26.6
180220261624  0.350  11.6  20.8  17.5  0.46  352.5  26.6
180220261625  0.353  11.7  20.7  17.5  0.44  354.2  26.6
180220261626  0.356  11.7  21.0  17.5  0.47  357.0  26.6
180220261627  0.359  11.7  21.1  17.5  0.47  5.7  26.6
180220261628  0.363  11.8  21.7  17.5  0.40  357.2  26.6
180220261629  0.367  12.1  21.6  17.5  0.48  3.8  26.7
180220261630  0.370  12.3  21.3  17.5  0.39  1.8  26.7
180220261631  0.373  12.6  20.7  17.5  0.42  6.6  26.7
180220261632  0.375  12.4  20.5  17.5  0.41  359.4  26.7
180220261633  0.378  12.4  22.0  17.5  0.32  1.6  26.7
180220261634  0.381  11.9  23.1  17.1  0.38  5.9  26.7
180220261635  0.382  11.7  23.1  17.1  0.30  2.2  26.7
180220261636  0.386  11.9  21.6  17.1  0.35  3.0  26.7
180220261637  0.388  12.1  21.1  17.1  0.45  3.5  26.7
180220261638  0.390  12.3  20.0  17.1  0.34  4.1  26.7
180220261639  0.392  12.2  19.7  17.1  0.30  14.5  26.7
180220261640  0.395  12.2  19.8  16.4  0.31  358.3  26.7
180220261641  0.397  12.1  20.2  16.4  0.38  0.0  26.7
180220261642  0.402  12.2  19.7  16.4  0.39  355.1  26.7
180220261643  0.405  12.0  19.0  16.4  0.44  9.5  26.7
180220261644  0.408  12.2  18.3  16.4  0.34  6.1  26.7
180220261645  0.412  12.6  17.4  16.4  0.42  0.8  26.7
180220261646  0.414  12.7  17.7  16.7  0.33  4.6  26.7
180220261647  0.419  12.5  18.3  16.7  0.26  357.5  26.7
180220261648  0.423  12.6  18.3  16.7  0.27  359.7  26.7
180220261649  0.428  12.8  18.5  18.7  0.24  8.1  26.7
180220261650  0.432  12.6  17.9  18.7  0.34  12.9  26.7
180220261651  0.436  12.5  18.3  18.7  0.20  359.5  26.7
180220261652  0.441  12.3  18.7  18.7  0.15  2.7  26.7
180220261653  0.446  12.2  18.1  18.7  0.22  359.6  26.7
180220261654  0.451  12.1  18.1  18.7  0.27  18.8  26.7
180220261655  0.456  12.1  19.3  18.7  0.14  14.0  26.7
180220261656  0.460  11.8  20.2  18.7  0.08  352.0  26.7
180220261657  0.464  12.0  19.5  18.7  0.04  89.2  26.7
180220261658  0.469  12.1  20.2  18.7  0.03  303.6  26.7
180220261659  0.474  12.0  19.7  16.8  0.04  132.0  26.7
180220261700  0.478  12.1  19.7  16.8  nan  nan  nan
180220261701  0.486  12.0  19.0  16.8  0.05  28.4  26.7
180220261702  0.491  11.9  18.7  16.8  0.05  311.3  26.7
180220261703  0.498  12.0  19.7  16.8  nan  nan  nan
180220261704  0.503  11.9  19.5  16.8  0.09  208.4  26.7
180220261705  0.509  11.8  19.0  16.4  0.14  205.6  26.7
180220261706  0.513  11.8  18.3  16.4  0.08  190.0  26.7
180220261707  0.519  11.7  17.8  16.4  0.15  181.1  26.7
180220261708  0.524  11.7  17.0  16.4  0.08  54.0  26.7
180220261709  0.528  11.5  17.1  16.4  0.12  165.6  26.7
180220261710  0.534  11.5  17.3  16.4  0.23  183.1  26.7
180220261711  0.538  11.7  16.7  16.4  0.04  190.0  26.7
180220261712  0.542  11.8  17.9  17.3  0.31  193.3  26.7
180220261713  0.547  11.9  17.4  17.3  0.13  179.5  26.7
180220261714  0.550  12.1  17.5  17.3  0.25  202.6  26.7
180220261715  0.552  11.9  17.4  17.3  0.21  180.6  26.7
180220261716  0.555  11.9  17.1  17.3  0.13  219.5  26.7
180220261717  0.560  12.1  18.0  17.3  0.26  211.6  26.7
180220261718  0.563  12.1  17.8  17.3  0.16  200.2  26.7
180220261719  0.569  12.2  17.7  17.3  0.17  210.9  26.7
180220261720  0.574  12.3  17.2  17.3  0.30  195.5  26.7
180220261721  0.578  12.4  17.7  17.3  0.24  200.1  26.7
180220261722  0.584  12.4  16.6  16.6  0.37  191.8  26.7
180220261723  0.589  12.5  15.6  16.9  0.37  197.5  26.7
180220261724  0.595  12.7  15.2  16.9  0.26  198.6  26.7
180220261725  0.598  13.2  15.4  18.3  0.34  182.0  26.7
180220261726  0.603  13.5  14.9  18.3  0.36  184.1  26.7
180220261727  0.606  13.5  14.9  18.3  0.31  178.5  26.6
180220261728  0.612  13.5  15.6  18.3  0.33  182.9  26.6
180220261729  0.616  13.6  15.6  18.3  0.25  186.4  26.6
180220261730  0.619  13.4  16.4  18.3  0.28  178.0  26.6
180220261731  0.621  13.4  16.3  18.3  0.24  180.1  26.6
180220261732  0.626  13.2  17.1  18.3  0.14  187.7  26.6
180220261733  0.630  13.2  17.7  18.3  0.19  178.9  26.6
180220261734  0.633  12.8  18.2  18.3  0.25  170.6  26.6
180220261735  0.638  12.4  18.3  17.5  0.20  163.4  26.6
180220261736  0.642  12.3  19.1  17.5  0.10  179.1  26.6
180220261737  0.646  12.2  19.0  17.5  0.34  172.0  26.6
180220261738  0.651  12.3  18.6  17.5  0.29  180.3  26.6
180220261739  0.655  12.3  18.6  17.5  0.15  178.7  26.6
180220261740  0.661  12.6  18.2  17.5  0.32  189.3  26.6
180220261741  0.667  12.5  18.6  17.5  0.14  190.8  26.6
180220261742  0.671  12.8  18.6  17.5  0.24  190.0  26.6
180220261743  0.677  12.5  18.8  17.3  0.22  180.1  26.6
180220261744  0.683  12.5  18.7  17.3  0.12  221.0  26.6
180220261745  0.687  12.5  18.6  17.3  0.19  190.0  26.6
180220261746  0.691  12.3  18.6  17.3  0.15  166.8  26.6
180220261747  0.696  12.2  18.9  17.3  0.27  186.3  26.6
180220261748  0.701  12.1  18.8  17.3  0.28  193.6  26.6
180220261749  0.705  11.8  19.1  17.3  0.26  184.8  26.6
180220261750  0.711  11.8  19.0  16.8  0.24  190.5  26.6
180220261751  0.714  12.1  18.8  16.8  0.25  208.2  26.6
180220261752  0.719  12.0  18.2  16.8  0.23  190.5  26.6
180220261753  0.725  12.0  18.4  16.8  0.19  212.1  26.6
180220261754  0.730  12.3  18.2  16.8  0.21  214.9  26.6
180220261755  0.735  12.4  17.9  16.8  0.29  197.4  26.6
180220261756  0.739  12.4  17.9  16.8  0.35  191.9  26.6
180220261757  0.744  12.8  16.9  18.4  0.30  197.5  26.6
180220261758  0.751  13.0  16.7  18.4  0.44  190.8  26.6
180220261759  0.755  13.0  16.2  18.4  0.38  191.8  26.6
180220261800  0.762  12.7  16.6  18.4  0.45  186.8  26.6
180220261801  0.767  12.4  17.0  18.4  0.38  185.6  26.6
180220261802  0.771  12.3  17.0  18.4  0.51  182.1  26.6
180220261803  0.776  12.5  16.3  18.4  0.28  197.5  26.6
180220261804  0.781  12.3  16.1  18.4  0.44  185.2  26.6
180220261805  0.786  11.9  16.5  18.4  0.44  191.3  26.6
180220261806  0.791  11.9  17.2  18.4  0.52  181.4  26.6
180220261807  0.796  11.6  18.2  15.9  0.54  187.3  26.6
180220261808  0.801  11.4  18.4  15.9  0.54  193.5  26.6
180220261809  0.806  11.3  19.3  15.9  0.65  189.0  26.6
180220261810  0.809  11.2  19.0  15.9  0.40  191.7  26.6
180220261811  0.814  11.4  18.0  16.2  0.59  187.1  26.6
180220261812  0.819  11.5  18.4  16.2  0.60  187.0  26.6
180220261813  0.825  11.3  18.9  16.2  0.43  188.7  26.6
180220261814  0.829  11.5  18.6  16.2  0.48  187.2  26.6
180220261815  0.834  11.5  18.6  16.2  0.45  179.4  26.6
180220261816  0.839  11.6  17.8  16.2  0.61  182.7  26.6
180220261817  0.842  11.5  17.2  16.2  0.59  184.1  26.6
180220261818  0.848  11.5  17.0  16.2  0.61  184.0  26.6
180220261819  0.853  11.6  16.9  16.2  0.41  184.8  26.6
180220261820  0.857  11.6  17.6  16.2  0.52  183.4  26.6
180220261821  0.861  11.4  18.4  15.0  0.48  180.0  26.6
180220261822  0.867  11.2  18.2  15.0  0.55  186.8  26.6
180220261823  0.872  11.0  17.7  14.6  0.52  182.5  26.6
180220261824  0.877  10.7  18.2  14.6  0.56  176.7  26.6
180220261825  0.882  10.6  17.9  14.6  0.59  185.8  26.6
180220261826  0.886  10.4  18.4  14.6  0.58  181.7  26.6
180220261827  0.891  10.4  18.3  14.6  0.54  187.1  26.6
180220261828  0.894  10.2  18.5  14.6  0.56  181.2  26.6
180220261829  0.900  10.0  18.1  12.9  0.53  184.1  26.6
180220261830  0.905  9.8  17.0  12.9  0.49  187.3  26.6
180220261831  0.910  9.6  16.7  12.9  0.50  179.3  26.6
180220261832  0.914  9.5  16.3  12.9  0.62  177.8  26.6
180220261833  0.921  9.3  16.8  12.4  0.68  181.4  26.6
180220261834  0.926  9.4  15.9  12.4  0.61  183.4  26.6
180220261835  0.931  9.4  15.4  12.4  0.77  183.1  26.6
180220261836  0.937  9.3  14.4  12.4  0.67  179.2  26.6
180220261837  0.944  9.3  13.9  12.4  0.64  179.0  26.6
180220261838  0.950  9.2  14.1  12.3  0.67  176.4  26.6
180220261839  0.957  9.1  13.0  12.3  0.73  182.2  26.6
180220261840  0.963  9.3  12.3  13.1  0.73  181.0  26.6
180220261841  0.969  9.5  11.0  13.1  0.73  186.3  26.6
180220261842  0.975  9.6  7.8  13.1  0.74  183.4  26.7
180220261843  0.980  9.6  2.8  13.1  0.76  182.9  26.7
180220261844  0.986  9.7  358.5  15.8  0.79  183.7  26.7
180220261845  0.993  10.3  355.8  15.8  0.66  184.8  26.7
180220261846  0.999  10.9  355.1  15.8  0.78  183.1  26.7
180220261847  1.006  11.4  353.4  17.8  0.68  184.9  26.7
180220261848  1.012  12.2  351.0  17.8  0.78  185.3  26.7
180220261849  1.018  12.7  350.5  17.8  0.80  184.7  26.7
180220261850  1.024  13.0  348.5  17.8  0.66  179.4  26.7
180220261851  1.029  13.3  347.3  17.8  0.78  188.6  26.7
180220261852  1.033  13.7  348.1  17.8  0.66  181.4  26.7
180220261853  1.038  14.1  349.6  17.8  0.71  179.7  26.7
180220261854  1.042  14.1  351.0  17.8  0.68  185.9  26.7
180220261855  1.045  13.9  351.2  17.8  0.71  178.1  26.7
180220261856  1.049  13.5  349.3  17.8  0.75  182.4  26.7
180220261857  1.053  13.0  348.7  16.6  0.72  185.5  26.6
180220261858  1.055  12.7  348.8  15.7  0.78  180.5  26.6
180220261859  1.060  12.4  347.8  15.7  0.75  178.9  26.6
180220261900  1.063  nan  nan  nan  0.81  180.3  26.6
180220261901  1.067  11.8  348.0  15.1  0.67  173.8  26.6
180220261902  1.070  11.7  348.6  15.1  0.65  174.3  26.6
180220261903  1.075  11.5  349.9  14.2  0.72  175.9  26.6
180220261904  1.078  11.4  350.6  14.2  0.69  176.9  26.6
180220261905  1.081  11.4  352.2  14.2  0.75  174.6  26.6
180220261906  1.085  11.6  354.7  14.2  0.77  176.8  26.6
180220261907  1.088  11.9  356.1  14.3  0.70  175.9  26.6
180220261908  1.091  11.9  357.0  14.3  0.58  170.2  26.6
180220261909  1.096  12.1  357.9  14.3  0.76  170.0  26.6
180220261910  1.098  12.3  357.7  14.3  0.78  172.9  26.6
180220261911  1.103  12.5  357.6  14.3  0.64  172.2  26.6
180220261912  1.108  12.6  357.0  14.3  0.75  171.1  26.6
180220261913  1.112  12.6  355.7  14.3  0.75  168.7  26.6
180220261914  1.116  12.9  355.6  16.2  0.86  173.3  26.6
180220261915  1.119  12.9  354.4  16.2  0.74  167.2  26.6
180220261916  1.124  12.9  352.9  16.2  0.76  167.9  26.6
180220261917  1.127  12.8  351.8  16.2  0.78  169.4  26.6
180220261918  1.131  12.8  351.1  16.2  0.81  170.9  26.6
180220261919  1.135  12.5  349.8  16.2  0.67  168.1  26.6
180220261920  1.138  12.4  349.5  16.2  0.69  165.5  26.6
180220261921  1.142  12.4  349.1  16.2  0.78  171.4  26.6
180220261922  1.146  12.4  348.8  16.2  0.70  179.2  26.6
180220261923  1.149  12.6  349.2  16.2  0.79  176.6  26.6
180220261924  1.152  12.3  347.3  15.9  0.62  171.2  26.6
180220261925  1.157  12.2  346.8  15.4  0.68  171.9  26.6
180220261926  1.160  12.2  347.0  15.4  0.70  175.5  26.6
180220261927  1.163  12.3  346.8  15.4  0.65  168.9  26.6
180220261928  1.167  12.3  346.8  15.4  0.71  169.2  26.6
180220261929  1.170  12.4  347.3  15.4  0.77  174.7  26.6
180220261930  1.174  12.3  347.7  15.4  0.80  173.9  26.6
180220261931  1.177  12.3  348.4  15.4  0.72  171.0  26.6
180220261932  1.181  11.9  348.4  15.4  0.77  171.6  26.6
180220261933  1.185  11.5  348.5  14.0  0.78  174.8  26.6
180220261934  1.189  11.5  349.7  14.0  0.97  177.8  26.6
180220261935  1.192  11.4  350.5  13.7  0.79  174.3  26.6
180220261936  1.196  11.3  351.0  13.7  0.84  172.4  26.6
180220261937  1.200  11.2  351.3  13.6  0.77  172.5  26.6
180220261938  1.204  11.0  351.5  13.4  0.74  180.7  26.6
180220261939  1.208  11.1  351.9  13.4  0.78  173.7  26.6
180220261940  1.211  11.0  352.1  13.4  0.88  178.8  26.6
180220261941  1.217  10.9  351.9  13.2  0.87  179.2  26.5
180220261942  1.220  11.0  352.4  13.2  0.67  177.1  26.5
180220261943  1.225  11.1  352.3  13.2  0.83  177.3  26.5
180220261944  1.229  11.0  352.7  13.2  0.74  179.1  26.5
180220261945  1.233  10.8  352.8  13.2  0.81  179.2  26.5
180220261946  1.236  10.8  352.3  13.2  0.86  175.4  26.5
180220261947  1.238  10.6  352.2  13.2  0.74  177.2  26.5
180220261948  1.241  10.4  352.3  13.2  0.76  174.5  26.5
180220261949  1.246  10.3  352.2  12.4  0.81  176.8  26.5
180220261950  1.248  10.3  352.4  12.4  0.77  178.3  26.5
180220261951  1.250  10.0  352.1  12.4  0.88  184.1  26.5
180220261952  1.253  9.7  352.2  12.4  0.81  177.2  26.5
180220261953  1.256  9.5  353.1  12.2  0.77  183.6  26.5
180220261954  1.260  9.4  353.3  11.5  0.67  173.0  26.5
180220261955  1.262  9.2  352.7  11.0  0.68  179.6  26.5
180220261956  1.266  9.2  353.1  11.7  0.86  182.2  26.5
180220261957  1.268  9.2  352.9  11.7  0.84  179.1  26.5
180220261958  1.270  9.2  352.2  11.7  0.75  177.3  26.5
180220261959  1.274  9.0  351.5  11.7  0.82  177.1  26.5
180220262000  1.277  8.8  350.8  11.7  0.73  180.0  26.5
180220262001  1.281  8.9  349.9  11.7  0.77  177.5  26.5
180220262002  1.284  8.9  349.1  11.7  0.69  175.1  26.5
180220262003  1.288  8.9  347.6  11.7  0.75  175.3  26.5
180220262004  1.291  8.8  346.1  11.7  0.70  178.7  26.5
180220262005  1.294  8.8  345.9  11.7  0.70  177.6  26.5
180220262006  1.297  8.6  344.6  11.7  0.76  174.4  26.5
180220262007  1.300  8.5  343.9  11.7  0.71  177.0  26.5
180220262008  1.304  8.3  343.7  11.7  0.74  178.6  26.5
180220262009  1.308  8.2  343.3  11.7  0.70  170.8  26.5
180220262010  1.311  8.2  342.5  11.7  0.63  177.7  26.5
180220262011  1.313  8.1  341.4  11.2  0.63  174.3  26.5
180220262012  1.319  8.1  341.0  10.8  0.64  175.0  26.5
180220262013  1.321  8.3  340.6  11.8  0.67  173.0  26.5
180220262014  1.324  8.5  341.2  11.8  0.61  177.9  26.5
180220262015  1.327  8.6  341.3  11.8  0.74  176.7  26.5
180220262016  1.330  8.5  341.0  11.8  0.76  178.0  26.5
180220262017  1.333  8.5  340.0  11.8  0.63  176.7  26.5
180220262018  1.336  8.5  339.6  11.8  0.64  175.4  26.5
180220262019  1.339  8.6  339.1  11.8  0.78  184.9  26.5
180220262020  1.343  8.6  339.5  11.8  0.73  183.7  26.5
180220262021  1.346  8.4  339.3  11.8  0.78  183.7  26.5
180220262022  1.348  8.2  339.2  11.8  0.73  182.0  26.5
180220262023  1.350  7.8  338.9  11.8  0.71  183.2  26.5
180220262024  1.352  7.5  338.6  10.3  0.72  183.8  26.5
180220262025  1.353  7.3  338.0  10.3  0.64  187.1  26.5
180220262026  1.355  7.2  338.6  10.3  0.58  184.0  26.5
180220262027  1.357  7.1  339.1  10.3  0.59  182.4  26.5
180220262028  1.358  7.0  339.1  10.3  0.68  183.9  26.5
180220262029  1.360  6.9  339.1  10.3  0.72  183.2  26.5
180220262030  1.362  6.8  338.9  10.3  0.75  178.5  26.5
180220262031  1.363  6.6  338.8  10.3  0.66  169.9  26.5
180220262032  1.364  6.6  337.7  10.3  0.61  174.0  26.5
180220262033  1.364  6.6  337.7  10.3  0.66  173.9  26.5
180220262034  1.365  6.5  336.5  10.3  0.72  170.5  26.5
180220262035  1.366  6.3  334.9  8.8  0.75  175.2  26.5
180220262036  1.366  6.1  333.9  8.8  0.75  170.1  26.5
180220262037  1.367  6.1  334.5  8.8  0.72  169.7  26.5
180220262038  1.366  6.0  335.5  7.6  0.59  165.4  26.4
180220262039  1.366  6.0  335.9  7.5  0.62  166.1  26.4
180220262040  1.366  6.1  335.5  7.8  0.65  168.6  26.4
180220262041  1.365  6.2  336.0  7.8  0.63  171.2  26.4
180220262042  1.364  5.9  335.6  7.8  0.58  172.3  26.4
180220262043  1.364  5.8  335.6  7.8  0.56  167.5  26.4
180220262044  1.364  5.6  335.4  7.8  0.58  165.9  26.4
180220262045  1.364  5.6  338.1  7.8  0.65  163.8  26.4
180220262046  1.364  5.6  336.9  7.8  0.58  172.2  26.4
180220262047  1.363  5.4  336.4  7.8  0.56  170.4  26.4
180220262048  1.363  5.2  335.0  7.8  0.60  168.7  26.4
180220262049  1.363  5.1  332.5  7.8  0.66  172.9  26.4
180220262050  1.363  4.9  332.7  7.2  0.54  176.7  26.4
180220262051  1.363  5.0  333.7  7.0  0.41  171.7  26.4
180220262052  1.365  5.1  335.7  7.0  0.33  174.7  26.4
180220262053  1.366  5.3  334.9  7.0  0.37  175.8  26.4
180220262054  1.367  5.4  333.9  7.1  0.36  165.5  26.4
180220262055  1.367  5.4  331.7  7.1  0.38  177.4  26.4
180220262056  1.368  5.5  332.8  7.1  0.48  171.9  26.4
180220262057  1.368  5.6  331.6  7.1  0.39  166.0  26.3
180220262058  1.370  5.8  332.3  7.2  0.35  165.0  26.3
180220262059  1.372  5.8  334.0  7.2  0.35  169.9  26.3
180220262100  1.372  5.7  332.8  7.2  0.41  171.4  26.3
180220262101  1.373  5.7  332.0  7.2  0.51  165.8  26.3
180220262102  1.374  5.7  331.6  7.2  0.53  169.1  26.4
180220262103  1.374  5.6  332.5  7.2  0.49  170.4  26.4
180220262104  1.374  5.5  334.2  7.2  0.48  169.9  26.4
180220262105  1.375  5.5  334.3  7.2  0.29  163.3  26.4
180220262106  1.374  5.4  334.7  7.2  0.32  166.1  26.4
180220262107  1.375  5.4  336.1  7.2  0.39  163.3  26.4
180220262108  1.375  5.3  335.1  6.8  0.30  151.8  26.4
180220262109  1.376  5.3  335.0  6.8  0.44  162.3  26.4
180220262110  1.376  5.4  337.0  7.3  0.54  167.9  26.3
180220262111  1.376  5.4  336.9  7.3  0.53  161.2  26.3
180220262112  1.375  5.4  336.3  7.3  0.50  166.6  26.3
180220262113  1.375  5.4  336.0  7.3  0.47  163.3  26.3
180220262114  1.376  5.4  335.4  7.3  0.59  168.1  26.3
180220262115  1.375  5.5  336.0  7.3  0.40  162.7  26.3
180220262116  1.374  5.6  335.4  7.3  0.45  165.1  26.3
180220262117  1.372  5.6  334.9  7.3  0.50  166.7  26.3
180220262118  1.371  5.6  335.1  7.3  0.35  161.4  26.3
180220262119  1.370  5.6  335.3  7.3  0.34  155.4  26.3
180220262120  1.369  5.5  334.5  7.0  0.37  159.1  26.3
180220262121  1.369  5.4  334.3  6.9  0.30  152.1  26.3
180220262122  1.367  5.4  335.0  6.9  0.32  165.0  26.3
180220262123  1.366  5.4  335.4  6.9  0.30  162.9  26.3
180220262124  1.365  5.3  336.2  6.5  0.25  169.9  26.3
180220262125  1.366  5.4  336.2  6.6  0.29  170.2  26.3
180220262126  1.363  5.4  336.9  7.0  0.37  180.9  26.3
180220262127  1.362  5.5  337.5  7.0  0.31  175.3  26.3
180220262128  1.360  5.5  337.6  7.0  0.40  176.8  26.3
180220262129  1.359  5.5  338.6  7.0  0.41  170.2  26.3
180220262130  1.359  5.6  339.3  7.0  0.29  161.7  26.3
180220262131  1.357  5.8  340.1  7.0  0.30  171.7  26.3
180220262132  1.356  5.8  339.3  7.0  0.38  168.9  26.3
180220262133  1.356  5.7  339.1  7.0  0.29  167.9  26.2
180220262134  1.355  5.7  337.5  7.0  0.22  166.9  26.2
180220262135  1.354  5.5  336.6  7.0  0.21  178.8  26.2
180220262136  1.352  5.3  336.9  6.8  0.30  181.5  26.2
180220262137  1.351  5.2  336.9  6.8  0.25  182.4  26.3
180220262138  1.350  5.2  336.8  6.8  0.28  167.4  26.3
180220262139  1.350  5.1  336.5  6.8  0.54  179.4  26.3
180220262140  1.349  5.0  335.7  6.6  0.38  178.6  26.3
180220262141  1.349  4.9  335.0  6.3  0.48  177.9  26.3
180220262142  1.348  4.9  335.7  6.9  0.37  172.1  26.3
180220262143  1.347  5.0  334.1  6.9  0.36  168.5  26.3
180220262144  1.346  4.9  334.2  6.9  0.32  175.0  26.3
180220262145  1.345  4.9  333.9  6.9  0.38  167.2  26.3
180220262146  1.344  5.0  333.6  6.9  0.39  171.8  26.3
180220262147  1.342  5.0  333.4  6.9  0.45  181.6  26.3
180220262148  1.340  5.0  332.8  6.9  0.44  187.2  26.3
180220262149  1.339  5.0  332.0  6.9  0.39  185.7  26.3
180220262150  1.338  5.0  333.0  6.9  0.42  181.8  26.2
180220262151  1.336  5.1  333.7  6.9  0.50  183.6  26.2
180220262152  1.335  5.0  333.9  5.9  0.30  175.5  26.2
180220262153  1.333  5.0  336.1  5.9  0.40  179.6  26.2
180220262154  1.332  5.0  336.9  5.9  0.32  171.8  26.2
180220262155  1.331  5.0  337.8  5.9  0.45  178.4  26.2
180220262156  1.330  5.0  338.9  5.9  0.57  181.5  26.2
180220262157  1.329  4.9  339.8  5.9  0.44  181.7  26.2
180220262158  1.327  4.8  340.8  5.9  0.43  175.5  26.2
180220262159  1.327  4.8  341.6  5.9  0.37  178.2  26.2
180220262200  1.326  4.7  340.6  5.9  0.38  173.4  26.2
180220262201  1.325  4.6  340.6  5.9  0.45  174.2  26.2
180220262202  1.323  4.6  341.5  5.5  0.43  178.6  26.2
180220262203  nan  4.6  341.3  5.5  0.34  171.1  26.2
180220262204  1.319  4.6  341.6  5.5  0.38  182.0  26.2
180220262205  1.317  4.6  341.7  5.5  0.44  184.7  26.2
180220262206  1.314  4.5  341.0  5.5  0.25  173.7  26.1
180220262207  1.313  4.5  339.6  5.5  0.38  171.6  26.1
180220262208  1.310  4.4  338.9  5.5  0.37  175.4  26.1
180220262209  1.306  4.3  338.6  5.5  0.43  181.4  26.1
180220262210  1.303  4.3  338.5  5.5  0.40  180.9  26.1
180220262211  1.300  4.3  338.5  5.5  0.34  179.7  26.1
180220262212  1.296  4.2  337.7  5.1  0.25  163.6  26.1
180220262213  1.294  4.0  338.4  5.1  0.33  170.1  26.1
180220262214  1.289  4.0  339.4  4.9  0.20  163.2  26.1
180220262215  1.285  4.0  340.6  4.9  0.32  173.1  26.1
180220262216  1.281  4.0  340.6  5.0  0.20  154.0  26.1
180220262217  1.277  4.0  341.7  5.1  0.20  156.8  26.1
180220262218  1.273  4.1  342.3  5.3  0.23  154.2  26.1
180220262219  1.269  4.2  343.4  5.3  0.13  81.0  26.1
180220262220  1.266  4.2  343.1  5.3  0.14  114.8  26.1
180220262221  1.262  4.1  342.9  5.3  0.18  150.3  26.1
180220262222  1.259  4.1  342.4  5.3  0.14  146.7  26.1
180220262223  1.256  4.2  341.7  5.3  0.08  47.7  26.1
180220262224  1.252  4.3  341.4  5.3  0.10  73.4  26.1
180220262225  1.249  4.3  340.7  5.3  0.03  174.1  26.1
180220262226  1.245  4.4  340.6  5.3  0.24  37.8  26.1
180220262227  1.242  4.3  340.2  5.3  0.05  80.8  26.1
180220262228  1.238  4.2  340.9  5.3  0.05  104.6  26.1
180220262229  1.234  4.2  340.4  5.2  0.21  145.4  26.1
180220262230  1.230  4.2  341.0  5.2  0.16  31.9  26.1
180220262231  1.226  4.2  340.6  5.2  0.05  141.6  26.1
180220262232  1.222  4.1  341.2  5.2  0.12  138.5  26.1
180220262233  1.219  4.0  340.9  5.2  0.09  36.6  26.2
180220262234  1.216  4.0  341.2  5.2  0.09  69.5  26.2
180220262235  1.211  4.0  341.2  5.0  0.05  72.5  26.2
180220262236  1.207  4.0  340.8  5.6  0.06  70.0  26.2
180220262237  1.201  4.1  341.1  5.6  0.03  47.6  26.2
180220262238  1.197  4.1  341.0  5.6  0.03  75.0  26.2
180220262239  1.193  4.1  340.6  5.6  0.14  33.0  26.2
180220262240  1.188  4.1  340.7  5.6  0.14  48.2  26.2
180220262241  1.184  4.1  341.3  5.6  0.07  111.0  26.2
180220262242  1.178  4.1  340.5  5.6  0.08  97.1  26.2
180220262243  1.174  4.2  340.6  5.6  0.08  76.4  26.2
180220262244  1.171  4.3  338.9  5.6  0.12  74.7  26.2
180220262245  1.167  4.2  338.6  5.6  0.06  27.9  26.2
180220262246  1.162  4.1  339.2  5.2  0.12  25.3  26.2
180220262247  1.157  4.0  338.4  5.0  0.06  28.4  26.2
180220262248  1.153  4.1  338.2  5.0  0.11  5.9  26.2
180220262249  1.150  4.1  337.4  5.5  0.17  18.8  26.2
180220262250  1.145  4.2  336.6  5.5  0.12  8.1  26.2
180220262251  1.143  4.1  335.6  5.5  0.14  11.6  26.2
180220262252  1.139  4.2  336.1  5.5  0.10  38.5  26.2
180220262253  1.135  4.1  336.0  5.5  0.10  11.1  26.2
180220262254  1.131  4.0  337.1  5.5  0.18  25.9  26.2
180220262255  1.128  4.0  338.5  5.5  0.21  14.2  26.2
180220262256  1.124  3.9  339.3  5.5  0.16  23.9  26.2
180220262257  1.119  3.9  341.1  5.5  0.12  24.5  26.2
180220262258  1.116  3.8  341.9  5.5  0.17  13.9  26.2
180220262259  1.111  3.7  343.3  5.2  0.16  342.8  26.3
180220262300  1.107  3.6  344.9  4.8  0.17  16.7  26.3
180220262301  1.104  3.8  346.5  4.8  0.24  358.6  26.3
180220262302  1.100  3.7  346.9  4.6  0.24  357.2  26.3
180220262303  1.095  3.7  347.6  4.6  0.23  347.9  26.3
180220262304  1.092  3.8  347.7  4.6  0.23  356.7  26.3
180220262305  1.089  3.8  346.3  4.6  0.11  354.1  26.3
180220262306  1.085  3.9  345.5  4.9  0.30  359.9  26.3
180220262307  1.080  4.0  344.4  4.9  0.27  359.6  26.3
180220262308  1.076  4.0  343.4  4.9  0.29  356.7  26.3
180220262309  1.072  4.0  342.3  4.9  0.44  3.9  26.3
180220262310  1.069  4.0  341.8  4.9  0.48  358.0  26.3
180220262311  1.066  4.0  341.1  4.9  0.41  9.5  26.3
180220262312  1.063  4.1  339.9  5.3  0.48  13.0  26.3
180220262313  1.060  4.0  339.9  5.3  0.35  11.3  26.3
180220262314  1.056  4.0  339.4  5.3  0.44  13.5  26.3
180220262315  1.052  4.0  340.7  5.3  0.47  3.6  26.3
180220262316  1.048  3.9  341.3  5.3  0.44  6.9  26.3
180220262317  1.043  4.0  342.3  5.3  0.38  15.8  26.3
180220262318  1.038  3.9  343.4  5.3  0.42  6.8  26.3
180220262319  1.035  3.9  345.1  5.3  0.49  6.6  26.3
180220262320  1.031  3.9  345.6  5.3  0.42  10.3  26.3
180220262321  1.027  3.9  345.7  5.3  0.53  9.4  26.3
180220262322  1.023  3.8  346.6  4.7  0.66  15.2  26.3
180220262323  1.018  3.8  346.0  4.7  0.52  5.3  26.3
180220262324  1.014  3.7  345.9  4.7  0.54  17.9  26.3
180220262325  1.011  3.6  345.1  4.7  0.61  10.0  26.3
180220262326  1.005  3.5  344.6  4.7  0.67  15.5  26.3
180220262327  1.000  3.4  344.0  4.3  0.52  12.4  26.3
180220262328  0.996  3.3  342.3  4.2  0.55  9.0  26.3
180220262329  0.994  3.2  340.2  4.2  0.48  10.5  26.3
180220262330  0.989  3.0  338.5  4.2  0.63  15.0  26.3
180220262331  0.987  2.9  336.7  3.8  0.58  8.1  26.3
180220262332  0.984  2.8  333.6  3.8  0.55  8.2  26.3
180220262333  0.980  2.8  331.3  3.5  0.56  15.9  26.3
180220262334  0.976  2.7  329.5  3.5  0.58  13.3  26.3
180220262335  0.973  2.7  325.4  3.5  0.62  7.1  26.3
180220262336  0.969  2.7  322.8  3.6  0.54  11.7  26.3
180220262337  0.964  2.7  320.0  3.6  0.75  4.8  26.3
180220262338  0.959  2.9  318.3  4.8  0.53  4.8  26.3
180220262339  0.954  2.9  317.5  4.8  0.63  3.4  26.3
180220262340  0.950  3.0  315.7  4.8  0.65  7.9  26.3
180220262341  0.945  3.1  315.8  4.8  0.61  4.1  26.3
180220262342  0.940  3.1  316.4  4.8  0.61  6.7  26.3
180220262343  0.935  3.2  315.3  4.8  0.57  358.4  26.3
180220262344  0.930  3.4  315.1  4.8  0.62  2.6  26.3
180220262345  0.924  3.4  315.8  4.8  0.60  358.3  26.3
180220262346  0.919  3.5  316.3  5.1  0.59  0.0  26.3
180220262347  0.913  3.6  316.8  5.1  0.61  2.8  26.3
180220262348  0.907  3.5  317.1  5.1  0.58  2.5  26.3
180220262349  0.900  3.5  316.4  5.1  0.63  3.8  26.3
180220262350  0.894  3.6  316.8  5.5  0.81  2.4  26.3
180220262351  0.887  3.6  315.4  5.5  0.84  3.0  26.3
180220262352  0.880  3.7  316.2  5.5  0.70  0.4  26.3
180220262353  0.873  3.7  317.9  5.5  0.80  0.8  26.3
180220262354  0.866  3.6  316.8  5.5  0.69  354.8  26.3
180220262355  0.860  3.7  316.4  5.5  0.85  2.0  26.3
180220262356  0.853  3.7  316.3  5.5  0.78  359.5  26.3
180220262357  0.847  3.6  315.8  5.5  0.90  4.0  26.3
180220262358  0.840  3.7  313.5  5.5  0.89  2.8  26.3
180220262359  0.835  3.7  314.4  6.7  0.83  4.6  26.3
190220260000  0.828  3.9  316.1  7.6  0.78  4.0  26.3
190220260001  0.821  3.9  316.9  7.6  0.87  6.0  26.3
190220260002  0.815  3.8  315.9  7.6  0.80  5.7  26.3
190220260003  0.809  3.8  315.3  7.6  0.85  2.0  26.3
190220260004  0.803  4.0  316.2  7.6  0.76  4.4  26.3
190220260005  0.799  4.1  316.6  7.6  0.95  6.6  26.3
190220260006  0.793  4.1  315.3  7.6  1.04  5.3  26.3
190220260007  0.787  4.1  314.7  7.6  0.88  7.9  26.3
190220260008  0.782  4.2  316.5  7.6  0.96  4.9  26.3
190220260009  0.776  4.3  314.6  7.6  0.97  4.3  26.3
190220260010  0.771  4.2  313.0  6.2  0.97  3.5  26.3
190220260011  0.766  4.3  312.7  6.2  1.02  6.5  26.3
190220260012  0.761  4.4  312.5  6.2  1.05  7.6  26.3
190220260013  0.755  4.5  311.7  6.7  1.05  0.8  26.3
190220260014  0.750  4.6  311.5  6.7  0.83  5.6  26.3
190220260015  0.744  4.6  311.4  6.7  1.07  4.8  26.3
190220260016  0.739  4.8  311.1  7.9  0.97  3.1  26.3
190220260017  0.733  5.0  311.4  8.3  0.92  3.3  26.3
190220260018  0.728  5.0  310.5  8.3  0.86  1.1  26.3
190220260019  0.723  5.1  310.8  8.3  1.01  0.8  26.3
190220260020  0.717  5.1  311.4  8.3  1.08  4.9  26.3
190220260021  0.712  5.2  310.8  8.3  1.21  6.0  26.3
190220260022  0.708  5.2  311.6  8.3  1.04  6.9  26.3
190220260023  0.703  5.3  311.5  8.3  1.04  10.2  26.3
190220260024  0.699  5.5  312.4  9.0  1.11  10.8  26.3
190220260025  0.694  5.5  312.5  9.0  0.99  10.0  26.3
190220260026  0.688  5.3  313.3  9.0  1.06  8.2  26.3
190220260027  0.684  5.2  313.6  9.0  1.13  10.5  26.4
190220260028  0.679  5.2  315.2  9.0  1.10  12.4  26.4
190220260029  0.674  5.1  316.2  9.0  1.13  12.6  26.4
190220260030  0.670  5.0  315.6  9.0  1.07  10.6  26.4
190220260031  0.666  4.9  316.3  9.0  1.01  12.5  26.4
190220260032  0.661  4.9  316.3  9.0  1.06  9.9  26.4
190220260033  0.657  4.7  316.2  9.0  1.11  10.0  26.4
190220260034  0.653  4.6  315.8  5.9  1.08  9.5  26.4
190220260035  0.648  4.5  315.8  5.8  1.00  10.8  26.4
190220260036  0.643  4.6  316.0  6.0  0.90  3.0  26.4
190220260037  0.639  4.6  315.5  6.0  0.92  3.8  26.4
190220260038  0.635  4.7  314.7  6.0  1.00  7.9  26.4
190220260039  0.630  4.7  314.9  6.0  0.96  3.2  26.4
190220260040  0.627  4.8  315.6  6.4  1.05  8.5  26.4
190220260041  0.623  4.9  315.3  6.9  0.99  7.5  26.4
190220260042  0.620  5.0  315.2  7.1  0.98  4.7  26.4
190220260043  0.616  5.0  315.0  7.1  0.99  2.6  26.4
190220260044  0.612  5.1  315.2  7.1  0.96  5.8  26.4
190220260045  0.608  5.3  316.1  7.1  0.91  4.6  26.4
190220260046  0.605  5.4  314.6  7.6  0.90  2.5  26.4
190220260047  0.601  5.3  315.6  7.6  0.90  5.2  26.4
190220260048  0.595  5.3  314.5  7.8  0.94  5.7  26.4
190220260049  0.591  5.5  313.2  7.8  0.88  358.4  26.4
190220260050  0.586  5.5  312.3  7.8  0.90  6.6  26.4
190220260051  0.581  5.4  313.1  7.8  0.94  1.2  26.4
190220260052  0.576  5.5  311.8  7.8  0.89  5.5  26.4
190220260053  0.571  5.6  312.6  7.8  0.84  3.7  26.4
190220260054  0.567  5.5  312.3  7.8  0.96  7.2  26.4
190220260055  0.563  5.3  310.7  7.8  0.88  6.7  26.4
190220260056  0.558  5.4  312.1  7.8  0.91  4.3  26.4
190220260057  0.554  5.5  311.5  7.8  0.89  4.9  26.4
190220260058  0.550  5.4  312.2  7.7  0.87  7.3  26.4
190220260059  0.547  5.3  313.2  7.7  0.89  3.8  26.4
190220260100  0.542  5.2  313.0  7.7  0.96  9.0  26.4
190220260101  0.538  5.3  312.3  7.7  1.01  6.6  26.4
190220260102  0.535  5.2  313.5  7.2  0.90  5.8  26.4
190220260103  0.531  5.0  313.5  7.2  0.98  6.0  26.4
190220260104  0.527  5.1  313.7  7.2  0.99  8.8  26.4
190220260105  0.524  5.1  313.9  7.2  0.90  9.0  26.4
190220260106  0.519  4.9  313.2  7.2  0.93  10.6  26.4
190220260107  0.514  4.8  313.7  7.2  0.84  7.6  26.4
190220260108  0.510  4.7  313.9  7.2  0.94  8.9  26.4
190220260109  0.506  4.7  314.2  7.2  0.90  5.4  26.4
190220260110  0.501  4.7  314.0  7.2  1.01  9.7  26.4
190220260111  0.496  4.6  313.9  7.2  0.89  7.4  26.4
190220260112  0.490  4.4  313.2  7.2  0.93  7.2  26.4
190220260113  0.486  4.2  313.6  7.2  1.00  6.1  26.4
190220260114  0.481  3.9  312.4  6.3  0.94  9.4  26.4
190220260115  0.477  3.8  310.6  6.3  0.91  9.9  26.4
190220260116  0.472  3.5  310.6  5.9  0.89  11.3  26.4
190220260117  0.466  3.3  309.4  5.9  0.89  9.4  26.4
190220260118  0.460  3.1  307.9  5.9  0.90  9.8  26.4
190220260119  0.454  2.9  306.4  5.8  1.02  10.0  26.4
190220260120  0.448  2.6  306.9  4.4  0.94  9.2  26.4
190220260121  0.443  2.5  307.8  4.4  1.01  10.4  26.4
190220260122  0.436  2.4  309.0  4.4  1.02  8.1  26.4
190220260123  0.431  2.4  308.1  4.4  1.12  11.3  26.4
190220260124  0.426  2.4  310.6  4.4  1.14  11.3  26.4
190220260125  0.420  2.3  316.1  3.4  1.03  11.8  26.4
190220260126  0.416  2.4  319.6  4.3  1.05  10.7  26.4
190220260127  0.411  2.7  321.4  5.8  1.12  15.1  26.4
190220260128  0.406  2.8  321.7  5.8  1.06  12.1  26.4
190220260129  0.402  3.0  319.4  6.2  1.09  10.5  26.4
190220260130  0.398  3.1  318.8  6.2  1.14  15.0  26.4
190220260131  0.394  3.3  318.1  6.2  0.94  12.6  26.4
190220260132  0.391  3.5  317.6  6.2  1.13  10.9  26.4
190220260133  0.387  3.7  317.2  6.2  0.98  11.6  26.4
190220260134  0.385  3.9  316.0  6.2  0.97  11.4  26.4
190220260135  0.381  4.1  314.6  6.2  1.04  14.0  26.4
190220260136  0.378  4.3  313.6  6.2  0.99  13.6  26.4
190220260137  0.375  4.2  312.5  6.2  1.05  11.6  26.4
190220260138  0.371  4.3  313.0  6.5  1.02  14.2  26.4
190220260139  0.367  4.4  314.2  6.5  0.95  10.0  26.4
190220260140  0.364  4.5  314.1  6.5  1.04  10.6  26.4
190220260141  0.360  4.5  314.1  6.5  1.05  9.3  26.4
190220260142  0.356  4.4  314.0  6.5  1.01  11.2  26.4
190220260143  0.351  4.4  314.7  6.5  0.90  11.4  26.4
190220260144  0.349  4.4  314.9  6.5  0.89  10.6  26.4
190220260145  0.344  4.4  315.6  6.5  0.96  8.5  26.4
190220260146  0.340  4.2  315.1  6.5  0.97  9.7  26.4
190220260147  0.336  4.1  314.9  6.5  0.97  9.7  26.4
190220260148  0.331  4.0  314.5  5.9  1.07  12.0  26.4
190220260149  0.327  3.9  315.0  5.9  1.00  9.9  26.4
190220260150  0.322  3.8  315.3  5.9  1.02  11.2  26.4
190220260151  0.318  3.8  315.1  5.1  0.97  9.7  26.4
190220260152  0.313  3.7  313.8  4.9  1.03  10.5  26.4
190220260153  0.310  3.6  312.5  4.9  0.94  8.0  26.4
190220260154  0.306  3.6  311.9  4.9  0.94  7.0  26.4
190220260155  0.301  3.5  310.4  4.9  0.98  9.0  26.4
190220260156  0.297  3.5  309.4  4.9  1.03  7.7  26.4
190220260157  0.294  3.6  308.9  4.9  0.98  7.8  26.4
190220260158  0.289  3.7  310.2  5.1  0.94  11.0  26.4
190220260159  0.286  3.7  309.6  5.1  0.96  5.5  26.4
190220260200  0.281  3.7  308.9  5.1  1.02  10.2  26.4
190220260201  0.278  3.8  309.1  5.1  0.96  8.0  26.4
190220260202  0.274  3.9  310.2  5.4  1.01  11.2  26.4
190220260203  0.270  4.0  309.6  5.4  0.99  10.0  26.4
190220260204  0.267  4.1  308.7  5.4  1.01  12.0  26.4
190220260205  0.263  4.1  308.1  5.4  0.90  12.7  26.4
190220260206  0.260  4.1  308.0  5.4  0.87  10.0  26.4
190220260207  0.259  4.1  307.6  5.4  1.05  10.6  26.4
190220260208  0.256  4.2  306.7  5.4  1.04  11.7  26.4
190220260209  0.252  4.1  307.6  5.4  0.97  12.6  26.4
190220260210  0.249  4.0  308.9  5.4  1.01  12.3  26.4
190220260211  0.246  3.9  309.8  5.4  0.98  8.8  26.4
190220260212  0.243  3.8  310.7  5.1  0.97  11.4  26.4
190220260213  0.241  3.7  312.4  5.1  0.86  11.2  26.4
190220260214  0.237  3.7  314.2  5.1  1.01  9.7  26.4
190220260215  0.235  3.6  316.0  5.1  0.88  11.5  26.4
190220260216  0.232  3.6  317.1  5.1  0.93  8.3  26.4
190220260217  0.229  3.5  318.8  5.1  0.86  9.6  26.4
190220260218  0.226  3.4  319.8  5.1  1.05  13.9  26.4
190220260219  0.224  3.4  319.9  4.7  1.04  10.5  26.4
190220260220  0.221  3.3  320.7  4.7  0.90  10.9  26.4
190220260221  0.219  3.2  321.7  4.7  1.03  13.1  26.4
190220260222  0.216  3.1  322.8  4.7  1.03  9.5  26.4
190220260223  0.213  3.1  323.7  4.7  0.99  12.1  26.4
190220260224  0.211  3.1  325.4  4.7  0.91  10.4  26.4
190220260225  0.209  3.0  326.0  4.7  1.01  8.2  26.4
190220260226  0.208  3.0  326.3  4.4  0.86  11.8  26.4
190220260227  0.206  2.9  326.1  4.4  0.90  9.6  26.4
190220260228  0.203  2.9  326.4  4.2  0.90  12.1  26.4
190220260229  0.201  2.9  326.2  4.2  0.90  7.8  26.4
190220260230  0.200  2.8  325.8  4.2  0.86  9.4  26.4
190220260231  0.198  2.9  325.5  4.2  0.97  10.3  26.4
190220260232  0.196  2.9  325.8  4.2  0.85  9.5  26.4
190220260233  0.194  2.8  325.5  4.2  0.83  10.3  26.4
190220260234  0.192  2.8  325.2  3.6  0.89  13.5  26.4
190220260235  0.190  2.8  326.4  3.6  1.03  9.2  26.4
190220260236  0.189  2.8  326.4  3.7  1.02  8.3  26.4
190220260237  0.187  2.8  326.5  3.7  0.92  9.3  26.4
190220260238  0.186  2.9  326.5  3.8  0.89  8.9  26.4
190220260239  0.185  2.9  326.9  3.8  1.01  4.9  26.4
190220260240  0.185  3.0  326.2  3.8  0.94  10.4  26.4
190220260241  0.184  3.1  324.4  4.3  0.88  10.8  26.4
190220260242  0.184  3.3  321.6  5.8  0.86  8.2  26.4
190220260243  0.184  3.4  319.4  5.8  0.86  8.8  26.4
190220260244  0.184  3.7  318.3  6.3  0.84  5.1  26.4
190220260245  0.184  3.9  316.9  6.3  0.90  4.5  26.4
190220260246  0.184  4.1  316.9  6.3  0.84  6.4  26.4
190220260247  0.184  4.3  317.6  6.3  0.89  6.1  26.4
190220260248  0.185  4.4  317.1  6.3  0.80  4.0  26.4
190220260249  0.185  4.5  316.8  6.3  0.83  7.0  26.4
190220260250  0.184  4.7  316.9  6.3  0.87  6.5  26.4
190220260251  0.186  4.8  317.6  6.3  0.80  7.1  26.4
190220260252  0.185  4.7  318.2  6.3  0.81  7.2  26.4
190220260253  0.185  4.7  319.1  6.3  0.75  4.5  26.4
190220260254  0.186  4.6  318.6  6.2  0.78  7.4  26.4
190220260255  0.185  4.5  319.0  6.2  0.75  4.3  26.4
190220260256  0.183  4.3  319.0  6.2  0.76  1.6  26.5
190220260257  0.182  4.3  318.6  6.2  0.77  2.2  26.4
190220260258  0.182  4.4  318.6  6.2  0.85  5.7  26.4
190220260259  0.181  4.3  318.9  6.2  0.73  1.4  26.4
190220260300  0.180  4.2  318.7  6.2  0.78  4.6  26.4
190220260301  0.180  4.2  318.5  6.5  0.72  359.5  26.4
190220260302  0.179  4.3  318.7  6.5  0.77  2.4  26.4
190220260303  0.180  4.3  319.5  6.5  0.66  3.9  26.4
190220260304  0.178  4.3  320.7  6.5  0.80  5.7  26.4
190220260305  0.178  4.3  320.1  6.5  0.79  5.2  26.4
190220260306  0.177  4.4  320.9  6.5  0.68  0.3  26.4
190220260307  0.176  4.4  321.5  6.5  0.75  5.2  26.4
190220260308  0.175  4.3  322.9  6.5  0.75  3.2  26.4
190220260309  0.175  4.2  323.6  6.5  0.77  3.8  26.4
190220260310  0.175  4.2  324.6  6.5  0.84  3.5  26.4
190220260311  0.175  4.2  325.8  5.7  0.76  3.2  26.4
190220260312  0.175  4.2  327.0  5.7  0.79  2.7  26.4
190220260313  0.174  4.3  326.4  5.7  0.70  3.5  26.4
190220260314  0.174  4.4  325.9  5.7  0.73  5.3  26.5
190220260315  0.173  4.4  327.5  6.5  0.71  1.8  26.5
190220260316  0.172  4.4  327.6  6.5  0.76  5.0  26.5
190220260317  0.172  4.4  327.3  6.5  0.74  3.5  26.5
190220260318  0.172  4.4  327.0  6.5  0.69  5.0  26.5
190220260319  0.172  4.4  326.2  6.5  0.84  8.4  26.5
190220260320  0.172  4.4  324.3  6.5  0.74  1.5  26.5
190220260321  0.171  4.3  323.1  6.5  0.78  5.1  26.5
190220260322  0.171  4.1  322.1  6.5  0.76  4.1  26.5
190220260323  0.171  3.9  321.7  6.5  0.73  4.6  26.5
190220260324  0.171  3.9  321.2  6.5  0.60  358.1  26.5
190220260325  0.171  3.7  319.7  5.4  0.73  4.8  26.5
190220260326  0.171  3.7  318.6  5.4  0.74  5.8  26.5
190220260327  0.173  3.7  318.3  5.0  0.71  1.4  26.5
190220260328  0.174  3.6  319.0  5.0  0.80  4.6  26.5
190220260329  0.175  3.6  319.9  5.0  0.76  6.2  26.5
190220260330  0.176  3.6  321.6  5.0  0.75  5.3  26.5
190220260331  0.177  3.6  322.1  5.0  0.74  2.5  26.5
190220260332  0.178  3.8  322.8  5.0  0.67  3.4  26.5
190220260333  0.179  3.9  323.1  5.1  0.71  5.3  26.5
190220260334  0.180  3.9  324.4  5.1  0.66  2.7  26.5
190220260335  0.182  4.0  325.2  5.1  0.70  4.2  26.5
190220260336  0.184  4.1  326.2  5.6  0.77  4.9  26.5
190220260337  0.186  4.1  326.5  5.6  0.66  6.6  26.5
190220260338  0.189  4.2  326.8  5.9  0.73  8.2  26.5
190220260339  0.191  4.5  327.1  6.6  0.64  4.1  26.5
190220260340  0.194  4.6  327.9  6.6  0.63  3.1  26.5
190220260341  0.196  4.8  328.7  6.6  0.72  2.4  26.5
190220260342  0.198  4.9  329.4  6.7  0.67  3.3  26.5
190220260343  0.200  5.0  329.9  6.7  0.77  3.4  26.5
190220260344  0.204  5.2  329.9  6.7  0.58  357.8  26.5
190220260345  0.207  5.3  329.8  6.7  0.56  356.4  26.5
190220260346  0.210  5.1  329.0  6.7  0.54  1.0  26.5
190220260347  0.213  5.0  328.0  6.7  0.52  1.4  26.5
190220260348  0.216  4.9  326.5  6.7  0.53  356.4  26.5
190220260349  0.219  4.7  325.3  6.7  0.46  359.1  26.5
190220260350  0.222  4.6  324.4  6.7  0.44  352.1  26.5
190220260351  0.226  4.5  324.0  6.7  0.47  355.7  26.5
190220260352  0.229  4.2  323.2  6.3  0.58  3.3  26.5
190220260353  0.233  4.1  323.4  5.7  0.46  6.2  26.5
190220260354  0.237  4.1  324.0  6.9  0.57  358.0  26.5
190220260355  0.239  4.1  323.6  6.9  0.44  355.6  26.5
190220260356  0.244  4.2  324.7  6.9  0.32  352.4  26.5
190220260357  0.247  4.4  327.3  6.9  0.34  358.4  26.5
190220260358  0.251  4.6  328.9  6.9  0.40  359.8  26.5
190220260359  0.255  4.7  329.6  6.9  0.27  349.6  26.5
190220260400  0.260  4.8  329.9  6.9  0.43  358.4  26.5
190220260401  0.263  5.1  329.5  6.9  0.34  1.5  26.5
190220260402  0.268  5.2  329.2  6.9  0.42  2.6  26.5
190220260403  0.272  5.3  329.1  6.9  0.29  350.9  26.5
190220260404  0.277  5.3  328.4  6.7  0.36  354.7  26.5
190220260405  0.281  5.3  328.5  6.7  0.31  353.8  26.5
190220260406  0.285  5.3  328.8  6.7  0.37  351.1  26.5
190220260407  0.288  5.2  327.6  6.1  0.26  345.0  26.5
190220260408  0.293  5.0  326.5  6.1  0.24  341.0  26.5
190220260409  0.298  4.9  326.0  6.1  0.18  1.8  26.5
190220260410  0.303  4.7  325.7  6.1  0.14  335.5  26.5
190220260411  0.306  4.6  325.5  5.9  0.13  336.5  26.5
190220260412  0.311  4.4  325.6  5.9  0.11  11.0  26.5
190220260413  0.315  4.3  324.5  5.9  0.22  345.5  26.5
190220260414  0.319  4.2  324.5  5.9  0.08  336.3  26.5
190220260415  0.324  4.2  324.5  5.9  0.18  354.5  26.5
190220260416  0.328  4.1  323.2  5.2  0.08  4.6  26.5
190220260417  0.333  4.1  323.1  5.0  nan  nan  nan
190220260418  0.338  4.1  323.7  5.0  0.07  263.1  26.5
190220260419  0.342  4.1  324.4  5.0  0.07  315.0  26.5
190220260420  0.346  4.0  325.0  5.0  0.05  346.5  26.5
190220260421  0.351  4.0  325.1  5.0  0.11  1.2  26.5
190220260422  0.356  3.9  325.1  5.0  0.06  295.9  26.5
190220260423  0.360  3.8  325.6  5.0  0.11  336.3  26.5
190220260424  0.364  3.8  326.2  5.0  0.05  22.5  26.5
190220260425  0.370  3.8  326.1  5.0  0.09  346.8  26.5
190220260426  0.373  3.7  326.8  5.0  0.13  322.0  26.5
190220260427  0.377  3.6  326.7  5.0  0.13  242.4  26.5
190220260428  0.381  3.5  325.8  4.8  0.17  210.5  26.5
190220260429  0.384  3.5  323.8  4.9  0.14  236.7  26.4
190220260430  0.388  3.6  321.8  6.0  0.19  218.7  26.4
190220260431  0.393  3.7  320.6  6.0  0.15  214.6  26.4
190220260432  0.396  3.9  319.7  6.0  0.20  217.8  26.4
190220260433  0.400  4.0  319.2  6.0  0.15  217.2  26.4
190220260434  0.405  4.1  318.2  6.5  0.14  215.5  26.4
190220260435  0.410  4.3  317.7  6.6  0.34  201.6  26.4
190220260436  0.413  4.4  317.6  6.6  0.26  208.0  26.4
190220260437  0.420  4.6  317.3  6.6  0.30  209.1  26.4
190220260438  0.425  4.6  317.7  6.6  0.22  207.8  26.4
190220260439  0.430  4.6  318.6  6.6  0.36  200.4  26.4
190220260440  0.434  4.6  319.6  6.6  0.35  194.4  26.4
190220260441  0.438  4.7  319.8  6.6  0.39  185.7  26.4
190220260442  0.441  4.8  320.5  6.6  0.23  181.6  26.4
190220260443  0.445  4.8  321.0  6.6  0.36  192.8  26.4
190220260444  0.450  4.8  321.1  6.6  0.37  187.6  26.4
190220260445  0.453  4.7  322.6  6.3  0.34  183.4  26.4
190220260446  0.458  4.7  322.9  6.3  0.23  187.1  26.4
190220260447  0.462  4.7  323.4  6.3  0.31  188.9  26.4
190220260448  0.466  4.8  324.5  6.3  0.21  187.9  26.4
190220260449  0.471  4.8  325.2  6.3  0.24  171.9  26.4
190220260450  0.476  4.8  325.1  6.3  0.30  187.0  26.4
190220260451  0.480  4.6  326.0  6.3  0.17  201.4  26.4
190220260452  0.485  4.5  326.2  6.3  0.30  185.9  26.4
190220260453  0.488  4.3  326.5  6.3  0.28  177.7  26.4
190220260454  0.494  4.1  326.8  6.3  0.21  188.4  26.4
190220260455  0.500  4.0  326.6  5.5  0.22  178.0  26.4
190220260456  0.506  3.9  327.1  5.5  0.24  183.4  26.4
190220260457  0.511  3.8  326.7  5.3  0.27  187.9  26.4
190220260458  0.516  3.7  326.5  4.9  0.29  195.3  26.4
190220260459  0.521  3.5  327.3  4.6  0.24  188.2  26.4
190220260500  0.526  3.5  329.3  4.5  0.21  202.1  26.4
190220260501  0.531  3.5  329.7  4.5  0.17  188.1  26.4
190220260502  0.535  3.4  331.2  4.5  0.25  180.5  26.4
190220260503  0.540  3.6  333.4  5.7  0.33  189.7  26.4
190220260504  0.545  3.8  335.9  6.8  0.25  189.1  26.4
190220260505  0.550  4.1  336.7  6.8  0.33  194.0  26.4
190220260506  0.554  4.2  337.8  6.8  0.35  187.4  26.4
190220260507  0.561  4.5  340.3  8.0  0.37  193.0  26.4
190220260508  0.566  4.9  341.0  8.3  0.36  190.9  26.4
190220260509  0.571  5.2  341.2  8.3  0.35  190.6  26.4
190220260510  0.577  5.4  342.1  8.3  0.38  193.2  26.4
190220260511  0.582  5.7  342.9  8.3  0.37  188.2  26.4
190220260512  0.587  6.1  343.3  8.3  0.45  188.5  26.4
190220260513  0.592  6.2  344.1  8.3  0.49  186.2  26.4
190220260514  0.596  6.2  344.6  8.3  0.53  182.2  26.4
190220260515  0.600  6.2  345.3  8.3  0.44  182.6  26.4
190220260516  0.604  6.2  346.1  8.3  0.36  174.5  26.4
190220260517  0.609  6.2  346.5  8.3  0.40  176.2  26.4
190220260518  0.614  6.0  346.9  8.2  0.41  171.1  26.3
190220260519  0.619  5.9  347.4  8.2  0.37  169.8  26.3
190220260520  0.624  5.8  346.8  8.2  0.47  179.0  26.3
190220260521  0.629  5.6  347.0  8.2  0.31  172.1  26.3
190220260522  0.633  5.4  346.8  7.1  0.37  179.4  26.3
190220260523  0.638  5.2  345.8  7.1  0.42  175.0  26.3
190220260524  0.643  5.1  344.8  6.5  0.27  174.7  26.3
190220260525  0.648  5.0  344.4  6.4  0.39  181.6  26.3
190220260526  0.653  5.1  343.9  6.4  0.35  177.6  26.3
190220260527  0.659  5.0  343.7  6.4  0.36  177.9  26.3
190220260528  0.664  5.0  343.6  6.4  0.33  176.2  26.3
190220260529  0.670  5.0  342.8  6.4  0.48  175.6  26.3
190220260530  0.675  5.2  342.2  6.4  0.56  171.5  26.3
190220260531  0.681  5.2  341.6  6.4  0.63  176.0  26.3
190220260532  0.686  5.0  340.4  6.4  0.62  172.1  26.3
190220260533  0.692  5.0  339.6  6.4  0.58  168.9  26.3
190220260534  0.698  4.8  339.0  6.4  0.55  172.8  26.3
190220260535  0.705  4.6  338.2  6.4  0.66  173.9  26.3
190220260536  0.712  4.4  337.2  6.4  0.69  171.6  26.3
190220260537  0.718  4.3  336.0  6.3  0.64  167.4  26.3
190220260538  0.725  4.3  335.5  6.3  0.60  161.6  26.3
190220260539  0.732  4.2  335.2  6.3  0.63  166.1  26.3
190220260540  0.739  4.1  335.5  5.8  0.75  170.4  26.3
190220260541  0.744  4.1  336.6  5.6  0.81  175.6  26.3
190220260542  0.751  4.2  339.2  5.7  0.85  167.8  26.3
190220260543  0.758  4.3  341.1  5.7  0.96  169.8  26.3
190220260544  0.764  4.5  342.7  5.7  0.94  171.0  26.3
190220260545  0.770  4.8  344.0  6.4  0.95  171.2  26.3
190220260546  0.778  5.0  345.7  6.6  0.94  168.8  26.3
190220260547  0.783  5.1  346.9  6.6  0.80  167.9  26.3
190220260548  0.790  5.3  347.3  6.7  0.75  168.5  26.3
190220260549  0.796  5.4  348.3  7.0  0.96  170.2  26.3
190220260550  0.802  5.6  349.1  7.0  0.90  170.7  26.3
190220260551  0.807  5.8  349.6  7.0  0.90  172.8  26.3
190220260552  0.814  6.0  349.3  7.0  0.92  170.9  26.3
190220260553  0.821  6.0  348.9  7.0  0.93  170.9  26.3
190220260554  0.828  6.1  348.6  7.0  1.08  171.6  26.3
190220260555  0.835  6.1  347.9  7.0  0.90  169.1  26.3
190220260556  0.841  6.1  346.6  7.2  0.90  169.3  26.3
190220260557  0.848  5.9  345.3  7.2  1.01  167.5  26.3
190220260558  0.855  5.8  344.0  7.2  0.98  169.9  26.3
190220260559  0.863  5.8  342.9  7.2  1.00  167.5  26.3
190220260600  0.869  5.8  341.6  7.9  1.08  170.5  26.3
190220260601  0.876  5.8  340.0  7.9  1.01  171.1  26.3
190220260602  0.883  5.9  339.5  7.9  1.06  170.3  26.3
190220260603  0.889  5.9  339.6  7.9  1.06  172.3  26.3
190220260604  0.897  6.0  339.4  7.9  0.98  168.8  26.3
190220260605  0.904  6.0  339.8  7.9  1.01  170.7  26.3
190220260606  0.911  6.2  340.7  7.9  1.08  169.1  26.3
190220260607  0.918  6.4  341.7  7.9  1.05  167.6  26.3
190220260608  0.925  6.6  342.6  7.9  1.13  171.8  26.3
190220260609  0.931  6.7  342.9  7.9  1.01  170.0  26.3
190220260610  0.938  6.7  343.0  7.6  1.05  170.3  26.3
190220260611  0.945  6.7  343.2  7.6  1.12  172.8  26.3
190220260612  0.951  6.7  343.2  8.0  1.07  173.6  26.3
190220260613  0.956  6.8  342.7  8.0  1.08  173.2  26.3
190220260614  0.963  6.9  343.0  8.4  1.00  172.8  26.3
190220260615  0.969  7.0  343.3  8.4  1.06  177.2  26.3
190220260616  0.975  7.1  343.6  9.1  0.97  174.0  26.3
190220260617  0.981  7.2  343.7  9.1  1.00  172.6  26.3
190220260618  0.988  7.3  343.7  9.1  0.81  177.1  26.3
190220260619  0.993  7.5  344.2  9.5  0.94  175.1  26.3
190220260620  0.999  7.7  345.2  10.2  0.96  177.6  26.3
190220260621  1.004  8.0  345.0  11.2  1.02  174.6  26.3
190220260622  1.009  8.2  345.1  11.2  1.01  177.2  26.3
190220260623  1.016  8.4  344.3  11.2  1.05  175.5  26.3
190220260624  1.021  8.5  343.7  11.2  1.09  173.5  26.3
190220260625  1.027  8.8  342.5  11.4  1.11  175.6  26.3
190220260626  1.032  8.9  341.2  11.4  1.16  176.1  26.3
190220260627  1.039  9.1  340.0  11.4  1.16  176.4  26.3
190220260628  1.044  9.1  339.4  11.4  1.00  176.3  26.3
190220260629  1.050  9.3  338.3  11.4  1.13  175.8  26.3
190220260630  1.055  9.1  336.8  11.4  1.05  176.9  26.3
190220260631  1.060  9.1  336.7  11.4  1.07  175.4  26.3
190220260632  1.065  8.9  336.0  11.4  1.09  178.6  26.3
190220260633  1.070  8.8  335.9  11.4  1.02  177.2  26.3
190220260634  1.075  8.8  335.7  11.4  0.96  175.4  26.3
190220260635  1.081  8.6  336.0  11.0  0.98  177.3  26.3
190220260636  1.086  8.6  336.2  11.4  1.08  176.6  26.3
190220260637  1.093  8.5  337.0  11.4  1.04  182.2  26.3
190220260638  1.097  8.6  337.4  11.4  1.05  178.8  26.3
190220260639  1.104  8.4  337.3  11.4  0.98  181.2  26.3
190220260640  1.108  8.5  337.6  11.4  1.07  180.4  26.3
190220260641  1.114  8.5  337.4  11.4  1.01  179.4  26.3
190220260642  1.119  8.4  336.8  11.4  0.94  176.9  26.2
190220260643  1.123  8.2  336.9  11.4  0.92  176.6  26.2
190220260644  1.128  8.1  337.1  11.4  1.02  177.7  26.2
190220260645  1.134  7.6  336.4  11.4  0.97  176.7  26.2
190220260646  1.139  7.2  335.8  10.7  0.95  175.3  26.2
190220260647  1.145  6.9  334.5  10.7  0.97  179.8  26.2
190220260648  1.151  6.6  333.9  9.6  1.09  183.1  26.2
190220260649  1.156  6.3  334.5  9.1  0.96  179.7  26.2
190220260650  1.161  6.2  335.2  8.8  1.06  179.9  26.2
190220260651  1.166  6.3  335.7  9.0  0.78  177.6  26.2
190220260652  1.169  6.3  335.7  9.0  1.04  178.2  26.2
190220260653  1.175  6.4  335.9  9.0  1.00  180.6  26.2
190220260654  1.180  6.3  335.8  9.0  1.01  181.0  26.2
190220260655  1.187  6.5  335.8  9.0  1.03  180.6  26.2
190220260656  1.193  6.5  336.3  9.0  0.93  180.0  26.2
190220260657  1.200  6.6  337.1  9.0  0.91  182.6  26.2
190220260658  1.205  6.7  337.7  9.0  0.86  179.5  26.2
190220260659  1.211  6.8  337.7  9.0  0.81  183.4  26.2
190220260700  1.217  6.7  337.1  9.0  0.81  184.5  26.2
190220260701  1.222  6.7  336.6  9.6  0.81  179.7  26.2
190220260702  1.228  6.7  336.2  9.6  0.88  178.3  26.2
190220260703  1.235  6.9  336.2  10.4  0.96  175.7  26.1
190220260704  1.241  7.3  336.6  10.4  0.99  177.0  26.1
190220260705  1.246  7.3  337.5  10.4  1.02  178.1  26.1
190220260706  1.253  7.4  337.5  10.4  0.95  175.8  26.1
190220260707  1.259  7.3  338.2  10.4  0.87  179.0  26.1
190220260708  1.265  7.4  337.5  10.4  0.98  178.9  26.1
190220260709  1.272  7.5  337.9  10.4  0.89  182.0  26.1
190220260710  1.276  7.5  338.8  10.4  0.99  182.3  26.1
190220260711  1.282  7.4  338.6  10.4  0.95  183.0  26.1
190220260712  1.289  7.4  340.8  10.4  1.02  180.4  26.1
190220260713  1.295  7.4  342.0  9.7  1.03  181.1  26.1
190220260714  1.302  7.3  342.3  9.7  1.06  179.3  26.1
190220260715  1.308  7.4  342.9  9.7  1.02  180.9  26.1
190220260716  1.315  7.5  343.1  9.7  0.93  176.1  26.1
190220260717  1.321  7.7  342.7  10.3  1.02  181.1  26.1
190220260718  1.329  7.9  343.7  10.3  0.99  174.0  26.1
190220260719  1.336  8.0  343.6  10.3  1.13  177.2  26.1
190220260720  1.341  8.2  343.2  10.3  0.98  177.3  26.1
190220260721  1.348  8.3  343.6  10.3  1.20  176.0  26.1
190220260722  1.354  8.3  343.0  10.3  0.98  177.6  26.1
190220260723  1.360  8.4  343.0  10.3  1.08  175.3  26.1
190220260724  1.367  8.6  343.3  10.3  0.90  174.2  26.1
190220260725  1.373  8.8  343.2  10.3  0.90  175.2  26.1
190220260726  1.379  8.9  343.6  10.9  0.85  176.1  26.1
190220260727  1.384  8.9  343.9  10.9  0.96  174.3  26.1
190220260728  1.391  9.0  343.9  10.9  0.92  177.7  26.1
190220260729  1.397  9.1  344.6  10.9  1.03  175.6  26.1
190220260730  1.405  9.1  345.0  10.9  0.89  175.3  26.1
190220260731  1.411  9.0  345.4  10.9  1.00  175.3  26.1
190220260732  1.417  9.0  345.7  10.9  0.78  179.9  26.1
190220260733  1.425  8.9  346.1  10.9  1.02  178.1  26.1
190220260734  1.430  8.9  345.7  10.9  0.92  172.3  26.1
190220260735  1.436  8.7  345.8  10.9  0.98  174.1  26.1
190220260736  1.442  8.6  346.3  10.5  1.01  173.0  26.1
190220260737  1.447  8.6  346.9  10.3  0.96  169.0  26.1
190220260738  1.453  8.6  346.9  9.8  0.82  172.4  26.1
190220260739  1.459  8.6  346.3  9.8  0.90  171.0  26.1
190220260740  1.464  8.6  346.3  9.8  0.88  170.6  26.1
190220260741  1.469  8.6  346.3  9.8  0.81  173.1  26.1
190220260742  1.474  8.8  346.3  9.8  0.95  170.6  26.1
190220260743  1.479  8.7  346.0  9.8  0.85  169.6  26.1
190220260744  1.483  8.6  346.5  9.7  0.90  171.1  26.1
190220260745  1.489  8.6  346.4  9.7  0.85  168.4  26.1
190220260746  1.494  8.6  346.0  9.8  0.87  169.6  26.1
190220260747  1.499  8.4  345.1  9.8  0.86  171.9  26.1
190220260748  1.502  8.4  345.2  9.8  0.85  169.9  26.1
190220260749  1.507  8.4  345.6  9.8  0.98  170.6  26.1
190220260750  1.510  8.4  345.8  9.8  0.99  169.5  26.1
190220260751  1.514  8.4  345.8  9.8  0.88  165.8  26.1
190220260752  1.518  8.4  345.8  9.8  0.95  171.2  26.1
190220260753  1.521  8.4  346.1  9.8  0.70  172.5  26.1
190220260754  1.524  8.4  346.3  9.8  0.79  170.0  26.1
190220260755  1.527  8.4  346.4  9.8  0.98  167.0  26.1
190220260756  1.531  8.4  346.5  9.7  1.04  170.4  26.1
190220260757  1.534  8.4  347.3  9.7  1.03  172.4  26.1
190220260758  1.537  8.3  347.6  9.7  0.80  168.3  26.1
190220260759  1.541  8.2  347.8  9.7  1.09  171.3  26.1
190220260800  1.544  8.2  348.4  9.7  0.73  166.1  26.1
190220260801  1.547  8.1  349.7  9.7  0.96  170.1  26.1
190220260802  1.549  8.0  350.6  9.7  0.86  171.4  26.1
190220260803  1.553  7.9  350.9  9.3  0.83  170.8  26.0
190220260804  1.556  7.9  351.5  9.3  0.78  173.1  26.0
190220260805  1.560  7.8  352.1  9.3  0.45  168.3  26.0
190220260806  1.563  7.8  352.8  9.1  0.69  169.7  26.0
190220260807  1.567  7.8  353.0  9.1  0.84  168.4  26.0
190220260808  1.570  7.7  353.2  9.1  0.90  172.4  26.0
190220260809  1.575  7.7  354.0  9.1  0.88  172.3  26.0
190220260810  1.578  7.7  354.0  9.0  0.88  174.5  26.0
190220260811  1.581  7.7  353.7  8.6  0.90  171.2  26.0
190220260812  1.585  7.7  354.4  8.6  0.92  168.9  26.0
190220260813  1.587  7.7  355.1  8.6  0.83  169.9  26.0
190220260814  1.591  7.7  355.0  8.9  0.76  170.3  26.0
190220260815  1.592  7.7  355.4  8.9  0.83  176.4  26.0
190220260816  1.595  7.8  355.8  9.4  0.86  170.5  26.0
190220260817  1.598  7.9  355.8  9.4  0.83  168.5  26.0
190220260818  1.601  8.1  356.5  9.9  0.72  172.7  26.0
190220260819  1.604  8.2  356.7  9.9  0.86  174.1  26.0
190220260820  1.608  8.2  357.0  9.9  0.92  173.6  26.0
190220260821  1.611  8.4  357.5  9.9  0.83  177.0  26.0
190220260822  1.615  8.5  357.0  10.3  0.58  185.0  26.0
190220260823  1.617  8.6  357.9  11.1  0.81  177.0  26.0
190220260824  1.621  8.7  357.2  11.1  0.81  184.9  26.0
190220260825  1.624  8.8  357.4  11.1  0.83  184.1  26.0
190220260826  1.626  8.8  357.2  11.1  0.84  181.5  26.0
190220260827  1.630  8.6  357.2  11.1  0.83  190.4  26.0
190220260828  1.633  8.3  355.6  11.1  0.84  178.3  26.0
190220260829  1.635  8.2  354.1  11.1  0.76  174.1  26.0
190220260830  1.640  8.2  351.2  11.1  0.91  179.5  26.0
190220260831  1.642  8.0  348.7  11.1  0.89  178.8  26.0
190220260832  1.645  7.9  346.2  11.1  0.83  182.5  26.0
190220260833  1.649  7.7  343.3  10.2  0.91  182.1  26.0
190220260834  1.650  7.5  342.9  10.2  0.92  181.8  26.0
190220260835  1.654  7.3  340.3  10.2  0.84  184.3  26.0
190220260836  1.657  7.2  338.6  10.2  0.84  179.9  26.0
190220260837  1.660  7.2  339.0  10.2  0.93  181.6  26.0
190220260838  1.664  7.4  340.5  10.3  0.73  180.1  26.0
190220260839  1.667  7.1  339.1  10.3  0.69  179.0  26.0
190220260840  1.670  6.8  340.0  10.3  0.78  184.0  26.0
190220260841  1.673  6.8  340.3  10.3  0.51  168.3  26.0
190220260842  1.676  6.7  341.1  10.3  0.71  179.6  26.0
190220260843  1.680  6.8  342.1  10.3  0.71  187.2  26.0
190220260844  1.682  7.0  341.5  10.3  0.74  185.9  26.0
190220260845  1.686  7.2  342.9  10.3  0.77  190.6  25.9
190220260846  1.689  7.3  343.7  10.3  0.58  182.0  25.9
190220260847  1.692  7.4  343.6  10.3  0.77  187.7  25.9
190220260848  1.695  7.4  344.1  10.2  0.56  182.7  25.9
190220260849  1.698  7.8  347.7  10.2  0.69  183.4  25.9
190220260850  1.702  8.0  349.2  10.2  0.69  177.9  25.9
190220260851  1.707  8.1  351.3  10.2  0.70  178.8  25.9
190220260852  1.710  8.1  352.5  10.2  0.61  173.5  25.9
190220260853  1.713  8.2  353.1  10.2  0.58  184.8  25.9
190220260854  1.714  8.0  355.4  10.2  0.72  181.6  25.9
190220260855  1.717  7.9  356.6  10.2  0.93  180.8  25.9
190220260856  1.720  8.0  357.5  10.2  0.68  178.0  25.9
190220260857  1.723  8.2  357.8  10.2  0.65  180.8  25.9
190220260858  1.726  8.0  358.6  10.0  0.66  185.6  25.9
190220260859  1.730  7.9  358.2  10.0  0.76  183.4  25.9
190220260900  1.731  7.9  358.2  10.0  0.57  186.7  25.9
190220260901  1.733  7.9  359.0  10.0  0.36  189.4  25.9
190220260902  1.736  8.0  359.6  10.0  0.57  173.7  25.9
190220260903  1.738  7.9  0.1  10.0  0.45  199.1  25.9
190220260904  1.739  7.9  0.5  10.0  0.60  183.1  25.9
190220260905  1.740  8.0  0.9  10.0  0.79  180.6  25.9
190220260906  1.742  7.9  1.2  9.7  0.61  183.1  25.9
190220260907  1.743  7.8  1.5  9.2  0.76  183.1  25.9
190220260908  1.744  7.6  1.1  9.2  0.58  180.3  25.9
190220260909  1.743  7.6  0.5  9.2  0.64  181.1  25.9
190220260910  1.745  7.7  0.6  9.3  0.44  179.4  25.9
190220260911  1.746  7.6  0.2  9.3  0.81  178.6  25.9
190220260912  1.746  7.5  0.7  9.3  0.62  174.1  25.9
190220260913  1.747  7.4  0.6  9.3  0.52  176.7  25.9
190220260914  1.747  7.3  0.4  9.3  0.53  181.4  25.9
190220260915  1.746  7.2  359.9  9.3  0.63  177.4  25.9
190220260916  1.748  7.0  359.5  9.3  0.46  171.4  25.9
190220260917  1.749  6.9  359.4  9.3  0.55  171.3  25.9
190220260918  1.748  6.9  359.5  9.3  0.58  183.7  25.9
190220260919  1.749  6.9  0.8  9.3  0.52  190.0  25.9
190220260920  1.749  6.7  2.3  7.9  0.40  189.7  25.9
190220260921  1.749  6.6  3.3  7.8  0.54  180.7  25.9
190220260922  1.749  6.6  3.4  7.8  0.55  186.1  25.9
190220260923  1.750  6.6  3.6  8.6  0.67  179.5  25.9
190220260924  1.749  6.7  4.0  8.9  0.66  179.8  25.9
190220260925  1.749  6.6  5.3  8.9  0.46  174.2  25.9
190220260926  1.749  6.7  6.4  8.9  0.58  179.6  25.9
190220260927  1.751  6.8  8.0  9.1  0.49  178.7  25.9
190220260928  1.750  6.9  8.8  9.1  0.68  174.5  25.9
190220260929  1.750  6.9  9.6  9.1  0.54  182.8  25.9
190220260930  1.749  7.0  9.4  9.1  0.35  166.3  25.9
190220260931  1.749  7.0  9.6  9.1  0.47  171.7  25.9
190220260932  1.748  7.0  9.6  9.1  0.23  170.7  25.9
190220260933  1.747  7.0  10.3  9.1  0.54  184.6  25.9
190220260934  1.746  6.9  10.8  9.1  0.43  175.0  25.9
190220260935  1.745  7.0  9.9  9.1  0.52  179.5  25.9
190220260936  1.743  7.1  9.1  9.1  0.48  172.7  25.9
190220260937  1.741  7.1  8.1  9.0  0.47  176.8  25.9
190220260938  1.740  7.2  8.0  9.2  0.49  174.3  25.9
190220260939  1.739  7.3  7.2  9.2  0.48  169.8  25.9
190220260940  1.738  7.3  7.2  9.2  0.50  173.9  25.9
190220260941  1.738  7.3  7.1  9.2  0.43  175.3  25.9
190220260942  1.737  7.5  7.5  9.2  0.44  191.8  25.9
190220260943  1.736  7.5  7.3  9.2  0.46  170.4  25.9
190220260944  1.735  7.5  7.7  9.2  0.43  168.6  25.9
190220260945  1.732  7.4  8.3  9.2  0.45  178.3  25.9
190220260946  1.732  7.4  8.7  9.2  0.37  193.3  25.8
190220260947  1.732  7.4  8.9  9.5  0.38  171.1  25.8
190220260948  1.731  7.5  8.7  9.5  0.31  184.2  25.8
190220260949  1.731  7.3  8.2  9.5  0.48  178.6  25.9
190220260950  1.731  7.3  7.8  9.5  0.38  165.0  25.9
190220260951  1.732  7.4  7.0  9.5  0.52  176.4  25.8
190220260952  1.731  7.4  5.4  9.5  0.52  173.0  25.8
190220260953  1.730  7.4  4.6  9.5  0.45  175.9  25.8
190220260954  1.729  7.6  3.2  9.5  0.53  169.3  25.8
190220260955  1.729  7.6  2.3  9.5  0.64  187.2  25.8
190220260956  1.727  7.5  1.6  9.5  0.52  168.2  25.8
190220260957  1.726  7.1  0.3  9.2  0.37  165.0  25.8
190220260958  nan  7.0  358.9  9.2  0.48  175.1  25.8
190220260959  nan  7.1  358.5  9.4  nan  nan  nan
