Southport
Station No. 100035 (tide) S16 (wind, current)
Date/Time ddmmyyyyHHMM
Water Level in m LAT
Wind Speed in Knots
Wind Direction in Degrees
Wind Gust in Knots
Barometric Pressure in hPa
Water Speed in Knots
Water Direction in Degrees
Data_last_updated 25-02-2026 10:00
180220261001  1.707  8.0  5.3  10.0  0.29  179.7  25.2
180220261002  1.705  8.2  5.7  10.0  0.26  176.0  25.2
180220261003  1.702  8.3  5.4  10.3  0.26  165.7  25.2
180220261004  1.699  8.4  5.9  10.3  0.18  171.2  25.2
180220261005  1.695  8.5  7.0  10.3  0.14  167.9  25.2
180220261006  1.693  8.8  7.8  11.7  0.11  131.7  25.2
180220261007  1.689  8.9  9.1  11.7  0.34  179.6  25.2
180220261008  1.684  9.1  10.4  11.7  0.30  176.6  25.2
180220261009  1.681  9.3  10.2  11.7  0.26  185.2  25.2
180220261010  1.677  9.4  10.4  11.7  0.21  173.9  25.2
180220261011  1.673  9.4  10.6  11.7  0.03  287.1  25.2
180220261012  1.669  9.4  10.6  11.7  0.10  176.5  25.3
180220261013  1.664  9.4  11.1  11.7  0.12  162.6  25.3
180220261014  1.658  9.2  11.1  11.7  0.13  168.5  25.3
180220261015  1.654  8.9  10.6  11.7  0.15  181.9  25.3
180220261016  1.650  8.5  10.3  11.6  0.15  162.8  25.3
180220261017  1.645  8.2  9.5  11.6  0.11  163.9  25.3
180220261018  1.641  7.9  7.8  11.6  0.09  133.7  25.3
180220261019  1.637  7.7  7.3  11.0  0.09  173.2  25.3
180220261020  1.633  7.6  6.8  10.1  0.19  176.8  25.3
180220261021  1.631  7.5  7.0  10.1  0.13  179.7  25.3
180220261022  1.629  7.6  6.9  10.7  0.12  149.7  25.3
180220261023  1.624  7.7  6.5  10.8  0.15  157.3  25.3
180220261024  1.620  7.7  6.6  10.8  0.08  153.7  25.3
180220261025  1.616  8.0  7.0  10.8  0.11  152.9  25.3
180220261026  1.612  8.2  6.5  10.8  0.15  143.9  25.3
180220261027  1.609  8.4  5.0  10.8  0.04  30.9  25.3
180220261028  1.606  8.6  3.6  10.8  0.03  100.0  25.3
180220261029  1.603  8.6  2.6  10.8  0.03  135.5  25.3
180220261030  1.599  8.5  2.2  10.8  0.16  16.3  25.3
180220261031  1.595  8.6  1.6  10.8  0.07  6.6  25.3
180220261032  1.589  8.5  0.0  10.8  0.04  7.5  25.3
180220261033  1.584  8.4  358.7  9.9  0.22  18.8  25.3
180220261034  1.579  8.3  358.2  9.9  0.02  126.6  25.3
180220261035  1.576  8.3  357.6  9.9  0.08  332.9  25.3
180220261036  1.571  8.2  357.8  9.9  0.10  298.8  25.3
180220261037  1.566  8.0  358.9  9.9  0.07  13.4  25.3
180220261038  1.561  8.0  359.1  10.0  0.11  19.3  25.3
180220261039  1.556  8.3  359.7  11.3  0.06  341.1  25.3
180220261040  1.552  8.7  0.7  12.5  0.09  342.3  25.3
180220261041  1.547  8.7  0.9  12.5  0.17  4.7  25.3
180220261042  1.541  8.7  2.3  12.5  0.12  331.5  25.3
180220261043  1.536  8.8  3.7  12.5  0.12  347.5  25.3
180220261044  1.531  9.0  5.0  12.5  0.19  354.0  25.3
180220261045  1.525  9.3  6.3  12.5  0.23  344.7  25.3
180220261046  1.519  9.5  6.3  12.5  0.19  351.4  25.3
180220261047  1.513  9.7  6.8  12.5  0.19  338.3  25.3
180220261048  1.506  9.9  9.0  12.5  0.23  345.0  25.3
180220261049  1.500  9.8  10.0  12.5  0.21  341.3  25.4
180220261050  1.496  9.6  10.0  12.1  0.23  356.1  25.3
180220261051  1.491  9.4  9.4  12.1  0.36  354.3  25.3
180220261052  1.485  9.3  9.5  12.1  0.23  350.5  25.3
180220261053  1.481  9.3  9.5  12.1  0.32  358.8  25.3
180220261054  1.476  9.1  9.3  12.1  0.29  357.9  25.3
180220261055  1.471  8.8  9.3  11.3  0.48  7.2  25.3
180220261056  1.467  8.8  9.3  12.8  0.29  7.7  25.3
180220261057  1.463  8.9  9.3  12.8  0.35  12.6  25.3
180220261058  1.458  8.6  9.0  12.8  0.37  3.4  25.3
180220261059  1.454  8.3  9.8  12.8  0.30  19.0  25.3
180220261100  1.449  8.1  10.4  12.8  0.34  11.9  25.3
180220261101  1.445  7.8  11.0  12.8  0.41  18.4  25.3
180220261102  1.439  7.5  10.1  12.8  0.34  22.2  25.3
180220261103  1.436  7.3  8.4  12.8  0.47  6.2  25.3
180220261104  1.431  7.0  6.3  12.8  0.38  9.7  25.3
180220261105  1.427  6.8  3.5  12.8  0.46  10.5  25.3
180220261106  1.424  6.3  2.1  11.5  0.55  16.9  25.3
180220261107  1.420  5.8  0.5  8.7  0.43  6.4  25.3
180220261108  1.416  5.9  357.6  9.8  0.59  16.1  25.4
180220261109  1.412  6.0  358.3  10.3  0.54  13.7  25.4
180220261110  1.408  6.1  359.9  10.3  0.51  16.8  25.4
180220261111  1.405  6.3  2.6  10.3  0.65  17.0  25.4
180220261112  1.401  6.2  4.8  10.3  0.63  14.9  25.3
180220261113  1.396  6.3  8.0  10.3  0.64  16.5  25.4
180220261114  1.392  6.5  11.1  10.3  0.68  20.1  25.4
180220261115  1.387  6.7  14.0  10.3  0.58  20.1  25.4
180220261116  1.382  6.8  16.7  10.3  0.53  13.8  25.4
180220261117  1.377  7.1  18.7  10.4  0.47  9.8  25.4
180220261118  1.374  7.2  21.8  10.4  0.49  16.9  25.4
180220261119  1.370  7.1  22.5  10.4  0.61  13.3  25.4
180220261120  1.365  7.2  22.9  10.4  0.67  13.3  25.4
180220261121  1.359  7.3  24.2  10.4  0.59  24.7  25.3
180220261122  1.354  7.5  25.0  12.9  0.78  21.4  25.3
180220261123  1.348  7.5  26.9  12.9  0.67  22.2  25.3
180220261124  1.344  7.5  27.7  12.9  0.66  20.5  25.3
180220261125  1.339  7.7  30.2  12.9  0.60  20.4  25.3
180220261126  1.335  7.8  33.0  12.9  0.67  21.1  25.3
180220261127  1.330  7.9  35.9  12.9  0.60  22.4  25.3
180220261128  1.325  8.1  35.3  12.9  0.65  18.1  25.4
180220261129  1.319  8.2  33.8  12.9  0.90  13.5  25.4
180220261130  1.312  8.3  33.4  12.9  0.67  16.4  25.4
180220261131  1.307  8.4  33.2  12.9  0.66  18.5  25.4
180220261132  1.301  8.6  34.4  11.7  0.68  9.0  25.4
180220261133  1.297  8.7  34.1  13.5  0.59  15.3  25.4
180220261134  1.292  9.1  34.8  14.5  0.75  15.7  25.4
180220261135  1.286  9.2  34.3  14.5  0.78  14.2  25.4
180220261136  1.281  9.2  33.4  14.5  0.79  16.5  25.4
180220261137  1.278  9.3  33.8  14.5  0.77  10.1  25.4
180220261138  1.274  9.4  35.5  14.5  0.80  17.0  25.4
180220261139  1.269  9.5  38.1  14.5  0.69  13.9  25.4
180220261140  1.265  9.6  40.3  14.5  0.78  8.4  25.4
180220261141  1.261  9.8  40.8  14.5  0.72  13.9  25.4
180220261142  1.256  9.9  39.5  14.5  0.72  19.7  25.4
180220261143  1.251  10.0  38.7  14.7  0.72  6.3  25.5
180220261144  1.247  9.8  39.3  14.7  0.73  10.9  25.5
180220261145  1.243  9.8  40.5  14.7  0.84  11.3  25.6
180220261146  1.237  10.1  39.9  14.7  0.76  7.1  25.6
180220261147  1.233  10.2  39.4  14.7  0.78  11.3  25.6
180220261148  1.228  10.4  40.2  14.7  0.87  13.3  25.6
180220261149  1.224  10.5  40.0  14.7  0.83  13.2  25.6
180220261150  1.218  10.5  39.5  14.7  0.81  14.7  25.6
180220261151  1.214  10.6  38.6  14.7  0.83  15.1  25.6
180220261152  1.207  10.6  39.3  14.7  0.83  10.0  25.6
180220261153  1.202  10.5  39.5  14.3  0.93  11.2  25.6
180220261154  1.196  10.6  38.5  14.3  0.91  9.5  25.6
180220261155  1.190  10.5  37.0  14.3  0.99  12.0  25.6
180220261156  1.184  10.7  35.8  16.3  0.93  13.7  25.6
180220261157  1.178  10.8  34.6  16.3  0.88  9.9  25.6
180220261158  1.171  10.6  32.9  16.3  0.83  10.3  25.6
180220261159  1.165  10.6  32.9  16.3  0.94  11.2  25.6
180220261200  1.157  10.7  32.2  16.3  0.82  6.2  25.6
180220261201  1.152  10.5  32.0  16.3  0.92  4.3  25.6
180220261202  1.145  10.4  31.1  16.3  0.99  7.2  25.6
180220261203  1.138  10.3  31.2  16.3  0.99  10.0  25.6
180220261204  1.130  10.2  31.1  16.3  0.97  12.3  25.6
180220261205  1.125  10.2  30.8  16.3  0.96  8.3  25.6
180220261206  1.119  9.9  31.4  15.5  1.08  8.8  25.6
180220261207  1.113  9.6  30.9  13.6  0.96  9.2  25.6
180220261208  1.105  9.8  30.4  14.1  0.94  10.5  25.6
180220261209  1.099  9.9  30.1  14.1  1.07  9.1  25.6
180220261210  1.093  10.0  30.7  14.1  1.01  9.0  25.6
180220261211  1.086  10.2  31.9  14.1  0.97  10.0  25.6
180220261212  1.080  10.1  32.8  14.1  0.95  8.9  25.6
180220261213  1.073  10.3  33.6  14.1  0.90  9.5  25.6
180220261214  1.066  10.4  34.2  14.1  1.00  6.9  25.6
180220261215  1.060  11.0  35.0  15.9  1.11  8.5  25.6
180220261216  1.055  11.1  34.9  15.9  0.96  10.7  25.6
180220261217  1.050  11.4  35.1  15.9  1.10  9.1  25.6
180220261218  1.044  11.3  35.6  15.9  1.13  13.3  25.6
180220261219  1.040  11.3  35.2  15.9  1.08  13.6  25.6
180220261220  1.033  11.0  34.3  15.9  1.08  14.1  25.7
180220261221  1.028  10.6  33.8  15.9  1.04  12.5  25.7
180220261222  1.022  10.4  33.4  15.9  1.04  14.4  25.7
180220261223  1.016  10.4  34.6  15.9  1.12  14.1  25.7
180220261224  1.010  10.4  35.0  15.9  1.08  15.1  25.7
180220261225  1.003  10.0  34.8  15.5  0.99  16.5  25.7
180220261226  0.999  10.0  34.4  15.5  1.01  18.1  25.7
180220261227  0.993  9.6  34.9  15.5  1.15  14.3  25.7
180220261228  0.987  9.4  35.6  15.5  0.97  16.2  25.7
180220261229  0.981  9.3  36.0  15.5  1.04  15.3  25.7
180220261230  0.975  9.4  36.5  15.5  1.04  17.0  25.7
180220261231  0.969  9.6  36.0  15.5  1.12  14.3  25.7
180220261232  0.964  9.7  35.3  15.5  1.04  13.3  25.7
180220261233  0.959  9.8  32.9  15.5  1.01  19.2  25.7
180220261234  0.953  9.8  32.5  15.5  1.10  15.0  25.7
180220261235  0.947  10.1  32.2  17.4  1.03  14.3  25.7
180220261236  0.942  10.0  32.7  17.4  1.10  15.7  25.7
180220261237  0.936  10.3  32.9  17.4  1.12  14.3  25.8
180220261238  0.931  10.4  33.7  17.4  1.03  14.3  25.8
180220261239  0.925  10.4  33.1  17.4  1.10  12.6  25.8
180220261240  0.919  10.5  33.3  17.4  1.03  15.8  25.8
180220261241  0.912  10.6  33.5  17.4  1.10  15.0  25.8
180220261242  0.908  11.1  34.2  17.4  1.06  19.3  25.8
180220261243  0.901  11.0  35.1  17.4  0.98  15.7  25.8
180220261244  0.896  10.8  35.1  17.4  0.97  17.1  25.8
180220261245  0.891  10.3  34.7  16.9  0.94  20.0  25.8
180220261246  0.884  10.6  34.6  16.9  0.92  19.6  25.8
180220261247  0.880  10.6  33.7  16.9  0.97  16.5  25.8
180220261248  0.872  10.6  31.7  16.9  0.90  13.1  25.8
180220261249  0.866  11.1  31.9  16.9  0.97  17.5  25.8
180220261250  0.860  11.1  31.9  16.9  1.12  11.3  25.8
180220261251  0.854  10.9  31.3  16.9  0.95  16.1  25.8
180220261252  0.849  10.5  30.9  15.0  0.96  17.4  25.8
180220261253  0.844  10.6  31.0  16.5  0.93  21.1  25.9
180220261254  0.839  11.0  31.5  16.5  0.95  18.1  25.9
180220261255  0.835  11.1  31.5  16.5  0.95  17.3  25.9
180220261256  0.830  11.1  31.0  16.5  1.05  18.3  25.9
180220261257  0.826  11.1  32.1  16.5  0.99  15.4  25.9
180220261258  0.821  11.2  32.5  16.5  1.08  18.8  25.9
180220261259  0.816  11.2  32.6  18.2  0.95  18.5  25.9
180220261300  0.810  11.1  31.9  18.2  0.85  19.8  25.9
180220261301  0.805  11.2  32.6  18.2  0.98  16.4  25.9
180220261302  0.799  11.2  32.2  18.2  0.92  19.1  25.9
180220261303  0.795  11.2  32.2  18.2  0.90  18.3  25.9
180220261304  0.791  11.2  30.6  18.2  0.99  20.0  25.9
180220261305  0.786  11.3  30.0  18.2  0.95  21.3  25.9
180220261306  0.782  11.2  29.8  18.2  0.93  21.6  26.0
180220261307  0.776  11.3  28.9  18.2  1.06  17.2  26.0
180220261308  0.770  11.1  29.0  18.2  0.96  21.4  26.0
180220261309  0.764  10.9  28.0  17.1  1.03  15.0  26.0
180220261310  0.758  11.4  28.6  17.1  0.98  16.2  26.0
180220261311  0.752  11.4  28.3  17.1  0.97  17.4  26.0
180220261312  0.744  11.5  28.9  17.1  0.98  17.7  26.0
180220261313  0.738  11.3  28.4  17.1  0.99  14.7  26.0
180220261314  0.731  11.0  29.2  16.2  0.92  17.1  26.0
180220261315  0.726  10.8  30.1  16.2  1.08  19.5  26.0
180220261316  0.720  10.8  30.7  16.2  0.95  20.3  26.0
180220261317  0.714  10.8  29.9  16.0  0.90  19.3  26.0
180220261318  0.708  10.7  29.3  16.0  1.04  15.5  26.0
180220261319  0.703  10.4  29.9  16.0  0.89  17.9  26.0
180220261320  0.697  10.0  30.2  13.9  1.02  17.2  26.0
180220261321  0.691  10.0  30.2  13.9  1.00  16.7  26.0
180220261322  0.686  10.1  29.9  13.9  1.07  16.5  26.0
180220261323  0.681  10.3  30.0  14.0  0.98  19.4  26.0
180220261324  0.676  10.3  30.1  14.0  0.96  17.4  26.0
180220261325  0.671  10.5  30.7  15.9  0.95  15.7  26.0
180220261326  0.665  10.7  30.5  16.6  0.99  18.9  26.0
180220261327  0.660  10.6  32.7  16.6  0.98  15.8  26.0
180220261328  0.654  10.6  33.2  16.6  0.89  15.4  26.0
180220261329  0.647  10.6  32.9  16.6  0.99  15.2  26.0
180220261330  0.641  10.5  32.7  16.6  0.91  16.6  26.0
180220261331  0.635  10.4  33.4  16.6  1.01  21.1  26.0
180220261332  0.629  10.4  33.9  16.6  1.13  19.5  26.0
180220261333  0.623  10.4  33.8  16.6  0.93  18.5  26.0
180220261334  0.617  10.6  33.9  16.6  0.95  18.5  26.0
180220261335  0.610  10.4  34.5  16.6  1.03  18.3  26.1
180220261336  0.605  10.4  35.3  16.1  1.02  17.7  26.1
180220261337  0.600  10.1  34.5  16.1  0.97  20.2  26.1
180220261338  0.595  10.7  34.6  16.1  0.99  15.6  26.1
180220261339  0.590  11.0  35.5  16.1  0.99  13.3  26.1
180220261340  0.585  11.2  35.2  16.1  0.96  15.0  26.1
180220261341  0.581  11.4  34.6  16.1  1.01  19.6  26.1
180220261342  0.578  11.4  34.3  16.1  0.86  19.8  26.1
180220261343  0.573  11.3  34.4  16.1  1.10  15.8  26.1
180220261344  0.569  11.2  34.3  16.1  1.06  18.4  26.1
180220261345  0.567  11.1  33.7  16.1  0.97  15.3  26.1
180220261346  0.562  11.0  33.7  16.1  0.99  20.6  26.1
180220261347  0.560  11.2  33.0  16.1  1.00  23.0  26.1
180220261348  0.556  10.8  33.0  15.3  0.99  21.0  26.1
180220261349  0.553  10.4  32.1  15.3  1.00  19.1  26.1
180220261350  0.549  10.3  31.3  15.3  1.02  17.5  26.1
180220261351  0.544  10.1  30.7  14.7  0.97  17.4  26.1
180220261352  0.540  9.9  29.8  14.7  0.87  20.8  26.1
180220261353  0.536  10.1  29.3  14.7  0.94  17.6  26.1
180220261354  0.531  9.9  28.9  14.7  0.98  20.1  26.1
180220261355  0.525  10.1  27.2  14.7  1.05  17.0  26.1
180220261356  0.520  10.2  25.6  14.4  0.92  17.9  26.2
180220261357  0.515  10.2  25.9  14.4  0.90  21.3  26.2
180220261358  0.510  10.2  25.3  14.4  0.93  18.5  26.2
180220261359  0.504  10.6  25.0  17.0  1.01  18.0  26.2
180220261400  0.499  10.9  25.0  17.0  1.11  18.4  26.2
180220261401  0.494  11.1  24.6  17.0  1.04  15.7  26.2
180220261402  0.488  11.2  25.3  17.0  1.03  18.9  26.2
180220261403  0.485  11.3  25.6  17.0  0.91  17.6  26.2
180220261404  0.480  11.5  25.3  17.0  0.98  19.4  26.2
180220261405  0.474  11.6  26.9  17.0  0.95  16.3  26.2
180220261406  0.470  11.5  27.3  17.0  1.10  18.4  26.2
180220261407  0.466  11.7  26.7  17.0  1.01  16.8  26.2
180220261408  0.461  11.7  27.2  17.0  1.00  14.1  26.2
180220261409  0.457  11.4  27.9  16.7  1.00  18.8  26.2
180220261410  0.453  11.6  26.9  16.7  0.96  19.3  26.2
180220261411  0.448  11.7  27.1  16.8  0.97  15.5  26.2
180220261412  0.445  12.0  26.7  19.9  0.98  15.5  26.2
180220261413  0.442  12.0  26.1  19.9  1.05  14.9  26.2
180220261414  0.440  12.0  26.5  19.9  0.99  15.2  26.2
180220261415  0.437  12.0  25.8  19.9  1.02  15.4  26.2
180220261416  0.433  12.2  26.2  19.9  1.03  15.0  26.2
180220261417  0.430  12.2  26.8  19.9  0.97  17.3  26.2
180220261418  0.426  12.4  26.9  19.9  1.14  15.4  26.2
180220261419  0.424  12.5  27.1  19.9  0.95  16.1  26.2
180220261420  0.422  11.9  28.8  19.9  0.95  14.3  26.2
180220261421  0.419  11.9  28.4  19.9  0.95  14.6  26.2
180220261422  0.415  11.6  28.4  15.8  0.96  20.6  26.2
180220261423  0.412  11.5  28.9  15.8  0.92  20.6  26.2
180220261424  0.409  11.4  29.2  15.8  0.89  17.4  26.2
180220261425  0.407  11.1  30.0  15.8  1.00  15.0  26.3
180220261426  0.403  10.8  30.7  15.8  0.95  17.2  26.3
180220261427  0.400  10.6  29.8  15.8  0.88  15.9  26.3
180220261428  0.396  10.2  30.1  15.4  0.91  17.0  26.3
180220261429  0.391  10.1  29.9  15.4  1.03  16.7  26.3
180220261430  0.387  10.1  29.8  15.4  0.92  18.9  26.3
180220261431  0.382  9.7  30.6  15.4  1.04  21.5  26.3
180220261432  0.378  9.3  31.3  13.9  1.02  17.3  26.3
180220261433  0.374  9.2  31.7  13.9  1.01  18.3  26.3
180220261434  0.370  9.3  31.8  14.2  1.04  19.9  26.3
180220261435  0.366  9.4  31.7  14.2  1.06  19.1  26.3
180220261436  0.361  9.6  31.6  15.3  1.13  16.4  26.3
180220261437  0.359  9.5  32.1  15.3  1.04  16.7  26.3
180220261438  0.355  9.5  31.5  15.3  0.97  18.8  26.3
180220261439  0.351  9.7  31.7  16.8  1.01  17.8  26.3
180220261440  0.348  9.9  31.7  16.8  0.98  15.9  26.3
180220261441  0.344  10.1  32.4  16.8  0.99  18.0  26.3
180220261442  0.340  10.3  32.4  16.8  0.92  14.5  26.3
180220261443  0.336  10.3  32.3  16.8  1.03  15.2  26.3
180220261444  0.334  9.9  32.0  16.8  1.01  17.4  26.3
180220261445  0.332  10.0  29.9  16.8  1.00  21.5  26.3
180220261446  0.330  10.0  29.1  16.8  0.98  19.4  26.3
180220261447  0.327  10.2  28.2  16.8  0.94  18.2  26.3
180220261448  0.325  10.2  28.6  16.8  1.02  18.9  26.4
180220261449  0.323  10.1  28.3  14.6  1.09  16.6  26.4
180220261450  0.321  10.0  27.9  14.6  0.94  20.8  26.4
180220261451  0.319  10.2  26.8  14.6  1.03  16.9  26.4
180220261452  0.317  10.2  26.3  14.6  0.82  21.1  26.4
180220261453  0.315  10.6  26.5  15.6  1.02  20.9  26.4
180220261454  0.313  10.8  27.5  15.6  0.88  17.8  26.4
180220261455  0.311  10.6  28.5  15.6  0.93  20.7  26.4
180220261456  0.308  10.6  29.2  15.6  0.88  21.1  26.4
180220261457  0.306  10.5  30.5  15.6  0.90  22.0  26.4
180220261458  0.303  10.5  30.2  15.6  0.97  19.6  26.4
180220261459  0.301  10.5  30.9  15.6  1.02  22.2  26.4
180220261500  0.299  10.5  31.6  15.6  0.97  23.1  26.4
180220261501  0.296  10.3  32.7  15.6  0.87  20.6  26.4
180220261502  0.293  10.5  32.5  15.6  0.90  23.1  26.4
180220261503  0.290  10.3  31.6  15.6  0.85  22.5  26.4
180220261504  0.287  10.2  31.0  15.6  0.86  20.2  26.4
180220261505  0.285  10.5  30.1  15.6  0.80  20.7  26.4
180220261506  0.284  10.4  29.9  15.2  0.79  22.6  26.4
180220261507  0.281  10.4  30.2  15.2  0.89  24.2  26.4
180220261508  0.280  10.6  29.4  15.2  0.87  19.8  26.4
180220261509  0.278  10.8  28.2  15.2  0.87  21.7  26.5
180220261510  0.276  11.0  27.3  16.5  0.84  20.8  26.5
180220261511  0.274  11.1  26.9  16.5  0.91  18.8  26.5
180220261512  0.272  11.0  26.8  16.5  0.84  18.0  26.5
180220261513  0.271  11.2  27.7  16.5  0.77  21.7  26.5
180220261514  0.268  11.4  27.5  16.5  0.89  22.5  26.5
180220261515  0.266  11.4  27.3  16.5  0.85  22.4  26.5
180220261516  0.263  11.7  26.9  16.5  0.80  20.2  26.5
180220261517  0.263  12.0  26.5  16.5  0.84  19.6  26.5
180220261518  0.260  12.0  27.3  16.8  0.79  24.9  26.5
180220261519  0.258  11.8  27.7  16.8  0.87  18.7  26.5
180220261520  0.257  11.7  28.6  16.8  0.82  21.6  26.5
180220261521  0.256  11.6  28.4  16.8  0.76  20.9  26.5
180220261522  0.255  11.8  29.3  16.8  0.75  24.8  26.5
180220261523  0.255  11.9  27.9  16.8  0.82  20.6  26.5
180220261524  0.255  11.8  27.1  16.8  0.80  24.2  26.5
180220261525  0.255  11.9  27.7  16.8  0.58  25.9  26.5
180220261526  0.256  12.1  27.7  18.1  0.59  31.7  26.5
180220261527  0.257  12.1  27.1  18.1  0.78  24.0  26.5
180220261528  0.257  12.1  26.3  18.1  0.82  22.0  26.5
180220261529  0.259  12.2  26.5  18.1  0.67  25.2  26.5
180220261530  0.259  12.3  25.7  18.1  0.80  24.8  26.5
180220261531  0.261  12.4  26.6  18.1  0.62  25.7  26.5
180220261532  0.262  12.2  25.2  18.1  0.62  23.0  26.6
180220261533  0.262  11.9  25.8  18.1  0.60  26.6  26.6
180220261534  0.264  11.9  26.1  18.1  0.68  21.8  26.6
180220261535  0.266  12.2  25.0  18.1  0.71  26.0  26.6
180220261536  0.267  11.8  24.7  17.3  0.63  28.5  26.6
180220261537  0.266  11.3  24.6  17.3  0.58  20.4  26.6
180220261538  0.267  11.1  24.8  16.6  0.39  27.1  26.6
180220261539  0.267  11.0  23.8  16.6  0.54  21.3  26.6
180220261540  0.268  11.0  24.2  16.6  0.52  30.0  26.6
180220261541  0.269  11.1  23.1  16.6  0.47  21.5  26.6
180220261542  0.270  11.1  23.7  16.6  0.52  30.3  26.6
180220261543  0.271  11.4  24.3  16.6  0.63  19.3  26.6
180220261544  0.271  11.1  24.2  16.6  0.57  27.1  26.6
180220261545  0.272  10.6  25.6  15.6  0.59  24.4  26.6
180220261546  0.274  10.6  25.7  15.6  0.59  20.3  26.6
180220261547  0.274  10.9  25.7  15.6  0.65  19.0  26.6
180220261548  0.274  11.0  24.5  15.6  0.68  14.6  26.6
180220261549  0.274  11.1  25.3  15.6  0.64  10.0  26.6
180220261550  0.274  11.0  24.9  15.6  0.64  10.7  26.6
180220261551  0.275  10.7  25.0  15.6  0.73  7.9  26.6
180220261552  0.275  10.8  25.3  15.6  0.56  8.0  26.6
180220261553  0.276  10.6  24.1  14.5  0.69  3.8  26.6
180220261554  0.277  10.8  23.1  14.5  0.65  6.7  26.6
180220261555  0.278  11.2  21.8  16.5  0.68  4.4  26.6
180220261556  0.279  11.5  21.2  16.5  0.62  2.3  26.6
180220261557  0.281  11.4  22.1  16.5  0.62  10.4  26.6
180220261558  0.281  11.2  23.5  16.5  0.67  6.3  26.6
180220261559  0.284  11.2  22.9  16.5  0.65  9.3  26.6
180220261600  0.286  11.2  23.4  16.5  0.58  3.5  26.6
180220261601  0.288  11.2  23.1  16.5  0.69  6.0  26.6
180220261602  0.289  11.1  22.3  16.5  0.62  0.7  26.6
180220261603  0.291  11.1  22.7  16.5  0.64  3.1  26.6
180220261604  0.294  10.9  24.0  16.5  0.59  4.1  26.6
180220261605  0.296  10.4  25.7  15.2  0.62  1.6  26.6
180220261606  0.299  10.2  26.2  14.7  0.55  359.2  26.6
180220261607  0.302  10.2  25.1  13.8  0.59  355.6  26.6
180220261608  0.305  10.2  24.9  13.8  0.53  356.0  26.6
180220261609  0.309  10.2  24.6  13.8  0.60  357.3  26.6
180220261610  0.311  10.4  24.6  16.5  0.59  359.1  26.6
180220261611  0.314  10.6  24.0  16.5  0.57  356.2  26.6
180220261612  0.316  10.5  23.8  16.5  0.55  357.1  26.6
180220261613  0.320  10.7  24.1  16.5  0.51  359.0  26.6
180220261614  0.323  11.1  23.5  17.3  0.55  0.0  26.6
180220261615  0.325  11.2  22.8  17.3  0.60  356.5  26.6
180220261616  0.328  11.4  23.2  17.3  0.65  359.2  26.6
180220261617  0.331  11.3  23.4  17.3  0.52  2.0  26.6
180220261618  0.334  11.2  23.1  17.3  0.65  4.7  26.6
180220261619  0.336  11.2  23.4  17.3  0.59  2.8  26.6
180220261620  0.339  10.9  22.6  17.3  0.53  358.5  26.6
180220261621  0.342  10.9  22.9  17.3  0.37  352.5  26.6
180220261622  0.344  11.3  22.8  17.3  0.46  356.1  26.6
180220261623  0.347  11.5  21.3  17.3  0.47  358.0  26.6
180220261624  0.350  11.6  20.8  17.5  0.46  352.5  26.6
180220261625  0.353  11.7  20.7  17.5  0.44  354.2  26.6
180220261626  0.356  11.7  21.0  17.5  0.47  357.0  26.6
180220261627  0.359  11.7  21.1  17.5  0.47  5.7  26.6
180220261628  0.363  11.8  21.7  17.5  0.40  357.2  26.6
180220261629  0.367  12.1  21.6  17.5  0.48  3.8  26.7
180220261630  0.370  12.3  21.3  17.5  0.39  1.8  26.7
180220261631  0.373  12.6  20.7  17.5  0.42  6.6  26.7
180220261632  0.375  12.4  20.5  17.5  0.41  359.4  26.7
180220261633  0.378  12.4  22.0  17.5  0.32  1.6  26.7
180220261634  0.381  11.9  23.1  17.1  0.38  5.9  26.7
180220261635  0.382  11.7  23.1  17.1  0.30  2.2  26.7
180220261636  0.386  11.9  21.6  17.1  0.35  3.0  26.7
180220261637  0.388  12.1  21.1  17.1  0.45  3.5  26.7
180220261638  0.390  12.3  20.0  17.1  0.34  4.1  26.7
180220261639  0.392  12.2  19.7  17.1  0.30  14.5  26.7
180220261640  0.395  12.2  19.8  16.4  0.31  358.3  26.7
180220261641  0.397  12.1  20.2  16.4  0.38  0.0  26.7
180220261642  0.402  12.2  19.7  16.4  0.39  355.1  26.7
180220261643  0.405  12.0  19.0  16.4  0.44  9.5  26.7
180220261644  0.408  12.2  18.3  16.4  0.34  6.1  26.7
180220261645  0.412  12.6  17.4  16.4  0.42  0.8  26.7
180220261646  0.414  12.7  17.7  16.7  0.33  4.6  26.7
180220261647  0.419  12.5  18.3  16.7  0.26  357.5  26.7
180220261648  0.423  12.6  18.3  16.7  0.27  359.7  26.7
180220261649  0.428  12.8  18.5  18.7  0.24  8.1  26.7
180220261650  0.432  12.6  17.9  18.7  0.34  12.9  26.7
180220261651  0.436  12.5  18.3  18.7  0.20  359.5  26.7
180220261652  0.441  12.3  18.7  18.7  0.15  2.7  26.7
180220261653  0.446  12.2  18.1  18.7  0.22  359.6  26.7
180220261654  0.451  12.1  18.1  18.7  0.27  18.8  26.7
180220261655  0.456  12.1  19.3  18.7  0.14  14.0  26.7
180220261656  0.460  11.8  20.2  18.7  0.08  352.0  26.7
180220261657  0.464  12.0  19.5  18.7  0.04  89.2  26.7
180220261658  0.469  12.1  20.2  18.7  0.03  303.6  26.7
180220261659  0.474  12.0  19.7  16.8  0.04  132.0  26.7
180220261700  0.478  12.1  19.7  16.8  nan  nan  nan
180220261701  0.486  12.0  19.0  16.8  0.05  28.4  26.7
180220261702  0.491  11.9  18.7  16.8  0.05  311.3  26.7
180220261703  0.498  12.0  19.7  16.8  nan  nan  nan
180220261704  0.503  11.9  19.5  16.8  0.09  208.4  26.7
180220261705  0.509  11.8  19.0  16.4  0.14  205.6  26.7
180220261706  0.513  11.8  18.3  16.4  0.08  190.0  26.7
180220261707  0.519  11.7  17.8  16.4  0.15  181.1  26.7
180220261708  0.524  11.7  17.0  16.4  0.08  54.0  26.7
180220261709  0.528  11.5  17.1  16.4  0.12  165.6  26.7
180220261710  0.534  11.5  17.3  16.4  0.23  183.1  26.7
180220261711  0.538  11.7  16.7  16.4  0.04  190.0  26.7
180220261712  0.542  11.8  17.9  17.3  0.31  193.3  26.7
180220261713  0.547  11.9  17.4  17.3  0.13  179.5  26.7
180220261714  0.550  12.1  17.5  17.3  0.25  202.6  26.7
180220261715  0.552  11.9  17.4  17.3  0.21  180.6  26.7
180220261716  0.555  11.9  17.1  17.3  0.13  219.5  26.7
180220261717  0.560  12.1  18.0  17.3  0.26  211.6  26.7
180220261718  0.563  12.1  17.8  17.3  0.16  200.2  26.7
180220261719  0.569  12.2  17.7  17.3  0.17  210.9  26.7
180220261720  0.574  12.3  17.2  17.3  0.30  195.5  26.7
180220261721  0.578  12.4  17.7  17.3  0.24  200.1  26.7
180220261722  0.584  12.4  16.6  16.6  0.37  191.8  26.7
180220261723  0.589  12.5  15.6  16.9  0.37  197.5  26.7
180220261724  0.595  12.7  15.2  16.9  0.26  198.6  26.7
180220261725  0.598  13.2  15.4  18.3  0.34  182.0  26.7
180220261726  0.603  13.5  14.9  18.3  0.36  184.1  26.7
180220261727  0.606  13.5  14.9  18.3  0.31  178.5  26.6
180220261728  0.612  13.5  15.6  18.3  0.33  182.9  26.6
180220261729  0.616  13.6  15.6  18.3  0.25  186.4  26.6
180220261730  0.619  13.4  16.4  18.3  0.28  178.0  26.6
180220261731  0.621  13.4  16.3  18.3  0.24  180.1  26.6
180220261732  0.626  13.2  17.1  18.3  0.14  187.7  26.6
180220261733  0.630  13.2  17.7  18.3  0.19  178.9  26.6
180220261734  0.633  12.8  18.2  18.3  0.25  170.6  26.6
180220261735  0.638  12.4  18.3  17.5  0.20  163.4  26.6
180220261736  0.642  12.3  19.1  17.5  0.10  179.1  26.6
180220261737  0.646  12.2  19.0  17.5  0.34  172.0  26.6
180220261738  0.651  12.3  18.6  17.5  0.29  180.3  26.6
180220261739  0.655  12.3  18.6  17.5  0.15  178.7  26.6
180220261740  0.661  12.6  18.2  17.5  0.32  189.3  26.6
180220261741  0.667  12.5  18.6  17.5  0.14  190.8  26.6
180220261742  0.671  12.8  18.6  17.5  0.24  190.0  26.6
180220261743  0.677  12.5  18.8  17.3  0.22  180.1  26.6
180220261744  0.683  12.5  18.7  17.3  0.12  221.0  26.6
180220261745  0.687  12.5  18.6  17.3  0.19  190.0  26.6
180220261746  0.691  12.3  18.6  17.3  0.15  166.8  26.6
180220261747  0.696  12.2  18.9  17.3  0.27  186.3  26.6
180220261748  0.701  12.1  18.8  17.3  0.28  193.6  26.6
180220261749  0.705  11.8  19.1  17.3  0.26  184.8  26.6
180220261750  0.711  11.8  19.0  16.8  0.24  190.5  26.6
180220261751  0.714  12.1  18.8  16.8  0.25  208.2  26.6
180220261752  0.719  12.0  18.2  16.8  0.23  190.5  26.6
180220261753  0.725  12.0  18.4  16.8  0.19  212.1  26.6
180220261754  0.730  12.3  18.2  16.8  0.21  214.9  26.6
180220261755  0.735  12.4  17.9  16.8  0.29  197.4  26.6
180220261756  0.739  12.4  17.9  16.8  0.35  191.9  26.6
180220261757  0.744  12.8  16.9  18.4  0.30  197.5  26.6
180220261758  0.751  13.0  16.7  18.4  0.44  190.8  26.6
180220261759  0.755  13.0  16.2  18.4  0.38  191.8  26.6
180220261800  0.762  12.7  16.6  18.4  0.45  186.8  26.6
180220261801  0.767  12.4  17.0  18.4  0.38  185.6  26.6
180220261802  0.771  12.3  17.0  18.4  0.51  182.1  26.6
180220261803  0.776  12.5  16.3  18.4  0.28  197.5  26.6
180220261804  0.781  12.3  16.1  18.4  0.44  185.2  26.6
180220261805  0.786  11.9  16.5  18.4  0.44  191.3  26.6
180220261806  0.791  11.9  17.2  18.4  0.52  181.4  26.6
180220261807  0.796  11.6  18.2  15.9  0.54  187.3  26.6
180220261808  0.801  11.4  18.4  15.9  0.54  193.5  26.6
180220261809  0.806  11.3  19.3  15.9  0.65  189.0  26.6
180220261810  0.809  11.2  19.0  15.9  0.40  191.7  26.6
180220261811  0.814  11.4  18.0  16.2  0.59  187.1  26.6
180220261812  0.819  11.5  18.4  16.2  0.60  187.0  26.6
180220261813  0.825  11.3  18.9  16.2  0.43  188.7  26.6
180220261814  0.829  11.5  18.6  16.2  0.48  187.2  26.6
180220261815  0.834  11.5  18.6  16.2  0.45  179.4  26.6
180220261816  0.839  11.6  17.8  16.2  0.61  182.7  26.6
180220261817  0.842  11.5  17.2  16.2  0.59  184.1  26.6
180220261818  0.848  11.5  17.0  16.2  0.61  184.0  26.6
180220261819  0.853  11.6  16.9  16.2  0.41  184.8  26.6
180220261820  0.857  11.6  17.6  16.2  0.52  183.4  26.6
180220261821  0.861  11.4  18.4  15.0  0.48  180.0  26.6
180220261822  0.867  11.2  18.2  15.0  0.55  186.8  26.6
180220261823  0.872  11.0  17.7  14.6  0.52  182.5  26.6
180220261824  0.877  10.7  18.2  14.6  0.56  176.7  26.6
180220261825  0.882  10.6  17.9  14.6  0.59  185.8  26.6
180220261826  0.886  10.4  18.4  14.6  0.58  181.7  26.6
180220261827  0.891  10.4  18.3  14.6  0.54  187.1  26.6
180220261828  0.894  10.2  18.5  14.6  0.56  181.2  26.6
180220261829  0.900  10.0  18.1  12.9  0.53  184.1  26.6
180220261830  0.905  9.8  17.0  12.9  0.49  187.3  26.6
180220261831  0.910  9.6  16.7  12.9  0.50  179.3  26.6
180220261832  0.914  9.5  16.3  12.9  0.62  177.8  26.6
180220261833  0.921  9.3  16.8  12.4  0.68  181.4  26.6
180220261834  0.926  9.4  15.9  12.4  0.61  183.4  26.6
180220261835  0.931  9.4  15.4  12.4  0.77  183.1  26.6
180220261836  0.937  9.3  14.4  12.4  0.67  179.2  26.6
180220261837  0.944  9.3  13.9  12.4  0.64  179.0  26.6
180220261838  0.950  9.2  14.1  12.3  0.67  176.4  26.6
180220261839  0.957  9.1  13.0  12.3  0.73  182.2  26.6
180220261840  0.963  9.3  12.3  13.1  0.73  181.0  26.6
180220261841  0.969  9.5  11.0  13.1  0.73  186.3  26.6
180220261842  0.975  9.6  7.8  13.1  0.74  183.4  26.7
180220261843  0.980  9.6  2.8  13.1  0.76  182.9  26.7
180220261844  0.986  9.7  358.5  15.8  0.79  183.7  26.7
180220261845  0.993  10.3  355.8  15.8  0.66  184.8  26.7
180220261846  0.999  10.9  355.1  15.8  0.78  183.1  26.7
180220261847  1.006  11.4  353.4  17.8  0.68  184.9  26.7
180220261848  1.012  12.2  351.0  17.8  0.78  185.3  26.7
180220261849  1.018  12.7  350.5  17.8  0.80  184.7  26.7
180220261850  1.024  13.0  348.5  17.8  0.66  179.4  26.7
180220261851  1.029  13.3  347.3  17.8  0.78  188.6  26.7
180220261852  1.033  13.7  348.1  17.8  0.66  181.4  26.7
180220261853  1.038  14.1  349.6  17.8  0.71  179.7  26.7
180220261854  1.042  14.1  351.0  17.8  0.68  185.9  26.7
180220261855  1.045  13.9  351.2  17.8  0.71  178.1  26.7
180220261856  1.049  13.5  349.3  17.8  0.75  182.4  26.7
180220261857  1.053  13.0  348.7  16.6  0.72  185.5  26.6
180220261858  1.055  12.7  348.8  15.7  0.78  180.5  26.6
180220261859  1.060  12.4  347.8  15.7  0.75  178.9  26.6
180220261900  1.063  12.2  347.8  15.7  0.81  180.3  26.6
180220261901  1.067  11.8  348.0  15.1  0.67  173.8  26.6
180220261902  1.070  11.7  348.6  15.1  0.65  174.3  26.6
180220261903  1.075  11.5  349.9  14.2  0.72  175.9  26.6
180220261904  1.078  11.4  350.6  14.2  0.69  176.9  26.6
180220261905  1.081  11.4  352.2  14.2  0.75  174.6  26.6
180220261906  1.085  11.6  354.7  14.2  0.77  176.8  26.6
180220261907  1.088  11.9  356.1  14.3  0.70  175.9  26.6
180220261908  1.091  11.9  357.0  14.3  0.58  170.2  26.6
180220261909  1.096  12.1  357.9  14.3  0.76  170.0  26.6
180220261910  1.098  12.3  357.7  14.3  0.78  172.9  26.6
180220261911  1.103  12.5  357.6  14.3  0.64  172.2  26.6
180220261912  1.108  12.6  357.0  14.3  0.75  171.1  26.6
180220261913  1.112  12.6  355.7  14.3  0.75  168.7  26.6
180220261914  1.116  12.9  355.6  16.2  0.86  173.3  26.6
180220261915  1.119  12.9  354.4  16.2  0.74  167.2  26.6
180220261916  1.124  12.9  352.9  16.2  0.76  167.9  26.6
180220261917  1.127  12.8  351.8  16.2  0.78  169.4  26.6
180220261918  1.131  12.8  351.1  16.2  0.81  170.9  26.6
180220261919  1.135  12.5  349.8  16.2  0.67  168.1  26.6
180220261920  1.138  12.4  349.5  16.2  0.69  165.5  26.6
180220261921  1.142  12.4  349.1  16.2  0.78  171.4  26.6
180220261922  1.146  12.4  348.8  16.2  0.70  179.2  26.6
180220261923  1.149  12.6  349.2  16.2  0.79  176.6  26.6
180220261924  1.152  12.3  347.3  15.9  0.62  171.2  26.6
180220261925  1.157  12.2  346.8  15.4  0.68  171.9  26.6
180220261926  1.160  12.2  347.0  15.4  0.70  175.5  26.6
180220261927  1.163  12.3  346.8  15.4  0.65  168.9  26.6
180220261928  1.167  12.3  346.8  15.4  0.71  169.2  26.6
180220261929  1.170  12.4  347.3  15.4  0.77  174.7  26.6
180220261930  1.174  12.3  347.7  15.4  0.80  173.9  26.6
180220261931  1.177  12.3  348.4  15.4  0.72  171.0  26.6
180220261932  1.181  11.9  348.4  15.4  0.77  171.6  26.6
180220261933  1.185  11.5  348.5  14.0  0.78  174.8  26.6
180220261934  1.189  11.5  349.7  14.0  0.97  177.8  26.6
180220261935  1.192  11.4  350.5  13.7  0.79  174.3  26.6
180220261936  1.196  11.3  351.0  13.7  0.84  172.4  26.6
180220261937  1.200  11.2  351.3  13.6  0.77  172.5  26.6
180220261938  1.204  11.0  351.5  13.4  0.74  180.7  26.6
180220261939  1.208  11.1  351.9  13.4  0.78  173.7  26.6
180220261940  1.211  11.0  352.1  13.4  0.88  178.8  26.6
180220261941  1.217  10.9  351.9  13.2  0.87  179.2  26.5
180220261942  1.220  11.0  352.4  13.2  0.67  177.1  26.5
180220261943  1.225  11.1  352.3  13.2  0.83  177.3  26.5
180220261944  1.229  11.0  352.7  13.2  0.74  179.1  26.5
180220261945  1.233  10.8  352.8  13.2  0.81  179.2  26.5
180220261946  1.236  10.8  352.3  13.2  0.86  175.4  26.5
180220261947  1.238  10.6  352.2  13.2  0.74  177.2  26.5
180220261948  1.241  10.4  352.3  13.2  0.76  174.5  26.5
180220261949  1.246  10.3  352.2  12.4  0.81  176.8  26.5
180220261950  1.248  10.3  352.4  12.4  0.77  178.3  26.5
180220261951  1.250  10.0  352.1  12.4  0.88  184.1  26.5
180220261952  1.253  9.7  352.2  12.4  0.81  177.2  26.5
180220261953  1.256  9.5  353.1  12.2  0.77  183.6  26.5
180220261954  1.260  9.4  353.3  11.5  0.67  173.0  26.5
180220261955  1.262  9.2  352.7  11.0  0.68  179.6  26.5
180220261956  1.266  9.2  353.1  11.7  0.86  182.2  26.5
180220261957  1.268  9.2  352.9  11.7  0.84  179.1  26.5
180220261958  1.270  9.2  352.2  11.7  0.75  177.3  26.5
180220261959  1.274  9.0  351.5  11.7  0.82  177.1  26.5
180220262000  1.277  8.8  350.8  11.7  0.73  180.0  26.5
180220262001  1.281  8.9  349.9  11.7  0.77  177.5  26.5
180220262002  1.284  8.9  349.1  11.7  0.69  175.1  26.5
180220262003  1.288  8.9  347.6  11.7  0.75  175.3  26.5
180220262004  1.291  8.8  346.1  11.7  0.70  178.7  26.5
180220262005  1.294  8.8  345.9  11.7  0.70  177.6  26.5
180220262006  1.297  8.6  344.6  11.7  0.76  174.4  26.5
180220262007  1.300  8.5  343.9  11.7  0.71  177.0  26.5
180220262008  1.304  8.3  343.7  11.7  0.74  178.6  26.5
180220262009  1.308  8.2  343.3  11.7  0.70  170.8  26.5
180220262010  1.311  8.2  342.5  11.7  0.63  177.7  26.5
180220262011  1.313  8.1  341.4  11.2  0.63  174.3  26.5
180220262012  1.319  8.1  341.0  10.8  0.64  175.0  26.5
180220262013  1.321  8.3  340.6  11.8  0.67  173.0  26.5
180220262014  1.324  8.5  341.2  11.8  0.61  177.9  26.5
180220262015  1.327  8.6  341.3  11.8  0.74  176.7  26.5
180220262016  1.330  8.5  341.0  11.8  0.76  178.0  26.5
180220262017  1.333  8.5  340.0  11.8  0.63  176.7  26.5
180220262018  1.336  8.5  339.6  11.8  0.64  175.4  26.5
180220262019  1.339  8.6  339.1  11.8  0.78  184.9  26.5
180220262020  1.343  8.6  339.5  11.8  0.73  183.7  26.5
180220262021  1.346  8.4  339.3  11.8  0.78  183.7  26.5
180220262022  1.348  8.2  339.2  11.8  0.73  182.0  26.5
180220262023  1.350  7.8  338.9  11.8  0.71  183.2  26.5
180220262024  1.352  7.5  338.6  10.3  0.72  183.8  26.5
180220262025  1.353  7.3  338.0  10.3  0.64  187.1  26.5
180220262026  1.355  7.2  338.6  10.3  0.58  184.0  26.5
180220262027  1.357  7.1  339.1  10.3  0.59  182.4  26.5
180220262028  1.358  7.0  339.1  10.3  0.68  183.9  26.5
180220262029  1.360  6.9  339.1  10.3  0.72  183.2  26.5
180220262030  1.362  6.8  338.9  10.3  0.75  178.5  26.5
180220262031  1.363  6.6  338.8  10.3  0.66  169.9  26.5
180220262032  1.364  6.6  337.7  10.3  0.61  174.0  26.5
180220262033  1.364  6.6  337.7  10.3  0.66  173.9  26.5
180220262034  1.365  6.5  336.5  10.3  0.72  170.5  26.5
180220262035  1.366  6.3  334.9  8.8  0.75  175.2  26.5
180220262036  1.366  6.1  333.9  8.8  0.75  170.1  26.5
180220262037  1.367  6.1  334.5  8.8  0.72  169.7  26.5
180220262038  1.366  6.0  335.5  7.6  0.59  165.4  26.4
180220262039  1.366  6.0  335.9  7.5  0.62  166.1  26.4
180220262040  1.366  6.1  335.5  7.8  0.65  168.6  26.4
180220262041  1.365  6.2  336.0  7.8  0.63  171.2  26.4
180220262042  1.364  5.9  335.6  7.8  0.58  172.3  26.4
180220262043  1.364  5.8  335.6  7.8  0.56  167.5  26.4
180220262044  1.364  5.6  335.4  7.8  0.58  165.9  26.4
180220262045  1.364  5.6  338.1  7.8  0.65  163.8  26.4
180220262046  1.364  5.6  336.9  7.8  0.58  172.2  26.4
180220262047  1.363  5.4  336.4  7.8  0.56  170.4  26.4
180220262048  1.363  5.2  335.0  7.8  0.60  168.7  26.4
180220262049  1.363  5.1  332.5  7.8  0.66  172.9  26.4
180220262050  1.363  4.9  332.7  7.2  0.54  176.7  26.4
180220262051  1.363  5.0  333.7  7.0  0.41  171.7  26.4
180220262052  1.365  5.1  335.7  7.0  0.33  174.7  26.4
180220262053  1.366  5.3  334.9  7.0  0.37  175.8  26.4
180220262054  1.367  5.4  333.9  7.1  0.36  165.5  26.4
180220262055  1.367  5.4  331.7  7.1  0.38  177.4  26.4
180220262056  1.368  5.5  332.8  7.1  0.48  171.9  26.4
180220262057  1.368  5.6  331.6  7.1  0.39  166.0  26.3
180220262058  1.370  5.8  332.3  7.2  0.35  165.0  26.3
180220262059  1.372  5.8  334.0  7.2  0.35  169.9  26.3
180220262100  1.372  5.7  332.8  7.2  0.41  171.4  26.3
180220262101  1.373  5.7  332.0  7.2  0.51  165.8  26.3
180220262102  1.374  5.7  331.6  7.2  0.53  169.1  26.4
180220262103  1.374  5.6  332.5  7.2  0.49  170.4  26.4
180220262104  1.374  5.5  334.2  7.2  0.48  169.9  26.4
180220262105  1.375  5.5  334.3  7.2  0.29  163.3  26.4
180220262106  1.374  5.4  334.7  7.2  0.32  166.1  26.4
180220262107  1.375  5.4  336.1  7.2  0.39  163.3  26.4
180220262108  1.375  5.3  335.1  6.8  0.30  151.8  26.4
180220262109  1.376  5.3  335.0  6.8  0.44  162.3  26.4
180220262110  1.376  5.4  337.0  7.3  0.54  167.9  26.3
180220262111  1.376  5.4  336.9  7.3  0.53  161.2  26.3
180220262112  1.375  5.4  336.3  7.3  0.50  166.6  26.3
180220262113  1.375  5.4  336.0  7.3  0.47  163.3  26.3
180220262114  1.376  5.4  335.4  7.3  0.59  168.1  26.3
180220262115  1.375  5.5  336.0  7.3  0.40  162.7  26.3
180220262116  1.374  5.6  335.4  7.3  0.45  165.1  26.3
180220262117  1.372  5.6  334.9  7.3  0.50  166.7  26.3
180220262118  1.371  5.6  335.1  7.3  0.35  161.4  26.3
180220262119  1.370  5.6  335.3  7.3  0.34  155.4  26.3
180220262120  1.369  5.5  334.5  7.0  0.37  159.1  26.3
180220262121  1.369  5.4  334.3  6.9  0.30  152.1  26.3
180220262122  1.367  5.4  335.0  6.9  0.32  165.0  26.3
180220262123  1.366  5.4  335.4  6.9  0.30  162.9  26.3
180220262124  1.365  5.3  336.2  6.5  0.25  169.9  26.3
180220262125  1.366  5.4  336.2  6.6  0.29  170.2  26.3
180220262126  1.363  5.4  336.9  7.0  0.37  180.9  26.3
180220262127  1.362  5.5  337.5  7.0  0.31  175.3  26.3
180220262128  1.360  5.5  337.6  7.0  0.40  176.8  26.3
180220262129  1.359  5.5  338.6  7.0  0.41  170.2  26.3
180220262130  1.359  5.6  339.3  7.0  0.29  161.7  26.3
180220262131  1.357  5.8  340.1  7.0  0.30  171.7  26.3
180220262132  1.356  5.8  339.3  7.0  0.38  168.9  26.3
180220262133  1.356  5.7  339.1  7.0  0.29  167.9  26.2
180220262134  1.355  5.7  337.5  7.0  0.22  166.9  26.2
180220262135  1.354  5.5  336.6  7.0  0.21  178.8  26.2
180220262136  1.352  5.3  336.9  6.8  0.30  181.5  26.2
180220262137  1.351  5.2  336.9  6.8  0.25  182.4  26.3
180220262138  1.350  5.2  336.8  6.8  0.28  167.4  26.3
180220262139  1.350  5.1  336.5  6.8  0.54  179.4  26.3
180220262140  1.349  5.0  335.7  6.6  0.38  178.6  26.3
180220262141  1.349  4.9  335.0  6.3  0.48  177.9  26.3
180220262142  1.348  4.9  335.7  6.9  0.37  172.1  26.3
180220262143  1.347  5.0  334.1  6.9  0.36  168.5  26.3
180220262144  1.346  4.9  334.2  6.9  0.32  175.0  26.3
180220262145  1.345  4.9  333.9  6.9  0.38  167.2  26.3
180220262146  1.344  5.0  333.6  6.9  0.39  171.8  26.3
180220262147  1.342  5.0  333.4  6.9  0.45  181.6  26.3
180220262148  1.340  5.0  332.8  6.9  0.44  187.2  26.3
180220262149  1.339  5.0  332.0  6.9  0.39  185.7  26.3
180220262150  1.338  5.0  333.0  6.9  0.42  181.8  26.2
180220262151  1.336  5.1  333.7  6.9  0.50  183.6  26.2
180220262152  1.335  5.0  333.9  5.9  0.30  175.5  26.2
180220262153  1.333  5.0  336.1  5.9  0.40  179.6  26.2
180220262154  1.332  5.0  336.9  5.9  0.32  171.8  26.2
180220262155  1.331  5.0  337.8  5.9  0.45  178.4  26.2
180220262156  1.330  5.0  338.9  5.9  0.57  181.5  26.2
180220262157  1.329  4.9  339.8  5.9  0.44  181.7  26.2
180220262158  1.327  4.8  340.8  5.9  0.43  175.5  26.2
180220262159  1.327  4.8  341.6  5.9  0.37  178.2  26.2
180220262200  1.326  4.7  340.6  5.9  0.38  173.4  26.2
180220262201  1.325  4.6  340.6  5.9  0.45  174.2  26.2
180220262202  1.323  4.6  341.5  5.5  0.43  178.6  26.2
180220262203  nan  4.6  341.3  5.5  0.34  171.1  26.2
180220262204  1.319  4.6  341.6  5.5  0.38  182.0  26.2
180220262205  1.317  4.6  341.7  5.5  0.44  184.7  26.2
180220262206  1.314  4.5  341.0  5.5  0.25  173.7  26.1
180220262207  1.313  4.5  339.6  5.5  0.38  171.6  26.1
180220262208  1.310  4.4  338.9  5.5  0.37  175.4  26.1
180220262209  1.306  4.3  338.6  5.5  0.43  181.4  26.1
180220262210  1.303  4.3  338.5  5.5  0.40  180.9  26.1
180220262211  1.300  4.3  338.5  5.5  0.34  179.7  26.1
180220262212  1.296  4.2  337.7  5.1  0.25  163.6  26.1
180220262213  1.294  4.0  338.4  5.1  0.33  170.1  26.1
180220262214  1.289  4.0  339.4  4.9  0.20  163.2  26.1
180220262215  1.285  4.0  340.6  4.9  0.32  173.1  26.1
180220262216  1.281  4.0  340.6  5.0  0.20  154.0  26.1
180220262217  1.277  4.0  341.7  5.1  0.20  156.8  26.1
180220262218  1.273  4.1  342.3  5.3  0.23  154.2  26.1
180220262219  1.269  4.2  343.4  5.3  0.13  81.0  26.1
180220262220  1.266  4.2  343.1  5.3  0.14  114.8  26.1
180220262221  1.262  4.1  342.9  5.3  0.18  150.3  26.1
180220262222  1.259  4.1  342.4  5.3  0.14  146.7  26.1
180220262223  1.256  4.2  341.7  5.3  0.08  47.7  26.1
180220262224  1.252  4.3  341.4  5.3  0.10  73.4  26.1
180220262225  1.249  4.3  340.7  5.3  0.03  174.1  26.1
180220262226  1.245  4.4  340.6  5.3  0.24  37.8  26.1
180220262227  1.242  4.3  340.2  5.3  0.05  80.8  26.1
180220262228  1.238  4.2  340.9  5.3  0.05  104.6  26.1
180220262229  1.234  4.2  340.4  5.2  0.21  145.4  26.1
180220262230  1.230  4.2  341.0  5.2  0.16  31.9  26.1
180220262231  1.226  4.2  340.6  5.2  0.05  141.6  26.1
180220262232  1.222  4.1  341.2  5.2  0.12  138.5  26.1
180220262233  1.219  4.0  340.9  5.2  0.09  36.6  26.2
180220262234  1.216  4.0  341.2  5.2  0.09  69.5  26.2
180220262235  1.211  4.0  341.2  5.0  0.05  72.5  26.2
180220262236  1.207  4.0  340.8  5.6  0.06  70.0  26.2
180220262237  1.201  4.1  341.1  5.6  0.03  47.6  26.2
180220262238  1.197  4.1  341.0  5.6  0.03  75.0  26.2
180220262239  1.193  4.1  340.6  5.6  0.14  33.0  26.2
180220262240  1.188  4.1  340.7  5.6  0.14  48.2  26.2
180220262241  1.184  4.1  341.3  5.6  0.07  111.0  26.2
180220262242  1.178  4.1  340.5  5.6  0.08  97.1  26.2
180220262243  1.174  4.2  340.6  5.6  0.08  76.4  26.2
180220262244  1.171  4.3  338.9  5.6  0.12  74.7  26.2
180220262245  1.167  4.2  338.6  5.6  0.06  27.9  26.2
180220262246  1.162  4.1  339.2  5.2  0.12  25.3  26.2
180220262247  1.157  4.0  338.4  5.0  0.06  28.4  26.2
180220262248  1.153  4.1  338.2  5.0  0.11  5.9  26.2
180220262249  1.150  4.1  337.4  5.5  0.17  18.8  26.2
180220262250  1.145  4.2  336.6  5.5  0.12  8.1  26.2
180220262251  1.143  4.1  335.6  5.5  0.14  11.6  26.2
180220262252  1.139  4.2  336.1  5.5  0.10  38.5  26.2
180220262253  1.135  4.1  336.0  5.5  0.10  11.1  26.2
180220262254  1.131  4.0  337.1  5.5  0.18  25.9  26.2
180220262255  1.128  4.0  338.5  5.5  0.21  14.2  26.2
180220262256  1.124  3.9  339.3  5.5  0.16  23.9  26.2
180220262257  1.119  3.9  341.1  5.5  0.12  24.5  26.2
180220262258  1.116  3.8  341.9  5.5  0.17  13.9  26.2
180220262259  1.111  3.7  343.3  5.2  0.16  342.8  26.3
180220262300  1.107  3.6  344.9  4.8  0.17  16.7  26.3
180220262301  1.104  3.8  346.5  4.8  0.24  358.6  26.3
180220262302  1.100  3.7  346.9  4.6  0.24  357.2  26.3
180220262303  1.095  3.7  347.6  4.6  0.23  347.9  26.3
180220262304  1.092  3.8  347.7  4.6  0.23  356.7  26.3
180220262305  1.089  3.8  346.3  4.6  0.11  354.1  26.3
180220262306  1.085  3.9  345.5  4.9  0.30  359.9  26.3
180220262307  1.080  4.0  344.4  4.9  0.27  359.6  26.3
180220262308  1.076  4.0  343.4  4.9  0.29  356.7  26.3
180220262309  1.072  4.0  342.3  4.9  0.44  3.9  26.3
180220262310  1.069  4.0  341.8  4.9  0.48  358.0  26.3
180220262311  1.066  4.0  341.1  4.9  0.41  9.5  26.3
180220262312  1.063  4.1  339.9  5.3  0.48  13.0  26.3
180220262313  1.060  4.0  339.9  5.3  0.35  11.3  26.3
180220262314  1.056  4.0  339.4  5.3  0.44  13.5  26.3
180220262315  1.052  4.0  340.7  5.3  0.47  3.6  26.3
180220262316  1.048  3.9  341.3  5.3  0.44  6.9  26.3
180220262317  1.043  4.0  342.3  5.3  0.38  15.8  26.3
180220262318  1.038  3.9  343.4  5.3  0.42  6.8  26.3
180220262319  1.035  3.9  345.1  5.3  0.49  6.6  26.3
180220262320  1.031  3.9  345.6  5.3  0.42  10.3  26.3
180220262321  1.027  3.9  345.7  5.3  0.53  9.4  26.3
180220262322  1.023  3.8  346.6  4.7  0.66  15.2  26.3
180220262323  1.018  3.8  346.0  4.7  0.52  5.3  26.3
180220262324  1.014  3.7  345.9  4.7  0.54  17.9  26.3
180220262325  1.011  3.6  345.1  4.7  0.61  10.0  26.3
180220262326  1.005  3.5  344.6  4.7  0.67  15.5  26.3
180220262327  1.000  3.4  344.0  4.3  0.52  12.4  26.3
180220262328  0.996  3.3  342.3  4.2  0.55  9.0  26.3
180220262329  0.994  3.2  340.2  4.2  0.48  10.5  26.3
180220262330  0.989  3.0  338.5  4.2  0.63  15.0  26.3
180220262331  0.987  2.9  336.7  3.8  0.58  8.1  26.3
180220262332  0.984  2.8  333.6  3.8  0.55  8.2  26.3
180220262333  0.980  2.8  331.3  3.5  0.56  15.9  26.3
180220262334  0.976  2.7  329.5  3.5  0.58  13.3  26.3
180220262335  0.973  2.7  325.4  3.5  0.62  7.1  26.3
180220262336  0.969  2.7  322.8  3.6  0.54  11.7  26.3
180220262337  0.964  2.7  320.0  3.6  0.75  4.8  26.3
180220262338  0.959  2.9  318.3  4.8  0.53  4.8  26.3
180220262339  0.954  2.9  317.5  4.8  0.63  3.4  26.3
180220262340  0.950  3.0  315.7  4.8  0.65  7.9  26.3
180220262341  0.945  3.1  315.8  4.8  0.61  4.1  26.3
180220262342  0.940  3.1  316.4  4.8  0.61  6.7  26.3
180220262343  0.935  3.2  315.3  4.8  0.57  358.4  26.3
180220262344  0.930  3.4  315.1  4.8  0.62  2.6  26.3
180220262345  0.924  3.4  315.8  4.8  0.60  358.3  26.3
180220262346  0.919  3.5  316.3  5.1  0.59  0.0  26.3
180220262347  0.913  3.6  316.8  5.1  0.61  2.8  26.3
180220262348  0.907  3.5  317.1  5.1  0.58  2.5  26.3
180220262349  0.900  3.5  316.4  5.1  0.63  3.8  26.3
180220262350  0.894  3.6  316.8  5.5  0.81  2.4  26.3
180220262351  0.887  3.6  315.4  5.5  0.84  3.0  26.3
180220262352  0.880  3.7  316.2  5.5  0.70  0.4  26.3
180220262353  0.873  3.7  317.9  5.5  0.80  0.8  26.3
180220262354  0.866  3.6  316.8  5.5  0.69  354.8  26.3
180220262355  0.860  3.7  316.4  5.5  0.85  2.0  26.3
180220262356  0.853  3.7  316.3  5.5  0.78  359.5  26.3
180220262357  0.847  3.6  315.8  5.5  0.90  4.0  26.3
180220262358  0.840  3.7  313.5  5.5  0.89  2.8  26.3
180220262359  0.835  3.7  314.4  6.7  0.83  4.6  26.3
190220260000  0.828  3.9  316.1  7.6  0.78  4.0  26.3
190220260001  0.821  3.9  316.9  7.6  0.87  6.0  26.3
190220260002  0.815  3.8  315.9  7.6  0.80  5.7  26.3
190220260003  0.809  3.8  315.3  7.6  0.85  2.0  26.3
190220260004  0.803  4.0  316.2  7.6  0.76  4.4  26.3
190220260005  0.799  4.1  316.6  7.6  0.95  6.6  26.3
190220260006  0.793  4.1  315.3  7.6  1.04  5.3  26.3
190220260007  0.787  4.1  314.7  7.6  0.88  7.9  26.3
190220260008  0.782  4.2  316.5  7.6  0.96  4.9  26.3
190220260009  0.776  4.3  314.6  7.6  0.97  4.3  26.3
190220260010  0.771  4.2  313.0  6.2  0.97  3.5  26.3
190220260011  0.766  4.3  312.7  6.2  1.02  6.5  26.3
190220260012  0.761  4.4  312.5  6.2  1.05  7.6  26.3
190220260013  0.755  4.5  311.7  6.7  1.05  0.8  26.3
190220260014  0.750  4.6  311.5  6.7  0.83  5.6  26.3
190220260015  0.744  4.6  311.4  6.7  1.07  4.8  26.3
190220260016  0.739  4.8  311.1  7.9  0.97  3.1  26.3
190220260017  0.733  5.0  311.4  8.3  0.92  3.3  26.3
190220260018  0.728  5.0  310.5  8.3  0.86  1.1  26.3
190220260019  0.723  5.1  310.8  8.3  1.01  0.8  26.3
190220260020  0.717  5.1  311.4  8.3  1.08  4.9  26.3
190220260021  0.712  5.2  310.8  8.3  1.21  6.0  26.3
190220260022  0.708  5.2  311.6  8.3  1.04  6.9  26.3
190220260023  0.703  5.3  311.5  8.3  1.04  10.2  26.3
190220260024  0.699  5.5  312.4  9.0  1.11  10.8  26.3
190220260025  0.694  5.5  312.5  9.0  0.99  10.0  26.3
190220260026  0.688  5.3  313.3  9.0  1.06  8.2  26.3
190220260027  0.684  5.2  313.6  9.0  1.13  10.5  26.4
190220260028  0.679  5.2  315.2  9.0  1.10  12.4  26.4
190220260029  0.674  5.1  316.2  9.0  1.13  12.6  26.4
190220260030  0.670  5.0  315.6  9.0  1.07  10.6  26.4
190220260031  0.666  4.9  316.3  9.0  1.01  12.5  26.4
190220260032  0.661  4.9  316.3  9.0  1.06  9.9  26.4
190220260033  0.657  4.7  316.2  9.0  1.11  10.0  26.4
190220260034  0.653  4.6  315.8  5.9  1.08  9.5  26.4
190220260035  0.648  4.5  315.8  5.8  1.00  10.8  26.4
190220260036  0.643  4.6  316.0  6.0  0.90  3.0  26.4
190220260037  0.639  4.6  315.5  6.0  0.92  3.8  26.4
190220260038  0.635  4.7  314.7  6.0  1.00  7.9  26.4
190220260039  0.630  4.7  314.9  6.0  0.96  3.2  26.4
190220260040  0.627  4.8  315.6  6.4  1.05  8.5  26.4
190220260041  0.623  4.9  315.3  6.9  0.99  7.5  26.4
190220260042  0.620  5.0  315.2  7.1  0.98  4.7  26.4
190220260043  0.616  5.0  315.0  7.1  0.99  2.6  26.4
190220260044  0.612  5.1  315.2  7.1  0.96  5.8  26.4
190220260045  0.608  5.3  316.1  7.1  0.91  4.6  26.4
190220260046  0.605  5.4  314.6  7.6  0.90  2.5  26.4
190220260047  0.601  5.3  315.6  7.6  0.90  5.2  26.4
190220260048  0.595  5.3  314.5  7.8  0.94  5.7  26.4
190220260049  0.591  5.5  313.2  7.8  0.88  358.4  26.4
190220260050  0.586  5.5  312.3  7.8  0.90  6.6  26.4
190220260051  0.581  5.4  313.1  7.8  0.94  1.2  26.4
190220260052  0.576  5.5  311.8  7.8  0.89  5.5  26.4
190220260053  0.571  5.6  312.6  7.8  0.84  3.7  26.4
190220260054  0.567  5.5  312.3  7.8  0.96  7.2  26.4
190220260055  0.563  5.3  310.7  7.8  0.88  6.7  26.4
190220260056  0.558  5.4  312.1  7.8  0.91  4.3  26.4
190220260057  0.554  5.5  311.5  7.8  0.89  4.9  26.4
190220260058  0.550  5.4  312.2  7.7  0.87  7.3  26.4
190220260059  0.547  5.3  313.2  7.7  0.89  3.8  26.4
190220260100  0.542  5.2  313.0  7.7  0.96  9.0  26.4
190220260101  0.538  5.3  312.3  7.7  1.01  6.6  26.4
190220260102  0.535  5.2  313.5  7.2  0.90  5.8  26.4
190220260103  0.531  5.0  313.5  7.2  0.98  6.0  26.4
190220260104  0.527  5.1  313.7  7.2  0.99  8.8  26.4
190220260105  0.524  5.1  313.9  7.2  0.90  9.0  26.4
190220260106  0.519  4.9  313.2  7.2  0.93  10.6  26.4
190220260107  0.514  4.8  313.7  7.2  0.84  7.6  26.4
190220260108  0.510  4.7  313.9  7.2  0.94  8.9  26.4
190220260109  0.506  4.7  314.2  7.2  0.90  5.4  26.4
190220260110  0.501  4.7  314.0  7.2  1.01  9.7  26.4
190220260111  0.496  4.6  313.9  7.2  0.89  7.4  26.4
190220260112  0.490  4.4  313.2  7.2  0.93  7.2  26.4
190220260113  0.486  4.2  313.6  7.2  1.00  6.1  26.4
190220260114  0.481  3.9  312.4  6.3  0.94  9.4  26.4
190220260115  0.477  3.8  310.6  6.3  0.91  9.9  26.4
190220260116  0.472  3.5  310.6  5.9  0.89  11.3  26.4
190220260117  0.466  3.3  309.4  5.9  0.89  9.4  26.4
190220260118  0.460  3.1  307.9  5.9  0.90  9.8  26.4
190220260119  0.454  2.9  306.4  5.8  1.02  10.0  26.4
190220260120  0.448  2.6  306.9  4.4  0.94  9.2  26.4
190220260121  0.443  2.5  307.8  4.4  1.01  10.4  26.4
190220260122  0.436  2.4  309.0  4.4  1.02  8.1  26.4
190220260123  0.431  2.4  308.1  4.4  1.12  11.3  26.4
190220260124  0.426  2.4  310.6  4.4  1.14  11.3  26.4
190220260125  0.420  2.3  316.1  3.4  1.03  11.8  26.4
190220260126  0.416  2.4  319.6  4.3  1.05  10.7  26.4
190220260127  0.411  2.7  321.4  5.8  1.12  15.1  26.4
190220260128  0.406  2.8  321.7  5.8  1.06  12.1  26.4
190220260129  0.402  3.0  319.4  6.2  1.09  10.5  26.4
190220260130  0.398  3.1  318.8  6.2  1.14  15.0  26.4
190220260131  0.394  3.3  318.1  6.2  0.94  12.6  26.4
190220260132  0.391  3.5  317.6  6.2  1.13  10.9  26.4
190220260133  0.387  3.7  317.2  6.2  0.98  11.6  26.4
190220260134  0.385  3.9  316.0  6.2  0.97  11.4  26.4
190220260135  0.381  4.1  314.6  6.2  1.04  14.0  26.4
190220260136  0.378  4.3  313.6  6.2  0.99  13.6  26.4
190220260137  0.375  4.2  312.5  6.2  1.05  11.6  26.4
190220260138  0.371  4.3  313.0  6.5  1.02  14.2  26.4
190220260139  0.367  4.4  314.2  6.5  0.95  10.0  26.4
190220260140  0.364  4.5  314.1  6.5  1.04  10.6  26.4
190220260141  0.360  4.5  314.1  6.5  1.05  9.3  26.4
190220260142  0.356  4.4  314.0  6.5  1.01  11.2  26.4
190220260143  0.351  4.4  314.7  6.5  0.90  11.4  26.4
190220260144  0.349  4.4  314.9  6.5  0.89  10.6  26.4
190220260145  0.344  4.4  315.6  6.5  0.96  8.5  26.4
190220260146  0.340  4.2  315.1  6.5  0.97  9.7  26.4
190220260147  0.336  4.1  314.9  6.5  0.97  9.7  26.4
190220260148  0.331  4.0  314.5  5.9  1.07  12.0  26.4
190220260149  0.327  3.9  315.0  5.9  1.00  9.9  26.4
190220260150  0.322  3.8  315.3  5.9  1.02  11.2  26.4
190220260151  0.318  3.8  315.1  5.1  0.97  9.7  26.4
190220260152  0.313  3.7  313.8  4.9  1.03  10.5  26.4
190220260153  0.310  3.6  312.5  4.9  0.94  8.0  26.4
190220260154  0.306  3.6  311.9  4.9  0.94  7.0  26.4
190220260155  0.301  3.5  310.4  4.9  0.98  9.0  26.4
190220260156  0.297  3.5  309.4  4.9  1.03  7.7  26.4
190220260157  0.294  3.6  308.9  4.9  0.98  7.8  26.4
190220260158  0.289  3.7  310.2  5.1  0.94  11.0  26.4
190220260159  0.286  3.7  309.6  5.1  0.96  5.5  26.4
190220260200  0.281  3.7  308.9  5.1  1.02  10.2  26.4
190220260201  0.278  3.8  309.1  5.1  0.96  8.0  26.4
190220260202  0.274  3.9  310.2  5.4  1.01  11.2  26.4
190220260203  0.270  4.0  309.6  5.4  0.99  10.0  26.4
190220260204  0.267  4.1  308.7  5.4  1.01  12.0  26.4
190220260205  0.263  4.1  308.1  5.4  0.90  12.7  26.4
190220260206  0.260  4.1  308.0  5.4  0.87  10.0  26.4
190220260207  0.259  4.1  307.6  5.4  1.05  10.6  26.4
190220260208  0.256  4.2  306.7  5.4  1.04  11.7  26.4
190220260209  0.252  4.1  307.6  5.4  0.97  12.6  26.4
190220260210  0.249  4.0  308.9  5.4  1.01  12.3  26.4
190220260211  0.246  3.9  309.8  5.4  0.98  8.8  26.4
190220260212  0.243  3.8  310.7  5.1  0.97  11.4  26.4
190220260213  0.241  3.7  312.4  5.1  0.86  11.2  26.4
190220260214  0.237  3.7  314.2  5.1  1.01  9.7  26.4
190220260215  0.235  3.6  316.0  5.1  0.88  11.5  26.4
190220260216  0.232  3.6  317.1  5.1  0.93  8.3  26.4
190220260217  0.229  3.5  318.8  5.1  0.86  9.6  26.4
190220260218  0.226  3.4  319.8  5.1  1.05  13.9  26.4
190220260219  0.224  3.4  319.9  4.7  1.04  10.5  26.4
190220260220  0.221  3.3  320.7  4.7  0.90  10.9  26.4
190220260221  0.219  3.2  321.7  4.7  1.03  13.1  26.4
190220260222  0.216  3.1  322.8  4.7  1.03  9.5  26.4
190220260223  0.213  3.1  323.7  4.7  0.99  12.1  26.4
190220260224  0.211  3.1  325.4  4.7  0.91  10.4  26.4
190220260225  0.209  3.0  326.0  4.7  1.01  8.2  26.4
190220260226  0.208  3.0  326.3  4.4  0.86  11.8  26.4
190220260227  0.206  2.9  326.1  4.4  0.90  9.6  26.4
190220260228  0.203  2.9  326.4  4.2  0.90  12.1  26.4
190220260229  0.201  2.9  326.2  4.2  0.90  7.8  26.4
190220260230  0.200  2.8  325.8  4.2  0.86  9.4  26.4
190220260231  0.198  2.9  325.5  4.2  0.97  10.3  26.4
190220260232  0.196  2.9  325.8  4.2  0.85  9.5  26.4
190220260233  0.194  2.8  325.5  4.2  0.83  10.3  26.4
190220260234  0.192  2.8  325.2  3.6  0.89  13.5  26.4
190220260235  0.190  2.8  326.4  3.6  1.03  9.2  26.4
190220260236  0.189  2.8  326.4  3.7  1.02  8.3  26.4
190220260237  0.187  2.8  326.5  3.7  0.92  9.3  26.4
190220260238  0.186  2.9  326.5  3.8  0.89  8.9  26.4
190220260239  0.185  2.9  326.9  3.8  1.01  4.9  26.4
190220260240  0.185  3.0  326.2  3.8  0.94  10.4  26.4
190220260241  0.184  3.1  324.4  4.3  0.88  10.8  26.4
190220260242  0.184  3.3  321.6  5.8  0.86  8.2  26.4
190220260243  0.184  3.4  319.4  5.8  0.86  8.8  26.4
190220260244  0.184  3.7  318.3  6.3  0.84  5.1  26.4
190220260245  0.184  3.9  316.9  6.3  0.90  4.5  26.4
190220260246  0.184  4.1  316.9  6.3  0.84  6.4  26.4
190220260247  0.184  4.3  317.6  6.3  0.89  6.1  26.4
190220260248  0.185  4.4  317.1  6.3  0.80  4.0  26.4
190220260249  0.185  4.5  316.8  6.3  0.83  7.0  26.4
190220260250  0.184  4.7  316.9  6.3  0.87  6.5  26.4
190220260251  0.186  4.8  317.6  6.3  0.80  7.1  26.4
190220260252  0.185  4.7  318.2  6.3  0.81  7.2  26.4
190220260253  0.185  4.7  319.1  6.3  0.75  4.5  26.4
190220260254  0.186  4.6  318.6  6.2  0.78  7.4  26.4
190220260255  0.185  4.5  319.0  6.2  0.75  4.3  26.4
190220260256  0.183  4.3  319.0  6.2  0.76  1.6  26.5
190220260257  0.182  4.3  318.6  6.2  0.77  2.2  26.4
190220260258  0.182  4.4  318.6  6.2  0.85  5.7  26.4
190220260259  0.181  4.3  318.9  6.2  0.73  1.4  26.4
190220260300  0.180  4.2  318.7  6.2  0.78  4.6  26.4
190220260301  0.180  4.2  318.5  6.5  0.72  359.5  26.4
190220260302  0.179  4.3  318.7  6.5  0.77  2.4  26.4
190220260303  0.180  4.3  319.5  6.5  0.66  3.9  26.4
190220260304  0.178  4.3  320.7  6.5  0.80  5.7  26.4
190220260305  0.178  4.3  320.1  6.5  0.79  5.2  26.4
190220260306  0.177  4.4  320.9  6.5  0.68  0.3  26.4
190220260307  0.176  4.4  321.5  6.5  0.75  5.2  26.4
190220260308  0.175  4.3  322.9  6.5  0.75  3.2  26.4
190220260309  0.175  4.2  323.6  6.5  0.77  3.8  26.4
190220260310  0.175  4.2  324.6  6.5  0.84  3.5  26.4
190220260311  0.175  4.2  325.8  5.7  0.76  3.2  26.4
190220260312  0.175  4.2  327.0  5.7  0.79  2.7  26.4
190220260313  0.174  4.3  326.4  5.7  0.70  3.5  26.4
190220260314  0.174  4.4  325.9  5.7  0.73  5.3  26.5
190220260315  0.173  4.4  327.5  6.5  0.71  1.8  26.5
190220260316  0.172  4.4  327.6  6.5  0.76  5.0  26.5
190220260317  0.172  4.4  327.3  6.5  0.74  3.5  26.5
190220260318  0.172  4.4  327.0  6.5  0.69  5.0  26.5
190220260319  0.172  4.4  326.2  6.5  0.84  8.4  26.5
190220260320  0.172  4.4  324.3  6.5  0.74  1.5  26.5
190220260321  0.171  4.3  323.1  6.5  0.78  5.1  26.5
190220260322  0.171  4.1  322.1  6.5  0.76  4.1  26.5
190220260323  0.171  3.9  321.7  6.5  0.73  4.6  26.5
190220260324  0.171  3.9  321.2  6.5  0.60  358.1  26.5
190220260325  0.171  3.7  319.7  5.4  0.73  4.8  26.5
190220260326  0.171  3.7  318.6  5.4  0.74  5.8  26.5
190220260327  0.173  3.7  318.3  5.0  0.71  1.4  26.5
190220260328  0.174  3.6  319.0  5.0  0.80  4.6  26.5
190220260329  0.175  3.6  319.9  5.0  0.76  6.2  26.5
190220260330  0.176  3.6  321.6  5.0  0.75  5.3  26.5
190220260331  0.177  3.6  322.1  5.0  0.74  2.5  26.5
190220260332  0.178  3.8  322.8  5.0  0.67  3.4  26.5
190220260333  0.179  3.9  323.1  5.1  0.71  5.3  26.5
190220260334  0.180  3.9  324.4  5.1  0.66  2.7  26.5
190220260335  0.182  4.0  325.2  5.1  0.70  4.2  26.5
190220260336  0.184  4.1  326.2  5.6  0.77  4.9  26.5
190220260337  0.186  4.1  326.5  5.6  0.66  6.6  26.5
190220260338  0.189  4.2  326.8  5.9  0.73  8.2  26.5
190220260339  0.191  4.5  327.1  6.6  0.64  4.1  26.5
190220260340  0.194  4.6  327.9  6.6  0.63  3.1  26.5
190220260341  0.196  4.8  328.7  6.6  0.72  2.4  26.5
190220260342  0.198  4.9  329.4  6.7  0.67  3.3  26.5
190220260343  0.200  5.0  329.9  6.7  0.77  3.4  26.5
190220260344  0.204  5.2  329.9  6.7  0.58  357.8  26.5
190220260345  0.207  5.3  329.8  6.7  0.56  356.4  26.5
190220260346  0.210  5.1  329.0  6.7  0.54  1.0  26.5
190220260347  0.213  5.0  328.0  6.7  0.52  1.4  26.5
190220260348  0.216  4.9  326.5  6.7  0.53  356.4  26.5
190220260349  0.219  4.7  325.3  6.7  0.46  359.1  26.5
190220260350  0.222  4.6  324.4  6.7  0.44  352.1  26.5
190220260351  0.226  4.5  324.0  6.7  0.47  355.7  26.5
190220260352  0.229  4.2  323.2  6.3  0.58  3.3  26.5
190220260353  0.233  4.1  323.4  5.7  0.46  6.2  26.5
190220260354  0.237  4.1  324.0  6.9  0.57  358.0  26.5
190220260355  0.239  4.1  323.6  6.9  0.44  355.6  26.5
190220260356  0.244  4.2  324.7  6.9  0.32  352.4  26.5
190220260357  0.247  4.4  327.3  6.9  0.34  358.4  26.5
190220260358  0.251  4.6  328.9  6.9  0.40  359.8  26.5
190220260359  0.255  4.7  329.6  6.9  0.27  349.6  26.5
190220260400  0.260  4.8  329.9  6.9  0.43  358.4  26.5
190220260401  0.263  5.1  329.5  6.9  0.34  1.5  26.5
190220260402  0.268  5.2  329.2  6.9  0.42  2.6  26.5
190220260403  0.272  5.3  329.1  6.9  0.29  350.9  26.5
190220260404  0.277  5.3  328.4  6.7  0.36  354.7  26.5
190220260405  0.281  5.3  328.5  6.7  0.31  353.8  26.5
190220260406  0.285  5.3  328.8  6.7  0.37  351.1  26.5
190220260407  0.288  5.2  327.6  6.1  0.26  345.0  26.5
190220260408  0.293  5.0  326.5  6.1  0.24  341.0  26.5
190220260409  0.298  4.9  326.0  6.1  0.18  1.8  26.5
190220260410  0.303  4.7  325.7  6.1  0.14  335.5  26.5
190220260411  0.306  4.6  325.5  5.9  0.13  336.5  26.5
190220260412  0.311  4.4  325.6  5.9  0.11  11.0  26.5
190220260413  0.315  4.3  324.5  5.9  0.22  345.5  26.5
190220260414  0.319  4.2  324.5  5.9  0.08  336.3  26.5
190220260415  0.324  4.2  324.5  5.9  0.18  354.5  26.5
190220260416  0.328  4.1  323.2  5.2  0.08  4.6  26.5
190220260417  0.333  4.1  323.1  5.0  nan  nan  nan
190220260418  0.338  4.1  323.7  5.0  0.07  263.1  26.5
190220260419  0.342  4.1  324.4  5.0  0.07  315.0  26.5
190220260420  0.346  4.0  325.0  5.0  0.05  346.5  26.5
190220260421  0.351  4.0  325.1  5.0  0.11  1.2  26.5
190220260422  0.356  3.9  325.1  5.0  0.06  295.9  26.5
190220260423  0.360  3.8  325.6  5.0  0.11  336.3  26.5
190220260424  0.364  3.8  326.2  5.0  0.05  22.5  26.5
190220260425  0.370  3.8  326.1  5.0  0.09  346.8  26.5
190220260426  0.373  3.7  326.8  5.0  0.13  322.0  26.5
190220260427  0.377  3.6  326.7  5.0  0.13  242.4  26.5
190220260428  0.381  3.5  325.8  4.8  0.17  210.5  26.5
190220260429  0.384  3.5  323.8  4.9  0.14  236.7  26.4
190220260430  0.388  3.6  321.8  6.0  0.19  218.7  26.4
190220260431  0.393  3.7  320.6  6.0  0.15  214.6  26.4
190220260432  0.396  3.9  319.7  6.0  0.20  217.8  26.4
190220260433  0.400  4.0  319.2  6.0  0.15  217.2  26.4
190220260434  0.405  4.1  318.2  6.5  0.14  215.5  26.4
190220260435  0.410  4.3  317.7  6.6  0.34  201.6  26.4
190220260436  0.413  4.4  317.6  6.6  0.26  208.0  26.4
190220260437  0.420  4.6  317.3  6.6  0.30  209.1  26.4
190220260438  0.425  4.6  317.7  6.6  0.22  207.8  26.4
190220260439  0.430  4.6  318.6  6.6  0.36  200.4  26.4
190220260440  0.434  4.6  319.6  6.6  0.35  194.4  26.4
190220260441  0.438  4.7  319.8  6.6  0.39  185.7  26.4
190220260442  0.441  4.8  320.5  6.6  0.23  181.6  26.4
190220260443  0.445  4.8  321.0  6.6  0.36  192.8  26.4
190220260444  0.450  4.8  321.1  6.6  0.37  187.6  26.4
190220260445  0.453  4.7  322.6  6.3  0.34  183.4  26.4
190220260446  0.458  4.7  322.9  6.3  0.23  187.1  26.4
190220260447  0.462  4.7  323.4  6.3  0.31  188.9  26.4
190220260448  0.466  4.8  324.5  6.3  0.21  187.9  26.4
190220260449  0.471  4.8  325.2  6.3  0.24  171.9  26.4
190220260450  0.476  4.8  325.1  6.3  0.30  187.0  26.4
190220260451  0.480  4.6  326.0  6.3  0.17  201.4  26.4
190220260452  0.485  4.5  326.2  6.3  0.30  185.9  26.4
190220260453  0.488  4.3  326.5  6.3  0.28  177.7  26.4
190220260454  0.494  4.1  326.8  6.3  0.21  188.4  26.4
190220260455  0.500  4.0  326.6  5.5  0.22  178.0  26.4
190220260456  0.506  3.9  327.1  5.5  0.24  183.4  26.4
190220260457  0.511  3.8  326.7  5.3  0.27  187.9  26.4
190220260458  0.516  3.7  326.5  4.9  0.29  195.3  26.4
190220260459  0.521  3.5  327.3  4.6  0.24  188.2  26.4
190220260500  0.526  3.5  329.3  4.5  0.21  202.1  26.4
190220260501  0.531  3.5  329.7  4.5  0.17  188.1  26.4
190220260502  0.535  3.4  331.2  4.5  0.25  180.5  26.4
190220260503  0.540  3.6  333.4  5.7  0.33  189.7  26.4
190220260504  0.545  3.8  335.9  6.8  0.25  189.1  26.4
190220260505  0.550  4.1  336.7  6.8  0.33  194.0  26.4
190220260506  0.554  4.2  337.8  6.8  0.35  187.4  26.4
190220260507  0.561  4.5  340.3  8.0  0.37  193.0  26.4
190220260508  0.566  4.9  341.0  8.3  0.36  190.9  26.4
190220260509  0.571  5.2  341.2  8.3  0.35  190.6  26.4
190220260510  0.577  5.4  342.1  8.3  0.38  193.2  26.4
190220260511  0.582  5.7  342.9  8.3  0.37  188.2  26.4
190220260512  0.587  6.1  343.3  8.3  0.45  188.5  26.4
190220260513  0.592  6.2  344.1  8.3  0.49  186.2  26.4
190220260514  0.596  6.2  344.6  8.3  0.53  182.2  26.4
190220260515  0.600  6.2  345.3  8.3  0.44  182.6  26.4
190220260516  0.604  6.2  346.1  8.3  0.36  174.5  26.4
190220260517  0.609  6.2  346.5  8.3  0.40  176.2  26.4
190220260518  0.614  6.0  346.9  8.2  0.41  171.1  26.3
190220260519  0.619  5.9  347.4  8.2  0.37  169.8  26.3
190220260520  0.624  5.8  346.8  8.2  0.47  179.0  26.3
190220260521  0.629  5.6  347.0  8.2  0.31  172.1  26.3
190220260522  0.633  5.4  346.8  7.1  0.37  179.4  26.3
190220260523  0.638  5.2  345.8  7.1  0.42  175.0  26.3
190220260524  0.643  5.1  344.8  6.5  0.27  174.7  26.3
190220260525  0.648  5.0  344.4  6.4  0.39  181.6  26.3
190220260526  0.653  5.1  343.9  6.4  0.35  177.6  26.3
190220260527  0.659  5.0  343.7  6.4  0.36  177.9  26.3
190220260528  0.664  5.0  343.6  6.4  0.33  176.2  26.3
190220260529  0.670  5.0  342.8  6.4  0.48  175.6  26.3
190220260530  0.675  5.2  342.2  6.4  0.56  171.5  26.3
190220260531  0.681  5.2  341.6  6.4  0.63  176.0  26.3
190220260532  0.686  5.0  340.4  6.4  0.62  172.1  26.3
190220260533  0.692  5.0  339.6  6.4  0.58  168.9  26.3
190220260534  0.698  4.8  339.0  6.4  0.55  172.8  26.3
190220260535  0.705  4.6  338.2  6.4  0.66  173.9  26.3
190220260536  0.712  4.4  337.2  6.4  0.69  171.6  26.3
190220260537  0.718  4.3  336.0  6.3  0.64  167.4  26.3
190220260538  0.725  4.3  335.5  6.3  0.60  161.6  26.3
190220260539  0.732  4.2  335.2  6.3  0.63  166.1  26.3
190220260540  0.739  4.1  335.5  5.8  0.75  170.4  26.3
190220260541  0.744  4.1  336.6  5.6  0.81  175.6  26.3
190220260542  0.751  4.2  339.2  5.7  0.85  167.8  26.3
190220260543  0.758  4.3  341.1  5.7  0.96  169.8  26.3
190220260544  0.764  4.5  342.7  5.7  0.94  171.0  26.3
190220260545  0.770  4.8  344.0  6.4  0.95  171.2  26.3
190220260546  0.778  5.0  345.7  6.6  0.94  168.8  26.3
190220260547  0.783  5.1  346.9  6.6  0.80  167.9  26.3
190220260548  0.790  5.3  347.3  6.7  0.75  168.5  26.3
190220260549  0.796  5.4  348.3  7.0  0.96  170.2  26.3
190220260550  0.802  5.6  349.1  7.0  0.90  170.7  26.3
190220260551  0.807  5.8  349.6  7.0  0.90  172.8  26.3
190220260552  0.814  6.0  349.3  7.0  0.92  170.9  26.3
190220260553  0.821  6.0  348.9  7.0  0.93  170.9  26.3
190220260554  0.828  6.1  348.6  7.0  1.08  171.6  26.3
190220260555  0.835  6.1  347.9  7.0  0.90  169.1  26.3
190220260556  0.841  6.1  346.6  7.2  0.90  169.3  26.3
190220260557  0.848  5.9  345.3  7.2  1.01  167.5  26.3
190220260558  0.855  5.8  344.0  7.2  0.98  169.9  26.3
190220260559  0.863  5.8  342.9  7.2  1.00  167.5  26.3
190220260600  0.869  5.8  341.6  7.9  1.08  170.5  26.3
190220260601  0.876  5.8  340.0  7.9  1.01  171.1  26.3
190220260602  0.883  5.9  339.5  7.9  1.06  170.3  26.3
190220260603  0.889  5.9  339.6  7.9  1.06  172.3  26.3
190220260604  0.897  6.0  339.4  7.9  0.98  168.8  26.3
190220260605  0.904  6.0  339.8  7.9  1.01  170.7  26.3
190220260606  0.911  6.2  340.7  7.9  1.08  169.1  26.3
190220260607  0.918  6.4  341.7  7.9  1.05  167.6  26.3
190220260608  0.925  6.6  342.6  7.9  1.13  171.8  26.3
190220260609  0.931  6.7  342.9  7.9  1.01  170.0  26.3
190220260610  0.938  6.7  343.0  7.6  1.05  170.3  26.3
190220260611  0.945  6.7  343.2  7.6  1.12  172.8  26.3
190220260612  0.951  6.7  343.2  8.0  1.07  173.6  26.3
190220260613  0.956  6.8  342.7  8.0  1.08  173.2  26.3
190220260614  0.963  6.9  343.0  8.4  1.00  172.8  26.3
190220260615  0.969  7.0  343.3  8.4  1.06  177.2  26.3
190220260616  0.975  7.1  343.6  9.1  0.97  174.0  26.3
190220260617  0.981  7.2  343.7  9.1  1.00  172.6  26.3
190220260618  0.988  7.3  343.7  9.1  0.81  177.1  26.3
190220260619  0.993  7.5  344.2  9.5  0.94  175.1  26.3
190220260620  0.999  7.7  345.2  10.2  0.96  177.6  26.3
190220260621  1.004  8.0  345.0  11.2  1.02  174.6  26.3
190220260622  1.009  8.2  345.1  11.2  1.01  177.2  26.3
190220260623  1.016  8.4  344.3  11.2  1.05  175.5  26.3
190220260624  1.021  8.5  343.7  11.2  1.09  173.5  26.3
190220260625  1.027  8.8  342.5  11.4  1.11  175.6  26.3
190220260626  1.032  8.9  341.2  11.4  1.16  176.1  26.3
190220260627  1.039  9.1  340.0  11.4  1.16  176.4  26.3
190220260628  1.044  9.1  339.4  11.4  1.00  176.3  26.3
190220260629  1.050  9.3  338.3  11.4  1.13  175.8  26.3
190220260630  1.055  9.1  336.8  11.4  1.05  176.9  26.3
190220260631  1.060  9.1  336.7  11.4  1.07  175.4  26.3
190220260632  1.065  8.9  336.0  11.4  1.09  178.6  26.3
190220260633  1.070  8.8  335.9  11.4  1.02  177.2  26.3
190220260634  1.075  8.8  335.7  11.4  0.96  175.4  26.3
190220260635  1.081  8.6  336.0  11.0  0.98  177.3  26.3
190220260636  1.086  8.6  336.2  11.4  1.08  176.6  26.3
190220260637  1.093  8.5  337.0  11.4  1.04  182.2  26.3
190220260638  1.097  8.6  337.4  11.4  1.05  178.8  26.3
190220260639  1.104  8.4  337.3  11.4  0.98  181.2  26.3
190220260640  1.108  8.5  337.6  11.4  1.07  180.4  26.3
190220260641  1.114  8.5  337.4  11.4  1.01  179.4  26.3
190220260642  1.119  8.4  336.8  11.4  0.94  176.9  26.2
190220260643  1.123  8.2  336.9  11.4  0.92  176.6  26.2
190220260644  1.128  8.1  337.1  11.4  1.02  177.7  26.2
190220260645  1.134  7.6  336.4  11.4  0.97  176.7  26.2
190220260646  1.139  7.2  335.8  10.7  0.95  175.3  26.2
190220260647  1.145  6.9  334.5  10.7  0.97  179.8  26.2
190220260648  1.151  6.6  333.9  9.6  1.09  183.1  26.2
190220260649  1.156  6.3  334.5  9.1  0.96  179.7  26.2
190220260650  1.161  6.2  335.2  8.8  1.06  179.9  26.2
190220260651  1.166  6.3  335.7  9.0  0.78  177.6  26.2
190220260652  1.169  6.3  335.7  9.0  1.04  178.2  26.2
190220260653  1.175  6.4  335.9  9.0  1.00  180.6  26.2
190220260654  1.180  6.3  335.8  9.0  1.01  181.0  26.2
190220260655  1.187  6.5  335.8  9.0  1.03  180.6  26.2
190220260656  1.193  6.5  336.3  9.0  0.93  180.0  26.2
190220260657  1.200  6.6  337.1  9.0  0.91  182.6  26.2
190220260658  1.205  6.7  337.7  9.0  0.86  179.5  26.2
190220260659  1.211  6.8  337.7  9.0  0.81  183.4  26.2
190220260700  1.217  6.7  337.1  9.0  0.81  184.5  26.2
190220260701  1.222  6.7  336.6  9.6  0.81  179.7  26.2
190220260702  1.228  6.7  336.2  9.6  0.88  178.3  26.2
190220260703  1.235  6.9  336.2  10.4  0.96  175.7  26.1
190220260704  1.241  7.3  336.6  10.4  0.99  177.0  26.1
190220260705  1.246  7.3  337.5  10.4  1.02  178.1  26.1
190220260706  1.253  7.4  337.5  10.4  0.95  175.8  26.1
190220260707  1.259  7.3  338.2  10.4  0.87  179.0  26.1
190220260708  1.265  7.4  337.5  10.4  0.98  178.9  26.1
190220260709  1.272  7.5  337.9  10.4  0.89  182.0  26.1
190220260710  1.276  7.5  338.8  10.4  0.99  182.3  26.1
190220260711  1.282  7.4  338.6  10.4  0.95  183.0  26.1
190220260712  1.289  7.4  340.8  10.4  1.02  180.4  26.1
190220260713  1.295  7.4  342.0  9.7  1.03  181.1  26.1
190220260714  1.302  7.3  342.3  9.7  1.06  179.3  26.1
190220260715  1.308  7.4  342.9  9.7  1.02  180.9  26.1
190220260716  1.315  7.5  343.1  9.7  0.93  176.1  26.1
190220260717  1.321  7.7  342.7  10.3  1.02  181.1  26.1
190220260718  1.329  7.9  343.7  10.3  0.99  174.0  26.1
190220260719  1.336  8.0  343.6  10.3  1.13  177.2  26.1
190220260720  1.341  8.2  343.2  10.3  0.98  177.3  26.1
190220260721  1.348  8.3  343.6  10.3  1.20  176.0  26.1
190220260722  1.354  8.3  343.0  10.3  0.98  177.6  26.1
190220260723  1.360  8.4  343.0  10.3  1.08  175.3  26.1
190220260724  1.367  8.6  343.3  10.3  0.90  174.2  26.1
190220260725  1.373  8.8  343.2  10.3  0.90  175.2  26.1
190220260726  1.379  8.9  343.6  10.9  0.85  176.1  26.1
190220260727  1.384  8.9  343.9  10.9  0.96  174.3  26.1
190220260728  1.391  9.0  343.9  10.9  0.92  177.7  26.1
190220260729  1.397  9.1  344.6  10.9  1.03  175.6  26.1
190220260730  1.405  9.1  345.0  10.9  0.89  175.3  26.1
190220260731  1.411  9.0  345.4  10.9  1.00  175.3  26.1
190220260732  1.417  9.0  345.7  10.9  0.78  179.9  26.1
190220260733  1.425  8.9  346.1  10.9  1.02  178.1  26.1
190220260734  1.430  8.9  345.7  10.9  0.92  172.3  26.1
190220260735  1.436  8.7  345.8  10.9  0.98  174.1  26.1
190220260736  1.442  8.6  346.3  10.5  1.01  173.0  26.1
190220260737  1.447  8.6  346.9  10.3  0.96  169.0  26.1
190220260738  1.453  8.6  346.9  9.8  0.82  172.4  26.1
190220260739  1.459  8.6  346.3  9.8  0.90  171.0  26.1
190220260740  1.464  8.6  346.3  9.8  0.88  170.6  26.1
190220260741  1.469  8.6  346.3  9.8  0.81  173.1  26.1
190220260742  1.474  8.8  346.3  9.8  0.95  170.6  26.1
190220260743  1.479  8.7  346.0  9.8  0.85  169.6  26.1
190220260744  1.483  8.6  346.5  9.7  0.90  171.1  26.1
190220260745  1.489  8.6  346.4  9.7  0.85  168.4  26.1
190220260746  1.494  8.6  346.0  9.8  0.87  169.6  26.1
190220260747  1.499  8.4  345.1  9.8  0.86  171.9  26.1
190220260748  1.502  8.4  345.2  9.8  0.85  169.9  26.1
190220260749  1.507  8.4  345.6  9.8  0.98  170.6  26.1
190220260750  1.510  8.4  345.8  9.8  0.99  169.5  26.1
190220260751  1.514  8.4  345.8  9.8  0.88  165.8  26.1
190220260752  1.518  8.4  345.8  9.8  0.95  171.2  26.1
190220260753  1.521  8.4  346.1  9.8  0.70  172.5  26.1
190220260754  1.524  8.4  346.3  9.8  0.79  170.0  26.1
190220260755  1.527  8.4  346.4  9.8  0.98  167.0  26.1
190220260756  1.531  8.4  346.5  9.7  1.04  170.4  26.1
190220260757  1.534  8.4  347.3  9.7  1.03  172.4  26.1
190220260758  1.537  8.3  347.6  9.7  0.80  168.3  26.1
190220260759  1.541  8.2  347.8  9.7  1.09  171.3  26.1
190220260800  1.544  8.2  348.4  9.7  0.73  166.1  26.1
190220260801  1.547  8.1  349.7  9.7  0.96  170.1  26.1
190220260802  1.549  8.0  350.6  9.7  0.86  171.4  26.1
190220260803  1.553  7.9  350.9  9.3  0.83  170.8  26.0
190220260804  1.556  7.9  351.5  9.3  0.78  173.1  26.0
190220260805  1.560  7.8  352.1  9.3  0.45  168.3  26.0
190220260806  1.563  7.8  352.8  9.1  0.69  169.7  26.0
190220260807  1.567  7.8  353.0  9.1  0.84  168.4  26.0
190220260808  1.570  7.7  353.2  9.1  0.90  172.4  26.0
190220260809  1.575  7.7  354.0  9.1  0.88  172.3  26.0
190220260810  1.578  7.7  354.0  9.0  0.88  174.5  26.0
190220260811  1.581  7.7  353.7  8.6  0.90  171.2  26.0
190220260812  1.585  7.7  354.4  8.6  0.92  168.9  26.0
190220260813  1.587  7.7  355.1  8.6  0.83  169.9  26.0
190220260814  1.591  7.7  355.0  8.9  0.76  170.3  26.0
190220260815  1.592  7.7  355.4  8.9  0.83  176.4  26.0
190220260816  1.595  7.8  355.8  9.4  0.86  170.5  26.0
190220260817  1.598  7.9  355.8  9.4  0.83  168.5  26.0
190220260818  1.601  8.1  356.5  9.9  0.72  172.7  26.0
190220260819  1.604  8.2  356.7  9.9  0.86  174.1  26.0
190220260820  1.608  8.2  357.0  9.9  0.92  173.6  26.0
190220260821  1.611  8.4  357.5  9.9  0.83  177.0  26.0
190220260822  1.615  8.5  357.0  10.3  0.58  185.0  26.0
190220260823  1.617  8.6  357.9  11.1  0.81  177.0  26.0
190220260824  1.621  8.7  357.2  11.1  0.81  184.9  26.0
190220260825  1.624  8.8  357.4  11.1  0.83  184.1  26.0
190220260826  1.626  8.8  357.2  11.1  0.84  181.5  26.0
190220260827  1.630  8.6  357.2  11.1  0.83  190.4  26.0
190220260828  1.633  8.3  355.6  11.1  0.84  178.3  26.0
190220260829  1.635  8.2  354.1  11.1  0.76  174.1  26.0
190220260830  1.640  8.2  351.2  11.1  0.91  179.5  26.0
190220260831  1.642  8.0  348.7  11.1  0.89  178.8  26.0
190220260832  1.645  7.9  346.2  11.1  0.83  182.5  26.0
190220260833  1.649  7.7  343.3  10.2  0.91  182.1  26.0
190220260834  1.650  7.5  342.9  10.2  0.92  181.8  26.0
190220260835  1.654  7.3  340.3  10.2  0.84  184.3  26.0
190220260836  1.657  7.2  338.6  10.2  0.84  179.9  26.0
190220260837  1.660  7.2  339.0  10.2  0.93  181.6  26.0
190220260838  1.664  7.4  340.5  10.3  0.73  180.1  26.0
190220260839  1.667  7.1  339.1  10.3  0.69  179.0  26.0
190220260840  1.670  6.8  340.0  10.3  0.78  184.0  26.0
190220260841  1.673  6.8  340.3  10.3  0.51  168.3  26.0
190220260842  1.676  6.7  341.1  10.3  0.71  179.6  26.0
190220260843  1.680  6.8  342.1  10.3  0.71  187.2  26.0
190220260844  1.682  7.0  341.5  10.3  0.74  185.9  26.0
190220260845  1.686  7.2  342.9  10.3  0.77  190.6  25.9
190220260846  1.689  7.3  343.7  10.3  0.58  182.0  25.9
190220260847  1.692  7.4  343.6  10.3  0.77  187.7  25.9
190220260848  1.695  7.4  344.1  10.2  0.56  182.7  25.9
190220260849  1.698  7.8  347.7  10.2  0.69  183.4  25.9
190220260850  1.702  8.0  349.2  10.2  0.69  177.9  25.9
190220260851  1.707  8.1  351.3  10.2  0.70  178.8  25.9
190220260852  1.710  8.1  352.5  10.2  0.61  173.5  25.9
190220260853  1.713  8.2  353.1  10.2  0.58  184.8  25.9
190220260854  1.714  8.0  355.4  10.2  0.72  181.6  25.9
190220260855  1.717  7.9  356.6  10.2  0.93  180.8  25.9
190220260856  1.720  8.0  357.5  10.2  0.68  178.0  25.9
190220260857  1.723  8.2  357.8  10.2  0.65  180.8  25.9
190220260858  1.726  8.0  358.6  10.0  0.66  185.6  25.9
190220260859  1.730  7.9  358.2  10.0  0.76  183.4  25.9
190220260900  1.731  7.9  358.2  10.0  0.57  186.7  25.9
190220260901  1.733  7.9  359.0  10.0  0.36  189.4  25.9
190220260902  1.736  8.0  359.6  10.0  0.57  173.7  25.9
190220260903  1.738  7.9  0.1  10.0  0.45  199.1  25.9
190220260904  1.739  7.9  0.5  10.0  0.60  183.1  25.9
190220260905  1.740  8.0  0.9  10.0  0.79  180.6  25.9
190220260906  1.742  7.9  1.2  9.7  0.61  183.1  25.9
190220260907  1.743  7.8  1.5  9.2  0.76  183.1  25.9
190220260908  1.744  7.6  1.1  9.2  0.58  180.3  25.9
190220260909  1.743  7.6  0.5  9.2  0.64  181.1  25.9
190220260910  1.745  7.7  0.6  9.3  0.44  179.4  25.9
190220260911  1.746  7.6  0.2  9.3  0.81  178.6  25.9
190220260912  1.746  7.5  0.7  9.3  0.62  174.1  25.9
190220260913  1.747  7.4  0.6  9.3  0.52  176.7  25.9
190220260914  1.747  7.3  0.4  9.3  0.53  181.4  25.9
190220260915  1.746  7.2  359.9  9.3  0.63  177.4  25.9
190220260916  1.748  7.0  359.5  9.3  0.46  171.4  25.9
190220260917  1.749  6.9  359.4  9.3  0.55  171.3  25.9
190220260918  1.748  6.9  359.5  9.3  0.58  183.7  25.9
190220260919  1.749  6.9  0.8  9.3  0.52  190.0  25.9
190220260920  1.749  6.7  2.3  7.9  0.40  189.7  25.9
190220260921  1.749  6.6  3.3  7.8  0.54  180.7  25.9
190220260922  1.749  6.6  3.4  7.8  0.55  186.1  25.9
190220260923  1.750  6.6  3.6  8.6  0.67  179.5  25.9
190220260924  1.749  6.7  4.0  8.9  0.66  179.8  25.9
190220260925  1.749  6.6  5.3  8.9  0.46  174.2  25.9
190220260926  1.749  6.7  6.4  8.9  0.58  179.6  25.9
190220260927  1.751  6.8  8.0  9.1  0.49  178.7  25.9
190220260928  1.750  6.9  8.8  9.1  0.68  174.5  25.9
190220260929  1.750  6.9  9.6  9.1  0.54  182.8  25.9
190220260930  1.749  7.0  9.4  9.1  0.35  166.3  25.9
190220260931  1.749  7.0  9.6  9.1  0.47  171.7  25.9
190220260932  1.748  7.0  9.6  9.1  0.23  170.7  25.9
190220260933  1.747  7.0  10.3  9.1  0.54  184.6  25.9
190220260934  1.746  6.9  10.8  9.1  0.43  175.0  25.9
190220260935  1.745  7.0  9.9  9.1  0.52  179.5  25.9
190220260936  1.743  7.1  9.1  9.1  0.48  172.7  25.9
190220260937  1.741  7.1  8.1  9.0  0.47  176.8  25.9
190220260938  1.740  7.2  8.0  9.2  0.49  174.3  25.9
190220260939  1.739  7.3  7.2  9.2  0.48  169.8  25.9
190220260940  1.738  7.3  7.2  9.2  0.50  173.9  25.9
190220260941  1.738  7.3  7.1  9.2  0.43  175.3  25.9
190220260942  1.737  7.5  7.5  9.2  0.44  191.8  25.9
190220260943  1.736  7.5  7.3  9.2  0.46  170.4  25.9
190220260944  1.735  7.5  7.7  9.2  0.43  168.6  25.9
190220260945  1.732  7.4  8.3  9.2  0.45  178.3  25.9
190220260946  1.732  7.4  8.7  9.2  0.37  193.3  25.8
190220260947  1.732  7.4  8.9  9.5  0.38  171.1  25.8
190220260948  1.731  7.5  8.7  9.5  0.31  184.2  25.8
190220260949  1.731  7.3  8.2  9.5  0.48  178.6  25.9
190220260950  1.731  7.3  7.8  9.5  0.38  165.0  25.9
190220260951  1.732  7.4  7.0  9.5  0.52  176.4  25.8
190220260952  1.731  7.4  5.4  9.5  0.52  173.0  25.8
190220260953  1.730  7.4  4.6  9.5  0.45  175.9  25.8
190220260954  1.729  7.6  3.2  9.5  0.53  169.3  25.8
190220260955  1.729  7.6  2.3  9.5  0.64  187.2  25.8
190220260956  1.727  7.5  1.6  9.5  0.52  168.2  25.8
190220260957  1.726  7.1  0.3  9.2  0.37  165.0  25.8
190220260958  1.725  7.0  358.9  9.2  0.48  175.1  25.8
190220260959  1.724  7.1  358.5  9.4  0.47  167.8  25.8
190220261000  1.722  7.1  357.6  9.4  0.46  167.8  25.8
190220261001  1.721  7.0  356.1  9.4  0.48  175.5  25.8
190220261002  1.719  7.1  356.2  9.4  0.45  175.9  25.8
190220261003  1.717  7.1  356.1  9.4  0.41  173.6  25.8
190220261004  1.715  7.1  355.8  9.4  0.43  177.0  25.8
190220261005  1.712  7.2  355.6  9.4  0.33  182.6  25.8
190220261006  1.709  7.3  356.2  9.4  0.45  175.4  25.8
190220261007  1.708  7.4  356.9  9.4  0.34  166.5  25.8
190220261008  1.705  7.5  357.6  9.4  0.37  171.3  25.8
190220261009  1.703  7.5  357.8  10.6  0.44  177.8  25.8
190220261010  1.701  7.6  357.2  10.6  0.32  165.4  25.8
190220261011  1.699  7.6  358.2  10.6  0.33  171.2  25.8
190220261012  1.697  7.4  358.8  10.6  0.43  168.9  25.8
190220261013  1.694  7.2  359.3  10.6  0.39  173.4  25.8
190220261014  1.692  7.2  358.6  10.6  0.41  172.8  25.8
190220261015  1.690  7.4  358.1  11.3  0.43  169.5  25.8
190220261016  1.687  7.7  357.0  11.3  0.40  176.0  25.8
190220261017  1.685  7.8  357.0  11.3  0.45  171.2  25.8
190220261018  1.684  8.0  356.6  11.3  0.30  171.0  25.8
190220261019  1.683  8.0  356.8  11.3  0.20  140.2  25.8
190220261020  1.682  8.1  358.5  11.3  0.46  176.9  25.8
190220261021  1.679  8.2  358.7  11.3  0.44  169.7  25.8
190220261022  1.676  8.2  357.8  11.3  0.33  174.1  25.8
190220261023  1.674  8.5  357.4  11.3  0.25  153.6  25.8
190220261024  1.671  8.5  357.9  11.3  0.31  161.5  25.8
190220261025  1.670  8.3  358.3  10.7  0.23  188.5  25.8
190220261026  1.668  8.1  358.6  10.7  0.37  166.9  25.8
190220261027  1.666  8.1  358.4  10.7  0.28  170.9  25.7
190220261028  1.665  8.0  358.7  10.7  0.32  170.7  25.7
190220261029  1.662  7.9  358.8  10.6  0.20  162.7  25.8
190220261030  1.660  8.0  359.4  10.6  0.17  172.4  25.7
190220261031  1.656  8.3  359.8  11.2  0.07  153.7  25.8
190220261032  1.654  8.6  0.9  11.2  0.21  166.0  25.8
190220261033  1.651  8.6  1.5  11.2  0.30  159.7  25.7
190220261034  1.647  8.7  1.9  11.2  0.26  158.6  25.7
190220261035  1.644  8.9  1.8  11.2  0.28  176.1  25.7
190220261036  1.639  9.1  1.2  11.3  0.19  177.2  25.7
190220261037  1.636  9.4  1.0  11.3  0.08  107.1  25.7
190220261038  1.633  9.6  0.6  11.3  0.08  166.6  25.7
190220261039  1.631  9.8  0.4  11.7  0.49  187.7  25.8
190220261040  1.629  9.7  359.0  11.7  0.42  189.7  25.8
190220261041  1.625  9.8  357.5  11.7  0.26  177.2  25.8
190220261042  1.622  9.8  356.8  12.1  0.10  177.0  25.8
190220261043  1.618  9.9  356.3  12.1  0.16  179.5  25.8
190220261044  1.613  9.9  356.1  12.1  0.24  187.2  25.8
190220261045  1.608  9.9  356.5  12.1  0.11  155.5  25.8
190220261046  1.604  9.6  357.6  12.1  0.09  153.1  25.8
190220261047  1.600  9.3  358.7  12.1  0.24  173.8  25.8
190220261048  1.595  8.9  359.7  12.1  0.13  157.5  25.8
190220261049  1.592  8.8  359.7  12.1  0.12  157.3  25.8
190220261050  1.587  8.7  359.8  12.1  0.18  168.8  25.8
190220261051  1.583  8.5  358.2  12.1  0.26  171.2  25.8
190220261052  1.580  8.3  357.8  11.0  0.23  165.0  25.8
190220261053  1.577  8.1  356.7  10.9  0.10  138.2  25.8
190220261054  1.573  8.1  355.5  10.9  0.13  156.8  25.8
190220261055  1.568  8.0  355.1  10.9  0.12  165.0  25.8
190220261056  1.563  8.0  355.2  10.9  0.22  173.2  25.8
190220261057  1.558  8.0  354.9  10.9  0.08  111.6  25.8
190220261058  1.555  8.1  354.4  10.9  0.18  151.1  25.8
190220261059  1.550  7.9  354.4  10.9  0.07  122.4  25.8
190220261100  1.546  7.7  355.3  10.9  0.03  168.2  25.8
190220261101  1.541  7.6  359.2  9.6  0.06  79.7  25.8
190220261102  1.537  7.6  1.3  9.6  0.05  160.5  25.8
190220261103  1.532  7.5  4.2  9.6  0.07  130.4  25.8
190220261104  1.527  7.5  6.8  9.3  0.04  65.6  25.8
190220261105  1.522  7.6  8.3  10.4  0.06  169.9  25.8
190220261106  1.518  7.8  8.9  10.4  0.04  159.5  25.8
190220261107  1.512  7.9  8.8  10.4  0.14  13.2  25.8
190220261108  1.508  8.0  10.0  10.4  0.12  16.8  25.8
190220261109  1.502  8.0  13.3  10.4  0.11  9.0  25.8
190220261110  1.498  7.8  16.4  10.4  0.20  3.7  25.8
190220261111  1.492  7.7  17.3  10.4  0.20  4.5  25.8
190220261112  1.487  7.5  18.2  10.4  0.22  16.2  25.8
190220261113  1.483  7.4  18.9  10.4  0.14  22.4  25.8
190220261114  1.477  7.2  20.6  10.4  0.15  5.4  25.8
190220261115  1.472  7.0  22.8  9.9  0.17  351.2  25.8
190220261116  1.466  7.1  26.4  10.0  0.18  333.7  25.8
190220261117  1.461  7.0  30.1  10.0  0.24  7.2  25.8
190220261118  1.455  7.1  32.5  10.9  0.15  353.7  25.8
190220261119  1.451  7.2  32.4  10.9  0.12  351.0  25.8
190220261120  1.447  7.5  31.6  10.9  0.19  6.5  25.8
190220261121  1.442  8.0  32.5  13.2  0.32  3.1  25.8
190220261122  1.437  8.3  33.4  13.2  0.19  351.7  25.8
190220261123  1.432  8.5  33.6  13.2  0.20  340.9  25.8
190220261124  1.426  8.6  32.5  13.2  0.27  354.5  25.8
190220261125  1.418  8.9  33.1  13.2  0.32  9.0  25.8
190220261126  1.414  8.9  32.0  13.2  0.35  0.7  25.8
190220261127  1.410  9.0  31.4  13.2  0.23  353.4  25.8
190220261128  1.403  9.0  31.2  13.2  0.33  0.7  25.8
190220261129  1.399  8.8  31.7  13.2  0.34  2.8  25.8
190220261130  1.394  8.8  31.7  13.2  0.37  359.9  25.8
190220261131  1.388  8.6  31.9  12.1  0.36  2.8  25.8
190220261132  1.383  8.3  32.5  12.1  0.40  359.5  25.8
190220261133  1.378  8.4  33.1  12.3  0.43  7.7  25.8
190220261134  1.372  8.7  34.9  14.6  0.39  7.2  25.8
190220261135  1.368  9.0  34.8  14.6  0.53  14.9  25.9
190220261136  1.364  9.1  35.5  14.6  0.43  15.5  25.9
190220261137  1.359  9.3  35.1  14.6  0.58  18.6  25.9
190220261138  1.354  9.2  35.2  14.6  0.51  21.3  25.9
190220261139  1.350  9.4  34.3  14.6  0.53  19.7  25.9
190220261140  1.346  9.1  34.8  14.6  0.59  19.2  25.9
190220261141  1.343  9.0  35.0  14.6  0.59  18.1  25.9
190220261142  1.340  9.4  34.6  14.6  0.67  18.2  25.9
190220261143  1.336  9.6  34.9  14.6  0.57  17.9  25.9
190220261144  1.332  9.3  34.1  14.1  0.73  15.2  25.9
190220261145  1.328  8.9  33.8  12.9  0.69  17.8  25.9
190220261146  1.324  8.8  33.7  12.9  0.54  19.8  25.9
190220261147  1.318  8.7  33.4  12.9  0.47  10.7  25.9
190220261148  1.313  8.8  32.6  12.9  0.74  16.7  25.9
190220261149  1.308  8.9  31.9  12.9  0.56  10.2  25.9
190220261150  1.302  9.1  31.1  12.9  0.63  13.6  25.9
190220261151  1.296  9.5  30.2  13.4  0.54  16.5  25.9
190220261152  1.290  9.1  30.2  13.4  0.52  14.7  25.9
190220261153  1.285  8.7  29.4  13.4  0.51  15.0  25.9
190220261154  1.280  8.7  29.7  13.4  0.47  16.4  25.9
190220261155  1.275  9.0  28.3  13.4  0.67  26.8  25.9
190220261156  1.271  9.1  28.1  13.4  0.67  20.0  25.9
190220261157  1.265  8.9  28.3  13.4  0.72  21.6  25.9
190220261158  1.260  8.8  29.3  13.4  0.71  21.7  25.9
190220261159  1.255  8.7  30.0  13.4  0.75  18.7  25.9
190220261200  1.250  8.7  29.6  13.4  0.57  13.9  25.9
190220261201  1.246  8.4  29.8  12.5  0.73  18.9  25.9
190220261202  1.242  8.5  29.8  12.5  0.72  19.1  25.9
190220261203  1.239  8.5  30.0  12.5  0.72  17.7  25.9
190220261204  1.235  8.4  30.3  12.5  0.69  17.4  25.9
190220261205  1.231  8.2  33.0  12.0  0.68  20.0  26.0
190220261206  1.226  8.1  33.3  12.0  0.78  13.7  26.0
190220261207  1.220  8.0  34.4  12.0  0.86  13.5  26.0
190220261208  1.215  8.0  35.4  14.0  0.71  13.1  26.0
190220261209  1.211  8.1  35.9  14.0  0.78  13.5  26.0
190220261210  1.207  8.3  38.3  14.0  0.66  10.0  26.0
190220261211  1.205  8.4  39.6  14.0  0.74  9.8  26.0
190220261212  1.200  8.5  40.4  14.0  0.87  11.0  26.0
190220261213  1.196  8.9  41.2  14.0  0.78  6.1  26.0
190220261214  1.194  9.2  42.3  14.0  0.71  10.6  26.1
190220261215  1.189  9.4  42.3  14.0  0.68  4.8  26.1
190220261216  1.186  9.3  42.9  14.0  0.86  11.8  26.1
190220261217  1.180  9.4  42.8  14.0  0.90  13.5  26.2
190220261218  1.174  9.5  43.1  13.9  0.77  14.8  26.2
190220261219  1.167  9.3  43.2  13.9  0.68  11.3  26.2
190220261220  1.160  9.2  42.2  13.9  0.82  8.2  26.2
190220261221  1.155  9.2  41.9  13.9  0.94  9.6  26.3
190220261222  1.148  9.1  41.2  13.9  0.79  7.5  26.3
190220261223  1.141  8.9  41.2  12.5  0.92  10.6  26.3
190220261224  1.135  8.6  40.4  12.5  0.93  9.9  26.3
190220261225  1.128  8.7  40.3  13.2  0.88  12.0  26.3
190220261226  1.121  8.8  40.0  13.2  0.90  9.4  26.2
190220261227  1.114  9.1  40.5  13.4  0.90  8.6  26.2
190220261228  1.107  8.9  39.9  13.4  0.83  11.5  26.2
190220261229  1.100  8.8  39.6  13.4  0.88  8.7  26.2
190220261230  1.093  9.0  39.0  13.7  1.10  12.8  26.2
190220261231  1.087  9.0  39.2  13.7  1.04  9.5  26.2
190220261232  1.081  9.1  39.3  13.7  1.02  10.2  26.2
190220261233  1.075  9.0  39.1  13.7  1.03  9.2  26.2
190220261234  1.068  9.1  38.0  13.7  1.00  10.7  26.2
190220261235  1.063  8.8  36.5  13.7  0.93  10.2  26.3
190220261236  1.056  8.8  35.5  13.7  1.02  11.2  26.3
190220261237  1.051  8.5  34.7  13.9  0.77  3.5  26.3
190220261238  1.043  8.8  34.7  13.9  1.07  7.3  26.3
190220261239  1.038  8.9  34.2  13.9  1.01  9.9  26.2
190220261240  1.031  8.8  33.8  13.9  0.98  12.9  26.2
190220261241  1.025  8.7  33.4  13.9  1.00  6.8  26.2
190220261242  1.019  8.8  34.5  13.9  1.01  9.2  26.2
190220261243  1.013  8.9  34.4  13.9  0.92  14.6  26.2
190220261244  1.007  8.9  35.1  13.9  1.11  9.4  26.2
190220261245  1.001  9.0  36.6  13.9  0.98  14.2  26.2
190220261246  0.994  9.0  37.9  13.9  1.07  7.7  26.2
190220261247  0.988  9.2  38.2  13.6  0.95  10.7  26.2
190220261248  0.981  9.2  37.8  13.6  1.12  10.8  26.3
190220261249  0.974  9.3  38.3  13.6  1.08  12.2  26.3
190220261250  0.969  9.1  39.3  13.6  1.11  11.7  26.3
190220261251  0.962  9.2  39.9  13.6  1.00  14.6  26.3
190220261252  0.957  8.9  39.1  13.6  1.02  16.3  26.3
190220261253  0.950  8.8  39.2  13.6  1.08  17.4  26.3
190220261254  0.946  9.0  39.5  13.6  1.10  10.5  26.3
190220261255  0.939  9.0  38.5  13.6  0.99  16.4  26.4
190220261256  0.935  9.2  37.0  13.3  0.98  21.4  26.4
190220261257  0.928  9.1  36.5  13.3  1.08  16.8  26.4
190220261258  0.923  9.0  35.8  12.8  1.02  14.3  26.4
190220261259  0.918  8.9  34.7  12.8  0.91  17.9  26.4
190220261300  0.913  9.0  33.0  12.8  0.99  16.7  26.4
190220261301  0.908  9.0  32.0  12.8  1.16  16.6  26.4
190220261302  0.902  9.1  31.6  12.8  0.98  13.5  26.4
190220261303  0.897  9.2  31.1  12.8  1.04  17.3  26.4
190220261304  0.892  9.1  30.5  13.5  0.91  17.7  26.4
190220261305  0.887  9.2  29.3  13.5  1.00  17.1  26.4
190220261306  0.883  9.0  28.5  13.5  0.90  17.2  26.4
190220261307  0.876  9.2  27.4  13.5  0.98  20.2  26.4
190220261308  0.871  9.2  27.0  13.6  0.92  17.9  26.4
190220261309  0.866  9.0  26.8  13.6  0.92  14.8  26.4
190220261310  0.859  8.8  28.2  13.6  0.97  17.0  26.4
190220261311  0.854  9.0  27.1  13.6  1.15  17.3  26.5
190220261312  0.848  9.4  25.7  14.0  0.90  20.3  26.5
190220261313  0.842  9.5  24.4  14.0  1.03  15.2  26.5
190220261314  0.835  9.5  23.0  14.0  0.91  16.3  26.5
190220261315  0.830  9.5  23.4  14.0  1.02  16.3  26.5
190220261316  0.826  9.6  23.0  14.0  0.91  16.1  26.5
190220261317  0.821  9.6  22.6  14.0  0.95  17.5  26.5
190220261318  0.816  9.5  22.8  14.0  0.96  16.7  26.5
190220261319  0.811  9.5  23.3  14.0  1.04  12.4  26.5
190220261320  0.806  9.8  23.0  14.0  0.94  12.0  26.5
190220261321  0.801  9.7  24.3  14.0  0.99  15.0  26.5
190220261322  0.795  9.3  25.4  12.5  0.85  19.5  26.6
190220261323  0.790  9.0  26.3  12.5  1.09  13.7  26.6
190220261324  0.785  8.8  28.7  12.5  0.78  16.5  26.6
190220261325  0.779  8.5  29.3  12.5  0.96  20.9  26.6
190220261326  0.773  8.5  31.1  12.4  0.92  14.0  26.6
190220261327  0.767  8.4  33.8  12.4  0.96  18.4  26.6
190220261328  0.760  8.5  34.1  12.4  0.93  18.3  26.6
190220261329  0.755  8.7  34.4  12.4  1.01  17.8  26.6
190220261330  0.750  8.5  34.2  12.0  0.98  16.8  26.6
190220261331  0.744  8.4  31.8  12.0  0.91  17.5  26.6
190220261332  0.738  8.5  32.3  13.4  0.92  19.6  26.6
190220261333  0.731  8.8  32.4  13.4  0.93  18.0  26.6
190220261334  0.726  8.6  32.0  13.4  1.01  19.6  26.7
190220261335  0.719  8.5  31.8  13.4  1.07  19.2  26.7
190220261336  0.712  8.4  32.2  13.4  1.02  17.6  26.7
190220261337  0.708  8.4  31.6  13.4  0.97  19.5  26.7
190220261338  0.701  8.4  32.4  13.4  0.98  18.4  26.7
190220261339  0.696  8.4  32.8  13.4  1.01  16.4  26.7
190220261340  0.690  8.2  32.9  13.4  0.94  18.5  26.7
190220261341  0.685  8.3  34.4  13.4  1.04  14.8  26.7
190220261342  0.681  8.1  34.3  13.3  0.91  19.0  26.7
190220261343  0.676  7.8  34.1  13.3  0.93  19.4  26.7
190220261344  0.669  7.8  33.6  13.3  0.98  20.5  26.7
190220261345  0.662  7.8  34.0  13.3  0.86  20.6  26.7
190220261346  0.656  7.8  32.8  13.3  0.86  23.4  26.7
190220261347  0.651  7.6  32.7  13.3  1.06  18.4  26.7
190220261348  0.645  7.4  32.5  13.3  0.99  20.4  26.7
190220261349  0.639  7.2  32.3  10.4  0.84  17.0  26.7
190220261350  0.634  7.3  33.5  10.4  0.97  18.4  26.7
190220261351  0.629  7.2  34.2  11.3  1.06  19.3  26.7
190220261352  0.624  7.3  34.6  11.3  0.87  19.8  26.7
190220261353  0.619  7.4  35.3  11.3  1.07  18.6  26.7
190220261354  0.613  7.5  35.7  11.3  0.96  19.3  26.7
190220261355  0.607  7.5  35.5  11.3  0.89  19.0  26.8
190220261356  0.602  7.7  36.7  12.8  0.98  19.6  26.8
190220261357  0.597  8.0  37.1  14.5  0.95  15.5  26.8
190220261358  0.591  8.0  36.4  14.5  1.03  17.2  26.8
190220261359  0.586  8.1  37.6  14.5  0.92  18.8  26.8
190220261400  0.581  8.4  38.4  14.5  0.93  13.5  26.8
190220261401  0.576  8.3  38.3  14.5  0.93  16.4  26.8
190220261402  0.571  8.3  37.5  14.5  0.91  15.4  26.8
190220261403  0.565  8.5  36.4  14.5  0.96  18.3  26.8
190220261404  0.560  8.5  35.5  14.5  1.00  18.6  26.8
190220261405  0.555  8.7  34.0  14.5  1.07  14.7  26.8
190220261406  0.550  8.8  31.0  14.5  1.04  16.2  26.8
190220261407  0.545  8.8  29.8  13.0  1.02  16.4  26.8
190220261408  0.538  8.9  29.0  13.0  1.07  19.6  26.8
190220261409  0.532  9.2  26.8  13.0  1.11  16.8  26.8
190220261410  0.525  9.2  24.7  13.0  1.09  19.9  26.8
190220261411  0.520  9.4  24.0  13.0  1.07  16.6  26.8
190220261412  0.514  9.5  23.6  13.0  1.08  16.7  26.8
190220261413  0.509  9.7  23.1  13.7  1.06  16.1  26.8
190220261414  0.503  9.9  23.1  13.7  1.09  14.8  26.8
190220261415  0.499  10.0  22.7  13.7  0.97  19.8  26.8
190220261416  0.493  10.0  24.7  14.6  0.90  23.5  26.8
190220261417  0.488  10.1  25.4  14.6  1.01  16.6  26.8
190220261418  0.484  10.4  26.1  14.6  0.98  18.5  26.9
190220261419  0.478  10.1  26.8  14.6  1.05  17.3  26.9
190220261420  0.473  9.8  27.3  14.6  0.91  20.6  26.9
190220261421  0.468  9.6  27.8  14.6  1.00  19.2  26.9
190220261422  0.464  9.3  28.8  14.6  0.98  20.5  26.9
190220261423  0.460  9.1  29.5  14.6  0.94  20.2  26.9
190220261424  0.457  9.0  29.9  14.6  0.95  19.8  26.9
190220261425  0.451  8.9  31.6  14.6  0.98  17.5  26.9
190220261426  0.447  8.8  30.2  14.6  1.03  17.0  26.9
190220261427  0.443  8.5  29.7  13.3  1.07  18.0  26.9
190220261428  0.439  8.1  30.0  12.5  1.02  20.0  26.9
190220261429  0.434  8.0  31.1  12.5  0.96  18.4  26.9
190220261430  0.428  8.0  31.1  12.5  0.92  18.4  26.9
190220261431  0.424  8.3  28.2  12.5  1.03  20.6  26.9
190220261432  0.419  8.5  27.0  12.5  1.00  20.9  26.9
190220261433  0.413  8.4  26.5  12.5  1.02  21.1  26.9
190220261434  0.410  8.5  26.4  12.5  1.00  18.9  26.9
190220261435  0.405  8.6  26.4  12.9  1.09  17.6  26.9
190220261436  0.401  8.8  26.3  15.7  1.11  18.2  27.0
190220261437  0.396  9.3  25.7  15.7  1.07  17.7  26.9
190220261438  0.391  9.7  24.7  15.7  1.05  19.7  26.9
190220261439  0.388  10.1  24.2  15.7  1.05  15.5  26.9
190220261440  0.385  10.4  24.0  15.7  0.92  21.3  26.9
190220261441  0.381  10.2  25.7  15.7  0.91  23.7  26.9
190220261442  0.378  10.1  25.3  15.7  1.12  16.6  26.9
190220261443  0.376  10.3  25.2  15.7  1.00  19.5  26.9
190220261444  0.371  10.2  25.2  15.7  1.00  19.0  27.0
190220261445  0.367  10.1  24.9  15.7  1.00  18.9  27.0
190220261446  0.363  9.7  25.3  14.3  1.04  18.5  27.0
190220261447  0.359  9.4  25.9  14.3  0.93  19.8  27.0
190220261448  0.355  9.2  26.1  14.3  0.90  14.8  27.0
190220261449  0.352  9.2  25.1  13.9  1.03  17.9  27.0
190220261450  0.348  9.2  24.7  13.5  1.01  15.9  27.0
190220261451  0.344  9.6  24.2  15.3  1.01  18.2  27.0
190220261452  0.339  9.7  24.8  15.3  1.01  18.8  27.0
190220261453  0.335  9.7  25.1  15.3  1.12  17.4  27.0
190220261454  0.330  9.6  25.5  15.3  1.00  18.7  27.0
190220261455  0.328  9.5  24.6  15.3  1.01  15.7  27.0
190220261456  0.323  9.6  25.6  15.3  0.94  20.7  27.0
190220261457  0.321  9.7  25.6  15.3  1.05  20.4  27.0
190220261458  0.319  9.7  25.7  15.3  1.12  17.9  27.0
190220261459  0.316  9.3  26.0  15.3  0.90  15.2  27.0
190220261500  0.313  9.0  26.9  15.3  0.94  18.7  27.0
190220261501  0.310  8.6  27.6  12.8  0.95  19.1  27.0
190220261502  0.306  8.5  28.0  12.8  0.93  20.8  27.0
190220261503  0.302  8.2  28.7  12.8  0.88  18.5  27.0
190220261504  0.299  8.1  28.0  12.8  0.98  19.3  27.1
190220261505  0.295  8.0  29.1  12.8  0.95  18.5  27.1
190220261506  0.291  7.9  28.3  12.2  0.88  18.9  27.1
190220261507  0.289  7.8  27.8  12.2  0.90  19.3  27.1
190220261508  0.286  7.7  28.6  12.2  0.96  18.5  27.1
190220261509  0.284  7.6  29.7  12.2  0.93  17.4  27.1
190220261510  0.280  7.7  29.8  12.2  0.93  19.6  27.1
190220261511  0.277  7.6  30.4  12.2  0.98  20.6  27.1
190220261512  0.273  7.6  30.5  12.2  0.91  21.7  27.1
190220261513  0.269  7.6  30.7  12.2  1.08  17.9  27.1
190220261514  0.267  7.8  31.3  12.2  0.93  19.8  27.1
190220261515  0.264  7.8  31.3  12.2  1.06  15.9  27.1
190220261516  0.262  7.7  32.0  12.3  0.91  16.6  27.1
190220261517  0.259  7.7  31.8  12.3  0.86  18.3  27.1
190220261518  0.256  7.7  32.5  12.3  0.87  22.4  27.1
190220261519  0.251  7.8  31.6  12.3  0.98  18.4  27.1
190220261520  0.249  7.8  31.3  12.3  0.87  21.0  27.1
190220261521  0.245  7.9  31.2  12.3  0.93  15.7  27.1
190220261522  0.242  7.9  31.8  12.3  1.07  18.2  27.1
190220261523  0.239  8.0  31.4  12.3  0.76  20.7  27.1
190220261524  0.235  7.8  31.7  12.3  0.95  19.5  27.1
190220261525  0.234  7.9  31.8  12.3  0.88  18.7  27.1
190220261526  0.229  7.9  31.9  12.1  0.94  17.6  27.2
190220261527  0.226  8.1  32.6  13.9  1.01  19.0  27.2
190220261528  0.222  8.3  30.7  13.9  0.98  19.8  27.2
190220261529  0.218  8.4  30.5  13.9  0.97  17.7  27.2
190220261530  0.216  8.4  30.4  13.9  0.91  18.6  27.2
190220261531  0.214  8.5  30.1  13.9  0.92  19.1  27.2
190220261532  0.211  8.3  30.8  13.9  0.95  20.9  27.2
190220261533  0.209  8.3  31.8  13.9  0.95  21.6  27.2
190220261534  0.207  8.3  31.2  13.9  0.90  17.6  27.2
190220261535  0.205  8.2  31.5  13.9  0.79  22.7  27.2
190220261536  0.202  8.0  31.1  13.9  0.88  20.6  27.2
190220261537  0.201  7.8  31.7  13.4  0.91  19.6  27.2
190220261538  0.200  7.6  33.0  11.0  0.95  21.1  27.2
190220261539  0.198  7.5  34.2  10.9  0.95  21.7  27.2
190220261540  0.197  7.5  34.5  10.6  0.93  20.1  27.2
190220261541  0.196  7.3  34.4  10.4  0.75  21.4  27.2
190220261542  0.194  7.5  34.6  11.5  0.79  20.0  27.2
190220261543  0.192  7.6  33.9  12.0  0.89  22.7  27.2
190220261544  0.191  7.9  33.4  12.5  0.92  21.3  27.2
190220261545  0.188  7.9  33.0  12.5  0.97  23.0  27.2
190220261546  0.188  8.0  34.0  12.5  0.92  22.1  27.3
190220261547  0.186  7.9  33.5  12.5  0.88  21.3  27.3
190220261548  0.184  7.9  33.6  12.5  0.81  24.4  27.3
190220261549  0.183  8.0  34.0  12.5  0.70  25.2  27.3
190220261550  0.181  8.0  34.2  12.5  0.79  23.5  27.3
190220261551  0.178  8.2  35.4  12.5  0.75  22.3  27.3
190220261552  0.177  8.2  35.3  12.5  0.72  24.0  27.3
190220261553  0.176  8.2  35.1  12.5  0.84  22.0  27.3
190220261554  0.175  8.2  36.4  11.6  0.82  23.5  27.3
190220261555  0.174  8.3  35.9  12.9  0.73  25.4  27.3
190220261556  0.173  8.6  34.5  12.9  0.91  21.5  27.3
190220261557  0.172  8.8  34.3  12.9  0.67  29.6  27.3
190220261558  0.173  8.7  34.3  12.9  0.78  21.6  27.3
190220261559  0.172  8.8  33.8  12.9  0.76  25.0  27.3
190220261600  0.172  9.2  33.4  13.5  0.66  28.1  27.3
190220261601  0.170  9.3  32.4  13.5  0.57  29.2  27.3
190220261602  0.170  9.2  32.0  13.5  0.75  26.6  27.3
190220261603  0.170  9.4  32.4  13.5  0.70  22.8  27.3
190220261604  0.170  9.2  31.7  13.5  0.74  22.6  27.3
190220261605  0.170  9.2  30.9  13.5  0.69  23.9  27.3
190220261606  0.169  9.0  31.5  13.5  0.56  24.2  27.3
190220261607  0.169  8.8  31.0  13.5  0.70  23.7  27.3
190220261608  0.170  8.8  29.7  13.5  0.66  22.5  27.3
190220261609  0.171  8.7  28.8  13.5  0.68  22.5  27.3
190220261610  0.173  8.7  27.5  12.9  0.57  24.1  27.4
190220261611  0.175  8.5  26.5  12.9  0.59  25.8  27.4
190220261612  0.175  8.6  26.3  12.9  0.64  23.9  27.4
190220261613  0.177  8.6  24.6  13.1  0.60  27.8  27.4
190220261614  0.180  8.8  23.5  13.1  0.62  25.2  27.4
190220261615  0.181  8.6  23.9  13.1  0.56  27.1  27.4
190220261616  0.183  8.7  24.1  13.1  0.55  25.3  27.4
190220261617  0.184  9.0  25.2  13.1  0.63  22.6  27.4
190220261618  0.187  9.2  26.2  13.1  0.75  15.7  27.4
190220261619  0.189  9.2  26.4  13.1  0.68  14.1  27.4
190220261620  0.191  9.1  26.9  13.1  0.68  12.6  27.4
190220261621  0.194  9.1  27.5  13.4  0.68  4.6  27.4
190220261622  0.195  9.2  26.4  13.4  0.66  11.0  27.4
190220261623  0.197  9.2  26.9  13.4  0.70  8.3  27.4
190220261624  0.199  9.1  27.6  13.4  0.56  6.4  27.4
190220261625  0.201  9.0  27.5  13.4  0.72  6.9  27.4
190220261626  0.203  8.8  27.1  13.4  0.59  6.8  27.4
190220261627  0.204  8.6  26.5  13.4  0.65  1.9  27.4
190220261628  0.206  8.5  26.1  13.4  0.58  3.4  27.4
190220261629  0.207  8.5  26.4  13.4  0.66  6.6  27.4
190220261630  0.209  8.5  25.7  13.4  0.59  356.4  27.4
190220261631  0.212  8.6  26.2  12.8  0.61  1.0  27.4
190220261632  0.216  8.5  27.2  11.6  0.53  353.7  27.4
190220261633  0.219  8.6  27.1  11.9  0.56  356.4  27.4
190220261634  0.222  8.6  26.7  11.9  0.50  351.9  27.4
190220261635  0.226  8.6  27.1  11.9  0.46  357.1  27.4
190220261636  0.231  8.7  27.1  11.9  0.52  357.8  27.4
190220261637  0.234  8.5  26.7  11.9  0.55  359.0  27.4
190220261638  0.237  8.8  25.7  12.6  0.48  356.3  27.4
190220261639  0.238  8.7  24.7  12.6  0.50  357.1  27.4
190220261640  0.241  8.5  24.8  12.6  0.51  351.9  27.4
190220261641  0.243  8.5  24.3  12.7  0.43  352.7  27.4
190220261642  0.244  8.7  24.4  16.2  0.55  352.4  27.4
190220261643  0.246  8.5  24.4  16.2  0.57  356.2  27.4
190220261644  0.249  8.6  25.7  16.2  0.54  359.7  27.4
190220261645  0.252  8.8  26.1  16.2  0.46  0.5  27.4
190220261646  0.255  8.8  25.8  16.2  0.55  5.3  27.4
190220261647  0.258  9.1  25.8  16.2  0.49  1.5  27.4
190220261648  0.260  9.0  26.7  16.2  0.55  359.8  27.4
190220261649  0.261  9.1  26.8  16.2  0.43  357.5  27.4
190220261650  0.264  9.2  27.7  16.2  0.60  356.5  27.4
190220261651  0.266  9.1  27.9  16.2  0.49  359.5  27.4
190220261652  0.269  8.8  27.2  12.3  0.53  1.8  27.4
190220261653  0.272  8.8  26.7  12.3  0.49  0.2  27.4
190220261654  0.276  8.9  25.9  12.3  0.58  4.8  27.4
190220261655  0.280  8.9  25.6  12.3  0.49  359.6  27.4
190220261656  0.284  9.0  23.8  12.3  0.41  0.5  27.4
190220261657  0.287  9.1  24.6  12.3  0.57  1.1  27.4
190220261658  0.291  9.0  24.3  12.3  0.47  7.2  27.4
190220261659  0.294  8.9  24.8  11.9  0.41  8.9  27.4
190220261700  0.297  9.0  24.4  11.9  0.51  7.8  27.4
190220261701  0.301  9.1  25.2  11.9  0.45  1.7  27.4
190220261702  0.303  9.3  25.8  13.0  0.47  359.2  27.4
190220261703  0.307  9.5  26.6  13.1  0.28  355.8  27.4
190220261704  0.311  9.4  27.1  13.1  0.41  3.8  27.4
190220261705  0.316  9.1  27.6  13.1  0.52  6.1  27.4
190220261706  0.320  9.0  29.8  13.1  0.38  7.7  27.4
190220261707  0.324  9.0  29.4  13.1  0.35  7.4  27.4
190220261708  0.328  8.9  30.5  13.1  0.43  5.4  27.4
190220261709  0.333  9.0  30.1  15.1  0.25  355.3  27.4
190220261710  0.337  9.1  29.7  15.1  0.38  3.6  27.4
190220261711  0.339  9.1  28.5  15.1  0.39  4.8  27.4
190220261712  0.342  8.9  27.3  15.1  0.29  357.4  27.4
190220261713  0.346  8.4  27.0  15.1  0.25  10.9  27.4
190220261714  0.349  8.3  27.0  15.1  0.28  354.6  27.4
190220261715  0.352  8.5  26.5  15.1  0.20  351.7  27.4
190220261716  0.354  8.6  25.7  15.1  0.26  1.1  27.4
190220261717  0.356  8.6  25.2  15.1  0.32  357.7  27.4
190220261718  0.359  8.8  24.9  15.1  0.21  20.2  27.4
190220261719  0.362  8.9  25.3  14.1  0.29  10.0  27.4
190220261720  0.365  8.6  25.8  14.1  0.27  3.8  27.4
190220261721  0.369  8.5  26.7  14.1  0.20  15.5  27.4
190220261722  0.372  8.7  28.5  14.1  0.13  20.2  27.4
190220261723  0.376  8.8  27.8  14.1  0.27  17.9  27.4
190220261724  0.379  9.0  26.8  14.1  0.31  13.3  27.4
190220261725  0.382  9.0  26.6  14.1  0.15  15.9  27.4
190220261726  0.386  9.0  26.3  14.1  0.15  11.5  27.4
190220261727  0.391  9.0  26.6  14.1  0.28  15.2  27.4
190220261728  0.396  8.6  26.0  12.6  0.19  7.1  27.4
190220261729  0.400  8.4  25.3  12.3  0.02  19.5  27.4
190220261730  0.406  8.3  24.4  12.3  0.09  356.9  27.4
190220261731  0.409  8.3  22.9  12.3  0.04  302.8  27.4
190220261732  0.412  8.1  21.7  11.8  0.25  14.0  27.4
190220261733  0.416  8.1  21.7  11.8  0.14  4.4  27.4
190220261734  0.421  7.8  22.4  11.8  0.03  327.7  27.4
190220261735  0.425  7.8  22.4  12.3  0.05  19.5  27.4
190220261736  0.429  7.9  21.9  12.7  0.11  15.2  27.4
190220261737  0.434  7.9  22.2  12.7  0.04  22.5  27.4
190220261738  0.438  8.1  21.2  12.7  0.03  183.3  27.4
190220261739  0.444  8.3  21.9  12.7  0.05  200.9  27.4
190220261740  0.449  8.7  22.2  13.2  0.10  229.2  27.4
190220261741  0.453  8.7  22.2  13.2  0.02  335.0  27.4
190220261742  0.459  8.7  21.9  13.2  0.04  276.8  27.4
190220261743  0.464  8.7  22.2  13.2  0.14  184.6  27.4
190220261744  0.470  8.9  22.4  13.2  0.22  171.6  27.4
190220261745  0.474  8.7  22.4  13.2  nan  nan  nan
190220261746  0.479  8.6  23.0  13.2  0.06  190.0  27.4
190220261747  0.484  8.6  22.6  13.2  0.27  182.6  27.4
190220261748  0.489  8.5  23.5  13.2  0.14  190.0  27.4
190220261749  0.493  8.4  23.4  13.2  0.17  181.5  27.4
190220261750  0.497  8.1  24.1  10.7  0.24  184.4  27.4
190220261751  0.502  7.9  24.9  10.7  0.13  190.0  27.4
190220261752  0.507  7.7  26.3  10.7  0.16  192.1  27.4
190220261753  0.513  7.8  27.4  10.7  0.21  182.2  27.4
190220261754  0.518  7.7  26.7  10.7  0.24  197.5  27.4
190220261755  0.524  7.5  27.1  10.7  0.29  191.5  27.4
190220261756  0.530  7.4  26.8  10.7  0.16  184.5  27.4
190220261757  0.536  7.4  27.2  13.3  0.21  190.0  27.4
190220261758  0.541  7.4  28.3  13.3  0.34  197.2  27.4
190220261759  0.548  7.4  28.0  13.3  0.28  179.2  27.4
190220261800  0.554  7.6  27.3  13.3  0.25  167.2  27.4
190220261801  0.560  8.1  26.1  13.3  0.32  171.0  27.4
190220261802  0.566  8.3  25.0  13.3  0.32  176.3  27.4
190220261803  0.572  8.3  23.3  13.3  0.30  167.4  27.4
190220261804  0.579  8.5  21.8  13.3  0.26  186.6  27.4
190220261805  0.584  8.9  20.4  13.3  0.28  173.7  27.4
190220261806  0.589  9.0  20.7  13.3  0.35  179.9  27.4
190220261807  0.592  8.9  19.5  12.8  0.29  180.8  27.4
190220261808  0.599  8.9  17.9  12.8  0.25  170.9  27.4
190220261809  0.603  8.8  17.3  12.8  0.24  183.6  27.3
190220261810  0.610  8.9  16.6  13.5  0.26  192.6  27.3
190220261811  0.614  8.8  16.2  13.5  0.16  199.1  27.3
190220261812  0.619  9.0  14.9  13.5  0.19  194.1  27.3
190220261813  0.625  9.1  15.3  13.5  0.30  201.7  27.3
190220261814  0.629  9.0  15.3  13.5  0.31  192.9  27.3
190220261815  0.636  8.9  15.2  13.5  0.40  199.0  27.3
190220261816  0.643  8.7  14.3  13.5  0.34  204.3  27.3
190220261817  0.650  8.8  14.5  13.5  0.30  199.6  27.3
190220261818  0.655  8.9  15.2  13.5  0.39  196.3  27.3
190220261819  0.662  9.0  15.5  13.5  0.31  198.2  27.3
190220261820  0.668  8.9  15.6  13.0  0.28  201.6  27.4
190220261821  0.673  8.5  16.0  12.8  0.30  192.6  27.4
190220261822  0.678  8.2  16.4  12.2  0.29  192.3  27.4
190220261823  0.682  8.0  16.9  11.5  0.25  187.3  27.4
190220261824  0.689  7.8  18.3  11.5  0.48  185.4  27.4
190220261825  0.694  7.7  20.3  11.5  0.41  191.4  27.3
190220261826  0.699  7.8  21.1  11.5  0.34  185.1  27.3
190220261827  0.703  7.6  21.5  11.4  0.35  183.3  27.4
190220261828  0.710  7.5  20.9  11.4  0.44  185.2  27.4
190220261829  0.714  7.3  21.1  9.9  0.38  190.0  27.4
190220261830  0.719  7.3  21.8  9.9  0.51  184.9  27.3
190220261831  0.725  7.3  21.4  9.9  0.47  184.0  27.4
190220261832  0.729  7.3  21.6  9.9  0.38  181.5  27.4
190220261833  0.735  7.3  20.6  9.9  0.53  185.1  27.4
190220261834  0.739  7.4  19.5  9.9  0.32  171.5  27.4
190220261835  0.744  7.3  18.6  10.1  0.38  176.7  27.4
190220261836  0.748  7.1  18.6  10.1  0.54  185.9  27.4
190220261837  0.752  7.1  18.8  10.1  0.50  181.1  27.4
190220261838  0.756  7.3  18.8  12.5  0.49  180.0  27.4
190220261839  0.761  7.3  18.8  12.5  0.57  184.5  27.3
190220261840  0.765  7.3  19.3  12.5  0.47  185.9  27.3
190220261841  0.768  7.4  19.0  12.5  0.36  169.2  27.3
190220261842  0.772  7.5  18.5  12.5  0.40  178.3  27.4
190220261843  0.776  7.5  18.0  12.5  0.54  180.4  27.4
190220261844  0.780  7.4  18.5  12.5  0.37  185.5  27.4
190220261845  0.785  7.4  17.9  12.5  0.33  181.4  27.4
190220261846  0.789  7.3  16.6  12.5  0.30  196.0  27.3
190220261847  0.794  7.4  15.6  12.5  0.46  192.2  27.3
190220261848  0.799  7.2  15.0  10.3  0.39  185.2  27.3
190220261849  0.803  7.2  14.1  10.3  0.42  181.2  27.3
190220261850  0.808  7.1  11.9  10.3  0.44  181.6  27.3
190220261851  0.811  7.1  11.7  10.3  0.31  190.0  27.3
190220261852  0.816  6.9  11.9  10.3  0.30  200.7  27.3
190220261853  0.821  6.8  11.9  9.4  0.45  190.5  27.3
190220261854  0.826  6.9  11.7  9.4  0.39  192.0  27.3
190220261855  0.830  7.0  12.1  9.7  0.50  189.8  27.3
190220261856  0.836  7.2  12.6  9.7  0.60  187.4  27.3
190220261857  0.841  7.2  12.3  9.7  0.61  181.4  27.3
190220261858  0.846  7.2  12.8  9.7  0.44  174.5  27.3
190220261859  0.851  7.0  12.7  9.7  0.52  183.8  27.3
190220261900  0.855  7.0  12.6  9.7  0.57  184.9  27.3
190220261901  0.860  7.0  12.7  9.7  0.71  182.2  27.3
190220261902  0.864  7.0  12.3  9.7  0.68  176.2  27.3
190220261903  0.869  7.0  12.4  9.7  0.57  182.2  27.3
190220261904  0.872  7.0  12.4  9.7  0.67  185.9  27.3
190220261905  0.878  6.9  12.1  9.5  0.58  178.6  27.3
190220261906  0.881  6.8  12.3  9.5  0.65  185.4  27.3
190220261907  0.885  6.7  12.7  9.5  0.61  177.5  27.3
190220261908  0.889  6.7  12.5  10.4  0.76  180.5  27.3
190220261909  0.894  6.9  13.0  10.6  0.82  184.0  27.3
190220261910  0.899  7.0  13.7  10.6  0.79  179.6  27.3
190220261911  0.903  7.3  13.9  10.6  0.82  178.9  27.3
190220261912  0.908  7.5  14.1  10.6  0.85  174.3  27.3
190220261913  0.913  7.6  14.2  10.6  0.96  176.4  27.3
190220261914  0.919  7.6  14.4  10.6  0.84  175.7  27.3
190220261915  0.925  7.8  14.0  10.6  0.83  177.3  27.3
190220261916  0.931  8.0  14.1  11.3  0.89  177.0  27.3
190220261917  0.936  8.1  13.8  11.3  0.87  177.5  27.3
190220261918  0.942  8.1  14.0  11.3  0.90  179.9  27.3
190220261919  0.947  7.9  14.2  11.3  0.81  176.1  27.3
190220261920  0.953  7.9  14.3  11.3  0.67  181.1  27.3
190220261921  0.960  7.7  13.9  11.3  0.90  187.0  27.3
190220261922  0.965  7.7  14.0  11.3  0.84  183.3  27.3
190220261923  0.973  7.7  13.1  11.3  0.61  183.4  27.3
190220261924  0.980  7.8  11.5  11.3  0.73  191.1  27.3
190220261925  0.985  7.8  10.8  11.3  0.78  184.6  27.3
190220261926  0.991  7.6  9.9  10.8  0.87  186.1  27.3
190220261927  0.997  7.6  10.0  10.8  0.79  186.2  27.3
190220261928  1.003  7.7  9.2  10.8  0.96  189.2  27.3
190220261929  1.010  7.7  8.2  10.8  0.92  187.0  27.3
190220261930  1.015  7.8  6.8  10.8  1.01  185.0  27.3
190220261931  1.021  7.8  7.0  10.8  0.83  185.2  27.3
190220261932  1.026  7.7  6.7  10.8  0.99  184.4  27.3
190220261933  1.033  7.5  7.0  10.8  0.82  182.0  27.3
190220261934  1.038  7.3  7.8  10.8  0.89  179.3  27.3
190220261935  1.043  7.1  8.4  9.9  1.00  181.3  27.3
190220261936  1.049  7.0  8.3  9.7  0.91  181.3  27.3
190220261937  1.053  6.9  8.6  9.7  0.76  184.4  27.3
190220261938  1.060  6.9  9.4  9.7  0.79  189.2  27.3
190220261939  1.063  6.9  9.7  9.7  0.83  190.0  27.3
190220261940  1.068  6.9  10.5  9.4  1.00  190.3  27.3
190220261941  1.073  6.9  10.6  9.0  1.00  186.6  27.3
190220261942  1.080  7.0  11.1  8.5  0.86  185.4  27.3
190220261943  1.085  6.9  11.0  8.5  0.81  185.9  27.3
190220261944  1.089  7.1  10.9  8.5  0.92  187.5  27.3
190220261945  1.094  7.1  9.9  8.5  0.84  187.0  27.3
190220261946  1.099  7.2  9.1  8.5  0.95  189.6  27.3
190220261947  1.102  7.2  8.2  8.5  0.90  187.8  27.3
190220261948  1.107  7.2  6.6  8.5  1.03  185.7  27.3
190220261949  1.111  7.3  5.7  8.7  0.85  187.0  27.3
190220261950  1.115  7.3  5.2  8.7  0.76  182.6  27.3
190220261951  1.120  7.2  4.3  8.7  0.76  188.5  27.3
190220261952  1.124  7.2  3.0  8.7  0.80  189.4  27.3
190220261953  1.129  7.3  2.5  8.7  0.91  188.3  27.3
190220261954  1.133  7.2  2.0  8.7  0.94  186.1  27.3
190220261955  1.137  7.1  2.4  8.7  1.04  183.8  27.3
190220261956  1.141  7.0  2.6  8.7  0.85  181.1  27.3
190220261957  1.146  6.9  2.8  8.7  0.97  182.8  27.3
190220261958  1.150  6.9  3.2  8.7  0.92  185.6  27.3
190220261959  1.153  6.8  3.4  8.1  0.93  179.3  27.3
190220262000  1.157  6.8  3.0  8.1  0.86  176.1  27.3
190220262001  1.161  6.8  2.5  8.1  0.79  175.4  27.3
190220262002  1.163  6.8  2.6  8.1  0.88  177.1  27.3
190220262003  1.166  6.7  2.7  8.1  0.84  174.9  27.3
190220262004  1.171  6.6  2.0  8.1  0.85  177.3  27.3
190220262005  1.174  6.7  1.3  8.1  0.88  176.6  27.3
190220262006  1.176  6.7  1.5  8.1  0.87  177.1  27.3
190220262007  1.180  6.7  1.7  8.1  0.87  172.5  27.3
190220262008  1.183  6.8  1.6  8.1  0.78  175.4  27.3
190220262009  1.186  6.7  2.2  7.9  0.87  174.2  27.3
190220262010  1.189  6.5  3.2  7.6  0.78  171.7  27.2
190220262011  1.192  6.4  4.7  7.6  0.80  176.9  27.2
190220262012  1.196  6.4  6.1  7.6  0.84  176.4  27.2
190220262013  1.200  6.3  7.0  7.6  0.82  173.0  27.2
190220262014  1.203  6.3  8.6  7.6  0.93  175.3  27.2
190220262015  1.206  6.2  9.6  7.5  0.94  175.3  27.2
190220262016  1.210  6.2  10.4  7.5  0.83  172.0  27.1
190220262017  1.214  6.1  10.7  7.5  0.85  175.7  27.1
190220262018  1.217  6.1  11.3  7.5  0.77  174.1  27.1
190220262019  1.221  6.0  11.2  7.0  0.86  177.8  27.1
190220262020  1.224  6.0  10.3  7.0  0.77  176.6  27.1
190220262021  1.226  6.0  9.3  7.0  0.76  179.5  27.1
190220262022  1.230  6.0  7.1  7.1  0.69  180.2  27.1
190220262023  1.233  6.0  5.7  7.1  0.73  178.1  27.1
190220262024  1.236  6.1  4.6  7.1  0.74  181.6  27.1
190220262025  1.238  6.1  3.7  7.1  0.78  179.9  27.1
190220262026  1.241  6.1  2.5  7.1  0.59  179.3  27.1
190220262027  1.243  6.1  1.4  7.1  0.82  184.5  27.1
190220262028  1.247  6.1  0.6  7.1  0.65  174.3  27.1
190220262029  1.251  6.0  0.4  7.1  0.73  177.6  27.1
190220262030  1.254  6.0  0.1  7.1  0.60  179.8  27.1
190220262031  1.259  5.9  359.3  7.1  0.74  177.1  27.1
190220262032  1.263  5.9  359.1  6.9  0.78  178.9  27.1
190220262033  1.267  5.9  359.0  6.9  0.79  175.3  27.1
190220262034  1.272  5.8  358.4  6.9  0.72  178.3  27.1
190220262035  1.276  5.7  357.8  6.7  0.69  171.2  27.1
190220262036  1.280  5.7  357.7  6.7  0.67  175.7  27.1
190220262037  1.285  5.6  358.2  6.7  0.82  174.1  27.1
190220262038  1.288  5.6  358.6  6.7  0.76  182.0  27.1
190220262039  1.291  5.6  358.9  6.7  0.67  182.0  27.1
190220262040  1.296  5.6  359.3  6.7  0.82  179.0  27.1
190220262041  1.299  5.6  359.3  6.6  0.73  175.5  27.1
190220262042  1.303  5.5  359.7  6.6  0.68  177.2  27.1
190220262043  1.306  5.5  0.1  6.6  0.73  172.7  27.1
190220262044  1.311  5.4  1.2  6.6  0.74  175.3  27.1
190220262045  1.313  5.4  2.1  6.6  0.72  176.9  27.1
190220262046  1.317  5.3  3.2  6.6  0.72  174.1  27.1
190220262047  1.320  5.3  3.3  6.6  0.71  175.8  27.1
190220262048  1.323  5.2  4.0  6.2  0.77  179.8  27.1
190220262049  1.326  5.1  4.3  6.2  0.84  180.6  27.1
190220262050  1.328  5.0  3.7  6.2  0.78  178.8  27.1
190220262051  1.331  5.0  3.3  6.2  0.80  175.7  27.1
190220262052  1.332  4.9  2.3  6.2  0.92  177.9  27.1
190220262053  1.335  4.8  1.0  6.2  0.93  180.0  27.1
190220262054  1.337  4.9  359.3  6.2  0.82  173.8  27.1
190220262055  1.339  4.9  357.7  6.2  0.86  173.4  27.1
190220262056  1.340  4.8  354.6  6.2  0.81  171.2  27.1
190220262057  1.342  4.7  353.5  5.8  0.79  172.1  27.1
190220262058  1.344  4.5  351.8  5.8  0.71  170.0  27.1
190220262059  1.347  4.4  349.4  5.8  0.87  177.0  27.1
190220262100  1.350  4.3  349.8  5.8  0.71  173.4  27.1
190220262101  1.352  4.2  350.9  5.8  0.87  178.9  27.1
190220262102  1.354  4.1  352.2  5.8  0.77  168.6  27.0
190220262103  1.355  4.0  353.6  5.8  0.68  174.0  27.0
190220262104  1.357  3.9  354.4  5.8  0.80  179.6  27.0
190220262105  1.360  3.8  355.5  5.0  0.52  171.6  27.0
190220262106  1.362  3.8  356.7  4.9  0.69  177.3  27.0
190220262107  1.364  3.8  356.9  4.9  0.68  168.2  27.0
190220262108  1.367  3.7  356.7  4.9  0.67  177.3  27.0
190220262109  1.368  3.8  357.5  4.9  0.60  173.0  27.0
190220262110  1.371  3.7  356.5  4.8  0.77  176.4  27.0
190220262111  1.374  3.7  354.4  4.8  0.76  175.4  27.0
190220262112  1.377  3.6  351.9  4.8  0.65  174.1  27.0
190220262113  1.380  3.5  349.1  4.8  0.68  168.5  27.0
190220262114  1.382  3.4  345.4  4.8  0.74  174.2  27.0
190220262115  1.386  3.3  342.0  4.8  0.78  173.7  27.0
190220262116  1.388  3.2  339.8  4.8  0.81  174.1  27.0
190220262117  1.390  3.1  336.9  4.4  0.82  175.5  27.0
190220262118  1.391  3.0  333.3  4.4  0.68  180.3  27.0
190220262119  1.393  2.9  329.6  4.1  0.74  176.9  27.0
190220262120  1.393  2.9  326.7  3.9  0.79  177.6  27.0
190220262121  1.395  2.9  325.6  3.9  0.71  175.7  27.0
190220262122  1.398  2.9  324.5  3.9  0.59  172.5  27.0
190220262123  1.400  2.9  325.4  3.9  0.66  172.2  27.0
190220262124  1.401  2.9  326.6  3.9  0.70  174.1  27.0
190220262125  1.404  2.9  328.8  4.0  0.77  177.9  27.0
190220262126  1.405  2.9  328.8  4.1  0.60  176.9  27.0
190220262127  1.407  3.1  331.0  4.3  0.62  176.0  27.0
190220262128  1.409  3.2  333.2  4.3  0.71  181.0  27.0
190220262129  1.410  3.3  335.3  4.7  0.54  176.1  27.0
190220262130  1.412  3.4  338.2  4.8  0.53  177.3  27.0
190220262131  1.414  3.4  340.3  4.8  0.52  176.9  27.0
190220262132  1.415  3.5  339.9  4.8  0.64  181.3  27.0
190220262133  1.416  3.5  337.8  4.8  0.60  178.8  27.0
190220262134  1.417  3.5  336.8  4.8  0.72  175.7  27.0
190220262135  1.418  3.5  335.3  4.8  0.71  171.9  27.0
190220262136  1.418  3.5  334.5  4.8  0.73  175.4  27.0
190220262137  1.419  3.4  332.2  4.8  0.56  174.0  26.9
190220262138  1.418  3.3  329.6  4.8  0.59  174.4  26.9
190220262139  1.420  3.4  327.4  4.8  0.71  171.2  26.9
190220262140  1.420  3.3  323.5  4.6  0.46  172.6  26.9
190220262141  1.421  3.5  320.6  5.2  0.49  187.7  26.9
190220262142  1.419  3.5  323.0  5.2  0.43  172.3  26.9
190220262143  1.419  3.4  324.1  5.2  0.59  176.4  26.9
190220262144  1.419  3.3  322.4  5.2  0.53  172.2  26.9
190220262145  1.419  3.1  320.7  5.2  0.54  177.2  26.9
190220262146  1.417  3.0  319.0  5.2  0.41  183.4  26.9
190220262147  1.415  2.9  316.9  5.2  0.61  176.3  26.9
190220262148  1.414  2.8  314.8  5.2  0.58  180.5  26.9
190220262149  1.411  2.7  312.3  5.2  0.44  175.8  26.9
190220262150  1.411  2.6  310.2  5.2  0.47  170.0  26.9
190220262151  1.408  2.4  308.1  4.8  0.57  170.6  26.9
190220262152  1.408  2.4  301.9  3.7  0.42  163.1  26.9
190220262153  1.407  2.4  299.8  3.7  0.27  157.8  26.9
190220262154  1.404  2.5  300.1  3.7  0.41  162.7  26.9
190220262155  1.404  2.6  300.1  3.7  0.42  167.2  26.9
190220262156  1.402  2.7  301.6  3.7  0.61  174.6  26.8
190220262157  1.401  2.8  302.1  3.7  0.40  185.5  26.8
190220262158  1.400  2.8  301.5  3.7  0.56  179.0  26.8
190220262159  1.399  2.8  301.0  3.7  0.55  174.1  26.8
190220262200  1.397  2.9  302.1  3.7  0.71  177.5  26.8
190220262201  1.396  2.8  301.3  3.7  0.53  177.3  26.8
190220262202  1.394  2.7  299.8  3.7  0.65  182.2  26.8
190220262203  1.392  2.7  297.6  3.7  0.52  178.0  26.8
190220262204  1.391  2.7  296.7  3.7  0.56  184.6  26.8
190220262205  1.391  2.7  296.8  3.8  0.49  180.2  26.8
190220262206  1.390  2.7  297.3  3.8  0.48  186.8  26.9
190220262207  1.389  2.7  298.9  3.8  0.58  184.0  26.9
190220262208  1.388  2.7  300.5  3.8  0.37  177.5  26.9
190220262209  1.386  2.6  300.8  3.8  0.56  182.2  26.8
190220262210  1.385  2.6  299.3  3.8  0.56  180.8  26.8
190220262211  1.383  2.6  299.9  3.8  0.60  179.2  26.8
190220262212  1.382  2.7  300.2  3.8  0.48  182.7  26.8
190220262213  1.379  2.7  300.7  3.8  0.46  179.5  26.8
190220262214  1.379  2.7  300.7  3.8  0.39  179.3  26.8
190220262215  1.377  2.6  299.6  3.8  0.43  175.4  26.8
190220262216  1.375  2.7  297.2  4.3  0.47  172.0  26.8
190220262217  1.373  2.7  294.2  4.3  0.45  169.7  26.8
190220262218  1.371  2.8  292.7  4.3  0.36  166.5  26.8
190220262219  1.368  2.8  291.9  4.3  0.34  166.2  26.8
190220262220  1.367  2.8  291.4  4.3  0.46  165.0  26.7
190220262221  1.365  2.9  290.4  4.3  0.43  168.6  26.7
190220262222  1.363  3.0  290.5  4.3  0.52  173.6  26.7
190220262223  1.362  3.1  291.8  4.3  0.41  165.0  26.7
190220262224  1.360  3.1  292.8  4.3  0.47  170.7  26.7
190220262225  1.357  3.1  293.2  4.3  0.46  164.2  26.7
190220262226  1.355  3.1  294.0  4.7  0.55  166.7  26.7
190220262227  1.353  3.2  294.7  4.7  0.47  169.2  26.7
190220262228  1.351  3.1  295.2  4.7  0.39  168.9  26.7
190220262229  1.349  3.2  295.6  4.7  0.48  161.6  26.7
190220262230  1.347  3.2  296.3  4.7  0.33  164.2  26.7
190220262231  1.345  3.3  297.5  4.7  0.41  155.9  26.7
190220262232  1.342  3.2  297.5  4.7  0.26  154.7  26.7
190220262233  1.340  3.3  296.1  4.7  0.34  158.9  26.7
190220262234  1.337  3.4  296.5  4.7  0.42  168.3  26.7
190220262235  1.336  3.4  296.9  4.7  0.33  162.8  26.7
190220262236  1.333  3.2  297.2  4.6  0.31  157.1  26.7
190220262237  1.330  3.2  297.2  4.6  0.33  165.9  26.7
190220262238  1.328  3.1  296.9  4.6  0.30  159.9  26.7
190220262239  1.326  3.0  296.9  4.6  0.24  161.6  26.6
190220262240  1.324  2.9  297.1  4.6  0.27  155.1  26.6
190220262241  1.320  2.7  296.3  4.2  0.21  170.7  26.6
190220262242  1.318  2.5  295.5  4.2  0.26  165.0  26.6
190220262243  1.316  2.5  296.0  4.0  0.21  159.1  26.6
190220262244  1.313  2.4  297.4  3.7  0.13  142.6  26.6
190220262245  1.311  2.3  296.2  3.4  0.17  155.2  26.6
190220262246  1.310  2.3  292.2  3.4  0.13  81.0  26.6
190220262247  1.307  2.3  294.0  3.4  0.21  137.3  26.6
190220262248  1.304  2.3  297.3  3.4  0.15  158.4  26.6
190220262249  1.301  2.2  298.4  3.4  0.14  146.1  26.6
190220262250  1.298  2.2  298.1  3.4  0.18  130.0  26.6
190220262251  1.296  2.3  298.1  3.4  0.13  145.6  26.6
190220262252  1.292  2.3  298.3  3.4  0.09  127.7  26.6
190220262253  1.288  2.3  298.6  3.4  0.17  155.4  26.6
190220262254  1.287  2.3  296.8  3.4  0.08  132.6  26.6
190220262255  1.285  2.2  298.0  3.4  0.11  142.8  26.6
190220262256  1.282  2.3  299.9  3.4  0.10  160.8  26.6
190220262257  1.279  2.4  298.7  3.9  0.11  85.2  26.6
190220262258  1.276  2.4  299.7  4.1  0.07  81.6  26.6
190220262259  1.273  2.5  302.0  4.1  0.19  162.4  26.6
190220262300  1.270  2.4  304.4  4.1  0.07  78.2  26.6
190220262301  1.267  2.4  308.1  4.1  0.04  51.2  26.6
190220262302  1.263  2.4  311.2  4.1  0.19  168.7  26.6
190220262303  1.260  2.3  313.4  4.1  0.06  74.2  26.6
190220262304  1.258  2.3  316.0  4.1  0.08  76.0  26.6
190220262305  1.255  2.4  317.4  4.1  0.08  160.3  26.6
190220262306  1.251  2.3  319.2  4.1  0.05  109.1  26.6
190220262307  1.249  2.2  321.0  4.1  0.15  2.6  26.6
190220262308  1.245  2.3  320.4  4.3  0.05  19.9  26.6
190220262309  1.241  2.3  321.8  4.3  0.08  76.0  26.6
190220262310  1.239  2.3  320.7  4.3  0.07  64.5  26.6
190220262311  1.235  2.3  318.0  4.3  0.10  97.7  26.6
190220262312  1.232  2.4  318.4  4.3  0.11  131.7  26.6
190220262313  1.230  2.6  320.7  4.8  0.06  64.2  26.6
190220262314  1.227  2.8  320.3  4.8  0.06  145.0  26.6
190220262315  1.224  2.8  319.8  4.8  0.18  44.2  26.6
190220262316  1.221  2.8  320.0  4.8  0.09  25.6  26.6
190220262317  1.217  3.0  317.5  6.4  0.12  55.0  26.6
190220262318  1.213  2.9  318.3  6.4  0.17  26.6  26.6
190220262319  1.211  2.8  317.3  6.4  0.09  48.9  26.6
190220262320  1.206  2.9  319.1  6.4  0.16  25.9  26.6
190220262321  1.202  3.0  319.4  6.4  0.03  21.3  26.6
190220262322  1.199  2.9  318.3  6.4  0.03  52.7  26.6
190220262323  1.194  2.8  315.4  6.4  0.11  30.9  26.6
190220262324  1.191  2.8  314.5  6.4  0.13  28.7  26.6
190220262325  1.186  2.9  315.8  6.4  0.14  15.4  26.6
190220262326  1.182  3.0  317.9  6.4  0.04  50.6  26.6
190220262327  1.179  2.8  321.1  4.2  0.21  9.5  26.6
190220262328  1.174  2.8  319.6  4.2  0.12  24.5  26.6
190220262329  1.170  2.8  317.5  4.2  0.06  10.0  26.6
190220262330  1.165  2.7  313.7  4.2  0.14  12.4  26.6
190220262331  1.160  2.6  310.9  4.2  nan  nan  nan
190220262332  1.154  2.6  309.4  4.2  0.13  13.3  26.6
190220262333  1.150  2.6  307.8  4.3  0.10  359.6  26.6
190220262334  1.145  2.6  304.7  4.3  0.19  344.2  26.6
190220262335  1.141  2.7  301.0  4.9  0.17  344.3  26.7
190220262336  1.136  2.7  299.8  4.9  0.26  357.3  26.7
190220262337  1.131  2.8  298.8  4.9  0.28  0.2  26.7
190220262338  1.126  2.8  298.6  4.9  0.19  352.3  26.7
190220262339  1.122  2.8  298.2  4.9  0.24  349.9  26.8
190220262340  1.116  2.8  298.6  4.9  0.29  13.1  26.8
190220262341  1.110  2.9  299.9  4.9  0.24  8.1  26.8
190220262342  1.105  2.8  298.3  4.9  0.31  4.9  26.8
190220262343  1.100  2.7  298.2  4.9  0.26  8.7  26.9
190220262344  1.097  2.7  298.0  4.9  0.31  5.0  26.9
190220262345  1.092  2.6  296.5  3.7  0.28  2.0  26.9
190220262346  1.088  2.6  294.7  3.7  0.17  359.7  26.9
190220262347  1.085  2.5  292.2  3.7  0.29  358.2  26.9
190220262348  1.080  2.5  290.2  3.7  0.27  355.1  26.9
190220262349  1.075  2.5  285.1  4.3  0.35  18.7  26.9
190220262350  1.071  2.4  280.2  4.3  0.22  4.9  26.9
190220262351  1.066  2.3  277.2  4.3  0.26  1.1  26.9
190220262352  1.062  2.2  274.9  4.3  0.34  4.7  26.9
190220262353  1.057  2.1  271.6  4.3  0.42  10.0  26.9
190220262354  1.052  2.0  269.0  4.3  0.38  1.2  26.9
190220262355  1.048  1.9  270.2  4.3  0.46  5.1  26.9
190220262356  1.043  1.7  264.8  4.3  0.44  7.2  26.9
190220262357  1.039  1.6  261.2  4.3  0.55  13.0  26.9
190220262358  1.035  1.5  253.2  4.3  0.66  10.2  26.9
190220262359  1.030  1.4  255.2  3.1  0.47  8.8  26.9
200220260000  1.025  1.4  259.3  2.9  0.53  8.7  26.9
200220260001  1.019  1.5  254.6  2.9  0.63  12.8  26.8
200220260002  1.013  1.7  253.3  3.6  0.55  4.3  26.8
200220260003  1.008  1.7  245.5  3.6  0.62  8.6  26.8
200220260004  1.003  1.7  239.3  3.6  0.66  13.0  26.8
200220260005  0.998  1.8  231.5  3.6  0.59  5.1  26.8
200220260006  0.993  2.0  231.6  3.6  0.62  10.9  26.8
200220260007  0.987  2.1  231.0  3.6  0.62  9.3  26.8
200220260008  0.981  2.2  231.0  3.6  0.59  15.1  26.8
200220260009  0.975  2.2  231.1  3.6  0.68  10.5  26.8
200220260010  0.968  2.0  229.8  3.6  0.76  12.4  26.8
200220260011  0.962  1.9  232.7  3.6  0.73  9.4  26.8
200220260012  0.956  1.6  233.3  3.2  0.77  10.0  26.8
200220260013  0.950  1.6  239.3  3.2  0.63  12.8  26.8
200220260014  0.945  1.4  245.4  3.0  0.70  15.3  26.8
200220260015  0.938  1.3  255.3  3.0  0.64  8.6  26.8
200220260016  0.933  1.2  265.0  3.0  0.77  9.1  26.8
200220260017  0.927  1.2  271.0  2.9  0.74  5.0  26.8
200220260018  0.922  1.1  278.5  2.4  0.72  2.1  26.9
200220260019  0.916  1.1  280.7  2.4  0.66  2.3  26.9
200220260020  0.911  1.2  280.9  2.4  0.70  0.3  26.9
200220260021  0.906  1.2  278.5  2.4  0.67  356.7  26.9
200220260022  0.902  1.3  276.3  2.4  0.68  1.5  26.9
200220260023  0.897  1.4  279.0  2.4  0.78  1.1  26.9
200220260024  0.892  1.3  277.3  2.4  0.78  3.6  26.9
200220260025  0.887  1.4  274.1  2.4  0.74  357.9  26.9
200220260026  0.883  1.4  269.4  2.4  0.82  0.3  26.9
200220260027  0.878  1.3  272.1  2.4  0.83  0.8  26.9
200220260028  0.874  1.4  273.2  2.4  0.69  357.0  26.9
200220260029  0.868  1.4  269.9  2.4  0.79  5.0  26.9
200220260030  0.865  1.2  269.6  2.4  0.78  0.5  26.9
200220260031  0.861  1.2  274.0  2.1  0.80  0.5  26.9
200220260032  0.857  1.2  280.5  2.3  0.73  356.5  26.9
200220260033  0.853  1.3  284.5  3.4  0.71  1.4  26.9
200220260034  0.848  1.4  288.7  3.4  0.72  3.5  26.9
200220260035  0.844  1.4  291.2  3.4  0.73  359.7  26.9
200220260036  0.840  1.5  294.5  3.4  0.66  356.6  26.9
200220260037  0.835  1.7  294.8  3.4  0.84  1.1  26.9
200220260038  0.830  1.8  294.1  3.4  0.82  2.2  26.9
200220260039  0.825  2.0  296.1  3.4  0.77  3.5  26.9
200220260040  0.821  2.1  294.8  3.4  0.81  1.9  26.9
200220260041  0.816  2.3  293.4  3.4  0.90  3.0  26.9
200220260042  0.811  2.2  291.3  3.4  0.77  4.5  26.9
200220260043  0.806  2.1  291.0  3.1  0.78  1.8  26.9
200220260044  0.801  2.1  288.3  3.1  0.83  0.8  26.9
200220260045  0.796  2.1  285.0  3.3  0.82  1.7  26.9
200220260046  0.789  2.1  281.7  3.3  0.81  2.1  26.9
200220260047  0.785  2.1  278.6  3.3  0.95  2.3  26.9
200220260048  0.778  2.1  280.0  3.3  0.84  357.9  26.9
200220260049  0.773  2.0  280.6  3.3  0.86  359.4  26.9
200220260050  0.768  2.0  281.4  3.3  0.88  1.5  26.9
200220260051  0.762  1.9  278.5  3.3  0.94  0.5  26.9
200220260052  0.757  1.9  275.9  3.3  0.93  358.4  26.9
200220260053  0.751  2.0  272.7  3.3  0.90  1.6  26.9
200220260054  0.747  2.0  273.5  3.3  0.85  3.0  26.9
200220260055  0.743  1.8  275.6  3.2  0.90  1.9  26.9
200220260056  0.737  1.7  279.0  3.0  0.98  4.2  26.9
200220260057  0.731  1.6  281.7  3.0  1.02  1.1  26.9
200220260058  0.726  1.5  277.8  2.9  1.01  4.9  26.9
200220260059  0.720  1.4  270.3  2.9  1.01  2.6  26.9
200220260100  0.714  1.4  259.5  3.1  0.96  3.7  26.9
200220260101  0.710  1.5  254.0  3.1  1.02  0.9  26.9
200220260102  0.702  1.4  249.0  3.1  0.93  5.0  26.9
200220260103  0.698  1.5  243.8  3.8  0.99  1.1  26.9
200220260104  0.693  1.7  235.9  3.8  0.95  3.9  26.9
200220260105  0.687  1.8  231.3  3.8  0.98  4.8  26.9
200220260106  0.682  2.1  228.6  3.8  1.01  4.8  26.9
200220260107  0.676  2.3  227.8  3.8  0.98  7.2  27.0
200220260108  0.670  2.4  227.7  3.8  0.95  3.5  27.0
200220260109  0.665  2.5  226.8  3.8  0.94  1.9  27.0
200220260110  0.659  2.5  226.4  3.8  0.98  4.1  27.0
200220260111  0.653  2.5  225.3  3.8  1.02  6.1  27.0
200220260112  0.648  2.6  225.9  3.8  0.91  2.8  27.0
200220260113  0.642  2.5  228.0  3.5  1.01  5.6  27.0
200220260114  0.636  2.3  234.3  3.5  1.01  3.8  27.0
200220260115  0.629  2.2  237.8  3.3  1.01  2.8  27.0
200220260116  0.623  2.1  239.7  3.3  1.05  5.2  27.0
200220260117  0.617  2.1  240.8  3.0  0.95  1.7  27.0
200220260118  0.610  2.2  241.3  3.1  1.05  1.2  27.0
200220260119  0.605  2.2  242.3  3.2  1.06  6.1  27.0
200220260120  0.599  2.2  243.0  3.2  1.09  4.1  27.0
200220260121  0.592  2.3  245.5  3.3  1.07  5.7  27.0
200220260122  0.586  2.4  245.9  3.6  1.17  5.0  27.0
200220260123  0.580  2.4  243.3  3.6  0.97  5.8  27.0
200220260124  0.575  2.5  237.0  3.9  1.08  5.4  27.0
200220260125  0.569  2.7  233.1  4.1  1.07  6.2  27.0
200220260126  0.564  2.8  230.1  4.1  1.03  7.2  27.0
200220260127  0.558  3.0  227.7  4.3  1.05  4.7  27.0
200220260128  0.552  3.1  225.3  4.3  1.04  4.9  27.0
200220260129  0.548  3.1  223.4  4.3  1.07  3.6  27.0
200220260130  0.541  3.2  222.5  4.3  1.11  6.8  27.0
200220260131  0.536  3.2  221.0  4.3  1.03  9.5  27.0
200220260132  0.531  3.3  220.0  4.3  0.94  6.6  27.0
200220260133  0.525  3.4  219.1  4.4  1.08  6.1  27.0
200220260134  0.520  3.5  219.4  4.4  1.02  5.4  27.0
200220260135  0.516  3.4  219.0  4.4  1.05  7.8  27.0
200220260136  0.511  3.3  218.9  4.4  1.07  5.1  27.0
200220260137  0.506  3.2  218.6  4.4  0.90  5.7  27.0
200220260138  0.502  3.2  219.0  4.4  1.13  7.6  27.0
200220260139  0.498  3.2  220.6  4.4  1.01  3.8  27.0
200220260140  0.494  3.0  221.6  4.4  1.11  5.5  27.0
200220260141  0.490  2.9  221.9  4.4  0.98  7.6  27.0
200220260142  0.486  2.8  222.9  4.4  1.06  6.2  27.0
200220260143  0.482  2.6  223.5  4.0  0.98  8.6  27.0
200220260144  0.479  2.5  224.2  3.3  0.98  9.0  27.0
200220260145  0.475  2.4  226.2  3.3  0.94  7.9  27.0
200220260146  0.471  2.4  228.1  3.3  1.03  7.4  27.0
200220260147  0.467  2.3  230.1  3.3  1.07  10.0  27.0
200220260148  0.463  2.2  231.6  3.3  1.03  8.3  27.0
200220260149  0.459  2.1  230.3  3.3  0.95  7.1  27.0
200220260150  0.455  2.1  229.7  3.3  0.99  11.0  27.0
200220260151  0.451  2.0  231.4  2.8  0.97  6.9  27.0
200220260152  0.447  2.0  231.1  3.1  0.99  7.9  27.0
200220260153  0.443  2.1  230.4  3.1  0.85  5.4  27.0
200220260154  0.440  2.2  230.4  3.3  0.92  8.4  27.0
200220260155  0.435  2.3  230.5  3.3  0.93  10.2  27.0
200220260156  0.433  2.3  230.4  3.5  0.94  8.6  27.0
200220260157  0.431  2.4  229.2  3.5  0.90  5.3  27.0
200220260158  0.428  2.6  228.3  3.5  0.88  8.5  27.0
200220260159  0.425  2.7  228.3  3.5  0.93  6.9  27.0
200220260200  0.422  2.8  228.4  3.5  0.93  6.2  27.0
200220260201  0.420  2.9  228.0  3.5  0.86  6.1  27.0
200220260202  0.416  3.0  228.2  3.6  0.82  8.6  27.1
200220260203  0.413  3.0  229.4  3.6  0.90  9.1  27.1
200220260204  0.410  3.0  229.0  3.6  0.90  7.5  27.1
200220260205  0.407  3.0  228.1  3.6  1.01  8.0  27.1
200220260206  0.403  3.1  227.7  3.7  0.95  6.6  27.1
200220260207  0.400  3.1  227.7  3.7  0.96  5.5  27.1
200220260208  0.395  3.1  228.2  3.7  0.95  10.2  27.1
200220260209  0.391  3.1  228.6  3.7  1.04  7.5  27.1
200220260210  0.386  3.1  227.7  3.7  1.00  11.2  27.1
200220260211  0.383  3.0  226.4  3.7  0.92  6.2  27.1
200220260212  0.378  2.9  225.6  3.7  0.91  6.5  27.1
200220260213  0.375  2.9  223.9  3.7  1.01  8.6  27.1
200220260214  0.371  2.8  222.7  3.7  0.97  8.3  27.1
200220260215  0.367  2.9  220.8  3.9  0.94  8.5  27.1
200220260216  0.363  2.9  218.6  3.9  0.94  6.1  27.1
200220260217  0.359  2.9  216.9  4.0  0.87  9.1  27.1
200220260218  0.355  3.0  214.8  4.0  0.89  6.5  27.1
200220260219  0.352  3.1  213.8  4.0  1.00  5.6  27.1
200220260220  0.349  3.1  213.8  4.0  0.99  8.0  27.1
200220260221  0.344  3.2  214.5  4.0  0.94  7.6  27.1
200220260222  0.341  3.2  215.8  4.0  0.93  4.2  27.1
200220260223  0.338  3.3  217.1  4.2  0.87  4.2  27.1
200220260224  0.335  3.4  218.4  4.2  0.90  8.1  27.1
200220260225  0.331  3.3  220.2  4.2  0.99  8.1  27.1
200220260226  0.328  3.3  222.8  4.2  0.95  6.1  27.1
200220260227  0.324  3.1  223.2  4.2  0.91  7.4  27.1
200220260228  0.320  3.0  224.4  4.2  0.98  6.0  27.1
200220260229  0.316  2.8  223.8  4.2  0.91  6.8  27.1
200220260230  0.311  2.7  221.3  4.2  0.95  7.5  27.1
200220260231  0.308  2.5  216.7  4.2  0.89  9.6  27.1
200220260232  0.305  2.3  211.1  4.2  0.91  8.1  27.1
200220260233  0.301  2.2  206.5  4.0  1.03  7.4  27.1
200220260234  0.298  2.1  202.0  3.7  0.93  7.6  27.1
200220260235  0.295  2.2  201.6  3.7  0.93  7.3  27.1
200220260236  0.290  2.2  200.0  3.7  0.91  6.0  27.1
200220260237  0.285  2.2  201.5  3.7  0.93  6.5  27.1
200220260238  0.281  2.3  203.0  3.7  1.01  4.5  27.1
200220260239  0.276  2.5  206.8  3.9  0.95  6.6  27.1
200220260240  0.271  2.6  211.4  4.5  1.02  5.2  27.1
200220260241  0.267  2.9  217.4  4.5  1.09  6.3  27.1
200220260242  0.261  3.1  221.0  4.5  1.00  11.9  27.1
200220260243  0.258  3.2  223.8  4.5  0.91  6.4  27.1
200220260244  0.254  3.2  224.2  4.5  0.95  9.6  27.1
200220260245  0.248  3.3  221.9  4.5  0.92  6.6  27.1
200220260246  0.245  3.4  219.6  4.5  0.91  9.5  27.1
200220260247  0.241  3.6  218.4  4.5  0.97  5.5  27.1
200220260248  0.238  3.7  217.2  4.7  0.97  9.0  27.1
200220260249  0.234  3.9  215.8  4.9  0.98  10.1  27.1
200220260250  0.229  3.9  215.0  4.9  0.90  6.1  27.1
200220260251  0.226  4.0  213.4  4.9  0.99  8.3  27.1
200220260252  0.221  4.1  212.6  5.0  1.05  6.7  27.1
200220260253  0.218  4.2  212.6  5.0  0.96  9.0  27.1
200220260254  0.214  4.2  214.2  5.0  0.91  9.4  27.1
200220260255  0.211  4.2  216.4  5.0  1.00  11.2  27.1
200220260256  0.208  4.2  218.2  5.0  0.97  10.6  27.1
200220260257  0.205  4.1  219.9  5.0  1.05  9.4  27.1
200220260258  0.202  4.1  221.6  5.0  0.99  10.9  27.1
200220260259  0.199  4.1  223.8  5.0  1.03  9.5  27.1
200220260300  0.196  4.0  225.4  5.0  0.85  8.4  27.1
200220260301  0.193  4.0  227.4  5.0  0.87  6.8  27.1
200220260302  0.191  4.0  228.8  5.0  0.97  10.8  27.1
200220260303  0.188  4.0  229.3  5.3  0.95  8.7  27.1
200220260304  0.186  4.1  229.6  5.3  0.85  6.1  27.1
200220260305  0.182  4.2  230.0  5.3  0.83  9.9  27.1
200220260306  0.180  4.2  230.1  5.3  1.05  10.0  27.1
200220260307  0.177  4.1  229.7  5.3  0.97  7.7  27.1
200220260308  0.175  4.1  230.0  5.3  0.87  9.9  27.1
200220260309  0.174  4.0  229.6  5.3  0.91  6.9  27.1
200220260310  0.170  4.0  229.1  5.3  0.93  9.8  27.1
200220260311  0.168  4.0  228.6  5.3  1.06  9.2  27.1
200220260312  0.166  3.9  228.4  5.3  0.87  8.8  27.1
200220260313  0.164  3.8  227.7  5.0  0.98  10.0  27.1
200220260314  0.162  3.8  227.3  5.0  0.98  11.8  27.1
200220260315  0.160  3.7  226.6  4.4  1.04  9.8  27.1
200220260316  0.158  3.7  226.2  4.4  0.94  10.6  27.1
200220260317  0.156  3.7  226.9  4.4  0.91  7.3  27.1
200220260318  0.154  3.7  226.3  4.4  1.00  8.8  27.1
200220260319  0.153  3.7  225.7  4.2  0.97  7.1  27.1
200220260320  0.151  3.6  226.3  4.2  0.94  4.9  27.1
200220260321  0.150  3.5  226.2  4.2  0.97  6.8  27.1
200220260322  0.149  3.5  226.0  4.2  0.92  8.2  27.1
200220260323  0.148  3.5  226.6  4.2  0.89  6.4  27.1
200220260324  0.146  3.5  227.0  4.4  0.92  2.9  27.1
200220260325  0.146  3.5  227.2  4.4  0.97  6.4  27.1
200220260326  0.145  3.6  227.3  4.6  0.90  8.4  27.1
200220260327  0.146  3.6  226.7  4.6  0.85  5.9  27.1
200220260328  0.146  3.6  226.6  4.6  0.86  11.2  27.1
200220260329  0.145  3.6  226.7  4.6  0.85  7.5  27.1
200220260330  0.145  3.6  225.8  4.6  0.79  4.3  27.1
200220260331  0.145  3.7  224.4  4.6  0.82  7.2  27.1
200220260332  0.146  3.7  223.9  4.6  0.80  3.0  27.1
200220260333  0.145  3.7  222.8  4.6  0.89  6.4  27.1
200220260334  0.146  3.7  222.0  4.6  0.89  9.4  27.1
200220260335  0.146  3.7  222.1  4.6  0.76  9.7  27.1
200220260336  0.146  3.7  222.4  4.9  0.81  4.9  27.1
200220260337  0.146  3.8  222.7  4.9  0.92  4.8  27.1
200220260338  0.147  3.8  223.6  4.9  0.78  5.7  27.1
200220260339  0.146  3.9  223.9  4.9  0.79  6.0  27.1
200220260340  0.146  4.0  223.9  5.1  0.73  5.7  27.1
200220260341  0.146  4.1  225.3  5.1  0.73  3.6  27.1
200220260342  0.146  4.2  226.3  5.1  0.69  4.5  27.1
200220260343  0.146  4.2  227.3  5.1  0.72  1.1  27.1
200220260344  0.146  4.3  227.3  5.1  0.80  3.6  27.1
200220260345  0.147  4.4  226.8  5.1  0.75  359.8  27.1
200220260346  0.149  4.3  226.7  5.1  0.79  3.1  27.1
200220260347  0.151  4.4  226.0  5.1  0.79  4.3  27.1
200220260348  0.151  4.4  224.9  5.1  0.76  359.7  27.1
200220260349  0.152  4.4  223.6  5.1  0.81  3.4  27.1
200220260350  0.153  4.3  222.5  5.0  0.72  358.9  27.1
200220260351  0.156  4.4  221.0  5.0  0.79  1.8  27.1
200220260352  0.158  4.4  219.4  5.0  0.73  0.0  27.1
200220260353  0.161  4.4  218.2  5.0  0.63  7.3  27.1
200220260354  0.162  4.3  217.8  5.0  0.51  356.3  27.1
200220260355  0.164  4.3  217.2  5.0  0.76  0.6  27.1
200220260356  0.165  4.3  215.2  5.0  0.71  1.3  27.1
200220260357  0.166  4.2  214.4  4.7  0.58  359.6  27.1
200220260358  0.167  4.2  213.7  4.7  0.60  358.0  27.1
200220260359  0.168  4.2  213.7  4.7  0.76  2.3  27.1
200220260400  0.169  4.2  212.9  4.7  0.69  2.3  27.1
200220260401  0.171  4.1  212.4  4.7  0.61  2.9  27.1
200220260402  0.173  4.1  211.8  4.6  0.66  0.3  27.1
200220260403  0.174  4.0  211.2  4.6  0.66  1.3  27.1
200220260404  0.175  4.0  210.8  4.6  0.61  2.1  27.1
200220260405  0.177  4.0  210.3  4.6  0.67  6.5  27.2
200220260406  0.178  4.0  210.9  4.6  0.61  6.1  27.2
200220260407  0.179  4.0  211.1  4.5  0.61  2.1  27.2
200220260408  0.180  4.0  211.2  4.8  0.51  356.6  27.2
200220260409  0.182  4.0  211.1  4.8  0.57  4.5  27.2
200220260410  0.184  4.0  211.1  4.8  0.62  7.8  27.2
200220260411  0.185  4.0  210.8  4.8  0.55  6.6  27.2
200220260412  0.188  4.0  211.4  4.8  0.58  359.8  27.2
200220260413  0.188  4.0  211.6  4.8  0.57  359.9  27.2
200220260414  0.190  4.0  212.5  4.8  0.58  4.3  27.2
200220260415  0.195  4.1  213.7  4.8  0.62  6.9  27.2
200220260416  0.196  4.1  214.6  4.8  0.55  357.4  27.2
200220260417  0.199  4.1  215.1  4.8  0.51  1.7  27.2
200220260418  0.201  4.1  215.4  4.8  0.59  1.5  27.2
200220260419  0.205  4.1  215.9  4.8  0.58  0.6  27.2
200220260420  0.206  4.2  216.9  4.8  0.56  4.8  27.2
200220260421  0.209  4.2  218.2  4.8  0.47  0.6  27.2
200220260422  0.211  4.3  218.2  5.1  0.47  1.7  27.2
200220260423  0.214  4.3  218.7  5.1  0.49  0.1  27.2
200220260424  0.216  4.3  218.3  5.1  0.54  358.4  27.2
200220260425  0.219  4.3  217.5  5.1  0.48  353.4  27.2
200220260426  0.220  4.3  217.4  5.1  0.53  359.2  27.2
200220260427  0.222  4.3  217.4  5.1  0.50  1.6  27.2
200220260428  0.223  4.4  217.6  5.1  0.51  0.2  27.2
200220260429  0.225  4.4  218.0  5.1  0.46  357.7  27.2
200220260430  0.226  4.4  218.2  5.1  0.52  357.8  27.2
200220260431  0.226  4.4  218.4  5.1  0.51  3.2  27.2
200220260432  0.226  4.4  218.9  5.1  0.47  357.2  27.2
200220260433  0.226  4.5  219.2  5.1  0.45  0.0  27.2
200220260434  0.227  4.5  219.8  5.1  0.49  2.9  27.2
200220260435  0.226  4.6  220.3  5.4  0.45  1.3  27.2
200220260436  0.227  4.6  220.0  5.4  0.31  0.2  27.2
200220260437  0.227  4.6  220.0  5.4  0.49  359.9  27.2
200220260438  0.228  4.7  220.2  5.4  0.42  1.1  27.2
200220260439  0.229  4.7  219.9  5.4  0.47  5.2  27.2
200220260440  0.230  4.7  220.3  5.4  0.38  1.2  27.2
200220260441  0.232  4.7  220.3  5.4  0.55  8.8  27.2
200220260442  0.234  4.7  220.0  5.4  0.55  5.9  27.2
200220260443  0.234  4.6  219.4  5.4  0.43  7.1  27.2
200220260444  0.235  4.6  219.0  5.4  0.51  1.9  27.2
200220260445  0.236  4.5  218.6  5.4  0.51  359.4  27.2
200220260446  0.237  4.5  219.0  5.4  0.40  359.1  27.2
200220260447  0.240  4.5  219.2  5.2  0.52  357.1  27.2
200220260448  0.242  4.5  219.3  5.2  0.52  357.3  27.2
200220260449  0.245  4.5  219.4  5.2  0.36  357.5  27.2
200220260450  0.248  4.5  219.9  5.5  0.41  2.7  27.2
200220260451  0.252  4.5  220.5  5.5  0.33  10.0  27.2
200220260452  0.255  4.6  221.7  5.5  0.41  4.6  27.2
200220260453  0.258  4.6  222.4  5.5  0.36  1.1  27.2
200220260454  0.264  4.7  223.3  5.5  0.28  350.7  27.2
200220260455  0.268  4.7  224.2  5.5  0.35  354.6  27.2
200220260456  0.273  4.7  224.6  5.5  0.40  357.4  27.2
200220260457  0.278  4.8  225.0  5.5  0.31  1.1  27.2
200220260458  0.284  4.8  225.1  5.5  0.37  3.0  27.2
200220260459  0.289  4.8  226.0  5.5  0.29  359.7  27.2
200220260500  0.296  4.8  225.9  5.7  0.34  357.6  27.2
200220260501  0.301  4.9  225.6  5.8  0.17  0.8  27.2
200220260502  0.307  4.9  225.0  5.8  0.24  359.3  27.2
200220260503  0.313  4.9  225.6  5.8  0.10  349.4  27.2
200220260504  0.317  4.9  225.2  5.9  0.07  316.5  27.2
200220260505  0.323  5.0  224.9  5.9  0.17  6.7  27.2
200220260506  0.328  5.0  224.7  5.9  0.07  344.1  27.2
200220260507  0.334  4.9  224.3  5.9  0.17  353.4  27.2
200220260508  0.338  4.8  224.1  5.9  0.04  240.9  27.2
200220260509  0.344  4.8  222.1  5.9  0.07  257.0  27.2
200220260510  0.349  4.8  221.0  5.9  0.08  262.0  27.2
200220260511  0.353  4.7  220.0  5.9  0.08  234.0  27.2
200220260512  0.360  4.7  219.1  5.9  0.07  259.1  27.2
200220260513  0.364  4.7  218.0  5.9  0.09  235.9  27.2
200220260514  0.371  4.6  217.3  5.7  0.13  251.6  27.2
200220260515  0.376  4.6  216.7  5.6  0.12  251.3  27.2
200220260516  0.383  4.6  216.2  5.6  0.22  214.7  27.2
200220260517  0.388  4.7  216.4  5.6  0.26  223.8  27.2
200220260518  0.393  4.8  216.3  5.6  0.21  207.9  27.1
200220260519  0.399  4.8  217.3  5.6  0.35  215.9  27.1
200220260520  0.405  4.7  217.8  5.4  0.48  200.6  27.1
200220260521  0.411  4.7  218.5  5.4  0.32  221.1  27.1
200220260522  0.416  4.7  219.0  5.4  0.48  195.8  27.1
200220260523  0.423  4.7  219.1  5.4  0.45  203.6  27.1
200220260524  0.429  4.6  219.5  5.4  0.45  197.8  27.1
200220260525  0.435  4.6  219.5  5.4  0.42  209.0  27.1
200220260526  0.441  4.6  220.0  5.4  0.48  191.4  27.1
200220260527  0.447  4.6  219.1  5.5  0.35  193.8  27.1
200220260528  0.452  4.6  218.8  5.5  0.44  182.2  27.1
200220260529  0.457  4.7  218.5  5.9  0.31  181.5  27.1
200220260530  0.463  4.7  218.5  5.9  0.26  183.7  27.1
200220260531  0.468  4.7  218.1  5.9  0.38  180.0  27.1
200220260532  0.474  4.7  217.4  5.9  0.40  182.0  27.1
200220260533  0.480  4.7  216.7  5.9  0.31  190.0  27.1
200220260534  0.485  4.7  215.7  5.9  0.20  191.1  27.1
200220260535  0.491  4.6  215.2  5.9  0.21  195.8  27.1
200220260536  0.498  4.6  214.4  5.9  0.27  192.0  27.1
200220260537  0.503  4.5  213.4  5.9  0.20  187.8  27.1
200220260538  0.508  4.6  213.6  5.9  0.44  187.0  27.1
200220260539  0.514  4.5  213.5  5.5  0.33  179.3  27.1
200220260540  0.520  4.4  213.2  5.5  0.35  187.5  27.1
200220260541  0.524  4.4  214.3  5.5  0.40  183.6  27.1
200220260542  0.530  4.4  215.3  5.5  0.50  189.1  27.0
200220260543  0.535  4.4  216.1  5.5  0.44  179.3  27.0
200220260544  0.538  4.4  216.4  5.5  0.35  178.6  27.0
200220260545  0.544  4.5  215.7  5.9  0.45  188.0  27.0
200220260546  0.548  4.5  215.5  5.9  0.37  180.3  27.0
200220260547  0.551  4.5  216.9  5.9  0.31  182.1  27.0
200220260548  0.556  4.6  217.1  5.9  0.38  178.1  27.0
200220260549  0.560  4.7  217.6  5.9  0.33  180.1  27.0
200220260550  0.564  4.8  217.6  6.3  0.30  172.0  27.0
200220260551  0.567  4.9  216.9  6.3  0.35  169.0  27.0
200220260552  0.570  5.0  216.8  6.5  0.41  185.1  27.0
200220260553  0.573  5.1  216.9  6.5  0.33  175.9  27.0
200220260554  0.576  5.2  217.5  6.5  0.30  171.3  27.0
200220260555  0.580  5.3  218.6  6.5  0.37  176.8  27.0
200220260556  0.585  5.3  220.0  6.5  0.39  178.7  27.0
200220260557  0.589  5.3  220.7  6.5  0.43  185.4  27.0
200220260558  0.593  5.3  221.1  6.5  0.39  173.6  27.0
200220260559  0.598  5.2  221.7  6.5  0.31  167.9  27.0
200220260600  0.601  5.2  222.1  6.5  0.38  170.4  27.0
200220260601  0.605  5.2  222.9  6.5  0.31  172.3  27.0
200220260602  0.608  5.1  223.0  6.2  0.37  175.8  27.0
200220260603  0.614  5.0  223.5  6.2  0.36  177.3  27.0
200220260604  0.619  5.0  223.8  6.2  0.21  149.2  27.0
200220260605  0.622  5.0  223.7  6.2  0.38  174.9  27.0
200220260606  0.627  4.9  223.2  6.2  0.26  147.1  27.0
200220260607  0.631  4.9  222.7  6.2  0.39  169.7  27.0
200220260608  0.635  5.0  222.9  6.5  0.33  160.8  27.0
200220260609  0.640  5.1  222.8  6.5  0.50  175.5  27.0
200220260610  0.644  5.2  222.8  6.5  0.37  165.5  27.0
200220260611  0.650  5.3  222.0  6.5  0.40  170.6  27.0
200220260612  0.653  5.3  222.2  6.5  0.38  173.8  27.0
200220260613  0.658  5.3  222.7  6.5  0.38  176.2  27.0
200220260614  0.662  5.3  222.8  6.5  0.31  175.8  27.0
200220260615  0.667  5.3  223.3  6.5  0.42  171.4  27.0
200220260616  0.672  5.3  223.9  6.5  0.49  172.3  27.0
200220260617  0.675  5.2  223.6  6.5  0.57  176.5  27.0
200220260618  0.680  5.1  222.7  6.2  0.47  169.8  27.0
200220260619  0.687  5.0  222.5  6.1  0.54  172.0  27.0
200220260620  0.692  4.8  221.8  6.1  0.54  185.0  27.0
200220260621  0.698  4.8  221.3  6.1  0.41  178.5  27.0
200220260622  0.703  4.8  219.7  6.1  0.56  174.4  27.0
200220260623  0.710  4.6  218.3  6.1  0.63  178.2  27.0
200220260624  0.716  4.6  218.0  6.1  0.71  174.3  27.0
200220260625  0.720  4.5  217.6  6.1  0.47  184.8  27.0
200220260626  0.726  4.5  216.7  6.1  0.60  173.2  27.0
200220260627  0.731  4.5  216.6  6.1  0.64  175.4  27.0
200220260628  0.735  4.5  217.0  6.1  0.76  175.9  27.0
200220260629  0.742  4.4  216.3  6.1  0.84  178.2  27.0
200220260630  0.747  4.3  215.9  5.5  0.77  176.5  27.0
200220260631  0.753  4.2  216.0  5.5  0.90  172.0  27.0
200220260632  0.759  4.1  216.9  5.3  0.93  173.3  27.0
200220260633  0.765  4.1  216.4  5.3  0.93  175.2  27.0
200220260634  0.772  4.0  215.2  5.3  0.91  169.6  27.0
200220260635  0.778  3.9  214.1  5.3  1.01  171.8  27.0
200220260636  0.786  4.0  212.1  5.7  0.90  166.8  27.0
200220260637  0.792  4.1  210.5  5.7  0.95  168.6  27.0
200220260638  0.799  4.1  209.3  5.7  1.03  171.4  27.0
200220260639  0.806  4.2  208.2  5.7  0.95  167.6  27.0
200220260640  0.813  4.4  206.7  5.8  0.92  167.8  27.0
200220260641  0.820  4.5  204.7  5.8  0.96  171.1  27.0
200220260642  0.827  4.6  203.6  5.8  1.06  168.4  26.9
200220260643  0.833  4.7  204.1  5.8  1.02  168.9  26.9
200220260644  0.839  4.8  204.8  5.8  0.86  167.7  26.9
200220260645  0.845  4.9  205.6  5.8  0.85  168.6  26.9
200220260646  0.851  4.8  206.5  5.8  0.83  167.7  26.9
200220260647  0.858  4.7  207.2  5.8  0.80  168.8  26.9
200220260648  0.865  4.7  207.4  5.8  0.89  166.4  26.9
200220260649  0.872  4.6  208.6  5.8  0.94  168.1  26.9
200220260650  0.877  4.5  210.8  5.8  0.76  166.4  26.9
200220260651  0.882  4.5  213.3  5.4  0.88  169.4  26.9
200220260652  0.888  4.5  214.3  5.4  1.14  168.4  26.9
200220260653  0.894  4.4  214.1  5.4  1.01  165.2  26.9
200220260654  0.900  4.4  213.9  5.4  1.01  168.5  26.9
200220260655  0.905  4.3  212.9  5.4  1.10  169.3  26.9
200220260656  0.913  4.3  212.7  5.4  1.05  167.8  26.9
200220260657  0.919  4.3  212.7  5.4  1.15  170.2  26.9
200220260658  0.925  4.3  213.7  5.4  0.91  169.6  26.9
200220260659  0.930  4.3  214.0  5.4  0.95  169.9  26.9
200220260700  0.936  4.3  212.5  5.4  1.00  172.4  26.9
200220260701  0.942  4.3  210.8  5.4  1.07  173.7  26.9
200220260702  0.949  4.2  209.0  5.2  0.98  169.0  26.9
200220260703  0.955  4.2  208.3  5.2  1.04  175.1  26.9
200220260704  0.960  4.2  207.5  5.2  0.86  170.0  26.9
200220260705  0.966  4.2  207.5  5.2  1.14  173.4  26.9
200220260706  0.972  4.1  207.8  5.2  1.00  169.7  26.9
200220260707  0.978  4.2  208.4  5.2  0.98  175.6  26.9
200220260708  0.985  4.2  208.5  5.2  0.99  177.6  26.9
200220260709  0.989  4.2  208.3  5.2  1.05  175.0  26.9
200220260710  0.995  4.2  209.5  5.2  1.18  173.3  26.9
200220260711  1.000  4.2  211.4  5.7  1.06  172.6  26.9
200220260712  1.005  4.3  212.9  5.9  1.10  171.7  26.9
200220260713  1.011  4.4  213.6  5.9  0.91  174.1  26.9
200220260714  1.017  4.4  214.9  5.9  1.00  170.8  26.9
200220260715  1.022  4.4  214.8  5.9  1.16  170.8  26.9
200220260716  1.028  4.4  213.6  5.9  0.98  167.0  26.9
200220260717  1.034  4.4  213.3  5.9  1.11  173.7  26.9
200220260718  1.039  4.3  213.0  5.9  1.05  170.4  26.9
200220260719  1.045  4.2  213.5  5.9  1.09  172.2  26.9
200220260720  1.050  4.2  213.5  5.9  1.04  172.8  26.9
200220260721  1.056  4.1  213.5  5.9  1.21  172.8  26.9
200220260722  1.061  3.9  214.9  5.2  1.08  170.6  26.9
200220260723  1.066  3.9  216.9  4.9  0.92  169.7  26.9
200220260724  1.071  3.8  217.5  4.9  1.18  175.6  26.9
200220260725  1.077  3.8  220.1  4.9  1.05  173.2  26.9
200220260726  1.080  3.8  222.7  4.9  1.04  175.6  26.9
200220260727  1.084  3.9  224.1  4.9  0.94  175.9  26.8
200220260728  1.089  3.9  224.8  4.9  1.04  174.4  26.8
200220260729  1.094  3.8  225.0  4.9  1.00  171.8  26.8
200220260730  1.098  3.7  226.3  4.8  1.12  178.7  26.8
200220260731  1.104  3.7  227.5  4.8  1.00  179.8  26.8
200220260732  1.109  3.7  228.4  4.8  0.84  177.8  26.8
200220260733  1.114  3.6  229.7  4.7  1.10  179.3  26.8
200220260734  1.119  3.6  230.8  4.7  1.08  182.2  26.8
200220260735  1.125  3.4  231.7  4.5  0.93  178.5  26.8
200220260736  1.130  3.3  233.4  4.4  1.04  182.6  26.8
200220260737  1.135  3.2  234.7  4.4  1.01  181.0  26.8
200220260738  1.140  3.2  236.4  4.4  1.01  179.3  26.8
200220260739  1.144  3.2  238.5  4.4  0.88  180.2  26.7
200220260740  1.150  3.0  239.7  3.9  0.89  177.9  26.7
200220260741  1.155  3.0  239.4  3.9  0.91  180.1  26.7
200220260742  1.158  3.0  238.5  4.1  0.88  181.4  26.7
200220260743  1.164  3.0  237.5  4.1  1.03  182.6  26.7
200220260744  1.169  3.0  236.6  4.1  1.05  179.7  26.7
200220260745  1.172  3.0  234.7  4.1  0.94  181.5  26.7
200220260746  1.176  3.0  233.0  4.1  0.96  177.0  26.7
200220260747  1.181  3.0  231.2  4.1  0.88  177.6  26.7
200220260748  1.186  2.9  229.0  4.1  0.93  177.3  26.7
200220260749  1.192  2.9  227.1  4.1  1.13  179.0  26.7
200220260750  1.197  3.0  225.5  4.1  0.84  178.7  26.7
200220260751  1.202  2.9  223.8  4.1  0.96  178.9  26.7
200220260752  1.207  2.9  221.5  3.9  0.93  174.8  26.7
200220260753  1.212  2.8  219.6  3.6  0.98  177.5  26.7
200220260754  1.218  2.8  217.0  3.6  1.02  179.4  26.7
200220260755  1.223  2.7  215.3  3.6  0.92  175.6  26.7
200220260756  1.227  2.6  212.7  3.4  0.81  170.1  26.6
200220260757  1.232  2.6  211.2  3.4  0.93  171.8  26.7
200220260758  1.237  2.5  209.1  3.4  0.97  170.5  26.6
200220260759  1.242  2.5  206.3  3.4  0.85  170.0  26.7
200220260800  1.246  2.4  202.8  3.4  0.80  168.6  26.7
200220260801  1.251  2.2  199.9  3.3  0.90  173.3  26.7
200220260802  1.258  2.0  199.4  3.3  0.81  172.9  26.6
200220260803  1.263  1.9  198.3  3.2  0.84  176.8  26.6
200220260804  1.269  1.7  199.9  2.7  0.74  178.9  26.6
200220260805  1.274  1.5  199.7  2.7  0.86  178.8  26.6
200220260806  1.280  1.3  197.4  2.7  0.89  179.8  26.6
200220260807  1.286  1.1  192.8  2.7  0.84  179.4  26.6
200220260808  1.292  0.8  186.7  2.4  0.99  181.2  26.6
200220260809  1.298  0.6  179.3  2.1  0.93  174.6  26.6
200220260810  1.304  0.4  158.8  2.2  0.94  180.1  26.6
200220260811  1.310  0.4  116.0  3.0  0.72  167.0  26.6
200220260812  1.316  0.7  89.7  3.0  0.94  174.1  26.6
200220260813  1.321  0.9  89.4  3.1  0.97  177.2  26.6
200220260814  1.327  1.3  92.7  3.3  0.84  178.8  26.6
200220260815  1.333  1.5  95.1  3.3  0.83  178.6  26.6
200220260816  1.337  1.8  96.6  3.5  0.75  178.7  26.6
200220260817  1.344  2.0  95.7  3.5  0.74  179.9  26.6
200220260818  1.348  2.2  96.7  3.6  0.82  176.8  26.6
200220260819  1.352  2.4  100.1  3.6  0.77  173.7  26.6
200220260820  1.358  2.4  104.6  3.6  0.79  179.9  26.6
200220260821  1.361  2.5  111.6  3.6  0.82  177.4  26.6
200220260822  1.366  2.6  116.2  3.6  0.86  181.7  26.6
200220260823  1.371  2.6  114.8  3.8  0.61  182.3  26.6
200220260824  1.375  2.7  113.0  3.8  0.70  183.5  26.6
200220260825  1.380  2.7  112.1  3.8  0.64  180.9  26.6
200220260826  1.385  2.7  111.8  3.8  0.82  174.7  26.6
200220260827  1.389  2.7  114.0  3.8  1.00  178.4  26.6
200220260828  1.394  2.7  116.9  3.8  0.86  181.6  26.6
200220260829  1.399  2.8  116.2  3.8  0.81  171.4  26.5
200220260830  1.402  2.9  113.7  4.3  0.82  170.4  26.5
200220260831  1.407  3.1  111.4  4.5  0.97  179.5  26.5
200220260832  1.412  3.2  109.6  4.5  0.70  175.3  26.5
200220260833  1.416  3.2  112.4  4.6  0.83  179.7  26.4
200220260834  1.421  3.2  112.9  4.6  0.84  176.2  26.4
200220260835  1.425  3.1  114.6  4.6  0.89  177.3  26.4
200220260836  1.429  2.8  115.7  4.6  0.83  182.1  26.4
200220260837  1.433  2.7  115.0  4.6  0.83  184.4  26.4
200220260838  1.438  2.6  115.5  4.6  0.83  176.1  26.4
200220260839  1.441  2.7  117.8  4.9  0.90  177.9  26.4
200220260840  1.445  2.6  120.1  4.9  0.91  179.2  26.4
200220260841  1.449  2.5  124.1  4.9  0.92  178.0  26.4
200220260842  1.452  2.4  127.8  4.9  0.91  181.1  26.4
200220260843  1.456  2.2  128.1  4.9  0.64  182.7  26.4
200220260844  1.460  2.2  131.1  4.9  0.88  179.0  26.5
200220260845  1.465  2.1  127.7  4.9  0.45  181.4  26.5
200220260846  1.469  2.3  124.8  4.9  0.83  179.3  26.5
200220260847  1.474  2.3  122.7  4.9  0.70  172.2  26.4
200220260848  1.477  2.3  113.4  5.3  0.85  176.8  26.5
200220260849  1.481  2.3  104.9  5.3  0.76  170.1  26.5
200220260850  1.485  2.4  105.6  5.3  0.90  181.7  26.5
200220260851  1.490  2.5  108.2  5.3  0.47  185.8  26.5
200220260852  1.492  2.6  107.2  5.3  0.76  185.0  26.5
200220260853  1.497  2.7  105.3  5.3  0.79  178.7  26.5
200220260854  1.500  2.9  102.5  5.3  0.56  189.2  26.5
200220260855  1.503  3.0  103.6  5.3  0.78  173.9  26.5
200220260856  1.506  3.2  104.8  5.3  0.76  181.4  26.5
200220260857  1.511  3.2  107.0  5.3  0.80  177.1  26.5
200220260858  1.513  3.1  111.5  5.0  0.54  180.1  26.5
200220260859  1.516  3.0  114.9  5.0  0.40  190.8  26.5
200220260900  1.519  3.1  113.0  5.0  0.96  174.5  26.5
200220260901  1.521  3.2  107.9  5.1  0.74  171.7  26.5
200220260902  1.524  3.3  106.1  5.1  1.04  175.0  26.5
200220260903  1.526  3.3  106.4  5.1  0.92  166.5  26.5
200220260904  1.528  3.2  108.7  5.1  1.03  176.4  26.5
200220260905  1.530  3.1  112.1  5.1  1.03  172.1  26.5
200220260906  1.532  2.9  112.4  5.1  0.97  175.0  26.5
200220260907  1.534  3.1  114.7  5.8  0.91  177.7  26.5
200220260908  1.537  3.2  118.2  5.8  1.01  174.5  26.5
200220260909  1.538  3.1  120.8  5.8  0.97  180.3  26.5
200220260910  1.540  3.1  125.9  5.9  0.96  177.0  26.5
200220260911  1.542  3.1  131.7  5.9  0.88  179.8  26.4
200220260912  1.544  3.1  136.9  5.9  0.97  178.5  26.4
200220260913  1.546  3.0  138.9  5.9  0.84  180.3  26.4
200220260914  1.548  3.0  136.3  5.9  0.85  179.4  26.4
200220260915  1.551  3.1  131.8  5.9  0.88  182.6  26.4
200220260916  1.554  3.2  130.0  5.9  0.87  179.1  26.4
200220260917  1.555  3.1  127.6  5.9  0.72  177.9  26.4
200220260918  1.558  3.1  126.1  5.9  0.81  181.0  26.4
200220260919  1.560  3.0  122.9  5.9  0.85  182.7  26.4
200220260920  1.560  2.9  118.8  5.0  0.78  180.3  26.4
200220260921  1.563  2.8  115.2  5.0  0.83  183.3  26.4
200220260922  1.566  2.9  112.1  5.0  0.89  185.3  26.4
200220260923  1.566  2.9  112.8  5.0  0.68  182.6  26.4
200220260924  1.568  2.9  118.5  5.0  0.76  190.4  26.4
200220260925  1.569  2.8  124.2  5.0  0.84  183.9  26.4
200220260926  1.571  2.8  127.8  5.0  0.91  181.0  26.4
200220260927  1.572  2.9  128.6  5.0  0.82  183.7  26.4
200220260928  1.574  2.9  127.4  4.8  0.80  186.8  26.4
200220260929  1.575  3.2  126.1  6.0  0.45  196.2  26.4
200220260930  1.577  3.3  124.3  6.0  0.75  181.2  26.4
200220260931  1.579  3.4  121.6  6.0  0.80  184.4  26.4
200220260932  1.581  3.2  119.8  6.0  0.84  181.8  26.4
200220260933  1.581  3.2  116.4  6.0  0.75  181.3  26.4
200220260934  1.582  3.4  106.7  7.0  0.79  176.4  26.4
200220260935  1.583  3.7  96.8  8.2  0.81  178.3  26.4
200220260936  1.584  4.0  91.7  8.2  0.67  175.2  26.4
200220260937  1.586  4.4  88.1  8.8  0.79  179.2  26.4
200220260938  1.588  4.7  84.2  9.0  0.70  168.8  26.4
200220260939  1.589  4.9  80.8  9.0  0.79  172.7  26.3
200220260940  1.591  5.3  78.0  9.0  0.75  172.3  26.3
200220260941  1.593  5.5  75.8  9.0  0.71  170.1  26.3
200220260942  1.594  5.8  74.8  9.0  0.68  169.0  26.3
200220260943  1.596  6.1  74.8  9.0  0.68  167.8  26.3
200220260944  1.596  6.2  73.4  9.9  0.72  173.7  26.3
200220260945  1.598  6.3  73.8  9.9  0.71  171.8  26.2
200220260946  1.600  6.4  73.7  9.9  0.71  172.1  26.2
200220260947  1.601  6.4  72.7  11.7  0.69  174.5  26.2
200220260948  1.602  6.3  73.3  11.7  0.82  175.4  26.2
200220260949  1.603  6.4  73.8  11.7  0.75  176.1  26.2
200220260950  1.605  6.3  73.7  11.7  0.72  173.0  26.2
200220260951  1.606  6.2  73.6  11.7  0.73  171.0  26.2
200220260952  1.607  6.3  73.9  11.7  0.70  174.6  26.2
200220260953  1.608  6.4  73.1  11.7  0.72  175.7  26.2
200220260954  1.610  6.3  72.8  11.7  0.70  170.3  26.1
200220260955  1.611  6.1  73.1  11.7  0.58  166.7  26.1
200220260956  1.613  5.8  72.3  11.7  0.67  171.7  26.1
200220260957  1.616  6.0  72.6  9.9  0.68  166.2  26.1
200220260958  1.618  6.2  71.2  9.9  0.85  172.3  26.1
200220260959  1.619  6.4  70.7  10.2  0.70  171.3  26.1
200220261000  1.621  6.3  70.8  10.2  0.65  168.4  26.1
200220261001  1.622  6.3  71.3  10.2  0.66  170.3  26.1
200220261002  1.622  6.3  70.9  10.2  0.70  174.7  26.1
200220261003  1.624  6.2  71.9  10.2  0.74  171.8  26.1
200220261004  1.625  6.2  73.0  10.2  0.65  174.7  26.1
200220261005  1.625  6.3  72.1  10.2  0.70  172.3  26.1
200220261006  1.626  6.5  72.7  10.2  0.71  174.0  26.1
200220261007  1.626  6.4  73.1  10.2  0.79  173.0  26.1
200220261008  1.626  6.1  74.6  10.2  0.69  170.9  26.1
200220261009  1.626  6.0  74.9  10.0  0.62  165.0  26.1
200220261010  1.627  5.9  75.0  10.0  0.71  170.5  26.1
200220261011  1.626  6.0  74.9  10.0  0.79  176.8  26.1
200220261012  1.626  6.1  75.1  10.0  0.59  160.6  26.1
200220261013  1.625  6.2  72.6  10.0  0.70  166.2  26.1
200220261014  1.625  6.1  72.0  10.0  0.67  173.6  26.1
200220261015  1.624  6.1  72.4  10.0  0.63  168.8  26.1
200220261016  1.624  6.0  71.7  10.0  0.58  170.0  26.1
200220261017  1.623  5.7  71.3  9.0  0.61  168.4  26.0
200220261018  1.623  5.9  70.0  9.0  0.58  176.0  26.0
200220261019  1.622  5.9  69.7  8.9  0.56  165.0  26.0
200220261020  1.621  6.1  69.8  8.9  0.66  171.8  26.0
200220261021  1.621  6.1  69.8  8.9  0.59  163.7  26.0
200220261022  1.620  5.9  70.7  8.9  0.55  163.3  26.0
200220261023  1.619  5.9  72.8  8.9  0.48  170.9  26.0
200220261024  1.618  5.9  73.0  8.9  0.64  171.9  26.0
200220261025  1.618  5.8  72.7  8.9  0.58  172.8  26.0
200220261026  1.618  5.9  74.7  9.4  0.45  156.7  26.0
200220261027  1.616  6.1  75.0  9.4  0.47  175.6  26.0
200220261028  1.615  6.2  75.9  9.6  0.45  171.2  26.0
200220261029  1.612  6.2  76.5  9.6  0.48  165.2  26.0
200220261030  1.611  6.1  76.8  9.6  0.45  175.1  26.0
200220261031  1.610  6.2  75.8  9.6  0.47  176.1  26.0
200220261032  1.608  6.4  75.4  9.6  0.52  169.6  26.0
200220261033  1.607  6.4  75.0  9.6  0.41  165.0  26.0
200220261034  1.607  6.6  75.7  9.6  0.49  170.1  26.0
200220261035  1.605  6.6  76.2  9.6  0.50  173.7  26.0
200220261036  1.602  6.8  74.8  9.6  0.38  164.0  26.0
200220261037  1.600  6.7  74.1  9.6  0.35  177.3  26.0
200220261038  1.597  6.6  73.2  9.5  0.40  169.4  26.0
200220261039  1.594  6.8  72.6  9.5  0.37  169.1  26.0
200220261040  1.591  6.8  72.9  9.5  0.34  165.3  26.0
200220261041  1.588  6.6  73.8  9.5  0.36  172.3  26.0
200220261042  1.584  6.6  72.9  9.3  0.42  169.0  25.9
200220261043  1.580  6.6  72.5  9.3  0.37  153.4  25.9
200220261044  1.576  6.5  71.4  9.3  0.28  152.7  25.9
200220261045  1.573  6.8  70.9  10.1  0.46  180.5  25.9
200220261046  1.569  6.8  71.2  10.1  0.34  162.6  25.9
200220261047  1.565  6.8  71.8  10.1  0.34  163.9  25.9
200220261048  1.562  6.6  72.4  10.1  0.33  169.5  25.9
200220261049  1.557  6.5  72.7  10.1  0.34  163.6  26.0
200220261050  1.553  6.4  71.5  10.1  0.33  182.2  25.9
200220261051  1.549  6.6  71.5  10.1  0.27  171.3  25.9
200220261052  1.544  6.7  71.8  10.1  0.38  188.8  25.9
200220261053  1.540  6.7  71.8  10.1  0.15  143.4  25.9
200220261054  1.536  6.6  72.9  10.1  0.34  174.1  26.0
200220261055  1.531  6.3  74.2  10.1  0.17  181.0  26.0
200220261056  1.527  6.2  72.9  10.1  0.28  169.1  26.0
200220261057  1.522  6.2  72.8  10.1  0.43  170.8  26.0
200220261058  1.518  6.2  74.2  10.1  0.22  151.1  26.0
200220261059  1.514  6.1  74.1  10.1  0.32  174.7  26.0
200220261100  1.510  6.1  74.8  10.1  0.13  144.4  26.0
200220261101  1.505  5.9  74.9  10.1  0.23  165.0  26.0
200220261102  1.500  5.6  75.4  9.6  0.23  166.7  26.0
200220261103  1.497  5.7  75.7  9.9  0.11  127.0  26.0
200220261104  1.493  5.6  75.8  9.9  0.20  163.2  26.0
200220261105  1.490  5.7  74.6  9.9  0.16  146.5  25.9
200220261106  1.487  5.6  74.8  9.9  0.20  164.9  25.9
200220261107  1.483  5.6  75.9  9.9  0.12  154.5  25.9
200220261108  1.479  5.7  73.7  9.9  0.15  164.7  25.9
200220261109  1.476  5.7  74.0  9.9  0.11  151.0  25.9
200220261110  1.473  5.9  73.5  9.9  0.14  153.3  25.9
200220261111  1.471  5.9  74.3  9.9  0.29  167.3  25.9
200220261112  1.469  6.1  73.6  9.9  0.17  160.8  25.9
200220261113  1.465  6.1  73.4  9.6  0.10  165.0  25.9
200220261114  1.462  6.2  73.3  9.6  0.12  87.1  26.0
200220261115  1.458  6.2  73.1  9.6  0.29  198.8  26.0
200220261116  1.455  6.4  74.4  10.3  0.13  100.0  26.0
200220261117  1.452  6.5  73.0  10.3  0.13  153.1  26.0
200220261118  1.449  6.5  73.5  10.3  0.12  165.9  26.0
200220261119  1.446  6.6  73.4  10.3  0.13  151.9  26.0
200220261120  1.443  6.5  73.1  10.3  0.18  152.3  26.0
200220261121  1.438  6.6  71.4  10.3  0.04  10.0  26.0
200220261122  1.435  6.5  71.0  10.3  0.13  193.5  26.0
200220261123  1.431  6.4  70.8  10.3  0.09  152.4  26.0
200220261124  1.427  6.2  71.4  10.3  0.06  169.9  26.0
200220261125  1.423  6.2  72.2  10.3  0.02  4.8  26.0
200220261126  1.420  6.0  72.6  9.6  0.21  45.5  26.0
200220261127  1.417  6.0  73.4  8.8  0.11  6.9  26.0
200220261128  1.413  6.0  74.0  8.8  0.14  10.0  26.0
200220261129  1.410  5.9  74.9  8.8  0.04  217.9  26.0
200220261130  1.407  6.0  74.8  8.8  0.05  89.5  26.0
200220261131  1.404  5.9  75.8  8.8  0.06  24.5  26.0
200220261132  1.400  6.0  77.5  8.8  nan  nan  nan
200220261133  1.396  5.8  79.9  8.8  0.08  15.4  26.0
200220261134  1.393  5.7  81.5  8.8  0.08  342.2  26.0
200220261135  1.392  5.7  80.4  8.8  0.08  355.3  26.0
200220261136  1.390  5.7  78.9  9.8  0.17  5.5  26.0
200220261137  1.386  5.6  79.8  9.8  0.08  335.1  26.0
200220261138  1.384  5.5  78.7  9.8  0.04  312.9  26.0
200220261139  1.381  5.4  78.6  9.8  0.14  350.8  26.1
200220261140  1.378  5.2  80.8  9.8  0.04  311.4  26.1
200220261141  1.375  5.2  80.2  9.8  0.14  336.7  26.1
200220261142  1.371  5.3  79.3  9.8  0.15  321.8  26.1
200220261143  1.368  5.4  77.3  9.8  0.08  278.6  26.0
200220261144  1.366  5.6  75.1  9.8  0.18  331.6  26.0
200220261145  1.362  5.7  75.0  9.8  0.16  323.5  26.0
200220261146  1.359  5.7  75.5  9.2  0.38  350.5  26.0
200220261147  1.354  5.8  74.1  9.2  0.15  341.4  26.0
200220261148  1.352  5.8  73.8  9.2  0.03  327.3  26.0
200220261149  1.349  5.7  73.3  9.2  0.21  339.9  26.0
200220261150  1.344  5.9  71.9  9.2  0.14  331.2  26.0
200220261151  1.342  6.0  72.5  9.6  0.05  340.3  26.0
200220261152  1.339  5.9  71.7  9.6  0.05  223.0  26.0
200220261153  1.335  6.0  72.0  9.6  0.02  306.6  26.0
200220261154  1.330  6.0  70.8  9.6  0.05  46.4  26.0
200220261155  1.327  6.0  71.8  9.6  0.05  264.9  26.0
200220261156  1.324  5.9  71.2  9.6  0.21  352.9  26.0
200220261157  1.320  6.0  69.9  9.6  0.08  319.1  26.0
200220261158  1.315  6.2  70.2  9.6  0.11  327.1  26.0
200220261159  1.311  6.2  69.8  9.6  0.24  341.8  26.0
200220261200  1.307  6.3  70.1  9.6  0.20  332.1  26.0
200220261201  1.305  6.2  69.3  9.4  0.13  343.4  26.0
200220261202  1.301  6.2  69.1  9.4  0.29  12.7  26.1
200220261203  1.296  6.2  68.0  9.4  0.20  354.1  26.1
200220261204  1.291  6.1  69.0  9.4  0.28  2.3  26.1
200220261205  1.286  6.0  68.8  9.4  0.24  17.5  26.1
200220261206  1.280  6.1  70.3  9.4  0.23  2.7  26.1
200220261207  1.274  6.1  71.3  9.4  0.21  12.7  26.2
200220261208  1.268  6.0  71.0  9.4  0.22  356.6  26.2
200220261209  1.263  6.1  70.8  9.4  0.19  357.9  26.2
200220261210  1.259  6.2  69.3  9.3  0.31  8.9  26.2
200220261211  1.254  6.2  69.3  9.3  0.20  11.1  26.3
200220261212  1.249  6.2  70.4  9.3  0.29  1.5  26.3
200220261213  1.243  6.1  70.6  9.3  0.31  16.5  26.3
200220261214  1.237  6.4  69.9  9.3  0.31  22.1  26.3
200220261215  1.231  6.3  70.2  9.3  0.46  18.7  26.3
200220261216  1.226  6.5  69.6  9.3  0.43  12.9  26.3
200220261217  1.220  6.4  69.7  9.3  0.34  4.1  26.3
200220261218  1.213  6.4  69.5  9.3  0.37  23.2  26.3
200220261219  1.207  6.4  69.2  9.3  0.49  14.1  26.3
200220261220  1.201  6.2  70.4  9.3  0.45  21.4  26.3
200220261221  1.196  6.4  71.0  9.3  0.51  14.1  26.3
200220261222  1.190  6.4  69.8  9.3  0.50  13.6  26.3
200220261223  1.184  6.6  69.6  9.3  0.48  11.4  26.3
200220261224  1.179  6.6  69.4  9.3  0.49  5.3  26.3
200220261225  1.171  6.6  69.3  9.8  0.69  8.9  26.2
200220261226  1.166  6.5  68.9  9.8  0.77  10.0  26.2
200220261227  1.161  6.5  70.1  9.8  0.76  11.5  26.2
200220261228  1.154  6.7  69.1  9.8  0.66  18.6  26.2
200220261229  1.147  6.8  69.0  9.8  0.72  21.1  26.2
200220261230  1.140  6.9  68.7  9.8  0.76  20.5  26.2
200220261231  1.133  7.1  68.0  10.0  0.84  17.6  26.2
200220261232  1.126  7.0  68.5  10.0  0.85  18.8  26.2
200220261233  1.118  6.9  68.1  10.0  0.76  17.9  26.2
200220261234  1.112  6.9  68.8  10.0  0.76  18.2  26.2
200220261235  1.105  7.0  68.9  10.0  0.74  13.0  26.3
200220261236  1.098  7.0  69.8  10.0  0.76  16.9  26.3
200220261237  1.091  7.1  67.9  10.0  0.71  17.2  26.3
200220261238  1.086  7.3  67.8  10.7  0.74  18.9  26.3
200220261239  1.080  7.3  68.3  10.7  0.80  9.2  26.3
200220261240  1.074  7.3  68.9  10.7  0.72  11.2  26.4
200220261241  1.068  7.2  69.8  10.7  0.86  7.3  26.4
200220261242  1.061  7.4  70.2  10.7  0.90  6.4  26.4
200220261243  1.054  7.3  71.0  10.7  0.83  0.3  26.5
200220261244  1.050  7.2  71.1  10.7  0.90  4.3  26.5
200220261245  1.044  7.1  71.0  10.7  1.00  1.6  26.6
200220261246  1.037  7.0  70.2  10.7  0.95  5.3  26.6
200220261247  1.031  6.8  70.2  10.7  0.72  4.7  26.6
200220261248  1.025  6.7  72.1  10.6  0.81  7.6  26.6
200220261249  1.020  6.7  72.4  10.6  0.87  6.6  26.6
200220261250  1.016  6.5  72.2  10.6  0.86  4.0  26.6
200220261251  1.009  6.3  73.9  10.4  0.77  5.8  26.6
200220261252  1.004  6.2  73.6  10.4  0.90  3.2  26.7
200220261253  0.999  6.4  72.7  10.4  0.81  0.3  26.7
200220261254  0.995  6.4  72.2  10.4  0.91  4.0  26.8
200220261255  0.988  6.6  71.3  10.4  0.87  4.5  26.8
200220261256  0.984  6.7  71.1  10.4  0.77  2.3  26.8
200220261257  0.979  6.7  73.3  10.4  0.94  2.7  26.7
200220261258  0.974  6.5  73.4  10.4  0.94  4.5  26.7
200220261259  0.970  6.4  73.0  9.7  0.89  4.3  26.7
200220261300  0.965  6.6  72.6  9.4  0.67  2.0  26.7
200220261301  0.960  6.6  71.8  9.4  0.85  4.9  26.6
200220261302  0.955  6.5  72.7  9.3  0.79  1.4  26.6
200220261303  0.952  6.3  72.5  9.1  0.77  6.7  26.6
200220261304  0.946  6.5  71.4  9.7  0.91  12.3  26.6
200220261305  0.943  6.4  72.2  9.7  0.67  13.7  26.6
200220261306  0.940  6.6  72.5  9.7  0.94  7.7  26.6
200220261307  0.935  6.7  70.8  9.7  0.79  13.8  26.6
200220261308  0.930  7.0  69.6  9.9  0.76  11.2  26.6
200220261309  0.925  7.0  69.7  9.9  0.76  13.5  26.6
200220261310  0.922  7.1  70.4  9.9  0.68  11.3  26.6
200220261311  0.919  7.3  68.7  9.9  0.84  8.3  26.7
200220261312  0.914  7.4  67.8  10.1  0.85  12.1  26.7
200220261313  0.909  7.4  68.9  10.1  0.78  11.7  26.7
200220261314  0.902  7.1  70.0  10.1  0.78  14.6  26.7
200220261315  0.899  7.0  68.9  10.1  0.90  17.3  26.7
200220261316  0.892  6.8  69.9  10.1  0.81  15.4  26.7
200220261317  0.886  6.8  71.0  10.1  0.77  10.3  26.7
200220261318  0.881  6.5  73.2  10.1  0.90  10.0  26.7
200220261319  0.875  6.5  73.6  10.1  0.80  12.5  26.7
200220261320  0.869  6.3  73.0  10.1  0.91  10.9  26.7
200220261321  0.864  6.1  73.9  10.1  0.81  12.8  26.8
200220261322  0.859  6.1  74.0  9.4  0.86  11.5  26.8
200220261323  0.852  6.1  73.6  9.4  0.92  10.8  26.8
200220261324  0.846  6.3  73.8  9.6  0.87  12.2  26.8
200220261325  0.841  6.4  74.6  9.6  1.02  14.7  26.8
200220261326  0.835  6.7  73.0  9.9  0.79  15.1  26.8
200220261327  0.829  6.6  71.9  9.9  0.91  15.9  26.9
200220261328  0.824  6.7  69.6  9.9  0.84  11.5  26.9
200220261329  0.818  6.6  69.5  9.9  0.95  13.2  26.9
200220261330  0.813  6.6  70.7  9.9  0.96  14.8  26.9
200220261331  0.808  6.7  70.3  9.9  0.99  13.3  26.9
200220261332  0.803  6.6  70.4  9.9  0.96  16.4  26.9
200220261333  0.797  6.4  71.5  9.9  0.88  16.1  26.9
200220261334  0.791  6.4  71.5  9.9  0.84  16.4  26.9
200220261335  0.786  6.5  70.3  10.3  0.85  14.2  26.9
200220261336  0.780  6.5  69.9  10.3  0.88  16.7  26.9
200220261337  0.775  6.5  70.8  10.3  0.83  16.7  27.0
200220261338  0.769  6.7  70.8  11.3  0.86  20.4  27.0
200220261339  0.763  6.9  71.2  11.3  0.89  14.0  27.0
200220261340  0.757  7.1  69.7  11.3  0.80  21.9  27.0
200220261341  0.751  7.2  70.4  11.3  0.79  20.3  27.0
200220261342  0.746  7.3  69.5  11.3  0.85  18.1  27.1
200220261343  0.740  7.4  68.1  11.3  0.90  20.6  27.1
200220261344  0.734  7.4  66.2  11.3  0.80  22.9  27.1
200220261345  0.727  7.4  66.6  11.3  0.82  19.3  27.1
200220261346  0.720  7.4  67.5  11.3  0.91  21.6  27.1
200220261347  0.716  7.4  67.4  11.3  0.88  17.8  27.1
200220261348  0.709  7.3  68.4  11.0  0.90  15.1  27.1
200220261349  0.702  7.2  67.5  11.0  0.91  20.9  27.1
200220261350  0.696  7.1  68.1  11.0  1.01  17.1  27.1
200220261351  0.691  6.8  67.8  11.0  0.84  19.4  27.1
200220261352  0.684  7.0  69.5  11.0  0.89  20.7  27.2
200220261353  0.677  7.0  69.6  11.0  0.93  17.3  27.2
200220261354  0.672  7.2  70.4  11.0  0.87  20.1  27.2
200220261355  0.666  7.1  70.4  11.0  0.81  23.6  27.2
200220261356  0.659  7.1  69.3  11.0  0.92  20.6  27.2
200220261357  0.652  7.0  70.0  11.0  0.95  19.1  27.2
200220261358  0.645  7.0  69.4  10.7  0.94  20.3  27.2
200220261359  0.638  7.0  70.6  10.7  0.89  22.7  27.2
200220261400  0.632  6.9  71.1  10.7  0.94  21.9  27.2
200220261401  0.627  7.1  70.9  10.7  0.90  23.1  27.3
200220261402  0.622  7.0  70.0  10.0  0.97  20.6  27.3
200220261403  0.618  7.1  69.4  10.3  0.98  20.5  27.3
200220261404  0.611  6.9  70.3  10.3  0.94  23.3  27.3
200220261405  0.606  7.1  69.7  10.3  1.08  20.1  27.3
200220261406  0.601  7.1  70.5  10.3  1.00  20.7  27.3
200220261407  0.595  7.2  70.9  10.3  0.87  16.6  27.3
200220261408  0.590  6.9  71.4  10.3  0.91  21.1  27.3
200220261409  0.584  6.9  69.7  10.3  0.91  18.1  27.3
200220261410  0.580  7.0  68.9  10.3  0.95  20.9  27.3
200220261411  0.573  7.2  69.0  10.3  0.96  20.5  27.3
200220261412  0.567  7.0  70.4  10.3  0.93  21.2  27.3
200220261413  0.561  6.8  71.6  10.1  0.95  19.0  27.3
200220261414  0.554  6.8  71.3  10.1  0.87  22.2  27.3
200220261415  0.549  6.8  72.1  10.2  0.98  19.6  27.3
200220261416  0.542  6.7  71.6  10.2  1.00  17.7  27.3
200220261417  0.537  6.8  70.2  10.2  0.91  19.2  27.3
200220261418  0.531  7.2  69.2  10.2  0.93  19.9  27.3
200220261419  0.526  7.2  69.6  10.2  0.90  21.3  27.3
200220261420  0.520  7.4  69.6  11.3  0.99  20.5  27.3
200220261421  0.515  7.2  69.6  11.3  1.03  17.1  27.3
200220261422  0.510  7.4  69.0  11.3  0.97  19.4  27.3
200220261423  0.504  7.4  69.1  11.3  1.04  18.4  27.3
200220261424  0.499  7.4  69.8  11.3  0.97  17.8  27.3
200220261425  0.494  7.4  69.4  11.3  1.01  20.0  27.3
200220261426  0.488  7.5  69.3  11.3  0.98  18.1  27.4
200220261427  0.484  7.6  69.0  11.3  0.84  17.7  27.4
200220261428  0.480  7.3  69.3  11.3  1.09  15.6  27.4
200220261429  0.475  7.5  68.9  11.3  0.92  20.0  27.4
200220261430  0.470  7.4  68.2  11.2  1.07  19.6  27.4
200220261431  0.466  7.3  67.2  11.2  0.98  16.5  27.4
200220261432  0.461  7.2  66.5  10.9  0.86  20.1  27.4
200220261433  0.456  7.3  66.7  10.9  0.91  19.9  27.4
200220261434  0.450  7.4  67.2  10.9  0.94  20.0  27.4
200220261435  0.446  7.2  68.6  10.9  0.77  17.2  27.4
200220261436  0.440  6.9  69.0  10.9  0.89  17.2  27.4
200220261437  0.436  6.8  69.4  10.1  0.96  15.6  27.4
200220261438  0.432  6.9  69.8  10.1  0.79  19.6  27.4
200220261439  0.426  6.8  70.7  10.1  0.84  20.1  27.4
200220261440  0.421  6.8  71.7  10.1  0.88  20.1  27.5
200220261441  0.417  6.9  71.7  10.1  0.85  20.6  27.5
200220261442  0.413  6.9  72.5  10.1  0.94  20.0  27.5
200220261443  0.409  7.0  71.8  10.1  0.85  23.2  27.5
200220261444  0.405  6.7  71.8  9.8  0.83  19.3  27.5
200220261445  0.400  6.8  71.7  9.8  0.97  20.5  27.5
200220261446  0.395  7.0  71.0  9.8  0.86  21.0  27.5
200220261447  0.392  6.9  70.6  9.8  0.83  15.5  27.5
200220261448  0.388  6.8  70.2  9.8  0.89  20.8  27.5
200220261449  0.384  6.9  69.0  9.8  0.83  25.2  27.5
200220261450  0.380  6.7  68.0  9.8  0.90  17.8  27.5
200220261451  0.376  6.5  68.6  9.8  0.89  22.5  27.5
200220261452  0.371  6.6  66.3  9.8  0.92  23.7  27.6
200220261453  0.366  6.6  66.3  10.0  0.94  19.7  27.6
200220261454  0.363  6.9  66.3  10.0  0.90  21.5  27.6
200220261455  0.359  6.8  64.3  10.0  0.77  25.2  27.6
200220261456  0.355  6.9  62.2  10.6  0.83  19.9  27.6
200220261457  0.351  7.2  62.2  10.8  0.90  20.8  27.6
200220261458  0.348  7.3  61.2  10.8  0.86  22.8  27.6
200220261459  0.343  7.3  62.4  10.8  0.93  19.0  27.6
200220261500  0.338  7.2  63.9  10.8  0.83  24.9  27.6
200220261501  0.333  7.3  64.1  10.8  0.82  18.0  27.6
200220261502  0.329  7.3  64.7  10.8  0.91  21.5  27.6
200220261503  0.326  7.3  62.8  10.8  0.95  16.8  27.6
200220261504  0.321  7.0  61.1  10.8  0.81  18.2  27.6
200220261505  0.318  7.1  63.4  10.8  1.03  18.0  27.6
200220261506  0.313  6.9  65.5  10.8  0.76  20.1  27.6
200220261507  0.309  6.7  65.3  10.7  0.85  21.9  27.6
200220261508  0.305  6.8  65.7  10.7  0.98  19.4  27.6
200220261509  0.301  6.7  63.9  10.7  0.85  19.2  27.6
200220261510  0.297  6.7  61.5  10.7  0.92  18.9  27.6
200220261511  0.293  6.7  59.9  10.7  0.83  22.8  27.6
200220261512  0.289  6.9  60.3  11.8  0.89  15.0  27.6
200220261513  0.285  6.8  60.9  11.8  0.89  20.1  27.6
200220261514  0.280  6.8  60.5  11.8  0.77  23.0  27.6
200220261515  0.275  6.7  58.5  11.8  1.01  18.2  27.6
200220261516  0.271  6.9  58.4  11.8  0.92  19.0  27.6
200220261517  0.267  6.9  59.3  11.8  0.91  17.7  27.6
200220261518  0.262  6.6  59.4  11.8  0.96  19.2  27.6
200220261519  0.258  6.6  62.1  11.8  0.92  18.4  27.6
200220261520  0.254  6.7  64.5  11.8  0.93  16.8  27.6
200220261521  0.250  6.7  64.1  11.8  0.88  23.6  27.6
200220261522  0.246  6.5  63.3  9.9  0.95  22.4  27.6
200220261523  0.242  6.5  63.3  9.9  0.96  17.6  27.7
200220261524  0.238  6.5  64.6  9.7  0.95  18.1  27.7
200220261525  0.234  6.5  65.0  9.7  0.91  19.4  27.7
200220261526  0.228  6.4  65.3  9.7  0.92  18.4  27.7
200220261527  0.225  6.4  64.1  9.7  0.89  20.2  27.7
200220261528  0.221  6.7  64.8  9.7  1.03  17.1  27.7
200220261529  0.217  6.7  64.0  9.7  0.91  18.6  27.7
200220261530  0.213  6.7  63.2  9.7  1.02  19.2  27.7
200220261531  0.210  6.7  64.7  9.8  0.94  19.0  27.7
200220261532  0.207  6.7  66.6  9.8  0.95  19.5  27.7
200220261533  0.205  6.8  68.7  9.8  1.11  20.5  27.7
200220261534  0.201  6.7  68.3  9.8  0.94  21.2  27.7
200220261535  0.197  6.7  68.5  9.8  0.92  19.9  27.7
200220261536  0.194  6.9  68.3  9.8  0.88  19.8  27.7
200220261537  0.189  6.8  69.7  9.8  0.98  20.5  27.7
200220261538  0.186  6.7  70.0  9.8  0.92  17.2  27.7
200220261539  0.183  6.5  71.0  9.8  0.98  20.5  27.7
200220261540  0.180  6.6  70.9  9.8  0.84  22.6  27.7
200220261541  0.176  6.4  71.5  9.2  0.90  21.7  27.7
200220261542  0.174  6.3  71.0  9.2  0.94  18.2  27.7
200220261543  0.171  6.2  70.6  9.2  0.89  19.1  27.7
200220261544  0.166  6.2  71.6  9.2  0.84  23.8  27.7
200220261545  0.163  6.0  72.8  9.2  0.92  21.4  27.7
200220261546  0.161  5.9  72.5  9.2  0.82  22.8  27.7
200220261547  0.158  6.0  72.1  9.2  0.89  18.6  27.7
200220261548  0.156  5.8  72.4  9.0  0.90  16.7  27.7
200220261549  0.153  5.9  72.2  9.0  1.04  20.9  27.7
200220261550  0.150  5.7  73.2  8.3  0.83  25.3  27.7
200220261551  0.147  5.9  73.5  8.3  0.88  21.5  27.8
200220261552  0.144  6.0  72.8  8.6  0.93  20.7  27.8
200220261553  0.141  6.0  71.7  9.2  0.84  21.7  27.8
200220261554  0.138  6.1  71.1  9.2  0.84  21.8  27.8
200220261555  0.135  6.2  71.8  9.2  0.90  25.1  27.8
200220261556  0.133  6.4  72.0  9.3  0.79  22.4  27.8
200220261557  0.131  6.3  72.9  9.3  0.93  20.5  27.8
200220261558  0.129  6.3  72.8  9.3  0.93  18.6  27.8
200220261559  0.127  6.2  72.4  9.3  0.87  20.0  27.8
200220261600  0.124  6.2  72.1  9.3  0.80  18.5  27.8
200220261601  0.123  6.2  71.7  9.9  0.86  19.1  27.8
200220261602  0.121  6.2  72.3  9.9  0.88  23.5  27.8
200220261603  0.121  6.1  73.0  9.9  0.87  20.9  27.8
200220261604  0.120  6.0  73.2  9.9  0.83  26.8  27.8
200220261605  0.119  6.2  70.7  9.9  0.80  23.6  27.8
200220261606  0.119  6.0  70.5  9.9  0.90  25.1  27.8
200220261607  0.119  6.0  69.6  9.9  0.84  25.8  27.8
200220261608  0.117  6.0  69.9  9.9  0.88  23.0  27.8
200220261609  0.116  6.1  70.0  9.9  0.73  26.5  27.8
200220261610  0.116  6.3  69.1  9.9  0.72  23.0  27.8
200220261611  0.115  6.2  68.2  9.3  0.74  27.1  27.8
200220261612  0.113  6.3  68.1  9.3  0.69  24.4  27.9
200220261613  0.114  6.5  68.6  9.3  0.68  31.0  27.9
200220261614  0.114  6.6  70.1  9.3  0.74  22.3  27.9
200220261615  0.114  6.6  72.2  9.3  0.71  24.6  27.9
200220261616  0.113  6.7  71.8  9.3  0.61  31.8  27.9
200220261617  0.113  6.8  72.0  9.3  0.57  23.5  27.9
200220261618  0.113  7.0  72.0  9.3  0.67  22.9  27.9
200220261619  0.113  6.9  71.6  9.3  0.69  24.6  27.9
200220261620  0.113  6.6  73.2  9.2  0.65  24.7  27.9
200220261621  0.113  6.5  73.8  9.2  0.80  23.4  27.9
200220261622  0.111  6.5  74.8  9.3  0.70  17.2  27.9
200220261623  0.111  6.4  73.5  9.3  0.78  20.5  27.9
200220261624  0.111  6.5  72.8  9.3  0.83  15.4  27.9
200220261625  0.112  6.6  71.5  9.3  0.76  13.2  27.9
200220261626  0.111  6.6  71.5  9.3  0.82  14.1  27.9
200220261627  0.110  6.8  69.9  10.2  0.77  14.2  27.9
200220261628  0.110  6.9  70.0  10.3  0.70  10.0  27.9
200220261629  0.110  7.0  70.7  10.3  0.80  8.0  27.9
200220261630  0.110  7.2  69.4  10.3  0.75  10.1  27.9
200220261631  0.111  7.4  69.5  10.3  0.83  11.9  27.9
200220261632  0.111  7.5  68.9  10.3  0.75  9.7  27.9
200220261633  0.111  7.4  68.9  10.3  0.77  8.3  27.9
200220261634  0.112  7.4  68.4  10.3  0.77  4.9  27.9
200220261635  0.113  7.3  68.9  10.3  0.79  10.0  27.9
200220261636  0.113  7.2  69.8  10.3  0.80  11.4  27.9
200220261637  0.113  6.9  71.6  10.3  0.84  5.8  27.9
200220261638  0.113  6.7  71.0  9.9  0.75  5.0  27.9
200220261639  0.113  6.7  69.3  9.9  0.73  4.5  27.9
200220261640  0.114  6.8  70.0  9.9  0.71  5.3  27.9
200220261641  0.116  6.7  70.6  9.6  0.77  359.1  27.9
200220261642  0.116  6.6  70.4  10.0  0.79  4.9  27.9
200220261643  0.117  6.5  73.0  10.0  0.78  5.4  27.9
200220261644  0.119  6.4  74.1  10.0  0.64  1.7  27.9
200220261645  0.121  6.2  74.6  10.0  0.66  3.7  27.9
200220261646  0.121  6.0  75.3  10.0  0.57  2.8  27.9
200220261647  0.122  6.1  74.7  10.0  0.64  5.8  27.9
200220261648  0.122  6.1  75.7  10.0  0.69  2.3  27.9
200220261649  0.123  5.8  78.4  10.0  0.70  2.5  27.9
200220261650  0.124  5.7  78.1  10.0  0.81  0.7  27.9
200220261651  0.126  5.5  78.4  10.0  0.64  357.4  27.9
200220261652  0.127  5.4  78.7  10.0  0.65  0.8  27.9
200220261653  0.128  5.4  76.3  9.1  0.69  4.0  27.9
200220261654  0.130  5.4  74.5  9.1  0.62  2.2  27.9
200220261655  0.131  5.6  73.8  9.1  0.57  4.9  27.9
200220261656  0.131  5.7  73.1  9.1  0.62  359.9  27.9
200220261657  0.133  5.5  75.0  8.7  0.72  359.3  27.9
200220261658  0.133  5.6  74.6  8.7  0.67  1.7  28.0
200220261659  0.136  5.8  71.9  8.7  0.65  1.3  27.9
200220261700  0.137  5.7  73.3  8.7  0.74  360.0  27.9
200220261701  0.139  5.8  73.5  8.7  0.70  356.2  27.9
200220261702  0.139  5.7  74.8  8.7  0.62  0.9  28.0
200220261703  0.141  5.7  75.0  8.7  0.60  0.2  28.0
200220261704  0.142  5.9  74.6  9.6  0.58  354.2  28.0
200220261705  0.144  6.0  73.8  9.6  0.62  1.4  28.0
200220261706  0.144  6.1  73.1  9.6  0.66  0.3  28.0
200220261707  0.147  6.2  71.2  9.6  0.52  3.1  28.0
200220261708  0.150  6.1  71.3  9.6  0.56  0.7  28.0
200220261709  0.151  6.1  72.2  9.6  0.58  356.9  28.0
200220261710  0.153  6.2  70.2  9.6  0.64  4.1  28.0
200220261711  0.156  6.3  68.8  9.6  0.69  3.4  28.0
200220261712  0.157  6.4  68.0  9.6  0.56  3.0  28.0
200220261713  0.159  6.5  67.1  9.6  0.65  1.4  28.0
200220261714  0.160  6.5  67.0  10.0  0.64  6.2  28.0
200220261715  0.162  6.4  66.7  10.0  0.58  0.2  28.0
200220261716  0.166  6.4  66.9  10.0  0.50  355.9  28.0
200220261717  0.167  6.3  66.5  10.0  0.62  6.2  28.0
200220261718  0.170  6.4  65.9  10.0  0.64  3.2  28.0
200220261719  0.175  6.4  66.3  10.0  0.50  5.5  28.0
200220261720  0.178  6.2  66.8  10.0  0.60  3.5  28.0
200220261721  0.182  6.2  67.8  10.0  0.47  4.3  28.0
200220261722  0.186  6.3  67.8  10.0  0.57  3.4  28.0
200220261723  0.191  6.2  69.2  10.0  0.59  2.2  28.0
200220261724  0.196  6.0  68.7  9.7  0.47  1.8  28.0
200220261725  0.200  5.9  69.2  9.7  0.42  2.8  28.0
200220261726  0.204  5.7  70.6  9.7  0.43  358.3  28.0
200220261727  0.209  5.7  71.6  9.7  0.35  351.8  28.0
200220261728  0.214  5.7  71.5  9.7  0.28  356.0  28.0
200220261729  0.219  5.8  71.4  9.7  0.48  5.8  28.0
200220261730  0.225  6.0  70.9  9.7  0.38  354.9  28.0
200220261731  0.230  5.9  70.7  9.7  0.32  353.9  28.0
200220261732  0.236  5.7  70.7  8.6  0.37  356.8  28.0
200220261733  0.239  5.5  69.9  8.6  0.37  358.4  28.0
200220261734  0.243  5.5  71.4  9.5  0.31  355.3  28.0
200220261735  0.247  5.5  72.7  9.5  0.32  356.0  28.0
200220261736  0.251  5.6  70.7  9.5  0.26  345.7  28.0
200220261737  0.256  5.7  71.1  9.5  0.35  4.6  28.0
200220261738  0.260  5.7  70.6  9.5  0.29  357.9  28.0
200220261739  0.265  5.6  70.8  9.5  0.22  343.4  28.0
200220261740  0.270  5.5  71.8  9.5  0.26  0.1  28.0
200220261741  0.275  5.6  72.3  9.5  0.28  356.6  28.0
200220261742  0.279  5.7  72.2  9.5  0.31  1.5  28.0
200220261743  0.285  5.9  73.3  9.5  0.14  11.6  28.0
200220261744  0.289  6.0  72.7  8.5  0.10  0.7  28.0
200220261745  0.295  5.9  71.9  8.5  0.18  11.2  28.0
200220261746  0.300  5.7  71.7  8.5  0.15  13.7  28.0
200220261747  0.304  5.6  69.6  8.0  0.12  2.3  28.0
200220261748  0.309  5.7  69.8  8.1  0.12  354.6  28.0
200220261749  0.313  5.7  69.0  8.1  0.14  350.3  28.1
200220261750  0.317  5.7  67.4  8.1  0.13  359.2  28.1
200220261751  0.323  5.7  66.2  8.1  0.09  331.3  28.0
200220261752  0.327  5.7  65.1  8.1  0.04  351.6  28.0
200220261753  0.331  5.6  63.8  8.1  0.06  244.9  28.0
200220261754  0.336  5.5  63.0  8.1  nan  nan  nan
200220261755  0.340  5.6  62.0  8.1  0.12  199.2  28.0
200220261756  0.345  5.7  63.1  8.1  0.13  181.1  28.0
200220261757  0.350  5.7  63.7  8.9  0.12  191.8  28.0
200220261758  0.356  5.5  63.5  8.9  0.09  197.1  28.0
200220261759  0.361  5.2  63.4  8.9  0.17  202.3  28.0
200220261800  0.366  5.2  65.0  8.9  0.14  207.2  28.0
200220261801  0.372  5.1  65.2  8.9  0.16  203.2  28.0
200220261802  0.377  4.9  65.0  8.9  0.15  196.6  28.0
200220261803  0.381  4.9  66.8  8.9  0.15  187.0  28.0
200220261804  0.386  5.0  68.1  8.9  0.22  190.5  28.0
200220261805  0.391  5.1  69.1  8.9  0.29  193.8  28.0
200220261806  0.395  5.3  69.6  8.9  0.08  176.7  28.0
200220261807  0.400  5.2  69.3  8.6  0.22  201.9  27.9
200220261808  0.404  5.3  69.2  8.6  0.36  196.9  27.9
200220261809  0.409  5.5  69.8  8.6  0.21  197.8  27.9
200220261810  0.412  5.5  69.8  8.6  0.23  212.7  27.9
200220261811  0.416  5.5  70.9  8.6  0.20  201.9  27.9
200220261812  0.421  5.5  72.3  8.6  0.23  201.2  27.9
200220261813  0.426  5.4  71.6  8.6  0.25  197.6  27.9
200220261814  0.431  5.1  71.4  7.8  0.12  215.7  27.9
200220261815  0.436  4.9  71.3  7.6  0.43  197.2  27.9
200220261816  0.439  4.7  70.0  7.4  0.47  194.8  27.9
200220261817  0.443  4.6  69.8  7.4  0.31  181.0  27.9
200220261818  0.446  4.6  68.8  7.4  0.24  184.1  27.9
200220261819  0.450  4.6  66.7  7.4  0.24  182.7  27.9
200220261820  0.454  4.7  67.4  7.4  0.16  152.0  27.9
200220261821  0.458  4.8  66.3  7.0  0.19  169.5  27.9
200220261822  0.462  4.9  66.6  7.0  0.17  145.9  27.9
200220261823  0.466  4.9  66.2  7.0  0.17  169.1  27.8
200220261824  0.470  5.1  65.3  7.8  0.14  166.7  27.8
200220261825  0.472  5.2  65.4  7.8  0.03  41.6  27.8
200220261826  0.477  5.4  66.0  7.8  0.06  186.5  27.8
200220261827  0.481  5.3  67.2  7.8  0.16  180.9  27.8
200220261828  0.484  5.1  67.8  7.8  0.12  177.4  27.8
200220261829  0.488  4.9  70.1  7.8  0.13  179.4  27.8
200220261830  0.492  4.7  69.5  7.8  0.22  186.0  27.8
200220261831  0.496  4.7  70.2  7.8  0.20  198.0  27.8
200220261832  0.500  4.7  69.3  7.8  0.32  198.1  27.8
200220261833  0.505  4.7  69.8  7.8  0.22  188.5  27.8
200220261834  0.509  4.7  70.4  7.5  0.11  193.9  27.8
200220261835  0.514  4.7  70.9  7.5  0.31  182.7  27.8
200220261836  0.519  4.5  71.3  7.5  0.39  193.1  27.8
200220261837  0.524  4.5  70.7  7.5  0.29  200.5  27.8
200220261838  0.528  4.6  71.5  7.5  0.28  196.1  27.8
200220261839  0.534  4.7  70.7  7.5  0.31  190.4  27.8
200220261840  0.538  4.8  70.1  7.5  0.32  193.8  27.8
200220261841  0.542  4.7  68.4  7.1  0.25  186.5  27.8
200220261842  0.548  4.5  68.4  6.9  0.35  181.9  27.8
200220261843  0.553  4.5  68.5  6.9  0.30  182.8  27.8
200220261844  0.557  4.3  68.3  6.1  0.31  184.2  27.8
200220261845  0.564  4.3  65.8  6.1  0.30  190.0  27.8
200220261846  0.569  4.2  64.6  6.1  0.49  185.7  27.8
200220261847  0.576  4.2  65.1  6.1  0.45  185.1  27.8
200220261848  0.582  4.2  64.4  6.0  0.39  186.0  27.8
200220261849  0.589  4.3  64.1  6.0  0.37  173.8  27.8
200220261850  0.594  4.4  63.3  6.9  0.43  178.9  27.8
200220261851  0.602  4.5  63.1  6.9  0.44  177.7  27.7
200220261852  0.608  4.7  63.0  8.7  0.39  178.9  27.7
200220261853  0.614  4.8  62.9  8.7  0.42  179.9  27.7
200220261854  0.622  4.9  63.6  8.7  0.33  175.6  27.7
200220261855  0.627  5.0  64.6  8.7  0.23  175.8  27.7
200220261856  0.634  5.1  66.3  8.7  0.35  174.5  27.8
200220261857  0.639  5.2  66.0  8.7  0.39  175.1  27.8
200220261858  0.646  5.2  66.3  8.7  0.50  183.5  27.8
200220261859  0.651  5.1  66.2  8.7  0.56  181.4  27.8
200220261900  0.656  4.9  66.8  8.7  0.50  173.1  27.8
200220261901  0.663  4.9  66.5  8.7  0.44  161.5  27.7
200220261902  0.669  4.7  65.2  7.8  0.54  168.5  27.7
200220261903  0.675  4.8  65.7  7.2  0.51  170.5  27.7
200220261904  0.680  4.7  65.2  7.2  0.57  169.6  27.7
200220261905  0.686  4.7  64.5  7.2  0.67  170.8  27.7
200220261906  0.692  4.6  62.8  7.2  0.68  172.3  27.7
200220261907  0.698  4.6  63.5  7.2  0.71  172.7  27.7
200220261908  0.705  4.6  63.9  7.7  0.53  168.2  27.7
200220261909  0.711  4.6  63.3  7.7  0.64  170.7  27.7
200220261910  0.718  4.6  63.5  7.7  0.67  172.6  27.7
200220261911  0.725  4.7  63.7  7.7  0.53  165.0  27.7
200220261912  0.730  4.7  63.0  7.7  0.60  176.9  27.7
200220261913  0.737  4.7  61.5  7.8  0.63  175.1  27.7
200220261914  0.743  4.8  62.1  7.8  0.57  174.0  27.7
200220261915  0.748  4.8  64.0  7.8  0.70  178.4  27.7
200220261916  0.754  4.8  64.1  7.8  0.74  171.7  27.7
200220261917  0.759  4.6  63.0  7.8  0.78  174.3  27.7
200220261918  0.764  4.6  63.2  7.8  0.76  173.6  27.7
200220261919  0.769  4.7  64.2  7.8  0.76  175.5  27.7
200220261920  0.775  4.8  64.4  7.8  0.70  170.8  27.7
200220261921  0.780  4.8  67.0  7.8  0.83  175.9  27.7
200220261922  0.784  4.7  68.5  7.8  0.82  173.1  27.7
200220261923  0.788  4.8  69.8  7.6  0.80  173.3  27.7
200220261924  0.793  4.9  69.5  7.6  0.87  174.4  27.7
200220261925  0.799  4.8  66.2  7.6  0.87  167.1  27.6
200220261926  0.805  5.0  65.4  7.6  0.81  170.6  27.6
200220261927  0.808  5.2  64.9  7.6  0.89  170.8  27.6
200220261928  0.814  5.3  64.7  7.6  1.01  173.9  27.6
200220261929  0.819  5.2  64.3  7.6  0.95  172.9  27.6
200220261930  0.824  5.0  63.2  7.6  0.93  168.1  27.6
200220261931  0.828  5.0  61.9  7.6  0.91  171.4  27.6
200220261932  0.831  5.0  62.2  7.6  0.91  170.4  27.6
200220261933  0.835  4.8  61.9  7.4  1.02  170.7  27.6
200220261934  0.839  4.6  61.4  7.2  1.01  169.6  27.6
200220261935  0.843  4.5  62.2  7.2  0.98  169.9  27.7
200220261936  0.847  4.5  61.4  6.6  0.87  168.5  27.7
200220261937  0.851  4.4  60.5  6.6  0.95  167.4  27.7
200220261938  0.855  4.3  59.3  6.1  0.98  169.8  27.7
200220261939  0.860  4.3  58.5  6.2  0.96  170.3  27.7
200220261940  0.863  4.4  58.8  6.2  1.04  171.8  27.7
200220261941  0.867  4.5  58.7  6.2  0.91  168.4  27.7
200220261942  0.871  4.5  59.8  6.2  0.90  170.0  27.7
200220261943  0.876  4.6  58.1  6.2  0.89  168.2  27.7
200220261944  0.881  4.6  59.0  6.2  0.89  170.4  27.7
200220261945  0.885  4.7  60.7  6.6  0.83  167.0  27.7
200220261946  0.890  4.5  62.0  6.6  0.82  168.1  27.7
200220261947  0.896  4.5  64.1  6.6  0.87  172.6  27.7
200220261948  0.902  4.6  63.8  6.6  0.87  167.9  27.7
200220261949  0.907  4.6  64.9  6.6  0.78  169.5  27.7
200220261950  0.914  4.3  65.5  6.6  0.85  168.4  27.7
200220261951  0.919  4.2  65.2  6.6  0.98  173.5  27.7
200220261952  0.924  4.3  63.3  6.6  0.97  172.5  27.7
200220261953  0.929  4.3  64.5  6.6  0.93  170.8  27.7
200220261954  0.934  4.3  64.0  6.6  1.04  172.0  27.7
200220261955  0.940  4.3  61.5  6.6  0.99  171.8  27.7
200220261956  0.945  4.4  62.2  7.0  0.95  168.4  27.7
200220261957  0.951  4.6  63.6  9.0  0.99  171.6  27.7
200220261958  0.957  4.6  66.2  9.0  1.07  169.9  27.7
200220261959  0.962  4.7  67.8  9.0  1.09  173.2  27.7
200220262000  0.969  4.9  67.8  9.0  0.92  171.4  27.7
200220262001  0.976  4.9  68.1  9.0  0.99  174.2  27.7
200220262002  0.982  4.8  69.7  9.0  0.93  172.1  27.7
200220262003  0.987  4.7  69.7  9.0  0.99  172.5  27.7
200220262004  0.994  4.8  70.9  9.0  1.07  174.4  27.7
200220262005  0.999  4.9  72.6  9.0  1.01  171.1  27.7
200220262006  1.005  4.9  72.3  9.0  0.98  169.8  27.6
200220262007  1.011  4.7  71.9  7.4  1.04  175.6  27.6
200220262008  1.017  4.6  69.9  7.4  0.99  175.1  27.6
200220262009  1.025  4.4  70.0  7.4  0.97  177.1  27.6
200220262010  1.029  4.4  71.1  7.4  1.05  177.2  27.6
200220262011  1.035  4.5  71.6  7.4  0.94  178.3  27.6
200220262012  1.039  4.6  70.5  7.4  0.98  181.5  27.6
200220262013  1.044  4.8  71.5  7.4  0.95  178.7  27.6
200220262014  1.050  4.7  69.3  7.3  1.06  181.6  27.6
200220262015  1.053  4.8  71.3  9.7  1.03  182.1  27.6
200220262016  1.057  4.8  72.2  9.7  1.10  174.2  27.6
200220262017  1.062  4.8  72.5  9.7  0.89  172.7  27.6
200220262018  1.067  4.9  73.2  9.7  0.95  171.9  27.6
200220262019  1.071  5.1  71.8  9.7  0.98  171.2  27.6
200220262020  1.077  5.1  71.2  9.7  1.04  178.1  27.6
200220262021  1.083  5.1  71.7  9.7  0.93  178.0  27.6
200220262022  1.087  5.1  71.7  9.7  1.07  179.4  27.6
200220262023  1.092  4.9  70.5  9.7  0.83  174.0  27.5
200220262024  1.097  4.9  71.0  9.7  0.95  181.8  27.5
200220262025  1.102  4.5  70.9  6.6  0.91  182.0  27.5
200220262026  1.108  4.6  71.1  6.9  0.89  180.5  27.5
200220262027  1.113  4.6  70.0  6.9  0.95  181.2  27.5
200220262028  1.118  4.7  68.2  6.9  0.93  181.9  27.5
200220262029  1.124  4.7  67.7  7.6  0.89  180.3  27.5
200220262030  1.129  4.7  69.9  8.8  0.82  178.6  27.4
200220262031  1.134  4.5  70.1  8.8  0.86  182.1  27.4
200220262032  1.138  4.5  70.8  8.8  0.83  181.5  27.4
200220262033  1.143  4.5  70.2  8.8  0.78  179.2  27.4
200220262034  1.148  4.4  70.2  8.8  0.83  176.4  27.4
200220262035  1.152  4.6  69.0  8.8  0.97  176.8  27.4
200220262036  1.157  4.5  68.7  8.8  1.01  176.8  27.4
200220262037  1.161  4.6  69.4  8.8  0.83  174.5  27.4
200220262038  1.166  4.2  72.3  8.8  1.01  180.6  27.4
200220262039  1.172  4.0  74.7  8.8  0.96  177.1  27.4
200220262040  1.176  3.8  74.0  6.0  1.00  181.3  27.4
200220262041  1.182  3.7  76.4  6.0  0.84  177.1  27.4
200220262042  1.186  3.7  75.5  6.0  0.93  177.3  27.3
200220262043  1.192  3.7  77.8  6.0  0.96  178.4  27.3
200220262044  1.195  3.7  79.8  6.0  1.01  180.6  27.3
200220262045  1.201  3.8  80.0  6.1  1.03  179.3  27.3
200220262046  1.205  3.8  78.2  7.1  1.02  177.3  27.3
200220262047  1.208  3.9  77.6  7.2  1.03  178.3  27.3
200220262048  1.212  4.2  77.4  7.2  1.02  177.7  27.3
200220262049  1.215  4.4  73.7  7.2  0.80  178.5  27.3
200220262050  1.219  4.5  71.1  7.2  0.81  176.7  27.3
200220262051  1.221  4.7  68.0  7.2  1.00  175.9  27.3
200220262052  1.226  4.8  67.9  7.2  0.94  180.3  27.3
200220262053  1.230  4.9  67.0  7.2  0.92  177.8  27.3
200220262054  1.233  5.1  64.9  7.2  1.00  177.8  27.3
200220262055  1.237  5.1  65.3  7.8  0.83  171.2  27.3
200220262056  1.241  5.1  65.2  7.8  0.88  168.5  27.3
200220262057  1.244  5.0  64.2  7.8  0.94  174.0  27.3
200220262058  1.250  5.0  62.1  7.8  0.88  173.9  27.3
200220262059  1.253  4.9  62.4  7.8  0.92  174.6  27.3
200220262100  1.257  5.1  62.5  7.8  0.92  172.9  27.3
200220262101  1.261  5.1  63.7  7.8  0.75  173.7  27.3
200220262102  1.266  5.2  64.5  7.9  0.78  178.4  27.3
200220262103  1.271  5.2  65.8  7.9  0.88  178.5  27.3
200220262104  1.275  5.3  67.6  7.9  0.85  174.1  27.3
200220262105  1.278  5.1  66.3  7.9  0.87  178.3  27.3
200220262106  1.281  5.1  67.9  7.9  0.80  178.4  27.3
200220262107  1.285  4.9  68.7  7.9  0.87  179.6  27.3
200220262108  1.288  5.2  69.2  7.9  0.85  177.6  27.2
200220262109  1.291  5.1  71.1  7.9  0.88  177.7  27.2
200220262110  1.295  4.9  72.7  7.9  0.82  176.8  27.2
200220262111  1.299  4.9  73.1  7.9  0.80  179.1  27.2
200220262112  1.302  4.8  73.2  7.9  0.73  176.2  27.2
200220262113  1.306  4.6  72.7  7.9  0.73  182.0  27.2
200220262114  1.310  4.5  71.5  8.0  0.72  182.4  27.2
200220262115  1.314  4.5  72.8  8.0  0.74  184.6  27.2
200220262116  1.317  4.5  71.1  8.0  0.82  184.0  27.2
200220262117  1.320  4.5  71.1  8.0  0.65  182.7  27.2
200220262118  1.324  4.4  71.4  8.0  0.86  181.0  27.2
200220262119  1.325  4.4  70.2  8.0  0.78  175.4  27.2
200220262120  1.329  4.5  67.7  8.0  0.80  177.7  27.2
200220262121  1.332  4.3  65.1  8.0  0.82  178.8  27.2
200220262122  1.337  4.3  63.8  8.0  0.82  178.8  27.2
200220262123  1.340  4.5  62.8  8.0  0.90  175.9  27.2
200220262124  1.343  4.5  61.8  6.4  0.91  172.9  27.2
200220262125  1.345  4.4  58.9  6.4  0.78  172.2  27.2
200220262126  1.350  4.5  59.7  7.2  0.86  172.0  27.2
200220262127  1.352  4.6  59.3  7.2  0.93  172.1  27.2
200220262128  1.355  4.5  59.2  7.2  0.95  171.9  27.2
200220262129  1.358  4.5  59.5  7.2  0.93  170.1  27.2
200220262130  1.362  4.6  61.1  7.2  0.85  174.5  27.2
200220262131  1.364  4.7  61.6  7.2  0.84  170.3  27.2
200220262132  1.367  4.6  62.9  7.2  1.04  173.0  27.2
200220262133  1.369  4.7  64.8  7.5  1.02  175.2  27.2
200220262134  1.372  4.6  66.6  7.5  0.92  172.4  27.2
200220262135  1.374  4.7  67.8  7.5  1.00  172.6  27.2
200220262136  1.377  4.6  68.0  7.5  0.83  173.5  27.2
200220262137  1.380  4.5  68.2  7.5  0.80  174.7  27.2
200220262138  1.383  4.4  69.1  7.5  0.87  169.7  27.2
200220262139  1.385  4.5  68.8  7.5  0.85  171.0  27.2
200220262140  1.387  4.5  70.1  7.5  0.96  179.0  27.2
200220262141  1.389  4.5  71.5  7.5  0.88  175.5  27.2
200220262142  1.391  4.7  71.7  7.5  0.94  179.3  27.2
200220262143  1.391  4.7  70.8  6.7  0.91  179.3  27.2
200220262144  1.393  4.6  68.7  6.7  0.91  180.5  27.2
200220262145  1.395  4.8  68.9  7.0  0.70  174.7  27.1
200220262146  1.396  4.9  68.2  8.3  0.73  173.3  27.1
200220262147  1.398  5.0  68.1  8.3  0.81  177.5  27.1
200220262148  1.399  4.9  67.0  8.3  0.74  177.3  27.1
200220262149  1.401  4.8  67.0  8.3  0.76  177.1  27.1
200220262150  1.403  4.8  67.5  8.3  0.83  177.0  27.1
200220262151  1.405  4.9  66.2  8.3  0.72  172.1  27.1
200220262152  1.407  5.0  64.4  9.7  0.82  175.8  27.1
200220262153  1.410  5.2  64.6  9.7  0.69  176.7  27.1
200220262154  1.412  5.3  67.3  9.7  0.70  173.1  27.1
200220262155  1.415  5.2  69.4  9.7  0.74  177.2  27.1
200220262156  1.417  5.1  71.1  9.7  0.69  180.9  27.1
200220262157  1.419  5.2  70.6  9.7  0.69  178.4  27.1
200220262158  1.421  5.4  69.8  9.7  0.83  174.2  27.1
200220262159  1.424  5.6  69.1  9.7  0.80  176.5  27.1
200220262200  1.425  5.6  67.5  9.7  0.85  177.7  27.1
200220262201  1.427  5.5  67.6  9.7  0.67  176.5  27.1
200220262202  1.429  5.2  67.9  8.3  0.68  172.5  27.1
200220262203  1.430  5.1  66.9  8.0  0.76  168.8  27.0
200220262204  1.432  5.0  66.1  8.0  0.65  165.6  27.0
200220262205  1.433  4.9  63.5  8.0  0.84  174.5  27.0
200220262206  1.435  4.9  63.2  8.0  0.82  176.2  27.0
200220262207  1.436  4.8  62.9  7.8  0.72  170.7  27.0
200220262208  1.437  4.7  64.6  7.2  0.73  171.0  27.0
200220262209  1.438  4.5  66.4  7.2  0.82  170.6  26.9
200220262210  1.438  4.6  67.3  7.2  0.79  172.4  26.9
200220262211  1.438  4.5  69.2  7.2  0.85  172.8  26.9
200220262212  1.438  4.5  70.3  7.2  0.79  172.2  26.9
200220262213  1.440  4.4  70.2  6.8  0.80  169.9  26.9
200220262214  1.440  4.4  68.6  6.6  0.68  165.1  26.9
200220262215  1.440  4.7  67.7  7.4  0.70  170.3  26.9
200220262216  1.440  4.6  66.2  7.4  0.67  171.0  26.9
200220262217  1.440  4.6  67.0  7.4  0.70  167.6  26.9
200220262218  1.439  4.8  65.6  7.8  0.69  167.5  26.9
200220262219  1.440  5.0  63.3  7.8  0.66  174.7  26.9
200220262220  1.439  5.0  61.1  7.8  0.57  170.9  26.9
200220262221  1.439  5.1  59.8  7.8  0.78  166.6  26.9
200220262222  1.439  5.2  58.4  7.8  0.73  169.7  26.9
200220262223  1.439  5.3  57.8  7.8  0.58  170.2  26.9
200220262224  1.439  5.2  57.7  7.8  0.52  169.6  26.9
200220262225  1.439  5.1  57.9  7.8  0.65  174.1  26.9
200220262226  1.439  5.1  57.4  7.8  0.57  178.2  26.9
200220262227  1.441  5.1  55.4  7.8  0.70  177.5  26.9
200220262228  1.441  5.0  55.8  7.1  0.64  170.6  26.9
200220262229  1.441  4.9  56.7  6.9  0.72  174.4  26.9
200220262230  1.441  5.0  58.6  7.5  0.72  174.3  26.9
200220262231  1.439  5.1  59.5  7.5  0.66  173.0  26.9
200220262232  1.439  5.1  61.1  7.5  0.55  173.0  26.9
200220262233  1.439  5.2  62.4  7.5  0.67  174.6  26.9
200220262234  1.439  5.4  62.6  7.5  0.71  175.2  26.9
200220262235  1.438  5.5  62.9  8.4  0.64  176.0  26.9
200220262236  1.438  5.7  64.0  8.4  0.49  170.4  26.9
200220262237  1.437  5.8  66.0  8.4  0.47  170.1  26.9
200220262238  1.436  5.9  65.0  8.4  0.61  173.4  26.9
200220262239  1.436  5.9  65.1  8.4  0.64  172.1  26.9
200220262240  1.436  5.7  64.3  8.4  0.57  163.5  26.9
200220262241  1.435  5.7  62.7  8.4  0.45  151.6  26.8
200220262242  1.434  5.7  61.4  8.4  0.53  165.8  26.8
200220262243  1.435  5.5  60.3  8.4  0.51  159.9  26.8
200220262244  1.433  5.4  59.7  8.7  0.48  165.0  26.8
200220262245  1.432  5.3  59.5  8.7  0.54  162.8  26.8
200220262246  1.432  5.1  58.9  8.7  0.43  162.3  26.8
200220262247  1.431  5.0  58.4  8.7  0.38  157.9  26.8
200220262248  1.431  4.8  58.9  8.7  0.45  160.8  26.8
200220262249  1.429  4.6  58.4  8.7  0.41  160.5  26.8
200220262250  1.427  4.7  59.7  8.7  0.47  164.5  26.8
200220262251  1.426  4.7  60.5  8.7  0.42  165.8  26.8
200220262252  1.425  4.7  60.9  8.7  0.39  155.8  26.8
200220262253  1.424  4.7  60.9  8.7  0.34  157.8  26.8
200220262254  1.421  4.7  61.4  7.4  0.31  157.7  26.8
200220262255  1.419  4.7  61.1  7.4  0.29  160.2  26.8
200220262256  1.417  4.8  61.0  7.4  0.28  163.1  26.8
200220262257  1.416  5.0  61.0  7.5  0.21  159.4  26.7
200220262258  1.414  5.1  60.7  7.5  0.34  182.9  26.7
200220262259  1.414  5.3  60.5  7.5  0.33  172.4  26.8
200220262300  1.411  5.1  60.0  7.5  0.42  181.1  26.8
200220262301  1.410  5.0  59.7  7.5  0.44  183.2  26.8
200220262302  1.408  5.0  59.9  7.5  0.47  172.8  26.8
200220262303  1.408  5.1  60.7  7.5  0.50  173.0  26.8
200220262304  1.406  5.1  59.7  7.5  0.46  168.6  26.8
200220262305  1.405  5.0  60.4  7.5  0.34  170.5  26.8
200220262306  1.405  4.9  60.5  7.5  0.45  163.0  26.8
200220262307  1.405  4.7  59.9  6.8  0.36  163.9  26.8
200220262308  1.405  4.6  60.3  6.8  0.26  133.9  26.8
200220262309  1.405  4.5  60.5  6.8  0.36  148.9  26.8
200220262310  1.403  4.6  59.2  6.8  0.32  152.2  26.7
200220262311  1.402  4.7  59.4  7.9  0.28  168.1  26.7
200220262312  1.402  4.8  59.7  7.9  0.26  159.0  26.7
200220262313  1.401  4.8  59.3  7.9  0.35  171.6  26.7
200220262314  1.400  4.7  59.5  7.9  0.35  176.0  26.7
200220262315  1.399  4.6  58.2  7.9  0.39  170.6  26.7
200220262316  1.396  4.6  57.8  7.9  0.47  176.1  26.7
200220262317  1.393  4.7  57.0  7.9  0.40  165.9  26.7
200220262318  1.392  4.9  55.9  7.9  0.37  171.9  26.7
200220262319  1.388  5.0  54.9  7.9  0.25  159.1  26.7
200220262320  1.385  5.1  55.2  7.9  0.19  152.0  26.7
200220262321  1.381  5.0  54.5  7.9  0.19  165.0  26.7
200220262322  1.377  4.9  52.8  7.9  0.23  169.9  26.7
200220262323  1.373  4.9  52.1  7.9  0.30  171.3  26.7
200220262324  1.368  5.0  52.3  7.9  0.25  171.8  26.7
200220262325  1.365  5.1  53.5  7.9  0.22  170.8  26.7
200220262326  1.361  5.2  52.8  7.9  0.26  152.4  26.7
200220262327  1.357  5.2  52.1  7.9  0.21  152.0  26.7
200220262328  1.352  5.0  51.9  7.4  0.26  172.4  26.7
200220262329  1.350  4.7  52.9  7.4  0.19  134.5  26.6
200220262330  1.345  4.5  53.1  6.8  0.14  148.9  26.6
200220262331  1.340  4.5  53.5  6.5  0.26  152.1  26.7
200220262332  1.336  4.4  54.8  6.5  0.21  162.0  26.7
200220262333  1.332  4.3  54.2  6.5  0.20  130.3  26.7
200220262334  1.326  4.3  54.1  6.5  0.15  140.8  26.7
200220262335  1.322  4.2  53.0  6.6  0.07  59.6  26.7
200220262336  1.318  4.2  53.5  6.6  0.13  142.0  26.7
200220262337  1.314  4.1  54.6  6.6  0.08  97.3  26.7
200220262338  1.311  4.2  55.1  6.6  0.12  41.6  26.7
200220262339  1.307  4.2  54.9  6.6  0.11  102.1  26.7
200220262340  1.303  4.2  54.8  6.6  0.17  78.8  26.7
200220262341  1.300  4.3  54.6  6.6  0.18  90.0  26.7
200220262342  1.296  4.4  53.8  6.6  0.19  97.1  26.7
200220262343  1.291  4.3  53.5  6.6  0.05  75.4  26.7
200220262344  1.288  4.3  54.1  6.6  0.10  104.3  26.7
200220262345  1.284  4.4  54.5  7.8  0.12  63.7  26.7
200220262346  1.280  4.5  55.4  7.8  0.21  20.6  26.7
200220262347  1.277  4.4  56.2  7.8  0.07  38.0  26.7
200220262348  1.274  4.4  54.5  7.8  0.09  72.3  26.7
200220262349  1.271  4.6  52.7  7.8  0.08  18.5  26.7
200220262350  1.268  4.6  52.8  7.8  0.10  16.5  26.7
200220262351  1.265  4.7  52.6  7.8  0.03  69.7  26.7
200220262352  1.262  4.6  52.2  7.8  0.11  12.0  26.7
200220262353  1.260  4.5  53.2  7.8  0.21  1.5  26.7
200220262354  1.258  4.5  52.6  7.8  0.12  357.3  26.7
200220262355  1.255  4.4  53.3  7.2  0.15  0.9  26.7
200220262356  1.253  4.3  53.1  7.2  0.04  348.7  26.7
200220262357  1.251  4.2  52.6  7.2  0.09  325.9  26.7
200220262358  1.247  4.1  54.5  6.2  0.08  285.6  26.7
200220262359  1.245  4.0  56.1  6.1  0.07  20.3  26.7
210220260000  1.242  4.0  56.0  5.4  0.06  299.5  26.7
210220260001  1.238  4.0  56.1  5.8  0.07  354.9  26.7
210220260002  1.235  3.9  55.0  5.8  0.22  356.2  26.7
210220260003  1.231  4.0  54.0  5.8  0.22  330.1  26.7
210220260004  1.227  4.0  55.6  6.1  0.18  21.5  26.7
210220260005  1.223  4.0  54.3  6.1  0.14  325.6  26.7
210220260006  1.219  3.9  53.6  6.1  0.19  0.8  26.7
210220260007  1.214  3.9  52.6  6.1  0.14  315.1  26.7
210220260008  1.210  3.9  51.8  6.1  0.22  343.2  26.7
210220260009  1.205  3.9  50.8  6.1  0.21  359.1  26.7
210220260010  1.199  3.9  50.9  6.1  0.12  7.2  26.7
210220260011  1.193  3.9  50.3  6.1  0.24  351.0  26.6
210220260012  1.188  3.8  51.4  6.1  0.20  2.7  26.6
210220260013  1.183  3.8  52.0  6.1  0.34  7.7  26.6
210220260014  1.176  3.8  51.5  5.6  0.11  15.2  26.6
210220260015  1.171  3.8  52.0  5.6  0.25  346.9  26.6
210220260016  1.167  3.9  53.4  5.6  0.10  347.4  26.6
210220260017  1.162  3.9  55.5  5.6  0.09  5.2  26.6
210220260018  1.157  3.9  55.5  5.6  0.05  44.8  26.7
210220260019  1.152  3.8  56.3  5.6  0.16  342.8  26.6
210220260020  1.148  3.8  56.1  5.4  0.10  359.1  26.6
210220260021  1.143  3.8  56.6  5.4  0.06  339.3  26.6
210220260022  1.138  3.8  55.9  5.4  0.19  11.2  26.7
210220260023  1.133  3.8  56.3  5.4  0.11  10.0  26.7
210220260024  1.129  3.7  55.1  5.4  0.33  10.0  26.7
210220260025  1.125  3.7  54.9  5.7  0.31  21.2  26.8
210220260026  1.121  3.7  52.9  6.0  0.39  14.3  26.8
210220260027  1.117  3.8  51.0  6.0  0.32  22.0  26.8
210220260028  1.112  3.8  51.3  6.0  0.33  18.4  26.8
210220260029  1.108  3.9  51.7  6.0  0.34  24.4  26.9
210220260030  1.104  3.9  51.2  6.0  0.34  6.7  26.9
210220260031  1.100  3.9  49.9  6.0  0.45  14.5  26.9
210220260032  1.096  3.9  49.1  6.0  0.29  354.6  26.9
210220260033  1.092  4.0  48.8  6.0  0.40  0.2  26.9
210220260034  1.087  4.0  48.2  6.0  0.32  5.1  26.9
210220260035  1.083  3.9  46.8  6.0  0.40  4.4  26.9
210220260036  1.078  3.9  45.3  5.7  0.61  7.5  26.9
210220260037  1.075  4.0  44.0  6.4  0.46  4.2  26.9
210220260038  1.071  4.0  43.2  6.4  0.36  6.9  26.9
210220260039  1.066  4.0  42.7  6.4  0.56  8.0  26.9
210220260040  1.061  4.1  45.0  6.5  0.48  6.7  26.9
210220260041  1.055  4.1  46.9  6.5  0.52  2.7  26.9
210220260042  1.051  4.1  48.6  6.5  0.56  5.6  26.8
210220260043  1.047  4.1  48.7  6.5  0.56  8.2  26.8
210220260044  1.041  4.1  48.7  6.5  0.60  11.7  26.8
210220260045  1.036  4.2  49.6  6.5  0.62  10.4  26.8
210220260046  1.030  4.1  51.2  6.5  0.55  12.4  26.8
210220260047  1.025  4.1  53.7  6.5  0.61  12.9  26.8
210220260048  1.018  4.1  54.1  6.5  0.67  14.3  26.8
210220260049  1.013  4.2  53.9  6.5  0.73  16.3  26.8
210220260050  1.007  4.1  51.0  5.4  0.76  13.5  26.9
210220260051  1.001  4.2  47.4  6.5  0.70  17.0  26.9
210220260052  0.996  4.3  46.0  6.5  0.75  21.7  26.9
210220260053  0.990  4.3  44.5  6.5  0.78  17.2  26.9
210220260054  0.984  4.4  43.1  6.5  0.74  13.6  26.9
210220260055  0.979  4.5  41.9  6.5  0.75  17.0  26.9
210220260056  0.973  4.6  40.9  6.5  0.73  14.0  26.9
210220260057  0.969  4.5  39.8  6.5  0.70  17.5  26.9
210220260058  0.963  4.5  40.4  6.5  0.80  17.1  26.9
210220260059  0.959  4.4  40.4  6.5  0.62  14.1  26.9
210220260100  0.954  4.2  41.1  6.5  0.69  6.8  26.9
210220260101  0.950  4.0  43.4  6.0  0.62  6.4  26.9
210220260102  0.946  3.8  45.1  5.7  0.66  8.8  26.9
210220260103  0.942  3.7  47.2  5.7  0.61  4.9  26.9
210220260104  0.938  3.6  50.2  5.6  0.63  9.1  26.9
210220260105  0.934  3.3  51.4  4.8  0.68  6.4  26.9
210220260106  0.931  3.2  51.0  4.5  0.60  359.1  26.9
210220260107  0.928  3.1  50.7  4.5  0.71  0.7  26.9
210220260108  0.924  3.0  48.6  4.5  0.69  0.1  26.9
210220260109  0.918  3.0  47.6  4.1  0.66  359.6  26.9
210220260110  0.914  3.0  48.1  4.1  0.77  2.2  26.9
210220260111  0.909  3.0  48.8  4.1  0.70  350.5  26.9
210220260112  0.905  3.0  48.9  4.1  0.70  355.2  26.9
210220260113  0.900  2.9  49.4  4.1  0.80  3.3  26.9
210220260114  0.894  2.9  50.8  5.0  0.86  1.0  26.9
210220260115  0.889  3.0  52.0  5.0  0.84  3.5  26.9
210220260116  0.885  3.1  54.8  5.0  0.77  358.9  26.9
210220260117  0.881  3.1  56.0  5.0  0.67  357.1  26.9
210220260118  0.876  3.1  59.5  5.0  0.71  357.1  26.9
210220260119  0.871  3.1  61.9  5.0  0.61  356.3  26.9
210220260120  0.866  3.1  62.8  5.0  0.70  359.6  26.9
210220260121  0.861  3.2  64.2  5.0  0.67  0.5  26.9
210220260122  0.857  3.1  66.0  5.0  0.66  1.4  26.9
210220260123  0.853  3.1  69.6  5.0  0.69  2.0  26.9
210220260124  0.849  2.9  70.8  4.3  0.69  356.8  27.0
210220260125  0.844  2.6  78.0  4.3  0.72  3.3  27.0
210220260126  0.841  2.1  89.0  4.3  0.67  2.0  27.0
210220260127  0.836  1.8  108.3  4.6  0.76  3.2  27.0
210220260128  0.831  1.7  128.3  4.7  0.73  5.7  27.0
210220260129  0.826  1.8  150.3  4.9  0.72  1.5  27.0
210220260130  0.821  2.2  167.6  4.9  0.80  359.0  27.0
210220260131  0.816  2.6  181.0  4.9  0.78  6.0  27.0
210220260132  0.810  3.1  188.3  4.9  0.81  8.8  27.0
210220260133  0.805  3.5  195.8  4.9  0.87  6.9  27.0
210220260134  0.800  4.0  199.0  4.9  0.85  3.8  27.0
210220260135  0.793  4.2  201.2  4.9  0.80  4.4  27.0
210220260136  0.789  4.3  201.8  5.2  0.83  7.7  27.0
210220260137  0.785  4.3  201.6  5.2  0.75  5.2  27.0
210220260138  0.781  4.4  201.5  5.2  0.80  7.6  27.0
210220260139  0.777  4.3  200.7  5.2  0.89  9.1  27.0
210220260140  0.772  4.2  200.7  5.2  0.89  11.2  27.0
210220260141  0.767  4.2  200.8  5.2  0.82  8.8  27.0
210220260142  0.763  4.1  200.3  5.2  0.80  13.4  27.0
210220260143  0.757  4.0  199.8  5.2  0.85  13.1  27.0
210220260144  0.752  3.9  199.7  5.2  0.93  9.3  27.0
210220260145  0.749  3.9  200.0  5.2  0.86  10.7  27.0
210220260146  0.744  3.7  200.3  4.8  0.97  9.0  27.0
210220260147  0.739  3.6  201.4  4.6  0.93  12.7  27.0
210220260148  0.735  3.6  202.3  4.4  0.82  15.2  27.1
210220260149  0.729  3.6  204.0  4.4  0.92  12.5  27.1
210220260150  0.725  3.7  206.1  4.6  0.94  10.9  27.1
210220260151  0.720  3.7  207.7  4.6  0.95  1.0  27.1
210220260152  0.715  3.8  210.0  4.6  0.95  4.7  27.1
210220260153  0.709  3.8  212.4  4.6  0.86  6.2  27.1
210220260154  0.703  3.9  213.9  4.6  0.95  7.8  27.1
210220260155  0.697  4.0  214.5  4.8  0.83  7.0  27.1
210220260156  0.692  4.2  214.6  5.5  0.86  3.4  27.1
210220260157  0.687  4.2  214.3  5.8  0.99  4.8  27.1
210220260158  0.683  4.3  214.5  5.8  0.93  9.5  27.1
210220260159  0.677  4.4  213.9  5.8  0.97  5.2  27.1
210220260200  0.671  4.4  212.2  5.8  0.96  2.6  27.1
210220260201  0.667  4.5  210.4  5.8  1.04  4.7  27.1
210220260202  0.661  4.7  208.8  5.8  1.10  8.9  27.1
210220260203  0.653  4.8  206.7  5.8  1.08  7.1  27.1
210220260204  0.647  4.8  206.0  5.8  1.11  7.2  27.1
210220260205  0.641  4.8  205.7  5.8  1.06  9.7  27.1
210220260206  0.635  4.9  206.7  5.8  1.14  5.8  27.1
210220260207  0.629  4.9  207.9  5.8  1.11  6.2  27.1
210220260208  0.622  4.9  209.7  5.8  1.02  8.8  27.1
210220260209  0.617  5.0  212.2  6.1  1.13  8.7  27.1
210220260210  0.611  5.1  214.3  6.1  1.08  9.8  27.1
210220260211  0.605  5.2  215.8  6.1  1.10  9.7  27.1
210220260212  0.598  5.2  216.6  6.4  1.12  9.7  27.1
210220260213  0.593  5.4  217.0  6.5  1.03  11.6  27.1
210220260214  0.588  5.5  216.7  6.5  1.08  9.5  27.1
210220260215  0.583  5.6  216.2  6.5  1.09  13.5  27.1
210220260216  0.580  5.7  215.5  6.7  0.98  9.9  27.1
210220260217  0.574  5.7  215.4  6.7  1.06  10.5  27.1
210220260218  0.570  5.7  215.0  6.7  1.03  10.6  27.1
210220260219  0.566  5.7  214.5  6.7  0.98  10.6  27.1
210220260220  0.562  5.7  214.2  6.7  1.04  9.6  27.1
210220260221  0.558  5.6  213.9  6.7  0.94  11.3  27.1
210220260222  0.553  5.5  213.5  6.7  0.99  12.8  27.1
210220260223  0.549  5.3  213.8  6.7  0.93  13.5  27.1
210220260224  0.545  5.2  213.5  6.7  0.98  12.6  27.1
210220260225  0.541  5.0  212.6  6.7  1.01  15.5  27.1
210220260226  0.537  4.8  211.3  6.2  1.01  16.3  27.1
210220260227  0.533  4.7  209.2  6.2  1.01  12.5  27.1
210220260228  0.529  4.6  206.5  5.6  1.00  15.7  27.1
210220260229  0.526  4.5  203.7  5.6  0.92  16.3  27.1
210220260230  0.522  4.4  201.8  5.6  1.06  14.3  27.1
210220260231  0.519  4.4  200.3  5.3  0.85  12.6  27.1
210220260232  0.514  4.3  199.2  5.1  0.88  13.9  27.1
210220260233  0.511  4.3  198.0  5.1  0.98  12.9  27.1
210220260234  0.507  4.2  197.4  5.1  0.92  13.9  27.1
210220260235  0.503  4.2  197.6  5.1  0.94  13.3  27.1
210220260236  0.499  4.1  198.0  5.1  1.10  12.7  27.1
210220260237  0.495  4.1  198.6  5.1  0.83  11.5  27.1
210220260238  0.491  4.1  199.5  5.1  0.90  16.0  27.1
210220260239  0.488  4.1  200.4  5.1  0.97  13.3  27.1
210220260240  0.485  4.1  200.9  5.1  0.88  16.6  27.2
210220260241  0.481  4.1  201.7  5.1  0.99  10.0  27.2
210220260242  0.478  4.1  203.4  5.1  0.87  15.4  27.2
210220260243  0.474  4.1  204.6  5.1  0.94  12.3  27.2
210220260244  0.471  4.2  205.3  5.1  1.05  10.3  27.2
210220260245  0.466  4.3  206.1  5.1  1.01  13.4  27.2
210220260246  0.461  4.4  207.5  5.3  0.89  13.6  27.2
210220260247  0.457  4.4  209.1  5.4  0.97  12.4  27.2
210220260248  0.454  4.5  210.3  5.4  0.90  12.6  27.2
210220260249  0.451  4.6  211.2  5.8  0.91  10.9  27.2
210220260250  0.448  4.7  211.8  5.8  0.94  10.8  27.2
210220260251  0.444  4.8  211.5  5.8  0.94  12.0  27.2
210220260252  0.439  4.8  210.4  5.8  0.85  9.1  27.2
210220260253  0.437  4.8  209.2  5.8  0.98  10.6  27.2
210220260254  0.433  4.8  208.3  5.8  0.98  10.7  27.2
210220260255  0.428  4.8  207.9  5.8  0.87  10.8  27.2
210220260256  0.425  4.6  207.0  5.8  0.94  11.2  27.2
210220260257  0.421  4.5  206.4  5.8  0.80  11.7  27.2
210220260258  0.419  4.5  205.7  5.8  1.07  8.4  27.2
210220260259  0.415  4.4  204.8  5.6  1.02  9.9  27.2
210220260300  0.412  4.3  204.7  5.6  0.89  7.6  27.2
210220260301  0.409  4.3  204.5  5.6  0.80  5.4  27.2
210220260302  0.406  4.2  204.5  5.6  0.86  7.5  27.2
210220260303  0.403  4.2  204.8  5.4  0.81  7.8  27.2
210220260304  0.400  4.2  205.4  5.4  0.91  8.1  27.2
210220260305  0.397  4.3  204.6  5.4  0.81  8.9  27.2
210220260306  0.395  4.4  203.7  5.4  0.87  13.2  27.2
210220260307  0.392  4.5  202.1  5.4  0.95  11.8  27.2
210220260308  0.389  4.5  200.7  5.4  0.90  9.5  27.2
210220260309  0.386  4.5  199.8  5.4  0.83  11.3  27.2
210220260310  0.382  4.5  199.7  5.9  0.80  10.0  27.2
210220260311  0.379  4.5  200.2  5.9  0.84  6.7  27.2
210220260312  0.376  4.4  201.1  5.9  0.85  3.6  27.2
210220260313  0.373  4.4  202.3  5.9  0.89  8.9  27.2
210220260314  0.370  4.2  203.2  5.9  0.94  8.9  27.2
210220260315  0.367  4.1  204.5  5.9  0.82  8.9  27.2
210220260316  0.364  4.0  205.6  5.9  0.78  4.8  27.2
210220260317  0.361  3.9  207.1  5.9  0.89  5.6  27.2
210220260318  0.359  3.9  208.0  5.9  0.83  5.6  27.2
210220260319  0.355  4.0  208.8  5.9  0.88  6.1  27.2
210220260320  0.352  4.0  207.5  5.6  0.97  7.6  27.2
210220260321  0.349  4.0  205.8  5.6  0.96  7.1  27.2
210220260322  0.346  4.0  204.3  5.6  0.92  5.5  27.2
210220260323  0.343  4.1  202.1  5.6  0.93  6.9  27.2
210220260324  0.339  4.1  200.4  5.6  0.90  6.1  27.2
210220260325  0.336  4.2  199.1  5.6  0.91  4.7  27.2
210220260326  0.333  4.1  198.3  5.6  0.88  9.9  27.2
210220260327  0.330  4.1  197.9  5.6  0.85  7.2  27.2
210220260328  0.326  4.0  197.9  5.6  0.90  5.0  27.2
210220260329  0.321  3.9  197.7  5.1  0.84  5.1  27.2
210220260330  0.317  3.8  198.6  4.5  0.92  6.6  27.2
210220260331  0.313  3.7  199.9  4.5  0.81  4.2  27.2
210220260332  0.310  3.6  201.3  4.4  0.93  7.7  27.2
210220260333  0.306  3.5  202.5  4.3  0.81  5.9  27.2
210220260334  0.303  3.5  203.4  4.3  0.88  4.4  27.3
210220260335  0.300  3.4  204.3  4.3  0.99  4.6  27.3
210220260336  0.296  3.4  204.8  4.3  0.84  10.3  27.3
210220260337  0.294  3.4  204.1  4.3  0.83  7.5  27.3
210220260338  0.292  3.3  203.3  4.1  0.81  7.4  27.3
210220260339  0.289  3.3  201.7  4.1  0.87  6.6  27.3
210220260340  0.287  3.3  199.8  4.4  0.81  5.7  27.3
210220260341  0.284  3.3  198.2  4.4  0.92  10.6  27.3
210220260342  0.282  3.4  196.7  4.4  0.84  6.1  27.3
210220260343  0.279  3.5  196.0  4.4  0.92  4.1  27.3
210220260344  0.277  3.5  195.0  4.5  0.84  7.2  27.3
210220260345  0.275  3.6  195.3  4.6  0.80  10.1  27.3
210220260346  0.271  3.7  196.3  5.3  0.70  8.1  27.3
210220260347  0.269  3.8  197.5  5.3  0.83  8.3  27.3
210220260348  0.267  3.9  199.4  5.3  0.85  6.5  27.3
210220260349  0.263  4.1  201.0  5.3  0.88  3.8  27.3
210220260350  0.262  4.2  203.4  5.3  0.88  7.6  27.3
210220260351  0.260  4.3  204.4  5.4  0.81  7.7  27.3
210220260352  0.258  4.4  204.6  5.7  0.87  10.0  27.3
210220260353  0.256  4.5  205.3  5.7  0.87  6.3  27.3
210220260354  0.254  4.6  205.7  5.7  0.89  5.6  27.3
210220260355  0.250  4.7  205.2  5.7  0.87  9.6  27.3
210220260356  0.248  4.7  204.2  5.7  0.93  9.0  27.3
210220260357  0.246  4.8  204.1  6.0  0.81  12.6  27.3
210220260358  0.245  4.9  203.5  6.0  0.80  7.6  27.3
210220260359  0.244  4.9  203.5  6.0  0.95  4.1  27.3
210220260400  0.241  5.0  202.4  6.0  0.85  4.6  27.3
210220260401  0.240  5.0  203.0  6.0  0.76  8.1  27.3
210220260402  0.238  4.9  203.8  6.0  0.85  9.0  27.3
210220260403  0.236  5.0  204.6  6.0  0.92  4.1  27.3
210220260404  0.234  5.0  205.5  6.0  0.86  8.3  27.3
210220260405  0.233  5.0  206.3  6.0  0.80  4.8  27.3
210220260406  0.232  5.0  206.3  6.0  0.80  6.7  27.3
210220260407  0.232  5.0  205.6  6.2  0.89  7.9  27.3
210220260408  0.231  5.0  204.6  6.2  0.90  3.6  27.3
210220260409  0.230  5.0  204.3  6.2  0.92  2.7  27.3
210220260410  0.229  5.0  204.1  6.2  0.79  6.3  27.3
210220260411  0.228  5.0  203.3  6.2  0.75  4.3  27.3
210220260412  0.228  5.0  203.0  6.2  0.81  5.6  27.3
210220260413  0.228  4.9  202.4  6.2  0.76  8.2  27.3
210220260414  0.227  4.9  201.6  6.2  0.80  4.3  27.3
210220260415  0.226  5.0  201.6  6.2  0.83  1.2  27.3
210220260416  0.226  5.0  202.3  6.2  0.77  2.6  27.3
210220260417  0.225  5.0  203.9  6.2  0.86  4.2  27.3
210220260418  0.226  5.1  205.3  6.6  0.76  8.7  27.3
210220260419  0.225  5.2  206.5  6.9  0.82  5.1  27.3
210220260420  0.224  5.3  208.4  6.9  0.80  7.8  27.3
210220260421  0.223  5.5  210.2  6.9  0.77  6.4  27.3
210220260422  0.222  5.6  211.7  6.9  0.77  3.7  27.3
210220260423  0.221  5.8  213.3  6.9  0.78  4.7  27.3
210220260424  0.221  5.9  214.6  6.9  0.77  4.5  27.3
210220260425  0.221  6.0  215.4  6.9  0.68  4.5  27.3
210220260426  0.221  6.0  216.4  6.9  0.82  7.4  27.3
210220260427  0.221  6.0  216.1  6.9  0.79  3.8  27.3
210220260428  0.221  6.0  216.7  6.9  0.86  6.1  27.3
210220260429  0.221  5.9  216.2  6.9  0.78  7.2  27.3
210220260430  0.221  5.8  215.7  6.9  0.79  5.0  27.3
210220260431  0.221  5.7  215.5  6.9  0.74  4.3  27.3
210220260432  0.220  5.6  215.6  6.9  0.68  4.0  27.3
210220260433  0.219  5.5  216.5  6.9  0.67  6.0  27.3
210220260434  0.219  5.2  217.0  6.9  0.69  9.0  27.3
210220260435  0.218  5.0  217.6  6.9  0.72  6.3  27.3
210220260436  0.218  4.9  217.3  6.9  0.72  1.0  27.3
210220260437  0.218  4.8  217.7  6.9  0.65  3.3  27.3
210220260438  0.220  4.7  217.4  6.2  0.75  1.8  27.3
210220260439  0.220  4.7  217.5  6.2  0.63  357.2  27.3
210220260440  0.221  4.7  217.9  6.4  0.65  5.7  27.3
210220260441  0.220  4.7  216.7  6.4  0.52  1.4  27.3
210220260442  0.220  4.9  215.8  7.3  0.72  3.3  27.3
210220260443  0.220  5.0  214.4  7.3  0.58  1.0  27.3
210220260444  0.221  5.3  214.3  8.0  0.58  2.5  27.3
210220260445  0.223  5.5  213.5  8.0  0.62  3.8  27.3
210220260446  0.224  5.7  213.6  8.0  0.56  1.8  27.3
210220260447  0.225  6.0  213.6  8.0  0.60  7.8  27.3
210220260448  0.225  6.1  213.8  8.0  0.71  358.8  27.3
210220260449  0.228  6.3  214.4  8.0  0.71  2.8  27.3
210220260450  0.229  6.4  214.6  8.0  0.74  0.3  27.3
210220260451  0.231  6.5  215.3  8.0  0.69  0.1  27.3
210220260452  0.233  6.5  215.1  8.0  0.66  4.2  27.3
210220260453  0.235  6.5  215.1  8.0  0.67  2.5  27.3
210220260454  0.236  6.5  214.9  7.9  0.63  3.5  27.3
210220260455  0.236  6.5  215.3  7.9  0.67  3.7  27.3
210220260456  0.238  6.5  215.6  7.9  0.66  3.1  27.3
210220260457  0.238  6.3  216.0  7.8  0.51  5.2  27.3
210220260458  0.239  6.3  216.0  7.8  0.61  2.4  27.3
210220260459  0.242  6.2  216.0  7.2  0.57  358.4  27.3
210220260500  0.244  6.2  216.4  7.3  0.44  356.1  27.3
210220260501  0.246  6.2  216.8  7.3  0.48  5.1  27.3
210220260502  0.249  6.1  217.2  7.3  0.72  359.0  27.3
210220260503  0.251  6.0  217.0  7.3  0.52  1.5  27.3
210220260504  0.252  5.9  217.1  7.3  0.58  1.3  27.3
210220260505  0.255  5.9  216.8  7.4  0.50  0.4  27.3
210220260506  0.257  5.9  216.7  7.5  0.39  354.5  27.3
210220260507  0.259  5.9  217.1  7.5  0.47  356.2  27.3
210220260508  0.263  6.0  217.2  7.5  0.46  4.5  27.3
210220260509  0.265  6.1  217.3  7.6  0.39  1.1  27.3
210220260510  0.268  6.1  216.7  7.6  0.49  358.6  27.4
210220260511  0.271  6.2  216.3  7.6  0.47  1.2  27.4
210220260512  0.273  6.2  215.5  7.6  0.41  354.2  27.4
210220260513  0.275  6.3  215.5  7.6  0.40  355.1  27.4
210220260514  0.277  6.3  215.8  7.6  0.40  358.5  27.4
210220260515  0.279  6.3  215.4  7.6  0.32  359.1  27.4
210220260516  0.281  6.2  214.7  7.6  0.40  4.5  27.4
210220260517  0.283  6.1  213.5  7.6  0.46  357.8  27.4
210220260518  0.284  6.0  212.8  7.6  0.36  2.3  27.4
210220260519  0.286  5.9  212.0  7.3  0.33  352.6  27.4
210220260520  0.287  5.9  211.9  7.3  0.39  7.4  27.4
210220260521  0.288  5.7  211.5  7.3  0.46  3.1  27.4
210220260522  0.289  5.6  212.1  7.3  0.41  0.2  27.4
210220260523  0.291  5.6  211.3  6.7  0.55  7.2  27.3
210220260524  0.294  5.5  209.8  6.7  0.44  355.2  27.4
210220260525  0.296  5.5  208.8  6.7  0.39  359.9  27.4
210220260526  0.299  5.5  208.1  6.7  0.24  343.6  27.4
210220260527  0.300  5.5  207.4  6.7  0.31  358.1  27.4
210220260528  0.305  5.5  206.7  6.7  0.33  355.2  27.4
210220260529  0.306  5.6  205.6  6.7  0.38  2.3  27.4
210220260530  0.310  5.6  204.0  6.5  0.22  1.4  27.4
210220260531  0.312  5.7  203.0  6.7  0.30  345.1  27.4
210220260532  0.314  5.8  202.1  6.7  0.18  346.2  27.4
210220260533  0.316  5.9  202.2  6.7  0.19  341.6  27.4
210220260534  0.319  5.9  202.4  6.7  0.25  9.1  27.4
210220260535  0.321  6.0  203.1  6.7  0.23  8.0  27.4
210220260536  0.323  6.1  203.4  6.7  0.19  8.8  27.4
210220260537  0.326  6.1  203.8  6.7  0.17  4.7  27.4
210220260538  0.329  6.1  204.2  6.7  0.23  7.6  27.4
210220260539  0.331  6.0  204.7  6.7  0.24  11.8  27.4
210220260540  0.333  5.9  205.5  6.7  0.23  354.7  27.4
210220260541  0.336  5.7  206.3  6.7  0.28  0.2  27.4
210220260542  0.340  5.4  206.9  6.6  0.19  15.9  27.4
210220260543  0.344  5.2  208.2  6.6  0.17  347.7  27.4
210220260544  0.347  4.9  209.3  6.6  0.25  1.9  27.4
210220260545  0.351  4.7  211.1  6.2  0.10  3.5  27.4
210220260546  0.356  4.5  213.4  6.7  0.15  352.3  27.4
210220260547  0.360  4.4  214.8  6.7  0.16  351.4  27.3
210220260548  0.363  4.4  216.2  6.7  0.14  335.9  27.4
210220260549  0.367  4.5  217.9  6.9  0.16  10.7  27.3
210220260550  0.370  4.7  219.3  6.9  0.06  341.1  27.4
210220260551  0.374  4.9  219.7  7.5  0.05  344.5  27.3
210220260552  0.378  5.2  219.9  7.5  0.11  235.7  27.3
210220260553  0.381  5.4  218.8  7.5  0.10  340.9  27.3
210220260554  0.387  5.7  218.0  7.5  0.05  319.0  27.3
210220260555  0.391  6.0  216.7  7.5  0.11  253.9  27.3
210220260556  0.395  6.2  215.5  7.5  0.20  216.1  27.3
210220260557  0.401  6.2  214.5  7.5  0.14  253.1  27.3
210220260558  0.406  6.3  214.4  7.5  0.12  250.5  27.3
210220260559  0.411  6.2  213.4  7.5  0.07  237.1  27.3
210220260600  0.415  6.0  212.1  7.5  0.11  209.4  27.3
210220260601  0.421  5.9  211.6  7.1  0.31  202.1  27.3
210220260602  0.426  5.7  210.7  7.0  0.27  207.0  27.3
210220260603  0.431  5.6  210.3  6.9  0.24  206.7  27.3
210220260604  0.437  5.5  209.4  6.8  0.25  202.6  27.3
210220260605  0.443  5.5  209.7  6.8  0.27  206.1  27.3
210220260606  0.448  5.4  209.6  6.8  0.26  210.2  27.3
210220260607  0.454  5.4  210.8  6.8  0.35  204.6  27.3
210220260608  0.460  5.4  211.1  6.5  0.48  196.1  27.3
210220260609  0.466  5.4  212.3  6.5  0.33  193.4  27.3
210220260610  0.471  5.4  213.4  6.5  0.28  204.7  27.3
210220260611  0.475  5.4  213.8  6.5  0.29  199.2  27.3
210220260612  0.480  5.5  214.4  6.5  0.37  197.0  27.2
210220260613  0.486  5.5  215.5  6.5  0.33  195.0  27.2
210220260614  0.490  5.5  216.8  6.3  0.35  193.5  27.2
210220260615  0.494  5.5  217.3  6.3  0.51  185.6  27.2
210220260616  0.498  5.5  217.7  6.3  0.44  190.8  27.2
210220260617  0.503  5.4  217.1  6.1  0.35  183.3  27.2
210220260618  0.507  5.3  215.6  6.1  0.29  182.8  27.2
210220260619  0.513  5.3  214.2  6.1  0.33  180.9  27.2
210220260620  0.518  5.2  213.0  6.1  0.26  172.3  27.2
210220260621  0.522  5.0  212.3  6.1  0.29  189.2  27.2
210220260622  0.528  4.9  211.6  6.0  0.18  199.6  27.2
210220260623  0.533  4.7  210.6  6.0  0.27  175.4  27.2
210220260624  0.537  4.6  209.6  6.0  0.31  176.8  27.2
210220260625  0.544  4.5  208.7  6.0  0.28  190.4  27.2
210220260626  0.549  4.4  207.8  5.8  0.26  176.3  27.2
210220260627  0.555  4.4  207.6  5.8  0.35  183.9  27.2
210220260628  0.561  4.5  208.6  6.0  0.39  183.7  27.2
210220260629  0.567  4.5  209.2  6.4  0.45  190.5  27.2
210220260630  0.573  4.6  210.4  6.4  0.32  192.1  27.2
210220260631  0.578  4.7  210.9  6.4  0.36  183.9  27.2
210220260632  0.583  4.8  210.7  6.4  0.27  176.3  27.2
210220260633  0.589  5.0  211.0  6.4  0.34  189.3  27.2
210220260634  0.592  5.1  211.1  6.4  0.33  177.2  27.2
210220260635  0.597  5.1  212.4  6.4  0.53  190.6  27.1
210220260636  0.602  5.1  212.3  6.4  0.40  180.8  27.1
210220260637  0.606  5.2  211.7  6.4  0.54  187.5  27.1
210220260638  0.612  5.1  211.4  6.4  0.45  191.0  27.1
210220260639  0.616  5.1  211.0  6.3  0.41  194.4  27.1
210220260640  0.620  5.1  210.2  6.3  0.18  198.2  27.1
210220260641  0.626  5.1  209.4  6.3  0.29  185.0  27.1
210220260642  0.628  5.1  209.6  6.3  0.36  185.0  27.1
210220260643  0.633  5.1  208.9  6.3  0.30  192.2  27.1
210220260644  0.638  5.2  209.3  6.3  0.41  188.9  27.1
210220260645  0.641  5.2  207.3  6.3  0.42  190.0  27.1
210220260646  0.643  5.3  207.2  6.3  0.33  185.2  27.1
210220260647  0.647  5.3  208.0  6.3  0.37  176.7  27.1
210220260648  0.649  5.3  207.8  6.3  0.42  170.5  27.1
210220260649  0.652  5.3  208.1  6.4  0.29  178.2  27.1
210220260650  0.654  5.3  208.2  6.4  0.41  182.7  27.1
210220260651  0.658  5.3  208.2  6.4  0.37  187.0  27.1
210220260652  0.660  5.3  208.1  6.4  0.34  183.7  27.1
210220260653  0.663  5.3  208.4  6.6  0.34  186.1  27.1
210220260654  0.665  5.4  208.1  6.6  0.34  185.4  27.1
210220260655  0.668  5.5  208.7  6.6  0.42  181.5  27.1
210220260656  0.671  5.5  208.6  6.6  0.39  172.4  27.1
210220260657  0.675  5.6  208.4  6.9  0.34  174.8  27.1
210220260658  0.679  5.6  209.1  6.9  0.39  177.3  27.1
210220260659  0.683  5.6  209.4  6.9  0.38  170.7  27.1
210220260700  0.686  5.7  209.9  6.9  0.39  183.4  27.1
210220260701  0.690  5.6  210.5  6.9  0.36  170.7  27.1
210220260702  0.695  5.6  210.6  6.9  0.41  181.6  27.1
210220260703  0.700  5.6  211.2  6.9  0.46  179.1  27.1
210220260704  0.705  5.5  211.0  6.9  0.52  171.9  27.1
210220260705  0.710  5.5  211.4  6.9  0.46  177.1  27.1
210220260706  0.716  5.3  211.0  6.9  0.62  181.8  27.1
210220260707  0.721  5.2  210.8  6.9  0.59  178.3  27.1
210220260708  0.728  5.1  210.6  6.3  0.61  177.5  27.1
210220260709  0.733  5.1  210.3  6.3  0.60  173.0  27.1
210220260710  0.739  5.1  209.7  6.5  0.64  177.7  27.1
210220260711  0.744  5.1  209.4  6.5  0.65  176.9  27.1
210220260712  0.751  5.1  209.2  6.5  0.67  177.7  27.1
210220260713  0.756  5.2  208.2  6.5  0.70  178.8  27.1
210220260714  0.761  5.3  208.9  6.5  0.70  177.7  27.1
210220260715  0.767  5.3  208.5  6.5  0.74  174.5  27.1
210220260716  0.772  5.4  208.6  6.5  0.90  174.0  27.1
210220260717  0.776  5.4  208.2  6.5  0.82  172.9  27.1
210220260718  0.782  5.4  207.8  6.5  0.98  175.7  27.1
210220260719  0.787  5.4  207.6  6.5  0.85  171.0  27.1
210220260720  0.792  5.4  208.4  6.5  0.93  173.0  27.1
210220260721  0.797  5.4  208.5  6.5  0.96  170.3  27.1
210220260722  0.803  5.3  209.0  6.5  1.01  175.0  27.1
210220260723  0.808  5.1  209.5  6.5  0.87  170.5  27.1
210220260724  0.812  4.9  209.0  6.1  0.91  169.2  27.1
210220260725  0.817  4.8  208.7  6.1  0.94  168.4  27.1
210220260726  0.821  4.6  209.1  6.1  0.85  165.5  27.1
210220260727  0.826  4.5  209.6  6.1  0.92  165.6  27.1
210220260728  0.832  4.3  208.8  6.1  0.98  168.8  27.1
210220260729  0.836  4.1  208.2  6.0  0.86  168.1  27.1
210220260730  0.842  4.0  206.4  5.2  0.94  166.2  27.1
210220260731  0.846  3.9  205.2  5.2  0.92  166.0  27.1
210220260732  0.850  3.8  204.3  5.2  0.86  168.2  27.1
210220260733  0.855  3.9  203.3  5.2  0.84  168.4  27.1
210220260734  0.859  3.9  203.6  5.2  0.89  166.8  27.1
210220260735  0.864  3.9  203.7  5.2  0.78  165.0  27.1
210220260736  0.868  4.0  204.7  5.2  0.97  168.2  27.0
210220260737  0.873  4.0  205.3  5.2  1.04  170.2  27.0
210220260738  0.877  4.0  206.4  5.2  0.94  170.9  27.0
210220260739  0.883  4.0  207.1  5.2  0.99  168.6  27.0
210220260740  0.888  4.0  207.5  5.2  0.98  172.7  27.0
210220260741  0.893  4.0  207.7  5.2  1.10  171.9  27.0
210220260742  0.900  4.0  206.9  5.2  1.09  170.8  27.0
210220260743  0.906  4.0  206.6  5.2  0.99  170.5  27.0
210220260744  0.912  3.9  204.6  5.2  1.03  171.3  27.0
210220260745  0.916  3.9  203.0  5.2  1.09  173.0  27.0
210220260746  0.921  3.8  200.1  5.2  0.93  173.3  27.0
210220260747  0.927  3.8  198.1  5.2  0.98  170.7  27.0
210220260748  0.932  3.8  198.9  5.2  1.02  170.1  27.0
210220260749  0.937  3.7  198.6  5.2  1.03  173.9  27.0
210220260750  0.942  3.6  198.3  5.2  0.99  173.0  27.0
210220260751  0.947  3.5  199.4  5.2  1.04  172.4  27.0
210220260752  0.951  3.3  199.1  5.1  1.00  172.2  27.0
210220260753  0.956  3.2  198.7  5.1  0.97  175.2  27.0
210220260754  0.960  3.1  199.8  4.8  0.94  171.5  27.0
210220260755  0.964  3.0  201.0  4.8  0.97  174.7  27.0
210220260756  0.969  2.9  202.7  4.8  0.87  169.0  27.0
210220260757  0.974  2.6  202.9  4.8  0.93  172.2  27.0
210220260758  0.977  2.4  199.4  3.8  0.99  171.3  27.0
210220260759  0.982  2.4  196.1  3.8  1.04  172.1  27.0
210220260800  0.986  2.3  192.1  3.8  0.88  169.6  27.0
210220260801  0.992  2.1  188.4  3.5  0.85  175.7  27.0
210220260802  0.997  1.9  190.7  3.5  0.85  169.9  27.0
210220260803  1.002  1.8  194.1  3.5  0.90  173.5  27.0
210220260804  1.005  1.7  194.4  3.3  0.79  170.5  26.9
210220260805  1.011  1.6  193.1  3.3  0.89  171.6  26.9
210220260806  1.016  1.5  190.3  3.3  0.90  173.0  27.0
210220260807  1.021  1.4  188.8  3.3  0.77  173.3  27.0
210220260808  1.026  1.4  190.1  3.3  0.94  171.4  27.0
210220260809  1.030  1.4  192.1  3.0  1.02  175.6  26.9
210220260810  1.036  1.4  197.6  3.0  0.99  176.9  26.9
210220260811  1.043  1.2  199.4  3.0  0.99  175.8  26.9
210220260812  1.049  0.9  197.4  3.6  0.96  178.0  26.9
210220260813  1.053  0.5  180.9  3.6  0.87  176.4  26.9
210220260814  1.058  0.3  145.0  3.6  0.86  175.6  26.9
210220260815  1.064  0.2  92.4  3.6  1.09  177.0  26.9
210220260816  1.070  0.3  58.5  3.6  1.02  177.1  26.9
210220260817  1.075  0.4  30.2  3.6  0.88  178.0  26.9
210220260818  1.081  0.6  15.2  3.6  0.90  172.9  26.9
210220260819  1.087  0.7  10.2  3.6  1.02  175.2  26.9
210220260820  1.093  0.8  12.3  3.6  0.94  177.3  26.9
210220260821  1.100  0.7  16.1  3.6  1.02  177.9  26.9
210220260822  1.106  0.5  19.9  3.1  0.95  178.0  26.9
210220260823  1.112  0.4  10.8  2.5  0.94  182.4  26.9
210220260824  1.117  0.5  5.0  2.5  1.02  181.0  26.9
210220260825  1.122  0.6  3.6  2.5  0.90  181.8  26.9
210220260826  1.127  0.8  0.3  2.5  0.93  183.1  26.9
210220260827  1.132  1.0  5.1  2.5  0.88  178.0  26.9
210220260828  1.137  1.0  13.8  2.5  0.99  185.7  26.9
210220260829  1.142  1.1  17.1  2.5  1.05  184.9  26.9
210220260830  1.147  1.3  16.6  2.5  0.96  184.5  26.9
210220260831  1.152  1.4  10.2  2.5  0.97  181.7  26.8
210220260832  1.157  1.7  10.8  3.3  0.86  184.7  26.9
210220260833  1.161  1.7  11.2  3.3  0.91  182.3  26.8
210220260834  1.166  1.6  11.5  3.3  0.82  180.0  26.8
210220260835  1.169  1.7  11.0  3.3  0.90  181.2  26.8
210220260836  1.174  1.7  11.0  3.3  0.87  176.7  26.9
210220260837  1.178  1.7  9.9  3.3  1.00  183.7  26.9
210220260838  1.181  1.8  8.2  3.3  0.88  183.1  26.9
210220260839  1.184  2.1  7.6  3.5  1.03  183.9  26.9
210220260840  1.189  2.4  8.2  4.3  0.92  184.7  26.9
210220260841  1.191  2.6  10.2  4.3  0.90  183.1  26.9
210220260842  1.197  2.7  9.4  4.6  0.71  178.2  26.9
210220260843  1.201  2.9  8.1  4.6  0.57  184.7  26.9
210220260844  1.204  3.0  5.6  4.6  0.90  179.0  26.9
210220260845  1.208  3.2  4.8  4.9  0.92  183.5  26.9
210220260846  1.212  3.3  4.9  4.9  0.95  184.0  26.9
210220260847  1.217  3.4  4.7  4.9  0.96  184.0  26.9
210220260848  1.220  3.6  5.2  4.9  1.05  181.4  26.9
210220260849  1.224  3.8  5.4  4.9  0.90  180.8  26.9
210220260850  1.228  3.8  4.9  4.9  0.96  182.3  26.9
210220260851  1.233  3.8  4.5  4.9  0.98  181.9  26.9
210220260852  1.237  3.8  4.2  4.9  0.99  183.0  26.9
210220260853  1.241  3.7  4.4  4.9  0.66  191.5  26.9
210220260854  1.246  3.7  5.4  4.9  0.95  182.6  26.9
210220260855  1.250  3.7  5.1  5.2  0.89  184.7  26.9
210220260856  1.255  3.8  4.0  5.2  0.87  179.6  26.9
210220260857  1.260  3.9  3.4  5.2  0.88  182.8  26.8
210220260858  1.264  3.7  5.1  5.2  0.91  185.7  26.8
210220260859  1.269  3.7  7.2  5.2  0.79  181.9  26.8
210220260900  1.272  3.7  9.9  5.4  0.74  181.1  26.8
210220260901  1.277  3.7  13.1  5.4  0.84  181.6  26.8
210220260902  1.280  3.7  19.2  6.1  0.95  177.7  26.8
210220260903  1.285  3.7  27.4  6.2  0.78  172.8  26.8
210220260904  1.289  3.8  33.0  6.2  0.69  175.9  26.8
210220260905  1.293  4.1  36.6  6.4  0.68  174.1  26.8
210220260906  1.297  4.3  39.7  7.0  0.78  173.6  26.8
210220260907  1.300  4.6  41.2  7.0  0.75  171.3  26.8
210220260908  1.303  4.7  40.6  7.0  0.83  180.7  26.8
210220260909  1.307  4.7  41.2  7.0  0.85  177.5  26.8
210220260910  1.310  4.8  41.9  7.0  0.59  193.0  26.8
210220260911  1.314  4.8  42.1  7.0  0.50  176.0  26.8
210220260912  1.317  4.8  38.7  7.0  0.86  177.9  26.8
210220260913  1.321  4.8  35.0  7.0  0.51  175.3  26.8
210220260914  1.324  4.7  35.0  7.0  0.27  205.7  26.8
210220260915  1.326  4.6  36.3  7.0  0.70  170.6  26.8
210220260916  1.328  4.4  37.8  6.9  0.45  180.0  26.8
210220260917  1.330  4.4  38.6  8.3  0.86  178.7  26.8
210220260918  1.332  4.5  38.3  8.3  0.62  166.6  26.8
210220260919  1.335  4.7  40.6  8.3  0.90  175.5  26.8
210220260920  1.338  4.8  41.2  8.3  0.79  171.6  26.8
210220260921  1.340  4.8  41.7  8.3  0.82  174.3  26.8
210220260922  1.344  4.8  43.2  8.3  0.78  182.8  26.8
210220260923  1.346  5.0  43.0  8.3  0.92  180.0  26.8
210220260924  1.348  5.2  40.2  8.3  0.90  182.0  26.8
210220260925  1.351  5.3  39.0  8.3  0.83  174.9  26.8
210220260926  1.353  5.5  38.5  8.3  0.77  175.0  26.8
210220260927  1.357  5.5  40.6  8.4  0.89  178.8  26.8
210220260928  1.360  5.4  40.7  8.4  0.84  176.1  26.8
210220260929  1.364  5.3  40.2  8.4  0.88  178.8  26.8
210220260930  1.366  5.2  40.7  8.4  0.81  180.7  26.8
210220260931  1.369  5.2  41.5  8.4  0.68  172.6  26.8
210220260932  1.373  5.2  42.0  8.4  0.66  177.8  26.8
210220260933  1.376  5.2  44.8  8.4  0.77  179.6  26.8
210220260934  1.380  5.1  46.4  8.4  0.76  185.9  26.8
210220260935  1.385  5.1  46.8  8.4  0.85  187.6  26.8
210220260936  1.389  5.2  46.1  8.4  0.82  182.7  26.8
210220260937  1.394  5.2  43.7  7.9  0.89  178.5  26.8
210220260938  1.399  5.2  44.8  7.9  0.84  178.8  26.8
210220260939  1.402  5.4  44.1  7.9  0.82  177.1  26.8
210220260940  1.406  5.5  43.0  7.9  0.76  175.9  26.8
210220260941  1.410  5.7  42.9  7.9  0.79  179.2  26.8
210220260942  1.413  5.9  43.2  8.2  0.83  174.8  26.8
210220260943  1.417  5.9  41.1  8.2  0.93  178.6  26.8
210220260944  1.422  6.0  41.9  8.2  0.82  175.8  26.8
210220260945  1.426  5.9  44.0  8.2  0.47  189.5  26.8
210220260946  1.429  5.9  45.9  8.2  0.88  175.6  26.8
210220260947  1.432  5.8  47.9  8.2  0.77  174.6  26.8
210220260948  1.436  5.7  47.7  8.2  0.44  180.9  26.8
210220260949  1.439  5.6  47.6  8.2  0.86  179.7  26.8
210220260950  1.441  5.7  49.8  8.3  0.88  177.7  26.8
210220260951  1.443  5.8  50.6  8.3  0.87  175.7  26.8
210220260952  1.446  5.7  50.4  8.3  0.87  179.7  26.8
210220260953  1.449  5.8  52.1  8.6  0.53  177.8  26.8
210220260954  1.452  5.8  52.6  8.6  0.84  179.9  26.8
210220260955  1.455  6.0  53.6  8.6  0.98  177.2  26.8
210220260956  1.457  6.1  54.3  8.6  0.75  174.1  26.8
210220260957  1.459  6.2  54.3  8.6  0.65  182.6  26.8
210220260958  1.460  6.2  54.4  8.6  0.95  177.1  26.8
210220260959  1.465  6.2  55.0  8.6  0.65  185.0  26.8
210220261000  1.468  6.4  56.5  8.6  0.94  181.6  26.8
210220261001  1.471  6.4  56.4  8.6  0.87  178.1  26.8
210220261002  1.474  6.3  55.5  8.6  0.53  188.7  26.7
210220261003  1.476  6.3  55.1  8.6  0.73  190.5  26.7
210220261004  1.476  6.2  55.8  8.6  0.85  184.5  26.7
210220261005  1.479  6.1  54.0  8.6  0.95  183.8  26.7
210220261006  1.480  6.0  54.0  8.6  0.89  183.0  26.7
210220261007  1.482  6.2  54.8  9.0  0.99  181.1  26.7
210220261008  1.485  6.2  55.8  9.0  0.72  185.5  26.7
210220261009  1.485  6.2  56.6  9.0  0.43  195.2  26.7
210220261010  1.487  6.0  53.1  9.0  0.17  208.4  26.7
210220261011  1.490  6.0  52.9  9.0  0.63  184.9  26.7
210220261012  1.492  6.0  53.8  9.0  0.36  168.3  26.7
210220261013  1.494  6.0  52.7  9.0  0.81  177.3  26.7
210220261014  1.495  6.1  51.9  9.0  0.61  180.8  26.7
210220261015  1.496  6.2  51.6  9.0  0.80  175.7  26.7
210220261016  1.498  6.3  51.0  9.0  0.68  179.8  26.7
210220261017  1.500  6.1  50.2  8.5  0.44  200.0  26.7
210220261018  1.502  6.1  50.2  8.5  0.29  227.5  26.7
210220261019  1.503  6.2  49.4  8.5  0.61  194.4  26.7
210220261020  1.504  6.2  49.9  8.5  0.66  180.5  26.7
210220261021  1.504  6.1  49.1  8.5  0.70  185.2  26.7
210220261022  1.504  6.1  50.5  8.5  0.76  185.0  26.8
210220261023  1.504  6.2  50.5  8.5  0.65  176.3  26.7
210220261024  1.504  6.1  49.3  8.5  0.65  182.3  26.7
210220261025  1.504  6.0  49.9  8.3  0.65  179.3  26.7
210220261026  1.503  5.8  50.6  8.3  0.63  174.2  26.7
210220261027  1.504  5.8  51.0  9.1  0.64  174.2  26.7
210220261028  1.502  5.9  53.0  9.1  0.69  179.5  26.7
210220261029  1.501  5.9  55.3  9.1  0.65  181.2  26.7
210220261030  1.501  6.1  55.6  9.1  0.64  179.1  26.7
210220261031  1.500  6.1  56.4  9.1  0.71  176.5  26.7
210220261032  1.498  6.1  55.3  9.1  0.70  177.1  26.7
210220261033  1.498  6.0  57.6  9.1  0.72  181.0  26.7
210220261034  1.496  5.9  59.2  9.1  0.64  176.2  26.7
210220261035  1.495  5.8  59.8  9.1  0.62  175.7  26.6
210220261036  1.494  5.9  59.0  9.1  0.67  179.4  26.6
210220261037  1.493  5.8  58.4  8.8  0.72  174.7  26.6
210220261038  1.492  5.8  56.4  8.6  0.71  182.4  26.6
210220261039  1.491  5.7  54.6  8.5  0.65  171.6  26.6
210220261040  1.490  5.5  56.6  8.5  0.58  173.7  26.6
210220261041  1.490  5.6  57.4  8.5  0.68  176.0  26.6
210220261042  1.490  5.7  58.6  8.8  0.60  171.2  26.6
210220261043  1.489  5.7  58.2  8.8  0.60  173.3  26.6
210220261044  1.489  6.0  59.6  8.8  0.56  174.5  26.6
210220261045  1.488  6.1  61.6  8.8  0.46  171.0  26.6
210220261046  1.488  6.3  63.5  8.8  0.42  169.2  26.6
210220261047  1.488  6.4  63.2  9.4  0.48  176.0  26.6
210220261048  1.488  6.3  63.4  9.4  0.52  171.4  26.6
210220261049  1.490  6.1  63.0  9.4  0.54  181.5  26.6
210220261050  1.490  6.2  62.8  9.4  0.63  175.1  26.6
210220261051  1.490  6.3  63.2  9.4  0.55  186.3  26.6
210220261052  1.490  6.4  63.2  9.4  0.55  179.5  26.6
210220261053  1.491  6.2  62.9  9.4  0.69  181.2  26.6
210220261054  1.491  6.1  60.6  9.4  0.77  180.5  26.6
210220261055  1.491  6.0  57.9  9.4  0.48  183.7  26.6
210220261056  1.491  5.9  56.5  9.4  0.58  177.0  26.6
210220261057  1.491  6.0  56.2  10.0  0.56  178.3  26.6
210220261058  1.489  6.2  55.7  10.0  0.72  183.3  26.6
210220261059  1.489  6.5  55.1  10.0  0.72  180.3  26.6
210220261100  1.487  6.5  54.1  10.0  0.50  173.1  26.6
210220261101  1.485  6.3  51.8  10.0  0.52  180.3  26.6
210220261102  1.484  6.3  51.5  10.0  0.35  181.9  26.6
210220261103  1.483  6.5  50.6  10.0  0.68  181.6  26.6
210220261104  1.482  6.5  51.1  10.0  0.54  173.5  26.6
210220261105  1.480  6.7  51.0  10.0  0.61  174.3  26.5
210220261106  1.479  6.7  50.1  10.0  0.50  172.6  26.5
210220261107  1.476  6.6  50.9  9.5  0.57  177.6  26.5
210220261108  1.474  6.5  51.0  9.5  0.59  170.8  26.5
210220261109  1.473  6.5  51.0  9.5  0.49  173.2  26.5
210220261110  1.471  6.5  51.0  9.5  0.49  164.8  26.5
210220261111  1.469  6.5  53.1  9.5  0.45  168.1  26.5
210220261112  1.467  6.5  54.1  9.5  0.45  167.1  26.5
210220261113  1.465  6.4  55.6  9.1  0.50  176.1  26.5
210220261114  1.464  6.3  55.4  9.1  0.52  171.8  26.5
210220261115  1.461  6.3  55.7  9.1  0.48  176.9  26.5
210220261116  1.459  6.4  55.3  9.1  0.51  179.2  26.5
210220261117  1.457  6.5  55.4  9.6  0.55  185.3  26.5
210220261118  1.457  6.6  54.7  9.6  0.49  182.9  26.5
210220261119  1.457  6.5  55.0  9.6  0.66  183.4  26.5
210220261120  1.457  6.5  54.3  9.6  0.59  184.9  26.5
210220261121  1.456  6.7  53.0  11.0  0.71  184.4  26.5
210220261122  1.455  6.8  51.0  11.0  0.64  180.0  26.5
210220261123  1.454  6.9  49.5  11.0  0.48  186.0  26.5
210220261124  1.453  7.0  48.8  11.0  0.40  179.6  26.6
210220261125  1.453  7.0  48.7  11.0  0.34  183.8  26.6
210220261126  1.452  6.9  50.1  11.0  0.46  178.3  26.6
210220261127  1.452  7.0  51.0  11.0  0.37  164.7  26.6
210220261128  1.451  7.0  53.0  11.0  0.48  178.5  26.5
210220261129  1.450  7.0  54.8  11.0  0.41  180.9  26.5
210220261130  1.450  7.0  56.9  11.0  0.24  192.3  26.5
210220261131  1.450  6.9  57.7  9.7  0.46  169.0  26.5
210220261132  1.448  6.7  57.9  9.7  0.17  182.6  26.5
210220261133  1.447  6.9  60.3  9.7  0.42  171.3  26.5
210220261134  1.446  6.9  61.8  9.7  0.24  153.5  26.5
210220261135  1.444  7.1  62.9  9.7  0.38  162.7  26.4
210220261136  1.441  7.1  62.5  9.7  0.37  174.1  26.5
210220261137  1.441  6.9  62.5  9.7  0.36  191.8  26.4
210220261138  1.438  7.0  62.1  9.7  0.33  169.9  26.4
210220261139  1.435  7.0  61.6  9.7  0.33  159.5  26.4
210220261140  1.432  6.7  60.6  9.7  0.40  168.2  26.4
210220261141  1.428  6.8  61.0  9.7  0.40  177.0  26.4
210220261142  1.425  6.8  61.7  9.7  0.39  175.3  26.4
210220261143  1.420  6.5  62.3  9.7  0.29  174.6  26.4
210220261144  1.417  6.3  63.0  9.7  0.15  162.4  26.4
210220261145  1.414  6.2  64.2  8.9  0.22  184.9  26.4
210220261146  1.410  6.2  65.3  8.9  0.35  165.1  26.4
210220261147  1.406  6.2  65.3  8.9  0.30  174.7  26.4
210220261148  1.401  6.0  64.7  8.9  0.39  179.8  26.4
210220261149  1.396  6.1  63.9  8.9  0.31  172.5  26.4
210220261150  1.390  6.1  64.6  9.0  0.24  163.9  26.4
210220261151  1.387  6.1  64.2  9.0  0.22  169.9  26.4
210220261152  1.381  6.2  64.1  9.0  0.32  175.1  26.4
210220261153  1.377  6.3  63.1  9.0  0.20  182.7  26.4
210220261154  1.371  6.2  63.9  9.0  0.25  161.2  26.4
210220261155  1.366  6.3  65.0  9.7  0.25  176.7  26.4
210220261156  1.363  6.4  64.2  9.7  0.12  140.4  26.4
210220261157  1.359  6.5  63.1  9.7  0.13  186.5  26.5
210220261158  1.354  6.6  64.7  9.7  0.08  127.8  26.5
210220261159  1.351  6.6  65.4  9.7  0.12  85.7  26.5
210220261200  1.347  6.6  65.1  9.7  0.07  61.6  26.5
210220261201  1.343  6.9  65.8  10.8  0.26  20.8  26.5
210220261202  1.340  7.0  67.1  10.8  0.05  82.3  26.5
210220261203  1.336  7.1  67.0  10.8  0.04  178.7  26.5
210220261204  1.332  7.3  66.4  10.8  0.13  41.7  26.5
210220261205  1.329  7.1  64.5  10.8  0.23  32.2  26.5
210220261206  1.327  7.1  63.6  10.8  0.06  21.3  26.5
210220261207  1.322  7.2  65.1  10.8  0.10  34.5  26.5
210220261208  1.318  7.1  64.0  10.8  0.15  21.3  26.5
210220261209  1.317  7.2  64.4  10.8  0.10  29.5  26.5
210220261210  1.312  7.4  65.2  10.8  0.12  6.4  26.5
210220261211  1.309  7.1  64.9  9.8  0.17  17.4  26.5
210220261212  1.304  7.0  63.1  9.8  0.15  0.5  26.5
210220261213  1.301  6.9  62.6  9.8  0.14  5.2  26.5
210220261214  1.296  6.8  61.0  9.8  0.17  2.2  26.5
210220261215  1.293  6.9  60.8  9.8  0.18  349.8  26.5
210220261216  1.289  7.0  61.6  9.6  0.10  33.5  26.5
210220261217  1.284  6.7  61.1  9.6  0.08  10.0  26.5
210220261218  1.280  6.7  60.3  9.6  0.16  6.5  26.5
210220261219  1.274  6.6  58.6  9.6  0.07  6.6  26.5
210220261220  1.268  6.7  55.9  9.5  0.04  266.0  26.5
210220261221  1.266  6.8  54.3  10.6  0.12  31.6  26.5
210220261222  1.261  6.8  53.5  10.6  nan  nan  nan
210220261223  1.255  6.8  52.8  10.6  0.09  331.1  26.5
210220261224  1.251  6.9  54.1  10.6  0.18  329.3  26.5
210220261225  1.244  6.9  54.8  10.6  0.28  10.0  26.5
210220261226  1.239  6.8  55.4  10.6  0.15  12.2  26.5
210220261227  1.236  6.8  54.9  10.6  0.23  7.1  26.5
210220261228  1.232  6.9  57.0  10.6  0.27  1.6  26.5
210220261229  1.227  7.0  58.4  10.6  0.23  8.5  26.5
210220261230  1.224  6.9  59.6  10.6  0.20  340.3  26.5
210220261231  1.219  6.7  60.9  9.7  0.20  359.3  26.5
210220261232  1.217  6.9  63.8  9.7  0.28  4.3  26.6
210220261233  1.214  7.1  63.0  9.9  0.24  2.7  26.6
210220261234  1.211  7.0  62.6  9.9  0.26  11.7  26.6
210220261235  1.207  7.0  62.0  9.9  0.34  6.4  26.6
210220261236  1.203  7.1  59.8  10.3  0.15  10.0  26.6
210220261237  1.200  7.3  58.8  10.3  0.28  20.8  26.6
210220261238  1.196  7.3  56.9  10.3  0.25  14.5  26.6
210220261239  1.194  7.3  54.6  10.3  0.35  26.0  26.7
210220261240  1.190  7.3  54.2  10.3  0.44  28.4  26.7
210220261241  1.187  7.4  54.0  10.3  0.27  19.4  26.7
210220261242  1.183  7.6  52.8  11.8  0.38  27.3  26.7
210220261243  1.180  7.5  53.8  11.8  0.41  21.9  26.8
210220261244  1.176  7.6  54.6  11.8  0.45  22.1  26.8
210220261245  1.171  7.5  53.7  11.8  0.38  27.3  26.8
210220261246  1.167  7.3  55.8  11.8  0.43  19.6  26.9
210220261247  1.164  7.2  56.3  11.8  0.57  9.2  26.9
210220261248  1.161  7.1  57.6  11.8  0.50  5.3  26.9
210220261249  1.157  7.1  58.7  11.8  0.46  4.1  26.9
210220261250  1.154  7.2  59.4  11.8  0.55  9.0  26.9
210220261251  1.150  7.1  59.9  11.8  0.62  0.5  26.9
210220261252  1.145  6.9  60.4  11.0  0.61  7.1  26.9
210220261253  1.141  6.9  60.5  11.0  0.46  7.1  26.9
210220261254  1.135  6.7  60.6  11.0  0.37  8.2  26.9
210220261255  1.129  6.7  61.6  11.0  0.54  0.7  26.9
210220261256  1.125  6.7  62.5  11.0  0.61  8.0  26.9
210220261257  1.120  6.6  62.8  11.0  0.50  16.5  26.8
210220261258  1.115  6.7  62.0  11.0  0.57  12.9  26.8
210220261259  1.111  6.8  63.0  10.1  0.71  11.9  26.8
210220261300  1.106  6.7  62.7  10.0  0.57  10.0  26.8
210220261301  1.100  6.8  63.9  10.0  0.74  15.9  26.7
210220261302  1.093  6.6  64.9  10.0  0.76  17.0  26.7
210220261303  1.088  6.5  66.2  10.0  0.63  17.8  26.8
210220261304  1.082  6.5  66.6  10.0  0.71  19.9  26.8
210220261305  1.078  6.6  67.5  10.0  0.67  16.9  26.8
210220261306  1.074  6.7  68.0  11.1  0.72  14.3  26.8
210220261307  1.069  6.8  67.9  11.1  0.75  12.2  26.8
210220261308  1.064  6.9  67.9  11.1  0.64  2.3  26.8
210220261309  1.061  6.8  68.2  11.1  0.74  11.8  26.8
210220261310  1.056  6.7  68.1  11.1  0.71  14.1  26.8
210220261311  1.053  6.6  67.6  11.1  0.67  13.8  26.8
210220261312  1.049  6.5  65.7  11.1  0.69  16.7  26.8
210220261313  1.043  6.8  64.2  11.1  0.62  16.6  26.9
210220261314  1.040  7.0  63.3  11.1  0.78  16.3  26.9
210220261315  1.036  7.0  62.5  11.1  0.71  16.6  26.9
210220261316  1.032  6.7  59.6  10.1  0.79  15.2  26.9
210220261317  1.029  6.7  60.0  10.1  0.81  8.2  26.9
210220261318  1.026  6.6  59.8  10.1  0.68  9.3  26.9
210220261319  1.022  6.6  58.7  10.1  0.72  11.2  26.9
210220261320  1.017  6.7  59.2  10.1  0.80  6.8  26.9
210220261321  1.012  6.8  59.3  10.1  0.79  5.8  26.9
210220261322  1.007  6.9  59.0  10.1  0.68  4.7  27.0
210220261323  1.003  6.8  57.8  10.2  0.79  5.1  27.0
210220261324  0.999  6.9  55.8  11.0  0.86  2.4  27.0
210220261325  0.995  6.9  54.1  11.0  0.71  359.8  27.0
210220261326  0.990  7.0  54.1  11.0  0.86  4.8  27.0
210220261327  0.985  7.0  52.9  11.0  0.72  8.1  27.0
210220261328  0.979  7.1  53.3  11.0  0.64  358.2  27.1
210220261329  0.974  7.1  53.4  11.0  0.75  5.3  27.1
210220261330  0.968  7.0  52.4  11.0  0.81  4.9  27.1
210220261331  0.963  6.9  49.3  11.0  0.69  0.5  27.1
210220261332  0.957  6.8  49.8  11.0  0.68  2.9  27.1
210220261333  0.952  6.8  50.6  11.0  0.76  2.9  27.1
210220261334  0.946  6.7  52.0  10.2  0.81  359.4  27.1
210220261335  0.940  6.5  51.9  10.2  0.82  3.6  27.2
210220261336  0.933  6.5  51.7  10.2  0.62  4.1  27.1
210220261337  0.927  6.5  51.5  9.7  0.78  2.0  27.1
210220261338  0.920  6.3  50.6  9.7  0.86  359.7  27.1
210220261339  0.913  6.4  50.0  9.7  0.75  3.8  27.1
210220261340  0.907  6.4  49.5  9.7  0.89  6.4  27.1
210220261341  0.900  6.4  50.8  9.7  0.67  8.0  27.1
210220261342  0.891  6.3  49.4  9.7  0.77  6.2  27.1
210220261343  0.884  6.1  47.2  9.1  0.93  4.6  27.1
210220261344  0.877  5.9  48.0  9.1  0.92  6.2  27.1
210220261345  0.870  6.1  49.4  9.1  0.71  12.1  27.1
210220261346  0.863  6.3  49.8  9.4  0.94  8.2  27.1
210220261347  0.857  6.2  50.6  9.4  0.78  10.4  27.1
210220261348  0.851  6.3  51.0  9.4  0.82  10.1  27.1
210220261349  0.845  6.1  51.4  9.4  0.87  10.5  27.1
210220261350  0.839  5.9  52.6  9.4  0.93  9.9  27.1
210220261351  0.835  5.9  52.3  9.4  0.98  12.9  27.1
210220261352  0.828  6.1  53.4  9.4  0.90  18.0  27.1
210220261353  0.824  6.3  56.0  9.4  0.90  17.6  27.1
210220261354  0.818  6.4  53.6  9.4  0.96  12.7  27.1
210220261355  0.814  6.4  54.0  9.4  1.00  17.3  27.1
210220261356  0.809  6.3  54.5  9.1  0.98  14.7  27.1
210220261357  0.804  6.2  53.7  9.1  0.99  15.3  27.2
210220261358  0.798  6.1  54.1  9.1  1.02  14.7  27.2
210220261359  0.794  6.1  54.9  9.1  1.00  17.1  27.2
210220261400  0.789  6.3  55.8  9.1  0.86  17.2  27.2
210220261401  0.785  6.3  57.3  8.6  0.81  18.4  27.2
210220261402  0.780  6.2  56.6  8.6  0.91  15.4  27.2
210220261403  0.776  6.2  57.4  8.8  0.99  16.7  27.3
210220261404  0.771  6.1  59.6  8.8  0.96  16.1  27.3
210220261405  0.766  6.0  59.2  8.8  0.80  18.9  27.3
210220261406  0.761  6.1  60.1  9.9  0.95  16.5  27.3
210220261407  0.756  6.4  59.7  9.9  0.91  20.0  27.3
210220261408  0.750  6.4  58.9  9.9  0.97  21.4  27.3
210220261409  0.746  6.4  56.7  9.9  0.94  23.1  27.4
210220261410  0.742  6.5  55.5  9.9  0.76  21.8  27.4
210220261411  0.736  6.6  54.1  9.9  0.80  19.0  27.4
210220261412  0.732  6.7  54.4  9.9  0.79  18.9  27.4
210220261413  0.726  6.8  53.5  9.9  0.77  23.8  27.4
210220261414  0.722  6.7  52.7  9.9  0.79  26.5  27.4
210220261415  0.716  6.8  52.2  9.9  0.82  20.1  27.4
210220261416  0.710  6.8  51.0  9.9  0.93  19.5  27.4
210220261417  0.704  6.8  50.6  9.7  0.87  20.3  27.4
210220261418  0.698  6.8  50.5  9.7  0.88  18.8  27.4
210220261419  0.692  6.9  51.3  9.7  0.73  17.3  27.5
210220261420  0.686  6.6  51.2  9.7  0.95  16.7  27.5
210220261421  0.680  6.6  51.9  9.7  0.80  23.0  27.5
210220261422  0.675  6.6  51.1  9.7  0.79  19.5  27.5
210220261423  0.670  6.3  49.3  9.7  0.75  21.3  27.5
210220261424  0.665  6.3  47.9  9.7  0.79  22.0  27.5
210220261425  0.660  6.3  46.2  9.7  0.91  19.9  27.5
210220261426  0.655  6.3  45.8  9.9  0.92  16.2  27.5
210220261427  0.650  6.0  45.8  9.9  0.86  22.5  27.5
210220261428  0.646  6.0  45.8  9.9  0.79  18.9  27.5
210220261429  0.641  6.1  45.7  9.9  0.95  16.1  27.5
210220261430  0.635  6.2  45.2  9.9  0.77  19.7  27.5
210220261431  0.629  6.4  45.8  9.9  0.75  20.3  27.6
210220261432  0.625  6.6  48.1  9.9  0.87  19.7  27.6
210220261433  0.621  6.8  49.8  9.9  0.75  25.2  27.6
210220261434  0.617  6.8  50.1  9.9  0.77  22.4  27.6
210220261435  0.614  6.9  50.4  9.9  0.73  21.9  27.6
210220261436  0.608  6.7  49.6  9.7  0.85  18.6  27.6
210220261437  0.604  6.9  49.6  9.7  0.83  19.6  27.6
210220261438  0.600  6.9  49.7  9.7  0.86  22.0  27.6
210220261439  0.594  7.0  50.4  10.0  0.78  24.7  27.6
210220261440  0.591  6.9  51.1  10.0  0.88  23.6  27.6
210220261441  0.587  6.6  49.3  10.0  0.86  22.0  27.6
210220261442  0.583  6.4  47.4  10.0  0.83  20.8  27.6
210220261443  0.578  6.3  46.4  10.0  0.75  25.0  27.6
210220261444  0.575  6.3  47.2  10.0  0.85  23.6  27.6
210220261445  0.570  6.3  50.5  10.0  0.78  20.8  27.6
210220261446  0.566  6.4  52.8  10.0  0.85  21.6  27.6
210220261447  0.561  6.4  54.8  10.0  0.80  23.1  27.6
210220261448  0.557  6.5  55.6  10.0  0.85  22.7  27.7
210220261449  0.552  6.5  55.8  9.5  0.87  17.5  27.6
210220261450  0.547  6.5  56.2  9.5  0.84  22.0  27.6
210220261451  0.542  6.7  57.7  10.3  0.95  20.2  27.6
210220261452  0.537  6.8  59.1  10.3  0.83  23.6  27.6
210220261453  0.534  6.9  59.5  10.3  0.87  20.3  27.6
210220261454  0.530  7.0  59.0  10.3  0.86  20.4  27.6
210220261455  0.525  6.7  57.2  10.3  0.77  23.3  27.6
210220261456  0.521  6.6  55.9  10.3  0.76  20.8  27.6
210220261457  0.516  6.4  53.9  10.3  0.83  20.6  27.6
210220261458  0.512  6.3  52.3  10.3  0.69  23.8  27.6
210220261459  0.507  6.1  50.6  10.3  0.86  21.2  27.6
210220261500  0.502  6.2  48.8  10.3  0.80  22.8  27.6
210220261501  0.498  6.3  47.2  10.1  0.83  20.1  27.6
210220261502  0.493  6.2  45.5  10.1  0.87  20.3  27.6
210220261503  0.487  6.1  45.8  10.1  0.70  21.2  27.7
210220261504  0.483  6.1  46.2  10.1  0.90  21.8  27.7
210220261505  0.479  6.2  47.4  10.1  0.72  25.5  27.7
210220261506  0.474  6.2  47.3  10.1  0.64  27.8  27.7
210220261507  0.469  6.1  47.7  10.1  0.79  20.5  27.7
210220261508  0.464  6.0  48.7  10.1  0.79  18.9  27.7
210220261509  0.459  6.2  50.0  10.1  0.93  16.9  27.7
210220261510  0.454  6.1  51.1  10.1  0.77  20.3  27.7
210220261511  0.448  5.9  52.0  8.7  0.80  20.2  27.7
210220261512  0.443  5.8  53.0  8.7  0.89  19.7  27.7
210220261513  0.437  5.7  52.3  8.7  0.85  19.2  27.7
210220261514  0.433  5.8  52.8  8.7  0.81  23.5  27.7
210220261515  0.429  5.7  52.0  8.6  0.83  23.3  27.7
210220261516  0.425  5.9  51.6  9.2  0.84  21.2  27.7
210220261517  0.420  6.0  50.4  9.2  0.82  19.6  27.7
210220261518  0.415  5.9  49.8  9.2  0.87  21.1  27.7
210220261519  0.411  5.7  50.1  9.2  0.89  20.3  27.7
210220261520  0.406  5.7  49.1  9.2  0.87  22.3  27.7
210220261521  0.401  5.6  48.6  9.2  0.79  21.6  27.7
210220261522  0.396  5.5  47.7  9.2  0.92  21.3  27.7
210220261523  0.391  5.6  47.0  9.2  0.92  19.6  27.8
210220261524  0.386  5.6  46.4  9.2  0.91  24.3  27.8
210220261525  0.382  5.5  46.6  9.2  1.00  18.7  27.8
210220261526  0.377  5.5  47.1  8.5  0.94  18.2  27.8
210220261527  0.371  5.5  48.5  8.5  0.89  15.8  27.8
210220261528  0.364  5.7  49.1  8.5  0.78  18.5  27.8
210220261529  0.358  5.7  48.7  8.5  0.89  16.0  27.8
210220261530  0.353  5.8  50.5  8.5  0.84  23.7  27.8
210220261531  0.347  6.0  52.2  8.5  0.87  18.8  27.8
210220261532  0.343  6.1  52.4  8.5  0.90  17.9  27.8
210220261533  0.337  6.0  51.5  8.5  0.85  18.9  27.8
210220261534  0.333  5.9  52.0  8.5  0.97  19.1  27.8
210220261535  0.328  6.0  51.2  8.5  0.86  19.7  27.8
210220261536  0.323  6.0  50.9  8.7  0.85  17.4  27.8
210220261537  0.319  6.1  50.1  8.7  0.93  19.3  27.8
210220261538  0.313  6.0  50.8  8.7  0.94  19.7  27.8
210220261539  0.308  6.0  52.0  8.7  0.93  17.3  27.8
210220261540  0.304  6.1  52.3  8.8  0.93  19.3  27.8
210220261541  0.301  6.1  51.8  8.8  0.82  19.3  27.9
210220261542  0.296  6.2  53.2  8.8  0.92  19.1  27.9
210220261543  0.293  6.4  54.5  8.8  0.91  17.5  27.9
210220261544  0.290  6.3  53.8  8.8  0.92  17.7  27.9
210220261545  0.288  6.3  54.4  8.8  0.94  19.7  27.9
210220261546  0.285  5.9  55.1  8.8  0.87  22.5  27.9
210220261547  0.282  5.9  56.4  8.8  0.74  26.0  27.9
210220261548  0.280  5.7  55.5  8.8  0.97  16.9  27.9
210220261549  0.277  5.7  54.6  8.8  0.86  20.9  27.9
210220261550  0.274  5.5  53.1  8.3  0.89  19.7  27.9
210220261551  0.271  5.4  52.3  8.3  0.73  22.4  27.9
210220261552  0.268  5.2  52.3  6.8  0.83  17.8  27.9
210220261553  0.266  5.1  52.4  6.8  0.90  18.0  27.9
210220261554  0.263  5.1  53.1  6.8  0.98  20.0  27.9
210220261555  0.260  5.2  53.7  8.9  0.77  20.7  27.9
210220261556  0.258  5.4  54.1  8.9  0.89  18.3  27.9
210220261557  0.257  5.2  55.4  8.9  0.87  20.3  27.9
210220261558  0.254  5.1  56.6  8.9  0.81  22.0  27.9
210220261559  0.251  5.2  56.7  8.9  0.93  19.5  27.9
210220261600  0.247  5.1  57.3  8.9  0.85  18.9  27.9
210220261601  0.244  5.1  58.0  8.9  0.86  19.1  27.9
210220261602  0.240  5.2  57.3  8.9  0.81  21.1  27.9
210220261603  0.236  5.3  55.8  8.9  0.84  21.1  27.9
210220261604  0.232  5.4  57.1  8.9  0.85  20.8  27.9
210220261605  0.228  5.5  58.6  9.1  0.93  20.2  27.9
210220261606  0.225  5.7  57.2  9.3  0.88  20.8  27.9
210220261607  0.219  5.8  55.4  9.3  0.89  17.4  27.9
210220261608  0.214  6.0  53.4  9.3  0.84  19.8  27.9
210220261609  0.211  6.0  53.1  9.3  0.86  19.8  27.9
210220261610  0.206  6.1  53.9  9.3  0.78  16.8  27.9
210220261611  0.202  6.1  54.1  9.3  0.79  21.2  27.9
210220261612  0.199  6.1  54.6  9.3  0.89  19.1  27.9
210220261613  0.196  6.2  55.4  9.3  0.91  18.8  27.9
210220261614  0.192  6.3  53.9  9.3  0.86  19.4  27.9
210220261615  0.191  6.2  51.7  9.3  0.91  23.0  27.9
210220261616  0.188  6.1  51.3  9.2  0.88  18.5  27.9
210220261617  0.186  6.2  50.6  9.2  0.78  19.4  27.9
210220261618  0.184  6.2  50.2  9.2  0.98  19.8  27.9
210220261619  0.182  6.3  50.4  9.4  0.77  21.2  28.0
210220261620  0.181  6.4  49.7  9.4  0.82  19.5  27.9
210220261621  0.180  6.6  48.8  9.4  0.88  21.9  28.0
210220261622  0.180  6.7  46.9  9.4  0.73  21.2  28.0
210220261623  0.178  6.8  47.2  9.4  0.83  19.5  28.0
210220261624  0.177  6.6  47.8  9.4  0.91  20.6  28.0
210220261625  0.176  6.6  48.4  9.4  0.87  17.8  28.0
210220261626  0.174  6.7  50.7  9.4  0.83  19.8  28.0
210220261627  0.172  6.5  51.7  9.4  0.89  18.6  28.0
210220261628  0.171  6.5  53.6  9.4  0.74  17.1  28.0
210220261629  0.169  6.4  53.7  9.4  0.78  18.5  28.0
210220261630  0.169  6.5  53.5  10.3  0.85  19.4  28.0
210220261631  0.167  6.4  53.7  10.3  0.75  23.9  28.0
210220261632  0.166  6.4  55.4  10.3  0.63  20.3  28.0
210220261633  0.166  6.4  55.0  10.3  0.74  20.7  28.0
210220261634  0.165  6.5  55.9  10.3  0.77  23.8  28.0
210220261635  0.163  6.5  55.7  10.3  0.76  19.3  28.0
210220261636  0.161  6.5  55.4  10.3  0.73  26.5  28.0
210220261637  0.159  6.7  54.5  10.3  0.82  22.7  28.0
210220261638  0.158  6.6  53.6  10.3  0.70  21.9  28.0
210220261639  0.157  6.7  53.8  10.3  0.63  29.3  28.0
210220261640  0.156  6.5  56.1  9.3  0.62  28.7  28.0
210220261641  0.154  6.5  56.1  9.3  0.80  28.3  28.0
210220261642  0.152  6.4  56.4  9.3  0.62  23.7  28.0
210220261643  0.149  6.5  57.4  9.3  0.69  21.7  28.0
210220261644  0.147  6.5  56.6  9.3  0.60  21.1  28.0
210220261645  0.145  6.4  55.8  9.3  0.66  17.9  28.0
210220261646  0.143  6.2  53.7  8.9  0.59  25.9  28.0
210220261647  0.141  6.2  53.7  8.9  0.69  25.9  28.1
210220261648  0.140  6.3  54.8  8.9  0.70  26.5  28.1
210220261649  0.138  6.3  54.5  8.9  0.68  19.8  28.1
210220261650  0.137  6.2  51.7  8.9  0.76  22.5  28.1
210220261651  0.134  6.2  51.6  8.9  0.82  24.8  28.1
210220261652  0.134  6.5  50.3  9.8  0.76  25.3  28.1
210220261653  0.132  6.5  48.5  9.8  0.71  24.0  28.1
210220261654  0.131  6.6  47.0  9.8  0.83  22.0  28.1
210220261655  0.128  6.8  47.9  9.8  0.75  18.0  28.1
210220261656  0.128  6.8  47.8  9.8  0.85  18.7  28.1
210220261657  0.126  6.8  48.6  9.8  0.65  14.6  28.1
210220261658  0.124  6.7  47.6  9.8  0.80  16.7  28.1
210220261659  0.124  6.7  47.2  9.8  0.67  19.1  28.1
210220261700  0.121  6.8  47.7  9.8  0.81  20.4  28.1
210220261701  0.121  6.6  48.9  9.8  0.66  17.4  28.1
210220261702  0.121  6.3  49.3  9.8  0.88  14.6  28.1
210220261703  0.122  6.1  51.7  9.8  0.82  13.6  28.1
210220261704  0.121  5.9  53.8  8.7  0.75  7.9  28.1
210220261705  0.120  5.8  54.3  9.2  0.64  5.5  28.1
210220261706  0.121  6.0  56.0  9.5  0.70  9.2  28.1
210220261707  0.121  5.8  54.6  9.5  0.59  21.6  28.1
210220261708  0.121  5.8  56.5  9.5  0.68  16.1  28.1
210220261709  0.121  5.8  57.2  9.5  0.62  12.5  28.1
210220261710  0.121  5.8  56.9  9.5  0.76  13.0  28.1
210220261711  0.121  6.0  56.1  9.7  0.73  9.7  28.1
210220261712  0.123  6.2  55.7  9.7  0.65  6.9  28.1
210220261713  0.122  6.2  54.9  9.7  0.67  7.7  28.1
210220261714  0.123  6.1  55.1  9.7  0.70  11.7  28.1
210220261715  0.123  6.0  54.4  9.7  0.79  4.7  28.1
210220261716  0.124  5.9  54.2  9.7  0.82  11.1  28.1
210220261717  0.126  5.9  55.1  9.7  0.54  10.8  28.1
210220261718  0.128  6.0  53.0  9.7  0.68  6.9  28.1
210220261719  0.131  6.2  52.5  9.7  0.65  6.4  28.1
210220261720  0.133  6.0  53.0  9.7  0.72  3.5  28.1
210220261721  0.137  5.6  52.7  9.4  0.55  1.6  28.1
210220261722  0.139  5.5  53.2  9.4  0.79  4.2  28.1
210220261723  0.141  5.5  52.0  9.4  0.54  3.6  28.1
210220261724  0.144  5.5  50.4  9.4  0.71  2.2  28.1
210220261725  0.146  5.7  52.5  9.7  0.54  5.9  28.1
210220261726  0.148  5.6  52.2  9.7  0.75  359.4  28.1
210220261727  0.150  5.7  52.9  9.7  0.57  357.9  28.1
210220261728  0.152  5.6  53.6  9.7  0.59  359.7  28.1
210220261729  0.153  5.5  53.5  9.7  0.62  0.9  28.1
210220261730  0.157  5.7  54.9  9.7  0.57  355.9  28.1
210220261731  0.159  5.8  55.0  9.7  0.54  0.5  28.1
210220261732  0.162  5.8  53.8  9.7  0.65  3.8  28.1
210220261733  0.163  6.0  53.9  9.7  0.59  358.6  28.1
210220261734  0.166  6.0  53.1  9.7  0.60  356.1  28.2
210220261735  0.167  5.9  50.7  8.9  0.58  356.9  28.2
210220261736  0.170  5.8  49.6  8.9  0.50  2.7  28.2
210220261737  0.172  5.9  48.7  9.8  0.60  357.1  28.2
210220261738  0.174  6.2  48.9  9.8  0.53  357.3  28.2
210220261739  0.176  6.3  48.7  9.8  0.52  357.6  28.2
210220261740  0.180  6.3  47.3  9.8  0.53  357.9  28.2
210220261741  0.185  6.4  46.8  9.8  0.51  357.1  28.2
210220261742  0.188  6.6  46.2  9.8  0.48  0.9  28.2
210220261743  0.192  6.6  45.6  9.8  0.45  5.0  28.2
210220261744  0.196  6.8  46.4  10.5  0.51  6.5  28.2
210220261745  0.199  6.8  47.3  10.5  0.52  4.4  28.2
210220261746  0.202  7.0  48.0  10.5  0.46  358.4  28.2
210220261747  0.206  6.9  48.5  10.5  0.44  1.1  28.2
210220261748  0.208  6.8  47.9  10.5  0.43  353.9  28.2
210220261749  0.211  6.7  47.8  10.5  0.43  358.0  28.2
210220261750  0.213  6.7  46.8  10.5  0.46  357.0  28.2
210220261751  0.216  6.8  47.0  10.5  0.51  359.0  28.2
210220261752  0.221  6.5  48.2  10.5  0.39  359.3  28.2
210220261753  0.225  6.5  51.0  10.5  0.41  4.6  28.2
210220261754  0.229  6.4  51.1  9.6  0.44  7.4  28.2
210220261755  0.234  6.4  51.5  9.6  0.42  7.9  28.2
210220261756  0.238  6.3  53.1  9.6  0.29  10.0  28.2
210220261757  0.242  6.3  53.3  9.6  0.45  4.8  28.2
210220261758  0.248  6.3  52.6  9.6  0.17  349.7  28.2
210220261759  0.251  6.5  53.8  9.6  0.39  0.4  28.2
210220261800  0.255  6.4  54.7  9.6  0.15  341.4  28.2
210220261801  0.258  6.2  54.6  9.6  0.28  355.0  28.2
210220261802  0.261  6.2  54.8  9.6  0.27  359.7  28.2
210220261803  0.266  6.1  53.0  9.1  0.36  356.4  28.2
210220261804  0.270  6.0  52.9  9.1  0.36  14.1  28.2
210220261805  0.274  5.9  53.3  9.1  0.30  8.9  28.2
210220261806  0.277  5.8  52.1  9.1  0.17  4.7  28.2
210220261807  0.281  5.7  51.6  9.1  0.24  357.9  28.2
210220261808  0.284  5.7  53.8  9.1  0.27  1.9  28.2
210220261809  0.286  5.5  54.9  8.1  0.31  14.3  28.2
210220261810  0.288  5.5  55.7  8.1  0.23  5.2  28.2
210220261811  0.291  5.7  57.2  8.8  0.30  7.4  28.2
210220261812  0.294  5.8  56.2  8.8  0.17  22.3  28.2
210220261813  0.296  5.8  55.3  8.8  0.30  10.7  28.2
210220261814  0.299  5.6  56.1  8.8  0.19  7.6  28.2
210220261815  0.301  5.6  55.7  8.8  0.12  10.0  28.2
210220261816  0.305  5.7  55.3  8.9  0.18  6.3  28.2
210220261817  0.309  5.7  54.9  8.9  0.15  11.5  28.2
210220261818  0.311  5.6  55.0  8.9  0.16  29.1  28.2
210220261819  0.316  5.6  52.8  8.9  0.20  0.1  28.2
210220261820  0.317  5.6  52.1  8.9  0.09  44.8  28.2
210220261821  0.320  5.5  49.8  8.9  0.08  7.1  28.2
210220261822  0.321  5.5  51.5  8.9  0.08  37.2  28.2
210220261823  0.322  5.4  52.2  8.9  0.10  10.0  28.2
210220261824  0.324  5.6  51.7  8.9  0.15  345.5  28.2
210220261825  0.326  5.6  52.5  8.9  0.13  20.2  28.2
210220261826  0.327  5.7  52.9  8.4  0.05  26.3  28.2
210220261827  0.328  5.8  54.7  8.4  nan  nan  nan
210220261828  0.330  5.9  54.6  8.4  0.17  353.8  28.2
210220261829  0.331  5.8  54.9  8.4  0.18  34.4  28.2
210220261830  0.334  5.7  55.2  7.9  0.14  23.3  28.2
210220261831  0.336  5.6  57.1  7.9  0.17  15.3  28.2
210220261832  0.338  5.4  56.3  7.9  0.12  6.4  28.2
210220261833  0.341  5.3  57.2  7.9  0.19  13.0  28.2
210220261834  0.343  5.2  58.4  7.9  0.08  337.5  28.2
210220261835  0.344  4.9  57.2  7.9  0.17  352.6  28.2
210220261836  0.346  4.8  56.9  7.9  0.08  12.9  28.2
210220261837  0.348  4.8  57.3  7.9  0.21  11.1  28.2
210220261838  0.351  4.8  57.0  7.9  0.07  347.0  28.2
210220261839  0.355  4.9  55.6  7.9  0.03  327.3  28.2
210220261840  0.359  5.0  55.7  7.9  0.05  185.6  28.2
210220261841  0.362  5.1  56.4  7.9  0.09  357.5  28.2
210220261842  0.364  5.3  56.5  8.9  0.14  3.6  28.2
210220261843  0.368  5.5  56.0  8.9  0.08  336.3  28.2
210220261844  0.370  5.7  54.9  8.9  0.09  306.6  28.2
210220261845  0.374  5.8  55.7  8.9  0.08  208.4  28.2
210220261846  0.378  5.6  55.3  8.9  0.04  187.1  28.2
210220261847  0.381  5.4  53.1  8.9  0.04  328.8  28.2
210220261848  0.386  5.5  52.1  8.9  0.08  287.1  28.2
210220261849  0.393  5.5  53.6  8.9  0.15  227.5  28.2
210220261850  0.399  5.6  52.4  8.9  0.06  190.0  28.2
210220261851  0.404  5.8  50.0  9.3  0.11  275.9  28.2
210220261852  0.411  5.9  48.5  9.3  0.10  328.0  28.2
210220261853  0.418  5.7  48.9  9.3  0.26  204.2  28.2
210220261854  0.425  5.7  49.4  9.3  0.18  231.4  28.2
210220261855  0.431  5.8  48.6  9.3  0.27  196.2  28.2
210220261856  0.438  5.9  49.0  9.3  0.27  192.8  28.2
210220261857  0.444  6.0  49.0  9.3  0.23  191.5  28.2
210220261858  0.452  6.1  49.6  9.3  0.23  196.7  28.1
210220261859  0.459  6.2  50.0  9.3  0.23  196.9  28.1
210220261900  0.465  6.1  50.7  9.3  0.37  195.4  28.1
210220261901  0.471  5.8  52.4  8.8  0.45  190.5  28.1
210220261902  0.478  5.8  53.7  8.8  0.29  187.7  28.1
210220261903  0.485  5.8  53.0  8.8  0.44  194.0  28.1
210220261904  0.490  5.8  52.3  8.8  0.47  195.0  28.1
210220261905  0.496  5.6  51.5  8.8  0.44  190.5  28.1
210220261906  0.500  5.6  51.0  8.8  0.45  190.0  28.0
210220261907  0.505  5.6  52.1  8.8  0.35  188.1  28.0
210220261908  0.510  5.5  52.3  8.1  0.31  190.4  28.0
210220261909  0.514  5.5  53.1  8.1  0.41  186.1  28.0
210220261910  0.521  5.5  53.8  8.1  0.33  194.7  28.0
210220261911  0.527  5.6  53.1  8.8  0.38  191.8  28.0
210220261912  0.534  5.7  53.0  8.8  0.36  196.9  28.0
210220261913  0.541  5.7  53.4  8.8  0.30  190.4  28.0
210220261914  0.547  5.6  53.8  8.8  0.42  197.6  28.0
210220261915  0.553  5.7  55.3  8.8  0.22  186.9  28.0
210220261916  0.558  5.9  56.1  8.8  0.38  187.0  28.0
210220261917  0.564  6.1  56.2  9.0  0.37  203.0  28.0
210220261918  0.570  6.1  56.4  9.0  0.31  198.9  28.0
210220261919  0.576  6.2  55.7  9.0  0.33  186.3  28.0
210220261920  0.582  6.1  55.3  9.0  0.29  194.3  28.0
210220261921  0.587  6.2  54.1  9.0  0.33  191.0  28.0
210220261922  0.592  6.1  54.0  9.0  0.39  194.0  28.0
210220261923  0.597  6.1  53.1  9.0  0.48  188.1  28.0
210220261924  0.602  6.1  52.0  9.0  0.49  188.6  28.0
210220261925  0.607  6.1  51.7  9.0  0.48  180.7  28.0
210220261926  0.612  5.9  51.0  9.0  0.51  178.3  28.0
210220261927  0.618  5.6  50.1  8.7  0.58  182.3  28.0
210220261928  0.622  5.6  49.6  8.7  0.52  176.4  27.9
210220261929  0.628  5.5  49.7  8.0  0.57  180.8  27.9
210220261930  0.633  5.6  49.1  8.1  0.44  181.4  27.9
210220261931  0.638  5.5  49.8  8.1  0.47  176.1  27.9
210220261932  0.643  5.5  50.3  8.2  0.58  178.2  27.9
210220261933  0.649  5.7  51.2  8.2  0.51  178.9  27.9
210220261934  0.653  5.9  51.6  11.0  0.50  172.3  27.9
210220261935  0.657  6.0  49.9  11.0  0.51  176.2  27.9
210220261936  0.663  6.3  50.1  11.0  0.74  183.1  27.9
210220261937  0.669  6.3  50.1  11.0  0.60  174.7  27.9
210220261938  0.674  6.1  48.8  11.0  0.53  173.1  27.9
210220261939  0.680  6.1  47.7  11.0  0.55  174.8  27.9
210220261940  0.684  6.2  47.7  11.0  0.52  173.3  27.9
210220261941  0.688  6.3  47.4  11.0  0.53  174.1  27.9
210220261942  0.694  6.4  47.7  11.0  0.57  177.9  27.9
210220261943  0.700  6.2  47.4  11.0  0.61  184.3  27.9
210220261944  0.704  6.0  47.8  9.3  0.66  181.3  27.9
210220261945  0.708  5.9  48.4  9.3  0.59  177.9  27.9
210220261946  0.712  5.9  48.5  9.3  0.61  178.9  27.9
210220261947  0.717  6.0  49.3  9.3  0.49  181.0  27.9
210220261948  0.721  6.2  52.0  9.3  0.60  178.5  27.9
210220261949  0.726  6.3  51.2  10.1  0.47  177.7  27.9
210220261950  0.730  6.4  50.7  10.1  0.53  182.3  27.9
210220261951  0.734  6.6  51.5  10.2  0.51  173.5  27.9
210220261952  0.739  6.4  51.0  10.2  0.54  174.1  27.9
210220261953  0.741  6.4  51.0  10.2  0.61  175.7  27.9
210220261954  0.744  6.5  50.7  10.2  0.57  179.3  27.9
210220261955  0.748  6.6  52.1  10.2  0.51  176.6  27.9
210220261956  0.751  6.5  51.9  10.2  0.59  177.9  27.9
210220261957  0.755  6.5  51.3  10.2  0.60  182.9  27.9
210220261958  0.758  6.6  49.3  10.2  0.51  179.4  27.9
210220261959  0.760  6.5  50.7  10.2  0.65  177.5  27.9
210220262000  0.763  6.4  51.6  10.2  0.54  177.1  27.9
210220262001  0.768  6.4  51.1  9.3  0.76  177.7  27.9
210220262002  0.771  6.4  50.3  9.3  0.74  181.5  27.9
210220262003  0.775  6.6  50.7  9.3  0.81  175.2  27.9
210220262004  0.780  6.6  51.1  9.3  0.79  176.2  27.9
210220262005  0.785  6.8  51.0  9.8  0.87  171.8  27.9
210220262006  0.789  6.9  50.5  9.8  0.87  177.2  27.9
210220262007  0.792  7.0  50.8  9.9  0.78  175.2  27.9
210220262008  0.797  7.0  52.0  9.9  0.91  172.8  27.9
210220262009  0.802  7.1  53.0  9.9  0.88  174.4  27.9
210220262010  0.807  7.4  54.5  9.9  0.86  172.2  27.9
210220262011  0.810  7.3  55.6  9.9  0.88  171.8  27.9
210220262012  0.816  7.4  57.1  9.9  1.01  170.6  27.9
210220262013  0.821  7.2  57.5  9.9  0.99  172.5  27.9
210220262014  0.826  7.1  57.2  9.9  0.92  169.2  27.8
210220262015  0.831  6.8  57.1  9.9  0.87  171.3  27.8
210220262016  0.836  6.7  57.7  9.9  0.80  166.5  27.8
210220262017  0.841  6.4  57.6  9.5  0.93  170.4  27.8
210220262018  0.846  6.2  57.6  9.5  1.03  171.1  27.8
210220262019  0.851  6.0  57.0  9.5  0.83  168.7  27.8
210220262020  0.857  5.7  54.5  9.2  0.91  170.3  27.9
210220262021  0.861  5.5  53.1  7.9  0.84  168.4  27.9
210220262022  0.868  5.4  51.0  8.4  0.86  168.6  27.9
210220262023  0.873  5.4  49.4  8.4  0.88  173.0  27.9
210220262024  0.877  5.5  49.1  8.4  0.87  169.8  27.9
210220262025  0.884  5.3  48.1  8.4  0.82  173.2  27.9
210220262026  0.890  5.3  47.8  8.4  0.81  169.5  27.9
210220262027  0.895  5.3  47.8  8.4  0.79  174.3  27.9
210220262028  0.900  5.4  47.2  8.4  0.90  178.0  27.9
210220262029  0.907  5.7  47.9  8.8  0.96  177.9  27.9
210220262030  0.913  5.7  48.7  8.8  0.90  175.9  27.8
210220262031  0.920  5.6  47.7  8.8  0.85  178.6  27.8
210220262032  0.926  5.6  47.1  8.8  0.87  174.2  27.8
210220262033  0.933  5.5  46.7  8.8  0.96  174.0  27.8
210220262034  0.939  5.4  47.8  8.8  0.90  174.7  27.8
210220262035  0.947  5.5  48.9  8.8  1.05  178.0  27.8
210220262036  0.954  5.6  50.5  8.8  0.98  180.6  27.8
210220262037  0.962  5.6  50.4  8.8  0.92  178.4  27.8
210220262038  0.972  5.5  49.9  8.8  0.80  186.9  27.8
210220262039  0.980  5.3  48.9  7.8  0.80  191.8  27.8
210220262040  0.986  5.3  49.3  7.8  0.79  197.7  27.8
210220262041  0.994  5.3  51.0  7.8  0.71  187.5  27.8
210220262042  1.001  5.2  51.5  7.8  0.80  183.6  27.8
210220262043  1.007  5.3  52.7  7.8  1.07  187.9  27.8
210220262044  1.014  5.2  52.1  7.8  0.84  181.9  27.8
210220262045  1.020  5.2  51.7  7.8  0.94  183.8  27.8
210220262046  1.027  5.1  49.9  7.8  0.95  184.0  27.8
210220262047  1.036  5.0  49.4  7.8  0.95  181.8  27.8
210220262048  1.042  5.0  48.5  7.8  0.88  179.7  27.8
210220262049  1.048  5.0  47.9  7.2  0.80  179.1  27.8
210220262050  1.054  4.9  46.6  7.2  0.86  180.3  27.8
210220262051  1.060  5.0  45.9  8.4  0.89  181.5  27.8
210220262052  1.065  5.1  46.3  8.4  0.92  183.8  27.8
210220262053  1.070  5.2  46.7  8.4  0.97  181.8  27.8
210220262054  1.074  5.2  46.9  8.4  1.02  185.2  27.8
210220262055  1.079  5.1  47.1  8.4  0.98  181.8  27.8
210220262056  1.083  5.1  47.6  8.4  0.90  181.5  27.8
210220262057  1.087  5.3  47.5  8.4  1.03  185.0  27.8
210220262058  1.092  5.4  47.7  8.4  0.99  183.3  27.8
210220262059  1.095  5.5  48.9  8.4  1.01  181.8  27.8
210220262100  1.100  5.7  51.9  8.7  0.99  184.4  27.8
210220262101  1.104  5.7  53.4  8.7  0.95  176.9  27.8
210220262102  1.108  5.6  54.2  8.7  0.90  180.8  27.7
210220262103  1.113  5.5  53.7  8.7  0.86  181.8  27.7
210220262104  1.117  5.6  53.5  8.7  1.07  182.4  27.8
210220262105  1.121  5.8  52.4  8.7  0.84  186.3  27.8
210220262106  1.126  5.9  51.9  8.8  0.79  186.6  27.7
210220262107  1.130  5.9  52.0  8.9  0.73  179.7  27.7
210220262108  1.135  6.0  52.4  8.9  0.78  181.3  27.7
210220262109  1.140  5.9  51.8  8.9  0.80  184.7  27.7
210220262110  1.143  5.6  49.8  8.9  0.80  182.9  27.7
210220262111  1.148  5.5  48.1  8.9  0.96  181.6  27.7
210220262112  1.152  5.8  48.0  9.6  0.87  180.2  27.7
210220262113  1.154  6.1  48.7  9.6  0.91  181.4  27.7
210220262114  1.159  5.9  48.2  9.6  0.98  181.8  27.7
210220262115  1.162  5.7  48.3  9.6  0.99  181.0  27.7
210220262116  1.165  5.5  49.1  9.6  0.86  182.7  27.7
210220262117  1.169  5.4  48.7  9.6  1.03  176.0  27.7
210220262118  1.174  5.4  47.9  9.6  0.92  178.5  27.7
210220262119  1.178  5.3  47.1  9.6  0.85  178.6  27.7
210220262120  1.182  5.3  46.5  9.6  0.83  180.7  27.7
210220262121  1.186  5.3  46.3  9.6  0.88  177.1  27.7
210220262122  1.189  5.1  45.0  9.3  0.86  179.3  27.6
210220262123  1.192  4.8  42.6  7.4  0.82  177.2  27.6
210220262124  1.194  4.9  42.7  7.4  0.88  178.8  27.6
210220262125  1.198  5.1  43.3  7.4  0.89  175.0  27.6
210220262126  1.201  5.1  42.4  7.4  0.85  178.1  27.6
210220262127  1.202  5.1  43.7  7.4  0.85  176.2  27.5
210220262128  1.206  5.0  45.2  7.3  0.79  170.1  27.5
210220262129  1.209  4.9  46.8  7.9  0.84  174.7  27.5
210220262130  1.213  4.9  46.1  7.9  0.85  173.3  27.5
210220262131  1.216  4.9  46.1  7.9  0.82  172.1  27.5
210220262132  1.219  5.0  47.1  7.9  0.77  173.8  27.5
210220262133  1.223  5.1  48.4  7.9  0.81  176.4  27.5
210220262134  1.226  5.1  49.3  7.9  0.97  177.3  27.5
210220262135  1.229  5.0  50.0  7.9  0.84  176.0  27.5
210220262136  1.232  5.0  49.9  7.9  0.69  173.7  27.5
210220262137  1.235  5.1  48.9  7.9  0.73  177.2  27.5
210220262138  1.238  5.2  47.8  7.9  0.75  176.6  27.5
210220262139  1.241  5.2  47.0  8.4  0.72  180.0  27.4
210220262140  1.243  5.3  47.9  8.4  0.76  180.6  27.4
210220262141  1.248  5.2  47.6  8.4  0.57  178.7  27.4
210220262142  1.251  5.1  47.2  8.4  0.82  180.7  27.4
210220262143  1.254  5.1  45.2  8.4  0.80  182.1  27.4
210220262144  1.259  5.2  43.5  8.6  0.78  180.6  27.4
210220262145  1.262  5.2  43.0  8.6  0.80  182.5  27.4
210220262146  1.263  5.2  43.4  8.6  0.84  180.0  27.5
210220262147  1.267  5.1  43.5  8.6  0.77  175.5  27.5
210220262148  1.270  5.0  43.4  8.6  0.89  181.6  27.5
210220262149  1.273  5.0  43.9  8.6  0.77  177.4  27.5
210220262150  1.277  5.0  45.0  8.6  0.89  175.7  27.5
210220262151  1.280  5.1  46.4  8.6  0.87  177.4  27.5
210220262152  1.283  5.1  47.2  8.6  0.81  180.1  27.5
210220262153  1.287  5.0  49.1  8.6  0.83  179.6  27.4
210220262154  1.288  4.8  50.2  7.0  0.78  176.8  27.4
210220262155  1.292  4.7  48.9  6.8  0.83  176.2  27.4
210220262156  1.295  4.7  47.3  6.8  0.89  177.1  27.4
210220262157  1.298  4.7  48.3  6.8  0.85  175.4  27.5
210220262158  1.301  4.7  48.0  6.8  0.82  172.6  27.4
210220262159  1.306  4.7  45.8  6.8  0.86  177.5  27.4
210220262200  1.309  4.7  43.3  6.8  0.65  172.2  27.4
210220262201  1.313  4.7  42.4  6.2  0.93  177.0  27.4
210220262202  1.317  4.6  41.6  6.2  0.96  177.4  27.4
210220262203  1.320  4.6  41.3  6.2  0.80  175.6  27.4
210220262204  1.323  4.8  41.5  6.2  0.92  179.3  27.4
210220262205  1.328  4.7  42.1  6.2  0.88  176.6  27.4
210220262206  1.330  4.7  42.6  6.2  0.78  172.2  27.4
210220262207  1.333  4.8  41.5  7.3  0.88  174.2  27.4
210220262208  1.338  4.9  42.7  7.3  0.78  169.2  27.4
210220262209  1.341  4.8  44.9  7.3  0.78  167.9  27.4
210220262210  1.344  4.8  47.2  7.3  0.91  178.0  27.4
210220262211  1.349  4.8  47.4  7.3  0.83  175.6  27.4
210220262212  1.351  5.0  47.5  7.3  0.83  174.0  27.4
210220262213  1.355  4.9  46.5  7.3  0.98  177.3  27.4
210220262214  1.357  4.9  45.5  7.3  0.90  175.4  27.4
210220262215  1.362  4.9  45.6  7.3  0.90  174.9  27.4
210220262216  1.366  4.8  46.2  7.3  0.96  173.7  27.4
210220262217  1.370  4.6  46.1  7.1  1.05  174.4  27.4
210220262218  1.374  4.5  44.2  6.7  0.96  175.7  27.4
210220262219  1.378  4.5  42.9  6.7  1.00  177.6  27.4
210220262220  1.380  4.4  42.0  6.7  0.93  174.1  27.4
210220262221  1.383  4.4  42.3  6.7  0.88  175.2  27.4
210220262222  1.387  4.4  42.4  7.6  0.94  177.3  27.4
210220262223  1.392  4.4  43.8  7.6  0.88  178.3  27.4
210220262224  1.395  4.4  45.0  7.6  0.88  183.3  27.4
210220262225  1.400  4.5  45.0  7.6  0.91  182.0  27.4
210220262226  1.403  4.6  45.1  7.6  0.71  179.2  27.4
210220262227  1.406  4.7  46.3  7.8  0.77  179.2  27.4
210220262228  1.410  4.8  47.9  7.8  0.70  181.0  27.4
210220262229  1.412  4.9  47.7  7.8  0.81  181.9  27.4
210220262230  1.415  5.1  46.7  8.6  0.75  174.8  27.4
210220262231  1.417  5.3  46.2  8.6  0.73  180.1  27.4
210220262232  1.420  5.3  46.4  8.6  0.77  178.5  27.4
210220262233  1.422  5.2  47.4  8.6  0.78  178.6  27.3
210220262234  1.423  5.3  47.9  8.6  0.84  178.2  27.3
210220262235  1.425  5.2  48.9  8.6  0.84  184.9  27.3
210220262236  1.426  5.1  49.0  8.6  0.64  179.9  27.3
210220262237  1.428  5.0  48.0  8.6  0.80  181.0  27.3
210220262238  1.430  4.8  46.6  8.6  0.74  178.4  27.4
210220262239  1.431  4.7  47.1  8.6  0.69  177.9  27.4
210220262240  1.432  4.6  48.1  7.4  0.74  182.4  27.4
210220262241  1.433  4.5  47.9  6.8  0.81  181.3  27.3
210220262242  1.435  4.4  47.2  6.5  0.66  181.6  27.3
210220262243  1.436  4.4  45.9  6.5  0.74  181.2  27.3
210220262244  1.437  4.2  44.9  5.6  0.73  183.4  27.3
210220262245  1.439  4.2  44.1  5.6  0.62  181.9  27.3
210220262246  1.439  4.3  43.9  5.6  0.72  185.0  27.3
210220262247  1.440  4.3  44.6  5.6  0.81  181.1  27.3
210220262248  1.441  4.2  45.4  5.4  0.77  182.5  27.3
210220262249  1.442  4.2  43.7  6.3  0.69  179.4  27.3
210220262250  1.444  4.2  43.5  6.3  0.83  180.5  27.3
210220262251  1.445  4.1  43.2  6.3  0.73  178.1  27.3
210220262252  1.446  4.1  44.1  6.3  0.70  183.0  27.3
210220262253  1.445  4.0  44.3  6.3  0.67  179.1  27.3
210220262254  1.447  4.1  44.7  6.3  0.71  176.3  27.3
210220262255  1.448  4.3  44.4  6.8  0.64  173.1  27.2
210220262256  1.448  4.4  44.3  6.8  0.66  175.6  27.2
210220262257  1.449  4.5  44.6  7.8  0.61  178.7  27.2
210220262258  1.449  4.6  44.3  7.8  0.70  173.3  27.2
210220262259  1.449  4.8  45.3  7.8  0.70  173.5  27.2
210220262300  1.450  4.9  44.2  7.8  0.55  165.9  27.2
210220262301  1.450  5.2  44.9  8.5  0.62  170.1  27.2
210220262302  1.451  5.4  44.8  8.5  0.65  168.9  27.1
210220262303  1.451  5.4  44.8  8.5  0.55  169.1  27.1
210220262304  1.451  5.3  45.1  8.5  0.54  169.9  27.1
210220262305  1.452  5.2  46.1  8.5  0.52  166.0  27.1
210220262306  1.452  5.0  46.2  8.5  0.50  174.8  27.1
210220262307  1.452  4.8  46.0  8.5  0.67  175.8  27.1
210220262308  1.451  4.6  47.6  8.5  0.43  171.2  27.1
210220262309  1.450  4.5  49.8  8.5  0.43  176.4  27.0
210220262310  1.449  4.4  51.6  8.5  0.49  162.5  27.0
210220262311  1.449  4.2  52.1  7.0  0.48  166.6  27.0
210220262312  1.449  4.0  50.7  6.6  0.56  168.7  27.0
210220262313  1.448  4.0  50.3  6.6  0.47  163.3  27.0
210220262314  1.447  4.0  49.3  6.6  0.34  153.2  27.0
210220262315  1.446  4.0  48.6  6.6  0.46  171.9  27.0
210220262316  1.445  4.2  48.4  6.6  0.35  165.0  27.0
210220262317  1.443  4.2  48.1  6.6  0.37  164.4  27.0
210220262318  1.441  4.4  46.4  6.6  0.29  160.8  27.0
210220262319  1.440  4.3  43.8  6.6  0.54  167.6  27.0
210220262320  1.439  4.3  42.2  6.3  0.49  165.2  27.0
210220262321  1.437  4.3  41.9  6.3  0.42  161.2  27.0
210220262322  1.435  4.3  42.2  6.3  0.55  169.3  27.0
210220262323  1.434  4.4  41.8  6.3  0.48  167.9  27.0
210220262324  1.432  4.3  41.6  6.3  0.42  166.4  27.0
210220262325  1.431  4.2  41.3  6.3  0.47  169.6  27.0
210220262326  1.429  4.1  40.6  6.3  0.43  167.3  27.0
210220262327  1.429  4.2  40.4  6.3  0.49  165.8  27.0
210220262328  1.427  4.0  40.0  6.3  0.45  157.8  27.0
210220262329  1.426  4.1  40.7  6.3  0.44  162.4  27.0
210220262330  1.426  4.0  40.9  5.8  0.42  158.2  27.0
210220262331  1.425  4.0  41.3  5.8  0.32  166.8  27.0
210220262332  1.424  3.9  43.6  5.8  0.23  166.2  26.9
210220262333  1.421  3.8  43.9  5.8  0.23  157.4  26.9
210220262334  1.419  3.9  45.8  7.0  0.30  180.8  26.9
210220262335  1.417  4.1  46.1  7.0  0.31  171.2  26.9
210220262336  1.417  4.2  47.0  7.0  0.36  179.3  26.9
210220262337  1.416  4.3  46.8  7.0  0.22  170.4  26.9
210220262338  1.414  4.5  46.1  7.0  0.41  174.2  26.9
210220262339  1.413  4.6  46.1  7.7  0.43  179.6  26.9
210220262340  1.411  4.5  46.6  7.7  0.42  177.6  26.9
210220262341  1.409  4.6  45.3  7.7  0.50  178.4  26.9
210220262342  1.408  4.7  43.3  7.7  0.38  182.1  26.9
210220262343  1.407  5.0  42.4  7.7  0.52  189.8  26.9
210220262344  1.405  5.0  40.7  7.7  0.47  183.1  26.9
210220262345  1.404  4.8  39.5  7.7  0.45  176.4  26.9
210220262346  1.402  4.8  38.4  7.7  0.29  159.5  26.9
210220262347  1.401  4.8  38.8  7.7  0.30  174.7  26.9
210220262348  1.400  4.8  38.2  7.7  0.39  172.2  26.9
210220262349  1.399  4.7  37.0  7.5  0.30  170.2  27.0
210220262350  1.399  4.8  35.6  7.5  0.40  165.4  27.0
210220262351  1.399  4.8  34.6  7.5  0.51  173.4  26.9
210220262352  1.398  4.8  34.6  7.5  0.46  178.2  26.9
210220262353  1.398  4.6  35.5  6.7  0.48  178.3  26.9
210220262354  1.399  4.7  36.3  6.7  0.36  173.5  26.9
210220262355  1.399  4.8  36.5  6.7  0.40  176.4  26.9
210220262356  1.398  4.8  37.7  6.7  0.38  176.2  26.9
210220262357  1.396  4.7  36.9  6.7  0.30  164.1  26.9
210220262358  1.395  4.7  38.4  6.7  0.39  173.5  26.9
210220262359  1.395  4.7  38.4  6.7  0.37  167.3  26.9
220220260000  1.393  4.6  39.1  6.1  0.44  173.7  26.9
220220260001  1.393  4.6  39.6  6.1  0.30  156.5  26.9
220220260002  1.392  4.6  39.0  6.1  0.36  163.6  26.9
220220260003  1.390  4.6  38.0  6.1  0.29  156.1  26.9
220220260004  1.389  4.6  38.0  8.4  0.35  163.9  26.9
220220260005  1.387  4.6  37.8  8.4  0.29  165.5  26.9
220220260006  1.385  4.6  36.6  8.4  0.33  159.9  26.9
220220260007  1.382  4.6  37.1  8.4  0.38  164.4  26.9
220220260008  1.381  4.5  37.5  8.4  0.34  160.3  26.9
220220260009  1.377  4.5  38.9  8.4  0.36  160.5  26.9
220220260010  1.376  4.7  38.3  8.4  0.33  161.5  26.9
220220260011  1.373  4.7  39.4  8.4  0.24  157.0  26.9
220220260012  1.370  4.8  39.5  8.4  0.21  161.8  26.9
220220260013  1.366  5.0  39.1  8.5  0.33  170.8  26.9
220220260014  1.362  4.9  38.7  8.5  0.25  160.1  26.9
220220260015  1.359  4.9  40.0  8.5  0.25  156.2  26.9
220220260016  1.356  4.8  40.8  8.5  0.26  151.1  26.9
220220260017  1.352  4.7  39.9  8.5  0.29  152.2  26.9
220220260018  1.350  4.8  38.8  8.5  0.25  165.2  26.9
220220260019  1.347  4.7  38.2  8.5  0.28  164.5  26.9
220220260020  1.345  4.5  38.1  8.5  0.20  150.2  26.8
220220260021  1.342  4.5  36.6  8.5  0.13  148.1  26.8
220220260022  1.340  4.4  36.3  8.5  0.24  168.6  26.8
220220260023  1.339  4.2  35.3  6.9  0.23  161.5  26.8
220220260024  1.337  4.2  34.2  7.0  0.12  103.6  26.8
220220260025  1.335  4.3  32.7  7.0  0.16  152.0  26.8
220220260026  1.331  4.5  32.2  7.0  0.24  162.6  26.8
220220260027  1.330  4.5  33.7  7.0  0.16  151.9  26.8
220220260028  1.326  4.6  33.5  7.0  0.16  168.2  26.8
220220260029  1.325  4.7  33.0  7.0  0.15  147.7  26.8
220220260030  1.322  4.7  33.1  7.0  0.14  171.1  26.8
220220260031  1.318  4.8  32.8  7.0  0.09  73.4  26.8
220220260032  1.316  4.9  33.1  7.0  0.06  132.2  26.8
220220260033  1.313  5.1  32.2  8.6  0.21  45.0  26.8
220220260034  1.309  5.0  32.1  8.6  0.11  125.2  26.8
220220260035  1.306  5.0  31.2  8.6  0.07  147.2  26.8
220220260036  1.302  4.9  29.3  8.6  0.10  74.4  26.8
220220260037  1.298  5.0  26.9  8.6  0.19  14.1  26.8
220220260038  1.294  5.1  26.6  8.6  0.12  49.2  26.8
220220260039  1.290  5.1  24.8  8.6  0.17  27.0  26.8
220220260040  1.286  5.1  24.0  8.6  0.06  10.0  26.8
220220260041  1.281  5.1  23.9  8.6  0.11  28.7  26.8
220220260042  1.277  4.9  23.0  8.6  0.08  44.9  26.8
220220260043  1.273  4.7  23.7  7.2  0.05  81.6  26.8
220220260044  1.269  4.7  23.3  7.2  0.14  24.2  26.8
220220260045  1.264  4.6  24.0  6.2  0.08  359.2  26.8
220220260046  1.259  4.6  25.0  6.2  0.09  20.5  26.8
220220260047  1.254  4.4  25.6  6.0  0.12  355.5  26.8
220220260048  1.251  4.1  25.5  6.0  0.06  2.1  26.8
220220260049  1.245  4.0  27.3  5.6  0.17  11.3  26.8
220220260050  1.242  3.8  28.7  5.6  0.14  10.0  26.8
220220260051  1.237  3.7  29.4  5.6  0.19  358.8  26.8
220220260052  1.232  3.6  29.9  5.6  0.12  339.2  26.8
220220260053  1.227  3.4  29.9  5.5  0.04  108.1  26.8
220220260054  1.223  3.2  28.5  5.4  0.03  49.3  26.8
220220260055  1.219  3.0  28.0  4.5  0.26  8.7  26.8
220220260056  1.215  2.9  27.7  4.5  0.08  4.7  26.8
220220260057  1.211  2.9  26.2  4.5  0.16  357.6  26.8
220220260058  1.208  2.7  28.7  4.5  0.12  359.0  26.8
220220260059  1.202  2.2  31.8  4.1  0.34  7.7  26.8
220220260100  1.198  1.5  30.1  4.3  0.20  346.7  26.8
220220260101  1.194  1.0  30.0  4.3  0.12  345.6  26.8
220220260102  1.190  0.4  37.6  4.8  0.11  331.0  26.8
220220260103  1.186  0.3  186.3  5.3  0.33  4.6  26.8
220220260104  1.183  1.1  195.8  5.3  0.35  352.5  26.8
220220260105  1.178  1.7  200.4  5.3  0.14  352.8  26.8
220220260106  1.175  2.4  201.9  5.3  0.18  350.0  26.8
220220260107  1.170  3.1  201.6  5.3  0.14  2.0  26.8
220220260108  1.166  3.5  204.2  5.3  0.16  357.0  26.9
220220260109  1.162  3.8  206.4  5.3  0.12  343.9  26.9
220220260110  1.157  3.9  205.3  5.3  0.24  340.8  26.9
220220260111  1.152  4.1  204.8  5.3  0.23  351.3  26.9
220220260112  1.147  4.3  205.7  5.3  0.25  358.9  26.9
220220260113  1.142  4.2  206.3  5.0  0.24  10.0  26.9
220220260114  1.138  4.2  206.6  5.0  0.21  11.1  27.0
220220260115  1.134  4.3  207.5  5.3  0.35  11.9  27.0
220220260116  1.129  4.3  207.6  5.3  0.49  11.4  27.0
220220260117  1.125  4.4  207.8  5.3  0.40  17.2  27.0
220220260118  1.121  4.5  208.9  5.5  0.40  13.3  27.0
220220260119  1.118  4.5  210.7  5.7  0.38  10.0  27.0
220220260120  1.114  4.6  212.3  5.9  0.40  6.6  27.0
220220260121  1.110  4.6  214.9  5.9  0.34  11.3  27.0
220220260122  1.105  4.7  215.5  5.9  0.51  8.2  27.1
220220260123  1.101  4.8  216.9  5.9  0.35  350.4  27.1
220220260124  1.097  4.8  218.3  5.9  0.40  4.4  27.0
220220260125  1.094  4.8  218.4  5.9  0.44  8.0  27.0
220220260126  1.091  4.7  218.6  5.9  0.46  0.1  27.0
220220260127  1.088  4.8  218.0  5.9  0.37  4.5  27.0
220220260128  1.084  4.7  216.4  5.9  0.29  11.5  27.0
220220260129  1.081  4.7  215.1  5.9  0.45  10.7  27.0
220220260130  1.078  4.7  213.6  5.8  0.49  11.1  27.0
220220260131  1.075  4.7  211.1  5.7  0.51  2.3  27.0
220220260132  1.073  4.6  210.5  5.7  0.47  6.5  27.0
220220260133  1.069  4.6  208.0  5.7  0.41  3.4  27.0
220220260134  1.066  4.6  205.9  5.7  0.48  5.8  27.0
220220260135  1.062  4.7  204.3  5.7  0.46  12.9  27.0
220220260136  1.057  4.8  204.2  5.8  0.48  12.3  27.0
220220260137  1.054  4.9  204.7  5.8  0.37  10.0  27.0
220220260138  1.049  4.9  206.1  5.8  0.62  10.2  27.0
220220260139  1.045  4.9  206.6  5.8  0.49  13.6  27.0
220220260140  1.041  4.9  207.3  5.8  0.45  6.8  27.0
220220260141  1.036  5.0  207.7  5.8  0.52  15.2  27.0
220220260142  1.032  5.0  208.2  5.8  0.64  12.2  27.0
220220260143  1.026  5.0  209.5  5.8  0.53  16.5  27.0
220220260144  1.021  5.1  210.7  5.8  0.53  10.6  27.0
220220260145  1.015  5.0  212.9  5.8  0.49  8.9  27.0
220220260146  1.009  4.9  214.2  5.7  0.56  17.6  27.0
220220260147  1.004  4.8  213.8  6.0  0.49  13.0  27.0
220220260148  0.999  4.8  213.0  6.0  0.36  13.7  27.0
220220260149  0.994  4.8  212.2  6.0  0.60  15.1  27.0
220220260150  0.990  4.7  211.3  6.0  0.46  9.5  27.0
220220260151  0.986  4.7  209.8  6.0  0.65  11.7  27.0
220220260152  0.983  4.6  207.8  6.0  0.59  10.6  27.0
220220260153  0.979  4.5  206.8  6.0  0.64  5.6  27.0
220220260154  0.975  4.5  205.5  6.0  0.78  11.3  27.0
220220260155  0.971  4.5  204.1  6.0  0.65  2.2  27.0
220220260156  0.966  4.5  203.8  6.0  0.67  8.0  27.0
220220260157  0.961  4.5  205.0  5.7  0.68  6.7  27.0
220220260158  0.957  4.4  206.7  5.7  0.67  7.5  27.0
220220260159  0.953  4.3  208.3  5.4  0.75  2.2  27.0
220220260200  0.949  4.3  208.6  5.4  0.63  7.9  27.1
220220260201  0.945  4.3  209.4  5.4  0.62  3.6  27.1
220220260202  0.941  4.3  211.1  5.4  0.50  11.3  27.1
220220260203  0.936  4.4  210.0  5.4  0.60  7.4  27.1
220220260204  0.931  4.4  209.3  5.7  0.63  359.3  27.1
220220260205  0.927  4.5  209.2  5.7  0.73  2.5  27.1
220220260206  0.922  4.5  207.6  5.7  0.75  2.9  27.1
220220260207  0.918  4.5  206.0  5.7  0.76  0.7  27.1
220220260208  0.913  4.5  204.3  5.7  0.67  354.4  27.1
220220260209  0.908  4.6  203.0  5.7  0.63  354.2  27.1
220220260210  0.902  4.7  204.2  6.0  0.74  1.6  27.1
220220260211  0.898  4.9  205.8  6.2  0.70  4.6  27.1
220220260212  0.893  5.1  207.2  7.1  0.79  359.7  27.1
220220260213  0.888  5.2  209.2  7.1  0.82  0.8  27.1
220220260214  0.883  5.4  211.7  7.1  0.71  0.3  27.1
220220260215  0.880  5.5  213.1  7.1  0.58  0.4  27.1
220220260216  0.876  5.6  215.1  7.1  0.81  356.8  27.1
220220260217  0.870  5.7  217.1  7.1  0.73  358.5  27.1
220220260218  0.866  5.8  218.7  7.1  0.73  0.4  27.1
220220260219  0.860  5.8  220.2  7.1  0.66  357.3  27.1
220220260220  0.854  5.9  219.8  7.1  0.80  357.1  27.1
220220260221  0.848  5.8  220.4  7.1  0.77  359.2  27.1
220220260222  0.843  5.6  220.8  6.9  0.68  358.6  27.1
220220260223  0.838  5.5  220.8  6.8  0.74  1.4  27.1
220220260224  0.833  5.4  219.1  6.4  0.71  358.8  27.1
220220260225  0.828  5.3  218.7  6.3  0.90  6.0  27.1
220220260226  0.824  5.3  218.4  6.3  0.78  6.9  27.1
220220260227  0.817  5.2  217.8  6.3  0.91  9.5  27.1
220220260228  0.812  5.2  217.5  6.3  0.87  10.8  27.1
220220260229  0.806  5.1  217.8  6.3  0.84  9.9  27.1
220220260230  0.801  5.1  219.7  6.3  0.83  5.6  27.1
220220260231  0.796  5.1  220.5  6.3  1.01  9.0  27.1
220220260232  0.791  5.1  220.3  6.3  0.73  8.9  27.1
220220260233  0.786  5.0  221.1  6.3  0.85  10.5  27.1
220220260234  0.782  5.0  222.2  6.3  0.85  10.7  27.1
220220260235  0.777  4.9  222.3  6.3  0.75  9.4  27.1
220220260236  0.772  4.8  222.0  6.3  0.80  13.9  27.1
220220260237  0.768  4.7  222.0  6.3  0.82  16.2  27.1
220220260238  0.764  4.6  221.9  6.3  0.80  13.6  27.2
220220260239  0.758  4.5  221.6  5.6  0.96  14.5  27.2
220220260240  0.753  4.4  220.4  5.3  0.72  15.7  27.2
220220260241  0.749  4.3  219.7  5.3  0.80  10.6  27.2
220220260242  0.744  4.2  219.7  5.3  0.73  13.0  27.2
220220260243  0.739  4.0  220.1  5.0  0.81  15.3  27.2
220220260244  0.735  3.9  221.5  4.9  0.60  20.0  27.2
220220260245  0.730  3.9  222.5  4.9  0.77  17.1  27.2
220220260246  0.726  3.9  224.2  4.9  0.66  18.0  27.2
220220260247  0.722  3.8  225.5  4.8  0.71  15.5  27.2
220220260248  0.718  3.9  225.9  5.3  0.76  14.0  27.2
220220260249  0.713  4.0  225.1  5.7  0.77  14.8  27.2
220220260250  0.710  4.0  224.2  5.7  0.65  15.1  27.2
220220260251  0.705  4.1  222.6  6.0  0.77  13.5  27.2
220220260252  0.700  4.1  220.8  6.0  0.83  14.3  27.2
220220260253  0.697  4.2  218.6  6.0  0.86  13.6  27.2
220220260254  0.693  4.3  216.3  6.0  0.85  11.3  27.2
220220260255  0.689  4.4  214.8  6.0  0.80  15.8  27.2
220220260256  0.685  4.5  212.4  6.5  0.87  11.2  27.2
220220260257  0.682  4.6  209.8  6.5  0.92  6.9  27.2
220220260258  0.678  4.6  208.0  6.5  0.91  8.8  27.2
220220260259  0.674  4.6  207.1  6.5  0.94  7.7  27.2
220220260300  0.670  4.7  205.5  6.5  1.09  9.4  27.2
220220260301  0.665  4.8  203.9  6.5  1.00  9.4  27.2
220220260302  0.659  4.9  203.4  6.5  0.90  5.6  27.2
220220260303  0.654  4.9  202.9  6.5  1.00  8.3  27.2
220220260304  0.649  4.9  202.1  6.5  0.93  5.2  27.2
220220260305  0.643  4.9  201.2  6.5  1.00  9.1  27.2
220220260306  0.639  4.9  200.5  6.1  0.86  9.9  27.3
220220260307  0.635  4.9  200.1  6.1  0.99  7.0  27.3
220220260308  0.630  5.0  200.1  6.1  1.08  9.1  27.3
220220260309  0.626  5.0  200.1  6.1  0.97  6.2  27.3
220220260310  0.622  4.9  201.5  6.1  0.99  9.5  27.3
220220260311  0.619  4.9  203.8  6.0  1.01  8.9  27.3
220220260312  0.614  4.8  205.6  6.0  0.86  6.6  27.3
220220260313  0.610  4.8  207.2  6.0  1.04  11.6  27.3
220220260314  0.607  4.8  209.9  6.0  1.00  9.9  27.3
220220260315  0.603  4.9  212.4  6.0  1.08  8.1  27.3
220220260316  0.601  4.9  214.6  6.0  1.02  9.5  27.3
220220260317  0.598  4.9  216.2  5.9  0.98  9.0  27.3
220220260318  0.594  4.9  217.0  6.2  1.06  9.1  27.3
220220260319  0.592  5.1  217.6  6.9  0.96  10.0  27.3
220220260320  0.589  5.2  217.7  6.9  0.79  9.0  27.3
220220260321  0.585  5.3  217.1  6.9  0.97  7.9  27.3
220220260322  0.580  5.4  216.6  6.9  1.02  11.5  27.3
220220260323  0.578  5.6  216.3  6.9  1.07  10.4  27.3
220220260324  0.574  5.6  215.1  6.9  0.94  10.5  27.3
220220260325  0.571  5.6  213.6  6.9  1.01  9.9  27.3
220220260326  0.567  5.6  212.8  6.9  0.85  12.6  27.3
220220260327  0.564  5.7  212.4  6.9  0.97  10.0  27.3
220220260328  0.561  5.6  211.5  6.9  0.98  10.8  27.3
220220260329  0.558  5.5  211.4  6.7  0.91  12.7  27.3
220220260330  0.554  5.3  211.1  6.5  0.89  12.0  27.3
220220260331  0.551  5.2  210.8  6.5  0.92  10.2  27.3
220220260332  0.549  5.1  210.3  6.0  0.83  9.1  27.3
220220260333  0.547  4.9  210.3  6.0  0.85  11.7  27.3
220220260334  0.545  4.8  211.1  6.0  0.88  8.5  27.3
220220260335  0.540  4.7  212.6  6.0  0.96  7.6  27.3
220220260336  0.536  4.6  214.0  6.0  0.86  7.0  27.3
220220260337  0.533  4.5  215.2  5.7  0.85  4.7  27.3
220220260338  0.530  4.5  216.9  5.7  0.86  8.8  27.3
220220260339  0.527  4.4  216.7  5.7  0.89  11.7  27.3
220220260340  0.524  4.4  216.6  5.7  0.85  10.5  27.3
220220260341  0.521  4.3  216.3  5.4  0.75  8.8  27.3
220220260342  0.518  4.2  215.8  5.3  0.75  7.0  27.3
220220260343  0.515  4.2  214.5  5.0  0.72  4.5  27.3
220220260344  0.510  4.2  212.4  5.0  0.73  5.1  27.3
220220260345  0.508  4.3  211.4  5.0  0.79  6.3  27.3
220220260346  0.505  4.3  210.1  5.0  0.88  9.1  27.3
220220260347  0.501  4.3  208.7  5.1  0.90  8.4  27.3
220220260348  0.498  4.3  208.3  5.1  0.80  6.9  27.3
220220260349  0.496  4.4  208.6  5.2  0.88  8.7  27.3
220220260350  0.492  4.4  208.7  5.3  0.85  7.1  27.3
220220260351  0.488  4.5  209.7  5.4  0.77  8.3  27.3
220220260352  0.485  4.6  210.6  5.4  0.76  10.1  27.3
220220260353  0.482  4.6  211.1  5.4  0.81  7.1  27.3
220220260354  0.478  4.7  211.3  5.4  0.85  9.6  27.3
220220260355  0.474  4.7  209.9  5.4  0.93  5.9  27.3
220220260356  0.469  4.8  209.2  5.4  0.87  7.3  27.3
220220260357  0.465  4.8  209.1  5.4  0.81  5.6  27.3
220220260358  0.460  4.8  208.7  5.4  0.95  6.1  27.3
220220260359  0.457  4.8  208.5  5.4  0.91  9.5  27.3
220220260400  0.453  4.7  208.1  5.4  0.79  6.6  27.3
220220260401  0.451  4.6  208.2  5.3  0.78  10.9  27.3
220220260402  0.448  4.5  208.9  5.3  0.91  5.8  27.3
220220260403  0.445  4.4  210.3  5.3  0.84  2.7  27.3
220220260404  0.444  4.4  212.3  5.3  0.87  6.0  27.3
220220260405  0.441  4.4  215.0  5.3  0.91  8.9  27.3
220220260406  0.438  4.4  217.9  5.4  0.88  4.3  27.3
220220260407  0.436  4.4  219.8  5.4  0.87  3.2  27.3
220220260408  0.434  4.4  221.8  5.4  0.87  9.4  27.3
220220260409  0.431  4.4  223.0  5.4  0.94  6.8  27.3
220220260410  0.431  4.4  224.1  5.4  0.86  6.8  27.3
220220260411  0.428  4.5  223.9  5.4  0.79  8.3  27.3
220220260412  0.426  4.6  223.7  5.6  0.83  4.1  27.3
220220260413  0.424  4.6  223.3  5.9  0.77  4.5  27.3
220220260414  0.421  4.7  222.5  5.9  0.80  6.7  27.3
220220260415  0.416  4.7  221.1  5.9  0.89  3.6  27.3
220220260416  0.413  4.8  219.7  6.0  0.84  5.5  27.3
220220260417  0.411  4.9  218.8  6.0  0.74  1.1  27.3
220220260418  0.408  5.1  217.8  6.2  0.80  2.8  27.3
220220260419  0.406  5.2  217.1  6.2  0.82  3.7  27.3
220220260420  0.402  5.3  217.3  6.6  0.85  4.2  27.3
220220260421  0.398  5.3  217.4  6.6  0.96  0.9  27.4
220220260422  0.393  5.4  217.3  6.6  0.79  4.2  27.4
220220260423  0.389  5.4  217.3  6.6  0.80  6.1  27.4
220220260424  0.385  5.4  217.2  6.6  0.89  4.1  27.4
220220260425  0.382  5.3  218.0  6.6  0.86  2.3  27.4
220220260426  0.379  5.3  218.1  6.6  0.80  7.3  27.4
220220260427  0.376  5.2  218.4  6.6  0.84  2.1  27.4
220220260428  0.371  5.2  219.1  7.0  0.88  3.3  27.4
220220260429  0.368  5.3  220.1  7.0  0.86  5.3  27.4
220220260430  0.366  5.3  220.9  7.0  0.84  4.7  27.4
220220260431  0.362  5.3  222.0  7.0  0.77  5.2  27.4
220220260432  0.358  5.3  222.8  7.0  0.82  3.9  27.4
220220260433  0.354  5.5  223.5  7.0  0.82  4.4  27.4
220220260434  0.351  5.5  224.3  7.0  0.79  5.9  27.4
220220260435  0.347  5.7  223.3  7.0  0.76  4.3  27.4
220220260436  0.346  5.8  222.9  7.0  0.86  6.7  27.4
220220260437  0.344  5.9  222.1  7.0  0.81  359.3  27.4
220220260438  0.343  5.9  220.9  7.2  0.83  1.5  27.4
220220260439  0.341  5.9  220.3  7.2  0.91  4.0  27.4
220220260440  0.338  5.9  218.7  7.2  0.81  3.9  27.4
220220260441  0.336  5.8  216.7  7.2  0.87  4.8  27.4
220220260442  0.334  5.9  215.7  7.2  0.79  3.7  27.4
220220260443  0.332  5.9  214.7  7.2  0.93  5.6  27.4
220220260444  0.332  5.9  213.9  7.2  0.85  7.6  27.4
220220260445  0.331  5.9  214.3  7.2  0.89  7.9  27.4
220220260446  0.328  6.0  214.8  7.2  0.73  5.7  27.4
220220260447  0.328  6.0  215.5  7.2  0.84  5.5  27.4
220220260448  0.327  6.0  216.9  7.0  0.78  0.8  27.4
220220260449  0.324  6.0  216.7  7.0  0.77  4.5  27.4
220220260450  0.323  6.1  218.0  7.0  0.84  1.6  27.4
220220260451  0.322  6.2  218.8  7.0  0.79  1.5  27.4
220220260452  0.322  6.2  218.8  7.0  0.89  6.0  27.4
220220260453  0.320  6.1  218.4  7.0  0.72  0.5  27.4
220220260454  0.321  6.1  218.6  7.0  0.73  4.8  27.4
220220260455  0.320  6.1  218.1  7.1  0.83  2.7  27.4
220220260456  0.319  6.1  217.5  7.1  0.74  4.3  27.4
220220260457  0.318  6.0  217.2  7.1  0.83  4.4  27.4
220220260458  0.317  5.8  215.7  7.1  0.74  4.8  27.4
220220260459  0.316  5.8  214.4  7.1  0.73  1.4  27.4
220220260500  0.315  5.7  211.8  7.1  0.78  357.8  27.4
220220260501  0.313  5.6  210.8  7.1  0.74  4.4  27.4
220220260502  0.313  5.6  210.5  7.1  0.76  3.5  27.4
220220260503  0.311  5.6  210.1  7.1  0.79  7.5  27.4
220220260504  0.310  5.5  209.6  7.1  0.71  4.0  27.4
220220260505  0.309  5.4  209.8  7.1  0.75  1.9  27.4
220220260506  0.307  5.4  209.9  7.1  0.83  6.0  27.4
220220260507  0.306  5.4  209.1  7.1  0.73  2.4  27.4
220220260508  0.305  5.6  208.4  7.1  0.80  1.9  27.4
220220260509  0.306  5.7  207.6  7.1  0.71  3.7  27.4
220220260510  0.305  5.7  206.8  7.1  0.76  1.6  27.4
220220260511  0.306  5.8  204.8  7.2  0.72  0.9  27.4
220220260512  0.307  5.9  203.0  7.2  0.78  3.2  27.4
220220260513  0.309  6.0  202.1  7.2  0.73  2.1  27.4
220220260514  0.308  6.1  201.3  7.2  0.63  4.7  27.4
220220260515  0.308  6.2  199.3  7.2  0.63  2.9  27.4
220220260516  0.308  6.4  196.8  7.2  0.72  0.3  27.4
220220260517  0.309  6.4  195.4  7.2  0.73  2.3  27.4
220220260518  0.310  6.4  194.7  7.2  0.70  3.3  27.4
220220260519  0.311  6.3  195.2  7.2  0.64  359.4  27.4
220220260520  0.312  6.3  197.0  7.2  0.63  5.2  27.4
220220260521  0.313  6.3  197.6  7.1  0.55  1.1  27.4
220220260522  0.312  6.2  197.3  7.1  0.56  2.4  27.4
220220260523  0.313  6.1  197.0  7.1  0.51  5.1  27.4
220220260524  0.313  6.1  196.5  7.1  0.51  358.1  27.4
220220260525  0.313  6.0  197.4  7.1  0.65  358.3  27.4
220220260526  0.315  5.9  198.5  7.0  0.66  7.0  27.4
220220260527  0.319  5.9  198.9  7.0  0.64  4.8  27.4
220220260528  0.321  6.0  199.1  7.0  0.65  3.7  27.4
220220260529  0.323  6.0  198.7  7.0  0.45  352.5  27.4
220220260530  0.325  6.1  197.0  6.9  0.68  356.7  27.4
220220260531  0.327  6.1  197.3  7.3  0.57  1.5  27.4
220220260532  0.330  6.1  198.2  7.3  0.55  359.0  27.4
220220260533  0.331  6.2  199.3  7.3  0.48  6.1  27.4
220220260534  0.333  6.1  199.8  7.3  0.57  359.2  27.4
220220260535  0.334  6.0  201.1  7.3  0.51  360.0  27.4
220220260536  0.336  6.0  203.9  7.3  0.68  358.0  27.4
220220260537  0.337  5.9  206.3  7.3  0.73  2.2  27.4
220220260538  0.338  5.9  207.8  7.3  0.50  354.8  27.4
220220260539  0.338  5.7  208.8  7.3  0.50  355.9  27.4
220220260540  0.338  5.5  210.5  7.3  0.55  359.6  27.4
220220260541  0.338  5.3  211.8  6.9  0.56  4.0  27.4
220220260542  0.338  5.1  212.8  6.9  0.58  2.8  27.4
220220260543  0.340  5.0  213.5  6.5  0.48  0.9  27.4
220220260544  0.341  4.9  214.5  6.4  0.53  2.6  27.4
220220260545  0.341  4.9  214.6  6.4  0.49  356.6  27.4
220220260546  0.340  4.7  213.9  6.4  0.49  5.4  27.4
220220260547  0.340  4.6  213.3  6.3  0.50  356.8  27.4
220220260548  0.339  4.4  213.2  5.6  0.41  358.1  27.4
220220260549  0.338  4.4  215.1  5.6  0.51  359.5  27.4
220220260550  0.339  4.4  216.4  5.6  0.54  358.8  27.4
220220260551  0.339  4.4  216.1  5.6  0.47  358.6  27.4
220220260552  0.339  4.4  215.6  5.6  0.61  5.1  27.4
220220260553  0.339  4.5  214.5  7.0  0.51  357.3  27.4
220220260554  0.338  4.5  214.2  7.0  0.57  1.6  27.4
220220260555  0.337  4.5  213.5  7.0  0.49  2.9  27.4
220220260556  0.336  4.7  212.4  7.0  0.46  8.1  27.4
220220260557  0.336  4.9  211.7  7.0  0.53  357.6  27.4
220220260558  0.335  4.9  212.2  7.0  0.54  357.0  27.4
220220260559  0.336  5.0  211.2  7.0  0.57  359.4  27.4
220220260600  0.336  5.1  211.2  7.0  0.43  357.6  27.4
220220260601  0.337  5.1  212.6  7.0  0.41  357.9  27.4
220220260602  0.338  5.1  214.2  7.0  0.39  1.1  27.4
220220260603  0.338  5.0  215.9  6.2  0.49  3.4  27.4
220220260604  0.340  4.9  216.8  6.1  0.46  359.4  27.4
220220260605  0.341  4.8  217.7  6.1  0.39  4.5  27.4
220220260606  0.342  4.8  218.0  6.1  0.45  1.2  27.4
220220260607  0.343  4.7  219.0  5.8  0.53  356.7  27.4
220220260608  0.344  4.6  218.7  5.4  0.56  0.6  27.4
220220260609  0.346  4.5  218.5  5.4  0.52  2.9  27.4
220220260610  0.349  4.5  217.6  5.3  0.43  356.3  27.4
220220260611  0.352  4.5  217.2  5.4  0.43  357.1  27.4
220220260612  0.356  4.5  216.8  5.4  0.38  359.0  27.4
220220260613  0.359  4.6  216.4  5.5  0.40  358.0  27.5
220220260614  0.361  4.6  216.2  5.5  0.35  6.2  27.5
220220260615  0.363  4.6  215.4  5.5  0.31  352.6  27.5
220220260616  0.365  4.6  213.9  5.5  0.39  8.0  27.4
220220260617  0.369  4.6  211.6  5.5  0.40  1.6  27.5
220220260618  0.372  4.7  209.0  6.0  0.41  352.5  27.5
220220260619  0.375  4.8  206.6  6.1  0.40  2.9  27.5
220220260620  0.380  4.9  205.8  6.2  0.35  356.6  27.5
220220260621  0.383  5.0  204.9  6.6  0.38  357.6  27.5
220220260622  0.386  5.1  205.1  6.6  0.37  349.6  27.5
220220260623  0.388  5.2  204.9  6.6  0.42  2.3  27.5
220220260624  0.391  5.3  204.8  6.6  0.35  357.8  27.5
220220260625  0.395  5.3  205.4  6.6  0.36  354.1  27.5
220220260626  0.397  5.4  207.6  6.6  0.25  350.7  27.5
220220260627  0.401  5.5  210.3  6.6  0.31  348.9  27.5
220220260628  0.405  5.5  213.6  6.6  0.25  348.7  27.5
220220260629  0.406  5.5  217.0  6.6  0.21  357.4  27.5
220220260630  0.409  5.5  218.7  6.6  0.23  357.3  27.5
220220260631  0.413  5.4  219.8  6.6  0.24  358.3  27.5
220220260632  0.418  5.4  220.5  6.6  0.16  337.1  27.5
220220260633  0.422  5.3  220.1  6.4  0.19  7.7  27.5
220220260634  0.427  5.3  219.9  6.4  0.08  25.8  27.5
220220260635  0.432  5.3  219.3  6.4  0.17  359.2  27.5
220220260636  0.436  5.2  218.1  6.4  0.03  346.8  27.5
220220260637  0.441  5.2  217.2  6.4  0.09  348.4  27.5
220220260638  0.445  5.2  216.5  6.4  0.03  73.4  27.5
220220260639  0.450  5.1  214.8  6.4  0.04  215.2  27.5
220220260640  0.454  5.1  213.8  6.4  0.06  247.8  27.5
220220260641  0.459  5.0  213.8  6.4  0.07  242.1  27.5
220220260642  0.463  5.0  212.1  5.8  0.03  322.3  27.5
220220260643  0.467  4.9  212.2  5.7  0.12  280.0  27.5
220220260644  0.471  4.8  211.9  5.7  0.10  234.2  27.5
220220260645  0.476  4.7  212.5  5.7  0.12  226.3  27.5
220220260646  0.481  4.8  213.4  5.8  0.15  257.2  27.5
220220260647  0.486  4.8  213.6  5.8  0.16  216.3  27.5
220220260648  0.491  4.8  213.2  5.8  0.16  228.7  27.4
220220260649  0.495  4.9  213.4  6.4  0.19  220.6  27.4
220220260650  0.499  4.9  213.6  6.4  0.22  202.5  27.4
220220260651  0.502  4.9  212.7  6.4  0.32  197.0  27.4
220220260652  0.507  4.9  212.8  6.4  0.28  214.2  27.4
220220260653  0.513  5.0  212.4  6.4  0.43  191.8  27.4
220220260654  0.520  5.1  211.8  6.4  0.28  204.4  27.4
220220260655  0.525  5.2  212.0  6.4  0.31  186.4  27.4
220220260656  0.530  5.3  211.1  6.5  0.31  187.9  27.4
220220260657  0.535  5.3  210.5  6.5  0.41  193.2  27.4
220220260658  0.539  5.3  210.9  6.5  0.43  198.2  27.4
220220260659  0.544  5.3  210.6  6.5  0.39  190.0  27.3
220220260700  0.549  5.4  210.0  6.5  0.48  189.3  27.3
220220260701  0.553  5.5  209.6  6.5  0.41  184.9  27.3
220220260702  0.556  5.5  210.2  6.5  0.42  187.9  27.3
220220260703  0.558  5.5  210.7  6.5  0.26  187.0  27.3
220220260704  0.562  5.6  212.4  6.6  0.28  178.8  27.3
220220260705  0.564  5.5  212.4  6.6  0.30  182.8  27.3
220220260706  0.566  5.3  212.6  6.6  0.29  182.6  27.3
220220260707  0.569  5.3  214.3  6.6  0.27  176.6  27.3
220220260708  0.572  5.3  215.1  6.6  0.27  169.1  27.3
220220260709  0.575  5.2  216.2  6.6  0.26  184.8  27.3
220220260710  0.580  5.1  216.9  6.6  0.26  182.7  27.3
220220260711  0.583  5.1  217.7  6.6  0.26  179.3  27.3
220220260712  0.586  5.1  216.6  6.6  0.29  181.9  27.3
220220260713  0.587  5.0  215.6  6.6  0.28  187.6  27.3
220220260714  0.589  4.9  213.1  6.2  0.34  184.1  27.3
220220260715  0.591  4.9  212.1  6.2  0.22  191.0  27.3
220220260716  0.594  4.8  211.6  6.2  0.22  190.0  27.3
220220260717  0.599  4.8  209.5  6.2  0.30  187.8  27.3
220220260718  0.600  4.7  207.7  6.2  0.21  188.9  27.3
220220260719  0.602  4.7  206.1  6.2  0.33  177.0  27.3
220220260720  0.605  4.8  205.4  6.2  0.30  189.3  27.3
220220260721  0.609  4.7  204.7  6.2  0.30  190.4  27.3
220220260722  0.611  4.6  205.2  6.2  0.41  183.7  27.3
220220260723  0.615  4.5  205.5  6.2  0.34  173.6  27.3
220220260724  0.619  4.4  207.3  6.2  0.41  170.1  27.3
220220260725  0.620  4.4  208.4  6.2  0.31  186.4  27.3
220220260726  0.624  4.3  209.3  6.2  0.38  177.1  27.2
220220260727  0.626  4.3  210.0  6.0  0.41  181.2  27.2
220220260728  0.629  4.2  210.5  6.0  0.33  174.9  27.2
220220260729  0.632  4.2  212.0  5.0  0.44  175.5  27.2
220220260730  0.638  4.1  213.2  5.0  0.29  177.3  27.2
220220260731  0.643  4.1  212.9  5.0  0.38  180.5  27.2
220220260732  0.648  4.1  213.4  5.0  0.36  180.8  27.2
220220260733  0.653  4.1  214.1  5.0  0.32  182.3  27.2
220220260734  0.658  4.1  211.5  5.5  0.27  182.2  27.2
220220260735  0.664  4.1  210.3  5.5  0.41  181.6  27.2
220220260736  0.668  4.1  209.5  5.5  0.43  179.1  27.2
220220260737  0.673  4.1  208.3  5.5  0.42  184.2  27.2
220220260738  0.676  4.1  206.9  5.5  0.25  177.7  27.2
220220260739  0.678  4.1  206.5  5.5  0.46  183.7  27.2
220220260740  0.682  4.0  204.5  5.5  0.48  181.6  27.2
220220260741  0.685  4.0  205.5  5.5  0.36  183.4  27.2
220220260742  0.687  4.0  203.8  5.5  0.40  177.8  27.2
220220260743  0.689  4.0  202.2  5.5  0.43  177.6  27.2
220220260744  0.689  3.9  202.9  5.1  0.42  181.5  27.2
220220260745  0.691  3.9  202.1  5.1  0.39  179.7  27.2
220220260746  0.692  4.0  200.6  5.5  0.37  177.9  27.2
220220260747  0.695  4.0  200.0  5.5  0.41  183.4  27.2
220220260748  0.695  3.9  200.1  5.5  0.44  179.7  27.2
220220260749  0.697  3.9  197.8  5.5  0.36  182.5  27.2
220220260750  0.699  4.0  197.8  5.7  0.47  176.5  27.2
220220260751  0.701  4.1  195.8  5.7  0.44  178.4  27.2
220220260752  0.705  4.2  194.4  5.7  0.45  186.3  27.2
220220260753  0.710  4.3  194.7  6.9  0.45  183.3  27.2
220220260754  0.714  4.4  194.9  6.9  0.52  186.8  27.2
220220260755  0.716  4.5  194.9  6.9  0.34  188.7  27.2
220220260756  0.720  4.5  195.4  6.9  0.42  185.8  27.2
220220260757  0.723  4.5  196.9  6.9  0.45  175.4  27.2
220220260758  0.727  4.5  198.4  6.9  0.45  177.4  27.2
220220260759  0.731  4.6  199.8  6.9  0.54  174.5  27.2
220220260800  0.734  4.5  201.9  6.9  0.66  181.3  27.2
220220260801  0.738  4.3  204.4  6.9  0.65  179.7  27.2
220220260802  0.742  4.3  208.3  6.9  0.83  180.2  27.2
220220260803  0.745  4.1  210.6  6.0  0.68  178.8  27.2
220220260804  0.749  4.0  213.0  5.4  0.67  174.4  27.2
220220260805  0.753  3.8  214.2  5.1  0.82  177.7  27.2
220220260806  0.757  3.8  213.9  5.0  0.88  175.7  27.2
220220260807  0.763  3.8  212.0  5.1  0.80  175.6  27.2
220220260808  0.767  3.8  209.5  5.5  0.75  171.8  27.2
220220260809  0.773  3.9  207.9  5.5  0.81  170.5  27.2
220220260810  0.778  3.9  206.2  5.5  0.80  169.6  27.2
220220260811  0.785  3.8  204.9  5.5  0.87  172.6  27.2
220220260812  0.790  3.8  204.0  5.5  0.81  168.6  27.2
220220260813  0.795  3.8  205.1  5.5  0.89  170.6  27.2
220220260814  0.800  3.9  205.7  5.5  0.82  170.4  27.2
220220260815  0.805  3.9  206.7  5.5  0.77  168.6  27.2
220220260816  0.810  4.0  209.1  5.5  0.82  168.5  27.2
220220260817  0.816  4.0  210.7  5.5  0.97  172.3  27.2
220220260818  0.821  3.9  212.4  5.2  0.90  171.2  27.2
220220260819  0.826  3.9  213.7  5.1  0.83  168.0  27.2
220220260820  0.832  3.7  213.4  5.1  0.85  171.6  27.2
220220260821  0.838  3.6  211.6  5.1  1.01  174.8  27.2
220220260822  0.844  3.5  210.4  5.1  0.85  170.7  27.2
220220260823  0.849  3.3  208.3  5.1  0.79  169.3  27.2
220220260824  0.853  3.2  207.1  5.3  0.84  170.2  27.2
220220260825  0.860  3.2  207.2  5.3  0.79  163.5  27.2
220220260826  0.864  3.0  204.4  5.3  0.93  170.8  27.2
220220260827  0.871  2.5  197.3  5.3  0.87  165.2  27.2
220220260828  0.877  2.2  186.8  5.3  0.93  171.1  27.2
220220260829  0.883  1.9  173.8  5.3  1.01  170.2  27.2
220220260830  0.889  1.7  166.3  5.3  0.93  168.0  27.2
220220260831  0.894  1.5  161.6  5.3  0.79  164.9  27.2
220220260832  0.900  1.5  156.4  5.3  0.89  168.8  27.2
220220260833  0.905  1.3  153.8  5.3  0.87  174.6  27.2
220220260834  0.911  1.4  139.0  4.3  0.65  171.0  27.2
220220260835  0.917  1.4  126.2  3.5  0.97  173.3  27.2
220220260836  0.923  1.6  119.5  3.5  0.94  170.3  27.2
220220260837  0.929  1.6  125.9  3.5  0.85  170.4  27.2
220220260838  0.934  1.6  134.3  4.0  0.92  177.1  27.2
220220260839  0.938  1.5  140.7  4.0  0.95  174.5  27.2
220220260840  0.943  1.4  134.8  4.0  0.82  171.2  27.2
220220260841  0.948  1.4  127.8  4.0  0.91  168.7  27.2
220220260842  0.953  1.6  122.9  4.0  0.84  168.4  27.2
220220260843  0.956  1.9  122.3  4.0  0.87  174.4  27.2
220220260844  0.962  2.0  124.4  4.0  0.95  174.8  27.1
220220260845  0.967  2.0  123.6  4.0  0.82  169.4  27.1
220220260846  0.971  2.1  120.3  4.0  1.02  175.8  27.1
220220260847  0.975  2.1  119.1  4.6  0.90  175.7  27.1
220220260848  0.979  2.1  117.4  4.6  0.75  168.6  27.1
220220260849  0.983  2.2  117.8  4.6  0.80  170.7  27.1
220220260850  0.986  2.5  126.4  5.1  0.67  171.1  27.1
220220260851  0.991  2.5  132.3  5.1  0.86  173.8  27.1
220220260852  0.994  2.4  134.4  5.1  0.85  176.4  27.1
220220260853  1.000  2.5  132.3  5.1  0.71  171.9  27.1
220220260854  1.003  2.6  129.7  5.1  0.80  168.6  27.1
220220260855  1.008  2.7  131.0  5.3  0.90  169.7  27.1
220220260856  1.011  2.7  133.5  5.3  0.75  170.9  27.1
220220260857  1.016  2.8  133.4  5.3  0.88  173.4  27.1
220220260858  1.018  2.9  132.9  5.3  0.85  173.0  27.1
220220260859  1.020  2.9  135.8  5.3  0.81  171.5  27.1
220220260900  1.022  2.7  134.0  5.3  0.83  174.9  27.1
220220260901  1.024  2.8  132.9  5.3  0.94  175.5  27.1
220220260902  1.027  3.0  136.1  5.3  0.94  175.6  27.1
220220260903  1.029  2.9  135.9  5.3  1.00  178.0  27.1
220220260904  1.031  2.9  133.5  5.3  0.76  176.3  27.1
220220260905  1.032  2.9  129.7  5.0  0.86  172.3  27.1
220220260906  1.035  2.9  130.7  5.0  1.00  177.1  27.1
220220260907  1.037  2.9  127.7  5.2  0.94  176.6  27.1
220220260908  1.039  3.0  127.5  5.5  0.86  177.3  27.1
220220260909  1.041  3.2  123.8  6.3  0.90  176.4  27.1
220220260910  1.043  3.4  124.4  6.3  0.94  175.1  27.1
220220260911  1.044  3.5  125.7  6.3  0.75  177.6  27.2
220220260912  1.048  3.6  125.2  6.3  0.66  178.9  27.2
220220260913  1.051  3.6  127.2  6.3  0.63  173.4  27.1
220220260914  1.053  3.5  129.4  6.3  0.69  176.3  27.1
220220260915  1.056  3.6  131.7  6.3  0.68  178.5  27.1
220220260916  1.059  3.7  131.9  6.3  0.49  190.7  27.1
220220260917  1.062  3.6  131.7  6.3  0.65  180.1  27.1
220220260918  1.065  3.7  133.7  6.3  0.58  177.5  27.1
220220260919  1.067  3.7  135.8  5.9  0.72  179.6  27.1
220220260920  1.070  3.7  140.3  5.9  0.48  195.8  27.1
220220260921  1.075  3.7  141.9  6.0  0.77  183.1  27.1
220220260922  1.078  3.7  143.7  6.1  0.63  185.1  27.1
220220260923  1.080  3.8  145.1  6.1  0.79  182.4  27.1
220220260924  1.084  3.8  147.0  6.1  0.76  187.8  27.1
220220260925  1.087  3.6  150.0  6.1  0.55  183.7  27.1
220220260926  1.090  3.6  151.3  6.1  0.59  182.4  27.1
220220260927  1.094  3.6  156.1  6.1  0.68  184.4  27.1
220220260928  1.097  3.2  157.6  6.1  0.62  177.6  27.1
220220260929  1.101  2.9  155.6  6.1  0.57  179.0  27.1
220220260930  1.104  2.7  150.3  6.1  0.68  184.2  27.1
220220260931  1.110  2.4  147.0  6.1  0.75  179.7  27.1
220220260932  1.113  2.0  138.1  4.1  0.62  180.0  27.1
220220260933  1.117  1.9  126.4  4.0  0.61  176.3  27.1
220220260934  1.121  1.9  117.8  4.0  0.76  180.6  27.1
220220260935  1.124  1.9  106.6  3.9  0.87  179.8  27.1
220220260936  1.127  1.9  93.1  4.5  0.74  178.4  27.1
220220260937  1.132  2.1  85.3  4.5  0.69  178.8  27.1
220220260938  1.135  2.5  82.4  6.4  0.73  179.3  27.1
220220260939  1.138  2.7  78.2  6.4  0.70  179.0  27.1
220220260940  1.141  2.7  73.8  6.4  0.81  176.8  27.1
220220260941  1.146  3.1  68.5  6.4  0.71  172.0  27.1
220220260942  1.150  3.2  69.5  6.4  0.77  172.6  27.1
220220260943  1.152  3.1  67.3  6.4  0.77  175.8  27.1
220220260944  1.156  3.2  62.5  6.4  0.84  171.4  27.1
220220260945  1.160  3.2  64.4  6.4  0.80  173.9  27.1
220220260946  1.163  2.9  69.0  6.4  0.73  173.0  27.1
220220260947  1.170  2.9  68.6  6.4  0.77  178.1  27.1
220220260948  1.176  2.9  67.2  6.6  0.82  171.7  27.1
220220260949  1.182  3.0  66.0  6.6  0.76  173.3  27.1
220220260950  1.185  3.0  64.5  6.6  0.84  175.8  27.1
220220260951  1.191  2.9  66.5  6.6  0.78  176.6  27.1
220220260952  1.198  2.9  68.5  6.6  0.74  173.5  27.1
220220260953  1.203  2.9  68.9  6.6  0.88  179.5  27.1
220220260954  1.209  2.9  74.5  6.6  0.79  177.2  27.1
220220260955  1.216  3.0  72.1  6.6  1.07  181.6  27.1
220220260956  1.220  3.4  70.0  6.6  0.80  179.3  27.1
220220260957  1.226  3.5  74.9  6.6  0.95  180.2  27.1
220220260958  1.230  3.4  74.5  6.0  0.95  182.3  27.1
220220260959  1.235  3.3  75.3  6.0  0.90  177.1  27.1
220220261000  1.239  3.4  77.3  6.0  0.85  178.9  27.1
220220261001  1.244  3.5  77.6  7.1  0.82  178.0  27.1
220220261002  1.249  3.5  75.9  7.1  0.78  177.1  27.1
220220261003  1.252  3.5  77.0  7.1  0.97  179.2  27.1
220220261004  1.257  3.2  73.5  7.1  0.87  177.7  27.1
220220261005  1.261  3.0  72.9  7.1  0.80  174.2  27.1
220220261006  1.265  2.7  73.1  7.1  0.87  180.6  27.1
220220261007  1.269  2.6  66.8  7.1  0.87  175.4  27.1
220220261008  1.272  2.5  73.0  7.1  1.00  179.5  27.1
220220261009  1.275  2.4  75.7  7.1  0.83  175.3  27.1
220220261010  1.280  2.3  75.0  7.1  0.72  177.7  27.1
220220261011  1.282  2.3  72.4  6.6  0.73  180.6  27.1
220220261012  1.286  2.5  72.0  6.6  0.80  179.2  27.1
220220261013  1.289  2.7  73.4  6.6  0.75  176.7  27.1
220220261014  1.293  3.0  77.5  6.6  0.74  175.9  27.1
220220261015  1.296  3.4  77.5  6.6  0.72  175.0  27.1
220220261016  1.299  3.8  75.5  6.6  0.76  177.3  27.1
220220261017  1.302  3.8  74.8  6.6  0.96  183.0  27.1
220220261018  1.304  4.0  70.9  6.6  0.75  178.5  27.1
220220261019  1.307  4.2  69.8  7.0  0.74  178.7  27.1
220220261020  1.311  4.4  70.3  7.0  0.86  184.0  27.1
220220261021  1.313  4.6  72.6  8.6  0.73  180.1  27.1
220220261022  1.315  4.4  73.3  8.6  0.82  184.1  27.1
220220261023  1.317  4.6  71.4  8.6  0.71  181.8  27.1
220220261024  1.318  4.7  69.5  8.6  0.74  179.9  27.1
220220261025  1.320  4.9  69.8  8.8  0.85  185.0  27.1
220220261026  1.320  5.1  70.6  8.8  0.78  181.8  27.1
220220261027  1.323  5.3  70.0  8.8  0.85  187.1  27.1
220220261028  1.324  5.5  71.4  8.8  0.83  187.6  27.1
220220261029  1.325  5.5  73.0  8.8  0.81  186.1  27.1
220220261030  1.325  5.6  72.7  8.8  0.88  182.9  27.1
220220261031  1.327  5.5  71.6  8.8  0.79  185.8  27.1
220220261032  1.328  5.7  71.4  8.8  0.82  184.0  27.1
220220261033  1.329  5.6  72.9  8.8  0.79  181.6  27.1
220220261034  1.330  5.6  72.6  8.8  0.83  179.9  27.1
220220261035  1.331  5.5  72.5  7.9  0.58  175.9  27.1
220220261036  1.331  5.4  72.2  7.9  0.66  182.0  27.0
220220261037  1.331  5.4  73.4  8.1  0.72  177.1  27.1
220220261038  1.332  5.3  73.4  8.1  0.71  173.1  27.0
220220261039  1.332  5.4  73.4  8.1  0.73  176.3  27.0
220220261040  1.335  5.5  73.8  8.1  0.71  177.5  27.1
220220261041  1.337  5.4  73.6  8.1  0.78  177.9  27.0
220220261042  1.338  5.3  73.5  8.1  0.68  177.3  27.0
220220261043  1.339  5.6  72.4  9.1  0.13  207.0  27.0
220220261044  1.339  5.8  72.3  9.1  0.30  163.4  27.0
220220261045  1.339  5.9  70.7  9.1  0.65  173.0  27.1
220220261046  1.339  6.0  67.5  9.1  0.77  175.3  27.1
220220261047  1.339  6.0  66.0  9.1  0.59  173.7  27.1
220220261048  1.340  6.1  66.1  9.1  0.50  165.6  27.0
220220261049  1.338  6.0  64.8  9.1  0.58  171.9  27.0
220220261050  1.338  5.9  63.9  9.1  0.64  173.8  27.0
220220261051  1.337  5.9  64.0  9.1  0.65  175.1  27.0
220220261052  1.335  5.9  64.3  9.1  0.63  174.9  27.0
220220261053  1.334  5.5  65.0  8.9  0.65  174.5  27.0
220220261054  1.333  5.3  64.7  8.9  0.60  168.7  27.1
220220261055  1.330  5.1  67.3  8.1  0.70  176.8  27.1
220220261056  1.329  4.9  70.7  8.0  0.57  176.5  27.1
220220261057  1.328  5.0  71.0  8.0  0.58  173.4  27.1
220220261058  1.325  5.2  69.6  8.0  0.44  170.5  27.1
220220261059  1.326  5.4  70.5  8.2  0.57  176.1  27.1
220220261100  1.325  5.5  70.4  8.2  0.37  146.7  27.0
220220261101  1.324  5.6  69.3  8.2  0.13  190.0  27.0
220220261102  1.323  5.8  68.2  8.2  0.45  184.5  27.0
220220261103  1.322  5.9  67.3  8.2  0.40  171.2  27.1
220220261104  1.322  5.9  67.6  8.2  0.61  175.6  27.1
220220261105  1.320  6.0  66.4  8.6  0.56  163.1  27.1
220220261106  1.320  6.2  66.9  8.8  0.36  166.6  27.0
220220261107  1.319  6.0  68.5  8.8  0.40  185.0  27.0
220220261108  1.321  5.7  71.2  8.8  0.61  175.2  27.0
220220261109  1.322  5.5  69.7  8.8  0.42  179.7  27.0
220220261110  1.324  5.7  69.5  8.8  0.27  180.9  27.0
220220261111  1.324  5.5  72.0  8.8  0.30  175.1  27.0
220220261112  1.325  5.3  73.6  8.8  0.47  169.8  27.0
220220261113  1.326  5.1  75.2  8.8  0.45  172.5  27.0
220220261114  1.327  5.1  74.4  8.8  0.41  171.0  27.0
220220261115  1.329  5.2  75.1  8.8  0.48  165.0  27.0
220220261116  1.329  5.2  76.0  8.5  0.37  180.9  27.0
220220261117  1.330  5.2  76.1  8.8  0.42  179.9  27.0
220220261118  1.331  5.2  75.1  8.8  0.42  173.7  27.0
220220261119  1.332  5.2  75.1  8.8  0.58  179.9  27.0
220220261120  1.332  5.0  76.1  8.8  0.62  182.3  27.0
220220261121  1.334  5.1  74.5  8.8  0.52  186.8  26.9
220220261122  1.335  5.1  73.9  8.8  0.43  174.0  26.9
220220261123  1.334  5.5  71.7  8.8  0.51  169.4  26.9
220220261124  1.335  5.4  72.4  8.8  0.54  170.0  26.9
220220261125  1.336  5.1  74.4  8.8  0.61  169.6  26.9
220220261126  1.337  5.1  73.8  8.8  0.40  178.9  26.9
220220261127  1.338  5.0  73.2  8.3  0.44  193.5  26.9
220220261128  1.340  5.2  70.5  8.3  0.41  177.6  27.0
220220261129  1.341  5.3  70.6  8.3  0.65  184.8  27.0
220220261130  1.341  5.2  72.0  8.3  0.35  179.7  26.9
220220261131  1.343  5.2  71.5  8.3  0.56  175.0  26.9
220220261132  1.342  5.3  70.7  8.3  0.40  175.1  26.9
220220261133  1.343  5.1  71.6  8.2  0.32  175.3  26.9
220220261134  1.343  5.2  71.7  8.2  0.65  176.6  26.9
220220261135  1.344  5.3  70.0  8.3  0.57  180.0  26.9
220220261136  1.346  5.4  69.5  8.3  0.51  183.2  26.9
220220261137  1.347  5.4  70.3  8.3  0.62  180.7  26.9
220220261138  1.348  5.4  72.1  8.6  0.66  173.7  26.9
220220261139  1.349  5.3  73.8  8.6  0.61  174.9  26.9
220220261140  1.350  5.3  72.7  8.6  0.56  174.5  26.9
220220261141  1.353  5.3  73.5  8.6  0.47  165.1  26.9
220220261142  1.355  5.3  74.5  8.6  0.38  167.1  26.9
220220261143  1.356  5.2  73.7  8.6  0.13  175.3  26.9
220220261144  1.358  5.1  73.9  8.6  0.27  158.2  26.9
220220261145  1.358  5.0  74.7  8.6  0.35  168.8  26.9
220220261146  1.359  4.6  76.6  8.6  0.56  164.1  26.9
220220261147  1.360  4.4  78.0  8.6  0.64  191.7  26.9
220220261148  1.361  4.1  77.0  7.1  0.59  170.2  26.9
220220261149  1.362  4.0  76.2  7.1  0.79  173.6  26.9
220220261150  1.363  3.7  77.6  7.1  0.55  176.0  26.8
220220261151  1.363  3.6  77.6  6.6  0.64  177.4  26.9
220220261152  1.363  3.7  75.3  7.7  0.58  171.4  26.9
220220261153  1.363  3.7  74.9  7.7  0.26  110.0  26.9
220220261154  1.362  3.8  75.0  7.7  0.42  180.8  26.8
220220261155  1.361  3.5  75.6  7.7  0.69  175.6  26.8
220220261156  1.359  3.5  73.3  7.7  0.57  169.1  26.8
220220261157  1.357  4.0  69.5  9.1  0.58  173.5  26.8
220220261158  1.356  4.0  70.1  9.1  0.51  167.4  26.8
220220261159  1.355  4.2  69.8  9.1  0.37  197.3  26.8
220220261200  1.353  4.4  68.8  9.1  0.21  227.7  26.8
220220261201  1.352  4.5  68.3  9.1  0.59  182.5  26.8
220220261202  1.348  4.5  70.1  9.1  0.43  171.2  26.8
220220261203  1.345  4.5  70.4  9.1  0.38  165.5  26.8
220220261204  1.343  4.5  69.5  9.1  0.51  176.0  26.8
220220261205  1.340  4.7  68.2  9.1  0.08  172.0  26.9
220220261206  1.338  4.8  68.4  9.1  0.18  140.7  26.9
220220261207  1.336  4.6  68.7  7.4  0.47  182.2  26.9
220220261208  1.335  4.6  69.1  7.4  0.47  177.9  26.9
220220261209  1.332  4.5  69.9  7.4  0.05  211.4  26.9
220220261210  1.331  4.6  68.7  7.4  0.24  163.4  26.9
220220261211  1.329  4.7  69.5  8.2  0.37  171.1  26.9
220220261212  1.327  4.5  69.8  8.2  0.44  168.9  26.9
220220261213  1.324  4.5  71.4  8.2  0.33  169.7  26.9
220220261214  1.322  4.4  71.0  8.2  0.35  177.3  26.8
220220261215  1.318  4.6  71.1  8.2  0.32  162.8  26.8
220220261216  1.317  4.7  69.5  8.2  0.28  167.1  26.9
220220261217  1.314  4.8  69.9  8.2  0.30  153.4  26.9
220220261218  1.311  5.0  69.2  8.2  0.39  164.5  26.9
220220261219  1.308  5.2  68.5  8.4  0.33  167.0  26.9
220220261220  1.305  5.3  69.5  8.4  0.21  150.6  26.9
220220261221  1.301  5.3  70.0  8.4  0.26  155.1  26.9
220220261222  1.297  5.3  69.4  8.4  0.21  179.8  26.9
220220261223  1.292  5.4  68.9  8.4  0.30  174.4  26.9
220220261224  1.287  5.3  70.6  8.4  0.37  173.1  26.9
220220261225  1.282  4.9  72.7  8.4  0.37  162.5  26.9
220220261226  1.277  4.8  74.6  8.4  0.19  175.5  26.9
220220261227  1.272  4.7  75.9  8.4  0.10  162.4  26.9
220220261228  1.266  4.6  77.5  9.2  0.15  144.0  26.9
220220261229  1.260  4.6  76.3  9.2  0.21  121.3  26.9
220220261230  1.255  4.8  76.7  9.6  0.12  107.7  26.9
220220261231  1.248  4.7  76.1  9.6  0.14  126.6  26.9
220220261232  1.242  4.7  76.9  9.6  0.11  89.7  26.9
220220261233  1.237  4.6  77.6  9.6  0.09  127.1  26.9
220220261234  1.233  4.8  76.3  9.6  0.28  29.5  26.9
220220261235  1.228  5.0  74.3  9.6  0.08  100.0  26.9
220220261236  1.222  5.1  74.3  9.6  0.12  93.7  26.9
220220261237  1.217  5.0  72.4  9.6  0.18  14.9  26.9
220220261238  1.212  4.7  72.3  9.6  0.15  38.5  26.9
220220261239  1.205  4.5  79.9  9.6  0.13  29.8  26.9
220220261240  1.199  4.4  86.5  8.7  nan  nan  nan
220220261241  1.195  4.3  93.8  8.7  0.12  155.2  26.9
220220261242  1.190  4.3  99.5  8.7  0.09  75.1  26.9
220220261243  1.185  4.4  102.6  8.7  0.16  17.1  26.9
220220261244  1.181  4.3  107.9  8.7  0.11  48.3  26.9
220220261245  1.177  4.5  112.0  8.7  0.04  86.6  26.9
220220261246  1.171  4.5  111.4  8.7  0.06  48.9  26.9
220220261247  1.166  4.7  110.3  8.7  0.11  37.4  26.9
220220261248  1.161  4.9  108.7  8.7  0.07  47.9  26.9
220220261249  1.156  4.7  106.0  8.7  0.11  344.9  26.9
220220261250  1.152  4.5  101.8  8.1  0.12  10.9  27.0
220220261251  1.150  4.5  93.6  8.1  0.09  353.2  27.0
220220261252  1.146  4.8  88.3  8.8  0.20  11.7  27.0
220220261253  1.143  4.8  86.3  8.8  0.09  41.4  27.0
220220261254  1.138  4.9  83.9  8.8  0.12  32.3  27.0
220220261255  1.135  4.9  80.3  8.8  0.36  23.1  27.0
220220261256  1.132  4.8  83.7  8.8  0.22  18.1  27.0
220220261257  1.131  4.4  87.1  8.8  0.18  21.9  27.0
220220261258  1.129  4.3  93.0  8.8  0.05  355.4  27.0
220220261259  1.128  4.1  93.0  8.8  0.21  14.7  27.0
220220261300  1.126  4.0  92.5  8.8  0.23  21.3  27.0
220220261301  1.126  3.9  93.1  8.8  0.26  26.4  27.0
220220261302  1.125  3.8  93.2  7.7  0.20  14.5  27.0
220220261303  1.124  3.9  91.1  7.7  0.21  28.8  27.0
220220261304  1.124  3.8  90.0  7.7  0.28  25.8  27.0
220220261305  1.123  3.7  93.9  7.7  0.17  358.0  27.1
220220261306  1.121  3.7  93.2  7.7  0.20  14.4  27.1
220220261307  1.120  3.8  90.9  7.7  0.15  20.7  27.1
220220261308  1.118  3.6  86.5  7.7  0.17  30.9  27.1
220220261309  1.119  3.5  88.1  7.7  0.20  27.9  27.1
220220261310  1.117  3.3  92.8  7.7  0.17  4.7  27.1
220220261311  1.116  3.2  95.3  7.7  0.16  4.6  27.1
220220261312  1.116  3.1  92.9  7.2  0.10  5.6  27.1
220220261313  1.114  3.0  93.2  6.8  0.22  5.4  27.2
220220261314  1.112  2.9  92.0  5.7  0.05  284.6  27.2
220220261315  1.110  3.0  84.2  5.7  0.10  300.3  27.2
220220261316  1.110  2.9  80.9  5.7  0.14  341.7  27.2
220220261317  1.107  3.0  80.2  5.7  0.05  282.1  27.2
220220261318  1.105  2.9  86.8  6.1  0.05  328.4  27.1
220220261319  1.104  3.1  82.1  6.1  0.11  320.1  27.1
220220261320  1.104  3.4  77.3  7.2  0.17  345.2  27.1
220220261321  1.102  3.4  76.7  7.2  0.19  355.4  27.1
220220261322  1.103  3.4  79.4  7.2  0.17  1.0  27.1
220220261323  1.102  3.4  78.8  7.2  0.11  316.9  27.1
220220261324  1.100  3.4  87.4  7.2  0.19  7.0  27.1
220220261325  1.098  3.4  95.5  8.0  0.14  0.3  27.1
220220261326  1.095  3.6  96.8  8.0  0.29  7.7  27.1
220220261327  1.093  3.6  99.4  8.0  0.17  10.0  27.1
220220261328  1.090  3.8  96.1  8.0  0.24  16.8  27.1
220220261329  1.086  3.8  101.8  8.0  0.07  342.0  27.1
220220261330  1.082  3.7  105.6  8.0  0.23  17.4  27.1
220220261331  1.079  3.8  108.3  8.0  0.28  4.4  27.1
220220261332  1.076  3.9  111.7  8.0  0.18  31.9  27.1
220220261333  1.073  4.1  114.8  8.0  0.28  7.6  27.1
220220261334  1.068  3.9  114.7  8.0  0.33  9.3  27.2
220220261335  1.066  3.6  116.2  6.3  0.49  12.1  27.2
220220261336  1.062  3.5  118.9  6.3  0.33  6.3  27.2
220220261337  1.058  3.5  123.1  6.3  0.31  16.2  27.2
220220261338  1.055  3.3  125.7  6.3  0.45  18.0  27.2
220220261339  1.051  3.3  120.7  6.3  0.46  11.2  27.2
220220261340  1.046  3.3  120.4  6.3  0.47  11.9  27.2
220220261341  1.043  3.2  119.5  6.3  0.61  14.0  27.2
220220261342  1.037  3.0  120.4  5.1  0.59  7.0  27.2
220220261343  1.032  3.1  120.1  5.8  0.60  12.8  27.2
220220261344  1.028  3.2  118.5  6.9  0.53  8.7  27.2
220220261345  1.022  3.4  116.5  6.9  0.51  7.2  27.3
220220261346  1.017  3.9  115.0  8.9  0.48  10.9  27.3
220220261347  1.011  4.2  112.3  10.0  0.71  12.2  27.3
220220261348  1.006  4.5  110.4  10.0  0.54  12.5  27.3
220220261349  1.001  4.6  112.8  10.0  0.69  13.7  27.3
220220261350  0.996  4.5  116.2  10.0  0.60  8.9  27.2
220220261351  0.989  4.5  119.4  10.0  0.52  19.3  27.2
220220261352  0.983  4.5  118.9  10.0  0.56  14.0  27.2
220220261353  0.977  4.3  117.3  10.0  0.51  12.2  27.2
220220261354  0.971  4.2  117.2  10.0  0.74  12.4  27.3
220220261355  0.965  3.7  118.1  10.0  0.75  12.4  27.3
220220261356  0.960  3.2  119.1  10.0  0.72  10.8  27.3
220220261357  0.954  2.8  126.5  7.5  0.72  6.9  27.4
220220261358  0.948  2.7  123.9  7.0  0.68  6.4  27.4
220220261359  0.941  2.7  120.4  7.0  0.76  5.8  27.4
220220261400  0.936  3.0  116.1  7.6  0.76  3.4  27.4
220220261401  0.929  3.2  111.9  7.6  0.88  7.3  27.4
220220261402  0.923  3.3  112.9  7.6  0.85  5.2  27.5
220220261403  0.916  3.2  117.6  7.6  0.83  9.9  27.5
220220261404  0.910  3.3  118.6  7.6  0.77  8.7  27.5
220220261405  0.902  3.6  116.2  7.6  0.74  8.3  27.5
220220261406  0.895  3.9  115.2  7.6  0.78  6.3  27.5
220220261407  0.890  4.0  110.5  7.6  0.79  9.3  27.5
220220261408  0.882  3.9  114.7  7.6  0.90  8.8  27.5
220220261409  0.876  3.8  117.6  7.6  0.89  11.0  27.5
220220261410  0.872  3.4  120.1  6.7  0.93  9.8  27.5
220220261411  0.867  2.9  120.9  6.2  0.84  6.3  27.5
220220261412  0.862  2.9  114.3  7.4  0.76  8.8  27.6
220220261413  0.857  3.0  100.9  7.5  0.84  5.2  27.6
220220261414  0.852  3.2  90.8  8.8  0.72  6.7  27.5
220220261415  0.847  3.3  82.2  8.8  0.78  3.1  27.5
220220261416  0.844  3.4  74.3  8.8  0.82  3.7  27.5
220220261417  0.839  3.7  67.6  8.8  0.69  359.7  27.5
220220261418  0.834  4.3  62.4  8.8  0.74  3.0  27.5
220220261419  0.830  4.9  58.5  8.8  0.73  2.1  27.5
220220261420  0.824  5.6  55.9  9.3  0.84  6.0  27.5
220220261421  0.818  6.3  55.5  9.3  0.85  3.7  27.5
220220261422  0.814  6.4  55.3  9.3  0.80  1.2  27.5
220220261423  0.808  6.3  55.4  9.3  0.95  9.2  27.5
220220261424  0.803  6.3  55.2  9.3  0.86  7.3  27.5
220220261425  0.799  6.4  55.8  9.3  0.93  9.4  27.5
220220261426  0.794  6.4  57.0  9.3  0.91  15.4  27.5
220220261427  0.789  6.5  58.6  9.3  0.99  9.7  27.5
220220261428  0.784  6.4  60.0  9.3  1.02  13.7  27.5
220220261429  0.779  6.3  59.7  9.3  0.89  15.3  27.5
220220261430  0.776  6.3  58.9  9.3  0.90  13.8  27.5
220220261431  0.772  6.1  59.8  8.9  0.85  16.8  27.5
220220261432  0.769  6.1  60.3  8.9  0.87  19.0  27.5
220220261433  0.766  6.1  61.5  8.9  0.84  16.7  27.5
220220261434  0.762  6.3  62.6  10.1  0.82  17.6  27.5
220220261435  0.760  6.3  64.6  10.1  0.76  19.1  27.6
220220261436  0.755  6.4  64.4  10.1  0.69  17.1  27.6
220220261437  0.752  6.5  62.5  10.1  0.80  19.3  27.6
220220261438  0.750  6.6  61.6  10.1  0.80  22.0  27.6
220220261439  0.746  6.7  61.4  10.1  0.77  20.9  27.6
220220261440  0.742  6.7  62.8  10.1  0.76  21.2  27.6
220220261441  0.738  6.7  62.3  10.1  0.71  18.7  27.6
220220261442  0.735  6.6  62.6  10.1  0.89  16.0  27.6
220220261443  0.729  6.5  62.6  10.1  0.75  17.4  27.6
220220261444  0.725  6.3  62.3  9.2  1.03  14.5  27.6
220220261445  0.721  6.1  61.0  9.2  0.95  14.8  27.6
220220261446  0.716  5.9  59.2  9.2  0.99  15.0  27.7
220220261447  0.714  5.8  60.0  9.2  0.93  13.7  27.7
220220261448  0.710  5.6  60.1  9.2  0.91  12.6  27.7
220220261449  0.706  5.5  62.9  9.2  0.94  8.9  27.7
220220261450  0.702  5.4  63.3  9.2  0.84  6.8  27.7
220220261451  0.698  5.2  63.7  9.2  0.82  5.9  27.7
220220261452  0.693  5.2  63.0  8.2  0.85  8.4  27.7
220220261453  0.688  5.3  62.8  8.2  0.85  6.7  27.7
220220261454  0.686  5.3  62.1  8.2  0.95  3.8  27.7
220220261455  0.682  5.5  61.1  8.2  0.83  3.8  27.7
220220261456  0.679  5.5  61.5  8.2  0.73  358.6  27.7
220220261457  0.675  5.5  61.4  8.2  0.91  4.1  27.7
220220261458  0.671  5.6  60.7  8.2  0.81  1.1  27.7
220220261459  0.669  5.8  56.7  8.8  0.84  1.5  27.7
220220261500  0.664  5.9  56.7  8.8  0.86  358.6  27.7
220220261501  0.660  6.0  55.7  8.8  0.76  1.3  27.7
220220261502  0.655  5.9  55.8  8.8  0.82  1.3  27.8
220220261503  0.653  5.9  56.0  8.8  0.85  4.0  27.8
220220261504  0.650  5.9  56.5  8.8  0.82  0.5  27.8
220220261505  0.645  6.0  55.3  9.0  0.82  5.1  27.8
220220261506  0.640  6.1  55.6  9.0  0.89  2.1  27.8
220220261507  0.636  6.2  55.7  9.0  0.79  1.7  27.8
220220261508  0.631  6.2  55.6  9.0  0.83  4.5  27.8
220220261509  0.627  6.3  57.7  10.0  0.92  0.5  27.8
220220261510  0.622  6.4  58.3  10.0  0.78  4.9  27.8
220220261511  0.618  6.5  59.4  10.0  0.81  5.1  27.8
220220261512  0.613  6.7  59.8  10.0  0.78  3.4  27.8
220220261513  0.607  6.7  61.3  10.0  0.87  2.4  27.8
220220261514  0.603  6.8  62.9  10.0  0.90  4.9  27.8
220220261515  0.599  6.8  65.4  10.0  0.88  7.8  27.8
220220261516  0.594  6.8  66.8  10.0  0.87  6.1  27.8
220220261517  0.589  6.9  68.3  10.0  0.95  3.6  27.9
220220261518  0.585  6.9  69.2  10.0  0.80  9.2  27.9
220220261519  0.580  6.6  70.1  9.5  0.95  4.2  27.9
220220261520  0.577  6.3  69.6  9.3  0.84  5.9  27.9
220220261521  0.571  6.2  70.3  9.3  1.10  9.8  27.9
220220261522  0.567  6.2  69.5  8.5  0.99  10.6  27.9
220220261523  0.562  6.3  65.7  9.0  0.96  5.6  27.9
220220261524  0.559  6.5  63.2  9.6  0.91  8.4  27.9
220220261525  0.553  6.6  61.1  9.6  0.98  10.2  27.9
220220261526  0.549  6.7  59.1  9.7  1.07  11.9  27.9
220220261527  0.544  6.8  56.3  9.7  0.95  8.7  27.9
220220261528  0.540  6.9  54.1  10.6  0.93  12.6  27.9
220220261529  0.535  7.0  52.7  10.6  1.03  9.5  27.9
220220261530  0.531  7.0  52.0  10.6  1.09  9.6  27.9
220220261531  0.526  7.3  51.5  10.6  0.98  12.2  27.9
220220261532  0.520  7.4  52.0  10.6  0.99  17.1  27.9
220220261533  0.514  7.4  53.0  10.6  0.98  13.3  27.9
220220261534  0.510  7.3  53.3  10.6  1.01  9.0  27.9
220220261535  0.505  7.4  53.9  10.6  1.05  13.4  27.9
220220261536  0.502  7.2  55.1  10.6  1.01  13.7  27.9
220220261537  0.496  7.1  55.5  10.6  0.92  16.2  27.9
220220261538  0.492  7.1  56.9  10.0  0.88  13.8  27.9
220220261539  0.487  7.1  57.4  10.0  0.96  12.7  27.9
220220261540  0.481  7.0  58.4  10.0  0.92  13.0  27.9
220220261541  0.476  6.8  58.5  10.0  0.85  17.3  27.9
220220261542  0.470  6.5  58.6  10.0  0.96  15.9  28.0
220220261543  0.464  6.4  60.5  10.0  0.98  17.4  28.0
220220261544  0.459  6.1  62.5  10.0  0.83  17.5  28.0
220220261545  0.452  5.9  62.8  10.0  0.84  16.1  28.0
220220261546  0.448  6.1  61.6  11.1  0.83  18.5  28.0
220220261547  0.441  6.1  61.5  11.1  0.80  18.9  28.0
220220261548  0.436  6.0  60.5  11.1  0.74  14.5  28.0
220220261549  0.431  6.1  60.5  11.1  1.00  15.6  28.0
220220261550  0.425  6.3  59.5  11.1  0.88  16.3  28.0
220220261551  0.419  6.3  58.9  11.1  0.78  15.4  28.0
220220261552  0.414  6.4  58.7  11.1  0.98  19.8  28.0
220220261553  0.410  6.5  57.0  11.1  0.88  20.1  28.0
220220261554  0.405  6.7  57.2  11.1  0.89  17.9  28.0
220220261555  0.399  6.7  59.0  11.1  0.82  23.4  28.0
220220261556  0.394  6.4  59.9  9.1  0.85  14.2  28.0
220220261557  0.387  6.4  60.6  9.1  0.89  17.7  28.0
220220261558  0.383  6.5  62.0  9.6  0.89  16.0  28.0
220220261559  0.379  6.3  62.0  9.6  0.79  19.9  28.0
220220261600  0.375  6.3  62.4  9.6  0.90  23.1  28.0
220220261601  0.372  6.4  63.7  9.6  0.95  16.0  28.0
220220261602  0.369  6.4  65.2  9.6  0.79  17.4  28.0
220220261603  0.366  6.3  65.8  9.6  0.84  22.1  28.0
220220261604  0.361  6.3  64.3  9.7  0.87  16.3  28.0
220220261605  0.356  6.4  61.7  9.7  0.93  15.1  28.0
220220261606  0.351  6.5  60.9  9.7  0.88  18.3  28.0
220220261607  0.348  6.4  59.7  9.7  0.74  19.0  28.1
220220261608  0.343  6.2  57.7  9.7  0.93  19.3  28.1
220220261609  0.340  6.2  57.9  9.7  0.85  19.2  28.1
220220261610  0.338  6.2  56.7  9.7  0.72  18.4  28.1
220220261611  0.334  6.3  54.9  9.7  0.77  24.7  28.1
220220261612  0.331  6.6  51.8  9.7  0.79  21.0  28.1
220220261613  0.328  6.7  51.4  9.7  0.73  28.1  28.1
220220261614  0.326  6.7  50.7  9.7  0.84  21.9  28.1
220220261615  0.323  6.6  50.7  9.7  0.87  21.1  28.1
220220261616  0.321  6.6  50.7  9.7  0.74  23.2  28.1
220220261617  0.319  6.8  51.3  9.7  0.69  23.3  28.1
220220261618  0.317  6.9  53.2  9.9  0.67  20.1  28.1
220220261619  0.315  7.0  53.3  9.9  0.71  22.0  28.1
220220261620  0.314  7.1  54.2  9.9  0.78  20.0  28.1
220220261621  0.312  6.9  56.3  9.9  0.87  19.1  28.1
220220261622  0.309  6.7  58.0  9.9  0.66  20.4  28.1
220220261623  0.307  6.6  58.5  9.9  0.84  15.4  28.1
220220261624  0.305  6.6  59.5  9.9  0.76  18.7  28.1
220220261625  0.302  6.7  59.9  9.9  0.87  17.4  28.1
220220261626  0.301  6.6  62.1  9.9  0.80  12.8  28.1
220220261627  0.300  6.4  63.0  9.9  0.83  15.9  28.1
220220261628  0.298  6.2  63.0  9.7  0.83  14.2  28.2
220220261629  0.296  6.2  65.0  9.7  0.91  16.1  28.2
220220261630  0.294  6.1  65.1  9.7  0.82  15.1  28.2
220220261631  0.293  5.9  63.8  9.7  0.80  18.7  28.2
220220261632  0.291  5.8  62.6  9.7  0.65  20.8  28.2
220220261633  0.288  5.6  61.3  9.7  0.80  15.5  28.2
220220261634  0.287  5.4  60.3  9.7  0.73  12.1  28.2
220220261635  0.287  5.1  60.6  7.4  0.92  10.4  28.2
220220261636  0.285  5.1  58.9  7.4  0.75  11.2  28.2
220220261637  0.283  5.1  58.3  7.4  0.76  6.6  28.2
220220261638  0.282  5.2  58.2  7.6  0.83  17.0  28.2
220220261639  0.282  5.1  54.6  7.7  0.81  9.6  28.2
220220261640  0.281  5.2  53.4  8.2  0.81  9.3  28.2
220220261641  0.279  5.2  52.9  8.2  0.79  9.9  28.2
220220261642  0.278  5.3  53.0  8.2  0.75  7.9  28.2
220220261643  0.276  5.3  53.3  8.2  0.74  7.9  28.2
220220261644  0.273  5.3  52.5  8.2  0.77  11.2  28.2
220220261645  0.272  5.4  50.8  8.2  0.69  13.5  28.2
220220261646  0.271  5.4  49.0  8.2  0.85  12.6  28.2
220220261647  0.269  5.5  48.3  8.2  0.76  6.4  28.2
220220261648  0.266  5.5  47.3  8.2  0.73  10.5  28.2
220220261649  0.263  5.4  46.6  8.2  0.76  12.5  28.2
220220261650  0.261  5.5  47.7  8.3  0.79  7.8  28.2
220220261651  0.258  5.7  49.3  9.4  0.82  12.4  28.2
220220261652  0.255  5.8  49.6  9.4  0.78  15.4  28.2
220220261653  0.252  6.0  50.6  9.4  0.79  9.9  28.2
220220261654  0.252  6.1  51.8  9.4  0.81  9.9  28.2
220220261655  0.250  6.1  53.2  9.4  0.81  11.7  28.2
220220261656  0.248  6.2  54.6  9.4  0.73  7.6  28.2
220220261657  0.246  6.1  54.4  9.4  0.75  7.5  28.2
220220261658  0.244  6.0  54.6  9.4  0.69  8.4  28.2
220220261659  0.241  6.1  55.7  9.4  0.80  10.7  28.2
220220261700  0.238  6.1  54.6  9.4  0.81  11.0  28.2
220220261701  0.236  5.8  54.2  8.6  0.74  15.6  28.2
220220261702  0.234  5.8  54.4  8.6  0.86  8.6  28.2
220220261703  0.231  5.9  53.9  8.6  0.74  13.9  28.2
220220261704  0.228  5.8  52.9  8.6  0.85  9.9  28.2
220220261705  0.225  5.9  54.1  8.6  0.86  8.2  28.2
220220261706  0.222  5.9  54.8  8.6  0.76  9.6  28.2
220220261707  0.219  5.8  57.2  8.6  0.79  10.6  28.2
220220261708  0.214  5.9  58.7  8.6  0.82  8.8  28.2
220220261709  0.213  5.9  59.7  8.5  0.82  15.0  28.2
220220261710  0.210  5.8  61.6  8.5  0.75  9.3  28.2
220220261711  0.207  5.9  61.5  8.5  0.82  8.0  28.2
220220261712  0.205  5.8  61.8  8.5  0.74  7.3  28.2
220220261713  0.202  5.6  63.2  8.5  0.81  8.8  28.2
220220261714  0.199  5.4  65.7  8.5  0.75  11.6  28.2
220220261715  0.197  5.4  65.8  8.5  0.80  9.9  28.2
220220261716  0.197  5.4  65.6  8.5  0.86  7.5  28.2
220220261717  0.195  5.4  65.3  8.5  0.82  11.1  28.2
220220261718  0.194  5.4  65.3  8.5  0.91  8.8  28.2
220220261719  0.191  5.3  65.3  7.5  0.77  6.8  28.2
220220261720  0.191  5.2  64.8  7.5  0.82  7.4  28.2
220220261721  0.188  5.2  64.5  7.5  0.87  9.9  28.3
220220261722  0.187  5.3  64.5  7.8  0.88  6.7  28.3
220220261723  0.186  5.5  63.9  7.8  0.89  8.0  28.3
220220261724  0.185  5.6  63.6  7.8  0.86  12.0  28.3
220220261725  0.183  5.6  61.8  7.8  0.80  9.9  28.3
220220261726  0.182  5.6  59.8  7.8  0.87  8.0  28.3
220220261727  0.180  5.7  58.5  7.8  0.95  10.2  28.3
220220261728  0.179  5.7  56.6  7.8  0.81  7.7  28.3
220220261729  0.178  5.9  56.9  7.8  0.67  6.8  28.3
220220261730  0.177  5.8  56.5  7.8  0.86  7.2  28.3
220220261731  0.177  5.8  57.6  7.8  0.85  9.1  28.3
220220261732  0.177  5.7  56.6  7.7  0.78  9.9  28.3
220220261733  0.177  5.6  55.0  7.7  0.81  1.0  28.3
220220261734  0.177  5.7  52.9  7.7  0.76  7.0  28.3
220220261735  0.176  5.6  53.0  7.7  0.70  5.2  28.3
220220261736  0.176  5.4  53.6  7.7  0.78  3.1  28.3
220220261737  0.176  5.2  53.4  7.4  0.65  7.4  28.3
220220261738  0.175  5.2  53.6  7.4  0.73  6.3  28.3
220220261739  0.175  5.1  52.7  7.4  0.72  7.5  28.3
220220261740  0.174  4.9  53.6  7.4  0.74  8.5  28.3
220220261741  0.174  4.8  52.0  7.4  0.58  359.5  28.3
220220261742  0.173  4.8  53.3  7.7  0.81  3.4  28.3
220220261743  0.173  4.8  54.4  7.7  0.91  2.6  28.3
220220261744  0.173  4.6  54.7  7.7  0.64  3.0  28.3
220220261745  0.174  4.7  55.0  8.0  0.74  4.5  28.3
220220261746  0.172  4.9  56.7  8.0  0.72  4.9  28.3
220220261747  0.173  4.9  56.7  8.0  0.75  8.2  28.3
220220261748  0.171  4.8  56.8  8.0  0.61  6.3  28.3
220220261749  0.171  4.9  57.4  8.0  0.66  4.5  28.3
220220261750  0.172  5.1  58.0  8.0  0.62  1.9  28.3
220220261751  0.174  5.0  57.4  8.0  0.59  1.4  28.3
220220261752  0.173  4.8  57.5  8.0  0.69  2.2  28.3
220220261753  0.174  4.7  57.8  8.0  0.69  4.2  28.3
220220261754  0.176  4.7  59.4  8.0  0.62  358.5  28.3
220220261755  0.176  4.5  60.9  7.4  0.57  356.5  28.3
220220261756  0.178  4.2  60.6  6.4  0.63  5.4  28.3
220220261757  0.180  4.3  62.0  6.4  0.53  2.4  28.3
220220261758  0.181  4.5  63.5  6.7  0.59  359.0  28.4
220220261759  0.182  4.4  64.0  7.6  0.64  3.2  28.4
220220261800  0.184  4.4  63.9  7.6  0.64  359.3  28.3
220220261801  0.186  4.6  67.1  7.6  0.58  359.6  28.4
220220261802  0.187  4.7  66.7  7.6  0.56  4.2  28.4
220220261803  0.189  4.9  67.5  7.6  0.59  358.8  28.4
220220261804  0.192  5.1  67.4  7.6  0.50  5.6  28.4
220220261805  0.194  5.3  65.3  7.6  0.57  4.3  28.4
220220261806  0.198  5.3  64.1  7.6  0.61  3.8  28.4
220220261807  0.199  5.3  62.5  7.6  0.49  355.2  28.4
220220261808  0.202  5.1  61.3  7.6  0.49  5.0  28.4
220220261809  0.203  5.1  60.3  6.8  0.39  357.5  28.4
220220261810  0.207  5.1  60.0  6.8  0.39  359.3  28.4
220220261811  0.209  5.2  59.5  7.2  0.56  4.6  28.4
220220261812  0.211  5.2  60.9  7.2  0.51  359.1  28.4
220220261813  0.216  5.0  59.8  7.2  0.52  1.2  28.4
220220261814  0.221  4.9  59.4  7.2  0.44  2.6  28.4
220220261815  0.225  4.9  60.4  7.2  0.39  2.5  28.4
220220261816  0.228  4.7  61.1  7.2  0.43  3.0  28.4
220220261817  0.231  4.6  62.4  7.2  0.36  2.2  28.4
220220261818  0.235  4.6  62.2  7.2  0.49  5.0  28.4
220220261819  0.239  4.5  62.1  7.2  0.49  4.7  28.4
220220261820  0.243  4.4  61.2  7.2  0.43  4.8  28.4
220220261821  0.249  4.3  59.5  6.6  0.33  353.4  28.4
220220261822  0.253  4.2  56.7  6.5  0.39  356.2  28.4
220220261823  0.257  4.3  56.9  6.5  0.30  353.3  28.4
220220261824  0.262  4.2  56.0  6.5  0.30  4.0  28.4
220220261825  0.266  4.2  55.3  7.2  0.25  358.4  28.4
220220261826  0.271  4.3  55.4  7.2  0.21  340.1  28.4
220220261827  0.276  4.5  55.7  7.2  0.31  359.5  28.4
220220261828  0.278  4.7  55.6  7.2  0.20  9.5  28.4
220220261829  0.282  4.7  56.1  7.2  0.35  351.5  28.4
220220261830  0.286  4.7  56.5  7.8  0.16  3.7  28.4
220220261831  0.289  4.7  58.5  7.8  0.31  1.1  28.4
220220261832  0.292  4.7  59.5  7.8  0.32  358.1  28.4
220220261833  0.295  4.7  60.2  7.8  0.13  4.7  28.4
220220261834  0.297  4.9  61.6  7.8  0.11  347.5  28.4
220220261835  0.299  5.0  61.2  7.8  0.25  1.9  28.4
220220261836  0.301  5.1  59.9  7.8  0.21  10.0  28.4
220220261837  0.303  5.2  57.9  8.1  0.21  355.1  28.4
220220261838  0.306  5.2  57.9  8.1  0.14  9.2  28.4
220220261839  0.306  5.4  57.5  8.1  0.19  351.0  28.4
220220261840  0.308  5.2  58.2  8.1  0.23  358.7  28.4
220220261841  0.310  5.2  57.0  8.1  0.29  2.4  28.4
220220261842  0.312  5.3  56.0  8.1  0.13  6.6  28.4
220220261843  0.313  5.5  55.2  8.1  0.04  250.9  28.4
220220261844  0.315  5.3  53.3  8.1  0.21  4.7  28.4
220220261845  0.317  5.2  53.1  8.1  0.17  349.4  28.4
220220261846  0.319  5.3  54.4  8.1  0.14  357.6  28.4
220220261847  0.321  5.3  55.7  7.6  0.15  359.4  28.4
220220261848  0.322  5.4  56.6  7.6  0.20  9.4  28.4
220220261849  0.324  5.4  55.9  7.6  0.21  357.4  28.4
220220261850  0.327  5.5  54.2  7.6  0.15  356.3  28.4
220220261851  0.328  5.6  54.0  7.6  0.13  344.2  28.4
220220261852  0.331  5.7  53.5  7.6  0.13  357.7  28.4
220220261853  0.331  5.6  52.9  7.6  0.07  314.1  28.4
220220261854  0.334  5.6  53.8  7.6  0.11  5.8  28.4
220220261855  0.335  5.6  54.9  7.6  0.06  21.0  28.4
220220261856  0.339  5.5  55.4  7.6  0.07  345.6  28.4
220220261857  0.341  5.3  55.0  7.6  0.04  214.2  28.4
220220261858  0.344  5.2  56.1  7.4  0.06  175.1  28.4
220220261859  0.346  5.2  58.2  9.2  0.05  329.4  28.4
220220261900  0.348  5.4  59.0  9.8  0.07  8.5  28.4
220220261901  0.350  5.6  58.6  9.8  0.14  318.9  28.4
220220261902  0.352  5.7  59.0  9.8  0.03  219.7  28.4
220220261903  0.355  5.7  58.9  9.8  0.07  211.8  28.4
220220261904  0.357  5.9  58.9  9.8  0.13  322.6  28.4
220220261905  0.360  5.9  58.2  9.8  0.12  358.3  28.4
220220261906  0.361  6.0  57.2  9.8  0.05  235.0  28.4
220220261907  0.363  6.1  57.6  9.8  0.07  310.4  28.4
220220261908  0.365  6.2  56.7  9.8  0.07  304.6  28.4
220220261909  0.367  6.2  55.3  9.8  0.02  250.9  28.4
220220261910  0.369  6.0  55.2  8.4  0.06  281.7  28.4
220220261911  0.374  5.7  55.8  8.0  0.08  265.3  28.4
220220261912  0.376  5.7  56.4  8.0  0.07  233.9  28.4
220220261913  0.378  5.7  56.6  8.0  0.06  276.4  28.4
220220261914  0.381  5.6  56.1  8.0  0.09  289.0  28.4
220220261915  0.384  5.4  55.5  7.8  0.12  222.9  28.4
220220261916  0.388  5.2  54.7  7.8  0.07  218.0  28.4
220220261917  0.391  5.2  54.6  7.8  0.07  217.3  28.4
220220261918  0.394  5.2  55.4  7.8  0.07  200.3  28.4
220220261919  0.396  5.2  55.1  7.2  0.06  287.4  28.4
220220261920  0.400  5.2  55.4  7.2  0.12  207.6  28.4
220220261921  0.403  5.3  54.4  7.2  0.10  200.9  28.4
220220261922  0.406  5.2  54.9  7.2  0.14  229.9  28.3
220220261923  0.411  5.2  55.1  7.2  0.12  194.7  28.3
220220261924  0.414  5.1  55.1  7.2  0.25  187.8  28.3
220220261925  0.420  5.1  54.9  7.2  0.23  216.6  28.3
220220261926  0.423  5.0  55.8  7.2  0.16  204.5  28.3
220220261927  0.428  4.9  55.8  7.2  0.28  207.1  28.3
220220261928  0.434  4.7  54.5  7.2  0.26  204.2  28.3
220220261929  0.439  4.6  54.5  7.2  0.29  201.5  28.3
220220261930  0.444  4.8  55.1  8.3  0.34  212.0  28.3
220220261931  0.451  5.0  56.7  8.8  0.26  202.1  28.3
220220261932  0.457  5.0  55.9  8.8  0.32  199.9  28.3
220220261933  0.463  5.1  56.5  8.8  0.21  192.1  28.2
220220261934  0.472  5.3  56.5  8.8  0.26  189.6  28.2
220220261935  0.477  5.5  57.3  8.8  0.34  200.0  28.2
220220261936  0.485  5.6  57.8  8.8  0.26  191.7  28.2
220220261937  0.490  5.8  57.6  8.8  0.34  193.3  28.2
220220261938  0.496  6.0  57.7  8.8  0.31  189.3  28.2
220220261939  0.501  6.1  57.5  8.8  0.33  186.7  28.2
220220261940  0.508  6.1  57.4  8.8  0.39  192.3  28.2
220220261941  0.513  6.0  57.1  9.5  0.33  190.7  28.2
220220261942  0.519  6.0  58.1  9.5  0.17  181.2  28.2
220220261943  0.525  5.9  58.6  9.5  0.28  188.4  28.2
220220261944  0.531  6.0  59.6  9.5  0.40  181.0  28.2
220220261945  0.537  5.9  59.5  9.5  0.38  188.8  28.2
220220261946  0.544  5.9  60.5  9.5  0.27  182.3  28.2
220220261947  0.551  5.7  60.1  9.5  0.46  190.0  28.2
220220261948  0.558  5.6  59.2  9.5  0.43  184.0  28.2
220220261949  0.564  5.5  59.3  9.5  0.43  189.0  28.2
220220261950  0.572  5.2  59.3  9.5  0.43  189.0  28.2
220220261951  0.580  5.1  58.5  8.3  0.33  191.0  28.2
220220261952  0.587  5.0  56.1  8.3  0.39  191.1  28.2
220220261953  0.594  5.0  53.9  7.6  0.52  189.1  28.2
220220261954  0.601  4.9  51.3  7.2  0.50  187.6  28.2
220220261955  0.605  5.1  51.0  8.3  0.59  186.0  28.2
220220261956  0.611  5.2  48.3  8.3  0.56  184.2  28.2
220220261957  0.617  5.3  48.6  8.3  0.64  182.0  28.2
220220261958  0.621  5.2  49.7  8.3  0.57  179.7  28.1
220220261959  0.626  5.3  51.1  8.3  0.57  180.6  28.1
220220262000  0.631  5.5  51.7  8.3  0.55  178.6  28.1
220220262001  0.637  5.5  53.9  8.3  0.57  174.7  28.1
220220262002  0.642  5.5  55.9  8.3  0.55  178.3  28.1
220220262003  0.647  5.4  56.9  8.3  0.49  178.6  28.1
220220262004  0.653  5.4  58.2  8.3  0.54  172.7  28.1
220220262005  0.658  5.4  59.3  8.1  0.37  178.6  28.1
220220262006  0.664  5.3  60.0  8.1  0.64  184.4  28.1
220220262007  0.670  5.3  60.8  8.1  0.53  174.9  28.1
220220262008  0.675  5.5  61.0  8.1  0.52  186.8  28.1
220220262009  0.679  5.5  59.3  8.1  0.52  181.6  28.1
220220262010  0.683  5.3  58.1  8.1  0.59  184.1  28.1
220220262011  0.688  5.1  55.0  8.1  0.39  169.2  28.1
220220262012  0.691  5.1  53.6  8.1  0.54  181.9  28.1
220220262013  0.695  5.0  52.1  8.1  0.62  184.2  28.1
220220262014  0.699  4.9  50.0  8.1  0.53  180.2  28.1
220220262015  0.702  4.8  47.2  7.7  0.53  174.3  28.1
220220262016  0.705  4.8  48.3  7.7  0.65  180.2  28.1
220220262017  0.707  4.7  47.5  7.7  0.66  178.9  28.1
220220262018  0.710  4.6  46.3  6.8  0.56  176.9  28.1
220220262019  0.711  4.7  45.6  7.3  0.64  175.3  28.1
220220262020  0.714  4.9  44.5  7.5  0.59  174.6  28.1
220220262021  0.716  4.8  44.9  7.5  0.48  177.1  28.1
220220262022  0.720  4.8  44.5  7.5  0.59  173.9  28.1
220220262023  0.722  5.0  45.3  7.5  0.61  175.6  28.1
220220262024  0.726  5.0  46.8  7.5  0.49  174.6  28.1
220220262025  0.727  5.0  49.1  7.5  0.51  175.8  28.1
220220262026  0.731  4.8  49.1  7.5  0.58  176.7  28.1
220220262027  0.734  4.7  49.5  7.5  0.54  172.5  28.1
220220262028  0.736  4.7  51.3  7.5  0.59  178.3  28.1
220220262029  0.739  4.6  54.8  7.5  0.52  178.6  28.1
220220262030  0.743  4.5  57.0  6.0  0.63  185.9  28.1
220220262031  0.746  4.5  57.6  6.7  0.54  177.5  28.1
220220262032  0.749  4.5  57.6  6.7  0.59  177.1  28.1
220220262033  0.751  4.4  57.8  6.7  0.69  173.7  28.1
220220262034  0.752  4.5  57.6  6.7  0.64  176.4  28.1
220220262035  0.756  4.4  57.5  6.8  0.66  174.2  28.1
220220262036  0.760  4.7  57.5  7.8  0.78  176.8  28.1
220220262037  0.763  4.8  56.6  7.8  0.77  172.9  28.1
220220262038  0.766  4.9  55.3  7.8  0.80  176.4  28.1
220220262039  0.770  4.9  53.5  7.8  0.73  168.0  28.1
220220262040  0.774  4.8  52.9  7.8  0.84  173.9  28.1
220220262041  0.777  4.8  53.4  7.8  0.82  172.2  28.1
220220262042  0.783  4.8  54.2  7.8  0.83  172.3  28.1
220220262043  0.788  4.7  54.7  7.8  0.81  172.8  28.1
220220262044  0.794  4.9  55.6  7.8  0.82  168.6  28.1
220220262045  0.799  4.9  55.5  7.8  0.94  173.6  28.1
220220262046  0.803  4.9  54.5  7.7  0.92  169.7  28.1
220220262047  0.807  4.9  55.1  7.7  0.99  169.8  28.1
220220262048  0.811  4.9  53.5  7.3  0.98  170.3  28.1
220220262049  0.816  5.0  54.1  7.3  0.91  169.3  28.1
220220262050  0.820  5.3  54.9  7.5  0.89  170.9  28.1
220220262051  0.825  5.3  54.5  7.5  0.77  166.6  28.1
220220262052  0.830  5.5  55.4  7.5  0.98  168.4  28.1
220220262053  0.837  5.6  55.0  7.5  0.90  170.4  28.0
220220262054  0.841  5.5  52.8  7.5  0.79  164.8  28.0
220220262055  0.846  5.5  51.1  7.5  0.91  169.6  28.0
220220262056  0.851  5.5  49.7  7.5  0.79  163.3  28.0
220220262057  0.856  5.4  49.1  7.5  0.97  171.6  28.0
220220262058  0.862  5.3  49.0  7.5  0.87  166.4  28.0
220220262059  0.869  5.2  47.1  7.5  0.83  168.5  28.0
220220262100  0.876  4.9  44.9  7.1  0.82  169.6  28.0
220220262101  0.882  4.7  43.8  7.1  0.92  169.8  28.0
220220262102  0.887  4.6  40.7  7.1  0.80  168.5  28.0
220220262103  0.893  4.5  40.2  7.1  0.91  170.0  28.0
220220262104  0.900  4.3  41.4  6.9  0.86  170.9  28.0
220220262105  0.907  4.5  42.5  7.0  0.92  173.9  28.0
220220262106  0.914  4.5  43.9  7.7  0.89  170.3  28.0
220220262107  0.923  4.6  43.8  7.7  0.84  176.3  28.0
220220262108  0.928  4.7  45.6  7.7  0.87  176.7  28.0
220220262109  0.936  4.7  47.0  7.7  0.77  177.8  28.0
220220262110  0.943  4.8  47.8  7.7  0.88  183.6  28.0
220220262111  0.950  5.0  48.7  7.7  0.86  185.3  28.0
220220262112  0.955  5.0  50.3  7.7  0.78  186.7  28.0
220220262113  0.962  4.9  50.4  7.7  0.82  185.1  28.0
220220262114  0.968  5.1  49.9  7.7  0.74  181.9  28.0
220220262115  0.975  4.9  50.2  7.7  0.84  184.6  28.0
220220262116  0.983  4.8  49.8  7.5  0.94  185.6  28.0
220220262117  0.990  4.7  49.0  6.7  0.91  184.5  28.0
220220262118  0.997  4.6  47.3  6.7  0.88  186.7  28.0
220220262119  1.004  4.6  45.8  6.7  0.91  188.3  27.9
220220262120  1.011  4.5  47.7  6.8  0.92  187.9  27.9
220220262121  1.017  4.6  48.0  6.8  0.79  189.4  27.9
220220262122  1.024  4.7  48.6  6.8  0.84  190.7  27.9
220220262123  1.032  4.8  50.2  6.8  0.64  183.1  27.9
220220262124  1.038  4.7  51.4  6.8  0.84  183.7  27.9
220220262125  1.046  4.7  51.5  6.8  0.85  185.9  27.9
220220262126  1.051  4.6  52.3  6.8  0.88  187.0  27.9
220220262127  1.057  4.5  54.1  6.8  0.80  192.5  28.0
220220262128  1.063  4.4  56.3  6.8  0.63  188.6  28.0
220220262129  1.068  4.2  58.4  6.8  0.69  190.8  28.0
220220262130  1.073  4.1  56.8  6.8  0.82  188.8  28.0
220220262131  1.077  4.1  56.0  6.8  0.69  188.9  28.0
220220262132  1.083  4.0  56.4  6.3  0.89  193.3  28.0
220220262133  1.088  4.0  56.2  6.3  0.86  189.7  27.9
220220262134  1.093  4.1  57.1  6.3  0.75  184.9  27.9
220220262135  1.100  4.2  58.1  6.3  0.89  188.6  27.9
220220262136  1.103  4.1  57.5  6.3  0.92  187.8  27.9
220220262137  1.107  4.2  56.8  6.3  0.94  184.2  27.9
220220262138  1.112  4.3  56.7  6.3  0.95  179.2  27.9
220220262139  1.116  4.4  58.6  6.5  0.90  179.5  27.9
220220262140  1.120  4.6  59.5  6.5  0.94  181.9  27.9
220220262141  1.126  4.5  61.1  6.5  0.95  181.4  27.9
220220262142  1.130  4.6  60.6  6.5  0.88  178.5  27.9
220220262143  1.135  4.7  60.8  6.5  0.89  179.1  27.9
220220262144  1.138  4.6  60.8  6.5  0.94  177.5  27.9
220220262145  1.142  4.6  61.0  6.5  0.83  175.4  27.9
220220262146  1.145  4.8  61.8  6.5  0.85  178.5  27.9
220220262147  1.148  4.9  61.0  6.5  0.87  172.0  27.8
220220262148  1.152  4.9  60.1  6.5  0.94  177.2  27.8
220220262149  1.154  4.9  57.4  6.5  0.84  176.9  27.8
220220262150  1.160  4.7  56.9  6.5  0.87  176.5  27.8
220220262151  1.162  4.7  55.5  6.5  1.03  181.2  27.8
220220262152  1.165  4.6  54.9  6.5  0.95  179.8  27.9
220220262153  1.168  4.6  55.1  6.7  0.89  183.6  27.9
220220262154  1.170  4.6  54.2  6.7  0.83  180.9  27.8
220220262155  1.172  4.5  53.2  6.7  0.74  180.7  27.8
220220262156  1.175  4.4  53.1  6.7  0.92  180.4  27.8
220220262157  1.178  4.3  54.2  6.7  0.72  176.2  27.8
220220262158  1.180  4.3  54.8  6.7  0.85  175.4  27.8
220220262159  1.182  4.2  54.9  6.7  0.87  172.8  27.8
220220262200  1.186  4.3  56.0  6.7  0.95  174.3  27.8
220220262201  1.187  4.3  57.1  6.7  0.81  170.2  27.8
220220262202  1.191  4.3  56.2  6.9  0.80  173.2  27.8
220220262203  1.192  4.4  53.9  6.9  0.87  177.0  27.8
220220262204  1.195  4.5  55.1  6.9  0.97  174.5  27.8
220220262205  1.198  4.6  55.5  6.9  0.86  176.9  27.8
220220262206  1.201  4.8  56.2  6.9  0.94  175.6  27.8
220220262207  1.204  4.7  56.9  6.9  0.85  171.5  27.8
220220262208  1.206  4.6  56.4  6.9  0.81  174.1  27.7
220220262209  1.207  4.6  57.4  6.9  0.83  173.3  27.7
220220262210  1.211  4.5  58.4  6.9  0.81  172.5  27.7
220220262211  1.213  4.6  58.2  6.9  0.85  180.2  27.7
220220262212  1.216  4.9  59.5  8.4  0.79  174.4  27.7
220220262213  1.218  4.9  61.4  8.4  0.85  178.1  27.7
220220262214  1.222  5.1  59.3  8.4  0.76  175.0  27.7
220220262215  1.226  4.9  59.9  8.4  0.90  176.7  27.7
220220262216  1.229  4.9  59.6  8.4  0.80  173.0  27.7
220220262217  1.230  4.9  60.1  8.4  0.84  175.2  27.7
220220262218  1.232  5.0  61.5  8.4  0.64  169.4  27.7
220220262219  1.235  5.1  62.6  8.4  0.76  172.1  27.7
220220262220  1.238  5.1  60.6  8.4  0.81  176.3  27.7
220220262221  1.241  5.2  59.9  8.4  0.74  173.8  27.6
220220262222  1.245  4.9  59.0  8.4  0.84  174.9  27.6
220220262223  1.248  4.7  58.1  7.6  0.78  174.5  27.6
220220262224  1.252  4.6  58.4  7.2  0.76  176.0  27.6
220220262225  1.254  4.6  56.9  7.2  0.69  175.7  27.6
220220262226  1.257  4.4  56.2  7.2  0.74  178.4  27.6
220220262227  1.260  4.5  55.1  7.2  0.83  179.7  27.6
220220262228  1.263  4.6  54.1  7.2  0.80  178.9  27.6
220220262229  1.266  4.7  52.5  7.2  0.76  179.7  27.6
220220262230  1.270  4.7  52.3  6.9  0.72  175.1  27.6
220220262231  1.275  4.7  53.0  6.9  0.81  173.7  27.6
220220262232  1.277  4.6  53.6  6.9  0.83  173.2  27.6
220220262233  1.282  4.6  53.9  6.9  0.89  177.8  27.6
220220262234  1.286  4.6  55.7  6.9  0.88  176.7  27.7
220220262235  1.291  4.7  57.0  6.9  0.82  176.8  27.7
220220262236  1.294  4.8  57.7  6.9  0.87  178.9  27.7
220220262237  1.299  4.7  58.1  6.9  0.75  174.3  27.7
220220262238  1.302  4.6  58.9  6.8  0.83  174.0  27.7
220220262239  1.307  4.4  59.2  6.8  0.87  176.8  27.7
220220262240  1.314  4.4  59.6  7.0  0.79  172.7  27.7
220220262241  1.319  4.5  58.0  7.0  0.88  175.9  27.7
220220262242  1.325  4.4  57.9  7.0  0.74  173.5  27.7
220220262243  1.330  4.5  58.8  7.0  1.00  177.1  27.7
220220262244  1.334  4.6  58.7  7.0  0.93  176.4  27.7
220220262245  1.339  4.4  58.3  7.0  0.99  174.2  27.7
220220262246  1.343  4.4  58.2  7.0  0.92  173.6  27.7
220220262247  1.348  4.2  58.4  7.0  0.90  175.6  27.6
220220262248  1.353  4.0  57.6  7.0  0.87  175.4  27.6
220220262249  1.359  4.1  57.9  7.0  0.95  176.9  27.6
220220262250  1.365  3.8  58.6  6.4  0.96  176.7  27.6
220220262251  1.370  3.6  60.2  6.4  0.97  178.6  27.6
220220262252  1.375  3.5  61.1  6.4  0.92  175.1  27.6
220220262253  1.379  3.5  60.9  6.4  1.00  174.7  27.6
220220262254  1.384  3.6  60.8  7.2  0.97  173.2  27.6
220220262255  1.388  3.7  62.4  7.2  0.97  175.5  27.6
220220262256  1.393  3.8  64.4  7.2  0.91  177.3  27.6
220220262257  1.397  4.0  64.0  7.2  0.90  177.3  27.6
220220262258  1.401  4.1  65.0  7.2  0.92  174.1  27.6
220220262259  1.405  4.1  66.1  7.2  0.92  178.0  27.6
220220262300  1.409  4.2  66.2  7.2  0.83  174.2  27.6
220220262301  1.412  4.3  67.2  7.2  0.90  179.2  27.6
220220262302  1.415  4.4  67.9  7.2  0.88  176.6  27.6
220220262303  1.418  4.3  67.8  7.2  0.71  180.0  27.6
220220262304  1.423  4.1  67.2  6.5  0.73  181.0  27.6
220220262305  1.426  3.8  67.4  5.8  0.70  184.1  27.6
220220262306  1.429  3.7  65.5  5.8  0.70  184.9  27.6
220220262307  1.431  3.7  65.5  5.7  0.69  180.1  27.6
220220262308  1.435  3.8  67.1  6.4  0.72  180.5  27.6
220220262309  1.437  3.8  66.6  6.4  0.75  181.5  27.6
220220262310  1.440  3.9  65.5  6.4  0.66  181.7  27.6
220220262311  1.444  3.9  64.2  6.4  0.87  183.5  27.6
220220262312  1.446  3.8  63.7  6.4  0.76  178.4  27.6
220220262313  1.449  3.8  65.0  6.4  0.82  177.6  27.6
220220262314  1.451  3.8  66.6  6.4  0.81  176.9  27.6
220220262315  1.454  3.8  65.9  6.4  0.90  178.2  27.6
220220262316  1.455  3.7  65.7  6.4  0.90  175.9  27.6
220220262317  1.457  3.6  65.2  6.4  0.81  175.6  27.6
220220262318  1.460  3.4  62.7  6.1  0.85  175.2  27.6
220220262319  1.461  3.4  61.6  6.1  0.82  181.3  27.6
220220262320  1.463  3.4  63.9  6.6  0.86  177.8  27.6
220220262321  1.465  3.5  64.7  6.6  0.84  175.8  27.6
220220262322  1.465  3.5  65.4  6.6  0.73  173.0  27.6
220220262323  1.468  3.5  63.2  6.6  0.82  178.8  27.6
220220262324  1.469  3.6  62.2  6.6  0.77  176.0  27.6
220220262325  1.470  3.7  61.5  6.6  0.88  177.9  27.6
220220262326  1.471  3.9  60.8  6.6  0.68  174.1  27.6
220220262327  1.471  4.1  61.8  6.6  0.77  174.5  27.6
220220262328  1.472  4.1  61.9  6.6  0.69  180.1  27.6
220220262329  1.473  4.1  61.4  6.6  0.69  172.0  27.6
220220262330  1.474  4.1  59.6  6.0  0.64  175.2  27.6
220220262331  1.475  4.0  59.1  6.0  0.67  180.2  27.6
220220262332  1.475  4.0  57.8  6.0  0.57  176.2  27.5
220220262333  1.474  4.0  58.6  6.0  0.60  184.8  27.5
220220262334  1.473  3.9  58.5  6.0  0.52  180.1  27.5
220220262335  1.472  3.8  59.9  6.0  0.66  176.5  27.5
220220262336  1.471  3.6  62.5  6.0  0.43  158.6  27.5
220220262337  1.469  3.5  61.8  5.8  0.67  172.6  27.5
220220262338  1.470  3.6  62.1  5.8  0.56  171.6  27.5
220220262339  1.469  3.7  61.8  5.8  0.63  173.7  27.5
220220262340  1.467  3.8  62.1  6.3  0.60  178.4  27.5
220220262341  1.467  3.9  58.8  6.3  0.37  168.7  27.5
220220262342  1.466  4.1  56.8  6.6  0.58  176.9  27.5
220220262343  1.466  4.1  55.8  6.6  0.52  167.4  27.4
220220262344  1.465  nan  nan  nan  0.65  177.0  27.4
220220262345  1.466  4.4  55.5  6.6  0.61  168.2  27.4
220220262346  1.465  4.5  54.0  6.6  0.59  172.4  27.4
220220262347  1.464  4.6  54.3  6.6  0.54  173.5  27.4
220220262348  1.464  4.4  53.9  6.6  0.49  173.2  27.4
220220262349  1.464  4.3  54.1  6.6  0.43  168.5  27.4
220220262350  1.463  4.1  54.1  6.6  0.50  165.4  27.4
220220262351  1.463  3.9  57.0  6.6  0.51  168.0  27.4
220220262352  1.463  3.7  59.7  6.4  0.46  160.6  27.4
220220262353  1.462  3.5  60.8  6.4  0.46  165.6  27.4
220220262354  1.462  3.1  62.8  5.5  0.52  162.2  27.3
220220262355  1.461  2.7  65.2  5.5  0.50  165.9  27.3
220220262356  1.461  2.4  69.3  5.5  0.43  168.7  27.3
220220262357  1.462  2.2  73.4  4.1  0.49  166.4  27.3
220220262358  1.461  2.1  77.4  4.1  0.41  164.8  27.3
220220262359  1.460  1.9  83.0  4.1  0.48  167.7  27.3
230220260000  1.459  1.6  90.2  3.0  0.38  168.3  27.3
230220260001  1.458  1.6  99.5  2.9  0.46  172.1  27.3
230220260002  1.458  1.5  105.9  2.9  0.49  172.1  27.3
230220260003  1.458  1.3  114.9  2.9  0.40  153.1  27.3
230220260004  1.456  1.3  118.9  2.9  0.38  163.3  27.3
230220260005  1.456  1.3  123.3  2.9  0.46  163.9  27.3
230220260006  1.455  1.2  126.4  2.9  0.57  170.4  27.3
230220260007  1.454  1.0  136.8  2.9  0.48  168.9  27.3
230220260008  1.453  0.8  151.4  2.9  0.51  166.9  27.3
230220260009  1.453  0.8  156.7  2.9  0.53  166.8  27.3
230220260010  1.452  0.7  155.9  2.9  0.50  167.5  27.4
230220260011  1.451  0.5  170.1  1.7  0.45  170.6  27.3
230220260012  1.451  0.4  162.0  2.9  0.42  173.7  27.3
230220260013  1.450  0.4  132.9  2.9  0.48  165.1  27.3
230220260014  1.449  0.5  99.6  2.9  0.34  159.9  27.3
230220260015  1.449  0.6  80.5  2.9  0.45  164.2  27.3
230220260016  1.448  0.9  70.5  4.4  0.41  168.1  27.3
230220260017  1.449  1.3  64.8  4.4  0.39  167.8  27.2
230220260018  1.450  1.7  61.9  4.4  0.31  161.8  27.2
230220260019  1.450  2.0  60.8  4.4  0.29  165.7  27.2
230220260020  1.451  2.3  56.5  5.2  0.43  171.7  27.2
230220260021  1.452  2.9  48.6  7.8  0.40  165.7  27.2
230220260022  1.453  3.2  41.8  7.8  0.46  169.8  27.2
230220260023  1.454  3.6  38.0  7.8  0.29  158.0  27.2
230220260024  1.456  4.0  35.0  7.8  0.32  154.8  27.2
230220260025  1.457  4.3  33.1  7.8  0.40  165.1  27.2
230220260026  1.460  4.6  31.5  7.8  0.25  149.4  27.2
230220260027  1.461  4.8  29.9  7.8  0.42  165.1  27.1
230220260028  1.462  5.2  29.1  7.8  0.45  167.0  27.1
230220260029  1.463  5.4  28.2  7.8  0.39  156.2  27.1
230220260030  1.464  5.4  28.0  7.8  0.54  167.7  27.1
230220260031  1.466  5.3  29.3  7.7  0.53  169.4  27.1
230220260032  1.467  5.3  31.2  7.7  0.49  173.6  27.1
230220260033  1.468  5.2  31.3  7.7  0.49  172.7  27.1
230220260034  1.469  5.1  31.8  7.3  0.52  168.9  27.1
230220260035  1.469  5.1  30.6  7.3  0.50  170.0  27.1
230220260036  1.469  5.0  29.7  7.2  0.50  165.1  27.1
230220260037  1.469  5.0  28.8  7.2  0.47  174.3  27.1
230220260038  1.468  4.8  27.6  7.2  0.54  168.6  27.1
230220260039  1.468  4.7  27.5  7.2  0.45  166.7  27.1
230220260040  1.467  4.7  28.9  7.2  0.42  167.2  27.1
230220260041  1.465  4.4  31.0  7.0  0.53  172.4  27.1
230220260042  1.463  4.5  32.3  7.0  0.42  171.4  27.1
230220260043  1.461  4.6  33.8  7.2  0.51  178.5  27.1
230220260044  1.460  4.7  33.9  7.2  0.50  170.7  27.1
230220260045  1.459  4.7  36.4  7.2  0.40  173.4  27.1
230220260046  1.458  4.6  38.7  7.2  0.43  172.3  27.1
230220260047  1.456  4.6  41.3  7.2  0.36  166.5  27.1
230220260048  1.455  4.9  41.8  7.5  0.41  160.3  27.1
230220260049  1.453  5.0  41.8  7.5  0.37  165.0  27.1
230220260050  1.452  5.4  40.2  8.7  0.37  177.0  27.1
230220260051  1.451  5.5  39.2  8.7  0.35  159.1  27.1
230220260052  1.450  5.5  39.7  8.7  0.41  161.6  27.1
230220260053  1.449  5.5  41.2  8.7  0.26  163.8  27.1
230220260054  1.447  5.5  42.7  8.7  0.38  164.0  27.1
230220260055  1.445  5.6  44.8  8.7  0.40  161.3  27.1
230220260056  1.443  5.6  45.2  8.7  0.34  164.8  27.1
230220260057  1.440  5.6  44.5  8.7  0.22  173.8  27.1
230220260058  1.438  5.4  46.7  8.7  0.05  97.8  27.1
230220260059  1.437  5.3  48.3  8.7  0.33  172.3  27.1
230220260100  1.433  5.1  49.3  7.1  0.28  177.2  27.1
230220260101  1.430  5.2  48.2  8.0  0.28  173.3  27.1
230220260102  1.428  5.3  47.6  8.0  0.25  166.6  27.1
230220260103  1.425  5.3  46.5  8.5  0.30  164.8  27.1
230220260104  1.422  5.3  45.6  8.5  0.25  160.6  27.1
230220260105  1.419  5.4  43.7  8.5  0.20  176.8  27.1
230220260106  1.417  5.3  42.2  8.5  0.19  165.0  27.1
230220260107  1.414  5.5  42.2  8.5  0.24  176.2  27.1
230220260108  1.411  5.5  40.4  8.5  0.17  135.3  27.1
230220260109  1.408  5.6  38.7  8.5  0.24  161.1  27.1
230220260110  1.406  5.5  38.1  8.5  0.17  166.4  27.1
230220260111  1.403  5.4  38.8  8.5  0.20  175.8  27.1
230220260112  1.400  5.3  38.3  8.5  0.15  126.2  27.1
230220260113  1.396  5.3  38.4  7.7  0.17  110.5  27.1
230220260114  1.393  5.1  38.1  7.7  0.29  158.4  27.1
230220260115  1.390  4.9  37.6  7.7  0.23  168.6  27.1
230220260116  1.387  4.8  38.6  7.7  0.23  161.1  27.1
230220260117  1.385  4.8  39.7  7.7  0.13  131.1  27.1
230220260118  1.381  4.7  40.5  6.8  0.12  134.7  27.1
230220260119  1.377  4.7  41.7  6.8  0.13  123.1  27.1
230220260120  1.373  4.7  43.5  6.8  0.19  156.5  27.1
230220260121  1.369  4.8  44.0  6.8  0.13  135.1  27.1
230220260122  1.365  4.8  43.4  7.0  0.10  83.4  27.1
230220260123  1.361  4.8  43.8  7.0  0.15  136.1  27.1
230220260124  1.356  5.0  44.1  7.3  0.06  107.9  27.1
230220260125  1.353  5.0  45.5  7.3  0.09  122.9  27.1
230220260126  1.348  5.2  45.6  7.3  0.08  162.8  27.1
230220260127  1.344  5.2  45.4  7.5  0.08  151.8  27.1
230220260128  1.338  5.2  44.5  7.5  0.14  57.8  27.1
230220260129  1.334  5.2  43.9  7.5  0.11  147.8  27.1
230220260130  1.329  5.1  43.3  7.5  0.07  66.7  27.1
230220260131  1.324  5.0  43.9  7.5  0.11  34.8  27.1
230220260132  1.320  4.8  46.0  7.5  0.09  124.3  27.1
230220260133  1.316  4.8  46.7  7.5  0.10  59.0  27.1
230220260134  1.310  4.8  46.8  7.5  0.05  2.9  27.1
230220260135  1.306  4.8  44.0  7.5  0.14  357.3  27.1
230220260136  1.303  4.7  42.1  7.5  0.14  35.8  27.1
230220260137  1.297  4.7  40.7  7.4  0.03  125.0  27.1
230220260138  1.292  4.6  40.0  7.4  0.22  1.7  27.1
230220260139  1.289  4.6  41.4  7.4  0.16  11.4  27.1
230220260140  1.285  4.7  42.6  7.4  0.20  356.9  27.1
230220260141  1.280  4.8  41.8  7.4  0.14  342.0  27.1
230220260142  1.278  4.7  40.5  7.4  0.15  350.6  27.1
230220260143  1.274  4.7  39.1  7.4  0.16  343.4  27.1
230220260144  1.271  4.7  38.5  7.4  0.17  359.5  27.1
230220260145  1.268  4.6  38.8  6.6  0.10  359.1  27.1
230220260146  1.265  4.8  41.5  8.0  0.16  3.2  27.1
230220260147  1.262  4.8  41.9  8.0  0.20  6.6  27.1
230220260148  1.260  4.8  43.2  8.0  0.04  7.5  27.1
230220260149  1.256  4.8  42.5  8.0  0.06  331.1  27.1
230220260150  1.255  4.9  41.5  8.0  0.15  342.1  27.1
230220260151  1.253  4.9  42.1  8.0  0.13  5.7  27.1
230220260152  1.251  5.0  44.0  8.0  0.19  358.6  27.1
230220260153  1.249  5.1  44.6  8.0  0.06  60.0  27.1
230220260154  1.247  5.2  45.7  8.0  0.14  349.8  27.1
230220260155  1.244  5.3  47.0  8.2  0.07  350.6  27.1
230220260156  1.242  5.2  46.1  8.2  0.04  308.8  27.1
230220260157  1.240  5.2  47.2  8.2  0.04  358.7  27.1
230220260158  1.238  5.2  47.2  8.2  0.07  1.6  27.1
230220260159  1.237  5.3  47.2  8.2  0.08  17.9  27.1
230220260200  1.236  5.3  48.1  8.2  0.08  348.2  27.1
230220260201  1.235  5.5  47.9  8.2  0.09  321.4  27.1
230220260202  1.232  5.4  46.1  8.2  0.08  4.3  27.1
230220260203  1.230  5.3  46.0  8.2  nan  nan  nan
230220260204  1.229  5.3  45.3  8.2  0.04  7.5  27.1
230220260205  1.227  5.3  46.1  9.1  0.10  12.2  27.1
230220260206  1.224  5.3  47.0  9.1  0.05  219.7  27.1
230220260207  1.222  5.3  46.5  9.1  0.18  36.3  27.1
230220260208  1.220  5.3  46.5  9.1  nan  nan  nan
230220260209  1.218  5.3  46.4  9.1  0.03  225.5  27.1
230220260210  1.216  5.3  46.1  9.1  0.13  20.6  27.1
230220260211  1.214  5.2  45.9  9.1  0.03  346.4  27.1
230220260212  1.211  5.4  46.6  9.1  0.11  326.4  27.1
230220260213  1.208  5.6  45.9  9.1  0.15  359.4  27.1
230220260214  1.204  5.6  45.9  9.1  0.18  3.1  27.2
230220260215  1.200  5.5  45.9  8.1  0.24  0.7  27.2
230220260216  1.199  5.6  45.3  8.1  0.33  2.1  27.2
230220260217  1.196  5.8  45.4  9.7  0.23  14.4  27.2
230220260218  1.193  5.9  45.4  9.7  0.35  8.1  27.2
230220260219  1.192  6.0  45.1  9.7  0.27  21.8  27.2
230220260220  1.189  5.8  45.0  9.7  0.38  15.0  27.2
230220260221  1.186  5.7  45.0  9.7  0.36  23.0  27.2
230220260222  1.183  5.7  45.1  9.7  0.39  11.1  27.2
230220260223  1.178  5.7  46.7  9.7  0.31  10.7  27.3
230220260224  1.175  5.7  47.6  9.7  0.42  3.9  27.3
230220260225  1.169  5.6  46.8  9.7  0.41  8.4  27.3
230220260226  1.166  5.5  46.9  9.7  0.34  10.0  27.3
230220260227  1.161  5.3  46.0  9.1  0.33  0.6  27.3
230220260228  1.157  5.3  45.2  8.8  0.37  358.5  27.3
230220260229  1.153  5.2  45.4  8.8  0.32  12.1  27.3
230220260230  1.150  5.3  44.3  8.8  0.29  6.1  27.3
230220260231  1.144  5.4  42.5  8.8  0.38  7.4  27.3
230220260232  1.139  5.4  41.7  8.8  0.45  10.2  27.3
230220260233  1.133  5.4  40.0  8.8  0.59  9.8  27.3
230220260234  1.128  5.3  38.4  8.8  0.60  13.5  27.3
230220260235  1.123  5.3  37.0  8.8  0.60  12.2  27.3
230220260236  1.119  5.2  36.0  8.8  0.56  8.8  27.3
230220260237  1.115  5.5  35.4  8.8  0.73  13.8  27.2
230220260238  1.110  5.4  35.3  7.7  0.52  19.9  27.2
230220260239  1.105  5.4  35.0  7.7  0.58  15.9  27.2
230220260240  1.100  5.5  35.4  8.4  0.85  19.2  27.2
230220260241  1.095  5.4  36.8  8.4  0.54  14.9  27.2
230220260242  1.088  5.3  35.8  8.4  0.66  15.6  27.2
230220260243  1.084  5.4  35.4  8.4  0.64  13.5  27.2
230220260244  1.080  5.5  34.8  8.4  0.61  9.1  27.2
230220260245  1.076  5.7  34.4  8.4  0.64  12.8  27.3
230220260246  1.072  5.9  34.8  8.9  0.67  6.2  27.3
230220260247  1.067  5.9  35.9  8.9  0.76  12.3  27.3
230220260248  1.063  5.8  36.1  8.9  0.71  14.7  27.3
230220260249  1.058  5.9  37.3  8.9  0.64  9.5  27.3
230220260250  1.053  5.8  38.3  8.9  0.54  13.1  27.3
230220260251  1.047  5.8  40.4  8.9  0.68  10.3  27.3
230220260252  1.042  5.7  42.5  8.9  0.75  7.0  27.3
230220260253  1.037  5.6  45.5  8.9  0.69  12.1  27.3
230220260254  1.032  5.4  47.6  8.9  0.80  7.1  27.3
230220260255  1.028  5.2  50.5  8.9  0.65  3.3  27.3
230220260256  1.024  4.9  53.2  8.2  0.64  4.1  27.3
230220260257  1.020  4.7  56.5  7.2  0.65  5.2  27.3
230220260258  1.015  4.6  56.2  7.2  0.75  7.5  27.3
230220260259  1.010  4.4  55.3  7.0  0.68  2.0  27.3
230220260300  1.005  4.5  54.0  7.7  0.68  5.7  27.3
230220260301  1.001  4.4  51.2  7.7  0.68  7.9  27.3
230220260302  0.997  4.5  51.3  7.7  0.74  6.7  27.3
230220260303  0.993  4.4  49.0  7.7  0.64  6.2  27.3
230220260304  0.990  4.6  48.0  7.7  0.70  5.2  27.3
230220260305  0.988  4.9  47.6  7.7  0.69  7.4  27.3
230220260306  0.983  5.0  45.9  7.7  0.67  8.3  27.3
230220260307  0.979  5.0  43.7  7.7  0.71  3.1  27.3
230220260308  0.976  5.1  44.4  7.7  0.76  7.1  27.3
230220260309  0.971  5.1  45.1  7.7  0.64  359.0  27.3
230220260310  0.967  5.1  45.9  7.6  0.66  1.7  27.3
230220260311  0.964  5.1  46.7  7.6  0.68  1.0  27.3
230220260312  0.961  5.0  44.8  7.6  0.66  358.7  27.3
230220260313  0.955  5.0  44.8  7.6  0.60  355.6  27.3
230220260314  0.952  4.7  45.0  7.1  0.54  355.9  27.3
230220260315  0.947  4.4  45.8  7.0  0.63  358.2  27.3
230220260316  0.943  4.1  49.6  7.0  0.60  2.3  27.4
230220260317  0.940  3.6  55.1  7.0  0.55  358.1  27.4
230220260318  0.935  3.2  61.8  7.0  0.64  358.8  27.4
230220260319  0.932  2.8  71.2  7.0  0.66  5.4  27.4
230220260320  0.927  2.5  83.3  5.8  0.51  0.4  27.4
230220260321  0.923  2.3  101.5  5.2  0.58  3.7  27.4
230220260322  0.918  2.4  123.3  5.6  0.59  6.4  27.4
230220260323  0.915  2.7  139.7  5.6  0.56  8.4  27.4
230220260324  0.912  3.1  148.3  5.6  0.71  6.6  27.4
230220260325  0.908  3.5  155.4  5.6  0.62  12.2  27.4
230220260326  0.905  3.8  161.6  5.6  0.71  5.3  27.4
230220260327  0.900  3.9  165.9  5.6  0.68  10.7  27.4
230220260328  0.896  4.0  170.1  5.6  0.57  15.4  27.4
230220260329  0.892  4.1  173.9  5.6  0.67  13.7  27.4
230220260330  0.888  4.0  182.7  5.6  0.61  14.0  27.4
230220260331  0.885  3.9  188.4  5.6  0.59  7.0  27.4
230220260332  0.880  3.7  191.3  5.3  0.59  9.6  27.4
230220260333  0.879  3.7  195.6  5.3  0.57  18.1  27.4
230220260334  0.876  3.7  200.9  5.3  0.71  10.9  27.4
230220260335  0.875  3.8  204.7  5.3  0.71  14.7  27.4
230220260336  0.873  3.9  207.4  5.2  0.76  13.4  27.4
230220260337  0.869  3.8  208.3  5.0  0.67  14.8  27.4
230220260338  0.867  3.9  208.9  5.0  0.71  16.3  27.4
230220260339  0.865  3.9  209.2  5.0  0.74  14.8  27.4
230220260340  0.862  4.0  205.0  5.1  0.77  12.9  27.4
230220260341  0.857  4.2  203.3  5.3  0.73  16.1  27.4
230220260342  0.854  4.4  201.9  5.3  0.76  16.3  27.4
230220260343  0.852  4.4  199.9  5.3  0.78  13.4  27.4
230220260344  0.850  4.5  197.9  5.3  0.75  10.9  27.4
230220260345  0.847  4.4  195.3  5.3  0.58  17.0  27.4
230220260346  0.844  4.4  193.4  5.3  0.72  14.0  27.4
230220260347  0.839  4.4  192.8  5.3  0.64  16.3  27.4
230220260348  0.835  4.4  192.3  5.3  0.69  10.2  27.4
230220260349  0.830  4.4  192.5  5.3  0.58  16.1  27.4
230220260350  0.826  4.4  193.3  5.3  0.81  15.9  27.4
230220260351  0.822  4.4  194.1  5.4  0.67  11.7  27.4
230220260352  0.816  4.3  195.5  5.4  0.63  9.3  27.4
230220260353  0.812  4.2  197.6  5.4  0.73  6.5  27.4
230220260354  0.807  4.2  200.5  5.4  0.78  6.3  27.4
230220260355  0.804  4.3  204.7  5.7  0.72  3.9  27.4
230220260356  0.800  4.5  207.4  6.1  0.63  4.5  27.4
230220260357  0.794  4.7  209.6  6.1  0.76  8.4  27.4
230220260358  0.789  4.7  211.5  6.1  0.68  1.8  27.4
230220260359  0.785  4.8  213.7  6.1  0.82  3.2  27.4
230220260400  0.780  4.7  215.1  6.1  0.59  1.5  27.4
230220260401  0.775  4.6  215.1  6.1  0.70  2.0  27.4
230220260402  0.769  4.6  214.9  6.1  0.82  2.5  27.4
230220260403  0.765  4.6  214.0  6.1  0.63  359.8  27.4
230220260404  0.760  4.6  213.0  6.1  0.68  358.6  27.4
230220260405  0.755  4.5  211.5  6.1  0.79  357.7  27.5
230220260406  0.750  4.3  211.3  6.0  0.76  2.3  27.5
230220260407  0.745  4.2  211.7  5.6  0.77  359.1  27.5
230220260408  0.741  4.1  211.0  5.3  0.81  1.2  27.5
230220260409  0.736  4.1  209.5  5.0  0.76  0.1  27.5
230220260410  0.732  4.1  209.4  5.0  0.91  2.5  27.5
230220260411  0.730  4.2  210.2  5.0  0.74  359.6  27.5
230220260412  0.726  4.1  210.6  4.9  0.87  6.8  27.5
230220260413  0.721  4.1  210.4  4.9  0.85  1.8  27.5
230220260414  0.719  4.1  211.3  4.9  0.94  3.7  27.5
230220260415  0.714  4.1  212.9  4.9  0.92  4.3  27.5
230220260416  0.710  4.2  214.0  4.9  0.85  6.7  27.5
230220260417  0.704  4.1  215.0  4.9  1.01  4.9  27.5
230220260418  0.700  4.1  216.3  4.9  0.94  8.1  27.5
230220260419  0.697  4.2  217.1  5.2  1.02  9.5  27.5
230220260420  0.694  4.1  217.3  5.2  1.02  6.0  27.5
230220260421  0.691  4.1  216.6  5.2  1.03  8.8  27.5
230220260422  0.687  4.2  216.3  5.2  0.95  7.4  27.5
230220260423  0.685  4.2  217.7  5.2  0.81  5.3  27.5
230220260424  0.679  4.2  217.9  5.2  0.98  7.1  27.5
230220260425  0.675  4.3  217.7  5.2  0.94  7.4  27.5
230220260426  0.670  4.4  217.7  5.2  0.94  5.3  27.5
230220260427  0.666  4.4  216.9  5.2  1.07  6.5  27.5
230220260428  0.662  4.4  216.7  5.2  0.92  7.2  27.5
230220260429  0.659  4.4  216.8  5.2  0.96  9.3  27.5
230220260430  0.655  4.4  217.0  5.2  0.82  6.1  27.5
230220260431  0.654  4.4  218.7  5.2  0.97  8.7  27.5
230220260432  0.651  4.4  219.8  5.2  0.91  9.8  27.5
230220260433  0.649  4.4  220.3  5.4  0.87  11.0  27.5
230220260434  0.647  4.5  220.1  5.4  0.94  7.5  27.5
230220260435  0.644  4.6  219.2  5.5  0.84  6.7  27.5
230220260436  0.639  4.6  219.1  5.5  0.93  7.6  27.5
230220260437  0.636  4.6  219.4  5.5  0.98  10.5  27.5
230220260438  0.633  4.6  219.4  5.5  0.86  7.5  27.5
230220260439  0.630  4.7  218.8  5.5  0.94  11.2  27.5
230220260440  0.625  4.8  218.5  5.5  0.81  12.1  27.5
230220260441  0.623  4.8  216.9  5.5  0.79  5.1  27.5
230220260442  0.620  4.7  215.0  5.5  0.93  8.4  27.5
230220260443  0.616  4.6  211.4  5.5  0.83  8.1  27.5
230220260444  0.613  4.5  208.3  5.5  0.77  6.3  27.5
230220260445  0.610  4.5  207.6  5.2  0.86  6.8  27.5
230220260446  0.607  4.2  201.2  5.2  0.75  8.1  27.5
230220260447  0.604  4.1  193.9  6.1  0.72  10.2  27.5
230220260448  0.601  4.2  188.4  6.1  0.77  8.0  27.5
230220260449  0.597  4.1  184.0  6.1  0.70  7.8  27.5
230220260450  0.594  4.1  180.4  6.1  0.78  7.6  27.5
230220260451  0.592  4.3  177.7  6.1  0.80  10.0  27.5
230220260452  0.589  4.4  175.6  6.1  0.76  7.2  27.5
230220260453  0.587  4.3  175.9  6.1  0.76  9.6  27.5
230220260454  0.585  4.2  175.0  6.1  0.83  8.5  27.5
230220260455  0.582  4.1  172.1  6.1  0.72  6.6  27.5
230220260456  0.580  4.0  175.1  6.1  0.72  10.2  27.5
230220260457  0.576  3.8  176.3  5.9  0.86  10.0  27.5
230220260458  0.573  3.7  179.7  5.9  0.80  2.2  27.5
230220260459  0.568  3.7  182.2  5.9  0.74  7.8  27.5
230220260500  0.565  3.6  184.3  5.9  0.78  3.3  27.5
230220260501  0.560  3.4  186.0  5.9  0.77  5.7  27.5
230220260502  0.557  3.3  188.5  4.9  0.80  4.8  27.6
230220260503  0.555  3.3  190.4  4.6  0.77  8.1  27.5
230220260504  0.552  3.4  193.5  4.6  0.80  8.9  27.6
230220260505  0.550  3.4  197.1  4.6  0.78  5.1  27.6
230220260506  0.549  3.6  201.2  4.6  0.74  3.2  27.6
230220260507  0.546  3.7  206.9  4.6  0.67  3.3  27.6
230220260508  0.544  3.7  211.2  4.6  0.85  5.0  27.6
230220260509  0.543  3.6  216.9  4.6  0.67  10.3  27.6
230220260510  0.541  3.6  221.0  4.6  0.75  3.7  27.6
230220260511  0.537  3.6  226.2  4.6  0.65  3.3  27.6
230220260512  0.535  3.5  231.5  4.6  0.77  3.8  27.6
230220260513  0.534  3.5  237.3  4.6  0.85  8.0  27.6
230220260514  0.530  3.5  241.1  4.6  0.85  8.3  27.6
230220260515  0.529  3.5  243.6  4.6  0.80  5.9  27.6
230220260516  0.528  3.4  246.0  4.6  0.77  5.7  27.6
230220260517  0.525  3.3  247.8  4.5  0.66  2.0  27.6
230220260518  0.522  3.2  247.5  4.1  0.71  1.0  27.6
230220260519  0.521  3.1  245.6  4.1  0.69  2.1  27.6
230220260520  0.518  3.0  243.1  4.1  0.65  358.5  27.6
230220260521  0.516  3.0  240.3  4.0  0.75  6.7  27.6
230220260522  0.514  2.9  237.4  4.0  0.81  7.1  27.6
230220260523  0.511  2.8  233.5  4.0  0.75  7.3  27.6
230220260524  0.509  2.8  230.0  4.0  0.80  4.3  27.6
230220260525  0.507  2.6  226.1  4.0  0.78  2.1  27.6
230220260526  0.503  2.6  223.3  4.0  0.63  356.0  27.6
230220260527  0.501  2.6  218.3  4.0  0.73  4.5  27.6
230220260528  0.499  2.6  213.4  4.0  0.80  4.1  27.6
230220260529  0.497  2.7  209.5  4.0  0.79  5.2  27.6
230220260530  0.495  2.8  208.3  4.8  0.65  4.7  27.6
230220260531  0.492  3.0  207.2  5.2  0.74  9.2  27.6
230220260532  0.491  3.2  206.5  5.2  0.84  7.6  27.6
230220260533  0.488  3.4  207.5  5.2  0.78  5.7  27.6
230220260534  0.488  3.6  209.0  5.2  0.76  358.2  27.6
230220260535  0.486  3.8  210.6  5.2  0.68  6.2  27.6
230220260536  0.484  4.0  212.7  5.2  0.65  6.1  27.6
230220260537  0.484  4.3  215.1  5.2  0.79  5.8  27.6
230220260538  0.481  4.5  217.2  5.2  0.82  1.6  27.6
230220260539  0.479  4.7  218.2  5.2  0.68  0.5  27.6
230220260540  0.477  4.7  218.5  5.3  0.72  2.7  27.6
230220260541  0.475  4.7  218.7  5.3  0.73  5.4  27.6
230220260542  0.473  4.7  219.4  5.3  0.73  4.8  27.6
230220260543  0.471  4.5  220.2  5.3  0.77  7.7  27.6
230220260544  0.469  4.4  220.5  5.3  0.75  2.3  27.6
230220260545  0.465  4.2  222.0  5.3  0.74  4.6  27.6
230220260546  0.464  4.0  222.5  5.3  0.67  1.1  27.6
230220260547  0.462  3.7  223.6  5.3  0.85  8.3  27.6
230220260548  0.460  3.5  224.9  5.3  0.86  4.8  27.6
230220260549  0.459  3.4  226.3  5.3  0.57  2.4  27.6
230220260550  0.458  3.2  228.3  4.6  0.78  3.3  27.6
230220260551  0.455  3.2  229.5  4.4  0.70  4.6  27.6
230220260552  0.455  3.2  231.0  4.3  0.47  341.2  27.6
230220260553  0.453  3.2  229.2  5.5  0.67  4.5  27.6
230220260554  0.452  3.4  226.9  6.1  0.77  0.8  27.6
230220260555  0.450  3.7  224.0  6.1  0.67  2.9  27.6
230220260556  0.449  4.0  222.1  6.1  0.73  6.6  27.6
230220260557  0.448  4.2  220.3  6.1  0.81  1.9  27.6
230220260558  0.448  4.4  219.9  6.1  0.71  8.9  27.6
230220260559  0.447  4.6  219.8  6.1  0.71  0.8  27.6
230220260600  0.449  4.8  219.0  6.1  0.76  3.7  27.6
230220260601  0.446  5.0  218.3  6.1  0.67  0.2  27.6
230220260602  0.446  5.1  217.5  6.1  0.67  1.8  27.6
230220260603  0.444  5.1  217.8  6.1  0.70  6.2  27.6
230220260604  0.444  5.0  219.1  6.0  0.57  359.0  27.6
230220260605  0.444  4.9  220.9  6.0  0.71  3.4  27.6
230220260606  0.444  4.8  220.6  5.8  0.63  2.5  27.6
230220260607  0.444  4.7  220.7  5.8  0.67  360.0  27.6
230220260608  0.444  4.7  219.9  5.8  0.70  3.3  27.6
230220260609  0.444  4.7  218.8  5.8  0.71  0.0  27.6
230220260610  0.444  4.7  218.9  5.8  0.70  3.3  27.6
230220260611  0.446  4.7  219.3  5.7  0.71  0.3  27.6
230220260612  0.447  4.7  219.4  5.7  0.60  359.2  27.6
230220260613  0.449  4.7  220.0  5.7  0.62  359.3  27.6
230220260614  0.450  4.7  220.4  5.7  0.44  340.1  27.6
230220260615  0.451  4.8  219.4  5.7  0.60  2.7  27.6
230220260616  0.452  4.8  219.6  5.7  0.54  356.4  27.6
230220260617  0.453  4.8  219.7  5.7  0.60  357.5  27.6
230220260618  0.454  4.9  219.8  5.6  0.65  1.2  27.6
230220260619  0.455  4.9  220.7  5.6  0.51  357.7  27.6
230220260620  0.456  4.9  219.8  5.9  0.62  3.0  27.6
230220260621  0.456  5.0  219.6  6.1  0.59  354.4  27.6
230220260622  0.455  5.0  219.7  6.2  0.55  358.2  27.6
230220260623  0.455  5.0  218.9  6.2  0.61  2.5  27.6
230220260624  0.455  5.0  217.6  6.2  0.58  0.7  27.6
230220260625  0.455  4.9  217.0  6.2  0.54  357.4  27.6
230220260626  0.455  4.8  216.5  6.2  0.57  1.6  27.6
230220260627  0.454  4.7  214.8  6.2  0.61  357.3  27.6
230220260628  0.453  4.6  214.1  6.2  0.53  356.7  27.6
230220260629  0.452  4.6  213.1  6.2  0.64  3.6  27.6
230220260630  0.451  4.5  214.4  6.2  0.54  354.9  27.6
230220260631  0.450  4.3  214.7  6.2  0.51  358.7  27.6
230220260632  0.450  4.2  213.4  5.6  0.50  0.9  27.6
230220260633  0.448  4.1  214.0  5.3  0.53  357.6  27.6
230220260634  0.448  4.0  215.2  5.3  0.61  1.4  27.6
230220260635  0.448  3.9  216.6  5.3  0.49  359.0  27.6
230220260636  0.448  4.0  218.6  5.3  0.59  356.8  27.6
230220260637  0.447  3.8  221.4  5.1  0.64  3.9  27.6
230220260638  0.447  3.7  221.8  4.5  0.54  359.6  27.6
230220260639  0.447  3.6  220.2  4.5  0.58  357.7  27.6
230220260640  0.447  3.5  214.7  4.5  0.53  353.9  27.6
230220260641  0.448  3.4  209.0  4.5  0.54  0.4  27.6
230220260642  0.449  3.3  204.9  4.5  0.54  5.5  27.6
230220260643  0.451  3.4  199.5  4.8  0.56  5.3  27.6
230220260644  0.451  3.5  194.7  4.8  0.52  2.9  27.6
230220260645  0.452  3.6  189.6  4.8  0.59  353.8  27.6
230220260646  0.453  3.6  184.1  4.8  0.51  2.7  27.6
230220260647  0.454  3.6  178.2  4.8  0.55  0.8  27.6
230220260648  0.455  3.6  173.7  4.8  0.44  1.0  27.6
230220260649  0.458  3.4  171.2  4.8  0.50  358.6  27.6
230220260650  0.460  3.2  171.2  4.8  0.47  4.3  27.6
230220260651  0.462  2.9  171.8  4.8  0.51  359.2  27.6
230220260652  0.464  2.6  172.1  4.8  0.46  358.3  27.6
230220260653  0.466  2.1  172.7  4.6  0.48  6.0  27.6
230220260654  0.468  1.8  175.6  4.6  0.45  356.0  27.6
230220260655  0.469  1.4  184.4  3.6  0.42  357.7  27.6
230220260656  0.471  1.1  197.7  3.6  0.47  0.6  27.7
230220260657  0.472  1.1  215.8  3.6  0.43  352.2  27.7
230220260658  0.476  1.1  227.8  2.5  0.40  0.7  27.7
230220260659  0.478  1.2  233.5  2.5  0.46  3.7  27.7
230220260700  0.478  1.2  245.3  2.5  0.49  358.1  27.7
230220260701  0.479  1.1  258.2  2.5  0.41  354.2  27.6
230220260702  0.481  0.8  267.0  3.8  0.51  352.9  27.6
230220260703  0.481  0.5  308.5  6.2  0.41  1.1  27.7
230220260704  0.482  0.7  2.5  6.2  0.41  2.7  27.7
230220260705  0.484  1.2  40.7  7.8  0.48  355.1  27.7
230220260706  0.484  1.6  57.0  7.8  0.39  358.7  27.7
230220260707  0.486  2.2  58.6  7.8  0.33  351.4  27.7
230220260708  0.488  2.9  59.3  7.8  0.42  1.4  27.7
230220260709  0.487  3.5  65.7  9.5  0.35  350.3  27.7
230220260710  0.490  4.0  65.5  9.5  0.42  3.4  27.7
230220260711  0.491  4.4  68.1  9.5  0.27  357.3  27.7
230220260712  0.493  4.6  70.5  9.5  0.31  352.4  27.7
230220260713  0.494  4.5  76.1  9.5  0.31  2.0  27.7
230220260714  0.496  4.5  80.4  9.5  0.43  356.7  27.7
230220260715  0.497  4.3  82.6  9.5  0.30  356.3  27.7
230220260716  0.499  4.4  80.3  9.5  0.33  357.3  27.7
230220260717  0.501  4.5  79.1  9.5  0.29  346.9  27.7
230220260718  0.502  4.4  81.0  9.5  0.16  340.9  27.7
230220260719  0.502  4.3  78.0  7.5  0.25  344.6  27.7
230220260720  0.503  4.3  79.6  7.5  0.19  348.8  27.7
230220260721  0.504  4.2  80.7  7.5  0.24  347.7  27.7
230220260722  0.505  4.1  78.4  7.5  0.21  347.0  27.7
230220260723  0.508  4.1  74.9  7.5  0.27  353.1  27.7
230220260724  0.509  4.2  72.9  7.5  0.26  0.5  27.7
230220260725  0.510  4.2  73.4  7.5  0.24  357.9  27.7
230220260726  0.513  3.9  73.9  7.5  0.17  344.6  27.7
230220260727  0.514  3.8  76.4  7.5  0.09  344.6  27.7
230220260728  0.516  3.4  78.3  7.2  0.20  357.9  27.7
230220260729  0.516  3.2  81.3  7.2  0.31  358.8  27.7
230220260730  0.519  3.0  84.7  5.9  0.16  349.5  27.7
230220260731  0.520  2.7  87.4  5.2  0.16  356.6  27.7
230220260732  0.524  2.5  91.9  4.9  0.09  2.4  27.7
230220260733  0.526  2.2  94.5  4.9  0.22  5.4  27.7
230220260734  0.528  1.9  102.8  4.9  0.12  338.4  27.7
230220260735  0.530  1.7  109.4  4.9  0.24  359.7  27.7
230220260736  0.531  1.6  113.1  4.9  0.02  214.4  27.7
230220260737  0.532  1.5  114.5  3.6  0.10  0.7  27.7
230220260738  0.535  1.4  105.7  3.6  0.11  1.2  27.7
230220260739  0.536  1.2  106.4  3.6  0.05  334.5  27.7
230220260740  0.538  1.0  111.8  3.6  0.03  319.8  27.7
230220260741  0.541  1.0  107.8  3.6  0.05  331.7  27.7
230220260742  0.543  1.1  97.3  5.1  0.08  341.1  27.7
230220260743  0.546  1.5  93.0  5.1  0.08  169.0  27.7
230220260744  0.549  1.8  84.4  5.1  0.02  210.0  27.7
230220260745  0.552  2.1  78.2  5.1  0.08  342.2  27.7
230220260746  0.555  2.5  77.3  5.1  0.07  273.7  27.7
230220260747  0.557  2.6  81.0  5.1  0.03  287.1  27.7
230220260748  0.560  2.7  81.9  5.1  0.13  214.7  27.7
230220260749  0.564  3.0  80.2  5.1  0.13  216.2  27.7
230220260750  0.567  3.2  78.5  5.1  0.12  241.0  27.7
230220260751  0.572  3.3  78.6  5.1  0.08  209.7  27.7
230220260752  0.578  3.3  81.8  5.0  0.20  220.8  27.6
230220260753  0.581  3.1  87.2  5.0  0.20  207.9  27.6
230220260754  0.585  2.9  94.8  5.0  0.16  218.2  27.6
230220260755  0.587  2.8  99.5  4.9  0.11  240.7  27.6
230220260756  0.591  2.7  105.3  4.9  0.23  197.2  27.6
230220260757  0.593  2.4  105.8  4.3  0.18  213.2  27.6
230220260758  0.598  2.2  106.1  4.2  0.20  201.4  27.6
230220260759  0.602  2.2  104.2  4.2  0.11  210.0  27.6
230220260800  0.606  2.2  101.3  4.2  0.24  212.2  27.6
230220260801  0.609  2.2  96.5  4.8  0.22  219.9  27.6
230220260802  0.612  2.3  92.5  4.8  0.31  201.4  27.6
230220260803  0.615  2.5  85.5  4.8  0.27  197.8  27.6
230220260804  0.619  2.6  78.2  4.8  0.38  198.5  27.6
230220260805  0.622  2.6  74.9  4.8  0.30  203.3  27.6
230220260806  0.626  2.8  70.2  4.9  0.36  203.7  27.6
230220260807  0.631  3.0  71.5  5.0  0.44  197.4  27.6
230220260808  0.634  3.2  74.4  5.3  0.37  195.7  27.6
230220260809  0.637  3.4  75.9  5.3  0.41  184.8  27.6
230220260810  0.640  3.6  77.0  5.3  0.29  181.0  27.6
230220260811  0.644  3.6  78.3  5.3  0.29  180.2  27.6
230220260812  0.646  3.6  78.3  5.3  0.18  169.7  27.6
230220260813  0.649  3.7  78.1  5.3  0.19  147.1  27.6
230220260814  0.653  3.8  79.9  5.3  0.24  173.2  27.5
230220260815  0.655  3.8  80.6  5.3  0.31  169.5  27.5
230220260816  0.657  3.9  81.6  5.3  0.20  172.1  27.5
230220260817  0.658  4.0  81.8  5.3  0.19  187.7  27.5
230220260818  0.660  3.9  80.6  5.3  0.17  163.4  27.5
230220260819  0.661  4.0  78.9  5.3  0.20  171.7  27.5
230220260820  0.663  4.0  76.7  6.1  0.20  162.2  27.5
230220260821  0.664  4.1  74.4  6.1  0.17  185.3  27.5
230220260822  0.666  4.2  72.6  6.9  0.22  192.5  27.5
230220260823  0.668  4.3  71.5  6.9  0.29  187.7  27.5
230220260824  0.671  4.4  69.0  6.9  0.26  188.3  27.5
230220260825  0.673  4.3  68.0  6.9  0.29  177.8  27.5
230220260826  0.676  4.2  68.8  6.9  0.29  180.3  27.5
230220260827  0.678  3.9  68.4  6.9  0.28  180.7  27.5
230220260828  0.680  3.7  67.6  6.9  0.28  186.0  27.5
230220260829  0.683  3.3  67.0  6.9  0.26  182.4  27.5
230220260830  0.686  2.8  67.7  6.9  0.26  183.6  27.5
230220260831  0.687  2.3  69.9  6.9  0.24  175.7  27.5
230220260832  0.690  1.8  73.9  5.9  0.19  187.7  27.5
230220260833  0.693  1.3  80.2  4.4  0.26  177.9  27.5
230220260834  0.696  0.8  92.0  3.9  0.26  175.0  27.5
230220260835  0.700  0.5  111.8  2.7  0.37  177.8  27.5
230220260836  0.702  0.3  160.9  2.2  0.23  184.1  27.5
230220260837  0.704  0.4  209.7  2.2  0.20  165.7  27.5
230220260838  0.707  0.7  222.0  2.2  0.30  176.6  27.5
230220260839  0.708  0.9  225.6  2.2  0.29  165.3  27.5
230220260840  0.710  1.2  229.1  2.2  0.21  167.2  27.5
230220260841  0.712  1.3  238.3  2.7  0.35  177.7  27.5
230220260842  0.714  1.3  249.3  2.7  0.32  177.1  27.5
230220260843  0.716  1.4  257.9  2.8  0.22  186.9  27.5
230220260844  0.718  1.6  265.3  3.1  0.29  192.3  27.5
230220260845  0.720  1.8  271.0  3.9  0.34  184.8  27.5
230220260846  0.724  1.9  275.3  3.9  0.17  206.8  27.5
230220260847  0.725  2.2  279.0  4.6  0.27  188.4  27.5
230220260848  0.728  2.5  281.5  4.6  0.26  177.4  27.5
230220260849  0.731  2.8  284.0  4.9  0.39  187.2  27.4
230220260850  0.734  3.0  286.4  4.9  0.26  184.9  27.4
230220260851  0.737  3.2  285.1  4.9  0.34  182.4  27.4
230220260852  0.740  3.5  284.3  5.9  0.36  178.8  27.4
230220260853  0.742  3.8  284.0  6.1  0.35  179.4  27.5
230220260854  0.745  3.9  282.7  6.1  0.40  175.8  27.4
230220260855  0.747  4.0  281.9  6.1  0.46  177.7  27.4
230220260856  0.749  4.1  282.4  6.1  0.34  180.9  27.4
230220260857  0.752  4.2  281.3  6.1  0.50  184.8  27.4
230220260858  0.754  4.2  279.7  6.1  0.45  174.6  27.4
230220260859  0.757  4.2  275.5  6.1  0.40  181.7  27.4
230220260900  0.759  4.2  269.0  6.1  0.28  171.9  27.5
230220260901  0.760  4.2  264.0  6.3  0.30  176.6  27.5
230220260902  0.762  4.3  258.1  6.3  0.46  180.3  27.5
230220260903  0.766  4.2  252.4  6.3  0.34  175.7  27.5
230220260904  0.768  4.3  248.2  6.3  0.49  178.1  27.5
230220260905  0.771  4.3  248.3  6.3  0.29  176.2  27.5
230220260906  0.775  4.2  243.6  6.3  0.34  167.7  27.5
230220260907  0.779  4.3  239.0  6.7  0.47  181.9  27.5
230220260908  0.783  4.1  238.5  6.7  0.52  180.8  27.5
230220260909  0.786  3.9  240.3  6.7  0.53  179.2  27.5
230220260910  0.789  3.8  245.0  6.7  0.63  177.3  27.5
230220260911  0.794  3.5  249.0  6.7  0.60  176.5  27.5
230220260912  0.798  3.2  250.3  6.7  0.49  168.7  27.4
230220260913  0.802  3.0  252.6  6.7  0.63  175.0  27.4
230220260914  0.805  2.9  258.5  6.7  0.81  177.3  27.5
230220260915  0.808  2.8  259.1  6.7  0.68  172.8  27.5
230220260916  0.812  2.8  263.9  6.7  0.64  177.8  27.5
230220260917  0.816  2.6  267.0  6.1  0.67  182.5  27.5
230220260918  0.819  2.6  266.1  6.1  0.72  171.5  27.5
230220260919  0.822  2.7  260.3  7.8  0.79  177.5  27.5
230220260920  0.827  2.7  255.5  7.8  0.81  171.3  27.5
230220260921  0.833  2.8  249.2  7.8  0.85  174.2  27.5
230220260922  0.838  2.9  246.6  7.8  0.88  171.3  27.5
230220260923  0.843  3.1  242.8  7.8  0.83  173.4  27.5
230220260924  0.848  3.3  240.3  7.8  0.74  171.0  27.5
230220260925  0.852  3.3  237.3  7.8  0.74  171.3  27.5
230220260926  0.857  3.6  235.4  7.8  0.83  172.3  27.5
230220260927  0.863  3.8  236.3  7.8  0.78  171.3  27.5
230220260928  0.869  4.1  234.0  7.8  0.75  167.4  27.5
230220260929  0.875  4.1  234.1  7.2  0.83  172.9  27.5
230220260930  0.879  4.0  234.0  7.2  0.81  170.7  27.5
230220260931  0.885  3.9  233.8  7.2  0.84  175.0  27.5
230220260932  0.889  4.0  233.2  7.2  0.82  172.1  27.5
230220260933  0.891  3.9  235.3  7.2  0.77  175.8  27.5
230220260934  0.896  4.0  233.3  7.2  0.86  168.7  27.5
230220260935  0.898  4.1  230.3  7.2  0.75  161.1  27.5
230220260936  0.902  4.1  228.4  6.8  0.83  165.2  27.5
230220260937  0.905  4.0  227.3  6.1  0.68  163.9  27.4
230220260938  0.908  4.1  224.8  6.1  0.29  168.3  27.4
230220260939  0.912  4.0  223.2  6.0  0.73  169.2  27.4
230220260940  0.915  4.2  221.7  6.0  0.89  168.1  27.4
230220260941  0.919  4.4  221.1  6.7  0.73  159.1  27.4
230220260942  0.922  4.5  220.4  6.7  0.96  171.1  27.4
230220260943  0.926  4.8  217.3  6.7  0.77  157.3  27.5
230220260944  0.930  5.0  216.4  6.7  0.89  170.3  27.4
230220260945  0.933  5.0  215.5  6.7  0.39  153.7  27.4
230220260946  0.939  5.1  212.6  6.7  0.76  161.1  27.4
230220260947  0.942  5.1  211.2  6.7  0.78  174.8  27.4
230220260948  0.946  4.9  211.0  6.7  0.85  167.4  27.4
230220260949  0.950  4.9  211.9  6.7  0.79  161.7  27.4
230220260950  0.953  4.7  212.6  6.7  0.76  149.0  27.4
230220260951  0.956  4.5  213.4  6.5  0.51  183.3  27.4
230220260952  0.960  4.1  213.7  6.4  0.82  165.8  27.4
230220260953  0.963  3.7  214.1  6.4  0.87  164.5  27.4
230220260954  0.966  3.1  215.2  5.3  0.97  169.3  27.4
230220260955  0.969  2.7  217.5  5.0  0.81  165.1  27.4
230220260956  0.974  2.5  223.6  4.8  0.95  171.2  27.4
230220260957  0.978  2.5  223.7  5.0  0.79  159.7  27.4
230220260958  0.981  2.5  224.1  5.0  0.82  164.3  27.4
230220260959  0.985  2.5  222.2  5.0  0.84  161.5  27.4
230220261000  0.989  2.5  219.2  5.0  0.82  166.4  27.4
230220261001  0.992  2.4  216.5  5.0  0.98  169.8  27.4
230220261002  0.995  2.4  212.6  5.0  1.03  170.2  27.4
230220261003  0.999  2.5  208.9  5.0  0.95  168.6  27.4
230220261004  1.003  2.7  204.9  5.0  0.82  170.1  27.4
230220261005  1.006  3.0  202.5  5.0  0.93  168.8  27.4
230220261006  1.011  3.0  198.5  5.0  0.92  171.5  27.4
230220261007  1.015  2.9  195.9  4.6  0.93  169.9  27.4
230220261008  1.017  2.7  190.4  4.3  0.85  172.4  27.4
230220261009  1.020  2.5  185.1  4.3  0.85  170.4  27.4
230220261010  1.022  2.4  183.8  4.3  0.79  169.5  27.4
230220261011  1.024  2.2  182.6  3.7  0.81  169.6  27.4
230220261012  1.026  2.2  184.4  3.7  0.91  169.1  27.4
230220261013  1.028  2.1  187.2  3.7  0.87  171.7  27.4
230220261014  1.029  2.0  188.3  3.7  0.80  167.1  27.4
230220261015  1.032  1.9  191.0  3.5  0.79  171.3  27.4
230220261016  1.036  2.0  192.4  3.5  0.74  170.4  27.4
230220261017  1.038  2.0  191.2  3.5  0.74  168.2  27.4
230220261018  1.041  1.9  194.1  3.5  0.73  169.8  27.4
230220261019  1.043  1.9  196.6  3.5  0.82  171.9  27.4
230220261020  1.046  2.0  196.4  4.4  0.65  173.1  27.4
230220261021  1.049  2.2  195.1  4.4  0.65  171.3  27.4
230220261022  1.051  2.1  193.9  4.4  0.71  175.9  27.4
230220261023  1.054  2.2  195.4  4.4  0.76  179.9  27.4
230220261024  1.057  2.3  200.4  4.4  0.87  175.7  27.4
230220261025  1.059  2.2  202.5  4.4  0.70  170.1  27.4
230220261026  1.061  2.2  207.2  4.4  0.76  168.3  27.4
230220261027  1.065  2.2  213.5  4.4  0.85  173.4  27.3
230220261028  1.067  2.3  216.4  4.4  0.64  170.2  27.3
230220261029  1.069  2.4  218.4  4.4  0.71  173.1  27.3
230220261030  1.072  2.3  218.5  4.3  0.69  172.9  27.3
230220261031  1.075  2.2  220.6  4.3  0.68  173.7  27.3
230220261032  1.077  2.1  220.0  4.3  0.78  175.1  27.3
230220261033  1.080  1.8  220.8  4.2  0.62  169.5  27.3
230220261034  1.084  1.7  220.8  4.1  0.67  174.8  27.3
230220261035  1.086  1.7  219.4  4.1  0.54  175.7  27.3
230220261036  1.086  1.6  220.1  4.1  0.63  174.6  27.3
230220261037  1.089  1.7  215.9  5.8  0.67  176.2  27.3
230220261038  1.089  1.4  204.0  5.8  0.59  171.1  27.3
230220261039  1.091  1.2  195.6  5.8  0.55  170.9  27.3
230220261040  1.094  1.0  179.9  5.8  0.65  174.2  27.3
230220261041  1.095  1.0  174.5  5.8  0.59  173.9  27.3
230220261042  1.096  1.1  182.3  5.8  0.72  174.8  27.3
230220261043  1.099  1.3  182.9  5.8  0.54  171.0  27.3
230220261044  1.100  1.3  174.7  5.8  0.65  168.8  27.3
230220261045  1.100  1.4  152.4  6.3  0.60  169.2  27.3
230220261046  1.103  1.8  139.6  6.3  0.58  172.8  27.3
230220261047  1.103  2.0  130.8  6.3  0.61  179.4  27.3
230220261048  1.105  2.0  131.5  6.3  0.70  178.0  27.3
230220261049  1.107  1.9  133.5  6.3  0.59  171.7  27.3
230220261050  1.110  1.8  136.3  6.3  0.65  175.0  27.3
230220261051  1.112  2.0  134.3  6.3  0.74  172.2  27.3
230220261052  1.115  2.1  129.7  6.3  0.64  172.1  27.3
230220261053  1.117  2.1  125.1  6.3  0.49  173.8  27.3
230220261054  1.118  2.3  128.6  6.3  0.53  173.7  27.3
230220261055  1.122  2.0  137.1  4.3  0.60  178.2  27.3
230220261056  1.124  1.7  146.2  3.8  0.48  176.6  27.3
230220261057  1.127  1.4  154.0  3.8  0.36  172.1  27.3
230220261058  1.129  1.3  163.7  3.8  0.58  183.3  27.3
230220261059  1.133  1.5  156.2  4.9  0.54  178.5  27.3
230220261100  1.137  1.7  149.8  5.2  0.66  173.4  27.3
230220261101  1.140  1.9  149.6  5.4  0.47  177.8  27.3
230220261102  1.143  1.9  147.8  5.4  0.70  180.7  27.3
230220261103  1.146  1.9  142.8  5.4  0.77  179.1  27.3
230220261104  1.151  1.9  132.2  5.4  0.55  176.9  27.3
230220261105  1.154  1.9  124.5  5.4  0.79  187.7  27.3
230220261106  1.156  2.2  113.6  5.4  0.49  169.7  27.3
230220261107  1.159  2.6  105.3  5.4  0.64  180.5  27.3
230220261108  1.162  2.6  101.0  5.4  0.75  181.9  27.3
230220261109  1.165  2.4  93.0  5.4  0.65  180.6  27.3
230220261110  1.168  2.4  85.6  5.4  0.59  175.6  27.3
230220261111  1.171  2.5  69.7  5.0  0.79  183.5  27.3
230220261112  1.172  2.6  61.3  5.0  0.68  180.6  27.3
230220261113  1.175  2.8  56.9  5.0  0.62  177.0  27.3
230220261114  1.178  2.8  51.3  5.0  0.78  181.3  27.3
230220261115  1.180  3.0  48.6  5.0  0.81  181.8  27.3
230220261116  1.181  2.9  47.9  5.0  0.71  180.8  27.3
230220261117  1.183  2.6  51.4  5.0  0.53  186.2  27.3
230220261118  1.185  2.5  60.7  5.0  0.65  182.7  27.3
230220261119  1.187  2.4  67.3  4.7  0.73  182.5  27.3
230220261120  1.189  2.3  77.3  6.6  0.81  185.0  27.3
230220261121  1.191  2.5  89.3  6.6  0.65  180.7  27.3
230220261122  1.194  2.7  99.4  6.6  0.76  188.3  27.3
230220261123  1.197  2.8  105.8  6.6  0.70  178.4  27.3
230220261124  1.199  2.9  107.0  6.6  0.78  183.4  27.3
230220261125  1.200  3.2  107.0  6.6  0.83  184.4  27.3
230220261126  1.201  3.3  107.5  6.6  0.70  183.0  27.4
230220261127  1.203  3.3  107.3  6.6  0.65  179.1  27.4
230220261128  1.203  3.3  102.8  6.6  0.56  175.8  27.4
230220261129  1.204  3.4  100.0  6.6  0.61  177.5  27.4
230220261130  1.206  3.2  93.7  6.6  0.65  178.2  27.4
230220261131  1.207  3.0  87.0  5.2  0.50  176.9  27.4
230220261132  1.210  2.9  79.2  5.2  0.50  175.7  27.4
230220261133  1.212  3.0  73.8  5.2  0.48  173.1  27.4
230220261134  1.213  3.3  75.5  6.4  0.49  175.1  27.4
230220261135  1.213  3.2  80.3  6.4  0.45  170.8  27.4
230220261136  1.213  3.4  80.0  6.4  0.50  173.1  27.4
230220261137  1.214  3.4  77.6  6.4  0.53  176.5  27.4
230220261138  1.213  3.5  79.8  6.4  0.46  170.9  27.4
230220261139  1.213  3.3  79.0  6.4  0.55  171.7  27.4
230220261140  1.213  3.3  82.5  6.4  0.46  169.9  27.4
230220261141  1.215  3.3  88.5  6.4  0.41  163.2  27.3
230220261142  1.215  3.1  96.6  6.4  0.55  180.6  27.3
230220261143  1.214  3.1  102.5  6.4  0.46  167.2  27.3
230220261144  1.215  3.0  102.9  6.0  0.47  165.8  27.3
230220261145  1.214  3.0  102.3  6.0  0.26  182.4  27.3
230220261146  1.215  2.9  105.8  5.6  0.16  167.4  27.3
230220261147  1.214  2.8  106.3  5.6  0.49  169.5  27.3
230220261148  1.213  2.8  100.4  5.7  0.54  171.0  27.3
230220261149  1.213  3.0  101.5  5.8  0.53  172.4  27.3
230220261150  1.213  3.0  97.9  5.8  0.67  181.8  27.3
230220261151  1.212  3.3  93.2  6.5  0.53  178.9  27.3
230220261152  1.212  3.4  88.0  6.5  0.58  180.5  27.3
230220261153  1.211  3.5  83.0  6.5  0.49  169.6  27.3
230220261154  1.210  3.3  83.2  6.5  0.47  166.2  27.3
230220261155  1.210  3.2  80.0  6.5  0.44  166.0  27.3
230220261156  1.209  3.1  76.7  6.5  0.39  174.9  27.3
230220261157  1.208  3.3  75.7  6.5  0.42  172.0  27.3
230220261158  1.207  3.1  78.3  6.5  0.54  172.4  27.3
230220261159  1.207  2.9  78.3  6.5  0.32  168.6  27.3
230220261200  1.206  2.8  78.8  6.5  0.32  166.2  27.3
230220261201  1.205  2.7  76.3  5.4  0.49  176.6  27.3
230220261202  1.205  2.9  75.2  6.1  0.25  164.0  27.3
230220261203  1.203  2.8  76.6  6.1  0.38  174.5  27.3
230220261204  1.201  2.9  73.3  6.1  0.46  178.5  27.3
230220261205  1.200  2.9  69.6  6.1  0.53  179.2  27.3
230220261206  1.199  2.9  70.0  6.1  0.32  175.0  27.3
230220261207  1.196  2.7  74.7  6.1  0.42  165.7  27.3
230220261208  1.194  2.8  74.8  6.1  0.37  169.8  27.3
230220261209  1.191  3.0  69.3  6.1  0.38  168.6  27.3
230220261210  1.189  3.2  67.7  6.1  0.36  167.7  27.3
230220261211  1.188  3.2  69.8  6.1  0.28  180.2  27.3
230220261212  1.187  3.1  69.6  5.3  0.40  182.7  27.3
230220261213  1.187  3.3  70.5  6.7  0.45  178.3  27.3
230220261214  1.186  3.3  71.2  6.7  0.39  175.1  27.3
230220261215  1.186  3.5  71.7  6.7  0.38  174.3  27.3
230220261216  1.187  3.8  70.8  6.7  0.42  182.8  27.3
230220261217  1.187  4.0  65.1  6.7  0.32  188.6  27.3
230220261218  1.187  4.3  63.1  6.8  0.29  186.6  27.4
230220261219  1.189  4.5  62.6  6.8  0.28  186.8  27.4
230220261220  1.188  4.7  62.4  6.8  0.38  181.5  27.4
230220261221  1.188  4.8  62.2  6.8  0.37  174.7  27.4
230220261222  1.189  4.9  61.0  6.8  0.37  183.1  27.4
230220261223  1.190  5.0  59.1  8.0  0.48  178.6  27.4
230220261224  1.191  5.1  60.6  8.0  0.44  177.3  27.4
230220261225  1.193  5.1  61.6  8.0  0.47  163.0  27.4
230220261226  1.193  5.0  61.4  8.0  0.49  173.4  27.4
230220261227  1.194  5.1  62.5  8.0  0.35  172.8  27.4
230220261228  1.194  4.9  62.9  8.0  0.39  174.4  27.4
230220261229  1.193  4.8  63.7  8.0  0.46  171.9  27.4
230220261230  1.193  4.6  64.5  8.0  0.45  170.6  27.4
230220261231  1.193  4.7  63.6  8.0  0.37  174.3  27.4
230220261232  1.194  4.5  65.3  8.0  0.38  167.7  27.4
230220261233  1.193  4.3  67.3  6.2  0.33  153.7  27.5
230220261234  1.193  4.2  67.1  6.2  0.43  159.8  27.5
230220261235  1.192  4.3  67.0  7.0  0.39  159.7  27.5
230220261236  1.192  4.4  65.8  7.3  0.41  161.2  27.5
230220261237  1.191  4.4  64.2  7.3  0.42  159.7  27.4
230220261238  1.191  4.1  67.8  7.3  0.35  155.6  27.4
230220261239  1.190  4.0  69.5  7.3  0.42  159.4  27.4
230220261240  1.189  3.8  71.7  7.3  0.41  165.4  27.4
230220261241  1.189  3.5  76.1  7.3  0.46  168.7  27.4
230220261242  1.189  3.4  81.4  7.3  0.42  164.1  27.4
230220261243  1.191  3.3  88.0  7.3  0.53  168.6  27.4
230220261244  1.191  3.2  88.8  7.3  0.30  157.2  27.4
230220261245  1.191  3.1  96.0  7.3  0.48  172.9  27.4
230220261246  1.191  3.0  105.0  6.7  0.38  152.1  27.4
230220261247  1.192  3.1  107.3  6.7  0.32  164.1  27.4
230220261248  1.193  3.2  100.8  6.7  0.36  159.0  27.4
230220261249  1.194  3.3  106.0  6.3  0.43  164.9  27.4
230220261250  1.194  3.2  107.3  6.3  0.50  164.6  27.4
230220261251  1.195  3.4  107.6  7.9  0.43  166.4  27.4
230220261252  1.196  3.3  105.1  7.9  0.62  170.8  27.4
230220261253  1.196  3.4  98.0  7.9  0.46  167.6  27.4
230220261254  1.197  3.5  94.8  7.9  0.50  163.4  27.4
230220261255  1.196  3.7  88.5  7.9  0.49  168.7  27.4
230220261256  1.196  3.9  85.8  7.9  0.44  162.9  27.4
230220261257  1.196  3.9  86.2  7.9  0.41  163.4  27.4
230220261258  1.194  3.8  87.7  7.9  0.49  168.1  27.4
230220261259  1.192  3.9  82.0  7.9  0.37  162.6  27.4
230220261300  1.190  4.0  81.7  7.9  0.45  161.3  27.4
230220261301  1.188  4.0  80.8  7.5  0.29  143.1  27.4
230220261302  1.185  4.1  83.0  7.5  0.42  157.1  27.4
230220261303  1.182  3.9  87.4  7.5  0.35  146.8  27.4
230220261304  1.178  3.8  95.3  7.5  0.43  163.2  27.4
230220261305  1.175  3.5  102.2  6.6  0.35  149.8  27.4
230220261306  1.171  3.5  105.1  6.4  0.36  152.8  27.4
230220261307  1.169  3.4  107.6  6.4  0.41  163.4  27.4
230220261308  1.166  3.6  105.0  6.6  0.30  147.7  27.4
230220261309  1.163  3.5  104.0  6.6  0.30  164.3  27.4
230220261310  1.159  3.5  105.1  6.6  0.39  169.5  27.4
230220261311  1.155  3.6  106.4  6.7  0.33  153.5  27.4
230220261312  1.152  3.7  106.8  6.7  0.28  143.3  27.5
230220261313  1.148  3.7  108.6  6.7  0.32  152.4  27.5
230220261314  1.145  3.8  102.2  6.7  0.28  148.9  27.4
230220261315  1.141  3.9  96.9  6.7  0.12  130.7  27.5
230220261316  1.137  3.9  92.4  6.7  0.09  136.6  27.5
230220261317  1.132  4.1  90.4  6.7  0.13  151.9  27.5
230220261318  1.129  4.0  90.7  8.0  0.08  75.9  27.4
230220261319  1.125  4.0  90.8  8.0  0.15  155.9  27.4
230220261320  1.121  4.1  88.4  8.0  0.14  52.2  27.4
230220261321  1.117  4.0  88.3  8.0  0.14  121.8  27.5
230220261322  1.113  3.9  86.8  8.0  0.16  133.5  27.5
230220261323  1.109  3.8  79.8  8.0  0.14  93.7  27.5
230220261324  1.104  3.7  79.4  8.0  0.12  92.8  27.5
230220261325  1.101  3.8  78.4  8.2  0.09  57.6  27.5
230220261326  1.097  3.7  79.5  8.2  0.10  29.5  27.4
230220261327  1.093  3.8  80.3  8.2  0.14  45.9  27.4
230220261328  1.088  3.6  81.1  8.2  0.18  37.7  27.5
230220261329  1.084  3.1  85.0  8.2  0.16  16.8  27.5
230220261330  1.079  2.8  84.9  8.2  0.06  34.1  27.5
230220261331  1.076  2.9  77.1  8.2  0.15  25.6  27.5
230220261332  1.071  3.3  69.8  8.2  0.15  25.5  27.5
230220261333  1.066  3.7  69.4  8.2  0.20  39.1  27.5
230220261334  1.062  3.8  69.9  8.2  0.23  18.4  27.5
230220261335  1.058  3.8  68.7  7.6  0.28  24.3  27.5
230220261336  1.053  4.0  67.5  7.6  0.28  20.8  27.5
230220261337  1.049  4.0  66.9  7.6  0.28  13.9  27.5
230220261338  1.047  4.2  66.7  7.6  0.23  5.2  27.5
230220261339  1.044  4.5  66.3  7.6  0.32  3.5  27.5
230220261340  1.040  4.9  65.7  7.6  0.20  13.3  27.5
230220261341  1.037  4.9  65.6  7.6  0.30  7.8  27.5
230220261342  1.033  4.7  68.5  7.1  0.22  2.4  27.5
230220261343  1.030  4.4  70.6  7.0  0.24  10.0  27.5
230220261344  1.028  4.5  70.3  7.3  0.24  10.5  27.5
230220261345  1.026  4.4  70.3  7.3  0.28  16.7  27.5
230220261346  1.022  4.3  71.2  7.3  0.17  16.6  27.5
230220261347  1.019  4.3  71.0  7.3  0.09  350.4  27.5
230220261348  1.017  4.4  71.7  8.2  0.29  14.2  27.5
230220261349  1.014  4.4  71.5  8.2  0.17  2.2  27.6
230220261350  1.014  4.5  73.7  8.2  0.30  2.6  27.6
230220261351  1.012  4.4  74.1  8.2  0.14  23.5  27.6
230220261352  1.011  4.6  73.1  8.2  0.13  31.5  27.6
230220261353  1.010  4.6  72.9  8.2  0.32  14.9  27.6
230220261354  1.010  4.6  72.3  8.2  0.27  33.3  27.7
230220261355  1.007  4.6  75.5  8.2  0.33  18.4  27.7
230220261356  1.006  4.5  75.9  8.2  0.26  20.6  27.7
230220261357  1.005  4.5  76.7  8.2  0.13  30.4  27.7
230220261358  1.002  4.3  75.8  7.8  0.28  28.9  27.7
230220261359  1.002  4.4  75.0  7.8  0.24  0.1  27.7
230220261400  1.000  4.2  73.5  7.8  0.30  10.0  27.7
230220261401  1.000  4.3  72.7  7.8  0.27  12.1  27.7
230220261402  0.998  4.4  69.5  7.8  0.27  7.6  27.7
230220261403  0.997  4.5  67.9  7.8  0.21  25.2  27.7
230220261404  0.995  4.3  68.8  7.8  0.20  15.0  27.7
230220261405  0.992  4.4  65.2  7.8  0.43  9.0  27.7
230220261406  0.990  4.6  66.8  7.8  0.17  24.8  27.7
230220261407  0.987  4.3  69.1  7.8  0.34  15.5  27.6
230220261408  0.984  4.2  72.4  7.8  0.34  15.6  27.6
230220261409  0.982  3.9  77.1  7.8  0.33  5.3  27.6
230220261410  0.980  4.0  76.9  7.8  0.42  8.2  27.6
230220261411  0.979  3.9  80.4  7.8  0.41  0.9  27.6
230220261412  0.977  3.6  88.9  7.4  0.41  11.6  27.6
230220261413  0.976  3.5  96.5  7.4  0.43  8.4  27.6
230220261414  0.973  3.5  100.0  7.4  0.46  2.5  27.6
230220261415  0.970  3.5  101.2  7.4  0.45  10.0  27.5
230220261416  0.969  3.3  102.0  6.5  0.42  6.3  27.5
230220261417  0.965  3.5  97.8  6.8  0.46  13.9  27.5
230220261418  0.964  3.5  99.3  6.8  0.40  14.7  27.5
230220261419  0.961  3.6  99.8  6.8  0.39  16.6  27.5
230220261420  0.958  3.7  106.7  7.4  0.32  9.3  27.5
230220261421  0.957  3.6  105.3  7.4  0.44  12.3  27.6
230220261422  0.954  3.6  101.0  7.4  0.43  18.0  27.6
230220261423  0.952  3.7  92.3  7.4  0.49  16.2  27.6
230220261424  0.951  3.9  89.0  7.4  0.52  12.3  27.6
230220261425  0.948  3.9  90.8  7.4  0.52  13.7  27.6
230220261426  0.944  3.9  88.9  7.4  0.48  11.2  27.6
230220261427  0.940  3.7  88.0  7.4  0.44  14.8  27.6
230220261428  0.937  3.8  82.3  7.4  0.56  16.6  27.6
230220261429  0.933  4.0  77.1  7.4  0.55  16.7  27.6
230220261430  0.930  4.0  71.4  7.1  0.50  8.7  27.6
230220261431  0.926  4.4  71.2  9.4  0.50  16.0  27.6
230220261432  0.923  4.5  71.1  9.4  0.45  15.7  27.6
230220261433  0.918  4.3  71.8  9.4  0.44  14.0  27.6
230220261434  0.915  4.3  71.1  9.4  0.50  19.4  27.6
230220261435  0.911  4.3  71.7  9.4  0.54  15.2  27.7
230220261436  0.907  4.0  76.2  9.4  0.46  19.0  27.7
230220261437  0.904  3.9  78.7  9.4  0.54  16.0  27.7
230220261438  0.901  3.8  80.8  9.4  0.43  14.6  27.7
230220261439  0.897  3.7  82.4  9.4  0.38  19.4  27.6
230220261440  0.893  3.9  82.1  9.4  0.46  17.1  27.6
230220261441  0.890  3.8  82.5  9.0  0.52  17.7  27.7
230220261442  0.887  3.8  81.2  9.0  0.50  12.4  27.6
230220261443  0.882  3.9  81.3  9.0  0.65  11.4  27.6
230220261444  0.879  4.0  80.2  9.0  0.48  9.3  27.7
230220261445  0.874  4.2  77.9  9.0  0.41  6.7  27.7
230220261446  0.868  4.5  74.4  9.0  0.52  1.7  27.7
230220261447  0.863  4.8  72.1  9.0  0.57  7.9  27.7
230220261448  0.858  4.9  71.7  9.0  0.62  1.6  27.7
230220261449  0.853  5.1  70.3  9.0  0.58  9.0  27.7
230220261450  0.848  4.9  71.8  7.7  0.65  10.7  27.7
230220261451  0.844  5.2  72.1  7.9  0.67  9.5  27.8
230220261452  0.838  5.5  71.7  9.3  0.61  6.7  27.8
230220261453  0.834  5.8  71.5  9.3  0.69  2.8  27.8
230220261454  0.827  5.7  72.4  9.3  0.68  0.3  27.8
230220261455  0.823  5.8  71.6  9.3  0.74  9.4  27.9
230220261456  0.817  5.9  70.2  9.3  0.70  4.1  27.8
230220261457  0.812  6.0  70.3  9.3  0.61  6.3  27.8
230220261458  0.807  6.1  70.4  9.3  0.73  5.5  27.8
230220261459  0.802  6.0  71.4  9.3  0.78  0.3  27.8
230220261500  0.797  6.3  70.3  9.3  0.68  2.0  27.8
230220261501  0.792  6.1  68.9  9.3  0.75  6.6  27.8
230220261502  0.787  5.9  70.1  9.2  0.67  6.7  27.8
230220261503  0.782  5.7  70.1  8.9  0.81  3.1  27.8
230220261504  0.777  5.8  69.6  8.9  0.84  9.3  27.8
230220261505  0.773  5.5  72.4  7.9  0.84  3.9  27.8
230220261506  0.767  5.2  73.8  7.9  0.77  3.9  27.8
230220261507  0.762  5.2  73.7  8.1  0.77  0.2  27.8
230220261508  0.757  5.3  72.9  8.1  0.75  2.2  27.8
230220261509  0.753  5.3  73.0  8.1  0.74  4.6  27.8
230220261510  0.749  5.1  73.3  8.1  0.83  2.8  27.8
230220261511  0.744  5.1  73.4  8.1  0.82  2.4  27.8
230220261512  0.739  5.3  72.5  8.3  0.91  0.6  27.8
230220261513  0.735  5.1  73.2  8.3  0.86  4.2  27.8
230220261514  0.730  5.0  73.6  8.3  0.87  5.4  27.8
230220261515  0.726  5.3  71.8  8.3  0.88  4.7  27.8
230220261516  0.721  5.5  72.4  8.3  0.84  6.2  27.8
230220261517  0.717  5.4  73.0  8.3  0.85  4.6  27.8
230220261518  0.713  5.2  72.3  8.3  0.79  3.2  27.8
230220261519  0.710  5.3  71.4  10.7  0.90  3.7  27.8
230220261520  0.705  5.4  71.8  10.7  1.01  6.8  27.8
230220261521  0.701  5.4  72.5  10.7  0.82  5.4  27.8
230220261522  0.695  5.3  73.3  10.7  0.99  4.9  27.8
230220261523  0.690  5.4  72.8  10.7  0.98  6.5  27.8
230220261524  0.686  5.4  75.4  10.7  0.91  5.7  27.9
230220261525  0.681  5.3  76.9  10.7  0.86  7.9  27.9
230220261526  0.677  5.3  76.5  10.7  0.90  8.9  27.9
230220261527  0.673  5.2  76.5  10.7  1.01  10.6  27.9
230220261528  0.668  5.2  77.7  10.7  0.88  10.5  27.9
230220261529  0.665  5.1  78.7  9.6  0.88  11.1  27.9
230220261530  0.661  5.2  78.7  9.6  0.85  10.0  27.9
230220261531  0.659  5.2  78.3  9.6  0.97  10.6  27.9
230220261532  0.656  5.2  77.0  9.6  0.97  10.5  28.0
230220261533  0.652  5.1  77.5  8.4  0.97  10.0  28.0
230220261534  0.650  4.8  75.4  8.4  0.96  8.4  28.0
230220261535  0.647  5.0  74.1  8.4  0.99  8.1  28.0
230220261536  0.643  4.9  74.2  8.2  0.94  11.7  28.0
230220261537  0.642  5.0  74.5  8.2  0.84  5.4  28.0
230220261538  0.640  5.1  74.1  8.2  0.99  7.4  28.0
230220261539  0.637  4.9  75.2  8.2  0.84  7.6  28.0
230220261540  0.635  4.8  73.5  8.2  0.81  1.7  28.0
230220261541  0.632  4.6  75.6  8.2  0.72  7.1  28.1
230220261542  0.630  4.7  76.2  8.2  0.82  4.3  28.1
230220261543  0.627  4.8  76.0  8.2  0.77  357.0  28.1
230220261544  0.625  5.1  74.8  8.2  0.73  5.0  28.1
230220261545  0.622  5.1  74.1  8.0  0.78  5.6  28.1
230220261546  0.618  5.3  74.1  8.5  0.77  5.1  28.1
230220261547  0.617  5.4  72.8  8.5  0.62  0.6  28.1
230220261548  0.614  5.5  72.6  8.9  0.77  2.9  28.1
230220261549  0.611  5.8  71.1  8.9  0.72  357.8  28.1
230220261550  0.608  6.0  71.3  8.9  0.58  355.5  28.0
230220261551  0.605  6.2  70.8  8.9  0.67  359.4  28.0
230220261552  0.602  6.2  70.8  9.2  0.71  357.8  28.0
230220261553  0.599  6.4  70.6  9.2  0.66  3.5  28.0
230220261554  0.595  6.6  70.2  10.5  0.72  0.9  28.0
230220261555  0.591  6.6  70.5  10.5  0.77  1.1  28.1
230220261556  0.588  6.6  70.2  10.5  0.72  2.7  28.1
230220261557  0.586  6.5  71.4  10.5  0.84  3.1  28.1
230220261558  0.582  6.5  71.3  10.5  0.74  0.6  28.1
230220261559  0.577  6.4  72.1  10.5  0.69  3.0  28.1
230220261600  0.574  6.3  73.4  10.5  0.82  3.2  28.1
230220261601  0.571  6.3  73.5  10.5  0.84  2.8  28.1
230220261602  0.566  6.3  74.1  10.5  0.81  4.1  28.1
230220261603  0.563  6.2  74.3  10.5  0.76  0.1  28.1
230220261604  0.560  5.9  76.1  9.6  0.77  1.6  28.1
230220261605  0.555  5.9  76.3  9.0  0.82  5.2  28.1
230220261606  0.552  5.9  75.7  9.0  0.69  360.0  28.1
230220261607  0.549  5.9  74.9  9.0  0.84  5.6  28.1
230220261608  0.545  5.9  74.7  8.3  0.91  2.3  28.1
230220261609  0.541  6.1  73.6  9.1  0.70  359.4  28.1
230220261610  0.537  6.1  74.1  9.1  0.83  6.0  28.1
230220261611  0.534  6.3  74.2  9.9  0.87  5.1  28.1
230220261612  0.530  6.2  73.9  9.9  0.86  4.6  28.1
230220261613  0.526  6.4  74.1  9.9  0.84  5.8  28.1
230220261614  0.521  6.4  73.1  9.9  0.91  8.4  28.1
230220261615  0.518  6.4  73.3  9.9  0.93  5.3  28.1
230220261616  0.515  6.4  73.9  9.9  0.84  4.4  28.1
230220261617  0.510  6.5  74.3  9.9  0.79  0.7  28.1
230220261618  0.507  6.5  74.1  9.9  0.89  5.1  28.1
230220261619  0.502  6.4  74.4  9.9  0.83  1.5  28.1
230220261620  0.499  6.3  73.0  9.9  0.96  7.0  28.1
230220261621  0.495  6.1  73.0  9.3  0.82  9.9  28.1
230220261622  0.491  6.2  73.5  10.1  0.80  7.5  28.2
230220261623  0.488  6.0  74.2  10.1  0.90  5.1  28.2
230220261624  0.485  6.1  74.4  10.3  0.82  7.6  28.2
230220261625  0.483  6.0  74.2  10.3  0.84  9.1  28.2
230220261626  0.480  5.9  74.5  10.3  0.74  9.0  28.2
230220261627  0.476  5.7  74.9  10.3  0.86  8.6  28.2
230220261628  0.471  5.6  76.0  10.3  0.69  11.0  28.2
230220261629  0.467  5.7  76.4  10.3  0.79  8.7  28.2
230220261630  0.463  5.7  77.7  10.3  0.83  3.2  28.2
230220261631  0.460  5.9  76.6  10.3  0.81  6.7  28.2
230220261632  0.456  5.9  75.6  10.3  0.79  12.0  28.2
230220261633  0.451  5.7  75.4  10.3  0.74  5.5  28.2
230220261634  0.446  5.3  76.7  9.8  0.84  7.0  28.2
230220261635  0.442  5.1  76.5  9.8  0.79  7.6  28.2
230220261636  0.437  4.6  78.1  9.8  0.81  7.1  28.2
230220261637  0.434  4.5  76.0  9.8  0.75  12.1  28.2
230220261638  0.428  4.3  76.2  9.8  0.53  11.3  28.2
230220261639  0.424  4.2  75.0  8.9  0.90  12.6  28.2
230220261640  0.418  3.9  74.8  8.1  0.59  0.2  28.2
230220261641  0.413  3.5  75.6  8.1  0.83  7.8  28.2
230220261642  0.407  3.0  78.2  7.4  0.76  8.8  28.2
230220261643  0.402  2.6  79.6  7.4  0.88  13.5  28.2
230220261644  0.398  2.6  78.8  7.4  0.82  15.6  28.3
230220261645  0.393  2.4  82.9  7.4  0.76  15.0  28.3
230220261646  0.387  2.7  78.9  7.4  0.78  12.1  28.3
230220261647  0.382  2.6  82.1  7.4  0.74  13.3  28.3
230220261648  0.379  2.7  82.6  7.4  0.90  16.4  28.3
230220261649  0.374  2.7  83.2  7.6  0.89  12.9  28.3
230220261650  0.370  2.7  82.4  7.6  0.87  12.0  28.3
230220261651  0.365  2.8  84.4  7.6  0.79  14.8  28.3
230220261652  0.361  2.7  81.8  7.6  0.86  13.5  28.3
230220261653  0.356  3.0  77.7  7.6  0.78  14.6  28.3
230220261654  0.353  2.9  77.5  7.6  0.95  9.6  28.3
230220261655  0.349  3.2  74.5  10.0  0.92  9.8  28.3
230220261656  0.346  3.5  72.7  10.2  0.92  16.4  28.3
230220261657  0.343  4.0  71.2  10.2  0.85  15.6  28.3
230220261658  0.340  4.1  71.6  10.2  0.92  12.9  28.3
230220261659  0.336  3.9  73.5  10.2  0.99  9.5  28.3
230220261700  0.334  4.0  73.0  10.2  0.87  7.6  28.3
230220261701  0.332  4.4  72.0  10.2  0.82  8.8  28.3
230220261702  0.331  4.9  73.9  10.2  0.99  12.4  28.3
230220261703  0.329  4.9  74.8  10.2  0.92  11.9  28.3
230220261704  0.327  4.7  75.1  10.2  0.80  8.2  28.3
230220261705  0.325  4.8  75.6  10.2  0.81  12.6  28.3
230220261706  0.323  4.6  77.8  8.4  0.74  8.2  28.3
230220261707  0.321  4.5  79.4  8.4  0.78  10.7  28.3
230220261708  0.319  3.9  80.3  8.4  0.74  10.6  28.3
230220261709  0.318  3.9  76.5  8.4  0.82  10.8  28.3
230220261710  0.317  3.9  76.9  8.4  0.80  11.2  28.3
230220261711  0.316  3.7  76.4  7.6  0.83  8.9  28.4
230220261712  0.314  3.4  76.6  7.6  0.88  9.0  28.3
230220261713  0.314  3.2  77.8  7.6  0.72  13.1  28.4
230220261714  0.311  3.4  78.0  7.6  0.85  8.2  28.4
230220261715  0.311  3.0  80.4  7.6  0.78  5.7  28.4
230220261716  0.309  2.6  82.3  7.6  0.78  7.4  28.4
230220261717  0.306  2.3  83.8  7.6  0.74  6.7  28.4
230220261718  0.305  2.5  84.0  7.6  0.77  10.6  28.4
230220261719  0.305  2.2  89.6  7.3  0.76  6.9  28.4
230220261720  0.302  1.9  94.3  6.0  0.72  4.6  28.4
230220261721  0.303  1.8  104.0  6.0  0.70  2.7  28.4
230220261722  0.302  1.7  101.3  6.0  0.66  8.5  28.4
230220261723  0.301  1.8  98.7  5.5  0.74  7.0  28.4
230220261724  0.301  1.9  95.6  6.6  0.73  5.3  28.4
230220261725  0.301  2.0  91.6  6.6  0.83  3.3  28.4
230220261726  0.300  2.0  90.2  6.6  0.74  4.6  28.4
230220261727  0.300  1.9  87.0  6.6  0.63  8.4  28.4
230220261728  0.300  2.0  85.2  6.6  0.63  2.4  28.4
230220261729  0.298  2.1  82.5  6.6  0.67  8.3  28.4
230220261730  0.298  2.3  79.3  6.6  0.79  1.0  28.4
230220261731  0.299  2.5  74.6  6.6  0.63  359.1  28.4
230220261732  0.298  2.3  77.3  6.6  0.70  1.9  28.4
230220261733  0.298  2.0  81.2  6.6  0.61  4.9  28.4
230220261734  0.297  1.8  86.7  6.3  0.68  3.3  28.4
230220261735  0.297  1.9  86.7  6.0  0.54  3.0  28.4
230220261736  0.297  1.9  85.8  6.0  0.66  4.1  28.4
230220261737  0.296  1.9  90.4  6.0  0.72  4.8  28.4
230220261738  0.296  1.9  97.7  6.0  0.74  4.9  28.4
230220261739  0.296  1.9  97.1  6.0  0.74  7.9  28.4
230220261740  0.295  2.0  97.1  7.4  0.68  4.1  28.4
230220261741  0.294  1.9  99.7  7.4  0.74  1.7  28.4
230220261742  0.294  2.2  111.1  9.2  0.62  4.4  28.4
230220261743  0.292  2.3  104.9  9.2  0.64  358.7  28.4
230220261744  0.291  2.2  105.7  9.2  0.72  6.6  28.4
230220261745  0.290  2.1  108.3  9.2  0.70  3.1  28.4
230220261746  0.289  2.3  114.9  9.2  0.60  2.1  28.4
230220261747  0.288  2.4  113.9  9.2  0.74  5.4  28.4
230220261748  0.287  2.4  108.9  9.2  0.67  6.0  28.4
230220261749  0.286  2.3  113.5  9.2  0.73  3.9  28.4
230220261750  0.285  2.1  119.7  9.2  0.71  5.3  28.4
230220261751  0.282  2.1  117.1  9.2  0.58  0.8  28.4
230220261752  0.281  2.1  96.6  7.2  0.64  2.6  28.4
230220261753  0.278  2.1  96.8  7.2  0.63  1.1  28.4
230220261754  0.278  2.2  94.8  7.2  0.66  4.4  28.4
230220261755  0.275  2.4  93.9  7.2  0.67  3.2  28.4
230220261756  0.275  2.3  89.1  7.2  0.59  2.6  28.4
230220261757  0.272  2.3  91.1  7.2  0.73  6.8  28.4
230220261758  0.270  2.2  88.5  7.2  0.81  5.9  28.4
230220261759  0.269  2.4  91.3  7.2  0.76  6.8  28.4
230220261800  0.267  2.5  93.5  7.2  0.65  4.5  28.4
230220261801  0.263  2.3  96.0  7.2  0.70  8.7  28.4
230220261802  0.262  2.1  101.4  4.5  0.76  5.6  28.4
230220261803  0.258  1.9  101.5  4.5  0.75  6.7  28.4
230220261804  0.256  1.9  98.3  4.5  0.85  6.9  28.4
230220261805  0.255  1.9  103.9  5.0  0.77  4.3  28.4
230220261806  0.252  2.0  101.0  5.0  0.72  8.9  28.4
230220261807  0.251  1.8  100.3  5.0  0.78  4.5  28.4
230220261808  0.248  1.9  103.7  5.4  0.77  7.5  28.4
230220261809  0.245  1.9  100.7  5.4  0.92  8.9  28.4
230220261810  0.242  1.9  98.8  5.4  0.83  7.7  28.4
230220261811  0.241  2.1  102.6  5.4  0.72  5.1  28.4
230220261812  0.239  2.2  102.5  5.4  0.79  6.1  28.4
230220261813  0.238  2.3  107.8  5.4  0.84  4.8  28.4
230220261814  0.238  2.4  108.4  5.4  0.85  4.5  28.4
230220261815  0.236  2.4  106.7  5.4  0.72  6.9  28.4
230220261816  0.235  2.4  111.6  6.9  0.84  4.6  28.4
230220261817  0.233  2.4  107.8  6.9  0.90  6.6  28.4
230220261818  0.231  2.1  108.9  6.9  0.84  3.6  28.4
230220261819  0.228  2.3  111.5  6.9  0.75  6.5  28.4
230220261820  0.226  2.3  108.6  6.9  0.76  4.9  28.4
230220261821  0.225  2.2  106.7  6.9  0.74  6.1  28.4
230220261822  0.223  2.1  110.8  6.9  0.74  2.8  28.4
230220261823  0.222  2.1  105.2  6.9  0.76  7.1  28.4
230220261824  0.220  1.9  103.8  6.9  0.72  4.3  28.4
230220261825  0.218  1.7  104.7  6.9  0.76  7.0  28.4
230220261826  0.216  1.5  98.2  5.9  0.64  4.6  28.4
230220261827  0.214  1.8  89.3  7.6  0.69  7.1  28.4
230220261828  0.212  2.1  89.9  7.6  0.79  3.6  28.4
230220261829  0.211  2.0  83.2  7.6  0.70  3.7  28.5
230220261830  0.211  2.0  83.5  7.6  0.72  5.0  28.5
230220261831  0.211  2.1  80.5  7.6  0.82  8.5  28.5
230220261832  0.212  2.2  80.1  7.6  0.69  6.6  28.5
230220261833  0.213  2.3  86.1  7.6  0.72  5.8  28.5
230220261834  0.214  2.4  88.3  7.6  0.66  0.5  28.5
230220261835  0.215  2.6  84.1  7.6  0.67  6.4  28.5
230220261836  0.216  2.7  84.8  7.6  0.60  2.4  28.5
230220261837  0.219  2.7  88.2  7.3  0.66  1.8  28.5
230220261838  0.221  2.7  86.5  6.7  0.67  6.8  28.5
230220261839  0.222  2.6  86.6  6.7  0.62  0.9  28.5
230220261840  0.225  2.4  92.8  6.7  0.54  4.4  28.5
230220261841  0.226  2.2  95.5  6.7  0.69  2.4  28.5
230220261842  0.227  2.1  93.6  6.7  0.63  0.6  28.5
230220261843  0.228  1.9  91.9  6.3  0.58  359.9  28.5
230220261844  0.229  1.7  93.4  6.3  0.57  5.7  28.5
230220261845  0.231  1.6  99.5  5.8  0.56  357.6  28.5
230220261846  0.234  1.7  104.8  5.8  0.45  358.5  28.5
230220261847  0.237  1.5  107.0  5.5  0.50  6.2  28.5
230220261848  0.238  1.2  114.7  5.5  0.33  355.6  28.5
230220261849  0.242  1.1  120.8  5.5  0.54  359.7  28.5
230220261850  0.245  1.0  116.8  4.4  0.49  353.7  28.5
230220261851  0.248  0.9  117.6  4.4  0.41  356.3  28.5
230220261852  0.251  0.7  109.9  4.4  0.51  2.7  28.5
230220261853  0.256  0.7  102.4  4.4  0.41  351.4  28.5
230220261854  0.259  0.9  97.1  4.5  0.45  1.2  28.5
230220261855  0.264  1.1  91.1  5.5  0.48  354.2  28.5
230220261856  0.269  1.1  83.1  5.5  0.42  353.7  28.5
230220261857  0.274  1.2  97.6  5.6  0.30  343.3  28.5
230220261858  0.277  1.5  99.4  6.1  0.42  344.3  28.5
230220261859  0.281  1.7  101.0  6.1  0.42  354.9  28.5
230220261900  0.283  1.9  96.3  6.1  0.33  352.9  28.5
230220261901  0.287  1.8  96.2  6.1  0.22  341.4  28.5
230220261902  0.290  1.8  98.6  6.1  0.34  353.5  28.5
230220261903  0.293  1.9  100.7  6.1  0.23  359.7  28.5
230220261904  0.296  1.7  103.7  6.1  0.22  345.4  28.5
230220261905  0.300  1.6  105.0  6.1  0.13  344.6  28.5
230220261906  0.303  1.6  106.5  6.1  0.21  345.1  28.5
230220261907  0.307  1.7  102.2  6.4  0.12  355.7  28.5
230220261908  0.310  1.6  95.1  6.4  0.28  356.0  28.5
230220261909  0.314  1.8  88.9  6.4  0.23  355.6  28.5
230220261910  0.318  1.8  93.5  6.4  0.26  358.4  28.5
230220261911  0.320  1.9  96.9  6.4  0.12  339.8  28.5
230220261912  0.323  2.1  96.3  6.4  0.06  29.0  28.5
230220261913  0.327  2.0  92.3  6.4  0.06  349.7  28.5
230220261914  0.330  1.9  88.3  6.4  0.21  347.2  28.5
230220261915  0.333  2.0  92.3  6.4  0.13  332.4  28.5
230220261916  0.335  2.1  93.9  6.4  0.07  291.0  28.5
230220261917  0.336  1.8  95.2  5.5  0.16  311.7  28.5
230220261918  0.339  1.6  93.9  4.9  0.05  275.8  28.5
230220261919  0.341  1.4  102.4  4.3  0.09  241.0  28.5
230220261920  0.343  1.5  96.9  4.5  0.18  341.5  28.5
230220261921  0.344  1.7  93.6  4.5  0.13  352.1  28.5
230220261922  0.346  1.9  100.8  5.9  0.07  292.0  28.5
230220261923  0.347  2.1  100.7  5.9  0.08  317.4  28.5
230220261924  0.349  2.3  104.8  5.9  0.11  356.7  28.5
230220261925  0.349  2.4  104.8  5.9  0.12  326.9  28.5
230220261926  0.351  2.2  104.8  5.9  0.07  251.9  28.5
230220261927  0.353  2.1  103.8  5.9  0.07  250.1  28.5
230220261928  0.356  2.2  103.3  5.9  0.05  256.3  28.5
230220261929  0.357  2.1  96.9  5.9  0.09  249.0  28.5
230220261930  0.359  2.1  96.0  5.9  0.16  218.1  28.5
230220261931  0.362  2.0  94.5  5.9  0.04  313.7  28.5
230220261932  0.364  1.9  89.8  5.8  0.08  303.6  28.5
230220261933  0.367  1.9  98.1  5.8  0.09  243.4  28.5
230220261934  0.369  1.7  99.8  5.8  0.05  217.6  28.4
230220261935  0.370  1.6  105.1  4.7  0.10  198.7  28.4
230220261936  0.372  1.7  104.4  4.7  0.21  203.6  28.4
230220261937  0.374  1.7  104.7  4.7  0.08  221.4  28.4
230220261938  0.375  1.6  111.2  4.7  0.19  211.3  28.4
230220261939  0.376  1.7  117.8  4.7  0.16  206.6  28.4
230220261940  0.376  1.5  120.3  4.7  0.07  207.0  28.4
230220261941  0.378  1.4  118.8  4.7  0.22  201.4  28.4
230220261942  0.381  1.3  119.2  4.7  0.04  267.5  28.4
230220261943  0.382  1.3  109.5  5.7  0.08  229.8  28.4
230220261944  0.384  1.5  101.2  5.7  0.12  251.8  28.4
230220261945  0.386  1.4  93.0  5.7  0.04  269.2  28.4
230220261946  0.387  1.5  93.9  5.7  0.10  186.6  28.4
230220261947  0.388  1.5  88.3  5.7  0.02  211.8  28.4
230220261948  0.388  1.9  84.8  6.0  0.06  178.7  28.4
230220261949  0.389  1.9  84.8  6.0  0.12  214.4  28.4
230220261950  0.390  2.1  92.6  6.0  0.09  228.7  28.4
230220261951  0.391  2.1  96.8  6.0  0.03  348.2  28.4
230220261952  0.393  2.3  98.1  6.0  0.08  228.0  28.4
230220261953  0.394  2.4  101.9  6.0  0.08  195.4  28.4
230220261954  0.396  2.2  101.6  6.0  0.10  240.5  28.4
230220261955  0.396  2.1  102.9  6.0  0.16  201.9  28.4
230220261956  0.399  2.1  100.2  6.0  0.08  230.9  28.4
230220261957  0.401  2.4  104.9  6.0  0.15  200.2  28.4
230220261958  0.403  2.3  111.9  5.6  0.15  216.6  28.4
230220261959  0.404  2.4  113.0  5.6  0.06  253.4  28.4
230220262000  0.406  2.4  108.8  5.6  0.15  202.5  28.4
230220262001  0.408  2.4  108.9  5.6  0.16  203.5  28.4
230220262002  0.411  2.1  110.7  5.6  0.31  196.5  28.4
230220262003  0.415  1.6  110.7  5.0  0.12  217.8  28.4
230220262004  0.418  1.7  109.8  5.0  0.26  195.2  28.4
230220262005  0.421  1.7  110.6  5.0  0.24  193.7  28.4
230220262006  0.423  1.5  110.1  5.0  0.17  193.9  28.4
230220262007  0.426  1.4  111.8  4.6  0.25  182.5  28.4
230220262008  0.428  1.4  110.8  4.6  0.17  170.7  28.4
230220262009  0.431  1.2  102.6  4.1  0.30  188.5  28.4
230220262010  0.436  0.9  112.5  4.1  0.20  185.5  28.4
230220262011  0.438  0.9  116.5  4.1  0.24  190.0  28.3
230220262012  0.442  0.9  115.7  4.1  0.26  184.4  28.3
230220262013  0.446  1.1  113.6  4.3  0.15  193.0  28.3
230220262014  0.448  1.0  125.2  4.3  0.23  186.1  28.3
230220262015  0.450  1.0  115.2  4.3  0.25  183.7  28.3
230220262016  0.455  1.1  105.7  6.0  0.24  175.7  28.3
230220262017  0.460  1.1  104.3  6.0  0.16  180.8  28.3
230220262018  0.463  1.0  107.7  6.0  0.12  176.4  28.3
230220262019  0.467  1.1  107.7  6.0  0.10  187.8  28.3
230220262020  0.471  1.2  94.6  6.0  0.26  185.2  28.3
230220262021  0.474  1.4  90.2  6.0  0.26  183.0  28.3
230220262022  0.477  1.5  88.1  6.0  0.27  177.9  28.3
230220262023  0.482  1.6  88.6  6.0  0.22  196.0  28.3
230220262024  0.486  1.9  90.0  6.0  0.27  182.9  28.3
230220262025  0.491  2.0  91.6  6.0  0.25  190.9  28.3
230220262026  0.496  2.0  94.3  5.5  0.26  185.2  28.3
230220262027  0.499  1.9  89.7  5.5  0.18  220.1  28.3
230220262028  0.503  1.8  85.9  5.5  0.23  201.4  28.3
230220262029  0.507  1.7  88.1  5.5  0.29  198.1  28.3
230220262030  0.511  1.6  86.0  5.5  0.25  204.4  28.3
230220262031  0.516  1.5  89.6  5.5  0.16  192.8  28.3
230220262032  0.521  1.6  92.9  5.5  0.47  189.0  28.3
230220262033  0.527  1.6  89.7  5.5  0.50  192.7  28.3
230220262034  0.532  1.5  85.3  4.0  0.38  190.6  28.3
230220262035  0.537  1.5  89.7  4.5  0.44  196.8  28.3
230220262036  0.542  1.5  99.2  5.0  0.28  190.0  28.3
230220262037  0.547  1.7  100.7  5.0  0.34  197.5  28.3
230220262038  0.552  1.8  98.1  5.0  0.49  198.0  28.3
230220262039  0.559  2.1  88.3  5.7  0.40  191.7  28.3
230220262040  0.563  2.1  90.2  5.7  0.43  190.8  28.3
230220262041  0.570  2.1  89.1  5.7  0.49  194.4  28.2
230220262042  0.575  1.8  91.9  5.7  0.42  180.1  28.2
230220262043  0.581  1.9  87.1  6.4  0.32  185.5  28.2
230220262044  0.586  2.4  85.4  11.2  0.46  184.2  28.2
230220262045  0.591  2.8  81.8  11.2  0.35  177.1  28.2
230220262046  0.596  3.5  75.0  11.2  0.57  186.1  28.2
230220262047  0.600  4.0  75.8  11.2  0.68  186.9  28.2
230220262048  0.606  4.4  76.4  12.5  0.57  179.6  28.2
230220262049  0.611  4.4  80.0  12.5  0.45  172.2  28.2
230220262050  0.616  4.9  80.1  12.5  0.61  177.2  28.2
230220262051  0.620  5.3  79.2  12.5  0.54  170.3  28.2
230220262052  0.626  5.8  77.1  12.5  0.54  170.7  28.2
230220262053  0.630  5.9  77.8  12.5  0.60  172.9  28.2
230220262054  0.636  5.6  76.8  12.5  0.42  164.4  28.2
230220262055  0.640  5.4  77.0  12.5  0.60  173.3  28.2
230220262056  0.644  5.1  77.8  12.5  0.51  170.4  28.2
230220262057  0.650  4.8  79.1  12.5  0.60  172.9  28.2
230220262058  0.653  4.7  78.5  9.2  0.71  173.3  28.2
230220262059  0.658  4.5  77.8  9.2  0.67  174.0  28.2
230220262100  0.663  4.2  78.5  8.2  0.74  174.9  28.2
230220262101  0.668  4.4  76.4  9.1  0.53  171.6  28.2
230220262102  0.671  4.4  76.3  9.1  0.55  173.9  28.2
230220262103  0.675  4.2  76.6  9.1  0.65  171.3  28.2
230220262104  0.678  4.3  76.0  9.1  0.53  171.3  28.2
230220262105  0.683  4.2  76.2  10.4  0.61  174.3  28.2
230220262106  0.687  3.7  78.8  10.4  0.72  174.6  28.2
230220262107  0.691  3.5  74.4  10.4  0.82  178.2  28.2
230220262108  0.696  3.3  74.6  10.4  0.74  177.4  28.2
230220262109  0.700  3.7  74.6  10.4  0.70  169.4  28.2
230220262110  0.704  4.0  74.1  11.0  0.74  171.1  28.1
230220262111  0.707  3.6  77.5  11.0  0.76  174.8  28.1
230220262112  0.712  3.5  78.5  11.0  0.83  171.5  28.1
230220262113  0.717  3.5  81.9  11.0  0.90  171.0  28.1
230220262114  0.721  3.2  84.0  11.0  0.88  174.2  28.1
230220262115  0.725  2.8  82.7  11.0  0.78  167.7  28.1
230220262116  0.729  2.8  80.4  11.0  0.87  171.0  28.1
230220262117  0.732  2.8  78.7  11.0  0.89  173.0  28.1
230220262118  0.735  2.9  76.0  11.0  0.79  170.2  28.1
230220262119  0.741  2.8  75.5  11.0  0.75  168.3  28.1
230220262120  0.743  2.8  77.7  7.9  0.83  169.4  28.1
230220262121  0.747  2.7  77.9  7.9  0.76  165.3  28.1
230220262122  0.750  2.7  78.2  7.9  0.98  173.3  28.1
230220262123  0.754  2.8  75.0  7.9  0.91  172.4  28.1
230220262124  0.759  2.9  74.0  7.9  0.94  169.7  28.1
230220262125  0.763  3.1  73.9  7.9  0.83  169.3  28.1
230220262126  0.766  3.1  74.6  7.9  0.84  171.6  28.1
230220262127  0.770  3.3  78.7  7.9  0.88  168.8  28.1
230220262128  0.775  3.0  83.1  7.9  0.87  170.4  28.1
230220262129  0.777  2.8  83.8  7.5  0.87  169.1  28.1
230220262130  0.782  2.3  82.1  6.3  0.87  168.3  28.1
230220262131  0.786  2.3  80.2  6.3  0.84  165.3  28.1
230220262132  0.788  2.6  76.4  11.8  0.94  169.9  28.1
230220262133  0.792  2.8  75.0  11.8  0.98  171.4  28.1
230220262134  0.795  3.3  76.0  11.8  0.89  166.8  28.1
230220262135  0.798  3.7  77.4  11.8  0.93  168.4  28.1
230220262136  0.802  4.4  76.3  11.8  0.98  169.3  28.1
230220262137  0.806  4.5  76.9  11.8  0.85  165.1  28.1
230220262138  0.810  4.8  74.8  11.8  0.72  166.4  28.1
230220262139  0.814  5.0  74.7  11.8  0.93  171.9  28.1
230220262140  0.819  5.7  73.2  11.8  0.76  169.4  28.1
230220262141  0.823  6.0  74.2  11.8  0.90  168.8  28.1
230220262142  0.828  5.8  75.0  11.4  0.77  171.1  28.1
230220262143  0.834  5.9  75.3  11.4  0.85  168.8  28.1
230220262144  0.839  5.9  74.5  9.9  0.82  170.4  28.1
230220262145  0.843  5.8  75.0  9.9  0.80  169.6  28.1
230220262146  0.848  5.6  75.7  9.6  0.93  170.4  28.1
230220262147  0.851  5.9  74.1  9.6  0.81  169.9  28.1
230220262148  0.855  6.2  74.2  9.6  0.85  170.4  28.1
230220262149  0.861  6.6  74.0  10.4  0.87  166.1  28.1
230220262150  0.864  6.6  75.8  11.5  0.92  174.3  28.1
230220262151  0.869  6.8  74.6  11.5  0.82  176.6  28.1
230220262152  0.873  7.1  74.3  11.5  0.64  183.2  28.1
230220262153  0.877  7.2  74.8  11.5  0.76  180.7  28.1
230220262154  0.882  7.5  74.5  14.0  0.79  179.0  28.1
230220262155  0.886  7.9  72.8  14.0  0.87  178.7  28.1
230220262156  0.891  7.9  72.5  14.0  0.66  184.9  28.1
230220262157  0.895  7.8  72.2  14.0  0.73  180.7  28.0
230220262158  0.901  7.4  72.8  14.0  0.72  178.1  28.0
230220262159  0.908  7.1  72.1  14.0  0.81  178.2  28.0
230220262200  0.912  6.7  72.1  14.0  0.76  177.7  28.0
230220262201  0.917  6.4  72.5  14.0  0.84  179.7  28.0
230220262202  0.923  6.3  73.5  14.0  0.79  177.6  28.0
230220262203  0.928  6.1  72.9  14.0  0.74  179.8  28.0
230220262204  0.932  5.6  74.1  13.3  0.77  178.2  28.0
230220262205  0.938  4.8  75.7  11.3  0.72  179.7  28.0
230220262206  0.941  4.7  76.8  11.3  0.80  181.0  27.9
230220262207  0.946  4.4  80.1  11.3  0.83  174.9  27.9
230220262208  0.952  4.5  79.7  11.3  0.68  176.8  27.9
230220262209  0.959  4.2  82.8  11.3  0.70  174.5  27.9
230220262210  0.965  3.9  83.8  11.3  0.76  176.5  27.9
230220262211  0.971  3.4  84.6  11.3  0.74  176.1  27.9
230220262212  0.977  3.0  85.2  8.7  0.65  176.0  27.9
230220262213  0.983  2.7  88.5  8.2  0.72  177.1  27.9
230220262214  0.989  2.5  89.2  7.2  0.73  179.1  28.0
230220262215  0.995  2.5  93.5  7.2  0.64  176.9  28.0
230220262216  1.001  2.4  92.8  7.6  0.72  177.5  28.0
230220262217  1.007  2.7  87.9  9.7  0.68  178.1  28.0
230220262218  1.015  3.0  85.3  10.7  0.72  173.6  28.0
230220262219  1.021  3.2  85.6  10.7  0.77  178.2  28.0
230220262220  1.027  3.9  80.4  10.7  0.70  179.9  28.0
230220262221  1.033  4.5  80.5  10.7  0.76  179.1  28.0
230220262222  1.038  4.7  80.1  10.7  0.84  178.2  28.0
230220262223  1.045  5.1  78.2  10.7  0.76  179.4  28.0
230220262224  1.050  5.2  78.7  10.7  0.83  179.2  28.0
230220262225  1.054  5.1  76.7  10.7  0.76  181.4  28.1
230220262226  1.060  5.2  77.8  10.7  0.70  179.3  28.1
230220262227  1.064  4.9  78.1  10.7  0.75  179.7  28.1
230220262228  1.069  4.7  79.5  10.6  0.77  186.5  28.1
230220262229  1.075  4.6  77.8  10.6  0.61  193.3  28.1
230220262230  1.078  4.1  81.7  10.3  0.59  188.9  28.1
230220262231  1.083  4.0  79.5  8.9  0.58  190.4  28.1
230220262232  1.088  3.6  81.8  7.8  0.70  192.9  28.1
230220262233  1.092  3.3  88.3  7.7  0.65  186.4  28.1
230220262234  1.094  3.0  90.9  7.3  0.76  187.7  28.0
230220262235  1.099  3.1  90.6  7.3  0.83  191.8  28.0
230220262236  1.101  2.9  89.8  7.0  0.71  184.8  28.0
230220262237  1.105  2.7  88.4  7.0  0.65  188.3  28.0
230220262238  1.110  2.6  89.8  6.9  0.74  189.4  28.0
230220262239  1.113  2.3  93.4  6.9  0.70  188.1  28.0
230220262240  1.118  2.2  89.6  6.9  0.69  189.7  28.0
230220262241  1.122  2.2  93.0  6.9  0.83  183.8  28.0
230220262242  1.126  2.2  90.1  6.9  0.85  179.3  28.0
230220262243  1.130  2.2  79.0  6.9  0.96  180.4  27.9
230220262244  1.132  2.4  76.7  6.9  0.93  177.4  27.9
230220262245  1.135  2.7  76.1  8.3  1.00  177.8  27.9
230220262246  1.138  2.9  74.4  8.3  0.90  177.8  27.9
230220262247  1.142  3.3  77.3  9.3  0.87  180.6  27.9
230220262248  1.145  3.4  76.9  9.3  0.84  183.5  27.9
230220262249  1.148  4.0  75.2  9.3  0.80  179.8  27.9
230220262250  1.151  4.2  75.5  9.3  0.66  183.4  27.9
230220262251  1.154  4.2  75.7  9.3  0.81  183.6  27.9
230220262252  1.158  4.6  77.1  11.5  0.75  181.6  27.9
230220262253  1.160  5.0  78.7  11.5  0.77  177.0  27.9
230220262254  1.164  5.0  79.1  11.5  0.82  183.2  27.9
230220262255  1.166  4.7  78.7  11.5  0.83  181.1  27.8
230220262256  1.169  4.3  80.6  11.5  0.91  184.9  27.8
230220262257  1.171  4.2  78.8  11.5  0.81  180.7  27.8
230220262258  1.174  4.4  77.5  11.5  0.82  184.0  27.8
230220262259  1.176  4.3  78.5  11.5  0.92  180.8  27.8
230220262300  1.178  4.4  80.1  11.5  0.84  178.4  27.8
230220262301  1.180  4.5  80.9  11.5  0.83  178.8  27.8
230220262302  1.183  4.4  78.5  10.2  0.76  177.9  27.8
230220262303  1.185  4.0  79.1  10.2  0.76  178.7  27.8
230220262304  1.188  3.9  76.6  10.2  0.73  184.4  27.8
230220262305  1.190  4.1  77.1  10.2  0.89  178.5  27.8
230220262306  1.194  4.6  76.7  11.7  0.85  183.6  27.7
230220262307  1.197  4.4  78.7  11.7  0.87  176.1  27.7
230220262308  1.200  4.0  79.0  11.7  0.74  174.0  27.7
230220262309  1.203  3.6  80.5  11.7  0.86  177.5  27.7
230220262310  1.205  3.0  80.5  11.7  0.96  178.3  27.7
230220262311  1.210  2.6  82.5  11.7  0.77  178.1  27.7
230220262312  1.214  2.5  83.0  11.7  0.88  179.9  27.7
230220262313  1.219  2.5  79.1  11.7  0.88  182.0  27.7
230220262314  1.223  2.6  80.6  11.7  0.74  180.4  27.7
230220262315  1.226  2.5  81.3  11.7  0.75  180.9  27.7
230220262316  1.230  2.2  81.3  9.7  0.72  180.4  27.7
230220262317  1.234  2.0  81.9  9.7  0.56  186.6  27.7
230220262318  1.237  1.9  84.1  9.7  0.58  187.1  27.7
230220262319  1.241  2.0  84.5  9.7  0.55  179.3  27.7
230220262320  1.244  2.5  80.1  9.7  0.67  178.9  27.7
230220262321  1.247  2.6  78.5  9.7  0.65  178.6  27.7
230220262322  1.251  2.4  85.7  9.7  0.59  180.2  27.7
230220262323  1.254  2.5  90.6  9.7  0.62  183.3  27.7
230220262324  1.257  2.2  94.1  8.9  0.64  180.2  27.7
230220262325  1.261  2.5  92.2  8.9  0.54  179.9  27.7
230220262326  1.265  2.1  96.4  8.9  0.62  179.6  27.7
230220262327  1.268  2.0  97.6  8.9  0.74  180.5  27.7
230220262328  1.272  2.1  102.7  8.9  0.72  178.3  27.7
230220262329  1.275  2.0  100.4  8.9  0.75  175.4  27.7
230220262330  1.278  1.7  112.5  7.7  0.80  176.9  27.7
230220262331  1.283  1.6  114.5  7.7  0.67  173.0  27.7
230220262332  1.287  1.4  112.5  7.7  0.74  178.7  27.7
230220262333  1.291  1.4  102.1  7.7  0.87  178.1  27.7
230220262334  1.295  1.5  96.7  7.7  0.91  174.3  27.7
230220262335  1.299  1.4  94.4  7.0  0.90  173.9  27.7
230220262336  1.302  1.6  90.9  7.0  0.88  177.3  27.7
230220262337  1.308  1.7  86.7  7.0  0.86  172.1  27.7
230220262338  1.313  1.6  84.4  5.7  0.86  174.8  27.7
230220262339  1.316  1.7  91.2  5.7  0.86  174.8  27.7
230220262340  1.322  1.6  89.3  5.7  0.83  173.8  27.7
230220262341  1.327  1.6  86.5  5.7  1.02  173.8  27.7
230220262342  1.333  1.7  83.8  5.7  1.04  171.6  27.7
230220262343  1.337  1.5  95.4  5.4  0.94  175.4  27.7
230220262344  1.341  1.4  104.8  5.4  1.01  178.3  27.7
230220262345  1.345  1.3  106.2  5.2  0.94  177.2  27.7
230220262346  1.350  1.3  106.7  5.2  0.97  176.5  27.7
230220262347  1.353  1.3  107.0  5.2  0.98  178.8  27.7
230220262348  1.357  1.2  105.9  5.2  0.90  172.7  27.7
230220262349  1.360  1.2  108.8  4.8  0.89  179.3  27.7
230220262350  1.363  1.4  108.6  4.8  0.83  178.0  27.7
230220262351  1.367  1.6  112.6  4.8  0.79  178.4  27.7
230220262352  1.370  1.9  114.7  5.3  0.94  175.5  27.6
230220262353  1.374  2.0  114.2  5.3  0.82  173.9  27.6
230220262354  1.377  2.1  110.2  5.3  0.83  173.2  27.6
230220262355  1.379  2.1  115.9  5.3  0.93  177.6  27.6
230220262356  1.383  2.0  116.0  5.3  0.82  179.5  27.6
230220262357  1.386  2.2  107.6  7.9  0.92  178.9  27.6
230220262358  1.387  2.2  110.1  7.9  0.79  181.1  27.6
230220262359  1.390  2.1  107.8  7.9  0.88  180.7  27.6
240220260000  1.393  1.9  101.4  7.9  0.73  182.5  27.6
240220260001  1.396  1.9  98.7  7.9  0.85  182.9  27.6
240220260002  1.398  1.7  100.1  7.9  0.85  175.4  27.6
240220260003  1.400  1.5  88.1  7.9  0.87  179.3  27.6
240220260004  1.401  1.4  88.3  7.9  0.85  177.7  27.6
240220260005  1.401  1.8  82.5  10.2  0.85  180.0  27.6
240220260006  1.403  2.0  84.6  10.2  0.71  178.1  27.6
240220260007  1.404  1.8  87.6  10.2  0.66  177.4  27.6
240220260008  1.405  1.9  84.3  10.2  0.70  175.2  27.6
240220260009  1.405  1.6  82.0  10.2  0.78  174.7  27.6
240220260010  1.404  1.6  100.1  10.2  0.77  177.1  27.6
240220260011  1.405  1.6  95.3  10.2  0.76  173.3  27.6
240220260012  1.405  1.6  91.8  10.2  0.72  172.1  27.6
240220260013  1.404  1.8  90.5  10.2  0.66  178.1  27.6
240220260014  1.402  1.8  93.3  10.2  0.71  180.7  27.6
240220260015  1.402  1.4  96.4  7.5  0.61  180.8  27.6
240220260016  1.400  1.5  96.1  7.7  0.57  182.1  27.5
240220260017  1.399  1.8  103.6  7.7  0.55  181.4  27.5
240220260018  1.399  2.0  98.9  7.7  0.50  175.1  27.5
240220260019  1.398  2.4  93.4  7.7  0.68  175.0  27.5
240220260020  1.396  2.6  86.2  7.7  0.61  170.2  27.5
240220260021  1.396  2.4  87.8  7.7  0.61  168.0  27.5
240220260022  1.395  2.6  85.4  7.7  0.73  174.5  27.5
240220260023  1.395  2.5  88.1  7.7  0.58  174.1  27.5
240220260024  1.395  2.8  87.1  7.7  0.50  172.7  27.5
240220260025  1.396  3.1  90.2  7.7  0.63  171.3  27.5
240220260026  1.396  2.9  91.3  6.9  0.60  167.5  27.5
240220260027  1.398  2.7  89.5  6.9  0.66  173.8  27.5
240220260028  1.400  2.4  90.5  6.9  0.45  168.4  27.5
240220260029  1.401  2.2  93.8  6.9  0.50  177.0  27.4
240220260030  1.404  2.1  92.0  6.9  0.50  168.5  27.4
240220260031  1.406  2.1  94.0  6.9  0.57  173.7  27.4
240220260032  1.410  1.9  96.8  6.9  0.41  176.4  27.4
240220260033  1.412  1.8  95.7  6.9  0.40  177.4  27.4
240220260034  1.414  1.5  95.7  5.1  0.60  174.4  27.4
240220260035  1.416  1.3  98.8  5.1  0.54  169.6  27.4
240220260036  1.418  1.2  98.7  5.1  0.52  163.9  27.4
240220260037  1.420  1.2  93.8  5.1  0.59  173.4  27.3
240220260038  1.421  1.2  102.0  5.1  0.59  168.8  27.3
240220260039  1.423  1.1  94.1  5.1  0.51  167.4  27.3
240220260040  1.425  1.2  103.9  5.1  0.68  176.5  27.3
240220260041  1.426  1.4  104.7  5.1  0.56  171.4  27.2
240220260042  1.427  1.4  110.1  4.4  0.62  173.9  27.2
240220260043  1.428  1.5  112.0  4.4  0.58  168.1  27.2
240220260044  1.430  1.5  116.1  4.4  0.47  161.4  27.2
240220260045  1.430  1.5  116.5  4.4  0.53  163.8  27.2
240220260046  1.432  1.5  113.1  4.4  0.63  172.3  27.2
240220260047  1.432  1.5  115.4  4.4  0.65  171.5  27.2
240220260048  1.433  1.3  109.9  4.4  0.48  166.4  27.2
240220260049  1.435  1.4  115.2  4.4  0.61  176.4  27.3
240220260050  1.434  1.2  112.2  4.4  0.68  177.0  27.3
240220260051  1.435  1.2  121.6  6.0  0.75  177.0  27.3
240220260052  1.435  1.3  113.9  6.0  0.70  183.9  27.3
240220260053  1.435  1.4  116.0  6.0  0.69  174.6  27.3
240220260054  1.435  1.4  101.6  6.0  0.62  173.1  27.3
240220260055  1.435  1.5  95.3  6.0  0.45  164.5  27.3
240220260056  1.435  1.3  100.7  6.0  0.51  165.0  27.3
240220260057  1.435  1.1  95.1  6.0  0.40  158.1  27.2
240220260058  1.435  1.4  94.1  6.0  0.62  170.8  27.2
240220260059  1.436  1.7  88.0  6.0  0.48  165.7  27.2
240220260100  1.436  2.1  84.5  6.0  0.61  169.9  27.2
240220260101  1.437  2.5  76.6  8.2  0.50  166.1  27.2
240220260102  1.438  2.7  74.7  8.2  0.50  172.1  27.2
240220260103  1.438  2.9  72.6  8.2  0.41  170.1  27.2
240220260104  1.441  3.1  76.3  8.2  0.45  162.9  27.2
240220260105  1.441  3.2  75.2  8.2  0.54  172.7  27.2
240220260106  1.441  3.8  76.2  8.2  0.61  174.2  27.2
240220260107  1.441  3.9  79.0  8.2  0.50  170.0  27.2
240220260108  1.442  4.1  77.0  9.7  0.46  168.9  27.2
240220260109  1.444  4.4  78.6  9.7  0.44  173.2  27.2
240220260110  1.445  4.3  81.1  9.7  0.37  167.6  27.2
240220260111  1.445  4.0  82.3  9.7  0.43  157.6  27.2
240220260112  1.446  3.9  81.7  9.7  0.41  157.7  27.2
240220260113  1.446  4.1  81.1  9.7  0.39  156.3  27.2
240220260114  1.447  4.0  80.6  9.7  0.35  167.7  27.2
240220260115  1.448  3.8  82.3  9.7  0.35  165.1  27.2
240220260116  1.448  3.4  82.0  9.7  0.51  161.8  27.2
240220260117  1.449  3.3  79.7  9.7  0.40  159.6  27.2
240220260118  1.449  3.1  80.1  8.9  0.51  161.2  27.2
240220260119  1.449  2.9  78.6  8.9  0.50  168.8  27.1
240220260120  1.449  2.8  77.7  8.9  0.53  157.7  27.1
240220260121  1.448  2.8  75.9  8.9  0.45  168.1  27.1
240220260122  1.449  2.6  78.1  8.9  0.46  168.6  27.1
240220260123  1.449  2.4  80.2  7.6  0.51  169.2  27.1
240220260124  1.447  2.4  81.4  7.6  0.55  166.3  27.1
240220260125  1.447  2.5  79.7  7.6  0.45  169.4  27.1
240220260126  1.445  2.6  79.2  7.6  0.48  174.2  27.1
240220260127  1.445  2.8  79.1  7.6  0.37  162.9  27.1
240220260128  1.445  2.6  84.8  7.6  0.40  168.3  27.1
240220260129  1.444  2.4  83.7  5.4  0.41  172.4  27.1
240220260130  1.445  2.4  79.7  5.4  0.36  165.8  27.1
240220260131  1.443  2.4  79.1  5.4  0.38  165.8  27.1
240220260132  1.443  2.6  77.7  5.5  0.34  166.4  27.0
240220260133  1.442  2.6  77.0  5.5  0.42  167.7  27.0
240220260134  1.441  2.8  76.9  7.0  0.32  170.5  27.1
240220260135  1.439  3.0  76.7  7.0  0.29  157.6  27.1
240220260136  1.439  3.3  76.9  7.0  0.30  173.0  27.1
240220260137  1.437  3.1  78.9  7.0  0.29  161.4  27.1
240220260138  1.435  3.1  78.0  7.0  0.28  153.4  27.1
240220260139  1.434  2.9  84.2  7.0  0.31  160.7  27.1
240220260140  1.433  2.5  88.0  7.0  0.29  157.9  27.0
240220260141  1.431  2.4  93.0  7.0  0.36  168.7  27.0
240220260142  1.430  2.4  95.1  7.0  0.30  160.5  27.0
240220260143  1.428  2.2  95.2  7.0  0.26  168.7  27.0
240220260144  1.426  1.9  102.2  6.1  0.44  163.5  27.0
240220260145  1.424  1.6  111.3  5.9  0.35  160.8  27.0
240220260146  1.422  1.3  127.3  5.5  0.30  161.4  27.0
240220260147  1.419  1.0  130.2  5.5  0.35  159.6  27.0
240220260148  1.417  1.0  129.8  5.5  0.41  164.0  27.0
240220260149  1.416  1.0  120.2  5.5  0.34  148.5  27.0
240220260150  1.413  1.0  121.6  5.5  0.25  139.6  27.0
240220260151  1.413  0.9  116.8  5.5  0.40  166.3  27.0
240220260152  1.411  0.7  122.2  3.9  0.33  174.7  27.0
240220260153  1.409  0.6  136.2  3.9  0.33  181.4  27.0
240220260154  1.405  0.5  141.4  3.5  0.35  181.2  27.0
240220260155  1.403  0.5  139.2  3.5  0.27  164.5  27.0
240220260156  1.399  0.6  111.9  3.5  0.21  169.6  27.0
240220260157  1.395  0.8  111.8  3.5  0.21  143.2  27.0
240220260158  1.393  0.9  105.7  3.5  0.31  167.8  27.0
240220260159  1.390  0.9  102.1  3.5  0.36  174.2  27.0
240220260200  1.387  1.0  97.6  3.5  0.27  179.7  27.0
240220260201  1.384  1.1  104.3  3.5  0.24  160.9  27.0
240220260202  1.381  1.0  102.7  3.5  0.22  148.6  27.0
240220260203  1.378  1.2  92.6  3.5  0.26  143.2  27.0
240220260204  1.375  1.2  84.0  3.5  0.27  148.8  27.0
240220260205  1.374  1.3  79.0  3.5  0.24  164.3  27.0
240220260206  1.370  1.3  80.8  3.2  0.22  144.3  27.0
240220260207  1.367  1.4  81.4  3.2  0.13  142.6  27.0
240220260208  1.364  1.4  77.1  3.2  0.22  125.4  27.0
240220260209  1.362  1.3  77.2  3.2  0.11  81.2  27.0
240220260210  1.360  1.3  77.0  3.2  0.11  50.2  27.0
240220260211  1.357  1.3  72.2  3.2  0.13  118.4  27.0
240220260212  1.355  1.4  74.3  3.2  0.18  127.1  27.0
240220260213  1.355  1.3  80.8  3.2  0.15  140.8  27.0
240220260214  1.352  1.2  85.7  3.2  0.16  170.9  27.0
240220260215  1.352  1.0  88.2  3.2  0.19  165.2  27.0
240220260216  1.351  0.8  86.9  2.8  0.27  165.7  27.0
240220260217  1.350  0.9  87.9  4.3  0.15  174.4  27.0
240220260218  1.349  0.9  94.0  4.3  0.35  169.4  27.0
240220260219  1.348  0.8  97.7  4.3  0.21  169.0  27.0
240220260220  1.346  0.7  100.9  4.3  0.09  100.0  27.0
240220260221  1.346  0.7  107.0  4.3  0.16  146.4  27.0
240220260222  1.344  0.6  127.8  4.3  0.12  179.0  27.0
240220260223  1.344  0.7  133.7  4.3  0.14  165.2  27.0
240220260224  1.343  0.7  135.1  4.3  0.07  174.5  27.0
240220260225  1.339  0.8  135.2  4.3  0.08  118.0  27.0
240220260226  1.337  0.8  136.5  4.3  0.22  176.9  27.0
240220260227  1.335  0.8  150.7  3.2  0.09  109.0  27.0
240220260228  1.331  0.9  155.9  3.2  0.16  146.9  27.0
240220260229  1.329  1.0  150.5  3.2  0.10  123.6  27.0
240220260230  1.327  1.1  141.0  3.2  0.12  141.1  27.0
240220260231  1.324  1.1  133.4  3.2  0.14  157.9  27.0
240220260232  1.321  1.0  125.6  3.2  0.11  149.8  27.0
240220260233  1.319  1.1  109.3  3.9  0.11  155.5  27.0
240220260234  1.315  1.3  98.9  4.5  0.05  156.3  27.0
240220260235  1.311  1.3  99.5  4.5  nan  nan  nan
240220260236  1.307  1.2  102.5  4.5  0.04  57.0  27.0
240220260237  1.302  1.2  97.4  4.5  0.05  34.6  27.0
240220260238  1.299  1.4  92.0  4.5  0.11  8.1  27.0
240220260239  1.296  1.6  82.9  6.4  0.07  221.0  27.0
240220260240  1.291  1.7  85.6  6.4  0.13  24.7  27.0
240220260241  1.288  1.8  84.3  6.4  0.08  356.0  27.0
240220260242  1.285  2.0  80.8  6.4  0.15  14.6  27.0
240220260243  1.282  1.9  87.7  6.4  0.05  75.4  27.0
240220260244  1.279  1.7  93.7  6.4  0.19  345.9  27.0
240220260245  1.276  1.7  95.5  6.4  0.12  7.2  27.0
240220260246  1.274  1.8  94.0  6.4  0.22  1.4  27.0
240220260247  1.271  1.8  91.2  6.4  0.14  4.4  27.0
240220260248  1.268  1.7  95.2  6.4  0.14  22.3  27.0
240220260249  1.266  1.4  100.9  4.5  0.06  49.6  27.0
240220260250  1.265  1.4  91.1  4.8  0.05  46.9  27.0
240220260251  1.263  1.7  86.1  5.1  0.12  357.1  27.0
240220260252  1.262  1.6  88.3  5.1  0.22  3.3  27.0
240220260253  1.261  1.6  80.8  5.1  0.02  10.0  27.0
240220260254  1.259  1.7  78.5  5.1  0.14  340.0  27.0
240220260255  1.258  1.8  76.4  5.1  0.21  343.9  27.0
240220260256  1.257  2.0  74.8  5.1  0.22  358.4  27.0
240220260257  1.255  2.1  74.0  5.1  0.29  353.7  27.0
240220260258  1.255  2.3  68.8  5.1  0.16  353.5  27.0
240220260259  1.253  2.6  68.3  5.1  0.06  326.2  27.0
240220260300  1.251  2.5  71.5  5.1  0.12  2.3  27.0
240220260301  1.251  2.3  72.4  4.2  0.10  355.1  27.0
240220260302  1.249  2.3  76.7  4.2  0.19  1.8  27.0
240220260303  1.246  2.1  79.7  4.2  0.16  20.2  27.0
240220260304  1.244  2.1  75.7  4.2  0.13  17.0  27.0
240220260305  1.242  2.2  75.3  4.2  0.08  14.1  27.0
240220260306  1.241  1.8  82.9  4.2  0.24  2.6  27.0
240220260307  1.239  1.5  87.7  4.2  0.15  21.3  27.0
240220260308  1.236  1.5  85.3  4.5  0.07  330.8  27.0
240220260309  1.235  1.5  81.6  5.1  0.13  12.5  27.0
240220260310  1.232  1.4  80.8  5.1  0.13  356.6  27.0
240220260311  1.228  1.3  79.7  5.1  0.05  3.7  27.0
240220260312  1.226  1.4  74.2  5.1  0.06  331.6  27.0
240220260313  1.223  1.4  70.1  5.1  0.12  343.0  27.0
240220260314  1.220  1.5  74.4  5.1  0.13  5.7  27.0
240220260315  1.216  1.5  77.0  5.1  0.12  325.0  27.0
240220260316  1.212  1.7  69.8  5.1  0.28  355.5  27.0
240220260317  1.207  1.7  70.8  5.1  0.17  4.7  27.0
240220260318  1.202  1.4  75.1  5.1  0.18  11.3  27.0
240220260319  1.199  1.0  81.5  2.8  0.16  1.5  27.1
240220260320  1.194  0.8  82.3  2.8  0.15  351.3  27.1
240220260321  1.189  0.8  82.8  2.5  0.21  345.6  27.1
240220260322  1.185  0.7  82.8  2.5  0.23  348.2  27.1
240220260323  1.178  0.6  99.6  2.5  0.33  353.9  27.1
240220260324  1.172  0.6  110.6  2.4  0.29  356.7  27.1
240220260325  1.166  0.6  114.8  2.5  0.23  357.8  27.1
240220260326  1.161  0.8  118.1  2.5  0.25  348.7  27.1
240220260327  1.154  1.0  118.4  3.4  0.21  338.6  27.1
240220260328  1.150  1.2  120.9  3.7  0.24  345.7  27.1
240220260329  1.143  1.5  121.6  3.7  0.26  341.9  27.1
240220260330  1.138  1.7  118.3  3.7  0.27  357.7  27.1
240220260331  1.134  1.7  120.5  3.7  0.32  2.9  27.1
240220260332  1.127  1.8  121.3  3.7  0.23  11.0  27.1
240220260333  1.124  1.8  123.0  3.7  0.33  15.7  27.1
240220260334  1.120  1.9  126.1  3.7  0.27  357.8  27.1
240220260335  1.116  1.9  129.0  3.7  0.38  348.4  27.1
240220260336  1.112  2.0  133.5  3.9  0.42  12.1  27.1
240220260337  1.110  2.0  136.7  3.9  0.42  7.6  27.1
240220260338  1.107  2.0  138.3  3.9  0.52  11.5  27.2
240220260339  1.105  1.8  140.0  3.9  0.42  3.9  27.2
240220260340  1.103  1.9  141.7  3.9  0.63  12.1  27.2
240220260341  1.101  1.8  141.2  3.9  0.66  13.5  27.2
240220260342  1.100  1.8  140.1  3.9  0.51  15.5  27.2
240220260343  1.097  1.6  137.1  3.9  0.58  16.6  27.2
240220260344  1.096  1.4  131.8  3.9  0.49  15.3  27.2
240220260345  1.094  1.3  130.1  3.9  0.62  13.6  27.2
240220260346  1.093  1.1  125.2  3.1  0.51  3.6  27.2
240220260347  1.090  1.1  124.3  3.2  0.45  16.7  27.2
240220260348  1.088  1.0  120.8  3.2  0.66  12.0  27.2
240220260349  1.086  1.0  124.2  3.2  0.66  12.7  27.2
240220260350  1.083  0.9  126.1  3.2  0.54  14.4  27.2
240220260351  1.080  0.9  139.3  3.4  0.53  12.9  27.2
240220260352  1.078  1.1  162.8  4.3  0.56  15.3  27.2
240220260353  1.075  1.4  175.3  4.6  0.57  11.2  27.2
240220260354  1.072  1.9  183.3  4.7  0.54  12.9  27.2
240220260355  1.069  2.1  185.3  4.9  0.48  17.6  27.2
240220260356  1.063  2.5  191.5  5.6  0.47  5.2  27.2
240220260357  1.060  2.8  197.8  5.6  0.55  16.3  27.2
240220260358  1.057  3.2  202.2  5.6  0.45  11.0  27.2
240220260359  1.052  3.5  204.8  5.6  0.44  5.5  27.2
240220260400  1.049  3.8  206.3  5.6  0.49  5.3  27.2
240220260401  1.046  4.0  206.2  5.6  0.38  2.0  27.2
240220260402  1.043  4.0  203.5  5.6  0.41  1.2  27.2
240220260403  1.038  3.9  201.3  5.6  0.38  9.1  27.2
240220260404  1.035  3.9  200.8  5.6  0.55  356.2  27.2
240220260405  1.032  4.0  201.9  5.6  0.45  357.4  27.2
240220260406  1.028  3.8  202.1  4.9  0.44  357.7  27.2
240220260407  1.024  3.7  202.5  4.9  0.47  354.3  27.2
240220260408  1.020  3.7  202.0  4.4  0.49  3.7  27.2
240220260409  1.017  3.6  202.1  4.4  0.51  4.7  27.2
240220260410  1.013  3.6  202.6  4.4  0.57  1.0  27.2
240220260411  1.010  3.6  204.5  4.4  0.47  1.3  27.2
240220260412  1.008  3.6  205.7  4.3  0.49  0.7  27.2
240220260413  1.005  3.5  206.7  4.3  0.46  354.7  27.2
240220260414  1.001  3.5  206.9  4.3  0.54  355.9  27.2
240220260415  0.998  3.4  205.9  4.2  0.54  354.6  27.2
240220260416  0.996  3.3  206.1  4.2  0.38  350.2  27.2
240220260417  0.992  3.3  207.0  4.2  0.52  356.8  27.2
240220260418  0.989  3.4  209.1  5.8  0.49  354.5  27.2
240220260419  0.987  3.6  210.3  5.8  0.52  359.4  27.2
240220260420  0.986  3.7  211.2  5.8  0.53  358.1  27.2
240220260421  0.983  3.7  211.8  5.8  0.54  357.1  27.2
240220260422  0.980  3.7  212.4  5.8  0.46  357.8  27.3
240220260423  0.976  3.8  213.2  5.8  0.53  355.3  27.3
240220260424  0.971  3.7  213.1  5.8  0.56  356.7  27.3
240220260425  0.969  3.7  213.2  5.8  0.64  357.7  27.3
240220260426  0.966  3.7  211.5  5.8  0.59  355.1  27.3
240220260427  0.962  3.7  207.4  5.8  0.51  358.1  27.3
240220260428  0.958  3.4  202.9  5.3  0.54  355.6  27.3
240220260429  0.953  3.3  199.6  5.2  0.57  358.0  27.3
240220260430  0.948  3.1  195.6  4.5  0.58  358.5  27.3
240220260431  0.944  3.1  191.0  4.1  0.52  358.8  27.3
240220260432  0.939  3.0  187.9  4.1  0.58  356.2  27.3
240220260433  0.934  3.0  183.8  4.1  0.60  357.9  27.3
240220260434  0.930  3.0  182.5  4.1  0.45  356.6  27.3
240220260435  0.925  3.0  179.8  4.1  0.64  352.2  27.3
240220260436  0.919  2.9  178.4  4.1  0.56  358.1  27.3
240220260437  0.914  2.8  177.2  4.1  0.64  3.5  27.3
240220260438  0.909  2.8  174.8  4.1  0.47  356.1  27.3
240220260439  0.904  2.8  170.9  4.2  0.55  1.7  27.3
240220260440  0.900  2.8  169.9  4.2  0.62  358.9  27.3
240220260441  0.895  2.7  169.4  4.2  0.70  6.0  27.3
240220260442  0.890  2.7  169.0  4.2  0.74  2.7  27.3
240220260443  0.885  2.8  168.7  4.2  0.75  5.5  27.3
240220260444  0.879  2.8  165.6  4.2  0.71  1.8  27.3
240220260445  0.875  2.7  164.2  4.2  0.75  1.4  27.3
240220260446  0.870  2.7  162.4  4.2  0.74  6.4  27.3
240220260447  0.866  2.7  163.9  4.2  0.60  5.0  27.3
240220260448  0.863  2.6  167.3  4.2  0.66  3.4  27.3
240220260449  0.857  2.4  170.1  3.6  0.74  1.0  27.3
240220260450  0.853  2.3  172.5  3.6  0.67  1.1  27.3
240220260451  0.848  2.3  175.7  3.6  0.74  9.8  27.3
240220260452  0.843  2.2  178.4  3.5  0.85  6.5  27.3
240220260453  0.838  2.2  183.7  3.2  0.83  7.7  27.3
240220260454  0.834  2.2  189.9  3.0  0.84  11.6  27.3
240220260455  0.829  2.3  195.8  3.0  0.80  8.8  27.3
240220260456  0.825  2.4  202.0  3.7  0.84  6.7  27.3
240220260457  0.820  2.3  208.7  3.7  0.74  11.5  27.3
240220260458  0.815  2.4  214.0  3.7  0.89  12.3  27.4
240220260459  0.810  2.3  217.8  3.7  0.75  5.5  27.4
240220260500  0.805  2.3  221.0  3.7  0.76  9.4  27.4
240220260501  0.801  2.1  225.4  3.7  0.79  7.2  27.4
240220260502  0.796  1.9  229.8  3.7  0.92  7.2  27.4
240220260503  0.792  1.9  230.7  3.7  0.86  9.4  27.4
240220260504  0.787  1.8  228.3  3.7  0.93  8.7  27.4
240220260505  0.782  1.5  226.8  3.7  0.85  9.6  27.4
240220260506  0.778  1.3  224.2  3.7  0.84  9.9  27.4
240220260507  0.775  1.2  213.9  3.7  0.95  11.6  27.4
240220260508  0.771  1.1  195.7  4.2  0.81  11.0  27.4
240220260509  0.767  1.1  188.9  4.2  0.96  10.5  27.4
240220260510  0.763  1.0  180.3  4.2  0.82  8.2  27.4
240220260511  0.759  1.0  179.6  4.2  0.89  14.0  27.4
240220260512  0.755  1.1  183.6  4.2  0.82  11.6  27.4
240220260513  0.751  1.1  186.4  4.2  0.86  11.6  27.4
240220260514  0.748  1.1  188.7  4.4  0.94  10.8  27.4
240220260515  0.744  1.2  188.8  4.4  0.85  13.1  27.4
240220260516  0.744  1.0  189.5  4.4  0.90  6.3  27.4
240220260517  0.742  0.9  180.4  4.4  0.92  12.1  27.4
240220260518  0.739  0.7  200.4  4.4  0.80  10.4  27.4
240220260519  0.736  0.8  203.1  4.4  0.94  9.8  27.4
240220260520  0.734  1.0  205.9  4.4  0.88  8.0  27.4
240220260521  0.732  1.1  200.3  4.4  0.76  9.6  27.4
240220260522  0.731  1.1  189.1  4.4  0.88  8.9  27.4
240220260523  0.730  1.0  186.7  4.4  0.71  9.7  27.4
240220260524  0.729  0.9  177.6  4.0  0.75  3.5  27.4
240220260525  0.729  0.9  175.8  4.0  0.82  2.8  27.4
240220260526  0.728  1.0  167.5  4.0  0.74  6.7  27.4
240220260527  0.727  0.9  168.2  3.5  0.61  2.1  27.4
240220260528  0.727  0.9  143.4  3.6  0.60  358.9  27.4
240220260529  0.726  1.0  129.5  3.6  0.64  2.9  27.4
240220260530  0.725  1.2  101.0  10.4  0.62  359.1  27.4
240220260531  0.725  1.4  96.0  10.4  0.69  4.8  27.4
240220260532  0.722  1.3  91.4  10.4  0.75  3.4  27.5
240220260533  0.720  1.3  90.0  10.4  0.52  359.7  27.5
240220260534  0.718  1.3  81.5  10.4  0.69  0.1  27.4
240220260535  0.716  1.2  80.2  10.4  0.69  3.2  27.4
240220260536  0.713  1.2  86.1  10.4  0.76  1.8  27.5
240220260537  0.712  1.3  90.5  10.4  0.69  1.1  27.5
240220260538  0.709  1.2  92.7  10.4  0.61  1.1  27.5
240220260539  0.704  1.2  94.4  10.4  0.64  3.5  27.5
240220260540  0.702  0.9  113.0  6.4  0.62  357.0  27.5
240220260541  0.698  1.0  111.8  3.5  0.70  359.3  27.5
240220260542  0.695  1.2  106.6  3.5  0.61  2.3  27.5
240220260543  0.691  1.4  104.5  3.6  0.75  0.6  27.5
240220260544  0.688  1.3  110.6  3.6  0.81  3.1  27.5
240220260545  0.684  1.3  108.8  3.6  0.76  6.2  27.5
240220260546  0.681  1.4  105.6  3.6  0.57  357.7  27.5
240220260547  0.677  1.3  111.4  3.6  0.70  0.5  27.5
240220260548  0.673  1.4  126.3  4.9  0.66  4.4  27.5
240220260549  0.670  1.3  133.0  4.9  0.78  1.5  27.5
240220260550  0.666  1.3  139.8  5.0  0.85  4.5  27.5
240220260551  0.664  1.4  136.7  5.7  0.86  5.9  27.5
240220260552  0.658  1.4  141.1  5.7  0.71  8.3  27.5
240220260553  0.655  1.5  148.6  5.7  0.81  8.1  27.5
240220260554  0.651  1.5  142.9  5.7  0.75  5.1  27.5
240220260555  0.648  1.7  139.7  5.7  0.75  6.0  27.5
240220260556  0.644  1.5  136.7  5.7  0.76  6.2  27.5
240220260557  0.641  1.6  138.3  5.7  0.89  7.4  27.5
240220260558  0.638  1.7  129.3  5.7  0.77  6.8  27.5
240220260559  0.635  1.9  127.2  5.7  0.66  8.7  27.5
240220260600  0.630  2.1  119.9  5.7  0.88  6.1  27.5
240220260601  0.628  2.0  121.0  5.5  0.81  9.0  27.5
240220260602  0.626  1.8  122.4  5.5  0.74  13.0  27.5
240220260603  0.623  1.8  119.4  5.5  0.82  10.3  27.5
240220260604  0.621  1.7  119.2  5.5  0.78  7.7  27.5
240220260605  0.619  1.6  124.2  5.5  0.78  5.9  27.5
240220260606  0.617  1.5  128.2  5.5  0.83  8.5  27.5
240220260607  0.614  1.4  120.6  5.4  0.81  5.5  27.5
240220260608  0.612  1.2  123.7  5.4  0.66  8.3  27.5
240220260609  0.610  1.3  120.1  5.4  0.70  7.6  27.5
240220260610  0.609  1.1  124.1  5.4  0.68  5.6  27.5
240220260611  0.608  1.0  122.4  5.4  0.77  5.9  27.5
240220260612  0.606  1.2  128.4  5.4  0.73  6.8  27.5
240220260613  0.604  1.2  124.2  5.4  0.71  4.4  27.5
240220260614  0.602  1.2  119.7  5.4  0.68  6.1  27.5
240220260615  0.600  1.2  114.2  5.4  0.59  3.8  27.5
240220260616  0.596  1.4  111.3  5.4  0.79  7.9  27.5
240220260617  0.593  1.8  112.6  5.4  0.92  2.1  27.5
240220260618  0.588  1.9  105.3  6.5  0.69  7.4  27.5
240220260619  0.585  1.8  105.3  6.5  0.66  359.4  27.5
240220260620  0.583  2.0  109.7  6.5  0.69  3.3  27.5
240220260621  0.580  2.2  108.5  6.5  0.73  5.5  27.5
240220260622  0.576  2.2  103.4  6.5  0.74  1.5  27.5
240220260623  0.572  2.3  101.3  6.5  0.72  3.5  27.5
240220260624  0.569  2.3  101.4  6.5  0.70  4.9  27.5
240220260625  0.566  2.4  100.0  6.5  0.70  7.0  27.5
240220260626  0.562  2.3  102.2  6.5  0.91  8.9  27.5
240220260627  0.557  1.9  100.2  6.5  0.79  6.2  27.5
240220260628  0.554  1.7  106.0  5.4  0.73  10.6  27.5
240220260629  0.551  1.9  101.5  7.3  0.72  6.2  27.5
240220260630  0.549  2.1  92.0  7.3  0.83  8.3  27.5
240220260631  0.545  2.2  89.9  7.3  0.75  3.9  27.5
240220260632  0.543  2.3  86.2  7.3  0.77  8.7  27.5
240220260633  0.541  2.2  87.2  7.5  0.73  6.8  27.5
240220260634  0.538  2.2  94.5  7.5  0.73  4.9  27.5
240220260635  0.535  2.3  93.7  7.5  0.83  8.5  27.5
240220260636  0.532  2.1  95.0  7.5  0.69  6.8  27.5
240220260637  0.531  2.3  87.4  7.5  0.69  3.9  27.5
240220260638  0.528  2.4  86.3  7.5  0.80  6.4  27.5
240220260639  0.528  2.1  91.5  7.5  0.78  10.6  27.5
240220260640  0.528  2.0  97.3  7.5  0.78  7.3  27.5
240220260641  0.529  1.9  94.7  7.5  0.67  7.7  27.5
240220260642  0.529  2.0  100.3  7.5  0.76  7.2  27.5
240220260643  0.528  2.1  99.8  6.8  0.67  5.3  27.5
240220260644  0.528  2.0  91.5  6.8  0.79  6.3  27.5
240220260645  0.527  1.7  90.3  6.8  0.57  5.5  27.5
240220260646  0.528  1.9  92.0  6.8  0.64  8.6  27.5
240220260647  0.528  1.7  102.8  6.8  0.68  5.6  27.5
240220260648  0.528  1.5  111.0  6.8  0.67  1.6  27.5
240220260649  0.526  1.3  99.9  6.8  0.62  0.2  27.5
240220260650  0.526  1.3  99.3  4.9  0.71  4.6  27.5
240220260651  0.526  1.2  114.2  4.9  0.60  4.6  27.5
240220260652  0.525  1.1  113.1  4.4  0.70  2.0  27.6
240220260653  0.525  1.3  112.8  7.0  0.71  9.4  27.6
240220260654  0.525  1.3  126.8  7.0  0.62  2.0  27.6
240220260655  0.526  1.4  128.2  7.0  0.62  4.1  27.6
240220260656  0.526  1.3  124.8  7.0  0.73  4.2  27.6
240220260657  0.524  1.4  116.6  7.0  0.53  5.4  27.6
240220260658  0.523  1.6  103.9  7.0  0.51  359.5  27.6
240220260659  0.520  1.9  100.1  7.0  0.65  1.9  27.6
240220260700  0.520  2.0  96.8  7.0  0.51  356.0  27.6
240220260701  0.518  2.1  96.0  7.0  0.64  359.0  27.6
240220260702  0.516  1.9  98.1  7.0  0.62  5.7  27.6
240220260703  0.514  1.6  97.7  7.0  0.64  4.6  27.6
240220260704  0.513  1.6  102.7  7.0  0.60  2.0  27.6
240220260705  0.511  1.8  106.8  7.0  0.63  4.5  27.6
240220260706  0.509  2.1  106.0  7.0  0.61  6.2  27.6
240220260707  0.505  2.2  112.1  7.0  0.64  5.8  27.6
240220260708  0.502  2.1  117.2  7.0  0.79  5.6  27.6
240220260709  0.499  2.0  118.4  7.0  0.66  2.4  27.6
240220260710  0.495  1.8  126.7  5.4  0.68  3.9  27.6
240220260711  0.494  2.0  134.0  5.4  0.69  2.4  27.6
240220260712  0.492  2.2  136.7  5.4  0.66  3.8  27.6
240220260713  0.490  2.3  140.4  5.4  0.70  3.1  27.6
240220260714  0.488  2.3  137.7  5.4  0.64  6.2  27.6
240220260715  0.487  2.3  138.9  5.5  0.70  3.1  27.6
240220260716  0.486  2.3  139.8  5.6  0.68  6.4  27.6
240220260717  0.485  2.4  136.8  5.6  0.60  0.4  27.6
240220260718  0.485  2.5  133.1  5.6  0.68  6.1  27.6
240220260719  0.485  2.7  134.5  5.6  0.57  6.5  27.6
240220260720  0.485  2.8  135.4  5.6  0.54  2.1  27.6
240220260721  0.485  2.7  133.0  5.6  0.65  1.9  27.6
240220260722  0.484  2.8  134.6  6.0  0.68  2.6  27.6
240220260723  0.482  2.8  134.3  6.0  0.74  3.7  27.6
240220260724  0.481  2.7  134.6  6.0  0.62  2.3  27.6
240220260725  0.481  2.5  131.9  6.0  0.63  2.2  27.6
240220260726  0.482  2.4  138.0  6.0  0.64  6.0  27.6
240220260727  0.483  2.3  135.3  6.0  0.63  2.7  27.6
240220260728  0.484  2.3  133.4  6.0  0.60  2.9  27.6
240220260729  0.485  2.5  133.4  7.5  0.52  2.9  27.6
240220260730  0.485  2.7  128.5  7.5  0.66  1.0  27.6
240220260731  0.486  2.7  127.6  7.5  0.68  5.6  27.6
240220260732  0.486  2.5  120.8  7.5  0.61  1.4  27.6
240220260733  0.487  2.7  116.5  7.5  0.64  2.3  27.6
240220260734  0.486  2.8  115.1  7.5  0.68  1.0  27.6
240220260735  0.487  3.0  114.4  7.5  0.57  1.6  27.6
240220260736  0.487  3.0  108.8  7.5  0.62  3.7  27.6
240220260737  0.486  3.0  107.7  7.5  0.62  2.4  27.6
240220260738  0.487  2.9  112.7  7.5  0.48  4.4  27.6
240220260739  0.487  2.8  110.5  6.5  0.60  358.8  27.6
240220260740  0.486  2.6  107.9  6.5  0.59  359.6  27.6
240220260741  0.486  2.6  106.7  6.5  0.57  1.7  27.6
240220260742  0.486  2.7  108.9  6.5  0.50  358.9  27.6
240220260743  0.483  2.7  106.3  6.4  0.63  3.4  27.6
240220260744  0.482  2.6  105.2  6.4  0.62  2.2  27.6
240220260745  0.480  2.5  104.9  6.4  0.59  358.4  27.6
240220260746  0.477  2.6  106.2  6.4  0.60  0.1  27.6
240220260747  0.475  2.5  107.6  6.4  0.54  356.3  27.6
240220260748  0.473  2.6  105.2  6.4  0.56  3.2  27.6
240220260749  0.473  2.4  103.1  6.4  0.58  357.6  27.6
240220260750  0.473  2.5  102.9  6.4  0.70  5.7  27.6
240220260751  0.475  2.6  102.8  6.4  0.67  3.1  27.6
240220260752  0.474  2.3  103.2  5.4  0.54  4.0  27.6
240220260753  0.475  2.2  102.5  5.0  0.77  4.3  27.6
240220260754  0.475  2.3  105.1  5.0  0.59  1.8  27.6
240220260755  0.476  2.2  106.2  5.0  0.50  4.8  27.6
240220260756  0.478  2.2  112.0  5.0  0.47  4.1  27.6
240220260757  0.479  2.3  113.5  6.2  0.34  353.6  27.6
240220260758  0.480  2.4  114.3  6.2  0.62  1.1  27.6
240220260759  0.481  2.4  115.3  6.2  0.51  358.1  27.6
240220260800  0.483  2.2  117.3  6.2  0.38  353.8  27.6
240220260801  0.484  2.3  121.5  6.2  0.55  356.1  27.6
240220260802  0.484  2.4  122.0  6.2  0.60  2.4  27.6
240220260803  0.485  2.6  120.9  8.4  0.39  1.3  27.6
240220260804  0.486  2.6  119.1  8.4  0.49  3.9  27.6
240220260805  0.485  2.7  119.8  8.4  0.53  358.9  27.6
240220260806  0.484  2.8  122.7  8.4  0.51  0.7  27.6
240220260807  0.483  2.8  128.6  8.4  0.58  359.5  27.6
240220260808  0.481  2.7  131.2  8.4  0.53  359.4  27.6
240220260809  0.482  3.0  134.6  8.4  0.45  358.7  27.6
240220260810  0.483  3.1  135.4  8.4  0.61  1.4  27.6
240220260811  0.485  3.1  128.0  8.4  0.52  0.1  27.6
240220260812  0.487  3.2  123.3  8.4  0.52  358.6  27.6
240220260813  0.488  3.0  123.2  6.2  0.39  359.0  27.6
240220260814  0.489  2.8  118.5  6.2  0.49  357.4  27.6
240220260815  0.491  2.8  117.0  6.2  0.46  358.4  27.6
240220260816  0.492  2.7  111.2  6.2  0.39  9.4  27.6
240220260817  0.491  2.6  104.9  6.2  0.42  358.8  27.6
240220260818  0.493  2.7  103.9  6.2  0.49  2.3  27.6
240220260819  0.495  2.9  99.1  6.9  0.36  3.9  27.6
240220260820  0.496  3.0  99.6  6.9  0.31  356.1  27.6
240220260821  0.496  2.9  102.6  6.9  0.38  353.5  27.6
240220260822  0.496  2.7  103.2  6.9  0.38  355.5  27.6
240220260823  0.496  2.7  107.7  6.9  0.38  1.2  27.6
240220260824  0.497  2.7  115.5  6.9  0.33  358.6  27.6
240220260825  0.497  2.9  119.0  6.9  0.25  352.7  27.6
240220260826  0.499  3.0  119.6  6.9  0.30  352.4  27.6
240220260827  0.500  3.1  120.5  6.9  0.44  354.1  27.6
240220260828  0.502  3.2  121.0  6.9  0.37  6.1  27.6
240220260829  0.504  3.3  123.3  10.7  0.20  341.2  27.6
240220260830  0.507  3.4  122.0  10.7  0.32  349.0  27.6
240220260831  0.510  3.5  122.8  10.7  0.29  353.5  27.6
240220260832  0.513  3.7  123.6  10.7  0.33  351.1  27.6
240220260833  0.516  3.8  123.0  10.7  0.25  352.3  27.7
240220260834  0.519  3.9  119.6  10.7  0.23  340.0  27.7
240220260835  0.522  3.8  116.8  10.7  0.22  2.7  27.7
240220260836  0.524  3.7  118.2  10.7  0.34  359.0  27.7
240220260837  0.526  3.6  122.8  10.7  0.22  2.9  27.7
240220260838  0.528  3.5  123.0  10.7  0.19  345.7  27.7
240220260839  0.531  3.2  124.9  8.1  0.10  334.5  27.7
240220260840  0.532  3.3  129.1  8.0  0.11  302.8  27.7
240220260841  0.532  3.5  130.0  8.0  0.20  343.9  27.7
240220260842  0.533  3.3  130.9  8.0  nan  nan  nan
240220260843  0.533  3.4  127.4  8.0  0.05  264.4  27.7
240220260844  0.534  3.7  132.5  8.0  0.09  300.0  27.7
240220260845  0.536  4.0  130.4  9.3  0.11  13.9  27.7
240220260846  0.538  4.3  128.2  9.3  0.04  240.5  27.7
240220260847  0.539  4.5  124.9  9.3  0.05  313.7  27.7
240220260848  0.540  4.8  123.4  9.3  0.07  199.5  27.7
240220260849  0.541  5.0  123.5  9.3  0.12  1.6  27.7
240220260850  0.541  4.5  121.8  9.3  0.05  353.5  27.7
240220260851  0.542  4.3  124.8  9.3  nan  nan  nan
240220260852  0.544  4.4  122.8  9.3  nan  nan  nan
240220260853  0.545  4.3  124.4  9.3  0.17  342.0  27.7
240220260854  0.546  4.2  122.6  9.3  0.09  357.7  27.7
240220260855  0.546  4.1  124.7  8.9  0.18  345.4  27.6
240220260856  0.548  4.1  123.0  8.9  nan  nan  nan
240220260857  0.548  4.2  122.3  8.9  0.11  213.1  27.6
240220260858  0.548  4.1  122.3  8.9  0.08  234.0  27.6
240220260859  0.549  4.1  119.8  8.5  0.07  267.1  27.6
240220260900  0.549  4.6  118.4  8.5  0.03  275.9  27.6
240220260901  0.549  4.6  111.3  8.5  0.07  273.7  27.6
240220260902  0.551  4.5  108.3  8.5  0.05  227.3  27.6
240220260903  0.551  4.4  106.7  8.5  0.07  232.8  27.6
240220260904  0.552  4.5  104.8  8.5  0.13  226.2  27.6
240220260905  0.554  4.4  104.2  8.1  0.05  270.1  27.6
240220260906  0.555  4.1  103.5  8.1  0.07  281.5  27.6
240220260907  0.557  3.8  100.9  8.1  0.03  284.1  27.6
240220260908  0.559  3.6  102.8  8.1  0.12  220.2  27.6
240220260909  0.562  3.4  100.7  7.9  0.10  201.8  27.6
240220260910  0.564  3.1  98.5  6.7  0.08  333.7  27.6
240220260911  0.567  3.1  101.4  6.7  0.11  207.1  27.6
240220260912  0.569  3.0  108.4  6.7  0.05  249.7  27.6
240220260913  0.572  3.0  113.4  6.7  0.08  190.0  27.6
240220260914  0.575  2.9  113.9  5.3  0.15  205.5  27.6
240220260915  0.578  2.8  113.2  5.3  0.06  196.9  27.6
240220260916  0.579  2.9  114.9  5.2  0.13  226.9  27.6
240220260917  0.582  2.9  117.6  6.3  0.22  203.9  27.6
240220260918  0.585  2.9  119.4  6.3  0.22  215.2  27.6
240220260919  0.587  3.0  128.1  7.2  0.26  215.2  27.6
240220260920  0.588  3.2  129.8  7.2  0.13  242.3  27.6
240220260921  0.590  3.6  128.3  8.4  0.26  222.5  27.6
240220260922  0.592  3.8  123.5  8.4  0.35  201.2  27.6
240220260923  0.593  3.9  121.1  8.4  0.40  206.5  27.6
240220260924  0.595  3.8  120.1  8.4  0.37  201.0  27.6
240220260925  0.598  3.7  120.2  8.4  0.29  210.7  27.6
240220260926  0.600  3.7  119.6  8.4  0.23  211.1  27.6
240220260927  0.599  3.8  117.2  8.4  0.41  195.8  27.6
240220260928  0.600  3.8  113.6  8.4  0.26  196.8  27.6
240220260929  0.601  3.9  108.4  8.4  0.23  203.9  27.6
240220260930  0.601  3.8  107.5  8.4  0.28  196.4  27.6
240220260931  0.603  3.4  107.6  7.1  0.22  200.6  27.6
240220260932  0.603  3.4  107.3  7.8  0.22  196.0  27.6
240220260933  0.603  3.7  107.8  7.8  0.27  188.0  27.6
240220260934  0.605  3.7  109.4  7.8  0.16  182.2  27.6
240220260935  0.606  3.7  107.5  7.8  0.08  165.2  27.6
240220260936  0.607  3.5  107.4  7.8  0.16  176.1  27.5
240220260937  0.608  3.3  107.4  7.8  0.21  190.0  27.5
240220260938  0.610  3.4  108.6  7.8  0.15  167.1  27.5
240220260939  0.612  3.3  110.6  7.8  0.18  170.4  27.5
240220260940  0.616  3.1  109.8  7.8  0.22  175.5  27.5
240220260941  0.618  3.0  108.2  7.8  0.27  186.7  27.5
240220260942  0.619  2.8  110.4  7.2  0.16  181.9  27.5
240220260943  0.622  2.5  108.1  5.6  0.15  184.1  27.5
240220260944  0.624  2.5  106.1  5.6  0.15  181.3  27.5
240220260945  0.628  2.5  109.7  5.6  0.20  183.2  27.5
240220260946  0.630  2.8  110.3  5.6  0.23  189.0  27.5
240220260947  0.633  3.1  112.3  7.1  0.15  181.3  27.5
240220260948  0.636  3.2  109.6  7.1  0.26  175.6  27.5
240220260949  0.637  3.3  108.3  7.1  0.28  183.2  27.5
240220260950  0.639  3.8  109.4  7.1  0.22  177.1  27.5
240220260951  0.642  4.1  109.3  7.6  0.26  172.0  27.5
240220260952  0.646  4.1  110.2  7.6  0.27  185.9  27.5
240220260953  0.649  4.5  111.6  9.1  0.24  182.9  27.5
240220260954  0.652  4.8  112.3  9.1  0.23  190.0  27.5
240220260955  0.657  4.9  111.3  9.1  0.18  167.8  27.5
240220260956  0.660  5.0  110.7  9.1  0.34  186.7  27.5
240220260957  0.664  5.2  110.1  9.1  0.32  178.4  27.5
240220260958  0.668  5.4  110.4  9.1  0.34  179.2  27.5
240220260959  0.672  5.5  111.2  9.1  0.28  183.2  27.5
240220261000  0.676  5.3  109.0  9.1  0.34  188.7  27.5
240220261001  0.680  5.3  109.2  9.1  0.41  178.8  27.5
240220261002  0.682  5.2  109.2  9.1  0.32  183.5  27.5
240220261003  0.685  5.0  109.1  8.7  0.29  175.2  27.5
240220261004  0.687  4.9  108.4  8.7  0.21  181.1  27.5
240220261005  0.688  4.9  108.7  8.7  0.33  180.9  27.4
240220261006  0.692  4.9  108.4  8.0  0.30  186.3  27.4
240220261007  0.696  4.8  108.7  8.0  0.33  190.3  27.4
240220261008  0.698  4.7  111.0  7.6  0.31  184.2  27.4
240220261009  0.700  4.6  111.5  7.5  0.37  178.6  27.4
240220261010  0.702  4.9  115.3  9.4  0.36  182.8  27.4
240220261011  0.705  4.6  117.7  9.4  0.32  176.0  27.5
240220261012  0.709  4.5  114.4  9.4  0.38  174.3  27.5
240220261013  0.713  4.6  112.2  9.4  0.44  184.9  27.5
240220261014  0.717  4.6  113.1  9.4  0.35  176.0  27.5
240220261015  0.721  4.8  112.0  9.4  0.47  190.5  27.5
240220261016  0.724  4.8  112.6  9.4  0.54  184.5  27.4
240220261017  0.727  4.8  111.3  9.4  0.45  186.0  27.4
240220261018  0.729  4.9  109.1  9.4  0.52  180.2  27.4
240220261019  0.733  4.8  107.8  9.4  0.54  184.0  27.4
240220261020  0.735  4.5  106.1  8.8  0.43  170.9  27.4
240220261021  0.739  4.6  106.8  8.8  0.47  180.2  27.4
240220261022  0.739  4.7  110.2  8.8  0.55  173.3  27.4
240220261023  0.742  4.6  115.5  8.8  0.47  167.8  27.4
240220261024  0.742  4.5  119.6  8.8  0.57  173.0  27.4
240220261025  0.744  4.3  122.9  8.8  0.59  175.2  27.4
240220261026  0.745  4.1  122.2  7.9  0.53  170.2  27.4
240220261027  0.746  4.1  121.7  7.9  0.59  174.6  27.4
240220261028  0.748  4.0  121.6  7.3  0.51  171.7  27.4
240220261029  0.750  4.0  123.6  7.3  0.55  173.4  27.4
240220261030  0.751  4.1  127.7  7.3  0.67  172.0  27.4
240220261031  0.755  4.3  126.4  9.3  0.54  165.2  27.4
240220261032  0.757  4.3  125.4  9.3  0.54  171.0  27.4
240220261033  0.761  4.3  123.2  9.3  0.53  168.7  27.4
240220261034  0.765  4.2  120.8  9.3  0.68  171.9  27.4
240220261035  0.769  4.2  120.4  9.3  0.61  172.1  27.4
240220261036  0.772  4.4  125.5  9.3  0.60  171.4  27.4
240220261037  0.776  4.3  130.4  9.3  0.58  169.7  27.4
240220261038  0.780  4.1  133.0  9.3  0.62  170.5  27.4
240220261039  0.783  4.1  134.3  9.3  0.66  171.9  27.4
240220261040  0.786  4.2  133.4  9.3  0.65  171.0  27.4
240220261041  0.789  3.8  132.6  7.9  0.75  173.8  27.4
240220261042  0.792  3.9  132.3  9.3  0.80  171.0  27.4
240220261043  0.795  4.2  128.6  9.4  0.64  171.2  27.4
240220261044  0.797  4.4  125.1  9.4  0.58  171.0  27.4
240220261045  0.799  4.6  123.8  9.4  0.64  170.4  27.4
240220261046  0.800  4.7  119.9  9.4  0.70  171.0  27.4
240220261047  0.802  4.7  120.4  9.4  0.82  176.2  27.4
240220261048  0.804  4.8  123.2  9.4  0.69  164.0  27.4
240220261049  0.807  4.8  122.3  9.4  0.66  165.0  27.4
240220261050  0.810  4.8  120.6  9.4  0.64  163.9  27.4
240220261051  0.813  4.8  122.8  9.4  0.76  168.3  27.4
240220261052  0.817  4.7  125.7  9.4  0.79  170.8  27.4
240220261053  0.819  4.3  131.2  9.2  0.60  165.1  27.4
240220261054  0.820  4.2  133.9  9.2  0.58  169.3  27.4
240220261055  0.822  4.1  136.3  9.2  0.65  167.7  27.4
240220261056  0.823  4.0  139.9  7.3  0.77  169.8  27.4
240220261057  0.824  3.8  138.8  7.3  0.68  168.4  27.4
240220261058  0.826  3.6  136.4  7.3  0.61  168.1  27.4
240220261059  0.827  3.6  138.6  7.3  0.68  165.9  27.4
240220261100  0.828  3.5  140.2  7.3  0.70  169.4  27.4
240220261101  0.830  3.4  138.9  7.3  0.72  167.3  27.4
240220261102  0.830  3.4  136.3  7.3  0.60  166.9  27.4
240220261103  0.831  3.3  131.9  7.3  0.67  164.7  27.4
240220261104  0.833  3.3  131.8  7.3  0.66  172.2  27.4
240220261105  0.835  3.2  130.2  6.8  0.61  167.1  27.4
240220261106  0.838  3.3  132.0  6.8  0.73  168.8  27.4
240220261107  0.839  3.3  129.8  7.0  0.63  169.2  27.4
240220261108  0.843  3.4  127.7  7.0  0.52  163.9  27.4
240220261109  0.846  3.4  123.7  7.0  0.65  171.7  27.4
240220261110  0.847  3.7  125.2  7.0  0.65  167.4  27.4
240220261111  0.851  3.8  127.1  7.0  0.83  171.2  27.4
240220261112  0.854  3.9  124.7  7.2  0.70  166.3  27.4
240220261113  0.858  4.2  121.9  9.8  0.66  167.9  27.4
240220261114  0.861  4.1  120.2  9.8  0.66  163.8  27.4
240220261115  0.864  4.4  117.9  9.8  0.71  169.5  27.4
240220261116  0.867  4.5  113.2  9.8  0.69  168.7  27.4
240220261117  0.869  4.5  113.2  9.8  0.63  166.5  27.4
240220261118  0.871  4.5  117.3  9.8  0.70  167.5  27.4
240220261119  0.872  4.5  117.7  9.8  0.64  163.0  27.4
240220261120  0.873  4.3  115.9  9.8  0.71  166.5  27.4
240220261121  0.875  4.2  117.2  9.8  0.65  168.1  27.4
240220261122  0.878  4.1  118.0  9.8  0.67  172.7  27.4
240220261123  0.880  4.0  119.6  9.8  0.61  165.0  27.4
240220261124  0.881  4.2  121.4  9.8  0.82  176.2  27.4
240220261125  0.883  4.0  127.7  7.5  0.71  170.9  27.4
240220261126  0.885  3.9  131.1  7.5  0.61  168.8  27.3
240220261127  0.887  4.0  131.6  7.5  0.70  172.6  27.3
240220261128  0.891  4.1  126.5  8.2  0.64  178.5  27.3
240220261129  0.892  4.3  123.9  9.1  0.70  180.1  27.3
240220261130  0.895  4.7  120.8  9.1  0.69  174.6  27.4
240220261131  0.897  4.9  119.1  9.1  0.69  176.7  27.4
240220261132  0.901  5.0  124.4  9.1  0.65  177.1  27.4
240220261133  0.902  5.0  125.2  9.1  0.57  172.1  27.4
240220261134  0.904  4.8  125.0  9.1  0.66  168.6  27.4
240220261135  0.906  4.9  122.7  9.1  0.61  173.0  27.4
240220261136  0.909  5.1  122.0  9.1  0.70  177.8  27.4
240220261137  0.912  5.2  123.2  9.1  0.59  173.7  27.4
240220261138  0.915  5.0  126.9  9.1  0.59  173.9  27.4
240220261139  0.918  4.9  130.3  8.1  0.56  175.0  27.4
240220261140  0.921  4.8  131.9  8.1  0.85  174.8  27.4
240220261141  0.924  4.9  128.9  7.7  0.61  182.1  27.4
240220261142  0.927  4.9  122.9  8.8  0.37  185.7  27.4
240220261143  0.930  5.0  121.6  8.8  0.43  185.9  27.4
240220261144  0.935  5.3  120.9  8.8  0.44  180.1  27.4
240220261145  0.937  5.4  117.6  10.2  0.51  180.2  27.4
240220261146  0.940  5.5  114.9  10.2  0.32  159.7  27.5
240220261147  0.942  5.5  114.7  10.2  0.47  181.2  27.5
240220261148  0.944  5.5  113.3  10.2  0.41  177.5  27.5
240220261149  0.944  5.5  111.1  10.2  0.38  174.4  27.5
240220261150  0.946  5.6  109.9  10.2  0.30  178.0  27.5
240220261151  0.947  5.5  111.7  10.2  0.41  178.6  27.5
240220261152  0.948  5.5  114.4  10.2  0.45  177.9  27.5
240220261153  0.950  5.4  115.0  10.2  0.52  172.0  27.5
240220261154  0.951  5.1  115.6  10.2  0.54  176.0  27.5
240220261155  0.952  5.0  118.0  9.1  0.42  172.5  27.5
240220261156  0.953  5.0  123.5  9.1  0.29  169.5  27.5
240220261157  0.955  4.9  123.4  9.1  0.31  175.3  27.5
240220261158  0.955  4.8  123.7  9.1  0.45  179.5  27.5
240220261159  0.956  4.8  124.6  9.1  0.40  181.3  27.5
240220261200  0.957  4.5  127.2  9.1  0.35  171.8  27.5
240220261201  0.957  4.2  128.6  9.1  0.43  197.6  27.5
240220261202  0.958  4.0  128.0  9.1  0.41  180.5  27.5
240220261203  0.960  4.0  130.1  9.1  0.40  165.1  27.5
240220261204  0.959  4.3  130.0  9.2  0.38  203.1  27.5
240220261205  0.961  4.2  133.2  9.2  0.43  161.6  27.5
240220261206  0.961  4.0  134.6  9.2  0.38  183.8  27.5
240220261207  0.963  4.2  132.2  9.2  0.35  166.6  27.5
240220261208  0.964  4.5  135.3  9.5  0.22  186.4  27.5
240220261209  0.964  4.8  137.2  9.5  0.32  152.6  27.5
240220261210  0.965  5.1  139.2  9.5  0.51  176.5  27.5
240220261211  0.966  5.3  140.1  9.5  0.46  172.9  27.5
240220261212  0.968  5.4  141.3  9.5  0.48  168.5  27.5
240220261213  0.969  5.2  140.1  9.5  0.42  172.1  27.5
240220261214  0.971  5.0  141.7  9.5  0.41  184.0  27.5
240220261215  0.972  5.0  138.6  9.5  0.38  174.0  27.5
240220261216  0.973  4.9  135.6  9.5  0.35  165.6  27.4
240220261217  0.975  4.7  136.2  9.5  0.49  168.4  27.4
240220261218  0.976  4.3  133.4  8.4  0.52  174.8  27.4
240220261219  0.977  4.0  128.9  7.8  0.60  173.6  27.4
240220261220  0.977  4.2  122.2  8.4  0.44  175.4  27.4
240220261221  0.979  4.4  116.9  9.4  0.54  172.6  27.4
240220261222  0.980  4.7  112.6  10.6  0.46  169.4  27.4
240220261223  0.980  4.9  112.8  10.6  0.56  175.7  27.4
240220261224  0.982  5.0  110.8  10.6  0.57  172.5  27.4
240220261225  0.982  5.1  113.2  10.6  0.46  171.9  27.4
240220261226  0.984  5.1  113.8  10.6  0.43  169.0  27.4
240220261227  0.985  5.2  113.4  10.6  0.53  172.8  27.4
240220261228  0.986  5.5  111.0  10.6  0.50  174.4  27.4
240220261229  0.984  5.6  110.9  10.6  0.46  168.9  27.4
240220261230  0.983  5.3  111.3  10.6  0.44  163.8  27.4
240220261231  0.983  5.1  111.9  10.6  0.42  172.1  27.4
240220261232  0.984  4.6  110.6  7.3  0.36  160.5  27.4
240220261233  0.984  4.3  112.4  7.3  0.38  170.5  27.4
240220261234  0.984  4.6  112.1  9.2  0.39  160.5  27.4
240220261235  0.983  4.9  110.0  9.7  0.48  171.3  27.4
240220261236  0.982  4.9  111.1  9.7  0.32  155.2  27.4
240220261237  0.983  5.0  110.2  9.7  0.28  113.3  27.4
240220261238  0.983  4.8  111.1  9.7  0.33  169.9  27.4
240220261239  0.982  5.0  110.7  9.7  0.27  172.7  27.4
240220261240  0.981  5.0  110.6  9.7  0.35  147.2  27.4
240220261241  0.981  5.0  110.6  9.7  0.37  171.8  27.4
240220261242  0.980  5.4  112.1  9.7  0.43  168.5  27.3
240220261243  0.980  5.8  110.7  9.7  0.35  165.1  27.3
240220261244  0.979  5.7  110.1  9.8  0.21  165.8  27.2
240220261245  0.980  5.1  108.5  9.8  0.08  130.5  27.3
240220261246  0.979  4.9  105.1  9.8  0.22  159.6  27.3
240220261247  0.980  4.5  105.0  9.8  0.27  180.5  27.3
240220261248  0.979  4.3  102.3  9.8  0.07  221.0  27.3
240220261249  0.979  4.1  104.4  9.8  0.46  166.3  27.3
240220261250  0.979  4.3  107.5  9.8  0.29  165.5  27.3
240220261251  0.979  4.2  108.5  9.8  0.43  168.2  27.3
240220261252  0.979  3.9  109.1  9.8  0.15  154.7  27.3
240220261253  0.980  3.6  108.5  9.8  0.25  168.4  27.3
240220261254  0.981  3.2  109.7  9.5  0.27  181.3  27.3
240220261255  0.981  3.5  112.6  9.5  0.23  156.6  27.3
240220261256  0.982  3.6  110.9  9.5  0.31  163.3  27.3
240220261257  0.983  3.7  109.7  9.5  0.21  183.0  27.3
240220261258  0.984  3.6  110.5  9.5  0.13  32.3  27.3
240220261259  0.986  3.4  107.5  9.5  0.40  182.2  27.4
240220261300  0.985  3.0  100.0  7.1  0.19  173.4  27.4
240220261301  0.985  3.0  95.8  7.1  0.30  167.4  27.4
240220261302  0.987  3.1  89.6  7.1  0.34  172.1  27.3
240220261303  0.986  3.1  83.4  7.9  0.31  161.5  27.4
240220261304  0.986  3.6  77.9  7.9  0.34  169.6  27.3
240220261305  0.986  3.8  72.9  7.9  0.14  171.1  27.3
240220261306  0.987  3.7  71.8  7.9  0.39  165.5  27.3
240220261307  0.988  3.8  72.2  7.9  0.41  171.4  27.3
240220261308  0.988  3.8  73.4  7.9  0.26  174.7  27.3
240220261309  0.988  4.0  71.6  7.9  0.39  172.9  27.3
240220261310  0.988  4.0  72.6  7.9  0.31  166.4  27.3
240220261311  0.989  4.0  70.8  7.9  0.36  155.9  27.3
240220261312  0.989  3.9  72.1  7.9  0.27  161.6  27.3
240220261313  0.989  3.8  73.1  7.8  0.23  175.6  27.3
240220261314  0.990  3.6  75.5  11.1  0.35  154.6  27.3
240220261315  0.990  4.0  74.1  11.1  0.31  172.0  27.3
240220261316  0.991  4.5  72.1  11.2  0.14  174.6  27.3
240220261317  0.991  4.9  68.1  11.2  0.23  174.2  27.3
240220261318  0.992  5.4  64.4  11.2  0.23  166.9  27.3
240220261319  0.994  5.7  62.1  11.7  0.26  161.9  27.3
240220261320  0.994  6.3  58.6  11.8  0.21  157.4  27.3
240220261321  0.996  6.8  57.4  11.8  0.40  169.9  27.3
240220261322  0.996  7.1  56.9  11.8  0.34  162.7  27.3
240220261323  0.997  7.6  57.2  11.8  0.27  168.0  27.3
240220261324  0.999  7.9  56.3  11.8  0.43  165.1  27.3
240220261325  0.999  7.8  54.7  11.8  0.40  173.9  27.3
240220261326  1.000  7.7  54.1  11.8  0.36  166.9  27.3
240220261327  1.001  7.6  55.1  11.8  0.23  166.0  27.3
240220261328  1.001  7.5  56.0  11.8  0.34  164.6  27.3
240220261329  1.000  7.4  56.2  11.8  0.28  153.7  27.3
240220261330  0.999  7.3  58.3  10.8  0.25  163.6  27.3
240220261331  1.000  7.1  59.4  10.8  0.41  168.4  27.3
240220261332  1.000  6.9  59.0  10.8  0.47  170.9  27.3
240220261333  0.998  6.9  58.1  10.8  0.29  169.5  27.3
240220261334  0.997  6.7  57.5  10.8  0.34  164.3  27.3
240220261335  0.996  6.5  58.0  10.4  0.26  149.0  27.3
240220261336  0.993  6.1  57.6  10.4  0.13  165.3  27.3
240220261337  0.992  6.0  57.7  10.4  0.23  158.7  27.3
240220261338  0.991  5.8  58.5  10.4  0.32  158.5  27.4
240220261339  0.989  5.8  60.5  10.4  0.11  108.3  27.4
240220261340  0.988  5.7  62.1  8.4  0.30  170.5  27.4
240220261341  0.987  6.0  63.0  11.0  0.12  159.2  27.4
240220261342  0.985  6.0  64.3  11.0  0.26  161.5  27.4
240220261343  0.985  6.0  64.8  11.0  0.37  162.1  27.4
240220261344  0.984  6.0  66.0  11.0  0.16  158.4  27.4
240220261345  0.982  6.1  66.7  11.0  0.25  168.9  27.4
240220261346  0.979  6.4  65.9  11.0  0.32  154.5  27.4
240220261347  0.977  6.5  66.2  11.0  0.18  167.3  27.4
240220261348  0.975  6.5  65.9  11.0  0.24  167.1  27.4
240220261349  0.975  6.5  65.7  11.0  0.19  167.9  27.4
240220261350  0.973  6.5  65.7  11.0  0.15  168.7  27.4
240220261351  0.971  6.3  65.4  10.0  0.22  165.3  27.4
240220261352  0.971  6.4  65.7  10.0  0.22  163.2  27.4
240220261353  0.970  6.5  67.1  10.0  0.27  133.7  27.4
240220261354  0.968  6.5  68.4  10.0  0.09  200.5  27.4
240220261355  0.966  6.4  68.0  10.0  0.14  190.0  27.4
240220261356  0.965  6.3  69.8  10.0  nan  nan  nan
240220261357  0.963  6.2  69.8  10.0  0.09  172.8  27.4
240220261358  0.963  6.2  70.2  10.0  0.03  68.4  27.4
240220261359  0.963  6.0  69.7  10.0  0.15  181.9  27.4
240220261400  0.962  5.8  69.2  9.0  0.06  178.7  27.4
240220261401  0.962  5.8  69.7  9.0  0.04  154.8  27.4
240220261402  0.961  5.6  68.2  9.0  0.14  34.4  27.4
240220261403  0.960  5.6  66.8  9.4  0.06  143.7  27.4
240220261404  0.958  5.6  66.8  9.4  0.08  21.6  27.4
240220261405  0.956  5.7  67.5  9.4  0.07  157.7  27.4
240220261406  0.955  5.7  65.9  9.4  0.05  88.7  27.4
240220261407  0.952  5.8  65.3  9.4  0.11  171.2  27.4
240220261408  0.950  5.9  63.9  9.4  0.06  56.4  27.4
240220261409  0.948  5.9  65.1  9.4  0.09  72.9  27.4
240220261410  0.946  6.1  64.7  9.4  0.07  139.4  27.3
240220261411  0.944  5.9  63.9  9.4  0.06  21.3  27.4
240220261412  0.941  5.8  63.7  9.4  0.04  176.0  27.3
240220261413  0.941  5.5  62.9  8.2  0.06  98.0  27.4
240220261414  0.939  5.5  60.7  8.6  nan  nan  nan
240220261415  0.939  5.6  58.7  8.6  0.06  77.5  27.4
240220261416  0.937  5.5  58.4  8.6  0.08  8.6  27.4
240220261417  0.935  5.6  56.7  8.6  0.02  118.4  27.4
240220261418  0.933  5.6  57.2  8.6  0.04  168.2  27.4
240220261419  0.933  5.7  55.5  8.6  0.15  14.6  27.4
240220261420  0.931  5.8  56.0  8.6  0.17  22.0  27.4
240220261421  0.930  5.8  55.5  8.6  0.09  21.1  27.4
240220261422  0.929  6.0  54.9  8.6  0.11  23.8  27.4
240220261423  0.929  6.0  55.4  8.6  0.04  59.4  27.4
240220261424  0.928  5.9  55.3  8.6  0.09  19.5  27.4
240220261425  0.926  5.9  55.5  8.6  0.02  104.8  27.4
240220261426  0.925  5.9  55.6  8.6  0.04  149.4  27.4
240220261427  0.924  5.8  56.8  8.6  0.08  14.4  27.4
240220261428  0.924  5.8  55.8  8.6  0.04  134.5  27.4
240220261429  0.922  5.6  56.0  8.6  nan  nan  nan
240220261430  0.922  5.4  53.3  7.6  0.13  1.3  27.4
240220261431  0.921  5.4  51.1  7.6  0.10  40.8  27.4
240220261432  0.920  5.4  51.3  7.6  0.12  29.0  27.4
240220261433  0.918  5.5  49.7  7.6  0.09  139.6  27.4
240220261434  0.917  5.5  48.4  7.6  0.17  12.7  27.4
240220261435  0.915  5.4  47.6  7.6  0.13  15.9  27.4
240220261436  0.913  5.4  48.0  7.2  0.05  95.4  27.4
240220261437  0.911  5.3  48.1  7.2  0.09  19.9  27.4
240220261438  0.909  5.2  49.5  7.2  0.15  39.6  27.4
240220261439  0.907  5.2  49.0  7.2  0.17  34.0  27.4
240220261440  0.905  5.2  51.5  7.6  0.12  13.8  27.4
240220261441  0.902  5.1  54.1  7.6  0.17  347.7  27.4
240220261442  0.899  5.0  54.4  7.6  nan  nan  nan
240220261443  0.896  4.9  56.5  7.6  0.17  28.4  27.4
240220261444  0.894  4.9  57.2  7.6  0.03  33.2  27.4
240220261445  0.890  4.8  59.0  7.6  0.15  15.2  27.4
240220261446  0.887  4.6  60.4  7.6  0.22  15.6  27.4
240220261447  0.885  4.6  61.3  7.6  0.22  17.1  27.4
240220261448  0.883  4.8  62.0  7.6  0.17  358.4  27.4
240220261449  0.880  4.8  63.2  7.6  0.15  3.2  27.4
240220261450  0.877  4.8  62.7  6.7  0.26  14.3  27.4
240220261451  0.876  4.9  62.0  6.7  0.15  27.0  27.4
240220261452  0.872  4.8  62.3  6.7  0.20  15.7  27.4
240220261453  0.871  4.8  62.5  7.2  0.27  9.2  27.4
240220261454  0.869  4.9  62.7  7.4  0.24  2.9  27.5
240220261455  0.867  5.0  64.0  7.4  0.26  17.6  27.5
240220261456  0.865  5.1  64.0  7.4  0.24  15.5  27.4
240220261457  0.864  5.0  64.8  7.4  0.19  11.7  27.4
240220261458  0.864  4.8  64.9  7.4  0.31  1.0  27.4
240220261459  0.862  4.8  64.2  7.4  0.18  2.0  27.4
240220261500  0.860  4.6  65.3  7.4  0.21  12.1  27.5
240220261501  0.858  4.6  66.2  7.4  0.25  17.5  27.5
240220261502  0.858  4.7  68.9  7.4  0.22  14.0  27.5
240220261503  0.855  4.6  70.3  7.4  0.24  15.2  27.5
240220261504  0.853  4.5  71.2  7.2  0.31  10.7  27.5
240220261505  0.853  4.5  69.3  7.2  0.30  4.9  27.5
240220261506  0.851  4.5  69.6  7.2  0.14  10.0  27.5
240220261507  0.849  4.5  68.3  7.2  0.23  12.5  27.5
240220261508  0.847  4.5  68.2  7.2  0.24  15.5  27.5
240220261509  0.845  4.5  69.1  7.2  0.22  10.0  27.5
240220261510  0.843  4.7  68.5  7.2  0.25  8.3  27.5
240220261511  0.841  4.6  68.5  7.2  0.24  357.5  27.5
240220261512  0.838  4.6  66.4  6.7  0.21  3.5  27.5
240220261513  0.837  4.7  66.1  6.7  0.31  17.5  27.5
240220261514  0.836  4.8  67.0  6.7  0.36  353.5  27.5
240220261515  0.833  4.9  67.4  6.7  0.32  1.6  27.5
240220261516  0.831  4.8  67.2  6.7  0.27  2.7  27.5
240220261517  0.829  4.8  65.5  6.7  0.35  6.2  27.5
240220261518  0.827  4.8  65.5  6.7  0.35  9.7  27.5
240220261519  0.825  4.8  66.8  6.7  0.44  15.0  27.5
240220261520  0.823  4.7  66.9  6.7  0.40  14.5  27.5
240220261521  0.820  4.7  67.1  6.7  0.29  10.8  27.5
240220261522  0.816  4.6  66.1  6.7  0.44  23.4  27.5
240220261523  0.814  4.5  64.0  6.7  0.51  14.1  27.5
240220261524  0.812  4.1  66.0  6.7  0.45  22.4  27.6
240220261525  0.809  3.9  68.8  6.4  0.44  21.8  27.6
240220261526  0.805  3.8  69.4  6.3  0.48  17.7  27.6
240220261527  0.804  3.8  71.8  6.3  0.37  12.1  27.6
240220261528  0.802  3.6  72.4  6.3  0.47  15.9  27.6
240220261529  0.800  3.5  69.4  6.3  0.56  9.4  27.6
240220261530  0.798  3.4  69.2  5.7  0.32  21.0  27.6
240220261531  0.795  3.3  69.6  5.1  0.46  20.5  27.6
240220261532  0.793  3.2  75.3  5.1  0.52  13.0  27.6
240220261533  0.791  3.2  77.5  5.1  0.46  12.4  27.6
240220261534  0.788  3.4  72.4  5.2  0.50  18.5  27.6
240220261535  0.783  3.4  70.7  5.2  0.51  19.0  27.6
240220261536  0.780  3.1  73.7  5.2  0.55  19.3  27.6
240220261537  0.777  2.8  75.1  5.2  0.48  23.2  27.6
240220261538  0.774  2.8  75.6  5.2  0.45  24.9  27.6
240220261539  0.771  2.7  81.0  5.2  0.40  24.6  27.6
240220261540  0.769  2.6  82.9  5.2  0.49  23.6  27.6
240220261541  0.763  2.7  83.9  5.6  0.41  26.8  27.6
240220261542  0.761  2.8  79.6  5.6  0.39  23.8  27.6
240220261543  0.758  2.9  79.3  5.6  0.38  25.3  27.6
240220261544  0.755  2.7  81.8  5.6  0.41  17.3  27.6
240220261545  0.752  2.7  85.8  5.6  0.49  21.9  27.6
240220261546  0.749  2.8  87.0  5.6  0.50  19.4  27.6
240220261547  0.745  2.9  87.0  5.6  0.65  11.9  27.6
240220261548  0.742  2.8  87.1  5.6  0.46  12.7  27.6
240220261549  0.739  3.0  84.8  5.6  0.55  13.2  27.6
240220261550  0.735  3.0  86.7  5.6  0.62  10.4  27.6
240220261551  0.731  3.0  89.1  6.0  0.58  8.1  27.6
240220261552  0.728  3.2  87.0  7.7  0.51  359.6  27.6
240220261553  0.724  3.6  83.7  10.1  0.71  1.6  27.6
240220261554  0.721  4.0  77.2  10.1  0.56  1.8  27.6
240220261555  0.717  4.3  67.9  10.1  0.55  2.5  27.7
240220261556  0.712  4.7  61.0  10.1  0.55  0.4  27.7
240220261557  0.707  5.1  56.7  10.1  0.63  8.4  27.7
240220261558  0.704  5.4  54.0  10.1  0.62  12.1  27.7
240220261559  0.700  5.5  50.1  10.1  0.59  8.9  27.7
240220261600  0.696  5.5  45.5  10.1  0.62  10.9  27.7
240220261601  0.695  5.5  41.5  10.1  0.54  17.6  27.7
240220261602  0.691  5.0  38.8  10.1  0.45  5.3  27.7
240220261603  0.688  4.2  36.0  9.3  0.65  10.3  27.7
240220261604  0.686  3.4  35.3  8.8  0.62  8.0  27.7
240220261605  0.684  2.7  38.5  7.4  0.72  8.4  27.7
240220261606  0.679  2.3  40.7  7.1  0.57  4.7  27.7
240220261607  0.676  2.0  41.5  5.6  0.61  0.2  27.8
240220261608  0.671  1.8  45.9  5.6  0.61  6.2  27.8
240220261609  0.668  1.7  49.1  3.9  0.45  2.8  27.8
240220261610  0.664  1.8  53.3  4.3  0.56  359.2  27.8
240220261611  0.660  1.9  56.6  4.3  0.58  359.6  27.8
240220261612  0.656  2.1  53.9  4.3  0.55  3.7  27.8
240220261613  0.652  2.3  44.5  4.3  0.55  1.4  27.7
240220261614  0.649  2.5  42.2  4.3  0.56  2.4  27.7
240220261615  0.644  2.7  42.2  4.3  0.53  354.8  27.7
240220261616  0.641  2.6  44.0  4.3  0.63  1.6  27.7
240220261617  0.636  2.4  47.6  4.3  0.61  3.1  27.7
240220261618  0.633  2.4  46.9  4.3  0.55  2.9  27.7
240220261619  0.629  2.3  48.8  4.3  0.56  3.4  27.7
240220261620  0.624  2.3  52.3  4.0  0.62  7.5  27.7
240220261621  0.621  2.3  55.0  4.7  0.64  10.5  27.7
240220261622  0.618  2.4  56.7  4.7  0.51  6.1  27.7
240220261623  0.616  2.5  64.5  4.7  0.71  9.1  27.7
240220261624  0.612  2.4  72.8  4.7  0.50  13.6  27.7
240220261625  0.608  2.3  78.9  4.7  0.55  1.2  27.7
240220261626  0.605  2.3  82.0  4.7  0.61  5.2  27.7
240220261627  0.600  2.3  84.8  4.7  0.52  0.6  27.7
240220261628  0.596  2.4  84.5  4.7  0.60  3.5  27.7
240220261629  0.592  2.5  87.0  4.7  0.58  359.8  27.7
240220261630  0.589  2.4  90.8  4.7  0.68  358.3  27.8
240220261631  0.585  2.3  92.7  4.3  0.65  0.2  27.8
240220261632  0.580  2.4  92.0  4.3  0.59  4.6  27.8
240220261633  0.578  2.4  88.9  4.3  0.62  2.6  27.8
240220261634  0.576  2.3  84.8  4.3  0.64  5.2  27.8
240220261635  0.574  2.3  83.6  4.3  0.61  0.7  27.8
240220261636  0.571  2.4  86.5  4.3  0.62  5.1  27.8
240220261637  0.569  2.4  88.2  4.3  0.49  359.9  27.8
240220261638  0.567  2.2  92.3  4.3  0.54  2.7  27.8
240220261639  0.564  2.0  93.9  4.3  0.55  2.1  27.8
240220261640  0.562  1.9  91.4  4.3  0.53  9.4  27.8
240220261641  0.559  1.9  97.6  4.3  0.53  4.7  27.8
240220261642  0.557  1.9  106.0  4.3  0.50  7.6  27.8
240220261643  0.554  2.0  112.8  5.2  0.47  2.7  27.8
240220261644  0.553  2.3  116.1  5.6  0.55  356.9  27.8
240220261645  0.551  2.4  112.2  5.6  0.64  4.2  27.8
240220261646  0.549  2.4  107.8  5.6  0.64  8.3  27.8
240220261647  0.547  2.6  108.7  5.6  0.62  4.6  27.8
240220261648  0.545  2.7  112.9  5.6  0.52  359.6  27.8
240220261649  0.542  3.0  117.2  5.6  0.58  1.0  27.8
240220261650  0.537  3.3  121.4  5.6  0.68  0.4  27.8
240220261651  0.535  3.4  121.1  5.6  0.55  4.1  27.8
240220261652  0.533  3.4  123.3  5.6  0.56  6.0  27.8
240220261653  0.530  3.3  125.8  5.6  0.66  7.0  27.8
240220261654  0.527  3.1  129.2  5.6  0.62  0.0  27.8
240220261655  0.525  2.9  134.6  5.6  0.58  0.5  27.8
240220261656  0.523  2.8  135.9  5.6  0.67  0.3  27.8
240220261657  0.521  2.7  136.0  5.3  0.76  2.9  27.8
240220261658  0.519  2.6  134.8  5.3  0.57  1.8  27.9
240220261659  0.516  2.3  136.2  5.3  0.73  2.8  27.9
240220261700  0.513  2.0  139.2  5.3  0.62  0.4  27.9
240220261701  0.509  1.9  142.0  3.9  0.71  5.3  27.9
240220261702  0.505  1.7  146.5  3.9  0.72  0.5  27.9
240220261703  0.501  1.8  148.7  3.9  0.67  359.9  27.9
240220261704  0.498  1.7  149.0  3.9  0.68  358.8  27.9
240220261705  0.495  1.8  146.7  3.9  0.70  3.5  27.9
240220261706  0.490  1.9  151.0  4.5  0.63  0.3  27.9
240220261707  0.487  1.8  150.2  4.5  0.68  1.3  27.9
240220261708  0.485  2.0  148.9  5.5  0.50  354.9  27.9
240220261709  0.481  2.1  145.1  5.5  0.63  2.9  27.9
240220261710  0.477  2.4  138.7  6.3  0.69  3.9  27.9
240220261711  0.474  2.5  144.1  6.3  0.62  9.1  27.9
240220261712  0.469  2.8  137.0  7.6  0.69  5.7  27.9
240220261713  0.466  3.0  135.5  7.6  0.66  357.4  27.9
240220261714  0.462  3.0  135.2  7.6  0.69  3.4  27.9
240220261715  0.458  2.9  134.2  7.6  0.65  2.6  27.9
240220261716  0.454  2.9  135.4  7.6  0.70  3.1  27.9
240220261717  0.452  2.9  143.2  7.6  0.74  7.0  27.9
240220261718  0.449  2.9  148.2  7.6  0.74  5.5  27.9
240220261719  0.446  2.9  150.3  7.6  0.71  359.6  28.0
240220261720  0.444  2.7  153.7  7.6  0.75  7.9  28.0
240220261721  0.441  2.6  149.8  7.6  0.63  3.5  28.0
240220261722  0.436  2.6  154.2  6.6  0.71  5.8  28.0
240220261723  0.432  2.5  153.6  5.7  0.76  4.7  28.0
240220261724  0.428  2.4  151.5  5.7  0.75  7.0  28.0
240220261725  0.425  2.5  150.8  5.7  0.81  4.0  28.0
240220261726  0.422  2.4  148.7  5.7  0.75  2.6  28.0
240220261727  0.419  2.3  138.4  5.7  0.78  0.6  28.0
240220261728  0.416  2.3  131.1  5.4  0.75  4.1  28.0
240220261729  0.413  2.3  127.4  5.4  0.75  6.6  28.0
240220261730  0.411  2.3  127.6  5.4  0.81  5.6  28.0
240220261731  0.409  2.4  129.2  5.4  0.72  4.4  28.0
240220261732  0.406  2.2  128.4  5.1  0.79  4.4  28.0
240220261733  0.404  2.0  130.2  5.0  0.87  11.3  28.0
240220261734  0.401  1.9  133.8  5.0  0.74  3.5  28.0
240220261735  0.400  1.9  139.5  5.0  0.69  3.5  28.0
240220261736  0.398  1.9  141.2  5.0  0.82  5.1  28.0
240220261737  0.395  1.9  143.4  5.0  0.75  6.0  28.0
240220261738  0.392  1.9  145.6  4.3  0.75  3.9  28.0
240220261739  0.391  1.9  146.9  4.3  0.79  5.4  28.0
240220261740  0.389  2.0  145.3  4.5  0.76  6.2  28.0
240220261741  0.387  2.0  146.9  5.0  0.57  9.4  28.0
240220261742  0.385  2.1  145.4  5.0  0.77  8.0  28.0
240220261743  0.383  2.1  139.1  5.0  0.84  9.3  28.0
240220261744  0.382  2.3  136.6  5.8  0.67  3.3  28.0
240220261745  0.380  2.3  134.7  5.8  0.77  3.0  28.0
240220261746  0.378  2.2  133.4  5.8  0.79  7.2  28.1
240220261747  0.375  2.1  133.7  5.8  0.71  5.9  28.1
240220261748  0.372  2.1  132.2  5.8  0.73  2.3  28.1
240220261749  0.371  2.2  130.3  5.8  0.71  3.6  28.1
240220261750  0.369  2.3  124.6  5.8  0.65  9.8  28.1
240220261751  0.368  2.4  118.9  5.8  0.59  356.7  28.1
240220261752  0.367  2.5  121.8  5.8  0.63  0.5  28.1
240220261753  0.365  2.4  128.1  5.8  0.73  359.5  28.1
240220261754  0.364  2.7  129.3  7.1  0.72  2.1  28.1
240220261755  0.364  2.7  133.3  7.1  0.63  359.5  28.1
240220261756  0.362  2.7  132.9  7.1  0.67  359.5  28.1
240220261757  0.361  2.9  129.4  7.1  0.62  359.2  28.1
240220261758  0.359  2.9  129.0  7.1  0.67  1.2  28.1
240220261759  0.356  2.8  127.6  7.1  0.57  357.5  28.1
240220261800  0.355  2.8  128.3  7.1  0.65  7.1  28.1
240220261801  0.353  2.9  124.5  7.1  0.67  4.9  28.1
240220261802  0.352  2.9  122.5  7.1  0.66  0.7  28.1
240220261803  0.352  3.1  118.2  7.1  0.61  0.4  28.1
240220261804  0.351  3.1  113.5  6.8  0.64  3.1  28.1
240220261805  0.350  3.3  105.9  6.8  0.62  0.6  28.1
240220261806  0.348  3.4  105.6  6.8  0.57  1.2  28.1
240220261807  0.347  3.5  110.2  6.8  0.69  5.2  28.1
240220261808  0.347  3.6  113.1  6.8  0.64  6.1  28.1
240220261809  0.346  3.7  116.5  6.8  0.49  358.7  28.1
240220261810  0.346  3.5  121.9  6.8  0.63  1.7  28.1
240220261811  0.344  3.2  128.1  6.4  0.57  359.8  28.1
240220261812  0.343  3.1  128.5  6.4  0.67  2.0  28.1
240220261813  0.342  3.2  130.9  7.6  0.54  2.3  28.1
240220261814  0.341  3.0  133.8  7.6  0.76  3.7  28.1
240220261815  0.339  3.0  140.9  7.6  0.61  4.1  28.1
240220261816  0.338  3.0  143.6  7.6  0.56  3.9  28.1
240220261817  0.335  3.0  145.3  7.6  0.62  4.4  28.1
240220261818  0.335  2.8  145.5  7.6  0.62  2.4  28.1
240220261819  0.333  2.6  146.0  7.6  0.69  5.0  28.1
240220261820  0.330  2.5  143.1  7.6  0.75  5.3  28.1
240220261821  0.328  2.6  141.7  7.6  0.71  4.1  28.1
240220261822  0.326  2.4  144.9  7.6  0.54  7.1  28.1
240220261823  0.325  2.3  143.5  5.5  0.54  9.4  28.1
240220261824  0.323  2.4  143.4  5.5  0.59  2.8  28.1
240220261825  0.323  2.4  144.7  5.5  0.59  5.1  28.1
240220261826  0.322  2.2  144.0  5.5  0.67  2.6  28.1
240220261827  0.321  1.9  144.7  4.9  0.65  2.9  28.1
240220261828  0.320  1.9  145.5  4.9  0.69  2.4  28.1
240220261829  0.320  1.9  142.4  4.9  0.63  7.2  28.1
240220261830  0.318  2.1  146.4  5.1  0.68  9.3  28.1
240220261831  0.317  2.3  151.4  6.5  0.67  1.5  28.1
240220261832  0.316  2.4  156.5  6.5  0.59  3.2  28.1
240220261833  0.313  2.7  161.6  6.5  0.71  4.6  28.1
240220261834  0.312  2.8  162.6  6.5  0.70  3.6  28.1
240220261835  0.310  2.7  161.8  6.5  0.67  5.0  28.1
240220261836  0.309  2.9  162.7  6.5  0.53  359.9  28.1
240220261837  0.306  3.0  163.1  6.5  0.72  5.4  28.1
240220261838  0.306  3.0  162.9  6.5  0.68  5.1  28.1
240220261839  0.305  3.1  162.6  6.5  0.56  356.6  28.2
240220261840  0.304  2.9  162.9  6.5  0.55  3.3  28.2
240220261841  0.303  2.7  160.9  5.8  0.58  5.3  28.2
240220261842  0.303  2.7  156.2  5.5  0.71  1.4  28.2
240220261843  0.301  2.8  158.1  6.3  0.55  1.2  28.2
240220261844  0.299  2.8  159.8  6.3  0.66  4.5  28.2
240220261845  0.297  2.7  158.4  6.3  0.68  7.7  28.2
240220261846  0.296  2.6  154.5  6.3  0.61  9.3  28.2
240220261847  0.295  2.5  148.8  6.3  0.65  7.6  28.2
240220261848  0.293  2.6  144.2  6.3  0.71  1.2  28.2
240220261849  0.292  2.4  143.8  6.3  0.73  3.3  28.2
240220261850  0.291  2.5  140.5  6.3  0.61  2.5  28.2
240220261851  0.289  2.4  135.7  6.3  0.68  359.8  28.2
240220261852  0.288  2.3  125.4  6.3  0.61  4.0  28.2
240220261853  0.287  2.4  113.2  5.8  0.53  4.8  28.2
240220261854  0.285  2.5  107.7  7.1  0.68  3.3  28.2
240220261855  0.283  2.6  111.0  7.1  0.62  358.5  28.2
240220261856  0.282  2.6  118.9  7.1  0.64  1.1  28.2
240220261857  0.280  2.7  126.2  7.1  0.63  1.8  28.2
240220261858  0.279  2.8  130.6  7.7  0.71  4.6  28.2
240220261859  0.279  2.9  133.2  7.7  0.68  358.6  28.2
240220261900  0.279  3.0  136.4  7.7  0.60  0.4  28.2
240220261901  0.279  3.0  142.8  7.7  0.59  1.2  28.2
240220261902  0.279  3.2  151.5  7.7  0.72  0.5  28.2
240220261903  0.277  3.4  157.5  7.7  0.67  1.1  28.2
240220261904  0.278  3.6  162.0  7.7  0.47  359.0  28.2
240220261905  0.277  3.6  164.8  7.7  0.71  4.4  28.2
240220261906  0.277  3.6  163.0  7.7  0.72  358.3  28.2
240220261907  0.277  3.7  161.9  7.7  0.64  2.1  28.2
240220261908  0.277  3.6  166.3  6.6  0.58  353.9  28.2
240220261909  0.278  3.5  166.8  6.6  0.62  356.6  28.2
240220261910  0.276  3.5  166.0  6.6  0.65  357.0  28.2
240220261911  0.276  3.5  164.9  6.6  0.68  357.4  28.2
240220261912  0.277  3.5  167.2  6.6  0.66  358.1  28.2
240220261913  0.278  3.4  169.3  6.6  0.60  6.5  28.2
240220261914  0.278  3.1  172.2  6.6  0.56  357.5  28.2
240220261915  0.280  3.0  172.0  6.6  0.53  2.2  28.2
240220261916  0.282  2.9  173.6  6.6  0.46  4.0  28.2
240220261917  0.283  2.7  173.7  5.6  0.51  4.8  28.2
240220261918  0.285  2.7  170.6  5.6  0.47  359.1  28.2
240220261919  0.286  2.8  170.9  5.6  0.51  356.2  28.2
240220261920  0.287  2.7  170.3  5.6  0.43  3.7  28.2
240220261921  0.287  2.8  169.0  5.6  0.48  7.5  28.2
240220261922  0.288  2.8  163.3  5.6  0.37  2.0  28.2
240220261923  0.290  2.8  159.5  5.4  0.48  354.7  28.2
240220261924  0.291  2.9  154.3  5.4  0.39  1.7  28.2
240220261925  0.291  3.2  152.8  5.5  0.50  358.5  28.2
240220261926  0.292  3.3  152.9  5.6  0.54  355.6  28.2
240220261927  0.294  3.3  156.0  5.6  0.53  4.3  28.2
240220261928  0.295  3.3  156.9  5.6  0.37  359.0  28.2
240220261929  0.296  3.0  154.0  5.6  0.45  4.6  28.2
240220261930  0.296  3.0  152.7  5.6  0.41  356.0  28.2
240220261931  0.298  2.9  153.1  5.6  0.38  356.0  28.2
240220261932  0.300  2.9  152.7  5.6  0.44  358.6  28.2
240220261933  0.300  2.7  151.2  5.6  0.27  353.4  28.3
240220261934  0.301  2.7  150.2  5.6  0.39  1.5  28.3
240220261935  0.302  2.6  142.3  6.3  0.27  357.5  28.3
240220261936  0.305  2.3  131.9  6.3  0.31  343.6  28.3
240220261937  0.307  2.1  119.1  6.3  0.37  359.2  28.2
240220261938  0.309  2.0  113.5  6.3  0.30  344.6  28.2
240220261939  0.310  1.8  116.3  6.3  0.28  358.9  28.2
240220261940  0.311  1.7  121.2  6.3  0.21  358.8  28.2
240220261941  0.312  1.7  121.0  6.3  0.22  8.0  28.2
240220261942  0.312  1.5  120.8  6.3  0.23  346.4  28.2
240220261943  0.315  1.4  124.9  6.3  0.21  347.6  28.2
240220261944  0.316  1.3  130.6  6.3  0.21  5.8  28.2
240220261945  0.317  1.1  143.3  3.5  0.24  6.2  28.2
240220261946  0.318  1.3  155.9  4.3  0.35  356.0  28.2
240220261947  0.319  1.3  163.3  4.3  0.14  341.7  28.2
240220261948  0.319  1.3  163.7  4.3  0.12  343.4  28.2
240220261949  0.320  1.5  161.8  4.3  0.17  345.2  28.2
240220261950  0.321  1.5  154.9  4.3  0.14  326.1  28.2
240220261951  0.322  1.5  148.3  4.3  0.07  354.5  28.2
240220261952  0.324  1.6  144.7  4.3  0.13  12.6  28.2
240220261953  0.327  1.8  146.5  4.3  0.16  3.7  28.2
240220261954  0.329  2.0  148.3  5.8  0.09  28.1  28.2
240220261955  0.331  2.0  144.1  5.8  0.11  341.6  28.2
240220261956  0.334  1.8  137.7  5.8  0.12  0.4  28.2
240220261957  0.336  2.0  135.6  5.8  0.10  339.8  28.2
240220261958  0.337  2.3  130.9  5.8  0.04  10.0  28.2
240220261959  0.339  2.3  126.3  5.8  0.13  350.2  28.2
240220262000  0.342  2.4  121.9  5.8  0.08  345.2  28.2
240220262001  0.344  2.5  118.5  7.8  0.15  355.4  28.2
240220262002  0.346  2.6  112.7  7.8  0.13  345.3  28.2
240220262003  0.349  2.5  109.9  7.8  0.09  2.9  28.2
240220262004  0.352  2.7  101.5  7.8  0.08  312.5  28.2
240220262005  0.353  2.9  99.3  7.8  0.11  306.1  28.2
240220262006  0.355  3.0  100.4  7.8  0.11  334.7  28.2
240220262007  0.356  3.0  104.1  7.8  0.04  317.4  28.2
240220262008  0.358  2.9  107.3  7.8  0.11  243.1  28.2
240220262009  0.360  3.0  108.8  7.8  0.03  305.0  28.2
240220262010  0.362  3.0  113.3  7.8  0.10  246.6  28.2
240220262011  0.362  3.0  116.2  7.6  0.06  225.1  28.2
240220262012  0.365  3.0  119.8  7.6  0.11  240.2  28.2
240220262013  0.369  3.0  117.6  7.6  0.14  204.2  28.2
240220262014  0.370  2.8  120.4  6.7  0.06  266.4  28.2
240220262015  0.372  2.7  124.8  6.7  0.06  242.8  28.2
240220262016  0.374  2.6  127.3  6.7  0.09  265.7  28.2
240220262017  0.376  2.6  125.5  6.7  0.09  244.2  28.2
240220262018  0.378  2.3  127.8  6.7  0.07  257.6  28.2
240220262019  0.379  2.1  133.5  6.7  0.22  215.0  28.2
240220262020  0.381  2.0  135.4  6.7  0.05  296.9  28.2
240220262021  0.382  1.8  140.4  4.8  0.13  243.1  28.2
240220262022  0.384  1.8  139.6  3.8  0.15  236.6  28.2
240220262023  0.384  1.9  143.3  3.8  0.09  301.3  28.2
240220262024  0.385  1.7  144.6  3.8  0.03  327.7  28.2
240220262025  0.385  1.6  139.4  3.8  0.14  228.0  28.2
240220262026  0.386  1.5  141.1  3.8  0.15  208.2  28.2
240220262027  0.387  1.5  150.2  4.4  0.22  190.0  28.2
240220262028  0.388  1.6  145.0  4.4  0.13  217.7  28.2
240220262029  0.391  1.4  143.4  4.4  0.14  213.1  28.2
240220262030  0.393  1.4  141.5  4.4  0.13  207.0  28.2
240220262031  0.394  1.4  140.9  4.4  0.33  203.0  28.2
240220262032  0.396  1.5  141.3  6.4  0.27  206.9  28.2
240220262033  0.396  1.5  139.0  6.4  0.26  189.2  28.2
240220262034  0.397  1.7  138.5  6.4  0.20  208.8  28.1
240220262035  0.399  1.7  144.9  6.4  0.22  203.7  28.1
240220262036  0.400  1.9  147.8  6.4  0.19  187.7  28.1
240220262037  0.401  2.0  140.1  6.4  0.26  203.6  28.1
240220262038  0.403  2.0  143.0  6.4  0.20  186.1  28.1
240220262039  0.406  2.2  136.8  6.4  0.16  178.0  28.1
240220262040  0.409  2.3  129.0  6.4  0.11  169.1  28.1
240220262041  0.410  2.2  124.7  6.4  0.29  182.0  28.1
240220262042  0.410  2.0  123.6  5.6  0.17  190.0  28.1
240220262043  0.411  2.1  122.5  5.6  0.16  174.6  28.1
240220262044  0.411  2.2  126.0  5.8  0.17  190.0  28.1
240220262045  0.412  2.5  126.4  6.1  0.26  176.7  28.1
240220262046  0.413  2.7  127.7  6.1  0.21  179.0  28.1
240220262047  0.416  2.6  129.1  6.1  0.24  180.2  28.1
240220262048  0.418  2.7  127.6  6.1  0.18  166.0  28.1
240220262049  0.420  2.7  130.5  6.1  0.19  162.4  28.1
240220262050  0.421  2.8  135.7  6.1  0.19  157.0  28.1
240220262051  0.422  2.8  138.2  6.1  0.15  179.7  28.1
240220262052  0.423  2.8  138.2  6.1  0.11  190.0  28.1
240220262053  0.425  2.8  139.6  6.1  0.15  184.8  28.1
240220262054  0.427  2.8  139.7  6.1  0.29  173.0  28.1
240220262055  0.430  2.4  138.2  5.3  0.21  169.6  28.0
240220262056  0.432  2.3  129.9  5.3  0.17  184.7  28.0
240220262057  0.435  2.4  127.7  5.3  0.18  188.8  28.0
240220262058  0.437  2.5  123.2  6.2  0.20  188.3  28.0
240220262059  0.438  2.4  119.7  6.2  0.13  173.0  28.0
240220262100  0.440  2.5  116.4  6.2  0.17  188.7  28.0
240220262101  0.444  2.7  120.1  6.2  0.18  184.9  28.0
240220262102  0.447  2.6  118.9  6.2  0.20  180.6  28.0
240220262103  0.448  2.3  114.7  6.2  0.27  183.3  28.0
240220262104  0.452  2.1  110.8  6.2  0.24  194.6  28.0
240220262105  0.455  2.3  108.1  6.2  0.36  188.8  28.0
240220262106  0.459  2.3  102.8  6.2  0.34  174.0  28.0
240220262107  0.462  2.4  97.4  6.2  0.21  184.7  28.0
240220262108  0.466  2.5  91.6  6.7  0.26  177.0  28.0
240220262109  0.469  2.8  90.6  7.0  0.32  184.7  28.0
240220262110  0.471  2.9  89.9  7.0  0.24  190.0  28.0
240220262111  0.474  3.1  83.5  7.0  0.33  183.5  28.0
240220262112  0.477  3.3  82.4  7.0  0.19  174.7  28.0
240220262113  0.482  3.4  83.3  7.0  0.24  177.0  28.0
240220262114  0.486  3.4  81.3  7.0  0.27  174.3  28.0
240220262115  0.490  3.1  78.9  7.0  0.33  175.0  28.0
240220262116  0.493  3.0  81.4  7.0  0.43  181.1  28.0
240220262117  0.497  3.0  82.1  7.0  0.45  188.2  28.0
240220262118  0.500  2.7  87.5  7.0  0.42  183.3  28.0
240220262119  0.504  2.4  86.5  6.5  0.35  187.5  28.0
240220262120  0.509  2.3  82.0  6.5  0.40  190.0  28.0
240220262121  0.513  2.3  81.2  6.5  0.53  182.6  28.0
240220262122  0.517  2.1  84.7  6.5  0.41  179.6  28.0
240220262123  0.521  2.2  85.7  6.5  0.48  180.4  28.0
240220262124  0.526  2.3  85.6  6.5  0.50  188.0  28.0
240220262125  0.530  2.8  87.9  8.1  0.44  184.1  28.0
240220262126  0.535  2.9  86.1  8.1  0.47  180.2  28.0
240220262127  0.539  2.8  85.1  8.1  0.50  178.6  28.0
240220262128  0.544  2.8  82.1  8.1  0.46  188.1  28.0
240220262129  0.549  2.6  82.9  8.1  0.47  183.3  28.0
240220262130  0.554  2.5  80.9  8.1  0.43  184.6  27.9
240220262131  0.558  2.7  80.6  8.1  0.47  178.6  27.9
240220262132  0.564  3.3  77.4  8.9  0.47  183.4  27.9
240220262133  0.569  3.5  78.1  8.9  0.32  185.4  27.9
240220262134  0.572  3.6  78.8  8.9  0.42  179.3  27.9
240220262135  0.577  3.7  78.0  9.6  0.56  186.2  27.9
240220262136  0.582  3.9  78.9  9.6  0.51  172.3  27.9
240220262137  0.587  4.2  78.9  9.6  0.59  176.1  27.9
240220262138  0.592  4.5  76.6  9.6  0.58  176.8  27.9
240220262139  0.598  5.1  76.5  9.6  0.53  175.5  27.9
240220262140  0.602  5.1  78.1  9.6  0.48  175.1  27.9
240220262141  0.607  5.1  76.3  9.6  0.51  177.3  27.9
240220262142  0.611  4.8  77.2  9.6  0.58  175.8  27.9
240220262143  0.616  5.0  75.9  9.6  0.64  179.8  27.9
240220262144  0.619  5.2  75.7  9.6  0.61  173.8  27.9
240220262145  0.624  5.3  74.4  9.4  0.54  173.9  27.9
240220262146  0.627  5.0  75.1  9.4  0.61  173.8  27.9
240220262147  0.629  4.9  74.8  9.4  0.53  172.9  27.9
240220262148  0.633  4.6  75.9  9.4  0.63  170.7  27.9
240220262149  0.636  4.4  75.2  9.4  0.58  169.5  27.9
240220262150  0.640  4.5  75.0  9.4  0.61  169.4  27.9
240220262151  0.643  4.4  75.7  8.1  0.65  171.6  27.9
240220262152  0.646  4.7  74.1  8.1  0.55  169.5  27.9
240220262153  0.650  4.6  76.4  7.7  0.68  170.7  27.9
240220262154  0.654  4.5  75.2  7.7  0.53  163.4  27.9
240220262155  0.657  4.1  77.3  7.7  0.63  170.9  27.9
240220262156  0.660  4.2  76.5  7.7  0.64  168.9  27.9
240220262157  0.662  4.0  77.3  7.7  0.67  174.4  27.9
240220262158  0.664  4.1  76.0  7.7  0.71  169.1  27.9
240220262159  0.665  4.0  78.0  7.7  0.68  167.9  27.9
240220262200  0.667  4.0  78.0  7.7  0.85  174.8  27.9
240220262201  0.668  3.9  79.0  7.6  0.80  172.0  27.8
240220262202  0.671  3.7  80.9  7.4  0.80  170.2  27.8
240220262203  0.673  3.6  78.0  7.4  0.80  171.8  27.8
240220262204  0.674  3.5  79.0  7.0  0.74  169.0  27.8
240220262205  0.675  3.7  78.5  7.0  0.85  171.7  27.8
240220262206  0.676  3.6  76.6  7.0  0.71  169.2  27.8
240220262207  0.679  3.8  76.3  7.0  0.72  171.0  27.8
240220262208  0.681  3.6  77.7  7.0  0.68  167.3  27.8
240220262209  0.683  3.4  76.7  7.0  0.73  168.8  27.8
240220262210  0.686  3.2  76.0  7.0  0.57  167.4  27.8
240220262211  0.688  3.0  74.0  6.8  0.60  166.8  27.8
240220262212  0.691  3.0  71.7  6.8  0.60  168.5  27.8
240220262213  0.694  2.8  72.9  6.8  0.62  165.9  27.8
240220262214  0.696  2.5  73.5  5.6  0.67  166.8  27.8
240220262215  0.699  2.2  72.1  5.6  0.62  173.1  27.8
240220262216  0.701  1.9  72.8  5.6  0.66  172.2  27.8
240220262217  0.704  1.8  66.8  5.6  0.62  163.9  27.8
240220262218  0.706  1.8  67.5  5.6  0.69  165.3  27.8
240220262219  0.710  2.0  65.8  5.6  0.71  172.9  27.8
240220262220  0.712  2.0  67.0  5.6  0.67  172.0  27.8
240220262221  0.716  1.8  70.0  5.6  0.74  166.9  27.8
240220262222  0.718  1.7  69.8  4.6  0.62  164.2  27.8
240220262223  0.721  1.7  67.6  4.6  0.71  169.8  27.8
240220262224  0.725  1.7  66.4  4.6  0.70  162.4  27.8
240220262225  0.728  2.0  69.7  4.6  0.73  161.7  27.8
240220262226  0.732  2.1  69.7  6.0  0.67  163.1  27.8
240220262227  0.735  2.4  75.0  6.9  0.75  164.8  27.8
240220262228  0.740  2.5  73.7  8.3  0.82  167.2  27.8
240220262229  0.744  2.6  77.6  8.3  0.71  162.3  27.8
240220262230  0.749  2.6  79.5  8.3  0.63  165.7  27.8
240220262231  0.754  2.9  80.0  8.3  0.85  169.1  27.8
240220262232  0.760  3.0  82.4  8.3  0.70  168.0  27.8
240220262233  0.765  3.1  83.9  8.3  0.83  165.3  27.8
240220262234  0.771  3.3  83.6  8.3  0.87  165.6  27.8
240220262235  0.776  3.2  82.8  8.3  0.83  165.3  27.8
240220262236  0.781  3.4  84.3  8.3  0.93  169.4  27.8
240220262237  0.787  3.2  83.9  8.3  1.00  169.9  27.8
240220262238  0.792  3.2  82.8  7.2  0.84  168.0  27.8
240220262239  0.797  3.2  81.1  7.2  0.80  169.2  27.7
240220262240  0.802  3.3  79.3  7.2  0.80  173.4  27.8
240220262241  0.808  3.2  77.7  7.2  0.81  174.6  27.8
240220262242  0.812  3.2  76.6  7.2  0.73  175.9  27.8
240220262243  0.817  3.3  76.6  7.2  0.61  172.1  27.8
240220262244  0.822  3.1  76.0  6.1  0.73  181.9  27.8
240220262245  0.827  3.3  76.6  6.1  0.48  178.4  27.8
240220262246  0.834  3.1  77.2  6.1  0.50  181.5  27.8
240220262247  0.839  3.0  77.2  6.1  0.56  185.4  27.8
240220262248  0.845  2.9  77.6  5.1  0.55  180.7  27.8
240220262249  0.850  2.8  78.0  5.1  0.35  182.0  27.8
240220262250  0.854  2.7  77.6  4.9  0.40  185.0  27.8
240220262251  0.860  2.8  78.0  4.9  0.27  183.5  27.8
240220262252  0.865  2.7  79.7  4.9  0.44  188.0  27.8
240220262253  0.870  2.6  79.1  4.9  0.42  186.8  27.8
240220262254  0.876  2.7  81.1  4.9  0.33  191.4  27.8
240220262255  0.881  2.7  81.0  4.8  0.41  197.6  27.8
240220262256  0.885  2.8  77.8  4.8  0.33  190.7  27.8
240220262257  0.891  3.0  78.0  6.1  0.47  185.9  27.8
240220262258  0.895  3.0  79.3  6.1  0.44  184.6  27.8
240220262259  0.901  3.1  78.7  6.1  0.39  182.6  27.8
240220262300  0.907  3.1  79.3  6.1  0.45  189.3  27.8
240220262301  0.911  3.2  77.7  6.1  0.47  179.5  27.8
240220262302  0.916  3.4  75.3  7.2  0.36  186.3  27.8
240220262303  0.921  3.4  76.2  7.2  0.41  191.1  27.8
240220262304  0.926  3.3  77.1  7.2  0.41  191.6  27.8
240220262305  0.931  3.1  76.3  7.2  0.44  185.2  27.8
240220262306  0.936  3.0  78.1  7.2  0.57  189.8  27.8
240220262307  0.941  2.8  76.7  7.2  0.59  186.0  27.8
240220262308  0.948  2.9  76.1  7.2  0.59  183.6  27.8
240220262309  0.953  2.7  77.2  7.2  0.43  179.1  27.7
240220262310  0.957  2.6  78.6  7.2  0.53  178.9  27.7
240220262311  0.963  2.5  85.1  7.2  0.71  182.6  27.7
240220262312  0.967  2.4  94.2  5.5  0.56  184.4  27.6
240220262313  0.973  2.6  96.5  5.5  0.60  182.9  27.6
240220262314  0.978  2.6  98.0  5.5  0.55  182.0  27.6
240220262315  0.981  2.7  101.5  5.5  0.44  173.7  27.6
240220262316  0.986  2.7  105.4  5.5  0.65  185.0  27.6
240220262317  0.990  2.9  113.7  5.5  0.49  179.9  27.6
240220262318  0.994  2.9  122.3  5.5  0.50  179.3  27.6
240220262319  0.997  2.9  127.0  5.5  0.62  177.1  27.6
240220262320  1.000  3.0  134.9  5.5  0.77  174.8  27.6
240220262321  1.004  3.1  141.5  6.0  0.64  177.4  27.6
240220262322  1.007  3.1  148.5  6.3  0.59  176.9  27.7
240220262323  1.010  3.1  153.3  6.3  0.69  174.4  27.7
240220262324  1.014  3.1  155.9  6.3  0.67  174.9  27.7
240220262325  1.018  3.1  159.0  6.3  0.54  170.2  27.7
240220262326  1.020  3.1  161.2  6.3  0.67  178.0  27.7
240220262327  1.024  2.9  163.8  6.3  0.75  175.1  27.6
240220262328  1.027  2.8  166.3  6.3  0.66  171.9  27.6
240220262329  1.029  2.9  167.5  6.3  0.62  172.0  27.6
240220262330  1.032  2.9  168.9  6.3  0.69  175.6  27.6
240220262331  1.034  2.7  167.2  6.3  0.66  170.9  27.6
240220262332  1.037  2.6  164.7  4.5  0.74  175.3  27.6
240220262333  1.038  2.6  165.2  4.5  0.83  173.3  27.6
240220262334  1.041  2.6  169.8  4.5  0.74  176.5  27.6
240220262335  1.045  2.6  174.8  4.5  0.70  171.5  27.6
240220262336  1.048  2.6  177.7  4.5  0.76  177.1  27.6
240220262337  1.051  2.6  179.8  4.5  0.78  180.2  27.6
240220262338  1.053  2.7  182.6  4.5  0.58  176.0  27.6
240220262339  1.055  2.5  184.8  4.5  0.83  180.9  27.6
240220262340  1.056  2.3  185.6  3.4  0.82  180.7  27.6
240220262341  1.058  2.3  191.5  3.4  0.70  173.3  27.6
240220262342  1.061  2.4  199.5  3.4  0.80  181.5  27.6
240220262343  1.064  2.5  204.6  3.3  0.79  184.2  27.6
240220262344  1.067  2.4  204.5  3.3  0.84  179.9  27.6
240220262345  1.070  2.4  203.1  3.2  0.78  175.9  27.6
240220262346  1.074  2.3  202.8  3.1  0.80  179.2  27.6
240220262347  1.077  2.3  203.6  3.1  0.65  175.0  27.6
240220262348  1.080  2.3  204.8  3.1  0.70  173.8  27.6
240220262349  1.083  2.3  206.5  3.1  0.71  175.8  27.6
240220262350  1.086  2.3  208.5  3.1  0.73  178.9  27.6
240220262351  1.089  2.3  207.1  3.1  0.81  179.3  27.6
240220262352  1.091  2.3  205.9  3.0  0.80  179.8  27.6
240220262353  1.094  2.3  206.5  3.1  0.77  179.0  27.5
240220262354  1.096  2.3  208.3  3.1  0.76  175.4  27.5
240220262355  1.099  2.2  210.9  3.1  0.88  180.5  27.5
240220262356  1.102  2.2  214.6  3.1  0.87  177.3  27.5
240220262357  1.105  2.3  215.8  3.3  0.74  180.0  27.5
240220262358  1.108  2.4  216.3  3.3  0.74  176.0  27.4
240220262359  1.111  2.4  216.1  3.3  0.79  172.1  27.4
250220260000  1.114  2.4  215.1  3.3  0.65  167.4  27.4
250220260001  1.118  2.4  217.0  3.3  0.78  178.4  27.4
250220260002  1.123  2.5  217.1  3.3  0.70  175.7  27.4
250220260003  1.126  2.5  217.0  3.3  0.73  177.0  27.4
250220260004  1.131  2.5  215.4  3.3  0.83  177.6  27.4
250220260005  1.135  2.6  212.0  3.3  0.72  179.6  27.4
250220260006  1.140  2.6  208.3  3.3  0.85  179.7  27.4
250220260007  1.145  2.6  205.3  3.3  0.77  175.0  27.4
250220260008  1.149  2.5  201.6  3.3  0.76  182.7  27.4
250220260009  1.152  2.5  197.6  3.3  0.81  182.0  27.4
250220260010  1.157  2.6  195.3  3.3  0.68  176.7  27.4
250220260011  1.163  2.6  192.7  3.3  0.65  179.9  27.4
250220260012  1.166  2.5  189.0  3.3  0.70  173.2  27.4
250220260013  1.171  2.5  185.2  3.6  0.68  177.2  27.4
250220260014  1.178  2.5  184.0  3.6  0.71  176.5  27.4
250220260015  1.183  2.6  185.7  3.6  0.80  175.9  27.4
250220260016  1.187  2.6  187.7  3.6  0.76  173.9  27.4
250220260017  1.194  2.7  190.3  4.0  0.57  176.8  27.4
250220260018  1.198  2.8  192.6  4.0  0.80  179.7  27.4
250220260019  1.202  2.8  195.2  4.0  0.88  180.6  27.4
250220260020  1.207  3.0  198.1  4.0  0.74  173.5  27.4
250220260021  1.212  3.0  199.0  4.0  0.76  177.0  27.4
250220260022  1.216  3.1  198.9  4.4  0.82  172.7  27.4
250220260023  1.220  3.3  198.0  4.5  0.77  173.8  27.4
250220260024  1.224  3.3  197.3  4.5  0.80  171.6  27.4
250220260025  1.227  3.3  198.0  4.5  0.87  173.9  27.4
250220260026  1.231  3.3  198.2  4.5  0.79  174.2  27.4
250220260027  1.236  3.2  197.5  4.5  0.78  173.3  27.4
250220260028  1.239  3.2  196.4  4.5  0.90  171.5  27.4
250220260029  1.243  3.3  194.5  4.5  0.79  178.5  27.4
250220260030  1.247  3.2  194.3  4.5  0.76  176.9  27.4
250220260031  1.250  3.1  194.4  4.5  0.78  175.8  27.4
250220260032  1.253  3.0  197.0  4.5  0.74  173.5  27.4
250220260033  1.257  2.9  201.3  4.4  0.83  175.9  27.4
250220260034  1.260  2.8  204.7  4.4  0.71  176.6  27.4
250220260035  1.264  2.6  206.0  4.4  0.86  179.0  27.4
250220260036  1.267  2.5  209.2  4.4  0.76  176.8  27.4
250220260037  1.270  2.4  209.2  4.4  0.84  177.6  27.4
250220260038  1.272  2.3  214.4  4.4  0.84  178.7  27.4
250220260039  1.277  2.4  221.4  4.7  0.76  176.7  27.4
250220260040  1.280  2.6  224.4  4.8  0.80  175.0  27.4
250220260041  1.283  2.7  227.1  4.8  0.79  176.1  27.4
250220260042  1.286  3.0  228.7  4.8  0.73  176.9  27.4
250220260043  1.289  3.2  229.7  4.8  0.81  174.7  27.4
250220260044  1.292  3.3  230.2  4.8  0.81  173.7  27.4
250220260045  1.294  3.6  229.4  4.8  0.78  171.7  27.4
250220260046  1.297  3.7  229.1  4.8  0.75  171.1  27.4
250220260047  1.299  4.0  229.8  4.8  0.77  169.7  27.4
250220260048  1.301  4.1  228.6  4.8  0.78  172.1  27.4
250220260049  1.303  4.2  228.1  5.9  0.77  174.6  27.4
250220260050  1.305  4.2  227.8  5.9  0.73  172.4  27.3
250220260051  1.307  4.2  227.7  5.9  0.79  171.3  27.3
250220260052  1.308  4.2  227.0  5.9  0.70  166.6  27.3
250220260053  1.311  4.0  225.5  5.9  0.75  169.9  27.3
250220260054  1.312  4.0  223.5  5.9  0.64  175.1  27.3
250220260055  1.314  4.0  224.1  5.9  0.77  175.8  27.3
250220260056  1.315  4.0  223.2  5.9  0.78  175.3  27.3
250220260057  1.316  4.1  222.8  5.9  0.71  172.6  27.3
250220260058  1.318  4.1  222.0  5.9  0.79  173.7  27.3
250220260059  1.319  4.0  219.8  5.5  0.68  171.0  27.3
250220260100  1.320  3.9  217.4  5.5  0.71  170.8  27.3
250220260101  1.321  3.9  215.9  5.5  0.74  177.4  27.3
250220260102  1.323  4.0  215.2  5.5  0.72  177.0  27.3
250220260103  1.324  4.1  215.6  5.5  0.70  171.4  27.3
250220260104  1.326  4.1  216.0  5.5  0.59  180.8  27.3
250220260105  1.326  4.0  211.4  5.5  0.73  173.9  27.3
250220260106  1.327  3.9  209.5  5.5  0.61  174.7  27.3
250220260107  1.328  3.7  206.2  5.0  0.62  177.3  27.3
250220260108  1.329  3.6  204.4  5.0  0.57  178.1  27.3
250220260109  1.330  3.6  205.6  5.0  0.65  179.7  27.3
250220260110  1.332  3.6  206.9  5.0  0.59  172.9  27.3
250220260111  1.332  3.6  207.6  4.9  0.64  177.7  27.3
250220260112  1.332  3.6  209.3  5.1  0.59  174.0  27.3
250220260113  1.333  3.5  209.9  5.1  0.58  174.1  27.3
250220260114  1.334  3.5  208.8  5.7  0.61  171.3  27.2
250220260115  1.334  3.5  212.2  5.7  0.56  173.0  27.2
250220260116  1.335  3.4  212.7  5.7  0.60  176.8  27.2
250220260117  1.336  3.5  212.4  5.7  0.44  169.4  27.2
250220260118  1.337  3.6  212.6  5.7  0.54  167.6  27.2
250220260119  1.338  3.6  210.2  5.7  0.67  175.2  27.2
250220260120  1.340  3.6  207.9  5.7  0.51  171.6  27.2
250220260121  1.339  3.5  205.5  5.7  0.57  174.7  27.2
250220260122  1.339  3.4  201.9  5.7  0.66  172.7  27.2
250220260123  1.340  3.3  200.3  5.7  0.64  173.9  27.2
250220260124  1.341  3.4  200.5  5.7  0.54  172.5  27.2
250220260125  1.341  3.5  200.1  5.7  0.70  170.1  27.2
250220260126  1.341  3.7  199.1  5.7  0.63  166.7  27.2
250220260127  1.342  3.9  201.0  5.7  0.54  168.3  27.2
250220260128  1.343  3.9  202.3  5.7  0.47  168.2  27.2
250220260129  1.344  3.9  203.7  5.7  0.61  167.1  27.1
250220260130  1.344  3.9  204.1  5.7  0.41  162.9  27.1
250220260131  1.345  4.0  203.9  5.7  0.55  177.1  27.1
250220260132  1.346  4.0  204.5  5.7  0.43  165.8  27.1
250220260133  1.348  4.0  204.4  5.7  0.49  170.6  27.1
250220260134  1.350  3.9  204.4  5.2  0.42  163.1  27.1
250220260135  1.351  3.8  203.0  5.2  0.46  169.7  27.1
250220260136  1.353  3.7  204.6  5.2  0.64  169.4  27.1
250220260137  1.354  3.6  204.8  4.9  0.58  175.4  27.1
250220260138  1.357  3.4  203.7  4.7  0.49  169.8  27.1
250220260139  1.359  3.2  203.0  4.6  0.66  170.4  27.1
250220260140  1.361  3.0  200.0  4.3  0.51  165.8  27.1
250220260141  1.363  3.0  199.2  4.3  0.57  173.5  27.1
250220260142  1.366  2.9  197.8  4.3  0.62  167.4  27.1
250220260143  1.369  2.8  196.8  4.3  0.53  173.7  27.1
250220260144  1.372  2.8  197.7  4.4  0.54  168.5  27.1
250220260145  1.375  2.9  201.7  4.6  0.50  165.6  27.1
250220260146  1.377  2.9  202.4  4.6  0.65  175.8  27.1
250220260147  1.380  3.0  204.4  4.6  0.61  167.5  27.1
250220260148  1.384  3.1  207.0  4.8  0.67  168.3  27.1
250220260149  1.387  3.3  209.9  4.9  0.74  171.7  27.1
250220260150  1.388  3.5  213.7  4.9  0.60  163.7  27.0
250220260151  1.391  3.6  215.6  4.9  0.58  163.7  27.0
250220260152  1.394  3.7  218.0  4.9  0.65  172.5  27.0
250220260153  1.396  3.8  219.7  4.9  0.69  172.0  27.0
250220260154  1.400  3.9  220.3  4.9  0.69  174.7  27.0
250220260155  1.401  3.8  220.3  4.9  0.71  176.1  27.0
250220260156  1.403  3.8  220.7  4.9  0.67  175.7  27.0
250220260157  1.406  3.7  219.8  4.9  0.60  174.7  27.1
250220260158  1.408  3.6  219.0  4.9  0.63  175.4  27.1
250220260159  1.410  3.4  216.9  4.9  0.67  174.1  27.1
250220260200  1.411  3.3  214.5  4.9  0.66  178.6  27.1
250220260201  1.413  3.3  213.9  4.9  0.60  178.1  27.1
250220260202  1.414  3.3  211.5  4.9  0.78  177.2  27.1
250220260203  1.414  3.2  208.2  4.4  0.64  177.8  27.1
250220260204  1.415  3.1  205.2  4.4  0.64  180.1  27.1
250220260205  1.416  3.0  202.3  4.4  0.54  177.5  27.1
250220260206  1.417  2.9  197.5  4.4  0.65  178.3  27.1
250220260207  1.418  2.9  196.2  3.8  0.60  181.9  27.1
250220260208  1.420  2.9  196.1  3.8  0.53  173.7  27.1
250220260209  1.419  2.9  197.5  3.8  0.52  175.0  27.1
250220260210  1.419  3.0  198.5  3.8  0.55  175.7  27.1
250220260211  1.419  3.0  195.9  3.8  0.62  181.1  27.1
250220260212  1.419  3.0  196.7  3.9  0.50  178.3  27.1
250220260213  1.419  3.1  195.6  3.9  0.50  174.4  27.1
250220260214  1.421  3.1  195.8  3.9  0.59  179.4  27.1
250220260215  1.421  3.1  196.5  3.9  0.60  176.6  27.1
250220260216  1.419  3.3  197.8  4.3  0.62  177.8  27.1
250220260217  1.421  3.2  195.1  4.3  0.58  178.2  27.1
250220260218  1.420  3.3  193.7  4.5  0.63  170.0  27.0
250220260219  1.421  3.4  192.6  4.5  0.50  174.4  27.0
250220260220  1.421  3.4  192.0  4.5  0.51  173.6  27.0
250220260221  1.421  3.5  193.2  5.0  0.48  166.9  27.0
250220260222  1.420  3.6  195.2  5.6  0.52  172.7  27.0
250220260223  1.420  3.8  197.1  5.7  0.42  158.6  27.0
250220260224  1.421  4.0  199.1  5.7  0.56  171.9  26.9
250220260225  1.421  4.2  200.6  5.9  0.45  174.6  26.9
250220260226  1.420  4.2  200.4  5.9  0.48  166.6  26.9
250220260227  1.420  4.3  201.2  5.9  0.49  166.2  26.9
250220260228  1.419  4.6  200.9  6.5  0.45  164.4  26.9
250220260229  1.419  4.7  199.9  6.5  0.49  163.9  26.9
250220260230  1.417  4.8  200.0  6.5  0.38  168.6  26.9
250220260231  1.415  4.8  200.0  6.5  0.46  168.0  26.9
250220260232  1.414  4.7  197.9  6.5  0.33  168.9  26.9
250220260233  1.412  4.7  197.4  6.5  0.38  155.4  26.9
250220260234  1.411  4.6  195.3  6.5  0.32  165.2  26.9
250220260235  1.408  4.4  192.8  6.5  0.29  165.5  26.9
250220260236  1.406  4.3  193.3  6.5  0.32  163.9  26.9
250220260237  1.405  4.3  194.7  6.5  0.39  176.2  26.9
250220260238  1.403  4.0  195.0  5.6  0.07  128.7  26.9
250220260239  1.401  3.9  196.7  5.6  0.31  170.5  26.9
250220260240  1.399  3.8  198.2  5.6  0.27  169.1  26.9
250220260241  1.397  3.9  199.4  5.6  0.26  171.4  26.9
250220260242  1.395  3.9  201.3  5.6  0.31  161.2  26.9
250220260243  1.394  4.0  203.5  5.6  0.33  174.1  26.9
250220260244  1.393  4.0  204.6  5.6  0.26  160.9  26.9
250220260245  1.392  4.0  206.2  5.6  0.38  169.7  26.9
250220260246  1.391  3.9  206.7  5.6  0.32  176.6  26.9
250220260247  1.392  3.9  205.5  5.6  0.52  180.3  26.9
250220260248  1.390  3.9  205.1  5.6  0.35  182.3  26.9
250220260249  1.389  3.9  205.2  5.6  0.45  170.5  26.9
250220260250  1.389  3.9  204.4  5.6  0.48  175.8  26.9
250220260251  1.388  3.8  205.2  5.6  0.30  161.1  26.9
250220260252  1.388  3.7  205.4  5.6  0.28  173.8  26.9
250220260253  1.387  3.4  205.4  4.9  0.37  157.8  26.9
250220260254  1.386  3.5  208.5  4.9  0.34  174.5  26.9
250220260255  1.385  3.5  208.6  4.9  0.30  152.9  26.9
250220260256  1.384  3.6  209.8  4.9  0.37  162.9  26.9
250220260257  1.383  3.8  212.8  5.3  0.30  168.2  26.9
250220260258  1.381  4.0  214.3  6.5  0.37  172.4  26.9
250220260259  1.379  4.1  214.2  6.5  0.35  176.6  26.9
250220260300  1.377  4.2  215.9  6.5  0.46  173.7  26.9
250220260301  1.375  4.3  215.7  6.5  0.23  174.1  26.9
250220260302  1.373  4.5  215.1  6.5  0.24  161.5  26.9
250220260303  1.372  4.6  215.1  6.5  0.28  156.3  26.9
250220260304  1.370  4.6  214.2  6.5  0.31  162.0  26.9
250220260305  1.368  4.7  214.9  6.5  0.34  166.9  26.9
250220260306  1.366  4.9  216.5  6.9  0.39  166.8  26.9
250220260307  1.365  4.9  216.3  6.9  0.23  158.3  26.9
250220260308  1.362  4.8  216.8  6.9  0.30  165.1  26.9
250220260309  1.360  4.8  216.8  6.9  0.24  159.5  26.9
250220260310  1.357  4.7  216.9  6.9  0.30  156.5  26.9
250220260311  1.356  4.6  215.6  6.9  0.19  160.0  26.9
250220260312  1.356  4.5  213.4  6.9  0.29  165.1  26.9
250220260313  1.355  4.4  209.9  6.9  0.22  168.3  26.9
250220260314  1.353  4.3  208.0  6.9  0.12  158.4  26.9
250220260315  1.352  4.3  205.2  6.9  0.32  163.3  26.9
250220260316  1.351  4.0  199.4  6.2  0.24  166.8  26.9
250220260317  1.351  3.8  195.0  6.0  0.29  167.9  26.9
250220260318  1.350  3.7  191.0  6.0  0.23  174.6  26.9
250220260319  1.350  3.6  188.6  6.0  0.20  160.2  26.9
250220260320  1.350  3.7  184.9  6.0  0.27  167.5  26.9
250220260321  1.350  3.8  184.3  6.0  0.15  154.3  26.9
250220260322  1.349  3.8  186.5  5.4  0.29  185.0  26.8
250220260323  1.350  3.8  188.0  5.4  0.25  167.4  26.8
250220260324  1.349  3.9  187.3  5.4  0.25  165.2  26.8
250220260325  1.349  4.0  188.3  5.4  0.30  171.6  26.9
250220260326  1.349  4.1  190.7  5.4  0.31  162.5  26.9
250220260327  1.349  4.1  192.9  5.4  0.20  153.1  26.8
250220260328  1.349  4.2  193.4  5.4  0.26  144.1  26.8
250220260329  1.347  4.2  194.0  5.4  0.10  134.3  26.8
250220260330  1.348  4.2  196.3  5.4  0.19  151.1  26.8
250220260331  1.346  4.3  196.8  6.4  0.23  156.8  26.8
250220260332  1.344  4.3  196.4  6.4  0.22  158.7  26.8
250220260333  1.344  4.5  197.2  6.5  0.27  153.0  26.8
250220260334  1.344  4.6  198.8  6.5  0.31  170.0  26.8
250220260335  1.344  4.6  200.5  6.5  0.31  158.4  26.8
250220260336  1.344  4.7  201.5  6.5  0.29  162.4  26.8
250220260337  1.343  4.9  201.2  6.5  0.23  155.1  26.8
250220260338  1.342  5.1  202.5  6.5  0.34  164.6  26.8
250220260339  1.340  5.2  202.8  6.5  0.19  149.1  26.8
250220260340  1.338  5.3  203.0  7.0  0.34  162.3  26.8
250220260341  1.336  5.4  202.7  7.0  0.34  172.4  26.8
250220260342  1.333  5.4  203.0  7.0  0.28  159.5  26.8
250220260343  1.331  5.4  203.4  7.0  0.21  154.0  26.8
250220260344  1.330  5.5  203.3  7.2  0.18  151.4  26.8
250220260345  1.328  5.7  203.0  7.2  0.27  152.1  26.8
250220260346  1.327  5.8  202.7  7.2  0.14  140.1  26.8
250220260347  1.325  5.8  203.0  7.2  0.22  165.0  26.8
250220260348  1.324  5.9  202.9  7.2  0.26  158.2  26.8
250220260349  1.320  6.0  203.4  7.2  0.24  159.8  26.8
250220260350  1.319  5.9  203.4  7.2  0.21  154.0  26.8
250220260351  1.317  5.9  204.4  7.2  0.23  164.9  26.8
250220260352  1.313  5.7  203.8  7.2  0.32  159.1  26.8
250220260353  1.312  5.4  203.5  7.2  0.19  147.9  26.8
250220260354  1.309  5.3  203.3  7.0  0.12  125.3  26.8
250220260355  1.307  4.9  202.7  7.0  0.16  147.0  26.8
250220260356  1.303  4.5  201.5  7.0  0.20  172.8  26.8
250220260357  1.301  4.0  199.3  6.7  0.12  123.2  26.8
250220260358  1.300  3.5  197.0  6.6  0.13  132.9  26.8
250220260359  1.297  3.1  194.7  5.8  0.12  106.8  26.8
250220260400  1.294  2.9  195.7  5.4  0.15  158.0  26.8
250220260401  1.288  2.9  197.2  5.6  0.15  94.1  26.8
250220260402  1.285  3.0  201.1  6.5  0.10  89.1  26.8
250220260403  1.281  3.1  203.2  6.5  0.08  76.6  26.8
250220260404  1.277  3.1  204.4  6.5  0.15  158.4  26.8
250220260405  1.273  3.2  207.2  6.5  0.04  78.2  26.8
250220260406  1.268  3.6  210.9  6.5  nan  nan  nan
250220260407  1.265  4.0  214.3  6.5  0.12  35.0  26.8
250220260408  1.261  4.3  216.4  6.5  0.07  40.7  26.8
250220260409  1.256  4.6  218.0  6.5  0.23  21.3  26.8
250220260410  1.253  4.7  217.9  6.5  0.15  5.5  26.8
250220260411  1.248  4.7  218.5  6.5  0.10  8.9  26.8
250220260412  1.244  4.6  218.8  6.0  0.23  8.5  26.8
250220260413  1.239  4.6  220.1  5.9  0.16  25.9  26.8
250220260414  1.236  4.7  221.0  5.9  0.22  9.5  26.8
250220260415  1.233  4.8  221.2  6.0  0.04  34.0  26.8
250220260416  1.228  4.7  220.6  6.0  0.30  2.5  26.8
250220260417  1.223  4.8  220.0  6.0  0.29  355.7  26.8
250220260418  1.219  4.9  219.4  6.0  0.16  326.5  26.8
250220260419  1.215  4.9  219.3  6.0  0.23  358.0  26.8
250220260420  1.211  5.0  219.9  6.0  0.13  340.0  26.8
250220260421  1.208  5.1  220.2  6.0  0.13  355.6  26.8
250220260422  1.203  5.2  221.0  6.0  0.14  0.1  26.8
250220260423  1.200  5.3  220.8  6.8  0.13  11.8  26.8
250220260424  1.197  5.4  220.5  6.8  0.22  351.9  26.8
250220260425  1.193  5.4  220.4  6.8  0.16  328.4  26.8
250220260426  1.189  5.5  220.9  6.8  0.28  355.0  26.8
250220260427  1.185  5.6  221.5  6.8  0.15  334.0  26.9
250220260428  1.181  5.6  222.7  6.8  0.21  346.9  26.9
250220260429  1.177  5.8  223.2  7.5  0.04  307.8  26.9
250220260430  1.174  5.9  223.5  7.5  0.12  358.0  26.9
250220260431  1.170  6.0  223.6  7.5  0.14  348.6  26.9
250220260432  1.166  6.0  222.7  7.5  0.16  323.5  26.8
250220260433  1.164  6.0  222.7  7.5  0.17  321.7  26.8
250220260434  1.161  6.0  223.0  7.5  0.18  341.2  26.8
250220260435  1.158  6.0  223.3  7.5  0.30  351.8  26.9
250220260436  1.154  6.0  223.1  7.5  0.16  2.4  26.9
250220260437  1.151  6.0  222.3  7.5  0.26  10.0  26.9
250220260438  1.148  5.9  220.8  7.5  0.29  3.0  26.9
250220260439  1.145  5.8  219.3  7.2  0.20  1.3  26.9
250220260440  1.142  5.7  218.6  7.2  0.18  6.3  26.9
250220260441  1.138  5.6  217.0  7.2  0.26  5.6  26.9
250220260442  1.136  5.6  216.0  7.3  0.23  3.3  26.9
250220260443  1.134  5.7  214.5  7.3  0.22  10.0  26.9
250220260444  1.131  5.7  213.5  7.3  0.36  11.3  26.9
250220260445  1.128  5.7  212.6  7.3  0.22  25.7  26.9
250220260446  1.125  5.8  211.4  7.3  0.30  24.4  26.9
250220260447  1.122  5.8  211.3  7.3  0.34  10.3  26.9
250220260448  1.119  5.8  211.7  7.3  0.32  20.4  26.9
250220260449  1.117  5.9  212.3  7.3  0.43  16.2  26.9
250220260450  1.116  6.0  212.8  7.3  0.32  19.3  26.9
250220260451  1.114  6.0  213.7  7.3  0.25  18.6  26.9
250220260452  1.111  6.0  213.7  7.3  0.26  24.9  26.9
250220260453  1.110  6.0  214.4  7.3  0.36  17.2  26.9
250220260454  1.108  6.0  214.9  7.3  0.47  15.5  26.9
250220260455  1.105  5.9  215.5  7.3  0.46  12.2  26.9
250220260456  1.103  5.8  217.4  7.3  0.48  17.4  26.9
250220260457  1.101  5.6  218.2  7.3  0.44  11.5  26.9
250220260458  1.098  5.6  218.4  7.3  0.38  3.6  26.9
250220260459  1.096  5.4  218.5  7.3  0.52  4.8  26.9
250220260500  1.094  5.2  218.1  7.3  0.53  10.6  27.0
250220260501  1.091  5.1  218.4  7.3  0.41  8.6  27.0
250220260502  1.089  4.9  219.4  6.7  0.39  11.1  27.0
250220260503  1.089  4.8  220.0  6.4  0.47  15.9  27.0
250220260504  1.086  4.8  219.9  6.3  0.47  15.5  27.0
250220260505  1.083  4.8  219.6  6.3  0.39  12.3  27.0
250220260506  1.081  4.9  217.9  6.7  0.41  10.0  27.0
250220260507  1.079  5.1  216.8  6.7  0.56  19.5  27.0
250220260508  1.076  5.1  216.8  6.7  0.47  10.0  27.0
250220260509  1.075  5.3  216.6  6.7  0.37  18.4  27.0
250220260510  1.071  5.5  216.7  7.2  0.45  21.9  27.0
250220260511  1.069  5.6  216.0  7.2  0.43  21.3  27.0
250220260512  1.067  5.7  215.2  7.2  0.41  13.6  27.0
250220260513  1.066  5.8  214.3  7.2  0.57  11.4  27.0
250220260514  1.062  5.8  213.6  7.2  0.50  14.9  27.0
250220260515  1.058  5.7  212.9  7.2  0.34  13.3  27.0
250220260516  1.055  5.6  212.7  7.2  0.35  10.0  27.0
250220260517  1.050  5.5  211.4  7.2  0.56  14.8  27.0
250220260518  1.048  5.5  210.0  7.2  0.38  16.7  27.0
250220260519  1.045  5.4  208.9  7.2  0.43  5.3  27.0
250220260520  1.041  5.2  207.0  6.9  0.48  11.2  27.0
250220260521  1.038  5.1  206.1  6.3  0.55  6.8  27.0
250220260522  1.036  5.1  205.4  6.3  0.47  10.9  27.0
250220260523  1.033  5.0  204.1  6.3  0.60  10.4  27.0
250220260524  1.028  5.0  203.1  6.3  0.51  358.6  27.0
250220260525  1.026  4.9  202.9  6.3  0.54  9.4  27.0
250220260526  1.021  4.9  202.7  6.3  0.51  5.4  27.0
250220260527  1.017  4.8  203.4  6.0  0.53  4.3  27.0
250220260528  1.014  4.7  204.1  5.9  0.44  3.9  27.0
250220260529  1.010  4.6  203.9  5.9  0.46  5.7  27.0
250220260530  1.006  4.6  205.1  5.9  0.57  3.0  27.0
250220260531  1.002  4.5  206.1  5.5  0.44  2.6  27.0
250220260532  0.998  4.5  207.4  5.5  0.62  0.4  27.0
250220260533  0.993  4.4  209.6  5.3  0.60  3.3  27.0
250220260534  0.988  4.4  212.0  5.6  0.50  353.7  27.0
250220260535  0.984  4.5  213.8  5.6  0.54  358.6  27.0
250220260536  0.981  4.6  215.7  5.6  0.60  353.7  27.0
250220260537  0.977  4.6  216.4  5.6  0.55  353.6  27.0
250220260538  0.974  4.6  217.5  5.6  0.59  355.6  27.0
250220260539  0.969  4.6  219.5  5.7  0.60  357.3  27.0
250220260540  0.963  4.7  220.3  5.7  0.61  359.9  27.0
250220260541  0.957  4.7  221.6  5.8  0.55  1.8  27.0
250220260542  0.952  4.8  222.4  6.0  0.58  356.2  27.0
250220260543  0.948  4.9  222.6  6.0  0.60  357.8  27.0
250220260544  0.942  4.8  222.5  6.0  0.70  360.0  27.0
250220260545  0.939  4.8  222.7  6.0  0.54  359.9  27.0
250220260546  0.934  4.8  222.2  6.0  0.59  348.8  27.0
250220260547  0.929  4.8  222.1  6.0  0.68  3.6  27.0
250220260548  0.925  4.7  220.8  6.0  0.61  356.1  27.0
250220260549  0.920  4.6  220.3  6.0  0.62  360.0  27.0
250220260550  0.915  4.6  219.6  6.0  0.53  356.7  27.0
250220260551  0.910  4.6  218.9  6.0  0.63  356.9  27.0
250220260552  0.903  4.5  218.0  5.8  0.64  2.7  27.0
250220260553  0.899  4.4  217.0  5.8  0.66  4.6  27.0
250220260554  0.894  4.4  215.7  5.8  0.45  352.3  27.0
250220260555  0.891  4.4  214.1  5.8  0.58  2.9  27.0
250220260556  0.886  4.5  212.9  6.0  0.55  358.6  27.0
250220260557  0.880  4.5  213.2  6.0  0.66  9.0  27.1
250220260558  0.876  4.7  214.8  6.2  0.61  6.0  27.1
250220260559  0.871  4.7  214.9  6.2  0.63  11.4  27.1
250220260600  0.868  4.7  214.7  6.2  0.60  3.3  27.1
250220260601  0.863  4.7  214.0  6.2  0.72  12.5  27.1
250220260602  0.860  4.8  214.0  6.2  0.68  13.0  27.1
250220260603  0.855  4.7  213.9  6.2  0.56  12.8  27.1
250220260604  0.852  4.7  214.9  6.2  0.79  13.4  27.1
250220260605  0.849  4.6  215.6  6.2  0.77  13.2  27.1
250220260606  0.845  4.6  215.6  6.2  0.75  14.4  27.1
250220260607  0.841  4.6  215.1  6.2  0.77  14.0  27.1
250220260608  0.836  4.4  214.0  5.4  0.70  13.8  27.1
250220260609  0.832  4.4  213.0  5.4  0.72  17.5  27.1
250220260610  0.828  4.4  211.8  5.4  0.72  12.0  27.1
250220260611  0.825  4.4  211.7  5.7  0.71  15.5  27.1
250220260612  0.819  4.5  210.4  5.7  0.87  11.9  27.1
250220260613  0.816  4.5  209.9  5.7  0.66  12.9  27.1
250220260614  0.811  4.6  209.3  5.8  0.68  13.9  27.1
250220260615  0.808  4.6  208.3  5.9  0.65  18.1  27.1
250220260616  0.805  4.7  208.0  6.6  0.62  16.0  27.1
250220260617  0.802  4.8  207.0  6.6  0.71  13.0  27.1
250220260618  0.798  5.0  206.4  6.6  0.70  16.6  27.1
250220260619  0.796  5.1  205.3  6.6  0.70  15.6  27.1
250220260620  0.793  5.2  205.6  6.6  0.75  19.8  27.1
250220260621  0.788  5.3  204.9  6.6  0.59  20.0  27.1
250220260622  0.787  5.3  205.4  6.6  0.73  17.8  27.1
250220260623  0.786  5.3  204.9  6.6  0.67  21.8  27.1
250220260624  0.782  5.4  204.9  6.6  0.70  19.9  27.1
250220260625  0.779  5.4  204.8  7.2  0.66  23.8  27.1
250220260626  0.776  5.4  204.8  7.2  0.79  17.4  27.1
250220260627  0.775  5.4  204.9  7.2  0.58  23.3  27.2
250220260628  0.772  5.4  204.9  7.2  0.73  21.8  27.2
250220260629  0.771  5.4  205.9  7.2  0.63  17.5  27.2
250220260630  0.769  5.3  206.2  7.2  0.54  20.1  27.2
250220260631  0.766  5.2  207.4  7.2  0.64  23.4  27.2
250220260632  0.763  5.2  207.7  7.2  0.62  19.6  27.2
250220260633  0.761  5.1  207.2  7.2  0.66  20.0  27.2
250220260634  0.758  5.0  206.1  7.2  0.76  18.7  27.2
250220260635  0.755  4.9  205.3  6.4  0.54  19.5  27.2
250220260636  0.754  4.7  204.8  6.3  0.69  14.5  27.2
250220260637  0.752  4.5  204.8  6.3  0.78  16.0  27.2
250220260638  0.749  4.3  205.1  6.3  0.77  13.2  27.2
250220260639  0.747  4.1  205.2  5.8  0.78  9.3  27.2
250220260640  0.744  3.8  205.9  5.8  0.83  6.2  27.2
250220260641  0.741  3.6  206.8  5.8  0.76  7.4  27.2
250220260642  0.739  3.4  208.0  5.2  0.89  10.6  27.2
250220260643  0.736  3.2  212.4  4.9  0.73  4.6  27.2
250220260644  0.734  3.2  215.3  4.9  0.65  3.7  27.2
250220260645  0.732  3.1  219.9  4.9  0.64  3.0  27.2
250220260646  0.730  3.1  223.6  4.9  0.71  0.2  27.2
250220260647  0.728  3.2  226.1  4.9  0.59  358.4  27.2
250220260648  0.727  3.3  227.3  4.9  0.65  3.6  27.2
250220260649  0.726  3.4  229.5  4.9  0.78  0.9  27.2
250220260650  0.725  3.6  230.0  5.3  0.57  2.8  27.2
250220260651  0.724  3.8  228.2  5.6  0.65  0.5  27.2
250220260652  0.724  4.0  226.8  5.6  0.61  356.8  27.2
250220260653  0.722  4.1  225.4  6.0  0.76  1.0  27.2
250220260654  0.721  4.3  224.2  6.0  0.64  5.1  27.2
250220260655  0.719  4.4  222.8  6.0  0.60  9.8  27.2
250220260656  0.717  4.6  222.0  6.0  0.68  359.0  27.2
250220260657  0.715  4.7  221.9  6.0  0.68  0.4  27.2
250220260658  0.714  4.8  221.9  6.0  0.51  0.7  27.2
250220260659  0.710  4.9  221.6  6.0  0.69  2.0  27.2
250220260700  0.708  5.0  222.0  6.0  0.72  3.6  27.2
250220260701  0.705  4.9  222.2  6.0  0.72  7.8  27.2
250220260702  0.702  5.0  223.0  6.0  0.63  1.1  27.2
250220260703  0.700  4.9  223.6  5.9  0.74  6.0  27.2
250220260704  0.696  4.8  224.8  5.9  0.66  6.3  27.2
250220260705  0.692  4.8  225.8  5.9  0.65  0.7  27.2
250220260706  0.689  4.8  226.2  6.3  0.55  358.4  27.2
250220260707  0.686  4.8  226.4  6.3  0.63  1.3  27.2
250220260708  0.682  4.9  226.7  6.3  0.74  6.1  27.2
250220260709  0.680  4.9  227.3  6.3  0.61  4.5  27.2
250220260710  0.676  4.9  226.4  6.3  0.74  4.6  27.2
250220260711  0.672  4.7  225.9  6.3  0.68  5.7  27.2
250220260712  0.668  4.7  224.9  6.3  0.67  2.9  27.2
250220260713  0.664  4.6  224.7  6.3  0.61  0.4  27.2
250220260714  0.660  4.6  224.9  6.3  0.67  8.5  27.2
250220260715  0.655  4.6  223.7  6.3  0.71  8.4  27.2
250220260716  0.653  4.5  223.6  5.8  0.62  1.9  27.2
250220260717  0.649  4.4  223.1  5.8  0.72  8.6  27.2
250220260718  0.644  4.3  221.6  5.8  0.74  6.1  27.2
250220260719  0.639  4.2  219.6  5.5  0.76  9.7  27.2
250220260720  0.636  4.1  218.6  5.5  0.61  8.7  27.2
250220260721  0.630  4.2  218.4  5.5  0.75  7.9  27.2
250220260722  0.626  4.2  216.7  5.5  0.70  11.3  27.2
250220260723  0.622  4.3  214.3  6.2  0.73  8.6  27.2
250220260724  0.617  4.4  211.4  6.2  0.76  8.5  27.2
250220260725  0.613  4.5  210.4  6.2  0.79  8.2  27.3
250220260726  0.608  4.5  209.5  6.2  0.69  10.0  27.3
250220260727  0.605  4.6  207.8  6.2  0.69  7.6  27.3
250220260728  0.601  4.8  206.6  6.6  0.71  5.1  27.3
250220260729  0.599  4.9  204.9  6.6  0.91  11.5  27.3
250220260730  0.595  5.0  204.2  6.6  0.50  1.8  27.3
250220260731  0.592  5.1  202.8  6.6  0.71  10.6  27.3
250220260732  0.589  5.2  202.0  6.6  0.65  13.1  27.3
250220260733  0.586  5.3  202.8  7.1  0.89  3.5  27.3
250220260734  0.582  5.3  203.6  7.1  0.74  7.7  27.3
250220260735  0.580  5.4  203.6  7.1  0.84  10.9  27.3
250220260736  0.576  5.6  203.7  7.1  0.83  11.3  27.3
250220260737  0.574  5.6  203.9  7.1  0.79  6.6  27.3
250220260738  0.572  5.6  204.3  7.1  0.86  10.5  27.3
250220260739  0.572  5.5  205.0  7.1  0.76  8.1  27.3
250220260740  0.571  5.4  204.9  7.1  0.75  10.6  27.3
250220260741  0.569  5.3  204.7  7.1  0.77  5.6  27.3
250220260742  0.567  5.2  204.6  7.1  0.86  10.5  27.3
250220260743  0.565  5.0  203.7  7.1  0.79  10.6  27.3
250220260744  0.564  4.9  203.4  7.1  0.84  5.9  27.3
250220260745  0.563  4.9  204.0  7.1  0.80  7.4  27.3
250220260746  0.563  4.7  203.7  6.1  0.81  8.3  27.3
250220260747  0.560  4.7  204.6  6.1  0.66  5.3  27.3
250220260748  0.559  4.6  206.2  6.1  0.76  6.3  27.3
250220260749  0.557  4.7  206.3  6.4  0.77  9.7  27.3
250220260750  0.557  4.8  205.9  6.4  0.59  6.1  27.3
250220260751  0.556  4.8  206.4  6.4  0.60  1.4  27.3
250220260752  0.555  4.8  208.2  6.4  0.54  9.2  27.3
250220260753  0.553  4.8  210.3  6.4  0.62  5.5  27.3
250220260754  0.551  4.8  211.5  6.4  0.55  3.3  27.3
250220260755  0.548  4.8  210.6  6.4  0.65  0.5  27.3
250220260756  0.546  4.8  209.6  6.4  0.69  9.5  27.3
250220260757  0.545  4.8  208.0  6.8  0.72  2.5  27.3
250220260758  0.544  4.9  206.8  6.8  0.55  9.2  27.3
250220260759  0.542  5.0  208.0  6.8  0.68  1.8  27.3
250220260800  0.541  5.0  208.6  6.8  0.59  5.9  27.3
250220260801  0.540  4.9  208.6  6.8  0.55  3.7  27.3
250220260802  0.538  5.0  207.5  6.8  0.63  3.3  27.3
250220260803  0.536  5.0  205.5  6.8  0.56  1.4  27.3
250220260804  0.534  4.9  204.2  6.8  0.68  6.4  27.3
250220260805  0.532  4.9  203.6  6.8  0.59  2.2  27.3
250220260806  0.531  4.8  202.1  6.8  0.52  1.1  27.3
250220260807  0.530  4.5  200.7  6.8  0.69  5.7  27.3
250220260808  0.528  4.2  198.7  6.8  0.54  2.0  27.3
250220260809  0.527  3.8  194.0  6.8  0.63  2.4  27.3
250220260810  0.526  3.5  193.4  5.7  0.65  2.3  27.3
250220260811  0.524  3.4  193.5  5.7  0.64  1.4  27.3
250220260812  0.523  3.2  189.7  5.7  0.54  1.7  27.3
250220260813  0.522  3.1  188.4  5.7  0.65  3.3  27.4
250220260814  0.522  3.0  188.5  5.7  0.59  4.7  27.4
250220260815  0.521  2.7  189.3  4.6  0.63  3.3  27.4
250220260816  0.520  2.8  192.0  4.8  0.54  356.6  27.3
250220260817  0.520  2.9  196.0  4.9  0.58  3.6  27.4
250220260818  0.519  3.1  198.6  5.0  0.51  358.7  27.4
250220260819  0.520  3.3  201.3  5.0  0.69  3.8  27.4
250220260820  0.521  3.4  200.3  5.0  0.68  4.3  27.4
250220260821  0.520  3.6  201.0  5.0  0.63  3.1  27.4
250220260822  0.517  3.8  204.2  5.0  0.58  3.8  27.4
250220260823  0.516  3.9  205.4  5.0  0.55  360.0  27.4
250220260824  0.514  3.9  203.7  5.0  0.66  1.5  27.4
250220260825  0.513  3.9  203.0  5.0  0.49  0.9  27.4
250220260826  0.511  3.8  202.6  5.0  0.64  356.5  27.4
250220260827  0.509  3.6  200.1  5.0  0.63  5.2  27.4
250220260828  0.507  3.2  195.5  5.0  0.46  0.8  27.4
250220260829  0.506  3.0  189.2  4.8  0.63  2.9  27.4
250220260830  0.504  2.8  187.5  4.8  0.57  360.0  27.4
250220260831  0.504  2.8  185.6  5.0  0.62  5.0  27.4
250220260832  0.503  2.8  182.1  5.0  0.73  2.8  27.4
250220260833  0.503  2.7  177.7  5.0  0.63  1.7  27.4
250220260834  0.503  2.8  174.0  5.3  0.49  357.4  27.4
250220260835  0.502  2.8  169.7  5.3  0.63  3.6  27.4
250220260836  0.502  3.1  165.2  6.6  0.54  5.3  27.4
250220260837  0.501  3.4  165.8  6.6  0.58  357.3  27.4
250220260838  0.501  3.5  169.3  6.6  0.59  1.7  27.4
250220260839  0.500  3.7  174.1  6.6  0.62  1.2  27.4
250220260840  0.499  3.9  173.1  6.6  0.65  2.1  27.4
250220260841  0.499  3.9  168.7  6.6  0.61  3.2  27.4
250220260842  0.499  3.8  167.9  6.6  0.61  356.8  27.4
250220260843  0.499  4.1  169.1  6.6  0.40  10.3  27.4
250220260844  0.498  4.0  169.7  6.6  0.56  358.9  27.4
250220260845  0.497  3.9  170.3  6.6  0.49  3.0  27.4
250220260846  0.495  3.7  172.1  6.6  0.49  357.6  27.4
250220260847  0.494  3.8  169.5  7.0  0.51  5.9  27.4
250220260848  0.493  3.9  166.8  7.0  0.61  3.7  27.4
250220260849  0.493  4.0  163.3  7.0  0.56  6.6  27.4
250220260850  0.492  4.0  161.8  7.0  0.55  359.8  27.4
250220260851  0.491  4.0  161.5  7.0  0.58  3.7  27.4
250220260852  0.488  4.3  160.6  7.0  0.62  4.4  27.4
250220260853  0.488  4.2  158.2  7.0  0.65  2.6  27.4
250220260854  0.487  4.3  157.2  7.0  0.59  4.4  27.4
250220260855  0.486  4.3  156.5  7.0  0.63  355.7  27.4
250220260856  0.486  4.4  154.4  7.0  0.57  0.4  27.4
250220260857  0.486  4.2  154.0  6.5  0.59  3.4  27.4
250220260858  0.485  4.0  156.1  6.5  0.55  7.1  27.4
250220260859  0.482  3.9  155.6  6.5  0.68  9.8  27.4
250220260900  0.480  3.6  155.8  6.5  0.51  8.9  27.4
250220260901  0.479  3.6  158.6  6.5  0.49  2.0  27.5
250220260902  0.478  3.3  158.5  5.9  0.45  359.1  27.5
250220260903  0.478  3.4  160.2  5.9  0.63  4.7  27.5
250220260904  0.477  3.3  160.4  5.9  0.57  1.3  27.5
250220260905  0.476  3.1  158.2  5.9  0.62  2.0  27.5
250220260906  0.476  2.9  158.9  5.6  0.64  7.0  27.5
250220260907  0.476  3.0  161.3  5.6  0.54  357.0  27.5
250220260908  0.475  3.2  163.7  6.2  0.67  359.6  27.5
250220260909  0.474  3.4  168.8  7.0  0.52  5.7  27.5
250220260910  0.474  3.7  168.0  8.1  0.58  8.5  27.5
250220260911  0.473  3.8  166.5  8.1  0.59  5.5  27.5
250220260912  0.472  3.9  165.2  8.1  0.57  6.7  27.5
250220260913  0.471  4.1  164.9  8.1  0.61  1.0  27.5
250220260914  0.470  4.1  166.1  8.1  0.54  4.5  27.5
250220260915  0.469  4.3  167.0  8.1  0.54  0.2  27.5
250220260916  0.470  4.4  168.2  8.1  0.56  358.7  27.5
250220260917  0.471  4.5  168.2  8.1  0.58  2.9  27.5
250220260918  0.471  4.4  165.5  8.1  0.53  1.8  27.5
250220260919  0.471  4.3  161.8  8.1  0.55  359.7  27.5
250220260920  0.470  4.0  161.1  7.5  0.53  6.8  27.5
250220260921  0.471  3.8  156.1  7.5  0.56  4.2  27.5
250220260922  0.472  3.7  152.2  7.5  0.59  2.2  27.5
250220260923  0.472  3.4  148.7  7.5  0.56  3.8  27.5
250220260924  0.471  3.2  148.5  7.5  0.52  11.3  27.5
250220260925  0.471  3.0  148.3  7.5  0.40  5.0  27.5
250220260926  0.471  2.7  144.7  7.5  0.44  359.7  27.5
250220260927  0.471  2.4  141.3  7.1  0.53  1.8  27.5
250220260928  0.474  2.5  136.4  7.1  0.55  0.4  27.5
250220260929  0.475  2.5  129.7  6.8  0.62  3.9  27.5
250220260930  0.476  2.7  123.6  8.1  0.50  357.8  27.5
250220260931  0.476  2.8  123.9  8.1  0.57  1.2  27.5
250220260932  0.475  2.8  123.3  8.1  0.49  5.9  27.5
250220260933  0.475  3.1  121.5  8.1  0.57  357.7  27.5
250220260934  0.475  3.4  119.8  8.4  0.38  3.0  27.5
250220260935  0.474  3.8  120.9  8.4  0.51  0.9  27.5
250220260936  0.475  4.1  121.2  8.4  0.44  357.7  27.5
250220260937  0.476  4.3  119.1  8.4  0.46  2.7  27.5
250220260938  0.477  4.3  118.9  8.4  0.44  1.4  27.5
250220260939  0.477  4.2  118.4  8.4  0.45  3.3  27.5
250220260940  0.478  4.2  120.4  8.4  0.34  4.4  27.5
250220260941  0.476  4.3  120.0  8.4  0.35  358.1  27.5
250220260942  0.476  4.3  120.9  8.4  0.39  2.8  27.6
250220260943  0.477  4.2  121.5  8.4  0.43  6.4  27.6
250220260944  0.476  4.2  118.2  6.9  0.51  10.4  27.6
250220260945  0.478  4.2  117.3  6.9  0.35  9.7  27.6
250220260946  0.476  4.2  117.4  6.9  0.34  2.1  27.6
250220260947  0.477  4.2  115.8  6.9  0.38  2.2  27.6
250220260948  0.476  4.6  114.8  7.8  0.31  354.6  27.6
250220260949  0.476  4.6  116.9  7.8  0.38  357.6  27.6
250220260950  0.478  4.5  118.2  7.8  0.45  357.2  27.6
250220260951  0.477  4.4  119.2  7.8  0.34  352.4  27.6
250220260952  0.478  4.3  122.2  7.8  0.27  354.3  27.6
250220260953  0.478  4.3  123.8  7.8  0.40  2.5  27.6
250220260954  0.477  4.3  127.7  7.8  0.44  3.2  27.6
250220260955  0.478  4.3  129.0  7.8  0.38  356.2  27.6
250220260956  0.479  4.4  130.7  7.8  0.30  6.7  27.6
250220260957  0.479  4.6  132.1  7.8  0.47  0.7  27.6
250220260958  0.481  4.4  135.0  7.7  0.35  1.9  27.6
250220260959  nan  nan  nan  nan  0.26  354.0  27.6
