Southport
Station No. 100035 (tide) S16 (wind, current)
Date/Time ddmmyyyyHHMM
Water Level in m LAT
Wind Speed in Knots
Wind Direction in Degrees
Wind Gust in Knots
Barometric Pressure in hPa
Water Speed in Knots
Water Direction in Degrees
Data_last_updated 07-04-2026 10:10
310320261011  1.209  9.8  184.7  15.8  0.89  17.7  24.7
310320261012  1.201  9.3  184.5  15.8  0.88  12.1  24.7
310320261013  1.195  8.6  182.4  13.4  0.82  11.9  24.7
310320261014  1.188  8.2  183.0  13.0  0.93  13.7  24.7
310320261015  1.183  7.8  182.8  13.0  0.93  16.1  24.7
310320261016  1.177  7.3  180.5  13.0  0.84  15.7  24.7
310320261017  1.171  7.0  177.9  13.0  0.89  20.5  24.7
310320261018  1.164  6.5  178.1  11.3  0.96  17.9  24.7
310320261019  1.158  6.3  175.3  11.3  0.90  12.9  24.7
310320261020  1.151  6.3  174.9  10.8  0.90  16.5  24.7
310320261021  1.144  6.5  173.0  15.5  0.77  18.7  24.7
310320261022  1.138  6.7  171.7  15.5  0.95  16.0  24.7
310320261023  1.133  6.6  169.9  15.5  1.00  13.7  24.7
310320261024  1.126  6.8  170.3  15.5  0.91  15.0  24.7
310320261025  1.120  7.4  171.3  15.5  0.90  13.8  24.7
310320261026  1.113  8.1  173.5  15.5  0.81  19.9  24.7
310320261027  1.106  8.4  176.8  15.5  0.90  15.3  24.7
310320261028  1.099  8.8  177.1  15.5  0.95  12.5  24.7
310320261029  1.093  9.1  178.7  15.5  0.90  18.1  24.7
310320261030  1.088  9.1  178.3  15.5  0.92  13.3  24.7
310320261031  1.083  9.2  181.5  16.6  0.88  16.0  24.7
310320261032  1.076  9.6  184.2  16.6  0.95  13.6  24.7
310320261033  1.071  10.2  184.5  16.6  0.95  17.0  24.7
310320261034  1.066  10.4  186.6  16.6  0.91  17.4  24.7
310320261035  1.061  10.5  186.6  16.6  0.94  15.9  24.7
310320261036  1.055  10.8  187.9  16.7  0.89  18.1  24.7
310320261037  1.050  11.0  187.9  16.7  0.93  11.3  24.7
310320261038  1.045  11.4  189.4  16.7  0.85  19.6  24.7
310320261039  1.038  11.8  190.4  16.7  0.99  14.5  24.7
310320261040  1.035  12.0  189.9  16.7  0.85  17.5  24.7
310320261041  1.029  11.8  188.8  16.7  0.96  15.6  24.7
310320261042  1.024  11.7  188.5  16.7  0.78  16.8  24.7
310320261043  1.019  11.6  190.2  16.7  0.85  17.4  24.7
310320261044  1.014  11.9  189.3  16.7  0.95  15.2  24.7
310320261045  1.008  11.9  190.8  16.7  0.95  13.0  24.7
310320261046  1.002  11.6  190.0  16.0  0.81  15.3  24.7
310320261047  0.996  11.6  188.7  16.0  0.91  13.5  24.7
310320261048  0.991  11.0  187.1  16.0  0.93  16.5  24.7
310320261049  0.987  10.6  185.5  16.0  0.88  14.4  24.7
310320261050  0.982  10.3  185.7  16.0  0.93  13.5  24.7
310320261051  0.977  10.3  186.4  16.0  0.95  12.0  24.7
310320261052  0.971  9.9  185.8  16.0  0.92  15.8  24.7
310320261053  0.966  9.7  184.9  16.0  0.83  16.1  24.7
310320261054  0.961  9.3  185.5  14.3  0.97  13.7  24.7
310320261055  0.956  9.0  184.9  14.3  0.91  16.0  24.7
310320261056  0.953  9.0  185.6  14.3  0.82  12.9  24.7
310320261057  0.947  8.6  184.8  12.2  0.89  16.9  24.7
310320261058  0.944  8.6  185.3  12.2  0.86  18.0  24.7
310320261059  0.939  8.5  186.9  12.2  0.85  14.3  24.7
310320261100  0.933  8.6  186.0  12.2  0.92  16.6  24.7
310320261101  0.929  8.7  185.6  12.3  0.87  15.3  24.7
310320261102  0.923  9.2  185.2  14.2  1.02  16.1  24.7
310320261103  0.918  9.7  186.7  16.5  0.83  16.1  24.7
310320261104  0.911  10.1  186.4  16.5  0.87  15.7  24.7
310320261105  0.905  10.4  186.3  16.5  0.88  16.1  24.7
310320261106  0.899  10.1  185.5  16.5  0.87  18.9  24.7
310320261107  0.893  10.4  187.2  16.5  0.85  13.4  24.7
310320261108  0.887  10.9  187.6  16.5  0.84  17.4  24.7
310320261109  0.881  11.5  186.4  16.7  0.81  12.9  24.7
310320261110  0.876  11.5  187.0  16.7  0.88  15.7  24.7
310320261111  0.871  11.4  187.3  16.7  0.85  16.4  24.7
310320261112  0.866  11.1  188.4  16.7  0.85  13.6  24.7
310320261113  0.861  11.0  187.2  16.7  1.02  15.1  24.7
310320261114  0.855  10.8  186.8  16.7  0.98  13.9  24.7
310320261115  0.850  10.6  186.6  16.7  0.86  12.3  24.7
310320261116  0.845  11.1  187.4  16.7  0.75  10.7  24.7
310320261117  0.839  10.9  186.8  16.7  0.73  12.0  24.7
310320261118  0.836  10.4  187.9  16.7  0.91  9.1  24.7
310320261119  0.832  9.9  188.3  15.5  0.78  13.6  24.7
310320261120  0.828  10.1  188.2  15.5  0.96  13.4  24.7
310320261121  0.824  10.2  186.5  15.5  0.81  13.7  24.7
310320261122  0.820  10.0  186.1  15.5  0.85  15.9  24.7
310320261123  0.816  9.5  185.8  14.2  0.86  17.2  24.7
310320261124  0.811  9.2  184.4  14.2  0.85  18.1  24.7
310320261125  0.805  9.2  182.9  14.2  0.84  10.9  24.7
310320261126  0.800  9.2  182.4  14.2  0.96  13.9  24.7
310320261127  0.794  9.2  183.6  14.2  0.88  12.6  24.7
310320261128  0.789  9.4  183.6  14.2  0.84  12.0  24.7
310320261129  0.783  9.4  185.2  14.2  0.81  10.8  24.7
310320261130  0.776  9.0  186.0  14.2  0.95  12.5  24.7
310320261131  0.770  8.6  186.6  14.2  0.73  16.8  24.7
310320261132  0.764  8.7  186.2  14.2  0.88  14.3  24.7
310320261133  0.757  8.7  185.3  14.2  0.95  15.5  24.7
310320261134  0.752  8.7  187.2  14.2  0.90  10.7  24.7
310320261135  0.747  8.7  189.7  13.3  0.76  12.1  24.7
310320261136  0.743  8.4  190.2  12.1  0.96  11.6  24.7
310320261137  0.737  8.3  189.9  12.1  0.91  13.1  24.7
310320261138  0.730  8.0  189.5  11.8  0.94  13.9  24.8
310320261139  0.726  8.1  188.7  11.8  0.94  16.3  24.8
310320261140  0.721  8.2  188.5  11.8  1.02  12.5  24.8
310320261141  0.717  8.5  188.9  11.8  0.83  15.8  24.8
310320261142  0.712  8.7  189.6  12.0  0.90  12.2  24.8
310320261143  0.709  8.7  190.3  12.0  0.89  15.7  24.8
310320261144  0.703  8.7  189.7  12.0  0.92  12.3  24.8
310320261145  0.700  8.6  187.5  12.0  0.97  14.9  24.8
310320261146  0.696  8.6  187.6  12.0  0.95  13.6  24.8
310320261147  0.691  8.7  187.3  12.0  0.96  13.0  24.8
310320261148  0.686  8.9  187.1  12.0  0.95  13.6  24.8
310320261149  0.683  8.9  187.5  12.0  0.95  15.1  24.8
310320261150  0.678  9.2  188.0  12.0  0.97  11.0  24.8
310320261151  0.674  9.3  188.7  12.0  0.87  15.5  24.8
310320261152  0.669  9.2  188.4  13.1  0.86  15.4  24.8
310320261153  0.662  9.5  189.9  13.1  0.88  16.5  24.8
310320261154  0.657  9.7  190.2  13.1  0.94  14.4  24.8
310320261155  0.651  9.9  191.4  13.6  0.81  14.8  24.8
310320261156  0.647  10.1  192.7  13.6  0.91  13.3  24.8
310320261157  0.643  10.1  193.4  13.6  0.88  12.0  24.8
310320261158  0.639  10.2  193.6  13.6  0.90  14.0  24.8
310320261159  0.633  10.1  193.5  13.6  0.90  15.2  24.8
310320261200  0.628  10.1  193.1  13.6  1.00  13.8  24.8
310320261201  0.624  10.4  193.4  13.8  0.97  12.0  24.8
310320261202  0.619  10.6  194.5  13.8  0.88  12.2  24.8
310320261203  0.612  10.5  194.7  13.8  1.01  11.3  24.8
310320261204  0.606  10.8  196.0  14.9  1.00  16.9  24.8
310320261205  0.601  10.8  196.8  14.9  1.07  14.5  24.8
310320261206  0.596  10.7  195.6  14.9  0.89  14.6  24.8
310320261207  0.591  10.7  196.5  14.9  1.00  15.0  24.8
310320261208  0.586  10.9  196.8  15.5  1.07  14.5  24.8
310320261209  0.581  11.1  196.6  15.5  0.95  13.5  24.8
310320261210  0.578  11.0  196.8  15.5  0.93  13.5  24.8
310320261211  0.575  10.6  196.7  15.5  0.90  14.9  24.8
310320261212  0.570  10.4  196.5  15.5  1.08  13.7  24.8
310320261213  0.566  10.5  196.9  15.5  1.02  9.9  24.8
310320261214  0.564  10.6  195.8  15.8  1.07  13.6  24.8
310320261215  0.563  10.5  196.4  15.8  0.94  13.2  24.8
310320261216  0.560  10.6  196.6  15.8  0.89  13.9  24.8
310320261217  0.558  10.8  195.2  15.8  0.95  13.3  24.8
310320261218  0.555  10.9  194.9  16.6  0.96  13.4  24.8
310320261219  0.551  10.9  194.8  16.6  0.94  14.8  24.8
310320261220  0.548  11.1  194.4  16.6  0.88  13.9  24.8
310320261221  0.544  11.6  194.6  16.6  0.91  13.3  24.8
310320261222  0.539  12.0  194.2  16.6  1.02  14.9  24.8
310320261223  0.535  12.1  192.3  16.6  0.92  13.0  24.8
310320261224  0.531  12.1  191.2  16.6  0.87  15.8  24.8
310320261225  0.527  12.2  190.1  16.6  0.93  15.4  24.9
310320261226  0.522  12.4  190.8  16.6  0.85  12.5  24.9
310320261227  0.517  12.5  192.1  16.6  0.91  14.3  24.9
310320261228  0.511  12.7  192.8  17.3  0.94  16.5  24.9
310320261229  0.506  12.9  194.2  17.3  1.00  11.3  24.9
310320261230  0.502  13.0  195.1  17.3  0.85  13.9  24.9
310320261231  0.498  12.8  194.2  17.3  0.91  15.4  24.9
310320261232  0.495  12.7  192.7  17.3  1.08  15.8  24.9
310320261233  0.491  12.2  193.5  17.3  0.84  16.4  24.9
310320261234  0.487  12.1  194.6  17.3  0.83  13.4  24.9
310320261235  0.485  12.2  194.3  18.2  0.96  13.2  24.9
310320261236  0.482  12.0  192.9  18.2  0.92  15.7  24.9
310320261237  0.480  11.8  190.8  18.2  0.86  14.5  24.9
310320261238  0.477  11.4  189.4  18.2  1.01  12.3  24.9
310320261239  0.475  11.3  187.3  18.2  0.97  10.3  24.9
310320261240  0.472  11.4  186.3  18.2  0.93  14.6  24.9
310320261241  0.471  11.2  186.3  18.2  0.99  16.5  24.9
310320261242  0.468  11.0  186.7  18.2  0.89  13.9  24.9
310320261243  0.466  10.9  187.1  18.2  0.79  15.5  24.9
310320261244  0.463  10.9  186.5  18.2  0.88  14.4  24.9
310320261245  0.460  10.7  187.6  15.7  0.84  14.8  24.9
310320261246  0.458  10.7  189.1  15.7  0.76  12.6  24.9
310320261247  0.455  10.5  189.7  15.7  0.88  13.2  24.9
310320261248  0.454  10.5  190.5  15.7  0.88  16.6  24.9
310320261249  0.451  10.3  190.9  15.7  0.82  14.6  24.9
310320261250  0.449  10.3  191.3  14.2  0.77  16.1  24.9
310320261251  0.445  10.3  191.6  14.2  0.71  12.7  24.9
310320261252  0.443  10.5  193.3  14.3  0.84  17.8  24.9
310320261253  0.441  10.9  192.6  16.8  0.73  15.1  24.9
310320261254  0.437  10.9  191.7  16.8  0.90  14.1  24.9
310320261255  0.435  10.6  190.7  16.8  0.80  14.0  24.9
310320261256  0.430  10.7  191.3  16.8  0.67  15.0  24.9
310320261257  0.427  11.1  192.2  16.8  0.82  15.0  24.9
310320261258  0.424  11.3  193.0  16.8  0.84  13.8  24.9
310320261259  0.421  11.4  194.1  16.8  0.91  15.4  24.9
310320261300  0.419  11.5  195.0  16.8  0.90  15.6  24.9
310320261301  0.416  11.7  196.5  16.8  0.81  13.7  24.9
310320261302  0.414  12.0  196.1  16.8  0.78  15.9  24.9
310320261303  0.412  12.0  197.7  16.7  0.74  11.8  24.9
310320261304  0.410  12.2  199.7  16.7  0.90  17.6  24.9
310320261305  0.407  12.7  200.1  16.7  0.78  17.3  24.9
310320261306  0.406  12.8  199.7  16.7  0.81  12.5  24.9
310320261307  0.403  12.7  200.0  16.7  0.89  15.9  24.9
310320261308  0.403  12.8  199.1  16.7  0.93  14.8  25.0
310320261309  0.402  13.0  197.3  16.7  0.82  19.3  25.0
310320261310  0.401  12.6  195.5  16.7  0.84  13.8  25.0
310320261311  0.401  12.5  193.9  16.7  0.69  18.0  25.0
310320261312  0.400  12.3  192.2  16.8  0.79  14.5  25.0
310320261313  0.399  12.5  190.3  17.5  0.80  17.0  25.0
310320261314  0.399  12.9  187.6  17.5  0.73  12.1  25.0
310320261315  0.397  12.8  185.6  17.5  0.72  13.6  25.0
310320261316  0.397  12.5  184.0  17.5  0.73  18.9  25.0
310320261317  0.396  12.3  182.9  17.5  0.65  16.5  25.0
310320261318  0.394  11.5  182.1  17.5  0.76  16.5  25.0
310320261319  0.392  10.7  181.3  17.5  0.71  16.0  25.0
310320261320  0.391  10.0  179.6  17.5  0.83  14.8  25.0
310320261321  0.389  9.5  177.5  17.5  0.73  14.9  25.0
310320261322  0.386  9.0  176.7  17.5  0.80  18.5  25.0
310320261323  0.386  8.4  172.1  17.0  0.69  15.5  25.0
310320261324  0.384  7.6  167.8  15.6  0.80  16.6  25.0
310320261325  0.381  7.0  164.6  14.1  0.81  17.3  25.0
310320261326  0.380  6.7  162.7  14.1  0.71  19.3  25.0
310320261327  0.378  6.3  159.6  14.1  0.84  19.5  25.0
310320261328  0.376  6.3  158.1  14.1  0.74  16.9  25.0
310320261329  0.374  6.4  155.2  14.1  0.72  16.2  25.0
310320261330  0.372  6.4  158.2  14.1  0.71  16.9  25.0
310320261331  0.372  6.4  158.2  12.5  0.71  12.3  25.0
310320261332  0.370  6.2  156.1  12.5  0.80  14.7  25.0
310320261333  0.368  5.8  157.1  12.5  0.74  18.6  25.0
310320261334  0.367  5.3  158.3  9.3  0.75  22.0  25.0
310320261335  0.366  5.4  160.6  10.5  0.72  20.2  25.0
310320261336  0.366  5.6  160.1  11.5  0.79  19.3  25.0
310320261337  0.364  5.8  160.5  11.5  0.68  20.2  25.0
310320261338  0.364  6.2  164.1  12.9  0.81  18.3  25.0
310320261339  0.363  6.6  168.8  12.9  0.71  19.3  25.0
310320261340  0.364  7.2  170.6  14.8  0.63  14.2  25.0
310320261341  0.364  7.4  173.5  14.8  0.76  19.0  25.0
310320261342  0.365  7.7  176.1  14.8  0.65  21.4  25.0
310320261343  0.364  7.7  177.4  14.8  0.68  22.7  25.0
310320261344  0.364  7.6  178.8  14.8  0.67  15.7  25.0
310320261345  0.365  7.2  178.4  14.8  0.70  17.7  25.0
310320261346  0.365  7.1  179.2  14.8  0.70  18.9  25.0
310320261347  0.365  7.1  179.6  14.8  0.77  14.6  25.0
310320261348  0.365  6.8  177.7  14.8  0.67  18.0  25.0
310320261349  0.365  6.4  178.2  14.8  0.58  15.8  25.0
310320261350  0.365  6.1  176.6  13.0  0.60  21.0  25.0
310320261351  0.364  6.0  173.6  13.0  0.62  22.6  25.1
310320261352  0.363  6.0  171.4  13.0  0.60  21.5  25.1
310320261353  0.362  5.9  170.4  13.0  0.61  20.1  25.1
310320261354  0.361  6.1  169.7  13.0  0.51  24.2  25.1
310320261355  0.361  6.7  168.9  13.6  0.55  19.6  25.1
310320261356  0.363  6.6  168.9  13.6  0.47  20.8  25.1
310320261357  0.363  6.3  169.0  13.6  0.60  20.6  25.1
310320261358  0.364  6.3  169.1  13.6  0.57  21.5  25.1
310320261359  0.366  6.4  167.9  13.6  0.64  18.9  25.1
310320261400  0.367  6.2  166.1  13.6  0.56  19.4  25.1
310320261401  0.368  6.2  164.2  13.6  0.56  20.5  25.1
310320261402  0.369  6.2  165.1  13.6  0.53  24.9  25.1
310320261403  0.370  6.4  166.2  13.6  0.71  16.9  25.1
310320261404  0.371  6.4  166.7  13.6  0.57  25.0  25.1
310320261405  0.372  6.0  170.0  11.7  0.43  20.1  25.1
310320261406  0.374  6.0  171.6  11.7  0.51  24.7  25.1
310320261407  0.376  6.0  170.5  11.7  0.49  27.9  25.1
310320261408  0.376  5.4  168.8  11.7  0.53  29.6  25.1
310320261409  0.377  4.7  167.4  11.7  0.49  24.7  25.1
310320261410  0.378  4.6  168.5  11.7  0.43  27.6  25.1
310320261411  0.380  4.6  176.2  10.4  0.40  22.3  25.1
310320261412  0.382  4.7  177.3  10.4  0.51  22.9  25.1
310320261413  0.384  5.1  180.8  12.0  0.41  34.9  25.1
310320261414  0.387  5.5  183.0  12.9  0.48  22.6  25.1
310320261415  0.388  5.5  182.2  12.9  0.50  25.0  25.1
310320261416  0.391  5.4  182.6  12.9  0.40  31.9  25.1
310320261417  0.394  5.5  181.9  12.9  0.51  22.8  25.1
310320261418  0.395  5.8  183.3  12.9  0.42  12.1  25.1
310320261419  0.398  6.6  186.0  12.9  0.49  15.7  25.1
310320261420  0.400  7.1  187.9  12.9  0.50  13.8  25.1
310320261421  0.403  6.8  186.9  12.9  0.61  11.5  25.1
310320261422  0.406  6.7  186.5  12.9  0.36  5.1  25.1
310320261423  0.408  6.1  181.9  12.9  0.39  2.9  25.1
310320261424  0.411  5.4  180.9  11.3  0.43  358.0  25.1
310320261425  0.415  5.5  179.9  11.3  0.50  353.3  25.1
310320261426  0.419  5.1  173.9  11.3  0.36  356.9  25.1
310320261427  0.422  5.1  173.6  11.3  0.39  0.6  25.1
310320261428  0.425  5.8  172.5  12.1  0.38  352.0  25.1
310320261429  0.428  5.8  171.7  12.1  0.44  1.1  25.1
310320261430  0.431  5.9  171.0  12.1  0.43  350.6  25.1
310320261431  0.436  6.1  167.5  12.1  0.27  343.8  25.1
310320261432  0.439  6.1  166.6  12.1  0.32  350.8  25.1
310320261433  0.443  6.2  168.4  12.1  0.35  359.3  25.1
310320261434  0.447  6.5  169.6  12.1  0.38  356.0  25.1
310320261435  0.449  6.5  171.3  12.1  0.29  358.2  25.1
310320261436  0.451  6.8  175.0  12.1  0.19  348.6  25.1
310320261437  0.453  6.6  176.4  12.1  0.43  355.6  25.1
310320261438  0.457  5.7  175.0  10.2  0.39  352.6  25.1
310320261439  0.461  5.0  172.2  10.2  0.32  350.6  25.1
310320261440  0.463  4.7  170.6  10.2  0.31  352.5  25.1
310320261441  0.469  4.6  176.6  10.2  0.26  352.0  25.1
310320261442  0.473  4.7  179.0  10.2  0.26  348.7  25.1
310320261443  0.478  4.6  181.6  10.2  0.29  348.4  25.1
310320261444  0.481  4.5  182.5  9.8  0.27  341.6  25.1
310320261445  0.486  4.3  179.7  9.8  0.39  0.4  25.1
310320261446  0.489  4.5  176.3  9.8  0.19  345.9  25.1
310320261447  0.493  4.8  174.5  9.8  0.30  5.1  25.1
310320261448  0.499  5.1  176.3  9.8  0.23  356.6  25.1
310320261449  0.502  5.5  177.7  9.8  0.20  348.7  25.1
310320261450  0.506  5.5  177.3  9.7  0.16  351.3  25.1
310320261451  0.510  5.1  172.6  9.7  0.29  353.9  25.1
310320261452  0.513  5.0  171.0  9.7  0.26  347.1  25.1
310320261453  0.517  5.0  168.9  9.7  0.19  352.9  25.1
310320261454  0.520  5.5  169.1  16.2  0.31  357.0  25.1
310320261455  0.523  5.8  171.3  16.2  0.09  310.3  25.1
310320261456  0.527  6.0  174.3  16.2  0.21  346.6  25.1
310320261457  0.531  6.1  175.5  16.2  0.14  329.0  25.1
310320261458  0.536  6.3  177.3  16.2  0.10  323.5  25.1
310320261459  0.539  6.6  178.2  16.2  0.26  356.0  25.1
310320261500  0.542  6.7  179.7  16.2  0.16  349.1  25.1
310320261501  0.546  7.1  182.0  16.2  0.12  350.7  25.1
310320261502  0.549  7.2  181.8  16.2  0.09  327.6  25.1
310320261503  0.552  7.3  182.9  16.2  0.09  344.5  25.1
310320261504  0.556  6.9  183.6  11.2  0.06  298.4  25.1
310320261505  0.559  6.9  183.8  11.9  0.08  10.0  25.2
310320261506  0.563  6.9  184.2  11.9  0.15  5.4  25.1
310320261507  0.569  7.5  185.7  14.7  0.08  348.7  25.2
310320261508  0.572  7.8  186.1  14.7  0.06  315.8  25.2
310320261509  0.575  7.7  185.1  14.7  0.04  307.8  25.2
310320261510  0.577  7.6  184.4  14.7  0.08  158.6  25.2
310320261511  0.580  7.6  183.8  14.7  0.04  140.9  25.2
310320261512  0.583  7.5  185.0  14.7  0.04  105.7  25.2
310320261513  0.586  7.7  186.2  14.7  0.03  33.2  25.2
310320261514  0.591  7.9  187.2  14.7  0.07  119.9  25.2
310320261515  0.594  7.8  185.8  14.7  0.04  183.7  25.2
310320261516  0.599  7.6  183.6  14.7  0.03  131.6  25.2
310320261517  0.602  7.0  180.8  13.0  0.05  110.5  25.2
310320261518  0.605  6.4  178.9  11.9  0.08  170.7  25.2
310320261519  0.608  6.7  179.6  12.2  0.15  166.7  25.2
310320261520  0.612  6.9  179.8  12.2  0.18  171.2  25.2
310320261521  0.616  7.1  180.1  12.9  0.21  188.9  25.2
310320261522  0.621  7.1  176.9  12.9  0.15  195.9  25.2
310320261523  0.627  7.0  174.0  12.9  0.16  174.1  25.2
310320261524  0.631  6.8  171.4  12.9  0.20  178.5  25.1
310320261525  0.635  6.9  173.0  13.3  0.18  177.0  25.1
310320261526  0.639  7.0  175.2  13.3  0.10  190.0  25.1
310320261527  0.643  7.0  176.8  13.3  0.21  198.5  25.1
310320261528  0.648  7.0  177.1  13.3  0.22  180.1  25.1
310320261529  0.654  6.9  176.6  13.3  0.28  171.9  25.1
310320261530  0.658  6.9  176.7  13.3  0.34  174.1  25.1
310320261531  0.662  7.0  177.1  13.3  0.23  170.5  25.1
310320261532  0.666  7.6  181.0  13.3  0.24  172.9  25.1
310320261533  0.669  8.1  183.1  13.3  0.34  176.6  25.1
310320261534  0.673  8.0  183.1  13.3  0.37  183.1  25.1
310320261535  0.676  7.8  182.6  12.4  0.26  172.0  25.1
310320261536  0.681  7.7  184.0  12.4  0.28  177.6  25.1
310320261537  0.685  8.0  184.7  12.4  0.23  173.7  25.1
310320261538  0.689  8.2  186.1  12.4  0.14  166.9  25.1
310320261539  0.694  8.2  185.3  12.4  0.22  157.0  25.1
310320261540  0.698  7.8  184.8  12.4  0.17  174.9  25.1
310320261541  0.703  7.2  182.6  12.4  0.29  170.9  25.1
310320261542  0.710  6.8  181.9  12.4  0.14  177.6  25.1
310320261543  0.714  6.4  181.6  11.2  0.41  184.3  25.1
310320261544  0.721  6.5  182.7  11.2  0.40  188.3  25.1
310320261545  0.725  6.6  184.4  11.2  0.31  180.5  25.1
310320261546  0.729  6.4  183.3  11.2  0.35  185.6  25.1
310320261547  0.735  6.0  180.6  11.2  0.36  185.0  25.1
310320261548  0.740  5.8  177.9  11.2  0.38  185.0  25.1
310320261549  0.743  5.8  180.0  9.0  0.34  185.7  25.1
310320261550  0.749  5.9  180.5  9.0  0.39  190.0  25.1
310320261551  0.754  5.9  182.4  9.0  0.39  195.4  25.1
310320261552  0.760  5.9  182.4  9.0  0.31  186.4  25.1
310320261553  0.767  6.0  183.4  9.0  0.38  188.8  25.1
310320261554  0.773  6.0  183.7  9.3  0.31  185.0  25.1
310320261555  0.777  6.3  182.9  13.0  0.46  189.5  25.1
310320261556  0.783  6.3  182.1  13.0  0.42  192.4  25.1
310320261557  0.789  6.7  183.7  13.0  0.42  181.8  25.1
310320261558  0.794  6.9  184.5  13.0  0.42  199.5  25.1
310320261559  0.800  6.8  184.1  13.0  0.45  193.7  25.1
310320261600  0.805  6.9  183.5  13.0  0.38  180.5  25.1
310320261601  0.810  7.2  183.1  13.0  0.50  194.2  25.1
310320261602  0.814  7.2  183.7  13.0  0.49  187.7  25.1
310320261603  0.819  7.1  182.7  13.0  0.43  193.1  25.1
310320261604  0.826  7.1  183.0  13.0  0.48  193.0  25.1
310320261605  0.830  6.8  182.5  11.4  0.51  188.3  25.1
310320261606  0.836  6.8  184.0  11.4  0.50  189.1  25.1
310320261607  0.839  6.4  184.8  11.4  0.69  186.8  25.1
310320261608  0.844  6.2  184.4  11.4  0.63  182.9  25.1
310320261609  0.849  6.2  184.3  11.4  0.52  179.6  25.0
310320261610  0.853  6.1  186.3  9.2  0.47  177.8  25.0
310320261611  0.858  5.9  187.3  9.2  0.50  178.8  25.0
310320261612  0.862  5.8  186.6  9.2  0.46  175.3  25.0
310320261613  0.869  5.8  186.6  9.2  0.50  171.4  25.0
310320261614  0.874  5.9  185.3  9.5  0.56  178.2  25.0
310320261615  0.879  5.9  185.6  9.5  0.54  183.4  25.0
310320261616  0.883  5.8  185.2  9.5  0.65  182.4  25.0
310320261617  0.888  5.7  185.9  9.5  0.61  179.5  25.0
310320261618  0.894  5.9  186.6  9.5  0.62  178.8  25.0
310320261619  0.899  5.7  184.5  9.5  0.54  173.3  25.0
310320261620  0.905  5.5  184.1  9.5  0.49  176.7  25.0
310320261621  0.908  5.9  185.3  9.5  0.58  174.4  25.0
310320261622  0.913  6.2  185.9  9.5  0.60  183.1  25.0
310320261623  0.917  6.2  185.6  9.5  0.64  176.7  25.0
310320261624  0.921  6.1  186.7  9.5  0.60  173.1  25.0
310320261625  0.925  6.3  188.2  9.5  0.60  177.3  25.0
310320261626  0.929  6.6  187.9  9.5  0.66  176.5  25.0
310320261627  0.934  6.6  186.3  9.5  0.64  179.8  25.0
310320261628  0.938  6.4  185.9  9.5  0.51  174.5  25.0
310320261629  0.941  6.6  188.9  9.5  0.65  175.3  25.0
310320261630  0.945  6.9  189.5  13.7  0.71  176.0  25.0
310320261631  0.951  7.1  189.3  14.4  0.52  177.1  25.0
310320261632  0.955  7.2  188.7  14.4  0.73  173.9  25.0
310320261633  0.958  7.2  187.8  14.4  0.75  173.6  25.0
310320261634  0.961  7.4  187.0  14.4  0.72  174.2  25.0
310320261635  0.966  7.5  186.2  14.4  0.70  172.8  25.0
310320261636  0.968  7.4  186.7  14.4  0.68  173.7  25.0
310320261637  0.972  7.6  187.2  14.4  0.78  178.6  25.0
310320261638  0.976  7.8  187.6  14.4  0.82  180.8  25.0
310320261639  0.980  8.0  187.6  14.4  0.76  178.9  25.0
310320261640  0.983  8.1  187.5  14.4  0.71  179.2  25.0
310320261641  0.987  8.1  186.9  12.7  0.83  184.1  25.0
310320261642  0.990  8.2  186.6  12.7  0.82  182.7  25.0
310320261643  0.994  8.3  187.9  12.7  0.78  180.6  25.0
310320261644  0.998  8.5  188.2  13.0  0.80  179.8  25.0
310320261645  1.001  8.8  189.1  13.0  0.72  179.4  25.0
310320261646  1.005  9.1  189.7  13.0  0.56  184.1  25.0
310320261647  1.011  9.1  190.2  13.0  0.72  185.4  25.0
310320261648  1.016  9.3  189.9  13.0  0.73  183.8  25.0
310320261649  1.021  9.2  188.8  13.0  0.70  180.2  25.0
310320261650  1.026  9.1  188.0  13.0  0.89  179.6  25.0
310320261651  1.030  9.0  188.0  13.0  0.72  177.5  25.0
310320261652  1.035  8.9  189.1  13.0  0.73  184.2  25.0
310320261653  1.039  9.1  190.5  14.5  0.79  183.6  25.0
310320261654  1.044  9.1  191.2  14.5  0.85  181.3  25.0
310320261655  1.048  8.9  190.5  14.5  0.75  178.6  25.0
310320261656  1.053  8.8  191.4  14.5  0.77  180.1  25.0
310320261657  1.058  9.2  191.5  14.5  0.71  175.8  25.0
310320261658  1.062  9.3  191.3  14.5  0.81  179.6  25.0
310320261659  1.069  9.4  191.2  14.5  0.85  179.6  25.0
310320261700  1.074  9.6  191.7  14.5  0.81  181.4  25.0
310320261701  1.079  9.8  192.4  14.5  0.89  181.2  25.0
310320261702  1.085  9.9  192.6  14.5  0.84  180.0  25.0
310320261703  1.090  9.7  192.3  13.8  0.82  181.6  25.0
310320261704  1.095  9.8  193.2  13.8  0.90  180.6  25.0
310320261705  1.102  9.9  193.8  13.8  1.00  181.6  25.0
310320261706  1.107  10.2  193.1  15.9  0.84  182.2  25.0
310320261707  1.114  10.1  193.9  15.9  0.83  179.2  25.0
310320261708  1.119  10.1  194.6  15.9  0.82  179.0  25.0
310320261709  1.125  10.1  195.1  15.9  0.87  177.4  25.0
310320261710  1.130  10.2  195.4  15.9  0.76  176.4  25.0
310320261711  1.135  10.1  195.8  15.9  0.77  178.7  25.0
310320261712  1.141  10.2  195.4  15.9  0.92  183.2  25.0
310320261713  1.147  10.3  194.9  15.9  0.97  179.0  25.0
310320261714  1.152  10.3  195.1  16.2  0.84  181.9  25.0
310320261715  1.158  10.3  194.4  16.2  0.91  181.9  25.0
310320261716  1.164  9.9  194.0  16.2  0.92  182.7  25.0
310320261717  1.168  9.6  193.2  16.2  0.82  182.3  25.0
310320261718  1.173  9.5  194.3  16.2  0.81  182.6  25.0
310320261719  1.177  9.7  195.8  16.2  0.82  183.9  25.0
310320261720  1.182  9.7  195.8  16.2  0.82  178.1  25.0
310320261721  1.187  9.9  195.5  16.2  0.80  184.3  25.0
310320261722  1.192  9.9  194.4  16.2  0.88  180.3  25.0
310320261723  1.197  9.9  193.9  16.2  0.93  182.4  25.0
310320261724  1.201  9.9  192.8  13.9  0.95  183.9  25.0
310320261725  1.205  9.9  193.8  13.9  0.91  179.4  25.0
310320261726  1.210  10.2  194.6  13.9  0.91  181.7  25.0
310320261727  1.214  10.2  195.1  13.9  0.89  187.4  25.0
310320261728  1.218  10.3  194.5  13.9  0.75  179.5  25.0
310320261729  1.223  10.1  193.2  13.9  0.82  185.9  25.0
310320261730  1.228  9.9  193.3  13.9  0.93  186.5  25.0
310320261731  1.232  9.7  193.2  13.9  0.84  184.5  25.0
310320261732  1.239  9.5  195.0  13.4  0.84  183.9  25.0
310320261733  1.244  9.5  195.7  13.4  0.80  184.6  25.0
310320261734  1.249  9.3  194.9  12.4  0.82  183.4  25.0
310320261735  1.254  9.1  193.7  12.4  0.80  181.4  25.0
310320261736  1.259  9.0  193.0  12.4  0.89  185.9  25.0
310320261737  1.263  9.0  192.1  12.8  0.84  183.6  25.0
310320261738  1.267  8.8  192.3  12.8  0.88  182.7  25.0
310320261739  1.272  8.7  193.7  12.8  0.93  187.4  25.0
310320261740  1.278  8.9  194.8  12.8  0.87  183.2  25.0
310320261741  1.283  8.7  195.0  12.8  0.76  186.2  25.0
310320261742  1.289  8.6  194.8  12.8  0.85  183.8  25.0
310320261743  1.294  8.4  194.4  12.8  0.96  183.5  25.0
310320261744  1.298  8.2  194.7  12.8  0.82  183.4  25.0
310320261745  1.303  7.9  194.7  12.8  0.79  180.7  25.0
310320261746  1.307  7.9  193.8  12.8  0.83  182.1  25.0
310320261747  1.312  7.5  192.9  11.6  0.81  183.1  25.0
310320261748  1.316  7.4  191.9  11.6  0.87  179.8  24.9
310320261749  1.321  7.2  189.0  11.6  0.76  184.5  24.9
310320261750  1.325  7.3  185.7  12.4  0.75  182.1  24.9
310320261751  1.328  7.3  184.9  12.4  0.76  182.7  24.9
310320261752  1.332  7.1  183.3  12.4  0.92  185.0  24.9
310320261753  1.336  6.9  182.7  12.4  0.78  180.8  24.9
310320261754  1.340  6.6  181.5  12.4  0.82  178.6  24.9
310320261755  1.344  6.5  180.0  12.4  0.82  182.8  24.9
310320261756  1.349  6.0  180.4  12.4  0.84  181.3  24.9
310320261757  1.352  6.1  180.4  12.4  0.81  184.9  24.9
310320261758  1.356  6.2  179.3  14.8  0.79  176.9  24.9
310320261759  1.361  6.5  181.3  15.2  0.72  179.8  24.9
310320261800  1.364  6.2  184.0  15.2  0.78  184.0  24.9
310320261801  1.367  6.6  186.5  15.2  0.74  181.5  24.9
310320261802  1.369  7.3  185.7  18.2  0.83  182.5  24.9
310320261803  1.372  7.5  183.4  18.2  0.74  181.0  24.9
310320261804  1.376  7.8  185.0  18.2  0.71  181.5  24.9
310320261805  1.379  8.3  187.3  18.2  0.74  182.0  24.9
310320261806  1.382  8.9  188.1  18.2  0.75  182.5  24.9
310320261807  1.386  9.6  188.8  18.2  0.78  183.2  24.9
310320261808  1.388  9.9  190.1  18.2  0.84  183.3  24.9
310320261809  1.392  9.8  189.1  18.2  0.64  184.7  24.9
310320261810  1.394  9.8  187.4  18.2  0.71  180.5  24.9
310320261811  1.399  9.7  184.9  18.2  0.77  177.4  24.9
310320261812  1.401  9.2  185.2  16.9  0.72  178.5  24.9
310320261813  1.405  9.3  187.2  16.9  0.73  179.8  24.9
310320261814  1.410  9.3  187.0  16.9  0.61  178.8  24.9
310320261815  1.411  9.2  185.8  16.9  0.74  180.0  24.9
310320261816  1.414  9.0  183.8  16.9  0.72  176.6  24.9
310320261817  1.416  8.3  183.8  12.5  0.79  184.3  24.9
310320261818  1.419  7.8  183.6  12.5  0.66  178.3  24.9
310320261819  1.422  7.5  185.6  12.5  0.76  183.1  24.9
310320261820  1.425  7.4  186.7  12.5  0.63  173.0  24.9
310320261821  1.428  7.0  189.4  11.9  0.65  177.0  24.9
310320261822  1.431  6.9  191.7  11.9  0.78  178.1  24.9
310320261823  1.434  6.8  193.5  10.7  0.84  175.1  24.9
310320261824  1.437  6.9  194.6  10.7  0.67  169.6  24.9
310320261825  1.439  6.8  197.4  9.5  0.61  177.3  24.9
310320261826  1.442  6.9  200.0  9.8  0.65  178.4  24.9
310320261827  1.445  7.3  201.2  10.5  0.74  178.9  24.9
310320261828  1.447  7.6  202.0  12.4  0.69  180.5  24.9
310320261829  1.449  7.9  201.7  12.4  0.76  180.4  24.9
310320261830  1.452  8.2  202.5  12.4  0.67  182.3  24.9
310320261831  1.455  8.3  202.2  12.4  0.77  179.1  24.9
310320261832  1.458  8.5  203.0  12.4  0.72  174.9  24.9
310320261833  1.461  8.6  203.3  12.4  0.70  179.5  24.9
310320261834  1.464  8.8  204.2  12.4  0.73  178.8  24.9
310320261835  1.466  8.8  204.1  12.4  0.61  176.1  24.9
310320261836  1.468  8.8  204.1  12.4  0.60  179.2  24.9
310320261837  1.469  8.7  204.7  12.4  0.69  179.3  24.9
310320261838  1.473  8.6  204.5  10.8  0.68  176.4  24.9
310320261839  1.475  8.5  204.8  10.8  0.65  176.7  24.9
310320261840  1.478  8.4  205.4  10.6  0.62  174.5  24.9
310320261841  1.481  8.3  205.4  10.6  0.59  170.0  24.9
310320261842  1.483  8.2  204.6  10.6  0.57  176.4  24.9
310320261843  1.485  8.0  205.1  10.6  0.70  176.6  24.9
310320261844  1.487  7.8  203.8  10.4  0.82  176.5  24.9
310320261845  1.490  7.8  202.7  10.4  0.70  169.5  24.9
310320261846  1.493  7.8  203.6  10.4  0.58  168.1  24.9
310320261847  1.496  7.8  203.2  10.6  0.71  176.8  24.9
310320261848  1.499  8.0  203.8  11.6  0.64  173.2  24.9
310320261849  1.501  8.3  204.1  11.6  0.61  173.7  24.9
310320261850  1.505  8.2  203.5  11.6  0.69  173.5  24.9
310320261851  1.507  8.3  204.5  11.6  0.72  172.9  24.9
310320261852  1.510  8.4  205.1  11.6  0.67  173.6  24.9
310320261853  1.512  8.6  204.3  11.6  0.72  172.8  24.9
310320261854  1.514  8.7  204.8  11.6  0.65  172.2  24.8
310320261855  1.517  8.7  205.2  11.6  0.56  167.5  24.8
310320261856  1.519  8.6  204.3  11.6  0.80  173.8  24.8
310320261857  1.521  8.5  203.9  11.6  0.72  174.9  24.8
310320261858  1.523  8.3  203.2  10.9  0.68  177.0  24.8
310320261859  1.525  8.1  202.7  10.9  0.75  173.5  24.8
310320261900  1.528  8.0  203.0  10.9  0.61  169.6  24.8
310320261901  1.529  8.0  202.1  10.9  0.70  178.0  24.8
310320261902  1.531  7.7  201.3  10.7  0.80  174.3  24.8
310320261903  1.534  7.5  201.8  9.3  0.59  179.7  24.8
310320261904  1.536  7.4  202.1  9.3  0.65  176.7  24.8
310320261905  1.539  7.4  202.3  9.3  0.58  173.3  24.8
310320261906  1.540  7.4  203.5  9.3  0.61  169.5  24.8
310320261907  1.542  7.4  203.2  8.9  0.58  177.1  24.8
310320261908  1.544  7.4  204.2  9.2  0.70  180.7  24.8
310320261909  1.546  7.5  205.6  10.1  0.72  178.6  24.8
310320261910  1.548  7.5  205.2  10.1  0.66  177.4  24.8
310320261911  1.550  7.6  205.3  10.1  0.54  172.1  24.8
310320261912  1.552  7.5  204.6  10.1  0.63  178.1  24.8
310320261913  1.554  7.4  203.3  10.1  0.60  174.7  24.8
310320261914  1.555  7.5  203.0  11.3  0.61  175.7  24.8
310320261915  1.558  7.6  203.2  11.3  0.72  179.1  24.8
310320261916  1.561  7.5  201.7  11.3  0.71  175.4  24.8
310320261917  1.562  7.4  201.6  11.3  0.72  182.9  24.8
310320261918  1.565  7.2  199.8  11.3  0.65  179.5  24.8
310320261919  1.567  6.9  197.7  11.3  0.66  180.6  24.8
310320261920  1.570  6.8  197.0  11.3  0.59  183.8  24.8
310320261921  1.572  6.9  197.1  11.3  0.58  175.0  24.8
310320261922  1.576  7.1  198.2  11.3  0.65  178.4  24.8
310320261923  1.577  7.0  198.8  11.3  0.54  175.0  24.8
310320261924  1.579  6.9  198.4  11.1  0.67  177.4  24.8
310320261925  1.581  6.8  198.0  9.3  0.56  176.9  24.8
310320261926  1.583  6.8  198.2  9.3  0.53  177.8  24.8
310320261927  1.585  6.8  198.1  9.3  0.62  173.1  24.8
310320261928  1.586  6.8  198.1  9.3  0.49  172.2  24.8
310320261929  1.586  6.8  198.2  9.3  0.69  177.5  24.8
310320261930  1.587  6.9  197.9  9.3  0.62  174.7  24.8
310320261931  1.589  6.8  196.9  9.3  0.54  182.0  24.8
310320261932  1.588  6.5  195.6  9.2  0.59  176.8  24.8
310320261933  1.588  6.5  194.7  9.2  0.58  179.4  24.8
310320261934  1.588  6.5  195.0  8.5  0.68  177.2  24.8
310320261935  1.589  6.3  193.9  8.4  0.41  170.8  24.8
310320261936  1.589  6.3  193.4  8.4  0.48  183.8  24.8
310320261937  1.589  6.3  193.8  8.4  0.56  183.3  24.8
310320261938  1.589  6.3  194.0  8.4  0.49  171.6  24.8
310320261939  1.587  6.4  194.4  8.4  0.42  175.6  24.8
310320261940  1.587  6.3  195.1  8.2  0.42  168.6  24.8
310320261941  1.588  6.3  195.2  8.2  0.42  166.3  24.8
310320261942  1.589  6.4  196.4  8.2  0.47  176.2  24.8
310320261943  1.589  6.3  197.0  8.2  0.44  172.4  24.8
310320261944  1.587  6.3  195.6  8.2  0.44  166.0  24.8
310320261945  1.586  6.3  196.1  8.2  0.43  166.5  24.8
310320261946  1.586  6.1  197.6  7.9  0.38  160.8  24.8
310320261947  1.586  6.0  199.3  7.9  0.42  165.5  24.8
310320261948  1.585  6.0  200.0  7.9  0.27  174.7  24.8
310320261949  1.585  5.9  199.3  7.8  0.38  167.5  24.8
310320261950  1.585  5.8  198.9  7.8  0.55  174.9  24.8
310320261951  1.586  5.8  199.1  7.8  0.37  170.0  24.8
310320261952  1.583  5.7  198.0  7.3  0.49  173.0  24.8
310320261953  1.582  5.8  197.7  7.3  0.42  174.3  24.8
310320261954  1.580  5.7  197.7  7.3  0.38  174.8  24.8
310320261955  1.580  5.6  196.7  7.3  0.43  171.4  24.8
310320261956  1.578  5.7  195.3  7.3  0.47  180.7  24.8
310320261957  1.577  5.6  193.2  6.9  0.46  181.5  24.8
310320261958  1.576  5.5  191.6  6.9  0.43  175.8  24.8
310320261959  1.574  5.4  191.4  6.8  0.50  178.6  24.8
310320262000  1.573  5.3  190.4  6.8  0.41  172.8  24.8
310320262001  1.572  5.2  188.8  6.8  0.35  170.2  24.8
310320262002  1.571  5.0  187.8  6.7  0.51  169.6  24.8
310320262003  1.569  4.9  186.9  6.5  0.31  165.9  24.8
310320262004  1.568  4.6  186.3  6.2  0.30  166.1  24.8
310320262005  1.566  4.5  185.9  5.9  0.38  164.5  24.8
310320262006  1.565  4.4  185.3  5.9  0.32  168.2  24.8
310320262007  1.563  4.3  184.8  5.9  0.34  160.5  24.8
310320262008  1.562  4.2  184.7  5.7  0.34  168.3  24.8
310320262009  1.561  3.9  183.6  5.3  0.33  174.1  24.8
310320262010  1.559  3.6  182.7  5.3  0.40  170.0  24.9
310320262011  1.556  3.3  182.4  5.3  0.43  176.3  24.9
310320262012  1.554  3.0  181.7  5.3  0.32  176.5  24.9
310320262013  1.553  2.7  180.9  5.3  0.45  169.4  24.8
310320262014  1.551  2.5  181.7  4.7  0.46  166.2  24.8
310320262015  1.550  2.2  181.6  4.4  0.45  175.4  24.8
310320262016  1.546  2.0  178.5  4.3  0.39  182.3  24.8
310320262017  1.542  1.8  174.4  3.8  0.33  167.6  24.8
310320262018  1.540  1.8  170.5  4.5  0.37  175.5  24.8
310320262019  1.536  1.9  171.2  4.5  0.27  174.7  24.8
310320262020  1.534  1.8  172.9  4.5  0.31  175.6  24.8
310320262021  1.532  1.8  174.2  4.5  0.30  168.5  24.8
310320262022  1.529  1.8  175.3  4.5  0.30  172.5  24.8
310320262023  1.525  1.8  175.6  4.5  0.11  163.9  24.8
310320262024  1.522  1.8  175.6  4.5  0.28  173.5  24.8
310320262025  1.520  1.8  175.8  4.5  0.18  169.4  24.8
310320262026  1.518  1.8  180.4  4.5  0.20  176.9  24.8
310320262027  1.515  1.9  185.4  4.5  0.25  163.4  24.8
310320262028  1.513  2.0  191.3  5.0  0.28  167.0  24.8
310320262029  1.510  2.1  192.3  5.0  0.25  162.4  24.9
310320262030  1.507  2.2  191.2  5.0  0.18  179.4  24.9
310320262031  1.505  2.5  193.8  5.0  0.14  177.5  24.9
310320262032  1.501  2.8  195.2  5.0  0.24  165.1  24.9
310320262033  1.499  3.0  197.8  5.0  0.09  138.3  24.9
310320262034  1.497  3.3  199.9  5.0  0.12  162.2  24.9
310320262035  1.495  3.5  201.7  5.0  0.19  158.1  24.9
310320262036  1.494  3.7  202.4  5.0  0.19  153.5  24.9
310320262037  1.492  3.9  201.8  5.0  0.12  140.3  24.9
310320262038  1.490  3.9  201.7  4.9  0.19  164.5  24.9
310320262039  1.489  3.9  204.2  4.9  0.13  145.0  24.9
310320262040  1.487  4.2  205.4  7.8  0.17  145.0  24.9
310320262041  1.486  4.2  205.9  7.8  0.14  116.5  24.9
310320262042  1.483  4.4  205.2  7.8  0.21  152.8  24.9
310320262043  1.483  4.5  203.5  7.8  0.18  158.1  24.9
310320262044  1.481  4.7  200.3  8.7  0.15  150.1  24.9
310320262045  1.478  4.7  198.2  8.7  0.09  144.1  24.9
310320262046  1.477  4.8  198.0  8.7  0.21  170.9  24.8
310320262047  1.476  4.9  198.2  8.7  0.11  171.2  24.8
310320262048  1.474  5.1  198.2  8.7  0.17  164.6  24.8
310320262049  1.472  5.4  197.5  8.7  0.23  171.0  24.8
310320262050  1.470  5.4  197.0  8.7  0.19  166.6  24.8
310320262051  1.468  5.4  197.1  8.7  0.31  185.7  24.8
310320262052  1.467  5.5  198.5  8.7  0.22  185.4  24.8
310320262053  1.467  5.5  199.5  8.7  0.18  163.4  24.8
310320262054  1.464  5.4  203.4  7.5  0.14  178.5  24.8
310320262055  1.463  5.5  204.6  7.5  0.25  175.0  24.8
310320262056  1.460  5.5  204.3  7.5  0.16  178.3  24.8
310320262057  1.456  5.7  204.4  8.3  0.12  170.1  24.8
310320262058  1.454  5.9  202.9  10.6  0.19  158.2  24.9
310320262059  1.451  5.9  200.9  10.6  0.14  155.9  24.9
310320262100  1.449  5.9  200.8  10.6  0.10  134.6  24.9
310320262101  1.447  6.1  198.6  10.6  0.20  153.1  24.9
310320262102  1.444  6.2  198.2  10.6  0.10  141.1  24.9
310320262103  1.440  6.3  196.4  10.6  0.08  155.1  24.9
310320262104  1.437  6.3  193.9  10.6  0.18  160.6  24.9
310320262105  1.433  6.2  192.3  10.6  0.20  178.5  24.9
310320262106  1.430  6.4  191.7  10.6  0.07  139.6  24.9
310320262107  1.427  6.3  192.0  10.6  0.17  126.6  24.9
310320262108  1.424  6.1  193.9  9.8  0.07  141.6  24.9
310320262109  1.419  6.1  195.6  9.8  0.14  164.8  24.9
310320262110  1.414  6.2  196.0  9.8  0.11  165.7  24.9
310320262111  1.412  6.1  195.7  9.8  nan  nan  nan
310320262112  1.408  6.2  195.4  9.4  0.10  91.3  24.9
310320262113  1.403  6.4  196.5  10.3  0.08  152.9  24.9
310320262114  1.399  6.6  195.5  10.3  0.07  83.0  24.9
310320262115  1.394  6.8  195.9  10.3  nan  nan  nan
310320262116  1.389  7.0  196.2  10.3  0.04  94.6  24.9
310320262117  1.384  7.0  194.4  10.3  0.06  151.6  24.9
310320262118  1.380  7.1  192.3  10.3  0.10  30.8  24.9
310320262119  1.374  7.4  191.7  11.0  0.14  9.2  24.9
310320262120  1.369  7.8  190.5  11.5  0.12  19.0  24.9
310320262121  1.364  7.8  190.6  11.5  0.14  15.6  24.9
310320262122  1.361  7.9  189.9  12.2  0.07  33.0  24.9
310320262123  1.355  8.0  189.8  12.2  0.05  209.2  24.9
310320262124  1.350  8.0  191.1  12.2  0.07  351.6  24.9
310320262125  1.346  8.1  191.5  12.2  0.15  324.5  24.9
310320262126  1.342  7.9  191.1  12.2  0.10  345.5  24.9
310320262127  1.338  8.0  191.5  12.2  0.07  349.1  24.9
310320262128  1.333  8.0  191.9  12.2  0.17  343.7  24.9
310320262129  1.329  7.7  192.5  12.2  0.16  326.0  24.9
310320262130  1.326  7.4  193.1  12.2  0.15  346.7  24.9
310320262131  1.321  7.4  192.7  12.2  0.21  1.5  24.9
310320262132  1.317  7.1  191.3  10.7  0.16  330.0  24.9
310320262133  1.312  6.8  190.8  10.2  0.20  354.9  24.9
310320262134  1.307  6.9  190.3  9.7  0.23  347.5  24.9
310320262135  1.302  7.1  189.9  10.6  0.26  359.4  24.9
310320262136  1.297  7.3  189.6  10.6  0.20  347.7  24.9
310320262137  1.292  7.1  189.3  10.6  0.24  356.4  24.9
310320262138  1.286  7.1  189.3  10.6  0.33  359.5  24.9
310320262139  1.281  7.1  188.3  10.6  0.21  358.1  24.9
310320262140  1.276  7.0  188.1  10.6  0.23  359.7  24.9
310320262141  1.271  6.9  189.4  10.6  0.20  346.5  24.9
310320262142  1.265  7.1  191.6  10.6  0.25  347.4  24.9
310320262143  1.261  7.2  193.5  10.6  0.37  359.2  24.9
310320262144  1.254  7.2  194.9  10.6  0.38  4.8  24.9
310320262145  1.249  7.1  195.7  10.4  0.22  1.9  24.9
310320262146  1.244  7.1  196.6  10.4  0.40  359.0  24.9
310320262147  1.238  7.4  197.4  10.5  0.38  3.5  24.9
310320262148  1.233  7.6  198.7  10.5  0.40  10.3  24.9
310320262149  1.227  7.6  199.9  10.5  0.27  6.3  24.9
310320262150  1.222  7.8  200.9  10.5  0.52  12.6  24.9
310320262151  1.217  7.8  201.0  10.5  0.36  9.1  24.9
310320262152  1.213  7.7  201.2  10.5  0.55  11.6  24.9
310320262153  1.208  7.6  199.7  10.5  0.44  16.4  24.9
310320262154  1.202  7.3  199.4  10.5  0.50  6.0  24.9
310320262155  1.197  7.2  200.1  10.5  0.55  1.6  24.9
310320262156  1.191  7.3  200.9  10.5  0.60  7.4  24.9
310320262157  1.185  7.2  202.0  11.1  0.68  5.1  24.9
310320262158  1.181  7.2  200.8  11.1  0.69  359.4  24.9
310320262159  1.176  7.2  200.6  11.1  0.62  2.8  24.9
310320262200  1.171  7.2  200.2  11.1  0.66  6.5  24.9
310320262201  1.166  7.5  201.3  11.1  0.68  11.6  24.9
310320262202  1.161  7.7  201.4  11.1  0.71  12.0  24.9
310320262203  1.157  8.0  201.4  11.1  0.74  10.2  24.9
310320262204  1.152  8.2  201.4  11.1  0.75  11.3  24.9
310320262205  1.147  8.4  199.9  11.1  0.60  14.5  24.9
310320262206  1.142  8.4  198.4  11.1  0.72  8.5  24.9
310320262207  1.138  8.3  197.8  11.0  0.65  5.7  24.9
310320262208  1.133  8.3  197.8  11.1  0.76  5.6  24.9
310320262209  1.128  8.5  198.7  11.1  0.76  11.5  24.9
310320262210  1.126  8.7  199.0  11.1  0.82  16.6  24.9
310320262211  1.122  8.8  198.6  11.1  0.66  20.6  24.9
310320262212  1.119  8.6  197.7  11.1  0.76  13.1  24.9
310320262213  1.115  8.4  198.1  11.1  0.81  11.0  24.8
310320262214  1.111  8.3  198.0  11.1  0.82  13.4  24.8
310320262215  1.106  8.1  198.4  11.1  0.74  11.4  24.8
310320262216  1.102  8.2  198.9  11.7  0.76  12.0  24.8
310320262217  1.100  8.2  198.4  11.7  0.71  13.5  24.8
310320262218  1.096  8.1  198.9  11.7  0.69  17.6  24.8
310320262219  1.093  7.9  197.9  11.7  0.84  12.1  24.8
310320262220  1.091  7.6  197.5  11.7  0.82  12.2  24.8
310320262221  1.089  7.3  196.5  11.7  0.68  8.2  24.8
310320262222  1.086  7.3  196.5  11.7  0.80  9.6  24.8
310320262223  1.083  7.3  196.0  11.7  0.89  11.8  24.8
310320262224  1.079  7.1  195.8  11.7  0.87  10.6  24.8
310320262225  1.078  7.0  195.9  11.7  0.79  12.4  24.8
310320262226  1.075  6.9  196.8  10.3  0.83  9.7  24.8
310320262227  1.072  6.7  196.7  9.3  0.81  4.1  24.8
310320262228  1.069  6.8  196.2  9.3  0.80  7.3  24.8
310320262229  1.064  6.8  196.3  9.3  0.68  12.5  24.8
310320262230  1.060  6.7  196.4  9.3  0.84  10.1  24.8
310320262231  1.056  6.7  197.1  9.3  0.80  7.6  24.8
310320262232  1.051  6.6  197.9  8.9  0.73  15.5  24.8
310320262233  1.046  6.5  198.4  8.9  0.79  12.6  24.8
310320262234  1.041  6.4  198.7  8.9  0.84  12.1  24.8
310320262235  1.037  6.4  199.7  8.9  0.84  12.8  24.8
310320262236  1.030  6.2  199.2  7.7  0.74  15.3  24.8
310320262237  1.025  6.3  200.5  7.7  0.86  12.5  24.8
310320262238  1.019  6.3  200.9  7.7  0.77  18.9  24.8
310320262239  1.012  6.3  201.1  7.7  0.87  15.7  24.8
310320262240  1.007  6.4  200.5  9.6  0.76  11.5  24.8
310320262241  1.002  6.3  199.7  9.6  0.88  17.5  24.8
310320262242  0.997  6.3  199.1  9.6  0.86  19.7  24.8
310320262243  0.991  6.5  199.0  9.6  0.79  18.7  24.8
310320262244  0.983  6.6  200.0  9.6  0.78  20.2  24.8
310320262245  0.977  6.7  199.9  9.6  0.76  22.6  24.8
310320262246  0.971  6.8  199.9  9.6  0.88  20.1  24.8
310320262247  0.965  6.7  199.2  9.6  0.86  17.8  24.8
310320262248  0.958  6.6  199.4  9.6  0.79  18.5  24.8
310320262249  0.952  6.7  200.3  9.6  0.92  20.2  24.8
310320262250  0.947  6.8  202.0  9.0  0.85  21.2  24.8
310320262251  0.941  7.0  202.7  10.3  0.79  15.8  24.8
310320262252  0.936  7.2  202.4  10.3  0.85  20.2  24.8
310320262253  0.930  7.2  202.8  10.3  0.76  16.1  24.8
310320262254  0.925  7.2  201.6  10.3  0.90  18.5  24.8
310320262255  0.919  7.4  201.9  10.3  0.82  16.3  24.8
310320262256  0.914  7.6  201.8  10.3  0.81  19.0  24.8
310320262257  0.908  7.8  201.8  10.3  0.91  17.8  24.8
310320262258  0.903  7.8  200.8  10.3  0.85  17.9  24.8
310320262259  0.897  7.7  200.1  10.3  0.86  15.3  24.8
310320262300  0.894  7.7  198.9  10.3  0.85  20.0  24.8
310320262301  0.888  7.8  198.7  10.6  0.88  15.5  24.8
310320262302  0.883  7.7  199.5  10.6  0.80  15.6  24.8
310320262303  0.878  7.7  199.4  10.6  0.96  18.4  24.8
310320262304  0.872  7.7  199.5  10.6  0.93  11.2  24.8
310320262305  0.866  7.6  199.7  10.6  0.90  16.5  24.8
310320262306  0.860  7.3  198.9  10.6  0.84  16.0  24.8
310320262307  0.853  7.0  198.2  10.6  0.84  13.8  24.8
310320262308  0.847  7.0  199.4  10.6  0.86  14.6  24.8
310320262309  0.841  7.0  198.9  10.6  0.86  15.0  24.8
310320262310  0.835  6.9  198.9  10.6  0.80  13.2  24.8
310320262311  0.828  6.7  199.0  8.2  0.87  13.7  24.8
310320262312  0.824  6.7  198.5  8.2  0.79  15.3  24.8
310320262313  0.819  6.5  197.0  8.2  0.78  13.0  24.8
310320262314  0.814  6.3  197.1  8.2  0.84  15.8  24.8
310320262315  0.808  6.3  196.4  8.1  0.83  16.8  24.8
310320262316  0.803  6.3  197.6  8.1  0.85  15.7  24.8
310320262317  0.798  6.3  198.7  8.1  0.85  13.3  24.8
310320262318  0.793  6.3  198.4  8.1  0.98  13.8  24.8
310320262319  0.788  6.2  198.9  8.1  0.91  14.8  24.8
310320262320  0.785  6.1  199.7  8.1  0.85  16.5  24.8
310320262321  0.781  6.0  198.9  8.1  0.86  14.3  24.8
310320262322  0.777  5.8  198.8  8.1  0.95  12.7  24.8
310320262323  0.774  5.9  200.3  8.1  0.87  13.1  24.8
310320262324  0.769  5.9  200.6  8.1  0.82  16.8  24.8
310320262325  0.766  5.9  200.5  7.9  0.80  17.1  24.8
310320262326  0.761  5.9  200.9  7.9  0.78  16.6  24.8
310320262327  0.757  5.8  201.5  7.3  0.84  14.8  24.8
310320262328  0.753  5.9  202.1  7.4  0.89  14.4  24.8
310320262329  0.748  6.0  201.9  7.4  0.86  15.3  24.8
310320262330  0.744  6.0  201.4  7.4  0.96  15.6  24.8
310320262331  0.739  6.2  202.4  9.5  0.80  18.6  24.8
310320262332  0.735  6.1  201.9  9.5  0.81  12.1  24.8
310320262333  0.730  6.0  201.8  9.5  0.87  14.3  24.8
310320262334  0.728  6.0  200.7  9.5  0.82  16.3  24.8
310320262335  0.723  5.9  200.5  9.5  0.83  14.3  24.8
310320262336  0.719  5.8  200.3  9.5  0.87  16.7  24.8
310320262337  0.714  5.8  199.9  9.5  0.82  13.7  24.8
310320262338  0.709  5.8  198.8  9.5  0.86  13.8  24.8
310320262339  0.703  5.7  199.4  9.5  0.73  13.7  24.8
310320262340  0.699  5.6  199.8  9.5  0.79  16.1  24.8
310320262341  0.694  5.5  198.5  6.9  0.78  10.0  24.8
310320262342  0.688  5.4  198.7  6.9  0.85  16.0  24.8
310320262343  0.683  5.4  199.4  6.9  0.85  13.2  24.8
310320262344  0.678  5.3  199.5  6.9  0.85  15.0  24.8
310320262345  0.673  5.3  199.9  6.9  0.80  15.0  24.8
310320262346  0.667  5.2  199.8  6.9  0.83  15.1  24.8
310320262347  0.663  5.2  199.7  6.9  0.73  5.9  24.8
310320262348  0.658  5.2  201.3  6.9  0.93  13.0  24.8
310320262349  0.653  5.1  201.4  6.9  0.85  15.4  24.8
310320262350  0.649  5.1  200.6  6.2  0.78  15.4  24.8
310320262351  0.644  5.0  201.1  6.2  0.87  14.6  24.8
310320262352  0.638  5.0  201.8  6.2  0.80  9.7  24.8
310320262353  0.635  5.0  202.2  6.2  0.79  15.1  24.8
310320262354  0.632  5.1  204.0  8.0  0.84  15.1  24.8
310320262355  0.627  5.3  204.4  8.0  0.89  11.1  24.8
310320262356  0.624  5.3  205.1  8.0  0.80  16.3  24.8
310320262357  0.621  5.3  205.6  8.0  0.89  15.0  24.8
310320262358  0.616  5.3  204.0  8.0  0.84  16.3  24.8
310320262359  0.612  5.3  203.8  8.0  0.73  14.6  24.8
010420260000  0.610  5.4  203.5  8.0  0.75  10.3  24.8
010420260001  0.605  5.5  204.1  8.0  0.80  14.9  24.8
010420260002  0.601  5.6  204.6  8.0  0.86  16.0  24.8
010420260003  0.598  5.7  204.7  8.0  0.78  13.4  24.8
010420260004  0.594  5.6  203.0  7.5  0.77  11.4  24.8
010420260005  0.591  5.6  202.6  6.9  0.76  16.3  24.8
010420260006  0.586  5.6  202.0  6.9  0.89  12.5  24.8
010420260007  0.582  5.6  201.5  6.9  0.91  15.0  24.8
010420260008  0.578  5.7  203.1  6.9  0.85  15.1  24.8
010420260009  0.575  5.7  203.2  6.9  0.79  11.4  24.8
010420260010  0.571  5.7  204.1  7.0  0.82  14.6  24.8
010420260011  0.568  5.7  203.7  7.0  0.72  12.2  24.8
010420260012  0.564  5.7  202.4  7.0  0.80  13.2  24.8
010420260013  0.560  5.6  201.3  7.0  0.88  18.0  24.8
010420260014  0.555  5.7  201.3  7.0  0.87  14.2  24.8
010420260015  0.550  5.6  200.3  7.0  0.76  19.1  24.8
010420260016  0.546  5.5  199.7  7.0  0.70  15.8  24.8
010420260017  0.541  5.5  199.4  7.0  0.89  14.9  24.8
010420260018  0.537  5.4  197.9  7.0  0.87  15.9  24.8
010420260019  0.531  5.5  197.5  7.3  0.79  17.1  24.8
010420260020  0.528  5.5  197.3  7.3  0.97  8.5  24.8
010420260021  0.523  5.6  197.8  7.3  0.80  17.1  24.8
010420260022  0.517  5.6  197.5  7.3  0.90  13.9  24.8
010420260023  0.512  5.7  196.9  7.3  0.91  16.6  24.8
010420260024  0.507  5.8  197.9  7.3  0.79  15.0  24.8
010420260025  0.502  5.9  198.2  9.5  0.92  15.7  24.8
010420260026  0.497  6.2  197.5  9.5  0.92  13.9  24.8
010420260027  0.492  6.3  196.5  9.5  0.89  14.9  24.8
010420260028  0.488  6.4  196.3  9.5  0.99  13.0  24.8
010420260029  0.485  6.6  196.1  9.5  0.88  10.9  24.8
010420260030  0.481  6.7  196.2  9.5  0.85  13.1  24.8
010420260031  0.476  6.8  196.1  9.5  0.96  13.8  24.8
010420260032  0.474  7.1  197.6  10.1  0.92  14.5  24.8
010420260033  0.469  7.4  197.9  10.1  0.83  17.3  24.8
010420260034  0.466  7.7  197.9  10.2  1.00  14.0  24.8
010420260035  0.462  8.1  197.7  12.9  0.85  13.5  24.8
010420260036  0.459  8.3  198.1  12.9  0.86  13.7  24.8
010420260037  0.455  8.4  198.8  12.9  0.89  16.3  24.8
010420260038  0.452  8.6  198.4  12.9  0.88  19.4  24.8
010420260039  0.449  8.8  197.7  12.9  0.90  13.1  24.8
010420260040  0.447  8.8  198.1  12.9  0.99  12.5  24.8
010420260041  0.445  8.9  198.0  12.9  0.78  18.2  24.8
010420260042  0.444  8.9  196.3  12.9  0.91  12.9  24.8
010420260043  0.440  9.1  196.3  13.7  0.79  15.9  24.8
010420260044  0.439  9.2  195.1  13.7  0.89  15.1  24.8
010420260045  0.437  9.2  193.8  13.7  0.89  12.4  24.8
010420260046  0.434  9.4  193.5  15.6  0.85  16.2  24.8
010420260047  0.432  9.7  192.9  15.6  0.89  14.3  24.8
010420260048  0.430  10.1  192.3  15.6  0.72  16.1  24.8
010420260049  0.427  10.2  192.0  15.6  0.98  14.0  24.8
010420260050  0.426  10.4  190.9  15.6  0.84  16.8  24.8
010420260051  0.424  10.5  190.7  15.6  0.87  13.6  24.8
010420260052  0.421  10.6  190.9  15.6  0.83  14.9  24.8
010420260053  0.418  10.4  190.1  15.6  0.85  16.6  24.8
010420260054  0.414  10.2  189.2  15.6  0.92  11.6  24.8
010420260055  0.411  10.2  189.6  15.6  0.81  13.0  24.8
010420260056  0.408  10.0  189.1  14.1  0.87  17.7  24.8
010420260057  0.404  9.7  189.1  14.1  0.89  14.4  24.8
010420260058  0.400  9.5  189.7  13.1  0.89  12.9  24.8
010420260059  0.398  9.5  189.2  13.1  0.68  11.1  24.8
010420260100  0.396  9.2  189.1  13.1  0.78  18.9  24.8
010420260101  0.392  9.0  189.1  13.1  0.84  16.8  24.8
010420260102  0.389  8.9  189.5  11.9  0.89  15.6  24.8
010420260103  0.386  8.9  190.3  11.9  0.73  14.0  24.8
010420260104  0.383  8.9  192.4  11.7  0.73  17.3  24.8
010420260105  0.378  8.8  194.0  11.7  0.76  15.3  24.8
010420260106  0.376  8.8  195.5  11.8  0.78  12.8  24.8
010420260107  0.372  8.8  196.2  11.8  0.78  14.3  24.8
010420260108  0.369  8.7  196.8  11.8  0.87  14.1  24.8
010420260109  0.367  8.7  198.1  11.8  0.82  11.4  24.8
010420260110  0.364  8.9  199.1  11.8  0.84  13.8  24.8
010420260111  0.362  9.0  199.4  11.8  0.79  14.3  24.8
010420260112  0.360  8.9  200.2  11.8  0.79  12.1  24.8
010420260113  0.357  8.9  200.3  11.8  0.73  13.0  24.8
010420260114  0.355  8.8  200.1  11.8  0.68  17.2  24.8
010420260115  0.352  8.8  199.4  11.8  0.78  16.0  24.8
010420260116  0.351  8.7  199.3  11.8  0.75  12.1  24.8
010420260117  0.349  8.6  198.9  11.8  0.82  13.7  24.8
010420260118  0.347  8.5  199.3  11.2  0.74  18.2  24.8
010420260119  0.345  8.3  199.6  11.0  0.66  11.5  24.8
010420260120  0.344  8.1  199.4  11.0  0.74  15.1  24.8
010420260121  0.341  8.1  199.7  11.0  0.74  16.5  24.8
010420260122  0.338  8.1  199.4  11.0  0.69  20.0  24.8
010420260123  0.336  7.9  199.8  10.1  0.76  19.9  24.8
010420260124  0.336  8.0  200.6  10.1  0.70  12.9  24.8
010420260125  0.334  7.8  200.9  10.0  0.74  11.2  24.8
010420260126  0.333  7.7  200.6  9.5  0.67  11.7  24.8
010420260127  0.331  7.7  200.1  10.1  0.76  14.7  24.8
010420260128  0.330  7.7  199.8  10.1  0.78  14.6  24.8
010420260129  0.328  7.7  199.9  10.1  0.56  16.6  24.8
010420260130  0.327  7.9  200.4  12.2  0.80  13.6  24.8
010420260131  0.328  8.0  199.3  12.2  0.63  16.4  24.8
010420260132  0.328  8.1  199.4  12.2  0.68  14.9  24.8
010420260133  0.329  8.0  199.2  12.2  0.66  20.7  24.8
010420260134  0.331  7.9  197.6  12.2  0.63  18.1  24.8
010420260135  0.331  7.8  196.8  12.2  0.62  15.9  24.8
010420260136  0.331  7.9  196.7  12.2  0.72  14.0  24.8
010420260137  0.332  7.8  197.0  12.2  0.50  17.2  24.8
010420260138  0.332  8.1  197.5  12.2  0.68  16.2  24.8
010420260139  0.333  8.4  197.6  14.4  0.61  23.8  24.8
010420260140  0.334  8.4  197.8  14.4  0.61  23.0  24.8
010420260141  0.334  8.4  198.1  14.4  0.65  20.3  24.8
010420260142  0.336  8.4  197.7  14.4  0.57  17.0  24.8
010420260143  0.336  8.5  198.2  14.4  0.44  22.6  24.8
010420260144  0.335  8.4  198.4  14.4  0.57  22.6  24.8
010420260145  0.335  8.5  198.6  14.4  0.61  18.4  24.8
010420260146  0.337  8.4  198.7  14.4  0.56  17.3  24.8
010420260147  0.336  8.3  198.7  14.4  0.50  16.9  24.8
010420260148  0.337  8.0  197.8  14.4  0.52  16.6  24.8
010420260149  0.337  7.7  197.7  11.2  0.61  21.2  24.8
010420260150  0.337  7.6  197.0  11.0  0.46  19.9  24.8
010420260151  0.334  7.5  197.8  11.0  0.47  15.3  24.8
010420260152  0.334  7.9  198.9  13.3  0.51  22.8  24.8
010420260153  0.334  8.0  198.4  13.3  0.44  19.4  24.8
010420260154  0.334  8.1  198.4  13.3  0.59  16.6  24.8
010420260155  0.335  8.2  199.9  13.3  0.48  29.8  24.8
010420260156  0.335  8.5  200.9  13.3  0.48  23.8  24.8
010420260157  0.336  8.8  202.3  13.3  0.58  21.4  24.8
010420260158  0.336  9.2  202.9  13.3  0.44  28.8  24.8
010420260159  0.337  9.3  203.2  13.3  0.41  20.3  24.8
010420260200  0.337  9.2  203.6  13.3  0.38  27.1  24.8
010420260201  0.337  9.3  203.3  13.3  0.44  20.0  24.8
010420260202  0.338  9.2  202.9  13.0  0.51  24.2  24.8
010420260203  0.339  9.2  202.7  13.0  0.38  21.5  24.8
010420260204  0.341  9.3  203.6  13.0  0.56  24.7  24.8
010420260205  0.344  9.3  202.7  13.0  0.38  24.0  24.8
010420260206  0.346  9.3  202.3  11.9  0.39  31.0  24.8
010420260207  0.349  9.3  201.4  12.7  0.44  22.6  24.8
010420260208  0.352  9.2  201.8  12.7  0.36  34.1  24.8
010420260209  0.355  9.2  201.5  12.7  0.34  21.2  24.8
010420260210  0.359  9.1  201.5  12.7  0.36  26.6  24.8
010420260211  0.361  8.9  201.1  12.7  0.36  25.1  24.8
010420260212  0.363  8.7  200.7  12.7  0.51  14.8  24.8
010420260213  0.364  8.6  201.0  12.7  0.43  11.6  24.8
010420260214  0.366  8.4  200.1  12.7  0.50  3.0  24.8
010420260215  0.367  8.1  199.5  12.7  0.40  7.0  24.8
010420260216  0.368  7.8  198.4  12.7  0.49  6.1  24.8
010420260217  0.370  7.5  197.5  10.7  0.32  1.2  24.8
010420260218  0.371  7.3  195.4  10.7  0.46  1.6  24.8
010420260219  0.374  7.1  194.8  10.7  0.41  0.9  24.8
010420260220  0.376  7.0  194.1  10.7  0.32  358.6  24.8
010420260221  0.377  6.9  193.6  10.7  0.36  356.1  24.8
010420260222  0.378  6.8  192.7  9.7  0.36  353.4  24.8
010420260223  0.378  6.6  192.5  9.7  0.33  350.6  24.8
010420260224  0.380  6.6  192.8  8.5  0.39  358.0  24.8
010420260225  0.381  6.7  194.3  8.5  0.36  353.4  24.8
010420260226  0.383  6.8  194.7  8.5  0.38  349.4  24.8
010420260227  0.386  6.8  195.7  8.5  0.35  357.7  24.8
010420260228  0.388  6.8  197.0  8.6  0.34  351.9  24.8
010420260229  0.389  6.9  197.3  8.6  0.36  350.0  24.8
010420260230  0.390  7.0  197.5  8.6  0.37  355.7  24.8
010420260231  0.392  7.1  197.8  8.6  0.28  351.6  24.8
010420260232  0.394  7.0  198.5  8.6  0.39  358.9  24.8
010420260233  0.396  7.1  199.2  8.6  0.31  356.8  24.8
010420260234  0.401  7.2  200.6  8.6  0.29  354.3  24.8
010420260235  0.405  7.1  200.7  8.6  0.37  359.9  24.8
010420260236  0.408  7.2  202.0  8.6  0.40  359.2  24.8
010420260237  0.410  7.1  202.4  8.6  0.33  352.0  24.8
010420260238  0.414  6.9  203.0  8.6  0.26  351.2  24.8
010420260239  0.419  6.8  203.5  8.6  0.25  340.9  24.8
010420260240  0.424  6.8  204.1  8.6  0.29  359.7  24.8
010420260241  0.430  6.6  205.4  8.6  0.25  346.2  24.8
010420260242  0.434  6.7  206.1  8.6  0.30  349.2  24.8
010420260243  0.439  6.5  205.7  8.6  0.23  337.9  24.8
010420260244  0.443  6.3  204.8  8.5  0.27  354.9  24.8
010420260245  0.447  6.2  204.6  8.5  0.24  352.9  24.8
010420260246  0.453  6.0  205.4  7.5  0.19  338.6  24.8
010420260247  0.456  5.8  207.4  7.5  0.22  345.7  24.8
010420260248  0.461  5.8  208.8  7.5  0.27  345.1  24.8
010420260249  0.467  5.8  210.6  7.5  0.17  346.9  24.8
010420260250  0.470  5.7  212.2  7.5  0.12  347.5  24.8
010420260251  0.474  5.7  213.1  7.5  0.12  331.0  24.8
010420260252  0.477  5.7  214.5  7.3  0.15  345.4  24.8
010420260253  0.481  5.8  215.2  7.3  0.18  338.0  24.8
010420260254  0.485  5.8  215.8  7.3  0.15  312.6  24.8
010420260255  0.489  5.8  216.9  7.0  0.11  330.2  24.8
010420260256  0.494  5.9  216.0  7.6  0.16  358.1  24.8
010420260257  0.498  6.0  214.1  7.7  0.12  221.6  24.8
010420260258  0.503  6.1  213.4  7.7  0.04  291.9  24.8
010420260259  0.507  6.1  212.3  7.7  0.04  327.1  24.8
010420260300  0.511  6.0  211.7  7.7  nan  nan  nan
010420260301  0.516  6.0  211.7  7.7  0.03  235.0  24.8
010420260302  0.521  5.9  211.5  7.7  0.04  10.0  24.8
010420260303  0.526  5.9  212.3  7.7  0.09  151.9  24.8
010420260304  0.532  5.9  214.0  7.7  0.04  226.9  24.8
010420260305  0.537  5.9  214.6  7.7  0.10  172.3  24.8
010420260306  0.541  5.8  216.1  7.7  0.09  171.6  24.8
010420260307  0.546  5.8  218.1  7.7  0.08  158.1  24.8
010420260308  0.552  5.8  219.9  7.9  0.14  186.9  24.8
010420260309  0.558  5.9  220.9  7.9  0.19  179.5  24.8
010420260310  0.563  6.0  222.0  7.9  0.33  187.7  24.8
010420260311  0.570  6.1  222.4  7.9  0.23  187.1  24.8
010420260312  0.574  6.1  223.9  7.9  0.16  190.7  24.8
010420260313  0.579  6.3  224.1  7.9  0.15  193.7  24.8
010420260314  0.584  6.2  223.8  7.9  0.29  182.0  24.8
010420260315  0.589  6.2  223.5  7.9  0.34  183.4  24.8
010420260316  0.594  6.1  222.6  7.9  0.31  189.3  24.8
010420260317  0.599  6.1  221.4  7.9  0.39  190.6  24.8
010420260318  0.605  6.0  220.8  7.6  0.33  178.9  24.8
010420260319  0.611  6.0  220.9  7.6  0.36  180.9  24.8
010420260320  0.616  6.0  219.5  8.2  0.26  169.9  24.8
010420260321  0.620  6.0  218.2  8.2  0.29  177.3  24.8
010420260322  0.625  6.2  216.7  8.6  0.54  182.9  24.8
010420260323  0.630  6.2  215.1  8.6  0.29  181.0  24.8
010420260324  0.633  6.2  214.3  8.6  0.33  178.9  24.8
010420260325  0.638  6.2  214.0  8.6  0.22  174.4  24.8
010420260326  0.641  6.4  212.7  9.4  0.22  173.3  24.8
010420260327  0.644  6.6  211.6  9.4  0.17  169.9  24.8
010420260328  0.647  6.7  210.8  9.4  0.29  190.4  24.8
010420260329  0.651  6.8  208.7  9.4  0.23  186.1  24.8
010420260330  0.654  6.8  207.7  9.4  0.19  175.8  24.8
010420260331  0.657  6.8  206.7  9.4  0.27  188.8  24.8
010420260332  0.661  6.9  205.1  9.4  0.08  190.0  24.8
010420260333  0.666  7.0  204.4  9.4  0.35  180.3  24.8
010420260334  0.669  7.4  203.6  11.2  0.23  196.8  24.8
010420260335  0.673  7.6  202.8  11.2  0.25  193.6  24.8
010420260336  0.676  7.6  202.7  11.2  0.17  180.0  24.8
010420260337  0.679  7.8  203.3  11.3  0.25  183.4  24.8
010420260338  0.683  7.9  202.5  11.3  0.24  178.2  24.8
010420260339  0.689  8.1  203.6  11.3  0.21  192.7  24.8
010420260340  0.692  8.2  203.0  11.3  0.20  197.7  24.8
010420260341  0.696  8.4  203.2  11.7  0.31  185.7  24.8
010420260342  0.702  8.4  202.9  11.7  0.26  197.7  24.8
010420260343  0.707  8.6  202.7  11.7  0.36  190.3  24.8
010420260344  0.712  8.5  202.5  11.7  0.43  194.2  24.8
010420260345  0.718  8.5  201.5  11.7  0.27  187.9  24.8
010420260346  0.723  8.4  200.8  11.7  0.41  190.0  24.8
010420260347  0.727  8.3  199.2  11.7  0.46  192.2  24.8
010420260348  0.733  8.2  198.6  11.7  0.37  186.1  24.8
010420260349  0.737  8.1  197.0  11.7  0.21  190.0  24.8
010420260350  0.743  8.1  196.7  11.7  0.49  192.3  24.8
010420260351  0.748  7.9  195.4  11.2  0.39  197.2  24.8
010420260352  0.754  7.8  194.6  11.2  0.41  184.0  24.8
010420260353  0.760  7.5  193.2  11.2  0.38  196.5  24.8
010420260354  0.766  7.4  193.1  9.9  0.37  193.7  24.8
010420260355  0.773  7.5  194.6  11.4  0.47  195.7  24.8
010420260356  0.779  7.8  195.2  11.8  0.70  188.4  24.8
010420260357  0.786  8.0  195.4  11.8  0.57  184.9  24.8
010420260358  0.791  8.0  196.2  11.8  0.54  190.2  24.8
010420260359  0.796  8.1  197.1  11.8  0.51  187.1  24.8
010420260400  0.802  8.2  197.2  11.8  0.50  187.3  24.8
010420260401  0.807  8.5  197.9  11.8  0.45  182.9  24.8
010420260402  0.812  8.5  198.6  11.8  0.49  179.4  24.8
010420260403  0.817  8.7  200.0  11.8  0.55  180.0  24.8
010420260404  0.822  9.0  201.0  12.9  0.55  182.4  24.8
010420260405  0.826  9.2  200.7  12.9  0.50  186.9  24.8
010420260406  0.830  9.2  200.3  12.9  0.60  184.6  24.8
010420260407  0.835  9.2  201.1  12.9  0.50  177.9  24.8
010420260408  0.839  9.2  201.3  13.4  0.52  188.7  24.8
010420260409  0.844  9.4  201.4  13.4  0.60  184.4  24.8
010420260410  0.850  9.6  201.9  13.4  0.58  183.2  24.8
010420260411  0.855  9.7  202.7  13.4  0.57  185.3  24.8
010420260412  0.861  9.9  203.3  13.4  0.67  178.1  24.8
010420260413  0.865  9.8  203.5  13.4  0.61  183.9  24.8
010420260414  0.869  9.8  203.5  13.4  0.70  177.2  24.8
010420260415  0.874  9.7  204.1  13.4  0.78  182.5  24.8
010420260416  0.878  9.6  206.3  13.4  0.71  176.2  24.8
010420260417  0.882  9.6  207.1  13.4  0.65  180.9  24.8
010420260418  0.887  9.7  206.8  12.5  0.69  177.9  24.8
010420260419  0.891  9.4  207.3  12.0  0.80  182.8  24.8
010420260420  0.895  9.2  208.0  12.0  0.76  178.7  24.8
010420260421  0.899  9.0  208.5  12.0  0.81  179.5  24.8
010420260422  0.905  9.0  209.5  12.0  0.60  176.6  24.8
010420260423  0.910  8.9  209.6  12.0  0.74  175.9  24.8
010420260424  0.914  8.9  209.5  12.0  0.70  171.7  24.8
010420260425  0.921  8.9  209.2  12.0  0.72  178.4  24.8
010420260426  0.926  8.9  208.6  13.0  0.79  178.1  24.8
010420260427  0.931  8.9  208.6  13.0  0.76  178.4  24.8
010420260428  0.935  8.9  208.7  13.0  0.77  182.4  24.8
010420260429  0.941  8.7  208.8  13.0  0.78  173.9  24.8
010420260430  0.945  8.6  208.5  13.0  0.76  181.8  24.8
010420260431  0.950  8.5  207.9  13.0  0.77  178.0  24.8
010420260432  0.955  8.4  206.7  13.0  0.71  177.4  24.8
010420260433  0.960  8.3  206.4  13.0  0.81  179.1  24.8
010420260434  0.965  8.2  206.2  13.0  0.80  184.8  24.8
010420260435  0.971  8.0  206.4  13.0  0.69  181.9  24.8
010420260436  0.975  7.7  206.2  10.1  0.75  178.2  24.8
010420260437  0.980  7.6  205.9  10.1  0.79  182.6  24.8
010420260438  0.986  7.5  206.4  10.1  0.86  182.6  24.8
010420260439  0.989  7.7  205.9  10.1  0.79  176.8  24.8
010420260440  0.994  7.8  205.8  10.1  0.70  180.1  24.8
010420260441  1.000  7.7  206.1  10.1  0.67  180.3  24.8
010420260442  1.005  7.8  205.9  10.1  0.74  175.9  24.8
010420260443  1.011  7.8  206.3  10.1  0.72  175.7  24.8
010420260444  1.018  7.7  206.7  10.1  0.81  180.8  24.8
010420260445  1.025  7.7  206.2  10.4  0.77  177.7  24.8
010420260446  1.032  7.7  205.3  10.4  0.87  178.3  24.8
010420260447  1.038  7.6  204.3  10.4  0.81  173.1  24.8
010420260448  1.043  7.5  203.6  10.4  0.81  179.1  24.8
010420260449  1.049  7.4  203.6  10.4  0.76  175.7  24.8
010420260450  1.054  7.3  203.3  10.4  0.82  179.4  24.8
010420260451  1.060  7.3  202.5  10.4  0.87  175.2  24.8
010420260452  1.064  7.3  201.5  10.4  0.71  177.3  24.8
010420260453  1.071  7.3  200.4  10.4  0.86  176.1  24.8
010420260454  1.077  7.5  199.8  10.4  0.86  179.8  24.8
010420260455  1.083  7.5  199.2  10.4  0.86  181.3  24.8
010420260456  1.089  7.7  198.9  10.4  0.87  176.3  24.7
010420260457  1.094  7.8  198.5  10.4  0.80  183.7  24.7
010420260458  1.099  7.8  198.0  10.4  0.85  179.3  24.7
010420260459  1.103  7.8  198.0  10.4  0.81  181.1  24.7
010420260500  1.108  7.9  198.4  10.8  0.73  178.0  24.7
010420260501  1.114  7.9  198.0  10.8  0.92  180.8  24.7
010420260502  1.118  8.0  199.0  11.1  0.85  175.4  24.7
010420260503  1.124  8.2  198.9  11.1  0.80  177.2  24.7
010420260504  1.127  8.1  198.9  11.1  0.80  178.0  24.7
010420260505  1.133  8.0  198.6  11.1  0.78  177.3  24.7
010420260506  1.137  7.9  198.9  11.1  0.76  177.5  24.7
010420260507  1.141  8.0  199.8  11.1  0.80  173.0  24.7
010420260508  1.146  8.3  199.3  12.6  0.84  178.7  24.7
010420260509  1.151  8.4  198.6  12.6  0.84  179.1  24.7
010420260510  1.158  8.3  198.1  12.6  0.80  178.9  24.7
010420260511  1.162  8.4  197.6  12.6  0.75  179.0  24.7
010420260512  1.167  8.2  196.7  12.6  0.74  177.1  24.7
010420260513  1.172  8.1  196.5  12.6  0.78  177.6  24.7
010420260514  1.178  8.2  196.6  12.6  0.80  177.0  24.7
010420260515  1.183  8.3  197.0  12.6  0.91  176.5  24.7
010420260516  1.189  8.4  196.5  12.6  0.79  175.6  24.7
010420260517  1.195  8.4  196.5  12.6  0.88  177.6  24.7
010420260518  1.201  8.1  197.5  10.5  0.83  173.8  24.7
010420260519  1.208  8.2  198.2  10.5  0.85  173.6  24.7
010420260520  1.214  8.3  199.0  10.7  0.95  175.6  24.7
010420260521  1.219  8.1  199.1  10.7  0.94  174.3  24.7
010420260522  1.226  8.4  198.4  11.5  0.88  181.3  24.7
010420260523  1.232  8.6  198.7  11.5  0.90  180.8  24.6
010420260524  1.238  8.6  197.8  11.5  0.83  179.6  24.6
010420260525  1.243  8.6  198.4  11.5  0.81  182.8  24.6
010420260526  1.249  8.5  198.5  11.5  0.75  179.2  24.7
010420260527  1.256  8.6  197.6  11.5  0.80  185.7  24.7
010420260528  1.262  8.5  197.0  11.5  0.85  185.1  24.7
010420260529  1.267  8.5  196.8  11.5  0.81  184.2  24.7
010420260530  1.272  8.5  196.7  11.5  0.78  186.6  24.7
010420260531  1.276  8.5  197.6  11.5  0.90  183.0  24.7
010420260532  1.280  8.4  198.2  10.4  0.87  184.5  24.7
010420260533  1.285  8.2  198.3  10.4  0.79  179.9  24.7
010420260534  1.291  8.4  197.4  11.8  0.75  182.1  24.7
010420260535  1.295  8.3  196.6  11.8  0.82  177.6  24.7
010420260536  1.301  8.3  195.9  11.8  0.80  179.1  24.7
010420260537  1.305  8.3  195.7  11.8  0.88  179.0  24.7
010420260538  1.311  8.6  195.5  12.7  0.83  176.6  24.6
010420260539  1.316  8.6  194.6  12.7  0.74  178.8  24.6
010420260540  1.321  8.6  193.9  12.7  0.86  180.8  24.6
010420260541  1.325  8.5  192.7  12.7  0.74  177.0  24.6
010420260542  1.330  8.8  192.9  13.2  0.72  178.6  24.6
010420260543  1.334  8.9  191.9  13.2  0.89  178.9  24.6
010420260544  1.339  8.8  192.3  13.2  0.76  177.2  24.6
010420260545  1.343  8.9  193.2  13.2  0.78  182.7  24.6
010420260546  1.349  9.1  194.0  13.2  0.78  175.7  24.6
010420260547  1.352  9.2  194.2  13.2  0.86  179.8  24.6
010420260548  1.358  9.2  194.8  13.2  0.94  179.1  24.6
010420260549  1.363  9.4  194.0  13.2  0.79  174.0  24.6
010420260550  1.367  9.5  192.9  13.2  0.74  177.1  24.6
010420260551  1.372  9.5  193.4  13.2  0.80  178.3  24.6
010420260552  1.377  9.4  194.1  13.2  0.91  177.3  24.6
010420260553  1.380  9.3  195.3  13.2  0.87  176.8  24.6
010420260554  1.384  9.3  195.3  13.2  0.84  181.0  24.6
010420260555  1.389  9.2  194.3  13.2  0.75  173.1  24.6
010420260556  1.393  9.2  192.9  13.2  0.80  180.3  24.6
010420260557  1.397  9.1  191.9  13.2  0.80  173.5  24.6
010420260558  1.401  9.0  191.2  13.2  0.84  180.9  24.6
010420260559  1.405  9.1  193.0  13.4  0.81  180.1  24.6
010420260600  1.410  9.3  194.5  13.4  0.90  178.3  24.6
010420260601  1.414  9.5  193.7  13.4  0.80  183.3  24.6
010420260602  1.418  9.5  192.0  13.4  0.87  179.7  24.6
010420260603  1.423  9.9  192.0  14.7  0.80  177.9  24.6
010420260604  1.426  10.1  192.3  14.7  0.92  179.6  24.6
010420260605  1.428  10.4  191.5  16.2  0.86  178.7  24.6
010420260606  1.433  10.7  194.0  18.9  0.85  180.5  24.6
010420260607  1.436  10.9  194.5  18.9  0.97  178.0  24.6
010420260608  1.439  10.7  194.0  18.9  0.85  176.3  24.6
010420260609  1.443  10.3  192.9  18.9  0.82  175.7  24.6
010420260610  1.446  10.0  192.5  18.9  0.83  172.7  24.6
010420260611  1.450  10.0  192.5  18.9  0.98  177.0  24.6
010420260612  1.453  9.7  192.4  18.9  0.92  174.9  24.6
010420260613  1.456  9.0  191.3  18.9  0.87  172.7  24.6
010420260614  1.458  8.7  192.1  18.9  0.83  175.4  24.6
010420260615  1.462  8.2  192.1  18.9  0.88  177.2  24.6
010420260616  1.464  7.7  189.4  11.9  0.86  176.6  24.6
010420260617  1.468  7.6  189.7  11.9  0.78  174.3  24.6
010420260618  1.470  7.8  190.0  11.9  0.74  177.9  24.6
010420260619  1.473  8.0  190.7  12.5  0.76  176.8  24.6
010420260620  1.476  8.2  190.8  12.5  0.80  181.0  24.6
010420260621  1.478  8.4  193.2  13.1  0.84  177.8  24.6
010420260622  1.482  8.7  194.3  13.1  0.84  171.7  24.6
010420260623  1.485  9.1  195.2  13.1  0.74  174.2  24.6
010420260624  1.487  9.1  194.8  13.1  0.72  179.4  24.6
010420260625  1.491  9.4  195.7  13.1  0.85  180.6  24.6
010420260626  1.494  9.8  196.4  13.1  0.75  173.5  24.6
010420260627  1.497  9.8  196.6  13.1  0.66  176.0  24.6
010420260628  1.500  9.7  197.5  13.1  0.65  177.0  24.5
010420260629  1.502  9.3  197.9  13.1  0.77  179.5  24.5
010420260630  1.506  9.1  197.7  13.1  0.72  182.2  24.5
010420260631  1.510  8.7  197.2  12.1  0.76  180.9  24.5
010420260632  1.513  8.7  197.4  12.1  0.72  178.8  24.5
010420260633  1.516  8.8  197.1  12.1  0.70  178.4  24.5
010420260634  1.519  8.8  197.5  12.1  0.60  177.9  24.5
010420260635  1.521  8.6  197.7  11.9  0.80  171.9  24.5
010420260636  1.526  8.4  198.1  12.0  0.79  173.5  24.5
010420260637  1.530  8.6  198.5  12.1  0.71  173.3  24.5
010420260638  1.532  8.9  199.3  13.2  0.71  176.7  24.5
010420260639  1.536  9.1  199.0  13.2  0.81  174.9  24.5
010420260640  1.539  9.5  200.0  13.2  0.79  176.5  24.5
010420260641  1.544  9.6  198.5  13.2  0.61  174.7  24.5
010420260642  1.546  9.4  197.9  13.2  0.73  175.8  24.5
010420260643  1.549  9.0  198.2  13.2  0.75  176.8  24.5
010420260644  1.553  9.1  197.2  13.2  0.77  175.8  24.5
010420260645  1.556  9.2  197.8  13.2  0.72  174.4  24.5
010420260646  1.559  9.0  197.2  13.2  0.77  172.7  24.5
010420260647  1.565  8.8  196.7  13.2  0.81  170.7  24.5
010420260648  1.567  8.4  194.8  12.4  0.92  177.7  24.5
010420260649  1.572  8.2  194.4  12.4  0.77  171.0  24.5
010420260650  1.576  8.0  193.0  11.8  0.72  180.2  24.5
010420260651  1.579  7.7  193.6  11.8  0.79  174.3  24.5
010420260652  1.583  7.8  194.5  11.8  0.74  171.5  24.5
010420260653  1.587  8.0  196.2  11.8  0.77  174.6  24.5
010420260654  1.592  7.9  197.4  11.1  0.71  170.3  24.5
010420260655  1.596  7.9  196.5  11.1  0.73  173.1  24.5
010420260656  1.600  7.9  195.7  11.1  0.81  177.0  24.5
010420260657  1.605  7.7  195.3  10.7  0.71  177.7  24.5
010420260658  1.608  7.7  196.3  10.7  0.88  179.0  24.5
010420260659  1.613  8.0  195.5  12.2  0.73  173.4  24.5
010420260700  1.616  8.1  196.1  12.2  0.74  174.1  24.5
010420260701  1.619  8.3  197.0  12.2  0.71  176.8  24.5
010420260702  1.622  8.5  196.4  12.2  0.76  179.0  24.5
010420260703  1.626  8.5  195.2  12.2  0.76  173.1  24.5
010420260704  1.628  8.3  194.6  12.2  0.72  177.8  24.5
010420260705  1.631  8.1  194.1  12.2  0.64  177.8  24.5
010420260706  1.633  8.1  195.3  12.2  0.73  178.6  24.5
010420260707  1.636  8.1  195.5  12.2  0.73  177.6  24.5
010420260708  1.638  8.4  195.1  12.2  0.77  173.3  24.5
010420260709  1.641  8.3  196.5  12.0  0.67  173.1  24.4
010420260710  1.643  8.4  194.7  12.2  0.80  173.5  24.4
010420260711  1.645  8.5  193.3  12.2  0.74  173.2  24.5
010420260712  1.646  8.2  192.6  12.2  0.77  171.6  24.5
010420260713  1.647  8.1  191.1  12.2  0.75  171.8  24.5
010420260714  1.649  8.1  190.4  12.2  0.68  171.2  24.4
010420260715  1.649  8.4  190.6  12.2  0.77  176.6  24.4
010420260716  1.650  8.6  189.4  12.2  0.80  174.3  24.4
010420260717  1.650  8.7  189.3  12.2  0.81  177.2  24.4
010420260718  1.652  8.7  190.2  13.1  0.73  176.1  24.4
010420260719  1.653  8.8  189.7  13.1  0.63  170.0  24.4
010420260720  1.655  8.7  189.6  13.1  0.77  173.4  24.4
010420260721  1.655  8.4  190.1  13.1  0.67  173.8  24.4
010420260722  1.656  8.5  191.3  13.1  0.78  177.6  24.4
010420260723  1.657  8.5  192.4  13.1  0.60  175.6  24.5
010420260724  1.658  8.6  192.6  13.1  0.62  176.9  24.5
010420260725  1.660  8.6  193.1  13.1  0.68  178.0  24.5
010420260726  1.661  8.4  194.1  13.1  0.59  172.9  24.5
010420260727  1.661  8.3  193.8  13.1  0.63  170.3  24.5
010420260728  1.660  8.0  193.0  12.1  0.63  167.0  24.4
010420260729  1.660  7.6  192.2  11.0  0.54  174.9  24.4
010420260730  1.661  7.5  194.0  10.7  0.55  174.1  24.4
010420260731  1.662  7.5  193.4  10.7  0.59  171.5  24.4
010420260732  1.662  7.3  192.6  10.7  0.49  173.8  24.4
010420260733  1.661  7.2  192.5  10.7  0.67  178.9  24.4
010420260734  1.660  7.1  192.2  10.7  0.58  171.2  24.4
010420260735  1.660  7.1  192.0  10.8  0.59  179.0  24.4
010420260736  1.658  7.1  192.4  10.8  0.59  171.0  24.4
010420260737  1.659  7.2  192.6  10.8  0.54  167.9  24.4
010420260738  1.658  7.2  192.5  10.8  0.57  170.9  24.4
010420260739  1.657  7.2  192.0  10.8  0.54  170.2  24.4
010420260740  1.656  7.2  191.1  10.8  0.61  176.1  24.4
010420260741  1.656  7.2  192.1  10.8  0.41  163.8  24.4
010420260742  1.654  7.2  192.7  10.8  0.62  171.8  24.4
010420260743  1.653  7.3  191.5  10.8  0.51  176.7  24.4
010420260744  1.653  7.2  191.0  10.8  0.58  178.7  24.4
010420260745  1.651  7.0  190.0  9.2  0.51  172.5  24.4
010420260746  1.651  6.8  188.5  9.2  0.42  170.2  24.4
010420260747  1.650  6.7  187.6  9.2  0.58  168.1  24.4
010420260748  1.649  6.4  184.8  9.2  0.55  169.1  24.4
010420260749  1.648  6.6  183.0  11.3  0.50  174.2  24.4
010420260750  1.648  6.7  181.6  12.3  0.51  172.3  24.4
010420260751  1.647  6.6  179.0  12.3  0.50  170.7  24.4
010420260752  1.646  6.9  177.6  12.3  0.45  173.8  24.4
010420260753  1.644  7.0  178.2  12.3  0.38  159.5  24.4
010420260754  1.642  7.2  177.6  12.3  0.47  167.2  24.4
010420260755  1.642  7.3  178.2  12.3  0.55  177.6  24.4
010420260756  1.642  7.4  177.5  12.3  0.40  176.8  24.4
010420260757  1.641  7.7  180.0  13.3  0.42  165.7  24.4
010420260758  1.641  8.1  181.5  13.3  0.43  176.5  24.4
010420260759  1.642  8.0  182.1  13.3  0.35  183.2  24.4
010420260800  1.642  7.8  183.3  13.3  0.33  172.5  24.4
010420260801  1.641  7.9  184.6  13.3  0.29  171.1  24.4
010420260802  1.641  7.7  185.4  13.3  0.41  177.3  24.4
010420260803  1.640  7.5  185.6  13.3  0.35  164.7  24.4
010420260804  1.639  7.4  186.4  13.3  0.41  169.6  24.4
010420260805  1.640  7.2  186.9  13.3  0.32  167.8  24.4
010420260806  1.640  7.4  189.8  13.3  0.42  173.3  24.4
010420260807  1.640  7.1  188.6  10.5  0.34  157.2  24.4
010420260808  1.639  6.9  190.5  10.5  0.48  178.0  24.4
010420260809  1.639  6.9  192.2  10.5  0.32  165.9  24.4
010420260810  1.639  6.9  191.7  10.5  0.46  179.5  24.4
010420260811  1.640  6.8  192.4  10.5  0.43  176.0  24.4
010420260812  1.640  6.7  192.8  10.5  0.40  175.4  24.4
010420260813  1.637  6.7  193.2  10.5  0.47  178.9  24.4
010420260814  1.637  6.7  195.0  10.5  0.48  175.5  24.4
010420260815  1.636  6.8  194.4  10.5  0.45  185.5  24.4
010420260816  1.636  6.7  193.1  9.8  0.42  186.8  24.4
010420260817  1.635  6.8  194.0  9.8  0.36  182.2  24.4
010420260818  1.636  6.8  193.5  9.8  0.45  174.8  24.4
010420260819  1.635  6.7  194.9  9.8  0.47  178.8  24.4
010420260820  1.633  6.6  195.4  9.8  0.38  171.9  24.5
010420260821  1.633  6.4  194.7  9.8  0.34  179.1  24.5
010420260822  1.633  6.1  194.4  9.8  0.49  178.9  24.5
010420260823  1.632  5.8  192.2  9.8  0.47  172.6  24.5
010420260824  1.632  5.4  188.3  9.8  0.47  176.9  24.4
010420260825  1.631  5.1  187.7  9.8  0.48  173.7  24.5
010420260826  1.630  4.6  186.0  8.6  0.45  172.6  24.5
010420260827  1.629  4.1  182.4  7.8  0.45  180.2  24.5
010420260828  1.626  3.7  180.1  7.8  0.44  179.1  24.5
010420260829  1.625  3.4  175.6  7.8  0.38  179.9  24.5
010420260830  1.623  3.0  171.4  6.2  0.45  175.9  24.5
010420260831  1.620  2.7  167.3  6.2  0.52  183.1  24.5
010420260832  1.617  2.6  162.4  6.2  0.38  174.2  24.5
010420260833  1.615  2.5  163.8  6.2  0.30  174.4  24.5
010420260834  1.613  2.3  164.7  6.2  0.29  186.1  24.5
010420260835  1.608  2.5  161.2  6.3  0.24  167.5  24.5
010420260836  1.606  2.8  161.1  9.0  0.41  182.7  24.5
010420260837  1.603  2.9  161.4  9.0  0.39  183.1  24.6
010420260838  1.599  2.9  151.7  9.0  0.35  178.7  24.6
010420260839  1.597  3.0  150.6  9.0  0.35  174.9  24.6
010420260840  1.595  3.3  149.6  9.0  0.32  166.6  24.6
010420260841  1.592  3.5  150.3  9.0  0.31  170.8  24.6
010420260842  1.590  3.8  152.4  9.0  0.28  165.4  24.6
010420260843  1.586  4.0  151.4  9.0  0.26  174.0  24.6
010420260844  1.582  4.0  151.0  9.0  0.23  160.9  24.6
010420260845  1.580  4.0  154.5  9.0  0.23  159.4  24.6
010420260846  1.577  4.0  155.7  9.5  0.34  171.9  24.6
010420260847  1.575  4.1  158.3  9.5  0.35  176.0  24.6
010420260848  1.572  4.4  166.8  9.5  0.22  180.1  24.6
010420260849  1.570  4.3  168.3  9.5  0.08  132.6  24.7
010420260850  1.566  4.4  170.6  9.5  0.18  176.9  24.7
010420260851  1.562  4.4  174.9  9.5  0.11  145.7  24.7
010420260852  1.558  4.4  178.6  9.5  0.24  172.0  24.7
010420260853  1.555  4.6  181.3  9.5  0.16  153.1  24.7
010420260854  1.552  4.7  177.9  9.5  0.13  152.6  24.7
010420260855  1.550  4.5  172.5  9.5  0.24  165.1  24.7
010420260856  1.546  4.3  172.6  7.1  0.27  160.7  24.7
010420260857  1.542  4.1  170.3  7.1  0.29  168.1  24.7
010420260858  1.539  3.9  168.3  7.1  0.24  162.0  24.7
010420260859  1.536  4.1  169.2  7.1  0.21  163.7  24.7
010420260900  1.533  4.0  165.4  7.1  0.24  145.7  24.7
010420260901  1.530  4.0  158.7  7.1  0.19  114.3  24.7
010420260902  1.526  4.3  154.6  12.3  0.16  159.9  24.7
010420260903  1.522  4.3  150.8  12.3  0.23  164.5  24.7
010420260904  1.518  4.5  155.2  12.3  0.14  138.3  24.7
010420260905  1.514  4.5  159.7  12.3  0.21  135.6  24.8
010420260906  1.511  4.7  162.2  12.3  0.23  156.2  24.8
010420260907  1.506  5.1  160.9  12.3  0.17  103.3  24.8
010420260908  1.502  5.8  160.9  12.9  0.06  67.8  24.8
010420260909  1.497  6.2  160.5  13.5  0.17  139.1  24.8
010420260910  1.492  6.6  162.4  13.5  0.09  110.3  24.8
010420260911  1.488  7.3  169.7  15.5  0.05  59.4  24.8
010420260912  1.482  7.8  174.0  15.8  0.12  165.9  24.8
010420260913  1.477  8.3  176.0  15.8  0.11  150.1  24.8
010420260914  1.472  8.6  179.8  15.8  0.05  45.5  24.8
010420260915  1.467  9.1  179.7  15.8  0.13  165.3  24.8
010420260916  1.461  9.1  178.9  15.8  0.08  147.8  24.8
010420260917  1.455  9.2  180.3  15.8  0.11  31.6  24.8
010420260918  1.450  9.0  182.2  15.8  0.11  49.0  24.8
010420260919  1.446  8.8  183.1  15.8  0.08  16.6  24.8
010420260920  1.441  8.6  182.7  15.8  0.07  53.9  24.8
010420260921  1.435  7.9  181.2  15.8  0.11  59.4  24.8
010420260922  1.428  7.2  179.9  15.8  0.24  21.9  24.8
010420260923  1.423  6.8  180.9  14.5  0.12  29.9  24.8
010420260924  1.418  6.7  180.7  14.5  0.18  23.6  24.8
010420260925  1.412  6.6  181.1  12.3  0.21  35.8  24.8
010420260926  1.407  6.6  179.2  12.3  0.17  17.9  24.8
010420260927  1.402  6.4  178.5  12.3  0.15  26.8  24.8
010420260928  1.396  6.1  175.7  12.3  0.12  31.0  24.8
010420260929  1.391  6.0  173.9  12.3  0.17  34.8  24.9
010420260930  1.386  6.0  174.2  12.3  0.30  10.0  24.9
010420260931  1.382  6.2  170.6  12.3  0.29  11.2  24.9
010420260932  1.377  6.5  169.9  12.3  0.18  11.8  24.9
010420260933  1.373  6.4  168.9  12.3  0.36  13.4  24.9
010420260934  1.368  6.1  164.2  12.3  0.16  3.0  24.9
010420260935  1.364  5.5  162.0  12.0  0.17  16.6  24.9
010420260936  1.358  5.3  160.4  12.0  0.24  12.4  24.9
010420260937  1.355  5.1  162.5  12.0  0.33  5.2  24.9
010420260938  1.351  5.2  164.2  12.0  0.13  9.1  24.9
010420260939  1.346  5.3  165.9  12.0  0.35  2.6  24.9
010420260940  1.343  5.4  164.6  12.0  0.21  352.4  25.0
010420260941  1.338  5.3  164.8  11.3  0.22  357.0  25.0
010420260942  1.333  5.1  162.2  10.6  0.29  352.2  25.0
010420260943  1.330  5.3  160.6  10.6  0.36  3.8  25.0
010420260944  1.326  5.6  164.6  10.6  0.24  350.2  25.0
010420260945  1.322  6.1  171.4  11.9  0.18  6.2  24.9
010420260946  1.318  6.6  176.5  11.9  0.28  358.2  24.9
010420260947  1.312  7.1  176.2  12.8  0.47  3.3  24.9
010420260948  1.308  7.2  177.6  12.8  0.38  359.1  24.9
010420260949  1.305  7.2  175.4  12.8  0.39  4.2  24.9
010420260950  1.301  6.9  176.0  12.8  0.44  359.4  24.9
010420260951  1.297  6.8  176.5  12.8  0.44  3.9  24.9
010420260952  1.292  6.6  179.3  12.8  0.48  1.0  24.9
010420260953  1.288  6.3  179.9  12.8  0.47  7.9  24.9
010420260954  1.283  6.5  180.3  12.8  0.55  8.4  24.9
010420260955  1.278  6.6  174.2  14.6  0.54  12.9  24.9
010420260956  1.272  6.4  173.3  14.6  0.48  10.0  24.9
010420260957  1.268  6.2  174.0  14.6  0.54  7.7  24.9
010420260958  1.263  6.3  171.7  14.6  0.50  10.0  24.9
010420260959  1.258  6.2  172.8  14.6  0.61  3.2  24.9
010420261000  1.253  6.4  172.4  14.6  0.61  6.7  24.9
010420261001  1.247  6.2  174.1  14.6  0.52  8.5  24.9
010420261002  1.243  6.3  172.9  14.6  0.57  4.7  24.8
010420261003  1.238  6.4  174.1  14.6  0.69  8.2  24.8
010420261004  1.234  5.8  170.3  14.6  0.58  2.5  24.8
010420261005  1.230  5.2  170.3  10.8  0.62  2.0  24.8
010420261006  1.225  5.0  164.0  10.8  0.62  2.8  24.8
010420261007  1.221  5.0  160.8  10.8  0.57  0.9  24.8
010420261008  1.217  4.8  161.0  10.8  0.55  3.5  24.8
010420261009  1.213  4.7  159.4  10.8  0.55  7.2  24.8
010420261010  1.208  4.3  163.5  10.4  0.68  8.7  24.8
010420261011  1.205  4.7  162.8  10.4  0.52  359.7  24.8
010420261012  1.201  4.8  163.2  10.4  0.59  359.9  24.8
010420261013  1.197  5.3  163.1  12.1  0.59  7.9  24.8
010420261014  1.193  5.2  161.3  12.1  0.56  4.4  24.8
010420261015  1.186  5.1  159.5  12.1  0.60  8.0  24.8
010420261016  1.183  4.8  159.0  12.1  0.69  14.5  24.8
010420261017  1.178  4.7  156.1  12.1  0.70  7.3  24.8
010420261018  1.173  4.4  154.3  12.1  0.72  16.5  24.8
010420261019  1.169  4.6  157.5  12.1  0.72  17.1  24.8
010420261020  1.162  4.9  155.6  12.1  0.86  15.2  24.8
010420261021  1.158  4.6  156.3  12.1  0.76  15.3  24.8
010420261022  1.153  4.6  153.3  12.1  0.77  16.2  24.8
010420261023  1.147  4.3  152.2  9.6  0.79  15.6  24.8
010420261024  1.141  4.4  157.1  9.6  0.83  14.7  24.8
010420261025  1.136  4.6  161.0  9.6  0.84  14.8  24.8
010420261026  1.131  5.0  165.5  9.6  0.83  12.4  24.8
010420261027  1.126  5.3  170.6  9.6  0.83  10.3  24.8
010420261028  1.120  5.5  174.4  9.6  0.82  10.5  24.8
010420261029  1.116  5.6  177.5  10.2  0.84  12.3  24.8
010420261030  1.111  5.1  175.5  10.2  0.83  9.6  24.8
010420261031  1.106  5.2  173.2  10.2  0.84  11.6  24.8
010420261032  1.101  5.2  174.9  10.2  0.86  11.8  24.8
010420261033  1.097  5.3  174.8  10.2  0.85  14.7  24.8
010420261034  1.094  5.5  174.7  10.2  0.80  14.7  24.8
010420261035  1.089  5.5  174.6  10.2  0.84  15.9  24.8
010420261036  1.085  5.2  173.4  10.2  0.84  14.8  24.8
010420261037  1.080  4.9  174.2  10.2  0.93  11.1  24.8
010420261038  1.076  5.0  171.8  10.2  1.00  14.5  24.8
010420261039  1.072  5.3  171.0  10.9  0.88  15.2  24.8
010420261040  1.067  5.8  176.0  11.3  0.93  15.5  24.8
010420261041  1.061  5.8  178.3  11.3  0.95  15.7  24.8
010420261042  1.057  5.9  179.3  11.3  1.03  15.1  24.8
010420261043  1.051  5.7  178.8  11.3  0.87  22.1  24.8
010420261044  1.046  6.0  179.9  12.2  0.86  17.4  24.8
010420261045  1.041  5.9  179.7  12.2  0.97  19.8  24.8
010420261046  1.036  5.9  179.3  12.2  0.89  20.1  24.8
010420261047  1.030  6.0  175.5  12.2  0.96  20.2  24.8
010420261048  1.025  5.9  173.7  12.2  0.78  19.7  24.8
010420261049  1.019  5.8  168.9  12.2  0.86  22.2  24.8
010420261050  1.012  5.6  165.5  12.2  0.98  18.1  24.8
010420261051  1.007  5.7  162.4  12.2  0.76  15.8  24.8
010420261052  1.000  5.7  161.9  12.2  0.91  14.5  24.8
010420261053  0.992  5.5  160.7  12.2  0.85  18.8  24.8
010420261054  0.985  5.0  154.8  10.5  0.95  20.1  24.8
010420261055  0.979  5.1  152.9  10.5  0.88  14.2  24.8
010420261056  0.972  5.3  152.3  10.5  0.87  19.0  24.8
010420261057  0.966  5.5  152.5  10.5  0.92  17.2  24.8
010420261058  0.960  5.4  151.0  10.5  0.88  19.5  24.8
010420261059  0.953  5.0  150.7  9.6  0.89  18.0  24.8
010420261100  0.947  4.8  150.2  9.6  0.98  14.3  24.8
010420261101  0.941  4.7  149.2  9.6  0.84  19.3  24.8
010420261102  0.936  4.6  146.6  9.6  0.92  19.5  24.8
010420261103  0.930  4.9  146.6  9.6  0.85  17.2  24.8
010420261104  0.924  5.3  143.6  13.0  0.89  15.5  24.8
010420261105  0.918  5.2  144.2  13.0  0.94  16.8  24.8
010420261106  0.913  5.1  143.8  13.0  1.01  15.5  24.8
010420261107  0.906  5.2  143.3  14.6  1.11  16.6  24.8
010420261108  0.901  5.4  143.7  14.6  0.89  15.9  24.8
010420261109  0.895  5.6  144.9  14.6  0.93  13.6  24.8
010420261110  0.889  6.0  147.7  14.6  0.94  16.4  24.8
010420261111  0.883  6.2  148.6  14.6  0.87  15.5  24.8
010420261112  0.878  6.5  150.7  14.6  1.01  18.3  24.8
010420261113  0.874  6.6  152.1  14.6  0.99  15.4  24.8
010420261114  0.867  6.4  155.5  14.6  0.92  13.7  24.8
010420261115  0.862  6.4  156.9  14.6  0.89  14.6  24.8
010420261116  0.857  6.4  158.4  14.6  0.86  14.0  24.8
010420261117  0.853  6.3  159.5  11.8  0.88  17.8  24.8
010420261118  0.849  5.9  161.6  11.8  0.89  17.5  24.8
010420261119  0.844  5.8  162.0  11.8  0.95  13.9  24.8
010420261120  0.838  5.4  161.7  11.8  0.98  15.9  24.8
010420261121  0.833  5.4  163.8  11.8  0.88  17.0  24.8
010420261122  0.828  5.1  162.5  11.0  0.87  13.2  24.8
010420261123  0.823  4.7  159.5  10.5  0.86  17.0  24.8
010420261124  0.817  4.7  159.3  10.5  0.90  20.7  24.8
010420261125  0.811  4.7  154.5  10.5  0.92  17.4  24.8
010420261126  0.808  4.8  152.1  10.5  0.79  18.2  24.8
010420261127  0.803  4.7  150.4  8.8  0.90  19.2  24.8
010420261128  0.798  4.8  147.9  8.8  0.91  17.5  24.8
010420261129  0.791  4.9  146.9  8.8  0.85  16.2  24.8
010420261130  0.786  5.0  150.0  8.8  0.90  16.5  24.8
010420261131  0.780  5.1  149.2  9.7  0.86  15.6  24.8
010420261132  0.776  5.6  150.2  12.9  0.98  16.6  24.8
010420261133  0.771  6.0  152.5  12.9  0.93  19.6  24.8
010420261134  0.764  5.9  151.4  12.9  1.03  21.3  24.8
010420261135  0.759  6.0  155.7  12.9  0.95  17.3  24.8
010420261136  0.753  6.0  156.4  12.9  0.82  18.5  24.8
010420261137  0.748  6.0  156.1  12.9  0.96  17.6  24.8
010420261138  0.743  5.8  156.5  12.9  0.85  13.0  24.8
010420261139  0.736  6.0  155.8  12.9  0.88  15.7  24.8
010420261140  0.730  6.0  150.6  12.9  0.95  15.6  24.8
010420261141  0.724  5.7  148.5  12.9  0.96  15.1  24.8
010420261142  0.717  5.2  147.1  11.3  0.94  14.6  24.8
010420261143  0.711  5.0  146.9  11.3  0.99  13.7  24.8
010420261144  0.706  4.8  150.6  11.3  0.88  16.0  24.8
010420261145  0.700  4.7  148.2  8.9  1.01  12.7  24.8
010420261146  0.695  4.5  144.3  8.9  0.83  13.1  24.8
010420261147  0.689  4.8  147.2  11.2  0.84  16.5  24.8
010420261148  0.685  5.3  149.3  13.4  0.93  12.3  24.8
010420261149  0.680  5.4  148.1  13.4  1.00  14.7  24.8
010420261150  0.675  5.5  151.0  13.4  0.94  13.2  24.8
010420261151  0.671  5.7  153.6  13.4  0.91  16.3  24.8
010420261152  0.666  6.2  154.0  13.4  0.74  13.3  24.8
010420261153  0.661  6.2  152.0  13.4  0.88  10.5  24.8
010420261154  0.656  6.5  150.9  13.4  0.95  9.2  24.9
010420261155  0.651  6.7  149.6  13.4  1.01  11.2  24.9
010420261156  0.646  7.0  153.1  13.4  0.94  11.7  24.9
010420261157  0.641  7.0  153.8  13.4  0.91  14.2  24.9
010420261158  0.636  6.7  151.9  11.9  0.89  12.2  24.9
010420261159  0.632  6.4  154.2  11.8  0.93  13.4  24.9
010420261200  0.628  6.4  154.9  11.8  0.79  13.1  24.9
010420261201  0.624  6.7  154.2  15.1  0.95  14.7  24.9
010420261202  0.619  6.6  154.3  15.1  0.79  14.5  24.9
010420261203  0.615  6.9  156.9  15.1  0.79  16.5  24.9
010420261204  0.612  6.5  156.2  15.1  0.86  15.1  24.9
010420261205  0.607  6.1  156.9  15.1  0.83  14.0  24.9
010420261206  0.603  5.9  155.4  15.1  0.81  11.9  24.9
010420261207  0.600  5.8  152.5  15.1  0.96  15.5  24.9
010420261208  0.594  5.9  155.7  15.1  0.89  12.9  24.9
010420261209  0.590  6.1  156.0  15.1  1.00  14.0  24.9
010420261210  0.587  6.2  156.1  15.1  0.97  15.5  24.9
010420261211  0.582  6.0  157.9  11.5  0.85  14.7  24.9
010420261212  0.576  6.0  156.4  11.5  1.04  12.5  24.9
010420261213  0.573  5.7  154.7  10.0  0.90  10.7  24.9
010420261214  0.568  6.0  153.0  10.0  0.95  15.9  24.9
010420261215  0.561  6.2  152.1  10.0  0.97  15.3  24.9
010420261216  0.557  6.2  152.7  10.0  0.82  16.6  24.9
010420261217  0.551  5.9  155.1  10.0  0.82  14.5  24.9
010420261218  0.546  5.5  153.5  9.8  0.88  16.4  24.9
010420261219  0.541  5.2  152.3  9.8  0.91  16.0  24.9
010420261220  0.538  4.8  152.2  9.8  0.89  10.0  24.9
010420261221  0.532  4.8  148.9  9.8  0.96  13.1  24.9
010420261222  0.527  4.6  153.0  9.1  0.84  16.5  24.9
010420261223  0.522  4.6  158.4  9.2  0.93  15.6  25.0
010420261224  0.518  4.4  159.7  9.2  1.08  14.0  25.0
010420261225  0.513  4.3  161.5  9.2  0.92  14.9  25.0
010420261226  0.508  4.2  161.1  9.2  0.89  19.3  25.0
010420261227  0.502  4.4  157.3  9.2  0.87  17.6  25.0
010420261228  0.500  4.7  155.0  9.2  0.95  16.7  25.0
010420261229  0.496  4.6  156.8  9.2  0.87  18.3  25.0
010420261230  0.492  4.4  156.8  9.2  0.87  18.1  25.0
010420261231  0.487  4.2  156.5  9.2  0.98  10.2  25.0
010420261232  0.483  4.1  153.5  9.2  0.86  13.1  25.0
010420261233  0.478  3.8  146.0  8.2  1.02  14.8  25.0
010420261234  0.473  3.9  147.5  8.2  0.87  16.3  25.0
010420261235  0.468  4.3  147.9  9.1  0.91  12.9  25.0
010420261236  0.465  4.6  153.6  9.1  0.88  13.9  25.0
010420261237  0.460  4.6  154.8  9.1  0.93  18.6  25.0
010420261238  0.455  4.7  153.7  11.0  0.91  11.6  25.0
010420261239  0.449  4.9  150.6  11.0  0.97  13.0  25.0
010420261240  0.444  5.2  146.8  11.0  0.88  12.4  25.0
010420261241  0.439  5.4  145.1  12.8  0.88  15.7  25.0
010420261242  0.435  5.8  142.6  12.8  0.93  14.6  25.0
010420261243  0.431  6.0  142.7  12.8  0.86  15.9  25.0
010420261244  0.427  6.0  142.0  12.8  0.99  14.1  25.0
010420261245  0.423  5.7  139.0  12.8  1.04  13.2  25.1
010420261246  0.418  5.5  132.1  12.8  0.99  16.1  25.1
010420261247  0.414  5.4  130.2  12.8  1.04  13.8  25.1
010420261248  0.410  5.0  129.2  12.8  0.95  13.5  25.1
010420261249  0.406  4.4  127.2  12.8  1.02  17.7  25.1
010420261250  0.400  4.0  126.7  12.8  0.87  13.5  25.1
010420261251  0.396  3.5  127.6  8.8  0.91  14.5  25.1
010420261252  0.393  3.0  127.6  8.5  0.94  11.5  25.1
010420261253  0.388  3.0  125.9  8.5  0.98  12.7  25.1
010420261254  0.386  2.8  124.4  7.8  0.97  16.6  25.1
010420261255  0.383  2.5  126.4  7.8  0.88  16.1  25.1
010420261256  0.378  2.4  128.4  7.7  0.87  13.3  25.1
010420261257  0.376  2.5  139.2  9.2  0.93  15.2  25.1
010420261258  0.373  2.6  143.5  9.2  0.91  15.7  25.1
010420261259  0.370  3.0  143.5  9.2  0.89  15.2  25.1
010420261300  0.366  3.6  142.9  11.5  0.87  13.0  25.1
010420261301  0.363  3.9  139.2  11.5  0.85  16.6  25.1
010420261302  0.361  4.2  138.0  11.5  0.86  17.4  25.1
010420261303  0.357  4.1  141.1  11.5  0.96  12.2  25.1
010420261304  0.355  4.2  139.2  11.5  0.77  14.0  25.1
010420261305  0.351  4.5  140.0  11.5  1.06  15.1  25.1
010420261306  0.349  4.8  138.2  11.5  0.91  17.1  25.1
010420261307  0.346  4.8  129.7  11.5  0.97  14.8  25.1
010420261308  0.343  4.9  127.5  11.5  0.82  16.2  25.1
010420261309  0.341  5.0  126.2  11.5  0.89  16.1  25.1
010420261310  0.337  4.5  124.7  10.9  0.77  13.9  25.1
010420261311  0.334  4.2  127.6  10.9  0.92  11.5  25.1
010420261312  0.331  4.0  128.2  10.9  0.79  13.1  25.1
010420261313  0.328  4.2  126.9  10.9  0.98  18.0  25.1
010420261314  0.326  4.3  122.9  10.9  0.92  14.2  25.1
010420261315  0.321  4.2  122.3  10.0  0.71  16.1  25.1
010420261316  0.319  4.0  124.0  10.0  0.79  13.8  25.1
010420261317  0.317  4.1  125.1  10.0  0.96  16.3  25.1
010420261318  0.315  4.2  120.6  10.0  0.78  16.3  25.2
010420261319  0.313  4.5  124.3  12.5  0.92  14.0  25.2
010420261320  0.312  4.9  126.9  12.5  0.86  18.8  25.2
010420261321  0.311  5.3  127.8  12.5  0.82  13.7  25.2
010420261322  0.309  5.2  124.6  12.5  0.69  12.6  25.2
010420261323  0.307  5.4  124.6  12.5  0.76  13.9  25.2
010420261324  0.306  5.4  129.9  12.5  0.86  16.9  25.2
010420261325  0.304  5.4  127.6  12.5  0.78  16.9  25.2
010420261326  0.302  5.4  126.5  12.5  0.81  14.7  25.2
010420261327  0.300  5.3  126.9  12.5  0.80  15.5  25.2
010420261328  0.300  5.3  130.8  12.5  0.74  16.9  25.2
010420261329  0.299  4.9  128.3  10.6  0.80  16.7  25.2
010420261330  0.297  4.8  124.6  13.9  0.77  19.3  25.2
010420261331  0.295  4.8  123.9  13.9  0.79  17.3  25.2
010420261332  0.294  4.7  128.5  13.9  0.78  14.9  25.2
010420261333  0.292  4.6  131.0  13.9  0.76  14.0  25.2
010420261334  0.290  4.6  129.6  13.9  0.71  16.3  25.2
010420261335  0.289  4.5  132.2  13.9  0.69  14.7  25.2
010420261336  0.287  4.4  132.8  13.9  0.83  17.4  25.2
010420261337  0.287  4.5  136.8  13.9  0.69  15.2  25.2
010420261338  0.285  4.5  131.3  13.9  0.65  18.3  25.2
010420261339  0.283  4.4  131.4  13.9  0.89  16.2  25.2
010420261340  0.281  4.2  133.0  9.4  0.74  19.2  25.2
010420261341  0.281  3.9  132.7  9.4  0.72  15.9  25.2
010420261342  0.280  4.0  133.4  9.4  0.83  15.0  25.2
010420261343  0.280  4.0  132.7  9.4  0.77  16.3  25.2
010420261344  0.278  3.7  132.1  9.4  0.75  18.6  25.2
010420261345  0.278  3.8  127.2  10.2  0.72  14.5  25.2
010420261346  0.278  4.1  124.5  10.2  0.71  18.1  25.2
010420261347  0.278  3.9  121.1  10.2  0.77  13.5  25.3
010420261348  0.277  4.2  128.7  11.1  0.77  17.8  25.3
010420261349  0.276  4.5  128.1  11.1  0.65  16.2  25.3
010420261350  0.275  4.4  125.9  11.1  0.71  15.3  25.3
010420261351  0.274  4.4  123.7  11.1  0.66  20.5  25.3
010420261352  0.272  4.6  120.6  11.1  0.66  14.4  25.3
010420261353  0.271  4.3  118.6  11.1  0.62  17.2  25.3
010420261354  0.270  4.6  118.5  11.1  0.80  15.6  25.3
010420261355  0.269  4.6  122.7  11.1  0.78  18.9  25.3
010420261356  0.266  4.3  126.2  11.1  0.78  18.7  25.3
010420261357  0.264  4.5  127.3  11.1  0.69  17.2  25.3
010420261358  0.262  4.2  126.5  10.8  0.64  17.1  25.3
010420261359  0.260  3.9  126.1  8.5  0.70  17.7  25.3
010420261400  0.258  4.0  129.4  8.5  0.74  20.0  25.3
010420261401  0.259  3.8  133.2  8.5  0.59  22.1  25.3
010420261402  0.257  3.7  138.6  8.3  0.79  19.3  25.3
010420261403  0.256  4.0  138.7  8.3  0.58  23.2  25.4
010420261404  0.255  4.3  137.3  9.7  0.66  22.1  25.4
010420261405  0.254  4.2  139.6  9.7  0.62  19.0  25.4
010420261406  0.252  4.2  139.9  9.7  0.61  19.5  25.4
010420261407  0.250  3.9  138.0  9.7  0.62  19.6  25.4
010420261408  0.249  4.0  137.6  9.7  0.62  19.6  25.4
010420261409  0.248  4.1  137.5  9.7  0.77  17.5  25.4
010420261410  0.247  4.2  136.5  9.7  0.62  18.5  25.4
010420261411  0.247  4.9  134.7  10.0  0.60  18.2  25.4
010420261412  0.246  5.0  129.9  10.0  0.71  16.0  25.4
010420261413  0.246  4.8  129.2  10.0  0.72  21.9  25.4
010420261414  0.245  4.5  130.4  10.0  0.62  21.3  25.4
010420261415  0.245  4.5  127.9  10.0  0.76  20.6  25.4
010420261416  0.243  4.5  125.2  10.0  0.63  15.0  25.4
010420261417  0.242  4.5  127.9  10.0  0.68  17.4  25.4
010420261418  0.244  4.5  127.2  10.0  0.62  20.3  25.4
010420261419  0.244  4.4  129.9  10.0  0.57  25.6  25.4
010420261420  0.245  4.3  132.0  10.0  0.61  20.8  25.4
010420261421  0.246  4.0  131.2  9.3  0.69  17.8  25.4
010420261422  0.248  4.0  131.7  9.3  0.66  21.4  25.4
010420261423  0.248  4.3  127.6  9.3  0.56  21.5  25.4
010420261424  0.249  4.0  130.8  7.9  0.67  24.1  25.4
010420261425  0.250  4.0  129.3  7.9  0.53  23.0  25.4
010420261426  0.252  4.2  129.6  7.9  0.68  21.4  25.4
010420261427  0.253  4.4  129.3  7.9  0.55  21.2  25.4
010420261428  0.253  4.2  130.9  7.7  0.53  21.9  25.4
010420261429  0.256  4.4  130.5  8.7  0.57  20.5  25.4
010420261430  0.257  4.4  127.9  9.5  0.53  23.5  25.4
010420261431  0.258  4.5  127.7  9.5  0.41  25.9  25.4
010420261432  0.259  4.6  128.4  9.5  0.53  21.8  25.4
010420261433  0.259  4.4  129.0  9.5  0.48  27.3  25.4
010420261434  0.261  4.6  126.2  9.5  0.43  33.3  25.4
010420261435  0.261  4.6  129.3  9.5  0.47  23.8  25.4
010420261436  0.264  4.3  131.7  9.5  0.40  21.5  25.4
010420261437  0.266  4.2  132.6  9.5  0.41  31.0  25.4
010420261438  0.269  4.2  130.5  9.5  0.39  20.5  25.4
010420261439  0.269  3.9  130.0  9.5  0.48  22.3  25.4
010420261440  0.271  3.8  132.2  8.8  0.35  21.4  25.4
010420261441  0.271  3.6  131.4  8.8  0.41  24.7  25.4
010420261442  0.272  3.7  130.6  8.8  0.53  20.4  25.4
010420261443  0.272  3.7  134.4  8.2  0.54  16.4  25.4
010420261444  0.273  3.7  135.9  8.2  0.51  18.1  25.4
010420261445  0.277  3.6  134.2  8.2  0.43  17.3  25.5
010420261446  0.280  3.8  131.4  8.2  0.45  10.5  25.4
010420261447  0.281  3.9  128.4  8.2  0.47  4.8  25.5
010420261448  0.284  3.7  127.3  8.2  0.49  9.1  25.4
010420261449  0.286  3.7  128.2  8.2  0.59  3.9  25.4
010420261450  0.288  3.8  129.8  8.2  0.50  356.5  25.4
010420261451  0.290  3.9  131.9  8.2  0.52  4.6  25.4
010420261452  0.294  3.8  132.2  7.4  0.44  5.0  25.4
010420261453  0.296  4.0  132.3  8.0  0.46  357.0  25.4
010420261454  0.301  4.2  131.3  8.0  0.30  358.8  25.4
010420261455  0.306  4.5  132.0  8.0  0.37  352.5  25.4
010420261456  0.310  4.3  132.1  8.0  0.43  4.5  25.4
010420261457  0.312  4.3  130.8  8.0  0.39  357.6  25.4
010420261458  0.319  4.5  133.0  8.0  0.34  352.6  25.4
010420261459  0.324  4.5  133.1  8.0  0.43  350.1  25.5
010420261500  0.328  4.4  131.4  8.0  0.45  356.3  25.5
010420261501  0.334  4.6  131.2  8.0  0.29  352.2  25.4
010420261502  0.339  4.6  131.7  8.0  0.28  0.7  25.4
010420261503  0.344  4.5  131.2  7.6  0.26  353.2  25.4
010420261504  0.347  4.5  131.1  9.3  0.27  344.9  25.4
010420261505  0.352  4.2  128.6  9.3  0.27  347.1  25.5
010420261506  0.358  4.2  131.7  9.3  0.30  348.7  25.5
010420261507  0.363  4.2  135.5  9.3  0.21  341.3  25.5
010420261508  0.369  4.2  135.6  9.3  0.24  351.6  25.5
010420261509  0.373  4.1  136.3  9.3  0.25  334.7  25.5
010420261510  0.376  4.0  135.8  9.3  0.21  342.2  25.5
010420261511  0.380  4.0  133.6  9.3  0.27  355.9  25.5
010420261512  0.384  3.8  133.9  9.3  0.15  334.0  25.5
010420261513  0.388  3.6  131.3  9.3  0.25  353.4  25.5
010420261514  0.394  3.5  128.9  8.3  0.16  342.2  25.5
010420261515  0.398  3.8  129.4  9.7  0.13  353.1  25.5
010420261516  0.402  3.8  130.8  9.7  0.21  337.5  25.5
010420261517  0.405  3.8  131.1  9.7  0.28  350.5  25.5
010420261518  0.409  3.6  134.4  9.7  0.11  351.9  25.5
010420261519  0.411  3.8  138.4  9.7  nan  nan  nan
010420261520  0.416  3.7  140.5  9.7  0.04  292.8  25.5
010420261521  0.422  3.5  147.4  9.7  0.04  69.9  25.5
010420261522  0.426  3.4  150.4  9.7  0.10  219.1  25.5
010420261523  0.430  3.5  155.8  9.7  0.03  237.7  25.5
010420261524  0.434  3.9  161.7  9.7  nan  nan  nan
010420261525  0.436  3.8  164.6  9.2  0.07  17.7  25.5
010420261526  0.440  3.6  164.5  9.2  0.09  352.0  25.5
010420261527  0.445  3.7  162.1  9.2  0.07  357.8  25.5
010420261528  0.448  3.9  156.5  10.0  nan  nan  nan
010420261529  0.452  3.9  148.0  10.0  0.08  184.6  25.5
010420261530  0.458  4.1  144.6  10.0  0.04  190.0  25.5
010420261531  0.462  4.1  144.2  10.0  0.07  156.7  25.5
010420261532  0.466  4.1  143.9  10.0  0.10  146.6  25.5
010420261533  0.470  4.4  141.2  10.0  0.11  191.0  25.5
010420261534  0.475  4.2  137.7  10.0  0.15  177.1  25.5
010420261535  0.480  4.3  140.7  10.0  0.32  175.0  25.5
010420261536  0.485  4.7  135.9  10.6  0.27  176.5  25.5
010420261537  0.491  4.7  135.6  10.6  0.36  180.6  25.5
010420261538  0.494  4.5  136.5  10.6  0.13  172.6  25.5
010420261539  0.498  4.3  139.4  10.6  0.35  173.4  25.5
010420261540  0.502  4.4  141.5  10.6  0.25  168.2  25.5
010420261541  0.506  4.7  141.6  10.6  0.33  180.5  25.5
010420261542  0.511  4.8  142.2  10.6  0.24  164.0  25.5
010420261543  0.516  4.7  144.2  10.6  0.19  170.4  25.5
010420261544  0.520  4.7  146.8  10.6  0.30  182.3  25.5
010420261545  0.524  5.1  147.1  12.4  0.30  174.9  25.5
010420261546  0.529  4.9  150.9  12.4  0.36  181.0  25.5
010420261547  0.532  5.1  153.9  12.4  0.29  176.9  25.5
010420261548  0.536  5.5  156.6  12.4  0.34  181.5  25.5
010420261549  0.538  5.7  159.2  12.4  0.28  176.1  25.5
010420261550  0.542  5.7  163.2  12.4  0.22  180.1  25.5
010420261551  0.546  5.9  162.3  12.4  0.42  171.3  25.5
010420261552  0.550  6.0  160.4  12.4  0.29  170.9  25.5
010420261553  0.554  6.0  160.1  12.4  0.25  182.5  25.4
010420261554  0.558  6.2  157.3  12.4  0.10  153.6  25.4
010420261555  0.564  6.0  157.5  11.2  0.23  165.2  25.4
010420261556  0.569  6.2  157.3  11.2  0.17  188.7  25.4
010420261557  0.572  6.2  156.8  11.2  0.20  184.3  25.4
010420261558  0.578  6.3  154.3  11.2  0.24  185.3  25.4
010420261559  0.583  6.4  154.1  11.2  0.23  189.5  25.4
010420261600  0.587  6.4  151.2  11.2  0.18  179.9  25.4
010420261601  0.591  6.4  150.8  11.2  0.36  193.7  25.4
010420261602  0.597  6.3  152.7  10.5  0.25  200.3  25.4
010420261603  0.601  6.3  153.1  10.5  0.08  198.1  25.4
010420261604  0.605  6.2  154.7  10.7  0.28  175.0  25.4
010420261605  0.611  6.2  153.0  10.7  0.32  186.2  25.4
010420261606  0.616  6.0  155.9  10.7  0.20  190.0  25.4
010420261607  0.621  5.7  154.8  10.7  0.55  182.4  25.4
010420261608  0.626  5.6  153.5  10.7  0.42  183.3  25.4
010420261609  0.631  5.7  152.3  12.2  0.28  187.6  25.4
010420261610  0.636  5.7  153.1  12.2  0.35  182.0  25.4
010420261611  0.640  5.7  153.8  12.2  0.33  197.5  25.4
010420261612  0.644  5.7  154.4  12.2  0.50  184.0  25.4
010420261613  0.649  5.8  153.4  12.2  0.30  194.4  25.4
010420261614  0.654  5.7  154.2  12.2  0.41  190.0  25.4
010420261615  0.658  5.6  154.7  12.2  0.33  186.7  25.4
010420261616  0.663  5.9  151.9  12.2  0.40  190.3  25.4
010420261617  0.666  5.9  152.6  12.2  0.33  185.7  25.4
010420261618  0.670  5.8  155.3  12.2  0.40  187.2  25.4
010420261619  0.675  5.5  153.8  10.5  0.41  190.0  25.4
010420261620  0.678  5.6  154.0  10.5  0.32  196.6  25.4
010420261621  0.682  5.4  152.8  10.5  0.37  190.9  25.4
010420261622  0.685  5.1  152.7  10.5  0.42  193.2  25.4
010420261623  0.690  5.2  154.3  10.5  0.37  193.6  25.4
010420261624  0.695  5.1  152.3  10.5  0.32  193.2  25.4
010420261625  0.699  5.4  153.9  10.5  0.45  183.3  25.4
010420261626  0.704  5.2  155.5  10.5  0.45  182.8  25.4
010420261627  0.708  5.3  156.8  10.5  0.60  185.3  25.4
010420261628  0.711  5.1  156.2  9.1  0.41  187.3  25.4
010420261629  0.716  5.2  157.1  9.1  0.47  183.4  25.4
010420261630  0.721  5.3  155.9  9.1  0.40  178.1  25.4
010420261631  0.726  5.4  158.0  9.1  0.55  184.8  25.4
010420261632  0.731  5.5  158.2  9.1  0.57  181.5  25.4
010420261633  0.736  5.6  157.8  13.0  0.51  178.0  25.3
010420261634  0.741  5.7  159.8  13.0  0.56  177.5  25.3
010420261635  0.746  5.8  157.5  13.0  0.39  177.3  25.3
010420261636  0.751  5.9  158.7  13.0  0.52  177.5  25.3
010420261637  0.755  5.9  157.3  13.0  0.55  178.6  25.3
010420261638  0.762  6.2  155.9  13.0  0.61  178.5  25.3
010420261639  0.767  6.4  155.8  13.0  0.59  179.0  25.3
010420261640  0.774  6.5  157.0  13.0  0.53  181.9  25.3
010420261641  0.779  6.5  154.8  13.0  0.58  181.2  25.3
010420261642  0.785  6.6  153.5  13.0  0.62  179.3  25.3
010420261643  0.791  6.4  152.7  10.8  0.53  178.5  25.3
010420261644  0.796  5.9  151.6  10.8  0.51  178.5  25.3
010420261645  0.802  5.5  151.1  10.8  0.55  177.9  25.3
010420261646  0.807  5.3  150.3  10.8  0.66  183.9  25.3
010420261647  0.812  5.1  150.4  10.8  0.59  177.5  25.3
010420261648  0.818  4.6  151.5  10.8  0.61  176.2  25.3
010420261649  0.823  4.4  151.2  10.5  0.64  176.3  25.3
010420261650  0.829  3.9  150.7  7.9  0.64  178.9  25.3
010420261651  0.833  3.8  154.4  7.5  0.71  177.1  25.3
010420261652  0.839  4.0  156.2  8.6  0.69  177.4  25.3
010420261653  0.844  3.9  158.3  8.6  0.57  177.3  25.3
010420261654  0.849  4.1  156.5  8.6  0.64  184.3  25.3
010420261655  0.854  4.0  156.7  8.6  0.68  183.0  25.3
010420261656  0.861  4.3  152.6  9.0  0.78  185.0  25.3
010420261657  0.867  4.5  154.3  10.2  0.74  180.5  25.3
010420261658  0.872  4.8  153.5  11.8  0.69  182.7  25.3
010420261659  0.878  4.9  153.2  11.8  0.74  178.6  25.3
010420261700  0.883  5.2  152.4  11.8  0.78  183.0  25.3
010420261701  0.889  5.4  149.8  11.8  0.75  180.0  25.3
010420261702  0.894  5.3  150.7  11.8  0.79  180.1  25.3
010420261703  0.898  5.3  150.1  11.8  0.84  182.1  25.3
010420261704  0.904  5.3  152.2  11.8  0.80  183.4  25.3
010420261705  0.909  5.5  153.4  11.8  0.71  179.3  25.3
010420261706  0.913  5.6  158.0  11.8  0.67  184.5  25.3
010420261707  0.918  5.7  156.7  11.8  0.77  186.8  25.3
010420261708  0.925  5.7  157.0  10.5  0.73  184.5  25.3
010420261709  0.928  5.7  159.4  10.5  0.78  176.5  25.3
010420261710  0.932  5.9  159.9  13.4  0.81  176.5  25.3
010420261711  0.937  6.2  162.4  13.4  0.84  180.2  25.3
010420261712  0.942  6.5  162.5  13.4  0.94  174.8  25.3
010420261713  0.949  6.7  163.9  13.4  0.81  177.0  25.3
010420261714  0.953  7.0  163.1  13.4  1.01  180.9  25.4
010420261715  0.959  6.9  164.3  13.4  0.88  180.0  25.4
010420261716  0.964  6.8  163.4  13.4  0.88  181.4  25.4
010420261717  0.969  6.7  164.0  13.4  0.90  180.9  25.4
010420261718  0.975  6.7  165.0  13.4  0.85  180.5  25.4
010420261719  0.981  6.8  164.5  13.4  0.87  177.2  25.4
010420261720  0.987  6.6  164.1  12.7  0.86  176.8  25.4
010420261721  0.993  5.9  161.4  12.5  0.77  174.8  25.4
010420261722  1.000  5.5  158.0  9.1  0.75  181.6  25.4
010420261723  1.005  5.6  155.2  9.9  0.80  177.3  25.4
010420261724  1.010  5.2  155.2  9.9  0.79  177.3  25.4
010420261725  1.016  5.1  155.4  9.9  0.78  177.3  25.4
010420261726  1.023  5.3  152.9  10.7  0.74  177.7  25.4
010420261727  1.029  5.5  152.5  10.7  0.81  181.7  25.4
010420261728  1.036  5.5  151.5  10.7  0.78  182.3  25.4
010420261729  1.041  5.4  150.8  10.7  0.78  181.7  25.4
010420261730  1.048  5.3  150.6  10.7  0.69  174.0  25.4
010420261731  1.053  5.3  151.7  10.7  0.63  179.1  25.4
010420261732  1.060  5.2  152.0  10.7  0.75  180.5  25.4
010420261733  1.067  4.9  152.5  10.7  0.78  181.7  25.4
010420261734  1.074  5.1  153.5  10.7  0.83  179.3  25.4
010420261735  1.078  5.0  152.9  10.7  0.80  177.4  25.4
010420261736  1.085  4.5  153.1  9.7  0.87  177.5  25.4
010420261737  1.090  4.2  152.3  7.4  0.79  172.7  25.4
010420261738  1.097  3.9  150.8  7.4  0.78  179.1  25.4
010420261739  1.103  3.9  148.4  7.4  0.89  177.6  25.4
010420261740  1.108  3.7  147.7  7.4  0.88  179.0  25.4
010420261741  1.113  3.6  149.3  7.4  0.74  178.1  25.4
010420261742  1.117  3.5  152.2  7.4  0.82  178.8  25.4
010420261743  1.122  3.5  152.1  7.4  0.75  182.0  25.4
010420261744  1.126  3.4  150.9  7.4  0.79  183.1  25.4
010420261745  1.130  3.4  149.7  7.4  0.78  182.0  25.4
010420261746  1.133  3.6  149.6  7.4  0.81  178.2  25.4
010420261747  1.138  3.8  149.8  9.2  0.77  182.2  25.4
010420261748  1.143  3.7  154.4  9.2  0.74  180.1  25.4
010420261749  1.148  3.8  160.4  9.2  0.72  180.7  25.4
010420261750  1.152  4.1  166.2  9.2  0.68  182.8  25.4
010420261751  1.156  4.3  171.0  9.2  0.82  182.4  25.4
010420261752  1.160  4.3  171.9  9.2  0.80  181.5  25.4
010420261753  1.165  4.4  173.5  9.2  0.72  178.6  25.4
010420261754  1.170  4.5  177.1  9.2  0.78  190.9  25.4
010420261755  1.175  4.6  175.1  9.2  0.77  190.0  25.4
010420261756  1.179  4.4  177.2  9.2  0.63  199.4  25.4
010420261757  1.184  4.4  182.2  8.1  0.74  193.6  25.4
010420261758  1.189  4.5  179.5  8.1  0.68  191.6  25.4
010420261759  1.194  4.4  178.9  8.1  0.60  194.5  25.4
010420261800  1.200  4.2  175.5  8.1  0.69  192.8  25.4
010420261801  1.205  4.3  174.3  8.2  0.57  191.4  25.4
010420261802  1.208  4.1  171.4  8.2  0.63  190.2  25.4
010420261803  1.214  4.1  167.2  8.2  0.67  192.7  25.4
010420261804  1.219  3.8  161.9  8.2  0.56  188.0  25.4
010420261805  1.225  3.9  166.1  8.2  0.66  191.7  25.4
010420261806  1.229  4.1  168.7  8.2  0.67  193.3  25.4
010420261807  1.236  4.0  164.5  8.2  0.81  188.6  25.4
010420261808  1.241  3.7  161.3  8.2  0.68  191.1  25.4
010420261809  1.246  3.6  161.5  8.2  0.87  189.7  25.4
010420261810  1.251  3.5  166.7  8.2  0.79  186.1  25.4
010420261811  1.257  3.4  164.6  6.6  0.97  186.2  25.4
010420261812  1.261  3.8  172.0  9.6  0.82  186.2  25.4
010420261813  1.267  4.3  178.6  9.7  0.96  181.6  25.4
010420261814  1.272  4.9  183.7  9.7  0.82  180.3  25.4
010420261815  1.278  5.2  183.9  9.7  0.93  182.9  25.4
010420261816  1.282  5.1  183.4  9.7  0.82  183.9  25.4
010420261817  1.287  5.3  186.6  9.7  0.79  180.9  25.4
010420261818  1.291  5.7  190.6  9.7  0.77  181.5  25.4
010420261819  1.294  5.8  189.9  9.7  0.89  178.2  25.4
010420261820  1.299  5.8  188.0  9.7  0.86  181.7  25.4
010420261821  1.303  5.5  187.4  9.7  0.88  181.3  25.4
010420261822  1.308  5.1  184.8  9.7  0.98  183.0  25.4
010420261823  1.312  4.7  182.4  9.6  0.74  175.4  25.4
010420261824  1.317  4.2  177.6  8.5  0.92  180.1  25.4
010420261825  1.322  3.8  174.3  8.5  0.80  177.2  25.4
010420261826  1.326  3.6  175.0  8.5  0.84  180.5  25.4
010420261827  1.330  3.4  171.5  8.5  0.83  181.9  25.4
010420261828  1.335  3.2  165.0  8.5  0.83  179.8  25.4
010420261829  1.339  3.2  158.2  8.5  0.80  184.8  25.4
010420261830  1.346  3.2  153.1  7.4  0.81  185.3  25.4
010420261831  1.349  3.3  152.7  7.4  0.68  179.2  25.4
010420261832  1.353  3.3  153.4  7.4  0.77  182.3  25.4
010420261833  1.358  3.2  151.3  7.4  0.88  178.4  25.4
010420261834  1.363  3.1  153.1  7.4  0.84  180.8  25.4
010420261835  1.367  3.1  151.8  7.4  0.72  180.9  25.4
010420261836  1.371  3.1  147.0  7.4  0.77  175.6  25.4
010420261837  1.374  3.1  148.7  7.4  0.74  182.4  25.4
010420261838  1.379  3.0  150.7  7.4  0.64  174.7  25.4
010420261839  1.383  2.8  156.5  7.2  0.78  180.1  25.4
010420261840  1.389  2.8  159.1  7.2  0.82  182.7  25.4
010420261841  1.392  2.5  157.3  7.2  0.85  179.9  25.4
010420261842  1.397  2.3  148.0  7.2  0.75  175.4  25.4
010420261843  1.401  1.8  147.1  7.2  0.82  184.2  25.4
010420261844  1.405  1.8  142.0  7.2  0.85  176.0  25.4
010420261845  1.410  1.7  147.3  7.2  0.73  177.3  25.4
010420261846  1.414  1.7  154.2  7.2  0.80  176.8  25.4
010420261847  1.418  1.7  147.4  7.2  0.69  172.6  25.4
010420261848  1.422  1.9  138.5  7.4  0.81  175.5  25.4
010420261849  1.426  2.1  129.7  7.4  0.68  178.9  25.4
010420261850  1.430  2.2  123.7  7.4  0.80  178.4  25.4
010420261851  1.433  2.4  129.2  7.4  0.81  181.6  25.4
010420261852  1.436  2.6  136.4  7.4  0.74  176.6  25.4
010420261853  1.439  3.0  139.0  7.4  0.82  174.5  25.4
010420261854  1.442  3.0  138.8  7.4  0.69  175.6  25.4
010420261855  1.446  3.0  131.9  7.4  0.79  176.5  25.4
010420261856  1.449  3.0  130.2  7.4  0.76  180.3  25.4
010420261857  1.453  2.9  129.2  7.4  0.75  176.1  25.4
010420261858  1.456  2.6  128.6  7.2  0.76  179.4  25.3
010420261859  1.460  2.3  128.4  7.0  0.74  175.0  25.3
010420261900  1.463  2.1  133.4  7.0  0.70  176.7  25.3
010420261901  1.465  1.9  136.8  7.0  0.73  176.5  25.3
010420261902  1.468  1.6  138.2  5.5  0.70  176.4  25.3
010420261903  1.471  1.3  141.2  5.1  0.58  176.4  25.3
010420261904  1.473  1.2  140.2  5.1  0.65  177.3  25.3
010420261905  1.476  1.2  153.6  4.3  0.70  174.4  25.3
010420261906  1.479  1.3  153.9  4.3  0.74  174.9  25.3
010420261907  1.481  1.4  154.6  4.3  0.78  177.9  25.3
010420261908  1.485  1.6  166.2  4.3  0.70  176.2  25.3
010420261909  1.487  1.9  174.2  4.3  0.64  178.5  25.3
010420261910  1.491  2.0  172.3  4.3  0.71  184.7  25.3
010420261911  1.495  1.9  170.4  4.3  0.69  176.9  25.3
010420261912  1.498  2.0  162.2  4.8  0.60  175.2  25.3
010420261913  1.501  2.1  157.0  4.8  0.60  177.0  25.3
010420261914  1.504  2.2  161.0  4.8  0.72  181.3  25.3
010420261915  1.506  2.2  164.9  4.8  0.71  174.0  25.3
010420261916  1.508  2.4  166.0  4.8  0.79  178.3  25.3
010420261917  1.511  2.5  169.8  4.8  0.68  175.0  25.3
010420261918  1.514  2.4  171.3  4.8  0.70  176.1  25.3
010420261919  1.517  2.2  172.2  4.8  0.59  179.9  25.3
010420261920  1.519  2.2  177.2  4.8  0.67  179.1  25.3
010420261921  1.521  2.4  182.7  4.8  0.66  176.2  25.3
010420261922  1.524  2.7  185.0  6.7  0.62  178.7  25.3
010420261923  1.525  3.0  187.3  6.7  0.68  179.2  25.3
010420261924  1.526  3.1  185.7  6.7  0.78  179.7  25.3
010420261925  1.528  3.1  181.1  6.7  0.60  174.4  25.3
010420261926  1.530  3.1  177.9  6.7  0.48  167.9  25.3
010420261927  1.531  3.3  175.3  6.7  0.58  178.0  25.3
010420261928  1.533  3.5  174.7  6.7  0.65  178.3  25.3
010420261929  1.535  3.8  176.5  6.7  0.68  178.6  25.3
010420261930  1.536  4.0  176.6  6.7  0.66  174.6  25.3
010420261931  1.538  4.1  176.6  6.7  0.52  168.8  25.3
010420261932  1.540  3.9  182.0  6.6  0.49  182.5  25.3
010420261933  1.541  3.9  186.9  6.6  0.63  181.3  25.3
010420261934  1.542  4.3  190.1  7.8  0.57  183.5  25.3
010420261935  1.543  4.6  193.3  7.8  0.60  178.9  25.3
010420261936  1.545  5.0  197.0  7.8  0.62  176.3  25.3
010420261937  1.546  5.3  199.4  7.8  0.56  174.9  25.3
010420261938  1.547  5.4  200.0  7.8  0.59  173.5  25.3
010420261939  1.549  5.5  199.3  7.8  0.63  175.5  25.3
010420261940  1.550  5.7  199.5  7.8  0.63  172.0  25.3
010420261941  1.551  5.8  199.0  7.8  0.62  169.5  25.3
010420261942  1.552  6.1  197.2  8.2  0.51  176.4  25.3
010420261943  1.553  6.1  194.8  8.2  0.64  180.9  25.3
010420261944  1.554  5.9  193.7  8.2  0.54  181.6  25.3
010420261945  1.556  5.7  194.2  8.2  0.47  179.3  25.3
010420261946  1.558  5.4  194.3  8.2  0.54  186.9  25.3
010420261947  1.561  5.4  194.4  8.2  0.65  179.3  25.3
010420261948  1.563  5.3  194.5  8.2  0.64  177.5  25.3
010420261949  1.564  5.2  194.8  8.2  0.43  169.4  25.3
010420261950  1.566  5.1  195.6  8.2  0.52  177.4  25.3
010420261951  1.567  5.1  195.9  8.2  0.51  172.6  25.3
010420261952  1.570  4.7  196.3  7.6  0.64  178.0  25.3
010420261953  1.573  4.5  196.0  7.1  0.60  175.9  25.3
010420261954  1.574  4.2  195.2  7.1  0.61  175.4  25.3
010420261955  1.576  4.0  193.9  7.1  0.54  174.2  25.3
010420261956  1.578  3.9  192.0  7.1  0.46  176.1  25.3
010420261957  1.579  3.9  189.0  7.1  0.47  172.8  25.3
010420261958  1.581  3.6  185.6  7.1  0.57  175.5  25.3
010420261959  1.583  3.6  184.9  7.1  0.50  175.3  25.3
010420262000  1.584  3.5  182.2  7.1  0.62  174.5  25.3
010420262001  1.585  3.3  178.5  6.5  0.62  178.9  25.3
010420262002  1.586  3.2  178.0  6.5  0.50  177.5  25.3
010420262003  1.586  3.5  180.5  6.5  0.55  173.0  25.3
010420262004  1.587  3.7  181.6  6.5  0.67  181.7  25.3
010420262005  1.589  4.0  183.5  6.5  0.56  177.5  25.3
010420262006  1.590  4.0  185.9  6.5  0.57  177.0  25.3
010420262007  1.589  3.9  189.0  6.5  0.42  178.6  25.3
010420262008  1.589  4.0  191.3  6.5  0.51  178.4  25.3
010420262009  1.590  4.1  191.1  6.7  0.54  179.1  25.3
010420262010  1.590  4.1  190.0  6.7  0.52  179.3  25.3
010420262011  1.590  4.0  191.9  6.7  0.51  176.4  25.4
010420262012  1.591  4.2  191.1  6.7  0.45  177.6  25.4
010420262013  1.591  4.3  189.2  7.5  0.49  168.7  25.4
010420262014  1.591  4.5  187.3  8.0  0.37  171.7  25.4
010420262015  1.592  4.6  184.9  8.0  0.47  182.6  25.4
010420262016  1.592  4.8  183.9  8.6  0.50  172.1  25.4
010420262017  1.592  5.1  183.8  8.6  0.51  173.6  25.4
010420262018  1.592  5.3  182.8  8.6  0.54  179.1  25.4
010420262019  1.590  5.4  180.3  8.6  0.47  169.2  25.4
010420262020  1.590  5.6  181.2  8.6  0.43  173.1  25.4
010420262021  1.590  6.1  181.4  11.3  0.50  177.0  25.4
010420262022  1.590  6.5  182.8  11.3  0.52  176.3  25.4
010420262023  1.590  6.7  181.8  11.3  0.43  173.6  25.4
010420262024  1.589  6.8  182.5  12.0  0.49  171.4  25.4
010420262025  1.588  6.6  183.5  12.0  0.36  175.5  25.4
010420262026  1.586  6.5  182.3  12.0  0.47  175.5  25.4
010420262027  1.585  6.3  180.9  12.0  0.51  185.6  25.4
010420262028  1.584  6.1  182.0  12.0  0.45  181.8  25.4
010420262029  1.583  6.0  183.2  12.0  0.58  176.0  25.4
010420262030  1.581  5.9  183.5  12.0  0.55  177.3  25.4
010420262031  1.579  5.5  184.3  12.0  0.50  180.6  25.4
010420262032  1.576  5.1  183.0  12.0  0.32  162.5  25.4
010420262033  1.575  4.7  185.7  12.0  0.34  169.0  25.4
010420262034  1.574  4.4  186.2  7.5  0.54  170.9  25.4
010420262035  1.571  4.3  184.9  7.5  0.43  170.4  25.4
010420262036  1.570  4.2  185.6  7.5  0.35  162.6  25.4
010420262037  1.570  4.2  187.1  7.5  0.40  163.9  25.4
010420262038  1.567  4.3  187.3  6.9  0.32  153.3  25.4
010420262039  1.565  4.5  188.6  7.2  0.45  161.7  25.4
010420262040  1.562  4.4  188.4  7.2  0.31  169.0  25.4
010420262041  1.560  4.4  186.3  7.2  0.41  167.1  25.4
010420262042  1.557  4.4  187.0  7.2  0.28  163.4  25.4
010420262043  1.555  4.4  186.1  7.2  0.32  165.6  25.4
010420262044  1.553  4.5  185.5  7.2  0.22  137.5  25.5
010420262045  1.551  4.6  186.8  7.2  0.45  167.9  25.5
010420262046  1.549  4.7  187.8  7.2  0.35  164.3  25.5
010420262047  1.546  4.8  187.5  7.2  0.42  170.1  25.5
010420262048  1.544  4.7  184.7  7.2  0.45  178.3  25.5
010420262049  1.542  4.5  182.9  6.8  0.29  177.3  25.5
010420262050  1.538  4.7  183.5  7.8  0.23  162.4  25.5
010420262051  1.536  4.8  185.0  7.8  0.26  171.6  25.5
010420262052  1.532  4.8  183.7  7.8  0.20  155.2  25.5
010420262053  1.532  4.7  183.2  7.8  0.38  176.7  25.5
010420262054  1.530  4.6  183.6  7.8  0.23  176.6  25.5
010420262055  1.526  4.6  184.2  8.1  0.31  177.8  25.5
010420262056  1.524  4.7  183.6  8.1  0.31  162.3  25.5
010420262057  1.522  4.9  183.3  8.1  0.39  173.1  25.5
010420262058  1.518  5.2  184.5  12.4  0.27  166.9  25.5
010420262059  1.516  5.2  185.2  12.4  0.19  166.3  25.5
010420262100  1.514  5.1  183.7  12.4  0.12  125.3  25.5
010420262101  1.511  5.1  183.0  12.4  0.10  138.8  25.5
010420262102  1.508  5.5  183.8  12.4  0.30  168.2  25.5
010420262103  1.505  5.7  183.9  12.4  0.09  140.5  25.5
010420262104  1.502  5.8  185.4  12.4  0.22  159.7  25.5
010420262105  1.501  5.7  184.9  12.4  0.16  165.0  25.5
010420262106  1.497  5.7  186.0  12.4  0.14  121.9  25.5
010420262107  1.495  5.8  187.2  12.4  0.19  137.8  25.5
010420262108  1.493  5.4  189.1  8.8  0.23  142.6  25.5
010420262109  1.491  5.5  190.3  8.8  0.17  153.8  25.5
010420262110  1.488  5.4  191.2  8.8  0.28  160.0  25.5
010420262111  1.487  5.4  191.0  8.8  0.28  155.3  25.5
010420262112  1.484  5.3  192.7  7.9  0.31  170.4  25.5
010420262113  1.482  5.5  196.3  8.0  0.30  178.6  25.5
010420262114  1.482  5.8  196.8  8.2  0.24  168.4  25.5
010420262115  1.480  5.9  197.3  8.2  0.23  176.4  25.5
010420262116  1.479  5.9  197.5  8.2  0.17  165.2  25.5
010420262117  1.476  5.9  198.5  8.2  0.23  159.0  25.5
010420262118  1.475  6.2  198.0  8.2  0.20  145.8  25.5
010420262119  1.471  6.4  198.4  9.2  0.13  149.8  25.5
010420262120  1.469  6.8  199.2  9.9  0.15  157.8  25.5
010420262121  1.467  7.1  200.1  10.7  0.18  176.4  25.5
010420262122  1.466  7.3  200.0  10.7  0.20  161.2  25.5
010420262123  1.465  7.3  198.7  10.7  0.19  158.7  25.5
010420262124  1.461  7.2  197.9  10.7  0.33  173.8  25.5
010420262125  1.459  7.3  197.9  10.7  0.20  164.4  25.5
010420262126  1.457  7.6  199.2  10.7  0.15  162.4  25.5
010420262127  1.454  7.6  198.2  10.7  0.09  155.2  25.5
010420262128  1.450  7.4  197.6  10.7  0.13  156.8  25.5
010420262129  1.447  7.0  196.5  10.7  0.13  135.6  25.5
010420262130  1.444  6.8  195.4  10.7  0.25  164.8  25.5
010420262131  1.440  6.5  194.8  10.6  0.12  125.3  25.5
010420262132  1.438  6.4  195.0  10.6  0.15  160.4  25.6
010420262133  1.435  6.2  195.1  9.3  0.16  158.1  25.6
010420262134  1.432  6.2  195.8  9.3  0.10  150.8  25.6
010420262135  1.429  6.0  196.0  9.3  0.14  163.4  25.6
010420262136  1.425  5.7  194.1  9.1  0.15  148.7  25.6
010420262137  1.422  5.4  194.3  8.0  0.22  164.8  25.6
010420262138  1.419  5.4  196.3  8.0  0.10  100.0  25.6
010420262139  1.416  5.4  197.3  8.0  0.06  140.8  25.6
010420262140  1.411  5.4  198.0  8.0  0.10  133.4  25.6
010420262141  1.408  5.4  198.9  8.0  0.15  55.0  25.6
010420262142  1.405  5.3  199.0  7.3  0.07  76.8  25.6
010420262143  1.401  5.4  199.9  7.3  0.11  32.8  25.6
010420262144  1.398  5.5  200.5  7.5  0.03  35.0  25.6
010420262145  1.394  5.6  200.8  7.9  0.11  119.7  25.6
010420262146  1.392  5.8  200.1  8.5  0.08  358.7  25.6
010420262147  1.388  5.9  200.3  8.5  0.04  141.2  25.6
010420262148  1.384  5.9  199.8  8.5  0.15  12.9  25.6
010420262149  1.380  6.1  199.2  8.5  nan  nan  nan
010420262150  1.376  6.1  199.4  8.5  0.05  29.2  25.6
010420262151  1.373  6.1  199.4  8.5  0.18  5.0  25.6
010420262152  1.368  6.2  198.6  8.5  0.08  354.2  25.6
010420262153  1.364  6.1  198.6  8.5  0.15  4.1  25.6
010420262154  1.358  6.1  198.2  8.5  0.13  18.7  25.6
010420262155  1.355  5.9  197.8  8.5  0.18  3.3  25.6
010420262156  1.350  5.8  198.7  8.4  0.16  2.2  25.6
010420262157  1.346  5.8  198.3  8.4  0.20  6.6  25.6
010420262158  1.341  5.9  197.7  8.4  0.25  7.3  25.6
010420262159  1.337  5.8  199.1  8.5  0.16  5.8  25.6
010420262200  1.332  5.9  199.9  8.5  0.22  2.7  25.6
010420262201  1.328  6.1  200.0  8.5  0.17  340.4  25.6
010420262202  1.323  6.1  201.1  8.9  0.19  9.4  25.6
010420262203  1.319  6.2  200.9  8.9  0.21  352.4  25.6
010420262204  1.315  6.3  201.0  8.9  0.25  9.6  25.6
010420262205  1.311  6.3  201.0  8.9  0.11  347.1  25.6
010420262206  1.307  6.4  200.4  8.9  0.22  354.9  25.6
010420262207  1.302  6.6  200.7  8.9  0.24  2.1  25.6
010420262208  1.297  6.6  201.3  8.9  0.20  359.8  25.6
010420262209  1.292  6.7  201.0  8.9  0.19  10.0  25.6
010420262210  1.288  6.6  200.7  8.9  0.31  1.0  25.6
010420262211  1.283  6.6  200.5  8.9  0.29  351.4  25.6
010420262212  1.278  6.5  199.7  8.6  0.28  354.3  25.6
010420262213  1.275  6.4  200.3  8.6  0.16  336.3  25.6
010420262214  1.270  6.3  200.3  8.6  0.39  353.7  25.6
010420262215  1.266  6.4  201.0  8.6  0.18  345.9  25.6
010420262216  1.262  6.3  201.8  8.6  0.22  350.8  25.5
010420262217  1.258  6.3  203.1  8.6  0.31  2.7  25.5
010420262218  1.253  6.2  202.4  8.6  0.17  354.1  25.5
010420262219  1.250  6.0  202.6  8.6  0.22  355.2  25.5
010420262220  1.245  6.0  203.5  8.6  0.30  9.6  25.5
010420262221  1.242  5.9  203.1  8.2  0.31  356.6  25.5
010420262222  1.239  5.8  203.8  8.2  0.32  3.7  25.5
010420262223  1.235  5.8  203.1  7.9  0.32  5.8  25.5
010420262224  1.231  5.8  202.5  7.4  0.49  1.7  25.5
010420262225  1.227  5.8  201.8  7.8  0.35  6.2  25.5
010420262226  1.224  5.8  200.9  7.8  0.39  7.4  25.5
010420262227  1.218  5.8  200.0  7.9  0.50  5.6  25.5
010420262228  1.216  5.9  199.9  7.9  0.45  1.5  25.5
010420262229  1.212  6.1  200.1  7.9  0.53  4.9  25.5
010420262230  1.208  6.1  199.9  7.9  0.51  9.3  25.5
010420262231  1.205  6.2  199.9  7.9  0.49  6.6  25.5
010420262232  1.201  6.2  199.6  7.9  0.59  2.9  25.5
010420262233  1.196  6.2  198.9  7.9  0.51  3.7  25.5
010420262234  1.192  6.3  198.4  7.9  0.53  0.9  25.5
010420262235  1.187  6.4  198.6  7.9  0.60  5.7  25.5
010420262236  1.183  6.5  199.2  7.9  0.65  3.5  25.5
010420262237  1.178  6.5  199.3  7.8  0.49  2.2  25.5
010420262238  1.175  6.5  199.6  7.8  0.66  2.6  25.5
010420262239  1.169  6.5  199.6  7.8  0.61  0.5  25.5
010420262240  1.164  6.5  199.6  8.6  0.64  2.3  25.5
010420262241  1.158  6.7  200.4  9.9  0.68  8.9  25.5
010420262242  1.153  6.8  200.2  9.9  0.56  9.8  25.5
010420262243  1.147  6.9  200.3  9.9  0.56  3.6  25.5
010420262244  1.141  6.8  200.5  9.9  0.61  10.7  25.5
010420262245  1.135  6.6  200.1  9.9  0.71  5.6  25.5
010420262246  1.128  6.5  199.4  9.9  0.79  9.7  25.5
010420262247  1.122  6.6  199.7  9.9  0.65  7.6  25.5
010420262248  1.116  6.8  200.3  9.9  0.65  9.1  25.5
010420262249  1.110  6.9  199.7  9.9  0.59  10.9  25.5
010420262250  1.104  6.9  199.3  9.9  0.74  14.9  25.5
010420262251  1.097  6.7  199.0  8.6  0.78  10.6  25.5
010420262252  1.092  6.6  198.5  8.6  0.75  11.2  25.5
010420262253  1.086  6.4  198.7  8.6  0.85  6.7  25.5
010420262254  1.080  6.5  199.3  8.6  0.85  9.1  25.4
010420262255  1.075  6.6  198.8  8.6  0.88  10.0  25.4
010420262256  1.069  6.6  199.6  8.6  0.76  8.5  25.4
010420262257  1.063  6.5  198.5  8.6  0.87  7.6  25.4
010420262258  1.057  6.4  198.5  8.6  0.86  14.0  25.4
010420262259  1.052  6.3  198.8  8.3  0.91  12.3  25.4
010420262300  1.047  6.4  198.7  8.6  0.87  7.3  25.4
010420262301  1.042  6.5  199.3  8.6  0.86  12.2  25.4
010420262302  1.037  6.7  200.0  8.7  0.95  8.9  25.4
010420262303  1.032  6.9  200.1  8.7  0.90  10.5  25.4
010420262304  1.028  6.9  200.1  8.7  0.91  11.3  25.4
010420262305  1.024  7.0  201.4  8.7  1.00  10.0  25.4
010420262306  1.019  6.9  201.8  8.7  0.94  9.9  25.4
010420262307  1.014  7.0  201.8  8.7  0.87  12.4  25.4
010420262308  1.009  6.9  201.6  8.7  1.01  13.1  25.4
010420262309  1.005  6.8  201.5  8.7  0.92  12.0  25.4
010420262310  1.000  6.9  202.2  9.1  0.87  15.9  25.4
010420262311  0.995  6.9  202.2  9.1  1.08  13.1  25.4
010420262312  0.989  6.9  202.6  9.1  0.87  13.8  25.4
010420262313  0.984  6.8  202.2  9.1  0.92  11.0  25.4
010420262314  0.980  6.7  201.2  9.1  0.89  13.4  25.4
010420262315  0.975  6.7  200.9  9.1  0.90  11.5  25.4
010420262316  0.969  6.8  200.1  9.1  0.96  15.3  25.4
010420262317  0.964  6.8  200.9  9.1  0.94  18.0  25.4
010420262318  0.959  6.9  200.6  9.1  0.91  18.6  25.4
010420262319  0.954  6.9  200.6  9.1  0.96  15.5  25.4
010420262320  0.950  6.7  200.1  8.5  0.86  17.7  25.4
010420262321  0.945  6.5  199.3  8.2  0.93  18.2  25.4
010420262322  0.938  6.4  198.4  8.0  0.87  18.9  25.4
010420262323  0.933  6.3  198.7  8.0  0.82  19.4  25.4
010420262324  0.927  6.4  199.9  8.0  0.90  17.3  25.4
010420262325  0.923  6.4  200.0  8.0  0.84  17.8  25.4
010420262326  0.917  6.4  200.2  8.0  0.80  22.9  25.4
010420262327  0.914  6.3  199.1  8.0  0.78  17.6  25.4
010420262328  0.908  6.3  199.5  8.0  0.81  19.9  25.4
010420262329  0.903  6.3  199.6  8.0  0.71  20.6  25.4
010420262330  0.898  6.4  199.0  8.0  0.77  20.4  25.4
010420262331  0.892  6.3  198.8  8.0  0.87  15.4  25.4
010420262332  0.887  6.3  199.3  8.0  0.82  19.0  25.3
010420262333  0.882  6.4  199.8  8.2  0.88  22.9  25.3
010420262334  0.878  6.5  199.7  8.5  0.85  20.2  25.3
010420262335  0.873  6.5  199.5  9.0  0.89  18.6  25.3
010420262336  0.868  6.7  200.1  9.0  0.78  13.5  25.3
010420262337  0.864  6.9  200.9  9.2  0.87  20.9  25.3
010420262338  0.859  6.9  200.0  9.2  0.85  20.1  25.3
010420262339  0.855  7.0  199.6  9.2  0.66  21.0  25.3
010420262340  0.851  7.1  200.0  9.2  0.94  18.8  25.3
010420262341  0.846  7.2  200.0  9.2  0.81  17.7  25.3
010420262342  0.842  7.4  199.9  9.2  0.87  19.5  25.3
010420262343  0.839  7.5  200.5  9.8  0.84  17.1  25.3
010420262344  0.836  7.5  201.0  9.8  0.86  20.5  25.3
010420262345  0.831  7.5  201.7  9.8  0.84  18.7  25.3
010420262346  0.825  7.5  201.9  9.8  0.82  14.0  25.3
010420262347  0.822  7.6  202.4  9.8  0.78  17.5  25.3
010420262348  0.818  7.6  203.0  9.8  0.93  19.1  25.3
010420262349  0.813  7.5  204.0  9.8  0.81  16.2  25.3
010420262350  0.808  7.7  204.4  9.8  0.86  16.9  25.3
010420262351  0.804  7.7  204.2  9.8  0.76  13.2  25.3
010420262352  0.801  7.7  203.6  9.8  0.79  16.8  25.3
010420262353  0.796  7.6  202.9  9.4  0.85  15.4  25.3
010420262354  0.792  7.6  202.3  9.4  0.87  17.6  25.3
010420262355  0.787  7.7  202.1  9.4  0.74  14.2  25.3
010420262356  0.781  7.6  202.0  9.4  0.75  21.3  25.3
010420262357  0.776  7.6  201.4  9.4  0.74  16.8  25.3
010420262358  0.773  7.5  201.4  9.4  0.79  15.6  25.3
010420262359  0.768  7.6  200.4  9.5  0.71  15.5  25.3
020420260000  0.764  7.5  200.4  9.5  0.79  19.3  25.3
020420260001  0.760  7.6  201.2  9.5  0.82  14.1  25.3
020420260002  0.755  7.7  202.8  9.5  0.84  13.6  25.3
020420260003  0.751  7.8  203.3  9.5  0.86  18.4  25.3
020420260004  0.746  7.7  203.3  9.5  0.85  16.2  25.3
020420260005  0.741  7.7  203.0  9.5  0.79  17.8  25.3
020420260006  0.736  7.6  202.4  9.5  0.84  16.6  25.3
020420260007  0.731  7.6  202.9  9.5  0.87  17.9  25.3
020420260008  0.728  7.6  202.8  9.5  0.79  16.9  25.3
020420260009  0.723  7.6  203.4  9.5  0.90  15.2  25.3
020420260010  0.717  7.6  203.4  9.5  0.81  18.5  25.3
020420260011  0.712  7.5  202.7  9.5  0.88  15.6  25.3
020420260012  0.707  7.5  201.8  9.5  0.84  16.5  25.3
020420260013  0.702  7.4  201.0  9.5  0.86  15.6  25.3
020420260014  0.697  7.4  200.7  9.5  0.73  20.3  25.3
020420260015  0.693  7.5  201.2  9.6  0.77  16.8  25.3
020420260016  0.688  7.5  201.3  9.6  0.79  17.2  25.3
020420260017  0.683  7.4  200.2  9.6  0.89  16.5  25.3
020420260018  0.678  7.3  199.8  9.6  0.74  18.7  25.3
020420260019  0.673  7.1  199.1  9.6  0.91  16.3  25.3
020420260020  0.669  7.0  198.0  9.6  0.88  16.2  25.3
020420260021  0.663  6.9  197.0  9.6  0.92  15.0  25.3
020420260022  0.657  6.7  196.1  9.6  1.02  12.1  25.3
020420260023  0.652  6.6  195.3  9.6  0.85  13.5  25.3
020420260024  0.646  6.5  194.4  9.6  0.84  16.9  25.3
020420260025  0.640  6.3  193.9  9.0  0.80  18.5  25.3
020420260026  0.635  6.2  193.0  9.0  0.82  12.4  25.3
020420260027  0.629  6.1  191.5  9.0  0.83  12.5  25.3
020420260028  0.623  6.1  190.1  9.0  0.89  17.3  25.2
020420260029  0.618  6.1  188.4  8.3  0.91  12.1  25.3
020420260030  0.611  5.9  188.8  7.9  0.88  17.5  25.3
020420260031  0.605  5.8  188.6  7.9  0.82  17.4  25.2
020420260032  0.599  5.7  187.6  7.9  0.86  12.3  25.2
020420260033  0.594  5.4  187.3  7.9  0.84  11.9  25.2
020420260034  0.588  5.5  187.7  7.9  1.02  14.6  25.2
020420260035  0.583  5.4  187.0  7.9  0.83  15.1  25.2
020420260036  0.579  5.4  186.1  7.9  0.92  11.5  25.2
020420260037  0.574  5.5  188.7  9.0  0.92  14.5  25.2
020420260038  0.570  5.6  189.5  9.0  0.92  14.5  25.2
020420260039  0.565  5.5  189.9  9.0  0.78  16.8  25.2
020420260040  0.561  5.5  190.6  9.0  0.97  17.8  25.2
020420260041  0.556  5.7  192.1  9.0  0.81  10.0  25.2
020420260042  0.551  5.7  192.5  9.0  0.81  17.0  25.2
020420260043  0.547  5.9  192.6  9.0  0.89  12.3  25.2
020420260044  0.543  5.9  191.8  9.0  0.85  15.9  25.2
020420260045  0.538  5.9  191.3  9.0  0.88  13.8  25.2
020420260046  0.532  5.8  191.2  9.0  0.92  13.4  25.2
020420260047  0.528  5.4  192.0  7.6  0.99  17.9  25.2
020420260048  0.523  5.3  192.8  7.0  0.89  14.7  25.2
020420260049  0.518  5.4  194.1  7.3  0.95  16.4  25.2
020420260050  0.513  5.5  193.2  7.3  0.84  12.9  25.2
020420260051  0.508  5.4  194.1  7.3  0.93  13.9  25.2
020420260052  0.503  5.5  195.8  7.3  0.88  11.8  25.2
020420260053  0.499  5.4  198.1  7.3  0.74  11.6  25.2
020420260054  0.494  5.4  200.4  7.3  0.85  14.8  25.2
020420260055  0.489  5.4  201.7  7.3  0.87  16.4  25.2
020420260056  0.486  5.5  203.3  7.3  0.85  12.5  25.2
020420260057  0.483  5.7  202.9  7.8  0.88  14.2  25.2
020420260058  0.478  6.0  203.4  8.1  0.93  11.1  25.2
020420260059  0.475  6.1  204.4  8.1  0.85  14.7  25.2
020420260100  0.471  6.3  206.0  8.3  0.90  17.0  25.2
020420260101  0.469  6.3  206.4  8.3  0.85  17.5  25.2
020420260102  0.463  6.5  207.1  8.8  0.92  17.6  25.2
020420260103  0.459  6.6  206.0  8.8  0.90  14.6  25.2
020420260104  0.456  6.8  205.7  8.8  0.86  12.5  25.2
020420260105  0.452  7.0  205.6  9.2  0.82  19.1  25.2
020420260106  0.449  7.2  205.2  9.2  0.91  14.8  25.2
020420260107  0.447  7.2  205.3  9.2  0.90  11.2  25.2
020420260108  0.445  7.2  204.5  9.2  0.87  16.5  25.2
020420260109  0.442  7.0  203.5  9.2  0.85  14.3  25.2
020420260110  0.438  6.8  202.4  9.2  0.84  15.4  25.2
020420260111  0.435  6.7  201.0  9.2  0.94  13.5  25.2
020420260112  0.431  6.6  199.6  9.2  0.87  16.7  25.2
020420260113  0.428  6.5  199.0  9.2  0.83  21.1  25.2
020420260114  0.425  6.3  197.9  9.2  0.86  16.1  25.2
020420260115  0.423  6.1  197.2  8.1  0.82  15.1  25.2
020420260116  0.421  6.1  197.0  7.9  0.84  17.2  25.2
020420260117  0.418  6.0  196.7  7.9  0.83  16.3  25.2
020420260118  0.415  5.9  197.2  7.2  0.88  12.8  25.2
020420260119  0.413  6.0  197.4  8.5  0.86  12.8  25.2
020420260120  0.411  6.1  197.9  8.5  0.78  13.7  25.2
020420260121  0.408  6.3  199.1  8.9  0.88  13.9  25.2
020420260122  0.403  6.4  200.1  8.9  0.71  14.8  25.2
020420260123  0.401  6.5  200.6  8.9  0.85  16.4  25.2
020420260124  0.397  6.5  201.2  8.9  0.77  16.5  25.2
020420260125  0.394  6.5  201.5  8.9  0.81  13.0  25.2
020420260126  0.391  6.6  202.1  8.9  0.87  16.6  25.2
020420260127  0.388  6.6  201.2  8.9  0.75  15.5  25.2
020420260128  0.385  6.7  201.1  8.9  0.83  17.0  25.2
020420260129  0.383  6.6  201.2  8.9  0.76  16.2  25.2
020420260130  0.380  6.5  202.3  8.9  0.80  14.9  25.2
020420260131  0.378  6.4  202.4  8.9  0.86  17.9  25.2
020420260132  0.377  6.4  202.2  8.9  0.85  18.1  25.2
020420260133  0.374  6.4  203.4  8.9  0.69  14.8  25.2
020420260134  0.373  6.4  203.6  8.9  0.80  16.1  25.2
020420260135  0.371  6.4  203.7  8.9  0.82  13.5  25.2
020420260136  0.368  6.4  203.0  8.0  0.82  15.7  25.2
020420260137  0.366  6.5  203.8  8.4  0.77  18.4  25.2
020420260138  0.363  6.6  203.2  8.4  0.74  18.5  25.2
020420260139  0.362  6.5  202.7  8.4  0.81  18.1  25.2
020420260140  0.360  6.5  200.8  8.4  0.83  17.7  25.2
020420260141  0.358  6.4  199.7  8.4  0.82  14.9  25.2
020420260142  0.356  6.3  198.9  8.4  0.65  15.8  25.2
020420260143  0.354  6.4  198.2  8.4  0.74  13.9  25.2
020420260144  0.352  6.4  198.1  8.4  0.83  18.0  25.2
020420260145  0.350  6.4  196.8  8.4  0.72  15.3  25.2
020420260146  0.348  6.3  196.9  8.4  0.67  16.6  25.2
020420260147  0.346  6.2  196.1  8.0  0.82  14.4  25.2
020420260148  0.342  6.2  196.7  8.0  0.69  15.2  25.2
020420260149  0.340  6.2  196.9  8.0  0.74  16.9  25.2
020420260150  0.336  6.3  198.3  8.7  0.80  11.7  25.2
020420260151  0.336  6.5  200.1  10.1  0.81  17.2  25.2
020420260152  0.333  6.7  201.4  10.1  0.71  12.2  25.2
020420260153  0.331  6.7  202.0  10.1  0.75  19.6  25.2
020420260154  0.328  6.7  201.6  10.1  0.79  19.4  25.2
020420260155  0.325  6.8  201.7  10.1  0.79  16.7  25.2
020420260156  0.322  6.8  202.1  10.1  0.66  16.8  25.2
020420260157  0.320  6.8  200.8  10.1  0.82  16.4  25.2
020420260158  0.316  6.7  198.9  10.1  0.77  13.6  25.2
020420260159  0.313  6.4  197.9  10.1  0.61  22.0  25.2
020420260200  0.311  5.9  193.3  10.1  0.78  17.4  25.2
020420260201  0.307  5.2  186.6  9.1  0.82  16.8  25.2
020420260202  0.305  4.7  181.4  9.1  0.75  15.1  25.2
020420260203  0.301  4.6  177.3  8.5  0.85  17.2  25.2
020420260204  0.300  4.7  176.6  8.5  0.76  18.2  25.2
020420260205  0.296  4.7  176.8  9.4  0.75  17.8  25.2
020420260206  0.294  4.6  174.4  9.4  0.73  14.8  25.2
020420260207  0.292  4.4  175.1  9.4  0.78  18.7  25.2
020420260208  0.290  4.4  177.2  9.4  0.74  18.4  25.2
020420260209  0.289  4.5  179.4  9.4  0.73  16.4  25.2
020420260210  0.287  4.8  186.1  9.4  0.85  13.8  25.2
020420260211  0.285  5.2  190.7  9.4  0.77  13.5  25.2
020420260212  0.285  5.5  193.4  9.4  0.78  16.2  25.2
020420260213  0.284  5.4  194.9  9.4  0.75  15.2  25.2
020420260214  0.284  5.1  195.3  9.4  0.68  18.6  25.2
020420260215  0.283  4.7  196.3  7.4  0.76  17.6  25.2
020420260216  0.282  4.7  196.9  7.4  0.67  16.0  25.2
020420260217  0.281  4.6  197.7  7.4  0.77  20.8  25.2
020420260218  0.280  4.5  201.1  7.4  0.73  17.2  25.2
020420260219  0.279  4.6  204.8  7.4  0.71  17.7  25.2
020420260220  0.278  4.6  207.0  6.5  0.65  20.4  25.2
020420260221  0.281  4.7  211.1  6.7  0.78  14.3  25.2
020420260222  0.281  4.8  214.3  6.7  0.73  20.6  25.2
020420260223  0.282  4.9  216.6  7.2  0.67  15.4  25.2
020420260224  0.282  5.1  218.3  7.2  0.74  20.0  25.2
020420260225  0.281  5.3  218.7  7.2  0.68  21.5  25.2
020420260226  0.279  5.5  219.3  7.2  0.70  19.9  25.2
020420260227  0.279  5.8  219.6  7.8  0.75  21.1  25.2
020420260228  0.280  5.8  218.9  7.8  0.59  18.5  25.2
020420260229  0.281  6.0  219.0  7.8  0.60  21.2  25.2
020420260230  0.284  6.0  217.8  7.8  0.66  24.1  25.2
020420260231  0.286  6.1  216.9  7.8  0.52  20.1  25.2
020420260232  0.288  6.2  216.0  7.8  0.52  21.7  25.2
020420260233  0.288  6.2  215.9  7.8  0.53  24.3  25.2
020420260234  0.289  6.3  216.7  7.8  0.59  19.6  25.2
020420260235  0.290  6.4  217.8  7.8  0.58  20.2  25.2
020420260236  0.290  6.4  219.2  7.8  0.57  23.5  25.2
020420260237  0.292  6.4  221.5  7.7  0.49  26.8  25.2
020420260238  0.294  6.5  221.7  7.8  0.60  25.3  25.2
020420260239  0.297  6.4  220.8  7.8  0.58  24.3  25.2
020420260240  0.299  6.3  220.7  7.8  0.58  27.7  25.2
020420260241  0.300  6.1  220.1  7.8  0.49  24.7  25.2
020420260242  0.300  6.1  218.8  7.8  0.57  30.1  25.2
020420260243  0.301  6.0  217.5  7.8  0.36  31.4  25.2
020420260244  0.302  5.9  216.6  7.8  0.50  25.9  25.2
020420260245  0.303  5.9  215.9  7.8  0.52  26.9  25.2
020420260246  0.305  5.8  215.6  7.8  0.44  22.9  25.2
020420260247  0.307  5.7  214.4  7.8  0.49  21.5  25.2
020420260248  0.309  5.6  214.0  7.0  0.46  20.8  25.2
020420260249  0.310  5.5  213.9  7.0  0.38  13.5  25.2
020420260250  0.311  5.5  213.2  7.5  0.41  19.3  25.2
020420260251  0.312  5.7  213.8  7.5  0.51  21.6  25.2
020420260252  0.314  5.7  214.8  7.5  0.45  14.7  25.2
020420260253  0.316  5.7  215.6  7.5  0.40  8.9  25.2
020420260254  0.319  5.8  215.0  7.5  0.43  5.4  25.2
020420260255  0.321  5.8  214.5  7.5  0.45  6.6  25.2
020420260256  0.323  5.9  213.7  7.5  0.46  6.9  25.2
020420260257  0.326  5.8  213.2  7.5  0.43  4.3  25.2
020420260258  0.326  5.9  212.6  7.5  0.53  2.9  25.2
020420260259  0.327  5.8  212.8  7.5  0.52  2.1  25.2
020420260300  0.329  5.9  213.1  7.6  0.43  359.8  25.2
020420260301  0.330  5.9  210.8  7.6  0.47  2.1  25.2
020420260302  0.333  5.9  208.1  7.6  0.40  352.6  25.2
020420260303  0.334  5.8  205.4  7.6  0.45  353.8  25.2
020420260304  0.334  5.7  204.1  7.6  0.53  355.5  25.2
020420260305  0.337  5.6  201.6  7.6  0.37  352.5  25.2
020420260306  0.339  5.5  199.4  7.6  0.39  355.3  25.2
020420260307  0.343  5.4  199.5  7.6  0.44  350.7  25.2
020420260308  0.346  5.5  200.0  7.7  0.44  355.5  25.2
020420260309  0.348  5.6  200.2  7.7  0.42  356.1  25.2
020420260310  0.350  5.6  200.0  7.7  0.45  356.8  25.2
020420260311  0.352  5.6  201.6  7.7  0.29  348.1  25.2
020420260312  0.354  5.6  203.6  7.7  0.36  359.6  25.2
020420260313  0.357  5.9  206.2  8.5  0.41  357.6  25.2
020420260314  0.362  6.1  207.8  9.2  0.41  355.7  25.2
020420260315  0.366  6.3  210.4  9.2  0.31  348.5  25.2
020420260316  0.367  6.6  211.9  9.2  0.17  330.0  25.2
020420260317  0.369  6.7  211.4  9.2  0.27  343.1  25.2
020420260318  0.372  6.7  211.0  9.2  0.35  345.7  25.2
020420260319  0.375  6.6  211.1  9.2  0.30  351.0  25.2
020420260320  0.378  6.6  212.2  9.2  0.34  346.3  25.2
020420260321  0.381  6.7  214.0  9.2  0.34  1.7  25.2
020420260322  0.384  6.8  215.0  9.2  0.32  351.1  25.2
020420260323  0.388  6.7  215.8  9.2  0.38  352.8  25.2
020420260324  0.392  6.6  215.6  8.2  0.18  343.7  25.2
020420260325  0.396  6.6  216.1  8.2  0.22  340.9  25.2
020420260326  0.401  6.5  216.0  8.2  0.22  349.5  25.2
020420260327  0.406  6.5  215.9  8.2  0.30  352.1  25.2
020420260328  0.409  6.6  216.2  8.2  0.18  351.6  25.2
020420260329  0.412  6.8  215.9  10.1  0.29  342.4  25.2
020420260330  0.417  6.9  214.0  10.1  0.15  341.8  25.2
020420260331  0.422  6.9  211.3  10.1  0.17  347.5  25.2
020420260332  0.426  6.9  209.1  10.1  0.22  358.7  25.2
020420260333  0.430  6.8  207.3  10.1  0.10  5.4  25.2
020420260334  0.435  6.8  206.3  10.1  0.10  318.2  25.2
020420260335  0.440  6.9  205.5  10.1  0.19  356.7  25.2
020420260336  0.446  7.0  205.8  10.1  0.11  332.7  25.1
020420260337  0.451  7.0  205.9  10.1  0.09  333.9  25.1
020420260338  0.454  7.0  206.2  10.1  0.11  355.0  25.1
020420260339  0.459  6.9  206.7  9.2  0.06  236.4  25.1
020420260340  0.463  6.8  208.2  9.2  0.10  352.3  25.1
020420260341  0.467  6.8  210.8  9.2  0.05  335.0  25.1
020420260342  0.472  7.0  213.5  9.2  0.06  336.8  25.1
020420260343  0.477  7.0  215.5  9.2  nan  nan  nan
020420260344  0.481  7.0  216.9  9.2  0.02  15.2  25.1
020420260345  0.485  6.9  217.1  9.2  0.12  206.3  25.1
020420260346  0.489  6.8  217.3  8.4  0.08  197.1  25.1
020420260347  0.493  6.7  218.2  8.4  0.06  186.3  25.1
020420260348  0.499  6.8  217.8  8.4  0.11  173.1  25.1
020420260349  0.504  6.7  217.1  8.4  0.09  127.1  25.1
020420260350  0.508  6.7  217.1  8.4  0.20  171.7  25.1
020420260351  0.513  6.6  216.6  8.4  0.06  151.6  25.1
020420260352  0.517  6.5  215.7  8.0  0.38  189.4  25.1
020420260353  0.521  6.6  214.6  8.1  0.16  187.2  25.1
020420260354  0.526  6.7  213.8  8.1  0.18  183.7  25.1
020420260355  0.531  6.7  213.1  8.1  0.20  184.9  25.1
020420260356  0.536  6.7  213.3  8.1  0.28  175.4  25.1
020420260357  0.541  6.8  212.4  8.1  0.34  188.7  25.1
020420260358  0.547  6.8  211.9  8.1  0.27  183.8  25.1
020420260359  0.552  6.8  211.9  8.1  0.21  192.2  25.1
020420260400  0.556  6.7  211.9  8.1  0.27  178.9  25.1
020420260401  0.562  6.7  211.5  8.1  0.27  186.7  25.1
020420260402  0.566  6.6  211.7  8.8  0.32  179.8  25.1
020420260403  0.569  6.6  211.7  8.8  0.35  186.5  25.1
020420260404  0.576  6.6  212.4  8.8  0.32  182.4  25.1
020420260405  0.581  6.6  213.9  8.8  0.27  181.2  25.1
020420260406  0.586  6.6  214.0  8.8  0.43  177.9  25.1
020420260407  0.592  6.5  214.8  8.8  0.40  177.9  25.1
020420260408  0.597  6.4  215.4  8.8  0.31  178.8  25.1
020420260409  0.602  6.3  215.7  8.8  0.26  189.1  25.1
020420260410  0.607  6.3  215.5  8.8  0.23  182.3  25.1
020420260411  0.612  6.2  215.3  8.8  0.25  179.6  25.1
020420260412  0.618  6.2  214.6  8.1  0.25  176.3  25.1
020420260413  0.622  6.2  215.3  8.1  0.29  177.6  25.1
020420260414  0.628  6.1  214.9  8.1  0.19  187.7  25.1
020420260415  0.633  6.0  214.4  8.1  0.19  173.7  25.1
020420260416  0.639  6.0  214.2  8.1  0.27  190.0  25.1
020420260417  0.643  6.0  213.8  8.1  0.23  193.8  25.1
020420260418  0.647  5.9  213.6  7.6  0.21  201.4  25.2
020420260419  0.652  5.9  213.9  7.6  0.27  188.8  25.2
020420260420  0.657  5.9  214.1  7.6  0.24  190.0  25.2
020420260421  0.662  5.8  214.8  7.6  0.23  184.1  25.2
020420260422  0.666  5.8  215.7  7.6  0.21  194.7  25.2
020420260423  0.671  5.7  215.7  7.2  0.23  199.7  25.2
020420260424  0.675  5.8  216.3  7.2  0.27  191.2  25.2
020420260425  0.679  5.7  217.0  7.2  0.29  196.6  25.2
020420260426  0.685  5.7  218.1  7.2  0.24  195.1  25.2
020420260427  0.689  5.6  219.0  7.2  0.34  193.0  25.2
020420260428  0.693  5.7  220.2  7.2  0.44  197.3  25.2
020420260429  0.697  5.7  220.3  7.2  0.38  195.9  25.2
020420260430  0.701  5.7  220.7  7.2  0.48  184.2  25.2
020420260431  0.706  5.7  221.0  7.2  0.43  189.5  25.2
020420260432  0.711  5.7  221.8  7.2  0.46  194.8  25.2
020420260433  0.716  5.7  221.9  7.3  0.52  190.0  25.2
020420260434  0.719  5.7  222.8  7.3  0.45  184.7  25.2
020420260435  0.723  5.7  222.9  7.3  0.60  185.7  25.2
020420260436  0.728  5.8  223.1  7.3  0.54  179.5  25.2
020420260437  0.732  6.0  223.5  7.8  0.40  183.6  25.2
020420260438  0.736  6.0  224.0  7.8  0.44  186.2  25.2
020420260439  0.740  6.1  224.8  7.8  0.43  187.7  25.2
020420260440  0.744  6.2  225.2  7.8  0.53  181.0  25.2
020420260441  0.748  6.2  225.2  7.8  0.36  179.5  25.2
020420260442  0.752  6.3  225.2  7.9  0.52  183.1  25.2
020420260443  0.756  6.4  225.6  7.9  0.51  184.5  25.2
020420260444  0.761  6.4  224.9  7.9  0.45  182.8  25.2
020420260445  0.765  6.3  224.1  7.9  0.53  184.5  25.2
020420260446  0.769  6.3  223.2  7.9  0.52  183.3  25.2
020420260447  0.774  6.2  222.3  7.9  0.57  179.3  25.2
020420260448  0.777  6.1  220.4  7.9  0.42  176.2  25.2
020420260449  0.783  6.1  219.2  7.9  0.59  180.0  25.2
020420260450  0.787  6.1  218.3  7.9  0.56  176.3  25.2
020420260451  0.792  6.1  216.9  7.9  0.56  178.9  25.2
020420260452  0.797  6.0  215.6  7.9  0.65  175.3  25.2
020420260453  0.802  6.0  214.9  7.9  0.61  172.6  25.2
020420260454  0.807  6.1  214.8  7.9  0.64  176.2  25.2
020420260455  0.812  6.2  214.2  7.9  0.73  177.1  25.2
020420260456  0.819  6.2  213.8  7.9  0.64  179.3  25.2
020420260457  0.825  6.3  213.7  7.9  0.66  181.8  25.2
020420260458  0.830  6.4  214.4  7.9  0.72  177.6  25.2
020420260459  0.836  6.4  214.6  7.9  0.64  175.6  25.2
020420260500  0.842  6.3  214.5  7.9  0.69  179.8  25.2
020420260501  0.848  6.3  214.1  7.9  0.66  174.0  25.2
020420260502  0.853  6.3  213.6  7.8  0.66  169.3  25.2
020420260503  0.860  6.2  212.3  7.8  0.63  169.2  25.2
020420260504  0.866  6.1  211.5  7.8  0.75  175.3  25.2
020420260505  0.871  6.1  212.1  7.8  0.77  175.4  25.2
020420260506  0.876  6.1  211.3  7.8  0.81  180.8  25.2
020420260507  0.881  6.0  210.3  7.6  0.76  177.0  25.2
020420260508  0.886  6.0  209.7  7.6  0.67  175.8  25.2
020420260509  0.891  6.0  209.2  8.5  0.70  181.7  25.2
020420260510  0.897  6.1  210.0  8.5  0.75  183.0  25.2
020420260511  0.902  6.1  209.7  8.5  0.74  180.7  25.2
020420260512  0.907  6.3  210.0  8.5  0.73  178.6  25.2
020420260513  0.912  6.4  210.8  9.4  0.83  182.7  25.2
020420260514  0.918  6.5  211.1  9.4  0.72  179.4  25.2
020420260515  0.923  6.7  210.4  9.5  0.68  176.5  25.2
020420260516  0.928  6.8  210.2  9.9  0.82  179.7  25.2
020420260517  0.935  7.1  209.7  10.6  0.87  180.9  25.2
020420260518  0.941  7.4  209.3  11.8  0.81  180.8  25.2
020420260519  0.946  7.6  208.5  11.8  0.72  177.1  25.2
020420260520  0.951  7.7  207.0  11.8  0.78  178.2  25.2
020420260521  0.955  7.8  206.9  11.8  0.74  180.0  25.2
020420260522  0.959  7.8  205.8  11.8  0.89  181.3  25.2
020420260523  0.964  7.8  205.6  11.8  0.83  181.1  25.2
020420260524  0.969  7.8  205.8  11.8  0.80  175.9  25.2
020420260525  0.975  7.7  205.8  11.8  0.81  176.5  25.2
020420260526  0.981  7.6  206.2  11.8  0.80  179.7  25.2
020420260527  0.986  7.5  206.7  11.8  0.82  171.0  25.2
020420260528  0.991  7.2  206.7  9.7  0.81  174.5  25.2
020420260529  0.996  7.1  207.8  9.7  0.77  173.3  25.2
020420260530  1.001  7.0  208.2  9.7  0.92  175.7  25.2
020420260531  1.007  7.0  208.8  8.6  0.88  175.6  25.2
020420260532  1.014  7.2  209.4  11.3  0.88  177.5  25.2
020420260533  1.019  7.1  208.3  11.3  0.95  172.3  25.1
020420260534  1.024  7.2  206.7  11.3  0.84  175.4  25.1
020420260535  1.030  7.3  206.1  11.3  0.85  173.3  25.1
020420260536  1.037  7.4  206.0  11.3  0.88  173.6  25.1
020420260537  1.043  7.5  205.0  11.3  0.70  171.3  25.1
020420260538  1.049  7.6  204.2  11.3  0.87  173.7  25.1
020420260539  1.054  7.8  202.9  11.3  0.88  173.8  25.1
020420260540  1.057  7.9  202.6  11.3  0.89  174.9  25.1
020420260541  1.064  8.0  201.0  11.3  0.97  177.1  25.1
020420260542  1.069  7.8  199.7  10.5  0.93  176.0  25.1
020420260543  1.074  7.8  199.7  10.5  0.98  177.2  25.1
020420260544  1.080  7.7  199.7  10.5  0.86  174.4  25.1
020420260545  1.086  7.6  199.6  10.5  0.80  173.8  25.1
020420260546  1.092  7.4  198.2  10.5  0.92  178.5  25.1
020420260547  1.099  7.2  198.1  10.5  0.88  175.5  25.1
020420260548  1.103  7.1  198.1  10.5  0.87  176.1  25.1
020420260549  1.110  7.0  198.4  10.5  0.86  177.1  25.1
020420260550  1.116  6.8  198.8  10.2  0.80  175.6  25.1
020420260551  1.121  6.6  199.8  8.3  0.83  175.5  25.1
020420260552  1.126  6.5  200.6  8.3  0.97  180.1  25.1
020420260553  1.132  6.5  201.2  8.3  0.98  178.7  25.1
020420260554  1.137  6.5  201.1  8.3  0.87  181.4  25.1
020420260555  1.142  6.4  199.6  8.3  0.84  176.5  25.1
020420260556  1.147  6.3  199.3  8.3  0.91  177.9  25.1
020420260557  1.153  6.3  199.4  8.1  0.85  179.6  25.1
020420260558  1.157  6.4  198.4  8.5  0.78  175.1  25.1
020420260559  1.161  6.4  198.2  8.5  0.90  175.5  25.1
020420260600  1.164  6.3  197.2  8.5  0.91  176.0  25.1
020420260601  1.169  6.3  196.7  8.5  0.84  177.1  25.1
020420260602  1.174  6.4  196.8  8.5  0.73  177.7  25.1
020420260603  1.179  6.4  196.4  8.5  0.88  178.4  25.1
020420260604  1.184  6.4  197.4  8.5  0.76  173.9  25.1
020420260605  1.187  6.5  199.0  8.5  0.87  183.7  25.1
020420260606  1.192  6.6  199.4  8.5  0.89  182.3  25.1
020420260607  1.197  6.7  199.9  8.5  0.93  180.1  25.1
020420260608  1.201  6.7  200.9  8.2  0.82  184.5  25.1
020420260609  1.205  6.6  200.7  8.2  0.92  178.3  25.1
020420260610  1.210  6.6  200.9  8.2  0.81  179.2  25.1
020420260611  1.212  6.6  201.2  8.2  0.80  182.6  25.1
020420260612  1.217  6.7  200.8  9.0  0.84  186.7  25.1
020420260613  1.220  6.7  201.0  9.0  0.75  183.3  25.1
020420260614  1.224  6.8  201.2  9.0  0.75  182.0  25.1
020420260615  1.228  6.9  200.8  9.8  0.79  185.9  25.1
020420260616  1.231  6.9  201.1  9.8  0.85  184.9  25.1
020420260617  1.235  6.8  201.7  9.8  0.71  184.3  25.1
020420260618  1.239  6.8  202.8  9.8  0.84  184.6  25.1
020420260619  1.243  7.0  203.9  9.8  0.75  182.0  25.1
020420260620  1.246  7.2  204.3  9.8  0.78  181.0  25.1
020420260621  1.249  7.2  205.1  9.8  0.75  185.0  25.1
020420260622  1.252  7.3  205.6  9.8  0.80  187.0  25.1
020420260623  1.256  7.5  206.0  9.8  0.62  186.8  25.1
020420260624  1.260  7.6  205.8  9.8  0.75  184.0  25.1
020420260625  1.264  7.6  205.6  9.6  0.75  182.6  25.1
020420260626  1.269  7.7  204.8  9.6  0.76  180.4  25.1
020420260627  1.274  7.8  204.7  9.6  0.75  177.1  25.0
020420260628  1.278  7.9  204.0  9.6  0.68  177.8  25.0
020420260629  1.280  7.7  203.9  9.6  0.68  178.9  25.0
020420260630  1.284  7.7  204.6  9.6  0.75  179.9  25.0
020420260631  1.288  7.7  204.9  9.6  0.78  178.3  25.0
020420260632  1.292  7.7  205.7  9.6  0.68  175.8  25.0
020420260633  1.295  7.7  206.1  9.6  0.77  177.7  25.0
020420260634  1.300  7.6  207.1  9.6  0.73  178.0  25.0
020420260635  1.305  7.6  209.2  9.8  0.64  182.3  25.0
020420260636  1.308  7.7  211.0  9.8  0.91  181.6  25.0
020420260637  1.312  7.7  209.9  9.8  0.70  181.1  25.0
020420260638  1.317  7.7  209.6  9.8  0.71  186.7  25.0
020420260639  1.321  7.6  208.6  9.8  0.67  180.9  25.0
020420260640  1.326  7.6  208.1  9.8  0.80  183.6  25.0
020420260641  1.330  7.6  207.9  9.8  0.59  189.6  25.0
020420260642  1.335  7.5  206.8  9.8  0.64  185.8  25.0
020420260643  1.339  7.3  205.9  9.8  0.61  184.4  25.0
020420260644  1.344  7.3  205.2  9.8  0.53  178.7  25.0
020420260645  1.349  7.1  203.4  9.2  0.61  180.7  25.0
020420260646  1.354  6.9  201.6  8.9  0.78  180.8  25.0
020420260647  1.358  7.2  202.3  10.0  0.73  179.4  25.0
020420260648  1.362  7.3  202.5  10.6  0.68  183.4  25.0
020420260649  1.366  7.5  203.2  10.6  0.76  180.6  25.0
020420260650  1.371  7.6  203.1  10.6  0.73  179.4  25.0
020420260651  1.375  7.7  202.5  10.6  0.70  178.6  25.0
020420260652  1.379  7.9  203.0  10.6  0.85  179.0  25.0
020420260653  1.383  8.0  203.5  10.6  0.75  179.6  25.0
020420260654  1.389  8.2  203.6  10.6  0.82  180.7  25.0
020420260655  1.393  8.6  204.2  10.9  0.73  175.7  25.0
020420260656  1.396  8.8  204.0  10.9  0.74  179.4  25.0
020420260657  1.401  8.8  204.7  10.9  0.89  178.0  25.0
020420260658  1.405  8.7  205.0  10.9  0.70  182.0  25.0
020420260659  1.408  8.7  205.3  10.9  0.49  190.0  25.0
020420260700  1.413  8.7  205.4  10.9  0.78  182.3  25.0
020420260701  1.416  8.8  206.0  10.9  0.94  184.9  25.0
020420260702  1.421  8.8  206.4  10.9  0.73  180.4  25.0
020420260703  1.424  8.6  205.9  10.9  0.92  185.3  25.0
020420260704  1.427  8.4  205.3  10.9  0.74  177.9  25.0
020420260705  1.432  8.2  204.3  10.9  0.85  177.5  25.0
020420260706  1.436  8.0  204.8  10.3  0.73  175.0  25.0
020420260707  1.438  7.8  204.5  10.2  0.85  176.4  25.0
020420260708  1.442  7.6  202.2  10.2  0.70  171.9  25.0
020420260709  1.446  7.3  200.5  10.2  0.79  172.7  25.0
020420260710  1.449  7.0  200.0  10.2  0.81  175.7  25.0
020420260711  1.453  6.8  197.3  9.1  0.68  177.0  25.0
020420260712  1.456  6.8  195.0  9.8  0.85  175.2  24.9
020420260713  1.458  6.7  193.9  9.8  0.73  178.2  24.9
020420260714  1.461  6.6  193.2  9.8  0.73  179.6  24.9
020420260715  1.465  6.5  193.1  9.8  0.71  180.2  24.9
020420260716  1.468  6.3  192.3  9.8  0.70  178.4  24.9
020420260717  1.471  6.3  191.0  9.8  0.73  175.1  24.9
020420260718  1.475  6.3  192.5  9.8  0.73  178.2  24.9
020420260719  1.477  6.3  192.8  9.8  0.68  172.9  24.9
020420260720  1.480  6.5  191.5  9.8  0.71  173.0  24.9
020420260721  1.482  6.5  191.7  9.8  0.58  176.3  24.9
020420260722  1.486  6.4  192.3  8.2  0.77  175.1  24.9
020420260723  1.488  6.4  193.5  8.2  0.76  174.2  24.9
020420260724  1.492  6.4  193.5  8.2  0.70  172.0  24.9
020420260725  1.494  6.4  192.5  8.3  0.60  167.3  24.9
020420260726  1.495  6.4  191.7  8.3  0.58  166.8  24.9
020420260727  1.499  6.4  192.4  8.3  0.72  169.3  24.9
020420260728  1.501  6.3  192.7  8.3  0.71  169.1  24.9
020420260729  1.503  6.2  192.6  8.3  0.75  173.5  24.9
020420260730  1.505  6.2  195.1  8.3  0.76  171.5  24.9
020420260731  1.508  6.3  196.4  8.3  0.84  173.9  24.9
020420260732  1.510  6.3  196.6  8.3  0.72  170.9  24.9
020420260733  1.511  6.4  196.9  8.3  0.72  168.4  24.9
020420260734  1.512  6.4  197.9  8.3  0.64  171.1  24.9
020420260735  1.514  6.4  199.3  8.2  0.73  172.2  24.9
020420260736  1.515  6.6  200.6  8.2  0.71  172.3  24.9
020420260737  1.516  6.7  200.0  8.4  0.69  172.4  24.9
020420260738  1.517  6.7  200.0  8.4  0.60  174.7  24.9
020420260739  1.518  6.7  200.6  8.4  0.62  173.8  24.9
020420260740  1.519  6.5  199.7  8.4  0.65  171.2  24.9
020420260741  1.519  6.4  198.7  8.4  0.67  174.8  24.9
020420260742  1.520  6.3  199.0  8.4  0.71  173.2  24.9
020420260743  1.521  6.3  198.7  8.4  0.71  174.4  24.9
020420260744  1.520  6.4  199.1  8.6  0.62  164.9  24.9
020420260745  1.521  6.4  198.9  9.0  0.60  165.3  24.9
020420260746  1.521  6.6  199.6  9.0  0.66  170.8  24.9
020420260747  1.521  6.6  200.4  9.0  0.66  169.6  24.9
020420260748  1.521  6.8  200.4  10.1  0.67  165.2  24.9
020420260749  1.521  7.1  201.0  10.1  0.62  170.9  24.9
020420260750  1.523  7.4  200.8  10.1  0.63  165.5  24.9
020420260751  1.522  7.7  201.8  10.1  0.70  174.6  24.9
020420260752  1.523  7.9  201.2  10.2  0.68  174.1  24.9
020420260753  1.524  7.9  199.8  10.2  0.56  173.1  24.9
020420260754  1.524  8.0  198.8  10.3  0.54  166.2  24.9
020420260755  1.525  8.0  198.6  10.3  0.61  170.7  24.9
020420260756  1.524  8.2  197.5  11.0  0.58  168.2  24.9
020420260757  1.524  8.2  197.0  11.0  0.64  171.5  24.9
020420260758  1.525  8.1  196.9  11.0  0.59  167.0  24.9
020420260759  1.526  8.1  195.9  11.0  0.52  167.6  24.9
020420260800  1.525  7.8  194.3  11.0  0.46  169.0  24.9
020420260801  1.527  7.7  193.0  11.0  0.55  164.1  24.9
020420260802  1.528  7.5  193.2  11.0  0.61  171.6  24.9
020420260803  1.529  7.5  194.9  11.0  0.54  171.4  24.9
020420260804  1.530  7.5  195.9  11.0  0.50  168.2  24.9
020420260805  1.532  7.4  196.9  11.0  0.54  171.6  24.9
020420260806  1.533  7.3  197.9  10.3  0.60  174.7  24.9
020420260807  1.536  7.1  197.9  9.5  0.56  175.0  24.9
020420260808  1.537  7.1  197.4  9.5  0.58  170.5  24.9
020420260809  1.539  7.0  197.8  9.5  0.56  171.1  24.9
020420260810  1.540  7.2  199.8  9.5  0.54  174.0  24.9
020420260811  1.542  7.2  200.2  9.5  0.51  174.3  24.9
020420260812  1.543  7.2  199.8  9.5  0.49  163.7  24.9
020420260813  1.545  7.4  200.0  11.0  0.48  165.9  24.9
020420260814  1.545  7.3  199.8  11.0  0.58  173.0  24.9
020420260815  1.546  7.5  198.2  11.0  0.52  171.9  24.9
020420260816  1.547  7.6  197.1  11.0  0.54  173.3  24.9
020420260817  1.548  7.6  197.2  11.0  0.53  176.7  24.9
020420260818  1.549  7.8  198.0  11.0  0.51  172.3  24.9
020420260819  1.549  7.9  198.1  11.0  0.54  170.8  24.9
020420260820  1.550  8.1  198.5  12.0  0.51  167.5  24.9
020420260821  1.550  8.3  198.9  12.0  0.56  171.6  24.9
020420260822  1.551  8.4  199.9  12.0  0.44  178.7  24.9
020420260823  1.552  8.5  199.1  12.0  0.48  175.5  24.9
020420260824  1.552  8.6  199.7  12.0  0.64  181.0  24.9
020420260825  1.551  8.7  201.6  12.0  0.55  176.6  24.9
020420260826  1.553  8.7  201.5  12.0  0.58  175.1  24.9
020420260827  1.553  8.7  201.0  12.0  0.49  173.5  24.9
020420260828  1.554  8.5  200.5  12.0  0.47  174.0  24.9
020420260829  1.554  8.7  202.0  12.7  0.43  172.4  24.9
020420260830  1.553  8.6  201.3  12.7  0.49  175.9  24.9
020420260831  1.552  8.6  202.0  12.7  0.42  167.6  24.9
020420260832  1.552  8.6  203.5  12.7  0.50  176.9  24.9
020420260833  1.552  8.3  205.2  12.7  0.56  177.2  24.9
020420260834  1.551  8.2  205.7  12.7  0.43  169.2  24.9
020420260835  1.550  7.9  204.6  12.7  0.53  181.8  24.9
020420260836  1.549  7.8  205.9  12.7  0.45  179.7  24.9
020420260837  1.548  8.0  207.1  12.7  0.60  177.6  24.9
020420260838  1.547  8.2  207.6  12.7  0.40  183.5  24.9
020420260839  1.546  7.8  206.4  12.0  0.50  177.5  24.9
020420260840  1.546  7.3  206.4  11.1  0.47  174.1  24.9
020420260841  1.545  7.2  202.7  10.9  0.52  170.9  24.9
020420260842  1.545  6.7  198.5  10.9  0.55  173.2  24.9
020420260843  1.544  6.4  194.8  10.9  0.46  177.4  24.9
020420260844  1.542  6.2  191.3  10.9  0.45  168.7  24.9
020420260845  1.541  6.3  190.4  10.9  0.35  175.9  24.9
020420260846  1.540  6.2  187.9  10.9  0.44  178.2  24.9
020420260847  1.539  6.1  186.6  10.9  0.44  174.8  24.9
020420260848  1.538  6.0  185.9  10.9  0.41  180.4  24.9
020420260849  1.536  6.0  184.6  10.9  0.43  175.0  24.9
020420260850  1.535  6.0  184.9  10.9  0.37  173.3  24.9
020420260851  1.533  6.1  186.1  11.5  0.38  179.5  24.9
020420260852  1.531  6.2  185.7  11.5  0.39  180.6  24.9
020420260853  1.529  6.4  185.4  11.5  0.34  169.5  24.9
020420260854  1.526  6.5  186.3  11.5  0.37  174.6  24.9
020420260855  1.524  6.5  187.4  11.5  0.40  164.3  24.9
020420260856  1.521  6.6  189.1  11.5  0.26  177.6  24.9
020420260857  1.517  6.4  188.4  11.5  0.39  179.5  24.9
020420260858  1.515  5.9  186.0  11.5  0.26  169.5  24.9
020420260859  1.512  5.8  182.9  11.5  0.28  167.4  24.9
020420260900  1.508  6.1  181.9  11.5  0.41  174.4  25.0
020420260901  1.507  5.8  182.0  11.2  0.39  179.9  25.0
020420260902  1.505  5.9  184.1  11.2  0.40  172.1  25.0
020420260903  1.503  5.9  184.5  11.2  0.27  147.0  25.0
020420260904  1.500  6.1  184.2  11.2  0.18  161.2  25.0
020420260905  1.498  6.1  183.4  11.3  0.26  177.8  25.0
020420260906  1.496  6.1  184.6  11.3  0.25  181.4  25.0
020420260907  1.494  6.2  184.5  11.3  0.22  168.9  25.0
020420260908  1.492  6.4  184.2  11.3  0.17  167.8  25.0
020420260909  1.490  6.5  185.6  11.3  0.22  170.8  25.0
020420260910  1.488  6.4  186.1  11.3  0.30  167.4  25.0
020420260911  1.487  6.3  186.8  11.3  0.25  161.2  25.0
020420260912  1.486  6.2  185.5  11.3  0.34  177.9  25.0
020420260913  1.484  5.9  182.9  11.3  0.22  154.3  25.0
020420260914  1.481  5.4  178.6  11.3  0.19  157.8  25.0
020420260915  1.479  5.1  173.1  10.4  0.22  161.0  25.1
020420260916  1.475  5.0  163.1  9.6  0.18  175.7  25.1
020420260917  1.475  4.8  159.5  9.6  0.25  173.8  25.1
020420260918  1.473  4.6  160.6  9.6  0.20  152.7  25.1
020420260919  1.470  4.5  161.8  9.6  0.27  167.1  25.1
020420260920  1.467  4.4  160.7  7.6  0.30  166.8  25.1
020420260921  1.462  4.3  161.0  7.6  0.19  162.6  25.1
020420260922  1.459  4.4  164.3  10.4  0.15  139.1  25.1
020420260923  1.456  4.3  167.1  10.4  0.26  158.5  25.1
020420260924  1.454  4.2  168.0  10.4  0.23  163.4  25.1
020420260925  1.450  4.2  172.3  10.4  0.21  164.6  25.1
020420260926  1.446  4.3  176.8  10.4  0.08  69.7  25.1
020420260927  1.442  4.4  177.2  10.4  0.07  135.9  25.1
020420260928  1.436  4.8  178.7  10.5  0.18  164.2  25.1
020420260929  1.432  4.9  176.2  10.5  0.04  192.9  25.1
020420260930  1.429  4.9  172.1  10.5  0.12  141.0  25.1
020420260931  1.425  5.2  168.3  10.5  0.07  116.9  25.1
020420260932  1.420  5.3  164.7  10.5  0.23  172.0  25.1
020420260933  1.417  5.6  167.5  10.5  0.10  158.2  25.1
020420260934  1.412  5.9  172.2  10.5  0.13  167.2  25.1
020420260935  1.406  6.4  171.5  11.2  0.22  184.5  25.1
020420260936  1.400  6.2  170.3  11.2  0.05  190.0  25.1
020420260937  1.395  6.2  167.3  11.2  0.08  94.4  25.1
020420260938  1.392  5.7  163.5  11.2  0.15  179.3  25.1
020420260939  1.387  5.4  163.7  11.2  0.15  183.9  25.1
020420260940  1.383  5.1  164.9  11.2  0.02  105.7  25.1
020420260941  1.378  4.7  165.4  11.2  0.22  178.2  25.1
020420260942  1.375  4.4  164.1  11.2  0.08  169.3  25.1
020420260943  1.371  4.1  159.5  11.2  0.05  249.4  25.1
020420260944  1.366  3.8  154.7  11.2  0.06  176.9  25.1
020420260945  1.362  3.1  150.1  9.4  0.03  47.6  25.1
020420260946  1.356  2.9  151.4  6.8  0.08  347.4  25.1
020420260947  1.350  2.7  156.6  4.9  0.06  2.4  25.1
020420260948  1.346  2.7  153.5  4.9  0.07  343.4  25.1
020420260949  1.342  2.8  153.2  4.9  0.04  28.4  25.1
020420260950  1.337  2.8  147.2  6.8  0.11  15.9  25.1
020420260951  1.333  3.0  143.7  6.8  0.08  349.3  25.1
020420260952  1.328  3.0  143.1  6.8  0.14  16.3  25.1
020420260953  1.325  3.1  144.9  7.1  0.09  32.2  25.1
020420260954  1.322  3.1  145.6  7.1  0.05  43.7  25.1
020420260955  1.316  3.3  146.3  7.1  0.08  17.1  25.1
020420260956  1.311  3.5  145.8  7.1  0.16  7.2  25.2
020420260957  1.306  3.7  148.8  7.1  0.10  348.6  25.2
020420260958  1.302  3.8  152.2  7.1  0.11  340.4  25.2
020420260959  1.299  4.2  149.7  11.4  0.23  15.8  25.2
020420261000  1.293  4.4  152.1  11.4  0.15  19.5  25.2
020420261001  1.290  4.5  152.8  11.4  0.12  344.3  25.2
020420261002  1.286  4.7  152.3  11.4  0.20  352.8  25.2
020420261003  1.282  4.6  153.0  11.4  0.19  10.0  25.2
020420261004  1.280  4.8  151.0  11.4  0.14  337.9  25.2
020420261005  1.276  4.9  149.2  11.4  0.11  354.1  25.2
020420261006  1.271  4.9  151.4  11.4  0.15  355.6  25.2
020420261007  1.268  5.1  154.6  11.4  0.15  340.8  25.2
020420261008  1.266  5.1  157.5  11.4  0.20  352.8  25.2
020420261009  1.263  4.7  159.9  9.7  0.22  346.5  25.2
020420261010  1.259  4.5  164.1  9.7  0.14  352.1  25.2
020420261011  1.255  4.4  168.1  9.7  0.28  7.2  25.2
020420261012  1.252  4.2  168.0  9.7  0.20  341.0  25.2
020420261013  1.248  4.2  166.2  9.7  0.21  345.1  25.2
020420261014  1.244  4.0  166.2  9.7  0.13  333.1  25.2
020420261015  1.241  3.9  169.0  9.7  0.15  336.9  25.2
020420261016  1.237  4.2  164.7  11.6  0.34  351.3  25.2
020420261017  1.232  4.2  156.9  11.6  0.26  356.6  25.2
020420261018  1.229  4.3  156.4  11.6  0.34  5.0  25.2
020420261019  1.225  4.6  158.8  11.6  0.16  1.9  25.2
020420261020  1.221  4.7  160.0  11.6  0.26  1.0  25.2
020420261021  1.217  4.9  159.1  11.6  0.38  12.7  25.2
020420261022  1.214  5.0  162.1  11.6  0.29  12.7  25.2
020420261023  1.210  5.1  163.2  11.6  0.39  17.4  25.2
020420261024  1.205  5.2  166.9  11.6  0.23  1.9  25.2
020420261025  1.201  5.3  167.9  11.6  0.37  0.3  25.2
020420261026  1.197  5.1  170.3  9.7  0.53  10.0  25.2
020420261027  1.192  4.9  175.4  9.7  0.49  13.6  25.2
020420261028  1.187  4.5  174.4  9.7  0.43  3.3  25.2
020420261029  1.181  4.3  171.5  8.2  0.51  9.6  25.2
020420261030  1.176  4.2  166.8  8.2  0.53  12.1  25.2
020420261031  1.172  3.8  162.9  8.2  0.53  0.5  25.2
020420261032  1.169  3.7  160.2  8.2  0.61  6.7  25.2
020420261033  1.164  3.6  158.2  8.2  0.52  8.3  25.2
020420261034  1.160  3.5  151.6  8.2  0.60  0.5  25.2
020420261035  1.155  3.6  146.9  8.2  0.63  4.7  25.2
020420261036  1.150  3.5  147.3  6.2  0.50  0.3  25.2
020420261037  1.146  3.7  146.6  7.9  0.57  4.3  25.2
020420261038  1.139  4.0  147.7  7.9  0.62  6.2  25.2
020420261039  1.136  3.8  143.6  7.9  0.66  5.6  25.2
020420261040  1.131  3.7  146.6  7.9  0.60  2.9  25.2
020420261041  1.128  4.0  152.4  7.9  0.65  1.4  25.2
020420261042  1.123  4.3  154.4  9.5  0.73  3.9  25.2
020420261043  1.119  4.5  153.8  9.5  0.70  3.2  25.2
020420261044  1.114  4.3  158.0  9.5  0.62  6.4  25.2
020420261045  1.110  4.3  161.4  9.5  0.65  8.1  25.2
020420261046  1.105  4.4  163.3  9.5  0.60  10.0  25.2
020420261047  1.100  4.3  164.1  9.5  0.66  10.3  25.2
020420261048  1.094  4.3  163.3  9.5  0.62  11.6  25.2
020420261049  1.089  4.5  169.2  9.5  0.72  13.1  25.2
020420261050  1.082  4.6  170.9  9.5  0.70  12.6  25.2
020420261051  1.076  4.5  171.7  9.5  0.72  13.1  25.2
020420261052  1.071  4.3  174.1  7.9  0.71  11.6  25.2
020420261053  1.065  4.4  177.6  7.9  0.72  11.6  25.2
020420261054  1.060  4.7  176.3  9.4  0.79  9.6  25.2
020420261055  1.054  4.9  177.2  9.4  0.74  10.0  25.2
020420261056  1.048  4.9  176.3  9.4  0.88  9.9  25.2
020420261057  1.042  5.2  176.0  10.7  0.75  12.5  25.2
020420261058  1.036  5.3  178.5  10.7  0.74  12.7  25.2
020420261059  1.029  5.3  179.1  10.7  0.81  12.3  25.2
020420261100  1.024  5.5  181.1  10.7  0.87  11.3  25.2
020420261101  1.019  5.9  183.8  10.7  0.77  8.7  25.2
020420261102  1.014  5.9  184.9  10.7  0.79  10.8  25.2
020420261103  1.007  6.2  183.5  12.6  0.79  9.7  25.2
020420261104  1.001  6.4  186.2  12.6  0.77  5.5  25.2
020420261105  0.994  6.3  186.7  12.6  0.94  11.7  25.2
020420261106  0.989  6.1  187.6  12.6  0.87  9.2  25.2
020420261107  0.983  5.9  189.3  12.6  0.78  14.1  25.2
020420261108  0.978  5.8  188.8  12.6  0.93  15.4  25.2
020420261109  0.973  5.7  187.5  12.6  0.89  12.4  25.2
020420261110  0.968  5.3  185.2  12.6  0.92  12.3  25.2
020420261111  0.963  4.7  182.3  12.6  0.97  14.2  25.2
020420261112  0.957  4.4  179.3  12.6  0.91  17.2  25.2
020420261113  0.953  3.8  179.9  10.2  0.88  13.8  25.2
020420261114  0.946  3.6  171.4  7.5  1.11  11.3  25.2
020420261115  0.940  3.7  165.5  7.4  0.98  17.5  25.2
020420261116  0.933  3.8  164.6  7.4  0.95  14.0  25.2
020420261117  0.928  3.5  157.2  7.4  0.97  13.8  25.2
020420261118  0.921  3.3  154.6  7.4  0.99  17.2  25.2
020420261119  0.917  3.2  150.9  7.4  1.10  15.8  25.2
020420261120  0.912  3.2  149.1  7.4  0.92  17.6  25.2
020420261121  0.907  3.4  148.6  7.7  1.00  17.8  25.2
020420261122  0.901  3.7  149.3  7.7  0.96  18.0  25.2
020420261123  0.894  4.0  150.9  7.7  0.89  20.2  25.2
020420261124  0.889  4.0  149.1  8.0  0.96  16.6  25.2
020420261125  0.882  3.8  148.0  8.0  0.91  16.2  25.2
020420261126  0.876  4.1  145.9  8.1  0.94  21.8  25.2
020420261127  0.871  4.4  148.6  8.1  0.97  15.4  25.2
020420261128  0.866  5.0  149.7  10.1  0.82  18.0  25.2
020420261129  0.861  5.2  151.7  10.1  0.89  18.9  25.2
020420261130  0.857  5.5  152.6  10.1  0.85  22.3  25.2
020420261131  0.852  5.6  153.1  11.3  0.85  18.5  25.2
020420261132  0.846  5.6  153.5  11.3  0.89  21.1  25.2
020420261133  0.842  5.7  152.9  11.3  0.89  20.7  25.2
020420261134  0.835  5.7  153.3  11.3  0.79  19.8  25.2
020420261135  0.830  5.8  152.3  11.3  0.90  16.6  25.2
020420261136  0.826  5.5  155.1  11.3  0.87  16.6  25.2
020420261137  0.820  5.4  153.7  11.3  0.89  19.2  25.2
020420261138  0.814  5.1  152.9  11.3  0.90  19.5  25.2
020420261139  0.811  5.0  150.9  11.3  0.82  21.7  25.2
020420261140  0.805  4.9  152.2  11.3  0.86  16.9  25.2
020420261141  0.801  4.6  153.6  8.6  0.88  18.2  25.2
020420261142  0.796  4.6  155.8  8.2  0.86  16.1  25.2
020420261143  0.791  4.3  154.8  8.2  0.79  22.2  25.2
020420261144  0.786  4.1  158.5  8.2  0.94  20.6  25.2
020420261145  0.782  3.9  166.0  7.5  0.83  18.2  25.2
020420261146  0.776  4.0  167.4  7.5  0.82  15.3  25.2
020420261147  0.773  4.0  173.2  7.5  0.90  15.0  25.2
020420261148  0.768  4.1  176.7  7.5  0.81  15.7  25.2
020420261149  0.764  4.0  179.3  7.5  0.85  18.8  25.2
020420261150  0.760  4.1  178.5  7.5  0.83  18.4  25.2
020420261151  0.753  4.1  176.9  7.5  0.87  19.7  25.2
020420261152  0.749  4.1  178.7  7.5  0.88  17.6  25.2
020420261153  0.744  4.1  180.9  7.4  0.74  17.2  25.2
020420261154  0.739  4.1  181.1  7.4  0.86  19.4  25.2
020420261155  0.735  4.1  178.1  7.4  0.81  20.2  25.2
020420261156  0.731  4.0  175.3  7.4  0.80  15.9  25.3
020420261157  0.726  4.0  173.7  7.4  0.84  17.8  25.3
020420261158  0.719  3.9  175.5  7.4  0.74  15.7  25.3
020420261159  0.714  4.0  173.7  7.4  0.91  15.9  25.3
020420261200  0.710  4.0  169.5  7.7  0.79  15.9  25.3
020420261201  0.704  3.8  168.6  7.7  0.92  18.3  25.3
020420261202  0.699  3.7  165.3  7.7  0.80  18.1  25.3
020420261203  0.694  3.7  166.4  7.7  0.79  18.8  25.3
020420261204  0.689  3.8  166.8  7.7  0.81  15.4  25.3
020420261205  0.684  3.7  163.1  7.7  0.77  16.1  25.3
020420261206  0.678  3.7  161.1  7.7  0.89  13.9  25.3
020420261207  0.674  3.5  160.6  7.7  0.84  18.3  25.3
020420261208  0.668  3.9  160.3  9.5  0.84  18.4  25.3
020420261209  0.663  4.1  162.1  9.5  0.81  18.5  25.3
020420261210  0.656  4.1  162.9  9.5  0.91  21.5  25.3
020420261211  0.651  4.2  161.7  9.5  0.81  14.4  25.3
020420261212  0.646  4.3  161.8  9.5  0.89  15.9  25.3
020420261213  0.639  4.3  163.0  9.5  0.96  17.9  25.3
020420261214  0.634  4.2  157.7  9.5  0.85  17.1  25.3
020420261215  0.630  4.2  158.9  9.5  0.84  19.1  25.3
020420261216  0.625  4.3  155.1  9.5  0.81  15.9  25.3
020420261217  0.621  4.3  151.4  9.5  0.89  17.3  25.3
020420261218  0.616  4.3  145.7  8.0  0.91  17.8  25.3
020420261219  0.611  4.1  145.8  8.0  0.91  15.7  25.3
020420261220  0.606  4.1  146.2  9.2  0.79  14.1  25.3
020420261221  0.602  3.9  148.5  9.2  0.90  12.9  25.3
020420261222  0.599  4.0  149.7  9.2  0.92  13.5  25.3
020420261223  0.594  4.1  149.5  9.2  0.84  17.0  25.3
020420261224  0.591  4.0  153.9  9.2  0.92  14.6  25.3
020420261225  0.586  4.0  156.9  9.2  0.86  17.3  25.3
020420261226  0.582  4.0  163.2  9.2  0.82  16.7  25.3
020420261227  0.579  3.9  165.9  9.2  0.72  15.1  25.3
020420261228  0.576  3.7  169.5  9.2  0.93  12.4  25.3
020420261229  0.572  3.5  168.3  9.2  0.92  14.6  25.3
020420261230  0.568  3.3  165.4  6.5  0.87  15.9  25.3
020420261231  0.563  3.2  160.9  6.5  0.89  13.3  25.3
020420261232  0.559  3.1  159.2  6.5  0.81  16.5  25.3
020420261233  0.556  2.9  160.0  6.3  0.87  11.7  25.3
020420261234  0.553  3.0  162.0  6.8  0.83  15.4  25.3
020420261235  0.548  2.9  158.0  6.8  0.84  13.3  25.3
020420261236  0.544  2.9  160.2  6.8  0.89  13.2  25.3
020420261237  0.539  3.0  161.4  6.8  0.84  17.5  25.3
020420261238  0.534  3.0  163.4  6.8  0.74  16.8  25.3
020420261239  0.528  3.3  165.5  8.0  0.87  14.0  25.3
020420261240  0.524  3.3  170.0  8.0  0.80  12.2  25.3
020420261241  0.519  3.5  170.5  8.0  0.84  17.0  25.3
020420261242  0.513  3.6  173.1  8.0  0.78  16.1  25.3
020420261243  0.509  3.6  171.3  8.0  0.85  16.0  25.3
020420261244  0.503  3.4  165.6  8.0  0.86  16.2  25.3
020420261245  0.499  3.3  166.0  8.0  0.85  12.5  25.3
020420261246  0.494  3.2  159.5  8.0  0.91  12.6  25.3
020420261247  0.488  3.0  159.5  8.0  0.91  15.8  25.3
020420261248  0.484  2.8  156.0  8.0  0.86  16.0  25.3
020420261249  0.479  2.5  153.1  7.4  0.88  18.5  25.3
020420261250  0.475  2.5  148.9  7.4  0.82  15.7  25.3
020420261251  0.469  2.3  150.3  7.4  0.86  15.8  25.3
020420261252  0.465  2.5  145.8  7.4  0.91  13.3  25.4
020420261253  0.459  2.5  140.3  7.4  0.82  12.6  25.4
020420261254  0.455  2.3  139.5  7.4  0.85  16.4  25.4
020420261255  0.451  2.4  145.4  5.3  0.82  14.1  25.4
020420261256  0.447  2.3  157.0  6.5  0.87  13.5  25.4
020420261257  0.443  2.5  157.1  6.5  1.02  14.2  25.4
020420261258  0.438  2.9  156.2  6.7  0.95  18.4  25.4
020420261259  0.433  3.1  157.2  6.8  0.87  15.7  25.4
020420261300  0.429  3.1  158.6  6.8  0.82  12.5  25.4
020420261301  0.425  3.2  156.4  6.8  0.74  11.6  25.4
020420261302  0.421  3.1  155.4  6.8  0.92  16.5  25.4
020420261303  0.416  3.4  157.7  7.6  0.91  15.5  25.4
020420261304  0.412  3.7  162.5  7.6  0.91  16.0  25.4
020420261305  0.407  3.6  164.2  7.6  0.97  16.2  25.4
020420261306  0.402  3.7  162.7  7.6  0.92  11.7  25.4
020420261307  0.397  3.7  162.8  7.6  0.92  14.4  25.4
020420261308  0.393  3.4  162.9  7.6  0.87  14.7  25.4
020420261309  0.387  3.7  160.3  8.1  1.02  15.7  25.4
020420261310  0.384  4.1  162.8  9.0  0.95  14.0  25.4
020420261311  0.380  4.3  165.7  9.0  0.96  14.7  25.4
020420261312  0.377  4.3  168.1  9.0  0.93  16.4  25.4
020420261313  0.373  4.1  168.6  9.0  0.97  14.0  25.4
020420261314  0.369  4.0  161.5  9.0  0.89  15.5  25.4
020420261315  0.363  4.1  156.6  9.0  0.85  17.1  25.4
020420261316  0.361  4.1  152.0  9.0  0.88  12.7  25.4
020420261317  0.356  4.2  149.1  9.0  0.95  13.9  25.4
020420261318  0.353  4.5  150.1  9.0  0.98  12.2  25.4
020420261319  0.350  4.3  149.4  9.0  0.86  16.4  25.4
020420261320  0.345  4.0  146.4  8.5  0.94  17.4  25.4
020420261321  0.341  4.0  144.3  7.1  0.94  15.8  25.4
020420261322  0.337  4.4  142.6  7.5  0.91  13.8  25.4
020420261323  0.335  4.4  144.1  7.5  0.87  14.2  25.4
020420261324  0.331  4.2  147.8  7.5  0.95  15.9  25.4
020420261325  0.326  4.3  154.0  8.3  0.97  18.0  25.4
020420261326  0.322  4.5  161.2  8.4  0.93  13.5  25.4
020420261327  0.317  4.7  167.4  9.0  0.97  12.4  25.4
020420261328  0.314  4.8  170.7  9.0  0.91  14.7  25.4
020420261329  0.312  4.9  173.7  9.0  0.98  13.5  25.4
020420261330  0.309  4.9  172.6  9.0  0.95  14.4  25.4
020420261331  0.306  4.8  176.0  9.0  0.99  17.0  25.4
020420261332  0.303  4.8  176.9  9.5  0.98  14.4  25.4
020420261333  0.301  4.8  175.1  9.5  0.81  16.7  25.4
020420261334  0.298  5.2  175.7  9.5  0.90  14.8  25.4
020420261335  0.296  4.8  171.7  9.5  0.92  14.7  25.4
020420261336  0.294  4.5  168.6  9.5  0.82  16.1  25.4
020420261337  0.291  4.6  163.2  11.2  0.89  14.9  25.4
020420261338  0.289  4.4  158.3  11.2  0.87  16.6  25.4
020420261339  0.287  4.4  156.6  11.2  0.82  14.2  25.4
020420261340  0.285  4.7  159.5  11.2  0.87  16.8  25.4
020420261341  0.281  4.8  160.1  11.2  0.89  14.2  25.4
020420261342  0.280  5.0  162.4  11.2  0.98  15.6  25.4
020420261343  0.278  5.6  166.7  12.7  0.90  13.3  25.4
020420261344  0.275  5.5  167.2  12.7  0.81  14.4  25.4
020420261345  0.272  5.7  171.4  12.7  0.94  12.0  25.4
020420261346  0.269  6.1  174.7  12.7  0.82  12.6  25.4
020420261347  0.267  6.1  178.6  12.7  0.74  13.3  25.4
020420261348  0.266  6.2  183.8  12.7  0.82  11.1  25.4
020420261349  0.266  6.6  187.9  12.7  0.78  15.5  25.4
020420261350  0.263  6.6  191.3  12.7  0.76  17.1  25.4
020420261351  0.262  6.5  194.7  12.7  0.90  11.9  25.4
020420261352  0.261  6.6  199.1  12.7  0.80  13.1  25.4
020420261353  0.259  6.2  202.8  10.9  0.70  19.7  25.4
020420261354  0.259  6.4  205.6  10.9  0.70  14.8  25.4
020420261355  0.259  6.4  206.4  10.9  0.68  17.6  25.4
020420261356  0.259  6.1  205.6  9.0  0.69  18.5  25.4
020420261357  0.256  6.0  206.7  9.0  0.79  17.8  25.4
020420261358  0.252  5.8  205.7  9.0  0.72  17.5  25.4
020420261359  0.250  5.5  204.2  8.0  0.70  14.0  25.4
020420261400  0.249  5.2  204.9  8.0  0.71  18.2  25.4
020420261401  0.249  4.9  201.9  8.0  0.67  16.2  25.4
020420261402  0.247  4.5  200.3  8.0  0.74  20.0  25.4
020420261403  0.246  4.1  198.1  8.0  0.59  19.4  25.4
020420261404  0.245  3.7  196.0  6.7  0.77  17.9  25.4
020420261405  0.244  3.5  193.1  5.8  0.82  17.3  25.4
020420261406  0.241  3.2  192.3  5.2  0.77  22.2  25.4
020420261407  0.239  3.0  191.2  5.2  0.70  15.4  25.4
020420261408  0.236  2.8  194.4  5.0  0.64  19.7  25.4
020420261409  0.236  2.8  198.2  4.8  0.70  18.8  25.4
020420261410  0.235  2.9  199.3  5.6  0.73  14.7  25.4
020420261411  0.234  3.0  198.6  5.6  0.79  16.5  25.5
020420261412  0.231  3.1  202.6  6.5  0.67  15.7  25.5
020420261413  0.231  3.3  207.2  6.5  0.67  15.7  25.5
020420261414  0.231  3.5  209.1  6.5  0.75  19.2  25.5
020420261415  0.229  3.6  212.0  6.5  0.51  23.1  25.5
020420261416  0.229  3.7  214.5  6.5  0.78  19.8  25.5
020420261417  0.228  3.9  212.6  6.5  0.70  19.2  25.5
020420261418  0.227  3.9  208.0  6.5  0.74  20.7  25.5
020420261419  0.227  4.1  204.9  7.2  0.68  17.6  25.5
020420261420  0.225  4.0  202.3  7.2  0.73  18.1  25.5
020420261421  0.224  3.9  202.4  7.2  0.67  15.0  25.5
020420261422  0.222  3.9  195.6  7.2  0.68  23.5  25.5
020420261423  0.219  4.1  187.7  7.9  0.74  17.9  25.5
020420261424  0.218  4.0  183.4  7.9  0.63  24.2  25.5
020420261425  0.216  4.2  180.9  7.9  0.73  11.2  25.5
020420261426  0.216  4.5  179.6  8.7  0.77  23.1  25.5
020420261427  0.215  4.4  177.6  8.7  0.65  13.1  25.5
020420261428  0.214  4.5  180.1  8.7  0.76  15.0  25.5
020420261429  0.214  4.6  181.0  8.7  0.66  22.0  25.5
020420261430  0.213  4.8  178.8  9.8  0.74  17.6  25.5
020420261431  0.211  4.8  179.7  9.8  0.75  19.3  25.5
020420261432  0.209  5.0  182.6  9.8  0.69  24.0  25.5
020420261433  0.209  5.1  186.4  9.8  0.64  21.1  25.5
020420261434  0.207  5.1  186.8  9.8  0.58  16.7  25.5
020420261435  0.206  5.0  184.9  9.8  0.67  17.1  25.5
020420261436  0.206  4.4  182.6  9.8  0.61  17.7  25.5
020420261437  0.206  4.4  183.2  9.8  0.60  17.2  25.5
020420261438  0.206  4.1  181.2  9.8  0.59  22.1  25.5
020420261439  0.206  3.7  174.5  9.8  0.68  17.4  25.5
020420261440  0.206  3.8  175.5  8.8  0.58  20.0  25.5
020420261441  0.205  3.7  176.3  8.8  0.65  21.6  25.5
020420261442  0.203  3.4  174.2  8.8  0.56  28.4  25.5
020420261443  0.202  3.3  173.8  8.8  0.57  24.9  25.5
020420261444  0.201  3.3  174.3  8.8  0.60  21.6  25.5
020420261445  0.201  3.5  176.7  8.8  0.58  25.9  25.5
020420261446  0.201  3.7  180.2  8.8  0.63  22.6  25.5
020420261447  0.202  4.0  180.9  8.8  0.60  21.3  25.5
020420261448  0.204  4.2  180.1  8.8  0.45  20.9  25.5
020420261449  0.203  4.6  183.5  8.8  0.65  18.3  25.5
020420261450  0.202  4.6  182.9  9.0  0.64  23.4  25.5
020420261451  0.201  4.8  181.7  9.0  0.58  20.3  25.5
020420261452  0.202  5.1  181.8  9.0  0.54  25.4  25.5
020420261453  0.202  5.2  178.4  9.0  0.61  24.3  25.5
020420261454  0.201  5.0  177.6  9.0  0.57  26.0  25.5
020420261455  0.203  4.7  170.5  9.0  0.48  24.1  25.5
020420261456  0.204  4.7  166.1  9.0  0.60  23.5  25.6
020420261457  0.206  4.4  163.5  9.0  0.55  21.8  25.6
020420261458  0.206  4.3  162.1  9.0  0.51  26.7  25.6
020420261459  0.206  4.2  159.8  9.0  0.44  27.9  25.6
020420261500  0.206  4.2  159.8  8.8  0.40  21.9  25.6
020420261501  0.208  4.2  156.4  8.8  0.49  24.8  25.6
020420261502  0.209  3.9  154.3  8.7  0.48  18.6  25.6
020420261503  0.211  3.8  153.8  8.7  0.52  23.5  25.6
020420261504  0.214  4.1  155.4  8.7  0.51  27.4  25.6
020420261505  0.216  4.1  159.1  8.7  0.53  21.0  25.6
020420261506  0.216  4.0  160.6  8.7  0.41  24.9  25.6
020420261507  0.218  4.1  159.6  8.7  0.47  18.1  25.6
020420261508  0.221  3.9  153.5  8.7  0.52  18.3  25.6
020420261509  0.223  3.8  148.1  8.7  0.45  15.3  25.6
020420261510  0.226  3.5  144.6  8.5  0.46  9.0  25.6
020420261511  0.228  3.2  140.4  8.5  0.51  9.6  25.6
020420261512  0.230  3.1  131.2  8.5  0.35  4.0  25.6
020420261513  0.234  3.0  122.3  6.3  0.39  10.0  25.6
020420261514  0.237  3.1  113.3  6.3  0.45  9.3  25.6
020420261515  0.241  2.8  111.2  6.3  0.45  1.3  25.6
020420261516  0.245  2.8  109.2  6.3  0.42  0.7  25.6
020420261517  0.249  2.6  108.3  6.3  0.41  351.6  25.6
020420261518  0.253  2.3  118.3  4.5  0.43  358.5  25.6
020420261519  0.257  2.2  123.7  4.5  0.37  354.6  25.6
020420261520  0.262  2.1  128.7  4.5  0.29  349.9  25.6
020420261521  0.267  2.1  136.2  4.5  0.31  348.9  25.6
020420261522  0.271  2.2  144.2  4.5  0.32  341.7  25.6
020420261523  0.275  2.5  159.8  8.0  0.32  345.8  25.6
020420261524  0.276  2.7  167.8  8.0  0.33  357.7  25.6
020420261525  0.280  3.1  170.8  8.0  0.29  347.9  25.6
020420261526  0.284  3.4  176.7  8.0  0.28  335.0  25.6
020420261527  0.288  3.6  177.5  8.0  0.28  348.6  25.6
020420261528  0.294  3.7  176.0  8.0  0.28  357.4  25.6
020420261529  0.299  3.7  177.1  8.0  0.29  339.2  25.6
020420261530  0.301  3.9  180.8  8.0  0.28  350.9  25.6
020420261531  0.303  4.2  182.5  8.0  0.25  341.5  25.6
020420261532  0.306  4.4  186.5  8.0  0.25  346.8  25.6
020420261533  0.311  4.2  185.9  7.9  0.27  352.7  25.6
020420261534  0.317  4.1  185.3  7.9  0.18  342.3  25.6
020420261535  0.322  3.9  190.5  7.9  0.20  336.6  25.6
020420261536  0.326  3.9  193.0  7.9  0.25  339.0  25.6
020420261537  0.331  4.0  191.6  7.9  0.22  343.9  25.6
020420261538  0.336  4.1  193.0  7.9  0.24  345.1  25.6
020420261539  0.342  4.2  194.5  7.9  0.24  349.2  25.6
020420261540  0.347  4.2  191.7  7.9  0.18  0.6  25.6
020420261541  0.353  4.2  190.6  6.3  0.14  347.8  25.6
020420261542  0.360  4.0  190.9  6.3  0.19  344.8  25.6
020420261543  0.364  4.1  191.2  6.3  0.10  338.7  25.6
020420261544  0.369  4.2  192.6  6.3  0.14  349.0  25.6
020420261545  0.373  4.1  188.5  6.3  0.05  345.4  25.6
020420261546  0.376  3.9  181.6  6.3  0.07  337.2  25.6
020420261547  0.381  3.8  180.6  6.3  0.08  224.9  25.6
020420261548  0.386  3.7  175.4  6.3  0.05  246.3  25.6
020420261549  0.391  3.7  170.1  6.1  0.06  355.5  25.6
020420261550  0.396  3.7  165.6  6.6  0.04  248.0  25.6
020420261551  0.400  3.8  165.0  6.8  0.04  133.7  25.6
020420261552  0.403  3.8  161.8  6.8  0.03  79.0  25.6
020420261553  0.409  3.8  159.0  6.8  0.11  171.9  25.6
020420261554  0.412  3.7  154.0  6.8  0.20  178.5  25.6
020420261555  0.418  4.1  146.1  11.0  0.11  186.9  25.6
020420261556  0.421  4.3  148.5  11.0  0.07  89.0  25.6
020420261557  0.426  4.4  146.8  11.0  0.03  106.7  25.6
020420261558  0.428  4.3  147.3  11.0  0.07  148.5  25.6
020420261559  0.433  4.4  147.0  11.0  0.13  157.5  25.6
020420261600  0.436  4.1  145.6  11.0  0.16  158.7  25.6
020420261601  0.441  4.1  140.0  11.0  0.08  168.7  25.6
020420261602  0.446  3.8  140.3  11.0  0.12  140.9  25.6
020420261603  0.449  4.0  140.6  11.0  0.13  168.0  25.6
020420261604  0.452  4.2  143.2  11.0  0.28  167.1  25.6
020420261605  0.455  4.1  146.9  8.2  0.27  149.9  25.6
020420261606  0.457  4.1  143.4  8.6  0.21  176.8  25.6
020420261607  0.460  4.2  142.7  8.6  0.26  167.9  25.6
020420261608  0.463  4.2  142.7  8.6  0.26  172.8  25.6
020420261609  0.466  4.1  143.4  8.6  0.20  165.9  25.6
020420261610  0.470  4.4  142.6  8.6  0.34  185.5  25.6
020420261611  0.473  4.4  141.7  8.6  0.21  163.4  25.6
020420261612  0.475  4.7  139.5  8.6  0.30  166.8  25.6
020420261613  0.480  4.4  139.4  8.6  0.24  177.8  25.6
020420261614  0.482  4.4  140.0  8.6  0.22  175.7  25.6
020420261615  0.485  4.4  143.0  8.8  0.17  186.1  25.6
020420261616  0.487  4.3  144.2  8.8  0.15  172.3  25.6
020420261617  0.492  4.1  146.2  8.8  0.24  177.1  25.6
020420261618  0.495  4.3  147.6  9.1  0.20  169.4  25.6
020420261619  0.499  4.2  148.3  9.1  0.23  171.7  25.6
020420261620  0.502  4.3  151.1  9.1  0.29  176.9  25.6
020420261621  0.507  4.3  153.7  9.1  0.23  176.7  25.6
020420261622  0.512  4.2  154.9  9.1  0.25  165.2  25.6
020420261623  0.517  4.1  154.7  9.1  0.17  165.8  25.6
020420261624  0.521  3.7  154.0  9.1  0.31  187.8  25.6
020420261625  0.525  3.1  144.7  9.1  0.22  188.5  25.6
020420261626  0.526  2.9  135.9  9.1  0.06  86.0  25.6
020420261627  0.528  2.8  130.0  9.1  0.12  172.1  25.6
020420261628  0.531  2.7  116.6  7.6  0.27  181.2  25.6
020420261629  0.536  2.9  103.6  8.2  0.16  170.9  25.6
020420261630  0.540  3.3  91.2  8.2  0.18  160.7  25.6
020420261631  0.545  3.6  86.4  8.2  0.23  172.0  25.6
020420261632  0.549  3.9  79.6  8.2  0.31  173.5  25.6
020420261633  0.552  4.6  77.3  9.4  0.18  176.6  25.6
020420261634  0.555  4.9  75.4  9.4  0.35  185.2  25.6
020420261635  0.560  5.2  77.0  9.7  0.21  166.9  25.6
020420261636  0.564  4.9  76.6  9.7  0.26  174.4  25.6
020420261637  0.571  4.9  75.2  9.7  0.27  195.0  25.6
020420261638  0.576  4.8  73.6  9.7  0.26  196.5  25.6
020420261639  0.582  4.5  73.5  9.7  0.36  187.5  25.6
020420261640  0.587  4.1  72.7  9.7  0.40  181.3  25.6
020420261641  0.592  3.6  71.2  9.7  0.23  190.5  25.6
020420261642  0.596  3.2  68.3  9.7  0.30  183.7  25.6
020420261643  0.602  2.5  61.4  9.7  0.23  187.1  25.6
020420261644  0.608  2.3  53.1  9.7  0.34  190.3  25.6
020420261645  0.614  1.9  44.4  4.4  0.33  186.9  25.6
020420261646  0.620  1.9  41.0  4.4  0.33  175.9  25.6
020420261647  0.625  1.8  37.5  4.4  0.44  190.5  25.6
020420261648  0.630  1.7  30.2  3.9  0.29  185.0  25.6
020420261649  0.635  1.7  23.4  3.6  0.29  185.0  25.6
020420261650  0.642  1.9  18.4  3.9  0.38  187.6  25.6
020420261651  0.650  2.2  18.2  3.9  0.44  184.6  25.6
020420261652  0.656  2.1  21.2  3.9  0.42  179.1  25.6
020420261653  0.664  2.1  23.6  3.9  0.48  184.7  25.6
020420261654  0.669  2.0  23.0  3.9  0.56  185.8  25.6
020420261655  0.675  1.9  16.3  3.9  0.45  186.8  25.6
020420261656  0.681  1.8  9.3  3.9  0.56  182.8  25.6
020420261657  0.688  1.7  1.7  3.9  0.56  183.4  25.6
020420261658  0.695  1.6  353.5  3.9  0.38  182.4  25.5
020420261659  0.702  1.4  343.6  3.9  0.42  181.4  25.5
020420261700  0.710  1.2  328.0  3.1  0.58  178.0  25.6
020420261701  0.715  1.2  310.8  2.4  0.46  180.7  25.6
020420261702  0.721  1.3  300.8  2.4  0.51  188.3  25.6
020420261703  0.728  1.4  292.9  2.4  0.42  186.8  25.6
020420261704  0.733  1.4  287.5  2.4  0.61  186.0  25.6
020420261705  0.739  1.4  282.9  2.4  0.54  184.0  25.6
020420261706  0.746  1.4  278.7  2.4  0.65  184.3  25.6
020420261707  0.752  1.4  274.1  2.4  0.63  189.5  25.6
020420261708  0.758  1.4  269.3  2.4  0.58  183.7  25.6
020420261709  0.765  1.5  264.0  2.6  0.59  184.7  25.6
020420261710  0.772  1.6  258.3  2.8  0.67  182.0  25.6
020420261711  0.777  1.6  254.1  2.8  0.59  182.3  25.6
020420261712  0.783  1.6  247.8  2.8  0.62  181.5  25.6
020420261713  0.790  1.5  242.0  2.8  0.61  180.8  25.6
020420261714  0.796  1.5  240.9  2.8  0.68  184.6  25.6
020420261715  0.802  1.5  236.3  2.8  0.75  180.0  25.5
020420261716  0.808  1.7  233.7  3.2  0.70  183.0  25.5
020420261717  0.812  1.8  229.7  3.7  0.63  183.3  25.5
020420261718  0.819  1.9  225.7  3.7  0.68  177.6  25.5
020420261719  0.824  2.1  223.5  4.8  0.78  181.7  25.5
020420261720  0.829  2.3  224.6  4.8  0.81  181.7  25.5
020420261721  0.835  2.4  225.8  4.8  0.69  183.2  25.5
020420261722  0.839  2.7  228.6  4.8  0.66  178.2  25.5
020420261723  0.844  2.9  228.2  4.8  0.75  180.1  25.5
020420261724  0.850  3.3  223.8  5.7  0.74  179.6  25.5
020420261725  0.855  3.7  222.3  8.0  0.79  179.1  25.5
020420261726  0.858  4.3  220.4  8.4  0.85  180.9  25.5
020420261727  0.863  4.6  219.9  8.4  0.87  180.1  25.5
020420261728  0.868  4.9  219.8  8.4  0.92  182.3  25.5
020420261729  0.872  4.9  218.6  8.4  0.80  182.2  25.5
020420261730  0.877  4.9  215.2  8.4  0.84  182.4  25.5
020420261731  0.881  5.0  211.8  8.4  0.81  179.8  25.5
020420261732  0.886  5.3  209.1  8.4  0.83  181.7  25.5
020420261733  0.891  5.5  211.0  8.4  0.89  181.4  25.5
020420261734  0.895  5.8  213.1  8.4  0.77  176.8  25.5
020420261735  0.899  5.9  214.8  8.8  0.84  180.7  25.5
020420261736  0.902  5.8  216.8  8.8  0.89  177.4  25.5
020420261737  0.907  5.8  217.3  8.8  0.93  177.7  25.5
020420261738  0.913  5.7  217.4  8.8  0.81  176.7  25.5
020420261739  0.918  5.8  217.9  8.8  0.83  180.5  25.5
020420261740  0.924  6.0  219.2  8.8  0.86  177.4  25.5
020420261741  0.928  6.2  221.1  8.8  0.85  177.2  25.5
020420261742  0.935  6.3  222.6  8.8  0.89  177.7  25.5
020420261743  0.939  6.3  221.5  8.8  0.90  179.2  25.5
020420261744  0.945  6.1  221.6  8.8  0.95  180.2  25.5
020420261745  0.949  5.9  221.0  8.4  0.81  176.7  25.5
020420261746  0.953  5.7  219.6  8.4  0.89  177.2  25.5
020420261747  0.958  5.6  219.9  8.4  0.81  175.9  25.5
020420261748  0.964  5.7  220.5  8.4  0.91  181.6  25.5
020420261749  0.969  5.9  221.5  8.4  0.87  178.1  25.5
020420261750  0.974  5.9  222.5  8.4  0.79  184.3  25.5
020420261751  0.979  6.0  221.9  8.4  0.83  177.5  25.5
020420261752  0.983  5.9  222.2  7.8  0.71  177.7  25.5
020420261753  0.987  6.0  222.8  8.0  0.73  178.4  25.5
020420261754  0.992  6.1  222.6  8.0  0.83  182.6  25.5
020420261755  0.994  6.2  223.9  8.0  0.89  183.6  25.6
020420261756  1.000  6.3  223.4  8.0  0.82  181.0  25.6
020420261757  1.003  6.4  222.9  8.5  0.83  179.7  25.6
020420261758  1.008  6.5  222.6  8.5  0.88  179.2  25.6
020420261759  1.014  6.5  222.2  8.5  0.72  185.7  25.6
020420261800  1.019  6.4  222.0  8.5  0.86  185.5  25.6
020420261801  1.023  6.7  221.2  11.0  0.74  179.6  25.6
020420261802  1.028  6.9  219.4  11.0  0.81  179.4  25.6
020420261803  1.033  7.0  217.7  11.0  0.89  180.8  25.6
020420261804  1.037  7.1  216.5  11.0  0.79  183.8  25.6
020420261805  1.042  7.3  214.5  11.0  0.81  188.1  25.6
020420261806  1.046  7.3  213.5  11.0  0.87  184.5  25.6
020420261807  1.051  7.3  211.5  11.0  0.84  186.3  25.6
020420261808  1.055  7.3  209.4  11.0  0.82  184.6  25.6
020420261809  1.060  7.4  206.9  11.0  0.96  185.4  25.6
020420261810  1.065  7.6  204.8  11.0  0.90  184.6  25.6
020420261811  1.071  7.5  204.0  9.9  0.77  180.5  25.6
020420261812  1.077  7.4  203.5  9.2  0.90  186.7  25.6
020420261813  1.082  7.5  203.1  9.7  0.85  188.4  25.6
020420261814  1.088  7.5  203.4  9.7  0.87  181.4  25.6
020420261815  1.094  7.5  203.6  9.7  0.87  180.6  25.6
020420261816  1.099  7.6  204.4  9.7  0.83  189.7  25.6
020420261817  1.104  7.6  206.5  9.7  0.70  186.5  25.6
020420261818  1.109  7.5  208.8  9.7  0.74  180.5  25.6
020420261819  1.113  7.4  211.1  9.7  0.68  181.8  25.6
020420261820  1.118  7.3  214.7  9.7  0.74  182.6  25.6
020420261821  1.125  7.1  217.1  9.7  0.77  181.9  25.6
020420261822  1.130  7.0  219.4  9.7  0.71  182.8  25.6
020420261823  1.135  6.8  222.5  9.1  0.79  188.2  25.6
020420261824  1.141  6.7  224.3  9.1  0.83  185.2  25.6
020420261825  1.146  6.4  225.0  9.1  0.79  183.3  25.6
020420261826  1.149  6.2  226.1  9.1  0.88  184.2  25.6
020420261827  1.154  6.1  225.5  7.5  0.86  183.3  25.6
020420261828  1.160  5.9  225.1  7.5  0.82  184.5  25.6
020420261829  1.164  5.9  224.9  7.5  0.73  185.1  25.6
020420261830  1.171  5.7  223.5  7.2  0.75  180.5  25.6
020420261831  1.177  5.6  222.6  7.1  0.81  182.3  25.6
020420261832  1.182  5.5  221.7  7.1  0.86  185.1  25.6
020420261833  1.187  5.4  220.1  7.1  0.90  180.6  25.5
020420261834  1.192  5.4  219.6  7.1  0.88  177.9  25.5
020420261835  1.197  5.5  220.2  6.7  0.87  179.1  25.5
020420261836  1.201  5.4  219.7  6.7  0.85  181.4  25.5
020420261837  1.206  5.2  220.2  6.6  0.82  179.9  25.5
020420261838  1.212  5.2  219.6  6.6  0.87  172.0  25.5
020420261839  1.217  5.3  219.8  6.6  0.83  174.1  25.5
020420261840  1.221  5.3  220.2  6.6  0.77  169.5  25.5
020420261841  1.227  5.3  221.3  6.6  0.84  170.8  25.5
020420261842  1.232  5.3  222.3  6.6  0.65  170.2  25.5
020420261843  1.239  5.4  222.8  6.8  0.78  178.8  25.5
020420261844  1.244  5.4  222.5  7.5  0.81  177.6  25.5
020420261845  1.249  5.5  221.9  7.5  0.78  178.2  25.5
020420261846  1.253  5.6  222.4  7.8  0.80  178.5  25.5
020420261847  1.258  5.8  223.0  7.8  0.91  179.4  25.5
020420261848  1.264  6.0  224.3  7.8  0.81  176.8  25.5
020420261849  1.271  6.1  224.4  8.2  0.82  176.0  25.5
020420261850  1.276  6.4  224.7  8.2  0.80  175.1  25.5
020420261851  1.281  6.4  223.9  8.2  0.63  170.7  25.5
020420261852  1.286  6.6  223.7  8.2  0.80  176.1  25.5
020420261853  1.291  6.7  223.5  8.6  0.85  175.5  25.5
020420261854  1.295  6.8  223.2  8.6  0.82  180.7  25.5
020420261855  1.300  6.8  223.5  8.6  0.81  179.4  25.5
020420261856  1.305  6.8  223.7  8.6  0.81  176.4  25.5
020420261857  1.310  6.8  223.0  8.6  0.84  182.4  25.5
020420261858  1.315  6.8  222.6  8.6  0.83  182.1  25.5
020420261859  1.319  6.7  222.0  8.6  0.77  181.3  25.5
020420261900  1.324  6.6  220.7  8.6  0.89  180.3  25.5
020420261901  1.328  6.8  219.1  9.9  0.79  184.2  25.5
020420261902  1.332  6.8  217.0  9.9  0.91  182.6  25.5
020420261903  1.336  6.8  214.8  9.9  0.82  178.0  25.5
020420261904  1.341  6.8  212.2  9.9  0.83  183.5  25.5
020420261905  1.346  6.9  210.9  9.9  0.75  183.3  25.5
020420261906  1.350  6.9  209.0  9.9  0.74  185.8  25.5
020420261907  1.354  6.9  208.3  9.9  0.88  182.2  25.5
020420261908  1.358  7.0  207.0  9.9  0.80  179.6  25.5
020420261909  1.362  7.1  206.1  9.9  0.94  179.3  25.5
020420261910  1.365  7.2  206.0  9.9  0.89  179.1  25.5
020420261911  1.370  7.0  206.0  8.5  0.88  178.7  25.5
020420261912  1.373  6.9  206.3  8.5  0.85  177.0  25.5
020420261913  1.377  6.7  206.0  8.5  0.86  177.3  25.5
020420261914  1.381  6.6  206.6  8.1  0.86  174.1  25.5
020420261915  1.385  6.5  206.5  8.0  0.81  176.4  25.5
020420261916  1.388  6.4  206.7  8.0  0.81  170.7  25.5
020420261917  1.392  6.4  206.4  8.0  0.81  171.3  25.5
020420261918  1.396  6.3  205.7  8.0  0.74  169.8  25.5
020420261919  1.400  6.2  205.9  8.0  0.81  168.6  25.5
020420261920  1.403  6.1  205.5  7.3  0.92  175.3  25.5
020420261921  1.408  6.1  204.9  7.3  0.81  173.3  25.5
020420261922  1.412  6.1  203.7  7.6  0.79  169.5  25.5
020420261923  1.414  6.2  203.8  7.6  0.85  172.7  25.5
020420261924  1.419  6.1  204.9  7.6  0.77  173.8  25.5
020420261925  1.422  6.1  205.7  7.6  0.84  170.1  25.5
020420261926  1.425  6.0  206.4  7.6  0.81  175.2  25.5
020420261927  1.427  6.0  207.5  7.6  0.74  170.8  25.5
020420261928  1.430  6.0  208.8  7.6  0.87  179.0  25.5
020420261929  1.433  5.9  208.9  7.6  0.78  174.2  25.5
020420261930  1.436  5.9  209.4  7.6  0.74  171.0  25.5
020420261931  1.438  5.8  210.5  7.6  0.67  176.9  25.5
020420261932  1.441  5.7  212.5  7.2  0.80  179.0  25.5
020420261933  1.444  5.7  213.8  7.1  0.75  174.1  25.5
020420261934  1.447  5.7  214.0  7.1  0.70  175.7  25.5
020420261935  1.450  5.7  213.8  7.1  0.68  175.0  25.5
020420261936  1.453  5.7  213.6  7.1  0.75  176.3  25.5
020420261937  1.455  5.6  213.8  7.1  0.62  173.6  25.5
020420261938  1.456  5.6  214.0  7.1  0.81  174.2  25.5
020420261939  1.458  5.7  213.3  7.1  0.70  173.1  25.5
020420261940  1.461  5.5  212.9  6.8  0.77  182.0  25.5
020420261941  1.464  5.6  213.2  7.3  0.71  174.0  25.5
020420261942  1.465  5.6  213.2  7.3  0.68  173.3  25.5
020420261943  1.467  5.8  212.0  8.7  0.74  175.3  25.5
020420261944  1.469  5.8  210.6  8.7  0.70  172.7  25.5
020420261945  1.471  5.8  210.6  8.7  0.62  173.9  25.5
020420261946  1.473  5.7  210.3  8.7  0.78  176.4  25.5
020420261947  1.474  5.7  209.4  8.7  0.79  173.5  25.5
020420261948  1.477  5.6  208.5  8.7  0.73  178.6  25.5
020420261949  1.481  5.7  207.7  8.7  0.74  174.8  25.5
020420261950  1.482  5.7  206.6  8.7  0.67  173.6  25.5
020420261951  1.486  5.7  204.9  8.7  0.73  173.2  25.5
020420261952  1.487  5.6  204.7  8.7  0.59  174.0  25.5
020420261953  1.489  5.4  205.1  7.6  0.70  175.1  25.5
020420261954  1.491  5.3  206.8  7.6  0.73  177.3  25.5
020420261955  1.494  5.3  207.4  7.6  0.56  175.0  25.5
020420261956  1.496  5.3  208.6  7.6  0.75  173.2  25.5
020420261957  1.499  5.3  209.2  7.6  0.77  170.2  25.5
020420261958  1.503  5.3  210.2  7.6  0.74  172.3  25.5
020420261959  1.504  5.2  212.7  6.7  0.48  177.4  25.5
020420262000  1.506  5.3  215.1  6.7  0.72  171.3  25.5
020420262001  1.508  5.3  217.2  6.9  0.64  167.6  25.5
020420262002  1.509  5.4  218.1  6.9  0.78  168.3  25.5
020420262003  1.512  5.4  219.4  6.9  0.71  169.7  25.5
020420262004  1.514  5.5  220.0  6.9  0.70  169.9  25.5
020420262005  1.516  5.5  220.5  6.9  0.69  167.5  25.5
020420262006  1.518  5.5  220.6  6.9  0.70  173.0  25.5
020420262007  1.520  5.5  221.6  7.3  0.71  170.4  25.5
020420262008  1.521  5.6  222.8  7.3  0.63  168.9  25.5
020420262009  1.523  5.7  223.8  7.3  0.68  169.3  25.5
020420262010  1.525  5.8  224.6  7.3  0.64  172.5  25.5
020420262011  1.528  5.7  225.7  7.3  0.56  168.7  25.5
020420262012  1.530  5.7  226.7  7.3  0.70  171.3  25.5
020420262013  1.533  5.9  227.7  7.3  0.75  171.3  25.5
020420262014  1.536  5.9  228.0  7.3  0.55  165.5  25.5
020420262015  1.536  6.0  228.3  7.3  0.65  169.8  25.5
020420262016  1.538  6.0  228.7  7.3  0.78  173.3  25.5
020420262017  1.540  6.0  229.0  7.5  0.54  170.3  25.5
020420262018  1.542  6.0  229.0  7.5  0.60  170.5  25.5
020420262019  1.544  5.9  228.7  7.5  0.68  170.0  25.5
020420262020  1.546  5.8  228.6  7.5  0.62  174.7  25.5
020420262021  1.548  5.9  228.0  7.5  0.57  170.1  25.5
020420262022  1.551  5.8  227.9  7.5  0.62  170.3  25.5
020420262023  1.553  5.8  227.3  7.5  0.57  172.5  25.5
020420262024  1.555  5.8  228.3  7.5  0.59  168.0  25.5
020420262025  1.557  5.8  228.6  7.5  0.73  177.8  25.5
020420262026  1.560  5.8  229.7  7.5  0.57  168.9  25.5
020420262027  1.562  5.8  229.8  7.5  0.75  175.4  25.5
020420262028  1.564  5.8  229.2  7.5  0.63  172.1  25.5
020420262029  1.565  5.9  229.2  7.5  0.67  177.6  25.5
020420262030  1.567  5.9  228.9  7.5  0.72  169.8  25.5
020420262031  1.570  5.8  228.9  7.5  0.61  168.6  25.5
020420262032  1.571  5.8  228.2  7.5  0.52  169.2  25.5
020420262033  1.573  5.8  228.3  7.3  0.54  175.1  25.5
020420262034  1.575  5.8  226.9  7.3  0.63  174.9  25.5
020420262035  1.576  5.7  227.4  7.3  0.54  170.9  25.5
020420262036  1.577  5.7  226.6  7.0  0.66  174.4  25.5
020420262037  1.579  5.7  226.5  7.7  0.63  171.3  25.5
020420262038  1.580  5.7  227.6  7.7  0.57  166.0  25.5
020420262039  1.581  5.8  228.0  7.7  0.66  174.4  25.5
020420262040  1.583  6.0  228.5  7.8  0.54  171.9  25.5
020420262041  1.585  6.1  228.8  7.8  0.68  175.0  25.5
020420262042  1.585  6.2  228.7  7.8  0.53  168.4  25.5
020420262043  1.586  6.1  228.3  7.8  0.49  174.9  25.5
020420262044  1.587  6.2  228.9  7.8  0.61  173.6  25.5
020420262045  1.589  6.2  227.8  7.8  0.53  168.8  25.5
020420262046  1.589  6.2  227.3  7.8  0.50  176.1  25.5
020420262047  1.590  6.1  226.9  7.8  0.50  168.2  25.5
020420262048  1.591  6.2  226.5  7.8  0.54  169.6  25.5
020420262049  1.591  6.1  226.2  7.8  0.60  167.0  25.5
020420262050  1.590  6.1  225.7  7.2  0.56  174.8  25.5
020420262051  1.590  6.1  225.6  7.1  0.52  166.7  25.5
020420262052  1.590  6.1  226.0  7.3  0.64  168.4  25.5
020420262053  1.589  6.1  226.6  7.3  0.44  157.6  25.5
020420262054  1.589  6.1  226.0  7.3  0.63  175.2  25.6
020420262055  1.588  6.1  226.6  7.3  0.59  167.7  25.5
020420262056  1.588  6.2  227.2  7.3  0.53  166.6  25.6
020420262057  1.586  6.2  227.3  7.6  0.52  170.5  25.5
020420262058  1.586  6.2  227.6  7.6  0.53  169.9  25.5
020420262059  1.585  6.2  227.4  7.6  0.38  175.8  25.5
020420262100  1.583  6.2  227.2  7.6  0.49  176.4  25.5
020420262101  1.583  6.0  226.3  7.6  0.54  173.8  25.5
020420262102  1.581  6.0  226.5  7.6  0.49  170.6  25.5
020420262103  1.580  6.0  226.4  7.6  0.40  164.8  25.5
020420262104  1.579  5.8  226.8  7.6  0.49  177.9  25.5
020420262105  1.577  5.6  226.5  7.6  0.40  172.3  25.5
020420262106  1.575  5.6  226.2  7.6  0.44  177.6  25.5
020420262107  1.574  5.4  225.9  6.9  0.42  177.0  25.5
020420262108  1.572  5.3  224.9  6.9  0.34  170.0  25.5
020420262109  1.570  5.2  224.0  6.9  0.39  177.8  25.5
020420262110  1.567  5.1  222.2  6.7  0.45  175.8  25.5
020420262111  1.565  5.1  222.0  6.3  0.39  173.0  25.5
020420262112  1.562  5.0  222.3  6.3  0.40  170.6  25.5
020420262113  1.559  5.0  222.6  6.3  0.48  172.2  25.5
020420262114  1.557  5.1  223.2  6.3  0.33  156.8  25.5
020420262115  1.554  5.1  223.0  6.3  0.46  160.4  25.5
020420262116  1.550  5.1  223.0  6.2  0.34  155.0  25.5
020420262117  1.548  5.2  224.4  6.7  0.43  165.5  25.5
020420262118  1.544  5.3  224.7  6.7  0.34  162.7  25.6
020420262119  1.540  5.4  225.5  7.4  0.38  177.8  25.6
020420262120  1.536  5.5  227.9  7.4  0.43  173.4  25.6
020420262121  1.532  5.6  228.8  7.4  0.34  165.2  25.6
020420262122  1.528  5.6  228.1  7.4  0.28  163.6  25.6
020420262123  1.525  5.7  227.9  7.4  0.19  175.5  25.6
020420262124  1.522  5.7  227.4  7.4  0.20  153.6  25.6
020420262125  1.518  5.8  227.2  7.4  0.29  174.3  25.6
020420262126  1.515  5.9  227.3  7.4  0.26  166.5  25.6
020420262127  1.513  5.8  225.6  7.4  0.35  175.2  25.6
020420262128  1.508  5.8  225.6  7.4  0.27  176.5  25.6
020420262129  1.507  5.8  225.6  7.0  0.19  179.2  25.6
020420262130  1.504  5.8  225.2  7.0  0.21  177.9  25.6
020420262131  1.502  5.9  225.4  7.4  0.22  176.2  25.6
020420262132  1.500  6.0  225.8  7.4  0.28  168.6  25.6
020420262133  1.497  6.1  225.2  7.4  0.18  151.1  25.6
020420262134  1.495  6.2  225.7  7.6  0.22  172.2  25.6
020420262135  1.493  6.2  225.5  7.9  0.21  171.9  25.6
020420262136  1.490  6.3  224.8  7.9  0.13  161.9  25.6
020420262137  1.486  6.4  225.3  7.9  0.12  173.7  25.6
020420262138  1.484  6.5  225.5  7.9  0.21  174.9  25.6
020420262139  1.482  6.5  225.2  7.9  0.21  162.9  25.6
020420262140  1.480  6.7  225.2  7.9  0.08  154.3  25.6
020420262141  1.479  6.7  225.3  7.9  0.12  130.3  25.6
020420262142  1.477  6.7  224.9  7.9  0.14  146.7  25.6
020420262143  1.475  6.8  224.9  7.9  0.18  166.8  25.6
020420262144  1.472  6.8  224.6  7.9  0.32  171.9  25.6
020420262145  1.469  6.8  224.9  7.9  0.22  165.0  25.6
020420262146  1.467  6.7  224.5  7.9  0.23  158.5  25.6
020420262147  1.465  6.5  223.7  7.9  0.26  178.6  25.6
020420262148  1.464  6.4  222.8  7.9  0.26  154.3  25.6
020420262149  1.461  6.3  222.1  7.9  0.15  167.1  25.6
020420262150  1.460  6.2  221.3  7.9  0.28  179.8  25.6
020420262151  1.458  6.1  220.5  7.4  0.24  169.0  25.6
020420262152  1.455  5.9  219.3  7.4  0.25  169.3  25.6
020420262153  1.453  5.8  218.7  7.4  0.21  162.0  25.6
020420262154  1.451  5.6  217.1  7.4  0.19  155.8  25.6
020420262155  1.449  5.4  216.0  7.3  0.24  169.4  25.6
020420262156  1.448  5.4  215.8  7.3  0.23  183.6  25.6
020420262157  1.446  5.4  215.1  7.3  0.32  181.6  25.6
020420262158  1.446  5.4  215.0  7.3  0.23  160.6  25.6
020420262159  1.444  5.4  214.3  7.3  0.17  164.6  25.6
020420262200  1.441  5.3  213.3  7.3  0.19  153.8  25.6
020420262201  1.439  5.3  212.2  6.8  0.14  161.3  25.6
020420262202  1.437  5.3  212.6  6.8  0.22  160.8  25.6
020420262203  1.436  5.3  212.1  6.9  0.18  180.5  25.6
020420262204  1.435  5.3  212.2  6.9  0.19  148.0  25.6
020420262205  1.432  5.4  211.9  6.9  0.17  176.1  25.6
020420262206  1.429  5.4  213.0  6.9  0.18  167.5  25.6
020420262207  1.427  5.4  214.3  6.9  0.29  180.4  25.6
020420262208  1.427  5.4  215.0  7.0  0.20  163.7  25.6
020420262209  1.425  5.4  216.1  7.0  0.22  166.9  25.6
020420262210  1.424  5.4  217.7  7.0  0.26  164.6  25.6
020420262211  1.421  5.4  218.6  7.0  0.10  162.4  25.6
020420262212  1.421  5.4  219.6  7.0  0.16  173.5  25.6
020420262213  1.418  5.4  221.5  7.0  0.12  168.7  25.6
020420262214  1.416  5.5  223.6  7.4  0.17  150.5  25.6
020420262215  1.414  5.6  225.3  7.4  0.13  144.4  25.6
020420262216  1.410  5.8  225.4  7.5  0.27  168.2  25.6
020420262217  1.408  5.9  225.9  7.5  0.07  138.4  25.6
020420262218  1.406  6.0  226.5  7.6  0.21  167.2  25.6
020420262219  1.403  6.1  227.4  7.6  0.10  165.5  25.6
020420262220  1.400  6.3  227.9  8.2  0.08  121.3  25.6
020420262221  1.395  6.5  228.4  8.2  0.08  140.0  25.6
020420262222  1.391  6.7  228.5  8.5  0.19  164.2  25.6
020420262223  1.387  6.8  228.3  8.5  0.12  162.2  25.6
020420262224  1.385  6.9  227.9  8.5  0.07  71.4  25.7
020420262225  1.380  7.0  227.8  8.5  nan  nan  nan
020420262226  1.376  7.2  228.0  9.3  0.06  165.0  25.7
020420262227  1.371  7.2  228.0  9.3  0.12  196.8  25.7
020420262228  1.366  7.2  227.4  9.3  0.07  76.2  25.7
020420262229  1.361  7.2  226.4  9.3  0.06  46.2  25.7
020420262230  1.357  7.1  225.2  9.3  0.12  29.3  25.7
020420262231  1.351  7.0  224.2  9.3  0.12  35.0  25.7
020420262232  1.346  6.9  222.8  9.3  0.11  13.9  25.7
020420262233  1.340  6.7  221.8  9.3  0.06  345.0  25.7
020420262234  1.335  6.5  220.7  9.3  0.10  15.5  25.7
020420262235  1.330  6.4  219.1  9.3  0.25  358.7  25.7
020420262236  1.325  6.2  216.2  8.3  0.20  12.8  25.7
020420262237  1.318  6.0  214.6  7.6  0.09  15.0  25.7
020420262238  1.314  5.9  213.1  7.5  0.20  18.3  25.7
020420262239  1.308  6.0  212.3  7.5  0.23  3.8  25.7
020420262240  1.302  6.0  212.3  7.5  0.18  356.0  25.7
020420262241  1.297  6.0  212.4  7.5  0.23  4.1  25.7
020420262242  1.292  6.0  213.4  7.5  0.21  8.4  25.7
020420262243  1.287  6.1  213.9  7.5  0.23  359.7  25.7
020420262244  1.280  6.1  214.7  7.5  0.33  354.7  25.7
020420262245  1.276  6.2  216.0  7.5  0.21  353.8  25.7
020420262246  1.268  6.3  219.1  7.5  0.25  349.3  25.7
020420262247  1.263  6.4  220.5  7.5  0.28  8.8  25.6
020420262248  1.257  6.4  222.3  7.8  0.33  2.5  25.6
020420262249  1.250  6.5  223.9  7.8  0.34  357.7  25.7
020420262250  1.245  6.5  224.4  7.8  0.30  2.8  25.7
020420262251  1.239  6.5  224.6  7.8  0.27  352.1  25.7
020420262252  1.233  6.5  224.4  7.8  0.20  354.9  25.7
020420262253  1.228  6.6  225.0  7.8  0.34  358.8  25.7
020420262254  1.221  6.6  225.5  7.8  0.35  1.7  25.6
020420262255  1.217  6.6  226.3  8.0  0.33  356.0  25.6
020420262256  1.211  6.6  226.1  8.0  0.34  356.2  25.6
020420262257  1.205  6.6  226.2  8.0  0.32  4.0  25.6
020420262258  1.199  6.6  226.3  8.0  0.47  6.5  25.6
020420262259  1.194  6.6  226.2  8.0  0.51  14.1  25.6
020420262300  1.188  6.7  226.2  8.0  0.57  17.1  25.6
020420262301  1.182  6.7  226.9  8.0  0.60  6.6  25.6
020420262302  1.177  6.7  227.7  8.0  0.50  3.4  25.6
020420262303  1.171  6.6  228.1  8.0  0.59  13.4  25.6
020420262304  1.165  6.6  227.9  8.0  0.66  10.2  25.6
020420262305  1.159  6.5  227.7  7.8  0.58  5.8  25.6
020420262306  1.154  6.4  227.0  7.8  0.64  3.1  25.6
020420262307  1.148  6.4  226.9  7.8  0.68  4.9  25.6
020420262308  1.142  6.3  225.7  7.8  0.74  0.7  25.6
020420262309  1.136  6.1  225.0  7.8  0.74  3.7  25.6
020420262310  1.130  5.9  224.2  7.5  0.70  4.1  25.6
020420262311  1.123  5.7  223.2  7.3  0.60  9.1  25.6
020420262312  1.119  5.6  221.6  7.3  0.67  8.0  25.6
020420262313  1.113  5.5  219.5  7.3  0.66  8.8  25.6
020420262314  1.108  5.4  217.7  7.1  0.57  10.0  25.6
020420262315  1.101  5.3  216.5  7.1  0.61  10.7  25.6
020420262316  1.096  5.2  216.7  7.1  0.61  9.6  25.6
020420262317  1.091  5.2  216.6  6.5  0.68  10.0  25.6
020420262318  1.087  5.2  217.3  6.9  0.61  10.4  25.6
020420262319  1.082  5.3  218.3  6.9  0.64  11.6  25.6
020420262320  1.078  5.3  219.1  6.9  0.71  7.2  25.6
020420262321  1.075  5.3  220.0  6.9  0.74  13.0  25.6
020420262322  1.071  5.2  221.0  6.9  0.85  13.5  25.6
020420262323  1.066  5.1  222.3  6.9  0.77  19.5  25.6
020420262324  1.063  5.2  223.7  6.9  0.79  14.1  25.6
020420262325  1.059  5.3  224.7  6.9  0.73  11.4  25.6
020420262326  1.056  5.3  224.6  6.9  0.63  9.8  25.6
020420262327  1.055  5.3  224.2  6.9  0.62  8.2  25.6
020420262328  1.051  5.3  224.0  6.8  0.81  15.0  25.6
020420262329  1.049  5.2  223.9  6.5  0.77  14.1  25.6
020420262330  1.044  5.1  224.0  6.5  0.79  12.5  25.6
020420262331  1.041  5.0  223.5  6.5  0.67  12.0  25.6
020420262332  1.038  5.1  223.3  6.5  0.81  7.4  25.6
020420262333  1.034  5.0  223.2  6.5  0.85  10.3  25.6
020420262334  1.031  4.9  222.8  6.5  0.79  7.9  25.6
020420262335  1.028  4.7  221.9  6.5  0.67  11.5  25.6
020420262336  1.024  4.6  221.1  6.5  0.78  11.6  25.6
020420262337  1.021  4.5  221.0  6.5  0.81  11.0  25.6
020420262338  1.017  4.4  220.5  5.8  0.82  8.5  25.5
020420262339  1.014  4.3  219.9  5.8  0.79  10.0  25.5
020420262340  1.010  4.3  219.6  5.7  0.87  10.1  25.6
020420262341  1.007  4.3  219.0  5.8  0.86  9.4  25.5
020420262342  1.003  4.3  218.3  5.8  0.74  11.5  25.6
020420262343  1.000  4.4  217.1  5.8  0.87  7.0  25.5
020420262344  0.995  4.5  216.6  6.5  0.81  10.0  25.6
020420262345  0.991  4.6  216.3  6.5  0.82  10.8  25.6
020420262346  0.986  4.6  216.2  6.5  0.87  10.9  25.5
020420262347  0.981  4.6  216.2  6.5  0.80  11.1  25.5
020420262348  0.977  4.6  216.8  6.5  0.83  13.9  25.5
020420262349  0.972  4.8  217.6  6.5  0.83  13.5  25.5
020420262350  0.966  4.9  218.4  7.0  0.81  16.4  25.5
020420262351  0.962  5.0  219.7  7.0  0.91  12.9  25.5
020420262352  0.956  5.2  220.3  7.0  0.94  16.5  25.5
020420262353  0.952  5.5  220.8  7.4  0.79  15.9  25.5
020420262354  0.947  5.6  220.9  7.4  0.79  20.4  25.5
020420262355  0.940  5.7  220.9  7.4  0.79  19.1  25.5
020420262356  0.935  5.7  220.7  7.4  0.84  18.1  25.5
020420262357  0.928  5.8  220.6  7.4  0.84  18.9  25.5
020420262358  0.923  5.8  219.9  7.4  0.79  16.8  25.5
020420262359  0.917  5.7  218.7  7.4  0.83  18.4  25.5
030420260000  0.912  5.5  217.7  7.4  0.77  16.8  25.5
030420260001  0.907  5.4  216.9  7.4  0.77  23.5  25.5
030420260002  0.902  5.2  216.4  7.4  0.88  20.4  25.5
030420260003  0.898  4.9  215.4  7.3  0.80  21.6  25.5
030420260004  0.892  4.8  214.4  7.3  0.82  21.7  25.5
030420260005  0.886  4.5  213.6  7.1  0.75  17.3  25.5
030420260006  0.881  4.4  213.7  6.1  0.80  16.7  25.5
030420260007  0.876  4.3  213.0  5.7  0.79  17.4  25.5
030420260008  0.870  4.3  213.7  5.6  0.77  16.5  25.5
030420260009  0.865  4.3  214.2  5.6  0.85  19.6  25.5
030420260010  0.860  4.4  214.2  5.6  0.85  17.7  25.5
030420260011  0.855  4.4  213.9  5.6  0.87  12.3  25.5
030420260012  0.851  4.4  213.4  5.6  0.81  18.0  25.5
030420260013  0.846  4.4  214.2  5.6  0.91  16.8  25.5
030420260014  0.841  4.5  214.8  5.7  0.84  15.0  25.5
030420260015  0.836  4.5  214.7  5.7  0.83  21.0  25.5
030420260016  0.830  4.6  214.8  6.3  0.88  16.3  25.5
030420260017  0.825  4.6  214.9  6.3  0.85  19.5  25.5
030420260018  0.820  4.6  214.5  6.3  0.90  17.3  25.5
030420260019  0.816  4.6  214.3  6.3  0.77  21.0  25.5
030420260020  0.811  4.6  214.4  6.3  0.77  16.5  25.5
030420260021  0.805  4.6  214.7  6.3  0.86  12.3  25.5
030420260022  0.800  4.6  215.4  6.3  0.82  14.3  25.5
030420260023  0.794  4.8  217.1  6.4  0.86  13.4  25.5
030420260024  0.789  4.9  218.2  6.4  0.93  13.2  25.5
030420260025  0.783  5.1  220.0  6.9  0.84  13.7  25.5
030420260026  0.778  5.2  221.2  6.9  0.85  16.3  25.5
030420260027  0.774  5.4  223.3  7.8  0.91  14.8  25.4
030420260028  0.769  5.6  225.4  8.5  0.85  12.4  25.5
030420260029  0.764  6.0  226.7  8.5  0.85  17.1  25.4
030420260030  0.760  6.2  227.5  8.5  0.88  15.5  25.4
030420260031  0.755  6.5  228.5  8.5  0.91  15.0  25.4
030420260032  0.750  6.7  229.2  8.5  0.94  15.3  25.4
030420260033  0.745  6.9  229.3  8.5  0.89  16.0  25.4
030420260034  0.738  7.0  229.6  8.5  0.94  15.4  25.4
030420260035  0.734  7.1  229.1  8.5  0.90  18.8  25.4
030420260036  0.729  7.1  228.3  8.5  0.79  18.2  25.4
030420260037  0.725  7.0  227.3  8.5  0.91  14.4  25.4
030420260038  0.719  6.8  225.9  8.4  0.86  14.1  25.4
030420260039  0.715  6.5  224.5  8.4  0.93  17.3  25.4
030420260040  0.709  6.2  224.1  8.4  0.81  18.8  25.4
030420260041  0.703  6.0  223.2  8.4  0.76  15.0  25.4
030420260042  0.698  5.8  222.3  8.4  0.85  19.6  25.4
030420260043  0.693  5.6  221.3  8.4  0.91  14.9  25.4
030420260044  0.687  5.4  220.4  7.9  0.87  14.2  25.4
030420260045  0.682  5.2  220.5  7.2  0.90  12.0  25.4
030420260046  0.677  5.2  221.4  7.2  0.93  15.8  25.4
030420260047  0.671  5.2  222.0  7.2  0.93  17.8  25.4
030420260048  0.666  5.1  223.2  6.9  0.94  15.6  25.4
030420260049  0.661  5.2  224.4  6.9  0.78  14.6  25.4
030420260050  0.655  5.4  225.5  7.2  0.76  13.7  25.4
030420260051  0.650  5.5  226.4  7.2  1.02  14.2  25.4
030420260052  0.644  5.6  226.2  7.2  0.83  12.5  25.4
030420260053  0.639  5.7  226.3  7.2  0.86  13.1  25.4
030420260054  0.633  5.7  227.7  7.2  0.89  17.9  25.4
030420260055  0.629  5.6  228.4  7.2  0.97  16.9  25.4
030420260056  0.624  5.6  227.3  7.2  0.84  13.5  25.4
030420260057  0.618  5.5  226.0  7.2  0.95  14.2  25.4
030420260058  0.614  5.5  224.8  7.2  0.84  16.4  25.4
030420260059  0.609  5.4  224.8  7.2  0.94  12.5  25.4
030420260100  0.604  5.3  223.2  7.5  0.84  12.9  25.4
030420260101  0.599  5.2  221.5  7.5  0.84  12.8  25.4
030420260102  0.596  5.2  221.6  7.5  0.96  10.8  25.4
030420260103  0.592  5.2  221.5  7.5  0.78  12.3  25.4
030420260104  0.587  5.3  220.2  7.5  0.83  14.0  25.4
030420260105  0.583  5.5  218.9  7.7  0.91  11.1  25.4
030420260106  0.579  5.5  218.9  7.7  0.87  12.1  25.4
030420260107  0.575  5.6  219.5  7.7  0.80  11.9  25.4
030420260108  0.569  5.7  219.1  7.7  0.79  15.7  25.4
030420260109  0.566  5.9  218.4  8.9  0.86  15.7  25.4
030420260110  0.561  5.9  218.7  8.9  0.89  12.5  25.4
030420260111  0.557  6.0  218.9  8.9  0.78  16.8  25.4
030420260112  0.553  6.1  218.2  8.9  0.84  12.5  25.4
030420260113  0.549  6.1  217.9  8.9  0.83  11.5  25.4
030420260114  0.545  6.1  217.5  8.9  0.85  14.0  25.4
030420260115  0.539  6.0  217.8  8.9  0.90  15.0  25.4
030420260116  0.536  6.1  218.9  8.9  0.79  12.1  25.4
030420260117  0.531  6.1  219.1  8.9  0.92  16.3  25.4
030420260118  0.528  6.2  220.1  8.9  0.87  12.6  25.4
030420260119  0.524  6.2  221.0  7.6  0.80  13.9  25.4
030420260120  0.521  6.3  221.7  7.6  0.83  14.6  25.4
030420260121  0.517  6.3  222.4  7.6  0.81  13.7  25.4
030420260122  0.514  6.2  223.0  7.6  0.75  14.4  25.4
030420260123  0.512  6.2  222.9  7.6  0.75  17.5  25.4
030420260124  0.508  6.2  222.6  7.6  0.86  14.0  25.4
030420260125  0.505  6.1  222.7  7.6  0.85  14.7  25.4
030420260126  0.502  6.0  222.0  7.6  0.82  13.5  25.4
030420260127  0.498  6.0  222.1  7.6  0.89  14.4  25.4
030420260128  0.496  5.9  221.8  7.6  0.85  13.2  25.4
030420260129  0.491  5.8  220.5  7.6  0.83  18.3  25.4
030420260130  0.487  5.7  219.2  7.1  0.75  14.7  25.4
030420260131  0.483  5.7  218.4  7.1  0.74  14.1  25.4
030420260132  0.478  5.6  217.0  7.1  0.89  17.0  25.4
030420260133  0.476  5.5  216.4  7.1  0.83  14.3  25.4
030420260134  0.472  5.7  217.5  7.1  0.87  14.0  25.4
030420260135  0.470  5.6  217.3  7.1  0.81  12.7  25.4
030420260136  0.467  5.6  217.0  7.1  0.98  15.0  25.4
030420260137  0.463  5.6  216.5  7.1  0.81  15.8  25.4
030420260138  0.460  5.6  216.3  7.1  0.80  16.2  25.4
030420260139  0.456  5.7  216.6  7.1  0.87  16.8  25.4
030420260140  0.453  5.7  216.4  7.1  0.84  14.9  25.4
030420260141  0.450  5.7  216.4  7.1  0.75  16.3  25.4
030420260142  0.449  5.9  216.8  7.1  0.77  12.7  25.4
030420260143  0.444  5.9  217.0  7.1  0.80  14.4  25.4
030420260144  0.442  5.9  215.9  6.9  0.81  12.1  25.4
030420260145  0.439  6.0  215.4  7.4  0.73  15.2  25.4
030420260146  0.436  6.1  215.4  7.4  0.79  17.5  25.4
030420260147  0.433  6.1  215.3  7.4  0.78  17.6  25.4
030420260148  0.430  6.2  215.5  7.4  0.82  14.5  25.4
030420260149  0.425  6.2  215.7  7.4  0.71  17.6  25.4
030420260150  0.421  6.2  216.0  7.4  0.73  16.4  25.4
030420260151  0.418  6.3  216.2  7.4  0.90  18.0  25.4
030420260152  0.415  6.3  216.6  7.4  0.75  14.6  25.4
030420260153  0.412  6.3  217.1  7.4  0.82  15.5  25.4
030420260154  0.409  6.3  217.1  7.4  0.76  14.7  25.4
030420260155  0.406  6.2  217.1  7.3  0.81  11.8  25.4
030420260156  0.403  6.2  216.7  7.3  0.84  14.3  25.4
030420260157  0.401  6.1  216.4  7.3  0.78  18.9  25.4
030420260158  0.398  6.0  215.5  7.1  0.75  20.5  25.4
030420260159  0.396  6.0  215.1  7.1  0.85  16.1  25.4
030420260200  0.394  5.9  215.1  7.0  0.85  12.5  25.4
030420260201  0.391  5.7  214.5  7.0  0.81  15.8  25.4
030420260202  0.388  5.7  214.7  7.0  0.76  11.2  25.4
030420260203  0.384  5.6  214.3  6.5  0.79  10.6  25.4
030420260204  0.382  5.5  214.6  6.5  0.80  15.5  25.4
030420260205  0.378  5.4  214.7  6.4  0.80  17.2  25.4
030420260206  0.376  5.4  215.5  6.2  0.81  15.6  25.4
030420260207  0.375  5.3  215.9  6.2  0.71  15.5  25.4
030420260208  0.371  5.2  216.7  6.2  0.83  17.0  25.4
030420260209  0.368  5.1  217.1  6.1  0.83  15.2  25.4
030420260210  0.364  5.1  217.7  6.1  0.77  19.5  25.4
030420260211  0.361  5.1  218.5  6.1  0.70  18.0  25.4
030420260212  0.357  5.0  218.6  5.9  0.82  18.3  25.4
030420260213  0.354  5.0  219.0  5.9  0.82  17.5  25.4
030420260214  0.349  5.0  219.3  5.7  0.81  14.4  25.4
030420260215  0.346  5.0  219.8  5.7  0.86  17.9  25.4
030420260216  0.342  5.0  220.0  5.7  0.82  14.9  25.4
030420260217  0.338  5.0  220.5  5.7  0.85  12.0  25.4
030420260218  0.336  5.1  221.0  5.7  0.89  20.4  25.4
030420260219  0.334  5.1  221.2  5.9  0.68  15.4  25.4
030420260220  0.330  5.1  221.2  5.9  0.74  12.7  25.4
030420260221  0.325  5.2  221.2  6.4  0.82  11.1  25.4
030420260222  0.322  5.3  221.0  6.4  0.69  15.2  25.4
030420260223  0.320  5.4  221.0  6.4  0.76  15.4  25.4
030420260224  0.316  5.4  220.8  6.4  0.79  11.7  25.4
030420260225  0.313  5.5  220.3  6.4  0.74  13.9  25.4
030420260226  0.311  5.5  219.5  6.4  0.83  15.6  25.4
030420260227  0.308  5.6  218.6  6.5  0.68  14.9  25.4
030420260228  0.306  5.6  217.8  6.5  0.76  13.7  25.4
030420260229  0.303  5.7  217.3  6.5  0.80  15.9  25.4
030420260230  0.299  5.7  216.6  6.5  0.66  13.9  25.4
030420260231  0.297  5.7  215.9  6.5  0.79  15.6  25.3
030420260232  0.295  5.7  214.9  6.5  0.78  13.7  25.3
030420260233  0.294  5.7  214.0  6.5  0.81  17.5  25.3
030420260234  0.293  5.7  213.9  6.5  0.77  11.7  25.3
030420260235  0.291  5.6  214.2  6.5  0.72  13.7  25.3
030420260236  0.288  5.7  213.5  6.5  0.73  15.5  25.4
030420260237  0.288  5.8  212.4  7.1  0.71  18.1  25.3
030420260238  0.288  5.9  212.0  7.1  0.72  16.2  25.3
030420260239  0.287  5.9  211.1  7.1  0.73  15.8  25.3
030420260240  0.286  6.0  210.7  7.1  0.65  12.8  25.4
030420260241  0.286  6.0  210.2  7.1  0.59  20.1  25.3
030420260242  0.285  6.0  210.2  7.8  0.82  14.6  25.3
030420260243  0.284  6.1  209.3  7.8  0.75  14.8  25.3
030420260244  0.283  6.1  208.1  7.8  0.83  14.9  25.3
030420260245  0.282  6.2  206.4  7.8  0.68  14.3  25.3
030420260246  0.281  6.2  205.8  7.8  0.68  17.9  25.3
030420260247  0.281  6.1  205.5  7.8  0.70  16.8  25.3
030420260248  0.281  6.0  204.6  7.8  0.62  15.0  25.3
030420260249  0.280  5.9  205.0  7.8  0.61  17.1  25.3
030420260250  0.281  5.9  205.5  7.8  0.61  19.3  25.3
030420260251  0.281  6.0  206.7  7.8  0.67  20.7  25.3
030420260252  0.280  6.0  207.5  7.7  0.67  15.2  25.3
030420260253  0.280  6.1  208.4  7.7  0.65  19.8  25.3
030420260254  0.280  6.2  208.2  8.2  0.70  17.0  25.3
030420260255  0.281  6.3  208.5  8.2  0.62  15.6  25.3
030420260256  0.283  6.5  209.0  8.2  0.57  16.4  25.3
030420260257  0.284  6.7  209.3  8.2  0.62  19.9  25.3
030420260258  0.286  6.8  209.8  8.3  0.50  26.1  25.3
030420260259  0.286  6.9  209.7  8.3  0.61  17.2  25.3
030420260300  0.287  7.0  209.0  8.3  0.59  20.8  25.3
030420260301  0.287  6.9  207.8  8.3  0.55  17.9  25.3
030420260302  0.286  6.9  206.8  8.3  0.59  22.2  25.3
030420260303  0.287  6.8  207.0  8.3  0.59  18.7  25.3
030420260304  0.286  6.7  207.6  8.3  0.58  20.7  25.3
030420260305  0.288  6.6  208.0  8.3  0.64  21.9  25.3
030420260306  0.290  6.4  207.8  8.3  0.65  20.9  25.3
030420260307  0.292  6.3  208.3  8.3  0.58  17.1  25.3
030420260308  0.293  6.2  207.4  7.8  0.66  16.1  25.3
030420260309  0.295  6.1  207.0  7.8  0.56  20.7  25.3
030420260310  0.295  6.1  207.3  6.9  0.47  20.6  25.3
030420260311  0.295  6.1  208.4  6.9  0.49  25.3  25.3
030420260312  0.296  6.0  209.7  6.8  0.49  27.5  25.3
030420260313  0.299  5.9  209.7  6.8  0.44  22.4  25.3
030420260314  0.301  5.7  209.2  6.8  0.39  29.6  25.3
030420260315  0.302  5.5  208.1  6.8  0.40  22.6  25.3
030420260316  0.303  5.4  207.9  6.8  0.35  25.6  25.3
030420260317  0.304  5.2  206.0  6.8  0.39  30.7  25.3
030420260318  0.305  5.0  205.6  6.8  0.45  25.5  25.3
030420260319  0.308  4.8  204.7  6.8  0.36  28.8  25.3
030420260320  0.310  4.8  202.3  6.8  0.41  22.5  25.3
030420260321  0.311  4.7  198.9  6.3  0.35  30.5  25.3
030420260322  0.313  4.7  196.6  6.7  0.48  24.9  25.3
030420260323  0.314  4.8  194.9  6.7  0.55  26.3  25.3
030420260324  0.316  4.8  194.2  6.7  0.46  15.6  25.3
030420260325  0.317  5.0  194.6  6.7  0.57  9.0  25.3
030420260326  0.320  5.1  194.6  6.7  0.50  7.1  25.3
030420260327  0.321  5.2  195.7  6.7  0.50  5.3  25.3
030420260328  0.324  5.5  198.3  7.7  0.52  7.4  25.3
030420260329  0.326  5.7  201.3  7.7  0.40  3.2  25.3
030420260330  0.328  5.8  204.1  7.8  0.42  1.8  25.3
030420260331  0.330  6.1  206.6  8.2  0.38  5.6  25.3
030420260332  0.331  6.2  208.6  8.2  0.36  359.6  25.3
030420260333  0.333  6.4  210.1  8.2  0.37  4.3  25.3
030420260334  0.337  6.8  211.5  8.7  0.43  356.3  25.3
030420260335  0.340  7.0  213.1  9.2  0.32  356.5  25.3
030420260336  0.342  7.2  212.9  9.2  0.40  359.2  25.3
030420260337  0.344  7.5  213.4  9.4  0.36  352.2  25.3
030420260338  0.346  7.4  213.5  9.4  0.36  1.7  25.3
030420260339  0.347  7.4  213.1  9.4  0.45  357.7  25.3
030420260340  0.347  7.4  213.2  9.7  0.38  359.2  25.3
030420260341  0.350  7.7  212.4  10.2  0.29  346.8  25.3
030420260342  0.350  7.7  211.6  10.2  0.35  351.9  25.3
030420260343  0.352  7.7  211.2  10.2  0.41  355.7  25.3
030420260344  0.353  7.7  210.3  10.2  0.26  347.9  25.3
030420260345  0.355  7.7  209.5  10.2  0.37  350.1  25.3
030420260346  0.357  7.7  210.2  10.2  0.40  355.5  25.3
030420260347  0.359  7.7  210.8  10.2  0.26  339.6  25.3
030420260348  0.359  7.8  210.5  10.2  0.33  351.9  25.3
030420260349  0.361  7.9  210.2  10.2  0.34  348.3  25.3
030420260350  0.363  7.8  209.7  10.2  0.34  359.6  25.3
030420260351  0.365  7.7  210.3  9.3  0.29  348.2  25.3
030420260352  0.369  7.6  210.3  9.3  0.37  353.3  25.3
030420260353  0.371  7.6  210.1  9.3  0.43  357.3  25.3
030420260354  0.374  7.6  211.0  9.3  0.42  353.9  25.3
030420260355  0.375  7.5  211.8  9.3  0.37  348.3  25.3
030420260356  0.376  7.4  211.7  9.3  0.20  348.0  25.3
030420260357  0.378  7.3  211.9  9.3  0.29  352.6  25.3
030420260358  0.381  7.2  212.4  9.3  0.37  359.9  25.3
030420260359  0.385  7.1  212.8  9.3  0.27  350.8  25.3
030420260400  0.388  7.1  214.3  9.3  0.37  352.8  25.3
030420260401  0.390  7.1  216.4  8.5  0.33  347.6  25.3
030420260402  0.392  7.0  218.1  8.5  0.28  352.4  25.3
030420260403  0.394  7.0  220.6  8.5  0.41  347.4  25.3
030420260404  0.397  6.9  222.0  8.5  0.23  343.0  25.3
030420260405  0.401  6.9  223.1  8.5  0.33  336.5  25.3
030420260406  0.405  6.8  225.0  8.5  0.29  351.1  25.3
030420260407  0.409  6.8  225.7  8.3  0.28  344.8  25.3
030420260408  0.413  6.8  226.1  8.3  0.18  336.8  25.3
030420260409  0.417  6.8  226.0  8.3  0.19  327.5  25.3
030420260410  0.419  6.7  225.3  8.3  0.17  346.7  25.3
030420260411  0.422  6.6  224.2  7.8  0.23  345.0  25.3
030420260412  0.426  6.4  223.3  7.8  0.36  345.1  25.3
030420260413  0.430  6.3  221.9  7.8  0.25  348.4  25.3
030420260414  0.435  6.2  221.1  7.8  0.13  318.9  25.3
030420260415  0.438  6.0  220.2  7.8  0.21  344.9  25.3
030420260416  0.442  5.8  219.2  7.8  0.11  4.1  25.3
030420260417  0.447  5.6  218.0  7.8  0.13  346.2  25.3
030420260418  0.453  5.4  217.0  7.6  0.19  359.2  25.3
030420260419  0.459  5.2  216.3  7.6  0.14  348.3  25.3
030420260420  0.463  5.0  214.8  7.6  0.10  349.2  25.3
030420260421  0.470  4.7  213.6  7.6  0.06  335.3  25.3
030420260422  0.475  4.6  213.4  6.5  0.06  315.3  25.3
030420260423  0.478  4.5  213.2  6.5  0.03  286.7  25.3
030420260424  0.485  4.5  212.3  7.1  0.06  289.2  25.3
030420260425  0.489  4.6  210.8  7.1  0.06  188.0  25.3
030420260426  0.496  4.6  211.0  7.1  0.08  213.0  25.3
030420260427  0.502  4.7  212.8  7.1  0.08  163.4  25.3
030420260428  0.508  4.9  214.3  7.1  0.06  330.2  25.3
030420260429  0.513  5.1  215.1  7.9  0.12  182.3  25.3
030420260430  0.519  5.4  216.2  8.0  0.10  202.4  25.3
030420260431  0.524  5.6  216.5  8.0  0.03  174.1  25.3
030420260432  0.529  5.7  216.8  8.0  0.07  150.8  25.3
030420260433  0.535  5.9  217.4  8.0  0.27  181.8  25.3
030420260434  0.541  5.9  217.8  8.0  0.18  190.0  25.3
030420260435  0.546  6.2  216.8  9.5  0.26  187.9  25.3
030420260436  0.552  6.4  215.2  9.5  0.13  172.4  25.3
030420260437  0.558  6.6  213.1  10.3  0.28  183.6  25.2
030420260438  0.565  6.7  211.0  10.3  0.17  165.2  25.3
030420260439  0.571  6.8  209.8  10.3  0.26  200.5  25.3
030420260440  0.577  6.9  208.8  10.3  0.23  183.8  25.2
030420260441  0.581  7.1  207.4  10.3  0.34  195.2  25.2
030420260442  0.587  7.3  206.5  10.3  0.30  189.6  25.2
030420260443  0.593  7.6  205.4  11.0  0.34  183.8  25.2
030420260444  0.599  7.8  204.5  11.0  0.33  184.5  25.2
030420260445  0.603  7.7  204.2  11.0  0.38  184.7  25.2
030420260446  0.608  7.6  203.7  11.0  0.34  172.5  25.2
030420260447  0.614  7.5  203.4  11.0  0.21  177.9  25.2
030420260448  0.617  7.6  203.9  11.0  0.30  183.7  25.2
030420260449  0.622  7.5  202.9  11.0  0.21  185.7  25.3
030420260450  0.626  7.5  202.3  11.0  0.23  184.8  25.3
030420260451  0.630  7.4  201.7  11.0  0.21  214.7  25.3
030420260452  0.635  7.2  200.3  11.0  0.28  200.8  25.3
030420260453  0.639  7.1  199.3  10.2  0.40  195.5  25.3
030420260454  0.642  6.8  197.6  9.2  0.27  203.1  25.3
030420260455  0.646  6.8  197.9  9.2  0.19  208.1  25.3
030420260456  0.650  6.7  197.4  9.2  0.26  203.5  25.3
030420260457  0.653  6.6  196.3  9.2  0.31  202.0  25.3
030420260458  0.657  6.4  195.2  9.2  0.27  208.3  25.3
030420260459  0.661  6.5  195.2  10.9  0.25  203.4  25.3
030420260500  0.664  6.5  194.7  10.9  0.26  195.2  25.3
030420260501  0.668  6.5  195.2  10.9  0.27  200.2  25.3
030420260502  0.672  6.5  194.9  10.9  0.16  186.6  25.2
030420260503  0.676  6.5  195.2  10.9  0.34  192.0  25.2
030420260504  0.678  6.6  195.7  10.9  0.24  195.9  25.2
030420260505  0.681  6.6  195.7  10.9  0.28  180.1  25.3
030420260506  0.686  6.7  196.1  10.9  0.33  191.7  25.2
030420260507  0.689  6.7  196.3  10.9  0.50  190.4  25.3
030420260508  0.693  6.7  196.6  10.9  0.38  183.8  25.3
030420260509  0.696  6.4  196.3  8.8  0.51  188.9  25.3
030420260510  0.700  6.2  196.7  8.8  0.40  189.2  25.3
030420260511  0.703  6.0  196.3  8.1  0.33  186.3  25.3
030420260512  0.708  5.9  196.9  8.1  0.44  189.0  25.3
030420260513  0.712  5.8  196.6  8.1  0.50  187.3  25.3
030420260514  0.718  5.6  197.0  7.8  0.51  185.6  25.3
030420260515  0.723  5.5  196.0  7.8  0.53  182.8  25.3
030420260516  0.726  5.3  195.7  7.4  0.38  183.3  25.3
030420260517  0.730  5.2  195.8  7.4  0.55  177.8  25.3
030420260518  0.733  5.1  194.9  6.6  0.48  181.0  25.3
030420260519  0.737  5.0  196.0  6.6  0.45  184.0  25.3
030420260520  0.741  5.0  195.3  6.6  0.58  178.5  25.3
030420260521  0.746  5.0  194.7  6.6  0.50  180.9  25.3
030420260522  0.750  5.0  194.5  6.6  0.50  170.6  25.3
030420260523  0.753  4.9  194.5  6.6  0.56  175.1  25.3
030420260524  0.757  4.9  194.3  6.5  0.61  177.2  25.3
030420260525  0.761  4.7  195.1  6.5  0.56  174.3  25.3
030420260526  0.764  4.6  194.3  6.3  0.62  172.8  25.3
030420260527  0.769  4.5  193.9  6.3  0.73  179.2  25.3
030420260528  0.774  4.5  194.1  6.3  0.67  173.1  25.3
030420260529  0.776  4.5  192.3  6.3  0.59  175.0  25.3
030420260530  0.780  4.5  191.5  6.2  0.62  180.1  25.3
030420260531  0.784  4.5  192.3  7.3  0.65  175.5  25.3
030420260532  0.788  4.6  191.6  7.3  0.55  179.2  25.3
030420260533  0.793  4.6  190.5  7.3  0.53  172.6  25.3
030420260534  0.799  4.6  190.5  7.3  0.60  174.3  25.3
030420260535  0.805  4.6  190.7  7.3  0.72  181.5  25.3
030420260536  0.810  4.7  192.6  7.3  0.64  176.3  25.3
030420260537  0.815  4.9  193.6  7.3  0.62  181.0  25.3
030420260538  0.819  5.0  195.0  7.3  0.58  175.6  25.3
030420260539  0.824  5.0  197.8  7.3  0.69  179.7  25.3
030420260540  0.829  5.0  201.2  7.3  0.70  178.3  25.3
030420260541  0.834  4.9  204.5  6.7  0.67  175.3  25.3
030420260542  0.839  4.9  208.3  6.7  0.62  178.8  25.3
030420260543  0.844  4.9  212.3  6.3  0.76  179.1  25.3
030420260544  0.850  4.9  215.6  6.3  0.63  178.8  25.3
030420260545  0.855  5.0  218.0  6.3  0.70  180.3  25.3
030420260546  0.862  5.0  220.4  6.3  0.70  180.7  25.3
030420260547  0.868  5.0  224.2  6.3  0.75  181.5  25.3
030420260548  0.874  4.9  226.8  6.3  0.73  176.5  25.3
030420260549  0.880  5.0  228.0  6.9  0.70  175.8  25.3
030420260550  0.886  5.1  228.4  6.9  0.81  181.2  25.3
030420260551  0.892  5.0  228.2  6.9  0.78  175.4  25.3
030420260552  0.898  4.9  228.4  6.9  0.74  177.0  25.3
030420260553  0.903  4.8  228.4  6.9  0.82  182.7  25.3
030420260554  0.910  4.8  227.4  6.9  0.78  179.0  25.3
030420260555  0.914  4.8  226.0  6.9  0.86  176.1  25.3
030420260556  0.919  4.8  223.7  6.9  0.70  177.6  25.3
030420260557  0.926  4.7  221.0  6.9  0.72  181.8  25.3
030420260558  0.930  4.6  218.6  6.9  0.78  180.6  25.3
030420260559  0.936  4.4  216.5  5.7  0.72  184.3  25.3
030420260600  0.942  4.2  214.8  5.7  0.82  185.4  25.3
030420260601  0.947  4.0  212.4  5.7  0.82  182.9  25.3
030420260602  0.952  3.9  210.4  5.4  0.72  177.4  25.3
030420260603  0.958  3.9  209.2  5.4  0.88  178.5  25.3
030420260604  0.964  3.9  206.2  5.5  0.74  179.8  25.3
030420260605  0.969  3.8  203.3  6.6  0.87  184.5  25.3
030420260606  0.975  3.8  202.3  6.6  0.85  181.0  25.3
030420260607  0.980  3.8  201.4  6.6  0.77  178.1  25.2
030420260608  0.985  3.8  201.5  6.6  0.78  176.1  25.2
030420260609  0.990  3.7  201.2  6.6  0.73  174.5  25.2
030420260610  0.996  3.7  200.6  6.6  0.73  175.7  25.2
030420260611  1.001  3.8  199.7  6.6  0.73  177.1  25.2
030420260612  1.006  3.9  197.5  7.2  0.92  185.4  25.2
030420260613  1.012  4.0  194.5  7.2  0.75  178.6  25.2
030420260614  1.017  3.9  194.8  7.2  0.49  174.4  25.2
030420260615  1.020  3.9  194.4  7.2  0.84  178.8  25.2
030420260616  1.026  3.8  194.4  7.2  0.77  176.9  25.2
030420260617  1.030  4.0  193.2  7.4  0.73  178.6  25.2
030420260618  1.035  4.2  191.6  7.4  0.82  178.3  25.2
030420260619  1.039  4.4  191.6  7.4  0.72  176.6  25.2
030420260620  1.044  4.5  189.8  7.4  0.75  182.6  25.2
030420260621  1.047  4.6  188.1  7.4  0.88  179.2  25.2
030420260622  1.052  4.4  187.0  7.4  0.82  179.1  25.2
030420260623  1.056  4.3  186.2  7.4  0.76  180.6  25.2
030420260624  1.060  4.2  183.0  7.4  0.72  180.4  25.2
030420260625  1.064  3.9  180.2  7.4  0.72  178.8  25.2
030420260626  1.067  3.6  177.0  7.4  0.71  175.8  25.2
030420260627  1.069  3.1  175.3  6.3  0.71  174.6  25.2
030420260628  1.074  2.7  172.9  6.3  0.72  175.2  25.2
030420260629  1.077  2.5  168.6  5.6  0.70  167.4  25.2
030420260630  1.080  2.4  168.3  5.6  0.65  167.0  25.2
030420260631  1.083  2.2  166.9  4.7  0.88  172.0  25.2
030420260632  1.088  2.0  165.6  4.7  0.74  176.9  25.2
030420260633  1.091  1.9  167.6  4.7  0.78  174.1  25.2
030420260634  1.094  1.9  175.5  4.7  0.71  172.7  25.2
030420260635  1.098  2.1  182.2  5.6  0.81  179.0  25.2
030420260636  1.102  2.3  184.0  5.6  0.79  175.9  25.2
030420260637  1.106  2.6  184.3  5.6  0.81  177.0  25.2
030420260638  1.111  2.9  184.3  5.6  0.87  178.4  25.2
030420260639  1.114  3.0  184.0  5.6  0.78  181.7  25.2
030420260640  1.119  3.0  182.7  5.6  0.80  180.2  25.2
030420260641  1.125  3.1  183.3  5.6  0.79  179.9  25.2
030420260642  1.128  3.4  185.2  5.8  0.74  174.8  25.2
030420260643  1.133  3.6  184.8  6.1  0.70  179.3  25.2
030420260644  1.137  3.8  183.4  6.1  0.68  180.3  25.2
030420260645  1.141  3.9  182.0  6.1  0.73  178.2  25.2
030420260646  1.144  4.1  182.6  6.1  0.85  182.4  25.2
030420260647  1.150  4.0  183.0  6.6  0.71  179.2  25.2
030420260648  1.155  4.2  184.4  6.6  0.76  180.7  25.2
030420260649  1.158  4.2  187.0  6.6  0.69  181.3  25.2
030420260650  1.162  4.4  188.9  6.6  0.80  180.7  25.2
030420260651  1.167  4.5  189.8  6.6  0.75  184.9  25.2
030420260652  1.172  4.4  189.7  6.6  0.79  181.1  25.2
030420260653  1.176  4.5  191.4  6.6  0.85  183.6  25.2
030420260654  1.181  4.4  191.6  6.6  0.84  180.4  25.2
030420260655  1.186  4.4  192.1  6.6  0.80  182.5  25.2
030420260656  1.189  4.4  192.0  6.6  0.70  180.2  25.2
030420260657  1.194  4.4  190.2  6.4  0.75  183.8  25.2
030420260658  1.198  4.0  189.3  6.0  0.81  183.8  25.2
030420260659  1.203  3.9  185.2  5.9  0.73  182.1  25.2
030420260700  1.206  3.9  181.4  5.9  0.75  181.3  25.2
030420260701  1.212  4.0  178.8  7.3  0.75  184.1  25.2
030420260702  1.216  4.1  174.7  7.3  0.77  185.8  25.2
030420260703  1.219  4.1  166.7  7.3  0.62  183.7  25.2
030420260704  1.224  4.1  165.4  7.3  0.72  178.8  25.2
030420260705  1.227  4.1  165.9  7.3  0.76  185.6  25.2
030420260706  1.233  4.2  165.7  7.3  0.77  185.4  25.2
030420260707  1.236  4.3  166.9  7.3  0.81  185.0  25.2
030420260708  1.241  4.8  167.6  8.1  0.79  179.6  25.2
030420260709  1.246  4.8  167.7  8.1  0.76  180.3  25.2
030420260710  1.251  4.7  169.5  8.1  0.75  183.3  25.1
030420260711  1.256  4.5  168.6  8.1  0.80  180.9  25.1
030420260712  1.261  4.4  171.4  8.1  0.71  178.3  25.1
030420260713  1.266  4.7  174.6  8.1  0.82  183.8  25.1
030420260714  1.269  4.7  174.4  8.1  0.87  185.1  25.1
030420260715  1.275  5.0  175.3  10.4  0.77  179.3  25.1
030420260716  1.278  5.2  175.0  10.4  0.79  179.4  25.1
030420260717  1.283  5.3  176.9  10.4  0.69  182.9  25.1
030420260718  1.286  5.2  178.5  10.4  0.73  178.3  25.1
030420260719  1.290  5.5  179.4  10.4  0.74  180.6  25.1
030420260720  1.293  5.6  179.0  10.4  0.81  178.9  25.1
030420260721  1.294  5.6  179.4  10.4  0.72  180.0  25.1
030420260722  1.297  5.7  178.5  10.4  0.84  179.7  25.1
030420260723  1.301  5.7  180.1  10.4  0.75  182.3  25.1
030420260724  1.303  5.7  179.5  10.4  0.72  178.9  25.1
030420260725  1.307  5.8  175.5  11.3  0.70  173.4  25.1
030420260726  1.310  5.9  174.6  11.3  0.80  177.7  25.1
030420260727  1.314  5.8  173.6  11.3  0.70  176.6  25.1
030420260728  1.317  5.8  173.6  11.3  0.70  171.0  25.1
030420260729  1.319  5.8  172.9  11.3  0.71  173.3  25.1
030420260730  1.322  5.7  174.7  11.3  0.83  178.1  25.1
030420260731  1.325  6.0  176.5  11.3  0.66  177.7  25.1
030420260732  1.327  6.2  174.8  11.3  0.70  178.5  25.1
030420260733  1.330  6.0  173.0  11.3  0.59  175.6  25.1
030420260734  1.334  6.0  172.3  11.3  0.76  178.3  25.1
030420260735  1.337  5.9  172.9  11.2  0.70  177.8  25.1
030420260736  1.340  5.9  173.0  11.2  0.73  175.0  25.1
030420260737  1.344  5.9  170.9  11.2  0.79  181.3  25.1
030420260738  1.349  6.1  170.8  11.2  0.71  177.0  25.1
030420260739  1.351  6.3  172.9  11.2  0.67  179.4  25.1
030420260740  1.353  6.6  172.5  11.2  0.72  177.0  25.1
030420260741  1.356  6.9  172.2  12.6  0.78  179.1  25.1
030420260742  1.360  6.9  173.7  12.6  0.77  181.0  25.1
030420260743  1.362  7.4  175.4  12.6  0.69  183.5  25.1
030420260744  1.366  7.8  177.9  12.9  0.75  179.2  25.1
030420260745  1.369  7.9  180.5  12.9  0.67  176.8  25.1
030420260746  1.372  8.0  182.1  12.9  0.62  176.0  25.1
030420260747  1.374  8.1  183.3  12.9  0.61  173.4  25.1
030420260748  1.377  8.3  184.9  12.9  0.70  175.7  25.1
030420260749  1.380  8.5  185.2  13.4  0.67  179.9  25.1
030420260750  1.384  8.7  185.4  13.4  0.74  180.0  25.1
030420260751  1.387  9.0  187.1  14.3  0.78  180.6  25.1
030420260752  1.389  9.3  189.0  14.3  0.70  175.1  25.1
030420260753  1.392  9.5  191.3  14.3  0.77  181.6  25.1
030420260754  1.394  9.8  191.5  14.3  0.70  176.6  25.1
030420260755  1.396  9.8  191.8  14.3  0.68  179.3  25.1
030420260756  1.397  10.1  192.3  14.3  0.66  179.2  25.1
030420260757  1.399  10.5  192.6  14.3  0.66  174.4  25.1
030420260758  1.400  10.6  192.3  14.3  0.61  178.0  25.1
030420260759  1.401  10.7  192.9  14.3  0.69  174.8  25.1
030420260800  1.402  10.7  194.0  14.3  0.61  175.8  25.1
030420260801  1.403  10.5  194.2  14.0  0.64  179.5  25.1
030420260802  1.406  10.4  193.9  14.0  0.66  173.3  25.1
030420260803  1.407  10.1  192.4  14.0  0.54  178.9  25.1
030420260804  1.408  10.1  192.5  13.5  0.73  178.6  25.1
030420260805  1.410  10.2  192.9  13.5  0.55  177.0  25.1
030420260806  1.412  10.2  192.6  13.5  0.62  176.7  25.1
030420260807  1.414  10.1  192.4  12.8  0.59  173.4  25.1
030420260808  1.416  9.8  191.8  12.8  0.73  180.8  25.1
030420260809  1.419  9.7  192.1  14.3  0.59  174.0  25.1
030420260810  1.422  9.7  190.2  14.3  0.60  184.0  25.1
030420260811  1.424  9.4  189.1  14.3  0.58  182.0  25.1
030420260812  1.426  9.2  188.3  14.3  0.57  179.5  25.1
030420260813  1.427  9.5  188.0  14.3  0.49  179.0  25.1
030420260814  1.430  9.2  187.9  14.3  0.56  175.0  25.1
030420260815  1.432  9.2  186.6  14.3  0.63  179.7  25.1
030420260816  1.433  9.3  187.3  14.3  0.67  178.6  25.1
030420260817  1.436  9.4  188.0  14.3  0.58  182.0  25.1
030420260818  1.439  9.7  187.4  14.3  0.74  181.6  25.1
030420260819  1.440  9.8  184.8  15.1  0.56  176.8  25.1
030420260820  1.441  9.7  185.5  15.1  0.59  174.4  25.1
030420260821  1.444  9.9  187.0  15.1  0.54  177.6  25.1
030420260822  1.444  10.0  188.0  15.1  0.61  177.3  25.1
030420260823  1.446  9.7  189.2  15.1  0.64  176.1  25.1
030420260824  1.447  9.7  188.4  15.1  0.58  172.5  25.1
030420260825  1.449  9.9  188.8  15.1  0.59  181.1  25.1
030420260826  1.451  9.8  189.0  15.1  0.61  180.5  25.1
030420260827  1.452  9.8  188.3  15.1  0.56  178.1  25.1
030420260828  1.453  9.6  187.3  15.1  0.60  178.7  25.1
030420260829  1.454  9.4  187.8  13.8  0.66  176.5  25.1
030420260830  1.455  9.3  187.1  13.8  0.71  177.8  25.1
030420260831  1.457  9.2  185.8  13.8  0.56  171.1  25.1
030420260832  1.458  9.1  185.2  13.8  0.64  175.4  25.1
030420260833  1.460  9.3  184.8  14.3  0.55  172.0  25.1
030420260834  1.461  9.3  185.7  14.3  0.61  178.3  25.1
030420260835  1.462  9.1  185.7  14.3  0.66  174.6  25.1
030420260836  1.464  9.2  185.5  14.5  0.55  169.3  25.1
030420260837  1.465  9.1  186.3  14.5  0.61  174.0  25.1
030420260838  1.466  9.2  189.5  14.5  0.55  171.1  25.1
030420260839  1.467  9.6  191.1  14.5  0.58  179.0  25.1
030420260840  1.470  9.7  190.9  14.5  0.56  179.2  25.1
030420260841  1.472  9.7  190.8  14.5  0.67  176.0  25.1
030420260842  1.474  10.0  191.7  14.5  0.56  178.7  25.1
030420260843  1.476  9.6  191.2  14.5  0.52  175.4  25.1
030420260844  1.477  9.6  192.0  14.5  0.42  167.0  25.1
030420260845  1.478  9.7  192.5  14.5  0.45  173.1  25.1
030420260846  1.480  9.3  192.4  13.7  0.51  171.6  25.1
030420260847  1.480  9.4  193.0  13.7  0.54  173.5  25.1
030420260848  1.480  9.3  191.2  13.7  0.58  178.7  25.1
030420260849  1.481  9.0  191.7  13.2  0.55  172.3  25.1
030420260850  1.481  8.6  192.2  13.2  0.56  177.9  25.1
030420260851  1.482  8.5  192.9  13.2  0.57  178.2  25.1
030420260852  1.483  7.9  191.7  13.2  0.59  178.4  25.1
030420260853  1.482  7.6  190.6  13.2  0.57  179.5  25.1
030420260854  1.481  7.0  188.9  13.2  0.48  172.6  25.1
030420260855  1.481  6.3  185.0  12.1  0.49  172.1  25.1
030420260856  1.481  6.0  182.5  12.1  0.53  175.4  25.1
030420260857  1.481  5.5  176.6  10.5  0.44  177.1  25.1
030420260858  1.481  5.1  176.5  10.5  0.59  183.0  25.1
030420260859  1.480  4.9  172.5  8.2  0.53  181.3  25.1
030420260900  1.480  4.8  169.7  8.2  0.46  180.6  25.1
030420260901  1.481  4.8  164.6  9.2  0.55  183.3  25.1
030420260902  1.481  4.7  160.6  9.2  0.38  189.7  25.1
030420260903  1.478  5.0  160.4  9.2  0.38  186.8  25.1
030420260904  1.478  5.1  160.1  9.2  0.46  180.6  25.1
030420260905  1.478  5.1  162.3  9.2  0.51  181.9  25.1
030420260906  1.477  5.0  161.0  9.2  0.59  177.9  25.1
030420260907  1.477  4.9  158.9  9.2  0.57  180.8  25.1
030420260908  1.477  4.8  155.2  9.2  0.48  176.1  25.1
030420260909  1.476  5.1  152.2  12.1  0.49  178.0  25.1
030420260910  1.476  5.0  154.8  12.1  0.61  171.6  25.1
030420260911  1.475  5.0  153.8  12.1  0.59  180.7  25.1
030420260912  1.474  5.4  155.7  12.1  0.52  181.2  25.1
030420260913  1.471  5.1  156.7  12.1  0.43  165.7  25.1
030420260914  1.470  5.0  157.8  12.1  0.42  172.1  25.1
030420260915  1.468  4.8  156.0  12.1  0.37  166.4  25.1
030420260916  1.467  4.7  154.6  12.1  0.45  173.8  25.1
030420260917  1.466  4.5  157.3  12.1  0.47  172.8  25.1
030420260918  1.464  4.3  156.8  12.1  0.43  184.6  25.1
030420260919  1.462  3.7  159.9  11.4  0.37  168.8  25.1
030420260920  1.459  3.7  157.4  11.4  0.43  177.9  25.1
030420260921  1.458  3.5  161.9  8.4  0.38  166.8  25.1
030420260922  1.455  2.9  162.7  6.2  0.37  169.1  25.1
030420260923  1.453  2.7  156.7  6.2  0.41  177.3  25.1
030420260924  1.451  2.8  153.7  6.2  0.42  170.9  25.1
030420260925  1.449  2.7  153.7  6.2  0.44  170.9  25.1
030420260926  1.447  2.8  159.2  6.2  0.42  178.1  25.1
030420260927  1.445  3.2  160.2  8.4  0.35  169.4  25.1
030420260928  1.443  3.9  165.5  9.8  0.45  163.5  25.1
030420260929  1.441  4.2  164.1  9.8  0.47  173.9  25.1
030420260930  1.439  4.2  166.0  9.8  0.36  172.2  25.1
030420260931  1.437  4.5  166.1  9.8  0.34  173.8  25.1
030420260932  1.435  5.0  169.6  9.8  0.29  162.0  25.1
030420260933  1.432  5.5  175.0  9.8  0.14  165.2  25.1
030420260934  1.430  5.8  177.1  9.8  0.27  162.9  25.1
030420260935  1.427  6.3  180.8  9.8  0.39  176.0  25.1
030420260936  1.425  6.6  181.7  9.8  0.29  161.4  25.1
030420260937  1.423  6.7  183.8  9.8  0.34  174.1  25.1
030420260938  1.419  6.5  185.2  9.8  0.25  161.2  25.1
030420260939  1.416  6.4  187.5  9.8  0.23  160.1  25.1
030420260940  1.413  6.2  186.3  9.8  0.27  170.5  25.1
030420260941  1.410  6.2  185.6  9.8  0.37  163.6  25.1
030420260942  1.407  5.9  184.7  9.8  0.32  163.4  25.1
030420260943  1.403  6.0  186.2  10.8  0.21  176.4  25.1
030420260944  1.399  6.0  184.9  11.3  0.29  173.5  25.1
030420260945  1.396  5.8  182.8  11.3  0.34  181.2  25.1
030420260946  1.392  5.9  183.3  11.3  0.28  180.1  25.1
030420260947  1.388  5.7  182.5  11.3  0.18  166.4  25.1
030420260948  1.383  5.9  182.6  11.3  0.17  154.2  25.1
030420260949  1.380  6.4  181.8  11.7  0.36  168.8  25.1
030420260950  1.374  6.8  183.7  11.7  0.23  165.6  25.1
030420260951  1.370  7.0  185.2  11.7  0.17  146.8  25.2
030420260952  1.367  7.5  187.0  11.7  0.06  146.2  25.2
030420260953  1.362  7.6  186.6  11.8  0.21  153.5  25.2
030420260954  1.358  7.9  189.0  13.0  0.17  163.4  25.2
030420260955  1.355  8.4  190.4  13.0  0.04  160.9  25.2
030420260956  1.351  8.8  190.6  13.0  0.03  96.6  25.2
030420260957  1.347  9.1  189.0  13.0  0.05  134.8  25.2
030420260958  1.343  9.0  188.0  13.0  0.18  179.6  25.2
030420260959  1.338  8.8  189.2  13.0  0.10  139.5  25.2
030420261000  1.335  8.9  189.6  13.0  0.04  71.2  25.2
030420261001  1.330  9.2  190.9  13.0  nan  nan  nan
030420261002  1.326  9.3  190.8  13.0  0.05  165.4  25.2
030420261003  1.323  9.2  191.1  13.5  0.06  174.1  25.2
030420261004  1.319  9.4  190.9  13.5  0.12  89.8  25.2
030420261005  1.317  9.3  191.1  13.5  0.06  24.9  25.2
030420261006  1.312  9.1  191.2  13.5  0.02  353.3  25.2
030420261007  1.311  9.1  192.9  13.5  0.14  41.0  25.2
030420261008  1.308  9.4  195.1  13.5  0.12  201.0  25.2
030420261009  1.302  9.6  195.1  13.5  0.18  150.0  25.2
030420261010  1.300  9.6  195.9  13.5  0.08  70.9  25.2
030420261011  1.296  9.6  195.7  13.5  0.05  35.5  25.2
030420261012  1.294  9.6  197.1  13.5  0.11  68.9  25.2
030420261013  1.291  9.4  197.1  13.4  0.05  5.8  25.2
030420261014  1.288  9.2  197.6  13.4  nan  nan  nan
030420261015  1.284  9.3  199.1  13.1  0.11  101.0  25.2
030420261016  1.281  9.5  199.8  13.1  0.15  29.4  25.2
030420261017  1.279  9.1  200.3  13.1  0.07  219.4  25.2
030420261018  1.275  9.2  201.5  13.1  0.09  171.9  25.2
030420261019  1.271  9.4  202.4  13.1  0.04  277.4  25.2
030420261020  1.269  9.4  203.1  13.1  0.04  291.9  25.2
030420261021  1.266  9.2  202.5  13.1  0.13  351.3  25.2
030420261022  1.264  9.0  201.1  13.1  nan  nan  nan
030420261023  1.261  9.2  202.0  13.1  0.10  337.2  25.2
030420261024  1.260  9.4  203.3  13.1  0.06  182.6  25.2
030420261025  1.257  9.0  202.2  13.1  0.07  245.9  25.3
030420261026  1.255  8.9  203.6  13.1  0.09  281.2  25.3
030420261027  1.253  9.2  204.9  13.1  0.15  3.9  25.3
030420261028  1.251  9.3  204.9  12.7  0.05  356.0  25.3
030420261029  1.248  9.3  203.4  12.7  0.15  324.5  25.3
030420261030  1.246  9.2  202.5  12.7  0.10  231.9  25.3
030420261031  1.243  9.3  203.6  12.7  0.12  219.1  25.3
030420261032  1.240  9.4  204.3  12.7  0.09  257.1  25.3
030420261033  1.236  9.2  202.8  12.7  0.06  318.7  25.3
030420261034  1.232  9.0  199.9  12.7  0.09  214.3  25.3
030420261035  1.229  8.9  198.8  12.7  0.13  320.6  25.3
030420261036  1.226  8.3  196.5  12.7  0.16  301.1  25.3
030420261037  1.222  7.8  195.2  12.7  0.11  314.0  25.3
030420261038  1.219  7.1  191.4  11.8  0.10  278.9  25.3
030420261039  1.216  6.6  187.9  11.8  0.21  331.8  25.3
030420261040  1.210  6.4  185.5  11.8  0.11  275.8  25.3
030420261041  1.204  6.1  181.9  11.8  0.15  337.6  25.3
030420261042  1.201  5.6  175.9  11.8  0.15  345.4  25.3
030420261043  1.196  4.9  169.8  11.8  0.25  345.2  25.3
030420261044  1.192  4.3  163.4  11.8  0.28  356.4  25.3
030420261045  1.187  4.3  161.7  9.0  0.24  350.1  25.3
030420261046  1.182  4.6  164.5  9.0  0.28  358.2  25.3
030420261047  1.177  5.0  162.7  10.0  0.31  356.2  25.3
030420261048  1.172  5.0  162.1  10.0  0.44  5.4  25.3
030420261049  1.167  4.6  162.8  10.0  0.39  14.9  25.3
030420261050  1.162  4.3  159.8  10.0  0.26  11.7  25.3
030420261051  1.158  4.2  159.9  10.0  0.32  2.2  25.3
030420261052  1.155  4.3  159.4  10.0  0.35  12.5  25.3
030420261053  1.151  4.6  163.1  10.0  0.32  10.0  25.3
030420261054  1.144  5.0  168.2  10.0  0.61  3.6  25.3
030420261055  1.141  4.8  166.6  10.0  0.43  5.4  25.3
030420261056  1.135  4.9  160.9  10.4  0.40  10.3  25.3
030420261057  1.130  4.5  158.2  10.4  0.33  8.3  25.3
030420261058  1.127  4.3  154.5  10.4  0.53  8.3  25.3
030420261059  1.121  4.5  152.0  10.4  0.53  6.2  25.3
030420261100  1.116  4.4  149.3  10.4  0.48  6.7  25.3
030420261101  1.112  4.4  146.5  10.4  0.46  12.9  25.3
030420261102  1.106  4.4  146.2  10.4  0.53  6.6  25.3
030420261103  1.101  4.4  145.2  10.4  0.63  9.5  25.3
030420261104  1.098  4.2  139.0  10.4  0.56  8.0  25.3
030420261105  1.093  4.3  138.3  10.4  0.70  3.6  25.3
030420261106  1.086  3.8  138.7  7.0  0.60  5.2  25.3
030420261107  1.080  4.0  139.6  7.0  0.65  3.3  25.3
030420261108  1.073  4.3  143.1  9.8  0.69  3.0  25.3
030420261109  1.066  4.3  146.5  9.8  0.74  8.4  25.3
030420261110  1.060  4.4  150.4  9.8  0.72  6.9  25.3
030420261111  1.054  4.4  150.0  9.8  0.71  6.2  25.3
030420261112  1.050  4.5  151.8  9.8  0.75  8.4  25.3
030420261113  1.044  4.3  147.5  9.8  0.80  8.2  25.3
030420261114  1.037  4.4  149.1  9.8  0.61  10.2  25.3
030420261115  1.031  4.3  151.2  9.8  0.94  12.7  25.3
030420261116  1.025  4.5  149.0  9.8  0.89  15.9  25.3
030420261117  1.020  4.9  151.2  13.1  0.59  9.2  25.3
030420261118  1.014  5.0  152.7  13.1  0.83  10.0  25.3
030420261119  1.009  5.3  152.4  13.1  0.76  10.1  25.3
030420261120  1.004  5.6  148.8  13.1  0.81  16.6  25.3
030420261121  0.998  5.9  148.4  13.1  0.85  16.1  25.3
030420261122  0.993  6.0  149.8  13.1  0.84  16.4  25.3
030420261123  0.988  6.6  154.5  13.1  0.94  18.1  25.3
030420261124  0.984  6.8  154.3  13.1  0.85  17.8  25.3
030420261125  0.979  7.2  153.8  13.1  0.86  12.5  25.3
030420261126  0.975  7.3  155.6  13.1  0.92  16.2  25.3
030420261127  0.971  7.2  154.1  12.2  0.81  16.4  25.4
030420261128  0.966  7.0  155.1  12.2  0.82  14.9  25.4
030420261129  0.960  6.7  153.5  11.8  0.84  17.8  25.4
030420261130  0.954  6.6  156.6  11.8  0.79  11.7  25.4
030420261131  0.950  6.1  156.9  11.8  0.97  18.0  25.4
030420261132  0.946  5.8  156.6  11.8  0.89  16.2  25.4
030420261133  0.942  5.3  156.8  11.1  0.70  14.0  25.4
030420261134  0.937  5.0  159.1  11.1  0.82  13.7  25.3
030420261135  0.935  4.7  161.4  11.1  0.82  13.1  25.3
030420261136  0.930  4.7  165.5  11.1  0.80  10.3  25.3
030420261137  0.925  4.4  167.7  7.9  0.79  15.9  25.3
030420261138  0.921  4.4  167.6  7.9  0.78  11.4  25.3
030420261139  0.916  4.6  172.4  10.3  0.89  10.0  25.3
030420261140  0.911  4.4  172.4  10.3  0.92  13.5  25.3
030420261141  0.906  4.7  171.9  10.3  0.85  11.1  25.3
030420261142  0.902  5.1  174.7  10.5  0.88  12.8  25.3
030420261143  0.897  5.3  171.5  10.5  0.81  17.6  25.3
030420261144  0.892  5.3  167.2  10.5  0.88  17.8  25.3
030420261145  0.886  5.5  167.2  10.5  0.84  19.8  25.3
030420261146  0.881  5.5  164.3  10.5  0.82  20.3  25.3
030420261147  0.876  5.4  167.0  10.5  0.83  17.8  25.3
030420261148  0.871  5.5  165.9  10.5  0.80  14.8  25.3
030420261149  0.867  5.3  164.5  10.5  0.86  16.8  25.3
030420261150  0.861  5.5  163.0  10.5  0.86  17.4  25.3
030420261151  0.857  5.4  165.4  10.5  0.88  18.7  25.3
030420261152  0.853  5.2  161.3  9.0  0.73  21.5  25.3
030420261153  0.848  5.0  163.4  9.0  0.70  23.4  25.4
030420261154  0.844  5.0  167.1  9.0  0.94  20.7  25.4
030420261155  0.840  4.6  164.0  9.0  0.86  16.5  25.4
030420261156  0.836  4.1  163.7  7.2  0.73  23.3  25.4
030420261157  0.831  3.9  162.1  7.2  0.84  18.5  25.4
030420261158  0.828  3.8  163.4  7.2  0.82  19.5  25.4
030420261159  0.824  3.7  164.4  6.9  0.72  22.2  25.4
030420261200  0.819  3.8  169.3  7.6  0.79  25.2  25.4
030420261201  0.816  3.8  168.8  7.6  0.78  22.9  25.4
030420261202  0.812  3.6  170.5  7.6  0.89  21.8  25.4
030420261203  0.808  3.6  172.4  7.6  0.82  18.6  25.4
030420261204  0.803  3.4  171.6  7.6  0.69  17.1  25.4
030420261205  0.800  3.4  171.1  7.6  0.69  20.8  25.4
030420261206  0.796  3.6  164.6  7.6  0.74  22.0  25.4
030420261207  0.790  3.7  163.5  7.6  0.78  17.5  25.4
030420261208  0.785  3.7  159.8  7.6  0.74  18.3  25.4
030420261209  0.780  3.6  160.2  7.6  0.79  18.2  25.4
030420261210  0.775  3.4  158.5  6.6  0.81  17.8  25.4
030420261211  0.769  3.3  158.1  6.6  0.85  19.3  25.4
030420261212  0.764  3.5  159.1  6.6  0.72  18.3  25.4
030420261213  0.759  3.6  156.7  6.6  0.90  18.8  25.4
030420261214  0.753  3.6  156.7  6.6  0.73  15.7  25.4
030420261215  0.748  3.6  159.6  6.6  0.84  15.8  25.4
030420261216  0.743  3.4  162.2  6.4  0.86  18.3  25.4
030420261217  0.739  3.3  164.5  7.1  0.80  16.5  25.4
030420261218  0.732  3.3  167.5  7.1  0.88  18.4  25.4
030420261219  0.727  3.1  167.9  7.1  0.73  21.7  25.4
030420261220  0.722  3.1  164.5  7.1  0.85  21.5  25.4
030420261221  0.718  3.1  163.7  7.3  0.88  16.2  25.4
030420261222  0.711  2.9  164.3  7.3  0.77  19.2  25.4
030420261223  0.707  2.9  169.3  7.3  0.86  19.5  25.4
030420261224  0.701  3.1  173.8  7.3  0.81  15.3  25.4
030420261225  0.696  3.2  172.8  7.3  0.73  17.0  25.4
030420261226  0.690  3.4  174.5  7.3  0.78  16.8  25.4
030420261227  0.684  3.4  169.3  7.3  0.83  19.4  25.4
030420261228  0.679  3.4  165.5  7.3  0.80  17.8  25.4
030420261229  0.674  3.3  167.0  7.3  0.81  16.9  25.4
030420261230  0.669  3.3  170.6  7.3  0.78  19.7  25.4
030420261231  0.664  3.2  169.5  7.1  0.81  15.0  25.4
030420261232  0.658  3.3  167.8  7.1  0.92  17.0  25.4
030420261233  0.654  3.1  162.1  7.1  0.91  17.5  25.4
030420261234  0.649  2.8  158.9  6.6  0.86  19.1  25.4
030420261235  0.643  2.7  162.2  6.6  0.88  16.0  25.4
030420261236  0.638  2.7  163.8  6.6  0.74  21.1  25.4
030420261237  0.633  2.6  167.8  6.6  0.93  18.0  25.4
030420261238  0.628  2.6  173.0  6.9  0.90  17.6  25.4
030420261239  0.625  2.7  163.4  6.9  0.85  19.8  25.5
030420261240  0.619  2.9  160.2  6.9  0.96  14.4  25.5
030420261241  0.614  2.9  160.5  6.9  0.84  18.0  25.5
030420261242  0.610  3.1  161.2  6.9  0.86  14.0  25.5
030420261243  0.605  3.4  162.9  6.9  0.96  17.3  25.5
030420261244  0.601  3.7  160.4  6.9  0.85  16.9  25.5
030420261245  0.596  3.8  156.4  6.9  0.94  16.5  25.5
030420261246  0.591  4.2  156.5  7.9  0.89  17.9  25.5
030420261247  0.586  4.5  158.4  8.4  0.97  15.0  25.5
030420261248  0.582  4.5  157.4  8.4  0.86  13.9  25.5
030420261249  0.578  4.4  161.4  8.4  0.89  19.0  25.5
030420261250  0.574  4.7  163.7  8.4  0.92  14.8  25.5
030420261251  0.569  4.9  165.5  8.4  0.87  15.5  25.5
030420261252  0.564  4.9  165.3  8.4  0.83  14.3  25.5
030420261253  0.558  4.8  167.4  8.4  0.85  15.4  25.5
030420261254  0.553  4.8  168.8  8.4  0.85  17.4  25.5
030420261255  0.550  4.6  168.5  8.4  0.86  14.3  25.5
030420261256  0.545  4.2  166.2  8.4  0.90  17.3  25.5
030420261257  0.540  3.8  163.5  7.7  1.02  13.7  25.5
030420261258  0.536  3.8  165.1  7.7  1.00  18.3  25.5
030420261259  0.532  3.8  163.0  7.7  0.91  14.7  25.5
030420261300  0.527  3.5  162.8  7.4  0.86  18.4  25.5
030420261301  0.523  3.5  161.3  7.4  0.79  17.4  25.5
030420261302  0.519  3.5  158.0  6.9  0.90  14.6  25.5
030420261303  0.515  3.7  154.4  6.9  0.81  12.9  25.5
030420261304  0.512  3.7  152.9  6.9  0.87  15.1  25.5
030420261305  0.509  3.7  151.5  6.9  0.77  13.8  25.5
030420261306  0.505  3.8  154.4  7.5  0.80  15.4  25.5
030420261307  0.500  4.2  155.2  7.5  0.70  15.9  25.5
030420261308  0.496  4.3  154.9  7.5  0.83  17.9  25.5
030420261309  0.492  4.4  154.0  7.5  0.93  17.3  25.5
030420261310  0.488  4.4  150.9  7.5  0.78  20.1  25.5
030420261311  0.484  4.4  151.0  7.5  0.91  11.2  25.5
030420261312  0.480  4.1  152.0  7.5  0.99  16.0  25.5
030420261313  0.476  4.1  148.5  7.5  0.87  17.0  25.5
030420261314  0.472  4.3  150.4  7.5  0.76  17.0  25.5
030420261315  0.467  4.4  152.7  7.5  0.85  13.4  25.5
030420261316  0.464  4.3  152.3  7.3  0.83  14.4  25.5
030420261317  0.462  4.2  150.0  7.8  0.86  16.7  25.5
030420261318  0.458  4.1  150.0  7.8  0.73  10.0  25.5
030420261319  0.454  4.2  151.6  8.1  0.75  15.4  25.5
030420261320  0.449  4.3  151.7  8.1  0.81  14.1  25.5
030420261321  0.446  4.3  150.8  8.1  1.00  17.7  25.5
030420261322  0.442  4.4  151.5  8.1  0.87  11.4  25.5
030420261323  0.439  4.4  155.0  8.1  0.74  13.0  25.5
030420261324  0.436  4.3  154.9  8.1  0.85  17.3  25.5
030420261325  0.432  4.3  154.2  8.1  0.85  14.7  25.5
030420261326  0.428  4.3  157.9  8.1  0.81  15.9  25.5
030420261327  0.424  4.5  162.0  8.1  0.70  13.7  25.5
030420261328  0.421  4.7  162.7  8.1  0.84  15.3  25.5
030420261329  0.416  4.7  162.7  7.7  0.83  13.6  25.5
030420261330  0.413  4.7  165.3  7.7  0.84  18.0  25.5
030420261331  0.408  4.7  164.9  7.7  0.74  13.0  25.5
030420261332  0.406  4.8  164.4  7.7  0.78  15.3  25.6
030420261333  0.403  4.5  163.5  7.7  0.91  14.3  25.6
030420261334  0.399  4.4  163.2  7.7  0.75  13.4  25.6
030420261335  0.395  4.1  161.2  7.2  0.84  19.0  25.6
030420261336  0.391  4.1  152.4  7.2  0.79  14.8  25.6
030420261337  0.388  3.7  149.6  7.1  0.81  16.1  25.6
030420261338  0.385  3.4  143.7  7.1  0.83  12.9  25.6
030420261339  0.381  3.2  142.2  7.0  0.83  16.2  25.6
030420261340  0.378  3.2  142.9  6.8  0.92  13.3  25.6
030420261341  0.375  3.2  143.8  6.8  0.74  16.2  25.6
030420261342  0.372  3.1  143.9  6.8  0.83  15.8  25.6
030420261343  0.370  3.1  145.7  6.8  0.77  14.7  25.6
030420261344  0.369  3.2  145.9  6.8  0.73  16.5  25.6
030420261345  0.366  3.2  152.6  6.8  0.92  17.6  25.6
030420261346  0.364  3.4  163.3  6.7  0.86  15.0  25.6
030420261347  0.361  3.5  161.5  6.7  0.81  17.7  25.6
030420261348  0.358  3.7  163.4  6.7  0.82  16.7  25.6
030420261349  0.355  3.6  164.0  6.7  0.81  18.6  25.6
030420261350  0.352  3.3  159.6  6.6  0.74  20.0  25.6
030420261351  0.349  3.1  155.9  6.5  0.74  17.5  25.6
030420261352  0.346  3.1  151.7  6.5  0.76  16.9  25.6
030420261353  0.343  3.1  147.1  6.5  0.77  14.1  25.6
030420261354  0.341  3.1  147.3  6.5  0.84  14.2  25.6
030420261355  0.338  3.2  148.2  6.5  0.88  13.9  25.6
030420261356  0.335  3.2  145.8  6.2  0.87  17.3  25.6
030420261357  0.332  3.4  146.2  7.1  0.64  16.5  25.6
030420261358  0.327  3.3  142.1  7.1  0.87  13.8  25.6
030420261359  0.324  3.4  139.0  7.1  0.77  13.1  25.6
030420261400  0.321  3.5  140.4  7.1  0.85  16.3  25.6
030420261401  0.317  3.5  139.9  7.1  0.73  18.2  25.6
030420261402  0.313  3.6  144.8  7.5  0.93  14.9  25.6
030420261403  0.310  3.7  149.6  7.5  0.73  15.4  25.6
030420261404  0.308  3.7  149.6  7.5  0.78  15.0  25.6
030420261405  0.303  3.8  148.8  7.5  0.80  17.8  25.6
030420261406  0.300  3.9  147.5  7.5  0.80  14.6  25.6
030420261407  0.298  3.9  147.7  7.5  0.75  14.5  25.6
030420261408  0.294  3.9  152.3  7.5  0.84  16.5  25.6
030420261409  0.290  3.9  156.6  7.5  0.79  18.6  25.6
030420261410  0.288  3.9  158.8  7.5  0.84  15.3  25.6
030420261411  0.284  4.1  165.1  7.5  0.86  14.0  25.6
030420261412  0.280  4.0  164.5  7.5  0.84  16.9  25.6
030420261413  0.278  4.0  163.6  7.5  0.85  21.5  25.6
030420261414  0.275  4.0  162.6  8.1  0.75  16.4  25.6
030420261415  0.271  3.9  159.3  8.1  0.89  15.1  25.6
030420261416  0.269  3.9  159.2  8.1  0.89  19.2  25.6
030420261417  0.266  3.8  163.2  8.1  0.75  17.6  25.6
030420261418  0.263  3.9  162.0  8.1  0.77  16.7  25.6
030420261419  0.261  4.2  159.9  8.4  0.83  16.0  25.6
030420261420  0.260  4.0  155.1  8.4  0.65  15.5  25.6
030420261421  0.258  4.0  150.9  8.4  0.77  13.3  25.6
030420261422  0.257  3.9  149.8  8.4  0.71  18.3  25.6
030420261423  0.256  3.8  150.5  8.4  0.79  14.7  25.6
030420261424  0.254  3.6  149.2  8.4  0.73  14.6  25.6
030420261425  0.251  3.7  153.1  9.5  0.72  17.7  25.6
030420261426  0.249  3.8  155.0  9.5  0.81  18.6  25.6
030420261427  0.248  3.9  152.0  9.5  0.66  17.6  25.6
030420261428  0.246  4.0  154.9  9.5  0.87  17.8  25.6
030420261429  0.245  4.0  153.4  9.5  0.84  18.5  25.6
030420261430  0.245  4.1  157.7  9.5  0.70  16.4  25.6
030420261431  0.243  4.0  159.7  9.5  0.84  16.9  25.6
030420261432  0.242  4.0  157.0  9.5  0.76  13.9  25.6
030420261433  0.240  4.3  158.1  9.5  0.70  17.8  25.6
030420261434  0.239  4.5  162.7  9.5  0.69  21.7  25.6
030420261435  0.238  4.3  161.0  9.2  0.72  16.2  25.6
030420261436  0.238  4.0  159.1  9.2  0.78  15.8  25.6
030420261437  0.236  3.7  156.6  9.2  0.68  17.2  25.6
030420261438  0.236  3.5  155.7  9.2  0.77  22.0  25.6
030420261439  0.235  3.5  159.9  8.6  0.70  22.1  25.6
030420261440  0.235  3.5  160.5  8.6  0.74  14.3  25.6
030420261441  0.236  3.6  159.6  8.6  0.64  15.9  25.6
030420261442  0.233  3.7  165.4  8.1  0.69  20.5  25.6
030420261443  0.231  3.6  163.9  6.8  0.59  18.6  25.6
030420261444  0.229  3.5  159.2  6.6  0.73  18.6  25.6
030420261445  0.229  3.3  159.1  6.6  0.77  20.2  25.6
030420261446  0.228  3.3  154.7  6.6  0.70  20.4  25.6
030420261447  0.225  3.2  155.1  6.6  0.71  15.9  25.6
030420261448  0.224  3.3  150.5  6.6  0.62  20.7  25.6
030420261449  0.224  3.2  149.1  6.6  0.63  13.9  25.6
030420261450  0.221  3.5  147.2  7.0  0.66  17.3  25.7
030420261451  0.219  3.6  148.4  7.7  0.60  18.4  25.7
030420261452  0.217  3.8  145.2  7.7  0.64  21.8  25.7
030420261453  0.216  3.6  146.8  7.7  0.65  15.8  25.7
030420261454  0.216  3.8  147.6  10.1  0.64  20.5  25.7
030420261455  0.214  4.0  150.0  10.1  0.61  23.7  25.7
030420261456  0.213  4.3  155.2  10.1  0.53  21.6  25.7
030420261457  0.211  4.7  159.5  10.1  0.87  20.9  25.7
030420261458  0.209  4.9  162.8  10.1  0.62  21.3  25.7
030420261459  0.207  5.1  164.8  10.1  0.76  17.1  25.7
030420261500  0.206  4.9  166.7  10.1  0.69  15.1  25.7
030420261501  0.206  4.6  165.0  10.1  0.63  18.9  25.7
030420261502  0.205  4.4  164.8  10.1  0.71  21.2  25.7
030420261503  0.205  4.4  160.9  10.1  0.69  22.2  25.7
030420261504  0.206  4.3  164.2  9.0  0.59  22.7  25.7
030420261505  0.206  4.4  165.1  9.0  0.64  23.4  25.7
030420261506  0.208  4.2  163.7  9.0  0.61  25.2  25.7
030420261507  0.209  3.9  164.2  7.3  0.51  23.7  25.7
030420261508  0.209  3.7  161.3  7.2  0.60  21.1  25.7
030420261509  0.209  3.6  157.9  7.2  0.60  24.3  25.7
030420261510  0.209  3.9  158.0  11.6  0.50  24.7  25.7
030420261511  0.210  4.3  159.2  11.6  0.62  17.0  25.7
030420261512  0.211  4.4  160.1  11.6  0.48  18.1  25.7
030420261513  0.212  4.4  161.6  11.6  0.48  25.6  25.7
030420261514  0.213  4.5  159.3  11.6  0.57  20.8  25.7
030420261515  0.215  4.5  158.7  11.6  0.53  23.5  25.7
030420261516  0.217  4.6  161.2  11.6  0.54  24.0  25.7
030420261517  0.219  4.9  159.9  11.6  0.47  22.7  25.7
030420261518  0.221  5.2  160.3  11.6  0.42  25.2  25.7
030420261519  0.222  5.3  161.4  11.6  0.52  27.1  25.7
030420261520  0.224  5.2  162.0  9.7  0.34  32.5  25.7
030420261521  0.225  5.4  163.7  9.7  0.48  21.2  25.7
030420261522  0.227  5.3  164.5  9.7  0.54  23.6  25.7
030420261523  0.228  5.3  166.8  9.7  0.55  21.4  25.7
030420261524  0.229  5.1  166.4  9.7  0.51  8.9  25.7
030420261525  0.230  5.1  165.3  9.7  0.46  10.0  25.7
030420261526  0.232  5.0  162.6  9.7  0.50  14.3  25.7
030420261527  0.235  4.9  162.1  9.6  0.40  8.9  25.7
030420261528  0.236  4.7  162.4  9.6  0.51  11.5  25.7
030420261529  0.238  4.6  161.8  9.6  0.45  7.0  25.7
030420261530  0.241  4.7  159.2  9.6  0.33  8.0  25.7
030420261531  0.243  4.3  158.2  8.3  0.50  355.8  25.7
030420261532  0.245  4.1  155.8  8.3  0.38  359.6  25.7
030420261533  0.247  4.1  153.3  8.3  0.48  6.5  25.7
030420261534  0.249  4.1  156.6  8.3  0.41  3.5  25.7
030420261535  0.251  4.0  157.6  8.3  0.42  357.9  25.7
030420261536  0.253  4.0  161.0  8.3  0.42  350.7  25.7
030420261537  0.256  3.8  164.7  8.3  0.39  2.3  25.7
030420261538  0.260  3.7  163.4  8.3  0.30  356.8  25.7
030420261539  0.263  3.6  166.1  8.3  0.43  355.3  25.7
030420261540  0.266  3.5  170.9  8.0  0.39  347.6  25.7
030420261541  0.269  3.3  171.3  8.0  0.36  348.7  25.7
030420261542  0.271  3.6  175.9  8.0  0.46  348.2  25.7
030420261543  0.274  3.6  176.5  8.0  0.36  359.8  25.7
030420261544  0.277  3.5  173.9  8.0  0.38  1.2  25.7
030420261545  0.280  3.5  170.7  8.0  0.24  349.2  25.7
030420261546  0.281  3.5  168.7  8.0  0.30  351.0  25.7
030420261547  0.284  3.5  165.0  8.0  0.38  351.3  25.7
030420261548  0.288  3.8  167.8  9.1  0.33  344.3  25.7
030420261549  0.291  4.0  164.5  9.7  0.42  352.9  25.7
030420261550  0.293  4.2  163.4  9.7  0.35  355.3  25.7
030420261551  0.296  4.3  162.7  9.7  0.37  344.7  25.7
030420261552  0.297  4.2  158.3  9.7  0.34  346.4  25.7
030420261553  0.299  4.1  154.5  9.7  0.17  328.7  25.7
030420261554  0.301  4.1  149.9  9.7  0.27  352.3  25.8
030420261555  0.303  4.1  148.1  9.7  0.35  358.8  25.8
030420261556  0.305  4.0  147.5  9.7  0.35  355.6  25.8
030420261557  0.307  4.0  146.4  9.7  0.41  2.4  25.8
030420261558  0.311  3.9  145.3  9.7  0.25  347.4  25.8
030420261559  0.313  3.9  144.8  10.7  0.30  3.0  25.8
030420261600  0.315  3.6  139.8  10.7  0.24  3.0  25.8
030420261601  0.316  3.5  142.5  10.7  0.43  355.0  25.8
030420261602  0.320  3.6  143.7  10.7  0.31  358.8  25.8
030420261603  0.323  4.0  149.3  10.7  0.36  7.5  25.8
030420261604  0.326  4.3  153.4  10.7  0.19  343.2  25.8
030420261605  0.328  4.5  158.4  10.7  0.25  356.1  25.8
030420261606  0.333  4.7  160.3  10.7  0.22  341.6  25.8
030420261607  0.336  4.7  161.0  10.7  0.28  0.4  25.8
030420261608  0.338  4.4  160.9  10.7  0.23  1.9  25.8
030420261609  0.342  4.2  160.8  10.0  0.14  332.8  25.8
030420261610  0.345  4.2  161.1  10.0  0.22  357.5  25.8
030420261611  0.351  4.2  156.2  10.0  0.24  346.6  25.8
030420261612  0.356  4.1  156.3  10.0  0.19  7.7  25.8
030420261613  0.361  3.7  155.8  8.3  0.23  11.0  25.8
030420261614  0.365  3.6  155.8  8.3  0.22  14.0  25.8
030420261615  0.367  3.4  152.7  7.6  0.15  13.7  25.8
030420261616  0.371  3.4  150.5  7.6  0.18  6.9  25.8
030420261617  0.376  3.5  148.6  7.6  0.14  349.0  25.8
030420261618  0.380  3.7  146.1  7.6  0.09  23.1  25.8
030420261619  0.384  3.7  148.2  7.6  0.22  24.3  25.8
030420261620  0.388  3.7  149.8  7.6  0.11  0.7  25.8
030420261621  0.391  3.8  152.3  7.9  0.14  10.0  25.8
030420261622  0.396  3.8  154.6  7.9  0.05  219.5  25.8
030420261623  0.399  3.8  153.7  7.9  nan  nan  nan
030420261624  0.403  3.8  153.5  7.9  0.06  351.0  25.8
030420261625  0.406  3.8  155.4  7.9  nan  nan  nan
030420261626  0.411  3.8  153.7  7.9  0.09  192.5  25.8
030420261627  0.415  3.8  153.8  7.9  0.11  214.8  25.8
030420261628  0.419  3.9  156.1  7.9  0.06  17.9  25.8
030420261629  0.421  3.8  156.1  7.9  0.08  171.6  25.8
030420261630  0.425  3.7  155.8  7.9  0.02  73.4  25.8
030420261631  0.428  3.5  154.5  7.3  0.10  165.5  25.8
030420261632  0.431  3.9  155.2  8.3  0.16  187.9  25.8
030420261633  0.436  4.0  158.2  8.3  0.08  175.6  25.8
030420261634  0.439  3.8  161.4  8.3  0.16  161.6  25.8
030420261635  0.444  3.8  161.4  8.3  0.21  182.5  25.8
030420261636  0.447  3.9  160.5  8.3  0.24  186.2  25.8
030420261637  0.451  3.8  159.8  8.3  0.12  191.8  25.8
030420261638  0.456  3.6  157.7  8.3  0.18  182.7  25.8
030420261639  0.460  3.6  155.3  8.3  0.02  165.6  25.8
030420261640  0.463  3.7  155.3  8.3  0.07  182.3  25.8
030420261641  0.470  4.1  154.3  8.3  0.28  182.5  25.8
030420261642  0.475  3.9  157.7  8.6  0.20  197.7  25.8
030420261643  0.480  3.6  155.3  8.6  0.23  180.0  25.8
030420261644  0.486  3.7  149.7  8.6  0.17  207.6  25.8
030420261645  0.490  3.7  151.0  8.6  0.18  189.4  25.8
030420261646  0.495  3.8  154.1  8.6  0.23  199.1  25.8
030420261647  0.501  4.0  155.7  8.6  0.23  196.7  25.8
030420261648  0.507  4.1  157.3  8.6  0.31  202.5  25.8
030420261649  0.513  4.3  159.2  8.6  0.39  196.4  25.8
030420261650  0.520  4.3  162.7  8.6  0.31  192.1  25.8
030420261651  0.526  4.0  166.3  8.6  0.25  193.1  25.8
030420261652  0.531  3.9  161.3  7.6  0.42  189.7  25.8
030420261653  0.537  3.8  161.0  7.6  0.30  199.8  25.8
030420261654  0.543  4.0  167.0  7.6  0.33  181.6  25.8
030420261655  0.549  4.1  165.4  8.5  0.29  174.1  25.8
030420261656  0.555  3.7  164.0  8.5  0.28  191.6  25.8
030420261657  0.560  3.6  165.1  8.5  0.33  187.0  25.8
030420261658  0.566  3.5  163.8  8.5  0.23  187.1  25.7
030420261659  0.572  3.3  163.9  8.5  0.36  194.3  25.7
030420261700  0.578  3.3  163.8  8.5  0.37  199.6  25.7
030420261701  0.585  3.3  166.4  8.5  0.30  205.7  25.7
030420261702  0.592  3.2  168.9  8.5  0.43  194.5  25.7
030420261703  0.599  3.3  168.9  8.5  0.36  197.2  25.7
030420261704  0.605  3.1  164.6  8.5  0.39  195.1  25.7
030420261705  0.611  2.8  162.4  5.9  0.42  193.5  25.7
030420261706  0.617  2.9  158.6  7.2  0.40  189.2  25.7
030420261707  0.623  2.9  155.1  7.2  0.44  192.0  25.7
030420261708  0.628  2.8  156.5  7.2  0.48  188.1  25.7
030420261709  0.633  2.8  156.0  7.2  0.56  191.2  25.7
030420261710  0.639  2.6  148.8  7.2  0.51  185.4  25.7
030420261711  0.644  2.7  143.7  7.2  0.50  181.1  25.7
030420261712  0.647  2.8  137.0  7.2  0.55  185.3  25.7
030420261713  0.652  2.9  134.6  7.2  0.57  183.1  25.7
030420261714  0.657  2.9  133.9  7.2  0.65  183.5  25.7
030420261715  0.662  3.0  135.5  7.2  0.63  182.7  25.7
030420261716  0.667  2.7  140.4  5.8  0.53  185.0  25.7
030420261717  0.671  2.7  148.5  5.6  0.58  178.0  25.7
030420261718  0.674  2.8  148.2  6.0  0.45  180.3  25.7
030420261719  0.678  2.8  148.8  6.0  0.54  182.3  25.7
030420261720  0.683  2.9  153.2  6.0  0.56  177.9  25.7
030420261721  0.686  2.9  153.3  6.0  0.54  180.3  25.7
030420261722  0.691  2.9  161.0  6.0  0.47  180.2  25.7
030420261723  0.695  3.0  166.7  6.0  0.44  182.6  25.7
030420261724  0.700  3.2  166.4  7.1  0.66  183.7  25.7
030420261725  0.704  3.1  168.9  7.1  0.53  183.9  25.7
030420261726  0.707  3.1  169.4  7.1  0.56  180.0  25.7
030420261727  0.711  3.0  166.7  7.1  0.48  183.3  25.7
030420261728  0.715  2.9  168.6  7.1  0.45  178.4  25.7
030420261729  0.719  3.1  170.4  7.1  0.51  183.2  25.7
030420261730  0.723  3.0  169.3  7.1  0.58  182.4  25.7
030420261731  0.726  2.9  171.6  7.1  0.62  178.5  25.7
030420261732  0.730  2.9  171.9  7.1  0.63  175.8  25.7
030420261733  0.733  2.6  170.1  7.1  0.71  181.6  25.7
030420261734  0.736  2.4  170.6  7.1  0.77  179.5  25.7
030420261735  0.741  2.5  166.6  7.1  0.70  180.0  25.7
030420261736  0.746  2.4  162.1  7.1  0.60  177.2  25.7
030420261737  0.750  2.3  161.5  7.1  0.56  178.8  25.7
030420261738  0.755  2.2  163.7  7.1  0.67  175.3  25.7
030420261739  0.758  2.1  161.1  3.7  0.61  173.3  25.7
030420261740  0.764  2.2  163.6  6.7  0.59  174.4  25.7
030420261741  0.769  2.5  164.3  6.7  0.54  176.2  25.7
030420261742  0.775  2.6  164.1  6.7  0.70  174.6  25.7
030420261743  0.778  2.8  163.6  6.7  0.61  176.0  25.7
030420261744  0.783  3.0  166.0  6.7  0.58  182.0  25.7
030420261745  0.787  3.4  173.3  7.8  0.57  183.1  25.7
030420261746  0.790  3.6  174.7  7.8  0.57  183.6  25.7
030420261747  0.794  3.6  174.8  7.8  0.50  182.2  25.7
030420261748  0.799  3.6  170.8  7.8  0.61  183.8  25.7
030420261749  0.803  3.8  170.4  7.8  0.64  181.5  25.7
030420261750  0.807  4.0  169.4  7.8  0.68  184.0  25.7
030420261751  0.811  4.0  168.7  7.8  0.57  188.8  25.7
030420261752  0.816  4.1  169.9  7.8  0.58  190.0  25.7
030420261753  0.819  4.1  170.0  7.8  0.56  187.4  25.7
030420261754  0.825  3.9  168.2  7.8  0.64  190.5  25.7
030420261755  0.830  3.7  163.8  7.4  0.55  188.8  25.7
030420261756  0.836  3.7  164.5  7.4  0.61  188.5  25.7
030420261757  0.841  4.0  165.3  7.4  0.56  181.1  25.7
030420261758  0.847  4.3  168.5  7.4  0.58  183.7  25.7
030420261759  0.853  4.2  169.1  6.5  0.57  190.2  25.7
030420261800  0.858  4.0  167.8  6.5  0.79  188.6  25.7
030420261801  0.864  3.8  166.3  6.4  0.65  189.1  25.7
030420261802  0.869  3.7  162.9  6.4  0.56  188.0  25.7
030420261803  0.876  3.6  162.5  6.4  0.66  188.6  25.7
030420261804  0.880  3.6  159.6  6.4  0.49  188.6  25.7
030420261805  0.886  3.8  153.4  12.7  0.53  186.6  25.7
030420261806  0.893  4.1  149.6  12.7  0.61  191.1  25.7
030420261807  0.900  3.9  146.2  12.7  0.65  187.6  25.7
030420261808  0.906  4.1  143.6  12.7  0.63  190.2  25.7
030420261809  0.912  4.4  145.0  12.7  0.74  189.4  25.7
030420261810  0.918  4.3  144.9  12.7  0.63  189.3  25.7
030420261811  0.925  4.3  141.9  12.7  0.70  188.7  25.7
030420261812  0.931  4.2  139.7  12.7  0.65  187.8  25.7
030420261813  0.937  4.2  134.9  12.7  0.74  185.8  25.7
030420261814  0.944  3.9  133.7  12.7  0.83  186.0  25.7
030420261815  0.951  3.5  127.4  10.2  0.80  185.7  25.7
030420261816  0.957  3.1  122.6  10.2  0.84  184.5  25.7
030420261817  0.965  2.8  122.1  10.2  0.69  182.8  25.7
030420261818  0.972  2.4  106.3  9.5  0.68  182.3  25.7
030420261819  0.980  2.4  85.8  7.2  0.73  182.8  25.7
030420261820  0.987  2.4  81.2  7.2  0.80  183.9  25.7
030420261821  0.994  2.0  75.7  7.2  0.88  178.6  25.7
030420261822  1.001  1.9  72.0  7.2  0.78  177.5  25.7
030420261823  1.009  1.7  72.6  7.2  0.85  181.5  25.7
030420261824  1.017  1.3  77.9  7.2  0.80  177.4  25.7
030420261825  1.024  0.8  71.7  5.3  0.86  177.8  25.7
030420261826  1.032  0.6  88.4  5.3  0.78  174.0  25.7
030420261827  1.039  0.4  99.6  5.3  0.94  182.1  25.7
030420261828  1.046  0.4  168.5  5.3  0.83  181.7  25.7
030420261829  1.053  0.8  175.2  5.3  0.86  180.2  25.7
030420261830  1.060  1.1  186.3  5.3  0.81  181.8  25.7
030420261831  1.066  1.5  176.1  6.2  0.90  179.7  25.7
030420261832  1.072  1.9  173.3  6.2  0.94  178.8  25.7
030420261833  1.078  2.1  177.6  6.2  0.85  179.8  25.7
030420261834  1.083  2.3  175.6  6.2  0.97  179.9  25.7
030420261835  1.089  2.8  173.0  6.2  1.01  181.6  25.7
030420261836  1.094  2.7  168.8  6.2  0.93  179.1  25.7
030420261837  1.099  2.9  162.1  6.2  0.96  179.4  25.7
030420261838  1.103  2.9  159.2  6.2  1.01  180.4  25.7
030420261839  1.108  2.8  156.3  6.2  0.92  176.9  25.7
030420261840  1.113  2.7  153.0  6.2  1.07  182.3  25.7
030420261841  1.119  2.5  149.8  5.7  0.88  180.4  25.7
030420261842  1.124  2.3  149.8  5.7  0.98  182.2  25.7
030420261843  1.128  2.3  146.3  5.7  0.89  178.0  25.7
030420261844  1.132  2.1  145.2  4.5  0.85  179.9  25.7
030420261845  1.136  2.0  155.7  5.2  0.97  179.5  25.7
030420261846  1.141  2.4  173.7  9.9  0.94  181.3  25.7
030420261847  1.144  2.9  184.1  10.1  0.85  177.9  25.7
030420261848  1.150  3.6  187.6  10.1  0.84  179.8  25.7
030420261849  1.154  4.5  192.4  10.1  0.94  179.2  25.7
030420261850  1.158  5.2  194.7  10.1  0.83  181.3  25.7
030420261851  1.163  5.9  197.7  11.0  0.85  181.1  25.7
030420261852  1.168  6.7  199.7  11.0  0.67  180.3  25.7
030420261853  1.171  7.5  201.2  11.0  0.75  178.1  25.7
030420261854  1.177  8.0  200.1  11.0  0.79  180.1  25.7
030420261855  1.181  8.3  199.4  11.0  0.74  180.7  25.7
030420261856  1.186  8.2  199.5  11.0  0.84  178.4  25.7
030420261857  1.191  8.2  200.1  11.1  0.83  176.1  25.7
030420261858  1.195  8.3  201.4  11.1  0.82  174.1  25.7
030420261859  1.200  8.3  201.9  11.6  0.81  174.9  25.7
030420261900  1.204  8.5  202.0  11.6  0.93  176.6  25.7
030420261901  1.209  8.5  201.9  11.6  0.77  178.7  25.6
030420261902  1.214  8.3  201.1  11.6  0.92  180.9  25.6
030420261903  1.217  8.1  200.9  11.6  0.73  177.8  25.6
030420261904  1.220  8.1  202.2  11.6  0.76  174.7  25.6
030420261905  1.225  8.0  201.9  11.6  0.81  174.0  25.6
030420261906  1.229  7.9  201.1  11.6  0.85  177.3  25.6
030420261907  1.232  7.7  200.2  11.6  0.77  174.6  25.6
030420261908  1.236  7.6  200.4  11.6  0.79  173.5  25.6
030420261909  1.239  7.6  199.8  10.8  0.66  173.9  25.6
030420261910  1.243  7.6  199.4  10.9  0.75  178.3  25.6
030420261911  1.246  7.5  199.4  10.9  0.74  180.0  25.6
030420261912  1.250  7.6  200.6  10.9  0.79  179.6  25.6
030420261913  1.253  7.6  200.0  10.9  0.65  177.7  25.6
030420261914  1.256  7.7  200.0  10.9  0.56  176.3  25.6
030420261915  1.260  7.9  200.2  10.9  0.66  180.9  25.6
030420261916  1.264  8.2  200.6  10.9  0.66  176.8  25.6
030420261917  1.269  8.3  201.5  10.9  0.73  183.3  25.6
030420261918  1.274  8.3  200.5  10.9  0.67  182.4  25.6
030420261919  1.278  8.1  200.2  10.9  0.77  179.6  25.6
030420261920  1.283  7.7  200.7  10.8  0.79  177.4  25.6
030420261921  1.289  7.6  200.9  10.8  0.77  178.0  25.6
030420261922  1.293  7.6  201.1  13.0  0.77  177.9  25.6
030420261923  1.297  7.6  201.5  13.0  0.85  179.1  25.6
030420261924  1.303  7.4  201.0  13.0  0.82  178.2  25.6
030420261925  1.308  7.2  199.7  13.0  0.85  178.9  25.6
030420261926  1.313  6.9  196.8  13.0  0.78  182.6  25.6
030420261927  1.318  6.6  193.2  13.0  0.78  184.5  25.6
030420261928  1.322  6.3  191.8  13.0  0.84  180.8  25.6
030420261929  1.325  5.9  191.2  13.0  0.84  180.4  25.6
030420261930  1.330  5.7  189.4  13.0  0.92  184.9  25.6
030420261931  1.335  5.4  188.0  13.0  0.81  178.2  25.6
030420261932  1.341  5.1  183.4  8.9  0.78  183.1  25.6
030420261933  1.346  4.7  178.8  8.3  0.92  180.6  25.6
030420261934  1.352  4.2  173.9  8.0  0.84  179.2  25.6
030420261935  1.356  3.9  171.7  7.2  0.86  174.5  25.6
030420261936  1.361  3.4  167.6  7.0  0.67  173.9  25.6
030420261937  1.364  2.9  164.9  7.0  0.87  174.7  25.6
030420261938  1.368  2.5  161.3  7.0  0.93  182.6  25.6
030420261939  1.372  2.2  165.8  7.0  0.79  178.1  25.6
030420261940  1.377  2.1  165.3  7.0  0.80  173.6  25.6
030420261941  1.379  2.1  158.9  7.0  0.88  174.3  25.6
030420261942  1.383  1.8  156.3  7.0  0.79  174.5  25.6
030420261943  1.387  1.7  161.9  5.5  0.70  170.6  25.6
030420261944  1.389  1.9  172.3  5.5  0.83  173.0  25.6
030420261945  1.393  1.9  174.4  5.5  0.88  175.4  25.6
030420261946  1.397  1.8  170.4  5.5  0.93  172.9  25.6
030420261947  1.400  1.8  171.4  5.5  0.97  176.2  25.6
030420261948  1.403  1.8  163.1  5.5  0.87  171.8  25.6
030420261949  1.408  2.0  155.2  5.5  0.85  174.3  25.6
030420261950  1.412  2.0  152.4  5.5  0.85  175.8  25.6
030420261951  1.414  2.2  152.8  7.1  0.84  172.7  25.6
030420261952  1.418  2.5  155.9  7.2  0.84  172.7  25.6
030420261953  1.422  2.7  158.7  7.2  0.79  167.3  25.6
030420261954  1.425  2.8  159.1  7.2  0.79  170.9  25.6
030420261955  1.428  3.1  164.4  8.6  0.71  168.5  25.6
030420261956  1.432  3.6  170.9  9.1  0.83  170.7  25.6
030420261957  1.435  4.0  172.9  9.1  0.85  168.2  25.6
030420261958  1.440  4.7  179.1  9.1  0.75  170.4  25.6
030420261959  1.442  4.9  177.6  9.1  0.84  179.4  25.6
030420262000  1.444  5.0  178.6  9.1  0.74  171.5  25.6
030420262001  1.449  5.0  181.3  9.1  0.70  171.0  25.6
030420262002  1.451  5.2  185.4  9.9  0.75  176.8  25.6
030420262003  1.455  5.4  185.4  9.9  0.79  174.3  25.6
030420262004  1.457  5.4  184.7  9.9  0.84  177.2  25.6
030420262005  1.461  5.3  185.4  9.9  0.78  172.8  25.6
030420262006  1.465  5.5  189.7  9.9  0.76  170.6  25.6
030420262007  1.469  5.8  192.1  9.9  0.82  168.7  25.6
030420262008  1.472  6.1  191.9  13.1  0.73  175.6  25.6
030420262009  1.475  6.4  192.3  13.1  0.79  178.7  25.6
030420262010  1.479  6.7  191.4  13.1  0.77  178.8  25.6
030420262011  1.481  7.1  190.2  15.1  0.64  172.5  25.6
030420262012  1.483  7.3  186.4  15.1  0.73  169.0  25.6
030420262013  1.487  7.6  185.9  15.8  0.65  169.9  25.6
030420262014  1.489  7.6  185.0  15.8  0.71  173.0  25.6
030420262015  1.493  7.7  184.1  15.8  0.69  172.0  25.6
030420262016  1.496  7.9  182.0  15.8  0.73  172.7  25.6
030420262017  1.499  8.1  180.8  15.8  0.61  173.4  25.6
030420262018  1.503  8.1  181.2  15.8  0.68  179.5  25.6
030420262019  1.506  8.5  181.9  15.8  0.83  177.9  25.6
030420262020  1.510  8.9  183.7  15.8  0.76  175.4  25.6
030420262021  1.512  8.6  183.1  15.8  0.69  173.1  25.6
030420262022  1.515  8.4  185.1  15.8  0.70  178.2  25.6
030420262023  1.518  8.2  185.2  14.1  0.71  170.5  25.6
030420262024  1.521  8.3  186.4  14.1  0.69  173.0  25.6
030420262025  1.522  8.2  186.4  14.1  0.71  177.5  25.6
030420262026  1.525  7.9  186.6  14.1  0.70  175.3  25.6
030420262027  1.526  7.6  187.3  14.1  0.74  177.8  25.6
030420262028  1.528  7.1  187.2  13.0  0.63  173.7  25.6
030420262029  1.530  6.8  189.1  13.0  0.66  174.4  25.6
030420262030  1.532  6.4  188.0  10.6  0.61  174.8  25.6
030420262031  1.534  6.5  190.4  10.6  0.58  172.9  25.6
030420262032  1.535  6.4  190.8  9.6  0.60  172.2  25.6
030420262033  1.537  6.5  191.6  9.8  0.65  169.3  25.6
030420262034  1.538  6.4  191.4  9.8  0.67  168.6  25.6
030420262035  1.540  6.5  190.1  9.8  0.80  176.7  25.6
030420262036  1.541  6.7  189.8  9.8  0.76  172.5  25.6
030420262037  1.543  6.7  189.9  9.8  0.72  173.1  25.6
030420262038  1.545  6.7  188.0  9.8  0.68  173.5  25.6
030420262039  1.545  6.9  186.5  9.8  0.51  163.7  25.6
030420262040  1.547  6.7  185.9  9.8  0.55  174.9  25.6
030420262041  1.549  6.8  185.7  10.0  0.62  177.0  25.6
030420262042  1.550  7.0  185.3  10.0  0.59  172.2  25.6
030420262043  1.552  7.0  184.9  10.8  0.62  181.2  25.6
030420262044  1.555  7.2  186.2  10.8  0.54  174.6  25.6
030420262045  1.558  7.3  188.5  10.8  0.63  176.5  25.6
030420262046  1.560  7.5  189.8  11.9  0.63  178.6  25.6
030420262047  1.561  7.8  189.7  12.0  0.62  182.4  25.6
030420262048  1.564  8.1  192.4  12.0  0.56  177.8  25.6
030420262049  1.566  8.2  193.2  12.5  0.61  176.1  25.6
030420262050  1.566  8.4  193.9  12.5  0.56  177.6  25.6
030420262051  1.567  8.5  193.8  12.5  0.60  176.4  25.6
030420262052  1.569  8.4  193.8  12.5  0.44  176.3  25.6
030420262053  1.570  8.2  193.9  12.5  0.62  179.4  25.6
030420262054  1.572  8.1  194.8  12.5  0.60  180.7  25.6
030420262055  1.573  8.1  194.4  12.5  0.47  175.3  25.6
030420262056  1.575  8.0  192.9  12.5  0.52  184.5  25.6
030420262057  1.576  7.8  193.9  12.5  0.57  183.1  25.6
030420262058  1.578  7.7  193.3  12.5  0.55  176.7  25.6
030420262059  1.580  7.5  193.5  10.6  0.59  182.6  25.6
030420262100  1.580  7.4  194.6  10.6  0.57  177.3  25.6
030420262101  1.581  7.2  194.1  10.6  0.56  181.8  25.6
030420262102  1.581  7.0  194.3  10.6  0.58  183.8  25.6
030420262103  1.583  6.9  195.0  10.6  0.58  181.0  25.6
030420262104  1.584  6.9  193.7  10.6  0.57  177.5  25.6
030420262105  1.584  6.8  193.6  10.6  0.47  173.9  25.6
030420262106  1.585  6.7  196.3  9.8  0.59  183.0  25.6
030420262107  1.585  6.6  195.8  8.6  0.59  180.7  25.6
030420262108  1.586  6.5  195.2  8.1  0.60  176.4  25.6
030420262109  1.586  6.5  194.1  8.1  0.51  175.1  25.6
030420262110  1.588  6.5  192.8  8.1  0.62  178.7  25.6
030420262111  1.589  6.7  192.9  9.6  0.56  173.8  25.6
030420262112  1.589  7.0  193.1  10.8  0.65  179.4  25.6
030420262113  1.590  7.2  191.8  10.8  0.57  176.9  25.6
030420262114  1.590  7.2  191.4  10.8  0.60  179.8  25.6
030420262115  1.591  7.3  191.1  10.8  0.50  176.0  25.6
030420262116  1.592  7.3  189.2  10.8  0.52  179.5  25.6
030420262117  1.593  7.2  188.7  10.8  0.62  177.6  25.6
030420262118  1.593  7.1  188.7  10.8  0.56  170.8  25.6
030420262119  1.595  6.9  188.8  10.8  0.49  180.2  25.6
030420262120  1.596  6.8  188.7  10.8  0.60  182.8  25.6
030420262121  1.595  6.5  188.7  10.8  0.45  172.5  25.6
030420262122  1.596  6.2  187.5  8.2  0.63  174.9  25.6
030420262123  1.595  6.0  188.2  8.2  0.61  179.6  25.6
030420262124  1.595  5.7  188.5  8.2  0.47  173.3  25.6
030420262125  1.595  5.6  189.4  8.2  0.48  178.9  25.6
030420262126  1.595  5.4  190.8  6.9  0.57  174.7  25.6
030420262127  1.595  5.4  191.4  6.9  0.50  168.6  25.6
030420262128  1.595  5.3  191.5  6.8  0.45  176.6  25.6
030420262129  1.592  5.0  191.3  6.8  0.40  175.2  25.6
030420262130  1.592  4.7  190.1  6.8  0.50  184.7  25.6
030420262131  1.592  4.6  189.8  7.0  0.44  181.4  25.6
030420262132  1.591  4.6  190.8  7.0  0.44  177.4  25.6
030420262133  1.590  4.5  191.6  7.0  0.48  174.6  25.6
030420262134  1.590  4.7  191.4  7.6  0.39  183.4  25.6
030420262135  1.589  4.8  190.4  7.6  0.53  178.2  25.6
030420262136  1.588  4.6  190.3  7.6  0.39  172.8  25.6
030420262137  1.585  4.5  190.6  7.6  0.45  171.1  25.6
030420262138  1.585  4.5  191.0  7.6  0.30  174.5  25.6
030420262139  1.584  4.6  191.8  7.6  0.32  170.9  25.6
030420262140  1.582  5.0  193.3  7.6  0.34  166.3  25.6
030420262141  1.581  5.0  194.8  7.6  0.46  175.1  25.6
030420262142  1.580  5.0  195.5  7.6  0.40  168.0  25.6
030420262143  1.580  5.0  195.6  7.6  0.36  161.2  25.6
030420262144  1.579  4.9  194.6  7.6  0.44  166.3  25.6
030420262145  1.577  4.7  193.8  7.6  0.39  161.9  25.6
030420262146  1.576  4.7  194.1  7.6  0.41  166.4  25.6
030420262147  1.575  4.8  193.3  7.6  0.33  157.8  25.6
030420262148  1.573  4.9  194.9  7.6  0.39  165.5  25.6
030420262149  1.572  5.1  197.1  7.7  0.40  177.2  25.6
030420262150  1.571  5.2  197.5  7.7  0.33  167.4  25.6
030420262151  1.569  5.2  197.0  7.7  0.37  169.0  25.6
030420262152  1.567  5.4  198.8  7.7  0.42  173.0  25.6
030420262153  1.566  5.8  198.9  10.0  0.40  166.6  25.6
030420262154  1.565  6.0  201.2  10.0  0.39  162.1  25.6
030420262155  1.564  6.4  203.8  10.0  0.44  174.2  25.6
030420262156  1.563  6.9  205.1  10.4  0.43  175.9  25.6
030420262157  1.561  7.2  207.2  10.4  0.32  171.6  25.6
030420262158  1.558  7.4  206.9  10.4  0.31  172.5  25.6
030420262159  1.557  7.6  206.7  10.4  0.24  145.3  25.6
030420262200  1.555  7.9  207.3  10.4  0.31  164.1  25.6
030420262201  1.553  8.1  206.8  10.4  0.21  165.4  25.6
030420262202  1.551  8.2  205.8  10.4  0.31  172.7  25.6
030420262203  1.549  8.0  205.3  10.4  0.30  168.2  25.6
030420262204  1.547  8.0  205.2  10.4  0.36  172.7  25.6
030420262205  1.545  7.9  204.7  10.4  0.37  186.1  25.6
030420262206  1.543  7.9  203.7  10.2  0.28  174.6  25.6
030420262207  1.541  7.6  201.9  10.2  0.45  173.9  25.6
030420262208  1.539  7.7  201.4  10.2  0.32  166.4  25.6
030420262209  1.537  7.5  200.1  10.2  0.41  182.1  25.6
030420262210  1.536  7.3  199.3  10.2  0.37  171.1  25.6
030420262211  1.534  7.5  200.6  12.9  0.32  180.8  25.6
030420262212  1.531  7.8  200.8  12.9  0.38  177.7  25.6
030420262213  1.528  7.8  201.0  12.9  0.31  168.1  25.6
030420262214  1.525  7.8  199.7  12.9  0.23  153.7  25.6
030420262215  1.522  7.8  197.0  12.9  0.31  169.6  25.6
030420262216  1.518  7.8  194.9  12.9  0.15  166.0  25.6
030420262217  1.516  7.8  194.8  12.9  0.15  180.2  25.6
030420262218  1.512  7.6  194.3  12.9  0.25  173.1  25.6
030420262219  1.509  7.5  194.2  12.9  0.16  166.8  25.6
030420262220  1.505  7.6  192.1  12.9  0.22  176.9  25.6
030420262221  1.501  7.1  189.1  11.9  0.16  176.8  25.6
030420262222  1.497  6.8  185.6  10.4  0.30  183.6  25.6
030420262223  1.492  6.8  183.6  10.4  0.13  153.1  25.6
030420262224  1.489  6.7  182.8  10.4  0.23  167.9  25.6
030420262225  1.485  6.7  183.9  10.9  0.12  165.1  25.6
030420262226  1.480  6.9  186.6  13.5  0.10  121.2  25.6
030420262227  1.475  7.1  187.8  13.5  0.21  158.1  25.6
030420262228  1.471  7.4  187.6  13.5  0.18  162.6  25.6
030420262229  1.467  7.6  188.6  13.5  0.26  168.3  25.6
030420262230  1.462  7.7  190.3  13.5  0.23  165.2  25.6
030420262231  1.460  8.0  192.3  13.5  0.21  159.2  25.6
030420262232  1.456  8.4  193.9  13.5  0.23  158.5  25.6
030420262233  1.453  8.6  193.8  13.5  0.19  165.3  25.6
030420262234  1.450  8.7  194.9  13.5  0.12  163.9  25.6
030420262235  1.447  9.0  196.7  13.5  0.09  129.7  25.6
030420262236  1.443  9.0  197.0  12.4  0.05  109.9  25.6
030420262237  1.440  9.2  198.1  12.7  0.08  174.2  25.6
030420262238  1.438  9.3  198.5  12.7  0.10  141.0  25.6
030420262239  1.437  9.3  198.1  12.7  0.12  155.8  25.6
030420262240  1.435  9.2  198.4  12.7  0.07  116.9  25.6
030420262241  1.432  9.0  197.9  12.7  0.09  151.3  25.6
030420262242  1.430  8.7  198.6  12.7  0.06  212.2  25.6
030420262243  1.427  8.6  201.4  12.7  0.04  162.1  25.6
030420262244  1.424  8.7  201.7  12.7  0.06  105.9  25.6
030420262245  1.422  8.4  200.7  12.7  0.10  166.8  25.6
030420262246  1.419  8.0  199.3  12.7  0.16  178.8  25.6
030420262247  1.417  7.6  197.5  10.5  0.21  186.8  25.6
030420262248  1.414  7.5  197.5  9.5  0.14  172.6  25.6
030420262249  1.412  7.3  197.3  9.8  0.07  123.6  25.6
030420262250  1.409  7.4  197.9  9.8  0.12  173.7  25.6
030420262251  1.405  7.4  197.1  9.8  0.07  117.0  25.6
030420262252  1.403  7.5  196.1  9.8  0.08  165.2  25.6
030420262253  1.400  7.7  194.2  9.8  0.13  145.0  25.6
030420262254  1.396  7.7  193.7  10.0  0.07  173.0  25.6
030420262255  1.393  7.5  193.0  10.0  0.09  177.7  25.6
030420262256  1.387  7.7  192.2  10.0  0.04  19.5  25.6
030420262257  1.384  7.8  190.8  10.0  0.04  15.7  25.6
030420262258  1.380  7.8  189.5  10.0  0.13  190.0  25.6
030420262259  1.378  7.8  190.2  10.0  0.02  359.7  25.6
030420262300  1.374  7.7  189.0  10.0  0.11  26.1  25.6
030420262301  1.369  7.8  189.1  10.2  0.04  169.8  25.6
030420262302  1.366  7.8  188.8  10.2  0.02  345.6  25.6
030420262303  1.361  7.8  187.8  10.6  0.06  52.5  25.6
030420262304  1.358  7.9  186.3  10.8  0.07  30.0  25.6
030420262305  1.353  8.0  185.7  10.8  0.05  43.7  25.6
030420262306  1.347  8.2  185.3  12.2  0.15  18.7  25.6
030420262307  1.344  8.4  184.5  13.8  0.09  20.1  25.6
030420262308  1.339  8.8  184.1  15.0  0.10  23.8  25.6
030420262309  1.336  9.1  182.9  15.0  0.10  21.3  25.6
030420262310  1.332  9.4  183.4  15.0  0.13  10.0  25.6
030420262311  1.329  9.4  184.2  15.0  0.08  312.5  25.6
030420262312  1.325  9.5  185.6  15.0  0.13  6.5  25.6
030420262313  1.321  9.5  186.1  15.0  0.13  3.0  25.6
030420262314  1.318  9.4  187.3  15.0  0.16  357.0  25.6
030420262315  1.314  9.4  188.7  15.0  0.18  11.3  25.6
030420262316  1.310  9.4  190.2  15.0  0.22  6.0  25.6
030420262317  1.308  9.6  193.2  15.0  0.19  0.6  25.6
030420262318  1.304  9.5  195.7  14.0  0.14  344.2  25.6
030420262319  1.301  9.8  198.1  14.5  0.17  340.4  25.6
030420262320  1.299  10.1  199.4  14.5  0.19  349.5  25.6
030420262321  1.293  10.3  199.3  14.5  0.14  357.5  25.6
030420262322  1.290  10.4  199.3  14.5  0.16  345.0  25.6
030420262323  1.287  10.7  201.3  14.5  0.29  357.3  25.6
030420262324  1.283  10.7  202.9  14.5  0.13  4.1  25.6
030420262325  1.280  10.8  204.0  14.5  0.24  2.6  25.6
030420262326  1.276  10.6  204.4  14.5  0.09  355.1  25.6
030420262327  1.272  10.3  204.6  14.5  0.25  357.0  25.6
030420262328  1.267  10.2  204.5  14.5  0.24  343.4  25.6
030420262329  1.264  9.9  202.9  13.9  0.23  353.9  25.6
030420262330  1.258  9.8  201.8  12.4  0.26  358.3  25.6
030420262331  1.253  9.7  201.8  12.4  0.32  357.1  25.6
030420262332  1.249  9.4  201.3  12.4  0.29  3.0  25.6
030420262333  1.244  9.2  199.1  12.4  0.30  11.1  25.6
030420262334  1.239  9.2  197.4  12.4  0.26  10.0  25.6
030420262335  1.234  9.0  195.7  12.4  0.31  5.6  25.6
030420262336  1.229  9.0  194.9  12.4  0.24  4.9  25.6
030420262337  1.224  8.9  194.0  12.4  0.31  1.3  25.6
030420262338  1.218  8.7  193.0  12.4  0.51  7.0  25.6
030420262339  1.212  8.6  193.3  12.4  0.45  6.1  25.6
030420262340  1.204  8.1  192.3  12.3  0.39  9.7  25.6
030420262341  1.199  8.0  192.5  11.4  0.52  3.4  25.6
030420262342  1.192  8.5  193.3  13.5  0.55  0.4  25.6
030420262343  1.187  8.7  194.9  14.6  0.61  9.1  25.6
030420262344  1.183  9.0  194.9  14.6  0.53  4.6  25.6
030420262345  1.179  9.5  195.6  18.1  0.68  3.4  25.6
030420262346  1.172  10.4  196.4  18.1  0.55  358.4  25.6
030420262347  1.167  10.7  195.5  18.1  0.55  357.0  25.6
030420262348  1.162  11.2  195.7  18.1  0.49  358.8  25.6
030420262349  1.155  11.7  195.8  18.1  0.61  3.4  25.6
030420262350  1.150  12.4  196.2  18.1  0.54  9.4  25.6
030420262351  1.144  12.7  195.2  18.1  0.56  3.6  25.6
030420262352  1.139  12.9  193.6  18.1  0.59  5.5  25.6
030420262353  1.132  13.0  192.2  18.1  0.60  7.8  25.6
030420262354  1.126  12.9  191.4  18.1  0.65  9.5  25.6
030420262355  1.121  12.7  190.2  17.7  0.70  11.1  25.6
030420262356  1.115  12.1  188.9  17.3  0.62  14.3  25.6
030420262357  1.109  12.2  189.0  17.3  0.76  10.7  25.6
030420262358  1.104  12.1  189.5  17.3  0.69  18.5  25.6
030420262359  1.099  11.7  189.4  17.3  0.87  11.5  25.6
040420260000  1.094  11.4  188.9  17.3  0.91  15.5  25.6
040420260001  1.089  11.1  190.3  17.3  0.83  13.0  25.6
040420260002  1.084  10.8  192.8  15.7  0.82  12.0  25.6
040420260003  1.080  10.8  194.6  13.9  0.95  12.5  25.6
040420260004  1.075  10.7  195.6  13.9  0.83  12.0  25.6
040420260005  1.069  10.5  197.0  13.9  0.91  13.2  25.6
040420260006  1.064  10.2  197.4  13.9  0.84  11.3  25.6
040420260007  1.059  10.0  198.2  14.7  0.90  13.6  25.6
040420260008  1.053  9.7  198.4  14.7  0.80  15.2  25.6
040420260009  1.048  9.6  198.8  14.7  0.97  12.3  25.6
040420260010  1.042  9.5  199.9  14.7  0.91  11.6  25.6
040420260011  1.036  9.3  199.2  14.7  0.88  11.7  25.6
040420260012  1.029  8.7  199.1  14.7  0.96  10.1  25.6
040420260013  1.023  7.9  198.5  14.7  0.92  9.4  25.6
040420260014  1.018  7.4  199.6  14.7  0.91  7.9  25.6
040420260015  1.012  7.1  197.9  14.7  0.93  10.5  25.6
040420260016  1.006  6.9  199.1  14.7  0.91  10.4  25.6
040420260017  1.000  6.5  199.0  11.4  0.97  8.5  25.6
040420260018  0.995  6.2  198.8  11.4  0.98  11.5  25.6
040420260019  0.989  5.9  200.1  11.4  1.05  11.9  25.6
040420260020  0.983  5.5  201.2  9.6  1.03  12.9  25.6
040420260021  0.978  5.2  204.1  7.5  0.88  15.6  25.6
040420260022  0.972  5.1  203.7  7.5  0.96  16.1  25.6
040420260023  0.969  5.2  204.0  7.5  0.87  16.8  25.6
040420260024  0.964  5.2  204.9  7.5  1.02  17.1  25.6
040420260025  0.958  5.2  209.1  7.0  0.82  16.0  25.6
040420260026  0.953  5.2  211.2  7.0  0.90  18.9  25.6
040420260027  0.950  5.0  214.3  6.5  0.94  14.1  25.6
040420260028  0.945  5.0  216.9  6.7  0.88  18.8  25.6
040420260029  0.941  5.1  216.8  6.9  0.92  19.2  25.6
040420260030  0.938  5.1  218.2  6.9  0.84  17.4  25.6
040420260031  0.933  5.2  219.6  7.0  0.81  18.2  25.6
040420260032  0.930  5.4  221.1  7.4  0.89  14.0  25.6
040420260033  0.925  5.7  221.5  8.2  0.74  19.8  25.6
040420260034  0.921  5.8  221.8  8.2  0.80  15.6  25.6
040420260035  0.918  6.0  221.3  8.2  0.82  17.2  25.6
040420260036  0.914  6.3  220.7  8.5  0.73  18.1  25.6
040420260037  0.912  6.5  220.7  8.5  0.83  16.1  25.6
040420260038  0.908  6.7  221.1  8.5  0.82  25.6  25.6
040420260039  0.905  6.9  221.6  8.5  0.72  20.6  25.6
040420260040  0.901  7.0  220.6  8.5  0.75  18.7  25.6
040420260041  0.898  7.1  218.9  8.5  0.80  19.5  25.5
040420260042  0.894  7.1  216.4  8.5  0.84  14.4  25.5
040420260043  0.888  7.0  214.5  8.5  0.74  20.0  25.5
040420260044  0.885  6.8  212.9  8.5  0.91  19.0  25.5
040420260045  0.879  6.8  210.9  8.5  0.77  19.8  25.5
040420260046  0.875  6.5  209.3  8.5  0.87  15.3  25.5
040420260047  0.871  6.4  206.7  8.5  0.86  16.6  25.5
040420260048  0.867  6.2  203.8  8.5  0.85  17.1  25.5
040420260049  0.864  6.1  201.7  8.5  0.78  21.4  25.5
040420260050  0.860  5.9  200.2  8.5  0.77  18.7  25.5
040420260051  0.855  5.8  199.7  8.5  0.81  15.8  25.5
040420260052  0.851  5.6  200.4  7.0  0.77  18.5  25.5
040420260053  0.846  5.5  201.8  7.0  0.78  17.1  25.5
040420260054  0.841  5.5  202.2  7.0  0.69  14.5  25.5
040420260055  0.837  5.4  204.3  7.0  0.84  19.6  25.5
040420260056  0.832  5.5  205.7  7.0  0.82  19.3  25.5
040420260057  0.829  5.5  206.5  7.0  0.70  19.6  25.5
040420260058  0.826  5.6  207.8  7.6  0.87  18.6  25.5
040420260059  0.822  5.7  208.7  7.6  0.75  16.4  25.5
040420260100  0.819  5.8  209.4  7.6  0.86  19.4  25.5
040420260101  0.814  5.8  209.6  7.6  0.76  17.4  25.5
040420260102  0.811  5.7  210.6  7.6  0.69  18.0  25.5
040420260103  0.807  5.6  210.4  7.6  0.84  17.0  25.5
040420260104  0.803  5.7  209.5  7.6  0.77  15.5  25.5
040420260105  0.799  5.6  207.6  7.6  0.70  14.5  25.5
040420260106  0.794  5.5  205.5  7.6  0.76  16.9  25.5
040420260107  0.791  5.3  203.5  7.6  0.74  19.6  25.5
040420260108  0.787  5.3  200.7  7.0  0.78  20.0  25.5
040420260109  0.784  5.2  198.5  7.0  0.72  18.7  25.5
040420260110  0.780  5.1  195.4  6.7  0.74  17.0  25.5
040420260111  0.776  5.1  193.5  6.7  0.76  18.2  25.5
040420260112  0.773  5.2  190.7  7.0  0.82  16.8  25.5
040420260113  0.769  5.3  190.3  7.0  0.76  15.5  25.5
040420260114  0.764  5.3  189.6  7.0  0.83  17.7  25.5
040420260115  0.760  5.5  191.0  8.1  0.88  17.5  25.5
040420260116  0.755  5.8  192.5  8.1  0.82  17.3  25.5
040420260117  0.752  6.1  193.5  10.3  0.66  20.4  25.5
040420260118  0.747  6.2  195.0  10.3  0.75  17.4  25.5
040420260119  0.744  6.4  195.8  10.3  0.73  19.8  25.5
040420260120  0.739  6.7  197.2  10.3  0.68  18.3  25.5
040420260121  0.735  6.9  197.2  10.3  0.72  18.3  25.5
040420260122  0.730  6.9  197.2  10.3  0.75  19.2  25.5
040420260123  0.724  7.0  196.9  10.3  0.82  16.3  25.5
040420260124  0.718  7.1  196.9  10.3  0.80  17.8  25.5
040420260125  0.712  7.1  195.4  10.3  0.79  18.5  25.5
040420260126  0.706  7.0  194.1  10.3  0.83  14.2  25.5
040420260127  0.701  6.9  194.3  9.0  0.88  16.5  25.5
040420260128  0.694  6.9  194.0  9.0  0.86  17.1  25.5
040420260129  0.688  7.1  194.4  10.4  0.83  12.9  25.5
040420260130  0.682  7.3  195.2  12.3  0.92  13.8  25.5
040420260131  0.676  7.6  195.0  12.9  0.80  16.9  25.5
040420260132  0.670  7.8  194.8  12.9  0.89  15.4  25.5
040420260133  0.665  8.0  194.3  12.9  0.86  17.3  25.5
040420260134  0.659  8.2  193.8  12.9  0.88  13.9  25.5
040420260135  0.652  8.4  194.4  12.9  0.77  15.6  25.5
040420260136  0.647  8.7  195.8  12.9  0.93  12.5  25.5
040420260137  0.642  9.1  196.7  12.9  0.99  14.5  25.5
040420260138  0.637  9.3  197.0  12.9  0.87  15.4  25.5
040420260139  0.633  9.2  196.6  12.9  0.86  14.0  25.5
040420260140  0.628  8.9  196.5  12.9  0.87  12.2  25.5
040420260141  0.622  8.7  198.4  11.9  0.87  12.2  25.5
040420260142  0.618  8.6  200.1  11.9  0.85  17.8  25.5
040420260143  0.614  8.4  201.2  11.9  0.91  15.0  25.5
040420260144  0.607  8.3  202.8  11.9  0.92  12.4  25.5
040420260145  0.602  8.2  204.6  11.9  0.89  15.7  25.5
040420260146  0.599  8.1  205.1  11.4  0.97  15.3  25.5
040420260147  0.594  7.8  204.9  10.8  0.81  9.7  25.5
040420260148  0.589  7.7  205.2  10.0  0.89  15.6  25.5
040420260149  0.586  7.6  205.9  9.7  0.87  11.8  25.5
040420260150  0.583  7.6  205.6  9.7  0.92  14.1  25.5
040420260151  0.578  7.5  203.7  9.7  0.82  12.0  25.5
040420260152  0.576  7.6  203.6  9.7  0.78  19.2  25.5
040420260153  0.570  7.6  203.3  9.7  0.84  15.9  25.5
040420260154  0.567  7.7  203.9  9.7  0.90  15.7  25.5
040420260155  0.564  7.7  202.2  11.2  0.80  12.5  25.5
040420260156  0.560  7.7  202.6  11.2  0.80  12.0  25.5
040420260157  0.556  7.7  203.4  11.2  0.79  11.7  25.5
040420260158  0.554  7.7  203.3  11.2  0.91  14.0  25.5
040420260159  0.550  7.8  203.1  11.2  0.82  15.5  25.5
040420260200  0.545  7.9  202.9  11.2  0.83  15.6  25.5
040420260201  0.542  8.1  203.4  11.2  0.82  14.2  25.5
040420260202  0.539  8.1  203.2  11.2  0.88  13.7  25.5
040420260203  0.536  8.2  203.5  11.2  0.71  18.5  25.5
040420260204  0.532  8.2  203.5  11.2  0.81  12.9  25.5
040420260205  0.529  8.1  204.2  11.0  0.74  14.7  25.5
040420260206  0.526  8.0  204.4  11.0  0.67  22.2  25.5
040420260207  0.524  8.0  203.9  11.0  0.81  13.6  25.5
040420260208  0.521  7.9  203.8  11.0  0.71  14.7  25.5
040420260209  0.518  7.9  204.8  11.0  0.78  14.4  25.5
040420260210  0.514  7.9  205.4  10.9  0.78  13.4  25.5
040420260211  0.511  7.9  206.1  10.9  0.77  15.8  25.5
040420260212  0.509  8.0  207.1  10.9  0.72  19.5  25.5
040420260213  0.506  8.0  207.4  10.3  0.68  14.8  25.5
040420260214  0.503  8.0  206.5  10.3  0.80  14.3  25.5
040420260215  0.501  7.8  206.1  10.3  0.75  17.2  25.5
040420260216  0.497  7.9  205.8  10.3  0.82  14.6  25.5
040420260217  0.496  8.0  206.5  10.3  0.83  17.4  25.5
040420260218  0.492  8.1  206.8  10.3  0.74  13.6  25.5
040420260219  0.490  8.1  206.7  10.3  0.77  15.3  25.5
040420260220  0.488  8.2  206.3  11.2  0.87  16.0  25.5
040420260221  0.485  8.1  206.3  11.2  0.75  14.8  25.5
040420260222  0.484  7.9  205.8  11.2  0.84  12.9  25.5
040420260223  0.483  8.1  206.6  12.4  0.69  17.6  25.5
040420260224  0.480  8.1  207.7  12.4  0.71  15.3  25.5
040420260225  0.476  8.2  208.4  12.4  0.71  16.5  25.5
040420260226  0.475  8.5  209.0  12.4  0.74  15.6  25.5
040420260227  0.472  8.5  208.5  12.4  0.66  16.4  25.5
040420260228  0.471  8.6  208.3  12.4  0.80  14.3  25.5
040420260229  0.470  8.6  207.2  12.4  0.77  18.1  25.5
040420260230  0.467  8.5  207.7  12.4  0.74  18.7  25.5
040420260231  0.466  8.7  207.3  12.4  0.66  17.4  25.5
040420260232  0.463  8.6  207.0  12.4  0.70  16.3  25.5
040420260233  0.461  8.5  205.8  11.6  0.71  20.1  25.5
040420260234  0.459  8.6  205.2  12.0  0.76  16.6  25.5
040420260235  0.456  8.7  204.9  12.0  0.68  13.5  25.5
040420260236  0.454  8.5  204.3  12.0  0.84  16.9  25.5
040420260237  0.451  8.2  203.8  12.0  0.56  18.0  25.5
040420260238  0.448  8.0  203.6  12.0  0.85  19.7  25.5
040420260239  0.445  8.0  204.6  12.0  0.66  15.1  25.5
040420260240  0.443  8.1  204.4  12.0  0.71  17.1  25.5
040420260241  0.440  7.9  204.0  12.0  0.69  16.6  25.5
040420260242  0.438  7.9  204.5  12.0  0.69  13.5  25.5
040420260243  0.435  7.9  204.6  12.0  0.81  17.4  25.5
040420260244  0.430  7.7  205.4  10.4  0.76  17.3  25.5
040420260245  0.428  7.6  205.7  10.4  0.70  21.2  25.5
040420260246  0.424  7.5  204.9  10.4  0.75  13.7  25.5
040420260247  0.421  7.7  206.3  10.4  0.74  16.7  25.5
040420260248  0.418  7.9  207.3  10.5  0.73  16.7  25.5
040420260249  0.414  7.8  208.0  10.5  0.71  14.7  25.5
040420260250  0.412  7.8  208.4  10.5  0.73  17.4  25.5
040420260251  0.410  7.8  209.1  10.5  0.80  13.7  25.5
040420260252  0.408  7.7  208.5  10.5  0.69  17.1  25.5
040420260253  0.405  7.8  208.1  10.5  0.73  14.3  25.5
040420260254  0.402  7.6  206.3  10.5  0.79  17.7  25.5
040420260255  0.399  7.6  205.0  10.5  0.80  15.2  25.4
040420260256  0.396  7.6  205.0  10.5  0.72  14.6  25.5
040420260257  0.394  7.5  203.7  10.5  0.78  17.3  25.5
040420260258  0.391  7.4  202.9  8.9  0.81  16.6  25.5
040420260259  0.389  7.5  202.0  9.2  0.74  16.6  25.5
040420260300  0.388  7.5  201.0  9.5  0.78  12.4  25.4
040420260301  0.386  7.6  200.0  9.5  0.85  14.8  25.4
040420260302  0.384  7.5  199.7  9.5  0.66  20.7  25.5
040420260303  0.383  7.5  200.4  9.5  0.74  16.4  25.4
040420260304  0.381  7.5  200.8  9.5  0.80  12.9  25.4
040420260305  0.380  7.7  201.6  9.5  0.66  17.5  25.5
040420260306  0.378  7.6  200.9  9.5  0.69  16.1  25.4
040420260307  0.378  7.6  201.4  9.5  0.77  13.9  25.4
040420260308  0.375  7.5  201.4  9.5  0.79  12.6  25.4
040420260309  0.374  7.4  201.4  9.5  0.64  19.6  25.4
040420260310  0.373  7.3  201.5  9.2  0.74  18.2  25.4
040420260311  0.370  7.1  203.1  8.6  0.69  18.3  25.4
040420260312  0.369  7.1  204.0  8.6  0.64  17.9  25.4
040420260313  0.366  7.0  204.8  8.6  0.61  10.0  25.4
040420260314  0.366  6.9  206.3  8.6  0.70  17.3  25.4
040420260315  0.363  6.8  207.7  8.5  0.67  16.7  25.4
040420260316  0.361  6.8  209.8  8.6  0.62  16.8  25.4
040420260317  0.360  6.7  211.4  8.6  0.53  18.3  25.4
040420260318  0.357  6.5  212.9  8.6  0.68  20.5  25.4
040420260319  0.353  6.5  214.1  8.6  0.75  17.6  25.4
040420260320  0.352  6.5  217.2  8.6  0.71  14.2  25.4
040420260321  0.351  6.6  219.5  8.6  0.65  15.8  25.4
040420260322  0.349  6.6  221.6  8.6  0.74  19.4  25.4
040420260323  0.348  6.6  223.4  8.6  0.66  15.8  25.4
040420260324  0.347  6.7  225.4  8.6  0.69  14.9  25.4
040420260325  0.345  6.7  226.7  9.2  0.78  18.3  25.4
040420260326  0.345  6.7  227.2  9.2  0.63  20.0  25.4
040420260327  0.344  6.8  227.1  9.2  0.69  16.1  25.4
040420260328  0.342  6.9  227.3  9.2  0.59  20.0  25.4
040420260329  0.342  6.9  227.5  9.2  0.60  13.6  25.4
040420260330  0.343  6.9  226.6  9.2  0.59  24.3  25.4
040420260331  0.344  6.8  225.2  9.2  0.57  13.9  25.4
040420260332  0.345  6.7  224.3  9.2  0.61  19.4  25.4
040420260333  0.345  6.6  223.0  9.2  0.68  18.2  25.4
040420260334  0.346  6.4  221.2  9.2  0.66  21.1  25.4
040420260335  0.346  6.1  219.6  8.1  0.65  17.7  25.4
040420260336  0.348  6.0  218.9  8.1  0.61  22.4  25.4
040420260337  0.350  5.8  218.0  7.6  0.55  20.8  25.4
040420260338  0.352  5.8  217.4  7.6  0.58  20.9  25.4
040420260339  0.353  5.7  216.4  7.1  0.52  19.3  25.4
040420260340  0.355  5.6  215.6  7.1  0.54  24.6  25.4
040420260341  0.357  5.6  214.8  7.2  0.50  22.1  25.4
040420260342  0.359  5.7  213.8  7.5  0.49  24.4  25.4
040420260343  0.361  5.7  214.0  7.5  0.48  20.1  25.4
040420260344  0.362  5.8  214.6  7.5  0.54  28.1  25.4
040420260345  0.363  5.9  215.2  7.5  0.48  19.5  25.4
040420260346  0.367  6.0  215.1  7.5  0.39  25.8  25.4
040420260347  0.368  6.1  215.0  7.5  0.53  21.9  25.4
040420260348  0.370  6.1  215.1  7.5  0.39  18.4  25.4
040420260349  0.370  6.2  216.1  7.5  0.44  28.7  25.4
040420260350  0.371  6.3  217.5  7.6  0.41  29.7  25.4
040420260351  0.373  6.3  218.5  7.6  0.41  30.1  25.4
040420260352  0.376  6.3  219.2  7.6  0.42  24.4  25.4
040420260353  0.378  6.3  219.1  7.6  0.46  17.6  25.4
040420260354  0.378  6.3  219.6  7.6  0.54  20.0  25.4
040420260355  0.379  6.4  220.2  8.1  0.51  14.5  25.4
040420260356  0.380  6.5  220.7  8.1  0.43  4.8  25.4
040420260357  0.381  6.5  222.0  8.1  0.36  8.1  25.4
040420260358  0.381  6.5  222.6  8.1  0.39  1.2  25.4
040420260359  0.382  6.7  223.2  8.5  0.52  6.5  25.4
040420260400  0.382  6.7  223.2  8.5  0.47  357.3  25.4
040420260401  0.384  6.7  223.7  8.5  0.49  5.7  25.4
040420260402  0.385  6.8  224.8  8.5  0.54  0.5  25.4
040420260403  0.387  6.8  225.5  8.5  0.41  0.4  25.4
040420260404  0.388  6.7  225.6  8.5  0.46  357.9  25.4
040420260405  0.391  6.6  226.0  8.5  0.48  3.2  25.4
040420260406  0.393  6.5  226.5  8.5  0.50  359.4  25.4
040420260407  0.396  6.4  226.4  8.5  0.43  358.2  25.4
040420260408  0.398  6.3  225.9  8.5  0.41  349.3  25.4
040420260409  0.400  6.0  225.3  8.2  0.54  0.9  25.4
040420260410  0.401  5.8  224.8  8.0  0.42  356.4  25.4
040420260411  0.403  5.6  224.5  8.0  0.45  358.3  25.4
040420260412  0.405  5.5  224.7  7.0  0.36  348.4  25.4
040420260413  0.407  5.4  224.7  7.0  0.45  353.4  25.4
040420260414  0.410  5.3  225.1  6.5  0.38  352.6  25.4
040420260415  0.413  5.2  224.6  6.5  0.44  354.0  25.4
040420260416  0.417  5.2  224.7  6.5  0.23  345.0  25.4
040420260417  0.419  5.1  223.7  6.2  0.29  357.9  25.4
040420260418  0.421  5.1  223.9  6.2  0.35  344.7  25.4
040420260419  0.424  5.1  223.3  6.2  0.25  352.8  25.4
040420260420  0.427  5.1  222.8  7.1  0.32  348.2  25.4
040420260421  0.430  5.1  222.2  7.1  0.34  349.8  25.4
040420260422  0.433  5.2  220.9  7.3  0.33  351.2  25.4
040420260423  0.436  5.2  220.9  7.3  0.25  330.0  25.4
040420260424  0.438  5.4  220.3  8.4  0.35  345.0  25.4
040420260425  0.441  5.5  220.0  8.4  0.39  357.1  25.4
040420260426  0.446  5.6  219.8  8.4  0.33  343.7  25.4
040420260427  0.449  5.7  220.7  8.4  0.26  336.4  25.4
040420260428  0.453  5.9  220.4  8.4  0.32  345.2  25.4
040420260429  0.456  5.9  220.3  8.4  0.28  359.7  25.4
040420260430  0.459  6.0  220.5  8.4  0.22  339.9  25.4
040420260431  0.461  6.1  220.7  8.4  0.27  4.2  25.4
040420260432  0.463  6.1  220.3  8.4  0.17  342.3  25.4
040420260433  0.465  6.1  219.5  8.4  0.14  326.1  25.4
040420260434  0.467  6.0  219.5  8.0  0.17  327.8  25.4
040420260435  0.469  6.1  219.2  8.0  0.21  334.8  25.4
040420260436  0.470  6.2  218.7  8.0  0.23  348.4  25.4
040420260437  0.472  6.2  218.2  8.0  0.18  330.2  25.4
040420260438  0.474  6.2  218.3  8.0  0.27  351.3  25.4
040420260439  0.477  6.2  218.8  8.0  0.27  347.7  25.4
040420260440  0.481  6.2  219.5  8.0  0.21  348.8  25.4
040420260441  0.483  6.4  220.3  8.1  0.18  352.1  25.4
040420260442  0.484  6.6  221.4  8.7  0.26  353.6  25.4
040420260443  0.486  6.7  222.8  9.0  0.30  356.3  25.4
040420260444  0.488  6.8  222.6  9.0  0.13  358.0  25.4
040420260445  0.489  6.9  222.8  9.0  0.13  338.9  25.4
040420260446  0.493  6.8  222.6  9.0  0.13  350.5  25.4
040420260447  0.495  6.9  222.2  9.0  0.15  345.1  25.4
040420260448  0.498  7.0  221.9  9.0  0.21  359.8  25.4
040420260449  0.500  7.0  222.1  9.0  0.33  357.9  25.4
040420260450  0.502  7.1  220.6  9.0  0.05  304.6  25.4
040420260451  0.504  7.1  218.7  9.0  0.14  347.8  25.4
040420260452  0.506  7.1  217.5  9.3  0.18  348.2  25.4
040420260453  0.509  7.1  215.8  9.5  0.11  1.2  25.4
040420260454  0.511  7.2  215.0  9.5  0.15  354.5  25.4
040420260455  0.514  7.2  213.8  9.5  0.21  359.1  25.4
040420260456  0.517  7.3  213.3  11.5  0.20  14.9  25.4
040420260457  0.520  7.3  213.3  11.5  0.07  351.6  25.4
040420260458  0.523  7.3  211.0  11.5  0.16  3.2  25.4
040420260459  0.526  7.4  208.9  11.5  0.13  3.3  25.4
040420260500  0.531  7.4  207.0  11.5  0.20  25.0  25.4
040420260501  0.536  7.5  206.9  11.5  0.10  311.8  25.4
040420260502  0.539  7.5  205.4  11.5  0.09  319.6  25.4
040420260503  0.545  7.6  204.3  11.5  0.07  264.9  25.4
040420260504  0.549  7.7  203.4  11.5  0.05  328.0  25.4
040420260505  0.554  7.8  203.0  11.5  0.09  345.7  25.4
040420260506  0.557  7.9  202.0  11.2  0.12  237.7  25.4
040420260507  0.562  8.1  200.2  12.8  0.07  304.4  25.4
040420260508  0.565  8.5  200.4  12.8  0.03  280.0  25.4
040420260509  0.569  8.6  198.8  12.8  0.17  182.1  25.4
040420260510  0.573  8.6  199.3  12.8  0.09  161.7  25.4
040420260511  0.578  8.6  197.6  12.8  0.28  182.1  25.4
040420260512  0.581  8.6  197.3  12.8  0.26  194.4  25.4
040420260513  0.586  8.4  197.3  12.8  0.24  186.3  25.4
040420260514  0.591  8.2  196.4  12.8  0.19  185.3  25.4
040420260515  0.594  8.1  197.6  12.8  0.18  182.4  25.4
040420260516  0.598  8.0  197.9  12.8  0.13  185.0  25.4
040420260517  0.602  7.7  198.4  11.7  0.12  183.6  25.4
040420260518  0.606  7.3  199.0  11.7  0.15  197.7  25.4
040420260519  0.610  7.1  200.9  10.1  0.09  190.0  25.4
040420260520  0.614  7.0  201.4  10.1  0.26  184.9  25.4
040420260521  0.620  7.0  203.3  8.7  0.21  196.9  25.4
040420260522  0.624  7.1  204.0  9.3  0.21  207.6  25.4
040420260523  0.628  7.3  203.8  9.5  0.29  193.0  25.4
040420260524  0.631  7.4  204.7  10.0  0.25  198.9  25.4
040420260525  0.636  7.5  203.3  10.0  0.35  192.5  25.4
040420260526  0.639  7.5  202.8  10.0  0.33  190.3  25.4
040420260527  0.644  7.7  203.1  10.4  0.37  204.9  25.4
040420260528  0.649  7.9  203.3  10.7  0.35  191.9  25.4
040420260529  0.653  7.8  204.1  10.7  0.29  185.0  25.4
040420260530  0.655  7.9  204.8  10.7  0.42  186.3  25.4
040420260531  0.658  7.9  204.6  10.7  0.31  190.7  25.4
040420260532  0.660  7.8  204.8  10.7  0.19  186.4  25.4
040420260533  0.664  7.8  205.2  10.7  0.29  187.7  25.4
040420260534  0.668  7.8  205.0  10.7  0.21  186.8  25.4
040420260535  0.672  7.7  205.3  10.7  0.34  195.0  25.4
040420260536  0.676  7.7  206.0  10.7  0.24  193.7  25.4
040420260537  0.680  7.5  205.6  10.7  0.20  197.1  25.4
040420260538  0.685  7.3  205.5  9.4  0.17  176.1  25.4
040420260539  0.688  7.2  204.8  9.4  0.28  197.9  25.4
040420260540  0.692  7.3  204.8  10.0  0.22  197.1  25.4
040420260541  0.697  7.3  205.1  10.0  0.38  200.2  25.4
040420260542  0.702  7.4  205.3  10.2  0.10  213.2  25.4
040420260543  0.706  7.4  204.3  10.2  0.38  192.3  25.4
040420260544  0.710  7.4  203.6  10.2  0.31  187.5  25.4
040420260545  0.714  7.4  203.5  10.2  0.32  189.3  25.4
040420260546  0.718  7.6  202.4  10.6  0.35  189.7  25.4
040420260547  0.721  7.7  201.7  10.6  0.25  190.9  25.4
040420260548  0.726  7.8  202.0  10.6  0.36  190.9  25.4
040420260549  0.730  7.9  201.8  10.6  0.43  195.0  25.4
040420260550  0.734  8.0  201.4  11.0  0.36  190.0  25.4
040420260551  0.739  7.9  201.2  11.0  0.37  190.9  25.4
040420260552  0.742  7.8  201.4  11.0  0.53  188.7  25.4
040420260553  0.745  7.8  202.8  11.0  0.46  187.6  25.4
040420260554  0.750  7.7  204.6  11.0  0.55  188.4  25.4
040420260555  0.755  7.7  204.8  11.0  0.54  184.9  25.4
040420260556  0.760  7.8  205.5  11.5  0.46  185.4  25.4
040420260557  0.764  7.8  206.8  11.5  0.65  180.0  25.4
040420260558  0.767  8.0  205.9  11.5  0.56  178.5  25.4
040420260559  0.771  8.1  205.9  11.5  0.55  178.2  25.4
040420260600  0.775  8.0  206.4  11.5  0.58  173.7  25.4
040420260601  0.779  8.2  206.8  11.5  0.59  179.4  25.4
040420260602  0.783  8.3  205.6  11.5  0.55  174.8  25.4
040420260603  0.787  8.2  204.5  11.5  0.47  174.6  25.4
040420260604  0.792  8.1  203.5  11.5  0.59  170.9  25.4
040420260605  0.796  8.2  203.1  11.5  0.51  175.5  25.4
040420260606  0.800  7.9  203.2  11.1  0.56  174.4  25.4
040420260607  0.805  7.8  203.2  11.1  0.56  177.2  25.4
040420260608  0.808  7.6  203.9  11.1  0.67  176.0  25.4
040420260609  0.812  7.6  203.4  11.1  0.61  176.2  25.4
040420260610  0.817  7.7  202.9  11.1  0.62  180.0  25.4
040420260611  0.821  7.7  202.4  11.2  0.58  175.1  25.4
040420260612  0.825  7.9  203.4  11.2  0.63  175.1  25.4
040420260613  0.828  8.0  202.6  11.2  0.60  173.1  25.4
040420260614  0.833  8.0  201.9  11.2  0.64  179.7  25.4
040420260615  0.838  8.2  202.2  11.2  0.44  177.4  25.4
040420260616  0.843  8.5  201.8  11.2  0.59  175.0  25.4
040420260617  0.847  8.6  201.6  11.2  0.66  175.2  25.4
040420260618  0.850  8.6  201.5  11.2  0.61  175.5  25.4
040420260619  0.853  8.9  202.2  11.6  0.64  175.6  25.4
040420260620  0.857  8.8  201.8  11.6  0.65  175.2  25.4
040420260621  0.860  8.8  201.8  11.7  0.60  175.0  25.4
040420260622  0.864  8.8  201.8  11.7  0.73  176.1  25.4
040420260623  0.867  8.9  203.7  11.7  0.77  176.9  25.4
040420260624  0.870  9.0  204.7  11.7  0.64  174.0  25.4
040420260625  0.874  8.7  204.5  11.7  0.79  174.7  25.4
040420260626  0.876  8.9  205.0  12.2  0.70  175.2  25.4
040420260627  0.880  8.9  205.5  12.2  0.77  173.6  25.4
040420260628  0.885  9.0  206.0  12.2  0.74  174.1  25.4
040420260629  0.889  8.9  206.6  12.2  0.67  176.1  25.4
040420260630  0.893  8.9  207.6  12.2  0.66  174.0  25.4
040420260631  0.896  8.8  208.8  12.2  0.77  180.1  25.4
040420260632  0.900  8.7  208.4  12.2  0.75  174.7  25.4
040420260633  0.902  8.4  208.0  12.2  0.76  176.1  25.4
040420260634  0.906  8.3  207.9  12.2  0.68  180.6  25.4
040420260635  0.910  8.3  208.4  12.2  0.73  178.4  25.4
040420260636  0.914  8.1  208.1  10.7  0.70  175.5  25.4
040420260637  0.918  8.1  207.3  10.7  0.82  178.2  25.4
040420260638  0.922  8.0  207.2  10.7  0.79  178.4  25.4
040420260639  0.927  7.9  206.3  10.5  0.72  176.6  25.4
040420260640  0.931  7.8  206.1  10.5  0.78  174.1  25.4
040420260641  0.939  7.9  205.0  10.8  0.73  176.3  25.4
040420260642  0.944  7.9  204.6  10.8  0.81  179.2  25.4
040420260643  0.949  8.0  204.3  10.8  0.72  180.7  25.4
040420260644  0.953  8.1  203.5  10.8  0.80  178.4  25.4
040420260645  0.957  8.2  202.7  10.8  0.77  179.4  25.4
040420260646  0.962  8.1  202.4  10.8  0.84  179.1  25.4
040420260647  0.967  8.3  202.8  10.8  0.77  174.6  25.4
040420260648  0.973  8.2  201.8  10.8  0.83  179.5  25.4
040420260649  0.977  8.3  201.0  10.8  0.74  174.2  25.4
040420260650  0.982  8.3  200.1  10.8  0.85  179.3  25.4
040420260651  0.988  8.3  200.0  10.8  0.79  177.4  25.4
040420260652  0.993  8.3  199.6  10.8  0.89  180.6  25.4
040420260653  0.998  8.4  199.2  10.8  0.80  173.8  25.4
040420260654  1.001  8.5  200.4  11.2  0.82  178.1  25.4
040420260655  1.007  8.7  200.6  11.2  0.83  177.6  25.3
040420260656  1.012  8.9  200.8  11.4  0.72  180.2  25.3
040420260657  1.017  9.0  201.3  11.5  0.84  181.1  25.3
040420260658  1.023  9.2  201.8  13.1  0.83  181.4  25.3
040420260659  1.029  9.3  202.3  13.1  0.90  180.6  25.3
040420260700  1.034  9.5  203.2  13.1  0.78  177.1  25.3
040420260701  1.039  9.4  202.1  13.1  0.83  177.8  25.3
040420260702  1.044  9.4  201.9  13.1  0.91  179.6  25.3
040420260703  1.049  9.4  201.6  13.1  0.79  176.7  25.3
040420260704  1.053  9.3  201.1  13.1  0.92  181.4  25.3
040420260705  1.056  9.3  200.8  13.1  0.86  177.0  25.3
040420260706  1.061  9.1  200.2  13.1  0.86  175.3  25.3
040420260707  1.064  9.0  199.7  13.1  0.91  177.2  25.3
040420260708  1.067  8.9  199.3  12.4  0.94  173.9  25.3
040420260709  1.072  9.2  199.6  13.4  0.92  174.4  25.3
040420260710  1.076  9.2  198.8  13.4  0.77  173.9  25.3
040420260711  1.080  9.5  199.0  13.4  0.84  172.8  25.3
040420260712  1.083  9.6  200.7  13.4  0.84  175.0  25.3
040420260713  1.086  9.9  201.4  13.4  0.87  172.2  25.3
040420260714  1.091  9.9  201.2  13.4  0.92  176.4  25.3
040420260715  1.094  10.0  201.4  13.4  0.78  174.7  25.3
040420260716  1.096  10.1  201.4  13.4  0.80  177.8  25.3
040420260717  1.100  10.2  200.9  13.4  0.83  176.1  25.3
040420260718  1.103  10.2  201.4  13.4  0.78  172.7  25.3
040420260719  1.107  10.0  201.7  13.3  0.79  177.5  25.3
040420260720  1.111  10.0  200.9  13.3  0.77  176.1  25.3
040420260721  1.112  9.8  201.8  13.3  0.86  178.4  25.3
040420260722  1.115  9.7  200.6  13.3  0.84  177.2  25.2
040420260723  1.119  9.7  199.8  13.3  0.75  174.2  25.2
040420260724  1.121  9.7  198.8  13.3  0.81  179.5  25.2
040420260725  1.124  9.5  198.8  13.3  0.77  177.1  25.2
040420260726  1.128  9.6  200.1  13.3  0.79  177.7  25.2
040420260727  1.132  9.6  200.1  13.3  0.75  181.7  25.3
040420260728  1.136  9.5  199.2  12.7  0.73  177.7  25.3
040420260729  1.141  9.4  199.1  12.7  0.73  176.1  25.3
040420260730  1.144  9.3  199.9  13.0  0.76  178.5  25.3
040420260731  1.149  9.4  199.2  13.0  0.90  179.0  25.3
040420260732  1.153  9.5  199.3  13.0  0.78  181.0  25.3
040420260733  1.157  9.2  199.0  13.0  0.72  176.4  25.3
040420260734  1.162  9.2  200.5  13.0  0.81  182.0  25.3
040420260735  1.167  9.3  201.9  13.0  0.78  182.3  25.3
040420260736  1.172  9.6  201.1  14.2  0.73  182.6  25.3
040420260737  1.176  9.5  201.0  14.2  0.87  181.9  25.3
040420260738  1.180  9.5  202.0  14.2  0.69  182.9  25.3
040420260739  1.185  9.8  201.1  14.2  0.72  178.3  25.3
040420260740  1.187  9.7  200.6  14.2  0.80  181.4  25.3
040420260741  1.192  9.7  200.8  14.2  0.81  185.3  25.3
040420260742  1.196  9.6  200.3  14.2  0.81  188.5  25.3
040420260743  1.200  9.6  200.6  14.2  0.66  185.3  25.3
040420260744  1.203  9.7  200.1  14.2  0.69  185.8  25.3
040420260745  1.207  9.8  199.0  14.2  0.77  183.6  25.3
040420260746  1.210  9.3  198.9  12.6  0.77  182.5  25.3
040420260747  1.214  9.3  199.0  12.6  0.66  180.3  25.3
040420260748  1.217  9.4  197.8  12.6  0.66  181.3  25.3
040420260749  1.220  9.2  198.1  12.6  0.76  180.5  25.3
040420260750  1.223  9.0  197.5  12.6  0.74  184.8  25.3
040420260751  1.227  8.8  195.7  12.6  0.82  185.9  25.3
040420260752  1.230  8.8  195.7  12.6  0.71  185.0  25.3
040420260753  1.232  8.7  196.5  12.6  0.70  190.3  25.3
040420260754  1.234  8.5  196.2  11.5  0.71  186.1  25.3
040420260755  1.236  8.3  195.3  11.5  0.62  181.2  25.3
040420260756  1.238  8.4  195.3  11.5  0.75  187.8  25.2
040420260757  1.239  8.2  194.5  11.3  0.70  183.3  25.2
040420260758  1.241  7.9  194.6  11.3  0.71  179.8  25.2
040420260759  1.243  7.8  194.2  11.1  0.77  181.9  25.2
040420260800  1.247  8.0  195.7  11.1  0.73  176.3  25.2
040420260801  1.249  7.9  198.8  11.1  0.58  178.7  25.2
040420260802  1.251  8.1  200.1  11.1  0.71  180.7  25.2
040420260803  1.253  8.1  200.5  11.1  0.72  180.1  25.2
040420260804  1.255  7.9  199.2  11.1  0.72  183.1  25.2
040420260805  1.257  7.7  198.9  11.1  0.72  178.7  25.2
040420260806  1.260  7.5  197.3  11.1  0.63  184.7  25.2
040420260807  1.264  7.5  197.3  11.0  0.57  175.8  25.2
040420260808  1.265  7.5  197.1  11.0  0.69  177.4  25.2
040420260809  1.269  7.5  196.7  11.0  0.63  183.4  25.2
040420260810  1.271  7.6  195.8  12.0  0.66  184.3  25.2
040420260811  1.272  7.7  194.3  12.0  0.58  182.5  25.2
040420260812  1.274  7.8  192.3  12.0  0.71  183.4  25.2
040420260813  1.277  8.1  190.7  14.3  0.59  179.9  25.2
040420260814  1.280  8.5  191.5  14.3  0.53  180.5  25.2
040420260815  1.281  8.6  191.3  14.3  0.61  183.9  25.2
040420260816  1.283  8.6  192.3  14.3  0.58  174.4  25.2
040420260817  1.285  8.9  193.0  14.3  0.71  186.9  25.2
040420260818  1.289  9.1  192.0  14.3  0.58  185.4  25.2
040420260819  1.291  9.2  191.5  14.3  0.58  179.0  25.2
040420260820  1.294  9.4  191.7  14.3  0.57  181.7  25.2
040420260821  1.297  9.4  190.7  14.3  0.59  176.0  25.2
040420260822  1.299  9.3  190.8  14.3  0.62  181.0  25.2
040420260823  1.301  9.2  191.2  13.1  0.63  175.9  25.2
040420260824  1.303  9.4  191.5  14.0  0.64  180.7  25.2
040420260825  1.307  9.7  192.4  14.0  0.49  173.2  25.2
040420260826  1.308  10.0  192.2  14.0  0.66  179.5  25.2
040420260827  1.312  10.0  191.9  14.0  0.59  175.2  25.2
040420260828  1.314  10.0  192.2  14.0  0.56  178.8  25.2
040420260829  1.318  10.0  192.3  14.0  0.63  185.1  25.2
040420260830  1.320  9.5  191.1  14.0  0.61  180.3  25.2
040420260831  1.322  9.3  191.2  14.0  0.57  180.0  25.2
040420260832  1.325  8.9  190.7  14.0  0.63  177.0  25.2
040420260833  1.328  8.3  189.9  14.0  0.64  178.4  25.2
040420260834  1.331  7.9  189.7  12.7  0.72  177.4  25.2
040420260835  1.334  7.6  188.2  12.7  0.65  185.2  25.2
040420260836  1.337  7.1  183.3  12.7  0.65  179.1  25.2
040420260837  1.339  6.9  178.9  12.6  0.68  181.5  25.2
040420260838  1.342  6.9  178.2  12.6  0.66  175.4  25.2
040420260839  1.345  7.0  177.1  15.3  0.66  180.3  25.2
040420260840  1.347  7.7  176.8  17.2  0.66  181.2  25.2
040420260841  1.350  8.0  178.3  17.2  0.60  175.1  25.2
040420260842  1.352  8.4  176.3  17.2  0.61  175.2  25.2
040420260843  1.353  9.1  178.5  17.2  0.80  182.8  25.2
040420260844  1.355  9.4  177.9  17.2  0.61  181.0  25.2
040420260845  1.357  9.5  178.3  17.2  0.70  182.7  25.2
040420260846  1.358  9.9  182.6  17.2  0.71  173.5  25.2
040420260847  1.360  9.8  183.8  17.2  0.65  179.4  25.2
040420260848  1.361  9.8  183.6  17.2  0.61  181.3  25.2
040420260849  1.363  10.0  184.8  17.2  0.57  177.0  25.2
040420260850  1.365  9.7  185.2  15.9  0.62  181.0  25.2
040420260851  1.367  9.4  185.6  15.9  0.68  178.2  25.2
040420260852  1.369  9.5  187.0  15.9  0.49  178.4  25.2
040420260853  1.371  9.1  186.0  15.7  0.62  177.4  25.2
040420260854  1.372  8.8  186.9  15.7  0.51  176.2  25.2
040420260855  1.374  8.5  186.5  15.7  0.56  179.9  25.2
040420260856  1.375  8.4  184.4  15.7  0.52  173.9  25.2
040420260857  1.376  8.6  185.4  15.7  0.52  177.3  25.2
040420260858  1.377  8.3  185.5  15.7  0.49  179.2  25.2
040420260859  1.378  7.9  185.1  13.3  0.58  180.5  25.2
040420260900  1.380  7.9  187.2  13.6  0.54  177.9  25.2
040420260901  1.380  8.1  185.5  13.6  0.59  181.5  25.2
040420260902  1.381  8.0  185.4  13.6  0.48  180.8  25.2
040420260903  1.382  8.0  185.2  13.6  0.55  173.5  25.2
040420260904  1.383  7.9  182.0  13.6  0.58  175.3  25.2
040420260905  1.384  7.7  180.3  13.6  0.51  176.3  25.2
040420260906  1.384  7.8  178.4  13.6  0.52  176.7  25.2
040420260907  1.385  7.7  178.0  13.8  0.56  183.5  25.2
040420260908  1.386  8.1  179.6  13.8  0.50  177.5  25.2
040420260909  1.384  8.3  179.0  13.8  0.42  171.8  25.2
040420260910  1.386  8.1  175.6  13.8  0.40  177.9  25.2
040420260911  1.386  7.6  176.8  13.8  0.51  176.7  25.2
040420260912  1.386  7.4  176.4  13.8  0.47  180.7  25.2
040420260913  1.386  6.9  174.7  13.8  0.44  184.6  25.2
040420260914  1.388  6.7  175.9  13.8  0.41  175.1  25.2
040420260915  1.389  6.4  175.0  13.8  0.41  171.8  25.2
040420260916  1.389  6.0  174.4  13.8  0.54  178.2  25.2
040420260917  1.389  5.7  171.8  11.8  0.52  178.9  25.2
040420260918  1.389  5.5  170.1  11.3  0.59  180.7  25.2
040420260919  1.392  5.1  168.6  11.2  0.44  176.8  25.2
040420260920  1.392  5.1  173.1  10.8  0.53  184.7  25.2
040420260921  1.394  4.9  169.3  10.8  0.50  176.1  25.2
040420260922  1.394  4.9  167.6  10.8  0.51  175.8  25.2
040420260923  1.395  5.3  170.2  11.4  0.54  181.9  25.2
040420260924  1.395  5.6  169.7  12.4  0.59  175.4  25.2
040420260925  1.395  6.0  170.6  12.4  0.58  174.9  25.2
040420260926  1.396  6.5  171.6  12.4  0.49  169.2  25.2
040420260927  1.397  6.8  174.4  12.8  0.48  165.9  25.2
040420260928  1.399  6.9  174.3  14.5  0.49  169.2  25.2
040420260929  1.399  7.0  172.0  14.5  0.50  171.4  25.2
040420260930  1.397  7.1  169.2  14.5  0.60  171.9  25.2
040420260931  1.396  7.5  166.6  14.5  0.46  180.9  25.2
040420260932  1.394  7.6  164.9  14.5  0.47  181.0  25.2
040420260933  1.393  7.2  162.0  14.5  0.41  169.0  25.2
040420260934  1.392  6.9  161.8  14.5  0.51  177.0  25.2
040420260935  1.392  6.8  164.6  14.5  0.53  169.4  25.2
040420260936  1.390  6.6  165.7  14.5  0.41  169.2  25.2
040420260937  1.388  6.5  162.5  14.5  0.36  168.1  25.2
040420260938  1.387  6.5  159.4  14.1  0.54  177.9  25.2
040420260939  1.385  6.7  164.7  14.1  0.40  168.6  25.2
040420260940  1.384  6.8  164.2  14.1  0.38  171.4  25.2
040420260941  1.383  6.6  168.0  14.0  0.47  177.9  25.2
040420260942  1.379  6.7  170.1  14.0  0.56  177.2  25.2
040420260943  1.376  7.0  168.7  14.0  0.46  167.3  25.2
040420260944  1.374  7.3  170.3  14.0  0.38  175.0  25.2
040420260945  1.371  7.2  168.6  14.0  0.40  172.5  25.2
040420260946  1.368  6.7  168.9  14.0  0.38  164.1  25.2
040420260947  1.366  6.8  168.2  14.0  0.36  173.9  25.2
040420260948  1.363  6.7  168.6  14.0  0.36  170.1  25.2
040420260949  1.361  6.7  163.3  14.0  0.32  163.9  25.2
040420260950  1.359  6.5  165.9  11.3  0.32  174.4  25.2
040420260951  1.356  6.7  167.2  13.2  0.34  158.5  25.2
040420260952  1.352  6.9  169.7  13.2  0.42  168.3  25.2
040420260953  1.351  7.2  172.2  13.2  0.32  162.0  25.2
040420260954  1.349  7.4  167.4  13.2  0.27  168.0  25.2
040420260955  1.345  7.6  168.9  13.2  0.26  166.7  25.2
040420260956  1.344  8.0  171.0  13.2  0.30  163.1  25.2
040420260957  1.342  8.1  173.8  13.2  0.39  175.3  25.2
040420260958  1.340  7.9  172.9  13.2  0.24  165.8  25.2
040420260959  1.339  7.9  177.1  13.2  0.40  169.1  25.2
040420261000  1.336  8.0  175.4  13.2  0.19  172.3  25.2
040420261001  1.335  7.6  174.4  12.9  0.27  167.1  25.2
040420261002  1.332  7.6  173.5  13.7  0.30  163.8  25.2
040420261003  1.330  7.5  173.8  13.7  0.27  158.5  25.2
040420261004  1.328  7.6  179.8  16.9  0.40  172.7  25.2
040420261005  1.326  7.9  180.7  16.9  0.31  170.1  25.2
040420261006  1.324  8.2  180.6  16.9  0.30  166.1  25.2
040420261007  1.322  8.3  180.1  16.9  0.36  172.2  25.2
040420261008  1.319  8.4  181.8  16.9  0.27  179.5  25.2
040420261009  1.317  8.4  181.2  16.9  0.27  177.3  25.2
040420261010  1.314  8.2  182.4  16.9  0.17  154.1  25.2
040420261011  1.311  8.4  181.1  16.9  0.26  171.3  25.2
040420261012  1.309  8.1  179.9  16.9  0.23  165.0  25.2
040420261013  1.307  7.9  179.8  16.9  0.32  176.5  25.2
040420261014  1.303  7.9  178.9  15.5  0.24  173.3  25.2
040420261015  1.300  7.7  178.4  12.9  0.15  182.6  25.2
040420261016  1.297  7.4  176.7  12.7  0.19  187.6  25.2
040420261017  1.294  7.1  173.8  12.7  0.16  176.6  25.2
040420261018  1.291  6.8  173.0  12.7  0.18  167.4  25.2
040420261019  1.289  6.1  171.9  12.7  0.24  184.1  25.2
040420261020  1.286  6.1  174.3  12.7  0.20  188.9  25.2
040420261021  1.283  5.9  171.6  12.7  0.11  127.4  25.2
040420261022  1.280  6.1  173.4  12.7  0.26  177.3  25.2
040420261023  1.277  6.1  174.7  12.7  0.20  163.2  25.2
040420261024  1.275  6.1  177.1  12.7  0.19  175.1  25.2
040420261025  1.274  6.0  178.6  12.7  0.21  163.2  25.2
040420261026  1.271  5.9  176.9  12.7  0.14  174.4  25.2
040420261027  1.269  5.8  178.5  12.7  0.35  183.9  25.2
040420261028  1.267  6.2  179.6  12.7  0.21  168.4  25.2
040420261029  1.265  6.4  182.4  12.7  0.27  179.1  25.2
040420261030  1.263  6.5  179.7  12.7  0.19  188.8  25.2
040420261031  1.262  6.6  183.2  12.7  0.25  171.8  25.2
040420261032  1.259  6.2  183.3  12.7  0.18  181.2  25.2
040420261033  1.257  5.8  179.6  12.7  0.19  165.7  25.2
040420261034  1.254  5.0  176.3  12.5  0.21  188.4  25.2
040420261035  1.253  4.6  171.2  12.5  0.18  179.4  25.2
040420261036  1.251  4.5  171.5  12.5  0.17  173.6  25.2
040420261037  1.251  4.3  170.3  12.5  0.06  130.7  25.2
040420261038  1.249  3.7  165.7  10.9  0.11  165.2  25.2
040420261039  1.246  4.0  160.5  10.9  0.19  179.5  25.2
040420261040  1.244  4.2  160.7  14.1  0.21  191.6  25.2
040420261041  1.243  4.3  162.6  14.1  0.21  177.4  25.2
040420261042  1.242  4.6  165.6  14.1  0.15  168.1  25.2
040420261043  1.239  4.9  173.4  14.1  0.14  176.9  25.2
040420261044  1.239  5.1  173.0  14.1  0.25  181.1  25.2
040420261045  1.237  5.1  170.8  14.1  0.11  171.9  25.2
040420261046  1.236  5.0  169.4  14.1  0.11  133.7  25.2
040420261047  1.234  5.0  169.0  14.1  0.07  155.4  25.2
040420261048  1.230  5.2  167.8  14.1  0.11  169.1  25.2
040420261049  1.229  5.1  164.3  14.1  0.17  159.6  25.2
040420261050  1.228  4.8  158.7  13.4  0.11  138.3  25.2
040420261051  1.226  4.4  154.5  13.4  0.18  166.2  25.2
040420261052  1.224  4.2  149.8  13.4  0.18  169.8  25.2
040420261053  1.221  4.3  143.9  7.9  0.03  84.1  25.3
040420261054  1.219  4.3  143.2  7.9  0.12  176.0  25.3
040420261055  1.216  4.3  147.7  7.9  0.04  179.2  25.3
040420261056  1.214  4.2  148.1  7.9  0.05  152.7  25.3
040420261057  1.211  4.1  150.9  7.9  0.07  136.5  25.3
040420261058  1.206  3.8  152.7  7.9  0.12  160.9  25.3
040420261059  1.205  3.6  153.2  7.9  0.13  192.5  25.3
040420261100  1.201  3.6  157.3  7.7  0.07  273.5  25.3
040420261101  1.198  3.9  159.2  8.3  0.06  345.9  25.3
040420261102  1.194  3.8  157.5  8.3  0.03  68.4  25.3
040420261103  1.189  3.5  156.6  8.3  0.06  214.8  25.3
040420261104  1.183  3.4  153.7  8.3  0.04  226.9  25.3
040420261105  1.178  3.6  146.0  9.8  0.04  245.6  25.3
040420261106  1.172  3.6  147.3  9.8  nan  nan  nan
040420261107  1.167  4.0  148.3  9.8  0.08  172.0  25.3
040420261108  1.162  4.6  150.9  10.3  0.04  306.6  25.3
040420261109  1.156  4.9  150.6  10.3  0.10  183.4  25.3
040420261110  1.150  5.0  149.7  10.3  0.16  204.5  25.3
040420261111  1.143  5.0  147.1  10.3  0.15  329.1  25.3
040420261112  1.139  5.1  149.4  10.3  0.09  254.0  25.3
040420261113  1.132  5.3  148.5  10.3  0.06  8.2  25.3
040420261114  1.127  5.5  149.3  10.3  0.05  325.0  25.3
040420261115  1.122  5.2  150.5  10.3  0.23  17.3  25.3
040420261116  1.116  5.7  151.2  11.5  0.26  1.0  25.3
040420261117  1.111  5.9  146.8  11.5  0.27  9.6  25.3
040420261118  1.104  5.8  143.8  11.5  0.30  17.9  25.4
040420261119  1.100  6.0  145.3  11.5  0.41  14.9  25.4
040420261120  1.096  6.0  145.6  11.5  0.34  5.0  25.4
040420261121  1.089  5.9  146.2  11.5  0.36  5.7  25.4
040420261122  1.085  6.3  146.1  11.5  0.45  6.5  25.4
040420261123  1.080  6.2  148.6  11.5  0.35  354.4  25.4
040420261124  1.076  6.3  147.8  11.5  0.55  9.2  25.4
040420261125  1.073  6.1  147.2  11.5  0.57  6.7  25.4
040420261126  1.067  5.7  143.9  10.5  0.64  8.1  25.4
040420261127  1.061  5.4  147.1  10.5  0.63  6.8  25.4
040420261128  1.057  5.2  148.4  10.5  0.48  12.1  25.4
040420261129  1.052  5.1  147.0  10.5  0.69  11.6  25.4
040420261130  1.046  5.2  148.6  10.5  0.58  14.6  25.4
040420261131  1.041  5.3  148.6  10.5  0.51  11.7  25.4
040420261132  1.038  5.2  148.2  10.0  0.70  8.9  25.4
040420261133  1.032  5.3  148.6  10.2  0.73  10.9  25.4
040420261134  1.027  5.3  148.2  10.2  0.74  5.5  25.4
040420261135  1.022  5.7  149.4  11.0  0.62  5.9  25.4
040420261136  1.017  6.1  155.4  11.0  0.74  9.1  25.4
040420261137  1.011  6.1  155.5  11.0  0.68  9.5  25.4
040420261138  1.006  6.1  154.0  11.0  0.72  9.1  25.4
040420261139  1.000  5.9  154.4  11.0  0.74  12.4  25.4
040420261140  0.994  5.6  153.1  11.0  0.81  10.3  25.4
040420261141  0.989  5.3  152.3  11.0  0.60  9.4  25.4
040420261142  0.985  5.2  151.8  11.0  0.72  9.4  25.4
040420261143  0.980  5.1  149.7  11.0  0.66  10.3  25.4
040420261144  0.976  4.9  152.0  11.0  0.72  6.5  25.5
040420261145  0.971  4.7  153.5  10.7  0.65  6.2  25.5
040420261146  0.966  4.5  147.0  8.6  0.65  12.8  25.5
040420261147  0.962  4.5  145.7  8.6  0.59  4.0  25.5
040420261148  0.958  4.2  152.9  8.6  0.66  10.2  25.5
040420261149  0.953  4.2  155.2  8.6  0.68  7.9  25.5
040420261150  0.950  4.4  155.3  8.6  0.64  9.1  25.5
040420261151  0.946  4.6  158.5  8.8  0.66  10.7  25.5
040420261152  0.944  4.7  158.5  8.8  0.58  12.9  25.5
040420261153  0.939  4.9  157.8  8.8  0.61  17.7  25.5
040420261154  0.936  5.2  157.0  9.9  0.72  14.9  25.5
040420261155  0.930  5.6  156.7  12.8  0.71  15.3  25.5
040420261156  0.926  5.6  158.8  12.8  0.70  15.7  25.5
040420261157  0.923  5.7  159.7  12.8  0.76  15.6  25.5
040420261158  0.919  6.0  157.3  12.8  0.75  12.4  25.5
040420261159  0.916  6.0  156.5  12.8  0.76  15.0  25.5
040420261200  0.912  6.0  157.3  12.8  0.81  13.0  25.5
040420261201  0.907  6.0  154.2  12.8  0.74  19.1  25.5
040420261202  0.903  6.0  154.0  12.8  0.71  16.3  25.5
040420261203  0.899  5.8  152.7  12.8  0.87  10.8  25.5
040420261204  0.894  6.0  153.3  13.2  0.84  13.8  25.5
040420261205  0.889  5.8  153.5  13.2  0.78  12.6  25.5
040420261206  0.884  5.9  152.3  13.2  0.70  12.9  25.5
040420261207  0.880  6.1  151.1  13.2  0.80  14.1  25.5
040420261208  0.875  6.0  148.9  13.2  0.87  10.8  25.5
040420261209  0.870  6.2  148.5  13.2  0.80  13.9  25.5
040420261210  0.866  6.2  148.0  13.2  0.84  14.5  25.5
040420261211  0.861  6.4  149.5  13.2  0.85  11.8  25.5
040420261212  0.857  6.4  150.1  13.2  0.90  20.2  25.5
040420261213  0.853  6.4  152.3  13.2  0.80  19.8  25.5
040420261214  0.848  6.2  152.3  13.0  0.97  18.3  25.5
040420261215  0.844  6.3  150.7  13.0  0.88  17.2  25.5
040420261216  0.838  6.3  152.5  13.0  0.80  20.9  25.5
040420261217  0.834  6.3  156.1  13.0  0.89  18.0  25.5
040420261218  0.829  6.1  155.5  13.0  0.78  21.3  25.5
040420261219  0.826  6.2  155.5  13.0  0.83  25.6  25.5
040420261220  0.821  6.3  153.5  13.0  0.73  24.3  25.5
040420261221  0.819  6.0  151.4  11.8  0.84  19.5  25.5
040420261222  0.816  5.9  151.2  11.8  0.75  20.4  25.5
040420261223  0.813  6.0  151.1  11.8  0.85  21.7  25.6
040420261224  0.809  5.8  149.7  11.2  0.75  21.9  25.6
040420261225  0.805  5.7  154.3  13.4  0.68  20.9  25.6
040420261226  0.802  5.5  153.5  13.4  0.77  24.0  25.6
040420261227  0.798  5.3  150.3  13.4  0.73  24.0  25.6
040420261228  0.794  5.7  150.4  13.4  0.77  23.4  25.6
040420261229  0.790  5.7  150.8  13.4  0.80  22.1  25.6
040420261230  0.786  5.7  152.0  13.4  0.67  22.0  25.6
040420261231  0.783  5.7  153.8  13.4  0.72  25.4  25.6
040420261232  0.778  5.8  155.4  13.4  0.64  19.6  25.6
040420261233  0.775  5.7  154.7  13.4  0.68  18.1  25.6
040420261234  0.771  5.8  155.6  13.4  0.69  21.9  25.6
040420261235  0.766  5.6  153.9  12.4  0.69  22.5  25.6
040420261236  0.761  5.4  151.8  12.4  0.67  17.3  25.6
040420261237  0.756  5.4  151.0  9.6  0.64  16.1  25.6
040420261238  0.752  5.1  152.4  8.8  0.77  22.6  25.6
040420261239  0.747  5.0  153.6  9.5  0.77  22.3  25.6
040420261240  0.743  5.2  152.8  10.2  0.74  16.6  25.6
040420261241  0.739  5.0  153.7  10.2  0.73  21.1  25.6
040420261242  0.735  5.4  151.5  10.7  0.72  17.8  25.6
040420261243  0.729  5.7  150.3  13.5  0.62  17.1  25.6
040420261244  0.726  5.4  150.9  13.5  0.82  17.0  25.6
040420261245  0.721  5.4  150.0  13.5  0.63  17.7  25.6
040420261246  0.716  5.3  151.2  13.5  0.65  24.1  25.6
040420261247  0.712  5.3  152.9  13.5  0.75  17.4  25.6
040420261248  0.707  5.5  151.9  13.5  0.79  18.0  25.6
040420261249  0.702  5.7  152.9  13.5  0.75  23.2  25.6
040420261250  0.699  5.8  154.2  13.5  0.60  20.8  25.6
040420261251  0.694  5.9  153.0  13.5  0.79  15.8  25.6
040420261252  0.689  5.8  154.1  13.5  0.75  18.4  25.7
040420261253  0.685  5.6  156.5  11.9  0.77  15.5  25.7
040420261254  0.678  5.8  154.6  11.9  0.79  18.4  25.7
040420261255  0.675  6.4  154.7  11.9  0.68  18.4  25.7
040420261256  0.669  6.7  154.9  11.9  0.70  23.1  25.7
040420261257  0.664  6.6  156.5  11.9  0.84  17.0  25.7
040420261258  0.658  6.3  157.0  11.9  0.74  19.4  25.7
040420261259  0.653  6.4  154.1  12.4  0.75  21.4  25.7
040420261300  0.650  6.1  151.7  12.4  0.78  20.4  25.7
040420261301  0.644  6.3  154.6  13.3  0.79  18.9  25.7
040420261302  0.640  6.5  154.7  13.3  0.71  18.2  25.7
040420261303  0.636  6.6  152.2  13.3  0.74  18.8  25.7
040420261304  0.632  6.6  151.8  13.3  0.84  16.5  25.7
040420261305  0.627  6.2  149.0  13.3  0.90  15.6  25.7
040420261306  0.622  6.5  148.8  14.3  0.74  24.7  25.7
040420261307  0.619  7.0  147.3  15.6  0.75  19.1  25.7
040420261308  0.614  7.1  150.3  15.6  0.74  18.1  25.7
040420261309  0.611  6.8  154.0  15.6  0.78  21.8  25.7
040420261310  0.606  6.8  157.0  15.6  0.66  17.4  25.7
040420261311  0.602  6.5  157.2  15.6  0.73  19.5  25.7
040420261312  0.596  6.2  155.8  15.6  0.67  21.6  25.7
040420261313  0.592  5.9  158.3  15.6  0.82  22.6  25.7
040420261314  0.587  5.8  158.6  15.6  0.75  20.0  25.8
040420261315  0.581  6.2  162.0  15.6  0.77  19.0  25.8
040420261316  0.578  6.0  161.1  15.6  0.74  18.6  25.8
040420261317  0.574  5.6  161.4  14.2  0.78  15.6  25.8
040420261318  0.569  5.4  160.2  14.2  0.84  16.3  25.8
040420261319  0.566  5.3  156.5  14.2  0.71  20.1  25.8
040420261320  0.562  5.4  156.0  14.2  0.72  15.0  25.8
040420261321  0.558  5.6  153.4  14.2  0.74  18.1  25.8
040420261322  0.553  5.4  154.6  14.2  0.84  18.1  25.8
040420261323  0.549  5.5  152.3  14.2  0.80  20.9  25.8
040420261324  0.544  6.1  151.5  14.2  0.78  15.7  25.8
040420261325  0.538  5.6  147.7  13.1  0.84  15.8  25.8
040420261326  0.534  5.4  148.9  13.1  0.88  16.4  25.8
040420261327  0.529  5.7  151.2  13.1  0.86  16.8  25.8
040420261328  0.525  5.7  149.3  13.1  0.79  15.4  25.8
040420261329  0.521  5.9  148.6  13.1  0.85  17.5  25.8
040420261330  0.518  6.2  145.9  13.1  0.87  16.8  25.8
040420261331  0.514  5.9  145.4  13.1  0.81  15.0  25.8
040420261332  0.510  6.0  146.0  13.1  0.75  17.4  25.8
040420261333  0.506  6.0  145.7  13.1  0.75  16.1  25.8
040420261334  0.502  5.8  147.1  13.1  0.79  11.8  25.8
040420261335  0.498  5.9  150.4  13.1  0.82  15.9  25.8
040420261336  0.496  6.0  149.3  13.1  0.87  15.0  25.8
040420261337  0.492  5.6  149.9  13.1  0.85  16.0  25.8
040420261338  0.488  5.6  151.6  13.1  0.69  20.6  25.8
040420261339  0.485  5.3  154.2  13.1  0.68  13.4  25.8
040420261340  0.482  4.7  158.3  10.3  0.78  14.5  25.8
040420261341  0.478  5.1  162.9  11.0  0.84  15.6  25.8
040420261342  0.477  5.3  161.2  11.0  0.65  15.8  25.8
040420261343  0.473  5.2  164.0  11.0  0.82  14.6  25.8
040420261344  0.470  5.0  165.8  11.0  0.83  16.9  25.8
040420261345  0.466  5.1  163.9  11.0  0.81  19.1  25.8
040420261346  0.463  4.9  165.4  11.0  0.65  20.9  25.8
040420261347  0.460  5.0  157.4  11.0  0.85  15.1  25.8
040420261348  0.458  4.9  157.5  11.0  0.69  12.7  25.8
040420261349  0.456  5.1  158.0  11.0  0.81  13.9  25.8
040420261350  0.452  5.6  156.7  11.0  0.69  17.1  25.8
040420261351  0.450  5.6  150.1  11.6  0.76  17.5  25.8
040420261352  0.447  5.4  150.2  11.6  0.67  14.0  25.8
040420261353  0.444  5.5  148.2  11.6  0.69  18.1  25.8
040420261354  0.440  5.5  150.4  11.6  0.74  12.7  25.8
040420261355  0.436  5.3  150.8  11.6  0.70  15.6  25.8
040420261356  0.433  5.2  150.5  11.6  0.72  17.2  25.8
040420261357  0.430  5.2  150.7  11.6  0.67  19.8  25.8
040420261358  0.428  5.4  147.7  11.6  0.77  15.8  25.8
040420261359  0.424  5.5  146.3  11.6  0.77  14.1  25.8
040420261400  0.422  5.4  147.8  11.6  0.66  18.1  25.8
040420261401  0.421  5.4  151.4  13.0  0.62  15.9  25.8
040420261402  0.419  5.4  149.7  13.0  0.78  15.7  25.8
040420261403  0.416  5.7  149.1  13.0  0.66  19.2  25.8
040420261404  0.414  6.0  144.8  13.0  0.75  15.6  25.8
040420261405  0.412  6.2  144.7  13.0  0.60  15.7  25.8
040420261406  0.411  6.3  146.1  13.0  0.61  21.1  25.9
040420261407  0.408  6.2  149.8  13.0  0.82  17.1  25.9
040420261408  0.406  6.0  150.4  13.0  0.66  17.1  25.9
040420261409  0.404  5.8  148.6  13.0  0.57  19.2  25.9
040420261410  0.404  5.6  147.2  13.0  0.66  16.3  25.9
040420261411  0.401  5.3  145.5  13.0  0.70  16.3  25.9
040420261412  0.398  5.5  148.7  12.8  0.75  14.2  25.9
040420261413  0.395  5.2  151.6  12.8  0.77  15.2  25.9
040420261414  0.393  4.9  155.1  10.8  0.71  14.4  25.9
040420261415  0.391  4.6  155.6  10.8  0.79  16.6  25.9
040420261416  0.387  4.7  153.0  10.8  0.68  23.3  25.9
040420261417  0.385  4.9  153.7  10.8  0.64  17.1  25.9
040420261418  0.383  5.0  152.5  10.8  0.73  20.0  25.9
040420261419  0.380  5.4  151.1  13.6  0.67  16.9  25.9
040420261420  0.377  5.5  150.5  13.6  0.61  20.8  25.9
040420261421  0.375  5.8  149.2  13.9  0.68  17.6  25.9
040420261422  0.372  5.7  147.8  13.9  0.51  22.3  25.9
040420261423  0.369  6.1  144.7  13.9  0.83  20.6  25.9
040420261424  0.366  6.1  143.2  13.9  0.63  21.2  25.9
040420261425  0.364  6.5  141.6  13.9  0.63  21.6  25.9
040420261426  0.361  6.5  142.2  13.9  0.65  19.8  25.9
040420261427  0.359  6.4  140.3  13.9  0.68  18.0  25.9
040420261428  0.356  6.3  140.6  13.9  0.66  19.7  25.9
040420261429  0.352  6.2  142.9  13.9  0.61  17.1  25.9
040420261430  0.348  6.2  142.5  13.9  0.69  20.8  25.9
040420261431  0.343  5.9  143.5  12.3  0.68  19.1  25.9
040420261432  0.340  5.9  142.7  12.3  0.58  15.9  25.9
040420261433  0.335  5.3  144.9  10.3  0.70  16.7  25.9
040420261434  0.333  5.1  147.0  10.3  0.63  14.4  25.9
040420261435  0.331  4.7  148.4  9.9  0.81  18.8  25.9
040420261436  0.327  4.6  148.3  9.9  0.70  17.0  25.9
040420261437  0.325  4.5  150.5  9.9  0.64  20.0  25.9
040420261438  0.321  4.6  147.7  9.9  0.65  15.0  25.9
040420261439  0.317  4.4  147.0  9.9  0.77  20.4  25.9
040420261440  0.313  4.6  146.2  9.9  0.74  20.0  25.9
040420261441  0.311  4.8  146.3  10.2  0.75  19.1  25.9
040420261442  0.310  4.7  146.8  10.2  0.67  21.3  25.9
040420261443  0.306  4.9  145.2  10.2  0.74  15.7  25.9
040420261444  0.304  5.5  142.7  10.2  0.71  19.5  25.9
040420261445  0.302  5.6  141.6  10.2  0.70  16.2  25.9
040420261446  0.300  5.6  142.4  10.2  0.79  12.2  25.9
040420261447  0.297  5.7  139.5  10.2  0.76  19.1  25.9
040420261448  0.294  5.8  142.6  10.2  0.72  21.3  25.9
040420261449  0.290  5.5  142.8  10.2  0.78  17.1  25.9
040420261450  0.287  5.2  145.5  10.2  0.72  17.0  25.9
040420261451  0.284  5.2  146.8  10.7  0.67  18.4  25.9
040420261452  0.281  5.3  148.7  10.7  0.67  18.3  25.9
040420261453  0.280  4.9  149.7  10.7  0.68  18.2  25.9
040420261454  0.278  4.6  149.7  10.7  0.82  19.2  25.9
040420261455  0.275  4.3  154.9  10.7  0.82  16.1  25.9
040420261456  0.273  4.3  154.7  10.7  0.70  21.7  25.9
040420261457  0.271  4.3  155.7  10.7  0.71  17.7  25.9
040420261458  0.269  4.1  157.6  10.7  0.74  18.2  25.9
040420261459  0.266  4.1  157.5  10.7  0.62  16.3  25.9
040420261500  0.265  4.2  157.7  11.4  0.80  18.8  25.9
040420261501  0.263  3.9  156.3  11.4  0.70  17.7  25.9
040420261502  0.263  3.8  154.9  11.4  0.68  21.1  25.9
040420261503  0.261  4.2  153.9  11.4  0.57  19.1  25.9
040420261504  0.262  4.2  155.6  11.4  0.77  20.9  25.9
040420261505  0.261  4.4  151.4  11.4  0.67  20.5  25.9
040420261506  0.261  4.4  152.3  11.4  0.61  17.2  25.9
040420261507  0.261  4.3  152.6  11.4  0.72  16.2  25.9
040420261508  0.261  4.4  153.2  11.4  0.59  25.4  25.9
040420261509  0.261  4.4  153.5  11.4  0.71  20.7  25.9
040420261510  0.261  4.4  150.5  9.7  0.64  14.9  25.9
040420261511  0.261  4.3  151.5  9.7  0.59  21.4  25.9
040420261512  0.261  4.5  147.0  10.1  0.66  18.8  25.9
040420261513  0.261  4.4  147.8  10.1  0.73  21.2  25.9
040420261514  0.263  4.5  146.3  10.1  0.54  18.9  25.9
040420261515  0.262  4.4  149.3  10.1  0.60  21.6  25.9
040420261516  0.263  4.5  146.5  10.1  0.58  21.2  25.9
040420261517  0.264  4.5  146.7  10.1  0.55  21.3  25.9
040420261518  0.266  5.0  144.8  12.3  0.49  24.6  25.9
040420261519  0.267  5.4  142.9  12.3  0.58  25.5  25.9
040420261520  0.268  5.3  145.7  12.3  0.45  22.0  25.9
040420261521  0.269  5.4  145.8  12.3  0.58  25.1  25.9
040420261522  0.269  5.2  148.6  12.3  0.53  22.3  25.9
040420261523  0.270  5.3  148.7  12.3  0.50  25.5  26.0
040420261524  0.271  5.2  149.7  12.3  0.45  26.5  26.0
040420261525  0.270  5.5  151.2  12.3  0.58  15.6  26.0
040420261526  0.272  5.7  152.7  12.3  0.61  20.0  26.0
040420261527  0.272  5.9  152.3  12.3  0.61  18.4  26.0
040420261528  0.274  5.6  152.4  10.3  0.69  13.7  26.0
040420261529  0.276  5.4  155.6  10.3  0.49  10.2  26.0
040420261530  0.278  5.3  153.2  10.3  0.62  16.3  26.0
040420261531  0.280  5.4  152.4  10.3  0.68  17.4  26.0
040420261532  0.282  5.4  154.1  10.3  0.58  20.6  25.9
040420261533  0.281  5.3  153.7  10.3  0.54  5.5  25.9
040420261534  0.284  5.5  154.3  10.3  0.60  6.8  25.9
040420261535  0.286  5.4  152.8  10.3  0.60  5.1  25.9
040420261536  0.287  5.1  156.0  9.4  0.56  3.4  25.9
040420261537  0.291  4.9  157.0  9.7  0.45  5.5  25.9
040420261538  0.294  4.8  158.2  9.7  0.52  357.1  25.9
040420261539  0.297  4.9  155.8  9.7  0.45  356.6  25.9
040420261540  0.299  5.0  151.7  9.7  0.47  354.6  25.9
040420261541  0.302  4.9  152.6  9.7  0.39  359.0  25.9
040420261542  0.304  4.9  150.3  9.7  0.34  357.2  25.9
040420261543  0.307  4.7  151.9  9.7  0.47  4.8  25.9
040420261544  0.309  4.7  150.9  10.0  0.45  6.0  25.9
040420261545  0.311  4.7  149.5  10.0  0.39  359.2  26.0
040420261546  0.313  4.5  144.4  10.0  0.41  354.1  25.9
040420261547  0.314  4.5  142.7  10.0  0.46  356.8  26.0
040420261548  0.315  4.5  143.8  10.0  0.37  357.1  26.0
040420261549  0.317  4.3  144.7  10.0  0.33  353.8  26.0
040420261550  0.319  4.0  154.1  10.0  0.33  342.1  26.0
040420261551  0.320  3.9  153.0  10.0  0.39  349.2  26.0
040420261552  0.321  3.7  153.6  10.0  0.37  350.5  26.0
040420261553  0.323  3.8  151.3  10.0  0.31  347.3  25.9
040420261554  0.325  3.5  150.7  9.1  0.34  3.4  25.9
040420261555  0.327  3.2  148.8  9.1  0.57  358.8  25.9
040420261556  0.329  3.4  153.3  9.1  0.47  3.3  25.9
040420261557  0.330  3.3  158.7  7.1  0.27  348.0  25.9
040420261558  0.330  3.1  156.1  6.0  0.27  353.7  25.9
040420261559  0.330  3.1  154.3  5.7  0.41  348.4  25.9
040420261600  0.330  3.5  155.8  16.4  0.43  359.5  25.9
040420261601  0.331  3.6  157.7  16.4  0.41  5.7  25.9
040420261602  0.331  3.5  159.9  16.4  0.46  355.8  25.9
040420261603  0.331  3.4  162.0  16.4  0.37  4.0  25.9
040420261604  0.331  3.5  165.6  16.4  0.41  356.4  25.9
040420261605  0.333  3.6  170.6  16.4  0.48  8.6  25.9
040420261606  0.334  3.8  168.1  16.4  0.28  5.2  25.9
040420261607  0.334  4.0  169.0  16.4  0.46  6.4  25.9
040420261608  0.334  4.5  171.1  16.4  0.47  2.6  25.9
040420261609  0.334  4.6  174.9  16.4  0.34  11.0  26.0
040420261610  0.334  4.4  174.7  10.0  0.39  14.8  26.0
040420261611  0.334  4.6  176.4  10.1  0.45  14.0  26.0
040420261612  0.335  4.9  178.2  10.1  0.41  8.4  26.0
040420261613  0.336  5.2  180.1  10.1  0.40  359.5  26.0
040420261614  0.336  5.4  178.2  10.1  0.43  0.4  26.0
040420261615  0.337  5.5  175.6  10.1  0.41  9.7  26.0
040420261616  0.338  5.8  177.6  10.1  0.45  8.5  26.0
040420261617  0.338  5.9  176.9  10.1  0.42  10.0  26.0
040420261618  0.338  5.9  176.4  10.6  0.38  5.9  26.0
040420261619  0.339  6.0  175.4  10.6  0.33  1.5  26.0
040420261620  0.341  6.0  174.6  10.6  0.40  5.0  26.0
040420261621  0.341  5.9  173.5  10.6  0.45  7.5  26.0
040420261622  0.342  5.9  172.2  10.6  0.40  3.0  26.0
040420261623  0.344  5.8  171.7  10.6  0.38  9.1  26.0
040420261624  0.344  5.5  169.9  10.6  0.48  5.8  26.0
040420261625  0.345  5.3  171.4  10.6  0.34  3.4  26.0
040420261626  0.347  4.9  168.8  10.6  0.50  5.6  26.0
040420261627  0.348  4.7  169.3  10.6  0.46  0.5  26.0
040420261628  0.351  4.5  167.8  9.8  0.36  3.6  26.0
040420261629  0.353  4.4  169.0  8.6  0.39  2.0  26.0
040420261630  0.356  4.3  168.2  8.6  0.43  355.7  26.0
040420261631  0.360  4.7  168.1  12.4  0.39  8.6  26.0
040420261632  0.362  4.6  164.7  12.4  0.25  357.9  26.0
040420261633  0.368  4.5  161.9  12.4  0.27  1.6  26.0
040420261634  0.371  4.9  166.1  12.4  0.24  0.3  26.0
040420261635  0.375  5.0  166.4  12.4  0.34  357.6  26.0
040420261636  0.380  4.7  165.1  12.4  0.33  1.9  26.0
040420261637  0.385  4.6  166.1  12.4  0.27  12.5  26.0
040420261638  0.390  4.7  168.8  12.4  0.34  9.7  26.0
040420261639  0.394  4.6  169.0  12.4  0.26  351.2  26.0
040420261640  0.399  4.9  169.9  12.4  0.28  1.3  26.0
040420261641  0.403  4.7  171.6  11.0  0.15  340.4  26.0
040420261642  0.408  5.1  177.1  14.4  0.16  334.0  26.0
040420261643  0.413  5.3  176.9  14.4  0.05  320.4  26.0
040420261644  0.417  5.1  175.5  14.4  0.17  329.2  26.0
040420261645  0.422  5.4  178.8  14.4  0.11  345.3  26.0
040420261646  0.428  5.9  181.9  14.4  0.06  12.0  26.0
040420261647  0.432  6.1  180.9  14.4  0.14  345.2  26.0
040420261648  0.437  6.0  180.2  14.4  0.04  285.7  26.0
040420261649  0.444  5.9  178.8  14.4  0.05  329.6  26.0
040420261650  0.449  5.5  178.4  14.4  0.06  240.0  26.0
040420261651  0.455  5.5  176.4  14.4  0.07  254.8  26.0
040420261652  0.462  5.2  174.9  9.9  0.23  197.4  26.0
040420261653  0.467  5.0  176.5  9.9  0.17  201.6  26.0
040420261654  0.472  4.7  176.4  9.9  0.14  214.8  26.0
040420261655  0.479  4.7  172.9  10.6  0.11  195.2  26.0
040420261656  0.484  4.4  168.9  10.6  0.14  232.2  26.0
040420261657  0.489  4.2  168.2  10.6  0.13  213.5  26.0
040420261658  0.494  4.2  168.1  10.6  0.20  204.0  26.0
040420261659  0.500  4.4  169.3  10.6  0.16  205.9  26.0
040420261700  0.503  4.4  169.6  10.6  0.26  205.2  26.0
040420261701  0.507  4.1  169.4  10.6  0.44  199.3  26.0
040420261702  0.512  3.8  167.8  10.6  0.28  200.4  26.0
040420261703  0.517  3.8  166.5  10.6  0.32  197.1  26.0
040420261704  0.524  4.0  167.3  10.6  0.29  210.1  26.0
040420261705  0.528  3.9  167.3  9.1  0.36  193.4  26.0
040420261706  0.533  4.3  171.7  10.2  0.33  206.6  26.0
040420261707  0.538  4.6  172.2  10.2  0.40  199.6  26.0
040420261708  0.542  4.6  170.9  10.2  0.34  194.5  26.0
040420261709  0.546  4.2  170.4  10.2  0.39  193.2  26.0
040420261710  0.552  4.4  173.1  10.2  0.33  188.7  26.0
040420261711  0.557  4.7  176.8  10.2  0.46  193.9  26.0
040420261712  0.561  5.3  173.9  15.6  0.45  192.2  26.0
040420261713  0.566  5.9  174.2  15.6  0.39  189.7  26.0
040420261714  0.570  6.2  174.0  15.6  0.47  190.2  26.0
040420261715  0.574  6.3  172.5  15.6  0.32  194.9  26.0
040420261716  0.577  6.1  172.9  15.6  0.25  193.2  26.0
040420261717  0.582  6.4  172.7  15.6  0.39  194.9  25.9
040420261718  0.586  6.5  174.4  15.6  0.28  196.7  25.9
040420261719  0.589  6.9  175.0  15.6  0.41  197.9  25.9
040420261720  0.593  6.9  174.5  15.6  0.47  198.3  25.9
040420261721  0.596  7.0  174.2  15.6  0.50  193.3  25.9
040420261722  0.601  6.6  176.2  15.3  0.41  190.8  25.9
040420261723  0.604  6.2  176.2  15.3  0.38  194.4  25.9
040420261724  0.608  5.8  178.2  15.3  0.29  196.2  25.9
040420261725  0.612  6.0  178.7  15.3  0.35  204.9  25.9
040420261726  0.617  6.2  176.7  15.3  0.31  194.0  25.9
040420261727  0.621  6.3  181.9  16.0  0.36  196.2  25.9
040420261728  0.625  6.4  183.2  16.0  0.50  184.9  25.9
040420261729  0.628  6.3  181.4  16.0  0.40  186.4  25.9
040420261730  0.633  6.3  182.1  16.0  0.42  187.9  25.9
040420261731  0.636  6.1  182.0  16.0  0.70  188.1  25.9
040420261732  0.641  6.4  182.6  16.0  0.50  187.3  25.9
040420261733  0.644  6.4  183.6  16.0  0.56  188.4  25.9
040420261734  0.648  7.0  183.5  16.0  0.52  179.5  25.9
040420261735  0.651  6.7  184.8  16.0  0.56  188.2  25.9
040420261736  0.655  6.3  186.4  16.0  0.50  181.7  25.9
040420261737  0.660  5.9  183.8  11.6  0.41  171.0  25.9
040420261738  0.664  6.3  185.1  16.4  0.48  185.8  25.9
040420261739  0.666  6.5  182.9  16.4  0.50  183.0  25.9
040420261740  0.669  6.5  183.2  16.4  0.49  178.1  25.9
040420261741  0.675  6.7  181.9  16.4  0.44  176.6  25.9
040420261742  0.678  6.9  181.7  16.4  0.51  177.3  25.9
040420261743  0.682  7.3  179.5  16.4  0.55  179.8  25.9
040420261744  0.685  7.5  179.6  16.4  0.43  172.1  25.9
040420261745  0.687  7.6  178.6  16.4  0.46  178.4  25.9
040420261746  0.692  8.1  178.3  16.4  0.59  184.9  25.9
040420261747  0.696  8.4  177.2  16.4  0.57  179.1  25.9
040420261748  0.701  8.1  175.6  15.3  0.65  177.3  25.9
040420261749  0.705  8.0  178.1  15.3  0.46  176.8  25.9
040420261750  0.709  8.1  176.5  15.3  0.54  178.7  25.9
040420261751  0.713  8.4  176.0  15.3  0.56  186.6  25.9
040420261752  0.718  8.5  174.4  15.3  0.62  182.6  25.9
040420261753  0.721  8.4  175.7  14.7  0.71  180.7  25.9
040420261754  0.725  8.2  176.0  13.8  0.63  180.7  25.9
040420261755  0.728  8.6  175.7  15.1  0.63  180.8  25.9
040420261756  0.731  8.7  175.9  15.1  0.58  180.9  25.9
040420261757  0.736  8.6  176.0  15.1  0.64  181.8  25.9
040420261758  0.739  8.5  174.9  15.1  0.62  182.2  25.9
040420261759  0.744  8.5  175.6  15.1  0.60  182.3  25.9
040420261800  0.747  8.4  176.5  15.1  0.59  182.4  25.9
040420261801  0.750  8.4  175.4  15.1  0.64  184.2  25.9
040420261802  0.753  8.2  175.2  15.1  0.65  180.9  25.9
040420261803  0.756  8.2  175.2  15.1  0.63  185.4  25.9
040420261804  0.760  8.0  172.0  15.1  0.69  181.4  25.9
040420261805  0.764  7.5  172.4  13.4  0.60  183.2  25.9
040420261806  0.769  7.3  172.5  13.4  0.56  183.4  25.9
040420261807  0.772  7.1  172.7  13.4  0.61  190.0  25.9
040420261808  0.778  7.2  173.6  13.4  0.70  189.8  25.9
040420261809  0.783  7.2  172.1  13.4  0.60  193.0  25.9
040420261810  0.788  7.2  170.2  13.4  0.56  194.4  25.9
040420261811  0.794  7.2  169.1  11.1  0.45  205.8  25.9
040420261812  0.798  7.2  171.0  11.1  0.49  189.5  25.9
040420261813  0.803  7.0  170.9  11.1  0.47  185.5  25.9
040420261814  0.807  6.7  170.7  11.1  0.50  195.4  25.9
040420261815  0.813  6.7  169.3  11.1  0.54  195.0  25.9
040420261816  0.819  6.6  167.8  11.1  0.47  196.9  25.9
040420261817  0.824  6.9  169.6  18.5  0.48  193.0  25.9
040420261818  0.830  7.2  171.9  18.5  0.48  193.5  25.9
040420261819  0.839  7.4  171.8  18.5  0.46  188.5  25.9
040420261820  0.845  7.5  172.8  18.5  0.45  187.0  25.9
040420261821  0.852  7.3  175.2  18.5  0.47  188.8  25.9
040420261822  0.858  7.4  175.8  18.5  0.39  198.3  25.9
040420261823  0.864  7.6  176.9  18.5  0.50  191.6  25.9
040420261824  0.871  8.2  179.3  18.5  0.49  193.6  25.9
040420261825  0.877  8.5  178.7  18.5  0.54  191.2  25.9
040420261826  0.883  8.7  180.9  18.5  0.51  186.1  25.9
040420261827  0.890  8.7  180.6  14.7  0.45  188.0  25.9
040420261828  0.897  8.4  178.8  12.7  0.60  189.3  25.9
040420261829  0.902  8.6  180.4  13.2  0.42  183.1  25.9
040420261830  0.910  8.6  180.8  13.2  0.56  187.6  25.9
040420261831  0.917  8.9  182.5  13.2  0.61  191.3  25.9
040420261832  0.923  8.3  181.9  13.2  0.68  186.7  25.9
040420261833  0.929  7.9  182.5  13.2  0.67  186.7  25.9
040420261834  0.934  7.8  181.2  13.2  0.64  187.7  25.9
040420261835  0.940  7.6  182.8  13.2  0.78  186.4  25.9
040420261836  0.945  7.7  181.4  13.2  0.72  190.9  25.9
040420261837  0.950  7.7  180.8  13.2  0.76  183.5  25.9
040420261838  0.956  7.7  181.9  13.2  0.73  180.6  25.9
040420261839  0.963  7.3  183.4  12.1  0.68  177.7  25.9
040420261840  0.968  7.3  185.3  12.1  0.68  183.9  25.9
040420261841  0.973  7.3  184.3  12.1  0.72  180.6  25.9
040420261842  0.978  7.9  185.9  12.1  0.69  180.1  25.9
040420261843  0.984  8.2  185.4  12.1  0.75  179.5  25.9
040420261844  0.988  8.3  187.3  12.1  0.80  181.2  25.9
040420261845  0.993  8.5  188.8  12.1  0.81  183.4  25.9
040420261846  0.999  8.3  188.7  11.3  0.66  182.1  25.9
040420261847  1.004  8.4  189.5  11.3  0.74  178.0  25.9
040420261848  1.011  8.4  188.9  11.3  0.95  180.4  25.9
040420261849  1.015  8.6  187.7  13.0  0.83  178.6  25.9
040420261850  1.021  8.8  187.8  13.0  0.78  173.7  25.9
040420261851  1.027  8.8  187.9  13.0  0.71  178.8  25.9
040420261852  1.033  8.7  187.6  13.0  0.79  184.0  25.9
040420261853  1.039  8.9  188.0  13.6  0.83  181.5  25.9
040420261854  1.044  9.1  186.9  13.6  0.85  180.4  25.9
040420261855  1.050  9.1  187.6  13.6  0.77  174.8  25.9
040420261856  1.055  9.3  189.2  13.6  0.84  178.2  25.9
040420261857  1.062  9.2  188.7  13.6  0.80  178.5  25.8
040420261858  1.067  9.3  187.8  13.6  0.89  180.7  25.9
040420261859  1.072  9.2  188.0  13.6  0.85  180.8  25.8
040420261900  1.075  9.2  187.1  13.6  0.74  178.4  25.9
040420261901  1.080  9.3  186.6  13.6  0.82  180.0  25.8
040420261902  1.084  9.0  185.7  13.6  0.80  177.4  25.8
040420261903  1.088  8.4  184.2  12.9  0.85  178.8  25.8
040420261904  1.093  8.1  184.3  12.9  0.88  179.8  25.8
040420261905  1.096  7.7  182.8  12.9  0.88  180.6  25.8
040420261906  1.100  7.4  181.7  12.9  0.88  184.7  25.8
040420261907  1.105  7.6  182.6  13.4  0.80  179.4  25.8
040420261908  1.109  7.6  184.7  13.4  0.72  180.6  25.8
040420261909  1.114  7.3  181.4  13.4  0.80  181.7  25.8
040420261910  1.117  7.2  180.9  13.4  0.77  179.8  25.8
040420261911  1.121  7.3  181.4  15.7  0.72  178.7  25.8
040420261912  1.124  7.7  181.2  15.7  0.83  183.7  25.8
040420261913  1.128  8.2  181.4  15.7  0.79  179.2  25.8
040420261914  1.132  8.6  179.2  15.7  0.73  175.1  25.8
040420261915  1.136  9.0  180.0  15.7  0.84  181.4  25.8
040420261916  1.141  9.0  179.8  15.7  0.70  178.6  25.8
040420261917  1.146  8.7  178.5  15.7  0.81  177.8  25.8
040420261918  1.150  8.9  177.8  15.7  0.84  182.0  25.8
040420261919  1.155  9.3  179.9  15.7  0.74  176.8  25.8
040420261920  1.159  9.2  179.2  15.7  0.76  178.3  25.8
040420261921  1.163  9.0  179.5  13.2  0.77  178.4  25.8
040420261922  1.167  8.8  179.8  13.2  0.75  178.1  25.8
040420261923  1.172  8.3  179.8  13.2  0.81  182.3  25.8
040420261924  1.177  7.7  183.0  12.7  0.69  174.0  25.8
040420261925  1.181  7.5  183.2  12.7  0.72  182.6  25.8
040420261926  1.186  7.3  182.6  12.7  0.71  177.3  25.8
040420261927  1.190  7.1  181.5  12.7  0.77  175.1  25.8
040420261928  1.195  6.7  182.2  12.7  0.86  181.0  25.8
040420261929  1.200  6.6  184.1  12.1  0.90  179.5  25.8
040420261930  1.204  6.8  186.8  12.1  0.81  180.6  25.7
040420261931  1.207  7.0  187.2  12.1  0.83  177.2  25.7
040420261932  1.212  7.2  188.3  12.1  0.67  175.9  25.7
040420261933  1.216  7.6  188.7  12.1  0.85  179.8  25.7
040420261934  1.218  7.9  188.4  12.1  0.73  174.4  25.7
040420261935  1.222  8.2  187.4  12.1  0.78  176.7  25.7
040420261936  1.226  8.6  187.1  12.1  0.83  180.8  25.7
040420261937  1.229  9.3  188.9  12.1  0.84  181.3  25.7
040420261938  1.233  9.5  187.0  12.6  0.78  178.7  25.7
040420261939  1.235  9.4  186.2  12.6  0.65  180.7  25.7
040420261940  1.238  9.2  185.5  12.6  0.80  181.2  25.7
040420261941  1.242  9.3  186.5  12.6  0.70  183.6  25.7
040420261942  1.246  9.3  186.8  12.6  0.68  178.7  25.7
040420261943  1.251  9.5  187.9  13.3  0.78  179.7  25.7
040420261944  1.255  9.8  188.3  13.7  0.67  180.1  25.7
040420261945  1.260  9.8  189.6  13.7  0.81  186.6  25.7
040420261946  1.264  10.1  191.4  14.9  0.70  177.2  25.7
040420261947  1.269  10.0  191.1  14.9  0.69  182.1  25.7
040420261948  1.274  10.0  192.4  14.9  0.85  182.8  25.7
040420261949  1.278  9.9  192.9  14.9  0.74  180.6  25.7
040420261950  1.285  10.3  193.4  14.9  0.68  173.5  25.7
040420261951  1.291  10.2  192.2  14.9  0.84  177.3  25.7
040420261952  1.297  10.4  192.1  15.8  0.67  182.5  25.7
040420261953  1.303  10.5  191.5  15.8  0.75  180.5  25.7
040420261954  1.309  10.9  190.9  17.6  0.85  184.5  25.7
040420261955  1.316  11.2  187.4  17.7  0.79  181.3  25.7
040420261956  1.322  10.7  184.3  17.7  0.73  178.2  25.7
040420261957  1.327  10.8  183.6  17.7  0.81  181.7  25.7
040420261958  1.333  11.0  183.8  17.7  0.83  177.6  25.7
040420261959  1.339  11.6  184.4  17.7  0.88  175.5  25.7
040420262000  1.345  11.7  184.6  17.7  0.89  181.4  25.7
040420262001  1.351  11.9  184.6  17.7  0.82  179.7  25.7
040420262002  1.357  11.5  183.2  17.7  0.86  177.9  25.7
040420262003  1.364  11.2  182.6  17.7  0.83  178.3  25.7
040420262004  1.368  10.6  182.6  17.7  0.79  177.8  25.7
040420262005  1.373  10.1  185.3  16.0  0.85  178.6  25.7
040420262006  1.378  9.9  187.1  16.0  0.82  172.4  25.7
040420262007  1.381  9.6  187.8  16.0  0.75  175.4  25.7
040420262008  1.385  9.2  187.5  16.0  0.88  177.4  25.7
040420262009  1.388  8.4  187.4  14.9  0.81  176.1  25.7
040420262010  1.393  8.2  188.4  14.7  0.70  170.7  25.7
040420262011  1.396  8.5  189.3  18.4  0.85  175.8  25.7
040420262012  1.400  8.6  190.0  18.4  0.84  180.0  25.7
040420262013  1.402  8.7  191.2  18.4  0.79  175.9  25.7
040420262014  1.405  8.8  190.1  18.4  0.75  180.2  25.7
040420262015  1.409  9.2  191.5  18.4  0.77  177.8  25.7
040420262016  1.411  9.7  192.4  18.4  0.75  183.9  25.7
040420262017  1.414  10.4  193.7  18.4  0.87  182.4  25.7
040420262018  1.417  11.0  194.7  18.4  0.77  183.1  25.7
040420262019  1.419  11.7  194.3  18.4  0.74  181.2  25.7
040420262020  1.422  12.0  193.9  18.4  0.70  180.0  25.7
040420262021  1.425  11.9  194.6  17.0  0.82  187.4  25.7
040420262022  1.427  12.2  196.3  17.0  0.81  176.5  25.7
040420262023  1.428  12.6  197.0  17.0  0.82  178.7  25.6
040420262024  1.430  13.1  198.8  19.8  0.95  179.7  25.6
040420262025  1.432  13.4  198.2  19.8  0.77  176.1  25.6
040420262026  1.435  13.4  197.9  19.8  0.79  176.4  25.6
040420262027  1.439  13.1  197.0  19.8  0.70  171.9  25.6
040420262028  1.440  13.2  197.9  19.8  0.69  174.5  25.6
040420262029  1.443  13.0  198.5  19.8  0.84  177.8  25.6
040420262030  1.445  13.0  198.6  19.8  0.73  177.7  25.6
040420262031  1.447  12.8  199.2  19.8  0.69  176.1  25.6
040420262032  1.450  12.6  198.8  19.8  0.75  185.5  25.6
040420262033  1.452  12.3  198.4  19.8  0.63  180.3  25.6
040420262034  1.455  11.6  197.6  16.3  0.88  177.4  25.6
040420262035  1.456  11.3  199.1  14.9  0.77  176.0  25.6
040420262036  1.459  11.1  199.8  14.9  0.68  176.4  25.6
040420262037  1.462  11.0  200.4  14.9  0.73  177.9  25.6
040420262038  1.465  10.9  199.7  14.2  0.74  179.5  25.6
040420262039  1.467  11.1  200.1  16.6  0.77  183.1  25.6
040420262040  1.470  11.1  201.2  16.6  0.63  174.2  25.6
040420262041  1.474  11.2  201.4  16.6  0.76  178.0  25.6
040420262042  1.476  11.6  201.0  16.6  0.88  182.2  25.6
040420262043  1.480  11.8  200.6  16.6  0.72  181.1  25.6
040420262044  1.483  12.2  201.3  16.6  0.71  179.4  25.6
040420262045  1.486  12.4  200.9  16.6  0.69  176.6  25.6
040420262046  1.490  12.5  201.3  16.6  0.77  181.5  25.6
040420262047  1.492  12.3  201.8  16.6  0.72  178.6  25.6
040420262048  1.494  12.3  201.5  16.6  0.62  178.5  25.6
040420262049  1.496  11.9  201.9  15.1  0.81  181.5  25.6
040420262050  1.499  11.7  199.8  15.1  0.79  181.7  25.6
040420262051  1.501  11.2  198.0  15.1  0.72  173.4  25.6
040420262052  1.504  10.7  198.3  15.1  0.78  175.2  25.6
040420262053  1.507  10.5  198.9  15.1  0.75  175.5  25.6
040420262054  1.510  10.4  198.4  14.3  0.85  175.1  25.6
040420262055  1.512  10.4  198.2  14.9  0.90  175.7  25.6
040420262056  1.515  10.3  198.0  14.9  0.82  180.4  25.6
040420262057  1.516  10.4  197.1  14.9  0.76  182.7  25.6
040420262058  1.519  10.4  197.6  14.9  0.70  175.7  25.6
040420262059  1.522  10.3  197.1  14.9  0.73  178.2  25.6
040420262100  1.525  10.1  197.8  14.9  0.80  175.0  25.6
040420262101  1.528  10.5  199.2  14.9  0.71  175.0  25.6
040420262102  1.531  11.0  199.2  15.4  0.73  175.9  25.6
040420262103  1.531  11.1  198.7  15.4  0.76  173.6  25.6
040420262104  1.533  11.0  198.6  15.4  0.75  172.3  25.6
040420262105  1.534  10.7  197.4  15.4  0.68  171.7  25.6
040420262106  1.536  10.7  197.1  15.4  0.87  174.1  25.6
040420262107  1.539  10.8  197.7  15.4  0.84  172.4  25.6
040420262108  1.540  10.8  197.3  15.4  0.78  169.6  25.6
040420262109  1.542  10.8  197.5  15.4  0.73  171.4  25.6
040420262110  1.543  10.7  197.4  15.4  0.81  173.1  25.6
040420262111  1.545  10.4  196.4  15.4  0.77  174.7  25.6
040420262112  1.547  9.9  197.1  13.5  0.64  167.9  25.6
040420262113  1.548  9.6  197.3  13.5  0.75  173.1  25.5
040420262114  1.551  9.3  197.7  12.8  0.61  170.3  25.5
040420262115  1.553  9.3  199.7  12.8  0.66  172.3  25.5
040420262116  1.556  9.2  200.7  12.8  0.68  180.6  25.5
040420262117  1.558  8.9  202.1  12.8  0.70  172.8  25.5
040420262118  1.560  8.6  204.1  11.0  0.85  178.5  25.5
040420262119  1.562  8.6  206.3  10.9  0.73  172.6  25.5
040420262120  1.564  8.6  207.6  10.9  0.70  176.0  25.5
040420262121  1.566  8.6  208.2  10.9  0.77  177.2  25.5
040420262122  1.568  8.6  208.7  10.9  0.76  175.4  25.5
040420262123  1.570  8.8  210.4  10.9  0.60  174.6  25.5
040420262124  1.573  8.7  210.7  10.9  0.80  175.0  25.5
040420262125  1.575  8.6  210.3  10.8  0.64  177.7  25.5
040420262126  1.577  8.4  210.0  10.8  0.81  171.1  25.5
040420262127  1.580  8.4  209.4  10.8  0.68  172.4  25.5
040420262128  1.581  8.4  208.4  10.8  0.75  175.6  25.5
040420262129  1.583  8.3  207.0  10.8  0.70  170.7  25.5
040420262130  1.586  8.4  207.1  10.8  0.67  171.6  25.5
040420262131  1.589  8.5  208.3  11.3  0.66  173.0  25.5
040420262132  1.590  8.4  207.6  11.3  0.66  177.3  25.5
040420262133  1.591  8.3  206.4  11.3  0.71  176.7  25.5
040420262134  1.593  8.2  206.3  11.3  0.81  177.1  25.5
040420262135  1.597  8.2  206.9  11.3  0.64  176.7  25.5
040420262136  1.600  8.1  207.6  11.3  0.69  178.1  25.5
040420262137  1.602  8.0  208.4  11.3  0.62  176.5  25.5
040420262138  1.604  7.9  209.0  11.3  0.63  176.0  25.5
040420262139  1.606  7.8  208.8  11.3  0.70  175.0  25.5
040420262140  1.608  7.7  207.4  11.3  0.64  171.8  25.5
040420262141  1.611  7.3  206.7  9.2  0.73  178.2  25.5
040420262142  1.613  7.2  207.4  9.2  0.57  175.3  25.5
040420262143  1.615  7.1  208.3  9.2  0.65  176.5  25.5
040420262144  1.618  7.0  208.4  9.2  0.67  176.6  25.5
040420262145  1.619  6.9  209.3  9.2  0.58  176.5  25.5
040420262146  1.621  6.8  209.6  9.2  0.70  177.4  25.5
040420262147  1.622  6.7  209.3  9.2  0.63  182.8  25.5
040420262148  1.622  6.6  209.3  9.2  0.57  181.2  25.5
040420262149  1.623  6.5  211.0  9.2  0.64  179.9  25.5
040420262150  1.624  6.5  213.4  8.8  0.56  176.8  25.5
040420262151  1.625  6.6  214.4  8.8  0.64  181.8  25.5
040420262152  1.624  6.6  214.6  8.8  0.61  180.5  25.5
040420262153  1.624  6.6  215.0  8.8  0.51  181.1  25.5
040420262154  1.622  6.5  216.2  8.8  0.63  178.9  25.5
040420262155  1.621  6.5  215.4  8.8  0.50  170.3  25.5
040420262156  1.620  6.4  215.2  8.8  0.57  184.3  25.5
040420262157  1.618  6.4  215.2  8.8  0.56  179.5  25.5
040420262158  1.616  6.4  215.3  8.8  0.56  184.2  25.5
040420262159  1.616  6.5  215.7  10.0  0.41  178.7  25.5
040420262200  1.615  6.6  215.0  10.0  0.50  178.7  25.5
040420262201  1.612  6.6  213.7  10.0  0.51  179.6  25.5
040420262202  1.608  6.7  213.7  10.0  0.37  180.5  25.5
040420262203  1.607  6.7  213.5  10.0  0.55  179.4  25.5
040420262204  1.605  6.8  212.0  10.0  0.49  178.4  25.5
040420262205  1.604  6.9  211.7  10.0  0.40  178.5  25.5
040420262206  1.602  7.3  209.9  12.0  0.40  179.0  25.5
040420262207  1.599  7.5  207.7  12.0  0.46  179.5  25.5
040420262208  1.597  7.7  206.6  13.7  0.39  180.5  25.5
040420262209  1.596  8.1  204.6  13.7  0.38  183.2  25.5
040420262210  1.596  8.2  202.5  13.7  0.31  182.7  25.5
040420262211  1.594  8.4  201.0  13.7  0.39  189.4  25.5
040420262212  1.592  8.8  200.0  13.7  0.27  177.3  25.5
040420262213  1.591  9.1  198.3  13.7  0.31  177.9  25.5
040420262214  1.589  9.5  197.2  13.7  0.31  187.8  25.5
040420262215  1.587  9.9  195.9  14.3  0.31  186.4  25.5
040420262216  1.586  9.8  195.3  14.3  0.23  194.3  25.5
040420262217  1.585  10.2  195.1  14.4  0.43  178.2  25.5
040420262218  1.584  10.2  194.2  14.4  0.38  178.7  25.5
040420262219  1.583  10.3  194.6  14.4  0.36  172.3  25.5
040420262220  1.583  10.6  195.3  16.1  0.35  168.4  25.5
040420262221  1.581  10.7  195.3  16.1  0.31  168.1  25.5
040420262222  1.580  10.6  194.5  16.1  0.38  165.8  25.5
040420262223  1.578  10.5  194.1  16.1  0.31  162.0  25.5
040420262224  1.576  10.7  193.7  16.1  0.35  164.8  25.5
040420262225  1.576  10.6  192.1  16.1  0.39  169.7  25.5
040420262226  1.573  10.7  191.3  16.1  0.26  162.1  25.5
040420262227  1.573  10.3  190.6  16.1  0.27  167.3  25.5
040420262228  1.571  10.3  190.3  16.1  0.34  157.2  25.5
040420262229  1.569  10.2  187.4  16.1  0.25  156.9  25.5
040420262230  1.568  10.0  186.7  14.4  0.28  154.1  25.5
040420262231  1.567  9.9  186.9  14.4  0.41  167.6  25.5
040420262232  1.565  10.0  186.8  14.4  0.36  162.7  25.5
040420262233  1.564  10.2  187.7  14.4  0.33  163.9  25.5
040420262234  1.564  9.8  187.8  14.4  0.31  168.3  25.5
040420262235  1.561  9.5  190.1  14.4  0.37  173.6  25.5
040420262236  1.561  9.6  191.5  14.4  0.43  173.6  25.5
040420262237  1.558  9.7  192.1  14.4  0.44  178.3  25.5
040420262238  1.556  9.6  192.5  14.4  0.34  169.1  25.5
040420262239  1.554  9.5  193.3  13.1  0.28  170.8  25.5
040420262240  1.551  9.4  192.3  12.8  0.35  177.3  25.5
040420262241  1.548  9.3  191.4  12.8  0.31  172.5  25.5
040420262242  1.546  9.0  191.3  12.3  0.34  169.9  25.5
040420262243  1.543  8.7  191.1  12.3  0.29  174.3  25.5
040420262244  1.539  8.5  191.4  12.3  0.20  162.9  25.5
040420262245  1.536  8.4  190.9  12.3  0.25  166.9  25.5
040420262246  1.533  8.2  191.4  11.4  0.38  175.3  25.5
040420262247  1.530  8.2  192.9  13.2  0.29  165.7  25.5
040420262248  1.527  8.2  193.3  13.2  0.30  166.0  25.5
040420262249  1.523  8.2  194.9  13.2  0.30  171.0  25.5
040420262250  1.520  8.5  196.9  13.2  0.25  173.6  25.5
040420262251  1.516  8.7  198.7  13.2  0.21  171.4  25.5
040420262252  1.513  8.8  199.6  13.2  0.25  176.2  25.5
040420262253  1.510  9.0  199.1  13.5  0.22  165.2  25.5
040420262254  1.507  9.3  199.5  13.5  0.20  173.8  25.5
040420262255  1.504  9.6  199.4  13.5  0.17  158.7  25.5
040420262256  1.502  9.6  198.8  13.5  0.22  175.5  25.5
040420262257  1.500  9.5  197.1  13.5  0.30  183.7  25.5
040420262258  1.498  9.4  196.8  13.5  0.11  150.9  25.5
040420262259  1.495  9.4  195.6  13.5  0.20  169.1  25.5
040420262300  1.492  9.1  194.8  13.5  0.22  159.6  25.5
040420262301  1.490  9.0  194.4  13.5  0.20  151.8  25.5
040420262302  1.487  9.0  194.5  13.5  0.21  161.8  25.5
040420262303  1.483  8.8  194.1  11.9  0.19  170.1  25.5
040420262304  1.482  8.9  193.9  12.7  0.19  170.4  25.5
040420262305  1.478  8.7  193.4  12.7  0.19  156.3  25.5
040420262306  1.475  8.6  193.3  12.7  0.14  134.6  25.5
040420262307  1.472  8.5  194.2  12.7  0.17  160.2  25.5
040420262308  1.470  8.5  194.6  12.7  0.16  140.4  25.5
040420262309  1.467  8.6  195.6  12.7  0.10  104.4  25.5
040420262310  1.465  8.5  194.9  12.7  0.12  130.0  25.5
040420262311  1.465  8.6  192.9  12.7  0.18  133.9  25.5
040420262312  1.462  8.5  191.8  12.7  0.10  152.2  25.5
040420262313  1.460  8.4  192.3  12.7  0.12  142.3  25.5
040420262314  1.457  8.2  191.9  12.3  0.15  181.1  25.5
040420262315  1.456  8.5  193.3  14.0  0.11  147.2  25.5
040420262316  1.453  8.7  193.3  14.0  0.09  146.8  25.5
040420262317  1.450  8.6  191.6  14.0  0.14  171.6  25.5
040420262318  1.448  8.5  190.5  14.0  0.09  156.0  25.5
040420262319  1.445  8.7  190.8  14.0  0.03  45.5  25.5
040420262320  1.442  8.7  190.5  14.0  0.08  150.7  25.5
040420262321  1.440  8.8  191.6  14.0  0.09  106.2  25.5
040420262322  1.437  9.0  191.1  14.0  0.06  151.6  25.5
040420262323  1.433  9.4  190.8  14.0  0.19  168.7  25.5
040420262324  1.430  9.7  189.6  14.0  0.17  197.4  25.5
040420262325  1.426  9.8  187.8  13.2  0.06  126.6  25.5
040420262326  1.423  9.7  187.3  13.2  0.09  181.2  25.5
040420262327  1.419  9.9  188.3  13.2  0.12  179.0  25.5
040420262328  1.416  10.3  189.7  13.2  0.14  169.8  25.5
040420262329  1.412  10.2  188.1  13.2  0.05  206.3  25.5
040420262330  1.408  10.4  188.0  13.8  0.05  80.8  25.5
040420262331  1.405  10.5  186.7  13.8  0.07  159.6  25.5
040420262332  1.401  10.7  186.9  13.8  nan  nan  nan
040420262333  1.396  10.7  188.0  13.9  0.09  33.8  25.5
040420262334  1.393  10.7  188.8  13.9  0.04  165.8  25.5
040420262335  1.389  10.2  188.7  13.9  0.07  5.0  25.5
040420262336  1.386  9.8  188.0  13.9  0.09  22.3  25.5
040420262337  1.382  9.7  189.3  13.9  0.06  260.5  25.5
040420262338  1.378  9.5  188.7  13.9  0.12  21.7  25.5
040420262339  1.375  9.2  189.2  13.9  0.06  46.9  25.5
040420262340  1.371  8.8  190.1  13.9  0.06  11.8  25.5
040420262341  1.367  8.5  191.9  13.9  0.11  25.8  25.5
040420262342  1.363  8.5  193.6  14.8  0.09  332.9  25.5
040420262343  1.359  8.2  192.2  14.8  0.10  331.5  25.5
040420262344  1.355  8.0  191.9  14.8  0.13  329.8  25.5
040420262345  1.352  8.0  192.1  14.8  0.07  354.5  25.5
040420262346  1.348  8.5  192.2  14.8  0.10  330.5  25.5
040420262347  1.344  8.4  191.0  14.8  0.14  332.7  25.5
040420262348  1.340  8.2  191.0  14.8  0.09  301.1  25.5
040420262349  1.336  8.4  191.4  14.8  0.20  359.2  25.5
040420262350  1.333  8.6  191.5  14.8  0.17  351.6  25.5
040420262351  1.328  8.6  191.0  14.8  0.13  330.0  25.5
040420262352  1.323  8.2  190.3  11.5  0.19  346.6  25.5
040420262353  1.319  8.2  190.2  10.8  0.25  2.1  25.5
040420262354  1.314  8.1  189.9  10.8  0.18  0.0  25.5
040420262355  1.310  8.1  190.4  10.8  0.31  356.5  25.5
040420262356  1.304  8.1  190.9  10.8  0.21  342.5  25.5
040420262357  1.301  8.2  190.8  10.8  0.21  347.4  25.5
040420262358  1.297  8.2  190.2  10.8  0.23  346.3  25.5
040420262359  1.294  8.2  190.2  10.8  0.19  5.9  25.5
050420260000  1.291  8.1  190.4  10.8  0.17  333.0  25.5
050420260001  1.289  8.1  190.0  10.8  0.12  323.0  25.5
050420260002  1.285  8.3  189.9  12.0  0.36  353.6  25.5
050420260003  1.283  8.6  190.1  13.2  0.23  353.0  25.5
050420260004  1.280  8.6  190.6  13.2  0.31  355.4  25.5
050420260005  1.277  8.8  190.6  13.2  0.23  353.4  25.5
050420260006  1.274  8.7  192.3  13.2  0.28  2.1  25.5
050420260007  1.271  8.9  192.3  13.2  0.36  5.6  25.5
050420260008  1.267  9.1  192.4  13.2  0.30  4.8  25.5
050420260009  1.262  9.2  192.1  13.2  0.32  354.1  25.5
050420260010  1.258  9.2  191.3  13.2  0.32  3.4  25.5
050420260011  1.253  9.2  192.3  13.2  0.29  0.8  25.5
050420260012  1.249  9.0  192.8  13.2  0.36  6.9  25.5
050420260013  1.245  8.8  194.0  13.1  0.44  359.5  25.5
050420260014  1.240  8.7  194.4  13.1  0.46  4.6  25.5
050420260015  1.236  8.9  195.7  14.2  0.56  0.5  25.5
050420260016  1.230  9.3  194.8  14.2  0.51  6.5  25.5
050420260017  1.225  9.5  193.5  14.2  0.54  8.6  25.5
050420260018  1.219  9.5  193.3  14.2  0.57  1.4  25.5
050420260019  1.213  9.7  193.4  14.2  0.48  1.6  25.5
050420260020  1.207  9.9  193.9  14.2  0.50  358.2  25.5
050420260021  1.201  10.2  193.2  14.2  0.52  358.0  25.5
050420260022  1.195  10.6  192.1  14.2  0.63  3.2  25.5
050420260023  1.188  10.9  191.3  14.4  0.62  3.5  25.5
050420260024  1.181  11.0  191.2  14.4  0.66  354.1  25.5
050420260025  1.173  10.9  189.5  14.4  0.62  0.6  25.5
050420260026  1.166  10.8  189.3  14.4  0.63  2.0  25.5
050420260027  1.160  10.8  190.6  14.6  0.61  3.7  25.5
050420260028  1.155  10.9  189.9  14.8  0.63  11.6  25.5
050420260029  1.147  11.0  190.5  14.8  0.56  5.2  25.5
050420260030  1.142  11.3  190.8  15.5  0.60  7.4  25.5
050420260031  1.136  11.6  191.5  18.7  0.71  2.6  25.5
050420260032  1.130  11.5  191.4  18.7  0.81  9.4  25.5
050420260033  1.124  11.4  191.7  18.7  0.71  10.6  25.5
050420260034  1.119  11.8  190.8  18.7  0.82  12.5  25.5
050420260035  1.113  11.8  190.9  18.7  0.77  17.1  25.5
050420260036  1.107  11.6  189.9  18.7  0.86  16.9  25.5
050420260037  1.102  11.0  189.2  18.7  0.95  13.9  25.5
050420260038  1.098  10.6  190.2  18.7  0.91  15.0  25.5
050420260039  1.092  10.4  190.4  18.7  0.83  13.5  25.5
050420260040  1.086  9.9  190.5  18.7  0.82  14.0  25.4
050420260041  1.081  9.4  190.5  14.0  0.83  15.1  25.4
050420260042  1.076  9.0  190.9  14.0  0.83  14.4  25.4
050420260043  1.072  8.9  190.7  14.0  0.82  9.5  25.4
050420260044  1.067  8.4  192.3  12.6  0.84  11.5  25.4
050420260045  1.064  8.2  193.2  12.6  0.82  11.4  25.4
050420260046  1.059  8.5  193.5  12.6  0.84  11.6  25.4
050420260047  1.055  8.7  193.6  12.6  0.93  13.4  25.4
050420260048  1.050  8.8  193.6  12.6  0.85  10.8  25.4
050420260049  1.046  8.6  192.6  11.7  0.89  9.6  25.4
050420260050  1.044  8.7  192.3  11.8  0.93  9.9  25.4
050420260051  1.040  8.7  190.7  11.8  0.80  9.7  25.4
050420260052  1.037  9.0  191.7  14.5  0.91  11.8  25.4
050420260053  1.033  9.1  191.0  14.5  1.00  8.1  25.4
050420260054  1.030  9.3  189.8  14.5  0.97  13.3  25.4
050420260055  1.025  9.5  189.3  14.5  0.95  11.3  25.4
050420260056  1.021  9.4  189.9  14.5  0.89  10.5  25.4
050420260057  1.018  9.4  188.7  14.5  0.90  9.9  25.4
050420260058  1.014  9.7  186.7  14.5  0.78  7.4  25.4
050420260059  1.010  10.1  187.3  14.5  0.91  12.5  25.4
050420260100  1.005  10.2  187.6  14.5  0.88  11.4  25.4
050420260101  1.002  10.6  188.1  14.5  0.83  14.2  25.5
050420260102  0.996  10.6  186.6  14.4  0.76  14.4  25.5
050420260103  0.993  10.5  186.4  14.4  0.79  15.9  25.5
050420260104  0.988  10.8  185.9  16.9  0.77  16.1  25.5
050420260105  0.984  11.0  185.4  16.9  0.80  16.0  25.5
050420260106  0.978  11.1  184.3  16.9  0.79  12.0  25.5
050420260107  0.975  11.4  184.0  16.9  0.81  18.7  25.5
050420260108  0.971  11.5  185.5  16.9  0.75  17.7  25.5
050420260109  0.967  11.4  185.5  16.9  0.79  15.8  25.5
050420260110  0.961  11.4  186.0  16.9  0.82  17.4  25.5
050420260111  0.958  11.2  186.6  16.9  0.84  25.5  25.5
050420260112  0.952  11.2  187.2  16.9  0.73  15.0  25.5
050420260113  0.947  11.4  188.5  16.9  0.76  20.9  25.5
050420260114  0.942  11.2  188.7  15.4  0.88  16.1  25.5
050420260115  0.937  11.3  189.2  15.4  0.78  17.8  25.5
050420260116  0.932  11.4  189.9  15.4  0.76  21.1  25.5
050420260117  0.928  11.0  191.4  15.4  0.82  18.7  25.5
050420260118  0.925  10.8  191.7  14.6  0.73  21.4  25.5
050420260119  0.919  10.6  191.4  14.6  0.91  15.9  25.5
050420260120  0.916  10.5  190.7  14.6  0.70  16.1  25.4
050420260121  0.912  10.8  190.3  16.6  0.66  23.1  25.4
050420260122  0.907  10.9  190.0  16.6  0.81  16.9  25.4
050420260123  0.905  10.9  188.8  16.6  0.77  16.3  25.4
050420260124  0.901  11.0  190.6  16.6  0.79  16.8  25.4
050420260125  0.897  11.1  191.3  16.6  0.81  20.6  25.4
050420260126  0.894  11.0  191.4  16.6  0.85  16.5  25.4
050420260127  0.889  11.3  191.4  16.6  0.71  18.2  25.4
050420260128  0.885  11.4  190.5  16.6  0.71  18.5  25.4
050420260129  0.881  11.4  189.7  16.6  0.73  18.3  25.4
050420260130  0.878  11.6  188.4  16.6  0.80  19.4  25.4
050420260131  0.875  11.5  188.2  16.3  0.77  17.7  25.4
050420260132  0.870  11.4  188.2  16.3  0.70  15.1  25.4
050420260133  0.867  11.1  188.6  16.3  0.66  17.3  25.4
050420260134  0.862  11.0  187.2  16.3  0.73  15.2  25.4
050420260135  0.856  11.2  186.3  17.7  0.69  16.8  25.4
050420260136  0.851  11.2  186.0  17.7  0.68  19.4  25.4
050420260137  0.846  11.0  185.7  17.7  0.76  20.2  25.4
050420260138  0.842  11.4  186.6  17.7  0.66  20.4  25.4
050420260139  0.836  11.6  187.0  17.7  0.73  22.2  25.4
050420260140  0.832  11.4  188.0  17.7  0.64  18.4  25.5
050420260141  0.827  11.3  188.2  17.7  0.78  14.7  25.5
050420260142  0.821  11.5  188.8  17.7  0.69  15.2  25.5
050420260143  0.817  11.9  188.8  17.7  0.73  15.1  25.5
050420260144  0.812  12.1  189.5  17.7  0.76  12.6  25.4
050420260145  0.807  11.7  189.5  16.2  0.73  18.2  25.5
050420260146  0.802  11.8  187.9  16.2  0.80  17.0  25.5
050420260147  0.798  12.3  188.6  16.7  0.83  17.5  25.5
050420260148  0.793  12.1  187.8  17.9  0.75  18.8  25.5
050420260149  0.788  12.2  187.4  17.9  0.78  16.9  25.4
050420260150  0.783  12.4  186.8  17.9  0.75  18.9  25.4
050420260151  0.779  12.6  186.3  17.9  0.77  16.4  25.4
050420260152  0.774  12.7  187.1  17.9  0.85  17.2  25.4
050420260153  0.769  12.5  187.6  17.9  0.87  12.2  25.4
050420260154  0.764  12.4  186.6  17.9  0.72  19.3  25.4
050420260155  0.758  12.3  187.1  17.9  0.71  19.5  25.4
050420260156  0.753  12.3  190.0  17.9  0.67  16.3  25.4
050420260157  0.749  12.1  190.3  17.9  0.76  13.8  25.4
050420260158  0.743  12.0  192.2  17.8  0.82  17.0  25.4
050420260159  0.739  11.8  194.0  18.1  0.81  14.7  25.4
050420260200  0.733  11.6  194.9  18.1  0.83  18.9  25.4
050420260201  0.730  11.3  195.3  18.1  0.85  15.1  25.4
050420260202  0.725  11.2  195.1  18.1  0.74  14.4  25.4
050420260203  0.721  11.1  194.6  18.1  0.80  15.8  25.4
050420260204  0.717  11.2  196.2  18.1  0.74  16.6  25.4
050420260205  0.713  11.0  194.9  18.1  0.72  14.9  25.4
050420260206  0.708  10.8  193.9  18.1  0.66  17.0  25.4
050420260207  0.704  10.7  193.1  18.1  0.80  15.4  25.4
050420260208  0.700  10.6  192.4  18.1  0.89  15.4  25.4
050420260209  0.694  10.5  190.7  15.1  0.82  12.4  25.4
050420260210  0.689  10.5  191.0  15.1  0.85  16.1  25.4
050420260211  0.685  10.4  190.4  15.1  0.92  14.1  25.4
050420260212  0.680  9.9  189.5  15.1  0.81  16.7  25.4
050420260213  0.674  9.7  189.5  15.1  0.62  15.5  25.4
050420260214  0.669  9.3  188.4  12.9  0.77  16.1  25.4
050420260215  0.664  9.2  189.5  12.9  0.73  14.9  25.4
050420260216  0.660  9.2  189.6  12.9  0.81  13.9  25.4
050420260217  0.656  9.1  189.8  12.9  0.88  15.0  25.4
050420260218  0.652  8.8  189.2  12.9  0.77  13.5  25.4
050420260219  0.650  8.9  190.4  15.1  0.74  13.0  25.4
050420260220  0.646  8.8  190.4  15.1  0.71  18.2  25.4
050420260221  0.641  8.8  191.3  15.1  0.75  13.0  25.4
050420260222  0.639  9.1  191.1  15.1  0.79  14.3  25.4
050420260223  0.637  9.1  191.2  15.1  0.78  14.0  25.4
050420260224  0.635  9.4  193.0  15.1  0.69  16.0  25.4
050420260225  0.633  9.5  193.2  15.1  0.76  16.3  25.4
050420260226  0.632  9.3  192.0  15.1  0.76  14.9  25.4
050420260227  0.630  8.9  191.4  15.1  0.77  16.8  25.4
050420260228  0.628  8.8  191.3  15.1  0.73  15.0  25.4
050420260229  0.627  8.2  190.9  12.7  0.78  15.4  25.4
050420260230  0.624  7.9  189.8  12.3  0.73  19.5  25.4
050420260231  0.622  7.3  187.7  12.3  0.70  11.8  25.4
050420260232  0.620  6.6  185.1  12.3  0.69  13.9  25.4
050420260233  0.619  6.3  185.0  12.3  0.75  17.2  25.4
050420260234  0.617  6.5  182.1  12.8  0.69  16.6  25.4
050420260235  0.616  6.3  179.6  12.8  0.71  15.7  25.4
050420260236  0.614  6.4  180.7  12.8  0.66  15.1  25.4
050420260237  0.611  6.5  181.4  12.8  0.55  20.0  25.4
050420260238  0.610  6.7  181.1  12.8  0.62  18.4  25.4
050420260239  0.606  6.7  180.8  12.8  0.81  14.2  25.4
050420260240  0.604  7.1  179.5  12.8  0.68  13.9  25.4
050420260241  0.602  7.5  184.0  12.8  0.74  19.0  25.4
050420260242  0.599  8.0  185.5  12.8  0.63  12.5  25.4
050420260243  0.596  8.1  183.9  12.8  0.75  14.4  25.4
050420260244  0.592  7.5  183.9  12.6  0.71  13.1  25.4
050420260245  0.589  7.2  184.8  12.6  0.61  15.7  25.4
050420260246  0.583  7.1  185.7  12.6  0.66  16.6  25.4
050420260247  0.579  7.2  185.3  12.6  0.69  17.7  25.4
050420260248  0.575  7.2  184.3  12.6  0.70  14.2  25.4
050420260249  0.571  7.4  183.8  12.6  0.73  15.8  25.4
050420260250  0.567  7.3  185.4  11.1  0.72  15.6  25.4
050420260251  0.561  7.1  183.7  11.0  0.70  15.4  25.4
050420260252  0.556  7.1  183.5  11.1  0.71  17.2  25.4
050420260253  0.550  7.2  183.5  11.1  0.76  13.5  25.4
050420260254  0.546  7.4  183.5  11.1  0.77  11.6  25.4
050420260255  0.541  7.7  185.2  11.1  0.65  14.1  25.4
050420260256  0.538  7.6  183.0  11.1  0.76  14.1  25.4
050420260257  0.534  7.5  184.3  11.1  0.84  15.3  25.4
050420260258  0.531  7.5  185.9  12.0  0.79  18.3  25.4
050420260259  0.529  7.3  186.0  12.0  0.81  11.6  25.4
050420260300  0.525  7.3  187.2  12.0  0.70  16.5  25.4
050420260301  0.521  7.3  186.8  12.0  0.84  15.3  25.4
050420260302  0.519  7.1  187.7  12.0  0.78  20.2  25.4
050420260303  0.516  6.8  189.4  12.0  0.76  15.7  25.4
050420260304  0.514  6.7  189.9  12.0  0.85  13.7  25.4
050420260305  0.512  6.6  189.0  12.0  0.64  14.2  25.4
050420260306  0.510  6.5  190.6  12.0  0.78  10.9  25.4
050420260307  0.509  6.6  190.9  12.0  0.69  13.4  25.4
050420260308  0.507  6.6  190.0  9.7  0.74  11.5  25.4
050420260309  0.506  6.5  190.6  9.7  0.71  12.8  25.4
050420260310  0.505  6.3  189.8  9.7  0.66  19.8  25.4
050420260311  0.503  6.4  191.3  9.7  0.66  18.9  25.4
050420260312  0.502  6.5  190.7  9.7  0.71  15.0  25.4
050420260313  0.500  6.8  188.4  10.6  0.68  18.3  25.4
050420260314  0.499  6.8  187.8  10.6  0.63  16.4  25.4
050420260315  0.498  7.1  187.3  11.0  0.75  18.8  25.4
050420260316  0.496  7.4  188.5  13.1  0.63  13.9  25.4
050420260317  0.494  7.7  187.8  13.1  0.54  19.3  25.4
050420260318  0.490  7.9  190.2  13.1  0.70  17.1  25.4
050420260319  0.488  8.2  191.7  13.6  0.67  17.8  25.4
050420260320  0.485  8.6  192.3  13.6  0.68  13.6  25.4
050420260321  0.481  8.7  192.4  13.6  0.74  13.3  25.4
050420260322  0.478  9.0  193.7  13.6  0.69  16.5  25.4
050420260323  0.475  9.1  196.0  13.6  0.64  18.0  25.4
050420260324  0.471  9.5  197.5  13.6  0.62  16.7  25.4
050420260325  0.469  9.6  198.8  13.6  0.68  17.5  25.4
050420260326  0.466  9.6  198.3  13.6  0.65  18.4  25.4
050420260327  0.461  9.8  199.9  13.6  0.70  15.6  25.4
050420260328  0.458  9.7  199.0  13.6  0.79  20.3  25.4
050420260329  0.455  9.7  198.9  13.4  0.65  15.6  25.4
050420260330  0.453  9.7  198.7  13.4  0.68  19.0  25.4
050420260331  0.450  9.6  197.3  13.4  0.73  20.8  25.4
050420260332  0.448  9.6  197.7  13.4  0.69  17.9  25.4
050420260333  0.445  9.5  198.1  13.4  0.70  18.4  25.4
050420260334  0.442  9.3  196.8  13.4  0.77  16.1  25.4
050420260335  0.440  9.3  195.5  13.4  0.75  17.8  25.4
050420260336  0.437  9.3  195.6  13.4  0.78  16.8  25.4
050420260337  0.435  9.1  193.4  12.4  0.79  19.6  25.4
050420260338  0.434  8.8  193.0  12.4  0.76  17.9  25.4
050420260339  0.433  8.6  191.2  11.0  0.68  18.1  25.4
050420260340  0.433  8.4  190.7  11.0  0.75  18.0  25.4
050420260341  0.433  8.5  191.8  11.5  0.74  19.0  25.4
050420260342  0.432  8.3  190.3  11.5  0.82  19.0  25.4
050420260343  0.430  8.5  189.6  11.5  0.62  19.6  25.4
050420260344  0.428  8.5  189.3  11.5  0.74  16.0  25.4
050420260345  0.427  8.3  189.0  11.5  0.67  19.8  25.4
050420260346  0.426  8.1  188.3  11.5  0.65  17.4  25.4
050420260347  0.426  8.1  187.5  11.5  0.68  20.2  25.4
050420260348  0.426  8.3  186.7  11.5  0.62  17.7  25.4
050420260349  0.427  8.5  187.3  11.5  0.69  18.7  25.4
050420260350  0.427  8.4  188.0  11.5  0.64  12.5  25.4
050420260351  0.426  8.4  187.6  12.0  0.66  18.6  25.4
050420260352  0.427  8.6  187.1  12.0  0.64  17.8  25.4
050420260353  0.428  8.6  187.2  15.3  0.53  18.5  25.4
050420260354  0.428  8.7  186.6  15.3  0.53  22.7  25.4
050420260355  0.429  8.6  187.3  15.3  0.54  18.8  25.4
050420260356  0.431  8.9  187.2  15.3  0.63  21.2  25.4
050420260357  0.431  9.0  188.5  15.3  0.46  19.7  25.4
050420260358  0.430  9.3  189.3  15.3  0.57  21.2  25.4
050420260359  0.431  9.6  189.2  15.4  0.50  19.0  25.4
050420260400  0.432  9.9  188.6  15.4  0.55  14.9  25.4
050420260401  0.432  10.1  189.1  15.4  0.51  21.5  25.4
050420260402  0.431  10.1  189.7  15.4  0.44  24.2  25.4
050420260403  0.431  10.4  190.1  15.4  0.57  22.8  25.4
050420260404  0.428  11.0  192.6  18.3  0.53  19.5  25.4
050420260405  0.427  11.4  193.1  18.3  0.38  23.6  25.4
050420260406  0.426  11.5  194.4  18.3  0.42  29.2  25.4
050420260407  0.426  11.5  195.9  18.3  0.53  16.8  25.4
050420260408  0.425  11.4  196.5  18.3  0.46  15.3  25.4
050420260409  0.424  11.2  198.3  18.3  0.42  25.2  25.4
050420260410  0.423  11.1  199.9  18.3  0.50  21.9  25.4
050420260411  0.423  10.9  201.0  18.3  0.43  20.7  25.4
050420260412  0.424  10.9  202.1  18.3  0.51  21.9  25.4
050420260413  0.424  10.5  202.6  18.3  0.54  20.8  25.4
050420260414  0.425  9.7  201.9  13.9  0.43  28.1  25.4
050420260415  0.427  9.3  202.3  12.4  0.47  32.5  25.4
050420260416  0.427  9.1  201.9  12.4  0.45  30.7  25.4
050420260417  0.426  8.9  200.7  12.4  0.41  24.9  25.4
050420260418  0.426  8.4  200.0  11.8  0.44  25.9  25.4
050420260419  0.427  8.2  198.8  11.3  0.48  30.7  25.4
050420260420  0.428  8.0  196.8  11.3  0.47  27.0  25.4
050420260421  0.430  7.8  195.8  11.3  0.41  23.5  25.4
050420260422  0.431  7.6  195.0  10.0  0.51  25.0  25.4
050420260423  0.432  7.4  194.6  9.8  0.50  25.8  25.4
050420260424  0.433  7.5  194.4  9.8  0.42  21.0  25.4
050420260425  0.435  7.5  193.9  10.6  0.44  18.6  25.4
050420260426  0.436  7.5  193.6  10.6  0.45  12.7  25.4
050420260427  0.438  7.7  194.5  12.2  0.52  10.2  25.4
050420260428  0.439  8.1  194.5  12.8  0.39  15.1  25.4
050420260429  0.441  8.5  195.2  12.8  0.47  17.3  25.4
050420260430  0.444  8.6  196.4  12.8  0.42  14.8  25.4
050420260431  0.445  9.0  196.2  13.9  0.52  8.9  25.4
050420260432  0.446  9.1  196.2  13.9  0.45  5.5  25.4
050420260433  0.447  9.1  195.5  13.9  0.50  9.8  25.4
050420260434  0.449  9.3  195.6  13.9  0.52  10.0  25.4
050420260435  0.451  9.5  196.5  13.9  0.45  8.5  25.4
050420260436  0.453  9.6  196.8  13.9  0.54  5.0  25.4
050420260437  0.456  9.5  196.4  13.9  0.48  6.7  25.4
050420260438  0.457  9.3  196.5  13.9  0.39  0.2  25.4
050420260439  0.458  9.2  196.3  13.9  0.44  0.3  25.4
050420260440  0.459  9.3  196.2  13.9  0.31  353.8  25.4
050420260441  0.456  9.4  196.2  13.7  0.30  353.2  25.4
050420260442  0.457  9.6  196.2  13.7  0.40  358.1  25.4
050420260443  0.459  9.8  197.0  13.7  0.35  0.8  25.4
050420260444  0.460  9.6  197.7  13.7  0.39  354.8  25.4
050420260445  0.460  9.7  197.8  13.7  0.42  355.4  25.4
050420260446  0.459  9.9  198.8  13.7  0.35  1.0  25.4
050420260447  0.459  10.1  199.2  13.7  0.36  356.0  25.4
050420260448  0.459  10.1  199.9  13.7  0.36  0.7  25.4
050420260449  0.460  9.8  200.0  13.7  0.41  4.3  25.4
050420260450  0.461  9.7  199.9  13.7  0.38  0.5  25.4
050420260451  0.461  9.6  200.2  12.6  0.34  8.1  25.3
050420260452  0.463  9.3  200.5  12.6  0.45  2.3  25.3
050420260453  0.464  9.4  199.9  12.6  0.28  359.6  25.3
050420260454  0.466  9.4  198.5  12.6  0.36  351.7  25.3
050420260455  0.466  9.5  197.0  12.6  0.37  354.6  25.3
050420260456  0.469  9.5  196.3  13.5  0.35  356.1  25.3
050420260457  0.470  9.6  196.1  13.6  0.38  352.3  25.3
050420260458  0.473  9.6  196.4  13.6  0.41  355.6  25.3
050420260459  0.477  9.8  196.0  13.6  0.25  355.3  25.3
050420260500  0.479  9.9  195.6  13.6  0.32  356.9  25.3
050420260501  0.481  10.0  195.4  13.6  0.35  350.2  25.3
050420260502  0.483  10.1  194.0  13.6  0.36  350.6  25.3
050420260503  0.485  10.1  193.6  13.6  0.20  356.6  25.3
050420260504  0.487  10.3  194.5  13.7  0.50  355.6  25.3
050420260505  0.488  10.2  195.0  13.7  0.30  343.6  25.3
050420260506  0.489  10.1  194.7  13.7  0.36  354.8  25.3
050420260507  0.491  10.0  193.7  13.7  0.31  341.2  25.3
050420260508  0.494  9.9  192.4  13.7  0.29  350.2  25.3
050420260509  0.496  10.0  192.9  13.7  0.41  356.2  25.3
050420260510  0.500  9.9  192.5  13.7  0.43  1.4  25.3
050420260511  0.504  10.3  193.3  16.0  0.31  345.2  25.3
050420260512  0.507  10.4  194.9  16.0  0.23  344.7  25.3
050420260513  0.511  10.8  195.1  16.0  0.24  340.1  25.3
050420260514  0.514  10.7  194.5  16.0  0.25  351.7  25.3
050420260515  0.519  10.8  193.7  16.0  0.33  352.8  25.3
050420260516  0.521  10.8  193.6  16.0  0.21  346.6  25.3
050420260517  0.525  11.2  193.7  17.8  0.20  355.0  25.3
050420260518  0.528  11.7  194.1  17.8  0.19  346.6  25.3
050420260519  0.531  11.8  194.0  17.8  0.18  340.3  25.3
050420260520  0.535  11.6  193.6  17.8  0.20  345.1  25.3
050420260521  0.537  11.3  192.5  17.8  0.18  346.5  25.3
050420260522  0.538  11.4  192.6  17.8  0.15  351.3  25.3
050420260523  0.541  11.3  193.6  17.8  0.19  295.7  25.3
050420260524  0.541  11.3  193.3  17.8  0.21  328.8  25.3
050420260525  0.543  11.1  193.6  17.8  0.14  336.7  25.3
050420260526  0.545  11.2  193.3  17.8  0.18  345.1  25.3
050420260527  0.548  11.1  192.9  15.9  0.15  321.8  25.3
050420260528  0.551  10.8  193.3  15.4  0.07  303.0  25.3
050420260529  0.552  10.8  193.4  15.4  0.05  295.1  25.3
050420260530  0.554  11.3  193.6  15.4  0.09  338.0  25.3
050420260531  0.555  11.5  193.8  16.5  0.08  350.7  25.3
050420260532  0.557  11.4  192.3  16.5  0.11  315.7  25.3
050420260533  0.559  11.4  192.1  16.5  0.13  3.1  25.3
050420260534  0.562  11.4  192.7  16.5  0.18  346.5  25.3
050420260535  0.564  11.5  193.3  16.5  0.14  336.5  25.3
050420260536  0.567  11.1  193.4  16.5  0.09  330.5  25.3
050420260537  0.569  10.9  194.7  16.5  0.17  337.4  25.3
050420260538  0.571  11.0  194.9  16.5  0.17  345.4  25.3
050420260539  0.572  11.0  195.5  16.5  0.04  214.0  25.3
050420260540  0.574  11.0  196.1  16.5  0.11  347.2  25.3
050420260541  0.576  10.8  196.1  15.4  0.12  209.9  25.3
050420260542  0.581  10.9  197.7  15.4  0.03  312.5  25.3
050420260543  0.584  10.6  196.4  15.0  0.03  221.6  25.3
050420260544  0.587  10.6  196.4  15.0  0.03  235.0  25.3
050420260545  0.592  10.6  196.2  15.0  0.12  231.7  25.3
050420260546  0.596  10.9  195.6  15.0  0.09  199.9  25.3
050420260547  0.602  11.1  193.9  15.1  0.04  216.6  25.3
050420260548  0.607  10.9  193.0  15.1  0.05  224.8  25.3
050420260549  0.613  10.9  191.9  15.1  0.12  194.5  25.3
050420260550  0.619  10.8  191.4  15.1  0.10  206.4  25.3
050420260551  0.624  10.5  191.9  15.1  0.14  206.2  25.3
050420260552  0.629  10.5  190.8  15.1  0.19  198.8  25.3
050420260553  0.635  10.4  192.3  15.1  0.08  218.4  25.3
050420260554  0.641  10.2  192.8  15.1  0.11  201.1  25.3
050420260555  0.646  10.2  193.4  15.1  0.15  205.8  25.3
050420260556  0.650  10.1  194.3  15.1  0.25  209.3  25.3
050420260557  0.653  10.0  196.6  14.7  0.21  211.7  25.3
050420260558  0.658  9.9  197.4  14.7  0.18  211.8  25.3
050420260559  0.661  9.7  198.0  13.1  0.20  212.8  25.3
050420260600  0.665  9.5  198.6  13.1  0.22  201.4  25.3
050420260601  0.669  9.3  198.5  13.1  0.32  199.8  25.3
050420260602  0.673  9.3  198.9  13.1  0.30  198.6  25.3
050420260603  0.675  9.3  198.4  13.1  0.40  196.1  25.3
050420260604  0.677  9.3  197.5  13.1  0.31  195.8  25.3
050420260605  0.679  9.1  197.5  13.1  0.30  203.2  25.3
050420260606  0.680  8.9  197.6  13.1  0.22  197.1  25.3
050420260607  0.683  8.7  197.3  12.4  0.31  202.7  25.3
050420260608  0.686  8.8  197.7  12.4  0.27  192.5  25.3
050420260609  0.688  8.6  197.4  11.4  0.30  198.1  25.3
050420260610  0.691  8.7  197.8  11.4  0.33  195.1  25.3
050420260611  0.694  8.8  198.4  11.4  0.23  200.7  25.3
050420260612  0.694  8.9  199.3  12.2  0.33  192.4  25.3
050420260613  0.697  8.9  199.1  12.2  0.34  193.9  25.3
050420260614  0.699  8.9  199.5  12.2  0.31  200.8  25.3
050420260615  0.701  8.9  199.3  12.2  0.20  185.1  25.3
050420260616  0.703  9.0  199.2  12.2  0.31  194.6  25.3
050420260617  0.705  9.1  198.8  12.2  0.31  188.5  25.3
050420260618  0.709  9.0  197.9  12.2  0.28  194.0  25.3
050420260619  0.711  9.3  197.5  12.2  0.36  188.8  25.3
050420260620  0.716  9.3  197.1  12.2  0.35  188.1  25.3
050420260621  0.719  9.3  196.4  12.2  0.26  201.1  25.3
050420260622  0.722  9.1  195.3  11.7  0.32  203.5  25.3
050420260623  0.728  9.2  194.6  11.7  0.41  191.4  25.3
050420260624  0.730  9.3  194.3  12.8  0.37  184.9  25.3
050420260625  0.735  9.5  194.7  12.8  0.34  189.3  25.3
050420260626  0.740  9.7  194.0  12.8  0.22  180.0  25.3
050420260627  0.745  9.7  193.4  12.8  0.33  189.0  25.3
050420260628  0.750  9.8  193.6  12.8  0.33  190.7  25.3
050420260629  0.754  9.7  192.6  12.8  0.43  183.8  25.3
050420260630  0.759  9.6  191.9  12.8  0.32  192.8  25.3
050420260631  0.763  9.6  191.2  12.8  0.46  183.0  25.3
050420260632  0.766  9.8  190.3  13.2  0.30  191.1  25.3
050420260633  0.769  9.9  190.2  13.4  0.49  183.4  25.3
050420260634  0.774  10.3  190.1  17.5  0.53  180.9  25.3
050420260635  0.778  10.5  189.2  17.5  0.55  180.4  25.3
050420260636  0.780  10.6  188.0  17.5  0.66  181.4  25.3
050420260637  0.783  10.7  187.6  17.5  0.66  179.8  25.3
050420260638  0.786  10.7  187.4  17.5  0.56  173.9  25.3
050420260639  0.791  10.8  186.2  17.5  0.47  170.1  25.3
050420260640  0.793  11.0  185.8  17.5  0.50  172.5  25.3
050420260641  0.795  11.0  185.6  17.5  0.52  170.8  25.3
050420260642  0.798  10.8  185.2  17.5  0.52  171.9  25.3
050420260643  0.801  10.6  184.9  17.5  0.52  175.6  25.3
050420260644  0.805  9.8  183.8  14.5  0.43  168.6  25.3
050420260645  0.808  9.5  182.7  14.5  0.57  171.6  25.3
050420260646  0.811  9.2  183.4  14.5  0.65  176.1  25.3
050420260647  0.813  9.3  183.3  14.0  0.67  177.1  25.3
050420260648  0.817  9.5  183.1  15.1  0.64  173.4  25.3
050420260649  0.820  9.7  186.0  15.1  0.61  170.7  25.3
050420260650  0.822  9.7  187.1  15.1  0.63  175.6  25.3
050420260651  0.826  9.7  186.9  15.1  0.68  173.6  25.3
050420260652  0.828  9.8  189.3  15.1  0.49  166.1  25.3
050420260653  0.830  10.1  190.0  15.3  0.56  177.0  25.3
050420260654  0.833  10.3  190.1  15.3  0.65  173.9  25.3
050420260655  0.837  10.4  191.7  15.3  0.64  173.0  25.3
050420260656  0.839  10.5  192.1  15.3  0.58  173.6  25.3
050420260657  0.843  10.4  193.4  15.3  0.61  169.2  25.3
050420260658  0.848  10.5  193.4  16.1  0.64  173.6  25.3
050420260659  0.851  10.6  193.6  16.1  0.70  178.0  25.3
050420260700  0.855  10.8  193.7  16.1  0.76  173.9  25.3
050420260701  0.858  11.2  193.9  16.5  0.75  173.4  25.3
050420260702  0.864  11.5  193.7  16.5  0.73  171.4  25.3
050420260703  0.867  11.5  194.2  16.5  0.57  170.7  25.3
050420260704  0.871  11.7  195.5  16.5  0.67  171.6  25.3
050420260705  0.875  11.7  194.5  16.5  0.60  175.3  25.3
050420260706  0.879  11.9  193.9  16.5  0.60  173.8  25.3
050420260707  0.882  11.7  193.6  16.5  0.66  177.7  25.3
050420260708  0.886  11.3  193.4  16.5  0.81  179.5  25.3
050420260709  0.889  10.8  193.8  16.5  0.77  179.0  25.3
050420260710  0.894  10.8  194.0  16.5  0.84  181.1  25.3
050420260711  0.898  10.6  194.4  14.4  0.86  178.6  25.3
050420260712  0.901  10.5  194.1  15.0  0.75  174.8  25.3
050420260713  0.905  10.7  192.2  15.1  0.76  176.7  25.3
050420260714  0.908  10.8  190.3  15.1  0.86  179.7  25.3
050420260715  0.911  10.8  191.6  15.1  0.81  174.5  25.3
050420260716  0.916  11.0  191.4  16.7  0.76  175.3  25.3
050420260717  0.920  11.4  189.8  21.7  0.62  167.5  25.3
050420260718  0.923  11.9  188.5  21.7  0.74  174.0  25.3
050420260719  0.925  12.2  187.1  21.7  0.86  178.7  25.3
050420260720  0.930  12.2  186.1  21.7  0.65  175.9  25.3
050420260721  0.933  12.2  184.2  21.7  0.75  177.2  25.3
050420260722  0.935  12.4  183.4  21.7  0.68  176.5  25.3
050420260723  0.939  12.7  184.4  21.7  0.81  173.9  25.3
050420260724  0.944  12.8  184.9  21.7  0.72  178.1  25.3
050420260725  0.947  13.4  183.2  21.7  0.76  177.2  25.3
050420260726  0.951  13.6  183.2  21.7  0.76  177.1  25.3
050420260727  0.955  13.5  183.7  19.0  0.73  181.8  25.3
050420260728  0.958  13.2  184.3  19.0  0.74  175.6  25.3
050420260729  0.961  13.2  184.1  19.0  0.97  180.7  25.3
050420260730  0.965  13.1  183.7  19.0  0.83  174.1  25.3
050420260731  0.969  13.3  186.5  19.0  0.77  180.1  25.3
050420260732  0.974  13.1  186.1  19.0  0.73  177.7  25.3
050420260733  0.979  12.5  185.2  18.9  0.69  178.5  25.3
050420260734  0.983  12.7  185.3  18.9  0.79  183.3  25.3
050420260735  0.987  12.6  185.7  18.9  0.85  179.8  25.3
050420260736  0.991  12.7  185.6  21.7  0.80  179.7  25.3
050420260737  0.996  12.9  185.7  21.7  0.70  175.0  25.3
050420260738  1.000  13.6  185.6  21.7  0.94  179.1  25.3
050420260739  1.005  13.9  187.3  21.7  0.79  178.2  25.2
050420260740  1.009  14.3  188.0  21.7  0.79  177.0  25.2
050420260741  1.014  14.6  187.5  21.7  0.88  177.6  25.2
050420260742  1.016  15.1  188.2  21.7  0.95  176.4  25.2
050420260743  1.019  15.5  188.5  21.7  0.92  178.5  25.2
050420260744  1.022  15.4  188.6  21.7  0.76  178.2  25.2
050420260745  1.027  15.8  188.8  21.7  0.87  175.8  25.2
050420260746  1.032  15.6  189.0  21.3  0.76  173.0  25.2
050420260747  1.036  15.2  188.5  21.3  0.81  175.0  25.2
050420260748  1.039  14.7  188.0  21.3  0.80  175.4  25.2
050420260749  1.042  14.5  188.7  21.3  0.73  170.6  25.2
050420260750  1.044  14.3  188.3  21.3  0.83  177.7  25.2
050420260751  1.047  14.0  187.9  21.3  0.72  174.5  25.2
050420260752  1.049  13.6  188.1  20.0  0.81  174.8  25.2
050420260753  1.051  13.3  188.5  19.1  0.75  174.8  25.2
050420260754  1.054  13.1  189.4  19.1  0.69  171.5  25.2
050420260755  1.056  12.6  190.2  19.1  0.68  171.6  25.2
050420260756  1.057  12.6  191.5  19.5  0.79  178.6  25.2
050420260757  1.060  13.0  192.2  19.5  0.82  176.9  25.2
050420260758  1.064  12.9  192.3  19.5  0.83  171.4  25.2
050420260759  1.065  13.3  189.8  20.0  0.73  168.1  25.2
050420260800  1.067  13.6  188.9  22.1  0.81  174.8  25.2
050420260801  1.071  13.8  188.0  22.1  0.72  171.3  25.2
050420260802  1.073  13.9  188.5  22.1  0.78  177.1  25.2
050420260803  1.075  14.4  189.1  22.1  0.70  171.3  25.2
050420260804  1.078  14.7  188.6  22.1  0.76  171.6  25.2
050420260805  1.079  14.8  187.4  22.1  0.82  177.7  25.2
050420260806  1.082  14.8  186.4  22.1  0.70  175.4  25.2
050420260807  1.087  14.9  186.5  22.7  0.69  179.5  25.2
050420260808  1.090  15.3  187.4  22.7  0.81  180.7  25.2
050420260809  1.094  15.1  189.1  22.7  0.76  178.4  25.2
050420260810  1.096  14.8  190.5  22.7  0.71  183.1  25.2
050420260811  1.099  14.6  190.8  22.7  0.78  182.3  25.2
050420260812  1.101  14.5  190.3  22.7  0.88  180.0  25.2
050420260813  1.105  14.2  190.7  22.7  0.77  179.8  25.2
050420260814  1.110  14.1  190.7  22.7  0.68  184.6  25.1
050420260815  1.112  13.9  190.9  22.7  0.74  182.5  25.1
050420260816  1.114  13.8  190.8  22.7  0.77  180.5  25.1
050420260817  1.118  13.5  192.0  18.6  0.65  186.4  25.1
050420260818  1.121  13.0  192.0  18.6  0.68  183.6  25.1
050420260819  1.126  12.8  191.9  18.6  0.70  184.3  25.1
050420260820  1.130  13.0  192.3  18.1  0.76  179.4  25.1
050420260821  1.133  12.9  192.5  18.1  0.81  185.6  25.1
050420260822  1.138  12.8  191.5  18.1  0.70  181.9  25.1
050420260823  1.141  12.6  190.8  18.1  0.90  180.4  25.1
050420260824  1.144  12.4  190.8  18.1  0.83  181.0  25.1
050420260825  1.147  12.2  191.2  18.1  0.82  183.5  25.1
050420260826  1.149  11.7  191.9  18.1  0.86  183.1  25.1
050420260827  1.151  11.6  192.3  18.1  0.74  180.0  25.1
050420260828  1.155  11.7  192.9  18.1  0.80  178.0  25.1
050420260829  1.157  11.7  193.5  17.4  0.76  180.3  25.1
050420260830  1.160  11.5  193.6  15.7  0.71  180.5  25.1
050420260831  1.162  11.6  195.7  19.0  0.71  181.2  25.1
050420260832  1.166  11.8  197.2  19.0  0.74  179.6  25.1
050420260833  1.169  11.6  196.9  19.0  0.61  178.1  25.1
050420260834  1.171  11.7  197.4  19.0  0.77  183.6  25.1
050420260835  1.174  11.9  196.6  19.0  0.74  185.6  25.1
050420260836  1.176  12.1  195.9  19.0  0.63  180.5  25.1
050420260837  1.179  11.9  194.8  19.0  0.76  181.3  25.1
050420260838  1.182  12.0  195.0  19.0  0.73  179.6  25.1
050420260839  1.184  11.8  192.9  19.0  0.79  181.8  25.1
050420260840  1.186  11.5  192.4  19.0  0.85  181.7  25.1
050420260841  1.188  11.5  192.1  17.4  0.74  183.0  25.1
050420260842  1.191  11.4  192.7  16.9  0.68  180.8  25.1
050420260843  1.194  11.5  191.3  16.9  0.68  181.7  25.1
050420260844  1.194  11.4  190.3  16.9  0.71  179.4  25.1
050420260845  1.197  11.1  189.8  16.9  0.58  179.5  25.1
050420260846  1.198  11.2  190.5  16.9  0.73  178.6  25.1
050420260847  1.200  11.5  191.8  16.9  0.77  179.2  25.1
050420260848  1.201  11.6  192.5  16.9  0.74  182.9  25.1
050420260849  1.205  11.6  193.3  16.9  0.73  182.2  25.1
050420260850  1.207  11.5  192.0  16.9  0.70  178.9  25.1
050420260851  1.208  11.3  189.9  15.7  0.62  181.2  25.1
050420260852  1.212  11.2  189.6  15.7  0.63  181.3  25.1
050420260853  1.214  11.2  190.2  15.7  0.62  176.4  25.1
050420260854  1.216  11.1  190.9  15.7  0.69  183.2  25.1
050420260855  1.218  11.4  190.4  19.3  0.55  180.6  25.1
050420260856  1.221  11.6  190.6  19.3  0.66  182.6  25.1
050420260857  1.224  11.7  187.9  19.3  0.61  182.9  25.1
050420260858  1.226  12.0  185.7  20.4  0.69  177.1  25.1
050420260859  1.227  12.3  184.8  20.4  0.59  179.8  25.1
050420260900  1.231  13.0  184.9  20.4  0.63  178.6  25.1
050420260901  1.235  13.4  185.0  20.4  0.64  179.4  25.1
050420260902  1.238  13.4  184.3  20.4  0.63  183.1  25.1
050420260903  1.241  13.6  185.5  20.4  0.56  181.5  25.1
050420260904  1.245  14.0  187.1  20.4  0.60  176.8  25.1
050420260905  1.248  14.3  188.0  20.4  0.48  186.3  25.1
050420260906  1.250  14.3  186.9  20.4  0.50  179.1  25.1
050420260907  1.253  14.6  189.4  20.7  0.52  179.5  25.1
050420260908  1.256  14.7  190.7  20.7  0.63  182.0  25.1
050420260909  1.260  14.5  190.9  20.7  0.67  182.3  25.1
050420260910  1.261  14.6  192.3  20.7  0.57  177.3  25.1
050420260911  1.262  14.7  193.0  20.7  0.61  183.2  25.1
050420260912  1.264  14.7  192.9  20.7  0.60  181.6  25.1
050420260913  1.267  15.1  192.7  20.7  0.59  178.8  25.1
050420260914  1.269  15.0  191.3  20.7  0.52  187.0  25.1
050420260915  1.271  15.0  192.4  21.8  0.65  178.0  25.1
050420260916  1.273  14.9  193.5  21.8  0.54  178.0  25.1
050420260917  1.274  14.6  193.4  21.8  0.58  176.0  25.1
050420260918  1.275  14.6  193.2  21.8  0.61  173.5  25.1
050420260919  1.276  14.6  193.5  21.8  0.65  172.3  25.1
050420260920  1.275  14.3  193.4  21.8  0.60  178.6  25.1
050420260921  1.276  14.3  192.4  21.8  0.60  175.5  25.1
050420260922  1.278  14.3  192.3  21.8  0.70  176.7  25.1
050420260923  1.278  14.0  192.2  21.8  0.51  174.7  25.1
050420260924  1.280  13.9  191.7  21.8  0.54  180.3  25.1
050420260925  1.281  13.9  192.1  20.6  0.56  180.6  25.1
050420260926  1.282  14.0  192.6  20.6  0.62  178.5  25.1
050420260927  1.282  13.9  191.1  21.6  0.50  185.8  25.1
050420260928  1.282  13.4  191.3  21.6  0.57  187.3  25.1
050420260929  1.282  13.4  191.8  21.6  0.56  186.2  25.1
050420260930  1.283  13.2  191.8  21.6  0.55  180.8  25.1
050420260931  1.284  12.1  190.5  21.6  0.55  181.1  25.1
050420260932  1.283  11.6  187.6  21.6  0.55  181.6  25.1
050420260933  1.283  11.1  183.3  21.6  0.59  180.2  25.1
050420260934  1.282  10.6  182.4  21.6  0.51  179.7  25.1
050420260935  1.283  10.3  179.5  21.6  0.53  180.5  25.1
050420260936  1.283  10.1  175.9  21.6  0.59  178.1  25.1
050420260937  1.284  9.5  173.3  17.7  0.47  189.0  25.1
050420260938  1.284  9.4  172.7  17.7  0.58  182.5  25.1
050420260939  1.285  8.8  170.3  17.7  0.48  178.5  25.1
050420260940  1.285  8.2  168.2  17.7  0.61  181.7  25.1
050420260941  1.286  8.2  170.8  17.7  0.48  174.2  25.1
050420260942  1.289  7.9  173.2  17.7  0.50  181.3  25.1
050420260943  1.288  8.0  175.3  17.7  0.54  175.0  25.1
050420260944  1.288  8.6  174.6  18.0  0.61  176.7  25.1
050420260945  1.289  8.4  174.0  18.0  0.49  173.7  25.1
050420260946  1.290  8.5  175.8  18.0  0.49  178.4  25.1
050420260947  1.292  8.8  178.0  18.0  0.62  176.8  25.0
050420260948  1.292  8.7  177.5  18.0  0.67  177.3  25.0
050420260949  1.292  9.3  177.7  18.0  0.46  171.2  25.0
050420260950  1.294  10.1  177.6  18.0  0.55  172.2  25.0
050420260951  1.294  10.8  178.3  18.0  0.46  167.2  25.0
050420260952  1.294  11.0  178.9  18.0  0.36  158.4  25.0
050420260953  1.294  11.2  181.4  18.0  0.44  177.6  25.0
050420260954  1.295  11.2  183.3  18.0  0.53  172.2  25.0
050420260955  1.297  11.4  184.6  18.1  0.45  174.6  25.0
050420260956  1.297  11.8  184.7  18.8  0.50  171.4  25.0
050420260957  1.298  12.0  185.1  18.8  0.61  174.7  25.0
050420260958  1.297  12.3  185.9  18.8  0.50  170.3  25.0
050420260959  1.297  12.0  186.8  18.8  0.55  174.1  25.0
050420261000  1.297  11.8  186.8  18.8  0.43  170.8  25.0
050420261001  1.296  11.5  186.3  18.8  0.47  181.0  25.0
050420261002  1.295  11.7  186.8  18.8  0.47  164.2  25.0
050420261003  1.295  11.8  186.6  18.8  0.55  172.3  25.0
050420261004  1.296  11.5  187.1  18.8  0.61  171.1  25.0
050420261005  1.294  11.1  187.4  18.8  0.50  167.2  25.0
050420261006  1.297  10.5  186.7  18.0  0.51  171.5  25.0
050420261007  1.296  10.4  186.2  18.0  0.57  175.5  25.0
050420261008  1.295  10.6  186.8  18.0  0.45  175.9  25.0
050420261009  1.294  10.4  186.2  18.0  0.60  179.9  25.0
050420261010  1.294  10.0  186.3  18.0  0.59  173.5  25.0
050420261011  1.293  9.7  186.4  18.0  0.48  175.0  25.0
050420261012  1.291  9.5  184.3  18.0  0.62  172.1  25.0
050420261013  1.291  9.4  183.0  16.7  0.58  178.7  25.0
050420261014  1.289  9.5  184.7  16.7  0.35  180.1  25.0
050420261015  1.287  9.6  185.0  16.7  0.41  171.0  25.0
050420261016  1.286  9.3  183.6  16.7  0.36  177.7  25.0
050420261017  1.285  8.8  179.7  15.0  0.37  171.4  25.0
050420261018  1.283  8.7  176.0  17.6  0.36  175.4  25.0
050420261019  1.281  9.0  176.5  17.6  0.23  171.6  25.0
050420261020  1.279  9.1  174.3  17.6  0.25  167.0  25.0
050420261021  1.277  9.4  171.8  17.6  0.31  178.6  25.0
050420261022  1.275  9.9  173.6  17.6  0.29  167.3  25.0
050420261023  1.271  9.8  175.2  17.6  0.33  168.4  25.0
050420261024  1.271  10.0  174.1  17.6  0.30  169.7  25.0
050420261025  1.267  10.1  172.1  17.6  0.41  169.8  25.0
050420261026  1.263  10.3  174.2  17.6  0.43  171.4  25.0
050420261027  1.261  10.8  175.6  18.1  0.34  170.2  25.0
050420261028  1.259  11.1  177.4  20.8  0.34  166.2  25.0
050420261029  1.257  11.0  177.9  20.8  0.38  171.9  25.0
050420261030  1.254  11.2  179.6  20.8  0.37  168.9  25.0
050420261031  1.254  10.8  181.8  20.8  0.46  167.7  25.0
050420261032  1.253  10.2  179.9  20.8  0.37  165.6  25.0
050420261033  1.250  10.4  180.2  21.5  0.38  167.3  25.0
050420261034  1.249  9.8  177.5  21.5  0.46  165.3  25.0
050420261035  1.246  10.2  178.1  21.5  0.27  161.6  25.0
050420261036  1.244  10.8  180.5  26.6  0.30  154.0  25.0
050420261037  1.244  10.9  182.5  26.6  0.42  161.8  25.0
050420261038  1.242  10.3  178.1  26.6  0.39  166.5  25.0
050420261039  1.242  9.9  175.8  26.6  0.29  155.2  25.0
050420261040  1.239  9.8  175.7  26.6  0.32  163.3  25.0
050420261041  1.239  10.0  176.8  26.6  0.25  151.8  25.0
050420261042  1.238  10.7  180.5  26.6  0.40  164.9  25.0
050420261043  1.238  10.4  179.2  26.6  0.28  154.1  25.0
050420261044  1.237  10.8  181.2  26.6  0.40  165.3  25.0
050420261045  1.235  10.3  181.5  26.6  0.27  164.5  25.0
050420261046  1.234  9.6  179.1  18.9  0.35  169.9  25.0
050420261047  1.233  8.9  177.5  18.9  0.30  159.2  25.0
050420261048  1.232  8.6  182.1  18.9  0.30  177.8  25.0
050420261049  1.230  8.8  182.7  18.9  0.44  173.2  25.0
050420261050  1.227  8.9  182.8  18.9  0.34  176.2  25.0
050420261051  1.225  8.8  180.6  18.9  0.41  171.0  25.0
050420261052  1.222  8.0  177.1  16.3  0.29  162.0  25.0
050420261053  1.221  7.8  175.0  16.3  0.38  171.9  25.0
050420261054  1.219  8.1  176.0  18.1  0.31  167.1  25.0
050420261055  1.215  8.7  177.3  18.1  0.40  175.3  25.0
050420261056  1.212  9.5  178.0  19.0  0.27  163.3  25.0
050420261057  1.208  10.3  179.7  19.0  0.26  158.2  25.0
050420261058  1.205  11.0  180.2  19.0  0.36  181.1  25.0
050420261059  1.202  11.3  182.1  19.0  0.22  159.4  25.0
050420261100  1.200  11.2  182.5  19.0  0.33  169.6  25.0
050420261101  1.195  11.4  185.2  19.0  0.19  168.6  25.0
050420261102  1.192  11.3  185.0  19.0  0.14  146.1  25.0
050420261103  1.189  11.0  184.9  19.0  0.20  156.6  25.0
050420261104  1.185  10.3  184.3  19.0  0.21  155.0  25.0
050420261105  1.182  9.7  183.2  19.0  0.09  141.6  25.0
050420261106  1.179  8.9  181.4  16.0  0.15  153.3  25.0
050420261107  1.176  8.8  182.1  16.0  0.15  180.2  25.0
050420261108  1.174  8.1  180.2  16.0  0.08  154.8  25.0
050420261109  1.171  7.6  175.9  16.0  0.12  145.0  25.0
050420261110  1.168  7.2  175.3  16.0  0.03  145.0  25.0
050420261111  1.167  7.2  170.2  16.0  0.09  165.1  25.0
050420261112  1.166  7.6  175.6  16.0  0.16  172.0  25.0
050420261113  1.163  7.9  178.6  16.0  0.10  68.2  25.0
050420261114  1.160  8.3  178.2  16.0  0.06  114.0  25.0
050420261115  1.157  8.6  179.9  17.2  0.07  77.2  25.0
050420261116  1.155  8.7  179.1  17.2  nan  nan  nan
050420261117  1.151  8.1  174.2  17.2  0.06  140.8  25.0
050420261118  1.150  7.9  170.8  17.2  0.05  149.6  25.0
050420261119  1.147  8.1  173.1  17.2  0.08  38.4  25.0
050420261120  1.146  8.7  175.5  17.2  0.05  131.3  25.0
050420261121  1.142  8.9  178.2  17.2  0.09  144.1  25.1
050420261122  1.140  8.3  175.3  17.2  0.17  160.4  25.1
050420261123  1.138  8.1  170.8  17.2  0.05  79.0  25.1
050420261124  1.135  7.9  170.9  17.2  0.07  123.6  25.1
050420261125  1.132  7.6  169.8  13.5  0.08  114.7  25.1
050420261126  1.131  7.3  170.8  13.5  0.04  18.1  25.1
050420261127  1.130  7.1  172.0  13.2  0.06  129.2  25.1
050420261128  1.128  7.3  176.7  13.2  0.05  69.7  25.1
050420261129  1.126  7.4  174.9  13.2  0.06  193.5  25.1
050420261130  1.123  7.2  172.6  13.1  0.04  297.7  25.1
050420261131  1.120  7.1  171.8  13.1  0.13  216.9  25.1
050420261132  1.119  7.4  168.9  13.1  0.11  313.1  25.1
050420261133  1.117  8.0  174.8  25.9  0.08  182.1  25.1
050420261134  1.116  8.2  172.0  25.9  0.03  214.8  25.1
050420261135  1.112  8.8  171.9  25.9  0.06  323.7  25.1
050420261136  1.107  9.6  173.2  25.9  0.14  349.0  25.1
050420261137  1.105  10.6  175.7  25.9  0.06  270.8  25.1
050420261138  1.103  11.2  176.3  25.9  0.08  281.4  25.1
050420261139  1.100  11.2  175.8  25.9  0.09  304.2  25.1
050420261140  1.096  11.5  175.0  25.9  0.04  223.7  25.1
050420261141  1.092  11.7  176.2  25.9  0.10  321.1  25.1
050420261142  1.088  12.2  178.0  25.9  0.10  229.5  25.1
050420261143  1.085  12.0  178.5  24.4  0.10  310.4  25.1
050420261144  1.081  12.3  181.3  24.4  0.05  263.5  25.1
050420261145  1.077  12.3  181.7  24.4  0.12  318.0  25.1
050420261146  1.074  12.3  184.1  24.4  0.11  325.0  25.1
050420261147  1.072  12.1  184.9  19.8  0.13  325.0  25.1
050420261148  1.069  11.7  185.3  19.8  0.09  326.7  25.1
050420261149  1.067  11.8  186.5  19.8  0.16  312.9  25.1
050420261150  1.067  11.8  188.4  19.8  0.16  331.3  25.1
050420261151  1.064  12.0  187.4  19.8  0.24  345.1  25.1
050420261152  1.059  12.0  188.9  19.8  0.25  350.1  25.1
050420261153  1.055  11.5  187.8  19.8  0.33  357.7  25.1
050420261154  1.049  11.1  187.4  19.8  0.35  355.8  25.1
050420261155  1.043  10.6  188.5  18.8  0.32  10.0  25.1
050420261156  1.038  9.8  185.4  16.2  0.31  2.5  25.1
050420261157  1.032  9.1  184.5  14.3  0.25  2.8  25.1
050420261158  1.027  9.1  186.0  14.6  0.48  10.7  25.1
050420261159  1.023  8.8  187.4  14.6  0.58  10.8  25.1
050420261200  1.019  7.9  187.7  14.6  0.36  11.5  25.1
050420261201  1.014  7.4  188.7  14.6  0.43  5.8  25.1
050420261202  1.011  6.5  187.0  14.6  0.57  5.3  25.1
050420261203  1.006  6.3  186.1  14.6  0.40  12.2  25.1
050420261204  1.001  5.9  185.4  14.6  0.47  7.6  25.2
050420261205  0.998  5.7  183.1  14.6  0.50  5.8  25.2
050420261206  0.994  5.7  185.2  14.6  0.57  6.9  25.2
050420261207  0.989  6.3  185.2  14.6  0.53  2.6  25.2
050420261208  0.983  6.2  177.4  13.3  0.35  353.4  25.2
050420261209  0.979  6.6  172.2  15.2  0.61  358.0  25.2
050420261210  0.976  6.9  169.9  15.2  0.66  8.0  25.2
050420261211  0.972  7.2  169.9  15.2  0.60  2.3  25.2
050420261212  0.969  7.9  173.5  15.2  0.71  1.2  25.2
050420261213  0.964  8.4  175.0  15.2  0.60  7.0  25.2
050420261214  0.958  8.8  175.1  15.4  0.52  7.4  25.2
050420261215  0.954  8.9  174.8  15.4  0.65  3.1  25.2
050420261216  0.951  8.7  173.6  15.4  0.60  7.6  25.2
050420261217  0.947  8.4  170.8  15.4  0.71  5.3  25.2
050420261218  0.943  8.1  172.5  15.4  0.57  5.1  25.2
050420261219  0.942  8.2  175.7  15.4  0.64  4.8  25.2
050420261220  0.940  8.6  177.9  15.4  0.55  8.0  25.2
050420261221  0.939  8.0  175.4  15.4  0.66  9.5  25.2
050420261222  0.936  7.8  172.6  15.4  0.54  13.3  25.2
050420261223  0.933  7.8  169.6  16.6  0.64  8.1  25.2
050420261224  0.931  7.8  169.7  16.6  0.64  6.0  25.2
050420261225  0.927  7.6  170.0  16.6  0.67  13.3  25.2
050420261226  0.924  8.5  173.0  19.0  0.65  10.0  25.2
050420261227  0.919  9.0  176.4  19.0  0.58  9.8  25.2
050420261228  0.914  9.1  177.7  19.0  0.68  11.6  25.2
050420261229  0.907  9.2  177.4  19.0  0.71  9.8  25.2
050420261230  0.902  9.0  175.7  19.0  0.61  14.2  25.2
050420261231  0.899  9.4  175.3  19.0  0.67  12.0  25.2
050420261232  0.893  9.8  175.3  19.0  0.63  12.8  25.2
050420261233  0.888  9.8  178.4  19.0  0.61  3.4  25.2
050420261234  0.882  9.8  178.3  19.0  0.63  6.1  25.2
050420261235  0.876  10.1  178.5  19.0  0.62  2.9  25.2
050420261236  0.870  9.3  176.7  17.1  0.59  7.0  25.2
050420261237  0.866  9.0  173.4  17.1  0.72  7.5  25.2
050420261238  0.860  9.6  173.1  20.5  0.67  11.7  25.2
050420261239  0.856  9.5  171.8  20.5  0.51  11.1  25.2
050420261240  0.851  9.9  171.2  20.5  0.59  5.1  25.2
050420261241  0.848  10.2  175.2  20.5  0.65  8.1  25.2
050420261242  0.843  9.8  176.2  20.5  0.55  6.2  25.2
050420261243  0.839  9.1  173.3  20.5  0.63  359.9  25.2
050420261244  0.836  8.5  170.4  20.5  0.76  11.5  25.2
050420261245  0.832  8.2  168.0  20.5  0.66  13.4  25.2
050420261246  0.828  8.5  165.2  20.5  0.66  6.1  25.3
050420261247  0.826  8.3  164.9  20.5  0.76  6.5  25.3
050420261248  0.821  7.7  164.7  16.4  0.69  7.9  25.3
050420261249  0.818  7.3  164.8  16.4  0.76  9.7  25.3
050420261250  0.814  7.1  170.1  16.4  0.76  12.2  25.3
050420261251  0.812  6.9  166.6  16.4  0.74  10.5  25.3
050420261252  0.808  7.0  166.7  16.4  0.83  8.0  25.3
050420261253  0.807  7.1  168.1  16.4  0.80  12.8  25.3
050420261254  0.805  7.1  169.2  16.4  0.93  13.1  25.3
050420261255  0.801  7.4  168.0  16.4  0.82  13.5  25.3
050420261256  0.798  7.2  169.9  12.9  0.82  11.9  25.3
050420261257  0.794  7.2  171.7  12.9  0.80  15.0  25.3
050420261258  0.789  6.8  169.5  12.9  0.85  11.2  25.3
050420261259  0.787  6.6  170.4  12.9  0.67  12.8  25.3
050420261300  0.783  6.2  163.8  11.4  0.80  13.6  25.3
050420261301  0.781  5.7  159.9  11.4  0.91  17.3  25.3
050420261302  0.778  5.3  154.9  11.4  0.91  14.4  25.3
050420261303  0.774  5.5  152.1  11.4  0.89  12.9  25.3
050420261304  0.769  5.8  150.1  11.6  0.81  8.2  25.3
050420261305  0.767  5.8  159.5  25.9  0.74  10.0  25.3
050420261306  0.764  6.3  167.8  25.9  0.87  11.3  25.3
050420261307  0.760  7.0  169.6  25.9  0.68  13.5  25.3
050420261308  0.755  7.8  170.7  25.9  0.85  12.9  25.4
050420261309  0.750  7.6  170.9  25.9  0.84  7.0  25.4
050420261310  0.746  7.7  172.2  25.9  0.93  8.4  25.4
050420261311  0.743  8.3  172.6  25.9  0.81  17.2  25.4
050420261312  0.738  8.9  175.3  25.9  0.72  11.9  25.4
050420261313  0.735  9.5  175.6  25.9  0.85  12.1  25.4
050420261314  0.731  9.6  178.3  25.9  0.77  12.9  25.4
050420261315  0.727  9.7  175.8  19.7  0.76  9.0  25.4
050420261316  0.725  9.0  169.7  19.7  0.81  11.8  25.4
050420261317  0.721  8.2  165.0  19.3  0.85  15.4  25.4
050420261318  0.719  7.7  163.0  16.1  0.89  11.6  25.4
050420261319  0.715  8.3  160.7  16.1  0.67  16.3  25.4
050420261320  0.712  8.6  160.2  16.7  0.72  10.9  25.4
050420261321  0.709  8.4  160.4  16.7  0.75  14.9  25.4
050420261322  0.706  7.9  155.8  16.7  0.75  15.4  25.4
050420261323  0.702  7.3  155.9  16.7  0.74  13.5  25.4
050420261324  0.700  7.4  153.6  16.7  0.78  15.4  25.4
050420261325  0.696  7.2  150.0  16.7  0.78  17.0  25.4
050420261326  0.692  7.2  152.7  16.7  0.70  9.0  25.4
050420261327  0.688  7.7  157.1  16.7  0.85  9.9  25.4
050420261328  0.684  8.3  159.2  18.3  0.58  11.0  25.4
050420261329  0.680  8.0  157.7  18.3  0.85  12.9  25.4
050420261330  0.675  7.7  157.6  18.3  0.70  17.3  25.4
050420261331  0.669  8.1  159.5  18.3  0.75  14.9  25.4
050420261332  0.664  8.3  160.8  18.3  0.79  19.3  25.4
050420261333  0.660  8.6  160.4  18.3  0.73  14.2  25.4
050420261334  0.655  8.5  161.2  18.3  0.69  15.3  25.4
050420261335  0.650  8.1  159.7  18.3  0.74  17.3  25.4
050420261336  0.644  8.1  157.9  18.3  0.71  14.3  25.4
050420261337  0.639  7.5  159.2  18.3  0.70  12.5  25.4
050420261338  0.633  6.9  160.2  11.9  0.65  19.8  25.4
050420261339  0.627  6.9  160.8  11.9  0.66  18.5  25.4
050420261340  0.623  7.0  162.6  11.9  0.60  19.2  25.4
050420261341  0.619  6.8  161.0  11.5  0.73  18.8  25.4
050420261342  0.614  7.0  160.9  14.2  0.78  16.3  25.4
050420261343  0.610  7.0  163.5  14.2  0.53  21.2  25.4
050420261344  0.605  6.8  167.0  14.2  0.68  18.3  25.4
050420261345  0.601  7.0  167.0  14.2  0.64  16.8  25.5
050420261346  0.596  7.1  166.6  14.2  0.63  17.0  25.5
050420261347  0.593  7.4  162.2  14.2  0.57  25.1  25.5
050420261348  0.589  7.4  164.5  14.4  0.64  21.9  25.5
050420261349  0.585  7.6  166.5  14.4  0.82  19.9  25.5
050420261350  0.582  7.3  163.0  14.4  0.75  19.0  25.5
050420261351  0.577  6.9  162.3  14.4  0.75  18.6  25.5
050420261352  0.574  6.6  162.2  14.4  0.76  17.5  25.5
050420261353  0.569  6.9  163.0  17.7  0.82  16.0  25.5
050420261354  0.564  6.8  158.7  17.7  0.80  11.5  25.5
050420261355  0.561  6.9  163.5  17.7  0.77  13.5  25.5
050420261356  0.557  6.6  164.3  17.7  0.77  18.5  25.5
050420261357  0.553  6.4  168.7  17.7  0.77  22.5  25.5
050420261358  0.550  6.0  164.9  17.7  0.64  18.2  25.5
050420261359  0.547  5.8  162.1  17.7  0.75  18.1  25.5
050420261400  0.544  6.2  165.2  17.7  0.73  14.9  25.5
050420261401  0.542  6.7  166.4  17.7  0.64  20.8  25.5
050420261402  0.540  6.6  167.9  17.7  0.69  18.9  25.5
050420261403  0.537  6.7  167.5  16.1  0.61  18.2  25.5
050420261404  0.535  7.2  169.9  16.1  0.70  20.3  25.5
050420261405  0.534  7.1  167.6  16.1  0.58  21.4  25.5
050420261406  0.532  7.2  168.4  16.1  0.73  17.5  25.5
050420261407  0.530  6.9  165.2  16.1  0.72  15.9  25.5
050420261408  0.527  6.9  163.0  16.1  0.59  24.6  25.5
050420261409  0.525  7.1  168.4  16.1  0.63  15.8  25.5
050420261410  0.521  7.1  170.1  16.1  0.76  18.4  25.5
050420261411  0.518  7.2  172.6  16.1  0.58  15.8  25.5
050420261412  0.517  7.7  176.3  16.1  0.58  18.2  25.5
050420261413  0.513  7.2  176.5  16.0  0.61  17.7  25.5
050420261414  0.512  6.9  177.3  16.0  0.61  21.0  25.5
050420261415  0.508  6.7  180.3  16.0  0.54  18.9  25.5
050420261416  0.505  6.8  181.7  16.0  0.74  16.2  25.5
050420261417  0.501  7.3  183.7  16.0  0.66  17.9  25.5
050420261418  0.500  7.6  185.9  16.0  0.65  15.7  25.5
050420261419  0.498  7.5  184.0  16.0  0.54  17.3  25.5
050420261420  0.495  7.0  182.6  16.0  0.71  15.1  25.5
050420261421  0.492  6.5  176.3  14.7  0.71  20.8  25.5
050420261422  0.491  6.1  172.7  13.2  0.48  23.0  25.5
050420261423  0.489  6.1  173.2  13.2  0.64  18.7  25.5
050420261424  0.488  6.5  173.7  13.2  0.50  19.1  25.5
050420261425  0.485  6.3  173.3  13.2  0.51  18.5  25.5
050420261426  0.482  5.8  174.2  13.2  0.49  14.3  25.5
050420261427  0.481  5.7  173.5  13.2  0.62  18.5  25.6
050420261428  0.479  6.2  173.1  13.2  0.63  18.0  25.6
050420261429  0.478  6.2  171.2  13.8  0.57  18.0  25.6
050420261430  0.476  6.7  171.2  13.8  0.51  20.3  25.6
050420261431  0.475  6.9  176.0  13.8  0.63  19.5  25.6
050420261432  0.472  7.1  175.0  13.8  0.57  11.9  25.6
050420261433  0.471  7.4  173.2  13.8  0.58  15.6  25.6
050420261434  0.470  7.2  168.7  13.8  0.51  13.5  25.6
050420261435  0.467  7.6  168.3  13.8  0.51  18.0  25.6
050420261436  0.467  7.9  167.7  13.8  0.52  22.5  25.6
050420261437  0.466  7.8  167.0  13.8  0.54  18.8  25.6
050420261438  0.464  7.4  164.1  13.8  0.55  19.3  25.6
050420261439  0.463  7.1  166.8  13.6  0.49  20.8  25.6
050420261440  0.463  7.0  167.2  13.1  0.52  16.8  25.6
050420261441  0.461  6.9  169.4  13.1  0.52  14.5  25.6
050420261442  0.459  6.6  172.0  13.1  0.45  21.3  25.6
050420261443  0.456  6.2  171.7  12.1  0.58  14.4  25.6
050420261444  0.455  6.1  174.1  12.1  0.65  14.3  25.6
050420261445  0.452  5.7  174.7  11.4  0.62  13.9  25.6
050420261446  0.449  5.4  175.3  11.4  0.56  16.2  25.6
050420261447  0.446  5.2  176.6  11.4  0.56  14.8  25.6
050420261448  0.444  5.5  181.8  11.5  0.52  12.1  25.6
050420261449  0.439  5.8  181.1  11.5  0.57  19.0  25.6
050420261450  0.435  6.2  184.1  14.8  0.62  12.7  25.6
050420261451  0.433  6.6  183.8  16.8  0.65  9.0  25.6
050420261452  0.430  7.3  184.5  16.8  0.65  11.2  25.6
050420261453  0.427  7.9  182.1  16.8  0.69  10.6  25.6
050420261454  0.426  8.4  181.8  16.8  0.57  15.5  25.6
050420261455  0.422  8.8  181.0  16.8  0.59  13.4  25.6
050420261456  0.416  9.9  178.9  17.5  0.71  10.0  25.6
050420261457  0.413  10.2  176.2  17.5  0.74  6.5  25.6
050420261458  0.411  10.8  176.8  17.5  0.60  13.1  25.6
050420261459  0.408  11.5  177.5  17.5  0.71  12.0  25.6
050420261500  0.406  12.3  178.0  21.2  0.47  6.0  25.6
050420261501  0.401  12.7  178.8  21.2  0.65  12.0  25.6
050420261502  0.398  12.9  179.2  21.2  0.69  14.0  25.6
050420261503  0.395  13.2  181.5  21.2  0.68  9.5  25.6
050420261504  0.394  13.4  183.9  21.2  0.81  14.4  25.6
050420261505  0.391  13.7  185.5  21.2  0.63  11.6  25.6
050420261506  0.388  13.4  187.1  21.2  0.66  13.7  25.6
050420261507  0.385  13.5  188.7  21.2  0.78  13.3  25.6
050420261508  0.382  12.8  188.9  21.2  0.78  13.7  25.6
050420261509  0.379  11.9  189.4  21.2  0.77  10.0  25.6
050420261510  0.376  10.8  189.9  19.1  0.58  9.8  25.6
050420261511  0.374  10.3  190.2  17.5  0.86  13.0  25.6
050420261512  0.371  10.1  190.3  18.1  0.68  16.7  25.6
050420261513  0.366  10.1  189.5  18.6  0.87  15.5  25.6
050420261514  0.362  9.4  187.6  18.6  0.86  10.4  25.6
050420261515  0.361  9.0  185.9  18.6  0.68  11.5  25.6
050420261516  0.358  9.2  185.4  18.6  0.81  13.7  25.6
050420261517  0.355  9.6  186.4  18.6  0.84  11.5  25.6
050420261518  0.353  10.6  185.8  19.6  0.66  14.1  25.6
050420261519  0.351  11.4  185.7  20.4  0.66  16.4  25.6
050420261520  0.348  12.6  187.5  25.2  0.86  10.0  25.6
050420261521  0.346  13.0  188.0  25.2  0.70  12.6  25.6
050420261522  0.344  13.0  186.8  25.2  0.70  7.1  25.6
050420261523  0.340  12.8  188.5  25.2  0.70  16.4  25.6
050420261524  0.338  13.4  188.8  25.2  0.74  13.0  25.6
050420261525  0.336  13.5  189.1  25.2  0.74  6.4  25.6
050420261526  0.335  13.5  189.1  25.2  0.72  15.9  25.6
050420261527  0.335  13.3  189.0  25.2  0.70  10.3  25.6
050420261528  0.334  12.8  189.0  25.2  0.68  12.0  25.6
050420261529  0.333  12.0  188.2  25.2  0.74  10.2  25.6
050420261530  0.330  10.4  185.1  19.3  0.72  8.6  25.6
050420261531  0.330  9.4  181.9  19.3  0.70  15.5  25.6
050420261532  0.329  8.7  180.1  19.3  0.71  13.6  25.6
050420261533  0.327  8.1  177.3  19.3  0.60  8.1  25.6
050420261534  0.328  7.4  176.0  16.8  0.75  15.0  25.6
050420261535  0.329  7.4  173.1  16.8  0.65  12.1  25.6
050420261536  0.330  6.8  172.2  15.9  0.68  11.5  25.6
050420261537  0.330  6.3  171.2  15.5  0.74  12.3  25.6
050420261538  0.333  6.0  170.1  16.6  0.63  11.8  25.6
050420261539  0.332  6.1  173.3  16.6  0.66  10.7  25.6
050420261540  0.334  6.8  177.9  16.6  0.65  9.8  25.6
050420261541  0.334  7.5  181.7  16.6  0.69  9.4  25.6
050420261542  0.334  8.2  185.4  16.6  0.62  5.9  25.6
050420261543  0.336  8.5  188.0  16.6  0.65  9.5  25.6
050420261544  0.339  8.4  188.0  16.6  0.55  5.6  25.6
050420261545  0.340  8.9  188.0  16.6  0.54  3.8  25.6
050420261546  0.341  9.3  188.8  16.6  0.50  359.2  25.6
050420261547  0.343  9.4  188.2  16.6  0.50  360.0  25.6
050420261548  0.343  9.7  187.6  16.0  0.60  5.5  25.6
050420261549  0.344  9.8  188.5  16.9  0.63  2.5  25.6
050420261550  0.347  10.2  187.9  19.0  0.48  4.0  25.6
050420261551  0.351  10.1  186.3  19.0  0.58  6.5  25.6
050420261552  0.352  9.7  185.0  19.0  0.54  1.9  25.6
050420261553  0.354  10.3  183.9  19.0  0.52  356.9  25.6
050420261554  0.357  10.6  183.1  19.0  0.44  354.8  25.6
050420261555  0.359  10.8  185.7  19.0  0.62  8.9  25.6
050420261556  0.363  11.1  184.7  19.0  0.39  5.4  25.6
050420261557  0.365  11.7  186.1  19.0  0.46  2.0  25.6
050420261558  0.368  11.6  186.2  19.0  0.60  355.2  25.6
050420261559  0.374  11.4  182.5  19.0  0.37  354.6  25.6
050420261600  0.376  10.5  179.4  18.7  0.34  346.4  25.6
050420261601  0.378  9.9  179.1  18.7  0.35  0.3  25.6
050420261602  0.380  10.0  177.2  18.7  0.39  354.9  25.6
050420261603  0.381  9.5  175.4  18.7  0.28  340.9  25.6
050420261604  0.383  9.4  176.3  18.7  0.25  339.8  25.6
050420261605  0.385  8.5  174.0  17.1  0.38  349.5  25.6
050420261606  0.388  7.5  173.5  15.5  0.36  341.7  25.6
050420261607  0.389  7.1  169.4  15.5  0.32  347.6  25.6
050420261608  0.390  7.0  168.6  15.5  0.30  356.6  25.6
050420261609  0.391  7.3  173.2  19.6  0.36  345.1  25.6
050420261610  0.392  8.2  177.6  21.1  0.34  348.8  25.6
050420261611  0.391  8.8  179.6  21.1  0.36  354.3  25.6
050420261612  0.391  8.6  180.5  21.1  0.27  352.7  25.6
050420261613  0.392  8.7  181.1  21.1  0.45  352.8  25.6
050420261614  0.393  9.3  180.1  21.1  0.34  354.9  25.6
050420261615  0.395  9.9  178.0  21.1  0.34  357.5  25.6
050420261616  0.395  10.5  176.2  21.1  0.35  353.1  25.6
050420261617  0.394  10.3  176.9  21.1  0.26  350.3  25.6
050420261618  0.396  10.1  177.4  21.1  0.39  0.0  25.6
050420261619  0.395  9.6  176.2  21.1  0.31  350.8  25.5
050420261620  0.397  9.0  174.3  20.8  0.33  350.9  25.5
050420261621  0.397  8.7  170.9  20.8  0.33  348.7  25.5
050420261622  0.397  8.4  169.7  20.8  0.27  339.6  25.5
050420261623  0.397  8.3  169.9  20.8  0.34  357.5  25.5
050420261624  0.397  7.7  170.4  15.3  0.39  351.7  25.5
050420261625  0.399  7.6  171.7  15.3  0.35  352.8  25.5
050420261626  0.401  7.6  171.9  15.3  0.39  1.9  25.5
050420261627  0.403  7.7  169.3  15.3  0.31  349.5  25.5
050420261628  0.401  7.8  167.8  15.3  0.33  354.7  25.5
050420261629  0.403  7.9  168.2  15.3  0.41  351.5  25.5
050420261630  0.405  7.8  166.3  15.3  0.34  347.4  25.5
050420261631  0.405  7.8  169.8  15.3  0.41  357.7  25.5
050420261632  0.408  8.1  170.5  15.3  0.21  343.7  25.5
050420261633  0.408  8.1  168.8  15.3  0.30  346.8  25.5
050420261634  0.409  7.7  166.1  15.3  0.32  357.2  25.5
050420261635  0.410  7.3  165.3  15.3  0.27  358.0  25.5
050420261636  0.411  7.0  168.5  15.3  0.43  4.8  25.5
050420261637  0.414  7.1  169.9  15.3  0.33  4.0  25.5
050420261638  0.417  7.2  170.5  15.3  0.25  348.4  25.5
050420261639  0.417  7.1  168.2  15.3  0.31  341.8  25.5
050420261640  0.418  7.2  168.6  15.3  0.31  3.5  25.5
050420261641  0.421  6.9  165.8  13.0  0.25  4.7  25.5
050420261642  0.421  6.8  165.4  13.0  0.41  353.9  25.5
050420261643  0.419  6.5  165.9  13.0  0.22  336.4  25.5
050420261644  0.419  6.5  168.4  13.0  0.35  355.6  25.5
050420261645  0.419  6.8  168.7  13.0  0.28  4.8  25.5
050420261646  0.420  6.8  166.5  13.0  0.32  345.0  25.5
050420261647  0.421  6.5  167.4  12.9  0.38  353.2  25.5
050420261648  0.424  6.5  168.0  16.8  0.28  5.6  25.5
050420261649  0.425  6.8  169.8  16.8  0.32  356.7  25.5
050420261650  0.428  6.4  170.7  16.8  0.31  357.9  25.5
050420261651  0.429  6.3  169.1  16.8  0.26  0.4  25.5
050420261652  0.430  6.3  167.4  16.8  0.26  351.2  25.5
050420261653  0.431  6.3  167.3  16.8  0.23  2.2  25.5
050420261654  0.433  6.6  168.0  16.8  0.31  4.2  25.5
050420261655  0.435  6.6  168.3  16.8  0.27  9.6  25.5
050420261656  0.436  6.7  170.6  16.8  0.20  349.8  25.5
050420261657  0.437  7.4  174.0  16.8  0.25  355.3  25.5
050420261658  0.438  7.6  174.6  15.3  0.20  349.8  25.5
050420261659  0.438  7.5  176.2  15.3  0.21  341.7  25.5
050420261700  0.441  8.1  178.2  15.3  0.26  3.2  25.5
050420261701  0.441  8.2  179.0  15.3  0.22  1.8  25.5
050420261702  0.444  8.5  180.2  15.3  0.21  357.4  25.5
050420261703  0.447  9.3  177.4  15.8  0.12  340.5  25.5
050420261704  0.449  9.5  177.8  15.8  0.23  9.5  25.5
050420261705  0.453  9.8  180.6  15.8  0.20  2.0  25.5
050420261706  0.457  9.8  181.5  15.8  0.17  357.7  25.5
050420261707  0.460  9.2  180.9  15.8  0.17  338.1  25.5
050420261708  0.464  8.7  180.8  15.8  0.08  21.6  25.5
050420261709  0.469  8.8  180.8  15.8  0.09  26.8  25.5
050420261710  0.474  8.7  180.7  15.8  0.12  0.8  25.5
050420261711  0.480  8.9  181.7  15.8  0.05  217.6  25.5
050420261712  0.486  9.4  181.8  17.6  0.05  339.0  25.5
050420261713  0.493  9.2  182.6  17.6  0.19  191.8  25.5
050420261714  0.498  9.3  182.3  17.6  0.07  203.2  25.5
050420261715  0.503  9.1  179.4  17.6  nan  nan  nan
050420261716  0.509  8.8  176.7  17.6  0.05  10.0  25.5
050420261717  0.512  8.8  176.4  17.6  0.07  215.9  25.5
050420261718  0.519  9.0  177.2  17.6  0.13  213.5  25.5
050420261719  0.525  8.9  177.2  17.6  0.03  266.0  25.5
050420261720  0.530  8.5  176.8  17.6  0.19  215.2  25.5
050420261721  0.535  8.3  176.3  17.6  0.15  217.2  25.5
050420261722  0.538  7.4  176.3  13.3  0.22  191.5  25.5
050420261723  0.543  6.9  178.6  13.3  0.23  215.0  25.5
050420261724  0.549  6.5  178.7  12.5  0.27  200.3  25.5
050420261725  0.554  6.5  180.2  12.5  0.21  212.2  25.5
050420261726  0.559  6.7  182.8  12.5  0.25  203.8  25.5
050420261727  0.566  6.9  184.4  12.5  0.31  193.6  25.5
050420261728  0.573  6.9  184.1  12.5  0.36  202.3  25.5
050420261729  0.578  6.7  182.4  12.5  0.39  193.5  25.5
050420261730  0.583  6.6  180.3  12.5  0.48  197.2  25.5
050420261731  0.589  6.9  180.4  12.5  0.36  194.4  25.5
050420261732  0.593  7.1  181.5  12.5  0.25  196.8  25.5
050420261733  0.597  7.1  182.8  12.5  0.35  186.2  25.5
050420261734  0.602  7.0  183.9  10.6  0.33  199.0  25.5
050420261735  0.607  7.1  184.1  10.1  0.30  185.6  25.5
050420261736  0.612  7.3  184.1  12.2  0.34  197.6  25.5
050420261737  0.616  7.1  180.6  12.2  0.36  203.4  25.5
050420261738  0.620  7.1  182.1  12.6  0.40  196.4  25.5
050420261739  0.624  7.3  183.7  17.4  0.36  199.7  25.5
050420261740  0.628  7.6  184.9  17.4  0.40  200.9  25.5
050420261741  0.633  7.5  186.0  17.4  0.41  194.9  25.5
050420261742  0.637  7.7  183.9  17.4  0.44  186.2  25.5
050420261743  0.642  8.2  181.4  17.4  0.42  188.4  25.5
050420261744  0.645  8.2  179.1  17.4  0.35  195.4  25.5
050420261745  0.650  8.0  177.9  17.4  0.34  186.7  25.5
050420261746  0.655  7.9  176.6  17.4  0.57  184.7  25.5
050420261747  0.659  8.5  178.7  17.4  0.65  188.8  25.5
050420261748  0.665  8.7  176.9  17.4  0.49  182.8  25.5
050420261749  0.670  8.7  177.0  15.4  0.58  183.6  25.5
050420261750  0.673  8.4  175.9  15.4  0.52  179.7  25.5
050420261751  0.677  8.5  175.7  15.4  0.49  181.9  25.5
050420261752  0.682  8.4  177.8  15.4  0.48  181.4  25.5
050420261753  0.686  8.4  180.5  15.4  0.51  178.2  25.5
050420261754  0.689  9.0  180.6  18.1  0.47  176.0  25.5
050420261755  0.693  9.8  182.6  18.1  0.56  173.8  25.5
050420261756  0.697  10.2  182.9  18.1  0.53  178.8  25.5
050420261757  0.700  10.2  183.3  18.1  0.58  183.6  25.5
050420261758  0.702  10.4  185.5  18.1  0.55  177.4  25.5
050420261759  0.703  10.8  184.9  18.1  0.61  178.2  25.5
050420261800  0.705  11.2  185.9  18.1  0.51  181.8  25.5
050420261801  0.707  11.8  187.1  18.1  0.59  184.1  25.5
050420261802  0.708  12.0  187.6  18.1  0.58  182.1  25.5
050420261803  0.710  11.9  187.1  18.1  0.61  176.8  25.5
050420261804  0.711  11.6  187.6  17.0  0.60  182.9  25.5
050420261805  0.712  11.2  186.9  17.0  0.44  171.6  25.5
050420261806  0.715  10.9  186.4  17.0  0.55  178.4  25.5
050420261807  0.716  10.4  185.6  17.0  0.53  177.2  25.5
050420261808  0.719  9.7  183.7  17.0  0.57  174.2  25.5
050420261809  0.721  8.9  183.6  14.1  0.64  178.7  25.5
050420261810  0.724  8.3  180.9  14.1  0.59  180.4  25.5
050420261811  0.728  8.0  179.9  14.1  0.54  179.7  25.5
050420261812  0.730  8.1  180.2  14.1  0.68  183.0  25.5
050420261813  0.734  7.9  181.2  13.5  0.54  179.2  25.5
050420261814  0.738  7.7  182.3  13.5  0.51  181.0  25.5
050420261815  0.742  7.9  183.7  13.5  0.58  182.0  25.5
050420261816  0.745  8.1  184.7  13.5  0.58  185.6  25.5
050420261817  0.749  8.3  185.7  13.5  0.60  180.5  25.5
050420261818  0.751  9.0  186.0  14.6  0.62  182.6  25.5
050420261819  0.754  9.7  186.2  14.6  0.62  192.7  25.5
050420261820  0.757  10.2  188.0  14.6  0.61  188.2  25.5
050420261821  0.762  10.5  187.9  16.1  0.48  181.3  25.5
050420261822  0.765  10.4  187.3  16.1  0.56  184.8  25.5
050420261823  0.769  10.7  186.8  16.1  0.61  185.8  25.5
050420261824  0.772  11.0  186.2  16.1  0.54  182.1  25.5
050420261825  0.775  10.8  185.6  16.1  0.55  184.7  25.5
050420261826  0.779  10.6  185.9  16.1  0.54  190.4  25.5
050420261827  0.782  10.6  186.1  16.1  0.57  188.4  25.5
050420261828  0.787  10.3  184.6  16.1  0.50  193.8  25.5
050420261829  0.792  10.2  184.2  16.1  0.46  189.5  25.5
050420261830  0.796  10.2  183.6  16.1  0.57  187.5  25.5
050420261831  0.800  10.1  181.5  15.4  0.51  190.9  25.5
050420261832  0.805  10.1  180.4  15.4  0.53  189.6  25.5
050420261833  0.811  9.9  180.1  15.4  0.45  193.2  25.5
050420261834  0.817  9.7  180.6  15.4  0.60  193.9  25.5
050420261835  0.821  9.7  180.3  15.4  0.51  192.6  25.5
050420261836  0.825  9.7  179.5  15.4  0.48  196.0  25.5
050420261837  0.829  9.9  177.9  15.4  0.48  195.6  25.5
050420261838  0.834  10.0  180.7  15.4  0.45  193.0  25.5
050420261839  0.839  9.9  180.0  15.4  0.47  190.7  25.5
050420261840  0.844  9.8  179.4  15.4  0.57  194.3  25.5
050420261841  0.851  9.8  180.3  14.1  0.44  200.3  25.5
050420261842  0.857  9.3  181.3  14.1  0.51  193.9  25.5
050420261843  0.863  9.3  183.5  14.1  0.54  200.5  25.5
050420261844  0.870  9.5  184.4  14.1  0.59  197.0  25.5
050420261845  0.875  9.3  184.5  13.7  0.50  200.0  25.5
050420261846  0.880  9.5  185.0  15.1  0.52  189.4  25.5
050420261847  0.886  9.6  187.0  15.1  0.50  189.3  25.5
050420261848  0.892  9.6  186.6  15.1  0.54  189.4  25.5
050420261849  0.900  9.8  187.5  15.1  0.52  188.1  25.5
050420261850  0.907  9.8  188.5  15.1  0.54  195.8  25.5
050420261851  0.913  9.6  189.4  15.1  0.50  198.3  25.5
050420261852  0.919  9.8  190.7  15.1  0.52  185.5  25.5
050420261853  0.927  9.7  188.6  15.1  0.56  192.4  25.5
050420261854  0.934  9.3  187.9  15.1  0.54  183.4  25.5
050420261855  0.942  9.3  188.9  15.1  0.46  194.3  25.5
050420261856  0.946  9.3  189.1  14.2  0.57  187.3  25.5
050420261857  0.952  9.4  189.5  14.2  0.63  189.3  25.5
050420261858  0.958  9.8  189.8  17.4  0.51  193.7  25.5
050420261859  0.964  10.1  191.8  17.4  0.54  185.0  25.4
050420261900  0.969  10.3  193.3  17.4  0.69  186.9  25.4
050420261901  0.976  10.8  194.1  17.4  0.80  185.6  25.4
050420261902  0.981  11.2  193.9  17.4  0.83  185.4  25.4
050420261903  0.987  11.7  194.6  17.4  0.84  186.3  25.4
050420261904  0.993  12.4  195.7  17.4  0.74  188.2  25.4
050420261905  0.998  12.8  195.9  17.4  0.82  184.3  25.4
050420261906  1.003  12.7  196.9  17.4  0.77  186.4  25.4
050420261907  1.010  12.5  197.9  17.4  0.72  186.3  25.4
050420261908  1.014  12.1  198.3  16.8  0.68  187.0  25.4
050420261909  1.019  12.1  197.9  17.3  0.85  188.6  25.4
050420261910  1.024  12.2  197.7  17.3  0.81  189.5  25.4
050420261911  1.028  12.2  198.0  17.3  0.86  181.8  25.5
050420261912  1.031  11.9  197.2  17.3  0.91  183.8  25.4
050420261913  1.038  11.7  196.8  17.3  0.90  182.2  25.4
050420261914  1.044  11.4  196.0  17.3  0.83  180.2  25.4
050420261915  1.047  11.1  194.5  17.3  0.81  175.5  25.4
050420261916  1.051  10.8  193.6  17.3  0.78  178.5  25.4
050420261917  1.056  11.2  193.3  17.7  0.85  181.6  25.4
050420261918  1.060  11.5  194.3  17.7  0.92  180.7  25.4
050420261919  1.064  11.4  193.3  17.7  0.86  176.9  25.4
050420261920  1.069  11.1  192.2  17.7  0.87  179.8  25.4
050420261921  1.074  11.1  190.8  18.4  0.84  178.9  25.4
050420261922  1.077  11.6  190.3  18.4  0.83  177.7  25.4
050420261923  1.081  11.9  190.2  18.4  0.71  177.3  25.4
050420261924  1.085  12.0  189.2  18.4  0.80  177.4  25.4
050420261925  1.091  12.1  189.0  18.4  0.70  178.4  25.4
050420261926  1.094  12.2  188.5  18.4  0.71  174.9  25.4
050420261927  1.099  12.0  186.9  18.4  0.83  175.8  25.4
050420261928  1.104  11.7  184.7  18.4  0.83  181.9  25.4
050420261929  1.108  11.7  184.9  18.4  0.78  180.8  25.4
050420261930  1.111  11.6  185.6  18.4  0.83  177.1  25.4
050420261931  1.114  11.4  185.7  18.4  0.75  178.8  25.4
050420261932  1.120  11.1  185.5  16.9  0.73  179.6  25.4
050420261933  1.125  10.9  185.4  18.0  0.83  182.5  25.4
050420261934  1.129  10.8  186.4  18.0  0.74  180.3  25.4
050420261935  1.135  11.0  186.4  18.0  0.73  176.9  25.4
050420261936  1.139  10.7  186.8  18.0  0.77  181.9  25.4
050420261937  1.142  10.5  187.1  18.0  0.79  181.9  25.4
050420261938  1.146  10.3  187.3  18.0  0.72  179.8  25.4
050420261939  1.150  9.9  187.1  18.0  0.79  181.6  25.4
050420261940  1.153  10.0  187.4  18.0  0.79  178.4  25.4
050420261941  1.158  10.3  187.8  18.0  0.78  182.0  25.4
050420261942  1.161  10.1  188.4  18.0  0.66  180.1  25.3
050420261943  1.163  9.6  189.2  17.6  0.66  177.5  25.3
050420261944  1.167  9.6  188.5  17.6  0.68  179.7  25.3
050420261945  1.172  9.4  189.1  17.6  0.77  177.1  25.3
050420261946  1.177  9.9  189.9  17.6  0.80  177.3  25.3
050420261947  1.180  10.3  189.0  17.6  0.66  173.8  25.3
050420261948  1.183  10.5  188.9  17.6  0.69  177.4  25.3
050420261949  1.186  10.7  189.6  17.6  0.69  178.6  25.3
050420261950  1.190  10.8  186.3  17.6  0.73  176.9  25.3
050420261951  1.194  10.7  186.1  15.6  0.75  175.5  25.3
050420261952  1.198  10.8  186.8  16.0  0.71  176.5  25.3
050420261953  1.202  11.3  187.0  16.0  0.75  180.5  25.3
050420261954  1.206  11.6  188.4  16.0  0.71  174.7  25.3
050420261955  1.210  11.8  188.4  16.0  0.74  177.3  25.3
050420261956  1.213  11.5  188.4  16.0  0.69  176.6  25.3
050420261957  1.217  11.0  188.9  16.0  0.69  179.7  25.3
050420261958  1.222  11.0  189.8  16.0  0.72  176.6  25.3
050420261959  1.226  11.3  189.6  16.0  0.64  179.1  25.3
050420262000  1.230  11.3  191.8  16.1  0.66  180.1  25.3
050420262001  1.235  11.5  192.0  16.2  0.54  178.3  25.3
050420262002  1.238  11.5  191.3  16.2  0.62  177.3  25.3
050420262003  1.242  11.2  191.9  16.2  0.76  177.2  25.3
050420262004  1.246  11.1  191.8  16.2  0.76  176.6  25.3
050420262005  1.250  10.9  193.2  16.2  0.68  174.6  25.3
050420262006  1.254  11.1  193.9  16.2  0.69  178.5  25.3
050420262007  1.257  11.4  195.0  16.2  0.65  180.9  25.3
050420262008  1.261  11.4  194.5  16.2  0.62  184.3  25.3
050420262009  1.267  11.2  194.4  16.2  0.74  183.3  25.3
050420262010  1.271  11.0  195.0  16.2  0.61  178.4  25.3
050420262011  1.276  10.8  195.3  14.7  0.79  179.5  25.3
050420262012  1.280  10.6  196.5  14.7  0.70  181.8  25.3
050420262013  1.285  10.7  194.9  15.3  0.63  182.6  25.2
050420262014  1.289  10.8  193.6  16.8  0.72  186.7  25.2
050420262015  1.294  10.9  192.8  16.8  0.64  181.0  25.2
050420262016  1.299  11.0  192.0  16.8  0.65  181.6  25.2
050420262017  1.303  10.8  191.4  16.8  0.64  182.2  25.2
050420262018  1.307  10.8  192.5  16.8  0.75  181.6  25.2
050420262019  1.311  10.9  193.4  16.8  0.77  181.3  25.2
050420262020  1.314  11.3  193.7  17.5  0.79  179.4  25.2
050420262021  1.319  11.4  192.3  17.5  0.77  182.6  25.2
050420262022  1.325  11.5  191.0  17.5  0.75  178.7  25.2
050420262023  1.330  11.4  191.6  17.5  0.73  176.6  25.2
050420262024  1.335  11.3  191.8  17.5  0.76  177.4  25.2
050420262025  1.339  11.2  192.2  17.5  0.82  177.3  25.2
050420262026  1.345  11.3  192.8  17.5  0.74  175.4  25.2
050420262027  1.349  11.4  193.8  17.5  0.86  177.4  25.2
050420262028  1.354  11.3  193.2  17.5  0.89  177.2  25.2
050420262029  1.361  11.3  192.4  17.5  0.81  175.9  25.2
050420262030  1.366  10.6  191.9  16.2  0.82  174.9  25.2
050420262031  1.372  10.4  193.3  16.2  0.81  175.0  25.2
050420262032  1.378  10.6  194.5  16.2  0.78  175.9  25.2
050420262033  1.384  10.4  193.4  16.2  0.87  177.3  25.2
050420262034  1.388  10.2  193.0  16.2  0.87  177.9  25.2
050420262035  1.393  10.1  192.1  16.2  0.91  174.9  25.2
050420262036  1.398  9.7  190.7  16.2  0.77  178.2  25.2
050420262037  1.403  9.7  189.2  16.2  0.87  176.1  25.2
050420262038  1.407  9.7  189.1  16.2  0.87  178.2  25.2
050420262039  1.411  9.6  188.8  15.6  0.79  172.2  25.2
050420262040  1.415  9.7  188.4  15.6  0.82  172.0  25.2
050420262041  1.418  9.7  188.5  15.6  0.81  176.1  25.2
050420262042  1.422  9.4  187.3  13.7  0.78  175.9  25.2
050420262043  1.426  9.5  188.8  13.7  0.79  176.7  25.2
050420262044  1.429  9.6  188.7  13.7  0.84  176.1  25.2
050420262045  1.433  10.1  188.0  17.5  0.81  172.8  25.2
050420262046  1.439  10.5  186.3  17.5  0.66  171.1  25.2
050420262047  1.442  10.5  184.8  17.5  0.89  176.3  25.2
050420262048  1.447  10.3  183.1  17.5  0.88  178.7  25.1
050420262049  1.449  10.4  182.5  17.5  0.87  178.0  25.1
050420262050  1.453  10.5  182.6  17.5  0.78  176.1  25.1
050420262051  1.455  10.6  183.0  17.5  0.81  177.1  25.1
050420262052  1.459  10.8  182.3  17.5  0.73  171.8  25.1
050420262053  1.461  10.9  181.5  17.5  0.74  178.8  25.1
050420262054  1.464  10.9  181.7  17.5  0.72  181.0  25.1
050420262055  1.468  10.9  181.7  16.0  0.77  181.6  25.1
050420262056  1.473  10.7  183.1  16.0  0.72  176.8  25.1
050420262057  1.476  10.5  183.5  16.0  0.65  172.2  25.1
050420262058  1.479  10.6  184.6  16.0  0.75  179.2  25.1
050420262059  1.483  10.5  185.3  16.0  0.72  178.4  25.1
050420262100  1.486  10.5  186.1  16.0  0.79  177.4  25.1
050420262101  1.490  10.5  185.0  16.0  0.68  177.9  25.1
050420262102  1.494  10.4  184.9  14.4  0.71  177.6  25.1
050420262103  1.497  10.6  185.9  14.4  0.75  176.3  25.1
050420262104  1.500  10.8  186.4  17.7  0.62  176.4  25.1
050420262105  1.502  10.4  186.4  17.7  0.63  177.3  25.1
050420262106  1.507  10.3  187.1  17.7  0.71  175.4  25.1
050420262107  1.508  10.4  188.2  17.7  0.60  179.1  25.1
050420262108  1.509  10.3  188.9  17.7  0.59  178.8  25.1
050420262109  1.510  10.4  189.2  17.7  0.64  180.0  25.1
050420262110  1.512  10.0  189.2  17.7  0.68  179.3  25.1
050420262111  1.514  9.8  189.8  17.7  0.70  175.0  25.1
050420262112  1.517  9.6  190.5  17.7  0.78  178.9  25.1
050420262113  1.519  9.4  190.4  17.7  0.68  178.7  25.1
050420262114  1.522  9.4  190.9  14.2  0.73  183.0  25.1
050420262115  1.524  9.5  192.7  14.2  0.77  177.4  25.1
050420262116  1.527  9.6  191.9  14.2  0.76  179.3  25.1
050420262117  1.529  9.3  191.9  14.2  0.67  174.8  25.1
050420262118  1.532  9.7  192.9  14.2  0.79  176.0  25.1
050420262119  1.534  10.0  192.4  16.4  0.72  179.7  25.1
050420262120  1.538  10.5  189.8  16.4  0.70  174.8  25.1
050420262121  1.542  10.8  187.7  16.4  0.76  173.7  25.1
050420262122  1.544  10.7  186.5  16.4  0.74  174.6  25.1
050420262123  1.545  10.6  187.1  16.4  0.68  174.9  25.1
050420262124  1.547  10.2  186.9  16.4  0.72  180.7  25.1
050420262125  1.550  10.3  185.9  16.4  0.73  175.8  25.1
050420262126  1.551  10.3  186.4  16.4  0.73  179.6  25.1
050420262127  1.553  10.7  186.7  16.4  0.57  173.0  25.1
050420262128  1.554  10.7  184.2  16.4  0.61  177.0  25.1
050420262129  1.555  10.2  182.6  15.9  0.68  174.9  25.1
050420262130  1.556  10.2  184.0  15.5  0.66  171.9  25.1
050420262131  1.557  10.1  184.8  15.5  0.65  174.0  25.1
050420262132  1.559  10.6  186.3  15.5  0.64  169.9  25.1
050420262133  1.561  10.9  184.9  15.5  0.60  172.6  25.0
050420262134  1.564  11.1  184.4  15.5  0.79  176.2  25.0
050420262135  1.566  11.3  184.7  15.5  0.51  172.3  25.0
050420262136  1.569  11.3  182.7  17.5  0.62  173.3  25.0
050420262137  1.569  11.1  182.2  17.5  0.69  174.4  25.0
050420262138  1.571  10.8  182.8  17.5  0.70  173.6  25.0
050420262139  1.575  10.7  183.4  17.5  0.74  173.5  25.0
050420262140  1.578  10.6  183.5  17.5  0.77  172.5  25.0
050420262141  1.581  10.5  184.8  17.5  0.78  178.3  25.0
050420262142  1.583  10.1  183.6  17.5  0.67  175.5  25.0
050420262143  1.586  9.7  183.5  17.5  0.67  174.4  25.0
050420262144  1.588  9.8  184.2  17.5  0.69  171.2  25.0
050420262145  1.592  9.8  185.3  17.5  0.58  173.1  25.0
050420262146  1.595  9.6  187.7  13.2  0.66  181.9  25.0
050420262147  1.597  9.5  188.0  13.2  0.69  175.9  25.0
050420262148  1.599  9.6  187.4  13.2  0.67  175.9  25.0
050420262149  1.601  10.0  188.1  14.1  0.66  178.7  25.0
050420262150  1.603  9.9  187.7  14.1  0.66  177.0  25.0
050420262151  1.606  9.9  187.9  14.1  0.56  171.4  25.0
050420262152  1.608  9.9  189.2  14.1  0.75  176.3  25.0
050420262153  1.610  10.0  188.9  14.1  0.66  174.1  25.0
050420262154  1.611  9.7  188.1  14.1  0.70  172.7  25.0
050420262155  1.612  9.3  186.8  14.1  0.67  174.3  25.0
050420262156  1.614  9.2  187.2  14.1  0.63  178.1  25.0
050420262157  1.616  9.6  187.7  14.1  0.75  177.7  25.0
050420262158  1.617  9.6  189.8  14.1  0.63  178.3  25.0
050420262159  1.619  9.5  190.5  12.8  0.61  177.2  25.0
050420262200  1.620  9.4  191.3  12.6  0.56  176.6  25.0
050420262201  1.621  9.3  191.1  12.6  0.58  176.8  25.0
050420262202  1.624  9.6  192.1  12.6  0.61  178.4  25.0
050420262203  1.627  9.6  193.5  12.6  0.63  180.8  25.0
050420262204  1.629  9.7  193.6  12.6  0.69  179.2  25.0
050420262205  1.630  10.0  193.5  13.7  0.62  178.5  25.0
050420262206  1.631  10.2  192.5  13.7  0.64  174.4  25.0
050420262207  1.633  10.0  191.3  13.7  0.55  172.7  25.0
050420262208  1.635  9.8  190.3  13.7  0.70  181.6  25.0
050420262209  1.638  9.8  189.7  13.7  0.55  168.9  25.0
050420262210  1.640  9.9  189.4  15.8  0.68  175.0  25.0
050420262211  1.642  10.0  189.5  15.8  0.73  180.2  25.0
050420262212  1.643  9.9  187.2  15.8  0.62  175.3  25.0
050420262213  1.644  9.8  186.5  15.8  0.61  174.0  25.0
050420262214  1.645  9.5  186.8  15.8  0.57  177.6  25.0
050420262215  1.646  9.2  187.6  15.8  0.60  179.8  25.0
050420262216  1.648  9.0  187.6  15.8  0.58  173.3  25.0
050420262217  1.647  9.0  188.0  15.8  0.63  178.3  25.0
050420262218  1.647  9.1  187.0  15.8  0.64  179.1  25.0
050420262219  1.647  9.0  186.0  15.8  0.63  179.4  25.0
050420262220  1.647  8.8  185.5  14.6  0.61  173.4  25.0
050420262221  1.647  8.8  184.4  11.6  0.57  180.0  25.0
050420262222  1.647  8.8  185.4  11.9  0.59  170.5  25.0
050420262223  1.647  8.7  184.2  11.9  0.52  176.3  25.0
050420262224  1.646  8.9  184.3  11.9  0.58  182.1  25.0
050420262225  1.646  9.0  181.8  11.9  0.60  183.3  25.0
050420262226  1.647  8.9  181.7  12.0  0.66  177.5  25.0
050420262227  1.649  8.8  181.6  12.0  0.44  177.4  25.0
050420262228  1.648  8.4  180.6  12.0  0.48  171.9  25.0
050420262229  1.647  8.3  180.3  12.0  0.41  176.8  25.0
050420262230  1.647  8.1  179.2  12.0  0.43  177.4  25.0
050420262231  1.647  8.0  180.0  12.0  0.38  170.1  25.0
050420262232  1.647  8.2  181.1  12.5  0.54  179.5  25.0
050420262233  1.648  8.0  182.2  12.5  0.50  179.7  25.0
050420262234  1.648  8.0  181.8  12.5  0.55  177.3  25.0
050420262235  1.649  7.9  184.3  12.5  0.47  179.8  25.0
050420262236  1.648  7.9  185.7  12.5  0.42  169.5  25.0
050420262237  1.647  8.1  186.6  12.5  0.61  178.1  25.0
050420262238  1.647  8.6  186.2  13.4  0.57  181.6  25.0
050420262239  1.647  8.6  187.9  13.4  0.60  178.9  25.0
050420262240  1.647  8.7  189.9  13.4  0.49  169.7  25.0
050420262241  1.645  8.5  190.3  13.4  0.42  174.3  25.0
050420262242  1.645  8.2  189.5  13.4  0.49  177.4  25.0
050420262243  1.642  8.4  190.7  13.4  0.44  176.7  25.0
050420262244  1.642  8.9  191.8  15.4  0.48  169.4  25.0
050420262245  1.642  9.0  190.1  15.4  0.47  173.0  25.0
050420262246  1.641  9.0  189.7  15.4  0.41  171.6  25.0
050420262247  1.639  9.2  189.7  15.4  0.43  178.0  25.0
050420262248  1.637  9.0  191.9  15.4  0.50  178.8  25.0
050420262249  1.635  9.0  191.3  15.4  0.50  176.5  25.0
050420262250  1.632  9.3  191.2  15.4  0.46  176.3  24.9
050420262251  1.633  9.6  190.9  15.4  0.38  171.7  24.9
050420262252  1.632  9.6  191.3  15.4  0.44  184.9  24.9
050420262253  1.629  9.6  189.6  15.4  0.48  179.5  24.9
050420262254  1.629  8.9  188.4  12.6  0.37  178.3  24.9
050420262255  1.627  8.6  189.2  12.6  0.30  176.7  24.9
050420262256  1.625  8.4  188.7  12.6  0.20  160.5  24.9
050420262257  1.625  8.0  188.9  12.6  0.44  186.0  24.9
050420262258  1.625  7.9  188.8  12.6  0.40  185.6  24.9
050420262259  1.624  7.8  188.8  12.6  0.40  187.2  25.0
050420262300  1.623  7.5  188.3  12.6  0.32  180.8  25.0
050420262301  1.621  7.1  187.8  10.0  0.32  181.7  25.0
050420262302  1.620  6.9  186.5  9.7  0.30  189.6  25.0
050420262303  1.620  6.7  187.8  9.6  0.30  188.1  25.0
050420262304  1.619  6.7  187.9  9.6  0.23  204.7  25.0
050420262305  1.618  6.9  188.5  9.6  0.32  176.5  25.0
050420262306  1.616  6.8  188.7  9.6  0.23  178.8  25.0
050420262307  1.615  6.8  188.9  9.6  0.25  180.1  25.0
050420262308  1.612  6.7  189.6  9.4  0.28  167.5  25.0
050420262309  1.610  6.6  191.0  9.4  0.36  173.9  25.0
050420262310  1.607  6.5  192.1  9.1  0.43  181.1  25.0
050420262311  1.605  6.5  193.4  9.1  0.51  169.3  25.0
050420262312  1.603  6.6  194.8  9.1  0.45  175.4  25.0
050420262313  1.600  6.7  195.8  9.1  0.44  174.2  25.0
050420262314  1.596  6.9  197.2  9.1  0.45  173.6  25.0
050420262315  1.592  6.7  197.0  9.3  0.39  166.5  25.0
050420262316  1.590  6.7  197.2  9.3  0.50  180.1  25.0
050420262317  1.588  6.8  195.9  10.3  0.40  177.8  25.0
050420262318  1.583  6.8  194.6  10.3  0.35  171.7  25.0
050420262319  1.582  6.9  193.6  10.3  0.32  176.0  25.0
050420262320  1.578  7.1  192.8  10.8  0.22  168.0  25.0
050420262321  1.574  7.4  191.2  10.8  0.18  151.4  25.0
050420262322  1.571  7.4  190.9  10.8  0.23  156.8  25.0
050420262323  1.568  7.5  189.6  10.8  0.22  164.4  25.0
050420262324  1.565  7.4  189.5  10.8  0.21  155.0  25.0
050420262325  1.563  7.5  191.5  10.8  0.30  177.7  25.0
050420262326  1.561  7.7  191.7  10.8  0.29  171.7  25.0
050420262327  1.560  7.5  192.3  10.8  0.25  171.0  25.0
050420262328  1.557  7.5  192.6  10.8  0.31  179.0  25.0
050420262329  1.557  7.5  192.5  10.8  0.24  170.7  25.0
050420262330  1.556  7.3  193.6  9.9  0.26  169.6  25.0
050420262331  1.556  7.2  195.3  9.5  0.25  159.0  25.0
050420262332  1.555  7.2  196.3  9.5  0.19  165.3  25.0
050420262333  1.554  7.0  197.9  9.5  0.27  174.3  25.0
050420262334  1.552  7.0  198.3  9.5  0.30  171.3  24.9
050420262335  1.552  7.0  198.5  9.5  0.23  180.9  24.9
050420262336  1.551  7.1  199.7  9.4  0.14  168.3  24.9
050420262337  1.551  7.2  201.4  9.4  0.26  173.3  24.9
050420262338  1.551  7.4  203.1  9.7  0.21  166.6  24.9
050420262339  1.551  7.4  204.3  9.7  0.28  175.0  24.9
050420262340  1.549  7.4  204.0  9.7  0.19  173.2  24.9
050420262341  1.548  7.4  204.7  10.2  0.24  170.1  24.9
050420262342  1.548  7.6  205.2  10.2  0.26  175.2  24.9
050420262343  1.547  7.8  205.0  10.2  0.38  179.7  24.9
050420262344  1.546  8.1  204.8  10.8  0.32  176.1  24.9
050420262345  1.543  8.3  203.7  11.2  0.27  175.1  24.9
050420262346  1.541  8.4  203.4  11.5  0.31  179.7  24.9
050420262347  1.539  8.5  202.2  11.5  0.31  179.4  24.9
050420262348  1.536  8.6  201.7  11.5  0.27  180.5  24.9
050420262349  1.533  8.7  201.6  11.5  0.29  171.8  24.9
050420262350  1.531  8.7  200.5  11.5  0.20  164.4  24.9
050420262351  1.527  8.8  199.6  11.5  0.21  170.9  24.9
050420262352  1.524  8.8  197.9  11.6  0.10  154.1  24.9
050420262353  1.522  8.8  197.8  11.6  0.11  114.3  24.9
050420262354  1.519  8.8  196.9  12.2  0.25  165.6  24.9
050420262355  1.517  8.7  196.0  12.2  0.14  164.2  24.9
050420262356  1.514  8.5  195.0  12.2  0.25  182.5  24.9
050420262357  1.513  8.3  194.6  12.2  0.23  162.8  24.9
050420262358  1.511  8.3  194.2  12.2  0.12  127.0  24.9
050420262359  1.508  8.6  194.2  13.4  0.22  162.3  24.9
060420260000  1.506  8.8  194.7  13.4  0.17  152.6  24.9
060420260001  1.505  8.9  195.7  13.4  0.22  161.4  24.9
060420260002  1.502  9.0  196.0  13.4  0.18  162.4  24.9
060420260003  1.499  8.9  195.6  13.4  0.08  125.3  24.9
060420260004  1.497  8.8  196.0  13.4  0.16  152.9  24.9
060420260005  1.494  9.0  196.7  13.4  0.12  160.5  24.9
060420260006  1.492  9.2  196.4  13.4  0.11  127.4  24.9
060420260007  1.487  9.3  196.4  13.4  nan  nan  nan
060420260008  1.486  9.3  195.9  13.4  0.04  15.7  25.0
060420260009  1.482  9.2  195.8  12.4  0.06  138.7  25.0
060420260010  1.478  9.2  195.9  12.4  0.05  127.6  25.0
060420260011  1.475  9.0  195.1  12.4  0.11  75.7  25.0
060420260012  1.471  9.1  194.5  12.4  0.06  121.4  25.0
060420260013  1.467  9.0  194.1  12.4  0.14  152.7  25.0
060420260014  1.465  9.0  194.0  12.4  0.09  224.8  25.0
060420260015  1.461  8.9  194.4  12.4  nan  nan  nan
060420260016  1.456  8.7  194.9  12.4  0.05  344.5  25.0
060420260017  1.452  8.7  194.3  12.4  0.06  193.9  25.0
060420260018  1.450  8.5  194.9  11.4  0.03  59.8  25.0
060420260019  1.447  8.5  193.8  11.4  0.05  24.0  25.0
060420260020  1.445  8.4  194.3  12.5  0.09  132.3  25.0
060420260021  1.441  8.7  194.3  12.5  0.02  280.0  25.0
060420260022  1.439  8.8  194.7  12.8  0.03  25.9  25.0
060420260023  1.436  9.1  194.6  12.8  0.25  8.2  25.0
060420260024  1.432  9.1  194.3  12.8  0.17  6.7  25.0
060420260025  1.431  9.0  193.8  12.8  nan  nan  nan
060420260026  1.428  9.1  193.8  12.8  0.07  353.1  25.0
060420260027  1.425  9.1  195.4  12.8  0.06  351.0  25.0
060420260028  1.424  9.4  195.2  12.8  0.04  325.0  25.0
060420260029  1.418  9.4  196.3  12.8  0.07  6.6  25.0
060420260030  1.414  9.2  195.5  12.8  0.14  6.8  25.0
060420260031  1.411  9.0  195.1  12.8  0.09  3.8  25.0
060420260032  1.406  8.7  196.1  11.9  0.04  285.7  25.0
060420260033  1.402  8.5  196.7  11.9  0.18  10.0  25.0
060420260034  1.399  8.6  197.2  11.9  0.14  349.0  25.0
060420260035  1.393  8.6  196.4  11.9  0.08  300.6  24.9
060420260036  1.388  8.5  197.0  11.6  0.15  344.4  24.9
060420260037  1.384  8.5  196.5  11.2  0.18  348.8  24.9
060420260038  1.380  8.4  196.7  11.2  0.12  356.9  24.9
060420260039  1.375  8.6  196.7  13.1  0.19  357.5  25.0
060420260040  1.371  8.8  197.1  13.1  0.10  268.7  25.0
060420260041  1.364  8.8  198.1  13.1  0.22  354.3  25.0
060420260042  1.358  8.8  197.5  13.1  0.18  344.0  25.0
060420260043  1.353  8.8  197.6  13.1  0.15  336.9  25.0
060420260044  1.349  8.7  197.4  13.1  0.30  348.2  25.0
060420260045  1.344  8.8  198.0  13.1  0.27  2.6  25.0
060420260046  1.339  9.0  198.6  13.1  0.30  349.7  25.0
060420260047  1.333  9.2  197.6  13.1  0.24  342.4  25.0
060420260048  1.328  9.3  197.4  13.1  0.29  347.0  25.0
060420260049  1.323  9.2  197.7  12.1  0.29  4.6  25.0
060420260050  1.317  9.0  197.1  11.9  0.35  2.6  25.0
060420260051  1.312  9.0  196.8  11.9  0.40  1.4  25.0
060420260052  1.307  9.1  197.1  11.9  0.67  5.7  24.9
060420260053  1.302  9.2  196.8  11.9  0.50  8.9  24.9
060420260054  1.297  9.4  197.1  12.3  0.52  357.8  24.9
060420260055  1.292  9.5  196.9  12.3  0.47  3.8  24.9
060420260056  1.286  9.5  196.8  13.5  0.45  4.0  24.9
060420260057  1.279  9.5  197.8  13.5  0.54  7.7  24.9
060420260058  1.276  9.4  197.4  13.5  0.44  359.7  24.9
060420260059  1.272  9.2  196.1  13.5  0.46  358.5  24.9
060420260100  1.266  9.2  196.6  13.5  0.58  1.0  25.0
060420260101  1.261  9.2  195.6  13.5  0.47  6.5  25.0
060420260102  1.257  9.5  195.6  13.5  0.57  5.5  25.0
060420260103  1.252  9.5  194.7  13.5  0.65  0.3  25.0
060420260104  1.248  9.4  193.8  13.5  0.49  5.7  25.0
060420260105  1.244  9.3  193.2  13.5  0.61  7.1  25.0
060420260106  1.239  9.2  192.9  13.3  0.62  5.5  25.0
060420260107  1.233  9.1  192.6  13.3  0.61  1.0  25.0
060420260108  1.228  9.1  191.8  13.3  0.51  7.8  25.0
060420260109  1.224  9.1  192.8  13.3  0.62  5.3  25.0
060420260110  1.219  9.3  192.6  13.3  0.60  9.8  25.0
060420260111  1.216  9.4  193.4  12.4  0.50  4.2  25.0
060420260112  1.210  9.6  193.7  14.2  0.66  9.7  25.0
060420260113  1.205  9.7  194.4  14.2  0.71  11.7  25.0
060420260114  1.201  9.8  195.2  14.2  0.68  12.4  25.0
060420260115  1.197  9.6  195.4  14.2  0.56  13.0  25.0
060420260116  1.192  9.5  194.6  14.2  0.67  16.2  24.9
060420260117  1.187  9.5  194.6  14.2  0.68  17.5  24.9
060420260118  1.183  9.7  196.0  14.2  0.68  14.9  24.9
060420260119  1.180  9.7  195.5  14.2  0.55  18.8  24.9
060420260120  1.175  9.6  195.2  14.2  0.72  17.0  24.9
060420260121  1.171  9.6  195.0  14.2  0.72  13.1  24.9
060420260122  1.167  9.4  194.2  12.8  0.72  17.7  24.9
060420260123  1.164  9.2  194.6  12.8  0.81  10.0  24.9
060420260124  1.162  9.2  194.3  12.8  0.82  14.5  24.9
060420260125  1.157  9.7  194.1  13.2  0.83  16.4  24.9
060420260126  1.154  9.9  194.2  13.2  0.72  12.9  24.9
060420260127  1.151  9.9  192.3  13.2  0.78  11.4  24.9
060420260128  1.148  9.6  191.6  13.2  0.71  10.8  24.9
060420260129  1.144  9.7  191.2  13.2  0.76  11.5  24.9
060420260130  1.141  9.7  191.5  13.2  0.76  9.1  24.9
060420260131  1.138  9.7  192.0  13.2  0.76  14.4  24.9
060420260132  1.133  9.7  191.5  13.2  0.71  7.8  24.9
060420260133  1.131  9.8  191.3  13.2  0.75  8.5  24.9
060420260134  1.127  9.8  190.7  13.2  0.73  11.5  24.9
060420260135  1.124  9.6  191.6  13.2  0.73  8.6  24.9
060420260136  1.121  9.6  191.1  13.2  0.69  10.5  24.9
060420260137  1.118  9.6  193.0  13.2  0.77  12.6  24.9
060420260138  1.114  9.7  193.3  13.2  0.83  12.6  24.9
060420260139  1.110  9.7  193.8  13.2  0.83  14.5  24.9
060420260140  1.105  9.6  194.4  13.2  0.76  12.1  24.9
060420260141  1.101  9.5  195.1  13.2  0.82  11.4  24.9
060420260142  1.098  9.5  196.2  13.2  0.76  15.9  24.9
060420260143  1.094  9.5  197.0  13.2  0.74  15.1  24.9
060420260144  1.091  9.5  198.2  12.7  0.87  12.9  24.9
060420260145  1.086  9.4  198.5  12.7  0.67  13.0  24.9
060420260146  1.083  9.2  199.3  12.7  0.80  16.2  24.9
060420260147  1.078  9.2  199.1  12.7  0.79  18.9  24.9
060420260148  1.074  9.4  198.5  14.3  0.83  21.8  24.9
060420260149  1.071  9.9  198.7  15.6  0.80  18.4  24.9
060420260150  1.067  10.3  197.4  15.6  0.80  17.4  24.9
060420260151  1.063  10.6  195.4  15.6  0.65  17.8  24.9
060420260152  1.059  10.7  194.6  15.6  0.70  16.9  24.9
060420260153  1.055  10.9  192.9  15.6  0.74  19.1  24.9
060420260154  1.051  11.0  190.8  15.6  0.75  14.9  24.9
060420260155  1.049  11.1  189.9  15.6  0.74  23.3  24.9
060420260156  1.046  11.4  190.3  15.6  0.75  19.4  24.9
060420260157  1.042  11.6  189.8  15.6  0.69  22.2  24.9
060420260158  1.039  11.3  190.0  15.6  0.63  21.6  24.9
060420260159  1.035  10.8  189.9  15.5  0.75  23.7  24.9
060420260200  1.031  10.7  190.1  15.5  0.67  22.2  24.9
060420260201  1.027  10.5  190.7  15.5  0.67  19.2  24.9
060420260202  1.025  10.5  190.5  15.5  0.76  17.7  24.9
060420260203  1.022  10.2  191.0  15.5  0.64  22.1  24.9
060420260204  1.019  10.0  192.0  14.0  0.68  23.9  24.9
060420260205  1.015  9.9  192.3  14.0  0.69  22.7  24.9
060420260206  1.011  9.7  192.0  14.0  0.75  15.4  24.9
060420260207  1.008  9.8  192.8  14.0  0.74  17.2  24.9
060420260208  1.003  10.0  192.8  14.0  0.68  19.1  24.9
060420260209  1.000  10.3  191.9  14.0  0.74  18.5  24.9
060420260210  0.997  10.0  192.2  14.0  0.74  18.8  24.9
060420260211  0.993  10.3  193.2  17.1  0.61  15.6  24.9
060420260212  0.989  10.4  193.5  17.1  0.65  17.9  24.9
060420260213  0.984  10.6  193.8  17.1  0.78  17.0  24.9
060420260214  0.979  11.0  194.3  17.1  0.67  21.8  24.9
060420260215  0.974  11.0  194.7  17.1  0.70  22.0  24.9
060420260216  0.969  11.2  194.6  17.1  0.75  20.2  24.9
060420260217  0.964  11.2  194.4  17.1  0.71  20.0  24.9
060420260218  0.960  11.2  194.6  17.1  0.66  19.8  24.9
060420260219  0.956  11.2  193.8  17.1  0.81  15.5  24.9
060420260220  0.953  11.4  193.5  17.1  0.83  17.5  24.9
060420260221  0.947  11.2  191.3  15.9  0.75  14.2  24.9
060420260222  0.944  11.1  191.5  15.9  0.65  16.7  24.9
060420260223  0.939  11.2  190.3  17.2  0.78  16.3  24.9
060420260224  0.933  11.1  189.3  17.2  0.66  14.4  24.9
060420260225  0.928  11.0  188.8  17.2  0.77  17.3  24.9
060420260226  0.924  10.9  187.8  17.2  0.70  19.4  24.9
060420260227  0.918  11.1  187.1  17.2  0.71  16.0  24.9
060420260228  0.914  11.0  186.8  17.2  0.72  16.8  24.9
060420260229  0.908  10.9  187.7  17.2  0.68  19.4  24.9
060420260230  0.902  10.8  187.8  17.2  0.70  20.8  24.9
060420260231  0.896  10.9  189.0  17.2  0.69  21.5  24.9
060420260232  0.892  11.1  189.2  17.2  0.87  17.3  24.9
060420260233  0.888  10.9  190.3  15.7  0.78  18.3  24.9
060420260234  0.882  10.9  190.7  14.9  0.67  17.0  24.9
060420260235  0.878  11.3  189.9  14.9  0.81  16.3  24.9
060420260236  0.874  11.4  190.0  14.9  0.77  15.5  24.9
060420260237  0.869  11.3  189.8  17.4  0.80  17.4  24.9
060420260238  0.866  11.5  188.8  17.4  0.70  18.0  24.9
060420260239  0.863  11.5  187.8  17.4  0.81  19.0  24.9
060420260240  0.860  11.6  187.6  17.4  0.78  16.3  24.9
060420260241  0.857  11.5  187.1  17.4  0.81  19.4  24.9
060420260242  0.854  11.2  186.1  17.4  0.70  16.2  24.9
060420260243  0.851  11.2  186.1  17.4  0.78  15.8  24.9
060420260244  0.849  11.2  186.0  17.4  0.84  16.9  24.9
060420260245  0.847  11.1  187.1  17.4  0.67  18.0  24.9
060420260246  0.845  10.9  187.7  17.4  0.72  17.5  24.9
060420260247  0.843  10.7  187.7  14.8  0.74  16.6  24.9
060420260248  0.840  10.4  187.1  13.5  0.62  17.2  24.9
060420260249  0.837  10.3  188.1  13.5  0.61  19.1  24.9
060420260250  0.834  10.0  187.2  13.2  0.75  19.9  24.9
060420260251  0.831  10.1  187.4  13.2  0.75  13.4  24.9
060420260252  0.828  10.2  187.7  13.7  0.68  16.2  24.9
060420260253  0.824  10.3  187.6  13.7  0.59  14.3  24.9
060420260254  0.820  10.3  188.3  13.7  0.70  19.2  24.9
060420260255  0.817  10.1  187.1  13.7  0.80  14.2  24.9
060420260256  0.813  9.9  186.5  13.7  0.57  11.0  24.9
060420260257  0.811  9.9  187.1  13.7  0.60  23.7  24.9
060420260258  0.808  9.8  188.7  13.7  0.71  15.7  24.9
060420260259  0.805  9.9  189.9  15.5  0.71  16.9  24.9
060420260300  0.801  10.0  190.9  15.5  0.73  14.3  24.9
060420260301  0.797  10.1  192.5  15.5  0.67  18.5  24.9
060420260302  0.792  10.0  193.4  15.5  0.66  17.6  24.9
060420260303  0.787  10.0  194.0  15.5  0.67  19.7  24.9
060420260304  0.783  9.9  193.7  15.5  0.65  19.2  24.9
060420260305  0.778  10.2  194.9  15.9  0.62  16.8  24.9
060420260306  0.775  10.5  195.9  15.9  0.77  15.2  24.9
060420260307  0.771  10.6  195.4  15.9  0.63  17.1  24.9
060420260308  0.769  10.9  194.7  16.4  0.75  13.0  24.9
060420260309  0.764  10.9  193.1  16.4  0.66  13.7  24.9
060420260310  0.761  11.1  194.5  16.4  0.72  14.9  24.9
060420260311  0.756  11.1  192.9  16.4  0.60  15.4  24.9
060420260312  0.752  11.1  192.0  16.4  0.65  10.7  24.9
060420260313  0.749  10.8  192.2  16.4  0.70  11.3  24.9
060420260314  0.744  11.1  191.7  16.4  0.64  17.8  24.9
060420260315  0.742  11.2  190.8  16.4  0.77  16.1  24.9
060420260316  0.740  11.3  189.6  16.4  0.76  17.2  24.9
060420260317  0.738  11.2  190.2  16.4  0.72  14.5  24.8
060420260318  0.735  11.1  190.8  15.5  0.59  15.1  24.9
060420260319  0.733  11.1  192.1  15.5  0.76  16.9  24.9
060420260320  0.731  11.1  190.8  15.5  0.73  17.0  24.8
060420260321  0.729  11.2  190.4  15.5  0.63  20.3  24.8
060420260322  0.728  11.5  190.3  15.5  0.63  19.7  24.8
060420260323  0.725  11.6  190.1  15.5  0.69  13.4  24.8
060420260324  0.722  11.3  190.3  15.5  0.72  16.1  24.8
060420260325  0.719  11.2  189.8  15.5  0.65  16.9  24.8
060420260326  0.716  11.1  189.5  15.5  0.75  17.4  24.8
060420260327  0.713  11.5  188.2  15.9  0.59  14.7  24.8
060420260328  0.710  11.5  187.9  15.9  0.68  15.6  24.8
060420260329  0.708  11.5  187.4  15.9  0.61  14.9  24.8
060420260330  0.705  11.6  187.7  15.9  0.65  15.1  24.8
060420260331  0.700  11.5  188.5  16.2  0.60  17.3  24.8
060420260332  0.697  11.4  189.7  16.2  0.58  14.7  24.8
060420260333  0.694  11.3  189.7  16.2  0.59  16.6  24.8
060420260334  0.692  11.5  189.6  16.2  0.46  13.9  24.8
060420260335  0.689  11.4  190.8  16.2  0.61  11.1  24.8
060420260336  0.686  11.4  191.6  16.2  0.58  15.2  24.8
060420260337  0.683  11.0  192.9  16.2  0.61  12.6  24.8
060420260338  0.679  10.8  193.2  16.2  0.63  11.4  24.8
060420260339  0.677  10.8  192.7  16.2  0.66  14.9  24.8
060420260340  0.675  10.5  192.8  16.2  0.57  11.6  24.8
060420260341  0.672  10.5  193.6  15.3  0.74  13.6  24.8
060420260342  0.669  10.4  193.6  15.3  0.58  13.7  24.8
060420260343  0.666  10.6  193.9  15.3  0.67  15.5  24.8
060420260344  0.662  10.4  195.4  15.3  0.68  19.0  24.8
060420260345  0.658  10.4  195.4  15.3  0.62  16.0  24.8
060420260346  0.656  10.3  195.1  15.3  0.64  11.7  24.8
060420260347  0.655  10.5  195.7  15.3  0.63  15.3  24.8
060420260348  0.652  10.6  195.9  15.3  0.73  16.3  24.8
060420260349  0.650  10.7  197.0  15.3  0.65  16.0  24.8
060420260350  0.647  10.7  196.8  15.3  0.63  18.4  24.8
060420260351  0.644  10.6  197.2  14.3  0.65  17.4  24.8
060420260352  0.641  10.7  197.9  14.3  0.60  17.9  24.8
060420260353  0.641  10.6  197.9  14.3  0.62  15.6  24.8
060420260354  0.639  10.8  197.8  15.3  0.66  18.9  24.8
060420260355  0.638  10.9  198.2  15.7  0.58  16.5  24.8
060420260356  0.635  11.3  199.2  15.7  0.55  15.9  24.8
060420260357  0.633  11.3  199.3  15.7  0.65  19.1  24.8
060420260358  0.630  11.5  200.2  15.7  0.65  16.4  24.8
060420260359  0.628  11.7  200.5  15.7  0.64  16.5  24.8
060420260400  0.626  11.7  201.1  15.7  0.56  21.1  24.8
060420260401  0.624  11.8  201.2  15.7  0.59  14.0  24.8
060420260402  0.621  11.7  200.4  15.7  0.70  18.3  24.8
060420260403  0.618  11.6  200.4  15.7  0.61  18.8  24.8
060420260404  0.616  11.3  200.1  15.7  0.62  17.4  24.8
060420260405  0.612  11.1  200.0  14.6  0.54  17.0  24.8
060420260406  0.610  10.9  199.4  14.6  0.62  18.8  24.8
060420260407  0.608  10.6  199.2  14.6  0.56  20.0  24.8
060420260408  0.605  10.4  198.7  14.6  0.58  16.6  24.8
060420260409  0.603  10.1  198.6  14.6  0.55  19.8  24.8
060420260410  0.601  9.9  197.5  14.6  0.66  18.0  24.8
060420260411  0.599  9.4  195.7  12.2  0.53  16.9  24.8
060420260412  0.597  9.2  196.1  12.0  0.59  17.8  24.8
060420260413  0.595  9.2  196.5  14.2  0.61  19.3  24.8
060420260414  0.593  9.2  196.3  14.2  0.65  14.5  24.8
060420260415  0.591  9.3  197.0  14.2  0.55  14.3  24.8
060420260416  0.591  9.2  197.6  14.2  0.51  18.0  24.8
060420260417  0.589  9.4  198.1  14.4  0.50  17.3  24.8
060420260418  0.589  9.5  198.3  14.4  0.59  16.3  24.8
060420260419  0.587  9.7  198.6  14.4  0.68  19.8  24.8
060420260420  0.587  9.8  200.0  14.4  0.67  19.3  24.8
060420260421  0.586  10.0  202.0  14.4  0.51  21.9  24.8
060420260422  0.586  10.1  203.5  14.4  0.65  19.8  24.8
060420260423  0.586  10.2  204.4  14.4  0.46  13.8  24.8
060420260424  0.586  10.3  205.5  14.4  0.58  17.9  24.8
060420260425  0.587  10.3  205.6  14.4  0.63  21.7  24.8
060420260426  0.586  10.3  205.7  14.4  0.67  20.3  24.8
060420260427  0.585  10.2  205.5  13.0  0.43  18.0  24.8
060420260428  0.585  10.3  207.0  14.5  0.63  18.7  24.8
060420260429  0.585  10.2  207.7  14.5  0.64  19.1  24.8
060420260430  0.585  10.4  208.4  14.5  0.54  15.2  24.8
060420260431  0.586  10.4  207.9  14.5  0.55  20.2  24.8
060420260432  0.586  10.3  207.0  14.5  0.57  22.5  24.8
060420260433  0.585  10.2  205.9  14.5  0.56  19.9  24.8
060420260434  0.585  9.9  205.9  14.5  0.51  23.2  24.8
060420260435  0.583  9.9  206.5  14.5  0.55  20.8  24.8
060420260436  0.582  9.8  207.1  14.5  0.53  23.0  24.8
060420260437  0.583  9.8  207.9  14.5  0.58  21.0  24.8
060420260438  0.582  9.5  207.5  11.7  0.47  23.9  24.8
060420260439  0.581  9.3  208.6  11.7  0.50  20.7  24.8
060420260440  0.581  9.1  208.1  11.7  0.44  29.7  24.8
060420260441  0.581  8.9  207.3  11.7  0.50  23.0  24.8
060420260442  0.581  8.6  207.9  11.7  0.56  17.0  24.8
060420260443  0.583  8.4  209.1  11.7  0.48  23.6  24.8
060420260444  0.582  8.5  209.9  11.7  0.35  19.9  24.8
060420260445  0.582  8.2  209.6  11.7  0.47  18.1  24.8
060420260446  0.581  7.9  209.9  11.7  0.54  18.5  24.8
060420260447  0.581  7.7  209.3  10.1  0.48  19.0  24.8
060420260448  0.580  7.6  208.1  9.9  0.44  22.7  24.8
060420260449  0.580  7.6  205.8  9.9  0.47  17.9  24.8
060420260450  0.580  7.5  205.8  9.9  0.56  17.0  24.8
060420260451  0.578  7.7  207.3  9.9  0.68  14.9  24.8
060420260452  0.578  7.9  206.8  9.9  0.64  12.3  24.8
060420260453  0.578  8.1  206.3  10.3  0.57  18.9  24.8
060420260454  0.579  8.1  204.5  10.3  0.69  11.8  24.8
060420260455  0.579  8.3  204.8  10.3  0.57  15.1  24.8
060420260456  0.577  8.3  204.2  10.3  0.49  5.2  24.8
060420260457  0.577  8.1  204.1  10.3  0.55  10.8  24.8
060420260458  0.576  8.2  204.2  10.3  0.43  6.4  24.8
060420260459  0.577  8.0  204.7  10.3  0.49  6.1  24.8
060420260500  0.578  8.0  204.7  10.3  0.50  7.1  24.8
060420260501  0.578  7.9  204.0  10.3  0.60  11.7  24.8
060420260502  0.580  7.7  204.1  10.3  0.57  9.4  24.8
060420260503  0.580  7.3  205.1  9.9  0.46  7.3  24.8
060420260504  0.580  7.2  206.3  9.4  0.57  9.4  24.8
060420260505  0.580  6.9  207.3  9.1  0.41  3.5  24.8
060420260506  0.581  6.9  208.6  9.1  0.45  8.2  24.8
060420260507  0.582  6.9  209.3  9.1  0.43  14.6  24.8
060420260508  0.585  6.8  211.1  9.1  0.46  3.6  24.8
060420260509  0.585  6.6  212.3  9.1  0.49  9.1  24.8
060420260510  0.583  6.5  213.2  8.6  0.54  5.7  24.8
060420260511  0.583  6.4  214.8  8.6  0.48  1.9  24.8
060420260512  0.583  6.4  216.1  8.6  0.52  6.2  24.8
060420260513  0.586  6.4  216.3  8.6  0.50  6.9  24.8
060420260514  0.588  6.4  217.0  7.7  0.31  3.4  24.8
060420260515  0.590  6.4  216.8  7.7  0.49  7.7  24.8
060420260516  0.592  6.4  216.8  7.7  0.44  3.4  24.8
060420260517  0.592  6.3  217.3  7.7  0.44  357.9  24.8
060420260518  0.592  6.4  215.9  7.7  0.48  5.3  24.8
060420260519  0.594  6.4  214.9  7.7  0.38  359.2  24.8
060420260520  0.595  6.3  215.0  7.7  0.38  0.4  24.8
060420260521  0.599  6.3  215.9  7.7  0.37  351.8  24.8
060420260522  0.601  6.3  216.7  7.8  0.40  358.0  24.8
060420260523  0.604  6.3  217.0  7.8  0.40  3.8  24.8
060420260524  0.605  6.2  217.6  7.8  0.39  2.3  24.8
060420260525  0.605  6.2  218.6  7.8  0.41  0.8  24.8
060420260526  0.606  6.1  219.5  7.8  0.44  353.6  24.8
060420260527  0.608  6.1  220.2  7.8  0.32  349.1  24.8
060420260528  0.609  6.1  222.0  7.8  0.26  351.6  24.8
060420260529  0.612  6.1  223.6  7.8  0.33  356.4  24.8
060420260530  0.613  6.2  224.1  7.8  0.32  353.8  24.8
060420260531  0.614  6.2  223.6  7.8  0.22  357.5  24.8
060420260532  0.617  6.2  223.0  7.7  0.35  354.3  24.8
060420260533  0.617  6.3  223.1  7.7  0.23  349.7  24.8
060420260534  0.619  6.2  223.1  7.7  0.37  350.2  24.8
060420260535  0.618  6.3  222.6  7.7  0.24  334.6  24.8
060420260536  0.621  6.3  222.7  7.7  0.27  350.8  24.8
060420260537  0.624  6.5  222.6  7.7  0.26  339.9  24.8
060420260538  0.626  6.5  222.5  7.7  0.28  352.9  24.8
060420260539  0.628  6.6  222.0  7.7  0.34  354.2  24.8
060420260540  0.630  6.6  221.6  7.7  0.26  346.1  24.8
060420260541  0.631  6.6  221.5  7.7  0.16  353.5  24.8
060420260542  0.633  6.6  221.5  7.7  0.25  346.3  24.8
060420260543  0.633  6.5  221.2  7.7  0.15  330.7  24.8
060420260544  0.634  6.6  221.2  7.7  0.26  351.3  24.8
060420260545  0.635  6.5  221.4  7.7  0.21  4.7  24.8
060420260546  0.637  6.4  221.1  7.7  0.12  299.9  24.8
060420260547  0.640  6.4  221.4  7.7  0.34  346.2  24.8
060420260548  0.642  6.3  221.5  7.7  0.25  343.4  24.8
060420260549  0.644  6.2  222.4  7.3  0.14  315.9  24.8
060420260550  0.644  6.1  223.2  7.3  0.19  349.5  24.8
060420260551  0.646  6.1  223.4  7.3  0.19  317.8  24.8
060420260552  0.646  5.9  223.7  6.9  0.24  342.4  24.8
060420260553  0.649  5.9  224.2  6.9  0.18  340.3  24.8
060420260554  0.650  5.8  224.4  6.9  0.21  345.3  24.8
060420260555  0.653  5.8  225.3  6.9  0.21  344.4  24.8
060420260556  0.655  5.9  226.4  7.0  0.32  345.0  24.8
060420260557  0.658  6.0  227.0  8.0  0.25  335.2  24.8
060420260558  0.659  6.1  227.3  8.0  0.21  337.9  24.8
060420260559  0.661  6.1  227.4  8.0  0.14  308.7  24.8
060420260600  0.663  6.2  227.8  8.1  0.20  339.4  24.8
060420260601  0.664  6.3  228.7  8.1  0.13  338.0  24.8
060420260602  0.666  6.5  228.8  8.5  0.25  347.3  24.8
060420260603  0.669  6.7  229.2  8.7  0.10  299.8  24.8
060420260604  0.672  6.8  229.4  8.7  0.13  307.8  24.8
060420260605  0.673  7.0  229.9  9.1  0.12  317.6  24.8
060420260606  0.675  7.1  229.8  9.1  0.10  278.8  24.8
060420260607  0.677  7.1  230.3  9.3  0.28  3.2  24.8
060420260608  0.680  7.2  230.9  9.3  0.15  338.9  24.8
060420260609  0.682  7.3  231.0  9.3  0.06  287.6  24.8
060420260610  0.683  7.2  231.2  9.3  0.12  319.1  24.8
060420260611  0.687  7.5  231.3  9.3  0.10  337.9  24.8
060420260612  0.689  7.4  232.0  9.3  0.15  318.3  24.8
060420260613  0.691  7.4  232.7  9.3  0.06  307.3  24.8
060420260614  0.692  7.4  233.1  9.3  0.11  322.1  24.7
060420260615  0.694  7.4  232.9  9.3  0.08  297.6  24.8
060420260616  0.695  7.4  233.1  9.3  0.10  332.4  24.8
060420260617  0.696  7.4  232.9  9.2  0.04  340.9  24.7
060420260618  0.697  7.4  232.6  9.2  0.09  345.6  24.7
060420260619  0.699  7.4  233.0  9.2  0.04  286.3  24.7
060420260620  0.703  7.6  232.3  9.2  0.09  332.9  24.7
060420260621  0.704  7.5  232.3  9.2  0.04  252.2  24.7
060420260622  0.707  7.6  231.6  9.2  0.03  332.4  24.7
060420260623  0.708  7.7  230.7  9.2  0.06  323.8  24.7
060420260624  0.710  7.7  230.3  9.2  0.05  280.0  24.7
060420260625  0.711  7.7  229.7  9.3  0.09  318.3  24.7
060420260626  0.714  7.6  229.7  9.3  0.04  314.4  24.7
060420260627  0.716  7.6  229.3  9.3  0.09  355.4  24.7
060420260628  0.719  7.7  228.6  9.3  0.08  322.2  24.7
060420260629  0.721  7.7  227.7  9.3  0.07  292.2  24.7
060420260630  0.724  7.6  227.6  9.3  0.15  197.3  24.7
060420260631  0.725  7.5  226.6  9.3  0.09  241.1  24.7
060420260632  0.728  7.3  226.2  9.3  0.06  177.9  24.7
060420260633  0.730  7.1  225.4  9.3  0.11  232.2  24.7
060420260634  0.733  7.0  225.2  9.3  0.08  198.7  24.7
060420260635  0.735  6.8  224.5  8.7  0.20  179.8  24.7
060420260636  0.738  6.7  223.5  8.7  0.04  214.2  24.7
060420260637  0.739  6.5  222.7  8.5  0.06  175.1  24.7
060420260638  0.742  6.4  221.3  8.3  0.21  204.7  24.7
060420260639  0.744  6.1  220.0  8.3  0.06  241.3  24.7
060420260640  0.746  6.0  218.3  7.2  0.14  201.5  24.7
060420260641  0.750  6.0  217.0  7.5  0.22  195.7  24.7
060420260642  0.753  6.0  216.2  7.5  0.14  202.5  24.7
060420260643  0.756  6.2  215.6  9.3  0.12  210.6  24.7
060420260644  0.759  6.4  213.9  9.3  0.13  197.0  24.7
060420260645  0.762  6.5  213.3  9.3  0.30  181.4  24.7
060420260646  0.765  6.6  212.6  9.3  0.15  198.9  24.7
060420260647  0.767  6.7  210.9  9.3  0.14  195.4  24.7
060420260648  0.770  6.8  210.0  9.3  0.33  186.0  24.7
060420260649  0.773  7.0  209.2  9.3  0.28  191.6  24.7
060420260650  0.776  7.1  207.9  9.3  0.30  183.0  24.7
060420260651  0.778  7.2  208.1  9.3  0.39  193.1  24.7
060420260652  0.780  7.3  206.5  9.3  0.28  195.7  24.7
060420260653  0.784  7.3  205.2  8.8  0.35  190.0  24.7
060420260654  0.787  7.2  204.7  8.9  0.27  191.6  24.7
060420260655  0.789  7.3  203.8  8.9  0.28  181.6  24.7
060420260656  0.794  7.4  202.5  8.9  0.27  192.5  24.7
060420260657  0.797  7.4  202.9  8.9  0.18  193.1  24.7
060420260658  0.801  7.4  204.0  9.2  0.18  198.7  24.7
060420260659  0.805  7.2  204.0  9.2  0.14  204.2  24.7
060420260700  0.810  7.2  204.1  9.2  0.17  192.0  24.7
060420260701  0.814  7.2  202.9  9.2  0.18  203.1  24.7
060420260702  0.817  7.2  203.4  9.2  0.24  189.1  24.7
060420260703  0.821  7.2  203.9  9.2  0.22  195.1  24.7
060420260704  0.825  7.2  203.4  9.2  0.14  196.3  24.7
060420260705  0.827  7.2  203.0  9.2  0.19  199.6  24.7
060420260706  0.831  7.0  202.8  9.2  0.22  196.2  24.7
060420260707  0.836  7.2  202.1  10.0  0.43  194.1  24.7
060420260708  0.839  7.3  201.0  10.0  0.29  203.8  24.7
060420260709  0.844  7.4  201.1  10.0  0.27  195.8  24.7
060420260710  0.848  7.5  201.4  10.0  0.26  199.2  24.7
060420260711  0.851  7.4  201.5  10.0  0.44  189.2  24.7
060420260712  0.854  7.4  200.2  10.0  0.40  198.1  24.7
060420260713  0.858  7.6  199.3  10.0  0.37  188.8  24.7
060420260714  0.859  7.6  198.8  10.0  0.40  181.2  24.7
060420260715  0.862  7.8  199.3  10.3  0.44  183.2  24.7
060420260716  0.867  7.8  199.2  10.3  0.42  183.4  24.7
060420260717  0.871  7.6  198.8  10.3  0.47  182.1  24.7
060420260718  0.874  7.5  197.5  10.3  0.41  179.3  24.7
060420260719  0.876  7.5  196.3  10.3  0.49  179.6  24.7
060420260720  0.880  7.5  195.0  10.3  0.54  180.7  24.7
060420260721  0.882  7.6  194.3  10.3  0.40  178.5  24.8
060420260722  0.885  7.5  195.0  10.3  0.56  173.5  24.8
060420260723  0.886  7.4  195.2  10.3  0.41  175.7  24.8
060420260724  0.889  7.3  195.7  10.3  0.52  177.2  24.8
060420260725  0.892  7.2  194.8  10.2  0.47  177.7  24.8
060420260726  0.893  7.2  195.2  10.2  0.43  181.9  24.8
060420260727  0.896  7.4  195.7  10.4  0.42  170.0  24.8
060420260728  0.899  7.6  196.2  10.4  0.52  175.7  24.8
060420260729  0.902  7.6  195.8  10.4  0.56  178.4  24.8
060420260730  0.906  7.5  196.5  10.4  0.37  173.1  24.8
060420260731  0.909  7.4  197.2  10.4  0.45  176.9  24.8
060420260732  0.912  7.5  197.6  10.4  0.48  181.4  24.8
060420260733  0.915  7.7  196.7  12.0  0.41  177.1  24.8
060420260734  0.916  7.7  196.6  12.0  0.40  178.9  24.8
060420260735  0.919  7.6  196.4  12.0  0.44  174.1  24.8
060420260736  0.923  7.7  196.8  12.0  0.56  176.3  24.8
060420260737  0.926  7.5  197.3  12.0  0.44  176.5  24.8
060420260738  0.929  7.5  198.0  12.0  0.59  176.6  24.8
060420260739  0.933  7.5  198.1  12.0  0.51  175.3  24.8
060420260740  0.936  7.7  195.9  12.0  0.52  174.9  24.8
060420260741  0.939  7.8  193.9  12.0  0.43  171.6  24.8
060420260742  0.941  7.7  193.6  12.0  0.65  175.0  24.8
060420260743  0.943  7.6  195.2  11.2  0.54  176.0  24.8
060420260744  0.947  7.6  195.6  11.2  0.50  172.5  24.8
060420260745  0.951  7.7  196.1  11.2  0.63  178.4  24.8
060420260746  0.955  7.7  195.6  11.2  0.49  172.9  24.8
060420260747  0.960  7.7  193.8  11.2  0.47  178.6  24.8
060420260748  0.964  7.6  192.4  11.2  0.70  176.4  24.8
060420260749  0.967  7.8  191.6  11.7  0.63  173.5  24.8
060420260750  0.971  7.8  192.2  11.7  0.69  176.1  24.8
060420260751  0.974  7.9  192.4  11.7  0.67  178.5  24.8
060420260752  0.977  8.0  192.6  11.7  0.58  172.6  24.8
060420260753  0.980  8.2  193.2  11.8  0.51  174.6  24.8
060420260754  0.982  8.2  191.3  11.8  0.57  173.7  24.8
060420260755  0.986  8.3  190.0  11.8  0.69  174.9  24.8
060420260756  0.991  8.5  188.1  11.8  0.56  175.3  24.8
060420260757  0.994  8.6  188.8  11.8  0.58  174.9  24.8
060420260758  0.996  8.9  188.7  17.4  0.69  175.9  24.8
060420260759  1.000  8.8  190.7  17.4  0.68  179.6  24.8
060420260800  1.003  9.0  192.4  17.4  0.68  176.9  24.8
060420260801  1.004  9.1  194.0  17.4  0.69  177.8  24.8
060420260802  1.006  9.4  192.3  17.4  0.77  178.0  24.8
060420260803  1.008  9.6  190.5  17.4  0.69  174.7  24.8
060420260804  1.010  9.8  189.6  17.4  0.80  179.3  24.8
060420260805  1.012  9.9  189.5  17.4  0.62  178.4  24.8
060420260806  1.016  9.9  191.9  17.4  0.69  176.4  24.8
060420260807  1.019  10.0  191.7  17.4  0.60  182.2  24.8
060420260808  1.022  9.7  191.8  14.0  0.62  175.5  24.8
060420260809  1.025  9.8  190.8  14.0  0.62  176.4  24.7
060420260810  1.027  9.8  190.0  13.6  0.60  174.1  24.7
060420260811  1.030  10.0  189.3  13.6  0.63  170.9  24.7
060420260812  1.032  9.9  189.3  13.4  0.70  176.1  24.7
060420260813  1.034  9.8  189.3  13.4  0.58  169.7  24.7
060420260814  1.036  9.7  191.3  13.4  0.62  178.7  24.7
060420260815  1.037  9.8  192.2  13.4  0.62  181.1  24.7
060420260816  1.041  9.7  191.7  13.4  0.60  175.1  24.7
060420260817  1.043  9.7  192.0  13.4  0.60  178.2  24.7
060420260818  1.046  9.9  192.7  13.4  0.60  177.4  24.7
060420260819  1.049  10.0  193.0  13.4  0.68  176.1  24.7
060420260820  1.051  9.9  193.6  12.9  0.65  171.0  24.7
060420260821  1.053  9.6  194.1  12.8  0.65  172.9  24.7
060420260822  1.055  9.6  196.1  12.2  0.61  169.6  24.7
060420260823  1.058  9.5  197.6  12.3  0.58  171.6  24.7
060420260824  1.061  9.6  197.3  12.3  0.54  174.1  24.7
060420260825  1.066  9.7  198.1  12.3  0.65  174.5  24.7
060420260826  1.069  9.9  198.6  12.9  0.55  166.0  24.7
060420260827  1.075  10.4  199.5  14.9  0.62  171.5  24.7
060420260828  1.077  10.2  198.1  14.9  0.62  172.9  24.7
060420260829  1.079  10.2  197.0  14.9  0.51  165.6  24.7
060420260830  1.082  10.1  196.3  14.9  0.55  165.2  24.7
060420260831  1.087  10.3  195.7  14.9  0.61  174.0  24.7
060420260832  1.091  10.7  195.0  16.0  0.59  167.2  24.7
060420260833  1.094  11.1  195.4  16.8  0.59  180.1  24.7
060420260834  1.098  11.2  196.5  16.8  0.64  173.8  24.7
060420260835  1.101  11.2  196.1  16.8  0.71  174.4  24.7
060420260836  1.104  11.5  196.9  16.9  0.65  174.2  24.7
060420260837  1.108  11.2  195.7  16.9  0.65  172.9  24.7
060420260838  1.112  11.6  196.5  16.9  0.59  176.7  24.7
060420260839  1.115  11.9  197.3  16.9  0.50  172.5  24.7
060420260840  1.118  12.2  196.7  16.9  0.62  171.9  24.7
060420260841  1.123  12.4  196.0  16.9  0.62  174.2  24.7
060420260842  1.126  12.2  195.0  16.9  0.59  175.0  24.6
060420260843  1.130  12.1  193.3  16.9  0.66  177.0  24.6
060420260844  1.132  12.1  191.6  16.9  0.63  173.7  24.6
060420260845  1.137  11.8  191.1  16.9  0.59  179.5  24.6
060420260846  1.142  11.7  190.7  16.5  0.65  181.4  24.6
060420260847  1.144  11.7  191.8  16.5  0.56  175.8  24.6
060420260848  1.147  11.9  193.7  16.5  0.62  174.6  24.6
060420260849  1.150  12.0  195.1  16.7  0.65  177.7  24.6
060420260850  1.152  12.1  195.1  16.7  0.68  178.1  24.6
060420260851  1.155  11.9  196.8  16.7  0.75  173.4  24.6
060420260852  1.158  11.7  197.6  16.7  0.67  175.0  24.6
060420260853  1.161  11.5  198.0  16.7  0.75  174.5  24.6
060420260854  1.164  11.6  198.5  16.7  0.84  178.9  24.6
060420260855  1.166  11.9  198.5  16.7  0.70  176.7  24.6
060420260856  1.168  12.0  196.6  16.7  0.75  173.5  24.6
060420260857  1.170  11.9  194.9  16.7  0.74  177.9  24.6
060420260858  1.172  11.7  192.6  16.7  0.64  178.7  24.6
060420260859  1.174  11.2  191.0  15.7  0.63  177.9  24.6
060420260900  1.176  10.6  190.5  15.7  0.64  176.7  24.6
060420260901  1.178  10.2  189.1  15.7  0.80  181.5  24.6
060420260902  1.180  10.3  188.3  15.7  0.66  178.4  24.6
060420260903  1.183  10.5  189.1  15.7  0.52  175.1  24.6
060420260904  1.185  10.2  190.1  14.9  0.75  181.3  24.6
060420260905  1.186  10.4  191.1  15.7  0.69  177.4  24.6
060420260906  1.186  10.2  190.1  16.3  0.66  180.9  24.6
060420260907  1.187  10.2  190.8  16.3  0.63  179.9  24.6
060420260908  1.189  10.2  192.4  16.3  0.68  180.0  24.6
060420260909  1.190  10.3  193.3  16.3  0.71  182.5  24.6
060420260910  1.193  10.7  195.3  16.3  0.74  183.5  24.6
060420260911  1.196  11.3  197.2  16.3  0.82  181.7  24.6
060420260912  1.199  11.4  199.5  16.3  0.70  178.2  24.6
060420260913  1.201  11.4  200.7  16.3  0.75  181.7  24.6
060420260914  1.203  11.5  200.0  16.3  0.70  180.3  24.6
060420260915  1.205  11.1  199.1  16.3  0.67  180.9  24.6
060420260916  1.207  11.0  200.7  14.9  0.67  177.9  24.6
060420260917  1.210  10.8  200.6  14.9  0.59  179.2  24.6
060420260918  1.212  10.6  199.4  14.9  0.64  178.5  24.6
060420260919  1.214  10.6  198.9  14.9  0.75  176.1  24.6
060420260920  1.217  10.5  197.5  14.9  0.66  179.4  24.6
060420260921  1.219  10.3  195.4  14.9  0.65  181.6  24.6
060420260922  1.221  10.2  192.2  14.9  0.69  183.9  24.6
060420260923  1.223  10.0  188.9  14.9  0.66  181.9  24.6
060420260924  1.225  10.0  187.9  14.3  0.73  182.1  24.6
060420260925  1.227  10.0  186.8  14.3  0.70  185.1  24.6
060420260926  1.228  10.1  186.1  14.3  0.57  184.5  24.6
060420260927  1.230  10.0  184.8  13.3  0.58  182.3  24.6
060420260928  1.231  9.8  184.1  13.3  0.71  186.1  24.6
060420260929  1.232  9.8  182.9  13.3  0.60  183.3  24.6
060420260930  1.232  9.8  183.0  13.3  0.58  179.3  24.6
060420260931  1.232  9.8  184.3  13.0  0.53  188.3  24.6
060420260932  1.234  9.8  186.0  14.0  0.53  189.4  24.6
060420260933  1.234  9.9  186.9  14.1  0.55  187.0  24.6
060420260934  1.234  9.8  187.5  14.1  0.65  185.7  24.6
060420260935  1.236  9.8  187.8  14.1  0.54  183.6  24.6
060420260936  1.236  9.8  187.6  14.1  0.67  185.3  24.6
060420260937  1.237  10.0  189.1  14.1  0.55  183.3  24.6
060420260938  1.239  10.0  190.9  14.1  0.58  183.6  24.6
060420260939  1.239  9.9  192.5  14.1  0.62  182.3  24.6
060420260940  1.241  9.8  192.6  14.1  0.52  177.4  24.6
060420260941  1.241  9.5  191.0  14.1  0.65  180.1  24.6
060420260942  1.242  9.3  191.0  14.1  0.53  178.9  24.6
060420260943  1.245  9.2  192.4  13.3  0.59  176.7  24.6
060420260944  1.244  9.0  192.7  13.1  0.61  182.5  24.6
060420260945  1.248  9.0  192.2  13.1  0.65  180.2  24.6
060420260946  1.250  8.8  193.0  12.4  0.59  177.9  24.6
060420260947  1.251  8.7  191.9  12.4  0.59  178.1  24.6
060420260948  1.253  8.5  190.1  12.4  0.59  178.1  24.6
060420260949  1.253  8.7  189.1  12.4  0.55  176.7  24.6
060420260950  1.253  8.6  187.7  12.4  0.49  179.1  24.6
060420260951  1.253  8.7  189.4  12.4  0.55  174.1  24.6
060420260952  1.255  8.7  191.0  12.4  0.55  180.0  24.6
060420260953  1.255  8.6  189.0  12.4  0.63  172.5  24.6
060420260954  1.258  8.7  187.7  12.4  0.58  171.2  24.6
060420260955  1.258  8.8  189.8  12.7  0.56  170.9  24.6
060420260956  1.258  9.0  191.4  13.1  0.42  167.4  24.6
060420260957  1.259  9.2  193.8  13.1  0.53  174.3  24.6
060420260958  1.258  9.5  194.0  13.1  0.54  175.5  24.6
060420260959  1.258  9.5  193.3  13.1  0.49  176.7  24.6
060420261000  1.259  9.7  195.5  13.1  0.51  177.8  24.6
060420261001  1.260  9.8  196.7  13.1  0.52  177.8  24.6
060420261002  1.260  9.7  195.9  13.1  0.48  171.3  24.6
060420261003  1.260  9.8  198.1  13.1  0.57  175.7  24.6
060420261004  1.260  10.0  201.3  13.1  0.47  173.3  24.6
060420261005  1.260  10.1  202.0  14.0  0.65  182.3  24.6
060420261006  1.261  9.9  201.5  14.0  0.50  180.0  24.6
060420261007  1.260  9.5  201.1  14.0  0.51  177.8  24.6
060420261008  1.262  9.0  201.9  14.0  0.48  174.2  24.6
060420261009  1.263  8.9  201.7  14.0  0.41  171.3  24.6
060420261010  1.266  8.7  200.0  14.0  0.49  180.7  24.6
060420261011  1.268  8.6  197.1  14.0  0.45  174.0  24.6
060420261012  1.270  8.7  195.3  14.0  0.47  177.8  24.6
060420261013  1.271  8.8  193.6  14.0  0.49  182.0  24.6
060420261014  1.274  8.8  189.8  14.0  0.50  179.5  24.6
060420261015  1.276  8.5  187.1  12.3  0.52  182.1  24.6
060420261016  1.277  8.3  183.7  12.3  0.58  184.2  24.6
060420261017  1.280  8.6  183.6  12.3  0.49  182.9  24.6
060420261018  1.282  8.9  183.0  12.3  0.45  177.0  24.6
060420261019  1.284  8.8  181.1  12.3  0.41  183.2  24.6
060420261020  1.286  8.4  180.1  12.3  0.56  180.6  24.6
060420261021  1.287  8.0  177.5  12.3  0.54  184.6  24.6
060420261022  1.287  7.5  175.9  12.3  0.52  181.1  24.6
060420261023  1.289  7.1  173.7  12.3  0.61  179.4  24.6
060420261024  1.292  6.7  170.8  12.2  0.46  181.5  24.6
060420261025  1.292  6.6  174.3  12.2  0.54  186.1  24.6
060420261026  1.294  6.9  180.3  12.2  0.47  178.8  24.6
060420261027  1.296  6.7  181.9  12.1  0.57  178.2  24.6
060420261028  1.297  6.5  181.3  12.1  0.48  183.7  24.6
060420261029  1.297  6.2  183.3  12.1  0.48  179.9  24.6
060420261030  1.297  5.8  179.4  12.1  0.50  182.1  24.6
060420261031  1.297  5.7  180.2  12.1  0.48  177.5  24.6
060420261032  1.295  5.6  179.4  12.1  0.54  179.0  24.6
060420261033  1.294  5.2  176.5  12.1  0.46  179.8  24.6
060420261034  1.294  5.4  177.9  12.1  0.49  174.0  24.6
060420261035  1.294  5.0  168.0  11.8  0.53  177.4  24.6
060420261036  1.292  4.8  157.5  10.7  0.41  183.8  24.6
060420261037  1.292  4.9  148.2  9.5  0.52  176.3  24.6
060420261038  1.290  4.7  145.2  9.5  0.47  181.2  24.6
060420261039  1.289  4.6  146.0  9.5  0.39  176.4  24.6
060420261040  1.289  4.3  152.9  9.5  0.54  176.5  24.6
060420261041  1.286  4.2  156.0  9.5  0.40  169.7  24.6
060420261042  1.283  4.6  162.4  9.8  0.40  172.9  24.6
060420261043  1.282  4.8  167.1  9.8  0.42  175.4  24.6
060420261044  1.280  4.6  169.7  9.8  0.35  156.0  24.6
060420261045  1.277  4.8  175.4  9.8  0.49  176.3  24.6
060420261046  1.276  4.8  178.0  9.8  0.41  171.8  24.6
060420261047  1.275  4.7  183.3  9.8  0.37  172.0  24.6
060420261048  1.273  4.7  186.0  9.8  0.40  179.0  24.6
060420261049  1.270  4.8  186.7  9.8  0.37  180.7  24.6
060420261050  1.269  5.0  184.8  9.8  0.34  171.6  24.6
060420261051  1.268  4.8  184.2  9.8  0.35  174.1  24.6
060420261052  1.268  4.1  180.1  7.4  0.31  182.4  24.6
060420261053  1.266  3.7  178.3  7.4  0.23  177.6  24.6
060420261054  1.265  3.5  173.7  7.4  0.38  175.3  24.6
060420261055  1.263  3.4  171.1  7.4  0.31  177.0  24.6
060420261056  1.261  3.2  164.9  7.1  0.36  174.2  24.6
060420261057  1.261  3.1  157.0  7.1  0.31  181.4  24.6
060420261058  1.260  3.4  150.0  8.8  0.35  173.1  24.6
060420261059  1.258  3.4  146.3  8.8  0.38  176.0  24.6
060420261100  1.256  3.7  146.0  8.8  0.29  180.5  24.6
060420261101  1.254  3.9  142.6  8.8  0.25  181.5  24.6
060420261102  1.251  4.3  146.3  8.8  0.30  181.5  24.6
060420261103  1.249  4.5  145.9  8.8  0.32  171.5  24.6
060420261104  1.247  4.5  148.2  8.8  0.31  166.8  24.6
060420261105  1.246  4.7  148.7  8.8  0.30  169.2  24.6
060420261106  1.244  4.8  149.9  8.8  0.28  175.4  24.6
060420261107  1.242  4.9  152.4  9.0  0.23  181.3  24.6
060420261108  1.239  4.8  154.4  9.0  0.18  164.8  24.6
060420261109  1.236  4.8  153.3  9.0  0.19  165.9  24.6
060420261110  1.233  4.5  153.6  9.0  0.14  176.5  24.6
060420261111  1.232  4.5  157.4  9.0  0.14  151.6  24.6
060420261112  1.229  4.6  161.8  9.6  0.23  168.6  24.6
060420261113  1.226  4.5  162.5  9.6  0.28  167.5  24.6
060420261114  1.224  4.7  163.7  9.6  0.30  171.7  24.6
060420261115  1.220  4.6  166.3  9.6  0.28  168.3  24.6
060420261116  1.219  4.5  166.6  9.6  0.20  179.2  24.6
060420261117  1.217  4.5  166.0  9.6  0.11  150.9  24.6
060420261118  1.215  4.4  163.7  9.6  0.19  150.3  24.6
060420261119  1.212  4.6  163.0  10.7  0.11  165.2  24.6
060420261120  1.211  5.0  165.6  10.7  0.13  165.3  24.6
060420261121  1.209  4.9  166.8  10.7  0.14  162.7  24.6
060420261122  1.208  4.7  156.7  10.7  0.07  149.6  24.6
060420261123  1.207  4.7  157.0  10.7  0.16  152.3  24.6
060420261124  1.205  4.4  149.2  10.7  0.09  173.1  24.6
060420261125  1.203  4.4  138.7  10.7  0.13  172.3  24.6
060420261126  1.201  4.8  136.2  10.7  0.14  147.2  24.6
060420261127  1.199  4.8  138.5  10.7  0.12  150.8  24.6
060420261128  1.198  4.8  142.4  10.7  0.11  135.9  24.6
060420261129  1.196  4.6  146.4  10.5  0.21  163.7  24.6
060420261130  1.195  4.3  140.7  10.5  0.16  176.3  24.6
060420261131  1.193  4.3  141.3  10.0  0.10  184.5  24.6
060420261132  1.191  4.1  150.8  10.0  0.07  101.5  24.6
060420261133  1.190  4.4  153.4  12.5  0.12  170.4  24.6
060420261134  1.189  4.4  156.7  12.5  0.09  145.0  24.6
060420261135  1.188  4.6  162.3  12.5  0.10  169.7  24.6
060420261136  1.188  4.3  170.5  12.5  nan  nan  nan
060420261137  1.187  4.0  168.0  12.5  0.06  103.5  24.6
060420261138  1.186  4.0  169.3  12.5  0.20  156.6  24.6
060420261139  1.186  4.1  168.7  12.5  0.04  71.2  24.6
060420261140  1.187  4.3  172.0  12.5  0.10  354.4  24.6
060420261141  1.185  4.2  171.4  12.5  0.13  182.2  24.6
060420261142  1.183  4.2  171.0  12.5  0.08  146.0  24.6
060420261143  1.183  3.8  165.4  7.0  0.08  190.0  24.6
060420261144  1.183  3.8  163.9  7.0  0.04  163.4  24.7
060420261145  1.182  3.9  164.6  7.3  0.04  43.7  24.7
060420261146  1.183  4.2  162.3  8.8  0.10  190.0  24.7
060420261147  1.183  4.4  163.4  8.8  0.22  196.7  24.7
060420261148  1.182  4.5  157.9  8.8  0.10  190.0  24.7
060420261149  1.183  4.4  154.4  8.8  0.15  182.3  24.7
060420261150  1.182  4.3  150.2  8.8  0.15  188.5  24.7
060420261151  1.182  4.4  147.0  8.8  0.05  270.1  24.7
060420261152  1.180  4.6  144.2  8.8  0.10  195.8  24.7
060420261153  1.180  4.5  147.8  8.8  0.05  145.0  24.7
060420261154  1.180  4.6  149.1  8.8  0.13  173.9  24.7
060420261155  1.180  4.6  147.8  8.8  0.17  199.5  24.7
060420261156  1.179  4.4  151.7  8.6  0.10  190.0  24.7
060420261157  1.178  4.2  151.4  8.6  0.14  196.2  24.7
060420261158  1.178  4.2  146.9  8.4  0.10  287.7  24.7
060420261159  1.177  4.2  140.4  9.2  nan  nan  nan
060420261200  1.176  4.5  138.6  9.2  0.06  253.4  24.7
060420261201  1.174  4.4  134.9  9.2  0.07  214.4  24.7
060420261202  1.172  4.4  129.0  9.2  0.11  190.0  24.7
060420261203  1.170  4.6  124.7  9.8  0.10  190.0  24.7
060420261204  1.167  4.9  123.1  9.8  0.04  171.6  24.8
060420261205  1.166  4.8  124.1  9.8  nan  nan  nan
060420261206  1.164  4.8  121.3  9.8  0.03  73.4  24.8
060420261207  1.161  4.9  122.9  9.8  0.05  239.6  24.8
060420261208  1.159  4.8  130.9  9.8  nan  nan  nan
060420261209  1.157  4.7  130.9  9.8  nan  nan  nan
060420261210  1.154  4.5  131.8  9.8  0.03  158.4  24.8
060420261211  1.150  4.6  139.1  10.9  0.05  289.9  24.8
060420261212  1.146  4.5  144.3  10.9  nan  nan  nan
060420261213  1.143  4.6  149.1  10.9  0.03  310.3  24.8
060420261214  1.138  4.3  154.8  10.9  0.07  251.3  24.7
060420261215  1.137  4.4  155.4  10.9  0.06  25.9  24.7
060420261216  1.133  4.4  155.0  10.9  0.02  10.0  24.7
060420261217  1.129  4.5  156.5  10.9  0.12  339.8  24.7
060420261218  1.125  4.0  154.6  10.9  0.06  242.0  24.7
060420261219  1.120  3.9  162.9  10.9  0.31  359.8  24.7
060420261220  1.118  3.8  161.8  10.9  0.34  14.3  24.7
060420261221  1.113  3.4  159.8  7.4  0.10  356.5  24.8
060420261222  1.109  3.2  161.2  7.4  0.23  6.1  24.8
060420261223  1.105  2.8  153.4  7.4  0.20  19.0  24.8
060420261224  1.101  2.9  145.3  7.4  0.27  10.8  24.8
060420261225  1.098  3.0  135.5  8.0  0.23  15.2  24.8
060420261226  1.095  3.1  130.1  8.0  0.28  17.5  24.8
060420261227  1.091  3.0  118.8  8.0  0.38  7.7  24.8
060420261228  1.088  3.2  115.3  8.0  0.39  12.3  24.8
060420261229  1.085  3.7  110.5  8.0  0.36  13.4  24.8
060420261230  1.081  3.7  111.1  8.0  0.24  21.7  24.8
060420261231  1.076  3.8  107.8  8.0  0.34  9.7  24.8
060420261232  1.071  4.5  107.6  11.3  0.43  11.0  24.8
060420261233  1.067  4.5  111.9  11.3  0.44  15.1  24.8
060420261234  1.062  4.6  113.7  11.3  0.38  20.4  24.8
060420261235  1.058  4.4  116.6  11.3  0.53  11.7  24.8
060420261236  1.053  4.4  115.4  11.3  0.39  26.3  24.8
060420261237  1.049  4.7  116.0  11.3  0.48  13.7  24.8
060420261238  1.044  4.9  118.1  11.3  0.40  19.6  24.8
060420261239  1.039  5.0  122.0  11.3  0.45  17.4  24.8
060420261240  1.033  5.2  125.0  11.3  0.55  17.1  24.8
060420261241  1.028  5.6  122.9  11.3  0.56  6.4  24.8
060420261242  1.024  5.4  123.8  10.0  0.51  12.4  24.8
060420261243  1.019  5.4  124.4  10.0  0.56  12.8  24.8
060420261244  1.015  5.2  123.8  10.0  0.55  11.2  24.8
060420261245  1.011  5.3  123.9  10.0  0.65  6.4  24.8
060420261246  1.007  5.7  126.3  10.0  0.59  13.2  24.9
060420261247  1.003  5.6  125.9  9.6  0.65  10.7  24.9
060420261248  0.998  5.3  126.9  9.6  0.56  9.6  24.9
060420261249  0.994  5.0  125.1  9.6  0.65  7.6  24.9
060420261250  0.990  4.8  122.0  9.6  0.64  5.8  24.9
060420261251  0.986  4.5  125.8  9.6  0.60  9.6  24.9
060420261252  0.982  4.5  125.8  9.6  0.64  3.7  24.9
060420261253  0.978  4.4  123.4  9.6  0.64  8.8  24.9
060420261254  0.975  4.3  128.7  9.6  0.54  3.8  24.9
060420261255  0.971  4.2  129.8  9.6  0.60  8.7  24.9
060420261256  0.969  3.6  130.2  9.4  0.53  9.8  24.9
060420261257  0.966  3.6  137.4  9.4  0.59  8.7  24.9
060420261258  0.964  3.7  137.2  9.4  0.56  10.0  24.9
060420261259  0.960  4.1  136.4  9.4  0.56  9.2  24.9
060420261300  0.955  4.1  138.3  9.4  0.55  6.7  24.9
060420261301  0.952  4.2  135.4  9.4  0.61  12.4  24.9
060420261302  0.949  4.2  136.5  9.4  0.50  8.0  24.9
060420261303  0.945  4.4  133.7  10.2  0.52  10.6  24.9
060420261304  0.942  4.5  125.8  10.2  0.45  7.0  24.9
060420261305  0.939  4.7  123.0  10.2  0.60  15.6  24.9
060420261306  0.936  4.9  123.8  10.2  0.67  17.3  24.9
060420261307  0.933  5.0  120.4  10.2  0.48  12.8  24.9
060420261308  0.928  5.0  117.8  10.2  0.60  14.1  24.9
060420261309  0.924  4.9  117.8  10.2  0.53  17.2  24.9
060420261310  0.921  5.3  114.8  10.2  0.48  18.6  24.9
060420261311  0.918  5.4  114.3  10.2  0.61  17.4  24.9
060420261312  0.914  5.6  114.8  10.2  0.61  16.2  24.9
060420261313  0.911  5.4  116.1  9.9  0.75  18.5  25.0
060420261314  0.907  5.2  117.9  9.9  0.63  14.6  25.0
060420261315  0.904  4.9  117.1  9.9  0.61  20.3  25.0
060420261316  0.901  4.9  116.3  9.9  0.76  15.9  25.0
060420261317  0.897  4.8  115.2  9.9  0.65  14.3  25.0
060420261318  0.894  4.8  117.2  9.9  0.70  16.4  25.0
060420261319  0.892  4.6  121.7  9.9  0.63  18.3  25.0
060420261320  0.890  4.3  123.9  9.4  0.54  15.3  25.0
060420261321  0.888  4.3  125.9  9.4  0.59  14.1  25.0
060420261322  0.885  4.0  130.5  9.4  0.66  13.2  25.0
060420261323  0.881  3.9  134.4  9.4  0.57  12.7  25.0
060420261324  0.878  4.0  135.6  9.4  0.56  10.0  25.0
060420261325  0.876  4.1  141.9  9.5  0.58  13.1  25.0
060420261326  0.874  4.1  144.0  9.5  0.63  14.6  25.0
060420261327  0.871  4.1  148.8  9.5  0.57  14.9  25.0
060420261328  0.870  4.5  151.7  9.5  0.58  7.7  25.0
060420261329  0.867  4.4  150.3  9.5  0.63  12.8  25.0
060420261330  0.864  4.5  154.4  9.5  0.70  10.2  25.0
060420261331  0.863  4.4  155.5  9.5  0.68  14.9  25.0
060420261332  0.861  4.3  152.3  9.5  0.67  19.6  25.0
060420261333  0.860  4.4  150.8  9.5  0.72  19.9  25.0
060420261334  0.858  4.3  154.0  9.5  0.67  18.5  25.0
060420261335  0.854  4.3  151.2  9.1  0.67  19.5  25.0
060420261336  0.852  4.4  149.2  9.1  0.69  24.9  25.0
060420261337  0.851  4.5  144.2  9.1  0.62  19.6  25.0
060420261338  0.849  4.2  140.5  7.8  0.49  23.5  25.0
060420261339  0.846  4.2  139.3  7.8  0.70  24.8  25.0
060420261340  0.844  4.1  135.6  7.8  0.47  18.3  25.0
060420261341  0.842  4.2  134.4  7.8  0.65  20.5  25.0
060420261342  0.840  4.3  135.3  12.3  0.61  20.5  25.0
060420261343  0.837  4.5  134.9  12.3  0.62  19.6  25.0
060420261344  0.834  4.6  133.0  12.3  0.63  19.1  25.0
060420261345  0.830  4.7  132.1  12.3  0.53  22.0  25.0
060420261346  0.827  4.6  131.4  12.3  0.65  26.2  25.0
060420261347  0.824  4.4  130.5  12.3  0.53  32.2  25.0
060420261348  0.820  4.5  128.2  12.3  0.59  24.2  25.0
060420261349  0.816  4.6  127.6  12.3  0.60  27.4  25.0
060420261350  0.814  4.8  125.4  12.3  0.50  32.0  25.0
060420261351  0.809  4.7  126.0  12.3  0.58  22.7  25.0
060420261352  0.804  4.3  125.5  11.8  0.61  20.5  25.1
060420261353  0.801  4.2  121.6  8.3  0.51  20.8  25.1
060420261354  0.797  4.4  119.7  8.3  0.61  21.6  25.1
060420261355  0.793  4.3  121.6  8.8  0.62  22.7  25.1
060420261356  0.788  4.3  120.7  8.8  0.57  22.6  25.1
060420261357  0.786  4.5  124.4  8.8  0.57  24.5  25.1
060420261358  0.782  4.7  126.6  8.8  0.59  24.0  25.1
060420261359  0.778  4.3  124.5  8.8  0.63  22.2  25.1
060420261400  0.775  4.2  126.2  8.8  0.67  20.3  25.1
060420261401  0.770  4.3  123.1  8.8  0.57  24.4  25.1
060420261402  0.766  4.7  120.7  8.8  0.68  26.4  25.1
060420261403  0.762  5.0  122.7  12.6  0.56  22.9  25.1
060420261404  0.757  4.9  124.4  12.6  0.67  23.9  25.1
060420261405  0.751  5.0  122.8  12.6  0.61  18.8  25.1
060420261406  0.749  4.8  126.9  12.6  0.64  19.7  25.1
060420261407  0.744  4.6  125.5  12.6  0.64  19.4  25.1
060420261408  0.740  4.7  125.5  12.6  0.57  22.6  25.1
060420261409  0.737  5.0  125.9  12.6  0.64  20.8  25.1
060420261410  0.733  5.1  126.6  12.6  0.59  13.4  25.1
060420261411  0.730  5.2  129.8  12.6  0.69  18.5  25.1
060420261412  0.726  5.2  131.8  12.6  0.54  15.6  25.1
060420261413  0.721  4.8  134.7  10.2  0.57  16.8  25.1
060420261414  0.717  4.9  138.6  10.2  0.60  19.4  25.1
060420261415  0.714  5.0  141.8  10.2  0.55  21.4  25.1
060420261416  0.711  5.0  142.6  10.2  0.55  26.5  25.1
060420261417  0.706  5.0  144.0  10.2  0.71  15.5  25.1
060420261418  0.702  4.8  144.9  9.9  0.62  26.2  25.1
060420261419  0.700  5.0  149.9  9.9  0.60  13.4  25.1
060420261420  0.694  5.2  152.6  9.9  0.68  15.9  25.2
060420261421  0.691  5.6  155.8  10.0  0.80  20.4  25.2
060420261422  0.686  5.7  159.9  10.0  0.63  17.2  25.2
060420261423  0.683  5.9  161.8  10.0  0.58  22.9  25.2
060420261424  0.679  5.6  161.3  10.0  0.57  25.0  25.2
060420261425  0.676  5.5  159.2  10.0  0.73  20.6  25.2
060420261426  0.674  5.6  158.4  10.0  0.69  23.4  25.2
060420261427  0.671  6.0  160.4  10.0  0.63  17.7  25.2
060420261428  0.667  5.9  160.9  10.0  0.69  18.5  25.2
060420261429  0.664  5.6  159.6  10.0  0.58  15.2  25.2
060420261430  0.661  5.5  158.0  10.0  0.69  19.6  25.2
060420261431  0.658  5.2  158.8  10.0  0.73  17.6  25.2
060420261432  0.655  5.1  156.0  10.0  0.76  18.6  25.2
060420261433  0.653  4.9  150.3  10.0  0.60  22.1  25.2
060420261434  0.649  5.2  154.1  12.0  0.65  23.2  25.2
060420261435  0.647  5.1  156.5  12.0  0.61  23.9  25.2
060420261436  0.644  4.8  155.7  12.0  0.50  19.6  25.2
060420261437  0.642  4.7  156.0  12.0  0.65  22.3  25.2
060420261438  0.638  4.9  157.1  12.0  0.65  21.5  25.2
060420261439  0.636  5.1  160.5  12.0  0.62  24.6  25.2
060420261440  0.634  5.4  164.3  12.0  0.49  28.7  25.2
060420261441  0.632  5.6  164.0  12.0  0.69  24.0  25.2
060420261442  0.629  5.4  166.0  12.0  0.62  22.7  25.2
060420261443  0.627  5.3  165.3  12.0  0.78  19.4  25.2
060420261444  0.625  5.1  159.6  11.1  0.59  16.0  25.2
060420261445  0.623  5.0  158.0  11.1  0.64  25.1  25.2
060420261446  0.621  4.8  158.7  11.1  0.70  18.9  25.2
060420261447  0.619  4.7  158.3  11.1  0.69  19.1  25.2
060420261448  0.617  4.5  160.0  11.1  0.65  21.4  25.2
060420261449  0.616  4.4  152.2  11.1  0.56  23.6  25.2
060420261450  0.612  4.4  145.3  9.9  0.58  25.0  25.2
060420261451  0.609  4.1  139.3  9.8  0.59  22.1  25.2
060420261452  0.606  4.4  135.0  10.0  0.61  20.5  25.3
060420261453  0.605  4.4  136.9  10.0  0.58  24.1  25.3
060420261454  0.601  4.5  138.0  10.0  0.46  28.5  25.3
060420261455  0.600  4.5  139.6  10.0  0.65  24.1  25.3
060420261456  0.597  4.8  138.2  10.0  0.52  20.3  25.3
060420261457  0.593  5.1  134.0  10.0  0.50  23.8  25.3
060420261458  0.592  5.3  132.5  10.0  0.63  20.5  25.3
060420261459  0.590  5.4  136.3  10.0  0.45  21.2  25.3
060420261500  0.589  4.9  136.5  10.0  0.59  20.0  25.3
060420261501  0.586  5.0  138.4  10.0  0.64  15.9  25.3
060420261502  0.583  4.9  139.6  9.2  0.47  22.0  25.3
060420261503  0.583  4.7  138.4  9.2  0.52  17.8  25.3
060420261504  0.580  4.5  136.5  9.2  0.53  19.4  25.3
060420261505  0.579  4.7  137.7  9.2  0.51  20.1  25.3
060420261506  0.580  4.7  136.4  9.2  0.50  18.7  25.3
060420261507  0.578  4.4  139.5  9.2  0.53  24.9  25.3
060420261508  0.577  4.3  142.7  8.6  0.46  21.7  25.3
060420261509  0.576  4.2  144.4  8.6  0.46  11.9  25.3
060420261510  0.575  4.4  146.9  8.6  0.65  16.9  25.3
060420261511  0.572  4.4  147.3  8.6  0.53  14.0  25.3
060420261512  0.571  4.4  148.5  8.6  0.69  14.7  25.3
060420261513  0.571  4.3  148.9  8.6  0.52  17.1  25.3
060420261514  0.567  4.4  150.2  8.6  0.52  9.1  25.3
060420261515  0.565  4.1  150.6  7.7  0.48  18.2  25.3
060420261516  0.564  4.1  154.8  7.7  0.48  18.1  25.3
060420261517  0.561  3.9  151.7  7.7  0.51  21.9  25.3
060420261518  0.559  4.0  147.2  7.7  0.55  14.3  25.3
060420261519  0.557  3.9  142.5  7.7  0.57  11.6  25.3
060420261520  0.554  3.7  140.8  7.7  0.58  13.1  25.3
060420261521  0.552  3.7  138.0  9.5  0.59  9.0  25.3
060420261522  0.550  4.1  132.0  9.6  0.53  7.9  25.3
060420261523  0.547  4.0  135.3  9.6  0.64  9.0  25.3
060420261524  0.545  3.9  140.3  9.6  0.71  10.9  25.3
060420261525  0.543  4.1  138.9  9.6  0.58  11.5  25.3
060420261526  0.540  4.1  135.2  9.6  0.53  13.4  25.3
060420261527  0.537  4.3  138.3  9.6  0.49  15.4  25.3
060420261528  0.536  4.2  139.5  9.6  0.58  8.1  25.3
060420261529  0.535  4.1  139.3  9.6  0.51  6.7  25.3
060420261530  0.532  4.3  134.6  9.6  0.59  14.1  25.3
060420261531  0.531  4.2  136.3  9.6  0.53  18.6  25.3
060420261532  0.529  4.2  136.4  10.7  0.49  6.8  25.3
060420261533  0.526  4.4  135.2  10.7  0.58  8.9  25.3
060420261534  0.525  4.6  130.2  10.7  0.51  8.5  25.3
060420261535  0.523  4.7  129.6  10.7  0.57  15.1  25.3
060420261536  0.520  4.8  132.0  10.7  0.52  13.4  25.3
060420261537  0.518  4.9  134.9  11.5  0.58  8.5  25.3
060420261538  0.518  5.2  138.8  12.4  0.62  11.3  25.3
060420261539  0.514  5.4  141.2  12.4  0.67  9.2  25.3
060420261540  0.513  5.5  147.0  12.4  0.54  10.8  25.3
060420261541  0.511  5.7  149.5  12.4  0.60  9.4  25.3
060420261542  0.510  5.5  156.1  12.4  0.62  5.3  25.3
060420261543  0.506  5.5  156.9  12.4  0.65  7.6  25.3
060420261544  0.506  5.7  159.4  12.4  0.55  8.6  25.3
060420261545  0.505  5.6  161.2  12.4  0.60  10.2  25.3
060420261546  0.503  5.6  161.3  12.4  0.56  11.6  25.3
060420261547  0.501  5.4  162.6  12.4  0.50  14.0  25.3
060420261548  0.501  5.0  160.9  11.8  0.69  7.1  25.3
060420261549  0.497  4.9  159.9  11.8  0.64  10.9  25.3
060420261550  0.495  4.5  158.1  8.3  0.58  10.2  25.3
060420261551  0.493  4.4  159.5  8.3  0.57  9.8  25.3
060420261552  0.491  4.0  158.1  8.3  0.64  5.8  25.3
060420261553  0.490  4.2  160.2  9.5  0.61  4.3  25.3
060420261554  0.488  4.3  160.5  11.1  0.56  8.8  25.3
060420261555  0.486  4.6  159.7  11.1  0.59  10.4  25.3
060420261556  0.483  4.4  161.3  11.1  0.53  6.2  25.3
060420261557  0.481  4.1  157.5  11.1  0.59  4.3  25.3
060420261558  0.480  4.3  157.6  11.1  0.62  6.8  25.3
060420261559  0.477  4.2  156.3  11.1  0.52  12.4  25.3
060420261600  0.475  4.5  161.1  11.1  0.61  10.7  25.3
060420261601  0.474  4.9  160.5  11.1  0.53  7.9  25.3
060420261602  0.474  5.3  161.2  11.1  0.53  6.6  25.3
060420261603  0.471  5.2  161.6  11.1  0.55  4.3  25.3
060420261604  0.471  4.8  159.8  11.0  0.59  10.2  25.3
060420261605  0.470  4.8  160.7  11.0  0.68  3.8  25.3
060420261606  0.470  4.8  160.5  11.0  0.58  3.6  25.3
060420261607  0.469  4.8  159.6  11.0  0.52  2.1  25.3
060420261608  0.468  4.7  160.6  11.0  0.59  6.0  25.3
060420261609  0.469  4.7  160.9  11.0  0.66  6.6  25.3
060420261610  0.470  4.4  155.8  11.0  0.56  358.2  25.3
060420261611  0.471  3.7  154.1  8.2  0.52  7.6  25.3
060420261612  0.471  3.4  152.6  7.7  0.60  2.3  25.3
060420261613  0.472  3.6  144.7  9.4  0.55  5.7  25.3
060420261614  0.473  3.7  144.4  9.4  0.56  1.8  25.3
060420261615  0.474  3.6  145.2  9.4  0.44  1.2  25.3
060420261616  0.475  3.9  150.6  12.1  0.49  2.8  25.3
060420261617  0.477  4.1  155.3  12.1  0.45  3.6  25.3
060420261618  0.480  4.0  153.8  12.1  0.42  2.3  25.3
060420261619  0.482  3.9  153.4  12.1  0.47  359.2  25.3
060420261620  0.483  4.1  152.5  12.1  0.53  6.9  25.3
060420261621  0.486  4.5  153.5  12.1  0.56  4.4  25.3
060420261622  0.486  4.8  155.9  12.1  0.56  357.5  25.3
060420261623  0.488  4.9  159.8  12.1  0.31  359.9  25.3
060420261624  0.489  5.0  161.4  12.1  0.34  355.6  25.3
060420261625  0.491  4.9  161.4  12.1  0.46  357.9  25.3
060420261626  0.493  4.5  156.0  9.4  0.37  359.3  25.3
060420261627  0.496  4.3  149.6  9.4  0.36  357.2  25.3
060420261628  0.498  4.5  147.1  9.4  0.24  353.3  25.3
060420261629  0.498  4.4  147.6  9.4  0.54  1.3  25.3
060420261630  0.499  4.1  150.2  9.4  0.34  359.1  25.3
060420261631  0.500  4.0  145.7  9.4  0.44  1.6  25.3
060420261632  0.501  4.2  137.1  9.4  0.37  359.9  25.3
060420261633  0.502  3.9  132.5  9.2  0.39  355.8  25.3
060420261634  0.504  3.8  131.9  9.2  0.24  347.9  25.3
060420261635  0.507  3.9  130.1  9.2  0.31  358.4  25.3
060420261636  0.508  4.0  132.1  9.2  0.32  352.2  25.3
060420261637  0.508  4.1  136.8  9.2  0.41  351.3  25.3
060420261638  0.509  4.1  139.7  9.2  0.33  2.6  25.3
060420261639  0.510  4.3  141.3  9.2  0.30  344.3  25.3
060420261640  0.511  4.3  141.3  9.2  0.35  358.7  25.3
060420261641  0.511  4.2  144.6  9.2  0.34  350.0  25.3
060420261642  0.513  4.0  149.8  9.2  0.25  333.0  25.3
060420261643  0.513  4.0  155.1  9.2  0.43  356.5  25.3
060420261644  0.514  4.0  149.4  9.2  0.40  359.0  25.3
060420261645  0.516  3.9  147.7  9.2  0.33  353.0  25.3
060420261646  0.519  3.6  149.0  7.8  0.36  3.8  25.3
060420261647  0.521  3.5  147.7  7.8  0.23  347.1  25.3
060420261648  0.523  3.2  147.0  7.8  0.26  352.0  25.3
060420261649  0.524  3.1  150.2  7.8  0.29  343.8  25.3
060420261650  0.526  3.2  148.8  7.8  0.34  351.4  25.3
060420261651  0.528  3.3  150.3  7.3  0.35  345.7  25.3
060420261652  0.530  3.3  151.1  7.3  0.38  350.5  25.3
060420261653  0.534  3.2  153.4  7.3  0.22  345.2  25.3
060420261654  0.536  3.4  157.5  7.3  0.23  341.0  25.3
060420261655  0.538  3.4  158.0  7.3  0.28  353.5  25.3
060420261656  0.541  3.4  149.9  7.3  0.21  338.1  25.3
060420261657  0.542  3.4  150.3  7.3  0.33  351.6  25.3
060420261658  0.544  3.5  151.7  7.3  0.31  349.9  25.3
060420261659  0.547  3.6  151.5  7.0  0.17  333.0  25.3
060420261700  0.549  3.7  152.1  7.5  0.26  343.6  25.3
060420261701  0.552  3.4  149.9  7.5  0.29  355.4  25.3
060420261702  0.554  3.5  142.3  7.7  0.37  356.9  25.3
060420261703  0.555  3.9  136.5  9.0  0.34  359.0  25.3
060420261704  0.557  3.8  136.5  9.0  0.31  357.0  25.3
060420261705  0.559  3.7  138.3  9.0  0.35  2.4  25.3
060420261706  0.560  3.6  145.1  9.0  0.31  353.9  25.3
060420261707  0.562  3.6  148.9  9.0  0.18  348.8  25.3
060420261708  0.564  4.0  148.6  10.0  0.31  359.0  25.3
060420261709  0.566  4.2  147.6  10.0  0.21  5.8  25.3
060420261710  0.569  4.0  146.3  10.0  0.17  340.2  25.3
060420261711  0.570  4.2  147.3  10.0  0.23  352.0  25.3
060420261712  0.571  4.4  153.9  10.3  0.15  15.9  25.3
060420261713  0.572  4.5  157.0  10.3  0.21  359.1  25.3
060420261714  0.572  4.9  155.2  10.3  0.16  4.4  25.3
060420261715  0.572  4.9  154.4  10.3  0.22  11.0  25.3
060420261716  0.572  5.0  154.6  10.3  0.22  349.0  25.3
060420261717  0.575  5.0  153.3  10.3  0.14  7.6  25.3
060420261718  0.576  5.0  153.0  10.3  0.13  11.8  25.3
060420261719  0.576  4.9  154.1  10.3  0.23  8.5  25.3
060420261720  0.576  5.0  155.5  10.3  0.10  14.3  25.3
060420261721  0.576  5.2  154.6  10.3  0.10  8.8  25.3
060420261722  0.577  4.8  156.0  8.9  0.02  318.7  25.3
060420261723  0.578  4.2  155.1  8.4  0.16  355.6  25.3
060420261724  0.578  3.9  156.6  8.4  0.19  0.9  25.3
060420261725  0.578  3.9  155.2  8.4  0.24  17.0  25.3
060420261726  0.577  3.7  154.1  8.4  0.21  7.4  25.3
060420261727  0.578  3.5  151.9  8.4  0.24  354.2  25.3
060420261728  0.580  3.1  154.2  6.5  0.14  26.5  25.3
060420261729  0.581  2.9  155.0  6.3  0.12  37.8  25.3
060420261730  0.582  2.6  157.9  6.3  0.17  36.9  25.3
060420261731  0.584  2.5  159.2  7.3  0.10  7.8  25.3
060420261732  0.586  2.9  160.0  9.7  0.12  10.9  25.3
060420261733  0.587  3.3  160.0  9.7  0.08  18.7  25.3
060420261734  0.589  3.4  161.9  9.7  0.04  339.5  25.3
060420261735  0.591  3.5  163.9  9.7  0.14  24.8  25.3
060420261736  0.592  3.6  164.2  9.7  0.08  10.0  25.3
060420261737  0.595  3.9  168.8  9.7  0.09  319.0  25.3
060420261738  0.599  4.3  169.3  11.0  0.08  8.6  25.3
060420261739  0.601  4.4  168.8  11.0  0.11  337.8  25.3
060420261740  0.602  4.4  165.8  11.0  0.15  354.2  25.3
060420261741  0.605  4.3  165.3  11.0  0.10  358.7  25.3
060420261742  0.608  3.9  161.2  11.0  0.06  342.6  25.3
060420261743  0.611  3.7  164.0  11.0  0.04  220.5  25.3
060420261744  0.614  3.6  164.3  11.0  0.07  308.0  25.3
060420261745  0.617  3.6  165.1  11.0  0.07  210.0  25.3
060420261746  0.621  3.5  164.5  11.0  0.04  332.1  25.3
060420261747  0.625  3.5  160.1  11.0  0.03  237.7  25.3
060420261748  0.629  3.4  159.8  6.2  0.14  182.0  25.3
060420261749  0.633  3.4  158.9  6.2  0.07  296.9  25.3
060420261750  0.636  3.3  160.7  6.2  0.22  209.2  25.3
060420261751  0.642  3.4  163.2  6.2  0.09  226.1  25.3
060420261752  0.646  3.7  165.1  8.0  0.30  194.1  25.3
060420261753  0.649  3.7  163.0  8.0  0.10  214.5  25.3
060420261754  0.651  3.7  163.5  8.0  0.17  208.8  25.3
060420261755  0.655  3.5  162.2  8.0  0.20  217.6  25.3
060420261756  0.656  3.4  158.4  8.0  0.28  201.7  25.3
060420261757  0.661  3.2  158.6  8.0  0.24  203.6  25.3
060420261758  0.664  2.9  153.1  8.0  0.30  206.6  25.3
060420261759  0.668  2.6  153.7  8.0  0.20  178.5  25.3
060420261800  0.673  2.6  151.4  8.0  0.31  190.4  25.3
060420261801  0.678  2.4  149.6  8.0  0.35  200.2  25.3
060420261802  0.682  2.1  144.3  5.8  0.30  183.7  25.3
060420261803  0.687  2.0  147.5  5.8  0.38  190.3  25.2
060420261804  0.689  2.1  143.9  5.8  0.18  193.8  25.3
060420261805  0.693  2.3  148.3  5.8  0.30  204.7  25.2
060420261806  0.698  2.3  156.9  5.7  0.35  179.5  25.2
060420261807  0.701  2.4  159.0  6.0  0.35  193.8  25.2
060420261808  0.705  2.8  159.8  7.5  0.31  187.8  25.2
060420261809  0.708  3.3  157.5  7.5  0.24  181.7  25.2
060420261810  0.713  3.3  159.2  7.5  0.32  193.5  25.2
060420261811  0.718  3.5  157.4  7.5  0.28  186.8  25.2
060420261812  0.721  3.5  159.3  7.5  0.21  177.4  25.2
060420261813  0.727  3.7  159.9  7.5  0.26  187.4  25.2
060420261814  0.730  3.6  162.3  7.5  0.25  190.0  25.2
060420261815  0.735  3.5  161.6  7.5  0.34  196.5  25.2
060420261816  0.739  3.5  157.2  7.5  0.41  191.9  25.2
060420261817  0.743  3.3  154.6  7.5  0.35  199.9  25.2
060420261818  0.746  2.8  155.2  6.0  0.37  190.9  25.2
060420261819  0.751  2.5  152.9  5.1  0.46  200.0  25.2
060420261820  0.755  2.6  150.0  5.1  0.44  190.5  25.2
060420261821  0.760  2.6  147.7  6.0  0.42  185.7  25.2
060420261822  0.765  2.7  144.7  6.0  0.53  185.4  25.2
060420261823  0.770  2.6  143.2  6.0  0.50  196.5  25.2
060420261824  0.774  2.5  139.8  6.0  0.55  184.3  25.2
060420261825  0.778  2.6  134.1  6.0  0.43  185.3  25.2
060420261826  0.782  2.5  137.2  6.0  0.47  190.7  25.2
060420261827  0.785  2.7  137.0  6.1  0.50  186.2  25.2
060420261828  0.789  2.9  137.8  6.1  0.51  186.5  25.2
060420261829  0.794  2.8  140.4  6.1  0.40  178.1  25.2
060420261830  0.798  2.7  140.6  6.1  0.42  185.8  25.2
060420261831  0.803  2.5  144.1  6.1  0.47  185.5  25.2
060420261832  0.807  2.4  144.7  6.1  0.51  181.8  25.2
060420261833  0.810  2.3  144.7  6.1  0.48  174.4  25.2
060420261834  0.814  2.3  142.6  6.1  0.52  179.5  25.2
060420261835  0.819  2.3  144.1  6.1  0.57  186.9  25.2
060420261836  0.822  2.3  144.3  6.1  0.52  174.7  25.2
060420261837  0.827  2.2  147.1  4.8  0.47  175.3  25.2
060420261838  0.831  2.0  148.7  4.5  0.41  177.5  25.2
060420261839  0.837  1.9  143.9  4.5  0.55  176.0  25.2
060420261840  0.841  2.1  137.9  6.2  0.56  179.7  25.2
060420261841  0.843  2.4  129.6  6.2  0.59  178.6  25.2
060420261842  0.849  2.5  131.9  6.2  0.51  183.7  25.2
060420261843  0.853  2.6  127.7  6.2  0.54  182.1  25.2
060420261844  0.855  2.6  127.7  6.2  0.60  182.3  25.2
060420261845  0.860  2.6  125.1  6.2  0.52  175.7  25.2
060420261846  0.864  2.5  121.7  6.2  0.66  182.8  25.2
060420261847  0.867  2.5  123.7  6.2  0.55  174.7  25.2
060420261848  0.871  2.5  123.8  6.2  0.68  181.8  25.2
060420261849  0.876  2.6  127.7  6.2  0.68  179.2  25.2
060420261850  0.878  2.4  133.8  5.2  0.70  174.6  25.2
060420261851  0.881  2.1  143.2  4.5  0.57  181.2  25.2
060420261852  0.885  1.9  143.6  4.4  0.61  178.0  25.2
060420261853  0.887  2.0  144.3  4.5  0.71  182.2  25.2
060420261854  0.891  2.1  145.1  5.9  0.60  178.5  25.2
060420261855  0.895  2.2  151.1  5.9  0.67  180.1  25.2
060420261856  0.898  2.4  150.6  7.2  0.62  180.1  25.2
060420261857  0.900  2.4  150.0  7.2  0.61  174.9  25.2
060420261858  0.901  2.5  152.6  7.2  0.62  176.4  25.2
060420261859  0.902  2.6  153.9  7.2  0.54  172.9  25.2
060420261900  0.906  2.6  151.9  7.2  0.61  181.8  25.2
060420261901  0.907  2.8  148.7  7.2  0.72  178.7  25.2
060420261902  0.910  2.8  150.1  7.2  0.60  177.0  25.2
060420261903  0.912  3.0  154.7  7.2  0.60  181.9  25.2
060420261904  0.914  2.9  157.6  7.2  0.41  181.0  25.2
060420261905  0.916  2.7  160.4  7.2  0.54  180.7  25.2
060420261906  0.918  2.6  167.7  6.6  0.60  187.4  25.2
060420261907  0.922  2.5  169.2  6.6  0.50  181.3  25.2
060420261908  0.925  2.5  170.6  6.6  0.44  190.5  25.2
060420261909  0.927  2.3  168.2  6.6  0.47  186.9  25.2
060420261910  0.930  2.1  167.0  6.6  0.49  188.2  25.2
060420261911  0.932  2.0  165.8  6.6  0.46  189.8  25.2
060420261912  0.936  1.9  163.4  6.6  0.49  192.7  25.2
060420261913  0.941  1.5  157.6  4.5  0.48  190.0  25.2
060420261914  0.946  1.5  155.9  4.5  0.37  197.8  25.2
060420261915  0.950  1.6  147.9  4.5  0.61  189.3  25.2
060420261916  0.954  1.6  148.3  4.5  0.59  195.0  25.2
060420261917  0.958  1.6  149.3  4.5  0.51  195.3  25.2
060420261918  0.963  1.6  143.2  3.9  0.53  186.6  25.2
060420261919  0.968  1.5  144.9  3.9  0.43  194.1  25.2
060420261920  0.971  1.6  148.3  3.9  0.54  191.9  25.2
060420261921  0.976  1.6  155.3  3.9  0.57  196.0  25.2
060420261922  0.978  1.6  153.3  3.9  0.39  197.7  25.2
060420261923  0.983  1.7  157.7  3.9  0.33  196.0  25.2
060420261924  0.989  1.7  157.0  3.9  0.39  197.7  25.2
060420261925  0.994  1.7  159.2  3.9  0.58  192.1  25.2
060420261926  1.000  1.7  153.7  3.3  0.49  188.4  25.2
060420261927  1.005  1.8  155.8  3.7  0.44  193.1  25.2
060420261928  1.011  2.1  167.6  6.7  0.51  194.6  25.2
060420261929  1.018  2.4  178.0  6.7  0.47  188.1  25.2
060420261930  1.023  2.8  184.5  6.7  0.49  193.7  25.2
060420261931  1.027  3.1  187.7  6.7  0.45  189.5  25.2
060420261932  1.033  3.4  195.5  6.7  0.44  191.5  25.2
060420261933  1.038  3.7  201.2  6.7  0.56  191.6  25.2
060420261934  1.044  4.1  207.4  6.7  0.54  186.1  25.2
060420261935  1.049  4.7  212.2  7.2  0.55  190.0  25.2
060420261936  1.054  5.1  215.1  7.2  0.52  194.3  25.2
060420261937  1.059  5.4  215.8  7.2  0.45  195.9  25.2
060420261938  1.063  5.1  217.1  7.2  0.53  191.7  25.2
060420261939  1.068  5.0  218.8  7.2  0.54  191.6  25.2
060420261940  1.072  4.9  221.0  7.2  0.58  190.0  25.2
060420261941  1.076  4.9  224.0  7.2  0.56  188.8  25.2
060420261942  1.080  4.8  223.4  7.2  0.50  188.7  25.2
060420261943  1.084  4.8  221.6  7.2  0.63  189.1  25.2
060420261944  1.089  4.8  220.1  7.2  0.63  188.1  25.2
060420261945  1.094  4.5  220.1  6.2  0.59  190.0  25.2
060420261946  1.098  4.5  220.2  6.3  0.65  193.4  25.2
060420261947  1.102  4.6  221.0  6.3  0.69  187.6  25.2
060420261948  1.105  4.9  220.8  6.7  0.79  188.3  25.2
060420261949  1.111  5.0  219.9  6.9  0.63  184.7  25.2
060420261950  1.113  5.1  219.2  6.9  0.74  188.0  25.2
060420261951  1.117  5.1  218.7  6.9  0.73  189.4  25.2
060420261952  1.121  5.1  217.9  6.9  0.67  183.5  25.2
060420261953  1.125  5.2  218.0  6.9  0.68  184.6  25.2
060420261954  1.129  5.4  217.3  7.3  0.67  193.7  25.2
060420261955  1.135  5.6  216.0  7.3  0.56  188.8  25.2
060420261956  1.139  5.7  214.5  7.5  0.59  186.4  25.1
060420261957  1.142  5.8  214.3  7.5  0.73  186.9  25.1
060420261958  1.147  5.8  214.1  7.5  0.74  190.0  25.2
060420261959  1.151  5.9  213.8  7.5  0.79  192.0  25.2
060420262000  1.155  6.0  213.8  7.5  0.62  192.0  25.2
060420262001  1.161  6.1  212.7  7.5  0.57  191.4  25.1
060420262002  1.166  6.2  212.1  7.5  0.69  190.5  25.1
060420262003  1.171  6.3  212.0  7.5  0.65  183.7  25.1
060420262004  1.175  6.2  212.7  7.5  0.67  186.7  25.1
060420262005  1.180  6.2  212.8  7.5  0.62  186.4  25.1
060420262006  1.185  6.1  213.1  7.3  0.62  188.0  25.1
060420262007  1.189  6.0  211.5  7.3  0.64  190.5  25.1
060420262008  1.194  5.9  210.2  7.3  0.64  186.2  25.1
060420262009  1.200  5.8  208.6  7.3  0.59  185.8  25.1
060420262010  1.205  5.9  207.9  7.3  0.66  185.8  25.1
060420262011  1.210  5.9  207.3  7.3  0.75  184.0  25.1
060420262012  1.214  6.0  207.3  7.3  0.70  184.0  25.1
060420262013  1.217  6.0  206.7  7.3  0.69  185.0  25.1
060420262014  1.221  6.0  206.1  7.3  0.65  189.5  25.1
060420262015  1.225  5.9  205.6  7.3  0.70  184.2  25.1
060420262016  1.230  5.8  203.8  7.3  0.73  183.7  25.1
060420262017  1.234  5.7  203.1  7.3  0.77  179.4  25.1
060420262018  1.239  5.7  202.7  7.3  0.80  181.2  25.1
060420262019  1.242  5.6  202.2  7.3  0.66  180.7  25.1
060420262020  1.246  5.5  200.4  7.3  0.85  180.8  25.1
060420262021  1.249  5.3  198.9  7.3  0.73  174.9  25.1
060420262022  1.251  5.2  197.8  6.9  0.76  176.1  25.1
060420262023  1.255  5.0  195.6  6.9  0.70  176.6  25.1
060420262024  1.258  4.8  193.6  6.6  0.69  178.3  25.1
060420262025  1.262  4.7  191.3  6.3  0.81  180.2  25.1
060420262026  1.264  4.7  191.6  6.3  0.81  178.1  25.1
060420262027  1.267  4.8  191.2  6.3  0.61  175.3  25.1
060420262028  1.269  4.7  190.4  6.1  0.60  169.2  25.1
060420262029  1.272  4.6  190.2  6.1  0.67  175.4  25.1
060420262030  1.276  4.6  190.1  6.1  0.56  172.7  25.1
060420262031  1.278  4.5  189.1  5.8  0.62  173.3  25.1
060420262032  1.281  4.5  189.0  5.8  0.64  172.5  25.1
060420262033  1.284  4.6  188.7  5.8  0.66  172.8  25.1
060420262034  1.288  4.7  188.6  5.8  0.71  175.8  25.1
060420262035  1.291  4.8  187.9  5.8  0.61  175.7  25.1
060420262036  1.293  4.7  187.5  5.8  0.77  176.3  25.0
060420262037  1.296  4.7  188.2  5.8  0.62  174.1  25.0
060420262038  1.299  4.7  188.8  5.8  0.70  178.4  25.0
060420262039  1.302  4.7  189.6  5.8  0.62  178.9  25.0
060420262040  1.304  4.7  189.5  5.8  0.70  178.5  25.0
060420262041  1.307  4.7  190.9  5.8  0.72  178.2  25.0
060420262042  1.310  4.6  190.9  5.8  0.66  175.8  25.0
060420262043  1.313  4.6  192.3  5.8  0.62  177.5  25.0
060420262044  1.316  4.6  193.1  5.6  0.59  182.6  25.0
060420262045  1.319  4.6  194.9  5.6  0.70  178.6  25.0
060420262046  1.321  4.6  195.7  5.6  0.73  176.5  25.0
060420262047  1.324  4.6  195.9  5.7  0.69  177.7  25.0
060420262048  1.328  4.5  196.4  5.7  0.62  174.0  25.0
060420262049  1.330  4.4  196.9  5.7  0.64  181.3  25.0
060420262050  1.333  4.4  198.3  5.7  0.64  176.9  25.0
060420262051  1.335  4.4  199.0  5.7  0.71  175.5  25.0
060420262052  1.338  4.4  200.9  6.1  0.71  171.9  25.0
060420262053  1.341  4.5  201.3  6.1  0.76  176.4  25.0
060420262054  1.344  4.5  202.7  6.1  0.59  173.1  25.0
060420262055  1.347  4.4  204.6  6.1  0.76  176.0  25.0
060420262056  1.350  4.3  207.7  6.1  0.69  176.0  25.0
060420262057  1.352  4.3  211.7  6.1  0.66  175.6  25.0
060420262058  1.355  4.4  215.8  6.1  0.66  178.0  25.0
060420262059  1.361  4.5  218.2  6.2  0.63  175.8  25.0
060420262100  1.366  4.6  221.4  6.4  0.70  180.6  25.0
060420262101  1.369  4.8  224.0  6.8  0.63  177.1  25.0
060420262102  1.374  4.9  226.4  7.2  0.79  180.2  25.0
060420262103  1.378  5.0  229.6  7.2  0.62  174.5  25.0
060420262104  1.383  5.1  231.1  7.2  0.78  178.6  25.0
060420262105  1.386  5.4  231.8  7.4  0.66  181.9  25.0
060420262106  1.390  5.5  231.5  7.4  0.79  182.4  25.0
060420262107  1.394  5.6  230.9  7.4  0.71  182.2  25.0
060420262108  1.400  5.7  230.0  7.4  0.67  177.7  25.0
060420262109  1.403  5.7  229.6  7.4  0.72  179.5  25.0
060420262110  1.407  5.7  228.9  7.4  0.71  178.9  25.0
060420262111  1.411  5.7  228.6  7.4  0.73  181.7  25.0
060420262112  1.415  5.5  229.1  7.4  0.78  180.7  25.0
060420262113  1.419  5.4  229.2  7.4  0.70  181.2  25.0
060420262114  1.424  5.3  230.2  7.4  0.72  176.2  25.0
060420262115  1.429  5.1  230.7  6.6  0.77  181.6  25.0
060420262116  1.432  5.0  232.3  6.6  0.74  182.0  25.0
060420262117  1.437  5.0  234.3  6.6  0.67  182.4  25.0
060420262118  1.441  4.9  236.7  6.6  0.86  186.9  25.0
060420262119  1.446  4.9  237.4  6.6  0.79  182.9  25.0
060420262120  1.451  4.8  239.2  6.6  0.71  180.6  25.0
060420262121  1.455  4.8  238.9  6.6  0.69  180.1  25.0
060420262122  1.460  4.7  236.4  6.6  0.69  178.3  25.0
060420262123  1.464  4.9  233.8  6.6  0.69  180.7  24.9
060420262124  1.469  4.9  231.3  6.6  0.71  178.3  24.9
060420262125  1.473  4.9  230.1  6.5  0.79  178.0  24.9
060420262126  1.478  5.0  227.4  6.5  0.59  181.3  24.9
060420262127  1.482  5.1  224.0  7.0  0.82  177.5  24.9
060420262128  1.486  5.2  221.1  7.0  0.83  179.0  24.9
060420262129  1.490  5.2  219.0  7.0  0.73  177.3  24.9
060420262130  1.494  5.3  216.1  7.0  0.79  181.6  24.9
060420262131  1.497  5.3  214.3  7.0  0.62  176.0  24.9
060420262132  1.500  5.3  214.7  7.0  0.69  173.4  24.9
060420262133  1.505  5.3  214.9  7.7  0.69  173.0  24.9
060420262134  1.508  5.3  214.5  7.7  0.75  175.1  24.9
060420262135  1.511  5.4  213.5  7.7  0.67  169.6  24.9
060420262136  1.514  5.5  213.3  7.7  0.70  166.5  24.9
060420262137  1.517  5.6  213.4  7.7  0.76  168.3  24.9
060420262138  1.519  5.7  213.0  7.7  0.77  171.8  24.9
060420262139  1.522  5.7  213.2  7.7  0.73  171.5  24.9
060420262140  1.526  5.7  213.4  7.7  0.73  171.2  24.9
060420262141  1.528  5.7  213.9  7.7  0.68  173.3  24.9
060420262142  1.530  5.7  213.7  7.7  0.63  169.6  24.9
060420262143  1.532  5.6  213.9  7.6  0.65  175.6  24.9
060420262144  1.535  5.5  214.2  7.6  0.70  172.5  24.9
060420262145  1.540  5.4  214.4  7.6  0.70  173.5  24.9
060420262146  1.542  5.3  214.5  7.1  0.72  171.8  24.9
060420262147  1.546  5.2  214.9  7.1  0.72  174.6  24.9
060420262148  1.548  5.0  215.2  6.6  0.67  172.6  24.9
060420262149  1.550  5.0  215.9  6.6  0.65  176.0  24.9
060420262150  1.553  4.9  216.5  6.6  0.75  177.1  24.9
060420262151  1.556  5.0  217.0  6.6  0.79  175.5  24.9
060420262152  1.560  4.9  217.3  6.6  0.69  172.4  24.9
060420262153  1.562  4.8  216.4  6.6  0.77  176.1  24.9
060420262154  1.565  4.7  215.4  6.6  0.64  173.8  24.9
060420262155  1.566  4.6  214.7  6.6  0.71  169.7  24.9
060420262156  1.569  4.5  214.5  6.0  0.68  171.9  24.9
060420262157  1.570  4.4  214.3  6.0  0.64  169.9  24.9
060420262158  1.571  4.4  215.0  6.0  0.80  171.7  24.9
060420262159  1.573  4.5  215.3  6.0  0.62  169.9  24.9
060420262200  1.574  4.5  215.0  6.0  0.66  173.2  24.9
060420262201  1.574  4.5  214.5  6.0  0.61  171.8  24.9
060420262202  1.575  4.6  214.2  6.0  0.68  170.7  24.9
060420262203  1.576  4.7  214.8  6.0  0.69  174.2  24.9
060420262204  1.577  4.8  215.5  6.0  0.57  177.3  24.9
060420262205  1.578  4.8  216.2  5.8  0.58  172.3  24.9
060420262206  1.578  4.9  216.1  5.8  0.67  175.8  24.9
060420262207  1.578  4.9  216.1  5.8  0.61  168.8  24.9
060420262208  1.579  4.9  215.3  5.8  0.62  171.1  24.9
060420262209  1.579  4.9  215.5  5.8  0.67  169.5  24.9
060420262210  1.578  4.9  216.2  5.8  0.65  171.1  24.9
060420262211  1.579  4.8  216.9  5.7  0.69  176.8  24.9
060420262212  1.579  4.8  217.8  5.7  0.60  173.8  24.9
060420262213  1.579  4.8  218.3  5.7  0.63  172.3  24.9
060420262214  1.579  4.8  218.9  5.8  0.54  162.2  24.9
060420262215  1.578  4.8  218.7  5.8  0.64  169.5  24.9
060420262216  1.579  4.8  218.8  5.8  0.61  168.0  24.9
060420262217  1.579  4.7  218.5  5.8  0.56  161.8  24.9
060420262218  1.580  4.7  218.7  5.8  0.60  172.9  24.9
060420262219  1.581  4.6  217.2  5.8  0.55  169.4  24.9
060420262220  1.582  4.7  216.0  5.8  0.61  170.7  24.9
060420262221  1.582  4.6  215.4  5.8  0.45  168.0  24.9
060420262222  1.582  4.6  214.2  5.8  0.68  176.8  24.9
060420262223  1.583  4.6  213.9  5.8  0.57  173.0  24.9
060420262224  1.586  4.6  214.0  5.7  0.53  167.1  24.9
060420262225  1.585  4.6  215.1  5.7  0.58  170.3  24.9
060420262226  1.587  4.7  216.3  5.8  0.48  164.0  24.9
060420262227  1.589  4.7  216.8  5.8  0.51  168.2  24.9
060420262228  1.588  4.7  216.8  5.8  0.41  175.2  24.9
060420262229  1.589  4.8  217.9  5.8  0.56  173.3  24.9
060420262230  1.591  4.8  218.4  5.8  0.50  168.9  24.9
060420262231  1.593  4.8  218.2  5.8  0.44  165.9  24.9
060420262232  1.595  4.9  219.1  5.8  0.52  165.3  24.9
060420262233  1.598  4.9  220.0  5.8  0.45  172.1  24.9
060420262234  1.599  4.9  220.3  5.8  0.59  176.3  24.9
060420262235  1.600  4.9  220.2  5.8  0.49  167.9  24.9
060420262236  1.602  4.9  220.6  5.8  0.65  178.8  24.9
060420262237  1.603  4.9  221.1  5.8  0.42  176.2  24.9
060420262238  1.605  5.0  221.7  6.4  0.55  175.4  24.9
060420262239  1.607  5.1  221.7  6.4  0.51  170.9  24.9
060420262240  1.610  5.1  222.0  6.4  0.47  176.4  24.9
060420262241  1.610  5.1  223.1  6.4  0.55  174.8  24.9
060420262242  1.612  5.1  223.0  6.4  0.46  170.7  24.9
060420262243  1.614  5.1  222.9  6.4  0.60  171.0  24.9
060420262244  1.616  5.1  222.1  6.4  0.55  174.4  24.9
060420262245  1.616  5.1  221.8  6.4  0.51  169.9  24.9
060420262246  1.620  5.0  220.5  6.4  0.58  172.4  24.9
060420262247  1.621  5.0  218.9  6.4  0.45  171.2  24.9
060420262248  1.624  5.0  217.4  6.2  0.42  166.3  24.9
060420262249  1.624  4.9  216.4  6.2  0.43  172.3  24.9
060420262250  1.626  4.9  215.5  6.2  0.48  173.9  24.9
060420262251  1.628  4.8  214.4  5.5  0.46  176.9  24.9
060420262252  1.630  4.8  213.4  5.5  0.59  174.4  24.9
060420262253  1.631  4.8  212.1  5.5  0.36  164.7  24.9
060420262254  1.631  4.9  212.0  5.5  0.40  174.7  24.9
060420262255  1.631  4.8  211.3  5.5  0.49  167.6  24.9
060420262256  1.632  4.8  210.9  5.5  0.34  173.8  24.9
060420262257  1.634  4.8  211.8  5.3  0.48  173.7  24.9
060420262258  1.635  4.7  212.2  5.3  0.49  177.8  24.9
060420262259  1.636  4.6  212.5  5.3  0.43  171.6  24.9
060420262300  1.634  4.6  212.9  5.3  0.40  179.7  24.9
060420262301  1.635  4.6  213.7  5.3  0.50  176.2  24.9
060420262302  1.633  4.5  214.3  5.3  0.41  177.1  24.9
060420262303  1.635  4.4  215.5  5.2  0.45  175.1  24.9
060420262304  1.637  4.4  216.4  5.2  0.55  179.0  24.9
060420262305  1.638  4.4  217.2  5.2  0.48  178.0  24.9
060420262306  1.638  4.5  218.5  5.2  0.48  179.7  24.9
060420262307  1.639  4.5  218.7  5.2  0.42  168.5  24.9
060420262308  1.639  4.5  219.2  5.2  0.46  179.0  24.9
060420262309  1.640  4.6  219.5  5.2  0.52  179.4  24.9
060420262310  1.641  4.7  219.9  5.6  0.43  176.3  24.9
060420262311  1.642  4.7  219.6  5.6  0.28  179.2  24.9
060420262312  1.643  4.8  220.0  5.6  0.36  165.1  24.9
060420262313  1.644  4.9  220.0  5.7  0.50  176.2  24.9
060420262314  1.645  5.0  219.5  5.7  0.52  176.5  24.9
060420262315  1.645  5.1  219.0  5.7  0.58  177.9  24.9
060420262316  1.646  5.1  218.1  5.7  0.41  169.3  24.9
060420262317  1.646  5.1  217.8  5.7  0.45  178.3  24.9
060420262318  1.646  5.1  216.9  5.7  0.52  167.5  24.9
060420262319  1.646  5.1  216.2  5.7  0.46  169.8  24.9
060420262320  1.646  5.1  215.2  5.7  0.45  178.0  24.9
060420262321  1.645  5.1  214.6  5.7  0.40  173.7  24.9
060420262322  1.644  5.1  214.0  5.7  0.36  172.7  24.9
060420262323  1.643  5.1  213.2  5.6  0.39  169.6  24.9
060420262324  1.642  5.0  213.1  5.6  0.49  173.8  24.9
060420262325  1.640  5.0  213.0  5.6  0.42  172.6  24.9
060420262326  1.640  5.0  213.1  5.6  0.35  163.2  24.9
060420262327  1.639  5.1  212.7  5.6  0.31  171.7  24.9
060420262328  1.639  5.0  212.3  5.6  0.33  173.5  24.9
060420262329  1.636  5.1  212.5  5.8  0.38  168.6  24.9
060420262330  1.636  5.1  212.9  5.8  0.33  178.6  24.9
060420262331  1.635  5.1  213.3  5.8  0.32  181.2  24.9
060420262332  1.633  5.1  213.3  5.8  0.35  184.5  24.9
060420262333  1.632  5.2  213.7  5.8  0.24  166.1  24.9
060420262334  1.632  5.2  213.7  5.8  0.31  174.0  24.9
060420262335  1.631  5.2  213.9  5.8  0.33  171.2  24.9
060420262336  1.629  5.2  214.0  5.8  0.37  181.8  24.9
060420262337  1.627  5.2  214.2  5.8  0.29  165.3  24.9
060420262338  1.627  5.2  214.0  5.8  0.21  173.2  24.9
060420262339  1.626  5.2  213.6  5.8  0.18  169.8  24.9
060420262340  1.624  5.2  212.4  5.8  0.21  167.2  24.9
060420262341  1.622  5.2  211.2  5.8  0.23  162.8  24.9
060420262342  1.620  5.2  210.1  5.8  0.25  155.3  24.9
060420262343  1.616  5.1  208.3  5.8  0.25  158.5  24.9
060420262344  1.613  5.1  206.9  5.8  0.30  159.6  24.9
060420262345  1.611  5.1  205.3  5.8  0.26  153.0  24.9
060420262346  1.607  5.1  204.1  5.8  0.24  145.0  24.9
060420262347  1.603  5.1  203.3  6.1  0.21  157.8  24.9
060420262348  1.599  5.2  203.6  6.1  0.30  148.9  24.9
060420262349  1.595  5.2  203.8  6.1  0.33  165.4  24.9
060420262350  1.591  5.2  204.5  6.1  0.19  135.9  24.9
060420262351  1.587  5.2  205.5  6.1  0.17  143.1  24.9
060420262352  1.583  5.2  206.8  6.1  0.12  142.5  24.9
060420262353  1.579  5.2  208.3  6.1  0.11  145.0  24.9
060420262354  1.577  5.1  209.8  6.1  0.17  127.5  24.9
060420262355  1.572  5.1  211.4  6.1  0.23  163.0  24.9
060420262356  1.570  5.1  212.9  6.1  0.17  111.4  24.9
060420262357  1.567  5.0  213.9  6.0  0.12  107.2  24.9
060420262358  1.564  5.0  214.3  6.0  0.25  158.0  24.9
060420262359  1.562  4.9  215.0  5.8  0.13  143.2  24.9
070420260000  1.560  4.9  215.6  5.8  0.20  168.6  24.9
070420260001  1.557  4.8  215.7  5.5  0.23  166.7  24.9
070420260002  1.554  4.9  215.6  5.5  0.18  162.0  24.9
070420260003  1.553  4.9  215.3  5.8  0.16  168.7  24.9
070420260004  1.552  5.0  214.6  5.8  0.14  101.6  24.9
070420260005  1.550  5.1  213.9  6.1  0.17  137.8  24.9
070420260006  1.550  5.2  213.1  6.1  0.12  103.6  24.9
070420260007  1.548  5.3  212.2  6.1  0.11  101.0  24.9
070420260008  1.547  5.3  211.1  6.1  0.10  140.1  24.9
070420260009  1.545  5.4  210.0  6.1  0.12  122.0  25.0
070420260010  1.544  5.5  209.1  6.1  0.12  58.8  25.0
070420260011  1.541  5.5  208.1  6.1  0.09  155.3  25.0
070420260012  1.540  5.5  206.6  6.1  0.11  138.7  25.0
070420260013  1.539  5.5  205.7  6.1  0.25  164.0  25.0
070420260014  1.536  5.5  205.2  6.1  0.15  168.7  25.0
070420260015  1.534  5.4  204.4  6.1  0.09  145.0  25.0
070420260016  1.532  5.4  203.5  6.1  0.15  182.7  24.9
070420260017  1.530  5.3  203.0  6.1  0.18  167.0  24.9
070420260018  1.526  5.2  202.8  6.1  0.12  159.8  24.9
070420260019  1.523  5.2  202.8  6.1  0.07  152.1  24.9
070420260020  1.521  5.2  202.4  6.1  0.09  130.5  25.0
070420260021  1.518  5.2  202.5  6.1  0.19  146.2  25.0
070420260022  1.516  5.2  203.3  6.1  0.07  135.9  25.0
070420260023  1.514  5.2  203.7  6.1  0.20  170.7  25.0
070420260024  1.514  5.3  204.2  6.1  0.16  180.3  25.0
070420260025  1.509  5.3  204.5  6.3  0.12  204.5  25.0
070420260026  1.507  5.4  205.4  6.3  0.18  206.5  25.0
070420260027  1.505  5.4  206.5  6.3  0.16  192.1  25.0
070420260028  1.504  5.5  207.3  6.3  0.03  69.7  24.9
070420260029  1.501  5.5  207.9  6.3  0.05  118.4  24.9
070420260030  1.500  5.6  209.0  6.3  0.06  79.2  24.9
070420260031  1.501  5.6  209.3  6.3  0.09  74.5  24.9
070420260032  1.499  5.6  209.2  6.3  0.11  359.9  24.9
070420260033  1.498  5.6  209.3  6.3  0.06  77.8  24.9
070420260034  1.497  5.6  208.9  6.3  0.12  109.5  25.0
070420260035  1.496  5.5  208.6  6.2  nan  nan  nan
070420260036  1.494  5.5  208.0  6.2  0.09  73.4  25.0
070420260037  1.492  5.5  207.6  6.2  0.14  35.2  25.0
070420260038  1.490  5.5  207.3  6.2  0.11  62.0  25.0
070420260039  1.489  5.5  206.6  6.2  0.09  155.3  25.0
070420260040  1.486  5.5  206.0  6.2  0.05  35.5  25.0
070420260041  1.485  5.5  205.6  6.2  0.06  12.0  25.0
070420260042  1.483  5.5  206.0  6.4  0.03  64.5  25.0
070420260043  1.482  5.5  205.5  6.4  0.07  24.8  25.0
070420260044  1.480  5.6  205.4  6.4  0.11  44.5  25.0
070420260045  1.478  5.6  205.5  6.4  0.02  170.0  25.0
070420260046  1.475  5.6  206.2  6.4  0.07  30.0  25.0
070420260047  1.474  5.6  206.7  6.4  0.04  62.1  25.0
070420260048  1.470  5.7  207.5  6.4  0.09  10.0  25.0
070420260049  1.468  5.7  208.7  6.4  0.10  169.7  25.0
070420260050  1.465  5.7  209.7  6.7  0.13  24.7  25.0
070420260051  1.462  5.8  210.8  6.7  0.09  356.8  25.0
070420260052  1.458  5.8  211.2  6.7  0.08  15.3  25.0
070420260053  1.456  5.8  212.6  6.7  0.07  343.4  25.0
070420260054  1.452  5.8  213.7  6.7  0.17  11.3  25.0
070420260055  1.449  5.8  214.8  6.7  0.13  7.4  25.0
070420260056  1.446  5.7  215.6  6.7  0.15  7.8  25.0
070420260057  1.443  5.7  216.2  6.7  0.08  297.6  25.0
070420260058  1.440  5.6  216.3  6.7  0.08  350.6  25.0
070420260059  1.437  5.6  216.7  6.7  0.15  2.6  25.0
070420260100  1.435  5.5  217.0  6.7  0.08  8.6  25.0
070420260101  1.431  5.4  217.3  6.5  0.04  10.0  25.0
070420260102  1.428  5.3  217.3  6.5  0.14  356.0  25.0
070420260103  1.425  5.3  217.3  6.3  0.08  351.1  25.0
070420260104  1.423  5.3  217.2  6.3  0.19  6.0  25.0
070420260105  1.421  5.4  217.4  6.4  0.18  3.1  25.0
070420260106  1.418  5.4  217.2  6.4  0.17  356.1  25.0
070420260107  1.414  5.4  217.1  6.4  0.18  11.9  25.0
070420260108  1.410  5.5  217.1  6.5  0.14  30.2  25.0
070420260109  1.405  5.6  216.5  6.7  0.15  351.6  25.0
070420260110  1.401  5.8  216.0  6.9  0.09  330.2  25.0
070420260111  1.399  5.8  215.5  6.9  0.17  358.4  25.0
070420260112  1.394  5.9  215.1  6.9  0.17  345.2  25.0
070420260113  1.391  5.9  214.3  6.9  0.31  3.8  25.0
070420260114  1.387  5.9  213.6  6.9  0.28  7.2  25.0
070420260115  1.383  5.9  212.5  6.9  0.23  340.4  25.0
070420260116  1.378  5.9  211.4  6.9  0.20  357.0  25.0
070420260117  1.374  5.9  210.1  6.9  0.30  5.9  24.9
070420260118  1.370  5.8  209.2  6.9  0.44  6.2  24.9
070420260119  1.366  5.8  208.9  6.9  0.34  9.7  24.9
070420260120  1.362  5.8  208.8  6.4  0.33  10.0  24.9
070420260121  1.357  5.8  208.9  6.4  0.38  7.7  24.9
070420260122  1.352  5.8  209.7  6.4  0.36  3.7  24.9
070420260123  1.347  5.8  210.5  6.4  0.46  5.1  24.9
070420260124  1.342  5.7  211.4  6.4  0.46  2.7  24.9
070420260125  1.336  5.7  212.0  6.4  0.43  7.9  24.9
070420260126  1.330  5.6  213.2  6.4  0.42  11.1  24.9
070420260127  1.325  5.6  214.4  6.4  0.42  7.1  24.9
070420260128  1.319  5.6  215.3  6.4  0.58  8.3  24.9
070420260129  1.314  5.6  215.5  6.4  0.52  4.9  24.9
070420260130  1.310  5.6  215.5  6.4  0.55  1.1  24.9
070420260131  1.305  5.6  215.3  6.3  0.59  3.6  24.9
070420260132  1.300  5.5  214.8  6.3  0.52  4.4  24.9
070420260133  1.294  5.5  213.7  6.3  0.48  5.6  24.9
070420260134  1.289  5.5  213.0  6.3  0.59  7.0  24.9
070420260135  1.284  5.5  212.7  6.3  0.54  3.8  24.9
070420260136  1.278  5.6  212.5  6.3  0.51  1.9  24.9
070420260137  1.275  5.5  212.4  6.3  0.61  1.1  24.9
070420260138  1.268  5.5  212.4  6.3  0.53  9.2  24.9
070420260139  1.265  5.5  213.0  6.3  0.50  6.0  24.9
070420260140  1.260  5.5  213.4  6.2  0.67  8.8  24.9
070420260141  1.255  5.5  213.4  6.2  0.61  9.6  24.9
070420260142  1.250  5.4  213.8  6.2  0.61  9.6  24.9
070420260143  1.246  5.4  213.6  6.2  0.64  12.1  24.9
070420260144  1.241  5.4  213.1  6.2  0.62  16.6  24.9
070420260145  1.237  5.4  212.3  6.4  0.70  11.6  24.9
070420260146  1.233  5.4  211.0  6.4  0.68  12.0  24.9
070420260147  1.229  5.4  210.6  6.4  0.62  21.0  24.9
070420260148  1.226  5.4  210.1  6.4  0.67  19.3  24.9
070420260149  1.222  5.5  209.1  6.4  0.54  16.0  24.9
070420260150  1.219  5.4  208.6  6.4  0.52  13.6  24.9
070420260151  1.215  5.6  208.7  6.7  0.60  17.1  24.9
070420260152  1.213  5.6  208.4  6.7  0.73  14.2  24.9
070420260153  1.211  5.7  208.7  6.8  0.57  13.7  24.9
070420260154  1.207  5.8  209.2  7.1  0.60  15.4  24.9
070420260155  1.205  5.9  209.9  7.1  0.65  16.3  24.9
070420260156  1.205  6.0  210.8  7.1  0.79  13.2  24.9
070420260157  1.202  6.1  210.7  7.1  0.62  14.7  24.9
070420260158  1.200  6.1  210.4  7.2  0.66  14.4  24.9
070420260159  1.199  6.2  210.3  7.2  0.70  12.2  24.9
070420260200  1.197  6.2  209.9  7.2  0.74  17.3  24.9
070420260201  1.195  6.2  209.3  7.2  0.67  15.6  24.9
070420260202  1.193  6.1  208.7  7.2  0.73  11.2  24.9
070420260203  1.193  6.1  208.5  7.2  0.65  10.2  24.9
070420260204  1.192  6.0  208.4  7.2  0.66  10.7  24.9
070420260205  1.190  6.0  208.2  7.2  0.68  9.8  24.9
070420260206  1.189  5.9  207.9  7.2  0.53  14.0  24.9
070420260207  1.187  5.9  207.4  7.2  0.78  11.7  24.9
070420260208  1.184  5.8  206.9  6.9  0.65  9.5  24.9
070420260209  1.181  5.7  206.7  6.6  0.49  12.3  24.9
070420260210  1.179  5.7  207.1  6.6  0.65  10.2  24.9
070420260211  1.177  5.6  207.7  6.6  0.54  12.3  24.9
070420260212  1.175  5.7  208.7  7.1  0.64  14.6  24.9
070420260213  1.172  5.7  209.8  7.1  0.69  9.0  24.9
070420260214  1.169  5.8  210.7  7.1  0.55  10.8  24.9
070420260215  1.167  5.7  211.5  7.1  0.53  9.2  24.9
070420260216  1.166  5.8  211.8  7.1  0.56  6.2  24.9
070420260217  1.163  5.7  212.3  7.1  0.58  5.2  24.9
070420260218  1.160  5.7  212.4  7.1  0.53  11.5  24.9
070420260219  1.156  5.8  212.2  7.1  0.59  9.6  24.9
070420260220  1.154  5.8  211.7  7.1  0.60  14.6  24.9
070420260221  1.151  5.8  211.2  7.1  0.68  12.4  24.9
070420260222  1.149  5.8  210.3  7.0  0.62  9.5  24.9
070420260223  1.147  5.7  208.7  6.6  0.49  7.7  24.9
070420260224  1.143  5.6  207.8  6.6  0.65  12.2  24.9
070420260225  1.141  5.6  206.7  6.3  0.63  14.8  24.9
070420260226  1.138  5.6  205.8  6.4  0.47  16.1  24.9
070420260227  1.135  5.6  204.8  6.4  0.62  15.9  24.9
070420260228  1.132  5.6  204.3  6.4  0.59  20.6  24.9
070420260229  1.130  5.6  204.7  6.4  0.59  18.0  24.9
070420260230  1.126  5.6  204.3  6.5  0.59  17.6  24.9
070420260231  1.122  5.6  204.1  6.5  0.62  20.2  24.9
070420260232  1.119  5.6  204.1  6.5  0.66  20.7  24.9
070420260233  1.117  5.6  204.6  6.7  0.59  22.3  24.9
070420260234  1.112  5.6  204.3  6.7  0.53  24.3  24.9
070420260235  1.110  5.6  204.5  6.7  0.62  19.1  24.9
070420260236  1.105  5.6  204.2  6.7  0.66  16.8  24.9
070420260237  1.101  5.6  204.9  6.7  0.53  24.3  24.9
070420260238  1.097  5.5  205.6  6.7  0.52  23.5  24.9
070420260239  1.093  5.5  205.3  6.7  0.65  27.2  24.8
070420260240  1.089  5.4  205.0  6.7  0.57  21.0  24.8
070420260241  1.085  5.4  204.4  6.7  0.66  16.1  24.8
070420260242  1.081  5.5  203.5  6.7  0.64  19.6  24.8
070420260243  1.077  5.4  202.8  6.3  nan  nan  nan
070420260244  1.074  5.5  202.3  6.8  0.61  14.4  24.8
070420260245  1.069  5.5  202.1  6.9  nan  nan  nan
070420260246  1.064  5.5  202.3  6.9  nan  nan  nan
070420260247  1.061  5.5  202.3  6.9  nan  nan  nan
070420260248  1.057  5.6  201.9  6.9  nan  nan  nan
070420260249  1.052  5.6  202.0  6.9  nan  nan  nan
070420260250  1.049  5.6  202.6  6.9  0.69  16.8  24.8
070420260251  1.044  5.6  203.2  6.9  nan  nan  nan
070420260252  1.041  5.6  203.6  6.9  nan  nan  nan
070420260253  1.037  5.6  204.0  6.9  nan  nan  nan
070420260254  1.033  5.5  204.5  6.9  nan  nan  nan
070420260255  1.029  5.5  204.6  6.4  0.66  16.1  24.8
070420260256  1.024  5.5  205.2  6.4  0.64  13.5  24.8
070420260257  1.020  5.5  205.5  6.4  nan  nan  nan
070420260258  1.016  5.4  206.3  6.4  nan  nan  nan
070420260259  1.011  5.4  206.4  6.2  0.71  16.9  24.8
070420260300  1.005  5.4  207.1  6.2  nan  nan  nan
070420260301  1.001  5.4  207.3  6.2  0.59  16.6  24.8
070420260302  0.995  5.4  208.3  6.2  0.60  18.3  24.0
070420260303  0.990  5.4  209.0  6.2  nan  nan  nan
070420260304  0.985  5.5  209.1  6.2  0.73  16.6  24.8
070420260305  0.980  5.5  209.4  6.2  0.67  15.5  24.8
070420260306  0.976  5.5  209.4  6.2  nan  nan  nan
070420260307  0.971  5.4  209.3  6.2  nan  nan  nan
070420260308  0.967  5.4  208.7  6.2  nan  nan  nan
070420260309  0.963  5.4  208.2  6.2  0.71  14.7  24.8
070420260310  0.958  5.3  207.3  6.0  nan  nan  nan
070420260311  0.953  5.2  207.2  6.0  0.60  17.8  24.8
070420260312  0.950  5.2  206.5  6.0  0.70  14.2  24.8
070420260313  0.946  5.2  206.0  6.0  0.78  11.4  24.8
070420260314  0.941  5.1  205.9  6.0  0.73  14.0  24.8
070420260315  0.937  5.1  205.8  5.8  nan  nan  nan
070420260316  0.932  5.1  206.4  5.8  0.68  14.9  24.8
070420260317  0.929  5.1  207.0  5.8  nan  nan  nan
070420260318  0.925  5.1  207.9  5.8  nan  nan  nan
070420260319  0.924  5.1  208.5  5.8  nan  nan  nan
070420260320  0.919  5.0  209.3  5.8  nan  nan  nan
070420260321  0.916  5.0  209.6  5.8  nan  nan  nan
070420260322  0.912  5.0  210.1  5.8  0.76  16.2  24.8
070420260323  0.908  4.9  209.8  5.8  nan  nan  nan
070420260324  0.905  4.9  209.7  5.8  0.64  20.1  24.8
070420260325  0.902  4.9  209.2  5.8  nan  nan  nan
070420260326  0.898  4.8  208.4  5.6  nan  nan  nan
070420260327  0.894  4.8  207.6  5.6  nan  nan  nan
070420260328  0.892  4.8  206.4  5.6  nan  nan  nan
070420260329  0.890  4.7  205.1  5.6  0.65  15.9  24.8
070420260330  0.886  4.7  204.2  5.6  0.63  17.7  24.8
070420260331  0.883  4.7  203.1  5.6  nan  nan  nan
070420260332  0.881  4.7  202.3  5.6  nan  nan  nan
070420260333  0.877  4.7  201.8  5.6  nan  nan  nan
070420260334  0.874  4.7  200.8  5.6  0.61  16.0  24.8
070420260335  0.872  4.7  199.6  5.6  nan  nan  nan
070420260336  0.869  4.7  198.2  5.6  0.70  9.4  24.8
070420260337  0.868  4.8  197.0  5.6  nan  nan  nan
070420260338  0.864  4.8  196.2  5.7  0.64  17.5  24.8
070420260339  0.862  4.9  196.0  5.9  nan  nan  nan
070420260340  0.860  5.1  195.4  6.2  nan  nan  nan
070420260341  0.858  5.1  196.2  6.2  0.62  17.7  24.8
070420260342  0.857  5.3  196.3  6.2  nan  nan  nan
070420260343  0.856  5.4  196.5  6.3  nan  nan  nan
070420260344  0.855  5.5  197.6  6.3  nan  nan  nan
070420260345  0.855  5.6  199.1  7.0  0.56  16.4  24.8
070420260346  0.854  5.6  201.2  7.0  0.52  16.9  24.8
070420260347  0.852  5.7  203.5  7.0  0.66  18.2  24.8
070420260348  0.852  5.7  205.2  7.0  0.59  18.2  24.8
070420260349  0.850  5.8  207.3  7.1  0.63  12.7  24.8
070420260350  0.850  5.8  208.8  7.1  0.48  14.6  24.8
070420260351  0.849  5.8  208.5  7.1  0.48  13.7  24.8
070420260352  0.847  5.7  208.1  7.1  0.58  14.4  24.8
070420260353  0.846  5.6  208.4  7.1  0.61  21.3  24.8
070420260354  0.844  5.4  207.6  7.1  0.46  16.6  24.8
070420260355  0.842  5.3  207.5  7.1  0.47  21.0  24.8
070420260356  0.840  5.1  206.7  7.1  0.49  15.7  24.8
070420260357  0.839  4.9  205.4  7.1  0.61  13.6  24.8
070420260358  0.836  4.9  205.3  7.1  0.51  17.6  24.8
070420260359  0.833  4.8  205.3  6.9  0.45  15.7  24.8
070420260400  0.831  4.8  205.5  6.9  0.55  18.0  24.8
070420260401  0.829  4.8  207.5  6.9  0.56  16.2  24.8
070420260402  0.826  4.9  209.8  6.9  0.51  13.5  24.8
070420260403  0.824  5.1  211.6  7.3  0.62  16.0  24.8
070420260404  0.821  5.3  213.4  8.1  0.51  19.5  24.8
070420260405  0.819  5.4  213.8  8.1  0.44  16.6  24.8
070420260406  0.817  5.6  214.2  8.1  0.56  15.8  24.8
070420260407  0.815  5.8  214.4  8.1  0.58  15.2  24.8
070420260408  0.813  5.9  214.0  8.1  0.40  14.5  24.8
070420260409  0.811  5.9  213.1  8.1  0.43  21.8  24.8
070420260410  0.808  6.0  212.9  8.1  0.53  16.1  24.8
070420260411  0.806  6.0  211.8  8.1  0.50  20.6  24.8
070420260412  0.805  6.0  211.1  8.1  0.58  18.8  24.8
070420260413  0.802  6.0  210.3  8.1  0.56  14.2  24.8
070420260414  0.800  5.9  210.0  7.3  0.51  20.7  24.8
070420260415  0.799  5.9  209.7  7.3  0.51  20.4  24.8
070420260416  0.796  6.0  210.3  7.3  0.57  21.2  24.8
070420260417  0.792  5.9  210.9  7.1  0.62  13.1  24.8
070420260418  0.791  5.9  212.1  7.1  0.48  21.5  24.8
070420260419  0.790  5.9  213.3  7.4  0.55  18.9  24.8
070420260420  0.787  5.9  214.0  7.4  0.61  13.3  24.8
070420260421  0.785  5.9  214.7  7.4  0.53  14.6  24.8
070420260422  0.784  6.0  215.5  7.4  0.52  17.6  24.8
070420260423  0.780  6.0  216.4  7.4  0.51  14.1  24.8
070420260424  0.779  6.0  217.1  7.4  0.63  17.1  24.8
070420260425  0.777  5.9  217.3  7.4  0.63  16.6  24.8
070420260426  0.775  5.8  218.2  7.4  0.66  15.6  24.8
070420260427  0.774  5.6  218.4  7.4  0.51  18.5  24.8
070420260428  0.771  5.5  218.0  7.4  0.47  20.3  24.8
070420260429  0.769  5.5  218.3  7.4  0.49  15.7  24.8
070420260430  0.768  5.4  218.7  7.4  0.59  11.5  24.8
070420260431  0.764  5.2  219.9  7.4  0.44  15.9  24.8
070420260432  0.760  5.1  220.2  6.9  0.52  13.0  24.8
070420260433  0.757  4.9  220.7  6.4  0.50  13.6  24.8
070420260434  0.755  4.9  221.2  6.4  0.48  18.4  24.8
070420260435  0.751  4.9  222.7  6.5  0.60  18.4  24.8
070420260436  0.749  5.0  222.6  7.1  0.52  21.7  24.8
070420260437  0.745  5.2  223.2  7.5  0.55  14.5  24.8
070420260438  0.742  5.5  223.4  8.4  0.52  14.3  24.8
070420260439  0.738  5.6  222.7  8.4  0.51  18.6  24.8
070420260440  0.736  5.9  221.6  8.4  0.55  11.4  24.8
070420260441  0.731  6.0  219.9  8.4  0.60  13.3  24.8
070420260442  0.729  6.1  219.0  8.4  0.60  22.1  24.8
070420260443  0.727  6.1  217.9  8.4  0.57  18.2  24.8
070420260444  0.725  6.2  216.9  8.4  0.53  16.1  24.8
070420260445  0.721  6.3  215.8  8.4  0.52  14.5  24.8
070420260446  0.719  6.2  215.0  8.4  0.52  19.3  24.8
070420260447  0.716  6.2  214.3  8.4  0.59  20.6  24.8
070420260448  0.712  6.1  214.3  7.9  0.54  14.6  24.8
070420260449  0.710  6.1  214.8  7.9  0.58  13.1  24.8
070420260450  0.707  6.1  215.3  8.2  0.65  15.4  24.8
070420260451  0.703  6.2  216.4  8.2  0.43  20.6  24.8
070420260452  0.701  6.3  217.9  8.2  0.52  20.9  24.8
070420260453  0.697  6.5  218.5  8.2  0.46  19.4  24.8
070420260454  0.694  6.6  218.9  8.9  0.45  15.9  24.8
070420260455  0.691  6.8  219.1  8.9  0.60  14.1  24.8
070420260456  0.689  7.0  219.0  8.9  0.62  19.6  24.8
070420260457  0.687  7.1  219.0  8.9  0.57  18.5  24.8
070420260458  0.685  7.1  218.6  8.9  0.58  16.8  24.8
070420260459  0.683  7.2  218.2  8.9  0.60  18.4  24.8
070420260500  0.681  7.0  218.3  8.9  0.68  15.3  24.8
070420260501  0.680  7.0  218.5  8.9  0.63  13.9  24.7
070420260502  0.679  6.9  217.3  8.9  0.60  16.4  24.7
070420260503  0.679  6.8  217.5  8.9  0.49  20.8  24.8
070420260504  0.679  6.7  217.9  8.5  0.60  17.9  24.8
070420260505  0.679  6.5  218.2  8.5  0.56  20.1  24.8
070420260506  0.679  6.4  218.7  8.5  0.52  17.5  24.7
070420260507  0.677  6.3  219.2  8.5  0.56  13.6  24.7
070420260508  0.677  6.2  219.3  8.5  0.57  22.1  24.7
070420260509  0.677  6.1  219.7  8.5  0.52  18.4  24.7
070420260510  0.676  6.1  219.8  8.5  0.56  16.9  24.7
070420260511  0.675  6.0  219.7  8.5  0.62  17.2  24.7
070420260512  0.675  6.1  220.9  8.6  0.53  21.1  24.7
070420260513  0.674  6.1  221.0  8.6  0.47  20.1  24.7
070420260514  0.674  6.2  220.5  8.6  0.46  25.3  24.7
070420260515  0.674  6.2  220.2  8.6  0.47  23.0  24.7
070420260516  0.675  6.2  220.3  8.6  0.36  28.9  24.7
070420260517  0.676  6.3  219.6  8.6  0.51  26.4  24.7
070420260518  0.677  6.4  219.9  8.8  0.50  19.6  24.7
070420260519  0.678  6.5  219.5  8.8  0.38  23.7  24.7
070420260520  0.679  6.6  218.6  8.8  0.48  20.5  24.7
070420260521  0.680  6.7  219.0  8.8  0.31  17.9  24.7
070420260522  0.680  6.7  218.9  8.8  0.43  25.2  24.7
070420260523  0.681  6.7  219.0  8.8  0.40  27.6  24.7
070420260524  0.683  6.8  219.5  8.8  0.36  28.8  24.7
070420260525  0.684  6.9  219.3  8.8  0.53  23.2  24.7
070420260526  0.685  7.1  219.4  9.6  0.38  31.0  24.7
070420260527  0.686  7.2  220.1  9.6  0.37  21.2  24.7
070420260528  0.687  7.2  220.2  9.6  0.38  15.5  24.7
070420260529  0.689  7.3  220.1  9.6  0.48  13.3  24.7
070420260530  0.691  7.4  221.0  9.6  0.55  9.2  24.7
070420260531  0.692  7.4  220.6  9.6  0.48  13.2  24.7
070420260532  0.691  7.4  219.7  9.6  0.47  7.4  24.7
070420260533  0.692  7.4  219.3  9.6  0.32  3.8  24.7
070420260534  0.692  7.4  218.9  9.6  0.31  358.2  24.7
070420260535  0.693  7.3  219.6  9.6  0.46  1.5  24.7
070420260536  0.693  7.3  220.2  8.7  0.37  0.9  24.7
070420260537  0.695  7.1  219.9  8.7  0.33  358.9  24.7
070420260538  0.696  7.1  219.8  8.6  0.33  0.3  24.7
070420260539  0.697  7.0  221.2  8.6  0.37  357.8  24.7
070420260540  0.697  6.8  221.8  8.6  0.26  351.2  24.7
070420260541  0.697  6.8  222.8  8.7  0.38  352.6  24.7
070420260542  0.697  6.8  224.0  8.7  0.39  1.6  24.7
070420260543  0.697  7.0  224.9  9.3  0.39  348.6  24.7
070420260544  0.696  7.1  225.3  9.3  0.31  352.3  24.7
070420260545  0.697  7.1  225.2  9.3  0.29  351.1  24.7
070420260546  0.696  7.0  225.2  9.3  0.41  356.0  24.7
070420260547  0.694  7.1  226.1  9.3  0.34  345.1  24.7
070420260548  0.695  7.0  226.9  9.3  0.28  356.2  24.7
070420260549  0.694  7.0  226.3  9.3  0.51  354.2  24.7
070420260550  0.694  7.2  226.0  9.3  0.23  325.7  24.7
070420260551  0.692  7.2  225.8  9.3  0.30  356.7  24.7
070420260552  0.693  7.1  226.0  9.3  0.31  359.2  24.7
070420260553  0.694  6.9  226.0  8.9  0.25  356.7  24.7
070420260554  0.694  6.8  226.4  8.9  0.48  354.2  24.7
070420260555  0.694  6.8  226.5  8.9  0.37  358.0  24.7
070420260556  0.694  6.8  226.7  8.9  0.43  346.0  24.7
070420260557  0.695  6.7  226.9  8.9  0.37  351.2  24.7
070420260558  0.695  6.7  226.2  8.9  0.43  354.0  24.7
070420260559  0.694  6.7  225.8  8.9  0.36  355.0  24.7
070420260600  0.696  6.5  225.8  8.6  0.39  348.3  24.7
070420260601  0.698  6.4  224.3  8.4  0.39  360.0  24.7
070420260602  0.697  6.4  223.5  8.4  0.44  1.6  24.7
070420260603  0.697  6.4  223.1  8.4  0.36  342.7  24.7
070420260604  0.699  6.3  222.1  7.7  0.42  0.2  24.7
070420260605  0.699  6.3  221.9  7.7  0.34  358.3  24.7
070420260606  0.700  6.2  221.9  7.7  0.32  352.2  24.7
070420260607  0.701  6.2  220.9  8.0  0.38  354.8  24.7
070420260608  0.700  6.2  220.8  8.0  0.37  5.2  24.7
070420260609  0.700  6.2  221.5  8.0  0.31  1.1  24.7
070420260610  0.700  6.3  221.3  8.4  0.37  357.7  24.7
070420260611  0.702  6.4  223.1  8.4  0.27  358.8  24.7
070420260612  0.702  6.3  224.0  8.8  0.35  357.3  24.7
070420260613  0.703  6.4  223.6  8.8  0.41  0.4  24.7
070420260614  0.705  6.5  223.8  8.8  0.42  0.1  24.7
070420260615  0.703  6.5  224.0  8.8  0.25  349.4  24.7
070420260616  0.703  6.5  223.2  8.8  0.28  350.9  24.7
070420260617  0.703  6.7  223.4  8.8  0.35  358.7  24.7
070420260618  0.704  6.7  223.3  8.8  0.54  347.5  24.7
070420260619  0.704  6.7  223.2  8.8  0.38  358.5  24.7
070420260620  0.703  6.8  223.2  8.8  0.39  357.2  24.7
070420260621  0.703  6.8  222.7  8.8  0.29  350.9  24.7
070420260622  0.703  6.9  221.5  8.5  0.40  359.0  24.7
070420260623  0.703  6.9  221.8  8.5  0.43  0.8  24.7
070420260624  0.701  6.9  221.3  8.5  0.37  348.0  24.7
070420260625  0.700  7.0  221.3  8.5  0.25  350.6  24.7
070420260626  0.700  7.1  222.0  8.7  0.46  358.0  24.7
070420260627  0.701  7.2  221.6  8.7  0.40  357.6  24.7
070420260628  0.701  7.1  221.6  8.7  0.31  358.0  24.7
070420260629  0.701  7.2  221.3  8.7  0.39  1.1  24.7
070420260630  0.701  7.1  220.7  8.7  0.24  348.4  24.7
070420260631  0.701  7.1  220.3  9.0  0.31  358.7  24.7
070420260632  0.700  7.2  220.8  9.0  0.34  358.8  24.7
070420260633  0.700  7.1  221.1  9.0  0.29  1.2  24.7
070420260634  0.699  6.9  221.7  9.0  0.40  4.4  24.7
070420260635  0.699  6.9  221.7  9.0  0.36  0.9  24.7
070420260636  0.697  6.8  222.1  9.0  0.40  356.2  24.7
070420260637  0.697  6.8  222.7  9.0  0.33  354.5  24.7
070420260638  0.697  6.7  222.5  9.0  0.33  356.5  24.7
070420260639  0.697  6.6  222.6  9.0  0.30  9.6  24.7
070420260640  0.697  6.5  222.4  9.0  0.34  357.3  24.7
070420260641  0.696  6.5  222.9  9.0  0.35  358.1  24.7
070420260642  0.697  6.4  223.3  9.0  0.17  345.7  24.7
070420260643  0.699  6.4  222.4  9.0  0.34  354.6  24.7
070420260644  0.700  6.5  222.2  9.0  0.27  1.7  24.7
070420260645  0.701  6.3  222.5  8.3  0.29  6.2  24.7
070420260646  0.701  6.1  221.6  8.3  0.33  358.4  24.7
070420260647  0.703  6.1  221.0  8.3  0.32  4.0  24.7
070420260648  0.705  6.1  221.2  8.3  0.18  342.9  24.7
070420260649  0.709  6.1  220.7  8.3  0.30  355.5  24.7
070420260650  0.714  6.1  221.9  8.3  0.19  355.5  24.7
070420260651  0.716  5.9  221.6  7.9  0.29  355.5  24.7
070420260652  0.719  5.8  221.2  7.9  0.19  356.7  24.7
070420260653  0.722  5.7  221.8  7.9  0.34  354.4  24.7
070420260654  0.726  5.6  222.4  7.5  0.14  350.0  24.7
070420260655  0.729  5.6  222.5  7.5  0.20  340.0  24.7
070420260656  0.734  5.6  222.8  7.5  0.13  346.2  24.7
070420260657  0.739  5.5  224.1  7.5  0.13  345.4  24.7
070420260658  0.744  5.4  225.0  7.5  0.15  332.5  24.7
070420260659  0.749  5.3  226.5  7.1  0.16  339.3  24.7
070420260700  0.753  5.1  228.6  7.1  0.17  304.6  24.7
070420260701  0.758  5.1  229.4  7.1  0.11  321.3  24.7
070420260702  0.762  5.0  231.0  7.1  0.08  280.0  24.7
070420260703  0.766  5.0  232.1  7.1  0.06  300.3  24.7
070420260704  0.770  4.9  236.0  8.7  0.06  270.8  24.7
070420260705  0.774  5.0  234.2  8.7  0.08  240.7  24.7
070420260706  0.778  4.9  233.4  8.7  0.15  210.1  24.7
070420260707  0.783  4.9  232.4  8.7  0.13  172.3  24.7
070420260708  0.788  4.9  232.4  8.7  0.18  210.8  24.7
070420260709  0.792  4.8  235.6  8.7  0.16  197.8  24.7
070420260710  0.794  4.8  234.1  8.7  0.30  185.1  24.7
070420260711  0.799  4.6  234.8  8.7  0.28  193.6  24.7
070420260712  0.801  4.6  233.7  8.7  0.09  193.7  24.7
070420260713  0.805  4.4  234.6  8.7  0.30  196.8  24.7
070420260714  0.807  4.4  232.8  7.4  0.25  184.3  24.7
070420260715  0.811  4.1  236.0  7.4  0.25  193.1  24.7
070420260716  0.812  4.2  241.5  8.4  0.14  205.0  24.7
070420260717  0.816  4.0  243.5  8.4  0.23  202.4  24.7
070420260718  0.820  4.0  243.2  8.4  0.28  200.1  24.7
070420260719  0.822  4.0  239.3  8.4  0.27  208.8  24.7
070420260720  0.825  4.0  242.0  8.4  0.25  207.9  24.7
070420260721  0.827  4.0  243.5  8.4  0.19  204.7  24.7
070420260722  0.830  4.0  245.2  8.4  0.33  189.3  24.7
070420260723  0.833  4.0  246.2  8.4  0.11  216.1  24.7
070420260724  0.835  3.8  246.6  8.4  0.18  181.3  24.7
070420260725  0.836  4.0  246.7  8.4  0.11  212.9  24.7
070420260726  0.839  3.8  246.3  6.8  0.35  196.0  24.7
070420260727  0.840  4.0  245.6  6.8  0.29  187.0  24.7
070420260728  0.841  4.0  246.8  6.8  0.35  186.8  24.7
070420260729  0.844  3.9  247.9  6.5  0.33  197.4  24.7
070420260730  0.844  3.9  245.7  6.5  0.28  184.5  24.7
070420260731  0.846  4.0  245.2  6.5  0.27  175.9  24.7
070420260732  0.846  3.9  245.3  6.5  0.33  183.5  24.7
070420260733  0.849  4.0  242.9  6.5  0.31  185.7  24.7
070420260734  0.849  4.1  244.3  6.5  0.28  176.2  24.7
070420260735  0.850  4.2  244.5  6.7  0.16  163.7  24.7
070420260736  0.851  4.3  240.5  6.7  0.14  161.3  24.7
070420260737  0.852  4.2  242.6  6.7  0.18  172.1  24.7
070420260738  0.853  4.2  241.7  6.7  0.27  172.1  24.7
070420260739  0.854  4.1  241.7  6.7  0.13  139.6  24.7
070420260740  0.854  4.1  241.9  6.7  0.14  160.6  24.7
070420260741  0.855  4.0  240.6  6.7  0.23  176.9  24.7
070420260742  0.854  3.9  242.2  6.7  0.12  157.3  24.7
070420260743  0.855  3.8  242.3  6.7  0.19  201.9  24.7
070420260744  0.853  3.8  237.8  6.7  0.27  179.1  24.7
070420260745  0.854  3.7  237.1  6.0  0.17  179.6  24.7
070420260746  0.855  3.5  242.8  5.7  0.19  170.3  24.7
070420260747  0.856  3.3  240.9  5.3  0.23  185.2  24.7
070420260748  0.857  3.2  243.2  5.3  0.11  177.7  24.7
070420260749  0.856  3.2  243.6  5.3  0.17  190.0  24.7
070420260750  0.858  3.2  244.5  5.3  0.16  187.1  24.7
070420260751  0.858  3.2  243.4  5.2  0.16  204.0  24.7
070420260752  0.860  3.3  243.8  6.0  0.21  187.9  24.7
070420260753  0.861  3.4  252.1  6.4  0.14  190.8  24.7
070420260754  0.863  3.3  255.7  6.4  0.28  186.0  24.7
070420260755  0.864  3.1  254.9  6.4  0.08  205.9  24.7
070420260756  0.865  3.0  252.2  6.4  0.18  171.8  24.7
070420260757  0.866  3.1  258.1  6.4  0.22  198.6  24.7
070420260758  0.867  3.1  258.0  6.4  0.13  168.5  24.7
070420260759  0.869  2.9  259.5  6.4  0.10  209.8  24.7
070420260800  0.869  2.9  260.8  6.4  0.19  185.3  24.7
070420260801  0.870  2.9  266.6  6.4  0.18  188.1  24.7
070420260802  0.871  2.8  264.3  6.4  0.25  202.9  24.7
070420260803  0.871  2.5  255.6  5.5  0.21  204.7  24.7
070420260804  0.871  2.5  255.9  5.5  0.20  200.2  24.7
070420260805  0.874  2.7  256.5  5.5  0.15  192.3  24.7
070420260806  0.875  2.6  253.8  5.5  0.20  188.9  24.7
070420260807  0.876  2.5  244.8  4.8  0.32  202.3  24.7
070420260808  0.876  2.5  244.9  4.8  0.26  196.9  24.7
070420260809  0.878  2.4  249.9  4.8  0.35  188.7  24.7
070420260810  0.880  2.4  248.7  4.8  0.37  195.2  24.7
070420260811  0.883  2.6  244.4  5.8  0.25  193.6  24.7
070420260812  0.886  2.6  248.3  5.8  0.36  200.6  24.7
070420260813  0.887  2.6  251.9  5.8  0.42  194.8  24.7
070420260814  0.890  2.4  250.3  5.8  0.42  185.3  24.7
070420260815  0.894  2.2  252.1  5.8  0.39  184.5  24.7
070420260816  0.897  2.3  256.0  5.8  0.47  187.6  24.7
070420260817  0.900  2.6  267.4  7.2  0.56  188.0  24.7
070420260818  0.903  2.7  272.9  7.2  0.41  181.3  24.7
070420260819  0.906  3.0  272.6  7.6  0.41  180.2  24.7
070420260820  0.910  3.0  276.3  7.6  0.42  181.2  24.7
070420260821  0.914  2.9  278.6  7.6  0.40  179.0  24.7
070420260822  0.918  2.8  276.4  7.6  0.47  179.9  24.7
070420260823  0.922  3.0  280.6  7.6  0.43  177.2  24.7
070420260824  0.926  3.4  281.9  7.6  0.41  178.3  24.7
070420260825  0.930  3.5  283.1  7.6  0.58  179.8  24.7
070420260826  0.933  3.7  284.7  7.6  0.51  177.3  24.7
070420260827  0.937  3.4  279.0  7.6  0.45  176.6  24.7
070420260828  0.941  3.4  275.6  7.6  0.44  181.4  24.7
070420260829  0.945  3.1  273.8  7.1  0.50  172.1  24.7
070420260830  0.950  3.2  276.0  7.1  0.54  176.8  24.7
070420260831  0.954  3.3  280.2  7.1  0.42  177.1  24.7
070420260832  0.959  3.4  285.1  7.1  0.51  181.1  24.7
070420260833  0.964  3.4  283.3  7.1  0.50  176.9  24.7
070420260834  0.967  3.0  282.2  6.0  0.55  177.4  24.7
070420260835  0.973  3.0  282.0  6.0  0.54  181.5  24.7
070420260836  0.976  2.9  281.6  6.0  0.49  185.0  24.7
070420260837  0.981  3.2  285.7  7.1  0.59  182.8  24.7
070420260838  0.985  3.3  289.5  7.1  0.50  182.4  24.7
070420260839  0.989  3.6  289.1  7.1  0.55  180.8  24.7
070420260840  0.993  3.4  289.3  7.1  0.50  183.3  24.7
070420260841  0.999  3.4  293.7  10.1  0.54  182.2  24.7
070420260842  1.001  3.6  294.2  10.1  0.58  182.2  24.7
070420260843  1.006  3.7  296.3  10.1  0.55  183.1  24.7
070420260844  1.009  4.1  300.0  10.1  0.50  183.0  24.7
070420260845  1.013  4.5  301.0  10.1  0.59  185.4  24.7
070420260846  1.018  4.7  299.3  10.1  0.59  187.7  24.7
070420260847  1.021  4.5  302.0  10.1  0.54  181.1  24.7
070420260848  1.026  4.7  304.8  10.1  0.61  181.7  24.7
070420260849  1.030  4.9  306.5  10.1  0.63  186.1  24.7
070420260850  1.032  4.8  303.9  10.1  0.51  184.5  24.7
070420260851  1.036  4.8  300.8  9.4  0.55  181.3  24.7
070420260852  1.038  4.9  299.5  9.4  0.51  183.3  24.7
070420260853  1.041  5.0  297.1  9.4  0.62  179.3  24.7
070420260854  1.043  5.1  293.4  9.4  0.56  182.8  24.7
070420260855  1.045  5.4  292.2  9.8  0.63  185.0  24.7
070420260856  1.049  5.4  291.6  9.8  0.58  181.8  24.7
070420260857  1.052  5.4  288.2  9.8  0.53  179.8  24.7
070420260858  1.055  5.1  287.3  9.8  0.45  183.8  24.7
070420260859  1.055  4.9  286.0  9.8  0.44  181.3  24.7
070420260900  1.057  5.1  286.4  9.8  0.47  179.5  24.7
070420260901  1.060  5.1  289.3  9.8  0.64  182.3  24.7
070420260902  1.061  4.8  294.1  9.8  0.69  180.7  24.7
070420260903  1.062  4.7  295.9  9.8  0.58  174.2  24.7
070420260904  1.065  4.7  294.7  9.8  0.62  174.8  24.7
070420260905  1.067  4.5  292.5  9.4  0.56  176.4  24.7
070420260906  1.069  4.6  295.4  9.4  0.55  182.2  24.7
070420260907  1.071  4.7  297.6  9.4  0.71  179.8  24.7
070420260908  1.075  4.7  296.7  9.4  0.62  174.8  24.7
070420260909  1.078  5.0  301.5  12.6  0.61  173.5  24.7
070420260910  1.079  5.4  307.6  12.6  0.53  174.7  24.7
070420260911  1.082  5.5  309.6  12.6  0.53  176.1  24.7
070420260912  1.085  5.8  308.3  12.6  0.66  174.2  24.7
070420260913  1.086  6.1  308.3  12.6  0.59  174.4  24.7
070420260914  1.088  6.3  311.9  12.6  0.62  178.0  24.7
070420260915  1.091  6.3  317.1  12.6  0.57  177.5  24.7
070420260916  1.094  6.3  320.2  12.6  0.49  173.5  24.7
070420260917  1.097  6.6  320.4  12.6  0.58  172.9  24.7
070420260918  1.100  6.7  320.1  12.6  0.61  175.9  24.7
070420260919  1.101  6.6  318.7  11.4  0.58  176.0  24.7
070420260920  1.101  6.6  316.4  10.4  0.56  172.4  24.8
070420260921  1.104  6.6  315.3  11.0  0.55  170.5  24.8
070420260922  1.104  6.8  316.6  11.0  0.46  170.7  24.8
070420260923  1.105  7.1  321.1  12.2  0.50  173.3  24.8
070420260924  1.106  7.3  323.3  12.2  0.57  179.1  24.8
070420260925  1.106  7.4  323.5  12.2  0.48  177.2  24.8
070420260926  1.106  7.7  324.6  12.2  0.42  172.1  24.8
070420260927  1.105  8.2  328.0  12.2  0.44  173.1  24.8
070420260928  1.106  8.3  330.8  12.2  0.53  176.7  24.8
070420260929  1.108  8.2  332.4  12.2  0.59  177.6  24.8
070420260930  1.110  8.1  335.7  12.2  0.55  181.3  24.8
070420260931  1.111  8.0  337.1  12.2  0.55  178.3  24.8
070420260932  1.111  7.9  336.7  12.2  0.57  172.0  24.8
070420260933  1.113  7.5  336.3  11.7  0.56  179.5  24.8
070420260934  1.113  7.2  335.9  11.7  0.48  174.4  24.8
070420260935  1.114  7.1  334.1  11.7  0.42  172.3  24.8
070420260936  1.116  6.9  331.4  11.7  0.44  172.8  24.8
070420260937  1.118  6.6  327.7  10.7  0.45  172.4  24.8
070420260938  1.119  6.6  325.0  10.7  0.36  172.7  24.8
070420260939  1.119  6.8  321.4  10.7  0.36  178.4  24.7
070420260940  1.120  7.0  319.0  10.7  0.43  174.2  24.7
070420260941  1.120  7.2  318.2  10.7  0.44  174.8  24.7
070420260942  1.121  7.4  319.3  10.9  0.45  183.3  24.8
070420260943  1.123  7.6  318.8  10.9  0.41  174.4  24.8
070420260944  1.122  7.9  319.6  10.9  0.37  177.1  24.7
070420260945  1.124  8.2  321.9  11.1  0.43  171.6  24.8
070420260946  1.128  8.5  323.9  11.8  0.38  171.9  24.7
070420260947  1.129  8.8  326.2  12.4  0.53  174.3  24.7
070420260948  1.131  9.1  327.9  12.4  0.50  172.4  24.8
070420260949  1.133  9.1  330.8  12.4  0.35  172.0  24.8
070420260950  1.134  9.1  332.8  12.4  0.47  172.6  24.8
070420260951  1.135  9.1  333.4  12.4  nan  nan  nan
070420260952  1.136  9.1  333.1  13.3  0.41  186.5  24.8
070420260953  1.139  9.0  333.3  13.3  0.37  177.5  24.8
070420260954  1.139  9.1  332.5  13.3  0.43  170.7  24.8
070420260955  1.142  9.1  332.2  13.3  0.37  176.9  24.8
070420260956  1.143  8.9  331.4  13.3  0.37  181.2  24.8
070420260957  1.143  9.0  330.3  13.3  0.41  178.3  24.8
070420260958  1.145  9.0  329.0  13.3  0.39  170.1  24.8
070420260959  1.146  8.9  328.1  13.3  nan  nan  nan
070420261000  1.148  8.9  326.4  13.3  0.47  176.0  24.8
070420261001  1.150  9.1  327.7  13.3  nan  nan  nan
070420261002  1.152  9.1  330.4  13.0  0.36  175.7  24.7
070420261003  1.153  9.4  333.3  13.0  0.37  173.7  24.7
070420261004  1.157  9.3  335.3  13.0  0.52  171.9  24.7
070420261005  1.160  9.0  335.2  13.0  0.34  171.9  24.7
070420261006  1.162  9.2  334.5  13.6  0.42  167.6  24.7
070420261007  1.166  9.0  334.5  13.6  0.43  164.7  24.7
070420261008  nan  9.1  335.5  13.6  0.43  179.4  24.8
