Southport
Station No. 100035 (tide) S16 (wind, current)
Date/Time ddmmyyyyHHMM
Water Level in m LAT
Wind Speed in Knots
Wind Direction in Degrees
Wind Gust in Knots
Barometric Pressure in hPa
Water Speed in Knots
Water Direction in Degrees
Data_last_updated 01-02-2026 11:10
250120261111  1.322  8.8  47.6  12.7  0.52  183.2  26.7
250120261112  1.324  8.5  47.5  12.7  0.61  181.8  26.7
250120261113  1.327  8.5  45.7  12.7  0.68  182.4  26.7
250120261114  1.329  8.7  44.8  12.7  0.71  178.2  26.8
250120261115  1.332  8.6  44.0  12.7  0.69  177.9  26.7
250120261116  1.336  8.6  44.2  12.7  0.55  182.6  26.7
250120261117  1.339  8.7  43.6  12.7  0.59  177.8  26.7
250120261118  1.342  8.5  43.1  12.0  0.62  177.1  26.7
250120261119  1.345  8.5  42.8  12.0  0.67  178.4  26.7
250120261120  1.349  8.6  41.6  12.1  0.69  177.9  26.7
250120261121  1.353  8.6  41.7  12.1  0.71  180.8  26.7
250120261122  1.354  8.8  41.2  12.1  0.55  175.4  26.6
250120261123  1.357  8.8  41.2  12.1  0.54  178.3  26.6
250120261124  1.360  8.8  41.3  12.1  0.61  176.6  26.6
250120261125  1.363  9.0  41.9  14.1  0.57  175.7  26.6
250120261126  1.366  9.1  41.7  14.1  0.59  181.4  26.6
250120261127  1.372  9.2  41.9  14.1  0.47  178.7  26.6
250120261128  1.376  9.2  42.0  14.1  0.65  181.9  26.6
250120261129  1.380  9.3  41.9  14.1  0.71  181.3  26.7
250120261130  1.383  9.4  42.1  14.1  0.69  179.3  26.7
250120261131  1.386  9.6  41.8  14.1  0.66  179.7  26.7
250120261132  1.389  9.8  41.2  14.1  0.53  176.4  26.7
250120261133  1.391  9.8  41.2  14.1  0.45  181.2  26.7
250120261134  1.393  9.9  41.6  14.1  0.59  181.9  26.7
250120261135  1.397  9.7  41.8  14.1  0.65  181.6  26.7
250120261136  1.399  9.6  42.0  14.1  0.52  178.0  26.7
250120261137  1.400  9.5  41.7  14.1  0.49  180.7  26.7
250120261138  1.402  9.5  42.1  14.1  0.61  182.3  26.7
250120261139  1.404  9.5  42.8  14.1  0.46  183.7  26.7
250120261140  1.406  9.2  42.8  13.4  0.44  181.7  26.7
250120261141  1.407  9.3  42.2  13.4  0.60  189.3  26.7
250120261142  1.408  9.3  41.5  12.8  0.61  183.2  26.7
250120261143  1.411  9.2  41.4  12.8  0.58  179.6  26.7
250120261144  1.412  9.1  41.2  12.8  0.55  177.4  26.7
250120261145  1.416  9.2  41.1  13.5  0.48  184.4  26.7
250120261146  1.418  9.2  40.9  13.5  0.49  178.0  26.7
250120261147  1.419  9.3  40.4  13.5  0.46  184.0  26.7
250120261148  1.420  9.5  40.0  13.5  0.47  177.9  26.7
250120261149  1.421  9.4  39.0  13.5  0.51  175.2  26.7
250120261150  1.421  9.5  39.3  13.5  0.60  183.5  26.7
250120261151  1.421  9.4  39.6  13.5  0.48  178.0  26.7
250120261152  1.423  9.1  40.3  13.5  0.52  173.8  26.7
250120261153  1.423  8.9  40.6  13.5  0.48  177.1  26.7
250120261154  1.424  9.1  39.8  13.5  0.50  173.8  26.7
250120261155  1.424  9.0  39.1  13.2  0.42  174.3  26.7
250120261156  1.424  9.2  39.3  13.2  0.55  176.6  26.8
250120261157  1.424  9.3  39.7  13.2  0.61  176.8  26.8
250120261158  1.425  9.5  39.6  14.4  0.48  172.7  26.8
250120261159  1.426  9.7  39.4  14.4  0.42  173.2  26.8
250120261200  1.428  9.7  39.5  14.4  0.48  165.6  26.8
250120261201  1.428  9.7  39.2  14.4  0.57  166.6  26.8
250120261202  1.430  9.9  39.3  14.4  0.58  175.4  26.8
250120261203  1.430  9.9  39.0  14.4  0.53  168.4  26.8
250120261204  1.433  9.8  39.2  14.4  0.50  173.3  26.8
250120261205  1.435  9.9  40.3  15.6  0.43  170.0  26.8
250120261206  1.436  9.8  40.1  15.6  0.45  169.6  26.8
250120261207  1.439  9.8  39.5  15.6  0.40  164.7  26.8
250120261208  1.441  9.8  38.7  15.6  0.60  173.2  26.8
250120261209  1.444  9.7  38.3  15.6  0.50  170.9  26.8
250120261210  1.445  9.6  37.8  15.6  0.43  170.3  26.9
250120261211  1.447  9.8  38.1  15.6  0.41  170.4  26.9
250120261212  1.449  10.0  37.3  15.6  0.39  167.8  26.9
250120261213  1.449  10.2  37.6  15.6  0.40  173.0  26.9
250120261214  1.451  10.3  37.6  15.6  0.44  171.8  26.9
250120261215  1.452  10.4  36.2  15.2  0.50  171.3  26.8
250120261216  1.453  10.6  35.7  15.2  0.36  170.1  26.8
250120261217  1.454  10.5  36.0  15.2  0.32  165.2  26.8
250120261218  1.455  10.4  35.7  15.2  0.47  175.0  26.8
250120261219  1.455  10.3  35.3  15.2  0.36  163.6  26.8
250120261220  1.456  10.4  35.2  15.2  0.44  173.4  26.8
250120261221  1.456  10.2  35.8  15.2  0.51  174.0  26.8
250120261222  1.456  9.9  36.2  15.2  0.45  179.4  26.9
250120261223  1.457  10.1  36.4  15.2  0.38  169.3  26.9
250120261224  1.456  10.2  36.7  15.2  0.45  164.8  26.9
250120261225  1.458  10.0  36.9  14.6  0.42  172.1  26.9
250120261226  1.458  10.0  37.3  14.6  0.38  165.0  26.9
250120261227  1.456  10.3  37.0  14.6  0.38  165.3  26.9
250120261228  1.454  10.5  37.4  15.1  0.42  170.3  26.9
250120261229  1.454  10.6  38.1  15.1  0.51  172.1  26.9
250120261230  1.452  10.5  38.2  15.1  0.41  171.4  26.9
250120261231  1.451  10.7  37.9  15.1  0.32  166.2  26.9
250120261232  1.449  10.8  37.7  15.1  0.37  166.5  26.9
250120261233  1.449  10.8  37.1  15.1  0.38  173.8  26.9
250120261234  1.449  10.8  36.6  15.1  0.42  170.7  26.9
250120261235  1.450  10.9  35.9  15.1  0.38  174.1  26.9
250120261236  1.449  10.8  35.6  15.1  0.26  179.4  26.9
250120261237  1.447  10.6  35.9  15.1  0.43  172.3  26.9
250120261238  1.446  10.6  36.2  15.3  0.31  168.9  26.9
250120261239  1.446  10.8  37.1  15.3  0.26  174.3  26.8
250120261240  1.445  10.7  37.1  15.3  0.36  179.3  26.8
250120261241  1.444  10.5  37.0  15.3  0.25  171.8  26.8
250120261242  1.443  10.4  37.6  15.3  0.36  175.5  26.8
250120261243  1.442  10.2  38.1  15.3  0.38  176.0  26.8
250120261244  1.441  10.1  39.0  15.3  0.31  176.2  26.8
250120261245  1.440  10.1  40.0  15.3  0.43  185.3  26.8
250120261246  1.439  10.3  39.5  16.3  0.32  172.5  26.8
250120261247  1.439  10.4  39.2  16.3  0.44  191.0  26.8
250120261248  1.439  10.2  39.6  16.3  0.42  181.4  26.8
250120261249  1.439  10.0  39.1  16.3  0.29  177.6  26.8
250120261250  1.439  10.0  38.2  16.3  0.27  175.0  26.8
250120261251  1.439  10.1  37.7  16.3  0.34  179.4  26.8
250120261252  1.437  10.0  37.7  16.3  0.35  177.8  26.8
250120261253  1.435  10.2  38.5  16.3  0.36  182.5  26.8
250120261254  1.434  10.3  37.4  16.3  0.34  183.7  26.8
250120261255  1.434  10.1  36.5  16.3  0.28  188.4  26.8
250120261256  1.432  9.8  36.8  15.4  0.37  181.9  26.8
250120261257  1.432  9.7  36.7  15.4  0.14  183.8  26.8
250120261258  1.431  9.9  36.7  15.4  0.35  185.2  26.8
250120261259  1.427  9.9  36.8  15.4  0.33  174.1  26.8
250120261300  1.427  9.9  38.1  15.4  0.27  183.5  26.8
250120261301  1.425  10.0  38.0  15.4  0.33  185.2  26.8
250120261302  1.423  10.1  37.0  15.4  0.42  180.1  26.8
250120261303  1.421  9.9  35.3  15.2  0.30  179.1  26.8
250120261304  1.419  9.8  34.7  14.2  0.23  180.5  26.8
250120261305  1.417  10.2  35.0  16.0  0.33  177.5  26.8
250120261306  1.416  10.7  35.0  17.9  0.25  172.8  26.8
250120261307  1.412  10.5  34.5  17.9  0.30  171.6  26.8
250120261308  1.410  10.4  33.1  17.9  0.29  196.8  26.8
250120261309  1.409  10.6  31.9  17.9  0.16  181.9  26.8
250120261310  1.408  10.6  30.7  17.9  0.38  175.5  26.8
250120261311  1.407  10.8  30.2  17.9  0.34  176.7  26.8
250120261312  1.406  10.9  29.2  17.9  0.23  187.0  26.8
250120261313  1.405  11.1  28.9  17.9  0.26  183.9  26.8
250120261314  1.405  11.0  28.8  17.9  0.26  171.0  26.8
250120261315  1.405  10.8  28.5  17.9  0.22  190.0  26.8
250120261316  1.405  10.7  29.1  16.2  0.18  175.7  26.8
250120261317  1.403  11.2  29.2  16.8  0.20  182.0  26.8
250120261318  1.401  11.2  29.3  16.8  0.27  188.3  26.8
250120261319  1.400  11.1  29.2  16.8  0.26  189.6  26.8
250120261320  1.399  11.4  28.8  17.0  0.27  191.2  26.8
250120261321  1.397  11.5  29.4  17.0  0.19  191.2  26.8
250120261322  1.395  11.7  30.3  17.0  0.21  195.4  26.8
250120261323  1.394  11.8  29.6  17.0  0.12  195.6  26.8
250120261324  1.394  12.1  30.0  17.0  0.18  170.2  26.8
250120261325  1.394  12.1  29.2  17.0  0.06  158.4  26.8
250120261326  1.394  12.0  28.3  17.0  0.13  182.3  26.8
250120261327  1.394  11.8  27.6  17.0  0.17  195.1  26.8
250120261328  1.393  12.0  26.7  17.0  0.20  183.2  26.8
250120261329  1.392  11.8  26.5  17.0  0.16  190.0  26.8
250120261330  1.389  11.4  26.0  16.1  0.18  199.4  26.8
250120261331  1.389  11.7  24.5  17.5  0.09  197.4  26.8
250120261332  1.387  11.8  23.2  17.5  0.19  170.4  26.8
250120261333  1.385  11.6  24.3  17.5  0.04  24.0  26.8
250120261334  1.384  11.7  23.8  17.5  0.25  182.3  26.9
250120261335  1.383  11.8  24.5  17.5  0.14  205.9  26.9
250120261336  1.381  11.7  24.4  17.5  0.05  118.4  26.9
250120261337  1.379  11.8  24.1  17.5  0.08  209.3  26.9
250120261338  1.378  11.8  25.6  17.5  nan  nan  nan
250120261339  1.378  12.1  26.3  17.5  0.17  176.6  26.9
250120261340  1.377  12.5  26.9  17.5  0.12  202.9  26.9
250120261341  1.376  12.2  28.0  16.5  0.26  192.6  26.9
250120261342  1.374  11.9  28.2  16.5  0.08  191.5  26.9
250120261343  1.372  11.9  27.8  16.5  0.17  176.4  26.8
250120261344  1.369  11.7  28.3  16.5  0.21  197.1  26.8
250120261345  1.366  11.8  28.2  16.7  0.12  205.4  26.8
250120261346  1.364  11.7  27.1  16.7  0.04  154.8  26.9
250120261347  1.361  11.5  27.8  16.7  0.03  165.2  26.9
250120261348  1.358  11.4  27.2  16.7  0.10  183.4  26.9
250120261349  1.355  11.2  26.5  16.7  0.09  207.3  26.9
250120261350  1.352  10.9  26.4  16.7  0.03  221.6  26.9
250120261351  1.349  10.7  25.4  16.7  0.07  220.4  26.9
250120261352  1.349  10.8  25.8  16.7  0.08  187.3  26.9
250120261353  1.346  10.8  25.4  16.7  0.15  349.4  26.9
250120261354  1.344  10.9  24.4  16.7  0.05  91.9  26.9
250120261355  1.343  10.6  24.5  15.4  0.08  345.2  26.9
250120261356  1.340  10.6  24.9  15.4  0.11  321.4  26.9
250120261357  1.336  10.9  25.8  15.5  0.04  192.7  26.9
250120261358  1.334  10.9  26.1  15.5  0.12  51.6  26.9
250120261359  1.331  10.9  26.2  15.5  0.09  179.5  26.9
250120261400  1.330  10.9  26.0  15.5  0.07  202.9  26.9
250120261401  1.328  10.9  26.5  15.5  nan  nan  nan
250120261402  1.327  10.6  27.2  15.5  0.11  324.3  26.9
250120261403  1.325  10.1  27.3  15.5  0.03  260.3  26.9
250120261404  1.322  9.8  28.3  15.5  0.13  346.5  26.9
250120261405  1.321  9.9  27.5  15.5  0.06  2.6  26.9
250120261406  1.319  10.0  27.2  15.5  0.19  8.8  26.9
250120261407  1.318  9.8  26.5  14.8  0.08  109.9  26.9
250120261408  1.316  9.7  25.8  14.8  0.11  19.3  26.9
250120261409  1.312  9.8  26.8  14.8  0.15  4.8  26.9
250120261410  1.309  9.7  26.8  14.8  0.08  36.6  26.9
250120261411  1.306  9.6  27.4  14.8  0.20  357.6  26.9
250120261412  1.303  9.7  26.5  14.8  0.04  348.2  26.9
250120261413  1.300  10.0  27.6  14.8  0.28  2.5  27.0
250120261414  1.295  10.4  27.7  15.5  0.10  358.2  27.0
250120261415  1.291  10.3  28.5  15.5  0.15  6.2  27.0
250120261416  1.286  10.4  29.3  15.5  0.32  9.3  27.0
250120261417  1.282  10.8  29.5  17.6  0.26  13.0  27.0
250120261418  1.279  10.9  29.8  17.6  0.07  349.1  27.0
250120261419  1.276  11.1  29.6  17.6  0.05  91.9  27.1
250120261420  1.271  11.2  29.7  17.6  0.27  18.4  27.1
250120261421  1.268  11.4  29.9  17.6  0.38  8.2  27.1
250120261422  1.263  11.5  30.4  17.6  0.38  5.6  27.1
250120261423  1.260  11.6  30.4  17.6  0.30  19.3  27.1
250120261424  1.256  11.5  30.6  17.6  0.40  19.2  27.1
250120261425  1.253  11.5  30.3  17.6  0.46  20.3  27.1
250120261426  1.249  11.5  31.5  17.6  0.34  26.9  27.1
250120261427  1.245  11.5  31.4  17.0  0.31  14.4  27.1
250120261428  1.241  11.5  32.2  17.0  0.37  10.0  27.1
250120261429  1.237  11.7  32.3  18.4  0.44  20.2  27.1
250120261430  1.232  11.9  33.1  18.4  0.45  13.2  27.1
250120261431  1.227  11.9  32.9  18.4  0.42  10.0  27.1
250120261432  1.223  12.1  32.9  18.4  0.39  15.2  27.1
250120261433  1.218  12.2  32.7  18.4  0.43  10.0  27.1
250120261434  1.215  12.1  32.8  18.4  0.29  6.6  27.1
250120261435  1.212  12.2  32.9  18.4  0.29  10.8  27.1
250120261436  1.209  12.1  32.4  18.4  0.42  15.9  27.1
250120261437  1.205  11.8  32.7  18.4  0.49  21.1  27.2
250120261438  1.202  12.0  32.1  18.4  0.54  22.4  27.2
250120261439  1.201  11.9  32.6  18.2  0.45  21.0  27.1
250120261440  1.198  12.0  32.3  18.2  0.47  26.6  27.1
250120261441  1.194  11.8  33.1  18.2  0.54  20.8  27.1
250120261442  1.191  11.7  33.7  18.2  0.43  25.8  27.1
250120261443  1.188  11.6  33.8  18.2  0.45  22.4  27.1
250120261444  1.185  11.6  33.3  18.2  0.43  22.1  27.1
250120261445  1.182  11.5  33.3  18.2  0.53  21.3  27.1
250120261446  1.179  11.4  33.0  18.2  0.59  26.4  27.1
250120261447  1.176  11.3  32.5  18.2  0.67  24.0  27.1
250120261448  1.174  11.0  31.8  18.2  0.61  19.6  27.2
250120261449  1.169  10.7  31.1  16.4  0.55  20.8  27.2
250120261450  1.167  10.6  31.2  17.7  0.50  26.0  27.2
250120261451  1.164  10.9  30.5  17.7  0.53  15.5  27.2
250120261452  1.161  11.0  30.0  17.7  0.47  22.8  27.2
250120261453  1.158  10.8  29.9  17.7  0.54  10.8  27.1
250120261454  1.153  10.7  30.2  17.7  0.54  13.7  27.1
250120261455  1.150  10.9  30.6  17.7  0.49  9.1  27.1
250120261456  1.146  11.3  30.6  17.7  0.56  11.4  27.1
250120261457  1.143  11.3  31.0  17.7  0.65  11.4  27.1
250120261458  1.138  11.4  32.5  17.7  0.54  9.8  27.1
250120261459  1.135  11.4  32.6  17.7  0.55  15.9  27.1
250120261500  1.131  11.2  33.2  16.9  0.62  15.0  27.1
250120261501  1.126  11.1  34.4  16.9  0.61  12.9  27.1
250120261502  1.121  11.1  36.0  15.2  0.55  20.0  27.1
250120261503  1.118  11.2  35.9  15.2  0.61  14.7  27.1
250120261504  1.114  11.0  36.2  15.2  0.76  12.3  27.1
250120261505  1.110  10.8  37.0  15.2  0.65  16.0  27.1
250120261506  1.106  10.6  37.3  17.2  0.58  20.3  27.1
250120261507  1.102  10.7  37.6  17.2  0.62  16.5  27.1
250120261508  1.098  10.9  37.3  17.2  0.50  23.7  27.1
250120261509  1.093  11.2  37.2  17.2  0.70  13.8  27.1
250120261510  1.091  11.1  36.5  17.2  0.50  21.9  27.1
250120261511  1.086  11.2  36.5  17.2  0.68  15.5  27.1
250120261512  1.083  11.1  35.5  17.2  0.56  14.8  27.1
250120261513  1.079  10.9  35.6  17.2  0.68  23.0  27.1
250120261514  1.077  10.9  36.1  17.2  0.69  17.9  27.1
250120261515  1.075  10.9  35.1  17.2  0.65  16.2  27.1
250120261516  1.071  10.8  34.1  15.4  0.69  15.6  27.2
250120261517  1.067  10.6  33.8  15.4  0.72  14.4  27.2
250120261518  1.064  10.1  33.3  14.4  0.56  13.2  27.1
250120261519  1.061  9.6  33.4  14.4  0.68  10.0  27.1
250120261520  1.057  9.5  33.4  14.4  0.57  21.0  27.1
250120261521  1.054  9.2  33.0  14.0  0.57  15.7  27.2
250120261522  1.051  9.3  32.7  14.0  0.64  15.4  27.2
250120261523  1.047  9.3  32.1  14.0  0.68  12.0  27.2
250120261524  1.044  9.5  31.6  14.0  0.61  15.3  27.2
250120261525  1.042  9.7  32.3  14.4  0.63  17.2  27.2
250120261526  1.039  9.6  32.9  14.4  0.64  10.7  27.2
250120261527  1.035  9.7  33.8  14.4  0.62  14.1  27.2
250120261528  1.032  9.8  34.3  14.4  0.66  19.9  27.2
250120261529  1.028  9.9  34.5  14.4  0.71  11.7  27.2
250120261530  1.025  9.9  34.4  14.4  0.62  13.0  27.2
250120261531  1.021  9.8  34.3  14.4  0.69  17.0  27.2
250120261532  1.017  9.7  35.3  14.4  0.65  15.1  27.2
250120261533  1.014  9.9  36.5  14.4  0.60  12.6  27.2
250120261534  1.011  9.6  36.1  14.4  0.63  12.5  27.2
250120261535  1.008  9.6  34.7  14.9  0.73  13.3  27.2
250120261536  1.005  9.5  34.9  15.6  0.69  16.3  27.2
250120261537  1.001  9.6  34.3  15.6  0.65  14.8  27.2
250120261538  0.997  9.8  34.3  15.6  0.73  11.8  27.2
250120261539  0.994  9.8  34.9  15.6  0.73  14.8  27.2
250120261540  0.989  9.9  35.0  15.6  0.68  15.4  27.2
250120261541  0.985  10.0  35.2  15.6  0.72  15.3  27.2
250120261542  0.980  10.0  34.9  15.6  0.74  14.8  27.2
250120261543  0.976  10.0  34.3  15.6  0.74  16.2  27.2
250120261544  0.971  10.1  34.4  15.6  0.80  16.4  27.2
250120261545  0.964  10.1  36.0  15.6  0.67  14.0  27.2
250120261546  0.960  10.2  35.7  14.9  0.75  10.9  27.2
250120261547  0.953  10.1  36.0  14.9  0.70  15.3  27.2
250120261548  0.948  10.2  35.2  14.9  0.85  15.2  27.2
250120261549  0.942  10.3  35.0  14.9  0.76  13.7  27.2
250120261550  0.936  10.4  35.5  14.9  0.77  14.9  27.2
250120261551  0.931  10.5  34.9  14.9  0.74  13.9  27.2
250120261552  0.925  10.8  35.0  14.9  0.78  12.6  27.2
250120261553  0.918  10.6  35.4  14.9  0.72  20.5  27.2
250120261554  0.914  10.9  36.0  16.3  0.75  15.3  27.2
250120261555  0.908  10.8  35.2  16.3  0.87  13.9  27.2
250120261556  0.901  10.6  35.6  16.3  0.70  17.2  27.2
250120261557  0.895  10.7  35.4  16.3  0.83  15.4  27.2
250120261558  0.891  10.8  35.8  16.3  0.64  11.0  27.2
250120261559  0.885  10.8  35.3  16.3  0.72  14.8  27.2
250120261600  0.880  10.5  35.1  16.3  0.71  14.1  27.2
250120261601  0.874  10.4  35.6  16.3  0.84  13.2  27.2
250120261602  0.868  10.1  35.0  16.3  0.87  15.5  27.2
250120261603  0.863  10.1  34.4  16.3  0.79  13.2  27.2
250120261604  0.857  10.0  34.7  15.3  0.86  15.2  27.3
250120261605  0.854  10.0  35.5  15.3  0.73  15.1  27.3
250120261606  0.850  10.1  35.6  15.3  0.69  14.8  27.3
250120261607  0.846  10.2  34.6  15.0  0.80  13.6  27.3
250120261608  0.842  9.9  34.7  15.0  0.75  15.1  27.3
250120261609  0.838  9.8  34.4  15.0  0.74  14.9  27.3
250120261610  0.835  10.2  33.7  15.0  0.77  18.1  27.3
250120261611  0.830  10.1  32.9  13.5  0.72  13.6  27.4
250120261612  0.827  10.0  32.4  13.5  0.76  8.7  27.4
250120261613  0.822  10.1  31.7  13.5  0.73  11.5  27.4
250120261614  0.818  10.1  29.7  13.5  0.73  11.8  27.4
250120261615  0.812  10.0  28.6  13.5  0.77  14.4  27.4
250120261616  0.809  10.1  28.5  13.5  0.88  15.2  27.4
250120261617  0.806  9.9  28.4  13.3  0.72  15.7  27.4
250120261618  0.802  10.2  28.2  13.8  0.83  12.7  27.4
250120261619  0.799  10.2  27.9  13.8  0.80  11.5  27.4
250120261620  0.794  10.0  27.5  13.8  0.76  20.9  27.4
250120261621  0.791  10.2  27.2  14.2  0.85  17.4  27.4
250120261622  0.786  10.5  27.5  14.2  0.80  19.5  27.4
250120261623  0.783  10.5  28.2  14.2  0.84  16.8  27.4
250120261624  0.780  10.3  28.6  14.2  0.73  15.8  27.4
250120261625  0.778  10.5  28.4  14.3  0.81  18.5  27.4
250120261626  0.774  10.3  27.7  14.3  0.89  14.9  27.4
250120261627  0.770  10.1  28.6  14.3  0.74  16.2  27.4
250120261628  0.767  9.9  27.8  14.3  0.75  17.9  27.4
250120261629  0.764  10.0  28.8  14.3  0.79  14.1  27.4
250120261630  0.761  10.3  28.9  16.5  0.80  11.7  27.4
250120261631  0.758  10.2  29.4  16.5  0.77  17.3  27.4
250120261632  0.754  10.2  29.2  16.5  0.72  16.1  27.4
250120261633  0.750  10.3  28.9  16.5  0.79  16.4  27.4
250120261634  0.746  10.5  29.0  16.5  0.63  21.8  27.5
250120261635  0.743  10.4  29.5  16.5  0.83  16.6  27.5
250120261636  0.739  10.3  29.7  16.5  0.75  17.3  27.5
250120261637  0.736  10.5  29.4  16.5  0.69  15.8  27.5
250120261638  0.733  10.7  29.2  16.5  0.71  13.4  27.5
250120261639  0.730  10.5  28.3  16.5  0.77  16.5  27.5
250120261640  0.726  10.1  28.4  14.2  0.64  16.6  27.5
250120261641  0.724  10.1  28.6  14.2  0.75  17.9  27.5
250120261642  0.720  10.0  28.1  14.2  0.66  15.2  27.5
250120261643  0.717  9.8  27.8  14.2  0.66  19.4  27.5
250120261644  0.714  9.9  26.6  15.0  0.72  16.9  27.5
250120261645  0.712  9.9  25.9  15.0  0.85  16.4  27.5
250120261646  0.708  10.2  25.0  15.0  0.74  15.9  27.5
250120261647  0.705  9.9  25.2  15.0  0.74  16.8  27.5
250120261648  0.703  9.7  26.3  15.0  0.81  15.8  27.5
250120261649  0.700  9.5  26.1  15.0  0.76  12.9  27.5
250120261650  0.698  9.4  25.7  15.0  0.72  15.9  27.5
250120261651  0.694  9.2  24.1  15.0  0.77  13.7  27.5
250120261652  0.691  9.1  24.0  15.0  0.61  14.7  27.5
250120261653  0.687  9.2  22.6  15.0  0.65  22.5  27.5
250120261654  0.683  9.1  24.2  13.9  0.79  14.8  27.5
250120261655  0.678  8.9  24.0  13.9  0.68  14.8  27.5
250120261656  0.675  9.1  23.6  14.3  0.74  19.2  27.5
250120261657  0.671  9.2  22.3  14.3  0.67  13.6  27.5
250120261658  0.668  9.6  20.9  15.2  0.85  15.5  27.5
250120261659  0.664  10.0  20.6  15.2  0.78  13.4  27.5
250120261700  0.660  10.1  21.1  15.2  0.75  18.2  27.5
250120261701  0.655  10.2  21.2  15.2  0.71  14.4  27.5
250120261702  0.652  10.4  21.1  15.2  0.75  14.8  27.5
250120261703  0.649  10.5  21.7  15.2  0.77  15.7  27.5
250120261704  0.644  10.5  21.4  15.2  0.73  14.1  27.5
250120261705  0.642  10.9  21.5  15.2  0.74  16.8  27.5
250120261706  0.639  10.7  22.6  15.2  0.74  13.9  27.5
250120261707  0.633  10.6  22.5  15.2  0.74  17.2  27.5
250120261708  0.630  10.5  22.7  14.7  0.73  13.2  27.5
250120261709  0.627  10.7  22.4  17.1  0.80  17.8  27.5
250120261710  0.624  11.1  20.8  17.1  0.69  16.3  27.5
250120261711  0.619  11.3  20.8  17.1  0.78  19.8  27.5
250120261712  0.614  11.3  21.0  17.1  0.69  10.0  27.5
250120261713  0.610  11.6  20.0  17.1  0.78  11.6  27.5
250120261714  0.606  11.8  19.1  17.1  0.65  16.7  27.5
250120261715  0.601  11.8  19.2  17.1  0.74  12.3  27.5
250120261716  0.597  12.2  18.3  18.6  0.73  10.5  27.5
250120261717  0.594  12.4  18.3  18.6  0.86  15.4  27.5
250120261718  0.591  12.7  17.7  18.6  0.78  16.5  27.5
250120261719  0.586  12.5  17.9  18.6  0.81  10.3  27.5
250120261720  0.583  12.5  17.2  18.6  0.78  14.7  27.5
250120261721  0.579  12.6  16.3  18.6  0.76  12.2  27.5
250120261722  0.575  12.7  15.8  18.6  0.79  12.7  27.5
250120261723  0.571  12.7  16.7  18.6  0.73  13.5  27.5
250120261724  0.569  12.5  16.9  18.6  0.74  17.7  27.5
250120261725  0.564  12.7  15.2  18.6  0.78  14.9  27.5
250120261726  0.561  12.5  15.1  18.1  0.75  10.9  27.5
250120261727  0.557  13.0  14.8  18.1  0.87  10.3  27.5
250120261728  0.553  13.2  15.3  18.1  0.88  13.4  27.5
250120261729  0.548  13.6  14.5  18.1  0.87  14.6  27.5
250120261730  0.543  13.5  15.5  17.9  0.79  16.4  27.5
250120261731  0.539  13.2  16.4  17.9  0.78  16.3  27.5
250120261732  0.534  13.1  17.1  17.9  0.77  15.4  27.5
250120261733  0.530  12.9  16.6  17.9  0.77  14.6  27.5
250120261734  0.526  12.9  16.4  17.9  0.86  19.5  27.5
250120261735  0.523  12.9  17.4  17.9  0.81  14.1  27.5
250120261736  0.519  13.1  16.8  17.9  0.85  17.7  27.5
250120261737  0.514  12.6  17.0  17.9  0.92  14.5  27.5
250120261738  0.509  12.2  17.7  17.9  0.83  10.7  27.5
250120261739  0.506  11.8  19.0  16.3  0.76  12.3  27.5
250120261740  0.503  11.7  19.6  16.3  0.75  16.0  27.5
250120261741  0.500  11.9  19.6  16.3  0.82  11.2  27.5
250120261742  0.497  12.1  18.9  16.3  0.68  18.3  27.5
250120261743  0.493  12.3  19.0  16.3  0.78  11.4  27.5
250120261744  0.489  12.1  19.5  16.3  0.91  11.2  27.5
250120261745  0.486  11.7  20.4  16.3  0.81  15.2  27.5
250120261746  0.483  11.3  22.8  15.1  0.81  15.7  27.5
250120261747  0.480  11.4  24.3  15.1  0.90  14.1  27.5
250120261748  0.478  11.5  24.7  15.1  0.80  12.5  27.5
250120261749  0.474  11.4  25.6  15.1  0.91  16.1  27.6
250120261750  0.471  11.3  26.0  15.1  0.69  14.7  27.6
250120261751  0.469  11.4  26.7  15.1  0.76  13.8  27.6
250120261752  0.466  11.3  28.1  15.1  0.64  14.3  27.6
250120261753  0.463  11.1  29.3  15.0  0.75  11.8  27.6
250120261754  0.461  11.2  29.7  15.0  0.71  14.4  27.6
250120261755  0.462  11.2  30.0  15.0  0.73  14.6  27.6
250120261756  0.460  11.4  29.8  15.0  0.75  16.3  27.6
250120261757  0.458  11.2  29.5  15.0  0.91  16.2  27.6
250120261758  0.455  11.0  28.7  15.0  0.77  14.9  27.6
250120261759  0.455  10.8  27.8  15.0  0.73  14.0  27.6
250120261800  0.453  10.7  27.3  15.0  0.77  14.8  27.6
250120261801  0.452  10.4  26.6  14.9  0.78  19.4  27.6
250120261802  0.451  10.2  26.5  14.0  0.79  15.1  27.6
250120261803  0.450  10.1  26.7  14.0  0.73  18.4  27.6
250120261804  0.449  10.1  26.2  14.4  0.82  21.0  27.6
250120261805  0.447  10.2  25.8  14.4  0.81  17.0  27.6
250120261806  0.444  10.0  24.9  14.4  0.68  13.6  27.6
250120261807  0.442  10.0  24.4  14.4  0.77  16.4  27.6
250120261808  0.441  10.3  23.8  14.5  0.78  12.8  27.6
250120261809  0.438  10.6  23.2  15.9  0.72  18.5  27.6
250120261810  0.435  10.7  23.1  15.9  0.76  15.3  27.6
250120261811  0.434  10.7  23.1  15.9  0.67  18.5  27.6
250120261812  0.431  10.7  22.2  15.9  0.64  22.9  27.6
250120261813  0.428  10.8  21.4  15.9  0.64  12.8  27.6
250120261814  0.426  11.1  21.9  15.9  0.59  15.1  27.6
250120261815  0.424  11.2  22.1  15.9  0.80  15.7  27.6
250120261816  0.422  11.4  22.4  15.9  0.72  12.5  27.6
250120261817  0.421  11.7  21.6  16.7  0.67  14.8  27.6
250120261818  0.421  11.9  21.4  16.8  0.57  13.5  27.6
250120261819  0.420  12.2  21.6  17.0  0.62  16.9  27.6
250120261820  0.418  12.4  20.6  17.0  0.74  17.7  27.6
250120261821  0.416  12.6  21.0  17.0  0.68  16.0  27.6
250120261822  0.414  12.7  20.6  17.0  0.54  15.1  27.6
250120261823  0.413  12.8  19.8  17.0  0.69  17.6  27.6
250120261824  0.412  12.9  18.9  17.0  0.74  19.5  27.6
250120261825  0.409  13.0  18.0  17.0  0.68  17.9  27.6
250120261826  0.409  13.0  17.5  17.0  0.74  15.6  27.6
250120261827  0.407  13.0  18.0  17.0  0.67  20.4  27.6
250120261828  0.405  13.1  17.8  17.9  0.64  21.1  27.6
250120261829  0.403  12.8  17.3  17.9  0.66  14.2  27.6
250120261830  0.401  12.7  18.0  17.9  0.64  19.1  27.6
250120261831  0.397  12.8  17.3  17.9  0.64  14.7  27.6
250120261832  0.396  13.1  17.1  17.9  0.67  21.1  27.6
250120261833  0.395  13.0  18.1  17.9  0.64  17.0  27.6
250120261834  0.393  12.8  19.0  17.9  0.79  12.7  27.6
250120261835  0.394  12.6  19.3  17.9  0.61  14.9  27.6
250120261836  0.394  12.4  20.2  17.9  0.73  20.8  27.6
250120261837  0.395  12.2  20.6  17.9  0.72  19.4  27.6
250120261838  0.396  11.8  22.0  16.6  0.67  12.8  27.6
250120261839  0.396  11.6  23.6  16.1  0.58  19.7  27.6
250120261840  0.396  11.3  23.9  16.1  0.69  16.3  27.6
250120261841  0.398  10.9  24.9  16.1  0.62  13.2  27.6
250120261842  0.398  10.6  26.0  16.1  0.53  16.1  27.6
250120261843  0.399  10.5  25.4  16.1  0.64  10.0  27.6
250120261844  0.399  10.3  24.9  14.1  0.68  15.7  27.6
250120261845  0.399  10.3  23.8  14.1  0.51  21.1  27.6
250120261846  0.399  10.5  22.6  14.3  0.64  14.7  27.6
250120261847  0.399  10.5  21.5  14.3  0.76  15.4  27.6
250120261848  0.399  10.3  20.6  14.3  0.45  14.7  27.6
250120261849  0.399  10.7  18.7  18.1  0.57  20.7  27.6
250120261850  0.398  11.0  18.1  18.1  0.44  14.0  27.6
250120261851  0.396  11.5  17.4  18.1  0.63  22.4  27.6
250120261852  0.396  11.9  16.6  18.1  0.53  15.7  27.6
250120261853  0.395  11.9  16.7  18.1  0.67  15.8  27.6
250120261854  0.393  12.1  16.7  18.1  0.51  14.6  27.6
250120261855  0.392  12.1  17.0  18.1  0.46  20.2  27.6
250120261856  0.391  12.1  16.8  18.1  0.58  22.1  27.6
250120261857  0.389  12.1  17.3  18.1  0.52  15.4  27.6
250120261858  0.389  12.3  17.9  18.1  0.54  21.4  27.6
250120261859  0.388  12.2  17.8  16.8  0.51  17.9  27.6
250120261900  0.388  12.4  17.7  16.8  0.54  18.5  27.6
250120261901  0.389  12.1  17.4  15.8  0.52  20.1  27.6
250120261902  0.387  11.7  17.6  15.1  0.48  20.2  27.6
250120261903  0.385  11.6  18.0  15.1  0.55  13.6  27.6
250120261904  0.383  11.5  18.9  16.7  0.56  16.6  27.6
250120261905  0.381  11.5  19.3  16.7  0.42  21.3  27.6
250120261906  0.380  11.5  19.9  16.7  0.53  15.3  27.6
250120261907  0.378  11.7  19.4  16.7  0.64  15.4  27.6
250120261908  0.376  11.7  19.4  16.7  0.54  15.5  27.6
250120261909  0.374  11.5  20.4  16.7  0.36  11.6  27.6
250120261910  0.371  11.6  20.3  17.9  0.60  14.6  27.6
250120261911  0.370  11.5  21.3  17.9  0.62  13.2  27.6
250120261912  0.368  11.6  21.0  17.9  0.55  15.9  27.7
250120261913  0.366  11.6  21.1  17.9  0.74  13.0  27.7
250120261914  0.367  11.5  20.9  17.9  0.70  12.4  27.7
250120261915  0.366  11.4  21.6  17.9  0.62  19.8  27.7
250120261916  0.366  11.5  21.3  17.9  0.52  19.7  27.7
250120261917  0.364  11.4  21.7  17.9  0.73  15.8  27.7
250120261918  0.363  11.3  21.8  17.9  0.54  18.1  27.7
250120261919  0.362  11.5  21.1  17.9  0.52  13.9  27.7
250120261920  0.363  11.3  21.8  14.1  0.49  14.3  27.7
250120261921  0.364  11.4  21.5  14.1  0.48  15.1  27.7
250120261922  0.364  11.6  21.9  16.4  0.46  15.1  27.7
250120261923  0.363  11.8  21.8  16.4  0.50  14.9  27.7
250120261924  0.362  11.8  21.3  16.4  0.65  12.6  27.7
250120261925  0.361  11.9  20.3  18.3  0.56  22.0  27.7
250120261926  0.360  11.9  20.6  18.3  0.49  19.3  27.7
250120261927  0.358  11.8  20.2  18.3  0.53  16.5  27.7
250120261928  0.358  11.7  20.4  18.3  0.56  19.5  27.7
250120261929  0.358  11.6  20.8  18.3  0.49  23.2  27.7
250120261930  0.357  11.7  20.9  18.3  0.59  17.8  27.7
250120261931  0.357  11.8  20.7  18.3  0.52  16.7  27.7
250120261932  0.359  11.8  20.1  18.3  0.58  17.1  27.7
250120261933  0.358  11.5  20.1  18.3  0.73  14.4  27.7
250120261934  0.360  11.4  19.9  18.3  0.55  18.4  27.7
250120261935  0.361  11.0  20.6  16.0  0.51  18.1  27.7
250120261936  0.363  11.0  19.5  16.0  0.50  24.1  27.7
250120261937  0.364  10.8  19.1  16.0  0.50  18.5  27.7
250120261938  0.363  11.0  18.1  16.0  0.57  13.5  27.7
250120261939  0.365  10.8  17.8  16.0  0.50  22.2  27.7
250120261940  0.363  10.4  17.0  16.0  0.38  14.4  27.7
250120261941  0.365  10.1  16.8  16.0  0.49  19.7  27.7
250120261942  0.366  9.8  16.6  14.8  0.46  15.6  27.7
250120261943  0.367  9.8  15.3  14.8  0.46  15.6  27.7
250120261944  0.367  9.8  15.8  14.8  0.35  14.7  27.7
250120261945  0.368  9.8  15.0  14.8  0.45  22.1  27.7
250120261946  0.369  9.4  16.1  12.9  0.43  19.8  27.7
250120261947  0.370  9.3  16.5  12.9  0.38  17.9  27.7
250120261948  0.372  8.9  16.5  12.5  0.36  24.2  27.7
250120261949  0.374  8.8  17.0  12.5  0.33  18.4  27.7
250120261950  0.376  8.5  17.7  12.5  0.31  18.5  27.7
250120261951  0.380  8.6  18.3  12.5  0.41  24.9  27.7
250120261952  0.382  8.4  20.1  12.5  0.30  30.1  27.7
250120261953  0.386  8.0  21.2  10.5  0.29  26.3  27.7
250120261954  0.388  7.8  21.6  10.1  0.33  27.6  27.7
250120261955  0.392  7.8  22.1  10.1  0.36  21.2  27.7
250120261956  0.395  7.6  22.6  10.1  0.19  31.2  27.7
250120261957  0.397  7.5  22.5  10.1  0.13  42.5  27.7
250120261958  0.400  7.5  23.4  10.1  0.22  33.6  27.7
250120261959  0.401  7.5  23.0  10.1  0.32  29.0  27.7
250120262000  0.405  7.6  21.8  10.2  0.28  29.6  27.7
250120262001  0.408  7.5  22.0  10.2  0.29  24.8  27.7
250120262002  0.410  7.5  20.8  10.2  0.34  6.1  27.7
250120262003  0.413  7.4  20.6  10.2  0.35  11.3  27.7
250120262004  0.417  7.3  19.6  10.2  0.37  17.0  27.7
250120262005  0.419  7.2  18.7  10.2  0.26  8.7  27.7
250120262006  0.422  7.1  17.4  10.2  0.30  2.5  27.7
250120262007  0.423  6.9  16.4  10.2  0.25  2.4  27.7
250120262008  0.425  6.6  13.3  10.2  0.33  2.5  27.7
250120262009  0.428  6.5  11.5  10.2  0.30  356.1  27.7
250120262010  0.431  6.2  9.9  8.9  0.21  4.7  27.7
250120262011  0.434  6.1  7.2  8.9  0.14  9.2  27.7
250120262012  0.437  6.1  5.6  8.1  0.09  340.1  27.7
250120262013  0.441  6.1  4.2  8.1  0.28  0.7  27.8
250120262014  0.444  6.2  2.8  8.1  0.25  7.3  27.8
250120262015  0.445  6.3  1.1  8.1  0.20  357.3  27.8
250120262016  0.449  6.5  359.9  8.1  0.14  346.6  27.8
250120262017  0.451  6.8  359.3  8.1  0.21  354.2  27.8
250120262018  0.455  6.9  359.7  8.1  0.10  315.5  27.8
250120262019  0.459  6.9  359.8  8.1  0.26  359.2  27.8
250120262020  0.461  7.1  359.5  8.1  0.09  342.4  27.8
250120262021  0.464  7.1  359.4  8.1  0.11  352.8  27.8
250120262022  0.466  7.1  359.0  8.1  0.26  11.7  27.8
250120262023  0.470  7.0  359.3  8.1  0.26  355.1  27.8
250120262024  0.474  6.9  0.3  8.1  0.15  0.5  27.8
250120262025  0.477  7.0  1.7  8.3  0.10  15.5  27.8
250120262026  0.480  6.9  2.7  8.3  0.06  180.2  27.8
250120262027  0.484  6.9  3.8  8.3  0.04  349.1  27.8
250120262028  0.487  6.9  4.3  8.3  0.08  15.9  27.8
250120262029  0.490  7.0  5.2  8.3  0.07  226.3  27.8
250120262030  0.494  7.0  6.2  9.2  0.03  309.7  27.8
250120262031  0.497  7.2  5.9  9.2  0.02  321.6  27.8
250120262032  0.500  7.4  5.4  9.3  0.16  178.1  27.8
250120262033  0.505  7.6  4.2  9.3  0.20  198.0  27.8
250120262034  0.507  7.7  3.7  9.3  0.04  280.0  27.8
250120262035  0.511  7.8  3.1  9.3  0.08  195.6  27.8
250120262036  0.513  7.9  2.4  9.3  0.11  162.1  27.8
250120262037  0.514  8.0  1.6  9.3  0.04  158.0  27.8
250120262038  0.517  8.0  1.5  9.3  0.06  214.8  27.8
250120262039  0.519  8.2  0.8  9.3  0.05  159.7  27.8
250120262040  0.521  8.2  359.8  9.3  0.09  224.7  27.8
250120262041  0.524  8.1  0.2  9.3  0.24  183.2  27.8
250120262042  0.525  7.9  0.4  9.3  0.13  192.5  27.8
250120262043  0.526  7.9  0.0  9.3  0.11  182.1  27.8
250120262044  0.528  7.9  359.5  9.3  0.09  184.9  27.8
250120262045  0.529  7.8  359.4  9.3  0.11  188.0  27.8
250120262046  0.530  7.6  359.3  9.3  0.05  183.7  27.8
250120262047  0.531  7.3  360.0  9.3  0.12  160.9  27.8
250120262048  0.534  7.2  0.2  9.3  0.13  173.7  27.8
250120262049  0.536  7.0  0.3  9.1  0.11  171.3  27.8
250120262050  0.538  6.7  0.3  9.1  0.14  181.8  27.8
250120262051  0.539  6.5  359.2  8.3  0.21  184.6  27.8
250120262052  0.541  6.4  358.6  8.3  0.25  182.4  27.8
250120262053  0.543  6.2  358.9  7.9  0.19  187.6  27.8
250120262054  0.545  6.0  358.2  7.6  0.23  173.3  27.8
250120262055  0.548  5.8  356.8  7.2  0.27  177.2  27.7
250120262056  0.551  5.7  355.9  7.2  0.12  167.7  27.8
250120262057  0.555  5.7  354.0  7.2  0.24  173.9  27.8
250120262058  0.558  5.6  352.0  6.8  0.26  176.0  27.8
250120262059  0.561  5.5  350.7  6.8  0.21  171.2  27.7
250120262100  0.564  5.5  350.2  6.5  0.17  176.4  27.7
250120262101  0.567  5.4  349.7  6.5  0.22  165.3  27.7
250120262102  0.571  5.3  349.0  6.5  0.21  160.6  27.7
250120262103  0.574  5.1  347.4  6.5  0.16  146.9  27.7
250120262104  0.578  4.9  345.9  6.5  0.25  168.9  27.7
250120262105  0.582  4.6  345.2  6.5  0.22  160.4  27.7
250120262106  0.585  4.3  343.6  6.5  0.34  168.6  27.7
250120262107  0.588  3.9  343.1  6.5  0.29  161.2  27.7
250120262108  0.591  3.8  342.7  6.3  0.27  169.5  27.7
250120262109  0.595  3.7  341.0  6.3  0.26  164.0  27.7
250120262110  0.599  3.7  338.1  7.0  0.22  155.3  27.7
250120262111  0.605  3.8  336.3  7.0  0.32  164.2  27.7
250120262112  0.609  3.9  336.5  7.0  0.20  150.1  27.7
250120262113  0.613  4.0  335.8  7.3  0.22  168.9  27.7
250120262114  0.617  4.2  336.7  7.4  0.23  151.6  27.7
250120262115  0.622  4.4  335.5  7.4  0.23  168.7  27.7
250120262116  0.626  4.8  337.4  7.4  0.25  161.8  27.7
250120262117  0.629  5.2  338.8  7.4  0.31  178.4  27.7
250120262118  0.632  5.4  339.9  7.6  0.28  167.1  27.7
250120262119  0.635  5.4  340.8  7.6  0.06  171.6  27.7
250120262120  0.639  5.5  341.5  7.6  0.28  179.3  27.7
250120262121  0.644  5.4  341.0  7.6  0.17  173.4  27.7
250120262122  0.646  5.2  339.2  7.6  0.21  175.1  27.7
250120262123  0.650  5.0  339.9  7.6  0.19  173.1  27.7
250120262124  0.652  5.1  340.0  7.6  0.15  183.2  27.7
250120262125  0.655  5.1  340.9  7.6  0.12  178.3  27.7
250120262126  0.658  5.1  340.3  7.6  0.24  189.5  27.7
250120262127  0.661  5.2  339.5  7.6  0.18  206.0  27.7
250120262128  0.663  5.3  338.9  7.5  0.26  205.5  27.7
250120262129  0.667  5.4  338.6  7.5  0.30  210.8  27.7
250120262130  0.669  5.6  340.2  7.8  0.32  202.9  27.7
250120262131  0.674  5.9  342.3  8.7  0.21  201.3  27.7
250120262132  0.676  6.2  344.5  8.7  0.30  198.5  27.7
250120262133  0.680  6.7  345.8  8.7  0.35  190.0  27.6
250120262134  0.685  6.9  346.4  8.7  0.34  201.8  27.6
250120262135  0.689  7.1  347.3  8.7  0.37  194.2  27.6
250120262136  0.692  7.2  347.7  8.7  0.23  189.5  27.6
250120262137  0.695  7.3  348.0  8.7  0.34  191.0  27.6
250120262138  0.700  7.5  348.8  9.2  0.34  200.0  27.6
250120262139  0.705  7.7  350.2  10.3  0.37  198.7  27.6
250120262140  0.710  7.8  351.2  10.3  0.33  194.4  27.6
250120262141  0.714  8.0  352.3  10.3  0.34  192.6  27.6
250120262142  0.720  8.2  352.2  10.6  0.42  193.2  27.6
250120262143  0.725  8.5  353.0  11.3  0.45  200.3  27.6
250120262144  0.730  8.9  354.5  11.9  0.39  190.6  27.6
250120262145  0.735  9.4  355.4  12.8  0.44  199.9  27.6
250120262146  0.741  9.9  355.9  13.5  0.47  198.3  27.6
250120262147  0.747  10.4  357.0  13.5  0.30  199.2  27.6
250120262148  0.752  10.8  357.5  13.5  0.32  199.2  27.6
250120262149  0.758  11.1  357.3  14.9  0.38  196.1  27.6
250120262150  0.763  11.7  357.0  14.9  0.44  195.5  27.6
250120262151  0.768  12.2  356.9  15.4  0.48  193.2  27.6
250120262152  0.773  12.7  357.4  17.2  0.41  199.1  27.6
250120262153  0.778  13.2  357.2  17.2  0.48  197.4  27.6
250120262154  0.784  13.8  356.8  18.3  0.45  198.2  27.6
250120262155  0.789  14.2  356.9  18.3  0.59  192.1  27.6
250120262156  0.793  14.6  357.4  18.3  0.39  196.2  27.6
250120262157  0.799  15.0  357.7  18.3  0.42  201.2  27.6
250120262158  0.803  15.1  358.1  18.3  0.51  194.8  27.6
250120262159  0.808  15.0  359.4  18.3  0.40  199.7  27.6
250120262200  0.812  14.6  0.6  18.3  0.59  197.4  27.6
250120262201  0.816  14.0  2.3  18.3  0.51  196.8  27.6
250120262202  0.821  13.2  4.4  18.3  0.42  191.3  27.6
250120262203  0.826  12.4  7.9  18.3  0.50  191.8  27.6
250120262204  0.830  11.4  11.9  18.1  0.51  194.0  27.6
250120262205  0.834  10.5  16.5  18.0  0.59  187.4  27.6
250120262206  0.838  9.7  22.0  18.0  0.59  185.9  27.6
250120262207  0.841  9.0  26.9  14.8  0.55  185.3  27.6
250120262208  0.846  8.6  31.0  13.8  0.47  178.7  27.6
250120262209  0.850  8.5  33.7  13.8  0.66  188.3  27.6
250120262210  0.855  8.5  33.8  12.9  0.51  180.2  27.6
250120262211  0.861  8.9  32.7  16.3  0.48  188.4  27.6
250120262212  0.868  9.4  30.6  16.3  0.51  187.4  27.6
250120262213  0.875  9.7  27.1  16.3  0.55  186.7  27.6
250120262214  0.881  10.2  24.5  16.3  0.65  190.3  27.6
250120262215  0.887  10.7  22.5  16.3  0.54  183.4  27.6
250120262216  0.893  10.9  20.5  16.3  0.61  186.2  27.6
250120262217  0.899  11.0  19.8  16.3  0.63  179.6  27.6
250120262218  0.906  10.9  18.9  16.3  0.66  184.0  27.6
250120262219  0.913  10.8  16.8  16.3  0.63  178.0  27.6
250120262220  0.920  10.6  15.9  16.3  0.58  179.7  27.6
250120262221  0.926  10.1  14.1  14.6  0.59  181.0  27.6
250120262222  0.931  9.7  12.4  14.6  0.59  181.9  27.6
250120262223  0.936  9.6  11.0  14.0  0.51  182.3  27.6
250120262224  0.942  9.8  8.5  16.8  0.69  183.7  27.6
250120262225  0.945  10.0  8.1  16.8  0.63  179.5  27.6
250120262226  0.950  10.0  8.2  16.8  0.58  179.1  27.6
250120262227  0.954  9.8  8.5  16.8  0.63  183.5  27.6
250120262228  0.957  10.0  10.0  16.8  0.63  184.0  27.6
250120262229  0.960  10.3  12.7  16.8  0.50  183.1  27.6
250120262230  0.963  10.6  14.2  16.8  0.60  188.1  27.6
250120262231  0.967  11.3  16.1  16.8  0.60  188.0  27.6
250120262232  0.970  11.7  17.2  16.8  0.56  182.4  27.6
250120262233  0.974  12.0  17.9  16.8  0.56  180.5  27.6
250120262234  0.978  12.0  18.9  16.5  0.65  184.5  27.6
250120262235  0.983  11.9  19.1  16.5  0.71  179.7  27.6
250120262236  0.986  12.0  19.5  16.5  0.56  176.8  27.6
250120262237  0.988  12.1  19.8  16.5  0.54  179.1  27.6
250120262238  0.991  11.9  20.1  16.5  0.54  182.8  27.6
250120262239  0.992  11.4  19.2  16.5  0.57  182.4  27.6
250120262240  0.993  10.9  20.2  16.5  0.61  182.7  27.6
250120262241  0.996  9.8  19.4  16.5  0.44  177.6  27.6
250120262242  0.999  8.9  19.5  16.5  0.58  186.0  27.6
250120262243  1.002  7.9  19.7  16.5  0.51  179.5  27.6
250120262244  1.006  6.8  20.5  14.3  0.62  180.8  27.6
250120262245  1.011  6.0  18.9  12.5  0.56  184.7  27.6
250120262246  1.015  5.5  16.9  11.9  0.62  184.4  27.6
250120262247  1.019  5.4  13.8  10.9  0.52  179.8  27.6
250120262248  1.024  5.5  12.1  9.7  0.59  180.0  27.6
250120262249  1.027  5.6  14.1  9.7  0.64  182.8  27.6
250120262250  1.033  5.8  14.1  12.0  0.55  184.5  27.6
250120262251  1.039  6.2  17.2  12.0  0.44  182.7  27.6
250120262252  1.045  6.5  20.5  12.0  0.57  181.7  27.6
250120262253  1.053  7.4  24.7  14.5  0.45  191.5  27.6
250120262254  1.060  8.0  26.6  14.5  0.58  181.1  27.6
250120262255  1.066  8.3  28.9  14.5  0.50  193.1  27.6
250120262256  1.069  8.4  29.6  14.5  0.55  184.1  27.6
250120262257  1.075  8.2  30.7  14.5  0.64  177.3  27.6
250120262258  1.079  7.7  30.5  14.5  0.63  180.9  27.6
250120262259  1.085  7.3  28.5  14.5  0.56  179.6  27.6
250120262300  1.092  6.6  26.7  14.5  0.68  176.5  27.6
250120262301  1.096  5.9  24.3  14.5  0.60  177.9  27.6
250120262302  1.100  5.1  21.2  14.5  0.52  182.3  27.6
250120262303  1.103  4.0  14.2  10.9  0.49  173.1  27.6
250120262304  1.106  3.2  4.9  8.5  0.59  184.9  27.6
250120262305  1.109  2.5  356.4  8.5  0.51  174.2  27.6
250120262306  1.113  2.0  347.9  5.8  0.56  182.0  27.6
250120262307  1.117  1.9  339.8  5.7  0.67  184.7  27.6
250120262308  1.122  1.9  341.9  5.7  0.57  179.3  27.6
250120262309  1.127  2.0  347.0  7.0  0.67  176.8  27.6
250120262310  1.131  2.2  355.3  7.0  0.72  177.8  27.6
250120262311  1.135  2.6  2.6  7.0  0.54  177.4  27.6
250120262312  1.140  3.1  5.8  7.0  0.80  181.2  27.6
250120262313  1.143  3.5  8.7  7.0  0.73  181.1  27.5
250120262314  1.147  3.8  10.1  7.0  0.75  174.7  27.5
250120262315  1.152  3.9  8.1  7.0  0.77  177.1  27.5
250120262316  1.156  3.9  4.6  7.0  0.82  179.4  27.5
250120262317  1.162  3.7  1.0  7.0  0.82  175.9  27.5
250120262318  1.167  3.4  356.6  7.0  0.69  173.7  27.5
250120262319  1.171  3.0  351.6  6.9  0.65  177.8  27.5
250120262320  1.173  2.8  345.9  6.0  0.70  177.9  27.5
250120262321  1.175  2.7  342.5  5.8  0.77  177.4  27.5
250120262322  1.177  2.5  342.3  5.8  0.67  178.2  27.5
250120262323  1.179  2.3  342.3  5.1  0.66  173.3  27.5
250120262324  1.183  2.1  346.6  5.1  0.62  177.2  27.5
250120262325  1.187  2.1  353.7  5.1  0.75  177.1  27.5
250120262326  1.190  2.2  2.8  5.1  0.75  179.1  27.5
250120262327  1.196  2.6  10.5  5.4  0.62  175.4  27.5
250120262328  1.201  2.9  13.3  5.4  0.62  173.3  27.5
250120262329  1.204  3.0  14.7  5.4  0.67  176.9  27.5
250120262330  1.209  2.9  16.5  5.4  0.67  182.4  27.5
250120262331  1.213  2.7  19.8  5.4  0.60  174.1  27.5
250120262332  1.217  2.7  20.2  5.4  0.64  175.1  27.5
250120262333  1.221  2.5  20.1  5.4  0.65  183.3  27.4
250120262334  1.224  2.3  20.2  5.4  0.60  174.8  27.4
250120262335  1.227  2.1  19.7  5.4  0.65  180.9  27.4
250120262336  1.230  1.8  16.5  5.4  0.64  177.5  27.4
250120262337  1.230  1.6  13.0  4.8  0.65  178.2  27.4
250120262338  1.231  1.4  9.4  3.2  0.71  180.3  27.4
250120262339  1.233  1.4  9.8  3.2  0.58  178.9  27.4
250120262340  1.236  1.3  10.3  3.2  0.68  174.2  27.4
250120262341  1.238  1.2  9.6  3.2  0.61  176.6  27.4
250120262342  1.242  1.0  6.8  2.3  0.64  174.3  27.4
250120262343  1.245  1.1  3.0  2.5  0.75  179.7  27.4
250120262344  1.247  1.1  2.6  2.5  0.59  175.2  27.4
250120262345  1.250  1.2  2.1  2.5  0.64  175.5  27.4
250120262346  1.251  1.1  5.1  2.5  0.67  180.1  27.4
250120262347  1.253  1.1  6.0  2.5  0.70  180.9  27.4
250120262348  1.256  1.0  5.8  2.5  0.60  174.5  27.4
250120262349  1.260  0.8  3.8  2.5  0.70  174.6  27.4
250120262350  1.262  0.7  358.7  2.5  0.66  176.3  27.4
250120262351  1.265  0.7  357.4  2.5  0.70  174.2  27.4
250120262352  1.268  0.6  3.0  2.5  0.70  179.3  27.4
250120262353  1.269  0.5  19.3  1.7  0.65  175.1  27.4
250120262354  1.270  0.5  43.8  3.0  0.52  174.6  27.4
250120262355  1.271  0.7  61.0  3.0  0.63  176.9  27.4
250120262356  1.273  0.8  74.1  3.0  0.61  177.5  27.4
250120262357  1.275  0.9  79.6  3.0  0.43  170.7  27.4
250120262358  1.277  1.1  83.5  3.0  0.55  183.7  27.4
250120262359  1.280  1.3  84.9  3.0  0.50  182.6  27.4
260120260000  1.282  1.5  87.6  3.0  0.56  179.7  27.4
260120260001  1.283  1.6  88.0  3.0  0.61  174.2  27.4
260120260002  1.286  1.8  86.6  3.0  0.55  179.8  27.4
260120260003  1.286  1.7  83.9  3.0  0.61  181.4  27.4
260120260004  1.288  1.4  80.7  3.0  0.57  173.9  27.4
260120260005  1.290  1.2  80.1  2.9  0.64  182.4  27.4
260120260006  1.291  1.2  74.7  2.9  0.57  183.4  27.4
260120260007  1.293  1.3  70.0  2.9  0.53  177.8  27.4
260120260008  1.296  1.2  64.8  2.9  0.53  178.2  27.4
260120260009  1.296  1.2  57.8  2.9  0.56  177.8  27.4
260120260010  1.299  1.3  52.2  2.9  0.53  169.8  27.4
260120260011  1.300  1.3  43.2  2.9  0.59  178.9  27.4
260120260012  1.301  1.2  39.4  2.7  0.49  170.3  27.4
260120260013  1.302  1.3  42.6  2.7  0.59  171.9  27.4
260120260014  1.305  1.4  50.0  2.7  0.54  169.9  27.4
260120260015  1.307  1.7  53.2  5.6  0.68  173.7  27.4
260120260016  1.309  2.0  48.9  6.5  0.60  165.9  27.4
260120260017  1.311  2.2  46.8  6.5  0.55  169.8  27.4
260120260018  1.312  2.4  45.3  6.5  0.60  172.9  27.4
260120260019  1.314  2.8  45.1  6.5  0.55  175.1  27.4
260120260020  1.316  3.0  43.1  6.5  0.64  175.1  27.4
260120260021  1.318  3.2  43.9  6.5  0.53  161.6  27.4
260120260022  1.320  3.5  44.3  6.5  0.59  172.0  27.4
260120260023  1.324  3.8  43.1  6.5  0.62  173.1  27.4
260120260024  1.326  3.9  42.8  6.5  0.43  167.5  27.4
260120260025  1.326  4.0  41.8  6.5  0.48  175.7  27.4
260120260026  1.329  3.8  40.8  6.4  0.65  171.8  27.4
260120260027  1.331  3.8  40.1  6.4  0.45  163.4  27.4
260120260028  1.331  3.7  40.7  6.4  0.57  174.4  27.4
260120260029  1.333  3.4  41.5  6.4  0.49  169.0  27.4
260120260030  1.335  3.2  42.4  6.4  0.51  171.3  27.4
260120260031  1.336  3.2  44.0  6.4  0.51  174.0  27.4
260120260032  1.339  3.2  43.0  5.3  0.42  163.9  27.4
260120260033  1.342  3.1  40.4  5.3  0.51  168.0  27.4
260120260034  1.344  3.0  34.6  5.3  0.55  170.3  27.4
260120260035  1.346  3.1  30.5  5.3  0.63  173.6  27.4
260120260036  1.349  3.0  31.3  5.3  0.51  163.6  27.4
260120260037  1.349  2.9  31.2  5.3  0.45  167.3  27.4
260120260038  1.351  2.8  29.9  5.3  0.49  172.1  27.4
260120260039  1.353  2.7  28.6  5.3  0.46  174.7  27.4
260120260040  1.356  2.7  27.9  5.3  0.49  171.9  27.4
260120260041  1.359  2.7  26.5  5.3  0.50  178.3  27.4
260120260042  1.362  2.7  25.8  5.0  0.46  168.0  27.4
260120260043  1.365  2.8  27.3  5.0  0.51  168.6  27.4
260120260044  1.366  2.9  30.8  5.8  0.56  174.1  27.4
260120260045  1.368  3.0  30.7  5.8  0.61  173.4  27.4
260120260046  1.368  3.1  26.6  5.8  0.53  177.3  27.4
260120260047  1.372  3.2  23.2  5.8  0.57  175.7  27.4
260120260048  1.373  3.5  20.3  5.8  0.45  172.8  27.4
260120260049  1.375  3.8  18.3  5.8  0.50  167.4  27.4
260120260050  1.376  4.1  17.0  5.8  0.53  172.2  27.4
260120260051  1.378  4.2  15.3  5.8  0.38  176.9  27.4
260120260052  1.380  4.2  13.4  5.8  0.43  181.2  27.4
260120260053  1.382  4.2  14.2  5.8  0.43  168.3  27.4
260120260054  1.385  4.0  15.9  5.6  0.69  180.9  27.4
260120260055  1.387  3.9  19.4  5.4  0.54  174.7  27.4
260120260056  1.388  3.9  22.0  5.4  0.60  173.3  27.4
260120260057  1.391  3.9  24.4  5.4  0.46  174.7  27.4
260120260058  1.394  3.8  26.1  5.4  0.48  171.9  27.4
260120260059  1.395  3.6  27.8  5.4  0.46  167.2  27.4
260120260100  1.396  3.5  28.3  5.0  0.43  170.4  27.4
260120260101  1.397  3.6  27.4  6.6  0.53  165.8  27.4
260120260102  1.399  3.6  28.6  6.6  0.46  168.1  27.4
260120260103  1.399  3.6  27.7  6.6  0.51  168.9  27.4
260120260104  1.398  3.7  26.4  6.6  0.54  170.8  27.4
260120260105  1.400  3.7  24.9  6.6  0.49  169.6  27.4
260120260106  1.401  3.6  24.0  6.6  0.40  173.0  27.4
260120260107  1.400  3.6  22.9  6.6  0.47  168.6  27.4
260120260108  1.399  3.7  21.3  6.6  0.42  167.4  27.3
260120260109  1.396  3.8  19.2  6.6  0.47  174.7  27.3
260120260110  1.394  3.9  19.5  6.6  0.36  163.3  27.3
260120260111  1.394  3.9  20.2  5.9  0.34  168.3  27.3
260120260112  1.393  3.9  17.7  5.8  0.30  157.1  27.3
260120260113  1.393  4.0  16.4  5.8  0.36  178.2  27.3
260120260114  1.391  4.1  15.2  5.8  0.34  172.7  27.3
260120260115  1.389  4.2  15.0  5.8  0.32  182.6  27.3
260120260116  1.389  4.1  16.0  5.8  0.30  179.5  27.3
260120260117  1.389  4.2  17.0  5.8  0.35  166.6  27.3
260120260118  1.387  4.3  18.5  5.8  0.31  169.3  27.3
260120260119  1.387  4.4  18.5  6.3  0.28  160.0  27.3
260120260120  1.386  4.5  18.0  6.3  0.25  166.7  27.3
260120260121  1.387  4.4  18.8  6.3  0.19  178.9  27.3
260120260122  1.389  4.3  21.2  6.3  0.36  182.2  27.3
260120260123  1.390  4.3  24.1  6.3  0.29  181.5  27.3
260120260124  1.391  4.2  24.4  6.3  0.43  182.8  27.3
260120260125  1.392  4.1  24.2  6.3  0.37  171.8  27.3
260120260126  1.393  4.0  24.7  6.3  0.33  158.0  27.3
260120260127  1.393  3.8  25.3  6.3  0.19  156.8  27.3
260120260128  1.394  3.5  26.2  6.3  0.43  172.9  27.3
260120260129  1.395  3.2  29.7  5.3  0.34  179.5  27.3
260120260130  1.395  3.0  33.3  5.2  0.31  172.7  27.3
260120260131  1.395  2.8  35.5  5.2  0.40  171.7  27.3
260120260132  1.396  2.6  36.9  5.2  0.42  172.6  27.2
260120260133  1.395  2.3  37.9  4.3  0.32  168.8  27.2
260120260134  1.393  2.1  41.8  3.7  0.32  149.2  27.2
260120260135  1.394  2.0  42.9  2.9  0.27  152.3  27.2
260120260136  1.393  2.0  40.7  3.1  0.17  143.2  27.2
260120260137  1.394  2.1  39.2  4.3  0.38  166.9  27.2
260120260138  1.394  2.3  34.1  4.9  0.27  179.5  27.1
260120260139  1.394  2.5  28.9  5.9  0.29  172.2  27.1
260120260140  1.393  2.9  26.3  6.0  0.36  164.1  27.1
260120260141  1.394  3.1  24.5  6.0  0.30  156.7  27.1
260120260142  1.393  3.3  23.5  6.0  0.30  166.9  27.1
260120260143  1.393  3.6  22.6  6.0  0.36  185.1  27.1
260120260144  1.393  3.7  20.8  6.0  0.43  187.2  27.1
260120260145  1.393  3.9  20.6  6.0  0.24  193.7  27.1
260120260146  1.394  4.0  22.1  6.0  0.30  190.7  27.1
260120260147  1.394  3.9  23.3  6.0  0.27  180.5  27.1
260120260148  1.396  3.9  26.0  6.0  0.32  187.9  27.1
260120260149  1.396  3.7  28.0  6.0  0.22  157.6  27.1
260120260150  1.396  3.5  28.2  5.2  0.20  167.8  27.1
260120260151  1.396  3.5  27.0  5.4  0.30  177.6  27.1
260120260152  1.396  3.6  24.9  5.6  0.20  176.2  27.1
260120260153  1.394  3.8  23.4  5.6  0.21  157.6  27.1
260120260154  1.393  3.9  22.1  5.6  0.28  165.4  27.1
260120260155  1.393  4.0  20.8  5.6  0.25  180.8  27.0
260120260156  1.392  4.2  18.9  5.6  0.20  208.4  27.0
260120260157  1.392  4.3  17.3  5.6  0.16  199.1  26.9
260120260158  1.389  4.3  16.0  5.6  0.19  190.0  26.9
260120260159  1.387  4.3  15.5  5.6  0.31  182.9  27.0
260120260200  1.384  4.3  15.3  5.6  0.27  178.4  27.0
260120260201  1.380  4.1  15.6  5.6  0.19  161.9  27.0
260120260202  1.377  3.8  16.6  5.5  0.18  131.3  27.1
260120260203  1.375  3.5  18.1  5.4  0.17  140.5  27.1
260120260204  1.372  3.1  20.4  5.4  0.20  126.6  27.1
260120260205  1.369  2.8  22.4  5.4  0.15  154.7  27.1
260120260206  1.366  2.6  24.6  4.7  0.13  73.8  27.1
260120260207  1.365  2.3  27.1  4.5  0.08  130.5  27.1
260120260208  1.364  2.1  30.2  3.6  0.15  161.8  27.1
260120260209  1.362  1.9  33.8  3.6  0.14  152.2  27.0
260120260210  1.361  1.8  36.5  3.6  0.06  158.4  27.0
260120260211  1.360  1.8  40.4  2.7  0.12  159.8  27.0
260120260212  1.361  1.8  44.0  3.0  0.16  190.0  27.0
260120260213  1.361  1.9  47.4  3.2  0.16  181.5  27.0
260120260214  1.360  2.1  51.4  5.0  0.05  146.5  27.0
260120260215  1.360  2.2  53.6  5.0  0.19  199.4  27.0
260120260216  1.360  2.4  56.7  5.0  0.28  188.4  27.0
260120260217  1.360  2.6  57.2  5.0  0.13  184.1  27.1
260120260218  1.360  2.7  57.0  5.0  0.28  174.1  27.1
260120260219  1.360  2.8  56.9  5.0  0.20  163.4  27.1
260120260220  1.360  2.9  58.1  5.0  0.15  161.8  27.1
260120260221  1.359  2.9  57.4  5.0  0.11  178.3  27.1
260120260222  1.359  2.9  56.9  5.0  0.10  201.8  27.1
260120260223  1.357  2.9  55.2  5.0  0.15  181.1  27.2
260120260224  1.355  2.8  53.1  4.4  0.18  175.5  27.2
260120260225  1.353  2.7  52.5  4.2  0.11  176.0  27.2
260120260226  1.352  2.6  51.0  4.1  0.19  188.8  27.2
260120260227  1.352  2.6  51.1  4.1  0.08  165.2  27.2
260120260228  1.351  2.6  52.4  4.1  0.13  184.1  27.2
260120260229  1.350  2.5  53.8  4.1  0.06  165.0  27.2
260120260230  1.347  2.6  54.5  4.1  0.19  173.2  27.2
260120260231  1.347  2.6  56.5  3.7  0.26  165.0  27.1
260120260232  1.344  2.7  57.2  3.7  0.04  122.8  27.1
260120260233  1.344  2.7  58.7  3.7  0.12  160.6  27.1
260120260234  1.343  2.7  60.1  3.7  0.13  177.8  27.1
260120260235  1.339  2.6  60.1  3.7  nan  nan  nan
260120260236  1.338  2.7  59.4  3.9  0.10  188.8  27.1
260120260237  1.336  2.7  58.4  3.9  0.17  148.6  27.1
260120260238  1.333  2.7  56.1  3.9  0.05  190.0  27.1
260120260239  1.332  2.6  53.4  3.9  0.06  176.9  27.1
260120260240  1.330  2.6  51.4  3.9  0.14  179.8  27.1
260120260241  1.328  2.6  50.0  3.9  0.06  114.0  27.1
260120260242  1.325  2.6  48.9  3.9  0.03  92.4  27.1
260120260243  1.322  2.8  47.0  4.4  0.02  34.4  27.1
260120260244  1.319  2.9  44.2  4.5  0.06  135.3  27.1
260120260245  1.316  2.9  43.0  4.5  0.07  349.1  27.1
260120260246  1.315  2.8  41.8  4.5  0.06  10.0  27.1
260120260247  1.313  2.8  41.6  4.5  0.02  325.0  27.1
260120260248  1.311  2.8  42.4  4.5  nan  nan  nan
260120260249  1.310  2.9  44.0  4.7  0.06  308.9  27.1
260120260250  1.308  2.9  44.6  4.7  0.21  23.6  27.1
260120260251  1.305  2.8  43.8  4.7  0.02  73.4  27.1
260120260252  1.305  2.7  43.1  4.7  0.03  280.0  27.1
260120260253  1.302  2.5  44.2  4.7  0.07  177.5  27.1
260120260254  1.301  2.3  46.6  4.7  0.14  345.2  27.1
260120260255  1.300  2.2  46.9  4.7  0.13  1.6  27.0
260120260256  1.298  2.2  45.9  4.7  0.06  358.7  27.0
260120260257  1.298  2.0  45.1  4.7  0.02  356.0  27.0
260120260258  1.299  2.0  43.2  4.7  0.08  350.3  27.0
260120260259  1.300  2.0  40.3  4.0  0.02  291.3  27.0
260120260300  1.300  2.0  38.7  4.0  0.09  359.5  27.0
260120260301  1.300  2.0  36.6  4.0  0.11  347.6  27.0
260120260302  1.300  1.9  33.1  4.0  0.18  1.2  27.0
260120260303  1.299  2.0  30.1  4.0  0.05  307.5  27.0
260120260304  1.299  2.1  27.6  4.0  0.06  223.7  27.0
260120260305  1.299  2.1  25.6  4.0  0.09  350.8  27.0
260120260306  1.298  2.2  25.2  4.0  0.03  294.0  27.0
260120260307  1.296  2.4  23.3  4.2  0.03  239.8  27.0
260120260308  1.295  2.5  22.0  4.2  0.13  334.0  27.0
260120260309  1.292  2.6  22.3  4.9  0.18  319.7  27.0
260120260310  1.289  2.9  20.8  7.0  0.09  321.6  27.0
260120260311  1.286  3.4  21.3  7.4  0.15  316.4  27.0
260120260312  1.284  3.8  22.2  7.4  0.10  348.4  27.0
260120260313  1.280  4.1  23.4  7.4  0.15  325.5  27.0
260120260314  1.276  4.4  22.4  7.4  0.15  350.6  27.0
260120260315  1.272  4.7  22.0  7.4  0.16  357.0  27.0
260120260316  1.269  5.0  23.4  7.9  0.04  351.6  27.0
260120260317  1.266  5.2  24.2  8.7  0.13  44.9  27.0
260120260318  1.264  5.5  25.6  8.7  0.08  2.1  27.0
260120260319  1.262  5.8  25.9  8.7  nan  nan  nan
260120260320  1.261  5.8  27.3  8.7  0.05  249.4  27.0
260120260321  1.258  5.6  28.3  8.7  nan  nan  nan
260120260322  1.255  5.5  29.2  8.7  0.10  157.9  27.0
260120260323  1.251  5.4  29.5  8.7  0.10  349.7  27.0
260120260324  1.246  5.5  30.1  8.7  0.13  347.2  27.0
260120260325  1.242  5.6  30.8  8.7  0.14  346.2  27.0
260120260326  1.237  5.7  30.7  8.7  0.14  308.7  27.0
260120260327  1.232  5.6  32.1  7.7  0.14  2.1  27.0
260120260328  1.227  5.4  32.0  7.7  0.08  339.5  27.0
260120260329  1.224  5.3  31.1  7.7  0.14  342.7  27.0
260120260330  1.219  5.4  30.7  7.7  0.17  317.0  27.0
260120260331  1.214  5.5  30.6  7.7  0.34  10.0  27.0
260120260332  1.209  5.6  30.8  7.7  0.18  19.2  27.0
260120260333  1.205  5.7  30.4  7.7  0.13  358.5  27.0
260120260334  1.201  5.8  30.5  7.7  0.17  356.0  27.0
260120260335  1.197  5.8  30.4  8.5  0.19  1.7  27.1
260120260336  1.194  5.9  29.8  8.5  0.21  342.9  27.1
260120260337  1.192  5.9  28.9  8.5  0.25  359.1  27.1
260120260338  1.188  6.1  28.8  8.5  0.23  1.3  27.1
260120260339  1.185  6.2  29.4  8.5  0.16  352.0  27.1
260120260340  1.179  6.5  30.4  9.8  0.15  359.3  27.1
260120260341  1.176  6.6  30.5  9.8  0.30  14.8  27.1
260120260342  1.172  6.8  29.5  9.8  0.33  5.9  27.1
260120260343  1.168  6.9  29.5  9.8  0.27  19.9  27.1
260120260344  1.165  7.0  29.9  9.8  0.36  6.3  27.1
260120260345  1.161  6.9  29.9  9.8  0.22  43.3  27.1
260120260346  1.157  6.9  29.7  9.8  0.20  5.1  27.1
260120260347  1.152  6.9  29.6  9.8  0.18  17.3  27.1
260120260348  1.150  6.9  28.6  9.8  0.09  54.1  27.1
260120260349  1.146  6.8  28.3  9.8  0.18  356.9  27.1
260120260350  1.143  6.7  26.5  8.8  0.20  16.3  27.1
260120260351  1.138  6.5  25.0  8.8  0.17  21.6  27.1
260120260352  1.135  6.5  24.2  8.8  0.30  1.3  27.1
260120260353  1.130  6.3  23.2  8.8  0.22  358.9  27.1
260120260354  1.125  6.3  22.3  8.8  0.22  20.0  27.1
260120260355  1.121  6.2  21.1  8.8  0.37  7.0  27.1
260120260356  1.117  6.1  19.7  8.4  0.39  12.9  27.1
260120260357  1.113  6.0  18.6  8.4  0.53  10.4  27.1
260120260358  1.110  5.9  18.6  8.3  0.48  17.4  27.1
260120260359  1.106  5.9  18.2  8.3  0.41  10.3  27.1
260120260400  1.103  5.9  18.3  8.3  0.47  11.4  27.1
260120260401  1.100  5.9  18.5  8.3  0.45  12.0  27.1
260120260402  1.098  5.9  20.1  8.5  0.56  16.1  27.1
260120260403  1.094  6.0  20.4  8.5  0.53  10.4  27.1
260120260404  1.092  6.1  20.8  8.5  0.56  8.0  27.1
260120260405  1.089  6.3  22.0  8.5  0.60  8.1  27.1
260120260406  1.086  6.4  22.6  8.5  0.51  8.9  27.1
260120260407  1.085  6.6  22.7  10.8  0.53  4.7  27.1
260120260408  1.083  6.9  23.1  10.8  0.38  11.8  27.1
260120260409  1.080  7.0  22.6  10.8  0.56  8.2  27.1
260120260410  1.078  7.1  22.1  10.8  0.47  11.9  27.1
260120260411  1.075  7.2  21.3  10.8  0.43  14.1  27.1
260120260412  1.072  7.3  20.5  10.8  0.42  12.7  27.1
260120260413  1.068  7.2  19.6  10.8  0.49  3.8  27.1
260120260414  1.064  7.2  18.5  10.8  0.45  6.0  27.1
260120260415  1.061  7.1  18.0  10.8  0.59  9.4  27.1
260120260416  1.060  7.1  18.0  10.8  0.54  5.3  27.1
260120260417  1.056  6.9  17.9  9.8  0.55  11.8  27.1
260120260418  1.053  6.7  16.9  8.6  0.47  3.6  27.1
260120260419  1.050  6.6  16.5  8.3  0.52  7.2  27.1
260120260420  1.046  6.4  16.0  8.3  0.49  2.5  27.1
260120260421  1.041  6.3  16.4  7.7  0.38  6.2  27.1
260120260422  1.037  6.2  15.8  7.6  0.47  7.9  27.1
260120260423  1.033  6.3  15.3  7.6  0.48  11.9  27.1
260120260424  1.029  6.2  15.7  7.6  0.40  7.2  27.1
260120260425  1.026  6.2  15.4  7.6  0.62  9.6  27.1
260120260426  1.025  6.1  14.5  9.0  0.66  9.3  27.1
260120260427  1.022  6.2  13.7  9.0  0.52  9.4  27.2
260120260428  1.019  6.3  13.8  9.0  0.44  9.2  27.2
260120260429  1.017  6.4  13.5  9.0  0.64  7.2  27.2
260120260430  1.012  6.4  13.5  9.0  0.57  15.1  27.2
260120260431  1.007  6.5  12.9  9.0  0.51  13.1  27.2
260120260432  1.004  6.4  12.9  9.0  0.63  17.6  27.2
260120260433  1.002  6.4  13.5  9.0  0.66  9.7  27.2
260120260434  0.999  6.3  13.0  9.0  0.63  17.8  27.2
260120260435  0.997  6.4  12.5  9.0  0.61  11.8  27.2
260120260436  0.995  6.3  12.2  8.8  0.60  11.5  27.2
260120260437  0.992  6.2  12.1  8.2  0.61  6.0  27.2
260120260438  0.989  6.2  11.8  7.9  0.59  9.8  27.2
260120260439  0.985  6.2  12.0  7.9  0.52  7.6  27.2
260120260440  0.979  6.2  12.1  7.9  0.72  13.1  27.2
260120260441  0.976  6.3  12.8  8.7  0.64  8.3  27.2
260120260442  0.974  6.4  13.1  8.7  0.55  12.4  27.2
260120260443  0.970  6.3  13.1  8.7  0.64  13.1  27.2
260120260444  0.968  6.4  12.9  8.7  0.56  11.8  27.2
260120260445  0.964  6.2  13.3  8.7  0.73  8.8  27.2
260120260446  0.961  5.9  14.5  8.7  0.62  10.5  27.2
260120260447  0.958  5.7  15.1  8.7  0.68  13.8  27.2
260120260448  0.956  5.5  15.7  8.7  0.62  11.8  27.2
260120260449  0.954  5.4  16.6  8.7  0.80  11.3  27.2
260120260450  0.952  5.2  17.7  8.7  0.69  15.4  27.2
260120260451  0.950  4.8  19.2  8.2  0.65  15.6  27.2
260120260452  0.947  4.6  19.7  6.7  0.64  12.1  27.2
260120260453  0.944  4.4  20.2  6.0  0.56  10.2  27.2
260120260454  0.943  4.3  20.6  5.7  0.59  19.0  27.2
260120260455  0.941  4.2  20.3  5.7  0.58  16.8  27.2
260120260456  0.939  4.4  18.9  5.9  0.56  14.4  27.2
260120260457  0.937  4.5  19.2  5.9  0.67  12.3  27.2
260120260458  0.935  4.5  19.3  6.3  0.71  16.0  27.2
260120260459  0.931  4.5  19.1  6.3  0.60  13.5  27.2
260120260500  0.930  4.5  18.5  6.3  0.60  17.9  27.2
260120260501  0.926  4.7  17.4  6.3  0.53  16.5  27.2
260120260502  0.922  4.7  17.2  6.3  0.60  24.4  27.3
260120260503  0.918  4.8  16.4  6.3  0.47  23.7  27.3
260120260504  0.914  4.8  16.7  6.3  0.67  17.8  27.3
260120260505  0.910  4.8  15.6  6.3  0.65  18.4  27.3
260120260506  0.905  4.9  16.1  6.5  0.59  23.8  27.3
260120260507  0.901  4.9  15.7  6.5  0.61  29.9  27.3
260120260508  0.898  4.9  14.6  6.5  0.62  21.5  27.3
260120260509  0.896  5.1  14.2  6.6  0.54  20.8  27.3
260120260510  0.892  5.3  13.6  8.1  0.57  26.5  27.3
260120260511  0.888  5.4  12.8  8.1  0.59  24.2  27.3
260120260512  0.882  5.6  11.3  8.1  0.58  16.7  27.3
260120260513  0.878  5.7  10.6  8.1  0.62  20.3  27.3
260120260514  0.874  5.9  9.0  8.1  0.56  19.8  27.3
260120260515  0.869  6.0  7.8  8.1  0.55  18.9  27.3
260120260516  0.866  6.2  6.7  8.7  0.62  15.2  27.3
260120260517  0.860  6.4  4.7  8.7  0.52  20.7  27.3
260120260518  0.854  6.9  4.1  9.8  0.62  14.3  27.3
260120260519  0.850  7.1  1.8  9.8  0.68  12.0  27.3
260120260520  0.846  7.2  0.7  9.8  0.59  11.5  27.3
260120260521  0.842  7.5  0.1  9.8  0.62  15.5  27.3
260120260522  0.839  7.7  359.9  9.8  0.67  19.5  27.3
260120260523  0.836  8.0  359.4  9.8  0.69  16.0  27.3
260120260524  0.831  8.1  359.6  9.9  0.53  22.0  27.3
260120260525  0.828  8.4  0.4  9.9  0.66  15.9  27.3
260120260526  0.824  8.4  0.3  9.9  0.71  18.3  27.3
260120260527  0.820  8.5  0.6  9.9  0.67  14.0  27.3
260120260528  0.817  8.4  359.3  9.9  0.64  16.5  27.3
260120260529  0.816  8.4  358.7  9.9  0.72  15.9  27.3
260120260530  0.813  8.5  357.7  10.4  0.67  17.8  27.3
260120260531  0.812  8.5  356.6  10.4  0.69  15.3  27.3
260120260532  0.810  8.5  356.0  10.4  0.76  14.3  27.3
260120260533  0.808  8.5  355.1  10.4  0.57  13.1  27.3
260120260534  0.805  8.4  352.6  10.4  0.63  15.8  27.3
260120260535  0.802  8.2  349.1  10.4  0.67  15.5  27.3
260120260536  0.799  8.0  346.4  10.4  0.60  10.7  27.3
260120260537  0.796  7.9  344.3  10.4  0.61  15.5  27.3
260120260538  0.794  7.8  342.9  10.4  0.68  16.4  27.3
260120260539  0.791  7.8  341.6  11.5  0.58  19.5  27.3
260120260540  0.788  7.8  339.8  11.5  0.62  13.6  27.3
260120260541  0.785  7.8  337.7  11.5  0.61  14.9  27.3
260120260542  0.781  7.9  335.4  11.5  0.66  13.2  27.3
260120260543  0.778  7.9  334.4  11.5  0.67  19.8  27.3
260120260544  0.776  7.9  334.3  11.5  0.71  18.4  27.3
260120260545  0.775  7.8  334.9  11.5  0.63  20.0  27.3
260120260546  0.773  7.9  334.7  11.5  0.52  17.5  27.3
260120260547  0.771  7.7  333.8  11.5  0.59  24.5  27.3
260120260548  0.767  7.7  333.4  11.5  0.58  14.2  27.3
260120260549  0.766  7.5  333.3  10.6  0.69  15.7  27.3
260120260550  0.762  7.1  332.9  10.6  0.59  18.1  27.3
260120260551  0.759  6.7  332.9  10.6  0.54  16.8  27.3
260120260552  0.757  6.4  333.1  9.0  0.56  25.3  27.3
260120260553  0.754  6.2  332.1  8.7  0.55  16.1  27.3
260120260554  0.754  6.0  330.8  7.8  0.56  10.8  27.3
260120260555  0.752  5.9  328.7  8.1  0.62  19.3  27.3
260120260556  0.750  5.7  327.8  8.1  0.56  21.4  27.3
260120260557  0.749  5.6  327.4  8.1  0.63  19.3  27.3
260120260558  0.745  5.5  326.7  8.1  0.62  18.1  27.3
260120260559  0.744  5.4  326.3  8.1  0.59  18.8  27.3
260120260600  0.744  5.7  324.6  9.6  0.51  15.5  27.3
260120260601  0.742  5.9  324.8  9.6  0.59  18.6  27.3
260120260602  0.741  6.0  324.8  9.6  0.64  22.3  27.3
260120260603  0.740  5.9  324.0  9.6  0.44  21.2  27.3
260120260604  0.740  6.0  323.8  9.6  0.63  21.4  27.3
260120260605  0.740  5.8  324.6  9.6  0.49  19.4  27.3
260120260606  0.739  5.6  324.6  9.6  0.52  22.1  27.3
260120260607  0.740  5.6  323.2  9.6  0.42  19.4  27.3
260120260608  0.739  5.8  320.7  9.6  0.39  28.1  27.3
260120260609  0.739  5.8  318.8  9.6  0.49  19.5  27.3
260120260610  0.738  5.4  318.7  9.6  0.48  23.1  27.3
260120260611  0.737  5.4  319.3  9.6  0.47  28.2  27.3
260120260612  0.736  5.3  318.2  9.6  0.35  31.2  27.3
260120260613  0.734  5.5  318.0  9.6  0.48  25.9  27.3
260120260614  0.733  5.5  317.5  9.6  0.38  24.0  27.3
260120260615  0.731  5.5  317.4  9.6  0.54  16.6  27.3
260120260616  0.730  5.6  317.9  9.6  0.54  22.3  27.3
260120260617  0.728  5.7  319.5  9.6  0.57  18.1  27.3
260120260618  0.726  5.3  323.4  9.1  0.56  9.8  27.3
260120260619  0.723  5.1  323.5  9.1  0.64  8.6  27.3
260120260620  0.719  5.0  321.1  9.1  0.54  11.2  27.3
260120260621  0.717  4.8  317.0  9.1  0.59  9.4  27.3
260120260622  0.714  4.7  315.4  9.1  0.60  12.6  27.3
260120260623  0.712  4.4  314.0  6.9  0.62  13.4  27.3
260120260624  0.712  4.4  318.1  8.4  0.57  8.2  27.3
260120260625  0.709  4.5  319.1  8.4  0.46  7.3  27.3
260120260626  0.706  4.5  319.2  8.4  0.58  9.8  27.3
260120260627  0.703  4.5  318.9  8.4  0.61  10.7  27.3
260120260628  0.700  4.7  318.9  8.4  0.56  4.8  27.3
260120260629  0.696  5.0  321.8  8.4  0.56  6.4  27.3
260120260630  0.693  5.3  324.6  8.4  0.66  12.7  27.3
260120260631  0.690  5.4  326.5  8.4  0.57  6.1  27.3
260120260632  0.687  5.6  329.2  8.4  0.58  5.0  27.3
260120260633  0.684  5.7  330.6  8.4  0.68  5.2  27.3
260120260634  0.679  5.7  326.0  9.1  0.52  8.1  27.3
260120260635  0.677  5.6  325.3  9.1  0.56  10.6  27.3
260120260636  0.674  5.6  325.8  9.1  0.54  8.6  27.3
260120260637  0.671  5.7  327.1  9.1  0.68  11.0  27.3
260120260638  0.669  5.5  327.0  9.1  0.53  8.5  27.3
260120260639  0.666  5.4  326.6  9.1  0.64  6.0  27.3
260120260640  0.663  5.3  327.3  9.1  0.66  8.5  27.3
260120260641  0.659  5.2  327.2  9.1  0.76  12.6  27.3
260120260642  0.658  5.1  326.1  9.1  0.65  18.8  27.3
260120260643  0.655  5.1  326.0  9.1  0.69  11.3  27.3
260120260644  0.653  5.0  329.1  7.1  0.70  10.5  27.3
260120260645  0.650  5.1  331.1  7.1  0.70  13.0  27.3
260120260646  0.647  5.1  331.3  7.1  0.67  16.8  27.3
260120260647  0.643  5.2  331.7  7.6  0.58  18.3  27.3
260120260648  0.638  5.4  333.4  7.6  0.62  14.5  27.3
260120260649  0.636  5.4  334.0  7.6  0.68  12.0  27.3
260120260650  0.633  5.4  334.8  7.6  0.62  11.3  27.3
260120260651  0.630  5.5  335.7  7.6  0.80  9.7  27.3
260120260652  0.625  5.5  336.3  7.6  0.72  15.2  27.3
260120260653  0.621  5.6  337.6  7.6  0.53  14.8  27.3
260120260654  0.619  5.9  339.6  8.4  0.61  14.0  27.3
260120260655  0.617  5.9  340.2  8.4  0.65  16.7  27.3
260120260656  0.614  5.9  341.0  8.4  0.54  12.5  27.3
260120260657  0.613  5.9  340.6  8.4  0.75  9.6  27.3
260120260658  0.611  5.7  339.0  8.4  0.64  12.8  27.3
260120260659  0.608  5.7  340.3  8.4  0.72  10.9  27.3
260120260700  0.606  5.7  341.9  8.4  0.59  9.2  27.3
260120260701  0.603  6.0  343.6  8.4  0.62  13.6  27.3
260120260702  0.603  6.3  345.1  8.4  0.70  10.8  27.3
260120260703  0.601  6.4  346.3  9.0  0.74  10.6  27.3
260120260704  0.600  6.5  347.1  9.0  0.65  10.3  27.4
260120260705  0.599  6.6  347.3  9.0  0.60  14.6  27.3
260120260706  0.598  6.7  347.1  9.0  0.61  6.4  27.4
260120260707  0.596  6.8  347.9  9.0  0.76  13.5  27.4
260120260708  0.596  7.1  350.2  9.0  0.84  16.6  27.4
260120260709  0.596  7.2  351.3  9.0  0.59  16.7  27.4
260120260710  0.596  7.2  351.8  9.0  0.58  10.8  27.4
260120260711  0.596  7.3  351.4  9.0  0.63  16.5  27.4
260120260712  0.597  7.2  352.1  9.0  0.59  10.8  27.4
260120260713  0.597  7.1  352.4  8.8  0.66  9.3  27.4
260120260714  0.597  7.0  351.8  8.8  0.55  11.2  27.4
260120260715  0.599  6.9  351.6  8.8  0.58  10.2  27.4
260120260716  0.601  6.8  352.2  8.8  0.57  10.8  27.4
260120260717  0.603  6.8  352.7  8.8  0.60  9.6  27.4
260120260718  0.604  6.9  352.1  8.8  0.62  10.0  27.4
260120260719  0.605  6.8  351.1  8.7  0.51  8.7  27.4
260120260720  0.605  7.1  350.0  10.0  0.58  3.7  27.4
260120260721  0.605  7.0  350.1  10.0  0.60  3.7  27.4
260120260722  0.605  7.1  349.4  10.0  0.47  357.9  27.4
260120260723  0.605  7.2  349.1  10.0  0.43  6.6  27.4
260120260724  0.605  7.3  350.0  10.0  0.53  8.7  27.4
260120260725  0.605  7.5  351.8  10.0  0.36  359.4  27.4
260120260726  0.603  7.8  353.4  10.0  0.43  0.4  27.4
260120260727  0.603  7.8  354.1  10.0  0.53  6.6  27.4
260120260728  0.603  7.8  355.1  10.0  0.46  2.9  27.4
260120260729  0.606  7.8  355.8  10.0  0.43  2.5  27.4
260120260730  0.610  7.6  356.8  9.5  0.46  9.5  27.4
260120260731  0.611  7.6  357.4  9.5  0.30  346.4  27.4
260120260732  0.614  7.5  357.7  9.5  0.37  358.7  27.4
260120260733  0.615  7.5  358.2  9.5  0.41  3.2  27.4
260120260734  0.617  7.5  356.1  10.1  0.42  359.3  27.4
260120260735  0.620  7.4  354.4  10.1  0.40  7.8  27.4
260120260736  0.623  7.5  352.7  10.5  0.30  345.6  27.4
260120260737  0.626  7.7  352.1  10.5  0.34  352.6  27.4
260120260738  0.630  7.8  351.5  10.5  0.32  4.8  27.4
260120260739  0.631  8.0  351.0  10.5  0.42  356.0  27.4
260120260740  0.633  8.3  350.6  11.2  0.47  355.7  27.4
260120260741  0.633  8.5  349.5  11.2  0.32  5.5  27.4
260120260742  0.635  8.7  348.1  11.2  0.36  357.0  27.4
260120260743  0.636  8.6  345.3  11.2  0.35  340.7  27.4
260120260744  0.636  8.4  344.0  11.2  0.34  353.6  27.4
260120260745  0.636  8.3  342.7  11.2  0.35  353.4  27.4
260120260746  0.635  8.0  340.7  11.2  0.38  357.7  27.4
260120260747  0.635  7.8  337.3  11.2  0.28  359.6  27.4
260120260748  0.635  7.6  334.0  11.2  0.33  358.2  27.4
260120260749  0.635  7.3  331.3  11.2  0.30  358.3  27.4
260120260750  0.635  6.9  329.3  10.4  0.49  3.2  27.4
260120260751  0.636  6.8  327.4  10.4  0.44  5.2  27.4
260120260752  0.637  6.7  326.3  9.7  0.29  356.6  27.4
260120260753  0.638  6.7  325.8  9.7  0.35  348.8  27.4
260120260754  0.639  7.0  325.6  9.8  0.38  358.1  27.4
260120260755  0.641  6.9  326.7  9.8  0.30  356.1  27.4
260120260756  0.639  6.9  328.1  9.8  0.27  345.3  27.4
260120260757  0.639  7.0  331.1  10.6  0.37  6.3  27.4
260120260758  0.637  7.3  333.8  11.3  0.30  13.3  27.4
260120260759  0.637  7.6  335.3  11.3  0.33  349.7  27.4
260120260800  0.638  8.0  335.5  11.5  0.31  358.0  27.4
260120260801  0.638  8.1  337.0  11.5  0.39  4.6  27.4
260120260802  0.637  8.3  338.9  11.5  0.28  6.4  27.4
260120260803  0.636  8.4  342.0  11.5  0.32  2.0  27.4
260120260804  0.635  8.4  345.3  11.5  0.50  9.8  27.4
260120260805  0.636  8.9  346.9  12.5  0.26  357.2  27.4
260120260806  0.637  9.3  348.4  12.5  0.30  7.1  27.4
260120260807  0.637  9.5  348.3  12.5  0.38  357.7  27.4
260120260808  0.638  9.5  348.7  12.5  0.40  359.7  27.4
260120260809  0.639  9.6  349.4  12.5  0.33  3.3  27.4
260120260810  0.641  9.8  349.9  12.5  0.24  357.3  27.4
260120260811  0.643  9.9  350.8  12.5  0.37  352.1  27.4
260120260812  0.642  9.8  350.7  12.5  0.38  3.8  27.4
260120260813  0.643  10.0  351.0  12.5  0.51  1.7  27.4
260120260814  0.643  10.2  350.8  12.6  0.34  357.0  27.4
260120260815  0.643  9.9  349.8  12.6  0.45  3.3  27.4
260120260816  0.642  9.6  347.4  12.6  0.33  8.0  27.4
260120260817  0.641  9.2  346.7  12.6  0.36  356.1  27.4
260120260818  0.641  9.1  345.5  12.6  0.36  11.2  27.5
260120260819  0.639  9.1  344.0  12.6  0.37  1.2  27.4
260120260820  0.638  8.9  343.2  12.6  0.36  354.1  27.5
260120260821  0.636  8.6  340.6  12.6  0.33  9.0  27.5
260120260822  0.635  8.4  337.7  12.6  0.43  7.4  27.5
260120260823  0.631  8.0  334.0  12.6  0.32  7.2  27.5
260120260824  0.632  7.7  331.1  11.2  0.37  5.1  27.5
260120260825  0.634  7.9  329.6  11.2  0.46  7.3  27.5
260120260826  0.634  7.8  328.7  11.4  0.44  10.0  27.5
260120260827  0.636  8.0  327.8  11.4  0.36  2.0  27.5
260120260828  0.635  8.0  326.6  11.4  0.24  359.4  27.5
260120260829  0.636  8.0  326.0  11.4  0.31  9.6  27.5
260120260830  0.636  8.0  325.1  11.8  0.29  360.0  27.5
260120260831  0.638  8.1  325.8  11.8  0.16  346.3  27.5
260120260832  0.639  8.3  325.8  11.8  0.37  6.4  27.5
260120260833  0.642  8.2  327.6  11.8  0.26  356.0  27.5
260120260834  0.643  8.1  329.2  11.8  0.28  355.8  27.5
260120260835  0.644  8.2  332.3  11.9  0.37  6.1  27.5
260120260836  0.644  8.4  335.7  11.9  0.27  1.3  27.5
260120260837  0.646  8.6  338.8  13.9  0.27  345.5  27.5
260120260838  0.648  9.0  340.8  13.9  0.33  4.6  27.5
260120260839  0.650  9.1  340.4  13.9  0.28  351.2  27.5
260120260840  0.651  9.1  340.9  13.9  0.23  351.0  27.5
260120260841  0.653  9.4  342.5  13.9  0.32  7.9  27.5
260120260842  0.657  9.5  344.2  13.9  0.28  353.1  27.5
260120260843  0.658  9.7  343.6  13.9  0.20  352.6  27.5
260120260844  0.662  9.9  344.5  13.9  0.24  356.8  27.5
260120260845  0.663  10.0  344.3  13.9  0.34  357.4  27.5
260120260846  0.668  10.0  344.9  13.9  0.22  4.0  27.5
260120260847  0.671  10.1  343.9  13.6  0.06  349.7  27.5
260120260848  0.675  10.0  344.4  13.6  0.10  334.1  27.5
260120260849  0.677  10.1  346.2  13.6  0.04  339.5  27.5
260120260850  0.679  10.2  347.0  13.6  0.15  350.6  27.5
260120260851  0.682  10.2  346.1  13.6  0.08  345.2  27.5
260120260852  0.684  10.4  347.1  13.6  0.08  344.0  27.5
260120260853  0.687  10.8  347.9  13.6  0.05  24.6  27.5
260120260854  0.691  10.9  348.0  13.6  0.20  5.6  27.5
260120260855  0.694  11.1  348.2  13.4  0.08  5.9  27.5
260120260856  0.697  11.2  347.9  13.7  0.07  221.8  27.5
260120260857  0.699  11.2  347.9  13.7  0.09  219.4  27.5
260120260858  0.701  11.3  347.4  13.7  0.06  259.7  27.5
260120260859  0.705  11.3  347.9  13.7  0.14  199.7  27.5
260120260900  0.708  11.5  347.7  13.7  0.06  192.0  27.5
260120260901  0.711  11.6  348.1  13.7  0.11  245.2  27.6
260120260902  0.714  11.4  347.1  13.7  0.09  192.5  27.6
260120260903  0.719  11.1  345.7  13.7  0.04  146.8  27.6
260120260904  0.721  11.1  344.7  13.7  0.07  314.6  27.6
260120260905  0.724  11.1  343.9  13.7  0.14  221.9  27.6
260120260906  0.727  10.8  342.0  13.7  0.09  6.4  27.6
260120260907  0.730  10.5  342.1  13.6  0.09  2.6  27.6
260120260908  0.734  10.2  341.3  13.6  0.15  232.4  27.6
260120260909  0.736  9.7  338.7  13.6  0.04  247.1  27.6
260120260910  0.738  9.3  336.8  13.6  0.10  202.4  27.6
260120260911  0.742  9.3  336.0  13.6  0.22  208.8  27.6
260120260912  0.745  9.2  336.2  13.6  0.14  196.4  27.5
260120260913  0.748  9.2  337.4  13.6  0.13  233.8  27.5
260120260914  0.751  9.0  336.2  13.6  0.33  208.2  27.5
260120260915  0.754  9.0  335.7  15.4  0.35  210.7  27.5
260120260916  0.758  9.0  336.9  15.4  0.30  200.9  27.6
260120260917  0.760  8.9  337.1  15.4  0.13  212.3  27.6
260120260918  0.764  9.1  338.6  15.4  0.19  221.3  27.5
260120260919  0.768  9.6  341.2  15.4  0.21  218.7  27.5
260120260920  0.771  10.0  341.4  15.4  0.31  199.3  27.6
260120260921  0.775  10.1  342.0  15.4  0.23  197.7  27.6
260120260922  0.777  10.2  341.7  15.4  0.26  195.9  27.6
260120260923  0.778  10.4  341.4  15.4  0.39  181.3  27.6
260120260924  0.778  10.5  341.7  15.4  0.27  186.8  27.6
260120260925  0.779  10.5  342.8  13.6  0.17  166.0  27.6
260120260926  0.781  10.9  344.3  16.7  0.22  186.0  27.6
260120260927  0.783  11.3  345.2  16.7  0.17  186.1  27.6
260120260928  0.785  11.4  344.6  16.7  0.17  181.7  27.5
260120260929  0.786  11.3  342.5  16.7  0.24  199.8  27.5
260120260930  0.787  11.0  343.1  16.7  0.22  195.1  27.5
260120260931  0.789  11.0  343.0  16.7  0.20  196.7  27.5
260120260932  0.791  11.2  343.0  16.7  0.23  199.5  27.5
260120260933  0.792  11.2  343.5  16.7  0.19  198.8  27.5
260120260934  0.794  11.3  344.3  16.7  0.29  198.2  27.6
260120260935  0.796  11.1  344.3  16.7  0.12  219.4  27.6
260120260936  0.798  10.9  343.8  14.9  0.11  202.1  27.6
260120260937  0.799  10.8  343.5  14.9  0.13  191.8  27.6
260120260938  0.800  10.8  344.2  14.9  0.16  172.6  27.6
260120260939  0.801  10.9  346.3  14.9  0.15  190.0  27.6
260120260940  0.804  11.4  346.9  14.9  0.32  198.7  27.6
260120260941  0.807  11.4  348.3  13.9  0.27  206.1  27.6
260120260942  0.809  11.4  350.8  13.9  0.18  221.6  27.6
260120260943  0.811  11.7  352.2  15.5  0.23  215.5  27.6
260120260944  0.812  11.8  352.6  15.5  0.21  208.8  27.6
260120260945  0.814  11.4  351.3  15.5  0.25  206.3  27.6
260120260946  0.815  11.4  350.2  15.5  0.26  209.2  27.6
260120260947  0.817  11.2  349.5  15.5  0.14  237.8  27.6
260120260948  0.820  11.1  349.7  15.5  0.31  209.7  27.6
260120260949  0.822  11.1  348.8  15.5  0.36  205.8  27.6
260120260950  0.823  10.9  348.0  15.5  0.34  201.3  27.6
260120260951  0.825  10.6  346.0  15.5  0.23  212.0  27.6
260120260952  0.829  10.5  344.7  15.5  0.25  216.6  27.6
260120260953  0.832  10.1  343.4  13.4  0.31  213.6  27.6
260120260954  0.836  10.1  342.3  13.4  0.27  209.3  27.6
260120260955  0.839  10.4  344.0  13.4  0.29  221.2  27.6
260120260956  0.844  10.4  345.3  13.4  0.30  207.4  27.6
260120260957  0.845  10.4  345.6  13.4  0.31  194.6  27.6
260120260958  0.848  10.4  345.7  13.4  0.29  197.0  27.6
260120260959  0.852  10.3  346.3  13.4  0.42  199.0  27.6
260120261000  0.855  10.0  347.0  13.4  0.43  195.7  27.5
260120261001  0.858  10.1  347.6  13.4  0.43  203.9  27.5
260120261002  0.861  10.3  347.6  13.4  0.46  199.0  27.5
260120261003  0.865  10.5  347.1  13.4  0.36  184.4  27.5
260120261004  0.866  10.5  347.2  13.0  0.42  186.3  27.5
260120261005  0.869  10.4  347.1  13.0  0.41  194.6  27.5
260120261006  0.871  10.5  346.9  13.0  0.45  188.5  27.6
260120261007  0.874  10.6  347.1  13.5  0.35  190.9  27.5
260120261008  0.878  10.5  346.5  13.5  0.44  193.1  27.6
260120261009  0.880  10.5  345.6  13.5  0.32  208.8  27.6
260120261010  0.882  10.6  344.6  13.5  0.38  194.4  27.6
260120261011  0.886  10.5  344.9  13.5  0.39  206.5  27.6
260120261012  0.888  10.4  344.6  13.5  0.42  189.5  27.6
260120261013  0.892  10.3  345.5  13.5  0.47  194.1  27.6
260120261014  0.897  10.3  346.5  13.5  0.42  198.9  27.6
260120261015  0.901  10.1  346.8  13.5  0.33  209.9  27.5
260120261016  0.903  10.3  346.8  13.5  0.39  201.3  27.5
260120261017  0.907  10.2  346.7  13.8  0.43  193.1  27.5
260120261018  0.910  10.1  344.5  13.8  0.39  199.2  27.6
260120261019  0.911  9.8  343.0  13.8  0.49  191.8  27.6
260120261020  0.914  9.9  343.6  13.8  0.33  193.4  27.6
260120261021  0.918  9.7  342.8  13.8  0.46  192.9  27.6
260120261022  0.922  9.5  342.3  13.8  0.33  192.7  27.6
260120261023  0.927  9.4  342.0  13.8  0.42  190.3  27.6
260120261024  0.930  9.3  341.6  13.8  0.42  191.8  27.6
260120261025  0.934  9.5  341.6  13.8  0.48  197.7  27.6
260120261026  0.939  9.4  340.6  13.8  0.49  199.9  27.6
260120261027  0.944  9.3  340.8  12.7  0.36  206.5  27.6
260120261028  0.950  9.1  344.8  12.7  0.43  198.6  27.6
260120261029  0.954  9.3  348.4  12.7  0.41  194.4  27.6
260120261030  0.960  9.4  350.7  12.7  0.48  190.0  27.6
260120261031  0.963  9.6  352.1  12.7  0.42  202.4  27.6
260120261032  0.968  9.7  352.2  12.7  0.41  203.7  27.6
260120261033  0.973  9.8  352.2  12.7  0.50  201.8  27.6
260120261034  0.977  9.8  352.2  12.7  0.50  200.9  27.6
260120261035  0.981  9.7  352.2  11.9  0.47  202.8  27.6
260120261036  0.986  9.6  353.0  11.9  0.53  195.5  27.7
260120261037  0.989  9.3  353.0  11.9  0.68  192.6  27.7
260120261038  0.992  9.3  352.9  11.9  0.51  195.5  27.7
260120261039  0.996  9.3  352.5  11.9  0.53  196.5  27.6
260120261040  1.000  9.1  351.5  11.9  0.52  193.0  27.6
260120261041  1.004  9.0  351.1  11.9  0.58  191.2  27.7
260120261042  1.007  9.0  351.8  11.9  0.40  186.6  27.6
260120261043  1.011  8.8  352.2  11.6  0.50  195.6  27.6
260120261044  1.014  8.6  353.2  11.6  0.41  196.5  27.7
260120261045  1.017  8.5  353.1  13.2  0.54  195.8  27.7
260120261046  1.020  8.4  351.3  13.2  0.55  189.2  27.7
260120261047  1.024  8.4  351.0  13.2  0.52  193.2  27.7
260120261048  1.027  8.3  351.0  13.2  0.61  197.5  27.7
260120261049  1.030  8.4  352.3  13.2  0.52  189.8  27.7
260120261050  1.035  8.6  354.1  13.2  0.63  187.5  27.7
260120261051  1.038  8.7  355.9  13.2  0.57  188.0  27.7
260120261052  1.042  8.6  356.4  13.2  0.56  188.0  27.7
260120261053  1.043  8.7  356.7  13.2  0.49  188.6  27.7
260120261054  1.044  8.9  355.3  13.2  0.57  182.2  27.7
260120261055  1.047  8.8  355.8  12.3  0.56  180.7  27.8
260120261056  1.048  9.0  358.3  11.1  0.44  175.7  27.8
260120261057  1.050  9.2  358.9  11.1  0.48  188.6  27.8
260120261058  1.052  9.1  359.3  11.1  0.47  186.9  27.8
260120261059  1.055  8.9  359.1  11.1  0.37  178.7  27.7
260120261100  1.056  8.8  358.3  11.1  0.37  188.8  27.7
260120261101  1.058  8.8  357.4  11.1  0.48  184.7  27.7
260120261102  1.061  8.8  357.5  11.1  0.58  187.7  27.7
260120261103  1.063  8.6  358.2  11.1  0.43  200.4  27.7
260120261104  1.065  8.3  359.8  11.1  0.51  190.0  27.6
260120261105  1.067  7.9  358.1  11.2  0.50  184.4  27.6
260120261106  1.070  7.7  356.2  11.2  0.46  187.1  27.6
260120261107  1.072  7.6  356.0  11.2  0.43  185.0  27.6
260120261108  1.074  7.9  353.9  12.3  0.58  187.7  27.6
260120261109  1.076  8.1  352.6  12.3  0.45  190.5  27.6
260120261110  1.079  8.2  351.1  12.3  0.36  196.0  27.6
260120261111  1.079  8.2  352.1  12.3  0.24  201.6  27.6
260120261112  1.080  8.2  353.7  12.3  0.43  190.0  27.6
260120261113  1.082  8.0  352.0  12.3  0.37  195.5  27.6
260120261114  1.083  8.1  352.7  12.3  0.40  200.7  27.6
260120261115  1.085  8.4  354.7  12.3  0.43  195.2  27.6
260120261116  1.087  8.6  356.0  12.3  0.38  201.7  27.6
260120261117  1.090  8.6  356.6  12.3  0.45  199.1  27.7
260120261118  1.091  8.4  357.8  11.3  0.34  185.1  27.7
260120261119  1.094  8.4  358.9  11.3  0.29  191.2  27.7
260120261120  1.096  8.3  1.7  11.1  0.51  186.3  27.7
260120261121  1.098  8.1  2.3  11.1  0.29  200.0  27.7
260120261122  1.101  7.9  2.2  11.1  0.35  187.1  27.7
260120261123  1.104  8.0  4.2  11.1  0.24  176.3  27.7
260120261124  1.107  8.2  3.5  11.1  0.38  185.6  27.7
260120261125  1.112  8.3  4.4  11.1  0.44  182.6  27.7
260120261126  1.116  8.3  6.1  10.7  0.39  185.1  27.7
260120261127  1.118  8.5  7.1  11.4  0.52  176.1  27.6
260120261128  1.121  8.6  8.8  11.4  0.46  183.4  27.6
260120261129  1.123  8.8  10.3  13.1  0.51  180.6  27.6
260120261130  1.126  8.7  10.7  13.1  0.46  181.6  27.6
260120261131  1.128  8.7  11.0  13.1  0.46  179.8  27.6
260120261132  1.133  8.7  10.3  13.1  0.53  182.2  27.6
260120261133  1.136  8.9  10.3  13.1  0.44  180.4  27.6
260120261134  1.139  9.0  11.0  13.1  0.58  187.3  27.6
260120261135  1.141  9.0  11.8  13.1  0.39  184.5  27.6
260120261136  1.144  9.0  11.6  13.1  0.55  187.0  27.6
260120261137  1.143  8.8  11.3  13.1  0.58  179.0  27.6
260120261138  1.147  8.8  11.2  13.1  0.74  178.0  27.6
260120261139  1.149  8.6  10.8  11.0  0.64  182.8  27.6
260120261140  1.152  8.8  10.9  11.0  0.64  176.8  27.6
260120261141  1.154  9.0  10.6  11.0  0.47  174.3  27.6
260120261142  1.157  9.2  11.2  11.0  0.59  183.0  27.6
260120261143  1.158  9.1  11.3  11.0  0.67  181.5  27.6
260120261144  1.160  9.2  11.8  12.1  0.57  175.7  27.6
260120261145  1.162  9.3  11.8  12.1  0.61  177.0  27.6
260120261146  1.166  9.4  11.7  12.1  0.52  177.8  27.6
260120261147  1.167  9.4  11.5  12.1  0.67  177.5  27.6
260120261148  1.170  9.3  11.3  12.1  0.61  174.4  27.6
260120261149  1.174  9.4  11.0  12.1  0.68  176.4  27.6
260120261150  1.176  9.3  10.8  12.1  0.64  175.3  27.6
260120261151  1.180  9.2  10.6  12.1  0.64  182.5  27.6
260120261152  1.181  9.2  9.3  12.1  0.67  176.6  27.7
260120261153  1.182  9.1  8.4  12.1  0.55  173.6  27.7
260120261154  1.185  8.8  8.4  11.1  0.51  178.9  27.7
260120261155  1.187  8.6  8.3  10.6  0.47  177.2  27.7
260120261156  1.190  8.5  8.2  10.6  0.60  177.6  27.7
260120261157  1.193  8.3  9.6  10.6  0.53  183.1  27.7
260120261158  1.198  8.1  9.6  10.6  0.61  176.5  27.7
260120261159  1.202  8.1  9.2  10.6  0.57  183.6  27.7
260120261200  1.206  8.3  9.5  10.6  0.52  178.2  27.7
260120261201  1.209  8.2  10.0  10.2  0.58  179.5  27.7
260120261202  1.211  8.1  11.7  10.2  0.60  176.6  27.7
260120261203  1.213  8.1  12.5  10.2  0.59  178.8  27.7
260120261204  1.216  8.1  11.9  10.2  0.55  177.0  27.7
260120261205  1.221  8.2  12.1  12.0  0.57  172.8  27.7
260120261206  1.224  8.3  12.8  12.0  0.50  169.7  27.8
260120261207  1.227  8.4  14.0  12.0  0.66  172.6  27.8
260120261208  1.230  8.3  16.9  12.0  0.62  171.7  27.8
260120261209  1.232  8.2  20.2  12.0  0.56  167.2  27.8
260120261210  1.235  8.1  23.6  12.0  0.61  167.3  27.8
260120261211  1.236  7.9  26.7  12.0  0.62  171.9  27.8
260120261212  1.237  8.0  30.5  12.0  0.68  172.3  27.8
260120261213  1.238  8.0  33.9  12.0  0.57  174.2  27.8
260120261214  1.239  8.1  38.8  12.0  0.53  172.6  27.8
260120261215  1.242  8.0  42.3  11.3  0.60  171.0  27.8
260120261216  1.244  8.0  44.5  11.3  0.44  154.6  27.8
260120261217  1.248  8.2  45.4  11.3  0.62  167.7  27.8
260120261218  1.250  8.4  44.7  11.3  0.59  165.9  27.8
260120261219  1.250  8.6  44.3  12.6  0.61  165.0  27.8
260120261220  1.252  8.7  43.2  12.6  0.63  165.3  27.8
260120261221  1.252  8.8  42.1  12.6  0.60  168.5  27.8
260120261222  1.254  8.8  41.2  12.6  0.50  172.5  27.8
260120261223  1.256  8.9  40.4  12.6  0.61  166.1  27.8
260120261224  1.257  9.1  38.5  14.4  0.48  165.9  27.8
260120261225  1.260  9.6  37.4  14.4  0.47  167.3  27.8
260120261226  1.261  9.9  37.5  14.4  0.62  172.4  27.8
260120261227  1.264  10.3  37.2  14.6  0.57  167.4  27.8
260120261228  1.264  10.4  36.8  14.6  0.49  169.6  27.8
260120261229  1.266  10.4  36.8  14.6  0.48  166.9  27.8
260120261230  1.269  10.5  37.3  14.6  0.61  168.6  27.8
260120261231  1.271  10.5  37.1  14.6  0.50  164.9  27.8
260120261232  1.271  10.8  36.8  14.6  0.49  168.2  27.8
260120261233  1.271  10.9  37.2  14.6  0.55  170.5  27.8
260120261234  1.273  11.0  37.4  14.6  0.47  165.7  27.9
260120261235  1.274  10.9  37.7  14.6  0.58  170.2  27.9
260120261236  1.275  10.8  37.3  14.6  0.38  161.9  27.9
260120261237  1.275  10.8  37.1  14.5  0.50  170.0  27.9
260120261238  1.276  10.6  37.6  14.5  0.38  165.8  27.9
260120261239  1.277  10.6  38.4  14.5  0.45  169.9  27.9
260120261240  1.277  10.4  38.9  14.5  0.41  171.6  27.9
260120261241  1.278  10.3  39.1  14.5  0.52  174.7  27.9
260120261242  1.278  10.2  38.7  14.5  0.53  171.5  27.9
260120261243  1.279  10.2  38.8  14.5  0.47  175.9  27.9
260120261244  1.279  10.1  39.5  15.0  0.38  163.7  27.9
260120261245  1.279  10.0  39.2  15.0  0.52  170.8  27.9
260120261246  1.282  9.9  40.2  15.0  0.39  171.0  27.9
260120261247  1.282  9.9  40.2  15.0  0.36  165.1  27.9
260120261248  1.285  9.9  39.9  15.0  0.41  169.8  27.9
260120261249  1.285  10.0  38.0  15.0  0.45  166.4  27.8
260120261250  1.288  10.1  38.0  15.8  0.35  174.1  27.8
260120261251  1.288  10.2  37.9  15.8  0.41  166.7  27.8
260120261252  1.290  10.2  38.8  15.8  0.56  172.4  27.7
260120261253  1.292  10.2  39.0  15.8  0.42  175.1  27.7
260120261254  1.294  10.1  38.7  15.8  0.44  164.1  27.8
260120261255  1.296  10.1  39.9  15.8  0.49  174.2  27.8
260120261256  1.299  10.1  40.7  15.8  0.51  165.0  27.8
260120261257  1.300  10.2  40.9  15.8  0.35  156.4  27.7
260120261258  1.300  10.2  41.4  15.8  0.42  176.9  27.8
260120261259  1.301  10.2  42.1  15.8  0.47  167.8  27.8
260120261300  1.302  10.3  42.2  15.4  0.49  170.7  27.8
260120261301  1.305  10.2  42.2  15.4  0.39  178.6  27.8
260120261302  1.307  10.2  41.7  15.4  0.55  175.0  27.8
260120261303  1.308  10.3  40.9  15.0  0.49  178.7  27.8
260120261304  1.308  10.2  40.4  15.0  0.42  175.3  27.9
260120261305  1.308  10.2  39.6  15.0  0.49  174.6  27.9
260120261306  1.310  10.2  37.7  15.0  0.54  170.4  27.9
260120261307  1.310  10.0  37.6  14.9  0.38  172.4  27.9
260120261308  1.311  10.0  37.0  14.9  0.37  173.3  27.9
260120261309  1.311  10.1  37.2  16.3  0.48  176.6  27.9
260120261310  1.311  10.2  35.7  16.3  0.37  172.4  27.9
260120261311  1.312  10.3  36.4  16.3  0.45  174.3  27.9
260120261312  1.311  10.5  38.1  16.3  0.45  174.3  27.9
260120261313  1.312  10.4  38.1  16.3  0.42  175.1  27.9
260120261314  1.312  10.5  38.2  16.3  0.44  177.4  27.9
260120261315  1.312  10.4  39.1  16.3  0.39  173.5  27.9
260120261316  1.311  10.2  39.7  16.3  0.35  170.1  27.9
260120261317  1.309  10.2  39.9  16.3  0.49  176.4  27.8
260120261318  1.307  10.1  39.9  16.3  0.34  168.6  27.9
260120261319  1.307  9.9  39.3  15.5  0.33  171.0  27.9
260120261320  1.305  9.9  40.7  18.0  0.39  169.2  27.9
260120261321  1.305  9.9  40.6  18.0  0.35  165.0  27.9
260120261322  1.304  9.6  39.3  18.0  0.24  157.3  27.9
260120261323  1.302  9.6  39.2  18.0  0.20  185.6  27.9
260120261324  1.300  9.6  39.3  18.0  0.17  162.8  27.9
260120261325  1.298  9.8  38.4  18.0  0.20  158.8  28.0
260120261326  1.296  9.7  39.3  18.0  0.31  174.1  28.0
260120261327  1.297  9.8  39.3  18.0  0.27  177.5  28.0
260120261328  1.296  10.0  39.6  18.0  0.22  166.2  28.0
260120261329  1.295  10.3  40.5  18.0  0.35  182.6  28.0
260120261330  1.293  10.2  40.5  16.7  0.20  149.6  28.0
260120261331  1.293  10.3  40.1  16.7  0.22  162.7  28.0
260120261332  1.293  10.3  40.3  16.7  0.30  159.6  28.0
260120261333  1.292  10.3  40.7  16.7  0.15  172.7  28.0
260120261334  1.292  10.3  40.6  16.7  0.23  174.2  28.0
260120261335  1.291  10.2  41.1  16.7  0.25  172.5  28.0
260120261336  1.291  10.3  40.5  16.7  0.21  171.7  28.0
260120261337  1.291  10.3  41.1  16.7  0.20  169.4  28.0
260120261338  1.290  10.4  41.6  16.7  0.22  174.5  28.0
260120261339  1.290  10.2  41.7  15.5  0.20  167.1  28.0
260120261340  1.290  10.1  41.8  15.5  0.31  166.8  28.0
260120261341  1.292  10.0  42.5  15.5  0.23  179.7  28.0
260120261342  1.293  9.9  41.9  15.5  0.09  167.1  28.0
260120261343  1.293  9.9  41.5  15.5  0.05  190.0  28.0
260120261344  1.293  9.8  42.2  15.5  0.22  189.0  28.0
260120261345  1.292  9.8  42.4  15.5  0.16  175.3  28.0
260120261346  1.294  9.9  42.3  15.5  0.23  170.8  28.0
260120261347  1.294  9.8  42.0  15.5  0.17  175.7  28.1
260120261348  1.297  9.5  41.4  13.3  0.20  178.6  28.1
260120261349  1.297  9.3  41.7  13.3  0.17  178.9  28.1
260120261350  1.297  9.2  41.0  13.3  0.26  190.0  28.1
260120261351  1.297  9.3  40.2  13.3  0.36  194.0  28.1
260120261352  1.298  9.3  41.0  13.3  0.16  182.5  28.1
260120261353  1.297  9.4  42.1  13.3  0.18  151.4  28.1
260120261354  1.297  9.6  41.4  13.3  0.23  184.1  28.1
260120261355  1.297  9.4  40.9  13.3  0.17  182.1  28.1
260120261356  1.296  9.4  40.7  13.5  0.24  184.4  28.1
260120261357  1.295  9.5  40.1  13.8  0.23  175.8  28.1
260120261358  1.293  9.4  40.3  13.8  0.34  184.8  28.1
260120261359  1.292  9.5  40.2  13.8  0.34  184.4  28.1
260120261400  1.290  9.6  40.6  13.8  0.33  190.0  28.1
260120261401  1.288  9.5  41.6  13.8  0.24  177.0  28.1
260120261402  1.288  9.7  41.3  13.8  0.19  187.7  28.1
260120261403  1.287  9.8  40.5  14.4  0.26  176.8  28.1
260120261404  1.285  9.6  40.7  14.4  0.24  191.4  28.1
260120261405  1.284  10.0  40.5  14.4  0.13  202.2  28.1
260120261406  1.282  9.8  40.7  14.4  0.28  189.2  28.1
260120261407  1.281  9.8  40.9  14.4  0.30  191.1  28.1
260120261408  1.279  9.9  40.5  14.4  0.31  187.1  28.1
260120261409  1.279  9.9  40.0  14.4  0.22  187.0  28.1
260120261410  1.279  9.9  39.4  14.4  0.23  189.0  28.1
260120261411  1.279  9.8  38.8  14.4  0.20  195.7  28.1
260120261412  1.281  9.6  38.5  14.4  0.14  196.2  28.1
260120261413  1.281  9.5  38.3  14.3  0.22  189.0  28.0
260120261414  1.279  9.4  38.1  14.3  0.08  232.0  28.0
260120261415  1.278  9.2  38.1  13.8  0.15  217.2  28.0
260120261416  1.276  9.3  37.8  13.8  0.21  195.2  28.0
260120261417  1.276  9.0  38.0  13.8  0.19  186.6  28.0
260120261418  1.277  8.9  38.6  13.8  0.10  195.5  28.0
260120261419  1.276  9.0  38.5  13.8  0.34  188.0  28.0
260120261420  1.275  8.9  39.3  13.6  0.35  191.9  28.0
260120261421  1.274  9.0  39.3  13.6  0.15  197.7  28.0
260120261422  1.274  9.1  39.9  13.6  0.16  192.7  28.0
260120261423  1.271  9.1  40.0  13.6  0.21  182.7  28.0
260120261424  1.268  9.1  40.1  12.4  0.17  201.1  28.0
260120261425  1.266  9.0  40.3  12.4  0.21  183.0  28.0
260120261426  1.264  9.1  41.4  12.4  0.23  201.2  28.0
260120261427  1.262  9.2  40.7  12.8  0.20  200.5  28.0
260120261428  1.260  9.3  39.8  12.8  0.15  193.8  28.0
260120261429  1.258  9.3  39.7  13.6  0.23  190.0  28.0
260120261430  1.255  9.4  39.4  13.6  0.08  258.7  28.0
260120261431  1.253  9.8  39.1  14.4  0.09  224.7  28.1
260120261432  1.251  9.7  38.7  14.4  0.20  205.0  28.1
260120261433  1.249  9.7  38.9  14.4  0.08  205.8  28.1
260120261434  1.246  10.0  38.8  14.4  0.05  282.3  28.1
260120261435  1.243  10.0  38.3  14.4  0.07  271.6  28.1
260120261436  1.241  10.0  37.7  14.4  0.07  226.3  28.1
260120261437  1.241  10.3  37.2  14.4  0.09  313.0  28.0
260120261438  1.239  10.3  37.6  14.4  0.08  169.0  28.0
260120261439  1.238  10.3  37.6  14.4  0.04  97.0  28.0
260120261440  1.236  10.4  37.6  14.4  0.06  0.8  28.0
260120261441  1.233  10.2  37.4  14.0  0.09  165.7  27.9
260120261442  1.230  10.2  37.4  14.0  0.07  227.9  27.9
260120261443  1.229  10.2  36.1  14.0  0.08  357.3  27.9
260120261444  1.226  10.3  34.6  17.2  0.04  250.9  27.9
260120261445  1.224  10.2  34.3  17.2  0.02  31.8  27.9
260120261446  1.222  10.1  33.3  17.2  0.09  42.7  27.9
260120261447  1.220  9.9  33.5  17.2  0.11  24.8  27.9
260120261448  1.217  9.7  33.1  17.2  0.04  283.2  27.9
260120261449  1.216  9.5  32.7  17.2  0.11  6.1  27.9
260120261450  1.213  9.4  32.2  17.2  0.04  53.2  27.9
260120261451  1.211  9.4  32.3  17.2  0.03  204.0  27.9
260120261452  1.207  9.9  32.0  17.2  0.07  8.5  28.0
260120261453  1.204  10.0  32.5  17.2  0.18  17.4  28.0
260120261454  1.200  9.7  33.2  14.9  0.09  45.4  28.0
260120261455  1.196  9.9  32.9  14.9  0.19  42.1  28.0
260120261456  1.193  10.2  32.7  15.5  0.10  26.4  28.0
260120261457  1.189  10.2  32.0  15.5  0.07  0.5  28.0
260120261458  1.186  10.3  31.8  15.5  0.16  9.3  28.1
260120261459  1.183  10.4  31.7  15.5  nan  nan  nan
260120261500  1.179  10.5  30.9  15.5  0.29  10.0  28.0
260120261501  1.175  10.4  30.2  15.5  0.19  40.7  28.0
260120261502  1.171  10.1  29.4  15.5  0.22  32.7  28.0
260120261503  1.166  9.9  28.7  15.5  0.14  55.0  28.0
260120261504  1.163  10.0  27.8  15.5  0.26  37.1  28.1
260120261505  1.160  10.1  28.4  15.5  0.14  16.2  28.1
260120261506  1.157  10.0  28.1  14.1  0.28  17.1  28.1
260120261507  1.154  10.3  28.2  16.5  0.21  26.9  28.1
260120261508  1.152  10.5  28.4  16.5  0.36  22.5  28.1
260120261509  1.150  10.6  28.8  16.5  0.32  26.5  28.1
260120261510  1.148  10.5  29.3  16.5  0.22  33.1  28.1
260120261511  1.145  10.5  29.5  16.5  0.33  22.4  28.1
260120261512  1.142  10.2  29.5  16.5  0.27  22.4  28.1
260120261513  1.139  10.4  29.7  16.5  0.23  32.7  28.1
260120261514  1.137  10.4  30.3  16.5  0.20  27.9  28.2
260120261515  1.136  10.2  29.6  16.5  0.25  23.4  28.2
260120261516  1.135  10.1  29.8  16.5  0.24  13.8  28.2
260120261517  1.133  9.8  30.2  13.8  0.21  24.8  28.2
260120261518  1.130  9.7  29.6  13.8  0.37  15.2  28.2
260120261519  1.130  9.8  28.3  13.8  0.24  19.6  28.2
260120261520  1.127  9.8  28.1  13.8  0.26  356.0  28.2
260120261521  1.125  9.9  27.0  13.8  0.31  11.4  28.2
260120261522  1.122  10.0  27.5  13.8  0.31  18.5  28.2
260120261523  1.119  9.9  27.2  13.8  0.32  12.5  28.3
260120261524  1.117  10.0  25.8  13.6  0.38  13.2  28.3
260120261525  1.114  10.0  25.7  13.6  0.43  22.1  28.3
260120261526  1.111  9.9  25.1  13.6  0.37  16.3  28.3
260120261527  1.110  10.1  24.7  14.0  0.37  20.4  28.2
260120261528  1.107  10.1  24.1  14.0  0.37  24.8  28.2
260120261529  1.104  10.0  24.2  14.0  0.45  24.3  28.2
260120261530  1.101  10.1  23.7  14.0  0.46  22.9  28.2
260120261531  1.100  10.1  23.3  14.0  0.40  25.5  28.2
260120261532  1.097  10.3  21.9  14.0  0.48  27.3  28.2
260120261533  1.094  10.5  21.1  14.0  0.43  20.4  28.2
260120261534  1.092  10.6  21.4  15.0  0.55  24.0  28.2
260120261535  1.089  10.4  21.9  15.0  0.56  21.1  28.2
260120261536  1.086  10.4  22.3  15.0  0.55  28.6  28.2
260120261537  1.085  10.1  22.0  15.0  0.47  32.0  28.2
260120261538  1.083  9.9  22.7  15.0  0.46  12.4  28.2
260120261539  1.081  10.0  22.8  15.0  0.49  15.2  28.2
260120261540  1.077  9.8  22.8  15.0  0.43  21.9  28.2
260120261541  1.075  9.9  23.6  15.0  0.42  15.1  28.2
260120261542  1.073  9.8  24.5  15.0  0.49  13.9  28.2
260120261543  1.070  9.7  26.1  15.9  0.53  20.1  28.2
260120261544  1.068  9.5  26.4  15.9  0.37  23.9  28.2
260120261545  1.065  9.5  25.6  15.9  0.54  23.4  28.2
260120261546  1.061  9.7  25.1  15.9  0.49  16.2  28.2
260120261547  1.059  9.5  25.4  15.9  0.56  16.3  28.2
260120261548  1.055  9.5  24.8  15.9  0.52  16.7  28.2
260120261549  1.052  9.3  24.5  15.9  0.54  14.8  28.2
260120261550  1.048  9.4  24.2  15.9  0.61  15.3  28.2
260120261551  1.045  9.2  23.4  15.9  0.54  16.4  28.2
260120261552  1.041  9.1  22.6  15.9  0.57  23.0  28.2
260120261553  1.037  9.5  19.8  18.3  0.42  19.0  28.2
260120261554  1.032  9.6  19.4  18.3  0.62  13.6  28.2
260120261555  1.029  9.6  19.7  18.3  0.56  16.3  28.2
260120261556  1.025  9.5  20.8  18.3  0.45  10.0  28.2
260120261557  1.021  9.6  20.5  18.3  0.54  12.9  28.2
260120261558  1.018  9.5  20.6  18.3  0.65  11.2  28.2
260120261559  1.014  9.4  20.5  18.3  0.67  12.8  28.2
260120261600  1.011  9.6  20.4  18.3  0.61  13.5  28.2
260120261601  1.008  9.4  21.1  18.3  0.56  8.0  28.2
260120261602  1.003  9.4  21.6  18.3  0.49  9.8  28.2
260120261603  1.001  8.7  23.3  14.2  0.59  11.3  28.2
260120261604  0.996  8.4  24.8  12.5  0.64  12.4  28.2
260120261605  0.993  8.3  24.5  12.5  0.52  15.3  28.2
260120261606  0.988  8.1  23.9  12.5  0.43  12.8  28.2
260120261607  0.984  8.1  24.6  12.5  0.53  9.8  28.2
260120261608  0.981  8.1  25.1  12.5  0.59  12.6  28.2
260120261609  0.978  8.1  25.3  12.5  0.66  14.6  28.2
260120261610  0.974  7.9  26.1  11.6  0.68  15.1  28.2
260120261611  0.969  7.9  26.7  11.6  0.71  17.8  28.2
260120261612  0.967  7.8  27.5  11.1  0.73  17.5  28.2
260120261613  0.962  7.9  28.0  11.1  0.52  18.3  28.2
260120261614  0.958  7.9  27.6  11.6  0.69  16.1  28.2
260120261615  0.955  7.9  27.1  11.6  0.73  14.4  28.2
260120261616  0.951  8.3  25.8  12.7  0.66  12.4  28.2
260120261617  0.947  8.4  24.5  12.7  0.56  13.8  28.2
260120261618  0.943  8.5  22.4  12.7  0.59  12.3  28.2
260120261619  0.940  8.6  20.9  12.7  0.63  11.8  28.2
260120261620  0.936  8.7  19.1  12.7  0.63  8.9  28.2
260120261621  0.933  8.9  16.8  12.7  0.54  10.8  28.2
260120261622  0.928  9.3  15.4  13.3  0.70  16.1  28.2
260120261623  0.924  9.4  14.1  13.3  0.69  15.2  28.2
260120261624  0.921  9.6  12.4  13.3  0.64  12.1  28.2
260120261625  0.916  9.6  11.6  13.3  0.65  7.6  28.2
260120261626  0.912  9.4  10.3  13.3  0.80  13.9  28.2
260120261627  0.908  9.3  9.7  13.3  0.55  14.7  28.2
260120261628  0.904  9.2  9.0  13.3  0.56  12.2  28.3
260120261629  0.899  9.0  9.0  13.3  0.70  19.5  28.3
260120261630  0.896  8.8  9.4  13.3  0.68  18.4  28.3
260120261631  0.892  8.6  10.4  13.3  0.67  15.2  28.3
260120261632  0.888  8.2  10.1  11.7  0.68  16.7  28.3
260120261633  0.884  8.4  10.2  12.8  0.68  17.6  28.3
260120261634  0.880  8.3  10.1  12.8  0.68  13.4  28.3
260120261635  0.876  8.4  11.5  12.8  0.64  6.2  28.3
260120261636  0.874  8.4  12.6  12.8  0.72  9.5  28.3
260120261637  0.869  8.4  11.8  12.8  0.66  16.8  28.3
260120261638  0.866  8.4  13.4  12.8  0.76  11.8  28.2
260120261639  0.864  8.5  13.8  12.8  0.71  14.0  28.2
260120261640  0.858  8.7  13.4  12.8  0.70  12.4  28.2
260120261641  0.855  8.7  13.0  12.8  0.66  16.6  28.2
260120261642  0.851  8.7  13.1  12.8  0.71  11.4  28.3
260120261643  0.849  8.4  12.7  11.1  0.61  17.9  28.3
260120261644  0.846  8.2  13.7  11.1  0.78  15.0  28.3
260120261645  0.841  7.9  13.2  11.1  0.71  20.2  28.3
260120261646  0.839  7.8  14.9  11.1  0.59  17.2  28.3
260120261647  0.836  7.6  16.2  11.1  0.68  15.3  28.3
260120261648  0.831  7.6  18.1  11.1  0.72  13.7  28.3
260120261649  0.830  7.3  18.8  11.1  0.62  23.9  28.3
260120261650  0.827  7.5  18.2  11.8  0.72  20.1  28.3
260120261651  0.825  7.5  17.7  11.8  0.72  16.2  28.3
260120261652  0.822  7.7  17.0  11.8  0.69  13.9  28.3
260120261653  0.820  8.0  17.9  11.8  0.68  18.7  28.3
260120261654  0.817  8.2  17.0  11.8  0.65  20.4  28.3
260120261655  0.814  8.3  16.9  11.8  0.63  16.9  28.3
260120261656  0.811  8.4  15.4  11.8  0.67  19.3  28.3
260120261657  0.808  8.5  16.1  11.8  0.54  17.7  28.3
260120261658  0.804  8.3  14.4  11.8  0.74  16.8  28.3
260120261659  0.802  8.3  15.0  11.8  0.66  21.1  28.3
260120261700  0.799  8.2  16.2  11.6  0.52  24.0  28.3
260120261701  0.797  7.9  17.3  11.3  0.65  17.4  28.4
260120261702  0.794  7.7  18.9  11.6  0.68  19.7  28.4
260120261703  0.792  7.5  20.4  11.6  0.54  23.6  28.4
260120261704  0.789  7.4  22.9  11.6  0.64  13.7  28.4
260120261705  0.786  7.3  24.3  11.6  0.65  17.2  28.4
260120261706  0.784  7.4  26.9  11.6  0.61  19.1  28.4
260120261707  0.780  7.3  28.4  11.6  0.62  15.2  28.4
260120261708  0.779  7.3  30.3  11.6  0.58  23.0  28.4
260120261709  0.777  7.3  32.1  11.6  0.58  19.1  28.4
260120261710  0.773  7.3  34.0  11.6  0.72  17.2  28.4
260120261711  0.769  7.5  36.5  11.6  0.68  14.9  28.4
260120261712  0.766  7.5  39.0  11.4  0.64  15.0  28.4
260120261713  0.763  7.5  40.5  11.0  0.54  21.3  28.4
260120261714  0.760  7.6  41.1  11.0  0.57  24.1  28.4
260120261715  0.757  7.9  42.7  11.6  0.56  17.6  28.4
260120261716  0.754  7.8  43.1  11.6  0.55  18.9  28.4
260120261717  0.749  7.9  42.4  11.6  0.53  21.9  28.4
260120261718  0.743  8.1  42.1  11.6  0.54  20.8  28.4
260120261719  0.738  8.1  42.3  11.6  0.53  20.5  28.4
260120261720  0.735  8.1  42.6  11.9  0.67  20.6  28.4
260120261721  0.732  8.0  42.7  11.9  0.60  15.8  28.4
260120261722  0.727  7.9  42.7  11.9  0.65  15.0  28.4
260120261723  0.723  7.8  42.1  11.9  0.69  11.6  28.4
260120261724  0.719  7.9  42.9  11.9  0.70  17.8  28.4
260120261725  0.715  7.6  42.2  11.9  0.63  16.2  28.4
260120261726  0.711  7.8  42.4  11.9  0.75  19.4  28.5
260120261727  0.706  7.7  43.4  11.9  0.69  17.3  28.5
260120261728  0.702  7.6  45.2  11.9  0.64  13.0  28.5
260120261729  0.698  7.8  45.2  11.9  0.58  17.3  28.5
260120261730  0.694  7.8  46.4  11.7  0.60  13.1  28.5
260120261731  0.689  7.9  46.8  11.7  0.55  23.7  28.5
260120261732  0.685  8.0  47.0  11.7  0.69  17.6  28.5
260120261733  0.680  7.9  47.6  11.7  0.66  14.9  28.5
260120261734  0.676  7.8  47.2  11.7  0.75  10.0  28.5
260120261735  0.670  7.8  47.4  11.7  0.60  17.8  28.5
260120261736  0.667  7.5  47.1  11.7  0.59  15.1  28.5
260120261737  0.661  7.5  46.6  11.7  0.68  14.4  28.5
260120261738  0.656  7.2  45.7  11.7  0.55  18.1  28.5
260120261739  0.653  6.9  45.9  10.5  0.72  16.4  28.5
260120261740  0.649  6.8  44.5  10.5  0.52  9.6  28.5
260120261741  0.644  6.5  44.0  10.5  0.66  13.4  28.5
260120261742  0.639  6.4  44.3  9.6  0.78  17.8  28.5
260120261743  0.635  6.2  43.7  9.6  0.72  15.4  28.5
260120261744  0.630  5.9  43.2  9.6  0.75  12.4  28.5
260120261745  0.627  5.7  43.1  9.6  0.63  12.1  28.5
260120261746  0.624  5.5  43.0  9.6  0.75  12.1  28.5
260120261747  0.619  5.2  42.8  9.6  0.82  16.0  28.5
260120261748  0.616  5.2  41.6  9.6  0.64  16.2  28.5
260120261749  0.613  5.1  38.6  9.6  0.79  15.4  28.5
260120261750  0.610  5.0  37.1  9.6  0.77  17.5  28.5
260120261751  0.605  4.8  34.7  9.6  0.68  13.6  28.5
260120261752  0.603  4.6  32.1  8.1  0.75  15.4  28.5
260120261753  0.599  4.6  31.7  7.5  0.65  14.1  28.5
260120261754  0.596  4.5  31.0  7.5  0.46  15.9  28.5
260120261755  0.593  4.6  29.7  7.5  0.73  14.7  28.5
260120261756  0.589  4.7  30.0  7.5  0.63  17.5  28.5
260120261757  0.587  4.6  29.9  7.5  0.70  14.0  28.5
260120261758  0.585  4.5  30.0  7.5  0.77  13.3  28.5
260120261759  0.582  4.3  30.1  7.0  0.71  13.4  28.5
260120261800  0.580  4.2  31.2  7.0  0.81  11.4  28.5
260120261801  0.578  4.2  35.4  7.0  0.69  14.1  28.5
260120261802  0.575  4.1  36.9  7.0  0.70  12.4  28.5
260120261803  0.569  3.8  37.3  7.0  0.75  12.4  28.5
260120261804  0.567  3.7  39.1  7.0  0.76  15.6  28.5
260120261805  0.564  3.2  40.8  6.8  0.79  17.6  28.5
260120261806  0.561  2.7  43.8  6.8  0.75  15.5  28.5
260120261807  0.558  2.3  50.7  6.8  0.65  18.3  28.5
260120261808  0.555  2.0  58.2  6.8  0.56  17.1  28.5
260120261809  0.551  1.7  69.3  6.8  0.65  13.6  28.5
260120261810  0.548  1.2  85.2  6.8  0.66  11.9  28.5
260120261811  0.543  0.7  109.7  5.1  0.72  16.0  28.5
260120261812  0.538  0.6  132.2  5.1  0.66  19.8  28.5
260120261813  0.535  0.4  132.2  5.1  0.61  15.7  28.5
260120261814  0.530  0.5  173.9  3.7  0.58  7.9  28.5
260120261815  0.528  0.5  195.7  3.7  0.75  18.5  28.5
260120261816  0.524  0.2  250.1  4.0  0.67  16.0  28.5
260120261817  0.521  0.4  324.1  4.0  0.56  17.3  28.5
260120261818  0.518  0.6  322.9  4.0  0.64  16.1  28.5
260120261819  0.514  0.5  342.8  4.0  0.71  18.8  28.5
260120261820  0.511  0.6  25.6  4.0  0.63  15.5  28.5
260120261821  0.507  1.0  46.1  5.2  0.70  14.9  28.5
260120261822  0.505  1.2  56.1  5.2  0.71  10.6  28.5
260120261823  0.502  1.4  67.2  5.2  0.67  16.9  28.5
260120261824  0.499  1.7  63.6  5.2  0.66  17.6  28.5
260120261825  0.495  2.0  69.5  5.2  0.67  15.6  28.5
260120261826  0.491  2.1  76.4  5.2  0.70  15.6  28.5
260120261827  0.488  2.2  84.7  5.2  0.59  15.5  28.5
260120261828  0.486  2.4  93.6  6.5  0.65  12.8  28.5
260120261829  0.484  2.5  101.3  6.5  0.66  15.5  28.5
260120261830  0.481  2.5  110.0  6.5  0.64  14.0  28.5
260120261831  0.479  2.6  120.0  6.5  0.55  15.5  28.5
260120261832  0.475  2.8  124.9  6.5  0.62  17.3  28.5
260120261833  0.474  3.0  131.3  6.5  0.62  18.1  28.5
260120261834  0.472  3.2  137.0  6.5  0.52  10.4  28.5
260120261835  0.471  3.3  139.2  6.5  0.71  11.9  28.5
260120261836  0.470  3.5  142.1  6.5  0.78  15.6  28.6
260120261837  0.469  3.7  142.2  6.5  0.62  13.8  28.6
260120261838  0.467  3.6  144.7  6.2  0.58  14.4  28.6
260120261839  0.467  3.5  144.9  6.2  0.71  11.4  28.6
260120261840  0.466  3.4  145.1  6.0  0.65  14.9  28.6
260120261841  0.464  3.2  144.5  6.0  0.68  15.4  28.6
260120261842  0.463  3.2  146.5  6.0  0.60  21.3  28.6
260120261843  0.461  3.3  147.3  6.0  0.56  17.5  28.6
260120261844  0.461  3.3  148.0  6.0  0.55  18.0  28.6
260120261845  0.460  3.6  152.1  6.6  0.55  10.4  28.6
260120261846  0.457  3.8  154.9  6.6  0.72  13.7  28.6
260120261847  0.456  3.7  157.3  6.6  0.52  19.5  28.6
260120261848  0.453  3.9  159.3  6.6  0.60  19.6  28.6
260120261849  0.451  4.1  160.7  7.5  0.54  14.3  28.6
260120261850  0.450  4.2  159.1  7.5  0.61  15.9  28.6
260120261851  0.450  4.4  160.5  7.5  0.50  14.7  28.6
260120261852  0.450  4.5  159.5  7.5  0.52  19.5  28.6
260120261853  0.450  4.6  158.5  7.5  0.52  18.1  28.6
260120261854  0.446  4.8  159.8  7.5  0.63  18.9  28.6
260120261855  0.442  4.7  159.9  7.5  0.64  16.8  28.6
260120261856  0.438  4.6  159.3  7.5  0.64  18.4  28.6
260120261857  0.436  5.0  157.0  10.3  0.49  20.0  28.6
260120261858  0.433  5.1  155.3  10.3  0.51  26.4  28.6
260120261859  0.431  5.1  154.7  10.3  0.58  16.4  28.6
260120261900  0.427  5.1  152.8  10.3  0.57  17.2  28.6
260120261901  0.424  5.2  151.3  10.3  0.65  21.8  28.6
260120261902  0.421  5.1  152.7  10.3  0.59  16.8  28.6
260120261903  0.417  5.2  153.0  10.3  0.55  16.7  28.6
260120261904  0.414  4.9  150.8  10.3  0.68  16.4  28.6
260120261905  0.411  5.2  147.6  10.3  0.60  22.0  28.6
260120261906  0.407  5.0  146.9  10.3  0.62  18.3  28.6
260120261907  0.404  4.7  147.9  8.0  0.58  19.1  28.6
260120261908  0.400  4.4  147.4  8.0  0.50  15.6  28.6
260120261909  0.398  4.2  146.3  8.0  0.61  21.7  28.6
260120261910  0.396  4.0  148.2  7.6  0.58  17.3  28.6
260120261911  0.393  3.8  148.0  7.6  0.62  21.2  28.6
260120261912  0.390  3.8  147.1  7.6  0.65  21.0  28.6
260120261913  0.387  3.7  148.0  7.6  0.62  24.7  28.7
260120261914  0.384  3.8  150.0  7.6  0.58  20.7  28.7
260120261915  0.381  3.3  154.5  5.9  0.56  17.3  28.7
260120261916  0.380  3.2  154.6  5.9  0.60  22.1  28.7
260120261917  0.376  3.1  156.0  5.9  0.62  14.5  28.7
260120261918  0.374  3.0  157.5  5.9  0.64  22.0  28.7
260120261919  0.371  3.1  158.6  5.9  0.65  21.0  28.7
260120261920  0.369  3.0  163.1  5.9  0.59  18.1  28.7
260120261921  0.366  2.8  167.3  5.3  0.57  18.7  28.7
260120261922  0.362  2.6  169.4  5.3  0.66  22.2  28.7
260120261923  0.359  2.5  170.8  5.3  0.75  17.3  28.7
260120261924  0.359  2.2  172.7  5.3  0.66  20.5  28.7
260120261925  0.357  2.2  170.4  5.3  0.64  21.6  28.7
260120261926  0.355  2.3  173.3  5.3  0.61  21.4  28.7
260120261927  0.356  2.3  175.0  5.3  0.59  18.9  28.7
260120261928  0.356  2.2  172.4  5.3  0.64  12.1  28.7
260120261929  0.353  2.1  177.6  4.4  0.64  18.7  28.7
260120261930  0.352  2.1  175.7  4.4  0.68  19.2  28.7
260120261931  0.351  2.2  179.2  5.5  0.57  17.9  28.7
260120261932  0.350  2.4  177.9  5.5  0.59  17.9  28.7
260120261933  0.350  2.6  181.3  5.7  0.67  17.5  28.7
260120261934  0.351  2.8  182.3  5.9  0.59  17.3  28.7
260120261935  0.351  2.9  183.5  5.9  0.48  19.4  28.7
260120261936  0.351  3.0  180.5  5.9  0.55  19.6  28.7
260120261937  0.351  3.2  179.7  5.9  0.56  17.6  28.7
260120261938  0.351  3.4  177.3  6.9  0.47  22.7  28.7
260120261939  0.351  3.5  175.0  6.9  0.54  25.0  28.7
260120261940  0.351  3.4  172.3  6.9  0.47  21.0  28.7
260120261941  0.351  3.3  165.4  6.9  0.54  22.6  28.7
260120261942  0.352  3.2  163.0  6.9  0.50  19.5  28.7
260120261943  0.354  3.2  160.9  6.9  0.49  23.9  28.7
260120261944  0.354  3.1  157.7  6.9  0.47  17.5  28.7
260120261945  0.354  3.1  153.1  6.9  0.45  26.4  28.7
260120261946  0.354  3.0  151.8  6.9  0.51  20.2  28.7
260120261947  0.355  2.9  147.9  6.9  0.43  21.3  28.7
260120261948  0.357  2.8  149.8  5.3  0.42  26.5  28.7
260120261949  0.359  2.6  145.8  5.2  0.49  25.5  28.7
260120261950  0.360  2.6  145.7  5.2  0.46  28.3  28.7
260120261951  0.361  2.6  148.2  5.2  0.36  23.9  28.7
260120261952  0.360  2.7  147.8  5.7  0.38  33.0  28.7
260120261953  0.359  2.8  146.8  5.9  0.30  39.9  28.7
260120261954  0.359  2.9  145.4  5.9  0.41  19.9  28.7
260120261955  0.359  3.0  143.5  5.9  0.36  27.4  28.7
260120261956  0.358  3.0  145.2  6.3  0.42  26.3  28.7
260120261957  0.359  3.2  147.7  6.9  0.49  16.6  28.7
260120261958  0.358  3.4  146.0  6.9  0.51  18.7  28.7
260120261959  0.357  3.6  147.5  6.9  0.52  13.6  28.7
260120262000  0.356  3.9  148.9  7.2  0.57  18.2  28.7
260120262001  0.356  3.9  147.5  7.2  0.50  12.9  28.7
260120262002  0.355  3.9  147.3  7.2  0.49  7.7  28.7
260120262003  0.355  3.8  147.5  7.2  0.53  7.9  28.7
260120262004  0.354  3.7  148.3  7.2  0.48  8.6  28.7
260120262005  0.353  3.8  153.8  7.2  0.47  6.7  28.7
260120262006  0.352  3.8  154.0  7.2  0.42  11.1  28.7
260120262007  0.351  3.9  155.2  7.6  0.46  5.6  28.7
260120262008  0.353  3.8  157.4  7.6  0.50  5.1  28.7
260120262009  0.352  4.0  158.4  7.9  0.52  3.8  28.7
260120262010  0.352  3.9  159.3  7.9  0.51  6.5  28.7
260120262011  0.354  4.1  163.2  7.9  0.50  5.1  28.7
260120262012  0.354  4.4  170.3  11.0  0.52  2.7  28.7
260120262013  0.355  4.8  171.9  11.0  0.52  7.9  28.7
260120262014  0.356  5.2  172.6  11.0  0.52  7.7  28.7
260120262015  0.359  5.3  170.8  11.0  0.36  2.2  28.7
260120262016  0.359  5.3  170.6  11.0  0.49  11.4  28.7
260120262017  0.361  5.1  168.5  11.0  0.37  5.2  28.7
260120262018  0.361  5.0  167.8  11.0  0.48  8.6  28.7
260120262019  0.363  4.6  168.6  11.0  0.45  9.5  28.8
260120262020  0.363  4.6  168.7  11.0  0.45  5.8  28.8
260120262021  0.367  4.7  169.3  11.0  0.43  3.5  28.8
260120262022  0.370  4.4  165.7  9.0  0.43  6.4  28.8
260120262023  0.372  4.0  161.6  8.5  0.25  355.6  28.8
260120262024  0.373  3.9  159.6  8.5  0.42  5.7  28.8
260120262025  0.374  4.0  160.2  8.5  0.30  359.3  28.8
260120262026  0.376  3.8  157.4  8.5  0.46  359.0  28.8
260120262027  0.377  3.7  157.6  8.5  0.41  6.7  28.8
260120262028  0.378  3.5  154.2  8.5  0.47  3.6  28.8
260120262029  0.379  3.7  153.2  8.5  0.35  355.3  28.8
260120262030  0.381  3.6  155.2  8.5  0.41  357.3  28.8
260120262031  0.384  3.4  152.0  8.2  0.38  2.9  28.8
260120262032  0.386  3.3  149.8  8.2  0.21  348.0  28.8
260120262033  0.389  3.3  149.7  8.2  0.39  356.1  28.8
260120262034  0.391  3.2  149.6  7.2  0.31  355.6  28.8
260120262035  0.391  2.8  146.4  6.6  0.31  349.5  28.8
260120262036  0.391  2.8  147.6  6.6  0.30  347.4  28.8
260120262037  0.391  2.9  148.0  6.6  0.29  358.8  28.8
260120262038  0.393  3.0  153.9  6.6  0.34  353.6  28.8
260120262039  0.395  3.0  151.8  6.6  0.34  345.1  28.8
260120262040  0.396  3.1  142.5  7.3  0.39  355.1  28.8
260120262041  0.397  3.0  142.0  7.3  0.23  352.8  28.8
260120262042  0.397  3.1  141.6  7.3  0.46  353.0  28.8
260120262043  0.396  3.3  141.0  7.3  0.31  7.8  28.8
260120262044  0.396  3.7  142.6  9.3  0.31  1.1  28.8
260120262045  0.396  4.2  144.1  9.3  0.39  352.9  28.8
260120262046  0.397  4.5  146.6  9.3  0.23  352.6  28.8
260120262047  0.398  4.8  146.5  9.3  0.37  352.7  28.8
260120262048  0.400  5.0  146.3  9.3  0.36  0.1  28.8
260120262049  0.401  5.2  148.0  9.3  0.33  355.8  28.8
260120262050  0.403  5.4  150.0  9.3  0.17  355.0  28.8
260120262051  0.405  5.7  149.0  9.3  0.31  359.7  28.8
260120262052  0.407  5.8  149.5  9.3  0.38  355.1  28.8
260120262053  0.410  5.8  151.8  9.3  0.29  355.0  28.8
260120262054  0.413  5.6  151.7  9.2  0.31  350.0  28.8
260120262055  0.417  5.6  152.7  9.2  0.27  0.7  28.8
260120262056  0.420  5.3  152.9  9.2  0.23  338.4  28.8
260120262057  0.423  5.2  153.7  9.2  0.18  345.1  28.8
260120262058  0.426  5.1  153.7  9.2  0.32  1.0  28.8
260120262059  0.429  5.0  153.6  9.2  0.36  352.9  28.8
260120262100  0.433  4.8  156.3  9.2  0.27  348.3  28.8
260120262101  0.436  4.7  156.4  9.2  0.27  346.0  28.8
260120262102  0.440  4.9  154.2  9.2  0.20  338.8  28.8
260120262103  0.445  4.9  151.4  9.0  0.16  329.8  28.8
260120262104  0.449  4.7  152.4  9.0  0.22  352.2  28.8
260120262105  0.453  4.2  153.3  9.0  0.26  351.0  28.8
260120262106  0.456  4.1  153.0  9.0  0.20  332.2  28.8
260120262107  0.460  3.8  156.0  9.0  0.21  343.7  28.8
260120262108  0.463  3.7  157.6  9.0  0.07  322.9  28.8
260120262109  0.468  3.7  158.8  9.0  0.11  332.0  28.8
260120262110  0.471  3.6  157.1  9.0  0.19  344.0  28.8
260120262111  0.474  3.5  158.9  9.0  0.17  344.3  28.8
260120262112  0.476  3.5  163.7  8.0  0.09  341.7  28.8
260120262113  0.481  3.3  169.8  6.5  0.10  323.5  28.8
260120262114  0.484  3.6  168.2  7.7  0.03  185.9  28.8
260120262115  0.488  3.8  170.6  7.7  0.13  346.1  28.8
260120262116  0.492  4.0  169.8  7.7  0.08  345.2  28.8
260120262117  0.495  4.2  172.0  7.7  0.13  217.8  28.8
260120262118  0.499  4.6  174.4  8.5  0.06  261.6  28.8
260120262119  0.501  4.8  176.4  9.1  0.11  232.8  28.8
260120262120  0.503  5.0  177.6  9.1  0.11  216.1  28.8
260120262121  0.506  5.0  178.0  9.1  0.10  198.7  28.8
260120262122  0.509  4.9  179.2  9.1  0.08  184.6  28.8
260120262123  0.511  5.0  180.1  9.1  0.19  201.0  28.8
260120262124  0.512  5.0  181.6  9.1  0.18  168.7  28.8
260120262125  0.515  5.2  177.4  9.6  0.08  155.1  28.8
260120262126  0.517  5.3  176.9  10.3  0.11  186.1  28.8
260120262127  0.518  5.3  175.5  10.3  0.09  190.0  28.8
260120262128  0.520  5.1  174.2  10.3  0.17  187.3  28.8
260120262129  0.521  5.2  173.0  10.3  0.25  179.7  28.8
260120262130  0.523  5.2  174.7  10.3  0.26  178.7  28.8
260120262131  0.525  5.6  176.6  10.3  0.21  180.4  28.8
260120262132  0.528  5.7  176.6  10.3  0.16  183.1  28.8
260120262133  0.530  5.9  177.3  11.9  0.16  167.9  28.7
260120262134  0.532  5.7  178.9  11.9  0.19  169.9  28.7
260120262135  0.534  5.8  182.4  11.9  0.21  184.6  28.7
260120262136  0.536  5.9  186.2  11.9  0.18  191.2  28.7
260120262137  0.537  5.8  187.1  11.9  0.15  159.5  28.7
260120262138  0.540  5.7  186.4  11.9  0.27  165.5  28.7
260120262139  0.540  5.4  188.6  11.9  0.29  176.6  28.7
260120262140  0.541  5.3  187.3  11.9  0.16  181.6  28.7
260120262141  0.543  5.1  185.8  11.9  0.07  191.5  28.7
260120262142  0.545  5.3  186.5  11.9  0.13  156.8  28.7
260120262143  0.551  5.2  184.4  8.1  0.24  184.1  28.7
260120262144  0.553  5.3  180.5  8.1  0.21  181.1  28.7
260120262145  0.555  5.1  179.0  8.1  0.12  163.9  28.7
260120262146  0.556  5.0  176.2  8.1  0.12  196.8  28.7
260120262147  0.556  4.8  174.4  8.1  0.11  150.6  28.7
260120262148  0.559  5.0  175.3  8.1  0.25  175.9  28.7
260120262149  0.563  5.2  173.6  8.1  0.09  146.8  28.7
260120262150  0.567  5.0  172.7  8.1  0.18  161.8  28.7
260120262151  0.571  5.1  172.3  8.1  0.32  187.6  28.7
260120262152  0.575  5.0  169.3  9.7  0.09  173.9  28.7
260120262153  0.578  4.8  166.4  9.7  0.12  170.4  28.7
260120262154  0.582  4.6  169.6  9.7  0.18  186.2  28.7
260120262155  0.585  4.5  166.7  9.7  0.16  184.4  28.7
260120262156  0.592  4.6  167.4  9.7  0.27  179.4  28.7
260120262157  0.596  4.7  167.9  9.7  0.18  173.3  28.7
260120262158  0.603  4.6  168.1  9.7  0.09  182.9  28.7
260120262159  0.609  4.5  169.7  9.7  0.31  188.6  28.7
260120262200  0.613  4.6  170.1  9.7  0.37  197.2  28.7
260120262201  0.618  4.5  168.6  9.7  0.29  195.4  28.7
260120262202  0.623  4.5  171.6  9.3  0.27  198.3  28.7
260120262203  0.628  4.7  174.1  9.3  0.28  175.7  28.6
260120262204  0.633  4.8  174.6  9.3  0.35  187.5  28.6
260120262205  0.638  4.9  178.3  9.3  0.32  194.1  28.6
260120262206  0.641  4.8  178.6  9.3  0.35  194.5  28.6
260120262207  0.643  4.8  179.4  9.3  0.25  195.4  28.6
260120262208  0.647  4.9  179.9  9.3  0.31  196.2  28.6
260120262209  0.651  4.8  180.1  9.3  0.35  190.0  28.7
260120262210  0.655  4.9  181.6  9.3  0.32  196.3  28.7
260120262211  0.659  4.9  184.6  9.3  0.35  194.4  28.7
260120262212  0.664  4.7  184.1  9.3  0.34  201.6  28.7
260120262213  0.667  4.6  184.0  6.7  0.37  198.8  28.6
260120262214  0.670  4.7  179.2  11.5  0.43  193.6  28.6
260120262215  0.674  4.7  177.7  11.5  0.47  190.0  28.6
260120262216  0.676  5.0  178.9  11.5  0.51  188.5  28.6
260120262217  0.680  4.9  178.5  11.5  0.51  186.5  28.6
260120262218  0.686  5.0  178.5  11.5  0.48  186.3  28.6
260120262219  0.688  5.0  174.3  11.5  0.47  181.0  28.5
260120262220  0.692  5.2  175.2  11.5  0.51  178.9  28.5
260120262221  0.695  5.1  171.9  11.5  0.47  185.5  28.5
260120262222  0.699  5.1  168.2  11.5  0.51  176.0  28.5
260120262223  0.702  5.1  165.4  11.5  0.51  181.5  28.5
260120262224  0.705  4.9  168.7  10.7  0.56  183.8  28.5
260120262225  0.707  5.1  168.4  10.8  0.42  179.2  28.5
260120262226  0.709  4.7  166.0  10.8  0.56  183.4  28.5
260120262227  0.712  5.1  165.4  12.3  0.46  189.0  28.5
260120262228  0.716  5.1  163.8  12.3  0.49  178.9  28.5
260120262229  0.719  5.1  164.4  12.3  0.50  180.8  28.5
260120262230  0.722  4.9  161.8  12.3  0.53  179.7  28.5
260120262231  0.724  4.7  163.2  12.3  0.47  185.0  28.5
260120262232  0.727  4.7  164.7  12.3  0.52  183.4  28.5
260120262233  0.730  4.8  167.2  12.3  0.60  179.9  28.5
260120262234  0.734  4.9  168.9  12.3  0.50  181.9  28.5
260120262235  0.740  4.7  169.9  12.3  0.58  178.7  28.5
260120262236  0.746  4.9  169.5  12.3  0.59  177.4  28.5
260120262237  0.750  4.6  171.5  10.5  0.60  181.7  28.5
260120262238  0.753  4.5  172.1  10.5  0.56  179.9  28.5
260120262239  0.757  4.2  172.3  10.5  0.69  182.9  28.5
260120262240  0.761  4.3  172.0  10.5  0.58  174.1  28.5
260120262241  0.765  4.4  172.5  10.5  0.65  172.1  28.5
260120262242  0.771  4.4  175.8  10.5  0.69  172.0  28.5
260120262243  0.776  4.3  178.5  8.9  0.59  171.8  28.5
260120262244  0.780  4.0  177.6  6.8  0.64  169.7  28.5
260120262245  0.781  4.0  178.9  7.9  0.58  174.0  28.5
260120262246  0.785  4.2  183.2  7.9  0.58  176.3  28.5
260120262247  0.787  4.2  181.8  7.9  0.61  184.0  28.5
260120262248  0.790  4.1  182.7  8.2  0.66  180.4  28.5
260120262249  0.796  4.4  183.3  8.2  0.66  179.5  28.5
260120262250  0.801  4.5  183.4  8.2  0.68  184.6  28.5
260120262251  0.806  4.6  183.3  8.2  0.78  186.9  28.5
260120262252  0.811  4.6  179.8  8.2  0.70  187.1  28.5
260120262253  0.814  4.5  180.0  8.2  0.73  182.9  28.5
260120262254  0.819  4.5  178.2  8.2  0.71  180.0  28.5
260120262255  0.824  4.3  176.1  8.2  0.59  186.4  28.5
260120262256  0.829  4.3  174.2  8.2  0.73  180.8  28.5
260120262257  0.835  4.1  173.6  8.2  0.78  179.8  28.5
260120262258  0.839  4.0  172.9  6.6  0.77  182.3  28.5
260120262259  0.843  3.8  172.9  6.6  0.78  181.8  28.5
260120262300  0.847  3.7  175.7  6.5  0.70  176.9  28.5
260120262301  0.852  3.7  175.7  6.5  0.70  180.9  28.5
260120262302  0.854  3.8  175.3  8.0  0.73  177.7  28.5
260120262303  0.859  3.9  176.0  8.0  0.69  180.0  28.5
260120262304  0.861  4.0  178.0  8.0  0.66  176.3  28.5
260120262305  0.865  4.1  180.3  8.0  0.78  183.7  28.5
260120262306  0.868  4.4  180.2  8.2  0.80  182.8  28.5
260120262307  0.872  4.6  182.1  8.2  0.66  184.8  28.5
260120262308  0.877  4.8  181.9  8.2  0.80  178.9  28.5
260120262309  0.882  5.5  185.5  12.2  0.65  175.6  28.5
260120262310  0.887  5.6  185.7  12.2  0.78  182.7  28.5
260120262311  0.891  5.6  186.3  12.2  0.71  178.9  28.5
260120262312  0.893  5.8  184.5  12.2  0.74  179.5  28.4
260120262313  0.897  5.8  182.3  12.2  0.65  177.1  28.4
260120262314  0.900  5.8  182.0  12.2  0.64  174.9  28.4
260120262315  0.905  5.9  180.8  12.2  0.81  175.0  28.4
260120262316  0.910  6.0  178.2  12.2  0.78  174.0  28.4
260120262317  0.915  5.8  177.1  12.2  0.83  178.8  28.4
260120262318  0.918  5.8  178.9  12.2  0.63  174.0  28.4
260120262319  0.923  5.7  176.9  10.3  0.78  176.5  28.5
260120262320  0.927  5.7  176.0  10.3  0.74  180.2  28.5
260120262321  0.929  5.9  174.0  10.3  0.78  180.4  28.5
260120262322  0.934  5.7  175.6  9.9  0.64  176.8  28.5
260120262323  0.938  5.7  175.8  9.9  0.69  177.9  28.5
260120262324  0.942  5.8  175.0  9.9  0.67  177.3  28.5
260120262325  0.947  5.7  174.8  9.9  0.67  176.2  28.4
260120262326  0.951  5.3  177.1  8.8  0.75  178.2  28.4
260120262327  0.956  5.5  177.6  8.8  0.73  182.2  28.4
260120262328  0.961  5.6  176.5  8.8  0.77  179.3  28.4
260120262329  0.967  5.6  176.4  10.8  0.83  179.8  28.4
260120262330  0.971  5.4  175.2  10.8  0.70  178.1  28.4
260120262331  0.976  4.9  175.9  10.8  0.80  180.1  28.4
260120262332  0.980  4.9  178.9  10.8  0.69  178.6  28.4
260120262333  0.985  5.4  181.7  11.4  0.87  179.5  28.4
260120262334  0.991  5.7  184.7  11.4  0.72  185.0  28.4
260120262335  0.997  6.0  186.0  11.6  0.78  182.7  28.4
260120262336  1.003  5.9  185.0  11.6  0.78  189.0  28.4
260120262337  1.008  5.7  182.8  11.6  0.77  185.4  28.4
260120262338  1.013  5.5  181.1  11.6  0.85  184.0  28.4
260120262339  1.016  5.3  180.1  11.6  0.91  180.3  28.4
260120262340  1.021  5.5  178.2  11.6  0.70  180.9  28.4
260120262341  1.026  5.7  179.6  11.6  0.75  183.1  28.4
260120262342  1.029  5.7  178.1  11.6  0.71  184.0  28.4
260120262343  1.035  5.5  177.2  11.6  0.61  184.4  28.4
260120262344  1.039  5.8  176.5  15.3  0.81  180.5  28.4
260120262345  1.041  5.9  175.9  15.3  0.85  183.7  28.4
260120262346  1.044  6.4  177.4  15.3  0.65  185.4  28.4
260120262347  1.049  6.5  178.0  15.3  0.67  182.6  28.4
260120262348  1.051  6.7  177.5  15.3  0.77  184.8  28.4
260120262349  1.054  7.1  178.0  15.3  0.69  181.8  28.4
260120262350  1.058  7.5  180.2  15.3  0.77  188.6  28.4
260120262351  1.061  7.8  179.5  15.3  0.65  187.8  28.4
260120262352  1.063  7.9  179.9  15.3  0.71  182.2  28.4
260120262353  1.067  7.9  179.8  15.3  0.77  188.3  28.4
260120262354  1.070  7.7  178.3  14.1  0.63  182.8  28.4
260120262355  1.073  7.6  176.3  14.1  0.58  185.2  28.4
260120262356  1.077  7.8  176.3  14.6  0.72  183.9  28.4
260120262357  1.079  8.0  176.4  14.6  0.83  186.5  28.4
260120262358  1.082  8.2  178.9  14.6  0.65  188.6  28.4
260120262359  1.084  8.3  178.5  14.6  0.43  193.9  28.4
270120260000  1.085  8.2  178.9  14.6  0.56  188.6  28.4
270120260001  1.088  8.2  180.0  14.6  0.61  191.5  28.4
270120260002  1.092  8.6  179.9  14.6  0.53  189.4  28.4
270120260003  1.094  8.9  179.3  14.6  0.55  185.4  28.4
270120260004  1.097  9.1  179.5  15.1  0.55  194.1  28.4
270120260005  1.100  9.2  180.3  15.1  0.62  188.6  28.4
270120260006  1.102  9.0  180.5  15.1  0.75  189.1  28.4
270120260007  1.105  9.2  179.0  15.1  0.53  185.6  28.4
270120260008  1.108  9.1  177.8  15.1  0.60  186.3  28.4
270120260009  1.111  8.9  178.6  15.1  0.59  191.9  28.4
270120260010  1.114  8.6  175.9  15.1  0.52  188.7  28.4
270120260011  1.118  8.3  171.5  15.1  0.62  191.8  28.4
270120260012  1.119  7.7  169.9  15.1  0.59  185.3  28.4
270120260013  1.122  7.7  172.3  15.1  0.51  185.5  28.4
270120260014  1.127  7.5  170.7  13.3  0.64  187.9  28.3
270120260015  1.131  7.7  172.6  13.3  0.54  188.8  28.3
270120260016  1.136  7.9  172.6  13.3  0.53  186.2  28.3
270120260017  1.139  7.8  175.7  13.1  0.53  190.8  28.3
270120260018  1.144  7.7  175.1  13.1  0.63  185.2  28.3
270120260019  1.147  7.6  173.4  13.1  0.55  184.2  28.3
270120260020  1.151  8.0  175.1  13.1  0.58  186.6  28.3
270120260021  1.155  8.5  176.7  14.7  0.61  180.5  28.3
270120260022  1.157  8.7  176.2  14.7  0.62  183.5  28.3
270120260023  1.160  8.4  172.9  14.7  0.71  181.3  28.3
270120260024  1.163  8.3  174.9  16.7  0.66  183.8  28.3
270120260025  1.167  8.4  174.1  17.3  0.56  174.6  28.3
270120260026  1.174  8.0  173.4  17.3  0.46  178.4  28.3
270120260027  1.178  8.0  173.0  17.3  0.62  175.3  28.3
270120260028  1.182  8.1  170.7  17.3  0.65  190.2  28.3
270120260029  1.186  8.2  171.1  17.3  0.68  183.3  28.3
270120260030  1.188  8.1  171.6  17.3  0.65  182.9  28.3
270120260031  1.193  7.6  171.0  17.3  0.61  173.4  28.3
270120260032  1.196  7.7  171.5  17.3  0.57  178.4  28.3
270120260033  1.200  7.5  172.0  17.3  0.75  177.3  28.3
270120260034  1.202  7.4  170.0  17.3  0.35  186.8  28.3
270120260035  1.206  7.1  168.2  15.3  0.52  180.3  28.3
270120260036  1.210  6.9  166.8  15.3  0.64  178.7  28.3
270120260037  1.213  6.7  164.9  15.3  0.50  175.4  28.3
270120260038  1.218  6.6  167.8  15.3  0.59  180.2  28.3
270120260039  1.220  6.5  169.3  15.3  0.61  179.5  28.2
270120260040  1.224  6.3  167.3  15.3  0.55  179.9  28.2
270120260041  1.226  6.2  169.0  15.3  0.66  182.9  28.2
270120260042  1.229  5.9  168.5  15.3  0.64  179.7  28.2
270120260043  1.231  6.1  170.6  15.3  0.45  180.4  28.2
270120260044  1.234  6.4  171.9  15.3  0.58  183.6  28.2
270120260045  1.237  6.5  177.1  13.3  0.65  189.0  28.2
270120260046  1.240  6.6  179.0  13.3  0.53  184.3  28.2
270120260047  1.243  6.5  180.8  13.3  0.51  185.0  28.2
270120260048  1.246  6.5  182.2  13.3  0.62  179.2  28.2
270120260049  1.248  6.2  180.4  13.3  0.62  181.7  28.2
270120260050  1.250  6.4  180.0  13.3  0.69  183.5  28.2
270120260051  1.252  6.9  180.1  13.5  0.59  184.5  28.2
270120260052  1.255  7.2  181.7  13.5  0.56  186.4  28.2
270120260053  1.256  7.0  181.8  13.5  0.62  186.7  28.2
270120260054  1.259  6.6  182.2  13.5  0.63  182.4  28.2
270120260055  1.262  6.1  177.8  13.5  0.67  190.3  28.2
270120260056  1.265  6.7  178.8  13.5  0.61  183.2  28.2
270120260057  1.269  7.0  180.9  13.5  0.58  188.5  28.2
270120260058  1.272  7.2  180.8  13.5  0.52  185.9  28.2
270120260059  1.275  7.5  181.5  13.5  0.51  182.6  28.2
270120260100  1.278  7.6  184.7  13.5  0.54  189.4  28.2
270120260101  1.280  7.7  185.9  13.4  0.53  191.7  28.2
270120260102  1.283  7.6  184.7  13.4  0.47  177.1  28.2
270120260103  1.287  7.7  186.1  13.4  0.45  188.5  28.2
270120260104  1.291  7.9  187.5  13.4  0.62  185.0  28.2
270120260105  1.294  8.1  188.5  13.4  0.54  181.5  28.2
270120260106  1.297  7.4  188.1  12.7  0.60  183.1  28.2
270120260107  1.301  7.2  187.4  12.2  0.53  178.4  28.2
270120260108  1.305  7.2  186.1  12.2  0.62  178.2  28.2
270120260109  1.307  7.3  187.9  12.2  0.69  176.9  28.2
270120260110  1.310  7.0  187.7  12.2  0.53  185.1  28.2
270120260111  1.314  6.7  188.1  11.0  0.53  182.3  28.2
270120260112  1.317  6.8  188.4  11.0  0.58  180.0  28.2
270120260113  1.321  6.8  183.6  11.0  0.60  180.4  28.2
270120260114  1.324  6.5  181.7  11.0  0.64  181.8  28.2
270120260115  1.327  6.9  180.5  12.1  0.67  181.5  28.2
270120260116  1.330  7.1  179.5  12.1  0.65  179.9  28.1
270120260117  1.332  7.3  179.6  12.1  0.70  177.3  28.1
270120260118  1.335  7.3  180.7  12.1  0.59  179.6  28.1
270120260119  1.337  7.3  178.9  12.1  0.59  183.0  28.1
270120260120  1.338  7.5  178.4  12.1  0.73  178.2  28.1
270120260121  1.340  7.4  178.2  12.1  0.67  180.2  28.1
270120260122  1.344  7.2  179.8  12.1  0.73  181.8  28.1
270120260123  1.346  7.5  183.8  12.1  0.65  178.9  28.1
270120260124  1.346  7.9  184.4  12.2  0.66  180.6  28.1
270120260125  1.349  7.8  185.8  12.2  0.61  180.1  28.1
270120260126  1.349  7.7  184.5  12.2  0.59  179.5  28.1
270120260127  1.351  7.3  181.9  12.2  0.68  178.9  28.1
270120260128  1.353  7.3  181.0  12.4  0.58  175.5  28.1
270120260129  1.354  7.0  179.8  12.4  0.51  172.9  28.1
270120260130  1.354  6.9  180.8  12.4  0.65  182.1  28.1
270120260131  1.356  7.1  181.8  12.4  0.56  176.2  28.1
270120260132  1.358  7.3  181.4  12.4  0.57  182.2  28.1
270120260133  1.360  7.1  180.5  12.4  0.48  174.4  28.1
270120260134  1.364  6.8  180.9  12.4  0.49  176.4  28.1
270120260135  1.366  6.7  181.6  12.4  0.58  180.3  28.1
270120260136  1.367  6.9  185.9  12.4  0.53  177.8  28.1
270120260137  1.369  7.2  186.1  12.4  0.47  177.2  28.1
270120260138  1.372  7.0  187.1  11.9  0.50  176.9  28.1
270120260139  1.375  7.7  187.5  13.5  0.50  173.8  28.1
270120260140  1.377  7.9  185.0  13.5  0.57  176.4  28.1
270120260141  1.379  7.7  183.1  13.5  0.61  177.9  28.1
270120260142  1.380  7.6  183.7  13.5  0.49  179.2  28.1
270120260143  1.382  7.5  182.4  13.5  0.49  174.6  28.1
270120260144  1.383  7.4  181.9  13.5  0.62  176.6  28.1
270120260145  1.385  7.3  180.3  13.5  0.52  170.2  28.1
270120260146  1.386  6.9  178.0  13.5  0.55  169.8  28.1
270120260147  1.388  6.9  179.6  13.5  0.52  176.4  28.1
270120260148  1.391  6.9  178.9  13.5  0.57  171.8  28.1
270120260149  1.394  6.3  176.5  11.8  0.64  176.0  28.1
270120260150  1.396  6.2  179.6  11.8  0.65  174.2  28.0
270120260151  1.396  6.5  180.7  11.8  0.52  183.8  28.0
270120260152  1.399  6.6  179.9  11.8  0.75  173.2  28.0
270120260153  1.401  6.9  180.8  11.8  0.58  181.7  28.0
270120260154  1.402  7.3  180.3  11.8  0.53  174.3  28.0
270120260155  1.405  7.3  181.0  11.8  0.75  177.6  28.0
270120260156  1.406  7.2  180.8  11.8  0.58  173.4  28.0
270120260157  1.408  7.0  181.5  11.8  0.62  169.9  28.0
270120260158  1.410  7.0  182.7  11.8  0.64  168.2  28.0
270120260159  1.412  7.5  184.8  11.8  0.48  165.2  28.0
270120260200  1.414  7.4  183.1  11.8  0.71  171.7  28.0
270120260201  1.416  7.2  184.1  11.8  0.72  173.3  28.0
270120260202  1.418  7.1  183.6  11.8  0.65  167.2  28.0
270120260203  1.421  7.1  181.2  14.5  0.64  173.3  28.0
270120260204  1.424  7.0  180.5  14.5  0.71  170.9  28.0
270120260205  1.425  7.2  179.4  14.5  0.71  171.2  28.0
270120260206  1.428  7.4  179.0  14.5  0.60  168.9  28.0
270120260207  1.429  7.6  175.8  14.5  0.73  173.5  27.9
270120260208  1.432  7.6  174.6  14.5  0.62  170.0  27.9
270120260209  1.433  7.4  173.7  14.5  0.47  165.0  27.9
270120260210  1.435  7.2  173.6  14.5  0.62  171.9  27.9
270120260211  1.434  7.0  169.7  14.5  0.65  174.5  27.9
270120260212  1.436  6.8  166.6  14.5  0.65  168.8  27.9
270120260213  1.437  6.7  169.0  12.0  0.77  176.9  27.9
270120260214  1.439  6.6  169.7  12.0  0.54  170.2  27.9
270120260215  1.439  6.3  167.6  12.0  0.63  172.0  27.9
270120260216  1.439  6.5  167.3  12.0  0.63  172.9  27.9
270120260217  1.438  6.2  169.8  10.1  0.60  172.6  27.9
270120260218  1.439  6.4  172.3  12.1  0.67  173.6  27.9
270120260219  1.438  6.4  173.3  12.1  0.53  167.5  27.9
270120260220  1.440  6.8  173.2  12.1  0.68  174.2  27.9
270120260221  1.439  7.3  176.3  13.1  0.65  176.2  27.9
270120260222  1.439  7.8  179.7  13.1  0.53  168.7  27.9
270120260223  1.438  8.2  180.0  13.1  0.41  164.9  27.9
270120260224  1.438  8.0  180.1  13.1  0.60  171.8  27.9
270120260225  1.439  8.2  181.4  13.1  0.56  168.2  27.8
270120260226  1.439  8.2  181.6  13.1  0.55  169.9  27.8
270120260227  1.441  8.5  182.5  13.1  0.52  167.6  27.8
270120260228  1.440  8.1  179.3  13.1  0.47  166.5  27.8
270120260229  1.440  8.2  179.3  13.1  0.52  167.1  27.8
270120260230  1.439  8.1  180.5  13.1  0.48  163.1  27.8
270120260231  1.440  7.8  181.1  13.1  0.53  172.9  27.8
270120260232  1.440  7.8  179.5  13.1  0.49  169.9  27.7
270120260233  1.439  7.6  179.2  13.1  0.34  170.4  27.7
270120260234  1.440  7.9  180.8  13.1  0.47  163.6  27.6
270120260235  1.439  8.1  181.0  13.1  0.46  170.9  27.5
270120260236  1.439  8.3  184.3  13.1  0.43  177.3  27.4
270120260237  1.438  8.3  183.8  12.1  0.46  171.9  27.3
270120260238  1.439  8.4  183.7  12.1  0.50  173.1  27.3
270120260239  1.439  8.4  184.0  12.1  0.38  166.2  27.4
270120260240  1.439  8.6  184.7  13.6  0.42  168.9  27.4
270120260241  1.441  8.6  184.9  13.6  0.32  170.2  27.4
270120260242  1.441  8.4  184.0  13.6  0.29  177.0  27.4
270120260243  1.443  8.1  183.0  13.6  0.38  167.8  27.4
270120260244  1.443  7.8  181.7  13.6  0.44  173.5  27.3
270120260245  1.445  7.7  179.8  13.6  0.39  167.8  27.3
270120260246  1.445  7.6  177.1  13.6  0.40  164.4  27.3
270120260247  1.445  7.2  175.2  13.6  0.50  169.6  27.3
270120260248  1.446  6.9  176.2  13.6  0.34  158.6  27.3
270120260249  1.446  6.7  175.1  13.6  0.38  167.5  27.3
270120260250  1.449  6.2  171.3  10.9  0.43  166.4  27.3
270120260251  1.450  6.3  167.2  12.8  0.35  165.0  27.2
270120260252  1.453  6.1  168.8  12.8  0.43  173.3  27.2
270120260253  1.453  6.1  169.8  12.8  0.37  171.0  27.2
270120260254  1.454  5.9  169.5  12.8  0.31  183.5  27.2
270120260255  1.455  5.8  171.9  12.8  0.39  177.7  27.1
270120260256  1.457  5.7  173.2  12.8  0.32  175.7  27.1
270120260257  1.457  6.2  172.1  12.9  0.18  162.3  27.1
270120260258  1.459  6.7  174.7  12.9  0.43  170.1  27.2
270120260259  1.460  7.0  175.7  12.9  0.39  174.3  27.1
270120260300  1.459  7.1  176.5  12.9  0.35  173.0  27.1
270120260301  1.459  6.9  176.5  12.9  0.27  160.9  27.1
270120260302  1.458  6.8  174.4  12.9  0.37  169.6  27.1
270120260303  1.458  6.8  174.6  12.9  0.29  159.2  27.1
270120260304  1.456  6.7  174.1  12.9  0.35  164.7  27.1
270120260305  1.456  6.7  170.4  12.9  0.32  173.9  27.1
270120260306  1.454  6.5  167.6  12.9  0.20  167.8  27.1
270120260307  1.453  6.1  166.8  12.7  0.29  170.3  27.1
270120260308  1.452  5.7  165.7  12.7  0.25  167.8  27.1
270120260309  1.451  5.5  165.7  12.3  0.24  180.3  27.1
270120260310  1.450  5.4  165.6  12.3  0.25  168.4  27.1
270120260311  1.448  5.3  167.9  12.3  0.16  182.2  27.1
270120260312  1.445  5.5  173.0  12.3  0.21  162.5  27.0
270120260313  1.444  5.3  167.4  12.5  0.29  182.3  27.0
270120260314  1.443  5.6  166.8  12.5  0.20  178.4  27.0
270120260315  1.442  5.5  171.2  12.5  0.23  176.9  27.0
270120260316  1.441  5.5  175.1  12.5  0.12  195.8  27.0
270120260317  1.439  5.4  178.4  12.5  0.21  172.6  27.0
270120260318  1.439  5.5  181.0  12.5  0.36  182.3  27.0
270120260319  1.436  5.6  181.2  12.5  0.24  184.1  27.0
270120260320  1.435  5.8  182.3  12.5  0.30  171.3  27.0
270120260321  1.435  6.1  184.0  12.5  0.39  177.9  27.0
270120260322  1.433  5.9  185.2  12.5  0.39  169.2  27.0
270120260323  1.432  6.0  189.6  9.9  0.25  154.3  27.0
270120260324  1.432  5.9  191.0  9.9  0.30  158.8  26.9
270120260325  1.431  5.9  190.2  9.9  0.15  110.7  26.9
270120260326  1.429  6.1  189.9  10.0  0.09  156.0  26.9
270120260327  1.429  6.3  188.1  10.0  0.03  163.4  26.9
270120260328  1.429  6.4  186.0  12.7  0.10  160.9  26.9
270120260329  1.427  6.4  184.0  12.7  0.35  165.0  26.9
270120260330  1.426  6.4  183.5  12.7  0.18  139.2  26.9
270120260331  1.426  6.4  184.3  12.7  0.13  145.0  26.8
270120260332  1.425  6.5  182.9  12.7  0.21  164.6  26.8
270120260333  1.425  6.6  184.2  12.7  0.22  165.4  26.8
270120260334  1.423  6.8  185.8  12.7  0.27  164.4  26.8
270120260335  1.423  7.3  185.8  12.7  0.17  146.8  26.9
270120260336  1.421  7.2  184.7  12.7  0.17  149.1  26.9
270120260337  1.420  7.1  186.8  12.7  0.18  140.7  26.9
270120260338  1.418  7.2  187.7  10.8  0.19  157.8  26.9
270120260339  1.418  7.2  188.9  10.8  0.22  157.0  26.9
270120260340  1.416  6.9  189.4  10.8  0.23  149.1  26.9
270120260341  1.415  6.6  188.0  10.8  0.22  154.2  26.9
270120260342  1.413  6.6  189.6  10.8  0.32  169.2  26.9
270120260343  1.412  7.0  189.2  13.3  0.26  161.5  26.9
270120260344  1.412  7.1  188.7  13.3  0.30  180.1  26.8
270120260345  1.410  7.0  190.2  13.3  0.20  158.8  26.8
270120260346  1.408  7.1  189.6  13.3  0.27  189.6  26.8
270120260347  1.406  7.1  189.7  13.3  0.12  169.4  26.8
270120260348  1.405  6.9  189.0  13.3  0.22  168.4  26.8
270120260349  1.405  7.1  190.0  13.3  0.18  176.9  26.8
270120260350  1.402  7.3  190.3  13.3  0.11  120.4  26.8
270120260351  1.401  7.7  190.0  13.3  0.25  168.2  26.8
270120260352  1.399  7.9  188.2  13.3  0.14  143.3  26.8
270120260353  1.396  7.5  188.8  12.2  0.20  164.7  26.8
270120260354  1.395  7.4  187.3  12.2  0.18  171.4  26.8
270120260355  1.394  7.1  187.0  10.4  0.17  169.1  26.7
270120260356  1.393  7.1  188.2  14.7  0.29  190.0  26.7
270120260357  1.393  7.3  185.3  14.7  0.22  173.8  26.7
270120260358  1.392  7.5  184.8  14.7  0.21  190.5  26.7
270120260359  1.391  7.8  184.7  14.7  0.18  175.7  26.7
270120260400  1.389  8.0  184.0  14.7  0.18  194.9  26.7
270120260401  1.387  8.2  185.1  14.7  0.15  161.8  26.6
270120260402  1.385  8.2  186.8  14.7  0.15  181.3  26.6
270120260403  1.383  8.2  186.6  14.7  0.08  234.0  26.6
270120260404  1.380  8.2  188.2  14.7  0.20  186.7  26.6
270120260405  1.378  8.4  189.1  14.7  0.06  110.1  26.6
270120260406  1.376  8.6  190.1  12.9  0.09  192.4  26.6
270120260407  1.374  8.6  192.4  12.9  0.09  118.4  26.6
270120260408  1.370  8.4  192.7  12.9  0.05  350.8  26.6
270120260409  1.367  8.2  193.7  10.7  0.09  181.7  26.6
270120260410  1.365  8.1  195.0  10.7  0.06  109.2  26.7
270120260411  1.362  7.9  195.0  10.7  0.09  190.0  26.6
270120260412  1.360  7.7  193.5  10.7  0.07  338.2  26.6
270120260413  1.358  7.6  193.4  10.7  0.08  221.0  26.6
270120260414  1.355  7.4  193.0  10.7  0.09  170.8  26.6
270120260415  1.353  7.3  192.6  10.7  nan  nan  nan
270120260416  1.351  7.1  192.0  10.6  0.13  82.6  26.6
270120260417  1.349  6.9  192.5  9.9  0.08  184.6  26.6
270120260418  1.346  7.0  193.3  9.9  0.03  135.5  26.6
270120260419  1.342  6.9  192.4  9.6  nan  nan  nan
270120260420  1.341  7.0  192.4  13.4  nan  nan  nan
270120260421  1.339  7.2  192.8  13.4  0.06  214.0  26.6
270120260422  1.336  7.4  193.5  13.4  0.14  190.0  26.6
270120260423  1.335  7.6  193.7  13.4  0.04  312.9  26.6
270120260424  1.332  7.8  193.9  13.4  0.03  237.7  26.6
270120260425  1.330  7.9  193.5  13.4  0.05  199.5  26.6
270120260426  1.329  8.0  192.2  13.4  0.06  345.9  26.6
270120260427  1.327  8.0  192.1  13.4  0.03  6.6  26.6
270120260428  1.325  8.2  192.3  13.4  0.07  297.4  26.6
270120260429  1.323  8.3  192.7  13.4  0.09  282.4  26.6
270120260430  1.320  8.2  193.0  11.5  0.05  20.9  26.6
270120260431  1.318  8.1  192.6  11.5  nan  nan  nan
270120260432  1.316  8.1  193.5  11.5  nan  nan  nan
270120260433  1.315  8.2  193.9  11.5  0.16  344.4  26.6
270120260434  1.313  8.4  193.9  11.7  0.10  45.5  26.6
270120260435  1.311  8.5  191.7  11.7  nan  nan  nan
270120260436  1.309  8.5  192.8  11.7  0.05  10.0  26.6
270120260437  1.304  8.4  192.4  11.7  0.05  95.8  26.6
270120260438  1.302  8.3  191.5  11.7  0.04  344.8  26.6
270120260439  1.300  8.1  191.8  11.7  0.06  21.3  26.6
270120260440  1.297  8.2  192.0  11.7  0.04  111.9  26.6
270120260441  1.296  8.3  191.9  11.7  0.13  177.0  26.6
270120260442  1.293  8.3  190.6  12.2  0.09  266.6  26.6
270120260443  1.292  8.6  191.7  13.6  nan  nan  nan
270120260444  1.287  8.3  191.9  13.6  0.05  337.0  26.6
270120260445  1.283  8.2  194.7  13.6  0.03  229.3  26.6
270120260446  1.280  8.0  195.6  13.6  0.07  230.8  26.6
270120260447  1.276  8.2  196.3  13.6  0.08  294.7  26.6
270120260448  1.272  8.3  197.3  13.6  0.11  359.9  26.6
270120260449  1.269  8.5  196.8  13.6  0.13  5.0  26.6
270120260450  1.263  8.3  196.1  13.6  0.18  5.1  26.6
270120260451  1.259  8.0  195.3  13.6  0.12  339.0  26.6
270120260452  1.256  7.9  196.4  13.6  0.05  319.0  26.6
270120260453  1.252  7.8  195.0  11.9  0.11  342.1  26.6
270120260454  1.249  8.0  194.8  11.9  0.16  357.0  26.7
270120260455  1.246  8.3  193.4  13.2  0.14  17.4  26.7
270120260456  1.241  8.9  190.9  14.9  0.02  10.0  26.7
270120260457  1.236  8.9  188.5  14.9  0.07  6.6  26.7
270120260458  1.232  8.7  186.3  14.9  0.15  21.3  26.8
270120260459  1.230  8.5  184.5  14.9  0.16  348.9  26.8
270120260500  1.228  8.8  183.4  14.9  0.17  357.3  26.8
270120260501  1.225  9.3  184.5  14.9  0.15  359.3  26.8
270120260502  1.222  9.9  183.4  15.5  0.14  345.2  26.7
270120260503  1.218  9.7  181.3  15.5  0.17  4.8  26.7
270120260504  1.216  9.5  179.8  15.5  0.16  14.3  26.8
270120260505  1.211  9.2  179.9  15.5  0.24  355.3  26.8
270120260506  1.208  8.7  180.4  15.5  0.22  359.9  26.8
270120260507  1.205  8.7  182.7  15.5  0.28  1.6  26.8
270120260508  1.202  9.0  182.8  15.5  0.15  359.8  26.9
270120260509  1.198  9.1  183.3  15.5  0.18  356.6  26.9
270120260510  1.194  8.9  183.7  15.5  0.13  339.5  26.8
270120260511  1.191  8.6  183.0  15.5  0.09  0.1  26.8
270120260512  1.189  8.1  182.1  11.6  0.23  351.0  26.8
270120260513  1.186  8.3  185.8  14.4  0.29  341.4  26.8
270120260514  1.182  8.5  187.0  14.4  0.12  339.0  26.8
270120260515  1.179  8.8  186.6  14.4  0.22  340.3  26.8
270120260516  1.176  9.1  186.6  14.4  0.31  355.3  26.8
270120260517  1.173  9.0  184.8  14.4  0.34  4.8  26.8
270120260518  1.171  8.7  185.9  14.4  0.33  5.7  26.7
270120260519  1.171  8.8  187.3  14.4  0.18  11.3  26.7
270120260520  1.167  9.0  187.8  14.4  0.35  5.2  26.7
270120260521  1.164  8.8  187.1  14.4  0.27  7.2  26.8
270120260522  1.162  9.0  188.5  14.4  0.48  9.1  26.8
270120260523  1.158  9.0  186.1  13.1  0.42  10.5  26.8
270120260524  1.155  9.0  185.3  13.6  0.42  3.1  26.8
270120260525  1.153  9.0  184.9  13.6  0.49  6.3  26.8
270120260526  1.151  8.8  184.6  13.6  0.48  4.8  26.8
270120260527  1.147  8.8  186.6  13.6  0.34  13.3  26.8
270120260528  1.145  9.0  186.9  13.6  0.45  4.8  26.8
270120260529  1.139  8.5  185.7  13.6  0.53  12.3  26.8
270120260530  1.137  8.3  186.9  13.6  0.62  11.8  26.8
270120260531  1.133  8.6  188.1  13.6  0.49  10.2  26.9
270120260532  1.128  8.5  186.4  13.6  0.56  6.2  26.9
270120260533  1.125  8.3  186.7  13.6  0.54  10.0  26.9
270120260534  1.121  8.2  188.7  13.5  0.64  7.2  26.9
270120260535  1.116  7.9  190.3  11.6  0.56  13.0  26.9
270120260536  1.112  8.0  189.6  11.6  0.64  7.9  26.9
270120260537  1.108  8.0  187.3  11.6  0.40  6.6  26.9
270120260538  1.104  7.8  185.6  11.0  0.51  7.4  26.9
270120260539  1.100  8.1  184.5  11.0  0.40  5.0  26.9
270120260540  1.095  8.2  183.7  11.3  0.45  3.8  26.9
270120260541  1.090  8.2  184.6  11.3  0.44  6.7  26.9
270120260542  1.085  8.2  185.8  11.3  0.45  7.0  26.9
270120260543  1.081  8.4  184.9  12.7  0.54  9.4  27.0
270120260544  1.077  8.5  182.0  12.7  0.41  9.7  27.0
270120260545  1.074  8.4  179.9  12.7  0.56  357.7  27.0
270120260546  1.070  8.4  181.7  12.7  0.47  0.7  27.0
270120260547  1.067  8.8  184.1  14.1  0.48  6.7  27.0
270120260548  1.062  9.0  186.0  14.7  0.58  359.5  27.0
270120260549  1.059  9.1  188.4  14.7  0.58  11.3  27.0
270120260550  1.054  9.5  188.8  14.7  0.61  3.5  27.0
270120260551  1.050  9.8  186.3  14.7  0.64  358.7  27.0
270120260552  1.047  9.9  185.5  14.7  0.66  1.5  27.0
270120260553  1.044  9.7  185.3  14.7  0.58  357.2  27.0
270120260554  1.038  9.5  187.0  14.7  0.54  359.9  27.0
270120260555  1.034  9.7  187.9  14.7  0.68  2.6  27.1
270120260556  1.031  9.9  187.1  14.7  0.58  2.5  27.1
270120260557  1.028  9.9  186.5  14.7  0.60  0.9  27.1
270120260558  1.026  9.9  185.7  14.3  0.59  360.0  27.1
270120260559  1.021  10.0  184.9  14.3  0.66  3.5  27.1
270120260600  1.017  9.8  184.2  14.3  0.50  3.8  27.1
270120260601  1.013  9.5  185.5  14.3  0.69  0.2  27.1
270120260602  1.010  9.3  186.7  14.3  0.63  5.0  27.1
270120260603  1.005  9.2  188.3  14.3  0.66  4.5  27.1
270120260604  1.001  9.2  187.2  14.3  0.55  358.4  27.1
270120260605  0.997  8.9  186.7  14.3  0.53  4.7  27.1
270120260606  0.993  8.4  185.2  14.3  0.56  5.0  27.1
270120260607  0.990  8.0  185.2  11.7  0.56  3.9  27.1
270120260608  0.988  7.8  185.1  11.4  0.53  7.7  27.1
270120260609  0.986  7.6  184.7  11.4  0.54  5.9  27.1
270120260610  0.981  7.7  185.0  11.3  0.65  10.3  27.2
270120260611  0.978  7.9  183.7  12.5  0.61  3.8  27.2
270120260612  0.975  8.1  182.3  12.5  0.53  5.0  27.2
270120260613  0.972  8.4  181.5  12.5  0.68  5.7  27.2
270120260614  0.970  8.8  182.2  13.1  0.59  8.5  27.2
270120260615  0.966  8.9  182.0  13.1  0.60  358.0  27.2
270120260616  0.964  8.9  184.1  13.1  0.52  1.6  27.2
270120260617  0.961  9.0  184.8  13.1  0.60  2.7  27.2
270120260618  0.958  9.0  185.1  13.1  0.68  7.7  27.2
270120260619  0.955  9.1  184.7  13.1  0.57  0.7  27.3
270120260620  0.953  9.0  184.3  13.1  0.58  1.5  27.3
270120260621  0.950  9.0  184.5  13.1  0.75  5.5  27.3
270120260622  0.946  8.8  185.9  13.1  0.65  5.2  27.3
270120260623  0.942  8.9  187.6  13.1  0.74  3.9  27.3
270120260624  0.939  8.8  188.4  12.7  0.81  6.0  27.3
270120260625  0.936  9.2  190.4  13.9  0.65  3.1  27.3
270120260626  0.932  9.5  189.8  13.9  0.71  2.7  27.4
270120260627  0.929  9.7  188.6  13.9  0.69  8.9  27.4
270120260628  0.926  9.9  188.3  13.9  0.79  5.8  27.4
270120260629  0.922  10.3  188.8  13.9  0.81  7.9  27.4
270120260630  0.918  10.6  189.4  13.9  0.77  7.4  27.4
270120260631  0.915  10.7  190.9  13.9  0.74  7.9  27.4
270120260632  0.911  10.9  191.1  14.0  0.77  6.8  27.4
270120260633  0.908  10.7  190.6  14.0  0.72  12.0  27.4
270120260634  0.904  10.8  191.1  14.0  0.73  8.0  27.4
270120260635  0.900  10.9  190.6  14.0  0.69  7.7  27.4
270120260636  0.899  10.9  190.9  14.0  0.72  8.0  27.4
270120260637  0.896  10.9  191.2  14.0  0.72  9.2  27.4
270120260638  0.894  11.1  191.8  14.0  0.82  8.2  27.5
270120260639  0.891  11.1  192.8  14.0  0.81  6.4  27.5
270120260640  0.888  10.9  191.9  14.0  0.60  4.6  27.5
270120260641  0.884  10.8  191.7  14.0  0.64  0.5  27.5
270120260642  0.881  10.7  191.9  13.7  0.64  2.5  27.5
270120260643  0.878  10.9  192.5  14.4  0.62  2.4  27.5
270120260644  0.876  11.0  192.3  15.2  0.68  3.4  27.5
270120260645  0.874  10.8  191.8  15.2  0.59  356.4  27.5
270120260646  0.871  10.5  191.1  15.2  0.63  0.2  27.5
270120260647  0.869  10.6  192.0  15.2  0.65  355.8  27.5
270120260648  0.866  10.2  192.0  15.2  0.65  359.2  27.5
270120260649  0.863  10.0  191.9  15.2  0.55  1.2  27.5
270120260650  0.860  10.0  191.5  15.2  0.74  0.8  27.5
270120260651  0.855  9.8  191.2  15.2  0.66  8.6  27.5
270120260652  0.853  9.6  191.2  15.2  0.66  1.0  27.5
270120260653  0.850  9.1  189.3  15.2  0.64  1.4  27.5
270120260654  0.847  8.0  188.3  13.3  0.72  3.5  27.5
270120260655  0.845  7.8  188.8  13.3  0.65  359.7  27.6
270120260656  0.843  7.6  186.7  13.3  0.73  2.5  27.6
270120260657  0.840  7.3  184.6  13.3  0.65  358.0  27.6
270120260658  0.838  7.4  184.7  13.3  0.71  3.3  27.6
270120260659  0.835  6.9  182.7  13.3  0.66  4.6  27.6
270120260700  0.831  6.3  183.2  13.3  0.70  4.1  27.6
270120260701  0.828  6.0  183.2  13.3  0.62  1.5  27.6
270120260702  0.825  5.5  179.4  13.3  0.65  1.4  27.6
270120260703  0.821  5.4  181.1  12.7  0.69  358.8  27.6
270120260704  0.819  5.4  179.6  12.7  0.67  4.0  27.6
270120260705  0.819  5.3  177.6  12.7  0.71  4.4  27.6
270120260706  0.816  5.0  180.7  12.7  0.59  0.3  27.6
270120260707  0.814  5.0  183.1  12.7  0.58  7.3  27.6
270120260708  0.811  4.8  181.4  11.2  0.76  3.8  27.6
270120260709  0.809  5.0  182.8  11.2  0.67  2.8  27.6
270120260710  0.807  5.9  183.1  14.7  0.70  4.6  27.6
270120260711  0.805  6.4  186.1  14.7  0.66  4.8  27.6
270120260712  0.802  7.1  188.3  14.7  0.69  4.0  27.6
270120260713  0.801  7.9  189.6  14.7  0.64  7.5  27.6
270120260714  0.799  8.5  190.8  14.7  0.66  3.6  27.6
270120260715  0.797  8.8  191.6  14.7  0.72  7.5  27.6
270120260716  0.795  8.9  191.8  14.7  0.48  2.3  27.6
270120260717  0.796  8.9  190.7  14.7  0.73  2.2  27.7
270120260718  0.793  9.1  190.5  14.7  0.78  5.4  27.7
270120260719  0.790  9.1  190.9  14.7  0.67  1.1  27.7
270120260720  0.787  9.1  192.5  13.9  0.62  5.7  27.7
270120260721  0.785  9.0  190.4  13.9  0.48  7.4  27.7
270120260722  0.782  8.7  189.3  13.9  0.66  3.5  27.7
270120260723  0.780  8.1  186.9  13.6  0.58  5.0  27.7
270120260724  0.779  7.6  185.3  13.6  0.67  5.0  27.7
270120260725  0.777  7.0  182.7  13.6  0.56  1.8  27.7
270120260726  0.776  6.8  181.1  13.6  0.52  3.8  27.7
270120260727  0.774  6.6  178.6  13.6  0.62  0.4  27.7
270120260728  0.772  6.4  176.5  13.6  0.57  1.8  27.7
270120260729  0.769  6.4  174.7  13.6  0.59  3.4  27.7
270120260730  0.766  6.3  173.8  12.6  0.52  5.5  27.7
270120260731  0.764  6.3  174.0  12.6  0.54  0.3  27.7
270120260732  0.763  6.6  175.6  12.7  0.56  5.2  27.7
270120260733  0.760  6.6  175.8  12.7  0.59  359.5  27.7
270120260734  0.760  7.0  179.3  15.0  0.62  3.4  27.7
270120260735  0.759  7.8  181.2  15.0  0.71  6.6  27.7
270120260736  0.756  8.6  185.0  15.0  0.64  3.9  27.7
270120260737  0.757  9.1  188.6  15.0  0.70  6.2  27.7
270120260738  0.756  9.7  191.6  15.1  0.77  4.2  27.7
270120260739  0.755  9.9  192.7  15.1  0.52  6.6  27.7
270120260740  0.753  10.2  193.1  20.3  0.66  6.8  27.8
270120260741  0.751  10.6  192.5  20.3  0.68  1.9  27.8
270120260742  0.750  10.4  192.9  20.3  0.61  358.0  27.8
270120260743  0.751  10.1  192.4  20.3  0.74  5.6  27.8
270120260744  0.750  9.8  190.3  20.3  0.68  6.7  27.8
270120260745  0.750  9.6  189.2  20.3  0.53  2.4  27.8
270120260746  0.749  9.2  186.9  20.3  0.61  3.2  27.8
270120260747  0.747  9.1  185.5  20.3  0.52  7.9  27.8
270120260748  0.747  8.8  183.7  20.3  0.62  7.7  27.8
270120260749  0.744  8.7  182.4  20.3  0.71  5.3  27.8
270120260750  0.744  8.3  179.9  18.7  0.62  3.1  27.8
270120260751  0.742  7.9  180.7  13.5  0.54  4.4  27.8
270120260752  0.740  7.6  178.6  13.5  0.64  2.7  27.8
270120260753  0.739  7.8  179.5  13.5  0.62  8.7  27.8
270120260754  0.736  8.2  181.8  14.6  0.66  6.9  27.8
270120260755  0.734  8.3  182.3  14.6  0.57  2.9  27.8
270120260756  0.732  8.3  179.7  15.3  0.55  5.5  27.8
270120260757  0.729  7.7  176.8  15.3  0.64  6.2  27.8
270120260758  0.727  7.3  174.3  15.3  0.61  4.5  27.8
270120260759  0.724  6.9  171.5  15.3  0.50  5.5  27.8
270120260800  0.721  6.7  168.9  15.3  0.62  3.5  27.8
270120260801  0.717  6.4  166.6  15.3  0.59  5.3  27.8
270120260802  0.714  6.5  165.5  15.3  0.66  5.6  27.8
270120260803  0.711  6.7  162.8  15.3  0.71  6.6  27.8
270120260804  0.708  6.5  158.6  15.3  0.47  9.3  27.8
270120260805  0.705  6.0  156.8  15.3  0.57  4.3  27.8
270120260806  0.700  5.6  155.6  10.8  0.65  2.6  27.8
270120260807  0.696  5.6  155.1  10.8  0.57  8.8  27.8
270120260808  0.693  5.5  156.1  10.8  0.70  12.2  27.8
270120260809  0.689  5.5  157.6  10.8  0.63  11.4  27.8
270120260810  0.685  5.2  156.6  10.8  0.59  7.4  27.8
270120260811  0.683  5.2  154.1  10.8  0.62  8.8  27.8
270120260812  0.679  5.1  155.8  10.8  0.61  13.6  27.9
270120260813  0.677  4.9  158.3  9.5  0.59  10.7  27.9
270120260814  0.673  5.0  159.3  9.8  0.67  7.0  27.9
270120260815  0.669  5.0  157.2  9.8  0.62  8.6  27.9
270120260816  0.666  5.1  156.4  9.8  0.67  7.7  27.9
270120260817  0.663  5.5  154.8  11.5  0.67  7.8  27.9
270120260818  0.660  5.6  151.2  11.5  0.61  8.9  27.9
270120260819  0.656  5.9  148.7  11.5  0.72  7.4  27.9
270120260820  0.654  5.8  148.6  11.5  0.78  10.0  27.9
270120260821  0.651  5.8  148.6  11.5  0.63  10.2  27.9
270120260822  0.648  6.0  145.6  11.5  0.80  4.2  27.9
270120260823  0.646  6.1  143.1  11.5  0.61  7.4  27.9
270120260824  0.644  6.0  142.4  11.5  0.67  7.0  27.9
270120260825  0.643  5.9  142.5  11.5  0.70  9.2  27.9
270120260826  0.641  5.7  143.6  11.5  0.60  9.3  27.9
270120260827  0.639  5.5  145.5  10.7  0.63  4.0  27.9
270120260828  0.637  5.2  148.1  10.7  0.59  5.9  27.9
270120260829  0.636  4.7  153.7  10.7  0.71  11.3  27.9
270120260830  0.634  4.9  159.7  10.7  0.65  3.7  27.9
270120260831  0.633  5.3  164.4  10.7  0.76  10.1  27.9
270120260832  0.630  5.4  168.8  10.7  0.69  9.8  27.9
270120260833  0.630  5.4  170.4  10.7  0.64  11.4  27.9
270120260834  0.628  5.3  171.9  10.7  0.72  10.6  27.9
270120260835  0.628  5.2  172.3  10.7  0.65  12.8  27.9
270120260836  0.628  5.2  171.0  10.7  0.60  7.9  27.9
270120260837  0.627  5.0  172.7  10.7  0.67  2.1  27.9
270120260838  0.627  5.0  170.7  10.7  0.63  4.1  27.9
270120260839  0.626  5.3  170.0  16.2  0.62  4.4  27.9
270120260840  0.626  4.9  166.2  16.2  0.59  4.9  27.9
270120260841  0.627  4.7  166.4  16.2  0.55  359.4  27.9
270120260842  0.628  4.3  163.7  16.2  0.59  358.2  27.9
270120260843  0.631  4.4  167.4  16.2  0.48  1.6  27.9
270120260844  0.633  4.5  165.0  16.2  0.57  3.3  27.9
270120260845  0.635  4.7  168.4  16.2  0.50  12.2  27.9
270120260846  0.633  5.2  170.7  16.2  0.59  4.3  27.9
270120260847  0.633  5.5  170.1  16.2  0.58  0.6  27.9
270120260848  0.633  5.9  169.7  16.2  0.47  357.2  27.9
270120260849  0.633  5.7  164.4  11.6  0.49  0.8  27.9
270120260850  0.635  5.9  161.7  11.6  0.59  1.7  27.9
270120260851  0.638  6.0  154.9  11.6  0.46  0.8  27.9
270120260852  0.640  6.4  154.4  11.6  0.59  4.7  27.9
270120260853  0.641  6.5  154.2  11.6  0.45  7.1  27.9
270120260854  0.642  6.7  156.7  11.6  0.58  359.1  27.9
270120260855  0.643  7.0  154.7  11.6  0.51  3.3  27.9
270120260856  0.644  7.0  154.3  11.6  0.50  0.1  27.9
270120260857  0.644  6.9  154.8  11.6  0.39  358.9  27.9
270120260858  0.646  7.0  154.2  11.6  0.48  357.3  27.9
270120260859  0.647  7.2  153.5  11.6  0.39  349.9  27.9
270120260900  0.649  7.1  155.1  11.6  0.33  355.6  27.9
270120260901  0.650  6.9  158.2  11.6  0.35  353.0  27.9
270120260902  0.651  6.7  161.1  11.6  0.50  358.0  27.9
270120260903  0.652  6.5  163.1  11.6  0.40  347.4  27.9
270120260904  0.653  6.2  161.9  11.6  0.41  350.7  27.9
270120260905  0.655  5.9  161.2  11.6  0.33  357.5  27.9
270120260906  0.657  5.4  161.6  11.6  0.26  344.2  27.9
270120260907  0.658  5.4  163.4  11.6  0.36  353.0  27.9
270120260908  0.658  5.4  168.1  11.6  0.40  350.6  27.9
270120260909  0.657  5.5  176.2  12.2  0.32  348.1  27.9
270120260910  0.658  5.5  177.3  12.2  0.44  358.2  27.9
270120260911  0.658  5.6  178.2  12.2  0.33  353.6  27.9
270120260912  0.660  5.6  178.1  12.2  0.43  357.3  27.9
270120260913  0.660  5.3  175.7  12.2  0.46  353.6  28.0
270120260914  0.661  5.0  173.2  12.2  0.36  352.1  28.0
270120260915  0.662  4.8  174.9  12.2  0.34  345.4  28.0
270120260916  0.661  5.0  171.0  12.2  0.32  349.7  28.0
270120260917  0.661  4.7  166.9  12.2  0.23  341.3  28.0
270120260918  0.661  4.7  163.3  12.2  0.33  351.1  28.0
270120260919  0.660  4.5  163.7  11.4  0.29  354.5  28.0
270120260920  0.660  4.4  166.0  11.4  0.43  354.7  28.0
270120260921  0.661  4.5  163.0  11.4  0.41  356.2  28.0
270120260922  0.660  4.5  157.8  11.4  0.42  1.5  28.0
270120260923  0.661  4.7  153.1  11.4  0.38  356.4  28.0
270120260924  0.661  4.9  150.5  11.4  0.33  357.5  28.0
270120260925  0.661  5.3  145.3  11.4  0.33  359.0  28.0
270120260926  0.661  5.3  145.4  11.4  0.45  6.0  28.0
270120260927  0.661  5.7  148.5  11.4  0.38  10.0  28.0
270120260928  0.661  5.7  149.5  11.4  0.28  353.7  28.0
270120260929  0.660  5.7  146.2  11.2  0.42  1.8  28.0
270120260930  0.659  5.7  143.5  11.2  0.42  359.6  28.0
270120260931  0.657  5.4  144.0  11.2  0.39  0.6  28.0
270120260932  0.657  5.5  147.2  11.2  0.35  4.9  28.0
270120260933  0.657  5.6  151.6  11.2  0.44  6.5  28.0
270120260934  0.658  5.5  155.3  11.2  0.41  358.7  28.0
270120260935  0.659  5.4  160.3  9.4  0.37  9.7  28.0
270120260936  0.659  5.4  159.6  9.4  0.39  359.8  28.0
270120260937  0.659  5.3  159.0  9.4  0.35  5.8  28.0
270120260938  0.658  5.5  157.2  10.7  0.40  1.8  28.0
270120260939  0.658  5.5  154.4  10.7  0.33  1.6  28.0
270120260940  0.658  5.7  155.5  10.7  0.45  356.6  28.0
270120260941  0.659  6.2  159.2  11.0  0.35  2.8  28.0
270120260942  0.659  6.3  161.9  11.0  0.37  3.6  28.0
270120260943  0.660  6.6  165.9  12.4  0.38  1.4  28.0
270120260944  0.660  7.0  168.3  12.4  0.29  353.0  28.0
270120260945  0.658  6.9  168.8  12.4  0.27  359.3  28.0
270120260946  0.658  7.1  172.0  12.4  0.51  4.5  28.0
270120260947  0.655  7.3  172.4  12.4  0.40  7.8  28.0
270120260948  0.654  7.3  172.5  13.8  0.43  3.0  28.0
270120260949  0.655  7.6  172.9  13.8  0.38  1.4  28.0
270120260950  0.653  8.2  173.9  15.6  0.37  358.9  28.0
270120260951  0.652  8.4  172.1  15.6  0.38  7.6  28.0
270120260952  0.651  8.6  171.1  15.6  0.35  6.5  28.0
270120260953  0.650  8.6  171.1  15.6  0.22  351.2  28.0
270120260954  0.649  8.4  170.8  15.6  0.38  1.4  28.0
270120260955  0.649  8.7  170.9  15.6  0.30  354.7  28.0
270120260956  0.649  8.8  172.6  15.6  0.37  2.4  28.0
270120260957  0.649  8.6  174.3  15.6  0.28  351.6  28.0
270120260958  0.649  8.6  176.8  15.6  0.33  4.5  28.0
270120260959  0.648  8.0  176.3  15.6  0.38  5.0  28.0
270120261000  0.649  7.7  172.8  14.0  0.43  2.4  28.0
270120261001  0.650  7.3  171.0  14.0  0.40  8.6  28.0
270120261002  0.651  7.0  169.9  13.5  0.29  352.8  28.0
270120261003  0.651  6.9  167.7  13.5  0.35  11.6  28.0
270120261004  0.653  7.3  166.3  14.6  0.30  1.1  28.0
270120261005  0.655  7.2  166.6  14.6  0.31  356.8  28.0
270120261006  0.655  7.1  162.9  14.6  0.39  4.0  28.0
270120261007  0.657  7.3  157.9  14.6  0.34  1.8  28.0
270120261008  0.660  7.2  158.1  14.6  0.31  3.1  28.0
270120261009  0.661  7.4  162.4  14.6  0.33  9.3  28.0
270120261010  0.663  6.9  166.7  14.6  0.35  358.9  28.0
270120261011  0.664  6.4  164.5  14.6  0.12  356.4  28.0
270120261012  0.667  6.7  159.0  14.6  0.20  357.3  28.0
270120261013  0.669  6.6  155.8  14.6  0.26  356.5  28.1
270120261014  0.671  6.4  157.4  13.2  0.07  338.2  28.1
270120261015  0.674  6.7  160.9  13.9  0.27  7.9  28.1
270120261016  0.676  6.8  163.4  13.9  0.20  6.7  28.1
270120261017  0.679  7.2  169.8  15.5  0.06  11.8  28.1
270120261018  0.682  7.6  172.2  17.6  0.24  358.9  28.1
270120261019  0.688  8.0  169.3  17.6  0.13  348.0  28.1
270120261020  0.691  8.1  167.5  17.6  0.10  351.9  28.1
270120261021  0.695  8.5  170.2  17.6  0.05  338.7  28.1
270120261022  0.699  8.9  176.8  17.6  0.07  345.6  28.1
270120261023  0.702  9.4  181.8  17.6  0.15  206.0  28.1
270120261024  0.705  9.5  182.0  17.6  0.07  2.3  28.1
270120261025  0.706  9.7  181.5  19.0  0.07  322.7  28.1
270120261026  0.707  9.8  181.8  19.0  0.04  330.5  28.1
270120261027  0.710  9.4  181.1  19.0  0.02  4.8  28.1
270120261028  0.711  9.1  179.2  19.0  0.12  193.6  28.1
270120261029  0.713  9.7  182.0  19.0  0.06  215.8  28.1
270120261030  0.716  10.1  184.0  19.0  0.04  178.7  28.1
270120261031  0.720  10.3  183.4  19.0  0.09  220.3  28.1
270120261032  0.723  9.6  181.7  19.0  nan  nan  nan
270120261033  0.725  8.9  178.3  19.0  0.02  211.8  28.1
270120261034  0.728  8.6  177.6  19.0  0.06  276.3  28.1
270120261035  0.730  8.0  177.1  16.4  0.16  190.0  28.1
270120261036  0.732  7.9  177.9  18.0  0.16  192.9  28.1
270120261037  0.736  8.1  180.0  18.0  0.16  199.6  28.1
270120261038  0.738  7.9  180.5  18.0  0.27  199.5  28.0
270120261039  0.742  7.0  177.4  18.0  0.39  194.9  28.0
270120261040  0.745  6.5  175.9  18.0  0.27  194.1  28.0
270120261041  0.747  6.3  177.2  18.0  0.24  218.4  28.0
270120261042  0.747  6.4  178.9  18.0  0.28  203.2  28.0
270120261043  0.750  6.9  180.7  18.0  0.23  214.4  27.9
270120261044  0.752  6.9  180.3  18.0  0.42  205.8  27.9
270120261045  0.754  7.1  181.9  18.0  0.24  213.0  27.9
270120261046  0.755  7.0  181.3  12.7  0.34  196.3  27.9
270120261047  0.757  6.9  180.5  12.7  0.40  202.5  27.9
270120261048  0.760  6.8  179.7  12.7  0.25  189.1  27.9
270120261049  0.761  6.7  180.3  12.7  0.11  185.8  27.9
270120261050  0.764  7.0  178.9  12.7  0.23  196.9  27.8
270120261051  0.766  7.1  180.2  12.7  0.28  198.4  27.8
270120261052  0.769  7.2  176.9  12.7  0.25  199.4  27.8
270120261053  0.771  7.1  175.5  12.0  0.28  190.8  27.8
270120261054  0.775  7.3  175.3  12.0  0.24  176.1  27.8
270120261055  0.777  7.1  171.4  12.0  0.22  173.2  27.8
270120261056  0.779  7.0  170.8  12.0  0.20  179.1  27.8
270120261057  0.779  7.1  170.1  12.0  0.18  172.7  27.8
270120261058  0.782  7.5  171.0  13.1  0.30  186.3  27.8
270120261059  0.786  8.2  172.2  14.5  0.24  198.7  27.8
270120261100  0.788  8.3  172.0  14.5  0.31  188.2  27.8
270120261101  0.792  8.5  172.5  14.5  0.22  178.6  27.8
270120261102  0.795  8.5  175.5  14.5  0.27  191.6  27.8
270120261103  0.798  8.6  175.5  14.5  0.37  189.7  27.8
270120261104  0.800  8.6  177.1  14.5  0.33  190.7  27.8
270120261105  0.801  8.5  177.9  14.5  0.30  196.0  27.8
270120261106  0.803  8.4  179.1  14.5  0.27  179.3  27.8
270120261107  0.804  8.2  177.6  14.5  0.24  190.0  27.8
270120261108  0.807  7.8  178.1  14.5  0.34  184.7  27.8
270120261109  0.810  7.3  179.4  13.2  0.25  175.1  27.8
270120261110  0.811  6.8  178.7  12.7  0.30  182.8  27.8
270120261111  0.816  6.3  176.5  12.7  0.32  185.8  27.8
270120261112  0.817  5.7  175.2  12.7  0.21  165.3  27.7
270120261113  0.819  5.3  177.6  11.8  0.29  191.5  27.7
270120261114  0.821  5.4  177.6  12.0  0.28  193.2  27.7
270120261115  0.825  5.3  180.1  12.0  0.26  193.4  27.6
270120261116  0.828  5.1  176.0  12.0  0.25  178.9  27.6
270120261117  0.829  4.8  174.3  12.0  0.28  198.7  27.6
270120261118  0.830  4.9  168.0  12.0  0.34  184.8  27.6
270120261119  0.833  4.7  164.8  12.0  0.40  180.8  27.6
270120261120  0.834  4.8  166.7  12.0  0.19  177.7  27.6
270120261121  0.836  5.1  164.9  12.0  0.23  182.6  27.6
270120261122  0.837  5.2  160.8  12.0  0.19  193.4  27.6
270120261123  0.838  5.3  159.4  12.0  0.18  179.2  27.6
270120261124  0.840  5.1  154.2  9.8  0.28  190.0  27.6
270120261125  0.841  5.1  150.6  9.8  0.32  187.9  27.6
270120261126  0.842  5.0  149.9  9.8  0.33  179.8  27.6
270120261127  0.842  4.8  151.1  9.8  0.18  188.8  27.6
270120261128  0.841  4.5  155.7  9.8  0.22  186.4  27.6
270120261129  0.843  4.4  156.1  9.2  0.28  197.1  27.6
270120261130  0.844  4.4  153.7  9.2  0.17  192.6  27.6
270120261131  0.845  4.3  151.5  9.2  0.32  174.0  27.6
270120261132  0.848  4.5  155.9  10.5  0.45  176.3  27.6
270120261133  0.849  4.3  150.5  10.5  0.28  173.1  27.6
270120261134  0.850  4.3  150.2  10.5  0.37  183.1  27.6
270120261135  0.851  4.5  151.5  10.5  0.24  190.0  27.6
270120261136  0.853  4.7  152.1  10.5  0.31  179.1  27.6
270120261137  0.855  5.0  149.6  10.5  0.48  185.3  27.6
270120261138  0.855  5.1  146.7  10.5  0.43  176.5  27.6
270120261139  0.858  5.1  145.4  10.5  0.34  181.2  27.6
270120261140  0.861  5.1  146.6  10.5  0.38  184.1  27.6
270120261141  0.863  4.9  148.2  10.5  0.31  172.0  27.6
270120261142  0.864  4.7  146.8  8.2  0.36  180.3  27.6
270120261143  0.867  4.8  149.6  9.6  0.37  175.9  27.6
270120261144  0.871  4.8  151.1  9.6  0.38  176.4  27.6
270120261145  0.873  4.7  149.2  9.6  0.40  180.8  27.6
270120261146  0.875  4.8  147.3  9.6  0.43  174.6  27.6
270120261147  0.878  4.8  150.7  9.6  0.53  180.0  27.6
270120261148  0.882  5.1  152.2  9.6  0.46  177.4  27.6
270120261149  0.885  5.1  153.6  9.6  0.53  170.0  27.6
270120261150  0.888  5.2  152.2  9.6  0.57  175.2  27.6
270120261151  0.892  5.7  152.7  17.1  0.57  181.7  27.6
270120261152  0.893  5.7  151.8  17.1  0.48  171.1  27.6
270120261153  0.897  5.8  149.9  17.1  0.59  175.5  27.6
270120261154  0.900  6.2  150.5  17.1  0.63  170.8  27.6
270120261155  0.905  6.5  150.2  17.1  0.59  173.8  27.6
270120261156  0.908  6.4  150.9  17.1  0.52  170.8  27.6
270120261157  0.914  6.4  149.6  17.1  0.49  168.3  27.6
270120261158  0.916  6.3  149.3  17.1  0.52  170.8  27.6
270120261159  0.919  6.4  148.2  17.1  0.52  164.8  27.6
270120261200  0.922  6.4  149.2  17.1  0.57  173.2  27.5
270120261201  0.925  6.2  146.7  12.8  0.54  169.9  27.5
270120261202  0.928  6.4  145.3  12.8  0.43  173.7  27.5
270120261203  0.931  6.3  145.3  11.6  0.58  180.6  27.5
270120261204  0.935  6.3  144.2  11.6  0.54  184.8  27.5
270120261205  0.939  6.0  144.1  11.6  0.54  184.8  27.5
270120261206  0.943  5.9  143.1  11.6  0.55  184.1  27.5
270120261207  0.946  5.8  143.5  11.6  0.51  184.5  27.5
270120261208  0.950  5.8  141.6  11.6  0.58  186.5  27.5
270120261209  0.951  5.6  140.6  11.6  0.50  183.0  27.5
270120261210  0.955  5.4  140.5  11.6  0.48  186.6  27.5
270120261211  0.956  5.2  145.6  11.6  0.49  187.3  27.5
270120261212  0.960  5.5  151.2  12.4  0.42  184.9  27.5
270120261213  0.964  5.3  153.9  12.4  0.57  193.1  27.5
270120261214  0.967  5.2  158.0  12.4  0.48  184.9  27.5
270120261215  0.971  5.2  159.5  12.4  0.41  192.2  27.5
270120261216  0.974  5.2  160.2  12.4  0.48  195.8  27.5
270120261217  0.976  5.1  160.6  12.4  0.45  193.5  27.6
270120261218  0.978  5.2  161.3  12.4  0.57  188.1  27.6
270120261219  0.982  5.3  164.6  12.4  0.48  187.9  27.6
270120261220  0.985  5.5  162.1  12.4  0.47  184.3  27.6
270120261221  0.986  5.4  159.4  12.4  0.45  189.0  27.6
270120261222  0.989  4.9  158.0  9.7  0.40  188.6  27.6
270120261223  0.991  4.7  156.1  9.7  0.47  186.2  27.6
270120261224  0.992  4.4  149.3  9.7  0.42  187.9  27.6
270120261225  0.994  4.4  148.0  9.7  0.41  181.5  27.6
270120261226  0.996  4.2  149.3  9.7  0.46  188.5  27.6
270120261227  0.998  4.4  152.1  9.7  0.44  185.7  27.6
270120261228  1.000  4.2  149.7  7.8  0.53  182.2  27.6
270120261229  1.002  4.0  148.3  7.9  0.51  179.4  27.6
270120261230  1.004  3.7  151.6  7.9  0.51  183.2  27.6
270120261231  1.006  3.5  151.5  7.9  0.50  186.7  27.6
270120261232  1.008  3.6  153.5  7.9  0.58  184.6  27.6
270120261233  1.010  3.8  151.1  8.7  0.42  176.5  27.6
270120261234  1.011  3.7  155.5  8.7  0.49  182.1  27.6
270120261235  1.012  3.6  156.3  8.7  0.39  190.0  27.6
270120261236  1.013  3.8  151.9  8.7  0.33  177.3  27.6
270120261237  1.015  3.8  149.7  8.7  0.34  186.7  27.6
270120261238  1.017  3.7  155.6  8.7  0.34  191.0  27.6
270120261239  1.019  3.9  151.6  9.0  0.48  180.7  27.6
270120261240  1.022  4.4  150.4  10.2  0.48  186.3  27.6
270120261241  1.024  4.5  151.1  10.2  0.46  185.2  27.6
270120261242  1.025  4.5  145.3  10.2  0.48  190.5  27.6
270120261243  1.027  4.5  148.1  10.2  0.36  179.5  27.6
270120261244  1.029  4.8  146.8  10.2  0.42  183.4  27.6
270120261245  1.029  4.9  145.8  10.2  0.41  192.2  27.6
270120261246  1.032  5.2  147.6  10.2  0.37  187.9  27.6
270120261247  1.034  5.2  146.2  10.2  0.50  189.6  27.6
270120261248  1.036  5.3  145.6  10.2  0.39  188.0  27.6
270120261249  1.037  5.3  149.7  10.2  0.43  184.8  27.6
270120261250  1.039  5.1  153.7  10.2  0.46  182.0  27.6
270120261251  1.042  5.0  151.2  10.2  0.35  186.2  27.6
270120261252  1.044  5.1  153.5  10.2  0.42  181.8  27.6
270120261253  1.046  5.1  155.8  10.2  0.47  182.2  27.6
270120261254  1.046  5.5  159.2  14.1  0.39  182.6  27.6
270120261255  1.047  5.5  162.0  14.1  0.46  183.9  27.6
270120261256  1.049  5.3  165.5  14.3  0.58  176.9  27.6
270120261257  1.050  5.2  167.3  14.3  0.56  182.7  27.6
270120261258  1.050  5.2  166.3  14.3  0.62  185.9  27.6
270120261259  1.051  5.1  162.1  14.3  0.54  174.7  27.6
270120261300  1.052  5.1  155.8  14.3  0.50  179.7  27.6
270120261301  1.051  5.3  159.3  14.3  0.65  184.3  27.6
270120261302  1.051  5.2  161.3  14.3  0.60  177.6  27.6
270120261303  1.052  4.9  159.2  14.3  0.58  181.1  27.6
270120261304  1.051  4.4  155.8  14.3  0.54  182.7  27.6
270120261305  1.051  4.6  151.3  14.3  0.53  177.6  27.6
270120261306  1.051  4.7  149.7  10.8  0.55  176.7  27.6
270120261307  1.050  5.4  151.5  11.5  0.43  179.6  27.6
270120261308  1.050  5.8  152.8  11.5  0.59  180.1  27.6
270120261309  1.050  6.0  155.6  11.5  0.58  183.6  27.6
270120261310  1.050  6.1  159.0  13.2  0.50  174.0  27.6
270120261311  1.050  6.1  157.1  13.2  0.60  180.7  27.6
270120261312  1.051  6.6  155.7  13.2  0.61  181.8  27.6
270120261313  1.050  7.2  154.1  13.2  0.51  177.3  27.6
270120261314  1.050  7.5  152.7  13.2  0.58  179.1  27.6
270120261315  1.050  7.3  154.2  13.2  0.56  177.6  27.6
270120261316  1.051  7.2  152.9  13.2  0.64  182.9  27.6
270120261317  1.052  6.8  151.1  13.2  0.55  173.4  27.7
270120261318  1.054  6.4  152.5  13.2  0.56  177.3  27.7
270120261319  1.056  6.3  151.6  13.2  0.61  183.6  27.7
270120261320  1.058  6.3  151.6  12.7  0.58  177.6  27.7
270120261321  1.060  6.5  150.5  12.7  0.59  178.5  27.7
270120261322  1.062  6.2  150.9  12.1  0.52  174.6  27.7
270120261323  1.063  5.8  152.3  11.7  0.48  169.0  27.7
270120261324  1.063  5.7  153.4  11.7  0.47  176.9  27.7
270120261325  1.066  6.1  152.7  12.9  0.53  170.4  27.7
270120261326  1.069  6.4  153.5  12.9  0.59  179.5  27.7
270120261327  1.071  6.5  152.1  12.9  0.58  174.2  27.7
270120261328  1.075  6.9  149.6  12.9  0.54  169.3  27.7
270120261329  1.076  7.2  150.2  12.9  0.60  174.2  27.6
270120261330  1.078  7.0  148.3  12.9  0.45  164.2  27.6
270120261331  1.080  6.5  150.0  12.9  0.53  173.7  27.6
270120261332  1.083  6.4  150.7  12.9  0.53  177.3  27.6
270120261333  1.085  6.3  149.2  12.9  0.40  175.8  27.6
270120261334  1.087  6.1  149.6  12.9  0.46  178.4  27.6
270120261335  1.091  5.9  156.7  12.6  0.59  183.0  27.6
270120261336  1.092  6.0  162.8  15.5  0.48  181.6  27.6
270120261337  1.093  6.3  164.7  15.7  0.52  172.3  27.6
270120261338  1.095  6.2  166.1  15.7  0.60  178.2  27.6
270120261339  1.097  5.8  167.2  15.7  0.60  177.2  27.6
270120261340  1.101  5.7  168.4  15.7  0.52  176.7  27.6
270120261341  1.103  5.9  169.5  15.7  0.59  177.1  27.6
270120261342  1.104  5.9  171.3  15.7  0.49  175.7  27.6
270120261343  1.105  5.9  173.5  15.7  0.65  179.2  27.6
270120261344  1.108  5.7  174.6  15.7  0.54  173.9  27.6
270120261345  1.111  5.2  170.3  15.7  0.57  179.8  27.6
270120261346  1.114  4.8  167.7  15.7  0.55  176.7  27.6
270120261347  1.116  4.4  169.3  9.2  0.55  174.8  27.6
270120261348  1.117  4.3  165.2  11.6  0.58  177.1  27.6
270120261349  1.119  4.2  162.8  11.6  0.57  173.9  27.6
270120261350  1.119  4.3  164.2  11.6  0.66  172.7  27.6
270120261351  1.121  4.4  163.0  11.6  0.50  173.5  27.6
270120261352  1.125  4.6  160.6  11.6  0.58  171.9  27.6
270120261353  1.126  4.7  159.3  11.6  0.54  174.9  27.6
270120261354  1.125  5.1  160.5  11.6  0.49  176.5  27.6
270120261355  1.126  5.7  162.6  12.3  0.63  177.9  27.6
270120261356  1.127  5.6  161.9  12.3  0.61  176.5  27.6
270120261357  1.127  5.5  162.9  12.3  0.44  172.5  27.6
270120261358  1.127  5.5  168.3  12.3  0.42  173.7  27.6
270120261359  1.128  5.5  168.2  12.3  0.49  174.7  27.6
270120261400  1.129  5.2  165.9  12.3  0.51  175.6  27.6
270120261401  1.129  4.9  163.0  12.3  0.49  175.0  27.6
270120261402  1.132  4.7  160.5  12.3  0.58  174.2  27.6
270120261403  1.134  4.6  159.2  12.3  0.49  170.5  27.6
270120261404  1.136  4.4  156.1  12.3  0.55  175.3  27.6
270120261405  1.136  4.0  149.4  9.0  0.66  174.7  27.6
270120261406  1.137  4.0  149.4  9.0  0.43  173.9  27.6
270120261407  1.137  4.0  146.3  9.0  0.51  175.8  27.6
270120261408  1.137  3.8  143.1  9.0  0.58  184.8  27.6
270120261409  1.138  3.9  149.1  9.1  0.65  183.6  27.6
270120261410  1.140  4.1  156.2  9.1  0.38  170.2  27.5
270120261411  1.142  4.1  157.7  9.1  0.53  183.4  27.5
270120261412  1.143  4.1  158.8  9.1  0.47  172.1  27.5
270120261413  1.143  4.2  159.0  9.1  0.42  172.4  27.5
270120261414  1.142  4.2  160.8  9.1  0.49  174.0  27.5
270120261415  1.143  4.2  159.6  9.1  0.53  173.6  27.5
270120261416  1.144  4.2  156.1  9.1  0.56  176.9  27.5
270120261417  1.146  4.6  156.8  9.7  0.53  181.0  27.5
270120261418  1.148  5.3  155.2  11.9  0.51  181.5  27.5
270120261419  1.150  5.6  150.0  11.9  0.51  180.7  27.5
270120261420  1.151  5.8  145.8  11.9  0.45  172.3  27.5
270120261421  1.152  5.9  146.7  11.9  0.61  179.5  27.5
270120261422  1.153  6.1  147.0  11.9  0.58  182.7  27.5
270120261423  1.154  6.3  147.7  11.9  0.44  175.1  27.4
270120261424  1.154  6.6  148.5  11.9  0.56  179.6  27.4
270120261425  1.155  6.7  147.3  11.9  0.53  176.7  27.4
270120261426  1.154  6.8  147.1  11.9  0.44  172.2  27.4
270120261427  1.155  6.6  146.6  11.9  0.43  174.3  27.4
270120261428  1.155  6.2  145.7  10.6  0.45  174.5  27.4
270120261429  1.154  6.0  146.7  9.6  0.55  178.9  27.4
270120261430  1.154  6.1  147.3  9.6  0.40  172.1  27.4
270120261431  1.154  6.2  146.3  9.6  0.45  176.4  27.4
270120261432  1.153  6.3  145.8  10.0  0.37  170.9  27.4
270120261433  1.153  6.1  145.0  10.0  0.43  172.7  27.4
270120261434  1.152  6.0  143.2  10.0  0.32  178.9  27.4
270120261435  1.151  6.2  146.7  10.0  0.36  181.7  27.4
270120261436  1.150  6.2  147.2  10.0  0.24  165.1  27.4
270120261437  1.151  6.0  145.7  10.0  0.50  180.8  27.4
270120261438  1.148  6.3  146.7  11.8  0.32  181.9  27.4
270120261439  1.146  6.5  146.7  11.8  0.32  176.5  27.3
270120261440  1.143  6.5  146.2  11.8  0.28  175.6  27.3
270120261441  1.143  6.6  146.1  11.8  0.31  176.7  27.3
270120261442  1.142  6.6  147.4  11.8  0.40  181.3  27.3
270120261443  1.141  6.5  151.5  11.8  0.35  174.9  27.3
270120261444  1.139  6.5  152.5  11.8  0.25  178.3  27.3
270120261445  1.135  6.4  151.7  11.8  0.27  168.4  27.3
270120261446  1.132  6.4  151.4  11.8  0.25  178.1  27.3
270120261447  1.129  6.6  152.5  11.8  0.31  185.3  27.3
270120261448  1.127  6.4  151.1  11.3  0.38  170.2  27.3
270120261449  1.125  6.1  152.4  11.3  0.37  174.7  27.3
270120261450  1.123  5.8  154.2  11.3  0.30  167.3  27.2
270120261451  1.121  5.7  155.8  11.3  0.36  179.9  27.2
270120261452  1.119  5.8  153.9  11.3  0.38  179.9  27.2
270120261453  1.119  5.9  150.1  11.3  0.28  177.5  27.2
270120261454  1.118  5.9  149.1  11.3  0.07  179.7  27.2
270120261455  1.117  5.9  151.3  11.3  0.15  182.3  27.2
270120261456  1.115  6.0  150.6  11.3  0.13  181.1  27.2
270120261457  1.114  5.9  149.6  11.3  0.19  187.6  27.2
270120261458  1.114  5.7  151.5  11.1  0.22  167.5  27.1
270120261459  1.114  5.5  150.7  11.1  0.21  176.8  27.2
270120261500  1.113  5.4  150.2  11.1  0.12  154.8  27.2
270120261501  1.112  5.2  152.2  11.1  0.05  177.0  27.2
270120261502  1.111  5.0  153.8  10.9  0.04  206.7  27.2
270120261503  1.110  4.9  157.2  10.9  0.11  211.6  27.2
270120261504  1.108  4.8  157.6  10.9  0.08  213.4  27.2
270120261505  1.108  4.5  153.5  10.9  0.09  195.1  27.2
270120261506  1.107  4.3  153.9  9.7  0.11  173.8  27.2
270120261507  1.108  4.4  154.4  9.7  0.23  172.0  27.2
270120261508  1.108  4.4  155.1  9.7  0.14  176.5  27.2
270120261509  1.108  4.5  155.5  9.7  0.12  178.5  27.2
270120261510  1.108  4.8  155.5  9.7  0.07  164.9  27.2
270120261511  1.108  4.8  151.7  9.7  0.26  195.1  27.2
270120261512  1.108  4.8  150.6  9.7  0.09  177.5  27.2
270120261513  1.109  4.7  145.7  9.7  0.14  169.1  27.2
270120261514  1.110  4.7  147.3  9.7  0.08  185.9  27.2
270120261515  1.110  4.7  147.9  9.7  0.13  177.0  27.2
270120261516  1.111  4.9  147.1  9.6  0.25  192.7  27.2
270120261517  1.111  4.6  146.8  8.5  0.24  176.2  27.2
270120261518  1.111  4.6  147.8  8.5  0.23  176.6  27.2
270120261519  1.111  4.7  145.5  9.3  0.17  162.9  27.2
270120261520  1.110  4.8  146.2  9.7  0.11  174.7  27.2
270120261521  1.110  4.6  147.4  9.7  0.03  131.6  27.2
270120261522  1.110  4.6  150.4  9.7  0.10  170.5  27.2
270120261523  1.110  4.6  155.4  9.7  0.16  175.5  27.1
270120261524  1.111  5.1  158.7  14.3  0.08  150.7  27.1
270120261525  1.111  5.3  161.9  14.3  0.20  193.3  27.1
270120261526  1.111  5.3  168.6  14.3  0.16  168.7  27.1
270120261527  1.112  5.2  170.2  14.3  0.06  186.5  27.1
270120261528  1.112  5.3  168.5  14.3  0.16  180.1  27.1
270120261529  1.113  5.1  171.2  14.3  0.05  137.3  27.2
270120261530  1.113  5.2  170.8  14.3  0.10  170.9  27.2
270120261531  1.114  5.6  172.3  14.3  0.10  179.3  27.1
270120261532  1.115  5.6  173.8  14.3  0.14  137.3  27.1
270120261533  1.115  5.8  168.4  14.3  0.09  179.9  27.1
270120261534  1.115  5.4  167.2  11.3  0.11  107.9  27.2
270120261535  1.115  5.3  165.7  11.3  0.10  191.1  27.2
270120261536  1.115  5.0  164.1  11.3  0.12  332.4  27.2
270120261537  1.116  5.3  162.2  11.3  0.03  45.5  27.1
270120261538  1.115  5.5  161.0  11.3  0.11  37.5  27.1
270120261539  1.116  5.5  160.0  11.3  nan  nan  nan
270120261540  1.116  5.3  157.3  11.3  0.06  3.1  27.1
270120261541  1.115  5.4  153.3  11.3  0.09  195.1  27.1
270120261542  1.114  5.3  149.0  11.3  0.13  186.5  27.1
270120261543  1.113  5.1  152.0  10.5  0.22  176.6  27.1
270120261544  1.111  5.2  153.1  10.5  0.06  169.9  27.1
270120261545  1.110  5.5  155.7  10.5  0.12  41.6  27.1
270120261546  1.110  6.0  155.3  11.5  0.05  125.6  27.1
270120261547  1.109  6.0  155.3  11.5  nan  nan  nan
270120261548  1.108  5.7  156.7  11.5  0.03  154.0  27.1
270120261549  1.107  5.9  157.4  11.5  0.13  151.9  27.1
270120261550  1.107  5.9  157.0  11.5  0.06  21.0  27.2
270120261551  1.105  5.6  155.8  11.5  0.11  28.8  27.2
270120261552  1.105  5.7  156.4  11.5  0.07  112.9  27.2
270120261553  1.103  5.5  156.3  11.5  nan  nan  nan
270120261554  1.101  5.3  154.0  11.5  0.17  45.3  27.1
270120261555  1.098  4.8  151.7  11.5  0.11  85.7  27.2
270120261556  1.094  4.4  147.5  8.8  0.05  24.6  27.2
270120261557  1.092  4.3  147.5  8.8  0.02  335.0  27.2
270120261558  1.092  4.5  146.1  8.8  0.14  24.0  27.2
270120261559  1.091  4.4  144.4  8.8  0.18  14.9  27.2
270120261600  1.089  4.1  145.0  8.3  0.09  6.4  27.2
270120261601  1.087  4.1  151.6  8.3  0.09  21.1  27.2
270120261602  1.085  4.0  153.2  8.3  0.06  41.6  27.2
270120261603  1.082  4.3  151.3  8.6  0.04  125.2  27.2
270120261604  1.078  4.4  152.8  8.6  0.04  31.3  27.2
270120261605  1.076  4.8  154.5  9.9  0.27  13.8  27.2
270120261606  1.072  4.8  159.3  9.9  0.08  358.4  27.2
270120261607  1.069  4.9  160.3  9.9  0.11  10.0  27.2
270120261608  1.067  4.7  161.4  9.9  0.11  353.8  27.2
270120261609  1.064  4.8  161.8  9.9  0.11  8.0  27.2
270120261610  1.061  4.9  162.6  9.9  0.14  359.0  27.2
270120261611  1.059  5.1  160.3  9.9  0.18  15.1  27.2
270120261612  1.055  5.2  158.4  9.9  0.25  17.5  27.2
270120261613  1.051  5.1  160.1  9.9  0.18  357.9  27.2
270120261614  1.046  5.0  156.6  9.9  0.17  16.5  27.2
270120261615  1.040  4.8  155.3  9.5  0.13  24.4  27.2
270120261616  1.036  4.6  152.3  9.5  0.24  2.7  27.2
270120261617  1.032  4.5  150.9  9.5  0.16  1.9  27.2
270120261618  1.028  4.6  151.0  9.5  0.10  318.7  27.2
270120261619  1.025  4.7  148.7  9.4  0.21  343.4  27.2
270120261620  1.021  4.9  147.4  9.4  0.13  348.7  27.2
270120261621  1.019  4.9  146.1  9.4  0.19  349.4  27.2
270120261622  1.015  4.8  145.5  9.4  0.09  345.7  27.3
270120261623  1.012  4.8  145.4  9.4  0.17  0.9  27.3
270120261624  1.010  4.6  146.8  9.4  0.10  311.5  27.3
270120261625  1.004  4.6  144.7  9.4  0.11  161.6  27.3
270120261626  1.001  4.8  145.4  9.4  0.18  346.5  27.3
270120261627  0.997  4.7  147.4  9.4  0.16  339.7  27.3
270120261628  0.994  4.6  148.7  9.4  0.19  350.1  27.3
270120261629  0.991  4.4  148.5  8.4  0.32  4.2  27.3
270120261630  0.989  4.6  155.0  11.5  0.32  355.5  27.3
270120261631  0.986  4.5  157.2  11.5  0.26  347.6  27.3
270120261632  0.983  4.4  159.8  11.5  0.29  352.7  27.3
270120261633  0.981  4.5  161.3  11.5  0.22  341.4  27.3
270120261634  0.976  5.1  165.0  11.5  0.26  5.7  27.3
270120261635  0.973  5.3  169.8  11.5  0.16  342.8  27.3
270120261636  0.969  5.5  174.3  11.5  0.21  359.5  27.2
270120261637  0.966  6.0  176.6  11.9  0.32  1.0  27.2
270120261638  0.964  6.2  176.9  11.9  0.28  351.2  27.2
270120261639  0.962  6.1  179.7  11.9  0.26  1.7  27.2
270120261640  0.961  5.8  180.7  11.9  0.36  359.1  27.2
270120261641  0.958  5.8  181.7  11.9  0.32  9.3  27.2
270120261642  0.955  6.2  182.7  11.9  0.37  8.2  27.2
270120261643  0.954  6.3  184.3  11.9  0.44  9.5  27.2
270120261644  0.952  5.9  183.5  11.9  0.41  8.6  27.2
270120261645  0.950  5.8  181.9  11.9  0.49  12.3  27.2
270120261646  0.946  5.7  181.0  11.9  0.43  6.2  27.2
270120261647  0.943  5.3  176.8  11.0  0.45  10.5  27.2
270120261648  0.940  5.0  175.9  11.0  0.36  10.0  27.2
270120261649  0.939  5.1  175.3  11.0  0.34  16.3  27.2
270120261650  0.937  5.6  175.4  12.0  0.35  16.0  27.2
270120261651  0.937  5.7  175.8  12.0  0.45  19.0  27.2
270120261652  0.936  5.6  175.8  12.0  0.60  12.6  27.2
270120261653  0.935  5.6  173.5  12.0  0.30  10.7  27.2
270120261654  0.935  5.6  174.9  12.0  0.49  14.7  27.2
270120261655  0.932  5.3  175.3  12.0  0.43  6.9  27.2
270120261656  0.932  5.1  171.9  12.0  0.40  9.4  27.2
270120261657  0.930  5.1  171.4  12.0  0.36  355.4  27.2
270120261658  0.930  5.1  171.8  12.0  0.39  4.6  27.2
270120261659  0.927  5.2  172.6  12.0  0.48  4.4  27.2
270120261700  0.927  4.8  168.5  10.3  0.36  9.7  27.2
270120261701  0.925  4.3  166.4  10.3  0.38  7.7  27.2
270120261702  0.924  4.1  160.0  10.3  0.35  5.5  27.2
270120261703  0.923  3.9  157.9  7.1  0.32  358.4  27.2
270120261704  0.923  4.0  154.1  7.4  0.33  5.3  27.2
270120261705  0.922  4.4  149.6  10.5  0.38  359.4  27.2
270120261706  0.920  4.7  150.2  10.5  0.31  358.6  27.2
270120261707  0.919  4.6  154.4  10.5  0.37  10.0  27.2
270120261708  0.916  4.5  156.1  10.5  0.34  360.0  27.2
270120261709  0.914  4.8  155.0  10.5  0.38  7.4  27.2
270120261710  0.911  4.8  154.9  10.5  0.37  7.9  27.2
270120261711  0.910  5.2  153.7  10.5  0.41  10.5  27.2
270120261712  0.907  5.5  155.6  10.5  0.44  12.3  27.2
270120261713  0.905  6.0  154.9  10.6  0.42  11.1  27.2
270120261714  0.903  5.9  155.3  10.6  0.39  13.7  27.2
270120261715  0.898  5.7  157.5  10.6  0.39  12.3  27.2
270120261716  0.895  5.4  158.2  10.6  0.51  9.8  27.2
270120261717  0.893  5.5  159.7  10.8  0.51  13.9  27.2
270120261718  0.889  5.7  159.7  10.8  0.45  12.0  27.2
270120261719  0.887  5.3  160.5  10.8  0.32  359.9  27.2
270120261720  0.884  5.0  160.0  10.8  0.45  2.3  27.2
270120261721  0.880  4.9  164.0  10.8  0.34  3.1  27.2
270120261722  0.877  4.7  166.3  10.8  0.40  357.4  27.2
270120261723  0.876  4.2  171.2  10.8  0.31  348.9  27.3
270120261724  0.873  4.1  172.5  10.8  0.41  357.0  27.3
270120261725  0.871  4.0  174.6  10.8  0.38  358.7  27.3
270120261726  0.868  4.7  176.7  12.4  0.38  0.8  27.3
270120261727  0.866  4.7  172.6  12.4  0.51  359.5  27.3
270120261728  0.862  4.8  175.3  12.4  0.42  358.0  27.3
270120261729  0.858  5.2  178.0  12.4  0.35  7.5  27.3
270120261730  0.855  5.4  180.6  12.4  0.39  356.6  27.3
270120261731  0.853  5.2  177.2  12.4  0.50  1.3  27.3
270120261732  0.852  5.6  176.6  12.4  0.34  356.1  27.3
270120261733  0.849  5.8  176.2  12.4  0.46  359.0  27.3
270120261734  0.845  5.9  176.1  12.4  0.41  3.3  27.3
270120261735  0.842  6.0  175.5  12.4  0.44  358.0  27.3
270120261736  0.836  5.7  173.1  11.3  0.44  359.7  27.3
270120261737  0.832  5.3  171.9  10.7  0.34  3.7  27.3
270120261738  0.828  5.3  166.9  10.7  0.45  356.6  27.3
270120261739  0.825  5.4  164.5  10.7  0.43  1.2  27.3
270120261740  0.820  5.3  161.5  10.7  0.50  6.2  27.3
270120261741  0.817  5.5  163.0  10.7  0.54  1.9  27.3
270120261742  0.812  5.3  162.4  9.3  0.49  7.0  27.3
270120261743  0.807  5.2  159.5  9.3  0.55  5.5  27.3
270120261744  0.803  5.3  161.5  9.3  0.49  1.0  27.3
270120261745  0.800  5.5  163.9  9.6  0.51  11.3  27.3
270120261746  0.793  5.1  162.2  9.6  0.44  4.5  27.3
270120261747  0.790  5.1  163.0  9.6  0.50  8.0  27.4
270120261748  0.786  4.8  162.0  9.6  0.62  9.3  27.4
270120261749  0.781  4.7  158.8  9.6  0.51  10.0  27.4
270120261750  0.777  4.7  161.4  9.6  0.66  5.5  27.4
270120261751  0.772  4.4  162.3  9.6  0.51  358.5  27.4
270120261752  0.767  4.1  162.1  9.6  0.58  4.6  27.4
270120261753  0.763  4.0  163.7  9.6  0.66  2.9  27.4
270120261754  0.760  4.2  162.4  9.8  0.58  8.3  27.4
270120261755  0.754  3.9  156.7  9.8  0.59  8.5  27.4
270120261756  0.750  4.4  155.6  10.5  0.54  3.2  27.4
270120261757  0.746  4.5  154.6  10.5  0.56  9.2  27.4
270120261758  0.742  4.6  156.8  10.5  0.53  7.9  27.4
270120261759  0.738  4.8  157.9  10.5  0.65  9.8  27.4
270120261800  0.734  4.7  156.2  10.5  0.57  4.5  27.4
270120261801  0.730  4.6  154.5  10.5  0.61  6.5  27.4
270120261802  0.727  4.7  152.1  10.5  0.46  12.2  27.4
270120261803  0.725  4.8  150.3  10.5  0.52  14.5  27.4
270120261804  0.721  4.6  146.7  10.5  0.42  13.7  27.4
270120261805  0.716  4.6  146.5  10.5  0.72  10.3  27.4
270120261806  0.713  4.1  147.8  8.4  0.75  6.4  27.4
270120261807  0.708  4.3  151.3  9.7  0.59  13.4  27.4
270120261808  0.704  4.2  147.3  9.7  0.62  21.9  27.4
270120261809  0.700  4.0  146.3  9.7  0.68  20.7  27.5
270120261810  0.696  4.2  148.6  10.8  0.67  18.0  27.5
270120261811  0.692  4.5  154.5  10.8  0.70  19.8  27.5
270120261812  0.689  4.8  153.9  10.8  0.71  18.7  27.5
270120261813  0.685  4.6  156.6  10.8  0.58  28.1  27.5
270120261814  0.680  4.7  162.8  10.8  0.48  33.4  27.5
270120261815  0.676  4.9  164.7  10.8  0.49  27.9  27.5
270120261816  0.673  4.9  168.3  10.8  0.63  24.6  27.5
270120261817  0.669  4.9  171.8  10.8  0.48  28.1  27.5
270120261818  0.666  5.1  177.2  10.8  0.62  21.9  27.5
270120261819  0.663  5.0  176.9  10.8  0.57  20.1  27.5
270120261820  0.658  4.7  176.9  10.1  0.54  23.6  27.5
270120261821  0.654  4.4  173.4  10.1  0.56  17.8  27.5
270120261822  0.651  4.3  178.8  10.1  0.54  23.4  27.6
270120261823  0.646  5.1  172.6  14.3  0.62  18.5  27.6
270120261824  0.642  5.0  168.3  14.3  0.58  21.4  27.6
270120261825  0.638  5.1  170.2  14.3  0.56  22.9  27.6
270120261826  0.635  5.4  171.0  14.3  0.41  23.1  27.6
270120261827  0.631  5.4  166.0  14.3  0.64  17.3  27.6
270120261828  0.628  5.6  165.8  14.3  0.49  20.4  27.6
270120261829  0.624  5.6  166.6  14.3  0.48  34.4  27.6
270120261830  0.620  5.6  165.4  14.3  0.51  17.2  27.6
270120261831  0.619  5.7  165.5  14.3  0.61  20.1  27.6
270120261832  0.617  5.8  164.3  14.3  0.53  21.4  27.6
270120261833  0.617  5.4  172.3  10.6  0.53  27.4  27.6
270120261834  0.618  5.3  175.9  10.6  0.58  22.7  27.6
270120261835  0.616  5.1  173.7  10.6  0.62  25.0  27.7
270120261836  0.613  4.7  171.6  10.6  0.67  20.5  27.7
270120261837  0.611  4.5  175.6  10.6  0.62  22.8  27.7
270120261838  0.608  4.1  173.9  10.6  0.61  23.2  27.7
270120261839  0.606  3.9  172.9  10.6  0.65  23.0  27.7
270120261840  0.605  4.0  177.5  10.6  0.55  19.8  27.7
270120261841  0.605  4.0  176.4  10.6  0.56  23.4  27.7
270120261842  0.605  3.7  178.0  10.5  0.67  16.5  27.7
270120261843  0.603  3.4  167.8  7.3  0.70  18.5  27.7
270120261844  0.603  3.5  163.2  7.3  0.67  20.1  27.7
270120261845  0.601  3.6  166.2  9.4  0.57  27.8  27.7
270120261846  0.599  3.8  162.4  9.4  0.74  13.3  27.7
270120261847  0.597  3.7  157.5  9.4  0.57  16.1  27.7
270120261848  0.597  3.6  159.8  9.4  0.68  11.3  27.7
270120261849  0.596  3.8  163.7  9.4  0.71  9.8  27.7
270120261850  0.597  4.1  164.2  11.1  0.79  10.0  27.7
270120261851  0.596  4.3  169.2  11.1  0.55  9.0  27.7
270120261852  0.594  4.4  170.0  11.1  0.60  8.9  27.7
270120261853  0.594  4.3  174.2  11.1  0.62  6.0  27.7
270120261854  0.592  4.2  173.1  11.1  0.58  3.2  27.7
270120261855  0.591  4.0  172.3  11.1  0.54  6.3  27.7
270120261856  0.591  3.9  177.6  11.1  0.67  3.1  27.7
270120261857  0.590  3.9  179.0  11.1  0.49  0.6  27.7
270120261858  0.588  4.4  176.7  11.1  0.59  1.3  27.7
270120261859  0.585  4.4  176.9  11.1  0.56  2.9  27.7
270120261900  0.583  3.9  174.4  8.8  0.54  9.8  27.7
270120261901  0.580  3.7  168.5  8.8  0.49  8.9  27.7
270120261902  0.578  3.6  168.2  8.8  0.69  6.4  27.7
270120261903  0.578  3.8  169.4  8.8  0.50  2.6  27.7
270120261904  0.577  4.4  174.4  12.2  0.63  4.3  27.7
270120261905  0.575  4.6  174.6  12.2  0.47  14.3  27.7
270120261906  0.573  5.0  172.2  12.2  0.47  11.9  27.7
270120261907  0.572  5.1  172.6  12.2  0.49  1.0  27.8
270120261908  0.570  5.2  168.5  12.2  0.64  9.1  27.8
270120261909  0.568  5.5  170.2  12.2  0.74  5.6  27.8
270120261910  0.565  5.8  171.0  12.2  0.65  6.9  27.8
270120261911  0.563  6.3  174.5  12.2  0.55  3.9  27.8
270120261912  0.559  6.9  176.9  13.0  0.74  3.9  27.8
270120261913  0.557  6.8  175.7  13.0  0.58  7.9  27.8
270120261914  0.555  6.5  172.7  13.0  0.58  4.7  27.8
270120261915  0.552  6.5  171.7  13.0  0.63  4.7  27.8
270120261916  0.550  6.5  172.9  13.0  0.53  4.5  27.8
270120261917  0.546  6.4  173.5  13.0  0.62  3.7  27.8
270120261918  0.542  6.3  178.2  13.0  0.63  8.2  27.8
270120261919  0.538  5.9  175.5  13.0  0.71  9.8  27.8
270120261920  0.534  5.9  176.7  13.0  0.66  4.1  27.8
270120261921  0.530  5.8  175.6  13.0  0.63  8.6  27.8
270120261922  0.527  5.4  173.1  9.4  0.63  6.3  27.8
270120261923  0.521  5.1  174.6  9.4  0.61  13.5  27.8
270120261924  0.518  5.0  178.2  9.4  0.53  6.6  27.8
270120261925  0.513  5.3  178.8  10.4  0.66  5.3  27.8
270120261926  0.509  5.2  181.0  10.4  0.57  12.7  27.8
270120261927  0.505  5.5  182.6  10.4  0.58  8.3  27.8
270120261928  0.502  5.4  181.6  10.4  0.64  5.5  27.8
270120261929  0.499  5.7  183.5  12.1  0.69  10.8  27.8
270120261930  0.496  5.9  184.4  12.1  0.58  16.3  27.8
270120261931  0.492  6.2  186.0  12.1  0.59  9.3  27.8
270120261932  0.488  6.4  186.4  12.1  0.82  11.1  27.8
270120261933  0.484  6.7  186.8  12.1  0.63  9.1  27.8
270120261934  0.481  6.8  184.6  12.1  0.71  10.0  27.8
270120261935  0.478  6.7  184.5  12.1  0.73  6.7  27.9
270120261936  0.476  6.6  180.7  12.1  0.72  10.6  27.9
270120261937  0.472  6.6  177.4  12.1  0.72  6.6  27.9
270120261938  0.469  6.7  176.1  12.1  0.70  12.2  27.9
270120261939  0.465  6.8  174.6  10.0  0.74  7.3  27.9
270120261940  0.461  6.6  172.2  9.8  0.68  10.3  27.9
270120261941  0.458  6.2  168.8  9.8  0.67  11.0  27.9
270120261942  0.455  6.2  167.2  10.6  0.62  9.6  27.9
270120261943  0.451  6.2  164.4  10.6  0.73  11.2  27.9
270120261944  0.448  6.2  166.9  10.6  0.68  16.1  27.9
270120261945  0.444  6.0  166.6  10.6  0.81  12.8  27.9
270120261946  0.439  6.1  170.3  10.6  0.72  9.1  27.9
270120261947  0.436  6.0  172.2  10.6  0.65  13.8  27.9
270120261948  0.431  5.9  175.0  10.6  0.74  16.2  27.9
270120261949  0.428  5.7  177.2  10.6  0.60  14.1  27.9
270120261950  0.426  5.6  177.6  10.6  0.83  11.3  27.9
270120261951  0.422  5.8  178.9  10.6  0.71  8.7  27.9
270120261952  0.419  5.5  178.9  9.6  0.68  17.4  27.9
270120261953  0.416  5.2  179.2  9.6  0.71  10.0  27.9
270120261954  0.414  4.9  179.1  9.6  0.60  17.2  27.9
270120261955  0.412  5.0  181.1  9.6  0.72  14.5  27.9
270120261956  0.410  5.1  182.8  9.7  0.72  12.3  28.0
270120261957  0.409  5.1  180.3  9.7  0.61  12.2  28.0
270120261958  0.405  5.1  180.6  9.7  0.69  15.3  28.0
270120261959  0.403  5.4  182.0  9.7  0.54  16.0  28.0
270120262000  0.401  5.7  182.9  11.2  0.66  12.4  28.0
270120262001  0.399  5.9  184.5  11.2  0.66  12.9  28.0
270120262002  0.399  6.4  187.6  11.2  0.59  15.5  28.0
270120262003  0.396  6.7  189.0  11.2  0.61  15.1  28.0
270120262004  0.395  7.1  189.5  11.2  0.54  14.7  28.0
270120262005  0.394  7.3  189.8  11.3  0.62  8.9  28.0
270120262006  0.392  7.1  187.7  11.3  0.64  12.1  28.0
270120262007  0.392  7.4  190.4  11.3  0.53  8.9  28.0
270120262008  0.393  7.4  188.7  11.3  0.51  8.0  28.0
270120262009  0.395  7.1  188.5  11.3  0.55  12.8  28.0
270120262010  0.394  6.9  189.2  11.3  0.56  13.4  28.0
270120262011  0.393  6.9  188.6  11.3  0.52  13.7  28.0
270120262012  0.394  6.7  187.9  11.3  0.58  13.5  28.0
270120262013  0.395  6.8  188.3  11.3  0.60  10.0  28.0
270120262014  0.396  6.7  188.2  11.3  0.54  2.7  28.0
270120262015  0.398  6.4  188.6  10.0  0.52  10.6  28.0
270120262016  0.400  6.2  190.5  10.0  0.43  3.8  28.0
270120262017  0.400  6.1  192.0  10.0  0.52  3.0  28.0
270120262018  0.401  6.2  194.8  10.0  0.48  3.3  28.0
270120262019  0.401  6.4  193.7  10.0  0.47  4.1  28.0
270120262020  0.402  6.1  194.8  9.7  0.41  1.3  28.0
270120262021  0.403  6.3  195.6  11.9  0.43  2.0  28.0
270120262022  0.406  6.2  193.4  11.9  0.42  7.9  28.0
270120262023  0.407  6.1  191.7  11.9  0.44  10.0  28.0
270120262024  0.407  6.2  190.9  12.4  0.38  3.0  28.0
270120262025  0.408  6.5  187.4  12.4  0.32  354.2  28.0
270120262026  0.408  6.7  183.8  12.4  0.50  0.3  28.0
270120262027  0.410  6.9  184.3  12.4  0.45  354.5  28.0
270120262028  0.411  7.1  184.4  12.4  0.42  0.2  28.0
270120262029  0.414  7.6  185.6  13.2  0.46  354.9  28.0
270120262030  0.416  7.8  184.9  13.2  0.32  345.9  28.0
270120262031  0.418  7.6  182.9  13.2  0.40  352.4  28.0
270120262032  0.417  7.6  183.4  13.2  0.38  0.7  28.0
270120262033  0.417  7.7  184.7  13.2  0.35  341.3  28.1
270120262034  0.417  7.5  184.4  13.2  0.46  349.9  28.0
270120262035  0.418  7.2  186.3  13.2  0.28  341.3  28.0
270120262036  0.420  7.1  188.6  13.2  0.26  345.2  28.0
270120262037  0.421  6.8  186.2  13.2  0.47  354.9  28.0
270120262038  0.420  6.6  184.3  13.2  0.39  353.5  28.0
270120262039  0.419  5.8  181.6  9.0  0.37  358.6  28.0
270120262040  0.418  5.7  182.2  9.0  0.31  352.7  28.0
270120262041  0.416  5.6  184.1  9.0  0.46  349.7  28.0
270120262042  0.416  5.4  181.7  9.0  0.42  5.0  28.1
270120262043  0.416  5.3  181.6  9.0  0.50  6.5  28.1
270120262044  0.416  5.4  178.3  9.8  0.39  353.0  28.1
270120262045  0.414  5.4  176.8  9.8  0.50  5.1  28.1
270120262046  0.412  5.4  176.4  9.8  0.47  2.6  28.1
270120262047  0.412  5.3  176.8  9.8  0.40  6.1  28.1
270120262048  0.412  5.1  176.3  9.8  0.40  3.0  28.1
270120262049  0.413  5.3  180.4  9.8  0.42  2.8  28.1
270120262050  0.413  5.2  178.5  9.8  0.47  357.2  28.1
270120262051  0.411  5.1  177.8  9.8  0.31  358.1  28.1
270120262052  0.411  5.3  179.4  9.8  0.52  0.8  28.1
270120262053  0.409  5.1  178.3  9.8  0.45  359.1  28.1
270120262054  0.409  5.0  182.4  8.3  0.53  359.9  28.1
270120262055  0.408  5.0  184.3  8.3  0.47  6.9  28.1
270120262056  0.406  5.0  184.9  8.3  0.49  357.7  28.1
270120262057  0.405  5.0  183.4  8.3  0.56  359.3  28.1
270120262058  0.402  5.1  184.1  8.3  0.52  5.1  28.1
270120262059  0.401  5.1  181.0  9.0  0.40  4.7  28.1
270120262100  0.401  5.7  180.4  13.7  0.34  5.1  28.1
270120262101  0.400  5.7  179.4  13.7  0.48  356.6  28.1
270120262102  0.399  5.7  179.7  13.7  0.42  6.0  28.1
270120262103  0.397  5.7  178.5  13.7  0.54  4.2  28.1
270120262104  0.396  5.8  176.9  13.7  0.59  3.6  28.1
270120262105  0.395  5.8  176.6  13.7  0.50  3.0  28.1
270120262106  0.395  5.8  176.2  13.7  0.48  9.3  28.1
270120262107  0.395  5.9  179.4  13.7  0.40  9.4  28.1
270120262108  0.393  6.2  179.9  13.7  0.45  1.0  28.1
270120262109  0.393  6.1  179.9  13.7  0.55  0.6  28.1
270120262110  0.392  5.8  180.3  9.2  0.36  0.8  28.1
270120262111  0.391  5.8  180.7  9.2  0.40  348.7  28.1
270120262112  0.390  5.7  182.2  9.1  0.50  12.4  28.1
270120262113  0.391  5.9  184.8  9.1  0.52  7.4  28.1
270120262114  0.391  6.0  186.8  9.1  0.51  2.3  28.1
270120262115  0.388  6.1  186.6  9.1  0.44  3.7  28.1
270120262116  0.387  6.2  185.9  9.1  0.44  0.6  28.1
270120262117  0.386  6.3  186.5  9.3  0.59  7.4  28.1
270120262118  0.385  6.3  188.4  9.3  0.59  7.6  28.1
270120262119  0.383  6.4  190.5  9.3  0.62  5.8  28.1
270120262120  0.384  6.4  190.2  9.3  0.52  10.4  28.1
270120262121  0.382  6.3  189.9  9.3  0.49  13.9  28.1
270120262122  0.382  6.3  187.2  9.3  0.46  7.6  28.1
270120262123  0.383  6.1  185.6  9.3  0.38  0.2  28.1
270120262124  0.383  5.8  185.2  9.3  0.35  357.0  28.1
270120262125  0.382  6.0  184.9  9.3  0.57  6.3  28.1
270120262126  0.381  5.9  184.7  9.3  0.46  6.4  28.1
270120262127  0.381  5.6  182.7  8.8  0.44  6.5  28.1
270120262128  0.381  5.4  181.2  8.8  0.44  2.6  28.1
270120262129  0.381  5.6  181.9  10.2  0.53  10.0  28.1
270120262130  0.383  5.7  182.7  10.2  0.51  7.6  28.1
270120262131  0.384  5.7  185.2  10.2  0.53  1.8  28.1
270120262132  0.385  5.7  187.8  10.2  0.49  0.2  28.1
270120262133  0.386  5.6  188.5  10.2  0.48  12.5  28.2
270120262134  0.387  5.7  187.9  10.2  0.38  7.1  28.1
270120262135  0.388  5.5  189.9  10.2  0.51  5.1  28.2
270120262136  0.389  5.7  191.8  10.2  0.48  1.9  28.2
270120262137  0.390  6.0  193.8  11.2  0.52  6.6  28.2
270120262138  0.391  6.4  191.6  11.5  0.28  6.8  28.2
270120262139  0.393  5.9  186.6  11.5  0.47  2.9  28.2
270120262140  0.394  5.8  186.3  11.5  0.45  7.8  28.2
270120262141  0.396  5.7  186.7  11.5  0.53  0.9  28.2
270120262142  0.400  5.8  187.8  11.5  0.39  351.3  28.2
270120262143  0.403  6.1  189.7  11.5  0.45  8.0  28.2
270120262144  0.408  6.5  190.4  11.5  0.31  5.4  28.2
270120262145  0.414  6.6  190.8  11.5  0.43  358.1  28.2
270120262146  0.418  6.8  191.3  11.5  0.23  345.6  28.2
270120262147  0.423  6.6  191.0  11.5  0.15  2.7  28.2
270120262148  0.427  6.3  191.7  9.8  0.18  359.3  28.2
270120262149  0.431  6.5  195.3  9.8  0.25  345.3  28.2
270120262150  0.436  6.8  197.4  9.8  0.18  345.4  28.2
270120262151  0.441  7.1  196.6  9.8  0.18  341.5  28.2
270120262152  0.449  7.2  197.4  9.8  0.16  315.2  28.2
270120262153  0.455  7.1  196.4  9.8  0.12  345.0  28.2
270120262154  0.461  7.0  195.5  9.8  0.10  321.0  28.2
270120262155  0.466  6.9  194.3  9.6  0.09  266.0  28.2
270120262156  0.470  6.6  192.3  9.6  0.07  288.1  28.2
270120262157  0.474  6.5  190.3  9.6  0.15  236.0  28.2
270120262158  0.478  6.6  192.4  10.8  nan  nan  nan
270120262159  0.484  6.8  192.2  10.8  0.12  211.4  28.2
270120262200  0.487  6.8  191.0  10.8  0.10  229.2  28.2
270120262201  0.491  6.4  190.5  10.8  0.12  226.0  28.2
270120262202  0.496  6.3  190.6  10.8  0.09  236.7  28.2
270120262203  0.500  6.4  191.9  10.8  0.06  260.5  28.2
270120262204  0.506  6.4  193.4  10.8  0.11  233.6  28.2
270120262205  0.510  6.5  192.5  10.8  0.08  255.9  28.2
270120262206  0.515  6.5  193.7  10.8  0.09  255.1  28.2
270120262207  0.519  6.5  194.7  10.8  0.09  212.9  28.2
270120262208  0.521  6.4  192.6  10.8  0.23  207.8  28.2
270120262209  0.525  6.1  192.6  10.8  0.26  216.4  28.1
270120262210  0.530  5.9  191.5  10.8  0.26  193.0  28.1
270120262211  0.532  5.8  190.2  10.8  0.32  203.3  28.1
270120262212  0.537  5.7  186.9  10.8  0.42  201.8  28.1
270120262213  0.541  5.3  185.4  10.8  0.44  203.2  28.1
270120262214  0.542  5.0  182.7  8.7  0.35  197.4  28.1
270120262215  0.544  4.6  183.5  7.3  0.43  192.1  28.1
270120262216  0.546  4.6  181.9  7.3  0.45  189.0  28.1
270120262217  0.547  4.5  181.3  7.3  0.27  191.7  28.1
270120262218  0.550  4.4  183.2  8.4  0.33  192.0  28.0
270120262219  0.552  4.5  182.9  8.4  0.38  177.9  28.0
270120262220  0.554  4.5  184.9  8.4  0.08  203.3  27.9
270120262221  0.555  4.5  185.4  8.4  0.14  182.7  27.9
270120262222  0.558  4.6  188.2  8.4  0.15  180.2  27.9
270120262223  0.558  4.7  187.0  8.4  0.19  175.1  27.9
270120262224  0.561  4.8  186.6  8.4  0.25  180.6  27.9
270120262225  0.561  4.8  185.4  8.4  0.14  175.8  27.9
270120262226  0.562  4.9  186.6  8.4  0.16  184.6  27.9
270120262227  0.564  4.9  186.9  8.4  0.11  185.1  27.9
270120262228  0.564  4.8  186.6  7.2  0.05  170.8  27.9
270120262229  0.566  4.8  183.8  7.3  0.07  176.4  27.9
270120262230  0.568  4.6  180.0  7.3  0.06  232.5  27.9
270120262231  0.568  4.6  177.2  7.3  0.09  151.7  27.9
270120262232  0.570  4.7  176.8  7.3  0.14  190.8  27.9
270120262233  0.569  4.8  178.4  7.3  0.14  194.8  27.9
270120262234  0.570  4.9  180.0  7.9  0.12  182.3  27.9
270120262235  0.572  5.1  181.5  8.3  0.05  204.0  27.8
270120262236  0.571  5.0  181.1  8.3  0.24  201.4  27.8
270120262237  0.571  5.1  180.1  8.3  0.06  287.9  27.8
270120262238  0.571  5.2  180.7  8.3  0.29  184.3  27.8
270120262239  0.571  5.3  183.5  8.3  0.18  190.0  27.8
270120262240  0.571  5.5  186.3  8.3  0.16  199.9  27.8
270120262241  0.572  5.6  189.6  8.3  0.17  197.9  27.8
270120262242  0.575  5.7  189.6  8.3  0.23  189.0  27.8
270120262243  0.577  5.9  190.3  10.5  0.22  188.0  27.8
270120262244  0.578  6.1  189.9  10.5  0.23  182.6  27.8
270120262245  0.580  6.1  190.4  10.5  0.19  199.5  27.8
270120262246  0.581  6.4  191.4  10.5  0.14  207.2  27.8
270120262247  0.583  6.5  191.6  10.5  0.13  190.0  27.8
270120262248  0.585  6.4  189.0  10.5  0.23  188.0  27.8
270120262249  0.588  6.1  187.2  10.5  0.24  187.2  27.8
270120262250  0.591  6.0  187.5  10.5  0.24  176.1  27.7
270120262251  0.593  6.0  187.8  10.5  0.19  194.8  27.7
270120262252  0.595  5.9  186.7  10.5  0.19  178.8  27.7
270120262253  0.598  5.6  184.8  9.7  0.24  183.6  27.7
270120262254  0.601  5.3  183.8  8.4  0.20  192.7  27.7
270120262255  0.602  5.2  182.0  8.4  0.27  185.4  27.7
270120262256  0.605  5.1  181.9  8.0  0.29  172.6  27.7
270120262257  0.606  5.2  183.4  8.3  0.32  184.7  27.7
270120262258  0.608  5.4  187.9  9.1  0.36  191.2  27.7
270120262259  0.609  5.7  191.3  9.1  0.34  182.4  27.7
270120262300  0.611  6.1  191.9  9.7  0.35  185.8  27.7
270120262301  0.613  6.3  191.3  9.7  0.33  180.1  27.7
270120262302  0.617  6.6  192.3  9.8  0.37  187.6  27.7
270120262303  0.620  6.9  192.1  9.8  0.35  188.7  27.6
270120262304  0.625  7.2  193.1  10.4  0.32  192.1  27.6
270120262305  0.627  7.4  193.0  10.4  0.28  183.7  27.6
270120262306  0.631  7.6  192.3  10.4  0.34  184.2  27.6
270120262307  0.635  7.8  191.3  10.4  0.25  186.0  27.6
270120262308  0.639  7.7  190.3  10.4  0.41  186.0  27.6
270120262309  0.642  8.0  189.7  10.4  0.37  192.1  27.6
270120262310  0.644  8.1  190.3  10.4  0.52  180.1  27.6
270120262311  0.650  8.1  191.1  10.4  0.29  185.4  27.6
270120262312  0.655  8.1  190.9  10.4  0.33  179.3  27.6
270120262313  0.659  8.2  192.4  10.4  0.43  169.2  27.6
270120262314  0.663  8.4  192.8  11.2  0.35  172.5  27.6
270120262315  0.667  8.5  194.2  11.2  0.23  165.6  27.6
270120262316  0.672  8.6  194.6  11.2  0.33  177.1  27.6
270120262317  0.676  8.7  194.2  11.5  0.16  151.4  27.6
270120262318  0.681  9.0  193.6  11.7  0.39  183.4  27.6
270120262319  0.686  8.8  193.1  11.7  0.50  179.1  27.6
270120262320  0.689  8.7  192.0  11.7  0.43  182.0  27.6
270120262321  0.696  8.8  191.2  11.7  0.48  184.5  27.6
270120262322  0.702  8.9  192.2  11.7  0.31  182.3  27.6
270120262323  0.708  8.7  191.3  11.7  0.52  188.7  27.6
270120262324  0.714  8.4  191.3  11.7  0.58  182.9  27.6
270120262325  0.721  8.4  191.2  11.7  0.53  179.1  27.6
270120262326  0.726  8.2  191.8  11.7  0.60  175.7  27.6
270120262327  0.733  7.9  192.8  11.7  0.71  180.0  27.6
270120262328  0.739  7.6  194.8  10.2  0.64  178.8  27.6
270120262329  0.746  7.5  195.5  10.2  0.58  177.5  27.6
270120262330  0.752  7.6  196.1  10.2  0.58  182.1  27.6
270120262331  0.759  7.4  196.6  9.9  0.73  178.5  27.6
270120262332  0.766  7.1  195.4  9.9  0.69  185.5  27.6
270120262333  0.773  6.8  195.8  9.9  0.66  179.7  27.6
270120262334  0.780  6.8  196.4  9.9  0.52  181.0  27.6
270120262335  0.786  6.6  195.8  9.9  0.71  180.4  27.6
270120262336  0.793  6.7  193.2  9.9  0.81  181.3  27.6
270120262337  0.801  6.7  189.9  9.9  0.60  184.6  27.6
270120262338  0.805  6.5  187.6  9.6  0.65  178.0  27.6
270120262339  0.810  6.6  189.0  9.6  0.59  176.0  27.6
270120262340  0.815  6.7  188.9  10.9  0.72  181.2  27.6
270120262341  0.821  6.8  190.5  11.0  0.68  176.5  27.6
270120262342  0.827  7.2  190.2  11.0  0.77  173.8  27.6
270120262343  0.832  7.7  188.5  11.7  0.84  176.7  27.6
270120262344  0.837  7.9  187.2  11.7  0.78  173.1  27.6
270120262345  0.841  8.0  187.7  11.7  0.69  172.8  27.6
270120262346  0.845  7.9  189.0  11.7  0.78  170.6  27.6
270120262347  0.848  7.9  190.4  11.7  0.74  169.1  27.6
270120262348  0.853  7.9  191.1  11.7  0.89  179.7  27.6
270120262349  0.855  7.7  189.4  11.7  0.79  171.1  27.6
270120262350  0.858  7.3  188.8  11.7  0.77  171.6  27.6
270120262351  0.861  7.1  187.4  11.7  0.71  173.2  27.6
270120262352  0.864  7.0  188.9  11.7  0.73  176.9  27.6
270120262353  0.866  6.6  191.0  10.7  0.85  175.5  27.6
270120262354  0.868  6.6  192.6  10.3  0.82  174.8  27.6
270120262355  0.870  6.5  192.7  10.3  0.78  177.3  27.6
270120262356  0.874  6.6  193.6  9.5  0.82  174.5  27.6
270120262357  0.876  6.7  196.2  9.7  0.88  175.4  27.6
270120262358  0.879  6.7  196.3  9.7  0.76  175.0  27.6
270120262359  0.880  6.7  197.2  9.7  0.81  172.5  27.6
280120260000  0.884  6.9  198.2  9.7  0.83  175.4  27.6
280120260001  0.886  7.0  197.3  9.7  0.74  173.5  27.6
280120260002  0.888  6.9  196.9  9.7  0.83  175.1  27.6
280120260003  0.891  7.2  197.5  10.2  0.70  175.5  27.6
280120260004  0.894  7.1  197.6  10.2  0.76  177.7  27.6
280120260005  0.898  7.0  197.7  10.2  0.57  173.3  27.6
280120260006  0.901  6.9  198.4  10.2  0.59  175.1  27.6
280120260007  0.904  6.7  198.2  10.2  0.62  175.2  27.6
280120260008  0.908  6.7  197.7  10.2  0.66  178.1  27.6
280120260009  0.912  6.6  196.7  10.2  0.55  173.5  27.5
280120260010  0.915  6.4  197.1  10.2  0.55  176.2  27.5
280120260011  0.919  6.2  197.4  10.2  0.58  175.2  27.5
280120260012  0.921  6.3  196.1  10.2  0.52  181.5  27.5
280120260013  0.925  6.1  195.1  9.6  0.51  172.2  27.5
280120260014  0.928  5.8  193.6  9.6  0.48  176.3  27.5
280120260015  0.933  5.6  191.6  9.6  0.32  181.9  27.5
280120260016  0.938  5.8  190.8  9.6  0.37  182.5  27.5
280120260017  0.941  5.8  189.7  9.6  0.48  177.8  27.5
280120260018  0.945  6.0  191.3  9.6  0.40  186.7  27.5
280120260019  0.949  6.4  192.4  10.2  0.38  180.5  27.5
280120260020  0.951  6.8  192.9  10.2  0.46  179.5  27.4
280120260021  0.953  7.0  193.8  10.5  0.54  175.5  27.4
280120260022  0.956  7.1  195.2  10.5  0.45  181.8  27.4
280120260023  0.960  7.4  196.4  11.0  0.43  188.4  27.4
280120260024  0.963  7.8  196.7  11.0  0.49  190.5  27.4
280120260025  0.966  7.9  198.0  11.0  0.43  185.6  27.3
280120260026  0.969  7.9  196.9  11.0  0.31  195.4  27.4
280120260027  0.971  8.0  197.4  11.0  0.45  194.7  27.3
280120260028  0.974  8.3  197.4  11.0  0.32  184.0  27.4
280120260029  0.977  8.2  196.7  11.0  0.66  183.1  27.4
280120260030  0.979  8.0  194.4  11.0  0.61  186.3  27.4
280120260031  0.982  7.8  193.2  11.0  0.54  181.1  27.4
280120260032  0.986  7.9  192.7  11.0  0.54  189.2  27.4
280120260033  0.990  7.8  190.6  10.9  0.57  183.4  27.4
280120260034  0.994  7.7  188.9  10.9  0.63  186.5  27.4
280120260035  0.998  7.6  187.6  10.9  0.61  179.4  27.4
280120260036  1.002  7.4  188.0  10.9  0.60  176.8  27.4
280120260037  1.006  7.3  187.5  10.9  0.62  186.2  27.4
280120260038  1.011  7.1  186.9  11.5  0.45  179.7  27.4
280120260039  1.014  7.4  186.0  11.8  0.71  180.7  27.4
280120260040  1.019  7.4  187.7  11.8  0.68  183.9  27.4
280120260041  1.024  7.5  190.1  11.8  0.60  188.2  27.4
280120260042  1.028  7.5  189.4  11.8  0.66  184.8  27.4
280120260043  1.032  7.6  189.7  11.8  0.56  187.0  27.4
280120260044  1.038  7.7  190.0  11.8  0.53  183.2  27.4
280120260045  1.043  8.0  192.1  11.8  0.59  182.1  27.4
280120260046  1.049  8.5  192.9  11.8  0.70  179.6  27.4
280120260047  1.053  8.6  192.4  11.8  0.57  177.3  27.4
280120260048  1.060  8.8  191.1  14.2  0.80  184.9  27.4
280120260049  1.066  8.7  191.6  14.2  0.56  185.0  27.4
280120260050  1.072  8.9  190.6  14.2  0.60  183.1  27.4
280120260051  1.076  8.8  188.9  14.2  0.75  182.3  27.4
280120260052  1.081  8.6  189.0  14.2  0.65  179.2  27.4
280120260053  1.085  8.5  189.9  14.2  0.59  178.7  27.4
280120260054  1.091  8.3  190.8  14.2  0.66  178.0  27.4
280120260055  1.097  8.2  190.1  14.2  0.63  181.5  27.4
280120260056  1.103  8.1  189.6  14.2  0.66  177.3  27.4
280120260057  1.110  8.3  189.6  14.2  0.71  178.5  27.4
280120260058  1.116  8.0  190.8  11.1  0.60  181.1  27.4
280120260059  1.121  7.9  190.7  11.1  0.66  177.5  27.4
280120260100  1.128  7.7  190.8  11.1  0.71  180.3  27.4
280120260101  1.134  7.8  190.8  11.1  0.81  182.1  27.4
280120260102  1.139  8.0  191.8  11.1  0.82  181.9  27.3
280120260103  1.145  8.2  192.5  11.1  0.58  181.9  27.3
280120260104  1.150  8.3  192.5  11.1  0.69  178.4  27.3
280120260105  1.155  8.3  190.9  11.1  0.79  184.8  27.3
280120260106  1.160  8.3  189.9  10.6  0.71  181.6  27.3
280120260107  1.166  8.1  188.1  10.6  0.79  182.4  27.3
280120260108  1.170  7.9  186.4  10.6  0.80  178.6  27.3
280120260109  1.176  8.0  187.7  11.0  0.75  180.2  27.3
280120260110  1.180  8.3  189.9  11.3  0.77  185.3  27.3
280120260111  1.184  8.3  191.2  11.3  0.65  180.8  27.3
280120260112  1.190  8.2  190.4  11.3  0.66  181.8  27.3
280120260113  1.194  7.9  189.8  11.3  0.73  181.4  27.3
280120260114  1.199  8.0  190.0  11.3  0.58  174.9  27.3
280120260115  1.203  8.1  190.5  11.3  0.61  175.9  27.2
280120260116  1.207  7.8  190.3  11.3  0.80  175.4  27.2
280120260117  1.211  7.8  192.2  11.3  0.59  179.8  27.2
280120260118  1.216  8.0  193.2  11.3  0.69  175.9  27.2
280120260119  1.219  7.8  192.9  11.3  0.69  179.0  27.2
280120260120  1.223  7.6  190.6  10.7  0.76  175.8  27.2
280120260121  1.227  7.6  189.6  10.7  0.70  166.0  27.2
280120260122  1.233  7.4  189.5  10.7  0.74  173.7  27.2
280120260123  1.235  7.7  187.8  10.7  0.72  175.2  27.2
280120260124  1.239  7.7  188.1  10.7  0.72  171.0  27.2
280120260125  1.242  7.6  188.1  10.6  0.66  170.7  27.2
280120260126  1.246  7.8  188.5  10.6  0.71  174.4  27.2
280120260127  1.249  8.0  185.9  11.1  0.74  171.5  27.2
280120260128  1.252  7.9  185.6  11.1  0.61  170.4  27.2
280120260129  1.255  8.0  184.8  11.1  0.65  172.2  27.2
280120260130  1.259  7.9  184.2  11.1  0.69  173.5  27.2
280120260131  1.262  7.8  183.2  11.1  0.63  176.1  27.2
280120260132  1.265  8.0  182.9  11.1  0.65  176.9  27.2
280120260133  1.267  7.9  182.5  11.1  0.68  171.4  27.2
280120260134  1.269  7.7  181.8  11.1  0.66  175.7  27.2
280120260135  1.271  7.4  181.1  11.1  0.63  175.3  27.2
280120260136  1.274  7.2  181.4  11.1  0.58  180.6  27.2
280120260137  1.277  6.8  183.1  10.0  0.75  179.5  27.2
280120260138  1.280  6.6  183.4  10.0  0.63  183.4  27.2
280120260139  1.282  6.3  183.4  9.3  0.63  177.2  27.2
280120260140  1.284  6.5  183.4  10.0  0.58  185.4  27.2
280120260141  1.284  6.4  183.4  10.0  0.57  179.2  27.1
280120260142  1.286  6.5  182.4  10.0  0.63  184.1  27.1
280120260143  1.289  6.5  183.0  10.0  0.59  180.9  27.1
280120260144  1.291  6.3  183.0  10.0  0.64  177.6  27.1
280120260145  1.293  6.2  184.0  10.0  0.53  177.5  27.1
280120260146  1.295  6.3  185.3  10.0  0.58  179.6  27.1
280120260147  1.297  6.6  187.2  10.0  0.64  180.5  27.1
280120260148  1.298  6.7  188.2  10.0  0.50  178.6  27.1
280120260149  1.300  6.8  188.9  10.0  0.60  185.9  27.1
280120260150  1.301  6.8  191.1  9.5  0.59  182.5  27.1
280120260151  1.302  6.9  193.4  10.6  0.52  176.5  27.1
280120260152  1.306  7.1  194.3  11.5  0.68  180.5  27.1
280120260153  1.310  7.4  193.2  15.1  0.61  176.4  27.1
280120260154  1.312  7.7  191.9  15.1  0.55  177.9  27.1
280120260155  1.314  8.0  191.2  15.1  0.52  178.0  27.1
280120260156  1.319  8.2  189.2  15.1  0.57  178.7  27.1
280120260157  1.320  8.4  188.5  15.1  0.71  180.1  27.1
280120260158  1.323  8.8  188.6  15.1  0.48  175.8  27.1
280120260159  1.326  9.3  188.8  15.1  0.55  179.0  27.1
280120260200  1.329  9.3  188.1  15.1  0.52  183.0  27.1
280120260201  1.332  9.2  185.9  15.1  0.58  173.7  27.1
280120260202  1.336  9.1  184.8  15.1  0.48  179.8  27.0
280120260203  1.341  9.0  186.9  12.5  0.68  176.8  27.0
280120260204  1.345  8.9  188.2  12.5  0.63  178.3  27.0
280120260205  1.349  8.9  189.0  12.5  0.44  180.7  27.0
280120260206  1.352  9.0  191.3  12.5  0.52  173.2  27.0
280120260207  1.355  8.9  190.9  12.5  0.61  180.4  27.0
280120260208  1.358  8.7  190.5  12.0  0.53  180.3  27.0
280120260209  1.362  8.3  188.8  11.8  0.58  184.8  27.0
280120260210  1.364  8.0  189.1  11.8  0.73  181.9  27.0
280120260211  1.369  8.0  190.9  11.8  0.48  179.3  27.0
280120260212  1.373  8.2  191.9  11.8  0.66  181.0  27.0
280120260213  1.377  8.1  190.7  11.8  0.53  181.4  27.0
280120260214  1.380  8.2  189.0  11.8  0.58  184.1  27.0
280120260215  1.384  8.2  187.3  11.8  0.54  178.4  27.0
280120260216  1.386  7.9  185.8  11.8  0.57  179.8  27.0
280120260217  1.389  7.5  186.5  11.2  0.54  180.8  27.0
280120260218  1.392  7.2  185.8  11.2  0.68  181.7  27.0
280120260219  1.395  7.2  186.7  11.2  0.68  181.1  27.0
280120260220  1.398  7.3  188.0  11.2  0.58  178.0  27.0
280120260221  1.401  7.3  187.5  11.2  0.65  181.6  27.0
280120260222  1.403  7.3  188.5  11.7  0.66  179.4  27.0
280120260223  1.408  7.2  188.1  11.7  0.62  183.3  27.0
280120260224  1.411  7.0  189.7  11.7  0.57  184.8  27.0
280120260225  1.414  7.0  190.9  11.7  0.67  179.5  27.0
280120260226  1.419  7.2  190.8  11.7  0.78  182.5  27.0
280120260227  1.422  7.2  190.2  11.7  0.73  177.5  27.0
280120260228  1.426  7.5  191.6  12.2  0.63  180.5  27.0
280120260229  1.430  7.8  193.1  12.2  0.61  181.0  26.9
280120260230  1.435  8.0  192.3  12.2  0.66  179.3  26.9
280120260231  1.439  8.1  192.6  12.2  0.62  177.7  26.9
280120260232  1.444  7.9  192.4  12.2  0.73  182.0  26.9
280120260233  1.447  8.1  194.3  12.2  0.78  183.5  26.9
280120260234  1.452  8.3  193.9  12.2  0.72  181.7  26.9
280120260235  1.456  8.5  193.4  12.2  0.68  174.2  26.9
280120260236  1.460  8.3  192.8  12.2  0.67  174.3  26.9
280120260237  1.465  8.7  194.3  12.2  0.70  176.9  26.9
280120260238  1.470  8.5  193.7  11.2  0.65  180.2  26.9
280120260239  1.474  8.2  193.0  11.0  0.74  184.0  26.9
280120260240  1.480  7.9  192.4  11.0  0.77  178.2  26.9
280120260241  1.484  7.8  191.9  11.0  0.71  175.3  26.9
280120260242  1.489  7.8  191.4  11.0  0.75  182.0  26.9
280120260243  1.494  7.5  189.2  11.0  0.58  173.9  26.9
280120260244  1.498  7.5  188.5  10.5  0.70  173.0  26.9
280120260245  1.502  7.4  188.3  10.5  0.74  176.1  26.9
280120260246  1.507  7.6  187.4  10.5  0.63  174.3  26.8
280120260247  1.511  7.5  183.1  10.7  0.86  180.6  26.8
280120260248  1.516  7.6  181.3  10.7  0.74  177.4  26.8
280120260249  1.519  7.6  180.3  10.7  0.80  176.9  26.8
280120260250  1.521  7.8  179.2  10.7  0.74  177.8  26.8
280120260251  1.523  7.8  178.0  10.7  0.68  178.3  26.8
280120260252  1.525  7.6  177.8  10.7  0.67  172.4  26.8
280120260253  1.528  7.5  178.7  10.7  0.71  180.9  26.8
280120260254  1.530  7.4  178.3  10.7  0.71  183.7  26.8
280120260255  1.532  7.3  177.5  10.7  0.69  180.6  26.8
280120260256  1.535  7.1  178.1  10.7  0.82  181.6  26.8
280120260257  1.535  7.2  180.1  10.1  0.70  178.5  26.8
280120260258  1.537  7.4  179.9  11.0  0.65  173.3  26.8
280120260259  1.538  7.9  180.9  13.1  0.70  178.1  26.8
280120260300  1.539  8.0  181.8  13.1  0.66  182.4  26.8
280120260301  1.540  8.0  180.6  13.1  0.60  183.8  26.8
280120260302  1.541  8.1  179.0  13.1  0.63  182.8  26.8
280120260303  1.541  8.0  177.9  13.1  0.60  184.0  26.8
280120260304  1.541  7.9  176.1  13.1  0.73  181.6  26.8
280120260305  1.542  7.9  175.5  13.1  0.57  182.7  26.8
280120260306  1.542  8.1  177.0  13.1  0.56  180.3  26.8
280120260307  1.542  8.2  178.2  13.1  0.55  177.1  26.8
280120260308  1.542  8.1  179.3  13.3  0.51  183.8  26.8
280120260309  1.542  8.1  177.6  14.1  0.58  183.1  26.8
280120260310  1.543  8.0  179.3  14.1  0.41  180.5  26.8
280120260311  1.543  8.1  183.0  14.1  0.54  171.8  26.8
280120260312  1.543  8.3  185.8  14.1  0.65  183.0  26.8
280120260313  1.543  8.6  186.7  14.1  0.55  176.2  26.8
280120260314  1.544  9.0  189.1  14.1  0.49  179.4  26.8
280120260315  1.544  9.3  191.5  14.1  0.51  169.3  26.8
280120260316  1.544  9.4  191.6  14.1  0.56  181.6  26.8
280120260317  1.544  9.2  190.8  14.1  0.49  174.0  26.8
280120260318  1.543  9.1  192.0  14.1  0.53  178.2  26.8
280120260319  1.543  8.9  193.7  14.0  0.53  175.1  26.8
280120260320  1.543  8.9  193.7  14.0  0.40  175.1  26.8
280120260321  1.544  8.8  192.5  14.0  0.51  169.4  26.7
280120260322  1.543  8.5  191.8  14.0  0.41  181.3  26.7
280120260323  1.544  8.0  191.2  14.0  0.45  176.6  26.7
280120260324  1.544  7.7  191.1  14.0  0.57  171.4  26.7
280120260325  1.544  7.5  190.5  14.0  0.48  172.7  26.7
280120260326  1.542  7.3  190.3  11.6  0.51  175.1  26.7
280120260327  1.541  7.2  191.2  10.9  0.39  169.4  26.7
280120260328  1.541  7.3  189.4  10.9  0.33  163.7  26.7
280120260329  1.541  7.4  191.2  12.3  0.39  164.9  26.7
280120260330  1.541  7.6  192.1  12.4  0.26  171.6  26.7
280120260331  1.539  7.6  192.2  12.4  0.31  163.1  26.7
280120260332  1.539  8.1  192.2  12.4  0.41  166.3  26.7
280120260333  1.539  8.6  193.0  13.4  0.31  175.7  26.7
280120260334  1.538  9.0  193.2  13.4  0.34  158.1  26.7
280120260335  1.539  8.7  193.0  13.4  0.37  175.0  26.7
280120260336  1.539  8.7  193.5  13.4  0.31  162.9  26.7
280120260337  1.539  8.6  191.6  13.4  0.33  167.6  26.7
280120260338  1.539  8.5  192.2  13.4  0.32  175.5  26.7
280120260339  1.540  8.2  190.8  13.4  0.39  174.2  26.7
280120260340  1.541  8.1  188.6  13.4  0.37  173.4  26.7
280120260341  1.541  8.3  188.5  13.4  0.32  165.4  26.7
280120260342  1.540  8.2  188.8  13.4  0.41  168.6  26.7
280120260343  1.540  7.9  189.3  12.0  0.44  179.5  26.7
280120260344  1.539  7.4  189.4  12.0  0.47  170.3  26.7
280120260345  1.539  7.5  190.7  12.0  0.28  166.8  26.7
280120260346  1.541  7.5  190.6  12.0  0.33  166.7  26.6
280120260347  1.540  7.5  195.1  12.0  0.40  173.8  26.6
280120260348  1.541  7.6  197.3  12.0  0.51  169.1  26.6
280120260349  1.541  7.5  199.1  12.0  0.39  178.2  26.6
280120260350  1.541  7.4  200.8  11.2  0.34  174.2  26.6
280120260351  1.542  7.0  202.2  10.4  0.31  166.1  26.6
280120260352  1.543  6.9  203.5  10.4  0.47  178.6  26.6
280120260353  1.546  7.0  204.9  10.4  0.28  171.2  26.6
280120260354  1.547  7.2  207.2  10.4  0.40  166.4  26.6
280120260355  1.548  7.2  208.6  10.4  0.33  164.3  26.6
280120260356  1.549  7.2  209.4  10.4  0.45  180.3  26.6
280120260357  1.549  7.1  209.6  9.8  0.39  175.1  26.6
280120260358  1.550  7.1  209.1  10.9  0.37  177.8  26.6
280120260359  1.553  7.3  209.2  10.9  0.35  172.5  26.6
280120260400  1.555  7.3  210.2  10.9  0.39  181.1  26.6
280120260401  1.557  7.3  211.1  10.9  0.46  185.6  26.6
280120260402  1.560  7.2  212.1  10.9  0.36  183.8  26.6
280120260403  1.562  7.4  212.3  10.9  0.44  188.0  26.6
280120260404  1.564  7.7  209.7  11.2  0.36  178.3  26.6
280120260405  1.566  7.7  208.6  11.2  0.40  183.0  26.6
280120260406  1.568  7.9  209.0  11.2  0.39  184.6  26.6
280120260407  1.569  8.0  208.4  11.2  0.47  181.2  26.6
280120260408  1.570  8.1  209.5  11.2  0.41  182.7  26.6
280120260409  1.570  8.2  210.4  11.2  0.48  185.5  26.6
280120260410  1.570  8.2  210.2  11.2  0.31  183.8  26.6
280120260411  1.571  8.5  209.8  11.2  0.51  187.2  26.6
280120260412  1.573  8.7  209.4  11.2  0.45  182.0  26.6
280120260413  1.574  8.7  209.4  11.2  0.44  181.6  26.6
280120260414  1.575  8.5  210.1  11.1  0.39  189.4  26.6
280120260415  1.575  8.5  210.1  11.1  0.35  176.7  26.6
280120260416  1.575  8.3  209.8  11.1  0.31  186.4  26.6
280120260417  1.575  8.2  210.4  11.1  0.39  171.3  26.6
280120260418  1.576  8.1  210.0  10.3  0.44  187.5  26.6
280120260419  1.576  7.9  209.7  10.3  0.48  188.6  26.6
280120260420  1.578  7.9  210.0  10.3  0.44  192.6  26.6
280120260421  1.579  7.8  211.3  10.3  0.39  186.0  26.6
280120260422  1.579  7.6  212.0  10.3  0.30  184.7  26.6
280120260423  1.580  7.3  211.6  9.3  0.51  191.5  26.5
280120260424  1.581  7.2  212.1  9.3  0.38  189.4  26.5
280120260425  1.583  7.2  212.9  9.3  0.57  190.4  26.5
280120260426  1.585  7.2  214.5  9.3  0.42  187.4  26.5
280120260427  1.586  7.2  215.4  9.1  0.29  183.4  26.5
280120260428  1.586  7.1  216.7  9.0  0.31  178.5  26.5
280120260429  1.587  7.0  217.4  9.0  0.42  186.8  26.5
280120260430  1.588  6.9  217.2  8.7  0.44  193.3  26.5
280120260431  1.588  6.7  216.2  8.7  0.39  183.7  26.5
280120260432  1.588  6.6  214.8  8.7  0.43  187.9  26.5
280120260433  1.587  6.6  213.7  8.7  0.32  191.4  26.5
280120260434  1.586  6.7  211.8  10.0  0.43  184.8  26.5
280120260435  1.586  6.7  210.6  10.0  0.25  158.0  26.5
280120260436  1.585  7.0  208.8  10.8  0.44  178.9  26.5
280120260437  1.583  7.1  208.6  10.8  0.34  183.1  26.5
280120260438  1.581  7.3  208.4  10.8  0.43  173.4  26.5
280120260439  1.580  7.5  207.9  10.8  0.39  176.6  26.5
280120260440  1.578  7.7  207.5  10.8  0.37  184.5  26.5
280120260441  1.575  8.1  208.2  10.8  0.31  167.3  26.5
280120260442  1.573  8.4  208.5  10.8  0.23  173.1  26.5
280120260443  1.569  8.5  208.6  10.8  0.14  163.4  26.5
280120260444  1.565  8.4  210.0  10.8  0.33  171.9  26.5
280120260445  1.560  8.4  210.7  10.8  0.21  184.7  26.5
280120260446  1.555  8.4  210.1  10.6  0.17  117.0  26.5
280120260447  1.552  8.4  208.3  10.6  0.15  155.9  26.5
280120260448  1.547  8.3  207.5  10.6  0.33  171.6  26.5
280120260449  1.544  8.2  207.1  10.6  0.25  164.6  26.5
280120260450  1.539  8.1  207.0  10.6  0.05  130.3  26.5
280120260451  1.535  7.9  206.7  10.6  0.03  170.3  26.4
280120260452  1.531  7.9  207.3  10.6  0.23  166.4  26.4
280120260453  1.526  8.1  208.2  10.6  0.16  167.5  26.4
280120260454  1.524  8.2  208.6  10.6  0.11  134.2  26.4
280120260455  1.519  8.2  208.5  10.6  0.09  136.6  26.4
280120260456  1.515  8.0  209.3  10.3  0.14  150.2  26.4
280120260457  1.511  7.9  210.2  10.3  0.15  136.6  26.4
280120260458  1.507  7.8  209.1  10.3  0.10  101.1  26.4
280120260459  1.503  7.8  208.2  9.6  0.28  188.0  26.4
280120260500  1.502  8.0  208.5  10.7  0.24  158.5  26.4
280120260501  1.500  7.9  208.6  10.7  0.11  178.9  26.4
280120260502  1.495  7.8  207.9  10.7  0.10  175.1  26.4
280120260503  1.492  7.6  207.3  10.7  0.24  158.8  26.4
280120260504  1.491  7.5  207.4  10.7  0.12  153.3  26.4
280120260505  1.488  7.6  207.6  10.7  0.09  90.1  26.3
280120260506  1.486  7.7  207.2  10.7  0.21  183.7  26.3
280120260507  1.483  7.8  207.1  10.7  0.12  169.4  26.3
280120260508  1.480  7.8  209.1  10.7  0.23  161.5  26.3
280120260509  1.476  7.8  210.3  10.7  0.11  128.9  26.3
280120260510  1.472  7.7  211.3  10.6  0.07  146.1  26.3
280120260511  1.470  7.7  211.8  10.6  0.07  169.6  26.3
280120260512  1.466  7.8  212.7  10.6  0.09  193.6  26.3
280120260513  1.464  7.9  214.1  10.6  0.11  179.7  26.3
280120260514  1.461  8.1  215.2  10.6  0.05  145.0  26.3
280120260515  1.458  8.0  215.9  10.6  0.07  201.0  26.3
280120260516  1.456  7.8  216.7  9.6  0.10  187.7  26.3
280120260517  1.454  7.8  217.7  9.6  0.14  188.5  26.3
280120260518  1.452  7.9  216.8  9.7  0.16  185.0  26.3
280120260519  1.450  8.0  216.1  9.8  0.14  198.2  26.3
280120260520  1.449  8.1  215.1  9.8  0.04  206.7  26.3
280120260521  1.447  8.2  214.4  10.1  0.14  196.2  26.3
280120260522  1.444  8.3  213.3  10.3  0.16  198.2  26.3
280120260523  1.441  8.2  212.4  10.3  0.08  260.3  26.3
280120260524  1.439  8.1  211.4  10.3  0.08  165.2  26.3
280120260525  1.437  8.2  210.9  10.3  0.11  187.9  26.3
280120260526  1.433  8.3  210.0  10.3  0.05  183.7  26.3
280120260527  1.431  8.4  209.0  10.3  0.08  52.0  26.3
280120260528  1.428  8.2  208.2  10.3  0.12  174.7  26.3
280120260529  1.426  8.2  207.4  10.3  0.18  200.1  26.3
280120260530  1.425  8.1  208.1  10.3  0.06  165.2  26.3
280120260531  1.422  8.0  208.3  10.3  0.05  163.4  26.3
280120260532  1.420  7.9  208.1  10.0  0.04  63.7  26.2
280120260533  1.417  8.0  208.7  10.0  0.12  156.3  26.2
280120260534  1.414  8.0  208.0  10.0  0.09  182.6  26.2
280120260535  1.411  7.9  207.6  10.0  0.16  38.4  26.2
280120260536  1.409  7.9  207.9  9.7  0.03  263.6  26.2
280120260537  1.407  7.9  208.3  9.7  0.07  233.9  26.2
280120260538  1.405  7.8  209.5  9.7  0.04  118.4  26.2
280120260539  1.403  7.7  210.1  9.7  0.07  205.5  26.2
280120260540  1.401  7.7  208.7  10.0  0.11  188.0  26.2
280120260541  1.400  7.7  208.7  10.0  0.10  16.7  26.2
280120260542  1.401  7.7  209.7  10.0  0.07  42.8  26.2
280120260543  1.401  7.7  209.1  10.0  0.05  204.0  26.2
280120260544  1.401  7.7  210.2  10.0  0.02  348.2  26.2
280120260545  1.400  7.8  209.8  10.0  0.03  154.5  26.2
280120260546  1.401  7.7  210.3  10.0  0.04  180.5  26.2
280120260547  1.398  7.6  210.5  10.0  0.05  179.1  26.2
280120260548  1.398  7.5  210.3  10.0  0.06  236.4  26.2
280120260549  1.398  7.4  210.7  10.0  nan  nan  nan
280120260550  1.397  7.2  212.1  9.4  0.10  187.7  26.2
280120260551  1.397  7.1  211.6  9.4  0.04  277.5  26.2
280120260552  1.395  6.9  211.5  9.4  nan  nan  nan
280120260553  1.394  6.7  211.4  9.4  0.05  31.0  26.2
280120260554  1.391  6.5  210.8  9.4  0.04  353.3  26.2
280120260555  1.389  6.4  211.2  8.5  0.03  2.4  26.2
280120260556  1.387  6.4  211.4  8.4  0.07  10.0  26.2
280120260557  1.387  6.4  211.3  8.4  0.04  331.3  26.2
280120260558  1.383  6.4  211.1  8.4  0.06  345.0  26.2
280120260559  1.380  6.6  209.9  8.5  0.06  31.2  26.2
280120260600  1.378  6.6  209.7  9.1  0.08  318.2  26.2
280120260601  1.375  6.7  210.2  9.1  0.05  318.3  26.2
280120260602  1.372  6.9  209.3  9.8  0.23  3.6  26.2
280120260603  1.367  7.0  208.9  9.8  0.03  311.6  26.2
280120260604  1.364  7.0  207.9  9.8  0.12  358.0  26.2
280120260605  1.362  7.0  207.1  9.8  0.06  315.3  26.2
280120260606  1.357  7.0  205.4  9.8  0.09  322.3  26.2
280120260607  1.352  7.0  205.1  9.8  0.05  7.6  26.2
280120260608  1.348  7.0  205.1  9.8  0.17  10.0  26.2
280120260609  1.344  6.8  205.5  9.8  0.20  1.7  26.2
280120260610  1.339  6.8  205.0  9.8  0.20  357.0  26.2
280120260611  1.336  6.8  205.8  9.8  0.04  268.7  26.2
280120260612  1.332  6.5  206.2  9.3  0.22  0.2  26.2
280120260613  1.326  6.5  207.6  9.3  0.23  356.4  26.2
280120260614  1.321  6.5  209.0  9.3  0.13  344.9  26.2
280120260615  1.318  6.5  210.4  9.3  0.30  359.2  26.2
280120260616  1.314  6.4  212.9  8.0  0.19  359.0  26.2
280120260617  1.311  6.5  214.2  8.6  0.23  1.3  26.2
280120260618  1.307  6.6  214.5  8.6  0.12  339.0  26.2
280120260619  1.303  6.7  214.3  8.6  0.16  357.0  26.2
280120260620  1.300  6.7  214.6  8.6  0.34  2.9  26.2
280120260621  1.298  6.8  214.1  8.6  0.31  7.2  26.2
280120260622  1.294  7.0  215.0  8.6  0.28  18.4  26.2
280120260623  1.289  7.1  216.2  9.0  0.26  9.2  26.2
280120260624  1.285  7.3  216.0  10.0  0.31  14.3  26.3
280120260625  1.280  7.5  215.7  10.0  0.32  1.2  26.3
280120260626  1.276  7.6  214.9  10.0  0.43  9.7  26.3
280120260627  1.272  7.7  212.9  11.0  0.44  358.3  26.3
280120260628  1.267  7.7  212.1  11.0  0.36  5.0  26.3
280120260629  1.262  7.7  212.3  11.0  0.24  355.5  26.3
280120260630  1.257  7.8  211.8  11.0  0.34  5.0  26.3
280120260631  1.251  7.8  210.3  11.0  0.43  11.8  26.2
280120260632  1.246  7.9  208.9  11.0  0.49  6.8  26.2
280120260633  1.241  7.9  206.0  11.0  0.54  11.7  26.2
280120260634  1.236  7.8  205.8  11.0  0.42  6.3  26.2
280120260635  1.232  7.7  204.7  11.0  0.52  359.4  26.2
280120260636  1.226  7.6  204.3  11.0  0.55  3.5  26.2
280120260637  1.221  7.5  205.2  9.8  0.53  4.1  26.2
280120260638  1.216  7.5  205.1  9.8  0.58  4.6  26.3
280120260639  1.210  7.6  205.3  10.6  0.44  5.2  26.3
280120260640  1.205  7.6  204.6  10.6  0.61  2.0  26.3
280120260641  1.201  7.7  204.2  11.0  0.56  6.8  26.3
280120260642  1.198  7.6  204.3  11.0  0.59  1.4  26.3
280120260643  1.194  7.7  205.0  11.7  0.59  9.2  26.3
280120260644  1.191  7.9  204.2  11.7  0.55  13.2  26.3
280120260645  1.188  8.0  205.0  11.7  0.48  13.5  26.3
280120260646  1.185  8.0  205.6  11.7  0.69  11.3  26.3
280120260647  1.180  8.1  205.7  11.7  0.65  6.2  26.3
280120260648  1.176  8.3  206.8  11.7  0.77  16.5  26.3
280120260649  1.174  8.3  207.1  11.7  0.72  11.2  26.3
280120260650  1.172  8.4  207.4  11.7  0.57  17.4  26.3
280120260651  1.169  8.4  207.4  11.7  0.63  19.3  26.3
280120260652  1.165  8.7  206.8  12.1  0.49  15.5  26.3
280120260653  1.161  8.8  205.8  12.1  0.65  16.0  26.3
280120260654  1.157  8.8  206.0  12.1  0.55  13.2  26.3
280120260655  1.153  8.9  205.2  12.1  0.47  13.3  26.3
280120260656  1.151  9.0  205.5  12.1  0.54  18.3  26.3
280120260657  1.146  9.2  205.8  12.1  0.68  16.3  26.3
280120260658  1.142  9.2  205.8  12.1  0.61  10.9  26.3
280120260659  1.139  9.2  204.9  12.1  0.52  17.2  26.3
280120260700  1.136  9.2  204.7  12.1  0.79  13.5  26.3
280120260701  1.133  9.3  205.6  12.1  0.67  13.7  26.3
280120260702  1.130  9.0  206.4  12.0  0.75  10.1  26.3
280120260703  1.126  9.0  207.0  12.0  0.78  10.0  26.3
280120260704  1.122  9.0  206.8  12.0  0.68  13.0  26.3
280120260705  1.118  9.0  207.9  12.8  0.74  10.0  26.3
280120260706  1.114  9.1  208.0  12.8  0.70  11.1  26.3
280120260707  1.109  9.3  208.7  12.8  0.76  9.0  26.3
280120260708  1.107  9.4  208.0  12.8  0.79  16.2  26.3
280120260709  1.105  9.5  208.0  12.8  0.69  9.7  26.3
280120260710  1.103  9.6  208.8  12.8  0.79  10.7  26.3
280120260711  1.100  9.7  209.0  12.8  0.64  12.8  26.3
280120260712  1.096  9.8  210.0  12.8  0.75  7.6  26.3
280120260713  1.092  10.0  210.5  12.8  0.71  8.9  26.3
280120260714  1.089  10.0  210.8  12.8  0.73  14.3  26.3
280120260715  1.085  10.0  210.4  12.8  0.85  10.0  26.3
280120260716  1.080  9.9  210.3  12.8  0.83  12.4  26.3
280120260717  1.077  9.5  209.3  12.8  0.76  13.2  26.4
280120260718  1.074  9.2  209.1  12.8  0.68  14.9  26.4
280120260719  1.071  9.3  209.7  13.3  0.74  13.8  26.4
280120260720  1.067  9.4  210.2  13.4  0.75  11.0  26.4
280120260721  1.063  9.6  210.6  13.4  0.75  15.7  26.4
280120260722  1.059  9.8  210.6  13.4  0.75  12.7  26.4
280120260723  1.054  9.7  211.5  13.4  0.62  14.3  26.4
280120260724  1.052  9.8  212.1  13.4  0.82  14.6  26.4
280120260725  1.048  10.0  211.3  13.4  0.78  13.6  26.4
280120260726  1.044  10.2  210.9  13.4  0.77  15.1  26.4
280120260727  1.041  10.4  211.3  13.4  0.71  16.0  26.4
280120260728  1.039  10.7  212.3  13.4  0.74  20.4  26.4
280120260729  1.037  10.7  212.5  13.4  0.80  17.2  26.4
280120260730  1.033  10.9  212.8  14.3  0.66  21.8  26.4
280120260731  1.031  10.6  213.1  14.3  0.69  15.2  26.4
280120260732  1.028  10.5  212.7  14.3  0.64  19.3  26.5
280120260733  1.025  10.4  212.7  14.3  0.70  22.3  26.5
280120260734  1.023  10.3  213.1  14.3  0.65  21.6  26.5
280120260735  1.020  10.2  214.8  14.3  0.75  20.2  26.5
280120260736  1.017  10.0  215.7  14.3  0.62  22.3  26.5
280120260737  1.015  9.9  215.3  14.3  0.61  19.7  26.5
280120260738  1.014  9.7  213.7  14.3  0.61  19.8  26.5
280120260739  1.012  9.6  213.3  14.3  0.56  23.1  26.5
280120260740  1.012  9.4  212.3  13.1  0.64  20.2  26.5
280120260741  1.010  9.4  211.1  12.3  0.61  20.6  26.5
280120260742  1.008  9.5  210.8  12.3  0.48  17.6  26.5
280120260743  1.007  9.8  210.4  13.2  0.62  17.1  26.5
280120260744  1.005  9.9  210.3  13.2  0.60  23.0  26.5
280120260745  1.003  9.8  210.1  13.2  0.62  18.1  26.5
280120260746  1.001  10.0  210.3  13.9  0.52  17.3  26.5
280120260747  0.998  10.2  210.5  13.9  0.59  22.9  26.5
280120260748  0.994  10.3  210.8  13.9  0.60  16.3  26.5
280120260749  0.991  10.4  209.6  13.9  0.51  18.3  26.5
280120260750  0.986  10.3  208.1  13.9  0.60  18.9  26.5
280120260751  0.983  10.1  206.6  13.9  0.49  21.5  26.5
280120260752  0.978  9.9  205.9  13.9  0.59  18.2  26.5
280120260753  0.973  9.3  205.3  13.9  0.55  22.9  26.5
280120260754  0.969  9.2  205.2  13.9  0.54  19.9  26.6
280120260755  0.964  9.4  203.6  13.9  0.53  23.4  26.6
280120260756  0.959  9.3  201.3  12.1  0.48  25.2  26.6
280120260757  0.954  9.2  199.9  12.0  0.62  17.2  26.6
280120260758  0.949  9.3  200.9  12.5  0.61  19.6  26.6
280120260759  0.945  9.3  202.3  12.5  0.65  26.1  26.6
280120260800  0.942  9.3  204.7  12.5  0.66  19.3  26.6
280120260801  0.939  9.5  207.9  12.5  0.57  22.3  26.6
280120260802  0.935  9.7  209.8  12.5  0.57  26.4  26.6
280120260803  0.930  10.2  210.4  13.0  0.67  15.9  26.6
280120260804  0.926  10.4  210.5  13.0  0.65  16.7  26.6
280120260805  0.921  10.4  211.8  13.0  0.52  21.9  26.6
280120260806  0.918  10.5  212.5  13.0  0.59  17.2  26.6
280120260807  0.914  10.6  214.0  13.0  0.66  15.6  26.6
280120260808  0.910  10.4  213.7  13.0  0.61  18.8  26.6
280120260809  0.905  10.4  212.9  13.0  0.67  17.5  26.6
280120260810  0.902  10.2  212.1  13.0  0.70  21.1  26.6
280120260811  0.899  9.9  210.6  13.0  0.58  16.3  26.6
280120260812  0.897  9.9  209.4  13.7  0.72  15.3  26.6
280120260813  0.893  9.5  208.1  13.7  0.53  19.2  26.6
280120260814  0.889  8.9  205.6  13.7  0.61  15.3  26.6
280120260815  0.885  8.5  204.3  13.7  0.66  21.5  26.6
280120260816  0.881  8.5  203.5  14.3  0.68  19.7  26.7
280120260817  0.878  8.3  201.0  14.3  0.73  19.4  26.7
280120260818  0.876  8.5  199.6  14.3  0.56  20.8  26.7
280120260819  0.873  8.5  198.1  14.3  0.64  11.0  26.7
280120260820  0.869  8.2  196.6  14.3  0.60  22.0  26.7
280120260821  0.867  8.1  195.9  14.3  0.58  19.5  26.7
280120260822  0.864  7.9  192.4  14.3  0.58  18.6  26.7
280120260823  0.861  7.9  190.8  14.3  0.67  20.5  26.7
280120260824  0.857  8.0  190.7  14.3  0.59  11.9  26.7
280120260825  0.853  8.1  189.1  14.7  0.71  14.9  26.7
280120260826  0.851  7.8  184.8  14.7  0.68  16.9  26.7
280120260827  0.848  7.5  181.3  14.7  0.59  18.2  26.7
280120260828  0.844  6.9  176.7  14.7  0.63  16.8  26.7
280120260829  0.841  6.3  175.7  14.7  0.62  15.0  26.7
280120260830  0.839  6.6  175.4  14.7  0.60  16.7  26.7
280120260831  0.836  6.7  175.3  14.7  0.65  17.7  26.7
280120260832  0.833  6.9  175.6  14.7  0.68  17.9  26.7
280120260833  0.830  7.2  177.8  14.7  0.64  16.6  26.7
280120260834  0.827  7.7  177.9  14.7  0.61  16.9  26.7
280120260835  0.823  7.9  176.8  13.4  0.66  15.9  26.7
280120260836  0.820  8.0  180.9  13.4  0.60  14.5  26.7
280120260837  0.816  8.8  187.3  16.7  0.64  17.1  26.7
280120260838  0.813  9.4  190.3  16.7  0.70  13.0  26.7
280120260839  0.807  9.4  189.4  16.7  0.73  12.6  26.7
280120260840  0.805  8.8  183.8  16.7  0.61  16.4  26.7
280120260841  0.801  8.5  178.3  16.7  0.56  22.9  26.7
280120260842  0.796  8.0  174.1  16.7  0.71  14.9  26.7
280120260843  0.793  7.5  170.2  16.7  0.67  18.2  26.7
280120260844  0.789  6.9  168.2  16.7  0.67  20.5  26.7
280120260845  0.785  6.3  166.6  16.7  0.71  19.1  26.7
280120260846  0.780  6.0  165.6  16.7  0.70  14.2  26.7
280120260847  0.776  5.8  159.3  15.1  0.63  19.6  26.7
280120260848  0.772  6.0  160.7  19.9  0.79  16.2  26.7
280120260849  0.768  6.0  159.4  19.9  0.71  12.2  26.7
280120260850  0.764  5.9  167.6  19.9  0.66  14.7  26.7
280120260851  0.760  6.4  176.5  19.9  0.77  16.1  26.7
280120260852  0.755  7.2  182.5  19.9  0.74  18.9  26.8
280120260853  0.753  7.6  183.8  19.9  0.74  15.6  26.8
280120260854  0.750  8.2  186.4  19.9  0.65  12.9  26.8
280120260855  0.748  9.0  186.6  19.9  0.72  15.1  26.8
280120260856  0.745  9.6  186.5  19.9  0.81  16.3  26.8
280120260857  0.742  9.8  185.6  19.9  0.69  17.6  26.8
280120260858  0.739  9.5  183.8  17.6  0.67  14.8  26.8
280120260859  0.736  10.3  186.7  17.6  0.77  16.2  26.8
280120260900  0.733  10.9  187.1  17.6  0.66  13.4  26.8
280120260901  0.731  10.8  188.2  17.6  0.77  13.8  26.8
280120260902  0.729  10.6  188.7  16.2  0.62  14.1  26.8
280120260903  0.726  10.5  188.7  16.2  0.56  15.7  26.8
280120260904  0.723  10.6  187.9  16.2  0.70  17.1  26.8
280120260905  0.722  10.6  189.6  16.2  0.62  18.7  26.8
280120260906  0.720  10.3  188.5  15.8  0.66  17.9  26.8
280120260907  0.718  10.3  189.4  15.0  0.65  15.6  26.8
280120260908  0.716  10.5  189.3  15.0  0.66  17.3  26.8
280120260909  0.714  10.1  188.7  13.6  0.58  10.8  26.8
280120260910  0.711  9.8  189.9  13.5  0.69  12.1  26.8
280120260911  0.710  9.5  188.8  13.5  0.63  14.3  26.8
280120260912  0.708  9.0  188.7  13.3  0.70  12.6  26.8
280120260913  0.706  8.9  186.7  13.3  0.62  17.1  26.8
280120260914  0.705  8.4  187.5  13.3  0.50  17.1  26.8
280120260915  0.703  8.2  185.0  12.8  0.65  13.1  26.8
280120260916  0.700  8.2  185.9  12.4  0.64  15.1  26.8
280120260917  0.697  8.0  184.5  12.4  0.63  19.4  26.8
280120260918  0.694  7.6  185.1  11.6  0.50  18.9  26.9
280120260919  0.691  7.2  184.1  11.6  0.57  19.5  26.9
280120260920  0.688  6.8  179.7  11.6  0.65  14.1  26.9
280120260921  0.686  6.4  178.9  11.6  0.57  12.7  26.9
280120260922  0.684  6.2  177.3  11.6  0.69  21.2  26.9
280120260923  0.680  5.9  179.3  11.6  0.65  17.7  26.9
280120260924  0.679  5.9  175.9  11.6  0.71  16.8  26.9
280120260925  0.678  5.7  174.0  11.6  0.55  20.4  26.9
280120260926  0.675  5.5  174.0  12.0  0.58  19.5  26.9
280120260927  0.674  5.5  178.0  12.5  0.69  21.6  26.9
280120260928  0.672  5.1  174.0  12.5  0.52  20.7  26.9
280120260929  0.671  5.1  171.4  12.5  0.46  16.6  26.9
280120260930  0.671  5.1  175.2  12.5  0.61  18.1  26.9
280120260931  0.669  5.5  177.9  12.5  0.65  14.3  26.9
280120260932  0.669  5.7  181.7  12.5  0.45  26.8  26.9
280120260933  0.667  5.7  182.1  12.5  0.65  19.7  26.9
280120260934  0.667  5.7  181.9  12.5  0.55  23.1  26.9
280120260935  0.666  6.0  181.2  12.5  0.49  22.2  26.9
280120260936  0.666  5.8  177.3  12.5  0.55  20.6  26.9
280120260937  0.666  5.7  176.1  11.2  0.49  20.1  26.9
280120260938  0.666  5.9  178.2  11.2  0.63  22.6  26.9
280120260939  0.665  6.1  179.7  11.2  0.49  21.3  26.9
280120260940  0.664  5.9  179.7  11.2  0.48  18.7  26.9
280120260941  0.663  5.5  173.6  11.2  0.61  16.1  26.9
280120260942  0.662  5.1  169.2  11.2  0.48  24.2  26.9
280120260943  0.659  5.1  169.5  11.2  0.43  16.0  26.9
280120260944  0.660  4.9  169.5  11.2  0.51  20.7  26.9
280120260945  0.658  4.5  169.1  11.2  0.51  17.2  26.9
280120260946  0.659  4.3  170.0  11.2  0.60  16.5  26.9
280120260947  0.656  3.9  161.9  7.7  0.43  22.4  26.9
280120260948  0.655  3.8  158.1  7.7  0.52  20.8  26.9
280120260949  0.653  3.8  158.1  6.9  0.62  17.2  26.9
280120260950  0.651  4.0  159.2  8.2  0.61  18.9  26.9
280120260951  0.650  4.2  165.2  8.7  0.44  10.8  26.9
280120260952  0.649  4.3  164.5  8.7  0.52  12.2  26.9
280120260953  0.646  4.2  163.6  8.7  0.44  21.8  26.9
280120260954  0.644  4.0  164.5  8.7  0.58  22.3  26.9
280120260955  0.641  3.6  166.4  8.7  0.36  22.6  26.9
280120260956  0.639  3.4  168.5  8.7  0.40  26.2  27.0
280120260957  0.638  3.4  173.9  8.7  0.36  30.0  27.0
280120260958  0.636  3.6  179.9  8.7  0.49  21.0  27.0
280120260959  0.634  3.8  180.9  10.9  0.55  20.8  27.0
280120261000  0.632  3.4  177.2  10.9  0.50  22.3  27.0
280120261001  0.630  3.3  175.8  10.9  0.48  27.0  27.0
280120261002  0.628  3.3  172.3  10.9  0.52  25.0  27.0
280120261003  0.627  3.5  169.9  10.9  0.48  18.6  27.0
280120261004  0.626  3.8  169.1  10.9  0.46  26.6  27.0
280120261005  0.625  4.2  169.5  10.9  0.47  23.5  27.0
280120261006  0.626  4.2  167.0  10.9  0.47  25.2  27.0
280120261007  0.624  4.2  165.8  10.9  0.47  27.5  27.0
280120261008  0.624  4.0  162.3  10.9  0.39  22.7  27.0
280120261009  0.622  3.9  158.3  9.0  0.46  22.6  27.0
280120261010  0.622  4.2  160.1  9.0  0.39  25.7  27.0
280120261011  0.620  4.2  160.1  9.0  0.50  19.8  27.0
280120261012  0.619  4.3  164.3  9.0  0.43  31.7  27.0
280120261013  0.616  4.1  162.2  9.0  0.45  20.4  27.0
280120261014  0.614  4.2  164.0  10.0  0.57  19.9  27.0
280120261015  0.614  4.1  162.1  10.0  0.55  12.4  27.0
280120261016  0.611  4.2  164.0  10.0  0.44  10.8  27.0
280120261017  0.610  4.4  162.4  10.0  0.52  20.0  27.0
280120261018  0.607  5.0  162.8  10.0  0.48  24.6  27.0
280120261019  0.605  5.0  164.1  10.0  0.59  12.3  27.0
280120261020  0.603  5.1  166.8  10.6  0.64  14.8  27.0
280120261021  0.603  5.1  166.5  10.6  0.53  16.5  27.0
280120261022  0.601  5.0  166.4  10.6  0.68  21.1  27.0
280120261023  0.600  5.1  171.6  10.6  0.55  15.1  27.0
280120261024  0.598  4.9  173.5  10.6  0.66  15.4  27.0
280120261025  0.598  5.0  175.8  10.6  0.53  15.5  27.0
280120261026  0.597  5.1  175.7  10.6  0.56  16.6  27.0
280120261027  0.597  4.7  176.7  10.6  0.61  13.3  27.0
280120261028  0.596  4.1  177.6  10.6  0.59  12.7  27.0
280120261029  0.594  3.9  178.8  10.6  0.55  11.2  27.0
280120261030  0.592  3.6  177.4  7.2  0.54  14.9  27.0
280120261031  0.590  3.6  177.4  7.2  0.60  15.0  27.1
280120261032  0.587  3.4  173.8  7.2  0.53  12.1  27.1
280120261033  0.587  3.2  167.7  7.2  0.63  14.3  27.1
280120261034  0.586  3.1  166.2  7.2  0.53  19.9  27.1
280120261035  0.585  3.1  166.6  7.2  0.44  14.5  27.1
280120261036  0.584  3.1  164.1  7.0  0.62  11.8  27.1
280120261037  0.583  3.3  162.0  7.0  0.54  18.7  27.1
280120261038  0.585  3.3  164.1  7.0  0.63  11.6  27.1
280120261039  0.585  3.3  164.1  7.0  0.53  12.7  27.1
280120261040  0.586  3.2  164.2  7.0  0.63  17.2  27.1
280120261041  0.586  2.9  158.6  6.7  0.45  16.2  27.1
280120261042  0.587  3.0  160.4  6.7  0.59  9.8  27.1
280120261043  0.587  3.2  164.1  6.7  0.45  11.0  27.1
280120261044  0.588  3.6  164.4  10.4  0.56  11.6  27.1
280120261045  0.588  3.6  159.6  10.4  0.53  10.4  27.1
280120261046  0.592  3.5  160.0  10.4  0.56  6.4  27.1
280120261047  0.594  3.8  165.4  10.4  0.46  8.5  27.1
280120261048  0.595  4.1  165.0  10.4  0.62  6.8  27.1
280120261049  0.596  4.2  164.3  10.4  0.45  7.8  27.1
280120261050  0.598  4.8  165.8  10.4  0.42  9.2  27.1
280120261051  0.599  5.3  169.4  10.4  0.51  5.4  27.1
280120261052  0.600  5.5  172.4  10.4  0.47  11.4  27.1
280120261053  0.601  5.4  172.6  10.4  0.40  3.6  27.1
280120261054  0.602  5.2  170.9  9.9  0.45  3.2  27.1
280120261055  0.605  5.2  174.1  9.9  0.34  1.1  27.1
280120261056  0.608  5.1  175.1  9.9  0.42  359.0  27.1
280120261057  0.610  4.8  172.1  9.9  0.27  359.1  27.1
280120261058  0.613  4.8  165.5  9.9  0.38  355.3  27.1
280120261059  0.614  4.6  167.2  9.9  0.36  355.1  27.1
280120261100  0.617  4.2  164.3  9.6  0.29  354.3  27.1
280120261101  0.620  3.9  159.8  9.6  0.26  351.6  27.1
280120261102  0.623  3.9  152.1  9.6  0.32  348.1  27.1
280120261103  0.625  3.9  149.1  9.6  0.23  340.6  27.1
280120261104  0.626  3.6  146.7  9.6  0.27  352.7  27.1
280120261105  0.626  3.8  142.1  9.6  0.25  357.8  27.1
280120261106  0.628  4.0  141.2  9.6  0.26  1.1  27.1
280120261107  0.630  4.4  144.7  9.6  0.27  2.5  27.1
280120261108  0.631  4.3  150.7  8.8  0.12  344.3  27.1
280120261109  0.632  4.6  149.4  8.8  0.34  359.9  27.1
280120261110  0.634  4.6  151.5  8.8  0.33  353.4  27.1
280120261111  0.635  4.9  152.5  8.8  0.23  352.3  27.1
280120261112  0.636  5.0  155.3  8.8  0.16  353.5  27.1
280120261113  0.637  5.4  155.9  10.8  0.27  357.8  27.1
280120261114  0.637  5.5  153.8  10.8  0.25  5.6  27.1
280120261115  0.636  5.8  155.1  14.0  0.16  0.2  27.1
280120261116  0.636  6.0  153.1  14.0  0.17  331.8  27.1
280120261117  0.637  6.0  152.4  14.0  0.19  330.0  27.1
280120261118  0.638  5.8  151.9  14.0  0.31  357.7  27.1
280120261119  0.638  5.5  150.9  14.0  0.20  345.2  27.1
280120261120  0.639  5.8  152.3  14.0  0.26  351.0  27.1
280120261121  0.638  6.0  153.9  14.0  0.31  352.7  27.1
280120261122  0.636  6.1  154.2  14.0  0.25  351.1  27.1
280120261123  0.636  5.5  151.4  14.0  0.18  8.8  27.1
280120261124  0.636  5.6  151.3  14.0  0.32  5.1  27.1
280120261125  0.637  5.5  151.9  10.3  0.34  353.6  27.2
280120261126  0.637  5.4  154.3  10.5  0.19  352.9  27.2
280120261127  0.639  5.3  154.4  10.5  0.22  0.5  27.2
280120261128  0.639  5.5  153.3  11.0  0.35  349.3  27.2
280120261129  0.637  5.8  151.9  11.0  0.23  343.4  27.2
280120261130  0.637  5.7  151.2  11.0  0.19  344.5  27.2
280120261131  0.638  5.4  149.6  11.0  0.21  351.2  27.2
280120261132  0.640  5.7  151.4  11.0  0.31  355.0  27.2
280120261133  0.642  6.0  154.6  11.0  0.31  345.2  27.2
280120261134  0.643  6.3  157.5  11.0  0.32  3.0  27.2
280120261135  0.645  6.3  154.9  11.0  0.21  347.0  27.2
280120261136  0.647  6.1  157.0  11.0  0.37  359.9  27.2
280120261137  0.648  6.0  157.3  11.0  0.27  354.3  27.2
280120261138  0.650  5.9  158.6  10.9  0.25  353.3  27.2
280120261139  0.652  5.8  158.2  10.9  0.34  351.2  27.2
280120261140  0.654  5.7  157.6  10.9  0.25  357.4  27.2
280120261141  0.654  5.9  158.4  10.9  0.19  345.3  27.2
280120261142  0.657  5.5  153.8  10.9  0.32  358.3  27.2
280120261143  0.660  5.7  153.9  10.9  0.25  356.6  27.2
280120261144  0.660  5.7  152.9  10.7  0.22  354.8  27.2
280120261145  0.663  5.8  154.6  10.7  0.19  4.6  27.2
280120261146  0.666  5.9  154.1  10.7  0.38  358.3  27.2
280120261147  0.668  6.1  154.5  11.1  0.17  344.6  27.3
280120261148  0.669  6.1  155.1  11.1  0.24  4.4  27.3
280120261149  0.671  6.2  158.6  11.1  0.17  352.6  27.3
280120261150  0.671  6.0  156.4  11.1  0.13  343.4  27.3
280120261151  0.672  5.7  153.9  11.1  0.12  338.7  27.3
280120261152  0.675  5.6  155.5  11.1  0.24  1.2  27.3
280120261153  0.674  5.4  153.5  11.1  0.17  341.1  27.3
280120261154  0.676  5.1  151.4  11.1  0.22  348.3  27.3
280120261155  0.678  5.1  149.9  11.1  0.11  1.2  27.3
280120261156  0.680  4.9  145.2  11.1  0.12  13.7  27.3
280120261157  0.680  4.7  141.3  9.7  0.12  330.2  27.3
280120261158  0.680  4.7  137.7  9.7  0.16  340.9  27.3
280120261159  0.681  4.8  140.2  11.2  0.16  342.5  27.3
280120261200  0.683  4.9  141.4  11.2  0.11  2.9  27.3
280120261201  0.685  5.1  146.6  11.2  0.13  13.3  27.3
280120261202  0.686  5.4  148.8  11.2  0.10  334.2  27.3
280120261203  0.686  5.3  150.1  11.2  0.13  348.7  27.3
280120261204  0.687  5.1  151.6  11.2  0.09  352.7  27.3
280120261205  0.687  5.0  154.9  11.2  0.22  355.1  27.4
280120261206  0.687  4.9  156.4  11.2  0.08  2.9  27.4
280120261207  0.691  5.0  156.7  11.2  0.08  321.9  27.4
280120261208  0.692  5.1  154.6  11.2  0.04  277.1  27.4
280120261209  0.694  4.7  147.2  9.0  0.04  34.0  27.4
280120261210  0.696  4.7  144.2  9.0  0.07  356.8  27.4
280120261211  0.699  4.8  138.4  9.0  0.08  215.9  27.4
280120261212  0.702  5.0  134.9  13.7  0.10  343.4  27.4
280120261213  0.704  4.9  133.4  13.7  0.06  214.0  27.4
280120261214  0.708  5.1  132.7  13.7  0.02  211.8  27.4
280120261215  0.709  5.4  126.8  13.7  0.03  239.8  27.4
280120261216  0.712  5.9  126.7  13.7  0.12  191.8  27.4
280120261217  0.715  5.7  126.9  13.7  0.06  42.0  27.4
280120261218  0.719  5.5  126.6  13.7  0.03  96.6  27.4
280120261219  0.720  5.5  129.5  13.7  0.05  175.4  27.4
280120261220  0.723  5.4  132.9  13.7  0.17  177.3  27.4
280120261221  0.724  5.3  134.8  13.7  0.11  191.0  27.4
280120261222  0.725  4.8  135.5  10.6  0.11  185.1  27.4
280120261223  0.726  4.8  135.2  10.6  0.12  196.8  27.4
280120261224  0.727  4.7  136.7  10.6  0.21  208.8  27.4
280120261225  0.729  4.7  136.3  15.0  0.18  188.2  27.4
280120261226  0.730  4.6  135.3  15.0  0.19  202.8  27.3
280120261227  0.732  4.7  135.9  15.0  0.18  205.5  27.3
280120261228  0.735  4.9  134.9  15.0  0.14  192.3  27.3
280120261229  0.737  4.9  133.9  15.0  0.16  195.4  27.3
280120261230  0.740  4.8  133.0  15.0  0.27  186.7  27.3
280120261231  0.743  4.9  130.4  15.0  0.25  192.6  27.3
280120261232  0.746  5.0  128.9  15.0  0.41  191.1  27.3
280120261233  0.750  5.0  126.5  15.0  0.26  193.0  27.3
280120261234  0.751  5.0  124.3  15.0  0.25  191.7  27.3
280120261235  0.751  5.0  128.3  10.6  0.21  198.9  27.2
280120261236  0.751  4.9  127.0  10.6  0.29  190.0  27.2
280120261237  0.753  5.1  126.4  10.6  0.19  187.6  27.2
280120261238  0.753  5.1  127.8  10.1  0.19  184.6  27.2
280120261239  0.755  5.2  126.7  10.1  0.17  165.8  27.2
280120261240  0.758  5.3  127.3  10.1  0.10  169.2  27.2
280120261241  0.759  5.1  128.0  10.1  0.18  184.5  27.2
280120261242  0.761  4.7  129.5  10.1  0.25  180.3  27.2
280120261243  0.763  4.7  129.9  10.1  0.23  181.6  27.2
280120261244  0.764  4.7  128.8  10.1  0.13  197.7  27.2
280120261245  0.767  4.6  127.8  10.1  0.25  193.6  27.2
280120261246  0.770  4.8  127.7  12.5  0.21  166.6  27.2
280120261247  0.774  4.7  129.1  12.5  0.17  177.5  27.2
280120261248  0.778  4.8  129.2  12.5  0.22  190.0  27.1
280120261249  0.782  4.9  128.9  12.5  0.27  185.8  27.1
280120261250  0.785  5.0  128.3  12.5  0.25  193.6  27.1
280120261251  0.789  5.1  128.3  12.5  0.27  184.6  27.1
280120261252  0.793  5.5  128.2  12.5  0.26  196.8  27.1
280120261253  0.796  5.7  131.2  12.5  0.36  183.4  27.1
280120261254  0.800  5.7  134.6  12.5  0.28  195.5  27.1
280120261255  0.803  6.0  135.9  12.5  0.39  182.8  27.1
280120261256  0.804  6.0  139.2  12.5  0.34  182.4  27.1
280120261257  0.805  6.3  139.3  12.5  0.30  185.6  27.1
280120261258  0.808  6.3  140.4  12.5  0.31  187.8  27.1
280120261259  0.810  6.4  141.0  12.5  0.25  192.2  27.1
280120261300  0.811  6.4  140.8  12.5  0.33  182.5  27.1
280120261301  0.814  6.5  140.0  12.5  0.29  185.3  27.0
280120261302  0.814  6.9  142.0  13.4  0.36  189.4  27.1
280120261303  0.815  7.0  140.6  13.4  0.26  178.9  27.1
280120261304  0.817  7.0  138.2  13.4  0.36  182.8  27.1
280120261305  0.819  6.6  137.9  13.4  0.61  181.7  27.1
280120261306  0.819  6.5  137.8  13.4  0.58  189.2  27.1
280120261307  0.822  6.4  135.5  13.4  0.43  179.1  27.1
280120261308  0.825  6.4  135.4  13.4  0.49  184.6  27.1
280120261309  0.826  6.3  134.6  13.4  0.41  173.8  27.0
280120261310  0.826  6.4  130.8  13.4  0.42  182.8  27.0
280120261311  0.826  6.3  132.1  13.4  0.51  174.1  27.0
280120261312  0.826  5.8  129.6  13.4  0.46  172.9  27.0
280120261313  0.828  5.6  130.2  13.4  0.33  172.7  27.0
280120261314  0.830  5.3  132.6  13.4  0.43  177.1  27.0
280120261315  0.831  5.7  131.7  13.4  0.37  177.3  27.0
280120261316  0.832  5.9  131.4  13.4  0.39  167.7  27.0
280120261317  0.833  5.5  132.5  13.4  0.42  175.5  27.0
280120261318  0.833  5.5  129.9  13.4  0.57  176.5  27.0
280120261319  0.836  5.6  130.7  13.4  0.50  176.9  27.0
280120261320  0.839  5.7  134.4  13.1  0.48  174.1  27.0
280120261321  0.842  5.6  132.7  13.1  0.40  172.4  27.0
280120261322  0.844  5.7  133.2  13.1  0.49  181.6  27.0
280120261323  0.846  5.9  133.3  13.1  0.49  170.0  27.0
280120261324  0.850  6.4  134.0  13.1  0.37  170.8  27.0
280120261325  0.851  6.2  134.3  11.8  0.42  166.6  27.0
280120261326  0.855  5.8  132.4  11.8  0.42  173.4  27.0
280120261327  0.858  5.9  131.9  11.8  0.59  175.5  27.0
280120261328  0.861  6.1  131.2  11.8  0.56  172.8  27.0
280120261329  0.864  6.1  133.0  12.3  0.46  181.5  27.0
280120261330  0.867  6.0  133.3  12.3  0.53  174.2  27.0
280120261331  0.870  6.3  131.7  12.3  0.57  176.9  27.0
280120261332  0.873  6.0  131.1  12.3  0.52  177.8  27.0
280120261333  0.875  6.2  131.2  12.3  0.62  182.7  27.0
280120261334  0.876  5.9  126.3  12.3  0.50  177.4  27.0
280120261335  0.878  5.9  129.1  12.3  0.51  173.5  27.0
280120261336  0.880  5.8  130.6  12.3  0.57  175.1  27.0
280120261337  0.882  5.7  130.8  12.3  0.65  179.2  27.0
280120261338  0.885  5.4  133.9  12.3  0.58  181.0  27.0
280120261339  0.888  5.4  133.4  10.6  0.47  180.5  27.0
280120261340  0.889  5.3  134.6  10.6  0.48  173.5  27.0
280120261341  0.892  5.4  138.2  10.6  0.65  179.5  27.0
280120261342  0.893  5.5  138.4  10.6  0.65  176.9  27.0
280120261343  0.896  5.6  135.8  10.6  0.61  179.9  27.0
280120261344  0.899  5.6  138.9  9.7  0.54  181.6  27.0
280120261345  0.901  5.7  134.5  10.4  0.55  176.6  27.0
280120261346  0.903  5.9  132.4  11.3  0.58  179.7  27.0
280120261347  0.904  6.2  132.3  11.5  0.53  178.9  27.1
280120261348  0.906  6.6  131.5  12.1  0.55  176.9  27.1
280120261349  0.908  6.5  129.2  12.1  0.58  176.9  27.1
280120261350  0.911  6.4  128.6  12.1  0.59  173.7  27.1
280120261351  0.913  6.4  126.3  12.1  0.55  173.0  27.1
280120261352  0.916  6.4  126.7  12.1  0.57  174.5  27.1
280120261353  0.918  6.1  127.8  12.1  0.62  171.5  27.1
280120261354  0.920  6.0  125.9  12.1  0.60  177.4  27.1
280120261355  0.921  5.8  126.9  12.1  0.63  178.2  27.1
280120261356  0.926  5.6  129.1  12.1  0.65  176.8  27.1
280120261357  0.930  5.3  130.2  12.1  0.66  180.3  27.1
280120261358  0.933  5.0  132.5  11.6  0.52  180.1  27.0
280120261359  0.937  5.4  133.1  11.6  0.65  181.0  27.0
280120261400  0.939  5.5  129.1  11.6  0.51  186.1  27.0
280120261401  0.942  5.1  129.6  11.0  0.62  175.5  27.0
280120261402  0.944  5.4  129.4  11.9  0.54  178.6  27.0
280120261403  0.948  5.7  126.9  11.9  0.51  174.0  27.0
280120261404  0.951  5.8  130.0  11.9  0.50  174.5  27.0
280120261405  0.953  5.9  129.2  11.9  0.51  180.8  27.0
280120261406  0.956  5.9  126.3  11.9  0.51  176.4  27.0
280120261407  0.960  6.1  122.4  11.9  0.59  178.2  27.0
280120261408  0.964  6.3  120.7  12.1  0.60  182.3  27.1
280120261409  0.966  6.2  119.0  12.1  0.57  174.7  27.1
280120261410  0.969  6.2  122.4  12.1  0.51  176.4  27.0
280120261411  0.973  6.6  125.5  12.1  0.45  177.6  27.0
280120261412  0.974  6.2  125.8  12.1  0.58  174.3  27.0
280120261413  0.976  6.3  128.2  13.6  0.63  175.4  27.0
280120261414  0.979  6.2  127.2  13.6  0.67  183.0  27.0
280120261415  0.982  6.2  127.1  13.6  0.60  183.7  27.0
280120261416  0.985  6.4  126.5  13.6  0.65  191.2  27.0
280120261417  0.988  6.3  128.2  13.6  0.52  185.5  27.0
280120261418  0.991  5.9  127.5  13.6  0.60  183.7  27.0
280120261419  0.993  5.7  127.9  13.6  0.62  188.2  27.0
280120261420  0.994  5.7  126.5  13.6  0.58  184.8  27.0
280120261421  0.997  5.7  126.2  13.6  0.69  184.3  27.0
280120261422  0.998  6.0  124.7  13.6  0.61  184.3  27.0
280120261423  0.999  5.8  123.7  12.2  0.47  176.1  27.1
280120261424  1.000  5.7  122.5  12.2  0.56  179.4  27.1
280120261425  1.002  5.7  122.7  10.4  0.57  179.0  27.1
280120261426  1.005  5.7  125.8  10.4  0.63  182.0  27.1
280120261427  1.005  5.5  129.9  10.4  0.46  180.2  27.1
280120261428  1.006  5.6  130.5  10.4  0.50  182.7  27.1
280120261429  1.007  5.5  132.0  10.4  0.57  179.0  27.1
280120261430  1.008  5.6  132.3  10.4  0.64  181.6  27.1
280120261431  1.008  5.4  128.4  9.9  0.52  182.8  27.1
280120261432  1.010  5.2  125.4  10.8  0.49  183.0  27.1
280120261433  1.008  5.1  129.2  10.8  0.53  186.4  27.1
280120261434  1.008  5.2  131.0  10.8  0.40  183.0  27.1
280120261435  1.009  5.2  133.1  10.8  0.46  189.5  27.1
280120261436  1.011  4.9  136.3  10.8  0.45  192.2  27.1
280120261437  1.011  4.9  132.8  10.8  0.39  187.7  27.1
280120261438  1.013  4.9  133.4  10.8  0.46  186.1  27.1
280120261439  1.014  4.9  133.0  10.8  0.47  185.8  27.1
280120261440  1.016  4.9  133.8  10.8  0.38  183.2  27.1
280120261441  1.016  5.0  133.3  11.3  0.35  185.2  27.1
280120261442  1.016  5.0  138.2  11.3  0.46  192.4  27.1
280120261443  1.018  5.1  133.1  11.3  0.28  183.1  27.1
280120261444  1.019  4.8  131.3  11.3  0.41  179.9  27.1
280120261445  1.021  4.9  129.2  11.4  0.33  181.6  27.1
280120261446  1.021  5.5  127.5  11.9  0.34  180.5  27.1
280120261447  1.021  5.7  128.1  11.9  0.32  183.5  27.1
280120261448  1.022  5.7  127.8  11.9  0.27  180.1  27.1
280120261449  1.025  5.6  128.5  11.9  0.22  191.5  27.1
280120261450  1.026  5.7  127.2  11.9  0.35  191.3  27.1
280120261451  1.028  5.7  128.5  11.9  0.35  183.3  27.1
280120261452  1.031  5.7  127.5  11.9  0.35  177.0  27.1
280120261453  1.031  5.4  132.3  11.9  0.34  178.5  27.1
280120261454  1.031  5.6  135.0  11.9  0.26  187.4  27.1
280120261455  1.033  5.8  131.4  11.9  0.35  183.2  27.1
280120261456  1.033  5.4  127.4  12.2  0.34  177.2  27.1
280120261457  1.035  5.7  122.5  16.5  0.32  189.3  27.1
280120261458  1.039  5.6  123.3  16.5  0.37  178.4  27.0
280120261459  1.039  5.8  122.5  16.5  0.44  182.1  27.0
280120261500  1.041  5.6  123.8  16.5  0.34  182.1  27.0
280120261501  1.041  5.3  123.7  16.5  0.38  178.7  27.0
280120261502  1.041  5.3  123.1  16.5  0.50  185.8  27.1
280120261503  1.041  5.6  121.2  16.5  0.42  183.1  27.1
280120261504  1.043  5.8  117.2  16.5  0.42  183.4  27.1
280120261505  1.044  5.6  121.0  16.5  0.46  182.2  27.0
280120261506  1.045  5.5  122.0  16.5  0.57  179.7  27.0
280120261507  1.046  5.5  127.8  12.8  0.44  176.1  27.0
280120261508  1.046  5.8  127.9  12.8  0.36  182.8  27.0
280120261509  1.047  5.5  128.2  12.8  0.40  181.0  27.0
280120261510  1.050  5.7  127.6  12.8  0.49  183.2  27.0
280120261511  1.052  6.0  129.1  13.4  0.35  182.7  27.0
280120261512  1.055  6.0  131.0  13.4  0.46  181.0  27.0
280120261513  1.056  6.0  131.6  13.4  0.44  176.4  27.0
280120261514  1.057  5.9  133.8  13.4  0.52  182.1  27.0
280120261515  1.058  6.0  132.0  13.4  0.45  174.1  27.0
280120261516  1.060  6.1  134.0  13.4  0.39  180.2  27.0
280120261517  1.061  5.9  134.6  13.4  0.43  176.3  27.0
280120261518  1.066  5.8  132.3  13.4  0.36  178.1  27.0
280120261519  1.068  5.8  133.5  13.4  0.36  184.8  27.0
280120261520  1.071  5.7  133.1  13.4  0.37  185.8  27.0
280120261521  1.072  5.4  133.2  9.4  0.43  179.0  27.0
280120261522  1.073  5.3  130.5  9.4  0.37  182.0  27.0
280120261523  1.074  5.3  128.2  9.4  0.41  177.4  27.0
280120261524  1.076  5.4  129.5  9.4  0.43  177.8  27.0
280120261525  1.077  5.4  133.1  9.4  0.49  179.7  27.0
280120261526  1.079  5.2  130.9  12.8  0.46  177.6  27.0
280120261527  1.081  5.2  128.8  12.8  0.50  176.1  27.0
280120261528  1.082  5.4  132.9  12.8  0.48  177.8  27.0
280120261529  1.085  5.5  133.8  12.8  0.48  179.3  27.0
280120261530  1.087  5.5  133.7  12.8  0.42  173.7  27.0
280120261531  1.089  5.7  131.5  12.8  0.40  174.1  27.0
280120261532  1.091  5.8  132.2  12.8  0.38  174.7  27.0
280120261533  1.091  5.8  133.6  12.8  0.30  181.3  27.0
280120261534  1.091  5.8  131.3  12.8  0.29  180.4  27.0
280120261535  1.092  5.6  130.3  12.8  0.39  179.2  27.0
280120261536  1.094  6.0  131.0  12.8  0.42  180.3  27.0
280120261537  1.096  6.2  130.1  12.8  0.37  185.2  27.0
280120261538  1.096  6.1  126.4  12.8  0.51  184.5  27.0
280120261539  1.098  6.0  124.3  12.8  0.39  177.8  27.0
280120261540  1.097  6.0  125.0  12.8  0.50  176.7  27.0
280120261541  1.098  6.1  126.6  13.6  0.54  183.4  27.0
280120261542  1.099  5.9  127.0  13.6  0.47  180.2  27.0
280120261543  1.098  6.0  125.7  13.6  0.49  180.6  27.0
280120261544  1.098  5.8  127.3  13.6  0.33  178.5  27.0
280120261545  1.099  5.6  127.9  13.6  0.38  177.5  27.0
280120261546  1.099  4.9  130.8  13.6  0.43  176.3  27.0
280120261547  1.099  4.6  134.9  13.6  0.43  174.2  27.0
280120261548  1.099  4.4  136.3  13.6  0.44  182.6  27.0
280120261549  1.100  4.5  137.1  13.6  0.41  176.3  27.0
280120261550  1.102  4.6  132.2  13.6  0.32  171.5  27.0
280120261551  1.102  4.6  131.1  11.2  0.47  181.1  27.0
280120261552  1.103  4.8  131.7  11.2  0.42  178.3  27.0
280120261553  1.101  4.6  132.7  11.2  0.29  189.2  27.0
280120261554  1.101  4.6  137.0  11.2  0.41  175.2  27.0
280120261555  1.100  4.4  136.1  11.2  0.37  173.3  27.0
280120261556  1.099  4.5  136.1  11.2  0.43  172.7  27.0
280120261557  1.099  4.5  134.9  11.2  0.40  176.1  27.0
280120261558  1.098  4.8  135.9  11.2  0.24  161.8  27.0
280120261559  1.099  4.6  137.0  11.2  0.42  170.4  27.0
280120261600  1.097  4.8  141.3  11.2  0.45  179.7  27.1
280120261601  1.096  4.7  142.9  9.1  0.36  166.5  27.1
280120261602  1.095  4.5  141.8  9.1  0.43  175.7  27.1
280120261603  1.094  4.2  141.3  9.1  0.40  167.8  27.1
280120261604  1.094  4.3  139.7  9.1  0.38  168.3  27.1
280120261605  1.094  4.4  139.6  9.1  0.35  167.9  27.1
280120261606  1.094  4.5  138.0  9.1  0.44  169.7  27.1
280120261607  1.094  4.5  138.4  9.1  0.41  177.8  27.1
280120261608  1.094  4.3  136.2  9.0  0.37  174.3  27.1
280120261609  1.094  4.5  135.7  9.3  0.33  174.1  27.1
280120261610  1.094  4.3  136.6  9.3  0.28  160.6  27.1
280120261611  1.094  4.1  137.3  9.3  0.15  182.7  27.1
280120261612  1.094  4.1  136.5  9.3  0.27  162.5  27.1
280120261613  1.093  4.1  137.4  9.3  0.37  176.8  27.1
280120261614  1.092  4.1  136.5  9.3  0.41  168.7  27.1
280120261615  1.090  4.3  136.5  9.3  0.27  172.7  27.1
280120261616  1.088  4.4  133.6  9.3  0.20  173.8  27.1
280120261617  1.086  4.5  127.7  9.7  0.28  175.6  27.1
280120261618  1.085  4.5  130.2  9.7  0.29  178.5  27.1
280120261619  1.083  4.3  132.0  9.7  0.28  167.4  27.1
280120261620  1.083  4.2  133.8  9.7  0.35  177.2  27.1
280120261621  1.081  4.3  131.8  9.7  0.36  175.9  27.1
280120261622  1.078  4.5  133.0  12.3  0.30  167.9  27.1
280120261623  1.076  4.7  137.4  12.3  0.43  179.3  27.1
280120261624  1.074  4.7  138.7  12.3  0.30  167.0  27.1
280120261625  1.072  4.6  138.9  12.3  0.18  158.5  27.1
280120261626  1.069  4.6  142.1  12.3  0.26  176.4  27.1
280120261627  1.069  4.5  147.2  12.3  0.25  167.6  27.1
280120261628  1.067  4.5  146.3  12.3  0.26  165.0  27.1
280120261629  1.067  4.5  141.8  12.3  0.25  182.3  27.1
280120261630  1.067  4.6  139.0  12.3  0.30  168.7  27.1
280120261631  1.067  4.5  137.9  12.3  0.30  174.9  27.1
280120261632  1.066  4.6  139.1  11.2  0.31  176.1  27.1
280120261633  1.065  4.6  133.1  11.2  0.24  171.4  27.1
280120261634  1.064  4.7  127.9  11.2  0.18  168.1  27.1
280120261635  1.061  4.8  132.4  11.2  0.26  184.5  27.1
280120261636  1.061  4.7  133.8  11.2  0.10  155.4  27.1
280120261637  1.061  4.6  133.6  11.2  0.10  132.8  27.1
280120261638  1.061  4.5  135.0  11.2  0.23  190.0  27.1
280120261639  1.062  4.2  140.9  11.2  0.17  172.2  27.1
280120261640  1.064  4.2  139.8  11.2  0.15  183.2  27.1
280120261641  1.065  4.1  143.4  11.2  0.05  100.0  27.0
280120261642  1.066  3.7  143.9  9.5  0.18  175.1  27.0
280120261643  1.066  3.5  148.0  9.5  0.18  152.9  27.0
280120261644  1.067  3.6  148.2  12.4  0.30  178.7  27.0
280120261645  1.068  3.4  141.8  12.4  0.22  161.4  27.0
280120261646  1.069  3.3  138.9  12.4  0.22  179.1  27.0
280120261647  1.070  3.7  136.1  12.4  0.18  199.6  27.0
280120261648  1.071  3.8  135.7  12.4  0.05  116.9  27.0
280120261649  1.072  3.8  131.1  12.4  0.05  130.3  27.0
280120261650  1.072  3.9  133.1  12.4  0.09  170.8  27.0
280120261651  1.072  4.0  135.1  12.4  0.09  175.1  27.0
280120261652  1.072  4.1  135.7  12.4  0.05  76.3  27.0
280120261653  1.071  4.2  138.1  12.4  0.07  164.9  27.0
280120261654  1.068  3.9  145.1  9.3  0.19  180.8  27.0
280120261655  1.066  4.2  148.8  10.7  0.16  162.5  27.0
280120261656  1.063  4.5  148.0  10.7  0.16  195.7  27.0
280120261657  1.063  4.2  154.5  10.7  0.07  177.5  27.0
280120261658  1.062  4.3  157.2  10.7  0.11  181.7  27.0
280120261659  1.060  4.4  159.1  10.7  0.16  176.8  27.0
280120261700  1.060  4.2  162.1  10.7  0.12  172.1  27.0
280120261701  1.059  4.1  161.2  10.7  0.14  188.5  27.0
280120261702  1.059  3.9  156.6  10.7  0.13  181.1  27.0
280120261703  1.057  3.9  153.2  10.7  0.08  188.7  27.0
280120261704  1.055  4.1  145.7  10.7  0.04  179.2  27.0
280120261705  1.054  3.9  144.0  10.4  nan  nan  nan
280120261706  1.055  3.8  148.1  8.8  0.09  172.7  27.0
280120261707  1.053  3.8  140.9  8.8  0.09  174.4  27.0
280120261708  1.052  3.9  136.5  8.8  0.09  180.1  27.0
280120261709  1.051  4.1  134.6  8.8  0.18  12.4  27.0
280120261710  1.051  4.3  138.1  9.6  0.02  15.2  27.0
280120261711  1.051  4.5  138.6  9.6  0.08  44.9  27.0
280120261712  1.052  4.5  145.8  9.6  0.06  6.1  27.0
280120261713  1.052  4.6  147.3  9.6  nan  nan  nan
280120261714  1.051  4.4  149.7  9.6  0.09  35.4  27.0
280120261715  1.050  4.5  150.8  9.6  nan  nan  nan
280120261716  1.049  4.6  149.4  9.6  0.04  37.9  27.0
280120261717  1.050  4.8  154.3  9.6  0.04  114.7  27.0
280120261718  1.049  5.1  158.6  11.0  0.04  345.8  27.0
280120261719  1.049  5.4  160.9  11.0  0.05  34.6  27.0
280120261720  1.049  5.3  160.4  11.0  0.12  175.3  27.0
280120261721  1.049  5.4  161.2  11.0  nan  nan  nan
280120261722  1.048  5.1  160.5  11.0  0.08  31.8  27.0
280120261723  1.046  5.0  160.3  11.0  0.06  59.2  27.0
280120261724  1.043  5.0  161.9  11.0  0.05  357.5  27.0
280120261725  1.041  5.0  160.4  11.0  0.19  32.7  27.0
280120261726  1.039  5.1  161.8  11.0  0.03  353.6  27.0
280120261727  1.036  4.9  163.0  11.0  0.07  50.8  27.0
280120261728  1.033  4.5  161.8  9.8  0.14  357.6  27.0
280120261729  1.031  4.4  160.4  9.8  0.22  32.5  27.0
280120261730  1.028  4.7  160.8  11.8  0.09  53.3  27.0
280120261731  1.025  4.9  160.3  13.2  0.07  43.3  27.0
280120261732  1.023  5.1  159.9  13.2  0.10  8.8  27.0
280120261733  1.020  5.1  158.7  13.2  0.06  34.1  27.0
280120261734  1.017  5.0  159.1  13.2  0.10  34.6  27.0
280120261735  1.015  5.0  160.0  13.2  0.05  10.0  27.0
280120261736  1.013  4.9  155.9  13.2  0.12  27.0  27.0
280120261737  1.011  4.8  154.5  13.2  0.18  6.2  27.0
280120261738  1.009  4.7  154.3  13.2  0.31  12.2  27.0
280120261739  1.007  4.7  152.7  13.2  0.23  6.1  27.0
280120261740  1.005  4.0  151.2  13.2  0.16  4.3  27.0
280120261741  1.003  3.8  149.9  7.4  0.19  343.9  27.0
280120261742  1.002  3.9  151.9  7.8  0.11  320.6  27.0
280120261743  1.001  4.1  156.2  7.8  0.11  334.7  27.0
280120261744  0.999  4.3  157.5  8.1  0.13  350.5  27.0
280120261745  0.998  4.7  157.5  13.3  0.07  359.7  27.0
280120261746  0.996  4.8  158.1  13.3  0.04  294.0  27.0
280120261747  0.995  5.3  157.7  13.3  0.09  304.9  27.0
280120261748  0.994  5.5  158.7  13.3  0.08  334.8  27.0
280120261749  0.992  5.7  160.5  13.3  0.16  352.8  27.0
280120261750  0.989  6.3  159.4  13.3  0.14  341.3  27.0
280120261751  0.989  6.3  160.9  13.3  0.16  355.5  27.0
280120261752  0.987  6.2  160.9  13.3  0.17  10.7  27.0
280120261753  0.985  5.9  159.6  13.3  0.15  19.1  27.0
280120261754  0.985  5.9  158.9  13.3  0.10  3.4  27.0
280120261755  0.981  5.6  157.7  12.4  0.18  340.6  27.0
280120261756  0.978  5.7  160.1  12.4  0.18  6.3  27.0
280120261757  0.976  5.5  160.2  9.9  0.03  23.2  27.0
280120261758  0.974  5.7  158.5  10.2  0.11  6.1  27.0
280120261759  0.971  5.8  162.7  11.2  0.19  5.2  27.0
280120261800  0.969  5.7  163.7  11.2  0.03  163.4  27.0
280120261801  0.965  6.0  161.8  12.6  0.19  351.0  27.0
280120261802  0.962  6.1  161.4  12.6  0.20  11.7  27.0
280120261803  0.959  6.6  160.0  12.6  0.26  352.6  27.0
280120261804  0.956  6.8  159.1  12.6  0.23  8.1  27.0
280120261805  0.952  7.0  161.6  12.6  0.20  14.6  27.0
280120261806  0.946  7.1  159.7  12.6  0.25  4.6  27.0
280120261807  0.944  6.9  158.4  12.6  0.22  0.5  27.0
280120261808  0.938  6.7  158.5  12.6  0.27  6.3  27.0
280120261809  0.935  6.9  154.9  12.6  0.23  1.1  27.0
280120261810  0.932  7.1  153.8  12.6  0.25  3.2  27.0
280120261811  0.929  7.2  153.9  12.3  0.35  3.7  27.0
280120261812  0.925  7.2  152.8  12.3  0.23  4.2  27.0
280120261813  0.923  7.2  153.9  14.1  0.36  11.8  27.0
280120261814  0.920  7.2  155.1  14.1  0.42  15.3  27.1
280120261815  0.916  7.1  155.3  14.1  0.37  21.0  27.1
280120261816  0.912  7.3  156.9  14.1  0.41  7.3  27.1
280120261817  0.909  7.3  160.2  14.1  0.41  14.0  27.1
280120261818  0.905  7.4  160.2  14.1  0.21  2.5  27.1
280120261819  0.902  7.3  160.1  14.1  0.46  19.7  27.1
280120261820  0.900  7.2  160.3  14.1  0.34  14.2  27.1
280120261821  0.898  6.9  159.8  14.1  0.42  17.7  27.1
280120261822  0.896  7.2  159.2  14.1  0.45  10.0  27.1
280120261823  0.893  7.0  158.8  12.2  0.40  17.0  27.1
280120261824  0.890  6.8  158.4  12.2  0.56  11.2  27.1
280120261825  0.887  6.8  156.3  12.2  0.40  14.5  27.1
280120261826  0.885  6.8  155.9  13.5  0.43  7.1  27.1
280120261827  0.882  7.3  154.8  13.7  0.52  14.7  27.1
280120261828  0.879  7.0  154.2  13.7  0.55  13.4  27.1
280120261829  0.878  6.8  152.5  13.7  0.53  11.5  27.0
280120261830  0.876  6.5  152.6  13.7  0.51  12.8  27.0
280120261831  0.873  6.3  153.2  13.7  0.56  10.0  27.0
280120261832  0.871  6.1  152.4  13.7  0.54  10.2  27.0
280120261833  0.868  6.1  152.8  13.7  0.56  8.8  27.0
280120261834  0.864  6.1  150.9  13.7  0.52  14.9  27.0
280120261835  0.861  6.1  148.2  13.7  0.54  14.2  27.0
280120261836  0.856  5.9  148.6  13.7  0.63  5.6  27.0
280120261837  0.853  5.8  149.0  12.0  0.38  16.8  27.0
280120261838  0.850  5.7  149.4  12.0  0.47  10.5  27.0
280120261839  0.846  5.4  150.5  12.0  0.48  10.2  27.0
280120261840  0.842  5.8  150.1  12.0  0.50  8.2  27.0
280120261841  0.839  5.9  151.5  12.0  0.48  7.7  27.0
280120261842  0.836  5.9  152.4  12.0  0.45  0.5  27.0
280120261843  0.832  5.7  151.6  12.0  0.49  15.3  27.0
280120261844  0.828  5.8  155.7  12.0  0.54  10.0  27.0
280120261845  0.824  5.6  159.1  12.0  0.49  17.7  27.0
280120261846  0.820  5.4  158.8  12.0  0.56  19.3  27.0
280120261847  0.816  5.0  157.0  12.0  0.43  24.5  27.0
280120261848  0.812  5.2  157.3  12.0  0.48  18.6  27.0
280120261849  0.807  5.2  156.4  12.0  0.47  15.5  27.0
280120261850  0.805  4.9  158.4  10.1  0.56  13.8  27.0
280120261851  0.801  4.9  156.9  10.0  0.47  13.3  27.0
280120261852  0.798  4.6  156.6  10.0  0.57  13.1  27.0
280120261853  0.794  4.6  155.7  10.0  0.45  19.6  27.0
280120261854  0.791  4.3  151.8  8.3  0.49  15.3  27.0
280120261855  0.787  4.3  153.3  8.3  0.56  15.0  27.0
280120261856  0.784  4.3  153.3  8.3  0.60  13.4  27.1
280120261857  0.782  4.1  160.9  8.8  0.42  18.3  27.1
280120261858  0.777  4.1  164.3  9.8  0.52  14.3  27.1
280120261859  0.774  4.3  167.4  9.8  0.61  11.8  27.1
280120261900  0.771  4.0  165.9  9.8  0.60  8.0  27.1
280120261901  0.767  4.1  163.4  9.8  0.52  12.3  27.1
280120261902  0.764  4.2  170.3  9.8  0.59  13.4  27.1
280120261903  0.761  4.4  173.3  9.8  0.56  13.6  27.1
280120261904  0.760  4.5  176.3  9.8  0.57  11.8  27.1
280120261905  0.756  4.8  172.7  11.1  0.58  10.8  27.1
280120261906  0.755  5.2  170.6  11.3  0.50  9.1  27.1
280120261907  0.752  5.6  163.8  11.3  0.76  17.7  27.1
280120261908  0.748  5.7  159.3  11.4  0.58  14.4  27.1
280120261909  0.744  5.8  155.6  11.4  0.63  16.0  27.1
280120261910  0.741  6.2  156.6  11.7  0.55  12.2  27.1
280120261911  0.739  6.2  158.2  11.7  0.64  10.3  27.1
280120261912  0.736  6.6  153.9  11.7  0.55  13.3  27.1
280120261913  0.733  6.6  152.4  11.7  0.49  15.5  27.1
280120261914  0.730  7.1  149.6  13.1  0.65  18.1  27.1
280120261915  0.727  7.0  150.2  13.1  0.61  18.3  27.1
280120261916  0.724  6.9  149.6  13.1  0.47  18.5  27.1
280120261917  0.722  7.0  149.3  13.1  0.42  20.2  27.1
280120261918  0.718  6.8  150.7  13.1  0.61  18.3  27.1
280120261919  0.714  7.0  151.7  13.7  0.47  19.8  27.1
280120261920  0.711  7.1  151.1  13.7  0.54  31.7  27.1
280120261921  0.708  7.5  151.7  13.7  0.53  39.6  27.1
280120261922  0.706  7.3  150.4  13.7  0.59  34.9  27.2
280120261923  0.703  7.4  150.0  13.7  0.48  43.6  27.2
280120261924  0.699  7.0  150.4  13.7  0.52  27.5  27.2
280120261925  0.695  6.9  148.9  13.7  0.53  20.7  27.2
280120261926  0.692  7.0  150.9  13.7  0.52  27.2  27.2
280120261927  0.687  6.7  150.8  13.7  0.66  13.9  27.2
280120261928  0.685  6.7  150.7  13.7  0.55  9.2  27.2
280120261929  0.681  6.3  150.7  10.9  0.42  17.4  27.2
280120261930  0.677  6.1  149.0  10.7  0.41  10.8  27.2
280120261931  0.673  5.6  147.7  10.7  0.44  12.0  27.2
280120261932  0.669  5.5  148.2  10.7  0.39  6.0  27.2
280120261933  0.664  5.5  149.7  10.4  0.44  8.5  27.2
280120261934  0.661  5.6  148.9  10.4  0.58  6.5  27.2
280120261935  0.656  5.5  151.4  10.4  0.40  9.4  27.2
280120261936  0.653  5.2  150.4  10.4  0.45  7.8  27.2
280120261937  0.651  5.1  151.8  10.4  0.48  21.7  27.2
280120261938  0.646  5.0  154.1  10.4  0.39  20.5  27.2
280120261939  0.643  5.2  157.8  10.4  0.43  15.4  27.2
280120261940  0.639  4.9  160.8  10.4  0.48  25.5  27.2
280120261941  0.637  5.4  164.6  14.2  0.44  20.9  27.2
280120261942  0.635  5.6  168.9  14.2  0.53  30.2  27.2
280120261943  0.630  5.5  170.9  14.2  0.43  17.8  27.2
280120261944  0.627  5.5  172.3  14.2  0.49  24.4  27.2
280120261945  0.624  5.5  170.2  14.2  0.35  4.6  27.2
280120261946  0.620  5.5  170.5  14.2  0.43  26.0  27.2
280120261947  0.616  5.6  167.9  14.2  0.52  24.8  27.2
280120261948  0.613  5.4  167.1  14.2  0.43  24.2  27.2
280120261949  0.611  5.2  166.9  14.2  0.46  20.7  27.2
280120261950  0.608  5.5  164.4  14.2  0.50  19.5  27.2
280120261951  0.606  5.1  161.8  12.1  0.46  15.6  27.2
280120261952  0.604  4.8  159.6  9.5  0.44  29.2  27.2
280120261953  0.601  4.6  157.6  9.5  0.54  18.9  27.2
280120261954  0.599  4.5  156.5  9.5  0.45  9.0  27.2
280120261955  0.596  4.4  154.4  9.1  0.44  8.5  27.2
280120261956  0.594  4.5  152.3  9.4  0.55  8.8  27.3
280120261957  0.592  4.4  153.2  9.4  0.60  11.3  27.3
280120261958  0.590  4.6  152.8  10.4  0.55  15.5  27.3
280120261959  0.588  4.7  149.9  10.4  0.61  10.7  27.3
280120262000  0.586  4.7  153.5  11.7  0.54  19.1  27.3
280120262001  0.583  4.8  158.7  11.7  0.48  20.3  27.3
280120262002  0.580  5.1  161.0  14.1  0.45  22.6  27.3
280120262003  0.578  5.4  162.7  14.1  0.44  14.3  27.3
280120262004  0.575  5.8  166.0  14.1  0.46  19.0  27.3
280120262005  0.572  6.0  167.1  14.1  0.49  12.7  27.3
280120262006  0.569  6.0  168.4  14.1  0.33  16.9  27.3
280120262007  0.567  5.9  171.4  14.1  0.39  11.1  27.3
280120262008  0.565  5.6  173.2  14.1  0.49  14.5  27.3
280120262009  0.561  5.7  175.3  14.1  0.56  19.5  27.3
280120262010  0.558  5.7  173.8  14.1  0.43  22.4  27.3
280120262011  0.555  5.1  169.2  14.1  0.39  29.7  27.3
280120262012  0.552  4.7  166.1  10.3  0.36  19.1  27.3
280120262013  0.548  4.4  165.7  9.1  0.32  21.0  27.3
280120262014  0.546  4.2  161.5  9.1  0.39  19.4  27.3
280120262015  0.543  4.1  164.5  9.2  0.48  17.7  27.3
280120262016  0.540  4.2  165.3  9.2  0.55  20.4  27.3
280120262017  0.538  4.3  161.8  9.2  0.43  17.0  27.3
280120262018  0.534  4.4  159.7  9.2  0.49  21.2  27.3
280120262019  0.530  4.6  156.4  9.2  0.52  17.6  27.4
280120262020  0.527  4.3  157.1  9.2  0.48  23.0  27.3
280120262021  0.524  4.3  158.6  9.2  0.60  20.8  27.4
280120262022  0.521  4.2  157.3  9.2  0.59  20.8  27.4
280120262023  0.518  4.1  156.2  9.2  0.54  22.0  27.3
280120262024  0.515  4.2  156.7  9.2  0.54  18.0  27.3
280120262025  0.512  4.2  154.5  9.2  0.67  20.5  27.3
280120262026  0.509  4.0  155.0  9.2  0.48  28.9  27.3
280120262027  0.506  3.9  155.6  9.2  0.62  24.8  27.3
280120262028  0.504  4.1  158.8  9.3  0.51  20.0  27.4
280120262029  0.502  4.0  163.5  9.3  0.56  22.5  27.3
280120262030  0.499  4.0  164.1  9.3  0.54  28.2  27.3
280120262031  0.497  4.2  164.0  9.6  0.44  15.3  27.3
280120262032  0.495  4.6  165.6  9.6  0.55  20.4  27.4
280120262033  0.491  4.8  163.9  9.6  0.45  24.6  27.4
280120262034  0.488  4.8  163.7  10.7  0.52  23.8  27.4
280120262035  0.486  5.0  167.5  10.7  0.45  30.4  27.4
280120262036  0.486  5.1  167.1  10.7  0.49  26.6  27.4
280120262037  0.483  5.0  168.9  10.7  0.46  19.3  27.4
280120262038  0.481  4.9  166.5  10.7  0.38  29.8  27.4
280120262039  0.478  5.0  162.7  10.7  0.44  25.6  27.4
280120262040  0.475  5.1  162.2  10.7  0.28  21.4  27.4
280120262041  0.471  5.2  161.4  10.7  0.57  17.3  27.4
280120262042  0.470  5.2  160.1  10.7  0.49  15.0  27.4
280120262043  0.466  5.3  163.3  10.7  0.34  23.8  27.4
280120262044  0.464  5.5  164.0  10.0  0.57  25.9  27.4
280120262045  0.462  5.3  161.8  10.0  0.45  16.2  27.4
280120262046  0.460  5.2  160.2  10.0  0.45  18.3  27.4
280120262047  0.456  5.6  159.4  10.0  0.41  26.5  27.4
280120262048  0.455  5.8  160.2  10.9  0.52  19.1  27.4
280120262049  0.453  6.0  161.8  10.9  0.42  25.1  27.4
280120262050  0.452  6.0  160.3  10.9  0.25  33.4  27.4
280120262051  0.451  5.8  159.9  10.9  0.36  20.6  27.4
280120262052  0.447  6.0  158.0  11.2  0.43  22.1  27.4
280120262053  0.444  6.1  155.4  11.2  0.43  15.9  27.4
280120262054  0.441  5.9  154.8  11.2  0.32  29.0  27.4
280120262055  0.438  5.8  152.4  11.2  0.33  21.7  27.4
280120262056  0.437  6.1  153.3  11.2  0.39  23.6  27.4
280120262057  0.436  6.0  153.8  11.2  0.38  22.8  27.4
280120262058  0.434  5.8  152.5  11.2  0.38  31.5  27.4
280120262059  0.431  5.7  151.6  11.2  0.24  24.8  27.4
280120262100  0.428  5.7  152.9  11.2  0.38  20.3  27.4
280120262101  0.426  5.7  155.2  11.2  0.38  21.9  27.4
280120262102  0.424  5.5  157.2  10.5  0.50  14.7  27.4
280120262103  0.423  5.3  160.2  10.5  0.37  16.3  27.4
280120262104  0.421  5.2  161.8  10.5  0.43  34.1  27.4
280120262105  0.420  5.1  165.6  10.5  0.52  24.2  27.4
280120262106  0.418  4.8  165.7  8.1  0.50  13.6  27.5
280120262107  0.416  4.7  170.5  8.1  0.49  17.1  27.5
280120262108  0.416  4.9  172.7  8.7  0.44  13.0  27.5
280120262109  0.413  4.9  173.8  8.7  0.47  15.9  27.5
280120262110  0.412  5.0  171.4  10.1  0.74  10.3  27.5
280120262111  0.410  4.9  167.3  10.1  0.55  19.8  27.5
280120262112  0.408  4.8  171.2  10.1  0.56  18.9  27.5
280120262113  0.406  4.7  169.7  10.1  0.55  13.3  27.5
280120262114  0.405  4.7  167.8  10.1  0.48  6.7  27.5
280120262115  0.405  4.8  166.7  10.1  0.57  6.7  27.5
280120262116  0.404  4.9  171.2  10.1  0.50  10.7  27.5
280120262117  0.402  4.9  170.0  10.1  0.61  8.9  27.5
280120262118  0.403  4.8  172.3  10.1  0.47  12.3  27.5
280120262119  0.401  4.7  172.0  10.1  0.43  0.8  27.5
280120262120  0.401  4.6  171.8  9.5  0.55  3.3  27.5
280120262121  0.399  4.8  174.6  12.0  0.52  10.0  27.5
280120262122  0.398  5.0  171.8  12.0  0.33  5.9  27.5
280120262123  0.397  5.4  174.4  12.0  0.49  8.6  27.5
280120262124  0.396  5.6  177.3  12.0  0.47  0.4  27.5
280120262125  0.395  5.6  176.7  12.0  0.57  6.9  27.5
280120262126  0.394  5.5  172.4  12.0  0.60  13.7  27.5
280120262127  0.394  5.3  170.2  12.0  0.40  12.8  27.5
280120262128  0.395  5.4  168.0  12.0  0.57  13.7  27.5
280120262129  0.395  5.6  169.3  12.0  0.47  2.1  27.5
280120262130  0.394  5.6  172.2  12.0  0.25  11.8  27.5
280120262131  0.394  5.7  173.8  11.3  0.42  352.2  27.5
280120262132  0.393  5.8  174.3  11.7  0.46  359.9  27.5
280120262133  0.392  5.6  172.3  11.7  0.48  1.3  27.5
280120262134  0.392  5.6  171.5  11.7  0.31  8.6  27.5
280120262135  0.393  5.8  173.5  11.7  0.40  3.0  27.5
280120262136  0.392  5.9  177.4  11.7  0.37  1.4  27.5
280120262137  0.393  6.3  178.6  11.7  0.44  6.7  27.5
280120262138  0.393  6.5  181.9  11.7  0.34  6.8  27.6
280120262139  0.392  6.6  183.6  11.7  0.39  10.6  27.5
280120262140  0.393  7.0  186.4  11.7  0.39  4.0  27.5
280120262141  0.393  7.4  187.7  13.4  0.35  3.0  27.6
280120262142  0.391  7.2  186.9  13.4  0.23  21.3  27.6
280120262143  0.392  7.1  186.9  13.4  0.23  351.7  27.6
280120262144  0.391  7.0  187.5  13.4  0.27  354.3  27.6
280120262145  0.390  6.9  187.2  13.4  0.41  352.0  27.6
280120262146  0.389  6.7  186.2  13.4  0.32  3.3  27.6
280120262147  0.389  6.5  185.2  13.4  0.29  2.7  27.6
280120262148  0.388  6.5  183.5  13.4  0.43  10.3  27.6
280120262149  0.388  6.8  182.1  13.4  0.27  13.7  27.6
280120262150  0.388  6.6  180.7  13.4  0.22  355.7  27.6
280120262151  0.386  6.3  179.2  11.4  0.28  338.3  27.6
280120262152  0.385  6.4  181.6  11.4  0.32  344.2  27.6
280120262153  0.385  6.6  183.4  11.4  0.43  352.4  27.6
280120262154  0.385  6.7  184.3  11.4  0.42  356.9  27.6
280120262155  0.383  6.9  183.3  11.4  0.34  358.7  27.6
280120262156  0.384  6.9  182.3  11.4  0.49  8.6  27.6
280120262157  0.382  6.8  183.0  11.4  0.46  1.7  27.6
280120262158  0.382  6.5  183.0  11.4  0.34  354.9  27.6
280120262159  0.381  5.9  183.7  11.4  0.41  0.7  27.6
280120262200  0.381  5.6  181.6  11.4  0.29  346.9  27.6
280120262201  0.380  5.2  181.3  10.9  0.37  351.5  27.6
280120262202  0.380  5.1  180.9  10.9  0.46  356.7  27.6
280120262203  0.380  5.1  177.8  10.9  0.37  4.0  27.6
280120262204  0.380  4.8  177.1  9.5  0.34  359.1  27.6
280120262205  0.381  4.9  178.1  11.6  0.40  358.7  27.6
280120262206  0.380  5.2  178.7  11.6  0.25  350.2  27.6
280120262207  0.380  5.4  177.4  11.6  0.30  345.6  27.6
280120262208  0.379  5.9  177.9  11.6  0.32  357.9  27.6
280120262209  0.378  6.2  178.8  11.6  0.34  357.6  27.6
280120262210  0.378  6.4  180.5  11.6  0.32  354.1  27.6
280120262211  0.378  6.6  180.4  11.6  0.32  348.0  27.6
280120262212  0.378  6.8  181.0  11.6  0.42  358.5  27.6
280120262213  0.379  7.1  181.3  11.6  0.41  347.6  27.6
280120262214  0.379  7.5  181.6  12.1  0.38  357.8  27.6
280120262215  0.378  7.4  181.6  12.1  0.43  359.6  27.6
280120262216  0.377  7.3  180.9  12.1  0.38  10.0  27.6
280120262217  0.376  7.2  180.9  12.1  0.40  11.1  27.6
280120262218  0.375  6.8  180.6  12.1  0.35  4.3  27.6
280120262219  0.376  6.6  179.3  12.1  0.30  359.9  27.6
280120262220  0.376  6.7  179.2  13.3  0.47  353.6  27.6
280120262221  0.376  7.2  182.1  14.4  0.31  352.1  27.6
280120262222  0.378  7.1  181.0  14.4  0.52  6.4  27.6
280120262223  0.378  6.8  181.0  14.4  0.34  358.1  27.6
280120262224  0.378  6.5  180.0  14.4  0.22  355.7  27.6
280120262225  0.378  6.6  181.3  14.4  0.51  353.6  27.6
280120262226  0.378  6.8  182.2  14.4  0.34  344.3  27.6
280120262227  0.380  6.9  181.0  14.4  0.43  3.5  27.6
280120262228  0.381  7.2  181.8  14.4  0.39  355.1  27.6
280120262229  0.381  7.7  184.2  14.4  0.39  351.6  27.6
280120262230  0.381  7.7  185.5  14.4  0.37  0.0  27.6
280120262231  0.383  7.4  184.9  12.5  0.43  6.4  27.6
280120262232  0.382  7.5  187.1  12.5  0.39  355.5  27.6
280120262233  0.383  7.9  188.0  12.5  0.40  352.6  27.6
280120262234  0.384  8.0  187.5  12.5  0.53  3.0  27.6
280120262235  0.384  7.9  187.3  12.5  0.26  354.4  27.6
280120262236  0.384  7.8  188.2  12.5  0.38  355.7  27.6
280120262237  0.384  7.7  190.2  12.5  0.47  3.6  27.6
280120262238  0.384  7.6  188.3  12.5  0.51  0.6  27.6
280120262239  0.384  7.3  184.8  12.0  0.24  352.3  27.6
280120262240  0.384  7.1  182.7  11.4  0.22  349.6  27.6
280120262241  0.384  6.9  180.8  11.4  0.36  356.3  27.6
280120262242  0.385  6.9  179.7  11.4  0.44  6.4  27.6
280120262243  0.386  6.9  179.9  10.9  0.36  354.2  27.6
280120262244  0.387  6.9  182.7  10.9  0.36  0.2  27.6
280120262245  0.388  6.7  183.1  10.9  0.38  0.8  27.6
280120262246  0.389  6.7  180.3  10.9  0.20  343.7  27.6
280120262247  0.388  6.8  180.0  10.9  0.41  0.5  27.6
280120262248  0.388  7.0  181.8  10.9  0.29  0.2  27.6
280120262249  0.388  7.3  184.3  12.2  0.44  3.7  27.6
280120262250  0.388  7.3  182.5  12.2  0.26  357.2  27.6
280120262251  0.390  7.4  183.8  12.2  0.44  0.7  27.6
280120262252  0.391  7.8  185.0  12.9  0.41  1.1  27.6
280120262253  0.392  7.9  183.4  13.4  0.39  4.5  27.6
280120262254  0.394  8.1  182.1  15.0  0.33  17.8  27.6
280120262255  0.396  8.4  180.1  15.0  0.31  13.2  27.6
280120262256  0.396  8.4  181.5  15.0  0.32  10.0  27.6
280120262257  0.398  8.6  182.5  15.0  0.23  16.8  27.6
280120262258  0.401  8.7  182.9  15.0  0.29  3.9  27.6
280120262259  0.405  8.6  183.4  15.0  0.37  354.4  27.6
280120262300  0.408  8.6  186.5  15.0  0.29  358.2  27.6
280120262301  0.411  8.7  187.2  15.0  0.39  0.4  27.6
280120262302  0.412  8.5  186.1  15.0  0.32  359.7  27.6
280120262303  0.416  7.9  184.9  15.0  0.23  357.8  27.6
280120262304  0.420  7.7  184.1  11.6  0.23  352.3  27.6
280120262305  0.422  7.4  185.6  11.6  0.26  343.8  27.6
280120262306  0.428  7.1  184.3  11.6  0.21  349.0  27.6
280120262307  0.431  6.6  181.4  11.6  0.27  348.4  27.6
280120262308  0.435  6.2  177.6  11.6  0.26  4.1  27.6
280120262309  0.436  5.9  170.9  11.5  0.18  353.7  27.6
280120262310  0.438  6.0  166.9  11.5  0.22  345.0  27.6
280120262311  0.441  6.0  160.8  11.5  0.10  12.3  27.6
280120262312  0.444  5.8  155.9  11.5  0.09  331.3  27.7
280120262313  0.447  5.8  157.1  11.5  0.17  352.2  27.6
280120262314  0.450  nan  nan  nan  0.14  345.2  27.6
280120262315  0.453  5.9  155.1  11.5  0.04  290.8  27.6
280120262316  0.456  5.9  159.9  11.5  0.07  176.4  27.7
280120262317  0.460  6.5  165.5  12.9  0.04  3.7  27.7
280120262318  0.463  7.0  168.8  12.9  0.04  282.5  27.7
280120262319  0.467  7.3  174.2  12.9  0.06  165.2  27.7
280120262320  0.472  7.3  176.1  12.9  nan  nan  nan
280120262321  0.476  7.3  178.8  12.9  0.15  197.4  27.7
280120262322  0.479  7.4  182.6  12.9  0.08  223.3  27.7
280120262323  0.482  8.1  185.0  13.1  0.12  222.4  27.7
280120262324  0.486  8.5  186.7  13.1  0.20  194.4  27.7
280120262325  0.487  8.6  188.0  13.1  0.07  217.3  27.7
280120262326  0.492  8.7  187.6  13.1  0.08  234.0  27.7
280120262327  0.494  8.4  187.2  13.1  0.15  202.0  27.7
280120262328  0.499  7.9  186.8  13.1  0.23  211.9  27.7
280120262329  0.501  7.3  185.5  13.1  0.15  203.7  27.6
280120262330  0.504  7.1  185.4  13.1  0.31  200.5  27.6
280120262331  0.506  7.2  186.7  13.1  0.24  206.4  27.6
280120262332  0.507  7.4  185.2  13.1  0.27  210.2  27.6
280120262333  0.510  7.3  183.5  13.1  0.33  188.6  27.6
280120262334  0.511  7.5  181.3  14.7  0.34  188.7  27.6
280120262335  0.514  7.6  180.7  14.7  0.23  200.3  27.6
280120262336  0.517  7.9  179.7  14.7  0.18  205.5  27.6
280120262337  0.520  7.8  179.0  14.7  0.17  204.3  27.6
280120262338  0.523  8.2  180.3  14.7  0.27  209.7  27.5
280120262339  0.524  8.8  181.3  14.7  0.31  199.6  27.5
280120262340  0.525  9.2  181.4  14.7  0.20  203.8  27.5
280120262341  0.526  9.4  181.3  14.7  0.37  191.8  27.5
280120262342  0.528  9.5  182.3  14.7  0.12  193.8  27.5
280120262343  0.531  9.2  183.4  14.7  0.09  199.9  27.5
280120262344  0.533  8.8  185.4  13.0  0.15  193.1  27.5
280120262345  0.536  8.9  186.3  13.1  0.19  212.1  27.5
280120262346  0.537  8.8  185.6  13.5  0.11  174.7  27.4
280120262347  0.539  8.9  185.3  13.5  0.20  192.7  27.4
280120262348  0.541  8.7  185.1  13.5  0.28  175.4  27.4
280120262349  0.543  8.3  185.4  13.5  0.14  181.2  27.4
280120262350  0.545  8.2  184.6  13.5  0.13  193.4  27.4
280120262351  0.546  8.1  184.6  13.5  0.10  181.1  27.4
280120262352  0.548  8.1  185.0  13.5  0.18  186.2  27.4
280120262353  0.551  8.2  184.9  13.5  0.15  207.7  27.4
280120262354  0.554  8.6  184.0  13.5  0.23  174.5  27.4
280120262355  0.558  8.6  183.6  13.5  0.28  189.2  27.4
280120262356  0.561  8.8  184.2  13.2  0.28  187.2  27.4
280120262357  0.564  9.0  184.5  13.2  0.12  199.2  27.4
280120262358  0.569  9.1  184.3  13.2  0.29  180.8  27.4
280120262359  0.571  9.4  184.0  13.2  0.29  187.7  27.4
290120260000  0.574  9.3  185.8  13.2  0.18  177.9  27.4
290120260001  0.576  9.2  184.5  13.2  0.21  187.9  27.4
290120260002  0.580  9.1  183.8  13.2  0.32  191.0  27.4
290120260003  0.583  8.9  182.3  13.2  0.32  185.8  27.4
290120260004  0.586  8.6  180.8  12.9  0.31  191.4  27.3
290120260005  0.590  8.6  179.5  12.9  0.34  184.8  27.3
290120260006  0.593  8.3  180.1  12.9  0.34  185.0  27.3
290120260007  0.596  8.1  181.2  12.9  0.30  187.0  27.3
290120260008  0.597  8.4  181.5  12.9  0.33  185.6  27.3
290120260009  0.599  8.5  182.6  16.1  0.22  184.9  27.3
290120260010  0.602  9.0  181.7  16.1  0.31  190.0  27.3
290120260011  0.604  9.1  182.0  16.1  0.36  190.6  27.3
290120260012  0.606  8.8  181.2  16.1  0.36  193.1  27.3
290120260013  0.611  8.8  183.4  16.1  0.31  196.4  27.3
290120260014  0.614  9.0  185.4  16.1  0.24  187.2  27.2
290120260015  0.619  9.1  186.2  16.1  0.17  185.5  27.2
290120260016  0.624  9.2  185.7  16.1  0.45  187.8  27.2
290120260017  0.629  9.4  184.3  16.1  0.40  175.6  27.2
290120260018  0.633  9.0  185.6  16.1  0.42  194.3  27.2
290120260019  0.637  8.9  186.4  13.6  0.39  176.7  27.2
290120260020  0.641  8.7  187.7  13.6  0.26  185.3  27.2
290120260021  0.644  8.7  189.2  13.6  0.29  189.2  27.2
290120260022  0.649  8.8  190.4  13.6  0.43  184.3  27.2
290120260023  0.653  9.0  190.0  13.6  0.34  175.7  27.2
290120260024  0.656  9.4  188.4  15.0  0.48  187.2  27.2
290120260025  0.660  8.9  187.8  15.0  0.57  187.6  27.2
290120260026  0.664  8.7  188.1  15.0  0.37  182.8  27.2
290120260027  0.668  8.4  188.2  15.0  0.50  176.1  27.2
290120260028  0.673  8.7  186.9  15.0  0.46  171.4  27.2
290120260029  0.676  8.4  185.2  15.0  0.55  174.3  27.2
290120260030  0.680  8.0  181.6  15.0  0.37  176.7  27.2
290120260031  0.685  7.7  181.0  15.0  0.59  176.4  27.2
290120260032  0.689  7.7  180.8  15.0  0.48  180.8  27.2
290120260033  0.694  7.6  181.3  15.0  0.40  181.4  27.2
290120260034  0.699  7.1  181.1  11.1  0.64  179.7  27.2
290120260035  0.704  6.9  182.1  11.1  0.47  174.5  27.2
290120260036  0.710  6.7  181.8  11.1  0.44  172.7  27.2
290120260037  0.715  6.7  182.2  11.1  0.37  171.1  27.2
290120260038  0.721  6.5  181.1  10.8  0.44  184.9  27.2
290120260039  0.724  6.5  180.2  11.2  0.68  177.4  27.2
290120260040  0.728  6.9  184.3  13.1  0.76  175.9  27.2
290120260041  0.733  7.4  183.4  13.1  0.61  176.9  27.2
290120260042  0.737  7.5  182.3  13.1  0.64  173.4  27.2
290120260043  0.741  7.3  181.3  13.1  0.58  175.5  27.2
290120260044  0.746  7.2  182.5  13.1  0.51  165.9  27.2
290120260045  0.751  7.4  182.1  13.1  0.54  171.0  27.2
290120260046  0.755  7.6  183.2  13.1  0.62  173.5  27.2
290120260047  0.759  7.8  183.5  13.1  0.44  167.2  27.2
290120260048  0.762  8.1  185.6  13.1  0.30  187.0  27.2
290120260049  0.766  8.5  186.6  13.3  0.18  198.8  27.2
290120260050  0.770  8.4  185.5  13.3  0.33  185.2  27.2
290120260051  0.776  8.2  187.0  13.3  0.43  189.0  27.2
290120260052  0.782  8.3  187.8  13.3  0.45  190.0  27.2
290120260053  0.788  8.3  187.8  13.3  0.31  196.6  27.2
290120260054  0.792  8.3  187.1  13.3  0.34  193.6  27.2
290120260055  0.796  8.1  187.9  13.3  0.46  201.8  27.2
290120260056  0.800  8.1  187.4  13.3  0.31  202.9  27.2
290120260057  0.804  8.1  187.0  13.3  0.44  203.4  27.2
290120260058  0.808  7.6  184.5  13.3  0.26  208.4  27.2
290120260059  0.811  7.2  185.0  11.9  0.41  188.4  27.2
290120260100  0.814  6.9  185.2  11.9  0.38  190.3  27.2
290120260101  0.816  7.1  182.6  14.7  0.37  189.1  27.2
290120260102  0.819  7.1  180.2  14.7  0.32  198.1  27.2
290120260103  0.821  7.2  176.7  14.7  0.33  192.4  27.2
290120260104  0.824  6.9  178.3  14.7  0.36  192.8  27.2
290120260105  0.828  7.1  179.9  14.7  0.34  196.6  27.2
290120260106  0.829  7.1  179.9  14.7  0.38  202.3  27.2
290120260107  0.833  6.8  182.3  14.7  0.47  193.3  27.2
290120260108  0.836  7.2  185.2  14.7  0.42  201.6  27.2
290120260109  0.840  7.7  187.1  15.5  0.35  192.9  27.2
290120260110  0.844  7.9  185.1  17.8  0.40  192.5  27.2
290120260111  0.848  7.7  188.8  17.8  0.34  182.4  27.2
290120260112  0.852  8.0  192.8  17.8  0.45  194.5  27.2
290120260113  0.857  8.4  196.7  17.8  0.35  194.8  27.2
290120260114  0.861  8.9  196.0  17.8  0.31  180.2  27.2
290120260115  0.865  9.2  195.9  17.8  0.35  191.6  27.2
290120260116  0.870  9.5  196.9  17.8  0.43  187.9  27.2
290120260117  0.874  9.8  196.7  17.8  0.30  214.9  27.2
290120260118  0.877  10.1  196.5  17.8  0.40  213.9  27.2
290120260119  0.880  10.0  195.9  17.8  0.44  202.3  27.1
290120260120  0.884  10.3  197.2  13.0  0.46  187.8  27.1
290120260121  0.888  10.5  195.5  13.0  0.60  185.9  27.1
290120260122  0.891  10.4  193.7  13.7  0.58  182.4  27.1
290120260123  0.897  10.4  193.6  13.7  0.53  182.4  27.1
290120260124  0.901  10.5  194.5  13.7  0.69  182.3  27.1
290120260125  0.907  10.5  194.8  13.7  0.71  177.2  27.1
290120260126  0.913  10.4  194.0  13.7  0.70  179.3  27.1
290120260127  0.918  10.3  193.7  13.7  0.64  182.4  27.1
290120260128  0.924  10.0  193.4  13.7  0.81  178.8  27.1
290120260129  0.929  9.8  193.1  13.7  0.77  179.1  27.1
290120260130  0.935  9.7  194.7  13.7  0.78  173.7  27.1
290120260131  0.941  9.8  195.5  13.7  0.78  179.1  27.1
290120260132  0.946  9.7  196.5  13.1  0.77  181.6  27.1
290120260133  0.952  9.6  197.2  13.1  0.76  180.7  27.1
290120260134  0.958  9.4  196.5  12.5  0.71  182.0  27.1
290120260135  0.964  9.3  195.7  12.5  0.87  180.7  27.1
290120260136  0.969  9.4  195.4  12.9  0.83  181.2  27.1
290120260137  0.974  9.5  195.2  14.0  0.86  178.9  27.1
290120260138  0.979  9.9  196.3  14.0  0.80  182.0  27.1
290120260139  0.983  10.1  196.9  14.0  0.88  180.7  27.1
290120260140  0.989  10.0  195.4  14.0  0.86  183.5  27.1
290120260141  0.992  9.7  194.2  14.0  0.72  179.5  27.1
290120260142  0.996  9.7  193.6  14.0  0.68  187.9  27.1
290120260143  1.000  9.8  192.8  14.0  0.74  188.5  27.1
290120260144  1.004  9.8  192.6  14.0  0.75  186.4  27.1
290120260145  1.010  9.8  192.1  14.0  0.71  190.9  27.1
290120260146  1.013  9.7  192.3  14.0  0.57  191.2  27.1
290120260147  1.019  9.5  192.2  13.3  0.66  186.3  27.0
290120260148  1.024  9.5  190.8  13.1  0.69  181.8  27.0
290120260149  1.028  9.2  190.2  13.1  0.71  181.5  27.0
290120260150  1.033  9.5  191.4  14.7  0.73  179.1  27.0
290120260151  1.037  9.8  192.0  14.7  0.68  179.0  27.0
290120260152  1.042  9.9  191.3  14.7  0.72  178.6  27.0
290120260153  1.047  10.0  191.2  14.7  0.63  180.6  27.0
290120260154  1.052  10.1  191.5  14.7  0.72  180.9  27.0
290120260155  1.055  10.4  191.3  14.7  0.80  184.4  27.0
290120260156  1.061  10.3  191.3  14.7  0.73  181.9  27.0
290120260157  1.067  10.3  190.9  14.7  0.81  181.9  27.0
290120260158  1.073  10.2  191.2  14.7  0.83  178.3  27.0
290120260159  1.078  10.2  190.4  14.7  0.92  182.6  27.0
290120260200  1.083  10.0  190.1  13.6  0.68  181.4  27.1
290120260201  1.089  9.7  190.5  13.6  0.72  184.1  27.1
290120260202  1.094  9.7  192.4  13.6  0.74  184.5  27.1
290120260203  1.100  9.6  191.6  13.6  0.75  180.9  27.1
290120260204  1.107  9.3  191.2  13.6  0.67  188.0  27.1
290120260205  1.114  9.0  192.8  12.6  0.70  177.7  27.1
290120260206  1.119  9.2  193.6  12.8  0.66  183.9  27.1
290120260207  1.125  9.3  193.9  12.8  0.87  183.3  27.0
290120260208  1.131  9.3  193.9  13.4  0.71  184.7  27.0
290120260209  1.136  9.5  195.7  13.4  0.76  185.0  27.0
290120260210  1.142  9.4  196.2  13.4  0.67  185.3  27.0
290120260211  1.147  9.3  196.2  13.4  0.80  186.1  27.0
290120260212  1.152  9.0  195.3  13.4  0.78  182.8  27.0
290120260213  1.156  9.2  196.6  13.4  0.65  180.0  27.0
290120260214  1.162  9.6  197.5  13.4  0.72  187.8  27.0
290120260215  1.167  9.7  197.0  13.4  0.78  181.8  27.0
290120260216  1.170  9.4  196.4  13.4  0.79  181.4  27.0
290120260217  1.175  9.3  196.3  13.4  0.63  180.2  27.0
290120260218  1.177  9.1  195.6  12.6  0.74  177.9  26.9
290120260219  1.182  8.9  194.4  12.2  0.69  182.0  26.9
290120260220  1.187  8.9  194.9  12.2  0.75  182.0  26.9
290120260221  1.191  9.2  195.1  12.8  0.66  179.3  26.9
290120260222  1.196  9.4  195.2  13.0  0.71  172.4  26.9
290120260223  1.200  9.2  195.1  13.0  0.65  175.4  26.9
290120260224  1.203  9.1  194.1  13.0  0.76  175.0  26.9
290120260225  1.207  9.2  193.7  13.0  0.78  177.8  26.9
290120260226  1.212  9.3  192.7  13.0  0.82  177.3  26.8
290120260227  1.217  9.7  192.5  14.7  0.82  180.2  26.8
290120260228  1.221  10.1  194.3  14.7  0.74  177.8  26.8
290120260229  1.225  10.5  193.1  15.5  0.70  170.4  26.8
290120260230  1.230  10.5  191.5  15.5  0.63  176.5  26.8
290120260231  1.234  10.3  190.5  15.5  0.63  173.8  26.8
290120260232  1.238  10.3  189.4  15.5  0.69  179.8  26.8
290120260233  1.243  10.2  189.1  15.5  0.67  180.0  26.8
290120260234  1.247  10.2  188.1  15.5  0.71  179.4  26.8
290120260235  1.250  10.0  187.7  15.5  0.66  183.1  26.8
290120260236  1.253  10.1  188.8  15.5  0.69  178.2  26.8
290120260237  1.256  10.0  188.6  15.5  0.68  179.7  26.8
290120260238  1.259  10.0  186.5  15.5  0.66  179.6  26.8
290120260239  1.264  9.5  187.2  14.0  0.66  179.0  26.8
290120260240  1.266  9.7  188.5  14.0  0.62  181.2  26.8
290120260241  1.269  10.0  189.3  14.0  0.60  176.0  26.8
290120260242  1.272  9.9  190.1  14.0  0.72  182.0  26.8
290120260243  1.276  9.9  190.6  14.0  0.66  177.8  26.8
290120260244  1.278  9.9  190.2  14.0  0.66  178.4  26.8
290120260245  1.282  10.2  188.7  14.4  0.70  182.2  26.8
290120260246  1.283  10.4  187.3  14.4  0.63  177.8  26.8
290120260247  1.287  10.0  186.3  14.4  0.71  173.7  26.8
290120260248  1.291  9.8  186.5  14.4  0.77  174.9  26.8
290120260249  1.294  9.7  186.4  14.4  0.73  173.9  26.8
290120260250  1.297  9.5  184.2  14.4  0.60  175.3  26.8
290120260251  1.301  9.5  181.1  14.5  0.79  177.2  26.8
290120260252  1.304  9.4  180.5  14.5  0.66  171.2  26.7
290120260253  1.307  9.4  179.4  14.5  0.68  172.8  26.7
290120260254  1.310  9.3  179.5  14.5  0.73  173.7  26.7
290120260255  1.313  8.7  180.2  14.5  0.68  176.5  26.7
290120260256  1.315  8.1  180.8  14.5  0.60  172.1  26.7
290120260257  1.318  7.9  182.6  14.5  0.60  174.3  26.7
290120260258  1.324  7.7  182.4  14.5  0.82  179.1  26.7
290120260259  1.330  7.6  181.8  14.5  0.77  174.9  26.7
290120260300  1.334  7.7  183.0  14.5  0.78  174.9  26.7
290120260301  1.339  7.5  185.5  12.8  0.78  177.4  26.7
290120260302  1.342  7.9  185.9  13.6  0.84  178.1  26.7
290120260303  1.346  7.7  186.8  13.6  0.85  172.5  26.7
290120260304  1.351  7.6  187.6  13.6  0.83  179.8  26.6
290120260305  1.355  7.7  188.2  13.6  0.76  175.9  26.6
290120260306  1.361  7.8  187.4  13.6  0.81  172.4  26.6
290120260307  1.365  7.7  185.0  13.6  0.79  172.2  26.6
290120260308  1.370  7.7  183.8  13.6  0.92  174.3  26.6
290120260309  1.374  7.5  182.8  13.6  0.73  172.3  26.6
290120260310  1.380  7.4  183.5  13.6  0.77  175.2  26.6
290120260311  1.384  7.1  181.3  13.6  0.75  177.1  26.6
290120260312  1.388  6.3  179.5  11.9  0.77  174.3  26.6
290120260313  1.394  6.1  178.4  11.9  0.71  174.4  26.6
290120260314  1.398  6.1  177.2  11.9  0.85  181.3  26.6
290120260315  1.403  6.2  176.1  11.3  0.66  174.4  26.6
290120260316  1.408  6.4  176.1  11.3  0.69  180.5  26.6
290120260317  1.412  6.7  179.1  14.7  0.71  172.2  26.6
290120260318  1.416  7.0  182.0  14.7  0.79  177.0  26.6
290120260319  1.420  7.2  183.6  14.7  0.77  177.5  26.6
290120260320  1.425  7.2  183.8  14.7  0.81  178.3  26.6
290120260321  1.427  7.3  186.3  14.7  0.77  175.8  26.6
290120260322  1.432  7.8  187.7  14.7  0.81  180.5  26.6
290120260323  1.435  8.0  186.6  14.7  0.82  182.4  26.6
290120260324  1.440  8.0  187.8  14.7  0.68  180.9  26.6
290120260325  1.445  8.1  188.6  14.7  0.82  183.1  26.6
290120260326  1.449  7.9  189.4  14.7  0.72  180.5  26.6
290120260327  1.454  7.7  189.8  11.4  0.78  179.4  26.6
290120260328  1.457  7.4  189.4  11.4  0.62  177.1  26.6
290120260329  1.461  7.7  190.1  11.9  0.71  182.7  26.6
290120260330  1.466  7.9  190.1  12.2  0.71  183.1  26.6
290120260331  1.471  8.0  190.9  12.2  0.87  179.7  26.6
290120260332  1.475  8.0  191.0  12.2  0.85  180.5  26.6
290120260333  1.477  8.1  191.8  12.2  0.86  180.9  26.6
290120260334  1.480  8.3  191.4  13.2  0.85  180.9  26.6
290120260335  1.482  8.2  191.0  13.2  0.78  180.0  26.6
290120260336  1.486  8.3  191.8  13.2  0.94  184.2  26.6
290120260337  1.489  8.2  191.3  13.2  0.66  177.3  26.5
290120260338  1.492  8.6  191.9  13.2  0.81  180.0  26.5
290120260339  1.496  8.6  191.4  13.5  0.79  179.2  26.5
290120260340  1.499  8.5  190.8  13.5  0.67  179.1  26.5
290120260341  1.502  8.5  190.4  13.5  0.73  176.8  26.5
290120260342  1.505  8.3  190.4  13.5  0.66  182.5  26.5
290120260343  1.508  8.2  191.4  13.5  0.57  175.9  26.5
290120260344  1.511  8.0  191.8  13.5  0.56  176.6  26.5
290120260345  1.514  8.1  193.5  13.5  0.62  176.1  26.5
290120260346  1.516  8.5  194.3  13.5  0.67  179.7  26.5
290120260347  1.520  8.7  193.8  13.5  0.76  176.8  26.5
290120260348  1.522  8.4  193.0  13.5  0.69  176.9  26.5
290120260349  1.526  7.8  192.1  13.3  0.84  177.6  26.5
290120260350  1.530  7.6  191.9  13.3  0.67  174.1  26.4
290120260351  1.532  7.6  192.5  13.3  0.77  180.5  26.4
290120260352  1.536  7.8  191.6  13.3  0.69  179.4  26.4
290120260353  1.539  7.4  190.6  13.3  0.77  178.3  26.4
290120260354  1.541  7.4  190.4  13.3  0.64  175.5  26.4
290120260355  1.545  6.8  187.3  13.3  0.64  181.2  26.4
290120260356  1.549  6.7  184.8  13.3  0.72  173.8  26.4
290120260357  1.553  6.2  185.4  10.8  0.72  180.8  26.4
290120260358  1.557  6.2  184.3  10.8  0.62  183.4  26.4
290120260359  1.559  6.6  185.9  10.8  0.69  180.3  26.4
290120260400  1.562  6.7  186.6  10.8  0.77  182.2  26.4
290120260401  1.565  6.5  185.3  10.8  0.74  180.9  26.4
290120260402  1.567  6.3  183.4  10.8  0.74  181.6  26.4
290120260403  1.569  6.3  181.9  10.8  0.78  180.3  26.4
290120260404  1.570  5.9  181.0  10.8  0.81  178.5  26.4
290120260405  1.572  6.1  182.1  10.8  0.70  173.3  26.4
290120260406  1.575  5.8  181.4  10.1  0.67  172.5  26.4
290120260407  1.576  5.8  179.1  10.1  0.73  177.3  26.4
290120260408  1.577  5.7  181.8  10.1  0.71  173.9  26.4
290120260409  1.579  5.4  181.4  9.3  0.75  176.8  26.4
290120260410  1.579  5.2  180.8  8.3  0.68  177.9  26.4
290120260411  1.579  5.4  181.2  8.3  0.81  176.2  26.4
290120260412  1.579  5.7  183.2  8.5  0.70  174.0  26.3
290120260413  1.580  5.7  183.6  8.5  0.82  177.4  26.3
290120260414  1.579  5.8  181.1  8.5  0.58  172.4  26.3
290120260415  1.581  5.8  182.0  8.5  0.69  179.1  26.3
290120260416  1.580  5.9  183.6  9.3  0.74  175.6  26.3
290120260417  1.581  6.5  186.1  17.6  0.63  177.0  26.3
290120260418  1.583  6.5  182.0  17.6  0.60  166.1  26.3
290120260419  1.585  6.4  180.6  17.6  0.74  173.7  26.3
290120260420  1.586  6.4  179.3  17.6  0.61  173.2  26.3
290120260421  1.588  6.2  178.7  17.6  0.67  174.8  26.2
290120260422  1.589  6.1  177.0  17.6  0.62  173.2  26.2
290120260423  1.590  6.2  177.3  17.6  0.55  175.7  26.2
290120260424  1.593  6.4  180.1  17.6  0.70  178.7  26.2
290120260425  1.596  6.4  180.1  17.6  0.58  173.2  26.2
290120260426  1.599  6.4  177.5  17.6  0.66  177.0  26.2
290120260427  1.602  5.8  173.9  12.3  0.59  174.1  26.2
290120260428  1.605  5.9  173.3  12.3  0.76  175.0  26.2
290120260429  1.608  6.2  171.5  12.3  0.69  171.6  26.2
290120260430  1.612  6.3  172.7  12.3  0.73  173.9  26.2
290120260431  1.616  6.5  173.2  12.3  0.69  174.5  26.2
290120260432  1.617  6.8  174.8  12.3  0.66  171.3  26.2
290120260433  1.621  7.1  176.1  12.3  0.70  171.3  26.1
290120260434  1.625  7.0  175.9  11.7  0.68  166.2  26.1
290120260435  1.626  7.3  174.8  11.7  0.74  172.3  26.1
290120260436  1.628  7.3  177.8  11.7  0.71  170.6  26.1
290120260437  1.631  7.8  179.6  14.2  0.62  170.5  26.1
290120260438  1.633  7.8  183.2  14.2  0.72  173.8  26.1
290120260439  1.636  7.9  186.8  14.2  0.68  174.8  26.1
290120260440  1.637  7.9  188.7  14.2  0.73  172.4  26.1
290120260441  1.638  7.7  190.7  14.2  0.64  169.9  26.1
290120260442  1.639  7.6  191.9  14.2  0.78  173.0  26.1
290120260443  1.640  7.3  192.2  14.2  0.54  171.4  26.1
290120260444  1.641  7.2  193.5  14.2  0.58  173.6  26.1
290120260445  1.641  7.3  197.0  14.2  0.71  174.7  26.1
290120260446  1.641  7.3  197.2  14.2  0.69  171.9  26.1
290120260447  1.642  7.0  198.8  10.5  0.60  171.8  26.1
290120260448  1.643  6.7  198.8  10.5  0.67  175.2  26.1
290120260449  1.642  6.5  198.1  9.4  0.62  173.3  26.1
290120260450  1.642  6.4  197.3  9.4  0.46  171.3  26.1
290120260451  1.642  6.6  195.6  9.4  0.55  173.4  26.1
290120260452  1.641  6.6  195.8  9.4  0.54  174.3  26.1
290120260453  1.641  6.6  197.0  9.4  0.72  180.2  26.1
290120260454  1.641  6.7  198.3  9.4  0.65  174.5  26.1
290120260455  1.641  6.6  197.5  9.4  0.55  180.2  26.1
290120260456  1.641  6.7  198.1  9.4  0.50  182.6  26.1
290120260457  1.640  6.8  199.0  9.4  0.37  176.8  26.1
290120260458  1.641  6.8  198.6  9.4  0.48  182.4  26.1
290120260459  1.641  6.7  198.7  9.4  0.51  185.6  26.1
290120260500  1.641  6.7  198.8  9.4  0.53  177.3  26.1
290120260501  1.642  6.6  198.3  9.4  0.49  177.8  26.1
290120260502  1.642  6.5  198.0  9.4  0.48  181.4  26.1
290120260503  1.643  6.7  199.5  12.1  0.44  178.7  26.1
290120260504  1.644  6.9  197.9  12.7  0.50  175.5  26.1
290120260505  1.644  6.9  195.5  12.7  0.55  184.7  26.1
290120260506  1.644  6.8  194.0  12.7  0.57  186.5  26.1
290120260507  1.645  6.8  192.9  12.7  0.57  180.6  26.1
290120260508  1.645  7.0  191.2  12.7  0.53  180.3  26.1
290120260509  1.644  7.1  191.9  12.7  0.47  181.5  26.1
290120260510  1.643  7.1  191.5  12.7  0.36  174.9  26.1
290120260511  1.643  7.1  191.4  12.7  0.51  180.8  26.1
290120260512  1.643  7.3  191.8  12.7  0.46  178.3  26.1
290120260513  1.642  7.3  191.1  13.0  0.45  178.6  26.1
290120260514  1.642  7.3  189.4  13.4  0.45  186.3  26.1
290120260515  1.641  7.3  190.9  13.4  0.36  175.7  26.1
290120260516  1.641  7.7  191.8  13.4  0.37  177.3  26.1
290120260517  1.640  7.6  192.4  13.4  0.33  168.7  26.1
290120260518  1.639  7.5  196.0  13.4  0.35  176.1  26.1
290120260519  1.638  7.5  195.7  13.4  0.37  188.8  26.1
290120260520  1.637  7.7  196.2  13.4  0.42  186.8  26.1
290120260521  1.636  7.7  197.5  13.4  0.43  183.1  26.1
290120260522  1.635  7.7  198.2  13.4  0.32  177.7  26.1
290120260523  1.634  7.5  196.2  13.4  0.47  181.3  26.1
290120260524  1.633  7.2  197.7  12.0  0.46  186.6  26.1
290120260525  1.632  7.1  197.2  12.0  0.40  176.2  26.1
290120260526  1.632  6.6  194.3  9.2  0.39  174.2  26.1
290120260527  1.631  6.2  192.3  9.2  0.45  189.0  26.1
290120260528  1.631  5.6  189.7  9.2  0.37  181.8  26.1
290120260529  1.631  5.4  188.2  9.2  0.37  180.1  26.1
290120260530  1.632  5.0  186.1  8.4  0.39  180.8  26.1
290120260531  1.632  4.5  183.9  8.4  0.26  172.9  26.1
290120260532  1.631  4.2  180.3  8.4  0.29  173.5  26.1
290120260533  1.631  4.0  181.2  7.6  0.33  189.3  26.0
290120260534  1.630  3.6  183.9  7.4  0.30  172.0  26.0
290120260535  1.632  3.2  185.6  6.4  0.43  175.4  26.0
290120260536  1.632  3.3  190.3  8.5  0.39  174.9  26.0
290120260537  1.632  3.5  188.8  8.5  0.41  176.3  26.0
290120260538  1.632  3.6  187.5  8.5  0.36  174.1  26.0
290120260539  1.631  3.5  189.4  8.5  0.42  174.2  26.0
290120260540  1.631  3.7  191.3  10.0  0.44  179.4  26.0
290120260541  1.630  4.1  189.4  10.1  0.27  194.1  26.0
290120260542  1.631  4.2  185.7  10.1  0.36  174.7  26.0
290120260543  1.628  4.2  180.9  10.1  0.38  176.4  26.0
290120260544  1.627  4.4  177.3  10.1  0.32  175.5  26.0
290120260545  1.627  4.7  176.3  10.1  0.36  169.6  26.0
290120260546  1.625  5.2  176.3  14.0  0.31  180.5  26.0
290120260547  1.624  5.1  172.2  14.0  0.28  183.6  26.0
290120260548  1.621  5.0  172.1  14.0  0.25  176.6  26.0
290120260549  1.620  5.4  173.1  14.0  0.44  179.8  26.0
290120260550  1.619  5.4  172.9  14.0  0.31  169.8  26.0
290120260551  1.617  5.8  174.1  14.0  0.43  185.0  26.0
290120260552  1.615  6.0  177.9  14.0  0.33  184.3  26.0
290120260553  1.613  6.0  180.6  14.0  0.34  175.5  26.0
290120260554  1.611  6.1  180.3  14.0  0.32  175.5  26.0
290120260555  1.608  5.9  180.0  14.0  0.35  181.6  26.0
290120260556  1.606  5.4  179.2  13.3  0.34  182.9  26.0
290120260557  1.604  5.3  182.6  13.3  0.26  187.5  26.0
290120260558  1.604  5.4  183.8  13.3  0.30  194.4  26.0
290120260559  1.602  5.3  183.1  13.3  0.26  193.0  26.0
290120260600  1.601  5.3  183.8  13.3  0.41  173.1  26.0
290120260601  1.601  4.8  185.4  8.8  0.26  172.9  26.0
290120260602  1.597  4.8  187.2  9.8  0.37  172.1  26.0
290120260603  1.597  5.1  188.6  10.2  0.29  181.9  26.0
290120260604  1.598  5.2  190.3  10.2  0.22  180.0  26.0
290120260605  1.596  5.6  191.1  10.2  0.29  178.2  26.0
290120260606  1.594  5.9  191.8  10.2  0.35  177.3  26.0
290120260607  1.592  6.4  193.3  10.2  0.21  165.1  26.0
290120260608  1.589  6.9  195.0  11.1  0.30  166.8  26.0
290120260609  1.587  7.2  195.4  11.1  0.25  164.8  26.0
290120260610  1.585  7.4  195.7  11.1  0.17  140.3  26.0
290120260611  1.582  7.8  196.5  11.1  0.18  163.7  26.0
290120260612  1.579  7.8  195.8  11.1  0.39  180.5  25.9
290120260613  1.578  7.9  195.8  11.1  0.39  171.1  25.9
290120260614  1.574  7.9  196.1  11.1  0.29  170.2  25.9
290120260615  1.572  8.0  196.7  11.1  0.30  168.3  25.9
290120260616  1.569  7.9  197.8  11.1  0.27  157.8  25.9
290120260617  1.567  8.0  197.5  11.1  0.35  172.5  25.9
290120260618  1.563  7.7  196.6  10.8  0.26  168.2  25.9
290120260619  1.560  7.6  197.5  10.8  0.20  183.7  25.9
290120260620  1.558  7.7  197.6  10.8  0.19  172.3  25.9
290120260621  1.556  7.5  196.5  10.8  0.26  185.2  25.9
290120260622  1.554  7.6  198.5  10.9  0.24  178.1  25.9
290120260623  1.552  7.7  198.9  10.9  0.13  159.6  25.9
290120260624  1.551  7.7  198.7  10.9  0.05  145.0  25.9
290120260625  1.548  7.8  199.4  12.4  0.17  181.0  25.9
290120260626  1.546  8.1  199.4  12.4  0.16  175.6  25.9
290120260627  1.545  8.0  200.6  12.4  0.08  170.6  25.9
290120260628  1.542  8.3  200.2  12.4  0.15  159.8  25.8
290120260629  1.540  8.3  199.5  12.4  0.14  177.5  25.8
290120260630  1.537  8.4  198.7  12.4  0.15  165.1  25.8
290120260631  1.534  8.2  198.8  12.4  0.13  177.8  25.8
290120260632  1.532  8.2  198.0  12.4  0.07  206.4  25.8
290120260633  1.529  8.2  198.0  12.4  0.07  154.1  25.8
290120260634  1.525  8.5  198.2  12.4  0.11  172.8  25.8
290120260635  1.520  8.5  197.7  11.2  0.13  171.0  25.8
290120260636  1.516  8.5  197.9  11.3  0.06  160.0  25.8
290120260637  1.512  8.5  196.5  11.3  0.07  103.3  25.8
290120260638  1.508  8.5  196.8  11.3  0.10  168.4  25.8
290120260639  1.505  8.6  196.6  11.3  0.12  144.3  25.8
290120260640  1.500  8.9  196.6  12.2  0.07  64.5  25.8
290120260641  1.497  9.3  197.1  12.2  0.13  115.1  25.8
290120260642  1.492  9.7  197.4  13.7  0.07  163.4  25.8
290120260643  1.486  9.9  197.2  14.4  0.06  182.6  25.8
290120260644  1.482  9.8  196.5  14.4  0.10  349.2  25.8
290120260645  1.476  9.5  195.3  14.4  0.04  127.8  25.8
290120260646  1.472  9.6  194.7  14.4  0.11  157.8  25.8
290120260647  1.467  9.7  194.9  14.4  0.06  52.5  25.8
290120260648  1.462  9.8  195.0  14.4  0.07  50.8  25.8
290120260649  1.457  9.7  195.0  14.4  0.04  61.3  25.8
290120260650  1.454  9.6  195.0  14.4  0.04  302.8  25.8
290120260651  1.450  9.4  194.0  14.4  0.09  354.4  25.9
290120260652  1.447  8.9  192.9  14.4  0.12  341.8  25.9
290120260653  1.443  8.3  191.6  12.1  0.18  350.6  25.8
290120260654  1.440  8.3  191.2  12.1  0.10  358.7  25.8
290120260655  1.437  8.4  191.4  12.1  0.05  350.9  25.8
290120260656  1.434  8.1  190.6  12.1  0.11  357.2  25.9
290120260657  1.433  8.1  190.1  12.5  0.05  0.5  25.9
290120260658  1.428  7.8  188.8  12.5  0.05  328.0  25.9
290120260659  1.424  7.9  188.9  12.5  0.06  15.2  25.9
290120260700  1.422  7.9  189.2  12.7  0.13  329.4  25.9
290120260701  1.418  8.1  190.6  12.7  0.02  253.4  25.9
290120260702  1.417  8.2  190.2  12.7  0.12  2.8  25.9
290120260703  1.413  8.6  191.1  12.7  0.16  350.3  25.9
290120260704  1.410  8.8  192.7  12.7  0.11  358.3  25.9
290120260705  1.406  9.1  193.9  12.7  0.12  343.0  25.9
290120260706  1.405  9.4  195.1  12.7  0.05  350.9  25.9
290120260707  1.401  9.4  195.6  12.7  0.08  349.3  25.9
290120260708  1.397  9.7  196.7  12.7  0.11  12.0  25.9
290120260709  1.394  9.7  196.0  12.7  0.11  14.9  25.9
290120260710  1.391  9.6  196.1  12.3  0.06  25.9  25.9
290120260711  1.387  9.6  195.0  12.3  0.13  20.5  25.9
290120260712  1.385  9.9  195.2  13.5  0.08  349.3  25.9
290120260713  1.383  10.0  194.7  13.5  0.15  0.2  25.9
290120260714  1.380  10.0  192.4  13.5  0.16  3.0  25.8
290120260715  1.377  9.9  190.7  13.5  0.09  10.0  25.8
290120260716  1.373  10.0  190.0  15.3  0.04  332.6  25.8
290120260717  1.369  10.3  189.4  15.3  0.17  341.4  25.8
290120260718  1.365  10.5  187.0  17.6  0.13  356.2  25.8
290120260719  1.361  10.5  185.8  17.6  0.32  359.3  25.8
290120260720  1.356  10.6  185.3  17.6  0.22  5.4  25.9
290120260721  1.353  10.5  186.2  17.6  0.29  352.9  25.9
290120260722  1.347  10.4  186.1  17.6  0.30  3.4  25.9
290120260723  1.343  10.4  186.9  17.6  0.35  1.7  25.9
290120260724  1.339  10.4  188.4  17.6  0.41  1.5  25.9
290120260725  1.333  10.7  189.4  17.6  0.31  7.1  25.9
290120260726  1.328  10.8  189.2  17.6  0.42  2.5  25.9
290120260727  1.325  10.8  190.0  17.6  0.47  7.1  25.9
290120260728  1.321  10.5  190.5  16.1  0.42  3.1  25.9
290120260729  1.317  10.7  192.9  18.1  0.48  4.9  25.9
290120260730  1.314  11.2  194.3  18.1  0.57  5.3  25.9
290120260731  1.312  11.4  193.3  18.1  0.45  358.4  25.9
290120260732  1.310  11.6  193.3  18.1  0.49  0.2  25.9
290120260733  1.306  11.5  192.6  18.1  0.39  5.7  25.9
290120260734  1.303  11.4  191.8  18.1  0.44  9.0  25.9
290120260735  1.300  11.6  191.9  18.1  0.54  3.0  25.9
290120260736  1.295  11.8  191.6  18.1  0.56  6.0  25.9
290120260737  1.292  11.7  192.5  18.1  0.52  4.6  25.9
290120260738  1.288  12.3  194.0  18.1  0.51  6.3  25.9
290120260739  1.286  12.6  194.5  18.9  0.56  6.2  25.9
290120260740  1.282  12.5  194.2  18.9  0.59  2.0  25.9
290120260741  1.279  12.5  194.0  18.9  0.55  10.8  25.9
290120260742  1.275  12.5  193.9  18.9  0.60  4.4  25.9
290120260743  1.271  12.8  194.5  18.9  0.58  5.0  25.9
290120260744  1.268  13.1  194.9  19.0  0.66  9.5  25.9
290120260745  1.264  12.9  193.9  19.0  0.61  8.0  25.9
290120260746  1.261  12.7  193.7  19.0  0.52  5.9  25.9
290120260747  1.256  12.7  191.5  19.0  0.55  11.6  25.9
290120260748  1.252  12.3  189.8  19.0  0.72  13.7  25.9
290120260749  1.248  11.9  187.4  19.0  0.69  17.5  25.9
290120260750  1.245  11.9  187.0  19.0  0.73  20.6  25.9
290120260751  1.241  11.7  187.1  19.0  0.61  20.6  25.9
290120260752  1.237  11.5  185.7  19.0  0.70  14.3  25.9
290120260753  1.232  11.3  184.4  19.0  0.65  11.2  25.9
290120260754  1.228  11.1  184.5  15.8  0.72  15.5  25.9
290120260755  1.223  11.1  185.8  15.8  0.76  13.8  25.9
290120260756  1.219  10.7  185.0  15.8  0.64  14.7  25.9
290120260757  1.214  10.2  185.5  15.0  0.81  12.5  25.9
290120260758  1.207  10.2  187.4  15.1  0.79  14.4  25.9
290120260759  1.203  10.0  188.0  15.1  0.69  13.9  25.9
290120260800  1.199  10.0  185.7  15.6  0.65  19.2  25.9
290120260801  1.194  9.9  182.9  15.6  0.68  15.9  25.9
290120260802  1.189  9.7  182.9  15.6  0.71  9.7  25.9
290120260803  1.183  9.4  183.0  15.6  0.66  9.2  25.9
290120260804  1.178  9.2  182.5  15.6  0.73  9.5  25.9
290120260805  1.175  8.9  182.7  15.6  0.79  10.7  25.9
290120260806  1.171  9.1  183.9  15.6  0.79  9.9  25.9
290120260807  1.166  9.1  185.2  15.6  0.81  10.0  25.9
290120260808  1.161  8.8  181.6  15.6  0.85  13.7  25.9
290120260809  1.157  8.5  179.2  15.6  0.84  9.7  25.9
290120260810  1.153  8.0  180.6  15.1  0.78  6.4  25.9
290120260811  1.147  7.9  183.5  15.1  0.75  10.4  25.9
290120260812  1.143  7.7  180.8  15.1  0.75  10.9  26.0
290120260813  1.138  7.6  180.1  15.1  0.76  15.4  26.0
290120260814  1.132  7.5  178.6  11.3  0.79  12.1  26.0
290120260815  1.127  7.7  179.0  14.7  0.78  14.0  26.0
290120260816  1.123  8.0  181.0  14.7  0.91  13.5  26.0
290120260817  1.117  8.5  179.3  17.2  0.74  14.2  26.0
290120260818  1.112  8.3  179.3  17.2  0.78  10.0  26.0
290120260819  1.108  8.4  181.5  17.2  0.87  15.2  26.0
290120260820  1.104  8.5  177.7  17.2  0.91  17.5  26.0
290120260821  1.099  8.3  176.3  17.2  0.86  16.1  26.0
290120260822  1.094  8.4  178.1  17.2  0.76  17.9  26.0
290120260823  1.089  8.4  178.1  17.2  0.74  19.2  26.0
290120260824  1.085  8.5  179.3  17.2  0.77  17.5  26.0
290120260825  1.080  8.6  178.1  17.2  0.75  19.1  26.0
290120260826  1.075  8.4  173.5  17.2  0.73  15.5  26.0
290120260827  1.070  8.3  171.8  14.2  0.86  18.3  26.0
290120260828  1.064  8.6  172.9  14.2  0.74  17.4  26.1
290120260829  1.059  8.5  170.7  14.2  0.91  14.1  26.1
290120260830  1.052  8.3  171.2  14.2  0.82  15.5  26.1
290120260831  1.047  8.0  168.9  14.2  0.75  19.9  26.1
290120260832  1.041  8.1  171.4  14.2  0.75  22.4  26.1
290120260833  1.037  8.3  173.2  14.2  0.69  13.9  26.1
290120260834  1.032  7.8  169.9  14.2  0.71  16.9  26.1
290120260835  1.026  7.3  165.8  14.2  0.83  18.7  26.1
290120260836  1.022  7.1  165.2  14.2  0.92  18.3  26.1
290120260837  1.017  6.9  167.6  13.1  0.69  16.0  26.1
290120260838  1.013  6.9  169.5  13.1  0.83  18.0  26.1
290120260839  1.009  7.1  172.2  13.1  0.63  16.5  26.1
290120260840  1.004  7.5  175.8  16.9  0.74  17.1  26.1
290120260841  1.000  8.0  177.1  16.9  0.71  15.2  26.1
290120260842  0.995  8.3  175.6  16.9  0.78  14.8  26.1
290120260843  0.992  8.0  174.1  16.9  0.87  14.6  26.1
290120260844  0.988  8.3  173.4  16.9  0.82  14.5  26.1
290120260845  0.985  8.6  176.0  16.9  0.75  13.8  26.1
290120260846  0.981  8.7  177.2  16.9  0.73  18.8  26.1
290120260847  0.978  9.0  178.7  16.9  0.72  18.8  26.1
290120260848  0.974  9.2  178.8  16.9  0.77  16.1  26.1
290120260849  0.970  9.3  179.8  16.9  0.78  15.6  26.1
290120260850  0.965  9.3  181.1  14.9  0.73  14.9  26.2
290120260851  0.960  9.5  183.9  14.9  0.72  23.8  26.2
290120260852  0.955  9.4  185.2  14.9  0.78  16.5  26.2
290120260853  0.953  9.4  185.4  14.9  0.76  14.4  26.2
290120260854  0.949  10.0  187.0  14.9  0.70  14.0  26.2
290120260855  0.944  9.9  184.9  14.9  0.67  20.8  26.2
290120260856  0.941  9.8  184.9  14.9  0.77  14.3  26.2
290120260857  0.937  9.3  182.6  14.9  0.71  15.8  26.2
290120260858  0.934  8.9  181.5  14.9  0.59  23.0  26.2
290120260859  0.930  8.6  180.3  14.9  0.69  17.0  26.2
290120260900  0.926  8.3  177.3  14.1  0.73  12.3  26.2
290120260901  0.922  7.8  174.8  14.1  0.75  18.5  26.2
290120260902  0.919  7.5  172.8  14.1  0.70  21.7  26.2
290120260903  0.918  7.7  175.6  16.5  0.63  17.7  26.2
290120260904  0.914  7.2  174.6  16.5  0.70  18.0  26.2
290120260905  0.911  7.0  177.6  16.5  0.72  16.7  26.2
290120260906  0.909  6.8  177.6  16.5  0.72  15.0  26.2
290120260907  0.906  7.1  178.9  16.5  0.78  14.0  26.2
290120260908  0.903  7.1  179.4  16.5  0.65  14.8  26.2
290120260909  0.901  7.0  180.4  16.5  0.81  13.8  26.2
290120260910  0.898  6.6  182.6  16.5  0.55  16.1  26.2
290120260911  0.894  6.5  184.1  16.5  0.74  14.5  26.3
290120260912  0.891  6.8  186.6  16.5  0.73  15.9  26.2
290120260913  0.888  6.3  184.1  14.9  0.79  12.0  26.3
290120260914  0.885  6.3  184.7  14.9  0.74  16.2  26.3
290120260915  0.882  6.5  185.7  14.9  0.70  18.3  26.3
290120260916  0.879  6.9  187.5  14.9  0.78  15.1  26.3
290120260917  0.875  6.8  188.7  14.9  0.76  17.8  26.3
290120260918  0.870  6.4  187.8  14.9  0.73  14.9  26.3
290120260919  0.865  6.8  186.3  14.9  0.77  11.3  26.3
290120260920  0.861  7.3  184.8  14.9  0.68  16.4  26.3
290120260921  0.857  7.7  186.1  14.9  0.78  15.0  26.3
290120260922  0.853  7.5  184.6  12.1  0.68  17.0  26.3
290120260923  0.849  7.7  184.4  12.1  0.78  14.4  26.3
290120260924  0.845  7.5  182.7  12.1  0.73  14.0  26.3
290120260925  0.839  7.3  182.1  13.5  0.81  13.9  26.3
290120260926  0.834  7.2  181.2  13.5  0.79  15.2  26.3
290120260927  0.829  6.9  181.2  13.5  0.82  19.3  26.3
290120260928  0.824  7.0  182.2  13.5  0.78  14.6  26.3
290120260929  0.819  6.7  180.1  13.5  0.63  15.9  26.3
290120260930  0.814  6.5  180.4  13.5  0.63  12.1  26.3
290120260931  0.811  6.6  178.1  13.5  0.67  17.2  26.3
290120260932  0.805  6.3  176.6  13.5  0.69  16.0  26.3
290120260933  0.801  5.8  174.8  13.5  0.69  17.3  26.3
290120260934  0.798  6.0  178.4  13.5  0.63  16.9  26.3
290120260935  0.794  6.1  177.0  12.3  0.64  13.5  26.3
290120260936  0.790  5.8  175.1  11.9  0.74  14.3  26.3
290120260937  0.786  5.8  173.5  11.9  0.73  18.2  26.4
290120260938  0.781  6.1  172.2  11.9  0.73  14.0  26.4
290120260939  0.778  6.0  173.2  11.9  0.79  16.5  26.4
290120260940  0.775  6.2  173.8  12.9  0.67  18.2  26.4
290120260941  0.771  6.1  174.7  14.1  0.78  15.9  26.4
290120260942  0.767  6.4  174.4  14.1  0.79  15.0  26.4
290120260943  0.763  6.7  174.8  14.1  0.74  14.7  26.4
290120260944  0.759  6.8  175.3  14.1  0.74  14.1  26.4
290120260945  0.754  6.6  175.7  14.1  0.74  14.7  26.4
290120260946  0.751  6.8  178.6  14.1  0.74  16.4  26.4
290120260947  0.747  6.9  178.3  14.1  0.87  14.9  26.4
290120260948  0.743  6.6  180.1  14.1  0.66  16.6  26.4
290120260949  0.740  6.9  182.1  14.1  0.63  18.7  26.4
290120260950  0.736  6.4  181.6  14.1  0.69  11.5  26.4
290120260951  0.730  6.1  181.9  12.5  0.62  19.5  26.4
290120260952  0.725  6.4  185.3  12.5  0.77  12.3  26.4
290120260953  0.719  6.4  185.5  12.5  0.67  13.2  26.4
290120260954  0.714  6.1  183.0  12.5  0.84  12.9  26.4
290120260955  0.707  6.3  182.1  12.5  0.75  13.7  26.4
290120260956  0.701  6.0  179.4  11.4  0.77  14.9  26.4
290120260957  0.695  5.8  178.0  11.4  0.86  13.9  26.4
290120260958  0.688  6.0  176.4  11.4  0.87  14.8  26.5
290120260959  0.683  5.9  174.9  11.4  0.76  13.8  26.5
290120261000  0.678  6.2  176.6  11.4  0.79  15.4  26.5
290120261001  0.673  6.1  173.5  11.4  0.80  15.8  26.5
290120261002  0.668  5.6  169.1  9.5  0.76  13.2  26.5
290120261003  0.663  5.6  169.1  9.6  0.78  12.6  26.5
290120261004  0.657  5.6  169.2  9.6  0.83  11.9  26.5
290120261005  0.654  5.3  167.6  9.7  0.77  9.3  26.5
290120261006  0.650  5.6  167.1  11.6  0.82  17.3  26.5
290120261007  0.645  6.0  168.4  13.8  0.79  13.5  26.5
290120261008  0.643  6.0  171.5  13.8  0.89  15.2  26.5
290120261009  0.640  6.0  171.9  13.8  0.81  15.1  26.5
290120261010  0.637  5.8  170.2  13.8  0.88  12.5  26.5
290120261011  0.634  5.9  172.4  13.8  0.76  14.7  26.5
290120261012  0.632  6.2  173.6  13.8  0.76  13.1  26.5
290120261013  0.630  6.4  171.3  13.8  0.71  18.2  26.5
290120261014  0.626  6.4  168.8  13.8  0.89  12.6  26.6
290120261015  0.623  6.4  170.0  13.8  0.78  17.1  26.6
290120261016  0.619  6.2  169.8  13.8  0.69  15.3  26.6
290120261017  0.617  5.4  168.5  13.6  0.73  18.5  26.6
290120261018  0.615  5.3  167.0  12.0  0.66  13.7  26.6
290120261019  0.612  5.6  168.8  12.0  0.70  15.2  26.6
290120261020  0.610  5.5  169.7  12.0  0.73  14.4  26.6
290120261021  0.607  5.4  166.8  12.0  0.84  19.3  26.6
290120261022  0.605  5.1  163.3  12.0  0.74  15.0  26.6
290120261023  0.601  4.9  165.0  12.6  0.80  15.3  26.6
290120261024  0.601  5.3  166.0  12.6  0.65  15.6  26.6
290120261025  0.600  5.5  164.8  12.6  0.78  15.5  26.6
290120261026  0.597  5.8  166.3  12.6  0.65  10.5  26.6
290120261027  0.596  6.1  166.5  12.6  0.72  22.3  26.6
290120261028  0.592  6.1  164.0  12.6  0.75  15.9  26.6
290120261029  0.590  5.7  160.1  12.6  0.89  15.7  26.6
290120261030  0.589  6.0  160.5  12.6  0.83  17.0  26.6
290120261031  0.586  6.4  164.3  12.7  0.84  14.0  26.7
290120261032  0.583  6.9  168.8  13.2  0.84  20.7  26.7
290120261033  0.582  7.3  168.9  13.2  0.76  15.9  26.7
290120261034  0.580  7.1  170.4  13.2  0.81  15.8  26.7
290120261035  0.576  7.1  172.7  13.5  0.74  17.9  26.7
290120261036  0.575  6.9  174.7  13.5  0.73  20.0  26.7
290120261037  0.571  6.6  176.2  13.5  0.79  16.6  26.7
290120261038  0.570  7.0  179.2  13.5  0.79  17.7  26.7
290120261039  0.566  7.2  179.3  13.5  0.81  16.4  26.7
290120261040  0.566  6.9  181.5  13.5  0.69  18.2  26.7
290120261041  0.563  6.4  181.8  13.5  0.68  13.3  26.7
290120261042  0.563  6.0  180.3  13.5  0.59  20.7  26.7
290120261043  0.562  5.6  178.2  13.5  0.70  15.6  26.7
290120261044  0.561  5.5  177.4  13.5  0.72  18.6  26.7
290120261045  0.560  5.3  175.3  12.3  0.70  13.5  26.7
290120261046  0.558  5.3  172.3  12.3  0.68  19.4  26.7
290120261047  0.557  5.5  170.4  12.3  0.61  18.8  26.7
290120261048  0.555  5.4  167.5  11.8  0.56  15.9  26.7
290120261049  0.553  5.7  171.5  11.8  0.73  17.8  26.8
290120261050  0.551  5.8  171.3  11.8  0.62  15.6  26.8
290120261051  0.546  6.0  169.9  11.8  0.76  17.7  26.8
290120261052  0.544  5.9  168.5  11.8  0.67  13.3  26.8
290120261053  0.541  5.7  168.5  11.5  0.60  19.7  26.8
290120261054  0.539  5.7  168.0  11.5  0.71  16.3  26.8
290120261055  0.538  5.5  164.1  11.5  0.74  14.5  26.8
290120261056  0.536  5.6  164.4  11.5  0.70  14.8  26.8
290120261057  0.533  6.1  169.1  18.2  0.53  15.5  26.8
290120261058  0.531  6.2  168.8  18.2  0.61  14.9  26.8
290120261059  0.526  6.0  164.0  18.2  0.62  11.6  26.8
290120261100  0.525  6.4  163.6  18.2  0.66  14.1  26.8
290120261101  0.522  6.4  164.4  18.2  0.67  14.7  26.8
290120261102  0.521  6.5  166.3  18.2  0.58  13.5  26.8
290120261103  0.518  6.5  167.9  18.2  0.59  16.6  26.8
290120261104  0.516  6.4  166.0  18.2  0.72  19.1  26.8
290120261105  0.514  6.5  166.5  18.2  0.71  10.3  26.8
290120261106  0.512  6.6  166.0  18.2  0.58  19.9  26.8
290120261107  0.510  6.2  162.3  13.6  0.57  13.3  26.8
290120261108  0.508  6.0  164.2  13.6  0.63  19.3  26.8
290120261109  0.504  5.9  167.6  13.6  0.79  10.3  26.8
290120261110  0.500  5.3  164.1  13.6  0.75  15.3  26.8
290120261111  0.497  5.1  165.0  13.6  0.65  15.0  26.8
290120261112  0.493  4.9  162.8  13.6  0.54  19.9  26.8
290120261113  0.489  4.8  164.1  13.6  0.65  13.1  26.8
290120261114  0.486  4.7  164.9  13.6  0.57  13.5  26.8
290120261115  0.485  4.5  165.6  13.6  0.59  18.1  26.8
290120261116  0.481  4.1  166.2  10.5  0.68  15.8  26.8
290120261117  0.478  3.8  167.4  10.5  0.65  18.6  26.8
290120261118  0.474  3.8  162.4  9.9  0.74  15.5  26.8
290120261119  0.471  3.9  165.1  13.0  0.70  13.7  26.8
290120261120  0.469  4.1  166.3  13.0  0.67  8.0  26.9
290120261121  0.466  4.4  164.9  13.0  0.72  15.9  26.9
290120261122  0.463  4.5  166.7  13.0  0.66  13.2  26.9
290120261123  0.460  4.4  166.6  13.0  0.74  22.8  26.9
290120261124  0.456  4.6  172.3  13.0  0.72  14.4  26.9
290120261125  0.453  4.7  173.0  13.0  0.83  14.9  26.9
290120261126  0.450  4.9  172.4  13.0  0.76  14.7  26.9
290120261127  0.447  4.9  171.0  13.0  0.53  22.6  26.9
290120261128  0.445  4.7  170.9  13.0  0.67  15.5  26.9
290120261129  0.442  4.4  165.7  11.1  0.63  14.2  26.9
290120261130  0.440  4.5  167.0  11.1  0.70  13.0  26.9
290120261131  0.437  4.2  166.3  9.1  0.69  15.0  26.9
290120261132  0.434  4.1  168.5  9.1  0.67  14.7  26.9
290120261133  0.434  4.2  164.3  9.1  0.76  17.4  26.9
290120261134  0.430  3.9  164.1  9.1  0.68  16.4  26.9
290120261135  0.429  4.1  161.5  9.4  0.63  22.5  26.9
290120261136  0.429  4.5  159.7  11.3  0.70  17.8  26.9
290120261137  0.430  4.7  158.1  11.6  0.58  21.3  26.9
290120261138  0.431  5.1  163.0  12.1  0.65  19.6  26.9
290120261139  0.431  5.1  162.1  12.1  0.63  16.6  26.9
290120261140  0.431  5.0  162.5  12.1  0.54  17.2  26.9
290120261141  0.431  4.9  161.9  12.1  0.68  18.1  26.9
290120261142  0.430  5.1  163.2  12.2  0.64  21.6  27.0
290120261143  0.430  5.2  165.4  12.2  0.57  17.7  27.0
290120261144  0.430  5.6  162.5  12.2  0.52  14.7  27.0
290120261145  0.429  5.7  163.6  12.2  0.53  18.0  27.0
290120261146  0.428  5.5  161.9  12.2  0.61  22.3  27.0
290120261147  0.428  5.6  163.8  12.2  0.64  17.0  27.0
290120261148  0.426  5.4  162.6  12.2  0.63  22.6  27.0
290120261149  0.424  5.6  164.0  12.2  0.61  14.0  27.0
290120261150  0.422  5.9  161.5  12.2  0.60  19.8  27.0
290120261151  0.420  5.9  161.5  12.2  0.57  19.4  27.0
290120261152  0.419  5.8  160.8  11.5  0.61  21.3  27.0
290120261153  0.420  5.9  161.4  11.5  0.62  21.1  27.0
290120261154  0.418  5.9  162.8  11.5  0.67  15.7  27.1
290120261155  0.418  6.0  160.7  11.5  0.57  22.3  27.1
290120261156  0.418  6.1  162.1  11.5  0.62  18.8  27.1
290120261157  0.418  6.1  158.4  10.9  0.45  20.4  27.1
290120261158  0.416  6.3  154.8  10.9  0.55  24.0  27.1
290120261159  0.416  6.1  154.0  10.9  0.59  18.5  27.1
290120261200  0.417  6.3  154.6  10.9  0.47  23.4  27.1
290120261201  0.419  6.9  154.1  11.2  0.55  16.7  27.1
290120261202  0.421  7.2  151.0  11.6  0.48  22.6  27.1
290120261203  0.424  7.2  149.9  11.6  0.40  33.1  27.1
290120261204  0.425  7.2  147.5  11.6  0.44  16.3  27.1
290120261205  0.427  7.2  150.4  13.3  0.53  22.8  27.1
290120261206  0.428  7.2  150.9  13.3  0.49  21.0  27.1
290120261207  0.431  7.2  152.0  13.5  0.49  22.7  27.1
290120261208  0.431  7.4  153.0  13.5  0.39  26.2  27.2
290120261209  0.433  7.4  151.9  13.5  0.42  21.8  27.2
290120261210  0.435  7.2  151.4  13.5  0.44  23.0  27.2
290120261211  0.437  6.8  152.9  13.5  0.54  18.5  27.2
290120261212  0.441  6.7  153.3  13.5  0.46  22.9  27.2
290120261213  0.443  7.2  153.4  14.2  0.40  26.8  27.2
290120261214  0.446  7.5  155.4  14.2  0.47  17.3  27.2
290120261215  0.447  7.4  155.1  14.2  0.42  25.8  27.2
290120261216  0.448  7.3  154.6  14.2  0.40  32.8  27.2
290120261217  0.452  6.9  154.7  14.2  0.25  41.3  27.2
290120261218  0.453  6.6  154.1  14.2  0.27  31.6  27.2
290120261219  0.454  6.5  154.7  14.2  0.27  30.5  27.2
290120261220  0.455  6.7  152.6  14.2  0.29  41.1  27.2
290120261221  0.456  6.8  152.3  14.2  0.39  23.8  27.3
290120261222  0.459  6.7  150.1  14.2  0.34  30.2  27.3
290120261223  0.459  6.3  149.9  12.9  0.38  21.9  27.3
290120261224  0.459  6.1  148.2  12.9  0.33  23.5  27.3
290120261225  0.461  5.9  146.9  12.9  0.32  18.7  27.3
290120261226  0.461  5.9  145.0  12.9  0.43  18.5  27.3
290120261227  0.460  6.1  143.2  12.9  0.29  20.9  27.3
290120261228  0.461  6.1  143.3  12.9  0.43  17.1  27.3
290120261229  0.458  6.2  145.6  12.9  0.36  14.7  27.3
290120261230  0.457  5.9  150.6  11.8  0.39  14.0  27.3
290120261231  0.456  6.0  149.2  11.8  0.27  358.0  27.3
290120261232  0.455  5.9  151.0  11.8  0.38  10.6  27.3
290120261233  0.454  6.0  151.2  11.8  0.32  5.1  27.3
290120261234  0.453  6.1  152.3  11.4  0.26  349.5  27.3
290120261235  0.453  6.2  154.6  11.4  0.38  355.2  27.3
290120261236  0.453  6.2  157.1  11.4  0.31  2.5  27.3
290120261237  0.455  6.4  157.7  11.4  0.37  11.5  27.3
290120261238  0.458  6.8  157.1  11.4  0.28  355.0  27.3
290120261239  0.460  6.9  154.1  11.4  0.39  358.9  27.3
290120261240  0.462  7.0  151.0  11.4  0.44  7.7  27.3
290120261241  0.466  7.0  151.7  11.4  0.29  357.6  27.3
290120261242  0.466  7.1  152.6  12.3  0.51  0.1  27.3
290120261243  0.470  7.1  152.3  12.3  0.40  0.9  27.3
290120261244  0.472  7.2  152.1  12.3  0.44  3.2  27.3
290120261245  0.477  7.1  151.4  12.3  0.36  358.5  27.4
290120261246  0.481  6.9  151.5  12.3  0.40  356.0  27.4
290120261247  0.486  6.5  152.5  13.0  0.33  350.5  27.4
290120261248  0.487  6.1  151.9  13.0  0.29  352.3  27.4
290120261249  0.489  6.1  151.2  13.0  0.18  3.3  27.4
290120261250  0.491  6.6  150.5  14.0  0.27  353.4  27.4
290120261251  0.492  6.7  150.3  14.0  0.28  1.6  27.4
290120261252  0.494  6.9  149.6  14.0  0.26  348.2  27.4
290120261253  0.497  7.2  150.0  14.0  0.28  353.9  27.4
290120261254  0.500  7.1  149.3  14.0  0.25  345.2  27.4
290120261255  0.502  7.5  148.2  14.0  0.12  339.2  27.4
290120261256  0.504  7.9  147.4  14.0  0.17  339.6  27.4
290120261257  0.506  8.0  146.7  14.0  0.20  343.7  27.4
290120261258  0.509  8.0  148.8  14.0  0.25  353.7  27.4
290120261259  0.512  7.6  150.3  14.0  0.24  337.7  27.4
290120261300  0.515  7.0  151.0  13.8  0.23  346.2  27.4
290120261301  0.517  6.9  149.7  13.8  0.16  344.4  27.4
290120261302  0.519  6.7  148.9  13.8  0.17  350.1  27.4
290120261303  0.520  6.5  147.3  13.8  0.19  354.5  27.4
290120261304  0.522  6.5  147.9  13.8  0.27  5.8  27.4
290120261305  0.523  6.3  146.8  14.6  0.31  4.6  27.5
290120261306  0.524  6.1  149.2  14.6  0.28  355.1  27.5
290120261307  0.525  6.0  150.1  14.6  0.25  353.7  27.5
290120261308  0.526  6.3  150.8  14.6  0.25  359.4  27.5
290120261309  0.526  6.5  152.2  14.6  0.13  333.0  27.5
290120261310  0.526  6.5  152.2  14.6  0.16  348.1  27.5
290120261311  0.527  7.0  156.2  14.6  0.23  352.2  27.5
290120261312  0.527  7.1  161.8  14.6  0.23  351.0  27.5
290120261313  0.528  7.2  164.0  14.6  0.15  340.8  27.5
290120261314  0.528  6.8  165.1  14.6  0.22  338.7  27.5
290120261315  0.527  6.5  166.1  14.0  0.18  332.3  27.5
290120261316  0.527  6.6  162.6  14.0  0.18  340.1  27.5
290120261317  0.528  6.6  163.7  14.0  0.22  7.5  27.5
290120261318  0.529  6.1  161.3  14.0  0.20  340.3  27.5
290120261319  0.530  6.1  159.4  14.0  0.19  350.1  27.5
290120261320  0.530  6.5  161.1  15.0  0.30  0.7  27.5
290120261321  0.534  6.5  158.8  15.0  0.17  345.8  27.5
290120261322  0.535  6.4  155.6  15.0  0.33  5.9  27.5
290120261323  0.536  6.5  154.2  15.0  0.18  356.6  27.5
290120261324  0.537  6.8  155.0  15.0  0.18  353.5  27.5
290120261325  0.538  7.2  154.7  15.0  0.21  345.4  27.5
290120261326  0.536  7.4  156.2  15.0  0.13  352.1  27.5
290120261327  0.537  7.8  155.2  15.0  0.29  355.2  27.5
290120261328  0.538  8.4  156.8  15.0  0.29  2.3  27.5
290120261329  0.540  8.6  156.7  15.0  0.22  5.9  27.5
290120261330  0.542  8.2  156.3  15.0  0.31  5.0  27.5
290120261331  0.545  7.9  156.2  15.0  0.10  24.0  27.5
290120261332  0.546  8.0  154.9  15.0  0.19  3.5  27.6
290120261333  0.547  8.0  156.4  15.0  0.16  1.6  27.6
290120261334  0.550  8.1  154.9  15.0  0.04  345.8  27.6
290120261335  0.552  8.2  154.9  14.2  0.24  10.0  27.6
290120261336  0.554  8.1  154.2  12.9  0.06  358.7  27.6
290120261337  0.560  8.1  154.4  13.9  0.27  359.5  27.6
290120261338  0.562  8.2  153.4  14.0  0.14  9.2  27.6
290120261339  0.565  8.0  154.9  14.0  0.07  347.6  27.6
290120261340  0.567  8.2  153.5  14.0  0.07  308.7  27.6
290120261341  0.570  8.2  152.4  14.0  0.05  309.7  27.6
290120261342  0.574  8.1  151.7  14.0  0.06  346.0  27.6
290120261343  0.577  8.2  150.3  14.0  0.02  298.4  27.6
290120261344  0.579  8.2  151.7  14.0  0.05  185.2  27.6
290120261345  0.582  8.1  152.6  14.0  0.04  121.8  27.6
290120261346  0.585  7.9  155.3  14.0  0.07  213.6  27.6
290120261347  0.588  7.4  156.2  14.0  0.07  339.6  27.6
290120261348  0.591  7.0  155.7  13.3  0.05  181.6  27.6
290120261349  0.593  7.0  153.9  13.3  0.05  39.5  27.6
290120261350  0.597  7.1  153.5  13.3  0.10  190.0  27.6
290120261351  0.601  7.2  152.7  13.4  0.12  184.6  27.6
290120261352  0.604  7.0  152.8  13.4  0.13  177.0  27.6
290120261353  0.606  6.7  154.4  13.4  0.13  177.8  27.6
290120261354  0.609  6.7  153.7  13.4  0.19  186.5  27.6
290120261355  0.612  6.6  154.1  13.4  0.15  184.1  27.6
290120261356  0.614  6.5  151.9  13.4  0.18  197.3  27.6
290120261357  0.616  6.9  149.0  13.4  0.06  207.2  27.6
290120261358  0.619  7.1  150.7  13.4  0.19  187.1  27.6
290120261359  0.623  7.1  150.8  13.4  0.14  181.2  27.6
290120261400  0.625  7.1  150.2  13.4  0.16  194.2  27.6
290120261401  0.626  7.1  149.3  13.1  0.32  187.2  27.6
290120261402  0.627  7.4  149.1  13.1  0.24  185.3  27.6
290120261403  0.630  7.6  147.2  13.1  0.11  188.0  27.6
290120261404  0.631  7.5  148.0  13.1  0.21  185.8  27.6
290120261405  0.635  7.5  146.2  13.1  0.11  180.2  27.6
290120261406  0.637  7.8  145.1  13.1  0.22  179.1  27.6
290120261407  0.640  7.6  146.8  12.2  0.28  192.4  27.5
290120261408  0.644  7.4  146.8  12.2  0.19  180.8  27.5
290120261409  0.646  7.6  146.0  12.2  0.14  158.1  27.5
290120261410  0.648  7.3  148.8  12.2  0.27  178.9  27.5
290120261411  0.651  6.9  149.6  12.2  0.23  190.5  27.5
290120261412  0.654  6.6  150.7  12.2  0.22  178.6  27.4
290120261413  0.658  6.2  149.7  12.2  0.23  191.0  27.4
290120261414  0.662  6.0  147.8  11.4  0.28  179.8  27.4
290120261415  0.666  5.6  149.6  10.1  0.31  180.2  27.4
290120261416  0.670  5.4  150.1  10.1  0.31  183.1  27.3
290120261417  0.673  5.4  149.5  10.1  0.26  188.7  27.3
290120261418  0.677  5.5  146.6  10.7  0.24  197.5  27.3
290120261419  0.681  5.4  148.9  10.7  0.29  198.3  27.3
290120261420  0.684  5.7  147.3  11.4  0.35  188.1  27.3
290120261421  0.688  5.9  150.1  11.4  0.34  183.1  27.3
290120261422  0.691  6.2  151.3  11.4  0.28  185.3  27.3
290120261423  0.693  6.3  153.8  11.4  0.35  191.3  27.2
290120261424  0.696  6.9  154.5  15.1  0.38  189.1  27.2
290120261425  0.702  7.3  157.3  15.1  0.32  192.4  27.2
290120261426  0.705  7.5  157.7  15.1  0.39  186.6  27.2
290120261427  0.710  7.9  158.3  15.1  0.29  188.4  27.2
290120261428  0.714  8.2  158.0  16.9  0.39  195.1  27.2
290120261429  0.719  8.5  157.5  16.9  0.40  189.2  27.2
290120261430  0.723  8.4  157.5  16.9  0.46  199.9  27.2
290120261431  0.727  8.6  156.0  16.9  0.26  194.3  27.2
290120261432  0.730  8.8  153.5  16.9  0.34  191.0  27.2
290120261433  0.734  9.0  153.6  16.9  0.54  186.1  27.2
290120261434  0.739  8.8  154.9  16.9  0.63  194.2  27.2
290120261435  0.741  9.0  152.7  16.9  0.55  189.8  27.2
290120261436  0.744  9.3  152.4  16.9  0.48  182.7  27.2
290120261437  0.746  8.8  152.4  16.9  0.50  172.8  27.1
290120261438  0.750  8.6  154.6  16.4  0.39  179.8  27.1
290120261439  0.753  8.7  154.2  16.4  0.47  179.2  27.1
290120261440  0.753  8.8  155.2  13.9  0.41  183.3  27.1
290120261441  0.755  8.6  156.6  13.9  0.48  179.3  27.1
290120261442  0.757  8.5  159.1  13.9  0.35  172.0  27.1
290120261443  0.761  8.7  159.2  15.2  0.50  176.0  27.1
290120261444  0.764  8.5  157.7  15.2  0.37  178.6  27.1
290120261445  0.768  8.2  156.4  15.2  0.45  177.1  27.1
290120261446  0.769  8.2  156.2  16.5  0.45  182.5  27.1
290120261447  0.773  8.4  156.6  16.5  0.46  174.6  27.1
290120261448  0.776  8.2  155.7  16.5  0.56  183.4  27.1
290120261449  0.778  7.8  155.4  16.5  0.47  180.7  27.1
290120261450  0.780  7.6  155.6  16.5  0.68  181.6  27.1
290120261451  0.783  7.7  155.0  16.5  0.51  180.4  27.1
290120261452  0.785  7.6  153.1  16.5  0.49  177.8  27.1
290120261453  0.787  7.5  153.2  16.5  0.49  172.1  27.1
290120261454  0.789  7.5  153.7  16.5  0.61  185.6  27.2
290120261455  0.789  7.3  154.3  16.5  0.55  187.6  27.2
290120261456  0.792  7.2  155.1  15.1  0.53  188.9  27.2
290120261457  0.793  6.9  154.0  15.1  0.54  182.8  27.2
290120261458  0.794  7.0  155.7  15.1  0.44  188.5  27.2
290120261459  0.794  6.8  156.9  15.1  0.46  182.5  27.2
290120261500  0.796  6.7  154.3  14.5  0.46  191.5  27.2
290120261501  0.796  6.3  152.6  14.5  0.40  189.2  27.2
290120261502  0.798  6.5  153.5  14.5  0.40  188.3  27.2
290120261503  0.800  6.5  154.3  12.9  0.37  199.9  27.2
290120261504  0.802  6.1  154.9  12.5  0.45  190.2  27.2
290120261505  0.803  6.4  155.5  13.9  0.35  192.6  27.2
290120261506  0.804  6.1  158.9  13.9  0.40  193.4  27.2
290120261507  0.807  5.8  158.9  13.9  0.52  184.8  27.2
290120261508  0.810  5.7  156.3  13.9  0.47  194.0  27.2
290120261509  0.811  5.8  158.1  13.9  0.44  190.8  27.2
290120261510  0.812  5.7  158.9  13.9  0.39  190.9  27.2
290120261511  0.813  6.1  161.7  13.9  0.39  188.6  27.2
290120261512  0.815  5.9  160.9  13.9  0.47  198.4  27.2
290120261513  0.817  6.0  158.9  13.9  0.46  188.1  27.2
290120261514  0.819  6.1  158.1  13.9  0.47  193.3  27.2
290120261515  0.821  6.0  155.9  13.0  0.26  198.5  27.2
290120261516  0.824  6.2  152.5  13.0  0.36  197.4  27.2
290120261517  0.824  6.8  153.7  13.0  0.28  194.8  27.2
290120261518  0.828  7.1  153.7  15.1  0.38  195.6  27.2
290120261519  0.830  7.3  153.1  15.1  0.32  199.7  27.2
290120261520  0.833  7.8  153.6  15.1  0.33  189.3  27.2
290120261521  0.836  8.0  149.8  15.1  0.40  193.4  27.2
290120261522  0.841  8.0  149.6  15.1  0.34  191.3  27.2
290120261523  0.844  7.9  149.6  15.1  0.37  191.5  27.2
290120261524  0.846  8.1  149.8  15.1  0.35  187.8  27.2
290120261525  0.851  8.2  150.7  15.1  0.29  189.6  27.2
290120261526  0.855  8.3  150.3  15.1  0.46  189.5  27.2
290120261527  0.859  8.4  150.5  15.1  0.41  194.3  27.2
290120261528  0.862  8.2  151.8  14.6  0.39  188.3  27.2
290120261529  0.866  8.3  150.0  14.6  0.40  196.5  27.2
290120261530  0.870  8.0  151.8  14.6  0.31  191.1  27.2
290120261531  0.875  8.2  155.1  14.6  0.41  185.4  27.2
290120261532  0.878  8.2  156.0  14.6  0.37  193.6  27.2
290120261533  0.880  8.2  155.2  14.6  0.42  191.1  27.2
290120261534  0.883  8.5  153.9  14.6  0.41  192.7  27.2
290120261535  0.886  8.5  153.7  14.6  0.36  197.4  27.2
290120261536  0.889  8.4  155.1  15.5  0.39  193.2  27.2
290120261537  0.892  8.3  154.4  15.5  0.39  192.9  27.2
290120261538  0.894  8.4  152.9  15.5  0.47  193.8  27.2
290120261539  0.898  8.5  153.4  15.5  0.33  187.3  27.2
290120261540  0.901  8.5  150.8  15.5  0.32  190.0  27.2
290120261541  0.905  8.4  150.3  15.5  0.36  190.0  27.2
290120261542  0.908  8.4  151.5  16.1  0.38  192.1  27.2
290120261543  0.912  8.3  152.4  16.1  0.42  184.1  27.2
290120261544  0.915  8.0  152.4  16.1  0.43  194.9  27.2
290120261545  0.918  8.0  155.1  16.1  0.38  180.7  27.2
290120261546  0.923  7.9  155.3  16.1  0.26  189.1  27.2
290120261547  0.926  7.9  155.8  16.1  0.37  191.2  27.2
290120261548  0.928  7.9  157.2  16.1  0.34  181.8  27.2
290120261549  0.931  7.8  158.3  16.1  0.40  186.7  27.2
290120261550  0.935  7.7  158.5  16.1  0.38  194.4  27.2
290120261551  0.939  7.8  158.4  16.1  0.41  192.7  27.2
290120261552  0.942  8.0  157.2  14.6  0.39  195.4  27.2
290120261553  0.944  8.0  158.3  14.6  0.32  190.7  27.2
290120261554  0.947  7.8  158.7  14.6  0.41  188.4  27.2
290120261555  0.949  7.8  158.3  14.6  0.31  192.1  27.2
290120261556  0.951  7.7  158.4  14.6  0.32  199.0  27.2
290120261557  0.952  7.7  158.4  14.6  0.38  197.4  27.2
290120261558  0.954  7.7  159.3  14.6  0.27  199.5  27.2
290120261559  0.955  7.6  158.7  14.6  0.31  199.3  27.2
290120261600  0.957  7.6  159.9  14.6  0.23  198.3  27.2
290120261601  0.960  7.4  160.6  12.3  0.29  190.0  27.2
290120261602  0.963  7.3  161.6  11.2  0.28  200.4  27.2
290120261603  0.966  7.6  162.0  13.1  0.32  200.2  27.2
290120261604  0.969  7.8  162.2  13.1  0.45  185.8  27.2
290120261605  0.972  7.6  160.6  13.1  0.30  196.3  27.2
290120261606  0.975  7.6  159.8  13.1  0.39  192.3  27.2
290120261607  0.976  7.7  159.1  13.1  0.32  192.1  27.2
290120261608  0.978  7.6  156.8  13.1  0.23  167.3  27.2
290120261609  0.980  7.5  156.7  13.1  0.19  197.5  27.2
290120261610  0.982  7.6  154.3  13.1  0.32  198.8  27.2
290120261611  0.985  7.6  152.8  13.1  0.40  182.7  27.2
290120261612  0.986  7.5  152.5  13.1  0.25  179.9  27.2
290120261613  0.986  7.3  150.2  13.6  0.44  192.6  27.2
290120261614  0.987  7.6  148.9  13.6  0.35  190.3  27.2
290120261615  0.987  7.8  150.1  13.6  0.25  183.4  27.2
290120261616  0.989  7.7  149.3  13.6  0.31  195.7  27.2
290120261617  0.991  7.7  150.4  13.6  0.59  183.3  27.2
290120261618  0.992  7.8  151.5  13.6  0.45  189.8  27.2
290120261619  0.994  8.0  150.1  13.6  0.51  186.7  27.2
290120261620  0.994  7.9  151.8  13.6  0.47  185.0  27.2
290120261621  0.996  8.0  151.4  13.6  0.55  180.6  27.2
290120261622  0.998  7.9  149.7  13.6  0.60  174.6  27.2
290120261623  0.999  7.8  149.7  13.1  0.52  177.8  27.2
290120261624  1.001  7.3  150.4  13.0  0.54  179.3  27.2
290120261625  1.002  7.5  149.9  13.0  0.53  178.9  27.2
290120261626  1.003  7.3  151.7  13.0  0.70  185.2  27.2
290120261627  1.005  7.7  151.3  16.8  0.54  179.3  27.2
290120261628  1.005  7.5  151.1  16.8  0.50  183.3  27.2
290120261629  1.005  7.3  151.2  16.8  0.53  182.0  27.3
290120261630  1.006  7.5  150.7  16.8  0.53  184.5  27.3
290120261631  1.006  7.5  150.5  16.8  0.50  176.9  27.3
290120261632  1.007  7.6  153.3  16.8  0.39  179.4  27.3
290120261633  1.008  7.5  153.3  16.8  0.55  184.1  27.3
290120261634  1.009  7.3  153.5  16.8  0.52  181.1  27.3
290120261635  1.010  6.8  153.7  16.8  0.51  179.9  27.3
290120261636  1.011  7.0  152.8  16.8  0.56  174.1  27.3
290120261637  1.013  6.2  152.4  15.0  0.41  169.9  27.3
290120261638  1.015  6.2  152.6  15.0  0.57  174.5  27.3
290120261639  1.016  6.2  155.0  12.6  0.57  176.6  27.2
290120261640  1.018  6.1  156.5  12.6  0.65  177.1  27.3
290120261641  1.019  5.7  157.2  11.2  0.59  174.4  27.3
290120261642  1.021  5.6  156.3  11.2  0.60  177.7  27.3
290120261643  1.023  5.9  154.3  12.5  0.56  168.6  27.3
290120261644  1.024  6.3  153.6  12.5  0.61  174.2  27.2
290120261645  1.025  6.9  152.8  12.5  0.37  158.9  27.2
290120261646  1.026  6.8  152.4  12.5  0.56  177.1  27.2
290120261647  1.027  7.2  150.8  12.5  0.47  171.1  27.2
290120261648  1.029  7.4  154.0  16.2  0.40  168.5  27.2
290120261649  1.029  7.0  152.2  16.2  0.15  172.1  27.2
290120261650  1.032  6.8  151.6  16.2  0.47  175.4  27.2
290120261651  1.033  7.1  152.9  16.2  0.58  175.2  27.2
290120261652  1.035  7.5  152.4  16.2  0.54  174.3  27.2
290120261653  1.037  7.6  153.5  16.2  0.54  173.9  27.2
290120261654  1.038  7.6  152.6  16.2  0.56  175.2  27.2
290120261655  1.039  7.5  152.4  16.2  0.54  169.9  27.2
290120261656  1.041  7.4  152.6  16.2  0.59  177.1  27.2
290120261657  1.042  7.1  152.6  16.2  0.49  176.7  27.2
290120261658  1.043  7.0  149.0  14.6  0.55  179.6  27.2
290120261659  1.044  7.2  149.8  14.6  0.47  173.8  27.2
290120261700  1.046  7.5  149.1  14.6  0.47  181.5  27.2
290120261701  1.047  7.6  148.1  14.6  0.48  179.1  27.2
290120261702  1.049  7.2  149.4  14.6  0.65  181.9  27.2
290120261703  1.049  7.0  149.2  14.6  0.35  169.7  27.2
290120261704  1.050  6.9  150.9  13.8  0.35  173.7  27.2
290120261705  1.052  6.7  150.4  13.8  0.39  176.9  27.2
290120261706  1.053  6.6  150.8  13.8  0.38  178.7  27.2
290120261707  1.055  6.9  153.1  13.8  0.39  179.4  27.1
290120261708  1.056  6.9  152.8  13.8  0.41  185.9  27.1
290120261709  1.058  6.8  153.3  13.8  0.42  184.9  27.1
290120261710  1.058  6.7  155.1  13.5  0.57  185.1  27.2
290120261711  1.060  6.4  155.7  13.1  0.52  180.7  27.2
290120261712  1.061  6.4  153.8  13.1  0.41  182.1  27.2
290120261713  1.061  6.2  155.6  13.1  0.48  180.5  27.2
290120261714  1.062  5.9  154.8  13.1  0.43  181.6  27.2
290120261715  1.063  5.8  155.2  13.1  0.42  183.3  27.2
290120261716  1.064  6.1  155.4  13.1  0.36  187.5  27.2
290120261717  1.064  6.0  154.0  12.4  0.50  189.3  27.1
290120261718  1.067  5.9  154.7  12.4  0.43  177.3  27.1
290120261719  1.067  6.0  153.4  12.4  0.50  189.1  27.1
290120261720  1.068  6.3  152.1  14.2  0.43  185.4  27.1
290120261721  1.071  6.3  153.2  14.2  0.53  187.9  27.1
290120261722  1.071  6.3  152.1  14.2  0.34  179.0  27.1
290120261723  1.071  6.4  150.0  14.2  0.45  183.8  27.1
290120261724  1.072  6.7  149.7  14.2  0.50  184.2  27.1
290120261725  1.071  6.7  149.7  14.2  0.51  182.2  27.1
290120261726  1.072  6.6  150.6  14.2  0.42  181.2  27.1
290120261727  1.072  6.6  152.5  14.2  0.36  169.7  27.1
290120261728  1.073  6.7  151.0  14.2  0.37  184.2  27.1
290120261729  1.074  6.8  153.4  14.2  0.60  186.8  27.1
290120261730  1.074  6.2  154.6  12.5  0.40  185.2  27.1
290120261731  1.074  6.4  151.6  13.6  0.39  185.4  27.1
290120261732  1.074  6.3  151.3  13.6  0.35  181.9  27.1
290120261733  1.075  6.7  154.5  14.5  0.46  176.0  27.1
290120261734  1.074  6.6  156.0  14.5  0.56  180.8  27.1
290120261735  1.076  7.0  155.9  14.5  0.51  177.1  27.1
290120261736  1.075  6.9  154.7  14.5  0.47  167.6  27.1
290120261737  1.075  6.8  154.8  14.5  0.42  171.0  27.1
290120261738  1.074  7.1  155.5  14.5  0.50  175.1  27.1
290120261739  1.075  7.6  157.0  14.5  0.48  175.6  27.1
290120261740  1.075  7.8  155.8  14.5  0.45  176.0  27.1
290120261741  1.074  7.8  157.0  14.5  0.45  175.5  27.1
290120261742  1.074  8.2  156.8  15.6  0.40  165.1  27.1
290120261743  1.072  7.9  156.5  15.6  0.32  165.0  27.1
290120261744  1.071  7.9  155.5  15.6  0.51  173.6  27.1
290120261745  1.072  7.4  156.2  15.6  0.41  166.0  27.1
290120261746  1.072  7.3  155.4  15.6  0.56  168.0  27.1
290120261747  1.072  7.0  154.2  15.6  0.41  169.7  27.1
290120261748  1.071  6.7  155.6  15.6  0.43  173.3  27.1
290120261749  1.070  6.4  153.6  15.6  0.43  169.5  27.1
290120261750  1.069  6.4  156.8  15.6  0.46  171.9  27.1
290120261751  1.069  6.1  156.6  15.6  0.36  164.7  27.1
290120261752  1.067  5.7  158.4  11.4  0.42  175.1  27.0
290120261753  1.067  5.4  156.5  11.4  0.44  169.4  27.0
290120261754  1.064  5.4  157.0  11.4  0.55  175.6  27.0
290120261755  1.064  5.7  156.2  11.5  0.20  145.0  27.0
290120261756  1.061  6.1  157.5  11.5  0.40  176.4  27.0
290120261757  1.061  6.3  157.6  11.5  0.24  170.8  27.0
290120261758  1.060  6.0  156.7  11.5  0.38  175.8  27.0
290120261759  1.058  6.1  155.4  12.3  0.42  167.6  27.0
290120261800  1.057  6.3  150.3  12.3  0.30  159.6  27.0
290120261801  1.055  6.4  151.0  12.3  0.33  169.2  27.0
290120261802  1.053  6.3  149.6  12.3  0.32  168.4  27.0
290120261803  1.053  6.6  154.1  12.8  0.41  161.2  27.0
290120261804  1.051  6.8  155.4  12.8  0.38  168.4  27.0
290120261805  1.050  6.8  161.4  12.8  0.26  163.4  27.0
290120261806  1.049  6.5  162.9  12.8  0.30  164.6  27.0
290120261807  1.046  6.5  164.0  12.8  0.29  167.7  27.0
290120261808  1.045  6.6  165.0  12.8  0.31  166.9  27.0
290120261809  1.044  6.1  164.2  12.8  0.27  164.7  27.0
290120261810  1.042  6.0  164.8  12.8  0.33  160.4  27.0
290120261811  1.038  5.8  164.9  12.8  0.26  161.9  27.0
290120261812  1.036  5.7  163.9  12.8  0.31  163.9  27.0
290120261813  1.033  5.6  158.2  12.5  0.19  147.1  27.0
290120261814  1.030  5.4  159.6  12.5  0.28  155.2  27.0
290120261815  1.028  5.1  151.6  11.8  0.15  119.8  27.0
290120261816  1.026  5.1  150.0  10.7  0.21  156.8  27.0
290120261817  1.024  4.9  151.0  10.7  0.31  167.3  27.0
290120261818  1.021  5.2  151.6  10.7  0.19  153.6  27.0
290120261819  1.019  5.3  157.4  14.9  0.18  162.9  27.0
290120261820  1.016  5.2  160.3  14.9  0.29  145.0  27.0
290120261821  1.012  5.1  162.4  14.9  0.20  143.8  27.0
290120261822  1.009  5.3  165.5  14.9  0.17  119.0  27.0
290120261823  1.006  5.1  168.9  14.9  0.33  174.3  27.0
290120261824  1.003  5.1  168.6  14.9  0.18  161.0  27.0
290120261825  1.002  5.3  169.9  14.9  0.08  209.4  27.0
290120261826  1.000  5.4  171.6  14.9  0.19  159.4  26.9
290120261827  0.999  5.7  167.9  14.9  0.21  156.2  26.9
290120261828  0.998  5.3  169.9  14.9  0.12  172.1  26.9
290120261829  0.996  5.1  168.8  11.4  0.10  148.0  26.9
290120261830  0.994  5.2  167.2  11.4  0.10  165.4  27.0
290120261831  0.994  5.1  168.7  11.4  0.18  148.1  27.0
290120261832  0.992  5.0  167.7  11.4  0.17  156.5  27.0
290120261833  0.992  4.9  167.9  11.4  0.04  127.8  27.0
290120261834  0.993  4.7  170.3  9.8  0.15  168.5  27.0
290120261835  0.994  4.8  171.3  9.8  0.10  107.5  27.0
290120261836  0.994  4.8  171.0  13.0  0.11  104.0  27.0
290120261837  0.993  4.9  175.0  13.0  0.12  173.7  27.0
290120261838  0.994  5.1  174.1  13.0  0.07  142.7  27.0
290120261839  0.994  5.5  172.7  13.2  0.12  118.2  27.0
290120261840  0.996  5.8  176.7  13.2  0.09  147.7  26.9
290120261841  0.997  6.4  178.0  13.3  0.13  171.8  26.9
290120261842  0.998  6.4  177.1  13.3  0.07  128.7  26.9
290120261843  1.000  6.6  178.0  13.3  0.04  181.9  26.9
290120261844  1.000  6.8  178.1  13.3  0.07  161.4  27.0
290120261845  1.001  7.4  179.8  14.6  0.07  177.1  27.0
290120261846  1.003  7.4  180.9  14.6  0.03  132.5  27.0
290120261847  1.003  7.4  181.0  14.6  0.05  124.6  27.0
290120261848  1.004  7.5  182.4  14.6  0.06  224.7  27.0
290120261849  1.005  7.4  183.4  14.6  0.09  171.6  27.0
290120261850  1.005  7.5  183.2  14.6  0.10  162.9  27.0
290120261851  1.002  7.1  180.3  14.6  0.16  176.3  27.0
290120261852  1.000  7.5  183.7  14.6  0.08  188.7  27.0
290120261853  0.998  7.6  183.7  14.6  0.11  184.1  27.0
290120261854  0.996  7.8  182.9  16.9  0.07  132.3  27.0
290120261855  0.995  7.5  181.0  16.9  0.09  145.9  27.0
290120261856  0.994  7.5  180.8  16.9  0.18  193.8  27.0
290120261857  0.991  7.1  179.2  16.9  0.07  210.6  27.0
290120261858  0.989  6.9  177.8  16.9  0.20  197.3  27.0
290120261859  0.986  6.9  179.6  16.9  nan  nan  nan
290120261900  0.986  6.7  181.4  16.9  0.18  185.0  27.0
290120261901  0.985  6.9  182.2  16.9  0.14  196.3  27.0
290120261902  0.981  6.9  179.2  16.9  0.20  192.2  27.0
290120261903  0.980  6.8  176.9  16.9  0.05  173.7  27.0
290120261904  0.976  6.6  175.4  15.1  0.13  160.7  27.0
290120261905  0.973  6.7  178.8  13.5  0.05  135.0  26.9
290120261906  0.970  6.7  176.9  13.5  0.07  170.6  27.0
290120261907  0.968  7.0  178.1  13.5  0.08  136.9  27.0
290120261908  0.965  7.4  176.3  13.5  0.08  178.4  26.9
290120261909  0.962  7.5  174.8  13.5  0.09  192.5  26.9
290120261910  0.961  7.7  174.5  13.5  0.06  249.3  26.9
290120261911  0.956  7.4  174.9  13.5  0.03  327.3  26.9
290120261912  0.954  7.4  176.0  13.5  nan  nan  nan
290120261913  0.951  8.1  178.1  15.5  0.14  356.8  26.9
290120261914  0.948  8.3  177.1  15.5  0.05  343.4  26.9
290120261915  0.946  7.9  174.6  15.5  0.03  36.6  26.9
290120261916  0.942  7.8  175.8  15.5  0.03  244.5  26.9
290120261917  0.938  7.9  177.0  15.5  0.12  335.3  26.9
290120261918  0.935  7.7  178.4  15.5  0.06  276.5  26.9
290120261919  0.931  7.9  178.9  15.5  0.16  339.4  26.9
290120261920  0.928  7.9  178.8  15.5  0.20  353.4  26.9
290120261921  0.926  8.4  180.5  15.5  0.08  278.6  26.9
290120261922  0.923  8.4  181.4  15.5  0.06  267.3  26.9
290120261923  0.919  7.8  183.6  13.5  0.13  347.7  26.9
290120261924  0.914  7.7  186.4  12.6  0.19  329.1  26.9
290120261925  0.910  7.7  186.1  12.6  0.15  345.5  26.9
290120261926  0.905  7.8  184.0  12.6  0.20  338.9  26.9
290120261927  0.900  8.0  184.0  12.6  0.20  345.9  26.9
290120261928  0.896  7.9  184.3  12.6  0.22  334.5  26.9
290120261929  0.892  7.9  185.2  12.6  0.12  293.3  26.9
290120261930  0.888  8.2  187.0  17.6  0.19  296.8  26.9
290120261931  0.884  8.5  186.3  17.6  0.25  342.2  26.9
290120261932  0.879  8.7  184.5  17.6  0.20  353.3  26.9
290120261933  0.875  8.5  182.6  17.6  0.19  0.9  26.9
290120261934  0.870  8.4  180.2  17.6  0.18  6.2  26.9
290120261935  0.866  8.2  181.0  17.6  0.38  6.5  26.9
290120261936  0.861  8.1  184.0  17.6  0.44  1.5  26.9
290120261937  0.856  8.0  182.5  17.6  0.49  7.3  26.9
290120261938  0.853  8.2  182.3  17.6  0.58  6.6  26.9
290120261939  0.849  8.2  179.2  17.6  0.44  12.0  26.9
290120261940  0.847  8.1  176.2  13.9  0.47  13.8  26.9
290120261941  0.843  8.0  177.8  17.1  0.55  13.4  26.9
290120261942  0.840  8.1  179.0  17.1  0.64  11.4  26.9
290120261943  0.837  8.4  179.4  17.1  0.42  21.9  26.9
290120261944  0.835  8.5  180.7  17.1  0.45  19.2  26.9
290120261945  0.832  8.6  180.9  17.1  0.38  19.0  26.9
290120261946  0.829  8.9  181.1  17.1  0.49  17.0  26.9
290120261947  0.826  8.7  181.8  17.1  0.44  4.5  26.9
290120261948  0.822  8.8  181.4  17.1  0.49  12.9  26.9
290120261949  0.821  9.0  183.6  17.1  0.51  5.7  26.9
290120261950  0.817  8.9  183.8  17.1  0.48  9.1  26.9
290120261951  0.812  8.7  181.3  13.7  0.66  9.8  26.9
290120261952  0.810  8.5  181.8  13.7  0.59  3.6  26.9
290120261953  0.806  8.6  182.2  13.7  0.51  5.6  26.9
290120261954  0.804  8.8  184.2  13.7  0.33  7.3  26.9
290120261955  0.801  9.2  184.2  13.8  0.51  10.2  26.9
290120261956  0.798  9.3  184.7  13.8  0.46  3.5  26.9
290120261957  0.794  10.0  186.1  16.1  0.26  22.4  26.9
290120261958  0.790  9.8  186.3  16.1  0.35  30.1  26.9
290120261959  0.786  9.9  185.5  16.1  0.55  0.4  26.9
290120262000  0.782  9.8  185.2  16.1  0.50  5.6  26.9
290120262001  0.778  9.5  185.8  16.1  0.50  11.1  26.9
290120262002  0.774  9.4  185.9  16.1  0.53  4.5  26.9
290120262003  0.771  9.2  185.5  16.1  0.49  11.4  26.9
290120262004  0.769  8.8  184.4  16.1  0.67  13.0  26.9
290120262005  0.764  8.4  182.9  16.1  0.54  12.5  26.9
290120262006  0.760  8.2  180.3  16.1  0.54  9.6  26.9
290120262007  0.753  7.5  176.2  14.1  0.51  10.2  26.9
290120262008  0.747  7.2  178.3  13.7  0.52  15.8  26.9
290120262009  0.741  6.8  178.4  10.9  0.34  14.0  26.9
290120262010  0.736  6.7  178.9  10.9  0.59  15.3  26.9
290120262011  0.732  6.7  179.1  10.9  0.62  15.9  26.9
290120262012  0.729  6.4  177.4  10.1  0.41  18.1  26.9
290120262013  0.728  6.2  176.3  10.1  0.50  6.2  26.9
290120262014  0.724  6.4  174.7  10.5  0.62  9.3  26.9
290120262015  0.722  6.3  176.4  10.5  0.61  18.7  26.9
290120262016  0.719  6.2  177.9  10.5  0.64  11.0  26.9
290120262017  0.715  6.5  181.9  13.5  0.61  7.1  26.9
290120262018  0.713  6.7  179.2  13.5  0.69  4.4  26.9
290120262019  0.710  6.8  178.9  13.5  0.61  18.0  26.9
290120262020  0.707  7.1  178.4  14.4  0.70  8.6  26.9
290120262021  0.704  7.0  177.9  14.4  0.62  10.5  26.9
290120262022  0.700  7.1  178.4  14.4  0.64  7.5  26.9
290120262023  0.696  7.1  180.5  14.4  0.61  12.0  26.9
290120262024  0.696  7.1  182.9  14.4  0.73  10.9  27.0
290120262025  0.692  7.0  183.6  14.4  0.72  8.4  27.0
290120262026  0.688  6.9  183.0  14.4  0.59  15.1  27.0
290120262027  0.685  6.5  183.2  14.4  0.75  13.0  27.0
290120262028  0.681  6.6  186.1  14.4  0.80  11.7  27.0
290120262029  0.677  7.1  187.3  20.0  0.66  9.0  27.0
290120262030  0.673  7.2  190.3  20.0  0.69  14.8  27.0
290120262031  0.671  7.3  188.7  20.0  0.62  14.9  27.0
290120262032  0.667  7.4  188.4  20.0  0.61  13.8  27.0
290120262033  0.664  7.7  186.4  20.0  0.58  9.0  27.0
290120262034  0.662  7.9  183.7  20.0  0.76  14.4  27.0
290120262035  0.658  8.4  184.6  20.0  0.56  21.5  27.0
290120262036  0.654  8.8  185.3  20.0  0.65  18.5  27.0
290120262037  0.652  9.1  184.5  20.0  0.55  20.8  27.1
290120262038  0.649  9.6  184.9  20.0  0.48  15.8  27.1
290120262039  0.644  9.2  183.7  15.1  0.47  18.5  27.1
290120262040  0.639  8.6  179.2  15.1  0.49  24.4  27.1
290120262041  0.634  8.3  180.2  15.1  0.50  21.8  27.1
290120262042  0.629  8.3  179.1  15.1  0.54  22.9  27.1
290120262043  0.625  8.2  180.9  15.1  0.42  24.4  27.1
290120262044  0.621  8.0  182.4  15.1  0.57  23.5  27.1
290120262045  0.617  7.6  181.8  15.1  0.56  28.1  27.1
290120262046  0.613  7.4  181.6  15.1  0.46  19.7  27.1
290120262047  0.609  7.2  180.9  15.1  0.56  28.4  27.1
290120262048  0.605  6.8  178.8  12.3  0.37  19.9  27.1
290120262049  0.601  6.9  180.3  12.3  0.38  28.4  27.1
290120262050  0.598  7.2  181.9  12.3  0.35  22.2  27.1
290120262051  0.594  7.3  182.4  12.3  0.31  27.7  27.1
290120262052  0.589  7.4  183.8  12.3  0.42  16.7  27.1
290120262053  0.586  7.2  181.3  12.3  0.30  27.0  27.1
290120262054  0.582  7.2  183.4  12.3  0.34  27.8  27.1
290120262055  0.578  7.5  182.3  12.3  0.42  25.2  27.1
290120262056  0.574  7.6  181.4  12.8  0.47  15.2  27.1
290120262057  0.571  7.8  181.7  12.8  0.56  26.6  27.1
290120262058  0.569  8.0  180.5  12.8  0.37  18.2  27.1
290120262059  0.564  7.9  180.0  12.8  0.52  21.6  27.1
290120262100  0.561  8.0  182.4  12.8  0.57  16.8  27.1
290120262101  0.558  8.0  183.2  12.8  0.50  21.1  27.1
290120262102  0.554  8.0  184.1  12.8  0.51  28.2  27.1
290120262103  0.552  8.3  186.0  12.8  0.47  19.7  27.1
290120262104  0.549  8.4  184.7  12.8  0.52  14.0  27.1
290120262105  0.548  8.4  185.6  14.5  0.59  27.7  27.1
290120262106  0.545  8.6  186.1  14.5  0.58  21.4  27.1
290120262107  0.543  8.7  185.8  14.5  0.32  33.6  27.1
290120262108  0.542  8.6  186.1  14.5  0.48  28.4  27.1
290120262109  0.540  8.7  185.5  14.5  0.47  34.1  27.1
290120262110  0.537  8.9  184.6  16.6  0.40  37.9  27.1
290120262111  0.536  9.2  183.1  16.6  0.45  27.6  27.1
290120262112  0.534  9.3  182.1  16.6  0.45  24.2  27.1
290120262113  0.531  9.5  180.3  16.6  0.38  16.2  27.1
290120262114  0.527  9.5  179.0  16.6  0.49  25.1  27.1
290120262115  0.525  9.7  178.9  16.6  0.37  23.2  27.1
290120262116  0.520  9.7  179.0  16.6  0.47  17.3  27.1
290120262117  0.517  9.5  178.7  16.6  0.48  27.7  27.1
290120262118  0.512  9.4  179.2  16.6  0.38  19.3  27.1
290120262119  0.509  9.3  178.5  16.6  0.36  26.8  27.1
290120262120  0.505  9.0  178.3  13.6  0.40  24.5  27.1
290120262121  0.502  8.7  177.8  13.6  0.33  32.1  27.1
290120262122  0.499  8.6  177.0  13.6  0.37  25.0  27.1
290120262123  0.496  8.3  178.0  13.1  0.26  26.4  27.1
290120262124  0.493  8.3  177.9  13.1  0.24  17.0  27.1
290120262125  0.488  8.0  175.8  11.7  0.32  28.0  27.1
290120262126  0.485  8.0  175.5  12.7  0.44  22.4  27.1
290120262127  0.481  8.3  175.1  16.4  0.36  18.0  27.1
290120262128  0.476  8.5  175.4  16.4  0.38  22.3  27.1
290120262129  0.472  8.9  177.7  16.4  0.38  16.2  27.1
290120262130  0.467  9.2  179.5  16.4  0.55  22.6  27.1
290120262131  0.463  9.3  180.3  16.4  0.58  15.2  27.1
290120262132  0.459  9.4  182.6  16.4  0.53  24.4  27.1
290120262133  0.455  9.5  184.0  16.4  0.57  24.6  27.1
290120262134  0.450  9.5  185.0  16.4  0.52  18.9  27.1
290120262135  0.445  10.2  186.5  16.4  0.59  19.0  27.1
290120262136  0.441  10.0  186.0  16.4  0.70  16.6  27.1
290120262137  0.436  9.4  187.9  16.2  0.54  20.3  27.1
290120262138  0.433  9.2  188.0  16.2  0.53  21.9  27.1
290120262139  0.430  8.9  188.5  16.2  0.53  30.8  27.1
290120262140  0.426  8.7  187.7  16.2  0.40  21.9  27.1
290120262141  0.424  8.7  188.4  16.2  0.47  20.2  27.1
290120262142  0.421  8.6  186.5  16.2  0.50  27.3  27.1
290120262143  0.418  8.6  185.2  16.2  0.66  17.3  27.1
290120262144  0.416  8.5  185.9  16.2  0.77  17.5  27.1
290120262145  0.414  8.0  185.8  13.5  0.69  20.7  27.1
290120262146  0.412  7.9  186.2  11.2  0.56  23.2  27.1
290120262147  0.410  7.8  184.8  11.2  0.70  19.0  27.1
290120262148  0.407  7.9  185.4  11.2  0.69  17.3  27.1
290120262149  0.402  7.7  183.8  11.1  0.59  23.6  27.1
290120262150  0.400  7.7  184.0  12.8  0.64  15.7  27.1
290120262151  0.396  7.9  184.1  12.8  0.57  26.1  27.1
290120262152  0.394  8.1  185.1  12.8  0.66  13.6  27.1
290120262153  0.390  8.1  186.6  12.8  0.63  20.9  27.1
290120262154  0.388  8.0  186.1  12.8  0.66  18.8  27.1
290120262155  0.387  8.0  185.3  12.8  0.58  22.3  27.1
290120262156  0.385  7.9  185.7  12.8  0.64  21.5  27.1
290120262157  0.384  8.0  185.5  12.8  0.64  21.9  27.1
290120262158  0.381  7.9  183.3  12.8  0.45  22.4  27.1
290120262159  0.379  8.0  182.8  12.8  0.61  20.4  27.1
290120262200  0.377  7.9  182.9  11.8  0.33  27.4  27.1
290120262201  0.376  7.7  183.5  11.8  0.41  21.6  27.1
290120262202  0.374  7.9  183.4  12.9  0.47  27.5  27.1
290120262203  0.373  7.9  182.7  12.9  0.55  24.2  27.1
290120262204  0.372  8.0  183.5  12.9  0.49  14.3  27.1
290120262205  0.371  7.7  184.9  12.9  0.40  15.8  27.1
290120262206  0.370  7.6  184.1  12.9  0.36  19.4  27.1
290120262207  0.367  7.9  184.9  12.9  0.38  20.9  27.1
290120262208  0.366  7.9  184.7  12.9  0.38  32.2  27.1
290120262209  0.365  8.0  183.0  12.9  0.46  28.7  27.1
290120262210  0.363  7.8  181.1  12.9  0.53  20.8  27.1
290120262211  0.362  7.8  179.6  12.9  0.46  17.9  27.1
290120262212  0.361  7.4  178.9  12.1  0.61  20.5  27.1
290120262213  0.361  7.2  178.3  12.1  0.45  27.4  27.1
290120262214  0.360  7.2  177.3  12.1  0.45  24.0  27.1
290120262215  0.360  7.4  177.9  12.1  0.39  18.9  27.1
290120262216  0.360  7.4  179.4  12.1  0.39  28.1  27.1
290120262217  0.359  7.1  177.2  11.6  0.41  26.2  27.1
290120262218  0.357  7.2  179.1  11.6  0.40  22.0  27.1
290120262219  0.356  7.0  181.5  11.2  0.39  23.8  27.1
290120262220  0.354  6.9  182.4  11.2  0.41  25.5  27.1
290120262221  0.355  7.0  183.5  11.4  0.40  19.3  27.2
290120262222  0.352  7.3  184.8  13.8  0.49  20.8  27.2
290120262223  0.351  7.6  183.8  13.8  0.43  21.9  27.2
290120262224  0.350  7.4  182.5  13.8  0.42  26.3  27.2
290120262225  0.350  7.0  178.7  13.8  0.47  23.0  27.2
290120262226  0.347  6.8  176.4  13.8  0.48  18.8  27.2
290120262227  0.345  6.7  178.4  13.8  0.48  18.6  27.2
290120262228  0.344  7.0  179.2  13.8  0.52  14.5  27.2
290120262229  0.342  6.7  179.2  13.8  0.52  17.6  27.2
290120262230  0.340  6.8  180.4  13.8  0.49  15.3  27.2
290120262231  0.338  6.6  180.0  13.8  0.49  15.7  27.2
290120262232  0.337  6.5  178.8  12.9  0.32  15.3  27.2
290120262233  0.335  6.6  179.6  12.9  0.42  18.3  27.2
290120262234  0.333  7.1  181.8  13.3  0.28  29.9  27.2
290120262235  0.332  7.5  185.3  13.3  0.36  15.6  27.2
290120262236  0.331  8.0  185.6  14.3  0.45  8.8  27.2
290120262237  0.328  8.0  186.8  14.3  0.45  6.3  27.2
290120262238  0.326  7.5  185.1  14.3  0.43  15.2  27.2
290120262239  0.324  7.6  185.9  14.3  0.56  12.2  27.2
290120262240  0.323  7.8  184.4  14.3  0.43  1.5  27.2
290120262241  0.322  7.8  184.6  14.3  0.66  9.8  27.2
290120262242  0.320  7.5  184.0  14.3  0.46  17.5  27.2
290120262243  0.319  7.2  183.8  14.3  0.40  13.3  27.2
290120262244  0.317  7.1  181.7  14.3  0.45  17.6  27.2
290120262245  0.315  6.8  181.0  14.3  0.45  9.8  27.2
290120262246  0.315  6.6  182.2  11.3  0.57  12.0  27.2
290120262247  0.314  6.7  180.5  11.3  0.40  10.3  27.2
290120262248  0.313  6.7  182.7  11.3  0.54  9.4  27.2
290120262249  0.311  6.7  181.8  11.3  0.50  12.2  27.2
290120262250  0.311  6.3  181.2  11.3  0.54  7.1  27.2
290120262251  0.310  6.3  180.7  11.4  0.49  12.1  27.3
290120262252  0.310  6.5  180.5  11.4  0.46  7.6  27.3
290120262253  0.307  6.3  178.8  11.4  0.50  9.3  27.3
290120262254  0.307  6.1  180.0  11.4  0.50  9.1  27.3
290120262255  0.307  6.3  180.3  11.4  0.60  7.4  27.3
290120262256  0.309  6.4  181.0  11.4  0.46  6.1  27.3
290120262257  0.309  6.3  181.1  11.4  0.38  8.0  27.3
290120262258  0.309  6.3  180.2  11.4  0.45  5.1  27.3
290120262259  0.308  6.5  180.7  11.4  0.42  7.6  27.3
290120262300  0.307  6.6  181.8  11.4  0.41  7.8  27.3
290120262301  0.305  6.4  180.1  10.4  0.42  11.1  27.3
290120262302  0.304  6.3  180.8  10.4  0.56  5.6  27.3
290120262303  0.303  6.5  182.8  10.6  0.42  14.0  27.3
290120262304  0.301  6.5  183.2  10.6  0.33  1.2  27.3
290120262305  0.300  6.3  182.8  10.6  0.43  11.3  27.3
290120262306  0.297  6.3  181.5  10.6  0.42  5.2  27.3
290120262307  0.295  6.3  182.4  10.6  0.41  3.1  27.3
290120262308  0.293  6.4  182.7  10.6  0.36  2.2  27.3
290120262309  0.292  6.3  182.1  10.6  0.49  5.0  27.3
290120262310  0.291  6.3  181.2  10.6  0.30  10.0  27.3
290120262311  0.290  6.5  183.1  10.6  0.39  356.8  27.3
290120262312  0.289  6.7  183.0  10.6  0.33  2.6  27.3
290120262313  0.289  6.6  183.1  10.3  0.46  3.1  27.3
290120262314  0.288  6.4  181.9  10.3  0.31  352.7  27.3
290120262315  0.288  6.4  181.4  10.3  0.42  5.8  27.3
290120262316  0.288  6.4  181.7  10.3  0.45  8.0  27.3
290120262317  0.288  6.8  182.2  11.9  0.43  10.0  27.3
290120262318  0.289  7.1  182.4  13.6  0.41  2.6  27.3
290120262319  0.288  7.4  181.9  13.6  0.33  359.5  27.3
290120262320  0.290  7.6  181.9  13.6  0.32  357.5  27.3
290120262321  0.290  7.4  181.5  13.6  0.29  357.3  27.3
290120262322  0.290  7.5  181.7  13.6  0.38  3.2  27.3
290120262323  0.290  7.5  181.0  13.6  0.40  1.1  27.3
290120262324  0.292  7.7  183.4  13.6  0.33  5.0  27.3
290120262325  0.294  8.1  183.5  13.6  0.39  353.8  27.3
290120262326  0.295  8.1  183.1  13.6  0.30  6.0  27.3
290120262327  0.298  7.9  183.0  13.6  0.31  0.7  27.3
290120262328  0.300  7.6  182.6  13.4  0.34  1.2  27.3
290120262329  0.305  7.5  183.3  13.4  0.33  356.2  27.4
290120262330  0.307  7.4  183.5  13.4  0.37  3.1  27.4
290120262331  0.309  7.5  180.7  13.4  0.46  4.4  27.4
290120262332  0.311  7.5  182.4  13.4  0.34  352.0  27.4
290120262333  0.315  7.7  183.6  13.4  0.28  350.7  27.4
290120262334  0.318  7.6  181.5  13.4  0.28  359.4  27.4
290120262335  0.320  7.3  182.1  12.1  0.37  355.6  27.4
290120262336  0.323  7.4  182.9  12.1  0.28  340.8  27.4
290120262337  0.324  7.5  183.0  12.1  0.30  345.6  27.4
290120262338  0.325  8.0  182.8  13.3  0.24  346.1  27.4
290120262339  0.327  8.2  182.5  13.3  0.26  356.5  27.4
290120262340  0.330  8.4  183.4  13.4  0.37  353.8  27.4
290120262341  0.328  8.7  186.2  13.4  0.22  352.7  27.4
290120262342  0.330  8.7  184.0  13.4  0.15  328.7  27.4
290120262343  0.328  8.5  183.4  13.4  0.23  338.0  27.4
290120262344  0.329  8.7  184.6  15.7  0.27  347.2  27.4
290120262345  0.329  9.1  184.8  15.7  0.29  342.2  27.4
290120262346  0.331  9.4  184.8  15.7  0.29  2.3  27.4
290120262347  0.333  9.4  185.4  15.7  0.27  351.8  27.4
290120262348  0.334  8.9  185.4  15.7  0.20  335.8  27.4
290120262349  0.335  8.6  186.4  15.7  0.22  338.4  27.4
290120262350  0.337  8.4  186.1  15.7  0.22  339.6  27.4
290120262351  0.338  8.2  185.3  15.7  0.39  350.0  27.4
290120262352  0.341  8.2  186.9  15.7  0.28  337.6  27.4
290120262353  0.342  8.2  187.4  15.7  0.34  348.0  27.4
290120262354  0.343  8.1  187.0  13.2  0.30  345.3  27.4
290120262355  0.346  7.8  186.0  13.2  0.21  347.7  27.4
290120262356  0.347  7.7  185.3  13.2  0.37  347.5  27.4
290120262357  0.349  7.4  184.3  11.6  0.37  354.1  27.4
290120262358  0.350  7.4  185.5  11.6  0.34  356.8  27.4
290120262359  0.352  7.6  184.9  11.6  0.31  348.8  27.4
300120260000  0.354  7.5  183.7  11.6  0.23  350.0  27.4
300120260001  0.356  7.6  183.7  11.6  0.37  352.1  27.4
300120260002  0.357  7.7  182.6  12.0  0.31  356.7  27.4
300120260003  0.359  7.8  181.5  12.0  0.21  359.1  27.4
300120260004  0.360  7.6  179.5  12.0  0.30  354.2  27.4
300120260005  0.361  7.4  180.3  12.0  0.28  352.4  27.4
300120260006  0.362  6.9  180.7  12.0  0.29  357.8  27.4
300120260007  0.363  6.9  180.5  12.0  0.25  2.8  27.4
300120260008  0.366  6.7  179.5  12.0  0.20  354.9  27.4
300120260009  0.368  6.5  179.0  12.0  0.14  351.3  27.4
300120260010  0.370  6.7  180.1  12.0  0.22  356.6  27.4
300120260011  0.371  6.4  179.0  12.0  0.27  1.6  27.4
300120260012  0.370  6.1  176.7  10.6  0.33  9.7  27.4
300120260013  0.373  5.8  177.1  10.6  0.28  2.5  27.4
300120260014  0.375  6.0  180.3  10.6  0.21  4.8  27.4
300120260015  0.375  5.9  180.1  10.6  0.09  27.2  27.4
300120260016  0.376  6.2  179.4  10.9  0.24  12.3  27.4
300120260017  0.378  6.5  180.6  10.9  0.19  19.1  27.4
300120260018  0.376  6.7  181.5  10.9  0.06  345.0  27.4
300120260019  0.376  6.6  181.5  10.9  0.16  7.1  27.4
300120260020  0.376  6.3  180.4  10.9  0.20  355.0  27.4
300120260021  0.378  6.7  183.9  10.9  0.21  10.0  27.4
300120260022  0.381  7.1  187.3  12.2  0.16  345.0  27.4
300120260023  0.383  7.4  188.0  12.2  0.11  4.1  27.4
300120260024  0.386  7.5  187.7  12.2  0.15  355.6  27.4
300120260025  0.389  7.5  186.8  12.2  0.09  27.2  27.4
300120260026  0.392  7.4  187.1  12.2  0.14  14.9  27.4
300120260027  0.394  7.3  185.6  12.2  0.08  325.0  27.4
300120260028  0.397  7.3  185.2  12.2  0.10  4.2  27.4
300120260029  0.401  7.5  186.0  12.2  0.22  8.0  27.4
300120260030  0.402  7.6  184.9  12.2  0.08  358.4  27.4
300120260031  0.404  7.4  183.8  12.2  0.10  14.3  27.4
300120260032  0.406  7.1  182.1  10.6  0.06  228.4  27.4
300120260033  0.406  7.0  182.4  10.6  0.10  340.8  27.4
300120260034  0.409  6.8  181.9  10.6  0.05  319.0  27.4
300120260035  0.411  7.1  183.0  10.8  0.13  358.2  27.4
300120260036  0.413  7.3  181.9  11.6  0.10  328.8  27.4
300120260037  0.414  7.3  181.6  11.6  0.03  309.7  27.4
300120260038  0.417  7.4  181.6  11.6  0.03  10.0  27.4
300120260039  0.419  7.3  180.7  11.6  0.07  328.5  27.4
300120260040  0.421  7.4  182.8  11.6  0.08  227.1  27.4
300120260041  0.423  7.5  183.4  11.6  0.13  200.0  27.4
300120260042  0.426  7.8  184.1  11.6  0.07  283.2  27.4
300120260043  0.428  7.8  182.4  11.6  nan  nan  nan
300120260044  0.431  7.7  182.9  11.6  0.10  179.1  27.4
300120260045  0.433  7.4  184.1  11.6  0.05  183.7  27.4
300120260046  0.435  7.3  187.5  10.7  0.15  193.0  27.4
300120260047  0.439  7.6  189.4  11.1  0.19  191.2  27.4
300120260048  0.443  7.7  191.5  11.1  0.06  165.2  27.4
300120260049  0.447  7.8  193.8  11.1  0.08  247.4  27.4
300120260050  0.450  7.9  194.6  11.1  0.15  206.3  27.4
300120260051  0.453  8.1  195.5  11.1  0.18  196.1  27.4
300120260052  0.456  8.2  195.8  11.3  0.12  190.9  27.4
300120260053  0.459  8.2  197.4  11.3  0.18  196.3  27.4
300120260054  0.462  8.6  198.2  11.3  0.33  199.4  27.4
300120260055  0.466  8.7  197.5  11.3  0.19  188.9  27.4
300120260056  0.470  8.7  196.8  11.3  0.29  195.8  27.4
300120260057  0.474  9.0  197.4  16.7  0.26  202.1  27.4
300120260058  0.478  8.9  196.4  16.7  0.25  184.6  27.4
300120260059  0.484  8.8  195.9  16.7  0.26  193.4  27.4
300120260100  0.487  8.8  195.6  16.7  0.29  195.3  27.3
300120260101  0.492  8.8  194.8  16.7  0.32  196.5  27.3
300120260102  0.498  8.6  194.6  16.7  0.34  191.3  27.3
300120260103  0.502  8.7  195.5  16.7  0.20  193.4  27.3
300120260104  0.507  8.6  195.9  16.7  0.16  194.3  27.3
300120260105  0.512  8.8  196.8  16.7  0.32  191.4  27.3
300120260106  0.516  8.9  197.9  16.7  0.34  184.5  27.2
300120260107  0.520  8.5  197.5  11.7  0.21  196.3  27.2
300120260108  0.525  8.5  197.8  11.7  0.29  192.3  27.2
300120260109  0.529  8.6  198.6  11.7  0.31  181.8  27.2
300120260110  0.535  8.9  199.2  12.2  0.19  185.9  27.2
300120260111  0.538  9.0  198.9  12.2  0.24  191.4  27.2
300120260112  0.542  9.0  198.8  12.2  0.25  199.5  27.2
300120260113  0.549  9.2  198.8  12.2  0.25  189.1  27.2
300120260114  0.552  9.3  198.3  12.2  0.30  199.0  27.2
300120260115  0.557  9.3  197.4  12.2  0.23  215.5  27.2
300120260116  0.562  9.5  196.4  12.9  0.39  201.6  27.2
300120260117  0.569  9.7  196.3  12.9  0.43  204.7  27.2
300120260118  0.574  10.0  196.1  13.3  0.34  200.0  27.2
300120260119  0.580  9.9  194.2  13.3  0.39  194.5  27.2
300120260120  0.586  9.7  193.8  13.3  0.43  197.3  27.2
300120260121  0.592  9.9  194.3  13.3  0.49  193.0  27.2
300120260122  0.597  10.0  195.3  13.3  0.44  188.5  27.2
300120260123  0.602  9.8  194.0  13.3  0.46  191.5  27.2
300120260124  0.607  9.8  193.7  13.3  0.58  190.0  27.2
300120260125  0.614  9.9  193.5  13.3  0.51  191.3  27.2
300120260126  0.621  9.8  193.8  13.3  0.56  181.1  27.1
300120260127  0.626  9.8  193.4  13.3  0.54  184.0  27.1
300120260128  0.632  9.5  194.0  12.5  0.40  171.6  27.1
300120260129  0.637  9.6  195.3  12.5  0.45  187.5  27.1
300120260130  0.642  9.5  196.3  12.5  0.40  183.5  27.1
300120260131  0.647  9.1  195.8  12.1  0.52  187.9  27.1
300120260132  0.652  8.9  194.2  12.1  0.49  188.2  27.1
300120260133  0.655  9.0  194.8  12.1  0.53  180.3  27.1
300120260134  0.660  8.9  194.4  12.1  0.45  178.5  27.1
300120260135  0.666  8.9  195.2  13.8  0.42  175.1  27.1
300120260136  0.669  8.8  194.9  13.8  0.53  189.4  27.1
300120260137  0.673  8.7  194.9  13.8  0.54  184.6  27.1
300120260138  0.678  8.7  194.9  13.8  0.54  179.9  27.1
300120260139  0.682  8.9  194.8  13.8  0.52  181.2  27.1
300120260140  0.687  9.1  195.1  13.8  0.62  185.2  27.1
300120260141  0.691  9.4  195.8  13.8  0.59  177.8  27.1
300120260142  0.694  9.7  196.1  13.8  0.66  181.2  27.1
300120260143  0.698  9.7  196.1  13.8  0.60  178.8  27.1
300120260144  0.702  10.0  196.5  13.8  0.65  179.2  27.1
300120260145  0.706  10.0  195.6  13.8  0.60  176.9  27.1
300120260146  0.709  9.8  194.9  13.8  0.69  177.6  27.1
300120260147  0.713  9.7  194.5  13.8  0.73  178.0  27.1
300120260148  0.718  9.5  193.5  13.8  0.60  173.6  27.1
300120260149  0.722  9.6  193.3  13.4  0.64  179.7  27.1
300120260150  0.727  9.4  191.6  13.4  0.68  176.9  27.1
300120260151  0.731  9.1  191.0  13.4  0.74  179.2  27.1
300120260152  0.735  8.8  191.8  13.4  0.75  180.9  27.1
300120260153  0.739  8.7  191.2  13.0  0.67  175.2  27.1
300120260154  0.742  8.3  189.9  13.0  0.68  180.0  27.1
300120260155  0.747  7.9  189.9  13.0  0.77  178.6  27.1
300120260156  0.751  7.8  190.5  13.0  0.72  172.0  27.1
300120260157  0.755  7.8  191.1  13.0  0.81  175.2  27.1
300120260158  0.758  7.8  192.3  13.0  0.68  172.5  27.1
300120260159  0.764  7.7  192.8  12.0  0.67  172.2  27.1
300120260200  0.768  7.9  193.0  12.0  0.73  177.2  27.1
300120260201  0.772  8.0  191.8  12.0  0.68  181.8  27.1
300120260202  0.778  7.9  191.0  12.0  0.72  185.1  27.1
300120260203  0.781  8.2  191.4  12.0  0.63  178.3  27.0
300120260204  0.787  8.3  191.6  12.0  0.58  178.1  27.0
300120260205  0.791  8.5  191.7  12.0  0.57  181.3  27.0
300120260206  0.796  8.7  192.4  13.6  0.59  180.8  27.0
300120260207  0.800  8.9  192.4  13.6  0.69  178.2  27.0
300120260208  0.805  8.9  190.8  13.6  0.60  186.6  27.0
300120260209  0.810  8.8  190.2  13.6  0.65  182.9  27.0
300120260210  0.815  8.6  190.7  13.6  0.69  185.2  27.0
300120260211  0.820  8.7  192.2  13.6  0.69  179.4  27.0
300120260212  0.824  8.7  192.2  13.6  0.66  190.8  27.0
300120260213  0.829  8.5  192.7  13.6  0.62  186.4  27.0
300120260214  0.834  8.3  193.1  13.6  0.46  188.8  27.0
300120260215  0.839  8.2  193.0  13.6  0.61  187.6  27.0
300120260216  0.844  7.8  191.8  11.2  0.67  184.0  27.0
300120260217  0.848  7.5  191.0  11.2  0.71  192.8  27.0
300120260218  0.852  7.5  191.3  11.3  0.59  184.1  27.0
300120260219  0.857  7.8  190.3  14.3  0.67  187.7  27.0
300120260220  0.862  7.9  190.6  14.3  0.65  189.3  27.0
300120260221  0.869  7.9  189.9  14.3  0.67  186.7  27.0
300120260222  0.873  7.8  190.6  14.3  0.61  187.4  27.0
300120260223  0.878  7.6  189.9  14.3  0.62  187.7  27.0
300120260224  0.884  7.7  189.6  14.3  0.59  194.3  27.0
300120260225  0.888  7.9  189.3  14.3  0.62  187.9  27.0
300120260226  0.895  8.1  189.6  14.3  0.74  185.8  27.0
300120260227  0.900  8.3  189.9  14.3  0.86  184.6  27.0
300120260228  0.907  8.0  190.3  14.3  0.79  180.3  27.0
300120260229  0.914  7.7  191.6  11.2  0.70  178.3  27.0
300120260230  0.919  7.4  190.9  11.2  0.80  177.9  27.0
300120260231  0.926  7.0  189.9  11.2  0.80  181.3  27.0
300120260232  0.932  6.8  188.5  11.2  0.76  179.3  27.0
300120260233  0.939  6.6  187.1  11.2  0.86  178.2  27.0
300120260234  0.946  6.5  186.8  11.2  0.89  179.0  27.0
300120260235  0.953  6.4  185.3  10.9  1.03  181.5  27.0
300120260236  0.960  6.3  182.5  9.9  1.02  178.9  26.9
300120260237  0.966  6.4  182.4  11.6  1.00  180.3  26.9
300120260238  0.971  6.5  180.9  11.6  0.92  178.4  26.9
300120260239  0.977  6.5  179.0  11.6  1.05  177.7  26.9
300120260240  0.982  6.7  179.2  11.6  0.98  180.4  26.9
300120260241  0.988  6.9  179.3  11.6  1.00  179.5  26.9
300120260242  0.994  6.9  179.9  11.6  1.02  180.1  26.9
300120260243  1.001  7.0  181.4  11.6  0.89  178.8  26.9
300120260244  1.008  7.3  183.1  11.6  0.88  178.3  26.9
300120260245  1.015  7.5  185.4  11.6  0.91  181.9  26.9
300120260246  1.019  7.8  189.2  11.6  0.86  178.3  26.9
300120260247  1.025  8.1  189.0  11.9  0.87  181.6  26.9
300120260248  1.031  8.4  190.1  14.8  0.93  180.5  26.9
300120260249  1.037  8.5  190.7  14.8  0.93  177.2  26.9
300120260250  1.042  8.7  191.8  14.8  0.75  179.6  26.9
300120260251  1.048  8.9  192.8  14.8  0.86  176.7  26.9
300120260252  1.054  9.3  191.8  14.8  0.88  179.3  26.9
300120260253  1.059  9.5  192.6  14.8  0.88  178.2  26.9
300120260254  1.065  9.5  191.8  14.8  0.87  178.3  26.9
300120260255  1.070  9.3  191.6  14.8  0.77  178.4  26.9
300120260256  1.076  9.3  191.3  14.8  0.83  176.6  26.9
300120260257  1.080  9.1  192.5  14.8  0.79  177.9  26.9
300120260258  1.086  9.1  194.5  13.3  0.85  179.3  26.9
300120260259  1.092  9.1  195.0  13.3  0.83  175.2  26.9
300120260300  1.097  9.1  194.6  13.3  0.87  180.7  26.9
300120260301  1.104  9.1  194.7  13.3  0.83  181.7  26.9
300120260302  1.111  9.0  195.4  13.3  0.80  181.5  26.9
300120260303  1.117  8.9  194.7  13.3  0.82  180.7  26.8
300120260304  1.124  8.9  195.0  13.3  0.85  181.9  26.8
300120260305  1.130  8.8  195.2  13.3  0.91  181.6  26.8
300120260306  1.135  8.6  194.6  13.3  0.81  183.2  26.8
300120260307  1.141  8.5  193.7  13.3  0.85  180.5  26.8
300120260308  1.149  8.4  192.5  11.0  0.91  182.8  26.8
300120260309  1.155  8.5  192.3  11.9  0.73  179.6  26.8
300120260310  1.161  8.4  191.2  11.9  0.82  177.7  26.8
300120260311  1.167  8.5  191.5  12.5  0.86  181.9  26.8
300120260312  1.175  8.5  192.0  12.5  0.80  180.0  26.8
300120260313  1.180  8.6  192.5  12.5  0.90  179.4  26.8
300120260314  1.187  8.5  193.4  12.5  0.92  179.2  26.8
300120260315  1.192  8.5  192.3  12.5  0.91  176.9  26.8
300120260316  1.197  8.3  192.0  12.5  0.83  175.7  26.8
300120260317  1.203  8.3  192.1  12.5  0.85  177.1  26.8
300120260318  1.208  7.7  190.6  12.5  0.90  176.4  26.8
300120260319  1.213  7.4  190.2  12.5  0.87  172.5  26.8
300120260320  1.218  7.3  190.4  12.5  0.89  176.8  26.8
300120260321  1.224  7.1  190.0  10.6  0.84  178.0  26.7
300120260322  1.228  7.1  189.5  11.2  0.98  179.1  26.7
300120260323  1.233  6.9  188.7  11.2  0.77  174.5  26.7
300120260324  1.239  6.8  187.3  11.2  0.96  178.6  26.7
300120260325  1.243  6.9  188.1  11.2  0.89  179.3  26.7
300120260326  1.246  7.4  188.5  11.2  0.90  179.1  26.7
300120260327  1.250  7.4  189.0  11.2  0.81  176.5  26.7
300120260328  1.255  7.7  189.0  11.2  0.94  181.5  26.7
300120260329  1.261  7.5  189.1  11.2  0.88  181.1  26.7
300120260330  1.265  7.4  189.6  11.2  0.90  182.7  26.7
300120260331  1.269  7.6  190.2  13.1  0.86  180.9  26.7
300120260332  1.274  7.5  189.6  13.1  0.89  178.7  26.7
300120260333  1.278  7.5  189.5  13.1  0.87  179.1  26.7
300120260334  1.283  7.5  188.8  13.1  0.91  181.0  26.7
300120260335  1.287  7.1  188.1  13.1  0.84  176.0  26.7
300120260336  1.292  6.7  187.9  13.1  0.83  177.3  26.7
300120260337  1.297  6.6  186.2  13.1  0.77  176.4  26.7
300120260338  1.301  6.7  186.5  13.1  0.77  177.9  26.7
300120260339  1.307  7.0  185.9  13.1  0.81  178.4  26.7
300120260340  1.313  6.9  184.9  13.1  0.80  177.2  26.6
300120260341  1.318  6.6  183.8  10.0  0.90  176.2  26.6
300120260342  1.324  6.6  184.4  10.1  0.82  178.0  26.6
300120260343  1.329  6.6  183.0  10.1  0.91  176.6  26.6
300120260344  1.336  6.6  183.0  10.1  0.81  178.6  26.6
300120260345  1.342  6.9  184.6  10.1  0.92  176.9  26.6
300120260346  1.347  7.2  184.4  10.1  0.85  178.1  26.6
300120260347  1.352  7.3  186.0  10.1  0.90  175.3  26.6
300120260348  1.358  6.9  186.2  10.1  0.82  171.4  26.6
300120260349  1.364  6.6  187.3  10.1  0.98  177.1  26.6
300120260350  1.369  6.6  187.3  10.1  0.85  175.8  26.6
300120260351  1.374  6.5  186.6  10.1  0.93  175.2  26.6
300120260352  1.380  6.6  187.3  9.6  0.90  176.6  26.6
300120260353  1.386  6.5  188.5  9.6  0.93  175.0  26.6
300120260354  1.391  6.6  188.7  10.4  0.90  174.5  26.6
300120260355  1.396  6.5  187.9  10.4  0.94  176.4  26.6
300120260356  1.401  6.4  188.6  10.4  0.96  176.4  26.5
300120260357  1.404  6.5  189.0  10.4  0.96  178.3  26.5
300120260358  1.410  6.8  189.6  10.4  0.84  173.9  26.5
300120260359  1.416  6.9  189.9  10.4  0.97  176.4  26.5
300120260400  1.420  7.0  190.8  10.4  1.02  177.0  26.5
300120260401  1.425  7.0  189.9  10.4  0.85  178.7  26.5
300120260402  1.430  6.8  188.5  10.4  0.96  176.6  26.5
300120260403  1.435  7.0  189.2  10.4  0.93  173.7  26.5
300120260404  1.439  7.2  190.4  13.2  1.07  175.7  26.5
300120260405  1.443  7.2  190.5  13.2  0.89  177.6  26.5
300120260406  1.445  7.2  189.9  13.2  0.84  169.3  26.5
300120260407  1.449  7.1  189.7  13.2  0.88  173.9  26.5
300120260408  1.452  6.8  187.5  13.2  0.83  171.1  26.5
300120260409  1.456  6.9  186.7  13.2  0.93  173.6  26.5
300120260410  1.458  6.9  186.0  13.2  0.78  168.8  26.5
300120260411  1.462  7.0  186.7  13.2  0.91  177.2  26.5
300120260412  1.465  7.0  186.1  13.2  0.79  174.1  26.5
300120260413  1.469  7.1  184.4  13.2  0.75  175.0  26.5
300120260414  1.473  6.7  182.4  12.1  0.94  173.1  26.5
300120260415  1.477  6.6  181.9  12.1  0.81  179.2  26.4
300120260416  1.481  6.7  183.1  12.1  0.80  172.6  26.4
300120260417  1.485  6.5  181.9  12.1  0.96  172.7  26.4
300120260418  1.490  6.8  184.3  12.1  0.81  176.9  26.4
300120260419  1.494  6.8  182.8  12.1  0.82  174.6  26.4
300120260420  1.497  6.9  182.7  12.1  0.79  168.9  26.4
300120260421  1.502  6.6  183.2  12.1  0.96  176.7  26.4
300120260422  1.506  6.8  185.2  12.1  0.98  177.4  26.4
300120260423  1.511  6.8  185.5  10.1  1.03  173.7  26.4
300120260424  1.516  6.9  186.6  10.1  0.94  173.1  26.4
300120260425  1.522  7.0  187.3  10.1  0.85  169.5  26.4
300120260426  1.526  7.0  186.1  9.8  1.01  179.9  26.4
300120260427  1.531  6.8  184.5  9.8  0.80  173.6  26.4
300120260428  1.536  6.7  183.9  9.8  0.93  174.0  26.4
300120260429  1.546  6.6  185.9  9.8  0.88  172.0  26.4
300120260430  1.550  6.6  184.9  9.8  0.83  171.2  26.4
300120260431  1.552  6.5  182.8  9.8  1.00  177.2  26.4
300120260432  1.554  6.3  181.5  9.8  0.93  175.1  26.4
300120260433  1.558  6.1  182.0  9.8  0.98  172.9  26.3
300120260434  1.562  6.0  181.0  9.8  0.90  169.8  26.3
300120260435  1.565  6.2  180.5  9.8  0.96  175.4  26.3
300120260436  1.570  6.2  181.1  10.3  0.93  173.3  26.3
300120260437  1.574  6.8  184.5  13.3  0.98  175.6  26.3
300120260438  1.578  7.1  183.8  13.3  0.86  174.4  26.3
300120260439  1.582  7.1  183.2  13.3  0.95  174.7  26.3
300120260440  1.586  7.3  185.2  13.3  0.87  171.6  26.3
300120260441  1.590  7.4  186.6  13.3  0.78  171.0  26.3
300120260442  1.594  7.6  186.7  13.3  0.87  174.6  26.3
300120260443  1.599  7.9  187.3  13.3  0.96  172.3  26.3
300120260444  1.604  7.9  187.7  13.3  0.94  171.6  26.3
300120260445  1.608  7.7  187.8  13.3  0.98  174.6  26.3
300120260446  1.613  7.8  188.8  13.3  0.85  167.7  26.3
300120260447  1.617  7.6  189.0  11.8  0.95  173.7  26.2
300120260448  1.620  7.6  189.8  11.8  0.92  172.3  26.2
300120260449  1.625  7.4  189.8  11.8  0.82  172.4  26.2
300120260450  1.629  7.4  188.9  11.8  0.83  168.4  26.2
300120260451  1.632  7.6  189.0  11.8  0.86  171.5  26.2
300120260452  1.636  7.8  189.3  11.8  0.90  172.6  26.2
300120260453  1.640  7.6  189.3  11.8  0.78  177.0  26.2
300120260454  1.641  7.7  189.3  11.8  0.88  174.9  26.2
300120260455  1.644  7.9  189.6  11.8  0.71  176.1  26.2
300120260456  1.648  7.9  189.3  11.8  0.92  175.5  26.2
300120260457  1.652  7.9  189.3  11.5  0.90  173.6  26.2
300120260458  1.655  8.0  190.9  10.9  0.74  173.9  26.2
300120260459  1.657  8.2  191.4  10.9  0.74  171.2  26.2
300120260500  1.660  7.9  191.6  10.9  0.72  175.9  26.2
300120260501  1.661  8.0  191.3  11.0  0.93  175.1  26.2
300120260502  1.664  8.0  190.8  11.0  0.86  172.4  26.2
300120260503  1.667  8.0  190.5  11.0  0.81  175.6  26.2
300120260504  1.670  8.0  190.8  11.0  0.93  177.7  26.2
300120260505  1.672  8.0  190.6  11.0  0.97  175.5  26.2
300120260506  1.674  8.1  190.5  11.4  0.88  177.4  26.2
300120260507  1.676  8.1  188.5  11.4  0.82  173.6  26.1
300120260508  1.679  7.8  186.1  11.4  0.94  171.7  26.1
300120260509  1.682  7.9  186.6  11.4  0.86  176.8  26.1
300120260510  1.683  8.0  187.6  11.4  0.87  172.3  26.1
300120260511  1.686  7.9  188.7  11.4  0.95  175.1  26.1
300120260512  1.689  7.9  188.5  11.4  0.93  172.0  26.1
300120260513  1.691  7.9  188.5  11.4  0.85  175.6  26.1
300120260514  1.692  8.0  188.7  11.4  0.91  174.0  26.1
300120260515  1.695  7.9  188.3  11.4  0.71  166.0  26.1
300120260516  1.697  7.6  187.4  11.4  0.89  174.2  26.1
300120260517  1.700  7.6  188.1  10.2  0.74  174.3  26.1
300120260518  1.702  7.7  189.5  10.2  0.80  169.6  26.1
300120260519  1.705  7.9  188.8  10.1  0.88  170.7  26.1
300120260520  1.706  7.8  189.3  11.2  0.81  167.3  26.1
300120260521  1.709  7.7  189.5  11.2  0.84  169.9  26.1
300120260522  1.712  7.8  190.3  11.2  0.85  170.5  26.1
300120260523  1.714  7.8  191.1  11.2  0.90  173.9  26.1
300120260524  1.715  7.8  191.0  11.2  0.77  164.9  26.1
300120260525  1.717  7.9  191.7  11.2  0.85  168.1  26.1
300120260526  1.718  8.1  192.9  11.4  0.77  164.3  26.1
300120260527  1.719  8.2  194.4  11.4  0.88  172.9  26.1
300120260528  1.720  8.3  194.1  11.4  0.78  169.5  26.1
300120260529  1.722  8.3  194.7  11.4  0.80  167.6  26.0
300120260530  1.722  8.3  194.6  11.4  0.83  169.5  26.0
300120260531  1.724  8.5  194.3  11.4  0.87  173.4  26.1
300120260532  1.725  8.4  195.2  11.4  0.77  169.8  26.0
300120260533  1.726  8.6  194.8  11.4  0.85  168.9  26.0
300120260534  1.726  8.6  195.3  11.4  0.77  171.7  26.0
300120260535  1.726  8.7  196.4  11.9  0.76  171.5  26.0
300120260536  1.726  8.7  196.3  11.9  0.84  169.1  26.0
300120260537  1.727  8.7  195.0  11.9  0.77  172.7  26.0
300120260538  1.727  8.6  195.3  11.9  0.85  170.6  26.0
300120260539  1.726  8.6  195.6  11.9  0.69  171.6  26.0
300120260540  1.727  8.8  195.9  13.0  0.72  173.0  26.0
300120260541  1.728  8.7  195.9  13.0  0.78  168.5  26.0
300120260542  1.728  8.6  195.3  13.0  0.72  170.0  26.0
300120260543  1.728  8.7  195.9  13.0  0.79  173.5  26.0
300120260544  1.730  9.0  195.7  13.0  0.76  171.7  26.0
300120260545  1.730  8.7  195.4  13.0  0.74  171.5  26.0
300120260546  1.732  8.6  196.0  13.0  0.70  173.4  26.0
300120260547  1.736  8.7  197.4  13.0  0.64  167.5  26.0
300120260548  1.736  8.8  196.7  13.0  0.79  174.3  26.0
300120260549  1.739  9.0  195.6  13.0  0.82  173.4  26.0
300120260550  1.741  9.0  195.3  12.6  0.70  172.4  26.0
300120260551  1.744  9.1  196.1  12.6  0.60  170.4  26.0
300120260552  1.747  9.2  195.9  12.6  0.74  174.2  26.0
300120260553  1.750  9.0  195.9  12.6  0.78  172.5  26.0
300120260554  1.752  9.0  196.3  12.6  0.71  171.5  25.9
300120260555  1.753  9.1  196.4  12.6  0.79  166.5  25.9
300120260556  1.756  9.1  195.2  12.6  0.72  175.6  25.9
300120260557  1.758  9.1  194.9  12.6  0.72  171.7  25.9
300120260558  1.760  9.2  195.6  12.6  0.80  174.0  25.9
300120260559  1.761  9.1  196.0  12.1  0.76  169.7  25.9
300120260600  1.761  9.0  196.4  12.1  0.76  176.5  25.9
300120260601  1.760  9.2  197.1  14.2  0.79  171.8  25.9
300120260602  1.761  9.4  198.5  14.2  0.76  175.6  25.9
300120260603  1.762  9.6  198.9  14.2  0.72  174.7  25.9
300120260604  1.762  9.6  198.8  14.2  0.78  175.1  25.9
300120260605  1.764  9.7  199.1  14.2  0.71  171.6  25.9
300120260606  1.764  9.7  200.2  14.2  0.64  169.8  25.9
300120260607  1.764  9.6  200.3  14.2  0.64  168.5  25.9
300120260608  1.765  9.7  200.4  14.2  0.72  176.2  25.9
300120260609  1.766  9.9  201.1  14.2  0.66  170.4  25.9
300120260610  1.766  10.3  200.5  14.2  0.71  170.5  25.9
300120260611  1.765  10.2  199.7  14.1  0.61  169.0  25.9
300120260612  1.766  10.5  200.0  14.4  0.74  171.6  25.9
300120260613  1.766  10.6  199.1  14.4  0.73  171.6  25.9
300120260614  1.767  10.8  198.5  14.4  0.68  174.7  25.9
300120260615  1.767  11.0  197.4  14.6  0.51  179.9  25.9
300120260616  1.768  11.0  196.3  14.6  0.68  186.1  25.9
300120260617  1.767  10.9  195.7  14.6  0.67  181.5  25.9
300120260618  1.767  10.6  196.0  14.6  0.64  178.0  25.9
300120260619  1.767  10.5  194.6  14.6  0.68  179.6  25.9
300120260620  1.768  10.4  193.5  14.6  0.59  183.0  25.9
300120260621  1.769  10.5  193.7  14.6  0.64  180.8  25.9
300120260622  1.769  10.3  193.2  14.6  0.55  175.1  25.9
300120260623  1.770  10.3  193.5  14.8  0.65  172.6  25.9
300120260624  1.770  10.1  194.1  14.8  0.71  171.8  25.9
300120260625  1.770  10.1  194.2  14.8  0.64  177.5  25.9
300120260626  1.768  10.2  194.8  14.8  0.59  183.5  25.9
300120260627  1.768  10.4  195.8  14.8  0.56  179.2  25.9
300120260628  1.768  10.7  195.5  14.8  0.49  185.7  25.9
300120260629  1.766  10.6  197.1  14.8  0.66  175.6  25.9
300120260630  1.766  10.4  198.5  14.8  0.68  177.0  25.9
300120260631  1.766  10.1  198.5  14.8  0.67  178.8  25.9
300120260632  1.765  10.1  197.4  14.8  0.56  172.1  25.9
300120260633  1.765  10.0  196.8  13.8  0.59  175.2  25.9
300120260634  1.765  10.1  196.5  14.4  0.58  171.9  25.9
300120260635  1.764  9.8  196.3  14.4  0.42  168.1  25.9
300120260636  1.761  9.7  195.8  14.4  0.55  170.8  25.9
300120260637  1.760  9.6  195.4  14.4  0.52  173.6  25.9
300120260638  1.759  9.4  195.1  14.4  0.44  165.3  25.9
300120260639  1.757  9.4  194.5  14.4  0.59  174.3  25.9
300120260640  1.755  9.6  195.5  14.4  0.43  171.3  25.9
300120260641  1.753  9.7  194.6  14.4  0.42  166.0  25.8
300120260642  1.749  9.9  192.8  14.6  0.44  170.1  25.8
300120260643  1.748  9.9  192.1  14.6  0.49  172.3  25.8
300120260644  1.745  9.8  192.1  14.6  0.49  171.4  25.8
300120260645  1.742  9.8  191.7  14.6  0.48  172.4  25.8
300120260646  1.739  10.0  191.4  14.6  0.38  165.8  25.8
300120260647  1.735  10.1  189.7  14.6  0.49  171.6  25.8
300120260648  1.732  10.3  189.6  14.6  0.42  170.3  25.8
300120260649  1.730  10.5  189.7  14.6  0.44  176.3  25.8
300120260650  1.729  10.5  188.3  14.6  0.44  174.1  25.8
300120260651  1.727  10.5  188.6  14.6  0.37  170.5  25.8
300120260652  1.724  10.3  189.8  14.2  0.48  170.2  25.8
300120260653  1.720  10.1  190.9  14.2  0.43  172.7  25.8
300120260654  1.718  10.2  190.9  15.7  0.47  179.3  25.8
300120260655  1.718  10.3  191.0  15.7  0.38  165.9  25.8
300120260656  1.715  10.1  191.4  15.7  0.35  176.4  25.8
300120260657  1.715  10.0  192.6  15.7  0.46  170.6  25.8
300120260658  1.712  10.1  193.2  15.7  0.36  174.8  25.8
300120260659  1.711  9.8  192.4  15.7  0.29  171.7  25.8
300120260700  1.710  9.7  192.2  15.7  0.38  174.0  25.8
300120260701  1.710  9.8  193.4  15.7  0.40  171.9  25.8
300120260702  1.709  9.9  195.1  15.7  0.36  178.1  25.8
300120260703  1.708  9.9  194.2  15.7  0.29  170.8  25.8
300120260704  1.707  9.8  193.5  15.5  0.32  179.6  25.8
300120260705  1.704  9.6  193.8  15.5  0.29  164.5  25.8
300120260706  1.701  9.3  193.5  15.5  0.36  174.2  25.8
300120260707  1.699  9.1  192.5  15.5  0.29  172.1  25.8
300120260708  1.697  8.6  190.7  15.5  0.38  177.1  25.8
300120260709  1.695  8.4  191.5  15.5  0.29  169.5  25.8
300120260710  1.691  8.2  190.8  15.5  0.40  168.8  25.8
300120260711  1.688  7.8  190.5  15.5  0.27  161.6  25.8
300120260712  1.684  7.4  188.4  11.7  0.30  166.3  25.8
300120260713  1.681  7.2  188.0  10.8  0.25  165.3  25.8
300120260714  1.677  6.9  187.7  10.8  0.31  176.0  25.8
300120260715  1.674  7.0  184.0  13.8  0.23  170.2  25.8
300120260716  1.668  7.2  181.1  13.8  0.26  177.7  25.8
300120260717  1.664  7.2  180.8  13.8  0.16  172.0  25.8
300120260718  1.661  7.6  182.3  13.8  0.28  172.4  25.8
300120260719  1.656  8.0  181.0  13.8  0.36  175.7  25.8
300120260720  1.652  8.0  180.8  13.8  0.12  161.8  25.8
300120260721  1.648  8.3  179.5  13.8  0.24  176.0  25.8
300120260722  1.645  8.5  178.9  13.8  0.14  165.2  25.8
300120260723  1.640  8.6  178.9  13.8  0.12  151.5  25.8
300120260724  1.637  8.8  181.1  13.8  0.11  185.9  25.8
300120260725  1.633  8.9  184.4  13.6  0.17  179.9  25.8
300120260726  1.630  8.9  187.1  13.6  0.16  155.2  25.8
300120260727  1.627  8.8  188.2  13.6  0.22  159.6  25.8
300120260728  1.622  8.6  187.9  12.9  0.13  159.6  25.8
300120260729  1.620  8.6  189.5  12.9  0.13  152.4  25.8
300120260730  1.617  8.7  188.9  12.9  0.17  165.2  25.8
300120260731  1.614  8.6  188.3  12.9  0.12  167.0  25.8
300120260732  1.612  8.6  189.9  12.9  0.18  155.5  25.8
300120260733  1.611  9.0  190.3  13.5  0.19  165.9  25.8
300120260734  1.607  9.2  188.8  13.5  0.20  178.5  25.8
300120260735  1.603  9.0  186.5  13.5  0.15  173.7  25.8
300120260736  1.600  9.1  186.0  13.5  0.20  159.6  25.8
300120260737  1.597  9.2  184.9  13.5  0.26  179.4  25.8
300120260738  1.595  8.9  184.0  13.5  0.11  155.5  25.8
300120260739  1.593  8.7  183.5  13.5  0.07  138.4  25.8
300120260740  1.592  8.6  183.9  13.5  0.14  168.3  25.8
300120260741  1.588  8.5  183.6  13.5  0.13  164.6  25.8
300120260742  1.584  8.9  184.9  15.6  0.08  175.3  25.8
300120260743  1.582  8.8  185.1  15.6  0.11  175.2  25.8
300120260744  1.579  9.0  185.3  15.6  0.07  163.4  25.8
300120260745  1.576  8.9  186.7  15.6  0.11  139.3  25.7
300120260746  1.574  9.1  186.4  15.6  0.18  188.1  25.8
300120260747  1.571  9.2  186.0  15.6  0.09  163.4  25.7
300120260748  1.567  9.2  182.8  15.6  0.05  149.6  25.8
300120260749  1.563  9.3  181.4  15.6  0.16  180.1  25.7
300120260750  1.560  9.5  182.6  15.6  0.06  206.2  25.8
300120260751  1.555  9.8  183.9  15.6  0.12  157.1  25.8
300120260752  1.551  9.6  183.3  15.3  0.06  11.8  25.8
300120260753  1.547  9.6  183.0  15.3  0.04  85.3  25.8
300120260754  1.542  9.7  184.2  15.7  nan  nan  nan
300120260755  1.538  10.2  183.7  15.7  0.05  97.8  25.8
300120260756  1.533  10.3  184.2  15.7  0.13  15.0  25.8
300120260757  1.529  10.3  186.0  15.7  0.10  92.5  25.8
300120260758  1.525  10.6  189.3  15.7  0.04  10.0  25.8
300120260759  1.521  10.7  189.8  15.7  0.11  10.0  25.8
300120260800  1.518  10.6  188.4  15.7  0.06  59.2  25.8
300120260801  1.515  10.5  188.3  15.7  0.04  16.3  25.8
300120260802  1.511  10.6  188.1  15.7  0.08  26.7  25.8
300120260803  1.508  10.5  188.4  15.7  0.08  338.1  25.8
300120260804  1.505  10.2  187.9  14.9  0.03  259.0  25.8
300120260805  1.500  9.6  185.9  14.5  0.15  15.2  25.8
300120260806  1.495  8.9  184.0  14.5  0.04  336.3  25.8
300120260807  1.492  8.4  183.1  14.5  0.04  314.4  25.8
300120260808  1.488  8.1  181.6  14.5  0.08  352.0  25.8
300120260809  1.484  7.9  181.4  14.5  0.11  25.8  25.8
300120260810  1.482  7.8  183.1  14.5  0.21  353.8  25.8
300120260811  1.477  7.5  183.2  14.5  0.16  6.5  25.8
300120260812  1.473  7.0  182.3  12.2  0.16  2.9  25.8
300120260813  1.470  6.4  180.3  11.2  0.22  345.2  25.8
300120260814  1.467  5.9  174.1  10.7  0.13  14.1  25.8
300120260815  1.464  5.7  178.4  10.7  0.20  357.0  25.8
300120260816  1.460  5.9  182.1  10.7  0.22  1.4  25.8
300120260817  1.457  6.1  180.9  11.6  0.26  6.6  25.8
300120260818  1.454  6.2  182.1  11.6  0.11  354.2  25.8
300120260819  1.451  6.1  183.0  11.6  0.16  12.8  25.8
300120260820  1.445  5.8  180.7  11.6  0.23  343.9  25.8
300120260821  1.442  5.9  175.1  13.0  0.15  10.0  25.8
300120260822  1.438  6.1  171.3  13.0  0.25  346.0  25.8
300120260823  1.433  6.6  173.3  13.0  0.35  3.6  25.8
300120260824  1.429  7.0  172.7  13.0  0.26  4.8  25.8
300120260825  1.425  7.0  171.0  13.0  0.24  344.9  25.8
300120260826  1.422  6.9  169.4  13.0  0.23  9.0  25.8
300120260827  1.418  6.9  169.1  13.0  0.29  0.8  25.8
300120260828  1.413  6.9  167.2  13.0  0.38  3.3  25.8
300120260829  1.408  7.0  166.2  13.0  0.31  357.9  25.8
300120260830  1.401  6.9  166.5  13.0  0.36  352.7  25.8
300120260831  1.396  7.0  172.1  15.8  0.42  354.6  25.8
300120260832  1.393  7.3  175.3  15.8  0.50  359.2  25.8
300120260833  1.388  7.2  174.6  15.8  0.54  359.5  25.8
300120260834  1.382  6.7  178.3  15.8  0.46  0.8  25.8
300120260835  1.377  6.8  179.3  15.8  0.38  7.1  25.8
300120260836  1.370  7.3  179.9  15.8  0.54  3.8  25.8
300120260837  1.364  7.5  178.8  15.8  0.41  358.7  25.8
300120260838  1.357  7.7  180.4  15.8  0.56  5.6  25.8
300120260839  1.352  7.8  181.3  15.8  0.55  0.1  25.8
300120260840  1.344  8.0  178.7  15.8  0.61  6.4  25.8
300120260841  1.338  7.4  176.5  13.8  0.65  5.9  25.8
300120260842  1.332  7.3  176.3  13.8  0.61  4.9  25.8
300120260843  1.325  7.2  177.4  12.4  0.56  11.6  25.8
300120260844  1.317  7.5  177.3  12.4  0.66  16.1  25.8
300120260845  1.312  7.7  175.5  12.4  0.71  12.4  25.9
300120260846  1.306  7.4  175.1  12.3  0.75  10.3  25.9
300120260847  1.299  7.4  178.2  12.3  0.75  14.8  25.9
300120260848  1.292  7.8  178.5  12.3  0.78  13.3  25.9
300120260849  1.286  7.5  174.8  12.3  0.80  10.8  25.9
300120260850  1.280  7.5  177.6  12.3  0.75  15.0  25.9
300120260851  1.275  8.1  180.0  14.8  0.76  13.7  25.9
300120260852  1.271  8.4  177.9  20.0  0.68  14.1  25.9
300120260853  1.266  8.6  176.4  20.0  0.73  13.7  25.9
300120260854  1.261  8.7  174.7  20.0  0.82  15.7  25.9
300120260855  1.255  8.0  174.3  20.0  0.81  12.1  25.9
300120260856  1.250  8.1  172.9  20.0  0.78  11.4  25.9
300120260857  1.245  7.9  171.2  20.0  0.79  17.9  25.9
300120260858  1.241  7.9  171.8  20.0  0.81  20.0  25.9
300120260859  1.235  7.9  175.6  20.0  0.83  14.2  25.9
300120260900  1.231  8.0  175.5  20.0  0.77  12.5  25.9
300120260901  1.228  7.7  173.8  20.0  0.87  9.1  25.9
300120260902  1.223  7.1  174.7  15.5  0.87  11.5  25.9
300120260903  1.219  6.5  174.4  15.5  0.86  10.9  25.9
300120260904  1.216  6.7  175.5  15.5  0.87  9.4  25.9
300120260905  1.211  7.1  177.5  15.5  0.94  11.9  25.9
300120260906  1.206  6.8  177.3  15.5  0.82  11.4  25.9
300120260907  1.202  6.7  177.8  15.5  0.94  13.9  25.9
300120260908  1.197  6.4  177.0  12.5  0.78  8.4  25.9
300120260909  1.194  6.2  177.3  12.5  0.96  11.5  25.9
300120260910  1.189  6.3  177.1  12.5  0.98  12.4  25.9
300120260911  1.185  6.5  177.8  12.5  0.98  11.7  25.9
300120260912  1.179  6.7  176.7  14.7  0.90  12.4  25.9
300120260913  1.175  7.0  177.3  14.7  0.85  9.3  25.9
300120260914  1.172  6.7  178.0  14.7  0.82  10.5  25.9
300120260915  1.166  6.7  178.3  14.7  0.92  10.7  25.9
300120260916  1.162  6.8  179.6  14.7  0.88  10.9  25.9
300120260917  1.158  7.0  179.8  14.7  0.95  13.2  25.9
300120260918  1.153  7.2  179.4  14.7  0.82  12.8  25.9
300120260919  1.147  7.6  179.9  16.0  1.03  8.4  25.9
300120260920  1.143  7.9  180.5  16.0  0.94  12.1  26.0
300120260921  1.138  8.2  181.5  16.0  0.92  16.2  26.0
300120260922  1.131  8.3  183.9  16.0  0.79  15.8  26.0
300120260923  1.127  8.5  185.2  16.0  0.85  18.4  26.0
300120260924  1.122  9.1  186.7  16.0  0.89  17.1  26.0
300120260925  1.117  9.2  187.3  16.0  0.83  17.0  26.0
300120260926  1.112  9.7  188.4  16.0  0.75  14.7  26.0
300120260927  1.107  9.7  188.9  16.0  0.80  11.7  26.0
300120260928  1.103  9.6  190.2  16.0  0.77  15.7  26.0
300120260929  1.099  9.5  190.2  15.2  0.75  18.8  26.0
300120260930  1.094  9.3  188.0  15.1  0.80  15.6  26.0
300120260931  1.088  8.6  184.3  13.8  0.79  19.8  26.0
300120260932  1.085  8.2  183.4  13.8  0.82  17.9  26.0
300120260933  1.080  8.3  183.1  13.8  0.84  16.9  26.0
300120260934  1.077  8.0  180.4  13.3  0.88  18.0  26.1
300120260935  1.073  8.0  178.0  13.3  0.75  20.7  26.1
300120260936  1.068  8.1  176.8  13.4  0.76  16.9  26.1
300120260937  1.063  8.1  175.8  13.4  0.88  13.9  26.1
300120260938  1.060  8.3  177.2  13.4  0.71  16.9  26.1
300120260939  1.056  8.1  175.0  13.4  0.78  18.8  26.1
300120260940  1.052  7.9  176.6  13.4  0.75  15.0  26.1
300120260941  1.048  8.0  176.6  13.4  0.78  20.0  26.1
300120260942  1.044  8.1  174.9  13.4  0.76  17.5  26.1
300120260943  1.040  7.9  173.0  13.4  0.83  14.8  26.1
300120260944  1.036  7.9  171.9  13.4  0.82  16.9  26.1
300120260945  1.031  7.5  172.0  13.4  0.74  15.6  26.1
300120260946  1.027  7.1  169.5  13.0  0.80  19.3  26.1
300120260947  1.022  6.9  168.7  13.0  0.84  13.5  26.1
300120260948  1.018  6.6  163.0  11.4  0.69  16.0  26.1
300120260949  1.012  6.7  162.5  10.6  0.77  12.3  26.1
300120260950  1.005  6.5  161.8  10.5  0.86  12.0  26.1
300120260951  1.001  6.5  165.7  11.3  0.85  16.5  26.1
300120260952  0.995  6.7  167.7  13.3  0.83  16.9  26.1
300120260953  0.989  6.8  170.0  13.3  0.85  15.6  26.1
300120260954  0.984  6.7  171.7  13.3  0.74  11.7  26.1
300120260955  0.980  6.6  171.6  13.3  0.83  12.7  26.1
300120260956  0.975  6.6  169.9  13.3  0.82  19.0  26.1
300120260957  0.971  6.8  168.0  15.1  0.91  16.1  26.2
300120260958  0.966  7.2  168.2  15.1  0.86  15.3  26.2
300120260959  0.961  7.0  167.7  15.1  0.84  13.6  26.2
300120261000  0.956  7.4  167.4  15.1  0.86  17.1  26.2
300120261001  0.952  6.8  163.7  15.1  0.92  13.4  26.2
300120261002  0.949  6.4  161.6  15.1  0.86  13.3  26.2
300120261003  0.944  6.3  159.4  15.1  0.91  13.5  26.2
300120261004  0.938  6.5  162.1  15.1  0.82  11.9  26.2
300120261005  0.933  6.6  164.4  15.1  0.95  15.9  26.2
300120261006  0.927  6.5  166.7  15.1  1.06  17.5  26.2
300120261007  0.921  5.9  167.8  12.8  0.88  16.4  26.2
300120261008  0.916  5.3  167.7  12.8  0.85  13.3  26.2
300120261009  0.910  5.2  168.2  12.8  0.81  17.7  26.2
300120261010  0.903  4.9  167.8  10.8  0.86  13.8  26.2
300120261011  0.898  5.2  169.6  10.8  0.95  14.8  26.2
300120261012  0.891  5.2  169.1  10.8  0.83  15.6  26.2
300120261013  0.886  5.1  169.0  10.8  0.94  12.0  26.2
300120261014  0.880  4.6  165.8  10.5  1.00  12.2  26.2
300120261015  0.874  4.3  161.0  8.8  0.95  16.4  26.2
300120261016  0.869  4.2  161.0  8.8  0.91  12.8  26.2
300120261017  0.862  4.3  161.6  8.8  0.84  17.1  26.2
300120261018  0.857  4.2  161.4  8.8  0.88  11.4  26.2
300120261019  0.851  3.9  161.1  8.8  0.98  10.7  26.2
300120261020  0.846  3.5  160.0  7.4  1.00  14.2  26.2
300120261021  0.841  3.3  160.5  7.4  0.88  12.1  26.2
300120261022  0.835  3.1  163.2  7.4  0.87  10.8  26.2
300120261023  0.830  2.8  158.0  7.4  0.92  12.4  26.2
300120261024  0.824  2.8  153.9  7.4  0.86  16.1  26.2
300120261025  0.818  2.9  153.3  7.4  0.95  16.0  26.2
300120261026  0.813  2.9  150.1  5.6  0.77  11.4  26.2
300120261027  0.808  3.1  149.0  8.0  0.85  12.5  26.2
300120261028  0.802  3.4  149.1  8.0  0.86  13.3  26.2
300120261029  0.796  3.6  149.9  8.0  0.85  10.8  26.2
300120261030  0.792  3.7  150.7  8.0  0.85  12.5  26.2
300120261031  0.786  3.9  146.4  8.0  1.06  14.6  26.2
300120261032  0.781  4.2  145.2  8.7  0.86  14.5  26.2
300120261033  0.777  4.5  151.5  8.7  0.96  11.5  26.2
300120261034  0.774  4.8  153.6  16.2  0.86  16.1  26.2
300120261035  0.769  5.0  157.5  16.2  0.88  13.9  26.2
300120261036  0.766  5.3  160.3  16.2  0.81  10.8  26.2
300120261037  0.763  5.3  160.7  16.2  0.75  15.3  26.2
300120261038  0.758  5.1  161.8  16.2  0.83  13.2  26.2
300120261039  0.755  4.9  159.0  16.2  0.73  15.8  26.3
300120261040  0.753  5.0  158.3  16.2  0.94  12.8  26.3
300120261041  0.750  4.9  157.4  16.2  0.93  14.4  26.3
300120261042  0.745  5.2  157.7  16.2  0.99  12.1  26.3
300120261043  0.741  5.1  153.3  16.2  0.89  11.8  26.3
300120261044  0.736  4.8  151.2  11.1  0.73  12.1  26.3
300120261045  0.732  4.7  147.9  11.1  0.83  11.5  26.3
300120261046  0.727  4.8  143.7  11.1  0.86  12.2  26.3
300120261047  0.723  4.8  144.3  11.1  0.75  16.7  26.3
300120261048  0.719  5.2  144.5  11.1  0.79  13.1  26.3
300120261049  0.714  5.7  147.7  11.1  0.85  13.4  26.3
300120261050  0.711  5.9  147.3  12.1  0.91  14.4  26.3
300120261051  0.705  6.0  149.5  12.1  0.89  15.4  26.3
300120261052  0.702  5.9  150.1  12.1  0.79  13.4  26.3
300120261053  0.699  6.0  153.3  12.1  0.83  11.8  26.3
300120261054  0.695  6.1  155.3  12.1  0.86  13.0  26.3
300120261055  0.692  6.1  154.4  12.1  0.93  13.4  26.3
300120261056  0.687  6.3  156.1  12.1  0.79  15.1  26.4
300120261057  0.685  6.3  157.3  12.1  0.73  20.3  26.4
300120261058  0.682  6.0  157.1  12.1  0.89  17.4  26.4
300120261059  0.678  5.8  158.1  12.1  0.94  17.2  26.4
300120261100  0.675  6.0  160.2  11.8  0.86  13.5  26.4
300120261101  0.672  6.2  162.4  11.8  0.90  14.2  26.4
300120261102  0.670  6.1  162.5  11.8  0.89  10.7  26.4
300120261103  0.665  6.2  162.0  11.8  0.76  16.5  26.4
300120261104  0.662  6.3  161.1  11.8  0.82  11.5  26.4
300120261105  0.658  6.6  164.6  11.8  0.82  14.6  26.4
300120261106  0.653  6.6  165.6  11.7  0.72  18.3  26.4
300120261107  0.651  6.8  165.4  11.7  0.83  14.6  26.4
300120261108  0.647  7.1  166.2  11.7  0.86  15.9  26.4
300120261109  0.644  7.4  167.7  11.7  0.84  13.0  26.4
300120261110  0.641  7.1  167.5  11.7  0.86  17.4  26.4
300120261111  0.636  6.8  165.6  11.7  0.77  15.1  26.4
300120261112  0.631  6.9  164.0  11.7  0.81  14.3  26.4
300120261113  0.628  6.9  163.3  11.7  0.92  15.1  26.4
300120261114  0.623  6.8  164.3  11.7  0.88  18.3  26.4
300120261115  0.618  6.5  161.4  10.8  0.75  13.0  26.4
300120261116  0.612  6.3  159.4  10.8  0.80  14.5  26.4
300120261117  0.608  6.1  159.8  10.8  0.86  16.4  26.4
300120261118  0.601  6.1  158.9  10.8  0.99  12.9  26.5
300120261119  0.596  6.1  155.7  10.8  0.80  14.5  26.5
300120261120  0.590  6.3  156.0  10.9  0.87  14.0  26.5
300120261121  0.585  6.6  156.3  10.9  0.91  14.3  26.5
300120261122  0.580  6.7  154.7  12.3  0.93  15.4  26.5
300120261123  0.574  6.6  154.1  12.3  0.96  12.2  26.5
300120261124  0.568  6.7  154.6  12.3  0.84  12.5  26.5
300120261125  0.563  6.6  155.7  12.3  0.72  12.0  26.5
300120261126  0.560  6.9  155.8  12.3  0.75  18.6  26.5
300120261127  0.555  6.7  154.5  12.3  0.80  14.5  26.5
300120261128  0.551  6.4  156.1  12.3  0.87  15.9  26.5
300120261129  0.546  6.5  155.9  12.3  0.93  12.3  26.5
300120261130  0.541  6.3  156.7  12.3  0.84  12.4  26.5
300120261131  0.537  6.5  157.8  16.8  0.98  13.1  26.5
300120261132  0.533  6.4  159.8  16.8  0.90  14.6  26.5
300120261133  0.530  6.5  159.7  16.8  0.85  11.4  26.5
300120261134  0.525  6.5  158.6  16.8  0.77  16.7  26.5
300120261135  0.521  6.7  157.7  16.8  0.84  10.9  26.5
300120261136  0.519  6.8  159.3  16.8  0.90  16.1  26.5
300120261137  0.514  7.1  160.2  16.8  0.74  16.5  26.5
300120261138  0.513  7.3  157.3  16.8  0.87  14.7  26.5
300120261139  0.509  7.4  158.2  16.8  0.83  16.4  26.6
300120261140  0.507  7.4  156.1  16.8  0.75  10.3  26.6
300120261141  0.503  7.2  154.9  13.8  0.89  15.3  26.6
300120261142  0.499  7.3  153.8  13.8  0.88  14.7  26.6
300120261143  0.495  7.2  153.9  13.8  0.84  14.4  26.6
300120261144  0.491  7.2  151.4  13.8  0.78  13.4  26.6
300120261145  0.486  7.0  153.4  13.8  0.90  12.0  26.6
300120261146  0.482  6.7  152.3  13.8  0.86  14.2  26.6
300120261147  0.479  6.7  151.0  13.8  0.84  15.0  26.6
300120261148  0.475  6.7  152.9  13.8  0.77  11.3  26.6
300120261149  0.471  6.5  152.9  13.8  0.76  16.8  26.6
300120261150  0.467  6.7  154.5  13.8  0.81  12.4  26.6
300120261151  0.463  6.5  155.3  13.8  0.81  15.3  26.6
300120261152  0.460  6.4  154.8  13.8  0.78  18.6  26.6
300120261153  0.455  6.4  155.8  13.8  0.88  16.9  26.6
300120261154  0.451  6.4  158.3  13.8  0.88  13.8  26.6
300120261155  0.445  6.4  155.9  13.8  0.83  17.0  26.6
300120261156  0.441  6.6  155.6  13.8  0.86  13.0  26.6
300120261157  0.438  6.7  157.3  13.8  0.89  11.8  26.6
300120261158  0.434  6.7  157.0  12.2  0.79  13.4  26.6
300120261159  0.431  6.7  156.8  12.2  0.69  15.3  26.6
300120261200  0.427  6.4  155.6  12.2  0.87  15.7  26.7
300120261201  0.424  6.5  154.2  12.2  0.81  16.3  26.7
300120261202  0.421  6.7  154.1  13.6  0.91  15.7  26.7
300120261203  0.419  6.9  151.8  13.6  0.87  14.2  26.7
300120261204  0.417  6.7  151.3  13.6  0.84  14.0  26.7
300120261205  0.414  6.7  151.6  13.6  0.64  10.7  26.7
300120261206  0.411  6.4  151.0  13.6  0.79  14.1  26.7
300120261207  0.409  6.3  149.6  13.6  0.83  14.7  26.7
300120261208  0.406  6.2  147.8  13.6  0.72  15.7  26.7
300120261209  0.405  6.0  146.4  13.6  0.77  15.6  26.7
300120261210  0.404  6.3  146.7  13.6  0.63  13.7  26.7
300120261211  0.403  6.3  148.8  13.6  0.81  12.8  26.7
300120261212  0.400  6.2  150.8  10.8  0.75  19.4  26.7
300120261213  0.400  6.2  150.7  10.8  0.66  21.6  26.7
300120261214  0.399  6.8  151.6  13.9  0.83  10.4  26.7
300120261215  0.396  6.8  153.3  13.9  0.69  13.3  26.7
300120261216  0.396  6.9  153.5  13.9  0.70  20.0  26.7
300120261217  0.396  7.0  154.6  13.9  0.71  15.0  26.7
300120261218  0.396  7.0  155.9  13.9  0.85  14.7  26.7
300120261219  0.395  6.9  157.8  13.9  0.70  15.3  26.7
300120261220  0.393  6.8  157.9  13.9  0.66  19.4  26.7
300120261221  0.393  6.8  157.7  13.9  0.61  18.7  26.7
300120261222  0.390  6.6  157.2  13.9  0.64  15.7  26.7
300120261223  0.389  6.6  158.2  13.9  0.67  14.3  26.8
300120261224  0.387  6.3  158.0  10.1  0.74  21.0  26.8
300120261225  0.385  6.3  156.7  10.1  0.71  13.2  26.8
300120261226  0.382  6.3  159.9  10.1  0.68  18.1  26.8
300120261227  0.381  6.5  160.0  16.3  0.65  19.3  26.8
300120261228  0.378  6.5  159.6  16.3  0.72  15.7  26.8
300120261229  0.376  6.7  158.6  16.3  0.65  22.9  26.8
300120261230  0.374  6.8  160.5  16.3  0.60  20.9  26.8
300120261231  0.370  7.0  159.5  16.3  0.75  19.4  26.8
300120261232  0.368  6.9  160.6  16.3  0.68  13.6  26.8
300120261233  0.364  6.8  160.5  16.3  0.60  17.6  26.8
300120261234  0.363  6.7  162.1  16.3  0.79  17.3  26.8
300120261235  0.361  7.0  162.2  16.3  0.64  17.6  26.8
300120261236  0.358  7.0  160.4  16.3  0.63  18.7  26.8
300120261237  0.356  6.9  157.9  13.4  0.67  13.0  26.8
300120261238  0.354  7.0  157.6  13.4  0.73  17.8  26.8
300120261239  0.352  6.9  158.4  13.4  0.74  16.3  26.8
300120261240  0.349  6.7  156.5  13.4  0.70  10.0  26.8
300120261241  0.347  6.3  157.0  12.0  0.54  25.8  26.8
300120261242  0.346  6.4  154.8  12.0  0.75  13.7  26.9
300120261243  0.345  6.4  155.6  12.0  0.76  16.8  26.9
300120261244  0.344  6.3  153.1  12.0  0.64  22.4  26.9
300120261245  0.342  5.9  151.7  11.9  0.63  18.0  26.9
300120261246  0.339  5.6  150.3  11.9  0.61  19.1  26.9
300120261247  0.336  5.5  151.1  11.9  0.75  13.9  26.9
300120261248  0.335  5.3  151.7  9.9  0.63  20.1  26.9
300120261249  0.334  5.3  150.6  9.9  0.64  16.1  26.9
300120261250  0.333  5.5  151.9  11.5  0.65  15.8  26.9
300120261251  0.333  5.9  152.0  11.5  0.68  15.7  26.9
300120261252  0.333  6.0  154.4  11.5  0.61  19.1  26.9
300120261253  0.335  5.9  155.9  11.5  0.74  15.0  26.9
300120261254  0.335  6.2  156.2  11.5  0.63  17.9  26.9
300120261255  0.336  6.3  156.9  11.5  0.80  16.4  26.9
300120261256  0.337  6.4  157.7  11.5  0.67  19.9  26.9
300120261257  0.338  6.5  158.0  11.5  0.65  15.4  26.9
300120261258  0.339  6.7  157.5  11.5  0.62  22.3  26.9
300120261259  0.342  6.9  157.0  11.5  0.50  18.0  26.9
300120261300  0.344  6.9  156.2  11.4  0.59  20.2  26.9
300120261301  0.346  6.8  156.5  11.4  0.56  15.8  26.9
300120261302  0.349  6.7  155.9  11.4  0.55  14.8  26.9
300120261303  0.350  6.7  154.2  11.4  0.56  23.6  26.9
300120261304  0.351  6.8  154.3  11.4  0.60  17.7  26.9
300120261305  0.351  6.9  155.9  11.4  0.44  16.9  27.0
300120261306  0.349  7.1  155.6  11.4  0.58  19.2  27.0
300120261307  0.351  7.0  155.8  11.4  0.56  20.1  27.0
300120261308  0.351  6.9  156.8  11.4  0.63  19.6  27.0
300120261309  0.352  6.8  157.4  12.0  0.51  20.6  27.0
300120261310  0.352  7.1  158.9  15.4  0.50  24.6  27.0
300120261311  0.353  7.1  157.8  15.4  0.60  23.9  27.0
300120261312  0.352  7.4  158.3  15.4  0.58  20.7  27.1
300120261313  0.351  7.5  158.3  15.4  0.54  21.6  27.0
300120261314  0.349  7.3  158.9  15.4  0.57  19.0  27.0
300120261315  0.346  7.4  156.6  15.4  0.57  19.9  27.0
300120261316  0.345  7.3  157.5  15.4  0.58  17.9  27.0
300120261317  0.344  7.4  158.0  15.4  0.51  19.5  27.0
300120261318  0.342  7.2  158.9  15.4  0.52  20.3  27.1
300120261319  0.342  7.0  158.9  15.4  0.50  24.7  27.1
300120261320  0.342  6.6  156.8  11.1  0.57  22.2  27.0
300120261321  0.341  6.2  157.2  11.1  0.52  17.5  27.1
300120261322  0.341  6.3  160.0  14.7  0.62  24.6  27.1
300120261323  0.341  6.2  159.4  14.7  0.50  26.8  27.1
300120261324  0.341  6.3  159.6  14.7  0.49  20.1  27.1
300120261325  0.339  6.3  160.8  14.7  0.49  18.7  27.1
300120261326  0.338  6.2  160.6  14.7  0.53  15.1  27.1
300120261327  0.336  6.5  161.1  14.7  0.58  21.5  27.1
300120261328  0.335  6.7  161.7  14.7  0.48  18.1  27.1
300120261329  0.335  7.0  163.0  14.7  0.58  20.1  27.1
300120261330  0.335  7.2  163.1  14.7  0.72  19.3  27.1
300120261331  0.335  7.6  163.5  14.7  0.41  23.2  27.1
300120261332  0.336  7.0  161.4  14.7  0.42  22.7  27.1
300120261333  0.337  7.0  160.3  14.7  0.51  22.1  27.1
300120261334  0.338  6.8  159.4  14.7  0.47  19.5  27.1
300120261335  0.339  6.8  159.3  14.7  0.48  24.4  27.1
300120261336  0.340  6.6  156.9  14.7  0.47  20.0  27.1
300120261337  0.342  6.3  154.8  14.7  0.51  20.5  27.1
300120261338  0.344  6.3  153.8  14.7  0.44  26.3  27.1
300120261339  0.344  6.3  154.3  14.7  0.51  18.8  27.1
300120261340  0.345  6.6  154.1  14.8  0.54  16.6  27.1
300120261341  0.346  6.3  152.7  14.8  0.45  17.7  27.1
300120261342  0.347  6.5  151.0  14.8  0.48  24.8  27.1
300120261343  0.346  6.5  152.5  14.8  0.33  23.5  27.2
300120261344  0.346  6.6  153.7  14.8  0.49  21.1  27.2
300120261345  0.346  6.5  153.4  14.8  0.41  14.1  27.2
300120261346  0.345  6.6  154.8  14.8  0.48  17.0  27.2
300120261347  0.346  6.6  156.9  14.8  0.44  26.3  27.2
300120261348  0.344  6.4  156.7  14.8  0.47  27.0  27.2
300120261349  0.345  6.3  153.7  14.8  0.52  27.3  27.2
300120261350  0.345  5.8  156.7  11.1  0.46  31.4  27.2
300120261351  0.344  5.9  157.1  11.7  0.33  23.8  27.2
300120261352  0.344  6.1  159.0  13.1  0.36  25.0  27.2
300120261353  0.344  6.2  157.6  13.1  0.45  24.6  27.2
300120261354  0.347  6.3  157.0  13.1  0.36  18.7  27.2
300120261355  0.349  6.5  157.8  13.1  0.49  13.0  27.2
300120261356  0.351  6.1  158.4  13.1  0.38  27.0  27.2
300120261357  0.352  6.2  157.0  13.1  0.53  18.0  27.2
300120261358  0.355  6.5  157.1  13.1  0.51  16.5  27.2
300120261359  0.356  6.8  158.0  13.1  0.52  14.1  27.2
300120261400  0.359  6.9  155.2  13.1  0.48  12.8  27.2
300120261401  0.362  6.7  154.8  13.1  0.45  10.0  27.2
300120261402  0.364  6.6  153.0  12.8  0.38  9.4  27.2
300120261403  0.370  6.6  154.8  12.8  0.40  6.9  27.2
300120261404  0.373  6.3  154.9  12.8  0.36  2.9  27.2
300120261405  0.376  6.5  152.9  12.8  0.41  357.4  27.2
300120261406  0.380  6.6  153.6  12.8  0.34  3.4  27.2
300120261407  0.383  6.6  152.1  12.8  0.39  1.1  27.2
300120261408  0.385  6.6  150.8  12.8  0.35  356.6  27.2
300120261409  0.389  6.1  149.8  11.6  0.26  355.0  27.2
300120261410  0.394  6.0  151.5  11.6  0.27  7.1  27.2
300120261411  0.397  6.2  153.7  11.6  0.29  355.7  27.2
300120261412  0.403  6.2  153.7  11.6  0.20  358.5  27.2
300120261413  0.408  5.9  154.6  11.6  0.29  345.5  27.2
300120261414  0.413  6.3  156.6  11.6  0.28  356.4  27.2
300120261415  0.416  6.2  158.6  13.3  0.34  356.1  27.2
300120261416  0.420  6.3  156.2  13.3  0.17  329.1  27.2
300120261417  0.424  6.4  155.9  13.3  0.20  345.7  27.2
300120261418  0.427  6.6  154.9  13.3  0.30  350.6  27.2
300120261419  0.433  6.7  156.2  13.3  0.30  353.3  27.2
300120261420  0.436  7.0  157.7  13.3  0.21  349.9  27.2
300120261421  0.438  6.9  156.5  13.3  0.20  349.0  27.2
300120261422  0.443  6.9  156.9  13.3  0.20  338.4  27.2
300120261423  0.446  7.2  156.2  13.3  0.19  317.8  27.2
300120261424  0.449  7.2  154.6  13.3  0.10  310.6  27.2
300120261425  0.452  7.0  155.5  12.7  0.12  320.4  27.2
300120261426  0.457  6.7  158.1  12.7  0.14  326.1  27.2
300120261427  0.461  6.6  159.0  12.7  0.15  331.0  27.2
300120261428  0.463  6.3  160.7  12.7  0.06  309.2  27.2
300120261429  0.468  6.1  158.3  12.7  0.15  352.7  27.2
300120261430  0.471  5.8  155.7  12.7  0.03  346.8  27.3
300120261431  0.475  5.3  157.1  12.7  0.07  177.5  27.3
300120261432  0.478  5.4  160.7  12.7  0.02  274.8  27.3
300120261433  0.484  5.0  162.8  12.4  0.08  347.0  27.3
300120261434  0.488  4.9  163.3  12.4  0.08  180.5  27.3
300120261435  0.493  5.0  160.8  12.4  0.05  209.1  27.3
300120261436  0.497  5.3  160.2  12.4  0.08  184.7  27.3
300120261437  0.500  5.5  161.1  12.4  nan  nan  nan
300120261438  0.503  5.7  160.1  12.4  0.12  179.0  27.3
300120261439  0.508  5.6  161.4  12.4  0.14  211.9  27.3
300120261440  0.512  5.5  160.1  12.4  0.14  194.0  27.3
300120261441  0.515  5.8  159.4  12.4  0.07  203.6  27.3
300120261442  0.518  5.9  158.3  12.7  0.32  181.6  27.3
300120261443  0.521  6.2  157.7  12.7  0.12  168.6  27.3
300120261444  0.525  6.4  157.1  12.7  0.21  181.6  27.3
300120261445  0.528  6.7  158.3  12.7  0.15  200.7  27.3
300120261446  0.532  6.7  158.0  12.7  0.13  183.9  27.3
300120261447  0.535  6.7  159.5  12.7  0.32  170.3  27.2
300120261448  0.538  6.5  160.3  12.7  0.19  177.8  27.2
300120261449  0.541  6.6  160.3  12.7  0.10  144.2  27.2
300120261450  0.544  7.0  161.6  12.7  0.16  168.2  27.2
300120261451  0.546  6.9  162.0  12.7  0.08  170.3  27.2
300120261452  0.550  6.5  159.2  12.6  0.20  150.2  27.2
300120261453  0.551  6.1  158.3  12.6  0.19  165.0  27.2
300120261454  0.555  6.0  157.9  12.6  0.33  168.9  27.2
300120261455  0.557  5.8  159.3  11.6  0.30  170.9  27.2
300120261456  0.561  5.5  159.3  9.9  0.25  159.0  27.2
300120261457  0.563  5.4  157.1  9.9  0.23  170.3  27.2
300120261458  0.565  5.7  158.1  11.6  0.28  178.4  27.2
300120261459  0.566  5.8  159.6  11.6  0.31  172.2  27.2
300120261500  0.568  5.8  161.3  11.6  0.24  157.1  27.2
300120261501  0.568  5.8  162.2  11.6  0.22  167.5  27.1
300120261502  0.568  6.0  163.3  11.6  0.33  180.4  27.1
300120261503  0.571  6.1  164.5  11.6  0.24  158.9  27.1
300120261504  0.573  5.9  164.6  12.0  0.22  165.7  27.1
300120261505  0.574  6.0  162.9  12.0  0.17  164.9  27.1
300120261506  0.576  6.3  163.0  12.4  0.17  153.9  27.1
300120261507  0.578  6.4  164.2  12.4  0.20  163.2  27.1
300120261508  0.580  6.0  163.1  12.4  0.22  159.3  27.1
300120261509  0.583  5.9  159.8  12.4  0.15  161.4  27.1
300120261510  0.587  5.8  158.2  12.4  0.22  181.4  27.1
300120261511  0.590  6.0  157.0  12.4  0.34  176.8  27.1
300120261512  0.594  6.1  156.9  12.4  0.14  165.2  27.1
300120261513  0.596  6.3  155.5  12.4  0.15  164.4  27.1
300120261514  0.598  6.3  155.7  12.4  0.14  156.5  27.1
300120261515  0.600  6.0  156.4  12.4  0.20  170.0  27.1
300120261516  0.603  5.8  156.2  11.7  0.16  182.2  27.1
300120261517  0.606  5.8  155.4  11.7  0.13  197.0  27.1
300120261518  0.610  6.0  154.1  11.7  0.23  205.5  27.1
300120261519  0.613  6.1  155.4  11.7  0.28  181.1  27.1
300120261520  0.617  6.1  155.6  10.5  0.26  180.3  27.1
300120261521  0.619  5.9  156.2  10.5  0.28  181.3  27.1
300120261522  0.624  5.9  160.0  14.8  0.30  187.8  27.1
300120261523  0.627  5.9  161.9  14.8  0.29  202.8  27.1
300120261524  0.630  6.0  160.2  14.8  0.25  188.2  27.1
300120261525  0.633  6.1  159.1  14.8  0.26  196.3  27.1
300120261526  0.638  6.3  158.7  14.8  0.33  198.0  27.1
300120261527  0.642  6.3  158.2  14.8  0.31  187.8  27.1
300120261528  0.647  6.3  158.3  14.8  0.34  187.7  27.1
300120261529  0.653  6.5  160.0  14.8  0.28  179.6  27.1
300120261530  0.658  6.5  159.7  14.8  0.25  181.1  27.0
300120261531  0.664  6.8  158.4  14.8  0.35  182.3  27.0
300120261532  0.671  6.7  155.4  12.4  0.25  184.2  27.0
300120261533  0.676  6.8  154.0  15.7  0.29  188.9  27.0
300120261534  0.677  7.0  154.7  15.7  0.39  188.9  27.0
300120261535  0.680  7.0  152.5  15.7  0.39  183.7  27.0
300120261536  0.682  6.6  150.4  15.7  0.35  183.6  27.0
300120261537  0.685  6.3  149.3  15.7  0.40  181.4  27.0
300120261538  0.690  6.0  148.8  15.7  0.37  184.0  27.0
300120261539  0.693  5.7  147.1  15.7  0.61  192.9  27.0
300120261540  0.699  5.9  146.6  15.7  0.55  187.2  27.0
300120261541  0.703  5.5  147.6  15.7  0.38  187.7  26.9
300120261542  0.707  5.3  148.4  15.7  0.52  186.0  26.9
300120261543  0.710  5.1  152.0  11.3  0.50  180.5  26.9
300120261544  0.715  4.9  154.0  11.3  0.45  174.8  26.9
300120261545  0.720  4.7  156.7  11.3  0.42  187.1  26.9
300120261546  0.724  4.9  158.0  11.3  0.44  181.4  26.9
300120261547  0.727  5.2  159.7  11.3  0.46  184.1  26.9
300120261548  0.732  5.5  160.7  11.3  0.32  175.3  26.9
300120261549  0.735  5.7  161.7  11.3  0.61  181.3  26.9
300120261550  0.738  5.4  163.3  11.3  0.45  178.5  26.9
300120261551  0.743  5.6  162.0  11.3  0.44  182.7  26.9
300120261552  0.748  5.9  160.8  13.1  0.57  184.5  26.9
300120261553  0.750  6.1  157.1  13.1  0.44  176.0  26.9
300120261554  0.754  6.0  156.3  13.1  0.56  180.1  26.9
300120261555  0.756  6.1  155.9  13.1  0.51  176.0  26.9
300120261556  0.759  6.3  156.1  13.1  0.60  176.8  26.9
300120261557  0.763  6.4  156.5  13.1  0.57  179.7  26.9
300120261558  0.767  6.5  154.9  13.1  0.55  182.8  26.9
300120261559  0.770  6.3  153.8  13.1  0.59  181.4  26.9
300120261600  0.776  6.7  154.4  13.1  0.54  180.1  26.9
300120261601  0.780  6.7  153.2  13.1  0.69  181.7  26.9
300120261602  0.785  6.6  152.4  11.1  0.58  180.7  26.9
300120261603  0.789  6.5  151.8  11.1  0.60  179.9  26.9
300120261604  0.794  6.8  153.5  11.1  0.67  179.0  26.9
300120261605  0.798  7.1  153.8  11.6  0.68  178.0  26.9
300120261606  0.803  6.9  153.5  11.6  0.59  181.2  26.9
300120261607  0.807  6.5  152.4  11.6  0.49  181.5  26.9
300120261608  0.810  6.4  154.7  11.6  0.48  182.3  26.9
300120261609  0.814  6.4  155.9  11.6  0.36  183.5  26.9
300120261610  0.818  6.3  155.6  11.6  0.50  186.4  27.0
300120261611  0.821  6.6  156.4  11.6  0.63  183.6  27.0
300120261612  0.825  6.7  156.8  11.6  0.50  187.8  27.0
300120261613  0.828  6.6  160.4  11.6  0.53  187.2  27.0
300120261614  0.830  6.2  158.4  11.6  0.51  190.0  27.0
300120261615  0.834  6.0  160.6  11.3  0.51  188.0  27.0
300120261616  0.839  6.2  162.6  11.3  0.60  189.6  27.0
300120261617  0.841  6.2  163.4  11.3  0.55  189.6  27.0
300120261618  0.845  6.0  163.2  11.3  0.51  179.9  27.0
300120261619  0.849  6.0  161.0  11.3  0.56  185.4  27.0
300120261620  0.851  5.6  159.2  11.3  0.60  185.5  27.0
300120261621  0.853  5.3  161.1  9.8  0.56  188.2  27.0
300120261622  0.856  5.2  162.1  9.4  0.54  181.3  27.0
300120261623  0.859  5.0  158.3  9.4  0.44  182.6  27.0
300120261624  0.860  5.2  161.4  9.4  0.58  179.1  27.0
300120261625  0.864  5.3  160.9  10.1  0.56  178.3  27.0
300120261626  0.868  5.3  159.4  10.6  0.57  177.5  27.0
300120261627  0.870  5.4  158.4  10.6  0.47  175.6  27.0
300120261628  0.871  5.9  158.5  12.3  0.53  179.1  27.0
300120261629  0.873  6.4  161.1  14.3  0.58  185.6  27.0
300120261630  0.875  6.6  162.1  14.3  0.49  173.6  27.0
300120261631  0.877  6.6  160.7  14.3  0.55  184.1  27.0
300120261632  0.880  6.6  161.6  14.3  0.50  176.0  27.0
300120261633  0.884  6.6  161.5  14.3  0.54  178.2  27.0
300120261634  0.888  6.4  159.0  14.3  0.57  186.7  27.0
300120261635  0.891  6.4  157.7  14.3  0.65  187.6  27.0
300120261636  0.894  6.2  156.3  14.3  0.48  187.2  27.0
300120261637  0.896  6.1  155.5  14.3  0.59  186.0  27.0
300120261638  0.899  5.8  156.6  14.3  0.55  186.8  27.0
300120261639  0.901  5.2  155.3  11.1  0.58  183.1  26.9
300120261640  0.904  5.2  155.6  8.4  0.52  184.2  26.9
300120261641  0.908  5.1  156.8  8.4  0.46  182.0  26.9
300120261642  0.912  5.0  157.0  8.0  0.55  189.6  26.9
300120261643  0.915  5.0  159.6  8.0  0.60  188.2  26.9
300120261644  0.919  4.9  160.7  8.0  0.49  191.1  26.9
300120261645  0.923  4.8  162.3  8.0  0.50  178.0  26.9
300120261646  0.927  4.9  167.1  8.0  0.62  183.8  26.9
300120261647  0.930  4.8  169.3  8.0  0.68  186.4  26.9
300120261648  0.933  4.7  168.2  8.0  0.55  177.9  26.9
300120261649  0.935  4.8  167.0  9.6  0.60  181.9  26.9
300120261650  0.938  5.0  167.2  10.0  0.58  180.7  26.9
300120261651  0.941  5.0  166.2  10.0  0.61  180.6  26.9
300120261652  0.943  5.0  163.9  10.0  0.73  180.2  26.9
300120261653  0.948  5.2  160.9  10.6  0.70  183.1  26.9
300120261654  0.951  5.2  161.7  10.6  0.65  184.0  26.9
300120261655  0.955  5.3  159.8  10.6  0.75  184.3  26.9
300120261656  0.959  5.5  155.7  10.6  0.61  184.3  26.9
300120261657  0.962  5.7  154.2  10.6  0.68  184.0  26.9
300120261658  0.965  5.7  154.4  10.6  0.78  182.8  26.9
300120261659  0.968  5.8  154.4  10.6  0.67  182.5  26.9
300120261700  0.971  5.6  153.4  10.6  0.67  181.5  26.9
300120261701  0.974  5.9  151.5  10.6  0.61  182.3  26.9
300120261702  0.977  6.0  154.6  10.6  0.63  186.8  26.9
300120261703  0.980  5.9  154.2  9.3  0.66  184.9  26.9
300120261704  0.985  6.1  153.4  10.3  0.60  182.2  26.9
300120261705  0.988  6.2  152.3  10.3  0.60  184.8  26.9
300120261706  0.990  6.3  152.9  10.3  0.65  186.2  26.9
300120261707  0.993  6.2  153.5  10.3  0.67  182.1  26.9
300120261708  0.995  6.3  153.1  10.3  0.71  179.7  26.9
300120261709  0.997  6.1  153.7  10.3  0.62  180.7  26.9
300120261710  0.998  6.2  154.2  10.3  0.73  181.3  26.9
300120261711  0.999  5.9  155.0  10.3  0.63  183.1  26.9
300120261712  1.001  5.6  152.9  10.3  0.68  182.9  26.9
300120261713  1.005  5.5  153.0  10.3  0.60  183.2  26.9
300120261714  1.006  5.5  153.1  10.7  0.63  185.0  26.9
300120261715  1.009  5.4  154.6  10.7  0.51  182.3  26.9
300120261716  1.012  5.2  155.1  10.7  0.50  184.2  26.9
300120261717  1.015  5.0  156.1  10.7  0.57  188.2  26.9
300120261718  1.017  4.8  158.9  10.7  0.59  182.9  26.9
300120261719  1.018  4.6  158.4  10.7  0.52  182.4  26.9
300120261720  1.021  4.3  157.0  10.7  0.60  189.6  26.9
300120261721  1.023  4.5  156.9  10.7  0.72  188.8  26.9
300120261722  1.026  4.9  157.1  10.7  0.58  191.9  26.9
300120261723  1.030  4.5  157.2  10.7  0.66  189.7  26.9
300120261724  1.033  4.4  156.0  9.1  0.57  186.3  26.9
300120261725  1.035  4.2  154.6  9.1  0.66  188.5  26.9
300120261726  1.036  4.1  153.5  9.1  0.62  184.8  26.9
300120261727  1.038  4.2  149.8  9.1  0.70  192.4  26.9
300120261728  1.039  4.4  147.3  9.1  0.46  185.9  26.9
300120261729  1.042  4.5  146.3  9.1  0.61  183.6  26.9
300120261730  1.044  4.6  146.7  9.1  0.58  186.2  26.9
300120261731  1.045  4.4  145.6  8.3  0.51  187.2  26.9
300120261732  1.048  4.2  142.3  8.3  0.54  187.5  26.9
300120261733  1.051  4.6  140.9  11.4  0.54  187.7  26.9
300120261734  1.054  4.6  141.3  11.4  0.65  187.4  26.9
300120261735  1.056  4.7  144.7  11.4  0.63  182.0  26.9
300120261736  1.060  5.0  147.0  11.4  0.57  180.4  26.9
300120261737  1.062  5.0  147.8  11.4  0.58  184.8  26.9
300120261738  1.064  5.2  147.3  11.4  0.64  183.5  26.9
300120261739  1.066  5.4  147.8  11.4  0.64  180.7  26.9
300120261740  1.069  5.4  149.1  11.4  0.63  176.4  26.9
300120261741  1.071  5.5  149.1  11.4  0.60  174.9  26.9
300120261742  1.072  5.6  150.7  11.4  0.48  178.0  26.9
300120261743  1.074  5.7  152.4  9.8  0.46  175.3  26.9
300120261744  1.076  5.6  152.8  9.8  0.60  182.4  26.9
300120261745  1.078  5.8  151.0  9.8  0.61  179.6  26.9
300120261746  1.079  5.6  147.7  9.8  0.51  175.9  26.9
300120261747  1.082  5.6  147.6  9.8  0.51  181.7  26.9
300120261748  1.085  5.3  148.9  9.8  0.54  180.9  26.9
300120261749  1.085  5.2  151.8  9.8  0.56  185.0  26.9
300120261750  1.087  5.1  151.1  9.6  0.52  184.6  26.9
300120261751  1.089  5.1  154.3  9.6  0.58  181.4  26.9
300120261752  1.092  4.9  154.2  9.6  0.44  179.5  26.9
300120261753  1.095  4.9  154.4  9.6  0.56  181.8  26.9
300120261754  1.097  5.1  154.0  9.6  0.58  186.2  26.9
300120261755  1.100  5.2  154.5  12.3  0.56  182.6  26.9
300120261756  1.102  5.4  156.7  12.3  0.44  180.8  26.9
300120261757  1.104  5.3  158.1  12.3  0.53  186.6  26.9
300120261758  1.105  5.4  155.8  12.3  0.56  186.2  26.9
300120261759  1.107  5.3  154.1  12.3  0.53  185.6  26.9
300120261800  1.109  5.5  153.9  12.3  0.53  189.2  26.9
300120261801  1.110  5.5  152.3  12.3  0.61  187.2  26.9
300120261802  1.112  5.8  151.6  12.3  0.61  186.7  26.9
300120261803  1.114  5.6  151.9  12.3  0.52  185.5  26.9
300120261804  1.114  5.3  153.1  12.3  0.39  186.5  26.9
300120261805  1.113  5.1  153.8  10.0  0.56  183.8  26.9
300120261806  1.114  4.7  155.7  10.0  0.46  183.9  26.9
300120261807  1.116  4.9  155.9  10.0  0.44  183.1  26.9
300120261808  1.116  5.2  156.0  10.6  0.54  182.6  26.9
300120261809  1.117  5.3  154.6  10.6  0.44  185.5  26.9
300120261810  1.117  5.4  155.0  11.3  0.55  185.3  26.9
300120261811  1.117  5.6  154.2  12.2  0.46  186.1  26.9
300120261812  1.119  5.7  153.8  12.2  0.37  187.0  26.9
300120261813  1.119  5.7  153.5  12.2  0.46  185.9  26.9
300120261814  1.120  6.1  153.4  12.2  0.41  179.2  26.9
300120261815  1.121  6.1  149.2  12.2  0.46  186.8  26.8
300120261816  1.122  6.1  148.7  12.2  0.50  186.7  26.8
300120261817  1.122  6.1  147.7  12.2  0.49  183.2  26.8
300120261818  1.123  5.8  150.0  12.2  0.47  183.4  26.8
300120261819  1.124  5.7  148.8  12.2  0.50  181.1  26.8
300120261820  1.125  5.3  147.2  12.2  0.36  176.2  26.8
300120261821  1.125  5.1  146.8  11.2  0.53  176.8  26.8
300120261822  1.126  4.7  146.5  9.5  0.37  176.5  26.8
300120261823  1.126  4.8  146.1  9.5  0.45  182.3  26.8
300120261824  1.126  4.9  144.7  9.4  0.42  182.8  26.8
300120261825  1.126  4.9  148.5  9.4  0.34  167.1  26.8
300120261826  1.128  5.2  147.0  9.4  0.42  181.8  26.8
300120261827  1.128  5.1  148.1  9.4  0.51  175.7  26.8
300120261828  1.130  5.1  146.4  9.4  0.40  180.8  26.8
300120261829  1.130  5.0  147.6  9.4  0.39  167.7  26.8
300120261830  1.131  5.0  149.5  9.4  0.51  171.5  26.8
300120261831  1.130  5.0  150.7  9.4  0.46  180.6  26.8
300120261832  1.130  4.9  150.3  9.4  0.54  176.7  26.8
300120261833  1.129  4.7  154.2  9.4  0.41  169.7  26.8
300120261834  1.129  4.4  159.5  8.3  0.29  169.0  26.8
300120261835  1.129  4.1  162.8  8.3  0.19  186.6  26.8
300120261836  1.127  4.2  165.1  9.7  0.45  169.7  26.8
300120261837  1.126  4.0  164.6  9.7  0.37  173.8  26.7
300120261838  1.125  4.0  162.7  9.7  0.20  168.0  26.7
300120261839  1.124  4.0  163.9  9.7  0.54  170.3  26.7
300120261840  1.122  4.1  163.0  10.5  0.50  174.0  26.7
300120261841  1.121  4.0  163.9  10.5  0.49  169.0  26.7
300120261842  1.119  4.0  165.8  10.5  0.49  162.6  26.7
300120261843  1.117  4.1  162.4  10.5  0.44  182.7  26.7
300120261844  1.116  4.1  161.7  10.5  0.25  153.5  26.6
300120261845  1.116  4.1  159.8  10.5  0.28  160.6  26.6
300120261846  1.115  3.9  158.1  10.5  0.23  170.5  26.6
300120261847  1.114  3.8  159.9  10.5  0.04  100.0  26.6
300120261848  1.112  3.6  165.3  10.5  0.20  155.5  26.6
300120261849  1.112  3.8  171.3  11.7  0.33  165.4  26.6
300120261850  1.112  3.8  173.3  11.7  0.21  156.6  26.6
300120261851  1.112  3.8  173.2  11.7  0.28  162.7  26.6
300120261852  1.112  3.8  172.4  11.7  0.34  170.7  26.6
300120261853  1.111  3.5  172.5  11.7  0.38  168.9  26.6
300120261854  1.111  3.5  169.0  11.7  0.44  174.9  26.6
300120261855  1.109  3.5  168.2  11.7  0.31  166.4  26.6
300120261856  1.110  3.6  168.8  11.7  0.31  172.4  26.6
300120261857  1.110  3.8  167.0  11.7  0.37  169.2  26.6
300120261858  1.110  3.9  160.9  11.7  0.40  177.0  26.6
300120261859  1.110  3.8  154.5  6.7  0.34  173.1  26.6
300120261900  1.108  4.0  152.0  8.2  0.33  170.8  26.6
300120261901  1.108  4.3  152.1  8.2  0.37  176.1  26.5
300120261902  1.107  4.2  152.6  8.2  0.29  171.3  26.5
300120261903  1.107  4.3  152.0  8.2  0.34  161.4  26.5
300120261904  1.106  4.3  153.6  8.2  0.17  167.0  26.5
300120261905  1.106  4.2  154.3  8.2  0.30  176.3  26.5
300120261906  1.105  4.1  154.2  8.2  0.29  165.1  26.5
300120261907  1.103  3.9  154.4  8.2  0.44  176.6  26.5
300120261908  1.100  3.8  157.6  8.2  0.28  164.2  26.5
300120261909  1.097  3.7  156.3  8.2  0.33  167.9  26.5
300120261910  1.097  3.3  156.5  7.4  0.35  151.7  26.5
300120261911  1.095  3.2  153.9  7.9  0.15  145.5  26.5
300120261912  1.094  3.2  152.7  7.9  0.14  133.5  26.5
300120261913  1.091  3.2  154.5  7.9  0.26  160.7  26.5
300120261914  1.088  3.0  152.6  7.9  0.16  105.7  26.5
300120261915  1.087  2.9  153.0  7.9  0.19  162.9  26.5
300120261916  1.086  2.8  152.3  7.9  0.12  115.2  26.5
300120261917  1.085  2.8  150.6  7.9  0.24  145.6  26.5
300120261918  1.082  3.0  150.0  7.9  0.26  160.0  26.5
300120261919  1.079  3.1  150.3  8.7  0.12  127.0  26.5
300120261920  1.077  3.5  151.4  8.7  0.18  141.5  26.5
300120261921  1.076  3.5  152.3  8.7  0.30  168.8  26.5
300120261922  1.075  3.8  158.2  9.4  0.12  149.0  26.5
300120261923  1.073  3.8  158.9  9.4  0.26  167.1  26.5
300120261924  1.071  3.7  157.7  9.4  0.08  163.4  26.5
300120261925  1.068  3.9  155.4  9.4  0.16  174.7  26.5
300120261926  1.065  4.1  158.2  9.4  0.08  162.2  26.5
300120261927  1.063  4.3  163.6  9.4  0.15  201.0  26.5
300120261928  1.062  4.6  169.8  10.0  0.19  194.0  26.5
300120261929  1.061  4.8  174.6  10.0  0.17  183.4  26.5
300120261930  1.060  4.7  176.3  10.0  0.10  160.8  26.5
300120261931  1.058  4.7  178.8  10.0  0.09  162.3  26.5
300120261932  1.056  4.4  180.2  10.0  0.15  182.3  26.5
300120261933  1.054  4.4  182.9  10.0  0.17  143.6  26.5
300120261934  1.052  4.5  183.9  10.0  0.14  151.6  26.5
300120261935  1.050  4.5  188.3  10.0  0.16  165.3  26.5
300120261936  1.048  4.1  185.6  10.0  0.15  159.2  26.5
300120261937  1.047  3.7  182.9  10.0  nan  nan  nan
300120261938  1.044  3.4  174.5  7.9  0.06  138.7  26.5
300120261939  1.041  3.2  167.8  7.6  0.08  69.5  26.5
300120261940  1.039  3.0  166.7  7.6  0.10  206.3  26.5
300120261941  1.037  2.8  165.1  7.6  nan  nan  nan
300120261942  1.036  2.7  160.2  7.6  0.06  214.1  26.5
300120261943  1.033  2.6  157.0  7.6  0.07  16.7  26.5
300120261944  1.030  2.5  158.5  7.6  0.05  124.6  26.5
300120261945  1.028  2.6  155.9  7.6  0.02  211.8  26.5
300120261946  1.027  2.6  157.4  7.6  0.05  194.4  26.5
300120261947  1.024  2.8  158.8  7.6  0.04  217.8  26.5
300120261948  1.023  2.7  161.7  6.8  0.10  328.8  26.5
300120261949  1.021  2.4  164.6  6.2  0.02  211.8  26.5
300120261950  1.019  2.2  164.8  6.2  0.12  343.0  26.5
300120261951  1.017  2.1  159.4  6.2  0.04  258.2  26.5
300120261952  1.014  2.3  157.2  6.2  0.11  330.6  26.5
300120261953  1.013  2.5  153.7  8.2  0.05  297.7  26.5
300120261954  1.009  2.6  152.0  8.2  0.02  350.0  26.5
300120261955  1.006  2.7  150.4  8.2  0.09  204.9  26.5
300120261956  1.005  2.6  157.0  8.2  0.02  353.3  26.5
300120261957  1.003  2.5  159.4  8.2  0.10  345.4  26.5
300120261958  1.000  2.6  159.2  8.2  0.09  347.1  26.5
300120261959  0.998  2.7  158.9  8.2  0.09  271.2  26.5
300120262000  0.995  2.9  156.9  8.2  0.09  282.5  26.5
300120262001  0.992  3.0  160.3  8.2  0.27  345.1  26.5
300120262002  0.989  3.1  162.5  8.2  0.09  281.3  26.5
300120262003  0.987  3.0  163.4  7.1  0.11  307.0  26.5
300120262004  0.984  3.1  160.2  7.1  0.13  334.0  26.5
300120262005  0.982  3.0  160.8  7.1  0.10  327.3  26.5
300120262006  0.979  3.2  156.8  7.1  0.15  315.5  26.5
300120262007  0.978  3.2  154.5  7.1  0.18  325.0  26.5
300120262008  0.976  3.3  154.9  8.0  0.18  309.9  26.5
300120262009  0.973  3.4  153.5  8.0  0.23  332.8  26.5
300120262010  0.970  3.4  155.9  8.0  0.14  297.2  26.5
300120262011  0.966  3.6  155.8  8.1  0.23  342.8  26.5
300120262012  0.961  3.7  153.2  8.1  0.23  340.2  26.5
300120262013  0.957  3.7  153.8  8.1  0.18  344.3  26.5
300120262014  0.954  4.0  154.7  8.1  0.13  326.8  26.5
300120262015  0.951  4.2  156.0  8.1  0.19  338.5  26.5
300120262016  0.948  4.1  156.8  8.1  0.16  298.9  26.5
300120262017  0.945  4.2  155.1  8.1  0.18  340.6  26.5
300120262018  0.942  4.1  153.8  8.1  0.08  268.4  26.5
300120262019  0.938  4.1  156.2  8.1  0.27  321.8  26.5
300120262020  0.934  4.0  154.2  8.1  0.35  350.6  26.5
300120262021  0.931  3.9  154.4  8.0  0.11  304.8  26.5
300120262022  0.927  3.8  155.2  8.0  0.15  335.9  26.5
300120262023  0.922  3.8  155.1  8.0  0.10  334.2  26.5
300120262024  0.918  3.6  153.2  8.0  0.22  332.5  26.5
300120262025  0.914  3.6  149.9  8.0  0.10  319.5  26.5
300120262026  0.911  3.8  152.1  8.0  0.12  331.5  26.5
300120262027  0.907  3.8  152.2  8.0  0.26  9.2  26.5
300120262028  0.903  3.7  153.2  6.0  0.08  1.9  26.5
300120262029  0.900  3.9  152.0  6.1  0.29  348.1  26.5
300120262030  0.896  4.0  153.1  6.4  0.10  46.7  26.5
300120262031  0.891  3.9  152.9  6.4  0.27  2.5  26.5
300120262032  0.887  3.8  154.6  6.4  0.39  2.3  26.5
300120262033  0.883  3.9  155.8  6.4  0.34  358.7  26.5
300120262034  0.879  3.9  157.2  6.4  0.28  4.8  26.5
300120262035  0.877  3.8  158.1  6.4  0.41  13.5  26.5
300120262036  0.873  3.8  155.6  6.4  0.44  8.5  26.5
300120262037  0.869  3.7  154.2  6.4  0.33  12.4  26.5
300120262038  0.867  3.6  153.9  6.4  0.38  0.7  26.5
300120262039  0.864  3.5  153.0  6.4  0.54  8.8  26.5
300120262040  0.861  3.2  156.3  6.2  0.47  8.3  26.5
300120262041  0.857  3.4  162.4  6.4  0.47  9.8  26.5
300120262042  0.855  3.5  165.1  6.5  0.43  10.0  26.5
300120262043  0.851  3.6  167.8  6.5  0.34  12.0  26.5
300120262044  0.846  3.6  170.6  6.5  0.47  7.4  26.5
300120262045  0.843  3.6  172.6  6.5  0.36  359.0  26.5
300120262046  0.839  3.6  172.1  6.5  0.49  10.2  26.5
300120262047  0.835  3.5  174.9  6.5  0.51  4.5  26.5
300120262048  0.830  3.6  178.2  6.5  0.53  357.3  26.5
300120262049  0.827  3.8  180.8  6.5  0.57  7.6  26.5
300120262050  0.823  3.8  181.0  6.5  0.62  10.0  26.5
300120262051  0.818  3.8  178.6  6.7  0.53  9.2  26.5
300120262052  0.816  3.7  176.3  6.7  0.53  7.9  26.5
300120262053  0.811  3.5  175.4  6.7  0.47  8.6  26.6
300120262054  0.807  3.6  175.3  6.7  0.56  3.2  26.6
300120262055  0.802  3.6  176.4  6.7  0.56  6.2  26.6
300120262056  0.797  3.8  180.3  6.7  0.58  8.5  26.6
300120262057  0.793  4.1  184.0  8.3  0.45  11.5  26.6
300120262058  0.789  4.4  183.4  8.3  0.65  7.6  26.6
300120262059  0.786  4.4  183.4  8.3  0.52  14.5  26.6
300120262100  0.781  4.5  184.2  8.3  0.49  8.9  26.6
300120262101  0.777  4.5  186.5  8.5  0.60  8.7  26.6
300120262102  0.774  4.8  187.4  8.5  0.54  7.3  26.6
300120262103  0.770  4.9  188.2  8.5  0.63  8.4  26.6
300120262104  0.765  4.7  189.1  8.5  0.66  8.7  26.6
300120262105  0.761  4.5  187.4  8.5  0.51  10.0  26.6
300120262106  0.758  4.2  187.6  8.5  0.76  8.8  26.6
300120262107  0.755  3.9  185.4  8.5  0.62  12.3  26.6
300120262108  0.753  3.6  184.8  8.5  0.69  13.2  26.6
300120262109  0.750  3.6  186.5  8.5  0.57  16.7  26.6
300120262110  0.746  3.6  181.7  8.5  0.46  12.9  26.6
300120262111  0.744  3.4  179.7  6.7  0.70  10.6  26.6
300120262112  0.742  3.4  180.4  7.0  0.63  15.6  26.6
300120262113  0.739  3.6  180.1  7.0  0.62  9.5  26.6
300120262114  0.737  3.9  182.1  7.9  0.48  15.1  26.6
300120262115  0.733  4.3  187.1  8.9  0.55  19.3  26.6
300120262116  0.730  4.8  187.1  8.9  0.63  16.0  26.6
300120262117  0.724  5.2  187.7  8.9  0.69  5.8  26.6
300120262118  0.720  5.5  186.0  8.9  0.52  14.7  26.6
300120262119  0.716  5.4  184.5  8.9  0.55  13.9  26.6
300120262120  0.713  5.3  185.7  8.9  0.60  15.9  26.6
300120262121  0.708  5.5  185.5  8.9  0.54  14.5  26.6
300120262122  0.705  5.4  185.9  8.9  0.61  8.9  26.6
300120262123  0.700  5.5  185.2  8.9  0.72  12.2  26.6
300120262124  0.695  5.3  185.4  8.9  0.50  16.5  26.6
300120262125  0.691  5.2  185.4  8.6  0.72  10.3  26.6
300120262126  0.686  5.0  185.1  7.9  0.64  12.4  26.6
300120262127  0.682  4.9  186.0  7.5  0.64  17.0  26.6
300120262128  0.677  4.8  189.3  7.5  0.72  13.9  26.6
300120262129  0.674  4.9  191.7  7.5  0.70  16.7  26.6
300120262130  0.670  5.2  192.0  7.5  0.75  12.4  26.6
300120262131  0.665  5.2  191.7  7.5  0.71  20.2  26.6
300120262132  0.660  5.1  192.3  7.5  0.73  17.0  26.6
300120262133  0.656  5.1  192.8  7.6  0.64  20.7  26.7
300120262134  0.652  5.4  193.3  7.8  0.64  16.4  26.7
300120262135  0.649  5.5  193.3  7.8  0.62  15.6  26.7
300120262136  0.646  5.4  192.4  7.8  0.65  17.9  26.7
300120262137  0.642  5.3  192.6  7.8  0.74  20.2  26.7
300120262138  0.639  5.3  189.5  7.8  0.60  13.7  26.7
300120262139  0.634  5.3  188.9  7.8  0.83  21.1  26.7
300120262140  0.629  5.2  189.4  7.8  0.74  20.8  26.7
300120262141  0.625  5.4  190.8  7.9  0.60  25.1  26.7
300120262142  0.621  5.3  188.2  7.9  0.67  18.2  26.7
300120262143  0.618  5.2  188.0  7.9  0.62  23.4  26.7
300120262144  0.615  5.2  187.3  7.9  0.64  22.2  26.7
300120262145  0.611  5.0  187.7  7.9  0.59  25.6  26.7
300120262146  0.606  5.0  188.4  7.9  0.54  18.4  26.7
300120262147  0.601  4.8  188.2  7.9  0.46  21.3  26.7
300120262148  0.599  5.0  191.5  8.3  0.57  28.4  26.7
300120262149  0.594  5.0  190.2  8.3  0.57  20.0  26.7
300120262150  0.589  5.2  189.5  8.9  0.64  19.5  26.7
300120262151  0.586  5.4  186.8  10.0  0.58  27.5  26.7
300120262152  0.580  5.5  185.0  10.0  0.61  18.5  26.7
300120262153  0.576  5.6  184.6  10.0  0.49  12.3  26.7
300120262154  0.571  5.5  183.6  10.0  0.66  14.6  26.7
300120262155  0.566  5.7  181.8  10.0  0.55  17.7  26.7
300120262156  0.561  5.9  182.0  10.0  0.64  18.9  26.7
300120262157  0.557  6.2  182.6  10.0  0.75  19.3  26.7
300120262158  0.553  6.5  182.1  12.3  0.68  10.7  26.7
300120262159  0.548  6.5  181.7  12.3  0.73  15.2  26.7
300120262200  0.544  6.2  182.4  12.3  0.57  26.6  26.7
300120262201  0.538  5.8  181.7  12.3  0.69  15.0  26.7
300120262202  0.535  5.6  183.9  12.3  0.74  20.0  26.7
300120262203  0.531  5.4  183.7  12.3  0.66  14.4  26.7
300120262204  0.527  5.2  182.0  12.3  0.64  19.6  26.7
300120262205  0.522  5.0  181.2  12.3  0.70  16.2  26.7
300120262206  0.519  4.5  180.0  12.3  0.65  15.1  26.7
300120262207  0.516  4.3  179.5  12.3  0.70  17.4  26.7
300120262208  0.511  4.1  181.3  8.6  0.69  14.5  26.7
300120262209  0.508  4.0  177.6  8.6  0.61  16.6  26.7
300120262210  0.505  3.9  174.0  8.6  0.54  19.6  26.8
300120262211  0.501  3.8  176.4  8.6  0.71  11.3  26.8
300120262212  0.498  3.7  173.7  8.6  0.58  14.8  26.8
300120262213  0.495  3.7  172.0  8.6  0.68  16.7  26.8
300120262214  0.492  3.8  174.8  8.6  0.68  19.2  26.8
300120262215  0.488  4.0  176.2  8.6  0.55  16.3  26.8
300120262216  0.486  4.3  177.7  8.6  0.48  18.4  26.8
300120262217  0.483  4.6  178.7  9.0  0.58  18.9  26.8
300120262218  0.478  4.6  174.4  9.0  0.57  17.7  26.8
300120262219  0.474  4.6  176.8  9.0  0.70  17.8  26.8
300120262220  0.471  4.8  176.0  9.0  0.57  22.9  26.8
300120262221  0.467  4.8  174.0  9.0  0.64  24.2  26.8
300120262222  0.463  4.9  176.1  9.0  0.61  21.7  26.8
300120262223  0.460  5.0  176.0  9.0  0.70  20.6  26.8
300120262224  0.457  4.7  174.6  9.0  0.57  19.2  26.8
300120262225  0.453  4.3  173.0  9.0  0.60  26.3  26.8
300120262226  0.449  4.2  172.8  9.0  0.60  18.9  26.8
300120262227  0.445  4.0  171.2  7.7  0.50  16.5  26.8
300120262228  0.440  3.7  170.6  7.5  0.48  16.2  26.8
300120262229  0.437  3.6  170.5  7.5  0.66  18.0  26.8
300120262230  0.434  3.2  169.4  6.4  0.66  17.9  26.8
300120262231  0.430  3.0  169.6  6.4  0.56  17.4  26.8
300120262232  0.426  2.8  167.6  6.4  0.69  18.2  26.8
300120262233  0.422  2.8  169.1  6.4  0.67  16.7  26.8
300120262234  0.420  2.9  173.2  6.4  0.71  12.5  26.8
300120262235  0.416  3.2  177.4  6.4  0.74  14.1  26.8
300120262236  0.413  3.2  180.4  6.5  0.58  17.5  26.8
300120262237  0.409  3.3  182.5  8.0  0.60  23.2  26.8
300120262238  0.406  3.5  184.5  8.0  0.71  16.1  26.8
300120262239  0.401  3.8  185.9  8.5  0.73  15.2  26.8
300120262240  0.398  3.9  186.5  8.5  0.64  19.8  26.8
300120262241  0.394  4.4  188.8  8.5  0.63  22.1  26.8
300120262242  0.389  4.7  191.7  8.5  0.71  15.5  26.8
300120262243  0.387  4.9  193.4  8.5  0.72  16.1  26.8
300120262244  0.384  5.1  193.6  8.5  0.67  19.5  26.8
300120262245  0.381  5.2  193.1  8.5  0.68  15.7  26.8
300120262246  0.378  5.1  188.7  8.5  0.74  10.9  26.8
300120262247  0.376  4.8  186.7  8.5  0.70  16.2  26.8
300120262248  0.374  4.8  186.8  8.5  0.77  15.7  26.8
300120262249  0.370  4.9  186.6  8.5  0.67  23.7  26.8
300120262250  0.369  5.0  188.0  8.5  0.60  16.8  26.8
300120262251  0.366  4.8  188.2  8.5  0.61  17.6  26.8
300120262252  0.363  4.8  188.1  8.5  0.55  12.0  26.8
300120262253  0.361  4.8  185.2  8.5  0.64  16.1  26.8
300120262254  0.358  4.7  182.8  8.5  0.70  22.2  26.8
300120262255  0.356  4.5  178.6  8.5  0.60  20.7  26.8
300120262256  0.355  4.5  180.2  8.5  0.64  15.9  26.8
300120262257  0.353  4.6  179.7  8.5  0.64  19.6  26.8
300120262258  0.351  4.4  178.9  8.5  0.68  15.4  26.8
300120262259  0.349  4.5  179.8  8.2  0.63  18.0  26.8
300120262300  0.347  4.4  178.9  8.2  0.55  16.3  26.8
300120262301  0.344  4.4  176.9  8.2  0.63  15.5  26.8
300120262302  0.341  4.1  173.5  8.2  0.47  19.6  26.8
300120262303  0.339  3.9  175.2  8.2  0.57  16.8  26.8
300120262304  0.337  3.7  173.9  8.2  0.59  18.4  26.8
300120262305  0.335  3.5  172.8  8.2  0.59  18.2  26.8
300120262306  0.333  3.3  169.7  8.2  0.68  13.4  26.8
300120262307  0.330  3.1  167.3  8.2  0.66  10.7  26.8
300120262308  0.328  3.0  165.4  8.2  0.59  15.7  26.8
300120262309  0.326  2.9  161.6  7.6  0.65  13.1  26.8
300120262310  0.321  2.9  156.2  7.6  0.56  20.3  26.8
300120262311  0.319  3.0  150.2  7.6  0.63  15.5  26.8
300120262312  0.314  3.2  149.3  7.6  0.74  16.1  26.8
300120262313  0.313  3.3  146.0  7.6  0.61  18.3  26.8
300120262314  0.311  3.4  145.4  7.6  0.62  18.6  26.8
300120262315  0.307  3.4  147.8  7.6  0.73  15.6  26.8
300120262316  0.304  3.5  148.0  7.6  0.65  13.1  26.8
300120262317  0.301  3.5  148.7  7.6  0.58  15.4  26.8
300120262318  0.296  3.5  148.2  7.6  0.66  14.1  26.8
300120262319  0.293  3.3  147.4  5.6  0.72  11.1  26.8
300120262320  0.289  3.2  152.5  5.6  0.68  19.6  26.8
300120262321  0.287  3.2  157.0  5.4  0.67  19.3  26.8
300120262322  0.286  3.1  158.2  5.4  0.58  12.9  26.8
300120262323  0.284  3.0  162.3  5.4  0.62  12.0  26.8
300120262324  0.282  2.8  165.9  5.4  0.66  18.2  26.8
300120262325  0.280  2.8  174.2  5.5  0.59  20.7  26.8
300120262326  0.278  3.1  184.4  6.5  0.53  22.7  26.8
300120262327  0.275  3.4  187.5  8.4  0.68  14.8  26.8
300120262328  0.273  3.5  187.0  8.4  0.52  19.2  26.8
300120262329  0.269  3.6  188.8  8.4  0.59  22.3  26.8
300120262330  0.267  3.7  189.3  8.4  0.51  14.2  26.8
300120262331  0.264  3.9  192.9  8.4  0.62  18.5  26.8
300120262332  0.262  4.2  192.7  8.4  0.58  21.5  26.8
300120262333  0.259  4.1  191.6  8.4  0.52  18.8  26.8
300120262334  0.258  4.5  192.0  8.4  0.78  15.1  26.8
300120262335  0.256  4.7  188.7  8.4  0.63  15.4  26.8
300120262336  0.254  4.6  185.0  8.4  0.69  19.5  26.8
300120262337  0.252  4.6  184.2  7.1  0.53  17.8  26.8
300120262338  0.249  4.7  186.6  7.1  0.70  14.3  26.9
300120262339  0.246  4.7  185.2  7.1  0.63  20.1  26.9
300120262340  0.243  4.7  185.1  7.1  0.48  17.2  26.8
300120262341  0.241  4.4  183.5  7.1  0.68  18.2  26.9
300120262342  0.238  4.2  183.7  7.1  0.62  22.1  26.9
300120262343  0.236  4.2  183.5  7.1  0.58  16.4  26.9
300120262344  0.232  4.0  176.9  7.1  0.62  16.9  26.9
300120262345  0.230  3.8  172.6  6.6  0.69  15.7  26.9
300120262346  0.228  3.6  174.7  6.1  0.65  16.7  26.9
300120262347  0.225  3.6  175.0  7.4  0.65  16.4  26.9
300120262348  0.222  3.5  173.9  7.4  0.60  20.3  26.9
300120262349  0.220  3.3  173.5  7.4  0.55  23.4  26.9
300120262350  0.217  3.2  170.1  7.4  0.71  23.7  26.9
300120262351  0.214  3.2  165.9  7.4  0.58  26.2  26.9
300120262352  0.212  3.0  166.5  7.4  0.60  20.8  26.9
300120262353  0.210  2.9  164.4  7.4  0.61  20.6  26.9
300120262354  0.207  2.9  171.8  7.4  0.56  17.6  26.9
300120262355  0.205  3.0  181.0  7.4  0.62  20.0  26.9
300120262356  0.203  3.1  182.2  7.4  0.42  17.7  26.9
300120262357  0.202  3.2  184.1  7.4  0.49  22.3  26.9
300120262358  0.201  3.4  185.0  7.6  0.58  18.2  26.9
300120262359  0.200  3.6  186.6  7.6  0.58  19.2  26.9
310120260000  0.200  3.7  189.6  7.6  0.51  16.2  26.9
310120260001  0.199  4.0  191.9  7.6  0.62  16.3  26.9
310120260002  0.199  4.2  191.4  7.6  0.56  24.2  26.9
310120260003  0.197  4.4  192.2  7.6  0.60  26.3  26.9
310120260004  0.199  4.4  191.1  7.6  0.62  20.4  26.9
310120260005  0.199  4.4  189.2  7.6  0.55  22.9  26.9
310120260006  0.199  4.6  189.9  9.3  0.55  19.0  26.9
310120260007  0.199  4.6  188.9  9.3  0.55  23.4  26.9
310120260008  0.201  4.6  188.7  9.3  0.43  30.1  26.9
310120260009  0.201  4.5  188.3  9.3  0.52  32.6  26.9
310120260010  0.201  4.6  190.4  9.3  0.57  22.0  26.9
310120260011  0.202  4.7  192.5  9.3  0.51  22.2  26.9
310120260012  0.203  4.7  194.9  9.3  0.47  18.4  26.9
310120260013  0.205  4.9  197.9  9.3  0.48  24.2  26.9
310120260014  0.207  5.1  199.8  9.3  0.47  29.9  26.9
310120260015  0.210  5.3  200.6  9.3  0.40  25.2  26.9
310120260016  0.212  5.2  200.6  7.9  0.46  24.1  26.9
310120260017  0.211  5.1  203.3  7.2  0.35  37.4  26.9
310120260018  0.212  5.2  205.0  7.2  0.35  26.7  26.9
310120260019  0.212  5.3  206.7  7.2  0.38  25.6  26.9
310120260020  0.213  5.2  205.5  7.2  0.32  22.1  26.9
310120260021  0.214  5.2  204.9  7.2  0.34  31.3  26.9
310120260022  0.216  5.3  204.3  7.2  0.49  24.1  26.9
310120260023  0.218  5.3  202.4  7.2  0.54  19.6  27.0
310120260024  0.219  5.4  201.7  7.2  0.46  11.0  27.0
310120260025  0.219  5.2  201.4  7.2  0.57  10.4  27.0
310120260026  0.219  5.1  201.4  7.2  0.53  10.0  27.0
310120260027  0.220  5.0  200.7  7.2  0.46  10.0  27.0
310120260028  0.219  4.9  199.6  7.2  0.48  5.4  27.0
310120260029  0.219  4.9  199.8  7.2  0.40  1.0  27.0
310120260030  0.219  4.8  201.0  7.2  0.40  6.6  27.0
310120260031  0.219  4.8  202.1  7.2  0.54  1.6  27.0
310120260032  0.219  4.7  201.8  7.2  0.38  358.7  27.0
310120260033  0.219  4.6  203.8  6.8  0.41  0.2  27.0
310120260034  0.220  4.5  204.1  7.2  0.38  6.7  27.0
310120260035  0.220  4.5  203.1  7.2  0.43  356.5  27.0
310120260036  0.221  4.5  201.0  7.2  0.36  359.2  27.0
310120260037  0.221  4.6  201.0  7.2  0.27  357.1  27.0
310120260038  0.221  4.8  198.6  8.4  0.40  348.6  27.0
310120260039  0.221  5.1  195.2  9.3  0.44  358.4  27.0
310120260040  0.221  5.4  191.5  9.3  0.36  352.9  27.0
310120260041  0.219  5.4  189.1  9.3  0.40  3.6  27.0
310120260042  0.219  5.6  188.7  9.3  0.48  2.1  27.0
310120260043  0.219  5.7  185.8  9.3  0.39  351.7  27.0
310120260044  0.219  5.6  182.2  9.3  0.58  355.4  27.0
310120260045  0.220  5.6  180.9  9.3  0.41  357.5  27.0
310120260046  0.221  5.5  179.2  9.3  0.34  0.5  27.0
310120260047  0.222  5.3  177.6  9.3  0.39  354.4  27.0
310120260048  0.222  5.1  177.6  9.3  0.47  5.0  27.0
310120260049  0.222  4.7  178.1  9.2  0.53  359.8  27.0
310120260050  0.222  4.4  179.8  7.4  0.58  3.5  27.0
310120260051  0.223  4.5  179.9  7.4  0.36  2.5  27.0
310120260052  0.224  4.2  176.8  7.4  0.43  2.2  27.0
310120260053  0.224  4.0  177.4  7.0  0.41  5.1  27.0
310120260054  0.224  3.8  179.2  7.0  0.49  8.6  27.0
310120260055  0.225  3.6  178.0  7.0  0.37  5.8  27.0
310120260056  0.226  3.6  182.0  7.0  0.39  356.3  27.0
310120260057  0.227  3.7  182.1  7.6  0.43  359.2  27.0
310120260058  0.228  3.7  181.3  7.6  0.41  0.1  27.0
310120260059  0.228  3.6  180.0  7.6  0.45  9.0  27.0
310120260100  0.228  3.5  179.8  7.6  0.43  359.3  27.0
310120260101  0.230  3.3  181.6  7.6  0.35  3.7  27.0
310120260102  0.232  3.4  185.2  7.6  0.47  6.2  27.0
310120260103  0.232  3.5  186.6  7.6  0.42  1.2  27.0
310120260104  0.233  3.6  190.0  7.6  0.44  1.1  27.0
310120260105  0.236  3.7  193.9  7.6  0.43  6.4  27.0
310120260106  0.237  4.0  192.9  8.0  0.42  6.3  27.0
310120260107  0.238  4.1  192.2  8.0  0.45  1.5  27.0
310120260108  0.238  4.3  193.2  8.0  0.47  354.1  27.0
310120260109  0.241  4.4  192.6  8.0  0.36  352.5  27.0
310120260110  0.242  4.5  193.3  8.0  0.36  359.1  27.0
310120260111  0.242  4.5  192.4  8.0  0.36  3.1  27.0
310120260112  0.245  4.5  193.0  8.0  0.27  358.9  27.0
310120260113  0.248  4.6  193.6  8.0  0.42  6.8  27.0
310120260114  0.249  4.7  191.4  8.0  0.39  354.3  27.0
310120260115  0.252  4.9  188.5  8.0  0.30  1.4  27.0
310120260116  0.255  4.6  186.3  7.3  0.44  358.7  27.0
310120260117  0.256  4.4  184.1  7.3  0.35  359.4  27.0
310120260118  0.258  4.1  182.6  7.3  0.34  356.7  27.0
310120260119  0.262  4.1  184.0  7.3  0.27  358.7  27.0
310120260120  0.266  4.1  181.8  7.3  0.32  355.8  27.0
310120260121  0.269  4.0  178.4  7.3  0.25  351.7  27.0
310120260122  0.272  4.0  178.3  7.3  0.38  2.6  27.0
310120260123  0.277  3.9  180.3  7.3  0.30  355.8  27.1
310120260124  0.279  3.9  181.6  7.3  0.19  349.4  27.1
310120260125  0.284  3.9  185.3  6.3  0.30  2.2  27.1
310120260126  0.287  4.1  189.2  6.8  0.20  349.6  27.1
310120260127  0.291  4.2  191.6  6.8  0.20  0.1  27.1
310120260128  0.295  4.4  194.7  6.8  0.22  331.2  27.1
310120260129  0.299  4.4  196.3  6.8  0.21  1.5  27.1
310120260130  0.303  4.3  199.5  6.8  0.24  358.6  27.1
310120260131  0.307  4.7  203.0  7.7  0.18  356.9  27.1
310120260132  0.313  4.7  201.4  7.7  0.23  345.8  27.1
310120260133  0.317  4.4  197.7  7.7  0.16  347.9  27.1
310120260134  0.322  4.0  195.7  7.7  0.09  339.0  27.1
310120260135  0.327  3.6  193.6  7.7  0.09  5.0  27.1
310120260136  0.332  3.3  190.3  7.7  0.19  351.0  27.1
310120260137  0.337  3.0  190.4  7.7  0.11  330.6  27.1
310120260138  0.342  2.9  182.7  7.7  0.12  296.3  27.1
310120260139  0.346  2.7  175.0  7.7  0.09  241.9  27.1
310120260140  0.351  2.7  171.0  7.7  0.08  242.3  27.1
310120260141  0.356  2.5  168.3  5.2  0.06  211.8  27.1
310120260142  0.361  2.5  169.3  5.2  0.04  201.3  27.1
310120260143  0.366  2.6  173.6  6.5  0.08  240.9  27.1
310120260144  0.369  2.9  180.0  7.9  0.12  182.6  27.1
310120260145  0.375  3.3  181.5  7.9  0.17  173.2  27.1
310120260146  0.379  3.7  181.7  7.9  0.18  193.7  27.1
310120260147  0.385  4.0  182.0  7.9  0.20  179.5  27.1
310120260148  0.389  4.3  182.7  7.9  0.18  165.7  27.1
310120260149  0.394  4.4  184.8  7.9  0.22  190.0  27.1
310120260150  0.399  4.5  184.8  7.9  0.15  172.3  27.1
310120260151  0.404  4.6  184.5  7.9  0.27  183.5  27.0
310120260152  0.408  4.7  184.4  7.9  0.28  185.2  27.0
310120260153  0.413  4.8  183.5  7.9  0.18  179.3  27.0
310120260154  0.417  4.7  181.5  7.9  0.29  187.7  27.0
310120260155  0.421  4.5  180.8  7.9  0.29  183.8  27.0
310120260156  0.426  4.4  181.4  7.9  0.34  185.7  27.0
310120260157  0.432  4.2  178.9  6.9  0.35  187.8  27.0
310120260158  0.436  4.0  181.8  6.5  0.23  184.2  27.0
310120260159  0.441  4.1  182.5  6.5  0.22  173.8  27.0
310120260200  0.447  4.2  184.2  6.5  0.31  175.8  27.0
310120260201  0.453  4.0  180.6  6.5  0.26  180.3  27.0
310120260202  0.458  3.7  178.4  6.5  0.09  141.4  27.0
310120260203  0.462  3.5  180.2  6.5  0.23  174.1  27.0
310120260204  0.467  3.5  182.1  6.5  0.26  182.4  26.9
310120260205  0.471  3.7  184.4  6.5  0.24  191.9  26.9
310120260206  0.476  3.7  188.4  6.1  0.17  213.4  26.9
310120260207  0.481  4.0  194.2  6.7  0.11  166.7  26.9
310120260208  0.487  4.2  194.6  7.5  0.27  176.1  26.9
310120260209  0.494  4.3  196.1  7.5  0.31  175.4  26.9
310120260210  0.500  4.3  194.8  7.5  0.18  179.3  26.9
310120260211  0.505  4.5  197.8  7.5  0.24  190.9  26.9
310120260212  0.511  4.8  201.0  7.5  0.32  192.4  26.9
310120260213  0.517  5.0  200.9  7.5  0.25  190.4  26.9
310120260214  0.522  5.2  199.9  7.5  0.29  190.4  26.9
310120260215  0.527  5.1  199.2  7.5  0.30  192.6  26.9
310120260216  0.532  5.0  198.3  7.5  0.34  193.9  26.9
310120260217  0.537  4.9  197.1  7.5  0.39  194.0  26.9
310120260218  0.543  4.9  198.1  8.0  0.45  190.0  26.9
310120260219  0.548  4.9  198.8  8.0  0.36  195.3  26.9
310120260220  0.553  4.9  199.5  8.0  0.33  196.9  26.9
310120260221  0.558  5.0  198.1  8.0  0.36  194.9  26.9
310120260222  0.562  5.0  195.6  8.0  0.37  193.6  26.9
310120260223  0.567  4.9  196.0  8.0  0.39  197.4  26.9
310120260224  0.570  4.8  197.2  8.0  0.40  198.1  26.9
310120260225  0.574  4.9  197.1  8.0  0.36  193.1  26.9
310120260226  0.578  4.8  196.3  8.0  0.40  188.0  26.9
310120260227  0.583  4.8  195.4  8.0  0.36  184.8  26.9
310120260228  0.588  4.7  194.5  6.0  0.53  187.5  26.9
310120260229  0.592  4.6  194.1  6.0  0.49  187.0  26.8
310120260230  0.597  4.6  194.4  6.0  0.61  183.2  26.8
310120260231  0.601  4.6  196.0  6.4  0.54  185.7  26.8
310120260232  0.605  4.7  198.1  6.5  0.50  183.3  26.8
310120260233  0.611  4.7  196.8  6.5  0.50  177.6  26.8
310120260234  0.618  4.6  197.4  6.5  0.45  174.8  26.8
310120260235  0.624  4.5  197.7  6.5  0.49  182.9  26.8
310120260236  0.629  4.5  199.0  6.5  0.51  180.3  26.8
310120260237  0.634  4.7  200.4  6.5  0.52  176.0  26.8
310120260238  0.639  4.8  200.5  6.7  0.62  176.5  26.8
310120260239  0.643  4.9  200.2  6.7  0.47  176.5  26.8
310120260240  0.648  5.1  200.6  6.7  0.62  187.9  26.8
310120260241  0.652  5.0  200.8  6.7  0.52  176.6  26.8
310120260242  0.658  4.9  200.0  6.7  0.46  181.0  26.8
310120260243  0.664  4.9  199.3  6.7  0.58  186.4  26.8
310120260244  0.669  4.9  198.3  6.7  0.44  176.6  26.8
310120260245  0.673  5.0  198.5  6.7  0.61  174.5  26.8
310120260246  0.680  5.1  198.6  6.7  0.73  181.4  26.8
310120260247  0.685  5.1  198.2  6.7  0.62  181.5  26.8
310120260248  0.691  5.1  197.7  6.5  0.56  181.8  26.8
310120260249  0.695  5.0  198.0  6.5  0.60  176.1  26.8
310120260250  0.700  4.9  198.0  6.2  0.50  172.8  26.8
310120260251  0.704  4.8  198.2  6.2  0.68  173.5  26.8
310120260252  0.710  4.8  199.1  6.2  0.79  180.8  26.8
310120260253  0.715  4.7  201.0  6.1  0.67  177.7  26.8
310120260254  0.720  4.7  201.5  6.1  0.78  178.9  26.8
310120260255  0.726  4.8  203.1  6.1  0.56  180.0  26.8
310120260256  0.731  4.7  202.7  6.1  0.59  183.0  26.8
310120260257  0.735  4.6  202.4  6.1  0.74  180.6  26.8
310120260258  0.740  4.5  202.6  5.9  0.61  183.2  26.8
310120260259  0.746  4.5  203.5  6.1  0.72  178.9  26.8
310120260300  0.750  4.6  203.3  6.5  0.76  178.9  26.8
310120260301  0.754  4.7  204.0  6.6  0.85  183.8  26.8
310120260302  0.758  4.9  203.5  7.3  0.79  180.6  26.8
310120260303  0.761  4.9  203.8  7.3  0.53  179.1  26.8
310120260304  0.765  5.0  204.3  7.3  0.67  179.4  26.8
310120260305  0.769  5.0  203.6  7.3  0.72  180.8  26.8
310120260306  0.776  5.0  203.1  7.3  0.76  177.7  26.8
310120260307  0.781  5.1  202.5  7.3  0.76  182.6  26.8
310120260308  0.788  5.1  201.7  7.3  0.70  180.4  26.8
310120260309  0.794  5.0  200.2  7.3  0.71  181.6  26.8
310120260310  0.800  4.8  199.2  7.3  0.61  180.5  26.8
310120260311  0.806  4.7  197.9  7.3  0.79  182.7  26.8
310120260312  0.812  4.6  197.2  6.5  0.76  184.2  26.8
310120260313  0.818  4.7  197.5  7.0  0.79  182.3  26.8
310120260314  0.825  4.5  197.4  7.0  0.67  182.4  26.8
310120260315  0.833  4.5  197.3  7.0  0.82  183.8  26.8
310120260316  0.840  4.5  196.9  7.0  0.70  181.7  26.8
310120260317  0.847  4.4  197.1  7.0  0.74  181.8  26.8
310120260318  0.854  4.4  197.4  7.0  0.62  182.7  26.8
310120260319  0.862  4.7  197.7  7.0  0.77  182.3  26.8
310120260320  0.870  4.7  198.4  7.0  0.77  186.5  26.8
310120260321  0.878  4.8  198.0  7.0  0.85  185.7  26.8
310120260322  0.887  4.7  198.7  7.0  0.76  183.1  26.8
310120260323  0.894  4.7  198.4  6.2  0.69  184.0  26.8
310120260324  0.902  4.8  197.2  6.4  0.82  186.5  26.8
310120260325  0.910  4.8  196.7  6.4  0.79  187.7  26.8
310120260326  0.916  4.9  197.0  6.4  0.81  185.2  26.8
310120260327  0.924  5.0  197.9  6.4  0.84  188.3  26.8
310120260328  0.932  5.0  198.8  6.9  0.79  188.9  26.8
310120260329  0.939  5.1  198.5  7.6  0.78  188.0  26.8
310120260330  0.947  5.1  197.8  7.6  0.87  185.4  26.8
310120260331  0.953  5.2  198.3  7.6  0.82  187.3  26.8
310120260332  0.960  5.3  198.5  7.6  0.76  185.0  26.8
310120260333  0.967  5.3  198.1  7.6  0.75  189.1  26.7
310120260334  0.973  5.4  198.0  7.6  0.72  186.4  26.7
310120260335  0.980  5.4  197.2  7.6  0.82  186.1  26.7
310120260336  0.986  5.4  198.3  7.6  0.71  183.4  26.7
310120260337  0.992  5.6  198.9  7.6  0.94  181.2  26.7
310120260338  0.999  5.5  199.0  7.6  0.75  185.8  26.7
310120260339  1.005  5.4  198.8  7.2  0.78  184.6  26.7
310120260340  1.011  5.6  199.3  7.6  0.97  183.9  26.7
310120260341  1.017  5.6  198.7  7.6  0.78  177.0  26.7
310120260342  1.023  5.5  197.8  7.6  0.76  179.6  26.7
310120260343  1.030  5.4  197.4  7.6  0.76  180.5  26.7
310120260344  1.035  5.3  196.8  7.6  0.88  188.5  26.7
310120260345  1.041  5.2  196.8  7.6  0.86  186.6  26.7
310120260346  1.046  5.0  196.0  7.6  0.82  184.6  26.7
310120260347  1.053  4.9  196.2  7.6  0.87  190.0  26.7
310120260348  1.058  5.0  193.9  7.6  0.84  188.7  26.7
310120260349  1.066  5.0  193.9  7.6  0.74  188.3  26.7
310120260350  1.073  4.8  194.2  7.6  0.87  189.6  26.7
310120260351  1.078  4.8  194.9  7.6  0.83  183.4  26.7
310120260352  1.085  4.9  195.6  7.6  0.74  184.9  26.7
310120260353  1.090  4.9  196.3  7.6  0.90  182.9  26.7
310120260354  1.094  4.9  197.5  7.6  0.78  185.4  26.7
310120260355  1.101  5.1  198.9  7.6  0.82  183.2  26.7
310120260356  1.106  5.4  199.5  7.6  0.82  183.8  26.7
310120260357  1.111  5.5  199.0  7.6  0.84  178.5  26.7
310120260358  1.115  5.6  201.9  8.3  0.74  181.5  26.6
310120260359  1.120  5.6  202.6  8.3  0.89  182.6  26.6
310120260400  1.126  5.8  203.6  8.3  0.87  184.6  26.6
310120260401  1.133  6.0  203.4  8.3  0.85  182.4  26.6
310120260402  1.138  5.9  203.6  8.3  0.88  181.8  26.6
310120260403  1.142  6.0  203.4  8.3  0.85  179.6  26.6
310120260404  1.147  6.1  204.3  8.3  0.87  178.2  26.6
310120260405  1.152  6.2  204.2  8.3  0.88  175.6  26.6
310120260406  1.156  6.1  204.1  8.3  0.89  174.8  26.6
310120260407  1.161  6.1  204.0  8.3  0.85  178.9  26.6
310120260408  1.167  6.0  203.3  8.3  0.94  175.0  26.6
310120260409  1.172  5.9  202.6  8.3  0.91  176.6  26.6
310120260410  1.178  5.8  200.8  8.3  0.82  171.3  26.6
310120260411  1.184  5.8  200.8  7.2  0.83  179.1  26.6
310120260412  1.190  5.8  200.2  7.2  1.02  178.3  26.5
310120260413  1.196  5.7  200.5  7.2  0.92  177.0  26.5
310120260414  1.203  5.8  199.0  7.3  0.95  176.1  26.5
310120260415  1.210  5.7  198.0  7.3  0.99  175.7  26.5
310120260416  1.217  5.7  197.6  7.3  0.91  174.3  26.5
310120260417  1.224  5.4  197.1  7.3  0.97  176.0  26.5
310120260418  1.229  5.3  197.0  7.3  1.04  177.7  26.5
310120260419  1.235  5.3  198.3  7.3  0.99  176.5  26.5
310120260420  1.242  5.4  198.3  7.3  0.93  176.7  26.5
310120260421  1.248  5.4  199.0  7.4  0.87  178.0  26.5
310120260422  1.254  5.4  199.1  7.4  0.86  174.9  26.5
310120260423  1.261  5.5  199.2  7.4  0.91  178.3  26.5
310120260424  1.267  5.3  200.1  7.4  0.98  177.9  26.5
310120260425  1.274  5.4  201.3  7.8  0.87  176.8  26.5
310120260426  1.280  5.4  201.0  7.8  0.92  177.3  26.5
310120260427  1.287  5.6  201.4  7.8  1.08  178.6  26.5
310120260428  1.294  5.6  201.7  7.8  0.95  176.5  26.5
310120260429  1.300  5.7  201.1  7.8  0.90  175.3  26.5
310120260430  1.305  5.7  203.2  7.8  1.01  178.9  26.5
310120260431  1.312  5.6  203.3  7.8  0.97  179.5  26.4
310120260432  1.318  5.6  203.6  7.8  0.90  175.9  26.4
310120260433  1.325  5.7  203.7  7.8  0.85  177.1  26.5
310120260434  1.331  5.7  205.0  7.8  0.94  175.3  26.5
310120260435  1.338  5.7  204.7  7.1  0.92  177.6  26.4
310120260436  1.344  5.8  204.5  7.1  1.03  178.4  26.4
310120260437  1.350  5.9  204.3  7.4  1.02  180.7  26.4
310120260438  1.356  5.9  203.5  7.4  0.98  177.5  26.4
310120260439  1.362  5.9  203.3  7.4  1.00  175.1  26.4
310120260440  1.368  5.9  202.1  7.4  1.02  178.9  26.4
310120260441  1.376  5.9  201.2  7.4  0.96  177.4  26.4
310120260442  1.382  5.9  200.7  7.4  1.02  180.9  26.4
310120260443  1.387  5.8  200.4  7.4  1.08  179.8  26.4
310120260444  1.394  5.9  199.0  7.5  0.85  177.6  26.4
310120260445  1.399  5.9  199.0  7.5  0.91  177.9  26.4
310120260446  1.405  5.8  200.0  7.5  0.93  177.9  26.4
310120260447  1.411  5.8  200.9  7.9  1.03  176.4  26.4
310120260448  1.419  5.9  202.5  8.1  0.94  176.5  26.4
310120260449  1.426  5.9  203.9  8.1  0.96  174.2  26.4
310120260450  1.432  6.0  204.3  8.1  0.89  175.8  26.4
310120260451  1.439  6.0  205.1  8.1  1.00  177.0  26.4
310120260452  1.446  6.1  206.3  8.1  0.95  176.0  26.4
310120260453  1.450  6.1  205.5  8.1  0.97  176.9  26.4
310120260454  1.456  6.0  204.8  8.1  0.89  177.3  26.4
310120260455  1.462  6.0  205.4  8.1  0.95  172.2  26.4
310120260456  1.467  6.0  204.7  8.1  0.95  174.1  26.4
310120260457  1.472  5.9  203.1  8.1  1.15  177.7  26.3
310120260458  1.478  5.9  202.6  8.0  1.02  173.3  26.3
310120260459  1.483  6.1  202.1  9.2  1.04  178.5  26.3
310120260500  1.488  6.1  202.0  9.2  0.98  176.1  26.3
310120260501  1.494  6.0  201.5  9.2  1.00  176.0  26.3
310120260502  1.500  5.9  200.6  9.2  0.97  175.0  26.3
310120260503  1.505  5.9  200.9  9.2  1.00  174.8  26.3
310120260504  1.512  6.0  201.7  9.2  1.04  174.5  26.3
310120260505  1.517  6.0  200.3  9.2  1.00  172.7  26.3
310120260506  1.522  5.9  200.1  9.2  1.11  174.8  26.3
310120260507  1.528  5.8  200.3  9.2  0.94  173.4  26.3
310120260508  1.533  5.5  198.8  9.2  1.00  173.2  26.3
310120260509  1.538  5.4  198.5  8.1  1.02  175.7  26.3
310120260510  1.544  5.3  199.2  8.1  1.02  173.4  26.3
310120260511  1.550  5.4  200.4  8.1  0.96  173.8  26.3
310120260512  1.554  5.3  201.1  8.1  0.98  173.7  26.3
310120260513  1.560  5.0  201.4  8.1  1.12  173.6  26.3
310120260514  1.565  4.9  200.8  6.6  0.94  168.3  26.3
310120260515  1.570  4.8  203.0  6.6  1.00  176.0  26.2
310120260516  1.575  4.9  203.3  6.6  0.96  173.4  26.2
310120260517  1.580  4.8  203.5  6.6  1.05  175.5  26.2
310120260518  1.585  4.8  205.4  6.6  1.11  175.8  26.2
310120260519  1.590  4.7  205.8  6.8  1.00  173.4  26.2
310120260520  1.595  4.6  204.7  6.8  1.05  174.2  26.2
310120260521  1.598  4.5  203.2  6.8  0.82  172.9  26.2
310120260522  1.602  4.7  201.7  6.8  0.95  176.1  26.2
310120260523  1.606  4.9  203.0  6.8  0.91  176.4  26.2
310120260524  1.610  5.0  204.2  6.8  0.93  175.1  26.2
310120260525  1.612  5.0  203.3  6.8  0.68  172.0  26.2
310120260526  1.616  5.0  203.5  6.8  0.90  171.4  26.2
310120260527  1.618  5.1  203.9  6.8  0.87  173.8  26.2
310120260528  1.620  5.1  202.8  6.8  0.75  162.6  26.2
310120260529  1.624  5.0  201.5  6.6  0.88  169.8  26.2
310120260530  1.628  5.0  201.2  6.6  0.82  169.2  26.2
310120260531  1.631  5.0  201.4  6.6  0.71  164.4  26.2
310120260532  1.635  5.0  201.7  6.5  0.72  165.9  26.1
310120260533  1.638  4.9  200.8  6.6  0.84  172.0  26.1
310120260534  1.641  5.0  201.4  6.6  0.76  168.7  26.1
310120260535  1.645  5.1  201.0  6.6  0.51  172.6  26.1
310120260536  1.649  5.2  201.9  6.6  0.45  177.3  26.1
310120260537  1.651  5.2  202.6  6.6  0.61  160.6  26.1
310120260538  1.655  5.4  202.8  8.0  0.83  171.9  26.1
310120260539  1.658  5.6  203.3  8.0  0.87  166.3  26.1
310120260540  1.662  5.7  203.4  8.0  0.77  176.1  26.1
310120260541  1.666  5.6  202.4  8.0  0.87  169.5  26.1
310120260542  1.669  5.5  202.1  8.0  0.83  166.4  26.1
310120260543  1.672  5.5  200.8  8.0  0.88  168.5  26.1
310120260544  1.675  5.3  199.1  8.0  0.99  174.2  26.1
310120260545  1.679  5.1  197.5  8.0  0.98  177.6  26.1
310120260546  1.681  5.2  194.6  8.0  0.88  177.9  26.1
310120260547  1.685  5.3  192.0  8.0  0.87  172.0  26.1
310120260548  1.689  5.1  190.7  7.6  1.00  176.0  26.1
310120260549  1.692  5.0  190.3  7.6  0.98  174.3  26.1
310120260550  1.695  5.1  189.8  7.6  0.96  172.6  26.1
310120260551  1.699  5.2  190.6  7.6  0.88  175.5  26.1
310120260552  1.704  5.4  191.2  7.7  0.98  175.2  26.1
310120260553  1.707  5.6  191.4  7.7  0.97  176.0  26.1
310120260554  1.712  5.7  191.8  7.7  0.88  171.3  26.1
310120260555  1.717  5.7  192.3  7.7  0.98  173.4  26.1
310120260556  1.722  5.6  193.4  7.7  0.91  167.5  26.1
310120260557  1.726  5.5  194.3  7.7  0.94  167.9  26.1
310120260558  1.731  5.4  195.2  7.7  0.87  168.2  26.0
310120260559  1.735  5.4  194.4  7.7  0.97  173.7  26.0
310120260600  1.740  5.2  193.4  7.7  0.99  172.8  26.0
310120260601  1.744  5.0  193.2  7.7  1.01  176.9  26.0
310120260602  1.749  4.7  193.3  7.3  0.95  171.5  26.0
310120260603  1.753  4.6  193.5  6.6  0.90  167.7  26.0
310120260604  1.758  4.5  193.0  6.6  0.89  172.1  26.0
310120260605  1.763  4.5  194.2  7.2  0.95  172.3  26.0
310120260606  1.766  4.6  194.2  7.2  0.97  168.5  26.0
310120260607  1.770  4.7  194.6  7.2  0.89  171.8  26.0
310120260608  1.774  4.6  194.7  7.2  0.94  174.0  26.0
310120260609  1.778  4.5  195.6  7.2  1.04  173.8  26.0
310120260610  1.782  4.6  196.1  7.2  0.98  170.8  26.0
310120260611  1.786  4.8  197.5  7.4  0.98  176.0  26.0
310120260612  1.789  5.0  198.0  7.4  0.86  177.1  26.0
310120260613  1.790  5.2  198.7  7.4  0.98  177.0  26.0
310120260614  1.792  5.4  199.4  7.4  0.94  175.8  26.0
310120260615  1.794  5.5  200.1  7.7  0.93  171.8  26.0
310120260616  1.797  5.6  200.6  7.7  0.87  171.8  26.0
310120260617  1.800  5.7  201.5  7.7  0.99  176.6  26.0
310120260618  1.803  5.9  202.4  7.7  0.91  171.2  26.0
310120260619  1.804  6.1  203.3  7.7  0.91  174.0  26.0
310120260620  1.806  6.2  205.0  7.7  1.00  172.3  26.0
310120260621  1.808  6.1  204.3  7.7  0.87  171.5  26.0
310120260622  1.810  6.0  203.9  7.7  0.82  175.5  26.0
310120260623  1.814  5.9  204.4  7.7  0.92  175.7  26.0
310120260624  1.816  5.9  205.0  7.7  0.87  174.4  26.0
310120260625  1.819  5.7  205.0  7.7  0.82  170.8  26.0
310120260626  1.820  5.6  205.4  7.7  0.88  169.0  26.0
310120260627  1.822  5.5  205.7  7.7  1.02  173.5  26.0
310120260628  1.824  5.4  205.3  7.2  1.00  170.4  26.0
310120260629  1.826  5.3  205.2  7.2  0.93  172.4  25.9
310120260630  1.828  5.3  204.4  7.2  0.89  174.9  25.9
310120260631  1.830  5.3  205.3  7.2  0.90  174.1  25.9
310120260632  1.833  5.2  205.9  7.2  0.85  174.9  25.9
310120260633  1.835  5.3  206.4  7.2  0.94  175.4  25.9
310120260634  1.836  5.2  206.3  7.2  0.85  169.6  26.0
310120260635  1.838  5.4  206.3  7.3  0.83  174.2  25.9
310120260636  1.840  5.7  206.5  8.2  0.77  171.6  25.9
310120260637  1.841  5.9  207.1  9.7  0.82  170.7  25.9
310120260638  1.843  6.1  207.6  9.7  0.81  173.0  25.9
310120260639  1.843  6.3  207.7  9.7  0.77  171.5  25.9
310120260640  1.845  6.4  208.0  9.7  0.81  176.0  25.9
310120260641  1.847  6.8  207.8  9.9  0.87  174.6  25.9
310120260642  1.848  7.4  206.7  10.7  0.78  170.7  25.9
310120260643  1.848  7.6  206.6  10.7  0.76  171.7  25.9
310120260644  1.849  7.8  205.9  10.7  0.80  170.2  25.9
310120260645  1.850  8.0  204.8  10.7  0.74  170.8  25.9
310120260646  1.851  8.1  204.5  10.7  0.68  176.4  25.9
310120260647  1.851  8.0  202.3  10.7  0.75  175.4  25.9
310120260648  1.851  8.0  201.5  10.7  0.73  175.6  25.9
310120260649  1.851  8.1  200.7  10.7  0.75  171.6  25.9
310120260650  1.849  8.2  200.6  10.7  0.64  172.3  25.9
310120260651  1.849  8.0  199.1  10.7  0.81  174.9  25.9
310120260652  1.849  7.4  198.5  10.2  0.72  173.7  25.9
310120260653  1.849  7.3  197.3  10.2  0.67  175.4  25.9
310120260654  1.850  7.2  198.1  10.2  0.81  173.5  25.9
310120260655  1.849  7.1  199.9  10.2  0.79  177.8  25.9
310120260656  1.850  6.8  200.5  10.0  0.79  174.8  25.9
310120260657  1.849  6.7  200.7  10.0  0.71  175.6  25.9
310120260658  1.849  6.5  200.2  10.0  0.68  170.5  25.9
310120260659  1.848  6.4  201.6  10.0  0.56  177.6  25.9
310120260700  1.849  6.1  201.0  8.7  0.68  173.3  25.9
310120260701  1.849  5.8  201.7  8.4  0.70  179.0  25.9
310120260702  1.850  6.0  203.7  8.4  0.71  174.0  25.9
310120260703  1.849  6.0  204.4  8.4  0.74  177.5  25.9
310120260704  1.848  5.9  203.7  8.4  0.61  171.2  25.9
310120260705  1.847  5.8  203.6  8.4  0.66  172.1  25.9
310120260706  1.846  5.8  202.7  8.4  0.63  175.2  25.9
310120260707  1.847  5.9  201.7  8.5  0.62  172.4  25.9
310120260708  1.847  6.0  201.1  8.9  0.69  172.2  25.9
310120260709  1.848  5.9  196.9  8.9  0.65  176.5  25.9
310120260710  1.846  6.2  197.4  10.5  0.62  175.1  25.9
310120260711  1.846  6.5  196.8  10.5  0.71  173.6  25.9
310120260712  1.845  6.5  195.6  10.5  0.65  177.8  25.9
310120260713  1.844  6.7  195.3  10.5  0.68  176.8  25.8
310120260714  1.845  6.8  194.7  10.5  0.51  174.0  25.8
310120260715  1.845  7.0  192.6  10.5  0.69  178.4  25.9
310120260716  1.844  7.2  191.7  10.5  0.64  174.6  25.8
310120260717  1.842  7.1  192.0  10.5  0.51  172.4  25.8
310120260718  1.841  7.3  193.5  11.6  0.63  175.8  25.8
310120260719  1.840  7.4  194.2  11.6  0.60  172.0  25.8
310120260720  1.839  7.3  194.6  11.6  0.64  175.6  25.8
310120260721  1.838  7.5  196.3  11.6  0.53  172.6  25.8
310120260722  1.837  7.9  196.4  11.6  0.60  166.2  25.8
310120260723  1.835  7.7  196.7  11.6  0.55  168.5  25.8
310120260724  1.832  7.8  196.3  11.6  0.60  171.9  25.8
310120260725  1.831  7.8  195.8  11.6  0.71  178.4  25.8
310120260726  1.830  7.6  197.1  11.6  0.56  176.3  25.8
310120260727  1.828  7.8  199.0  11.6  0.51  167.9  25.8
310120260728  1.827  7.5  197.8  10.9  0.53  170.2  25.8
310120260729  1.827  7.6  198.7  10.9  0.55  171.4  25.8
310120260730  1.826  7.6  197.1  10.9  0.52  177.8  25.8
310120260731  1.826  7.4  195.1  10.3  0.60  174.2  25.8
310120260732  1.827  7.2  194.2  10.3  0.48  172.1  25.8
310120260733  1.825  7.1  193.3  9.9  0.59  171.5  25.8
310120260734  1.823  7.0  193.7  9.9  0.58  174.0  25.8
310120260735  1.823  6.7  194.9  9.9  0.57  176.6  25.8
310120260736  1.822  6.9  193.8  9.9  0.40  168.5  25.8
310120260737  1.820  6.4  191.3  9.9  0.55  171.8  25.8
310120260738  1.818  6.3  189.6  9.9  0.50  176.8  25.8
310120260739  1.818  5.9  186.3  9.9  0.52  168.7  25.8
310120260740  1.816  5.8  185.5  9.9  0.47  175.9  25.8
310120260741  1.817  5.8  186.7  9.9  0.50  168.3  25.8
310120260742  1.816  5.7  188.7  9.9  0.51  169.3  25.8
310120260743  1.816  5.6  185.9  9.9  0.51  178.3  25.8
310120260744  1.815  5.5  183.5  9.9  0.65  176.6  25.8
310120260745  1.814  5.6  178.0  9.9  0.55  171.9  25.8
310120260746  1.812  5.7  173.5  9.8  0.45  172.3  25.8
310120260747  1.810  5.9  172.5  9.8  0.42  176.9  25.8
310120260748  1.808  5.7  172.0  9.8  0.47  179.1  25.8
310120260749  1.806  5.8  173.9  9.8  0.40  174.4  25.8
310120260750  1.805  5.7  173.4  9.8  0.35  175.1  25.8
310120260751  1.804  5.2  168.0  9.6  0.47  171.9  25.8
310120260752  1.801  5.0  163.9  9.4  0.50  176.6  25.8
310120260753  1.800  4.9  165.1  9.4  0.52  177.6  25.8
310120260754  1.799  4.8  164.0  9.4  0.39  178.3  25.8
310120260755  1.795  4.5  168.1  9.1  0.46  172.9  25.8
310120260756  1.793  4.2  168.3  8.6  0.38  162.4  25.8
310120260757  1.791  4.0  168.0  8.6  0.41  172.5  25.8
310120260758  1.788  4.0  166.5  8.6  0.43  174.8  25.8
310120260759  1.784  3.8  161.4  8.6  0.36  162.3  25.8
310120260800  1.782  3.8  157.4  6.8  0.41  167.2  25.9
310120260801  1.780  3.9  157.1  6.8  0.35  162.0  25.8
310120260802  1.778  4.0  154.4  6.8  0.40  173.5  25.8
310120260803  1.776  4.2  154.8  9.6  0.35  163.6  25.8
310120260804  1.775  4.5  157.2  9.6  0.43  168.2  25.8
310120260805  1.773  4.5  155.2  9.6  0.35  164.7  25.8
310120260806  1.770  4.6  155.3  9.6  0.40  169.3  25.8
310120260807  1.767  4.6  154.3  9.6  0.21  150.2  25.8
310120260808  1.765  4.5  154.8  9.6  0.34  170.2  25.9
310120260809  1.762  4.6  155.2  9.6  0.37  163.2  25.9
310120260810  1.759  4.5  155.5  9.6  0.31  162.0  25.9
310120260811  1.755  4.2  159.0  9.6  0.28  164.5  25.9
310120260812  1.751  4.2  163.7  9.6  0.38  168.5  25.9
310120260813  1.748  3.8  163.3  9.5  0.37  165.6  25.9
310120260814  1.745  3.3  163.3  8.2  0.22  160.8  25.9
310120260815  1.741  3.1  162.7  8.2  0.42  165.6  25.9
310120260816  1.738  2.8  165.7  8.2  0.28  161.9  25.9
310120260817  1.733  2.6  170.7  8.2  0.24  165.3  25.9
310120260818  1.729  2.5  167.4  8.2  0.25  174.0  25.9
310120260819  1.725  2.4  166.9  6.3  0.25  171.1  25.9
310120260820  1.721  2.4  170.7  6.3  0.28  165.9  25.9
310120260821  1.716  2.5  168.9  6.3  0.18  154.9  25.9
310120260822  1.711  2.5  160.0  7.5  0.25  168.4  25.9
310120260823  1.706  2.9  159.3  9.5  0.15  130.5  25.9
310120260824  1.701  3.0  156.0  9.5  0.13  121.5  25.9
310120260825  1.696  3.2  156.1  9.5  0.13  135.6  25.9
310120260826  1.692  3.4  155.1  9.5  0.09  143.3  25.9
310120260827  1.688  3.6  153.1  9.5  0.13  153.8  25.9
310120260828  1.684  3.7  156.0  9.5  0.14  151.2  25.9
310120260829  1.679  3.7  159.7  9.5  0.18  155.3  25.9
310120260830  1.674  4.1  157.9  10.0  0.16  160.9  25.9
310120260831  1.668  4.4  156.5  10.0  0.13  142.6  25.9
310120260832  1.663  4.2  158.6  10.0  0.15  172.3  25.9
310120260833  1.657  4.4  155.8  10.0  0.10  136.2  25.9
310120260834  1.651  4.5  156.6  10.0  0.13  52.5  25.9
310120260835  1.645  4.5  158.5  10.0  0.08  60.9  25.9
310120260836  1.639  4.6  158.3  10.0  0.11  67.8  25.9
310120260837  1.633  4.6  158.1  10.0  0.15  165.5  25.9
310120260838  1.627  4.5  155.9  10.0  0.16  37.5  25.9
310120260839  1.621  4.7  154.3  10.0  0.14  32.1  25.9
310120260840  1.616  4.6  155.5  10.0  0.09  70.3  25.9
310120260841  1.612  4.8  155.5  10.4  0.05  48.7  25.9
310120260842  1.607  5.0  152.2  10.4  0.06  353.8  25.9
310120260843  1.602  4.9  152.8  10.4  0.16  12.1  25.9
310120260844  1.598  4.6  152.1  10.4  0.07  39.5  25.9
310120260845  1.590  4.6  148.7  10.4  0.21  11.1  25.9
310120260846  1.584  4.6  144.2  10.4  0.04  94.3  25.9
310120260847  1.580  4.7  144.9  10.4  0.04  85.3  25.9
310120260848  1.575  4.9  148.3  10.4  0.19  23.6  25.9
310120260849  1.572  4.7  152.1  10.4  0.14  35.8  25.9
310120260850  1.569  4.7  152.9  10.4  0.12  347.7  25.9
310120260851  1.566  4.6  155.6  10.1  0.13  21.1  25.9
310120260852  1.561  4.3  157.6  8.9  0.12  42.7  25.9
310120260853  1.558  4.1  152.6  8.9  0.16  11.4  25.9
310120260854  1.554  4.2  151.5  8.9  0.15  6.2  25.9
310120260855  1.551  4.1  154.0  8.9  0.15  7.7  25.9
310120260856  1.548  3.9  159.3  8.9  0.14  10.8  25.9
310120260857  1.544  4.0  153.9  8.9  0.12  352.7  25.9
310120260858  1.541  3.7  148.1  7.7  0.13  345.3  25.9
310120260859  1.537  3.8  140.9  7.7  0.13  1.4  25.9
310120260900  1.534  3.9  133.3  9.3  0.18  3.9  25.9
310120260901  1.530  3.7  128.8  9.3  0.28  3.7  25.9
310120260902  1.527  3.9  124.5  9.3  0.15  333.9  25.9
310120260903  1.524  3.8  128.8  9.3  0.13  3.1  25.9
310120260904  1.518  3.7  133.0  9.3  0.07  327.3  25.9
310120260905  1.516  3.9  134.9  9.3  0.08  332.9  25.9
310120260906  1.512  4.1  133.4  9.3  0.17  335.2  25.9
310120260907  1.508  3.9  137.8  9.3  0.19  351.7  25.9
310120260908  1.504  3.9  143.9  9.3  0.15  345.1  25.9
310120260909  1.500  3.9  148.1  9.3  0.18  1.3  25.9
310120260910  1.495  3.8  152.1  8.6  0.27  359.5  25.9
310120260911  1.490  4.0  147.5  8.6  0.22  358.5  25.9
310120260912  1.486  4.0  150.9  8.6  0.25  8.7  25.9
310120260913  1.481  4.0  148.6  8.1  0.19  1.2  25.9
310120260914  1.478  3.8  142.3  8.1  0.23  3.8  25.9
310120260915  1.474  3.5  140.1  7.0  0.31  353.9  25.9
310120260916  1.472  3.5  141.5  7.0  0.35  354.4  25.9
310120260917  1.470  3.5  142.4  7.0  0.28  359.9  25.9
310120260918  1.467  3.4  136.2  7.0  0.29  346.5  25.9
310120260919  1.464  3.3  138.4  7.0  0.31  359.9  25.9
310120260920  1.461  3.4  132.7  7.6  0.18  6.2  25.9
310120260921  1.458  3.2  137.4  7.6  0.31  357.6  25.9
310120260922  1.455  3.2  143.5  7.6  0.42  1.2  25.9
310120260923  1.452  3.3  151.9  7.6  0.28  2.7  25.9
310120260924  1.449  3.5  155.0  7.6  0.42  0.6  25.9
310120260925  1.445  3.6  154.1  7.6  0.38  357.8  25.9
310120260926  1.442  3.6  153.3  7.6  0.33  359.2  25.9
310120260927  1.438  3.7  152.5  8.3  0.41  1.5  25.9
310120260928  1.435  3.9  156.4  8.3  0.34  12.6  25.9
310120260929  1.429  3.9  154.5  8.3  0.50  7.3  25.9
310120260930  1.425  3.8  162.6  8.3  0.43  8.4  25.9
310120260931  1.421  3.8  162.0  8.3  0.47  6.7  25.9
310120260932  1.417  3.5  158.1  8.3  0.50  3.7  25.9
310120260933  1.412  3.3  150.8  8.3  0.57  6.9  25.9
310120260934  1.405  3.3  152.9  8.3  0.52  5.7  25.9
310120260935  1.400  3.6  157.3  8.6  0.53  7.5  25.9
310120260936  1.394  3.7  162.5  8.6  0.55  11.2  25.9
310120260937  1.388  3.6  159.3  8.6  0.59  7.0  25.9
310120260938  1.383  3.5  160.8  8.6  0.70  10.5  26.0
310120260939  1.376  3.8  164.6  8.6  0.70  4.6  26.0
310120260940  1.371  4.0  165.0  8.6  0.63  10.4  26.0
310120260941  1.365  4.1  167.7  8.6  0.76  7.5  26.0
310120260942  1.359  4.5  170.4  8.6  0.67  12.2  26.0
310120260943  1.353  4.9  170.7  8.6  0.67  11.5  26.0
310120260944  1.347  4.9  168.4  8.6  0.78  17.8  26.0
310120260945  1.341  4.7  164.4  8.4  0.72  17.4  26.0
310120260946  1.333  4.8  161.8  8.4  0.74  16.6  26.0
310120260947  1.328  4.7  163.2  8.4  0.73  8.6  26.0
310120260948  1.321  4.6  160.4  8.4  0.81  14.0  26.0
310120260949  1.314  4.6  157.3  8.4  0.78  14.6  26.0
310120260950  1.308  4.6  156.8  9.2  0.76  10.0  26.0
310120260951  1.301  4.7  157.0  9.2  0.83  13.2  26.0
310120260952  1.294  4.5  150.6  9.2  0.60  13.3  26.0
310120260953  1.287  4.3  151.5  9.2  0.78  13.1  26.0
310120260954  1.280  4.1  147.2  9.2  0.67  11.3  26.0
310120260955  1.275  4.0  147.3  9.2  0.81  12.5  26.0
310120260956  1.268  3.8  143.1  9.2  0.88  15.5  26.1
310120260957  1.262  3.8  142.6  9.2  0.91  13.2  26.1
310120260958  1.255  3.9  137.4  9.3  0.87  10.0  26.1
310120260959  1.248  4.1  131.8  9.3  0.90  12.6  26.1
310120261000  1.241  3.9  125.2  9.3  0.97  12.9  26.1
310120261001  1.235  3.9  119.5  9.3  0.95  9.2  26.1
310120261002  1.228  3.7  118.7  9.3  1.10  11.1  26.1
310120261003  1.223  3.8  114.7  9.3  0.97  9.2  26.1
310120261004  1.217  3.9  116.3  9.3  1.07  12.7  26.1
310120261005  1.210  4.1  114.6  9.3  1.05  11.8  26.1
310120261006  1.204  4.1  112.8  9.3  1.03  11.0  26.1
310120261007  1.199  4.1  109.0  9.3  1.09  10.7  26.1
310120261008  1.192  4.0  110.2  9.0  0.98  10.1  26.1
310120261009  1.186  4.0  108.4  9.0  0.99  14.1  26.1
310120261010  1.180  4.1  109.0  9.0  1.10  13.6  26.1
310120261011  1.175  4.3  107.1  9.0  1.04  10.9  26.1
310120261012  1.169  4.5  109.3  9.0  0.85  10.4  26.1
310120261013  1.164  4.6  113.0  9.0  1.08  13.1  26.1
310120261014  1.157  4.5  112.0  9.0  1.07  10.4  26.1
310120261015  1.152  4.2  111.9  8.9  0.93  11.3  26.1
310120261016  1.147  4.3  113.9  8.9  0.99  11.0  26.1
310120261017  1.142  4.3  116.8  8.9  0.92  12.5  26.1
310120261018  1.137  4.2  118.9  8.9  0.78  14.6  26.1
310120261019  1.131  4.2  125.3  8.9  0.84  11.3  26.1
310120261020  1.126  4.4  129.4  9.0  0.93  17.1  26.1
310120261021  1.123  4.4  135.3  9.0  0.83  16.4  26.2
310120261022  1.119  4.1  133.2  9.0  0.88  15.2  26.2
310120261023  1.115  4.0  127.1  9.0  1.02  15.5  26.2
310120261024  1.110  4.1  130.8  9.0  0.79  13.6  26.2
310120261025  1.106  4.3  128.0  9.0  0.89  14.8  26.2
310120261026  1.100  4.2  126.3  9.0  0.85  14.5  26.2
310120261027  1.097  4.3  125.7  9.0  0.80  12.0  26.2
310120261028  1.093  4.4  126.4  9.0  0.89  12.4  26.2
310120261029  1.088  4.2  124.2  9.0  1.04  14.1  26.2
310120261030  1.083  4.1  119.3  8.9  0.95  12.6  26.2
310120261031  1.079  4.2  112.4  8.9  0.86  13.8  26.2
310120261032  1.075  4.2  114.5  8.9  1.00  16.0  26.2
310120261033  1.069  4.1  115.7  7.9  0.82  12.4  26.2
310120261034  1.064  4.2  111.8  7.9  0.88  10.1  26.2
310120261035  1.060  4.1  112.9  8.4  0.83  14.5  26.3
310120261036  1.053  4.1  114.5  8.4  0.83  15.8  26.3
310120261037  1.048  4.3  118.1  8.4  1.02  10.0  26.3
310120261038  1.041  4.2  118.4  8.4  0.87  17.6  26.3
310120261039  1.034  4.2  113.4  8.4  0.90  14.4  26.3
310120261040  1.028  3.8  113.8  8.4  0.95  14.1  26.3
310120261041  1.021  3.7  116.2  8.4  0.90  12.0  26.3
310120261042  1.015  3.7  114.0  8.4  0.82  13.0  26.3
310120261043  1.009  3.9  113.0  8.5  0.91  16.7  26.3
310120261044  1.003  4.0  114.5  8.5  0.88  14.3  26.3
310120261045  0.994  4.3  115.9  11.5  0.93  14.9  26.3
310120261046  0.988  4.5  115.8  11.5  0.96  11.0  26.3
310120261047  0.982  4.8  113.1  11.5  0.92  14.4  26.4
310120261048  0.975  5.0  111.4  11.5  1.01  13.0  26.4
310120261049  0.970  5.2  113.8  11.5  0.92  10.8  26.4
310120261050  0.964  5.6  114.4  11.5  0.91  13.9  26.4
310120261051  0.959  5.9  116.1  11.5  0.90  13.6  26.4
310120261052  0.954  6.1  117.9  11.5  1.01  14.3  26.4
310120261053  0.948  6.1  120.0  11.5  0.86  16.0  26.4
310120261054  0.942  6.1  120.4  11.5  0.82  14.9  26.4
310120261055  0.936  6.0  122.3  10.2  0.88  16.8  26.4
310120261056  0.931  5.8  122.6  10.2  0.87  16.1  26.4
310120261057  0.925  5.8  122.6  10.2  0.95  17.3  26.4
310120261058  0.918  5.9  122.3  10.2  1.02  17.1  26.4
310120261059  0.913  5.7  121.4  10.2  0.98  11.2  26.4
310120261100  0.908  5.6  120.7  10.2  0.98  13.5  26.4
310120261101  0.903  5.4  119.9  10.1  0.95  12.0  26.4
310120261102  0.897  5.0  119.9  10.1  0.96  13.8  26.4
310120261103  0.891  5.0  117.4  10.1  0.97  11.3  26.4
310120261104  0.886  4.8  117.6  10.1  1.01  15.5  26.4
310120261105  0.880  4.6  113.7  10.1  0.97  16.0  26.4
310120261106  0.874  4.7  112.0  10.1  1.04  16.3  26.4
310120261107  0.867  4.6  112.3  10.1  1.16  13.6  26.4
310120261108  0.861  4.4  111.7  8.9  0.95  15.1  26.4
310120261109  0.855  4.3  111.8  8.9  1.11  14.7  26.4
310120261110  0.849  4.1  112.1  8.9  1.03  15.9  26.4
310120261111  0.843  4.1  111.7  8.9  0.96  15.2  26.4
310120261112  0.838  4.6  111.8  8.9  0.91  16.4  26.4
310120261113  0.831  4.6  115.1  8.9  1.05  10.0  26.4
310120261114  0.825  4.8  115.5  8.9  1.04  13.7  26.4
310120261115  0.820  4.8  115.9  8.9  1.07  17.8  26.4
310120261116  0.814  4.5  117.1  8.9  0.97  12.0  26.5
310120261117  0.808  4.3  113.9  8.9  1.03  13.0  26.5
310120261118  0.803  4.3  113.6  8.9  1.13  14.0  26.5
310120261119  0.799  4.5  114.2  8.9  1.11  16.4  26.5
310120261120  0.793  4.6  115.6  8.9  1.02  13.8  26.5
310120261121  0.787  4.4  113.1  8.9  0.97  10.7  26.5
310120261122  0.782  4.1  112.8  8.3  0.90  11.2  26.5
310120261123  0.776  3.7  108.2  7.1  0.98  10.7  26.5
310120261124  0.770  3.5  101.2  6.9  1.00  15.2  26.5
310120261125  0.764  3.3  96.6  6.9  0.96  14.3  26.5
310120261126  0.760  3.4  96.4  6.5  0.94  12.5  26.5
310120261127  0.754  3.4  100.4  6.7  0.92  14.4  26.5
310120261128  0.749  3.3  100.5  6.9  0.99  12.8  26.5
310120261129  0.743  3.2  99.4  6.9  0.97  11.2  26.5
310120261130  0.737  3.2  93.1  6.9  0.93  16.5  26.5
310120261131  0.732  3.1  97.8  6.9  1.01  10.2  26.5
310120261132  0.725  3.2  99.6  8.8  1.03  11.8  26.5
310120261133  0.719  3.4  103.7  8.8  0.98  10.7  26.5
310120261134  0.712  3.5  110.1  8.8  1.01  15.2  26.5
310120261135  0.706  3.6  110.0  8.8  1.00  12.7  26.5
310120261136  0.701  3.5  105.6  8.8  1.10  13.7  26.5
310120261137  0.696  3.4  106.0  8.8  0.95  12.2  26.5
310120261138  0.691  3.4  107.3  8.8  1.02  9.5  26.5
310120261139  0.686  3.3  105.2  8.8  1.04  9.3  26.5
310120261140  0.681  3.4  102.4  8.8  0.98  11.0  26.5
310120261141  0.676  3.3  99.7  8.8  1.06  10.0  26.5
310120261142  0.670  3.0  95.5  6.8  0.99  13.5  26.5
310120261143  0.664  2.7  92.7  6.8  1.05  12.1  26.6
310120261144  0.658  2.9  84.6  8.1  0.96  11.3  26.6
310120261145  0.652  2.9  82.8  8.1  0.98  14.1  26.6
310120261146  0.646  3.2  90.4  8.1  1.01  11.0  26.6
310120261147  0.641  3.3  91.1  8.1  1.00  14.8  26.6
310120261148  0.635  3.5  93.8  8.1  0.97  11.9  26.6
310120261149  0.629  3.6  96.4  8.1  0.98  10.8  26.6
310120261150  0.625  3.8  102.1  8.1  0.92  12.9  26.6
310120261151  0.620  4.2  104.8  9.7  0.98  15.1  26.6
310120261152  0.616  4.5  105.3  9.7  0.99  14.9  26.6
310120261153  0.611  4.8  103.9  9.7  0.91  15.5  26.6
310120261154  0.604  5.0  110.4  9.7  0.96  17.9  26.6
310120261155  0.598  5.5  115.6  10.5  0.95  12.0  26.6
310120261156  0.592  5.4  116.4  10.5  1.12  15.3  26.6
310120261157  0.585  5.3  114.1  10.5  1.02  14.7  26.6
310120261158  0.579  5.1  111.6  10.5  1.10  12.7  26.6
310120261159  0.575  5.2  108.4  10.5  1.00  9.7  26.6
310120261200  0.570  5.0  107.7  10.5  0.99  14.5  26.7
310120261201  0.566  4.6  107.0  10.5  1.04  14.2  26.7
310120261202  0.563  4.6  107.2  10.5  1.04  13.5  26.7
310120261203  0.558  4.6  111.1  10.5  0.92  11.2  26.7
310120261204  0.555  4.4  106.1  10.5  0.97  11.4  26.7
310120261205  0.551  4.1  99.0  8.9  0.96  16.6  26.7
310120261206  0.548  4.0  93.3  8.0  0.92  15.3  26.7
310120261207  0.545  4.1  91.5  8.0  0.95  15.9  26.7
310120261208  0.541  4.3  88.1  8.3  1.08  13.5  26.7
310120261209  0.537  4.3  87.2  8.3  0.98  12.7  26.7
310120261210  0.534  4.4  85.2  8.3  0.97  13.2  26.7
310120261211  0.530  4.3  85.2  8.3  1.03  10.6  26.7
310120261212  0.528  4.1  82.8  8.3  1.01  14.1  26.7
310120261213  0.525  4.1  78.6  8.3  0.89  12.4  26.7
310120261214  0.521  4.1  78.9  8.3  1.07  15.2  26.7
310120261215  0.517  4.0  78.4  8.3  0.91  13.0  26.7
310120261216  0.514  4.0  77.7  8.3  0.93  12.5  26.7
310120261217  0.509  4.0  76.3  8.3  0.92  11.6  26.7
310120261218  0.506  3.8  80.7  7.7  1.06  9.3  26.8
310120261219  0.501  3.7  87.5  7.8  1.06  17.3  26.8
310120261220  0.496  3.6  92.7  7.8  0.97  14.7  26.8
310120261221  0.491  3.7  92.3  7.8  1.02  14.7  26.8
310120261222  0.486  3.7  97.3  7.8  0.83  13.0  26.8
310120261223  0.481  3.7  102.0  8.6  0.97  14.8  26.8
310120261224  0.477  3.6  107.7  8.6  0.83  12.1  26.8
310120261225  0.474  3.6  113.8  8.6  0.93  15.0  26.8
310120261226  0.470  3.7  120.7  8.6  0.77  13.8  26.8
310120261227  0.465  3.8  126.3  8.6  0.85  10.5  26.8
310120261228  0.460  3.6  126.3  8.6  0.91  13.9  26.8
310120261229  0.455  3.3  124.6  8.6  0.91  14.6  26.8
310120261230  0.448  3.2  120.6  8.6  0.89  14.4  26.8
310120261231  0.442  3.3  121.4  8.6  0.83  14.3  26.8
310120261232  0.437  3.2  119.6  8.6  0.92  13.5  26.8
310120261233  0.430  3.3  115.2  7.5  0.99  13.1  26.8
310120261234  0.427  3.3  111.3  7.5  1.00  15.4  26.8
310120261235  0.423  3.4  107.6  7.5  0.99  11.7  26.8
310120261236  0.419  3.5  108.3  7.5  0.98  14.7  26.9
310120261237  0.415  3.5  106.2  7.5  0.98  14.0  26.9
310120261238  0.410  3.8  100.9  9.1  1.04  13.2  26.9
310120261239  0.405  4.1  100.7  9.1  0.96  13.4  26.9
310120261240  0.399  4.1  101.8  9.1  0.93  11.4  26.9
310120261241  0.395  4.2  102.8  9.1  1.00  13.8  26.9
310120261242  0.388  4.4  105.2  9.1  0.97  12.7  26.9
310120261243  0.385  4.3  101.6  9.1  1.05  12.0  26.9
310120261244  0.384  4.3  98.2  9.1  0.80  15.0  26.9
310120261245  0.379  4.2  100.3  9.1  0.94  16.2  26.9
310120261246  0.376  4.1  99.4  9.1  0.82  17.3  26.9
310120261247  0.373  4.0  99.5  9.1  0.97  14.9  26.9
310120261248  0.369  3.8  102.7  9.1  0.88  12.0  26.9
310120261249  0.365  3.5  102.9  9.1  0.86  14.4  26.9
310120261250  0.363  3.5  104.3  9.1  0.92  13.1  26.9
310120261251  0.359  3.4  102.5  9.1  0.89  10.5  26.9
310120261252  0.353  3.5  100.4  8.5  0.84  12.5  26.9
310120261253  0.349  3.9  106.7  8.6  1.08  13.2  26.9
310120261254  0.344  4.2  113.3  8.8  0.79  15.1  26.9
310120261255  0.341  4.5  114.0  8.8  0.85  15.0  26.9
310120261256  0.336  4.7  115.1  8.8  0.87  16.2  26.9
310120261257  0.334  5.0  115.7  8.8  0.77  15.4  26.9
310120261258  0.331  5.2  119.6  8.8  0.91  17.2  26.9
310120261259  0.328  5.4  121.2  8.8  0.91  17.3  26.9
310120261300  0.326  5.7  120.9  8.8  1.01  15.8  27.0
310120261301  0.324  6.2  121.4  8.8  0.98  14.6  27.0
310120261302  0.321  6.2  122.5  8.8  0.86  17.0  27.0
310120261303  0.317  5.9  122.0  8.8  1.02  15.8  27.0
310120261304  0.313  6.0  121.4  9.5  0.87  16.4  27.0
310120261305  0.309  5.7  121.9  9.5  0.94  13.7  27.0
310120261306  0.306  5.5  118.0  9.5  0.99  15.6  27.0
310120261307  0.303  5.2  116.2  9.5  0.98  14.7  27.0
310120261308  0.300  4.9  115.1  9.5  0.81  13.3  27.0
310120261309  0.299  4.7  114.2  9.5  0.79  14.5  27.0
310120261310  0.297  4.5  109.6  9.5  0.96  16.0  27.1
310120261311  0.294  4.1  108.8  9.5  0.76  19.7  27.1
310120261312  0.290  3.7  105.0  9.5  0.99  16.3  27.1
310120261313  0.288  3.6  103.9  9.5  0.90  18.7  27.1
310120261314  0.284  3.5  93.8  7.7  0.88  18.9  27.1
310120261315  0.281  3.6  86.5  7.7  0.89  15.9  27.1
310120261316  0.277  3.8  83.9  7.7  0.91  11.6  27.1
310120261317  0.275  4.0  81.4  7.7  0.81  11.9  27.1
310120261318  0.272  4.5  78.9  8.8  1.02  14.7  27.1
310120261319  0.271  4.7  77.1  8.8  0.86  17.6  27.1
310120261320  0.269  4.4  79.7  8.8  0.84  16.2  27.1
310120261321  0.268  4.6  74.7  8.8  0.87  16.0  27.1
310120261322  0.266  5.0  73.0  9.7  0.92  12.4  27.1
310120261323  0.266  5.3  71.3  9.7  0.85  15.0  27.1
310120261324  0.265  5.2  72.2  9.7  0.83  16.2  27.1
310120261325  0.265  5.0  77.1  9.7  0.67  14.1  27.1
310120261326  0.263  4.8  82.8  9.7  0.84  17.2  27.1
310120261327  0.263  4.7  89.1  9.7  0.90  14.5  27.2
310120261328  0.261  4.5  94.2  9.7  0.74  16.8  27.2
310120261329  0.259  4.5  99.6  9.7  0.85  15.3  27.2
310120261330  0.259  4.6  102.2  10.0  0.87  19.3  27.2
310120261331  0.257  4.8  108.6  10.0  0.83  14.0  27.2
310120261332  0.257  4.6  115.6  10.0  0.80  17.3  27.2
310120261333  0.256  4.5  119.4  10.0  0.82  18.4  27.2
310120261334  0.256  4.4  123.2  10.0  0.74  15.1  27.2
310120261335  0.256  4.4  122.6  10.0  0.75  15.7  27.2
310120261336  0.253  4.5  122.6  10.0  0.82  16.5  27.2
310120261337  0.253  4.6  120.7  10.0  0.79  14.8  27.2
310120261338  0.252  4.7  121.1  10.0  0.70  19.9  27.2
310120261339  0.251  4.6  119.9  10.0  0.82  13.1  27.2
310120261340  0.251  4.6  119.5  8.7  0.77  16.7  27.2
310120261341  0.249  4.3  114.5  8.7  0.62  21.7  27.2
310120261342  0.249  4.3  110.4  8.7  0.91  21.1  27.2
310120261343  0.247  4.4  111.0  8.7  0.79  14.8  27.2
310120261344  0.247  4.5  113.4  8.7  0.71  17.7  27.2
310120261345  0.246  4.4  111.9  8.7  0.85  20.4  27.3
310120261346  0.245  4.5  112.7  9.0  0.73  21.4  27.3
310120261347  0.245  4.3  111.2  9.0  0.74  17.5  27.3
310120261348  0.245  4.3  104.5  9.0  0.71  14.9  27.3
310120261349  0.245  4.2  100.6  9.0  0.80  17.0  27.3
310120261350  0.245  4.2  98.4  9.0  0.86  19.9  27.3
310120261351  0.245  4.3  101.9  9.0  0.70  18.7  27.3
310120261352  0.244  4.5  106.0  9.0  0.70  17.2  27.3
310120261353  0.244  4.3  106.9  9.0  0.67  17.8  27.3
310120261354  0.244  4.7  105.0  10.4  0.56  20.1  27.3
310120261355  0.244  4.8  106.8  10.4  0.79  19.3  27.3
310120261356  0.243  4.5  106.3  10.4  0.65  17.8  27.3
310120261357  0.243  4.6  109.7  10.4  0.64  20.3  27.3
310120261358  0.245  4.6  114.5  10.4  0.59  14.7  27.3
310120261359  0.244  4.6  118.4  10.4  0.64  18.3  27.3
310120261400  0.245  4.6  118.6  10.4  0.65  23.2  27.3
310120261401  0.245  4.6  118.7  10.4  0.58  19.6  27.3
310120261402  0.244  4.3  116.1  10.4  0.62  12.3  27.3
310120261403  0.245  4.5  116.1  10.4  0.66  17.7  27.4
310120261404  0.244  4.3  118.2  8.3  0.57  17.6  27.4
310120261405  0.244  4.2  118.4  8.3  0.52  17.4  27.4
310120261406  0.244  4.2  117.2  8.3  0.54  21.0  27.4
310120261407  0.243  4.2  117.3  9.7  0.59  17.2  27.4
310120261408  0.241  4.1  115.6  9.7  0.62  18.2  27.4
310120261409  0.241  4.1  110.4  9.7  0.65  17.6  27.4
310120261410  0.242  4.0  110.3  9.7  0.58  16.4  27.4
310120261411  0.241  4.1  110.9  9.7  0.56  14.0  27.4
310120261412  0.240  4.4  113.3  9.7  0.68  16.7  27.4
310120261413  0.241  4.3  113.3  9.7  0.50  24.7  27.4
310120261414  0.239  4.0  111.0  9.7  0.53  20.5  27.4
310120261415  0.238  3.9  110.0  9.7  0.67  16.2  27.4
310120261416  0.236  4.1  112.0  9.7  0.59  20.0  27.4
310120261417  0.234  3.8  108.5  9.4  0.54  25.1  27.4
310120261418  0.231  3.8  106.6  9.4  0.80  18.6  27.5
310120261419  0.229  3.7  108.2  9.4  0.58  19.4  27.5
310120261420  0.227  4.0  104.4  9.4  0.53  25.1  27.5
310120261421  0.226  4.0  98.5  8.5  0.63  22.8  27.5
310120261422  0.226  4.0  92.8  8.5  0.62  18.4  27.5
310120261423  0.228  4.2  89.0  10.7  0.71  18.9  27.5
310120261424  0.228  4.4  85.4  10.7  0.71  16.1  27.5
310120261425  0.228  4.7  82.9  10.7  0.67  21.4  27.5
310120261426  0.227  4.9  77.1  10.7  0.54  14.4  27.5
310120261427  0.226  5.4  76.1  10.7  0.59  14.0  27.5
310120261428  0.225  5.5  74.8  10.7  0.67  15.5  27.5
310120261429  0.224  5.6  75.2  10.7  0.65  12.0  27.5
310120261430  0.224  5.6  74.4  10.7  0.58  17.7  27.5
310120261431  0.224  5.2  76.5  10.7  0.64  17.2  27.5
310120261432  0.225  5.0  77.9  10.7  0.66  20.7  27.5
310120261433  0.226  4.9  77.4  9.0  0.51  21.1  27.5
310120261434  0.229  4.9  77.0  9.5  0.64  20.3  27.5
310120261435  0.231  5.1  75.3  10.2  0.55  24.0  27.5
310120261436  0.233  5.1  74.0  10.2  0.49  20.5  27.6
310120261437  0.232  5.0  74.4  10.2  0.48  21.3  27.6
310120261438  0.235  4.8  76.3  10.2  0.60  20.0  27.6
310120261439  0.236  4.7  75.0  10.2  0.60  19.7  27.6
310120261440  0.238  5.1  73.7  10.2  0.56  17.6  27.6
310120261441  0.242  5.6  69.5  10.2  0.44  24.2  27.6
310120261442  0.246  6.1  67.9  10.2  0.44  29.4  27.6
310120261443  0.248  6.3  66.9  10.2  0.45  23.4  27.6
310120261444  0.252  6.4  65.9  10.2  0.46  23.6  27.6
310120261445  0.257  6.0  67.2  9.7  0.51  26.2  27.6
310120261446  0.260  5.8  67.8  9.7  0.55  24.0  27.6
310120261447  0.265  5.8  67.9  9.7  0.30  34.0  27.6
310120261448  0.269  6.1  67.2  9.7  0.45  28.3  27.6
310120261449  0.273  6.2  67.7  9.7  0.36  38.8  27.6
310120261450  0.276  6.1  68.1  8.9  0.40  28.3  27.6
310120261451  0.279  6.0  68.1  9.7  0.37  30.5  27.6
310120261452  0.283  6.2  68.3  9.7  0.32  32.3  27.6
310120261453  0.288  6.0  69.2  9.7  0.32  36.4  27.6
310120261454  0.292  6.1  70.4  9.7  0.28  40.5  27.6
310120261455  0.299  6.4  69.8  9.7  0.34  33.0  27.7
310120261456  0.303  6.7  69.9  9.7  0.32  31.5  27.7
310120261457  0.308  6.9  69.2  9.7  0.37  8.2  27.7
310120261458  0.312  6.9  68.6  9.7  0.41  10.8  27.7
310120261459  0.315  6.9  68.3  9.7  0.28  5.3  27.7
310120261500  0.319  6.7  69.6  9.7  0.30  358.4  27.7
310120261501  0.323  6.5  70.4  9.6  0.30  3.3  27.7
310120261502  0.326  6.5  69.8  9.6  0.29  4.2  27.6
310120261503  0.330  6.6  68.3  9.6  0.32  356.8  27.6
310120261504  0.332  6.5  68.0  9.6  0.23  354.9  27.6
310120261505  0.336  6.4  67.1  9.6  0.07  323.9  27.6
310120261506  0.341  6.4  67.5  9.2  0.19  10.6  27.6
310120261507  0.344  6.3  68.5  9.2  0.27  353.8  27.6
310120261508  0.350  6.3  67.6  9.2  0.21  351.9  27.6
310120261509  0.353  6.4  67.6  9.0  0.22  347.5  27.6
310120261510  0.359  6.4  67.5  9.0  0.15  354.5  27.6
310120261511  0.363  6.7  68.0  9.0  0.23  337.5  27.6
310120261512  0.366  6.6  69.1  8.8  0.13  355.8  27.6
310120261513  0.371  6.7  70.2  11.5  0.14  336.5  27.6
310120261514  0.376  7.0  71.1  11.5  0.06  276.4  27.7
310120261515  0.381  7.2  71.3  11.5  0.23  357.6  27.7
310120261516  0.387  7.1  71.3  11.5  0.21  354.7  27.7
310120261517  0.393  7.3  70.9  11.5  0.16  347.3  27.7
310120261518  0.398  7.5  72.3  11.5  0.05  303.7  27.7
310120261519  0.403  7.6  71.5  11.5  0.20  348.5  27.7
310120261520  0.407  7.6  71.2  11.5  0.17  2.1  27.7
310120261521  0.411  7.5  72.5  11.5  0.11  353.1  27.7
310120261522  0.413  7.5  71.6  11.5  0.10  13.4  27.7
310120261523  0.416  7.3  70.9  10.7  0.17  13.9  27.7
310120261524  0.418  6.8  71.0  10.7  0.13  5.7  27.7
310120261525  0.421  6.7  70.6  10.7  0.21  5.7  27.7
310120261526  0.425  7.0  69.1  10.7  0.08  334.8  27.7
310120261527  0.429  6.7  69.5  10.7  0.02  253.4  27.7
310120261528  0.431  6.6  69.1  10.0  0.10  19.3  27.7
310120261529  0.435  6.3  71.1  10.0  0.03  337.3  27.7
310120261530  0.437  6.2  71.8  10.0  0.13  189.1  27.7
310120261531  0.441  6.1  69.6  10.0  0.08  168.7  27.7
310120261532  0.444  6.2  71.8  10.0  0.02  45.0  27.7
310120261533  0.447  6.2  72.0  10.0  0.03  52.7  27.7
310120261534  0.451  6.4  71.2  10.0  0.19  202.2  27.7
310120261535  0.452  6.2  72.2  10.0  0.12  153.1  27.7
310120261536  0.454  5.9  73.0  9.6  0.10  108.6  27.7
310120261537  0.457  6.1  73.0  9.6  0.04  153.1  27.8
310120261538  0.460  5.7  74.5  9.6  0.06  190.0  27.8
310120261539  0.464  5.7  73.3  9.6  0.08  195.9  27.7
310120261540  0.468  5.7  72.3  9.6  0.06  167.8  27.7
310120261541  0.472  5.7  73.7  9.6  0.04  122.8  27.8
310120261542  0.476  5.3  73.0  9.5  0.11  119.1  27.8
310120261543  0.480  5.1  74.5  9.5  0.07  81.0  27.8
310120261544  0.482  5.0  74.1  9.1  0.05  350.9  27.8
310120261545  0.484  4.9  73.9  9.1  0.11  107.1  27.8
310120261546  0.486  4.7  76.2  9.1  0.12  165.6  27.8
310120261547  0.489  4.5  76.1  7.9  0.12  135.0  27.8
310120261548  0.493  4.7  74.0  7.9  0.16  174.0  27.8
310120261549  0.496  4.8  74.5  7.9  0.11  153.5  27.8
310120261550  0.500  4.8  73.5  7.9  0.14  145.0  27.8
310120261551  0.503  4.9  73.3  7.9  0.07  157.7  27.8
310120261552  0.506  5.1  73.1  8.3  0.19  176.5  27.8
310120261553  0.511  5.1  72.4  8.3  0.21  160.6  27.7
310120261554  0.513  5.2  73.3  8.3  0.29  172.4  27.7
310120261555  0.516  5.3  73.0  8.3  0.11  170.0  27.7
310120261556  0.520  5.4  71.4  8.3  0.06  126.6  27.7
310120261557  0.521  5.5  71.0  8.4  0.15  145.5  27.7
310120261558  0.523  5.3  72.4  8.4  0.21  158.6  27.7
310120261559  0.527  5.3  72.9  9.6  0.24  160.1  27.7
310120261600  0.531  5.1  72.9  9.6  0.10  160.9  27.7
310120261601  0.535  5.1  72.7  9.6  0.19  159.4  27.7
310120261602  0.537  5.0  72.1  9.6  0.29  167.1  27.7
310120261603  0.540  5.0  73.2  9.6  0.19  154.0  27.7
310120261604  0.542  4.9  73.0  9.6  0.19  150.7  27.7
310120261605  0.544  4.8  73.4  9.6  0.12  90.4  27.7
310120261606  0.547  4.6  74.1  9.6  0.08  111.9  27.7
310120261607  0.551  4.6  74.6  9.6  0.21  170.2  27.7
310120261608  0.555  4.6  74.1  9.6  0.18  166.8  27.7
310120261609  0.559  4.4  73.8  8.2  0.20  153.1  27.7
310120261610  0.563  4.5  74.2  8.2  0.21  157.4  27.7
310120261611  0.567  4.5  73.0  8.2  0.20  158.2  27.7
310120261612  0.571  4.6  73.3  8.2  0.20  172.1  27.7
310120261613  0.575  4.8  72.7  8.2  0.19  153.6  27.7
310120261614  0.580  4.6  74.1  7.8  0.15  161.5  27.7
310120261615  0.584  4.6  74.6  7.8  0.13  144.4  27.7
310120261616  0.590  4.7  74.5  7.8  0.18  190.0  27.6
310120261617  0.595  4.8  73.0  7.8  0.22  182.2  27.6
310120261618  0.600  4.9  72.6  7.8  0.30  178.7  27.6
310120261619  0.606  5.0  71.7  8.3  0.25  186.9  27.6
310120261620  0.612  5.0  72.3  8.3  0.33  176.9  27.6
310120261621  0.617  5.0  72.1  8.3  0.39  185.7  27.6
310120261622  0.623  4.9  72.5  8.3  0.29  189.6  27.6
310120261623  0.628  4.9  71.7  10.2  0.38  195.5  27.6
310120261624  0.632  5.3  69.8  10.2  0.28  193.6  27.6
310120261625  0.638  5.4  69.5  10.2  0.29  201.2  27.6
310120261626  0.644  5.6  68.9  10.2  0.29  196.6  27.7
310120261627  0.648  5.5  70.4  10.2  0.28  191.6  27.7
310120261628  0.653  5.5  70.5  10.2  0.41  186.5  27.6
310120261629  0.657  5.5  71.3  10.2  0.45  187.8  27.6
310120261630  0.661  5.9  70.2  10.2  0.42  189.5  27.6
310120261631  0.666  5.9  70.6  10.2  0.47  186.5  27.5
310120261632  0.673  6.1  69.6  10.2  0.55  185.4  27.5
310120261633  0.679  6.0  69.2  9.4  0.32  177.9  27.5
310120261634  0.683  5.9  69.7  9.4  0.46  181.0  27.5
310120261635  0.689  6.0  70.2  9.3  0.42  185.5  27.5
310120261636  0.694  6.0  71.6  9.3  0.44  183.1  27.5
310120261637  0.700  6.1  71.4  9.3  0.35  190.6  27.5
310120261638  0.705  6.1  72.4  9.3  0.41  180.2  27.5
310120261639  0.711  6.2  72.6  9.3  0.49  182.0  27.5
310120261640  0.718  5.9  75.1  9.3  0.53  182.6  27.5
310120261641  0.724  5.8  75.8  9.2  0.42  191.1  27.5
310120261642  0.730  5.8  75.5  9.2  0.41  193.3  27.5
310120261643  0.736  5.8  75.3  9.2  0.54  190.8  27.5
310120261644  0.741  6.0  74.5  9.2  0.58  195.4  27.5
310120261645  0.746  5.8  72.8  9.2  0.44  194.6  27.5
310120261646  0.751  5.9  70.5  9.2  0.55  199.0  27.5
310120261647  0.757  6.0  67.7  9.2  0.46  197.8  27.5
310120261648  0.762  6.1  65.0  9.2  0.47  202.6  27.5
310120261649  0.767  6.1  62.9  9.2  0.57  198.0  27.5
310120261650  0.772  6.1  61.1  9.2  0.57  195.1  27.5
310120261651  0.778  6.2  59.1  9.2  0.53  199.1  27.5
310120261652  0.783  6.2  59.5  9.2  0.49  194.5  27.5
310120261653  0.787  6.1  60.9  9.2  0.52  197.1  27.5
310120261654  0.792  6.0  61.4  9.1  0.52  197.0  27.5
310120261655  0.796  6.2  61.7  9.1  0.52  198.8  27.5
310120261656  0.801  6.3  62.9  9.1  0.48  197.7  27.5
310120261657  0.805  6.3  64.6  9.6  0.60  192.0  27.5
310120261658  0.810  6.4  65.9  9.6  0.64  187.6  27.6
310120261659  0.814  6.4  66.7  9.6  0.57  193.9  27.6
310120261700  0.819  6.4  67.4  9.6  0.52  182.5  27.5
310120261701  0.822  6.5  69.0  9.6  0.57  196.6  27.5
310120261702  0.826  6.6  69.6  9.6  0.55  192.8  27.5
310120261703  0.830  6.7  69.0  9.6  0.48  190.2  27.5
310120261704  0.833  6.7  69.8  9.6  0.55  189.6  27.5
310120261705  0.838  6.6  71.3  9.6  0.56  188.8  27.5
310120261706  0.842  6.4  72.3  9.6  0.63  190.2  27.5
310120261707  0.846  6.3  74.2  9.0  0.48  192.5  27.5
310120261708  0.851  6.0  74.8  8.8  0.60  190.4  27.5
310120261709  0.855  6.0  75.9  8.8  0.50  189.6  27.5
310120261710  0.858  6.1  75.7  8.8  0.46  192.9  27.5
310120261711  0.862  6.1  75.6  8.7  0.51  187.4  27.5
310120261712  0.865  6.1  74.9  8.7  0.33  187.3  27.5
310120261713  0.869  6.0  75.2  8.7  0.50  188.0  27.5
310120261714  0.873  5.9  74.9  8.7  0.53  191.0  27.5
310120261715  0.877  5.9  74.3  8.7  0.56  183.8  27.5
310120261716  0.880  5.8  73.7  8.7  0.64  185.1  27.5
310120261717  0.883  5.7  72.7  8.5  0.58  186.9  27.5
310120261718  0.887  5.7  73.1  8.5  0.43  181.6  27.5
310120261719  0.891  5.8  71.4  8.5  0.56  182.3  27.5
310120261720  0.894  5.9  70.5  8.6  0.66  182.6  27.5
310120261721  0.897  5.7  71.7  8.6  0.58  181.5  27.6
310120261722  0.899  5.4  73.4  8.6  0.53  178.6  27.6
310120261723  0.901  5.6  73.9  8.6  0.57  180.9  27.6
310120261724  0.903  5.8  72.4  8.6  0.61  178.1  27.6
310120261725  0.905  6.0  72.2  9.9  0.54  179.6  27.6
310120261726  0.908  6.1  72.8  9.9  0.58  178.8  27.6
310120261727  0.912  6.3  72.3  9.9  0.56  176.6  27.6
310120261728  0.914  6.4  71.5  9.9  0.58  180.3  27.6
310120261729  0.918  6.2  72.7  9.9  0.64  179.2  27.6
310120261730  0.919  6.1  73.9  9.9  0.61  181.8  27.6
310120261731  0.921  6.1  74.0  9.9  0.58  182.8  27.6
310120261732  0.921  6.2  73.3  9.9  0.50  171.3  27.6
310120261733  0.924  6.2  73.0  9.9  0.56  181.4  27.6
310120261734  0.925  6.2  72.7  9.9  0.52  181.5  27.6
310120261735  0.930  6.0  72.3  9.0  0.63  180.5  27.6
310120261736  0.933  6.0  70.7  9.0  0.56  180.1  27.6
310120261737  0.937  5.9  70.8  9.0  0.58  176.9  27.6
310120261738  0.942  5.8  71.2  9.0  0.66  181.6  27.6
310120261739  0.946  5.8  70.8  9.0  0.48  184.2  27.6
310120261740  0.950  5.8  70.1  9.0  0.61  178.7  27.6
310120261741  0.955  5.9  69.9  9.0  0.56  177.3  27.6
310120261742  0.958  5.9  70.8  8.8  0.65  180.3  27.6
310120261743  0.962  5.8  71.5  8.8  0.57  176.5  27.6
310120261744  0.967  5.6  72.4  8.8  0.55  177.6  27.6
310120261745  0.973  5.7  73.2  8.8  0.52  178.8  27.6
310120261746  0.978  5.7  72.8  9.5  0.62  185.2  27.6
310120261747  0.983  5.8  73.6  9.5  0.58  178.5  27.6
310120261748  0.989  6.1  74.3  9.8  0.70  176.3  27.6
310120261749  0.991  6.3  73.9  9.8  0.65  179.1  27.6
310120261750  0.996  6.3  73.5  9.8  0.68  180.4  27.6
310120261751  1.000  6.0  71.9  9.8  0.63  180.3  27.6
310120261752  1.003  6.0  69.7  9.8  0.62  176.5  27.6
310120261753  1.008  6.2  69.2  9.8  0.77  178.6  27.6
310120261754  1.013  6.4  69.9  9.8  0.65  183.4  27.6
310120261755  1.017  6.3  69.1  9.8  0.69  180.2  27.6
310120261756  1.022  6.4  69.5  9.8  0.59  181.9  27.6
310120261757  1.027  6.2  69.1  9.8  0.55  181.4  27.6
310120261758  1.032  6.0  68.0  9.5  0.51  176.9  27.6
310120261759  1.035  5.9  68.3  9.5  0.50  178.9  27.6
310120261800  1.038  5.8  68.8  9.5  0.66  181.5  27.6
310120261801  1.042  5.9  69.8  9.5  0.81  185.3  27.6
310120261802  1.045  5.9  71.5  9.5  0.66  183.0  27.6
310120261803  1.049  5.8  71.3  9.3  0.57  177.5  27.6
310120261804  1.053  5.6  71.6  9.3  0.77  181.8  27.5
310120261805  1.056  5.7  72.8  9.3  0.57  180.1  27.5
310120261806  1.060  5.4  73.6  8.9  0.62  185.1  27.5
310120261807  1.064  5.3  73.4  8.5  0.58  179.0  27.5
310120261808  1.067  5.1  74.9  8.5  0.54  181.9  27.5
310120261809  1.070  5.2  74.2  8.5  0.75  185.6  27.5
310120261810  1.074  5.4  73.7  8.5  0.64  181.4  27.5
310120261811  1.077  5.2  73.8  8.5  0.59  186.4  27.5
310120261812  1.082  5.2  72.5  8.5  0.61  183.3  27.5
310120261813  1.086  5.1  71.4  8.5  0.71  186.4  27.5
310120261814  1.090  5.1  70.9  8.5  0.65  186.9  27.5
310120261815  1.094  5.0  69.8  8.5  0.64  177.7  27.5
310120261816  1.099  4.9  68.7  8.5  0.63  179.3  27.5
310120261817  1.103  5.1  68.6  8.5  0.74  181.8  27.5
310120261818  1.107  5.1  66.4  8.5  0.63  176.8  27.5
310120261819  1.111  4.9  66.1  7.1  0.61  182.2  27.5
310120261820  1.113  4.8  66.8  7.3  0.62  177.9  27.5
310120261821  1.115  5.0  66.4  7.3  0.71  184.2  27.5
310120261822  1.119  5.1  66.3  7.3  0.61  183.9  27.5
310120261823  1.121  5.0  67.9  7.3  0.64  179.8  27.5
310120261824  1.124  4.8  67.6  7.3  0.61  180.1  27.5
310120261825  1.126  4.8  67.7  7.3  0.67  187.2  27.5
310120261826  1.127  4.8  68.6  7.3  0.51  176.2  27.5
310120261827  1.128  4.7  69.8  7.3  0.71  183.8  27.5
310120261828  1.130  5.0  71.8  8.3  0.50  177.6  27.5
310120261829  1.131  5.3  72.4  8.5  0.66  182.3  27.5
310120261830  1.134  5.4  71.3  8.5  0.58  183.4  27.5
310120261831  1.137  5.6  71.5  9.7  0.52  188.7  27.5
310120261832  1.139  5.6  73.0  9.7  0.68  179.0  27.5
310120261833  1.141  5.8  72.2  9.7  0.60  180.0  27.5
310120261834  1.141  6.1  71.7  9.7  0.62  175.3  27.5
310120261835  1.143  6.1  73.2  9.7  0.55  183.1  27.5
310120261836  1.143  6.3  73.1  9.7  0.44  167.6  27.5
310120261837  1.144  6.3  73.0  9.7  0.53  179.1  27.5
310120261838  1.144  6.1  71.4  9.7  0.66  175.8  27.5
310120261839  1.143  6.0  71.5  9.7  0.64  175.5  27.5
310120261840  1.144  6.0  71.6  9.7  0.57  171.9  27.5
310120261841  1.146  5.9  71.2  9.3  0.57  177.7  27.5
310120261842  1.147  5.8  70.6  9.3  0.53  165.8  27.5
310120261843  1.147  5.7  69.9  9.3  0.53  173.4  27.5
310120261844  1.147  5.7  68.8  9.3  0.52  169.5  27.5
310120261845  1.147  5.8  65.7  9.3  0.46  169.0  27.5
310120261846  1.146  5.6  64.0  9.2  0.59  176.2  27.5
310120261847  1.148  5.7  63.7  8.6  0.56  175.4  27.5
310120261848  1.149  5.9  64.7  8.6  0.55  173.7  27.5
310120261849  1.151  5.7  64.8  8.6  0.46  180.8  27.5
310120261850  1.155  5.5  63.4  8.6  0.65  177.7  27.4
310120261851  1.158  5.4  62.4  8.6  0.54  173.0  27.4
310120261852  1.158  5.4  60.8  8.6  0.55  169.2  27.4
310120261853  1.159  5.5  60.3  9.3  0.44  158.8  27.5
310120261854  1.160  5.4  60.9  9.3  0.50  167.1  27.4
310120261855  1.160  5.3  61.9  9.3  0.44  175.5  27.5
310120261856  1.162  5.3  61.6  9.3  0.55  173.7  27.4
310120261857  1.162  5.4  59.0  9.3  0.48  167.4  27.5
310120261858  1.163  5.3  57.9  9.3  0.37  169.6  27.4
310120261859  1.164  5.5  58.0  9.3  0.39  168.4  27.4
310120261900  1.165  5.8  60.1  9.9  0.63  177.3  27.5
310120261901  1.166  5.8  60.0  9.9  0.50  178.0  27.4
310120261902  1.166  5.7  59.4  9.9  0.56  177.6  27.4
310120261903  1.167  5.6  59.4  9.9  0.46  176.0  27.4
310120261904  1.167  5.8  59.4  9.9  0.47  181.3  27.4
310120261905  1.169  5.8  58.9  9.9  0.41  182.1  27.4
310120261906  1.169  5.8  58.6  9.9  0.58  184.0  27.4
310120261907  1.169  5.7  59.1  9.9  0.42  179.8  27.4
310120261908  1.169  5.6  59.1  9.9  0.36  179.3  27.4
310120261909  1.169  5.4  57.5  9.9  0.41  183.1  27.4
310120261910  1.169  5.4  58.1  9.4  0.53  178.6  27.4
310120261911  1.169  5.4  59.0  9.4  0.40  176.4  27.4
310120261912  1.168  5.6  60.0  9.4  0.51  178.1  27.4
310120261913  1.167  5.4  59.3  9.0  0.49  179.0  27.4
310120261914  1.167  5.4  58.2  8.6  0.43  173.4  27.4
310120261915  1.169  5.4  56.3  8.6  0.46  177.4  27.4
310120261916  1.171  5.4  58.0  8.6  0.40  164.3  27.4
310120261917  1.171  5.3  58.3  8.6  0.51  178.1  27.4
310120261918  1.169  5.3  58.3  8.6  0.40  176.0  27.4
310120261919  1.170  5.3  58.8  8.6  0.36  180.2  27.4
310120261920  1.171  5.3  56.5  8.6  0.41  178.4  27.4
310120261921  1.173  5.3  55.3  8.6  0.40  174.7  27.4
310120261922  1.176  5.3  54.8  8.6  0.40  171.9  27.4
310120261923  1.177  5.3  55.7  8.6  0.40  180.1  27.4
310120261924  1.180  5.1  55.1  8.4  0.40  182.7  27.4
310120261925  1.182  5.0  57.3  8.4  0.49  185.7  27.4
310120261926  1.183  5.0  55.9  8.4  0.34  187.4  27.4
310120261927  1.185  5.0  55.3  8.4  0.30  184.4  27.4
310120261928  1.185  5.1  53.4  8.4  0.42  171.6  27.4
310120261929  1.187  5.3  54.4  8.6  0.37  166.8  27.4
310120261930  1.189  5.1  54.2  8.6  0.49  181.0  27.4
310120261931  1.189  5.0  56.3  8.6  0.36  178.0  27.4
310120261932  1.190  5.0  57.1  8.6  0.44  187.0  27.4
310120261933  1.189  5.0  57.1  8.6  0.44  189.0  27.4
310120261934  1.189  5.0  59.4  8.6  0.38  180.7  27.4
310120261935  1.189  5.1  61.9  8.6  0.42  182.7  27.4
310120261936  1.189  5.1  62.1  8.6  0.48  181.9  27.4
310120261937  1.189  5.3  62.9  8.6  0.46  185.4  27.4
310120261938  1.189  5.4  64.2  8.6  0.39  180.5  27.4
310120261939  1.188  5.4  63.6  8.0  0.35  176.0  27.4
310120261940  1.188  5.5  64.3  8.0  0.32  180.1  27.4
310120261941  1.188  5.5  63.8  8.0  0.42  185.7  27.4
310120261942  1.189  5.5  64.0  8.0  0.28  188.0  27.4
310120261943  1.188  5.5  65.0  8.0  0.31  188.9  27.4
310120261944  1.187  5.6  65.1  8.0  0.52  181.1  27.4
310120261945  1.186  5.6  63.3  8.0  0.29  174.3  27.4
310120261946  1.185  5.6  62.7  7.9  0.44  176.3  27.4
310120261947  1.185  5.5  62.4  7.9  0.18  155.8  27.4
310120261948  1.183  5.2  65.4  7.9  0.30  179.1  27.4
310120261949  1.181  5.0  67.7  7.8  0.34  170.7  27.4
310120261950  1.180  4.9  66.9  7.6  0.36  170.9  27.4
310120261951  1.179  4.7  65.6  7.6  0.45  169.2  27.4
310120261952  1.178  4.5  65.3  7.6  0.50  174.9  27.4
310120261953  1.178  4.3  65.6  7.6  0.48  172.7  27.4
310120261954  1.177  4.0  65.4  7.6  0.48  172.0  27.4
310120261955  1.176  3.8  65.5  7.6  0.49  171.9  27.4
310120261956  1.175  3.8  67.5  7.6  0.48  174.7  27.3
310120261957  1.172  3.6  67.3  5.9  0.38  173.8  27.3
310120261958  1.171  3.9  64.9  7.1  0.33  164.9  27.3
310120261959  1.169  4.1  64.6  7.1  0.38  169.9  27.3
310120262000  1.167  4.2  66.3  7.1  0.18  157.5  27.3
310120262001  1.167  4.5  68.5  7.2  0.15  179.1  27.3
310120262002  1.166  4.8  68.3  8.4  0.20  160.7  27.3
310120262003  1.164  4.9  66.8  8.4  0.29  159.2  27.3
310120262004  1.162  5.2  65.9  8.4  0.33  157.3  27.3
310120262005  1.161  5.1  64.8  8.4  0.41  171.0  27.3
310120262006  1.158  5.0  64.3  8.4  0.28  160.8  27.3
310120262007  1.155  5.1  65.6  8.4  0.18  157.7  27.3
310120262008  1.153  4.9  65.0  8.4  0.16  172.9  27.3
310120262009  1.151  4.7  61.4  8.4  0.12  165.6  27.3
310120262010  1.149  4.7  62.1  8.4  0.21  170.2  27.3
310120262011  1.147  4.3  63.4  8.4  0.06  92.4  27.3
310120262012  1.145  4.2  63.5  6.9  0.11  160.6  27.3
310120262013  1.144  4.0  66.6  6.9  0.08  167.9  27.3
310120262014  1.143  3.9  70.2  6.9  0.27  177.8  27.3
310120262015  1.139  4.0  72.4  6.9  0.22  168.4  27.3
310120262016  1.136  3.9  74.1  6.9  0.21  172.1  27.3
310120262017  1.133  3.9  74.2  6.5  0.08  211.8  27.2
310120262018  1.130  4.0  73.4  6.5  0.10  187.7  27.2
310120262019  1.128  4.1  74.9  6.5  0.15  161.4  27.2
310120262020  1.126  4.2  72.4  7.0  0.34  174.1  27.2
310120262021  1.124  4.2  68.7  7.0  0.15  175.1  27.2
310120262022  1.120  4.3  68.7  7.0  0.20  178.1  27.2
310120262023  1.117  4.3  66.4  7.0  0.23  170.3  27.2
310120262024  1.114  4.3  64.1  7.0  0.12  141.1  27.2
310120262025  1.110  4.4  62.6  7.0  0.09  151.1  27.2
310120262026  1.105  4.5  61.2  7.0  0.20  173.8  27.2
310120262027  1.103  4.5  60.6  7.0  0.04  192.5  27.2
310120262028  1.099  4.4  61.2  7.0  0.04  208.4  27.2
310120262029  1.096  4.4  60.4  7.0  0.04  215.2  27.2
310120262030  1.093  4.3  61.3  6.6  0.06  65.3  27.3
310120262031  1.091  4.2  60.3  6.6  0.08  21.3  27.3
310120262032  1.089  4.1  60.8  6.6  0.16  194.1  27.3
310120262033  1.085  4.0  59.3  6.6  0.11  156.9  27.3
310120262034  1.081  4.1  60.7  7.7  0.11  36.1  27.3
310120262035  1.077  4.2  64.3  7.7  0.09  68.8  27.3
310120262036  1.076  4.5  66.3  7.7  0.09  116.9  27.3
310120262037  1.073  4.4  67.3  7.7  0.10  158.7  27.3
310120262038  1.071  4.4  67.6  7.7  0.10  159.2  27.2
310120262039  1.067  4.6  68.8  7.7  0.15  119.4  27.3
310120262040  1.064  4.5  69.1  7.7  0.07  353.6  27.2
310120262041  1.060  4.5  69.4  7.7  0.11  173.9  27.2
310120262042  1.057  4.6  68.2  7.7  0.04  169.1  27.2
310120262043  1.053  4.7  69.2  7.7  0.02  179.7  27.2
310120262044  1.048  4.6  68.0  7.5  0.04  192.5  27.2
310120262045  1.043  4.5  66.9  7.5  0.06  293.1  27.2
310120262046  1.038  4.3  67.0  6.7  0.06  351.0  27.2
310120262047  1.035  4.1  66.9  6.7  0.11  349.1  27.2
310120262048  1.032  3.9  67.3  6.7  0.14  344.5  27.2
310120262049  1.029  3.8  68.4  6.7  0.06  239.2  27.2
310120262050  1.025  3.7  67.5  6.7  0.06  340.9  27.3
310120262051  1.022  3.8  68.0  6.7  0.09  238.7  27.2
310120262052  1.019  3.8  67.1  6.7  0.11  356.0  27.3
310120262053  1.017  3.9  68.2  6.7  0.15  334.7  27.3
310120262054  1.015  3.8  68.3  6.7  0.05  316.0  27.3
310120262055  1.013  3.8  70.1  6.1  0.02  348.2  27.3
310120262056  1.010  3.9  69.7  6.9  0.10  316.2  27.3
310120262057  1.007  4.2  70.5  7.3  0.15  345.4  27.3
310120262058  1.004  4.2  72.2  7.3  0.19  343.7  27.2
310120262059  1.002  4.1  71.6  7.3  0.16  339.2  27.3
310120262100  1.000  4.3  73.1  7.3  0.16  345.0  27.3
310120262101  0.997  4.2  73.8  7.3  0.10  315.9  27.3
310120262102  0.998  4.2  74.7  7.3  0.06  287.6  27.3
310120262103  0.997  4.2  73.6  7.3  0.11  296.1  27.3
310120262104  0.994  4.1  73.5  7.3  0.09  237.6  27.3
310120262105  0.992  4.2  69.9  7.3  0.15  318.8  27.3
310120262106  0.989  4.1  68.0  7.3  0.08  278.6  27.3
310120262107  0.988  3.8  67.0  5.6  0.09  307.7  27.3
310120262108  0.985  3.8  63.2  5.6  0.08  345.2  27.3
310120262109  0.983  3.7  63.3  5.6  0.10  352.6  27.3
310120262110  0.981  3.7  63.0  5.3  0.20  341.9  27.2
310120262111  0.978  3.7  62.5  5.9  0.13  325.0  27.2
310120262112  0.976  3.7  61.2  5.9  0.11  338.9  27.2
310120262113  0.974  3.7  60.6  5.9  0.22  0.2  27.2
310120262114  0.972  3.6  60.5  5.9  0.28  1.1  27.2
310120262115  0.968  3.5  61.2  5.9  0.31  353.5  27.2
310120262116  0.966  3.6  62.3  5.9  0.21  5.2  27.2
310120262117  0.964  3.7  61.8  5.9  0.18  13.7  27.2
310120262118  0.960  3.8  63.1  5.9  0.23  4.7  27.2
310120262119  0.956  3.8  63.1  5.9  0.12  338.4  27.2
310120262120  0.953  3.8  61.8  5.9  0.04  26.7  27.2
310120262121  0.950  3.7  61.6  5.3  0.13  342.3  27.2
310120262122  0.948  3.6  62.0  5.2  0.21  12.2  27.2
310120262123  0.943  3.5  63.1  4.9  0.31  3.6  27.2
310120262124  0.941  3.5  64.2  4.9  0.30  5.6  27.2
310120262125  0.938  3.5  64.7  4.9  0.24  12.7  27.2
310120262126  0.936  3.4  65.0  4.9  0.28  356.9  27.2
310120262127  0.933  3.4  65.7  4.7  0.37  12.4  27.2
310120262128  0.930  3.4  65.9  4.7  0.31  8.9  27.2
310120262129  0.928  3.3  65.2  4.7  0.26  6.6  27.2
310120262130  0.924  3.3  64.3  4.7  0.06  37.3  27.2
310120262131  0.920  3.2  63.1  4.7  0.25  354.9  27.2
310120262132  0.918  3.1  63.4  4.7  0.24  12.3  27.2
310120262133  0.916  3.1  62.0  4.7  0.29  11.1  27.2
310120262134  0.913  3.0  60.4  4.7  0.34  8.0  27.2
310120262135  0.911  3.0  57.2  4.7  0.47  14.5  27.2
310120262136  0.907  3.0  55.6  4.2  0.33  19.2  27.2
310120262137  0.904  2.9  54.7  4.1  0.27  24.2  27.2
310120262138  0.902  2.9  56.8  4.1  0.39  7.7  27.2
310120262139  0.898  2.8  58.0  4.1  0.32  16.6  27.2
310120262140  0.893  3.0  61.2  5.1  0.43  12.1  27.2
310120262141  0.889  3.0  65.7  5.1  0.45  18.7  27.2
310120262142  0.886  2.9  66.6  5.1  0.36  13.7  27.2
310120262143  0.881  2.9  69.1  5.1  0.40  9.4  27.2
310120262144  0.878  3.0  69.2  5.1  0.46  4.7  27.2
310120262145  0.874  3.1  70.9  5.1  0.42  6.8  27.2
310120262146  0.871  3.1  71.9  5.1  0.46  4.4  27.2
310120262147  0.868  3.1  72.4  5.1  0.39  11.4  27.2
310120262148  0.863  3.0  70.8  5.1  0.45  2.8  27.2
310120262149  0.857  3.0  70.9  5.1  0.47  5.0  27.2
310120262150  0.853  2.9  69.3  4.6  0.42  9.2  27.2
310120262151  0.849  2.9  66.6  4.3  0.43  6.9  27.2
310120262152  0.843  3.0  67.6  4.3  0.38  18.5  27.2
310120262153  0.838  3.0  67.3  4.3  0.35  20.6  27.2
310120262154  0.832  3.0  68.3  4.3  0.57  11.6  27.2
310120262155  0.826  2.9  68.9  4.3  0.48  6.1  27.2
310120262156  0.820  2.9  69.0  4.3  0.53  1.2  27.2
310120262157  0.814  2.8  68.0  4.3  0.51  359.2  27.2
310120262158  0.807  2.8  66.3  4.3  0.49  4.8  27.2
310120262159  0.800  2.8  62.9  4.3  0.62  6.6  27.2
310120262200  0.793  2.7  61.0  4.3  0.66  5.9  27.2
310120262201  0.785  2.6  59.7  3.9  0.51  6.5  27.2
310120262202  0.779  2.6  58.8  3.9  0.62  8.4  27.2
310120262203  0.775  2.8  59.2  4.1  0.59  7.0  27.2
310120262204  0.768  2.9  58.8  4.7  0.53  12.3  27.2
310120262205  0.763  2.8  59.1  4.7  0.72  14.2  27.2
310120262206  0.758  2.9  59.2  4.7  0.57  14.5  27.2
310120262207  0.752  3.0  61.3  4.7  0.73  14.6  27.2
310120262208  0.747  3.0  61.1  4.7  0.62  14.3  27.2
310120262209  0.742  3.1  64.2  4.7  0.51  18.8  27.2
310120262210  0.737  3.1  65.6  4.7  0.49  8.2  27.2
310120262211  0.732  3.1  67.8  4.7  0.67  12.7  27.2
310120262212  0.726  3.2  69.2  5.1  0.59  10.0  27.2
310120262213  0.722  3.2  68.1  5.1  0.67  14.0  27.2
310120262214  0.716  3.1  68.1  5.1  0.69  14.5  27.2
310120262215  0.711  3.2  67.0  5.1  0.81  12.9  27.2
310120262216  0.705  3.2  67.4  5.1  0.83  12.7  27.2
310120262217  0.700  3.1  65.1  5.1  0.71  9.8  27.2
310120262218  0.696  3.2  64.8  5.2  0.70  13.5  27.2
310120262219  0.692  3.4  63.1  5.8  0.86  8.8  27.2
310120262220  0.687  3.6  62.5  5.8  0.71  10.0  27.2
310120262221  0.683  3.6  60.6  5.8  0.74  10.6  27.2
310120262222  0.678  3.6  58.6  5.8  0.83  9.1  27.2
310120262223  0.673  3.5  57.9  5.8  0.73  9.1  27.2
310120262224  0.668  3.6  57.1  5.8  0.75  16.6  27.3
310120262225  0.664  3.6  55.3  5.8  0.83  8.5  27.3
310120262226  0.660  3.6  54.1  5.8  0.70  7.8  27.3
310120262227  0.657  3.6  53.3  5.8  0.73  6.9  27.3
310120262228  0.653  3.6  52.0  5.8  0.78  12.0  27.3
310120262229  0.650  3.4  51.7  5.4  0.69  10.5  27.3
310120262230  0.644  3.2  49.9  4.3  0.82  13.1  27.3
310120262231  0.641  3.2  50.3  4.3  0.87  15.4  27.3
310120262232  0.637  3.3  50.0  4.7  0.73  14.0  27.3
310120262233  0.631  3.4  49.7  4.7  0.79  13.0  27.3
310120262234  0.627  3.5  49.9  5.4  0.69  10.6  27.3
310120262235  0.621  3.6  51.9  5.4  0.76  11.2  27.3
310120262236  0.616  3.5  52.5  5.4  0.83  16.2  27.3
310120262237  0.612  3.6  54.1  5.4  0.66  11.0  27.3
310120262238  0.608  3.6  55.4  5.4  0.72  18.7  27.3
310120262239  0.605  3.6  55.4  5.4  0.67  18.8  27.3
310120262240  0.601  3.7  56.5  5.4  0.68  14.6  27.3
310120262241  0.597  3.7  56.7  5.4  0.78  17.2  27.3
310120262242  0.593  3.7  54.9  5.4  0.70  14.6  27.3
310120262243  0.591  3.6  55.3  5.4  0.60  25.6  27.3
310120262244  0.587  3.5  54.3  4.7  0.50  15.6  27.3
310120262245  0.583  3.4  52.7  4.7  0.48  21.1  27.3
310120262246  0.579  3.4  51.9  4.7  0.52  21.2  27.3
310120262247  0.576  3.4  49.6  4.7  0.65  16.7  27.3
310120262248  0.574  3.5  49.8  4.7  0.66  23.0  27.3
310120262249  0.571  3.5  48.7  5.3  0.55  16.7  27.3
310120262250  0.567  3.6  48.9  5.3  0.53  14.9  27.3
310120262251  0.563  3.5  48.1  5.3  0.71  17.4  27.3
310120262252  0.560  3.5  49.6  5.3  0.64  15.4  27.3
310120262253  0.554  3.5  49.2  5.3  0.50  15.1  27.3
310120262254  0.551  3.4  49.5  5.3  0.63  15.3  27.3
310120262255  0.547  3.5  49.4  5.3  0.73  14.0  27.3
310120262256  0.543  3.5  49.3  5.3  0.65  15.6  27.3
310120262257  0.538  3.5  49.8  5.3  0.68  9.3  27.3
310120262258  0.535  3.5  47.5  5.3  0.70  17.5  27.3
310120262259  0.530  3.4  47.4  4.5  0.76  19.0  27.3
310120262300  0.526  3.4  46.1  4.4  0.56  12.0  27.3
310120262301  0.520  3.3  46.4  4.4  0.54  16.6  27.3
310120262302  0.515  3.1  45.7  4.4  0.73  13.4  27.3
310120262303  0.512  3.1  45.0  4.4  0.59  15.5  27.4
310120262304  0.508  3.1  43.6  4.4  0.59  18.8  27.4
310120262305  0.504  3.1  45.5  4.5  0.58  19.2  27.4
310120262306  0.499  3.0  44.6  4.5  0.65  13.4  27.4
310120262307  0.494  3.1  45.1  4.5  0.72  18.4  27.4
310120262308  0.488  3.1  46.1  4.5  0.68  21.4  27.4
310120262309  0.485  3.1  44.9  4.5  0.44  17.3  27.4
310120262310  0.480  3.1  44.8  4.5  0.61  20.6  27.4
310120262311  0.475  3.1  45.5  4.5  0.65  15.3  27.4
310120262312  0.472  3.2  46.8  4.7  0.51  15.0  27.4
310120262313  0.467  3.3  48.8  4.7  0.68  13.3  27.4
310120262314  0.462  3.4  51.4  4.7  0.57  12.5  27.4
310120262315  0.457  3.3  50.7  4.7  0.73  22.8  27.4
310120262316  0.452  3.3  52.4  4.7  0.58  16.5  27.4
310120262317  0.447  3.3  52.9  4.7  0.77  16.5  27.4
310120262318  0.442  3.3  53.7  4.8  0.67  10.5  27.4
310120262319  0.437  3.3  55.1  4.8  0.71  12.4  27.4
310120262320  0.432  3.4  55.1  4.8  0.66  14.2  27.4
310120262321  0.428  3.3  53.9  4.8  0.62  16.3  27.4
310120262322  0.422  3.3  52.8  4.8  0.77  14.5  27.4
310120262323  0.418  3.3  51.4  4.8  0.84  15.6  27.4
310120262324  0.413  3.3  49.7  4.8  0.84  15.5  27.4
310120262325  0.410  3.2  49.6  4.8  0.83  13.5  27.4
310120262326  0.405  3.2  50.4  4.8  0.88  15.5  27.4
310120262327  0.401  3.2  51.9  4.9  0.77  16.5  27.4
310120262328  0.396  3.1  52.2  4.9  0.71  12.5  27.4
310120262329  0.390  3.1  52.6  4.9  0.79  14.1  27.4
310120262330  0.385  3.0  52.9  4.9  0.84  12.1  27.4
310120262331  0.380  3.0  52.9  4.9  0.78  17.3  27.4
310120262332  0.376  2.9  51.8  4.9  0.86  14.5  27.4
310120262333  0.371  2.9  51.1  4.9  0.99  17.0  27.4
310120262334  0.366  2.8  50.4  4.9  0.82  13.8  27.4
310120262335  0.360  2.8  48.6  4.9  0.78  18.0  27.4
310120262336  0.356  2.7  45.0  4.9  0.81  12.6  27.4
310120262337  0.351  2.7  40.9  3.4  0.88  17.6  27.4
310120262338  0.347  2.7  40.5  4.2  0.90  13.6  27.4
310120262339  0.342  2.8  40.6  4.2  0.79  15.4  27.4
310120262340  0.337  2.8  38.0  4.2  0.85  14.5  27.4
310120262341  0.334  2.8  36.7  4.2  0.90  14.2  27.4
310120262342  0.331  2.9  37.0  4.2  0.80  15.7  27.4
310120262343  0.328  2.9  33.9  4.8  0.74  17.3  27.4
310120262344  0.325  3.0  30.1  4.8  0.80  17.6  27.4
310120262345  0.321  3.1  28.7  4.8  0.72  20.7  27.4
310120262346  0.319  3.1  27.2  4.8  0.78  12.7  27.4
310120262347  0.315  3.2  27.6  4.8  0.82  14.2  27.4
310120262348  0.312  3.3  24.9  4.8  0.82  18.2  27.4
310120262349  0.309  3.3  21.2  4.8  0.87  14.0  27.4
310120262350  0.306  3.3  21.2  4.8  0.69  16.9  27.4
310120262351  0.303  3.3  20.2  4.8  0.86  15.4  27.4
310120262352  0.299  3.3  18.5  4.8  0.71  15.5  27.4
310120262353  0.294  3.3  19.2  4.4  0.82  13.3  27.4
310120262354  0.291  3.3  19.9  4.1  0.74  14.8  27.4
310120262355  0.288  3.3  18.7  4.1  0.72  14.0  27.4
310120262356  0.287  3.4  19.0  4.7  0.63  14.8  27.4
310120262357  0.283  3.4  18.1  4.7  0.70  15.6  27.4
310120262358  0.278  3.2  18.7  4.7  0.72  15.6  27.4
310120262359  0.275  3.2  19.9  4.7  0.68  18.2  27.4
010220260000  0.271  3.1  21.2  4.7  0.73  16.3  27.4
010220260001  0.267  3.1  21.7  4.7  0.63  14.6  27.4
010220260002  0.262  3.1  24.3  4.7  0.72  11.2  27.4
010220260003  0.261  3.2  25.7  4.7  0.67  14.6  27.4
010220260004  0.258  3.3  28.0  5.0  0.75  19.4  27.4
010220260005  0.255  3.4  31.6  5.0  0.83  16.1  27.4
010220260006  0.252  3.3  33.6  5.0  0.64  20.0  27.4
010220260007  0.249  3.3  33.1  5.0  0.66  13.0  27.4
010220260008  0.246  3.5  31.2  5.0  0.84  15.6  27.4
010220260009  0.243  3.7  30.8  5.7  0.71  14.9  27.4
010220260010  0.241  3.8  29.5  5.7  0.66  17.6  27.4
010220260011  0.239  3.9  28.1  5.7  0.75  17.5  27.4
010220260012  0.236  3.9  26.0  5.7  0.73  14.5  27.4
010220260013  0.232  3.9  25.1  5.7  0.74  12.7  27.4
010220260014  0.230  3.8  23.8  5.7  0.70  21.4  27.4
010220260015  0.227  3.9  20.2  5.7  0.78  16.0  27.4
010220260016  0.224  3.9  18.4  5.7  0.74  14.0  27.4
010220260017  0.221  4.0  18.3  5.7  0.61  17.0  27.4
010220260018  0.219  4.0  19.1  5.7  0.69  18.6  27.4
010220260019  0.216  4.0  19.1  5.5  0.58  12.1  27.4
010220260020  0.213  4.0  18.7  5.5  0.59  13.8  27.4
010220260021  0.210  4.0  19.1  5.5  0.70  14.0  27.4
010220260022  0.208  4.0  19.6  5.5  0.73  14.1  27.4
010220260023  0.204  4.0  17.2  5.1  0.55  17.2  27.4
010220260024  0.198  3.9  17.2  5.1  0.81  19.5  27.4
010220260025  0.195  3.9  18.0  4.9  0.88  11.1  27.4
010220260026  0.191  4.0  18.4  5.2  0.72  16.4  27.4
010220260027  0.189  3.9  17.0  5.2  0.75  12.7  27.4
010220260028  0.187  4.0  14.8  5.9  0.83  16.9  27.4
010220260029  0.184  4.1  13.8  5.9  0.71  15.2  27.4
010220260030  0.182  4.1  13.4  5.9  0.85  17.5  27.4
010220260031  0.178  4.1  11.8  5.9  0.75  16.7  27.4
010220260032  0.174  4.2  9.4  5.9  0.69  12.9  27.4
010220260033  0.172  4.2  10.4  5.9  0.70  13.5  27.4
010220260034  0.170  4.2  9.7  5.9  0.68  17.0  27.4
010220260035  0.168  4.1  9.5  5.9  0.76  19.4  27.4
010220260036  0.167  4.0  9.3  5.9  0.71  16.5  27.4
010220260037  0.166  4.0  11.0  5.9  0.69  17.1  27.4
010220260038  0.164  3.8  13.1  5.4  0.73  18.2  27.4
010220260039  0.162  3.6  14.1  5.0  0.67  15.9  27.4
010220260040  0.161  3.7  15.0  5.0  0.81  15.8  27.4
010220260041  0.161  3.7  16.7  5.8  0.65  21.2  27.4
010220260042  0.159  3.8  19.3  5.8  0.78  18.2  27.4
010220260043  0.158  3.8  21.0  5.8  0.74  15.6  27.4
010220260044  0.158  3.9  21.5  5.8  0.68  14.9  27.4
010220260045  0.158  3.8  22.2  5.8  0.68  18.1  27.4
010220260046  0.157  3.9  21.8  5.8  0.63  19.5  27.4
010220260047  0.156  3.8  19.9  5.8  0.74  16.2  27.4
010220260048  0.156  3.8  17.0  5.8  0.67  18.9  27.4
010220260049  0.155  3.9  14.9  5.8  0.63  17.3  27.4
010220260050  0.156  3.8  13.3  5.8  0.70  19.4  27.4
010220260051  0.156  3.7  11.5  5.0  0.71  17.4  27.4
010220260052  0.156  3.6  9.6  5.0  0.65  18.6  27.4
010220260053  0.155  3.6  7.7  4.3  0.67  15.5  27.4
010220260054  0.154  3.6  5.6  4.3  0.65  19.3  27.4
010220260055  0.152  3.8  2.1  5.2  0.51  19.8  27.4
010220260056  0.153  3.9  359.8  5.4  0.59  21.0  27.4
010220260057  0.152  4.1  359.8  6.3  0.60  14.8  27.4
010220260058  0.151  4.2  359.4  6.3  0.60  17.3  27.5
010220260059  0.150  4.3  0.3  6.3  0.71  16.9  27.4
010220260100  0.148  4.3  357.8  6.3  0.68  16.2  27.5
010220260101  0.146  4.3  353.7  6.3  0.59  23.5  27.5
010220260102  0.144  4.2  348.7  6.3  0.63  18.9  27.5
010220260103  0.142  4.1  343.0  6.3  0.71  18.0  27.5
010220260104  0.141  4.0  337.4  6.3  0.61  12.9  27.5
010220260105  0.140  3.8  331.0  6.3  0.62  18.4  27.5
010220260106  0.138  3.7  324.2  6.3  0.63  15.0  27.5
010220260107  0.136  3.7  315.9  6.0  0.59  14.7  27.5
010220260108  0.136  3.6  307.7  5.3  0.69  15.7  27.5
010220260109  0.134  3.7  299.4  5.1  0.59  17.6  27.5
010220260110  0.133  3.8  295.5  5.1  0.59  19.8  27.5
010220260111  0.132  3.7  292.5  5.1  0.68  18.5  27.5
010220260112  0.129  3.6  290.7  5.1  0.72  18.8  27.5
010220260113  0.130  3.4  289.0  5.1  0.69  18.6  27.5
010220260114  0.129  3.2  289.8  5.1  0.59  17.1  27.5
010220260115  0.128  3.1  289.8  5.1  0.52  20.7  27.5
010220260116  0.127  2.9  289.2  4.9  0.67  16.3  27.5
010220260117  0.126  2.7  288.5  4.2  0.58  15.6  27.5
010220260118  0.126  2.6  290.2  4.2  0.63  20.2  27.5
010220260119  0.126  2.5  290.1  3.9  0.54  21.6  27.5
010220260120  0.126  2.3  288.4  3.5  0.46  26.3  27.5
010220260121  0.126  2.1  287.0  3.4  0.46  16.3  27.5
010220260122  0.126  2.1  286.9  3.4  0.51  17.3  27.5
010220260123  0.126  2.1  285.2  3.4  0.54  14.1  27.5
010220260124  0.127  2.0  281.6  3.4  0.47  18.9  27.5
010220260125  0.127  2.0  278.2  3.4  0.48  18.4  27.5
010220260126  0.128  2.0  272.3  3.9  0.53  22.1  27.5
010220260127  0.130  2.0  267.5  3.9  0.51  24.8  27.5
010220260128  0.132  2.0  262.8  3.9  0.56  17.6  27.5
010220260129  0.131  2.1  259.6  3.9  0.49  22.9  27.5
010220260130  0.133  2.2  254.1  3.9  0.48  20.2  27.5
010220260131  0.134  2.3  253.5  3.9  0.49  21.2  27.5
010220260132  0.134  2.5  249.5  3.9  0.49  15.4  27.5
010220260133  0.136  2.6  248.1  3.9  0.47  21.3  27.5
010220260134  0.136  2.8  244.9  4.4  0.43  19.4  27.5
010220260135  0.136  2.9  242.3  4.4  0.59  24.5  27.5
010220260136  0.137  2.9  240.2  4.4  0.45  18.2  27.5
010220260137  0.139  2.9  240.0  4.4  0.51  24.6  27.5
010220260138  0.140  3.0  239.5  4.4  0.42  16.4  27.5
010220260139  0.143  3.1  236.1  4.4  0.31  17.9  27.5
010220260140  0.144  3.2  236.2  4.4  0.44  26.3  27.5
010220260141  0.144  3.3  234.6  4.6  0.40  26.6  27.5
010220260142  0.144  3.4  233.4  4.6  0.39  27.9  27.6
010220260143  0.145  3.5  231.3  4.6  0.35  35.0  27.6
010220260144  0.147  3.5  230.1  4.9  0.40  32.3  27.6
010220260145  0.149  3.7  230.1  5.0  0.36  31.2  27.6
010220260146  0.150  3.7  230.2  5.0  0.40  25.2  27.6
010220260147  0.152  3.9  228.1  5.0  0.29  17.2  27.6
010220260148  0.155  3.9  226.4  5.0  0.42  20.7  27.6
010220260149  0.157  3.9  226.8  5.0  0.36  19.8  27.6
010220260150  0.160  3.9  225.6  5.0  0.46  10.7  27.6
010220260151  0.163  3.9  224.6  5.0  0.41  7.8  27.6
010220260152  0.166  4.0  224.4  5.0  0.44  11.0  27.6
010220260153  0.166  4.0  225.1  5.0  0.33  3.6  27.6
010220260154  0.169  4.0  225.2  5.1  0.28  359.9  27.6
010220260155  0.171  4.0  224.4  5.1  0.41  357.9  27.6
010220260156  0.174  4.0  223.6  5.1  0.24  350.8  27.6
010220260157  0.177  4.0  224.4  5.1  0.30  346.6  27.6
010220260158  0.182  4.0  224.6  5.1  0.33  357.2  27.6
010220260159  0.186  4.1  224.1  5.1  0.36  359.4  27.6
010220260200  0.189  4.1  224.3  5.1  0.34  345.1  27.6
010220260201  0.190  4.2  223.5  5.1  0.21  345.1  27.6
010220260202  0.194  4.2  222.3  5.1  0.26  348.7  27.6
010220260203  0.197  4.2  220.1  5.3  0.22  352.3  27.6
010220260204  0.201  4.3  218.6  5.4  0.36  348.8  27.6
010220260205  0.205  4.3  217.3  5.4  0.30  358.7  27.6
010220260206  0.209  4.4  216.6  5.7  0.28  345.8  27.6
010220260207  0.212  4.5  215.7  5.7  0.24  346.5  27.6
010220260208  0.214  4.7  215.3  5.7  0.30  354.1  27.6
010220260209  0.218  4.7  214.7  5.7  0.22  358.2  27.6
010220260210  0.219  4.8  214.1  5.7  0.26  357.6  27.6
010220260211  0.222  4.9  214.4  5.9  0.19  340.3  27.6
010220260212  0.226  4.9  214.1  5.9  0.26  345.4  27.6
010220260213  0.228  4.9  214.3  5.9  0.31  340.7  27.6
010220260214  0.232  5.0  214.5  6.1  0.23  350.3  27.6
010220260215  0.236  5.0  214.7  6.1  0.17  352.2  27.6
010220260216  0.239  5.0  214.3  6.1  0.19  345.0  27.6
010220260217  0.245  5.1  213.2  6.2  0.20  347.8  27.6
010220260218  0.247  5.0  211.5  6.2  0.24  359.2  27.6
010220260219  0.250  5.0  210.6  6.2  0.18  348.9  27.6
010220260220  0.254  5.0  210.1  6.2  0.21  342.0  27.6
010220260221  0.259  4.9  208.5  6.2  0.13  328.1  27.6
010220260222  0.264  5.0  209.0  6.9  0.25  335.1  27.6
010220260223  0.270  4.9  209.1  6.9  0.15  344.1  27.6
010220260224  0.276  4.9  208.6  6.9  0.13  344.2  27.6
010220260225  0.281  4.9  208.6  6.9  0.11  344.7  27.6
010220260226  0.285  4.9  208.2  6.9  0.08  334.8  27.6
010220260227  0.289  5.0  208.3  6.9  0.11  315.9  27.6
010220260228  0.295  5.0  209.1  6.9  0.08  286.8  27.6
010220260229  0.300  5.1  209.3  6.9  0.11  344.3  27.6
010220260230  0.305  5.2  209.9  6.9  0.12  336.1  27.6
010220260231  0.308  5.2  211.2  6.9  0.07  321.6  27.6
010220260232  0.313  5.2  210.7  6.7  0.10  322.0  27.6
010220260233  0.317  5.2  211.1  6.7  0.09  214.9  27.6
010220260234  0.321  5.2  211.4  6.7  0.11  187.9  27.6
010220260235  0.326  5.1  211.6  6.7  0.23  192.0  27.6
010220260236  0.331  5.1  212.3  6.7  0.18  183.8  27.6
010220260237  0.336  5.0  212.5  6.7  0.19  190.6  27.6
010220260238  0.341  5.0  212.4  6.7  0.10  171.9  27.6
010220260239  0.346  4.9  212.6  6.7  0.08  167.0  27.6
010220260240  0.349  4.8  212.7  6.3  0.29  182.2  27.6
010220260241  0.353  4.8  211.5  6.3  0.04  132.9  27.6
010220260242  0.357  4.7  211.7  6.0  0.13  179.5  27.6
010220260243  0.360  4.7  211.7  6.0  0.28  183.3  27.6
010220260244  0.364  4.6  211.7  6.0  0.30  174.1  27.6
010220260245  0.367  4.5  211.4  6.0  0.22  167.0  27.6
010220260246  0.370  4.4  211.2  6.0  0.26  164.6  27.6
010220260247  0.374  4.3  211.3  5.6  0.23  160.0  27.5
010220260248  0.378  4.3  210.7  5.5  0.34  166.1  27.5
010220260249  0.381  4.2  210.4  5.2  0.26  173.5  27.5
010220260250  0.384  4.0  209.1  5.2  0.33  168.5  27.5
010220260251  0.387  4.0  208.8  5.0  0.29  168.3  27.5
010220260252  0.391  4.0  207.5  5.0  0.28  178.4  27.5
010220260253  0.395  4.0  206.8  4.9  0.37  169.6  27.5
010220260254  0.400  4.0  207.2  4.9  0.27  146.8  27.5
010220260255  0.404  4.0  208.5  5.1  0.35  170.0  27.5
010220260256  0.409  4.1  208.9  5.6  0.38  168.6  27.5
010220260257  0.414  4.1  209.5  5.6  0.31  162.8  27.5
010220260258  0.421  4.1  210.9  5.6  0.32  162.2  27.5
010220260259  0.426  4.1  212.3  5.6  0.25  165.3  27.5
010220260300  0.434  4.2  214.2  5.6  0.27  167.5  27.5
010220260301  0.441  4.2  215.6  5.6  0.29  166.5  27.5
010220260302  0.446  4.2  217.3  5.6  0.30  170.5  27.5
010220260303  0.452  4.1  217.9  5.6  0.17  164.6  27.5
010220260304  0.456  4.1  219.4  5.6  0.35  167.1  27.5
010220260305  0.463  4.1  220.5  5.6  0.24  168.4  27.5
010220260306  0.471  4.1  222.7  5.4  0.26  183.5  27.5
010220260307  0.476  4.0  224.6  5.4  0.14  154.9  27.5
010220260308  0.482  4.1  226.8  5.4  0.15  177.1  27.5
010220260309  0.488  4.2  227.7  5.6  0.25  191.4  27.5
010220260310  0.495  4.2  229.0  5.6  0.13  196.7  27.5
010220260311  0.500  4.3  229.2  5.6  0.32  179.8  27.5
010220260312  0.507  4.3  228.8  5.6  0.26  188.3  27.5
010220260313  0.514  4.3  229.4  5.6  0.34  189.3  27.5
010220260314  0.520  4.4  227.5  5.6  0.34  184.5  27.5
010220260315  0.525  4.3  225.4  5.6  0.38  188.2  27.5
010220260316  0.530  4.4  222.5  5.6  0.62  186.2  27.5
010220260317  0.537  4.4  220.1  5.6  0.49  186.3  27.5
010220260318  0.544  4.4  217.9  5.6  0.43  181.6  27.4
010220260319  0.551  4.5  215.8  6.4  0.52  186.5  27.4
010220260320  0.557  4.5  213.4  6.4  0.47  188.1  27.4
010220260321  0.562  4.4  211.9  6.4  0.41  193.5  27.4
010220260322  0.569  4.4  211.6  6.4  0.48  191.4  27.4
010220260323  0.573  4.5  211.4  6.4  0.43  205.4  27.4
010220260324  0.578  4.4  211.9  6.4  0.44  199.8  27.4
010220260325  0.584  4.4  211.4  6.4  0.45  195.2  27.4
010220260326  0.592  4.3  212.1  6.4  0.45  198.5  27.4
010220260327  0.596  4.2  212.6  6.4  0.58  190.0  27.4
010220260328  0.600  4.2  211.9  6.4  0.52  189.1  27.4
010220260329  0.604  4.0  210.9  5.5  0.37  191.2  27.4
010220260330  0.610  4.0  210.3  5.5  0.43  194.1  27.4
010220260331  0.617  4.1  211.1  5.5  0.35  193.1  27.4
010220260332  0.623  4.0  209.8  5.5  0.50  192.5  27.4
010220260333  0.629  3.9  207.6  5.1  0.45  195.0  27.4
010220260334  0.636  3.8  206.9  5.1  0.59  188.7  27.4
010220260335  0.641  3.8  206.3  4.9  0.51  190.2  27.4
010220260336  0.646  3.7  203.8  4.9  0.46  191.9  27.4
010220260337  0.652  3.6  202.6  4.9  0.48  190.2  27.4
010220260338  0.658  3.5  200.7  4.9  0.43  189.0  27.4
010220260339  0.663  3.4  198.2  4.9  0.53  185.1  27.4
010220260340  0.671  3.1  194.9  4.9  0.66  187.5  27.4
010220260341  0.678  3.0  189.9  4.2  0.58  189.6  27.4
010220260342  0.683  2.8  186.6  4.0  0.55  188.0  27.4
010220260343  0.688  2.7  182.9  4.0  0.59  184.1  27.4
010220260344  0.694  2.5  178.6  4.0  0.58  185.0  27.4
010220260345  0.701  2.4  175.6  4.0  0.58  183.3  27.4
010220260346  0.705  2.3  174.1  4.0  0.57  184.9  27.4
010220260347  0.713  2.2  171.8  4.0  0.63  183.6  27.4
010220260348  0.718  2.2  174.5  4.0  0.61  184.5  27.4
010220260349  0.724  2.2  182.1  4.0  0.62  177.3  27.4
010220260350  0.731  2.2  191.0  4.0  0.58  182.3  27.4
010220260351  0.736  2.3  199.6  4.2  0.62  182.8  27.4
010220260352  0.742  2.5  208.4  4.4  0.61  182.9  27.4
010220260353  0.749  2.7  215.9  4.4  0.72  182.2  27.4
010220260354  0.755  2.9  220.1  4.4  0.55  184.1  27.4
010220260355  0.760  3.2  224.4  4.4  0.69  178.5  27.4
010220260356  0.767  3.4  227.4  4.4  0.61  180.5  27.4
010220260357  0.775  3.6  229.7  4.4  0.62  179.4  27.4
010220260358  0.781  3.7  231.1  4.4  0.73  181.7  27.4
010220260359  0.789  3.8  231.2  4.4  0.63  183.4  27.4
010220260400  0.795  3.8  230.0  4.4  0.72  182.4  27.4
010220260401  0.801  3.8  228.9  4.4  0.72  184.2  27.4
010220260402  0.807  3.7  228.2  4.4  0.73  184.2  27.4
010220260403  0.813  3.7  226.4  4.4  0.61  181.4  27.4
010220260404  0.820  3.6  224.3  4.4  0.59  181.4  27.4
010220260405  0.826  3.5  221.7  4.4  0.67  181.0  27.4
010220260406  0.833  3.5  219.3  4.4  0.68  182.6  27.4
010220260407  0.841  3.4  217.2  4.4  0.64  182.5  27.4
010220260408  0.848  3.3  215.3  4.4  0.78  183.7  27.4
010220260409  0.854  3.1  212.9  4.3  0.66  189.7  27.4
010220260410  0.860  3.0  211.4  4.3  0.77  187.5  27.4
010220260411  0.866  3.0  209.9  4.3  0.75  188.7  27.4
010220260412  0.872  3.0  209.0  4.0  0.77  187.0  27.4
010220260413  0.879  3.0  209.6  4.2  0.68  185.6  27.4
010220260414  0.885  3.1  211.4  4.6  0.64  182.6  27.4
010220260415  0.891  3.2  212.7  4.9  0.69  189.5  27.4
010220260416  0.898  3.4  216.2  6.0  0.76  186.8  27.4
010220260417  0.905  3.6  218.0  6.0  0.73  190.8  27.4
010220260418  0.912  3.8  219.6  6.0  0.72  183.6  27.4
010220260419  0.918  3.9  221.2  6.0  0.78  187.7  27.4
010220260420  0.924  4.1  222.4  6.0  0.71  186.2  27.4
010220260421  0.930  4.3  223.4  6.0  0.62  187.7  27.4
010220260422  0.937  4.3  223.6  6.0  0.78  187.4  27.4
010220260423  0.944  4.4  223.7  6.0  0.79  186.0  27.4
010220260424  0.951  4.4  223.9  6.0  0.85  187.4  27.3
010220260425  0.957  4.4  224.7  6.0  0.75  186.0  27.3
010220260426  0.964  4.2  223.3  5.3  0.82  188.1  27.3
010220260427  0.970  4.1  221.9  5.3  0.79  184.5  27.3
010220260428  0.977  4.0  220.6  5.3  0.72  184.5  27.3
010220260429  0.983  3.9  220.5  5.3  0.72  187.2  27.3
010220260430  0.989  3.8  220.7  4.8  0.70  188.7  27.3
010220260431  0.996  3.7  220.5  4.8  0.78  182.5  27.3
010220260432  1.000  3.7  220.3  4.6  0.84  182.1  27.3
010220260433  1.008  3.6  220.3  4.6  0.75  180.9  27.3
010220260434  1.014  3.6  219.9  4.4  0.76  186.5  27.3
010220260435  1.021  3.6  219.0  4.4  0.74  184.9  27.3
010220260436  1.028  3.6  219.2  4.4  0.84  180.4  27.3
010220260437  1.033  3.7  220.0  4.4  0.73  183.7  27.3
010220260438  1.039  3.7  220.6  4.4  0.75  183.0  27.3
010220260439  1.046  3.7  219.7  4.7  0.70  183.2  27.3
010220260440  1.053  3.8  219.2  4.9  0.81  184.2  27.3
010220260441  1.060  3.9  219.8  4.9  0.73  185.4  27.3
010220260442  1.068  3.9  220.0  4.9  0.84  185.0  27.3
010220260443  1.075  3.9  220.5  4.9  0.80  184.7  27.3
010220260444  1.080  3.8  220.8  4.9  0.91  183.8  27.3
010220260445  1.089  3.8  221.2  4.9  0.81  185.3  27.3
010220260446  1.094  3.8  221.6  4.9  0.71  181.4  27.3
010220260447  1.100  3.8  222.1  4.9  0.88  181.2  27.3
010220260448  1.107  3.9  222.5  4.9  0.76  184.5  27.3
010220260449  1.114  3.9  223.4  4.9  0.89  182.7  27.3
010220260450  1.120  3.9  224.1  5.2  0.82  186.9  27.3
010220260451  1.127  3.9  223.2  5.2  0.91  186.9  27.3
010220260452  1.134  4.0  223.1  5.2  0.74  183.8  27.3
010220260453  1.142  4.0  223.1  5.2  0.86  180.8  27.3
010220260454  1.149  4.0  221.8  5.2  0.86  178.7  27.3
010220260455  1.157  4.0  221.9  5.2  1.06  181.0  27.3
010220260456  1.163  4.0  222.0  5.2  1.02  178.6  27.2
010220260457  1.171  3.9  221.1  5.2  0.98  175.8  27.2
010220260458  1.180  3.8  219.8  5.2  1.11  177.4  27.2
010220260459  1.186  3.7  218.2  5.2  0.90  175.8  27.2
010220260500  1.193  3.5  214.6  4.9  1.01  179.0  27.2
010220260501  1.200  3.3  212.6  4.9  0.94  177.1  27.2
010220260502  1.208  3.2  208.6  4.7  0.93  176.6  27.2
010220260503  1.216  3.2  204.3  4.2  0.99  177.1  27.1
010220260504  1.222  3.2  203.6  4.2  1.00  178.0  27.1
010220260505  1.230  3.2  203.2  4.6  0.96  174.7  27.1
010220260506  1.236  3.4  203.2  5.3  0.88  177.3  27.1
010220260507  1.242  3.6  206.2  6.4  0.93  180.4  27.1
010220260508  1.249  3.7  209.4  6.4  0.91  175.9  27.1
010220260509  1.255  4.0  212.3  6.4  1.04  180.4  27.1
010220260510  1.263  4.2  216.1  6.4  0.95  181.1  27.1
010220260511  1.270  4.5  219.0  6.4  0.93  178.2  27.1
010220260512  1.277  4.7  221.6  6.4  0.82  178.0  27.1
010220260513  1.282  5.0  224.3  6.4  1.02  181.5  27.1
010220260514  1.289  5.2  226.4  6.6  1.05  180.0  27.1
010220260515  1.296  5.3  226.7  6.6  0.85  176.5  27.1
010220260516  1.302  5.4  227.6  6.6  0.91  180.8  27.1
010220260517  1.308  5.3  227.8  6.6  0.88  180.5  27.1
010220260518  1.314  5.2  227.8  6.6  1.00  178.6  27.1
010220260519  1.321  5.1  227.6  6.6  0.89  179.5  27.1
010220260520  1.328  5.1  227.6  6.6  0.93  176.7  27.1
010220260521  1.336  5.0  227.7  6.6  0.97  177.7  27.1
010220260522  1.345  4.9  228.9  6.6  1.00  179.6  27.1
010220260523  1.352  4.7  229.2  6.6  0.97  179.2  27.1
010220260524  1.359  4.6  229.2  6.3  0.88  178.2  27.1
010220260525  1.367  4.6  229.3  6.6  0.91  178.0  27.0
010220260526  1.374  4.7  229.7  7.1  1.07  177.9  27.0
010220260527  1.382  4.8  229.4  7.1  1.01  178.4  27.0
010220260528  1.389  5.0  229.7  7.5  0.95  180.1  27.0
010220260529  1.395  5.1  229.3  7.5  0.84  174.9  27.0
010220260530  1.400  5.1  229.2  7.5  1.01  179.3  27.0
010220260531  1.407  5.2  229.1  7.5  0.95  180.2  27.1
010220260532  1.414  5.2  228.8  7.5  1.00  177.6  27.1
010220260533  1.421  5.3  229.2  7.5  1.00  176.0  27.1
010220260534  1.427  5.4  229.4  7.5  1.02  178.5  27.0
010220260535  1.433  5.3  229.8  7.5  0.95  180.4  27.0
010220260536  1.441  5.3  229.6  7.5  0.92  179.2  27.0
010220260537  1.449  5.3  229.1  7.5  0.99  178.9  27.0
010220260538  1.454  5.2  227.9  7.3  0.94  174.0  27.0
010220260539  1.460  5.3  227.5  7.3  1.08  176.3  27.0
010220260540  1.467  5.4  227.5  7.2  1.09  176.7  27.0
010220260541  1.473  5.5  226.5  7.2  1.06  178.0  27.0
010220260542  1.480  5.5  225.6  7.2  1.06  175.7  27.0
010220260543  1.485  5.5  224.3  7.2  1.05  177.7  27.0
010220260544  1.491  5.6  223.1  7.2  0.95  173.5  27.0
010220260545  1.497  5.6  222.4  7.2  1.01  174.3  27.0
010220260546  1.504  5.5  221.1  7.2  0.99  178.1  27.0
010220260547  1.510  5.5  220.7  7.2  0.94  173.7  27.0
010220260548  1.516  5.5  219.7  7.5  1.02  177.9  27.0
010220260549  1.522  5.4  218.9  7.5  1.01  177.0  27.0
010220260550  1.529  5.4  216.6  7.5  0.99  174.3  27.0
010220260551  1.535  5.4  215.7  7.5  1.11  176.6  27.0
010220260552  1.540  5.5  215.4  7.5  1.01  173.5  27.0
010220260553  1.545  5.5  216.3  7.5  1.11  176.4  27.0
010220260554  1.549  5.5  215.3  7.5  0.97  174.9  27.0
010220260555  1.554  5.5  214.1  7.5  1.06  174.7  27.0
010220260556  1.558  5.5  213.8  7.5  1.06  174.4  26.9
010220260557  1.564  5.5  213.5  7.5  1.04  175.9  26.9
010220260558  1.568  5.5  213.1  7.2  0.93  173.4  26.9
010220260559  1.573  5.5  213.5  7.2  0.97  172.0  26.9
010220260600  1.578  5.4  213.9  7.2  1.08  173.6  26.9
010220260601  1.582  5.4  213.4  7.2  1.16  177.0  26.9
010220260602  1.586  5.4  212.5  6.7  1.07  175.9  26.9
010220260603  1.591  5.4  210.6  6.7  1.02  173.9  26.9
010220260604  1.595  5.3  210.2  6.7  1.12  175.9  26.9
010220260605  1.599  5.3  210.2  6.7  1.01  173.6  26.9
010220260606  1.604  5.3  209.5  6.7  1.05  174.3  26.9
010220260607  1.608  5.4  209.1  6.6  0.93  170.8  26.9
010220260608  1.612  5.3  209.3  6.6  0.95  173.4  26.9
010220260609  1.616  5.3  208.3  6.6  1.05  173.5  26.9
010220260610  1.621  5.3  208.3  6.6  1.02  176.1  26.9
010220260611  1.627  5.2  208.4  6.5  0.97  170.5  26.9
010220260612  1.631  5.1  208.2  6.5  0.92  176.8  26.9
010220260613  1.636  5.1  208.6  6.5  0.98  173.3  26.9
010220260614  1.640  5.1  209.4  6.5  0.89  173.1  26.8
010220260615  1.644  5.1  209.4  6.5  0.86  176.6  26.8
010220260616  1.647  5.0  210.0  6.5  1.00  177.5  26.8
010220260617  1.652  4.9  209.0  6.5  0.85  170.4  26.8
010220260618  1.656  4.9  208.6  6.5  1.01  175.5  26.8
010220260619  1.660  4.8  209.6  6.5  0.99  174.7  26.8
010220260620  1.665  4.6  208.9  6.5  0.92  170.4  26.8
010220260621  1.669  4.5  209.4  6.5  0.96  174.6  26.8
010220260622  1.673  4.4  210.6  6.5  1.05  174.9  26.8
010220260623  1.678  4.3  211.0  6.5  0.97  174.9  26.8
010220260624  1.681  4.0  211.3  5.9  0.91  173.4  26.8
010220260625  1.686  3.8  212.0  5.6  0.81  175.1  26.8
010220260626  1.691  3.7  212.0  5.6  0.94  172.6  26.8
010220260627  1.695  3.6  213.4  5.6  0.86  168.5  26.8
010220260628  1.699  3.5  214.4  4.7  0.99  173.7  26.8
010220260629  1.705  3.5  214.3  4.9  1.05  174.0  26.8
010220260630  1.709  3.6  215.4  5.8  1.04  171.2  26.8
010220260631  1.713  3.8  216.1  6.2  1.01  174.3  26.7
010220260632  1.717  3.9  218.4  6.2  0.97  166.6  26.7
010220260633  1.721  3.9  219.4  6.2  0.99  169.1  26.7
010220260634  1.726  4.2  220.6  6.2  1.06  175.9  26.7
010220260635  1.732  4.4  220.8  6.2  1.03  172.3  26.7
010220260636  1.738  4.5  221.2  6.2  1.08  175.4  26.7
010220260637  1.742  4.6  222.6  6.2  1.07  177.3  26.7
010220260638  1.748  4.6  223.3  6.2  1.02  173.8  26.7
010220260639  1.752  4.7  224.5  6.2  0.97  170.7  26.7
010220260640  1.756  4.7  226.4  6.2  1.04  171.3  26.7
010220260641  1.762  4.6  227.8  5.9  1.02  174.9  26.7
010220260642  1.767  4.5  225.7  5.9  1.01  171.9  26.7
010220260643  1.771  4.5  225.3  5.9  1.10  172.7  26.7
010220260644  1.777  4.2  224.5  5.9  0.97  170.3  26.7
010220260645  1.780  4.0  224.3  5.9  0.97  170.2  26.7
010220260646  1.783  3.8  224.7  5.9  0.92  172.3  26.7
010220260647  1.788  3.5  224.0  5.9  1.02  173.8  26.7
010220260648  1.792  3.3  223.2  5.9  0.96  172.7  26.7
010220260649  1.795  3.0  220.6  5.9  0.99  172.6  26.7
010220260650  1.799  2.7  218.5  4.2  0.98  171.8  26.7
010220260651  1.805  2.3  215.8  4.2  0.97  174.1  26.7
010220260652  1.808  2.1  213.3  4.2  0.97  172.7  26.7
010220260653  1.811  1.8  209.8  3.7  0.91  172.6  26.7
010220260654  1.815  1.7  213.3  3.7  0.99  171.1  26.7
010220260655  1.819  1.5  221.6  3.1  1.01  175.1  26.7
010220260656  1.822  1.4  229.6  3.1  0.94  171.7  26.7
010220260657  1.825  1.5  230.3  3.4  1.07  177.6  26.7
010220260658  1.827  1.7  234.1  4.8  1.06  177.6  26.6
010220260659  1.830  1.7  238.4  4.8  1.10  172.2  26.6
010220260700  1.832  1.8  244.2  4.8  1.02  173.8  26.6
010220260701  1.837  2.0  243.7  4.8  1.08  174.3  26.6
010220260702  1.840  2.0  247.1  4.8  0.97  175.2  26.6
010220260703  1.841  2.0  247.6  4.8  0.88  172.1  26.6
010220260704  1.845  2.0  245.3  4.8  0.97  173.8  26.6
010220260705  1.850  1.9  243.2  4.8  0.98  172.7  26.6
010220260706  1.854  2.0  239.9  4.8  1.00  175.5  26.6
010220260707  1.857  2.1  242.6  4.8  1.02  176.4  26.6
010220260708  1.860  1.9  247.3  3.9  0.96  178.3  26.6
010220260709  1.861  1.7  254.1  3.7  0.94  170.5  26.6
010220260710  1.863  1.6  251.4  3.7  0.93  173.5  26.6
010220260711  1.867  1.5  256.6  3.7  1.02  174.9  26.6
010220260712  1.870  1.7  259.2  3.7  0.96  167.8  26.6
010220260713  1.872  1.9  265.6  3.7  0.87  170.9  26.6
010220260714  1.875  2.0  269.8  3.7  0.87  169.0  26.6
010220260715  1.877  2.0  265.5  3.7  0.91  174.9  26.6
010220260716  1.879  2.0  263.5  3.6  0.96  173.4  26.6
010220260717  1.883  1.9  260.0  3.9  0.88  173.9  26.6
010220260718  1.887  2.1  255.3  4.5  0.94  175.5  26.6
010220260719  1.890  2.2  254.0  4.5  0.95  177.0  26.6
010220260720  1.894  2.4  260.4  4.5  0.95  175.7  26.6
010220260721  1.898  2.5  260.4  4.5  0.99  174.7  26.5
010220260722  1.901  2.6  254.9  5.3  0.96  174.2  26.5
010220260723  1.904  2.8  249.0  5.3  1.00  173.8  26.5
010220260724  1.906  3.0  245.6  5.3  0.90  172.5  26.5
010220260725  1.911  3.0  247.2  5.3  0.88  175.6  26.5
010220260726  1.913  3.0  248.5  5.3  0.94  171.3  26.5
010220260727  1.914  2.9  250.0  5.3  0.93  171.6  26.5
010220260728  1.916  2.6  250.9  5.3  0.86  174.5  26.5
010220260729  1.918  2.4  251.2  5.3  0.82  174.1  26.5
010220260730  1.918  2.3  246.0  5.3  0.86  174.9  26.5
010220260731  1.919  2.3  245.1  5.3  0.99  179.9  26.5
010220260732  1.919  2.1  251.2  5.1  0.88  173.9  26.5
010220260733  1.918  1.8  252.4  4.2  0.80  172.7  26.5
010220260734  1.920  1.7  253.9  3.6  0.87  174.8  26.5
010220260735  1.919  1.7  259.0  4.1  0.95  176.2  26.5
010220260736  1.921  1.7  267.7  4.4  0.87  173.2  26.5
010220260737  1.920  1.9  276.4  5.0  0.74  170.3  26.5
010220260738  1.921  2.1  278.6  5.0  0.81  177.2  26.4
010220260739  1.920  2.1  278.5  5.0  0.73  168.2  26.4
010220260740  1.921  2.1  278.2  5.0  0.74  166.8  26.4
010220260741  1.924  1.9  276.3  5.0  0.79  171.7  26.4
010220260742  1.923  1.8  268.7  5.0  0.77  167.3  26.4
010220260743  1.924  1.8  265.3  5.0  0.74  172.0  26.4
010220260744  1.922  1.8  262.0  5.0  0.87  174.5  26.4
010220260745  1.922  1.8  250.9  5.0  0.77  171.6  26.4
010220260746  1.922  1.7  240.1  5.0  0.81  177.6  26.4
010220260747  1.922  1.6  230.2  3.7  0.73  169.0  26.4
010220260748  1.920  1.5  233.9  5.1  0.74  175.9  26.4
010220260749  1.918  1.6  240.9  5.1  0.77  176.7  26.4
010220260750  1.916  1.5  253.4  5.1  0.68  174.4  26.4
010220260751  1.916  1.5  267.5  5.1  0.55  173.9  26.4
010220260752  1.916  1.4  289.9  7.1  0.70  175.9  26.4
010220260753  1.914  1.8  308.8  7.1  0.59  170.9  26.4
010220260754  1.914  2.3  318.9  7.1  0.69  173.2  26.4
010220260755  1.911  2.5  323.1  7.1  0.77  172.5  26.4
010220260756  1.910  3.1  325.7  7.1  0.69  174.9  26.4
010220260757  1.908  3.5  331.1  7.1  0.68  170.7  26.4
010220260758  1.908  3.5  335.9  7.1  0.67  176.3  26.4
010220260759  1.907  3.6  338.3  7.1  0.69  171.0  26.4
010220260800  1.906  3.5  333.8  7.1  0.72  173.7  26.4
010220260801  1.907  3.4  330.4  7.1  0.61  175.8  26.4
010220260802  1.907  3.4  322.6  6.3  0.62  175.3  26.4
010220260803  1.907  3.3  318.8  6.3  0.46  174.7  26.4
010220260804  1.909  3.3  318.4  6.3  0.71  173.3  26.4
010220260805  1.911  3.6  324.1  6.3  0.57  174.6  26.4
010220260806  1.911  3.3  329.5  5.8  0.68  169.9  26.3
010220260807  1.912  3.1  331.5  5.8  0.66  177.8  26.3
010220260808  1.915  2.8  333.2  5.8  0.74  177.4  26.3
010220260809  1.914  2.7  334.2  5.8  0.81  175.4  26.3
010220260810  1.912  2.6  342.1  5.8  0.58  171.2  26.3
010220260811  1.914  2.6  346.9  5.8  0.59  176.4  26.3
010220260812  1.914  2.8  351.0  5.8  0.61  173.2  26.3
010220260813  1.913  2.8  352.0  5.8  0.64  173.7  26.4
010220260814  1.914  2.7  351.8  5.8  0.58  173.6  26.4
010220260815  1.913  2.5  350.6  5.1  0.65  171.6  26.4
010220260816  1.911  2.7  346.7  6.4  0.75  174.0  26.4
010220260817  1.908  2.9  346.2  6.8  0.61  170.5  26.4
010220260818  1.908  3.2  343.8  6.8  0.59  174.4  26.4
010220260819  1.906  3.4  345.4  6.8  0.64  174.4  26.4
010220260820  1.906  3.7  344.8  6.8  0.66  173.7  26.3
010220260821  1.903  4.0  347.7  6.8  0.64  174.7  26.3
010220260822  1.900  4.1  351.9  6.8  0.54  167.3  26.3
010220260823  1.900  4.2  356.7  6.8  0.55  172.0  26.3
010220260824  1.899  4.4  357.3  8.6  0.52  177.5  26.3
010220260825  1.898  4.3  355.3  8.6  0.58  177.4  26.3
010220260826  1.897  3.9  350.9  8.6  0.56  177.7  26.3
010220260827  1.897  3.7  343.3  8.6  0.60  178.3  26.3
010220260828  1.896  3.4  337.1  8.6  0.63  179.5  26.3
010220260829  1.893  3.3  332.5  8.6  0.61  172.0  26.3
010220260830  1.893  3.2  329.3  8.6  0.68  179.6  26.3
010220260831  1.892  3.1  327.1  8.6  0.58  170.7  26.3
010220260832  1.891  3.3  325.3  8.6  0.58  174.4  26.3
010220260833  1.890  3.5  323.3  8.6  0.58  181.8  26.3
010220260834  1.889  3.5  325.2  6.4  0.51  176.0  26.3
010220260835  1.887  3.7  328.5  6.4  0.57  179.3  26.3
010220260836  1.885  3.8  333.3  6.4  0.53  173.2  26.3
010220260837  1.884  4.1  342.5  6.7  0.46  174.3  26.3
010220260838  1.882  4.3  350.1  6.7  0.50  171.6  26.3
010220260839  1.879  4.6  355.4  6.7  0.45  175.4  26.3
010220260840  1.877  4.7  358.3  6.7  0.58  171.7  26.3
010220260841  1.874  4.8  0.4  6.7  0.47  171.3  26.3
010220260842  1.871  4.8  3.7  6.7  0.45  175.1  26.3
010220260843  1.869  4.9  6.9  6.7  0.48  165.9  26.3
010220260844  1.867  5.0  8.2  6.9  0.40  169.1  26.3
010220260845  1.863  5.3  11.2  8.5  0.42  163.3  26.3
010220260846  1.860  5.7  12.3  8.5  0.48  173.4  26.3
010220260847  1.856  6.0  11.7  9.2  0.43  165.4  26.3
010220260848  1.852  6.3  10.9  9.2  0.47  178.6  26.3
010220260849  1.849  6.6  10.5  9.2  0.43  170.2  26.3
010220260850  1.847  6.8  10.9  9.2  0.38  166.5  26.3
010220260851  1.846  7.0  10.9  9.2  0.41  175.0  26.3
010220260852  1.842  7.3  9.2  9.4  0.28  166.8  26.3
010220260853  1.840  7.4  7.8  9.4  0.40  171.7  26.3
010220260854  1.835  7.4  7.5  9.4  0.29  162.2  26.3
010220260855  1.831  7.3  7.8  9.4  0.40  170.6  26.3
010220260856  1.827  7.0  8.8  9.4  0.42  171.2  26.3
010220260857  1.826  6.5  9.1  9.4  0.32  160.4  26.3
010220260858  1.823  6.2  9.9  9.4  0.41  175.3  26.3
010220260859  1.819  5.8  10.7  9.4  0.40  168.8  26.3
010220260900  1.816  5.6  9.7  9.4  0.33  164.3  26.3
010220260901  1.813  5.5  9.3  9.4  0.33  157.6  26.3
010220260902  1.811  5.4  10.5  8.4  0.30  153.5  26.3
010220260903  1.808  5.5  12.5  8.4  0.32  168.1  26.3
010220260904  1.806  5.5  13.3  8.4  0.40  169.6  26.3
010220260905  1.801  5.6  11.4  8.4  0.36  165.0  26.3
010220260906  1.796  5.9  10.8  8.4  0.37  171.3  26.3
010220260907  1.792  6.1  8.9  8.4  0.23  166.9  26.3
010220260908  1.788  6.4  6.7  8.4  0.22  169.0  26.3
010220260909  1.783  6.6  4.9  8.9  0.23  160.6  26.3
010220260910  1.779  6.8  5.1  8.9  0.41  176.3  26.3
010220260911  1.777  6.9  3.4  8.9  0.21  156.8  26.3
010220260912  1.771  6.8  2.0  8.9  0.27  173.5  26.3
010220260913  1.765  6.8  0.5  8.9  0.19  163.2  26.3
010220260914  1.760  6.8  359.6  8.9  0.14  168.3  26.3
010220260915  1.756  6.8  359.7  8.9  0.10  169.2  26.3
010220260916  1.752  6.7  359.4  8.9  0.18  152.9  26.3
010220260917  1.748  6.7  0.2  8.9  0.11  186.1  26.3
010220260918  1.744  6.6  1.5  8.9  0.19  179.7  26.3
010220260919  1.738  6.5  2.3  8.5  0.13  185.0  26.3
010220260920  1.732  6.4  2.0  8.0  0.13  142.0  26.3
010220260921  1.726  6.4  2.6  8.0  0.12  165.1  26.3
010220260922  1.723  6.5  2.9  8.4  0.09  125.5  26.3
010220260923  1.719  6.5  2.5  8.4  0.05  175.5  26.3
010220260924  1.714  6.4  2.5  8.4  0.13  166.1  26.3
010220260925  1.710  6.3  2.5  8.4  0.08  138.5  26.3
010220260926  1.704  6.2  3.5  8.4  0.11  113.1  26.4
010220260927  1.699  6.1  7.2  8.4  0.07  137.9  26.4
010220260928  1.695  6.0  11.4  8.4  0.17  162.9  26.4
010220260929  1.691  6.0  16.4  9.0  0.09  82.0  26.4
010220260930  1.686  6.2  22.6  9.9  0.11  158.0  26.4
010220260931  1.682  6.3  28.1  9.9  nan  nan  nan
010220260932  1.679  6.5  34.0  10.9  0.09  108.7  26.4
010220260933  1.674  6.8  38.7  10.9  0.13  10.0  26.4
010220260934  1.669  7.2  42.5  10.9  nan  nan  nan
010220260935  1.665  7.6  44.9  10.9  0.04  295.5  26.4
010220260936  1.661  7.8  45.4  10.9  0.08  10.0  26.4
010220260937  1.655  7.8  46.1  10.9  0.05  348.6  26.4
010220260938  1.650  7.8  47.0  10.9  0.09  81.6  26.4
010220260939  1.646  7.8  47.1  10.9  0.05  35.5  26.4
010220260940  1.643  7.8  45.7  11.4  0.14  25.6  26.4
010220260941  1.640  7.8  45.1  11.4  0.07  28.4  26.4
010220260942  1.636  7.8  44.8  11.4  0.14  33.8  26.4
010220260943  1.630  7.8  44.3  11.4  0.17  8.7  26.4
010220260944  1.625  7.7  44.4  11.4  0.21  15.4  26.4
010220260945  1.621  7.6  45.3  11.4  0.23  5.6  26.4
010220260946  1.616  7.6  45.9  11.4  0.21  14.2  26.4
010220260947  1.612  7.5  45.2  11.4  0.16  4.6  26.4
010220260948  1.607  7.6  45.0  11.4  0.13  353.7  26.4
010220260949  1.602  7.5  43.8  11.4  0.19  0.3  26.4
010220260950  1.595  7.4  44.6  10.7  0.20  2.2  26.4
010220260951  1.590  7.4  44.2  10.1  0.19  343.9  26.4
010220260952  1.585  7.3  44.3  10.1  0.17  349.7  26.3
010220260953  1.581  7.1  44.1  10.1  0.15  348.7  26.3
010220260954  1.575  7.0  44.2  10.1  0.23  2.1  26.3
010220260955  1.571  7.0  43.3  10.1  0.23  350.5  26.3
010220260956  1.565  7.0  43.3  10.1  0.20  354.0  26.3
010220260957  1.559  7.2  44.8  10.1  0.27  10.8  26.3
010220260958  1.554  7.2  45.1  10.1  0.17  341.7  26.3
010220260959  1.550  7.2  45.8  10.1  0.27  355.6  26.3
010220261000  1.547  7.3  46.1  10.0  0.17  343.1  26.3
010220261001  1.541  7.4  45.9  10.0  0.36  358.1  26.3
010220261002  1.537  7.4  45.7  10.0  0.39  7.1  26.3
010220261003  1.530  7.5  45.6  10.0  0.34  6.4  26.3
010220261004  1.528  7.8  45.6  10.9  0.34  10.7  26.4
010220261005  1.523  8.0  46.3  11.1  0.38  12.0  26.4
010220261006  1.518  8.2  47.0  11.1  0.30  4.0  26.4
010220261007  1.516  8.1  45.5  11.1  0.35  3.0  26.4
010220261008  1.511  8.1  45.5  11.1  0.42  2.3  26.4
010220261009  1.506  8.2  45.5  12.0  0.39  7.1  26.4
010220261010  1.502  8.2  45.2  12.0  0.41  7.6  26.4
010220261011  1.498  8.2  45.1  12.0  0.29  2.8  26.4
010220261012  1.495  8.4  44.6  12.0  0.44  2.3  26.4
010220261013  1.492  8.6  44.8  12.0  0.51  357.2  26.4
010220261014  1.488  8.4  44.4  12.0  0.30  359.1  26.4
010220261015  1.482  8.3  44.3  12.0  0.48  1.9  26.4
010220261016  1.477  8.3  43.8  12.0  0.51  7.8  26.4
010220261017  1.472  8.3  44.5  12.0  0.45  7.8  26.4
010220261018  1.467  8.3  43.8  12.0  0.32  355.0  26.5
010220261019  1.462  8.3  43.4  11.9  0.49  9.3  26.5
010220261020  1.458  8.1  43.4  11.3  0.59  12.6  26.5
010220261021  1.454  8.0  43.6  11.3  0.45  5.1  26.5
010220261022  1.447  8.1  43.6  11.3  0.61  2.5  26.5
010220261023  1.444  8.1  43.3  11.3  0.55  10.2  26.5
010220261024  1.439  8.3  43.1  11.9  0.50  6.5  26.5
010220261025  1.432  8.5  42.2  11.9  0.62  12.5  26.5
010220261026  1.427  8.5  41.1  12.2  0.56  18.2  26.5
010220261027  1.420  8.6  40.0  12.2  0.62  13.2  26.5
010220261028  1.414  8.5  39.9  12.2  0.64  8.8  26.5
010220261029  1.407  8.4  40.3  12.2  0.64  11.0  26.5
010220261030  1.402  8.5  40.3  12.2  0.75  8.4  26.5
010220261031  1.396  8.7  39.5  12.2  0.73  10.3  26.5
010220261032  1.389  8.6  40.1  12.2  0.71  9.5  26.5
010220261033  1.383  8.4  40.7  12.2  0.71  13.1  26.5
010220261034  1.377  8.4  41.4  12.2  0.73  11.2  26.5
010220261035  1.371  8.2  42.1  12.2  0.75  11.3  26.5
010220261036  1.365  8.2  41.9  11.6  0.74  9.7  26.5
010220261037  1.358  8.2  42.8  11.6  0.58  13.3  26.5
010220261038  1.353  8.4  43.1  11.8  0.75  9.9  26.5
010220261039  1.347  8.4  42.8  11.8  0.77  10.0  26.5
010220261040  1.343  8.4  42.2  11.8  0.78  8.9  26.5
010220261041  1.338  8.4  43.0  11.8  0.78  10.3  26.5
010220261042  1.334  8.4  42.5  11.8  0.81  5.3  26.5
010220261043  1.329  8.6  42.3  11.8  0.78  8.9  26.6
010220261044  1.324  8.5  40.4  11.8  0.84  12.7  26.6
010220261045  1.318  8.5  40.9  11.8  0.77  10.0  26.6
010220261046  1.313  8.4  41.8  11.8  0.71  12.0  26.6
010220261047  1.308  8.6  42.5  11.8  0.88  13.6  26.6
010220261048  1.301  8.5  41.8  11.8  0.87  13.5  26.6
010220261049  1.296  8.8  41.6  11.8  0.78  12.1  26.6
010220261050  1.291  8.8  41.4  11.9  0.76  10.9  26.6
010220261051  1.285  8.8  41.3  11.9  0.84  11.6  26.6
010220261052  1.280  8.8  40.5  11.9  0.98  12.1  26.6
010220261053  1.274  8.9  40.6  12.2  0.89  15.5  26.6
010220261054  1.267  8.9  40.6  12.2  0.94  13.2  26.6
010220261055  1.260  8.9  39.5  12.2  0.83  12.7  26.6
010220261056  1.254  9.1  38.7  13.0  0.90  10.7  26.6
010220261057  1.247  9.1  38.7  13.0  0.90  13.3  26.6
010220261058  1.241  9.2  39.3  13.0  0.98  10.0  26.6
010220261059  1.235  9.5  39.5  13.0  1.02  13.8  26.6
010220261100  1.229  9.6  39.7  13.0  1.09  11.3  26.6
010220261101  1.222  9.8  40.4  15.0  1.06  8.3  26.6
010220261102  1.216  9.9  40.9  15.0  1.09  9.7  26.6
010220261103  1.209  9.9  41.0  15.0  1.07  9.8  26.6
010220261104  1.203  10.1  41.2  15.0  1.02  12.3  26.6
010220261105  1.197  10.3  41.4  15.0  1.03  12.3  26.6
010220261106  1.191  10.3  42.7  15.0  1.07  13.4  26.6
010220261107  1.187  10.2  42.0  15.0  1.10  15.3  26.7
010220261108  1.180  10.3  41.6  15.0  1.08  10.0  26.7
