Southport
Station No. 100035 (tide) S16 (wind, current)
Date/Time ddmmyyyyHHMM
Water Level in m LAT
Wind Speed in Knots
Wind Direction in Degrees
Wind Gust in Knots
Barometric Pressure in hPa
Water Speed in Knots
Water Direction in Degrees
Data_last_updated 01-03-2026 10:00
220220261001  1.244  3.5  77.6  7.1  0.82  178.0  27.1
220220261002  1.249  3.5  75.9  7.1  0.78  177.1  27.1
220220261003  1.252  3.5  77.0  7.1  0.97  179.2  27.1
220220261004  1.257  3.2  73.5  7.1  0.87  177.7  27.1
220220261005  1.261  3.0  72.9  7.1  0.80  174.2  27.1
220220261006  1.265  2.7  73.1  7.1  0.87  180.6  27.1
220220261007  1.269  2.6  66.8  7.1  0.87  175.4  27.1
220220261008  1.272  2.5  73.0  7.1  1.00  179.5  27.1
220220261009  1.275  2.4  75.7  7.1  0.83  175.3  27.1
220220261010  1.280  2.3  75.0  7.1  0.72  177.7  27.1
220220261011  1.282  2.3  72.4  6.6  0.73  180.6  27.1
220220261012  1.286  2.5  72.0  6.6  0.80  179.2  27.1
220220261013  1.289  2.7  73.4  6.6  0.75  176.7  27.1
220220261014  1.293  3.0  77.5  6.6  0.74  175.9  27.1
220220261015  1.296  3.4  77.5  6.6  0.72  175.0  27.1
220220261016  1.299  3.8  75.5  6.6  0.76  177.3  27.1
220220261017  1.302  3.8  74.8  6.6  0.96  183.0  27.1
220220261018  1.304  4.0  70.9  6.6  0.75  178.5  27.1
220220261019  1.307  4.2  69.8  7.0  0.74  178.7  27.1
220220261020  1.311  4.4  70.3  7.0  0.86  184.0  27.1
220220261021  1.313  4.6  72.6  8.6  0.73  180.1  27.1
220220261022  1.315  4.4  73.3  8.6  0.82  184.1  27.1
220220261023  1.317  4.6  71.4  8.6  0.71  181.8  27.1
220220261024  1.318  4.7  69.5  8.6  0.74  179.9  27.1
220220261025  1.320  4.9  69.8  8.8  0.85  185.0  27.1
220220261026  1.320  5.1  70.6  8.8  0.78  181.8  27.1
220220261027  1.323  5.3  70.0  8.8  0.85  187.1  27.1
220220261028  1.324  5.5  71.4  8.8  0.83  187.6  27.1
220220261029  1.325  5.5  73.0  8.8  0.81  186.1  27.1
220220261030  1.325  5.6  72.7  8.8  0.88  182.9  27.1
220220261031  1.327  5.5  71.6  8.8  0.79  185.8  27.1
220220261032  1.328  5.7  71.4  8.8  0.82  184.0  27.1
220220261033  1.329  5.6  72.9  8.8  0.79  181.6  27.1
220220261034  1.330  5.6  72.6  8.8  0.83  179.9  27.1
220220261035  1.331  5.5  72.5  7.9  0.58  175.9  27.1
220220261036  1.331  5.4  72.2  7.9  0.66  182.0  27.0
220220261037  1.331  5.4  73.4  8.1  0.72  177.1  27.1
220220261038  1.332  5.3  73.4  8.1  0.71  173.1  27.0
220220261039  1.332  5.4  73.4  8.1  0.73  176.3  27.0
220220261040  1.335  5.5  73.8  8.1  0.71  177.5  27.1
220220261041  1.337  5.4  73.6  8.1  0.78  177.9  27.0
220220261042  1.338  5.3  73.5  8.1  0.68  177.3  27.0
220220261043  1.339  5.6  72.4  9.1  0.13  207.0  27.0
220220261044  1.339  5.8  72.3  9.1  0.30  163.4  27.0
220220261045  1.339  5.9  70.7  9.1  0.65  173.0  27.1
220220261046  1.339  6.0  67.5  9.1  0.77  175.3  27.1
220220261047  1.339  6.0  66.0  9.1  0.59  173.7  27.1
220220261048  1.340  6.1  66.1  9.1  0.50  165.6  27.0
220220261049  1.338  6.0  64.8  9.1  0.58  171.9  27.0
220220261050  1.338  5.9  63.9  9.1  0.64  173.8  27.0
220220261051  1.337  5.9  64.0  9.1  0.65  175.1  27.0
220220261052  1.335  5.9  64.3  9.1  0.63  174.9  27.0
220220261053  1.334  5.5  65.0  8.9  0.65  174.5  27.0
220220261054  1.333  5.3  64.7  8.9  0.60  168.7  27.1
220220261055  1.330  5.1  67.3  8.1  0.70  176.8  27.1
220220261056  1.329  4.9  70.7  8.0  0.57  176.5  27.1
220220261057  1.328  5.0  71.0  8.0  0.58  173.4  27.1
220220261058  1.325  5.2  69.6  8.0  0.44  170.5  27.1
220220261059  1.326  5.4  70.5  8.2  0.57  176.1  27.1
220220261100  1.325  5.5  70.4  8.2  0.37  146.7  27.0
220220261101  1.324  5.6  69.3  8.2  0.13  190.0  27.0
220220261102  1.323  5.8  68.2  8.2  0.45  184.5  27.0
220220261103  1.322  5.9  67.3  8.2  0.40  171.2  27.1
220220261104  1.322  5.9  67.6  8.2  0.61  175.6  27.1
220220261105  1.320  6.0  66.4  8.6  0.56  163.1  27.1
220220261106  1.320  6.2  66.9  8.8  0.36  166.6  27.0
220220261107  1.319  6.0  68.5  8.8  0.40  185.0  27.0
220220261108  1.321  5.7  71.2  8.8  0.61  175.2  27.0
220220261109  1.322  5.5  69.7  8.8  0.42  179.7  27.0
220220261110  1.324  5.7  69.5  8.8  0.27  180.9  27.0
220220261111  1.324  5.5  72.0  8.8  0.30  175.1  27.0
220220261112  1.325  5.3  73.6  8.8  0.47  169.8  27.0
220220261113  1.326  5.1  75.2  8.8  0.45  172.5  27.0
220220261114  1.327  5.1  74.4  8.8  0.41  171.0  27.0
220220261115  1.329  5.2  75.1  8.8  0.48  165.0  27.0
220220261116  1.329  5.2  76.0  8.5  0.37  180.9  27.0
220220261117  1.330  5.2  76.1  8.8  0.42  179.9  27.0
220220261118  1.331  5.2  75.1  8.8  0.42  173.7  27.0
220220261119  1.332  5.2  75.1  8.8  0.58  179.9  27.0
220220261120  1.332  5.0  76.1  8.8  0.62  182.3  27.0
220220261121  1.334  5.1  74.5  8.8  0.52  186.8  26.9
220220261122  1.335  5.1  73.9  8.8  0.43  174.0  26.9
220220261123  1.334  5.5  71.7  8.8  0.51  169.4  26.9
220220261124  1.335  5.4  72.4  8.8  0.54  170.0  26.9
220220261125  1.336  5.1  74.4  8.8  0.61  169.6  26.9
220220261126  1.337  5.1  73.8  8.8  0.40  178.9  26.9
220220261127  1.338  5.0  73.2  8.3  0.44  193.5  26.9
220220261128  1.340  5.2  70.5  8.3  0.41  177.6  27.0
220220261129  1.341  5.3  70.6  8.3  0.65  184.8  27.0
220220261130  1.341  5.2  72.0  8.3  0.35  179.7  26.9
220220261131  1.343  5.2  71.5  8.3  0.56  175.0  26.9
220220261132  1.342  5.3  70.7  8.3  0.40  175.1  26.9
220220261133  1.343  5.1  71.6  8.2  0.32  175.3  26.9
220220261134  1.343  5.2  71.7  8.2  0.65  176.6  26.9
220220261135  1.344  5.3  70.0  8.3  0.57  180.0  26.9
220220261136  1.346  5.4  69.5  8.3  0.51  183.2  26.9
220220261137  1.347  5.4  70.3  8.3  0.62  180.7  26.9
220220261138  1.348  5.4  72.1  8.6  0.66  173.7  26.9
220220261139  1.349  5.3  73.8  8.6  0.61  174.9  26.9
220220261140  1.350  5.3  72.7  8.6  0.56  174.5  26.9
220220261141  1.353  5.3  73.5  8.6  0.47  165.1  26.9
220220261142  1.355  5.3  74.5  8.6  0.38  167.1  26.9
220220261143  1.356  5.2  73.7  8.6  0.13  175.3  26.9
220220261144  1.358  5.1  73.9  8.6  0.27  158.2  26.9
220220261145  1.358  5.0  74.7  8.6  0.35  168.8  26.9
220220261146  1.359  4.6  76.6  8.6  0.56  164.1  26.9
220220261147  1.360  4.4  78.0  8.6  0.64  191.7  26.9
220220261148  1.361  4.1  77.0  7.1  0.59  170.2  26.9
220220261149  1.362  4.0  76.2  7.1  0.79  173.6  26.9
220220261150  1.363  3.7  77.6  7.1  0.55  176.0  26.8
220220261151  1.363  3.6  77.6  6.6  0.64  177.4  26.9
220220261152  1.363  3.7  75.3  7.7  0.58  171.4  26.9
220220261153  1.363  3.7  74.9  7.7  0.26  110.0  26.9
220220261154  1.362  3.8  75.0  7.7  0.42  180.8  26.8
220220261155  1.361  3.5  75.6  7.7  0.69  175.6  26.8
220220261156  1.359  3.5  73.3  7.7  0.57  169.1  26.8
220220261157  1.357  4.0  69.5  9.1  0.58  173.5  26.8
220220261158  1.356  4.0  70.1  9.1  0.51  167.4  26.8
220220261159  1.355  4.2  69.8  9.1  0.37  197.3  26.8
220220261200  1.353  4.4  68.8  9.1  0.21  227.7  26.8
220220261201  1.352  4.5  68.3  9.1  0.59  182.5  26.8
220220261202  1.348  4.5  70.1  9.1  0.43  171.2  26.8
220220261203  1.345  4.5  70.4  9.1  0.38  165.5  26.8
220220261204  1.343  4.5  69.5  9.1  0.51  176.0  26.8
220220261205  1.340  4.7  68.2  9.1  0.08  172.0  26.9
220220261206  1.338  4.8  68.4  9.1  0.18  140.7  26.9
220220261207  1.336  4.6  68.7  7.4  0.47  182.2  26.9
220220261208  1.335  4.6  69.1  7.4  0.47  177.9  26.9
220220261209  1.332  4.5  69.9  7.4  0.05  211.4  26.9
220220261210  1.331  4.6  68.7  7.4  0.24  163.4  26.9
220220261211  1.329  4.7  69.5  8.2  0.37  171.1  26.9
220220261212  1.327  4.5  69.8  8.2  0.44  168.9  26.9
220220261213  1.324  4.5  71.4  8.2  0.33  169.7  26.9
220220261214  1.322  4.4  71.0  8.2  0.35  177.3  26.8
220220261215  1.318  4.6  71.1  8.2  0.32  162.8  26.8
220220261216  1.317  4.7  69.5  8.2  0.28  167.1  26.9
220220261217  1.314  4.8  69.9  8.2  0.30  153.4  26.9
220220261218  1.311  5.0  69.2  8.2  0.39  164.5  26.9
220220261219  1.308  5.2  68.5  8.4  0.33  167.0  26.9
220220261220  1.305  5.3  69.5  8.4  0.21  150.6  26.9
220220261221  1.301  5.3  70.0  8.4  0.26  155.1  26.9
220220261222  1.297  5.3  69.4  8.4  0.21  179.8  26.9
220220261223  1.292  5.4  68.9  8.4  0.30  174.4  26.9
220220261224  1.287  5.3  70.6  8.4  0.37  173.1  26.9
220220261225  1.282  4.9  72.7  8.4  0.37  162.5  26.9
220220261226  1.277  4.8  74.6  8.4  0.19  175.5  26.9
220220261227  1.272  4.7  75.9  8.4  0.10  162.4  26.9
220220261228  1.266  4.6  77.5  9.2  0.15  144.0  26.9
220220261229  1.260  4.6  76.3  9.2  0.21  121.3  26.9
220220261230  1.255  4.8  76.7  9.6  0.12  107.7  26.9
220220261231  1.248  4.7  76.1  9.6  0.14  126.6  26.9
220220261232  1.242  4.7  76.9  9.6  0.11  89.7  26.9
220220261233  1.237  4.6  77.6  9.6  0.09  127.1  26.9
220220261234  1.233  4.8  76.3  9.6  0.28  29.5  26.9
220220261235  1.228  5.0  74.3  9.6  0.08  100.0  26.9
220220261236  1.222  5.1  74.3  9.6  0.12  93.7  26.9
220220261237  1.217  5.0  72.4  9.6  0.18  14.9  26.9
220220261238  1.212  4.7  72.3  9.6  0.15  38.5  26.9
220220261239  1.205  4.5  79.9  9.6  0.13  29.8  26.9
220220261240  1.199  4.4  86.5  8.7  nan  nan  nan
220220261241  1.195  4.3  93.8  8.7  0.12  155.2  26.9
220220261242  1.190  4.3  99.5  8.7  0.09  75.1  26.9
220220261243  1.185  4.4  102.6  8.7  0.16  17.1  26.9
220220261244  1.181  4.3  107.9  8.7  0.11  48.3  26.9
220220261245  1.177  4.5  112.0  8.7  0.04  86.6  26.9
220220261246  1.171  4.5  111.4  8.7  0.06  48.9  26.9
220220261247  1.166  4.7  110.3  8.7  0.11  37.4  26.9
220220261248  1.161  4.9  108.7  8.7  0.07  47.9  26.9
220220261249  1.156  4.7  106.0  8.7  0.11  344.9  26.9
220220261250  1.152  4.5  101.8  8.1  0.12  10.9  27.0
220220261251  1.150  4.5  93.6  8.1  0.09  353.2  27.0
220220261252  1.146  4.8  88.3  8.8  0.20  11.7  27.0
220220261253  1.143  4.8  86.3  8.8  0.09  41.4  27.0
220220261254  1.138  4.9  83.9  8.8  0.12  32.3  27.0
220220261255  1.135  4.9  80.3  8.8  0.36  23.1  27.0
220220261256  1.132  4.8  83.7  8.8  0.22  18.1  27.0
220220261257  1.131  4.4  87.1  8.8  0.18  21.9  27.0
220220261258  1.129  4.3  93.0  8.8  0.05  355.4  27.0
220220261259  1.128  4.1  93.0  8.8  0.21  14.7  27.0
220220261300  1.126  4.0  92.5  8.8  0.23  21.3  27.0
220220261301  1.126  3.9  93.1  8.8  0.26  26.4  27.0
220220261302  1.125  3.8  93.2  7.7  0.20  14.5  27.0
220220261303  1.124  3.9  91.1  7.7  0.21  28.8  27.0
220220261304  1.124  3.8  90.0  7.7  0.28  25.8  27.0
220220261305  1.123  3.7  93.9  7.7  0.17  358.0  27.1
220220261306  1.121  3.7  93.2  7.7  0.20  14.4  27.1
220220261307  1.120  3.8  90.9  7.7  0.15  20.7  27.1
220220261308  1.118  3.6  86.5  7.7  0.17  30.9  27.1
220220261309  1.119  3.5  88.1  7.7  0.20  27.9  27.1
220220261310  1.117  3.3  92.8  7.7  0.17  4.7  27.1
220220261311  1.116  3.2  95.3  7.7  0.16  4.6  27.1
220220261312  1.116  3.1  92.9  7.2  0.10  5.6  27.1
220220261313  1.114  3.0  93.2  6.8  0.22  5.4  27.2
220220261314  1.112  2.9  92.0  5.7  0.05  284.6  27.2
220220261315  1.110  3.0  84.2  5.7  0.10  300.3  27.2
220220261316  1.110  2.9  80.9  5.7  0.14  341.7  27.2
220220261317  1.107  3.0  80.2  5.7  0.05  282.1  27.2
220220261318  1.105  2.9  86.8  6.1  0.05  328.4  27.1
220220261319  1.104  3.1  82.1  6.1  0.11  320.1  27.1
220220261320  1.104  3.4  77.3  7.2  0.17  345.2  27.1
220220261321  1.102  3.4  76.7  7.2  0.19  355.4  27.1
220220261322  1.103  3.4  79.4  7.2  0.17  1.0  27.1
220220261323  1.102  3.4  78.8  7.2  0.11  316.9  27.1
220220261324  1.100  3.4  87.4  7.2  0.19  7.0  27.1
220220261325  1.098  3.4  95.5  8.0  0.14  0.3  27.1
220220261326  1.095  3.6  96.8  8.0  0.29  7.7  27.1
220220261327  1.093  3.6  99.4  8.0  0.17  10.0  27.1
220220261328  1.090  3.8  96.1  8.0  0.24  16.8  27.1
220220261329  1.086  3.8  101.8  8.0  0.07  342.0  27.1
220220261330  1.082  3.7  105.6  8.0  0.23  17.4  27.1
220220261331  1.079  3.8  108.3  8.0  0.28  4.4  27.1
220220261332  1.076  3.9  111.7  8.0  0.18  31.9  27.1
220220261333  1.073  4.1  114.8  8.0  0.28  7.6  27.1
220220261334  1.068  3.9  114.7  8.0  0.33  9.3  27.2
220220261335  1.066  3.6  116.2  6.3  0.49  12.1  27.2
220220261336  1.062  3.5  118.9  6.3  0.33  6.3  27.2
220220261337  1.058  3.5  123.1  6.3  0.31  16.2  27.2
220220261338  1.055  3.3  125.7  6.3  0.45  18.0  27.2
220220261339  1.051  3.3  120.7  6.3  0.46  11.2  27.2
220220261340  1.046  3.3  120.4  6.3  0.47  11.9  27.2
220220261341  1.043  3.2  119.5  6.3  0.61  14.0  27.2
220220261342  1.037  3.0  120.4  5.1  0.59  7.0  27.2
220220261343  1.032  3.1  120.1  5.8  0.60  12.8  27.2
220220261344  1.028  3.2  118.5  6.9  0.53  8.7  27.2
220220261345  1.022  3.4  116.5  6.9  0.51  7.2  27.3
220220261346  1.017  3.9  115.0  8.9  0.48  10.9  27.3
220220261347  1.011  4.2  112.3  10.0  0.71  12.2  27.3
220220261348  1.006  4.5  110.4  10.0  0.54  12.5  27.3
220220261349  1.001  4.6  112.8  10.0  0.69  13.7  27.3
220220261350  0.996  4.5  116.2  10.0  0.60  8.9  27.2
220220261351  0.989  4.5  119.4  10.0  0.52  19.3  27.2
220220261352  0.983  4.5  118.9  10.0  0.56  14.0  27.2
220220261353  0.977  4.3  117.3  10.0  0.51  12.2  27.2
220220261354  0.971  4.2  117.2  10.0  0.74  12.4  27.3
220220261355  0.965  3.7  118.1  10.0  0.75  12.4  27.3
220220261356  0.960  3.2  119.1  10.0  0.72  10.8  27.3
220220261357  0.954  2.8  126.5  7.5  0.72  6.9  27.4
220220261358  0.948  2.7  123.9  7.0  0.68  6.4  27.4
220220261359  0.941  2.7  120.4  7.0  0.76  5.8  27.4
220220261400  0.936  3.0  116.1  7.6  0.76  3.4  27.4
220220261401  0.929  3.2  111.9  7.6  0.88  7.3  27.4
220220261402  0.923  3.3  112.9  7.6  0.85  5.2  27.5
220220261403  0.916  3.2  117.6  7.6  0.83  9.9  27.5
220220261404  0.910  3.3  118.6  7.6  0.77  8.7  27.5
220220261405  0.902  3.6  116.2  7.6  0.74  8.3  27.5
220220261406  0.895  3.9  115.2  7.6  0.78  6.3  27.5
220220261407  0.890  4.0  110.5  7.6  0.79  9.3  27.5
220220261408  0.882  3.9  114.7  7.6  0.90  8.8  27.5
220220261409  0.876  3.8  117.6  7.6  0.89  11.0  27.5
220220261410  0.872  3.4  120.1  6.7  0.93  9.8  27.5
220220261411  0.867  2.9  120.9  6.2  0.84  6.3  27.5
220220261412  0.862  2.9  114.3  7.4  0.76  8.8  27.6
220220261413  0.857  3.0  100.9  7.5  0.84  5.2  27.6
220220261414  0.852  3.2  90.8  8.8  0.72  6.7  27.5
220220261415  0.847  3.3  82.2  8.8  0.78  3.1  27.5
220220261416  0.844  3.4  74.3  8.8  0.82  3.7  27.5
220220261417  0.839  3.7  67.6  8.8  0.69  359.7  27.5
220220261418  0.834  4.3  62.4  8.8  0.74  3.0  27.5
220220261419  0.830  4.9  58.5  8.8  0.73  2.1  27.5
220220261420  0.824  5.6  55.9  9.3  0.84  6.0  27.5
220220261421  0.818  6.3  55.5  9.3  0.85  3.7  27.5
220220261422  0.814  6.4  55.3  9.3  0.80  1.2  27.5
220220261423  0.808  6.3  55.4  9.3  0.95  9.2  27.5
220220261424  0.803  6.3  55.2  9.3  0.86  7.3  27.5
220220261425  0.799  6.4  55.8  9.3  0.93  9.4  27.5
220220261426  0.794  6.4  57.0  9.3  0.91  15.4  27.5
220220261427  0.789  6.5  58.6  9.3  0.99  9.7  27.5
220220261428  0.784  6.4  60.0  9.3  1.02  13.7  27.5
220220261429  0.779  6.3  59.7  9.3  0.89  15.3  27.5
220220261430  0.776  6.3  58.9  9.3  0.90  13.8  27.5
220220261431  0.772  6.1  59.8  8.9  0.85  16.8  27.5
220220261432  0.769  6.1  60.3  8.9  0.87  19.0  27.5
220220261433  0.766  6.1  61.5  8.9  0.84  16.7  27.5
220220261434  0.762  6.3  62.6  10.1  0.82  17.6  27.5
220220261435  0.760  6.3  64.6  10.1  0.76  19.1  27.6
220220261436  0.755  6.4  64.4  10.1  0.69  17.1  27.6
220220261437  0.752  6.5  62.5  10.1  0.80  19.3  27.6
220220261438  0.750  6.6  61.6  10.1  0.80  22.0  27.6
220220261439  0.746  6.7  61.4  10.1  0.77  20.9  27.6
220220261440  0.742  6.7  62.8  10.1  0.76  21.2  27.6
220220261441  0.738  6.7  62.3  10.1  0.71  18.7  27.6
220220261442  0.735  6.6  62.6  10.1  0.89  16.0  27.6
220220261443  0.729  6.5  62.6  10.1  0.75  17.4  27.6
220220261444  0.725  6.3  62.3  9.2  1.03  14.5  27.6
220220261445  0.721  6.1  61.0  9.2  0.95  14.8  27.6
220220261446  0.716  5.9  59.2  9.2  0.99  15.0  27.7
220220261447  0.714  5.8  60.0  9.2  0.93  13.7  27.7
220220261448  0.710  5.6  60.1  9.2  0.91  12.6  27.7
220220261449  0.706  5.5  62.9  9.2  0.94  8.9  27.7
220220261450  0.702  5.4  63.3  9.2  0.84  6.8  27.7
220220261451  0.698  5.2  63.7  9.2  0.82  5.9  27.7
220220261452  0.693  5.2  63.0  8.2  0.85  8.4  27.7
220220261453  0.688  5.3  62.8  8.2  0.85  6.7  27.7
220220261454  0.686  5.3  62.1  8.2  0.95  3.8  27.7
220220261455  0.682  5.5  61.1  8.2  0.83  3.8  27.7
220220261456  0.679  5.5  61.5  8.2  0.73  358.6  27.7
220220261457  0.675  5.5  61.4  8.2  0.91  4.1  27.7
220220261458  0.671  5.6  60.7  8.2  0.81  1.1  27.7
220220261459  0.669  5.8  56.7  8.8  0.84  1.5  27.7
220220261500  0.664  5.9  56.7  8.8  0.86  358.6  27.7
220220261501  0.660  6.0  55.7  8.8  0.76  1.3  27.7
220220261502  0.655  5.9  55.8  8.8  0.82  1.3  27.8
220220261503  0.653  5.9  56.0  8.8  0.85  4.0  27.8
220220261504  0.650  5.9  56.5  8.8  0.82  0.5  27.8
220220261505  0.645  6.0  55.3  9.0  0.82  5.1  27.8
220220261506  0.640  6.1  55.6  9.0  0.89  2.1  27.8
220220261507  0.636  6.2  55.7  9.0  0.79  1.7  27.8
220220261508  0.631  6.2  55.6  9.0  0.83  4.5  27.8
220220261509  0.627  6.3  57.7  10.0  0.92  0.5  27.8
220220261510  0.622  6.4  58.3  10.0  0.78  4.9  27.8
220220261511  0.618  6.5  59.4  10.0  0.81  5.1  27.8
220220261512  0.613  6.7  59.8  10.0  0.78  3.4  27.8
220220261513  0.607  6.7  61.3  10.0  0.87  2.4  27.8
220220261514  0.603  6.8  62.9  10.0  0.90  4.9  27.8
220220261515  0.599  6.8  65.4  10.0  0.88  7.8  27.8
220220261516  0.594  6.8  66.8  10.0  0.87  6.1  27.8
220220261517  0.589  6.9  68.3  10.0  0.95  3.6  27.9
220220261518  0.585  6.9  69.2  10.0  0.80  9.2  27.9
220220261519  0.580  6.6  70.1  9.5  0.95  4.2  27.9
220220261520  0.577  6.3  69.6  9.3  0.84  5.9  27.9
220220261521  0.571  6.2  70.3  9.3  1.10  9.8  27.9
220220261522  0.567  6.2  69.5  8.5  0.99  10.6  27.9
220220261523  0.562  6.3  65.7  9.0  0.96  5.6  27.9
220220261524  0.559  6.5  63.2  9.6  0.91  8.4  27.9
220220261525  0.553  6.6  61.1  9.6  0.98  10.2  27.9
220220261526  0.549  6.7  59.1  9.7  1.07  11.9  27.9
220220261527  0.544  6.8  56.3  9.7  0.95  8.7  27.9
220220261528  0.540  6.9  54.1  10.6  0.93  12.6  27.9
220220261529  0.535  7.0  52.7  10.6  1.03  9.5  27.9
220220261530  0.531  7.0  52.0  10.6  1.09  9.6  27.9
220220261531  0.526  7.3  51.5  10.6  0.98  12.2  27.9
220220261532  0.520  7.4  52.0  10.6  0.99  17.1  27.9
220220261533  0.514  7.4  53.0  10.6  0.98  13.3  27.9
220220261534  0.510  7.3  53.3  10.6  1.01  9.0  27.9
220220261535  0.505  7.4  53.9  10.6  1.05  13.4  27.9
220220261536  0.502  7.2  55.1  10.6  1.01  13.7  27.9
220220261537  0.496  7.1  55.5  10.6  0.92  16.2  27.9
220220261538  0.492  7.1  56.9  10.0  0.88  13.8  27.9
220220261539  0.487  7.1  57.4  10.0  0.96  12.7  27.9
220220261540  0.481  7.0  58.4  10.0  0.92  13.0  27.9
220220261541  0.476  6.8  58.5  10.0  0.85  17.3  27.9
220220261542  0.470  6.5  58.6  10.0  0.96  15.9  28.0
220220261543  0.464  6.4  60.5  10.0  0.98  17.4  28.0
220220261544  0.459  6.1  62.5  10.0  0.83  17.5  28.0
220220261545  0.452  5.9  62.8  10.0  0.84  16.1  28.0
220220261546  0.448  6.1  61.6  11.1  0.83  18.5  28.0
220220261547  0.441  6.1  61.5  11.1  0.80  18.9  28.0
220220261548  0.436  6.0  60.5  11.1  0.74  14.5  28.0
220220261549  0.431  6.1  60.5  11.1  1.00  15.6  28.0
220220261550  0.425  6.3  59.5  11.1  0.88  16.3  28.0
220220261551  0.419  6.3  58.9  11.1  0.78  15.4  28.0
220220261552  0.414  6.4  58.7  11.1  0.98  19.8  28.0
220220261553  0.410  6.5  57.0  11.1  0.88  20.1  28.0
220220261554  0.405  6.7  57.2  11.1  0.89  17.9  28.0
220220261555  0.399  6.7  59.0  11.1  0.82  23.4  28.0
220220261556  0.394  6.4  59.9  9.1  0.85  14.2  28.0
220220261557  0.387  6.4  60.6  9.1  0.89  17.7  28.0
220220261558  0.383  6.5  62.0  9.6  0.89  16.0  28.0
220220261559  0.379  6.3  62.0  9.6  0.79  19.9  28.0
220220261600  0.375  6.3  62.4  9.6  0.90  23.1  28.0
220220261601  0.372  6.4  63.7  9.6  0.95  16.0  28.0
220220261602  0.369  6.4  65.2  9.6  0.79  17.4  28.0
220220261603  0.366  6.3  65.8  9.6  0.84  22.1  28.0
220220261604  0.361  6.3  64.3  9.7  0.87  16.3  28.0
220220261605  0.356  6.4  61.7  9.7  0.93  15.1  28.0
220220261606  0.351  6.5  60.9  9.7  0.88  18.3  28.0
220220261607  0.348  6.4  59.7  9.7  0.74  19.0  28.1
220220261608  0.343  6.2  57.7  9.7  0.93  19.3  28.1
220220261609  0.340  6.2  57.9  9.7  0.85  19.2  28.1
220220261610  0.338  6.2  56.7  9.7  0.72  18.4  28.1
220220261611  0.334  6.3  54.9  9.7  0.77  24.7  28.1
220220261612  0.331  6.6  51.8  9.7  0.79  21.0  28.1
220220261613  0.328  6.7  51.4  9.7  0.73  28.1  28.1
220220261614  0.326  6.7  50.7  9.7  0.84  21.9  28.1
220220261615  0.323  6.6  50.7  9.7  0.87  21.1  28.1
220220261616  0.321  6.6  50.7  9.7  0.74  23.2  28.1
220220261617  0.319  6.8  51.3  9.7  0.69  23.3  28.1
220220261618  0.317  6.9  53.2  9.9  0.67  20.1  28.1
220220261619  0.315  7.0  53.3  9.9  0.71  22.0  28.1
220220261620  0.314  7.1  54.2  9.9  0.78  20.0  28.1
220220261621  0.312  6.9  56.3  9.9  0.87  19.1  28.1
220220261622  0.309  6.7  58.0  9.9  0.66  20.4  28.1
220220261623  0.307  6.6  58.5  9.9  0.84  15.4  28.1
220220261624  0.305  6.6  59.5  9.9  0.76  18.7  28.1
220220261625  0.302  6.7  59.9  9.9  0.87  17.4  28.1
220220261626  0.301  6.6  62.1  9.9  0.80  12.8  28.1
220220261627  0.300  6.4  63.0  9.9  0.83  15.9  28.1
220220261628  0.298  6.2  63.0  9.7  0.83  14.2  28.2
220220261629  0.296  6.2  65.0  9.7  0.91  16.1  28.2
220220261630  0.294  6.1  65.1  9.7  0.82  15.1  28.2
220220261631  0.293  5.9  63.8  9.7  0.80  18.7  28.2
220220261632  0.291  5.8  62.6  9.7  0.65  20.8  28.2
220220261633  0.288  5.6  61.3  9.7  0.80  15.5  28.2
220220261634  0.287  5.4  60.3  9.7  0.73  12.1  28.2
220220261635  0.287  5.1  60.6  7.4  0.92  10.4  28.2
220220261636  0.285  5.1  58.9  7.4  0.75  11.2  28.2
220220261637  0.283  5.1  58.3  7.4  0.76  6.6  28.2
220220261638  0.282  5.2  58.2  7.6  0.83  17.0  28.2
220220261639  0.282  5.1  54.6  7.7  0.81  9.6  28.2
220220261640  0.281  5.2  53.4  8.2  0.81  9.3  28.2
220220261641  0.279  5.2  52.9  8.2  0.79  9.9  28.2
220220261642  0.278  5.3  53.0  8.2  0.75  7.9  28.2
220220261643  0.276  5.3  53.3  8.2  0.74  7.9  28.2
220220261644  0.273  5.3  52.5  8.2  0.77  11.2  28.2
220220261645  0.272  5.4  50.8  8.2  0.69  13.5  28.2
220220261646  0.271  5.4  49.0  8.2  0.85  12.6  28.2
220220261647  0.269  5.5  48.3  8.2  0.76  6.4  28.2
220220261648  0.266  5.5  47.3  8.2  0.73  10.5  28.2
220220261649  0.263  5.4  46.6  8.2  0.76  12.5  28.2
220220261650  0.261  5.5  47.7  8.3  0.79  7.8  28.2
220220261651  0.258  5.7  49.3  9.4  0.82  12.4  28.2
220220261652  0.255  5.8  49.6  9.4  0.78  15.4  28.2
220220261653  0.252  6.0  50.6  9.4  0.79  9.9  28.2
220220261654  0.252  6.1  51.8  9.4  0.81  9.9  28.2
220220261655  0.250  6.1  53.2  9.4  0.81  11.7  28.2
220220261656  0.248  6.2  54.6  9.4  0.73  7.6  28.2
220220261657  0.246  6.1  54.4  9.4  0.75  7.5  28.2
220220261658  0.244  6.0  54.6  9.4  0.69  8.4  28.2
220220261659  0.241  6.1  55.7  9.4  0.80  10.7  28.2
220220261700  0.238  6.1  54.6  9.4  0.81  11.0  28.2
220220261701  0.236  5.8  54.2  8.6  0.74  15.6  28.2
220220261702  0.234  5.8  54.4  8.6  0.86  8.6  28.2
220220261703  0.231  5.9  53.9  8.6  0.74  13.9  28.2
220220261704  0.228  5.8  52.9  8.6  0.85  9.9  28.2
220220261705  0.225  5.9  54.1  8.6  0.86  8.2  28.2
220220261706  0.222  5.9  54.8  8.6  0.76  9.6  28.2
220220261707  0.219  5.8  57.2  8.6  0.79  10.6  28.2
220220261708  0.214  5.9  58.7  8.6  0.82  8.8  28.2
220220261709  0.213  5.9  59.7  8.5  0.82  15.0  28.2
220220261710  0.210  5.8  61.6  8.5  0.75  9.3  28.2
220220261711  0.207  5.9  61.5  8.5  0.82  8.0  28.2
220220261712  0.205  5.8  61.8  8.5  0.74  7.3  28.2
220220261713  0.202  5.6  63.2  8.5  0.81  8.8  28.2
220220261714  0.199  5.4  65.7  8.5  0.75  11.6  28.2
220220261715  0.197  5.4  65.8  8.5  0.80  9.9  28.2
220220261716  0.197  5.4  65.6  8.5  0.86  7.5  28.2
220220261717  0.195  5.4  65.3  8.5  0.82  11.1  28.2
220220261718  0.194  5.4  65.3  8.5  0.91  8.8  28.2
220220261719  0.191  5.3  65.3  7.5  0.77  6.8  28.2
220220261720  0.191  5.2  64.8  7.5  0.82  7.4  28.2
220220261721  0.188  5.2  64.5  7.5  0.87  9.9  28.3
220220261722  0.187  5.3  64.5  7.8  0.88  6.7  28.3
220220261723  0.186  5.5  63.9  7.8  0.89  8.0  28.3
220220261724  0.185  5.6  63.6  7.8  0.86  12.0  28.3
220220261725  0.183  5.6  61.8  7.8  0.80  9.9  28.3
220220261726  0.182  5.6  59.8  7.8  0.87  8.0  28.3
220220261727  0.180  5.7  58.5  7.8  0.95  10.2  28.3
220220261728  0.179  5.7  56.6  7.8  0.81  7.7  28.3
220220261729  0.178  5.9  56.9  7.8  0.67  6.8  28.3
220220261730  0.177  5.8  56.5  7.8  0.86  7.2  28.3
220220261731  0.177  5.8  57.6  7.8  0.85  9.1  28.3
220220261732  0.177  5.7  56.6  7.7  0.78  9.9  28.3
220220261733  0.177  5.6  55.0  7.7  0.81  1.0  28.3
220220261734  0.177  5.7  52.9  7.7  0.76  7.0  28.3
220220261735  0.176  5.6  53.0  7.7  0.70  5.2  28.3
220220261736  0.176  5.4  53.6  7.7  0.78  3.1  28.3
220220261737  0.176  5.2  53.4  7.4  0.65  7.4  28.3
220220261738  0.175  5.2  53.6  7.4  0.73  6.3  28.3
220220261739  0.175  5.1  52.7  7.4  0.72  7.5  28.3
220220261740  0.174  4.9  53.6  7.4  0.74  8.5  28.3
220220261741  0.174  4.8  52.0  7.4  0.58  359.5  28.3
220220261742  0.173  4.8  53.3  7.7  0.81  3.4  28.3
220220261743  0.173  4.8  54.4  7.7  0.91  2.6  28.3
220220261744  0.173  4.6  54.7  7.7  0.64  3.0  28.3
220220261745  0.174  4.7  55.0  8.0  0.74  4.5  28.3
220220261746  0.172  4.9  56.7  8.0  0.72  4.9  28.3
220220261747  0.173  4.9  56.7  8.0  0.75  8.2  28.3
220220261748  0.171  4.8  56.8  8.0  0.61  6.3  28.3
220220261749  0.171  4.9  57.4  8.0  0.66  4.5  28.3
220220261750  0.172  5.1  58.0  8.0  0.62  1.9  28.3
220220261751  0.174  5.0  57.4  8.0  0.59  1.4  28.3
220220261752  0.173  4.8  57.5  8.0  0.69  2.2  28.3
220220261753  0.174  4.7  57.8  8.0  0.69  4.2  28.3
220220261754  0.176  4.7  59.4  8.0  0.62  358.5  28.3
220220261755  0.176  4.5  60.9  7.4  0.57  356.5  28.3
220220261756  0.178  4.2  60.6  6.4  0.63  5.4  28.3
220220261757  0.180  4.3  62.0  6.4  0.53  2.4  28.3
220220261758  0.181  4.5  63.5  6.7  0.59  359.0  28.4
220220261759  0.182  4.4  64.0  7.6  0.64  3.2  28.4
220220261800  0.184  4.4  63.9  7.6  0.64  359.3  28.3
220220261801  0.186  4.6  67.1  7.6  0.58  359.6  28.4
220220261802  0.187  4.7  66.7  7.6  0.56  4.2  28.4
220220261803  0.189  4.9  67.5  7.6  0.59  358.8  28.4
220220261804  0.192  5.1  67.4  7.6  0.50  5.6  28.4
220220261805  0.194  5.3  65.3  7.6  0.57  4.3  28.4
220220261806  0.198  5.3  64.1  7.6  0.61  3.8  28.4
220220261807  0.199  5.3  62.5  7.6  0.49  355.2  28.4
220220261808  0.202  5.1  61.3  7.6  0.49  5.0  28.4
220220261809  0.203  5.1  60.3  6.8  0.39  357.5  28.4
220220261810  0.207  5.1  60.0  6.8  0.39  359.3  28.4
220220261811  0.209  5.2  59.5  7.2  0.56  4.6  28.4
220220261812  0.211  5.2  60.9  7.2  0.51  359.1  28.4
220220261813  0.216  5.0  59.8  7.2  0.52  1.2  28.4
220220261814  0.221  4.9  59.4  7.2  0.44  2.6  28.4
220220261815  0.225  4.9  60.4  7.2  0.39  2.5  28.4
220220261816  0.228  4.7  61.1  7.2  0.43  3.0  28.4
220220261817  0.231  4.6  62.4  7.2  0.36  2.2  28.4
220220261818  0.235  4.6  62.2  7.2  0.49  5.0  28.4
220220261819  0.239  4.5  62.1  7.2  0.49  4.7  28.4
220220261820  0.243  4.4  61.2  7.2  0.43  4.8  28.4
220220261821  0.249  4.3  59.5  6.6  0.33  353.4  28.4
220220261822  0.253  4.2  56.7  6.5  0.39  356.2  28.4
220220261823  0.257  4.3  56.9  6.5  0.30  353.3  28.4
220220261824  0.262  4.2  56.0  6.5  0.30  4.0  28.4
220220261825  0.266  4.2  55.3  7.2  0.25  358.4  28.4
220220261826  0.271  4.3  55.4  7.2  0.21  340.1  28.4
220220261827  0.276  4.5  55.7  7.2  0.31  359.5  28.4
220220261828  0.278  4.7  55.6  7.2  0.20  9.5  28.4
220220261829  0.282  4.7  56.1  7.2  0.35  351.5  28.4
220220261830  0.286  4.7  56.5  7.8  0.16  3.7  28.4
220220261831  0.289  4.7  58.5  7.8  0.31  1.1  28.4
220220261832  0.292  4.7  59.5  7.8  0.32  358.1  28.4
220220261833  0.295  4.7  60.2  7.8  0.13  4.7  28.4
220220261834  0.297  4.9  61.6  7.8  0.11  347.5  28.4
220220261835  0.299  5.0  61.2  7.8  0.25  1.9  28.4
220220261836  0.301  5.1  59.9  7.8  0.21  10.0  28.4
220220261837  0.303  5.2  57.9  8.1  0.21  355.1  28.4
220220261838  0.306  5.2  57.9  8.1  0.14  9.2  28.4
220220261839  0.306  5.4  57.5  8.1  0.19  351.0  28.4
220220261840  0.308  5.2  58.2  8.1  0.23  358.7  28.4
220220261841  0.310  5.2  57.0  8.1  0.29  2.4  28.4
220220261842  0.312  5.3  56.0  8.1  0.13  6.6  28.4
220220261843  0.313  5.5  55.2  8.1  0.04  250.9  28.4
220220261844  0.315  5.3  53.3  8.1  0.21  4.7  28.4
220220261845  0.317  5.2  53.1  8.1  0.17  349.4  28.4
220220261846  0.319  5.3  54.4  8.1  0.14  357.6  28.4
220220261847  0.321  5.3  55.7  7.6  0.15  359.4  28.4
220220261848  0.322  5.4  56.6  7.6  0.20  9.4  28.4
220220261849  0.324  5.4  55.9  7.6  0.21  357.4  28.4
220220261850  0.327  5.5  54.2  7.6  0.15  356.3  28.4
220220261851  0.328  5.6  54.0  7.6  0.13  344.2  28.4
220220261852  0.331  5.7  53.5  7.6  0.13  357.7  28.4
220220261853  0.331  5.6  52.9  7.6  0.07  314.1  28.4
220220261854  0.334  5.6  53.8  7.6  0.11  5.8  28.4
220220261855  0.335  5.6  54.9  7.6  0.06  21.0  28.4
220220261856  0.339  5.5  55.4  7.6  0.07  345.6  28.4
220220261857  0.341  5.3  55.0  7.6  0.04  214.2  28.4
220220261858  0.344  5.2  56.1  7.4  0.06  175.1  28.4
220220261859  0.346  5.2  58.2  9.2  0.05  329.4  28.4
220220261900  0.348  5.4  59.0  9.8  0.07  8.5  28.4
220220261901  0.350  5.6  58.6  9.8  0.14  318.9  28.4
220220261902  0.352  5.7  59.0  9.8  0.03  219.7  28.4
220220261903  0.355  5.7  58.9  9.8  0.07  211.8  28.4
220220261904  0.357  5.9  58.9  9.8  0.13  322.6  28.4
220220261905  0.360  5.9  58.2  9.8  0.12  358.3  28.4
220220261906  0.361  6.0  57.2  9.8  0.05  235.0  28.4
220220261907  0.363  6.1  57.6  9.8  0.07  310.4  28.4
220220261908  0.365  6.2  56.7  9.8  0.07  304.6  28.4
220220261909  0.367  6.2  55.3  9.8  0.02  250.9  28.4
220220261910  0.369  6.0  55.2  8.4  0.06  281.7  28.4
220220261911  0.374  5.7  55.8  8.0  0.08  265.3  28.4
220220261912  0.376  5.7  56.4  8.0  0.07  233.9  28.4
220220261913  0.378  5.7  56.6  8.0  0.06  276.4  28.4
220220261914  0.381  5.6  56.1  8.0  0.09  289.0  28.4
220220261915  0.384  5.4  55.5  7.8  0.12  222.9  28.4
220220261916  0.388  5.2  54.7  7.8  0.07  218.0  28.4
220220261917  0.391  5.2  54.6  7.8  0.07  217.3  28.4
220220261918  0.394  5.2  55.4  7.8  0.07  200.3  28.4
220220261919  0.396  5.2  55.1  7.2  0.06  287.4  28.4
220220261920  0.400  5.2  55.4  7.2  0.12  207.6  28.4
220220261921  0.403  5.3  54.4  7.2  0.10  200.9  28.4
220220261922  0.406  5.2  54.9  7.2  0.14  229.9  28.3
220220261923  0.411  5.2  55.1  7.2  0.12  194.7  28.3
220220261924  0.414  5.1  55.1  7.2  0.25  187.8  28.3
220220261925  0.420  5.1  54.9  7.2  0.23  216.6  28.3
220220261926  0.423  5.0  55.8  7.2  0.16  204.5  28.3
220220261927  0.428  4.9  55.8  7.2  0.28  207.1  28.3
220220261928  0.434  4.7  54.5  7.2  0.26  204.2  28.3
220220261929  0.439  4.6  54.5  7.2  0.29  201.5  28.3
220220261930  0.444  4.8  55.1  8.3  0.34  212.0  28.3
220220261931  0.451  5.0  56.7  8.8  0.26  202.1  28.3
220220261932  0.457  5.0  55.9  8.8  0.32  199.9  28.3
220220261933  0.463  5.1  56.5  8.8  0.21  192.1  28.2
220220261934  0.472  5.3  56.5  8.8  0.26  189.6  28.2
220220261935  0.477  5.5  57.3  8.8  0.34  200.0  28.2
220220261936  0.485  5.6  57.8  8.8  0.26  191.7  28.2
220220261937  0.490  5.8  57.6  8.8  0.34  193.3  28.2
220220261938  0.496  6.0  57.7  8.8  0.31  189.3  28.2
220220261939  0.501  6.1  57.5  8.8  0.33  186.7  28.2
220220261940  0.508  6.1  57.4  8.8  0.39  192.3  28.2
220220261941  0.513  6.0  57.1  9.5  0.33  190.7  28.2
220220261942  0.519  6.0  58.1  9.5  0.17  181.2  28.2
220220261943  0.525  5.9  58.6  9.5  0.28  188.4  28.2
220220261944  0.531  6.0  59.6  9.5  0.40  181.0  28.2
220220261945  0.537  5.9  59.5  9.5  0.38  188.8  28.2
220220261946  0.544  5.9  60.5  9.5  0.27  182.3  28.2
220220261947  0.551  5.7  60.1  9.5  0.46  190.0  28.2
220220261948  0.558  5.6  59.2  9.5  0.43  184.0  28.2
220220261949  0.564  5.5  59.3  9.5  0.43  189.0  28.2
220220261950  0.572  5.2  59.3  9.5  0.43  189.0  28.2
220220261951  0.580  5.1  58.5  8.3  0.33  191.0  28.2
220220261952  0.587  5.0  56.1  8.3  0.39  191.1  28.2
220220261953  0.594  5.0  53.9  7.6  0.52  189.1  28.2
220220261954  0.601  4.9  51.3  7.2  0.50  187.6  28.2
220220261955  0.605  5.1  51.0  8.3  0.59  186.0  28.2
220220261956  0.611  5.2  48.3  8.3  0.56  184.2  28.2
220220261957  0.617  5.3  48.6  8.3  0.64  182.0  28.2
220220261958  0.621  5.2  49.7  8.3  0.57  179.7  28.1
220220261959  0.626  5.3  51.1  8.3  0.57  180.6  28.1
220220262000  0.631  5.5  51.7  8.3  0.55  178.6  28.1
220220262001  0.637  5.5  53.9  8.3  0.57  174.7  28.1
220220262002  0.642  5.5  55.9  8.3  0.55  178.3  28.1
220220262003  0.647  5.4  56.9  8.3  0.49  178.6  28.1
220220262004  0.653  5.4  58.2  8.3  0.54  172.7  28.1
220220262005  0.658  5.4  59.3  8.1  0.37  178.6  28.1
220220262006  0.664  5.3  60.0  8.1  0.64  184.4  28.1
220220262007  0.670  5.3  60.8  8.1  0.53  174.9  28.1
220220262008  0.675  5.5  61.0  8.1  0.52  186.8  28.1
220220262009  0.679  5.5  59.3  8.1  0.52  181.6  28.1
220220262010  0.683  5.3  58.1  8.1  0.59  184.1  28.1
220220262011  0.688  5.1  55.0  8.1  0.39  169.2  28.1
220220262012  0.691  5.1  53.6  8.1  0.54  181.9  28.1
220220262013  0.695  5.0  52.1  8.1  0.62  184.2  28.1
220220262014  0.699  4.9  50.0  8.1  0.53  180.2  28.1
220220262015  0.702  4.8  47.2  7.7  0.53  174.3  28.1
220220262016  0.705  4.8  48.3  7.7  0.65  180.2  28.1
220220262017  0.707  4.7  47.5  7.7  0.66  178.9  28.1
220220262018  0.710  4.6  46.3  6.8  0.56  176.9  28.1
220220262019  0.711  4.7  45.6  7.3  0.64  175.3  28.1
220220262020  0.714  4.9  44.5  7.5  0.59  174.6  28.1
220220262021  0.716  4.8  44.9  7.5  0.48  177.1  28.1
220220262022  0.720  4.8  44.5  7.5  0.59  173.9  28.1
220220262023  0.722  5.0  45.3  7.5  0.61  175.6  28.1
220220262024  0.726  5.0  46.8  7.5  0.49  174.6  28.1
220220262025  0.727  5.0  49.1  7.5  0.51  175.8  28.1
220220262026  0.731  4.8  49.1  7.5  0.58  176.7  28.1
220220262027  0.734  4.7  49.5  7.5  0.54  172.5  28.1
220220262028  0.736  4.7  51.3  7.5  0.59  178.3  28.1
220220262029  0.739  4.6  54.8  7.5  0.52  178.6  28.1
220220262030  0.743  4.5  57.0  6.0  0.63  185.9  28.1
220220262031  0.746  4.5  57.6  6.7  0.54  177.5  28.1
220220262032  0.749  4.5  57.6  6.7  0.59  177.1  28.1
220220262033  0.751  4.4  57.8  6.7  0.69  173.7  28.1
220220262034  0.752  4.5  57.6  6.7  0.64  176.4  28.1
220220262035  0.756  4.4  57.5  6.8  0.66  174.2  28.1
220220262036  0.760  4.7  57.5  7.8  0.78  176.8  28.1
220220262037  0.763  4.8  56.6  7.8  0.77  172.9  28.1
220220262038  0.766  4.9  55.3  7.8  0.80  176.4  28.1
220220262039  0.770  4.9  53.5  7.8  0.73  168.0  28.1
220220262040  0.774  4.8  52.9  7.8  0.84  173.9  28.1
220220262041  0.777  4.8  53.4  7.8  0.82  172.2  28.1
220220262042  0.783  4.8  54.2  7.8  0.83  172.3  28.1
220220262043  0.788  4.7  54.7  7.8  0.81  172.8  28.1
220220262044  0.794  4.9  55.6  7.8  0.82  168.6  28.1
220220262045  0.799  4.9  55.5  7.8  0.94  173.6  28.1
220220262046  0.803  4.9  54.5  7.7  0.92  169.7  28.1
220220262047  0.807  4.9  55.1  7.7  0.99  169.8  28.1
220220262048  0.811  4.9  53.5  7.3  0.98  170.3  28.1
220220262049  0.816  5.0  54.1  7.3  0.91  169.3  28.1
220220262050  0.820  5.3  54.9  7.5  0.89  170.9  28.1
220220262051  0.825  5.3  54.5  7.5  0.77  166.6  28.1
220220262052  0.830  5.5  55.4  7.5  0.98  168.4  28.1
220220262053  0.837  5.6  55.0  7.5  0.90  170.4  28.0
220220262054  0.841  5.5  52.8  7.5  0.79  164.8  28.0
220220262055  0.846  5.5  51.1  7.5  0.91  169.6  28.0
220220262056  0.851  5.5  49.7  7.5  0.79  163.3  28.0
220220262057  0.856  5.4  49.1  7.5  0.97  171.6  28.0
220220262058  0.862  5.3  49.0  7.5  0.87  166.4  28.0
220220262059  0.869  5.2  47.1  7.5  0.83  168.5  28.0
220220262100  0.876  4.9  44.9  7.1  0.82  169.6  28.0
220220262101  0.882  4.7  43.8  7.1  0.92  169.8  28.0
220220262102  0.887  4.6  40.7  7.1  0.80  168.5  28.0
220220262103  0.893  4.5  40.2  7.1  0.91  170.0  28.0
220220262104  0.900  4.3  41.4  6.9  0.86  170.9  28.0
220220262105  0.907  4.5  42.5  7.0  0.92  173.9  28.0
220220262106  0.914  4.5  43.9  7.7  0.89  170.3  28.0
220220262107  0.923  4.6  43.8  7.7  0.84  176.3  28.0
220220262108  0.928  4.7  45.6  7.7  0.87  176.7  28.0
220220262109  0.936  4.7  47.0  7.7  0.77  177.8  28.0
220220262110  0.943  4.8  47.8  7.7  0.88  183.6  28.0
220220262111  0.950  5.0  48.7  7.7  0.86  185.3  28.0
220220262112  0.955  5.0  50.3  7.7  0.78  186.7  28.0
220220262113  0.962  4.9  50.4  7.7  0.82  185.1  28.0
220220262114  0.968  5.1  49.9  7.7  0.74  181.9  28.0
220220262115  0.975  4.9  50.2  7.7  0.84  184.6  28.0
220220262116  0.983  4.8  49.8  7.5  0.94  185.6  28.0
220220262117  0.990  4.7  49.0  6.7  0.91  184.5  28.0
220220262118  0.997  4.6  47.3  6.7  0.88  186.7  28.0
220220262119  1.004  4.6  45.8  6.7  0.91  188.3  27.9
220220262120  1.011  4.5  47.7  6.8  0.92  187.9  27.9
220220262121  1.017  4.6  48.0  6.8  0.79  189.4  27.9
220220262122  1.024  4.7  48.6  6.8  0.84  190.7  27.9
220220262123  1.032  4.8  50.2  6.8  0.64  183.1  27.9
220220262124  1.038  4.7  51.4  6.8  0.84  183.7  27.9
220220262125  1.046  4.7  51.5  6.8  0.85  185.9  27.9
220220262126  1.051  4.6  52.3  6.8  0.88  187.0  27.9
220220262127  1.057  4.5  54.1  6.8  0.80  192.5  28.0
220220262128  1.063  4.4  56.3  6.8  0.63  188.6  28.0
220220262129  1.068  4.2  58.4  6.8  0.69  190.8  28.0
220220262130  1.073  4.1  56.8  6.8  0.82  188.8  28.0
220220262131  1.077  4.1  56.0  6.8  0.69  188.9  28.0
220220262132  1.083  4.0  56.4  6.3  0.89  193.3  28.0
220220262133  1.088  4.0  56.2  6.3  0.86  189.7  27.9
220220262134  1.093  4.1  57.1  6.3  0.75  184.9  27.9
220220262135  1.100  4.2  58.1  6.3  0.89  188.6  27.9
220220262136  1.103  4.1  57.5  6.3  0.92  187.8  27.9
220220262137  1.107  4.2  56.8  6.3  0.94  184.2  27.9
220220262138  1.112  4.3  56.7  6.3  0.95  179.2  27.9
220220262139  1.116  4.4  58.6  6.5  0.90  179.5  27.9
220220262140  1.120  4.6  59.5  6.5  0.94  181.9  27.9
220220262141  1.126  4.5  61.1  6.5  0.95  181.4  27.9
220220262142  1.130  4.6  60.6  6.5  0.88  178.5  27.9
220220262143  1.135  4.7  60.8  6.5  0.89  179.1  27.9
220220262144  1.138  4.6  60.8  6.5  0.94  177.5  27.9
220220262145  1.142  4.6  61.0  6.5  0.83  175.4  27.9
220220262146  1.145  4.8  61.8  6.5  0.85  178.5  27.9
220220262147  1.148  4.9  61.0  6.5  0.87  172.0  27.8
220220262148  1.152  4.9  60.1  6.5  0.94  177.2  27.8
220220262149  1.154  4.9  57.4  6.5  0.84  176.9  27.8
220220262150  1.160  4.7  56.9  6.5  0.87  176.5  27.8
220220262151  1.162  4.7  55.5  6.5  1.03  181.2  27.8
220220262152  1.165  4.6  54.9  6.5  0.95  179.8  27.9
220220262153  1.168  4.6  55.1  6.7  0.89  183.6  27.9
220220262154  1.170  4.6  54.2  6.7  0.83  180.9  27.8
220220262155  1.172  4.5  53.2  6.7  0.74  180.7  27.8
220220262156  1.175  4.4  53.1  6.7  0.92  180.4  27.8
220220262157  1.178  4.3  54.2  6.7  0.72  176.2  27.8
220220262158  1.180  4.3  54.8  6.7  0.85  175.4  27.8
220220262159  1.182  4.2  54.9  6.7  0.87  172.8  27.8
220220262200  1.186  4.3  56.0  6.7  0.95  174.3  27.8
220220262201  1.187  4.3  57.1  6.7  0.81  170.2  27.8
220220262202  1.191  4.3  56.2  6.9  0.80  173.2  27.8
220220262203  1.192  4.4  53.9  6.9  0.87  177.0  27.8
220220262204  1.195  4.5  55.1  6.9  0.97  174.5  27.8
220220262205  1.198  4.6  55.5  6.9  0.86  176.9  27.8
220220262206  1.201  4.8  56.2  6.9  0.94  175.6  27.8
220220262207  1.204  4.7  56.9  6.9  0.85  171.5  27.8
220220262208  1.206  4.6  56.4  6.9  0.81  174.1  27.7
220220262209  1.207  4.6  57.4  6.9  0.83  173.3  27.7
220220262210  1.211  4.5  58.4  6.9  0.81  172.5  27.7
220220262211  1.213  4.6  58.2  6.9  0.85  180.2  27.7
220220262212  1.216  4.9  59.5  8.4  0.79  174.4  27.7
220220262213  1.218  4.9  61.4  8.4  0.85  178.1  27.7
220220262214  1.222  5.1  59.3  8.4  0.76  175.0  27.7
220220262215  1.226  4.9  59.9  8.4  0.90  176.7  27.7
220220262216  1.229  4.9  59.6  8.4  0.80  173.0  27.7
220220262217  1.230  4.9  60.1  8.4  0.84  175.2  27.7
220220262218  1.232  5.0  61.5  8.4  0.64  169.4  27.7
220220262219  1.235  5.1  62.6  8.4  0.76  172.1  27.7
220220262220  1.238  5.1  60.6  8.4  0.81  176.3  27.7
220220262221  1.241  5.2  59.9  8.4  0.74  173.8  27.6
220220262222  1.245  4.9  59.0  8.4  0.84  174.9  27.6
220220262223  1.248  4.7  58.1  7.6  0.78  174.5  27.6
220220262224  1.252  4.6  58.4  7.2  0.76  176.0  27.6
220220262225  1.254  4.6  56.9  7.2  0.69  175.7  27.6
220220262226  1.257  4.4  56.2  7.2  0.74  178.4  27.6
220220262227  1.260  4.5  55.1  7.2  0.83  179.7  27.6
220220262228  1.263  4.6  54.1  7.2  0.80  178.9  27.6
220220262229  1.266  4.7  52.5  7.2  0.76  179.7  27.6
220220262230  1.270  4.7  52.3  6.9  0.72  175.1  27.6
220220262231  1.275  4.7  53.0  6.9  0.81  173.7  27.6
220220262232  1.277  4.6  53.6  6.9  0.83  173.2  27.6
220220262233  1.282  4.6  53.9  6.9  0.89  177.8  27.6
220220262234  1.286  4.6  55.7  6.9  0.88  176.7  27.7
220220262235  1.291  4.7  57.0  6.9  0.82  176.8  27.7
220220262236  1.294  4.8  57.7  6.9  0.87  178.9  27.7
220220262237  1.299  4.7  58.1  6.9  0.75  174.3  27.7
220220262238  1.302  4.6  58.9  6.8  0.83  174.0  27.7
220220262239  1.307  4.4  59.2  6.8  0.87  176.8  27.7
220220262240  1.314  4.4  59.6  7.0  0.79  172.7  27.7
220220262241  1.319  4.5  58.0  7.0  0.88  175.9  27.7
220220262242  1.325  4.4  57.9  7.0  0.74  173.5  27.7
220220262243  1.330  4.5  58.8  7.0  1.00  177.1  27.7
220220262244  1.334  4.6  58.7  7.0  0.93  176.4  27.7
220220262245  1.339  4.4  58.3  7.0  0.99  174.2  27.7
220220262246  1.343  4.4  58.2  7.0  0.92  173.6  27.7
220220262247  1.348  4.2  58.4  7.0  0.90  175.6  27.6
220220262248  1.353  4.0  57.6  7.0  0.87  175.4  27.6
220220262249  1.359  4.1  57.9  7.0  0.95  176.9  27.6
220220262250  1.365  3.8  58.6  6.4  0.96  176.7  27.6
220220262251  1.370  3.6  60.2  6.4  0.97  178.6  27.6
220220262252  1.375  3.5  61.1  6.4  0.92  175.1  27.6
220220262253  1.379  3.5  60.9  6.4  1.00  174.7  27.6
220220262254  1.384  3.6  60.8  7.2  0.97  173.2  27.6
220220262255  1.388  3.7  62.4  7.2  0.97  175.5  27.6
220220262256  1.393  3.8  64.4  7.2  0.91  177.3  27.6
220220262257  1.397  4.0  64.0  7.2  0.90  177.3  27.6
220220262258  1.401  4.1  65.0  7.2  0.92  174.1  27.6
220220262259  1.405  4.1  66.1  7.2  0.92  178.0  27.6
220220262300  1.409  4.2  66.2  7.2  0.83  174.2  27.6
220220262301  1.412  4.3  67.2  7.2  0.90  179.2  27.6
220220262302  1.415  4.4  67.9  7.2  0.88  176.6  27.6
220220262303  1.418  4.3  67.8  7.2  0.71  180.0  27.6
220220262304  1.423  4.1  67.2  6.5  0.73  181.0  27.6
220220262305  1.426  3.8  67.4  5.8  0.70  184.1  27.6
220220262306  1.429  3.7  65.5  5.8  0.70  184.9  27.6
220220262307  1.431  3.7  65.5  5.7  0.69  180.1  27.6
220220262308  1.435  3.8  67.1  6.4  0.72  180.5  27.6
220220262309  1.437  3.8  66.6  6.4  0.75  181.5  27.6
220220262310  1.440  3.9  65.5  6.4  0.66  181.7  27.6
220220262311  1.444  3.9  64.2  6.4  0.87  183.5  27.6
220220262312  1.446  3.8  63.7  6.4  0.76  178.4  27.6
220220262313  1.449  3.8  65.0  6.4  0.82  177.6  27.6
220220262314  1.451  3.8  66.6  6.4  0.81  176.9  27.6
220220262315  1.454  3.8  65.9  6.4  0.90  178.2  27.6
220220262316  1.455  3.7  65.7  6.4  0.90  175.9  27.6
220220262317  1.457  3.6  65.2  6.4  0.81  175.6  27.6
220220262318  1.460  3.4  62.7  6.1  0.85  175.2  27.6
220220262319  1.461  3.4  61.6  6.1  0.82  181.3  27.6
220220262320  1.463  3.4  63.9  6.6  0.86  177.8  27.6
220220262321  1.465  3.5  64.7  6.6  0.84  175.8  27.6
220220262322  1.465  3.5  65.4  6.6  0.73  173.0  27.6
220220262323  1.468  3.5  63.2  6.6  0.82  178.8  27.6
220220262324  1.469  3.6  62.2  6.6  0.77  176.0  27.6
220220262325  1.470  3.7  61.5  6.6  0.88  177.9  27.6
220220262326  1.471  3.9  60.8  6.6  0.68  174.1  27.6
220220262327  1.471  4.1  61.8  6.6  0.77  174.5  27.6
220220262328  1.472  4.1  61.9  6.6  0.69  180.1  27.6
220220262329  1.473  4.1  61.4  6.6  0.69  172.0  27.6
220220262330  1.474  4.1  59.6  6.0  0.64  175.2  27.6
220220262331  1.475  4.0  59.1  6.0  0.67  180.2  27.6
220220262332  1.475  4.0  57.8  6.0  0.57  176.2  27.5
220220262333  1.474  4.0  58.6  6.0  0.60  184.8  27.5
220220262334  1.473  3.9  58.5  6.0  0.52  180.1  27.5
220220262335  1.472  3.8  59.9  6.0  0.66  176.5  27.5
220220262336  1.471  3.6  62.5  6.0  0.43  158.6  27.5
220220262337  1.469  3.5  61.8  5.8  0.67  172.6  27.5
220220262338  1.470  3.6  62.1  5.8  0.56  171.6  27.5
220220262339  1.469  3.7  61.8  5.8  0.63  173.7  27.5
220220262340  1.467  3.8  62.1  6.3  0.60  178.4  27.5
220220262341  1.467  3.9  58.8  6.3  0.37  168.7  27.5
220220262342  1.466  4.1  56.8  6.6  0.58  176.9  27.5
220220262343  1.466  4.1  55.8  6.6  0.52  167.4  27.4
220220262344  1.465  nan  nan  nan  0.65  177.0  27.4
220220262345  1.466  4.4  55.5  6.6  0.61  168.2  27.4
220220262346  1.465  4.5  54.0  6.6  0.59  172.4  27.4
220220262347  1.464  4.6  54.3  6.6  0.54  173.5  27.4
220220262348  1.464  4.4  53.9  6.6  0.49  173.2  27.4
220220262349  1.464  4.3  54.1  6.6  0.43  168.5  27.4
220220262350  1.463  4.1  54.1  6.6  0.50  165.4  27.4
220220262351  1.463  3.9  57.0  6.6  0.51  168.0  27.4
220220262352  1.463  3.7  59.7  6.4  0.46  160.6  27.4
220220262353  1.462  3.5  60.8  6.4  0.46  165.6  27.4
220220262354  1.462  3.1  62.8  5.5  0.52  162.2  27.3
220220262355  1.461  2.7  65.2  5.5  0.50  165.9  27.3
220220262356  1.461  2.4  69.3  5.5  0.43  168.7  27.3
220220262357  1.462  2.2  73.4  4.1  0.49  166.4  27.3
220220262358  1.461  2.1  77.4  4.1  0.41  164.8  27.3
220220262359  1.460  1.9  83.0  4.1  0.48  167.7  27.3
230220260000  1.459  1.6  90.2  3.0  0.38  168.3  27.3
230220260001  1.458  1.6  99.5  2.9  0.46  172.1  27.3
230220260002  1.458  1.5  105.9  2.9  0.49  172.1  27.3
230220260003  1.458  1.3  114.9  2.9  0.40  153.1  27.3
230220260004  1.456  1.3  118.9  2.9  0.38  163.3  27.3
230220260005  1.456  1.3  123.3  2.9  0.46  163.9  27.3
230220260006  1.455  1.2  126.4  2.9  0.57  170.4  27.3
230220260007  1.454  1.0  136.8  2.9  0.48  168.9  27.3
230220260008  1.453  0.8  151.4  2.9  0.51  166.9  27.3
230220260009  1.453  0.8  156.7  2.9  0.53  166.8  27.3
230220260010  1.452  0.7  155.9  2.9  0.50  167.5  27.4
230220260011  1.451  0.5  170.1  1.7  0.45  170.6  27.3
230220260012  1.451  0.4  162.0  2.9  0.42  173.7  27.3
230220260013  1.450  0.4  132.9  2.9  0.48  165.1  27.3
230220260014  1.449  0.5  99.6  2.9  0.34  159.9  27.3
230220260015  1.449  0.6  80.5  2.9  0.45  164.2  27.3
230220260016  1.448  0.9  70.5  4.4  0.41  168.1  27.3
230220260017  1.449  1.3  64.8  4.4  0.39  167.8  27.2
230220260018  1.450  1.7  61.9  4.4  0.31  161.8  27.2
230220260019  1.450  2.0  60.8  4.4  0.29  165.7  27.2
230220260020  1.451  2.3  56.5  5.2  0.43  171.7  27.2
230220260021  1.452  2.9  48.6  7.8  0.40  165.7  27.2
230220260022  1.453  3.2  41.8  7.8  0.46  169.8  27.2
230220260023  1.454  3.6  38.0  7.8  0.29  158.0  27.2
230220260024  1.456  4.0  35.0  7.8  0.32  154.8  27.2
230220260025  1.457  4.3  33.1  7.8  0.40  165.1  27.2
230220260026  1.460  4.6  31.5  7.8  0.25  149.4  27.2
230220260027  1.461  4.8  29.9  7.8  0.42  165.1  27.1
230220260028  1.462  5.2  29.1  7.8  0.45  167.0  27.1
230220260029  1.463  5.4  28.2  7.8  0.39  156.2  27.1
230220260030  1.464  5.4  28.0  7.8  0.54  167.7  27.1
230220260031  1.466  5.3  29.3  7.7  0.53  169.4  27.1
230220260032  1.467  5.3  31.2  7.7  0.49  173.6  27.1
230220260033  1.468  5.2  31.3  7.7  0.49  172.7  27.1
230220260034  1.469  5.1  31.8  7.3  0.52  168.9  27.1
230220260035  1.469  5.1  30.6  7.3  0.50  170.0  27.1
230220260036  1.469  5.0  29.7  7.2  0.50  165.1  27.1
230220260037  1.469  5.0  28.8  7.2  0.47  174.3  27.1
230220260038  1.468  4.8  27.6  7.2  0.54  168.6  27.1
230220260039  1.468  4.7  27.5  7.2  0.45  166.7  27.1
230220260040  1.467  4.7  28.9  7.2  0.42  167.2  27.1
230220260041  1.465  4.4  31.0  7.0  0.53  172.4  27.1
230220260042  1.463  4.5  32.3  7.0  0.42  171.4  27.1
230220260043  1.461  4.6  33.8  7.2  0.51  178.5  27.1
230220260044  1.460  4.7  33.9  7.2  0.50  170.7  27.1
230220260045  1.459  4.7  36.4  7.2  0.40  173.4  27.1
230220260046  1.458  4.6  38.7  7.2  0.43  172.3  27.1
230220260047  1.456  4.6  41.3  7.2  0.36  166.5  27.1
230220260048  1.455  4.9  41.8  7.5  0.41  160.3  27.1
230220260049  1.453  5.0  41.8  7.5  0.37  165.0  27.1
230220260050  1.452  5.4  40.2  8.7  0.37  177.0  27.1
230220260051  1.451  5.5  39.2  8.7  0.35  159.1  27.1
230220260052  1.450  5.5  39.7  8.7  0.41  161.6  27.1
230220260053  1.449  5.5  41.2  8.7  0.26  163.8  27.1
230220260054  1.447  5.5  42.7  8.7  0.38  164.0  27.1
230220260055  1.445  5.6  44.8  8.7  0.40  161.3  27.1
230220260056  1.443  5.6  45.2  8.7  0.34  164.8  27.1
230220260057  1.440  5.6  44.5  8.7  0.22  173.8  27.1
230220260058  1.438  5.4  46.7  8.7  0.05  97.8  27.1
230220260059  1.437  5.3  48.3  8.7  0.33  172.3  27.1
230220260100  1.433  5.1  49.3  7.1  0.28  177.2  27.1
230220260101  1.430  5.2  48.2  8.0  0.28  173.3  27.1
230220260102  1.428  5.3  47.6  8.0  0.25  166.6  27.1
230220260103  1.425  5.3  46.5  8.5  0.30  164.8  27.1
230220260104  1.422  5.3  45.6  8.5  0.25  160.6  27.1
230220260105  1.419  5.4  43.7  8.5  0.20  176.8  27.1
230220260106  1.417  5.3  42.2  8.5  0.19  165.0  27.1
230220260107  1.414  5.5  42.2  8.5  0.24  176.2  27.1
230220260108  1.411  5.5  40.4  8.5  0.17  135.3  27.1
230220260109  1.408  5.6  38.7  8.5  0.24  161.1  27.1
230220260110  1.406  5.5  38.1  8.5  0.17  166.4  27.1
230220260111  1.403  5.4  38.8  8.5  0.20  175.8  27.1
230220260112  1.400  5.3  38.3  8.5  0.15  126.2  27.1
230220260113  1.396  5.3  38.4  7.7  0.17  110.5  27.1
230220260114  1.393  5.1  38.1  7.7  0.29  158.4  27.1
230220260115  1.390  4.9  37.6  7.7  0.23  168.6  27.1
230220260116  1.387  4.8  38.6  7.7  0.23  161.1  27.1
230220260117  1.385  4.8  39.7  7.7  0.13  131.1  27.1
230220260118  1.381  4.7  40.5  6.8  0.12  134.7  27.1
230220260119  1.377  4.7  41.7  6.8  0.13  123.1  27.1
230220260120  1.373  4.7  43.5  6.8  0.19  156.5  27.1
230220260121  1.369  4.8  44.0  6.8  0.13  135.1  27.1
230220260122  1.365  4.8  43.4  7.0  0.10  83.4  27.1
230220260123  1.361  4.8  43.8  7.0  0.15  136.1  27.1
230220260124  1.356  5.0  44.1  7.3  0.06  107.9  27.1
230220260125  1.353  5.0  45.5  7.3  0.09  122.9  27.1
230220260126  1.348  5.2  45.6  7.3  0.08  162.8  27.1
230220260127  1.344  5.2  45.4  7.5  0.08  151.8  27.1
230220260128  1.338  5.2  44.5  7.5  0.14  57.8  27.1
230220260129  1.334  5.2  43.9  7.5  0.11  147.8  27.1
230220260130  1.329  5.1  43.3  7.5  0.07  66.7  27.1
230220260131  1.324  5.0  43.9  7.5  0.11  34.8  27.1
230220260132  1.320  4.8  46.0  7.5  0.09  124.3  27.1
230220260133  1.316  4.8  46.7  7.5  0.10  59.0  27.1
230220260134  1.310  4.8  46.8  7.5  0.05  2.9  27.1
230220260135  1.306  4.8  44.0  7.5  0.14  357.3  27.1
230220260136  1.303  4.7  42.1  7.5  0.14  35.8  27.1
230220260137  1.297  4.7  40.7  7.4  0.03  125.0  27.1
230220260138  1.292  4.6  40.0  7.4  0.22  1.7  27.1
230220260139  1.289  4.6  41.4  7.4  0.16  11.4  27.1
230220260140  1.285  4.7  42.6  7.4  0.20  356.9  27.1
230220260141  1.280  4.8  41.8  7.4  0.14  342.0  27.1
230220260142  1.278  4.7  40.5  7.4  0.15  350.6  27.1
230220260143  1.274  4.7  39.1  7.4  0.16  343.4  27.1
230220260144  1.271  4.7  38.5  7.4  0.17  359.5  27.1
230220260145  1.268  4.6  38.8  6.6  0.10  359.1  27.1
230220260146  1.265  4.8  41.5  8.0  0.16  3.2  27.1
230220260147  1.262  4.8  41.9  8.0  0.20  6.6  27.1
230220260148  1.260  4.8  43.2  8.0  0.04  7.5  27.1
230220260149  1.256  4.8  42.5  8.0  0.06  331.1  27.1
230220260150  1.255  4.9  41.5  8.0  0.15  342.1  27.1
230220260151  1.253  4.9  42.1  8.0  0.13  5.7  27.1
230220260152  1.251  5.0  44.0  8.0  0.19  358.6  27.1
230220260153  1.249  5.1  44.6  8.0  0.06  60.0  27.1
230220260154  1.247  5.2  45.7  8.0  0.14  349.8  27.1
230220260155  1.244  5.3  47.0  8.2  0.07  350.6  27.1
230220260156  1.242  5.2  46.1  8.2  0.04  308.8  27.1
230220260157  1.240  5.2  47.2  8.2  0.04  358.7  27.1
230220260158  1.238  5.2  47.2  8.2  0.07  1.6  27.1
230220260159  1.237  5.3  47.2  8.2  0.08  17.9  27.1
230220260200  1.236  5.3  48.1  8.2  0.08  348.2  27.1
230220260201  1.235  5.5  47.9  8.2  0.09  321.4  27.1
230220260202  1.232  5.4  46.1  8.2  0.08  4.3  27.1
230220260203  1.230  5.3  46.0  8.2  nan  nan  nan
230220260204  1.229  5.3  45.3  8.2  0.04  7.5  27.1
230220260205  1.227  5.3  46.1  9.1  0.10  12.2  27.1
230220260206  1.224  5.3  47.0  9.1  0.05  219.7  27.1
230220260207  1.222  5.3  46.5  9.1  0.18  36.3  27.1
230220260208  1.220  5.3  46.5  9.1  nan  nan  nan
230220260209  1.218  5.3  46.4  9.1  0.03  225.5  27.1
230220260210  1.216  5.3  46.1  9.1  0.13  20.6  27.1
230220260211  1.214  5.2  45.9  9.1  0.03  346.4  27.1
230220260212  1.211  5.4  46.6  9.1  0.11  326.4  27.1
230220260213  1.208  5.6  45.9  9.1  0.15  359.4  27.1
230220260214  1.204  5.6  45.9  9.1  0.18  3.1  27.2
230220260215  1.200  5.5  45.9  8.1  0.24  0.7  27.2
230220260216  1.199  5.6  45.3  8.1  0.33  2.1  27.2
230220260217  1.196  5.8  45.4  9.7  0.23  14.4  27.2
230220260218  1.193  5.9  45.4  9.7  0.35  8.1  27.2
230220260219  1.192  6.0  45.1  9.7  0.27  21.8  27.2
230220260220  1.189  5.8  45.0  9.7  0.38  15.0  27.2
230220260221  1.186  5.7  45.0  9.7  0.36  23.0  27.2
230220260222  1.183  5.7  45.1  9.7  0.39  11.1  27.2
230220260223  1.178  5.7  46.7  9.7  0.31  10.7  27.3
230220260224  1.175  5.7  47.6  9.7  0.42  3.9  27.3
230220260225  1.169  5.6  46.8  9.7  0.41  8.4  27.3
230220260226  1.166  5.5  46.9  9.7  0.34  10.0  27.3
230220260227  1.161  5.3  46.0  9.1  0.33  0.6  27.3
230220260228  1.157  5.3  45.2  8.8  0.37  358.5  27.3
230220260229  1.153  5.2  45.4  8.8  0.32  12.1  27.3
230220260230  1.150  5.3  44.3  8.8  0.29  6.1  27.3
230220260231  1.144  5.4  42.5  8.8  0.38  7.4  27.3
230220260232  1.139  5.4  41.7  8.8  0.45  10.2  27.3
230220260233  1.133  5.4  40.0  8.8  0.59  9.8  27.3
230220260234  1.128  5.3  38.4  8.8  0.60  13.5  27.3
230220260235  1.123  5.3  37.0  8.8  0.60  12.2  27.3
230220260236  1.119  5.2  36.0  8.8  0.56  8.8  27.3
230220260237  1.115  5.5  35.4  8.8  0.73  13.8  27.2
230220260238  1.110  5.4  35.3  7.7  0.52  19.9  27.2
230220260239  1.105  5.4  35.0  7.7  0.58  15.9  27.2
230220260240  1.100  5.5  35.4  8.4  0.85  19.2  27.2
230220260241  1.095  5.4  36.8  8.4  0.54  14.9  27.2
230220260242  1.088  5.3  35.8  8.4  0.66  15.6  27.2
230220260243  1.084  5.4  35.4  8.4  0.64  13.5  27.2
230220260244  1.080  5.5  34.8  8.4  0.61  9.1  27.2
230220260245  1.076  5.7  34.4  8.4  0.64  12.8  27.3
230220260246  1.072  5.9  34.8  8.9  0.67  6.2  27.3
230220260247  1.067  5.9  35.9  8.9  0.76  12.3  27.3
230220260248  1.063  5.8  36.1  8.9  0.71  14.7  27.3
230220260249  1.058  5.9  37.3  8.9  0.64  9.5  27.3
230220260250  1.053  5.8  38.3  8.9  0.54  13.1  27.3
230220260251  1.047  5.8  40.4  8.9  0.68  10.3  27.3
230220260252  1.042  5.7  42.5  8.9  0.75  7.0  27.3
230220260253  1.037  5.6  45.5  8.9  0.69  12.1  27.3
230220260254  1.032  5.4  47.6  8.9  0.80  7.1  27.3
230220260255  1.028  5.2  50.5  8.9  0.65  3.3  27.3
230220260256  1.024  4.9  53.2  8.2  0.64  4.1  27.3
230220260257  1.020  4.7  56.5  7.2  0.65  5.2  27.3
230220260258  1.015  4.6  56.2  7.2  0.75  7.5  27.3
230220260259  1.010  4.4  55.3  7.0  0.68  2.0  27.3
230220260300  1.005  4.5  54.0  7.7  0.68  5.7  27.3
230220260301  1.001  4.4  51.2  7.7  0.68  7.9  27.3
230220260302  0.997  4.5  51.3  7.7  0.74  6.7  27.3
230220260303  0.993  4.4  49.0  7.7  0.64  6.2  27.3
230220260304  0.990  4.6  48.0  7.7  0.70  5.2  27.3
230220260305  0.988  4.9  47.6  7.7  0.69  7.4  27.3
230220260306  0.983  5.0  45.9  7.7  0.67  8.3  27.3
230220260307  0.979  5.0  43.7  7.7  0.71  3.1  27.3
230220260308  0.976  5.1  44.4  7.7  0.76  7.1  27.3
230220260309  0.971  5.1  45.1  7.7  0.64  359.0  27.3
230220260310  0.967  5.1  45.9  7.6  0.66  1.7  27.3
230220260311  0.964  5.1  46.7  7.6  0.68  1.0  27.3
230220260312  0.961  5.0  44.8  7.6  0.66  358.7  27.3
230220260313  0.955  5.0  44.8  7.6  0.60  355.6  27.3
230220260314  0.952  4.7  45.0  7.1  0.54  355.9  27.3
230220260315  0.947  4.4  45.8  7.0  0.63  358.2  27.3
230220260316  0.943  4.1  49.6  7.0  0.60  2.3  27.4
230220260317  0.940  3.6  55.1  7.0  0.55  358.1  27.4
230220260318  0.935  3.2  61.8  7.0  0.64  358.8  27.4
230220260319  0.932  2.8  71.2  7.0  0.66  5.4  27.4
230220260320  0.927  2.5  83.3  5.8  0.51  0.4  27.4
230220260321  0.923  2.3  101.5  5.2  0.58  3.7  27.4
230220260322  0.918  2.4  123.3  5.6  0.59  6.4  27.4
230220260323  0.915  2.7  139.7  5.6  0.56  8.4  27.4
230220260324  0.912  3.1  148.3  5.6  0.71  6.6  27.4
230220260325  0.908  3.5  155.4  5.6  0.62  12.2  27.4
230220260326  0.905  3.8  161.6  5.6  0.71  5.3  27.4
230220260327  0.900  3.9  165.9  5.6  0.68  10.7  27.4
230220260328  0.896  4.0  170.1  5.6  0.57  15.4  27.4
230220260329  0.892  4.1  173.9  5.6  0.67  13.7  27.4
230220260330  0.888  4.0  182.7  5.6  0.61  14.0  27.4
230220260331  0.885  3.9  188.4  5.6  0.59  7.0  27.4
230220260332  0.880  3.7  191.3  5.3  0.59  9.6  27.4
230220260333  0.879  3.7  195.6  5.3  0.57  18.1  27.4
230220260334  0.876  3.7  200.9  5.3  0.71  10.9  27.4
230220260335  0.875  3.8  204.7  5.3  0.71  14.7  27.4
230220260336  0.873  3.9  207.4  5.2  0.76  13.4  27.4
230220260337  0.869  3.8  208.3  5.0  0.67  14.8  27.4
230220260338  0.867  3.9  208.9  5.0  0.71  16.3  27.4
230220260339  0.865  3.9  209.2  5.0  0.74  14.8  27.4
230220260340  0.862  4.0  205.0  5.1  0.77  12.9  27.4
230220260341  0.857  4.2  203.3  5.3  0.73  16.1  27.4
230220260342  0.854  4.4  201.9  5.3  0.76  16.3  27.4
230220260343  0.852  4.4  199.9  5.3  0.78  13.4  27.4
230220260344  0.850  4.5  197.9  5.3  0.75  10.9  27.4
230220260345  0.847  4.4  195.3  5.3  0.58  17.0  27.4
230220260346  0.844  4.4  193.4  5.3  0.72  14.0  27.4
230220260347  0.839  4.4  192.8  5.3  0.64  16.3  27.4
230220260348  0.835  4.4  192.3  5.3  0.69  10.2  27.4
230220260349  0.830  4.4  192.5  5.3  0.58  16.1  27.4
230220260350  0.826  4.4  193.3  5.3  0.81  15.9  27.4
230220260351  0.822  4.4  194.1  5.4  0.67  11.7  27.4
230220260352  0.816  4.3  195.5  5.4  0.63  9.3  27.4
230220260353  0.812  4.2  197.6  5.4  0.73  6.5  27.4
230220260354  0.807  4.2  200.5  5.4  0.78  6.3  27.4
230220260355  0.804  4.3  204.7  5.7  0.72  3.9  27.4
230220260356  0.800  4.5  207.4  6.1  0.63  4.5  27.4
230220260357  0.794  4.7  209.6  6.1  0.76  8.4  27.4
230220260358  0.789  4.7  211.5  6.1  0.68  1.8  27.4
230220260359  0.785  4.8  213.7  6.1  0.82  3.2  27.4
230220260400  0.780  4.7  215.1  6.1  0.59  1.5  27.4
230220260401  0.775  4.6  215.1  6.1  0.70  2.0  27.4
230220260402  0.769  4.6  214.9  6.1  0.82  2.5  27.4
230220260403  0.765  4.6  214.0  6.1  0.63  359.8  27.4
230220260404  0.760  4.6  213.0  6.1  0.68  358.6  27.4
230220260405  0.755  4.5  211.5  6.1  0.79  357.7  27.5
230220260406  0.750  4.3  211.3  6.0  0.76  2.3  27.5
230220260407  0.745  4.2  211.7  5.6  0.77  359.1  27.5
230220260408  0.741  4.1  211.0  5.3  0.81  1.2  27.5
230220260409  0.736  4.1  209.5  5.0  0.76  0.1  27.5
230220260410  0.732  4.1  209.4  5.0  0.91  2.5  27.5
230220260411  0.730  4.2  210.2  5.0  0.74  359.6  27.5
230220260412  0.726  4.1  210.6  4.9  0.87  6.8  27.5
230220260413  0.721  4.1  210.4  4.9  0.85  1.8  27.5
230220260414  0.719  4.1  211.3  4.9  0.94  3.7  27.5
230220260415  0.714  4.1  212.9  4.9  0.92  4.3  27.5
230220260416  0.710  4.2  214.0  4.9  0.85  6.7  27.5
230220260417  0.704  4.1  215.0  4.9  1.01  4.9  27.5
230220260418  0.700  4.1  216.3  4.9  0.94  8.1  27.5
230220260419  0.697  4.2  217.1  5.2  1.02  9.5  27.5
230220260420  0.694  4.1  217.3  5.2  1.02  6.0  27.5
230220260421  0.691  4.1  216.6  5.2  1.03  8.8  27.5
230220260422  0.687  4.2  216.3  5.2  0.95  7.4  27.5
230220260423  0.685  4.2  217.7  5.2  0.81  5.3  27.5
230220260424  0.679  4.2  217.9  5.2  0.98  7.1  27.5
230220260425  0.675  4.3  217.7  5.2  0.94  7.4  27.5
230220260426  0.670  4.4  217.7  5.2  0.94  5.3  27.5
230220260427  0.666  4.4  216.9  5.2  1.07  6.5  27.5
230220260428  0.662  4.4  216.7  5.2  0.92  7.2  27.5
230220260429  0.659  4.4  216.8  5.2  0.96  9.3  27.5
230220260430  0.655  4.4  217.0  5.2  0.82  6.1  27.5
230220260431  0.654  4.4  218.7  5.2  0.97  8.7  27.5
230220260432  0.651  4.4  219.8  5.2  0.91  9.8  27.5
230220260433  0.649  4.4  220.3  5.4  0.87  11.0  27.5
230220260434  0.647  4.5  220.1  5.4  0.94  7.5  27.5
230220260435  0.644  4.6  219.2  5.5  0.84  6.7  27.5
230220260436  0.639  4.6  219.1  5.5  0.93  7.6  27.5
230220260437  0.636  4.6  219.4  5.5  0.98  10.5  27.5
230220260438  0.633  4.6  219.4  5.5  0.86  7.5  27.5
230220260439  0.630  4.7  218.8  5.5  0.94  11.2  27.5
230220260440  0.625  4.8  218.5  5.5  0.81  12.1  27.5
230220260441  0.623  4.8  216.9  5.5  0.79  5.1  27.5
230220260442  0.620  4.7  215.0  5.5  0.93  8.4  27.5
230220260443  0.616  4.6  211.4  5.5  0.83  8.1  27.5
230220260444  0.613  4.5  208.3  5.5  0.77  6.3  27.5
230220260445  0.610  4.5  207.6  5.2  0.86  6.8  27.5
230220260446  0.607  4.2  201.2  5.2  0.75  8.1  27.5
230220260447  0.604  4.1  193.9  6.1  0.72  10.2  27.5
230220260448  0.601  4.2  188.4  6.1  0.77  8.0  27.5
230220260449  0.597  4.1  184.0  6.1  0.70  7.8  27.5
230220260450  0.594  4.1  180.4  6.1  0.78  7.6  27.5
230220260451  0.592  4.3  177.7  6.1  0.80  10.0  27.5
230220260452  0.589  4.4  175.6  6.1  0.76  7.2  27.5
230220260453  0.587  4.3  175.9  6.1  0.76  9.6  27.5
230220260454  0.585  4.2  175.0  6.1  0.83  8.5  27.5
230220260455  0.582  4.1  172.1  6.1  0.72  6.6  27.5
230220260456  0.580  4.0  175.1  6.1  0.72  10.2  27.5
230220260457  0.576  3.8  176.3  5.9  0.86  10.0  27.5
230220260458  0.573  3.7  179.7  5.9  0.80  2.2  27.5
230220260459  0.568  3.7  182.2  5.9  0.74  7.8  27.5
230220260500  0.565  3.6  184.3  5.9  0.78  3.3  27.5
230220260501  0.560  3.4  186.0  5.9  0.77  5.7  27.5
230220260502  0.557  3.3  188.5  4.9  0.80  4.8  27.6
230220260503  0.555  3.3  190.4  4.6  0.77  8.1  27.5
230220260504  0.552  3.4  193.5  4.6  0.80  8.9  27.6
230220260505  0.550  3.4  197.1  4.6  0.78  5.1  27.6
230220260506  0.549  3.6  201.2  4.6  0.74  3.2  27.6
230220260507  0.546  3.7  206.9  4.6  0.67  3.3  27.6
230220260508  0.544  3.7  211.2  4.6  0.85  5.0  27.6
230220260509  0.543  3.6  216.9  4.6  0.67  10.3  27.6
230220260510  0.541  3.6  221.0  4.6  0.75  3.7  27.6
230220260511  0.537  3.6  226.2  4.6  0.65  3.3  27.6
230220260512  0.535  3.5  231.5  4.6  0.77  3.8  27.6
230220260513  0.534  3.5  237.3  4.6  0.85  8.0  27.6
230220260514  0.530  3.5  241.1  4.6  0.85  8.3  27.6
230220260515  0.529  3.5  243.6  4.6  0.80  5.9  27.6
230220260516  0.528  3.4  246.0  4.6  0.77  5.7  27.6
230220260517  0.525  3.3  247.8  4.5  0.66  2.0  27.6
230220260518  0.522  3.2  247.5  4.1  0.71  1.0  27.6
230220260519  0.521  3.1  245.6  4.1  0.69  2.1  27.6
230220260520  0.518  3.0  243.1  4.1  0.65  358.5  27.6
230220260521  0.516  3.0  240.3  4.0  0.75  6.7  27.6
230220260522  0.514  2.9  237.4  4.0  0.81  7.1  27.6
230220260523  0.511  2.8  233.5  4.0  0.75  7.3  27.6
230220260524  0.509  2.8  230.0  4.0  0.80  4.3  27.6
230220260525  0.507  2.6  226.1  4.0  0.78  2.1  27.6
230220260526  0.503  2.6  223.3  4.0  0.63  356.0  27.6
230220260527  0.501  2.6  218.3  4.0  0.73  4.5  27.6
230220260528  0.499  2.6  213.4  4.0  0.80  4.1  27.6
230220260529  0.497  2.7  209.5  4.0  0.79  5.2  27.6
230220260530  0.495  2.8  208.3  4.8  0.65  4.7  27.6
230220260531  0.492  3.0  207.2  5.2  0.74  9.2  27.6
230220260532  0.491  3.2  206.5  5.2  0.84  7.6  27.6
230220260533  0.488  3.4  207.5  5.2  0.78  5.7  27.6
230220260534  0.488  3.6  209.0  5.2  0.76  358.2  27.6
230220260535  0.486  3.8  210.6  5.2  0.68  6.2  27.6
230220260536  0.484  4.0  212.7  5.2  0.65  6.1  27.6
230220260537  0.484  4.3  215.1  5.2  0.79  5.8  27.6
230220260538  0.481  4.5  217.2  5.2  0.82  1.6  27.6
230220260539  0.479  4.7  218.2  5.2  0.68  0.5  27.6
230220260540  0.477  4.7  218.5  5.3  0.72  2.7  27.6
230220260541  0.475  4.7  218.7  5.3  0.73  5.4  27.6
230220260542  0.473  4.7  219.4  5.3  0.73  4.8  27.6
230220260543  0.471  4.5  220.2  5.3  0.77  7.7  27.6
230220260544  0.469  4.4  220.5  5.3  0.75  2.3  27.6
230220260545  0.465  4.2  222.0  5.3  0.74  4.6  27.6
230220260546  0.464  4.0  222.5  5.3  0.67  1.1  27.6
230220260547  0.462  3.7  223.6  5.3  0.85  8.3  27.6
230220260548  0.460  3.5  224.9  5.3  0.86  4.8  27.6
230220260549  0.459  3.4  226.3  5.3  0.57  2.4  27.6
230220260550  0.458  3.2  228.3  4.6  0.78  3.3  27.6
230220260551  0.455  3.2  229.5  4.4  0.70  4.6  27.6
230220260552  0.455  3.2  231.0  4.3  0.47  341.2  27.6
230220260553  0.453  3.2  229.2  5.5  0.67  4.5  27.6
230220260554  0.452  3.4  226.9  6.1  0.77  0.8  27.6
230220260555  0.450  3.7  224.0  6.1  0.67  2.9  27.6
230220260556  0.449  4.0  222.1  6.1  0.73  6.6  27.6
230220260557  0.448  4.2  220.3  6.1  0.81  1.9  27.6
230220260558  0.448  4.4  219.9  6.1  0.71  8.9  27.6
230220260559  0.447  4.6  219.8  6.1  0.71  0.8  27.6
230220260600  0.449  4.8  219.0  6.1  0.76  3.7  27.6
230220260601  0.446  5.0  218.3  6.1  0.67  0.2  27.6
230220260602  0.446  5.1  217.5  6.1  0.67  1.8  27.6
230220260603  0.444  5.1  217.8  6.1  0.70  6.2  27.6
230220260604  0.444  5.0  219.1  6.0  0.57  359.0  27.6
230220260605  0.444  4.9  220.9  6.0  0.71  3.4  27.6
230220260606  0.444  4.8  220.6  5.8  0.63  2.5  27.6
230220260607  0.444  4.7  220.7  5.8  0.67  360.0  27.6
230220260608  0.444  4.7  219.9  5.8  0.70  3.3  27.6
230220260609  0.444  4.7  218.8  5.8  0.71  0.0  27.6
230220260610  0.444  4.7  218.9  5.8  0.70  3.3  27.6
230220260611  0.446  4.7  219.3  5.7  0.71  0.3  27.6
230220260612  0.447  4.7  219.4  5.7  0.60  359.2  27.6
230220260613  0.449  4.7  220.0  5.7  0.62  359.3  27.6
230220260614  0.450  4.7  220.4  5.7  0.44  340.1  27.6
230220260615  0.451  4.8  219.4  5.7  0.60  2.7  27.6
230220260616  0.452  4.8  219.6  5.7  0.54  356.4  27.6
230220260617  0.453  4.8  219.7  5.7  0.60  357.5  27.6
230220260618  0.454  4.9  219.8  5.6  0.65  1.2  27.6
230220260619  0.455  4.9  220.7  5.6  0.51  357.7  27.6
230220260620  0.456  4.9  219.8  5.9  0.62  3.0  27.6
230220260621  0.456  5.0  219.6  6.1  0.59  354.4  27.6
230220260622  0.455  5.0  219.7  6.2  0.55  358.2  27.6
230220260623  0.455  5.0  218.9  6.2  0.61  2.5  27.6
230220260624  0.455  5.0  217.6  6.2  0.58  0.7  27.6
230220260625  0.455  4.9  217.0  6.2  0.54  357.4  27.6
230220260626  0.455  4.8  216.5  6.2  0.57  1.6  27.6
230220260627  0.454  4.7  214.8  6.2  0.61  357.3  27.6
230220260628  0.453  4.6  214.1  6.2  0.53  356.7  27.6
230220260629  0.452  4.6  213.1  6.2  0.64  3.6  27.6
230220260630  0.451  4.5  214.4  6.2  0.54  354.9  27.6
230220260631  0.450  4.3  214.7  6.2  0.51  358.7  27.6
230220260632  0.450  4.2  213.4  5.6  0.50  0.9  27.6
230220260633  0.448  4.1  214.0  5.3  0.53  357.6  27.6
230220260634  0.448  4.0  215.2  5.3  0.61  1.4  27.6
230220260635  0.448  3.9  216.6  5.3  0.49  359.0  27.6
230220260636  0.448  4.0  218.6  5.3  0.59  356.8  27.6
230220260637  0.447  3.8  221.4  5.1  0.64  3.9  27.6
230220260638  0.447  3.7  221.8  4.5  0.54  359.6  27.6
230220260639  0.447  3.6  220.2  4.5  0.58  357.7  27.6
230220260640  0.447  3.5  214.7  4.5  0.53  353.9  27.6
230220260641  0.448  3.4  209.0  4.5  0.54  0.4  27.6
230220260642  0.449  3.3  204.9  4.5  0.54  5.5  27.6
230220260643  0.451  3.4  199.5  4.8  0.56  5.3  27.6
230220260644  0.451  3.5  194.7  4.8  0.52  2.9  27.6
230220260645  0.452  3.6  189.6  4.8  0.59  353.8  27.6
230220260646  0.453  3.6  184.1  4.8  0.51  2.7  27.6
230220260647  0.454  3.6  178.2  4.8  0.55  0.8  27.6
230220260648  0.455  3.6  173.7  4.8  0.44  1.0  27.6
230220260649  0.458  3.4  171.2  4.8  0.50  358.6  27.6
230220260650  0.460  3.2  171.2  4.8  0.47  4.3  27.6
230220260651  0.462  2.9  171.8  4.8  0.51  359.2  27.6
230220260652  0.464  2.6  172.1  4.8  0.46  358.3  27.6
230220260653  0.466  2.1  172.7  4.6  0.48  6.0  27.6
230220260654  0.468  1.8  175.6  4.6  0.45  356.0  27.6
230220260655  0.469  1.4  184.4  3.6  0.42  357.7  27.6
230220260656  0.471  1.1  197.7  3.6  0.47  0.6  27.7
230220260657  0.472  1.1  215.8  3.6  0.43  352.2  27.7
230220260658  0.476  1.1  227.8  2.5  0.40  0.7  27.7
230220260659  0.478  1.2  233.5  2.5  0.46  3.7  27.7
230220260700  0.478  1.2  245.3  2.5  0.49  358.1  27.7
230220260701  0.479  1.1  258.2  2.5  0.41  354.2  27.6
230220260702  0.481  0.8  267.0  3.8  0.51  352.9  27.6
230220260703  0.481  0.5  308.5  6.2  0.41  1.1  27.7
230220260704  0.482  0.7  2.5  6.2  0.41  2.7  27.7
230220260705  0.484  1.2  40.7  7.8  0.48  355.1  27.7
230220260706  0.484  1.6  57.0  7.8  0.39  358.7  27.7
230220260707  0.486  2.2  58.6  7.8  0.33  351.4  27.7
230220260708  0.488  2.9  59.3  7.8  0.42  1.4  27.7
230220260709  0.487  3.5  65.7  9.5  0.35  350.3  27.7
230220260710  0.490  4.0  65.5  9.5  0.42  3.4  27.7
230220260711  0.491  4.4  68.1  9.5  0.27  357.3  27.7
230220260712  0.493  4.6  70.5  9.5  0.31  352.4  27.7
230220260713  0.494  4.5  76.1  9.5  0.31  2.0  27.7
230220260714  0.496  4.5  80.4  9.5  0.43  356.7  27.7
230220260715  0.497  4.3  82.6  9.5  0.30  356.3  27.7
230220260716  0.499  4.4  80.3  9.5  0.33  357.3  27.7
230220260717  0.501  4.5  79.1  9.5  0.29  346.9  27.7
230220260718  0.502  4.4  81.0  9.5  0.16  340.9  27.7
230220260719  0.502  4.3  78.0  7.5  0.25  344.6  27.7
230220260720  0.503  4.3  79.6  7.5  0.19  348.8  27.7
230220260721  0.504  4.2  80.7  7.5  0.24  347.7  27.7
230220260722  0.505  4.1  78.4  7.5  0.21  347.0  27.7
230220260723  0.508  4.1  74.9  7.5  0.27  353.1  27.7
230220260724  0.509  4.2  72.9  7.5  0.26  0.5  27.7
230220260725  0.510  4.2  73.4  7.5  0.24  357.9  27.7
230220260726  0.513  3.9  73.9  7.5  0.17  344.6  27.7
230220260727  0.514  3.8  76.4  7.5  0.09  344.6  27.7
230220260728  0.516  3.4  78.3  7.2  0.20  357.9  27.7
230220260729  0.516  3.2  81.3  7.2  0.31  358.8  27.7
230220260730  0.519  3.0  84.7  5.9  0.16  349.5  27.7
230220260731  0.520  2.7  87.4  5.2  0.16  356.6  27.7
230220260732  0.524  2.5  91.9  4.9  0.09  2.4  27.7
230220260733  0.526  2.2  94.5  4.9  0.22  5.4  27.7
230220260734  0.528  1.9  102.8  4.9  0.12  338.4  27.7
230220260735  0.530  1.7  109.4  4.9  0.24  359.7  27.7
230220260736  0.531  1.6  113.1  4.9  0.02  214.4  27.7
230220260737  0.532  1.5  114.5  3.6  0.10  0.7  27.7
230220260738  0.535  1.4  105.7  3.6  0.11  1.2  27.7
230220260739  0.536  1.2  106.4  3.6  0.05  334.5  27.7
230220260740  0.538  1.0  111.8  3.6  0.03  319.8  27.7
230220260741  0.541  1.0  107.8  3.6  0.05  331.7  27.7
230220260742  0.543  1.1  97.3  5.1  0.08  341.1  27.7
230220260743  0.546  1.5  93.0  5.1  0.08  169.0  27.7
230220260744  0.549  1.8  84.4  5.1  0.02  210.0  27.7
230220260745  0.552  2.1  78.2  5.1  0.08  342.2  27.7
230220260746  0.555  2.5  77.3  5.1  0.07  273.7  27.7
230220260747  0.557  2.6  81.0  5.1  0.03  287.1  27.7
230220260748  0.560  2.7  81.9  5.1  0.13  214.7  27.7
230220260749  0.564  3.0  80.2  5.1  0.13  216.2  27.7
230220260750  0.567  3.2  78.5  5.1  0.12  241.0  27.7
230220260751  0.572  3.3  78.6  5.1  0.08  209.7  27.7
230220260752  0.578  3.3  81.8  5.0  0.20  220.8  27.6
230220260753  0.581  3.1  87.2  5.0  0.20  207.9  27.6
230220260754  0.585  2.9  94.8  5.0  0.16  218.2  27.6
230220260755  0.587  2.8  99.5  4.9  0.11  240.7  27.6
230220260756  0.591  2.7  105.3  4.9  0.23  197.2  27.6
230220260757  0.593  2.4  105.8  4.3  0.18  213.2  27.6
230220260758  0.598  2.2  106.1  4.2  0.20  201.4  27.6
230220260759  0.602  2.2  104.2  4.2  0.11  210.0  27.6
230220260800  0.606  2.2  101.3  4.2  0.24  212.2  27.6
230220260801  0.609  2.2  96.5  4.8  0.22  219.9  27.6
230220260802  0.612  2.3  92.5  4.8  0.31  201.4  27.6
230220260803  0.615  2.5  85.5  4.8  0.27  197.8  27.6
230220260804  0.619  2.6  78.2  4.8  0.38  198.5  27.6
230220260805  0.622  2.6  74.9  4.8  0.30  203.3  27.6
230220260806  0.626  2.8  70.2  4.9  0.36  203.7  27.6
230220260807  0.631  3.0  71.5  5.0  0.44  197.4  27.6
230220260808  0.634  3.2  74.4  5.3  0.37  195.7  27.6
230220260809  0.637  3.4  75.9  5.3  0.41  184.8  27.6
230220260810  0.640  3.6  77.0  5.3  0.29  181.0  27.6
230220260811  0.644  3.6  78.3  5.3  0.29  180.2  27.6
230220260812  0.646  3.6  78.3  5.3  0.18  169.7  27.6
230220260813  0.649  3.7  78.1  5.3  0.19  147.1  27.6
230220260814  0.653  3.8  79.9  5.3  0.24  173.2  27.5
230220260815  0.655  3.8  80.6  5.3  0.31  169.5  27.5
230220260816  0.657  3.9  81.6  5.3  0.20  172.1  27.5
230220260817  0.658  4.0  81.8  5.3  0.19  187.7  27.5
230220260818  0.660  3.9  80.6  5.3  0.17  163.4  27.5
230220260819  0.661  4.0  78.9  5.3  0.20  171.7  27.5
230220260820  0.663  4.0  76.7  6.1  0.20  162.2  27.5
230220260821  0.664  4.1  74.4  6.1  0.17  185.3  27.5
230220260822  0.666  4.2  72.6  6.9  0.22  192.5  27.5
230220260823  0.668  4.3  71.5  6.9  0.29  187.7  27.5
230220260824  0.671  4.4  69.0  6.9  0.26  188.3  27.5
230220260825  0.673  4.3  68.0  6.9  0.29  177.8  27.5
230220260826  0.676  4.2  68.8  6.9  0.29  180.3  27.5
230220260827  0.678  3.9  68.4  6.9  0.28  180.7  27.5
230220260828  0.680  3.7  67.6  6.9  0.28  186.0  27.5
230220260829  0.683  3.3  67.0  6.9  0.26  182.4  27.5
230220260830  0.686  2.8  67.7  6.9  0.26  183.6  27.5
230220260831  0.687  2.3  69.9  6.9  0.24  175.7  27.5
230220260832  0.690  1.8  73.9  5.9  0.19  187.7  27.5
230220260833  0.693  1.3  80.2  4.4  0.26  177.9  27.5
230220260834  0.696  0.8  92.0  3.9  0.26  175.0  27.5
230220260835  0.700  0.5  111.8  2.7  0.37  177.8  27.5
230220260836  0.702  0.3  160.9  2.2  0.23  184.1  27.5
230220260837  0.704  0.4  209.7  2.2  0.20  165.7  27.5
230220260838  0.707  0.7  222.0  2.2  0.30  176.6  27.5
230220260839  0.708  0.9  225.6  2.2  0.29  165.3  27.5
230220260840  0.710  1.2  229.1  2.2  0.21  167.2  27.5
230220260841  0.712  1.3  238.3  2.7  0.35  177.7  27.5
230220260842  0.714  1.3  249.3  2.7  0.32  177.1  27.5
230220260843  0.716  1.4  257.9  2.8  0.22  186.9  27.5
230220260844  0.718  1.6  265.3  3.1  0.29  192.3  27.5
230220260845  0.720  1.8  271.0  3.9  0.34  184.8  27.5
230220260846  0.724  1.9  275.3  3.9  0.17  206.8  27.5
230220260847  0.725  2.2  279.0  4.6  0.27  188.4  27.5
230220260848  0.728  2.5  281.5  4.6  0.26  177.4  27.5
230220260849  0.731  2.8  284.0  4.9  0.39  187.2  27.4
230220260850  0.734  3.0  286.4  4.9  0.26  184.9  27.4
230220260851  0.737  3.2  285.1  4.9  0.34  182.4  27.4
230220260852  0.740  3.5  284.3  5.9  0.36  178.8  27.4
230220260853  0.742  3.8  284.0  6.1  0.35  179.4  27.5
230220260854  0.745  3.9  282.7  6.1  0.40  175.8  27.4
230220260855  0.747  4.0  281.9  6.1  0.46  177.7  27.4
230220260856  0.749  4.1  282.4  6.1  0.34  180.9  27.4
230220260857  0.752  4.2  281.3  6.1  0.50  184.8  27.4
230220260858  0.754  4.2  279.7  6.1  0.45  174.6  27.4
230220260859  0.757  4.2  275.5  6.1  0.40  181.7  27.4
230220260900  0.759  4.2  269.0  6.1  0.28  171.9  27.5
230220260901  0.760  4.2  264.0  6.3  0.30  176.6  27.5
230220260902  0.762  4.3  258.1  6.3  0.46  180.3  27.5
230220260903  0.766  4.2  252.4  6.3  0.34  175.7  27.5
230220260904  0.768  4.3  248.2  6.3  0.49  178.1  27.5
230220260905  0.771  4.3  248.3  6.3  0.29  176.2  27.5
230220260906  0.775  4.2  243.6  6.3  0.34  167.7  27.5
230220260907  0.779  4.3  239.0  6.7  0.47  181.9  27.5
230220260908  0.783  4.1  238.5  6.7  0.52  180.8  27.5
230220260909  0.786  3.9  240.3  6.7  0.53  179.2  27.5
230220260910  0.789  3.8  245.0  6.7  0.63  177.3  27.5
230220260911  0.794  3.5  249.0  6.7  0.60  176.5  27.5
230220260912  0.798  3.2  250.3  6.7  0.49  168.7  27.4
230220260913  0.802  3.0  252.6  6.7  0.63  175.0  27.4
230220260914  0.805  2.9  258.5  6.7  0.81  177.3  27.5
230220260915  0.808  2.8  259.1  6.7  0.68  172.8  27.5
230220260916  0.812  2.8  263.9  6.7  0.64  177.8  27.5
230220260917  0.816  2.6  267.0  6.1  0.67  182.5  27.5
230220260918  0.819  2.6  266.1  6.1  0.72  171.5  27.5
230220260919  0.822  2.7  260.3  7.8  0.79  177.5  27.5
230220260920  0.827  2.7  255.5  7.8  0.81  171.3  27.5
230220260921  0.833  2.8  249.2  7.8  0.85  174.2  27.5
230220260922  0.838  2.9  246.6  7.8  0.88  171.3  27.5
230220260923  0.843  3.1  242.8  7.8  0.83  173.4  27.5
230220260924  0.848  3.3  240.3  7.8  0.74  171.0  27.5
230220260925  0.852  3.3  237.3  7.8  0.74  171.3  27.5
230220260926  0.857  3.6  235.4  7.8  0.83  172.3  27.5
230220260927  0.863  3.8  236.3  7.8  0.78  171.3  27.5
230220260928  0.869  4.1  234.0  7.8  0.75  167.4  27.5
230220260929  0.875  4.1  234.1  7.2  0.83  172.9  27.5
230220260930  0.879  4.0  234.0  7.2  0.81  170.7  27.5
230220260931  0.885  3.9  233.8  7.2  0.84  175.0  27.5
230220260932  0.889  4.0  233.2  7.2  0.82  172.1  27.5
230220260933  0.891  3.9  235.3  7.2  0.77  175.8  27.5
230220260934  0.896  4.0  233.3  7.2  0.86  168.7  27.5
230220260935  0.898  4.1  230.3  7.2  0.75  161.1  27.5
230220260936  0.902  4.1  228.4  6.8  0.83  165.2  27.5
230220260937  0.905  4.0  227.3  6.1  0.68  163.9  27.4
230220260938  0.908  4.1  224.8  6.1  0.29  168.3  27.4
230220260939  0.912  4.0  223.2  6.0  0.73  169.2  27.4
230220260940  0.915  4.2  221.7  6.0  0.89  168.1  27.4
230220260941  0.919  4.4  221.1  6.7  0.73  159.1  27.4
230220260942  0.922  4.5  220.4  6.7  0.96  171.1  27.4
230220260943  0.926  4.8  217.3  6.7  0.77  157.3  27.5
230220260944  0.930  5.0  216.4  6.7  0.89  170.3  27.4
230220260945  0.933  5.0  215.5  6.7  0.39  153.7  27.4
230220260946  0.939  5.1  212.6  6.7  0.76  161.1  27.4
230220260947  0.942  5.1  211.2  6.7  0.78  174.8  27.4
230220260948  0.946  4.9  211.0  6.7  0.85  167.4  27.4
230220260949  0.950  4.9  211.9  6.7  0.79  161.7  27.4
230220260950  0.953  4.7  212.6  6.7  0.76  149.0  27.4
230220260951  0.956  4.5  213.4  6.5  0.51  183.3  27.4
230220260952  0.960  4.1  213.7  6.4  0.82  165.8  27.4
230220260953  0.963  3.7  214.1  6.4  0.87  164.5  27.4
230220260954  0.966  3.1  215.2  5.3  0.97  169.3  27.4
230220260955  0.969  2.7  217.5  5.0  0.81  165.1  27.4
230220260956  0.974  2.5  223.6  4.8  0.95  171.2  27.4
230220260957  0.978  2.5  223.7  5.0  0.79  159.7  27.4
230220260958  0.981  2.5  224.1  5.0  0.82  164.3  27.4
230220260959  0.985  2.5  222.2  5.0  0.84  161.5  27.4
230220261000  0.989  2.5  219.2  5.0  0.82  166.4  27.4
230220261001  0.992  2.4  216.5  5.0  0.98  169.8  27.4
230220261002  0.995  2.4  212.6  5.0  1.03  170.2  27.4
230220261003  0.999  2.5  208.9  5.0  0.95  168.6  27.4
230220261004  1.003  2.7  204.9  5.0  0.82  170.1  27.4
230220261005  1.006  3.0  202.5  5.0  0.93  168.8  27.4
230220261006  1.011  3.0  198.5  5.0  0.92  171.5  27.4
230220261007  1.015  2.9  195.9  4.6  0.93  169.9  27.4
230220261008  1.017  2.7  190.4  4.3  0.85  172.4  27.4
230220261009  1.020  2.5  185.1  4.3  0.85  170.4  27.4
230220261010  1.022  2.4  183.8  4.3  0.79  169.5  27.4
230220261011  1.024  2.2  182.6  3.7  0.81  169.6  27.4
230220261012  1.026  2.2  184.4  3.7  0.91  169.1  27.4
230220261013  1.028  2.1  187.2  3.7  0.87  171.7  27.4
230220261014  1.029  2.0  188.3  3.7  0.80  167.1  27.4
230220261015  1.032  1.9  191.0  3.5  0.79  171.3  27.4
230220261016  1.036  2.0  192.4  3.5  0.74  170.4  27.4
230220261017  1.038  2.0  191.2  3.5  0.74  168.2  27.4
230220261018  1.041  1.9  194.1  3.5  0.73  169.8  27.4
230220261019  1.043  1.9  196.6  3.5  0.82  171.9  27.4
230220261020  1.046  2.0  196.4  4.4  0.65  173.1  27.4
230220261021  1.049  2.2  195.1  4.4  0.65  171.3  27.4
230220261022  1.051  2.1  193.9  4.4  0.71  175.9  27.4
230220261023  1.054  2.2  195.4  4.4  0.76  179.9  27.4
230220261024  1.057  2.3  200.4  4.4  0.87  175.7  27.4
230220261025  1.059  2.2  202.5  4.4  0.70  170.1  27.4
230220261026  1.061  2.2  207.2  4.4  0.76  168.3  27.4
230220261027  1.065  2.2  213.5  4.4  0.85  173.4  27.3
230220261028  1.067  2.3  216.4  4.4  0.64  170.2  27.3
230220261029  1.069  2.4  218.4  4.4  0.71  173.1  27.3
230220261030  1.072  2.3  218.5  4.3  0.69  172.9  27.3
230220261031  1.075  2.2  220.6  4.3  0.68  173.7  27.3
230220261032  1.077  2.1  220.0  4.3  0.78  175.1  27.3
230220261033  1.080  1.8  220.8  4.2  0.62  169.5  27.3
230220261034  1.084  1.7  220.8  4.1  0.67  174.8  27.3
230220261035  1.086  1.7  219.4  4.1  0.54  175.7  27.3
230220261036  1.086  1.6  220.1  4.1  0.63  174.6  27.3
230220261037  1.089  1.7  215.9  5.8  0.67  176.2  27.3
230220261038  1.089  1.4  204.0  5.8  0.59  171.1  27.3
230220261039  1.091  1.2  195.6  5.8  0.55  170.9  27.3
230220261040  1.094  1.0  179.9  5.8  0.65  174.2  27.3
230220261041  1.095  1.0  174.5  5.8  0.59  173.9  27.3
230220261042  1.096  1.1  182.3  5.8  0.72  174.8  27.3
230220261043  1.099  1.3  182.9  5.8  0.54  171.0  27.3
230220261044  1.100  1.3  174.7  5.8  0.65  168.8  27.3
230220261045  1.100  1.4  152.4  6.3  0.60  169.2  27.3
230220261046  1.103  1.8  139.6  6.3  0.58  172.8  27.3
230220261047  1.103  2.0  130.8  6.3  0.61  179.4  27.3
230220261048  1.105  2.0  131.5  6.3  0.70  178.0  27.3
230220261049  1.107  1.9  133.5  6.3  0.59  171.7  27.3
230220261050  1.110  1.8  136.3  6.3  0.65  175.0  27.3
230220261051  1.112  2.0  134.3  6.3  0.74  172.2  27.3
230220261052  1.115  2.1  129.7  6.3  0.64  172.1  27.3
230220261053  1.117  2.1  125.1  6.3  0.49  173.8  27.3
230220261054  1.118  2.3  128.6  6.3  0.53  173.7  27.3
230220261055  1.122  2.0  137.1  4.3  0.60  178.2  27.3
230220261056  1.124  1.7  146.2  3.8  0.48  176.6  27.3
230220261057  1.127  1.4  154.0  3.8  0.36  172.1  27.3
230220261058  1.129  1.3  163.7  3.8  0.58  183.3  27.3
230220261059  1.133  1.5  156.2  4.9  0.54  178.5  27.3
230220261100  1.137  1.7  149.8  5.2  0.66  173.4  27.3
230220261101  1.140  1.9  149.6  5.4  0.47  177.8  27.3
230220261102  1.143  1.9  147.8  5.4  0.70  180.7  27.3
230220261103  1.146  1.9  142.8  5.4  0.77  179.1  27.3
230220261104  1.151  1.9  132.2  5.4  0.55  176.9  27.3
230220261105  1.154  1.9  124.5  5.4  0.79  187.7  27.3
230220261106  1.156  2.2  113.6  5.4  0.49  169.7  27.3
230220261107  1.159  2.6  105.3  5.4  0.64  180.5  27.3
230220261108  1.162  2.6  101.0  5.4  0.75  181.9  27.3
230220261109  1.165  2.4  93.0  5.4  0.65  180.6  27.3
230220261110  1.168  2.4  85.6  5.4  0.59  175.6  27.3
230220261111  1.171  2.5  69.7  5.0  0.79  183.5  27.3
230220261112  1.172  2.6  61.3  5.0  0.68  180.6  27.3
230220261113  1.175  2.8  56.9  5.0  0.62  177.0  27.3
230220261114  1.178  2.8  51.3  5.0  0.78  181.3  27.3
230220261115  1.180  3.0  48.6  5.0  0.81  181.8  27.3
230220261116  1.181  2.9  47.9  5.0  0.71  180.8  27.3
230220261117  1.183  2.6  51.4  5.0  0.53  186.2  27.3
230220261118  1.185  2.5  60.7  5.0  0.65  182.7  27.3
230220261119  1.187  2.4  67.3  4.7  0.73  182.5  27.3
230220261120  1.189  2.3  77.3  6.6  0.81  185.0  27.3
230220261121  1.191  2.5  89.3  6.6  0.65  180.7  27.3
230220261122  1.194  2.7  99.4  6.6  0.76  188.3  27.3
230220261123  1.197  2.8  105.8  6.6  0.70  178.4  27.3
230220261124  1.199  2.9  107.0  6.6  0.78  183.4  27.3
230220261125  1.200  3.2  107.0  6.6  0.83  184.4  27.3
230220261126  1.201  3.3  107.5  6.6  0.70  183.0  27.4
230220261127  1.203  3.3  107.3  6.6  0.65  179.1  27.4
230220261128  1.203  3.3  102.8  6.6  0.56  175.8  27.4
230220261129  1.204  3.4  100.0  6.6  0.61  177.5  27.4
230220261130  1.206  3.2  93.7  6.6  0.65  178.2  27.4
230220261131  1.207  3.0  87.0  5.2  0.50  176.9  27.4
230220261132  1.210  2.9  79.2  5.2  0.50  175.7  27.4
230220261133  1.212  3.0  73.8  5.2  0.48  173.1  27.4
230220261134  1.213  3.3  75.5  6.4  0.49  175.1  27.4
230220261135  1.213  3.2  80.3  6.4  0.45  170.8  27.4
230220261136  1.213  3.4  80.0  6.4  0.50  173.1  27.4
230220261137  1.214  3.4  77.6  6.4  0.53  176.5  27.4
230220261138  1.213  3.5  79.8  6.4  0.46  170.9  27.4
230220261139  1.213  3.3  79.0  6.4  0.55  171.7  27.4
230220261140  1.213  3.3  82.5  6.4  0.46  169.9  27.4
230220261141  1.215  3.3  88.5  6.4  0.41  163.2  27.3
230220261142  1.215  3.1  96.6  6.4  0.55  180.6  27.3
230220261143  1.214  3.1  102.5  6.4  0.46  167.2  27.3
230220261144  1.215  3.0  102.9  6.0  0.47  165.8  27.3
230220261145  1.214  3.0  102.3  6.0  0.26  182.4  27.3
230220261146  1.215  2.9  105.8  5.6  0.16  167.4  27.3
230220261147  1.214  2.8  106.3  5.6  0.49  169.5  27.3
230220261148  1.213  2.8  100.4  5.7  0.54  171.0  27.3
230220261149  1.213  3.0  101.5  5.8  0.53  172.4  27.3
230220261150  1.213  3.0  97.9  5.8  0.67  181.8  27.3
230220261151  1.212  3.3  93.2  6.5  0.53  178.9  27.3
230220261152  1.212  3.4  88.0  6.5  0.58  180.5  27.3
230220261153  1.211  3.5  83.0  6.5  0.49  169.6  27.3
230220261154  1.210  3.3  83.2  6.5  0.47  166.2  27.3
230220261155  1.210  3.2  80.0  6.5  0.44  166.0  27.3
230220261156  1.209  3.1  76.7  6.5  0.39  174.9  27.3
230220261157  1.208  3.3  75.7  6.5  0.42  172.0  27.3
230220261158  1.207  3.1  78.3  6.5  0.54  172.4  27.3
230220261159  1.207  2.9  78.3  6.5  0.32  168.6  27.3
230220261200  1.206  2.8  78.8  6.5  0.32  166.2  27.3
230220261201  1.205  2.7  76.3  5.4  0.49  176.6  27.3
230220261202  1.205  2.9  75.2  6.1  0.25  164.0  27.3
230220261203  1.203  2.8  76.6  6.1  0.38  174.5  27.3
230220261204  1.201  2.9  73.3  6.1  0.46  178.5  27.3
230220261205  1.200  2.9  69.6  6.1  0.53  179.2  27.3
230220261206  1.199  2.9  70.0  6.1  0.32  175.0  27.3
230220261207  1.196  2.7  74.7  6.1  0.42  165.7  27.3
230220261208  1.194  2.8  74.8  6.1  0.37  169.8  27.3
230220261209  1.191  3.0  69.3  6.1  0.38  168.6  27.3
230220261210  1.189  3.2  67.7  6.1  0.36  167.7  27.3
230220261211  1.188  3.2  69.8  6.1  0.28  180.2  27.3
230220261212  1.187  3.1  69.6  5.3  0.40  182.7  27.3
230220261213  1.187  3.3  70.5  6.7  0.45  178.3  27.3
230220261214  1.186  3.3  71.2  6.7  0.39  175.1  27.3
230220261215  1.186  3.5  71.7  6.7  0.38  174.3  27.3
230220261216  1.187  3.8  70.8  6.7  0.42  182.8  27.3
230220261217  1.187  4.0  65.1  6.7  0.32  188.6  27.3
230220261218  1.187  4.3  63.1  6.8  0.29  186.6  27.4
230220261219  1.189  4.5  62.6  6.8  0.28  186.8  27.4
230220261220  1.188  4.7  62.4  6.8  0.38  181.5  27.4
230220261221  1.188  4.8  62.2  6.8  0.37  174.7  27.4
230220261222  1.189  4.9  61.0  6.8  0.37  183.1  27.4
230220261223  1.190  5.0  59.1  8.0  0.48  178.6  27.4
230220261224  1.191  5.1  60.6  8.0  0.44  177.3  27.4
230220261225  1.193  5.1  61.6  8.0  0.47  163.0  27.4
230220261226  1.193  5.0  61.4  8.0  0.49  173.4  27.4
230220261227  1.194  5.1  62.5  8.0  0.35  172.8  27.4
230220261228  1.194  4.9  62.9  8.0  0.39  174.4  27.4
230220261229  1.193  4.8  63.7  8.0  0.46  171.9  27.4
230220261230  1.193  4.6  64.5  8.0  0.45  170.6  27.4
230220261231  1.193  4.7  63.6  8.0  0.37  174.3  27.4
230220261232  1.194  4.5  65.3  8.0  0.38  167.7  27.4
230220261233  1.193  4.3  67.3  6.2  0.33  153.7  27.5
230220261234  1.193  4.2  67.1  6.2  0.43  159.8  27.5
230220261235  1.192  4.3  67.0  7.0  0.39  159.7  27.5
230220261236  1.192  4.4  65.8  7.3  0.41  161.2  27.5
230220261237  1.191  4.4  64.2  7.3  0.42  159.7  27.4
230220261238  1.191  4.1  67.8  7.3  0.35  155.6  27.4
230220261239  1.190  4.0  69.5  7.3  0.42  159.4  27.4
230220261240  1.189  3.8  71.7  7.3  0.41  165.4  27.4
230220261241  1.189  3.5  76.1  7.3  0.46  168.7  27.4
230220261242  1.189  3.4  81.4  7.3  0.42  164.1  27.4
230220261243  1.191  3.3  88.0  7.3  0.53  168.6  27.4
230220261244  1.191  3.2  88.8  7.3  0.30  157.2  27.4
230220261245  1.191  3.1  96.0  7.3  0.48  172.9  27.4
230220261246  1.191  3.0  105.0  6.7  0.38  152.1  27.4
230220261247  1.192  3.1  107.3  6.7  0.32  164.1  27.4
230220261248  1.193  3.2  100.8  6.7  0.36  159.0  27.4
230220261249  1.194  3.3  106.0  6.3  0.43  164.9  27.4
230220261250  1.194  3.2  107.3  6.3  0.50  164.6  27.4
230220261251  1.195  3.4  107.6  7.9  0.43  166.4  27.4
230220261252  1.196  3.3  105.1  7.9  0.62  170.8  27.4
230220261253  1.196  3.4  98.0  7.9  0.46  167.6  27.4
230220261254  1.197  3.5  94.8  7.9  0.50  163.4  27.4
230220261255  1.196  3.7  88.5  7.9  0.49  168.7  27.4
230220261256  1.196  3.9  85.8  7.9  0.44  162.9  27.4
230220261257  1.196  3.9  86.2  7.9  0.41  163.4  27.4
230220261258  1.194  3.8  87.7  7.9  0.49  168.1  27.4
230220261259  1.192  3.9  82.0  7.9  0.37  162.6  27.4
230220261300  1.190  4.0  81.7  7.9  0.45  161.3  27.4
230220261301  1.188  4.0  80.8  7.5  0.29  143.1  27.4
230220261302  1.185  4.1  83.0  7.5  0.42  157.1  27.4
230220261303  1.182  3.9  87.4  7.5  0.35  146.8  27.4
230220261304  1.178  3.8  95.3  7.5  0.43  163.2  27.4
230220261305  1.175  3.5  102.2  6.6  0.35  149.8  27.4
230220261306  1.171  3.5  105.1  6.4  0.36  152.8  27.4
230220261307  1.169  3.4  107.6  6.4  0.41  163.4  27.4
230220261308  1.166  3.6  105.0  6.6  0.30  147.7  27.4
230220261309  1.163  3.5  104.0  6.6  0.30  164.3  27.4
230220261310  1.159  3.5  105.1  6.6  0.39  169.5  27.4
230220261311  1.155  3.6  106.4  6.7  0.33  153.5  27.4
230220261312  1.152  3.7  106.8  6.7  0.28  143.3  27.5
230220261313  1.148  3.7  108.6  6.7  0.32  152.4  27.5
230220261314  1.145  3.8  102.2  6.7  0.28  148.9  27.4
230220261315  1.141  3.9  96.9  6.7  0.12  130.7  27.5
230220261316  1.137  3.9  92.4  6.7  0.09  136.6  27.5
230220261317  1.132  4.1  90.4  6.7  0.13  151.9  27.5
230220261318  1.129  4.0  90.7  8.0  0.08  75.9  27.4
230220261319  1.125  4.0  90.8  8.0  0.15  155.9  27.4
230220261320  1.121  4.1  88.4  8.0  0.14  52.2  27.4
230220261321  1.117  4.0  88.3  8.0  0.14  121.8  27.5
230220261322  1.113  3.9  86.8  8.0  0.16  133.5  27.5
230220261323  1.109  3.8  79.8  8.0  0.14  93.7  27.5
230220261324  1.104  3.7  79.4  8.0  0.12  92.8  27.5
230220261325  1.101  3.8  78.4  8.2  0.09  57.6  27.5
230220261326  1.097  3.7  79.5  8.2  0.10  29.5  27.4
230220261327  1.093  3.8  80.3  8.2  0.14  45.9  27.4
230220261328  1.088  3.6  81.1  8.2  0.18  37.7  27.5
230220261329  1.084  3.1  85.0  8.2  0.16  16.8  27.5
230220261330  1.079  2.8  84.9  8.2  0.06  34.1  27.5
230220261331  1.076  2.9  77.1  8.2  0.15  25.6  27.5
230220261332  1.071  3.3  69.8  8.2  0.15  25.5  27.5
230220261333  1.066  3.7  69.4  8.2  0.20  39.1  27.5
230220261334  1.062  3.8  69.9  8.2  0.23  18.4  27.5
230220261335  1.058  3.8  68.7  7.6  0.28  24.3  27.5
230220261336  1.053  4.0  67.5  7.6  0.28  20.8  27.5
230220261337  1.049  4.0  66.9  7.6  0.28  13.9  27.5
230220261338  1.047  4.2  66.7  7.6  0.23  5.2  27.5
230220261339  1.044  4.5  66.3  7.6  0.32  3.5  27.5
230220261340  1.040  4.9  65.7  7.6  0.20  13.3  27.5
230220261341  1.037  4.9  65.6  7.6  0.30  7.8  27.5
230220261342  1.033  4.7  68.5  7.1  0.22  2.4  27.5
230220261343  1.030  4.4  70.6  7.0  0.24  10.0  27.5
230220261344  1.028  4.5  70.3  7.3  0.24  10.5  27.5
230220261345  1.026  4.4  70.3  7.3  0.28  16.7  27.5
230220261346  1.022  4.3  71.2  7.3  0.17  16.6  27.5
230220261347  1.019  4.3  71.0  7.3  0.09  350.4  27.5
230220261348  1.017  4.4  71.7  8.2  0.29  14.2  27.5
230220261349  1.014  4.4  71.5  8.2  0.17  2.2  27.6
230220261350  1.014  4.5  73.7  8.2  0.30  2.6  27.6
230220261351  1.012  4.4  74.1  8.2  0.14  23.5  27.6
230220261352  1.011  4.6  73.1  8.2  0.13  31.5  27.6
230220261353  1.010  4.6  72.9  8.2  0.32  14.9  27.6
230220261354  1.010  4.6  72.3  8.2  0.27  33.3  27.7
230220261355  1.007  4.6  75.5  8.2  0.33  18.4  27.7
230220261356  1.006  4.5  75.9  8.2  0.26  20.6  27.7
230220261357  1.005  4.5  76.7  8.2  0.13  30.4  27.7
230220261358  1.002  4.3  75.8  7.8  0.28  28.9  27.7
230220261359  1.002  4.4  75.0  7.8  0.24  0.1  27.7
230220261400  1.000  4.2  73.5  7.8  0.30  10.0  27.7
230220261401  1.000  4.3  72.7  7.8  0.27  12.1  27.7
230220261402  0.998  4.4  69.5  7.8  0.27  7.6  27.7
230220261403  0.997  4.5  67.9  7.8  0.21  25.2  27.7
230220261404  0.995  4.3  68.8  7.8  0.20  15.0  27.7
230220261405  0.992  4.4  65.2  7.8  0.43  9.0  27.7
230220261406  0.990  4.6  66.8  7.8  0.17  24.8  27.7
230220261407  0.987  4.3  69.1  7.8  0.34  15.5  27.6
230220261408  0.984  4.2  72.4  7.8  0.34  15.6  27.6
230220261409  0.982  3.9  77.1  7.8  0.33  5.3  27.6
230220261410  0.980  4.0  76.9  7.8  0.42  8.2  27.6
230220261411  0.979  3.9  80.4  7.8  0.41  0.9  27.6
230220261412  0.977  3.6  88.9  7.4  0.41  11.6  27.6
230220261413  0.976  3.5  96.5  7.4  0.43  8.4  27.6
230220261414  0.973  3.5  100.0  7.4  0.46  2.5  27.6
230220261415  0.970  3.5  101.2  7.4  0.45  10.0  27.5
230220261416  0.969  3.3  102.0  6.5  0.42  6.3  27.5
230220261417  0.965  3.5  97.8  6.8  0.46  13.9  27.5
230220261418  0.964  3.5  99.3  6.8  0.40  14.7  27.5
230220261419  0.961  3.6  99.8  6.8  0.39  16.6  27.5
230220261420  0.958  3.7  106.7  7.4  0.32  9.3  27.5
230220261421  0.957  3.6  105.3  7.4  0.44  12.3  27.6
230220261422  0.954  3.6  101.0  7.4  0.43  18.0  27.6
230220261423  0.952  3.7  92.3  7.4  0.49  16.2  27.6
230220261424  0.951  3.9  89.0  7.4  0.52  12.3  27.6
230220261425  0.948  3.9  90.8  7.4  0.52  13.7  27.6
230220261426  0.944  3.9  88.9  7.4  0.48  11.2  27.6
230220261427  0.940  3.7  88.0  7.4  0.44  14.8  27.6
230220261428  0.937  3.8  82.3  7.4  0.56  16.6  27.6
230220261429  0.933  4.0  77.1  7.4  0.55  16.7  27.6
230220261430  0.930  4.0  71.4  7.1  0.50  8.7  27.6
230220261431  0.926  4.4  71.2  9.4  0.50  16.0  27.6
230220261432  0.923  4.5  71.1  9.4  0.45  15.7  27.6
230220261433  0.918  4.3  71.8  9.4  0.44  14.0  27.6
230220261434  0.915  4.3  71.1  9.4  0.50  19.4  27.6
230220261435  0.911  4.3  71.7  9.4  0.54  15.2  27.7
230220261436  0.907  4.0  76.2  9.4  0.46  19.0  27.7
230220261437  0.904  3.9  78.7  9.4  0.54  16.0  27.7
230220261438  0.901  3.8  80.8  9.4  0.43  14.6  27.7
230220261439  0.897  3.7  82.4  9.4  0.38  19.4  27.6
230220261440  0.893  3.9  82.1  9.4  0.46  17.1  27.6
230220261441  0.890  3.8  82.5  9.0  0.52  17.7  27.7
230220261442  0.887  3.8  81.2  9.0  0.50  12.4  27.6
230220261443  0.882  3.9  81.3  9.0  0.65  11.4  27.6
230220261444  0.879  4.0  80.2  9.0  0.48  9.3  27.7
230220261445  0.874  4.2  77.9  9.0  0.41  6.7  27.7
230220261446  0.868  4.5  74.4  9.0  0.52  1.7  27.7
230220261447  0.863  4.8  72.1  9.0  0.57  7.9  27.7
230220261448  0.858  4.9  71.7  9.0  0.62  1.6  27.7
230220261449  0.853  5.1  70.3  9.0  0.58  9.0  27.7
230220261450  0.848  4.9  71.8  7.7  0.65  10.7  27.7
230220261451  0.844  5.2  72.1  7.9  0.67  9.5  27.8
230220261452  0.838  5.5  71.7  9.3  0.61  6.7  27.8
230220261453  0.834  5.8  71.5  9.3  0.69  2.8  27.8
230220261454  0.827  5.7  72.4  9.3  0.68  0.3  27.8
230220261455  0.823  5.8  71.6  9.3  0.74  9.4  27.9
230220261456  0.817  5.9  70.2  9.3  0.70  4.1  27.8
230220261457  0.812  6.0  70.3  9.3  0.61  6.3  27.8
230220261458  0.807  6.1  70.4  9.3  0.73  5.5  27.8
230220261459  0.802  6.0  71.4  9.3  0.78  0.3  27.8
230220261500  0.797  6.3  70.3  9.3  0.68  2.0  27.8
230220261501  0.792  6.1  68.9  9.3  0.75  6.6  27.8
230220261502  0.787  5.9  70.1  9.2  0.67  6.7  27.8
230220261503  0.782  5.7  70.1  8.9  0.81  3.1  27.8
230220261504  0.777  5.8  69.6  8.9  0.84  9.3  27.8
230220261505  0.773  5.5  72.4  7.9  0.84  3.9  27.8
230220261506  0.767  5.2  73.8  7.9  0.77  3.9  27.8
230220261507  0.762  5.2  73.7  8.1  0.77  0.2  27.8
230220261508  0.757  5.3  72.9  8.1  0.75  2.2  27.8
230220261509  0.753  5.3  73.0  8.1  0.74  4.6  27.8
230220261510  0.749  5.1  73.3  8.1  0.83  2.8  27.8
230220261511  0.744  5.1  73.4  8.1  0.82  2.4  27.8
230220261512  0.739  5.3  72.5  8.3  0.91  0.6  27.8
230220261513  0.735  5.1  73.2  8.3  0.86  4.2  27.8
230220261514  0.730  5.0  73.6  8.3  0.87  5.4  27.8
230220261515  0.726  5.3  71.8  8.3  0.88  4.7  27.8
230220261516  0.721  5.5  72.4  8.3  0.84  6.2  27.8
230220261517  0.717  5.4  73.0  8.3  0.85  4.6  27.8
230220261518  0.713  5.2  72.3  8.3  0.79  3.2  27.8
230220261519  0.710  5.3  71.4  10.7  0.90  3.7  27.8
230220261520  0.705  5.4  71.8  10.7  1.01  6.8  27.8
230220261521  0.701  5.4  72.5  10.7  0.82  5.4  27.8
230220261522  0.695  5.3  73.3  10.7  0.99  4.9  27.8
230220261523  0.690  5.4  72.8  10.7  0.98  6.5  27.8
230220261524  0.686  5.4  75.4  10.7  0.91  5.7  27.9
230220261525  0.681  5.3  76.9  10.7  0.86  7.9  27.9
230220261526  0.677  5.3  76.5  10.7  0.90  8.9  27.9
230220261527  0.673  5.2  76.5  10.7  1.01  10.6  27.9
230220261528  0.668  5.2  77.7  10.7  0.88  10.5  27.9
230220261529  0.665  5.1  78.7  9.6  0.88  11.1  27.9
230220261530  0.661  5.2  78.7  9.6  0.85  10.0  27.9
230220261531  0.659  5.2  78.3  9.6  0.97  10.6  27.9
230220261532  0.656  5.2  77.0  9.6  0.97  10.5  28.0
230220261533  0.652  5.1  77.5  8.4  0.97  10.0  28.0
230220261534  0.650  4.8  75.4  8.4  0.96  8.4  28.0
230220261535  0.647  5.0  74.1  8.4  0.99  8.1  28.0
230220261536  0.643  4.9  74.2  8.2  0.94  11.7  28.0
230220261537  0.642  5.0  74.5  8.2  0.84  5.4  28.0
230220261538  0.640  5.1  74.1  8.2  0.99  7.4  28.0
230220261539  0.637  4.9  75.2  8.2  0.84  7.6  28.0
230220261540  0.635  4.8  73.5  8.2  0.81  1.7  28.0
230220261541  0.632  4.6  75.6  8.2  0.72  7.1  28.1
230220261542  0.630  4.7  76.2  8.2  0.82  4.3  28.1
230220261543  0.627  4.8  76.0  8.2  0.77  357.0  28.1
230220261544  0.625  5.1  74.8  8.2  0.73  5.0  28.1
230220261545  0.622  5.1  74.1  8.0  0.78  5.6  28.1
230220261546  0.618  5.3  74.1  8.5  0.77  5.1  28.1
230220261547  0.617  5.4  72.8  8.5  0.62  0.6  28.1
230220261548  0.614  5.5  72.6  8.9  0.77  2.9  28.1
230220261549  0.611  5.8  71.1  8.9  0.72  357.8  28.1
230220261550  0.608  6.0  71.3  8.9  0.58  355.5  28.0
230220261551  0.605  6.2  70.8  8.9  0.67  359.4  28.0
230220261552  0.602  6.2  70.8  9.2  0.71  357.8  28.0
230220261553  0.599  6.4  70.6  9.2  0.66  3.5  28.0
230220261554  0.595  6.6  70.2  10.5  0.72  0.9  28.0
230220261555  0.591  6.6  70.5  10.5  0.77  1.1  28.1
230220261556  0.588  6.6  70.2  10.5  0.72  2.7  28.1
230220261557  0.586  6.5  71.4  10.5  0.84  3.1  28.1
230220261558  0.582  6.5  71.3  10.5  0.74  0.6  28.1
230220261559  0.577  6.4  72.1  10.5  0.69  3.0  28.1
230220261600  0.574  6.3  73.4  10.5  0.82  3.2  28.1
230220261601  0.571  6.3  73.5  10.5  0.84  2.8  28.1
230220261602  0.566  6.3  74.1  10.5  0.81  4.1  28.1
230220261603  0.563  6.2  74.3  10.5  0.76  0.1  28.1
230220261604  0.560  5.9  76.1  9.6  0.77  1.6  28.1
230220261605  0.555  5.9  76.3  9.0  0.82  5.2  28.1
230220261606  0.552  5.9  75.7  9.0  0.69  360.0  28.1
230220261607  0.549  5.9  74.9  9.0  0.84  5.6  28.1
230220261608  0.545  5.9  74.7  8.3  0.91  2.3  28.1
230220261609  0.541  6.1  73.6  9.1  0.70  359.4  28.1
230220261610  0.537  6.1  74.1  9.1  0.83  6.0  28.1
230220261611  0.534  6.3  74.2  9.9  0.87  5.1  28.1
230220261612  0.530  6.2  73.9  9.9  0.86  4.6  28.1
230220261613  0.526  6.4  74.1  9.9  0.84  5.8  28.1
230220261614  0.521  6.4  73.1  9.9  0.91  8.4  28.1
230220261615  0.518  6.4  73.3  9.9  0.93  5.3  28.1
230220261616  0.515  6.4  73.9  9.9  0.84  4.4  28.1
230220261617  0.510  6.5  74.3  9.9  0.79  0.7  28.1
230220261618  0.507  6.5  74.1  9.9  0.89  5.1  28.1
230220261619  0.502  6.4  74.4  9.9  0.83  1.5  28.1
230220261620  0.499  6.3  73.0  9.9  0.96  7.0  28.1
230220261621  0.495  6.1  73.0  9.3  0.82  9.9  28.1
230220261622  0.491  6.2  73.5  10.1  0.80  7.5  28.2
230220261623  0.488  6.0  74.2  10.1  0.90  5.1  28.2
230220261624  0.485  6.1  74.4  10.3  0.82  7.6  28.2
230220261625  0.483  6.0  74.2  10.3  0.84  9.1  28.2
230220261626  0.480  5.9  74.5  10.3  0.74  9.0  28.2
230220261627  0.476  5.7  74.9  10.3  0.86  8.6  28.2
230220261628  0.471  5.6  76.0  10.3  0.69  11.0  28.2
230220261629  0.467  5.7  76.4  10.3  0.79  8.7  28.2
230220261630  0.463  5.7  77.7  10.3  0.83  3.2  28.2
230220261631  0.460  5.9  76.6  10.3  0.81  6.7  28.2
230220261632  0.456  5.9  75.6  10.3  0.79  12.0  28.2
230220261633  0.451  5.7  75.4  10.3  0.74  5.5  28.2
230220261634  0.446  5.3  76.7  9.8  0.84  7.0  28.2
230220261635  0.442  5.1  76.5  9.8  0.79  7.6  28.2
230220261636  0.437  4.6  78.1  9.8  0.81  7.1  28.2
230220261637  0.434  4.5  76.0  9.8  0.75  12.1  28.2
230220261638  0.428  4.3  76.2  9.8  0.53  11.3  28.2
230220261639  0.424  4.2  75.0  8.9  0.90  12.6  28.2
230220261640  0.418  3.9  74.8  8.1  0.59  0.2  28.2
230220261641  0.413  3.5  75.6  8.1  0.83  7.8  28.2
230220261642  0.407  3.0  78.2  7.4  0.76  8.8  28.2
230220261643  0.402  2.6  79.6  7.4  0.88  13.5  28.2
230220261644  0.398  2.6  78.8  7.4  0.82  15.6  28.3
230220261645  0.393  2.4  82.9  7.4  0.76  15.0  28.3
230220261646  0.387  2.7  78.9  7.4  0.78  12.1  28.3
230220261647  0.382  2.6  82.1  7.4  0.74  13.3  28.3
230220261648  0.379  2.7  82.6  7.4  0.90  16.4  28.3
230220261649  0.374  2.7  83.2  7.6  0.89  12.9  28.3
230220261650  0.370  2.7  82.4  7.6  0.87  12.0  28.3
230220261651  0.365  2.8  84.4  7.6  0.79  14.8  28.3
230220261652  0.361  2.7  81.8  7.6  0.86  13.5  28.3
230220261653  0.356  3.0  77.7  7.6  0.78  14.6  28.3
230220261654  0.353  2.9  77.5  7.6  0.95  9.6  28.3
230220261655  0.349  3.2  74.5  10.0  0.92  9.8  28.3
230220261656  0.346  3.5  72.7  10.2  0.92  16.4  28.3
230220261657  0.343  4.0  71.2  10.2  0.85  15.6  28.3
230220261658  0.340  4.1  71.6  10.2  0.92  12.9  28.3
230220261659  0.336  3.9  73.5  10.2  0.99  9.5  28.3
230220261700  0.334  4.0  73.0  10.2  0.87  7.6  28.3
230220261701  0.332  4.4  72.0  10.2  0.82  8.8  28.3
230220261702  0.331  4.9  73.9  10.2  0.99  12.4  28.3
230220261703  0.329  4.9  74.8  10.2  0.92  11.9  28.3
230220261704  0.327  4.7  75.1  10.2  0.80  8.2  28.3
230220261705  0.325  4.8  75.6  10.2  0.81  12.6  28.3
230220261706  0.323  4.6  77.8  8.4  0.74  8.2  28.3
230220261707  0.321  4.5  79.4  8.4  0.78  10.7  28.3
230220261708  0.319  3.9  80.3  8.4  0.74  10.6  28.3
230220261709  0.318  3.9  76.5  8.4  0.82  10.8  28.3
230220261710  0.317  3.9  76.9  8.4  0.80  11.2  28.3
230220261711  0.316  3.7  76.4  7.6  0.83  8.9  28.4
230220261712  0.314  3.4  76.6  7.6  0.88  9.0  28.3
230220261713  0.314  3.2  77.8  7.6  0.72  13.1  28.4
230220261714  0.311  3.4  78.0  7.6  0.85  8.2  28.4
230220261715  0.311  3.0  80.4  7.6  0.78  5.7  28.4
230220261716  0.309  2.6  82.3  7.6  0.78  7.4  28.4
230220261717  0.306  2.3  83.8  7.6  0.74  6.7  28.4
230220261718  0.305  2.5  84.0  7.6  0.77  10.6  28.4
230220261719  0.305  2.2  89.6  7.3  0.76  6.9  28.4
230220261720  0.302  1.9  94.3  6.0  0.72  4.6  28.4
230220261721  0.303  1.8  104.0  6.0  0.70  2.7  28.4
230220261722  0.302  1.7  101.3  6.0  0.66  8.5  28.4
230220261723  0.301  1.8  98.7  5.5  0.74  7.0  28.4
230220261724  0.301  1.9  95.6  6.6  0.73  5.3  28.4
230220261725  0.301  2.0  91.6  6.6  0.83  3.3  28.4
230220261726  0.300  2.0  90.2  6.6  0.74  4.6  28.4
230220261727  0.300  1.9  87.0  6.6  0.63  8.4  28.4
230220261728  0.300  2.0  85.2  6.6  0.63  2.4  28.4
230220261729  0.298  2.1  82.5  6.6  0.67  8.3  28.4
230220261730  0.298  2.3  79.3  6.6  0.79  1.0  28.4
230220261731  0.299  2.5  74.6  6.6  0.63  359.1  28.4
230220261732  0.298  2.3  77.3  6.6  0.70  1.9  28.4
230220261733  0.298  2.0  81.2  6.6  0.61  4.9  28.4
230220261734  0.297  1.8  86.7  6.3  0.68  3.3  28.4
230220261735  0.297  1.9  86.7  6.0  0.54  3.0  28.4
230220261736  0.297  1.9  85.8  6.0  0.66  4.1  28.4
230220261737  0.296  1.9  90.4  6.0  0.72  4.8  28.4
230220261738  0.296  1.9  97.7  6.0  0.74  4.9  28.4
230220261739  0.296  1.9  97.1  6.0  0.74  7.9  28.4
230220261740  0.295  2.0  97.1  7.4  0.68  4.1  28.4
230220261741  0.294  1.9  99.7  7.4  0.74  1.7  28.4
230220261742  0.294  2.2  111.1  9.2  0.62  4.4  28.4
230220261743  0.292  2.3  104.9  9.2  0.64  358.7  28.4
230220261744  0.291  2.2  105.7  9.2  0.72  6.6  28.4
230220261745  0.290  2.1  108.3  9.2  0.70  3.1  28.4
230220261746  0.289  2.3  114.9  9.2  0.60  2.1  28.4
230220261747  0.288  2.4  113.9  9.2  0.74  5.4  28.4
230220261748  0.287  2.4  108.9  9.2  0.67  6.0  28.4
230220261749  0.286  2.3  113.5  9.2  0.73  3.9  28.4
230220261750  0.285  2.1  119.7  9.2  0.71  5.3  28.4
230220261751  0.282  2.1  117.1  9.2  0.58  0.8  28.4
230220261752  0.281  2.1  96.6  7.2  0.64  2.6  28.4
230220261753  0.278  2.1  96.8  7.2  0.63  1.1  28.4
230220261754  0.278  2.2  94.8  7.2  0.66  4.4  28.4
230220261755  0.275  2.4  93.9  7.2  0.67  3.2  28.4
230220261756  0.275  2.3  89.1  7.2  0.59  2.6  28.4
230220261757  0.272  2.3  91.1  7.2  0.73  6.8  28.4
230220261758  0.270  2.2  88.5  7.2  0.81  5.9  28.4
230220261759  0.269  2.4  91.3  7.2  0.76  6.8  28.4
230220261800  0.267  2.5  93.5  7.2  0.65  4.5  28.4
230220261801  0.263  2.3  96.0  7.2  0.70  8.7  28.4
230220261802  0.262  2.1  101.4  4.5  0.76  5.6  28.4
230220261803  0.258  1.9  101.5  4.5  0.75  6.7  28.4
230220261804  0.256  1.9  98.3  4.5  0.85  6.9  28.4
230220261805  0.255  1.9  103.9  5.0  0.77  4.3  28.4
230220261806  0.252  2.0  101.0  5.0  0.72  8.9  28.4
230220261807  0.251  1.8  100.3  5.0  0.78  4.5  28.4
230220261808  0.248  1.9  103.7  5.4  0.77  7.5  28.4
230220261809  0.245  1.9  100.7  5.4  0.92  8.9  28.4
230220261810  0.242  1.9  98.8  5.4  0.83  7.7  28.4
230220261811  0.241  2.1  102.6  5.4  0.72  5.1  28.4
230220261812  0.239  2.2  102.5  5.4  0.79  6.1  28.4
230220261813  0.238  2.3  107.8  5.4  0.84  4.8  28.4
230220261814  0.238  2.4  108.4  5.4  0.85  4.5  28.4
230220261815  0.236  2.4  106.7  5.4  0.72  6.9  28.4
230220261816  0.235  2.4  111.6  6.9  0.84  4.6  28.4
230220261817  0.233  2.4  107.8  6.9  0.90  6.6  28.4
230220261818  0.231  2.1  108.9  6.9  0.84  3.6  28.4
230220261819  0.228  2.3  111.5  6.9  0.75  6.5  28.4
230220261820  0.226  2.3  108.6  6.9  0.76  4.9  28.4
230220261821  0.225  2.2  106.7  6.9  0.74  6.1  28.4
230220261822  0.223  2.1  110.8  6.9  0.74  2.8  28.4
230220261823  0.222  2.1  105.2  6.9  0.76  7.1  28.4
230220261824  0.220  1.9  103.8  6.9  0.72  4.3  28.4
230220261825  0.218  1.7  104.7  6.9  0.76  7.0  28.4
230220261826  0.216  1.5  98.2  5.9  0.64  4.6  28.4
230220261827  0.214  1.8  89.3  7.6  0.69  7.1  28.4
230220261828  0.212  2.1  89.9  7.6  0.79  3.6  28.4
230220261829  0.211  2.0  83.2  7.6  0.70  3.7  28.5
230220261830  0.211  2.0  83.5  7.6  0.72  5.0  28.5
230220261831  0.211  2.1  80.5  7.6  0.82  8.5  28.5
230220261832  0.212  2.2  80.1  7.6  0.69  6.6  28.5
230220261833  0.213  2.3  86.1  7.6  0.72  5.8  28.5
230220261834  0.214  2.4  88.3  7.6  0.66  0.5  28.5
230220261835  0.215  2.6  84.1  7.6  0.67  6.4  28.5
230220261836  0.216  2.7  84.8  7.6  0.60  2.4  28.5
230220261837  0.219  2.7  88.2  7.3  0.66  1.8  28.5
230220261838  0.221  2.7  86.5  6.7  0.67  6.8  28.5
230220261839  0.222  2.6  86.6  6.7  0.62  0.9  28.5
230220261840  0.225  2.4  92.8  6.7  0.54  4.4  28.5
230220261841  0.226  2.2  95.5  6.7  0.69  2.4  28.5
230220261842  0.227  2.1  93.6  6.7  0.63  0.6  28.5
230220261843  0.228  1.9  91.9  6.3  0.58  359.9  28.5
230220261844  0.229  1.7  93.4  6.3  0.57  5.7  28.5
230220261845  0.231  1.6  99.5  5.8  0.56  357.6  28.5
230220261846  0.234  1.7  104.8  5.8  0.45  358.5  28.5
230220261847  0.237  1.5  107.0  5.5  0.50  6.2  28.5
230220261848  0.238  1.2  114.7  5.5  0.33  355.6  28.5
230220261849  0.242  1.1  120.8  5.5  0.54  359.7  28.5
230220261850  0.245  1.0  116.8  4.4  0.49  353.7  28.5
230220261851  0.248  0.9  117.6  4.4  0.41  356.3  28.5
230220261852  0.251  0.7  109.9  4.4  0.51  2.7  28.5
230220261853  0.256  0.7  102.4  4.4  0.41  351.4  28.5
230220261854  0.259  0.9  97.1  4.5  0.45  1.2  28.5
230220261855  0.264  1.1  91.1  5.5  0.48  354.2  28.5
230220261856  0.269  1.1  83.1  5.5  0.42  353.7  28.5
230220261857  0.274  1.2  97.6  5.6  0.30  343.3  28.5
230220261858  0.277  1.5  99.4  6.1  0.42  344.3  28.5
230220261859  0.281  1.7  101.0  6.1  0.42  354.9  28.5
230220261900  0.283  1.9  96.3  6.1  0.33  352.9  28.5
230220261901  0.287  1.8  96.2  6.1  0.22  341.4  28.5
230220261902  0.290  1.8  98.6  6.1  0.34  353.5  28.5
230220261903  0.293  1.9  100.7  6.1  0.23  359.7  28.5
230220261904  0.296  1.7  103.7  6.1  0.22  345.4  28.5
230220261905  0.300  1.6  105.0  6.1  0.13  344.6  28.5
230220261906  0.303  1.6  106.5  6.1  0.21  345.1  28.5
230220261907  0.307  1.7  102.2  6.4  0.12  355.7  28.5
230220261908  0.310  1.6  95.1  6.4  0.28  356.0  28.5
230220261909  0.314  1.8  88.9  6.4  0.23  355.6  28.5
230220261910  0.318  1.8  93.5  6.4  0.26  358.4  28.5
230220261911  0.320  1.9  96.9  6.4  0.12  339.8  28.5
230220261912  0.323  2.1  96.3  6.4  0.06  29.0  28.5
230220261913  0.327  2.0  92.3  6.4  0.06  349.7  28.5
230220261914  0.330  1.9  88.3  6.4  0.21  347.2  28.5
230220261915  0.333  2.0  92.3  6.4  0.13  332.4  28.5
230220261916  0.335  2.1  93.9  6.4  0.07  291.0  28.5
230220261917  0.336  1.8  95.2  5.5  0.16  311.7  28.5
230220261918  0.339  1.6  93.9  4.9  0.05  275.8  28.5
230220261919  0.341  1.4  102.4  4.3  0.09  241.0  28.5
230220261920  0.343  1.5  96.9  4.5  0.18  341.5  28.5
230220261921  0.344  1.7  93.6  4.5  0.13  352.1  28.5
230220261922  0.346  1.9  100.8  5.9  0.07  292.0  28.5
230220261923  0.347  2.1  100.7  5.9  0.08  317.4  28.5
230220261924  0.349  2.3  104.8  5.9  0.11  356.7  28.5
230220261925  0.349  2.4  104.8  5.9  0.12  326.9  28.5
230220261926  0.351  2.2  104.8  5.9  0.07  251.9  28.5
230220261927  0.353  2.1  103.8  5.9  0.07  250.1  28.5
230220261928  0.356  2.2  103.3  5.9  0.05  256.3  28.5
230220261929  0.357  2.1  96.9  5.9  0.09  249.0  28.5
230220261930  0.359  2.1  96.0  5.9  0.16  218.1  28.5
230220261931  0.362  2.0  94.5  5.9  0.04  313.7  28.5
230220261932  0.364  1.9  89.8  5.8  0.08  303.6  28.5
230220261933  0.367  1.9  98.1  5.8  0.09  243.4  28.5
230220261934  0.369  1.7  99.8  5.8  0.05  217.6  28.4
230220261935  0.370  1.6  105.1  4.7  0.10  198.7  28.4
230220261936  0.372  1.7  104.4  4.7  0.21  203.6  28.4
230220261937  0.374  1.7  104.7  4.7  0.08  221.4  28.4
230220261938  0.375  1.6  111.2  4.7  0.19  211.3  28.4
230220261939  0.376  1.7  117.8  4.7  0.16  206.6  28.4
230220261940  0.376  1.5  120.3  4.7  0.07  207.0  28.4
230220261941  0.378  1.4  118.8  4.7  0.22  201.4  28.4
230220261942  0.381  1.3  119.2  4.7  0.04  267.5  28.4
230220261943  0.382  1.3  109.5  5.7  0.08  229.8  28.4
230220261944  0.384  1.5  101.2  5.7  0.12  251.8  28.4
230220261945  0.386  1.4  93.0  5.7  0.04  269.2  28.4
230220261946  0.387  1.5  93.9  5.7  0.10  186.6  28.4
230220261947  0.388  1.5  88.3  5.7  0.02  211.8  28.4
230220261948  0.388  1.9  84.8  6.0  0.06  178.7  28.4
230220261949  0.389  1.9  84.8  6.0  0.12  214.4  28.4
230220261950  0.390  2.1  92.6  6.0  0.09  228.7  28.4
230220261951  0.391  2.1  96.8  6.0  0.03  348.2  28.4
230220261952  0.393  2.3  98.1  6.0  0.08  228.0  28.4
230220261953  0.394  2.4  101.9  6.0  0.08  195.4  28.4
230220261954  0.396  2.2  101.6  6.0  0.10  240.5  28.4
230220261955  0.396  2.1  102.9  6.0  0.16  201.9  28.4
230220261956  0.399  2.1  100.2  6.0  0.08  230.9  28.4
230220261957  0.401  2.4  104.9  6.0  0.15  200.2  28.4
230220261958  0.403  2.3  111.9  5.6  0.15  216.6  28.4
230220261959  0.404  2.4  113.0  5.6  0.06  253.4  28.4
230220262000  0.406  2.4  108.8  5.6  0.15  202.5  28.4
230220262001  0.408  2.4  108.9  5.6  0.16  203.5  28.4
230220262002  0.411  2.1  110.7  5.6  0.31  196.5  28.4
230220262003  0.415  1.6  110.7  5.0  0.12  217.8  28.4
230220262004  0.418  1.7  109.8  5.0  0.26  195.2  28.4
230220262005  0.421  1.7  110.6  5.0  0.24  193.7  28.4
230220262006  0.423  1.5  110.1  5.0  0.17  193.9  28.4
230220262007  0.426  1.4  111.8  4.6  0.25  182.5  28.4
230220262008  0.428  1.4  110.8  4.6  0.17  170.7  28.4
230220262009  0.431  1.2  102.6  4.1  0.30  188.5  28.4
230220262010  0.436  0.9  112.5  4.1  0.20  185.5  28.4
230220262011  0.438  0.9  116.5  4.1  0.24  190.0  28.3
230220262012  0.442  0.9  115.7  4.1  0.26  184.4  28.3
230220262013  0.446  1.1  113.6  4.3  0.15  193.0  28.3
230220262014  0.448  1.0  125.2  4.3  0.23  186.1  28.3
230220262015  0.450  1.0  115.2  4.3  0.25  183.7  28.3
230220262016  0.455  1.1  105.7  6.0  0.24  175.7  28.3
230220262017  0.460  1.1  104.3  6.0  0.16  180.8  28.3
230220262018  0.463  1.0  107.7  6.0  0.12  176.4  28.3
230220262019  0.467  1.1  107.7  6.0  0.10  187.8  28.3
230220262020  0.471  1.2  94.6  6.0  0.26  185.2  28.3
230220262021  0.474  1.4  90.2  6.0  0.26  183.0  28.3
230220262022  0.477  1.5  88.1  6.0  0.27  177.9  28.3
230220262023  0.482  1.6  88.6  6.0  0.22  196.0  28.3
230220262024  0.486  1.9  90.0  6.0  0.27  182.9  28.3
230220262025  0.491  2.0  91.6  6.0  0.25  190.9  28.3
230220262026  0.496  2.0  94.3  5.5  0.26  185.2  28.3
230220262027  0.499  1.9  89.7  5.5  0.18  220.1  28.3
230220262028  0.503  1.8  85.9  5.5  0.23  201.4  28.3
230220262029  0.507  1.7  88.1  5.5  0.29  198.1  28.3
230220262030  0.511  1.6  86.0  5.5  0.25  204.4  28.3
230220262031  0.516  1.5  89.6  5.5  0.16  192.8  28.3
230220262032  0.521  1.6  92.9  5.5  0.47  189.0  28.3
230220262033  0.527  1.6  89.7  5.5  0.50  192.7  28.3
230220262034  0.532  1.5  85.3  4.0  0.38  190.6  28.3
230220262035  0.537  1.5  89.7  4.5  0.44  196.8  28.3
230220262036  0.542  1.5  99.2  5.0  0.28  190.0  28.3
230220262037  0.547  1.7  100.7  5.0  0.34  197.5  28.3
230220262038  0.552  1.8  98.1  5.0  0.49  198.0  28.3
230220262039  0.559  2.1  88.3  5.7  0.40  191.7  28.3
230220262040  0.563  2.1  90.2  5.7  0.43  190.8  28.3
230220262041  0.570  2.1  89.1  5.7  0.49  194.4  28.2
230220262042  0.575  1.8  91.9  5.7  0.42  180.1  28.2
230220262043  0.581  1.9  87.1  6.4  0.32  185.5  28.2
230220262044  0.586  2.4  85.4  11.2  0.46  184.2  28.2
230220262045  0.591  2.8  81.8  11.2  0.35  177.1  28.2
230220262046  0.596  3.5  75.0  11.2  0.57  186.1  28.2
230220262047  0.600  4.0  75.8  11.2  0.68  186.9  28.2
230220262048  0.606  4.4  76.4  12.5  0.57  179.6  28.2
230220262049  0.611  4.4  80.0  12.5  0.45  172.2  28.2
230220262050  0.616  4.9  80.1  12.5  0.61  177.2  28.2
230220262051  0.620  5.3  79.2  12.5  0.54  170.3  28.2
230220262052  0.626  5.8  77.1  12.5  0.54  170.7  28.2
230220262053  0.630  5.9  77.8  12.5  0.60  172.9  28.2
230220262054  0.636  5.6  76.8  12.5  0.42  164.4  28.2
230220262055  0.640  5.4  77.0  12.5  0.60  173.3  28.2
230220262056  0.644  5.1  77.8  12.5  0.51  170.4  28.2
230220262057  0.650  4.8  79.1  12.5  0.60  172.9  28.2
230220262058  0.653  4.7  78.5  9.2  0.71  173.3  28.2
230220262059  0.658  4.5  77.8  9.2  0.67  174.0  28.2
230220262100  0.663  4.2  78.5  8.2  0.74  174.9  28.2
230220262101  0.668  4.4  76.4  9.1  0.53  171.6  28.2
230220262102  0.671  4.4  76.3  9.1  0.55  173.9  28.2
230220262103  0.675  4.2  76.6  9.1  0.65  171.3  28.2
230220262104  0.678  4.3  76.0  9.1  0.53  171.3  28.2
230220262105  0.683  4.2  76.2  10.4  0.61  174.3  28.2
230220262106  0.687  3.7  78.8  10.4  0.72  174.6  28.2
230220262107  0.691  3.5  74.4  10.4  0.82  178.2  28.2
230220262108  0.696  3.3  74.6  10.4  0.74  177.4  28.2
230220262109  0.700  3.7  74.6  10.4  0.70  169.4  28.2
230220262110  0.704  4.0  74.1  11.0  0.74  171.1  28.1
230220262111  0.707  3.6  77.5  11.0  0.76  174.8  28.1
230220262112  0.712  3.5  78.5  11.0  0.83  171.5  28.1
230220262113  0.717  3.5  81.9  11.0  0.90  171.0  28.1
230220262114  0.721  3.2  84.0  11.0  0.88  174.2  28.1
230220262115  0.725  2.8  82.7  11.0  0.78  167.7  28.1
230220262116  0.729  2.8  80.4  11.0  0.87  171.0  28.1
230220262117  0.732  2.8  78.7  11.0  0.89  173.0  28.1
230220262118  0.735  2.9  76.0  11.0  0.79  170.2  28.1
230220262119  0.741  2.8  75.5  11.0  0.75  168.3  28.1
230220262120  0.743  2.8  77.7  7.9  0.83  169.4  28.1
230220262121  0.747  2.7  77.9  7.9  0.76  165.3  28.1
230220262122  0.750  2.7  78.2  7.9  0.98  173.3  28.1
230220262123  0.754  2.8  75.0  7.9  0.91  172.4  28.1
230220262124  0.759  2.9  74.0  7.9  0.94  169.7  28.1
230220262125  0.763  3.1  73.9  7.9  0.83  169.3  28.1
230220262126  0.766  3.1  74.6  7.9  0.84  171.6  28.1
230220262127  0.770  3.3  78.7  7.9  0.88  168.8  28.1
230220262128  0.775  3.0  83.1  7.9  0.87  170.4  28.1
230220262129  0.777  2.8  83.8  7.5  0.87  169.1  28.1
230220262130  0.782  2.3  82.1  6.3  0.87  168.3  28.1
230220262131  0.786  2.3  80.2  6.3  0.84  165.3  28.1
230220262132  0.788  2.6  76.4  11.8  0.94  169.9  28.1
230220262133  0.792  2.8  75.0  11.8  0.98  171.4  28.1
230220262134  0.795  3.3  76.0  11.8  0.89  166.8  28.1
230220262135  0.798  3.7  77.4  11.8  0.93  168.4  28.1
230220262136  0.802  4.4  76.3  11.8  0.98  169.3  28.1
230220262137  0.806  4.5  76.9  11.8  0.85  165.1  28.1
230220262138  0.810  4.8  74.8  11.8  0.72  166.4  28.1
230220262139  0.814  5.0  74.7  11.8  0.93  171.9  28.1
230220262140  0.819  5.7  73.2  11.8  0.76  169.4  28.1
230220262141  0.823  6.0  74.2  11.8  0.90  168.8  28.1
230220262142  0.828  5.8  75.0  11.4  0.77  171.1  28.1
230220262143  0.834  5.9  75.3  11.4  0.85  168.8  28.1
230220262144  0.839  5.9  74.5  9.9  0.82  170.4  28.1
230220262145  0.843  5.8  75.0  9.9  0.80  169.6  28.1
230220262146  0.848  5.6  75.7  9.6  0.93  170.4  28.1
230220262147  0.851  5.9  74.1  9.6  0.81  169.9  28.1
230220262148  0.855  6.2  74.2  9.6  0.85  170.4  28.1
230220262149  0.861  6.6  74.0  10.4  0.87  166.1  28.1
230220262150  0.864  6.6  75.8  11.5  0.92  174.3  28.1
230220262151  0.869  6.8  74.6  11.5  0.82  176.6  28.1
230220262152  0.873  7.1  74.3  11.5  0.64  183.2  28.1
230220262153  0.877  7.2  74.8  11.5  0.76  180.7  28.1
230220262154  0.882  7.5  74.5  14.0  0.79  179.0  28.1
230220262155  0.886  7.9  72.8  14.0  0.87  178.7  28.1
230220262156  0.891  7.9  72.5  14.0  0.66  184.9  28.1
230220262157  0.895  7.8  72.2  14.0  0.73  180.7  28.0
230220262158  0.901  7.4  72.8  14.0  0.72  178.1  28.0
230220262159  0.908  7.1  72.1  14.0  0.81  178.2  28.0
230220262200  0.912  6.7  72.1  14.0  0.76  177.7  28.0
230220262201  0.917  6.4  72.5  14.0  0.84  179.7  28.0
230220262202  0.923  6.3  73.5  14.0  0.79  177.6  28.0
230220262203  0.928  6.1  72.9  14.0  0.74  179.8  28.0
230220262204  0.932  5.6  74.1  13.3  0.77  178.2  28.0
230220262205  0.938  4.8  75.7  11.3  0.72  179.7  28.0
230220262206  0.941  4.7  76.8  11.3  0.80  181.0  27.9
230220262207  0.946  4.4  80.1  11.3  0.83  174.9  27.9
230220262208  0.952  4.5  79.7  11.3  0.68  176.8  27.9
230220262209  0.959  4.2  82.8  11.3  0.70  174.5  27.9
230220262210  0.965  3.9  83.8  11.3  0.76  176.5  27.9
230220262211  0.971  3.4  84.6  11.3  0.74  176.1  27.9
230220262212  0.977  3.0  85.2  8.7  0.65  176.0  27.9
230220262213  0.983  2.7  88.5  8.2  0.72  177.1  27.9
230220262214  0.989  2.5  89.2  7.2  0.73  179.1  28.0
230220262215  0.995  2.5  93.5  7.2  0.64  176.9  28.0
230220262216  1.001  2.4  92.8  7.6  0.72  177.5  28.0
230220262217  1.007  2.7  87.9  9.7  0.68  178.1  28.0
230220262218  1.015  3.0  85.3  10.7  0.72  173.6  28.0
230220262219  1.021  3.2  85.6  10.7  0.77  178.2  28.0
230220262220  1.027  3.9  80.4  10.7  0.70  179.9  28.0
230220262221  1.033  4.5  80.5  10.7  0.76  179.1  28.0
230220262222  1.038  4.7  80.1  10.7  0.84  178.2  28.0
230220262223  1.045  5.1  78.2  10.7  0.76  179.4  28.0
230220262224  1.050  5.2  78.7  10.7  0.83  179.2  28.0
230220262225  1.054  5.1  76.7  10.7  0.76  181.4  28.1
230220262226  1.060  5.2  77.8  10.7  0.70  179.3  28.1
230220262227  1.064  4.9  78.1  10.7  0.75  179.7  28.1
230220262228  1.069  4.7  79.5  10.6  0.77  186.5  28.1
230220262229  1.075  4.6  77.8  10.6  0.61  193.3  28.1
230220262230  1.078  4.1  81.7  10.3  0.59  188.9  28.1
230220262231  1.083  4.0  79.5  8.9  0.58  190.4  28.1
230220262232  1.088  3.6  81.8  7.8  0.70  192.9  28.1
230220262233  1.092  3.3  88.3  7.7  0.65  186.4  28.1
230220262234  1.094  3.0  90.9  7.3  0.76  187.7  28.0
230220262235  1.099  3.1  90.6  7.3  0.83  191.8  28.0
230220262236  1.101  2.9  89.8  7.0  0.71  184.8  28.0
230220262237  1.105  2.7  88.4  7.0  0.65  188.3  28.0
230220262238  1.110  2.6  89.8  6.9  0.74  189.4  28.0
230220262239  1.113  2.3  93.4  6.9  0.70  188.1  28.0
230220262240  1.118  2.2  89.6  6.9  0.69  189.7  28.0
230220262241  1.122  2.2  93.0  6.9  0.83  183.8  28.0
230220262242  1.126  2.2  90.1  6.9  0.85  179.3  28.0
230220262243  1.130  2.2  79.0  6.9  0.96  180.4  27.9
230220262244  1.132  2.4  76.7  6.9  0.93  177.4  27.9
230220262245  1.135  2.7  76.1  8.3  1.00  177.8  27.9
230220262246  1.138  2.9  74.4  8.3  0.90  177.8  27.9
230220262247  1.142  3.3  77.3  9.3  0.87  180.6  27.9
230220262248  1.145  3.4  76.9  9.3  0.84  183.5  27.9
230220262249  1.148  4.0  75.2  9.3  0.80  179.8  27.9
230220262250  1.151  4.2  75.5  9.3  0.66  183.4  27.9
230220262251  1.154  4.2  75.7  9.3  0.81  183.6  27.9
230220262252  1.158  4.6  77.1  11.5  0.75  181.6  27.9
230220262253  1.160  5.0  78.7  11.5  0.77  177.0  27.9
230220262254  1.164  5.0  79.1  11.5  0.82  183.2  27.9
230220262255  1.166  4.7  78.7  11.5  0.83  181.1  27.8
230220262256  1.169  4.3  80.6  11.5  0.91  184.9  27.8
230220262257  1.171  4.2  78.8  11.5  0.81  180.7  27.8
230220262258  1.174  4.4  77.5  11.5  0.82  184.0  27.8
230220262259  1.176  4.3  78.5  11.5  0.92  180.8  27.8
230220262300  1.178  4.4  80.1  11.5  0.84  178.4  27.8
230220262301  1.180  4.5  80.9  11.5  0.83  178.8  27.8
230220262302  1.183  4.4  78.5  10.2  0.76  177.9  27.8
230220262303  1.185  4.0  79.1  10.2  0.76  178.7  27.8
230220262304  1.188  3.9  76.6  10.2  0.73  184.4  27.8
230220262305  1.190  4.1  77.1  10.2  0.89  178.5  27.8
230220262306  1.194  4.6  76.7  11.7  0.85  183.6  27.7
230220262307  1.197  4.4  78.7  11.7  0.87  176.1  27.7
230220262308  1.200  4.0  79.0  11.7  0.74  174.0  27.7
230220262309  1.203  3.6  80.5  11.7  0.86  177.5  27.7
230220262310  1.205  3.0  80.5  11.7  0.96  178.3  27.7
230220262311  1.210  2.6  82.5  11.7  0.77  178.1  27.7
230220262312  1.214  2.5  83.0  11.7  0.88  179.9  27.7
230220262313  1.219  2.5  79.1  11.7  0.88  182.0  27.7
230220262314  1.223  2.6  80.6  11.7  0.74  180.4  27.7
230220262315  1.226  2.5  81.3  11.7  0.75  180.9  27.7
230220262316  1.230  2.2  81.3  9.7  0.72  180.4  27.7
230220262317  1.234  2.0  81.9  9.7  0.56  186.6  27.7
230220262318  1.237  1.9  84.1  9.7  0.58  187.1  27.7
230220262319  1.241  2.0  84.5  9.7  0.55  179.3  27.7
230220262320  1.244  2.5  80.1  9.7  0.67  178.9  27.7
230220262321  1.247  2.6  78.5  9.7  0.65  178.6  27.7
230220262322  1.251  2.4  85.7  9.7  0.59  180.2  27.7
230220262323  1.254  2.5  90.6  9.7  0.62  183.3  27.7
230220262324  1.257  2.2  94.1  8.9  0.64  180.2  27.7
230220262325  1.261  2.5  92.2  8.9  0.54  179.9  27.7
230220262326  1.265  2.1  96.4  8.9  0.62  179.6  27.7
230220262327  1.268  2.0  97.6  8.9  0.74  180.5  27.7
230220262328  1.272  2.1  102.7  8.9  0.72  178.3  27.7
230220262329  1.275  2.0  100.4  8.9  0.75  175.4  27.7
230220262330  1.278  1.7  112.5  7.7  0.80  176.9  27.7
230220262331  1.283  1.6  114.5  7.7  0.67  173.0  27.7
230220262332  1.287  1.4  112.5  7.7  0.74  178.7  27.7
230220262333  1.291  1.4  102.1  7.7  0.87  178.1  27.7
230220262334  1.295  1.5  96.7  7.7  0.91  174.3  27.7
230220262335  1.299  1.4  94.4  7.0  0.90  173.9  27.7
230220262336  1.302  1.6  90.9  7.0  0.88  177.3  27.7
230220262337  1.308  1.7  86.7  7.0  0.86  172.1  27.7
230220262338  1.313  1.6  84.4  5.7  0.86  174.8  27.7
230220262339  1.316  1.7  91.2  5.7  0.86  174.8  27.7
230220262340  1.322  1.6  89.3  5.7  0.83  173.8  27.7
230220262341  1.327  1.6  86.5  5.7  1.02  173.8  27.7
230220262342  1.333  1.7  83.8  5.7  1.04  171.6  27.7
230220262343  1.337  1.5  95.4  5.4  0.94  175.4  27.7
230220262344  1.341  1.4  104.8  5.4  1.01  178.3  27.7
230220262345  1.345  1.3  106.2  5.2  0.94  177.2  27.7
230220262346  1.350  1.3  106.7  5.2  0.97  176.5  27.7
230220262347  1.353  1.3  107.0  5.2  0.98  178.8  27.7
230220262348  1.357  1.2  105.9  5.2  0.90  172.7  27.7
230220262349  1.360  1.2  108.8  4.8  0.89  179.3  27.7
230220262350  1.363  1.4  108.6  4.8  0.83  178.0  27.7
230220262351  1.367  1.6  112.6  4.8  0.79  178.4  27.7
230220262352  1.370  1.9  114.7  5.3  0.94  175.5  27.6
230220262353  1.374  2.0  114.2  5.3  0.82  173.9  27.6
230220262354  1.377  2.1  110.2  5.3  0.83  173.2  27.6
230220262355  1.379  2.1  115.9  5.3  0.93  177.6  27.6
230220262356  1.383  2.0  116.0  5.3  0.82  179.5  27.6
230220262357  1.386  2.2  107.6  7.9  0.92  178.9  27.6
230220262358  1.387  2.2  110.1  7.9  0.79  181.1  27.6
230220262359  1.390  2.1  107.8  7.9  0.88  180.7  27.6
240220260000  1.393  1.9  101.4  7.9  0.73  182.5  27.6
240220260001  1.396  1.9  98.7  7.9  0.85  182.9  27.6
240220260002  1.398  1.7  100.1  7.9  0.85  175.4  27.6
240220260003  1.400  1.5  88.1  7.9  0.87  179.3  27.6
240220260004  1.401  1.4  88.3  7.9  0.85  177.7  27.6
240220260005  1.401  1.8  82.5  10.2  0.85  180.0  27.6
240220260006  1.403  2.0  84.6  10.2  0.71  178.1  27.6
240220260007  1.404  1.8  87.6  10.2  0.66  177.4  27.6
240220260008  1.405  1.9  84.3  10.2  0.70  175.2  27.6
240220260009  1.405  1.6  82.0  10.2  0.78  174.7  27.6
240220260010  1.404  1.6  100.1  10.2  0.77  177.1  27.6
240220260011  1.405  1.6  95.3  10.2  0.76  173.3  27.6
240220260012  1.405  1.6  91.8  10.2  0.72  172.1  27.6
240220260013  1.404  1.8  90.5  10.2  0.66  178.1  27.6
240220260014  1.402  1.8  93.3  10.2  0.71  180.7  27.6
240220260015  1.402  1.4  96.4  7.5  0.61  180.8  27.6
240220260016  1.400  1.5  96.1  7.7  0.57  182.1  27.5
240220260017  1.399  1.8  103.6  7.7  0.55  181.4  27.5
240220260018  1.399  2.0  98.9  7.7  0.50  175.1  27.5
240220260019  1.398  2.4  93.4  7.7  0.68  175.0  27.5
240220260020  1.396  2.6  86.2  7.7  0.61  170.2  27.5
240220260021  1.396  2.4  87.8  7.7  0.61  168.0  27.5
240220260022  1.395  2.6  85.4  7.7  0.73  174.5  27.5
240220260023  1.395  2.5  88.1  7.7  0.58  174.1  27.5
240220260024  1.395  2.8  87.1  7.7  0.50  172.7  27.5
240220260025  1.396  3.1  90.2  7.7  0.63  171.3  27.5
240220260026  1.396  2.9  91.3  6.9  0.60  167.5  27.5
240220260027  1.398  2.7  89.5  6.9  0.66  173.8  27.5
240220260028  1.400  2.4  90.5  6.9  0.45  168.4  27.5
240220260029  1.401  2.2  93.8  6.9  0.50  177.0  27.4
240220260030  1.404  2.1  92.0  6.9  0.50  168.5  27.4
240220260031  1.406  2.1  94.0  6.9  0.57  173.7  27.4
240220260032  1.410  1.9  96.8  6.9  0.41  176.4  27.4
240220260033  1.412  1.8  95.7  6.9  0.40  177.4  27.4
240220260034  1.414  1.5  95.7  5.1  0.60  174.4  27.4
240220260035  1.416  1.3  98.8  5.1  0.54  169.6  27.4
240220260036  1.418  1.2  98.7  5.1  0.52  163.9  27.4
240220260037  1.420  1.2  93.8  5.1  0.59  173.4  27.3
240220260038  1.421  1.2  102.0  5.1  0.59  168.8  27.3
240220260039  1.423  1.1  94.1  5.1  0.51  167.4  27.3
240220260040  1.425  1.2  103.9  5.1  0.68  176.5  27.3
240220260041  1.426  1.4  104.7  5.1  0.56  171.4  27.2
240220260042  1.427  1.4  110.1  4.4  0.62  173.9  27.2
240220260043  1.428  1.5  112.0  4.4  0.58  168.1  27.2
240220260044  1.430  1.5  116.1  4.4  0.47  161.4  27.2
240220260045  1.430  1.5  116.5  4.4  0.53  163.8  27.2
240220260046  1.432  1.5  113.1  4.4  0.63  172.3  27.2
240220260047  1.432  1.5  115.4  4.4  0.65  171.5  27.2
240220260048  1.433  1.3  109.9  4.4  0.48  166.4  27.2
240220260049  1.435  1.4  115.2  4.4  0.61  176.4  27.3
240220260050  1.434  1.2  112.2  4.4  0.68  177.0  27.3
240220260051  1.435  1.2  121.6  6.0  0.75  177.0  27.3
240220260052  1.435  1.3  113.9  6.0  0.70  183.9  27.3
240220260053  1.435  1.4  116.0  6.0  0.69  174.6  27.3
240220260054  1.435  1.4  101.6  6.0  0.62  173.1  27.3
240220260055  1.435  1.5  95.3  6.0  0.45  164.5  27.3
240220260056  1.435  1.3  100.7  6.0  0.51  165.0  27.3
240220260057  1.435  1.1  95.1  6.0  0.40  158.1  27.2
240220260058  1.435  1.4  94.1  6.0  0.62  170.8  27.2
240220260059  1.436  1.7  88.0  6.0  0.48  165.7  27.2
240220260100  1.436  2.1  84.5  6.0  0.61  169.9  27.2
240220260101  1.437  2.5  76.6  8.2  0.50  166.1  27.2
240220260102  1.438  2.7  74.7  8.2  0.50  172.1  27.2
240220260103  1.438  2.9  72.6  8.2  0.41  170.1  27.2
240220260104  1.441  3.1  76.3  8.2  0.45  162.9  27.2
240220260105  1.441  3.2  75.2  8.2  0.54  172.7  27.2
240220260106  1.441  3.8  76.2  8.2  0.61  174.2  27.2
240220260107  1.441  3.9  79.0  8.2  0.50  170.0  27.2
240220260108  1.442  4.1  77.0  9.7  0.46  168.9  27.2
240220260109  1.444  4.4  78.6  9.7  0.44  173.2  27.2
240220260110  1.445  4.3  81.1  9.7  0.37  167.6  27.2
240220260111  1.445  4.0  82.3  9.7  0.43  157.6  27.2
240220260112  1.446  3.9  81.7  9.7  0.41  157.7  27.2
240220260113  1.446  4.1  81.1  9.7  0.39  156.3  27.2
240220260114  1.447  4.0  80.6  9.7  0.35  167.7  27.2
240220260115  1.448  3.8  82.3  9.7  0.35  165.1  27.2
240220260116  1.448  3.4  82.0  9.7  0.51  161.8  27.2
240220260117  1.449  3.3  79.7  9.7  0.40  159.6  27.2
240220260118  1.449  3.1  80.1  8.9  0.51  161.2  27.2
240220260119  1.449  2.9  78.6  8.9  0.50  168.8  27.1
240220260120  1.449  2.8  77.7  8.9  0.53  157.7  27.1
240220260121  1.448  2.8  75.9  8.9  0.45  168.1  27.1
240220260122  1.449  2.6  78.1  8.9  0.46  168.6  27.1
240220260123  1.449  2.4  80.2  7.6  0.51  169.2  27.1
240220260124  1.447  2.4  81.4  7.6  0.55  166.3  27.1
240220260125  1.447  2.5  79.7  7.6  0.45  169.4  27.1
240220260126  1.445  2.6  79.2  7.6  0.48  174.2  27.1
240220260127  1.445  2.8  79.1  7.6  0.37  162.9  27.1
240220260128  1.445  2.6  84.8  7.6  0.40  168.3  27.1
240220260129  1.444  2.4  83.7  5.4  0.41  172.4  27.1
240220260130  1.445  2.4  79.7  5.4  0.36  165.8  27.1
240220260131  1.443  2.4  79.1  5.4  0.38  165.8  27.1
240220260132  1.443  2.6  77.7  5.5  0.34  166.4  27.0
240220260133  1.442  2.6  77.0  5.5  0.42  167.7  27.0
240220260134  1.441  2.8  76.9  7.0  0.32  170.5  27.1
240220260135  1.439  3.0  76.7  7.0  0.29  157.6  27.1
240220260136  1.439  3.3  76.9  7.0  0.30  173.0  27.1
240220260137  1.437  3.1  78.9  7.0  0.29  161.4  27.1
240220260138  1.435  3.1  78.0  7.0  0.28  153.4  27.1
240220260139  1.434  2.9  84.2  7.0  0.31  160.7  27.1
240220260140  1.433  2.5  88.0  7.0  0.29  157.9  27.0
240220260141  1.431  2.4  93.0  7.0  0.36  168.7  27.0
240220260142  1.430  2.4  95.1  7.0  0.30  160.5  27.0
240220260143  1.428  2.2  95.2  7.0  0.26  168.7  27.0
240220260144  1.426  1.9  102.2  6.1  0.44  163.5  27.0
240220260145  1.424  1.6  111.3  5.9  0.35  160.8  27.0
240220260146  1.422  1.3  127.3  5.5  0.30  161.4  27.0
240220260147  1.419  1.0  130.2  5.5  0.35  159.6  27.0
240220260148  1.417  1.0  129.8  5.5  0.41  164.0  27.0
240220260149  1.416  1.0  120.2  5.5  0.34  148.5  27.0
240220260150  1.413  1.0  121.6  5.5  0.25  139.6  27.0
240220260151  1.413  0.9  116.8  5.5  0.40  166.3  27.0
240220260152  1.411  0.7  122.2  3.9  0.33  174.7  27.0
240220260153  1.409  0.6  136.2  3.9  0.33  181.4  27.0
240220260154  1.405  0.5  141.4  3.5  0.35  181.2  27.0
240220260155  1.403  0.5  139.2  3.5  0.27  164.5  27.0
240220260156  1.399  0.6  111.9  3.5  0.21  169.6  27.0
240220260157  1.395  0.8  111.8  3.5  0.21  143.2  27.0
240220260158  1.393  0.9  105.7  3.5  0.31  167.8  27.0
240220260159  1.390  0.9  102.1  3.5  0.36  174.2  27.0
240220260200  1.387  1.0  97.6  3.5  0.27  179.7  27.0
240220260201  1.384  1.1  104.3  3.5  0.24  160.9  27.0
240220260202  1.381  1.0  102.7  3.5  0.22  148.6  27.0
240220260203  1.378  1.2  92.6  3.5  0.26  143.2  27.0
240220260204  1.375  1.2  84.0  3.5  0.27  148.8  27.0
240220260205  1.374  1.3  79.0  3.5  0.24  164.3  27.0
240220260206  1.370  1.3  80.8  3.2  0.22  144.3  27.0
240220260207  1.367  1.4  81.4  3.2  0.13  142.6  27.0
240220260208  1.364  1.4  77.1  3.2  0.22  125.4  27.0
240220260209  1.362  1.3  77.2  3.2  0.11  81.2  27.0
240220260210  1.360  1.3  77.0  3.2  0.11  50.2  27.0
240220260211  1.357  1.3  72.2  3.2  0.13  118.4  27.0
240220260212  1.355  1.4  74.3  3.2  0.18  127.1  27.0
240220260213  1.355  1.3  80.8  3.2  0.15  140.8  27.0
240220260214  1.352  1.2  85.7  3.2  0.16  170.9  27.0
240220260215  1.352  1.0  88.2  3.2  0.19  165.2  27.0
240220260216  1.351  0.8  86.9  2.8  0.27  165.7  27.0
240220260217  1.350  0.9  87.9  4.3  0.15  174.4  27.0
240220260218  1.349  0.9  94.0  4.3  0.35  169.4  27.0
240220260219  1.348  0.8  97.7  4.3  0.21  169.0  27.0
240220260220  1.346  0.7  100.9  4.3  0.09  100.0  27.0
240220260221  1.346  0.7  107.0  4.3  0.16  146.4  27.0
240220260222  1.344  0.6  127.8  4.3  0.12  179.0  27.0
240220260223  1.344  0.7  133.7  4.3  0.14  165.2  27.0
240220260224  1.343  0.7  135.1  4.3  0.07  174.5  27.0
240220260225  1.339  0.8  135.2  4.3  0.08  118.0  27.0
240220260226  1.337  0.8  136.5  4.3  0.22  176.9  27.0
240220260227  1.335  0.8  150.7  3.2  0.09  109.0  27.0
240220260228  1.331  0.9  155.9  3.2  0.16  146.9  27.0
240220260229  1.329  1.0  150.5  3.2  0.10  123.6  27.0
240220260230  1.327  1.1  141.0  3.2  0.12  141.1  27.0
240220260231  1.324  1.1  133.4  3.2  0.14  157.9  27.0
240220260232  1.321  1.0  125.6  3.2  0.11  149.8  27.0
240220260233  1.319  1.1  109.3  3.9  0.11  155.5  27.0
240220260234  1.315  1.3  98.9  4.5  0.05  156.3  27.0
240220260235  1.311  1.3  99.5  4.5  nan  nan  nan
240220260236  1.307  1.2  102.5  4.5  0.04  57.0  27.0
240220260237  1.302  1.2  97.4  4.5  0.05  34.6  27.0
240220260238  1.299  1.4  92.0  4.5  0.11  8.1  27.0
240220260239  1.296  1.6  82.9  6.4  0.07  221.0  27.0
240220260240  1.291  1.7  85.6  6.4  0.13  24.7  27.0
240220260241  1.288  1.8  84.3  6.4  0.08  356.0  27.0
240220260242  1.285  2.0  80.8  6.4  0.15  14.6  27.0
240220260243  1.282  1.9  87.7  6.4  0.05  75.4  27.0
240220260244  1.279  1.7  93.7  6.4  0.19  345.9  27.0
240220260245  1.276  1.7  95.5  6.4  0.12  7.2  27.0
240220260246  1.274  1.8  94.0  6.4  0.22  1.4  27.0
240220260247  1.271  1.8  91.2  6.4  0.14  4.4  27.0
240220260248  1.268  1.7  95.2  6.4  0.14  22.3  27.0
240220260249  1.266  1.4  100.9  4.5  0.06  49.6  27.0
240220260250  1.265  1.4  91.1  4.8  0.05  46.9  27.0
240220260251  1.263  1.7  86.1  5.1  0.12  357.1  27.0
240220260252  1.262  1.6  88.3  5.1  0.22  3.3  27.0
240220260253  1.261  1.6  80.8  5.1  0.02  10.0  27.0
240220260254  1.259  1.7  78.5  5.1  0.14  340.0  27.0
240220260255  1.258  1.8  76.4  5.1  0.21  343.9  27.0
240220260256  1.257  2.0  74.8  5.1  0.22  358.4  27.0
240220260257  1.255  2.1  74.0  5.1  0.29  353.7  27.0
240220260258  1.255  2.3  68.8  5.1  0.16  353.5  27.0
240220260259  1.253  2.6  68.3  5.1  0.06  326.2  27.0
240220260300  1.251  2.5  71.5  5.1  0.12  2.3  27.0
240220260301  1.251  2.3  72.4  4.2  0.10  355.1  27.0
240220260302  1.249  2.3  76.7  4.2  0.19  1.8  27.0
240220260303  1.246  2.1  79.7  4.2  0.16  20.2  27.0
240220260304  1.244  2.1  75.7  4.2  0.13  17.0  27.0
240220260305  1.242  2.2  75.3  4.2  0.08  14.1  27.0
240220260306  1.241  1.8  82.9  4.2  0.24  2.6  27.0
240220260307  1.239  1.5  87.7  4.2  0.15  21.3  27.0
240220260308  1.236  1.5  85.3  4.5  0.07  330.8  27.0
240220260309  1.235  1.5  81.6  5.1  0.13  12.5  27.0
240220260310  1.232  1.4  80.8  5.1  0.13  356.6  27.0
240220260311  1.228  1.3  79.7  5.1  0.05  3.7  27.0
240220260312  1.226  1.4  74.2  5.1  0.06  331.6  27.0
240220260313  1.223  1.4  70.1  5.1  0.12  343.0  27.0
240220260314  1.220  1.5  74.4  5.1  0.13  5.7  27.0
240220260315  1.216  1.5  77.0  5.1  0.12  325.0  27.0
240220260316  1.212  1.7  69.8  5.1  0.28  355.5  27.0
240220260317  1.207  1.7  70.8  5.1  0.17  4.7  27.0
240220260318  1.202  1.4  75.1  5.1  0.18  11.3  27.0
240220260319  1.199  1.0  81.5  2.8  0.16  1.5  27.1
240220260320  1.194  0.8  82.3  2.8  0.15  351.3  27.1
240220260321  1.189  0.8  82.8  2.5  0.21  345.6  27.1
240220260322  1.185  0.7  82.8  2.5  0.23  348.2  27.1
240220260323  1.178  0.6  99.6  2.5  0.33  353.9  27.1
240220260324  1.172  0.6  110.6  2.4  0.29  356.7  27.1
240220260325  1.166  0.6  114.8  2.5  0.23  357.8  27.1
240220260326  1.161  0.8  118.1  2.5  0.25  348.7  27.1
240220260327  1.154  1.0  118.4  3.4  0.21  338.6  27.1
240220260328  1.150  1.2  120.9  3.7  0.24  345.7  27.1
240220260329  1.143  1.5  121.6  3.7  0.26  341.9  27.1
240220260330  1.138  1.7  118.3  3.7  0.27  357.7  27.1
240220260331  1.134  1.7  120.5  3.7  0.32  2.9  27.1
240220260332  1.127  1.8  121.3  3.7  0.23  11.0  27.1
240220260333  1.124  1.8  123.0  3.7  0.33  15.7  27.1
240220260334  1.120  1.9  126.1  3.7  0.27  357.8  27.1
240220260335  1.116  1.9  129.0  3.7  0.38  348.4  27.1
240220260336  1.112  2.0  133.5  3.9  0.42  12.1  27.1
240220260337  1.110  2.0  136.7  3.9  0.42  7.6  27.1
240220260338  1.107  2.0  138.3  3.9  0.52  11.5  27.2
240220260339  1.105  1.8  140.0  3.9  0.42  3.9  27.2
240220260340  1.103  1.9  141.7  3.9  0.63  12.1  27.2
240220260341  1.101  1.8  141.2  3.9  0.66  13.5  27.2
240220260342  1.100  1.8  140.1  3.9  0.51  15.5  27.2
240220260343  1.097  1.6  137.1  3.9  0.58  16.6  27.2
240220260344  1.096  1.4  131.8  3.9  0.49  15.3  27.2
240220260345  1.094  1.3  130.1  3.9  0.62  13.6  27.2
240220260346  1.093  1.1  125.2  3.1  0.51  3.6  27.2
240220260347  1.090  1.1  124.3  3.2  0.45  16.7  27.2
240220260348  1.088  1.0  120.8  3.2  0.66  12.0  27.2
240220260349  1.086  1.0  124.2  3.2  0.66  12.7  27.2
240220260350  1.083  0.9  126.1  3.2  0.54  14.4  27.2
240220260351  1.080  0.9  139.3  3.4  0.53  12.9  27.2
240220260352  1.078  1.1  162.8  4.3  0.56  15.3  27.2
240220260353  1.075  1.4  175.3  4.6  0.57  11.2  27.2
240220260354  1.072  1.9  183.3  4.7  0.54  12.9  27.2
240220260355  1.069  2.1  185.3  4.9  0.48  17.6  27.2
240220260356  1.063  2.5  191.5  5.6  0.47  5.2  27.2
240220260357  1.060  2.8  197.8  5.6  0.55  16.3  27.2
240220260358  1.057  3.2  202.2  5.6  0.45  11.0  27.2
240220260359  1.052  3.5  204.8  5.6  0.44  5.5  27.2
240220260400  1.049  3.8  206.3  5.6  0.49  5.3  27.2
240220260401  1.046  4.0  206.2  5.6  0.38  2.0  27.2
240220260402  1.043  4.0  203.5  5.6  0.41  1.2  27.2
240220260403  1.038  3.9  201.3  5.6  0.38  9.1  27.2
240220260404  1.035  3.9  200.8  5.6  0.55  356.2  27.2
240220260405  1.032  4.0  201.9  5.6  0.45  357.4  27.2
240220260406  1.028  3.8  202.1  4.9  0.44  357.7  27.2
240220260407  1.024  3.7  202.5  4.9  0.47  354.3  27.2
240220260408  1.020  3.7  202.0  4.4  0.49  3.7  27.2
240220260409  1.017  3.6  202.1  4.4  0.51  4.7  27.2
240220260410  1.013  3.6  202.6  4.4  0.57  1.0  27.2
240220260411  1.010  3.6  204.5  4.4  0.47  1.3  27.2
240220260412  1.008  3.6  205.7  4.3  0.49  0.7  27.2
240220260413  1.005  3.5  206.7  4.3  0.46  354.7  27.2
240220260414  1.001  3.5  206.9  4.3  0.54  355.9  27.2
240220260415  0.998  3.4  205.9  4.2  0.54  354.6  27.2
240220260416  0.996  3.3  206.1  4.2  0.38  350.2  27.2
240220260417  0.992  3.3  207.0  4.2  0.52  356.8  27.2
240220260418  0.989  3.4  209.1  5.8  0.49  354.5  27.2
240220260419  0.987  3.6  210.3  5.8  0.52  359.4  27.2
240220260420  0.986  3.7  211.2  5.8  0.53  358.1  27.2
240220260421  0.983  3.7  211.8  5.8  0.54  357.1  27.2
240220260422  0.980  3.7  212.4  5.8  0.46  357.8  27.3
240220260423  0.976  3.8  213.2  5.8  0.53  355.3  27.3
240220260424  0.971  3.7  213.1  5.8  0.56  356.7  27.3
240220260425  0.969  3.7  213.2  5.8  0.64  357.7  27.3
240220260426  0.966  3.7  211.5  5.8  0.59  355.1  27.3
240220260427  0.962  3.7  207.4  5.8  0.51  358.1  27.3
240220260428  0.958  3.4  202.9  5.3  0.54  355.6  27.3
240220260429  0.953  3.3  199.6  5.2  0.57  358.0  27.3
240220260430  0.948  3.1  195.6  4.5  0.58  358.5  27.3
240220260431  0.944  3.1  191.0  4.1  0.52  358.8  27.3
240220260432  0.939  3.0  187.9  4.1  0.58  356.2  27.3
240220260433  0.934  3.0  183.8  4.1  0.60  357.9  27.3
240220260434  0.930  3.0  182.5  4.1  0.45  356.6  27.3
240220260435  0.925  3.0  179.8  4.1  0.64  352.2  27.3
240220260436  0.919  2.9  178.4  4.1  0.56  358.1  27.3
240220260437  0.914  2.8  177.2  4.1  0.64  3.5  27.3
240220260438  0.909  2.8  174.8  4.1  0.47  356.1  27.3
240220260439  0.904  2.8  170.9  4.2  0.55  1.7  27.3
240220260440  0.900  2.8  169.9  4.2  0.62  358.9  27.3
240220260441  0.895  2.7  169.4  4.2  0.70  6.0  27.3
240220260442  0.890  2.7  169.0  4.2  0.74  2.7  27.3
240220260443  0.885  2.8  168.7  4.2  0.75  5.5  27.3
240220260444  0.879  2.8  165.6  4.2  0.71  1.8  27.3
240220260445  0.875  2.7  164.2  4.2  0.75  1.4  27.3
240220260446  0.870  2.7  162.4  4.2  0.74  6.4  27.3
240220260447  0.866  2.7  163.9  4.2  0.60  5.0  27.3
240220260448  0.863  2.6  167.3  4.2  0.66  3.4  27.3
240220260449  0.857  2.4  170.1  3.6  0.74  1.0  27.3
240220260450  0.853  2.3  172.5  3.6  0.67  1.1  27.3
240220260451  0.848  2.3  175.7  3.6  0.74  9.8  27.3
240220260452  0.843  2.2  178.4  3.5  0.85  6.5  27.3
240220260453  0.838  2.2  183.7  3.2  0.83  7.7  27.3
240220260454  0.834  2.2  189.9  3.0  0.84  11.6  27.3
240220260455  0.829  2.3  195.8  3.0  0.80  8.8  27.3
240220260456  0.825  2.4  202.0  3.7  0.84  6.7  27.3
240220260457  0.820  2.3  208.7  3.7  0.74  11.5  27.3
240220260458  0.815  2.4  214.0  3.7  0.89  12.3  27.4
240220260459  0.810  2.3  217.8  3.7  0.75  5.5  27.4
240220260500  0.805  2.3  221.0  3.7  0.76  9.4  27.4
240220260501  0.801  2.1  225.4  3.7  0.79  7.2  27.4
240220260502  0.796  1.9  229.8  3.7  0.92  7.2  27.4
240220260503  0.792  1.9  230.7  3.7  0.86  9.4  27.4
240220260504  0.787  1.8  228.3  3.7  0.93  8.7  27.4
240220260505  0.782  1.5  226.8  3.7  0.85  9.6  27.4
240220260506  0.778  1.3  224.2  3.7  0.84  9.9  27.4
240220260507  0.775  1.2  213.9  3.7  0.95  11.6  27.4
240220260508  0.771  1.1  195.7  4.2  0.81  11.0  27.4
240220260509  0.767  1.1  188.9  4.2  0.96  10.5  27.4
240220260510  0.763  1.0  180.3  4.2  0.82  8.2  27.4
240220260511  0.759  1.0  179.6  4.2  0.89  14.0  27.4
240220260512  0.755  1.1  183.6  4.2  0.82  11.6  27.4
240220260513  0.751  1.1  186.4  4.2  0.86  11.6  27.4
240220260514  0.748  1.1  188.7  4.4  0.94  10.8  27.4
240220260515  0.744  1.2  188.8  4.4  0.85  13.1  27.4
240220260516  0.744  1.0  189.5  4.4  0.90  6.3  27.4
240220260517  0.742  0.9  180.4  4.4  0.92  12.1  27.4
240220260518  0.739  0.7  200.4  4.4  0.80  10.4  27.4
240220260519  0.736  0.8  203.1  4.4  0.94  9.8  27.4
240220260520  0.734  1.0  205.9  4.4  0.88  8.0  27.4
240220260521  0.732  1.1  200.3  4.4  0.76  9.6  27.4
240220260522  0.731  1.1  189.1  4.4  0.88  8.9  27.4
240220260523  0.730  1.0  186.7  4.4  0.71  9.7  27.4
240220260524  0.729  0.9  177.6  4.0  0.75  3.5  27.4
240220260525  0.729  0.9  175.8  4.0  0.82  2.8  27.4
240220260526  0.728  1.0  167.5  4.0  0.74  6.7  27.4
240220260527  0.727  0.9  168.2  3.5  0.61  2.1  27.4
240220260528  0.727  0.9  143.4  3.6  0.60  358.9  27.4
240220260529  0.726  1.0  129.5  3.6  0.64  2.9  27.4
240220260530  0.725  1.2  101.0  10.4  0.62  359.1  27.4
240220260531  0.725  1.4  96.0  10.4  0.69  4.8  27.4
240220260532  0.722  1.3  91.4  10.4  0.75  3.4  27.5
240220260533  0.720  1.3  90.0  10.4  0.52  359.7  27.5
240220260534  0.718  1.3  81.5  10.4  0.69  0.1  27.4
240220260535  0.716  1.2  80.2  10.4  0.69  3.2  27.4
240220260536  0.713  1.2  86.1  10.4  0.76  1.8  27.5
240220260537  0.712  1.3  90.5  10.4  0.69  1.1  27.5
240220260538  0.709  1.2  92.7  10.4  0.61  1.1  27.5
240220260539  0.704  1.2  94.4  10.4  0.64  3.5  27.5
240220260540  0.702  0.9  113.0  6.4  0.62  357.0  27.5
240220260541  0.698  1.0  111.8  3.5  0.70  359.3  27.5
240220260542  0.695  1.2  106.6  3.5  0.61  2.3  27.5
240220260543  0.691  1.4  104.5  3.6  0.75  0.6  27.5
240220260544  0.688  1.3  110.6  3.6  0.81  3.1  27.5
240220260545  0.684  1.3  108.8  3.6  0.76  6.2  27.5
240220260546  0.681  1.4  105.6  3.6  0.57  357.7  27.5
240220260547  0.677  1.3  111.4  3.6  0.70  0.5  27.5
240220260548  0.673  1.4  126.3  4.9  0.66  4.4  27.5
240220260549  0.670  1.3  133.0  4.9  0.78  1.5  27.5
240220260550  0.666  1.3  139.8  5.0  0.85  4.5  27.5
240220260551  0.664  1.4  136.7  5.7  0.86  5.9  27.5
240220260552  0.658  1.4  141.1  5.7  0.71  8.3  27.5
240220260553  0.655  1.5  148.6  5.7  0.81  8.1  27.5
240220260554  0.651  1.5  142.9  5.7  0.75  5.1  27.5
240220260555  0.648  1.7  139.7  5.7  0.75  6.0  27.5
240220260556  0.644  1.5  136.7  5.7  0.76  6.2  27.5
240220260557  0.641  1.6  138.3  5.7  0.89  7.4  27.5
240220260558  0.638  1.7  129.3  5.7  0.77  6.8  27.5
240220260559  0.635  1.9  127.2  5.7  0.66  8.7  27.5
240220260600  0.630  2.1  119.9  5.7  0.88  6.1  27.5
240220260601  0.628  2.0  121.0  5.5  0.81  9.0  27.5
240220260602  0.626  1.8  122.4  5.5  0.74  13.0  27.5
240220260603  0.623  1.8  119.4  5.5  0.82  10.3  27.5
240220260604  0.621  1.7  119.2  5.5  0.78  7.7  27.5
240220260605  0.619  1.6  124.2  5.5  0.78  5.9  27.5
240220260606  0.617  1.5  128.2  5.5  0.83  8.5  27.5
240220260607  0.614  1.4  120.6  5.4  0.81  5.5  27.5
240220260608  0.612  1.2  123.7  5.4  0.66  8.3  27.5
240220260609  0.610  1.3  120.1  5.4  0.70  7.6  27.5
240220260610  0.609  1.1  124.1  5.4  0.68  5.6  27.5
240220260611  0.608  1.0  122.4  5.4  0.77  5.9  27.5
240220260612  0.606  1.2  128.4  5.4  0.73  6.8  27.5
240220260613  0.604  1.2  124.2  5.4  0.71  4.4  27.5
240220260614  0.602  1.2  119.7  5.4  0.68  6.1  27.5
240220260615  0.600  1.2  114.2  5.4  0.59  3.8  27.5
240220260616  0.596  1.4  111.3  5.4  0.79  7.9  27.5
240220260617  0.593  1.8  112.6  5.4  0.92  2.1  27.5
240220260618  0.588  1.9  105.3  6.5  0.69  7.4  27.5
240220260619  0.585  1.8  105.3  6.5  0.66  359.4  27.5
240220260620  0.583  2.0  109.7  6.5  0.69  3.3  27.5
240220260621  0.580  2.2  108.5  6.5  0.73  5.5  27.5
240220260622  0.576  2.2  103.4  6.5  0.74  1.5  27.5
240220260623  0.572  2.3  101.3  6.5  0.72  3.5  27.5
240220260624  0.569  2.3  101.4  6.5  0.70  4.9  27.5
240220260625  0.566  2.4  100.0  6.5  0.70  7.0  27.5
240220260626  0.562  2.3  102.2  6.5  0.91  8.9  27.5
240220260627  0.557  1.9  100.2  6.5  0.79  6.2  27.5
240220260628  0.554  1.7  106.0  5.4  0.73  10.6  27.5
240220260629  0.551  1.9  101.5  7.3  0.72  6.2  27.5
240220260630  0.549  2.1  92.0  7.3  0.83  8.3  27.5
240220260631  0.545  2.2  89.9  7.3  0.75  3.9  27.5
240220260632  0.543  2.3  86.2  7.3  0.77  8.7  27.5
240220260633  0.541  2.2  87.2  7.5  0.73  6.8  27.5
240220260634  0.538  2.2  94.5  7.5  0.73  4.9  27.5
240220260635  0.535  2.3  93.7  7.5  0.83  8.5  27.5
240220260636  0.532  2.1  95.0  7.5  0.69  6.8  27.5
240220260637  0.531  2.3  87.4  7.5  0.69  3.9  27.5
240220260638  0.528  2.4  86.3  7.5  0.80  6.4  27.5
240220260639  0.528  2.1  91.5  7.5  0.78  10.6  27.5
240220260640  0.528  2.0  97.3  7.5  0.78  7.3  27.5
240220260641  0.529  1.9  94.7  7.5  0.67  7.7  27.5
240220260642  0.529  2.0  100.3  7.5  0.76  7.2  27.5
240220260643  0.528  2.1  99.8  6.8  0.67  5.3  27.5
240220260644  0.528  2.0  91.5  6.8  0.79  6.3  27.5
240220260645  0.527  1.7  90.3  6.8  0.57  5.5  27.5
240220260646  0.528  1.9  92.0  6.8  0.64  8.6  27.5
240220260647  0.528  1.7  102.8  6.8  0.68  5.6  27.5
240220260648  0.528  1.5  111.0  6.8  0.67  1.6  27.5
240220260649  0.526  1.3  99.9  6.8  0.62  0.2  27.5
240220260650  0.526  1.3  99.3  4.9  0.71  4.6  27.5
240220260651  0.526  1.2  114.2  4.9  0.60  4.6  27.5
240220260652  0.525  1.1  113.1  4.4  0.70  2.0  27.6
240220260653  0.525  1.3  112.8  7.0  0.71  9.4  27.6
240220260654  0.525  1.3  126.8  7.0  0.62  2.0  27.6
240220260655  0.526  1.4  128.2  7.0  0.62  4.1  27.6
240220260656  0.526  1.3  124.8  7.0  0.73  4.2  27.6
240220260657  0.524  1.4  116.6  7.0  0.53  5.4  27.6
240220260658  0.523  1.6  103.9  7.0  0.51  359.5  27.6
240220260659  0.520  1.9  100.1  7.0  0.65  1.9  27.6
240220260700  0.520  2.0  96.8  7.0  0.51  356.0  27.6
240220260701  0.518  2.1  96.0  7.0  0.64  359.0  27.6
240220260702  0.516  1.9  98.1  7.0  0.62  5.7  27.6
240220260703  0.514  1.6  97.7  7.0  0.64  4.6  27.6
240220260704  0.513  1.6  102.7  7.0  0.60  2.0  27.6
240220260705  0.511  1.8  106.8  7.0  0.63  4.5  27.6
240220260706  0.509  2.1  106.0  7.0  0.61  6.2  27.6
240220260707  0.505  2.2  112.1  7.0  0.64  5.8  27.6
240220260708  0.502  2.1  117.2  7.0  0.79  5.6  27.6
240220260709  0.499  2.0  118.4  7.0  0.66  2.4  27.6
240220260710  0.495  1.8  126.7  5.4  0.68  3.9  27.6
240220260711  0.494  2.0  134.0  5.4  0.69  2.4  27.6
240220260712  0.492  2.2  136.7  5.4  0.66  3.8  27.6
240220260713  0.490  2.3  140.4  5.4  0.70  3.1  27.6
240220260714  0.488  2.3  137.7  5.4  0.64  6.2  27.6
240220260715  0.487  2.3  138.9  5.5  0.70  3.1  27.6
240220260716  0.486  2.3  139.8  5.6  0.68  6.4  27.6
240220260717  0.485  2.4  136.8  5.6  0.60  0.4  27.6
240220260718  0.485  2.5  133.1  5.6  0.68  6.1  27.6
240220260719  0.485  2.7  134.5  5.6  0.57  6.5  27.6
240220260720  0.485  2.8  135.4  5.6  0.54  2.1  27.6
240220260721  0.485  2.7  133.0  5.6  0.65  1.9  27.6
240220260722  0.484  2.8  134.6  6.0  0.68  2.6  27.6
240220260723  0.482  2.8  134.3  6.0  0.74  3.7  27.6
240220260724  0.481  2.7  134.6  6.0  0.62  2.3  27.6
240220260725  0.481  2.5  131.9  6.0  0.63  2.2  27.6
240220260726  0.482  2.4  138.0  6.0  0.64  6.0  27.6
240220260727  0.483  2.3  135.3  6.0  0.63  2.7  27.6
240220260728  0.484  2.3  133.4  6.0  0.60  2.9  27.6
240220260729  0.485  2.5  133.4  7.5  0.52  2.9  27.6
240220260730  0.485  2.7  128.5  7.5  0.66  1.0  27.6
240220260731  0.486  2.7  127.6  7.5  0.68  5.6  27.6
240220260732  0.486  2.5  120.8  7.5  0.61  1.4  27.6
240220260733  0.487  2.7  116.5  7.5  0.64  2.3  27.6
240220260734  0.486  2.8  115.1  7.5  0.68  1.0  27.6
240220260735  0.487  3.0  114.4  7.5  0.57  1.6  27.6
240220260736  0.487  3.0  108.8  7.5  0.62  3.7  27.6
240220260737  0.486  3.0  107.7  7.5  0.62  2.4  27.6
240220260738  0.487  2.9  112.7  7.5  0.48  4.4  27.6
240220260739  0.487  2.8  110.5  6.5  0.60  358.8  27.6
240220260740  0.486  2.6  107.9  6.5  0.59  359.6  27.6
240220260741  0.486  2.6  106.7  6.5  0.57  1.7  27.6
240220260742  0.486  2.7  108.9  6.5  0.50  358.9  27.6
240220260743  0.483  2.7  106.3  6.4  0.63  3.4  27.6
240220260744  0.482  2.6  105.2  6.4  0.62  2.2  27.6
240220260745  0.480  2.5  104.9  6.4  0.59  358.4  27.6
240220260746  0.477  2.6  106.2  6.4  0.60  0.1  27.6
240220260747  0.475  2.5  107.6  6.4  0.54  356.3  27.6
240220260748  0.473  2.6  105.2  6.4  0.56  3.2  27.6
240220260749  0.473  2.4  103.1  6.4  0.58  357.6  27.6
240220260750  0.473  2.5  102.9  6.4  0.70  5.7  27.6
240220260751  0.475  2.6  102.8  6.4  0.67  3.1  27.6
240220260752  0.474  2.3  103.2  5.4  0.54  4.0  27.6
240220260753  0.475  2.2  102.5  5.0  0.77  4.3  27.6
240220260754  0.475  2.3  105.1  5.0  0.59  1.8  27.6
240220260755  0.476  2.2  106.2  5.0  0.50  4.8  27.6
240220260756  0.478  2.2  112.0  5.0  0.47  4.1  27.6
240220260757  0.479  2.3  113.5  6.2  0.34  353.6  27.6
240220260758  0.480  2.4  114.3  6.2  0.62  1.1  27.6
240220260759  0.481  2.4  115.3  6.2  0.51  358.1  27.6
240220260800  0.483  2.2  117.3  6.2  0.38  353.8  27.6
240220260801  0.484  2.3  121.5  6.2  0.55  356.1  27.6
240220260802  0.484  2.4  122.0  6.2  0.60  2.4  27.6
240220260803  0.485  2.6  120.9  8.4  0.39  1.3  27.6
240220260804  0.486  2.6  119.1  8.4  0.49  3.9  27.6
240220260805  0.485  2.7  119.8  8.4  0.53  358.9  27.6
240220260806  0.484  2.8  122.7  8.4  0.51  0.7  27.6
240220260807  0.483  2.8  128.6  8.4  0.58  359.5  27.6
240220260808  0.481  2.7  131.2  8.4  0.53  359.4  27.6
240220260809  0.482  3.0  134.6  8.4  0.45  358.7  27.6
240220260810  0.483  3.1  135.4  8.4  0.61  1.4  27.6
240220260811  0.485  3.1  128.0  8.4  0.52  0.1  27.6
240220260812  0.487  3.2  123.3  8.4  0.52  358.6  27.6
240220260813  0.488  3.0  123.2  6.2  0.39  359.0  27.6
240220260814  0.489  2.8  118.5  6.2  0.49  357.4  27.6
240220260815  0.491  2.8  117.0  6.2  0.46  358.4  27.6
240220260816  0.492  2.7  111.2  6.2  0.39  9.4  27.6
240220260817  0.491  2.6  104.9  6.2  0.42  358.8  27.6
240220260818  0.493  2.7  103.9  6.2  0.49  2.3  27.6
240220260819  0.495  2.9  99.1  6.9  0.36  3.9  27.6
240220260820  0.496  3.0  99.6  6.9  0.31  356.1  27.6
240220260821  0.496  2.9  102.6  6.9  0.38  353.5  27.6
240220260822  0.496  2.7  103.2  6.9  0.38  355.5  27.6
240220260823  0.496  2.7  107.7  6.9  0.38  1.2  27.6
240220260824  0.497  2.7  115.5  6.9  0.33  358.6  27.6
240220260825  0.497  2.9  119.0  6.9  0.25  352.7  27.6
240220260826  0.499  3.0  119.6  6.9  0.30  352.4  27.6
240220260827  0.500  3.1  120.5  6.9  0.44  354.1  27.6
240220260828  0.502  3.2  121.0  6.9  0.37  6.1  27.6
240220260829  0.504  3.3  123.3  10.7  0.20  341.2  27.6
240220260830  0.507  3.4  122.0  10.7  0.32  349.0  27.6
240220260831  0.510  3.5  122.8  10.7  0.29  353.5  27.6
240220260832  0.513  3.7  123.6  10.7  0.33  351.1  27.6
240220260833  0.516  3.8  123.0  10.7  0.25  352.3  27.7
240220260834  0.519  3.9  119.6  10.7  0.23  340.0  27.7
240220260835  0.522  3.8  116.8  10.7  0.22  2.7  27.7
240220260836  0.524  3.7  118.2  10.7  0.34  359.0  27.7
240220260837  0.526  3.6  122.8  10.7  0.22  2.9  27.7
240220260838  0.528  3.5  123.0  10.7  0.19  345.7  27.7
240220260839  0.531  3.2  124.9  8.1  0.10  334.5  27.7
240220260840  0.532  3.3  129.1  8.0  0.11  302.8  27.7
240220260841  0.532  3.5  130.0  8.0  0.20  343.9  27.7
240220260842  0.533  3.3  130.9  8.0  nan  nan  nan
240220260843  0.533  3.4  127.4  8.0  0.05  264.4  27.7
240220260844  0.534  3.7  132.5  8.0  0.09  300.0  27.7
240220260845  0.536  4.0  130.4  9.3  0.11  13.9  27.7
240220260846  0.538  4.3  128.2  9.3  0.04  240.5  27.7
240220260847  0.539  4.5  124.9  9.3  0.05  313.7  27.7
240220260848  0.540  4.8  123.4  9.3  0.07  199.5  27.7
240220260849  0.541  5.0  123.5  9.3  0.12  1.6  27.7
240220260850  0.541  4.5  121.8  9.3  0.05  353.5  27.7
240220260851  0.542  4.3  124.8  9.3  nan  nan  nan
240220260852  0.544  4.4  122.8  9.3  nan  nan  nan
240220260853  0.545  4.3  124.4  9.3  0.17  342.0  27.7
240220260854  0.546  4.2  122.6  9.3  0.09  357.7  27.7
240220260855  0.546  4.1  124.7  8.9  0.18  345.4  27.6
240220260856  0.548  4.1  123.0  8.9  nan  nan  nan
240220260857  0.548  4.2  122.3  8.9  0.11  213.1  27.6
240220260858  0.548  4.1  122.3  8.9  0.08  234.0  27.6
240220260859  0.549  4.1  119.8  8.5  0.07  267.1  27.6
240220260900  0.549  4.6  118.4  8.5  0.03  275.9  27.6
240220260901  0.549  4.6  111.3  8.5  0.07  273.7  27.6
240220260902  0.551  4.5  108.3  8.5  0.05  227.3  27.6
240220260903  0.551  4.4  106.7  8.5  0.07  232.8  27.6
240220260904  0.552  4.5  104.8  8.5  0.13  226.2  27.6
240220260905  0.554  4.4  104.2  8.1  0.05  270.1  27.6
240220260906  0.555  4.1  103.5  8.1  0.07  281.5  27.6
240220260907  0.557  3.8  100.9  8.1  0.03  284.1  27.6
240220260908  0.559  3.6  102.8  8.1  0.12  220.2  27.6
240220260909  0.562  3.4  100.7  7.9  0.10  201.8  27.6
240220260910  0.564  3.1  98.5  6.7  0.08  333.7  27.6
240220260911  0.567  3.1  101.4  6.7  0.11  207.1  27.6
240220260912  0.569  3.0  108.4  6.7  0.05  249.7  27.6
240220260913  0.572  3.0  113.4  6.7  0.08  190.0  27.6
240220260914  0.575  2.9  113.9  5.3  0.15  205.5  27.6
240220260915  0.578  2.8  113.2  5.3  0.06  196.9  27.6
240220260916  0.579  2.9  114.9  5.2  0.13  226.9  27.6
240220260917  0.582  2.9  117.6  6.3  0.22  203.9  27.6
240220260918  0.585  2.9  119.4  6.3  0.22  215.2  27.6
240220260919  0.587  3.0  128.1  7.2  0.26  215.2  27.6
240220260920  0.588  3.2  129.8  7.2  0.13  242.3  27.6
240220260921  0.590  3.6  128.3  8.4  0.26  222.5  27.6
240220260922  0.592  3.8  123.5  8.4  0.35  201.2  27.6
240220260923  0.593  3.9  121.1  8.4  0.40  206.5  27.6
240220260924  0.595  3.8  120.1  8.4  0.37  201.0  27.6
240220260925  0.598  3.7  120.2  8.4  0.29  210.7  27.6
240220260926  0.600  3.7  119.6  8.4  0.23  211.1  27.6
240220260927  0.599  3.8  117.2  8.4  0.41  195.8  27.6
240220260928  0.600  3.8  113.6  8.4  0.26  196.8  27.6
240220260929  0.601  3.9  108.4  8.4  0.23  203.9  27.6
240220260930  0.601  3.8  107.5  8.4  0.28  196.4  27.6
240220260931  0.603  3.4  107.6  7.1  0.22  200.6  27.6
240220260932  0.603  3.4  107.3  7.8  0.22  196.0  27.6
240220260933  0.603  3.7  107.8  7.8  0.27  188.0  27.6
240220260934  0.605  3.7  109.4  7.8  0.16  182.2  27.6
240220260935  0.606  3.7  107.5  7.8  0.08  165.2  27.6
240220260936  0.607  3.5  107.4  7.8  0.16  176.1  27.5
240220260937  0.608  3.3  107.4  7.8  0.21  190.0  27.5
240220260938  0.610  3.4  108.6  7.8  0.15  167.1  27.5
240220260939  0.612  3.3  110.6  7.8  0.18  170.4  27.5
240220260940  0.616  3.1  109.8  7.8  0.22  175.5  27.5
240220260941  0.618  3.0  108.2  7.8  0.27  186.7  27.5
240220260942  0.619  2.8  110.4  7.2  0.16  181.9  27.5
240220260943  0.622  2.5  108.1  5.6  0.15  184.1  27.5
240220260944  0.624  2.5  106.1  5.6  0.15  181.3  27.5
240220260945  0.628  2.5  109.7  5.6  0.20  183.2  27.5
240220260946  0.630  2.8  110.3  5.6  0.23  189.0  27.5
240220260947  0.633  3.1  112.3  7.1  0.15  181.3  27.5
240220260948  0.636  3.2  109.6  7.1  0.26  175.6  27.5
240220260949  0.637  3.3  108.3  7.1  0.28  183.2  27.5
240220260950  0.639  3.8  109.4  7.1  0.22  177.1  27.5
240220260951  0.642  4.1  109.3  7.6  0.26  172.0  27.5
240220260952  0.646  4.1  110.2  7.6  0.27  185.9  27.5
240220260953  0.649  4.5  111.6  9.1  0.24  182.9  27.5
240220260954  0.652  4.8  112.3  9.1  0.23  190.0  27.5
240220260955  0.657  4.9  111.3  9.1  0.18  167.8  27.5
240220260956  0.660  5.0  110.7  9.1  0.34  186.7  27.5
240220260957  0.664  5.2  110.1  9.1  0.32  178.4  27.5
240220260958  0.668  5.4  110.4  9.1  0.34  179.2  27.5
240220260959  0.672  5.5  111.2  9.1  0.28  183.2  27.5
240220261000  0.676  5.3  109.0  9.1  0.34  188.7  27.5
240220261001  0.680  5.3  109.2  9.1  0.41  178.8  27.5
240220261002  0.682  5.2  109.2  9.1  0.32  183.5  27.5
240220261003  0.685  5.0  109.1  8.7  0.29  175.2  27.5
240220261004  0.687  4.9  108.4  8.7  0.21  181.1  27.5
240220261005  0.688  4.9  108.7  8.7  0.33  180.9  27.4
240220261006  0.692  4.9  108.4  8.0  0.30  186.3  27.4
240220261007  0.696  4.8  108.7  8.0  0.33  190.3  27.4
240220261008  0.698  4.7  111.0  7.6  0.31  184.2  27.4
240220261009  0.700  4.6  111.5  7.5  0.37  178.6  27.4
240220261010  0.702  4.9  115.3  9.4  0.36  182.8  27.4
240220261011  0.705  4.6  117.7  9.4  0.32  176.0  27.5
240220261012  0.709  4.5  114.4  9.4  0.38  174.3  27.5
240220261013  0.713  4.6  112.2  9.4  0.44  184.9  27.5
240220261014  0.717  4.6  113.1  9.4  0.35  176.0  27.5
240220261015  0.721  4.8  112.0  9.4  0.47  190.5  27.5
240220261016  0.724  4.8  112.6  9.4  0.54  184.5  27.4
240220261017  0.727  4.8  111.3  9.4  0.45  186.0  27.4
240220261018  0.729  4.9  109.1  9.4  0.52  180.2  27.4
240220261019  0.733  4.8  107.8  9.4  0.54  184.0  27.4
240220261020  0.735  4.5  106.1  8.8  0.43  170.9  27.4
240220261021  0.739  4.6  106.8  8.8  0.47  180.2  27.4
240220261022  0.739  4.7  110.2  8.8  0.55  173.3  27.4
240220261023  0.742  4.6  115.5  8.8  0.47  167.8  27.4
240220261024  0.742  4.5  119.6  8.8  0.57  173.0  27.4
240220261025  0.744  4.3  122.9  8.8  0.59  175.2  27.4
240220261026  0.745  4.1  122.2  7.9  0.53  170.2  27.4
240220261027  0.746  4.1  121.7  7.9  0.59  174.6  27.4
240220261028  0.748  4.0  121.6  7.3  0.51  171.7  27.4
240220261029  0.750  4.0  123.6  7.3  0.55  173.4  27.4
240220261030  0.751  4.1  127.7  7.3  0.67  172.0  27.4
240220261031  0.755  4.3  126.4  9.3  0.54  165.2  27.4
240220261032  0.757  4.3  125.4  9.3  0.54  171.0  27.4
240220261033  0.761  4.3  123.2  9.3  0.53  168.7  27.4
240220261034  0.765  4.2  120.8  9.3  0.68  171.9  27.4
240220261035  0.769  4.2  120.4  9.3  0.61  172.1  27.4
240220261036  0.772  4.4  125.5  9.3  0.60  171.4  27.4
240220261037  0.776  4.3  130.4  9.3  0.58  169.7  27.4
240220261038  0.780  4.1  133.0  9.3  0.62  170.5  27.4
240220261039  0.783  4.1  134.3  9.3  0.66  171.9  27.4
240220261040  0.786  4.2  133.4  9.3  0.65  171.0  27.4
240220261041  0.789  3.8  132.6  7.9  0.75  173.8  27.4
240220261042  0.792  3.9  132.3  9.3  0.80  171.0  27.4
240220261043  0.795  4.2  128.6  9.4  0.64  171.2  27.4
240220261044  0.797  4.4  125.1  9.4  0.58  171.0  27.4
240220261045  0.799  4.6  123.8  9.4  0.64  170.4  27.4
240220261046  0.800  4.7  119.9  9.4  0.70  171.0  27.4
240220261047  0.802  4.7  120.4  9.4  0.82  176.2  27.4
240220261048  0.804  4.8  123.2  9.4  0.69  164.0  27.4
240220261049  0.807  4.8  122.3  9.4  0.66  165.0  27.4
240220261050  0.810  4.8  120.6  9.4  0.64  163.9  27.4
240220261051  0.813  4.8  122.8  9.4  0.76  168.3  27.4
240220261052  0.817  4.7  125.7  9.4  0.79  170.8  27.4
240220261053  0.819  4.3  131.2  9.2  0.60  165.1  27.4
240220261054  0.820  4.2  133.9  9.2  0.58  169.3  27.4
240220261055  0.822  4.1  136.3  9.2  0.65  167.7  27.4
240220261056  0.823  4.0  139.9  7.3  0.77  169.8  27.4
240220261057  0.824  3.8  138.8  7.3  0.68  168.4  27.4
240220261058  0.826  3.6  136.4  7.3  0.61  168.1  27.4
240220261059  0.827  3.6  138.6  7.3  0.68  165.9  27.4
240220261100  0.828  3.5  140.2  7.3  0.70  169.4  27.4
240220261101  0.830  3.4  138.9  7.3  0.72  167.3  27.4
240220261102  0.830  3.4  136.3  7.3  0.60  166.9  27.4
240220261103  0.831  3.3  131.9  7.3  0.67  164.7  27.4
240220261104  0.833  3.3  131.8  7.3  0.66  172.2  27.4
240220261105  0.835  3.2  130.2  6.8  0.61  167.1  27.4
240220261106  0.838  3.3  132.0  6.8  0.73  168.8  27.4
240220261107  0.839  3.3  129.8  7.0  0.63  169.2  27.4
240220261108  0.843  3.4  127.7  7.0  0.52  163.9  27.4
240220261109  0.846  3.4  123.7  7.0  0.65  171.7  27.4
240220261110  0.847  3.7  125.2  7.0  0.65  167.4  27.4
240220261111  0.851  3.8  127.1  7.0  0.83  171.2  27.4
240220261112  0.854  3.9  124.7  7.2  0.70  166.3  27.4
240220261113  0.858  4.2  121.9  9.8  0.66  167.9  27.4
240220261114  0.861  4.1  120.2  9.8  0.66  163.8  27.4
240220261115  0.864  4.4  117.9  9.8  0.71  169.5  27.4
240220261116  0.867  4.5  113.2  9.8  0.69  168.7  27.4
240220261117  0.869  4.5  113.2  9.8  0.63  166.5  27.4
240220261118  0.871  4.5  117.3  9.8  0.70  167.5  27.4
240220261119  0.872  4.5  117.7  9.8  0.64  163.0  27.4
240220261120  0.873  4.3  115.9  9.8  0.71  166.5  27.4
240220261121  0.875  4.2  117.2  9.8  0.65  168.1  27.4
240220261122  0.878  4.1  118.0  9.8  0.67  172.7  27.4
240220261123  0.880  4.0  119.6  9.8  0.61  165.0  27.4
240220261124  0.881  4.2  121.4  9.8  0.82  176.2  27.4
240220261125  0.883  4.0  127.7  7.5  0.71  170.9  27.4
240220261126  0.885  3.9  131.1  7.5  0.61  168.8  27.3
240220261127  0.887  4.0  131.6  7.5  0.70  172.6  27.3
240220261128  0.891  4.1  126.5  8.2  0.64  178.5  27.3
240220261129  0.892  4.3  123.9  9.1  0.70  180.1  27.3
240220261130  0.895  4.7  120.8  9.1  0.69  174.6  27.4
240220261131  0.897  4.9  119.1  9.1  0.69  176.7  27.4
240220261132  0.901  5.0  124.4  9.1  0.65  177.1  27.4
240220261133  0.902  5.0  125.2  9.1  0.57  172.1  27.4
240220261134  0.904  4.8  125.0  9.1  0.66  168.6  27.4
240220261135  0.906  4.9  122.7  9.1  0.61  173.0  27.4
240220261136  0.909  5.1  122.0  9.1  0.70  177.8  27.4
240220261137  0.912  5.2  123.2  9.1  0.59  173.7  27.4
240220261138  0.915  5.0  126.9  9.1  0.59  173.9  27.4
240220261139  0.918  4.9  130.3  8.1  0.56  175.0  27.4
240220261140  0.921  4.8  131.9  8.1  0.85  174.8  27.4
240220261141  0.924  4.9  128.9  7.7  0.61  182.1  27.4
240220261142  0.927  4.9  122.9  8.8  0.37  185.7  27.4
240220261143  0.930  5.0  121.6  8.8  0.43  185.9  27.4
240220261144  0.935  5.3  120.9  8.8  0.44  180.1  27.4
240220261145  0.937  5.4  117.6  10.2  0.51  180.2  27.4
240220261146  0.940  5.5  114.9  10.2  0.32  159.7  27.5
240220261147  0.942  5.5  114.7  10.2  0.47  181.2  27.5
240220261148  0.944  5.5  113.3  10.2  0.41  177.5  27.5
240220261149  0.944  5.5  111.1  10.2  0.38  174.4  27.5
240220261150  0.946  5.6  109.9  10.2  0.30  178.0  27.5
240220261151  0.947  5.5  111.7  10.2  0.41  178.6  27.5
240220261152  0.948  5.5  114.4  10.2  0.45  177.9  27.5
240220261153  0.950  5.4  115.0  10.2  0.52  172.0  27.5
240220261154  0.951  5.1  115.6  10.2  0.54  176.0  27.5
240220261155  0.952  5.0  118.0  9.1  0.42  172.5  27.5
240220261156  0.953  5.0  123.5  9.1  0.29  169.5  27.5
240220261157  0.955  4.9  123.4  9.1  0.31  175.3  27.5
240220261158  0.955  4.8  123.7  9.1  0.45  179.5  27.5
240220261159  0.956  4.8  124.6  9.1  0.40  181.3  27.5
240220261200  0.957  4.5  127.2  9.1  0.35  171.8  27.5
240220261201  0.957  4.2  128.6  9.1  0.43  197.6  27.5
240220261202  0.958  4.0  128.0  9.1  0.41  180.5  27.5
240220261203  0.960  4.0  130.1  9.1  0.40  165.1  27.5
240220261204  0.959  4.3  130.0  9.2  0.38  203.1  27.5
240220261205  0.961  4.2  133.2  9.2  0.43  161.6  27.5
240220261206  0.961  4.0  134.6  9.2  0.38  183.8  27.5
240220261207  0.963  4.2  132.2  9.2  0.35  166.6  27.5
240220261208  0.964  4.5  135.3  9.5  0.22  186.4  27.5
240220261209  0.964  4.8  137.2  9.5  0.32  152.6  27.5
240220261210  0.965  5.1  139.2  9.5  0.51  176.5  27.5
240220261211  0.966  5.3  140.1  9.5  0.46  172.9  27.5
240220261212  0.968  5.4  141.3  9.5  0.48  168.5  27.5
240220261213  0.969  5.2  140.1  9.5  0.42  172.1  27.5
240220261214  0.971  5.0  141.7  9.5  0.41  184.0  27.5
240220261215  0.972  5.0  138.6  9.5  0.38  174.0  27.5
240220261216  0.973  4.9  135.6  9.5  0.35  165.6  27.4
240220261217  0.975  4.7  136.2  9.5  0.49  168.4  27.4
240220261218  0.976  4.3  133.4  8.4  0.52  174.8  27.4
240220261219  0.977  4.0  128.9  7.8  0.60  173.6  27.4
240220261220  0.977  4.2  122.2  8.4  0.44  175.4  27.4
240220261221  0.979  4.4  116.9  9.4  0.54  172.6  27.4
240220261222  0.980  4.7  112.6  10.6  0.46  169.4  27.4
240220261223  0.980  4.9  112.8  10.6  0.56  175.7  27.4
240220261224  0.982  5.0  110.8  10.6  0.57  172.5  27.4
240220261225  0.982  5.1  113.2  10.6  0.46  171.9  27.4
240220261226  0.984  5.1  113.8  10.6  0.43  169.0  27.4
240220261227  0.985  5.2  113.4  10.6  0.53  172.8  27.4
240220261228  0.986  5.5  111.0  10.6  0.50  174.4  27.4
240220261229  0.984  5.6  110.9  10.6  0.46  168.9  27.4
240220261230  0.983  5.3  111.3  10.6  0.44  163.8  27.4
240220261231  0.983  5.1  111.9  10.6  0.42  172.1  27.4
240220261232  0.984  4.6  110.6  7.3  0.36  160.5  27.4
240220261233  0.984  4.3  112.4  7.3  0.38  170.5  27.4
240220261234  0.984  4.6  112.1  9.2  0.39  160.5  27.4
240220261235  0.983  4.9  110.0  9.7  0.48  171.3  27.4
240220261236  0.982  4.9  111.1  9.7  0.32  155.2  27.4
240220261237  0.983  5.0  110.2  9.7  0.28  113.3  27.4
240220261238  0.983  4.8  111.1  9.7  0.33  169.9  27.4
240220261239  0.982  5.0  110.7  9.7  0.27  172.7  27.4
240220261240  0.981  5.0  110.6  9.7  0.35  147.2  27.4
240220261241  0.981  5.0  110.6  9.7  0.37  171.8  27.4
240220261242  0.980  5.4  112.1  9.7  0.43  168.5  27.3
240220261243  0.980  5.8  110.7  9.7  0.35  165.1  27.3
240220261244  0.979  5.7  110.1  9.8  0.21  165.8  27.2
240220261245  0.980  5.1  108.5  9.8  0.08  130.5  27.3
240220261246  0.979  4.9  105.1  9.8  0.22  159.6  27.3
240220261247  0.980  4.5  105.0  9.8  0.27  180.5  27.3
240220261248  0.979  4.3  102.3  9.8  0.07  221.0  27.3
240220261249  0.979  4.1  104.4  9.8  0.46  166.3  27.3
240220261250  0.979  4.3  107.5  9.8  0.29  165.5  27.3
240220261251  0.979  4.2  108.5  9.8  0.43  168.2  27.3
240220261252  0.979  3.9  109.1  9.8  0.15  154.7  27.3
240220261253  0.980  3.6  108.5  9.8  0.25  168.4  27.3
240220261254  0.981  3.2  109.7  9.5  0.27  181.3  27.3
240220261255  0.981  3.5  112.6  9.5  0.23  156.6  27.3
240220261256  0.982  3.6  110.9  9.5  0.31  163.3  27.3
240220261257  0.983  3.7  109.7  9.5  0.21  183.0  27.3
240220261258  0.984  3.6  110.5  9.5  0.13  32.3  27.3
240220261259  0.986  3.4  107.5  9.5  0.40  182.2  27.4
240220261300  0.985  3.0  100.0  7.1  0.19  173.4  27.4
240220261301  0.985  3.0  95.8  7.1  0.30  167.4  27.4
240220261302  0.987  3.1  89.6  7.1  0.34  172.1  27.3
240220261303  0.986  3.1  83.4  7.9  0.31  161.5  27.4
240220261304  0.986  3.6  77.9  7.9  0.34  169.6  27.3
240220261305  0.986  3.8  72.9  7.9  0.14  171.1  27.3
240220261306  0.987  3.7  71.8  7.9  0.39  165.5  27.3
240220261307  0.988  3.8  72.2  7.9  0.41  171.4  27.3
240220261308  0.988  3.8  73.4  7.9  0.26  174.7  27.3
240220261309  0.988  4.0  71.6  7.9  0.39  172.9  27.3
240220261310  0.988  4.0  72.6  7.9  0.31  166.4  27.3
240220261311  0.989  4.0  70.8  7.9  0.36  155.9  27.3
240220261312  0.989  3.9  72.1  7.9  0.27  161.6  27.3
240220261313  0.989  3.8  73.1  7.8  0.23  175.6  27.3
240220261314  0.990  3.6  75.5  11.1  0.35  154.6  27.3
240220261315  0.990  4.0  74.1  11.1  0.31  172.0  27.3
240220261316  0.991  4.5  72.1  11.2  0.14  174.6  27.3
240220261317  0.991  4.9  68.1  11.2  0.23  174.2  27.3
240220261318  0.992  5.4  64.4  11.2  0.23  166.9  27.3
240220261319  0.994  5.7  62.1  11.7  0.26  161.9  27.3
240220261320  0.994  6.3  58.6  11.8  0.21  157.4  27.3
240220261321  0.996  6.8  57.4  11.8  0.40  169.9  27.3
240220261322  0.996  7.1  56.9  11.8  0.34  162.7  27.3
240220261323  0.997  7.6  57.2  11.8  0.27  168.0  27.3
240220261324  0.999  7.9  56.3  11.8  0.43  165.1  27.3
240220261325  0.999  7.8  54.7  11.8  0.40  173.9  27.3
240220261326  1.000  7.7  54.1  11.8  0.36  166.9  27.3
240220261327  1.001  7.6  55.1  11.8  0.23  166.0  27.3
240220261328  1.001  7.5  56.0  11.8  0.34  164.6  27.3
240220261329  1.000  7.4  56.2  11.8  0.28  153.7  27.3
240220261330  0.999  7.3  58.3  10.8  0.25  163.6  27.3
240220261331  1.000  7.1  59.4  10.8  0.41  168.4  27.3
240220261332  1.000  6.9  59.0  10.8  0.47  170.9  27.3
240220261333  0.998  6.9  58.1  10.8  0.29  169.5  27.3
240220261334  0.997  6.7  57.5  10.8  0.34  164.3  27.3
240220261335  0.996  6.5  58.0  10.4  0.26  149.0  27.3
240220261336  0.993  6.1  57.6  10.4  0.13  165.3  27.3
240220261337  0.992  6.0  57.7  10.4  0.23  158.7  27.3
240220261338  0.991  5.8  58.5  10.4  0.32  158.5  27.4
240220261339  0.989  5.8  60.5  10.4  0.11  108.3  27.4
240220261340  0.988  5.7  62.1  8.4  0.30  170.5  27.4
240220261341  0.987  6.0  63.0  11.0  0.12  159.2  27.4
240220261342  0.985  6.0  64.3  11.0  0.26  161.5  27.4
240220261343  0.985  6.0  64.8  11.0  0.37  162.1  27.4
240220261344  0.984  6.0  66.0  11.0  0.16  158.4  27.4
240220261345  0.982  6.1  66.7  11.0  0.25  168.9  27.4
240220261346  0.979  6.4  65.9  11.0  0.32  154.5  27.4
240220261347  0.977  6.5  66.2  11.0  0.18  167.3  27.4
240220261348  0.975  6.5  65.9  11.0  0.24  167.1  27.4
240220261349  0.975  6.5  65.7  11.0  0.19  167.9  27.4
240220261350  0.973  6.5  65.7  11.0  0.15  168.7  27.4
240220261351  0.971  6.3  65.4  10.0  0.22  165.3  27.4
240220261352  0.971  6.4  65.7  10.0  0.22  163.2  27.4
240220261353  0.970  6.5  67.1  10.0  0.27  133.7  27.4
240220261354  0.968  6.5  68.4  10.0  0.09  200.5  27.4
240220261355  0.966  6.4  68.0  10.0  0.14  190.0  27.4
240220261356  0.965  6.3  69.8  10.0  nan  nan  nan
240220261357  0.963  6.2  69.8  10.0  0.09  172.8  27.4
240220261358  0.963  6.2  70.2  10.0  0.03  68.4  27.4
240220261359  0.963  6.0  69.7  10.0  0.15  181.9  27.4
240220261400  0.962  5.8  69.2  9.0  0.06  178.7  27.4
240220261401  0.962  5.8  69.7  9.0  0.04  154.8  27.4
240220261402  0.961  5.6  68.2  9.0  0.14  34.4  27.4
240220261403  0.960  5.6  66.8  9.4  0.06  143.7  27.4
240220261404  0.958  5.6  66.8  9.4  0.08  21.6  27.4
240220261405  0.956  5.7  67.5  9.4  0.07  157.7  27.4
240220261406  0.955  5.7  65.9  9.4  0.05  88.7  27.4
240220261407  0.952  5.8  65.3  9.4  0.11  171.2  27.4
240220261408  0.950  5.9  63.9  9.4  0.06  56.4  27.4
240220261409  0.948  5.9  65.1  9.4  0.09  72.9  27.4
240220261410  0.946  6.1  64.7  9.4  0.07  139.4  27.3
240220261411  0.944  5.9  63.9  9.4  0.06  21.3  27.4
240220261412  0.941  5.8  63.7  9.4  0.04  176.0  27.3
240220261413  0.941  5.5  62.9  8.2  0.06  98.0  27.4
240220261414  0.939  5.5  60.7  8.6  nan  nan  nan
240220261415  0.939  5.6  58.7  8.6  0.06  77.5  27.4
240220261416  0.937  5.5  58.4  8.6  0.08  8.6  27.4
240220261417  0.935  5.6  56.7  8.6  0.02  118.4  27.4
240220261418  0.933  5.6  57.2  8.6  0.04  168.2  27.4
240220261419  0.933  5.7  55.5  8.6  0.15  14.6  27.4
240220261420  0.931  5.8  56.0  8.6  0.17  22.0  27.4
240220261421  0.930  5.8  55.5  8.6  0.09  21.1  27.4
240220261422  0.929  6.0  54.9  8.6  0.11  23.8  27.4
240220261423  0.929  6.0  55.4  8.6  0.04  59.4  27.4
240220261424  0.928  5.9  55.3  8.6  0.09  19.5  27.4
240220261425  0.926  5.9  55.5  8.6  0.02  104.8  27.4
240220261426  0.925  5.9  55.6  8.6  0.04  149.4  27.4
240220261427  0.924  5.8  56.8  8.6  0.08  14.4  27.4
240220261428  0.924  5.8  55.8  8.6  0.04  134.5  27.4
240220261429  0.922  5.6  56.0  8.6  nan  nan  nan
240220261430  0.922  5.4  53.3  7.6  0.13  1.3  27.4
240220261431  0.921  5.4  51.1  7.6  0.10  40.8  27.4
240220261432  0.920  5.4  51.3  7.6  0.12  29.0  27.4
240220261433  0.918  5.5  49.7  7.6  0.09  139.6  27.4
240220261434  0.917  5.5  48.4  7.6  0.17  12.7  27.4
240220261435  0.915  5.4  47.6  7.6  0.13  15.9  27.4
240220261436  0.913  5.4  48.0  7.2  0.05  95.4  27.4
240220261437  0.911  5.3  48.1  7.2  0.09  19.9  27.4
240220261438  0.909  5.2  49.5  7.2  0.15  39.6  27.4
240220261439  0.907  5.2  49.0  7.2  0.17  34.0  27.4
240220261440  0.905  5.2  51.5  7.6  0.12  13.8  27.4
240220261441  0.902  5.1  54.1  7.6  0.17  347.7  27.4
240220261442  0.899  5.0  54.4  7.6  nan  nan  nan
240220261443  0.896  4.9  56.5  7.6  0.17  28.4  27.4
240220261444  0.894  4.9  57.2  7.6  0.03  33.2  27.4
240220261445  0.890  4.8  59.0  7.6  0.15  15.2  27.4
240220261446  0.887  4.6  60.4  7.6  0.22  15.6  27.4
240220261447  0.885  4.6  61.3  7.6  0.22  17.1  27.4
240220261448  0.883  4.8  62.0  7.6  0.17  358.4  27.4
240220261449  0.880  4.8  63.2  7.6  0.15  3.2  27.4
240220261450  0.877  4.8  62.7  6.7  0.26  14.3  27.4
240220261451  0.876  4.9  62.0  6.7  0.15  27.0  27.4
240220261452  0.872  4.8  62.3  6.7  0.20  15.7  27.4
240220261453  0.871  4.8  62.5  7.2  0.27  9.2  27.4
240220261454  0.869  4.9  62.7  7.4  0.24  2.9  27.5
240220261455  0.867  5.0  64.0  7.4  0.26  17.6  27.5
240220261456  0.865  5.1  64.0  7.4  0.24  15.5  27.4
240220261457  0.864  5.0  64.8  7.4  0.19  11.7  27.4
240220261458  0.864  4.8  64.9  7.4  0.31  1.0  27.4
240220261459  0.862  4.8  64.2  7.4  0.18  2.0  27.4
240220261500  0.860  4.6  65.3  7.4  0.21  12.1  27.5
240220261501  0.858  4.6  66.2  7.4  0.25  17.5  27.5
240220261502  0.858  4.7  68.9  7.4  0.22  14.0  27.5
240220261503  0.855  4.6  70.3  7.4  0.24  15.2  27.5
240220261504  0.853  4.5  71.2  7.2  0.31  10.7  27.5
240220261505  0.853  4.5  69.3  7.2  0.30  4.9  27.5
240220261506  0.851  4.5  69.6  7.2  0.14  10.0  27.5
240220261507  0.849  4.5  68.3  7.2  0.23  12.5  27.5
240220261508  0.847  4.5  68.2  7.2  0.24  15.5  27.5
240220261509  0.845  4.5  69.1  7.2  0.22  10.0  27.5
240220261510  0.843  4.7  68.5  7.2  0.25  8.3  27.5
240220261511  0.841  4.6  68.5  7.2  0.24  357.5  27.5
240220261512  0.838  4.6  66.4  6.7  0.21  3.5  27.5
240220261513  0.837  4.7  66.1  6.7  0.31  17.5  27.5
240220261514  0.836  4.8  67.0  6.7  0.36  353.5  27.5
240220261515  0.833  4.9  67.4  6.7  0.32  1.6  27.5
240220261516  0.831  4.8  67.2  6.7  0.27  2.7  27.5
240220261517  0.829  4.8  65.5  6.7  0.35  6.2  27.5
240220261518  0.827  4.8  65.5  6.7  0.35  9.7  27.5
240220261519  0.825  4.8  66.8  6.7  0.44  15.0  27.5
240220261520  0.823  4.7  66.9  6.7  0.40  14.5  27.5
240220261521  0.820  4.7  67.1  6.7  0.29  10.8  27.5
240220261522  0.816  4.6  66.1  6.7  0.44  23.4  27.5
240220261523  0.814  4.5  64.0  6.7  0.51  14.1  27.5
240220261524  0.812  4.1  66.0  6.7  0.45  22.4  27.6
240220261525  0.809  3.9  68.8  6.4  0.44  21.8  27.6
240220261526  0.805  3.8  69.4  6.3  0.48  17.7  27.6
240220261527  0.804  3.8  71.8  6.3  0.37  12.1  27.6
240220261528  0.802  3.6  72.4  6.3  0.47  15.9  27.6
240220261529  0.800  3.5  69.4  6.3  0.56  9.4  27.6
240220261530  0.798  3.4  69.2  5.7  0.32  21.0  27.6
240220261531  0.795  3.3  69.6  5.1  0.46  20.5  27.6
240220261532  0.793  3.2  75.3  5.1  0.52  13.0  27.6
240220261533  0.791  3.2  77.5  5.1  0.46  12.4  27.6
240220261534  0.788  3.4  72.4  5.2  0.50  18.5  27.6
240220261535  0.783  3.4  70.7  5.2  0.51  19.0  27.6
240220261536  0.780  3.1  73.7  5.2  0.55  19.3  27.6
240220261537  0.777  2.8  75.1  5.2  0.48  23.2  27.6
240220261538  0.774  2.8  75.6  5.2  0.45  24.9  27.6
240220261539  0.771  2.7  81.0  5.2  0.40  24.6  27.6
240220261540  0.769  2.6  82.9  5.2  0.49  23.6  27.6
240220261541  0.763  2.7  83.9  5.6  0.41  26.8  27.6
240220261542  0.761  2.8  79.6  5.6  0.39  23.8  27.6
240220261543  0.758  2.9  79.3  5.6  0.38  25.3  27.6
240220261544  0.755  2.7  81.8  5.6  0.41  17.3  27.6
240220261545  0.752  2.7  85.8  5.6  0.49  21.9  27.6
240220261546  0.749  2.8  87.0  5.6  0.50  19.4  27.6
240220261547  0.745  2.9  87.0  5.6  0.65  11.9  27.6
240220261548  0.742  2.8  87.1  5.6  0.46  12.7  27.6
240220261549  0.739  3.0  84.8  5.6  0.55  13.2  27.6
240220261550  0.735  3.0  86.7  5.6  0.62  10.4  27.6
240220261551  0.731  3.0  89.1  6.0  0.58  8.1  27.6
240220261552  0.728  3.2  87.0  7.7  0.51  359.6  27.6
240220261553  0.724  3.6  83.7  10.1  0.71  1.6  27.6
240220261554  0.721  4.0  77.2  10.1  0.56  1.8  27.6
240220261555  0.717  4.3  67.9  10.1  0.55  2.5  27.7
240220261556  0.712  4.7  61.0  10.1  0.55  0.4  27.7
240220261557  0.707  5.1  56.7  10.1  0.63  8.4  27.7
240220261558  0.704  5.4  54.0  10.1  0.62  12.1  27.7
240220261559  0.700  5.5  50.1  10.1  0.59  8.9  27.7
240220261600  0.696  5.5  45.5  10.1  0.62  10.9  27.7
240220261601  0.695  5.5  41.5  10.1  0.54  17.6  27.7
240220261602  0.691  5.0  38.8  10.1  0.45  5.3  27.7
240220261603  0.688  4.2  36.0  9.3  0.65  10.3  27.7
240220261604  0.686  3.4  35.3  8.8  0.62  8.0  27.7
240220261605  0.684  2.7  38.5  7.4  0.72  8.4  27.7
240220261606  0.679  2.3  40.7  7.1  0.57  4.7  27.7
240220261607  0.676  2.0  41.5  5.6  0.61  0.2  27.8
240220261608  0.671  1.8  45.9  5.6  0.61  6.2  27.8
240220261609  0.668  1.7  49.1  3.9  0.45  2.8  27.8
240220261610  0.664  1.8  53.3  4.3  0.56  359.2  27.8
240220261611  0.660  1.9  56.6  4.3  0.58  359.6  27.8
240220261612  0.656  2.1  53.9  4.3  0.55  3.7  27.8
240220261613  0.652  2.3  44.5  4.3  0.55  1.4  27.7
240220261614  0.649  2.5  42.2  4.3  0.56  2.4  27.7
240220261615  0.644  2.7  42.2  4.3  0.53  354.8  27.7
240220261616  0.641  2.6  44.0  4.3  0.63  1.6  27.7
240220261617  0.636  2.4  47.6  4.3  0.61  3.1  27.7
240220261618  0.633  2.4  46.9  4.3  0.55  2.9  27.7
240220261619  0.629  2.3  48.8  4.3  0.56  3.4  27.7
240220261620  0.624  2.3  52.3  4.0  0.62  7.5  27.7
240220261621  0.621  2.3  55.0  4.7  0.64  10.5  27.7
240220261622  0.618  2.4  56.7  4.7  0.51  6.1  27.7
240220261623  0.616  2.5  64.5  4.7  0.71  9.1  27.7
240220261624  0.612  2.4  72.8  4.7  0.50  13.6  27.7
240220261625  0.608  2.3  78.9  4.7  0.55  1.2  27.7
240220261626  0.605  2.3  82.0  4.7  0.61  5.2  27.7
240220261627  0.600  2.3  84.8  4.7  0.52  0.6  27.7
240220261628  0.596  2.4  84.5  4.7  0.60  3.5  27.7
240220261629  0.592  2.5  87.0  4.7  0.58  359.8  27.7
240220261630  0.589  2.4  90.8  4.7  0.68  358.3  27.8
240220261631  0.585  2.3  92.7  4.3  0.65  0.2  27.8
240220261632  0.580  2.4  92.0  4.3  0.59  4.6  27.8
240220261633  0.578  2.4  88.9  4.3  0.62  2.6  27.8
240220261634  0.576  2.3  84.8  4.3  0.64  5.2  27.8
240220261635  0.574  2.3  83.6  4.3  0.61  0.7  27.8
240220261636  0.571  2.4  86.5  4.3  0.62  5.1  27.8
240220261637  0.569  2.4  88.2  4.3  0.49  359.9  27.8
240220261638  0.567  2.2  92.3  4.3  0.54  2.7  27.8
240220261639  0.564  2.0  93.9  4.3  0.55  2.1  27.8
240220261640  0.562  1.9  91.4  4.3  0.53  9.4  27.8
240220261641  0.559  1.9  97.6  4.3  0.53  4.7  27.8
240220261642  0.557  1.9  106.0  4.3  0.50  7.6  27.8
240220261643  0.554  2.0  112.8  5.2  0.47  2.7  27.8
240220261644  0.553  2.3  116.1  5.6  0.55  356.9  27.8
240220261645  0.551  2.4  112.2  5.6  0.64  4.2  27.8
240220261646  0.549  2.4  107.8  5.6  0.64  8.3  27.8
240220261647  0.547  2.6  108.7  5.6  0.62  4.6  27.8
240220261648  0.545  2.7  112.9  5.6  0.52  359.6  27.8
240220261649  0.542  3.0  117.2  5.6  0.58  1.0  27.8
240220261650  0.537  3.3  121.4  5.6  0.68  0.4  27.8
240220261651  0.535  3.4  121.1  5.6  0.55  4.1  27.8
240220261652  0.533  3.4  123.3  5.6  0.56  6.0  27.8
240220261653  0.530  3.3  125.8  5.6  0.66  7.0  27.8
240220261654  0.527  3.1  129.2  5.6  0.62  0.0  27.8
240220261655  0.525  2.9  134.6  5.6  0.58  0.5  27.8
240220261656  0.523  2.8  135.9  5.6  0.67  0.3  27.8
240220261657  0.521  2.7  136.0  5.3  0.76  2.9  27.8
240220261658  0.519  2.6  134.8  5.3  0.57  1.8  27.9
240220261659  0.516  2.3  136.2  5.3  0.73  2.8  27.9
240220261700  0.513  2.0  139.2  5.3  0.62  0.4  27.9
240220261701  0.509  1.9  142.0  3.9  0.71  5.3  27.9
240220261702  0.505  1.7  146.5  3.9  0.72  0.5  27.9
240220261703  0.501  1.8  148.7  3.9  0.67  359.9  27.9
240220261704  0.498  1.7  149.0  3.9  0.68  358.8  27.9
240220261705  0.495  1.8  146.7  3.9  0.70  3.5  27.9
240220261706  0.490  1.9  151.0  4.5  0.63  0.3  27.9
240220261707  0.487  1.8  150.2  4.5  0.68  1.3  27.9
240220261708  0.485  2.0  148.9  5.5  0.50  354.9  27.9
240220261709  0.481  2.1  145.1  5.5  0.63  2.9  27.9
240220261710  0.477  2.4  138.7  6.3  0.69  3.9  27.9
240220261711  0.474  2.5  144.1  6.3  0.62  9.1  27.9
240220261712  0.469  2.8  137.0  7.6  0.69  5.7  27.9
240220261713  0.466  3.0  135.5  7.6  0.66  357.4  27.9
240220261714  0.462  3.0  135.2  7.6  0.69  3.4  27.9
240220261715  0.458  2.9  134.2  7.6  0.65  2.6  27.9
240220261716  0.454  2.9  135.4  7.6  0.70  3.1  27.9
240220261717  0.452  2.9  143.2  7.6  0.74  7.0  27.9
240220261718  0.449  2.9  148.2  7.6  0.74  5.5  27.9
240220261719  0.446  2.9  150.3  7.6  0.71  359.6  28.0
240220261720  0.444  2.7  153.7  7.6  0.75  7.9  28.0
240220261721  0.441  2.6  149.8  7.6  0.63  3.5  28.0
240220261722  0.436  2.6  154.2  6.6  0.71  5.8  28.0
240220261723  0.432  2.5  153.6  5.7  0.76  4.7  28.0
240220261724  0.428  2.4  151.5  5.7  0.75  7.0  28.0
240220261725  0.425  2.5  150.8  5.7  0.81  4.0  28.0
240220261726  0.422  2.4  148.7  5.7  0.75  2.6  28.0
240220261727  0.419  2.3  138.4  5.7  0.78  0.6  28.0
240220261728  0.416  2.3  131.1  5.4  0.75  4.1  28.0
240220261729  0.413  2.3  127.4  5.4  0.75  6.6  28.0
240220261730  0.411  2.3  127.6  5.4  0.81  5.6  28.0
240220261731  0.409  2.4  129.2  5.4  0.72  4.4  28.0
240220261732  0.406  2.2  128.4  5.1  0.79  4.4  28.0
240220261733  0.404  2.0  130.2  5.0  0.87  11.3  28.0
240220261734  0.401  1.9  133.8  5.0  0.74  3.5  28.0
240220261735  0.400  1.9  139.5  5.0  0.69  3.5  28.0
240220261736  0.398  1.9  141.2  5.0  0.82  5.1  28.0
240220261737  0.395  1.9  143.4  5.0  0.75  6.0  28.0
240220261738  0.392  1.9  145.6  4.3  0.75  3.9  28.0
240220261739  0.391  1.9  146.9  4.3  0.79  5.4  28.0
240220261740  0.389  2.0  145.3  4.5  0.76  6.2  28.0
240220261741  0.387  2.0  146.9  5.0  0.57  9.4  28.0
240220261742  0.385  2.1  145.4  5.0  0.77  8.0  28.0
240220261743  0.383  2.1  139.1  5.0  0.84  9.3  28.0
240220261744  0.382  2.3  136.6  5.8  0.67  3.3  28.0
240220261745  0.380  2.3  134.7  5.8  0.77  3.0  28.0
240220261746  0.378  2.2  133.4  5.8  0.79  7.2  28.1
240220261747  0.375  2.1  133.7  5.8  0.71  5.9  28.1
240220261748  0.372  2.1  132.2  5.8  0.73  2.3  28.1
240220261749  0.371  2.2  130.3  5.8  0.71  3.6  28.1
240220261750  0.369  2.3  124.6  5.8  0.65  9.8  28.1
240220261751  0.368  2.4  118.9  5.8  0.59  356.7  28.1
240220261752  0.367  2.5  121.8  5.8  0.63  0.5  28.1
240220261753  0.365  2.4  128.1  5.8  0.73  359.5  28.1
240220261754  0.364  2.7  129.3  7.1  0.72  2.1  28.1
240220261755  0.364  2.7  133.3  7.1  0.63  359.5  28.1
240220261756  0.362  2.7  132.9  7.1  0.67  359.5  28.1
240220261757  0.361  2.9  129.4  7.1  0.62  359.2  28.1
240220261758  0.359  2.9  129.0  7.1  0.67  1.2  28.1
240220261759  0.356  2.8  127.6  7.1  0.57  357.5  28.1
240220261800  0.355  2.8  128.3  7.1  0.65  7.1  28.1
240220261801  0.353  2.9  124.5  7.1  0.67  4.9  28.1
240220261802  0.352  2.9  122.5  7.1  0.66  0.7  28.1
240220261803  0.352  3.1  118.2  7.1  0.61  0.4  28.1
240220261804  0.351  3.1  113.5  6.8  0.64  3.1  28.1
240220261805  0.350  3.3  105.9  6.8  0.62  0.6  28.1
240220261806  0.348  3.4  105.6  6.8  0.57  1.2  28.1
240220261807  0.347  3.5  110.2  6.8  0.69  5.2  28.1
240220261808  0.347  3.6  113.1  6.8  0.64  6.1  28.1
240220261809  0.346  3.7  116.5  6.8  0.49  358.7  28.1
240220261810  0.346  3.5  121.9  6.8  0.63  1.7  28.1
240220261811  0.344  3.2  128.1  6.4  0.57  359.8  28.1
240220261812  0.343  3.1  128.5  6.4  0.67  2.0  28.1
240220261813  0.342  3.2  130.9  7.6  0.54  2.3  28.1
240220261814  0.341  3.0  133.8  7.6  0.76  3.7  28.1
240220261815  0.339  3.0  140.9  7.6  0.61  4.1  28.1
240220261816  0.338  3.0  143.6  7.6  0.56  3.9  28.1
240220261817  0.335  3.0  145.3  7.6  0.62  4.4  28.1
240220261818  0.335  2.8  145.5  7.6  0.62  2.4  28.1
240220261819  0.333  2.6  146.0  7.6  0.69  5.0  28.1
240220261820  0.330  2.5  143.1  7.6  0.75  5.3  28.1
240220261821  0.328  2.6  141.7  7.6  0.71  4.1  28.1
240220261822  0.326  2.4  144.9  7.6  0.54  7.1  28.1
240220261823  0.325  2.3  143.5  5.5  0.54  9.4  28.1
240220261824  0.323  2.4  143.4  5.5  0.59  2.8  28.1
240220261825  0.323  2.4  144.7  5.5  0.59  5.1  28.1
240220261826  0.322  2.2  144.0  5.5  0.67  2.6  28.1
240220261827  0.321  1.9  144.7  4.9  0.65  2.9  28.1
240220261828  0.320  1.9  145.5  4.9  0.69  2.4  28.1
240220261829  0.320  1.9  142.4  4.9  0.63  7.2  28.1
240220261830  0.318  2.1  146.4  5.1  0.68  9.3  28.1
240220261831  0.317  2.3  151.4  6.5  0.67  1.5  28.1
240220261832  0.316  2.4  156.5  6.5  0.59  3.2  28.1
240220261833  0.313  2.7  161.6  6.5  0.71  4.6  28.1
240220261834  0.312  2.8  162.6  6.5  0.70  3.6  28.1
240220261835  0.310  2.7  161.8  6.5  0.67  5.0  28.1
240220261836  0.309  2.9  162.7  6.5  0.53  359.9  28.1
240220261837  0.306  3.0  163.1  6.5  0.72  5.4  28.1
240220261838  0.306  3.0  162.9  6.5  0.68  5.1  28.1
240220261839  0.305  3.1  162.6  6.5  0.56  356.6  28.2
240220261840  0.304  2.9  162.9  6.5  0.55  3.3  28.2
240220261841  0.303  2.7  160.9  5.8  0.58  5.3  28.2
240220261842  0.303  2.7  156.2  5.5  0.71  1.4  28.2
240220261843  0.301  2.8  158.1  6.3  0.55  1.2  28.2
240220261844  0.299  2.8  159.8  6.3  0.66  4.5  28.2
240220261845  0.297  2.7  158.4  6.3  0.68  7.7  28.2
240220261846  0.296  2.6  154.5  6.3  0.61  9.3  28.2
240220261847  0.295  2.5  148.8  6.3  0.65  7.6  28.2
240220261848  0.293  2.6  144.2  6.3  0.71  1.2  28.2
240220261849  0.292  2.4  143.8  6.3  0.73  3.3  28.2
240220261850  0.291  2.5  140.5  6.3  0.61  2.5  28.2
240220261851  0.289  2.4  135.7  6.3  0.68  359.8  28.2
240220261852  0.288  2.3  125.4  6.3  0.61  4.0  28.2
240220261853  0.287  2.4  113.2  5.8  0.53  4.8  28.2
240220261854  0.285  2.5  107.7  7.1  0.68  3.3  28.2
240220261855  0.283  2.6  111.0  7.1  0.62  358.5  28.2
240220261856  0.282  2.6  118.9  7.1  0.64  1.1  28.2
240220261857  0.280  2.7  126.2  7.1  0.63  1.8  28.2
240220261858  0.279  2.8  130.6  7.7  0.71  4.6  28.2
240220261859  0.279  2.9  133.2  7.7  0.68  358.6  28.2
240220261900  0.279  3.0  136.4  7.7  0.60  0.4  28.2
240220261901  0.279  3.0  142.8  7.7  0.59  1.2  28.2
240220261902  0.279  3.2  151.5  7.7  0.72  0.5  28.2
240220261903  0.277  3.4  157.5  7.7  0.67  1.1  28.2
240220261904  0.278  3.6  162.0  7.7  0.47  359.0  28.2
240220261905  0.277  3.6  164.8  7.7  0.71  4.4  28.2
240220261906  0.277  3.6  163.0  7.7  0.72  358.3  28.2
240220261907  0.277  3.7  161.9  7.7  0.64  2.1  28.2
240220261908  0.277  3.6  166.3  6.6  0.58  353.9  28.2
240220261909  0.278  3.5  166.8  6.6  0.62  356.6  28.2
240220261910  0.276  3.5  166.0  6.6  0.65  357.0  28.2
240220261911  0.276  3.5  164.9  6.6  0.68  357.4  28.2
240220261912  0.277  3.5  167.2  6.6  0.66  358.1  28.2
240220261913  0.278  3.4  169.3  6.6  0.60  6.5  28.2
240220261914  0.278  3.1  172.2  6.6  0.56  357.5  28.2
240220261915  0.280  3.0  172.0  6.6  0.53  2.2  28.2
240220261916  0.282  2.9  173.6  6.6  0.46  4.0  28.2
240220261917  0.283  2.7  173.7  5.6  0.51  4.8  28.2
240220261918  0.285  2.7  170.6  5.6  0.47  359.1  28.2
240220261919  0.286  2.8  170.9  5.6  0.51  356.2  28.2
240220261920  0.287  2.7  170.3  5.6  0.43  3.7  28.2
240220261921  0.287  2.8  169.0  5.6  0.48  7.5  28.2
240220261922  0.288  2.8  163.3  5.6  0.37  2.0  28.2
240220261923  0.290  2.8  159.5  5.4  0.48  354.7  28.2
240220261924  0.291  2.9  154.3  5.4  0.39  1.7  28.2
240220261925  0.291  3.2  152.8  5.5  0.50  358.5  28.2
240220261926  0.292  3.3  152.9  5.6  0.54  355.6  28.2
240220261927  0.294  3.3  156.0  5.6  0.53  4.3  28.2
240220261928  0.295  3.3  156.9  5.6  0.37  359.0  28.2
240220261929  0.296  3.0  154.0  5.6  0.45  4.6  28.2
240220261930  0.296  3.0  152.7  5.6  0.41  356.0  28.2
240220261931  0.298  2.9  153.1  5.6  0.38  356.0  28.2
240220261932  0.300  2.9  152.7  5.6  0.44  358.6  28.2
240220261933  0.300  2.7  151.2  5.6  0.27  353.4  28.3
240220261934  0.301  2.7  150.2  5.6  0.39  1.5  28.3
240220261935  0.302  2.6  142.3  6.3  0.27  357.5  28.3
240220261936  0.305  2.3  131.9  6.3  0.31  343.6  28.3
240220261937  0.307  2.1  119.1  6.3  0.37  359.2  28.2
240220261938  0.309  2.0  113.5  6.3  0.30  344.6  28.2
240220261939  0.310  1.8  116.3  6.3  0.28  358.9  28.2
240220261940  0.311  1.7  121.2  6.3  0.21  358.8  28.2
240220261941  0.312  1.7  121.0  6.3  0.22  8.0  28.2
240220261942  0.312  1.5  120.8  6.3  0.23  346.4  28.2
240220261943  0.315  1.4  124.9  6.3  0.21  347.6  28.2
240220261944  0.316  1.3  130.6  6.3  0.21  5.8  28.2
240220261945  0.317  1.1  143.3  3.5  0.24  6.2  28.2
240220261946  0.318  1.3  155.9  4.3  0.35  356.0  28.2
240220261947  0.319  1.3  163.3  4.3  0.14  341.7  28.2
240220261948  0.319  1.3  163.7  4.3  0.12  343.4  28.2
240220261949  0.320  1.5  161.8  4.3  0.17  345.2  28.2
240220261950  0.321  1.5  154.9  4.3  0.14  326.1  28.2
240220261951  0.322  1.5  148.3  4.3  0.07  354.5  28.2
240220261952  0.324  1.6  144.7  4.3  0.13  12.6  28.2
240220261953  0.327  1.8  146.5  4.3  0.16  3.7  28.2
240220261954  0.329  2.0  148.3  5.8  0.09  28.1  28.2
240220261955  0.331  2.0  144.1  5.8  0.11  341.6  28.2
240220261956  0.334  1.8  137.7  5.8  0.12  0.4  28.2
240220261957  0.336  2.0  135.6  5.8  0.10  339.8  28.2
240220261958  0.337  2.3  130.9  5.8  0.04  10.0  28.2
240220261959  0.339  2.3  126.3  5.8  0.13  350.2  28.2
240220262000  0.342  2.4  121.9  5.8  0.08  345.2  28.2
240220262001  0.344  2.5  118.5  7.8  0.15  355.4  28.2
240220262002  0.346  2.6  112.7  7.8  0.13  345.3  28.2
240220262003  0.349  2.5  109.9  7.8  0.09  2.9  28.2
240220262004  0.352  2.7  101.5  7.8  0.08  312.5  28.2
240220262005  0.353  2.9  99.3  7.8  0.11  306.1  28.2
240220262006  0.355  3.0  100.4  7.8  0.11  334.7  28.2
240220262007  0.356  3.0  104.1  7.8  0.04  317.4  28.2
240220262008  0.358  2.9  107.3  7.8  0.11  243.1  28.2
240220262009  0.360  3.0  108.8  7.8  0.03  305.0  28.2
240220262010  0.362  3.0  113.3  7.8  0.10  246.6  28.2
240220262011  0.362  3.0  116.2  7.6  0.06  225.1  28.2
240220262012  0.365  3.0  119.8  7.6  0.11  240.2  28.2
240220262013  0.369  3.0  117.6  7.6  0.14  204.2  28.2
240220262014  0.370  2.8  120.4  6.7  0.06  266.4  28.2
240220262015  0.372  2.7  124.8  6.7  0.06  242.8  28.2
240220262016  0.374  2.6  127.3  6.7  0.09  265.7  28.2
240220262017  0.376  2.6  125.5  6.7  0.09  244.2  28.2
240220262018  0.378  2.3  127.8  6.7  0.07  257.6  28.2
240220262019  0.379  2.1  133.5  6.7  0.22  215.0  28.2
240220262020  0.381  2.0  135.4  6.7  0.05  296.9  28.2
240220262021  0.382  1.8  140.4  4.8  0.13  243.1  28.2
240220262022  0.384  1.8  139.6  3.8  0.15  236.6  28.2
240220262023  0.384  1.9  143.3  3.8  0.09  301.3  28.2
240220262024  0.385  1.7  144.6  3.8  0.03  327.7  28.2
240220262025  0.385  1.6  139.4  3.8  0.14  228.0  28.2
240220262026  0.386  1.5  141.1  3.8  0.15  208.2  28.2
240220262027  0.387  1.5  150.2  4.4  0.22  190.0  28.2
240220262028  0.388  1.6  145.0  4.4  0.13  217.7  28.2
240220262029  0.391  1.4  143.4  4.4  0.14  213.1  28.2
240220262030  0.393  1.4  141.5  4.4  0.13  207.0  28.2
240220262031  0.394  1.4  140.9  4.4  0.33  203.0  28.2
240220262032  0.396  1.5  141.3  6.4  0.27  206.9  28.2
240220262033  0.396  1.5  139.0  6.4  0.26  189.2  28.2
240220262034  0.397  1.7  138.5  6.4  0.20  208.8  28.1
240220262035  0.399  1.7  144.9  6.4  0.22  203.7  28.1
240220262036  0.400  1.9  147.8  6.4  0.19  187.7  28.1
240220262037  0.401  2.0  140.1  6.4  0.26  203.6  28.1
240220262038  0.403  2.0  143.0  6.4  0.20  186.1  28.1
240220262039  0.406  2.2  136.8  6.4  0.16  178.0  28.1
240220262040  0.409  2.3  129.0  6.4  0.11  169.1  28.1
240220262041  0.410  2.2  124.7  6.4  0.29  182.0  28.1
240220262042  0.410  2.0  123.6  5.6  0.17  190.0  28.1
240220262043  0.411  2.1  122.5  5.6  0.16  174.6  28.1
240220262044  0.411  2.2  126.0  5.8  0.17  190.0  28.1
240220262045  0.412  2.5  126.4  6.1  0.26  176.7  28.1
240220262046  0.413  2.7  127.7  6.1  0.21  179.0  28.1
240220262047  0.416  2.6  129.1  6.1  0.24  180.2  28.1
240220262048  0.418  2.7  127.6  6.1  0.18  166.0  28.1
240220262049  0.420  2.7  130.5  6.1  0.19  162.4  28.1
240220262050  0.421  2.8  135.7  6.1  0.19  157.0  28.1
240220262051  0.422  2.8  138.2  6.1  0.15  179.7  28.1
240220262052  0.423  2.8  138.2  6.1  0.11  190.0  28.1
240220262053  0.425  2.8  139.6  6.1  0.15  184.8  28.1
240220262054  0.427  2.8  139.7  6.1  0.29  173.0  28.1
240220262055  0.430  2.4  138.2  5.3  0.21  169.6  28.0
240220262056  0.432  2.3  129.9  5.3  0.17  184.7  28.0
240220262057  0.435  2.4  127.7  5.3  0.18  188.8  28.0
240220262058  0.437  2.5  123.2  6.2  0.20  188.3  28.0
240220262059  0.438  2.4  119.7  6.2  0.13  173.0  28.0
240220262100  0.440  2.5  116.4  6.2  0.17  188.7  28.0
240220262101  0.444  2.7  120.1  6.2  0.18  184.9  28.0
240220262102  0.447  2.6  118.9  6.2  0.20  180.6  28.0
240220262103  0.448  2.3  114.7  6.2  0.27  183.3  28.0
240220262104  0.452  2.1  110.8  6.2  0.24  194.6  28.0
240220262105  0.455  2.3  108.1  6.2  0.36  188.8  28.0
240220262106  0.459  2.3  102.8  6.2  0.34  174.0  28.0
240220262107  0.462  2.4  97.4  6.2  0.21  184.7  28.0
240220262108  0.466  2.5  91.6  6.7  0.26  177.0  28.0
240220262109  0.469  2.8  90.6  7.0  0.32  184.7  28.0
240220262110  0.471  2.9  89.9  7.0  0.24  190.0  28.0
240220262111  0.474  3.1  83.5  7.0  0.33  183.5  28.0
240220262112  0.477  3.3  82.4  7.0  0.19  174.7  28.0
240220262113  0.482  3.4  83.3  7.0  0.24  177.0  28.0
240220262114  0.486  3.4  81.3  7.0  0.27  174.3  28.0
240220262115  0.490  3.1  78.9  7.0  0.33  175.0  28.0
240220262116  0.493  3.0  81.4  7.0  0.43  181.1  28.0
240220262117  0.497  3.0  82.1  7.0  0.45  188.2  28.0
240220262118  0.500  2.7  87.5  7.0  0.42  183.3  28.0
240220262119  0.504  2.4  86.5  6.5  0.35  187.5  28.0
240220262120  0.509  2.3  82.0  6.5  0.40  190.0  28.0
240220262121  0.513  2.3  81.2  6.5  0.53  182.6  28.0
240220262122  0.517  2.1  84.7  6.5  0.41  179.6  28.0
240220262123  0.521  2.2  85.7  6.5  0.48  180.4  28.0
240220262124  0.526  2.3  85.6  6.5  0.50  188.0  28.0
240220262125  0.530  2.8  87.9  8.1  0.44  184.1  28.0
240220262126  0.535  2.9  86.1  8.1  0.47  180.2  28.0
240220262127  0.539  2.8  85.1  8.1  0.50  178.6  28.0
240220262128  0.544  2.8  82.1  8.1  0.46  188.1  28.0
240220262129  0.549  2.6  82.9  8.1  0.47  183.3  28.0
240220262130  0.554  2.5  80.9  8.1  0.43  184.6  27.9
240220262131  0.558  2.7  80.6  8.1  0.47  178.6  27.9
240220262132  0.564  3.3  77.4  8.9  0.47  183.4  27.9
240220262133  0.569  3.5  78.1  8.9  0.32  185.4  27.9
240220262134  0.572  3.6  78.8  8.9  0.42  179.3  27.9
240220262135  0.577  3.7  78.0  9.6  0.56  186.2  27.9
240220262136  0.582  3.9  78.9  9.6  0.51  172.3  27.9
240220262137  0.587  4.2  78.9  9.6  0.59  176.1  27.9
240220262138  0.592  4.5  76.6  9.6  0.58  176.8  27.9
240220262139  0.598  5.1  76.5  9.6  0.53  175.5  27.9
240220262140  0.602  5.1  78.1  9.6  0.48  175.1  27.9
240220262141  0.607  5.1  76.3  9.6  0.51  177.3  27.9
240220262142  0.611  4.8  77.2  9.6  0.58  175.8  27.9
240220262143  0.616  5.0  75.9  9.6  0.64  179.8  27.9
240220262144  0.619  5.2  75.7  9.6  0.61  173.8  27.9
240220262145  0.624  5.3  74.4  9.4  0.54  173.9  27.9
240220262146  0.627  5.0  75.1  9.4  0.61  173.8  27.9
240220262147  0.629  4.9  74.8  9.4  0.53  172.9  27.9
240220262148  0.633  4.6  75.9  9.4  0.63  170.7  27.9
240220262149  0.636  4.4  75.2  9.4  0.58  169.5  27.9
240220262150  0.640  4.5  75.0  9.4  0.61  169.4  27.9
240220262151  0.643  4.4  75.7  8.1  0.65  171.6  27.9
240220262152  0.646  4.7  74.1  8.1  0.55  169.5  27.9
240220262153  0.650  4.6  76.4  7.7  0.68  170.7  27.9
240220262154  0.654  4.5  75.2  7.7  0.53  163.4  27.9
240220262155  0.657  4.1  77.3  7.7  0.63  170.9  27.9
240220262156  0.660  4.2  76.5  7.7  0.64  168.9  27.9
240220262157  0.662  4.0  77.3  7.7  0.67  174.4  27.9
240220262158  0.664  4.1  76.0  7.7  0.71  169.1  27.9
240220262159  0.665  4.0  78.0  7.7  0.68  167.9  27.9
240220262200  0.667  4.0  78.0  7.7  0.85  174.8  27.9
240220262201  0.668  3.9  79.0  7.6  0.80  172.0  27.8
240220262202  0.671  3.7  80.9  7.4  0.80  170.2  27.8
240220262203  0.673  3.6  78.0  7.4  0.80  171.8  27.8
240220262204  0.674  3.5  79.0  7.0  0.74  169.0  27.8
240220262205  0.675  3.7  78.5  7.0  0.85  171.7  27.8
240220262206  0.676  3.6  76.6  7.0  0.71  169.2  27.8
240220262207  0.679  3.8  76.3  7.0  0.72  171.0  27.8
240220262208  0.681  3.6  77.7  7.0  0.68  167.3  27.8
240220262209  0.683  3.4  76.7  7.0  0.73  168.8  27.8
240220262210  0.686  3.2  76.0  7.0  0.57  167.4  27.8
240220262211  0.688  3.0  74.0  6.8  0.60  166.8  27.8
240220262212  0.691  3.0  71.7  6.8  0.60  168.5  27.8
240220262213  0.694  2.8  72.9  6.8  0.62  165.9  27.8
240220262214  0.696  2.5  73.5  5.6  0.67  166.8  27.8
240220262215  0.699  2.2  72.1  5.6  0.62  173.1  27.8
240220262216  0.701  1.9  72.8  5.6  0.66  172.2  27.8
240220262217  0.704  1.8  66.8  5.6  0.62  163.9  27.8
240220262218  0.706  1.8  67.5  5.6  0.69  165.3  27.8
240220262219  0.710  2.0  65.8  5.6  0.71  172.9  27.8
240220262220  0.712  2.0  67.0  5.6  0.67  172.0  27.8
240220262221  0.716  1.8  70.0  5.6  0.74  166.9  27.8
240220262222  0.718  1.7  69.8  4.6  0.62  164.2  27.8
240220262223  0.721  1.7  67.6  4.6  0.71  169.8  27.8
240220262224  0.725  1.7  66.4  4.6  0.70  162.4  27.8
240220262225  0.728  2.0  69.7  4.6  0.73  161.7  27.8
240220262226  0.732  2.1  69.7  6.0  0.67  163.1  27.8
240220262227  0.735  2.4  75.0  6.9  0.75  164.8  27.8
240220262228  0.740  2.5  73.7  8.3  0.82  167.2  27.8
240220262229  0.744  2.6  77.6  8.3  0.71  162.3  27.8
240220262230  0.749  2.6  79.5  8.3  0.63  165.7  27.8
240220262231  0.754  2.9  80.0  8.3  0.85  169.1  27.8
240220262232  0.760  3.0  82.4  8.3  0.70  168.0  27.8
240220262233  0.765  3.1  83.9  8.3  0.83  165.3  27.8
240220262234  0.771  3.3  83.6  8.3  0.87  165.6  27.8
240220262235  0.776  3.2  82.8  8.3  0.83  165.3  27.8
240220262236  0.781  3.4  84.3  8.3  0.93  169.4  27.8
240220262237  0.787  3.2  83.9  8.3  1.00  169.9  27.8
240220262238  0.792  3.2  82.8  7.2  0.84  168.0  27.8
240220262239  0.797  3.2  81.1  7.2  0.80  169.2  27.7
240220262240  0.802  3.3  79.3  7.2  0.80  173.4  27.8
240220262241  0.808  3.2  77.7  7.2  0.81  174.6  27.8
240220262242  0.812  3.2  76.6  7.2  0.73  175.9  27.8
240220262243  0.817  3.3  76.6  7.2  0.61  172.1  27.8
240220262244  0.822  3.1  76.0  6.1  0.73  181.9  27.8
240220262245  0.827  3.3  76.6  6.1  0.48  178.4  27.8
240220262246  0.834  3.1  77.2  6.1  0.50  181.5  27.8
240220262247  0.839  3.0  77.2  6.1  0.56  185.4  27.8
240220262248  0.845  2.9  77.6  5.1  0.55  180.7  27.8
240220262249  0.850  2.8  78.0  5.1  0.35  182.0  27.8
240220262250  0.854  2.7  77.6  4.9  0.40  185.0  27.8
240220262251  0.860  2.8  78.0  4.9  0.27  183.5  27.8
240220262252  0.865  2.7  79.7  4.9  0.44  188.0  27.8
240220262253  0.870  2.6  79.1  4.9  0.42  186.8  27.8
240220262254  0.876  2.7  81.1  4.9  0.33  191.4  27.8
240220262255  0.881  2.7  81.0  4.8  0.41  197.6  27.8
240220262256  0.885  2.8  77.8  4.8  0.33  190.7  27.8
240220262257  0.891  3.0  78.0  6.1  0.47  185.9  27.8
240220262258  0.895  3.0  79.3  6.1  0.44  184.6  27.8
240220262259  0.901  3.1  78.7  6.1  0.39  182.6  27.8
240220262300  0.907  3.1  79.3  6.1  0.45  189.3  27.8
240220262301  0.911  3.2  77.7  6.1  0.47  179.5  27.8
240220262302  0.916  3.4  75.3  7.2  0.36  186.3  27.8
240220262303  0.921  3.4  76.2  7.2  0.41  191.1  27.8
240220262304  0.926  3.3  77.1  7.2  0.41  191.6  27.8
240220262305  0.931  3.1  76.3  7.2  0.44  185.2  27.8
240220262306  0.936  3.0  78.1  7.2  0.57  189.8  27.8
240220262307  0.941  2.8  76.7  7.2  0.59  186.0  27.8
240220262308  0.948  2.9  76.1  7.2  0.59  183.6  27.8
240220262309  0.953  2.7  77.2  7.2  0.43  179.1  27.7
240220262310  0.957  2.6  78.6  7.2  0.53  178.9  27.7
240220262311  0.963  2.5  85.1  7.2  0.71  182.6  27.7
240220262312  0.967  2.4  94.2  5.5  0.56  184.4  27.6
240220262313  0.973  2.6  96.5  5.5  0.60  182.9  27.6
240220262314  0.978  2.6  98.0  5.5  0.55  182.0  27.6
240220262315  0.981  2.7  101.5  5.5  0.44  173.7  27.6
240220262316  0.986  2.7  105.4  5.5  0.65  185.0  27.6
240220262317  0.990  2.9  113.7  5.5  0.49  179.9  27.6
240220262318  0.994  2.9  122.3  5.5  0.50  179.3  27.6
240220262319  0.997  2.9  127.0  5.5  0.62  177.1  27.6
240220262320  1.000  3.0  134.9  5.5  0.77  174.8  27.6
240220262321  1.004  3.1  141.5  6.0  0.64  177.4  27.6
240220262322  1.007  3.1  148.5  6.3  0.59  176.9  27.7
240220262323  1.010  3.1  153.3  6.3  0.69  174.4  27.7
240220262324  1.014  3.1  155.9  6.3  0.67  174.9  27.7
240220262325  1.018  3.1  159.0  6.3  0.54  170.2  27.7
240220262326  1.020  3.1  161.2  6.3  0.67  178.0  27.7
240220262327  1.024  2.9  163.8  6.3  0.75  175.1  27.6
240220262328  1.027  2.8  166.3  6.3  0.66  171.9  27.6
240220262329  1.029  2.9  167.5  6.3  0.62  172.0  27.6
240220262330  1.032  2.9  168.9  6.3  0.69  175.6  27.6
240220262331  1.034  2.7  167.2  6.3  0.66  170.9  27.6
240220262332  1.037  2.6  164.7  4.5  0.74  175.3  27.6
240220262333  1.038  2.6  165.2  4.5  0.83  173.3  27.6
240220262334  1.041  2.6  169.8  4.5  0.74  176.5  27.6
240220262335  1.045  2.6  174.8  4.5  0.70  171.5  27.6
240220262336  1.048  2.6  177.7  4.5  0.76  177.1  27.6
240220262337  1.051  2.6  179.8  4.5  0.78  180.2  27.6
240220262338  1.053  2.7  182.6  4.5  0.58  176.0  27.6
240220262339  1.055  2.5  184.8  4.5  0.83  180.9  27.6
240220262340  1.056  2.3  185.6  3.4  0.82  180.7  27.6
240220262341  1.058  2.3  191.5  3.4  0.70  173.3  27.6
240220262342  1.061  2.4  199.5  3.4  0.80  181.5  27.6
240220262343  1.064  2.5  204.6  3.3  0.79  184.2  27.6
240220262344  1.067  2.4  204.5  3.3  0.84  179.9  27.6
240220262345  1.070  2.4  203.1  3.2  0.78  175.9  27.6
240220262346  1.074  2.3  202.8  3.1  0.80  179.2  27.6
240220262347  1.077  2.3  203.6  3.1  0.65  175.0  27.6
240220262348  1.080  2.3  204.8  3.1  0.70  173.8  27.6
240220262349  1.083  2.3  206.5  3.1  0.71  175.8  27.6
240220262350  1.086  2.3  208.5  3.1  0.73  178.9  27.6
240220262351  1.089  2.3  207.1  3.1  0.81  179.3  27.6
240220262352  1.091  2.3  205.9  3.0  0.80  179.8  27.6
240220262353  1.094  2.3  206.5  3.1  0.77  179.0  27.5
240220262354  1.096  2.3  208.3  3.1  0.76  175.4  27.5
240220262355  1.099  2.2  210.9  3.1  0.88  180.5  27.5
240220262356  1.102  2.2  214.6  3.1  0.87  177.3  27.5
240220262357  1.105  2.3  215.8  3.3  0.74  180.0  27.5
240220262358  1.108  2.4  216.3  3.3  0.74  176.0  27.4
240220262359  1.111  2.4  216.1  3.3  0.79  172.1  27.4
250220260000  1.114  2.4  215.1  3.3  0.65  167.4  27.4
250220260001  1.118  2.4  217.0  3.3  0.78  178.4  27.4
250220260002  1.123  2.5  217.1  3.3  0.70  175.7  27.4
250220260003  1.126  2.5  217.0  3.3  0.73  177.0  27.4
250220260004  1.131  2.5  215.4  3.3  0.83  177.6  27.4
250220260005  1.135  2.6  212.0  3.3  0.72  179.6  27.4
250220260006  1.140  2.6  208.3  3.3  0.85  179.7  27.4
250220260007  1.145  2.6  205.3  3.3  0.77  175.0  27.4
250220260008  1.149  2.5  201.6  3.3  0.76  182.7  27.4
250220260009  1.152  2.5  197.6  3.3  0.81  182.0  27.4
250220260010  1.157  2.6  195.3  3.3  0.68  176.7  27.4
250220260011  1.163  2.6  192.7  3.3  0.65  179.9  27.4
250220260012  1.166  2.5  189.0  3.3  0.70  173.2  27.4
250220260013  1.171  2.5  185.2  3.6  0.68  177.2  27.4
250220260014  1.178  2.5  184.0  3.6  0.71  176.5  27.4
250220260015  1.183  2.6  185.7  3.6  0.80  175.9  27.4
250220260016  1.187  2.6  187.7  3.6  0.76  173.9  27.4
250220260017  1.194  2.7  190.3  4.0  0.57  176.8  27.4
250220260018  1.198  2.8  192.6  4.0  0.80  179.7  27.4
250220260019  1.202  2.8  195.2  4.0  0.88  180.6  27.4
250220260020  1.207  3.0  198.1  4.0  0.74  173.5  27.4
250220260021  1.212  3.0  199.0  4.0  0.76  177.0  27.4
250220260022  1.216  3.1  198.9  4.4  0.82  172.7  27.4
250220260023  1.220  3.3  198.0  4.5  0.77  173.8  27.4
250220260024  1.224  3.3  197.3  4.5  0.80  171.6  27.4
250220260025  1.227  3.3  198.0  4.5  0.87  173.9  27.4
250220260026  1.231  3.3  198.2  4.5  0.79  174.2  27.4
250220260027  1.236  3.2  197.5  4.5  0.78  173.3  27.4
250220260028  1.239  3.2  196.4  4.5  0.90  171.5  27.4
250220260029  1.243  3.3  194.5  4.5  0.79  178.5  27.4
250220260030  1.247  3.2  194.3  4.5  0.76  176.9  27.4
250220260031  1.250  3.1  194.4  4.5  0.78  175.8  27.4
250220260032  1.253  3.0  197.0  4.5  0.74  173.5  27.4
250220260033  1.257  2.9  201.3  4.4  0.83  175.9  27.4
250220260034  1.260  2.8  204.7  4.4  0.71  176.6  27.4
250220260035  1.264  2.6  206.0  4.4  0.86  179.0  27.4
250220260036  1.267  2.5  209.2  4.4  0.76  176.8  27.4
250220260037  1.270  2.4  209.2  4.4  0.84  177.6  27.4
250220260038  1.272  2.3  214.4  4.4  0.84  178.7  27.4
250220260039  1.277  2.4  221.4  4.7  0.76  176.7  27.4
250220260040  1.280  2.6  224.4  4.8  0.80  175.0  27.4
250220260041  1.283  2.7  227.1  4.8  0.79  176.1  27.4
250220260042  1.286  3.0  228.7  4.8  0.73  176.9  27.4
250220260043  1.289  3.2  229.7  4.8  0.81  174.7  27.4
250220260044  1.292  3.3  230.2  4.8  0.81  173.7  27.4
250220260045  1.294  3.6  229.4  4.8  0.78  171.7  27.4
250220260046  1.297  3.7  229.1  4.8  0.75  171.1  27.4
250220260047  1.299  4.0  229.8  4.8  0.77  169.7  27.4
250220260048  1.301  4.1  228.6  4.8  0.78  172.1  27.4
250220260049  1.303  4.2  228.1  5.9  0.77  174.6  27.4
250220260050  1.305  4.2  227.8  5.9  0.73  172.4  27.3
250220260051  1.307  4.2  227.7  5.9  0.79  171.3  27.3
250220260052  1.308  4.2  227.0  5.9  0.70  166.6  27.3
250220260053  1.311  4.0  225.5  5.9  0.75  169.9  27.3
250220260054  1.312  4.0  223.5  5.9  0.64  175.1  27.3
250220260055  1.314  4.0  224.1  5.9  0.77  175.8  27.3
250220260056  1.315  4.0  223.2  5.9  0.78  175.3  27.3
250220260057  1.316  4.1  222.8  5.9  0.71  172.6  27.3
250220260058  1.318  4.1  222.0  5.9  0.79  173.7  27.3
250220260059  1.319  4.0  219.8  5.5  0.68  171.0  27.3
250220260100  1.320  3.9  217.4  5.5  0.71  170.8  27.3
250220260101  1.321  3.9  215.9  5.5  0.74  177.4  27.3
250220260102  1.323  4.0  215.2  5.5  0.72  177.0  27.3
250220260103  1.324  4.1  215.6  5.5  0.70  171.4  27.3
250220260104  1.326  4.1  216.0  5.5  0.59  180.8  27.3
250220260105  1.326  4.0  211.4  5.5  0.73  173.9  27.3
250220260106  1.327  3.9  209.5  5.5  0.61  174.7  27.3
250220260107  1.328  3.7  206.2  5.0  0.62  177.3  27.3
250220260108  1.329  3.6  204.4  5.0  0.57  178.1  27.3
250220260109  1.330  3.6  205.6  5.0  0.65  179.7  27.3
250220260110  1.332  3.6  206.9  5.0  0.59  172.9  27.3
250220260111  1.332  3.6  207.6  4.9  0.64  177.7  27.3
250220260112  1.332  3.6  209.3  5.1  0.59  174.0  27.3
250220260113  1.333  3.5  209.9  5.1  0.58  174.1  27.3
250220260114  1.334  3.5  208.8  5.7  0.61  171.3  27.2
250220260115  1.334  3.5  212.2  5.7  0.56  173.0  27.2
250220260116  1.335  3.4  212.7  5.7  0.60  176.8  27.2
250220260117  1.336  3.5  212.4  5.7  0.44  169.4  27.2
250220260118  1.337  3.6  212.6  5.7  0.54  167.6  27.2
250220260119  1.338  3.6  210.2  5.7  0.67  175.2  27.2
250220260120  1.340  3.6  207.9  5.7  0.51  171.6  27.2
250220260121  1.339  3.5  205.5  5.7  0.57  174.7  27.2
250220260122  1.339  3.4  201.9  5.7  0.66  172.7  27.2
250220260123  1.340  3.3  200.3  5.7  0.64  173.9  27.2
250220260124  1.341  3.4  200.5  5.7  0.54  172.5  27.2
250220260125  1.341  3.5  200.1  5.7  0.70  170.1  27.2
250220260126  1.341  3.7  199.1  5.7  0.63  166.7  27.2
250220260127  1.342  3.9  201.0  5.7  0.54  168.3  27.2
250220260128  1.343  3.9  202.3  5.7  0.47  168.2  27.2
250220260129  1.344  3.9  203.7  5.7  0.61  167.1  27.1
250220260130  1.344  3.9  204.1  5.7  0.41  162.9  27.1
250220260131  1.345  4.0  203.9  5.7  0.55  177.1  27.1
250220260132  1.346  4.0  204.5  5.7  0.43  165.8  27.1
250220260133  1.348  4.0  204.4  5.7  0.49  170.6  27.1
250220260134  1.350  3.9  204.4  5.2  0.42  163.1  27.1
250220260135  1.351  3.8  203.0  5.2  0.46  169.7  27.1
250220260136  1.353  3.7  204.6  5.2  0.64  169.4  27.1
250220260137  1.354  3.6  204.8  4.9  0.58  175.4  27.1
250220260138  1.357  3.4  203.7  4.7  0.49  169.8  27.1
250220260139  1.359  3.2  203.0  4.6  0.66  170.4  27.1
250220260140  1.361  3.0  200.0  4.3  0.51  165.8  27.1
250220260141  1.363  3.0  199.2  4.3  0.57  173.5  27.1
250220260142  1.366  2.9  197.8  4.3  0.62  167.4  27.1
250220260143  1.369  2.8  196.8  4.3  0.53  173.7  27.1
250220260144  1.372  2.8  197.7  4.4  0.54  168.5  27.1
250220260145  1.375  2.9  201.7  4.6  0.50  165.6  27.1
250220260146  1.377  2.9  202.4  4.6  0.65  175.8  27.1
250220260147  1.380  3.0  204.4  4.6  0.61  167.5  27.1
250220260148  1.384  3.1  207.0  4.8  0.67  168.3  27.1
250220260149  1.387  3.3  209.9  4.9  0.74  171.7  27.1
250220260150  1.388  3.5  213.7  4.9  0.60  163.7  27.0
250220260151  1.391  3.6  215.6  4.9  0.58  163.7  27.0
250220260152  1.394  3.7  218.0  4.9  0.65  172.5  27.0
250220260153  1.396  3.8  219.7  4.9  0.69  172.0  27.0
250220260154  1.400  3.9  220.3  4.9  0.69  174.7  27.0
250220260155  1.401  3.8  220.3  4.9  0.71  176.1  27.0
250220260156  1.403  3.8  220.7  4.9  0.67  175.7  27.0
250220260157  1.406  3.7  219.8  4.9  0.60  174.7  27.1
250220260158  1.408  3.6  219.0  4.9  0.63  175.4  27.1
250220260159  1.410  3.4  216.9  4.9  0.67  174.1  27.1
250220260200  1.411  3.3  214.5  4.9  0.66  178.6  27.1
250220260201  1.413  3.3  213.9  4.9  0.60  178.1  27.1
250220260202  1.414  3.3  211.5  4.9  0.78  177.2  27.1
250220260203  1.414  3.2  208.2  4.4  0.64  177.8  27.1
250220260204  1.415  3.1  205.2  4.4  0.64  180.1  27.1
250220260205  1.416  3.0  202.3  4.4  0.54  177.5  27.1
250220260206  1.417  2.9  197.5  4.4  0.65  178.3  27.1
250220260207  1.418  2.9  196.2  3.8  0.60  181.9  27.1
250220260208  1.420  2.9  196.1  3.8  0.53  173.7  27.1
250220260209  1.419  2.9  197.5  3.8  0.52  175.0  27.1
250220260210  1.419  3.0  198.5  3.8  0.55  175.7  27.1
250220260211  1.419  3.0  195.9  3.8  0.62  181.1  27.1
250220260212  1.419  3.0  196.7  3.9  0.50  178.3  27.1
250220260213  1.419  3.1  195.6  3.9  0.50  174.4  27.1
250220260214  1.421  3.1  195.8  3.9  0.59  179.4  27.1
250220260215  1.421  3.1  196.5  3.9  0.60  176.6  27.1
250220260216  1.419  3.3  197.8  4.3  0.62  177.8  27.1
250220260217  1.421  3.2  195.1  4.3  0.58  178.2  27.1
250220260218  1.420  3.3  193.7  4.5  0.63  170.0  27.0
250220260219  1.421  3.4  192.6  4.5  0.50  174.4  27.0
250220260220  1.421  3.4  192.0  4.5  0.51  173.6  27.0
250220260221  1.421  3.5  193.2  5.0  0.48  166.9  27.0
250220260222  1.420  3.6  195.2  5.6  0.52  172.7  27.0
250220260223  1.420  3.8  197.1  5.7  0.42  158.6  27.0
250220260224  1.421  4.0  199.1  5.7  0.56  171.9  26.9
250220260225  1.421  4.2  200.6  5.9  0.45  174.6  26.9
250220260226  1.420  4.2  200.4  5.9  0.48  166.6  26.9
250220260227  1.420  4.3  201.2  5.9  0.49  166.2  26.9
250220260228  1.419  4.6  200.9  6.5  0.45  164.4  26.9
250220260229  1.419  4.7  199.9  6.5  0.49  163.9  26.9
250220260230  1.417  4.8  200.0  6.5  0.38  168.6  26.9
250220260231  1.415  4.8  200.0  6.5  0.46  168.0  26.9
250220260232  1.414  4.7  197.9  6.5  0.33  168.9  26.9
250220260233  1.412  4.7  197.4  6.5  0.38  155.4  26.9
250220260234  1.411  4.6  195.3  6.5  0.32  165.2  26.9
250220260235  1.408  4.4  192.8  6.5  0.29  165.5  26.9
250220260236  1.406  4.3  193.3  6.5  0.32  163.9  26.9
250220260237  1.405  4.3  194.7  6.5  0.39  176.2  26.9
250220260238  1.403  4.0  195.0  5.6  0.07  128.7  26.9
250220260239  1.401  3.9  196.7  5.6  0.31  170.5  26.9
250220260240  1.399  3.8  198.2  5.6  0.27  169.1  26.9
250220260241  1.397  3.9  199.4  5.6  0.26  171.4  26.9
250220260242  1.395  3.9  201.3  5.6  0.31  161.2  26.9
250220260243  1.394  4.0  203.5  5.6  0.33  174.1  26.9
250220260244  1.393  4.0  204.6  5.6  0.26  160.9  26.9
250220260245  1.392  4.0  206.2  5.6  0.38  169.7  26.9
250220260246  1.391  3.9  206.7  5.6  0.32  176.6  26.9
250220260247  1.392  3.9  205.5  5.6  0.52  180.3  26.9
250220260248  1.390  3.9  205.1  5.6  0.35  182.3  26.9
250220260249  1.389  3.9  205.2  5.6  0.45  170.5  26.9
250220260250  1.389  3.9  204.4  5.6  0.48  175.8  26.9
250220260251  1.388  3.8  205.2  5.6  0.30  161.1  26.9
250220260252  1.388  3.7  205.4  5.6  0.28  173.8  26.9
250220260253  1.387  3.4  205.4  4.9  0.37  157.8  26.9
250220260254  1.386  3.5  208.5  4.9  0.34  174.5  26.9
250220260255  1.385  3.5  208.6  4.9  0.30  152.9  26.9
250220260256  1.384  3.6  209.8  4.9  0.37  162.9  26.9
250220260257  1.383  3.8  212.8  5.3  0.30  168.2  26.9
250220260258  1.381  4.0  214.3  6.5  0.37  172.4  26.9
250220260259  1.379  4.1  214.2  6.5  0.35  176.6  26.9
250220260300  1.377  4.2  215.9  6.5  0.46  173.7  26.9
250220260301  1.375  4.3  215.7  6.5  0.23  174.1  26.9
250220260302  1.373  4.5  215.1  6.5  0.24  161.5  26.9
250220260303  1.372  4.6  215.1  6.5  0.28  156.3  26.9
250220260304  1.370  4.6  214.2  6.5  0.31  162.0  26.9
250220260305  1.368  4.7  214.9  6.5  0.34  166.9  26.9
250220260306  1.366  4.9  216.5  6.9  0.39  166.8  26.9
250220260307  1.365  4.9  216.3  6.9  0.23  158.3  26.9
250220260308  1.362  4.8  216.8  6.9  0.30  165.1  26.9
250220260309  1.360  4.8  216.8  6.9  0.24  159.5  26.9
250220260310  1.357  4.7  216.9  6.9  0.30  156.5  26.9
250220260311  1.356  4.6  215.6  6.9  0.19  160.0  26.9
250220260312  1.356  4.5  213.4  6.9  0.29  165.1  26.9
250220260313  1.355  4.4  209.9  6.9  0.22  168.3  26.9
250220260314  1.353  4.3  208.0  6.9  0.12  158.4  26.9
250220260315  1.352  4.3  205.2  6.9  0.32  163.3  26.9
250220260316  1.351  4.0  199.4  6.2  0.24  166.8  26.9
250220260317  1.351  3.8  195.0  6.0  0.29  167.9  26.9
250220260318  1.350  3.7  191.0  6.0  0.23  174.6  26.9
250220260319  1.350  3.6  188.6  6.0  0.20  160.2  26.9
250220260320  1.350  3.7  184.9  6.0  0.27  167.5  26.9
250220260321  1.350  3.8  184.3  6.0  0.15  154.3  26.9
250220260322  1.349  3.8  186.5  5.4  0.29  185.0  26.8
250220260323  1.350  3.8  188.0  5.4  0.25  167.4  26.8
250220260324  1.349  3.9  187.3  5.4  0.25  165.2  26.8
250220260325  1.349  4.0  188.3  5.4  0.30  171.6  26.9
250220260326  1.349  4.1  190.7  5.4  0.31  162.5  26.9
250220260327  1.349  4.1  192.9  5.4  0.20  153.1  26.8
250220260328  1.349  4.2  193.4  5.4  0.26  144.1  26.8
250220260329  1.347  4.2  194.0  5.4  0.10  134.3  26.8
250220260330  1.348  4.2  196.3  5.4  0.19  151.1  26.8
250220260331  1.346  4.3  196.8  6.4  0.23  156.8  26.8
250220260332  1.344  4.3  196.4  6.4  0.22  158.7  26.8
250220260333  1.344  4.5  197.2  6.5  0.27  153.0  26.8
250220260334  1.344  4.6  198.8  6.5  0.31  170.0  26.8
250220260335  1.344  4.6  200.5  6.5  0.31  158.4  26.8
250220260336  1.344  4.7  201.5  6.5  0.29  162.4  26.8
250220260337  1.343  4.9  201.2  6.5  0.23  155.1  26.8
250220260338  1.342  5.1  202.5  6.5  0.34  164.6  26.8
250220260339  1.340  5.2  202.8  6.5  0.19  149.1  26.8
250220260340  1.338  5.3  203.0  7.0  0.34  162.3  26.8
250220260341  1.336  5.4  202.7  7.0  0.34  172.4  26.8
250220260342  1.333  5.4  203.0  7.0  0.28  159.5  26.8
250220260343  1.331  5.4  203.4  7.0  0.21  154.0  26.8
250220260344  1.330  5.5  203.3  7.2  0.18  151.4  26.8
250220260345  1.328  5.7  203.0  7.2  0.27  152.1  26.8
250220260346  1.327  5.8  202.7  7.2  0.14  140.1  26.8
250220260347  1.325  5.8  203.0  7.2  0.22  165.0  26.8
250220260348  1.324  5.9  202.9  7.2  0.26  158.2  26.8
250220260349  1.320  6.0  203.4  7.2  0.24  159.8  26.8
250220260350  1.319  5.9  203.4  7.2  0.21  154.0  26.8
250220260351  1.317  5.9  204.4  7.2  0.23  164.9  26.8
250220260352  1.313  5.7  203.8  7.2  0.32  159.1  26.8
250220260353  1.312  5.4  203.5  7.2  0.19  147.9  26.8
250220260354  1.309  5.3  203.3  7.0  0.12  125.3  26.8
250220260355  1.307  4.9  202.7  7.0  0.16  147.0  26.8
250220260356  1.303  4.5  201.5  7.0  0.20  172.8  26.8
250220260357  1.301  4.0  199.3  6.7  0.12  123.2  26.8
250220260358  1.300  3.5  197.0  6.6  0.13  132.9  26.8
250220260359  1.297  3.1  194.7  5.8  0.12  106.8  26.8
250220260400  1.294  2.9  195.7  5.4  0.15  158.0  26.8
250220260401  1.288  2.9  197.2  5.6  0.15  94.1  26.8
250220260402  1.285  3.0  201.1  6.5  0.10  89.1  26.8
250220260403  1.281  3.1  203.2  6.5  0.08  76.6  26.8
250220260404  1.277  3.1  204.4  6.5  0.15  158.4  26.8
250220260405  1.273  3.2  207.2  6.5  0.04  78.2  26.8
250220260406  1.268  3.6  210.9  6.5  nan  nan  nan
250220260407  1.265  4.0  214.3  6.5  0.12  35.0  26.8
250220260408  1.261  4.3  216.4  6.5  0.07  40.7  26.8
250220260409  1.256  4.6  218.0  6.5  0.23  21.3  26.8
250220260410  1.253  4.7  217.9  6.5  0.15  5.5  26.8
250220260411  1.248  4.7  218.5  6.5  0.10  8.9  26.8
250220260412  1.244  4.6  218.8  6.0  0.23  8.5  26.8
250220260413  1.239  4.6  220.1  5.9  0.16  25.9  26.8
250220260414  1.236  4.7  221.0  5.9  0.22  9.5  26.8
250220260415  1.233  4.8  221.2  6.0  0.04  34.0  26.8
250220260416  1.228  4.7  220.6  6.0  0.30  2.5  26.8
250220260417  1.223  4.8  220.0  6.0  0.29  355.7  26.8
250220260418  1.219  4.9  219.4  6.0  0.16  326.5  26.8
250220260419  1.215  4.9  219.3  6.0  0.23  358.0  26.8
250220260420  1.211  5.0  219.9  6.0  0.13  340.0  26.8
250220260421  1.208  5.1  220.2  6.0  0.13  355.6  26.8
250220260422  1.203  5.2  221.0  6.0  0.14  0.1  26.8
250220260423  1.200  5.3  220.8  6.8  0.13  11.8  26.8
250220260424  1.197  5.4  220.5  6.8  0.22  351.9  26.8
250220260425  1.193  5.4  220.4  6.8  0.16  328.4  26.8
250220260426  1.189  5.5  220.9  6.8  0.28  355.0  26.8
250220260427  1.185  5.6  221.5  6.8  0.15  334.0  26.9
250220260428  1.181  5.6  222.7  6.8  0.21  346.9  26.9
250220260429  1.177  5.8  223.2  7.5  0.04  307.8  26.9
250220260430  1.174  5.9  223.5  7.5  0.12  358.0  26.9
250220260431  1.170  6.0  223.6  7.5  0.14  348.6  26.9
250220260432  1.166  6.0  222.7  7.5  0.16  323.5  26.8
250220260433  1.164  6.0  222.7  7.5  0.17  321.7  26.8
250220260434  1.161  6.0  223.0  7.5  0.18  341.2  26.8
250220260435  1.158  6.0  223.3  7.5  0.30  351.8  26.9
250220260436  1.154  6.0  223.1  7.5  0.16  2.4  26.9
250220260437  1.151  6.0  222.3  7.5  0.26  10.0  26.9
250220260438  1.148  5.9  220.8  7.5  0.29  3.0  26.9
250220260439  1.145  5.8  219.3  7.2  0.20  1.3  26.9
250220260440  1.142  5.7  218.6  7.2  0.18  6.3  26.9
250220260441  1.138  5.6  217.0  7.2  0.26  5.6  26.9
250220260442  1.136  5.6  216.0  7.3  0.23  3.3  26.9
250220260443  1.134  5.7  214.5  7.3  0.22  10.0  26.9
250220260444  1.131  5.7  213.5  7.3  0.36  11.3  26.9
250220260445  1.128  5.7  212.6  7.3  0.22  25.7  26.9
250220260446  1.125  5.8  211.4  7.3  0.30  24.4  26.9
250220260447  1.122  5.8  211.3  7.3  0.34  10.3  26.9
250220260448  1.119  5.8  211.7  7.3  0.32  20.4  26.9
250220260449  1.117  5.9  212.3  7.3  0.43  16.2  26.9
250220260450  1.116  6.0  212.8  7.3  0.32  19.3  26.9
250220260451  1.114  6.0  213.7  7.3  0.25  18.6  26.9
250220260452  1.111  6.0  213.7  7.3  0.26  24.9  26.9
250220260453  1.110  6.0  214.4  7.3  0.36  17.2  26.9
250220260454  1.108  6.0  214.9  7.3  0.47  15.5  26.9
250220260455  1.105  5.9  215.5  7.3  0.46  12.2  26.9
250220260456  1.103  5.8  217.4  7.3  0.48  17.4  26.9
250220260457  1.101  5.6  218.2  7.3  0.44  11.5  26.9
250220260458  1.098  5.6  218.4  7.3  0.38  3.6  26.9
250220260459  1.096  5.4  218.5  7.3  0.52  4.8  26.9
250220260500  1.094  5.2  218.1  7.3  0.53  10.6  27.0
250220260501  1.091  5.1  218.4  7.3  0.41  8.6  27.0
250220260502  1.089  4.9  219.4  6.7  0.39  11.1  27.0
250220260503  1.089  4.8  220.0  6.4  0.47  15.9  27.0
250220260504  1.086  4.8  219.9  6.3  0.47  15.5  27.0
250220260505  1.083  4.8  219.6  6.3  0.39  12.3  27.0
250220260506  1.081  4.9  217.9  6.7  0.41  10.0  27.0
250220260507  1.079  5.1  216.8  6.7  0.56  19.5  27.0
250220260508  1.076  5.1  216.8  6.7  0.47  10.0  27.0
250220260509  1.075  5.3  216.6  6.7  0.37  18.4  27.0
250220260510  1.071  5.5  216.7  7.2  0.45  21.9  27.0
250220260511  1.069  5.6  216.0  7.2  0.43  21.3  27.0
250220260512  1.067  5.7  215.2  7.2  0.41  13.6  27.0
250220260513  1.066  5.8  214.3  7.2  0.57  11.4  27.0
250220260514  1.062  5.8  213.6  7.2  0.50  14.9  27.0
250220260515  1.058  5.7  212.9  7.2  0.34  13.3  27.0
250220260516  1.055  5.6  212.7  7.2  0.35  10.0  27.0
250220260517  1.050  5.5  211.4  7.2  0.56  14.8  27.0
250220260518  1.048  5.5  210.0  7.2  0.38  16.7  27.0
250220260519  1.045  5.4  208.9  7.2  0.43  5.3  27.0
250220260520  1.041  5.2  207.0  6.9  0.48  11.2  27.0
250220260521  1.038  5.1  206.1  6.3  0.55  6.8  27.0
250220260522  1.036  5.1  205.4  6.3  0.47  10.9  27.0
250220260523  1.033  5.0  204.1  6.3  0.60  10.4  27.0
250220260524  1.028  5.0  203.1  6.3  0.51  358.6  27.0
250220260525  1.026  4.9  202.9  6.3  0.54  9.4  27.0
250220260526  1.021  4.9  202.7  6.3  0.51  5.4  27.0
250220260527  1.017  4.8  203.4  6.0  0.53  4.3  27.0
250220260528  1.014  4.7  204.1  5.9  0.44  3.9  27.0
250220260529  1.010  4.6  203.9  5.9  0.46  5.7  27.0
250220260530  1.006  4.6  205.1  5.9  0.57  3.0  27.0
250220260531  1.002  4.5  206.1  5.5  0.44  2.6  27.0
250220260532  0.998  4.5  207.4  5.5  0.62  0.4  27.0
250220260533  0.993  4.4  209.6  5.3  0.60  3.3  27.0
250220260534  0.988  4.4  212.0  5.6  0.50  353.7  27.0
250220260535  0.984  4.5  213.8  5.6  0.54  358.6  27.0
250220260536  0.981  4.6  215.7  5.6  0.60  353.7  27.0
250220260537  0.977  4.6  216.4  5.6  0.55  353.6  27.0
250220260538  0.974  4.6  217.5  5.6  0.59  355.6  27.0
250220260539  0.969  4.6  219.5  5.7  0.60  357.3  27.0
250220260540  0.963  4.7  220.3  5.7  0.61  359.9  27.0
250220260541  0.957  4.7  221.6  5.8  0.55  1.8  27.0
250220260542  0.952  4.8  222.4  6.0  0.58  356.2  27.0
250220260543  0.948  4.9  222.6  6.0  0.60  357.8  27.0
250220260544  0.942  4.8  222.5  6.0  0.70  360.0  27.0
250220260545  0.939  4.8  222.7  6.0  0.54  359.9  27.0
250220260546  0.934  4.8  222.2  6.0  0.59  348.8  27.0
250220260547  0.929  4.8  222.1  6.0  0.68  3.6  27.0
250220260548  0.925  4.7  220.8  6.0  0.61  356.1  27.0
250220260549  0.920  4.6  220.3  6.0  0.62  360.0  27.0
250220260550  0.915  4.6  219.6  6.0  0.53  356.7  27.0
250220260551  0.910  4.6  218.9  6.0  0.63  356.9  27.0
250220260552  0.903  4.5  218.0  5.8  0.64  2.7  27.0
250220260553  0.899  4.4  217.0  5.8  0.66  4.6  27.0
250220260554  0.894  4.4  215.7  5.8  0.45  352.3  27.0
250220260555  0.891  4.4  214.1  5.8  0.58  2.9  27.0
250220260556  0.886  4.5  212.9  6.0  0.55  358.6  27.0
250220260557  0.880  4.5  213.2  6.0  0.66  9.0  27.1
250220260558  0.876  4.7  214.8  6.2  0.61  6.0  27.1
250220260559  0.871  4.7  214.9  6.2  0.63  11.4  27.1
250220260600  0.868  4.7  214.7  6.2  0.60  3.3  27.1
250220260601  0.863  4.7  214.0  6.2  0.72  12.5  27.1
250220260602  0.860  4.8  214.0  6.2  0.68  13.0  27.1
250220260603  0.855  4.7  213.9  6.2  0.56  12.8  27.1
250220260604  0.852  4.7  214.9  6.2  0.79  13.4  27.1
250220260605  0.849  4.6  215.6  6.2  0.77  13.2  27.1
250220260606  0.845  4.6  215.6  6.2  0.75  14.4  27.1
250220260607  0.841  4.6  215.1  6.2  0.77  14.0  27.1
250220260608  0.836  4.4  214.0  5.4  0.70  13.8  27.1
250220260609  0.832  4.4  213.0  5.4  0.72  17.5  27.1
250220260610  0.828  4.4  211.8  5.4  0.72  12.0  27.1
250220260611  0.825  4.4  211.7  5.7  0.71  15.5  27.1
250220260612  0.819  4.5  210.4  5.7  0.87  11.9  27.1
250220260613  0.816  4.5  209.9  5.7  0.66  12.9  27.1
250220260614  0.811  4.6  209.3  5.8  0.68  13.9  27.1
250220260615  0.808  4.6  208.3  5.9  0.65  18.1  27.1
250220260616  0.805  4.7  208.0  6.6  0.62  16.0  27.1
250220260617  0.802  4.8  207.0  6.6  0.71  13.0  27.1
250220260618  0.798  5.0  206.4  6.6  0.70  16.6  27.1
250220260619  0.796  5.1  205.3  6.6  0.70  15.6  27.1
250220260620  0.793  5.2  205.6  6.6  0.75  19.8  27.1
250220260621  0.788  5.3  204.9  6.6  0.59  20.0  27.1
250220260622  0.787  5.3  205.4  6.6  0.73  17.8  27.1
250220260623  0.786  5.3  204.9  6.6  0.67  21.8  27.1
250220260624  0.782  5.4  204.9  6.6  0.70  19.9  27.1
250220260625  0.779  5.4  204.8  7.2  0.66  23.8  27.1
250220260626  0.776  5.4  204.8  7.2  0.79  17.4  27.1
250220260627  0.775  5.4  204.9  7.2  0.58  23.3  27.2
250220260628  0.772  5.4  204.9  7.2  0.73  21.8  27.2
250220260629  0.771  5.4  205.9  7.2  0.63  17.5  27.2
250220260630  0.769  5.3  206.2  7.2  0.54  20.1  27.2
250220260631  0.766  5.2  207.4  7.2  0.64  23.4  27.2
250220260632  0.763  5.2  207.7  7.2  0.62  19.6  27.2
250220260633  0.761  5.1  207.2  7.2  0.66  20.0  27.2
250220260634  0.758  5.0  206.1  7.2  0.76  18.7  27.2
250220260635  0.755  4.9  205.3  6.4  0.54  19.5  27.2
250220260636  0.754  4.7  204.8  6.3  0.69  14.5  27.2
250220260637  0.752  4.5  204.8  6.3  0.78  16.0  27.2
250220260638  0.749  4.3  205.1  6.3  0.77  13.2  27.2
250220260639  0.747  4.1  205.2  5.8  0.78  9.3  27.2
250220260640  0.744  3.8  205.9  5.8  0.83  6.2  27.2
250220260641  0.741  3.6  206.8  5.8  0.76  7.4  27.2
250220260642  0.739  3.4  208.0  5.2  0.89  10.6  27.2
250220260643  0.736  3.2  212.4  4.9  0.73  4.6  27.2
250220260644  0.734  3.2  215.3  4.9  0.65  3.7  27.2
250220260645  0.732  3.1  219.9  4.9  0.64  3.0  27.2
250220260646  0.730  3.1  223.6  4.9  0.71  0.2  27.2
250220260647  0.728  3.2  226.1  4.9  0.59  358.4  27.2
250220260648  0.727  3.3  227.3  4.9  0.65  3.6  27.2
250220260649  0.726  3.4  229.5  4.9  0.78  0.9  27.2
250220260650  0.725  3.6  230.0  5.3  0.57  2.8  27.2
250220260651  0.724  3.8  228.2  5.6  0.65  0.5  27.2
250220260652  0.724  4.0  226.8  5.6  0.61  356.8  27.2
250220260653  0.722  4.1  225.4  6.0  0.76  1.0  27.2
250220260654  0.721  4.3  224.2  6.0  0.64  5.1  27.2
250220260655  0.719  4.4  222.8  6.0  0.60  9.8  27.2
250220260656  0.717  4.6  222.0  6.0  0.68  359.0  27.2
250220260657  0.715  4.7  221.9  6.0  0.68  0.4  27.2
250220260658  0.714  4.8  221.9  6.0  0.51  0.7  27.2
250220260659  0.710  4.9  221.6  6.0  0.69  2.0  27.2
250220260700  0.708  5.0  222.0  6.0  0.72  3.6  27.2
250220260701  0.705  4.9  222.2  6.0  0.72  7.8  27.2
250220260702  0.702  5.0  223.0  6.0  0.63  1.1  27.2
250220260703  0.700  4.9  223.6  5.9  0.74  6.0  27.2
250220260704  0.696  4.8  224.8  5.9  0.66  6.3  27.2
250220260705  0.692  4.8  225.8  5.9  0.65  0.7  27.2
250220260706  0.689  4.8  226.2  6.3  0.55  358.4  27.2
250220260707  0.686  4.8  226.4  6.3  0.63  1.3  27.2
250220260708  0.682  4.9  226.7  6.3  0.74  6.1  27.2
250220260709  0.680  4.9  227.3  6.3  0.61  4.5  27.2
250220260710  0.676  4.9  226.4  6.3  0.74  4.6  27.2
250220260711  0.672  4.7  225.9  6.3  0.68  5.7  27.2
250220260712  0.668  4.7  224.9  6.3  0.67  2.9  27.2
250220260713  0.664  4.6  224.7  6.3  0.61  0.4  27.2
250220260714  0.660  4.6  224.9  6.3  0.67  8.5  27.2
250220260715  0.655  4.6  223.7  6.3  0.71  8.4  27.2
250220260716  0.653  4.5  223.6  5.8  0.62  1.9  27.2
250220260717  0.649  4.4  223.1  5.8  0.72  8.6  27.2
250220260718  0.644  4.3  221.6  5.8  0.74  6.1  27.2
250220260719  0.639  4.2  219.6  5.5  0.76  9.7  27.2
250220260720  0.636  4.1  218.6  5.5  0.61  8.7  27.2
250220260721  0.630  4.2  218.4  5.5  0.75  7.9  27.2
250220260722  0.626  4.2  216.7  5.5  0.70  11.3  27.2
250220260723  0.622  4.3  214.3  6.2  0.73  8.6  27.2
250220260724  0.617  4.4  211.4  6.2  0.76  8.5  27.2
250220260725  0.613  4.5  210.4  6.2  0.79  8.2  27.3
250220260726  0.608  4.5  209.5  6.2  0.69  10.0  27.3
250220260727  0.605  4.6  207.8  6.2  0.69  7.6  27.3
250220260728  0.601  4.8  206.6  6.6  0.71  5.1  27.3
250220260729  0.599  4.9  204.9  6.6  0.91  11.5  27.3
250220260730  0.595  5.0  204.2  6.6  0.50  1.8  27.3
250220260731  0.592  5.1  202.8  6.6  0.71  10.6  27.3
250220260732  0.589  5.2  202.0  6.6  0.65  13.1  27.3
250220260733  0.586  5.3  202.8  7.1  0.89  3.5  27.3
250220260734  0.582  5.3  203.6  7.1  0.74  7.7  27.3
250220260735  0.580  5.4  203.6  7.1  0.84  10.9  27.3
250220260736  0.576  5.6  203.7  7.1  0.83  11.3  27.3
250220260737  0.574  5.6  203.9  7.1  0.79  6.6  27.3
250220260738  0.572  5.6  204.3  7.1  0.86  10.5  27.3
250220260739  0.572  5.5  205.0  7.1  0.76  8.1  27.3
250220260740  0.571  5.4  204.9  7.1  0.75  10.6  27.3
250220260741  0.569  5.3  204.7  7.1  0.77  5.6  27.3
250220260742  0.567  5.2  204.6  7.1  0.86  10.5  27.3
250220260743  0.565  5.0  203.7  7.1  0.79  10.6  27.3
250220260744  0.564  4.9  203.4  7.1  0.84  5.9  27.3
250220260745  0.563  4.9  204.0  7.1  0.80  7.4  27.3
250220260746  0.563  4.7  203.7  6.1  0.81  8.3  27.3
250220260747  0.560  4.7  204.6  6.1  0.66  5.3  27.3
250220260748  0.559  4.6  206.2  6.1  0.76  6.3  27.3
250220260749  0.557  4.7  206.3  6.4  0.77  9.7  27.3
250220260750  0.557  4.8  205.9  6.4  0.59  6.1  27.3
250220260751  0.556  4.8  206.4  6.4  0.60  1.4  27.3
250220260752  0.555  4.8  208.2  6.4  0.54  9.2  27.3
250220260753  0.553  4.8  210.3  6.4  0.62  5.5  27.3
250220260754  0.551  4.8  211.5  6.4  0.55  3.3  27.3
250220260755  0.548  4.8  210.6  6.4  0.65  0.5  27.3
250220260756  0.546  4.8  209.6  6.4  0.69  9.5  27.3
250220260757  0.545  4.8  208.0  6.8  0.72  2.5  27.3
250220260758  0.544  4.9  206.8  6.8  0.55  9.2  27.3
250220260759  0.542  5.0  208.0  6.8  0.68  1.8  27.3
250220260800  0.541  5.0  208.6  6.8  0.59  5.9  27.3
250220260801  0.540  4.9  208.6  6.8  0.55  3.7  27.3
250220260802  0.538  5.0  207.5  6.8  0.63  3.3  27.3
250220260803  0.536  5.0  205.5  6.8  0.56  1.4  27.3
250220260804  0.534  4.9  204.2  6.8  0.68  6.4  27.3
250220260805  0.532  4.9  203.6  6.8  0.59  2.2  27.3
250220260806  0.531  4.8  202.1  6.8  0.52  1.1  27.3
250220260807  0.530  4.5  200.7  6.8  0.69  5.7  27.3
250220260808  0.528  4.2  198.7  6.8  0.54  2.0  27.3
250220260809  0.527  3.8  194.0  6.8  0.63  2.4  27.3
250220260810  0.526  3.5  193.4  5.7  0.65  2.3  27.3
250220260811  0.524  3.4  193.5  5.7  0.64  1.4  27.3
250220260812  0.523  3.2  189.7  5.7  0.54  1.7  27.3
250220260813  0.522  3.1  188.4  5.7  0.65  3.3  27.4
250220260814  0.522  3.0  188.5  5.7  0.59  4.7  27.4
250220260815  0.521  2.7  189.3  4.6  0.63  3.3  27.4
250220260816  0.520  2.8  192.0  4.8  0.54  356.6  27.3
250220260817  0.520  2.9  196.0  4.9  0.58  3.6  27.4
250220260818  0.519  3.1  198.6  5.0  0.51  358.7  27.4
250220260819  0.520  3.3  201.3  5.0  0.69  3.8  27.4
250220260820  0.521  3.4  200.3  5.0  0.68  4.3  27.4
250220260821  0.520  3.6  201.0  5.0  0.63  3.1  27.4
250220260822  0.517  3.8  204.2  5.0  0.58  3.8  27.4
250220260823  0.516  3.9  205.4  5.0  0.55  360.0  27.4
250220260824  0.514  3.9  203.7  5.0  0.66  1.5  27.4
250220260825  0.513  3.9  203.0  5.0  0.49  0.9  27.4
250220260826  0.511  3.8  202.6  5.0  0.64  356.5  27.4
250220260827  0.509  3.6  200.1  5.0  0.63  5.2  27.4
250220260828  0.507  3.2  195.5  5.0  0.46  0.8  27.4
250220260829  0.506  3.0  189.2  4.8  0.63  2.9  27.4
250220260830  0.504  2.8  187.5  4.8  0.57  360.0  27.4
250220260831  0.504  2.8  185.6  5.0  0.62  5.0  27.4
250220260832  0.503  2.8  182.1  5.0  0.73  2.8  27.4
250220260833  0.503  2.7  177.7  5.0  0.63  1.7  27.4
250220260834  0.503  2.8  174.0  5.3  0.49  357.4  27.4
250220260835  0.502  2.8  169.7  5.3  0.63  3.6  27.4
250220260836  0.502  3.1  165.2  6.6  0.54  5.3  27.4
250220260837  0.501  3.4  165.8  6.6  0.58  357.3  27.4
250220260838  0.501  3.5  169.3  6.6  0.59  1.7  27.4
250220260839  0.500  3.7  174.1  6.6  0.62  1.2  27.4
250220260840  0.499  3.9  173.1  6.6  0.65  2.1  27.4
250220260841  0.499  3.9  168.7  6.6  0.61  3.2  27.4
250220260842  0.499  3.8  167.9  6.6  0.61  356.8  27.4
250220260843  0.499  4.1  169.1  6.6  0.40  10.3  27.4
250220260844  0.498  4.0  169.7  6.6  0.56  358.9  27.4
250220260845  0.497  3.9  170.3  6.6  0.49  3.0  27.4
250220260846  0.495  3.7  172.1  6.6  0.49  357.6  27.4
250220260847  0.494  3.8  169.5  7.0  0.51  5.9  27.4
250220260848  0.493  3.9  166.8  7.0  0.61  3.7  27.4
250220260849  0.493  4.0  163.3  7.0  0.56  6.6  27.4
250220260850  0.492  4.0  161.8  7.0  0.55  359.8  27.4
250220260851  0.491  4.0  161.5  7.0  0.58  3.7  27.4
250220260852  0.488  4.3  160.6  7.0  0.62  4.4  27.4
250220260853  0.488  4.2  158.2  7.0  0.65  2.6  27.4
250220260854  0.487  4.3  157.2  7.0  0.59  4.4  27.4
250220260855  0.486  4.3  156.5  7.0  0.63  355.7  27.4
250220260856  0.486  4.4  154.4  7.0  0.57  0.4  27.4
250220260857  0.486  4.2  154.0  6.5  0.59  3.4  27.4
250220260858  0.485  4.0  156.1  6.5  0.55  7.1  27.4
250220260859  0.482  3.9  155.6  6.5  0.68  9.8  27.4
250220260900  0.480  3.6  155.8  6.5  0.51  8.9  27.4
250220260901  0.479  3.6  158.6  6.5  0.49  2.0  27.5
250220260902  0.478  3.3  158.5  5.9  0.45  359.1  27.5
250220260903  0.478  3.4  160.2  5.9  0.63  4.7  27.5
250220260904  0.477  3.3  160.4  5.9  0.57  1.3  27.5
250220260905  0.476  3.1  158.2  5.9  0.62  2.0  27.5
250220260906  0.476  2.9  158.9  5.6  0.64  7.0  27.5
250220260907  0.476  3.0  161.3  5.6  0.54  357.0  27.5
250220260908  0.475  3.2  163.7  6.2  0.67  359.6  27.5
250220260909  0.474  3.4  168.8  7.0  0.52  5.7  27.5
250220260910  0.474  3.7  168.0  8.1  0.58  8.5  27.5
250220260911  0.473  3.8  166.5  8.1  0.59  5.5  27.5
250220260912  0.472  3.9  165.2  8.1  0.57  6.7  27.5
250220260913  0.471  4.1  164.9  8.1  0.61  1.0  27.5
250220260914  0.470  4.1  166.1  8.1  0.54  4.5  27.5
250220260915  0.469  4.3  167.0  8.1  0.54  0.2  27.5
250220260916  0.470  4.4  168.2  8.1  0.56  358.7  27.5
250220260917  0.471  4.5  168.2  8.1  0.58  2.9  27.5
250220260918  0.471  4.4  165.5  8.1  0.53  1.8  27.5
250220260919  0.471  4.3  161.8  8.1  0.55  359.7  27.5
250220260920  0.470  4.0  161.1  7.5  0.53  6.8  27.5
250220260921  0.471  3.8  156.1  7.5  0.56  4.2  27.5
250220260922  0.472  3.7  152.2  7.5  0.59  2.2  27.5
250220260923  0.472  3.4  148.7  7.5  0.56  3.8  27.5
250220260924  0.471  3.2  148.5  7.5  0.52  11.3  27.5
250220260925  0.471  3.0  148.3  7.5  0.40  5.0  27.5
250220260926  0.471  2.7  144.7  7.5  0.44  359.7  27.5
250220260927  0.471  2.4  141.3  7.1  0.53  1.8  27.5
250220260928  0.474  2.5  136.4  7.1  0.55  0.4  27.5
250220260929  0.475  2.5  129.7  6.8  0.62  3.9  27.5
250220260930  0.476  2.7  123.6  8.1  0.50  357.8  27.5
250220260931  0.476  2.8  123.9  8.1  0.57  1.2  27.5
250220260932  0.475  2.8  123.3  8.1  0.49  5.9  27.5
250220260933  0.475  3.1  121.5  8.1  0.57  357.7  27.5
250220260934  0.475  3.4  119.8  8.4  0.38  3.0  27.5
250220260935  0.474  3.8  120.9  8.4  0.51  0.9  27.5
250220260936  0.475  4.1  121.2  8.4  0.44  357.7  27.5
250220260937  0.476  4.3  119.1  8.4  0.46  2.7  27.5
250220260938  0.477  4.3  118.9  8.4  0.44  1.4  27.5
250220260939  0.477  4.2  118.4  8.4  0.45  3.3  27.5
250220260940  0.478  4.2  120.4  8.4  0.34  4.4  27.5
250220260941  0.476  4.3  120.0  8.4  0.35  358.1  27.5
250220260942  0.476  4.3  120.9  8.4  0.39  2.8  27.6
250220260943  0.477  4.2  121.5  8.4  0.43  6.4  27.6
250220260944  0.476  4.2  118.2  6.9  0.51  10.4  27.6
250220260945  0.478  4.2  117.3  6.9  0.35  9.7  27.6
250220260946  0.476  4.2  117.4  6.9  0.34  2.1  27.6
250220260947  0.477  4.2  115.8  6.9  0.38  2.2  27.6
250220260948  0.476  4.6  114.8  7.8  0.31  354.6  27.6
250220260949  0.476  4.6  116.9  7.8  0.38  357.6  27.6
250220260950  0.478  4.5  118.2  7.8  0.45  357.2  27.6
250220260951  0.477  4.4  119.2  7.8  0.34  352.4  27.6
250220260952  0.478  4.3  122.2  7.8  0.27  354.3  27.6
250220260953  0.478  4.3  123.8  7.8  0.40  2.5  27.6
250220260954  0.477  4.3  127.7  7.8  0.44  3.2  27.6
250220260955  0.478  4.3  129.0  7.8  0.38  356.2  27.6
250220260956  0.479  4.4  130.7  7.8  0.30  6.7  27.6
250220260957  0.479  4.6  132.1  7.8  0.47  0.7  27.6
250220260958  0.481  4.4  135.0  7.7  0.35  1.9  27.6
250220260959  0.484  4.2  135.0  7.7  0.26  354.0  27.6
250220261000  0.486  4.1  135.6  7.7  0.33  7.6  27.6
250220261001  0.489  4.0  136.4  7.7  0.30  358.0  27.6
250220261002  0.492  4.1  133.2  7.7  0.22  351.9  27.6
250220261003  0.494  4.0  128.8  7.7  0.32  11.7  27.6
250220261004  0.494  3.9  125.0  7.7  0.31  9.6  27.6
250220261005  0.495  4.0  122.5  7.7  0.25  350.6  27.6
250220261006  0.497  3.9  121.6  8.3  0.32  355.3  27.6
250220261007  0.499  3.9  122.7  8.3  0.29  350.1  27.6
250220261008  0.502  4.0  122.0  8.3  0.31  1.5  27.6
250220261009  0.505  4.2  122.5  8.3  0.11  345.2  27.6
250220261010  0.506  4.2  125.2  8.3  0.35  356.7  27.6
250220261011  0.507  4.3  128.5  8.3  0.23  1.1  27.6
250220261012  0.508  4.3  131.1  8.3  0.33  1.2  27.6
250220261013  0.510  4.2  132.7  8.3  0.23  3.8  27.6
250220261014  0.511  4.0  129.3  8.3  0.14  345.2  27.6
250220261015  0.513  4.0  121.4  9.0  0.11  349.1  27.6
250220261016  0.514  4.0  113.2  9.0  0.04  305.2  27.6
250220261017  0.516  4.0  105.3  9.0  0.15  331.8  27.6
250220261018  0.518  4.0  98.0  9.0  0.05  268.7  27.6
250220261019  0.520  4.0  90.3  9.0  0.04  19.5  27.6
250220261020  0.521  4.4  83.6  9.0  0.05  301.8  27.7
250220261021  0.522  4.7  77.8  9.0  0.06  329.0  27.7
250220261022  0.522  5.2  72.9  9.0  0.19  10.0  27.7
250220261023  0.524  5.6  71.1  9.0  0.12  342.2  27.6
250220261024  0.523  5.7  71.1  9.0  0.05  27.1  27.6
250220261025  0.524  5.2  72.3  8.3  0.02  58.8  27.6
250220261026  0.524  5.0  72.1  7.5  0.10  26.4  27.6
250220261027  0.523  5.0  73.5  7.8  0.10  47.8  27.7
250220261028  0.523  4.9  73.1  7.8  0.06  37.3  27.7
250220261029  0.522  5.0  72.7  7.8  0.05  26.3  27.7
250220261030  0.521  5.0  72.0  7.8  0.22  6.9  27.7
250220261031  0.522  5.0  71.5  7.8  0.11  1.7  27.7
250220261032  0.522  5.0  71.4  8.1  0.08  345.2  27.7
250220261033  0.522  5.0  71.3  8.1  0.08  1.9  27.7
250220261034  0.522  4.8  69.9  8.1  0.05  228.3  27.7
250220261035  0.522  5.1  69.1  8.1  0.07  299.0  27.7
250220261036  0.523  5.2  69.0  8.1  0.06  308.9  27.7
250220261037  0.523  5.3  69.8  8.1  0.06  4.8  27.7
250220261038  0.522  5.4  69.6  8.1  0.10  337.2  27.7
250220261039  0.522  5.4  68.8  8.1  0.16  11.4  27.7
250220261040  0.522  5.5  69.5  8.1  0.09  349.6  27.7
250220261041  0.522  5.4  69.9  8.1  0.04  307.8  27.7
250220261042  0.521  5.2  71.4  7.6  0.02  235.0  27.7
250220261043  0.521  4.7  74.8  7.6  0.02  339.0  27.7
250220261044  0.521  4.8  80.1  7.6  0.03  334.5  27.7
250220261045  0.521  4.7  84.1  7.6  nan  nan  nan
250220261046  0.521  4.6  90.1  7.6  0.10  318.7  27.7
250220261047  0.521  4.3  95.3  7.5  0.14  342.0  27.7
250220261048  0.521  4.0  101.5  7.5  0.10  14.4  27.7
250220261049  0.522  3.8  108.8  6.7  0.05  303.5  27.7
250220261050  0.525  3.9  114.2  7.6  0.06  242.8  27.7
250220261051  0.527  4.2  117.5  7.9  0.08  331.5  27.7
250220261052  0.530  4.3  118.7  7.9  0.17  333.8  27.7
250220261053  0.532  4.5  118.7  7.9  0.17  8.1  27.7
250220261054  0.535  4.3  118.5  7.9  0.08  15.3  27.7
250220261055  0.537  4.3  121.3  7.9  0.11  2.9  27.7
250220261056  0.539  4.3  120.3  7.9  0.13  230.6  27.7
250220261057  0.543  4.6  118.0  8.3  0.02  26.7  27.8
250220261058  0.546  4.9  117.4  8.3  0.09  226.9  27.8
250220261059  0.548  5.2  118.5  8.3  0.14  223.5  27.8
250220261100  0.551  5.2  120.4  8.3  0.09  320.5  27.8
250220261101  0.553  5.1  120.8  8.3  0.11  243.1  27.8
250220261102  0.555  4.9  122.3  8.3  0.25  210.1  27.8
250220261103  0.558  4.9  122.2  8.3  0.17  209.9  27.8
250220261104  0.561  5.2  124.8  8.3  0.29  212.4  27.8
250220261105  0.566  4.8  125.4  8.3  0.24  201.9  27.8
250220261106  0.569  4.6  120.8  8.3  0.32  199.3  27.7
250220261107  0.571  4.2  117.3  7.5  0.26  210.5  27.7
250220261108  0.572  3.8  111.8  7.0  0.33  193.4  27.7
250220261109  0.576  3.8  104.6  7.0  0.40  204.5  27.7
250220261110  0.578  3.7  98.7  7.0  0.37  198.9  27.7
250220261111  0.581  3.6  99.5  7.0  0.31  201.5  27.7
250220261112  0.585  3.5  98.9  7.0  0.36  194.6  27.7
250220261113  0.586  3.4  97.0  7.0  0.36  191.6  27.6
250220261114  0.589  3.4  97.0  6.8  0.39  195.1  27.6
250220261115  0.592  3.6  96.6  6.8  0.27  183.0  27.6
250220261116  0.595  3.5  104.2  7.0  0.25  183.4  27.6
250220261117  0.597  3.5  112.9  7.0  0.22  177.1  27.6
250220261118  0.599  3.7  120.1  7.0  0.19  164.5  27.6
250220261119  0.600  3.7  126.8  7.0  0.35  169.8  27.6
250220261120  0.601  4.0  131.4  7.0  0.38  174.7  27.6
250220261121  0.603  4.0  129.8  7.0  0.22  189.0  27.6
250220261122  0.606  3.8  129.0  7.0  0.25  164.2  27.6
250220261123  0.610  4.1  128.5  8.8  0.30  170.6  27.5
250220261124  0.611  3.9  126.0  8.8  0.22  183.3  27.5
250220261125  0.613  3.8  120.8  8.8  0.20  178.0  27.5
250220261126  0.614  3.9  118.7  8.8  0.26  186.6  27.5
250220261127  0.615  3.9  117.3  8.8  0.23  181.6  27.5
250220261128  0.616  3.6  117.1  8.8  0.22  171.6  27.5
250220261129  0.618  3.7  115.7  8.8  0.27  171.6  27.5
250220261130  0.620  3.6  115.4  8.8  0.19  181.2  27.5
250220261131  0.623  3.4  114.8  8.8  0.33  184.3  27.5
250220261132  0.625  3.7  116.0  8.8  0.22  181.3  27.5
250220261133  0.626  3.3  115.4  7.8  0.28  178.0  27.5
250220261134  0.627  3.5  118.0  7.8  0.26  182.7  27.5
250220261135  0.629  3.5  125.3  7.8  0.24  183.0  27.5
250220261136  0.631  3.3  120.6  6.2  0.14  193.2  27.5
250220261137  0.633  3.1  113.9  6.2  0.11  144.3  27.5
250220261138  0.636  3.4  106.9  6.7  0.09  165.1  27.5
250220261139  0.636  3.4  102.7  6.7  0.15  190.0  27.5
250220261140  0.638  3.4  97.6  6.7  0.15  181.5  27.5
250220261141  0.638  3.5  99.8  6.7  0.30  174.5  27.5
250220261142  0.638  3.5  93.5  7.5  0.19  176.0  27.5
250220261143  0.642  3.7  86.7  7.5  0.23  187.1  27.5
250220261144  0.644  3.8  79.4  7.5  0.26  185.6  27.5
250220261145  0.645  3.8  81.6  7.5  0.31  178.1  27.5
250220261146  0.647  3.7  83.1  7.5  0.24  183.9  27.5
250220261147  0.649  3.9  81.7  7.5  0.25  185.0  27.5
250220261148  0.650  3.7  88.5  7.5  0.33  178.6  27.5
250220261149  0.651  3.6  94.8  7.5  0.32  185.9  27.5
250220261150  0.653  3.6  101.6  7.5  0.28  177.7  27.4
250220261151  0.655  3.7  102.5  7.5  0.24  181.3  27.4
250220261152  0.655  3.9  109.3  7.4  0.23  172.2  27.5
250220261153  0.656  4.2  116.1  8.2  0.23  168.9  27.5
250220261154  0.658  4.2  120.1  8.2  0.29  163.6  27.5
250220261155  0.660  4.1  117.8  8.2  0.26  175.7  27.5
250220261156  0.663  4.1  114.2  8.2  0.33  180.6  27.5
250220261157  0.666  4.2  115.5  8.2  0.33  178.4  27.5
250220261158  0.669  4.0  109.1  8.2  0.27  176.7  27.4
250220261159  0.671  3.9  102.5  8.2  0.22  169.7  27.4
250220261200  0.673  4.1  95.8  8.4  0.23  166.0  27.4
250220261201  0.676  4.0  92.8  8.4  0.35  179.4  27.4
250220261202  0.676  3.8  89.8  8.4  0.26  181.9  27.4
250220261203  0.677  3.6  85.0  8.4  0.34  187.1  27.4
250220261204  0.680  3.9  80.6  8.4  0.40  181.6  27.4
250220261205  0.679  4.3  77.3  8.4  0.20  161.4  27.4
250220261206  0.680  4.3  78.6  8.4  0.36  186.9  27.4
250220261207  0.682  4.2  78.3  8.4  0.37  179.0  27.4
250220261208  0.685  4.3  78.8  8.4  0.25  178.8  27.4
250220261209  0.686  4.3  80.4  8.4  0.37  186.4  27.4
250220261210  0.688  4.2  80.1  8.4  0.38  182.3  27.4
250220261211  0.690  4.6  76.3  8.4  0.38  185.3  27.4
250220261212  0.691  5.1  73.6  8.6  0.35  179.7  27.4
250220261213  0.691  5.3  73.5  8.6  0.41  185.4  27.4
250220261214  0.693  5.1  76.1  8.7  0.19  165.3  27.4
250220261215  0.695  5.0  75.6  8.7  0.27  180.5  27.4
250220261216  0.697  5.0  74.2  8.7  0.41  181.3  27.4
250220261217  0.699  5.3  73.6  9.1  0.33  175.6  27.4
250220261218  0.701  5.8  73.2  12.8  0.37  179.5  27.4
250220261219  0.703  6.1  72.7  12.8  0.32  179.0  27.4
250220261220  0.705  6.0  76.5  12.8  0.36  184.7  27.4
250220261221  0.705  5.7  78.1  12.8  0.42  176.5  27.4
250220261222  0.706  5.4  79.3  12.8  0.45  184.6  27.4
250220261223  0.708  5.4  84.9  13.1  0.45  176.5  27.4
250220261224  0.711  5.2  86.7  13.1  0.52  178.8  27.4
250220261225  0.712  4.9  89.2  13.1  0.47  182.2  27.4
250220261226  0.716  4.8  94.8  13.1  0.57  173.3  27.4
250220261227  0.717  4.7  99.3  13.1  0.54  174.5  27.4
250220261228  0.720  4.3  101.6  13.1  0.51  171.3  27.4
250220261229  0.724  3.9  103.8  13.1  0.52  172.4  27.4
250220261230  0.726  3.8  100.6  13.1  0.58  169.6  27.4
250220261231  0.730  3.7  101.7  13.1  0.52  167.7  27.4
250220261232  0.735  3.7  106.9  13.1  0.58  169.6  27.4
250220261233  0.739  3.2  102.3  8.0  0.69  173.5  27.4
250220261234  0.741  3.0  96.7  8.0  0.70  171.4  27.4
250220261235  0.744  3.3  93.8  8.0  0.65  172.2  27.4
250220261236  0.748  3.4  90.8  8.4  0.66  170.2  27.4
250220261237  0.752  3.3  92.0  8.4  0.75  174.2  27.4
250220261238  0.756  3.0  93.2  8.4  0.65  170.1  27.4
250220261239  0.759  3.2  96.1  8.4  0.63  172.1  27.4
250220261240  0.762  3.5  96.4  8.6  0.62  166.1  27.4
250220261241  0.765  3.6  101.7  8.6  0.68  170.4  27.4
250220261242  0.767  3.8  99.7  8.6  0.76  169.2  27.4
250220261243  0.770  3.9  97.9  8.6  0.63  169.2  27.4
250220261244  0.774  4.1  101.3  8.6  0.72  169.4  27.4
250220261245  0.776  4.3  104.5  9.6  0.63  169.8  27.4
250220261246  0.778  4.2  105.7  9.6  0.67  167.1  27.4
250220261247  0.779  4.2  105.9  9.6  0.58  170.5  27.4
250220261248  0.779  4.7  109.6  9.6  0.74  168.9  27.4
250220261249  0.782  4.7  107.7  9.6  0.67  172.0  27.4
250220261250  0.783  4.5  109.5  9.6  0.69  171.8  27.4
250220261251  0.785  4.4  106.6  9.6  0.64  170.2  27.4
250220261252  0.786  4.2  107.7  9.6  0.71  173.6  27.4
250220261253  0.787  4.2  110.3  9.6  0.75  168.2  27.4
250220261254  0.788  4.2  106.9  9.6  0.67  165.4  27.4
250220261255  0.788  3.9  106.2  8.1  0.68  163.9  27.4
250220261256  0.788  3.8  103.3  8.1  0.79  167.8  27.4
250220261257  0.790  3.8  96.5  8.1  0.79  170.4  27.4
250220261258  0.791  3.7  89.1  6.9  0.63  163.0  27.4
250220261259  0.790  3.7  88.8  6.9  0.73  172.1  27.4
250220261300  0.791  3.8  82.1  6.9  0.60  162.1  27.4
250220261301  0.791  4.0  78.7  6.9  0.71  173.7  27.4
250220261302  0.791  4.2  75.1  6.9  0.62  165.0  27.4
250220261303  0.793  4.5  71.1  6.9  0.72  168.5  27.4
250220261304  0.794  4.5  67.9  6.9  0.62  165.7  27.4
250220261305  0.796  4.7  63.6  6.9  0.64  168.5  27.4
250220261306  0.797  4.8  61.1  6.9  0.71  163.6  27.4
250220261307  0.799  4.8  60.5  6.8  0.73  171.3  27.5
250220261308  0.800  4.7  60.1  6.8  0.61  162.5  27.5
250220261309  0.800  4.6  57.2  6.8  0.62  167.3  27.5
250220261310  0.802  4.4  55.2  6.6  0.72  167.5  27.5
250220261311  0.804  4.2  55.8  6.6  0.66  164.8  27.5
250220261312  0.805  4.0  56.3  6.6  0.70  168.9  27.5
250220261313  0.806  3.8  60.1  5.9  0.65  172.0  27.5
250220261314  0.807  3.4  60.6  5.9  0.62  166.8  27.5
250220261315  0.807  3.3  62.9  5.9  0.65  170.8  27.5
250220261316  0.809  3.2  64.7  5.9  0.65  170.1  27.5
250220261317  0.810  2.9  62.1  5.9  0.65  170.3  27.5
250220261318  0.810  2.8  59.5  5.9  0.69  168.2  27.5
250220261319  0.811  2.8  60.7  5.9  0.65  169.8  27.5
250220261320  0.814  3.0  63.2  6.3  0.68  173.0  27.6
250220261321  0.814  3.1  62.3  6.3  0.63  168.0  27.6
250220261322  0.816  3.4  63.0  7.6  0.70  177.3  27.6
250220261323  0.816  3.5  58.4  7.6  0.59  166.0  27.6
250220261324  0.818  3.9  62.1  7.6  0.57  168.6  27.6
250220261325  0.819  3.9  64.7  7.6  0.59  169.9  27.6
250220261326  0.820  4.1  68.8  7.6  0.66  170.5  27.6
250220261327  0.823  4.3  73.0  7.6  0.62  172.1  27.6
250220261328  0.824  4.3  73.1  7.6  0.69  171.2  27.6
250220261329  0.825  4.4  75.5  7.6  0.62  173.5  27.6
250220261330  0.827  4.4  75.5  7.6  0.58  169.2  27.6
250220261331  0.829  4.1  74.2  7.6  0.62  178.0  27.6
250220261332  0.832  4.1  72.2  6.8  0.67  176.5  27.6
250220261333  0.835  4.1  72.9  6.8  0.56  172.7  27.6
250220261334  0.837  4.0  70.6  6.6  0.75  173.4  27.6
250220261335  0.838  4.0  67.9  6.6  0.72  179.1  27.6
250220261336  0.839  3.8  65.2  6.6  0.58  176.2  27.6
250220261337  0.840  3.7  62.7  6.6  0.54  176.8  27.6
250220261338  0.841  3.9  64.5  6.6  0.49  173.8  27.6
250220261339  0.842  3.9  64.4  6.6  0.64  182.9  27.6
250220261340  0.844  3.9  66.5  6.6  0.59  174.2  27.6
250220261341  0.843  4.0  67.5  6.6  0.39  183.1  27.6
250220261342  0.845  3.9  68.5  6.8  0.54  186.7  27.6
250220261343  0.846  3.9  69.4  6.8  0.40  188.9  27.7
250220261344  0.847  3.8  70.4  6.8  0.59  175.5  27.7
250220261345  0.847  3.9  68.5  6.8  0.58  182.1  27.6
250220261346  0.848  4.2  67.7  9.2  0.46  178.3  27.6
250220261347  0.848  4.4  67.9  9.2  0.50  174.9  27.7
250220261348  0.849  4.3  67.8  9.2  0.47  180.1  27.7
250220261349  0.851  4.3  68.5  9.2  0.56  191.4  27.7
250220261350  0.852  4.3  66.8  9.2  0.58  177.6  27.7
250220261351  0.852  4.3  67.3  9.2  0.55  183.3  27.7
250220261352  0.854  4.3  66.7  9.2  0.34  172.3  27.7
250220261353  0.853  4.2  65.2  9.2  0.41  185.9  27.7
250220261354  0.852  4.4  63.0  9.2  0.38  183.8  27.7
250220261355  0.853  4.3  65.1  9.2  0.39  177.7  27.7
250220261356  0.852  4.0  64.8  7.5  0.32  177.4  27.7
250220261357  0.853  3.9  64.1  7.5  0.43  171.0  27.7
250220261358  0.853  3.8  63.6  7.5  0.42  170.0  27.7
250220261359  0.853  4.0  60.3  7.5  0.43  169.0  27.7
250220261400  0.853  4.2  60.7  7.5  0.36  182.2  27.6
250220261401  0.853  4.2  61.7  7.5  0.26  183.0  27.6
250220261402  0.855  4.2  64.0  7.5  0.36  168.5  27.6
250220261403  0.856  4.4  64.1  7.5  0.39  173.2  27.6
250220261404  0.857  4.5  66.6  8.5  0.44  174.9  27.6
250220261405  0.858  4.4  67.5  8.5  0.36  182.8  27.6
250220261406  0.859  4.3  70.2  8.5  0.35  166.7  27.6
250220261407  0.861  4.3  72.7  8.5  0.37  150.6  27.6
250220261408  0.863  4.3  73.6  8.5  0.43  169.7  27.6
250220261409  0.864  4.3  75.1  8.5  0.46  170.1  27.6
250220261410  0.866  4.1  76.2  8.5  0.41  169.6  27.6
250220261411  0.869  4.0  77.3  8.5  0.44  178.6  27.6
250220261412  0.869  4.0  75.5  8.5  0.41  178.4  27.6
250220261413  0.869  4.1  76.4  8.5  0.32  174.5  27.6
250220261414  0.869  4.0  75.4  8.1  0.33  165.7  27.6
250220261415  0.871  4.0  75.2  8.1  0.29  169.8  27.6
250220261416  0.870  4.2  72.3  8.1  0.31  167.2  27.6
250220261417  0.871  4.2  72.5  8.1  0.38  174.4  27.6
250220261418  0.872  4.0  74.2  8.1  0.38  161.9  27.6
250220261419  0.873  3.9  73.7  8.1  0.40  157.0  27.6
250220261420  0.874  3.8  76.6  8.1  0.36  166.1  27.6
250220261421  0.875  3.9  75.3  8.1  0.66  173.3  27.6
250220261422  0.877  3.9  74.6  8.1  0.46  173.4  27.6
250220261423  0.879  3.8  74.2  6.9  0.49  165.9  27.6
250220261424  0.881  3.7  76.7  6.9  0.47  159.5  27.6
250220261425  0.882  3.9  75.2  6.9  0.47  169.1  27.6
250220261426  0.882  3.8  75.0  6.9  0.40  160.9  27.6
250220261427  0.884  4.0  72.5  6.9  0.41  158.8  27.6
250220261428  0.883  4.0  73.6  6.9  0.56  164.8  27.6
250220261429  0.884  4.0  74.6  6.9  0.50  164.2  27.6
250220261430  0.885  4.3  73.3  7.2  0.55  167.0  27.6
250220261431  0.885  4.3  74.7  7.2  0.59  164.9  27.6
250220261432  0.886  4.4  74.5  7.2  0.59  169.8  27.6
250220261433  0.885  4.4  77.6  7.2  0.47  166.2  27.6
250220261434  0.885  4.3  78.2  7.2  0.48  160.7  27.6
250220261435  0.884  4.2  79.8  7.5  0.56  164.6  27.6
250220261436  0.885  4.3  83.2  7.5  0.41  167.7  27.6
250220261437  0.885  4.3  84.9  7.5  0.55  173.6  27.6
250220261438  0.885  4.5  82.5  8.3  0.61  166.5  27.6
250220261439  0.886  4.8  81.7  8.3  0.46  154.9  27.6
250220261440  0.885  4.9  80.1  8.3  0.43  163.6  27.6
250220261441  0.886  4.9  78.5  8.3  0.40  147.2  27.6
250220261442  0.888  4.7  81.3  8.3  0.48  163.9  27.6
250220261443  0.888  4.6  82.6  8.3  0.39  152.8  27.6
250220261444  0.888  4.6  82.3  8.3  0.44  158.3  27.6
250220261445  0.886  4.6  80.5  8.3  0.56  167.5  27.6
250220261446  0.886  4.7  77.9  8.5  0.43  161.0  27.6
250220261447  0.884  4.8  77.0  8.5  0.43  157.3  27.6
250220261448  0.882  4.6  75.6  8.5  0.33  163.0  27.7
250220261449  0.881  4.4  75.6  8.5  0.54  166.3  27.7
250220261450  0.881  4.3  75.6  8.5  0.34  149.2  27.7
250220261451  0.879  4.1  76.8  8.5  0.38  159.9  27.7
250220261452  0.879  4.1  77.5  8.5  0.37  158.4  27.7
250220261453  0.877  4.1  77.6  8.5  0.50  163.3  27.7
250220261454  0.875  4.1  78.7  8.5  0.47  151.0  27.7
250220261455  0.874  4.1  85.2  9.2  0.50  163.3  27.7
250220261456  0.873  4.1  91.7  9.2  0.47  168.2  27.7
250220261457  0.872  4.0  98.4  9.2  0.35  155.1  27.7
250220261458  0.871  3.9  101.1  9.2  0.45  164.7  27.8
250220261459  0.872  3.8  101.6  9.2  0.44  165.0  27.8
250220261500  0.870  3.8  101.6  9.2  0.42  160.1  27.8
250220261501  0.870  3.8  104.1  9.2  0.39  156.4  27.8
250220261502  0.870  3.8  105.0  9.2  0.40  165.1  27.8
250220261503  0.870  3.8  102.5  9.2  0.43  163.2  27.8
250220261504  0.868  3.8  101.1  9.2  0.36  160.7  27.8
250220261505  0.868  3.8  99.8  8.1  0.39  151.7  27.8
250220261506  0.867  3.6  100.2  8.1  0.43  160.9  27.8
250220261507  0.866  3.6  96.8  7.7  0.36  155.9  27.8
250220261508  0.865  4.0  100.0  8.2  0.38  161.3  27.8
250220261509  0.865  4.2  105.7  8.7  0.28  138.8  27.8
250220261510  0.865  4.2  107.8  8.7  0.30  161.6  27.8
250220261511  0.865  4.4  105.5  8.7  0.22  168.3  27.8
250220261512  0.866  4.4  106.1  8.7  0.26  141.1  27.8
250220261513  0.865  4.5  107.1  8.7  0.24  159.8  27.8
250220261514  0.866  4.8  111.7  8.7  0.22  168.1  27.8
250220261515  0.865  4.7  113.0  8.7  0.28  155.1  27.8
250220261516  0.863  4.8  111.2  8.7  0.23  170.9  27.8
250220261517  0.863  4.6  112.3  8.7  0.25  141.8  27.8
250220261518  0.863  4.6  114.1  8.7  0.35  158.0  27.8
250220261519  0.863  4.5  114.9  8.6  0.28  149.8  27.8
250220261520  0.862  4.6  115.5  8.6  0.21  134.9  27.8
250220261521  0.861  4.6  118.2  8.6  0.29  165.5  27.8
250220261522  0.860  4.8  117.5  8.6  0.16  154.2  27.8
250220261523  0.857  4.9  118.6  8.9  0.18  140.3  27.8
250220261524  0.856  4.9  117.7  9.0  0.07  87.5  27.8
250220261525  0.854  5.2  115.5  9.0  0.18  142.4  27.8
250220261526  0.851  5.4  116.3  9.0  0.13  91.5  27.9
250220261527  0.848  5.6  117.1  9.0  0.15  152.8  27.9
250220261528  0.846  5.6  115.8  9.0  0.17  159.7  27.8
250220261529  0.843  5.7  115.0  9.0  0.10  62.7  27.8
250220261530  0.843  5.6  115.1  9.0  0.13  117.9  27.8
250220261531  0.841  5.8  115.0  9.0  0.09  131.2  27.8
250220261532  0.839  5.8  115.1  9.5  0.06  128.9  27.8
250220261533  0.836  5.9  115.7  9.5  0.20  136.1  27.8
250220261534  0.836  5.8  115.5  9.5  0.07  142.7  27.8
250220261535  0.835  5.6  117.0  9.5  0.14  138.3  27.9
250220261536  0.832  5.3  116.2  9.5  0.09  86.8  27.9
250220261537  0.830  5.2  115.4  9.5  0.07  82.1  27.9
250220261538  0.829  4.8  116.4  9.5  0.13  88.3  27.9
250220261539  0.828  4.7  117.8  9.5  0.11  102.1  27.9
250220261540  0.827  4.5  117.8  9.5  0.23  32.2  27.8
250220261541  0.827  4.4  118.7  9.5  0.13  98.3  27.8
250220261542  0.825  4.6  117.5  9.9  0.12  103.6  27.8
250220261543  0.827  4.7  117.0  9.9  0.12  60.8  27.8
250220261544  0.827  4.7  116.7  9.9  0.18  68.4  27.8
250220261545  0.826  4.8  115.1  9.9  0.10  76.5  27.8
250220261546  0.827  4.8  112.1  9.9  0.13  101.7  27.8
250220261547  0.827  4.7  109.2  9.9  0.15  131.2  27.7
250220261548  0.827  4.9  107.6  9.9  0.13  64.0  27.7
250220261549  0.828  4.9  106.7  9.9  0.13  91.5  27.8
250220261550  0.829  5.2  108.7  9.9  0.11  72.0  27.8
250220261551  0.829  5.2  107.7  9.9  0.13  88.3  27.8
250220261552  0.829  4.7  107.7  8.7  0.10  94.4  27.8
250220261553  0.830  4.3  109.3  8.3  0.10  85.1  27.8
250220261554  0.830  3.9  110.6  8.3  0.12  86.4  27.8
250220261555  0.831  3.7  113.9  7.3  0.16  51.5  27.8
250220261556  0.830  3.6  118.7  7.3  0.14  62.7  27.8
250220261557  0.829  3.5  120.2  7.3  0.10  95.7  27.8
250220261558  0.829  3.5  122.3  7.3  0.07  87.1  27.8
250220261559  0.829  3.5  120.7  7.3  0.09  55.9  27.8
250220261600  0.828  3.3  120.1  6.1  0.10  127.1  27.8
250220261601  0.826  3.1  124.5  6.0  0.10  59.9  27.8
250220261602  0.825  3.0  130.7  6.0  0.17  61.0  27.8
250220261603  0.824  2.9  126.7  6.0  0.10  49.4  27.8
250220261604  0.822  2.8  123.6  6.0  0.13  45.3  27.8
250220261605  0.822  2.8  120.4  6.8  0.05  109.9  27.8
250220261606  0.821  3.0  120.0  6.8  0.06  70.8  27.9
250220261607  0.818  3.5  123.0  10.1  0.07  126.6  27.8
250220261608  0.818  3.8  123.5  10.1  0.09  112.8  27.8
250220261609  0.818  3.8  123.3  10.1  nan  nan  nan
250220261610  0.817  3.8  118.8  10.1  0.15  18.9  27.8
250220261611  0.817  3.8  113.1  10.1  0.07  30.9  27.8
250220261612  0.816  3.9  105.8  10.1  0.10  38.5  27.8
250220261613  0.814  4.2  108.0  10.1  0.12  2.5  27.8
250220261614  0.814  4.4  106.0  10.1  0.05  84.4  27.8
250220261615  0.812  4.3  106.3  10.1  0.07  107.5  27.8
250220261616  0.811  4.2  107.2  10.1  0.08  82.4  27.8
250220261617  0.810  3.9  106.7  9.0  0.08  31.0  27.8
250220261618  0.809  3.9  105.4  9.1  0.05  41.0  27.8
250220261619  0.807  3.9  104.1  9.1  0.06  348.2  27.8
250220261620  0.805  3.7  106.6  9.1  0.03  226.0  27.9
250220261621  0.804  3.7  109.5  9.1  0.08  11.4  27.9
250220261622  0.802  3.7  112.3  9.1  0.08  328.0  27.9
250220261623  0.800  3.6  113.0  9.1  0.07  21.0  27.9
250220261624  0.800  3.5  116.0  9.1  0.06  0.2  27.9
250220261625  0.800  3.6  112.5  9.1  0.06  288.9  27.9
250220261626  0.799  3.5  107.7  9.1  0.03  10.0  27.9
250220261627  0.798  3.7  105.7  9.1  0.05  29.2  27.9
250220261628  0.796  3.8  105.5  9.6  0.07  236.2  27.9
250220261629  0.793  4.0  107.0  9.6  0.11  335.4  27.9
250220261630  0.793  4.0  107.7  9.6  0.12  22.6  27.9
250220261631  0.792  4.2  108.8  9.6  0.09  335.3  27.9
250220261632  0.790  4.4  109.4  9.6  0.09  347.1  27.9
250220261633  0.788  4.4  107.8  9.6  0.08  348.7  27.9
250220261634  0.785  4.3  106.4  9.6  0.19  2.9  27.9
250220261635  0.782  4.2  108.4  9.6  0.12  347.5  27.9
250220261636  0.781  4.4  110.5  9.6  0.09  7.5  27.9
250220261637  0.779  4.2  109.5  9.6  0.13  356.0  27.9
250220261638  0.777  3.6  107.0  7.8  0.12  358.5  28.0
250220261639  0.777  3.5  106.4  7.7  0.08  334.3  28.0
250220261640  0.774  3.3  104.7  7.7  0.14  346.4  28.0
250220261641  0.772  3.1  100.7  7.7  0.23  8.1  28.0
250220261642  0.771  3.0  101.3  7.4  0.12  25.3  28.0
250220261643  0.768  3.1  101.9  7.4  0.06  61.1  28.0
250220261644  0.768  3.3  102.2  7.4  0.04  12.9  28.0
250220261645  0.767  3.2  102.8  7.4  0.18  352.7  28.0
250220261646  0.765  3.1  104.5  7.1  0.21  4.1  27.9
250220261647  0.763  3.0  104.1  7.1  0.22  3.9  27.9
250220261648  0.761  3.2  108.2  7.5  0.25  5.5  28.0
250220261649  0.759  3.2  110.4  7.5  0.18  4.5  28.0
250220261650  0.757  3.3  115.2  7.5  0.20  12.2  28.0
250220261651  0.755  3.3  116.3  7.5  0.17  6.1  28.0
250220261652  0.753  3.2  112.3  7.5  0.29  353.4  28.0
250220261653  0.750  3.0  111.4  7.5  0.17  12.6  28.0
250220261654  0.748  3.1  112.7  7.5  0.28  353.7  28.0
250220261655  0.744  3.1  111.8  7.5  0.20  350.5  28.0
250220261656  0.741  3.3  112.3  7.5  0.30  9.6  28.0
250220261657  0.738  3.4  113.1  7.5  0.26  356.0  28.1
250220261658  0.735  3.1  108.8  6.6  0.25  3.8  28.1
250220261659  0.733  3.2  109.2  6.6  0.28  0.9  28.0
250220261700  0.728  3.2  101.8  6.6  0.27  5.0  28.0
250220261701  0.725  3.4  98.1  6.6  0.31  3.9  28.0
250220261702  0.724  3.6  95.1  7.1  0.26  16.5  28.0
250220261703  0.721  3.7  94.8  7.1  0.30  2.9  28.0
250220261704  0.719  3.7  95.5  7.4  0.39  14.8  27.9
250220261705  0.717  3.6  95.5  7.4  0.42  7.3  27.9
250220261706  0.714  3.6  94.2  7.4  0.41  4.6  27.9
250220261707  0.710  3.8  96.5  7.4  0.40  360.0  27.9
250220261708  0.707  3.7  98.9  7.4  0.42  11.1  27.9
250220261709  0.703  3.5  95.5  7.4  0.40  9.4  27.9
250220261710  0.700  3.4  96.8  7.4  0.43  10.8  27.9
250220261711  0.696  3.2  100.4  7.4  0.40  9.7  27.9
250220261712  0.692  3.2  105.6  7.4  0.38  0.2  27.9
250220261713  0.688  3.0  106.6  7.4  0.47  7.9  27.9
250220261714  0.685  2.7  105.4  6.5  0.42  14.5  27.9
250220261715  0.682  2.8  106.4  6.5  0.60  19.2  27.8
250220261716  0.679  2.7  105.4  6.5  0.49  13.6  27.8
250220261717  0.676  2.4  104.1  5.8  0.52  18.4  27.8
250220261718  0.674  2.4  101.6  5.8  0.48  20.1  27.8
250220261719  0.670  2.8  104.3  5.8  0.39  6.6  27.8
250220261720  0.667  2.9  106.3  6.0  0.41  7.5  27.8
250220261721  0.664  3.1  106.0  6.0  0.50  11.3  27.8
250220261722  0.661  3.1  104.9  6.0  0.51  13.1  27.8
250220261723  0.657  3.3  104.0  6.0  0.51  12.6  27.8
250220261724  0.655  3.5  103.9  6.2  0.37  17.0  27.9
250220261725  0.653  3.4  102.9  6.4  0.45  6.0  27.9
250220261726  0.650  3.6  102.4  6.4  0.51  13.1  27.9
250220261727  0.647  3.9  102.9  6.4  0.56  12.4  27.9
250220261728  0.644  3.9  104.2  6.4  0.38  4.8  27.9
250220261729  0.641  3.7  108.0  6.4  0.47  10.9  28.0
250220261730  0.639  3.6  108.4  6.4  0.51  15.5  28.0
250220261731  0.637  3.5  108.4  6.4  0.46  11.0  28.0
250220261732  0.635  3.6  108.8  7.2  0.46  2.9  28.0
250220261733  0.633  3.4  115.0  7.2  0.59  5.5  28.0
250220261734  0.631  3.4  118.2  7.2  0.55  8.0  28.0
250220261735  0.630  3.3  122.3  7.2  0.52  12.6  28.0
250220261736  0.628  3.2  128.0  7.2  0.60  12.2  28.0
250220261737  0.627  3.0  131.8  7.2  0.51  0.7  28.0
250220261738  0.626  2.9  131.4  7.2  0.41  3.5  28.0
250220261739  0.626  2.8  126.8  7.2  0.48  3.9  28.0
250220261740  0.625  3.1  126.9  7.3  0.57  7.9  28.0
250220261741  0.624  3.1  128.9  7.3  0.50  7.6  28.0
250220261742  0.621  2.9  132.8  7.3  0.45  358.0  28.0
250220261743  0.620  2.8  131.2  7.3  0.44  0.5  28.0
250220261744  0.616  2.7  130.4  7.3  0.37  5.2  28.0
250220261745  0.613  2.7  126.4  7.3  0.44  1.1  28.0
250220261746  0.613  2.8  123.9  7.3  0.36  3.1  28.0
250220261747  0.611  3.0  118.3  7.3  0.45  358.6  28.0
250220261748  0.608  3.6  117.7  8.0  0.42  356.9  28.0
250220261749  0.606  3.6  115.9  8.0  0.36  354.2  28.0
250220261750  0.605  3.5  118.3  8.0  0.43  9.5  28.0
250220261751  0.603  3.4  117.6  8.0  0.48  4.5  28.0
250220261752  0.601  3.4  116.5  8.0  0.31  359.5  28.0
250220261753  0.600  3.4  114.1  8.0  0.40  2.5  28.0
250220261754  0.598  3.5  112.2  8.0  0.36  356.9  28.0
250220261755  0.596  3.4  112.8  8.0  0.35  350.8  28.0
250220261756  0.594  3.2  110.0  8.0  0.45  359.0  28.0
250220261757  0.591  3.2  110.1  8.0  0.50  354.8  28.0
250220261758  0.589  2.9  108.6  6.3  0.42  355.4  28.0
250220261759  0.586  2.8  111.0  6.3  0.60  0.9  28.0
250220261800  0.585  2.8  111.9  6.3  0.46  359.3  28.0
250220261801  0.581  2.8  111.1  6.3  0.40  355.5  28.0
250220261802  0.578  3.1  109.7  8.5  0.42  358.8  28.0
250220261803  0.574  3.2  107.9  8.5  0.44  355.8  28.0
250220261804  0.571  3.3  110.9  8.5  0.37  354.1  28.0
250220261805  0.567  3.5  109.2  8.5  0.46  2.9  28.0
250220261806  0.563  3.6  111.1  8.5  0.56  1.4  28.0
250220261807  0.561  3.3  113.0  8.5  0.39  354.0  28.0
250220261808  0.560  3.1  113.4  8.5  0.52  0.8  28.0
250220261809  0.557  3.2  112.2  8.5  0.58  2.9  28.0
250220261810  0.554  3.1  107.3  8.5  0.56  3.6  28.0
250220261811  0.551  3.0  111.3  8.5  0.53  3.5  28.0
250220261812  0.549  2.6  113.9  5.9  0.59  7.4  28.0
250220261813  0.546  2.7  120.8  6.6  0.49  2.5  28.0
250220261814  0.544  2.7  124.2  6.6  0.49  0.2  28.0
250220261815  0.541  2.7  127.6  6.6  0.41  3.4  28.0
250220261816  0.538  2.6  125.6  6.6  0.55  356.6  28.0
250220261817  0.536  2.7  129.0  6.6  0.57  5.3  28.0
250220261818  0.532  2.8  131.4  6.6  0.54  359.7  28.0
250220261819  0.531  2.8  131.8  6.6  0.49  2.0  28.0
250220261820  0.528  3.0  130.3  6.6  0.47  1.0  28.0
250220261821  0.526  3.0  129.9  6.6  0.44  353.2  28.0
250220261822  0.526  3.2  132.0  6.6  0.53  5.4  28.0
250220261823  0.525  3.2  128.8  6.5  0.42  354.5  28.0
250220261824  0.525  3.3  127.6  9.5  0.46  8.8  28.0
250220261825  0.523  3.4  128.9  9.5  0.43  2.5  28.0
250220261826  0.521  3.6  132.2  9.5  0.47  1.2  28.0
250220261827  0.521  3.6  128.8  9.5  0.39  4.9  28.0
250220261828  0.520  3.5  129.0  9.5  0.53  2.6  28.0
250220261829  0.521  3.7  132.3  9.5  0.44  1.9  28.0
250220261830  0.520  3.9  137.1  9.5  0.48  358.4  28.0
250220261831  0.517  3.8  136.0  9.5  0.40  357.7  28.0
250220261832  0.514  3.5  136.2  9.5  0.55  356.4  28.0
250220261833  0.513  3.3  136.2  9.5  0.45  355.2  28.0
250220261834  0.510  3.0  137.2  9.3  0.44  3.4  28.0
250220261835  0.509  2.9  137.8  9.3  0.43  3.0  28.0
250220261836  0.506  2.6  136.7  9.3  0.47  360.0  28.0
250220261837  0.503  2.6  139.2  9.3  0.41  351.1  28.0
250220261838  0.500  2.9  139.9  9.3  0.38  356.7  28.0
250220261839  0.496  2.7  141.0  9.3  0.53  6.6  28.0
250220261840  0.492  2.3  140.8  5.3  0.48  355.4  28.0
250220261841  0.489  2.4  138.7  6.5  0.53  358.4  28.0
250220261842  0.487  2.7  137.9  6.5  0.34  0.8  28.0
250220261843  0.483  2.8  137.6  6.8  0.42  358.0  28.0
250220261844  0.481  3.1  133.2  6.8  0.59  6.4  28.0
250220261845  0.478  3.0  131.5  6.8  0.43  354.6  28.0
250220261846  0.475  3.0  130.6  6.8  0.54  357.7  28.0
250220261847  0.472  3.0  130.5  6.8  0.44  4.5  28.0
250220261848  0.471  2.9  128.5  6.8  0.54  1.5  28.0
250220261849  0.468  2.8  127.8  6.8  0.55  359.4  28.0
250220261850  0.465  2.9  128.1  6.8  0.47  359.4  28.0
250220261851  0.463  2.8  133.7  6.8  0.46  4.5  28.0
250220261852  0.461  2.6  134.8  6.8  0.42  354.2  28.0
250220261853  0.457  2.4  140.4  5.6  0.56  0.0  28.0
250220261854  0.456  2.1  143.1  5.6  0.54  3.5  28.1
250220261855  0.454  2.2  143.1  5.6  0.58  2.5  28.1
250220261856  0.452  2.1  146.0  5.6  0.50  360.0  28.1
250220261857  0.451  2.0  148.9  5.2  0.56  5.2  28.1
250220261858  0.449  2.1  153.9  5.1  0.51  0.2  28.1
250220261859  0.446  2.4  149.2  6.7  0.55  1.3  28.1
250220261900  0.446  2.6  148.3  6.7  0.61  1.4  28.1
250220261901  0.446  2.7  146.5  6.7  0.44  358.4  28.1
250220261902  0.445  2.8  143.6  6.7  0.62  359.0  28.1
250220261903  0.445  3.1  138.1  6.7  0.52  357.2  28.1
250220261904  0.442  3.2  143.1  6.7  0.54  3.2  28.1
250220261905  0.440  3.1  145.0  6.7  0.47  3.6  28.1
250220261906  0.441  3.1  145.6  6.7  0.58  4.2  28.1
250220261907  0.439  3.1  144.7  6.7  0.55  359.4  28.1
250220261908  0.438  3.1  143.6  6.7  0.46  358.5  28.1
250220261909  0.437  2.9  149.4  5.4  0.44  357.0  28.1
250220261910  0.436  2.6  146.2  5.3  0.47  356.0  28.1
250220261911  0.434  2.5  146.7  5.3  0.52  357.3  28.1
250220261912  0.433  2.5  149.8  5.3  0.51  3.8  28.1
250220261913  0.431  2.4  155.7  4.6  0.48  354.9  28.1
250220261914  0.429  2.4  151.8  4.6  0.49  1.1  28.1
250220261915  0.426  2.5  153.8  5.8  0.51  4.5  28.1
250220261916  0.425  2.8  151.6  5.8  0.51  2.7  28.1
250220261917  0.423  2.9  153.1  5.8  0.49  2.2  28.1
250220261918  0.421  2.9  152.6  5.8  0.50  359.1  28.1
250220261919  0.419  2.7  152.6  5.8  0.43  4.8  28.1
250220261920  0.418  3.0  157.0  5.8  0.50  1.0  28.1
250220261921  0.416  3.0  158.1  5.8  0.48  359.3  28.1
250220261922  0.415  2.9  158.2  5.8  0.47  357.6  28.1
250220261923  0.413  2.8  157.7  5.8  0.65  3.4  28.1
250220261924  0.412  3.0  155.0  7.0  0.53  2.8  28.1
250220261925  0.411  3.1  153.3  7.0  0.49  5.0  28.1
250220261926  0.410  3.1  154.4  7.0  0.55  358.2  28.1
250220261927  0.409  3.1  153.2  7.0  0.61  1.2  28.1
250220261928  0.407  3.1  153.7  7.0  0.60  1.4  28.1
250220261929  0.406  3.3  153.3  7.0  0.51  358.5  28.1
250220261930  0.403  3.4  153.0  7.0  0.39  359.4  28.1
250220261931  0.402  3.4  149.2  7.0  0.50  1.3  28.1
250220261932  0.399  3.5  150.0  7.0  0.52  356.5  28.1
250220261933  0.396  3.5  147.6  7.0  0.57  359.9  28.1
250220261934  0.395  3.2  149.7  6.3  0.48  354.2  28.1
250220261935  0.392  3.0  148.8  6.3  0.51  1.5  28.1
250220261936  0.391  2.7  151.3  6.3  0.46  1.6  28.1
250220261937  0.389  2.5  147.2  6.3  0.54  0.5  28.1
250220261938  0.389  2.6  143.5  6.3  0.52  4.2  28.1
250220261939  0.387  2.7  134.8  6.9  0.58  5.8  28.1
250220261940  0.385  2.9  130.2  8.2  0.47  0.2  28.1
250220261941  0.383  3.0  133.4  8.2  0.59  6.6  28.1
250220261942  0.381  3.0  129.1  8.2  0.65  4.2  28.1
250220261943  0.381  2.9  133.0  8.2  0.51  357.3  28.1
250220261944  0.381  2.8  134.0  8.2  0.51  3.6  28.1
250220261945  0.381  2.7  131.5  8.2  0.54  3.4  28.1
250220261946  0.381  2.8  131.7  8.2  0.55  2.1  28.1
250220261947  0.380  2.8  136.3  8.2  0.46  356.8  28.1
250220261948  0.378  2.8  139.7  8.2  0.58  3.3  28.1
250220261949  0.378  2.6  142.5  8.2  0.44  359.2  28.1
250220261950  0.378  2.3  144.6  5.7  0.61  2.2  28.1
250220261951  0.378  2.0  141.9  5.7  0.46  350.9  28.1
250220261952  0.377  2.1  142.2  6.9  0.44  2.1  28.1
250220261953  0.377  2.3  137.5  6.9  0.52  354.5  28.1
250220261954  0.376  2.7  137.0  6.9  0.46  358.0  28.1
250220261955  0.376  2.7  139.5  6.9  0.45  358.5  28.1
250220261956  0.375  2.6  137.9  6.9  0.49  353.8  28.1
250220261957  0.375  2.8  135.0  6.9  0.36  3.2  28.1
250220261958  0.375  3.0  134.9  6.9  0.50  359.7  28.1
250220261959  0.373  3.1  135.6  6.9  0.58  359.2  28.1
250220262000  0.374  3.3  136.6  6.9  0.47  358.2  28.2
250220262001  0.372  3.7  135.6  6.9  0.47  4.8  28.2
250220262002  0.371  3.6  137.4  6.9  0.50  3.5  28.2
250220262003  0.371  3.5  138.5  6.9  0.47  356.9  28.2
250220262004  0.369  3.1  137.3  6.9  0.59  357.6  28.2
250220262005  0.367  3.0  137.0  6.9  0.43  354.4  28.2
250220262006  0.367  3.0  136.9  6.9  0.51  3.7  28.2
250220262007  0.367  2.7  137.6  6.9  0.48  359.8  28.2
250220262008  0.367  2.4  136.7  6.9  0.62  4.1  28.2
250220262009  0.367  2.2  137.4  6.9  0.39  0.0  28.2
250220262010  0.367  1.9  138.0  6.2  0.40  355.1  28.2
250220262011  0.367  1.7  140.8  5.5  0.43  355.3  28.2
250220262012  0.368  1.5  140.0  5.2  0.48  0.9  28.2
250220262013  0.369  1.4  138.1  5.2  0.38  350.7  28.2
250220262014  0.370  1.7  138.2  5.2  0.41  355.6  28.2
250220262015  0.370  1.8  142.1  5.2  0.45  353.3  28.2
250220262016  0.371  2.1  140.0  5.2  0.49  354.1  28.2
250220262017  0.371  2.2  141.5  6.6  0.51  358.2  28.2
250220262018  0.371  2.2  142.2  6.6  0.42  353.1  28.2
250220262019  0.370  2.2  139.1  6.6  0.40  355.6  28.2
250220262020  0.371  2.3  138.8  6.6  0.46  359.5  28.2
250220262021  0.372  2.3  139.3  6.6  0.44  358.9  28.2
250220262022  0.373  2.4  135.8  6.6  0.36  10.0  28.2
250220262023  0.374  2.6  135.8  6.6  0.40  355.8  28.2
250220262024  0.374  2.7  138.5  6.6  0.31  1.1  28.2
250220262025  0.373  2.6  132.2  6.6  0.32  2.0  28.2
250220262026  0.372  2.3  134.8  6.6  0.27  355.0  28.2
250220262027  0.373  2.5  135.0  6.1  0.28  351.6  28.2
250220262028  0.372  2.7  134.5  6.1  0.35  5.6  28.2
250220262029  0.372  2.7  138.7  6.2  0.38  3.0  28.2
250220262030  0.373  2.9  139.2  6.2  0.36  0.1  28.2
250220262031  0.371  3.0  138.9  6.2  0.32  349.4  28.2
250220262032  0.371  3.1  142.9  6.4  0.27  2.2  28.2
250220262033  0.371  3.3  141.9  6.6  0.30  355.5  28.2
250220262034  0.371  3.1  134.6  6.6  0.22  334.0  28.2
250220262035  0.370  3.1  137.9  6.6  0.20  353.3  28.2
250220262036  0.368  3.2  130.9  6.6  0.30  358.9  28.2
250220262037  0.367  3.2  130.1  6.6  0.31  359.3  28.2
250220262038  0.366  3.1  131.7  6.6  0.28  357.4  28.2
250220262039  0.362  3.1  131.4  6.6  0.40  357.1  28.2
250220262040  0.363  3.1  132.0  6.6  0.41  347.9  28.2
250220262041  0.363  3.0  128.3  6.6  0.26  351.4  28.2
250220262042  0.364  2.9  125.3  6.6  0.19  350.4  28.2
250220262043  0.364  2.8  122.0  5.7  0.34  358.7  28.2
250220262044  0.365  2.9  122.3  5.7  0.28  354.9  28.2
250220262045  0.367  2.9  120.3  5.7  0.23  8.0  28.2
250220262046  0.368  2.9  121.5  5.7  0.28  352.3  28.2
250220262047  0.370  2.9  115.7  5.7  0.31  356.4  28.2
250220262048  0.372  3.0  114.3  5.7  0.31  10.7  28.2
250220262049  0.375  3.0  109.2  5.7  0.16  352.2  28.2
250220262050  0.377  3.2  106.9  6.1  0.29  347.4  28.2
250220262051  0.379  3.1  112.1  6.1  0.25  347.9  28.2
250220262052  0.381  3.1  114.4  6.1  0.22  357.0  28.2
250220262053  0.384  3.1  120.8  6.1  0.23  356.9  28.2
250220262054  0.386  3.0  125.7  6.1  0.19  351.0  28.2
250220262055  0.388  3.1  130.3  6.1  0.14  352.8  28.2
250220262056  0.392  3.1  139.1  6.1  0.18  333.4  28.2
250220262057  0.394  3.2  147.7  6.1  0.15  344.1  28.2
250220262058  0.396  3.1  145.5  6.1  0.13  320.9  28.2
250220262059  0.397  3.2  148.0  6.1  0.06  328.8  28.2
250220262100  0.398  3.2  151.0  6.1  0.10  261.6  28.2
250220262101  0.399  3.0  147.0  5.9  0.15  328.6  28.2
250220262102  0.400  2.9  146.8  5.9  0.15  343.1  28.2
250220262103  0.402  2.8  144.7  5.5  0.07  272.5  28.2
250220262104  0.404  2.6  145.1  5.5  0.13  341.9  28.2
250220262105  0.405  2.7  142.2  5.5  0.05  270.1  28.2
250220262106  0.404  2.6  139.4  5.5  0.05  268.2  28.2
250220262107  0.405  2.7  137.5  5.5  0.15  234.0  28.2
250220262108  0.405  2.8  141.4  5.5  0.03  232.7  28.2
250220262109  0.405  2.7  140.5  5.1  0.05  268.2  28.2
250220262110  0.406  2.6  140.0  5.1  0.08  298.9  28.2
250220262111  0.404  2.9  143.3  5.6  0.09  296.1  28.2
250220262112  0.403  2.9  143.9  5.6  0.06  298.4  28.2
250220262113  0.401  2.8  147.8  5.6  0.11  218.9  28.2
250220262114  0.401  3.0  149.4  5.6  0.12  239.1  28.2
250220262115  0.400  2.9  150.5  5.6  0.08  256.6  28.2
250220262116  0.397  2.9  147.3  5.6  0.12  300.6  28.2
250220262117  0.397  2.9  145.5  5.6  0.03  264.1  28.2
250220262118  0.396  2.9  145.5  5.6  0.13  213.4  28.2
250220262119  0.395  2.9  145.9  5.6  0.10  224.6  28.2
250220262120  0.394  2.9  145.0  5.6  0.09  258.4  28.2
250220262121  0.393  2.8  143.8  5.6  0.11  213.9  28.2
250220262122  0.392  2.9  141.2  5.6  0.05  224.8  28.2
250220262123  0.394  2.9  137.9  5.6  0.08  235.9  28.2
250220262124  0.395  3.0  137.1  5.6  0.13  266.0  28.2
250220262125  0.395  3.1  137.1  5.6  0.10  300.2  28.2
250220262126  0.396  3.1  138.2  5.6  0.04  312.9  28.2
250220262127  0.396  2.8  137.4  5.6  0.03  197.1  28.2
250220262128  0.399  2.8  132.3  5.6  0.08  212.6  28.2
250220262129  0.401  2.8  131.7  5.6  0.06  218.9  28.2
250220262130  0.403  2.8  136.1  5.6  0.09  212.9  28.2
250220262131  0.405  2.5  138.7  5.6  0.05  203.0  28.2
250220262132  0.407  2.4  145.3  5.6  0.05  265.5  28.2
250220262133  0.407  2.4  143.5  5.6  0.08  187.3  28.2
250220262134  0.407  2.3  141.3  5.2  0.16  216.3  28.2
250220262135  0.409  2.2  139.5  5.2  0.07  275.5  28.2
250220262136  0.411  2.1  142.5  5.2  0.15  190.0  28.2
250220262137  0.414  2.2  144.2  5.2  0.14  216.6  28.2
250220262138  0.417  2.3  155.9  5.7  0.12  180.5  28.2
250220262139  0.421  2.4  158.9  5.7  0.23  191.5  28.2
250220262140  0.424  2.3  157.9  5.7  0.16  176.1  28.2
250220262141  0.427  2.3  159.1  5.7  0.10  215.6  28.2
250220262142  0.429  2.4  153.7  5.7  0.32  185.9  28.2
250220262143  0.432  2.3  152.7  5.7  0.24  190.0  28.2
250220262144  0.435  2.3  155.8  5.7  0.22  198.3  28.2
250220262145  0.438  2.4  152.7  5.9  0.37  188.5  28.2
250220262146  0.441  2.6  147.5  6.6  0.30  190.0  28.2
250220262147  0.444  2.5  146.5  6.6  0.25  176.8  28.1
250220262148  0.446  2.4  142.9  6.6  0.35  180.0  28.1
250220262149  0.447  2.5  141.7  6.6  0.28  190.0  28.1
250220262150  0.448  2.7  138.2  6.6  0.30  177.1  28.1
250220262151  0.448  3.0  133.3  6.6  0.21  173.1  28.1
250220262152  0.450  3.1  132.3  6.6  0.31  185.7  28.1
250220262153  0.452  3.1  135.7  6.6  0.27  177.4  28.0
250220262154  0.455  3.2  136.8  6.6  0.20  187.8  28.0
250220262155  0.457  3.2  137.8  6.7  0.20  170.5  28.0
250220262156  0.459  3.2  140.3  6.7  0.32  168.0  28.0
250220262157  0.460  3.3  140.2  6.7  0.21  172.6  28.0
250220262158  0.462  3.3  138.1  6.7  0.22  170.8  28.0
250220262159  0.465  3.1  137.8  6.7  0.19  184.6  28.0
250220262200  0.468  3.1  137.7  6.7  0.23  176.6  28.0
250220262201  0.470  2.8  139.6  6.7  0.18  152.9  28.0
250220262202  0.472  2.7  144.5  6.7  0.17  164.6  28.0
250220262203  0.475  2.7  146.7  6.7  0.27  186.8  28.0
250220262204  0.476  2.7  142.5  6.7  0.23  175.4  28.0
250220262205  0.480  2.5  143.2  5.8  0.25  174.7  28.0
250220262206  0.481  2.3  143.9  5.8  0.28  179.2  28.0
250220262207  0.484  2.2  146.4  5.8  0.21  175.8  28.0
250220262208  0.485  2.3  144.3  5.8  0.25  179.1  28.0
250220262209  0.486  2.3  142.3  5.8  0.27  177.0  28.0
250220262210  0.488  2.4  144.2  7.3  0.27  175.0  28.0
250220262211  0.491  2.6  144.5  7.3  0.31  183.9  28.0
250220262212  0.495  2.8  141.4  7.3  0.28  160.6  28.0
250220262213  0.497  2.6  138.9  7.3  0.17  178.8  28.0
250220262214  0.501  2.5  143.1  7.3  0.21  165.6  28.0
250220262215  0.505  2.4  144.7  7.3  0.27  175.0  28.0
250220262216  0.508  2.4  144.0  7.3  0.25  164.4  28.0
250220262217  0.511  2.5  143.2  7.3  0.24  181.3  28.0
250220262218  0.513  2.4  146.3  7.3  0.33  170.3  28.0
250220262219  0.515  2.3  147.3  7.3  0.38  177.1  28.0
250220262220  0.518  2.1  143.1  5.3  0.26  162.5  28.0
250220262221  0.521  2.0  138.7  5.3  0.37  176.8  28.0
250220262222  0.524  2.0  135.8  5.3  0.30  170.5  28.0
250220262223  0.527  2.0  134.8  5.3  0.22  159.2  28.0
250220262224  0.531  2.1  131.7  5.3  0.36  177.3  28.0
250220262225  0.533  2.4  129.8  5.3  0.34  180.5  28.0
250220262226  0.536  2.6  131.6  5.3  0.34  172.3  28.0
250220262227  0.537  2.7  131.3  5.6  0.37  181.4  27.9
250220262228  0.540  2.7  133.4  5.6  0.29  181.7  27.9
250220262229  0.543  2.7  136.5  5.6  0.31  175.7  27.9
250220262230  0.546  2.7  142.7  5.6  0.27  182.0  27.9
250220262231  0.549  2.9  146.9  5.6  0.26  187.5  27.9
250220262232  0.551  2.8  151.0  5.6  0.39  190.0  27.9
250220262233  0.554  2.9  148.7  5.6  0.35  176.4  27.9
250220262234  0.554  3.1  147.8  5.6  0.39  182.8  27.9
250220262235  0.557  2.9  152.5  5.6  0.34  183.8  27.9
250220262236  0.561  2.8  153.1  5.6  0.37  184.9  27.9
250220262237  0.564  2.8  152.9  5.3  0.35  183.9  27.9
250220262238  0.566  2.8  148.3  5.3  0.35  189.4  27.9
250220262239  0.568  2.7  145.1  5.3  0.37  175.8  27.9
250220262240  0.570  2.6  137.9  5.4  0.45  182.8  27.9
250220262241  0.571  2.5  134.8  5.4  0.46  179.2  27.9
250220262242  0.574  2.6  135.7  5.4  0.41  177.3  27.9
250220262243  0.575  2.6  139.5  5.4  0.49  176.4  27.9
250220262244  0.579  2.4  141.0  5.4  0.35  185.3  27.9
250220262245  0.582  2.6  135.3  5.4  0.36  180.2  27.9
250220262246  0.585  2.6  133.7  5.4  0.41  175.4  27.9
250220262247  0.589  2.7  134.3  5.8  0.28  178.0  27.9
250220262248  0.592  2.8  137.4  6.1  0.38  175.7  27.9
250220262249  0.596  2.9  142.1  6.1  0.41  175.0  27.9
250220262250  0.599  3.0  145.6  6.1  0.52  180.9  27.9
250220262251  0.601  3.2  145.1  6.1  0.32  177.1  27.9
250220262252  0.604  3.3  141.9  6.1  0.51  180.6  27.9
250220262253  0.607  3.3  141.9  6.1  0.46  175.3  27.9
250220262254  0.611  3.2  140.5  6.1  0.48  173.3  27.9
250220262255  0.614  3.2  140.9  6.1  0.56  172.5  27.9
250220262256  0.619  3.1  142.8  6.1  0.45  171.1  27.8
250220262257  0.623  3.1  141.0  6.1  0.57  175.4  27.8
250220262258  0.626  3.1  142.1  5.8  0.56  175.6  27.8
250220262259  0.630  3.1  139.8  5.8  0.50  165.0  27.8
250220262300  0.633  3.1  140.3  5.8  0.51  164.5  27.8
250220262301  0.636  2.9  145.1  5.4  0.51  173.4  27.8
250220262302  0.639  2.8  151.8  5.4  0.49  164.5  27.8
250220262303  0.643  3.0  155.4  5.5  0.56  170.0  27.8
250220262304  0.646  3.1  161.4  5.5  0.50  169.1  27.8
250220262305  0.650  3.1  167.4  5.5  0.62  168.1  27.8
250220262306  0.652  3.2  166.8  5.5  0.61  165.0  27.8
250220262307  0.656  3.4  166.2  6.4  0.66  169.6  27.8
250220262308  0.660  3.6  167.4  6.4  0.54  170.7  27.8
250220262309  0.664  3.8  167.5  6.7  0.64  172.6  27.8
250220262310  0.667  3.9  169.5  6.7  0.56  177.8  27.8
250220262311  0.671  3.9  170.2  6.7  0.72  174.0  27.8
250220262312  0.675  3.8  167.1  6.7  0.72  170.7  27.8
250220262313  0.680  3.7  165.5  6.7  0.62  169.4  27.8
250220262314  0.684  3.8  164.0  6.7  0.69  168.6  27.8
250220262315  0.688  3.8  162.5  6.7  0.72  172.1  27.8
250220262316  0.693  4.0  161.3  8.1  0.65  171.6  27.8
250220262317  0.699  3.9  162.2  8.1  0.66  172.5  27.8
250220262318  0.702  3.8  160.3  8.1  0.70  166.3  27.8
250220262319  0.707  3.6  161.3  8.1  0.69  172.1  27.8
250220262320  0.712  3.5  161.6  8.1  0.65  168.9  27.8
250220262321  0.716  3.6  162.3  8.1  0.67  165.2  27.8
250220262322  0.721  3.8  165.4  8.1  0.70  171.8  27.8
250220262323  0.725  3.9  167.5  8.1  0.68  166.3  27.8
250220262324  0.731  3.9  170.0  8.1  0.66  166.0  27.8
250220262325  0.736  4.0  173.9  8.1  0.72  170.1  27.8
250220262326  0.741  4.0  179.3  6.4  0.76  169.9  27.8
250220262327  0.746  4.1  184.6  6.4  0.74  164.3  27.8
250220262328  0.752  4.3  187.8  6.4  0.80  167.2  27.8
250220262329  0.757  4.5  191.1  6.4  0.75  168.3  27.8
250220262330  0.761  4.8  193.2  8.3  0.79  164.1  27.8
250220262331  0.764  4.9  194.1  8.3  0.94  169.5  27.8
250220262332  0.769  4.7  193.1  8.3  0.79  165.7  27.8
250220262333  0.774  4.7  193.3  8.3  0.91  168.3  27.8
250220262334  0.776  4.6  193.7  8.3  0.88  165.5  27.8
250220262335  0.780  4.5  191.8  8.3  0.93  169.5  27.8
250220262336  0.785  4.3  190.5  8.3  0.91  166.3  27.8
250220262337  0.788  4.3  192.3  8.3  1.01  168.2  27.7
250220262338  0.792  4.2  194.9  8.3  0.92  165.8  27.7
250220262339  0.794  4.1  194.6  8.3  0.98  166.8  27.7
250220262340  0.799  3.9  195.2  6.3  0.81  162.9  27.7
250220262341  0.802  4.0  196.9  6.4  0.88  166.7  27.7
250220262342  0.804  4.1  200.8  6.4  0.90  168.6  27.7
250220262343  0.806  4.2  201.7  6.4  0.82  162.2  27.7
250220262344  0.810  4.1  201.8  6.4  0.82  160.7  27.7
250220262345  0.812  4.1  202.9  6.4  0.84  162.7  27.7
250220262346  0.816  4.3  203.6  6.4  0.83  163.3  27.7
250220262347  0.819  4.3  199.8  6.4  0.65  157.8  27.6
250220262348  0.822  4.3  197.5  6.4  0.71  164.7  27.6
250220262349  0.826  4.3  197.5  6.4  0.61  167.9  27.6
250220262350  0.828  4.3  196.5  6.4  0.69  176.4  27.6
250220262351  0.831  4.3  195.4  7.5  0.65  175.4  27.6
250220262352  0.834  4.3  192.5  7.5  0.62  179.1  27.7
250220262353  0.838  4.5  192.0  7.5  0.65  180.9  27.7
250220262354  0.840  4.7  191.5  7.5  0.58  186.9  27.7
250220262355  0.843  4.6  191.9  7.5  0.54  178.8  27.7
250220262356  0.848  4.6  193.4  7.5  0.65  183.3  27.7
250220262357  0.852  4.7  196.2  7.5  0.50  181.9  27.7
250220262358  0.855  4.9  197.5  7.5  0.61  179.4  27.7
250220262359  0.860  4.9  196.6  7.5  0.41  176.0  27.7
260220260000  0.864  5.0  196.3  7.5  0.53  181.3  27.7
260220260001  0.868  5.1  196.1  7.4  0.46  185.8  27.7
260220260002  0.871  4.9  198.3  6.7  0.52  178.6  27.7
260220260003  0.875  4.9  199.5  6.7  0.33  179.0  27.7
260220260004  0.879  4.8  200.0  6.6  0.23  194.3  27.7
260220260005  0.882  4.9  197.9  6.6  0.33  183.6  27.7
260220260006  0.887  4.9  197.3  6.6  0.34  188.7  27.7
260220260007  0.891  5.0  198.2  7.8  0.39  188.6  27.7
260220260008  0.895  5.1  198.5  7.8  0.35  188.7  27.7
260220260009  0.900  5.2  199.4  7.8  0.41  198.1  27.7
260220260010  0.902  5.2  200.2  7.8  0.28  187.2  27.7
260220260011  0.907  5.2  200.9  7.8  0.37  193.9  27.7
260220260012  0.911  5.4  201.7  7.8  0.35  190.0  27.7
260220260013  0.913  5.5  201.6  7.8  0.29  192.3  27.7
260220260014  0.918  5.7  202.7  8.0  0.46  191.4  27.7
260220260015  0.922  6.0  205.4  8.1  0.29  183.5  27.7
260220260016  0.926  6.0  203.8  8.1  0.43  185.6  27.7
260220260017  0.929  6.0  203.0  8.1  0.44  191.0  27.7
260220260018  0.932  5.9  203.0  8.1  0.31  191.4  27.7
260220260019  0.936  6.0  203.4  8.1  0.38  177.4  27.7
260220260020  0.940  6.1  204.2  8.1  0.41  177.9  27.7
260220260021  0.944  6.1  204.3  8.1  0.47  179.9  27.7
260220260022  0.947  6.1  203.4  8.1  0.55  188.4  27.7
260220260023  0.951  6.1  203.7  8.1  0.61  178.3  27.7
260220260024  0.955  6.0  203.6  8.1  0.53  176.9  27.6
260220260025  0.958  5.9  204.0  7.6  0.50  176.8  27.6
260220260026  0.962  6.1  206.9  8.7  0.52  180.4  27.6
260220260027  0.966  6.2  208.0  8.7  0.66  178.4  27.6
260220260028  0.969  6.2  208.5  8.7  0.67  187.2  27.6
260220260029  0.973  6.3  207.9  8.7  0.65  182.0  27.6
260220260030  0.976  6.3  206.9  8.7  0.61  176.4  27.6
260220260031  0.980  6.3  206.6  8.7  0.64  177.9  27.6
260220260032  0.984  6.4  205.8  8.7  0.68  178.7  27.6
260220260033  0.988  6.6  204.7  8.7  0.71  175.7  27.6
260220260034  0.993  6.7  204.1  8.7  0.68  177.3  27.7
260220260035  0.998  6.8  203.2  8.7  0.62  172.8  27.7
260220260036  1.002  6.8  201.1  8.5  0.66  176.5  27.7
260220260037  1.006  6.8  199.2  8.5  0.81  177.6  27.7
260220260038  1.010  6.9  198.0  8.5  0.65  175.4  27.7
260220260039  1.016  6.8  197.3  8.5  0.63  176.1  27.7
260220260040  1.020  6.7  196.5  8.5  0.65  173.8  27.7
260220260041  1.027  6.7  196.7  8.5  0.68  170.9  27.7
260220260042  1.032  6.5  197.6  8.5  0.58  176.3  27.7
260220260043  1.037  6.3  198.0  8.2  0.71  177.3  27.6
260220260044  1.041  6.2  197.4  8.2  0.59  178.9  27.6
260220260045  1.045  6.2  197.3  8.2  0.69  181.7  27.6
260220260046  1.049  6.0  196.6  8.0  0.69  178.0  27.6
260220260047  1.054  5.9  196.3  8.0  0.81  184.2  27.6
260220260048  1.057  5.6  196.2  8.0  0.59  182.8  27.6
260220260049  1.062  5.6  196.2  8.0  0.60  183.1  27.6
260220260050  1.067  5.6  197.2  8.0  0.66  186.1  27.6
260220260051  1.071  5.6  197.6  8.0  0.61  182.7  27.6
260220260052  1.076  5.6  197.2  8.0  0.58  183.2  27.6
260220260053  1.080  5.6  197.1  8.0  0.62  180.3  27.6
260220260054  1.085  5.7  198.3  8.0  0.57  183.2  27.6
260220260055  1.089  5.6  199.2  7.9  0.65  187.1  27.6
260220260056  1.094  5.7  201.0  7.9  0.80  182.4  27.6
260220260057  1.097  5.6  202.8  7.9  0.79  187.9  27.6
260220260058  1.101  5.8  204.1  7.9  0.85  186.3  27.6
260220260059  1.106  5.7  205.9  7.5  0.71  185.9  27.5
260220260100  1.111  5.7  206.3  7.5  0.84  184.4  27.5
260220260101  1.114  5.6  206.9  7.5  0.79  187.3  27.5
260220260102  1.119  5.5  208.5  7.5  0.90  187.5  27.5
260220260103  1.123  5.4  209.3  7.5  0.78  182.2  27.5
260220260104  1.127  5.4  210.1  7.5  0.87  178.3  27.5
260220260105  1.130  5.3  211.0  7.5  0.70  173.2  27.5
260220260106  1.135  5.2  212.5  7.5  0.80  179.9  27.5
260220260107  1.139  5.3  211.6  7.5  0.74  178.3  27.5
260220260108  1.144  5.1  212.3  6.7  0.88  177.6  27.5
260220260109  1.149  5.1  214.0  6.7  0.83  177.2  27.5
260220260110  1.153  5.0  215.3  6.2  0.91  178.7  27.4
260220260111  1.158  5.0  215.3  6.2  1.03  177.6  27.4
260220260112  1.162  5.0  215.5  6.2  0.92  175.7  27.4
260220260113  1.166  5.1  215.6  6.2  0.93  173.8  27.4
260220260114  1.169  5.1  215.3  6.2  0.85  167.8  27.4
260220260115  1.172  5.1  214.8  6.2  0.78  171.1  27.4
260220260116  1.175  5.0  213.0  6.2  0.84  168.4  27.4
260220260117  1.178  5.0  213.5  6.4  0.80  172.9  27.4
260220260118  1.180  5.1  212.4  6.4  0.88  169.2  27.4
260220260119  1.183  5.1  210.7  6.4  0.84  169.6  27.4
260220260120  1.185  5.2  210.3  6.4  0.83  172.1  27.4
260220260121  1.188  5.2  210.8  6.5  0.88  171.1  27.4
260220260122  1.190  5.3  211.6  7.7  0.90  174.1  27.4
260220260123  1.192  5.3  212.7  7.7  0.87  168.0  27.4
260220260124  1.195  5.3  212.9  7.7  0.83  171.9  27.4
260220260125  1.198  5.4  213.5  7.7  0.82  169.6  27.4
260220260126  1.200  5.5  213.7  7.7  0.85  171.7  27.4
260220260127  1.203  5.5  212.7  7.7  0.77  170.9  27.4
260220260128  1.206  5.5  212.5  7.7  0.86  171.2  27.4
260220260129  1.210  5.5  210.6  8.1  0.81  176.5  27.4
260220260130  1.211  5.5  209.9  8.1  0.78  177.5  27.4
260220260131  1.214  5.6  208.8  8.1  0.78  176.0  27.4
260220260132  1.216  5.5  207.2  8.1  0.80  173.4  27.4
260220260133  1.219  5.6  205.8  8.1  0.76  170.0  27.4
260220260134  1.222  5.7  204.7  8.1  0.67  172.5  27.4
260220260135  1.225  5.7  203.0  8.1  0.77  174.1  27.4
260220260136  1.228  5.7  202.4  8.1  0.78  171.0  27.4
260220260137  1.230  5.7  202.6  8.1  0.81  180.6  27.4
260220260138  1.234  5.9  202.9  8.7  0.67  171.0  27.4
260220260139  1.237  5.9  204.3  8.7  0.66  176.8  27.4
260220260140  1.239  5.9  203.9  8.7  0.73  182.0  27.4
260220260141  1.242  6.0  203.3  8.7  0.73  179.3  27.4
260220260142  1.245  6.0  202.5  8.7  0.74  178.6  27.4
260220260143  1.248  6.0  202.9  8.7  0.66  182.1  27.4
260220260144  1.251  6.1  202.8  8.7  0.71  179.8  27.4
260220260145  1.255  6.2  202.7  8.7  0.68  179.4  27.4
260220260146  1.256  6.3  202.6  8.7  0.67  183.6  27.4
260220260147  1.258  6.3  202.2  8.7  0.73  184.2  27.4
260220260148  1.260  6.4  200.7  8.6  0.52  179.6  27.4
260220260149  1.264  6.6  199.4  8.7  0.61  181.3  27.4
260220260150  1.265  6.7  199.6  8.7  0.65  178.2  27.4
260220260151  1.269  6.8  199.6  8.7  0.62  178.2  27.4
260220260152  1.271  6.9  199.9  8.7  0.71  182.6  27.4
260220260153  1.274  7.1  199.4  9.8  0.60  179.9  27.4
260220260154  1.276  7.2  199.5  9.8  0.64  181.1  27.4
260220260155  1.278  7.4  199.9  9.8  0.40  183.0  27.4
260220260156  1.280  7.4  200.1  9.8  0.67  185.7  27.4
260220260157  1.283  7.4  200.7  9.8  0.58  178.6  27.4
260220260158  1.287  7.3  201.4  9.8  0.40  174.7  27.4
260220260159  1.291  7.2  202.3  9.8  0.67  180.8  27.4
260220260200  1.296  7.2  202.0  9.8  0.86  175.6  27.4
260220260201  1.298  7.0  202.3  9.8  0.67  174.3  27.4
260220260202  1.301  7.0  202.2  9.8  0.68  174.1  27.4
260220260203  1.305  6.8  202.4  9.4  0.63  175.5  27.4
260220260204  1.308  6.7  203.0  9.4  0.56  180.1  27.4
260220260205  1.312  6.6  202.7  8.3  0.43  175.2  27.4
260220260206  1.317  6.5  203.2  8.3  0.56  175.7  27.4
260220260207  1.321  6.6  203.5  8.3  0.64  174.6  27.4
260220260208  1.325  6.6  204.4  8.3  0.70  178.8  27.4
260220260209  1.329  6.6  203.5  8.4  0.64  176.9  27.4
260220260210  1.333  6.4  204.1  8.4  0.71  176.8  27.4
260220260211  1.336  6.5  203.9  8.4  0.63  175.8  27.4
260220260212  1.339  6.6  204.1  8.4  0.87  176.7  27.4
260220260213  1.341  6.6  204.5  8.4  0.77  174.9  27.4
260220260214  1.345  6.5  204.2  8.4  0.73  174.6  27.4
260220260215  1.349  6.4  205.0  8.4  0.58  177.3  27.3
260220260216  1.352  6.5  205.2  8.4  0.61  173.7  27.3
260220260217  1.354  6.4  205.7  8.4  0.78  179.2  27.3
260220260218  1.357  6.4  205.8  8.4  0.89  175.8  27.3
260220260219  1.361  6.2  207.2  8.0  0.79  176.1  27.3
260220260220  1.362  6.3  207.2  8.0  0.83  178.1  27.3
260220260221  1.366  6.3  208.2  8.0  0.90  177.9  27.3
260220260222  1.368  6.2  208.8  7.6  0.89  176.6  27.3
260220260223  1.370  6.2  209.1  7.9  0.85  173.5  27.3
260220260224  1.374  6.2  209.1  7.9  0.81  175.7  27.3
260220260225  1.377  6.3  210.1  7.9  0.80  171.7  27.3
260220260226  1.378  6.2  209.2  7.9  0.81  173.7  27.3
260220260227  1.381  6.3  208.2  8.7  0.80  169.0  27.3
260220260228  1.384  6.4  208.1  8.7  0.75  174.7  27.3
260220260229  1.386  6.6  207.1  8.7  0.75  171.8  27.2
260220260230  1.389  6.6  207.2  8.7  0.77  174.6  27.2
260220260231  1.393  6.6  205.9  8.7  0.79  173.3  27.2
260220260232  1.394  6.6  204.0  8.7  0.71  172.6  27.2
260220260233  1.398  6.6  203.6  8.7  0.78  168.8  27.2
260220260234  1.401  6.6  204.5  8.7  0.89  176.4  27.2
260220260235  1.404  6.6  203.1  8.7  0.70  171.3  27.2
260220260236  1.407  6.6  203.7  8.7  0.83  172.9  27.2
260220260237  1.410  6.5  203.7  8.5  0.73  172.8  27.2
260220260238  1.413  6.4  204.4  8.5  0.68  173.8  27.2
260220260239  1.416  6.1  204.8  8.2  0.77  174.0  27.2
260220260240  1.418  6.2  204.5  8.2  0.71  176.3  27.2
260220260241  1.420  6.2  204.8  8.8  0.73  178.7  27.2
260220260242  1.423  6.3  205.6  8.8  0.77  177.0  27.2
260220260243  1.426  6.3  206.1  8.8  0.70  175.6  27.2
260220260244  1.429  6.4  205.4  9.1  0.68  180.3  27.2
260220260245  1.430  6.4  205.3  9.1  0.66  177.1  27.2
260220260246  1.431  6.5  205.6  9.1  0.63  176.5  27.2
260220260247  1.433  6.6  205.4  9.1  0.71  180.1  27.1
260220260248  1.434  6.7  204.6  9.1  0.77  179.3  27.1
260220260249  1.437  7.0  204.4  10.3  0.71  182.4  27.1
260220260250  1.439  7.1  204.4  10.3  0.74  184.2  27.1
260220260251  1.441  6.9  205.4  10.3  0.84  181.4  27.1
260220260252  1.442  6.8  206.4  10.3  0.84  184.5  27.1
260220260253  1.444  6.8  205.9  10.3  0.73  185.2  27.1
260220260254  1.445  6.6  204.3  10.3  0.70  189.4  27.1
260220260255  1.445  6.5  204.7  10.3  0.74  184.0  27.1
260220260256  1.446  6.3  205.2  10.3  0.55  180.7  27.1
260220260257  1.447  6.1  205.9  10.3  0.67  181.1  27.1
260220260258  1.449  6.0  206.7  10.3  0.67  181.8  27.1
260220260259  1.450  5.8  206.9  7.8  0.59  180.5  27.1
260220260300  1.449  5.7  206.8  7.8  0.59  180.8  27.1
260220260301  1.450  5.7  205.4  7.8  0.77  179.3  27.1
260220260302  1.451  5.8  205.1  7.8  0.71  182.6  27.1
260220260303  1.451  5.8  204.1  7.8  0.79  182.9  27.1
260220260304  1.453  5.8  206.2  7.8  0.72  182.2  27.1
260220260305  1.454  5.8  205.6  7.8  0.55  182.4  27.1
260220260306  1.455  5.9  205.8  7.8  0.70  181.4  27.1
260220260307  1.455  5.9  205.9  7.8  0.59  177.1  27.1
260220260308  1.457  6.1  205.4  7.8  0.67  181.0  27.1
260220260309  1.457  6.1  206.8  7.7  0.67  182.6  27.1
260220260310  1.459  6.0  207.4  7.7  0.68  182.8  27.1
260220260311  1.461  6.2  208.9  9.3  0.64  180.1  27.1
260220260312  1.462  6.3  208.9  9.3  0.72  188.4  27.1
260220260313  1.463  6.4  210.1  9.3  0.61  177.6  27.1
260220260314  1.465  6.4  210.0  10.0  0.72  185.8  27.1
260220260315  1.466  6.5  209.2  10.0  0.69  180.0  27.1
260220260316  1.469  6.7  207.7  10.0  0.65  180.3  27.1
260220260317  1.471  7.0  207.3  10.0  0.67  184.2  27.1
260220260318  1.471  7.1  206.9  10.0  0.75  187.2  27.0
260220260319  1.471  7.3  206.3  10.1  0.71  179.1  27.0
260220260320  1.471  7.4  206.4  10.1  0.63  184.3  27.0
260220260321  1.472  7.4  205.7  10.1  0.68  180.5  27.0
260220260322  1.474  7.5  205.3  10.1  0.68  186.4  27.0
260220260323  1.474  7.7  204.4  10.1  0.61  181.7  27.0
260220260324  1.474  7.7  203.0  10.1  0.69  187.4  27.1
260220260325  1.475  7.7  204.3  10.1  0.60  185.9  27.1
260220260326  1.475  7.8  205.2  10.1  0.64  187.4  27.1
260220260327  1.476  7.7  205.0  10.1  0.58  178.8  27.1
260220260328  1.476  7.5  204.3  10.1  0.62  179.5  27.0
260220260329  1.476  7.4  204.1  9.7  0.58  177.5  27.0
260220260330  1.475  7.4  203.4  9.7  0.56  179.9  27.0
260220260331  1.477  7.4  203.5  9.7  0.64  179.6  27.0
260220260332  1.476  7.5  203.5  11.4  0.67  178.5  27.0
260220260333  1.477  7.5  203.7  11.4  0.51  174.0  27.0
260220260334  1.479  7.5  204.7  11.4  0.53  176.6  27.0
260220260335  1.479  7.5  203.5  11.4  0.50  179.7  27.0
260220260336  1.478  7.5  202.6  11.4  0.55  170.3  27.0
260220260337  1.478  7.6  202.5  11.4  0.63  181.1  27.0
260220260338  1.478  7.8  202.6  11.4  0.60  178.6  27.0
260220260339  1.479  7.8  202.1  11.4  0.55  175.8  27.0
260220260340  1.479  7.7  202.7  11.4  0.44  172.9  27.0
260220260341  1.479  7.6  203.0  11.4  0.64  177.7  27.0
260220260342  1.478  7.3  203.4  10.9  0.60  178.6  27.0
260220260343  1.478  7.1  204.9  10.9  0.63  178.6  27.0
260220260344  1.477  7.0  206.2  10.9  0.57  181.5  27.0
260220260345  1.477  7.1  208.2  10.9  0.52  173.7  27.0
260220260346  1.477  7.1  209.7  10.9  0.62  178.1  27.0
260220260347  1.476  6.9  211.0  9.2  0.55  173.0  27.0
260220260348  1.475  6.9  212.1  9.9  0.55  173.9  27.0
260220260349  1.474  7.0  213.7  9.9  0.44  170.9  26.9
260220260350  1.473  7.1  213.4  9.9  0.46  173.0  26.9
260220260351  1.471  7.3  213.8  10.0  0.51  170.1  26.9
260220260352  1.472  7.3  214.0  10.0  0.46  167.7  26.9
260220260353  1.472  7.4  213.4  10.0  0.46  169.6  26.9
260220260354  1.472  7.3  212.8  10.0  0.48  171.5  26.9
260220260355  1.470  7.1  212.7  10.0  0.57  169.9  26.9
260220260356  1.471  7.0  214.0  10.0  0.41  173.0  26.9
260220260357  1.471  7.0  214.4  10.0  0.38  161.6  26.9
260220260358  1.472  6.9  215.7  10.0  0.36  165.8  26.9
260220260359  1.475  6.9  217.0  10.7  0.35  177.8  26.9
260220260400  1.475  6.9  219.7  10.7  0.30  169.2  26.9
260220260401  1.476  6.8  221.1  10.7  0.35  165.1  26.9
260220260402  1.476  6.9  223.3  10.7  0.34  153.5  26.9
260220260403  1.476  7.0  224.7  10.7  0.36  170.1  26.8
260220260404  1.477  7.2  225.3  10.7  0.27  166.4  26.8
260220260405  1.479  7.3  225.6  10.7  0.32  180.4  26.8
260220260406  1.479  7.2  225.0  10.7  0.33  173.7  26.8
260220260407  1.478  7.2  224.9  10.7  0.41  176.1  26.8
260220260408  1.480  7.2  223.9  10.7  0.38  172.2  26.8
260220260409  1.480  7.0  222.4  9.3  0.36  166.6  26.8
260220260410  1.480  6.8  220.5  9.3  0.43  169.3  26.8
260220260411  1.480  6.7  219.1  9.3  0.46  173.0  26.8
260220260412  1.480  6.7  217.0  9.3  0.38  167.2  26.8
260220260413  1.479  6.4  215.3  9.3  0.31  171.0  26.8
260220260414  1.479  6.3  214.2  8.9  0.39  158.4  26.8
260220260415  1.479  6.2  212.9  8.9  0.30  166.8  26.8
260220260416  1.479  6.2  211.5  8.9  0.34  170.7  26.8
260220260417  1.480  6.3  209.6  9.3  0.43  171.5  26.8
260220260418  1.480  6.4  208.1  9.3  0.34  164.6  26.8
260220260419  1.480  6.5  206.9  9.9  0.39  163.1  26.8
260220260420  1.479  6.9  205.9  10.5  0.32  165.1  26.8
260220260421  1.479  7.1  204.2  10.5  0.38  159.9  26.8
260220260422  1.480  7.3  203.3  10.5  0.36  164.0  26.8
260220260423  1.481  7.6  202.5  10.5  0.44  160.7  26.8
260220260424  1.482  7.8  201.2  10.5  0.30  168.4  26.8
260220260425  1.482  7.9  200.8  10.5  0.27  160.5  26.8
260220260426  1.482  8.0  200.0  10.5  0.45  165.1  26.8
260220260427  1.482  8.0  200.1  10.5  0.27  162.5  26.8
260220260428  1.482  7.9  200.1  10.5  0.10  162.4  26.8
260220260429  1.481  8.0  200.0  10.5  0.28  161.7  26.8
260220260430  1.480  7.8  200.5  10.2  0.35  169.4  26.8
260220260431  1.479  7.7  201.3  10.2  0.36  162.7  26.8
260220260432  1.476  7.7  201.1  10.2  0.26  155.8  26.8
260220260433  1.476  7.6  201.4  10.2  0.36  168.8  26.8
260220260434  1.475  7.8  202.3  10.5  0.45  167.1  26.8
260220260435  1.474  7.9  201.7  10.5  0.23  158.0  26.8
260220260436  1.472  7.9  201.4  10.5  0.26  176.7  26.8
260220260437  1.471  7.8  200.6  10.5  0.31  168.8  26.8
260220260438  1.468  7.9  199.7  10.5  0.43  173.5  26.8
260220260439  1.466  7.8  200.3  10.5  0.30  167.4  26.7
260220260440  1.465  8.0  199.7  10.5  0.44  176.3  26.8
260220260441  1.462  8.1  199.2  10.5  0.34  174.1  26.8
260220260442  1.461  8.3  199.3  11.2  0.45  175.6  26.8
260220260443  1.458  8.5  199.4  11.2  0.35  174.3  26.8
260220260444  1.457  8.3  198.6  11.2  0.25  160.6  26.8
260220260445  1.454  8.3  198.6  11.2  0.32  152.8  26.8
260220260446  1.452  8.6  199.0  11.6  0.21  140.4  26.8
260220260447  1.450  8.8  199.8  11.6  0.27  168.0  26.8
260220260448  1.448  8.8  200.4  11.6  0.31  162.9  26.8
260220260449  1.445  9.0  200.6  11.6  0.33  176.8  26.8
260220260450  1.443  9.0  200.1  11.6  0.20  153.7  26.8
260220260451  1.441  9.2  199.2  11.6  0.20  148.1  26.8
260220260452  1.439  9.1  199.3  11.6  0.35  172.1  26.8
260220260453  1.436  9.1  199.3  11.6  0.24  152.7  26.8
260220260454  1.432  9.3  198.7  12.2  0.29  168.3  26.8
260220260455  1.428  9.2  198.3  12.2  0.17  157.4  26.8
260220260456  1.424  9.0  197.9  12.2  0.24  163.9  26.8
260220260457  1.422  9.0  198.2  12.2  0.30  169.8  26.8
260220260458  1.420  8.9  198.1  12.2  0.14  135.0  26.8
260220260459  1.416  8.5  196.6  12.2  0.21  162.5  26.8
260220260500  1.413  8.5  197.5  12.2  0.18  151.2  26.8
260220260501  1.409  8.5  198.1  12.2  0.20  152.4  26.8
260220260502  1.404  8.5  197.5  12.2  0.25  164.6  26.8
260220260503  1.402  8.3  196.2  12.2  0.08  74.7  26.8
260220260504  1.399  8.2  197.1  11.3  0.18  151.6  26.8
260220260505  1.396  8.4  197.4  11.3  0.15  128.6  26.8
260220260506  1.394  8.2  197.4  11.3  0.09  140.5  26.8
260220260507  1.391  8.1  196.2  11.3  0.10  126.6  26.8
260220260508  1.387  8.2  196.1  11.3  0.17  138.6  26.8
260220260509  1.383  8.5  197.4  11.3  0.09  127.1  26.8
260220260510  1.380  8.4  197.1  10.8  0.09  101.2  26.8
260220260511  1.378  8.4  197.1  10.8  0.19  170.1  26.8
260220260512  1.376  8.4  197.4  10.8  0.17  200.8  26.8
260220260513  1.374  8.5  198.3  11.3  0.21  156.8  26.8
260220260514  1.370  8.7  198.3  11.3  0.09  94.9  26.8
260220260515  1.368  8.6  198.8  11.3  0.10  108.1  26.8
260220260516  1.365  8.9  199.4  11.3  0.06  98.0  26.8
260220260517  1.364  9.0  200.6  11.3  0.11  46.3  26.8
260220260518  1.361  9.0  200.8  11.3  0.04  10.0  26.8
260220260519  1.357  9.1  200.6  11.3  0.10  151.8  26.8
260220260520  1.354  9.4  201.4  12.3  0.08  122.8  26.8
260220260521  1.350  9.5  201.7  12.3  0.11  16.2  26.8
260220260522  1.347  9.5  202.3  12.3  0.12  24.0  26.8
260220260523  1.343  9.6  202.9  12.3  0.08  10.0  26.8
260220260524  1.340  9.7  203.3  12.3  nan  nan  nan
260220260525  1.338  9.8  204.2  12.3  0.15  14.5  26.8
260220260526  1.335  9.9  203.8  12.3  0.10  29.8  26.8
260220260527  1.333  10.0  203.0  12.3  0.06  10.0  26.8
260220260528  1.329  10.1  203.3  12.3  0.13  347.7  26.8
260220260529  1.327  10.0  202.8  12.3  0.03  340.3  26.8
260220260530  1.325  9.9  202.0  13.3  0.06  349.9  26.8
260220260531  1.322  9.9  201.6  13.3  0.15  344.4  26.8
260220260532  1.319  9.8  200.9  13.3  0.08  28.0  26.8
260220260533  1.317  9.6  200.0  13.3  0.17  13.9  26.8
260220260534  1.315  9.5  199.5  13.3  0.14  26.2  26.8
260220260535  1.313  9.5  198.5  13.3  nan  nan  nan
260220260536  1.310  9.4  198.2  13.3  0.08  320.0  26.8
260220260537  1.307  9.3  198.6  13.3  0.04  200.8  26.8
260220260538  1.303  9.3  198.6  13.3  0.06  264.1  26.7
260220260539  1.301  9.4  199.6  13.3  0.10  221.3  26.7
260220260540  1.298  9.2  199.4  11.5  0.14  336.7  26.7
260220260541  1.296  9.0  200.0  11.5  0.09  327.6  26.7
260220260542  1.293  8.9  200.5  11.5  0.12  339.0  26.8
260220260543  1.291  8.8  200.3  11.5  0.10  278.9  26.8
260220260544  1.289  8.7  200.2  11.5  0.14  315.4  26.8
260220260545  1.287  8.5  200.2  11.5  0.12  304.5  26.8
260220260546  1.285  8.3  200.1  11.5  0.12  324.3  26.8
260220260547  1.282  8.0  199.3  11.5  0.16  338.7  26.8
260220260548  1.281  7.7  198.8  10.8  0.12  338.4  26.8
260220260549  1.280  7.4  197.8  10.0  0.21  346.0  26.8
260220260550  1.278  7.3  197.9  10.0  0.12  345.6  26.8
260220260551  1.277  7.3  198.1  10.0  0.14  352.8  26.8
260220260552  1.275  7.3  198.2  10.0  0.15  332.4  26.8
260220260553  1.274  7.4  199.4  13.1  0.13  10.9  26.8
260220260554  1.273  7.4  199.8  13.1  0.05  19.5  26.8
260220260555  1.272  7.4  200.4  13.1  0.14  6.8  26.8
260220260556  1.272  7.4  201.8  13.1  0.09  335.2  26.8
260220260557  1.271  7.7  202.7  13.1  0.17  353.4  26.8
260220260558  1.269  7.8  203.6  13.1  0.15  337.1  26.8
260220260559  1.266  7.8  204.3  13.1  0.15  346.0  26.8
260220260600  1.263  7.9  203.4  13.1  0.16  350.3  26.8
260220260601  1.262  7.8  202.6  13.1  0.29  4.7  26.8
260220260602  1.261  7.8  201.1  13.1  0.02  291.3  26.8
260220260603  1.259  7.5  200.4  12.5  0.17  2.1  26.8
260220260604  1.256  7.2  199.6  12.5  0.11  314.2  26.8
260220260605  1.254  7.1  197.9  12.5  0.12  337.3  26.8
260220260606  1.250  7.2  196.7  12.5  0.13  358.4  26.8
260220260607  1.246  7.1  194.7  12.5  0.17  336.0  26.8
260220260608  1.243  6.9  191.4  12.5  0.13  351.8  26.9
260220260609  1.239  6.7  190.2  12.5  0.26  357.3  26.9
260220260610  1.235  6.6  190.2  10.9  0.25  351.6  26.9
260220260611  1.230  6.6  190.7  10.9  0.33  0.6  26.9
260220260612  1.225  6.4  191.1  10.1  0.38  352.4  26.9
260220260613  1.220  6.4  191.3  10.1  0.23  0.7  26.9
260220260614  1.217  6.4  191.9  10.1  0.31  350.9  26.9
260220260615  1.213  6.4  192.3  10.1  0.29  355.7  26.9
260220260616  1.210  6.1  192.3  10.1  0.36  9.1  26.9
260220260617  1.206  6.2  195.8  10.0  0.35  2.6  26.9
260220260618  1.202  6.5  199.0  10.0  0.32  10.0  26.9
260220260619  1.198  6.7  199.3  10.0  0.30  8.5  26.9
260220260620  1.195  6.7  200.5  10.0  0.25  357.7  26.9
260220260621  1.192  6.9  200.2  10.0  0.37  6.1  26.9
260220260622  1.189  7.0  200.0  10.0  0.40  11.4  26.9
260220260623  1.186  7.2  199.0  10.4  0.36  9.1  26.9
260220260624  1.182  7.3  198.1  10.4  0.35  14.8  26.9
260220260625  1.178  7.3  198.8  10.4  0.44  11.5  26.8
260220260626  1.174  7.4  198.7  10.4  0.48  8.6  26.8
260220260627  1.169  7.2  196.4  10.4  0.39  7.1  26.9
260220260628  1.166  7.1  195.8  10.4  0.51  9.8  26.9
260220260629  1.161  7.3  195.6  12.6  0.54  7.1  26.9
260220260630  1.155  7.3  194.7  12.6  0.52  7.4  26.9
260220260631  1.151  7.1  194.9  12.6  0.53  359.6  26.9
260220260632  1.146  7.3  194.7  12.6  0.52  9.2  26.9
260220260633  1.140  7.3  194.9  12.6  0.59  7.3  26.9
260220260634  1.136  7.4  194.2  12.6  0.55  1.8  26.9
260220260635  1.131  7.4  193.5  12.6  0.57  9.2  26.9
260220260636  1.126  7.6  193.6  12.6  0.63  3.2  26.9
260220260637  1.120  7.6  194.4  12.6  0.57  3.1  26.9
260220260638  1.116  7.6  192.7  12.6  0.66  7.6  26.9
260220260639  1.111  7.6  192.5  10.8  0.73  7.7  26.9
260220260640  1.107  7.7  192.8  11.5  0.64  6.7  26.9
260220260641  1.103  7.9  192.5  11.5  0.54  1.1  26.9
260220260642  1.098  7.9  193.8  11.5  0.60  7.0  26.9
260220260643  1.092  8.0  194.9  11.5  0.57  3.9  26.9
260220260644  1.087  8.0  196.7  11.5  0.62  357.6  26.9
260220260645  1.082  8.4  198.2  12.6  0.60  0.7  26.9
260220260646  1.077  8.5  198.8  12.6  0.59  359.5  26.9
260220260647  1.074  8.8  198.9  12.6  0.59  359.8  26.9
260220260648  1.068  9.0  200.5  12.6  0.76  2.9  26.9
260220260649  1.063  9.2  200.4  12.6  0.65  0.0  26.9
260220260650  1.059  9.2  200.8  12.6  0.62  3.0  26.9
260220260651  1.055  9.3  201.0  12.6  0.58  2.9  26.9
260220260652  1.051  9.2  200.2  12.6  0.56  1.1  26.9
260220260653  1.048  9.3  199.6  12.6  0.61  6.5  26.9
260220260654  1.044  9.5  200.2  13.3  0.58  359.8  26.9
260220260655  1.041  9.3  198.8  13.3  0.61  1.7  26.9
260220260656  1.036  9.3  197.3  14.8  0.63  7.5  26.9
260220260657  1.033  8.8  194.7  14.8  0.68  3.4  26.9
260220260658  1.028  8.7  193.7  14.8  0.65  0.6  26.9
260220260659  1.026  8.4  192.7  14.8  0.83  3.0  26.9
260220260700  1.023  8.3  192.7  14.8  0.55  5.2  26.9
260220260701  1.019  8.3  190.1  14.8  0.57  9.4  26.9
260220260702  1.016  8.3  189.2  14.8  0.62  0.8  26.9
260220260703  1.014  8.0  189.4  14.8  0.60  4.6  26.9
260220260704  1.011  7.5  187.3  14.8  0.62  8.4  26.9
260220260705  1.007  7.2  187.6  14.8  0.67  9.0  26.9
260220260706  1.005  6.9  188.3  11.6  0.57  3.7  26.9
260220260707  1.001  7.2  190.0  11.6  0.73  5.7  26.9
260220260708  0.998  7.2  188.9  11.8  0.73  7.9  26.9
260220260709  0.996  7.3  189.7  11.8  0.68  12.5  26.9
260220260710  0.993  7.2  189.3  11.8  0.47  4.8  27.0
260220260711  0.989  7.2  192.2  11.8  0.61  10.0  27.0
260220260712  0.987  7.2  194.1  11.8  0.48  12.3  27.0
260220260713  0.985  7.4  193.6  11.8  0.64  11.1  27.0
260220260714  0.982  7.7  193.7  12.0  0.60  11.9  27.0
260220260715  0.979  7.8  194.1  12.0  0.53  14.0  27.0
260220260716  0.975  8.1  193.7  12.8  0.66  9.8  27.0
260220260717  0.972  8.3  192.8  12.8  0.59  18.1  27.0
260220260718  0.968  8.6  196.1  12.8  0.66  12.7  27.0
260220260719  0.966  8.8  197.4  12.9  0.67  9.3  27.0
260220260720  0.964  8.9  196.1  12.9  0.64  18.6  27.0
260220260721  0.961  8.8  194.7  12.9  0.56  20.0  27.0
260220260722  0.958  8.9  193.5  12.9  0.76  13.8  27.0
260220260723  0.955  8.7  192.4  12.9  0.68  16.7  27.0
260220260724  0.952  8.3  191.6  12.9  0.69  12.4  27.0
260220260725  0.950  8.4  190.6  12.9  0.57  19.8  27.0
260220260726  0.946  8.0  189.4  12.9  0.67  18.9  27.0
260220260727  0.943  7.6  190.7  12.9  0.73  18.3  27.0
260220260728  0.941  7.3  186.1  12.9  0.68  14.4  27.0
260220260729  0.938  6.7  182.3  11.3  0.68  18.1  27.0
260220260730  0.936  6.3  182.1  11.3  0.64  23.4  27.0
260220260731  0.935  6.4  182.0  11.8  0.59  15.4  27.0
260220260732  0.931  6.4  181.3  11.8  0.60  19.9  27.0
260220260733  0.928  6.2  182.4  11.8  0.59  15.8  27.0
260220260734  0.926  6.6  181.7  14.2  0.58  15.2  27.0
260220260735  0.924  6.3  180.0  14.2  0.65  19.3  27.0
260220260736  0.920  6.4  181.8  14.2  0.61  17.8  27.0
260220260737  0.919  6.7  181.6  14.2  0.58  16.0  27.0
260220260738  0.916  6.8  182.1  14.2  0.52  18.2  27.0
260220260739  0.912  7.2  181.3  14.5  0.60  16.9  27.0
260220260740  0.910  7.5  182.0  14.5  0.40  23.4  27.0
260220260741  0.908  7.2  181.7  14.5  0.55  19.8  27.0
260220260742  0.903  7.3  183.5  14.5  0.58  19.9  27.0
260220260743  0.900  7.8  184.3  14.5  0.56  15.8  27.0
260220260744  0.895  7.6  185.4  14.5  0.60  19.7  27.0
260220260745  0.891  7.9  187.0  14.5  0.61  15.1  27.0
260220260746  0.887  7.7  185.4  14.5  0.55  14.5  27.0
260220260747  0.886  7.5  186.0  14.5  0.67  10.3  27.0
260220260748  0.882  7.4  186.8  14.5  0.68  14.6  27.1
260220260749  0.879  7.3  188.9  12.2  0.83  10.0  27.1
260220260750  0.876  7.3  188.6  12.2  0.73  6.9  27.1
260220260751  0.870  7.2  188.1  12.2  0.77  5.4  27.1
260220260752  0.866  6.9  186.8  12.2  0.82  7.7  27.1
260220260753  0.861  6.6  184.6  11.5  0.73  11.5  27.1
260220260754  0.857  6.9  185.7  12.0  0.81  4.6  27.1
260220260755  0.853  6.5  182.9  12.0  0.82  6.7  27.1
260220260756  0.850  6.9  183.4  14.1  0.88  9.1  27.1
260220260757  0.845  7.0  180.4  14.1  0.82  8.5  27.1
260220260758  0.839  6.7  177.9  14.1  0.98  11.0  27.1
260220260759  0.836  6.6  176.2  14.1  0.81  8.4  27.1
260220260800  0.832  6.3  175.9  14.1  0.79  9.4  27.1
260220260801  0.827  6.5  176.4  14.1  0.84  8.4  27.1
260220260802  0.822  6.6  177.2  14.1  0.80  5.3  27.1
260220260803  0.819  6.6  178.4  14.1  0.83  11.6  27.1
260220260804  0.814  6.3  175.8  14.1  0.83  8.2  27.1
260220260805  0.809  6.1  175.7  14.1  0.88  11.3  27.1
260220260806  0.805  6.0  176.9  11.3  0.90  11.1  27.1
260220260807  0.801  5.9  178.0  11.3  0.88  14.9  27.1
260220260808  0.797  6.2  178.9  11.3  0.78  14.0  27.1
260220260809  0.794  6.0  177.8  11.3  0.85  16.7  27.1
260220260810  0.791  5.9  177.3  11.3  0.69  17.6  27.1
260220260811  0.786  5.7  178.3  11.3  0.74  18.6  27.1
260220260812  0.781  5.5  176.7  11.3  0.80  19.0  27.1
260220260813  0.777  5.2  174.8  11.3  0.74  18.7  27.1
260220260814  0.773  5.4  178.4  11.3  0.62  23.1  27.1
260220260815  0.768  5.5  180.6  11.3  0.63  22.3  27.1
260220260816  0.764  5.3  178.1  10.6  0.58  19.5  27.1
260220260817  0.761  5.2  180.8  9.3  0.68  18.6  27.1
260220260818  0.758  4.9  178.6  10.2  0.74  15.5  27.1
260220260819  0.755  5.0  180.5  10.2  0.58  19.2  27.1
260220260820  0.750  5.3  180.3  10.2  0.73  23.4  27.1
260220260821  0.746  5.5  179.4  10.2  0.69  15.8  27.1
260220260822  0.742  5.8  177.3  15.8  0.62  20.9  27.1
260220260823  0.739  6.2  176.4  15.8  0.67  22.1  27.1
260220260824  0.736  6.3  173.0  15.8  0.59  23.3  27.1
260220260825  0.731  6.2  172.2  15.8  0.65  17.7  27.1
260220260826  0.728  6.1  172.9  15.8  0.63  22.5  27.1
260220260827  0.723  6.0  171.5  15.8  0.67  15.5  27.1
260220260828  0.719  6.1  172.7  15.8  0.61  20.6  27.1
260220260829  0.714  6.0  172.6  15.8  0.59  21.0  27.1
260220260830  0.712  6.0  172.4  15.8  0.69  18.1  27.1
260220260831  0.709  5.8  172.0  15.8  0.68  19.0  27.2
260220260832  0.705  5.4  173.7  14.8  0.66  20.0  27.2
260220260833  0.701  5.0  172.0  11.5  0.59  21.5  27.2
260220260834  0.698  4.6  170.5  11.5  0.57  20.0  27.2
260220260835  0.696  4.6  172.3  11.5  0.53  24.6  27.2
260220260836  0.694  4.6  171.4  11.5  0.58  20.4  27.2
260220260837  0.689  4.5  171.7  11.5  0.53  21.4  27.2
260220260838  0.687  4.3  173.6  11.5  0.68  21.7  27.2
260220260839  0.685  4.5  174.5  11.5  0.72  18.8  27.2
260220260840  0.683  4.1  175.5  8.1  0.64  20.2  27.2
260220260841  0.680  4.2  177.8  8.9  0.55  22.1  27.2
260220260842  0.678  4.4  181.7  14.0  0.58  22.7  27.2
260220260843  0.676  4.7  184.5  14.0  0.68  22.9  27.2
260220260844  0.675  4.6  185.6  14.0  0.56  22.9  27.2
260220260845  0.672  4.6  183.6  14.0  0.60  17.3  27.2
260220260846  0.669  4.8  182.8  14.0  0.66  20.4  27.2
260220260847  0.667  4.9  177.9  14.0  0.55  24.3  27.2
260220260848  0.665  5.1  175.8  14.0  0.67  18.0  27.2
260220260849  0.663  4.9  172.2  14.0  0.58  28.3  27.2
260220260850  0.661  5.1  172.8  14.0  0.60  19.6  27.2
260220260851  0.658  5.1  170.8  14.0  0.60  23.2  27.2
260220260852  0.657  4.9  167.0  13.2  0.58  18.6  27.2
260220260853  0.655  4.5  166.8  12.9  0.60  21.7  27.2
260220260854  0.654  4.6  168.5  12.9  0.65  21.7  27.2
260220260855  0.652  4.8  167.7  12.9  0.55  20.4  27.2
260220260856  0.650  4.5  169.6  12.9  0.66  14.0  27.2
260220260857  0.647  4.4  173.8  10.1  0.58  15.5  27.2
260220260858  0.645  4.4  173.7  10.1  0.67  15.2  27.2
260220260859  0.643  4.5  177.4  10.1  0.74  17.4  27.2
260220260900  0.641  4.2  173.9  8.6  0.66  12.5  27.2
260220260901  0.638  4.2  171.1  8.6  0.65  10.0  27.2
260220260902  0.636  4.4  168.5  8.6  0.76  16.3  27.2
260220260903  0.632  4.3  167.8  8.6  0.75  7.5  27.3
260220260904  0.629  4.3  162.6  8.6  0.68  10.2  27.3
260220260905  0.627  4.3  159.7  9.0  0.75  11.3  27.3
260220260906  0.625  4.4  157.2  9.0  0.68  5.8  27.3
260220260907  0.623  4.3  154.7  9.0  0.72  7.5  27.3
260220260908  0.621  4.2  152.6  9.0  0.72  10.0  27.3
260220260909  0.618  4.2  151.2  9.0  0.65  9.0  27.3
260220260910  0.616  4.6  153.9  9.1  0.78  6.0  27.3
260220260911  0.614  4.5  155.7  9.1  0.64  7.9  27.3
260220260912  0.613  4.5  158.3  9.1  0.69  6.4  27.3
260220260913  0.610  5.0  156.7  10.4  0.58  11.3  27.3
260220260914  0.608  5.4  158.9  10.4  0.68  5.6  27.3
260220260915  0.605  5.6  159.8  12.3  0.59  12.7  27.3
260220260916  0.603  5.8  159.7  12.3  0.59  10.4  27.3
260220260917  0.600  6.2  157.9  12.3  0.58  12.3  27.3
260220260918  0.597  6.6  158.1  13.5  0.57  13.7  27.3
260220260919  0.594  7.1  158.2  13.5  0.72  8.3  27.3
260220260920  0.592  6.8  157.9  13.5  0.66  359.7  27.3
260220260921  0.590  6.6  157.2  13.5  0.65  7.3  27.3
260220260922  0.587  6.7  155.6  13.5  0.77  8.7  27.3
260220260923  0.583  7.0  154.0  13.5  0.69  9.0  27.3
260220260924  0.580  6.9  152.7  13.5  0.64  7.4  27.3
260220260925  0.576  6.7  152.0  13.5  0.63  9.1  27.3
260220260926  0.575  6.9  153.6  13.5  0.73  4.5  27.3
260220260927  0.572  6.8  156.3  13.5  0.68  6.1  27.3
260220260928  0.569  6.6  157.0  13.3  0.67  5.0  27.3
260220260929  0.566  6.6  156.2  13.3  0.70  7.3  27.3
260220260930  0.562  6.9  158.6  13.3  0.74  9.2  27.3
260220260931  0.560  7.2  158.3  13.3  0.68  6.1  27.3
260220260932  0.557  7.2  156.6  13.3  0.75  6.7  27.4
260220260933  0.554  6.3  158.5  12.7  0.67  10.3  27.4
260220260934  0.553  6.2  159.4  12.7  0.67  6.8  27.4
260220260935  0.551  6.2  160.0  12.7  0.83  8.1  27.4
260220260936  0.548  5.9  155.8  12.7  0.61  6.0  27.4
260220260937  0.545  5.6  155.4  12.7  0.66  8.7  27.4
260220260938  0.542  5.6  155.8  12.7  0.73  6.8  27.4
260220260939  0.540  5.5  153.7  12.1  0.72  9.4  27.4
260220260940  0.537  5.4  149.1  12.1  0.68  9.3  27.4
260220260941  0.535  5.7  146.4  13.2  0.55  3.7  27.4
260220260942  0.533  5.8  146.8  13.2  0.71  7.8  27.4
260220260943  0.530  6.3  148.1  13.2  0.67  8.7  27.4
260220260944  0.529  6.6  150.8  13.2  0.74  7.0  27.4
260220260945  0.527  6.5  152.5  13.2  0.75  9.1  27.4
260220260946  0.526  6.7  153.4  13.2  0.69  9.4  27.4
260220260947  0.524  7.0  152.4  13.2  0.64  9.1  27.4
260220260948  0.522  6.8  152.3  13.2  0.71  7.9  27.4
260220260949  0.521  6.4  153.0  13.2  0.61  7.5  27.4
260220260950  0.518  6.8  150.6  13.4  0.60  5.7  27.4
260220260951  0.517  6.5  151.2  13.4  0.63  4.2  27.4
260220260952  0.514  6.1  154.1  13.4  0.75  6.4  27.4
260220260953  0.513  5.8  153.9  13.4  0.68  11.6  27.4
260220260954  0.511  5.5  150.8  13.4  0.64  7.7  27.4
260220260955  0.509  5.6  148.1  13.4  0.69  4.9  27.4
260220260956  0.507  5.4  150.6  13.4  0.66  11.2  27.4
260220260957  0.505  5.2  150.8  13.4  0.82  6.7  27.4
260220260958  0.503  5.2  151.6  13.4  0.69  4.5  27.4
260220260959  0.499  5.4  151.6  13.4  0.70  8.7  27.4
260220261000  0.496  5.0  155.6  10.9  0.71  3.1  27.4
260220261001  0.494  5.0  158.6  10.9  0.67  11.2  27.4
260220261002  0.489  5.1  158.3  10.9  0.63  7.7  27.5
260220261003  0.488  5.2  160.7  10.9  0.66  7.6  27.5
260220261004  0.486  5.6  163.4  10.9  0.77  8.4  27.5
260220261005  0.484  5.6  163.5  10.9  0.71  10.2  27.5
260220261006  0.482  5.7  160.1  12.9  0.76  9.3  27.5
260220261007  0.482  5.9  160.0  12.9  0.69  11.8  27.5
260220261008  0.479  6.2  158.7  12.9  0.74  10.1  27.5
260220261009  0.476  6.5  158.4  12.9  0.59  7.7  27.5
260220261010  0.475  6.6  156.5  12.9  0.68  6.7  27.5
260220261011  0.472  6.5  155.3  12.9  0.59  4.9  27.5
260220261012  0.471  6.9  153.6  12.9  0.69  11.8  27.5
260220261013  0.470  7.0  151.5  12.9  0.73  8.3  27.5
260220261014  0.469  6.9  150.1  15.4  0.64  7.9  27.5
260220261015  0.466  7.3  149.1  15.4  0.77  5.9  27.5
260220261016  0.464  7.1  150.2  15.4  0.63  1.2  27.5
260220261017  0.463  7.0  150.5  15.4  0.77  7.6  27.5
260220261018  0.461  6.8  150.7  15.4  0.69  2.2  27.5
260220261019  0.460  6.5  151.2  15.4  0.72  2.2  27.5
260220261020  0.458  6.1  151.4  15.4  0.81  8.1  27.5
260220261021  0.456  6.3  151.3  15.4  0.80  5.5  27.5
260220261022  0.455  6.3  150.4  15.4  0.68  5.1  27.5
260220261023  0.454  6.3  149.8  15.4  0.74  7.1  27.5
260220261024  0.454  6.4  147.8  14.9  0.57  1.7  27.5
260220261025  0.452  6.4  149.1  14.9  0.50  5.5  27.5
260220261026  0.451  6.7  150.7  14.9  0.75  5.3  27.5
260220261027  0.451  7.1  151.6  16.7  0.78  8.3  27.5
260220261028  0.450  7.5  152.4  16.7  0.70  8.1  27.6
260220261029  0.450  7.6  153.1  16.7  0.57  4.7  27.6
260220261030  0.449  8.2  153.9  16.7  0.64  7.6  27.6
260220261031  0.448  8.3  153.4  16.7  0.68  7.1  27.6
260220261032  0.447  8.4  153.7  16.7  0.63  3.8  27.6
260220261033  0.446  8.6  154.7  16.7  0.66  1.8  27.6
260220261034  0.446  8.6  155.1  16.7  0.56  5.6  27.6
260220261035  0.443  8.4  154.4  16.7  0.64  3.7  27.6
260220261036  0.444  8.5  155.9  16.7  0.65  3.2  27.6
260220261037  0.444  8.1  155.0  15.0  0.59  5.1  27.6
260220261038  0.440  7.8  154.0  15.0  0.60  10.4  27.6
260220261039  0.441  8.0  153.9  15.0  0.61  6.3  27.6
260220261040  0.441  8.2  154.7  15.9  0.66  12.0  27.6
260220261041  0.442  8.0  153.2  15.9  0.55  3.7  27.6
260220261042  0.442  7.9  151.8  15.9  0.61  1.5  27.6
260220261043  0.444  7.8  153.2  15.9  0.46  358.7  27.6
260220261044  0.444  7.4  152.7  15.9  0.64  1.4  27.6
260220261045  0.444  7.0  153.5  15.9  0.52  359.7  27.6
260220261046  0.446  6.7  150.5  15.9  0.49  356.6  27.6
260220261047  0.447  6.6  151.9  15.9  0.51  5.1  27.6
260220261048  0.447  6.6  153.1  15.9  0.52  5.3  27.6
260220261049  0.449  6.5  150.1  15.9  0.68  4.6  27.6
260220261050  0.451  6.1  147.4  14.6  0.51  357.9  27.6
260220261051  0.450  5.9  149.9  12.6  0.57  2.2  27.7
260220261052  0.451  5.9  152.6  12.6  0.54  358.6  27.7
260220261053  0.452  6.0  147.8  12.6  0.57  359.2  27.6
260220261054  0.454  6.2  149.8  12.6  0.43  358.1  27.7
260220261055  0.456  6.4  150.4  12.6  0.49  357.3  27.7
260220261056  0.459  6.2  151.6  12.6  0.53  358.0  27.7
260220261057  0.460  6.3  150.3  12.6  0.53  359.2  27.7
260220261058  0.460  6.2  149.0  12.6  0.45  354.8  27.7
260220261059  0.461  6.1  150.8  10.9  0.49  357.4  27.7
260220261100  0.461  6.1  152.8  10.9  0.52  352.2  27.7
260220261101  0.462  6.2  154.8  14.0  0.40  355.8  27.7
260220261102  0.464  5.9  154.5  14.0  0.50  1.1  27.7
260220261103  0.466  6.0  158.3  14.0  0.37  356.7  27.7
260220261104  0.469  5.7  156.6  14.0  0.41  353.5  27.7
260220261105  0.470  5.9  154.9  14.0  0.44  351.6  27.7
260220261106  0.470  6.4  154.2  14.0  0.47  353.6  27.7
260220261107  0.470  6.7  155.4  15.3  0.37  352.6  27.7
260220261108  0.470  6.7  155.9  15.3  0.34  354.0  27.7
260220261109  0.470  6.7  156.4  15.3  0.45  358.5  27.7
260220261110  0.470  7.0  155.3  15.3  0.35  352.4  27.7
260220261111  0.471  6.9  153.1  15.3  0.59  357.8  27.7
260220261112  0.474  7.3  155.1  15.3  0.39  354.9  27.7
260220261113  0.474  7.2  154.0  15.3  0.37  351.8  27.7
260220261114  0.474  7.3  154.8  15.3  0.48  359.5  27.7
260220261115  0.471  7.2  156.8  15.3  0.43  358.8  27.7
260220261116  0.470  7.0  157.4  15.3  0.42  354.3  27.7
260220261117  0.470  6.9  154.6  13.1  0.43  353.0  27.7
260220261118  0.471  7.0  155.9  13.1  0.34  349.2  27.7
260220261119  0.471  7.2  155.3  13.1  0.53  3.1  27.7
260220261120  0.471  7.1  155.1  13.1  0.40  1.4  27.7
260220261121  0.470  6.9  156.7  12.9  0.35  354.5  27.7
260220261122  0.469  6.8  154.1  12.6  0.45  354.1  27.7
260220261123  0.470  6.9  151.7  12.6  0.47  3.4  27.7
260220261124  0.470  7.0  151.2  12.6  0.44  4.2  27.7
260220261125  0.470  7.3  148.4  12.6  0.54  0.3  27.7
260220261126  0.471  7.3  147.6  12.6  0.42  353.7  27.7
260220261127  0.473  7.2  148.1  12.5  0.32  1.3  27.7
260220261128  0.474  7.1  145.4  12.5  0.39  6.8  27.7
260220261129  0.472  6.9  144.4  12.5  0.49  8.4  27.7
260220261130  0.472  6.5  143.2  12.5  0.47  6.2  27.7
260220261131  0.472  6.7  141.8  12.5  0.39  359.5  27.7
260220261132  0.472  6.4  146.1  12.5  0.38  5.3  27.7
260220261133  0.472  6.1  148.7  12.5  0.45  6.6  27.7
260220261134  0.472  5.9  147.6  12.5  0.33  356.0  27.7
260220261135  0.471  5.6  149.4  12.5  0.33  1.2  27.7
260220261136  0.471  5.5  149.2  12.5  0.42  357.2  27.7
260220261137  0.470  5.1  151.5  10.2  0.35  2.7  27.7
260220261138  0.469  5.3  152.7  10.2  0.39  6.5  27.7
260220261139  0.469  5.5  154.1  11.7  0.37  358.1  27.7
260220261140  0.469  5.9  154.7  11.7  0.43  1.4  27.7
260220261141  0.469  6.1  154.6  11.7  0.31  0.5  27.7
260220261142  0.470  6.1  150.2  11.7  0.38  6.8  27.7
260220261143  0.470  6.1  149.0  11.7  0.39  357.8  27.7
260220261144  0.470  6.2  152.3  11.7  0.36  357.0  27.7
260220261145  0.469  6.2  153.3  11.7  0.42  0.1  27.7
260220261146  0.468  6.1  154.0  11.7  0.31  1.0  27.7
260220261147  0.468  6.1  154.0  11.7  0.32  359.8  27.7
260220261148  0.469  6.0  155.3  11.7  0.28  356.8  27.7
260220261149  0.470  5.7  158.1  11.1  0.27  352.7  27.7
260220261150  0.470  5.5  157.6  11.1  0.43  4.5  27.7
260220261151  0.470  5.3  159.0  11.1  0.36  359.9  27.7
260220261152  0.471  5.3  159.4  11.1  0.29  353.1  27.8
260220261153  0.472  5.5  162.0  11.8  0.31  4.9  27.8
260220261154  0.473  5.5  160.5  11.8  0.31  3.2  27.8
260220261155  0.476  5.7  158.7  11.8  0.41  5.1  27.8
260220261156  0.477  6.2  155.2  13.1  0.39  359.2  27.8
260220261157  0.480  6.3  154.1  13.1  0.27  355.8  27.8
260220261158  0.483  5.8  152.4  13.1  0.24  344.7  27.8
260220261159  0.485  6.0  150.2  13.1  0.34  355.7  27.8
260220261200  0.488  6.5  151.5  14.2  0.32  353.6  27.8
260220261201  0.492  6.7  151.5  14.2  0.32  352.9  27.9
260220261202  0.496  6.9  149.9  14.5  0.33  350.8  27.9
260220261203  0.499  7.0  147.4  14.5  0.30  353.0  27.9
260220261204  0.501  7.0  147.9  14.5  0.20  345.7  27.8
260220261205  0.503  6.6  149.9  14.5  0.10  330.8  27.8
260220261206  0.506  6.2  150.9  14.5  0.22  352.4  27.8
260220261207  0.508  6.1  149.9  14.5  0.18  335.8  27.8
260220261208  0.511  6.6  149.6  14.5  0.11  339.4  27.8
260220261209  0.513  6.8  149.8  14.5  0.11  2.1  27.8
260220261210  0.517  6.3  150.0  14.5  0.09  303.4  27.8
260220261211  0.520  5.6  151.3  14.5  0.12  325.0  27.8
260220261212  0.524  5.3  153.0  11.2  0.06  252.6  27.8
260220261213  0.528  4.8  153.3  11.2  0.14  332.0  27.8
260220261214  0.532  4.5  152.2  11.2  0.06  6.3  27.8
260220261215  0.535  4.6  149.9  11.2  0.06  193.5  27.8
260220261216  0.538  4.2  150.0  11.2  0.07  295.1  27.8
260220261217  0.539  3.9  157.4  11.2  0.10  243.8  27.8
260220261218  0.544  3.7  161.6  10.2  0.08  230.2  27.8
260220261219  0.545  3.2  165.2  9.1  0.05  261.6  27.8
260220261220  0.549  3.0  164.0  9.1  0.13  318.1  27.8
260220261221  0.551  3.4  159.1  12.2  0.03  246.3  27.8
260220261222  0.552  3.6  157.7  12.2  0.12  329.0  27.8
260220261223  0.556  4.0  153.8  12.2  0.09  231.5  27.8
260220261224  0.561  4.6  151.5  12.2  0.18  219.4  27.8
260220261225  0.561  4.8  151.3  12.2  0.10  264.4  27.8
260220261226  0.563  4.9  151.7  12.2  0.21  232.0  27.8
260220261227  0.567  5.2  146.7  12.2  0.33  217.3  27.8
260220261228  0.569  4.9  145.9  12.2  0.18  240.4  27.8
260220261229  0.571  5.1  144.3  12.2  0.19  215.5  27.8
260220261230  0.573  5.5  146.1  12.2  0.28  201.5  27.8
260220261231  0.575  5.7  147.4  12.8  0.10  251.9  27.8
260220261232  0.579  6.2  149.4  15.0  0.10  209.5  27.8
260220261233  0.582  6.4  152.4  15.0  0.15  210.6  27.7
260220261234  0.585  6.2  154.9  15.0  0.27  211.9  27.7
260220261235  0.588  6.5  154.9  15.0  0.29  207.3  27.7
260220261236  0.590  6.8  155.8  15.0  0.25  214.8  27.7
260220261237  0.593  7.2  154.6  15.0  0.32  200.9  27.7
260220261238  0.595  7.8  154.6  15.0  0.32  204.7  27.7
260220261239  0.598  8.2  154.2  15.0  0.29  194.9  27.7
260220261240  0.600  8.3  153.8  15.0  0.23  191.9  27.6
260220261241  0.602  8.1  152.9  15.0  0.36  197.5  27.6
260220261242  0.603  7.4  152.6  14.6  0.26  197.0  27.6
260220261243  0.605  7.0  152.2  14.6  0.19  187.7  27.6
260220261244  0.606  6.9  151.5  14.6  0.19  186.4  27.6
260220261245  0.608  6.6  152.7  14.6  0.20  186.1  27.6
260220261246  0.611  6.8  152.0  14.6  0.14  173.3  27.6
260220261247  0.612  6.7  151.9  14.6  0.26  190.4  27.6
260220261248  0.614  6.6  152.3  14.6  0.24  160.9  27.5
260220261249  0.616  6.4  151.7  14.6  0.18  172.5  27.5
260220261250  0.616  6.4  151.0  11.3  0.12  168.7  27.5
260220261251  0.619  6.5  150.8  11.2  0.17  178.6  27.5
260220261252  0.621  7.0  150.1  12.8  0.28  193.2  27.5
260220261253  0.623  7.0  149.6  12.8  0.21  169.7  27.5
260220261254  0.626  7.0  150.2  12.8  0.16  173.6  27.5
260220261255  0.628  7.0  149.4  12.8  0.21  169.6  27.5
260220261256  0.630  7.2  149.3  14.6  0.13  175.8  27.5
260220261257  0.634  7.2  152.0  14.6  0.20  183.2  27.5
260220261258  0.635  7.2  151.9  14.6  0.22  180.3  27.5
260220261259  0.636  7.4  152.4  14.6  0.21  196.9  27.5
260220261300  0.639  7.2  153.2  14.6  0.16  181.6  27.5
260220261301  0.640  7.3  154.9  14.6  0.21  189.5  27.5
260220261302  0.640  7.3  156.8  16.5  0.35  194.2  27.5
260220261303  0.641  7.6  157.4  16.5  0.20  197.7  27.5
260220261304  0.642  7.8  156.8  16.5  0.21  195.4  27.5
260220261305  0.644  8.2  155.2  16.5  0.16  176.3  27.5
260220261306  0.644  8.1  155.2  16.5  0.18  177.5  27.5
260220261307  0.646  8.0  155.2  16.5  0.17  167.6  27.5
260220261308  0.647  8.3  154.2  16.5  0.26  181.7  27.4
260220261309  0.649  8.4  155.2  16.5  0.33  176.2  27.4
260220261310  0.650  8.5  155.4  16.5  0.31  183.1  27.4
260220261311  0.651  8.2  154.6  16.5  0.17  166.4  27.4
260220261312  0.652  8.2  154.3  14.9  0.19  179.2  27.4
260220261313  0.656  7.9  154.2  14.9  0.32  178.0  27.4
260220261314  0.660  7.8  154.0  14.9  0.26  179.0  27.4
260220261315  0.659  7.3  156.3  14.9  0.29  177.8  27.4
260220261316  0.660  7.3  154.7  14.9  0.36  178.5  27.4
260220261317  0.660  7.4  154.1  14.9  0.24  166.8  27.4
260220261318  0.661  7.7  152.7  18.8  0.34  184.5  27.4
260220261319  0.664  7.4  155.3  18.8  0.37  178.5  27.4
260220261320  0.665  7.0  156.0  18.8  0.22  179.3  27.4
260220261321  0.667  7.2  156.8  18.8  0.30  181.0  27.4
260220261322  0.667  6.7  155.8  18.8  0.26  173.6  27.4
260220261323  0.667  6.9  157.2  18.8  0.37  183.4  27.4
260220261324  0.667  7.3  156.2  18.8  0.35  179.8  27.4
260220261325  0.668  7.7  154.8  18.8  0.27  181.2  27.4
260220261326  0.670  7.5  157.1  18.8  0.20  164.9  27.4
260220261327  0.671  7.5  157.6  18.8  0.25  175.6  27.4
260220261328  0.673  6.7  160.8  16.5  0.32  177.4  27.4
260220261329  0.675  6.4  159.0  16.5  0.35  176.9  27.4
260220261330  0.676  6.5  159.3  16.5  0.36  180.8  27.4
260220261331  0.678  6.5  163.2  16.5  0.27  171.2  27.4
260220261332  0.680  6.6  163.7  16.5  0.32  180.5  27.4
260220261333  0.683  6.7  167.6  16.5  0.37  174.0  27.4
260220261334  0.687  6.9  176.0  15.2  0.35  179.2  27.4
260220261335  0.689  7.0  181.3  15.2  0.31  176.8  27.4
260220261336  0.691  7.2  183.4  15.2  0.29  171.2  27.4
260220261337  0.692  7.1  185.1  15.2  0.48  179.3  27.4
260220261338  0.692  7.3  186.0  15.2  0.39  185.7  27.4
260220261339  0.694  7.4  187.4  15.2  0.27  178.4  27.4
260220261340  0.696  7.5  186.4  15.2  0.40  183.0  27.4
260220261341  0.698  7.1  181.6  15.2  0.46  176.4  27.4
260220261342  0.701  6.8  181.7  15.2  0.26  170.2  27.4
260220261343  0.703  6.7  177.4  15.2  0.45  182.2  27.4
260220261344  0.705  6.4  170.3  13.2  0.34  181.1  27.4
260220261345  0.708  6.1  166.7  12.8  0.38  177.7  27.4
260220261346  0.709  6.1  162.4  19.5  0.35  185.3  27.4
260220261347  0.711  6.7  159.3  19.5  0.30  191.1  27.4
260220261348  0.712  7.2  157.6  19.5  0.36  182.5  27.4
260220261349  0.714  7.4  153.4  19.5  0.35  184.3  27.4
260220261350  0.716  7.7  152.6  19.5  0.31  185.7  27.4
260220261351  0.717  7.7  154.9  19.5  0.24  183.6  27.4
260220261352  0.719  7.9  155.6  19.5  0.34  184.7  27.5
260220261353  0.720  7.7  155.6  19.5  0.35  192.2  27.5
260220261354  0.722  7.4  156.1  19.5  0.31  181.7  27.5
260220261355  0.723  7.7  155.3  19.5  0.29  189.2  27.5
260220261356  0.726  7.3  157.2  13.6  0.24  202.6  27.5
260220261357  0.728  6.9  158.0  13.3  0.32  189.0  27.5
260220261358  0.731  6.6  158.4  13.3  0.43  191.6  27.5
260220261359  0.734  6.4  159.3  13.3  0.38  188.8  27.5
260220261400  0.736  6.2  161.2  11.7  0.28  189.6  27.5
260220261401  0.738  6.3  165.2  11.7  0.37  193.7  27.5
260220261402  0.741  6.8  164.9  12.7  0.46  184.4  27.5
260220261403  0.743  6.9  163.7  12.7  0.43  191.0  27.5
260220261404  0.748  6.9  163.4  12.7  0.35  187.5  27.5
260220261405  0.750  6.5  163.9  12.7  0.27  186.7  27.5
260220261406  0.754  6.6  163.0  12.7  0.34  196.8  27.5
260220261407  0.758  6.5  165.6  12.7  0.39  186.5  27.5
260220261408  0.761  6.4  163.0  12.7  0.36  187.5  27.5
260220261409  0.764  6.7  163.6  12.7  0.36  183.4  27.5
260220261410  0.768  6.8  165.3  12.7  0.36  184.4  27.5
260220261411  0.770  6.5  164.7  12.7  0.43  188.4  27.5
260220261412  0.772  6.5  168.2  17.8  0.50  190.9  27.5
260220261413  0.776  7.2  172.5  17.8  0.46  190.0  27.5
260220261414  0.779  7.7  175.8  17.8  0.34  182.8  27.5
260220261415  0.782  7.9  176.7  17.8  0.31  187.1  27.5
260220261416  0.786  7.7  177.9  17.8  0.47  186.2  27.5
260220261417  0.789  7.8  175.6  17.8  0.61  187.6  27.5
260220261418  0.792  7.8  178.2  17.8  0.38  189.4  27.5
260220261419  0.796  7.7  175.7  17.8  0.51  185.2  27.5
260220261420  0.799  7.5  173.8  17.8  0.52  185.7  27.5
260220261421  0.802  7.8  170.5  17.8  0.60  184.6  27.5
260220261422  0.805  7.8  165.7  17.7  0.53  179.7  27.5
260220261423  0.807  7.3  163.3  13.4  0.66  182.7  27.5
260220261424  0.808  6.8  159.2  13.4  0.53  180.0  27.5
260220261425  0.810  6.9  156.9  13.4  0.42  184.2  27.5
260220261426  0.812  7.3  154.9  13.4  0.52  188.3  27.5
260220261427  0.816  7.0  154.5  13.4  0.54  182.4  27.5
260220261428  0.819  7.4  151.7  13.4  0.62  182.6  27.5
260220261429  0.821  7.0  154.6  13.4  0.68  183.4  27.5
260220261430  0.824  7.1  153.4  13.4  0.64  187.9  27.4
260220261431  0.825  6.9  154.1  13.4  0.69  181.4  27.4
260220261432  0.826  6.6  154.9  13.2  0.71  179.1  27.4
260220261433  0.828  6.5  153.1  13.2  0.68  181.7  27.4
260220261434  0.827  6.4  152.7  13.2  0.70  178.6  27.4
260220261435  0.828  6.0  152.0  13.2  0.85  177.0  27.4
260220261436  0.830  5.9  152.0  15.2  0.71  176.3  27.4
260220261437  0.831  6.3  153.5  15.2  0.75  178.1  27.4
260220261438  0.833  6.4  154.0  15.2  0.80  179.3  27.4
260220261439  0.835  6.5  151.4  15.2  0.71  177.5  27.4
260220261440  0.836  6.3  154.2  15.2  0.75  180.3  27.4
260220261441  0.838  6.0  155.1  15.2  0.71  180.2  27.4
260220261442  0.838  5.6  157.4  15.2  0.71  177.6  27.4
260220261443  0.841  5.5  161.7  15.2  0.68  176.9  27.4
260220261444  0.842  5.5  163.0  15.2  0.58  171.0  27.4
260220261445  0.843  5.6  166.9  15.2  0.59  173.3  27.4
260220261446  0.843  5.5  172.1  12.7  0.71  178.2  27.4
260220261447  0.846  5.1  172.8  12.6  0.67  183.2  27.4
260220261448  0.846  4.8  177.0  12.6  0.59  180.7  27.4
260220261449  0.847  5.3  182.2  12.6  0.51  173.5  27.4
260220261450  0.848  5.4  181.6  12.6  0.66  174.2  27.4
260220261451  0.847  5.7  182.1  12.6  0.65  171.0  27.4
260220261452  0.849  6.1  182.1  12.6  0.58  167.4  27.4
260220261453  0.849  6.0  181.5  12.6  0.66  170.0  27.4
260220261454  0.850  6.4  182.7  12.6  0.57  164.1  27.4
260220261455  0.852  6.8  183.0  12.6  0.61  173.8  27.4
260220261456  0.851  6.8  182.3  12.3  0.67  168.8  27.4
260220261457  0.852  7.1  184.6  12.3  0.64  171.3  27.4
260220261458  0.853  7.2  183.8  12.3  0.46  167.1  27.4
260220261459  0.855  7.1  181.7  14.6  0.56  166.9  27.5
260220261500  0.854  7.2  182.1  14.6  0.49  167.0  27.5
260220261501  0.856  7.1  181.7  14.6  0.46  165.3  27.5
260220261502  0.858  7.0  181.3  14.6  0.52  166.7  27.5
260220261503  0.860  7.2  180.2  14.6  0.55  174.3  27.5
260220261504  0.861  7.5  178.9  14.6  0.61  171.9  27.5
260220261505  0.863  7.6  179.3  14.6  0.69  174.7  27.5
260220261506  0.864  8.0  179.0  15.8  0.45  170.5  27.5
260220261507  0.864  8.0  179.1  15.8  0.45  160.3  27.5
260220261508  0.867  8.3  181.0  15.8  0.53  166.0  27.5
260220261509  0.869  8.1  183.4  17.2  0.45  168.2  27.5
260220261510  0.871  8.3  183.3  17.2  0.51  162.4  27.5
260220261511  0.873  8.2  183.1  17.2  0.58  162.4  27.5
260220261512  0.875  8.3  183.6  17.2  0.57  164.6  27.5
260220261513  0.876  8.2  184.5  17.2  0.46  163.9  27.5
260220261514  0.878  7.9  186.1  17.2  0.57  165.0  27.5
260220261515  0.880  7.8  184.8  17.2  0.51  166.3  27.4
260220261516  0.883  7.8  184.4  17.2  0.52  171.9  27.4
260220261517  0.887  7.6  182.4  17.2  0.46  163.7  27.4
260220261518  0.889  7.2  180.9  17.2  0.45  160.8  27.4
260220261519  0.891  6.9  178.4  13.9  0.53  165.0  27.4
260220261520  0.894  6.5  176.8  12.0  0.52  165.0  27.4
260220261521  0.896  6.3  176.1  12.0  0.39  164.1  27.4
260220261522  0.899  6.0  175.9  12.0  0.50  166.9  27.4
260220261523  0.900  6.0  171.8  12.0  0.39  165.0  27.4
260220261524  0.900  6.0  166.4  11.7  0.45  162.9  27.4
260220261525  0.903  5.8  162.7  11.7  0.39  160.7  27.4
260220261526  0.905  5.7  156.9  13.4  0.59  170.2  27.4
260220261527  0.907  5.8  157.9  13.4  0.48  171.8  27.4
260220261528  0.906  5.8  157.8  13.4  0.62  165.0  27.4
260220261529  0.908  6.2  156.9  17.9  0.49  162.3  27.4
260220261530  0.910  6.5  156.5  17.9  0.49  166.5  27.4
260220261531  0.911  6.6  154.4  17.9  0.51  158.6  27.4
260220261532  0.913  6.6  150.6  17.9  0.41  162.8  27.4
260220261533  0.914  6.5  151.6  17.9  0.53  156.6  27.4
260220261534  0.913  6.3  150.3  17.9  0.46  174.7  27.4
260220261535  0.916  6.2  151.1  17.9  0.49  166.7  27.4
260220261536  0.917  6.1  151.5  17.9  0.59  174.4  27.4
260220261537  0.918  6.0  149.7  17.9  0.39  164.3  27.4
260220261538  0.920  6.2  147.1  17.9  0.52  172.3  27.4
260220261539  0.921  5.9  146.9  10.4  0.48  160.4  27.4
260220261540  0.920  6.0  146.3  13.8  0.55  172.8  27.4
260220261541  0.922  6.3  146.4  13.8  0.64  170.7  27.4
260220261542  0.924  6.4  146.8  13.8  0.59  169.0  27.4
260220261543  0.925  6.6  145.7  14.0  0.51  171.5  27.4
260220261544  0.925  6.6  145.3  14.0  0.53  167.1  27.4
260220261545  0.927  6.7  146.2  14.0  0.67  170.8  27.4
260220261546  0.929  6.6  147.4  14.0  0.39  167.5  27.4
260220261547  0.931  6.9  149.0  14.0  0.40  166.8  27.4
260220261548  0.932  6.8  149.9  14.0  0.56  166.9  27.4
260220261549  0.932  6.8  149.8  14.0  0.42  173.5  27.4
260220261550  0.934  6.8  150.7  14.0  0.42  166.6  27.4
260220261551  0.936  6.5  151.9  14.0  0.51  175.5  27.4
260220261552  0.936  6.9  153.1  14.0  0.52  173.2  27.4
260220261553  0.937  6.7  153.8  12.7  0.43  169.5  27.4
260220261554  0.939  6.8  155.6  12.7  0.55  170.7  27.4
260220261555  0.939  7.0  154.7  12.7  0.43  165.4  27.4
260220261556  0.941  7.1  152.8  12.7  0.46  166.8  27.4
260220261557  0.943  7.2  149.5  14.7  0.54  172.0  27.4
260220261558  0.943  7.4  150.0  14.7  0.58  172.1  27.4
260220261559  0.944  7.5  150.5  14.7  0.54  168.4  27.4
260220261600  0.945  7.8  149.3  14.7  0.58  172.8  27.4
260220261601  0.946  8.4  148.2  14.7  0.58  172.8  27.4
260220261602  0.946  8.2  147.9  14.7  0.61  171.1  27.4
260220261603  0.946  8.2  148.7  14.7  0.50  167.5  27.4
260220261604  0.948  8.1  148.4  14.7  0.67  171.1  27.4
260220261605  0.947  8.2  148.7  16.3  0.56  169.2  27.4
260220261606  0.949  8.2  149.5  16.3  0.58  173.1  27.4
260220261607  0.950  8.1  151.7  16.3  0.53  170.0  27.4
260220261608  0.951  8.2  151.4  16.3  0.54  171.2  27.4
260220261609  0.952  8.4  150.9  16.3  0.46  174.6  27.4
260220261610  0.953  8.0  151.2  16.3  0.42  170.5  27.4
260220261611  0.954  7.6  152.5  16.3  0.48  176.6  27.4
260220261612  0.955  7.5  151.9  16.3  0.46  173.6  27.4
260220261613  0.955  7.8  151.1  16.3  0.37  177.4  27.4
260220261614  0.954  8.1  150.7  16.3  0.52  178.3  27.4
260220261615  0.956  7.8  150.9  15.1  0.40  178.3  27.4
260220261616  0.958  7.6  152.1  15.1  0.51  178.3  27.4
260220261617  0.958  7.4  151.3  13.3  0.44  168.6  27.3
260220261618  0.958  6.9  152.1  13.3  0.45  170.2  27.3
260220261619  0.959  6.7  154.0  13.3  0.43  171.2  27.3
260220261620  0.960  6.4  154.6  13.3  0.45  168.5  27.3
260220261621  0.960  6.2  154.9  13.3  0.40  169.1  27.3
260220261622  0.960  6.0  156.7  13.3  0.37  173.3  27.3
260220261623  0.960  5.8  158.3  14.2  0.37  174.1  27.4
260220261624  0.959  5.4  158.5  14.2  0.39  174.9  27.4
260220261625  0.959  5.2  158.1  14.2  0.32  163.3  27.4
260220261626  0.957  5.1  157.6  14.2  0.22  156.2  27.3
260220261627  0.959  5.1  159.6  14.2  0.34  162.4  27.3
260220261628  0.959  5.4  156.3  14.2  0.39  173.3  27.3
260220261629  0.959  5.5  154.3  14.2  0.49  173.6  27.3
260220261630  0.959  5.5  155.4  14.2  0.78  171.2  27.3
260220261631  0.960  5.7  154.6  14.2  0.62  181.9  27.4
260220261632  0.960  5.8  155.5  14.2  0.32  163.4  27.3
260220261633  0.960  5.8  156.9  12.7  0.46  171.9  27.3
260220261634  0.960  5.9  158.8  12.7  0.44  175.4  27.4
260220261635  0.961  5.9  158.5  12.7  0.23  184.7  27.4
260220261636  0.958  5.9  158.6  11.5  0.30  164.9  27.4
260220261637  0.957  5.7  159.6  11.5  0.32  173.7  27.4
260220261638  0.956  5.6  161.7  11.5  0.32  168.4  27.4
260220261639  0.956  5.3  162.4  11.0  0.33  166.6  27.3
260220261640  0.955  5.6  163.9  12.9  0.23  167.2  27.3
260220261641  0.955  5.8  166.0  12.9  0.34  171.7  27.3
260220261642  0.954  6.1  168.4  12.9  0.35  179.8  27.3
260220261643  0.953  6.2  167.3  12.9  0.28  170.1  27.3
260220261644  0.952  6.4  167.9  12.9  0.34  173.4  27.3
260220261645  0.948  7.2  171.0  23.1  0.34  175.7  27.3
260220261646  0.947  7.3  173.2  23.1  0.29  167.9  27.3
260220261647  0.946  7.4  173.9  23.1  0.23  175.8  27.3
260220261648  0.944  7.6  175.5  23.1  0.32  153.9  27.3
260220261649  0.944  8.4  178.1  23.1  0.20  172.1  27.3
260220261650  0.942  8.6  178.2  23.1  0.36  171.2  27.3
260220261651  0.938  8.6  179.6  23.1  0.21  172.6  27.3
260220261652  0.937  8.6  176.7  23.1  0.15  199.8  27.3
260220261653  0.939  8.4  178.3  23.1  0.16  166.9  27.3
260220261654  0.939  8.6  180.1  23.1  0.34  175.5  27.3
260220261655  0.937  8.5  180.2  19.9  0.17  159.3  27.3
260220261656  0.935  8.4  180.2  19.9  0.18  164.3  27.3
260220261657  0.933  8.5  180.6  19.9  0.29  191.9  27.3
260220261658  0.931  8.6  181.6  19.9  0.12  141.1  27.3
260220261659  0.929  8.0  181.9  17.2  0.17  183.6  27.3
260220261700  0.930  8.0  182.0  17.2  0.12  199.6  27.3
260220261701  0.929  8.1  181.7  17.2  0.17  197.3  27.3
260220261702  0.929  7.9  183.7  17.2  0.04  164.8  27.3
260220261703  0.928  7.6  183.1  17.2  0.15  199.5  27.3
260220261704  0.925  7.4  181.5  16.1  0.09  182.4  27.3
260220261705  0.923  7.1  180.0  15.0  0.13  164.9  27.3
260220261706  0.922  7.1  178.9  15.0  0.18  182.6  27.3
260220261707  0.924  7.0  176.6  15.0  0.13  186.5  27.3
260220261708  0.923  6.8  175.6  12.4  nan  nan  nan
260220261709  0.923  7.2  173.0  17.6  0.05  208.4  27.2
260220261710  0.921  7.1  174.0  17.6  0.15  167.4  27.3
260220261711  0.918  6.7  172.2  17.6  0.11  175.0  27.3
260220261712  0.916  6.5  170.6  17.6  0.05  356.0  27.3
260220261713  0.916  6.3  171.7  17.6  0.09  185.0  27.3
260220261714  0.917  6.1  171.8  17.6  0.07  186.9  27.3
260220261715  0.917  5.7  173.0  17.6  0.07  173.0  27.3
260220261716  0.917  6.2  176.2  17.6  0.15  191.5  27.2
260220261717  0.915  5.9  174.4  17.6  0.08  165.2  27.2
260220261718  0.914  5.8  175.1  17.6  0.17  174.5  27.2
260220261719  0.914  5.4  176.5  17.5  0.07  164.9  27.2
260220261720  0.912  5.0  173.3  17.5  0.08  191.4  27.2
260220261721  0.912  5.3  170.4  17.5  0.10  176.5  27.2
260220261722  0.913  5.4  168.4  17.5  nan  nan  nan
260220261723  0.913  5.7  165.1  17.5  0.16  165.3  27.2
260220261724  0.912  5.8  165.6  17.5  0.09  166.2  27.2
260220261725  0.911  5.9  162.9  17.5  0.03  76.4  27.2
260220261726  0.910  5.2  158.0  11.4  0.09  135.4  27.2
260220261727  0.910  5.2  160.9  11.4  0.04  44.5  27.3
260220261728  0.912  5.3  156.0  11.4  0.13  136.9  27.2
260220261729  0.913  5.3  154.4  10.6  0.11  152.9  27.3
260220261730  0.912  5.5  154.7  10.6  0.13  162.2  27.3
260220261731  0.911  5.2  156.2  9.9  0.06  100.0  27.2
260220261732  0.910  5.5  156.4  12.3  0.03  152.4  27.2
260220261733  0.910  5.6  156.7  12.3  0.09  74.5  27.2
260220261734  0.910  5.6  152.1  12.3  0.09  160.6  27.2
260220261735  0.910  5.6  153.7  12.3  0.18  40.0  27.2
260220261736  0.908  5.5  152.2  12.3  0.04  97.0  27.2
260220261737  0.907  5.7  152.0  12.3  0.06  132.6  27.2
260220261738  0.905  5.6  152.7  12.3  0.05  100.0  27.2
260220261739  0.905  5.8  151.6  15.0  0.05  41.0  27.2
260220261740  0.905  5.6  152.7  15.0  0.09  21.8  27.2
260220261741  0.903  5.5  152.5  15.0  0.10  39.1  27.2
260220261742  0.905  5.2  159.4  15.0  0.02  120.0  27.2
260220261743  0.905  4.9  162.5  15.0  0.07  45.9  27.2
260220261744  0.903  5.1  169.0  15.0  0.10  27.4  27.2
260220261745  0.902  4.9  168.3  15.0  0.08  43.7  27.2
260220261746  0.901  5.1  173.2  15.0  0.03  42.7  27.2
260220261747  0.900  5.4  175.0  15.0  0.16  25.1  27.2
260220261748  0.900  5.9  179.7  15.0  0.21  33.5  27.2
260220261749  0.900  5.8  182.6  14.0  0.06  101.8  27.2
260220261750  0.898  6.2  183.6  14.0  nan  nan  nan
260220261751  0.896  6.2  183.4  14.0  0.06  22.1  27.2
260220261752  0.894  6.1  180.8  14.0  0.10  6.6  27.2
260220261753  0.894  6.4  181.3  14.0  0.07  353.6  27.2
260220261754  0.892  6.2  180.3  14.0  0.09  20.5  27.2
260220261755  0.892  6.4  180.7  14.0  0.15  356.8  27.2
260220261756  0.891  6.4  180.1  14.0  0.19  29.6  27.2
260220261757  0.889  6.0  181.0  14.0  0.08  20.2  27.2
260220261758  0.886  5.6  180.7  12.3  0.06  11.8  27.2
260220261759  0.883  5.9  183.1  12.3  0.20  358.7  27.2
260220261800  0.883  5.8  183.0  12.1  0.16  12.8  27.2
260220261801  0.882  5.7  183.1  12.1  0.11  33.9  27.2
260220261802  0.880  6.4  183.5  15.0  0.15  8.5  27.2
260220261803  0.878  6.4  181.4  15.0  0.11  6.1  27.2
260220261804  0.876  6.9  182.2  16.7  0.04  350.6  27.2
260220261805  0.871  6.9  183.3  16.7  0.11  355.7  27.2
260220261806  0.867  7.0  182.4  16.7  0.18  18.7  27.2
260220261807  0.867  7.2  181.8  16.7  0.11  7.1  27.2
260220261808  0.864  7.2  181.2  16.7  0.17  358.4  27.2
260220261809  0.862  6.9  180.0  16.7  0.10  333.6  27.2
260220261810  0.858  6.7  178.5  16.7  0.12  356.4  27.2
260220261811  0.853  7.3  180.8  16.7  0.12  359.0  27.3
260220261812  0.850  6.9  179.0  16.7  0.20  348.0  27.3
260220261813  0.847  6.5  180.1  16.7  0.23  7.1  27.3
260220261814  0.844  6.2  178.8  15.8  0.11  331.0  27.3
260220261815  0.841  6.6  179.4  15.8  0.10  355.1  27.3
260220261816  0.837  6.8  181.7  15.8  0.17  348.3  27.3
260220261817  0.835  7.2  181.3  15.8  0.21  4.6  27.3
260220261818  0.831  7.4  181.6  15.8  0.24  337.3  27.3
260220261819  0.828  7.1  179.3  15.8  0.16  332.4  27.3
260220261820  0.825  7.5  180.6  15.8  0.23  339.1  27.3
260220261821  0.822  7.4  179.0  13.5  0.19  314.2  27.3
260220261822  0.819  7.5  181.2  13.5  0.16  333.3  27.3
260220261823  0.814  7.7  182.0  13.5  0.17  338.5  27.3
260220261824  0.811  8.1  182.9  13.9  0.15  354.4  27.3
260220261825  0.809  8.1  182.5  13.9  0.19  359.5  27.3
260220261826  0.806  8.0  181.8  13.9  0.11  352.9  27.3
260220261827  0.805  7.9  182.5  13.9  0.14  344.5  27.3
260220261828  0.803  8.1  181.5  13.9  0.15  359.4  27.3
260220261829  0.799  8.5  183.5  13.9  0.15  352.3  27.2
260220261830  0.797  8.4  183.4  13.9  0.27  2.0  27.2
260220261831  0.794  8.2  183.4  13.9  0.29  5.5  27.2
260220261832  0.791  7.7  182.9  13.9  0.25  359.8  27.2
260220261833  0.789  7.4  182.8  13.9  0.34  6.4  27.2
260220261834  0.789  7.2  183.1  12.7  0.32  10.0  27.2
260220261835  0.788  7.1  182.5  12.7  0.25  0.1  27.2
260220261836  0.787  7.0  181.7  12.7  0.29  359.5  27.2
260220261837  0.786  6.8  180.2  12.7  0.43  5.1  27.2
260220261838  0.785  6.4  179.4  12.7  0.33  10.7  27.2
260220261839  0.782  6.1  177.6  12.7  0.33  16.0  27.2
260220261840  0.781  6.0  173.3  12.7  0.39  10.0  27.2
260220261841  0.779  5.9  168.6  12.7  0.44  19.1  27.2
260220261842  0.777  6.2  166.0  12.7  0.47  10.5  27.2
260220261843  0.776  6.4  163.8  12.7  0.30  12.2  27.2
260220261844  0.773  5.9  159.8  11.3  0.25  12.7  27.2
260220261845  0.770  5.7  157.0  11.3  0.32  359.6  27.2
260220261846  0.769  5.4  153.5  11.0  0.35  4.8  27.2
260220261847  0.767  5.4  153.2  11.6  0.32  11.8  27.2
260220261848  0.764  5.5  157.2  11.6  0.42  7.1  27.2
260220261849  0.763  5.6  156.4  13.3  0.33  8.7  27.2
260220261850  0.760  5.4  160.3  13.3  0.37  14.5  27.2
260220261851  0.756  5.2  164.4  13.3  0.42  0.6  27.2
260220261852  0.755  5.0  166.8  13.3  0.37  4.0  27.2
260220261853  0.753  5.3  170.0  13.3  0.39  2.8  27.2
260220261854  0.751  5.7  172.7  13.3  0.26  2.6  27.2
260220261855  0.749  6.1  175.8  13.3  0.44  349.4  27.2
260220261856  0.748  6.5  177.7  13.3  0.37  353.6  27.2
260220261857  0.746  6.3  179.1  13.3  0.39  356.2  27.2
260220261858  0.746  6.2  177.5  13.3  0.45  358.4  27.2
260220261859  0.746  6.6  179.5  13.2  0.42  357.7  27.2
260220261900  0.743  6.6  179.4  13.2  0.43  355.9  27.2
260220261901  0.741  6.7  178.6  13.2  0.46  353.7  27.2
260220261902  0.739  7.0  178.8  13.5  0.42  354.7  27.2
260220261903  0.739  7.0  178.7  13.5  0.26  358.2  27.2
260220261904  0.737  7.0  177.7  13.5  0.35  346.7  27.2
260220261905  0.736  6.5  175.5  13.5  0.44  5.4  27.2
260220261906  0.733  5.9  172.4  13.5  0.43  3.8  27.2
260220261907  0.730  6.3  174.5  21.4  0.29  2.3  27.2
260220261908  0.728  6.6  175.5  21.4  0.38  354.5  27.2
260220261909  0.727  6.6  174.5  21.4  0.40  359.1  27.2
260220261910  0.728  6.9  176.7  21.4  0.28  350.5  27.2
260220261911  0.727  7.0  178.3  21.4  0.33  342.2  27.2
260220261912  0.725  6.9  179.3  21.4  0.34  346.3  27.2
260220261913  0.723  6.5  179.2  21.4  0.50  352.4  27.2
260220261914  0.720  6.9  179.8  21.4  0.33  353.6  27.2
260220261915  0.717  7.3  179.6  21.4  0.40  354.0  27.2
260220261916  0.715  7.7  181.5  21.4  0.33  358.3  27.2
260220261917  0.713  7.6  179.0  19.0  0.34  8.1  27.2
260220261918  0.711  7.4  178.6  19.0  0.37  353.6  27.2
260220261919  0.707  7.1  178.6  19.0  0.33  2.9  27.2
260220261920  0.704  6.7  176.6  19.0  0.40  359.0  27.2
260220261921  0.699  6.7  178.3  19.0  0.42  353.3  27.2
260220261922  0.695  6.9  178.1  19.0  0.52  357.8  27.2
260220261923  0.691  7.3  177.4  19.0  0.38  0.2  27.2
260220261924  0.686  7.1  176.7  19.0  0.45  4.0  27.2
260220261925  0.682  7.0  178.1  12.5  0.37  354.8  27.2
260220261926  0.676  7.2  179.0  12.5  0.43  359.6  27.2
260220261927  0.672  7.4  179.1  13.7  0.46  3.0  27.2
260220261928  0.669  7.3  177.5  13.7  0.34  5.1  27.2
260220261929  0.666  7.7  178.3  13.7  0.40  359.6  27.2
260220261930  0.664  8.1  180.7  14.6  0.37  0.9  27.2
260220261931  0.662  8.3  181.0  14.6  0.43  8.2  27.2
260220261932  0.660  8.5  181.2  17.5  0.46  8.5  27.2
260220261933  0.656  8.0  181.3  17.5  0.45  8.5  27.2
260220261934  0.654  7.8  182.0  17.5  0.40  7.0  27.2
260220261935  0.649  8.2  182.2  17.5  0.51  3.2  27.2
260220261936  0.644  7.9  181.0  17.5  0.51  1.0  27.2
260220261937  0.642  7.5  181.6  17.5  0.56  358.8  27.2
260220261938  0.639  7.9  183.9  17.5  0.57  1.1  27.2
260220261939  0.636  7.8  183.4  17.5  0.62  3.5  27.2
260220261940  0.631  7.7  181.8  17.5  0.57  354.0  27.2
260220261941  0.628  7.9  181.4  17.5  0.63  2.2  27.2
260220261942  0.625  7.6  179.7  15.5  0.53  354.6  27.2
260220261943  0.621  8.0  180.9  15.5  0.60  3.3  27.2
260220261944  0.617  8.0  179.7  15.5  0.59  0.7  27.2
260220261945  0.612  7.3  180.2  15.5  0.54  357.1  27.3
260220261946  0.609  7.4  180.2  15.5  0.57  2.4  27.3
260220261947  0.603  7.6  180.8  15.5  0.51  5.1  27.3
260220261948  0.601  7.0  179.8  15.4  0.61  4.0  27.3
260220261949  0.598  7.0  182.3  15.4  0.57  4.3  27.3
260220261950  0.595  7.1  183.8  14.0  0.64  4.3  27.3
260220261951  0.589  6.7  181.0  14.0  0.71  4.2  27.3
260220261952  0.587  6.6  182.5  15.2  0.57  9.0  27.3
260220261953  0.584  6.4  181.6  15.2  0.70  4.6  27.3
260220261954  0.580  6.5  182.5  15.2  0.69  2.6  27.3
260220261955  0.576  6.4  180.0  15.2  0.48  2.4  27.3
260220261956  0.572  6.4  179.4  15.2  0.55  9.4  27.3
260220261957  0.569  6.4  179.2  15.2  0.59  6.1  27.3
260220261958  0.565  6.8  177.6  15.2  0.48  6.6  27.3
260220261959  0.562  6.7  175.7  15.2  0.59  5.5  27.3
260220262000  0.561  6.7  174.3  16.2  0.62  0.1  27.3
260220262001  0.559  6.7  176.3  16.2  0.63  4.7  27.3
260220262002  0.558  6.5  176.4  16.2  0.59  7.0  27.3
260220262003  0.557  6.5  177.0  16.2  0.55  3.7  27.3
260220262004  0.554  6.8  178.5  16.2  0.50  4.8  27.3
260220262005  0.552  7.6  181.5  16.2  0.60  5.5  27.3
260220262006  0.552  8.2  182.8  16.2  0.60  5.9  27.3
260220262007  0.550  8.5  182.6  16.2  0.54  4.8  27.3
260220262008  0.549  8.6  182.4  16.2  0.54  6.3  27.3
260220262009  0.549  8.9  182.4  16.2  0.71  5.5  27.3
260220262010  0.547  8.5  181.7  15.6  0.65  4.2  27.3
260220262011  0.546  8.7  180.2  15.6  0.57  356.6  27.3
260220262012  0.544  8.9  179.8  15.6  0.39  348.9  27.3
260220262013  0.543  8.7  178.9  15.6  0.55  4.8  27.3
260220262014  0.543  8.4  177.5  15.6  0.57  0.8  27.3
260220262015  0.542  7.8  175.3  13.9  0.55  359.1  27.3
260220262016  0.541  7.6  174.3  14.5  0.56  4.8  27.3
260220262017  0.541  7.4  172.7  14.5  0.54  358.5  27.3
260220262018  0.538  6.9  172.9  14.5  0.56  356.9  27.3
260220262019  0.537  6.4  171.9  14.5  0.56  2.9  27.3
260220262020  0.535  6.3  171.4  14.5  0.46  359.8  27.3
260220262021  0.534  5.9  168.7  14.5  0.59  357.1  27.3
260220262022  0.533  5.9  165.3  14.5  0.56  355.9  27.3
260220262023  0.533  6.1  163.8  14.5  0.59  357.1  27.3
260220262024  0.532  6.0  160.2  14.5  0.46  357.8  27.3
260220262025  0.530  6.2  155.8  15.3  0.54  352.7  27.3
260220262026  0.528  5.9  149.0  15.3  0.43  356.1  27.3
260220262027  0.527  5.5  145.6  15.3  0.39  359.8  27.3
260220262028  0.526  5.6  144.1  15.3  0.51  359.4  27.3
260220262029  0.527  5.6  140.6  15.3  0.59  4.1  27.3
260220262030  0.525  5.4  140.8  15.3  0.50  0.8  27.3
260220262031  0.521  5.1  140.7  15.3  0.50  357.6  27.3
260220262032  0.519  5.1  143.2  15.3  0.42  3.1  27.3
260220262033  0.517  4.9  145.0  15.3  0.62  357.0  27.3
260220262034  0.516  5.1  146.5  15.3  0.55  358.5  27.3
260220262035  0.518  4.9  148.3  12.7  0.54  359.9  27.3
260220262036  0.517  5.1  156.5  12.7  0.50  1.8  27.3
260220262037  0.515  5.0  163.1  12.7  0.52  355.7  27.3
260220262038  0.513  5.1  166.7  12.7  0.58  1.1  27.3
260220262039  0.512  5.5  170.1  12.7  0.44  1.9  27.3
260220262040  0.509  5.7  172.7  12.7  0.52  358.5  27.3
260220262041  0.507  6.1  173.5  12.7  0.47  355.6  27.3
260220262042  0.507  6.2  176.4  12.6  0.53  2.0  27.3
260220262043  0.505  6.7  176.2  15.9  0.46  359.1  27.3
260220262044  0.503  6.9  179.7  15.9  0.43  358.1  27.3
260220262045  0.501  7.1  183.2  15.9  0.49  355.9  27.3
260220262046  0.498  7.0  182.8  15.9  0.60  5.7  27.3
260220262047  0.496  6.9  179.1  15.9  0.45  1.3  27.3
260220262048  0.493  6.9  175.4  15.9  0.55  3.7  27.3
260220262049  0.490  6.9  173.8  15.9  0.55  359.8  27.3
260220262050  0.485  6.8  170.3  15.9  0.52  0.9  27.3
260220262051  0.481  6.6  170.3  15.9  0.48  356.9  27.3
260220262052  0.476  6.7  169.0  15.9  0.64  360.0  27.3
260220262053  0.473  6.5  169.4  16.6  0.59  1.2  27.4
260220262054  0.469  6.7  169.4  16.6  0.58  5.0  27.4
260220262055  0.466  7.1  169.0  16.6  0.59  1.8  27.4
260220262056  0.462  7.3  167.4  16.6  0.61  1.7  27.4
260220262057  0.460  8.0  166.9  16.6  0.51  5.4  27.4
260220262058  0.458  7.9  168.8  16.6  0.57  1.9  27.4
260220262059  0.455  8.0  169.6  16.6  0.60  2.8  27.4
260220262100  0.456  8.1  170.8  16.6  0.55  358.2  27.4
260220262101  0.457  8.3  172.0  16.6  0.56  2.3  27.4
260220262102  0.457  8.0  172.7  16.6  0.60  3.9  27.4
260220262103  0.457  7.7  172.5  16.5  0.50  357.1  27.4
260220262104  0.456  7.3  175.0  16.5  0.63  1.7  27.4
260220262105  0.455  7.3  178.9  17.7  0.56  3.8  27.4
260220262106  0.452  7.3  180.2  17.7  0.56  2.4  27.4
260220262107  0.451  7.1  185.3  17.7  0.50  351.7  27.4
260220262108  0.452  7.4  188.3  17.7  0.55  3.3  27.4
260220262109  0.450  7.5  190.9  17.7  0.59  359.8  27.4
260220262110  0.450  7.7  191.5  17.7  0.55  2.6  27.4
260220262111  0.447  8.1  192.2  17.7  0.54  2.4  27.4
260220262112  0.444  8.4  191.8  17.7  0.66  1.8  27.4
260220262113  0.443  9.0  193.5  17.7  0.49  357.5  27.4
260220262114  0.441  9.1  192.6  17.7  0.59  1.5  27.4
260220262115  0.439  9.0  191.0  15.3  0.56  357.8  27.4
260220262116  0.437  9.1  191.1  15.3  0.66  358.6  27.4
260220262117  0.435  9.2  190.6  15.3  0.63  7.0  27.4
260220262118  0.433  9.6  189.8  15.7  0.62  2.6  27.4
260220262119  0.431  10.5  190.5  17.8  0.56  5.2  27.4
260220262120  0.430  10.7  190.4  17.8  0.63  7.7  27.4
260220262121  0.426  10.9  190.0  17.8  0.58  2.7  27.4
260220262122  0.424  11.1  190.2  17.8  0.45  356.4  27.4
260220262123  0.420  11.2  188.9  17.8  0.65  0.4  27.4
260220262124  0.417  11.4  188.6  17.8  0.57  0.0  27.4
260220262125  0.416  11.7  188.4  17.8  0.75  1.9  27.4
260220262126  0.413  11.8  187.9  17.8  0.51  3.5  27.4
260220262127  0.412  11.8  187.8  17.8  0.76  5.0  27.4
260220262128  0.410  11.8  188.0  17.8  0.67  5.0  27.4
260220262129  0.407  11.4  186.6  16.3  0.64  0.7  27.4
260220262130  0.405  11.2  186.4  16.3  0.56  357.1  27.4
260220262131  0.403  10.9  185.7  16.0  0.47  2.7  27.4
260220262132  0.401  10.8  185.6  16.0  0.61  8.2  27.4
260220262133  0.400  11.0  185.7  18.3  0.66  11.5  27.4
260220262134  0.399  11.1  185.1  18.3  0.76  8.7  27.4
260220262135  0.398  11.5  185.7  23.5  0.55  357.9  27.4
260220262136  0.397  11.7  187.1  23.5  0.56  2.2  27.4
260220262137  0.399  11.9  187.2  23.5  0.53  4.3  27.4
260220262138  0.398  11.9  187.4  23.5  0.59  1.5  27.4
260220262139  0.397  11.9  188.4  23.5  0.65  5.2  27.4
260220262140  0.396  12.1  188.5  23.5  0.41  357.6  27.4
260220262141  0.396  12.1  188.8  23.5  0.62  6.0  27.4
260220262142  0.396  12.3  187.6  23.5  0.42  1.4  27.4
260220262143  0.396  11.9  187.1  23.5  0.50  357.2  27.4
260220262144  0.396  12.1  185.8  23.5  0.55  1.0  27.4
260220262145  0.396  11.5  184.6  18.0  0.60  9.8  27.4
260220262146  0.395  11.4  184.8  18.0  0.69  0.1  27.4
260220262147  0.394  11.2  184.3  18.0  0.44  359.4  27.4
260220262148  0.392  11.5  183.2  18.0  0.51  357.1  27.4
260220262149  0.392  11.3  181.2  18.0  0.34  349.2  27.4
260220262150  0.393  11.3  181.2  18.0  0.49  354.7  27.4
260220262151  0.393  11.3  180.0  18.0  0.49  0.7  27.4
260220262152  0.392  10.9  180.5  18.0  0.60  358.3  27.5
260220262153  0.390  10.9  181.9  18.0  0.50  2.0  27.4
260220262154  0.388  10.4  183.9  17.8  0.38  1.1  27.4
260220262155  0.388  10.3  184.5  17.8  0.48  1.1  27.4
260220262156  0.387  10.1  183.8  17.8  0.57  0.2  27.4
260220262157  0.389  10.0  184.4  17.8  0.36  347.0  27.5
260220262158  0.390  9.5  185.2  15.0  0.44  359.3  27.4
260220262159  0.391  9.5  186.6  15.0  0.48  358.4  27.4
260220262200  0.391  9.6  187.4  14.6  0.35  0.5  27.5
260220262201  0.390  9.8  188.7  16.1  0.46  358.2  27.5
260220262202  0.389  10.2  188.4  16.1  0.45  358.4  27.5
260220262203  0.389  10.2  187.1  16.1  0.45  352.7  27.5
260220262204  0.391  10.0  187.7  16.1  0.44  355.6  27.5
260220262205  0.393  9.9  188.5  16.1  0.37  350.5  27.5
260220262206  0.392  9.9  189.1  16.1  0.37  349.5  27.5
260220262207  0.393  9.8  189.2  16.1  0.33  355.8  27.5
260220262208  0.392  9.9  190.8  16.1  0.27  342.5  27.5
260220262209  0.392  9.9  191.8  16.1  0.32  346.7  27.5
260220262210  0.393  9.8  192.7  16.1  0.35  347.0  27.5
260220262211  0.395  9.5  193.8  13.1  0.21  351.2  27.5
260220262212  0.395  9.5  195.9  13.0  0.28  2.5  27.5
260220262213  0.399  9.7  197.9  13.5  0.36  357.7  27.5
260220262214  0.403  10.3  198.0  17.5  0.40  3.0  27.5
260220262215  0.405  10.4  198.3  17.5  0.32  2.7  27.5
260220262216  0.406  10.7  197.0  17.5  0.37  347.0  27.5
260220262217  0.409  11.0  197.2  17.5  0.38  357.2  27.5
260220262218  0.410  11.1  196.3  17.5  0.31  353.8  27.5
260220262219  0.410  11.3  196.1  17.5  0.36  0.6  27.5
260220262220  0.411  11.7  195.1  17.5  0.29  350.1  27.5
260220262221  0.412  11.8  194.8  17.5  0.28  347.5  27.5
260220262222  0.415  11.9  194.2  17.5  0.24  358.5  27.5
260220262223  0.418  12.0  193.4  17.5  0.17  346.6  27.5
260220262224  0.420  12.1  192.5  16.2  0.23  344.7  27.5
260220262225  0.420  12.4  192.3  16.4  0.15  352.7  27.5
260220262226  0.423  12.2  192.5  16.4  0.13  348.0  27.5
260220262227  0.424  12.1  192.4  16.4  0.16  332.7  27.5
260220262228  0.425  12.1  191.9  16.4  0.15  359.0  27.5
260220262229  0.427  12.0  191.9  16.4  0.03  250.3  27.5
260220262230  0.428  11.8  193.0  16.4  0.15  345.1  27.5
260220262231  0.429  11.8  192.3  16.4  0.18  351.4  27.5
260220262232  0.429  11.6  192.4  16.4  0.06  356.9  27.5
260220262233  0.430  11.7  193.7  16.4  0.05  295.1  27.5
260220262234  0.430  11.5  193.3  16.4  0.09  315.1  27.5
260220262235  0.432  11.4  193.8  16.2  0.11  329.3  27.5
260220262236  0.434  11.7  193.7  16.2  0.13  326.2  27.5
260220262237  0.434  12.0  193.6  17.7  0.10  310.6  27.5
260220262238  0.434  12.1  194.0  17.7  0.13  354.5  27.5
260220262239  0.436  12.4  193.5  17.7  0.08  231.2  27.5
260220262240  0.436  12.5  193.0  17.7  0.11  288.3  27.5
260220262241  0.436  12.6  193.8  17.7  0.09  290.3  27.5
260220262242  0.436  13.0  194.5  17.7  0.10  313.4  27.5
260220262243  0.435  12.9  193.7  17.7  0.06  276.4  27.5
260220262244  0.436  12.9  194.4  17.7  0.07  262.6  27.5
260220262245  0.437  12.8  193.9  17.7  0.15  294.6  27.4
260220262246  0.438  12.7  194.9  17.7  0.10  266.0  27.4
260220262247  0.440  12.5  195.0  16.9  0.13  308.4  27.4
260220262248  0.441  12.7  195.1  18.2  0.09  267.7  27.4
260220262249  0.442  12.7  195.2  18.2  0.09  257.1  27.4
260220262250  0.443  12.5  195.1  18.2  0.15  262.5  27.4
260220262251  0.444  12.5  194.5  18.2  0.11  256.5  27.4
260220262252  0.444  12.5  194.4  18.2  0.12  258.4  27.4
260220262253  0.445  12.6  195.1  18.2  0.13  247.1  27.4
260220262254  0.446  12.6  194.8  18.2  0.13  286.9  27.4
260220262255  0.447  12.4  195.0  18.2  0.18  246.7  27.4
260220262256  0.448  12.1  194.9  18.2  0.17  238.3  27.4
260220262257  0.448  12.0  194.6  18.2  0.11  260.0  27.4
260220262258  0.450  11.5  194.0  16.4  0.16  266.0  27.4
260220262259  0.450  11.3  193.0  16.4  0.10  278.9  27.4
260220262300  0.451  11.0  192.5  16.4  0.18  309.0  27.4
260220262301  0.451  10.6  193.2  16.4  0.15  260.4  27.4
260220262302  0.451  10.2  191.8  15.1  0.11  269.1  27.4
260220262303  0.451  10.0  190.0  15.0  0.14  318.3  27.4
260220262304  0.451  10.0  189.2  15.0  0.13  281.7  27.4
260220262305  0.452  10.1  188.7  15.0  0.15  302.9  27.4
260220262306  0.452  10.0  188.4  15.0  0.11  296.8  27.4
260220262307  0.453  9.9  189.2  15.0  0.06  273.1  27.4
260220262308  0.454  10.1  189.5  15.0  0.07  308.7  27.4
260220262309  0.456  10.3  190.1  15.0  0.11  260.0  27.4
260220262310  0.458  10.5  190.9  15.0  0.10  274.3  27.4
260220262311  0.458  11.1  191.6  15.5  0.15  299.8  27.4
260220262312  0.457  11.2  193.1  15.5  0.14  228.0  27.4
260220262313  0.457  11.1  194.4  15.5  0.11  255.6  27.4
260220262314  0.456  11.2  196.1  17.3  0.07  286.0  27.4
260220262315  0.456  11.7  197.1  17.3  0.08  297.6  27.4
260220262316  0.459  12.1  197.7  17.3  0.08  260.7  27.4
260220262317  0.461  12.3  197.8  17.3  0.24  196.9  27.4
260220262318  0.463  12.4  198.6  17.3  0.18  204.9  27.4
260220262319  0.466  12.1  199.0  17.3  0.18  195.0  27.4
260220262320  0.468  12.2  199.3  17.3  0.26  204.0  27.4
260220262321  0.470  12.1  199.2  17.3  0.18  193.8  27.4
260220262322  0.473  12.4  199.6  17.3  0.25  194.5  27.4
260220262323  0.477  12.5  199.3  17.3  0.16  215.9  27.4
260220262324  0.481  12.5  198.4  17.1  0.22  176.6  27.4
260220262325  0.486  12.5  198.6  16.2  0.14  198.2  27.4
260220262326  0.489  12.2  198.7  15.8  0.16  201.2  27.4
260220262327  0.494  12.0  198.1  15.8  0.12  196.4  27.4
260220262328  0.497  11.8  199.3  15.8  0.30  200.3  27.4
260220262329  0.501  11.8  200.2  15.8  0.15  180.2  27.4
260220262330  0.506  11.7  199.8  15.8  0.34  195.9  27.4
260220262331  0.511  11.5  199.4  15.8  0.23  190.0  27.4
260220262332  0.516  11.4  198.3  15.8  0.39  184.6  27.4
260220262333  0.521  11.1  197.4  15.3  0.33  187.0  27.4
260220262334  0.525  10.8  196.6  15.3  0.32  192.1  27.3
260220262335  0.530  10.4  196.2  14.3  0.29  192.7  27.3
260220262336  0.532  10.4  195.8  14.3  0.43  187.4  27.3
260220262337  0.535  10.4  196.3  14.3  0.31  182.1  27.3
260220262338  0.540  10.2  194.8  14.3  0.42  188.4  27.3
260220262339  0.545  10.1  193.9  14.3  0.44  184.6  27.3
260220262340  0.550  10.0  193.9  14.3  0.39  188.0  27.3
260220262341  0.555  10.1  194.5  15.8  0.40  184.1  27.3
260220262342  0.559  9.8  194.8  15.8  0.35  187.8  27.3
260220262343  0.563  9.7  195.0  15.8  0.29  174.6  27.3
260220262344  0.565  10.0  196.8  15.8  0.39  190.0  27.3
260220262345  0.569  10.3  196.2  15.8  0.40  181.8  27.3
260220262346  0.574  10.1  195.4  15.8  0.23  177.3  27.3
260220262347  0.577  9.9  194.2  15.8  0.20  178.4  27.3
260220262348  0.581  10.0  194.2  15.8  0.38  182.6  27.3
260220262349  0.585  10.3  193.7  15.8  0.22  179.4  27.2
260220262350  0.587  10.2  193.7  15.8  0.40  186.7  27.2
260220262351  0.591  9.8  192.6  14.5  0.21  171.6  27.2
260220262352  0.594  9.7  193.0  14.5  0.37  178.9  27.2
260220262353  0.597  9.9  194.9  14.5  0.29  180.4  27.2
260220262354  0.600  9.7  195.5  14.5  0.31  183.6  27.2
260220262355  0.603  9.3  196.2  13.1  0.30  178.0  27.2
260220262356  0.605  9.4  195.8  13.1  0.30  182.5  27.2
260220262357  0.607  9.5  196.9  13.1  0.44  186.7  27.2
260220262358  0.609  9.5  197.9  13.1  0.38  173.2  27.2
260220262359  0.611  9.3  198.7  13.1  0.41  178.6  27.2
270220260000  0.614  9.3  198.4  13.1  0.35  180.8  27.2
270220260001  0.617  9.5  198.6  14.0  0.43  178.4  27.2
270220260002  0.619  9.6  197.8  14.0  0.44  187.7  27.2
270220260003  0.621  9.4  195.6  14.0  0.33  166.3  27.2
270220260004  0.624  9.3  194.0  14.0  0.47  186.9  27.2
270220260005  0.627  9.5  193.2  14.0  0.39  182.8  27.2
270220260006  0.630  9.8  194.3  14.5  0.41  176.7  27.2
270220260007  0.633  10.2  194.4  14.5  0.42  176.0  27.2
270220260008  0.636  10.3  194.3  14.5  0.32  167.6  27.2
270220260009  0.638  10.4  194.8  14.5  0.41  183.1  27.2
270220260010  0.640  10.5  195.2  14.5  0.31  181.8  27.2
270220260011  0.643  10.9  195.0  17.3  0.42  178.7  27.2
270220260012  0.647  10.9  194.7  17.3  0.35  169.7  27.2
270220260013  0.648  10.8  196.4  17.3  0.47  181.7  27.2
270220260014  0.650  11.0  197.3  17.3  0.47  182.1  27.2
270220260015  0.652  11.0  197.1  17.3  0.40  171.9  27.2
270220260016  0.656  10.8  196.7  17.3  0.44  176.8  27.2
270220260017  0.658  10.7  196.3  17.3  0.41  178.5  27.2
270220260018  0.661  10.8  195.4  17.3  0.41  180.1  27.2
270220260019  0.664  10.6  195.2  17.3  0.51  177.9  27.2
270220260020  0.667  10.7  195.0  17.3  0.43  178.5  27.2
270220260021  0.670  10.4  194.8  12.8  0.45  173.4  27.2
270220260022  0.673  10.5  195.6  15.2  0.46  171.2  27.2
270220260023  0.675  10.6  194.2  15.2  0.38  173.8  27.2
270220260024  0.678  10.6  193.0  15.2  0.38  172.0  27.2
270220260025  0.678  10.6  192.9  15.2  0.34  165.2  27.2
270220260026  0.680  10.8  193.8  15.2  0.43  173.9  27.2
270220260027  0.683  10.7  193.5  15.2  0.31  175.6  27.2
270220260028  0.686  10.7  194.8  15.2  0.33  176.5  27.2
270220260029  0.688  11.2  194.8  15.7  0.34  174.5  27.2
270220260030  0.692  11.4  195.4  15.7  0.33  184.5  27.2
270220260031  0.695  11.6  196.0  15.7  0.38  183.0  27.2
270220260032  0.697  11.6  195.8  15.7  0.50  182.4  27.2
270220260033  0.701  11.9  195.8  16.6  0.39  184.9  27.2
270220260034  0.705  11.9  195.6  16.6  0.52  182.8  27.2
270220260035  0.708  12.2  194.2  16.9  0.34  190.0  27.2
270220260036  0.714  12.0  192.9  16.9  0.42  186.8  27.2
270220260037  0.717  11.9  192.8  16.9  0.44  184.0  27.2
270220260038  0.720  11.9  192.1  16.9  0.45  186.5  27.2
270220260039  0.723  11.8  191.4  16.9  0.45  184.2  27.2
270220260040  0.727  11.6  191.0  16.9  0.40  191.7  27.2
270220260041  0.732  11.8  191.2  17.1  0.48  190.0  27.2
270220260042  0.736  12.0  190.9  17.1  0.50  187.8  27.2
270220260043  0.741  12.1  190.9  17.1  0.48  193.2  27.2
270220260044  0.744  12.2  192.2  17.1  0.50  188.9  27.2
270220260045  0.750  12.2  194.1  17.1  0.45  187.5  27.2
270220260046  0.753  12.4  195.3  17.1  0.57  187.3  27.2
270220260047  0.757  12.7  195.7  17.1  0.46  187.6  27.2
270220260048  0.762  12.6  196.2  17.1  0.61  188.5  27.2
270220260049  0.767  12.5  196.7  17.1  0.52  190.0  27.1
270220260050  0.772  12.5  197.3  17.1  0.54  186.5  27.1
270220260051  0.776  12.0  198.1  16.6  0.53  187.5  27.2
270220260052  0.781  11.6  199.1  16.6  0.53  184.3  27.2
270220260053  0.787  11.3  200.2  16.2  0.63  182.1  27.2
270220260054  0.791  10.9  200.1  16.2  0.61  178.3  27.2
270220260055  0.795  10.5  200.3  16.2  0.60  186.1  27.2
270220260056  0.798  10.3  200.8  13.4  0.66  187.6  27.2
270220260057  0.801  10.0  201.9  13.2  0.70  178.1  27.2
270220260058  0.806  9.9  201.3  13.2  0.69  180.5  27.2
270220260059  0.810  9.7  201.1  13.2  0.67  181.1  27.2
270220260100  0.814  9.6  200.3  13.1  0.72  177.5  27.2
270220260101  0.818  9.6  199.4  13.1  0.69  179.7  27.1
270220260102  0.822  9.7  198.5  13.1  0.69  180.4  27.1
270220260103  0.826  9.6  197.0  13.1  0.70  180.4  27.1
270220260104  0.830  9.9  195.7  13.1  0.76  178.2  27.1
270220260105  0.835  10.1  195.4  14.3  0.56  180.0  27.1
270220260106  0.841  10.3  194.2  15.1  0.66  185.1  27.1
270220260107  0.845  10.4  193.5  15.1  0.62  178.8  27.1
270220260108  0.851  10.2  193.5  15.1  0.80  182.4  27.1
270220260109  0.857  10.2  194.0  15.1  0.61  175.7  27.1
270220260110  0.864  10.2  194.6  15.1  0.64  178.0  27.1
270220260111  0.870  10.4  194.0  15.1  0.57  178.4  27.1
270220260112  0.876  10.5  193.9  15.1  0.62  182.2  27.1
270220260113  0.881  10.6  195.2  15.1  0.65  176.9  27.1
270220260114  0.885  10.7  196.8  15.1  0.58  183.6  27.1
270220260115  0.890  10.7  197.1  15.1  0.75  182.7  27.1
270220260116  0.895  10.6  198.0  14.3  0.62  180.6  27.1
270220260117  0.900  10.7  197.9  14.6  0.74  182.5  27.1
270220260118  0.906  11.0  198.3  14.7  0.67  183.5  27.1
270220260119  0.911  11.1  198.7  14.7  0.76  184.6  27.1
270220260120  0.916  11.3  198.7  14.7  0.73  188.9  27.1
270220260121  0.921  11.3  199.5  14.7  0.66  188.0  27.1
270220260122  0.925  11.6  200.0  18.2  0.69  187.9  27.1
270220260123  0.929  11.7  199.6  18.2  0.75  189.1  27.1
270220260124  0.935  11.8  198.8  18.2  0.85  182.3  27.1
270220260125  0.939  12.0  199.5  18.2  0.80  184.3  27.1
270220260126  0.944  12.2  199.4  18.2  0.79  187.6  27.1
270220260127  0.948  12.3  199.7  18.2  0.83  183.4  27.1
270220260128  0.952  12.5  199.8  18.2  0.87  181.4  27.1
270220260129  0.957  12.8  199.3  18.2  0.89  178.7  27.1
270220260130  0.961  13.0  199.3  18.2  0.97  177.0  27.1
270220260131  0.965  13.1  198.8  18.2  0.86  174.6  27.1
270220260132  0.969  13.0  197.9  17.9  0.91  175.4  27.1
270220260133  0.973  12.8  196.5  17.9  0.83  170.5  27.0
270220260134  0.976  12.3  196.2  17.9  1.05  174.6  27.0
270220260135  0.980  11.9  194.2  17.9  0.87  173.7  27.0
270220260136  0.983  11.7  193.1  17.9  0.98  174.4  27.0
270220260137  0.986  11.4  192.3  17.9  0.83  168.9  27.0
270220260138  0.992  10.9  190.9  17.9  0.84  172.0  27.0
270220260139  0.996  10.3  190.2  17.9  0.81  173.4  27.0
270220260140  1.001  9.9  188.2  17.9  0.88  172.4  27.0
270220260141  1.005  9.4  188.2  17.9  0.84  171.7  27.0
270220260142  1.008  9.0  187.7  15.3  0.84  168.9  27.0
270220260143  1.013  8.5  188.6  11.7  0.92  170.5  27.0
270220260144  1.017  8.3  187.5  11.7  0.90  169.3  27.0
270220260145  1.020  8.2  188.1  11.7  0.90  173.6  27.0
270220260146  1.026  8.0  187.4  13.3  0.90  170.4  27.0
270220260147  1.030  8.0  188.3  13.3  0.81  164.7  27.0
270220260148  1.035  8.0  188.7  13.3  0.81  168.6  27.0
270220260149  1.039  8.4  189.4  13.3  0.75  165.9  27.0
270220260150  1.042  8.4  188.8  14.4  0.84  168.4  27.0
270220260151  1.047  8.5  187.3  14.4  0.90  166.4  26.9
270220260152  1.051  8.7  187.3  14.4  0.73  163.8  26.9
270220260153  1.054  8.7  188.1  14.4  0.83  169.6  26.9
270220260154  1.058  8.9  188.9  14.4  0.78  172.2  26.9
270220260155  1.062  9.0  188.5  14.4  0.77  171.1  26.9
270220260156  1.065  8.9  188.9  14.4  0.82  173.3  26.9
270220260157  1.068  8.9  186.3  14.4  0.90  171.7  26.9
270220260158  1.072  8.6  186.2  14.4  0.88  171.1  26.9
270220260159  1.076  8.2  186.0  14.4  0.74  175.3  26.9
270220260200  1.080  7.9  186.7  12.4  0.87  171.6  26.9
270220260201  1.083  7.7  188.4  12.4  0.89  170.0  26.9
270220260202  1.088  7.3  189.0  11.8  0.84  173.4  26.9
270220260203  1.092  7.3  188.4  11.8  0.79  167.8  26.9
270220260204  1.098  6.9  188.3  11.8  0.90  173.2  26.9
270220260205  1.101  6.7  189.3  11.2  0.87  169.2  26.9
270220260206  1.106  6.6  190.4  11.2  0.78  174.1  26.9
270220260207  1.110  6.3  192.0  10.5  0.81  169.2  26.9
270220260208  1.115  6.2  190.9  10.5  0.83  170.0  26.9
270220260209  1.118  6.0  190.1  10.5  0.81  172.9  26.9
270220260210  1.123  5.8  191.6  10.5  0.94  172.8  26.9
270220260211  1.127  5.7  191.1  10.5  0.75  171.7  26.9
270220260212  1.129  5.9  192.2  10.5  0.74  172.5  26.8
270220260213  1.133  5.8  193.3  8.7  0.80  173.8  26.8
270220260214  1.137  6.1  195.1  8.7  0.80  169.6  26.8
270220260215  1.140  6.3  196.0  10.4  0.76  170.1  26.8
270220260216  1.144  6.4  196.2  10.4  0.75  170.9  26.9
270220260217  1.147  6.6  197.3  10.4  0.81  171.2  26.9
270220260218  1.150  6.9  198.4  10.4  0.79  170.5  26.9
270220260219  1.155  7.1  198.1  10.4  0.66  175.7  26.9
270220260220  1.157  7.3  197.7  10.4  0.67  174.6  26.9
270220260221  1.160  7.6  197.9  10.4  0.61  176.3  26.9
270220260222  1.163  7.6  198.6  10.4  0.73  176.4  26.9
270220260223  1.167  7.6  197.8  10.4  0.74  180.2  26.9
270220260224  1.172  7.5  196.5  10.4  0.60  175.6  26.9
270220260225  1.176  7.3  196.7  9.8  0.60  181.4  26.9
270220260226  1.180  7.3  197.2  9.8  0.59  178.4  26.9
270220260227  1.183  7.6  199.3  10.9  0.54  183.0  26.9
270220260228  1.187  7.9  200.6  11.9  0.64  182.8  26.9
270220260229  1.191  8.3  202.3  13.9  0.65  178.8  26.9
270220260230  1.194  8.7  203.1  13.9  0.69  176.4  26.9
270220260231  1.198  9.0  203.4  13.9  0.66  180.1  26.9
270220260232  1.201  9.4  203.9  14.2  0.74  182.7  26.9
270220260233  1.206  9.8  205.2  14.2  0.69  176.8  26.9
270220260234  1.211  10.1  206.3  14.2  0.52  179.4  26.9
270220260235  1.217  10.6  206.5  14.2  0.52  178.0  26.9
270220260236  1.220  10.9  205.9  14.2  0.66  177.1  26.9
270220260237  1.225  11.0  204.6  14.2  0.80  175.8  26.8
270220260238  1.230  11.0  203.9  14.2  0.66  169.2  26.8
270220260239  1.235  10.9  203.1  14.2  0.73  172.5  26.8
270220260240  1.240  10.6  201.9  14.2  0.74  174.2  26.8
270220260241  1.244  10.4  201.1  14.2  0.60  167.6  26.8
270220260242  1.248  10.1  199.9  13.6  0.69  173.4  26.8
270220260243  1.252  10.0  199.4  13.6  0.69  178.9  26.8
270220260244  1.258  10.1  198.3  13.6  0.72  171.8  26.8
270220260245  1.264  9.9  196.9  12.8  0.73  177.5  26.8
270220260246  1.266  9.8  197.3  12.6  0.69  172.4  26.8
270220260247  1.270  9.6  197.2  12.3  0.70  177.0  26.8
270220260248  1.274  9.5  196.8  12.3  0.69  173.1  26.7
270220260249  1.278  9.5  197.7  12.3  0.62  176.3  26.7
270220260250  1.282  9.6  199.4  12.3  0.74  175.1  26.7
270220260251  1.286  9.7  200.1  12.3  0.76  176.2  26.7
270220260252  1.290  9.7  200.4  12.3  0.67  172.1  26.7
270220260253  1.294  9.8  199.7  12.6  0.65  171.6  26.7
270220260254  1.299  9.7  200.9  12.6  0.73  173.3  26.7
270220260255  1.304  9.7  201.7  12.6  0.77  177.2  26.7
270220260256  1.307  9.8  201.2  12.6  0.70  175.7  26.7
270220260257  1.313  10.0  201.7  13.8  0.75  171.5  26.7
270220260258  1.318  10.1  201.7  13.8  0.89  176.2  26.7
270220260259  1.324  9.9  201.2  13.8  0.76  178.0  26.7
270220260300  1.329  9.8  199.7  13.8  0.71  172.4  26.7
270220260301  1.334  9.8  199.4  13.8  0.82  178.0  26.7
270220260302  1.338  9.8  199.0  13.8  0.74  172.1  26.7
270220260303  1.346  9.6  198.9  13.8  0.65  174.1  26.7
270220260304  1.351  9.5  198.1  13.8  0.68  177.0  26.7
270220260305  1.355  9.5  197.6  13.8  0.60  176.9  26.7
270220260306  1.361  9.5  198.4  13.8  0.70  178.6  26.6
270220260307  1.366  9.4  198.6  13.1  0.86  181.2  26.6
270220260308  1.369  9.5  198.3  13.1  0.83  178.2  26.6
270220260309  1.374  9.6  198.0  13.1  0.78  174.5  26.6
270220260310  1.378  9.6  198.5  13.1  0.73  179.7  26.6
270220260311  1.381  9.6  199.0  13.1  0.78  176.9  26.6
270220260312  1.385  9.6  199.1  13.1  0.71  176.6  26.6
270220260313  1.389  9.7  199.8  13.1  0.79  180.4  26.6
270220260314  1.392  9.8  200.4  13.1  0.74  182.9  26.6
270220260315  1.396  9.9  200.9  13.1  0.84  181.9  26.6
270220260316  1.399  9.8  200.6  13.1  0.66  177.2  26.6
270220260317  1.401  9.6  200.5  12.2  0.75  176.6  26.6
270220260318  1.405  9.4  201.5  12.0  0.78  175.7  26.6
270220260319  1.408  9.5  201.9  12.0  0.80  174.1  26.6
270220260320  1.412  9.5  203.0  12.0  0.81  178.0  26.6
270220260321  1.414  9.4  202.8  12.0  0.70  174.5  26.6
270220260322  1.416  9.3  203.4  12.0  0.76  178.3  26.6
270220260323  1.419  9.3  203.6  12.0  0.79  174.8  26.6
270220260324  1.422  9.0  203.0  11.7  0.79  176.9  26.6
270220260325  1.425  8.7  202.3  11.7  0.79  181.2  26.6
270220260326  1.429  8.6  201.5  11.2  0.76  179.5  26.6
270220260327  1.433  8.4  201.3  11.2  0.67  174.1  26.6
270220260328  1.438  8.3  201.0  11.2  0.81  179.2  26.6
270220260329  1.441  8.2  201.9  10.9  0.89  173.8  26.6
270220260330  1.445  8.1  200.7  10.9  0.76  174.7  26.6
270220260331  1.448  7.9  200.6  10.9  0.74  177.4  26.5
270220260332  1.451  7.9  200.5  10.9  0.73  174.3  26.5
270220260333  1.454  7.9  199.9  10.9  0.78  177.9  26.5
270220260334  1.458  8.0  200.8  10.9  0.74  176.0  26.5
270220260335  1.461  8.0  201.1  10.9  0.74  172.1  26.5
270220260336  1.463  7.9  201.9  10.9  0.81  172.0  26.5
270220260337  1.465  8.0  201.5  10.9  0.83  171.6  26.5
270220260338  1.466  8.0  200.7  10.9  0.70  175.5  26.5
270220260339  1.469  8.0  199.8  10.3  0.83  174.9  26.5
270220260340  1.471  8.1  200.6  10.3  0.74  173.3  26.5
270220260341  1.474  8.1  200.3  10.3  0.68  171.1  26.5
270220260342  1.476  8.2  200.7  10.3  0.74  178.0  26.5
270220260343  1.478  8.2  201.2  10.7  0.73  174.4  26.5
270220260344  1.480  8.3  200.1  10.7  0.71  172.0  26.5
270220260345  1.481  8.5  201.5  10.7  0.70  170.1  26.5
270220260346  1.482  8.7  201.9  10.7  0.68  171.4  26.5
270220260347  1.485  8.7  202.6  10.7  0.72  174.7  26.5
270220260348  1.485  8.8  203.7  10.7  0.67  173.0  26.5
270220260349  1.487  8.7  203.3  11.2  0.54  171.4  26.5
270220260350  1.489  8.7  203.2  11.2  0.71  176.3  26.5
270220260351  1.491  8.9  204.4  11.2  0.62  176.5  26.5
270220260352  1.492  8.9  204.0  11.2  0.60  176.0  26.5
270220260353  1.495  8.9  202.9  11.2  0.74  174.9  26.5
270220260354  1.497  9.0  203.9  11.2  0.65  175.9  26.5
270220260355  1.499  9.1  203.1  11.4  0.58  172.3  26.5
270220260356  1.500  9.0  202.7  11.4  0.72  176.8  26.5
270220260357  1.502  9.1  201.6  11.4  0.56  174.9  26.5
270220260358  1.505  9.0  200.4  11.4  0.83  177.2  26.5
270220260359  1.507  9.0  200.7  11.4  0.62  174.4  26.5
270220260400  1.508  9.0  199.5  11.4  0.50  174.2  26.5
270220260401  1.511  8.7  197.7  11.4  0.65  175.1  26.4
270220260402  1.513  8.7  197.4  11.4  0.66  177.2  26.4
270220260403  1.516  8.7  197.5  11.4  0.52  171.0  26.4
270220260404  1.518  8.7  197.9  11.4  0.72  180.5  26.4
270220260405  1.521  8.7  198.2  11.8  0.58  184.2  26.4
270220260406  1.522  8.8  198.3  11.8  0.53  177.2  26.4
270220260407  1.524  8.9  200.2  13.9  0.74  185.7  26.4
270220260408  1.525  9.2  200.3  13.9  0.69  186.8  26.4
270220260409  1.526  9.1  200.3  13.9  0.57  183.5  26.4
270220260410  1.529  9.1  201.8  13.9  0.65  184.0  26.4
270220260411  1.532  9.2  202.8  13.9  0.61  186.0  26.4
270220260412  1.534  9.2  203.4  13.9  0.55  184.8  26.4
270220260413  1.535  9.0  202.4  13.9  0.47  181.7  26.4
270220260414  1.536  9.0  201.6  13.9  0.53  184.1  26.4
270220260415  1.538  8.8  201.5  13.9  0.54  187.9  26.4
270220260416  1.540  8.9  201.9  13.9  0.56  183.4  26.4
270220260417  1.540  8.8  201.1  12.9  0.53  181.4  26.4
270220260418  1.542  8.8  201.8  12.9  0.59  187.7  26.4
270220260419  1.543  8.9  202.5  12.9  0.50  183.3  26.4
270220260420  1.545  8.9  201.9  12.9  0.58  185.0  26.4
270220260421  1.547  8.8  201.6  12.9  0.57  190.6  26.4
270220260422  1.550  8.8  201.2  12.9  0.58  182.5  26.4
270220260423  1.552  8.8  203.0  12.9  0.50  181.5  26.4
270220260424  1.554  8.5  202.7  12.9  0.46  180.7  26.4
270220260425  1.556  8.4  202.3  12.9  0.56  191.6  26.4
270220260426  1.559  8.2  201.3  12.0  0.55  185.2  26.4
270220260427  1.562  7.8  200.2  12.0  0.52  184.7  26.4
270220260428  1.566  7.5  199.3  10.7  0.59  186.6  26.4
270220260429  1.568  7.3  198.6  10.7  0.55  185.5  26.4
270220260430  1.571  7.4  198.6  10.0  0.45  177.6  26.4
270220260431  1.575  7.4  198.6  10.0  0.60  186.4  26.4
270220260432  1.577  7.4  198.4  10.0  0.56  188.2  26.4
270220260433  1.580  7.4  197.8  10.0  0.61  185.1  26.4
270220260434  1.583  7.7  198.7  10.2  0.55  181.3  26.4
270220260435  1.586  7.8  198.3  10.2  0.63  182.7  26.4
270220260436  1.589  7.7  198.4  10.2  0.62  183.7  26.4
270220260437  1.591  7.7  199.4  10.2  0.57  184.1  26.4
270220260438  1.593  7.7  200.4  10.2  0.73  185.0  26.4
270220260439  1.595  7.9  200.7  10.2  0.70  185.5  26.4
270220260440  1.597  7.8  200.5  10.2  0.54  179.8  26.4
270220260441  1.599  7.8  200.4  10.2  0.55  184.1  26.4
270220260442  1.601  7.8  200.9  10.7  0.51  178.1  26.4
270220260443  1.603  7.8  200.5  10.7  0.69  185.8  26.4
270220260444  1.603  7.7  200.0  10.7  0.77  185.6  26.4
270220260445  1.605  7.6  199.6  10.7  0.57  180.8  26.4
270220260446  1.607  7.7  197.5  11.0  0.54  181.7  26.4
270220260447  1.608  7.7  197.6  11.0  0.74  186.4  26.4
270220260448  1.610  7.7  197.0  11.0  0.48  184.7  26.4
270220260449  1.611  7.6  196.9  11.0  0.68  185.1  26.4
270220260450  1.612  7.6  197.1  11.0  0.53  185.4  26.4
270220260451  1.611  7.6  197.5  11.0  0.44  182.4  26.4
270220260452  1.613  7.6  197.3  11.0  0.44  185.2  26.4
270220260453  1.613  7.8  198.1  11.1  0.54  186.7  26.4
270220260454  1.612  7.9  198.9  11.1  0.57  189.2  26.4
270220260455  1.613  8.1  200.1  11.1  0.42  182.4  26.4
270220260456  1.613  8.2  202.7  11.2  0.47  182.6  26.4
270220260457  1.613  8.5  202.8  11.2  0.56  184.7  26.4
270220260458  1.614  8.7  203.2  11.2  0.44  176.6  26.4
270220260459  1.615  8.9  203.1  11.2  0.60  178.6  26.3
270220260500  1.615  9.0  203.0  11.5  0.48  169.0  26.3
270220260501  1.613  9.1  203.2  11.5  0.55  179.2  26.3
270220260502  1.611  9.2  204.1  11.5  0.52  166.1  26.3
270220260503  1.610  9.3  204.7  11.5  0.26  156.1  26.3
270220260504  1.609  9.3  204.5  11.5  0.52  170.0  26.3
270220260505  1.608  9.3  203.7  11.5  0.54  176.7  26.3
270220260506  1.607  9.3  203.3  11.5  0.46  172.3  26.3
270220260507  1.607  9.2  202.6  11.5  0.56  174.0  26.3
270220260508  1.606  9.2  201.7  12.5  0.39  171.0  26.3
270220260509  1.605  9.0  199.9  12.5  0.47  171.5  26.2
270220260510  1.605  8.7  199.7  12.5  0.43  175.5  26.2
270220260511  1.605  8.4  198.9  12.5  0.35  164.0  26.2
270220260512  1.604  8.3  195.8  12.5  0.28  170.1  26.2
270220260513  1.604  7.9  192.1  12.5  0.49  171.3  26.2
270220260514  1.604  7.9  190.2  12.5  0.48  172.2  26.2
270220260515  1.601  7.8  189.8  12.5  0.35  162.2  26.2
270220260516  1.600  7.5  187.1  12.5  0.41  163.8  26.2
270220260517  1.601  7.5  187.4  12.5  0.42  177.1  26.2
270220260518  1.600  7.2  187.0  12.1  0.40  166.7  26.2
270220260519  1.599  7.3  189.0  12.1  0.45  178.0  26.2
270220260520  1.599  7.3  187.2  12.1  0.34  171.5  26.2
270220260521  1.599  7.2  187.0  12.1  0.30  147.8  26.2
270220260522  1.598  7.1  187.8  12.1  0.45  162.5  26.2
270220260523  1.597  7.1  187.5  12.1  0.48  178.9  26.2
270220260524  1.597  7.1  187.5  11.4  0.31  174.7  26.2
270220260525  1.595  6.9  186.9  11.4  0.39  165.1  26.2
270220260526  1.594  6.7  187.4  11.4  0.30  176.8  26.1
270220260527  1.593  6.7  186.8  11.4  0.23  165.8  26.1
270220260528  1.592  6.5  187.5  11.4  0.40  175.4  26.1
270220260529  1.591  6.2  186.7  11.4  0.48  172.5  26.1
270220260530  1.590  6.3  187.7  11.6  0.39  170.7  26.1
270220260531  1.588  6.4  184.0  11.6  0.38  164.9  26.1
270220260532  1.586  6.2  183.8  11.6  0.39  163.3  26.1
270220260533  1.586  6.1  184.3  11.6  0.28  164.0  26.1
270220260534  1.583  5.7  182.0  11.6  0.38  163.6  26.1
270220260535  1.582  4.9  176.2  11.6  0.40  167.4  26.1
270220260536  1.581  4.2  167.3  11.6  0.43  173.0  26.1
270220260537  1.580  4.0  156.7  11.6  0.40  172.8  26.1
270220260538  1.577  4.2  148.7  11.6  0.38  167.2  26.1
270220260539  1.574  4.2  146.9  11.6  0.48  172.8  26.1
270220260540  1.571  4.0  141.6  10.8  0.35  167.6  26.1
270220260541  1.566  3.7  137.0  9.2  0.32  155.9  26.1
270220260542  1.565  3.7  131.0  9.2  0.38  171.9  26.0
270220260543  1.564  3.6  123.8  9.2  0.30  172.5  26.0
270220260544  1.563  3.6  123.2  9.2  0.34  163.4  26.0
270220260545  1.561  3.4  133.2  9.2  0.36  167.9  26.0
270220260546  1.560  3.4  143.8  8.1  0.34  175.2  26.0
270220260547  1.557  3.3  147.1  10.5  0.26  179.4  26.0
270220260548  1.557  3.2  143.1  13.6  0.30  165.1  26.0
270220260549  1.557  3.5  139.6  13.6  0.32  159.6  26.0
270220260550  1.555  3.7  144.5  13.6  0.20  158.3  26.0
270220260551  1.554  4.1  152.0  13.6  0.22  174.7  26.0
270220260552  1.553  4.2  154.0  13.6  0.31  164.7  26.0
270220260553  1.550  4.3  156.2  13.6  0.23  164.7  26.0
270220260554  1.549  4.3  159.7  13.6  0.29  163.3  26.0
270220260555  1.548  4.5  160.3  13.6  0.12  136.3  26.0
270220260556  1.546  4.5  161.6  13.6  0.21  165.3  26.0
270220260557  1.545  4.4  164.0  13.6  0.33  166.3  26.0
270220260558  1.543  4.3  171.0  12.2  0.27  153.6  26.0
270220260559  1.541  3.9  175.7  12.2  0.26  161.5  26.0
270220260600  1.542  3.3  178.3  12.2  0.11  183.8  26.0
270220260601  1.541  2.6  181.8  6.3  0.30  156.1  26.0
270220260602  1.542  2.5  188.7  6.3  0.19  158.1  26.0
270220260603  1.542  2.6  196.0  5.9  0.30  168.0  26.0
270220260604  1.542  2.6  196.3  6.9  0.20  173.8  26.0
270220260605  1.541  2.0  190.1  7.8  0.26  172.4  26.0
270220260606  1.540  1.8  184.5  7.8  0.27  178.1  26.0
270220260607  1.540  2.2  179.8  8.7  0.40  174.1  26.0
270220260608  1.539  2.6  173.1  9.7  0.21  182.0  26.0
270220260609  1.539  3.0  172.6  9.7  0.27  181.8  26.0
270220260610  1.537  3.4  165.9  9.7  0.22  182.4  26.0
270220260611  1.537  3.5  165.3  9.7  0.23  175.4  26.0
270220260612  1.535  3.5  161.3  9.7  0.31  173.8  26.0
270220260613  1.535  3.5  155.0  9.7  0.25  177.7  26.0
270220260614  1.535  3.2  148.4  9.7  0.27  170.8  26.0
270220260615  1.535  3.3  159.2  9.7  0.26  177.2  26.0
270220260616  1.535  3.4  164.5  9.7  0.28  174.3  26.0
270220260617  1.533  3.0  167.6  9.7  0.24  172.9  26.0
270220260618  1.531  2.6  177.5  7.9  0.30  175.1  26.0
270220260619  1.530  2.2  177.4  6.4  0.29  175.2  26.0
270220260620  1.529  1.9  184.9  6.1  0.19  171.6  26.0
270220260621  1.528  1.7  180.4  6.1  0.29  170.2  26.0
270220260622  1.528  1.7  193.8  6.1  0.15  186.9  26.0
270220260623  1.528  1.8  199.6  6.1  0.24  177.2  26.0
270220260624  1.526  1.8  201.4  6.1  0.21  170.7  26.0
270220260625  1.525  1.5  201.7  6.1  0.31  175.2  26.0
270220260626  1.523  1.1  199.8  6.1  0.16  162.2  26.0
270220260627  1.521  1.1  178.6  7.3  0.34  179.9  26.0
270220260628  1.516  1.2  153.4  7.3  0.17  147.8  26.0
270220260629  1.513  1.1  146.8  7.3  0.25  167.4  26.0
270220260630  1.510  1.0  135.2  7.3  0.09  200.5  26.0
270220260631  1.505  1.0  123.9  7.3  0.24  179.3  26.0
270220260632  1.502  1.4  120.3  7.3  0.29  176.6  26.0
270220260633  1.498  1.4  113.0  7.3  0.15  160.4  26.0
270220260634  1.493  1.5  114.0  13.2  0.20  179.3  26.0
270220260635  1.488  1.6  118.5  13.2  0.13  169.4  25.9
270220260636  1.484  2.0  112.1  13.2  0.08  97.3  25.9
270220260637  1.480  2.2  97.6  13.2  0.15  159.2  25.9
270220260638  1.476  2.7  89.6  13.2  0.08  34.8  25.9
270220260639  1.472  3.1  87.4  13.2  0.13  20.5  25.9
270220260640  1.469  3.7  89.5  13.2  0.10  42.1  25.9
270220260641  1.464  3.8  90.9  13.2  0.16  5.8  25.9
270220260642  1.461  4.1  87.1  13.2  0.10  127.6  25.9
270220260643  1.458  4.2  87.7  13.2  0.08  169.4  25.9
270220260644  1.453  3.9  90.2  10.8  0.03  343.4  25.9
270220260645  1.449  3.5  93.1  10.8  0.07  56.1  25.9
270220260646  1.445  2.7  100.9  10.8  0.13  82.1  25.9
270220260647  1.438  2.1  119.5  10.6  0.09  24.3  25.9
270220260648  1.432  1.7  151.0  10.6  0.06  27.9  25.9
270220260649  1.428  1.9  166.4  10.6  0.20  25.0  25.9
270220260650  1.425  2.3  189.1  6.1  0.04  110.8  25.9
270220260651  1.419  2.7  197.9  6.1  0.11  36.1  25.9
270220260652  1.416  3.3  207.8  10.9  0.18  23.4  26.0
270220260653  1.412  3.6  212.4  10.9  0.15  17.7  26.0
270220260654  1.408  3.4  212.6  10.9  0.14  32.6  26.0
270220260655  1.403  3.2  209.1  10.9  0.08  48.2  26.0
270220260656  1.398  3.0  203.1  10.9  0.12  14.7  26.0
270220260657  1.392  2.8  200.2  10.9  0.11  6.9  26.0
270220260658  1.387  2.6  198.5  10.9  0.20  2.0  26.0
270220260659  1.383  2.5  200.7  10.9  0.14  0.4  26.0
270220260700  1.378  2.3  199.3  10.9  0.19  341.6  26.0
270220260701  1.372  2.3  192.1  10.9  0.33  1.8  26.0
270220260702  1.367  1.8  178.9  8.0  0.22  344.4  26.0
270220260703  1.360  1.7  171.9  8.0  0.33  344.9  25.9
270220260704  1.355  1.8  169.1  8.0  0.20  342.7  25.9
270220260705  1.351  2.2  161.3  8.0  0.30  6.3  25.9
270220260706  1.346  2.4  162.3  8.0  0.14  350.1  25.9
270220260707  1.341  2.7  159.0  9.5  0.25  343.8  25.9
270220260708  1.335  3.2  154.6  9.5  0.31  346.5  25.9
270220260709  1.332  3.4  148.8  9.5  0.38  353.7  25.9
270220260710  1.329  3.3  147.2  9.5  0.33  351.5  25.9
270220260711  1.327  3.1  143.8  9.5  0.23  351.6  25.9
270220260712  1.324  3.2  144.6  9.5  0.27  341.6  25.9
270220260713  1.321  3.4  145.6  9.5  0.11  321.4  25.9
270220260714  1.321  3.5  146.5  9.5  0.32  344.8  25.9
270220260715  1.319  3.3  143.8  9.5  0.29  341.2  26.0
270220260716  1.316  3.0  139.4  9.5  0.26  337.4  26.0
270220260717  1.314  2.8  138.8  8.2  0.29  345.1  26.0
270220260718  1.311  2.5  133.8  7.5  0.29  354.7  26.0
270220260719  1.307  2.3  133.1  7.5  0.24  353.7  26.0
270220260720  1.305  2.5  135.9  7.5  0.40  9.4  26.0
270220260721  1.301  2.9  137.3  7.9  0.30  356.3  26.0
270220260722  1.297  3.2  139.8  8.3  0.37  5.2  26.0
270220260723  1.294  3.3  139.6  8.3  0.31  4.6  26.0
270220260724  1.290  3.5  138.4  8.3  0.26  11.3  26.0
270220260725  1.287  3.7  137.5  9.3  0.35  8.7  26.0
270220260726  1.284  3.8  136.8  9.3  0.55  13.1  26.0
270220260727  1.281  4.2  137.1  9.3  0.44  11.3  26.1
270220260728  1.278  4.4  139.0  9.3  0.51  9.3  26.1
270220260729  1.277  4.8  140.6  9.3  0.45  17.7  26.1
270220260730  1.274  4.9  140.4  9.3  0.51  12.9  26.1
270220260731  1.269  4.7  138.8  9.3  0.66  16.5  26.1
270220260732  1.266  4.7  136.2  9.3  0.55  15.9  26.1
270220260733  1.263  4.6  135.8  9.3  0.55  15.3  26.1
270220260734  1.257  4.3  134.6  9.3  0.55  13.0  26.1
270220260735  1.255  3.9  133.7  8.8  0.50  9.8  26.1
270220260736  1.252  4.2  134.4  8.8  0.42  5.5  26.1
270220260737  1.248  4.2  133.7  8.8  0.49  15.2  26.1
270220260738  1.244  4.2  133.3  9.1  0.42  13.4  26.1
270220260739  1.238  4.2  134.5  9.1  0.72  13.1  26.1
270220260740  1.235  4.1  134.9  9.1  0.55  10.0  26.1
270220260741  1.230  4.3  135.9  9.1  0.60  14.4  26.1
270220260742  1.228  4.1  138.2  9.1  0.60  14.1  26.1
270220260743  1.224  4.4  136.7  9.1  0.64  12.3  26.2
270220260744  1.221  4.5  138.6  9.1  0.56  8.4  26.2
270220260745  1.218  4.9  138.8  9.1  0.66  11.0  26.2
270220260746  1.214  4.6  141.0  9.1  0.70  12.9  26.2
270220260747  1.211  4.2  141.9  9.1  0.61  15.1  26.1
270220260748  1.208  3.8  142.5  7.5  0.62  5.9  26.1
270220260749  1.205  3.7  143.5  7.5  0.53  14.4  26.1
270220260750  1.201  3.6  145.9  7.5  0.53  10.4  26.1
270220260751  1.199  3.6  146.1  8.5  0.49  8.6  26.1
270220260752  1.196  3.8  142.7  9.8  0.65  5.5  26.1
270220260753  1.193  3.7  145.4  9.8  0.59  10.0  26.1
270220260754  1.190  3.8  143.1  9.8  0.61  9.6  26.1
270220260755  1.186  3.8  143.7  9.8  0.61  3.1  26.1
270220260756  1.183  4.2  142.7  10.6  0.60  5.9  26.1
270220260757  1.180  4.4  139.6  13.5  0.56  4.8  26.1
270220260758  1.177  4.9  138.7  13.5  0.60  0.1  26.1
270220260759  1.172  4.9  137.0  13.5  0.67  0.6  26.2
270220260800  1.169  5.0  132.6  13.5  0.60  3.5  26.2
270220260801  1.164  4.5  134.2  13.5  0.61  4.3  26.2
270220260802  1.158  4.3  135.3  13.5  0.66  355.4  26.2
270220260803  1.154  4.3  135.3  13.5  0.61  5.6  26.2
270220260804  1.150  4.4  132.5  13.5  0.58  356.3  26.2
270220260805  1.145  4.6  132.7  13.5  0.79  2.6  26.2
270220260806  1.140  4.3  132.0  13.5  0.66  4.2  26.2
270220260807  1.136  4.4  133.9  9.7  0.73  359.0  26.2
270220260808  1.130  4.4  135.5  9.7  0.78  3.7  26.2
270220260809  1.126  4.4  135.3  9.7  0.76  359.4  26.2
270220260810  1.121  4.7  137.7  9.7  0.61  0.2  26.2
270220260811  1.116  4.9  138.7  9.7  0.85  3.8  26.2
270220260812  1.110  5.0  140.1  9.7  0.79  6.2  26.2
270220260813  1.105  5.0  142.4  9.7  0.77  3.4  26.2
270220260814  1.100  5.1  149.9  9.7  0.87  6.0  26.2
270220260815  1.094  5.2  153.8  9.7  0.83  6.1  26.2
270220260816  1.091  5.4  156.8  10.5  0.78  7.1  26.2
270220260817  1.086  5.4  159.5  10.5  0.78  6.8  26.2
270220260818  1.080  5.2  160.8  10.5  0.85  5.1  26.2
270220260819  1.074  5.5  162.3  10.5  0.77  10.6  26.2
270220260820  1.068  5.2  165.8  10.5  0.74  7.3  26.2
270220260821  1.064  5.2  164.1  10.5  0.71  8.6  26.3
270220260822  1.058  5.1  163.1  10.5  0.77  9.0  26.3
270220260823  1.053  5.1  160.9  10.5  0.85  9.2  26.3
270220260824  1.049  4.8  156.6  10.5  0.96  12.0  26.3
270220260825  1.044  4.6  154.2  10.5  0.82  12.6  26.3
270220260826  1.039  4.5  154.7  9.6  0.83  14.0  26.3
270220260827  1.035  4.6  154.3  9.4  0.77  10.6  26.3
270220260828  1.029  4.6  154.2  9.4  0.73  16.1  26.3
270220260829  1.024  4.7  154.3  11.0  0.77  12.6  26.3
270220260830  1.019  4.9  155.2  11.0  0.82  14.9  26.3
270220260831  1.014  4.9  157.9  11.0  0.84  10.9  26.3
270220260832  1.010  5.2  161.2  11.0  0.80  12.8  26.3
270220260833  1.006  5.2  162.6  11.0  0.84  14.4  26.3
270220260834  1.001  5.5  165.4  11.0  0.83  10.8  26.3
270220260835  0.996  5.8  167.4  11.2  0.87  8.2  26.3
270220260836  0.991  6.0  164.0  11.2  0.83  8.8  26.3
270220260837  0.987  5.8  163.8  11.2  0.90  14.4  26.3
270220260838  0.982  5.9  165.2  11.2  0.93  12.8  26.3
270220260839  0.978  5.6  166.9  11.2  0.83  14.4  26.3
270220260840  0.974  5.3  164.1  11.2  0.92  12.3  26.3
270220260841  0.970  5.3  162.6  11.2  0.90  8.9  26.3
270220260842  0.966  5.0  162.5  11.2  0.84  10.9  26.3
270220260843  0.963  4.9  162.5  11.2  0.82  11.1  26.3
270220260844  0.960  4.5  162.9  11.2  0.79  12.5  26.3
270220260845  0.956  4.0  163.7  9.3  0.86  14.4  26.3
270220260846  0.954  3.9  169.4  8.4  0.89  13.6  26.4
270220260847  0.951  3.9  170.2  8.4  0.88  16.1  26.4
270220260848  0.947  3.8  167.6  8.4  0.98  13.1  26.4
270220260849  0.943  4.1  164.1  8.4  0.89  18.8  26.4
270220260850  0.940  4.3  164.2  8.4  0.90  18.3  26.4
270220260851  0.936  4.5  162.0  8.4  0.89  16.6  26.4
270220260852  0.932  4.5  160.7  8.4  0.85  17.3  26.4
270220260853  0.929  4.8  159.9  8.4  0.92  14.7  26.4
270220260854  0.925  4.7  158.9  8.4  1.07  14.6  26.4
270220260855  0.922  4.8  159.1  8.4  0.81  17.1  26.4
270220260856  0.918  5.0  153.9  13.3  0.90  19.5  26.4
270220260857  0.914  5.1  152.7  13.3  0.76  18.0  26.4
270220260858  0.911  5.5  151.9  13.3  0.78  15.4  26.4
270220260859  0.908  5.3  152.2  13.3  0.76  15.9  26.4
270220260900  0.903  5.1  151.9  13.3  0.79  13.1  26.4
270220260901  0.899  4.8  153.5  13.3  0.74  16.7  26.4
270220260902  0.895  5.0  155.9  13.3  0.87  16.4  26.4
270220260903  0.892  5.0  156.2  13.3  0.92  16.2  26.4
270220260904  0.886  5.2  157.0  13.3  0.82  18.2  26.4
270220260905  0.883  5.3  156.0  13.3  0.75  14.2  26.4
270220260906  0.879  4.9  161.2  10.6  0.79  16.6  26.5
270220260907  0.875  4.6  165.1  10.5  0.83  13.9  26.5
270220260908  0.869  4.2  171.7  8.8  0.92  16.3  26.5
270220260909  0.866  4.2  175.5  8.8  0.83  14.3  26.5
270220260910  0.862  4.3  178.9  8.8  0.84  19.8  26.5
270220260911  0.858  4.4  181.6  8.8  0.80  17.1  26.5
270220260912  0.853  4.1  181.5  7.4  0.75  17.7  26.5
270220260913  0.850  4.0  182.5  7.4  0.80  19.1  26.5
270220260914  0.846  3.7  181.9  7.4  0.81  19.9  26.5
270220260915  0.842  3.5  181.7  6.9  0.84  22.1  26.5
270220260916  0.839  3.4  176.5  6.9  0.66  22.5  26.5
270220260917  0.835  3.3  173.5  6.9  0.78  16.3  26.5
270220260918  0.831  3.0  165.5  6.4  0.78  22.8  26.5
270220260919  0.829  3.0  157.8  6.4  0.77  20.0  26.5
270220260920  0.825  2.9  149.2  6.4  0.72  15.3  26.5
270220260921  0.822  3.0  140.7  6.4  0.86  16.3  26.5
270220260922  0.818  2.8  134.8  6.3  0.77  21.2  26.5
270220260923  0.815  2.5  131.9  6.3  0.79  19.8  26.5
270220260924  0.813  2.1  134.6  6.3  0.79  17.1  26.5
270220260925  0.810  1.9  134.5  6.3  0.79  19.2  26.5
270220260926  0.806  1.7  141.7  5.1  0.75  21.5  26.5
270220260927  0.803  1.8  142.6  5.7  0.78  18.0  26.5
270220260928  0.799  1.9  158.1  5.8  0.81  18.0  26.5
270220260929  0.796  2.1  168.5  5.8  0.84  16.9  26.5
270220260930  0.792  2.4  174.9  9.4  0.75  23.9  26.5
270220260931  0.788  3.2  178.8  12.0  0.66  19.4  26.5
270220260932  0.785  3.9  175.8  12.8  0.68  21.7  26.6
270220260933  0.780  4.3  173.7  12.8  0.89  19.9  26.5
270220260934  0.776  4.9  172.0  12.8  0.92  15.3  26.6
270220260935  0.774  5.4  171.0  12.8  0.72  14.7  26.6
270220260936  0.769  5.6  171.8  12.8  0.84  20.9  26.6
270220260937  0.765  5.5  171.2  12.8  0.79  20.5  26.6
270220260938  0.761  5.3  169.6  12.8  0.82  16.4  26.6
270220260939  0.756  5.2  170.6  12.8  0.59  28.8  26.6
270220260940  0.752  4.9  171.5  12.8  0.82  16.5  26.6
270220260941  0.749  3.9  170.5  12.8  0.75  19.7  26.6
270220260942  0.745  3.1  172.0  8.6  0.85  19.4  26.6
270220260943  0.741  2.4  171.5  8.6  0.87  18.9  26.6
270220260944  0.738  1.6  158.5  8.6  0.87  18.9  26.6
270220260945  0.733  1.1  129.0  6.9  0.76  16.3  26.6
270220260946  0.730  0.9  101.6  6.9  0.74  21.0  26.6
270220260947  0.726  0.7  87.4  6.9  0.62  20.9  26.6
270220260948  0.723  0.7  71.1  6.9  0.76  20.7  26.6
270220260949  0.719  0.8  51.3  6.9  0.72  18.3  26.6
270220260950  0.715  1.0  51.7  6.9  0.80  20.3  26.6
270220260951  0.712  0.9  57.9  6.9  0.71  16.3  26.6
270220260952  0.705  0.8  66.2  6.9  0.70  18.9  26.6
270220260953  0.701  0.6  83.7  6.9  0.81  18.5  26.6
270220260954  0.696  0.3  115.5  6.9  0.79  17.6  26.6
270220260955  0.692  0.5  193.0  3.7  0.78  17.6  26.6
270220260956  0.687  0.5  191.9  3.7  0.86  17.4  26.6
270220260957  0.683  0.3  188.1  3.9  0.77  20.6  26.6
270220260958  0.680  0.2  156.2  4.5  0.72  20.2  26.6
270220260959  0.675  0.4  131.1  4.5  0.84  17.5  26.6
270220261000  0.671  0.4  107.2  4.5  0.76  17.5  26.6
270220261001  0.668  0.5  119.9  4.5  0.83  14.6  26.6
270220261002  0.664  0.3  89.5  4.5  0.78  18.0  26.6
270220261003  0.661  0.7  78.1  4.5  0.81  15.9  26.6
270220261004  0.656  1.0  86.9  4.5  0.84  18.6  26.6
270220261005  0.653  1.2  95.9  5.8  0.79  21.4  26.6
270220261006  0.649  1.6  97.1  8.3  0.72  19.2  26.6
270220261007  0.646  1.7  105.0  8.3  0.83  15.4  26.6
270220261008  0.643  1.7  111.1  8.3  0.73  20.3  26.6
270220261009  0.640  1.8  110.3  8.3  0.73  23.9  26.6
270220261010  0.638  1.8  119.7  8.3  0.81  17.6  26.6
270220261011  0.635  2.0  117.3  8.3  0.76  16.0  26.6
270220261012  0.632  2.5  119.0  8.3  0.78  18.9  26.6
270220261013  0.630  2.6  123.1  8.3  0.70  20.2  26.7
270220261014  0.626  2.7  125.1  8.3  0.73  16.9  26.7
270220261015  0.622  2.6  126.5  8.3  0.73  11.5  26.7
270220261016  0.619  2.2  130.3  6.2  0.84  14.2  26.7
270220261017  0.616  2.1  129.4  6.2  0.80  14.0  26.7
270220261018  0.614  1.9  128.4  6.2  0.74  16.1  26.7
270220261019  0.610  1.8  128.6  6.2  0.78  19.7  26.7
270220261020  0.607  1.6  129.5  6.2  0.67  16.4  26.7
270220261021  0.602  1.6  128.9  7.2  0.69  17.8  26.7
270220261022  0.600  1.4  130.2  7.2  0.69  22.1  26.7
270220261023  0.595  1.1  134.1  7.2  0.80  16.7  26.7
270220261024  0.592  0.9  138.3  7.2  0.81  20.8  26.7
270220261025  0.588  0.6  137.2  7.2  0.78  21.4  26.7
270220261026  0.585  1.1  130.9  7.2  0.82  18.2  26.7
270220261027  0.580  1.1  120.6  7.2  0.80  17.1  26.7
270220261028  0.577  1.0  119.7  7.2  0.82  16.7  26.7
270220261029  0.572  0.9  109.4  7.2  0.71  21.2  26.7
270220261030  0.568  0.9  93.8  7.2  0.79  14.8  26.7
270220261031  0.566  0.6  90.6  5.9  0.80  22.2  26.7
270220261032  0.565  0.6  101.9  5.9  0.82  19.0  26.7
270220261033  0.563  0.8  81.5  5.9  0.74  19.2  26.7
270220261034  0.560  0.7  65.4  5.9  0.83  16.7  26.7
270220261035  0.557  1.1  75.8  7.6  0.81  22.2  26.7
270220261036  0.553  0.9  60.7  7.6  0.72  18.4  26.7
270220261037  0.550  1.1  80.9  7.6  0.77  20.8  26.7
270220261038  0.547  1.4  95.0  7.6  0.66  12.9  26.7
270220261039  0.546  1.5  97.6  7.6  0.71  17.1  26.7
270220261040  0.544  1.6  105.6  7.6  0.83  17.9  26.7
270220261041  0.543  1.7  107.1  7.6  0.81  19.4  26.8
270220261042  0.541  1.9  109.4  7.6  0.71  18.2  26.8
270220261043  0.538  2.0  113.7  7.6  0.73  18.1  26.8
270220261044  0.535  2.3  112.1  7.6  0.77  18.7  26.8
270220261045  0.532  2.1  114.8  6.6  0.67  21.0  26.8
270220261046  0.530  2.2  115.6  6.6  0.72  19.5  26.8
270220261047  0.526  2.1  116.0  6.6  0.78  15.7  26.8
270220261048  0.523  2.3  112.3  6.9  0.71  10.6  26.8
270220261049  0.520  2.5  113.9  6.9  0.69  17.0  26.8
270220261050  0.517  2.5  109.8  6.9  0.74  15.6  26.8
270220261051  0.514  2.6  108.2  6.9  0.80  15.2  26.8
270220261052  0.511  2.4  103.4  6.9  0.72  21.1  26.8
270220261053  0.509  2.7  107.5  6.9  0.81  14.1  26.8
270220261054  0.506  2.8  110.9  7.2  0.80  17.0  26.8
270220261055  0.502  2.7  107.3  7.2  0.70  17.4  26.8
270220261056  0.499  2.6  101.8  7.2  0.77  15.4  26.8
270220261057  0.496  2.7  103.4  7.2  0.79  17.4  26.8
270220261058  0.494  2.4  103.5  7.2  0.73  16.1  26.8
270220261059  0.490  2.6  103.9  8.1  0.82  16.6  26.8
270220261100  0.487  2.6  105.3  8.1  0.83  16.9  26.8
270220261101  0.484  2.7  100.4  8.1  0.74  16.1  26.8
270220261102  0.481  2.9  102.0  8.1  0.77  15.8  26.8
270220261103  0.480  2.6  99.3  8.1  0.74  15.9  26.8
270220261104  0.478  2.1  101.1  8.1  0.71  18.4  26.8
270220261105  0.476  2.1  101.8  8.1  0.70  18.2  26.8
270220261106  0.475  2.1  102.4  8.1  0.63  15.4  26.8
270220261107  0.472  1.8  98.8  8.1  0.71  13.6  26.8
270220261108  0.471  1.8  101.6  8.1  0.77  16.4  26.8
270220261109  0.470  1.5  95.6  6.9  0.74  18.9  26.8
270220261110  0.469  1.6  98.1  6.9  0.83  15.9  26.8
270220261111  0.466  1.7  111.5  6.9  0.75  20.7  26.8
270220261112  0.464  1.5  113.4  5.7  0.69  14.8  26.8
270220261113  0.462  1.6  112.3  5.7  0.72  17.9  26.8
270220261114  0.460  1.9  111.0  6.1  0.67  14.6  26.8
270220261115  0.458  2.0  108.0  6.1  0.68  19.7  26.8
270220261116  0.457  2.2  106.2  6.1  0.73  14.0  26.8
270220261117  0.457  2.3  99.7  6.1  0.61  14.9  26.8
270220261118  0.456  2.1  93.2  6.1  0.64  14.5  26.8
270220261119  0.456  2.2  99.9  6.1  0.63  17.7  26.8
270220261120  0.453  2.1  98.9  6.1  0.67  12.5  26.8
270220261121  0.449  1.9  97.0  6.1  0.60  14.3  26.8
270220261122  0.448  1.9  93.5  6.1  0.65  19.8  26.8
270220261123  0.446  1.8  98.5  6.1  0.58  22.4  26.8
270220261124  0.445  1.5  96.3  5.3  0.77  16.7  26.9
270220261125  0.442  1.4  110.2  5.1  0.67  16.1  26.9
270220261126  0.442  1.5  117.2  5.1  0.68  14.3  26.9
270220261127  0.441  1.5  121.7  5.1  0.71  19.4  26.9
270220261128  0.438  1.7  124.1  5.1  0.59  15.7  26.9
270220261129  0.436  1.7  117.3  5.0  0.64  21.7  26.9
270220261130  0.435  1.7  111.8  5.0  0.59  20.7  26.9
270220261131  0.434  1.8  104.1  6.2  0.73  20.7  26.9
270220261132  0.432  2.0  107.8  6.2  0.62  23.0  26.9
270220261133  0.431  2.0  100.0  6.2  0.76  17.7  26.9
270220261134  0.431  2.1  96.8  6.2  0.66  18.2  26.9
270220261135  0.431  2.3  93.6  6.2  0.62  17.2  26.9
270220261136  0.429  2.3  91.9  6.2  0.70  16.6  26.9
270220261137  0.428  2.4  100.0  6.2  0.61  16.0  26.9
270220261138  0.427  2.2  98.5  6.2  0.55  16.7  26.9
270220261139  0.426  2.1  98.7  6.2  0.78  16.3  26.9
270220261140  0.424  2.2  105.8  6.2  0.62  20.8  26.9
270220261141  0.421  2.3  104.8  5.9  0.66  19.0  26.9
270220261142  0.419  2.2  94.5  5.9  0.65  20.3  26.9
270220261143  0.417  2.1  98.1  5.9  0.69  17.3  26.9
270220261144  0.416  1.9  94.1  5.9  0.67  19.4  26.9
270220261145  0.414  1.8  91.9  5.9  0.60  17.4  26.9
270220261146  0.412  1.8  94.3  6.5  0.55  18.2  26.9
270220261147  0.411  1.9  90.7  7.4  0.50  27.2  26.9
270220261148  0.411  2.1  90.3  7.4  0.64  18.8  27.0
270220261149  0.409  2.3  93.7  8.0  0.50  25.2  27.0
270220261150  0.408  2.5  92.0  8.0  0.74  22.9  27.0
270220261151  0.406  2.4  88.7  8.0  0.71  22.1  27.0
270220261152  0.406  2.2  94.7  8.0  0.57  24.6  27.0
270220261153  0.405  2.4  88.1  8.0  0.59  24.8  27.0
270220261154  0.406  2.8  89.9  8.0  0.46  23.3  27.0
270220261155  0.406  2.8  91.2  8.0  0.63  18.3  27.0
270220261156  0.406  2.6  90.4  8.0  0.58  18.5  27.0
270220261157  0.406  2.4  84.9  8.0  0.56  16.2  27.0
270220261158  0.407  2.4  90.3  8.0  0.56  24.8  27.0
270220261159  0.408  2.2  87.4  7.4  0.48  25.5  27.0
270220261200  0.408  2.1  89.5  7.4  0.49  25.5  27.0
270220261201  0.408  2.2  97.7  7.4  0.56  23.7  27.0
270220261202  0.409  2.5  102.8  7.7  0.42  27.8  27.0
270220261203  0.410  2.5  102.3  7.7  0.45  28.2  27.0
270220261204  0.411  2.5  109.7  7.7  0.49  16.8  27.0
270220261205  0.412  2.7  112.4  9.1  0.51  24.0  27.0
270220261206  0.412  2.8  108.5  9.1  0.44  25.3  27.0
270220261207  0.411  3.0  108.1  9.1  0.63  14.9  27.0
270220261208  0.411  3.2  100.9  9.1  0.54  11.8  27.0
270220261209  0.412  3.2  106.8  9.1  0.56  16.6  27.0
270220261210  0.413  3.3  105.3  9.1  0.55  9.0  27.0
270220261211  0.411  3.3  106.2  9.1  0.55  12.4  27.0
270220261212  0.411  3.1  106.7  11.4  0.52  10.2  27.0
270220261213  0.411  3.2  115.2  11.4  0.47  12.1  27.0
270220261214  0.411  3.0  115.0  11.4  0.55  8.0  27.0
270220261215  0.410  3.2  111.5  11.4  0.54  10.4  27.0
270220261216  0.410  3.4  112.6  11.4  0.57  8.1  27.0
270220261217  0.409  3.0  113.9  11.4  0.47  5.0  27.1
270220261218  0.408  2.6  121.8  11.4  0.45  4.8  27.1
270220261219  0.407  2.5  123.4  11.4  0.58  5.0  27.1
270220261220  0.407  2.3  126.3  11.4  0.65  1.9  27.1
270220261221  0.406  2.2  121.8  11.4  0.55  5.9  27.1
270220261222  0.405  2.4  119.6  8.8  0.57  356.3  27.1
270220261223  0.405  2.4  117.7  8.8  0.60  0.5  27.1
270220261224  0.407  2.4  112.6  8.8  0.51  5.2  27.1
270220261225  0.407  2.4  111.5  8.3  0.53  1.6  27.1
270220261226  0.409  2.3  114.6  8.3  0.57  359.9  27.1
270220261227  0.410  2.7  113.4  8.3  0.60  0.8  27.1
270220261228  0.410  3.3  113.4  8.3  0.60  5.7  27.1
270220261229  0.411  3.6  108.5  8.3  0.50  359.6  27.1
270220261230  0.412  3.8  107.7  8.3  0.47  359.0  27.1
270220261231  0.415  3.9  110.3  8.3  0.47  2.1  27.1
270220261232  0.419  3.5  107.9  7.4  0.40  355.8  27.1
270220261233  0.421  3.2  108.2  7.4  0.50  358.7  27.1
270220261234  0.425  2.9  112.8  7.4  0.54  355.8  27.1
270220261235  0.426  2.5  115.4  7.4  0.40  358.1  27.1
270220261236  0.430  2.3  112.6  7.4  0.47  356.8  27.1
270220261237  0.431  2.1  117.3  7.4  0.40  352.6  27.1
270220261238  0.434  1.8  110.5  7.3  0.47  357.0  27.1
270220261239  0.436  1.7  97.0  8.1  0.39  354.8  27.1
270220261240  0.438  1.6  92.3  8.1  0.45  349.3  27.1
270220261241  0.442  1.5  81.3  8.1  0.45  350.2  27.1
270220261242  0.444  1.8  84.3  8.1  0.30  345.1  27.1
270220261243  0.447  1.9  79.8  8.1  0.38  351.6  27.1
270220261244  0.449  2.2  78.6  8.1  0.43  349.8  27.1
270220261245  0.452  2.3  78.2  8.1  0.43  346.9  27.1
270220261246  0.456  2.3  80.4  8.1  0.34  347.8  27.1
270220261247  0.458  2.4  76.1  8.1  0.41  351.7  27.1
270220261248  0.461  2.1  78.0  8.1  0.39  351.7  27.1
270220261249  0.464  1.6  86.1  7.7  0.26  338.2  27.1
270220261250  0.466  1.5  79.9  7.7  0.36  349.4  27.1
270220261251  0.469  1.2  86.3  6.7  0.28  353.9  27.1
270220261252  0.471  1.0  89.8  6.7  0.37  356.2  27.1
270220261253  0.472  1.0  80.0  6.7  0.15  333.0  27.1
270220261254  0.474  1.1  87.0  6.7  0.19  351.2  27.1
270220261255  0.475  1.2  92.4  6.7  0.22  358.0  27.1
270220261256  0.476  1.5  102.9  7.1  0.36  356.0  27.1
270220261257  0.478  1.5  113.1  7.1  0.35  355.1  27.1
270220261258  0.480  1.8  111.1  7.1  0.34  357.9  27.1
270220261259  0.481  1.8  107.8  7.1  0.28  347.5  27.1
270220261300  0.482  1.8  111.9  7.1  0.30  341.4  27.1
270220261301  0.485  1.9  105.9  7.1  0.30  355.5  27.1
270220261302  0.486  2.1  100.5  7.1  0.30  351.6  27.1
270220261303  0.487  2.3  102.6  7.1  0.29  353.8  27.1
270220261304  0.491  2.3  103.8  7.1  0.44  351.1  27.1
270220261305  0.492  2.1  105.6  7.1  0.31  352.3  27.1
270220261306  0.494  2.0  102.5  6.0  0.37  0.9  27.2
270220261307  0.496  1.9  97.9  6.0  0.36  5.7  27.2
270220261308  0.498  1.8  97.7  6.0  0.28  13.2  27.2
270220261309  0.500  2.0  99.0  6.5  0.22  356.6  27.2
270220261310  0.503  2.2  97.6  6.5  0.25  0.1  27.2
270220261311  0.505  2.2  107.2  6.5  0.35  3.9  27.2
270220261312  0.507  2.4  114.6  6.8  0.26  6.5  27.2
270220261313  0.509  2.4  120.3  6.8  0.25  359.6  27.2
270220261314  0.510  2.1  115.8  6.8  0.21  350.4  27.2
270220261315  0.512  2.2  109.6  6.8  0.15  8.5  27.2
270220261316  0.514  2.2  100.6  6.8  0.17  9.4  27.2
270220261317  0.516  2.2  103.9  6.8  0.35  4.6  27.2
270220261318  0.517  2.1  103.3  6.8  0.20  0.7  27.2
270220261319  0.520  2.1  103.1  6.8  0.16  7.2  27.2
270220261320  0.520  2.1  103.5  6.8  0.24  3.9  27.2
270220261321  0.521  2.1  99.0  6.8  0.09  347.1  27.2
270220261322  0.522  2.1  93.1  6.1  0.19  0.9  27.2
270220261323  0.524  2.1  90.5  6.1  0.16  347.7  27.2
270220261324  0.526  2.3  98.6  5.7  0.16  12.1  27.2
270220261325  0.528  2.5  104.9  7.9  0.20  18.4  27.2
270220261326  0.530  2.5  114.1  7.9  0.21  22.5  27.2
270220261327  0.530  2.5  110.7  7.9  0.25  7.3  27.2
270220261328  0.531  2.5  107.3  7.9  0.13  1.4  27.2
270220261329  0.531  2.7  110.4  8.9  0.20  5.1  27.2
270220261330  0.531  2.8  109.9  8.9  0.11  13.9  27.2
270220261331  0.531  3.1  109.8  8.9  0.10  6.6  27.2
270220261332  0.532  3.3  111.5  8.9  0.14  20.2  27.2
270220261333  0.532  3.7  115.8  8.9  0.21  9.0  27.2
270220261334  0.533  4.0  117.3  12.4  0.02  345.6  27.2
270220261335  0.535  4.2  119.9  12.4  0.10  14.7  27.2
270220261336  0.535  4.4  121.4  14.1  0.05  27.1  27.2
270220261337  0.536  4.9  122.4  14.1  0.14  16.4  27.2
270220261338  0.537  5.4  124.7  14.1  0.05  31.4  27.2
270220261339  0.537  5.4  122.4  14.1  0.13  352.9  27.2
270220261340  0.538  5.4  123.9  14.1  0.18  14.3  27.2
270220261341  0.543  5.2  124.2  14.1  0.05  345.4  27.2
270220261342  0.544  5.0  123.9  14.1  0.16  12.1  27.2
270220261343  0.546  4.7  121.2  14.1  0.05  346.5  27.2
270220261344  0.548  4.0  118.9  14.1  0.05  217.6  27.2
270220261345  0.551  3.6  113.8  14.1  0.05  325.0  27.2
270220261346  0.555  3.1  111.2  9.0  0.03  82.6  27.2
270220261347  0.559  3.0  110.0  8.0  0.07  329.2  27.2
270220261348  0.564  2.9  103.4  8.0  0.07  179.7  27.2
270220261349  0.566  2.5  105.7  7.1  0.03  237.7  27.2
270220261350  0.568  2.3  105.3  7.1  0.10  185.3  27.2
270220261351  0.574  2.4  104.7  7.1  0.10  186.6  27.2
270220261352  0.577  2.5  108.0  7.5  0.24  191.4  27.2
270220261353  0.579  2.5  108.2  7.5  0.09  173.2  27.2
270220261354  0.584  2.6  112.6  7.5  0.13  200.0  27.2
270220261355  0.588  2.5  113.7  7.5  0.10  170.5  27.2
270220261356  0.593  2.6  104.6  7.5  0.15  180.5  27.2
270220261357  0.598  2.5  94.5  8.4  0.20  205.6  27.2
270220261358  0.602  2.7  89.9  8.6  0.29  195.3  27.2
270220261359  0.606  3.6  81.4  13.6  0.24  185.4  27.2
270220261400  0.611  4.4  76.5  13.6  0.18  180.4  27.2
270220261401  0.614  5.0  72.8  14.1  0.30  193.7  27.2
270220261402  0.617  5.6  69.9  14.1  0.25  198.9  27.2
270220261403  0.621  5.9  68.3  14.1  0.25  195.0  27.2
270220261404  0.625  6.1  70.7  14.1  0.23  185.2  27.1
270220261405  0.629  6.5  70.0  14.1  0.30  187.1  27.1
270220261406  0.633  6.5  69.9  14.1  0.33  193.0  27.1
270220261407  0.639  6.7  70.7  14.1  0.38  198.2  27.1
270220261408  0.642  6.1  72.0  14.1  0.30  193.0  27.1
270220261409  0.646  5.6  73.0  14.1  0.26  177.9  27.1
270220261410  0.651  5.1  75.3  14.1  0.38  180.2  27.1
270220261411  0.653  4.6  76.7  14.0  0.40  194.7  27.1
270220261412  0.656  3.9  78.0  10.5  0.35  190.3  27.1
270220261413  0.659  4.0  78.4  10.5  0.31  184.5  27.1
270220261414  0.663  4.4  72.1  11.3  0.20  188.9  27.0
270220261415  0.665  4.2  73.3  11.3  0.29  183.4  27.0
270220261416  0.669  4.3  74.7  11.3  0.22  186.4  27.0
270220261417  0.674  4.0  74.7  11.3  0.27  187.6  27.0
270220261418  0.676  4.2  71.9  11.3  0.22  178.6  27.0
270220261419  0.678  3.9  74.7  11.3  0.27  189.2  27.0
270220261420  0.680  3.6  76.0  11.3  0.30  193.7  27.0
270220261421  0.685  3.2  78.6  11.3  0.35  185.2  27.0
270220261422  0.687  3.1  78.8  11.3  0.31  183.1  27.0
270220261423  0.692  2.5  79.3  11.3  0.33  192.0  27.0
270220261424  0.696  1.9  81.9  5.7  0.30  194.8  27.0
270220261425  0.701  1.9  85.2  5.7  0.43  194.1  27.0
270220261426  0.704  1.6  84.9  5.2  0.36  195.9  27.0
270220261427  0.706  1.5  84.3  5.2  0.46  186.3  27.0
270220261428  0.710  1.3  88.7  5.1  0.37  187.9  27.0
270220261429  0.712  1.4  87.4  7.2  0.35  182.0  27.0
270220261430  0.714  1.3  87.2  7.2  0.47  191.4  27.0
270220261431  0.717  1.5  86.6  7.2  0.44  186.7  27.0
270220261432  0.720  1.7  81.0  7.2  0.36  193.8  27.0
270220261433  0.724  2.0  84.1  7.2  0.33  188.7  26.9
270220261434  0.726  2.2  84.8  7.2  0.28  189.2  26.9
270220261435  0.728  1.8  82.7  7.2  0.34  192.0  26.9
270220261436  0.730  1.6  84.7  7.2  0.36  196.3  26.9
270220261437  0.732  1.7  94.0  7.2  0.26  187.9  26.9
270220261438  0.734  1.9  111.6  7.8  0.38  185.3  27.0
270220261439  0.736  1.7  116.1  7.8  0.45  197.7  27.0
270220261440  0.738  1.7  111.7  7.8  0.55  188.4  27.0
270220261441  0.740  1.6  106.5  7.8  0.55  184.9  26.9
270220261442  0.744  1.8  110.8  7.8  0.45  190.0  26.9
270220261443  0.746  1.7  118.8  7.8  0.42  186.3  26.9
270220261444  0.749  1.6  123.6  7.8  0.41  182.4  26.9
270220261445  0.752  1.9  126.1  7.8  0.41  176.3  26.9
270220261446  0.754  2.2  129.6  7.8  0.47  186.0  26.9
270220261447  0.755  2.4  133.8  7.8  0.44  173.7  26.9
270220261448  0.758  2.2  127.3  7.5  0.38  185.0  26.9
270220261449  0.759  2.2  126.6  7.5  0.37  177.9  26.9
270220261450  0.761  2.5  133.8  7.5  0.44  174.1  26.9
270220261451  0.762  2.8  133.1  7.5  0.41  183.3  26.9
270220261452  0.763  2.9  133.4  7.5  0.48  181.1  26.9
270220261453  0.766  2.9  130.6  7.5  0.42  174.2  26.9
270220261454  0.767  3.2  129.3  7.5  0.34  179.3  26.9
270220261455  0.767  3.3  126.1  7.5  0.30  177.6  26.9
270220261456  0.767  3.3  125.4  7.5  0.34  170.7  26.9
270220261457  0.768  3.3  125.9  6.8  0.42  174.9  26.9
270220261458  0.769  3.5  128.2  7.1  0.29  168.3  26.9
270220261459  0.773  3.6  128.9  7.1  0.42  180.1  26.9
270220261500  0.776  3.6  123.2  7.9  0.24  175.7  26.9
270220261501  0.779  3.7  127.0  7.9  0.32  180.3  26.9
270220261502  0.782  3.6  127.7  7.9  0.51  182.8  26.9
270220261503  0.783  3.8  129.4  8.3  0.45  177.0  26.9
270220261504  0.786  3.9  132.6  8.3  0.33  168.5  26.9
270220261505  0.789  3.8  131.4  8.3  0.53  180.2  26.9
270220261506  0.793  4.0  125.5  9.3  0.45  178.2  26.9
270220261507  0.796  3.9  122.0  9.3  0.52  175.6  26.9
270220261508  0.799  3.9  115.4  9.3  0.51  176.6  26.9
270220261509  0.801  3.9  112.7  9.3  0.49  167.8  26.9
270220261510  0.803  3.9  113.1  9.3  0.73  180.7  26.9
270220261511  0.804  3.9  108.4  9.3  0.53  170.0  26.9
270220261512  0.807  3.8  109.4  9.3  0.64  176.7  26.9
270220261513  0.811  3.9  103.4  9.3  0.49  172.6  26.9
270220261514  0.813  3.7  99.8  9.3  0.70  179.9  26.9
270220261515  0.817  3.5  100.1  9.3  0.75  178.3  26.9
270220261516  0.821  3.0  102.9  9.1  0.58  179.4  26.9
270220261517  0.823  2.8  104.3  9.1  0.49  173.2  26.9
270220261518  0.826  2.7  105.7  9.1  0.53  176.0  26.9
270220261519  0.830  2.7  109.1  9.1  0.61  176.7  26.9
270220261520  0.835  2.5  113.8  9.1  0.65  178.7  26.9
270220261521  0.839  2.3  121.8  9.1  0.54  178.9  26.9
270220261522  0.844  2.6  122.9  9.1  0.61  167.9  26.9
270220261523  0.848  2.4  130.2  8.9  0.57  166.5  26.9
270220261524  0.852  2.4  130.1  8.9  0.54  175.6  26.9
270220261525  0.856  2.6  130.8  8.9  0.55  171.8  26.9
270220261526  0.861  2.8  130.5  8.9  0.61  175.7  26.9
270220261527  0.865  2.9  133.7  8.9  0.56  185.4  26.9
270220261528  0.869  3.1  128.5  9.7  0.65  181.2  26.9
270220261529  0.872  3.2  126.3  9.7  0.47  186.4  26.9
270220261530  0.875  3.2  127.6  9.7  0.59  181.4  26.9
270220261531  0.878  3.2  127.7  9.7  0.66  182.9  26.9
270220261532  0.881  3.0  125.1  9.7  0.57  189.4  26.9
270220261533  0.884  2.7  123.3  9.7  0.51  187.6  26.9
270220261534  0.886  2.9  124.4  9.7  0.42  184.4  26.9
270220261535  0.889  3.0  120.8  9.7  0.62  179.0  26.9
270220261536  0.893  2.9  119.9  9.7  0.52  178.5  26.9
270220261537  0.894  3.0  118.4  9.7  0.41  183.7  26.9
270220261538  0.898  2.8  127.5  8.6  0.46  180.7  26.9
270220261539  0.901  2.7  135.9  8.6  0.45  172.3  26.9
270220261540  0.905  2.7  133.4  8.6  0.39  179.7  26.9
270220261541  0.908  2.4  128.8  8.6  0.50  179.2  26.9
270220261542  0.911  2.4  127.5  7.5  0.43  182.1  26.9
270220261543  0.913  2.7  128.3  7.5  0.46  185.4  26.9
270220261544  0.916  2.7  125.7  7.5  0.50  188.0  26.9
270220261545  0.919  2.8  130.8  7.9  0.31  188.5  26.9
270220261546  0.921  3.0  127.7  7.9  0.29  190.0  26.9
270220261547  0.925  3.0  129.6  7.9  0.27  180.1  26.9
270220261548  0.926  2.9  124.1  7.9  0.23  185.2  26.9
270220261549  0.928  2.9  117.9  7.9  0.37  174.7  26.9
270220261550  0.930  3.1  119.5  7.9  0.49  179.9  26.9
270220261551  0.932  3.1  123.4  7.9  0.43  166.7  26.9
270220261552  0.933  3.3  129.2  9.1  0.34  179.5  26.9
270220261553  0.936  3.2  131.8  9.1  0.46  184.2  26.9
270220261554  0.936  3.3  134.0  9.1  0.57  178.2  26.9
270220261555  0.939  3.2  134.6  9.1  0.48  173.6  26.9
270220261556  0.942  3.0  138.9  9.1  0.63  182.0  26.9
270220261557  0.944  3.0  133.4  9.1  0.26  191.3  26.9
270220261558  0.947  3.0  137.4  9.1  0.46  179.4  26.9
270220261559  0.951  2.9  136.9  9.1  0.50  179.1  26.9
270220261600  0.953  2.9  139.3  9.1  0.48  167.4  26.9
270220261601  0.956  3.0  135.2  9.1  0.31  189.3  26.9
270220261602  0.960  2.7  133.3  7.6  0.61  180.4  26.9
270220261603  0.963  3.0  134.7  7.8  0.53  171.6  26.9
270220261604  0.965  2.8  134.8  7.8  0.71  181.1  26.9
270220261605  0.969  2.8  136.8  7.8  0.67  181.3  26.9
270220261606  0.971  2.9  138.9  7.8  0.51  178.1  26.9
270220261607  0.972  3.1  143.9  8.0  0.56  176.2  26.9
270220261608  0.974  3.2  146.1  8.0  0.51  176.6  26.9
270220261609  0.976  3.3  147.2  8.0  0.49  179.2  26.9
270220261610  0.978  3.2  144.4  8.0  0.58  179.9  26.9
270220261611  0.980  3.5  147.4  8.7  0.57  176.5  26.9
270220261612  0.982  3.6  145.4  8.7  0.53  180.2  26.9
270220261613  0.983  3.5  144.6  8.7  0.45  177.9  26.9
270220261614  0.985  3.7  145.3  8.7  0.46  173.7  26.9
270220261615  0.987  3.8  143.2  9.0  0.53  178.5  26.9
270220261616  0.989  3.8  140.1  9.0  0.46  168.4  26.9
270220261617  0.991  3.5  137.8  9.0  0.72  179.2  26.9
270220261618  0.993  3.5  137.5  9.0  0.46  183.4  26.9
270220261619  0.995  3.9  139.8  9.0  0.59  178.9  26.9
270220261620  0.996  3.9  141.8  9.0  0.58  178.3  26.9
270220261621  0.998  3.7  141.9  9.0  0.65  183.0  26.9
270220261622  1.000  3.7  144.7  9.0  0.53  180.9  26.9
270220261623  1.002  3.8  144.9  9.0  0.58  180.8  26.9
270220261624  1.004  3.6  144.4  9.0  0.53  184.5  26.9
270220261625  1.005  3.3  142.3  8.5  0.38  172.9  26.9
270220261626  1.007  3.4  144.3  8.5  0.55  179.2  26.9
270220261627  1.006  3.6  141.4  8.5  0.46  178.7  26.9
270220261628  1.007  3.6  141.3  8.5  0.47  176.1  26.9
270220261629  1.007  3.4  137.6  8.4  0.54  181.3  26.9
270220261630  1.008  3.7  134.8  8.4  0.47  177.6  26.9
270220261631  1.008  3.9  135.6  8.4  0.47  173.0  26.9
270220261632  1.010  3.9  132.1  8.4  0.51  176.6  26.9
270220261633  1.011  3.7  131.3  8.4  0.28  186.8  26.9
270220261634  1.012  3.7  132.3  8.4  0.56  179.3  26.9
270220261635  1.012  4.0  132.8  8.4  0.46  171.1  26.9
270220261636  1.014  3.8  132.2  8.4  0.61  174.9  26.9
270220261637  1.014  3.8  134.7  8.4  0.51  174.8  26.9
270220261638  1.016  3.7  134.0  8.4  0.49  177.2  26.9
270220261639  1.017  3.7  136.8  7.8  0.51  181.7  26.9
270220261640  1.018  3.6  139.6  10.2  0.58  181.7  27.0
270220261641  1.019  3.6  137.3  10.2  0.41  175.3  27.0
270220261642  1.021  3.8  142.0  10.2  0.49  180.8  26.9
270220261643  1.024  3.9  141.4  10.2  0.28  167.7  27.0
270220261644  1.026  4.1  140.3  10.2  0.57  178.4  26.9
270220261645  1.028  4.1  144.7  10.2  0.36  172.9  26.9
270220261646  1.028  4.4  146.6  10.2  0.38  179.0  26.9
270220261647  1.030  4.2  147.2  10.2  0.46  176.7  26.9
270220261648  1.030  4.5  146.4  10.2  0.54  174.5  26.9
270220261649  1.031  4.4  146.9  10.2  0.49  173.6  27.0
270220261650  1.033  4.1  146.6  9.5  0.56  177.1  27.0
270220261651  1.036  4.0  146.8  9.5  0.45  176.1  27.0
270220261652  1.037  3.8  147.4  9.5  0.46  177.8  27.0
270220261653  1.039  3.8  146.7  9.5  0.49  182.0  27.0
270220261654  1.042  3.6  145.9  9.5  0.41  178.1  27.0
270220261655  1.044  3.7  143.7  9.5  0.40  177.4  26.9
270220261656  1.045  3.8  142.5  9.5  0.60  181.4  26.9
270220261657  1.046  3.9  143.4  9.5  0.56  176.5  26.9
270220261658  1.048  3.8  144.4  7.4  0.43  173.9  26.9
270220261659  1.049  3.9  142.6  7.4  0.61  181.7  26.9
270220261700  1.051  4.2  142.2  7.4  0.47  179.5  26.9
270220261701  1.054  4.5  141.1  8.5  0.40  170.9  26.9
270220261702  1.055  4.6  141.9  8.7  0.50  177.9  26.9
270220261703  1.059  4.6  144.2  8.7  0.50  181.3  26.9
270220261704  1.061  4.7  145.9  8.7  0.53  172.4  26.9
270220261705  1.064  4.6  144.6  8.7  0.53  177.4  26.9
270220261706  1.064  4.4  142.2  8.7  0.50  175.5  26.9
270220261707  1.066  4.2  140.0  8.7  0.40  175.7  26.9
270220261708  1.066  4.0  141.2  8.7  0.32  177.7  26.9
270220261709  1.069  3.9  140.5  8.7  0.54  180.4  26.9
270220261710  1.071  3.6  140.7  8.7  0.44  180.3  26.9
270220261711  1.073  3.6  142.2  8.7  0.46  181.0  26.9
270220261712  1.076  3.7  140.2  7.7  0.42  180.2  26.9
270220261713  1.080  3.6  137.5  7.7  0.52  173.2  26.9
270220261714  1.080  3.6  134.2  7.7  0.37  178.5  26.9
270220261715  1.083  3.6  132.8  7.7  0.30  177.6  26.9
270220261716  1.085  3.7  136.5  7.7  0.40  176.4  26.9
270220261717  1.086  3.9  138.1  7.7  0.34  173.4  26.9
270220261718  1.087  4.1  136.6  8.9  0.43  180.6  26.9
270220261719  1.087  4.1  138.1  8.9  0.62  183.0  26.9
270220261720  1.088  4.2  137.2  8.9  0.39  176.0  26.9
270220261721  1.090  4.0  137.4  8.9  0.33  187.3  26.9
270220261722  1.093  4.0  135.8  8.9  0.58  186.5  26.9
270220261723  1.092  4.1  135.8  8.9  0.49  182.1  26.9
270220261724  1.093  4.1  138.8  8.9  0.50  172.1  26.9
270220261725  1.094  4.0  141.8  8.9  0.52  180.7  26.8
270220261726  1.093  3.7  142.5  8.9  0.44  180.8  26.8
270220261727  1.093  3.4  143.1  8.9  0.45  174.6  26.8
270220261728  1.094  3.2  141.6  7.2  0.45  165.1  26.8
270220261729  1.094  3.3  141.2  7.2  0.50  176.2  26.8
270220261730  1.094  3.4  145.4  7.2  0.37  169.9  26.8
270220261731  1.094  3.4  145.5  7.2  0.49  178.8  26.8
270220261732  1.093  3.4  143.7  7.2  0.42  175.0  26.8
270220261733  1.095  3.3  147.5  7.0  0.36  176.4  26.8
270220261734  1.093  3.0  148.2  7.0  0.32  168.1  26.8
270220261735  1.093  3.3  145.3  8.2  0.31  171.7  26.8
270220261736  1.091  3.4  143.4  8.2  0.39  174.9  26.8
270220261737  1.091  3.5  143.9  8.2  0.34  174.9  26.7
270220261738  1.091  3.3  145.5  8.2  0.23  171.0  26.7
270220261739  1.091  3.3  145.6  8.2  0.23  175.6  26.7
270220261740  1.091  3.1  143.0  8.2  0.20  156.8  26.7
270220261741  1.090  2.9  144.8  8.2  0.14  94.4  26.7
270220261742  1.090  2.8  150.2  8.2  0.22  160.3  26.7
270220261743  1.089  3.0  145.3  8.2  0.25  171.8  26.7
270220261744  1.089  3.4  149.1  10.0  0.30  178.0  26.7
270220261745  1.089  3.6  147.8  10.1  0.29  168.8  26.7
270220261746  1.087  3.8  150.1  10.1  0.16  140.4  26.7
270220261747  1.085  4.2  147.9  11.6  0.18  169.4  26.7
270220261748  1.085  4.5  148.6  11.6  0.19  171.2  26.7
270220261749  1.083  4.4  151.0  11.6  0.15  163.4  26.7
270220261750  1.083  4.5  152.4  11.6  0.17  174.5  26.7
270220261751  1.083  4.8  153.1  11.6  0.11  176.2  26.7
270220261752  1.082  4.8  154.3  11.6  0.12  161.8  26.7
270220261753  1.081  4.8  158.0  11.6  0.29  173.0  26.7
270220261754  1.080  4.7  155.5  11.6  0.26  176.4  26.7
270220261755  1.080  4.3  159.8  11.6  0.24  169.9  26.7
270220261756  1.080  4.1  161.1  11.6  0.43  176.0  26.7
270220261757  1.077  3.8  167.0  7.3  0.45  165.4  26.7
270220261758  1.076  3.4  168.4  6.9  0.24  150.3  26.7
270220261759  1.074  3.3  170.5  6.7  0.32  163.9  26.8
270220261800  1.073  3.2  171.8  6.7  0.34  173.1  26.8
270220261801  1.072  2.9  174.9  6.7  0.29  175.3  26.8
270220261802  1.071  2.5  174.6  6.7  0.35  175.4  26.8
270220261803  1.069  2.1  170.1  6.7  0.16  183.1  26.8
270220261804  1.067  2.0  173.1  4.7  0.21  175.2  26.8
270220261805  1.064  1.9  172.6  4.7  0.43  176.9  26.8
270220261806  1.062  1.7  170.1  4.6  0.23  171.4  26.8
270220261807  1.060  1.6  166.2  4.6  0.26  173.6  26.8
270220261808  1.057  2.0  168.3  6.1  0.13  185.0  26.8
270220261809  1.054  2.3  163.2  7.6  0.16  164.4  26.8
270220261810  1.051  2.4  162.0  7.6  0.18  186.3  26.8
270220261811  1.050  2.5  157.9  7.6  0.20  178.4  26.7
270220261812  1.048  2.7  158.2  7.6  0.21  169.7  26.7
270220261813  1.048  3.0  160.7  7.6  0.13  156.5  26.7
270220261814  1.046  3.0  160.5  7.6  0.07  190.0  26.7
270220261815  1.045  3.2  159.1  7.6  0.24  191.4  26.7
270220261816  1.044  3.2  159.9  7.6  0.14  148.9  26.7
270220261817  1.044  3.4  157.2  7.6  0.23  180.7  26.7
270220261818  1.044  3.2  153.4  7.6  0.04  266.0  26.7
270220261819  1.042  3.2  151.5  6.1  0.10  181.1  26.7
270220261820  1.041  3.2  146.3  6.1  0.05  185.8  26.7
270220261821  1.041  3.3  142.9  6.1  0.21  206.9  26.7
270220261822  1.041  3.7  140.7  8.1  0.13  197.1  26.7
270220261823  1.041  3.9  137.6  8.9  0.07  162.7  26.7
270220261824  1.041  4.1  137.4  8.9  0.05  202.3  26.7
270220261825  1.041  4.0  138.7  8.9  0.11  186.9  26.7
270220261826  1.040  4.1  138.1  8.9  0.09  188.8  26.7
270220261827  1.041  4.0  137.9  8.9  0.11  176.2  26.7
270220261828  1.041  4.0  137.3  8.9  0.11  202.3  26.7
270220261829  1.041  3.8  136.0  8.9  0.13  198.4  26.7
270220261830  1.041  3.8  135.7  8.9  0.05  190.0  26.7
270220261831  1.042  3.8  138.1  8.9  0.04  122.8  26.6
270220261832  1.040  3.6  139.2  8.9  0.16  187.9  26.6
270220261833  1.041  3.3  140.2  7.0  0.11  192.1  26.6
270220261834  1.042  3.0  139.3  7.0  0.15  162.1  26.6
270220261835  1.040  3.0  139.0  7.0  0.05  139.0  26.6
270220261836  1.041  3.2  138.9  9.9  0.15  181.9  26.6
270220261837  1.039  3.4  137.3  9.9  0.23  190.0  26.6
270220261838  1.039  3.5  137.1  9.9  0.06  180.2  26.6
270220261839  1.037  3.5  137.0  9.9  0.16  195.0  26.6
270220261840  1.039  3.5  139.3  9.9  0.07  186.8  26.6
270220261841  1.038  3.3  137.8  9.9  0.13  179.2  26.6
270220261842  1.038  3.1  137.0  9.9  0.05  152.7  26.6
270220261843  1.037  2.8  136.3  9.9  0.04  170.6  26.6
270220261844  1.033  2.8  139.0  9.9  0.11  161.1  26.6
270220261845  1.032  3.0  138.0  9.9  0.06  24.9  26.6
270220261846  1.030  2.9  138.3  7.6  0.03  209.7  26.7
270220261847  1.030  2.7  140.3  7.6  0.10  6.8  26.7
270220261848  1.030  2.5  142.6  5.9  0.04  157.7  26.7
270220261849  1.028  2.4  143.8  5.9  0.10  296.6  26.7
270220261850  1.028  2.4  144.5  5.8  0.02  95.2  26.7
270220261851  1.028  2.5  144.6  5.8  0.07  202.2  26.7
270220261852  1.028  2.7  143.0  5.9  0.04  171.6  26.7
270220261853  1.025  3.1  143.6  6.4  0.06  212.2  26.7
270220261854  1.024  3.4  141.7  7.0  0.09  190.0  26.7
270220261855  1.021  3.3  140.7  7.0  0.02  195.7  26.7
270220261856  1.019  3.5  141.1  7.0  0.07  310.4  26.7
270220261857  1.017  3.8  140.5  9.0  0.10  111.5  26.7
270220261858  1.015  4.0  140.0  9.0  0.05  355.4  26.7
270220261859  1.012  4.3  139.7  9.0  0.05  19.5  26.7
270220261900  1.009  4.8  136.4  9.6  0.16  16.3  26.7
270220261901  1.006  4.8  139.5  9.6  0.05  35.5  26.7
270220261902  1.002  4.8  140.4  9.6  0.09  350.3  26.7
270220261903  0.999  4.7  143.7  9.6  0.04  328.8  26.7
270220261904  0.996  4.8  145.9  9.6  0.06  40.0  26.7
270220261905  0.993  5.2  145.9  10.2  0.10  47.6  26.7
270220261906  0.990  5.3  146.3  10.2  0.16  7.3  26.7
270220261907  0.988  5.1  148.9  10.2  0.16  12.8  26.7
270220261908  0.985  5.2  150.3  10.2  0.14  27.2  26.7
270220261909  0.983  5.4  152.2  10.2  0.15  19.1  26.7
270220261910  0.981  5.4  160.9  10.9  0.15  354.5  26.7
270220261911  0.978  5.7  162.5  10.9  0.11  3.9  26.7
270220261912  0.975  6.1  164.5  10.9  0.21  17.5  26.7
270220261913  0.973  6.2  164.7  10.9  0.08  340.9  26.7
270220261914  0.971  6.1  166.4  10.9  0.15  10.0  26.7
270220261915  0.969  6.1  170.1  10.9  0.21  358.3  26.7
270220261916  0.965  6.1  174.4  10.9  0.23  1.3  26.7
270220261917  0.962  6.3  176.2  10.9  0.13  1.6  26.7
270220261918  0.959  6.4  178.9  10.9  0.28  15.9  26.7
270220261919  0.956  6.3  183.0  10.9  0.26  1.0  26.7
270220261920  0.953  6.1  183.8  10.3  0.10  349.2  26.7
270220261921  0.950  6.3  184.2  14.2  0.17  358.0  26.7
270220261922  0.946  6.4  185.6  14.6  0.14  343.1  26.7
270220261923  0.942  6.5  185.3  14.6  0.13  343.4  26.7
270220261924  0.939  6.6  184.7  14.6  0.16  336.5  26.7
270220261925  0.937  6.5  184.4  14.6  0.20  5.6  26.7
270220261926  0.933  7.0  184.3  14.6  0.09  10.0  26.7
270220261927  0.930  7.1  183.7  14.6  0.13  334.4  26.7
270220261928  0.926  6.9  182.9  14.6  0.19  331.8  26.7
270220261929  0.923  7.0  180.3  14.6  0.23  350.5  26.7
270220261930  0.919  7.3  180.4  14.6  0.10  320.1  26.7
270220261931  0.914  7.2  181.3  14.6  0.23  350.5  26.8
270220261932  0.909  7.2  182.5  13.7  0.16  348.3  26.8
270220261933  0.905  7.1  184.5  13.7  0.11  344.7  26.8
270220261934  0.901  7.2  184.5  13.7  0.25  346.7  26.8
270220261935  0.896  7.4  185.1  13.7  0.25  347.7  26.7
270220261936  0.891  7.2  185.0  12.3  0.25  2.8  26.7
270220261937  0.887  7.4  185.5  12.3  0.36  349.7  26.7
270220261938  0.882  7.6  185.8  12.3  0.31  357.5  26.7
270220261939  0.876  7.7  188.7  12.5  0.33  13.0  26.7
270220261940  0.873  7.7  188.6  12.5  0.39  10.9  26.7
270220261941  0.868  7.6  189.1  12.5  0.32  16.5  26.7
270220261942  0.865  7.7  187.9  12.5  0.29  15.8  26.7
270220261943  0.861  7.9  185.8  12.5  0.44  16.3  26.7
270220261944  0.858  8.2  185.2  14.6  0.52  17.3  26.7
270220261945  0.855  8.0  184.1  14.6  0.57  7.4  26.7
270220261946  0.850  7.8  183.0  14.6  0.54  12.5  26.7
270220261947  0.847  7.7  181.6  14.6  0.36  6.3  26.7
270220261948  0.843  7.9  181.5  14.6  0.57  10.6  26.7
270220261949  0.841  7.8  179.0  14.6  0.64  14.7  26.7
270220261950  0.838  7.6  177.0  14.6  0.55  11.6  26.7
270220261951  0.834  7.4  175.7  14.6  0.54  5.6  26.7
270220261952  0.830  7.3  176.6  14.6  0.53  9.6  26.7
270220261953  0.827  7.0  178.0  14.6  0.46  8.1  26.7
270220261954  0.824  6.7  178.7  11.7  0.52  10.2  26.7
270220261955  0.821  6.6  180.6  11.7  0.50  10.2  26.7
270220261956  0.819  6.6  182.0  11.7  0.52  4.4  26.7
270220261957  0.816  6.6  184.7  11.7  0.52  15.1  26.7
270220261958  0.812  6.4  183.7  11.5  0.44  9.0  26.7
270220261959  0.810  6.2  185.0  10.1  0.48  12.8  26.7
270220262000  0.805  6.1  186.4  10.1  0.58  8.3  26.7
270220262001  0.803  6.2  186.4  10.1  0.57  7.3  26.7
270220262002  0.800  6.1  186.4  10.0  0.37  5.8  26.7
270220262003  0.797  6.0  186.6  10.0  0.55  8.8  26.7
270220262004  0.795  5.9  184.5  10.0  0.52  1.6  26.7
270220262005  0.793  5.9  184.7  10.0  0.51  1.4  26.7
270220262006  0.792  5.9  183.1  10.0  0.43  345.9  26.7
270220262007  0.789  5.8  179.9  10.0  0.51  1.3  26.7
270220262008  0.787  5.6  181.9  10.0  0.46  5.1  26.7
270220262009  0.785  5.7  180.2  10.0  0.58  359.6  26.7
270220262010  0.782  5.8  180.6  10.1  0.55  7.6  26.7
270220262011  0.778  5.8  181.2  10.1  0.51  7.0  26.7
270220262012  0.776  5.7  181.1  10.1  0.47  0.9  26.7
270220262013  0.773  5.8  181.5  10.1  0.54  5.4  26.7
270220262014  0.770  5.7  183.6  10.1  0.54  5.4  26.7
270220262015  0.767  5.5  181.7  10.1  0.55  0.7  26.7
270220262016  0.764  5.5  185.2  10.1  0.59  8.1  26.7
270220262017  0.761  5.7  189.2  10.1  0.50  5.1  26.7
270220262018  0.758  6.1  191.2  10.5  0.56  11.0  26.7
270220262019  0.755  6.5  195.2  11.3  0.59  3.2  26.8
270220262020  0.753  6.7  197.2  11.3  0.51  6.1  26.7
270220262021  0.750  7.2  198.8  11.3  0.53  352.0  26.7
270220262022  0.748  7.4  200.0  11.3  0.51  353.5  26.7
270220262023  0.745  7.4  200.6  11.3  0.41  359.9  26.7
270220262024  0.743  7.6  201.6  11.3  0.58  2.7  26.7
270220262025  0.739  8.1  203.2  11.3  0.53  2.0  26.7
270220262026  0.736  8.2  202.5  11.3  0.52  354.8  26.8
270220262027  0.733  8.1  202.6  11.3  0.68  1.3  26.7
270220262028  0.730  7.9  202.9  11.3  0.54  354.2  26.8
270220262029  0.728  7.6  203.3  11.0  0.54  0.3  26.8
270220262030  0.725  7.4  204.8  10.6  0.52  1.4  26.8
270220262031  0.720  7.1  204.7  10.6  0.57  2.2  26.8
270220262032  0.716  6.9  205.8  9.3  0.61  359.4  26.8
270220262033  0.714  6.9  206.7  9.2  0.54  1.6  26.8
270220262034  0.709  7.1  207.0  9.2  0.63  2.3  26.8
270220262035  0.705  6.9  208.3  9.0  0.65  3.8  26.8
270220262036  0.702  6.7  210.5  9.0  0.59  5.9  26.8
270220262037  0.698  6.6  211.8  9.0  0.76  5.6  26.8
270220262038  0.693  6.6  212.7  8.4  0.60  359.0  26.8
270220262039  0.691  6.7  212.2  8.8  0.67  1.6  26.8
270220262040  0.686  6.7  211.0  9.8  0.80  9.4  26.8
270220262041  0.683  6.8  210.9  9.8  0.67  4.3  26.8
270220262042  0.679  6.8  210.6  9.8  0.84  7.1  26.8
270220262043  0.675  6.7  210.0  9.8  0.73  4.4  26.8
270220262044  0.671  6.6  210.4  9.8  0.83  10.5  26.8
270220262045  0.667  6.6  210.2  9.8  0.80  10.6  26.8
270220262046  0.662  6.6  209.7  9.8  0.80  7.1  26.8
270220262047  0.658  6.6  208.3  9.8  0.72  3.5  26.8
270220262048  0.655  6.7  207.3  9.8  0.69  10.5  26.8
270220262049  0.651  6.6  207.8  9.8  0.78  11.4  26.8
270220262050  0.648  6.3  207.5  8.4  0.68  5.3  26.8
270220262051  0.644  6.2  207.1  8.4  0.69  8.7  26.8
270220262052  0.639  6.1  207.5  8.4  0.69  8.4  26.8
270220262053  0.635  6.1  207.4  8.4  0.69  12.9  26.8
270220262054  0.630  6.1  207.6  8.4  0.77  14.1  26.8
270220262055  0.626  6.0  207.5  8.4  0.56  13.2  26.8
270220262056  0.623  6.2  206.6  8.4  0.60  14.9  26.8
270220262057  0.618  6.0  205.7  8.4  0.72  18.1  26.8
270220262058  0.613  5.9  206.5  7.5  0.68  16.9  26.8
270220262059  0.609  5.8  206.5  7.5  0.70  6.8  26.8
270220262100  0.605  5.8  208.2  7.5  0.69  13.9  26.8
270220262101  0.601  5.8  207.8  7.5  0.77  12.3  26.8
270220262102  0.599  5.8  208.4  7.5  0.72  14.9  26.8
270220262103  0.596  5.9  209.3  8.4  0.61  17.1  26.8
270220262104  0.592  6.0  208.5  9.1  0.61  16.7  26.8
270220262105  0.589  6.1  207.7  9.1  0.69  16.0  26.8
270220262106  0.586  6.1  206.3  9.1  0.66  11.7  26.8
270220262107  0.581  6.3  207.2  9.1  0.69  21.9  26.8
270220262108  0.579  6.4  205.9  9.1  0.68  18.2  26.8
270220262109  0.576  6.4  205.2  9.1  0.70  20.4  26.8
270220262110  0.574  6.5  204.2  9.1  0.65  19.8  26.8
270220262111  0.571  6.4  204.1  9.1  0.69  15.3  26.8
270220262112  0.567  6.7  202.3  11.0  0.76  12.6  26.8
270220262113  0.564  6.7  201.1  11.0  0.76  11.0  26.8
270220262114  0.562  6.5  201.0  11.0  0.71  14.4  26.8
270220262115  0.560  6.3  200.3  11.0  0.79  11.4  26.8
270220262116  0.557  6.2  200.1  11.0  0.79  12.6  26.9
270220262117  0.553  6.2  198.9  11.0  0.71  13.0  26.9
270220262118  0.550  5.9  197.6  11.0  0.84  11.8  26.9
270220262119  0.548  6.1  197.7  11.0  0.76  12.4  26.9
270220262120  0.545  6.4  198.0  11.0  0.88  10.0  26.9
270220262121  0.541  6.5  197.9  11.0  0.84  11.1  26.9
270220262122  0.538  6.4  197.6  9.2  0.82  13.3  26.9
270220262123  0.535  6.2  197.6  9.2  0.87  11.8  26.9
270220262124  0.532  6.3  196.8  9.2  0.85  12.0  26.9
270220262125  0.529  6.5  197.3  9.2  0.91  13.4  26.9
270220262126  0.526  6.6  197.2  9.2  0.82  12.6  26.9
270220262127  0.522  6.7  198.2  9.2  0.89  13.6  26.9
270220262128  0.520  6.8  199.3  9.2  0.89  15.0  26.9
270220262129  0.516  6.7  199.2  9.2  0.99  12.4  26.9
270220262130  0.511  6.4  198.5  8.3  0.81  11.4  26.9
270220262131  0.507  6.2  197.8  8.3  0.83  13.0  26.9
270220262132  0.504  6.2  198.0  8.3  0.92  12.8  26.9
270220262133  0.502  6.2  198.4  8.4  0.84  11.5  26.9
270220262134  0.500  6.3  197.6  9.0  0.86  9.6  26.9
270220262135  0.498  6.2  197.0  9.0  0.89  12.5  26.9
270220262136  0.495  6.1  197.4  9.0  0.80  10.0  26.9
270220262137  0.493  6.0  196.1  9.0  0.74  12.6  26.9
270220262138  0.489  6.1  194.5  10.9  0.82  12.7  26.9
270220262139  0.488  6.1  192.8  10.9  0.88  13.8  26.9
270220262140  0.486  6.2  191.8  10.9  0.75  9.6  26.9
270220262141  0.485  6.2  191.3  10.9  0.86  8.8  26.9
270220262142  0.483  6.2  188.3  10.9  0.75  13.0  26.9
270220262143  0.481  6.2  188.1  10.9  0.84  13.5  26.9
270220262144  0.481  5.9  188.1  10.9  0.79  10.4  26.9
270220262145  0.478  5.7  186.6  10.9  0.73  7.6  26.9
270220262146  0.478  5.4  184.0  10.9  0.71  8.8  26.9
270220262147  0.478  5.2  183.9  10.9  0.67  14.2  26.9
270220262148  0.477  5.0  185.1  9.7  0.66  11.0  26.9
270220262149  0.475  4.8  185.9  9.7  0.71  9.7  26.9
270220262150  0.472  4.7  185.8  9.7  0.73  12.7  26.9
270220262151  0.470  4.6  186.9  9.7  0.76  8.7  26.9
270220262152  0.466  4.3  189.6  8.8  0.57  5.3  26.9
270220262153  0.464  4.1  187.7  8.5  0.76  5.7  26.9
270220262154  0.464  4.0  187.4  7.4  0.79  6.1  26.9
270220262155  0.463  4.0  190.1  7.4  0.81  9.0  26.9
270220262156  0.461  4.3  193.8  7.4  0.64  6.5  26.9
270220262157  0.459  4.4  195.5  7.4  0.67  8.8  26.9
270220262158  0.456  4.3  196.3  7.4  0.75  6.2  26.9
270220262159  0.454  4.3  198.3  7.4  0.75  9.4  26.9
270220262200  0.451  4.4  201.7  6.7  0.67  8.7  26.9
270220262201  0.449  4.6  203.8  6.7  0.74  5.2  26.9
270220262202  0.446  4.8  206.8  8.2  0.64  2.8  26.9
270220262203  0.444  5.2  209.5  8.2  0.78  6.6  26.9
270220262204  0.441  5.5  209.2  8.2  0.64  9.7  26.9
270220262205  0.437  5.6  208.5  8.2  0.69  3.2  26.9
270220262206  0.434  5.6  208.3  8.2  0.69  6.9  26.9
270220262207  0.432  5.8  208.4  8.2  0.70  2.1  26.9
270220262208  0.430  6.2  207.8  10.4  0.67  3.2  26.9
270220262209  0.426  6.5  207.5  10.4  0.66  6.9  26.9
270220262210  0.422  6.7  206.0  10.4  0.66  4.4  26.9
270220262211  0.417  6.7  204.6  10.4  0.55  4.1  26.9
270220262212  0.413  6.7  202.9  10.4  0.74  7.0  26.9
270220262213  0.410  6.5  201.1  10.4  0.71  3.4  26.9
270220262214  0.407  6.7  201.5  10.4  0.77  7.1  26.9
270220262215  0.403  6.6  199.6  10.4  0.70  10.0  26.9
270220262216  0.401  6.2  196.9  10.4  0.75  10.9  26.9
270220262217  0.399  5.9  194.5  10.4  0.69  9.4  26.9
270220262218  0.396  5.3  191.1  9.6  0.78  8.3  26.9
270220262219  0.395  5.0  187.2  9.6  0.69  4.0  26.9
270220262220  0.393  4.8  184.3  9.6  0.72  6.6  26.9
270220262221  0.390  4.4  179.5  9.6  0.65  9.5  26.9
270220262222  0.388  4.0  170.6  9.6  0.74  9.2  27.0
270220262223  0.384  3.6  162.4  9.6  0.73  9.1  27.0
270220262224  0.383  3.3  153.8  7.8  0.69  8.2  27.0
270220262225  0.381  3.0  156.7  7.8  0.70  4.2  27.0
270220262226  0.380  3.1  162.5  7.8  0.68  9.3  27.0
270220262227  0.378  3.2  162.6  7.8  0.63  8.6  27.0
270220262228  0.377  3.5  164.5  8.1  0.61  6.3  27.0
270220262229  0.375  3.6  166.1  8.1  0.70  7.0  27.0
270220262230  0.374  3.6  167.0  8.7  0.73  6.7  27.0
270220262231  0.373  3.9  172.6  8.7  0.69  8.2  27.0
270220262232  0.371  4.2  180.8  8.7  0.59  7.3  27.0
270220262233  0.370  4.7  185.9  8.7  0.65  4.3  27.0
270220262234  0.368  5.3  189.4  9.4  0.72  5.6  27.0
270220262235  0.366  5.5  189.0  9.4  0.70  6.2  27.0
270220262236  0.366  5.5  191.0  9.4  0.59  7.0  27.0
270220262237  0.365  5.7  193.3  9.4  0.65  3.0  27.0
270220262238  0.364  5.7  197.1  9.4  0.68  5.8  27.0
270220262239  0.366  5.9  198.4  9.4  0.64  2.0  27.0
270220262240  0.364  6.0  200.5  9.4  0.60  7.2  27.0
270220262241  0.364  6.3  203.2  9.7  0.70  6.0  27.0
270220262242  0.363  6.8  206.0  10.8  0.61  1.1  27.0
270220262243  0.363  7.4  207.8  13.4  0.53  7.9  27.0
270220262244  0.363  7.5  207.2  13.4  0.52  1.8  27.0
270220262245  0.362  7.5  205.9  13.4  0.56  0.7  27.0
270220262246  0.363  7.9  203.5  13.4  0.63  2.5  27.0
270220262247  0.363  8.2  200.5  13.4  0.62  1.9  27.0
270220262248  0.362  8.4  199.1  13.4  0.48  3.7  27.0
270220262249  0.362  8.7  198.9  13.4  0.56  4.4  27.0
270220262250  0.361  8.7  199.1  13.4  0.67  2.9  27.0
270220262251  0.360  8.8  198.3  13.4  0.54  358.4  27.0
270220262252  0.360  8.7  195.7  13.4  0.59  2.9  27.0
270220262253  0.356  8.3  193.3  13.2  0.53  359.8  27.0
270220262254  0.355  8.1  193.5  13.2  0.61  0.6  27.0
270220262255  0.354  8.2  195.2  13.2  0.70  5.1  27.0
270220262256  0.353  8.0  197.3  13.1  0.60  0.9  27.0
270220262257  0.351  7.8  200.3  11.2  0.61  1.4  27.0
270220262258  0.350  7.3  199.4  11.2  0.60  3.5  27.0
270220262259  0.351  6.9  198.7  10.8  0.59  5.5  27.0
270220262300  0.349  6.6  195.9  10.8  0.60  354.5  27.0
270220262301  0.351  6.0  192.7  10.2  0.63  5.4  27.0
270220262302  0.352  5.3  196.7  10.2  0.39  354.2  27.0
270220262303  0.355  5.0  199.3  10.2  0.51  354.8  27.0
270220262304  0.356  4.3  201.0  10.2  0.53  359.7  27.0
270220262305  0.359  3.5  192.6  9.6  0.49  6.4  27.0
270220262306  0.360  2.8  187.2  9.6  0.57  3.7  27.0
270220262307  0.361  2.4  181.3  7.8  0.59  2.1  27.0
270220262308  0.360  2.1  183.2  7.8  0.62  0.3  27.0
270220262309  0.360  1.6  175.3  7.8  0.53  7.9  27.0
270220262310  0.360  1.2  161.5  7.0  0.60  1.6  27.0
270220262311  0.359  1.2  162.7  7.0  0.53  4.3  27.0
270220262312  0.359  1.3  149.8  7.0  0.59  1.9  27.1
270220262313  0.360  1.4  136.8  7.0  0.59  7.0  27.1
270220262314  0.360  1.5  128.4  7.0  0.59  3.3  27.1
270220262315  0.360  1.3  130.2  6.9  0.67  4.2  27.1
270220262316  0.359  1.4  116.3  6.9  0.55  3.7  27.1
270220262317  0.360  1.5  103.8  6.9  0.61  4.7  27.1
270220262318  0.359  1.7  98.5  6.9  0.52  2.7  27.1
270220262319  0.358  1.6  98.6  6.9  0.63  3.2  27.1
270220262320  0.358  1.4  98.0  6.2  0.61  2.2  27.1
270220262321  0.358  1.4  89.8  6.2  0.54  3.6  27.1
270220262322  0.358  1.8  88.2  6.2  0.61  0.6  27.1
270220262323  0.359  1.8  93.0  6.2  0.51  1.9  27.1
270220262324  0.360  2.0  97.1  8.0  0.50  2.6  27.1
270220262325  0.360  2.2  91.4  8.0  0.55  1.3  27.1
270220262326  0.359  2.3  94.7  10.3  0.48  4.4  27.1
270220262327  0.358  2.0  94.4  10.3  0.57  2.8  27.1
270220262328  0.356  1.8  100.1  10.3  0.59  6.4  27.1
270220262329  0.356  1.7  95.9  10.3  0.66  5.3  27.1
270220262330  0.356  1.7  106.5  10.3  0.41  1.6  27.1
270220262331  0.354  1.8  110.0  10.3  0.62  4.3  27.1
270220262332  0.354  1.6  117.4  10.3  0.53  9.2  27.1
270220262333  0.352  1.7  110.4  10.3  0.53  6.6  27.1
270220262334  0.350  1.5  116.5  10.3  0.57  3.1  27.1
270220262335  0.349  1.5  127.7  10.3  0.62  2.3  27.1
270220262336  0.348  1.1  146.7  6.1  0.50  1.3  27.1
270220262337  0.348  1.2  147.8  6.1  0.41  0.4  27.1
270220262338  0.347  1.2  160.2  6.1  0.56  4.5  27.1
270220262339  0.349  1.4  163.3  6.1  0.59  0.3  27.1
270220262340  0.350  1.1  173.0  6.1  0.52  4.2  27.1
270220262341  0.351  1.0  173.9  6.1  0.56  359.8  27.1
270220262342  0.351  0.8  174.5  6.1  0.46  2.7  27.1
270220262343  0.351  0.7  199.6  6.1  0.68  7.1  27.1
270220262344  0.352  0.8  196.8  6.1  0.54  6.3  27.1
270220262345  0.353  0.7  217.8  5.6  0.41  0.1  27.1
270220262346  0.356  0.8  192.1  5.6  0.53  6.6  27.1
270220262347  0.360  0.8  190.3  5.6  0.45  358.9  27.1
270220262348  0.363  0.7  180.5  5.6  0.48  355.4  27.1
270220262349  0.364  0.8  182.2  5.6  0.50  359.9  27.1
270220262350  0.367  0.9  168.2  5.6  0.49  1.1  27.1
270220262351  0.367  1.2  177.5  5.6  0.59  358.7  27.1
270220262352  0.367  1.6  181.1  5.6  0.39  356.9  27.1
270220262353  0.368  1.9  176.2  5.6  0.54  1.2  27.1
270220262354  0.370  1.7  174.5  4.7  0.51  359.0  27.1
270220262355  0.371  2.1  173.2  4.8  0.41  2.1  27.1
270220262356  0.372  2.2  168.7  6.7  0.42  3.4  27.1
270220262357  0.373  2.5  170.2  6.7  0.42  358.0  27.1
270220262358  0.374  2.7  165.7  6.7  0.38  355.2  27.1
270220262359  0.375  2.8  163.9  6.7  0.38  357.4  27.1
280220260000  0.376  3.0  165.0  6.7  0.32  355.8  27.1
280220260001  0.378  2.9  160.1  6.7  0.44  356.3  27.1
280220260002  0.381  2.9  157.8  6.7  0.36  5.6  27.1
280220260003  0.383  2.9  154.2  6.7  0.28  0.4  27.1
280220260004  0.386  2.9  156.1  6.7  0.30  351.6  27.1
280220260005  0.388  2.7  159.4  6.7  0.36  0.8  27.1
280220260006  0.391  2.6  166.5  5.4  0.31  5.3  27.1
280220260007  0.394  2.6  159.2  8.4  0.28  346.6  27.1
280220260008  0.396  2.6  159.2  8.4  0.32  357.9  27.1
280220260009  0.398  2.7  159.8  8.4  0.28  349.8  27.1
280220260010  0.400  2.7  159.5  8.4  0.30  351.2  27.1
280220260011  0.403  2.9  159.6  8.4  0.22  357.7  27.1
280220260012  0.405  2.9  155.6  8.4  0.13  343.4  27.1
280220260013  0.407  3.0  158.3  8.4  0.11  3.8  27.1
280220260014  0.410  3.1  158.8  8.4  0.15  357.2  27.1
280220260015  0.412  3.3  157.8  8.4  0.16  352.8  27.1
280220260016  0.415  3.4  154.9  8.4  0.14  351.1  27.1
280220260017  0.417  3.2  154.0  7.7  0.11  343.9  27.1
280220260018  0.421  3.1  153.6  7.0  0.07  338.2  27.1
280220260019  0.422  3.1  148.8  7.2  0.15  22.8  27.1
280220260020  0.426  3.0  145.2  7.2  0.05  304.6  27.1
280220260021  0.430  2.6  145.5  7.2  0.06  330.2  27.1
280220260022  0.435  2.3  151.0  7.2  0.10  29.1  27.1
280220260023  0.441  2.3  141.9  7.2  0.12  10.9  27.1
280220260024  0.443  2.4  137.0  7.2  0.09  24.6  27.1
280220260025  0.447  2.3  132.9  7.2  0.04  15.0  27.1
280220260026  0.450  2.2  133.7  7.2  0.04  262.3  27.1
280220260027  0.453  2.1  137.0  7.2  0.04  318.7  27.1
280220260028  0.457  1.9  124.5  7.2  0.06  244.7  27.1
280220260029  0.461  1.9  115.7  7.1  nan  nan  nan
280220260030  0.463  1.6  111.6  7.1  0.05  169.0  27.1
280220260031  0.467  1.9  123.2  7.4  0.10  204.0  27.1
280220260032  0.470  2.3  126.7  7.4  0.14  193.1  27.1
280220260033  0.472  1.9  123.6  7.4  0.06  330.4  27.1
280220260034  0.475  1.6  114.7  7.4  0.14  199.6  27.1
280220260035  0.476  1.6  108.9  7.4  0.25  189.1  27.1
280220260036  0.480  1.6  100.7  7.4  0.34  192.0  27.1
280220260037  0.483  1.7  96.4  7.4  0.26  195.2  27.1
280220260038  0.485  1.6  117.6  7.4  0.34  202.6  27.1
280220260039  0.489  1.5  131.8  7.4  0.21  196.3  27.1
280220260040  0.493  1.6  130.8  7.4  0.29  196.2  27.1
280220260041  0.496  1.2  119.3  7.2  0.38  192.3  27.0
280220260042  0.500  0.7  95.3  7.2  0.42  193.2  27.0
280220260043  0.503  0.7  110.4  7.2  0.34  186.7  27.0
280220260044  0.508  0.5  130.1  7.2  0.21  184.8  27.0
280220260045  0.512  0.6  90.8  7.2  0.30  175.6  27.0
280220260046  0.516  0.6  77.0  7.2  0.25  169.9  27.0
280220260047  0.521  0.6  70.6  7.2  0.23  182.3  27.0
280220260048  0.524  0.8  43.1  7.2  0.19  171.0  27.0
280220260049  0.526  1.2  37.9  7.1  0.28  184.4  27.0
280220260050  0.529  1.1  33.9  7.1  0.35  173.9  27.0
280220260051  0.531  1.3  45.4  7.1  0.27  170.8  27.0
280220260052  0.535  1.3  60.4  7.1  0.28  184.1  27.0
280220260053  0.538  1.4  64.3  7.1  0.28  174.1  27.0
280220260054  0.541  1.4  67.8  7.1  0.31  181.8  26.9
280220260055  0.544  0.9  79.9  5.2  0.27  177.2  26.9
280220260056  0.546  0.8  82.4  4.7  0.24  187.2  26.9
280220260057  0.551  0.6  89.4  4.6  0.23  179.9  26.9
280220260058  0.553  0.6  95.7  4.6  0.32  180.7  26.9
280220260059  0.556  0.4  125.0  4.1  0.35  181.2  26.9
280220260100  0.559  0.3  125.3  4.1  0.24  182.9  26.9
280220260101  0.563  0.3  198.9  4.1  0.31  185.4  26.9
280220260102  0.566  0.3  200.7  4.1  0.24  172.4  26.9
280220260103  0.570  0.6  169.9  6.4  0.24  186.7  26.9
280220260104  0.575  0.6  158.2  6.4  0.27  179.3  26.9
280220260105  0.577  0.5  129.5  6.4  0.38  175.4  26.9
280220260106  0.581  0.6  142.7  6.4  0.30  181.5  26.9
280220260107  0.585  0.8  138.4  6.4  0.35  183.2  26.9
280220260108  0.587  0.7  135.3  6.4  0.25  170.3  26.9
280220260109  0.591  0.8  118.3  6.4  0.30  175.5  26.9
280220260110  0.594  1.0  116.7  6.4  0.37  189.1  26.9
280220260111  0.596  1.3  106.4  6.4  0.39  180.1  26.9
280220260112  0.599  1.5  96.4  6.4  0.33  184.3  26.9
280220260113  0.603  1.4  83.6  4.6  0.30  171.3  26.9
280220260114  0.604  1.6  78.8  4.6  0.36  180.8  26.9
280220260115  0.607  1.5  81.4  4.6  0.43  181.5  26.9
280220260116  0.611  1.5  76.4  4.6  0.37  185.8  26.9
280220260117  0.614  1.6  75.5  4.6  0.42  184.2  26.9
280220260118  0.616  1.4  87.4  4.6  0.21  185.3  26.9
280220260119  0.619  1.2  95.4  4.6  0.28  176.8  26.9
280220260120  0.623  1.1  95.9  4.6  0.31  187.5  26.9
280220260121  0.626  1.0  107.2  4.6  0.29  186.2  26.9
280220260122  0.628  0.9  123.2  4.6  0.31  199.8  26.9
280220260123  0.631  1.0  126.7  4.6  0.25  192.2  26.9
280220260124  0.634  1.1  136.5  5.3  0.36  190.3  26.9
280220260125  0.636  1.3  146.7  5.3  0.40  192.8  26.9
280220260126  0.641  1.5  146.5  5.3  0.48  195.8  26.9
280220260127  0.643  1.7  151.3  5.3  0.30  191.5  26.9
280220260128  0.646  2.0  145.4  5.9  0.41  187.0  26.9
280220260129  0.649  2.1  142.3  5.9  0.41  197.1  26.9
280220260130  0.653  2.1  142.8  5.9  0.37  179.9  26.9
280220260131  0.657  2.1  140.5  5.9  0.32  187.3  26.9
280220260132  0.662  2.4  136.4  5.9  0.49  180.8  26.9
280220260133  0.666  2.5  142.8  5.9  0.34  186.1  26.9
280220260134  0.671  2.4  142.8  5.9  0.33  182.5  26.9
280220260135  0.676  2.5  140.0  5.9  0.43  178.4  26.9
280220260136  0.680  2.6  144.3  5.9  0.43  178.1  26.9
280220260137  0.687  2.8  145.2  6.4  0.38  182.6  26.9
280220260138  0.692  2.7  148.8  6.4  0.42  177.2  26.9
280220260139  0.697  3.1  153.9  7.5  0.41  180.2  26.9
280220260140  0.703  3.4  155.7  7.6  0.45  170.6  26.9
280220260141  0.710  3.5  156.2  7.6  0.50  180.9  26.9
280220260142  0.715  3.4  159.1  7.6  0.55  179.0  26.9
280220260143  0.721  3.5  164.1  7.6  0.39  176.2  26.9
280220260144  0.728  4.1  169.1  10.6  0.54  176.3  26.9
280220260145  0.735  4.6  172.6  10.6  0.64  183.4  26.9
280220260146  0.740  4.6  171.4  10.6  0.52  173.7  26.9
280220260147  0.746  4.4  170.5  10.6  0.59  175.1  26.9
280220260148  0.751  4.7  168.6  12.5  0.69  174.6  26.9
280220260149  0.754  4.7  171.3  12.5  0.71  175.1  26.9
280220260150  0.761  4.8  176.8  12.5  0.62  175.3  26.8
280220260151  0.766  5.5  180.2  12.5  0.51  177.7  26.9
280220260152  0.772  5.9  180.5  12.5  0.64  171.1  26.8
280220260153  0.777  6.0  178.1  14.6  0.46  169.3  26.9
280220260154  0.781  6.0  177.6  14.6  0.75  170.4  26.8
280220260155  0.786  5.9  177.2  14.6  0.79  173.2  26.8
280220260156  0.792  5.8  177.6  14.6  0.74  172.1  26.8
280220260157  0.798  6.2  180.7  14.6  0.68  170.1  26.8
280220260158  0.802  5.8  182.2  14.6  0.72  168.9  26.8
280220260159  0.807  5.4  179.7  14.6  0.89  176.5  26.8
280220260200  0.811  4.9  176.4  14.6  0.77  172.2  26.8
280220260201  0.814  4.1  175.6  14.6  0.80  173.2  26.8
280220260202  0.820  3.6  174.4  14.6  0.84  170.4  26.8
280220260203  0.827  3.3  173.6  10.2  0.77  167.1  26.8
280220260204  0.833  2.7  168.4  8.8  0.84  171.4  26.8
280220260205  0.839  2.7  161.8  8.8  0.81  175.0  26.8
280220260206  0.844  2.9  154.4  8.8  0.87  169.3  26.8
280220260207  0.850  2.9  144.2  9.5  0.94  172.8  26.8
280220260208  0.853  3.2  142.3  10.2  0.72  167.7  26.8
280220260209  0.861  3.7  141.4  10.2  0.77  166.4  26.8
280220260210  0.866  3.8  139.1  10.2  0.88  168.2  26.8
280220260211  0.872  3.9  133.8  10.2  0.73  167.7  26.8
280220260212  0.877  3.9  126.1  10.2  0.85  166.5  26.8
280220260213  0.882  4.0  120.1  10.2  0.96  167.7  26.8
280220260214  0.888  3.9  118.2  10.2  0.85  167.2  26.8
280220260215  0.893  3.6  119.4  10.2  0.80  167.5  26.8
280220260216  0.899  3.2  119.0  10.2  0.81  166.8  26.8
280220260217  0.903  2.9  119.2  10.2  0.88  168.6  26.8
280220260218  0.908  2.6  113.0  9.3  0.98  171.0  26.8
280220260219  0.914  2.1  103.0  7.2  0.90  168.7  26.8
280220260220  0.917  2.1  97.1  7.2  0.77  170.2  26.8
280220260221  0.922  2.0  93.5  7.2  0.93  175.2  26.8
280220260222  0.928  1.8  99.8  6.8  0.82  180.0  26.8
280220260223  0.933  1.4  110.0  5.0  0.84  183.6  26.8
280220260224  0.939  1.5  113.3  4.4  0.96  179.4  26.8
280220260225  0.944  1.5  106.9  4.4  0.98  175.9  26.8
280220260226  0.948  1.3  107.3  4.4  0.86  176.0  26.8
280220260227  0.953  1.1  100.8  4.3  0.89  174.2  26.8
280220260228  0.957  1.1  103.2  3.9  0.85  178.1  26.8
280220260229  0.961  1.1  113.2  3.9  0.89  175.3  26.8
280220260230  0.967  1.3  128.3  6.0  0.87  173.9  26.8
280220260231  0.970  1.5  130.6  6.0  0.83  178.2  26.8
280220260232  0.975  1.6  134.3  6.0  0.85  181.2  26.8
280220260233  0.979  1.4  132.3  6.0  0.88  182.2  26.8
280220260234  0.983  1.3  136.4  6.0  0.91  181.4  26.8
280220260235  0.987  1.3  141.6  6.0  0.89  181.7  26.7
280220260236  0.990  1.4  145.0  6.0  0.80  179.5  26.7
280220260237  0.994  1.8  150.2  8.2  0.77  181.9  26.7
280220260238  0.999  2.0  155.9  8.2  0.67  180.5  26.8
280220260239  1.003  1.9  154.4  8.2  0.67  185.8  26.8
280220260240  1.009  1.5  156.3  8.2  0.81  184.5  26.8
280220260241  1.014  1.8  161.4  8.2  0.81  188.5  26.8
280220260242  1.019  2.0  160.9  8.2  0.85  183.4  26.8
280220260243  1.025  2.1  159.0  8.2  0.82  189.5  26.7
280220260244  1.030  2.1  162.4  8.2  0.85  184.6  26.7
280220260245  1.035  2.2  165.5  8.2  0.79  188.9  26.7
280220260246  1.039  2.2  167.2  8.2  0.84  189.7  26.7
280220260247  1.044  2.0  169.7  6.0  0.72  186.1  26.7
280220260248  1.049  1.9  176.9  6.0  0.96  181.4  26.7
280220260249  1.053  2.2  183.7  6.0  0.96  179.6  26.7
280220260250  1.058  2.6  182.5  6.3  1.03  175.3  26.7
280220260251  1.062  2.6  186.1  6.3  0.97  178.3  26.7
280220260252  1.067  2.5  188.6  6.3  0.88  178.4  26.7
280220260253  1.070  2.8  190.4  6.3  1.02  180.9  26.7
280220260254  1.075  3.1  190.4  6.3  1.01  178.3  26.7
280220260255  1.081  3.4  189.0  6.3  1.00  178.6  26.7
280220260256  1.085  3.4  188.7  6.3  1.07  177.4  26.7
280220260257  1.091  3.6  190.1  6.3  0.94  178.8  26.7
280220260258  1.097  3.9  189.1  6.3  0.99  178.0  26.7
280220260259  1.103  4.0  188.0  6.3  0.91  182.0  26.7
280220260300  1.108  3.9  189.3  5.9  0.79  180.0  26.7
280220260301  1.114  4.1  191.5  5.9  1.04  178.4  26.7
280220260302  1.121  4.3  193.7  5.9  0.85  177.9  26.7
280220260303  1.126  4.5  197.1  5.9  0.88  178.3  26.7
280220260304  1.132  4.6  199.3  7.2  0.87  181.9  26.6
280220260305  1.136  4.5  199.5  7.2  0.90  182.5  26.6
280220260306  1.143  4.6  199.6  7.2  0.83  180.6  26.7
280220260307  1.149  4.6  198.6  7.2  0.82  184.7  26.7
280220260308  1.155  4.6  199.4  7.2  0.78  184.0  26.7
280220260309  1.161  4.6  199.4  7.2  0.71  192.2  26.7
280220260310  1.167  4.8  201.0  7.2  0.72  188.9  26.7
280220260311  1.172  4.9  201.1  7.2  0.75  185.1  26.7
280220260312  1.178  5.0  201.6  7.2  0.71  186.3  26.7
280220260313  1.184  5.1  200.8  8.2  0.78  188.9  26.7
280220260314  1.191  5.2  199.5  8.2  0.84  188.8  26.7
280220260315  1.197  5.6  201.1  8.9  0.55  193.3  26.7
280220260316  1.203  5.9  201.8  8.9  0.67  192.2  26.7
280220260317  1.211  6.0  201.4  8.9  0.74  192.0  26.7
280220260318  1.216  6.0  200.3  8.9  0.62  189.6  26.7
280220260319  1.220  6.0  200.3  8.9  0.77  186.5  26.7
280220260320  1.225  6.2  198.6  10.5  0.79  186.2  26.7
280220260321  1.231  6.2  198.0  10.5  0.83  188.4  26.7
280220260322  1.237  6.3  197.1  10.5  0.83  188.1  26.7
280220260323  1.243  6.1  194.4  10.5  0.79  188.6  26.7
280220260324  1.249  6.0  194.3  10.5  0.87  184.5  26.7
280220260325  1.254  5.8  192.7  10.5  0.88  185.5  26.7
280220260326  1.260  5.5  189.9  10.5  0.85  185.5  26.6
280220260327  1.267  5.3  188.6  10.5  0.86  180.0  26.6
280220260328  1.272  5.2  188.1  10.5  0.84  183.2  26.6
280220260329  1.277  5.1  188.3  10.5  0.81  176.9  26.6
280220260330  1.282  4.9  189.0  7.4  0.83  178.9  26.6
280220260331  1.289  4.9  185.6  7.4  0.76  174.3  26.6
280220260332  1.294  4.9  187.2  7.6  0.85  180.8  26.6
280220260333  1.300  4.9  189.4  7.6  0.87  177.5  26.6
280220260334  1.306  4.9  190.3  7.6  1.00  183.7  26.6
280220260335  1.311  5.1  191.8  8.8  0.96  181.4  26.6
280220260336  1.317  5.4  194.6  8.8  0.97  178.0  26.6
280220260337  1.322  5.7  195.1  8.8  1.00  177.9  26.6
280220260338  1.326  5.9  196.1  8.8  0.94  177.6  26.6
280220260339  1.330  6.2  196.1  8.8  0.88  172.8  26.6
280220260340  1.335  6.3  196.0  8.8  0.90  176.7  26.6
280220260341  1.339  6.4  198.7  8.8  1.01  174.2  26.6
280220260342  1.344  6.4  197.7  8.8  0.88  177.8  26.5
280220260343  1.348  6.5  198.0  8.8  0.91  174.2  26.5
280220260344  1.353  6.7  197.2  8.8  0.95  175.7  26.6
280220260345  1.357  6.5  196.7  8.6  0.92  178.2  26.5
280220260346  1.362  6.5  196.8  8.5  0.99  178.8  26.6
280220260347  1.366  6.3  196.6  8.1  0.71  179.9  26.6
280220260348  1.369  6.3  196.3  8.1  0.89  177.5  26.6
280220260349  1.374  6.3  196.0  8.7  0.87  180.1  26.6
280220260350  1.377  6.3  197.0  8.7  0.80  181.6  26.6
280220260351  1.380  6.5  197.9  9.4  0.89  178.0  26.5
280220260352  1.385  6.5  198.8  9.4  0.78  183.4  26.5
280220260353  1.388  6.5  197.7  9.5  0.81  177.4  26.5
280220260354  1.392  6.5  198.3  9.5  0.74  182.6  26.5
280220260355  1.394  6.6  198.0  9.5  0.71  181.2  26.5
280220260356  1.400  6.7  197.4  9.5  0.77  182.9  26.5
280220260357  1.402  6.7  197.1  9.5  0.76  185.0  26.5
280220260358  1.406  6.8  197.9  9.5  0.76  183.9  26.5
280220260359  1.411  6.7  198.4  9.5  0.68  185.6  26.5
280220260400  1.413  6.6  197.7  9.5  0.66  185.1  26.5
280220260401  1.416  6.4  197.3  9.5  0.73  185.1  26.5
280220260402  1.418  6.6  197.1  9.5  0.77  184.3  26.5
280220260403  1.422  6.5  198.9  9.0  0.70  184.1  26.5
280220260404  1.426  6.6  198.6  9.0  0.79  187.2  26.5
280220260405  1.430  6.7  198.5  11.3  0.67  179.6  26.5
280220260406  1.433  6.6  196.6  11.3  0.81  184.9  26.5
280220260407  1.437  6.6  196.9  11.3  0.72  181.1  26.5
280220260408  1.441  6.6  195.4  11.3  0.75  179.7  26.5
280220260409  1.444  6.4  194.4  11.3  0.65  173.6  26.5
280220260410  1.447  6.5  194.2  11.3  0.58  178.3  26.5
280220260411  1.451  6.5  193.3  11.3  0.63  178.4  26.5
280220260412  1.455  6.4  191.7  11.3  0.71  179.8  26.4
280220260413  1.459  6.3  190.8  11.3  0.65  174.6  26.4
280220260414  1.462  6.2  191.3  11.3  0.60  178.2  26.4
280220260415  1.466  6.0  191.5  8.9  0.71  179.8  26.4
280220260416  1.469  5.9  193.5  8.9  0.65  173.7  26.4
280220260417  1.474  6.1  194.5  9.2  0.54  174.2  26.4
280220260418  1.477  6.2  195.3  9.2  0.69  176.4  26.4
280220260419  1.481  6.5  195.4  9.2  0.60  170.4  26.4
280220260420  1.485  6.5  196.0  9.2  0.73  176.6  26.4
280220260421  1.489  6.7  196.0  9.8  0.70  175.5  26.4
280220260422  1.493  6.8  195.7  9.8  0.65  172.9  26.4
280220260423  1.497  6.9  195.2  9.8  0.67  178.8  26.4
280220260424  1.501  7.0  193.3  10.4  0.72  176.3  26.4
280220260425  1.504  7.1  191.7  10.4  0.62  176.5  26.4
280220260426  1.508  7.0  191.5  10.4  0.75  166.3  26.4
280220260427  1.513  6.9  191.5  10.4  0.79  171.7  26.4
280220260428  1.517  6.9  191.9  10.4  0.74  172.8  26.4
280220260429  1.521  6.9  192.5  10.4  0.79  172.3  26.4
280220260430  1.525  7.0  192.3  10.4  0.75  179.0  26.4
280220260431  1.527  6.9  193.1  10.4  0.89  174.7  26.4
280220260432  1.530  6.9  194.2  10.4  0.86  177.6  26.4
280220260433  1.534  6.8  194.5  10.4  0.77  178.3  26.4
280220260434  1.538  6.5  195.1  9.4  0.75  172.2  26.3
280220260435  1.542  6.2  195.3  9.0  0.69  178.2  26.3
280220260436  1.546  6.1  192.9  9.0  0.60  177.2  26.3
280220260437  1.548  5.8  190.9  9.0  0.81  180.8  26.3
280220260438  1.551  5.4  191.6  9.0  0.68  170.7  26.3
280220260439  1.555  5.1  192.7  9.0  0.74  174.7  26.3
280220260440  1.558  5.0  193.7  8.9  0.67  174.1  26.3
280220260441  1.564  4.8  195.3  8.6  0.72  178.7  26.3
280220260442  1.568  4.7  195.7  8.2  0.60  171.0  26.3
280220260443  1.571  4.7  194.9  7.9  0.73  179.4  26.3
280220260444  1.573  4.7  195.5  7.9  0.66  175.7  26.3
280220260445  1.577  5.1  199.3  9.4  0.68  181.5  26.3
280220260446  1.581  5.5  202.6  9.4  0.72  173.7  26.3
280220260447  1.585  5.9  205.1  9.4  0.65  177.9  26.3
280220260448  1.589  6.4  204.1  9.4  0.75  175.2  26.3
280220260449  1.592  6.8  200.2  13.2  0.66  177.8  26.3
280220260450  1.595  6.6  198.4  13.2  0.71  179.8  26.3
280220260451  1.598  6.8  197.6  13.2  0.64  180.4  26.3
280220260452  1.604  7.0  196.2  13.2  0.61  177.2  26.3
280220260453  1.607  7.0  196.4  13.2  0.52  179.3  26.3
280220260454  1.612  7.3  196.6  13.2  0.76  183.8  26.3
280220260455  1.616  7.1  193.0  13.2  0.67  181.4  26.3
280220260456  1.619  7.1  191.5  13.2  0.62  175.7  26.3
280220260457  1.621  7.1  190.6  13.2  0.66  173.1  26.3
280220260458  1.625  7.1  189.8  13.2  0.61  177.9  26.3
280220260459  1.628  6.9  191.5  11.1  0.63  179.6  26.3
280220260500  1.630  7.2  193.2  11.1  0.62  173.3  26.3
280220260501  1.632  7.0  194.0  11.1  0.76  178.7  26.3
280220260502  1.635  7.0  196.9  11.1  0.65  175.8  26.3
280220260503  1.640  7.3  198.8  11.1  0.61  175.7  26.3
280220260504  1.643  7.5  199.0  11.0  0.61  180.7  26.3
280220260505  1.645  7.7  201.0  11.0  0.78  176.1  26.3
280220260506  1.648  7.7  202.6  11.0  0.61  174.4  26.2
280220260507  1.650  7.8  202.3  11.0  0.72  183.1  26.2
280220260508  1.652  7.8  202.0  11.0  0.65  174.1  26.2
280220260509  1.655  7.7  201.6  11.0  0.67  178.6  26.2
280220260510  1.658  7.7  201.6  11.0  0.64  177.1  26.2
280220260511  1.661  7.9  201.5  12.3  0.61  176.1  26.2
280220260512  1.663  7.8  200.0  12.3  0.60  175.4  26.2
280220260513  1.664  7.5  198.5  12.3  0.59  173.1  26.2
280220260514  1.667  7.1  198.2  12.3  0.67  176.9  26.2
280220260515  1.669  6.8  198.1  12.3  0.49  177.1  26.2
280220260516  1.671  6.5  197.4  12.3  0.61  177.3  26.2
280220260517  1.672  6.3  198.4  12.3  0.58  175.3  26.2
280220260518  1.676  6.1  199.3  12.3  0.60  172.3  26.2
280220260519  1.677  5.9  201.6  12.3  0.62  168.5  26.2
280220260520  1.680  6.1  202.4  12.3  0.76  173.6  26.2
280220260521  1.682  5.7  199.5  9.0  0.72  172.6  26.2
280220260522  1.684  5.6  198.2  12.2  0.57  172.1  26.2
280220260523  1.687  6.0  197.1  12.3  0.71  175.7  26.2
280220260524  1.686  6.3  195.5  12.3  0.71  170.6  26.2
280220260525  1.687  6.6  195.5  12.3  0.65  169.4  26.2
280220260526  1.689  6.8  195.0  12.3  0.60  166.4  26.2
280220260527  1.689  6.7  194.8  12.3  0.64  170.1  26.2
280220260528  1.690  6.6  194.7  12.3  0.73  170.6  26.2
280220260529  1.692  6.7  193.6  12.3  0.64  177.8  26.1
280220260530  1.694  6.3  191.3  12.3  0.77  174.8  26.1
280220260531  1.695  6.2  192.1  12.3  0.65  171.8  26.1
280220260532  1.695  5.7  191.8  12.3  0.63  178.0  26.1
280220260533  1.696  4.6  188.8  11.1  0.57  172.9  26.1
280220260534  1.697  4.1  186.1  11.1  0.59  172.0  26.1
280220260535  1.696  3.5  181.3  8.8  0.47  184.5  26.1
280220260536  1.697  3.2  181.4  7.1  0.62  179.7  26.1
280220260537  1.697  3.1  180.3  7.1  0.55  179.6  26.1
280220260538  1.698  3.2  179.8  7.1  0.67  176.5  26.0
280220260539  1.699  3.1  178.3  6.3  0.59  177.7  26.0
280220260540  1.698  3.1  181.7  6.3  0.57  180.3  26.0
280220260541  1.697  3.0  180.7  6.3  0.54  177.3  26.0
280220260542  1.697  3.2  181.7  6.3  0.52  178.2  26.0
280220260543  1.698  3.6  188.6  6.3  0.57  184.3  26.0
280220260544  1.698  3.6  194.9  6.3  0.59  182.6  26.0
280220260545  1.699  3.5  198.6  6.3  0.36  167.9  26.0
280220260546  1.696  4.2  198.9  15.1  0.54  175.2  26.0
280220260547  1.695  4.6  197.9  15.1  0.31  176.4  26.0
280220260548  1.695  4.9  197.1  15.1  0.41  179.3  26.0
280220260549  1.696  5.2  197.3  15.1  0.62  169.2  26.0
280220260550  1.696  5.7  195.2  15.1  0.50  175.5  26.0
280220260551  1.695  6.3  195.5  15.1  0.41  176.1  26.0
280220260552  1.697  6.8  195.8  15.1  0.40  187.2  26.0
280220260553  1.695  7.0  195.6  15.1  0.45  183.8  25.9
280220260554  1.694  7.6  195.1  15.1  0.49  177.2  25.9
280220260555  1.695  8.0  195.2  15.1  0.37  175.3  25.9
280220260556  1.694  8.0  195.9  11.8  0.07  177.8  25.9
280220260557  1.695  8.1  197.0  11.8  0.30  175.5  25.9
280220260558  1.695  8.2  197.4  11.8  0.19  188.8  25.9
280220260559  1.695  8.0  196.5  11.8  0.35  178.5  25.9
280220260600  1.695  7.8  197.1  11.8  0.19  157.9  25.9
280220260601  1.696  7.6  196.7  11.8  0.17  177.3  25.9
280220260602  1.695  7.7  197.7  11.8  0.36  175.5  25.9
280220260603  1.696  7.8  196.9  11.8  0.54  170.5  25.8
280220260604  1.696  7.6  197.5  11.8  0.53  174.8  25.8
280220260605  1.696  7.6  194.8  14.7  0.65  176.3  25.8
280220260606  1.697  7.0  191.0  14.7  0.50  179.4  25.8
280220260607  1.697  6.5  190.5  14.7  0.49  170.5  25.8
280220260608  1.699  6.4  190.4  14.7  0.53  171.3  25.8
280220260609  1.697  6.3  191.4  14.7  0.51  178.5  25.8
280220260610  1.697  6.5  189.4  14.7  0.55  176.9  25.8
280220260611  1.699  6.6  188.4  14.7  0.47  172.6  25.7
280220260612  1.698  6.5  185.5  14.7  0.32  176.8  25.7
280220260613  1.700  6.4  185.1  14.7  0.58  180.3  25.7
280220260614  1.701  6.6  185.1  14.7  0.50  170.1  25.7
280220260615  1.700  6.3  187.7  12.3  0.57  174.9  25.7
280220260616  1.700  6.9  190.9  12.3  0.56  178.8  25.7
280220260617  1.701  7.3  188.1  12.3  0.51  177.7  25.7
280220260618  1.701  7.3  186.2  11.1  0.51  174.7  25.7
280220260619  1.702  7.7  185.8  14.7  0.53  173.1  25.7
280220260620  1.704  7.7  187.3  14.7  0.52  168.6  25.7
280220260621  1.703  7.6  188.4  14.7  0.50  172.2  25.7
280220260622  1.702  7.6  191.1  14.7  0.49  173.2  25.7
280220260623  1.702  7.8  192.3  14.7  0.57  177.0  25.7
280220260624  1.702  7.7  192.3  14.7  0.53  175.6  25.7
280220260625  1.703  7.9  193.1  14.7  0.40  169.5  25.7
280220260626  1.701  7.9  193.4  14.7  0.48  171.1  25.7
280220260627  1.701  7.8  196.9  14.7  0.38  166.4  25.7
280220260628  1.700  7.9  198.7  14.7  0.41  172.2  25.7
280220260629  1.700  7.8  200.4  12.9  0.51  170.8  25.7
280220260630  1.700  7.8  201.1  10.8  0.53  172.8  25.7
280220260631  1.701  7.8  200.5  10.8  0.42  173.2  25.7
280220260632  1.699  7.4  200.8  10.8  0.50  173.4  25.7
280220260633  1.698  7.4  200.2  10.8  0.42  170.2  25.7
280220260634  1.698  7.4  200.9  10.8  0.57  171.3  25.7
280220260635  1.697  7.5  200.7  10.8  0.54  176.0  25.6
280220260636  1.696  7.4  198.7  11.7  0.26  190.0  25.6
280220260637  1.696  7.2  197.6  11.7  0.39  177.7  25.6
280220260638  1.696  7.2  197.2  11.7  0.45  172.1  25.6
280220260639  1.695  7.1  196.1  11.7  0.52  177.8  25.6
280220260640  1.692  6.9  196.2  11.7  0.32  159.1  25.6
280220260641  1.692  7.0  198.4  11.7  0.39  170.7  25.6
280220260642  1.691  7.4  198.8  11.7  0.24  174.2  25.6
280220260643  1.689  7.2  199.9  11.7  0.51  169.9  25.6
280220260644  1.687  7.3  199.6  11.7  0.46  180.9  25.6
280220260645  1.686  7.2  199.8  11.7  0.48  178.3  25.6
280220260646  1.683  7.2  202.8  10.0  0.36  169.2  25.6
280220260647  1.681  7.5  202.9  10.9  0.20  173.7  25.6
280220260648  1.679  7.5  202.7  10.9  0.34  165.5  25.6
280220260649  1.678  7.4  203.2  10.9  0.44  172.3  25.6
280220260650  1.676  7.3  202.1  10.9  0.48  174.2  25.6
280220260651  1.675  6.9  200.0  10.9  0.40  171.2  25.6
280220260652  1.672  6.6  199.6  10.9  0.37  175.5  25.6
280220260653  1.670  6.7  198.9  10.9  0.35  176.0  25.6
280220260654  1.667  6.6  197.1  10.9  0.36  168.9  25.6
280220260655  1.666  6.6  196.2  10.9  0.30  147.9  25.5
280220260656  1.663  6.5  195.7  10.9  0.36  179.1  25.5
280220260657  1.662  6.1  195.3  9.4  0.39  170.3  25.5
280220260658  1.658  6.2  194.0  12.0  0.32  171.7  25.5
280220260659  1.655  6.5  191.5  12.1  0.40  181.8  25.5
280220260700  1.652  6.4  191.9  12.1  0.50  183.1  25.5
280220260701  1.649  6.7  192.8  12.1  0.26  167.8  25.5
280220260702  1.644  6.7  191.2  12.1  0.25  158.7  25.5
280220260703  1.642  6.7  189.7  13.5  0.19  166.0  25.5
280220260704  1.638  6.8  189.8  13.5  0.25  157.9  25.5
280220260705  1.633  6.7  188.0  13.5  0.30  169.2  25.5
280220260706  1.629  6.9  185.2  13.5  0.23  165.0  25.5
280220260707  1.624  7.2  186.0  13.5  0.22  170.4  25.5
280220260708  1.620  7.1  184.8  13.5  0.30  164.3  25.5
280220260709  1.617  6.9  185.4  13.5  0.27  161.2  25.5
280220260710  1.612  7.1  184.4  13.5  0.29  168.6  25.5
280220260711  1.608  7.0  183.2  13.5  0.17  175.2  25.5
280220260712  1.604  7.2  182.8  13.5  0.11  127.0  25.5
280220260713  1.600  7.1  182.2  12.1  0.17  165.2  25.5
280220260714  1.596  6.8  181.0  12.1  0.09  124.2  25.5
280220260715  1.592  6.9  182.5  12.1  0.17  149.1  25.4
280220260716  1.589  7.0  183.5  12.1  0.15  119.8  25.4
280220260717  1.585  6.8  181.5  12.1  0.10  124.5  25.4
280220260718  1.581  6.8  183.2  11.8  0.13  146.8  25.4
280220260719  1.577  6.7  184.3  11.8  0.11  131.7  25.4
280220260720  1.574  6.5  184.5  11.8  0.22  151.6  25.4
280220260721  1.571  6.6  184.1  11.8  0.17  165.4  25.4
280220260722  1.568  6.4  183.1  11.8  0.12  152.4  25.4
280220260723  1.564  6.3  182.0  11.8  0.14  78.1  25.4
280220260724  1.560  6.3  180.4  11.8  0.09  143.3  25.4
280220260725  1.557  6.4  179.5  11.8  0.13  147.5  25.4
280220260726  1.554  6.1  177.5  10.2  0.13  118.2  25.4
280220260727  1.551  6.3  175.7  11.7  0.07  76.8  25.4
280220260728  1.547  6.1  175.8  11.7  0.10  60.8  25.4
280220260729  1.543  6.2  176.5  11.7  0.06  130.7  25.4
280220260730  1.541  6.4  178.1  11.7  0.10  176.5  25.4
280220260731  1.538  6.4  179.9  11.7  0.06  177.9  25.4
280220260732  1.533  6.6  182.3  11.7  0.06  107.9  25.4
280220260733  1.532  6.5  185.7  11.7  0.15  47.9  25.4
280220260734  1.528  6.7  187.8  11.7  0.03  147.7  25.4
280220260735  1.525  6.7  187.6  11.7  0.10  148.9  25.4
280220260736  1.522  6.7  190.5  11.7  0.09  52.4  25.4
280220260737  1.518  6.6  195.4  11.3  0.03  29.7  25.4
280220260738  1.516  6.7  196.1  11.3  0.02  90.5  25.4
280220260739  1.514  6.8  196.1  11.3  0.06  8.0  25.4
280220260740  1.511  6.7  195.5  11.3  0.02  168.2  25.4
280220260741  1.508  6.5  195.1  11.3  0.06  349.7  25.4
280220260742  1.505  6.5  195.7  11.3  0.20  18.5  25.4
280220260743  1.501  6.6  194.0  11.3  0.11  28.8  25.4
280220260744  1.499  6.4  191.9  11.3  0.14  13.2  25.4
280220260745  1.498  6.3  193.2  11.3  0.17  11.3  25.4
280220260746  1.496  6.4  191.2  11.3  0.11  11.0  25.4
280220260747  1.494  6.3  187.4  10.0  0.15  11.5  25.4
280220260748  1.491  6.3  185.5  11.8  0.07  347.6  25.4
280220260749  1.489  6.2  184.8  11.8  0.06  295.9  25.4
280220260750  1.486  6.3  185.4  11.8  0.05  344.5  25.4
280220260751  1.485  6.6  185.8  11.8  0.13  1.4  25.4
280220260752  1.482  6.6  184.9  11.8  0.17  344.3  25.4
280220260753  1.479  6.5  185.0  11.8  0.05  7.8  25.4
280220260754  1.475  6.5  186.4  11.8  0.13  357.8  25.4
280220260755  1.472  6.8  183.6  11.8  0.08  327.0  25.4
280220260756  1.469  6.7  185.5  11.8  0.16  352.9  25.4
280220260757  1.466  6.9  186.7  11.8  0.12  294.0  25.4
280220260758  1.464  7.0  186.9  11.1  0.15  345.1  25.5
280220260759  1.460  7.1  185.7  11.1  0.12  305.7  25.5
280220260800  1.457  7.0  185.9  11.1  0.10  354.1  25.5
280220260801  1.455  7.0  185.9  11.1  0.13  0.4  25.5
280220260802  1.453  6.7  185.3  11.1  0.10  357.6  25.5
280220260803  1.450  6.9  184.1  11.1  0.14  328.9  25.5
280220260804  1.447  6.8  183.3  11.1  0.19  352.9  25.5
280220260805  1.443  6.4  185.7  11.1  0.20  354.5  25.5
280220260806  1.439  6.4  184.5  11.1  0.19  345.0  25.5
280220260807  1.435  6.3  184.0  11.1  0.18  348.2  25.5
280220260808  1.432  6.2  182.1  10.7  0.31  353.5  25.5
280220260809  1.430  6.1  182.6  10.7  0.27  351.6  25.5
280220260810  1.426  6.2  179.7  10.7  0.27  356.5  25.5
280220260811  1.423  5.9  179.2  10.7  0.18  344.5  25.5
280220260812  1.417  6.3  179.4  10.7  0.13  325.6  25.5
280220260813  1.412  6.2  178.4  10.7  0.25  347.4  25.6
280220260814  1.407  6.3  178.8  10.9  0.23  341.7  25.6
280220260815  1.403  6.4  178.3  10.9  0.22  345.5  25.6
280220260816  1.399  6.3  176.3  10.9  0.23  343.0  25.6
280220260817  1.394  5.9  175.4  10.9  0.40  357.0  25.6
280220260818  1.389  5.6  177.5  10.9  0.23  4.3  25.6
280220260819  1.386  5.5  176.3  10.9  0.23  349.4  25.6
280220260820  1.382  5.3  176.7  10.9  0.31  5.6  25.6
280220260821  1.378  5.4  176.5  10.9  0.40  3.9  25.6
280220260822  1.372  5.1  176.1  10.9  0.33  1.9  25.6
280220260823  1.367  5.0  178.3  10.9  0.31  2.7  25.6
280220260824  1.362  4.9  178.5  10.1  0.35  11.0  25.6
280220260825  1.357  4.8  175.6  10.1  0.45  8.8  25.6
280220260826  1.352  4.8  178.1  10.1  0.43  11.6  25.6
280220260827  1.346  5.1  179.0  10.1  0.37  8.2  25.6
280220260828  1.341  5.0  178.7  10.1  0.62  11.3  25.6
280220260829  1.336  5.1  179.0  10.1  0.54  10.8  25.6
280220260830  1.330  4.9  180.6  10.1  0.50  17.4  25.6
280220260831  1.322  4.9  181.3  8.9  0.48  4.9  25.6
280220260832  1.316  5.2  183.4  10.0  0.62  5.3  25.6
280220260833  1.310  5.3  182.6  10.9  0.66  13.0  25.6
280220260834  1.302  5.3  182.7  10.9  0.66  8.0  25.6
280220260835  1.295  5.7  185.2  10.9  0.71  10.0  25.6
280220260836  1.289  6.1  182.1  10.9  0.69  6.3  25.6
280220260837  1.282  6.2  178.5  10.9  0.69  8.5  25.6
280220260838  1.275  6.2  176.1  10.9  0.80  9.6  25.6
280220260839  1.268  6.0  176.9  10.9  0.68  7.4  25.6
280220260840  1.261  6.2  176.8  10.9  0.83  7.2  25.6
280220260841  1.255  6.1  175.5  10.9  0.65  10.0  25.6
280220260842  1.251  5.8  172.0  10.9  0.74  11.9  25.7
280220260843  1.244  5.6  169.4  10.8  0.77  11.2  25.7
280220260844  1.239  5.4  169.1  10.8  0.66  10.7  25.7
280220260845  1.233  5.4  168.3  10.7  0.62  1.7  25.7
280220260846  1.227  5.1  165.5  10.8  0.70  360.0  25.7
280220260847  1.221  4.8  164.6  10.8  0.66  3.5  25.7
280220260848  1.216  4.8  165.1  10.8  0.74  4.0  25.7
280220260849  1.211  5.1  162.7  10.8  0.77  7.4  25.7
280220260850  1.205  5.3  161.6  10.8  0.75  5.0  25.7
280220260851  1.199  5.3  159.9  10.8  0.80  7.2  25.7
280220260852  1.194  5.3  158.9  10.8  0.70  7.1  25.7
280220260853  1.189  5.2  162.3  10.8  0.78  8.7  25.7
280220260854  1.183  5.6  161.2  13.5  0.78  6.2  25.7
280220260855  1.180  5.7  159.1  13.5  0.80  8.2  25.7
280220260856  1.174  5.6  159.1  13.5  0.89  7.9  25.7
280220260857  1.169  5.7  159.6  13.5  0.84  13.2  25.8
280220260858  1.164  5.7  158.7  13.5  0.76  11.3  25.8
280220260859  1.158  5.8  157.4  13.5  0.79  8.5  25.8
280220260900  1.155  5.9  156.7  13.5  0.92  7.5  25.8
280220260901  1.151  6.4  156.0  13.5  0.83  12.7  25.8
280220260902  1.146  6.7  157.2  13.5  0.88  9.0  25.8
280220260903  1.141  6.8  155.9  13.5  0.88  13.8  25.8
280220260904  1.136  6.9  155.6  11.3  0.84  14.0  25.8
280220260905  1.133  7.0  155.0  11.3  0.97  15.2  25.8
280220260906  1.129  7.2  158.5  13.8  0.89  15.5  25.8
280220260907  1.125  7.6  159.0  14.4  0.95  12.9  25.8
280220260908  1.121  7.8  159.1  14.4  0.93  11.7  25.8
280220260909  1.116  7.8  158.7  14.4  0.82  13.6  25.8
280220260910  1.111  7.7  157.4  14.4  0.93  12.9  25.9
280220260911  1.107  7.4  158.6  14.4  0.91  16.5  25.9
280220260912  1.103  7.3  157.6  14.4  0.91  11.2  25.9
280220260913  1.099  7.2  156.7  14.4  0.99  14.7  25.9
280220260914  1.095  7.2  156.3  14.4  0.93  15.2  25.9
280220260915  1.091  7.0  157.1  14.4  0.93  15.4  25.9
280220260916  1.087  6.8  154.9  14.4  0.86  19.7  25.9
280220260917  1.083  6.8  158.2  11.5  0.94  13.9  25.9
280220260918  1.078  6.5  159.0  11.5  0.91  18.3  25.9
280220260919  1.075  6.5  161.7  11.5  0.92  18.1  25.9
280220260920  1.071  6.5  163.4  11.5  0.85  13.4  25.9
280220260921  1.067  6.4  164.8  11.5  0.87  18.9  25.9
280220260922  1.062  6.2  165.3  11.5  0.88  18.0  25.9
280220260923  1.058  6.4  165.4  11.5  0.86  18.1  26.0
280220260924  1.054  6.3  166.2  11.5  0.82  21.3  26.0
280220260925  1.049  6.6  165.8  11.5  0.81  15.8  26.0
280220260926  1.045  6.7  164.4  12.4  0.95  16.4  26.0
280220260927  1.042  6.6  162.2  12.4  0.84  16.2  26.0
280220260928  1.038  6.6  162.5  12.4  0.82  20.6  26.0
280220260929  1.033  6.4  159.3  12.4  0.81  19.7  26.0
280220260930  1.030  6.2  159.4  12.4  0.87  18.8  26.0
280220260931  1.025  6.1  157.0  12.4  0.79  19.0  26.0
280220260932  1.019  6.0  156.4  12.4  0.80  18.4  26.0
280220260933  1.013  5.5  156.3  12.4  0.71  19.0  26.0
280220260934  1.007  5.8  157.6  12.4  0.83  17.8  26.0
280220260935  1.001  5.6  156.5  12.4  0.83  17.0  26.1
280220260936  0.994  5.3  158.6  11.7  0.83  21.7  26.1
280220260937  0.989  5.3  158.5  11.7  0.84  16.3  26.1
280220260938  0.983  5.5  158.4  11.7  0.87  16.8  26.1
280220260939  0.977  6.1  160.7  14.2  0.86  18.4  26.1
280220260940  0.972  6.5  159.7  15.8  0.87  18.1  26.1
280220260941  0.965  6.7  160.5  15.8  0.88  19.3  26.1
280220260942  0.960  6.9  161.3  15.8  0.84  21.0  26.1
280220260943  0.955  7.3  161.7  15.8  0.91  15.6  26.1
280220260944  0.951  7.1  160.7  15.8  0.93  16.9  26.1
280220260945  0.946  7.1  161.9  15.8  0.85  16.3  26.1
280220260946  0.941  7.0  160.4  15.8  0.87  17.6  26.1
280220260947  0.935  6.6  159.5  15.8  0.88  17.8  26.1
280220260948  0.930  6.3  160.6  15.8  0.92  15.9  26.1
280220260949  0.925  6.1  161.8  15.8  1.00  18.9  26.1
280220260950  0.918  6.0  163.5  14.5  0.86  18.6  26.2
280220260951  0.915  6.1  165.0  14.5  0.80  19.2  26.2
280220260952  0.909  6.3  166.4  14.5  0.90  15.1  26.2
280220260953  0.904  5.9  165.9  14.5  0.88  20.3  26.2
280220260954  0.899  5.7  166.7  14.5  0.91  19.5  26.2
280220260955  0.893  5.7  165.7  14.5  0.83  19.5  26.2
280220260956  0.887  6.0  167.5  14.5  0.94  18.5  26.2
280220260957  0.882  6.2  166.6  14.5  0.88  19.8  26.2
280220260958  0.876  6.2  165.6  14.5  0.90  18.7  26.2
280220260959  0.870  5.7  164.7  12.3  0.92  21.6  26.2
280220261000  0.864  5.4  163.9  12.3  0.88  21.6  26.2
280220261001  0.858  5.1  162.1  11.9  0.91  19.5  26.2
280220261002  0.853  4.6  162.1  10.7  0.90  18.3  26.2
280220261003  0.849  4.7  160.3  10.7  0.87  12.8  26.2
280220261004  0.844  5.0  161.3  10.7  0.82  18.2  26.2
280220261005  0.838  4.8  161.5  10.7  0.78  18.9  26.2
280220261006  0.832  4.9  161.5  9.5  0.97  17.2  26.2
280220261007  0.828  4.8  165.1  9.5  0.83  15.4  26.2
280220261008  0.824  4.9  163.2  9.5  0.86  19.6  26.3
280220261009  0.819  5.5  164.4  12.6  0.87  17.6  26.3
280220261010  0.812  5.5  164.5  12.6  0.81  21.8  26.3
280220261011  0.808  5.9  166.6  12.6  0.87  17.4  26.3
280220261012  0.803  5.7  165.1  12.6  0.91  20.4  26.3
280220261013  0.796  5.8  164.8  12.6  0.96  19.8  26.3
280220261014  0.792  5.8  158.2  14.5  0.92  17.9  26.3
280220261015  0.787  6.0  154.7  14.5  0.85  16.2  26.3
280220261016  0.781  5.8  151.5  14.5  0.93  17.9  26.3
280220261017  0.775  5.8  147.0  14.5  0.97  14.9  26.3
280220261018  0.768  5.5  145.0  14.5  0.91  15.0  26.3
280220261019  0.762  4.9  140.1  14.5  0.93  14.4  26.3
280220261020  0.754  5.3  137.4  14.5  0.90  13.8  26.3
280220261021  0.750  5.1  132.2  14.5  0.96  16.9  26.3
280220261022  0.744  5.4  133.0  14.5  0.91  18.6  26.3
280220261023  0.739  5.2  132.0  14.5  0.87  16.3  26.3
280220261024  0.733  4.8  137.0  11.5  0.92  15.0  26.3
280220261025  0.726  4.4  141.1  11.5  1.06  13.7  26.3
280220261026  0.720  4.6  146.9  13.3  0.93  17.6  26.4
280220261027  0.715  4.7  150.7  13.3  0.90  12.3  26.4
280220261028  0.711  4.8  155.4  13.3  0.83  12.4  26.4
280220261029  0.707  4.9  156.4  13.3  0.89  14.9  26.4
280220261030  0.701  4.8  155.4  13.3  0.96  12.7  26.4
280220261031  0.697  4.7  156.1  13.3  0.96  18.1  26.4
280220261032  0.693  4.7  158.2  13.3  0.94  12.7  26.4
280220261033  0.687  4.8  160.2  13.3  0.98  16.3  26.4
280220261034  0.683  5.0  161.2  13.3  1.01  17.6  26.4
280220261035  0.680  5.4  163.0  13.3  0.88  16.7  26.4
280220261036  0.676  5.4  163.9  12.8  0.90  13.1  26.4
280220261037  0.673  5.3  162.7  12.8  0.87  16.8  26.4
280220261038  0.668  5.6  160.2  12.8  0.85  15.1  26.4
280220261039  0.664  6.1  161.9  12.8  0.83  16.9  26.4
280220261040  0.658  6.2  164.0  12.8  0.92  16.6  26.4
280220261041  0.655  6.6  163.6  12.8  0.77  12.9  26.4
280220261042  0.651  6.8  162.0  12.8  0.84  14.5  26.4
280220261043  0.647  7.0  162.3  12.8  0.82  16.4  26.4
280220261044  0.643  6.8  161.3  12.8  0.98  18.0  26.5
280220261045  0.638  6.9  159.9  12.8  0.84  15.4  26.5
280220261046  0.634  7.0  156.9  12.4  0.84  19.3  26.5
280220261047  0.629  7.0  157.6  12.4  0.95  16.7  26.5
280220261048  0.624  6.8  156.2  12.4  1.01  16.2  26.5
280220261049  0.619  6.4  154.0  12.4  0.84  16.9  26.5
280220261050  0.615  6.2  152.7  14.1  0.99  19.7  26.5
280220261051  0.612  6.0  153.1  14.1  0.91  19.3  26.5
280220261052  0.607  5.7  153.8  14.1  0.83  20.2  26.5
280220261053  0.604  5.8  154.1  14.1  0.90  18.7  26.5
280220261054  0.599  5.7  154.9  14.1  0.88  18.0  26.5
280220261055  0.594  5.4  154.3  14.1  0.91  15.5  26.6
280220261056  0.589  5.0  154.9  14.1  0.96  14.2  26.6
280220261057  0.585  5.2  157.3  14.1  0.85  18.4  26.6
280220261058  0.581  5.4  161.2  14.1  0.95  16.7  26.6
280220261059  0.577  5.7  163.7  14.1  0.85  21.1  26.6
280220261100  0.571  6.0  166.8  12.6  1.01  15.3  26.6
280220261101  0.567  6.1  169.4  12.6  0.84  18.7  26.6
280220261102  0.561  6.2  167.4  12.6  0.97  15.3  26.6
280220261103  0.556  5.8  168.2  12.6  0.90  19.2  26.6
280220261104  0.551  6.0  167.2  12.6  0.94  17.5  26.6
280220261105  0.547  6.2  166.9  12.6  0.96  15.0  26.6
280220261106  0.544  6.0  167.2  12.6  0.85  16.8  26.6
280220261107  0.540  5.6  163.2  12.3  1.01  19.0  26.6
280220261108  0.536  5.7  162.3  12.3  0.89  19.1  26.6
280220261109  0.531  6.1  161.3  16.1  1.11  15.2  26.6
280220261110  0.526  6.1  160.0  16.1  0.89  18.6  26.6
280220261111  0.521  6.4  156.4  16.1  0.86  16.5  26.6
280220261112  0.518  6.7  156.7  16.1  0.87  17.7  26.6
280220261113  0.513  6.9  156.9  16.1  0.95  17.8  26.6
280220261114  0.509  6.7  157.2  16.1  0.96  16.7  26.6
280220261115  0.505  6.3  156.0  16.1  0.91  16.0  26.7
280220261116  0.502  6.6  152.2  16.1  0.89  15.5  26.7
280220261117  0.499  6.6  153.6  16.1  1.01  15.5  26.7
280220261118  0.494  6.5  154.0  16.1  0.96  16.5  26.7
280220261119  0.490  5.9  152.0  12.0  0.86  18.1  26.7
280220261120  0.487  5.7  152.0  12.0  0.95  16.9  26.7
280220261121  0.483  5.1  152.7  11.4  0.97  15.3  26.7
280220261122  0.478  4.7  153.3  11.3  0.94  14.1  26.7
280220261123  0.475  4.6  149.6  11.3  0.91  17.3  26.7
280220261124  0.470  4.9  150.0  11.3  0.93  13.7  26.7
280220261125  0.466  5.3  152.7  11.7  0.86  18.4  26.7
280220261126  0.463  5.3  158.1  11.7  0.99  17.5  26.7
280220261127  0.460  5.4  158.4  11.7  0.97  15.4  26.7
280220261128  0.457  5.6  153.6  11.7  0.98  16.4  26.7
280220261129  0.455  6.0  154.3  12.0  0.84  12.6  26.7
280220261130  0.451  6.0  155.8  12.0  0.81  18.1  26.7
280220261131  0.448  6.2  156.5  12.0  0.79  17.3  26.7
280220261132  0.445  6.5  156.7  12.0  0.93  19.8  26.7
280220261133  0.441  6.6  158.9  12.0  0.93  15.9  26.7
280220261134  0.436  6.4  158.4  12.0  0.82  17.6  26.7
280220261135  0.434  6.5  158.9  13.2  1.02  17.9  26.8
280220261136  0.430  6.9  159.8  14.2  0.90  16.6  26.8
280220261137  0.425  7.2  160.4  14.2  0.89  18.5  26.8
280220261138  0.422  7.1  163.6  14.2  0.90  16.1  26.8
280220261139  0.419  6.9  164.8  14.2  0.92  12.7  26.8
280220261140  0.415  7.0  163.2  14.2  0.93  17.5  26.8
280220261141  0.411  7.2  162.8  14.2  1.00  18.0  26.8
280220261142  0.407  7.0  162.6  14.2  0.81  20.2  26.8
280220261143  0.405  7.2  161.3  14.2  0.88  16.4  26.8
280220261144  0.402  7.5  161.0  14.2  0.88  15.0  26.8
280220261145  0.401  7.3  159.0  14.2  0.85  15.0  26.8
280220261146  0.397  6.7  157.0  11.9  0.90  15.3  26.8
280220261147  0.393  6.5  157.2  11.9  0.78  16.6  26.8
280220261148  0.391  6.6  158.9  12.6  0.89  19.9  26.8
280220261149  0.387  6.8  158.0  12.6  0.92  21.2  26.8
280220261150  0.384  6.9  159.0  12.6  0.91  17.4  26.8
280220261151  0.381  6.7  158.9  12.6  0.87  16.0  26.8
280220261152  0.378  7.0  158.5  12.6  0.90  17.5  26.8
280220261153  0.375  6.9  159.2  12.6  0.80  22.4  26.8
280220261154  0.373  6.6  158.1  12.6  0.88  21.7  26.8
280220261155  0.369  6.6  160.0  12.6  0.75  15.8  26.8
280220261156  0.365  6.6  159.9  12.6  0.81  17.7  26.9
280220261157  0.362  6.4  158.4  12.6  0.84  16.4  26.9
280220261158  0.359  6.2  155.9  11.0  0.79  16.8  26.9
280220261159  0.355  5.7  153.6  10.8  0.79  16.2  26.9
280220261200  0.350  5.7  150.1  10.8  0.83  18.6  26.9
280220261201  0.347  5.8  149.5  11.5  0.89  20.2  26.9
280220261202  0.344  5.7  148.9  11.5  0.84  19.7  26.9
280220261203  0.342  5.6  148.9  11.5  0.84  21.0  26.9
280220261204  0.341  5.7  151.5  11.5  0.98  16.9  26.9
280220261205  0.338  5.4  151.2  11.5  0.87  17.8  26.9
280220261206  0.335  5.5  151.1  11.5  0.85  15.0  26.9
280220261207  0.332  5.5  154.1  11.5  0.72  16.8  26.9
280220261208  0.330  5.3  153.8  11.5  0.88  17.3  26.9
280220261209  0.328  5.7  154.9  12.5  0.74  20.1  26.9
280220261210  0.326  5.8  157.3  12.5  0.85  17.6  26.9
280220261211  0.323  5.7  160.0  12.5  0.88  17.1  26.9
280220261212  0.322  5.7  161.5  12.5  1.04  17.4  26.9
280220261213  0.320  6.1  162.5  13.4  0.76  20.5  26.9
280220261214  0.319  5.9  161.5  13.4  0.78  16.2  27.0
280220261215  0.317  6.3  160.8  13.4  0.81  19.1  27.0
280220261216  0.315  6.1  162.4  13.4  0.80  20.9  27.0
280220261217  0.312  6.4  159.6  13.4  0.80  17.6  27.0
280220261218  0.311  6.3  160.4  13.4  0.77  17.4  27.0
280220261219  0.310  6.3  160.0  13.4  0.77  17.8  27.0
280220261220  0.309  6.0  158.7  13.4  0.76  18.0  27.0
280220261221  0.306  6.2  155.1  13.4  0.69  22.2  27.0
280220261222  0.304  6.4  154.5  13.4  0.80  20.2  27.0
280220261223  0.302  6.5  154.0  11.8  0.73  21.2  27.0
280220261224  0.301  6.8  153.3  12.5  0.83  16.7  27.0
280220261225  0.299  6.7  152.5  12.5  0.78  19.9  27.0
280220261226  0.296  6.9  151.5  12.5  0.66  26.3  27.0
280220261227  0.298  6.9  152.0  12.5  0.67  21.3  27.0
280220261228  0.296  7.1  151.7  12.5  0.74  18.9  27.0
280220261229  0.298  6.8  153.1  12.5  0.80  18.6  27.1
280220261230  0.298  6.9  153.8  12.5  0.69  16.5  27.1
280220261231  0.296  7.0  156.0  13.0  0.71  25.0  27.1
280220261232  0.296  7.1  156.8  13.0  0.61  21.1  27.1
280220261233  0.294  6.8  156.9  13.0  0.66  23.0  27.1
280220261234  0.294  6.6  160.1  13.0  0.72  21.4  27.1
280220261235  0.293  6.5  161.3  13.0  0.78  21.5  27.1
280220261236  0.292  6.5  162.3  13.0  0.54  26.0  27.1
280220261237  0.292  6.5  163.5  13.0  0.66  24.1  27.1
280220261238  0.292  6.8  164.4  13.0  0.63  22.7  27.1
280220261239  0.292  6.8  164.7  13.0  0.77  21.9  27.1
280220261240  0.292  7.2  165.2  13.0  0.65  26.6  27.1
280220261241  0.292  6.9  163.0  12.1  0.72  21.4  27.1
280220261242  0.292  6.8  165.0  12.1  0.68  17.4  27.1
280220261243  0.292  6.5  165.3  12.1  0.74  20.5  27.1
280220261244  0.291  6.2  160.1  12.1  0.60  22.6  27.1
280220261245  0.291  6.3  157.3  12.1  0.66  27.8  27.1
280220261246  0.292  6.0  156.2  12.1  0.59  24.2  27.1
280220261247  0.291  5.4  153.9  12.1  0.70  22.8  27.1
280220261248  0.291  4.9  150.1  11.5  0.64  28.3  27.1
280220261249  0.291  5.0  147.0  11.5  0.56  25.7  27.2
280220261250  0.291  5.0  144.9  11.5  0.66  19.2  27.2
280220261251  0.291  4.9  146.7  11.5  0.67  24.4  27.2
280220261252  0.291  5.1  144.0  14.3  0.61  21.5  27.2
280220261253  0.288  5.7  145.6  14.3  0.52  23.7  27.2
280220261254  0.288  5.8  149.8  14.3  0.59  20.2  27.2
280220261255  0.288  5.8  150.6  14.3  0.55  26.1  27.2
280220261256  0.288  5.9  152.0  14.3  0.58  23.2  27.2
280220261257  0.287  6.2  154.8  14.3  0.60  19.4  27.2
280220261258  0.286  6.3  157.3  14.3  0.55  25.9  27.2
280220261259  0.285  6.6  158.9  14.3  0.62  16.8  27.2
280220261300  0.284  6.4  158.2  14.3  0.67  15.0  27.2
280220261301  0.284  6.5  160.6  14.3  0.65  17.2  27.2
280220261302  0.284  6.5  162.3  13.0  0.60  9.3  27.2
280220261303  0.285  6.3  161.2  12.4  0.70  12.5  27.2
280220261304  0.286  6.5  160.7  13.1  0.71  5.3  27.2
280220261305  0.286  6.8  161.1  13.1  0.64  16.8  27.3
280220261306  0.286  7.0  159.2  13.1  0.63  9.8  27.3
280220261307  0.287  7.4  159.6  15.7  0.64  6.2  27.3
280220261308  0.287  7.5  159.0  15.7  0.56  5.0  27.3
280220261309  0.287  7.2  158.8  15.7  0.56  11.0  27.2
280220261310  0.287  7.4  159.3  15.7  0.61  7.4  27.3
280220261311  0.288  7.1  157.1  15.7  0.65  6.2  27.3
280220261312  0.288  6.6  154.2  15.7  0.71  6.7  27.3
280220261313  0.288  6.7  154.4  15.7  0.63  3.8  27.3
280220261314  0.290  6.5  153.7  15.7  0.59  3.4  27.3
280220261315  0.289  6.1  153.3  15.7  0.52  2.8  27.2
280220261316  0.289  6.0  153.5  15.7  0.58  359.6  27.3
280220261317  0.290  5.9  151.4  11.4  0.64  2.9  27.3
280220261318  0.289  5.8  151.2  11.4  0.61  359.2  27.3
280220261319  0.289  5.9  151.3  11.4  0.53  2.8  27.3
280220261320  0.289  6.0  151.1  11.9  0.46  357.8  27.3
280220261321  0.289  6.5  151.8  12.3  0.66  0.6  27.3
280220261322  0.289  6.7  153.2  12.3  0.57  2.0  27.3
280220261323  0.289  6.6  152.5  12.3  0.60  1.9  27.3
280220261324  0.291  6.9  152.8  13.3  0.60  6.7  27.3
280220261325  0.292  7.0  153.1  13.3  0.50  0.5  27.3
280220261326  0.294  7.0  154.9  13.3  0.66  2.0  27.3
280220261327  0.295  6.9  156.6  13.3  0.69  0.3  27.3
280220261328  0.296  7.1  156.9  13.3  0.55  2.9  27.3
280220261329  0.296  6.9  156.5  13.3  0.59  2.3  27.3
280220261330  0.297  6.9  157.7  13.3  0.61  359.2  27.3
280220261331  0.300  6.7  156.9  13.3  0.54  5.9  27.3
280220261332  0.301  6.6  156.5  13.3  0.56  1.1  27.3
280220261333  0.303  6.6  156.2  13.3  0.56  0.2  27.3
280220261334  0.303  6.3  154.9  12.3  0.62  357.4  27.4
280220261335  0.306  6.5  155.2  12.3  0.58  2.7  27.4
280220261336  0.308  6.4  154.1  12.3  0.48  356.4  27.4
280220261337  0.310  6.5  151.3  12.3  0.51  358.6  27.4
280220261338  0.311  6.6  149.9  11.7  0.55  0.4  27.4
280220261339  0.315  6.9  152.0  11.7  0.56  358.8  27.4
280220261340  0.317  6.9  151.9  14.1  0.57  359.1  27.4
280220261341  0.321  7.0  153.5  14.1  0.56  359.7  27.4
280220261342  0.324  7.1  153.3  14.1  0.56  4.2  27.4
280220261343  0.324  7.1  152.9  14.1  0.41  354.6  27.4
280220261344  0.325  7.2  153.7  14.1  0.50  355.0  27.4
280220261345  0.329  7.3  153.5  14.1  0.49  357.8  27.4
280220261346  0.332  7.8  154.0  14.1  0.48  358.1  27.4
280220261347  0.335  7.6  155.5  14.1  0.59  2.6  27.4
280220261348  0.338  7.4  154.6  14.1  0.47  357.5  27.4
280220261349  0.341  7.3  152.4  14.1  0.45  354.6  27.4
280220261350  0.343  7.0  151.4  12.1  0.40  357.3  27.4
280220261351  0.347  7.0  151.2  11.5  0.48  2.3  27.4
280220261352  0.351  7.2  153.9  13.9  0.41  3.1  27.4
280220261353  0.353  7.2  155.9  13.9  0.41  354.7  27.4
280220261354  0.356  7.1  156.2  13.9  0.37  0.0  27.4
280220261355  0.359  6.9  155.3  13.9  0.30  351.2  27.4
280220261356  0.361  6.7  155.5  13.9  0.36  357.5  27.4
280220261357  0.364  6.8  155.0  13.9  0.31  352.1  27.4
280220261358  0.366  7.0  159.2  13.9  0.35  359.4  27.4
280220261359  0.369  7.0  160.5  13.9  0.44  351.0  27.4
280220261400  0.370  6.9  161.4  13.9  0.37  354.7  27.4
280220261401  0.372  7.0  160.7  13.9  0.33  1.9  27.4
280220261402  0.375  6.8  158.3  12.4  0.40  3.0  27.4
280220261403  0.377  6.8  156.0  12.4  0.31  0.9  27.4
280220261404  0.378  7.0  157.4  15.6  0.43  359.4  27.4
280220261405  0.382  7.0  157.0  15.6  0.22  1.9  27.4
280220261406  0.384  7.0  156.6  15.6  0.25  350.7  27.4
280220261407  0.387  7.0  155.6  15.6  0.24  352.1  27.4
280220261408  0.389  7.0  151.9  15.6  0.23  357.6  27.4
280220261409  0.391  7.1  151.4  15.6  0.22  356.4  27.4
280220261410  0.395  7.3  152.1  15.6  0.20  345.9  27.4
280220261411  0.399  7.0  152.4  15.6  0.16  11.4  27.4
280220261412  0.403  7.0  151.3  15.6  0.34  8.0  27.4
280220261413  0.407  6.8  152.8  15.6  0.30  0.1  27.4
280220261414  0.411  6.6  153.0  13.8  0.25  20.4  27.5
280220261415  0.415  6.5  156.2  13.8  0.21  351.7  27.5
280220261416  0.418  6.2  156.6  13.8  0.13  15.3  27.5
280220261417  0.421  5.9  155.8  13.8  0.16  21.2  27.5
280220261418  0.424  5.8  158.5  13.8  0.12  10.9  27.5
280220261419  0.426  5.7  158.8  13.8  0.20  9.5  27.5
280220261420  0.431  5.8  159.2  13.8  0.16  10.7  27.5
280220261421  0.434  5.9  157.0  13.8  0.21  350.2  27.5
280220261422  0.438  5.5  161.2  10.1  0.10  8.8  27.5
280220261423  0.442  5.6  159.6  10.1  0.15  11.5  27.5
280220261424  0.447  5.3  157.3  10.1  0.14  14.9  27.5
280220261425  0.453  5.5  156.0  12.5  0.08  17.1  27.5
280220261426  0.459  5.6  153.5  12.5  0.17  19.7  27.5
280220261427  0.463  5.9  154.7  12.5  0.03  203.0  27.5
280220261428  0.467  6.0  155.2  12.5  0.08  325.0  27.5
280220261429  0.473  5.6  155.8  12.5  0.10  337.9  27.5
280220261430  0.476  5.3  153.6  12.5  0.03  200.6  27.5
280220261431  0.480  5.5  154.1  12.5  0.10  186.8  27.5
280220261432  0.484  5.9  152.7  12.5  0.03  214.8  27.5
280220261433  0.488  5.9  153.3  12.5  0.18  195.1  27.5
280220261434  0.491  6.1  155.0  12.5  0.09  197.1  27.5
280220261435  0.494  5.8  154.3  12.2  0.10  204.9  27.5
280220261436  0.496  5.5  156.7  12.2  0.11  190.0  27.5
280220261437  0.499  5.3  157.3  12.2  0.10  195.5  27.5
280220261438  0.502  5.5  156.4  12.2  0.13  184.1  27.5
280220261439  0.506  5.7  157.7  12.2  0.19  200.8  27.5
280220261440  0.506  5.9  157.5  12.2  0.21  190.5  27.5
280220261441  0.509  6.0  156.9  12.2  0.10  185.4  27.5
280220261442  0.510  5.9  157.5  12.2  0.10  194.6  27.5
280220261443  0.512  6.0  157.5  12.2  0.31  191.1  27.4
280220261444  0.514  5.8  157.3  12.1  0.16  191.4  27.4
280220261445  0.516  5.8  158.6  12.1  0.24  185.4  27.4
280220261446  0.518  6.1  159.8  12.1  0.20  198.0  27.4
280220261447  0.520  6.3  158.8  12.1  0.13  183.3  27.4
280220261448  0.523  6.0  158.7  10.7  0.24  189.1  27.4
280220261449  0.525  6.1  159.0  10.7  0.13  179.4  27.4
280220261450  0.528  6.1  157.9  10.7  0.03  216.6  27.4
280220261451  0.530  5.9  159.1  10.7  0.12  206.3  27.4
280220261452  0.532  5.9  158.0  10.7  0.18  179.4  27.4
280220261453  0.534  6.0  159.8  10.7  0.24  189.1  27.4
280220261454  0.537  6.2  159.8  10.7  0.12  190.0  27.3
280220261455  0.541  6.2  157.4  10.7  0.15  185.6  27.3
280220261456  0.546  6.4  155.3  11.1  0.14  167.1  27.3
280220261457  0.548  6.5  156.3  11.7  nan  nan  nan
280220261458  0.552  6.5  155.1  11.7  0.14  171.3  27.3
280220261459  0.555  6.3  154.4  11.7  0.28  185.6  27.3
280220261500  0.560  6.3  160.3  13.5  0.21  179.0  27.3
280220261501  0.563  6.0  160.6  13.5  0.17  188.7  27.3
280220261502  0.567  5.8  162.5  13.5  0.26  176.1  27.2
280220261503  0.572  6.1  167.6  13.5  0.30  181.5  27.2
280220261504  0.577  6.4  170.3  13.5  0.23  190.5  27.2
280220261505  0.581  6.3  171.2  13.5  0.20  186.7  27.2
280220261506  0.584  6.3  175.4  13.5  0.23  185.1  27.2
280220261507  0.587  6.1  177.0  13.5  0.28  199.7  27.2
280220261508  0.591  6.4  177.9  13.5  0.24  193.7  27.2
280220261509  0.595  6.6  176.8  13.5  0.28  195.6  27.1
280220261510  0.598  6.2  175.6  12.9  0.16  190.7  27.1
280220261511  0.602  6.0  177.3  12.9  0.31  185.0  27.1
280220261512  0.607  6.0  175.3  12.9  0.15  169.9  27.1
280220261513  0.610  5.5  168.6  11.2  0.32  188.6  27.1
280220261514  0.613  5.3  169.6  10.0  0.35  182.0  27.1
280220261515  0.616  5.4  171.7  10.0  0.32  173.6  27.1
280220261516  0.619  5.2  170.4  10.0  0.26  182.2  27.1
280220261517  0.624  5.0  169.9  10.0  0.42  204.1  27.1
280220261518  0.627  5.1  173.6  10.0  0.34  198.9  27.1
280220261519  0.631  4.9  176.6  10.0  0.30  192.2  27.1
280220261520  0.635  4.8  176.0  10.0  0.37  188.2  27.0
280220261521  0.638  4.8  174.3  10.0  0.33  179.3  27.0
280220261522  0.643  4.8  174.3  11.4  0.48  188.8  27.0
280220261523  0.646  5.0  172.9  11.4  0.37  172.4  27.0
280220261524  0.651  4.9  165.9  11.4  0.36  177.4  27.0
280220261525  0.653  4.8  163.4  11.4  0.38  179.0  27.0
280220261526  0.657  4.8  161.4  11.4  0.38  176.9  27.0
280220261527  0.660  5.1  159.5  11.4  0.39  179.4  27.0
280220261528  0.663  5.0  156.9  11.4  0.54  177.9  27.0
280220261529  0.667  4.9  151.8  11.4  0.60  174.9  27.0
280220261530  0.669  5.0  149.9  11.4  0.43  172.7  27.0
280220261531  0.672  5.2  154.0  11.4  0.49  176.8  27.0
280220261532  0.676  5.3  156.2  10.7  0.45  183.3  27.0
280220261533  0.680  5.1  160.2  11.6  0.40  172.2  27.0
280220261534  0.685  4.8  161.8  11.6  0.44  167.2  27.0
280220261535  0.689  4.7  163.9  11.6  0.49  169.0  27.0
280220261536  0.693  4.8  166.6  12.3  0.52  170.9  27.0
280220261537  0.697  4.7  169.5  12.3  0.52  172.0  27.0
280220261538  0.701  4.9  171.2  12.3  0.57  173.4  27.0
280220261539  0.705  5.5  177.7  12.3  0.48  171.3  27.0
280220261540  0.711  5.7  174.3  12.3  0.47  167.3  27.0
280220261541  0.714  5.7  172.6  12.3  0.48  164.7  27.0
280220261542  0.719  5.7  171.1  12.4  0.48  177.0  27.0
280220261543  0.721  5.5  170.3  12.4  0.38  177.0  27.0
280220261544  0.725  5.4  170.8  12.4  0.42  168.2  27.0
280220261545  0.730  5.9  169.9  12.4  0.44  164.2  27.0
280220261546  0.735  6.0  169.9  12.4  0.43  165.6  27.0
280220261547  0.739  6.4  172.5  12.4  0.57  171.9  27.0
280220261548  0.742  6.4  171.4  12.4  0.72  170.5  27.0
280220261549  0.746  6.2  169.0  12.4  0.67  171.1  27.0
280220261550  0.750  6.3  172.6  12.4  0.63  173.8  27.0
280220261551  0.752  6.3  173.8  12.4  0.47  173.6  27.0
280220261552  0.756  6.4  175.9  12.2  0.61  173.9  27.0
280220261553  0.761  6.3  175.4  12.2  0.70  167.6  27.0
280220261554  0.764  6.8  177.0  12.2  0.70  168.3  27.0
280220261555  0.769  7.0  179.4  12.2  0.61  172.1  27.0
280220261556  0.772  6.8  178.2  12.2  0.69  170.2  27.0
280220261557  0.777  6.3  175.4  11.2  0.61  171.6  27.0
280220261558  0.781  6.0  174.0  11.2  0.69  174.9  27.0
280220261559  0.786  6.1  177.2  13.7  0.73  175.6  27.0
280220261600  0.791  6.0  177.0  13.7  0.66  172.3  27.0
280220261601  0.793  6.0  177.0  13.7  0.67  172.9  27.0
280220261602  0.798  5.9  178.1  13.7  0.53  176.5  27.0
280220261603  0.802  5.9  179.8  13.7  0.77  175.7  27.0
280220261604  0.804  5.5  177.8  13.7  0.74  166.9  27.0
280220261605  0.809  5.3  176.1  13.7  0.63  171.1  27.0
280220261606  0.814  5.3  178.9  13.7  0.67  174.6  27.0
280220261607  0.817  5.4  180.2  13.7  0.58  174.8  27.0
280220261608  0.821  5.4  180.7  13.7  0.46  177.3  27.0
280220261609  0.825  5.0  178.8  11.9  0.53  188.3  27.0
280220261610  0.829  4.8  180.0  11.9  0.65  190.0  27.0
280220261611  0.831  4.5  178.5  11.9  0.55  189.0  27.0
280220261612  0.835  4.3  176.2  11.9  0.62  191.1  27.0
280220261613  0.839  4.1  174.1  11.9  0.65  186.6  27.0
280220261614  0.844  3.8  175.3  11.9  0.49  186.6  27.0
280220261615  0.849  3.6  171.8  7.9  0.51  188.7  27.0
280220261616  0.853  3.4  167.4  7.9  0.58  189.2  27.0
280220261617  0.855  3.9  166.6  16.8  0.57  180.2  27.0
280220261618  0.860  4.3  167.1  16.8  0.44  179.5  27.0
280220261619  0.863  4.5  163.3  16.8  0.53  188.7  27.0
280220261620  0.866  4.8  162.8  16.8  0.49  182.0  27.0
280220261621  0.869  5.3  165.1  16.8  0.55  184.9  27.0
280220261622  0.872  5.4  164.5  16.8  0.56  190.0  27.0
280220261623  0.874  5.6  164.4  16.8  0.62  188.9  27.0
280220261624  0.876  5.9  165.4  16.8  0.75  180.9  27.0
280220261625  0.878  5.7  166.0  16.8  0.73  177.9  27.0
280220261626  0.881  5.6  166.5  16.8  0.78  178.1  27.0
280220261627  0.885  5.0  167.9  13.0  0.67  182.7  27.0
280220261628  0.888  4.6  168.9  12.2  0.61  177.2  27.0
280220261629  0.889  4.6  173.8  12.2  0.67  175.4  27.0
280220261630  0.893  4.6  177.9  10.6  0.58  165.0  27.0
280220261631  0.896  4.8  176.1  12.6  0.66  173.0  27.0
280220261632  0.899  5.0  177.3  12.6  0.66  175.5  27.0
280220261633  0.903  5.3  176.7  12.6  0.58  157.2  27.0
280220261634  0.907  5.5  177.3  12.6  0.72  178.1  27.0
280220261635  0.909  5.8  178.7  12.6  0.58  180.1  27.0
280220261636  0.912  6.1  178.4  12.6  0.66  179.8  27.0
280220261637  0.914  6.6  178.2  12.6  0.74  178.2  27.0
280220261638  0.917  7.4  179.2  14.8  0.81  173.1  27.0
280220261639  0.921  7.2  177.7  14.8  0.81  175.2  27.0
280220261640  0.925  7.1  176.5  14.8  0.51  176.2  27.0
280220261641  0.928  7.1  181.1  15.4  0.65  166.9  27.0
280220261642  0.932  7.1  182.6  15.4  0.71  173.1  27.0
280220261643  0.936  7.3  185.4  15.4  0.69  173.3  27.0
280220261644  0.939  7.3  184.2  15.4  0.76  174.3  27.0
280220261645  0.942  7.2  182.4  15.4  0.72  174.1  27.0
280220261646  0.946  7.0  183.3  15.4  0.68  179.4  27.0
280220261647  0.950  6.6  184.4  15.4  0.70  173.8  27.0
280220261648  0.955  5.9  185.5  15.4  0.62  172.3  27.0
280220261649  0.958  5.7  186.1  15.4  0.73  177.2  27.0
280220261650  0.964  6.1  186.8  15.4  0.80  177.8  27.0
280220261651  0.969  5.8  183.2  11.4  0.68  178.1  27.0
280220261652  0.975  5.5  180.1  11.4  0.55  172.2  27.0
280220261653  0.980  5.3  176.8  11.4  0.44  181.9  27.0
280220261654  0.985  5.0  177.1  11.4  0.62  173.9  27.0
280220261655  0.989  5.0  180.2  11.4  0.74  179.5  27.0
280220261656  0.993  4.9  178.5  11.4  0.56  179.2  27.0
280220261657  0.997  5.0  176.9  11.4  0.50  171.6  27.0
280220261658  1.000  4.7  174.4  11.4  0.51  171.3  27.0
280220261659  1.004  4.8  172.2  11.4  0.54  172.3  27.0
280220261700  1.006  4.7  166.5  11.4  0.69  176.9  27.0
280220261701  1.011  4.3  165.2  9.1  0.65  178.2  27.0
280220261702  1.014  4.0  167.9  9.1  0.62  177.6  27.0
280220261703  1.017  3.9  171.1  9.1  0.54  178.8  27.0
280220261704  1.019  3.8  171.6  9.1  0.61  174.6  27.0
280220261705  1.021  3.7  170.1  9.1  0.49  172.1  27.0
280220261706  1.024  3.8  169.8  9.1  0.56  177.3  27.0
280220261707  1.027  3.8  168.3  8.8  0.51  179.1  27.0
280220261708  1.031  4.1  164.8  9.9  0.44  185.9  27.0
280220261709  1.033  4.3  163.6  13.1  0.52  178.9  27.0
280220261710  1.035  4.5  165.7  13.2  0.45  174.8  27.0
280220261711  1.036  4.7  163.9  13.2  0.57  176.4  27.0
280220261712  1.038  5.1  161.3  13.2  0.68  176.9  27.0
280220261713  1.041  5.6  158.7  13.2  0.51  168.5  26.9
280220261714  1.043  6.3  158.1  13.2  0.71  178.2  26.9
280220261715  1.045  6.7  157.8  13.2  0.58  171.0  26.9
280220261716  1.047  7.1  157.1  13.2  0.63  179.8  26.9
280220261717  1.051  7.5  157.1  13.2  0.73  177.0  26.9
280220261718  1.052  7.6  158.0  13.7  0.65  177.5  26.9
280220261719  1.054  7.3  158.0  13.7  0.70  179.9  26.9
280220261720  1.057  7.0  155.9  13.7  0.70  177.0  27.0
280220261721  1.059  7.1  156.6  13.7  0.74  178.1  27.0
280220261722  1.060  7.1  156.7  13.7  0.72  179.9  27.0
280220261723  1.064  6.6  156.4  13.7  0.47  182.2  27.0
280220261724  1.066  6.2  156.1  13.7  0.70  179.3  27.0
280220261725  1.068  6.3  154.7  13.7  0.78  174.8  27.0
280220261726  1.072  5.9  155.7  13.7  0.70  174.1  27.0
280220261727  1.074  5.6  154.3  13.7  0.74  174.8  27.0
280220261728  1.075  5.2  153.8  10.3  0.62  177.2  27.0
280220261729  1.077  5.1  155.5  10.3  0.63  176.5  27.0
280220261730  1.079  4.9  157.2  10.3  0.79  178.4  27.0
280220261731  1.082  4.7  156.5  10.3  0.63  175.3  27.0
280220261732  1.084  4.4  156.5  10.3  0.68  181.8  27.0
280220261733  1.087  4.2  155.0  10.3  0.51  180.1  27.0
280220261734  1.088  4.1  153.0  9.4  0.72  175.1  27.0
280220261735  1.091  4.1  156.2  9.9  0.77  178.3  27.0
280220261736  1.093  4.1  153.3  9.9  0.73  176.3  27.0
280220261737  1.095  4.3  151.3  9.9  0.78  178.2  27.0
280220261738  1.098  4.4  151.7  9.9  0.63  175.5  27.0
280220261739  1.101  4.6  150.6  9.9  0.57  170.6  27.0
280220261740  1.104  4.5  150.7  9.9  0.67  182.5  27.0
280220261741  1.106  4.8  147.6  9.9  0.68  175.2  27.0
280220261742  1.107  4.9  146.4  9.9  0.69  178.1  26.9
280220261743  1.110  4.9  147.0  9.9  0.73  172.9  26.9
280220261744  1.111  5.1  148.8  9.9  0.84  179.3  26.9
280220261745  1.114  5.0  147.8  11.0  0.68  177.3  26.9
280220261746  1.116  5.1  148.1  11.0  0.78  179.9  26.9
280220261747  1.117  5.1  150.4  13.3  0.60  182.6  26.9
280220261748  1.117  5.4  148.8  13.3  0.66  176.7  26.9
280220261749  1.118  5.5  148.9  13.3  0.55  183.3  26.9
280220261750  1.117  5.6  149.5  13.3  0.48  183.0  27.0
280220261751  1.118  5.5  153.3  13.3  0.56  182.4  27.0
280220261752  1.118  5.5  155.1  13.3  0.45  175.6  27.0
280220261753  1.118  5.6  155.8  13.3  0.50  178.5  27.0
280220261754  1.119  5.5  153.1  13.3  0.38  170.0  27.0
280220261755  1.119  5.3  150.2  13.3  0.47  180.1  27.0
280220261756  1.120  5.1  149.8  13.3  0.54  180.1  27.0
280220261757  1.121  4.8  149.8  10.3  0.35  163.4  27.0
280220261758  1.121  4.3  150.3  10.3  0.51  175.9  27.0
280220261759  1.123  4.2  146.6  10.3  0.42  184.2  27.0
280220261800  1.123  4.1  146.4  10.3  0.62  176.8  27.0
280220261801  1.123  4.0  147.5  10.0  0.55  183.1  27.0
280220261802  1.123  4.0  149.4  10.0  0.39  182.8  27.0
280220261803  1.123  4.1  149.6  10.0  0.46  183.7  26.9
280220261804  1.124  4.0  156.3  9.3  0.39  187.2  26.9
280220261805  1.126  4.1  157.7  8.9  0.40  182.5  26.9
280220261806  1.126  4.2  156.9  9.0  0.39  170.3  26.9
280220261807  1.127  4.2  157.5  9.0  0.45  178.1  26.9
280220261808  1.128  4.4  159.4  9.0  0.39  169.4  26.9
280220261809  1.129  4.3  161.2  9.0  0.49  176.8  26.8
280220261810  1.132  4.4  160.7  9.0  0.42  169.2  26.8
280220261811  1.135  4.3  153.8  9.7  0.50  173.5  26.8
280220261812  1.138  4.2  151.3  9.7  0.43  175.4  26.8
280220261813  1.140  4.4  152.9  9.7  0.46  160.9  26.8
280220261814  1.144  4.4  151.1  9.7  0.60  169.9  26.8
280220261815  1.146  4.4  153.7  9.7  0.46  164.4  26.8
280220261816  1.148  4.4  157.2  9.7  0.42  167.7  26.8
280220261817  1.151  4.4  156.4  9.7  0.59  173.0  26.8
280220261818  1.152  4.3  155.4  9.7  0.66  179.7  26.8
280220261819  1.154  4.3  158.2  9.7  0.51  179.1  26.8
280220261820  1.156  4.2  158.5  9.7  0.52  171.4  26.8
280220261821  1.157  4.5  163.3  9.6  0.37  174.1  26.8
280220261822  1.157  4.4  160.7  9.6  0.57  172.4  26.7
280220261823  1.160  4.2  159.5  9.4  0.44  172.1  26.8
280220261824  1.160  4.5  159.8  9.4  0.33  176.5  26.8
280220261825  1.161  4.4  158.5  9.7  0.21  150.5  26.8
280220261826  1.163  4.8  156.3  10.0  0.32  171.7  26.7
280220261827  1.164  4.8  154.3  10.0  0.45  161.4  26.7
280220261828  1.166  4.7  156.0  10.0  0.60  163.1  26.8
280220261829  1.167  5.1  153.5  11.2  0.28  168.6  26.8
280220261830  1.168  5.2  151.3  11.2  0.50  168.4  26.8
280220261831  1.169  5.0  150.5  11.2  0.42  171.3  26.8
280220261832  1.170  4.9  153.2  11.2  0.29  161.2  26.8
280220261833  1.170  4.9  151.5  11.2  0.47  164.5  26.8
280220261834  1.169  4.6  150.6  11.2  0.38  144.8  26.8
280220261835  1.171  4.8  149.2  11.2  0.45  155.7  26.7
280220261836  1.169  4.4  150.8  11.2  0.53  168.9  26.7
280220261837  1.168  4.3  154.2  11.2  0.56  160.8  26.7
280220261838  1.167  4.4  149.3  11.2  0.75  162.4  26.7
280220261839  1.166  4.0  151.8  9.0  0.57  161.3  26.7
280220261840  1.165  4.0  154.8  9.0  0.45  159.0  26.7
280220261841  1.166  4.1  152.7  9.0  0.48  150.0  26.7
280220261842  1.164  4.1  153.7  9.0  0.47  157.0  26.7
280220261843  1.164  4.0  152.8  9.3  0.49  163.1  26.7
280220261844  1.163  4.2  149.5  9.3  0.47  159.4  26.7
280220261845  1.163  4.0  150.4  9.3  0.46  158.5  26.7
280220261846  1.162  3.9  145.2  11.1  0.43  159.5  26.7
280220261847  1.161  4.0  142.8  11.1  0.40  168.0  26.7
280220261848  1.161  3.9  147.5  11.1  0.35  162.0  26.7
280220261849  1.160  3.8  144.7  11.1  0.34  160.6  26.7
280220261850  1.160  3.9  145.4  11.1  0.34  156.8  26.7
280220261851  1.160  3.8  147.0  11.1  0.43  162.6  26.7
280220261852  1.158  3.9  145.2  11.1  0.31  158.0  26.7
280220261853  1.157  4.1  144.0  11.1  0.22  161.4  26.7
280220261854  1.156  3.9  146.9  11.1  0.24  156.4  26.7
280220261855  1.154  3.9  147.0  11.1  0.48  171.4  26.7
280220261856  1.152  4.0  151.2  9.9  0.44  169.2  26.6
280220261857  1.151  3.8  151.5  9.9  0.48  165.5  26.6
280220261858  1.150  3.8  148.7  9.9  0.52  172.4  26.6
280220261859  1.149  3.9  151.5  9.9  0.52  168.9  26.6
280220261900  1.148  3.9  148.9  9.9  0.41  165.6  26.6
280220261901  1.146  3.9  147.8  9.9  0.54  169.8  26.6
280220261902  1.144  4.0  150.0  9.9  0.53  168.4  26.6
280220261903  1.142  3.9  154.7  7.7  0.43  161.6  26.6
280220261904  1.141  4.3  157.5  10.6  0.36  156.1  26.7
280220261905  1.140  4.5  159.5  10.6  0.56  176.8  26.7
280220261906  1.139  4.6  159.4  10.6  0.55  174.5  26.6
280220261907  1.138  4.9  161.9  10.6  0.40  177.0  26.6
280220261908  1.137  5.2  163.1  10.6  0.34  167.6  26.6
280220261909  1.135  5.2  162.1  10.6  0.43  172.2  26.6
280220261910  1.136  5.1  163.3  10.6  0.48  176.1  26.6
280220261911  1.135  5.5  165.6  10.6  0.27  172.7  26.6
280220261912  1.134  5.5  166.0  10.6  0.34  171.3  26.6
280220261913  1.133  5.5  166.9  10.6  0.36  166.2  26.5
280220261914  1.131  5.1  165.4  10.1  0.44  179.9  26.5
280220261915  1.130  5.0  162.0  10.1  0.37  165.7  26.5
280220261916  1.130  5.0  162.3  10.1  0.48  176.8  26.5
280220261917  1.129  4.9  161.6  10.1  0.43  175.2  26.5
280220261918  1.128  4.6  161.2  10.1  0.39  171.3  26.5
280220261919  1.127  4.6  160.1  10.1  0.37  170.8  26.5
280220261920  1.125  4.5  158.4  10.1  0.42  170.0  26.5
280220261921  1.125  4.3  157.7  10.1  0.39  171.0  26.5
280220261922  1.123  4.1  156.7  8.5  0.24  169.2  26.5
280220261923  1.121  4.5  152.9  11.5  0.44  176.0  26.5
280220261924  1.120  4.7  152.1  11.5  0.35  164.9  26.5
280220261925  1.119  4.8  156.8  11.5  0.39  170.1  26.5
280220261926  1.119  4.8  157.0  11.5  0.30  159.1  26.5
280220261927  1.116  4.9  155.5  11.5  0.25  154.7  26.5
280220261928  1.116  5.1  156.0  11.5  0.35  168.6  26.5
280220261929  1.114  5.0  156.4  11.5  0.23  156.7  26.5
280220261930  1.113  5.3  157.3  11.5  0.21  159.9  26.5
280220261931  1.110  5.5  155.5  11.5  0.24  165.7  26.5
280220261932  1.107  5.5  154.4  11.5  0.16  161.6  26.5
280220261933  1.104  5.2  158.7  9.3  0.29  166.5  26.5
280220261934  1.102  5.0  158.3  9.3  0.16  146.9  26.5
280220261935  1.099  4.7  155.2  9.3  0.10  139.4  26.5
280220261936  1.097  4.9  157.5  9.9  0.21  155.4  26.5
280220261937  1.094  4.7  159.6  9.9  0.11  131.1  26.5
280220261938  1.092  4.8  161.0  9.9  0.15  115.6  26.5
280220261939  1.090  4.9  163.7  9.9  0.10  131.5  26.5
280220261940  1.088  4.9  163.4  9.9  0.11  127.4  26.5
280220261941  1.087  4.8  163.3  9.9  0.10  115.2  26.4
280220261942  1.085  4.6  163.9  9.9  0.17  168.2  26.4
280220261943  1.082  4.6  160.4  9.9  0.09  122.9  26.4
280220261944  1.079  4.4  158.9  9.9  0.11  107.3  26.4
280220261945  1.077  4.4  158.8  9.9  0.11  165.7  26.4
280220261946  1.075  4.1  153.1  9.4  0.09  166.8  26.4
280220261947  1.073  4.2  152.0  14.8  0.05  79.0  26.4
280220261948  1.070  4.2  155.2  14.8  0.10  69.4  26.4
280220261949  1.068  4.2  154.4  14.8  0.13  138.1  26.4
280220261950  1.066  4.0  154.1  14.8  0.12  102.8  26.4
280220261951  1.063  3.7  155.5  14.8  0.10  131.8  26.4
280220261952  1.061  4.0  157.7  14.8  0.05  115.6  26.4
280220261953  1.059  4.2  157.9  14.8  0.13  129.3  26.4
280220261954  1.057  4.3  160.7  14.8  0.10  151.8  26.4
280220261955  1.053  4.4  158.2  14.8  0.11  42.0  26.4
280220261956  1.051  4.3  156.1  14.8  0.15  57.2  26.4
280220261957  1.048  4.2  155.3  13.1  0.08  78.7  26.4
280220261958  1.045  4.1  147.7  11.2  0.12  132.1  26.4
280220261959  1.043  4.2  144.5  11.2  0.20  149.3  26.4
280220262000  1.040  4.3  145.5  11.2  0.14  35.5  26.4
280220262001  1.037  4.6  147.7  11.2  0.09  65.6  26.4
280220262002  1.035  4.7  145.6  11.2  0.10  100.0  26.4
280220262003  1.032  4.4  146.9  10.4  0.13  141.4  26.4
280220262004  1.029  4.7  147.4  10.4  0.14  125.5  26.4
280220262005  1.026  4.8  148.4  10.4  0.07  106.0  26.4
280220262006  1.023  4.7  151.9  10.4  0.10  165.0  26.4
280220262007  1.020  4.6  151.9  10.4  0.04  74.8  26.4
280220262008  1.016  4.5  153.3  10.4  0.05  81.6  26.4
280220262009  1.014  4.5  154.5  10.4  0.14  13.2  26.4
280220262010  1.011  4.3  153.5  10.4  0.06  142.1  26.5
280220262011  1.008  4.0  151.7  8.9  0.08  12.7  26.5
280220262012  1.005  4.0  152.5  8.8  0.12  10.0  26.5
280220262013  1.001  4.4  152.1  11.6  0.06  10.0  26.5
280220262014  0.997  4.5  153.7  11.6  0.15  348.7  26.5
280220262015  0.994  4.4  153.3  11.6  0.05  29.2  26.5
280220262016  0.991  4.5  152.3  11.6  0.06  57.9  26.5
280220262017  0.988  4.8  149.2  11.6  0.12  17.7  26.5
280220262018  0.987  4.7  148.7  11.6  0.14  6.8  26.5
280220262019  0.984  4.7  149.1  11.6  0.20  6.1  26.5
280220262020  0.981  4.8  150.9  11.6  0.08  349.3  26.5
280220262021  0.978  4.8  150.8  11.6  0.18  15.7  26.5
280220262022  0.976  4.7  147.4  11.6  0.12  27.0  26.5
280220262023  0.973  4.4  147.4  9.8  0.23  10.0  26.5
280220262024  0.971  3.9  147.1  9.8  0.15  2.4  26.5
280220262025  0.969  3.8  148.3  9.7  0.14  9.2  26.5
280220262026  0.967  3.7  152.3  9.7  0.08  0.5  26.5
280220262027  0.965  3.6  157.8  8.6  0.09  353.1  26.5
280220262028  0.962  3.8  160.8  8.6  0.06  341.1  26.5
280220262029  0.959  3.9  164.5  8.6  0.15  348.6  26.5
280220262030  0.956  3.9  160.9  8.6  0.09  330.4  26.5
280220262031  0.954  4.5  162.1  13.0  0.08  319.3  26.5
280220262032  0.950  4.7  164.9  13.0  0.15  320.8  26.6
280220262033  0.946  4.9  163.3  13.0  0.17  302.5  26.6
280220262034  0.942  5.4  163.3  13.0  0.18  319.7  26.6
280220262035  0.938  5.8  165.3  13.0  0.15  320.4  26.6
280220262036  0.935  5.9  163.4  13.0  0.16  1.7  26.6
280220262037  0.930  6.1  163.8  13.0  0.18  354.0  26.6
280220262038  0.928  6.5  162.6  13.0  0.20  2.2  26.6
280220262039  0.924  6.6  161.5  13.0  0.19  359.2  26.6
280220262040  0.920  6.6  162.4  13.0  0.35  3.9  26.6
280220262041  0.916  6.1  161.3  10.9  0.24  7.2  26.6
280220262042  0.912  5.8  162.5  10.9  0.32  8.6  26.6
280220262043  0.909  5.6  162.5  10.9  0.32  3.7  26.6
280220262044  0.905  5.7  161.0  10.9  0.44  12.3  26.6
280220262045  0.901  5.7  160.7  10.4  0.43  9.2  26.6
280220262046  0.897  5.9  160.4  14.6  0.36  16.1  26.6
280220262047  0.893  6.0  159.7  14.6  0.35  17.7  26.6
280220262048  0.889  5.8  158.5  14.6  0.48  6.7  26.6
280220262049  0.885  5.6  157.4  14.6  0.49  7.3  26.5
280220262050  0.880  5.5  158.3  14.6  0.39  7.1  26.5
280220262051  0.877  5.4  159.5  14.6  0.36  3.6  26.5
280220262052  0.874  5.3  158.7  14.6  0.53  5.3  26.5
280220262053  0.869  5.1  159.7  14.6  0.51  359.0  26.5
280220262054  0.866  4.9  160.9  14.6  0.46  358.9  26.5
280220262055  0.862  5.0  158.7  14.6  0.58  355.9  26.5
280220262056  0.860  5.0  157.7  10.7  0.62  0.4  26.5
280220262057  0.856  4.9  156.5  10.7  0.51  357.8  26.5
280220262058  0.853  4.6  159.0  10.7  0.60  2.0  26.5
280220262059  0.849  4.6  159.4  10.7  0.61  5.6  26.5
280220262100  0.844  4.6  158.9  10.7  0.57  0.6  26.5
280220262101  0.839  4.9  160.0  10.7  0.65  6.0  26.5
280220262102  0.836  5.1  161.3  10.7  0.62  4.2  26.5
280220262103  0.831  5.7  162.9  11.0  0.65  358.4  26.5
280220262104  0.826  5.7  161.9  11.0  0.74  5.3  26.6
280220262105  0.821  5.6  164.2  11.0  0.55  3.1  26.6
280220262106  0.815  5.4  166.6  11.0  0.70  360.0  26.6
280220262107  0.809  5.4  167.5  11.0  0.57  2.7  26.6
280220262108  0.804  5.4  166.7  11.0  0.65  4.2  26.6
280220262109  0.797  5.3  165.4  11.0  0.67  1.4  26.6
280220262110  0.792  5.3  166.2  11.0  0.61  0.9  26.6
280220262111  0.786  5.2  163.2  11.0  0.70  2.4  26.6
280220262112  0.780  5.2  160.3  11.0  0.69  358.3  26.6
280220262113  0.775  4.9  157.4  7.7  0.73  0.4  26.6
280220262114  0.769  4.7  156.0  7.7  0.68  5.2  26.6
280220262115  0.763  4.6  154.5  7.7  0.78  6.6  26.6
280220262116  0.758  4.5  155.3  7.7  0.81  2.8  26.6
280220262117  0.752  4.5  154.8  7.7  0.66  1.1  26.6
280220262118  0.747  4.8  155.2  9.8  0.85  4.1  26.6
280220262119  0.743  5.1  155.5  9.8  0.79  4.4  26.6
280220262120  0.738  5.1  153.5  9.8  0.79  6.2  26.6
280220262121  0.733  5.0  154.9  9.8  0.83  6.0  26.6
280220262122  0.730  4.8  156.2  9.8  0.82  3.5  26.6
280220262123  0.725  5.0  156.7  9.8  0.72  2.1  26.6
280220262124  0.721  5.0  157.3  9.8  0.72  2.5  26.6
280220262125  0.718  5.4  157.2  9.8  0.73  6.6  26.6
280220262126  0.714  5.4  155.0  9.8  0.74  5.9  26.6
280220262127  0.711  5.3  155.1  9.8  0.79  4.3  26.6
280220262128  0.708  5.2  153.8  9.1  0.86  5.6  26.6
280220262129  0.705  5.1  153.5  9.1  0.73  7.4  26.6
280220262130  0.701  5.2  152.8  9.1  0.78  3.3  26.6
280220262131  0.697  5.3  152.8  9.1  0.84  5.2  26.6
280220262132  0.694  5.5  151.5  9.1  0.82  5.2  26.6
280220262133  0.690  5.5  150.0  9.1  0.79  2.9  26.6
280220262134  0.686  5.2  151.1  9.1  0.76  2.4  26.6
280220262135  0.681  4.9  150.8  9.4  0.73  7.3  26.6
280220262136  0.676  4.9  154.9  9.4  0.86  2.8  26.6
280220262137  0.672  5.1  154.3  9.4  0.76  5.6  26.6
280220262138  0.669  5.2  155.0  9.4  0.95  5.2  26.6
280220262139  0.664  5.4  156.0  9.4  0.90  4.7  26.6
280220262140  0.659  5.5  156.9  9.4  0.88  6.8  26.7
280220262141  0.655  5.4  159.1  9.4  0.80  358.6  26.6
280220262142  0.649  5.1  162.2  9.4  1.00  5.1  26.7
280220262143  0.643  4.9  166.1  9.4  0.84  1.3  26.7
280220262144  0.638  5.0  165.0  9.4  0.86  6.9  26.7
280220262145  0.633  5.4  164.5  10.4  0.87  359.6  26.7
280220262146  0.628  5.3  160.8  10.4  0.89  4.3  26.7
280220262147  0.624  5.4  161.2  10.4  0.77  2.7  26.7
280220262148  0.618  5.2  161.7  10.4  0.92  358.3  26.7
280220262149  0.613  5.1  162.0  10.6  0.89  0.8  26.7
280220262150  0.607  5.1  160.9  11.6  0.92  2.3  26.7
280220262151  0.602  5.1  159.9  11.6  0.86  3.7  26.7
280220262152  0.597  5.4  161.8  11.6  0.95  2.9  26.7
280220262153  0.593  5.6  162.4  11.6  0.94  5.1  26.7
280220262154  0.588  5.8  163.9  11.6  0.92  4.0  26.7
280220262155  0.585  5.5  163.7  11.6  0.86  2.6  26.7
280220262156  0.581  5.5  164.9  11.6  0.89  4.2  26.7
280220262157  0.578  5.3  165.6  11.6  0.94  3.0  26.7
280220262158  0.575  5.4  165.0  11.6  0.91  5.0  26.7
280220262159  0.572  5.4  164.2  11.6  0.77  0.3  26.7
280220262200  0.569  5.2  165.4  9.0  0.76  0.6  26.7
280220262201  0.567  5.3  162.5  9.0  0.76  4.7  26.7
280220262202  0.564  5.3  158.7  9.0  0.86  3.9  26.7
280220262203  0.561  5.3  156.9  9.0  0.86  3.4  26.7
280220262204  0.560  5.1  157.1  8.8  0.74  5.8  26.7
280220262205  0.558  5.2  162.2  9.1  0.84  5.6  26.7
280220262206  0.553  5.1  165.1  9.1  0.81  6.2  26.8
280220262207  0.551  5.2  166.4  9.1  0.73  2.0  26.8
280220262208  0.547  5.2  167.6  9.1  0.77  358.5  26.8
280220262209  0.544  5.1  171.5  9.1  0.81  2.2  26.8
280220262210  0.541  5.2  175.2  9.1  0.80  358.4  26.8
280220262211  0.538  5.5  180.4  9.4  0.84  0.4  26.8
280220262212  0.535  5.8  184.2  9.4  0.85  2.8  26.8
280220262213  0.530  5.9  186.7  9.4  0.72  357.3  26.8
280220262214  0.526  6.2  186.5  9.4  0.72  359.6  26.8
280220262215  0.522  6.2  186.0  9.4  0.92  5.8  26.8
280220262216  0.516  6.2  184.7  9.4  0.86  359.4  26.8
280220262217  0.511  6.2  185.4  9.4  0.89  359.6  26.8
280220262218  0.508  6.3  187.7  9.4  0.82  3.8  26.8
280220262219  0.502  6.4  186.2  9.4  0.80  5.7  26.8
280220262220  0.499  6.5  184.8  9.4  0.85  4.2  26.8
280220262221  0.495  6.3  182.9  8.7  0.95  6.3  26.8
280220262222  0.490  6.2  182.0  8.7  0.82  1.7  26.8
280220262223  0.487  6.4  179.6  9.0  0.90  6.4  26.8
280220262224  0.483  6.4  180.6  9.6  0.79  0.5  26.8
280220262225  0.478  6.6  182.6  11.5  0.91  6.6  26.8
280220262226  0.475  6.9  184.7  11.5  0.86  7.3  26.8
280220262227  0.470  7.1  184.5  11.5  0.84  6.7  26.8
280220262228  0.464  7.0  184.6  11.5  0.86  5.5  26.8
280220262229  0.459  7.2  187.0  11.7  0.94  8.2  26.8
280220262230  0.455  7.3  189.4  11.7  0.83  8.9  26.8
280220262231  0.450  7.6  190.5  11.7  0.80  9.3  26.8
280220262232  0.445  7.8  190.0  11.7  0.89  6.4  26.8
280220262233  0.441  7.8  191.1  11.7  0.97  7.7  26.8
280220262234  0.435  7.8  190.6  11.7  0.84  7.8  26.8
280220262235  0.432  7.8  189.2  12.4  0.84  8.5  26.8
280220262236  0.428  7.9  187.3  12.4  0.84  9.9  26.8
280220262237  0.424  8.1  188.4  12.4  0.77  6.5  26.8
280220262238  0.422  8.4  187.5  12.4  0.86  7.8  26.8
280220262239  0.419  8.2  187.3  12.4  0.85  5.0  26.8
280220262240  0.415  8.3  187.3  12.4  0.87  10.9  26.8
280220262241  0.412  8.0  189.4  12.4  0.82  6.7  26.8
280220262242  0.410  8.1  189.0  14.8  0.85  7.0  26.8
280220262243  0.406  8.1  189.2  14.8  0.93  6.3  26.8
280220262244  0.402  8.1  188.9  14.8  0.86  2.9  26.8
280220262245  0.401  7.9  189.6  14.8  0.87  9.1  26.8
280220262246  0.398  7.7  191.0  14.8  0.85  9.6  26.8
280220262247  0.395  7.7  192.2  14.8  0.84  9.5  26.8
280220262248  0.392  7.8  191.7  14.8  0.86  8.4  26.8
280220262249  0.388  7.9  190.5  14.8  0.83  9.1  26.8
280220262250  0.386  7.7  190.3  14.8  0.89  7.0  26.8
280220262251  0.383  7.7  189.4  14.8  0.86  6.4  26.8
280220262252  0.378  7.4  191.3  12.0  0.85  9.1  26.8
280220262253  0.376  7.3  192.0  12.0  0.67  3.5  26.8
280220262254  0.371  7.2  191.2  12.0  0.83  6.0  26.8
280220262255  0.368  7.2  190.6  12.0  0.82  8.9  26.8
280220262256  0.364  7.2  189.8  12.0  0.78  7.8  26.8
280220262257  0.362  6.9  188.4  12.0  0.91  6.3  26.8
280220262258  0.359  6.5  190.5  11.1  0.77  4.5  26.8
280220262259  0.357  6.6  192.5  11.1  0.78  9.3  26.8
280220262300  0.355  6.8  192.0  11.4  0.81  6.6  26.8
280220262301  0.352  7.0  190.1  11.4  0.82  8.2  26.8
280220262302  0.349  7.0  190.0  11.4  0.89  8.9  26.8
280220262303  0.346  7.1  188.3  11.4  0.80  9.2  26.8
280220262304  0.344  7.0  190.9  11.4  0.69  10.2  26.8
280220262305  0.341  7.1  192.4  11.9  0.86  10.8  26.8
280220262306  0.338  7.1  193.7  11.9  0.69  7.9  26.9
280220262307  0.336  7.1  194.4  11.9  0.72  6.9  26.8
280220262308  0.334  7.2  194.8  11.9  0.77  6.7  26.8
280220262309  0.331  7.1  194.8  11.9  0.81  9.9  26.9
280220262310  0.327  6.9  196.2  11.9  0.71  4.0  26.9
280220262311  0.324  6.8  198.8  11.9  0.80  8.1  26.9
280220262312  0.322  6.8  198.9  11.9  0.75  4.3  26.9
280220262313  0.320  6.9  201.7  11.9  0.88  7.6  26.9
280220262314  0.317  7.0  201.7  11.9  0.77  7.1  26.9
280220262315  0.316  6.9  201.3  9.0  0.78  7.8  26.9
280220262316  0.312  6.9  202.0  8.7  0.83  4.1  26.9
280220262317  0.310  7.0  201.8  8.7  0.76  5.0  26.9
280220262318  0.308  7.0  202.1  9.5  0.80  6.4  26.9
280220262319  0.307  7.1  202.0  9.5  0.79  7.6  26.9
280220262320  0.306  7.1  201.7  9.5  0.66  5.8  26.9
280220262321  0.306  7.0  201.7  9.5  0.76  7.4  26.9
280220262322  0.305  6.9  201.6  9.5  0.70  0.8  26.9
280220262323  0.303  6.8  200.9  9.5  0.65  1.6  26.9
280220262324  0.303  6.8  199.8  9.5  0.78  4.8  26.9
280220262325  0.301  6.7  199.6  9.5  0.66  1.7  26.9
280220262326  0.300  6.6  199.0  9.5  0.79  3.5  26.9
280220262327  0.299  6.6  199.4  9.5  0.72  4.9  26.9
280220262328  0.298  6.5  198.7  8.8  0.79  5.5  26.9
280220262329  0.296  6.4  198.8  8.8  0.72  4.3  26.9
280220262330  0.294  6.5  197.1  8.8  0.79  6.0  26.9
280220262331  0.292  6.5  196.0  8.8  0.75  7.6  26.9
280220262332  0.291  6.5  196.7  8.8  0.85  7.0  26.9
280220262333  0.289  6.8  197.5  10.0  0.72  2.8  26.9
280220262334  0.288  6.8  198.8  10.0  0.72  4.4  26.9
280220262335  0.287  7.0  199.3  10.1  0.79  5.3  26.9
280220262336  0.284  7.0  200.1  10.1  0.72  4.6  26.9
280220262337  0.282  7.1  199.8  10.1  0.79  5.1  26.9
280220262338  0.278  7.4  199.7  10.1  0.80  4.8  26.9
280220262339  0.278  7.6  199.5  10.1  0.69  9.8  26.9
280220262340  0.277  7.8  200.9  10.7  0.80  4.4  26.9
280220262341  0.276  7.9  201.9  10.7  0.72  3.5  26.9
280220262342  0.274  8.1  202.1  10.7  0.79  5.6  26.9
280220262343  0.271  8.0  201.5  10.7  0.72  7.8  26.9
280220262344  0.269  7.9  200.6  10.7  0.74  7.3  26.9
280220262345  0.266  7.9  199.7  10.7  0.70  1.2  26.9
280220262346  0.262  7.9  198.9  10.7  0.72  6.4  26.9
280220262347  0.261  8.0  198.6  10.7  0.65  4.8  26.9
280220262348  0.258  7.9  199.0  10.7  0.72  3.3  26.9
280220262349  0.257  7.7  198.6  10.7  0.77  5.9  26.9
280220262350  0.254  7.6  198.2  9.4  0.83  5.0  26.9
280220262351  0.251  7.7  197.3  10.4  0.84  5.6  26.9
280220262352  0.249  7.7  196.5  10.4  0.84  6.8  26.9
280220262353  0.246  7.8  197.2  10.6  0.63  10.9  26.9
280220262354  0.244  7.7  196.6  10.6  0.84  5.5  26.9
280220262355  0.240  7.7  197.3  10.6  0.77  5.1  26.9
280220262356  0.238  7.7  197.1  10.6  0.60  3.3  26.9
280220262357  0.236  7.9  197.2  10.6  0.78  5.0  26.9
280220262358  0.234  7.9  197.1  10.6  0.84  7.2  26.9
280220262359  0.232  8.1  197.7  10.6  0.67  7.0  26.9
010320260000  0.231  8.1  197.9  10.6  0.82  6.9  26.9
010320260001  0.229  8.1  198.0  11.0  0.75  6.4  26.9
010320260002  0.228  8.3  198.1  11.1  0.68  5.7  26.9
010320260003  0.228  8.1  198.0  11.1  0.81  3.1  27.0
010320260004  0.226  8.0  198.5  11.1  0.96  7.8  27.0
010320260005  0.225  8.0  198.2  11.1  0.82  7.3  27.0
010320260006  0.222  8.0  198.6  11.1  0.63  3.6  27.0
010320260007  0.220  7.8  199.8  11.1  0.61  8.5  27.0
010320260008  0.218  7.7  199.4  11.1  0.77  10.3  27.0
010320260009  0.217  7.3  198.8  11.1  0.85  8.8  27.0
010320260010  0.215  7.3  198.8  11.1  0.76  8.0  27.0
010320260011  0.214  7.0  199.7  11.1  0.81  3.9  27.0
010320260012  0.214  6.7  200.1  9.1  0.73  4.2  27.0
010320260013  0.214  6.6  199.8  9.1  0.79  4.8  27.0
010320260014  0.214  6.7  200.5  9.1  0.80  5.1  27.0
010320260015  0.214  6.7  200.7  9.0  0.80  4.2  27.0
010320260016  0.214  6.8  201.3  9.0  0.73  9.2  27.0
010320260017  0.214  6.7  200.9  8.7  0.72  6.1  27.0
010320260018  0.214  6.7  200.9  8.5  0.71  6.1  27.0
010320260019  0.214  6.9  202.4  8.8  0.68  358.0  27.0
010320260020  0.214  6.9  202.6  8.8  0.79  8.2  27.0
010320260021  0.216  7.2  202.1  8.9  0.70  3.8  27.0
010320260022  0.215  7.2  202.2  8.9  0.70  4.4  27.0
010320260023  0.216  7.3  202.9  8.9  0.69  8.4  27.0
010320260024  0.217  7.3  202.7  8.9  0.70  4.9  27.0
010320260025  0.219  7.4  203.2  9.7  0.74  4.8  27.0
010320260026  0.219  7.3  203.4  9.7  0.64  359.4  27.0
010320260027  0.219  7.4  203.6  9.7  0.59  1.8  27.0
010320260028  0.219  7.4  204.2  9.7  0.71  9.1  27.0
010320260029  0.219  7.4  203.7  9.7  0.57  5.3  27.0
010320260030  0.220  7.4  204.0  9.7  0.64  1.6  27.0
010320260031  0.221  7.2  204.3  9.7  0.69  1.2  27.0
010320260032  0.221  7.0  203.5  9.7  0.60  3.1  27.0
010320260033  0.223  7.2  204.6  12.0  0.64  6.5  27.0
010320260034  0.224  7.2  204.8  12.0  0.60  2.4  27.0
010320260035  0.225  7.0  204.4  12.0  0.62  7.5  27.0
010320260036  0.226  7.0  203.8  12.0  0.59  8.1  27.0
010320260037  0.227  6.9  203.9  12.0  0.64  6.2  27.0
010320260038  0.228  7.0  204.0  12.0  0.58  8.5  27.0
010320260039  0.229  7.1  203.6  12.0  0.57  2.0  27.0
010320260040  0.229  7.1  203.6  12.0  0.59  358.7  27.0
010320260041  0.232  7.2  203.9  12.0  0.48  0.5  27.1
010320260042  0.233  7.4  204.0  12.0  0.57  356.3  27.1
010320260043  0.235  7.3  202.3  9.7  0.59  7.9  27.1
010320260044  0.237  7.2  201.7  9.7  0.52  358.5  27.1
010320260045  0.238  7.1  201.8  9.7  0.63  2.5  27.1
010320260046  0.241  7.1  201.3  9.7  0.58  357.9  27.1
010320260047  0.242  7.1  199.7  9.7  0.48  1.1  27.1
010320260048  0.245  6.9  198.9  9.0  0.47  0.2  27.1
010320260049  0.248  6.9  199.5  9.4  0.44  4.5  27.1
010320260050  0.250  6.9  198.9  9.4  0.58  3.2  27.1
010320260051  0.253  7.0  198.9  9.4  0.39  358.6  27.1
010320260052  0.254  7.0  200.4  9.4  0.34  354.1  27.1
010320260053  0.255  7.0  199.9  9.4  0.41  3.5  27.1
010320260054  0.257  7.2  200.6  10.2  0.48  357.4  27.1
010320260055  0.259  7.4  201.2  10.2  0.37  356.6  27.1
010320260056  0.263  7.4  202.6  10.2  0.40  358.3  27.1
010320260057  0.266  7.5  203.2  10.2  0.39  1.7  27.1
010320260058  0.268  7.9  204.7  10.2  0.40  358.3  27.1
010320260059  0.271  7.8  204.3  10.2  0.27  353.8  27.1
010320260100  0.273  8.0  205.4  10.7  0.36  359.8  27.1
010320260101  0.275  8.1  205.1  10.7  0.32  356.8  27.1
010320260102  0.277  8.2  204.7  10.7  0.42  356.2  27.1
010320260103  0.280  8.4  205.1  10.7  0.31  356.8  27.1
010320260104  0.284  8.4  205.4  10.7  0.33  354.2  27.1
010320260105  0.288  8.6  205.0  11.4  0.29  353.7  27.1
010320260106  0.292  8.6  204.3  11.4  0.24  343.9  27.1
010320260107  0.298  8.6  205.2  11.4  0.25  348.4  27.1
010320260108  0.301  8.7  204.8  11.4  0.22  345.2  27.1
010320260109  0.306  8.9  205.4  12.1  0.22  348.3  27.1
010320260110  0.309  8.9  204.5  12.1  0.24  347.7  27.1
010320260111  0.313  8.8  204.0  12.1  0.06  280.0  27.1
010320260112  0.318  8.7  203.5  12.1  0.10  319.4  27.1
010320260113  0.322  8.7  204.4  12.1  0.10  339.2  27.1
010320260114  0.326  8.8  204.2  12.1  0.05  256.5  27.1
010320260115  0.328  8.7  203.7  12.1  0.08  246.7  27.1
010320260116  0.333  8.8  204.4  12.1  0.07  255.7  27.1
010320260117  0.338  8.8  203.7  12.1  0.08  312.5  27.1
010320260118  0.343  8.6  202.5  12.1  0.06  236.2  27.1
010320260119  0.348  8.5  201.9  12.1  0.18  212.6  27.1
010320260120  0.353  8.5  202.0  12.1  0.13  236.8  27.1
010320260121  0.357  8.5  203.0  12.1  0.06  223.7  27.1
010320260122  0.361  8.5  203.2  12.1  0.12  221.0  27.1
010320260123  0.365  8.2  202.3  10.6  0.09  288.8  27.1
010320260124  0.368  8.0  201.8  10.6  0.17  219.7  27.1
010320260125  0.372  7.8  202.0  10.6  0.12  212.3  27.1
010320260126  0.375  7.6  200.2  9.9  0.14  213.8  27.1
010320260127  0.378  7.6  200.2  9.9  0.14  195.6  27.1
010320260128  0.381  7.6  201.4  9.9  0.16  219.4  27.1
010320260129  0.384  7.5  201.0  9.8  0.08  246.3  27.1
010320260130  0.386  7.4  200.5  9.7  0.13  238.0  27.1
010320260131  0.388  7.5  198.7  9.7  0.19  225.5  27.1
010320260132  0.389  7.4  197.8  9.7  0.18  217.4  27.1
010320260133  0.391  7.3  198.0  9.7  0.20  195.5  27.1
010320260134  0.392  7.4  198.4  9.7  0.13  222.3  27.0
010320260135  0.394  7.4  197.3  9.7  0.23  196.2  27.0
010320260136  0.395  7.4  198.0  9.7  0.06  202.1  27.0
010320260137  0.399  7.4  198.1  9.7  0.19  196.5  27.0
010320260138  0.400  7.3  197.2  9.7  0.20  165.2  27.0
010320260139  0.403  7.3  197.6  9.7  0.21  178.8  27.0
010320260140  0.408  7.1  197.0  9.7  0.14  193.1  27.0
010320260141  0.410  7.0  197.8  9.3  0.31  190.0  27.0
010320260142  0.414  7.1  198.1  9.3  0.18  186.3  27.0
010320260143  0.417  7.1  197.2  9.3  0.23  177.7  27.0
010320260144  0.419  7.2  197.2  9.4  0.19  171.6  27.0
010320260145  0.422  7.2  198.0  9.4  0.18  187.5  26.9
010320260146  0.425  7.1  198.0  9.4  0.34  185.1  26.9
010320260147  0.427  7.0  198.1  9.4  0.25  176.1  26.9
010320260148  0.430  7.0  198.9  9.4  0.24  166.4  26.9
010320260149  0.434  7.0  198.5  9.4  0.12  168.7  26.9
010320260150  0.436  7.0  199.0  9.4  0.15  186.9  26.9
010320260151  0.439  7.0  199.3  9.4  0.27  200.7  26.9
010320260152  0.442  6.9  199.9  9.4  0.17  180.2  26.9
010320260153  0.446  7.1  200.6  9.4  0.27  194.6  26.9
010320260154  0.449  7.1  200.6  10.0  0.29  187.7  26.9
010320260155  0.451  7.3  201.6  10.7  0.26  187.4  26.9
010320260156  0.456  7.5  200.8  10.8  0.16  174.6  26.9
010320260157  0.459  7.7  200.5  10.8  0.17  184.7  26.9
010320260158  0.463  7.7  200.3  10.8  0.24  186.7  26.9
010320260159  0.467  7.8  200.8  10.8  0.23  187.5  26.9
010320260200  0.470  8.0  202.3  10.8  0.28  180.9  26.9
010320260201  0.475  8.2  202.8  10.8  0.08  183.4  26.9
010320260202  0.481  8.2  202.8  10.8  0.19  203.2  26.9
010320260203  0.485  8.2  203.8  10.8  0.19  186.5  26.9
010320260204  0.489  8.0  203.7  10.8  0.16  194.1  26.9
010320260205  0.493  7.8  203.7  10.8  0.28  196.7  26.9
010320260206  0.497  7.7  205.8  9.9  0.25  192.7  26.9
010320260207  0.501  7.9  206.5  10.5  0.30  188.5  26.9
010320260208  0.504  8.1  206.4  10.7  0.35  190.0  26.9
010320260209  0.509  8.0  206.0  10.7  0.31  198.7  26.9
010320260210  0.513  7.9  205.4  10.7  0.24  188.6  26.9
010320260211  0.517  7.9  205.3  10.7  0.42  197.8  26.9
010320260212  0.521  8.0  205.7  10.7  0.35  191.3  26.9
010320260213  0.525  8.1  204.6  10.7  0.32  191.0  26.9
010320260214  0.530  8.2  204.8  10.7  0.32  193.4  26.9
010320260215  0.534  8.3  204.7  10.7  0.46  191.9  26.9
010320260216  0.538  8.5  203.1  10.7  0.45  187.5  26.9
010320260217  0.543  8.4  202.9  10.7  0.44  193.0  26.9
010320260218  0.546  8.5  203.1  10.9  0.47  188.3  26.9
010320260219  0.550  8.6  203.0  11.1  0.44  180.5  26.9
010320260220  0.555  8.8  202.8  11.1  0.42  185.3  26.8
010320260221  0.561  8.8  202.7  11.8  0.49  181.1  26.8
010320260222  0.564  9.0  202.3  11.8  0.36  179.7  26.8
010320260223  0.569  9.2  202.6  12.0  0.37  176.3  26.8
010320260224  0.575  9.4  201.6  12.0  0.33  181.4  26.8
010320260225  0.578  9.3  201.4  12.0  0.48  177.1  26.8
010320260226  0.583  9.1  201.6  12.0  0.39  182.6  26.8
010320260227  0.587  9.1  200.9  12.0  0.50  175.5  26.8
010320260228  0.593  9.1  201.1  12.0  0.36  175.4  26.8
010320260229  0.600  9.1  201.1  12.0  0.40  178.5  26.8
010320260230  0.606  9.1  201.1  12.0  0.41  185.7  26.8
010320260231  0.613  9.0  201.2  12.0  0.58  181.3  26.8
010320260232  0.619  8.9  201.0  12.0  0.43  177.1  26.8
010320260233  0.625  8.6  200.7  11.5  0.49  181.8  26.8
010320260234  0.631  8.3  201.8  11.0  0.40  188.1  26.8
010320260235  0.639  8.3  201.9  11.0  0.46  179.2  26.8
010320260236  0.646  8.4  202.5  11.0  0.55  176.9  26.8
010320260237  0.653  8.3  202.9  10.6  0.47  175.9  26.8
010320260238  0.661  8.2  202.7  10.6  0.53  173.4  26.8
010320260239  0.669  8.1  203.4  10.2  0.64  175.6  26.8
010320260240  0.676  8.1  203.8  11.5  0.64  175.7  26.8
010320260241  0.681  8.0  203.7  11.5  0.54  170.1  26.8
010320260242  0.689  8.0  204.7  11.5  0.52  170.6  26.8
010320260243  0.696  8.0  205.9  11.5  0.59  174.4  26.8
010320260244  0.705  8.2  206.5  11.5  0.69  174.3  26.8
010320260245  0.712  8.2  205.8  11.5  0.59  173.6  26.8
010320260246  0.720  8.4  206.7  11.5  0.77  176.2  26.8
010320260247  0.727  8.4  207.5  11.5  0.81  174.7  26.8
010320260248  0.735  8.2  208.7  11.5  0.86  178.0  26.8
010320260249  0.742  8.0  209.8  11.5  0.92  175.5  26.8
010320260250  0.748  7.8  210.7  11.2  0.90  171.9  26.8
010320260251  0.755  7.6  211.6  11.2  0.84  169.6  26.7
010320260252  0.761  7.3  212.6  11.2  0.89  167.9  26.7
010320260253  0.768  7.2  213.4  11.2  1.02  168.3  26.7
010320260254  0.774  6.9  215.0  11.2  0.93  172.7  26.7
010320260255  0.780  6.7  217.5  11.2  0.92  168.2  26.7
010320260256  0.786  6.2  218.9  10.2  0.91  171.0  26.7
010320260257  0.792  6.1  220.7  8.2  1.06  174.7  26.7
010320260258  0.798  6.1  220.9  8.2  0.96  170.6  26.7
010320260259  0.803  6.1  222.1  8.2  0.84  170.1  26.7
010320260300  0.808  6.1  223.3  8.1  1.02  173.6  26.7
010320260301  0.812  6.2  225.2  8.1  1.00  171.8  26.7
010320260302  0.819  6.4  225.7  8.1  0.90  169.0  26.7
010320260303  0.823  6.5  226.4  9.2  1.01  165.0  26.7
010320260304  0.828  6.6  226.9  9.2  0.95  168.9  26.7
010320260305  0.834  6.9  227.8  9.2  0.95  165.9  26.7
010320260306  0.839  7.1  228.5  9.2  0.98  170.9  26.7
010320260307  0.844  7.2  229.8  9.7  0.90  167.0  26.7
010320260308  0.850  7.3  230.6  9.7  1.09  171.4  26.7
010320260309  0.855  7.4  231.0  9.7  1.04  171.0  26.7
010320260310  0.861  7.6  231.5  9.7  1.05  173.2  26.7
010320260311  0.866  7.7  231.6  9.7  1.06  171.5  26.7
010320260312  0.869  7.7  232.2  9.7  1.04  174.4  26.7
010320260313  0.874  7.7  232.9  9.7  1.03  174.7  26.7
010320260314  0.878  7.7  233.2  9.7  1.11  171.6  26.7
010320260315  0.884  7.6  233.3  9.7  1.10  174.3  26.7
010320260316  0.889  7.5  232.9  9.7  1.04  174.0  26.7
010320260317  0.896  7.5  233.6  9.7  1.14  172.9  26.7
010320260318  0.901  7.4  234.0  9.7  1.04  174.3  26.6
010320260319  0.905  7.3  233.9  9.7  1.00  172.1  26.6
010320260320  0.911  7.3  234.0  9.7  1.07  170.8  26.6
010320260321  0.916  7.2  233.9  9.3  1.03  170.6  26.6
010320260322  0.921  7.1  233.2  9.3  1.11  174.0  26.6
010320260323  0.926  7.1  233.1  9.3  0.92  170.5  26.6
010320260324  0.932  7.0  233.1  9.3  1.02  173.0  26.6
010320260325  0.938  7.0  233.0  9.4  0.97  172.5  26.6
010320260326  0.942  7.1  232.6  9.4  1.01  174.2  26.6
010320260327  0.949  7.2  231.1  9.4  1.13  173.7  26.6
010320260328  0.953  7.3  230.3  9.8  1.04  169.3  26.6
010320260329  0.958  7.4  229.5  9.8  0.99  170.8  26.6
010320260330  0.964  7.5  228.5  9.8  1.14  169.6  26.6
010320260331  0.970  7.5  228.2  9.8  1.09  168.9  26.5
010320260332  0.976  7.5  227.8  9.8  1.15  169.0  26.5
010320260333  0.981  7.5  227.5  9.8  1.20  173.1  26.5
010320260334  0.987  7.6  226.9  9.8  1.12  169.5  26.5
010320260335  0.995  7.6  226.9  9.8  1.06  169.7  26.5
010320260336  1.001  7.4  226.4  9.8  1.06  168.3  26.5
010320260337  1.007  7.3  226.6  9.8  1.19  173.7  26.5
010320260338  1.013  7.2  226.5  8.5  1.09  172.5  26.5
010320260339  1.019  7.1  226.4  8.5  1.05  174.7  26.5
010320260340  1.024  6.9  225.1  8.5  1.08  172.9  26.5
010320260341  1.029  6.8  224.1  8.1  1.13  172.9  26.5
010320260342  1.035  6.7  224.1  8.1  1.14  171.5  26.5
010320260343  1.041  6.6  223.4  8.1  1.11  172.1  26.5
010320260344  1.046  6.5  221.9  8.1  1.09  174.8  26.5
010320260345  1.052  6.4  220.0  8.2  1.00  176.3  26.5
010320260346  1.058  6.2  218.4  8.2  1.13  176.1  26.5
010320260347  1.063  6.3  215.5  8.3  1.06  178.6  26.5
010320260348  1.069  6.3  213.0  8.3  1.08  174.9  26.5
010320260349  1.074  6.3  211.4  8.3  1.06  177.0  26.5
010320260350  1.078  6.2  211.4  8.3  1.04  180.6  26.5
010320260351  1.083  6.1  209.5  8.3  1.18  184.5  26.5
010320260352  1.087  6.1  207.5  8.3  0.94  182.1  26.5
010320260353  1.092  6.2  206.5  9.0  1.11  181.5  26.5
010320260354  1.097  6.4  207.0  9.2  0.97  177.5  26.5
010320260355  1.102  6.6  206.3  9.2  0.98  181.1  26.5
010320260356  1.107  6.7  206.9  9.2  1.01  180.7  26.5
010320260357  1.114  6.9  207.4  10.3  1.06  185.3  26.5
010320260358  1.119  6.7  207.9  10.3  0.95  181.1  26.5
010320260359  1.124  6.8  207.2  10.3  1.04  184.6  26.5
010320260400  1.130  7.0  207.9  10.3  1.18  183.0  26.4
010320260401  1.136  7.3  207.5  12.5  0.98  181.8  26.4
010320260402  1.142  7.5  206.9  12.5  1.16  180.7  26.4
010320260403  1.147  7.8  206.0  12.5  1.08  178.8  26.5
010320260404  1.155  7.8  204.8  12.5  1.07  176.8  26.5
010320260405  1.160  7.8  203.8  12.5  1.11  180.4  26.5
010320260406  1.169  7.8  203.0  12.5  0.96  177.6  26.5
010320260407  1.176  7.8  202.4  12.5  1.09  182.7  26.4
010320260408  1.183  8.1  201.6  12.5  0.99  180.7  26.4
010320260409  1.189  8.3  202.5  12.5  1.00  182.3  26.4
010320260410  1.197  8.4  201.8  12.5  1.12  181.2  26.4
010320260411  1.204  8.3  202.1  11.3  1.12  177.7  26.4
010320260412  1.212  8.3  202.7  11.3  1.06  181.9  26.4
010320260413  1.217  8.1  202.9  11.3  0.81  182.4  26.4
010320260414  1.224  8.0  203.4  9.9  0.88  185.6  26.4
010320260415  1.230  8.1  204.9  9.9  0.85  184.9  26.4
010320260416  1.238  8.3  204.8  9.9  0.90  180.9  26.4
010320260417  1.244  8.3  205.1  9.9  0.93  180.0  26.4
010320260418  1.251  8.1  205.6  9.8  0.98  181.1  26.4
010320260419  1.257  8.0  205.6  9.5  0.94  180.6  26.4
010320260420  1.264  7.8  204.7  9.5  0.94  180.5  26.4
010320260421  1.271  7.7  204.6  9.5  0.95  181.0  26.4
010320260422  1.278  7.6  203.6  9.5  0.94  185.1  26.4
010320260423  1.285  7.5  203.2  9.5  0.99  181.9  26.4
010320260424  1.290  7.4  202.3  9.5  0.96  184.6  26.4
010320260425  1.297  7.3  201.8  9.5  0.90  183.7  26.4
010320260426  1.303  7.1  202.4  9.3  0.76  184.0  26.4
010320260427  1.310  6.9  204.0  8.8  0.96  184.3  26.4
010320260428  1.316  6.9  205.4  8.8  0.86  182.8  26.4
010320260429  1.322  6.9  205.9  8.8  0.96  184.0  26.4
010320260430  1.328  6.8  207.6  8.8  0.99  181.4  26.4
010320260431  1.335  6.7  208.9  8.8  0.90  185.7  26.4
010320260432  1.341  6.7  211.1  8.9  1.05  180.9  26.4
010320260433  1.347  6.7  212.4  8.9  0.87  176.8  26.4
010320260434  1.353  6.7  213.9  8.9  0.90  181.7  26.4
010320260435  1.359  6.8  215.4  8.9  0.97  178.7  26.4
010320260436  1.366  6.8  215.9  8.9  0.91  182.3  26.4
010320260437  1.371  6.7  215.9  8.9  1.02  183.2  26.4
010320260438  1.377  6.8  214.6  9.4  0.86  180.1  26.4
010320260439  1.382  6.8  214.4  9.4  0.96  179.7  26.4
010320260440  1.387  6.8  214.6  9.4  0.94  185.4  26.4
010320260441  1.393  6.9  214.7  9.4  0.92  183.8  26.4
010320260442  1.398  6.9  214.1  9.4  1.02  181.9  26.4
010320260443  1.403  6.9  214.4  9.4  0.98  181.6  26.4
010320260444  1.407  7.0  215.0  9.4  0.83  182.4  26.4
010320260445  1.411  7.0  214.2  9.8  0.93  187.5  26.4
010320260446  1.416  7.1  214.4  9.8  0.98  182.9  26.4
010320260447  1.421  7.1  213.9  9.8  0.96  182.9  26.4
010320260448  1.425  6.9  214.0  9.8  0.84  180.6  26.4
010320260449  1.428  6.9  213.8  9.8  0.95  185.3  26.4
010320260450  1.433  6.9  213.3  9.8  0.86  179.8  26.4
010320260451  1.438  6.8  214.2  9.8  0.83  178.0  26.4
010320260452  1.441  6.8  214.7  9.8  0.88  178.2  26.4
010320260453  1.445  6.6  215.1  9.8  0.80  177.7  26.3
010320260454  1.448  6.5  215.1  9.8  0.69  172.4  26.3
010320260455  1.451  6.3  215.7  9.1  0.78  178.1  26.3
010320260456  1.455  6.1  215.0  7.6  0.72  179.6  26.3
010320260457  1.459  6.2  215.0  8.0  0.74  174.4  26.3
010320260458  1.462  6.2  216.3  8.0  0.83  178.7  26.3
010320260459  1.466  6.3  216.1  8.8  0.81  178.0  26.2
010320260500  1.470  6.3  215.6  8.8  0.76  178.3  26.2
010320260501  1.473  6.3  213.7  8.8  0.64  177.0  26.2
010320260502  1.478  6.4  213.5  8.8  0.71  175.0  26.2
010320260503  1.481  6.6  213.0  9.5  0.61  173.5  26.2
010320260504  1.485  6.7  213.0  9.5  0.76  175.5  26.2
010320260505  1.489  6.8  213.6  9.5  0.74  176.3  26.2
010320260506  1.494  6.9  213.7  9.5  0.74  171.0  26.2
010320260507  1.499  7.0  213.3  9.5  0.72  177.6  26.2
010320260508  1.502  7.0  212.4  9.5  0.75  175.1  26.1
010320260509  1.507  6.9  213.0  9.5  0.80  173.7  26.1
010320260510  1.512  6.8  213.8  9.5  0.76  172.3  26.1
010320260511  1.516  6.8  214.8  9.5  0.92  174.6  26.1
010320260512  1.521  6.6  215.4  9.5  0.87  172.3  26.1
010320260513  1.526  6.6  216.1  8.8  0.85  170.4  26.1
010320260514  1.531  6.6  216.0  8.8  0.73  171.3  26.1
010320260515  1.535  6.5  216.0  8.8  0.72  173.4  26.1
010320260516  1.540  6.4  216.9  8.8  0.79  171.5  26.1
010320260517  1.545  6.3  217.6  8.4  0.85  175.1  26.1
010320260518  1.550  6.2  218.0  8.4  0.91  175.4  26.1
010320260519  1.555  6.2  218.7  8.4  0.81  169.2  26.1
010320260520  1.558  6.3  219.5  8.4  0.80  172.6  26.1
010320260521  1.562  6.3  219.7  8.4  0.76  176.4  26.1
010320260522  1.567  6.4  220.1  8.4  0.77  172.7  26.1
010320260523  1.571  6.4  220.8  8.4  0.79  173.2  26.1
010320260524  1.575  6.4  221.8  8.4  0.83  175.9  26.1
010320260525  1.580  6.4  222.0  8.4  0.78  178.8  26.1
010320260526  1.581  6.4  222.4  7.9  0.84  177.2  26.1
010320260527  1.584  6.3  222.9  7.9  0.78  170.4  26.1
010320260528  1.589  6.4  223.3  7.9  0.59  167.9  26.1
010320260529  1.592  6.3  222.2  7.9  0.78  174.9  26.1
010320260530  1.596  6.2  220.6  7.9  0.88  174.3  26.0
010320260531  1.601  6.2  218.8  7.9  0.72  174.4  26.0
010320260532  1.604  6.1  215.8  7.9  0.83  171.4  26.0
010320260533  1.607  6.1  213.5  7.9  0.75  168.4  26.0
010320260534  1.610  6.0  210.9  7.9  0.66  163.7  26.0
010320260535  1.612  5.9  208.9  7.9  0.76  171.1  26.0
010320260536  1.616  6.0  207.4  8.2  0.89  178.0  26.0
010320260537  1.620  6.1  206.0  8.2  0.72  174.3  26.0
010320260538  1.624  6.2  204.8  8.2  0.66  173.0  26.0
010320260539  1.627  6.3  203.9  8.2  0.77  180.5  26.0
010320260540  1.631  6.3  204.4  8.2  0.65  176.8  26.0
010320260541  1.635  6.3  204.5  8.2  0.72  175.4  26.0
010320260542  1.640  6.3  205.4  8.2  0.74  172.6  26.0
010320260543  1.644  6.4  205.0  8.2  0.55  180.6  26.0
010320260544  1.648  6.6  204.7  9.1  0.67  172.2  26.0
010320260545  1.651  6.7  205.0  9.1  0.78  182.6  26.0
010320260546  1.656  6.7  204.7  9.9  0.70  176.9  26.0
010320260547  1.661  6.8  204.0  10.3  0.85  178.9  26.0
010320260548  1.665  6.9  203.2  10.3  0.72  176.5  26.0
010320260549  1.670  7.1  203.3  11.9  0.63  181.1  26.0
010320260550  1.672  7.5  201.4  12.6  0.65  180.0  26.0
010320260551  1.677  7.6  200.8  12.6  0.67  185.0  26.0
010320260552  1.681  7.8  199.9  12.6  0.70  179.7  26.0
010320260553  1.685  7.9  200.3  12.6  0.75  178.4  25.9
010320260554  1.688  8.0  200.8  12.6  0.78  178.8  25.9
010320260555  1.693  8.3  200.4  12.6  0.73  179.4  25.9
010320260556  1.698  8.3  199.9  12.6  0.67  175.0  25.9
010320260557  1.700  8.3  200.1  12.6  0.63  172.4  25.9
010320260558  1.704  8.5  200.9  12.6  0.69  179.8  25.9
010320260559  1.708  8.6  199.9  12.6  0.70  180.5  25.9
010320260600  1.710  8.2  200.2  11.1  0.55  173.0  25.9
010320260601  1.714  8.1  200.7  11.1  0.62  183.3  25.9
010320260602  1.718  8.2  200.6  11.1  0.41  172.1  25.9
010320260603  1.721  8.2  198.9  11.1  0.31  187.5  25.9
010320260604  1.722  8.2  198.5  11.1  0.60  178.5  25.9
010320260605  1.726  8.1  198.1  11.1  0.34  196.6  25.9
010320260606  1.730  8.2  197.9  11.1  0.62  190.2  25.9
010320260607  1.733  8.4  198.4  11.1  0.28  195.2  25.9
010320260608  1.735  8.4  197.4  10.6  0.63  188.9  25.9
010320260609  1.736  8.5  197.2  11.7  0.56  181.1  25.9
010320260610  1.738  8.7  196.7  11.7  0.53  181.3  25.9
010320260611  1.740  8.8  196.6  11.7  0.56  182.1  25.9
010320260612  1.744  8.8  198.1  11.7  0.46  190.0  25.9
010320260613  1.746  8.9  198.6  11.7  0.68  182.3  25.9
010320260614  1.747  9.0  198.7  11.7  0.68  186.7  25.9
010320260615  1.749  8.9  199.3  11.7  0.52  190.2  25.9
010320260616  1.751  8.9  199.7  11.7  0.49  187.5  25.9
010320260617  1.752  8.9  200.2  11.7  0.46  171.1  25.9
010320260618  1.752  9.1  200.3  12.8  0.63  182.5  25.9
010320260619  1.752  9.0  201.5  12.8  0.48  169.9  25.9
010320260620  1.753  8.9  202.6  12.8  0.28  186.4  25.9
010320260621  1.754  8.9  202.7  12.8  0.57  183.5  25.9
010320260622  1.756  8.9  201.4  12.8  0.49  173.9  25.9
010320260623  1.757  8.8  200.6  12.8  0.64  182.7  25.9
010320260624  1.757  8.6  199.9  12.8  0.56  179.8  25.9
010320260625  1.757  8.5  198.6  12.8  0.61  180.4  25.9
010320260626  1.758  8.4  198.0  12.8  0.68  182.9  25.9
010320260627  1.759  8.3  197.4  12.8  0.65  184.7  25.9
010320260628  1.760  7.9  197.8  11.0  0.60  183.2  25.9
010320260629  1.761  7.9  197.9  11.0  0.59  182.3  25.9
010320260630  1.762  7.9  197.5  12.1  0.58  182.8  25.8
010320260631  1.762  8.0  197.2  12.1  0.51  184.6  25.8
010320260632  1.763  7.9  196.6  12.1  0.51  179.9  25.8
010320260633  1.763  7.8  196.5  12.1  0.54  176.9  25.8
010320260634  1.764  7.8  196.6  12.1  0.57  182.9  25.8
010320260635  1.765  8.0  196.6  12.1  0.55  182.4  25.8
010320260636  1.765  8.1  196.8  12.1  0.61  180.8  25.8
010320260637  1.763  8.2  195.5  12.1  0.61  179.3  25.8
010320260638  1.763  8.3  194.5  12.1  0.54  177.0  25.8
010320260639  1.764  8.3  193.3  12.1  0.64  176.7  25.8
010320260640  1.763  8.3  192.6  11.4  0.59  179.0  25.8
010320260641  1.763  8.4  192.6  12.1  0.67  183.5  25.8
010320260642  1.762  8.5  193.8  12.1  0.66  182.1  25.8
010320260643  1.762  8.6  195.5  12.1  0.61  182.5  25.8
010320260644  1.763  8.8  195.2  12.1  0.61  174.1  25.8
010320260645  1.764  8.9  195.3  12.1  0.63  181.0  25.8
010320260646  1.764  8.9  194.0  12.1  0.55  178.6  25.8
010320260647  1.765  8.6  194.3  12.1  0.55  178.3  25.8
010320260648  1.765  8.6  194.9  12.1  0.51  183.1  25.8
010320260649  1.764  8.7  195.4  12.1  0.60  182.4  25.8
010320260650  1.764  8.6  196.1  12.1  0.55  182.4  25.8
010320260651  1.764  8.6  194.7  11.7  0.53  182.4  25.8
010320260652  1.764  8.7  193.8  12.7  0.70  183.3  25.8
010320260653  1.764  8.9  192.8  12.7  0.51  181.0  25.8
010320260654  1.764  8.7  193.2  12.7  0.56  176.0  25.8
010320260655  1.765  8.5  192.9  12.7  0.66  188.6  25.8
010320260656  1.765  8.5  193.2  12.7  0.54  178.4  25.8
010320260657  1.765  8.7  193.2  12.7  0.59  182.3  25.8
010320260658  1.766  8.8  192.2  12.7  0.49  179.7  25.8
010320260659  1.766  8.9  191.5  12.7  0.59  180.8  25.8
010320260700  1.766  8.9  190.5  12.7  0.38  185.0  25.8
010320260701  1.765  8.8  190.8  12.7  0.55  184.2  25.8
010320260702  1.765  8.9  190.9  12.0  0.49  181.6  25.8
010320260703  1.765  8.9  192.2  12.5  0.72  181.9  25.8
010320260704  1.765  9.0  192.7  12.5  0.57  177.8  25.8
010320260705  1.765  9.1  193.7  12.5  0.46  165.1  25.8
010320260706  1.766  9.2  193.9  12.5  0.60  183.9  25.8
010320260707  1.767  9.1  194.7  12.5  0.48  189.3  25.8
010320260708  1.768  9.2  196.1  12.5  0.58  180.2  25.8
010320260709  1.768  9.4  195.9  13.6  0.53  190.0  25.8
010320260710  1.768  9.4  196.4  13.6  0.67  179.5  25.8
010320260711  1.770  9.2  196.9  13.6  0.23  176.1  25.8
010320260712  1.771  8.9  197.0  13.6  0.63  176.7  25.8
010320260713  1.770  8.9  196.7  13.6  0.62  180.0  25.8
010320260714  1.772  9.0  196.5  13.6  0.53  175.3  25.8
010320260715  1.774  8.9  196.3  13.6  0.64  175.8  25.8
010320260716  1.773  8.9  196.2  13.6  0.43  173.8  25.8
010320260717  1.772  8.9  194.8  13.6  0.56  179.3  25.8
010320260718  1.774  9.0  194.6  13.6  0.32  190.0  25.8
010320260719  1.773  9.1  195.1  14.8  0.57  183.6  25.8
010320260720  1.774  9.1  194.2  14.8  0.62  183.4  25.7
010320260721  1.775  9.5  192.9  14.8  0.52  174.9  25.7
010320260722  1.775  9.8  193.0  14.8  0.52  176.5  25.7
010320260723  1.774  9.7  191.6  14.8  0.44  174.3  25.7
010320260724  1.773  9.6  190.3  14.8  0.54  182.8  25.7
010320260725  1.772  9.5  189.2  14.8  0.54  177.5  25.7
010320260726  1.772  9.6  189.4  14.8  0.32  177.8  25.7
010320260727  1.770  9.7  190.0  14.8  0.56  177.8  25.7
010320260728  1.769  9.5  189.3  14.8  0.47  185.7  25.7
010320260729  1.768  9.2  189.7  13.2  0.50  185.0  25.7
010320260730  1.767  9.4  189.8  13.2  0.44  174.2  25.7
010320260731  1.766  9.5  192.0  13.3  0.26  166.1  25.7
010320260732  1.766  9.4  192.2  13.3  0.38  180.3  25.7
010320260733  1.763  9.4  193.6  13.3  0.43  183.0  25.7
010320260734  1.762  9.5  194.3  13.3  0.35  194.8  25.7
010320260735  1.762  9.8  194.7  13.3  0.63  180.7  25.7
010320260736  1.760  9.5  194.3  13.3  0.51  179.9  25.7
010320260737  1.760  9.4  194.1  13.3  0.47  178.5  25.7
010320260738  1.760  9.8  193.2  14.0  0.39  163.7  25.7
010320260739  1.757  9.9  191.8  14.0  0.35  183.7  25.7
010320260740  1.755  9.8  192.5  14.0  0.39  173.3  25.7
010320260741  1.754  9.8  192.6  14.0  0.37  180.7  25.7
010320260742  1.753  9.9  192.9  14.1  0.40  181.9  25.7
010320260743  1.752  9.8  191.5  14.1  0.37  176.3  25.7
010320260744  1.751  10.1  191.4  14.1  0.39  177.7  25.7
010320260745  1.749  10.1  191.5  14.1  0.47  177.7  25.7
010320260746  1.747  10.2  191.5  14.1  0.31  179.2  25.7
010320260747  1.746  10.1  190.3  14.2  0.38  179.1  25.7
010320260748  1.744  9.7  190.8  14.2  0.43  181.0  25.7
010320260749  1.742  9.3  190.6  14.2  0.45  176.3  25.7
010320260750  1.740  9.2  189.8  14.2  0.45  187.3  25.7
010320260751  1.737  9.2  188.3  14.2  0.44  176.4  25.7
010320260752  1.733  9.0  187.3  14.2  0.38  173.9  25.7
010320260753  1.731  8.8  187.2  14.2  0.30  184.1  25.7
010320260754  1.729  8.2  186.5  14.2  0.41  184.5  25.7
010320260755  1.726  7.5  185.0  14.2  0.25  174.5  25.7
010320260756  1.722  7.1  185.6  14.2  0.33  177.0  25.7
010320260757  1.718  6.9  187.4  13.7  0.20  168.4  25.7
010320260758  1.713  6.8  187.2  13.7  0.20  156.8  25.7
010320260759  1.708  6.5  185.6  13.7  0.02  289.5  25.7
010320260800  1.706  6.4  182.9  11.4  0.28  171.6  25.7
010320260801  1.701  6.2  181.8  11.8  0.24  167.4  25.7
010320260802  1.697  6.1  179.0  11.8  0.23  179.8  25.7
010320260803  1.692  6.1  178.5  11.8  0.29  159.1  25.7
010320260804  1.687  6.0  177.2  11.8  0.27  167.2  25.7
010320260805  1.682  6.2  178.5  11.8  0.15  142.9  25.7
010320260806  1.678  6.1  173.6  11.8  0.18  146.7  25.7
010320260807  1.672  5.9  169.2  11.8  0.22  158.3  25.7
010320260808  1.668  5.8  167.0  11.8  0.30  165.6  25.7
010320260809  1.662  6.0  169.9  11.8  0.18  141.1  25.7
010320260810  1.658  6.2  171.2  14.9  0.19  158.2  25.7
010320260811  1.652  6.1  171.8  14.9  0.15  153.4  25.7
010320260812  1.647  6.1  174.3  14.9  0.13  150.3  25.7
010320260813  1.642  6.1  174.1  14.9  0.07  190.0  25.7
010320260814  1.639  6.5  173.2  14.9  0.18  141.9  25.7
010320260815  1.635  6.9  171.6  14.9  0.11  79.7  25.7
010320260816  1.630  7.0  175.7  14.9  0.12  139.8  25.7
010320260817  1.626  7.1  178.3  14.9  0.08  111.9  25.7
010320260818  1.621  7.2  179.8  14.9  0.05  109.9  25.7
010320260819  1.617  7.2  179.7  14.9  0.11  120.9  25.7
010320260820  1.613  6.8  180.8  12.3  0.26  179.3  25.8
010320260821  1.607  6.6  180.5  11.4  0.23  354.8  25.8
010320260822  1.605  6.5  180.7  11.4  0.03  93.3  25.8
010320260823  1.600  6.5  180.4  11.4  0.09  163.4  25.8
010320260824  1.596  6.4  181.7  11.3  0.19  183.1  25.8
010320260825  1.590  6.2  183.3  9.7  nan  nan  nan
010320260826  1.585  6.0  182.2  9.7  0.11  35.1  25.8
010320260827  1.580  6.0  180.3  9.7  0.19  175.0  25.8
010320260828  1.575  6.1  181.9  10.4  0.07  155.4  25.8
010320260829  1.570  6.3  183.0  12.0  0.02  126.6  25.8
010320260830  1.565  6.7  183.8  12.0  0.10  166.8  25.8
010320260831  1.559  6.9  184.5  12.0  0.11  5.1  25.8
010320260832  1.554  7.1  184.4  12.0  0.06  101.8  25.8
010320260833  1.548  7.0  184.2  12.0  0.03  57.5  25.8
010320260834  1.543  6.9  184.8  12.0  0.05  140.4  25.8
010320260835  1.538  7.2  186.5  12.0  nan  nan  nan
010320260836  1.533  7.7  186.0  12.1  0.07  22.0  25.8
010320260837  1.528  7.8  187.4  12.1  0.05  26.3  25.8
010320260838  1.524  7.8  188.1  12.1  0.25  10.0  25.8
010320260839  1.520  7.8  187.4  12.1  0.09  65.6  25.8
010320260840  1.517  7.6  187.8  12.1  0.09  0.3  25.8
010320260841  1.513  7.4  186.8  12.1  0.04  354.1  25.8
010320260842  1.508  7.2  185.2  12.1  0.07  218.1  25.8
010320260843  1.504  7.2  185.8  12.1  0.11  20.3  25.8
010320260844  1.501  7.4  187.1  12.1  0.12  5.3  25.8
010320260845  1.498  7.1  185.3  12.1  0.04  132.0  25.8
010320260846  1.492  6.4  184.7  11.8  nan  nan  nan
010320260847  1.488  6.1  184.0  11.8  0.06  4.3  25.8
010320260848  1.484  5.8  179.9  11.8  0.17  341.9  25.8
010320260849  1.480  5.5  178.1  11.8  0.09  2.7  25.8
010320260850  1.477  5.6  174.4  11.8  0.17  344.0  25.8
010320260851  1.473  5.5  172.1  11.8  0.06  356.9  25.8
010320260852  1.469  5.6  173.3  11.8  0.19  6.6  25.8
010320260853  1.465  5.6  174.0  11.8  0.22  10.0  25.8
010320260854  1.461  5.5  169.0  11.1  0.05  228.3  25.8
010320260855  1.456  5.6  168.3  11.3  0.03  355.1  25.8
010320260856  1.451  5.7  168.8  11.3  0.09  344.6  25.8
010320260857  1.447  6.3  170.8  11.3  0.07  312.0  25.8
010320260858  1.445  6.8  175.4  13.4  0.13  348.4  25.8
010320260859  1.440  6.7  176.3  13.4  0.28  355.0  25.8
010320260900  1.436  6.6  178.8  13.4  0.19  347.3  25.8
010320260901  1.432  6.8  180.9  13.4  0.17  358.0  25.8
010320260902  1.429  7.1  180.5  14.1  0.08  335.9  25.8
010320260903  1.425  6.9  178.5  14.1  0.07  283.3  25.8
010320260904  1.421  7.0  179.1  14.1  0.21  343.9  25.8
010320260905  1.417  6.9  180.9  14.1  0.21  333.5  25.8
010320260906  1.414  7.0  181.1  14.1  0.19  334.4  25.8
010320260907  1.410  6.8  179.9  14.1  0.15  330.7  25.8
010320260908  1.406  6.5  178.1  14.1  0.27  2.0  25.8
010320260909  1.402  6.5  179.3  14.1  0.25  359.1  25.8
010320260910  1.400  6.5  177.0  14.1  0.23  354.1  25.8
010320260911  1.396  6.2  174.8  14.1  0.31  6.4  25.8
010320260912  1.392  5.8  174.0  10.8  0.32  1.2  25.8
010320260913  1.389  5.8  176.0  10.8  0.42  358.0  25.8
010320260914  1.384  5.8  177.1  9.9  0.41  6.5  25.8
010320260915  1.380  5.9  176.7  10.5  0.42  3.0  25.8
010320260916  1.378  5.9  176.1  10.5  0.32  354.7  25.8
010320260917  1.374  5.8  176.3  10.5  0.45  6.8  25.8
010320260918  1.369  5.5  174.0  10.5  0.54  11.4  25.8
010320260919  1.366  5.5  173.4  10.5  0.51  12.2  25.8
010320260920  1.362  5.3  173.0  10.5  0.49  11.4  25.8
010320260921  1.357  5.1  172.5  10.5  0.61  0.9  25.8
010320260922  1.351  5.1  171.9  10.5  0.44  2.7  25.8
010320260923  1.346  5.0  169.3  10.5  0.59  4.0  25.8
010320260924  1.341  4.6  168.7  10.5  0.56  6.4  25.8
010320260925  1.336  4.5  165.5  9.2  0.62  3.1  25.8
010320260926  1.330  4.6  170.3  9.0  0.72  1.6  25.8
010320260927  1.324  4.9  175.2  9.7  0.57  2.0  25.8
010320260928  1.319  5.1  175.8  9.7  0.56  358.1  25.8
010320260929  1.314  5.2  173.3  9.7  0.67  3.0  25.8
010320260930  1.307  5.3  175.0  9.7  0.65  3.0  25.8
010320260931  1.301  5.5  177.8  9.7  0.66  1.1  25.8
010320260932  1.294  5.7  179.9  11.1  0.60  2.5  25.8
010320260933  1.290  5.9  183.0  11.1  0.81  11.6  25.8
010320260934  1.286  6.2  184.2  11.1  0.70  6.8  25.8
010320260935  1.280  6.2  185.9  11.1  0.69  5.2  25.9
010320260936  1.277  6.3  181.3  13.1  0.72  6.9  25.9
010320260937  1.272  6.0  180.1  13.1  0.70  3.6  25.9
010320260938  1.266  6.1  181.7  13.1  0.71  1.5  25.9
010320260939  1.261  6.3  184.9  14.1  0.67  1.7  25.9
010320260940  1.255  6.9  185.1  14.1  0.65  2.8  25.9
010320260941  1.250  6.9  184.2  14.1  0.75  5.4  25.9
010320260942  1.244  6.9  183.9  14.1  0.74  4.4  25.9
010320260943  1.238  7.0  180.1  14.1  0.70  4.3  25.9
010320260944  1.233  7.0  176.1  14.1  0.74  1.7  25.9
010320260945  1.227  7.0  175.6  14.1  0.66  7.0  25.9
010320260946  1.220  6.6  176.4  14.1  0.75  7.0  25.9
010320260947  1.215  6.8  171.1  14.1  0.79  8.3  25.9
010320260948  1.209  6.5  167.9  14.1  0.82  9.7  25.9
010320260949  1.203  6.0  164.6  12.2  0.79  11.4  25.9
010320260950  1.198  5.7  163.1  11.5  0.77  13.2  25.9
010320260951  1.190  5.5  160.0  11.5  0.75  8.4  25.9
010320260952  1.185  5.3  159.3  11.5  0.90  8.9  25.9
010320260953  1.178  4.9  160.7  11.5  0.85  8.0  25.9
010320260954  1.172  5.0  169.0  12.2  0.81  11.8  25.9
010320260955  1.166  5.3  171.7  12.2  0.85  11.3  25.9
010320260956  1.160  5.5  176.5  12.2  0.80  14.2  25.9
010320260957  1.153  5.6  184.7  12.2  0.99  15.6  25.9
010320260958  1.148  6.0  188.2  12.2  0.95  17.0  25.9
010320260959  nan  nan  nan  nan  0.90  11.9  25.9
