Southport
Station No. 100035 (tide) S16 (wind, current)
Date/Time ddmmyyyyHHMM
Water Level in m LAT
Wind Speed in Knots
Wind Direction in Degrees
Wind Gust in Knots
Barometric Pressure in hPa
Water Speed in Knots
Water Direction in Degrees
Data_last_updated 01-12-2025 10:50
241120251051  1.703  6.2  68.8  10.6  nan  nan  nan
241120251052  1.704  5.8  73.4  10.6  0.19  180.4  24.2
241120251053  1.705  5.5  77.7  9.7  nan  nan  nan
241120251054  1.706  5.3  79.8  9.7  0.28  184.4  24.1
241120251055  1.705  5.1  79.6  9.4  0.16  198.4  24.0
241120251056  1.704  5.3  79.6  9.4  0.21  177.9  24.0
241120251057  1.701  5.4  76.6  9.4  0.24  176.5  24.0
241120251058  1.700  5.4  77.1  9.4  0.24  194.6  24.0
241120251059  1.699  5.2  78.7  9.4  0.17  188.7  24.0
241120251100  1.697  5.5  76.7  9.4  0.25  198.8  24.0
241120251101  1.695  5.6  73.5  9.4  0.13  190.0  24.0
241120251102  1.692  5.5  71.7  9.4  0.17  212.2  23.9
241120251103  1.690  5.6  72.1  9.4  0.11  208.7  23.9
241120251104  1.689  5.7  73.1  9.4  0.13  235.6  23.9
241120251105  1.687  5.6  76.1  9.4  0.19  214.1  23.9
241120251106  1.687  5.2  77.7  9.4  0.18  207.8  23.9
241120251107  1.687  4.9  83.4  7.9  nan  nan  nan
241120251108  1.688  4.9  85.6  7.9  0.14  202.5  23.9
241120251109  1.688  4.8  88.1  7.9  0.21  190.0  23.9
241120251110  1.689  4.8  91.0  8.6  nan  nan  nan
241120251111  1.689  4.7  92.7  8.6  0.20  209.3  23.9
241120251112  1.691  4.5  91.5  8.6  0.24  197.6  23.9
241120251113  1.691  4.6  87.7  11.6  0.23  189.0  23.9
241120251114  1.692  4.6  87.6  11.6  0.21  198.5  23.9
241120251115  1.692  4.4  82.8  11.6  0.17  192.6  23.9
241120251116  1.693  4.6  78.8  11.6  0.23  197.3  23.9
241120251117  1.691  4.9  76.7  11.6  0.20  181.7  23.9
241120251118  1.691  5.1  74.8  11.6  0.21  191.6  23.9
241120251119  1.691  5.0  72.5  11.6  0.25  197.2  23.9
241120251120  1.689  4.8  68.6  11.6  0.17  197.9  23.9
241120251121  1.689  4.8  67.5  11.6  0.20  192.8  23.9
241120251122  1.689  5.0  68.4  11.6  0.17  200.3  23.9
241120251123  1.686  4.8  70.3  9.3  0.18  211.2  23.9
241120251124  1.683  4.6  69.1  9.3  nan  nan  nan
241120251125  1.679  4.4  70.2  9.3  0.20  194.4  23.9
241120251126  1.675  4.2  74.5  9.3  0.30  193.7  23.9
241120251127  1.672  4.0  73.5  9.2  0.20  197.9  23.9
241120251128  1.669  4.0  75.8  8.8  0.21  199.8  23.9
241120251129  1.666  4.3  74.5  8.8  0.19  202.0  23.9
241120251130  1.665  4.4  76.4  8.8  0.22  221.8  23.9
241120251131  1.663  4.4  78.0  8.8  0.24  197.4  23.9
241120251132  1.660  3.9  76.0  8.8  0.11  248.9  23.9
241120251133  1.656  4.0  73.7  8.4  0.22  200.0  23.9
241120251134  1.653  4.0  74.6  8.4  0.22  230.4  23.8
241120251135  1.649  4.4  77.3  8.8  0.38  211.8  23.8
241120251136  1.646  4.6  76.5  8.8  0.21  200.8  23.8
241120251137  1.642  4.8  77.0  9.4  0.15  228.8  23.8
241120251138  1.640  4.9  75.1  11.5  0.15  256.5  23.8
241120251139  1.638  4.8  74.8  11.5  0.12  242.9  23.8
241120251140  1.635  4.8  74.5  11.5  0.12  213.0  23.8
241120251141  1.631  4.9  74.5  11.5  0.13  252.3  23.8
241120251142  1.627  5.3  75.3  11.5  0.08  247.5  23.8
241120251143  1.622  5.3  75.5  11.5  0.08  265.3  23.8
241120251144  1.616  5.6  76.0  11.5  0.18  190.0  23.8
241120251145  1.612  5.6  75.6  11.5  0.14  194.0  23.8
241120251146  1.608  5.6  75.2  11.5  0.03  168.2  23.8
241120251147  1.606  5.2  74.9  11.5  nan  nan  nan
241120251148  1.603  4.7  74.2  10.1  0.08  157.4  23.8
241120251149  1.600  4.3  74.5  10.1  0.21  173.6  23.8
241120251150  1.597  4.5  72.0  10.1  nan  nan  nan
241120251151  1.593  4.5  69.7  10.1  0.13  188.2  23.8
241120251152  1.589  4.7  70.0  10.1  0.08  211.3  23.8
241120251153  1.585  4.8  70.5  10.5  0.14  197.1  23.8
241120251154  1.581  4.9  68.9  11.4  0.15  176.3  23.7
241120251155  1.578  4.8  68.5  11.4  nan  nan  nan
241120251156  1.576  4.4  68.2  11.4  0.12  180.4  23.7
241120251157  1.573  4.2  67.8  11.4  0.03  190.0  23.7
241120251158  1.571  4.4  66.9  11.4  0.05  88.2  23.7
241120251159  1.566  4.7  67.0  11.4  0.08  175.3  23.7
241120251200  1.563  4.7  68.8  11.4  0.06  70.9  23.7
241120251201  1.561  4.9  70.4  11.4  0.15  169.4  23.7
241120251202  1.558  4.8  72.6  11.4  0.11  214.4  23.7
241120251203  1.557  4.6  72.7  11.4  nan  nan  nan
241120251204  1.554  4.2  74.2  8.9  0.11  206.2  23.7
241120251205  1.550  4.1  72.6  8.9  nan  nan  nan
241120251206  1.546  4.2  72.1  8.9  nan  nan  nan
241120251207  1.542  4.5  71.2  8.9  0.03  165.2  23.6
241120251208  1.539  4.4  73.5  8.9  0.11  44.0  23.6
241120251209  1.537  4.5  74.3  8.9  nan  nan  nan
241120251210  1.533  4.4  73.5  8.9  0.12  122.7  23.6
241120251211  1.528  4.2  70.6  8.5  0.03  158.4  23.6
241120251212  1.525  4.2  66.1  8.5  0.06  131.6  23.6
241120251213  1.520  4.2  63.1  8.4  0.08  60.7  23.6
241120251214  1.515  4.3  60.4  8.4  0.04  43.7  23.6
241120251215  1.509  4.1  59.3  8.2  0.05  71.4  23.6
241120251216  1.506  4.3  56.8  8.2  nan  nan  nan
241120251217  1.502  4.3  55.3  8.2  0.09  100.0  23.6
241120251218  1.499  4.3  53.1  7.8  0.12  95.4  23.6
241120251219  1.495  4.1  48.9  7.8  0.15  57.1  23.6
241120251220  1.490  4.0  46.5  7.8  nan  nan  nan
241120251221  1.486  4.1  46.6  7.8  nan  nan  nan
241120251222  1.482  4.0  45.2  7.8  nan  nan  nan
241120251223  1.479  3.8  44.2  6.3  0.25  35.0  23.6
241120251224  1.475  3.8  45.3  6.5  0.18  59.8  23.6
241120251225  1.471  3.9  43.7  6.5  0.13  37.3  23.6
241120251226  1.470  3.9  43.4  6.6  0.14  30.2  23.6
241120251227  1.467  4.1  43.5  6.6  0.23  67.8  23.6
241120251228  1.465  4.4  42.5  7.1  0.07  120.9  23.6
241120251229  1.462  4.6  42.3  7.1  0.20  66.2  23.6
241120251230  1.458  4.8  41.8  7.1  0.09  66.0  23.6
241120251231  1.455  5.0  41.1  7.8  0.13  72.7  23.7
241120251232  1.452  5.3  41.2  10.1  0.14  81.8  23.7
241120251233  1.451  5.6  40.3  11.8  0.15  38.6  23.7
241120251234  1.450  5.8  37.7  11.8  0.24  59.3  23.7
241120251235  1.450  6.1  37.7  11.8  0.21  68.2  23.8
241120251236  1.449  6.5  36.2  11.8  0.10  37.1  23.8
241120251237  1.448  6.7  35.4  11.8  0.18  26.5  23.8
241120251238  1.446  6.8  34.6  11.8  0.09  28.8  23.8
241120251239  1.444  6.9  34.5  11.8  nan  nan  nan
241120251240  1.443  7.1  35.3  11.8  nan  nan  nan
241120251241  1.441  7.1  34.0  11.8  0.16  52.5  23.9
241120251242  1.439  6.9  33.7  11.8  nan  nan  nan
241120251243  1.435  6.7  33.5  9.6  0.11  37.0  23.9
241120251244  1.432  6.5  34.3  9.6  0.18  34.1  23.9
241120251245  1.429  6.5  33.1  9.6  0.13  58.0  24.0
241120251246  1.426  6.4  33.4  8.8  0.14  21.6  24.0
241120251247  1.422  6.5  33.1  9.1  0.07  50.8  24.0
241120251248  1.419  6.3  32.9  9.1  0.08  35.9  24.0
241120251249  1.414  6.1  33.6  9.1  0.32  35.2  24.0
241120251250  1.411  6.0  33.9  9.1  0.20  32.3  24.0
241120251251  1.405  5.8  35.3  9.1  nan  nan  nan
241120251252  1.401  5.8  36.5  9.1  0.28  44.8  24.0
241120251253  1.396  5.7  37.4  9.1  nan  nan  nan
241120251254  1.390  5.8  36.8  9.1  nan  nan  nan
241120251255  1.385  5.8  37.6  9.1  0.39  43.0  24.0
241120251256  1.381  5.8  37.0  9.8  0.31  48.9  24.0
241120251257  1.376  5.8  37.9  9.8  0.23  54.3  24.0
241120251258  1.372  6.0  37.2  9.8  0.32  40.2  24.0
241120251259  1.368  6.0  35.6  9.8  0.27  56.1  24.0
241120251300  1.363  6.2  34.9  9.8  0.39  33.9  24.0
241120251301  1.360  6.3  34.3  9.8  0.29  59.3  24.0
241120251302  1.356  6.3  33.7  9.8  nan  nan  nan
241120251303  1.352  6.5  33.3  9.8  0.41  46.5  24.0
241120251304  1.348  6.5  34.6  9.8  0.30  54.7  24.0
241120251305  1.344  6.5  34.7  9.8  0.37  46.3  24.0
241120251306  1.341  6.4  35.5  9.2  0.32  38.4  24.0
241120251307  1.338  6.2  35.7  8.7  nan  nan  nan
241120251308  1.336  6.3  35.4  9.1  0.39  41.7  24.0
241120251309  1.335  6.3  35.6  9.1  nan  nan  nan
241120251310  1.331  6.4  34.2  9.1  0.34  28.7  24.0
241120251311  1.329  6.5  33.7  9.9  0.33  45.0  24.1
241120251312  1.325  6.6  34.0  9.9  0.22  56.8  24.1
241120251313  1.321  6.6  33.8  9.9  0.29  42.4  24.1
241120251314  1.317  6.7  32.8  9.9  0.24  45.4  24.1
241120251315  1.313  6.8  33.2  9.9  0.29  34.9  24.1
241120251316  1.307  6.7  33.9  9.9  0.29  44.7  24.1
241120251317  1.303  6.6  34.9  9.9  nan  nan  nan
241120251318  1.297  6.2  36.1  9.9  0.21  51.7  24.1
241120251319  1.293  6.3  38.5  9.9  0.31  47.5  24.1
241120251320  1.288  6.1  40.1  9.9  0.30  48.2  24.2
241120251321  1.283  6.1  41.8  9.8  0.24  59.2  24.2
241120251322  1.278  5.9  41.7  9.8  0.23  59.7  24.2
241120251323  1.275  5.9  42.2  9.8  0.34  42.9  24.2
241120251324  1.269  5.6  43.5  9.8  0.19  62.4  24.3
241120251325  1.266  5.2  45.0  9.8  0.32  44.8  24.3
241120251326  1.263  5.1  45.3  9.8  0.31  15.1  24.3
241120251327  1.258  5.0  44.8  9.8  0.26  29.2  24.4
241120251328  1.255  5.0  45.7  9.8  nan  nan  nan
241120251329  1.251  5.0  46.1  9.8  0.36  27.1  24.4
241120251330  1.246  4.8  48.4  9.8  0.35  34.3  24.4
241120251331  1.242  4.7  50.0  8.4  0.38  31.8  24.5
241120251332  1.239  4.8  51.8  8.9  0.28  50.6  24.5
241120251333  1.236  4.8  54.5  8.9  0.24  71.8  24.5
241120251334  1.232  4.8  56.2  8.9  nan  nan  nan
241120251335  1.229  4.8  57.6  8.9  nan  nan  nan
241120251336  1.225  4.4  62.3  8.9  nan  nan  nan
241120251337  1.222  4.3  65.3  8.9  0.34  18.1  24.6
241120251338  1.218  4.2  70.2  8.9  0.24  26.2  24.6
241120251339  1.214  3.9  76.5  8.9  0.38  19.4  24.6
241120251340  1.210  3.9  79.1  8.9  0.37  21.0  24.6
241120251341  1.206  3.9  84.0  9.4  0.29  22.6  24.6
241120251342  1.202  3.9  90.4  9.4  0.43  36.8  24.6
241120251343  1.197  3.8  94.5  9.4  nan  nan  nan
241120251344  1.193  3.5  98.5  9.4  0.41  36.0  24.6
241120251345  1.188  3.3  100.9  9.4  nan  nan  nan
241120251346  1.185  3.5  97.8  9.4  0.41  63.2  24.6
241120251347  1.183  3.4  97.1  9.4  nan  nan  nan
241120251348  1.178  3.2  98.6  9.4  0.35  66.4  24.6
241120251349  1.175  2.8  101.4  9.4  0.40  68.3  24.6
241120251350  1.170  2.4  100.6  9.4  0.42  47.4  24.6
241120251351  1.167  1.8  106.2  9.1  0.43  46.0  24.6
241120251352  1.163  1.2  123.2  6.2  0.36  53.9  24.6
241120251353  1.158  1.1  137.6  6.2  0.38  55.2  24.6
241120251354  1.155  1.1  145.9  6.2  0.42  42.6  24.6
241120251355  1.151  1.1  162.6  6.2  0.47  48.4  24.7
241120251356  1.147  1.1  182.9  5.6  0.48  52.6  24.7
241120251357  1.144  1.1  182.1  4.7  0.47  47.2  24.7
241120251358  1.140  0.9  184.3  4.7  0.41  63.4  24.7
241120251359  1.135  0.8  197.0  4.7  0.49  48.5  24.7
241120251400  1.132  0.8  184.1  8.5  nan  nan  nan
241120251401  1.127  0.9  117.1  11.2  nan  nan  nan
241120251402  1.122  1.5  83.5  11.2  0.37  55.2  24.8
241120251403  1.118  1.9  71.3  11.2  0.47  34.9  24.8
241120251404  1.114  2.2  69.5  11.2  0.57  41.5  24.8
241120251405  1.110  2.8  65.0  11.2  0.48  39.5  24.8
241120251406  1.105  2.7  57.2  11.2  nan  nan  nan
241120251407  1.101  2.4  51.4  11.2  nan  nan  nan
241120251408  1.096  2.3  48.0  11.2  0.52  44.9  24.8
241120251409  1.092  2.4  49.7  11.2  0.51  44.9  24.9
241120251410  1.087  2.0  43.2  11.2  nan  nan  nan
241120251411  1.083  1.3  20.8  9.1  0.52  38.3  24.9
241120251412  1.079  1.2  344.7  6.7  0.52  49.2  24.9
241120251413  1.076  1.4  326.1  6.7  0.48  44.5  24.9
241120251414  1.072  1.8  323.2  6.7  0.56  40.3  24.9
241120251415  1.067  2.2  322.1  6.1  0.49  39.7  24.9
241120251416  1.062  2.5  336.3  7.8  0.48  55.0  24.9
241120251417  1.055  2.9  349.6  8.7  0.51  47.1  24.9
241120251418  1.051  3.5  357.2  8.7  0.50  44.9  24.9
241120251419  1.046  4.0  359.7  8.7  0.44  53.8  24.9
241120251420  1.041  4.2  4.3  8.7  nan  nan  nan
241120251421  1.037  4.2  9.3  8.7  0.48  52.7  25.0
241120251422  1.033  3.8  13.2  8.7  0.44  46.1  25.0
241120251423  1.028  2.8  12.5  8.7  0.47  52.2  25.0
241120251424  1.024  1.7  6.5  11.5  nan  nan  nan
241120251425  1.018  0.4  278.2  13.5  0.53  47.9  25.0
241120251426  1.011  2.0  211.1  13.6  0.34  60.6  25.0
241120251427  1.006  3.8  203.6  13.7  0.52  52.6  25.0
241120251428  0.999  5.7  201.7  15.1  0.48  45.8  25.0
241120251429  0.993  7.6  203.4  17.4  0.50  44.1  25.1
241120251430  0.988  9.1  205.3  17.4  0.54  52.5  25.1
241120251431  0.983  10.3  205.5  17.4  nan  nan  nan
241120251432  0.977  11.1  206.4  17.4  nan  nan  nan
241120251433  0.972  11.6  206.1  17.4  0.54  46.0  25.1
241120251434  0.967  11.7  205.2  17.4  nan  nan  nan
241120251435  0.961  11.7  204.8  17.4  0.41  59.2  25.1
241120251436  0.956  11.8  204.2  17.4  0.58  40.9  25.1
241120251437  0.951  11.9  204.6  17.4  0.56  41.9  25.1
241120251438  0.944  11.8  203.4  17.4  0.47  54.3  25.1
241120251439  0.939  11.5  199.8  16.6  0.57  52.9  25.1
241120251440  0.934  11.1  196.4  16.6  0.50  49.7  25.1
241120251441  0.931  11.0  194.6  16.6  0.50  64.6  25.2
241120251442  0.928  10.8  191.8  16.6  0.52  60.0  25.2
241120251443  0.924  10.4  190.2  16.6  0.53  58.7  25.2
241120251444  0.922  10.0  188.8  16.6  0.50  52.7  25.2
241120251445  0.917  9.6  185.3  15.5  0.53  62.4  25.2
241120251446  0.913  9.0  183.5  15.5  0.49  52.3  25.2
241120251447  0.908  8.4  182.0  13.5  0.55  53.8  25.2
241120251448  0.904  7.7  182.3  12.9  0.48  57.0  25.2
241120251449  0.898  7.1  183.8  12.0  0.48  52.2  25.2
241120251450  0.894  6.9  185.6  12.0  0.44  57.5  25.2
241120251451  0.890  6.5  186.9  11.0  0.40  66.8  25.2
241120251452  0.887  6.1  189.1  10.9  0.54  38.8  25.3
241120251453  0.884  6.2  191.2  10.9  nan  nan  nan
241120251454  0.882  6.1  192.4  10.9  0.43  59.8  25.3
241120251455  0.879  6.1  196.6  11.2  nan  nan  nan
241120251456  0.876  6.3  197.9  11.2  0.34  66.5  25.3
241120251457  0.873  6.2  197.9  11.2  0.41  53.1  25.3
241120251458  0.868  6.1  197.3  11.2  0.52  49.2  25.3
241120251459  0.864  6.1  196.4  11.2  0.51  44.3  25.3
241120251500  0.860  5.9  198.3  11.2  0.48  59.7  25.3
241120251501  0.854  5.8  199.1  11.2  nan  nan  nan
241120251502  0.850  5.5  199.9  11.2  0.56  50.6  25.3
241120251503  0.846  5.2  202.1  11.2  0.43  58.1  25.3
241120251504  0.840  4.9  205.0  11.2  0.42  49.4  25.3
241120251505  0.836  4.3  208.5  8.8  0.49  48.9  25.3
241120251506  0.833  3.3  215.6  8.0  0.56  48.0  25.3
241120251507  0.827  2.7  232.2  8.0  0.47  45.0  25.3
241120251508  0.823  2.5  258.6  8.0  0.52  43.5  25.3
241120251509  0.819  2.8  285.9  7.8  0.54  44.8  25.3
241120251510  0.814  3.4  303.9  8.8  0.50  43.4  25.3
241120251511  0.811  4.2  316.3  8.8  0.48  54.7  25.4
241120251512  0.808  5.2  325.5  11.0  0.46  50.2  25.4
241120251513  0.805  6.1  334.1  11.0  0.41  49.3  25.4
241120251514  0.802  7.1  342.5  11.1  0.47  54.5  25.4
241120251515  0.798  8.0  348.8  13.0  nan  nan  nan
241120251516  0.793  8.9  353.0  15.0  0.58  40.4  25.4
241120251517  0.784  9.4  357.0  15.0  0.59  43.4  25.4
241120251518  0.777  10.0  0.6  15.8  0.54  42.2  25.4
241120251519  0.769  10.5  4.1  15.8  0.53  51.3  25.4
241120251520  0.761  10.8  6.5  15.8  nan  nan  nan
241120251521  0.754  10.8  8.3  15.8  0.48  68.6  25.4
241120251522  0.749  10.7  8.4  15.8  nan  nan  nan
241120251523  0.741  10.7  6.5  15.8  0.53  47.3  25.4
241120251524  0.734  10.6  3.4  15.8  0.56  44.8  25.4
241120251525  0.727  10.5  0.0  15.8  0.50  50.7  25.4
241120251526  0.721  10.2  356.4  15.8  0.59  44.5  25.4
241120251527  0.714  9.9  352.9  15.8  nan  nan  nan
241120251528  0.710  9.7  349.6  14.3  0.56  40.3  25.4
241120251529  0.705  9.5  346.8  12.0  0.61  40.6  25.4
241120251530  0.701  9.5  344.9  12.0  nan  nan  nan
241120251531  0.699  9.8  344.8  12.0  0.41  59.0  25.5
241120251532  0.697  9.7  345.7  12.0  0.58  41.6  25.5
241120251533  0.694  9.5  346.9  11.5  0.55  40.9  25.5
241120251534  0.692  9.3  348.0  11.5  0.50  51.4  25.5
241120251535  0.691  9.1  348.3  11.2  0.46  48.5  25.5
241120251536  0.689  8.6  347.6  10.3  0.43  51.7  25.5
241120251537  0.687  8.1  346.3  10.2  0.55  41.9  25.5
241120251538  0.686  7.4  343.9  10.2  0.42  53.7  25.5
241120251539  0.685  6.7  340.4  10.2  0.50  47.2  25.5
241120251540  0.683  6.2  335.7  10.2  0.47  48.6  25.5
241120251541  0.683  5.8  329.4  10.0  0.53  41.7  25.5
241120251542  0.682  5.3  322.8  9.9  0.51  42.5  25.5
241120251543  0.682  4.7  316.4  9.9  0.47  49.4  25.5
241120251544  0.682  4.2  307.1  9.0  0.50  52.3  25.6
241120251545  0.680  3.8  296.8  7.3  0.47  49.3  25.6
241120251546  0.678  3.7  287.0  6.7  0.45  52.7  25.6
241120251547  0.676  3.5  277.0  6.7  0.41  50.2  25.6
241120251548  0.673  3.4  268.1  7.3  0.43  54.8  25.6
241120251549  0.668  3.3  261.9  7.3  0.54  45.1  25.6
241120251550  0.664  3.3  251.1  7.3  0.53  53.8  25.6
241120251551  0.660  3.5  238.8  7.9  0.46  56.5  25.6
241120251552  0.657  3.9  231.1  9.0  nan  nan  nan
241120251553  0.655  4.3  226.6  9.0  0.45  52.7  25.6
241120251554  0.651  4.6  224.3  9.0  0.53  43.5  25.6
241120251555  0.647  4.9  220.4  9.0  nan  nan  nan
241120251556  0.644  4.9  217.3  9.0  nan  nan  nan
241120251557  0.639  4.8  214.9  9.0  0.43  60.1  25.6
241120251558  0.636  4.9  213.1  9.0  0.53  59.3  25.6
241120251559  0.632  5.1  211.8  9.0  0.43  56.6  25.6
241120251600  0.629  5.1  210.9  9.0  0.45  66.3  25.6
241120251601  0.628  5.1  210.6  9.0  0.41  55.8  25.7
241120251602  0.627  5.0  210.4  6.9  0.54  41.1  25.7
241120251603  0.625  5.0  210.3  6.9  0.43  51.5  25.7
241120251604  0.622  5.1  209.2  7.4  0.48  48.2  25.7
241120251605  0.621  5.3  207.7  8.0  0.47  65.1  25.7
241120251606  0.619  5.8  205.9  9.4  0.50  63.1  25.7
241120251607  0.618  6.3  206.6  11.3  nan  nan  nan
241120251608  0.617  6.8  206.6  11.3  nan  nan  nan
241120251609  0.616  7.0  206.8  11.3  nan  nan  nan
241120251610  0.614  7.4  207.1  11.3  nan  nan  nan
241120251611  0.613  7.7  207.2  11.3  0.45  46.2  25.7
241120251612  0.611  8.0  207.3  11.3  nan  nan  nan
241120251613  0.611  8.2  207.1  11.3  nan  nan  nan
241120251614  0.611  8.2  207.3  11.3  0.46  44.6  25.7
241120251615  0.612  8.4  206.5  11.3  nan  nan  nan
241120251616  0.613  8.4  204.9  11.3  nan  nan  nan
241120251617  0.614  8.3  203.4  10.8  0.39  50.4  25.7
241120251618  0.614  8.1  201.9  10.7  0.53  42.1  25.8
241120251619  0.614  8.1  200.6  10.7  0.40  57.0  25.8
241120251620  0.616  8.1  198.7  10.7  0.41  54.6  25.8
241120251621  0.617  8.0  196.4  10.7  0.31  48.2  25.8
241120251622  0.618  8.0  193.3  10.7  0.42  47.6  25.8
241120251623  0.619  8.1  191.6  10.7  0.44  45.0  25.8
241120251624  0.620  8.2  189.6  10.7  0.44  63.8  25.8
241120251625  0.620  8.2  189.9  10.7  0.33  68.7  25.8
241120251626  0.620  8.1  191.2  10.2  0.40  46.2  25.8
241120251627  0.620  8.0  191.7  10.2  0.34  81.9  25.8
241120251628  0.620  8.0  193.0  10.2  0.32  62.5  25.8
241120251629  0.620  7.8  193.0  10.2  0.30  64.3  25.8
241120251630  0.618  7.7  193.3  10.2  0.31  52.2  25.8
241120251631  0.617  7.5  193.8  10.2  0.37  51.2  25.8
241120251632  0.615  7.4  195.7  10.2  0.43  34.9  25.8
241120251633  0.610  7.2  196.8  10.0  nan  nan  nan
241120251634  0.606  6.9  196.6  10.0  0.33  41.6  25.8
241120251635  0.603  6.4  197.0  10.0  0.32  56.2  25.8
241120251636  0.599  6.1  198.3  10.0  0.40  56.0  25.8
241120251637  0.594  5.6  198.8  9.3  0.45  70.4  25.8
241120251638  0.591  4.9  198.8  9.3  0.48  52.6  25.9
241120251639  0.589  4.2  198.8  7.7  0.45  34.4  25.9
241120251640  0.585  4.1  197.7  7.7  0.41  42.8  25.9
241120251641  0.584  3.9  198.3  7.5  0.33  70.9  25.9
241120251642  0.582  3.7  195.9  7.5  0.45  35.1  25.9
241120251643  0.580  3.4  194.0  7.5  0.44  39.4  25.9
241120251644  0.576  3.4  195.6  7.5  0.33  56.2  25.9
241120251645  0.574  3.4  192.2  7.5  0.39  48.8  25.9
241120251646  0.570  3.3  187.7  7.5  0.40  47.0  25.9
241120251647  0.567  3.2  183.1  7.5  0.35  56.4  25.9
241120251648  0.564  3.4  181.6  7.5  0.41  56.4  25.9
241120251649  0.561  3.5  182.3  7.5  0.46  37.8  25.9
241120251650  0.556  3.1  185.0  5.8  0.41  47.7  25.9
241120251651  0.553  3.0  185.6  5.8  0.37  60.8  25.9
241120251652  0.551  2.7  191.3  5.4  0.42  51.8  25.9
241120251653  0.547  2.5  196.6  5.4  0.46  41.9  25.9
241120251654  0.544  2.2  200.7  5.2  0.40  46.6  25.9
241120251655  0.540  2.1  205.6  4.0  0.43  47.1  25.9
241120251656  0.537  2.2  207.1  4.1  0.38  59.8  25.9
241120251657  0.533  2.4  208.6  4.4  0.45  53.8  25.9
241120251658  0.529  2.7  209.4  5.4  0.37  52.8  25.9
241120251659  0.526  3.1  208.5  6.7  0.44  43.1  25.9
241120251700  0.523  3.3  206.3  6.7  0.41  48.8  25.9
241120251701  0.521  3.6  204.1  6.7  0.37  58.6  25.9
241120251702  0.519  3.9  202.5  6.7  0.47  57.2  25.9
241120251703  0.517  4.1  202.7  6.7  0.47  41.5  25.9
241120251704  0.513  4.3  204.3  6.7  0.52  35.3  25.9
241120251705  0.509  4.6  207.5  6.7  0.37  54.1  25.9
241120251706  0.505  4.7  211.5  6.7  0.44  42.8  25.9
241120251707  0.500  4.9  215.3  6.7  0.38  71.7  26.0
241120251708  0.496  4.9  217.9  6.7  0.41  56.2  26.0
241120251709  0.490  4.9  220.0  6.3  0.51  33.0  26.0
241120251710  0.484  4.9  222.2  6.3  0.34  88.4  26.0
241120251711  0.478  4.8  223.8  6.3  0.49  46.5  26.0
241120251712  0.472  4.7  224.5  6.3  0.42  63.4  26.0
241120251713  0.466  4.5  225.1  6.3  0.46  51.2  26.0
241120251714  0.462  4.3  225.5  6.3  0.43  49.1  26.0
241120251715  0.461  4.0  224.9  6.2  0.46  51.3  26.0
241120251716  0.459  3.9  224.7  6.2  nan  nan  nan
241120251717  0.456  3.7  224.1  5.6  0.39  58.2  26.0
241120251718  0.453  3.7  224.5  5.4  0.53  42.3  26.0
241120251719  0.450  3.8  226.3  5.6  0.46  56.9  26.0
241120251720  0.447  3.9  226.7  5.8  0.45  49.3  26.0
241120251721  0.446  4.0  229.0  5.9  0.40  54.2  26.0
241120251722  0.445  4.2  229.1  6.2  0.47  42.8  26.0
241120251723  0.448  4.4  228.4  6.2  0.50  44.8  26.0
241120251724  0.451  4.7  227.7  6.2  0.40  62.5  26.0
241120251725  0.455  4.9  226.5  6.2  0.54  46.5  26.0
241120251726  0.458  5.0  225.7  6.2  0.41  51.1  26.0
241120251727  0.461  5.1  224.8  6.2  0.44  59.1  26.0
241120251728  0.464  5.1  223.8  6.2  0.41  48.6  26.1
241120251729  0.466  5.0  222.5  6.2  0.36  56.1  26.1
241120251730  0.469  5.1  221.6  6.2  0.49  50.7  26.1
241120251731  0.474  5.0  219.8  6.2  0.32  56.5  26.1
241120251732  0.478  5.0  218.9  6.1  0.45  54.1  26.1
241120251733  0.485  4.9  218.0  6.0  0.28  71.3  26.1
241120251734  0.493  4.8  217.6  6.0  0.38  64.9  26.1
241120251735  0.500  4.7  217.6  6.0  0.40  57.4  26.1
241120251736  0.506  4.6  217.0  6.0  0.30  52.3  26.1
241120251737  0.513  4.6  216.8  6.0  0.32  49.3  26.1
241120251738  0.517  4.4  216.6  6.0  0.31  35.1  26.1
241120251739  0.521  4.4  216.8  6.0  0.10  21.5  26.1
241120251740  0.526  4.2  216.9  5.7  0.15  0.2  26.1
241120251741  0.531  4.2  217.6  5.7  0.23  12.9  26.1
241120251742  0.535  4.1  218.0  5.7  0.10  331.8  26.1
241120251743  0.538  4.1  218.9  5.3  0.13  342.3  26.1
241120251744  0.541  4.2  218.9  6.4  0.13  3.0  26.1
241120251745  0.545  4.4  219.0  6.9  0.08  338.6  26.1
241120251746  0.549  4.6  219.1  6.9  0.20  356.9  26.1
241120251747  0.552  4.9  219.5  7.1  0.05  263.5  26.1
241120251748  0.556  5.1  219.9  7.1  0.17  2.0  26.1
241120251749  0.559  5.3  219.0  7.1  0.08  325.0  26.1
241120251750  0.563  5.6  217.8  7.1  0.09  2.4  26.1
241120251751  0.567  5.7  215.6  7.1  0.20  347.1  26.1
241120251752  0.568  5.7  213.0  7.1  0.13  320.9  26.1
241120251753  0.569  5.8  210.3  7.1  0.13  354.5  26.1
241120251754  0.571  5.7  208.1  7.1  0.16  347.3  26.1
241120251755  0.574  5.6  205.7  7.1  0.08  347.4  26.1
241120251756  0.577  5.4  203.2  7.1  0.11  334.7  26.1
241120251757  0.581  5.2  200.8  6.8  0.14  342.0  26.1
241120251758  0.583  5.1  198.3  6.8  0.06  345.2  26.1
241120251759  0.586  4.9  196.6  6.7  0.16  345.0  26.1
241120251800  0.587  4.6  195.0  6.5  0.10  339.8  26.1
241120251801  0.589  4.4  196.3  6.2  0.10  241.8  26.1
241120251802  0.591  4.3  198.9  6.2  nan  nan  nan
241120251803  0.592  4.1  201.7  6.1  0.05  2.9  26.1
241120251804  0.592  4.1  203.7  6.1  nan  nan  nan
241120251805  0.594  4.0  205.7  5.7  0.07  292.5  26.1
241120251806  0.594  4.1  209.0  6.3  0.19  15.2  26.1
241120251807  0.596  4.2  211.5  6.3  0.14  3.7  26.1
241120251808  0.598  4.4  213.5  6.3  0.03  240.2  26.1
241120251809  0.598  4.6  214.6  6.3  0.11  19.8  26.1
241120251810  0.598  4.8  215.2  6.3  0.16  358.7  26.1
241120251811  0.596  5.1  214.3  7.0  0.17  359.2  26.1
241120251812  0.594  5.3  212.5  7.0  0.15  350.6  26.1
241120251813  0.590  5.5  210.0  7.0  0.10  356.0  26.1
241120251814  0.587  5.7  208.6  7.0  0.19  26.3  26.1
241120251815  0.583  5.7  207.7  7.0  nan  nan  nan
241120251816  0.581  5.6  206.1  7.0  0.19  30.7  26.1
241120251817  0.579  5.5  205.1  7.0  0.26  39.7  26.1
241120251818  0.580  5.2  204.4  7.0  0.21  39.4  26.1
241120251819  0.579  4.9  204.2  7.0  0.18  47.1  26.1
241120251820  0.583  4.7  203.6  7.0  0.25  37.0  26.1
241120251821  0.586  4.4  202.9  6.8  0.23  33.3  26.1
241120251822  0.587  4.0  201.9  6.7  nan  nan  nan
241120251823  0.589  3.6  201.1  6.2  0.23  26.9  26.1
241120251824  0.591  3.2  199.8  5.2  0.20  15.0  26.1
241120251825  0.592  3.0  198.6  5.2  0.11  27.1  26.1
241120251826  0.594  2.9  196.1  5.2  0.18  34.9  26.1
241120251827  0.596  2.8  191.6  4.0  0.14  13.1  26.1
241120251828  0.598  2.7  189.2  4.0  nan  nan  nan
241120251829  0.600  2.7  187.4  4.0  0.16  32.1  26.1
241120251830  0.601  2.6  184.8  3.5  0.19  28.1  26.1
241120251831  0.602  2.6  181.7  3.3  0.21  0.6  26.1
241120251832  0.602  2.6  181.3  3.5  0.21  10.0  26.1
241120251833  0.602  2.6  181.5  3.5  0.16  15.0  26.2
241120251834  0.602  2.7  184.0  3.5  0.07  35.8  26.2
241120251835  0.600  2.7  186.9  3.5  0.14  10.0  26.2
241120251836  0.600  2.7  188.2  3.5  0.18  14.9  26.2
241120251837  0.599  2.5  189.9  3.5  0.19  8.2  26.2
241120251838  0.600  2.5  191.1  3.5  0.13  27.9  26.2
241120251839  0.600  2.4  191.3  3.5  0.16  17.6  26.2
241120251840  0.601  2.3  192.7  3.5  0.08  32.6  26.2
241120251841  0.602  2.1  193.0  3.5  0.16  1.7  26.2
241120251842  0.602  1.8  192.2  3.4  0.24  9.1  26.2
241120251843  0.602  1.6  189.8  3.4  0.14  31.7  26.2
241120251844  0.600  1.4  183.5  3.2  0.21  12.7  26.2
241120251845  0.597  1.3  174.2  2.7  0.21  13.8  26.2
241120251846  0.595  1.3  165.6  2.7  0.18  358.5  26.2
241120251847  0.592  1.4  158.6  2.7  0.18  0.0  26.2
241120251848  0.591  1.5  150.1  2.7  0.22  6.0  26.2
241120251849  0.587  1.5  141.5  2.7  0.27  13.7  26.2
241120251850  0.586  1.7  133.4  2.5  0.04  55.0  26.2
241120251851  0.583  1.8  135.1  2.5  0.17  13.3  26.2
241120251852  0.580  1.8  136.1  2.5  0.25  26.7  26.2
241120251853  0.578  1.8  134.9  2.5  0.18  24.9  26.2
241120251854  0.578  1.8  132.3  2.5  0.24  17.3  26.2
241120251855  0.578  1.8  128.9  2.5  0.24  23.2  26.2
241120251856  0.580  1.8  124.5  2.5  0.11  49.9  26.2
241120251857  0.583  1.7  120.6  2.4  0.25  29.4  26.2
241120251858  0.585  1.8  116.9  2.6  0.19  29.3  26.2
241120251859  0.588  1.8  114.6  3.5  nan  nan  nan
241120251900  0.592  1.8  112.6  3.5  0.14  40.8  26.2
241120251901  0.597  1.8  111.9  3.5  0.11  30.0  26.2
241120251902  0.601  1.9  111.2  3.5  nan  nan  nan
241120251903  0.606  1.9  112.9  3.5  nan  nan  nan
241120251904  0.610  2.0  113.4  3.5  0.08  315.2  26.2
241120251905  0.614  2.1  113.1  3.5  0.12  56.3  26.2
241120251906  0.615  2.2  113.3  4.0  0.21  358.3  26.2
241120251907  0.615  2.4  113.2  4.5  0.16  36.9  26.2
241120251908  0.616  2.7  113.4  7.0  0.15  74.1  26.2
241120251909  0.617  2.9  115.3  7.0  0.15  18.1  26.2
241120251910  0.618  3.1  117.7  7.0  0.21  72.7  26.2
241120251911  0.621  3.3  120.9  7.0  0.10  47.6  26.2
241120251912  0.624  3.5  125.7  7.0  0.05  64.5  26.2
241120251913  0.628  3.7  129.4  7.0  0.09  346.2  26.2
241120251914  0.632  3.9  133.2  7.0  0.10  41.0  26.3
241120251915  0.635  4.2  138.3  7.0  0.09  348.4  26.3
241120251916  0.638  4.5  142.8  7.0  0.14  6.8  26.3
241120251917  0.641  4.6  147.7  7.0  0.06  8.0  26.3
241120251918  0.644  4.6  153.5  6.7  0.06  42.0  26.3
241120251919  0.648  4.6  156.4  6.7  0.08  97.3  26.3
241120251920  0.652  4.7  159.4  6.7  0.03  76.4  26.3
241120251921  0.656  4.7  161.0  6.7  0.06  46.9  26.3
241120251922  0.659  4.5  161.5  6.7  0.03  103.8  26.3
241120251923  0.663  4.3  161.8  6.7  0.06  6.2  26.3
241120251924  0.667  4.2  162.0  6.7  0.06  42.0  26.3
241120251925  0.671  3.8  161.2  6.7  nan  nan  nan
241120251926  0.675  3.6  161.4  6.2  0.08  53.0  26.3
241120251927  0.678  3.3  160.8  6.2  0.05  353.5  26.3
241120251928  0.681  3.0  160.8  5.3  nan  nan  nan
241120251929  0.684  2.9  162.1  5.3  nan  nan  nan
241120251930  0.687  2.7  161.4  5.3  0.07  303.0  26.3
241120251931  0.692  2.5  161.9  4.2  0.15  234.5  26.3
241120251932  0.699  2.4  163.0  4.2  nan  nan  nan
241120251933  0.703  2.2  166.4  3.4  0.13  259.9  26.3
241120251934  0.708  2.1  171.3  3.3  0.14  229.9  26.3
241120251935  0.714  2.1  178.1  3.2  0.24  235.7  26.3
241120251936  0.717  2.2  185.0  4.2  0.23  249.0  26.3
241120251937  0.719  2.3  191.2  4.2  0.30  239.8  26.2
241120251938  0.723  2.5  196.2  4.2  nan  nan  nan
241120251939  0.728  2.8  199.4  5.4  0.22  254.6  26.2
241120251940  0.733  3.0  201.5  5.5  nan  nan  nan
241120251941  0.738  3.4  202.5  6.0  nan  nan  nan
241120251942  0.745  3.7  201.8  6.0  nan  nan  nan
241120251943  0.752  4.0  199.8  6.8  0.20  206.3  26.2
241120251944  0.758  4.3  198.1  6.8  0.16  206.5  26.2
241120251945  0.764  4.5  195.1  6.8  0.07  223.7  26.2
241120251946  0.767  4.4  192.0  6.8  0.15  175.8  26.2
241120251947  0.769  4.3  188.2  6.8  nan  nan  nan
241120251948  0.771  4.1  183.4  6.8  nan  nan  nan
241120251949  0.772  3.8  177.6  6.8  nan  nan  nan
241120251950  0.775  3.4  172.1  6.8  0.22  197.6  26.1
241120251951  0.776  2.9  166.0  6.8  0.18  205.9  26.1
241120251952  0.779  2.5  161.0  6.8  0.10  287.5  26.1
241120251953  0.781  2.0  153.0  6.2  0.17  203.6  26.1
241120251954  0.782  1.8  148.3  6.2  nan  nan  nan
241120251955  0.784  1.5  141.2  3.9  0.19  199.2  26.1
241120251956  0.785  1.4  137.9  3.9  0.06  203.1  26.0
241120251957  0.789  1.3  135.1  3.0  nan  nan  nan
241120251958  0.791  1.2  140.5  2.5  0.07  205.1  26.0
241120251959  0.796  1.1  152.0  2.5  0.14  194.9  26.0
241120252000  0.798  1.1  157.0  2.5  0.14  207.9  26.0
241120252001  0.800  1.2  161.8  2.5  0.14  202.4  26.0
241120252002  0.800  1.1  164.6  2.5  0.23  208.3  26.0
241120252003  0.800  1.1  169.7  2.5  0.11  193.0  26.0
241120252004  0.800  1.0  168.9  2.5  0.23  214.2  26.0
241120252005  0.798  1.0  168.5  4.2  0.08  224.9  26.0
241120252006  0.795  1.1  169.2  4.2  0.10  207.7  26.0
241120252007  0.790  1.1  173.6  4.2  0.08  278.6  26.0
241120252008  0.786  1.1  178.0  4.2  0.10  220.8  26.0
241120252009  0.783  1.1  172.1  4.2  0.12  214.9  26.0
241120252010  0.780  1.1  167.6  4.2  0.14  228.0  26.0
241120252011  0.780  1.0  164.0  4.2  0.10  249.4  26.0
241120252012  0.780  0.9  161.6  4.2  0.11  258.6  26.0
241120252013  0.780  0.9  159.0  4.2  nan  nan  nan
241120252014  0.782  0.9  156.5  4.2  0.17  210.3  25.9
241120252015  0.783  0.6  154.0  3.4  0.05  268.7  25.9
241120252016  0.786  0.2  148.6  2.8  nan  nan  nan
241120252017  0.788  0.2  17.0  2.4  nan  nan  nan
241120252018  0.793  0.5  350.6  2.9  nan  nan  nan
241120252019  0.796  0.9  336.9  3.2  0.24  202.8  25.9
241120252020  0.798  1.3  327.9  3.2  0.20  193.3  25.9
241120252021  0.800  1.5  323.8  3.2  nan  nan  nan
241120252022  0.801  1.7  323.5  3.2  nan  nan  nan
241120252023  0.800  1.9  322.7  3.2  0.13  205.5  25.9
241120252024  0.799  2.1  321.4  3.2  0.15  190.0  25.8
241120252025  0.797  2.2  318.6  3.2  0.11  199.3  25.8
241120252026  0.793  2.1  315.4  3.2  0.14  166.0  25.8
241120252027  0.792  2.1  310.4  3.2  0.18  190.0  25.8
241120252028  0.790  1.8  307.7  3.2  0.14  154.6  25.8
241120252029  0.789  1.6  306.6  3.1  0.08  152.9  25.8
241120252030  0.789  1.2  305.6  2.7  0.18  169.8  25.8
241120252031  0.792  1.0  307.5  2.7  0.17  171.6  25.8
241120252032  0.794  0.8  316.5  2.7  0.18  142.8  25.8
241120252033  0.797  0.7  337.7  3.0  0.10  156.9  25.8
241120252034  0.802  0.9  358.5  5.2  0.14  125.1  25.8
241120252035  0.806  1.1  0.5  5.2  0.17  157.9  25.8
241120252036  0.811  1.4  0.3  5.2  0.10  146.6  25.8
241120252037  0.817  1.6  359.5  5.2  0.06  190.0  25.7
241120252038  0.822  1.8  356.7  5.2  0.18  193.7  25.7
241120252039  0.826  2.0  352.9  5.2  0.08  181.5  25.7
241120252040  0.830  2.2  347.3  5.2  0.14  160.2  25.7
241120252041  0.833  2.3  343.1  5.2  0.12  199.3  25.7
241120252042  0.837  2.4  337.1  5.2  nan  nan  nan
241120252043  0.839  2.4  330.7  5.2  0.16  166.9  25.7
241120252044  0.844  2.3  325.1  4.1  0.19  183.5  25.7
241120252045  0.849  2.2  326.5  3.1  0.24  204.3  25.7
241120252046  0.853  2.3  328.1  3.6  nan  nan  nan
241120252047  0.858  2.2  329.7  3.7  0.28  182.0  25.7
241120252048  0.863  2.3  333.5  4.0  0.35  185.6  25.7
241120252049  0.869  2.3  334.8  4.0  0.30  182.1  25.7
241120252050  0.876  2.4  337.1  4.0  0.41  183.5  25.7
241120252051  0.884  2.4  337.4  4.0  0.48  179.7  25.7
241120252052  0.892  2.4  337.3  4.0  0.53  193.0  25.7
241120252053  0.902  2.4  333.4  4.0  0.30  180.8  25.7
241120252054  0.909  2.4  328.6  4.0  0.38  176.4  25.7
241120252055  0.917  2.4  322.0  4.0  0.29  182.0  25.7
241120252056  0.922  2.3  316.7  4.0  0.37  184.3  25.7
241120252057  0.929  2.3  311.7  4.0  0.32  188.3  25.7
241120252058  0.934  2.2  304.3  3.4  0.36  187.5  25.7
241120252059  0.939  2.1  298.4  3.4  0.20  190.0  25.7
241120252100  0.942  1.9  288.7  3.4  0.34  192.6  25.7
241120252101  0.946  1.9  281.8  3.3  0.38  180.9  25.6
241120252102  0.948  2.1  281.1  3.3  0.47  181.4  25.6
241120252103  0.952  2.0  281.1  3.3  0.37  183.7  25.6
241120252104  0.956  2.0  279.7  3.3  0.45  180.8  25.6
241120252105  0.958  1.9  277.5  3.3  nan  nan  nan
241120252106  0.961  1.9  273.9  3.3  0.55  183.3  25.6
241120252107  0.964  1.8  270.9  2.9  0.37  180.4  25.6
241120252108  0.967  1.8  272.3  2.9  0.42  185.8  25.6
241120252109  0.970  1.7  272.3  2.9  nan  nan  nan
241120252110  0.973  1.7  276.0  2.9  nan  nan  nan
241120252111  0.975  1.5  272.2  2.9  0.54  179.5  25.6
241120252112  0.976  1.3  257.2  3.2  0.44  182.8  25.6
241120252113  0.978  1.3  239.5  3.6  0.26  173.1  25.6
241120252114  0.981  1.5  224.9  4.1  0.23  180.5  25.6
241120252115  0.985  1.7  216.8  4.1  0.28  179.0  25.6
241120252116  0.989  1.9  212.1  4.1  0.40  169.8  25.6
241120252117  0.991  2.2  206.7  4.1  0.35  177.7  25.6
241120252118  0.994  2.6  203.2  4.1  0.37  176.0  25.6
241120252119  0.994  3.0  201.0  4.4  0.27  155.6  25.6
241120252120  0.995  3.2  200.5  4.4  0.30  169.0  25.6
241120252121  0.996  3.4  202.1  4.4  0.32  171.5  25.6
241120252122  0.996  3.5  203.4  4.4  0.29  161.2  25.6
241120252123  0.997  3.5  203.7  4.4  0.38  171.1  25.6
241120252124  0.998  3.4  204.0  4.4  0.42  177.6  25.6
241120252125  0.999  3.3  204.5  4.4  nan  nan  nan
241120252126  1.001  3.1  204.6  4.4  nan  nan  nan
241120252127  1.003  3.1  205.7  4.4  0.30  164.9  25.6
241120252128  1.008  3.1  206.0  4.4  0.41  178.4  25.6
241120252129  1.011  3.0  204.9  4.3  0.32  180.1  25.6
241120252130  1.017  2.9  202.8  4.3  0.35  181.5  25.6
241120252131  1.021  2.9  200.0  4.3  0.45  181.5  25.6
241120252132  1.025  2.9  197.7  4.1  0.33  165.0  25.6
241120252133  1.030  2.8  197.7  4.1  0.32  177.1  25.6
241120252134  1.036  2.8  197.7  4.1  0.26  188.3  25.6
241120252135  1.040  2.9  197.6  4.1  0.10  191.1  25.6
241120252136  1.043  3.0  196.7  4.1  0.10  165.0  25.6
241120252137  1.046  3.1  196.0  4.7  0.33  172.7  25.5
241120252138  1.047  3.2  195.5  4.7  0.24  165.3  25.5
241120252139  1.048  3.3  195.8  4.7  0.21  180.4  25.5
241120252140  1.049  3.4  196.4  4.7  0.35  184.6  25.5
241120252141  1.048  3.5  196.1  4.7  0.35  179.4  25.5
241120252142  1.046  3.6  195.6  4.9  0.16  196.8  25.5
241120252143  1.046  3.7  195.5  4.9  0.21  173.2  25.5
241120252144  1.044  3.8  195.0  4.9  nan  nan  nan
241120252145  1.042  3.9  194.9  4.9  0.26  172.4  25.5
241120252146  1.042  4.0  193.8  5.9  0.28  175.1  25.5
241120252147  1.039  4.2  193.1  6.5  0.08  178.7  25.5
241120252148  1.039  4.2  191.5  6.5  0.18  177.0  25.5
241120252149  1.039  4.1  191.3  6.5  0.24  186.3  25.4
241120252150  1.039  4.2  191.9  6.5  nan  nan  nan
241120252151  1.039  4.2  192.6  6.5  0.24  203.2  25.4
241120252152  1.038  4.3  193.0  6.5  0.17  165.4  25.4
241120252153  1.041  4.4  192.5  6.5  nan  nan  nan
241120252154  1.039  4.5  193.2  6.5  0.35  182.6  25.4
241120252155  1.039  4.5  192.8  6.5  nan  nan  nan
241120252156  1.038  4.5  193.4  6.5  nan  nan  nan
241120252157  1.036  4.6  194.2  7.3  0.13  173.1  25.3
241120252158  1.034  4.8  195.7  7.3  0.20  169.3  25.3
241120252159  1.033  5.0  196.8  7.3  0.17  181.2  25.3
241120252200  1.033  5.2  197.3  7.3  0.26  172.3  25.3
241120252201  1.032  5.3  197.7  7.3  0.12  157.3  25.3
241120252202  1.030  5.4  198.1  7.3  nan  nan  nan
241120252203  1.029  5.6  199.0  7.3  0.12  174.7  25.3
241120252204  1.027  5.7  199.1  7.3  0.20  185.6  25.3
241120252205  1.028  5.8  198.4  7.3  0.20  162.4  25.3
241120252206  1.029  5.8  198.9  7.3  0.11  145.7  25.3
241120252207  1.029  5.7  199.2  7.1  nan  nan  nan
241120252208  1.032  5.7  199.8  7.4  0.22  156.7  25.2
241120252209  1.033  5.5  199.5  7.4  0.23  177.0  25.2
241120252210  1.035  5.4  200.8  7.4  0.40  171.7  25.2
241120252211  1.035  5.3  202.4  7.4  0.32  176.5  25.3
241120252212  1.033  5.2  203.9  7.4  nan  nan  nan
241120252213  1.033  5.1  205.1  7.4  0.21  176.2  25.3
241120252214  1.033  5.0  205.4  7.4  0.13  179.7  25.3
241120252215  1.031  5.0  207.5  7.4  nan  nan  nan
241120252216  1.028  5.1  207.7  7.4  0.12  153.9  25.3
241120252217  1.024  5.2  207.8  9.6  nan  nan  nan
241120252218  1.021  5.4  207.9  9.6  nan  nan  nan
241120252219  1.018  5.7  207.7  9.6  0.27  170.5  25.4
241120252220  1.014  5.9  206.0  9.6  0.19  164.2  25.4
241120252221  1.013  6.0  204.9  9.6  0.22  172.7  25.4
241120252222  1.010  6.2  203.9  9.6  0.16  171.4  25.4
241120252223  1.006  6.1  203.9  9.6  0.15  176.3  25.4
241120252224  1.003  6.1  204.2  9.6  0.13  170.5  25.4
241120252225  1.001  6.3  203.7  9.6  0.14  147.9  25.4
241120252226  1.000  6.2  203.2  9.6  0.18  172.8  25.4
241120252227  0.999  6.2  203.0  9.3  nan  nan  nan
241120252228  1.000  5.9  202.7  8.3  nan  nan  nan
241120252229  1.001  5.7  202.9  8.3  0.25  160.6  25.3
241120252230  1.002  5.5  202.4  7.5  0.14  160.6  25.3
241120252231  1.005  5.3  202.0  7.5  0.03  170.3  25.3
241120252232  1.007  5.1  201.8  7.5  0.15  173.4  25.3
241120252233  1.010  5.3  200.0  7.5  0.14  151.2  25.3
241120252234  1.011  5.3  198.9  7.5  0.18  145.9  25.3
241120252235  1.014  5.1  197.2  7.5  0.23  171.0  25.3
241120252236  1.017  5.0  196.5  7.5  0.14  141.7  25.3
241120252237  1.021  4.9  195.5  7.0  nan  nan  nan
241120252238  1.025  4.9  194.0  7.0  0.17  160.3  25.3
241120252239  1.032  4.9  192.9  7.0  nan  nan  nan
241120252240  1.039  4.8  192.1  7.0  0.21  164.4  25.3
241120252241  1.046  4.8  191.0  7.0  0.36  180.7  25.3
241120252242  1.051  4.8  189.3  7.0  0.29  177.3  25.3
241120252243  1.057  4.7  187.9  6.5  0.20  189.4  25.3
241120252244  1.062  4.7  187.6  6.5  nan  nan  nan
241120252245  1.067  4.7  187.6  6.5  0.23  175.0  25.3
241120252246  1.071  4.8  186.4  6.8  0.12  195.5  25.3
241120252247  1.075  4.9  186.0  6.8  0.21  169.7  25.3
241120252248  1.080  4.9  186.4  6.8  0.29  171.3  25.3
241120252249  1.083  4.9  187.3  6.8  0.16  159.4  25.3
241120252250  1.085  4.9  188.7  6.8  0.19  175.4  25.3
241120252251  1.086  5.0  189.7  6.8  0.23  188.0  25.3
241120252252  1.087  5.2  190.9  7.3  0.13  192.5  25.3
241120252253  1.085  5.4  192.5  7.3  0.16  180.3  25.3
241120252254  1.082  5.7  193.3  7.9  nan  nan  nan
241120252255  1.079  5.8  195.2  8.3  0.07  163.4  25.3
241120252256  1.077  6.1  196.7  8.4  0.20  180.4  25.2
241120252257  1.075  6.4  196.6  8.8  0.20  173.8  25.2
241120252258  1.076  6.5  196.8  8.8  0.19  190.0  25.2
241120252259  1.076  6.7  196.3  8.8  0.13  173.0  25.2
241120252300  1.076  6.7  194.8  8.8  0.12  167.7  25.2
241120252301  1.076  6.6  193.6  8.8  0.21  182.7  25.2
241120252302  1.074  6.3  193.0  8.8  0.14  180.5  25.2
241120252303  1.073  6.0  191.5  8.8  0.24  201.6  25.2
241120252304  1.072  5.6  191.3  8.8  nan  nan  nan
241120252305  1.070  5.4  190.0  8.8  0.15  192.2  25.2
241120252306  1.069  4.9  188.5  8.8  0.22  172.7  25.2
241120252307  1.069  4.5  188.7  7.8  0.22  176.9  25.2
241120252308  1.068  4.2  188.6  7.8  0.14  173.1  25.3
241120252309  1.067  3.9  189.4  6.7  0.27  182.0  25.3
241120252310  1.065  3.7  191.3  5.3  0.07  64.5  25.3
241120252311  1.062  3.7  192.9  5.3  0.18  163.7  25.3
241120252312  1.058  3.6  193.6  5.3  nan  nan  nan
241120252313  1.055  3.6  195.0  5.1  nan  nan  nan
241120252314  1.052  3.7  194.0  5.1  nan  nan  nan
241120252315  1.051  3.7  194.7  5.6  0.26  184.8  25.2
241120252316  1.049  3.8  194.7  5.6  0.04  158.6  25.2
241120252317  1.047  3.7  195.2  5.6  0.16  197.0  25.2
241120252318  1.046  3.7  195.4  5.6  0.23  203.1  25.2
241120252319  1.044  3.8  195.0  5.7  0.21  192.7  25.2
241120252320  1.044  4.0  196.4  5.7  nan  nan  nan
241120252321  1.044  4.0  197.6  5.7  0.09  162.3  25.1
241120252322  1.044  4.2  199.2  5.7  0.12  197.4  25.1
241120252323  1.045  4.3  200.9  5.7  0.12  178.3  25.1
241120252324  1.047  4.3  202.4  5.7  0.15  177.1  25.1
241120252325  1.048  4.4  204.5  5.7  0.13  207.9  25.1
241120252326  1.050  4.4  207.3  5.7  0.05  245.0  25.1
241120252327  1.050  4.7  208.6  5.8  nan  nan  nan
241120252328  1.051  4.7  209.8  5.8  nan  nan  nan
241120252329  1.051  4.7  210.0  5.8  0.08  188.6  25.1
241120252330  1.050  4.7  210.0  5.8  nan  nan  nan
241120252331  1.050  4.7  209.1  5.8  0.13  224.2  25.1
241120252332  1.048  4.7  208.3  5.8  0.09  208.4  25.1
241120252333  1.046  4.6  207.6  5.8  0.19  180.0  25.1
241120252334  1.042  4.5  208.3  5.8  nan  nan  nan
241120252335  1.040  4.5  208.9  5.8  nan  nan  nan
241120252336  1.038  4.5  210.0  5.8  nan  nan  nan
241120252337  1.035  4.5  211.3  6.1  nan  nan  nan
241120252338  1.030  4.4  212.7  6.1  0.07  233.9  25.1
241120252339  1.027  4.4  214.6  6.1  0.12  217.8  25.1
241120252340  1.026  4.6  215.1  6.3  0.10  210.3  25.1
241120252341  1.022  4.5  217.3  6.3  nan  nan  nan
241120252342  1.019  4.7  218.6  6.3  nan  nan  nan
241120252343  1.014  4.7  221.2  6.3  0.07  162.7  25.0
241120252344  1.011  4.8  222.7  6.3  0.18  191.8  25.0
241120252345  1.007  4.8  222.9  6.3  nan  nan  nan
241120252346  1.003  4.6  222.1  6.3  nan  nan  nan
241120252347  0.999  4.5  222.3  6.3  0.03  227.6  25.0
241120252348  0.997  4.5  222.5  6.3  0.07  191.5  25.0
241120252349  0.995  4.4  223.5  6.3  nan  nan  nan
241120252350  0.992  4.3  225.6  5.8  0.10  159.6  25.0
241120252351  0.990  4.2  226.1  5.8  nan  nan  nan
241120252352  0.988  4.0  226.7  4.9  nan  nan  nan
241120252353  0.985  3.8  223.9  4.9  nan  nan  nan
241120252354  0.985  3.7  220.2  4.9  0.10  154.5  25.0
241120252355  0.984  3.6  218.0  4.9  0.07  132.3  25.0
241120252356  0.981  3.6  215.6  4.9  0.03  142.3  25.0
241120252357  0.980  3.5  212.4  4.5  0.17  31.6  25.0
241120252358  0.977  3.5  208.5  4.5  nan  nan  nan
241120252359  0.975  3.4  204.9  4.5  0.13  142.0  25.0
251120250000  0.972  3.3  201.5  4.5  0.13  90.4  25.0
251120250001  0.969  3.4  200.5  4.7  0.19  70.8  25.0
251120250002  0.966  3.5  199.2  4.9  0.10  119.5  25.0
251120250003  0.964  3.7  199.2  4.9  0.09  55.9  25.0
251120250004  0.961  3.7  200.0  4.9  nan  nan  nan
251120250005  0.958  3.8  200.1  4.9  0.11  51.4  25.0
251120250006  0.955  3.9  201.5  5.3  nan  nan  nan
251120250007  0.951  4.0  202.3  5.3  0.03  61.8  25.0
251120250008  0.947  4.2  204.0  5.9  0.15  39.6  25.0
251120250009  0.944  4.3  205.2  5.9  0.14  41.0  25.0
251120250010  0.942  4.5  206.1  5.9  0.11  57.2  25.0
251120250011  0.939  4.6  206.3  5.9  0.07  350.0  25.0
251120250012  0.937  4.5  206.3  5.9  0.10  359.3  25.0
251120250013  0.935  4.6  207.1  5.9  nan  nan  nan
251120250014  0.934  4.6  207.4  5.9  0.06  345.2  25.0
251120250015  0.933  4.6  208.0  5.9  0.13  11.7  25.0
251120250016  0.933  4.6  208.5  5.9  nan  nan  nan
251120250017  0.935  4.6  209.3  5.9  0.09  1.0  25.0
251120250018  0.935  4.5  209.7  5.5  0.06  232.5  25.0
251120250019  0.936  4.5  210.7  5.5  0.06  351.6  25.0
251120250020  0.936  4.4  211.7  5.5  0.06  336.3  25.0
251120250021  0.937  4.4  212.8  5.3  0.05  291.3  25.0
251120250022  0.941  4.4  214.9  5.3  0.09  254.5  25.0
251120250023  0.942  4.4  216.5  5.3  0.07  286.5  25.0
251120250024  0.946  4.4  217.4  5.3  0.13  304.6  25.0
251120250025  0.947  4.4  217.8  5.3  0.10  321.7  25.1
251120250026  0.950  4.4  218.4  5.5  0.09  260.8  25.1
251120250027  0.951  4.4  218.5  5.5  0.09  324.1  25.1
251120250028  0.953  4.4  218.5  5.5  0.07  298.4  25.1
251120250029  0.953  4.4  217.6  5.5  0.15  274.1  25.1
251120250030  0.955  4.4  216.1  5.5  0.09  243.4  25.1
251120250031  0.955  4.5  215.3  5.5  0.06  223.7  25.1
251120250032  0.955  4.5  213.9  5.5  0.08  258.2  25.1
251120250033  0.955  4.5  213.5  5.5  0.08  212.6  25.1
251120250034  0.955  4.6  213.3  5.5  0.11  256.1  25.1
251120250035  0.955  4.6  213.2  5.5  0.09  303.7  25.1
251120250036  0.953  4.5  212.2  5.1  0.13  219.6  25.1
251120250037  0.954  4.5  212.3  5.1  0.05  235.0  25.1
251120250038  0.952  4.5  212.2  5.1  0.03  250.3  25.1
251120250039  0.951  4.5  211.5  5.1  0.08  347.0  25.1
251120250040  0.950  4.5  210.9  5.1  0.06  252.6  25.1
251120250041  0.947  4.5  210.4  5.1  0.14  343.1  25.1
251120250042  0.944  4.5  210.1  5.1  0.05  5.6  25.1
251120250043  0.939  4.4  208.7  5.1  0.04  264.5  25.1
251120250044  0.936  4.4  207.3  5.0  0.05  284.8  25.1
251120250045  0.931  4.4  206.0  5.2  0.12  347.0  25.1
251120250046  0.927  4.4  205.7  5.2  0.04  239.1  25.1
251120250047  0.924  4.3  205.1  5.2  0.15  343.1  25.1
251120250048  0.920  4.3  204.8  5.2  0.06  310.0  25.1
251120250049  0.917  4.2  206.6  5.2  0.08  2.1  25.1
251120250050  0.913  4.2  208.3  5.2  0.08  353.3  25.1
251120250051  0.908  4.1  208.7  5.2  0.16  11.4  25.1
251120250052  0.901  3.9  208.6  5.2  0.19  12.4  25.1
251120250053  0.895  3.8  208.2  5.2  0.30  15.9  25.1
251120250054  0.891  3.8  207.3  5.2  0.12  40.2  25.1
251120250055  0.885  3.7  205.9  4.6  0.22  46.3  25.1
251120250056  0.880  3.6  204.4  4.6  0.28  36.7  25.1
251120250057  0.875  3.5  203.3  5.0  0.20  51.5  25.1
251120250058  0.869  3.6  202.3  5.0  0.23  57.0  25.1
251120250059  0.866  3.7  201.8  5.2  0.21  42.2  25.1
251120250100  0.861  3.7  201.5  5.2  0.30  47.8  25.1
251120250101  0.856  3.8  201.6  5.2  0.27  33.8  25.1
251120250102  0.851  3.9  202.8  5.2  0.24  52.7  25.1
251120250103  0.848  4.0  204.7  5.2  0.28  38.1  25.1
251120250104  0.844  4.0  206.5  5.2  0.35  33.3  25.1
251120250105  0.840  4.2  209.1  5.3  0.24  56.0  25.1
251120250106  0.836  4.3  210.9  5.3  0.36  50.0  25.1
251120250107  0.832  4.5  212.6  5.3  0.33  31.8  25.1
251120250108  0.827  4.5  214.5  5.3  0.33  33.9  25.1
251120250109  0.824  4.6  215.6  5.3  0.40  34.3  25.1
251120250110  0.819  4.5  217.2  5.3  0.41  41.3  25.1
251120250111  0.815  4.6  218.7  5.5  0.33  31.0  25.1
251120250112  0.810  4.7  220.1  5.6  0.35  44.9  25.1
251120250113  0.804  4.8  220.8  5.7  0.35  26.6  25.1
251120250114  0.796  4.9  222.6  6.1  0.37  21.8  25.1
251120250115  0.791  5.0  224.0  6.1  0.40  27.4  25.1
251120250116  0.785  5.1  225.2  6.1  0.29  36.2  25.1
251120250117  0.778  5.1  225.9  6.3  0.45  27.6  25.1
251120250118  0.773  5.2  226.6  6.3  0.44  20.3  25.1
251120250119  0.768  5.2  227.2  6.4  0.42  27.8  25.1
251120250120  0.762  5.3  227.3  6.4  0.39  22.5  25.1
251120250121  0.759  5.3  227.9  6.4  0.26  41.4  25.1
251120250122  0.755  5.3  228.4  6.5  0.36  27.6  25.1
251120250123  0.751  5.3  228.4  6.5  0.41  31.0  25.1
251120250124  0.746  5.3  227.2  6.5  0.47  35.0  25.1
251120250125  0.742  5.2  226.1  6.5  0.40  34.0  25.1
251120250126  0.736  5.2  225.1  6.5  0.39  28.3  25.1
251120250127  0.730  5.1  224.1  6.5  0.46  32.6  25.1
251120250128  0.725  5.0  223.3  6.5  0.49  34.6  25.1
251120250129  0.721  4.9  222.1  6.5  0.39  44.3  25.1
251120250130  0.719  4.8  220.4  6.5  0.24  55.0  25.2
251120250131  0.714  4.6  217.9  6.5  0.31  40.2  25.2
251120250132  0.711  4.6  215.4  6.2  0.36  38.0  25.2
251120250133  0.707  4.4  213.7  5.8  0.46  34.8  25.2
251120250134  0.703  4.3  213.5  5.7  0.29  40.2  25.2
251120250135  0.700  4.1  212.7  5.7  0.38  38.3  25.2
251120250136  0.698  4.1  212.2  5.7  0.31  40.8  25.2
251120250137  0.696  4.1  212.8  5.7  0.43  28.9  25.2
251120250138  0.697  4.1  212.5  5.7  0.38  25.5  25.2
251120250139  0.700  4.1  212.5  5.7  0.29  39.2  25.2
251120250140  0.702  4.2  213.5  5.7  0.33  37.9  25.2
251120250141  0.707  4.2  215.0  5.7  0.39  36.1  25.2
251120250142  0.711  4.1  215.7  5.3  0.20  46.6  25.2
251120250143  0.716  4.0  216.7  5.3  0.32  36.7  25.2
251120250144  0.721  3.9  217.7  5.3  0.25  39.9  25.2
251120250145  0.726  3.7  218.4  5.3  0.31  33.7  25.2
251120250146  0.729  3.5  219.3  5.3  0.27  38.0  25.2
251120250147  0.732  3.2  220.0  5.3  0.31  33.7  25.2
251120250148  0.736  2.9  220.3  5.3  0.19  40.8  25.2
251120250149  0.737  2.7  217.9  4.8  0.22  35.0  25.2
251120250150  0.741  2.4  215.6  4.6  0.20  25.0  25.2
251120250151  0.742  2.1  215.5  4.0  0.19  18.4  25.2
251120250152  0.743  2.0  214.7  3.7  0.12  53.0  25.2
251120250153  0.744  1.9  210.6  3.2  0.20  14.4  25.2
251120250154  0.746  1.9  206.6  3.2  0.12  23.3  25.2
251120250155  0.746  2.0  204.5  3.2  0.20  5.4  25.2
251120250156  0.745  2.0  202.2  3.2  0.17  11.3  25.2
251120250157  0.745  2.1  198.9  3.2  0.14  3.6  25.2
251120250158  0.744  2.1  195.8  3.2  0.07  5.0  25.2
251120250159  0.743  2.1  195.6  3.2  0.10  0.9  25.2
251120250200  0.742  2.0  195.3  3.2  0.11  353.2  25.2
251120250201  0.742  2.0  190.1  3.2  0.08  11.4  25.2
251120250202  0.742  1.9  187.2  3.2  0.25  1.9  25.2
251120250203  0.741  1.7  184.2  3.1  0.15  0.2  25.2
251120250204  0.741  1.7  180.9  2.7  0.17  359.7  25.2
251120250205  0.739  1.6  180.5  2.7  0.17  357.9  25.2
251120250206  0.736  1.4  180.6  2.6  0.19  350.4  25.2
251120250207  0.731  1.2  178.9  2.6  0.31  357.6  25.2
251120250208  0.726  1.2  180.5  2.6  0.19  352.3  25.2
251120250209  0.722  1.2  178.6  2.6  0.16  3.9  25.2
251120250210  0.717  1.2  175.6  2.3  0.12  29.6  25.2
251120250211  0.712  1.4  176.2  2.4  0.23  13.8  25.2
251120250212  0.705  1.5  175.6  2.6  0.24  18.4  25.2
251120250213  0.701  1.5  177.9  2.6  0.28  6.0  25.2
251120250214  0.696  1.5  179.9  2.6  0.20  5.1  25.2
251120250215  0.690  1.6  177.5  2.6  0.31  10.0  25.2
251120250216  0.683  1.7  178.6  2.6  0.34  6.8  25.2
251120250217  0.676  1.7  184.9  2.8  nan  nan  nan
251120250218  0.669  1.6  188.9  2.8  nan  nan  nan
251120250219  0.662  1.5  197.9  2.8  0.28  4.9  25.2
251120250220  0.656  1.4  211.0  2.8  0.18  14.4  25.2
251120250221  0.651  1.5  223.0  2.8  0.28  2.8  25.2
251120250222  0.645  1.6  231.6  3.3  0.27  0.8  25.2
251120250223  0.639  1.8  235.0  3.7  0.22  10.0  25.2
251120250224  0.633  2.0  238.4  3.7  0.24  353.2  25.2
251120250225  0.626  2.2  242.4  3.7  0.14  7.6  25.3
251120250226  0.621  2.3  243.6  3.7  0.27  14.5  25.3
251120250227  0.615  2.4  239.9  3.7  0.27  5.0  25.3
251120250228  0.610  2.5  236.6  3.7  0.46  15.3  25.3
251120250229  nan  2.6  233.9  3.7  0.27  26.1  25.3
251120250230  0.598  2.6  227.6  3.7  0.32  32.5  25.3
251120250231  0.594  2.6  225.5  3.7  0.30  33.8  25.3
251120250232  0.587  2.5  222.8  3.7  0.41  25.6  25.4
251120250233  0.583  2.3  219.1  3.5  0.29  35.4  25.4
251120250234  0.578  2.1  217.8  3.3  0.51  25.9  25.4
251120250235  0.574  2.0  215.7  3.3  0.45  40.3  25.4
251120250236  0.569  1.9  217.5  3.3  0.49  32.3  25.4
251120250237  0.567  1.7  219.0  3.0  0.52  34.4  25.4
251120250238  0.564  1.7  220.7  3.5  0.50  35.6  25.4
251120250239  0.561  1.8  222.0  3.5  0.58  30.2  25.4
251120250240  0.560  2.0  227.3  3.7  0.42  45.3  25.4
251120250241  0.557  2.1  227.6  3.7  nan  nan  nan
251120250242  0.555  2.2  228.5  3.7  0.40  38.8  25.4
251120250243  0.554  2.5  227.6  4.2  0.42  38.2  25.4
251120250244  0.552  2.7  223.3  4.6  0.46  33.5  25.4
251120250245  0.551  2.9  220.3  4.6  0.40  49.3  25.4
251120250246  0.551  3.1  216.1  4.6  0.34  58.7  25.4
251120250247  0.550  3.3  212.8  4.6  0.46  40.7  25.4
251120250248  0.547  3.4  210.3  4.6  0.44  46.0  25.4
251120250249  0.546  3.4  207.5  4.6  0.44  45.0  25.4
251120250250  0.545  3.5  205.3  4.6  0.46  49.8  25.5
251120250251  0.543  3.5  203.8  4.6  0.36  50.8  25.5
251120250252  0.539  3.5  203.0  4.6  0.38  42.6  25.5
251120250253  0.537  3.4  203.3  4.6  0.45  39.9  25.5
251120250254  0.534  3.2  204.0  4.4  0.41  35.0  25.5
251120250255  0.531  3.1  204.3  4.4  0.43  37.0  25.5
251120250256  0.532  2.9  205.3  4.4  0.34  54.3  25.5
251120250257  0.530  2.7  205.2  4.0  0.42  46.7  25.5
251120250258  0.530  2.5  204.6  3.7  0.36  58.5  25.5
251120250259  0.530  2.3  203.4  3.7  0.28  53.0  25.5
251120250300  0.528  2.1  202.1  3.6  0.31  61.3  25.5
251120250301  0.527  1.8  198.5  3.1  0.42  54.3  25.5
251120250302  0.526  1.6  196.2  2.8  0.38  46.9  25.5
251120250303  0.522  1.4  193.2  2.8  0.27  50.6  25.5
251120250304  0.519  1.3  192.5  2.7  0.36  46.3  25.5
251120250305  0.516  1.2  192.8  2.7  0.31  40.3  25.5
251120250306  0.514  1.1  191.7  1.8  0.34  30.3  25.5
251120250307  0.511  1.0  189.9  1.8  0.33  33.2  25.6
251120250308  0.511  0.9  185.8  1.5  0.21  63.1  25.6
251120250309  0.510  0.8  182.0  1.4  0.39  23.1  25.6
251120250310  0.511  0.8  177.3  1.4  0.23  34.8  25.6
251120250311  0.511  0.8  175.3  1.4  0.50  7.3  25.6
251120250312  0.511  0.8  170.4  1.5  0.18  44.2  25.6
251120250313  0.511  0.9  170.2  1.5  0.21  31.1  25.6
251120250314  0.512  0.9  166.0  1.5  0.22  16.6  25.6
251120250315  0.515  0.9  162.4  1.5  0.17  31.9  25.6
251120250316  0.518  0.9  163.2  1.5  0.17  13.9  25.6
251120250317  0.522  0.9  162.0  1.5  0.23  11.0  25.6
251120250318  0.525  0.9  162.7  1.5  0.14  26.2  25.6
251120250319  0.528  0.8  164.7  1.5  0.27  4.1  25.6
251120250320  0.531  0.6  167.6  1.5  0.29  8.1  25.6
251120250321  0.536  0.4  169.4  1.8  0.27  356.1  25.6
251120250322  0.538  0.2  201.7  1.8  0.18  18.0  25.6
251120250323  0.541  0.2  285.8  1.9  0.13  305.1  25.6
251120250324  0.544  0.4  303.8  1.9  0.20  344.2  25.6
251120250325  0.547  0.5  306.3  1.9  0.26  352.0  25.6
251120250326  0.550  0.7  305.9  1.9  0.13  346.0  25.6
251120250327  0.550  0.8  300.8  1.9  0.15  345.1  25.6
251120250328  0.552  0.9  295.4  1.9  0.26  356.6  25.6
251120250329  0.554  1.0  289.9  1.9  0.21  357.0  25.6
251120250330  0.557  1.1  283.2  1.9  0.10  339.6  25.6
251120250331  0.558  1.1  270.6  1.9  0.07  343.4  25.6
251120250332  0.559  1.1  259.3  1.9  0.15  359.3  25.6
251120250333  0.558  1.0  244.9  1.9  0.13  356.4  25.6
251120250334  0.558  1.0  231.5  1.9  0.07  16.2  25.6
251120250335  0.555  1.1  223.4  1.9  0.12  17.4  25.6
251120250336  0.553  1.0  212.8  1.8  0.13  13.5  25.6
251120250337  0.550  1.1  206.5  1.8  0.07  351.6  25.6
251120250338  0.547  1.1  202.6  1.8  0.16  354.0  25.6
251120250339  0.547  1.1  199.7  1.8  0.22  16.2  25.6
251120250340  0.545  1.2  200.3  2.2  0.14  17.9  25.6
251120250341  0.543  1.1  205.4  2.2  0.22  16.2  25.6
251120250342  0.541  1.1  214.0  2.2  0.20  18.7  25.6
251120250343  0.536  1.1  222.5  2.2  0.16  18.4  25.7
251120250344  0.534  1.2  228.8  3.1  0.28  7.6  25.7
251120250345  0.532  1.4  231.7  3.4  0.19  6.5  25.7
251120250346  0.531  1.7  235.4  3.9  0.13  19.2  25.7
251120250347  0.528  1.9  236.8  3.9  0.19  22.6  25.7
251120250348  0.527  2.2  237.3  4.0  0.27  9.2  25.7
251120250349  0.526  2.4  238.5  4.2  0.27  15.3  25.7
251120250350  0.523  2.7  238.9  5.1  0.19  29.2  25.7
251120250351  0.521  3.0  236.6  5.1  0.13  35.4  25.7
251120250352  0.519  3.3  233.2  5.1  nan  nan  nan
251120250353  0.518  3.6  228.8  5.3  0.19  35.0  25.7
251120250354  0.516  3.8  225.6  5.4  0.18  2.0  25.7
251120250355  0.514  3.9  222.1  5.4  0.26  28.0  25.7
251120250356  0.512  3.9  219.0  5.4  0.26  29.9  25.7
251120250357  0.510  4.0  215.3  5.4  0.31  12.8  25.7
251120250358  0.508  4.0  211.5  5.4  0.24  21.9  25.7
251120250359  0.508  4.1  207.2  5.4  0.21  41.5  25.7
251120250400  0.506  4.0  201.9  5.4  0.25  23.7  25.7
251120250401  0.506  4.0  198.4  5.4  0.38  15.0  25.7
251120250402  0.506  4.0  196.5  5.4  0.26  49.7  25.7
251120250403  0.503  3.9  196.3  5.4  0.27  17.8  25.7
251120250404  0.501  3.9  196.7  4.9  0.36  20.5  25.7
251120250405  0.499  3.8  198.1  4.9  0.30  36.2  25.8
251120250406  0.496  3.8  199.7  4.9  0.23  34.8  25.8
251120250407  0.492  3.8  200.8  4.9  0.33  15.5  25.8
251120250408  0.491  3.8  201.6  4.9  0.23  31.4  25.8
251120250409  0.488  3.8  202.8  4.5  0.40  17.1  25.8
251120250410  0.486  3.7  204.7  4.5  0.38  24.9  25.8
251120250411  0.485  3.7  205.9  4.5  0.34  22.3  25.8
251120250412  0.483  3.7  206.3  4.5  0.20  39.0  25.8
251120250413  0.482  3.7  206.6  4.4  0.22  32.5  25.8
251120250414  0.481  3.7  207.1  4.4  0.37  25.1  25.8
251120250415  0.480  3.7  207.5  4.5  0.22  48.1  25.8
251120250416  0.479  3.7  206.9  4.5  0.34  27.2  25.8
251120250417  0.479  3.7  207.7  4.6  0.31  24.2  25.8
251120250418  0.477  3.7  208.7  4.7  0.40  21.5  25.8
251120250419  0.473  3.8  209.0  4.7  0.35  34.9  25.8
251120250420  0.471  3.8  209.1  4.7  0.25  36.0  25.8
251120250421  0.470  3.9  209.0  4.7  0.31  20.1  25.8
251120250422  0.469  4.0  209.0  4.7  0.28  23.8  25.8
251120250423  0.467  3.9  209.2  4.7  0.35  21.9  25.9
251120250424  0.467  3.9  208.7  4.7  0.30  31.8  25.9
251120250425  0.467  3.8  207.7  4.7  0.33  17.7  25.9
251120250426  0.464  3.7  207.5  4.7  0.42  24.0  25.9
251120250427  0.463  3.5  206.7  4.7  0.35  19.9  25.9
251120250428  0.464  3.4  205.8  4.7  0.32  8.6  25.9
251120250429  0.463  3.2  204.6  4.4  0.21  17.8  25.9
251120250430  0.463  3.1  204.3  4.4  0.21  14.3  25.9
251120250431  0.464  2.9  203.3  4.3  0.26  4.9  25.9
251120250432  0.465  2.8  202.2  4.2  0.20  23.1  25.9
251120250433  0.466  2.6  201.6  3.8  0.21  22.6  25.9
251120250434  0.467  2.5  200.7  3.4  0.28  14.0  25.9
251120250435  0.469  2.5  200.9  3.2  0.28  18.9  25.9
251120250436  0.471  2.5  200.6  3.2  0.32  31.6  25.9
251120250437  0.471  2.5  200.1  3.4  0.26  14.7  25.9
251120250438  0.474  2.4  200.1  3.4  0.29  26.5  25.9
251120250439  0.475  2.4  200.6  3.4  0.24  16.1  25.9
251120250440  0.476  2.3  199.5  3.4  0.15  48.3  25.9
251120250441  0.478  2.3  198.2  3.4  0.24  21.8  25.9
251120250442  0.480  2.3  197.2  3.4  0.24  16.1  25.9
251120250443  0.482  2.3  196.0  3.4  0.16  7.9  25.9
251120250444  0.485  2.4  196.7  3.4  0.40  6.6  25.9
251120250445  0.489  2.4  196.4  3.4  0.12  19.6  25.9
251120250446  0.493  2.4  196.5  3.7  0.18  7.6  25.9
251120250447  0.495  2.5  197.1  3.7  0.16  354.6  25.9
251120250448  0.499  2.6  196.1  4.0  0.06  3.1  25.9
251120250449  0.501  2.7  195.5  4.0  0.23  6.1  25.9
251120250450  0.505  2.8  195.6  4.0  0.10  4.5  25.9
251120250451  0.510  2.9  195.8  4.0  0.05  280.0  25.9
251120250452  0.514  2.9  195.5  4.0  0.18  6.9  25.9
251120250453  0.519  2.9  195.0  4.0  0.14  2.9  25.9
251120250454  0.523  2.9  194.4  4.0  0.20  5.6  25.9
251120250455  0.529  2.9  195.6  4.0  0.18  3.9  25.9
251120250456  0.534  2.9  196.9  4.0  0.16  334.0  25.9
251120250457  0.538  2.9  198.5  4.1  0.06  323.6  25.9
251120250458  0.543  2.9  202.3  4.1  nan  nan  nan
251120250459  0.547  2.9  205.0  4.1  0.10  22.4  25.9
251120250500  0.551  2.9  207.1  4.1  0.03  267.0  25.9
251120250501  0.556  2.9  210.0  4.1  0.07  327.2  25.9
251120250502  0.559  2.9  213.2  4.1  0.03  206.4  25.9
251120250503  0.562  2.8  214.5  4.1  0.07  18.4  25.9
251120250504  0.568  2.7  212.9  4.1  0.10  0.9  25.9
251120250505  0.573  2.6  209.1  4.1  0.07  273.8  26.0
251120250506  0.579  2.4  205.4  4.1  0.09  219.4  26.0
251120250507  0.584  2.1  200.6  4.0  0.05  291.8  26.0
251120250508  0.589  1.8  193.6  3.8  0.09  305.5  26.0
251120250509  0.594  1.5  186.9  3.8  0.11  278.0  26.0
251120250510  0.598  1.2  181.4  3.7  0.21  240.6  26.0
251120250511  0.601  0.9  178.0  3.7  0.15  236.0  26.0
251120250512  0.605  0.5  179.3  3.3  0.25  230.0  26.0
251120250513  0.608  0.3  196.3  3.3  0.22  252.8  25.9
251120250514  0.611  0.3  272.6  3.3  0.26  229.2  25.9
251120250515  0.614  0.6  300.5  2.6  0.20  251.2  25.9
251120250516  0.614  0.8  310.2  2.6  0.17  238.6  25.9
251120250517  0.614  0.9  309.1  2.6  0.19  269.3  25.9
251120250518  0.613  1.0  309.1  2.6  nan  nan  nan
251120250519  0.614  1.1  309.9  2.6  0.18  243.6  25.9
251120250520  0.614  1.1  306.0  2.6  0.25  230.6  25.9
251120250521  0.614  1.0  302.5  2.6  0.26  212.1  25.9
251120250522  0.614  0.7  295.0  2.2  nan  nan  nan
251120250523  0.612  0.5  289.7  2.2  0.14  226.6  25.8
251120250524  0.611  0.4  296.2  2.2  0.12  214.9  25.8
251120250525  0.610  0.4  318.6  2.5  0.11  217.0  25.8
251120250526  0.608  0.6  315.8  2.7  0.11  179.9  25.8
251120250527  0.607  0.9  314.7  3.6  0.06  79.2  25.8
251120250528  0.604  1.2  310.7  3.8  0.08  121.3  25.8
251120250529  0.603  1.4  306.8  3.8  0.21  173.1  25.8
251120250530  0.602  1.7  304.7  3.8  0.08  71.1  25.8
251120250531  0.602  1.9  303.1  3.8  0.07  124.3  25.8
251120250532  0.600  2.2  304.4  3.8  0.09  182.4  25.7
251120250533  0.598  2.5  303.9  3.8  0.04  102.7  25.7
251120250534  0.596  2.6  302.4  3.8  0.05  108.7  25.7
251120250535  0.594  2.6  300.6  3.8  0.05  165.4  25.7
251120250536  0.593  2.6  300.3  3.8  0.05  111.8  25.7
251120250537  0.592  2.5  300.5  3.8  0.07  125.9  25.7
251120250538  0.591  2.3  301.9  3.8  0.05  146.5  25.7
251120250539  0.591  2.1  304.4  3.8  0.06  61.1  25.7
251120250540  0.592  1.9  307.4  3.1  0.06  123.4  25.6
251120250541  0.593  1.8  312.3  3.0  0.06  31.2  25.6
251120250542  0.597  1.6  315.6  3.0  0.06  162.6  25.6
251120250543  0.599  1.5  318.1  2.5  0.05  76.3  25.6
251120250544  0.601  1.5  317.9  2.5  nan  nan  nan
251120250545  0.604  1.3  315.4  2.3  0.06  172.1  25.6
251120250546  0.606  1.3  313.2  2.0  0.05  356.0  25.6
251120250547  0.606  1.3  310.5  2.1  nan  nan  nan
251120250548  0.608  1.3  309.5  2.1  0.06  12.0  25.6
251120250549  0.611  1.3  309.1  2.1  0.06  169.7  25.6
251120250550  0.614  1.3  308.9  2.1  0.03  132.5  25.6
251120250551  0.619  1.3  307.2  2.1  0.09  208.4  25.6
251120250552  0.621  1.3  308.6  2.1  nan  nan  nan
251120250553  0.624  1.3  309.6  2.1  0.03  294.0  25.6
251120250554  0.628  1.4  309.1  2.3  0.02  289.5  25.6
251120250555  0.631  1.4  312.7  2.3  0.08  187.3  25.6
251120250556  0.635  1.4  312.4  2.3  0.11  235.0  25.6
251120250557  0.639  1.3  310.4  2.3  0.13  223.5  25.6
251120250558  0.643  1.1  305.3  2.3  0.10  258.4  25.6
251120250559  0.644  1.0  297.2  2.3  nan  nan  nan
251120250600  0.648  0.9  288.6  2.3  0.13  235.0  25.6
251120250601  0.650  0.8  283.9  2.3  0.10  257.4  25.6
251120250602  0.652  0.8  273.9  2.3  0.27  197.4  25.6
251120250603  0.657  0.7  259.1  2.3  0.13  226.7  25.6
251120250604  0.661  0.7  240.5  1.8  0.27  213.4  25.6
251120250605  0.666  0.8  225.6  1.8  0.13  222.5  25.6
251120250606  0.670  0.8  215.1  1.5  0.15  229.1  25.6
251120250607  0.674  0.8  211.3  1.5  0.23  196.7  25.6
251120250608  0.677  0.7  213.2  1.5  0.25  208.9  25.6
251120250609  0.682  0.8  213.9  1.5  0.19  209.9  25.6
251120250610  0.686  0.8  213.3  1.5  0.25  211.8  25.6
251120250611  0.689  0.8  211.8  1.5  0.14  213.1  25.6
251120250612  0.694  0.8  219.0  1.5  0.21  228.2  25.6
251120250613  0.697  0.8  234.1  2.2  0.15  209.8  25.6
251120250614  0.701  0.9  252.3  2.7  0.23  208.1  25.5
251120250615  0.705  0.9  266.2  2.7  0.24  215.9  25.5
251120250616  0.711  1.0  275.1  2.7  0.23  208.1  25.5
251120250617  0.716  1.2  278.1  2.7  0.25  203.4  25.5
251120250618  0.721  1.3  282.9  2.7  0.26  223.2  25.5
251120250619  0.726  1.5  292.9  4.5  0.41  206.6  25.5
251120250620  0.733  1.9  301.0  4.5  0.33  199.8  25.5
251120250621  0.739  2.2  304.8  4.5  0.26  190.0  25.5
251120250622  0.746  2.4  307.0  4.5  0.28  191.2  25.5
251120250623  0.753  2.6  308.3  4.5  0.44  190.0  25.4
251120250624  0.762  2.7  311.1  4.5  0.31  191.8  25.4
251120250625  0.769  2.8  311.6  4.5  nan  nan  nan
251120250626  0.777  2.8  314.3  4.5  0.27  200.5  25.4
251120250627  0.784  2.8  320.4  4.5  0.48  193.3  25.4
251120250628  0.791  2.9  323.8  4.5  0.43  201.0  25.4
251120250629  0.797  2.9  326.4  4.3  0.30  199.4  25.4
251120250630  0.803  2.8  331.1  4.2  0.41  193.8  25.3
251120250631  0.809  2.7  334.4  4.2  0.30  186.7  25.3
251120250632  0.815  2.6  338.1  3.8  0.34  191.9  25.3
251120250633  0.818  2.6  344.6  3.8  0.25  183.3  25.3
251120250634  0.822  2.6  348.6  3.5  0.36  186.9  25.3
251120250635  0.826  2.5  351.5  3.5  nan  nan  nan
251120250636  0.829  2.6  354.7  3.5  nan  nan  nan
251120250637  0.832  2.6  355.6  3.8  0.37  188.5  25.3
251120250638  0.836  2.6  358.5  3.8  0.26  189.6  25.3
251120250639  0.839  2.6  1.5  3.8  nan  nan  nan
251120250640  0.842  2.6  2.0  3.8  nan  nan  nan
251120250641  0.843  2.7  3.5  4.0  0.21  198.6  25.3
251120250642  0.844  2.8  3.0  4.0  0.28  189.6  25.3
251120250643  0.846  2.8  3.3  4.0  0.23  200.3  25.3
251120250644  0.847  2.9  3.6  4.0  0.34  189.7  25.3
251120250645  0.849  3.0  5.0  4.0  0.34  191.9  25.3
251120250646  0.850  3.0  5.3  4.0  0.32  192.8  25.3
251120250647  0.851  3.0  5.4  4.0  0.37  200.6  25.3
251120250648  0.853  3.0  5.9  4.0  0.32  205.4  25.3
251120250649  0.855  3.0  5.0  4.0  0.41  191.4  25.3
251120250650  0.857  3.0  4.5  4.0  0.32  206.5  25.3
251120250651  0.861  3.0  4.4  3.8  0.26  212.4  25.3
251120250652  0.864  2.9  5.9  3.8  0.39  204.7  25.3
251120250653  0.867  2.9  5.1  3.8  0.30  196.7  25.3
251120250654  0.871  2.9  5.1  3.8  0.36  196.2  25.3
251120250655  0.876  3.0  4.5  4.4  0.37  188.8  25.3
251120250656  0.881  3.1  3.1  4.4  0.30  191.5  25.3
251120250657  0.888  3.2  2.3  4.4  0.30  188.5  25.3
251120250658  0.894  3.3  2.1  4.4  0.30  183.6  25.3
251120250659  0.901  3.4  1.1  4.4  0.45  187.0  25.3
251120250700  0.907  3.4  359.9  4.4  0.36  192.2  25.3
251120250701  0.913  3.5  0.9  4.4  0.39  185.2  25.3
251120250702  0.918  3.6  1.3  4.4  nan  nan  nan
251120250703  0.921  3.6  1.8  4.4  0.35  185.9  25.3
251120250704  0.926  3.6  2.7  4.4  0.38  192.7  25.3
251120250705  0.928  3.5  4.5  4.2  0.41  188.9  25.3
251120250706  0.930  3.5  6.2  4.3  0.34  190.0  25.3
251120250707  0.933  3.6  6.7  4.6  0.44  190.5  25.2
251120250708  0.937  3.5  5.8  4.6  0.29  189.2  25.2
251120250709  0.941  3.6  7.4  4.6  0.38  186.2  25.2
251120250710  0.944  3.6  8.3  4.6  0.40  190.0  25.2
251120250711  0.946  3.7  7.6  4.6  0.34  188.0  25.2
251120250712  0.948  3.7  7.0  4.9  0.38  192.3  25.2
251120250713  0.950  4.0  6.7  6.3  0.26  183.0  25.2
251120250714  0.950  4.2  6.4  6.3  0.33  192.0  25.2
251120250715  0.952  4.5  5.3  6.7  0.31  201.5  25.2
251120250716  0.956  4.8  4.0  7.4  0.35  198.1  25.2
251120250717  0.958  5.0  4.0  7.4  0.34  190.6  25.2
251120250718  0.960  5.3  4.3  7.4  0.34  190.3  25.2
251120250719  0.963  5.6  4.4  7.4  0.30  203.9  25.2
251120250720  0.966  5.8  4.6  7.4  0.24  215.1  25.2
251120250721  0.968  6.1  5.1  7.4  0.31  220.0  25.2
251120250722  0.970  6.3  4.8  7.9  0.39  217.9  25.2
251120250723  0.972  6.5  4.8  7.9  0.26  227.1  25.1
251120250724  0.973  6.7  4.4  7.9  0.33  222.8  25.1
251120250725  0.977  6.8  4.6  8.0  0.25  228.2  25.1
251120250726  0.979  6.9  4.9  8.5  0.39  213.1  25.1
251120250727  0.983  7.0  5.1  8.5  0.32  225.3  25.1
251120250728  0.988  7.1  5.5  8.5  0.30  233.1  25.1
251120250729  0.994  7.2  5.0  8.5  0.35  227.8  25.1
251120250730  1.000  7.2  4.6  8.5  0.21  245.7  25.1
251120250731  1.005  7.3  4.7  8.5  0.27  218.4  25.1
251120250732  1.009  7.4  5.0  9.0  0.30  219.1  25.1
251120250733  1.014  7.5  4.4  9.2  0.33  205.3  25.1
251120250734  1.019  7.5  4.7  9.2  0.16  216.6  25.1
251120250735  1.024  7.5  4.9  9.2  0.30  201.4  25.1
251120250736  1.028  7.4  4.6  9.2  0.34  205.9  25.1
251120250737  1.035  7.5  3.4  9.2  0.38  194.4  25.1
251120250738  1.039  7.5  2.7  9.2  0.40  198.1  25.1
251120250739  1.044  7.5  2.6  9.2  0.32  206.1  25.1
251120250740  1.049  7.6  2.0  9.2  0.33  199.6  25.1
251120250741  1.055  7.6  0.2  9.2  0.27  209.2  25.1
251120250742  1.060  7.5  359.3  9.2  0.39  202.9  25.1
251120250743  1.064  7.5  359.4  8.7  0.32  211.2  25.1
251120250744  1.069  7.4  359.6  8.7  0.36  214.6  25.1
251120250745  1.075  7.5  359.5  8.7  0.33  217.9  25.1
251120250746  1.080  7.5  0.5  8.7  0.42  200.6  25.1
251120250747  1.087  7.4  1.7  8.7  0.33  192.7  25.1
251120250748  1.094  7.3  3.3  8.7  0.27  199.3  25.1
251120250749  1.100  7.2  4.5  8.7  0.40  191.4  25.1
251120250750  1.108  7.3  6.1  8.7  0.31  194.0  25.1
251120250751  1.114  7.2  8.0  8.7  0.48  196.6  25.1
251120250752  1.121  7.1  9.2  8.6  0.41  196.8  25.1
251120250753  1.128  7.2  10.0  9.3  0.35  192.3  25.1
251120250754  nan  7.3  10.0  9.3  0.21  222.1  25.1
251120250755  1.141  7.4  9.8  9.9  0.40  209.2  25.1
251120250756  1.147  7.4  9.4  9.9  0.33  206.6  25.1
251120250757  1.153  7.6  9.0  9.9  0.37  191.8  25.1
251120250758  1.157  7.7  8.4  9.9  0.39  190.8  25.1
251120250759  1.161  7.7  8.0  9.9  0.21  218.3  25.1
251120250800  1.165  7.6  7.9  9.9  0.37  195.4  25.1
251120250801  1.170  7.7  7.3  9.9  0.28  203.4  25.1
251120250802  1.175  7.8  7.6  9.9  0.33  193.4  25.1
251120250803  1.179  7.7  8.0  9.9  0.37  202.1  25.1
251120250804  1.182  7.7  7.5  9.9  0.26  215.0  25.1
251120250805  1.185  7.7  7.9  9.6  0.34  200.3  25.1
251120250806  1.187  7.7  8.1  10.2  0.37  190.0  25.1
251120250807  1.189  7.8  8.4  10.2  0.39  184.3  25.1
251120250808  1.194  8.0  8.4  10.2  0.48  184.4  25.2
251120250809  1.197  8.0  7.9  10.2  0.48  193.3  25.2
251120250810  1.201  8.4  7.4  10.2  0.38  189.4  25.2
251120250811  1.203  8.5  7.4  10.2  0.39  198.8  25.2
251120250812  1.206  8.6  7.1  10.2  0.41  200.0  25.2
251120250813  1.210  8.8  6.8  10.2  0.30  202.3  25.2
251120250814  1.212  8.9  6.8  10.3  0.30  203.9  25.2
251120250815  1.214  8.9  6.5  10.3  0.36  205.2  25.2
251120250816  1.217  8.8  6.0  10.3  0.34  198.5  25.2
251120250817  1.218  8.8  5.3  10.3  0.40  201.3  25.2
251120250818  1.221  8.8  4.8  10.3  0.38  192.3  25.2
251120250819  1.224  8.7  4.5  10.3  0.21  196.4  25.2
251120250820  1.227  8.5  4.6  10.3  0.24  194.6  25.2
251120250821  1.233  8.4  4.7  10.3  0.23  195.4  25.2
251120250822  1.236  8.5  4.3  10.3  0.16  170.9  25.2
251120250823  1.239  8.6  4.0  10.6  0.41  188.9  25.2
251120250824  1.242  8.5  4.4  10.6  0.25  181.4  25.2
251120250825  1.247  8.5  4.4  10.6  0.33  172.2  25.2
251120250826  1.250  8.5  4.6  10.6  0.41  187.3  25.2
251120250827  1.253  8.5  5.5  10.6  0.33  175.1  25.2
251120250828  1.258  8.4  5.9  10.6  0.31  164.2  25.2
251120250829  1.261  8.4  5.6  10.6  0.48  176.0  25.1
251120250830  1.265  8.5  5.7  10.6  0.31  167.9  25.1
251120250831  1.269  8.6  5.2  10.6  0.31  174.8  25.1
251120250832  1.272  8.5  3.9  10.6  0.51  173.7  25.1
251120250833  1.275  8.2  2.1  10.4  0.31  174.2  25.1
251120250834  1.278  7.9  0.9  10.4  0.36  174.9  25.1
251120250835  1.283  7.7  359.8  10.4  0.26  177.4  25.1
251120250836  1.289  7.3  357.6  10.4  0.31  190.7  25.1
251120250837  1.294  7.0  354.6  10.4  0.38  173.7  25.1
251120250838  1.299  6.7  351.6  10.4  0.34  184.7  25.1
251120250839  1.303  6.5  349.4  10.4  0.33  191.3  25.1
251120250840  1.308  6.0  346.2  10.2  0.30  190.4  25.1
251120250841  1.314  5.6  342.3  9.7  0.33  193.1  25.1
251120250842  1.319  5.6  341.7  9.6  0.28  184.0  25.1
251120250843  1.326  5.7  341.2  11.0  0.33  189.0  25.2
251120250844  1.331  5.9  340.4  11.0  0.37  183.3  25.2
251120250845  1.336  6.1  339.8  11.0  0.26  193.0  25.2
251120250846  1.339  6.4  341.5  11.0  0.37  187.6  25.2
251120250847  1.342  6.5  343.1  11.0  0.28  190.4  25.2
251120250848  1.344  6.7  344.9  11.0  0.36  195.6  25.1
251120250849  1.346  7.0  346.5  11.0  0.38  190.3  25.1
251120250850  1.350  7.3  348.1  11.0  0.29  196.9  25.1
251120250851  1.353  7.5  349.8  11.0  0.39  176.7  25.0
251120250852  1.355  7.4  349.5  11.0  0.36  184.4  25.0
251120250853  1.357  7.1  349.8  8.9  0.33  181.6  25.0
251120250854  1.358  7.0  350.1  8.9  0.36  188.2  25.0
251120250855  1.360  7.0  350.0  9.7  0.26  179.1  25.0
251120250856  1.361  6.8  348.8  9.7  0.31  175.2  25.0
251120250857  1.362  6.7  348.4  9.7  0.27  176.5  25.0
251120250858  1.363  6.9  347.0  9.7  0.25  178.8  25.0
251120250859  1.363  7.0  347.0  12.5  0.25  185.6  25.0
251120250900  1.365  7.2  346.1  12.5  0.37  180.6  25.0
251120250901  1.365  7.4  346.2  12.5  0.36  189.4  25.0
251120250902  1.368  7.6  347.3  12.5  0.37  191.5  25.0
251120250903  1.369  7.7  347.1  12.5  0.41  184.3  25.0
251120250904  1.368  7.8  347.0  12.5  0.24  194.7  25.0
251120250905  1.371  7.7  345.9  12.5  0.42  191.6  25.0
251120250906  1.374  7.9  344.5  12.5  0.32  186.8  25.0
251120250907  1.377  7.9  343.0  12.5  0.39  184.9  25.0
251120250908  1.380  7.4  342.0  12.5  0.37  176.9  25.0
251120250909  1.383  6.9  339.4  11.0  0.28  196.8  25.0
251120250910  1.387  6.4  337.5  10.3  0.35  194.5  25.0
251120250911  1.392  5.7  331.7  9.7  0.28  211.9  25.0
251120250912  1.397  5.2  328.7  9.4  0.24  184.9  25.0
251120250913  1.402  4.8  330.6  9.4  0.15  197.3  25.0
251120250914  1.406  4.6  331.7  9.4  0.18  182.5  25.0
251120250915  1.412  4.6  337.3  9.4  0.20  184.5  25.0
251120250916  1.417  4.6  343.8  9.7  0.39  181.4  25.0
251120250917  1.424  4.7  348.4  9.7  0.31  188.2  25.0
251120250918  1.430  5.1  351.7  9.7  0.31  190.0  25.0
251120250919  1.435  5.4  356.2  9.7  0.25  189.6  25.0
251120250920  1.441  5.8  359.4  9.7  0.37  192.4  25.0
251120250921  1.449  6.6  4.8  9.7  0.35  195.8  25.0
251120250922  1.456  7.0  6.9  9.7  0.30  184.7  25.0
251120250923  1.464  7.2  7.5  9.7  0.34  185.7  25.0
251120250924  1.471  7.2  7.9  9.7  0.31  193.9  25.0
251120250925  1.479  7.0  8.0  9.7  0.34  199.5  25.0
251120250926  1.486  6.7  9.1  8.8  0.48  184.2  25.0
251120250927  1.492  6.6  10.2  8.8  0.34  194.7  25.0
251120250928  1.498  6.6  12.1  8.8  0.33  201.7  25.0
251120250929  1.504  6.6  13.0  9.0  0.51  191.7  25.0
251120250930  1.511  6.7  12.0  9.6  0.46  188.6  25.0
251120250931  1.518  6.9  9.5  10.5  0.48  190.5  24.9
251120250932  1.523  7.0  7.3  10.5  0.31  187.2  24.9
251120250933  1.527  7.1  7.0  10.5  0.41  186.2  24.9
251120250934  1.531  7.3  7.4  10.5  0.40  183.3  24.9
251120250935  1.534  7.4  7.7  10.5  0.38  187.3  24.9
251120250936  1.537  7.3  8.7  10.5  0.31  194.4  24.9
251120250937  1.540  7.1  11.0  10.5  0.29  188.5  24.9
251120250938  1.543  6.8  12.4  10.5  0.35  180.1  24.9
251120250939  1.545  6.4  14.2  10.5  0.39  180.4  24.9
251120250940  1.547  6.1  18.8  10.5  nan  nan  nan
251120250941  1.548  5.9  24.4  9.7  0.22  190.0  24.9
251120250942  1.549  5.6  29.7  9.1  0.47  178.7  24.9
251120250943  1.551  5.6  33.8  9.1  0.42  185.2  24.9
251120250944  1.552  5.5  38.3  9.3  0.37  182.8  24.9
251120250945  1.554  5.6  42.7  9.3  0.34  186.0  24.8
251120250946  1.557  5.8  44.5  9.3  0.49  180.9  24.8
251120250947  1.560  6.1  44.7  10.0  0.39  189.4  24.8
251120250948  1.561  6.5  45.3  10.9  0.42  175.4  24.8
251120250949  1.563  6.7  46.7  10.9  0.40  184.4  24.8
251120250950  1.565  6.8  47.5  10.9  0.44  180.1  24.8
251120250951  1.566  6.9  48.4  10.9  0.34  179.9  24.7
251120250952  1.569  7.2  49.9  11.4  0.33  174.1  24.7
251120250953  1.569  7.3  50.5  11.4  0.39  178.9  24.7
251120250954  1.571  7.4  50.3  11.4  0.34  179.0  24.6
251120250955  1.573  7.5  49.0  11.4  0.42  173.7  24.6
251120250956  1.576  7.5  48.5  11.4  0.25  167.4  24.6
251120250957  1.579  7.4  47.6  11.4  0.39  178.0  24.5
251120250958  1.581  7.3  47.2  11.4  nan  nan  nan
251120250959  1.584  7.4  46.7  11.4  0.40  183.3  24.5
251120251000  1.587  7.6  46.7  11.4  0.40  177.9  24.5
251120251001  1.591  7.6  47.3  11.4  0.40  178.6  24.4
251120251002  1.594  7.5  46.8  10.9  0.42  176.1  24.4
251120251003  1.596  7.6  46.7  10.9  0.32  170.1  24.4
251120251004  1.599  7.6  47.0  10.4  0.32  177.6  24.3
251120251005  1.602  7.5  47.7  10.6  0.43  177.7  24.3
251120251006  1.604  7.5  47.4  10.6  0.33  169.6  24.3
251120251007  1.606  7.5  47.9  10.6  0.28  174.5  24.3
251120251008  1.608  7.6  48.5  11.2  0.32  176.1  24.3
251120251009  1.610  7.6  49.1  11.2  0.35  189.4  24.3
251120251010  1.611  7.4  48.8  11.2  0.40  179.4  24.3
251120251011  1.611  7.2  48.3  11.2  0.40  185.0  24.3
251120251012  1.611  7.2  48.2  11.2  0.34  172.2  24.4
251120251013  1.611  7.1  48.0  11.2  0.20  175.0  24.4
251120251014  1.611  7.2  48.1  11.2  0.29  175.5  24.4
251120251015  1.612  7.1  47.9  11.2  0.19  175.1  24.3
251120251016  1.612  7.3  48.6  11.2  0.32  183.0  24.4
251120251017  1.612  7.1  49.1  11.2  0.35  181.5  24.4
251120251018  1.611  7.0  48.4  11.2  0.34  164.2  24.4
251120251019  1.612  7.0  47.2  11.2  0.41  175.8  24.4
251120251020  1.612  7.4  48.0  11.7  0.40  173.1  24.4
251120251021  1.614  7.6  47.7  11.7  0.30  176.0  24.3
251120251022  1.614  7.7  46.8  12.3  nan  nan  nan
251120251023  1.614  7.8  46.2  12.3  0.20  181.5  24.2
251120251024  1.616  7.9  46.5  12.3  0.22  187.0  24.2
251120251025  1.617  8.0  47.0  12.3  0.16  179.2  24.2
251120251026  1.619  8.1  46.0  12.3  0.39  186.6  24.1
251120251027  1.620  8.3  46.1  12.3  0.33  183.5  24.1
251120251028  1.623  8.1  46.7  12.3  0.36  181.7  24.1
251120251029  1.624  8.1  46.9  12.3  0.21  189.0  24.1
251120251030  1.626  7.9  46.1  12.3  0.36  193.1  24.1
251120251031  1.628  7.9  45.9  12.3  0.24  197.6  24.0
251120251032  1.629  7.9  46.7  12.5  0.32  189.3  24.0
251120251033  1.630  7.8  47.2  12.5  0.28  184.0  24.0
251120251034  1.632  7.7  46.9  12.5  0.30  184.0  24.0
251120251035  1.632  7.7  46.8  12.5  0.22  197.5  24.0
251120251036  1.634  7.6  47.4  12.5  0.42  193.7  24.0
251120251037  1.636  7.7  46.7  12.5  0.18  221.4  24.1
251120251038  1.636  7.9  46.3  12.5  nan  nan  nan
251120251039  1.636  7.9  46.2  12.5  0.14  215.5  24.1
251120251040  1.636  7.8  46.4  12.5  0.21  193.1  24.1
251120251041  1.636  7.8  46.0  12.5  0.32  189.3  24.1
251120251042  1.637  7.8  45.1  11.6  nan  nan  nan
251120251043  1.639  7.9  43.7  11.6  0.40  186.6  24.0
251120251044  1.641  8.0  42.6  11.6  0.27  185.9  24.0
251120251045  1.642  7.9  41.6  11.6  nan  nan  nan
251120251046  1.644  8.1  41.0  11.6  0.35  197.0  24.0
251120251047  1.646  8.1  40.5  11.2  nan  nan  nan
251120251048  1.650  8.3  39.7  12.8  0.26  185.3  24.0
251120251049  1.652  8.4  38.7  12.8  0.18  193.7  24.0
251120251050  1.656  8.6  37.1  12.8  0.28  178.8  24.0
251120251051  1.658  8.7  36.1  12.8  nan  nan  nan
251120251052  1.662  8.9  35.4  13.0  0.33  199.5  24.0
251120251053  1.667  8.8  35.9  13.0  0.23  197.8  24.0
251120251054  1.671  8.9  35.8  13.0  0.41  187.3  24.0
251120251055  1.675  9.1  36.2  13.0  0.41  189.5  24.0
251120251056  1.679  9.1  37.6  13.0  0.31  201.8  24.0
251120251057  1.683  9.1  37.8  13.0  0.40  206.7  24.1
251120251058  1.686  8.9  39.2  13.0  0.30  224.1  24.1
251120251059  1.688  8.9  40.3  13.0  0.43  208.8  24.1
251120251100  1.692  8.7  41.0  13.0  nan  nan  nan
251120251101  1.695  8.7  41.6  13.0  0.37  223.4  24.1
251120251102  1.699  8.6  42.0  11.4  0.40  206.2  24.1
251120251103  1.702  8.6  41.6  11.4  nan  nan  nan
251120251104  1.705  8.3  42.6  11.1  0.37  218.2  24.1
251120251105  1.706  8.1  42.7  11.0  0.32  229.6  24.1
251120251106  1.707  8.1  41.8  11.0  0.34  221.5  24.1
251120251107  1.710  8.0  41.3  11.0  0.41  223.9  24.1
251120251108  1.710  8.0  40.2  11.0  0.53  209.2  24.1
251120251109  1.711  7.8  39.4  11.0  0.34  225.0  24.0
251120251110  1.710  8.0  39.7  11.0  0.40  225.5  24.0
251120251111  1.708  8.0  40.3  11.0  0.39  231.8  24.0
251120251112  1.707  7.9  40.8  11.0  nan  nan  nan
251120251113  1.706  7.9  41.8  10.7  0.45  219.1  23.9
251120251114  1.706  8.0  41.8  10.7  0.32  230.3  23.9
251120251115  1.703  8.1  41.9  10.7  0.34  224.3  23.9
251120251116  1.701  8.1  40.8  10.7  0.30  237.4  23.9
251120251117  1.699  8.0  41.4  10.7  0.33  223.1  23.9
251120251118  1.697  8.1  40.8  10.5  nan  nan  nan
251120251119  1.696  8.3  40.8  10.9  0.31  217.2  23.9
251120251120  1.695  8.2  40.0  10.9  nan  nan  nan
251120251121  1.692  8.3  40.0  11.8  0.31  229.5  23.9
251120251122  1.690  8.4  39.5  11.8  nan  nan  nan
251120251123  1.688  8.2  38.5  11.8  0.22  239.2  23.9
251120251124  1.686  8.3  37.7  11.8  nan  nan  nan
251120251125  1.683  8.3  37.9  11.8  0.31  233.0  23.9
251120251126  1.681  8.2  38.3  11.8  0.18  227.7  23.8
251120251127  1.678  8.2  39.0  11.8  0.14  251.6  23.8
251120251128  1.677  8.1  40.0  11.8  0.18  201.1  23.8
251120251129  1.674  8.0  41.2  11.8  0.28  193.2  23.8
251120251130  1.672  8.1  41.3  11.8  0.29  200.5  23.8
251120251131  1.671  7.9  40.6  10.9  0.20  190.0  23.8
251120251132  1.670  7.9  41.4  10.8  0.18  225.8  23.8
251120251133  1.670  8.0  41.6  10.8  0.22  202.8  23.8
251120251134  1.670  7.9  41.9  10.6  0.21  221.6  23.8
251120251135  1.669  7.9  41.3  10.6  0.14  225.3  23.8
251120251136  1.667  8.0  41.8  11.4  0.27  208.8  23.8
251120251137  1.667  8.1  41.3  11.4  0.25  209.3  23.8
251120251138  1.669  8.1  41.1  11.4  0.14  200.7  23.8
251120251139  1.669  8.0  40.2  11.4  0.17  197.4  23.7
251120251140  1.669  8.2  40.3  13.2  0.12  217.8  23.7
251120251141  1.670  8.3  40.3  13.2  0.17  214.6  23.7
251120251142  1.669  8.4  40.0  13.2  0.29  199.8  23.7
251120251143  1.670  8.5  40.2  13.2  0.16  226.0  23.7
251120251144  1.669  8.5  39.8  13.2  0.29  205.7  23.7
251120251145  1.669  8.8  38.8  13.2  0.16  184.6  23.7
251120251146  1.669  8.7  38.8  13.2  nan  nan  nan
251120251147  1.668  8.8  39.2  13.2  0.13  198.7  23.6
251120251148  1.666  8.8  38.2  13.2  0.12  221.9  23.6
251120251149  1.666  8.9  37.3  13.2  0.23  190.5  23.6
251120251150  1.664  8.6  36.9  13.0  0.28  186.4  23.6
251120251151  1.663  8.5  35.9  13.0  0.20  189.4  23.6
251120251152  1.660  8.6  34.5  13.0  0.12  220.5  23.6
251120251153  1.658  8.7  33.2  13.0  0.13  198.7  23.6
251120251154  1.656  8.6  32.4  13.0  0.15  214.5  23.6
251120251155  1.653  8.5  32.1  13.0  nan  nan  nan
251120251156  1.651  8.7  31.8  13.0  0.16  195.6  23.6
251120251157  1.647  8.7  30.4  12.9  0.23  187.1  23.5
251120251158  1.643  8.7  31.0  12.9  0.10  175.1  23.5
251120251159  1.639  8.6  31.2  12.9  0.15  189.3  23.5
251120251200  1.636  8.7  31.8  12.9  0.26  194.4  23.5
251120251201  1.633  8.7  32.6  12.9  0.12  215.7  23.5
251120251202  1.630  8.5  32.6  12.9  nan  nan  nan
251120251203  1.629  8.6  31.7  12.9  0.11  232.8  23.5
251120251204  1.624  8.8  31.0  12.9  0.16  221.9  23.5
251120251205  1.621  9.0  30.1  14.7  0.15  213.3  23.5
251120251206  1.616  9.1  28.2  14.7  nan  nan  nan
251120251207  1.614  9.1  26.9  14.7  0.16  220.6  23.5
251120251208  1.609  9.3  25.5  14.7  0.14  192.3  23.6
251120251209  1.606  9.5  25.4  14.7  0.08  241.5  23.5
251120251210  1.604  9.8  24.2  15.3  0.10  264.9  23.5
251120251211  1.600  10.2  22.6  15.3  0.08  227.7  23.5
251120251212  1.596  10.4  22.8  15.3  nan  nan  nan
251120251213  1.595  10.5  23.1  15.3  0.03  330.7  23.6
251120251214  1.593  10.6  23.1  15.3  0.12  178.5  23.6
251120251215  1.594  10.6  23.6  15.3  0.02  200.3  0.0
251120251216  1.592  10.7  24.3  15.3  0.22  180.8  23.6
251120251217  1.590  10.9  24.3  15.3  0.03  241.8  23.6
251120251218  1.586  11.1  23.8  15.3  0.19  202.0  23.6
251120251219  1.586  11.2  22.9  15.3  0.10  177.6  23.6
251120251220  1.585  11.4  23.3  15.2  0.08  195.9  23.6
251120251221  1.585  11.4  24.2  15.2  0.04  150.5  23.5
251120251222  1.583  11.3  23.6  15.2  0.16  144.0  23.5
251120251223  1.583  11.4  23.2  15.2  0.05  109.1  23.5
251120251224  1.582  11.3  23.8  15.2  0.03  276.4  23.5
251120251225  1.582  11.2  24.1  15.2  0.10  190.0  23.4
251120251226  1.583  11.0  23.6  15.2  0.07  155.9  23.4
251120251227  1.583  10.8  24.1  15.2  0.09  197.8  23.4
251120251228  1.583  10.6  25.4  15.2  0.08  164.0  23.4
251120251229  1.583  10.7  26.2  15.2  0.11  176.9  23.4
251120251230  1.582  10.6  25.4  14.8  0.09  178.0  23.4
251120251231  1.581  10.5  24.9  14.8  0.14  170.0  23.4
251120251232  1.580  10.8  23.8  17.4  0.09  104.8  23.4
251120251233  1.579  11.0  23.5  17.4  0.09  123.7  23.4
251120251234  1.579  10.9  22.6  17.4  0.07  135.9  23.4
251120251235  1.578  10.9  22.1  17.4  0.11  112.8  23.4
251120251236  1.577  11.0  21.9  17.4  0.12  112.7  23.4
251120251237  1.576  11.1  21.3  17.4  0.09  141.4  23.4
251120251238  1.574  11.3  20.3  17.4  0.07  107.7  23.4
251120251239  1.574  11.1  19.7  17.4  0.07  153.5  23.4
251120251240  1.572  10.9  19.4  17.4  0.08  106.6  23.4
251120251241  1.571  11.1  19.2  17.4  0.09  47.1  23.4
251120251242  1.569  10.8  20.1  14.7  0.15  119.1  23.4
251120251243  1.567  10.5  20.2  14.3  0.05  127.5  23.3
251120251244  1.567  10.7  19.7  16.6  0.11  117.5  23.3
251120251245  1.566  10.9  19.3  16.6  0.06  84.1  23.3
251120251246  1.564  11.1  18.9  16.6  0.09  129.9  23.3
251120251247  1.564  11.2  19.1  16.6  0.07  72.0  23.3
251120251248  1.561  11.3  18.7  16.6  0.03  126.6  23.3
251120251249  1.560  11.2  18.7  16.6  nan  nan  nan
251120251250  1.558  11.2  18.4  16.6  0.09  101.2  23.4
251120251251  1.558  11.6  17.4  17.1  0.04  126.6  23.4
251120251252  1.556  11.9  17.3  17.1  0.09  154.2  23.4
251120251253  1.554  12.2  16.8  17.1  0.06  73.4  23.4
251120251254  1.551  12.2  17.9  17.1  nan  nan  nan
251120251255  1.549  12.4  17.6  17.1  0.10  62.9  23.4
251120251256  1.547  12.2  18.6  17.1  0.09  55.8  23.4
251120251257  1.544  12.1  18.3  17.1  0.14  67.2  23.4
251120251258  1.541  12.0  18.8  17.1  0.08  60.9  23.4
251120251259  1.539  12.3  19.2  17.1  0.12  72.6  23.4
251120251300  1.535  12.3  19.4  17.1  0.23  59.5  23.4
251120251301  1.531  12.1  19.6  16.3  0.22  65.8  23.4
251120251302  1.528  11.9  19.9  16.3  0.17  60.9  23.4
251120251303  1.526  11.9  20.0  16.8  0.17  92.0  23.4
251120251304  1.524  11.9  18.8  16.8  0.21  68.8  23.3
251120251305  1.520  11.9  18.8  16.8  0.20  81.0  23.4
251120251306  1.516  12.0  17.7  16.8  0.22  42.2  23.4
251120251307  1.512  12.2  17.7  16.8  0.19  73.7  23.4
251120251308  1.509  12.4  17.2  16.8  0.15  50.4  23.4
251120251309  1.506  12.7  16.8  16.8  0.13  68.3  23.4
251120251310  1.502  13.1  16.5  19.7  0.26  30.8  23.4
251120251311  1.498  13.0  17.2  19.7  0.12  57.5  23.4
251120251312  1.493  13.2  16.7  19.7  0.29  44.5  23.4
251120251313  1.489  13.5  16.2  19.7  0.24  45.2  23.4
251120251314  1.483  13.6  16.0  19.7  0.22  58.6  23.4
251120251315  1.480  13.6  16.0  19.7  0.27  48.6  23.4
251120251316  1.475  13.7  16.7  19.7  0.31  57.5  23.4
251120251317  1.471  13.5  16.8  19.7  0.31  43.9  23.4
251120251318  1.465  13.2  17.0  19.7  0.33  54.0  23.4
251120251319  1.458  13.1  16.1  19.7  0.29  49.9  23.4
251120251320  1.453  13.0  16.0  19.1  0.29  52.6  23.4
251120251321  1.448  13.3  15.7  19.1  0.27  59.7  23.4
251120251322  1.442  13.6  15.3  19.1  0.24  47.9  23.4
251120251323  1.437  13.6  15.9  18.7  0.26  59.8  23.5
251120251324  1.432  13.5  16.7  18.7  0.34  38.9  23.5
251120251325  1.427  13.4  17.2  18.7  0.31  43.8  23.5
251120251326  1.422  13.4  16.3  18.7  0.37  47.3  23.6
251120251327  1.418  13.7  15.9  18.7  0.31  55.5  23.6
251120251328  1.412  14.2  15.6  18.7  0.40  38.7  23.6
251120251329  1.408  14.2  16.1  18.7  0.41  49.8  23.6
251120251330  1.405  14.2  16.2  18.7  0.49  47.2  23.6
251120251331  1.402  14.3  15.9  18.7  0.39  42.7  23.7
251120251332  1.396  14.2  16.1  18.7  0.37  56.9  23.7
251120251333  1.392  14.0  16.1  18.3  0.35  69.6  23.8
251120251334  1.389  14.0  15.7  18.3  0.49  50.8  23.8
251120251335  1.387  14.1  15.8  18.3  0.28  62.7  23.9
251120251336  1.383  14.1  15.9  19.1  0.34  53.8  23.9
251120251337  1.380  14.0  16.2  19.1  0.48  45.7  24.0
251120251338  1.377  13.9  15.9  19.1  0.55  44.5  24.0
251120251339  1.372  13.9  16.3  19.1  0.38  56.7  24.0
251120251340  1.369  13.6  16.5  19.1  0.41  52.1  23.9
251120251341  1.366  13.2  17.3  19.1  0.55  37.1  23.9
251120251342  1.362  13.2  17.5  19.1  0.31  65.1  23.9
251120251343  1.358  13.4  17.3  19.1  0.47  36.6  23.8
251120251344  1.354  13.6  17.8  19.1  0.37  59.7  23.8
251120251345  1.350  13.7  17.3  19.1  0.28  83.9  23.8
251120251346  1.345  13.7  17.2  17.9  0.35  69.0  23.8
251120251347  1.341  13.5  17.2  17.9  0.34  66.2  23.8
251120251348  1.337  13.5  18.4  17.9  0.40  59.3  23.8
251120251349  1.332  13.5  18.5  17.9  0.45  54.8  23.8
251120251350  1.328  13.8  17.7  17.9  0.34  71.2  23.9
251120251351  1.324  13.8  17.7  17.9  0.44  66.3  23.9
251120251352  1.319  13.8  18.0  17.9  0.42  50.1  23.9
251120251353  1.317  13.6  18.4  17.4  0.38  62.1  24.0
251120251354  1.315  13.5  18.7  17.4  0.30  63.6  24.0
251120251355  1.313  13.5  19.0  17.4  0.32  60.6  24.0
251120251356  1.310  13.6  19.8  18.8  0.32  77.4  24.0
251120251357  1.307  13.7  20.2  18.8  0.38  72.2  24.0
251120251358  1.305  13.6  19.8  18.8  0.32  60.9  24.0
251120251359  1.305  13.7  19.9  18.8  0.39  48.7  24.0
251120251400  1.303  13.7  21.3  18.8  0.35  41.6  24.0
251120251401  1.303  14.0  21.0  18.8  0.29  51.2  24.0
251120251402  1.302  14.1  21.6  18.8  0.45  43.8  24.0
251120251403  1.301  14.1  22.5  20.5  0.33  55.5  24.1
251120251404  1.299  14.2  21.7  20.5  0.33  61.0  24.1
251120251405  1.298  14.4  22.0  20.5  0.33  58.1  24.1
251120251406  1.296  14.5  21.6  20.5  0.47  45.9  24.1
251120251407  1.294  14.6  21.6  20.5  0.38  55.6  24.1
251120251408  1.291  14.7  21.5  20.5  0.38  62.3  24.1
251120251409  1.289  14.7  21.3  20.5  0.45  45.1  24.1
251120251410  1.286  14.9  21.4  20.5  0.35  37.7  24.2
251120251411  1.285  14.8  21.3  20.5  0.40  41.6  24.2
251120251412  1.282  14.7  20.5  20.5  0.51  41.3  24.2
251120251413  1.278  15.0  19.2  20.4  0.36  50.6  24.3
251120251414  1.274  15.0  19.2  20.4  0.37  43.6  24.3
251120251415  1.270  15.0  18.8  20.4  0.32  71.6  24.4
251120251416  1.267  14.7  18.8  20.4  0.19  68.6  24.4
251120251417  1.262  14.5  18.7  20.4  0.37  46.0  24.5
251120251418  1.260  14.7  18.8  20.4  0.34  93.1  24.5
251120251419  1.255  14.9  18.4  20.4  0.37  69.6  24.5
251120251420  1.251  14.6  17.7  20.1  0.40  60.7  24.6
251120251421  1.245  14.8  17.4  20.1  0.40  59.1  24.6
251120251422  1.238  15.0  17.9  20.1  0.54  30.4  24.6
251120251423  1.232  14.8  19.0  19.6  0.38  58.9  24.6
251120251424  1.227  14.9  19.3  19.6  0.51  36.3  24.6
251120251425  1.222  14.9  19.5  19.6  0.40  68.2  24.6
251120251426  1.217  15.1  19.4  19.6  0.43  40.7  24.7
251120251427  1.213  15.2  19.4  19.6  0.45  55.0  24.7
251120251428  1.207  14.9  19.3  19.6  0.48  46.3  24.7
251120251429  1.201  15.0  19.8  19.3  0.52  47.4  24.7
251120251430  1.196  14.9  20.0  19.3  0.45  71.9  24.7
251120251431  1.192  14.6  20.2  19.3  0.44  42.5  24.7
251120251432  1.186  14.5  20.0  19.2  0.48  47.0  24.7
251120251433  1.181  14.6  19.6  19.2  0.43  59.8  24.7
251120251434  1.177  14.5  19.1  20.4  0.38  54.0  24.7
251120251435  1.172  14.4  18.6  20.4  0.40  49.9  24.7
251120251436  1.169  14.3  19.4  20.4  0.44  58.4  24.7
251120251437  1.164  14.3  19.4  20.4  0.46  77.7  24.7
251120251438  1.162  14.4  19.4  20.4  0.47  49.8  24.7
251120251439  1.158  14.2  20.0  20.4  0.44  41.0  24.7
251120251440  1.155  14.4  19.3  20.4  0.46  44.9  24.7
251120251441  1.152  14.5  19.9  20.4  0.41  35.2  24.7
251120251442  1.147  14.6  19.9  20.4  0.43  38.1  24.7
251120251443  1.144  14.4  19.9  20.4  0.46  44.2  24.7
251120251444  1.141  14.0  20.3  19.1  0.39  50.0  24.7
251120251445  1.138  14.1  20.3  19.1  0.51  45.1  24.7
251120251446  1.133  14.1  19.1  19.1  0.33  79.1  24.7
251120251447  1.131  14.1  19.0  19.1  0.58  34.9  24.7
251120251448  1.126  13.9  19.3  19.1  0.50  37.2  24.7
251120251449  1.121  13.7  18.1  19.1  0.50  36.3  24.8
251120251450  1.117  13.5  19.3  19.1  0.47  50.5  24.8
251120251451  1.113  13.2  19.2  19.1  0.52  51.5  24.8
251120251452  1.108  13.1  18.4  17.6  0.53  42.3  24.8
251120251453  1.103  12.8  18.4  17.6  0.46  61.6  24.9
251120251454  1.098  12.9  18.5  17.6  0.48  47.4  24.9
251120251455  1.093  12.6  19.1  17.6  0.47  48.2  24.9
251120251456  1.087  12.6  19.5  17.6  0.53  41.9  24.9
251120251457  1.082  12.5  20.0  17.6  0.44  52.2  24.9
251120251458  1.076  12.7  19.9  17.6  0.54  38.7  25.0
251120251459  1.071  12.6  20.3  17.6  0.55  40.1  25.0
251120251500  1.066  12.6  19.7  17.6  0.47  56.2  25.0
251120251501  1.060  12.7  18.8  16.7  0.44  48.4  25.0
251120251502  1.055  12.5  19.6  16.7  0.44  55.4  25.0
251120251503  1.052  12.5  19.6  16.7  nan  nan  nan
251120251504  1.047  12.5  19.1  16.7  0.48  87.6  25.0
251120251505  1.042  12.6  19.3  16.7  0.45  46.3  25.1
251120251506  1.038  12.7  19.2  17.1  0.43  40.3  25.1
251120251507  1.033  12.7  18.5  17.1  0.51  44.2  25.1
251120251508  1.028  12.6  18.4  17.1  0.47  84.1  25.1
251120251509  1.025  13.0  17.7  17.1  0.49  53.4  25.1
251120251510  1.019  13.1  17.4  17.1  0.50  39.1  25.1
251120251511  1.015  13.0  18.0  17.1  0.46  51.2  25.2
251120251512  1.011  13.3  17.7  17.1  0.54  39.8  25.2
251120251513  1.007  13.6  17.6  17.1  0.65  36.6  25.2
251120251514  1.003  13.7  18.1  17.3  0.56  38.0  25.2
251120251515  0.999  13.8  17.9  17.9  0.51  44.7  25.2
251120251516  0.994  13.7  18.2  17.9  0.40  62.2  25.2
251120251517  0.991  13.9  18.5  17.9  0.45  54.5  25.3
251120251518  0.986  14.2  18.8  17.9  0.58  36.9  25.3
251120251519  0.982  14.0  19.7  17.9  0.51  46.9  25.3
251120251520  0.978  14.1  20.2  17.9  0.40  70.7  25.3
251120251521  0.973  14.4  20.3  18.5  0.47  51.0  25.3
251120251522  0.969  14.5  20.4  18.5  0.51  45.6  25.3
251120251523  0.966  14.8  19.9  18.5  0.42  54.4  25.3
251120251524  0.963  14.8  20.5  18.5  0.45  31.6  25.3
251120251525  0.961  14.9  20.1  18.5  0.63  30.2  25.3
251120251526  0.956  15.1  20.1  18.5  0.38  92.9  25.3
251120251527  0.953  15.1  20.2  18.5  0.56  36.9  25.4
251120251528  0.950  15.0  20.4  18.5  0.54  46.3  25.4
251120251529  0.946  15.1  20.9  18.6  0.43  46.4  25.4
251120251530  0.944  15.2  21.3  18.6  0.50  46.6  25.4
251120251531  0.941  14.9  20.7  18.6  0.49  40.1  25.4
251120251532  0.937  14.6  21.4  18.6  0.44  48.7  25.4
251120251533  0.933  14.5  22.3  18.6  0.41  60.2  25.4
251120251534  nan  14.6  21.9  18.6  0.48  47.8  25.4
251120251535  0.924  14.5  22.5  18.6  0.39  66.2  25.5
251120251536  0.919  14.3  22.9  18.6  0.38  90.1  25.5
251120251537  0.914  13.9  22.3  18.6  0.39  59.1  25.5
251120251538  0.910  13.8  22.2  18.6  0.50  43.8  25.5
251120251539  0.905  13.6  21.0  18.5  0.41  52.9  25.5
251120251540  0.901  13.4  20.7  17.7  0.37  58.8  25.5
251120251541  0.896  13.3  20.9  17.5  0.48  49.4  25.5
251120251542  0.892  13.2  19.9  17.4  0.45  55.5  25.5
251120251543  0.889  12.9  19.0  17.4  0.43  54.8  25.6
251120251544  0.886  12.6  18.5  16.7  0.44  63.9  25.6
251120251545  0.885  12.2  18.1  16.7  0.46  42.1  25.6
251120251546  0.882  12.4  16.9  16.7  0.45  52.6  25.6
251120251547  0.880  12.4  17.1  16.7  0.45  49.0  25.6
251120251548  0.878  12.2  17.0  15.8  0.54  50.0  25.6
251120251549  0.875  12.2  16.7  15.8  0.44  64.8  25.6
251120251550  0.873  12.2  16.0  15.8  0.40  54.6  25.6
251120251551  0.869  12.3  16.2  16.3  0.49  33.5  25.6
251120251552  0.867  12.4  16.9  16.3  0.44  47.1  25.6
251120251553  0.864  12.5  17.8  16.3  0.44  47.4  25.6
251120251554  0.859  12.5  18.4  16.3  0.47  46.0  25.6
251120251555  0.856  12.8  18.6  16.3  0.48  39.6  25.6
251120251556  0.853  12.6  19.4  16.3  0.41  59.8  25.6
251120251557  0.850  12.6  19.3  16.3  0.57  36.1  25.6
251120251558  0.846  12.7  19.4  16.3  0.40  68.1  25.6
251120251559  0.842  12.6  20.3  16.3  0.39  56.8  25.6
251120251600  0.839  12.7  20.6  16.3  0.51  32.7  25.6
251120251601  0.834  12.7  21.0  16.2  0.46  48.6  25.6
251120251602  0.829  12.7  21.2  16.2  0.58  36.0  25.6
251120251603  0.826  12.6  21.4  16.2  0.49  42.4  25.7
251120251604  0.822  12.7  21.1  16.2  0.38  50.1  25.7
251120251605  0.818  12.7  21.0  16.4  0.38  63.4  25.7
251120251606  0.813  12.7  21.2  16.4  0.54  37.8  25.7
251120251607  0.808  12.8  22.0  16.4  0.41  51.3  25.7
251120251608  0.803  12.8  22.2  16.4  0.39  76.7  25.7
251120251609  0.798  12.8  22.2  16.4  0.45  49.0  25.7
251120251610  0.792  12.6  22.5  16.4  0.47  31.4  25.7
251120251611  0.786  12.5  22.7  16.4  0.45  67.5  25.7
251120251612  0.780  12.2  23.2  16.4  0.42  61.3  25.7
251120251613  0.776  12.1  23.0  16.4  0.50  40.7  25.7
251120251614  0.771  12.2  23.0  18.8  0.38  54.0  25.7
251120251615  0.767  12.3  23.4  18.8  0.45  47.6  25.7
251120251616  0.763  12.4  23.5  18.8  0.43  48.3  25.7
251120251617  0.758  12.1  23.7  18.8  0.44  49.4  25.7
251120251618  0.755  12.0  23.5  18.8  0.43  80.8  25.7
251120251619  0.752  12.2  23.5  18.8  0.40  79.0  25.8
251120251620  0.748  12.6  23.3  18.8  0.45  41.1  25.8
251120251621  0.744  12.9  22.6  18.8  0.45  52.2  25.8
251120251622  0.742  13.2  21.9  18.8  nan  nan  nan
251120251623  0.737  13.0  21.9  18.8  0.44  48.2  25.8
251120251624  0.733  12.8  22.5  18.7  0.46  53.5  25.8
251120251625  0.730  12.4  22.5  18.7  0.41  63.8  25.8
251120251626  0.728  12.2  22.4  18.7  nan  nan  nan
251120251627  0.727  12.2  22.2  18.7  0.44  36.8  25.8
251120251628  0.725  12.1  23.4  18.7  0.34  69.7  25.8
251120251629  0.722  11.8  23.5  18.7  0.46  44.0  25.8
251120251630  0.719  11.5  24.6  17.5  0.52  30.8  25.8
251120251631  0.717  11.2  26.0  15.3  0.40  65.0  25.8
251120251632  0.714  11.0  26.5  15.0  0.39  45.3  25.8
251120251633  0.709  11.0  26.5  15.0  0.43  41.0  25.8
251120251634  0.706  11.2  25.5  16.6  0.36  58.5  25.8
251120251635  0.703  11.2  25.4  16.6  0.45  49.2  25.9
251120251636  0.700  11.4  25.1  16.6  0.47  43.8  25.9
251120251637  0.697  11.3  25.1  16.6  0.34  57.8  25.9
251120251638  0.694  11.1  23.9  16.6  0.36  60.8  25.9
251120251639  0.691  11.1  23.8  16.6  0.36  59.9  25.9
251120251640  0.689  10.7  22.8  16.6  0.44  39.9  25.9
251120251641  0.687  10.6  22.4  16.6  0.43  51.5  25.9
251120251642  0.685  10.4  22.3  16.6  0.45  45.5  25.9
251120251643  0.683  10.4  22.8  16.6  0.44  44.3  25.9
251120251644  0.680  10.2  22.9  13.9  0.45  39.6  25.9
251120251645  0.678  10.2  23.2  13.5  0.41  40.7  26.0
251120251646  0.676  10.1  23.4  13.5  0.41  44.7  26.0
251120251647  0.675  10.3  23.1  15.4  0.35  67.0  26.0
251120251648  0.673  10.4  22.9  15.4  0.42  51.2  26.0
251120251649  0.671  10.3  22.5  15.4  0.40  65.2  26.0
251120251650  0.669  10.4  23.2  15.4  0.47  35.6  26.0
251120251651  0.669  10.3  22.8  15.4  0.47  44.2  26.0
251120251652  0.667  10.4  22.6  15.4  0.42  55.6  26.0
251120251653  0.665  10.3  22.0  15.4  0.43  44.5  26.0
251120251654  0.661  10.4  22.0  15.6  0.43  53.9  26.0
251120251655  0.661  10.4  22.3  15.6  0.33  61.9  26.0
251120251656  0.659  10.4  21.9  15.6  0.44  40.5  26.1
251120251657  0.658  10.2  21.8  15.6  0.55  32.4  26.1
251120251658  0.656  10.3  21.5  15.6  0.42  44.3  26.1
251120251659  0.657  10.2  21.5  15.6  0.52  45.1  26.1
251120251700  0.656  10.3  20.6  15.6  0.32  65.0  26.1
251120251701  0.655  10.2  21.0  15.6  0.39  59.6  26.1
251120251702  0.655  10.1  21.0  15.6  0.34  53.6  26.1
251120251703  0.655  9.9  20.8  15.6  0.35  55.4  26.1
251120251704  0.654  9.5  21.1  14.7  0.44  52.9  26.1
251120251705  0.653  9.5  21.3  13.3  0.40  46.2  26.1
251120251706  0.652  9.5  22.5  13.3  0.37  56.3  26.1
251120251707  0.651  9.6  22.9  13.3  0.46  39.1  26.1
251120251708  0.650  9.6  24.2  13.1  0.50  46.8  26.1
251120251709  0.648  9.5  24.6  13.1  0.44  45.2  26.1
251120251710  0.647  9.4  24.8  13.1  0.48  50.7  26.1
251120251711  0.645  9.4  24.5  13.1  0.34  51.3  26.1
251120251712  0.643  9.5  25.1  13.1  0.36  54.3  26.1
251120251713  0.640  9.7  25.4  13.1  0.33  57.1  26.1
251120251714  0.638  10.0  24.7  13.6  0.45  45.5  26.1
251120251715  0.636  9.9  23.5  13.6  0.40  49.1  26.1
251120251716  0.633  9.9  22.4  13.6  0.40  43.6  26.1
251120251717  0.632  9.8  21.3  13.6  0.35  63.5  26.1
251120251718  0.629  9.6  20.6  13.6  0.33  50.0  26.2
251120251719  0.627  9.7  19.6  13.6  0.40  51.4  26.2
251120251720  0.625  9.6  19.2  13.6  0.42  34.3  26.2
251120251721  0.622  9.6  18.6  13.6  0.37  63.0  26.2
251120251722  0.620  9.5  17.7  13.6  0.33  76.0  26.2
251120251723  0.618  9.3  17.0  13.6  0.32  46.2  26.2
251120251724  0.615  8.9  16.7  12.8  0.31  52.4  26.2
251120251725  0.612  8.7  16.1  11.4  0.43  46.7  26.2
251120251726  0.609  8.4  16.7  11.3  0.40  40.1  26.2
251120251727  0.605  8.3  17.0  11.2  0.38  49.0  26.2
251120251728  0.602  8.0  17.1  11.0  0.40  38.5  26.2
251120251729  0.599  7.9  17.7  11.0  0.35  53.4  26.2
251120251730  0.596  7.8  18.4  11.0  0.39  58.7  26.2
251120251731  0.594  7.7  18.6  11.0  0.32  56.7  26.2
251120251732  0.591  7.5  18.8  11.0  0.46  44.4  26.2
251120251733  0.590  7.5  20.5  11.0  0.50  38.8  26.2
251120251734  0.587  7.6  21.6  11.0  0.41  49.6  26.2
251120251735  0.584  7.7  22.5  10.6  0.33  67.2  26.2
251120251736  0.583  7.7  22.2  10.6  0.37  49.9  26.2
251120251737  0.581  7.7  22.0  10.6  0.27  65.7  26.2
251120251738  0.580  7.6  21.8  10.6  0.34  64.1  26.2
251120251739  0.580  7.5  22.4  10.6  0.32  59.7  26.2
251120251740  0.580  7.5  23.0  10.6  0.43  45.6  26.2
251120251741  0.580  7.3  23.8  10.6  0.57  35.0  26.2
251120251742  0.578  7.3  24.8  10.6  0.49  28.2  26.2
251120251743  0.578  7.3  24.6  10.6  0.35  59.7  26.2
251120251744  0.578  7.1  25.4  10.6  nan  nan  nan
251120251745  0.580  6.9  26.6  9.9  0.39  48.2  26.2
251120251746  0.581  6.8  27.7  9.9  nan  nan  nan
251120251747  0.581  6.6  28.9  9.2  0.38  44.0  26.3
251120251748  0.582  6.9  29.9  9.2  nan  nan  nan
251120251749  0.584  7.0  30.0  11.3  0.43  34.7  26.3
251120251750  0.585  7.0  29.3  11.3  0.40  44.4  26.3
251120251751  0.586  7.1  29.2  11.3  0.29  50.7  26.3
251120251752  0.589  7.1  28.6  11.3  0.36  61.6  26.3
251120251753  0.590  7.1  27.9  11.3  0.36  50.1  26.3
251120251754  0.591  7.1  25.6  11.3  0.31  55.8  26.3
251120251755  0.591  7.0  24.8  11.3  0.34  42.1  26.3
251120251756  0.592  7.0  23.2  11.3  0.35  49.2  26.3
251120251757  0.592  6.9  23.3  11.3  0.27  61.1  26.3
251120251758  0.592  6.7  22.4  11.3  0.33  50.0  26.3
251120251759  0.593  6.5  23.1  9.9  0.23  52.6  26.3
251120251800  0.592  6.3  23.3  9.7  0.27  44.6  26.3
251120251801  0.592  6.3  23.3  9.7  0.33  44.3  26.3
251120251802  0.591  6.3  23.4  9.7  0.38  52.5  26.3
251120251803  0.591  6.2  24.2  8.7  0.30  42.5  26.3
251120251804  0.591  6.2  25.3  8.7  0.23  93.3  26.3
251120251805  0.591  6.2  24.8  8.7  0.25  63.1  26.3
251120251806  0.590  6.2  25.5  8.7  0.26  90.3  26.3
251120251807  0.589  6.2  25.3  8.7  nan  nan  nan
251120251808  0.586  6.2  25.3  8.7  nan  nan  nan
251120251809  0.584  6.1  24.8  8.7  0.20  52.7  26.4
251120251810  0.581  6.2  25.4  8.7  0.29  37.4  26.4
251120251811  0.580  6.1  25.0  8.7  0.27  43.9  26.4
251120251812  0.579  6.1  24.2  8.7  0.30  42.5  26.4
251120251813  0.577  6.1  23.1  7.8  0.33  44.1  26.4
251120251814  0.575  6.0  23.5  7.8  0.34  41.0  26.4
251120251815  0.572  6.0  23.9  7.8  0.31  38.5  26.4
251120251816  0.569  5.9  24.8  7.8  0.37  30.9  26.4
251120251817  0.565  5.9  25.0  7.8  0.28  56.4  26.4
251120251818  0.562  5.9  25.2  7.8  0.32  36.7  26.4
251120251819  0.561  5.9  25.1  7.8  0.33  35.4  26.4
251120251820  0.560  5.7  24.3  7.8  0.25  44.7  26.4
251120251821  0.559  5.5  24.4  7.8  0.26  47.2  26.4
251120251822  0.558  5.4  24.6  7.8  0.33  37.9  26.4
251120251823  0.557  5.1  25.2  7.8  0.41  31.3  26.4
251120251824  0.556  4.9  24.2  7.4  0.33  34.2  26.4
251120251825  0.555  4.8  23.4  8.6  0.28  42.4  26.4
251120251826  0.554  4.8  21.8  8.6  0.44  36.9  26.4
251120251827  0.554  4.7  22.0  8.6  0.33  39.6  26.4
251120251828  0.553  4.6  21.7  8.6  0.36  40.3  26.4
251120251829  0.553  4.4  19.5  8.6  0.31  42.8  26.4
251120251830  0.553  4.4  17.4  8.6  0.36  33.3  26.4
251120251831  0.553  4.5  15.9  8.6  0.34  29.1  26.4
251120251832  0.553  4.6  15.1  8.6  0.45  21.6  26.4
251120251833  0.553  4.7  14.0  8.6  0.28  40.3  26.4
251120251834  0.553  4.8  14.0  8.6  0.33  35.8  26.4
251120251835  0.553  4.7  15.2  7.9  0.33  38.2  26.4
251120251836  0.554  4.6  15.3  6.5  0.30  35.9  26.5
251120251837  0.554  4.5  14.9  6.5  0.16  28.0  26.5
251120251838  0.553  4.5  15.0  6.5  0.31  38.5  26.5
251120251839  0.555  4.5  16.8  6.5  0.29  13.1  26.5
251120251840  0.555  4.5  19.0  6.5  0.22  41.8  26.5
251120251841  0.556  4.4  20.5  6.5  0.33  25.8  26.5
251120251842  0.556  4.3  21.4  6.3  nan  nan  nan
251120251843  0.558  4.1  22.2  5.8  0.35  18.4  26.5
251120251844  0.558  4.0  23.0  5.8  0.33  14.3  26.5
251120251845  0.560  3.9  22.2  5.8  0.16  7.3  26.5
251120251846  0.562  4.0  21.5  5.8  0.21  26.3  26.5
251120251847  0.562  4.1  19.5  5.7  0.20  6.1  26.5
251120251848  0.564  4.1  17.8  5.7  0.08  357.3  26.5
251120251849  0.564  4.1  16.4  5.7  0.20  0.1  26.5
251120251850  0.566  4.1  15.0  5.5  0.20  1.5  26.5
251120251851  0.568  4.0  15.0  5.5  0.17  9.3  26.5
251120251852  0.570  3.9  15.5  5.5  0.02  24.0  26.5
251120251853  0.572  3.9  16.9  5.5  0.19  5.4  26.5
251120251854  nan  3.9  15.7  5.5  0.09  18.3  26.5
251120251855  0.576  3.9  15.0  5.5  0.22  358.6  26.5
251120251856  0.578  3.8  12.8  5.5  0.14  9.2  26.5
251120251857  0.580  3.6  10.5  5.1  0.12  28.2  26.5
251120251858  0.583  3.6  9.0  5.1  0.08  277.1  26.5
251120251859  0.585  3.5  8.0  5.1  0.09  351.2  26.5
251120251900  0.587  3.5  5.4  5.1  0.16  5.2  26.5
251120251901  0.590  3.5  2.7  5.1  0.14  342.7  26.5
251120251902  0.593  3.5  1.6  5.1  0.09  8.8  26.5
251120251903  0.596  3.5  359.7  5.1  0.10  336.9  26.5
251120251904  0.600  3.4  0.2  5.1  0.18  350.6  26.5
251120251905  0.603  3.3  0.4  4.8  0.23  339.5  26.5
251120251906  0.605  3.1  4.4  4.8  0.13  350.5  26.5
251120251907  0.607  3.1  8.9  5.3  0.19  12.3  26.5
251120251908  0.609  3.0  12.3  5.3  0.11  345.7  26.5
251120251909  0.612  3.2  13.0  5.4  0.10  6.5  26.5
251120251910  0.614  3.3  14.6  6.0  0.11  344.7  26.5
251120251911  0.617  3.5  15.8  6.0  0.06  325.0  26.5
251120251912  0.620  3.8  13.4  6.0  0.10  12.3  26.5
251120251913  0.622  3.9  12.0  6.0  0.05  344.5  26.5
251120251914  0.625  4.0  10.4  6.0  0.10  301.8  26.5
251120251915  0.628  3.9  10.8  6.0  0.19  342.4  26.5
251120251916  0.630  3.9  9.8  6.0  nan  nan  nan
251120251917  0.631  3.8  7.0  6.0  0.09  344.0  26.5
251120251918  0.635  4.0  3.6  6.0  0.05  320.1  26.5
251120251919  0.637  4.0  1.4  6.0  0.17  358.9  26.5
251120251920  0.640  4.0  357.5  7.0  0.14  6.0  26.5
251120251921  0.642  4.1  353.6  7.0  0.05  352.9  26.5
251120251922  0.646  4.4  353.1  8.8  0.06  319.8  26.5
251120251923  0.648  4.6  351.5  8.8  0.05  339.0  26.5
251120251924  0.651  4.7  350.3  8.8  0.06  52.5  26.5
251120251925  0.654  5.0  348.4  8.8  0.16  343.4  26.5
251120251926  0.657  5.3  347.0  8.8  0.10  356.5  26.5
251120251927  0.658  5.3  345.9  8.8  0.10  15.8  26.5
251120251928  0.661  5.4  344.7  8.8  0.02  34.4  26.5
251120251929  0.664  5.5  342.7  8.8  0.19  29.9  26.6
251120251930  0.666  5.3  342.1  8.8  0.06  80.3  26.6
251120251931  0.668  5.3  341.4  8.8  0.14  3.8  26.6
251120251932  0.671  5.1  338.3  8.0  0.08  35.3  26.6
251120251933  0.674  4.9  337.0  7.1  0.02  190.0  26.6
251120251934  0.677  5.0  335.3  7.1  0.13  28.2  26.6
251120251935  0.680  5.1  334.4  6.7  0.11  19.3  26.6
251120251936  0.683  5.3  333.6  6.7  0.07  173.0  26.6
251120251937  0.686  5.4  332.9  6.7  0.03  166.4  26.6
251120251938  0.687  5.5  332.8  7.4  0.16  188.6  26.6
251120251939  0.689  5.5  334.7  7.4  0.09  24.9  26.6
251120251940  0.689  5.7  336.3  7.4  0.03  33.2  26.6
251120251941  0.689  5.7  338.0  7.4  0.16  6.5  26.6
251120251942  0.689  5.8  339.9  7.4  0.04  10.0  26.6
251120251943  0.689  6.1  340.5  7.4  nan  nan  nan
251120251944  0.689  6.1  342.1  7.4  nan  nan  nan
251120251945  0.689  6.1  343.3  7.4  0.06  333.1  26.6
251120251946  0.688  6.0  344.6  7.4  0.05  319.0  26.6
251120251947  0.687  6.0  346.4  7.4  0.06  45.1  26.6
251120251948  0.686  6.0  347.4  7.5  0.07  86.8  26.6
251120251949  0.687  6.1  347.2  7.5  0.04  226.9  26.6
251120251950  0.687  6.1  346.9  7.5  0.11  29.1  26.6
251120251951  0.687  6.1  346.5  7.5  0.15  3.2  26.6
251120251952  0.688  6.1  347.1  7.5  0.05  295.1  26.6
251120251953  0.687  6.1  348.4  7.5  0.07  19.2  26.6
251120251954  0.686  6.1  349.0  7.5  0.10  176.0  26.6
251120251955  0.686  6.2  349.6  7.5  0.09  95.2  26.6
251120251956  0.685  6.3  350.7  7.5  0.07  26.9  26.6
251120251957  0.684  6.2  351.6  7.5  nan  nan  nan
251120251958  0.684  6.1  353.1  7.2  0.08  338.8  26.6
251120251959  0.683  6.0  355.2  7.2  0.09  147.7  26.6
251120252000  0.683  5.7  357.8  7.2  nan  nan  nan
251120252001  0.682  5.4  0.5  7.2  0.10  11.1  26.6
251120252002  0.680  5.2  2.9  7.2  0.06  98.2  26.6
251120252003  0.680  4.8  5.1  7.2  nan  nan  nan
251120252004  0.680  4.5  7.6  7.1  0.08  35.3  26.6
251120252005  0.680  4.2  9.8  6.2  0.05  148.2  26.6
251120252006  0.680  3.9  11.0  5.9  0.05  209.2  26.6
251120252007  0.682  3.6  12.5  5.9  0.12  20.1  26.6
251120252008  0.683  3.3  14.5  5.9  0.04  28.4  26.6
251120252009  0.685  3.0  14.4  4.7  0.05  34.6  26.6
251120252010  0.687  2.9  12.8  4.7  0.06  52.1  26.6
251120252011  0.689  2.9  10.2  4.7  0.09  200.1  26.6
251120252012  0.691  2.8  8.6  4.4  0.06  179.4  26.6
251120252013  0.693  2.8  7.6  4.4  0.06  235.0  26.6
251120252014  0.696  2.8  7.7  3.9  0.05  347.4  26.6
251120252015  0.699  2.8  8.5  3.9  0.04  248.0  26.6
251120252016  0.700  2.8  9.2  3.9  0.03  213.6  26.6
251120252017  0.702  2.8  10.5  3.9  0.09  315.1  26.6
251120252018  0.702  2.7  12.1  3.9  0.03  250.3  26.6
251120252019  0.704  2.7  14.5  3.9  0.14  240.7  26.6
251120252020  0.707  2.7  17.2  3.9  0.06  236.3  26.6
251120252021  0.709  2.6  19.6  3.9  0.11  245.5  26.6
251120252022  0.711  2.5  21.0  3.9  0.10  209.8  26.6
251120252023  0.715  2.5  21.5  3.9  0.19  204.5  26.6
251120252024  0.718  2.4  21.5  3.9  0.11  243.1  26.6
251120252025  0.720  2.3  21.6  3.5  0.11  248.3  26.6
251120252026  0.725  2.4  20.8  3.5  0.24  219.9  26.6
251120252027  0.727  2.4  19.8  3.5  0.09  258.9  26.6
251120252028  0.730  2.4  18.6  3.5  0.14  214.8  26.6
251120252029  0.735  2.3  17.4  3.5  0.11  249.0  26.5
251120252030  0.739  2.4  15.4  3.5  0.18  228.3  26.5
251120252031  0.743  2.4  15.8  3.5  0.19  215.0  26.5
251120252032  0.747  2.3  15.6  3.5  0.11  266.9  26.5
251120252033  0.751  2.2  15.4  3.5  0.13  239.4  26.5
251120252034  0.753  2.1  14.3  3.4  0.15  214.5  26.5
251120252035  0.757  2.0  16.2  3.4  0.16  226.9  26.5
251120252036  0.761  1.8  18.6  3.1  0.13  248.9  26.5
251120252037  0.764  1.7  20.2  3.1  0.15  216.2  26.5
251120252038  0.767  1.6  21.4  3.1  0.12  245.3  26.5
251120252039  0.772  1.5  25.3  3.1  0.13  213.5  26.5
251120252040  0.776  1.4  32.7  2.7  0.15  210.8  26.5
251120252041  0.782  1.4  37.2  2.7  0.17  197.4  26.4
251120252042  0.787  1.4  43.6  2.7  0.24  200.8  26.4
251120252043  0.792  1.5  51.1  4.2  0.12  231.6  26.4
251120252044  0.798  1.8  58.6  5.1  0.07  205.5  26.4
251120252045  0.803  2.1  58.6  5.1  0.13  223.5  26.4
251120252046  0.808  2.4  59.6  5.1  0.14  243.1  26.4
251120252047  0.814  2.6  61.2  5.1  0.12  223.7  26.4
251120252048  0.817  2.8  62.6  5.1  0.13  233.8  26.4
251120252049  0.822  3.0  62.4  5.1  0.08  215.9  26.4
251120252050  0.827  3.2  61.6  5.1  0.13  214.6  26.4
251120252051  0.832  3.4  62.0  5.1  0.10  225.9  26.4
251120252052  0.838  3.5  62.5  5.1  0.15  192.2  26.4
251120252053  0.841  3.7  62.7  5.1  0.13  215.1  26.4
251120252054  0.846  3.6  62.1  4.8  0.16  214.7  26.4
251120252055  0.851  3.5  63.1  4.8  0.35  201.8  26.4
251120252056  0.855  3.4  63.4  4.8  0.27  210.4  26.4
251120252057  0.859  3.4  64.8  4.8  0.26  221.1  26.4
251120252058  0.863  3.3  67.4  4.8  0.27  208.3  26.3
251120252059  0.867  3.2  70.0  4.8  0.23  213.8  26.3
251120252100  0.868  3.0  73.5  4.8  0.19  212.1  26.3
251120252101  0.874  2.7  76.9  4.8  0.22  211.1  26.3
251120252102  0.876  2.4  80.6  4.8  0.26  227.7  26.3
251120252103  0.877  1.9  86.0  4.8  0.30  216.7  26.3
251120252104  0.877  1.6  92.8  3.7  0.23  203.4  26.3
251120252105  0.879  1.4  92.6  3.5  0.21  210.9  26.3
251120252106  0.881  1.2  96.5  3.5  0.24  216.6  26.3
251120252107  0.883  1.0  101.5  3.3  0.24  212.2  26.3
251120252108  0.885  0.8  101.0  2.4  0.24  214.9  26.3
251120252109  0.886  0.7  94.7  2.4  0.21  225.9  26.3
251120252110  0.886  0.5  82.9  2.0  0.13  217.7  26.3
251120252111  0.887  0.5  66.1  1.9  0.19  225.5  26.3
251120252112  0.887  0.7  49.0  2.5  0.20  214.8  26.3
251120252113  0.888  1.0  46.1  2.5  0.19  215.5  26.2
251120252114  0.889  1.2  52.7  2.5  0.24  203.6  26.2
251120252115  0.891  1.3  58.1  2.5  0.24  202.7  26.2
251120252116  0.891  1.3  62.2  2.5  0.21  225.0  26.2
251120252117  0.889  1.4  62.5  2.5  0.28  194.9  26.2
251120252118  0.890  1.3  65.2  2.5  0.25  215.4  26.2
251120252119  0.889  1.2  67.9  2.5  0.14  222.8  26.2
251120252120  0.888  1.2  71.7  2.5  0.25  201.1  26.2
251120252121  0.887  1.2  71.9  2.5  0.24  209.0  26.2
251120252122  0.886  1.1  73.3  2.4  0.16  223.3  26.2
251120252123  0.883  1.1  72.3  2.4  0.23  205.0  26.2
251120252124  0.881  1.0  67.4  2.3  0.06  243.8  26.2
251120252125  0.880  0.9  57.6  2.4  0.09  187.5  26.2
251120252126  0.878  0.9  41.5  2.6  0.19  198.8  26.2
251120252127  0.877  1.0  29.1  2.9  0.11  192.0  26.2
251120252128  0.878  1.2  24.9  2.9  0.13  197.0  26.2
251120252129  0.878  1.4  22.1  2.9  0.09  215.4  26.2
251120252130  0.878  1.6  19.0  2.9  0.15  194.4  26.2
251120252131  0.878  1.7  16.6  2.9  0.19  176.1  26.2
251120252132  0.878  1.6  11.5  4.1  0.12  184.6  26.2
251120252133  0.878  1.6  10.0  4.1  0.12  191.8  26.2
251120252134  0.876  1.6  4.0  4.1  0.15  190.0  26.2
251120252135  0.877  1.8  350.8  6.0  0.11  165.2  26.2
251120252136  0.878  1.8  349.8  6.1  0.19  190.0  26.2
251120252137  0.879  1.7  347.5  6.1  0.10  200.7  26.2
251120252138  0.880  1.8  343.9  6.1  0.21  188.4  26.2
251120252139  0.881  1.7  338.2  6.1  0.12  123.6  26.2
251120252140  0.884  1.7  335.1  6.1  0.11  179.7  26.2
251120252141  0.887  1.8  331.9  6.1  0.20  185.1  26.2
251120252142  0.890  2.0  332.9  6.1  0.16  208.0  26.2
251120252143  0.893  2.1  327.5  6.1  0.19  209.0  26.2
251120252144  0.897  2.1  322.6  6.1  0.21  194.8  26.1
251120252145  0.902  2.1  318.9  6.4  0.23  161.3  26.1
251120252146  0.906  2.2  316.9  6.4  0.28  193.9  26.1
251120252147  0.912  2.5  319.2  6.4  0.20  203.1  26.1
251120252148  0.917  2.7  319.6  6.4  0.28  192.4  26.1
251120252149  0.921  2.8  318.8  6.4  0.26  198.7  26.1
251120252150  0.924  2.8  316.5  6.4  0.20  193.3  26.1
251120252151  0.927  2.8  311.2  6.4  0.17  193.9  26.1
251120252152  0.929  2.6  302.6  6.4  0.20  190.0  26.1
251120252153  0.933  2.6  300.0  6.4  0.23  194.9  26.1
251120252154  0.936  2.4  298.2  6.4  0.23  183.1  26.1
251120252155  0.940  2.1  289.8  5.7  0.35  197.4  26.1
251120252156  0.945  2.2  277.7  5.7  0.24  198.5  26.1
251120252157  0.950  2.4  263.8  5.7  0.29  196.2  26.1
251120252158  0.952  2.7  251.4  6.8  0.16  189.3  26.1
251120252159  0.957  3.2  245.8  7.2  0.31  205.6  26.1
251120252200  0.961  3.7  242.7  7.3  0.31  193.9  26.1
251120252201  0.964  4.0  243.1  7.3  0.23  198.9  26.1
251120252202  0.968  4.3  244.7  7.3  0.38  190.3  26.1
251120252203  0.972  4.5  247.3  7.3  0.27  191.6  26.1
251120252204  0.976  4.8  253.1  7.3  0.24  190.0  26.1
251120252205  0.981  4.9  257.2  7.3  0.32  182.7  26.1
251120252206  0.986  4.9  259.2  7.3  0.41  191.6  26.1
251120252207  0.989  4.9  261.9  7.5  0.36  190.0  26.1
251120252208  0.993  4.9  262.4  7.5  0.34  176.0  26.1
251120252209  0.996  4.5  264.5  7.5  0.28  190.8  26.1
251120252210  0.999  4.1  268.0  7.5  0.19  191.8  26.1
251120252211  1.000  3.8  269.5  7.5  0.23  184.6  26.1
251120252212  1.003  3.4  268.8  7.5  0.33  179.2  26.0
251120252213  1.005  3.1  265.9  7.5  0.33  183.3  26.0
251120252214  1.008  2.8  259.0  7.5  0.32  186.6  26.0
251120252215  1.011  2.6  252.3  7.5  0.32  183.5  26.0
251120252216  1.015  2.4  247.8  7.5  0.32  182.0  26.0
251120252217  1.019  2.3  242.0  7.2  0.39  185.1  26.0
251120252218  1.021  2.0  244.1  2.0  0.41  181.5  26.0
251120252219  1.023  2.0  244.1  2.0  0.35  187.8  26.0
251120252220  1.025  2.0  244.1  2.0  0.37  184.5  26.0
251120252221  1.025  2.0  244.1  2.0  0.20  200.8  26.0
251120252222  1.025  2.0  244.1  2.0  0.33  178.5  26.0
251120252223  1.024  2.0  244.1  2.0  0.23  174.2  26.0
251120252224  1.024  nan  nan  nan  0.25  180.8  26.0
251120252225  1.023  nan  nan  nan  0.22  179.4  26.0
251120252226  1.021  nan  nan  nan  0.32  179.2  25.9
251120252227  1.022  nan  nan  nan  0.30  169.7  25.9
251120252228  1.022  nan  nan  nan  0.36  182.2  25.9
251120252229  1.026  nan  nan  nan  0.35  183.6  25.9
251120252230  1.031  nan  nan  nan  0.20  172.1  25.9
251120252231  1.033  nan  nan  nan  0.31  183.9  25.9
251120252232  1.035  nan  nan  nan  0.36  179.5  25.9
251120252233  1.037  nan  nan  nan  0.23  181.3  25.9
251120252234  1.041  nan  nan  nan  0.28  203.4  25.9
251120252235  1.043  nan  nan  nan  0.20  208.4  25.9
251120252236  1.046  nan  nan  nan  0.28  202.4  25.9
251120252237  1.046  nan  nan  nan  0.20  191.7  25.9
251120252238  1.044  nan  nan  nan  0.20  199.9  25.9
251120252239  1.038  nan  nan  nan  0.31  190.7  25.9
251120252240  1.031  nan  nan  nan  0.26  197.8  25.9
251120252241  1.026  nan  nan  nan  0.25  206.4  25.9
251120252242  1.018  nan  nan  nan  0.12  208.1  25.9
251120252243  1.012  nan  nan  nan  0.07  341.9  25.9
251120252244  1.008  nan  nan  nan  0.16  188.6  25.9
251120252245  1.005  nan  nan  nan  0.13  192.6  25.9
251120252246  1.002  2.0  244.1  2.0  0.11  191.0  25.9
251120252247  1.001  2.0  244.1  2.0  0.19  195.8  25.9
251120252248  1.000  2.0  244.1  2.0  0.11  206.2  25.9
251120252249  1.001  2.0  244.1  2.0  0.06  193.5  25.9
251120252250  1.002  2.0  244.1  2.0  0.02  190.0  25.9
251120252251  1.002  2.0  244.1  2.0  0.15  214.2  25.9
251120252252  1.001  nan  nan  nan  0.15  165.1  25.9
251120252253  1.003  nan  nan  nan  0.14  175.0  25.9
251120252254  1.007  nan  nan  nan  0.20  175.8  25.9
251120252255  1.011  nan  nan  nan  0.10  148.0  25.9
251120252256  1.014  nan  nan  nan  0.19  165.6  25.8
251120252257  1.015  nan  nan  nan  0.12  162.2  25.8
251120252258  1.014  nan  nan  nan  0.29  165.7  25.8
251120252259  1.015  nan  nan  nan  0.25  179.1  25.8
251120252300  1.015  nan  nan  nan  0.15  160.4  25.8
251120252301  1.015  nan  nan  nan  0.19  156.8  25.8
251120252302  1.015  nan  nan  nan  0.31  179.5  25.8
251120252303  1.018  nan  nan  nan  0.29  171.3  25.8
251120252304  1.021  nan  nan  nan  0.18  174.6  25.8
251120252305  1.028  nan  nan  nan  0.20  180.7  25.8
251120252306  1.033  nan  nan  nan  0.23  174.0  25.7
251120252307  1.039  nan  nan  nan  0.19  171.2  25.7
251120252308  1.045  nan  nan  nan  0.20  177.6  25.7
251120252309  1.051  nan  nan  nan  0.23  177.3  25.7
251120252310  1.052  nan  nan  nan  0.24  169.9  25.7
251120252311  1.053  nan  nan  nan  0.22  165.0  25.7
251120252312  1.051  nan  nan  nan  0.21  166.0  25.7
251120252313  1.049  nan  nan  nan  0.25  174.4  25.7
251120252314  1.044  nan  nan  nan  0.24  162.4  25.7
251120252315  1.039  nan  nan  nan  0.22  162.5  25.7
251120252316  1.035  nan  nan  nan  0.25  157.2  25.7
251120252317  1.028  nan  nan  nan  0.17  148.3  25.7
251120252318  1.022  nan  nan  nan  0.19  145.0  25.7
251120252319  1.016  nan  nan  nan  0.26  158.5  25.7
251120252320  1.010  nan  nan  nan  0.17  159.7  25.7
251120252321  1.005  nan  nan  nan  0.25  145.0  25.7
251120252322  0.998  nan  nan  nan  0.14  152.8  25.7
251120252323  0.992  nan  nan  nan  0.17  174.7  25.7
251120252324  0.987  nan  nan  nan  0.12  119.6  25.7
251120252325  0.982  nan  nan  nan  0.18  146.8  25.7
251120252326  0.977  nan  nan  nan  0.15  121.9  25.7
251120252327  0.976  nan  nan  nan  0.30  151.6  25.7
251120252328  0.974  nan  nan  nan  0.15  131.0  25.8
251120252329  0.974  nan  nan  nan  0.14  108.6  25.8
251120252330  0.973  nan  nan  nan  0.15  147.1  25.8
251120252331  0.972  nan  nan  nan  0.14  128.7  25.8
251120252332  0.971  nan  nan  nan  0.11  75.7  25.8
251120252333  0.969  nan  nan  nan  0.23  144.0  25.8
251120252334  0.969  nan  nan  nan  0.16  137.8  25.8
251120252335  0.969  nan  nan  nan  0.25  142.1  25.8
251120252336  0.971  nan  nan  nan  0.17  123.6  25.8
251120252337  0.974  nan  nan  nan  0.16  140.1  25.8
251120252338  0.977  nan  nan  nan  0.10  100.0  25.8
251120252339  0.983  nan  nan  nan  0.05  102.1  25.8
251120252340  0.990  nan  nan  nan  0.08  98.6  25.8
251120252341  0.996  nan  nan  nan  0.07  194.8  25.8
251120252342  1.001  nan  nan  nan  0.21  170.9  25.8
251120252343  1.007  nan  nan  nan  0.13  150.3  25.8
251120252344  1.013  nan  nan  nan  0.12  184.5  25.8
251120252345  1.017  nan  nan  nan  0.03  131.6  25.8
251120252346  1.022  nan  nan  nan  0.09  182.6  25.8
251120252347  1.027  nan  nan  nan  0.09  131.2  25.8
251120252348  1.032  nan  nan  nan  0.12  160.9  25.8
251120252349  1.039  nan  nan  nan  0.15  165.1  25.8
251120252350  1.043  nan  nan  nan  0.20  181.5  25.8
251120252351  1.044  nan  nan  nan  0.20  182.3  25.8
251120252352  1.044  nan  nan  nan  0.16  178.3  25.8
251120252353  1.043  nan  nan  nan  0.09  172.7  25.8
251120252354  1.041  nan  nan  nan  0.17  165.2  25.8
251120252355  1.040  nan  nan  nan  0.19  160.3  25.8
251120252356  1.039  nan  nan  nan  0.17  178.7  25.9
251120252357  1.038  nan  nan  nan  0.18  162.4  25.9
251120252358  1.039  nan  nan  nan  0.21  166.3  25.9
251120252359  1.039  nan  nan  nan  0.24  183.9  25.9
261120250000  1.041  2.0  244.1  2.0  0.21  168.0  25.9
261120250001  1.044  2.0  244.1  2.0  0.19  178.9  25.9
261120250002  1.046  2.0  244.1  2.0  0.22  176.4  25.9
261120250003  1.049  2.0  244.1  2.0  0.18  156.3  25.9
261120250004  1.052  2.0  244.1  2.0  0.20  177.0  25.9
261120250005  1.054  2.0  244.1  2.0  0.19  184.2  25.9
261120250006  1.056  nan  nan  nan  0.09  150.2  25.9
261120250007  1.059  nan  nan  nan  0.20  154.8  25.9
261120250008  1.060  nan  nan  nan  0.19  163.4  25.9
261120250009  1.064  nan  nan  nan  0.18  139.3  25.9
261120250010  1.066  nan  nan  nan  0.24  159.3  25.9
261120250011  1.067  nan  nan  nan  0.19  164.2  25.8
261120250012  1.069  nan  nan  nan  0.19  150.5  25.8
261120250013  1.072  nan  nan  nan  0.21  149.1  25.8
261120250014  1.075  nan  nan  nan  0.17  121.9  25.7
261120250015  1.079  nan  nan  nan  0.18  168.1  25.7
261120250016  1.083  nan  nan  nan  0.15  141.4  25.7
261120250017  1.086  nan  nan  nan  0.15  140.2  25.7
261120250018  1.088  nan  nan  nan  0.15  161.4  25.7
261120250019  1.089  nan  nan  nan  0.20  149.7  25.7
261120250020  1.092  nan  nan  nan  0.20  150.9  25.7
261120250021  1.091  nan  nan  nan  0.17  159.1  25.7
261120250022  1.091  nan  nan  nan  0.22  150.3  25.7
261120250023  1.090  nan  nan  nan  0.15  132.9  25.7
261120250024  1.088  nan  nan  nan  0.17  136.4  25.7
261120250025  1.084  nan  nan  nan  0.22  160.0  25.6
261120250026  1.079  nan  nan  nan  0.16  155.9  25.6
261120250027  1.073  nan  nan  nan  0.14  152.7  25.6
261120250028  1.065  nan  nan  nan  0.12  128.6  25.6
261120250029  1.058  nan  nan  nan  0.20  178.8  25.6
261120250030  1.051  nan  nan  nan  0.19  155.0  25.5
261120250031  1.044  nan  nan  nan  0.14  139.3  25.6
261120250032  1.036  nan  nan  nan  0.16  168.1  25.5
261120250033  1.028  nan  nan  nan  0.16  120.6  25.5
261120250034  1.020  nan  nan  nan  0.10  118.4  25.5
261120250035  1.014  nan  nan  nan  0.03  158.4  25.5
261120250036  1.008  nan  nan  nan  0.06  59.2  25.5
261120250037  1.002  nan  nan  nan  0.17  43.1  25.5
261120250038  0.996  nan  nan  nan  0.12  54.4  25.5
261120250039  0.991  nan  nan  nan  0.08  37.8  25.5
261120250040  0.985  nan  nan  nan  0.14  43.5  25.5
261120250041  0.979  nan  nan  nan  0.06  70.0  25.5
261120250042  0.975  nan  nan  nan  0.16  63.6  25.5
261120250043  0.972  nan  nan  nan  0.15  59.3  25.5
261120250044  0.970  nan  nan  nan  0.08  64.8  25.5
261120250045  0.970  nan  nan  nan  0.16  3.0  25.5
261120250046  0.970  nan  nan  nan  0.13  21.1  25.6
261120250047  0.971  nan  nan  nan  0.14  11.6  25.6
261120250048  0.973  nan  nan  nan  0.18  2.0  25.6
261120250049  0.974  nan  nan  nan  0.04  5.0  25.6
261120250050  0.974  nan  nan  nan  0.15  41.6  25.6
261120250051  0.974  nan  nan  nan  0.19  19.1  25.6
261120250052  0.976  nan  nan  nan  0.23  12.4  25.6
261120250053  0.977  nan  nan  nan  nan  nan  nan
261120250054  0.977  nan  nan  nan  0.12  21.0  25.6
261120250055  0.980  nan  nan  nan  0.08  359.8  25.6
261120250056  0.981  nan  nan  nan  0.14  10.0  25.6
261120250057  0.980  nan  nan  nan  0.07  304.3  25.6
261120250058  0.978  nan  nan  nan  0.16  5.8  25.6
261120250059  0.974  nan  nan  nan  0.03  305.0  25.6
261120250100  0.967  nan  nan  nan  0.04  245.5  25.7
261120250101  0.960  nan  nan  nan  0.09  358.9  25.7
261120250102  0.955  nan  nan  nan  0.21  4.8  25.7
261120250103  0.947  nan  nan  nan  0.05  342.4  25.7
261120250104  0.942  nan  nan  nan  0.02  0.5  25.8
261120250105  0.934  nan  nan  nan  nan  nan  nan
261120250106  0.927  nan  nan  nan  0.15  30.6  25.8
261120250107  0.919  nan  nan  nan  0.12  47.8  25.8
261120250108  0.912  nan  nan  nan  0.17  47.0  25.8
261120250109  0.903  nan  nan  nan  0.16  26.4  25.8
261120250110  0.898  nan  nan  nan  0.16  25.3  25.8
261120250111  0.892  nan  nan  nan  0.12  21.5  25.8
261120250112  0.885  nan  nan  nan  0.07  49.6  25.8
261120250113  0.880  nan  nan  nan  0.22  32.2  25.8
261120250114  0.876  nan  nan  nan  0.17  32.5  25.8
261120250115  0.871  nan  nan  nan  0.38  25.5  25.8
261120250116  0.869  nan  nan  nan  0.30  31.0  25.8
261120250117  0.866  nan  nan  nan  0.24  35.5  25.8
261120250118  0.865  nan  nan  nan  0.27  36.6  25.8
261120250119  0.863  nan  nan  nan  0.30  36.4  25.8
261120250120  0.862  nan  nan  nan  0.18  36.6  25.8
261120250121  0.862  nan  nan  nan  0.20  46.6  25.8
261120250122  0.863  nan  nan  nan  0.31  21.3  25.8
261120250123  0.865  nan  nan  nan  0.29  34.0  25.8
261120250124  0.867  nan  nan  nan  0.23  43.6  25.8
261120250125  0.869  nan  nan  nan  0.38  29.7  25.8
261120250126  0.871  nan  nan  nan  0.23  45.0  25.8
261120250127  0.873  nan  nan  nan  0.21  47.3  25.8
261120250128  0.876  nan  nan  nan  0.21  43.4  25.8
261120250129  0.878  nan  nan  nan  0.32  45.5  25.7
261120250130  0.881  nan  nan  nan  0.32  44.7  25.7
261120250131  0.885  nan  nan  nan  0.32  54.8  25.7
261120250132  0.886  nan  nan  nan  0.26  58.3  25.7
261120250133  0.888  nan  nan  nan  0.28  39.2  25.7
261120250134  0.892  nan  nan  nan  0.31  38.0  25.7
261120250135  0.893  nan  nan  nan  0.16  53.1  25.7
261120250136  0.893  nan  nan  nan  0.22  52.9  25.7
261120250137  0.894  nan  nan  nan  0.21  34.7  25.7
261120250138  0.896  nan  nan  nan  0.15  28.4  25.7
261120250139  0.895  nan  nan  nan  0.08  51.1  25.8
261120250140  0.894  nan  nan  nan  0.08  41.7  25.8
261120250141  0.894  nan  nan  nan  0.09  63.4  25.8
261120250142  0.891  nan  nan  nan  0.16  51.6  25.8
261120250143  0.887  nan  nan  nan  0.15  60.2  25.8
261120250144  0.884  nan  nan  nan  0.17  67.8  25.8
261120250145  0.881  nan  nan  nan  0.18  63.4  25.8
261120250146  0.877  nan  nan  nan  0.23  48.4  25.8
261120250147  0.874  nan  nan  nan  0.27  49.8  25.8
261120250148  0.869  nan  nan  nan  0.24  47.2  25.8
261120250149  0.867  nan  nan  nan  0.28  47.5  25.8
261120250150  0.864  nan  nan  nan  0.23  72.6  25.8
261120250151  0.862  nan  nan  nan  0.23  56.7  25.8
261120250152  0.859  nan  nan  nan  0.20  68.4  25.8
261120250153  0.855  nan  nan  nan  0.27  53.5  25.8
261120250154  0.853  nan  nan  nan  0.29  48.4  25.8
261120250155  0.851  nan  nan  nan  0.21  54.2  25.8
261120250156  0.848  nan  nan  nan  0.21  54.3  25.8
261120250157  0.846  nan  nan  nan  0.23  54.0  25.8
261120250158  0.843  nan  nan  nan  0.33  40.9  25.8
261120250159  0.839  nan  nan  nan  0.31  59.8  25.7
261120250200  0.837  nan  nan  nan  0.30  44.6  25.7
261120250201  0.834  nan  nan  nan  0.33  22.0  25.7
261120250202  0.832  nan  nan  nan  0.24  45.5  25.7
261120250203  0.830  nan  nan  nan  0.38  35.5  25.7
261120250204  0.828  nan  nan  nan  0.34  49.4  25.7
261120250205  0.828  nan  nan  nan  0.30  49.1  25.7
261120250206  0.826  nan  nan  nan  0.32  65.2  25.7
261120250207  0.822  nan  nan  nan  0.27  49.8  25.7
261120250208  0.820  nan  nan  nan  0.38  43.0  25.7
261120250209  0.817  nan  nan  nan  0.30  61.1  25.7
261120250210  0.816  nan  nan  nan  0.31  50.0  25.7
261120250211  0.813  nan  nan  nan  0.36  34.1  25.7
261120250212  0.813  nan  nan  nan  0.25  40.6  25.7
261120250213  0.812  nan  nan  nan  0.21  72.7  25.7
261120250214  0.809  nan  nan  nan  0.23  69.3  25.8
261120250215  0.805  nan  nan  nan  0.32  43.6  25.8
261120250216  0.802  nan  nan  nan  0.27  46.4  25.8
261120250217  0.799  nan  nan  nan  0.32  52.2  25.7
261120250218  0.794  nan  nan  nan  0.30  41.6  25.7
261120250219  0.791  nan  nan  nan  0.29  51.0  25.7
261120250220  0.786  nan  nan  nan  0.37  46.8  25.7
261120250221  0.782  nan  nan  nan  0.39  44.6  25.7
261120250222  0.778  nan  nan  nan  0.29  29.8  25.7
261120250223  0.772  nan  nan  nan  0.36  36.0  25.8
261120250224  0.768  nan  nan  nan  0.36  31.3  25.8
261120250225  0.763  nan  nan  nan  0.38  48.4  25.8
261120250226  0.758  nan  nan  nan  0.34  31.9  25.8
261120250227  0.752  nan  nan  nan  0.35  49.5  25.8
261120250228  0.745  nan  nan  nan  0.28  46.6  25.8
261120250229  0.739  nan  nan  nan  0.33  35.1  25.8
261120250230  0.733  nan  nan  nan  0.26  44.0  25.8
261120250231  0.727  nan  nan  nan  0.32  24.9  25.8
261120250232  0.722  nan  nan  nan  0.30  43.1  25.8
261120250233  0.717  nan  nan  nan  0.31  44.4  25.8
261120250234  0.713  nan  nan  nan  0.35  31.4  25.8
261120250235  0.708  nan  nan  nan  0.29  40.2  25.8
261120250236  0.702  nan  nan  nan  0.32  34.1  25.8
261120250237  0.699  nan  nan  nan  0.43  28.6  25.8
261120250238  0.695  nan  nan  nan  0.40  25.6  25.8
261120250239  0.691  nan  nan  nan  0.32  44.1  25.8
261120250240  0.687  nan  nan  nan  0.38  41.2  25.8
261120250241  0.683  nan  nan  nan  0.39  29.1  25.8
261120250242  0.678  nan  nan  nan  0.37  36.8  25.8
261120250243  0.674  nan  nan  nan  0.42  30.1  25.8
261120250244  0.671  nan  nan  nan  0.37  42.2  25.8
261120250245  0.669  nan  nan  nan  0.42  33.3  25.8
261120250246  0.666  nan  nan  nan  0.41  36.3  25.8
261120250247  0.664  nan  nan  nan  0.27  38.6  25.8
261120250248  0.659  nan  nan  nan  0.35  31.2  25.8
261120250249  0.656  nan  nan  nan  0.26  24.4  25.8
261120250250  0.653  nan  nan  nan  0.32  29.1  25.8
261120250251  0.651  nan  nan  nan  0.44  27.9  25.8
261120250252  0.649  nan  nan  nan  0.30  31.3  25.8
261120250253  0.650  nan  nan  nan  0.38  40.6  25.8
261120250254  0.651  nan  nan  nan  0.26  44.7  25.9
261120250255  0.650  nan  nan  nan  0.23  69.0  25.9
261120250256  0.650  nan  nan  nan  0.35  29.0  25.9
261120250257  0.651  nan  nan  nan  0.33  35.8  25.9
261120250258  0.650  nan  nan  nan  0.18  66.1  25.9
261120250259  0.650  nan  nan  nan  0.33  33.2  25.9
261120250300  0.650  nan  nan  nan  0.45  32.8  25.9
261120250301  0.649  nan  nan  nan  0.33  39.6  25.9
261120250302  0.649  nan  nan  nan  0.37  22.4  25.9
261120250303  0.649  nan  nan  nan  0.36  21.3  25.9
261120250304  0.647  nan  nan  nan  0.28  19.1  25.9
261120250305  0.647  nan  nan  nan  0.38  18.2  25.9
261120250306  0.646  nan  nan  nan  0.31  15.1  25.9
261120250307  0.646  nan  nan  nan  0.28  14.7  25.9
261120250308  0.644  nan  nan  nan  0.35  15.5  25.9
261120250309  0.642  nan  nan  nan  0.18  17.6  25.9
261120250310  0.642  nan  nan  nan  0.27  9.6  25.9
261120250311  0.642  nan  nan  nan  0.22  14.0  25.9
261120250312  0.644  nan  nan  nan  0.28  0.4  25.9
261120250313  0.645  nan  nan  nan  0.27  9.2  25.9
261120250314  0.647  nan  nan  nan  0.19  4.1  25.9
261120250315  0.650  nan  nan  nan  0.23  357.2  25.9
261120250316  0.651  nan  nan  nan  0.19  12.3  25.9
261120250317  0.654  nan  nan  nan  0.13  13.5  25.9
261120250318  0.657  nan  nan  nan  0.22  359.5  25.9
261120250319  0.661  nan  nan  nan  0.31  4.6  25.9
261120250320  0.664  nan  nan  nan  0.17  18.7  25.9
261120250321  0.664  nan  nan  nan  0.21  359.8  25.9
261120250322  0.666  nan  nan  nan  0.19  344.5  25.9
261120250323  0.667  nan  nan  nan  0.15  1.3  25.9
261120250324  0.667  nan  nan  nan  0.21  349.7  25.9
261120250325  0.668  nan  nan  nan  0.23  13.4  25.9
261120250326  0.669  nan  nan  nan  0.07  350.6  25.9
261120250327  0.671  nan  nan  nan  0.20  355.0  25.9
261120250328  0.673  nan  nan  nan  0.07  356.4  25.9
261120250329  0.675  nan  nan  nan  0.13  352.9  25.9
261120250330  0.676  nan  nan  nan  0.09  357.5  26.0
261120250331  0.676  nan  nan  nan  0.13  13.3  26.0
261120250332  0.676  nan  nan  nan  0.19  357.2  26.0
261120250333  0.675  nan  nan  nan  0.21  17.8  26.0
261120250334  0.673  nan  nan  nan  0.26  13.4  26.0
261120250335  0.669  nan  nan  nan  0.20  10.0  26.0
261120250336  0.667  nan  nan  nan  0.19  357.2  26.0
261120250337  0.663  nan  nan  nan  0.13  1.3  26.0
261120250338  0.658  nan  nan  nan  0.31  15.7  26.0
261120250339  0.652  nan  nan  nan  0.28  5.6  26.0
261120250340  0.646  nan  nan  nan  0.23  13.8  26.0
261120250341  0.639  nan  nan  nan  0.38  11.2  26.0
261120250342  0.633  nan  nan  nan  0.28  25.0  26.0
261120250343  0.627  nan  nan  nan  0.17  17.4  26.0
261120250344  0.621  nan  nan  nan  0.26  21.4  26.0
261120250345  0.617  nan  nan  nan  0.26  16.1  26.0
261120250346  0.612  nan  nan  nan  0.22  13.1  26.0
261120250347  0.610  nan  nan  nan  0.19  30.6  26.0
261120250348  0.607  nan  nan  nan  0.30  20.3  26.0
261120250349  0.605  nan  nan  nan  0.37  13.6  26.0
261120250350  0.603  nan  nan  nan  0.35  19.2  26.0
261120250351  0.603  nan  nan  nan  0.30  19.7  26.0
261120250352  0.601  nan  nan  nan  0.30  32.8  26.0
261120250353  0.601  nan  nan  nan  0.31  7.8  26.0
261120250354  0.601  nan  nan  nan  0.41  12.7  26.0
261120250355  0.601  nan  nan  nan  0.31  16.4  26.1
261120250356  0.601  nan  nan  nan  0.30  16.3  26.1
261120250357  0.601  nan  nan  nan  0.29  15.7  26.1
261120250358  0.600  nan  nan  nan  0.17  2.9  26.1
261120250359  0.601  nan  nan  nan  0.41  1.6  26.1
261120250400  0.602  nan  nan  nan  0.32  10.0  26.1
261120250401  0.603  nan  nan  nan  0.13  26.9  26.1
261120250402  0.604  nan  nan  nan  0.31  12.2  26.1
261120250403  0.604  nan  nan  nan  0.13  24.7  26.1
261120250404  0.604  nan  nan  nan  0.24  12.8  26.1
261120250405  0.603  nan  nan  nan  0.31  16.9  26.1
261120250406  0.604  nan  nan  nan  0.24  18.9  26.1
261120250407  0.601  nan  nan  nan  0.27  22.7  26.1
261120250408  0.597  nan  nan  nan  0.20  34.1  26.1
261120250409  0.594  nan  nan  nan  0.29  21.3  26.1
261120250410  0.589  nan  nan  nan  0.25  28.4  26.1
261120250411  0.585  nan  nan  nan  0.28  34.6  26.1
261120250412  0.580  nan  nan  nan  0.25  18.6  26.1
261120250413  0.574  nan  nan  nan  0.27  19.6  26.1
261120250414  0.567  nan  nan  nan  0.35  24.0  26.1
261120250415  0.562  nan  nan  nan  0.24  26.8  26.1
261120250416  0.556  nan  nan  nan  0.28  38.1  26.2
261120250417  0.550  nan  nan  nan  0.27  16.2  26.2
261120250418  0.545  nan  nan  nan  0.38  24.2  26.2
261120250419  0.539  nan  nan  nan  0.27  27.9  26.2
261120250420  0.532  nan  nan  nan  0.27  31.4  26.2
261120250421  0.526  nan  nan  nan  0.35  28.9  26.2
261120250422  0.523  nan  nan  nan  0.18  58.9  26.2
261120250423  0.519  nan  nan  nan  0.30  29.9  26.2
261120250424  0.514  nan  nan  nan  0.30  45.3  26.2
261120250425  0.511  nan  nan  nan  0.42  19.4  26.2
261120250426  0.506  nan  nan  nan  0.51  27.8  26.2
261120250427  0.503  nan  nan  nan  0.50  24.4  26.2
261120250428  0.501  nan  nan  nan  0.42  28.8  26.2
261120250429  0.499  nan  nan  nan  0.34  31.0  26.2
261120250430  0.498  nan  nan  nan  0.28  30.6  26.2
261120250431  0.499  nan  nan  nan  0.36  24.6  26.2
261120250432  0.500  nan  nan  nan  0.41  24.9  26.2
261120250433  0.501  nan  nan  nan  0.34  23.4  26.2
261120250434  0.502  nan  nan  nan  0.40  23.8  26.2
261120250435  0.505  nan  nan  nan  0.37  24.9  26.2
261120250436  0.506  nan  nan  nan  0.31  18.3  26.3
261120250437  0.509  nan  nan  nan  0.37  18.7  26.3
261120250438  0.510  nan  nan  nan  0.23  35.1  26.3
261120250439  0.512  nan  nan  nan  0.30  27.3  26.3
261120250440  0.516  nan  nan  nan  0.24  22.7  26.3
261120250441  0.519  nan  nan  nan  0.37  14.5  26.3
261120250442  0.522  nan  nan  nan  0.26  18.3  26.3
261120250443  0.526  nan  nan  nan  0.32  10.3  26.3
261120250444  0.531  nan  nan  nan  0.33  15.7  26.3
261120250445  0.536  nan  nan  nan  0.32  16.7  26.3
261120250446  0.541  nan  nan  nan  0.09  331.9  26.3
261120250447  0.546  nan  nan  nan  0.24  2.4  26.3
261120250448  0.551  nan  nan  nan  0.20  357.3  26.3
261120250449  0.554  nan  nan  nan  0.24  358.2  26.3
261120250450  0.558  nan  nan  nan  0.18  348.8  26.3
261120250451  0.562  nan  nan  nan  0.15  338.0  26.3
261120250452  0.567  nan  nan  nan  0.09  322.3  26.3
261120250453  0.571  nan  nan  nan  0.22  347.5  26.3
261120250454  0.576  nan  nan  nan  0.12  347.5  26.3
261120250455  0.581  nan  nan  nan  0.11  314.0  26.3
261120250456  0.583  nan  nan  nan  0.09  305.5  26.3
261120250457  0.586  nan  nan  nan  0.16  331.4  26.3
261120250458  0.586  nan  nan  nan  0.14  321.6  26.3
261120250459  0.587  nan  nan  nan  0.10  328.0  26.3
261120250500  0.589  nan  nan  nan  0.10  299.8  26.3
261120250501  0.590  nan  nan  nan  0.11  337.8  26.3
261120250502  0.593  nan  nan  nan  0.16  331.4  26.3
261120250503  0.595  nan  nan  nan  0.15  305.6  26.3
261120250504  0.597  nan  nan  nan  0.11  236.4  26.3
261120250505  0.601  nan  nan  nan  0.14  295.9  26.3
261120250506  0.601  nan  nan  nan  0.12  319.8  26.3
261120250507  0.602  nan  nan  nan  0.13  326.2  26.3
261120250508  0.603  nan  nan  nan  0.10  285.6  26.3
261120250509  0.603  nan  nan  nan  0.14  228.0  26.3
261120250510  0.603  nan  nan  nan  0.16  250.3  26.3
261120250511  0.603  nan  nan  nan  0.12  286.8  26.3
261120250512  0.605  nan  nan  nan  0.17  235.5  26.3
261120250513  0.605  nan  nan  nan  0.09  267.7  26.3
261120250514  0.605  nan  nan  nan  0.09  296.9  26.3
261120250515  0.605  nan  nan  nan  0.05  284.2  26.3
261120250516  0.605  nan  nan  nan  0.17  299.0  26.3
261120250517  0.605  nan  nan  nan  0.17  243.6  26.3
261120250518  0.605  nan  nan  nan  0.07  292.9  26.3
261120250519  0.605  nan  nan  nan  0.18  342.0  26.3
261120250520  0.604  nan  nan  nan  0.08  327.0  26.3
261120250521  0.603  nan  nan  nan  0.06  329.0  26.3
261120250522  0.603  nan  nan  nan  0.12  310.8  26.2
261120250523  0.601  nan  nan  nan  0.15  309.6  26.2
261120250524  0.600  nan  nan  nan  0.07  308.0  26.2
261120250525  0.599  nan  nan  nan  0.07  291.3  26.2
261120250526  0.598  nan  nan  nan  0.18  20.1  26.2
261120250527  0.596  nan  nan  nan  0.13  1.4  26.2
261120250528  0.592  nan  nan  nan  nan  nan  nan
261120250529  0.590  nan  nan  nan  0.06  13.5  26.2
261120250530  0.587  nan  nan  nan  0.17  5.3  26.2
261120250531  0.582  nan  nan  nan  0.07  33.8  26.2
261120250532  0.578  nan  nan  nan  0.15  22.0  26.2
261120250533  0.574  nan  nan  nan  0.16  12.8  26.2
261120250534  0.569  nan  nan  nan  0.06  347.8  26.2
261120250535  0.566  nan  nan  nan  0.12  11.8  26.3
261120250536  0.563  nan  nan  nan  0.08  10.0  26.3
261120250537  0.561  nan  nan  nan  0.12  38.7  26.3
261120250538  0.560  nan  nan  nan  0.06  87.3  26.3
261120250539  0.559  nan  nan  nan  0.14  12.3  26.3
261120250540  0.558  nan  nan  nan  0.07  10.0  26.3
261120250541  0.556  nan  nan  nan  0.17  34.2  26.3
261120250542  0.556  nan  nan  nan  0.08  22.7  26.3
261120250543  0.557  nan  nan  nan  0.15  336.7  26.4
261120250544  0.556  nan  nan  nan  0.09  358.2  26.4
261120250545  0.557  nan  nan  nan  0.13  351.3  26.4
261120250546  0.557  nan  nan  nan  0.16  352.0  26.4
261120250547  0.558  nan  nan  nan  0.08  20.2  26.4
261120250548  0.556  nan  nan  nan  0.29  346.2  26.4
261120250549  0.558  nan  nan  nan  0.23  337.9  26.4
261120250550  0.558  nan  nan  nan  0.17  350.5  26.4
261120250551  0.558  nan  nan  nan  0.26  354.7  26.4
261120250552  0.557  nan  nan  nan  0.16  343.7  26.4
261120250553  0.556  nan  nan  nan  0.23  1.3  26.4
261120250554  0.554  nan  nan  nan  0.22  4.4  26.4
261120250555  0.555  nan  nan  nan  0.08  8.5  26.4
261120250556  0.555  nan  nan  nan  0.12  32.3  26.4
261120250557  0.555  nan  nan  nan  0.24  31.6  26.4
261120250558  0.558  nan  nan  nan  0.10  40.2  26.4
261120250559  0.558  nan  nan  nan  0.07  13.4  26.4
261120250600  0.558  nan  nan  nan  0.09  16.2  26.5
261120250601  0.560  nan  nan  nan  0.13  3.9  26.5
261120250602  0.561  nan  nan  nan  0.09  19.7  26.5
261120250603  0.562  nan  nan  nan  nan  nan  nan
261120250604  0.563  nan  nan  nan  0.14  19.5  26.5
261120250605  0.566  nan  nan  nan  0.09  0.1  26.5
261120250606  0.566  nan  nan  nan  0.10  354.1  26.5
261120250607  0.568  nan  nan  nan  0.08  342.2  26.5
261120250608  0.571  nan  nan  nan  0.07  40.4  26.5
261120250609  0.575  nan  nan  nan  nan  nan  nan
261120250610  0.578  nan  nan  nan  0.08  129.2  26.5
261120250611  0.583  nan  nan  nan  0.08  2.9  26.5
261120250612  0.589  nan  nan  nan  0.05  232.0  26.5
261120250613  0.594  nan  nan  nan  0.04  258.2  26.5
261120250614  0.601  nan  nan  nan  0.07  337.2  26.4
261120250615  0.606  nan  nan  nan  0.10  187.8  26.4
261120250616  0.612  nan  nan  nan  0.05  247.0  26.4
261120250617  0.617  nan  nan  nan  0.05  107.4  26.4
261120250618  0.623  nan  nan  nan  0.06  243.5  26.4
261120250619  0.628  nan  nan  nan  0.08  238.9  26.4
261120250620  0.633  nan  nan  nan  0.08  251.1  26.4
261120250621  0.641  nan  nan  nan  0.10  244.8  26.4
261120250622  0.646  nan  nan  nan  0.21  234.2  26.4
261120250623  0.653  nan  nan  nan  0.18  246.3  26.4
261120250624  0.658  nan  nan  nan  0.20  251.9  26.4
261120250625  0.662  nan  nan  nan  0.25  239.1  26.4
261120250626  0.665  nan  nan  nan  0.23  257.3  26.4
261120250627  0.669  nan  nan  nan  0.26  260.2  26.4
261120250628  0.672  nan  nan  nan  0.26  239.3  26.4
261120250629  0.676  nan  nan  nan  0.34  223.0  26.3
261120250630  0.680  nan  nan  nan  0.20  230.2  26.3
261120250631  0.685  nan  nan  nan  0.15  207.9  26.3
261120250632  0.689  nan  nan  nan  0.12  217.0  26.3
261120250633  0.693  nan  nan  nan  0.20  196.3  26.3
261120250634  0.696  nan  nan  nan  0.19  204.5  26.3
261120250635  0.701  nan  nan  nan  0.24  208.3  26.3
261120250636  0.705  nan  nan  nan  0.19  204.9  26.3
261120250637  0.710  nan  nan  nan  0.22  192.5  26.3
261120250638  0.713  nan  nan  nan  0.20  200.9  26.3
261120250639  0.719  nan  nan  nan  0.19  212.7  26.3
261120250640  0.721  2.0  244.1  2.0  0.09  198.3  26.2
261120250641  0.724  2.0  244.1  2.0  0.14  205.8  26.2
261120250642  0.726  2.0  244.1  2.0  0.10  201.3  26.2
261120250643  0.729  2.0  244.1  2.0  0.15  205.8  26.2
261120250644  0.732  nan  nan  nan  0.11  229.9  26.2
261120250645  0.735  nan  nan  nan  0.23  225.7  26.2
261120250646  0.738  nan  nan  nan  0.24  240.3  26.2
261120250647  0.738  nan  nan  nan  0.30  237.6  26.2
261120250648  0.738  nan  nan  nan  0.28  255.6  26.2
261120250649  0.741  nan  nan  nan  0.13  235.6  26.2
261120250650  0.742  nan  nan  nan  0.24  212.1  26.2
261120250651  0.744  nan  nan  nan  0.26  201.0  26.1
261120250652  0.747  nan  nan  nan  0.12  238.8  26.1
261120250653  0.749  nan  nan  nan  0.20  195.7  26.1
261120250654  0.750  nan  nan  nan  0.08  201.6  26.1
261120250655  0.750  nan  nan  nan  0.03  249.7  26.1
261120250656  0.751  nan  nan  nan  0.15  225.2  26.1
261120250657  0.750  nan  nan  nan  0.10  222.8  26.1
261120250658  0.750  nan  nan  nan  0.11  243.7  26.1
261120250659  0.750  nan  nan  nan  0.08  219.7  26.1
261120250700  0.751  nan  nan  nan  0.14  230.6  26.1
261120250701  0.751  nan  nan  nan  0.14  213.8  26.1
261120250702  0.752  nan  nan  nan  0.21  213.5  26.1
261120250703  0.754  nan  nan  nan  0.12  205.6  26.1
261120250704  0.755  nan  nan  nan  0.15  202.0  26.1
261120250705  0.756  nan  nan  nan  0.18  216.8  26.1
261120250706  0.758  nan  nan  nan  0.23  200.8  26.1
261120250707  0.761  nan  nan  nan  0.23  205.4  26.1
261120250708  0.764  nan  nan  nan  0.15  212.2  26.1
261120250709  0.764  nan  nan  nan  0.12  220.8  26.1
261120250710  0.767  nan  nan  nan  0.12  264.6  26.0
261120250711  0.769  nan  nan  nan  0.18  197.6  26.1
261120250712  0.771  nan  nan  nan  0.09  203.7  26.0
261120250713  0.775  nan  nan  nan  0.18  198.2  26.0
261120250714  0.779  nan  nan  nan  0.11  256.9  26.0
261120250715  0.782  nan  nan  nan  0.16  213.1  26.0
261120250716  0.784  nan  nan  nan  0.22  232.4  26.0
261120250717  0.785  nan  nan  nan  0.21  214.0  26.0
261120250718  0.786  nan  nan  nan  0.16  203.9  26.0
261120250719  0.787  nan  nan  nan  0.18  211.2  26.0
261120250720  0.788  nan  nan  nan  0.27  213.6  26.0
261120250721  0.789  nan  nan  nan  0.20  222.9  26.0
261120250722  0.791  nan  nan  nan  0.34  207.2  26.0
261120250723  0.794  nan  nan  nan  0.22  208.1  26.0
261120250724  0.796  nan  nan  nan  0.23  209.7  26.0
261120250725  0.797  nan  nan  nan  0.18  217.6  26.0
261120250726  0.800  nan  nan  nan  0.17  213.4  26.0
261120250727  0.802  nan  nan  nan  0.16  208.0  26.0
261120250728  0.803  nan  nan  nan  0.13  227.6  26.0
261120250729  0.805  nan  nan  nan  0.24  214.9  26.0
261120250730  0.806  nan  nan  nan  0.16  224.9  26.0
261120250731  0.807  nan  nan  nan  0.25  192.6  26.0
261120250732  0.808  nan  nan  nan  0.31  199.5  26.0
261120250733  0.811  nan  nan  nan  0.28  194.9  26.0
261120250734  0.812  nan  nan  nan  0.23  195.4  26.0
261120250735  0.814  nan  nan  nan  0.06  236.2  26.0
261120250736  0.817  nan  nan  nan  0.23  218.3  26.0
261120250737  0.819  nan  nan  nan  0.21  193.8  26.0
261120250738  0.822  nan  nan  nan  0.18  193.8  25.9
261120250739  0.825  nan  nan  nan  0.23  195.7  25.9
261120250740  0.828  nan  nan  nan  0.23  186.2  25.9
261120250741  0.829  nan  nan  nan  0.26  191.7  25.9
261120250742  0.831  nan  nan  nan  0.26  201.9  25.9
261120250743  0.833  nan  nan  nan  0.17  187.4  25.9
261120250744  0.836  nan  nan  nan  0.34  186.7  25.9
261120250745  0.842  nan  nan  nan  0.40  186.7  25.9
261120250746  0.847  nan  nan  nan  0.23  199.5  25.9
261120250747  0.852  nan  nan  nan  0.28  203.8  25.9
261120250748  0.857  nan  nan  nan  0.19  202.0  25.9
261120250749  0.862  nan  nan  nan  0.29  206.6  25.9
261120250750  0.867  nan  nan  nan  0.27  201.9  25.9
261120250751  0.873  nan  nan  nan  0.26  196.8  25.9
261120250752  0.880  nan  nan  nan  0.44  191.5  25.9
261120250753  0.886  nan  nan  nan  0.29  198.7  25.9
261120250754  0.894  nan  nan  nan  0.33  197.8  25.9
261120250755  0.901  nan  nan  nan  0.27  195.8  25.9
261120250756  0.908  nan  nan  nan  0.26  215.2  25.9
261120250757  0.915  nan  nan  nan  0.32  204.3  25.9
261120250758  0.923  nan  nan  nan  0.29  200.0  25.9
261120250759  0.930  nan  nan  nan  0.26  212.4  25.9
261120250800  0.937  nan  nan  nan  0.22  213.6  25.9
261120250801  0.944  nan  nan  nan  0.29  204.4  25.9
261120250802  0.949  nan  nan  nan  0.30  205.4  25.9
261120250803  0.954  nan  nan  nan  0.26  215.0  25.8
261120250804  0.959  nan  nan  nan  0.34  208.8  25.8
261120250805  0.967  nan  nan  nan  0.41  202.9  25.8
261120250806  0.975  nan  nan  nan  0.23  195.9  25.8
261120250807  0.982  2.0  244.1  2.0  0.35  198.0  25.8
261120250808  0.989  2.0  244.1  2.0  0.38  194.9  25.9
261120250809  0.996  2.0  244.1  2.0  0.26  206.4  25.9
261120250810  1.003  2.0  244.1  2.0  0.27  196.6  25.9
261120250811  1.011  2.0  244.1  2.0  0.38  197.4  25.9
261120250812  1.017  nan  nan  nan  0.31  188.5  25.9
261120250813  1.021  nan  nan  nan  0.25  190.9  25.9
261120250814  1.026  nan  nan  nan  nan  nan  nan
261120250815  1.030  nan  nan  nan  0.21  190.0  25.9
261120250816  1.034  nan  nan  nan  nan  nan  nan
261120250817  1.039  nan  nan  nan  0.41  189.2  25.9
261120250818  1.041  nan  nan  nan  0.35  188.1  25.8
261120250819  1.045  nan  nan  nan  nan  nan  nan
261120250820  1.050  nan  nan  nan  0.32  194.1  25.8
261120250821  1.055  nan  nan  nan  0.37  192.4  25.8
261120250822  1.060  nan  nan  nan  0.36  190.0  25.8
261120250823  1.064  nan  nan  nan  0.21  210.3  25.8
261120250824  1.069  nan  nan  nan  0.29  199.6  25.8
261120250825  1.072  nan  nan  nan  0.38  193.3  25.8
261120250826  1.078  nan  nan  nan  0.43  202.4  25.8
261120250827  1.081  nan  nan  nan  0.39  200.5  25.8
261120250828  1.085  nan  nan  nan  0.25  219.7  25.8
261120250829  1.089  nan  nan  nan  0.37  210.1  25.8
261120250830  1.093  nan  nan  nan  0.31  194.3  25.8
261120250831  1.096  nan  nan  nan  0.32  208.9  25.8
261120250832  1.098  nan  nan  nan  0.36  196.4  25.8
261120250833  1.101  nan  nan  nan  0.34  196.3  25.8
261120250834  1.103  nan  nan  nan  0.28  196.4  25.8
261120250835  1.105  nan  nan  nan  0.31  206.5  25.8
261120250836  1.106  nan  nan  nan  0.32  194.5  25.8
261120250837  1.107  nan  nan  nan  0.26  183.5  25.8
261120250838  1.109  nan  nan  nan  0.29  188.1  25.8
261120250839  1.111  nan  nan  nan  0.33  193.3  25.8
261120250840  1.116  nan  nan  nan  0.34  186.1  25.8
261120250841  1.119  nan  nan  nan  0.31  187.1  25.8
261120250842  1.121  nan  nan  nan  0.30  188.5  25.8
261120250843  1.121  nan  nan  nan  0.36  201.0  25.8
261120250844  1.122  nan  nan  nan  0.22  218.4  25.8
261120250845  1.123  nan  nan  nan  0.25  208.2  25.8
261120250846  1.124  nan  nan  nan  0.27  221.3  25.8
261120250847  1.125  nan  nan  nan  0.23  237.8  25.8
261120250848  1.126  nan  nan  nan  0.22  226.4  25.8
261120250849  1.127  nan  nan  nan  0.23  265.1  25.8
261120250850  1.129  nan  nan  nan  0.21  224.3  25.8
261120250851  1.132  nan  nan  nan  0.22  216.1  25.8
261120250852  1.134  nan  nan  nan  0.20  244.3  25.8
261120250853  1.137  nan  nan  nan  0.23  226.3  25.8
261120250854  1.138  nan  nan  nan  0.28  220.7  25.8
261120250855  1.143  nan  nan  nan  0.28  220.7  25.8
261120250856  1.146  nan  nan  nan  0.28  231.3  25.9
261120250857  1.148  nan  nan  nan  0.32  218.4  25.9
261120250858  1.152  nan  nan  nan  0.15  239.6  25.9
261120250859  1.155  nan  nan  nan  0.23  242.3  25.9
261120250900  1.160  nan  nan  nan  0.35  219.4  25.9
261120250901  1.162  nan  nan  nan  0.28  242.3  25.9
261120250902  1.166  nan  nan  nan  0.26  251.5  25.9
261120250903  1.170  2.0  244.1  2.0  0.30  232.2  25.9
261120250904  1.175  2.0  244.1  2.0  0.38  237.1  25.9
261120250905  1.180  2.0  244.1  2.0  0.24  244.2  25.9
261120250906  1.184  2.0  244.1  2.0  0.24  256.5  25.9
261120250907  1.188  2.0  244.1  2.0  0.33  232.8  25.9
261120250908  1.191  nan  nan  nan  0.27  235.3  25.9
261120250909  1.194  nan  nan  nan  0.36  214.1  25.9
261120250910  1.198  nan  nan  nan  0.37  219.4  25.8
261120250911  1.201  nan  nan  nan  0.31  210.2  25.8
261120250912  1.205  nan  nan  nan  0.35  213.2  25.8
261120250913  1.210  nan  nan  nan  0.49  206.9  25.8
261120250914  1.214  nan  nan  nan  0.34  222.2  25.8
261120250915  1.217  nan  nan  nan  0.24  232.7  25.8
261120250916  1.219  nan  nan  nan  0.34  215.3  25.8
261120250917  1.223  nan  nan  nan  0.33  220.4  25.7
261120250918  1.226  nan  nan  nan  0.43  200.5  25.7
261120250919  1.229  nan  nan  nan  0.23  231.9  25.7
261120250920  1.232  nan  nan  nan  0.38  203.1  25.7
261120250921  1.237  nan  nan  nan  0.28  217.3  25.7
261120250922  1.240  nan  nan  nan  0.46  192.4  25.7
261120250923  1.245  nan  nan  nan  0.37  202.0  25.6
261120250924  1.248  nan  nan  nan  0.36  193.1  25.6
261120250925  1.252  nan  nan  nan  0.29  181.9  25.6
261120250926  1.253  nan  nan  nan  0.46  193.4  25.6
261120250927  1.256  nan  nan  nan  0.36  193.1  25.6
261120250928  1.261  nan  nan  nan  0.46  182.7  25.6
261120250929  1.266  nan  nan  nan  0.40  188.1  25.6
261120250930  1.271  nan  nan  nan  0.36  197.8  25.7
261120250931  1.278  nan  nan  nan  0.31  192.9  25.7
261120250932  1.285  nan  nan  nan  0.42  185.5  25.7
261120250933  1.289  nan  nan  nan  0.34  179.7  25.7
261120250934  1.294  nan  nan  nan  0.40  184.7  25.7
261120250935  1.299  nan  nan  nan  0.45  181.8  25.7
261120250936  1.305  nan  nan  nan  0.38  187.1  25.7
261120250937  1.311  nan  nan  nan  0.37  186.4  25.6
261120250938  1.316  nan  nan  nan  0.36  188.7  25.6
261120250939  1.322  nan  nan  nan  0.28  186.9  25.6
261120250940  1.326  nan  nan  nan  0.49  180.7  25.6
261120250941  1.332  nan  nan  nan  0.48  180.0  25.6
261120250942  1.338  nan  nan  nan  0.49  185.5  25.6
261120250943  1.344  nan  nan  nan  0.48  177.1  25.6
261120250944  1.349  nan  nan  nan  0.39  180.6  25.6
261120250945  1.354  nan  nan  nan  0.57  180.5  25.6
261120250946  1.360  nan  nan  nan  0.36  179.7  25.6
261120250947  1.366  nan  nan  nan  0.34  185.1  25.6
261120250948  1.373  nan  nan  nan  0.32  187.9  25.6
261120250949  1.378  nan  nan  nan  0.22  175.5  25.6
261120250950  1.384  nan  nan  nan  0.40  189.2  25.6
261120250951  1.391  nan  nan  nan  0.45  185.3  25.6
261120250952  1.396  nan  nan  nan  0.43  197.0  25.7
261120250953  1.401  nan  nan  nan  0.40  193.3  25.7
261120250954  1.405  nan  nan  nan  0.43  201.3  25.7
261120250955  1.410  nan  nan  nan  0.49  191.4  25.7
261120250956  1.414  nan  nan  nan  0.44  189.5  25.7
261120250957  1.418  nan  nan  nan  0.37  193.9  25.7
261120250958  1.420  nan  nan  nan  0.35  176.9  25.7
261120250959  1.423  nan  nan  nan  0.36  186.3  25.7
261120251000  1.427  nan  nan  nan  0.21  220.6  25.7
261120251001  1.430  nan  nan  nan  0.26  187.5  25.7
261120251002  1.434  nan  nan  nan  0.18  193.7  25.7
261120251003  1.437  nan  nan  nan  0.37  192.4  25.7
261120251004  1.439  nan  nan  nan  0.49  191.4  25.7
261120251005  1.441  nan  nan  nan  0.37  176.7  25.7
261120251006  1.445  nan  nan  nan  0.30  179.9  25.6
261120251007  1.447  nan  nan  nan  0.39  180.5  25.6
261120251008  1.449  nan  nan  nan  0.34  184.4  25.6
261120251009  1.450  nan  nan  nan  0.40  169.5  25.6
261120251010  1.452  nan  nan  nan  0.36  177.8  25.6
261120251011  1.454  nan  nan  nan  0.41  179.4  25.5
261120251012  1.456  nan  nan  nan  0.37  175.9  25.5
261120251013  1.458  nan  nan  nan  0.47  181.7  25.4
261120251014  1.458  nan  nan  nan  0.30  182.2  25.4
261120251015  1.458  nan  nan  nan  0.34  174.9  25.4
261120251016  1.458  nan  nan  nan  0.41  183.7  25.3
261120251017  1.458  nan  nan  nan  0.32  171.5  25.2
261120251018  1.458  nan  nan  nan  0.29  175.1  25.2
261120251019  1.459  nan  nan  nan  0.34  188.4  25.1
261120251020  1.460  nan  nan  nan  0.33  194.8  25.1
261120251021  1.460  nan  nan  nan  0.31  158.9  25.1
261120251022  1.460  nan  nan  nan  0.25  175.2  25.1
261120251023  1.460  nan  nan  nan  0.34  178.5  25.1
261120251024  1.458  nan  nan  nan  0.35  174.7  25.1
261120251025  1.457  nan  nan  nan  0.25  170.6  25.1
261120251026  1.455  nan  nan  nan  0.24  165.3  25.1
261120251027  1.454  nan  nan  nan  0.35  184.5  25.1
261120251028  1.454  nan  nan  nan  0.24  162.0  25.1
261120251029  1.454  nan  nan  nan  nan  nan  nan
261120251030  1.455  nan  nan  nan  0.29  181.0  25.1
261120251031  1.455  nan  nan  nan  0.37  172.8  25.1
261120251032  1.456  nan  nan  nan  0.38  172.6  25.1
261120251033  1.457  nan  nan  nan  0.33  174.3  25.1
261120251034  1.457  nan  nan  nan  0.18  172.2  25.1
261120251035  1.459  nan  nan  nan  0.32  164.4  25.1
261120251036  1.460  nan  nan  nan  0.27  170.4  25.0
261120251037  1.464  nan  nan  nan  0.22  163.2  25.0
261120251038  1.467  nan  nan  nan  0.27  164.9  24.9
261120251039  1.470  nan  nan  nan  0.20  173.3  24.9
261120251040  1.471  nan  nan  nan  0.22  171.2  24.8
261120251041  1.472  nan  nan  nan  0.39  174.6  24.8
261120251042  1.474  nan  nan  nan  0.49  175.6  24.7
261120251043  1.476  nan  nan  nan  0.34  172.2  24.8
261120251044  1.478  nan  nan  nan  0.31  169.6  24.8
261120251045  1.479  nan  nan  nan  0.26  165.8  24.8
261120251046  1.481  nan  nan  nan  0.33  191.3  24.7
261120251047  1.482  nan  nan  nan  0.35  189.4  24.7
261120251048  1.483  nan  nan  nan  0.32  158.6  24.7
261120251049  1.486  nan  nan  nan  0.32  161.3  24.7
261120251050  1.490  nan  nan  nan  0.23  162.3  24.7
261120251051  1.493  nan  nan  nan  0.22  172.7  24.7
261120251052  1.496  nan  nan  nan  0.15  151.0  24.7
261120251053  1.499  nan  nan  nan  0.13  166.0  24.6
261120251054  1.502  nan  nan  nan  0.06  168.2  24.6
261120251055  1.506  nan  nan  nan  0.14  145.5  24.6
261120251056  1.510  nan  nan  nan  0.13  115.1  24.5
261120251057  1.515  nan  nan  nan  0.15  172.3  24.5
261120251058  1.519  nan  nan  nan  0.21  163.7  24.5
261120251059  1.522  nan  nan  nan  0.27  159.3  24.3
261120251100  1.525  nan  nan  nan  0.36  182.9  24.1
261120251101  1.529  nan  nan  nan  0.42  181.2  23.9
261120251102  1.532  nan  nan  nan  0.35  166.1  23.8
261120251103  1.536  nan  nan  nan  0.40  180.3  23.6
261120251104  1.539  nan  nan  nan  0.34  168.7  23.5
261120251105  1.540  nan  nan  nan  0.15  154.0  23.5
261120251106  1.542  nan  nan  nan  0.30  177.1  23.6
261120251107  1.546  nan  nan  nan  0.28  184.9  23.6
261120251108  1.549  nan  nan  nan  0.30  170.0  23.6
261120251109  1.551  nan  nan  nan  0.18  173.3  23.5
261120251110  1.554  nan  nan  nan  0.32  173.3  23.5
261120251111  1.556  nan  nan  nan  0.37  179.0  23.6
261120251112  1.558  nan  nan  nan  0.23  169.3  23.7
261120251113  1.561  nan  nan  nan  0.31  173.9  23.8
261120251114  1.563  nan  nan  nan  0.27  175.8  23.8
261120251115  1.566  nan  nan  nan  0.26  166.3  23.8
261120251116  1.568  nan  nan  nan  0.17  150.7  23.8
261120251117  1.571  nan  nan  nan  0.35  161.6  23.7
261120251118  1.575  nan  nan  nan  0.27  169.6  23.7
261120251119  1.578  nan  nan  nan  0.23  156.6  23.6
261120251120  1.582  nan  nan  nan  0.21  162.5  23.6
261120251121  1.585  nan  nan  nan  0.25  188.2  23.6
261120251122  1.588  nan  nan  nan  0.31  183.2  23.7
261120251123  1.591  nan  nan  nan  0.29  179.9  23.8
261120251124  1.595  nan  nan  nan  0.34  176.6  23.8
261120251125  1.599  nan  nan  nan  0.32  173.2  23.8
261120251126  1.603  nan  nan  nan  0.24  190.0  23.8
261120251127  1.606  nan  nan  nan  0.23  190.5  23.8
261120251128  1.607  nan  nan  nan  0.24  190.9  23.9
261120251129  1.611  nan  nan  nan  0.31  190.0  23.9
261120251130  1.613  nan  nan  nan  0.30  180.7  23.9
261120251131  1.615  nan  nan  nan  0.25  176.3  23.9
261120251132  1.618  nan  nan  nan  0.31  183.1  24.0
261120251133  1.619  nan  nan  nan  0.35  180.3  24.0
261120251134  1.619  nan  nan  nan  0.30  190.0  24.0
261120251135  1.619  nan  nan  nan  0.27  182.3  23.9
261120251136  1.619  nan  nan  nan  0.11  191.9  23.9
261120251137  1.617  nan  nan  nan  0.17  183.5  23.9
261120251138  1.617  nan  nan  nan  0.12  174.2  24.0
261120251139  1.617  nan  nan  nan  0.18  174.6  24.0
261120251140  1.615  nan  nan  nan  0.19  149.6  24.0
261120251141  1.614  nan  nan  nan  0.19  158.3  23.9
261120251142  1.612  nan  nan  nan  0.18  133.9  23.8
261120251143  1.611  nan  nan  nan  0.30  164.8  23.6
261120251144  1.608  nan  nan  nan  0.34  170.0  23.6
261120251145  1.606  nan  nan  nan  0.19  165.3  23.5
261120251146  1.602  nan  nan  nan  0.18  159.8  23.5
261120251147  1.601  nan  nan  nan  0.14  137.5  23.5
261120251148  1.600  nan  nan  nan  0.16  150.0  23.4
261120251149  1.600  nan  nan  nan  0.24  172.3  23.4
261120251150  1.598  nan  nan  nan  0.24  167.8  23.3
261120251151  1.597  nan  nan  nan  0.25  165.7  23.3
261120251152  1.597  nan  nan  nan  0.18  146.8  23.3
261120251153  1.597  nan  nan  nan  0.08  172.0  23.4
261120251154  1.597  nan  nan  nan  0.11  180.2  23.4
261120251155  1.596  nan  nan  nan  0.18  177.3  23.4
261120251156  1.597  nan  nan  nan  0.25  187.7  23.3
261120251157  1.598  nan  nan  nan  0.30  191.5  23.3
261120251158  1.599  nan  nan  nan  0.21  176.8  23.3
261120251159  1.599  nan  nan  nan  0.21  175.4  23.4
261120251200  1.599  nan  nan  nan  0.21  172.4  23.4
261120251201  1.599  nan  nan  nan  0.17  183.3  23.4
261120251202  1.600  nan  nan  nan  0.30  194.5  23.4
261120251203  1.602  nan  nan  nan  0.15  201.2  23.5
261120251204  1.603  nan  nan  nan  0.18  168.8  23.5
261120251205  1.602  nan  nan  nan  0.24  166.7  23.5
261120251206  1.604  nan  nan  nan  0.30  178.2  23.5
261120251207  1.602  nan  nan  nan  0.30  170.9  23.5
261120251208  1.602  nan  nan  nan  0.18  158.2  23.5
261120251209  1.601  nan  nan  nan  0.21  167.6  23.5
261120251210  1.601  nan  nan  nan  0.18  168.8  23.5
261120251211  1.600  nan  nan  nan  nan  nan  nan
261120251212  1.600  nan  nan  nan  0.18  155.3  23.4
261120251213  1.600  nan  nan  nan  0.25  187.3  23.4
261120251214  1.598  nan  nan  nan  0.05  185.8  23.4
261120251215  1.595  nan  nan  nan  0.15  165.4  23.4
261120251216  1.592  nan  nan  nan  0.13  124.7  23.5
261120251217  1.591  nan  nan  nan  nan  nan  nan
261120251218  1.590  nan  nan  nan  0.17  167.8  23.5
261120251219  1.590  nan  nan  nan  0.20  162.4  23.5
261120251220  1.589  nan  nan  nan  0.18  138.9  23.5
261120251221  1.586  nan  nan  nan  0.17  139.9  23.5
261120251222  1.586  nan  nan  nan  0.18  170.2  23.4
261120251223  1.584  nan  nan  nan  0.27  187.5  23.4
261120251224  1.582  nan  nan  nan  0.07  227.5  23.4
261120251225  1.581  nan  nan  nan  0.32  201.5  23.4
261120251226  1.579  nan  nan  nan  0.21  214.0  23.4
261120251227  1.578  nan  nan  nan  0.23  201.4  23.4
261120251228  1.577  nan  nan  nan  0.09  202.3  23.3
261120251229  1.575  nan  nan  nan  0.24  191.4  23.2
261120251230  1.574  nan  nan  nan  0.16  199.8  23.2
261120251231  1.571  nan  nan  nan  0.14  203.2  23.1
261120251232  1.571  nan  nan  nan  0.18  196.1  23.1
261120251233  1.569  nan  nan  nan  0.15  202.4  23.0
261120251234  1.567  nan  nan  nan  0.11  70.6  23.0
261120251235  1.566  nan  nan  nan  0.07  191.7  23.0
261120251236  1.564  nan  nan  nan  0.09  229.5  23.0
261120251237  1.562  nan  nan  nan  0.24  182.4  23.0
261120251238  1.562  nan  nan  nan  0.22  200.0  23.1
261120251239  1.562  nan  nan  nan  0.16  159.6  23.1
261120251240  1.559  nan  nan  nan  0.04  86.0  23.1
261120251241  1.557  nan  nan  nan  0.06  191.8  23.1
261120251242  1.557  nan  nan  nan  0.20  187.2  23.1
261120251243  1.557  nan  nan  nan  0.17  172.4  23.2
261120251244  1.557  nan  nan  nan  0.22  191.5  23.2
261120251245  1.557  nan  nan  nan  0.19  199.1  23.2
261120251246  1.560  nan  nan  nan  0.13  205.3  23.2
261120251247  1.560  nan  nan  nan  0.11  218.3  23.2
261120251248  1.560  nan  nan  nan  0.12  183.6  23.2
261120251249  1.562  nan  nan  nan  0.16  188.6  23.2
261120251250  1.563  nan  nan  nan  0.17  184.2  23.2
261120251251  1.565  nan  nan  nan  0.13  196.9  23.2
261120251252  1.566  nan  nan  nan  0.19  199.3  23.2
261120251253  1.567  nan  nan  nan  0.18  190.0  23.1
261120251254  1.567  nan  nan  nan  0.07  160.1  23.1
261120251255  1.566  nan  nan  nan  0.08  201.0  23.1
261120251256  1.567  nan  nan  nan  0.04  140.9  23.1
261120251257  1.567  nan  nan  nan  0.08  205.8  23.1
261120251258  1.567  nan  nan  nan  0.15  192.9  23.0
261120251259  1.567  nan  nan  nan  0.07  182.3  23.0
261120251300  1.565  nan  nan  nan  0.23  188.5  23.0
261120251301  1.565  nan  nan  nan  0.11  180.7  23.0
261120251302  1.565  nan  nan  nan  0.10  182.0  22.9
261120251303  1.564  nan  nan  nan  0.10  193.4  22.9
261120251304  1.564  nan  nan  nan  0.16  168.3  22.9
261120251305  1.565  nan  nan  nan  0.07  227.5  22.9
261120251306  1.565  nan  nan  nan  0.17  174.9  22.9
261120251307  1.566  nan  nan  nan  0.18  171.8  22.9
261120251308  1.566  nan  nan  nan  0.18  168.8  22.9
261120251309  1.566  nan  nan  nan  0.17  182.6  22.9
261120251310  1.567  nan  nan  nan  0.23  202.3  22.9
261120251311  1.566  nan  nan  nan  0.16  187.2  22.9
261120251312  1.567  nan  nan  nan  0.11  191.0  22.9
261120251313  1.567  nan  nan  nan  0.14  183.7  22.9
261120251314  1.568  nan  nan  nan  0.05  277.9  22.9
261120251315  1.568  nan  nan  nan  0.06  119.5  22.9
261120251316  1.567  nan  nan  nan  0.19  186.5  22.9
261120251317  1.568  nan  nan  nan  0.09  164.5  22.9
261120251318  1.565  nan  nan  nan  0.08  187.2  22.9
261120251319  1.562  nan  nan  nan  0.05  138.7  22.9
261120251320  1.560  nan  nan  nan  0.10  180.2  22.9
261120251321  1.556  nan  nan  nan  0.21  178.0  22.9
261120251322  1.553  nan  nan  nan  0.11  185.8  22.9
261120251323  1.549  nan  nan  nan  0.14  179.9  22.9
261120251324  1.544  nan  nan  nan  0.05  149.4  23.0
261120251325  1.537  nan  nan  nan  0.08  140.0  23.1
261120251326  1.531  nan  nan  nan  0.14  130.1  23.1
261120251327  1.526  nan  nan  nan  0.04  86.0  23.1
261120251328  1.520  nan  nan  nan  0.04  120.9  23.1
261120251329  1.513  nan  nan  nan  0.11  166.3  23.1
261120251330  1.506  nan  nan  nan  0.09  136.6  23.1
261120251331  1.498  nan  nan  nan  0.07  52.7  23.1
261120251332  1.490  nan  nan  nan  0.11  42.3  23.1
261120251333  1.482  nan  nan  nan  0.07  88.0  23.1
261120251334  1.473  nan  nan  nan  0.07  77.0  23.0
261120251335  1.466  nan  nan  nan  0.16  30.9  23.0
261120251336  1.458  nan  nan  nan  0.13  44.9  23.0
261120251337  1.452  nan  nan  nan  0.15  62.5  22.9
261120251338  1.446  nan  nan  nan  0.19  47.7  22.9
261120251339  1.441  nan  nan  nan  0.25  21.1  22.9
261120251340  1.437  nan  nan  nan  0.16  43.5  22.9
261120251341  1.432  nan  nan  nan  0.27  49.4  22.9
261120251342  1.428  nan  nan  nan  0.21  70.3  22.8
261120251343  1.423  nan  nan  nan  0.23  49.6  22.8
261120251344  1.419  nan  nan  nan  0.31  42.8  22.8
261120251345  1.415  nan  nan  nan  0.22  62.8  22.8
261120251346  1.413  nan  nan  nan  0.30  64.5  22.7
261120251347  1.411  nan  nan  nan  0.16  49.2  22.7
261120251348  1.409  nan  nan  nan  0.12  113.1  22.7
261120251349  1.405  nan  nan  nan  0.12  128.2  22.8
261120251350  1.403  nan  nan  nan  0.25  167.4  23.0
261120251351  1.401  nan  nan  nan  0.17  107.2  23.1
261120251352  1.400  nan  nan  nan  0.12  86.2  23.3
261120251353  1.398  nan  nan  nan  0.26  51.6  23.3
261120251354  1.396  nan  nan  nan  0.09  118.0  23.3
261120251355  1.394  nan  nan  nan  0.04  50.6  23.3
261120251356  1.394  nan  nan  nan  0.11  145.7  23.3
261120251357  1.391  nan  nan  nan  0.13  132.5  23.3
261120251358  1.389  nan  nan  nan  0.14  65.4  23.4
261120251359  1.387  nan  nan  nan  0.13  117.9  23.5
261120251400  1.385  nan  nan  nan  0.19  159.2  23.6
261120251401  1.382  nan  nan  nan  0.16  165.3  23.7
261120251402  1.379  nan  nan  nan  0.28  173.6  23.8
261120251403  1.376  nan  nan  nan  0.19  165.0  23.8
261120251404  1.374  nan  nan  nan  0.18  146.7  23.9
261120251405  1.371  nan  nan  nan  0.19  105.8  23.9
261120251406  1.369  nan  nan  nan  0.16  118.7  24.0
261120251407  1.367  nan  nan  nan  0.16  78.6  23.9
261120251408  1.366  nan  nan  nan  0.21  62.2  23.9
261120251409  1.362  nan  nan  nan  0.30  49.8  23.9
261120251410  1.359  nan  nan  nan  0.31  74.2  23.9
261120251411  1.355  nan  nan  nan  0.25  60.1  23.9
261120251412  1.352  nan  nan  nan  0.24  73.4  23.9
261120251413  1.350  nan  nan  nan  0.29  54.7  23.9
261120251414  1.347  nan  nan  nan  0.23  59.8  23.9
261120251415  1.346  nan  nan  nan  0.28  52.2  23.9
261120251416  1.344  nan  nan  nan  0.23  57.4  23.9
261120251417  1.341  nan  nan  nan  0.30  60.9  23.9
261120251418  1.339  nan  nan  nan  0.31  48.3  23.9
261120251419  1.336  nan  nan  nan  0.25  64.7  23.9
261120251420  1.333  nan  nan  nan  0.35  37.7  23.9
261120251421  1.331  nan  nan  nan  0.15  79.9  23.9
261120251422  1.330  nan  nan  nan  0.25  49.4  23.9
261120251423  1.330  nan  nan  nan  0.34  42.3  23.9
261120251424  1.330  nan  nan  nan  0.34  44.6  23.9
261120251425  1.330  nan  nan  nan  0.30  44.8  23.9
261120251426  1.330  nan  nan  nan  0.26  36.6  23.9
261120251427  1.330  nan  nan  nan  0.27  56.7  23.9
261120251428  1.328  nan  nan  nan  0.27  56.2  23.9
261120251429  1.328  nan  nan  nan  0.30  62.8  23.9
261120251430  1.328  nan  nan  nan  0.28  43.8  23.9
261120251431  1.326  nan  nan  nan  0.33  31.5  23.9
261120251432  1.326  nan  nan  nan  0.27  43.7  23.9
261120251433  1.324  nan  nan  nan  0.38  31.3  23.9
261120251434  1.322  nan  nan  nan  0.29  61.8  23.9
261120251435  1.319  nan  nan  nan  0.34  58.0  23.9
261120251436  1.316  nan  nan  nan  0.25  50.9  23.9
261120251437  1.312  nan  nan  nan  0.24  36.1  23.9
261120251438  1.309  nan  nan  nan  0.30  33.7  23.9
261120251439  1.306  nan  nan  nan  0.24  48.2  23.9
261120251440  1.301  nan  nan  nan  0.27  38.8  23.9
261120251441  1.299  nan  nan  nan  0.22  61.6  24.0
261120251442  1.295  nan  nan  nan  0.25  54.4  24.0
261120251443  1.291  nan  nan  nan  0.31  38.0  24.0
261120251444  1.286  nan  nan  nan  0.37  35.8  23.9
261120251445  1.280  nan  nan  nan  0.35  33.0  23.9
261120251446  1.277  nan  nan  nan  0.33  37.0  23.9
261120251447  1.272  nan  nan  nan  0.31  26.5  23.8
261120251448  1.269  nan  nan  nan  0.44  40.2  23.8
261120251449  1.264  nan  nan  nan  0.33  55.2  23.8
261120251450  1.259  nan  nan  nan  0.39  41.3  23.8
261120251451  1.252  nan  nan  nan  0.44  44.5  23.8
261120251452  1.247  nan  nan  nan  0.43  51.9  23.8
261120251453  1.242  nan  nan  nan  0.35  49.6  23.8
261120251454  1.238  nan  nan  nan  0.37  63.0  23.8
261120251455  1.231  nan  nan  nan  0.44  39.0  23.8
261120251456  1.226  nan  nan  nan  0.40  50.8  23.8
261120251457  1.223  nan  nan  nan  0.38  51.3  23.9
261120251458  1.219  nan  nan  nan  0.37  35.0  23.9
261120251459  1.214  nan  nan  nan  0.36  50.9  24.0
261120251500  1.208  nan  nan  nan  0.37  46.5  24.0
261120251501  1.203  nan  nan  nan  0.38  39.6  24.1
261120251502  1.198  nan  nan  nan  0.35  42.4  24.1
261120251503  1.196  nan  nan  nan  0.36  32.5  24.1
261120251504  1.191  nan  nan  nan  0.38  26.8  24.2
261120251505  1.187  nan  nan  nan  0.39  28.3  24.2
261120251506  1.183  nan  nan  nan  0.47  32.2  24.2
261120251507  1.180  nan  nan  nan  0.35  42.9  24.2
261120251508  1.177  nan  nan  nan  0.48  35.3  24.3
261120251509  1.173  nan  nan  nan  0.46  31.8  24.3
261120251510  1.169  nan  nan  nan  0.34  45.8  24.3
261120251511  1.164  nan  nan  nan  0.40  23.7  24.3
261120251512  1.161  nan  nan  nan  0.37  36.6  24.4
261120251513  1.157  nan  nan  nan  0.46  25.0  24.4
261120251514  1.152  nan  nan  nan  0.39  31.4  24.4
261120251515  1.147  nan  nan  nan  0.31  34.0  24.4
261120251516  1.144  nan  nan  nan  0.45  31.5  24.4
261120251517  1.141  nan  nan  nan  0.40  44.6  24.4
261120251518  1.136  nan  nan  nan  0.35  40.8  24.4
261120251519  1.130  nan  nan  nan  0.52  30.5  24.4
261120251520  1.127  nan  nan  nan  0.42  45.1  24.5
261120251521  1.122  nan  nan  nan  0.35  41.1  24.5
261120251522  1.119  nan  nan  nan  0.39  35.0  24.5
261120251523  1.114  nan  nan  nan  0.45  33.9  24.5
261120251524  1.110  nan  nan  nan  0.37  39.4  24.5
261120251525  1.105  nan  nan  nan  0.47  32.1  24.5
261120251526  1.099  nan  nan  nan  0.36  46.6  24.6
261120251527  1.094  nan  nan  nan  0.37  39.1  24.6
261120251528  1.089  nan  nan  nan  0.35  40.0  24.6
261120251529  1.083  nan  nan  nan  0.39  48.8  24.6
261120251530  1.079  nan  nan  nan  0.38  45.3  24.6
261120251531  1.076  nan  nan  nan  0.29  66.3  24.6
261120251532  1.072  nan  nan  nan  0.35  43.1  24.6
261120251533  1.067  nan  nan  nan  0.31  31.9  24.6
261120251534  1.064  nan  nan  nan  0.31  72.1  24.6
261120251535  1.060  nan  nan  nan  0.42  35.6  24.6
261120251536  1.056  nan  nan  nan  0.36  41.9  24.7
261120251537  1.052  nan  nan  nan  0.39  39.6  24.7
261120251538  1.050  nan  nan  nan  0.40  44.0  24.6
261120251539  1.047  nan  nan  nan  0.38  35.0  24.7
261120251540  1.046  nan  nan  nan  0.39  34.4  24.7
261120251541  1.043  nan  nan  nan  0.40  49.1  24.7
261120251542  1.041  nan  nan  nan  0.31  51.7  24.7
261120251543  1.038  nan  nan  nan  0.34  52.0  24.7
261120251544  1.035  nan  nan  nan  0.50  36.3  24.7
261120251545  1.031  nan  nan  nan  0.37  41.6  24.7
261120251546  1.029  nan  nan  nan  0.45  30.2  24.7
261120251547  1.027  nan  nan  nan  0.42  42.9  24.7
261120251548  1.025  nan  nan  nan  0.32  34.1  24.7
261120251549  1.023  nan  nan  nan  0.44  34.9  24.7
261120251550  1.019  nan  nan  nan  0.40  40.6  24.8
261120251551  1.014  nan  nan  nan  0.45  52.4  24.8
261120251552  1.011  nan  nan  nan  0.42  36.3  24.8
261120251553  1.005  nan  nan  nan  0.44  37.8  24.8
261120251554  1.000  nan  nan  nan  0.37  38.2  24.8
261120251555  0.995  nan  nan  nan  0.35  35.7  24.8
261120251556  0.988  nan  nan  nan  0.48  37.8  24.9
261120251557  0.983  nan  nan  nan  0.38  63.7  24.9
261120251558  0.978  nan  nan  nan  0.35  51.6  24.9
261120251559  0.972  nan  nan  nan  0.40  29.7  24.9
261120251600  0.966  nan  nan  nan  0.48  37.5  24.9
261120251601  0.960  nan  nan  nan  0.47  30.0  25.0
261120251602  0.955  nan  nan  nan  0.54  28.3  25.0
261120251603  0.951  nan  nan  nan  0.46  34.9  25.0
261120251604  0.946  nan  nan  nan  0.42  26.2  25.0
261120251605  0.941  nan  nan  nan  0.39  23.4  25.1
261120251606  0.935  nan  nan  nan  0.41  29.7  25.1
261120251607  0.931  nan  nan  nan  0.46  26.5  25.1
261120251608  0.926  nan  nan  nan  0.38  28.9  25.1
261120251609  0.922  nan  nan  nan  0.50  30.6  25.1
261120251610  0.919  nan  nan  nan  0.45  26.0  25.1
261120251611  0.917  nan  nan  nan  0.36  32.8  25.2
261120251612  0.913  nan  nan  nan  0.39  34.9  25.2
261120251613  0.910  nan  nan  nan  0.45  35.9  25.2
261120251614  0.905  nan  nan  nan  0.46  21.8  25.2
261120251615  0.901  nan  nan  nan  0.51  26.7  25.2
261120251616  0.899  nan  nan  nan  0.34  35.0  25.2
261120251617  0.894  nan  nan  nan  0.34  27.7  25.3
261120251618  0.891  nan  nan  nan  0.51  20.3  25.3
261120251619  0.889  nan  nan  nan  0.38  30.0  25.3
261120251620  0.885  nan  nan  nan  0.49  23.6  25.3
261120251621  0.884  nan  nan  nan  0.44  24.5  25.3
261120251622  0.882  nan  nan  nan  0.41  25.4  25.3
261120251623  0.881  nan  nan  nan  0.33  25.9  25.4
261120251624  0.879  nan  nan  nan  0.34  27.9  25.4
261120251625  0.877  nan  nan  nan  0.43  27.7  25.4
261120251626  0.874  nan  nan  nan  0.40  22.9  25.4
261120251627  0.870  nan  nan  nan  0.40  22.3  25.4
261120251628  0.868  nan  nan  nan  0.33  23.3  25.4
261120251629  0.865  nan  nan  nan  0.46  23.0  25.4
261120251630  0.863  nan  nan  nan  0.41  19.5  25.4
261120251631  0.861  nan  nan  nan  0.42  28.4  25.4
261120251632  0.857  nan  nan  nan  0.42  25.6  25.4
261120251633  0.854  nan  nan  nan  0.32  32.3  25.4
261120251634  0.851  nan  nan  nan  0.45  27.2  25.4
261120251635  0.849  nan  nan  nan  0.28  58.7  25.4
261120251636  0.845  nan  nan  nan  0.37  28.0  25.4
261120251637  0.842  nan  nan  nan  0.34  33.7  25.4
261120251638  0.839  nan  nan  nan  0.38  28.9  25.4
261120251639  0.837  nan  nan  nan  0.34  37.7  25.4
261120251640  0.833  nan  nan  nan  0.32  34.8  25.4
261120251641  0.831  nan  nan  nan  0.49  27.6  25.5
261120251642  0.827  nan  nan  nan  0.38  25.6  25.5
261120251643  0.825  nan  nan  nan  0.47  29.6  25.5
261120251644  0.822  nan  nan  nan  0.34  32.0  25.5
261120251645  0.817  nan  nan  nan  0.39  26.4  25.5
261120251646  0.814  nan  nan  nan  0.43  20.3  25.5
261120251647  0.808  nan  nan  nan  0.44  35.7  25.5
261120251648  0.805  nan  nan  nan  0.42  30.6  25.6
261120251649  0.800  nan  nan  nan  0.44  35.9  25.6
261120251650  0.796  nan  nan  nan  0.38  28.3  25.6
261120251651  0.792  nan  nan  nan  0.48  30.0  25.6
261120251652  0.787  nan  nan  nan  0.30  33.6  25.6
261120251653  0.785  nan  nan  nan  0.50  34.2  25.6
261120251654  0.782  nan  nan  nan  0.55  31.8  25.6
261120251655  0.778  nan  nan  nan  0.43  34.4  25.6
261120251656  0.776  nan  nan  nan  0.48  35.4  25.6
261120251657  0.772  nan  nan  nan  0.51  27.6  25.6
261120251658  0.770  nan  nan  nan  0.46  27.2  25.6
261120251659  0.769  nan  nan  nan  0.42  25.0  25.6
261120251700  0.769  nan  nan  nan  0.29  65.0  25.7
261120251701  0.767  nan  nan  nan  0.50  20.6  25.7
261120251702  0.765  nan  nan  nan  0.38  35.0  25.7
261120251703  0.764  nan  nan  nan  0.31  38.5  25.7
261120251704  0.761  nan  nan  nan  0.34  49.1  25.7
261120251705  0.760  nan  nan  nan  0.40  40.2  25.7
261120251706  0.757  nan  nan  nan  0.34  30.6  25.7
261120251707  0.755  nan  nan  nan  0.34  38.3  25.7
261120251708  0.754  nan  nan  nan  0.34  25.4  25.7
261120251709  0.755  nan  nan  nan  0.30  31.0  25.7
261120251710  0.752  nan  nan  nan  0.37  28.6  25.7
261120251711  0.750  nan  nan  nan  0.36  38.9  25.7
261120251712  0.748  nan  nan  nan  0.47  24.7  25.7
261120251713  0.747  nan  nan  nan  0.39  26.7  25.8
261120251714  0.745  nan  nan  nan  0.36  31.9  25.8
261120251715  0.742  nan  nan  nan  0.38  35.8  25.8
261120251716  0.738  nan  nan  nan  0.29  40.5  25.8
261120251717  0.735  nan  nan  nan  0.30  30.0  25.8
261120251718  0.732  nan  nan  nan  0.44  28.1  25.8
261120251719  0.728  nan  nan  nan  0.31  33.2  25.8
261120251720  0.725  nan  nan  nan  0.37  18.8  25.8
261120251721  0.721  nan  nan  nan  0.51  21.5  25.8
261120251722  0.718  nan  nan  nan  0.35  26.5  25.8
261120251723  0.712  nan  nan  nan  0.41  29.5  25.8
261120251724  0.708  nan  nan  nan  0.40  30.9  25.8
261120251725  0.704  nan  nan  nan  0.44  31.0  25.8
261120251726  0.699  nan  nan  nan  0.33  37.5  25.8
261120251727  0.694  nan  nan  nan  0.35  28.2  25.8
261120251728  0.691  nan  nan  nan  0.43  30.4  25.8
261120251729  0.688  nan  nan  nan  0.42  39.9  25.8
261120251730  0.685  nan  nan  nan  0.53  30.6  25.9
261120251731  0.681  nan  nan  nan  0.36  28.0  25.9
261120251732  0.678  nan  nan  nan  0.52  35.8  25.9
261120251733  0.675  nan  nan  nan  0.42  30.5  25.9
261120251734  0.672  nan  nan  nan  0.34  38.2  25.9
261120251735  0.669  nan  nan  nan  0.31  54.2  25.9
261120251736  0.667  nan  nan  nan  0.36  53.5  25.9
261120251737  0.664  nan  nan  nan  0.42  41.6  25.9
261120251738  0.662  nan  nan  nan  0.47  53.7  25.9
261120251739  0.661  nan  nan  nan  0.34  56.9  25.9
261120251740  0.659  nan  nan  nan  0.43  41.3  25.9
261120251741  0.657  nan  nan  nan  0.33  66.7  25.9
261120251742  0.656  nan  nan  nan  0.45  31.8  25.9
261120251743  0.655  nan  nan  nan  0.42  38.5  26.0
261120251744  0.653  nan  nan  nan  0.45  31.3  26.0
261120251745  0.652  nan  nan  nan  0.46  35.8  26.0
261120251746  0.649  nan  nan  nan  0.30  33.2  26.0
261120251747  0.646  nan  nan  nan  0.35  35.3  26.0
261120251748  0.642  nan  nan  nan  0.39  45.0  26.0
261120251749  0.639  nan  nan  nan  0.29  34.5  26.0
261120251750  0.635  nan  nan  nan  0.47  31.4  26.0
261120251751  0.631  nan  nan  nan  0.50  25.3  26.0
261120251752  0.628  nan  nan  nan  0.57  31.0  26.0
261120251753  0.626  nan  nan  nan  0.42  32.2  26.0
261120251754  0.624  nan  nan  nan  0.38  33.7  26.0
261120251755  0.621  nan  nan  nan  0.42  26.7  26.0
261120251756  0.619  nan  nan  nan  0.42  29.0  26.0
261120251757  0.618  nan  nan  nan  0.40  33.6  26.0
261120251758  0.617  nan  nan  nan  0.44  30.8  26.0
261120251759  0.616  nan  nan  nan  0.39  30.0  26.0
261120251800  0.615  nan  nan  nan  0.44  33.4  26.0
261120251801  0.614  nan  nan  nan  0.35  31.1  26.0
261120251802  0.613  nan  nan  nan  0.38  35.8  26.1
261120251803  0.611  nan  nan  nan  0.35  27.5  26.1
261120251804  0.610  nan  nan  nan  0.31  44.1  26.1
261120251805  0.608  nan  nan  nan  0.33  43.1  26.1
261120251806  0.608  nan  nan  nan  0.43  38.2  26.1
261120251807  0.608  nan  nan  nan  0.39  32.4  26.1
261120251808  0.608  nan  nan  nan  0.35  39.7  26.1
261120251809  0.608  nan  nan  nan  0.39  30.8  26.1
261120251810  0.608  nan  nan  nan  0.30  33.1  26.1
261120251811  0.608  nan  nan  nan  0.30  23.7  26.1
261120251812  0.609  nan  nan  nan  0.25  42.8  26.1
261120251813  0.607  nan  nan  nan  0.36  26.9  26.1
261120251814  0.608  nan  nan  nan  0.38  28.7  26.1
261120251815  0.609  nan  nan  nan  0.38  28.3  26.1
261120251816  0.611  nan  nan  nan  0.38  29.2  26.1
261120251817  0.612  nan  nan  nan  0.36  33.9  26.1
261120251818  0.613  nan  nan  nan  0.30  30.3  26.1
261120251819  0.613  nan  nan  nan  0.35  22.3  26.1
261120251820  0.613  nan  nan  nan  0.29  40.2  26.1
261120251821  0.613  nan  nan  nan  0.21  21.7  26.1
261120251822  0.612  nan  nan  nan  0.35  21.9  26.1
261120251823  0.611  nan  nan  nan  0.28  21.9  26.1
261120251824  0.611  nan  nan  nan  0.31  29.0  26.1
261120251825  0.610  nan  nan  nan  0.30  26.0  26.1
261120251826  0.610  nan  nan  nan  0.34  25.4  26.1
261120251827  0.610  nan  nan  nan  0.33  21.8  26.1
261120251828  0.610  nan  nan  nan  0.29  18.5  26.1
261120251829  0.610  nan  nan  nan  0.23  14.8  26.2
261120251830  0.610  nan  nan  nan  0.34  15.8  26.2
261120251831  0.608  nan  nan  nan  0.39  14.2  26.2
261120251832  0.606  nan  nan  nan  0.27  18.7  26.2
261120251833  0.605  nan  nan  nan  0.27  26.9  26.2
261120251834  0.603  nan  nan  nan  0.21  30.6  26.2
261120251835  0.601  nan  nan  nan  0.31  16.2  26.2
261120251836  0.600  nan  nan  nan  0.36  19.0  26.2
261120251837  0.598  nan  nan  nan  0.34  25.8  26.2
261120251838  0.596  nan  nan  nan  0.19  26.2  26.2
261120251839  0.594  nan  nan  nan  0.19  13.5  26.2
261120251840  0.592  nan  nan  nan  0.24  17.0  26.2
261120251841  0.591  nan  nan  nan  0.39  16.0  26.2
261120251842  0.589  nan  nan  nan  0.37  20.3  26.2
261120251843  0.588  nan  nan  nan  0.31  34.5  26.2
261120251844  0.588  nan  nan  nan  0.28  13.2  26.2
261120251845  0.588  nan  nan  nan  0.24  38.9  26.2
261120251846  0.589  nan  nan  nan  0.19  34.3  26.2
261120251847  0.587  nan  nan  nan  0.26  54.4  26.2
261120251848  0.587  nan  nan  nan  0.33  29.2  26.2
261120251849  0.588  nan  nan  nan  0.24  38.4  26.2
261120251850  0.587  nan  nan  nan  0.37  30.9  26.3
261120251851  0.587  nan  nan  nan  0.14  61.6  26.3
261120251852  0.588  nan  nan  nan  0.26  27.1  26.3
261120251853  0.589  nan  nan  nan  0.28  34.4  26.3
261120251854  0.590  nan  nan  nan  0.27  26.1  26.3
261120251855  0.590  nan  nan  nan  0.38  26.8  26.3
261120251856  0.591  2.0  244.1  2.0  0.27  29.5  26.3
261120251857  0.591  2.0  244.1  2.0  0.26  16.8  26.3
261120251858  0.592  nan  nan  nan  0.40  24.2  26.3
261120251859  0.593  nan  nan  nan  0.16  55.0  26.3
261120251900  0.593  nan  nan  nan  0.30  30.3  26.3
261120251901  0.592  nan  nan  nan  0.18  24.9  26.3
261120251902  0.592  nan  nan  nan  0.26  26.4  26.3
261120251903  0.591  nan  nan  nan  0.42  24.5  26.3
261120251904  0.591  nan  nan  nan  0.15  21.6  26.3
261120251905  0.590  nan  nan  nan  0.20  28.3  26.3
261120251906  0.589  nan  nan  nan  0.32  27.2  26.3
261120251907  0.588  nan  nan  nan  0.19  27.9  26.3
261120251908  0.586  nan  nan  nan  0.10  10.0  26.3
261120251909  0.583  nan  nan  nan  0.33  10.3  26.3
261120251910  0.582  nan  nan  nan  0.23  17.4  26.3
261120251911  0.580  nan  nan  nan  0.20  18.0  26.3
261120251912  0.579  nan  nan  nan  0.31  25.3  26.3
261120251913  0.578  nan  nan  nan  0.30  28.0  26.3
261120251914  0.577  nan  nan  nan  0.21  23.2  26.3
261120251915  0.575  nan  nan  nan  0.35  16.8  26.3
261120251916  0.574  nan  nan  nan  0.25  40.6  26.3
261120251917  0.572  nan  nan  nan  0.30  59.4  26.3
261120251918  0.569  nan  nan  nan  0.20  55.4  26.3
261120251919  0.567  nan  nan  nan  0.25  47.0  26.4
261120251920  0.565  nan  nan  nan  0.17  35.7  26.4
261120251921  0.564  nan  nan  nan  0.26  23.8  26.4
261120251922  0.563  nan  nan  nan  0.42  18.6  26.4
261120251923  0.564  nan  nan  nan  0.32  14.6  26.4
261120251924  0.562  nan  nan  nan  0.32  22.3  26.4
261120251925  0.561  nan  nan  nan  0.32  36.9  26.4
261120251926  0.561  nan  nan  nan  0.31  24.3  26.4
261120251927  0.561  nan  nan  nan  0.25  17.1  26.4
261120251928  0.562  nan  nan  nan  0.27  24.7  26.4
261120251929  0.564  nan  nan  nan  0.21  31.0  26.4
261120251930  0.563  nan  nan  nan  0.31  10.7  26.4
261120251931  0.564  nan  nan  nan  0.36  26.5  26.4
261120251932  0.563  nan  nan  nan  0.32  16.5  26.4
261120251933  0.563  nan  nan  nan  0.19  24.5  26.4
261120251934  0.564  nan  nan  nan  0.21  19.4  26.4
261120251935  0.566  nan  nan  nan  0.35  24.9  26.4
261120251936  0.567  nan  nan  nan  0.24  11.9  26.4
261120251937  0.569  nan  nan  nan  0.24  27.5  26.4
261120251938  0.571  nan  nan  nan  0.15  17.4  26.4
261120251939  0.572  nan  nan  nan  0.26  10.0  26.4
261120251940  0.574  nan  nan  nan  0.20  16.8  26.4
261120251941  0.576  nan  nan  nan  0.26  17.2  26.4
261120251942  0.581  nan  nan  nan  0.25  354.5  26.4
261120251943  0.582  nan  nan  nan  0.20  17.7  26.4
261120251944  0.585  nan  nan  nan  0.10  351.9  26.4
261120251945  0.589  nan  nan  nan  0.13  14.1  26.4
261120251946  0.592  nan  nan  nan  0.03  13.4  26.4
261120251947  0.598  nan  nan  nan  0.21  358.3  26.4
261120251948  0.601  nan  nan  nan  0.23  13.9  26.4
261120251949  0.605  nan  nan  nan  0.17  353.6  26.4
261120251950  0.608  nan  nan  nan  0.13  7.5  26.4
261120251951  0.611  nan  nan  nan  0.05  43.0  26.4
261120251952  0.613  nan  nan  nan  0.15  11.5  26.4
261120251953  0.615  nan  nan  nan  0.17  357.3  26.4
261120251954  0.619  nan  nan  nan  0.14  32.1  26.4
261120251955  0.623  nan  nan  nan  0.10  58.0  26.5
261120251956  0.625  nan  nan  nan  0.08  298.0  26.5
261120251957  0.626  nan  nan  nan  0.15  13.1  26.5
261120251958  0.626  nan  nan  nan  0.11  350.0  26.5
261120251959  0.626  nan  nan  nan  0.05  314.3  26.5
261120252000  0.625  nan  nan  nan  0.14  349.3  26.5
261120252001  0.624  nan  nan  nan  0.08  356.0  26.5
261120252002  0.622  nan  nan  nan  nan  nan  nan
261120252003  0.623  nan  nan  nan  0.13  328.7  26.5
261120252004  0.625  nan  nan  nan  0.04  349.1  26.5
261120252005  0.626  nan  nan  nan  0.08  22.7  26.5
261120252006  0.626  nan  nan  nan  0.10  17.5  26.5
261120252007  0.626  nan  nan  nan  0.04  102.5  26.5
261120252008  0.625  nan  nan  nan  0.04  187.5  26.5
261120252009  0.625  nan  nan  nan  0.07  37.3  26.5
261120252010  0.628  nan  nan  nan  0.14  34.8  26.5
261120252011  0.628  nan  nan  nan  nan  nan  nan
261120252012  0.630  nan  nan  nan  0.12  161.8  26.5
261120252013  0.631  nan  nan  nan  0.03  33.2  26.5
261120252014  0.633  nan  nan  nan  0.11  38.3  26.5
261120252015  0.635  nan  nan  nan  0.10  19.8  26.5
261120252016  0.637  nan  nan  nan  0.13  31.6  26.5
261120252017  0.639  nan  nan  nan  0.15  350.0  26.5
261120252018  0.639  nan  nan  nan  0.08  101.4  26.5
261120252019  0.643  nan  nan  nan  0.02  253.4  26.5
261120252020  0.645  nan  nan  nan  0.12  14.7  26.5
261120252021  0.648  nan  nan  nan  0.06  29.0  26.5
261120252022  0.651  nan  nan  nan  0.05  5.8  26.5
261120252023  0.653  nan  nan  nan  0.09  55.0  26.5
261120252024  0.653  nan  nan  nan  nan  nan  nan
261120252025  0.655  nan  nan  nan  0.10  34.5  26.5
261120252026  0.657  nan  nan  nan  0.04  282.9  26.5
261120252027  0.660  nan  nan  nan  0.08  356.0  26.5
261120252028  0.664  nan  nan  nan  0.04  277.1  26.5
261120252029  0.668  nan  nan  nan  0.03  149.8  26.5
261120252030  0.670  nan  nan  nan  0.03  294.9  26.5
261120252031  0.672  nan  nan  nan  nan  nan  nan
261120252032  0.671  nan  nan  nan  0.03  273.3  26.5
261120252033  0.670  nan  nan  nan  0.07  327.3  26.5
261120252034  0.669  nan  nan  nan  0.07  303.8  26.5
261120252035  0.671  nan  nan  nan  0.06  323.7  26.5
261120252036  0.672  nan  nan  nan  0.08  300.6  26.4
261120252037  0.673  nan  nan  nan  0.09  298.4  26.4
261120252038  0.673  nan  nan  nan  0.08  319.3  26.4
261120252039  0.673  nan  nan  nan  0.08  277.1  26.4
261120252040  0.671  nan  nan  nan  0.07  232.7  26.4
261120252041  0.669  nan  nan  nan  0.03  286.7  26.4
261120252042  0.669  nan  nan  nan  0.15  207.9  26.4
261120252043  0.670  nan  nan  nan  0.18  224.7  26.5
261120252044  0.673  nan  nan  nan  0.09  292.5  26.5
261120252045  0.674  nan  nan  nan  0.12  290.2  26.5
261120252046  0.676  nan  nan  nan  0.13  241.1  26.5
261120252047  0.677  nan  nan  nan  0.03  283.6  26.5
261120252048  0.680  nan  nan  nan  0.09  281.2  26.5
261120252049  0.682  nan  nan  nan  0.12  239.7  26.5
261120252050  0.685  nan  nan  nan  0.06  280.0  26.5
261120252051  0.688  nan  nan  nan  0.17  222.6  26.5
261120252052  0.691  nan  nan  nan  0.11  232.2  26.5
261120252053  0.693  nan  nan  nan  0.17  271.5  26.5
261120252054  0.696  nan  nan  nan  0.12  280.9  26.5
261120252055  0.697  nan  nan  nan  0.21  227.4  26.5
261120252056  0.700  nan  nan  nan  0.13  250.7  26.5
261120252057  0.701  nan  nan  nan  0.17  241.8  26.5
261120252058  0.702  nan  nan  nan  0.12  280.0  26.4
261120252059  0.705  nan  nan  nan  0.13  268.5  26.4
261120252100  0.708  nan  nan  nan  0.20  251.9  26.4
261120252101  0.711  nan  nan  nan  0.19  233.8  26.4
261120252102  0.715  nan  nan  nan  0.13  221.3  26.4
261120252103  0.719  nan  nan  nan  0.29  220.2  26.4
261120252104  0.723  nan  nan  nan  0.15  236.6  26.4
261120252105  0.726  nan  nan  nan  0.23  233.0  26.4
261120252106  0.730  nan  nan  nan  0.24  220.7  26.3
261120252107  0.733  nan  nan  nan  0.29  213.6  26.3
261120252108  0.738  nan  nan  nan  0.15  231.4  26.3
261120252109  0.742  nan  nan  nan  0.12  224.7  26.3
261120252110  0.745  nan  nan  nan  0.11  252.5  26.3
261120252111  0.747  nan  nan  nan  0.20  211.4  26.3
261120252112  0.748  nan  nan  nan  0.21  214.6  26.3
261120252113  0.750  nan  nan  nan  0.16  217.2  26.3
261120252114  0.751  nan  nan  nan  0.16  253.7  26.3
261120252115  0.752  nan  nan  nan  0.15  232.8  26.2
261120252116  0.755  nan  nan  nan  0.12  254.3  26.2
261120252117  0.758  nan  nan  nan  0.27  209.3  26.2
261120252118  0.761  nan  nan  nan  0.16  229.2  26.2
261120252119  0.764  nan  nan  nan  0.20  216.8  26.2
261120252120  0.767  nan  nan  nan  0.12  241.3  26.2
261120252121  0.769  nan  nan  nan  0.19  218.7  26.2
261120252122  0.773  nan  nan  nan  0.24  226.1  26.2
261120252123  0.776  nan  nan  nan  0.17  218.1  26.2
261120252124  0.777  nan  nan  nan  0.13  214.6  26.2
261120252125  0.780  nan  nan  nan  0.13  212.0  26.2
261120252126  0.782  nan  nan  nan  0.09  238.4  26.2
261120252127  0.784  nan  nan  nan  0.11  244.3  26.1
261120252128  0.785  nan  nan  nan  0.20  206.6  26.1
261120252129  0.787  nan  nan  nan  0.09  227.3  26.1
261120252130  0.788  nan  nan  nan  0.19  211.2  26.1
261120252131  0.792  nan  nan  nan  0.10  217.6  26.1
261120252132  0.794  nan  nan  nan  0.21  213.7  26.1
261120252133  0.796  nan  nan  nan  0.21  226.8  26.1
261120252134  0.798  nan  nan  nan  0.12  201.5  26.1
261120252135  0.799  nan  nan  nan  0.14  241.7  26.1
261120252136  0.801  nan  nan  nan  0.17  232.7  26.1
261120252137  0.801  nan  nan  nan  0.12  225.5  26.1
261120252138  0.805  nan  nan  nan  0.12  221.3  26.1
261120252139  0.806  nan  nan  nan  0.16  267.0  26.1
261120252140  0.807  nan  nan  nan  0.25  216.6  26.1
261120252141  0.808  nan  nan  nan  0.17  218.1  26.1
261120252142  0.807  nan  nan  nan  0.21  222.8  26.1
261120252143  0.807  nan  nan  nan  0.15  220.2  26.1
261120252144  0.806  nan  nan  nan  0.09  221.0  26.1
261120252145  0.806  nan  nan  nan  0.11  216.1  26.1
261120252146  0.807  nan  nan  nan  0.17  207.0  26.1
261120252147  0.806  nan  nan  nan  0.08  194.0  26.1
261120252148  0.806  nan  nan  nan  0.13  186.5  26.1
261120252149  0.805  nan  nan  nan  0.08  208.0  26.1
261120252150  0.805  nan  nan  nan  0.19  204.5  26.1
261120252151  0.806  nan  nan  nan  0.10  187.8  26.1
261120252152  0.808  nan  nan  nan  0.13  187.4  26.1
261120252153  0.811  nan  nan  nan  0.22  202.9  26.1
261120252154  0.814  nan  nan  nan  0.18  179.9  26.1
261120252155  0.816  nan  nan  nan  0.20  197.3  26.0
261120252156  0.818  nan  nan  nan  0.21  193.7  26.0
261120252157  0.819  nan  nan  nan  0.12  170.1  26.0
261120252158  0.819  nan  nan  nan  0.13  216.6  26.0
261120252159  0.821  nan  nan  nan  0.15  177.6  26.0
261120252200  0.823  nan  nan  nan  0.19  190.6  26.0
261120252201  0.826  nan  nan  nan  0.16  191.4  25.9
261120252202  0.828  nan  nan  nan  0.19  183.1  25.9
261120252203  0.830  nan  nan  nan  0.10  165.0  25.9
261120252204  0.835  nan  nan  nan  0.18  191.8  25.9
261120252205  0.840  nan  nan  nan  0.12  197.5  25.9
261120252206  0.846  nan  nan  nan  0.12  201.5  25.9
261120252207  0.849  nan  nan  nan  0.18  175.7  25.9
261120252208  0.852  nan  nan  nan  0.10  212.2  25.9
261120252209  0.855  nan  nan  nan  0.16  204.0  25.9
261120252210  0.860  nan  nan  nan  0.13  207.9  25.9
261120252211  0.865  nan  nan  nan  0.11  181.2  25.9
261120252212  0.870  nan  nan  nan  0.17  200.8  25.9
261120252213  0.875  nan  nan  nan  0.17  214.8  25.9
261120252214  0.879  nan  nan  nan  0.24  200.4  25.9
261120252215  0.884  nan  nan  nan  0.22  214.1  25.9
261120252216  0.886  nan  nan  nan  0.28  198.1  25.9
261120252217  0.889  nan  nan  nan  0.23  217.4  25.9
261120252218  0.892  nan  nan  nan  0.31  201.7  25.9
261120252219  0.895  nan  nan  nan  0.21  206.2  25.9
261120252220  0.898  nan  nan  nan  0.26  202.8  25.9
261120252221  0.899  nan  nan  nan  0.37  198.7  25.9
261120252222  0.901  nan  nan  nan  0.30  206.6  25.9
261120252223  0.901  nan  nan  nan  0.27  214.3  25.9
261120252224  0.902  nan  nan  nan  0.36  197.4  25.9
261120252225  0.904  nan  nan  nan  0.22  215.4  25.9
261120252226  0.905  nan  nan  nan  0.32  216.7  25.9
261120252227  0.907  nan  nan  nan  0.22  212.9  25.9
261120252228  0.908  nan  nan  nan  0.31  205.1  25.9
261120252229  0.907  nan  nan  nan  0.22  199.6  25.9
261120252230  0.907  nan  nan  nan  0.26  203.6  25.9
261120252231  0.908  nan  nan  nan  0.33  199.9  25.9
261120252232  0.908  nan  nan  nan  0.25  199.9  25.9
261120252233  0.911  nan  nan  nan  0.23  211.1  25.9
261120252234  0.912  nan  nan  nan  0.13  238.5  25.9
261120252235  0.914  nan  nan  nan  0.17  207.0  25.9
261120252236  0.914  nan  nan  nan  0.09  223.7  25.9
261120252237  0.916  nan  nan  nan  0.25  198.1  25.9
261120252238  0.918  nan  nan  nan  0.23  206.3  25.9
261120252239  0.919  nan  nan  nan  0.30  213.9  25.9
261120252240  0.921  nan  nan  nan  0.16  227.0  25.9
261120252241  0.921  nan  nan  nan  0.17  203.4  25.9
261120252242  0.924  nan  nan  nan  0.07  208.4  25.9
261120252243  0.925  nan  nan  nan  0.23  192.9  25.9
261120252244  0.926  nan  nan  nan  0.18  240.0  25.9
261120252245  0.928  nan  nan  nan  0.26  212.2  25.9
261120252246  0.930  nan  nan  nan  0.18  228.9  25.9
261120252247  0.933  nan  nan  nan  0.24  226.6  25.9
261120252248  0.936  nan  nan  nan  0.20  222.3  25.9
261120252249  0.937  nan  nan  nan  0.12  253.0  25.9
261120252250  0.941  nan  nan  nan  0.20  212.4  25.9
261120252251  0.944  nan  nan  nan  0.17  221.3  25.9
261120252252  0.948  nan  nan  nan  0.16  230.0  25.9
261120252253  0.951  nan  nan  nan  0.18  221.5  25.9
261120252254  0.952  nan  nan  nan  0.22  223.0  25.9
261120252255  0.955  nan  nan  nan  0.18  217.6  25.9
261120252256  0.959  nan  nan  nan  0.23  205.0  25.9
261120252257  0.961  nan  nan  nan  0.24  205.8  25.9
261120252258  0.962  nan  nan  nan  0.22  223.0  25.9
261120252259  0.963  nan  nan  nan  0.21  218.2  25.9
261120252300  0.966  nan  nan  nan  0.17  229.5  25.9
261120252301  0.966  nan  nan  nan  0.15  213.6  25.9
261120252302  0.966  nan  nan  nan  0.16  217.2  25.9
261120252303  0.967  nan  nan  nan  0.29  206.2  25.9
261120252304  0.968  nan  nan  nan  0.24  215.3  25.9
261120252305  0.969  nan  nan  nan  0.18  228.8  25.9
261120252306  0.968  nan  nan  nan  0.10  251.0  25.9
261120252307  0.969  nan  nan  nan  0.15  222.2  25.9
261120252308  0.971  nan  nan  nan  0.19  217.9  25.9
261120252309  0.972  nan  nan  nan  0.25  200.3  25.9
261120252310  0.972  nan  nan  nan  0.12  210.4  25.9
261120252311  0.973  nan  nan  nan  0.12  237.0  25.8
261120252312  0.973  nan  nan  nan  0.13  205.5  25.8
261120252313  0.971  nan  nan  nan  0.13  195.3  25.8
261120252314  0.971  nan  nan  nan  0.17  204.0  25.8
261120252315  0.973  nan  nan  nan  0.16  217.8  25.7
261120252316  0.975  nan  nan  nan  0.28  196.5  25.7
261120252317  0.978  nan  nan  nan  0.24  217.2  25.7
261120252318  0.982  nan  nan  nan  0.11  206.8  25.7
261120252319  0.986  nan  nan  nan  0.23  202.0  25.7
261120252320  0.989  nan  nan  nan  0.20  210.0  25.7
261120252321  0.991  nan  nan  nan  0.12  210.4  25.7
261120252322  0.992  nan  nan  nan  0.27  204.5  25.7
261120252323  0.993  nan  nan  nan  0.23  207.2  25.7
261120252324  0.994  nan  nan  nan  0.20  212.3  25.7
261120252325  0.996  nan  nan  nan  0.21  213.7  25.7
261120252326  0.997  nan  nan  nan  0.25  198.6  25.6
261120252327  0.998  nan  nan  nan  0.21  210.3  25.6
261120252328  0.998  nan  nan  nan  0.31  190.0  25.6
261120252329  0.996  nan  nan  nan  0.23  196.7  25.6
261120252330  0.996  nan  nan  nan  0.18  196.7  25.6
261120252331  0.994  nan  nan  nan  0.12  217.8  25.6
261120252332  0.994  nan  nan  nan  0.25  199.1  25.6
261120252333  0.994  nan  nan  nan  0.11  193.9  25.6
261120252334  0.994  nan  nan  nan  0.16  211.3  25.6
261120252335  0.996  2.0  244.1  2.0  0.11  179.9  25.6
261120252336  0.999  2.0  244.1  2.0  0.13  204.9  25.6
261120252337  1.001  2.0  244.1  2.0  0.16  177.3  25.6
261120252338  1.004  2.0  244.1  2.0  0.35  181.5  25.6
261120252339  1.006  nan  nan  nan  0.19  176.1  25.6
261120252340  1.006  nan  nan  nan  0.23  177.0  25.6
261120252341  1.005  nan  nan  nan  0.26  185.3  25.6
261120252342  1.003  nan  nan  nan  0.15  190.0  25.6
261120252343  1.001  nan  nan  nan  0.23  165.2  25.6
261120252344  1.000  nan  nan  nan  0.27  171.7  25.6
261120252345  1.000  nan  nan  nan  0.25  163.4  25.5
261120252346  1.001  nan  nan  nan  0.25  165.6  25.5
261120252347  1.005  nan  nan  nan  0.27  171.3  25.5
261120252348  1.007  nan  nan  nan  0.37  173.7  25.5
261120252349  1.011  nan  nan  nan  0.26  173.6  25.5
261120252350  1.016  nan  nan  nan  0.22  180.5  25.5
261120252351  1.019  nan  nan  nan  0.26  172.8  25.5
261120252352  1.024  nan  nan  nan  0.19  194.6  25.5
261120252353  1.026  nan  nan  nan  0.24  161.5  25.5
261120252354  1.029  nan  nan  nan  0.14  174.6  25.5
261120252355  1.030  nan  nan  nan  0.19  169.9  25.5
261120252356  1.032  nan  nan  nan  0.20  178.1  25.5
261120252357  1.032  nan  nan  nan  0.15  170.9  25.5
261120252358  1.030  nan  nan  nan  0.23  174.6  25.5
261120252359  1.029  nan  nan  nan  0.27  180.2  25.5
271120250000  1.026  2.0  244.1  2.0  0.28  182.3  25.5
271120250001  1.023  2.0  244.1  2.0  0.38  186.2  25.5
271120250002  1.019  2.0  244.1  2.0  0.30  195.5  25.5
271120250003  1.014  2.0  244.1  2.0  0.17  173.4  25.5
271120250004  1.011  2.0  244.1  2.0  0.32  184.1  25.5
271120250005  1.009  2.0  244.1  2.0  0.21  176.7  25.5
271120250006  1.007  nan  nan  nan  0.13  176.6  25.5
271120250007  1.006  nan  nan  nan  0.19  186.5  25.5
271120250008  1.005  nan  nan  nan  0.20  177.0  25.5
271120250009  1.005  nan  nan  nan  0.18  185.7  25.5
271120250010  1.007  nan  nan  nan  0.23  162.1  25.5
271120250011  1.007  nan  nan  nan  0.14  128.4  25.5
271120250012  1.008  nan  nan  nan  0.18  151.1  25.5
271120250013  1.008  nan  nan  nan  0.27  173.7  25.5
271120250014  1.007  nan  nan  nan  0.34  171.5  25.5
271120250015  1.006  nan  nan  nan  0.15  153.7  25.5
271120250016  1.003  nan  nan  nan  0.11  147.2  25.5
271120250017  1.001  nan  nan  nan  0.19  165.6  25.5
271120250018  0.999  nan  nan  nan  0.16  159.7  25.5
271120250019  0.996  nan  nan  nan  0.16  155.7  25.5
271120250020  0.996  nan  nan  nan  0.12  162.6  25.5
271120250021  0.993  nan  nan  nan  0.13  171.3  25.5
271120250022  0.993  nan  nan  nan  0.10  145.8  25.5
271120250023  0.993  nan  nan  nan  0.14  176.0  25.5
271120250024  0.993  nan  nan  nan  0.18  151.6  25.5
271120250025  0.995  nan  nan  nan  0.12  143.7  25.5
271120250026  1.000  nan  nan  nan  0.08  185.6  25.5
271120250027  1.004  nan  nan  nan  0.18  182.5  25.5
271120250028  1.008  nan  nan  nan  0.06  100.0  25.5
271120250029  1.011  nan  nan  nan  0.16  169.2  25.5
271120250030  1.016  nan  nan  nan  0.10  176.0  25.5
271120250031  1.019  nan  nan  nan  0.18  179.3  25.5
271120250032  1.023  nan  nan  nan  0.13  185.9  25.5
271120250033  1.027  nan  nan  nan  0.23  176.1  25.5
271120250034  1.031  nan  nan  nan  0.22  180.5  25.5
271120250035  1.035  nan  nan  nan  0.13  161.1  25.5
271120250036  1.039  nan  nan  nan  0.18  164.8  25.5
271120250037  1.042  nan  nan  nan  0.17  190.7  25.5
271120250038  1.046  nan  nan  nan  0.18  185.6  25.5
271120250039  1.049  nan  nan  nan  0.10  162.4  25.5
271120250040  1.050  nan  nan  nan  0.20  184.5  25.5
271120250041  1.053  nan  nan  nan  0.16  186.6  25.5
271120250042  1.057  nan  nan  nan  0.24  171.4  25.5
271120250043  1.061  nan  nan  nan  0.15  177.1  25.5
271120250044  1.066  nan  nan  nan  0.19  180.8  25.5
271120250045  1.070  nan  nan  nan  0.26  168.7  25.5
271120250046  1.074  nan  nan  nan  0.26  183.0  25.5
271120250047  1.077  nan  nan  nan  0.26  185.6  25.5
271120250048  1.077  nan  nan  nan  0.17  179.1  25.5
271120250049  1.076  nan  nan  nan  0.07  177.8  25.5
271120250050  1.074  nan  nan  nan  0.13  173.7  25.5
271120250051  1.075  nan  nan  nan  0.19  180.5  25.5
271120250052  1.074  nan  nan  nan  0.21  185.7  25.5
271120250053  1.073  nan  nan  nan  0.23  152.9  25.5
271120250054  1.073  nan  nan  nan  0.10  154.2  25.5
271120250055  1.073  nan  nan  nan  0.14  159.5  25.5
271120250056  1.074  nan  nan  nan  0.19  177.4  25.5
271120250057  1.075  nan  nan  nan  0.13  158.6  25.5
271120250058  1.076  nan  nan  nan  0.12  162.6  25.5
271120250059  1.078  nan  nan  nan  0.22  196.2  25.5
271120250100  1.078  nan  nan  nan  0.22  164.8  25.5
271120250101  1.078  nan  nan  nan  0.14  165.2  25.5
271120250102  1.080  nan  nan  nan  0.10  180.7  25.5
271120250103  1.083  nan  nan  nan  0.21  182.0  25.5
271120250104  1.085  nan  nan  nan  0.16  177.3  25.5
271120250105  1.086  nan  nan  nan  0.06  193.5  25.5
271120250106  1.086  nan  nan  nan  0.24  165.1  25.5
271120250107  1.086  nan  nan  nan  0.15  172.3  25.5
271120250108  1.085  nan  nan  nan  0.20  175.4  25.5
271120250109  1.085  nan  nan  nan  0.09  197.1  25.5
271120250110  1.085  nan  nan  nan  0.11  132.2  25.5
271120250111  1.081  nan  nan  nan  0.16  176.3  25.5
271120250112  1.078  nan  nan  nan  0.17  167.0  25.5
271120250113  1.076  nan  nan  nan  0.18  160.7  25.5
271120250114  1.074  nan  nan  nan  0.16  166.2  25.5
271120250115  1.073  nan  nan  nan  0.14  164.5  25.5
271120250116  1.075  nan  nan  nan  0.18  164.2  25.5
271120250117  1.075  nan  nan  nan  0.15  176.8  25.5
271120250118  1.073  nan  nan  nan  0.13  170.5  25.4
271120250119  1.070  nan  nan  nan  0.14  170.8  25.4
271120250120  1.064  nan  nan  nan  0.12  173.7  25.4
271120250121  1.058  nan  nan  nan  0.06  165.2  25.4
271120250122  1.051  nan  nan  nan  0.03  115.9  25.4
271120250123  1.045  nan  nan  nan  0.05  149.6  25.4
271120250124  1.041  nan  nan  nan  0.07  164.9  25.4
271120250125  1.036  nan  nan  nan  0.10  175.1  25.4
271120250126  1.030  nan  nan  nan  0.04  136.3  25.4
271120250127  1.025  nan  nan  nan  0.04  313.7  25.4
271120250128  1.019  nan  nan  nan  0.07  33.0  25.4
271120250129  1.016  nan  nan  nan  0.03  174.1  25.4
271120250130  1.011  nan  nan  nan  0.05  298.4  25.4
271120250131  1.005  nan  nan  nan  nan  nan  nan
271120250132  1.000  nan  nan  nan  0.08  6.0  25.4
271120250133  0.994  nan  nan  nan  0.09  55.9  25.4
271120250134  0.989  nan  nan  nan  0.14  16.4  25.4
271120250135  0.988  nan  nan  nan  0.10  84.4  25.4
271120250136  0.987  nan  nan  nan  0.07  72.1  25.4
271120250137  0.988  nan  nan  nan  0.11  13.9  25.4
271120250138  0.987  nan  nan  nan  0.07  164.8  25.4
271120250139  0.985  nan  nan  nan  nan  nan  nan
271120250140  0.982  nan  nan  nan  0.05  119.2  25.4
271120250141  0.978  nan  nan  nan  0.09  24.3  25.5
271120250142  0.974  nan  nan  nan  0.06  17.6  25.5
271120250143  0.969  nan  nan  nan  0.11  33.5  25.5
271120250144  0.968  nan  nan  nan  0.11  50.7  25.5
271120250145  0.966  nan  nan  nan  0.12  47.8  25.5
271120250146  0.961  nan  nan  nan  0.07  82.1  25.5
271120250147  0.958  nan  nan  nan  0.13  42.7  25.5
271120250148  0.955  nan  nan  nan  0.07  86.8  25.5
271120250149  0.952  nan  nan  nan  0.11  68.9  25.5
271120250150  0.949  nan  nan  nan  0.08  60.9  25.5
271120250151  0.945  nan  nan  nan  0.14  47.2  25.5
271120250152  0.940  nan  nan  nan  0.11  35.7  25.5
271120250153  0.935  nan  nan  nan  0.11  30.0  25.5
271120250154  0.931  nan  nan  nan  0.12  35.0  25.5
271120250155  0.929  nan  nan  nan  0.15  26.8  25.5
271120250156  0.930  nan  nan  nan  0.05  177.7  25.5
271120250157  0.931  nan  nan  nan  0.19  25.5  25.5
271120250158  0.932  nan  nan  nan  0.08  77.9  25.5
271120250159  0.933  nan  nan  nan  0.13  51.3  25.5
271120250200  0.932  nan  nan  nan  0.14  25.6  25.5
271120250201  0.932  nan  nan  nan  0.04  62.6  25.5
271120250202  0.932  nan  nan  nan  0.12  12.8  25.5
271120250203  0.934  nan  nan  nan  0.08  10.0  25.5
271120250204  0.936  nan  nan  nan  0.13  30.9  25.5
271120250205  0.938  nan  nan  nan  0.18  36.6  25.5
271120250206  0.942  nan  nan  nan  0.10  45.9  25.5
271120250207  0.947  nan  nan  nan  0.14  13.2  25.5
271120250208  0.953  nan  nan  nan  0.17  25.9  25.5
271120250209  0.958  nan  nan  nan  0.17  12.7  25.5
271120250210  0.962  nan  nan  nan  0.10  42.1  25.5
271120250211  0.966  nan  nan  nan  0.12  24.3  25.5
271120250212  0.970  nan  nan  nan  0.10  45.9  25.5
271120250213  0.975  nan  nan  nan  0.05  102.2  25.5
271120250214  0.978  nan  nan  nan  0.18  10.0  25.5
271120250215  0.982  nan  nan  nan  0.04  246.3  25.5
271120250216  0.985  nan  nan  nan  0.13  34.7  25.5
271120250217  0.988  nan  nan  nan  0.04  120.2  25.4
271120250218  0.989  nan  nan  nan  0.07  39.9  25.4
271120250219  0.991  nan  nan  nan  0.03  152.4  25.4
271120250220  0.991  nan  nan  nan  0.09  64.9  25.4
271120250221  0.990  nan  nan  nan  0.12  52.4  25.4
271120250222  0.989  nan  nan  nan  0.11  42.0  25.4
271120250223  0.989  nan  nan  nan  0.06  109.2  25.4
271120250224  0.988  nan  nan  nan  0.08  48.5  25.4
271120250225  0.987  nan  nan  nan  0.07  38.6  25.4
271120250226  0.985  nan  nan  nan  0.10  34.1  25.4
271120250227  0.983  nan  nan  nan  0.07  47.5  25.4
271120250228  0.980  nan  nan  nan  0.13  40.5  25.4
271120250229  0.980  nan  nan  nan  0.11  59.3  25.4
271120250230  0.980  nan  nan  nan  0.09  49.5  25.4
271120250231  0.979  nan  nan  nan  0.12  48.7  25.4
271120250232  0.976  nan  nan  nan  0.17  46.5  25.3
271120250233  0.973  nan  nan  nan  0.08  54.0  25.3
271120250234  0.968  nan  nan  nan  0.25  30.0  25.3
271120250235  0.962  nan  nan  nan  0.19  47.7  25.3
271120250236  0.955  nan  nan  nan  0.24  56.3  25.3
271120250237  0.949  nan  nan  nan  0.20  44.1  25.3
271120250238  0.942  nan  nan  nan  0.21  34.2  25.3
271120250239  0.936  nan  nan  nan  0.25  23.0  25.2
271120250240  0.930  nan  nan  nan  0.20  24.3  25.2
271120250241  0.925  nan  nan  nan  0.21  35.1  25.2
271120250242  0.919  nan  nan  nan  0.25  23.0  25.2
271120250243  0.913  nan  nan  nan  0.21  28.1  25.2
271120250244  0.906  nan  nan  nan  0.24  39.1  25.2
271120250245  0.900  nan  nan  nan  0.35  33.3  25.2
271120250246  0.895  nan  nan  nan  0.30  20.7  25.2
271120250247  0.890  nan  nan  nan  0.29  52.6  25.2
271120250248  0.886  nan  nan  nan  0.24  55.6  25.2
271120250249  0.881  nan  nan  nan  0.36  35.7  25.2
271120250250  0.876  nan  nan  nan  0.25  41.5  25.2
271120250251  0.872  nan  nan  nan  0.27  41.3  25.2
271120250252  0.869  nan  nan  nan  0.42  33.4  25.2
271120250253  0.866  nan  nan  nan  0.43  37.5  25.2
271120250254  0.863  nan  nan  nan  0.27  33.1  25.2
271120250255  0.860  nan  nan  nan  0.42  31.9  25.2
271120250256  0.857  nan  nan  nan  0.31  35.3  25.2
271120250257  0.853  nan  nan  nan  0.37  34.3  25.2
271120250258  0.852  nan  nan  nan  0.31  51.7  25.3
271120250259  0.851  nan  nan  nan  0.34  49.1  25.3
271120250300  0.850  nan  nan  nan  0.36  38.0  25.3
271120250301  0.850  nan  nan  nan  0.27  43.7  25.3
271120250302  0.849  nan  nan  nan  0.32  46.2  25.3
271120250303  0.848  nan  nan  nan  0.34  45.0  25.3
271120250304  0.844  nan  nan  nan  0.35  28.3  25.3
271120250305  0.842  nan  nan  nan  0.25  42.1  25.3
271120250306  0.839  nan  nan  nan  0.19  34.1  25.4
271120250307  0.837  nan  nan  nan  0.24  33.9  25.4
271120250308  0.833  nan  nan  nan  0.39  25.0  25.4
271120250309  0.830  nan  nan  nan  0.23  32.7  25.4
271120250310  0.827  nan  nan  nan  0.41  28.3  25.4
271120250311  0.823  nan  nan  nan  0.28  25.0  25.4
271120250312  0.820  nan  nan  nan  0.26  30.8  25.4
271120250313  0.814  nan  nan  nan  0.23  34.6  25.4
271120250314  0.810  nan  nan  nan  0.27  21.6  25.4
271120250315  0.805  nan  nan  nan  0.29  36.4  25.4
271120250316  0.800  nan  nan  nan  0.20  43.4  25.4
271120250317  0.794  nan  nan  nan  0.35  35.3  25.4
271120250318  0.789  nan  nan  nan  0.29  37.8  25.4
271120250319  0.785  nan  nan  nan  0.37  34.8  25.4
271120250320  0.780  nan  nan  nan  0.33  40.8  25.4
271120250321  0.776  nan  nan  nan  0.28  46.2  25.4
271120250322  0.774  nan  nan  nan  0.34  50.1  25.4
271120250323  0.770  nan  nan  nan  0.31  30.6  25.4
271120250324  0.768  nan  nan  nan  0.31  34.1  25.4
271120250325  0.766  nan  nan  nan  0.28  36.9  25.4
271120250326  0.764  nan  nan  nan  0.41  26.7  25.4
271120250327  0.763  nan  nan  nan  0.36  36.8  25.4
271120250328  0.761  nan  nan  nan  0.21  48.6  25.5
271120250329  0.762  nan  nan  nan  0.33  34.9  25.5
271120250330  0.762  nan  nan  nan  0.39  28.3  25.5
271120250331  0.764  nan  nan  nan  0.39  32.5  25.5
271120250332  0.766  nan  nan  nan  0.21  41.4  25.5
271120250333  0.767  nan  nan  nan  0.23  51.6  25.5
271120250334  0.768  nan  nan  nan  0.23  37.0  25.5
271120250335  0.768  nan  nan  nan  0.19  32.1  25.5
271120250336  0.767  nan  nan  nan  0.25  16.2  25.5
271120250337  0.766  nan  nan  nan  0.29  22.7  25.5
271120250338  0.766  nan  nan  nan  0.23  21.7  25.5
271120250339  0.766  nan  nan  nan  0.34  28.1  25.5
271120250340  0.765  nan  nan  nan  0.23  35.3  25.5
271120250341  0.766  nan  nan  nan  0.32  30.6  25.5
271120250342  0.766  nan  nan  nan  0.29  23.1  25.5
271120250343  0.765  nan  nan  nan  0.27  23.2  25.5
271120250344  0.767  nan  nan  nan  0.14  29.2  25.5
271120250345  0.767  nan  nan  nan  0.15  17.6  25.5
271120250346  0.769  nan  nan  nan  0.27  27.3  25.5
271120250347  0.771  nan  nan  nan  0.18  23.0  25.5
271120250348  0.772  nan  nan  nan  0.17  16.5  25.5
271120250349  0.773  nan  nan  nan  0.26  10.0  25.5
271120250350  0.773  nan  nan  nan  0.04  55.0  25.5
271120250351  0.773  nan  nan  nan  0.21  4.6  25.5
271120250352  0.774  nan  nan  nan  0.07  355.2  25.5
271120250353  0.772  nan  nan  nan  0.22  11.5  25.5
271120250354  0.771  nan  nan  nan  0.23  21.4  25.5
271120250355  0.767  nan  nan  nan  0.19  5.3  25.5
271120250356  0.766  nan  nan  nan  0.16  7.9  25.5
271120250357  0.763  nan  nan  nan  0.20  8.9  25.5
271120250358  0.760  nan  nan  nan  0.15  17.4  25.5
271120250359  0.758  nan  nan  nan  0.21  18.9  25.5
271120250400  0.756  nan  nan  nan  0.16  35.6  25.5
271120250401  0.755  nan  nan  nan  0.19  15.4  25.5
271120250402  0.753  nan  nan  nan  0.15  7.0  25.5
271120250403  0.753  nan  nan  nan  0.21  10.0  25.5
271120250404  0.750  nan  nan  nan  0.19  1.6  25.5
271120250405  0.750  nan  nan  nan  0.21  4.8  25.5
271120250406  0.750  nan  nan  nan  0.19  28.1  25.5
271120250407  0.748  nan  nan  nan  0.36  5.6  25.5
271120250408  0.747  nan  nan  nan  0.26  10.0  25.5
271120250409  0.746  nan  nan  nan  0.16  17.0  25.5
271120250410  0.743  nan  nan  nan  0.30  12.2  25.5
271120250411  0.741  nan  nan  nan  0.25  19.1  25.5
271120250412  0.739  nan  nan  nan  0.17  18.8  25.5
271120250413  0.735  nan  nan  nan  0.24  18.1  25.5
271120250414  0.732  nan  nan  nan  0.28  13.2  25.5
271120250415  0.728  nan  nan  nan  0.30  13.3  25.5
271120250416  0.725  nan  nan  nan  0.13  5.9  25.6
271120250417  0.721  nan  nan  nan  0.24  21.9  25.6
271120250418  0.718  nan  nan  nan  0.25  6.0  25.6
271120250419  0.714  nan  nan  nan  0.18  23.6  25.6
271120250420  0.712  nan  nan  nan  0.21  26.6  25.6
271120250421  0.711  nan  nan  nan  0.15  5.6  25.6
271120250422  0.710  nan  nan  nan  0.23  10.0  25.6
271120250423  0.707  nan  nan  nan  0.25  3.4  25.6
271120250424  0.705  nan  nan  nan  0.18  14.3  25.6
271120250425  0.701  nan  nan  nan  0.34  10.0  25.6
271120250426  0.697  nan  nan  nan  0.21  6.8  25.6
271120250427  0.696  nan  nan  nan  0.22  20.3  25.6
271120250428  0.694  nan  nan  nan  0.31  16.0  25.6
271120250429  0.691  nan  nan  nan  0.28  29.5  25.6
271120250430  0.687  nan  nan  nan  0.30  22.5  25.6
271120250431  0.683  nan  nan  nan  0.27  33.0  25.6
271120250432  0.677  nan  nan  nan  0.27  10.4  25.6
271120250433  0.669  nan  nan  nan  0.25  18.6  25.6
271120250434  0.663  nan  nan  nan  0.36  13.1  25.7
271120250435  0.655  nan  nan  nan  0.39  8.3  25.7
271120250436  0.649  nan  nan  nan  0.28  26.0  25.7
271120250437  0.644  nan  nan  nan  0.30  19.9  25.7
271120250438  0.638  nan  nan  nan  0.41  18.0  25.7
271120250439  0.633  nan  nan  nan  0.30  22.7  25.7
271120250440  0.629  nan  nan  nan  0.36  32.0  25.7
271120250441  0.626  nan  nan  nan  0.31  26.2  25.7
271120250442  0.623  nan  nan  nan  0.43  18.9  25.7
271120250443  0.621  nan  nan  nan  0.34  26.2  25.7
271120250444  0.619  nan  nan  nan  0.41  21.8  25.7
271120250445  0.619  nan  nan  nan  0.46  21.1  25.8
271120250446  0.619  nan  nan  nan  0.39  24.0  25.8
271120250447  0.619  nan  nan  nan  0.32  33.2  25.8
271120250448  0.621  nan  nan  nan  0.35  34.4  25.8
271120250449  0.622  nan  nan  nan  0.38  25.6  25.8
271120250450  0.623  nan  nan  nan  0.34  19.0  25.8
271120250451  0.623  nan  nan  nan  0.41  27.0  25.8
271120250452  0.623  nan  nan  nan  0.42  17.2  25.8
271120250453  0.622  nan  nan  nan  0.32  28.5  25.8
271120250454  0.621  nan  nan  nan  0.22  27.3  25.8
271120250455  0.619  nan  nan  nan  0.37  16.9  25.8
271120250456  0.618  nan  nan  nan  0.28  15.9  25.8
271120250457  0.616  nan  nan  nan  0.30  30.0  25.8
271120250458  0.613  nan  nan  nan  0.22  33.9  25.8
271120250459  0.613  nan  nan  nan  0.28  20.1  25.8
271120250500  0.613  nan  nan  nan  0.25  34.8  25.8
271120250501  0.616  nan  nan  nan  0.30  18.6  25.8
271120250502  0.617  nan  nan  nan  0.20  37.6  25.8
271120250503  0.619  nan  nan  nan  0.23  28.4  25.8
271120250504  0.619  nan  nan  nan  0.22  43.0  25.8
271120250505  0.621  nan  nan  nan  0.27  48.5  25.8
271120250506  0.622  nan  nan  nan  0.38  15.0  25.8
271120250507  0.625  nan  nan  nan  0.24  35.5  25.8
271120250508  0.628  nan  nan  nan  0.15  27.9  25.9
271120250509  0.631  nan  nan  nan  0.20  12.8  25.9
271120250510  0.634  nan  nan  nan  0.20  28.8  25.9
271120250511  0.637  nan  nan  nan  0.30  14.4  25.9
271120250512  0.637  nan  nan  nan  0.25  25.1  25.9
271120250513  0.636  nan  nan  nan  0.23  17.9  25.9
271120250514  0.638  nan  nan  nan  0.24  11.9  25.9
271120250515  0.638  nan  nan  nan  0.15  21.5  25.9
271120250516  0.639  nan  nan  nan  0.12  355.5  25.9
271120250517  0.641  nan  nan  nan  0.19  359.0  25.9
271120250518  0.643  nan  nan  nan  0.16  9.3  25.9
271120250519  0.646  nan  nan  nan  0.20  2.3  25.9
271120250520  0.647  nan  nan  nan  0.26  6.1  25.9
271120250521  0.651  nan  nan  nan  0.22  19.6  25.9
271120250522  0.652  nan  nan  nan  0.18  10.0  25.9
271120250523  0.655  nan  nan  nan  0.10  325.0  25.9
271120250524  0.658  nan  nan  nan  0.15  342.1  25.9
271120250525  0.659  nan  nan  nan  0.10  339.0  25.9
271120250526  0.660  nan  nan  nan  0.30  12.6  25.9
271120250527  0.660  nan  nan  nan  0.19  355.4  25.9
271120250528  0.659  nan  nan  nan  0.08  356.0  25.9
271120250529  0.658  nan  nan  nan  0.15  7.8  25.9
271120250530  0.655  nan  nan  nan  0.11  332.0  25.9
271120250531  0.655  nan  nan  nan  0.06  354.1  25.9
271120250532  0.653  nan  nan  nan  0.07  338.2  25.9
271120250533  0.651  nan  nan  nan  0.13  8.2  25.9
271120250534  0.649  nan  nan  nan  0.12  343.9  25.9
271120250535  0.646  nan  nan  nan  0.21  11.1  25.9
271120250536  0.642  nan  nan  nan  0.10  346.9  25.9
271120250537  0.639  nan  nan  nan  0.17  357.1  25.9
271120250538  0.637  nan  nan  nan  0.10  1.3  25.9
271120250539  0.636  nan  nan  nan  0.06  339.3  25.9
271120250540  0.636  nan  nan  nan  0.05  303.7  25.9
271120250541  0.639  nan  nan  nan  0.14  346.3  25.9
271120250542  0.640  nan  nan  nan  0.11  357.9  25.9
271120250543  0.641  nan  nan  nan  0.22  355.2  25.9
271120250544  0.641  nan  nan  nan  0.15  337.5  25.9
271120250545  0.639  nan  nan  nan  0.10  0.7  25.9
271120250546  0.639  nan  nan  nan  0.16  0.9  25.9
271120250547  0.637  nan  nan  nan  0.26  353.3  25.9
271120250548  0.637  nan  nan  nan  0.13  353.9  25.9
271120250549  0.635  nan  nan  nan  0.17  357.4  25.9
271120250550  0.634  nan  nan  nan  0.17  348.8  25.9
271120250551  0.632  nan  nan  nan  0.12  8.2  25.9
271120250552  0.630  nan  nan  nan  0.14  353.1  25.9
271120250553  0.627  nan  nan  nan  0.19  1.2  25.9
271120250554  0.624  nan  nan  nan  0.14  24.2  25.9
271120250555  0.619  2.0  244.1  2.0  0.16  7.1  25.9
271120250556  0.616  2.0  244.1  2.0  0.23  3.3  25.9
271120250557  0.611  2.0  244.1  2.0  0.18  15.5  26.0
271120250558  0.608  2.0  244.1  2.0  0.11  5.8  26.0
271120250559  0.608  nan  nan  nan  0.16  353.4  26.0
271120250600  0.606  nan  nan  nan  0.21  355.8  26.0
271120250601  0.605  nan  nan  nan  0.25  4.2  26.0
271120250602  0.605  nan  nan  nan  0.17  19.7  26.0
271120250603  0.603  nan  nan  nan  0.04  12.9  26.0
271120250604  0.604  nan  nan  nan  0.15  348.6  26.0
271120250605  0.604  nan  nan  nan  0.08  8.6  26.0
271120250606  0.606  nan  nan  nan  0.17  357.8  26.0
271120250607  0.606  nan  nan  nan  0.22  4.5  26.0
271120250608  0.607  nan  nan  nan  0.15  15.9  26.0
271120250609  0.606  nan  nan  nan  0.28  14.0  26.0
271120250610  0.606  nan  nan  nan  0.14  31.0  26.0
271120250611  0.604  nan  nan  nan  0.21  31.8  26.0
271120250612  0.604  nan  nan  nan  0.20  15.1  26.1
271120250613  0.602  nan  nan  nan  0.21  9.5  26.0
271120250614  0.602  nan  nan  nan  0.25  10.0  26.1
271120250615  0.601  nan  nan  nan  0.21  12.6  26.1
271120250616  0.600  nan  nan  nan  0.27  16.2  26.1
271120250617  0.600  nan  nan  nan  0.17  6.0  26.1
271120250618  0.598  nan  nan  nan  0.21  6.3  26.1
271120250619  0.597  nan  nan  nan  0.15  1.5  26.1
271120250620  0.598  nan  nan  nan  0.27  9.6  26.1
271120250621  0.598  nan  nan  nan  0.13  345.3  26.1
271120250622  0.599  nan  nan  nan  0.13  0.8  26.1
271120250623  0.599  nan  nan  nan  0.24  8.6  26.1
271120250624  0.599  nan  nan  nan  0.19  1.7  26.1
271120250625  0.600  nan  nan  nan  0.07  5.4  26.1
271120250626  0.600  nan  nan  nan  0.13  1.6  26.1
271120250627  0.600  nan  nan  nan  0.10  328.9  26.1
271120250628  0.601  nan  nan  nan  0.17  0.5  26.1
271120250629  0.601  nan  nan  nan  0.10  4.2  26.1
271120250630  0.602  nan  nan  nan  0.19  345.9  26.1
271120250631  0.603  2.0  244.1  2.0  0.10  347.6  26.1
271120250632  0.605  2.0  244.1  2.0  0.17  356.6  26.1
271120250633  0.606  2.0  244.1  2.0  0.20  335.7  26.1
271120250634  0.611  2.0  244.1  2.0  0.05  340.5  26.1
271120250635  0.614  2.0  244.1  2.0  0.16  336.7  26.1
271120250636  0.617  2.0  244.1  2.0  0.18  356.9  26.1
271120250637  0.621  2.0  244.1  2.0  0.08  348.7  26.1
271120250638  0.624  2.0  244.1  2.0  0.19  348.8  26.1
271120250639  0.628  2.0  244.1  2.0  0.07  339.9  26.1
271120250640  0.633  nan  nan  nan  0.07  287.9  26.1
271120250641  0.639  nan  nan  nan  0.11  300.3  26.1
271120250642  0.644  nan  nan  nan  0.05  331.7  26.1
271120250643  0.648  nan  nan  nan  0.08  330.2  26.1
271120250644  0.651  nan  nan  nan  0.06  278.1  26.1
271120250645  0.653  nan  nan  nan  0.09  292.5  26.1
271120250646  0.657  nan  nan  nan  0.09  271.7  26.1
271120250647  0.660  nan  nan  nan  0.10  258.2  26.1
271120250648  0.663  nan  nan  nan  0.09  258.4  26.1
271120250649  0.666  nan  nan  nan  0.10  287.5  26.1
271120250650  0.669  nan  nan  nan  0.11  284.2  26.1
271120250651  0.671  nan  nan  nan  0.24  223.6  26.1
271120250652  0.673  nan  nan  nan  0.11  259.1  26.1
271120250653  0.676  nan  nan  nan  0.17  253.4  26.1
271120250654  0.679  nan  nan  nan  0.14  221.5  26.1
271120250655  0.680  nan  nan  nan  0.16  246.5  26.1
271120250656  0.683  nan  nan  nan  0.22  266.6  26.1
271120250657  0.685  nan  nan  nan  0.34  225.5  26.1
271120250658  0.687  nan  nan  nan  0.21  239.9  26.1
271120250659  0.689  nan  nan  nan  0.16  270.1  26.1
271120250700  0.691  nan  nan  nan  0.23  270.1  26.1
271120250701  0.692  nan  nan  nan  0.26  235.9  26.1
271120250702  0.694  nan  nan  nan  0.21  256.8  26.1
271120250703  0.696  nan  nan  nan  0.14  245.5  26.1
271120250704  0.699  nan  nan  nan  0.27  222.5  26.1
271120250705  0.701  nan  nan  nan  0.24  213.6  26.1
271120250706  0.702  2.0  244.1  2.0  0.27  207.3  26.1
271120250707  0.705  2.0  244.1  2.0  0.20  223.1  26.1
271120250708  0.707  2.0  244.1  2.0  0.16  202.4  26.1
271120250709  0.711  2.0  244.1  2.0  0.17  202.7  26.0
271120250710  0.712  2.0  244.1  2.0  0.14  194.8  26.0
271120250711  0.714  2.0  244.1  2.0  0.16  192.8  26.0
271120250712  0.717  2.0  244.1  2.0  0.25  184.2  26.0
271120250713  0.718  2.0  244.1  2.0  0.11  213.3  26.0
271120250714  0.719  2.0  244.1  2.0  0.09  175.1  25.9
271120250715  0.721  2.0  244.1  2.0  0.17  194.5  25.9
271120250716  0.723  nan  nan  nan  0.17  173.0  25.9
271120250717  0.725  nan  nan  nan  0.06  179.0  25.9
271120250718  0.726  nan  nan  nan  0.15  194.5  25.9
271120250719  0.727  nan  nan  nan  0.23  180.9  25.9
271120250720  0.728  nan  nan  nan  0.07  206.4  25.9
271120250721  0.729  nan  nan  nan  0.04  208.4  25.9
271120250722  0.730  nan  nan  nan  0.04  190.0  25.9
271120250723  0.731  nan  nan  nan  nan  nan  nan
271120250724  0.732  nan  nan  nan  0.13  195.0  25.8
271120250725  0.732  nan  nan  nan  0.03  150.7  25.8
271120250726  0.733  nan  nan  nan  0.08  151.8  25.8
271120250727  0.732  nan  nan  nan  0.17  168.7  25.8
271120250728  0.732  nan  nan  nan  0.09  165.7  25.8
271120250729  0.732  nan  nan  nan  0.06  184.3  25.8
271120250730  0.732  nan  nan  nan  0.04  273.7  25.8
271120250731  0.731  nan  nan  nan  0.07  226.3  25.8
271120250732  0.730  nan  nan  nan  0.11  178.3  25.8
271120250733  0.727  nan  nan  nan  0.05  179.1  25.8
271120250734  0.724  nan  nan  nan  0.05  124.4  25.8
271120250735  0.721  nan  nan  nan  0.14  183.7  25.8
271120250736  0.718  nan  nan  nan  0.19  194.0  25.7
271120250737  0.716  nan  nan  nan  0.15  210.0  25.7
271120250738  0.713  nan  nan  nan  0.16  205.9  25.7
271120250739  0.710  nan  nan  nan  0.04  291.9  25.7
271120250740  0.707  nan  nan  nan  0.17  196.7  25.7
271120250741  0.705  nan  nan  nan  0.05  204.5  25.7
271120250742  0.704  nan  nan  nan  0.07  196.3  25.7
271120250743  0.703  nan  nan  nan  0.06  162.7  25.7
271120250744  0.704  2.0  244.1  2.0  0.06  232.4  25.7
271120250745  0.704  2.0  244.1  2.0  0.15  197.3  25.7
271120250746  0.704  2.0  244.1  2.0  0.05  204.0  25.7
271120250747  0.705  2.0  244.1  2.0  0.10  212.2  25.7
271120250748  0.705  2.0  244.1  2.0  0.09  242.4  25.7
271120250749  0.705  2.0  244.0  2.0  0.07  218.6  25.7
271120250750  0.706  2.0  244.0  2.0  0.20  191.1  25.7
271120250751  0.707  2.0  244.0  2.0  0.12  201.0  25.7
271120250752  0.708  nan  nan  nan  0.12  194.7  25.7
271120250753  0.711  nan  nan  nan  0.05  304.4  25.7
271120250754  0.713  nan  nan  nan  0.13  205.5  25.7
271120250755  0.716  nan  nan  nan  0.13  198.7  25.7
271120250756  0.721  nan  nan  nan  0.06  218.9  25.7
271120250757  0.725  nan  nan  nan  0.15  194.5  25.7
271120250758  0.728  nan  nan  nan  0.20  205.1  25.7
271120250759  0.731  nan  nan  nan  0.07  218.0  25.7
271120250800  0.736  nan  nan  nan  0.14  183.6  25.7
271120250801  0.741  nan  nan  nan  0.25  213.1  25.7
271120250802  0.746  nan  nan  nan  0.16  257.8  25.7
271120250803  0.751  nan  nan  nan  0.15  238.7  25.7
271120250804  0.757  nan  nan  nan  0.26  211.3  25.7
271120250805  0.763  nan  nan  nan  0.25  206.9  25.7
271120250806  0.767  nan  nan  nan  0.20  181.8  25.6
271120250807  0.772  nan  nan  nan  0.20  195.5  25.6
271120250808  0.776  nan  nan  nan  0.26  201.9  25.6
271120250809  0.778  nan  nan  nan  0.21  282.7  25.6
271120250810  0.781  nan  nan  nan  0.20  271.7  25.6
271120250811  0.784  nan  nan  nan  0.25  282.3  25.6
271120250812  0.787  nan  nan  nan  0.24  224.6  25.6
271120250813  0.792  nan  nan  nan  0.23  207.1  25.6
271120250814  0.797  nan  nan  nan  0.24  211.6  25.6
271120250815  0.803  nan  nan  nan  0.34  207.9  25.6
271120250816  0.810  nan  nan  nan  0.29  191.2  25.6
271120250817  0.818  nan  nan  nan  0.28  202.4  25.6
271120250818  0.826  nan  nan  nan  0.21  204.6  25.6
271120250819  0.833  nan  nan  nan  0.26  199.0  25.5
271120250820  0.841  nan  nan  nan  0.30  201.4  25.5
271120250821  0.847  nan  nan  nan  0.19  195.2  25.5
271120250822  0.853  nan  nan  nan  0.31  194.3  25.5
271120250823  0.861  nan  nan  nan  0.23  198.1  25.5
271120250824  0.868  nan  nan  nan  0.36  193.7  25.4
271120250825  0.876  nan  nan  nan  0.34  179.2  25.4
271120250826  0.882  nan  nan  nan  0.37  181.4  25.4
271120250827  0.888  nan  nan  nan  0.43  178.6  25.4
271120250828  0.895  nan  nan  nan  0.32  178.1  25.4
271120250829  0.899  nan  nan  nan  0.28  186.4  25.4
271120250830  0.903  nan  nan  nan  0.31  191.4  25.4
271120250831  0.908  nan  nan  nan  0.27  173.9  25.4
271120250832  0.911  nan  nan  nan  0.45  188.0  25.4
271120250833  0.914  nan  nan  nan  0.20  186.7  25.4
271120250834  0.919  nan  nan  nan  0.25  198.2  25.4
271120250835  0.923  nan  nan  nan  0.23  190.0  25.4
271120250836  0.927  nan  nan  nan  0.37  189.7  25.4
271120250837  0.931  nan  nan  nan  0.32  186.8  25.4
271120250838  0.936  2.0  244.1  2.0  0.26  194.3  25.4
271120250839  0.939  2.0  244.1  2.0  0.38  202.5  25.4
271120250840  0.942  2.0  244.1  2.0  0.50  200.4  25.4
271120250841  0.944  2.0  244.1  2.0  0.40  196.8  25.4
271120250842  0.944  2.0  244.1  2.0  0.38  200.4  25.4
271120250843  0.946  2.0  244.1  2.0  0.36  201.6  25.4
271120250844  0.948  2.0  244.1  2.0  0.38  195.9  25.4
271120250845  0.951  nan  nan  nan  0.34  190.0  25.4
271120250846  0.955  nan  nan  nan  0.22  184.0  25.4
271120250847  0.958  nan  nan  nan  0.20  196.6  25.4
271120250848  0.961  nan  nan  nan  0.27  209.1  25.4
271120250849  0.965  nan  nan  nan  0.28  219.7  25.4
271120250850  0.970  nan  nan  nan  0.30  209.6  25.4
271120250851  0.975  nan  nan  nan  0.29  218.8  25.4
271120250852  0.980  nan  nan  nan  0.31  201.9  25.4
271120250853  0.985  nan  nan  nan  0.33  203.6  25.4
271120250854  0.989  nan  nan  nan  0.26  201.6  25.3
271120250855  0.994  nan  nan  nan  0.33  210.3  25.3
271120250856  1.000  nan  nan  nan  0.23  199.7  25.3
271120250857  1.005  nan  nan  nan  0.27  208.4  25.3
271120250858  1.010  nan  nan  nan  0.44  197.4  25.3
271120250859  1.012  nan  nan  nan  0.49  198.7  25.2
271120250900  1.014  nan  nan  nan  0.30  207.6  25.2
271120250901  1.017  nan  nan  nan  0.42  208.4  25.2
271120250902  1.019  nan  nan  nan  0.37  232.9  25.2
271120250903  1.023  nan  nan  nan  0.31  228.8  25.2
271120250904  1.026  nan  nan  nan  0.27  228.5  25.2
271120250905  1.028  nan  nan  nan  0.38  218.0  25.2
271120250906  1.032  nan  nan  nan  0.43  212.5  25.2
271120250907  1.034  nan  nan  nan  0.31  208.2  25.2
271120250908  1.036  nan  nan  nan  0.28  200.1  25.2
271120250909  1.039  nan  nan  nan  0.39  206.5  25.2
271120250910  1.041  nan  nan  nan  0.25  232.5  25.2
271120250911  1.044  nan  nan  nan  0.42  213.4  25.3
271120250912  1.046  nan  nan  nan  0.32  218.6  25.3
271120250913  1.049  nan  nan  nan  0.28  213.3  25.3
271120250914  1.051  nan  nan  nan  0.24  217.2  25.3
271120250915  1.053  nan  nan  nan  0.21  224.6  25.3
271120250916  1.055  nan  nan  nan  0.19  226.1  25.4
271120250917  1.058  nan  nan  nan  0.32  218.9  25.4
271120250918  1.058  nan  nan  nan  0.25  198.4  25.4
271120250919  1.058  nan  nan  nan  0.32  209.1  25.4
271120250920  1.058  nan  nan  nan  0.29  199.4  25.4
271120250921  1.058  nan  nan  nan  0.29  210.1  25.4
271120250922  1.059  nan  nan  nan  0.23  243.5  25.4
271120250923  1.061  nan  nan  nan  0.21  274.2  25.4
271120250924  1.063  nan  nan  nan  0.16  223.3  25.4
271120250925  1.065  2.0  244.1  2.0  0.26  262.6  25.4
271120250926  1.066  2.0  244.1  2.0  0.27  272.7  25.4
271120250927  1.069  2.0  244.1  2.0  0.11  259.0  25.4
271120250928  1.072  2.0  244.1  2.0  0.22  203.8  25.4
271120250929  1.074  2.0  244.1  2.0  0.31  236.8  25.4
271120250930  1.076  2.0  244.1  2.0  0.28  205.2  25.5
271120250931  1.080  2.0  244.1  2.0  0.21  255.6  25.4
271120250932  1.085  nan  nan  nan  0.24  239.3  25.4
271120250933  1.089  nan  nan  nan  0.22  269.6  25.4
271120250934  1.094  nan  nan  nan  0.16  252.5  25.4
271120250935  1.100  nan  nan  nan  0.18  242.3  25.4
271120250936  1.106  nan  nan  nan  0.30  223.8  25.5
271120250937  1.112  nan  nan  nan  0.22  244.6  25.5
271120250938  1.119  nan  nan  nan  0.26  236.2  25.5
271120250939  1.123  nan  nan  nan  0.29  223.8  25.5
271120250940  1.127  nan  nan  nan  0.21  234.3  25.5
271120250941  1.132  nan  nan  nan  0.25  228.7  25.6
271120250942  1.138  nan  nan  nan  0.33  223.6  25.6
271120250943  1.142  nan  nan  nan  0.33  219.4  25.6
271120250944  1.147  nan  nan  nan  0.29  221.5  25.6
271120250945  1.152  nan  nan  nan  0.32  232.5  25.6
271120250946  1.158  nan  nan  nan  0.34  216.0  25.6
271120250947  1.162  nan  nan  nan  0.29  226.3  25.6
271120250948  1.168  nan  nan  nan  0.34  215.4  25.6
271120250949  1.171  nan  nan  nan  0.35  218.8  25.6
271120250950  1.174  nan  nan  nan  0.25  234.4  25.5
271120250951  1.176  nan  nan  nan  0.35  215.0  25.5
271120250952  1.179  nan  nan  nan  0.36  221.0  25.5
271120250953  1.183  nan  nan  nan  0.39  219.1  25.5
271120250954  1.186  nan  nan  nan  0.31  223.1  25.5
271120250955  1.188  nan  nan  nan  0.39  214.2  25.5
271120250956  1.191  nan  nan  nan  0.34  215.4  25.5
271120250957  1.192  nan  nan  nan  0.31  222.8  25.5
271120250958  1.194  nan  nan  nan  0.32  219.0  25.5
271120250959  1.194  nan  nan  nan  0.39  214.6  25.5
271120251000  1.197  nan  nan  nan  0.36  207.7  25.5
271120251001  1.201  nan  nan  nan  0.32  227.5  25.5
271120251002  1.205  nan  nan  nan  0.34  216.9  25.6
271120251003  1.208  nan  nan  nan  0.29  221.1  25.6
271120251004  1.214  nan  nan  nan  0.37  216.4  25.6
271120251005  1.217  nan  nan  nan  0.28  231.0  25.6
271120251006  1.223  nan  nan  nan  0.26  218.5  25.6
271120251007  1.228  nan  nan  nan  0.39  215.3  25.6
271120251008  1.232  nan  nan  nan  0.37  222.0  25.6
271120251009  1.236  nan  nan  nan  0.20  229.1  25.6
271120251010  1.241  nan  nan  nan  0.34  225.7  25.6
271120251011  1.246  nan  nan  nan  0.37  223.0  25.6
271120251012  1.252  nan  nan  nan  0.37  215.6  25.6
271120251013  1.258  nan  nan  nan  0.39  214.2  25.6
271120251014  1.262  nan  nan  nan  0.40  210.1  25.6
271120251015  1.268  nan  nan  nan  0.39  206.4  25.6
271120251016  1.273  nan  nan  nan  0.41  230.8  25.6
271120251017  1.279  nan  nan  nan  0.30  227.2  25.6
271120251018  1.284  nan  nan  nan  0.45  214.9  25.6
271120251019  1.289  nan  nan  nan  0.39  214.9  25.6
271120251020  1.292  nan  nan  nan  0.28  213.9  25.6
271120251021  1.297  nan  nan  nan  0.35  212.9  25.6
271120251022  1.301  nan  nan  nan  0.27  211.2  25.6
271120251023  1.303  nan  nan  nan  0.21  235.0  25.6
271120251024  1.308  nan  nan  nan  0.32  212.2  25.6
271120251025  1.314  nan  nan  nan  0.26  215.0  25.6
271120251026  1.318  nan  nan  nan  0.37  198.6  25.6
271120251027  1.324  nan  nan  nan  0.27  202.1  25.6
271120251028  1.327  nan  nan  nan  0.22  184.9  25.6
271120251029  1.333  nan  nan  nan  0.28  205.4  25.6
271120251030  1.337  nan  nan  nan  0.25  201.2  25.6
271120251031  1.341  nan  nan  nan  0.31  194.6  25.6
271120251032  1.346  nan  nan  nan  0.19  214.8  25.7
271120251033  1.351  nan  nan  nan  0.30  198.1  25.7
271120251034  1.356  nan  nan  nan  0.28  185.1  25.7
271120251035  1.361  nan  nan  nan  0.28  185.1  25.7
271120251036  1.364  nan  nan  nan  0.32  180.1  25.7
271120251037  1.368  2.0  244.1  2.0  0.26  184.4  25.7
271120251038  1.371  2.0  244.1  2.0  0.41  193.2  25.7
271120251039  1.372  2.0  244.1  2.0  0.35  195.2  25.7
271120251040  1.374  2.0  244.1  2.0  0.27  202.8  25.7
271120251041  1.376  2.0  244.1  2.0  0.36  194.9  25.7
271120251042  1.377  2.0  244.1  2.0  0.38  205.0  25.7
271120251043  1.380  2.0  244.1  2.0  0.37  209.5  25.7
271120251044  1.382  2.0  244.1  2.0  0.32  195.6  25.7
271120251045  1.385  nan  nan  nan  0.24  201.8  25.7
271120251046  1.387  nan  nan  nan  0.39  198.3  25.7
271120251047  1.389  nan  nan  nan  0.25  195.0  25.7
271120251048  1.389  nan  nan  nan  0.35  194.5  25.7
271120251049  1.391  nan  nan  nan  0.40  197.9  25.7
271120251050  1.393  nan  nan  nan  0.41  190.8  25.7
271120251051  1.396  nan  nan  nan  0.22  176.1  25.7
271120251052  1.399  nan  nan  nan  0.28  184.8  25.7
271120251053  1.402  nan  nan  nan  0.34  195.0  25.7
271120251054  1.405  nan  nan  nan  0.21  181.9  25.7
271120251055  1.408  nan  nan  nan  0.17  188.7  25.7
271120251056  1.412  nan  nan  nan  0.32  187.9  25.7
271120251057  1.415  nan  nan  nan  0.22  188.0  25.7
271120251058  1.419  nan  nan  nan  0.43  196.7  25.7
271120251059  1.423  nan  nan  nan  0.27  190.4  25.7
271120251100  1.426  nan  nan  nan  0.32  193.8  25.7
271120251101  1.430  nan  nan  nan  0.37  191.8  25.7
271120251102  1.431  nan  nan  nan  0.29  214.3  25.6
271120251103  1.433  nan  nan  nan  0.31  203.4  25.6
271120251104  1.435  nan  nan  nan  0.25  197.1  25.6
271120251105  1.436  nan  nan  nan  0.31  205.1  25.6
271120251106  1.436  nan  nan  nan  0.18  212.4  25.6
271120251107  1.436  nan  nan  nan  0.27  204.7  25.6
271120251108  1.436  nan  nan  nan  0.22  205.6  25.6
271120251109  1.437  nan  nan  nan  0.38  196.1  25.6
271120251110  1.436  nan  nan  nan  0.23  215.9  25.6
271120251111  1.437  nan  nan  nan  0.32  198.0  25.6
271120251112  1.437  nan  nan  nan  0.29  203.5  25.6
271120251113  1.438  nan  nan  nan  0.30  206.9  25.6
271120251114  1.438  nan  nan  nan  0.22  196.1  25.6
271120251115  1.439  nan  nan  nan  0.21  186.8  25.6
271120251116  1.439  nan  nan  nan  0.19  200.8  25.6
271120251117  1.440  nan  nan  nan  0.24  188.6  25.6
271120251118  1.442  nan  nan  nan  0.31  201.4  25.6
271120251119  1.443  nan  nan  nan  0.28  191.6  25.6
271120251120  1.444  nan  nan  nan  0.21  192.2  25.6
271120251121  1.446  nan  nan  nan  0.26  190.9  25.6
271120251122  1.448  nan  nan  nan  0.21  173.4  25.6
271120251123  1.450  nan  nan  nan  0.29  180.6  25.6
271120251124  1.453  nan  nan  nan  0.14  149.5  25.6
271120251125  1.455  nan  nan  nan  0.14  152.7  25.6
271120251126  1.458  nan  nan  nan  0.27  161.1  25.6
271120251127  1.461  nan  nan  nan  0.20  161.2  25.6
271120251128  1.464  nan  nan  nan  0.21  177.4  25.6
271120251129  1.467  nan  nan  nan  0.28  182.0  25.6
271120251130  1.470  nan  nan  nan  0.36  182.0  25.6
271120251131  1.473  nan  nan  nan  0.32  190.7  25.6
271120251132  1.476  nan  nan  nan  0.17  190.0  25.6
271120251133  1.479  nan  nan  nan  0.12  210.4  25.6
271120251134  1.482  nan  nan  nan  0.23  197.4  25.6
271120251135  1.483  nan  nan  nan  0.08  209.4  25.6
271120251136  1.486  nan  nan  nan  0.14  214.8  25.6
271120251137  1.487  nan  nan  nan  0.25  203.9  25.6
271120251138  1.490  nan  nan  nan  0.26  196.8  25.6
271120251139  1.492  nan  nan  nan  0.26  227.7  25.6
271120251140  1.495  nan  nan  nan  0.28  195.6  25.6
271120251141  1.497  nan  nan  nan  0.30  194.5  25.6
271120251142  1.498  nan  nan  nan  0.20  200.5  25.6
271120251143  1.500  nan  nan  nan  0.26  216.6  25.6
271120251144  1.502  nan  nan  nan  0.19  209.9  25.6
271120251145  1.504  nan  nan  nan  0.28  206.4  25.6
271120251146  1.506  nan  nan  nan  0.31  206.2  25.6
271120251147  1.509  nan  nan  nan  0.20  220.4  25.6
271120251148  1.510  nan  nan  nan  0.36  199.6  25.6
271120251149  1.511  nan  nan  nan  0.30  208.3  25.6
271120251150  1.512  nan  nan  nan  0.33  210.0  25.6
271120251151  1.514  nan  nan  nan  0.23  203.4  25.6
271120251152  1.515  nan  nan  nan  0.28  203.8  25.6
271120251153  1.517  nan  nan  nan  0.29  195.7  25.5
271120251154  1.520  nan  nan  nan  0.34  197.6  25.5
271120251155  1.521  nan  nan  nan  0.24  205.1  25.4
271120251156  1.524  nan  nan  nan  0.28  198.7  25.4
271120251157  1.527  nan  nan  nan  0.26  193.4  25.2
271120251158  1.529  nan  nan  nan  0.22  183.9  25.1
271120251159  1.532  nan  nan  nan  0.29  200.1  25.0
271120251200  1.536  nan  nan  nan  0.23  180.7  24.9
271120251201  1.541  nan  nan  nan  0.27  169.2  24.8
271120251202  1.545  nan  nan  nan  0.22  171.2  24.8
271120251203  1.546  nan  nan  nan  0.28  169.4  24.8
271120251204  1.550  nan  nan  nan  0.37  162.9  24.8
271120251205  1.552  nan  nan  nan  0.31  158.1  24.9
271120251206  1.555  nan  nan  nan  0.38  170.8  24.9
271120251207  1.558  nan  nan  nan  0.51  164.8  24.8
271120251208  1.560  nan  nan  nan  0.39  171.2  24.8
271120251209  1.562  nan  nan  nan  0.38  162.9  24.8
271120251210  1.561  nan  nan  nan  0.54  168.5  24.8
271120251211  1.561  nan  nan  nan  0.40  153.9  24.8
271120251212  1.562  nan  nan  nan  0.42  161.1  24.7
271120251213  1.562  nan  nan  nan  0.32  131.0  24.6
271120251214  1.563  nan  nan  nan  0.32  167.2  24.6
271120251215  1.565  nan  nan  nan  0.19  165.2  24.4
271120251216  1.565  nan  nan  nan  0.31  180.1  24.4
271120251217  1.565  nan  nan  nan  0.20  163.2  24.5
271120251218  1.565  nan  nan  nan  nan  nan  nan
271120251219  1.566  18.5  355.5  19.8  0.28  178.8  24.6
271120251220  1.570  18.7  354.8  21.6  0.18  184.5  24.6
271120251221  1.572  18.9  355.5  21.6  0.28  174.8  24.6
271120251222  1.575  18.6  355.9  21.6  0.32  176.7  24.6
271120251223  1.575  18.7  355.8  21.6  0.23  171.6  24.6
271120251224  1.574  18.8  355.9  21.7  0.21  165.1  24.6
271120251225  1.571  18.6  356.2  21.7  0.28  174.4  24.5
271120251226  1.571  18.4  356.3  21.7  0.09  109.0  24.5
271120251227  1.570  18.4  356.1  21.7  0.26  172.8  24.6
271120251228  1.568  18.3  356.3  21.7  0.29  183.8  24.7
271120251229  1.565  18.2  356.7  21.7  0.16  165.0  24.7
271120251230  1.562  18.2  357.3  21.9  0.26  182.4  24.8
271120251231  1.560  18.0  357.9  21.9  0.10  192.3  24.8
271120251232  1.559  17.7  358.1  21.9  0.25  172.3  24.8
271120251233  1.558  17.6  358.7  21.9  0.23  165.4  24.7
271120251234  1.558  17.3  359.4  21.9  0.26  166.1  24.7
271120251235  1.556  17.3  359.8  21.9  0.07  73.4  24.8
271120251236  1.558  17.3  360.0  21.9  nan  nan  nan
271120251237  1.558  17.3  0.2  21.9  0.19  170.1  24.9
271120251238  1.559  17.0  0.6  21.9  0.19  179.5  25.0
271120251239  1.561  16.8  1.1  21.9  0.23  180.7  25.0
271120251240  1.562  16.3  1.4  21.0  0.03  115.9  25.0
271120251241  1.561  16.3  1.2  21.0  0.23  179.4  24.9
271120251242  1.563  16.6  0.9  21.0  0.09  138.1  24.9
271120251243  1.565  16.7  0.6  21.7  0.25  171.6  24.9
271120251244  1.567  16.7  0.2  21.7  0.06  112.7  24.9
271120251245  1.571  16.6  0.2  21.7  0.13  190.0  24.9
271120251246  1.574  16.5  0.4  21.7  0.22  168.4  24.9
271120251247  1.576  16.4  1.0  21.7  0.26  177.2  24.8
271120251248  1.579  16.5  1.3  21.7  0.15  165.8  24.8
271120251249  1.582  16.5  1.2  21.7  0.21  176.7  24.8
271120251250  1.586  16.6  1.4  21.7  0.19  168.5  24.9
271120251251  1.589  16.5  2.0  21.7  0.12  194.7  24.9
271120251252  1.590  16.5  2.7  21.7  0.23  169.3  25.0
271120251253  1.591  16.2  3.6  19.9  0.24  182.9  25.1
271120251254  1.592  16.1  4.1  19.9  0.17  177.4  25.2
271120251255  1.595  16.3  4.4  20.2  0.25  172.8  25.3
271120251256  1.595  16.5  5.1  20.3  0.27  174.9  25.3
271120251257  1.595  16.5  5.3  20.3  0.24  193.7  25.4
271120251258  1.594  16.5  5.5  20.3  0.22  183.4  25.3
271120251259  1.591  16.7  5.5  20.3  0.26  174.6  25.3
271120251300  1.589  16.3  4.7  20.3  0.15  193.7  25.3
271120251301  1.586  16.5  5.0  20.3  0.21  182.2  25.3
271120251302  1.583  16.3  5.4  20.3  0.30  185.2  25.3
271120251303  1.581  16.3  5.6  20.3  0.28  190.0  25.3
271120251304  1.579  16.5  6.1  20.7  0.31  183.8  25.3
271120251305  1.576  16.4  6.3  20.7  0.04  245.6  25.2
271120251306  1.572  16.3  6.4  20.7  0.20  174.4  25.1
271120251307  1.570  16.4  6.5  20.7  0.14  172.8  25.1
271120251308  1.569  16.3  6.5  20.7  0.21  189.5  25.0
271120251309  1.566  16.2  6.8  20.7  0.14  202.7  24.9
271120251310  1.565  16.5  7.7  20.7  0.15  200.7  24.8
271120251311  1.564  16.5  7.2  20.7  0.20  196.8  24.8
271120251312  1.566  16.7  7.0  20.7  0.12  207.9  24.7
271120251313  1.565  16.7  6.5  20.7  0.20  231.9  24.7
271120251314  1.567  16.5  6.0  19.3  0.16  228.0  24.7
271120251315  1.567  16.3  5.9  18.8  0.08  254.7  24.7
271120251316  1.568  16.1  5.7  18.8  0.06  204.9  24.7
271120251317  1.567  16.0  6.1  18.8  0.19  190.6  24.8
271120251318  1.566  16.0  6.3  18.8  0.21  206.2  24.8
271120251319  1.567  16.0  6.3  18.8  0.13  196.1  24.7
271120251320  1.567  15.8  6.1  18.8  0.14  210.7  24.7
271120251321  1.568  15.8  6.3  18.8  0.14  207.2  24.7
271120251322  1.569  15.7  6.3  18.5  0.15  197.3  24.7
271120251323  1.570  15.8  6.5  21.0  0.05  204.0  24.7
271120251324  1.573  15.9  7.2  21.0  0.15  207.3  24.7
271120251325  1.573  15.9  7.2  21.0  0.17  209.7  24.7
271120251326  1.573  16.0  7.4  21.0  0.16  193.4  24.7
271120251327  1.572  16.0  7.3  21.0  0.27  205.5  24.7
271120251328  1.572  16.1  7.2  21.0  0.21  194.2  24.7
271120251329  1.572  16.2  7.5  21.0  0.12  184.2  24.7
271120251330  1.571  16.4  7.9  21.0  0.08  170.7  24.7
271120251331  1.572  16.3  7.7  21.0  0.16  199.8  24.7
271120251332  1.571  16.3  7.4  21.0  0.13  213.5  24.7
271120251333  1.571  15.4  8.4  19.3  0.13  207.0  24.6
271120251334  1.569  15.2  7.9  19.3  0.09  223.0  24.6
271120251335  1.570  15.1  7.9  19.3  0.09  58.6  24.6
271120251336  1.571  14.8  8.2  19.3  0.09  82.3  24.6
271120251337  1.571  14.7  7.6  19.3  0.12  221.9  24.6
271120251338  1.572  14.7  6.9  18.8  nan  nan  nan
271120251339  1.572  14.9  6.0  19.0  nan  nan  nan
271120251340  1.573  15.1  5.3  20.0  0.03  198.7  24.6
271120251341  1.572  15.1  4.7  20.0  0.06  140.0  24.6
271120251342  1.570  15.0  4.5  20.0  0.07  101.5  24.6
271120251343  1.568  15.8  2.9  20.0  0.08  164.7  24.6
271120251344  1.566  16.0  2.4  20.0  0.15  206.6  24.6
271120251345  1.565  16.2  1.8  20.0  0.17  186.0  24.6
271120251346  1.564  16.4  1.0  20.0  0.05  176.0  24.6
271120251347  1.561  16.6  1.1  20.0  0.21  177.5  24.6
271120251348  1.558  16.5  1.0  20.0  0.05  190.0  24.6
271120251349  1.554  16.5  0.8  20.0  0.12  44.2  24.6
271120251350  1.550  16.3  0.7  19.0  0.10  128.1  24.6
271120251351  1.546  16.4  0.8  19.7  0.02  10.0  24.6
271120251352  1.545  16.7  1.0  19.7  0.06  84.6  24.6
271120251353  1.543  16.7  1.3  19.7  0.10  126.6  24.5
271120251354  1.540  16.6  1.1  19.7  0.10  70.5  24.5
271120251355  1.538  16.5  1.1  19.7  nan  nan  nan
271120251356  1.535  16.4  1.3  19.7  0.04  178.7  24.5
271120251357  1.532  16.3  1.2  19.7  0.06  172.1  24.4
271120251358  1.531  16.1  1.4  19.7  nan  nan  nan
271120251359  1.530  15.8  1.8  19.7  0.06  0.8  24.4
271120251400  1.528  15.6  1.9  19.7  0.10  26.7  24.4
271120251401  1.529  15.4  2.6  18.4  0.09  25.3  24.4
271120251402  1.528  15.1  3.1  17.6  0.11  16.0  24.5
271120251403  1.524  14.9  3.8  17.6  0.14  13.2  24.5
271120251404  1.521  14.6  4.6  17.6  0.17  1.0  24.5
271120251405  1.520  14.1  5.3  17.6  0.03  100.0  24.5
271120251406  1.517  13.7  5.4  17.6  nan  nan  nan
271120251407  1.516  13.5  5.7  17.6  0.13  341.9  24.5
271120251408  1.515  13.3  5.6  17.6  0.19  209.9  24.5
271120251409  1.514  13.4  5.3  17.6  0.11  216.1  24.6
271120251410  1.512  13.5  5.3  17.6  0.03  340.3  24.6
271120251411  1.510  13.6  4.8  17.6  0.06  212.2  24.6
271120251412  1.507  13.5  4.7  17.6  0.06  226.9  24.7
271120251413  1.506  13.5  4.1  17.6  0.06  356.9  24.7
271120251414  1.505  13.5  3.8  17.6  0.06  289.8  24.7
271120251415  1.504  13.9  3.3  17.6  0.08  329.1  24.7
271120251416  1.502  14.4  3.2  17.7  0.19  18.1  24.8
271120251417  1.500  14.6  3.2  17.7  0.09  147.6  24.8
271120251418  1.496  14.7  3.6  17.7  0.02  20.3  24.9
271120251419  1.492  14.5  4.2  17.7  0.05  165.4  24.9
271120251420  1.490  14.5  3.8  17.7  0.07  154.1  25.0
271120251421  1.486  14.5  4.1  17.7  0.05  223.0  25.0
271120251422  1.483  14.5  3.9  17.7  0.12  177.3  25.0
271120251423  1.479  14.6  3.9  17.7  0.06  155.3  25.0
271120251424  1.475  14.8  3.6  17.7  0.15  162.1  25.1
271120251425  1.473  14.7  4.0  17.7  0.05  97.9  25.1
271120251426  1.470  14.7  4.1  17.3  0.04  55.0  25.1
271120251427  1.468  14.6  4.0  17.3  nan  nan  nan
271120251428  1.466  14.6  3.8  17.3  0.05  162.4  25.1
271120251429  1.464  14.7  3.2  17.3  0.07  106.7  25.1
271120251430  1.462  14.7  3.5  17.3  0.06  69.0  25.1
271120251431  1.461  14.7  3.3  17.3  0.11  86.2  25.1
271120251432  1.461  14.5  3.7  17.3  0.07  78.2  25.2
271120251433  1.461  14.4  3.9  17.3  0.06  138.0  25.2
271120251434  1.461  14.3  5.2  17.3  0.09  108.3  25.2
271120251435  1.462  14.3  5.4  17.3  0.18  43.7  25.2
271120251436  1.463  14.1  5.8  16.6  0.08  70.3  25.2
271120251437  1.464  14.1  6.4  17.3  0.13  163.4  25.2
271120251438  1.463  14.4  6.9  19.0  0.07  160.1  25.3
271120251439  1.462  14.5  7.1  19.0  0.14  52.7  25.3
271120251440  1.460  14.7  7.3  19.0  0.13  39.6  25.3
271120251441  1.458  14.7  8.6  19.0  0.21  192.2  25.3
271120251442  1.456  15.0  8.4  19.0  0.12  39.0  25.3
271120251443  1.454  15.5  8.2  20.0  0.08  118.0  25.3
271120251444  1.452  15.8  7.0  20.0  0.18  45.6  25.3
271120251445  1.449  16.2  6.4  20.0  0.14  99.2  25.3
271120251446  1.447  16.8  5.8  20.0  0.10  162.9  25.3
271120251447  1.444  17.0  5.3  20.0  0.08  190.0  25.4
271120251448  1.441  17.1  5.0  20.0  0.04  120.9  25.4
271120251449  1.438  17.0  4.6  20.0  0.15  86.3  25.4
271120251450  1.434  16.8  4.3  20.0  0.14  124.8  25.4
271120251451  1.431  16.9  3.0  20.0  0.16  89.6  25.4
271120251452  1.428  16.7  2.3  20.0  0.16  114.4  25.4
271120251453  1.424  16.5  1.7  19.8  0.09  105.1  25.4
271120251454  1.421  16.4  1.6  19.5  0.18  30.2  25.4
271120251455  1.416  16.1  1.5  19.5  0.14  34.8  25.4
271120251456  1.412  15.9  1.3  19.3  0.06  115.4  25.4
271120251457  1.408  15.7  1.3  19.3  0.16  46.3  25.4
271120251458  1.403  15.4  1.6  18.8  0.10  59.6  25.4
271120251459  1.401  15.5  2.3  18.8  0.16  86.0  25.4
271120251500  1.396  15.6  2.7  18.8  0.32  49.8  25.4
271120251501  1.392  15.6  3.3  18.8  0.07  63.5  25.4
271120251502  1.389  15.8  4.1  18.8  0.13  68.3  25.4
271120251503  1.386  15.8  4.5  18.8  0.25  62.9  25.4
271120251504  1.383  15.6  5.1  18.3  0.21  105.4  25.3
271120251505  1.380  15.5  5.4  18.3  0.24  38.4  25.3
271120251506  1.379  15.4  5.9  18.3  0.17  100.0  25.3
271120251507  1.377  15.2  6.2  18.3  0.15  56.0  25.4
271120251508  1.375  15.2  6.0  18.3  0.15  50.3  25.4
271120251509  1.372  15.1  5.6  18.3  0.15  61.9  25.4
271120251510  1.370  14.9  5.5  18.3  0.11  48.8  25.4
271120251511  1.367  14.7  5.6  18.1  0.28  10.8  25.4
271120251512  1.364  14.5  5.5  17.9  0.20  39.1  25.4
271120251513  1.361  14.4  5.7  17.9  0.19  29.0  25.4
271120251514  1.358  14.3  5.9  16.6  0.17  38.1  25.4
271120251515  1.356  14.1  6.1  16.6  0.27  31.8  25.4
271120251516  1.352  14.1  6.6  17.0  0.26  50.2  25.4
271120251517  1.348  14.0  6.9  17.0  0.23  43.8  25.4
271120251518  1.344  13.9  7.1  17.0  0.21  36.3  25.4
271120251519  1.339  13.7  7.6  17.0  0.24  49.0  25.4
271120251520  1.335  13.7  8.6  17.0  0.33  41.5  25.4
271120251521  1.332  13.6  8.7  17.0  0.26  54.4  25.4
271120251522  1.328  13.4  8.6  17.0  0.37  40.0  25.4
271120251523  1.325  13.2  8.6  17.0  0.26  63.6  25.4
271120251524  1.321  13.1  8.8  17.0  0.25  61.3  25.4
271120251525  1.317  13.1  9.3  17.0  0.23  81.1  25.4
271120251526  1.314  12.8  9.6  15.6  0.31  67.3  25.4
271120251527  1.309  12.4  9.2  15.6  0.34  56.4  25.4
271120251528  1.305  12.1  9.8  15.6  0.28  88.1  25.4
271120251529  1.302  11.9  10.1  15.6  0.27  46.8  25.4
271120251530  1.299  11.5  10.0  15.6  0.17  81.2  25.4
271120251531  1.295  11.4  10.3  15.2  0.32  68.4  25.4
271120251532  1.291  11.4  10.6  15.2  0.32  55.2  25.4
271120251533  1.287  11.3  11.4  15.2  0.33  53.8  25.4
271120251534  1.283  11.0  11.5  15.2  0.33  47.4  25.4
271120251535  1.278  10.9  11.8  14.3  0.34  51.3  25.4
271120251536  1.275  10.7  12.2  13.6  0.49  33.8  25.4
271120251537  1.269  10.7  12.7  13.6  0.38  50.7  25.4
271120251538  1.266  10.7  12.7  13.6  0.40  42.9  25.4
271120251539  1.262  10.8  12.5  13.6  0.41  47.9  25.4
271120251540  1.257  11.0  12.2  13.6  0.39  50.4  25.4
271120251541  1.255  10.9  12.3  13.6  0.32  47.2  25.4
271120251542  1.251  10.8  12.8  13.4  0.32  61.4  25.4
271120251543  1.248  10.7  12.7  13.1  0.39  44.3  25.4
271120251544  1.243  10.8  12.8  13.1  0.34  57.3  25.4
271120251545  1.239  10.8  12.8  13.5  0.36  67.9  25.4
271120251546  1.236  10.9  12.5  13.5  0.34  50.4  25.4
271120251547  1.233  10.9  12.3  13.5  0.33  49.1  25.4
271120251548  1.230  10.7  12.4  13.5  0.31  52.5  25.4
271120251549  1.228  10.5  13.2  13.5  0.31  45.9  25.4
271120251550  1.225  10.1  13.7  13.5  0.28  46.9  25.4
271120251551  1.224  10.0  14.5  13.5  0.31  29.6  25.4
271120251552  1.221  9.8  14.7  13.5  0.42  42.6  25.4
271120251553  1.219  9.6  15.2  13.5  0.35  48.2  25.5
271120251554  1.216  9.4  15.7  13.5  0.35  35.0  25.5
271120251555  1.214  9.2  16.6  12.1  0.40  47.6  25.5
271120251556  1.211  9.1  17.0  12.0  0.31  49.9  25.5
271120251557  1.208  8.8  18.3  11.5  0.42  37.0  25.5
271120251558  1.206  8.7  19.2  11.3  0.40  44.8  25.5
271120251559  1.203  8.4  21.0  11.3  0.35  49.9  25.5
271120251600  1.200  8.3  22.7  11.3  0.37  45.4  25.5
271120251601  1.195  8.1  24.1  11.3  0.40  36.7  25.5
271120251602  1.191  7.9  26.3  11.3  0.19  61.5  25.5
271120251603  1.189  7.6  28.3  11.3  0.28  45.0  25.5
271120251604  1.183  7.4  29.7  11.3  0.36  42.1  25.5
271120251605  1.179  7.1  31.0  11.3  0.32  33.3  25.5
271120251606  1.174  6.8  33.1  9.2  0.38  31.1  25.5
271120251607  1.168  6.6  34.1  9.2  0.34  46.3  25.5
271120251608  1.165  6.4  36.2  8.7  0.29  50.1  25.6
271120251609  1.160  6.4  35.9  8.7  0.39  44.3  25.6
271120251610  1.154  6.4  36.3  8.7  0.40  30.5  25.6
271120251611  1.149  6.2  36.5  8.6  0.51  29.6  25.6
271120251612  1.144  6.2  35.7  8.6  0.43  31.6  25.6
271120251613  1.137  6.0  35.3  8.6  0.33  39.4  25.6
271120251614  1.131  6.0  34.1  8.4  0.41  36.7  25.6
271120251615  1.125  6.1  31.3  8.7  0.40  21.1  25.6
271120251616  1.118  6.1  30.4  8.7  0.44  31.8  25.6
271120251617  1.113  6.0  31.4  8.7  0.31  32.3  25.6
271120251618  1.108  5.8  30.4  8.7  0.54  31.6  25.6
271120251619  1.102  5.6  30.3  8.7  0.44  39.5  25.6
271120251620  1.097  5.4  30.5  8.7  0.52  36.0  25.6
271120251621  1.091  5.3  28.3  8.7  0.52  25.1  25.6
271120251622  1.085  5.2  24.9  8.7  0.37  37.4  25.6
271120251623  1.080  5.1  23.9  8.7  0.41  40.7  25.6
271120251624  1.075  5.0  25.2  8.7  0.32  52.5  25.6
271120251625  1.071  4.7  27.4  8.2  0.61  16.4  25.6
271120251626  1.065  4.6  26.8  8.2  0.45  25.5  25.6
271120251627  1.062  4.8  25.0  8.2  0.46  30.0  25.6
271120251628  1.060  4.8  24.6  8.2  0.45  35.0  25.6
271120251629  1.057  4.9  22.5  8.2  0.41  23.6  25.6
271120251630  1.052  4.9  21.6  8.2  0.47  27.0  25.6
271120251631  1.050  4.8  22.2  8.2  0.41  27.2  25.6
271120251632  1.045  4.5  25.8  8.2  0.40  23.2  25.6
271120251633  1.042  4.6  26.1  8.2  0.45  29.0  25.6
271120251634  1.038  4.6  25.8  8.2  0.40  42.8  25.7
271120251635  1.035  4.5  26.0  8.2  0.44  25.5  25.7
271120251636  1.032  4.4  27.7  8.2  0.43  31.8  25.7
271120251637  1.028  4.5  27.5  10.6  0.43  35.0  25.7
271120251638  1.027  4.9  24.5  11.9  0.46  34.5  25.7
271120251639  1.025  5.2  24.7  11.9  0.47  33.1  25.7
271120251640  1.021  5.4  27.8  11.9  0.39  58.8  25.7
271120251641  1.019  5.4  32.1  11.9  0.39  33.9  25.8
271120251642  1.017  5.2  37.6  11.9  0.31  36.1  25.8
271120251643  1.014  5.1  47.1  11.9  0.39  37.2  25.8
271120251644  1.011  5.0  55.4  11.9  0.25  37.8  25.8
271120251645  1.007  5.2  63.4  11.9  0.40  39.4  25.8
271120251646  1.003  5.2  71.0  11.9  0.31  38.2  25.8
271120251647  1.001  5.4  79.9  11.9  0.38  28.1  25.8
271120251648  0.999  5.8  92.3  11.2  0.39  33.9  25.9
271120251649  0.996  6.3  101.4  9.2  0.49  16.6  25.9
271120251650  0.993  6.5  106.5  9.2  0.45  28.6  25.9
271120251651  0.989  6.7  109.2  9.2  0.35  29.0  25.9
271120251652  0.986  6.8  109.7  9.2  0.36  28.3  25.9
271120251653  0.982  6.5  109.4  9.2  0.37  25.8  25.9
271120251654  0.978  6.4  110.1  9.2  0.46  23.0  25.9
271120251655  0.975  6.4  111.4  9.2  0.31  31.6  25.9
271120251656  0.971  6.4  111.5  9.2  0.35  31.9  26.0
271120251657  0.966  6.3  112.5  9.2  0.33  25.6  26.0
271120251658  0.961  6.1  111.8  9.2  0.37  43.2  26.0
271120251659  0.959  5.8  111.7  7.8  0.43  27.3  26.0
271120251700  0.955  5.6  111.6  7.8  0.36  25.8  26.0
271120251701  0.951  5.5  111.8  7.8  0.40  32.0  26.0
271120251702  0.950  5.4  112.0  7.8  0.50  20.2  26.0
271120251703  0.946  5.4  111.8  7.8  0.29  35.0  26.0
271120251704  0.944  5.2  111.4  7.8  0.37  25.8  26.0
271120251705  0.941  4.8  108.8  7.0  0.35  34.3  26.1
271120251706  0.938  4.6  104.2  7.0  0.39  32.2  26.1
271120251707  0.935  4.4  99.4  6.4  0.37  31.6  26.1
271120251708  0.932  4.3  94.9  6.4  0.41  26.1  26.1
271120251709  0.929  4.3  90.3  6.4  0.31  37.2  26.1
271120251710  0.926  4.5  86.1  6.6  0.26  42.3  26.1
271120251711  0.922  4.6  83.0  6.7  0.38  23.5  26.1
271120251712  0.919  4.6  81.2  6.7  0.53  25.7  26.1
271120251713  0.917  4.6  77.7  6.7  0.38  28.4  26.1
271120251714  0.915  4.7  75.6  6.7  0.43  20.0  26.1
271120251715  0.912  4.8  75.2  6.7  0.30  43.2  26.1
271120251716  0.908  4.8  76.2  6.7  0.42  28.8  26.1
271120251717  0.905  4.7  77.5  6.7  0.36  48.7  26.1
271120251718  0.903  4.4  80.0  6.7  0.42  37.3  26.1
271120251719  0.900  4.1  81.5  6.7  0.46  26.9  26.1
271120251720  0.897  3.6  83.6  6.7  0.46  27.8  26.2
271120251721  0.894  3.3  82.0  6.5  0.36  24.9  26.2
271120251722  0.891  3.4  79.9  6.5  0.47  20.0  26.2
271120251723  0.888  3.6  80.4  6.5  0.40  39.1  26.2
271120251724  0.883  3.7  79.4  6.8  0.45  19.2  26.2
271120251725  0.878  3.8  77.9  7.1  0.44  29.8  26.2
271120251726  0.874  4.0  77.0  7.5  0.42  25.8  26.2
271120251727  0.870  4.1  75.4  7.5  0.53  26.7  26.2
271120251728  0.867  4.3  72.8  7.5  0.36  41.5  26.2
271120251729  0.864  4.4  70.7  7.5  0.33  63.9  26.2
271120251730  0.861  4.7  68.7  7.5  0.34  49.2  26.2
271120251731  0.858  4.9  69.4  7.5  0.38  26.1  26.2
271120251732  0.855  5.0  69.4  7.5  0.37  34.5  26.2
271120251733  0.851  4.9  68.2  7.5  0.41  25.2  26.2
271120251734  0.846  4.8  68.1  7.5  0.35  43.7  26.2
271120251735  0.842  4.4  68.6  7.5  0.35  48.9  26.2
271120251736  0.839  4.1  69.6  6.3  0.31  51.9  26.2
271120251737  0.836  3.8  72.3  6.3  0.35  58.1  26.2
271120251738  0.832  3.6  74.9  6.3  0.41  39.2  26.2
271120251739  0.830  3.5  76.3  6.3  0.35  48.9  26.2
271120251740  0.827  3.4  77.5  6.3  0.42  38.1  26.2
271120251741  0.825  3.4  77.6  6.3  0.39  31.5  26.2
271120251742  0.821  3.2  78.8  6.1  0.42  30.4  26.2
271120251743  0.817  3.2  80.0  5.8  0.38  39.3  26.2
271120251744  0.814  3.2  77.7  5.9  0.38  43.2  26.2
271120251745  0.808  3.3  75.1  6.3  0.32  44.4  26.2
271120251746  0.803  3.2  69.7  6.3  0.35  46.2  26.2
271120251747  0.799  3.4  63.3  6.3  0.38  33.8  26.2
271120251748  0.795  3.5  57.8  6.3  0.52  39.0  26.3
271120251749  0.791  3.6  54.0  6.3  0.56  34.8  26.3
271120251750  0.787  3.6  49.7  6.3  0.41  51.3  26.3
271120251751  0.782  3.5  43.8  6.3  0.49  28.1  26.3
271120251752  0.778  3.7  37.1  6.3  0.41  35.7  26.3
271120251753  0.773  3.8  30.6  6.3  0.47  23.5  26.3
271120251754  0.766  3.9  25.8  6.3  0.50  22.8  26.3
271120251755  0.762  4.1  20.2  6.7  0.45  27.4  26.3
271120251756  0.758  4.2  17.0  6.7  0.42  33.2  26.3
271120251757  0.753  4.3  12.1  6.7  0.50  32.4  26.3
271120251758  0.750  4.6  8.1  7.0  0.52  40.7  26.3
271120251759  0.747  4.9  5.8  7.0  0.40  38.4  26.3
271120251800  0.742  5.2  4.6  7.0  0.53  34.6  26.3
271120251801  0.739  5.6  3.3  8.4  0.54  37.2  26.3
271120251802  0.736  5.8  2.8  9.0  0.41  43.3  26.3
271120251803  0.731  6.1  2.1  9.0  0.49  37.2  26.3
271120251804  0.729  6.2  1.4  9.0  0.48  43.6  26.3
271120251805  0.725  6.2  1.2  9.0  0.53  30.3  26.3
271120251806  0.721  6.3  1.1  9.0  0.45  40.3  26.3
271120251807  0.717  6.4  1.5  9.0  0.37  49.2  26.3
271120251808  0.714  6.4  2.8  9.0  0.35  52.8  26.3
271120251809  0.712  6.4  3.5  9.0  0.43  39.4  26.3
271120251810  0.707  6.2  3.8  9.0  0.46  35.4  26.3
271120251811  0.703  6.0  3.4  9.0  0.51  28.7  26.3
271120251812  0.698  5.7  2.2  8.2  0.35  52.3  26.3
271120251813  0.694  5.3  359.5  7.3  0.43  49.8  26.3
271120251814  0.692  4.9  354.6  7.1  0.47  40.3  26.3
271120251815  0.691  4.7  349.8  7.1  0.47  48.4  26.3
271120251816  0.688  4.5  345.6  7.1  0.43  42.8  26.4
271120251817  0.686  4.4  340.6  6.6  0.50  30.3  26.4
271120251818  0.685  4.4  335.8  6.5  0.48  41.0  26.4
271120251819  0.683  4.5  331.4  6.4  0.37  36.7  26.4
271120251820  0.682  4.5  327.6  6.4  0.36  36.6  26.4
271120251821  0.682  4.5  323.0  6.4  0.37  42.4  26.4
271120251822  0.681  4.4  319.9  6.4  0.50  23.4  26.4
271120251823  0.681  4.5  319.5  6.4  0.39  29.3  26.4
271120251824  0.680  4.6  320.9  6.4  0.37  25.8  26.4
271120251825  0.680  4.5  322.2  6.4  0.45  31.2  26.4
271120251826  0.680  4.5  323.6  6.4  0.35  32.1  26.4
271120251827  0.680  4.3  325.4  6.4  0.33  30.0  26.4
271120251828  0.681  4.2  326.2  5.9  0.41  28.4  26.4
271120251829  0.682  4.2  325.4  6.2  0.29  36.9  26.4
271120251830  0.682  4.3  324.8  6.5  0.36  28.4  26.4
271120251831  0.682  4.5  326.7  6.5  0.26  35.6  26.4
271120251832  0.682  4.6  329.5  6.5  0.25  21.2  26.4
271120251833  0.682  4.7  331.9  6.5  0.39  25.0  26.4
271120251834  0.682  4.9  334.3  6.5  0.36  23.2  26.4
271120251835  0.683  5.1  335.6  6.6  0.34  20.0  26.4
271120251836  0.682  5.3  336.9  6.8  0.27  32.9  26.4
271120251837  0.682  5.5  337.7  6.8  0.32  25.0  26.4
271120251838  0.681  5.6  338.9  6.8  0.28  48.3  26.4
271120251839  0.680  5.7  341.4  7.2  0.20  52.7  26.5
271120251840  0.676  5.8  343.6  7.2  0.33  26.5  26.5
271120251841  0.674  5.9  345.1  7.2  0.28  29.2  26.5
271120251842  0.671  5.9  345.7  7.2  0.36  27.2  26.5
271120251843  0.669  6.0  346.3  7.2  0.30  33.8  26.5
271120251844  0.666  6.0  347.4  7.2  0.18  11.3  26.5
271120251845  0.663  6.0  348.9  7.2  0.43  24.3  26.5
271120251846  0.658  5.8  350.7  7.2  0.38  25.2  26.5
271120251847  0.653  5.7  352.9  7.2  0.31  22.5  26.5
271120251848  0.650  5.6  355.0  7.2  0.30  19.5  26.5
271120251849  0.647  5.3  357.9  7.2  0.30  36.9  26.5
271120251850  0.644  5.0  0.4  6.9  0.29  24.8  26.5
271120251851  0.643  4.6  3.4  6.9  0.32  51.1  26.5
271120251852  0.641  4.2  6.6  6.9  0.36  19.9  26.5
271120251853  0.639  3.7  10.2  6.4  0.25  48.4  26.5
271120251854  0.636  3.2  13.5  6.2  0.33  30.2  26.5
271120251855  0.633  2.8  17.2  5.5  0.37  28.7  26.5
271120251856  0.630  2.5  20.9  5.5  0.47  27.7  26.5
271120251857  0.628  2.2  25.7  5.5  0.43  35.4  26.6
271120251858  0.627  2.0  29.1  4.8  0.41  25.3  26.6
271120251859  0.626  1.7  27.4  4.0  0.50  22.5  26.6
271120251900  0.625  1.6  22.7  3.5  0.34  30.0  26.6
271120251901  0.624  1.6  10.9  6.7  0.47  18.3  26.6
271120251902  0.624  2.0  357.1  8.5  0.39  29.7  26.6
271120251903  0.623  2.6  346.7  8.5  0.27  52.1  26.6
271120251904  0.623  3.0  340.8  8.5  0.30  41.3  26.6
271120251905  0.624  3.3  335.2  8.5  0.37  32.7  26.6
271120251906  0.622  3.7  328.4  8.5  0.33  26.2  26.6
271120251907  0.623  4.1  322.2  8.5  0.34  20.7  26.6
271120251908  0.623  4.4  319.5  8.5  0.38  29.8  26.6
271120251909  0.625  4.8  316.9  8.5  0.44  35.1  26.6
271120251910  0.625  5.1  315.4  8.5  0.48  26.4  26.6
271120251911  0.625  5.2  316.1  8.5  0.40  32.8  26.6
271120251912  0.624  5.2  316.0  8.9  0.30  34.4  26.6
271120251913  0.621  5.2  316.5  8.9  0.26  25.6  26.6
271120251914  0.618  5.4  320.1  10.6  0.31  32.7  26.6
271120251915  0.615  5.7  324.1  10.6  0.33  14.8  26.6
271120251916  0.612  6.1  328.3  10.6  0.33  8.7  26.6
271120251917  0.609  6.3  332.6  10.6  0.30  30.6  26.6
271120251918  0.606  6.6  334.5  10.6  0.30  34.4  26.6
271120251919  0.602  6.8  337.1  10.6  0.38  26.0  26.6
271120251920  0.598  7.0  338.8  10.6  0.31  21.8  26.6
271120251921  0.594  7.2  339.1  10.6  0.37  23.4  26.6
271120251922  0.590  7.3  337.6  10.6  0.38  28.9  26.6
271120251923  0.586  7.1  337.4  10.6  0.32  33.6  26.6
271120251924  0.584  7.0  335.9  10.1  0.39  31.1  26.6
271120251925  0.582  7.1  334.8  10.1  0.35  27.3  26.6
271120251926  0.580  6.9  333.8  10.1  0.33  24.1  26.6
271120251927  0.578  6.8  331.6  10.1  0.43  36.2  26.6
271120251928  0.576  6.8  330.5  10.1  0.34  34.0  26.6
271120251929  0.574  6.8  327.6  10.1  0.33  39.6  26.6
271120251930  0.573  7.1  323.9  11.4  0.35  40.4  26.6
271120251931  0.572  7.2  321.2  11.4  0.47  25.0  26.6
271120251932  0.571  7.2  319.4  12.7  0.36  35.9  26.6
271120251933  0.569  7.6  315.7  13.8  0.28  33.6  26.6
271120251934  0.569  8.6  314.0  24.7  0.38  28.4  26.7
271120251935  0.569  9.2  313.0  24.7  0.32  23.4  26.7
271120251936  0.569  10.4  314.4  24.7  0.47  28.5  26.7
271120251937  0.567  11.4  315.9  24.7  0.35  27.9  26.7
271120251938  0.567  12.1  316.4  24.7  0.34  33.6  26.7
271120251939  0.567  12.4  316.2  24.7  0.46  28.4  26.7
271120251940  0.567  12.3  314.8  24.7  0.43  25.3  26.7
271120251941  0.567  12.2  315.0  24.7  0.46  19.8  26.7
271120251942  0.567  12.5  315.4  24.7  0.35  27.3  26.7
271120251943  0.567  12.7  317.4  24.7  0.21  34.9  26.7
271120251944  0.569  12.8  319.1  23.3  0.35  19.9  26.7
271120251945  0.569  12.8  320.0  23.3  0.27  27.5  26.7
271120251946  0.570  12.1  319.5  23.3  0.37  26.3  26.7
271120251947  0.571  11.6  319.3  20.9  0.27  22.8  26.7
271120251948  0.572  11.8  317.5  20.9  0.27  28.3  26.7
271120251949  0.572  11.7  316.6  20.9  0.27  12.5  26.7
271120251950  0.572  12.0  318.5  20.9  0.14  41.9  26.7
271120251951  0.571  12.1  317.9  20.9  0.27  15.8  26.7
271120251952  0.570  11.8  317.9  20.9  0.26  17.6  26.7
271120251953  0.569  11.6  316.5  20.9  0.36  14.0  26.7
271120251954  0.567  10.8  315.1  20.9  0.27  18.0  26.7
271120251955  0.563  10.6  313.5  18.1  0.33  19.3  26.7
271120251956  0.563  10.5  312.5  18.1  0.43  18.6  26.7
271120251957  0.560  10.2  312.8  18.1  0.23  30.1  26.7
271120251958  0.559  9.4  314.4  13.7  0.25  20.1  26.8
271120251959  0.557  9.1  317.6  13.7  0.31  23.1  26.8
271120252000  0.557  8.6  318.6  13.0  0.29  11.6  26.8
271120252001  0.555  8.5  320.0  13.0  0.26  16.1  26.8
271120252002  0.557  8.5  322.7  13.0  0.42  15.8  26.8
271120252003  0.557  8.6  325.2  13.0  0.33  27.5  26.8
271120252004  0.558  8.7  325.3  13.0  0.32  7.3  26.8
271120252005  0.559  8.6  325.0  12.9  0.19  29.6  26.8
271120252006  0.560  8.7  324.1  12.9  0.27  12.9  26.8
271120252007  0.566  8.8  322.2  12.9  0.28  12.4  26.8
271120252008  0.570  8.8  320.7  12.9  0.23  28.6  26.8
271120252009  0.574  8.7  319.3  12.9  0.10  18.6  26.8
271120252010  0.577  8.8  318.5  12.9  0.27  22.1  26.8
271120252011  0.578  8.9  318.4  12.9  0.23  10.0  26.8
271120252012  0.580  8.8  316.0  12.9  0.19  8.3  26.8
271120252013  0.582  8.5  315.3  12.9  0.15  27.9  26.8
271120252014  0.584  8.1  314.7  12.2  0.31  12.1  26.8
271120252015  0.586  7.7  315.1  12.2  0.17  25.1  26.8
271120252016  0.587  7.2  314.9  11.0  0.23  22.0  26.8
271120252017  0.588  7.0  314.3  10.2  0.12  356.7  26.8
271120252018  0.589  6.8  313.9  10.2  0.19  6.5  26.8
271120252019  0.587  6.7  313.3  10.2  0.14  10.0  26.8
271120252020  0.587  6.7  313.4  11.0  0.17  12.6  26.8
271120252021  0.586  6.9  313.8  11.0  0.27  17.9  26.8
271120252022  0.585  7.2  316.4  12.6  0.23  14.9  26.8
271120252023  0.584  7.6  317.1  12.6  0.33  14.8  26.8
271120252024  0.583  8.0  319.4  12.6  0.26  8.3  26.8
271120252025  0.583  8.2  319.5  12.6  0.14  21.8  26.8
271120252026  0.581  8.5  319.5  12.6  0.14  357.5  26.8
271120252027  0.580  8.8  320.1  12.6  0.18  6.8  26.8
271120252028  0.578  9.1  320.8  12.6  0.21  12.1  26.8
271120252029  0.577  9.2  320.9  12.6  0.12  13.7  26.8
271120252030  0.577  9.4  321.3  12.6  0.14  53.3  26.8
271120252031  0.578  9.2  322.0  12.6  0.15  34.9  26.8
271120252032  0.578  8.6  320.5  12.3  0.09  22.3  26.8
271120252033  0.577  8.0  319.5  11.7  0.14  349.8  26.8
271120252034  0.580  7.6  318.5  11.1  0.17  349.1  26.8
271120252035  0.583  7.3  319.8  10.9  0.18  6.3  26.9
271120252036  0.585  7.3  321.8  10.8  0.18  17.5  26.9
271120252037  0.588  7.1  321.0  10.2  0.16  7.3  26.9
271120252038  0.591  7.0  321.6  10.1  0.17  360.0  26.9
271120252039  0.596  6.9  322.6  10.1  0.25  358.7  26.9
271120252040  0.600  6.7  323.3  10.1  0.15  346.7  26.9
271120252041  0.601  6.6  323.1  10.0  0.18  3.9  26.9
271120252042  0.603  6.8  324.7  10.0  0.09  18.3  26.9
271120252043  0.604  7.0  325.8  10.0  0.15  11.5  26.9
271120252044  0.605  7.1  324.6  10.0  0.19  26.8  26.9
271120252045  0.602  6.9  321.7  10.0  0.10  355.1  26.9
271120252046  0.604  6.8  319.8  9.3  0.20  8.9  26.9
271120252047  0.606  6.7  319.0  9.9  0.17  18.5  26.9
271120252048  0.607  6.7  317.5  9.9  0.15  0.8  26.9
271120252049  0.609  6.6  317.3  9.9  0.09  349.6  26.9
271120252050  0.609  6.7  318.4  10.5  0.12  345.6  26.9
271120252051  0.607  6.8  319.4  10.5  0.14  22.3  26.9
271120252052  0.605  6.9  319.6  10.5  0.18  8.2  26.9
271120252053  0.603  6.9  320.5  10.5  0.18  358.8  26.9
271120252054  0.602  6.8  320.6  10.5  0.13  359.7  26.9
271120252055  0.601  7.0  323.6  10.5  0.15  355.6  26.9
271120252056  0.601  7.0  325.8  10.5  0.10  349.7  26.9
271120252057  0.600  7.0  327.3  10.5  0.12  19.3  26.9
271120252058  0.600  7.0  327.4  10.5  0.18  4.3  26.9
271120252059  0.600  7.1  325.7  10.5  0.14  10.0  26.9
271120252100  0.598  6.9  322.1  9.1  0.13  24.7  26.9
271120252101  0.595  6.8  319.6  9.1  0.24  29.9  26.9
271120252102  0.592  6.8  317.2  9.1  0.25  9.1  26.9
271120252103  0.589  6.9  314.1  9.8  0.12  10.0  26.9
271120252104  0.585  7.0  312.5  10.0  0.19  24.5  26.9
271120252105  0.583  7.1  309.8  11.0  0.22  22.3  26.9
271120252106  0.580  7.4  308.0  11.3  0.20  14.4  26.9
271120252107  0.577  7.6  306.9  11.3  0.13  6.6  26.9
271120252108  0.575  7.6  306.3  11.3  0.07  24.8  26.9
271120252109  0.572  7.6  306.9  11.3  0.13  29.5  27.0
271120252110  0.571  7.4  307.2  11.3  0.14  37.6  27.0
271120252111  0.571  7.5  307.4  11.3  0.10  3.5  27.0
271120252112  0.572  7.4  307.3  11.3  0.21  15.2  27.0
271120252113  0.573  7.2  308.3  11.3  0.31  14.3  27.0
271120252114  0.572  7.2  310.0  11.3  0.11  1.7  27.0
271120252115  0.571  7.1  311.1  11.3  0.04  10.0  27.0
271120252116  0.570  6.7  311.1  11.3  0.24  10.9  27.0
271120252117  0.570  6.6  310.7  11.5  0.30  9.6  27.0
271120252118  0.572  6.8  310.8  11.5  0.24  15.6  27.0
271120252119  0.575  6.6  310.1  11.5  0.28  9.6  27.0
271120252120  0.578  6.7  310.1  11.5  0.17  25.3  27.0
271120252121  0.582  6.4  310.1  11.5  0.05  88.7  27.0
271120252122  0.583  6.3  309.9  11.5  0.23  15.9  27.0
271120252123  0.582  6.1  309.2  11.5  0.18  349.8  27.0
271120252124  0.580  5.8  307.3  11.5  0.19  7.6  27.0
271120252125  0.579  5.6  306.1  11.5  0.25  12.7  27.0
271120252126  0.579  5.6  304.7  11.5  0.14  21.9  27.0
271120252127  0.581  5.1  302.6  10.5  0.15  349.9  27.0
271120252128  0.584  4.6  303.7  7.5  0.24  11.8  27.0
271120252129  0.588  4.4  303.2  7.0  0.16  15.0  27.0
271120252130  0.594  4.1  301.0  7.0  0.17  13.3  27.0
271120252131  0.600  4.0  300.9  7.0  0.13  341.9  27.0
271120252132  0.604  3.9  300.5  7.0  0.17  9.3  27.0
271120252133  0.610  3.7  295.7  7.0  0.10  357.1  27.0
271120252134  0.614  3.6  294.9  7.0  0.10  334.1  27.1
271120252135  0.619  3.5  291.8  7.0  0.17  6.7  27.1
271120252136  0.625  3.5  291.3  7.5  0.04  330.5  27.1
271120252137  0.630  3.7  291.8  7.5  0.02  238.8  27.1
271120252138  0.636  4.1  288.9  7.5  nan  nan  nan
271120252139  0.643  4.4  287.5  8.1  0.14  352.8  27.0
271120252140  0.648  4.5  289.2  8.1  0.06  278.0  27.0
271120252141  0.654  4.7  289.0  8.1  0.12  252.2  27.0
271120252142  0.661  4.8  288.2  8.1  0.06  235.0  27.0
271120252143  0.668  4.9  291.0  8.1  0.16  235.0  27.0
271120252144  0.675  5.1  289.9  8.1  0.10  258.8  27.0
271120252145  0.681  4.9  289.4  8.1  0.15  237.1  27.0
271120252146  0.688  4.8  287.6  8.1  0.28  232.5  27.0
271120252147  0.694  4.6  286.6  8.1  0.26  260.1  27.1
271120252148  0.700  4.4  286.1  8.1  0.28  238.4  27.1
271120252149  0.705  4.1  282.7  6.4  0.29  248.4  27.0
271120252150  0.713  4.0  281.7  6.0  0.31  241.1  27.0
271120252151  0.721  3.8  277.6  6.5  0.26  256.7  27.0
271120252152  0.727  3.9  273.8  6.5  0.31  226.5  27.0
271120252153  0.734  4.1  268.1  8.6  0.29  243.3  27.0
271120252154  0.737  4.1  266.4  8.6  0.24  234.4  27.0
271120252155  0.741  4.4  265.6  9.0  0.27  231.5  27.0
271120252156  0.744  4.6  264.4  9.0  0.24  228.1  27.0
271120252157  0.746  4.7  263.6  9.0  0.22  219.2  27.0
271120252158  0.750  4.9  258.7  9.0  0.27  222.6  27.0
271120252159  0.753  4.9  257.3  9.0  0.24  234.3  26.9
271120252200  0.755  4.8  254.9  9.0  0.32  212.8  26.9
271120252201  0.757  4.7  253.2  9.0  0.30  212.0  26.9
271120252202  0.759  4.6  251.4  9.0  0.28  224.7  26.9
271120252203  0.761  4.2  247.9  9.0  0.26  242.9  26.9
271120252204  0.763  4.2  245.7  9.0  0.16  256.0  26.9
271120252205  0.765  4.1  243.7  7.6  0.14  226.4  26.8
271120252206  0.768  3.9  242.5  7.6  0.20  213.6  26.8
271120252207  0.770  3.8  236.2  6.9  0.19  231.3  26.8
271120252208  0.771  3.7  235.0  6.6  0.15  240.7  26.8
271120252209  0.774  3.8  238.6  8.1  0.15  233.0  26.8
271120252210  0.776  4.0  240.9  8.1  0.16  212.1  26.7
271120252211  0.777  4.3  246.8  8.5  0.16  228.7  26.7
271120252212  0.778  4.3  252.1  8.5  0.19  210.6  26.7
271120252213  0.777  4.3  259.9  8.5  0.21  202.6  26.7
271120252214  0.776  4.3  264.7  8.5  0.21  211.6  26.7
271120252215  0.776  4.2  269.8  8.5  0.15  225.2  26.6
271120252216  0.775  4.2  274.3  8.5  0.08  235.0  26.6
271120252217  0.774  4.4  281.1  8.5  0.19  216.0  26.6
271120252218  0.774  4.6  286.5  8.5  0.09  210.4  26.6
271120252219  0.774  4.5  290.4  8.5  0.14  207.2  26.6
271120252220  0.773  4.4  294.0  8.5  0.12  191.8  26.6
271120252221  0.774  4.2  295.3  6.6  0.14  213.8  26.6
271120252222  0.774  4.1  293.4  6.6  0.10  230.2  26.6
271120252223  0.775  3.7  288.4  6.6  0.06  214.0  26.6
271120252224  0.772  3.3  282.2  5.4  0.09  234.1  26.6
271120252225  0.771  3.1  271.6  6.2  0.09  207.3  26.6
271120252226  0.769  3.1  261.3  6.2  0.17  204.0  26.6
271120252227  0.769  3.1  251.7  6.2  0.03  198.1  26.6
271120252228  0.767  3.1  242.4  6.2  0.07  210.6  26.6
271120252229  0.766  3.2  233.1  6.2  0.06  182.9  26.6
271120252230  0.764  3.3  226.6  6.2  0.11  222.2  26.6
271120252231  0.763  3.5  220.0  6.2  0.14  208.9  26.6
271120252232  0.762  3.7  215.5  6.2  0.09  225.0  26.6
271120252233  0.761  3.7  215.0  6.2  0.02  285.2  26.6
271120252234  0.760  3.8  216.6  6.2  0.14  239.7  26.6
271120252235  0.760  3.7  216.1  5.5  0.11  229.4  26.6
271120252236  0.761  3.5  214.4  5.2  0.06  232.5  26.6
271120252237  0.761  3.4  214.2  5.2  0.14  223.3  26.5
271120252238  0.761  3.2  215.1  4.8  0.05  233.5  26.5
271120252239  0.761  3.1  216.9  4.8  0.11  209.7  26.5
271120252240  0.764  2.8  219.0  4.8  0.15  193.1  26.5
271120252241  0.764  2.5  221.8  4.8  0.07  267.1  26.5
271120252242  0.766  2.1  228.1  4.8  0.09  156.0  26.5
271120252243  0.768  1.9  237.9  4.8  0.15  164.1  26.5
271120252244  0.769  1.8  243.7  4.1  0.20  188.9  26.5
271120252245  0.769  1.8  243.6  4.2  0.13  175.8  26.5
271120252246  0.768  1.9  242.9  4.6  0.11  142.9  26.4
271120252247  0.767  2.1  239.1  6.0  0.05  157.0  26.4
271120252248  0.766  2.3  233.9  6.0  0.14  194.0  26.4
271120252249  0.765  2.5  229.4  6.0  0.10  177.1  26.4
271120252250  0.764  2.8  222.9  6.0  0.15  158.9  26.4
271120252251  0.763  3.2  219.5  6.0  0.16  169.2  26.4
271120252252  0.762  3.6  217.3  6.0  0.08  175.3  26.4
271120252253  0.760  4.0  212.5  6.0  0.14  192.3  26.4
271120252254  0.762  4.2  209.9  6.0  0.14  182.1  26.4
271120252255  0.764  4.2  208.8  6.0  0.20  172.1  26.4
271120252256  0.767  4.3  207.6  6.0  0.11  189.0  26.4
271120252257  0.768  4.2  206.3  5.6  0.15  178.7  26.4
271120252258  0.769  4.1  204.7  5.5  0.12  187.2  26.4
271120252259  0.769  4.0  203.7  5.5  0.15  186.2  26.4
271120252300  0.772  4.0  204.2  5.5  0.15  195.2  26.4
271120252301  0.775  3.9  202.2  5.5  0.17  194.7  26.4
271120252302  0.779  3.9  198.9  5.5  0.18  186.2  26.4
271120252303  0.783  3.8  198.3  5.4  0.13  197.7  26.4
271120252304  0.787  3.7  197.5  5.0  0.23  185.1  26.4
271120252305  0.791  3.7  198.3  5.0  0.10  190.0  26.4
271120252306  0.796  3.6  199.4  5.0  0.27  192.5  26.4
271120252307  0.801  3.4  202.0  5.0  0.23  191.9  26.4
271120252308  0.806  3.3  205.7  5.0  0.18  190.6  26.4
271120252309  0.811  3.3  209.7  5.0  0.24  190.9  26.4
271120252310  0.817  3.3  212.8  4.8  0.30  196.0  26.4
271120252311  0.821  3.3  218.8  4.8  0.21  194.2  26.4
271120252312  0.826  3.4  225.0  4.9  0.19  193.0  26.4
271120252313  0.832  3.4  229.5  4.9  0.19  232.1  26.4
271120252314  0.840  3.6  232.5  5.3  0.21  188.4  26.4
271120252315  0.847  3.9  234.9  5.9  0.22  196.6  26.4
271120252316  0.856  4.0  236.4  5.9  0.35  186.5  26.4
271120252317  0.862  4.2  236.1  5.9  0.37  188.8  26.3
271120252318  0.869  4.3  235.7  5.9  0.38  195.6  26.3
271120252319  0.876  4.3  234.1  5.9  0.30  191.1  26.3
271120252320  0.883  4.2  233.7  5.9  0.22  194.6  26.2
271120252321  0.889  4.1  232.9  5.9  0.36  184.1  26.2
271120252322  0.897  4.1  231.5  5.9  0.18  187.5  26.2
271120252323  0.904  4.0  231.0  5.9  0.15  209.4  26.2
271120252324  0.911  3.9  230.0  5.9  0.33  201.2  26.2
271120252325  0.915  3.9  229.5  5.5  0.36  203.5  26.2
271120252326  0.921  3.8  230.2  5.5  0.40  193.7  26.2
271120252327  0.926  3.7  232.1  5.5  0.48  199.2  26.2
271120252328  0.933  3.8  233.3  5.5  0.38  201.9  26.2
271120252329  0.939  3.5  238.7  5.4  0.36  217.5  26.2
271120252330  0.944  3.2  244.8  5.4  0.38  201.6  26.2
271120252331  0.950  2.9  251.2  5.4  0.48  198.0  26.2
271120252332  0.955  2.7  260.1  5.4  0.44  185.2  26.2
271120252333  0.961  2.6  270.1  5.4  0.23  185.6  26.2
271120252334  0.966  2.7  281.6  5.4  0.37  185.5  26.1
271120252335  0.973  2.8  292.8  5.4  0.34  180.4  26.1
271120252336  0.978  2.9  301.7  5.4  0.28  197.9  26.1
271120252337  0.983  3.1  309.0  5.4  0.39  197.2  26.1
271120252338  0.987  3.2  315.5  5.1  0.42  197.8  26.1
271120252339  0.988  3.3  316.1  5.1  0.37  197.8  26.1
271120252340  0.990  3.3  316.2  5.1  0.39  200.0  26.1
271120252341  0.991  3.3  314.0  5.1  0.31  196.9  26.1
271120252342  0.992  3.1  312.0  5.1  0.39  198.0  26.1
271120252343  0.993  2.9  308.7  5.1  0.29  199.2  26.1
271120252344  0.994  2.7  302.1  4.8  0.24  187.2  26.1
271120252345  0.996  2.3  290.6  4.7  0.40  189.4  26.1
271120252346  0.998  2.1  272.9  5.4  0.27  190.8  26.1
271120252347  1.000  2.1  253.9  5.5  0.42  184.2  26.1
271120252348  1.002  2.2  237.4  5.5  0.49  183.4  26.1
271120252349  1.003  2.5  225.6  5.5  0.38  182.4  26.1
271120252350  1.005  2.9  218.2  5.5  0.46  187.8  26.0
271120252351  1.006  3.3  213.2  5.5  0.38  175.9  26.1
271120252352  1.007  3.6  208.9  5.5  0.40  179.6  26.1
271120252353  1.008  3.8  206.7  5.5  0.46  181.7  26.1
271120252354  1.010  3.8  204.3  5.5  0.39  170.9  26.1
271120252355  1.011  3.8  204.4  5.8  0.40  172.8  26.1
271120252356  1.011  3.7  206.0  5.8  0.30  171.6  26.1
271120252357  1.011  3.7  207.6  5.8  0.30  183.7  26.1
271120252358  1.010  3.6  208.8  5.8  0.30  185.2  26.1
271120252359  1.009  3.5  208.2  5.8  0.32  181.2  26.1
281120250000  1.007  3.5  207.2  5.8  0.30  165.9  26.1
281120250001  1.005  3.4  205.4  5.8  0.30  171.2  26.1
281120250002  1.005  3.4  205.3  5.8  0.26  176.5  26.1
281120250003  1.006  3.6  203.9  5.8  0.18  183.9  26.1
281120250004  1.007  3.5  202.7  5.8  0.26  188.3  26.1
281120250005  1.007  3.5  201.9  5.5  0.20  185.4  26.1
281120250006  1.007  3.4  201.5  4.8  0.19  187.6  26.1
281120250007  1.008  3.2  200.7  4.8  0.27  176.5  26.1
281120250008  1.008  3.1  201.7  4.8  0.12  191.9  26.1
281120250009  1.009  2.9  203.8  4.8  0.13  190.0  26.2
281120250010  1.009  2.7  206.7  4.8  0.39  190.8  26.1
281120250011  1.008  2.6  212.7  4.8  0.19  191.7  26.1
281120250012  1.008  2.4  218.7  4.8  0.21  198.6  26.1
281120250013  1.008  2.1  226.1  4.1  0.20  194.4  26.1
281120250014  1.006  1.9  232.0  4.1  0.22  194.6  26.1
281120250015  1.005  1.6  240.5  4.1  0.26  198.1  26.1
281120250016  1.004  1.4  254.5  4.1  0.35  186.8  26.1
281120250017  1.002  1.3  263.7  4.1  0.29  185.8  26.1
281120250018  1.001  1.3  280.6  4.1  0.29  191.1  26.1
281120250019  0.999  1.4  293.5  4.1  0.28  188.0  26.1
281120250020  0.997  1.6  304.7  4.1  0.28  194.0  26.1
281120250021  0.995  1.7  317.7  3.8  0.33  178.9  26.1
281120250022  0.995  1.7  323.7  3.8  0.21  190.0  26.1
281120250023  0.994  1.8  326.6  3.8  0.29  193.1  26.1
281120250024  0.992  2.0  331.7  3.8  0.19  190.0  26.1
281120250025  0.993  2.1  334.6  3.8  0.21  185.7  26.0
281120250026  0.992  2.0  335.8  3.8  0.33  193.4  26.0
281120250027  0.991  2.1  341.3  3.8  0.31  187.1  26.0
281120250028  0.991  2.1  342.4  3.8  0.16  198.4  26.0
281120250029  0.991  2.0  345.2  3.8  0.17  183.3  26.0
281120250030  0.991  1.8  348.1  3.8  0.34  186.0  26.1
281120250031  0.992  1.7  353.2  3.6  0.11  177.7  26.1
281120250032  0.993  1.6  0.7  2.9  0.24  198.8  26.0
281120250033  0.993  1.5  9.7  2.9  0.30  185.5  26.0
281120250034  0.995  1.4  15.5  2.9  0.29  190.4  26.0
281120250035  0.995  1.4  20.0  2.9  0.33  194.8  26.0
281120250036  0.997  1.3  27.9  2.9  0.31  201.9  26.0
281120250037  0.999  1.3  35.6  2.7  0.34  212.3  26.0
281120250038  1.001  1.3  42.6  2.7  0.27  195.0  26.0
281120250039  1.005  1.3  48.5  2.7  0.34  199.3  26.0
281120250040  1.008  1.3  50.6  2.7  0.28  205.7  25.9
281120250041  1.013  1.3  54.7  2.7  0.35  207.8  25.9
281120250042  1.017  1.3  55.2  2.7  0.34  196.6  25.9
281120250043  1.019  1.2  55.8  2.7  0.26  203.6  25.9
281120250044  1.024  1.2  60.3  2.4  0.30  208.4  25.9
281120250045  1.027  1.1  66.2  2.4  0.30  196.3  25.9
281120250046  1.032  1.1  69.0  2.4  0.34  207.2  25.9
281120250047  1.037  0.9  74.8  1.9  0.32  202.9  25.9
281120250048  1.042  0.9  77.9  1.8  0.28  219.6  25.9
281120250049  1.047  0.8  80.0  1.8  0.29  203.9  25.9
281120250050  1.051  0.9  83.2  1.8  0.31  210.6  25.9
281120250051  1.055  1.0  84.5  2.0  0.22  214.1  25.9
281120250052  1.060  1.0  88.8  2.0  0.36  198.2  25.9
281120250053  1.064  1.1  90.2  2.5  0.34  200.3  25.9
281120250054  1.068  1.2  87.0  3.2  0.43  195.2  25.9
281120250055  1.071  1.4  81.2  3.2  0.34  196.6  25.9
281120250056  1.077  1.6  74.9  3.2  0.41  200.0  25.9
281120250057  1.081  1.6  70.9  3.2  0.31  215.4  25.9
281120250058  1.086  1.8  68.7  3.2  0.36  195.6  25.9
281120250059  1.091  1.9  67.7  3.2  0.35  196.3  25.9
281120250100  1.095  2.0  66.8  3.2  0.29  201.8  25.9
281120250101  1.099  2.0  66.5  3.2  0.22  207.7  25.9
281120250102  1.102  2.0  66.4  3.2  0.30  198.4  25.9
281120250103  1.105  2.0  64.9  3.2  0.31  212.8  25.9
281120250104  1.109  1.9  63.9  3.2  0.33  199.3  25.9
281120250105  1.113  1.7  64.6  2.9  0.33  199.9  25.9
281120250106  1.117  1.6  65.5  2.6  0.28  212.9  25.9
281120250107  1.119  1.5  69.6  2.6  0.30  209.1  25.9
281120250108  1.121  1.5  73.3  2.7  0.32  214.2  25.9
281120250109  1.122  1.5  77.2  2.7  0.23  220.9  25.9
281120250110  1.123  1.5  81.7  2.7  0.28  203.9  25.9
281120250111  1.124  1.5  82.4  2.7  0.27  228.7  25.9
281120250112  1.125  1.5  82.4  2.7  0.34  214.5  25.9
281120250113  1.125  1.6  83.6  2.7  0.34  211.6  25.9
281120250114  1.128  1.7  85.2  2.7  0.35  221.0  25.9
281120250115  1.129  1.7  85.3  2.7  0.34  214.1  25.9
281120250116  1.129  1.8  84.8  2.7  0.33  216.6  26.0
281120250117  1.129  1.8  82.3  2.7  0.36  209.9  26.0
281120250118  1.129  1.6  82.3  2.6  0.34  212.0  26.0
281120250119  1.130  1.3  81.9  2.6  0.36  219.9  26.0
281120250120  1.130  1.1  78.3  2.6  0.24  204.0  26.0
281120250121  1.129  0.9  76.7  2.6  0.19  214.4  26.0
281120250122  1.130  0.8  80.0  2.6  0.21  204.2  26.0
281120250123  1.131  0.5  86.3  2.4  0.13  197.8  26.0
281120250124  1.131  0.3  103.0  1.7  0.26  197.8  26.0
281120250125  1.130  0.3  135.3  1.5  0.29  206.9  26.0
281120250126  1.130  0.3  173.2  1.3  0.22  200.3  26.0
281120250127  1.130  0.4  195.3  1.1  0.28  210.6  26.0
281120250128  1.128  0.5  199.9  1.3  0.36  202.9  26.0
281120250129  1.127  0.5  193.8  1.3  0.15  204.2  26.0
281120250130  1.125  0.6  189.7  1.3  0.19  194.7  26.0
281120250131  1.122  0.6  190.1  1.3  0.20  203.0  25.9
281120250132  1.119  0.6  189.7  1.3  0.27  196.7  25.9
281120250133  1.117  0.5  181.2  1.6  0.17  189.3  25.9
281120250134  1.115  0.5  175.2  1.6  0.09  231.3  25.9
281120250135  1.113  0.4  169.3  1.6  0.23  184.1  25.9
281120250136  1.111  0.3  164.7  1.6  0.14  178.1  25.9
281120250137  1.108  0.4  146.4  1.6  0.20  187.8  25.9
281120250138  1.106  0.5  126.0  2.0  0.21  177.0  25.8
281120250139  1.105  0.7  124.8  2.2  0.07  206.9  25.8
281120250140  1.103  0.8  123.0  2.2  0.11  208.7  25.8
281120250141  1.102  0.9  129.5  3.1  0.03  216.6  25.8
281120250142  1.101  1.0  137.1  3.1  0.14  188.4  25.8
281120250143  1.100  1.3  140.7  4.9  0.06  195.7  25.8
281120250144  1.099  1.6  148.2  4.9  0.13  186.5  25.7
281120250145  1.097  2.0  153.9  4.9  0.13  197.1  25.7
281120250146  1.095  2.3  156.1  4.9  0.05  211.4  25.6
281120250147  1.094  2.4  162.2  4.9  0.22  184.4  25.6
281120250148  1.090  2.6  167.7  4.9  0.16  167.9  25.6
281120250149  1.087  2.7  173.5  4.9  0.11  156.0  25.6
281120250150  1.085  2.8  178.9  4.9  0.16  167.3  25.6
281120250151  1.082  2.8  183.6  4.9  0.11  182.9  25.6
281120250152  1.082  3.0  187.4  4.9  0.15  172.3  25.5
281120250153  1.081  3.0  194.4  4.4  0.11  180.7  25.5
281120250154  1.080  2.9  199.0  4.2  0.20  181.5  25.5
281120250155  1.078  2.9  204.0  4.1  nan  nan  nan
281120250156  1.076  3.0  207.6  4.3  0.13  172.1  25.5
281120250157  1.076  2.9  207.3  4.3  0.16  196.8  25.5
281120250158  1.074  2.9  208.5  4.3  0.20  187.2  25.5
281120250159  1.072  3.0  207.0  5.3  0.09  122.0  25.5
281120250200  1.071  3.0  209.8  5.3  0.16  175.5  25.6
281120250201  1.068  2.9  212.2  5.3  0.09  194.8  25.6
281120250202  1.066  2.9  214.1  5.3  0.15  198.9  25.6
281120250203  1.064  2.9  216.2  5.3  0.03  166.4  25.6
281120250204  1.060  2.9  218.0  5.3  0.20  182.9  25.6
281120250205  1.058  2.9  217.8  5.3  0.05  197.1  25.6
281120250206  1.056  2.8  218.4  5.3  0.04  130.1  25.6
281120250207  1.053  2.9  220.5  5.3  0.09  136.1  25.6
281120250208  1.052  3.1  222.6  5.3  0.06  188.2  25.6
281120250209  1.050  3.2  225.8  4.9  0.12  179.4  25.6
281120250210  1.047  3.3  218.7  5.7  0.06  138.9  25.6
281120250211  1.044  3.5  213.1  8.6  0.18  183.7  25.6
281120250212  1.043  3.8  210.2  8.6  0.19  184.2  25.6
281120250213  1.042  4.0  207.9  8.6  0.10  165.5  25.6
281120250214  1.039  4.4  206.1  8.6  0.07  115.1  25.6
281120250215  1.039  4.5  208.4  8.6  0.16  175.6  25.6
281120250216  1.038  4.7  208.9  8.6  0.05  134.8  25.6
281120250217  1.037  4.8  209.8  8.6  0.15  184.8  25.6
281120250218  1.037  5.0  209.8  8.6  0.17  172.2  25.6
281120250219  1.037  5.1  209.6  8.6  0.11  165.2  25.6
281120250220  1.035  5.2  212.1  8.6  0.14  176.2  25.6
281120250221  1.034  5.3  214.4  8.1  0.17  163.4  25.6
281120250222  1.033  5.3  216.0  8.3  0.18  157.3  25.6
281120250223  1.033  5.4  216.6  8.3  0.18  154.8  25.6
281120250224  1.032  5.3  216.6  8.3  0.15  153.0  25.6
281120250225  1.035  5.5  214.6  8.3  0.04  122.8  25.6
281120250226  1.037  5.6  214.2  8.3  0.15  165.1  25.6
281120250227  1.039  5.8  213.2  8.3  0.12  182.5  25.6
281120250228  1.042  6.0  213.2  8.3  0.11  185.8  25.6
281120250229  1.044  6.0  213.4  8.3  0.02  135.0  25.6
281120250230  1.048  6.0  214.2  8.3  0.15  185.4  25.6
281120250231  1.051  6.1  214.8  8.3  nan  nan  nan
281120250232  1.054  6.1  215.0  7.5  0.09  169.6  25.6
281120250233  1.058  6.3  216.3  9.4  0.14  194.8  25.6
281120250234  1.061  6.4  217.7  9.4  0.13  205.5  25.5
281120250235  1.065  6.5  218.8  9.4  0.03  181.9  25.5
281120250236  1.069  6.6  220.2  9.4  0.11  181.9  25.5
281120250237  1.072  6.7  221.4  9.4  0.09  155.3  25.5
281120250238  1.076  6.8  222.4  10.6  0.08  139.3  25.5
281120250239  1.080  7.1  223.4  10.6  0.09  112.8  25.5
281120250240  1.080  7.3  224.2  10.6  0.13  175.6  25.5
281120250241  1.083  7.5  224.8  10.6  0.10  147.3  25.5
281120250242  1.083  7.7  225.0  10.6  0.13  153.8  25.5
281120250243  1.085  7.8  225.3  10.6  0.13  140.1  25.5
281120250244  1.085  7.9  225.6  10.6  0.22  174.1  25.5
281120250245  1.087  8.0  225.3  10.6  0.15  122.5  25.5
281120250246  1.089  8.1  225.3  10.6  0.08  138.5  25.5
281120250247  1.089  8.1  225.2  10.6  0.16  130.3  25.5
281120250248  1.089  7.9  224.2  10.3  0.09  94.1  25.4
281120250249  1.089  7.8  223.1  10.3  0.15  140.2  25.4
281120250250  1.089  7.7  222.8  10.3  0.12  156.3  25.4
281120250251  1.089  7.8  222.9  10.3  0.08  68.3  25.4
281120250252  1.089  7.7  223.8  10.3  0.08  40.5  25.4
281120250253  1.089  7.6  223.4  10.3  0.07  53.9  25.4
281120250254  1.087  7.4  223.7  10.1  0.07  106.2  25.4
281120250255  1.088  7.2  223.7  10.1  nan  nan  nan
281120250256  1.086  7.0  223.4  10.1  0.09  61.0  25.3
281120250257  1.086  6.8  223.5  10.1  0.03  100.0  25.3
281120250258  1.086  6.7  224.3  10.1  0.11  56.4  25.3
281120250259  1.085  6.7  225.3  10.1  0.17  17.4  25.3
281120250300  1.083  6.7  225.6  10.1  0.19  26.2  25.3
281120250301  1.082  6.5  225.7  8.6  0.14  33.8  25.3
281120250302  1.080  6.5  225.7  9.1  0.07  100.0  25.3
281120250303  1.079  6.4  226.3  9.1  0.09  72.3  25.3
281120250304  1.077  6.3  226.7  9.1  0.07  25.5  25.3
281120250305  1.076  6.3  227.2  9.1  0.11  16.2  25.3
281120250306  1.075  6.2  226.6  9.1  0.05  18.4  25.3
281120250307  1.073  6.2  227.0  9.1  0.11  38.3  25.2
281120250308  1.072  6.2  227.2  9.1  0.11  156.0  25.2
281120250309  1.070  6.2  226.7  9.1  0.12  65.3  25.2
281120250310  1.067  6.2  226.2  9.1  0.12  56.9  25.2
281120250311  1.064  6.1  226.4  9.1  0.15  39.5  25.2
281120250312  1.061  6.0  224.7  7.8  0.08  74.1  25.2
281120250313  1.058  6.1  224.2  7.8  0.17  36.9  25.2
281120250314  1.055  6.2  222.9  7.8  0.15  52.9  25.2
281120250315  1.051  6.2  222.6  7.8  0.18  37.7  25.2
281120250316  1.047  6.2  221.6  7.8  0.14  41.0  25.2
281120250317  1.042  6.2  219.6  7.8  0.18  39.7  25.2
281120250318  1.037  6.2  218.4  7.8  0.12  27.6  25.2
281120250319  1.032  6.1  217.5  7.8  0.09  340.6  25.2
281120250320  1.027  6.0  215.7  7.8  0.16  10.0  25.2
281120250321  1.023  6.0  213.8  7.8  0.13  348.4  25.2
281120250322  1.019  5.8  213.2  7.7  0.09  16.2  25.2
281120250323  1.016  5.7  211.0  7.7  0.08  5.6  25.2
281120250324  1.011  5.6  208.4  7.7  0.11  18.3  25.2
281120250325  1.007  5.5  205.9  7.7  0.07  310.4  25.2
281120250326  1.003  5.5  204.7  7.7  0.19  3.5  25.2
281120250327  0.999  5.5  203.9  7.7  0.11  15.9  25.3
281120250328  0.995  5.5  202.7  7.7  0.06  30.1  25.3
281120250329  0.991  5.4  201.6  6.5  0.13  42.7  25.3
281120250330  0.986  5.4  201.4  6.5  0.10  34.6  25.3
281120250331  0.982  5.1  200.2  6.5  0.11  10.0  25.2
281120250332  0.977  4.9  197.0  6.5  0.17  34.6  25.2
281120250333  0.974  4.7  193.7  6.5  0.16  20.0  25.2
281120250334  0.971  4.3  189.3  6.5  0.08  53.0  25.2
281120250335  0.967  4.1  181.6  8.1  0.11  34.7  25.3
281120250336  0.962  3.9  167.7  9.8  0.14  72.4  25.3
281120250337  0.959  4.1  154.0  9.8  0.12  31.0  25.3
281120250338  0.955  4.4  140.4  9.8  0.12  48.5  25.3
281120250339  0.953  4.9  130.5  9.8  0.17  36.6  25.4
281120250340  0.949  5.6  121.6  9.8  0.10  47.8  25.4
281120250341  0.946  6.4  115.8  10.0  0.15  39.5  25.4
281120250342  0.942  6.9  112.3  10.0  0.28  24.8  25.4
281120250343  0.939  7.5  109.6  10.2  0.25  12.7  25.4
281120250344  0.937  8.2  107.3  12.3  0.22  43.6  25.4
281120250345  0.935  8.8  105.3  12.3  0.19  74.5  25.4
281120250346  0.932  8.7  105.3  12.3  0.19  44.8  25.4
281120250347  0.929  8.9  104.7  12.3  0.21  58.4  25.4
281120250348  0.925  9.0  104.2  12.3  0.20  79.1  25.4
281120250349  0.921  8.8  104.7  12.3  0.23  46.2  25.4
281120250350  0.917  8.8  105.4  12.3  0.32  32.3  25.4
281120250351  0.913  8.9  105.7  12.3  0.26  39.0  25.4
281120250352  0.910  9.1  106.5  12.3  0.19  45.7  25.4
281120250353  0.907  9.1  106.4  12.3  0.27  34.3  25.4
281120250354  0.905  8.6  107.2  11.9  0.22  22.9  25.4
281120250355  0.903  8.3  108.5  11.9  0.30  30.8  25.4
281120250356  0.902  8.0  108.3  11.9  0.23  42.6  25.4
281120250357  0.901  7.6  108.1  11.9  0.27  34.5  25.4
281120250358  0.901  7.2  110.1  11.9  0.36  27.0  25.4
281120250359  0.899  7.0  110.4  11.9  0.30  30.8  25.4
281120250400  0.897  6.5  111.5  11.9  0.23  34.6  25.4
281120250401  0.896  5.8  112.8  11.4  0.30  22.6  25.4
281120250402  0.895  5.0  115.0  9.7  0.19  40.5  25.4
281120250403  0.894  4.3  117.8  9.6  0.26  31.2  25.4
281120250404  0.893  3.8  121.5  9.6  0.23  28.0  25.4
281120250405  0.892  3.2  124.8  8.5  0.21  27.1  25.4
281120250406  0.891  2.7  127.5  8.5  0.17  34.8  25.4
281120250407  0.891  2.2  135.2  8.3  0.28  16.7  25.4
281120250408  0.891  1.8  139.4  6.3  0.21  22.1  25.4
281120250409  0.889  1.5  145.6  4.1  0.32  24.3  25.4
281120250410  0.889  1.3  145.8  3.3  0.23  32.2  25.4
281120250411  0.889  1.3  143.0  3.3  0.31  17.5  25.4
281120250412  0.887  1.6  129.2  7.1  0.32  22.9  25.4
281120250413  0.889  2.2  121.3  8.7  0.23  23.0  25.4
281120250414  0.888  2.7  116.2  8.7  0.25  30.8  25.4
281120250415  0.888  3.0  113.5  8.7  0.24  27.2  25.4
281120250416  0.890  3.4  113.3  8.7  0.20  27.7  25.4
281120250417  0.891  3.9  110.9  8.7  0.35  21.2  25.4
281120250418  0.892  4.4  109.1  8.7  0.26  26.7  25.4
281120250419  0.892  4.7  108.6  8.7  0.16  31.5  25.4
281120250420  0.893  4.9  108.1  8.7  0.26  10.4  25.5
281120250421  0.893  5.0  108.6  8.7  0.19  14.0  25.5
281120250422  0.892  4.6  109.6  8.7  0.22  9.0  25.5
281120250423  0.891  4.2  111.1  7.2  0.10  58.3  25.5
281120250424  0.891  3.9  112.8  6.2  0.14  5.2  25.5
281120250425  0.891  3.6  114.8  6.2  0.17  29.1  25.5
281120250426  0.889  3.5  114.9  6.2  0.22  22.3  25.5
281120250427  0.889  3.5  117.7  6.8  0.16  17.0  25.5
281120250428  0.887  3.5  120.3  6.8  0.25  15.3  25.5
281120250429  0.885  3.4  122.7  6.8  0.16  18.4  25.5
281120250430  0.883  3.2  124.8  6.8  0.27  10.0  25.5
281120250431  0.882  2.9  127.6  6.8  0.13  3.9  25.5
281120250432  0.881  2.8  132.3  6.8  0.20  15.5  25.5
281120250433  0.879  2.6  136.9  6.8  0.14  14.8  25.5
281120250434  0.878  2.6  141.8  6.8  0.22  27.8  25.6
281120250435  0.877  2.5  147.5  6.8  0.25  39.1  25.6
281120250436  0.876  2.4  158.2  6.8  0.21  25.8  25.6
281120250437  0.872  2.3  171.7  5.8  0.26  19.9  25.6
281120250438  0.869  2.3  185.0  4.0  0.28  31.0  25.6
281120250439  0.864  2.4  193.8  3.9  0.29  33.0  25.6
281120250440  0.861  2.6  197.6  3.9  0.21  27.8  25.6
281120250441  0.857  2.8  200.7  3.9  0.16  86.3  25.6
281120250442  0.853  2.8  203.0  3.9  0.18  26.5  25.6
281120250443  0.850  2.8  204.2  3.9  0.20  32.8  25.6
281120250444  0.846  2.6  201.1  3.9  0.31  9.6  25.6
281120250445  0.841  2.2  195.8  3.9  0.25  23.7  25.6
281120250446  0.837  1.7  187.0  3.9  0.19  10.0  25.6
281120250447  0.835  1.3  173.5  3.9  0.24  22.5  25.6
281120250448  0.832  1.1  149.9  4.6  0.22  13.0  25.6
281120250449  0.829  1.4  123.6  5.4  0.22  16.2  25.6
281120250450  0.826  1.7  112.3  5.4  0.26  14.2  25.6
281120250451  0.824  2.1  104.2  5.4  0.37  19.5  25.6
281120250452  0.820  2.4  98.1  5.4  0.19  18.2  25.6
281120250453  0.817  2.7  94.9  5.4  0.34  23.4  25.6
281120250454  0.814  2.6  95.3  5.4  0.24  35.3  25.6
281120250455  0.810  2.4  99.5  5.4  0.32  25.6  25.6
281120250456  0.807  2.2  107.6  5.4  0.30  10.0  25.6
281120250457  0.803  2.1  115.8  5.4  0.27  17.0  25.6
281120250458  0.798  2.0  122.1  5.4  0.40  17.0  25.6
281120250459  0.794  1.6  127.8  4.8  0.24  17.0  25.6
281120250500  0.789  1.4  132.5  3.7  0.22  15.0  25.6
281120250501  0.784  1.1  136.5  3.7  0.23  32.7  25.6
281120250502  0.779  0.9  143.9  3.2  0.30  2.1  25.6
281120250503  0.776  0.6  149.8  2.1  0.36  11.2  25.6
281120250504  0.770  0.5  157.0  2.0  0.24  31.0  25.6
281120250505  0.765  0.5  155.6  2.0  0.32  16.6  25.6
281120250506  0.760  0.5  141.4  2.6  0.33  17.5  25.6
281120250507  0.756  0.6  125.3  2.7  0.38  15.0  25.6
281120250508  0.751  0.7  123.9  2.8  0.34  15.9  25.6
281120250509  0.749  0.8  121.5  2.8  0.37  20.6  25.6
281120250510  0.744  1.0  120.1  3.2  0.29  17.3  25.6
281120250511  0.742  1.3  116.3  3.8  0.38  16.5  25.6
281120250512  0.739  1.6  117.6  3.8  0.28  10.0  25.6
281120250513  0.735  1.8  123.5  3.8  0.27  21.3  25.6
281120250514  0.730  1.8  125.7  3.8  0.39  13.5  25.7
281120250515  0.728  1.7  126.0  3.8  0.35  18.5  25.7
281120250516  0.725  1.6  127.7  3.8  0.24  21.1  25.7
281120250517  0.721  1.5  129.4  3.8  0.37  18.2  25.7
281120250518  0.718  1.4  129.6  3.8  0.34  27.4  25.7
281120250519  0.716  1.4  129.8  3.8  0.39  5.4  25.7
281120250520  0.714  1.4  128.8  3.8  0.33  8.3  25.7
281120250521  0.711  1.2  135.4  3.1  0.28  14.7  25.7
281120250522  0.711  1.0  144.1  2.9  0.26  14.3  25.7
281120250523  0.710  0.9  149.1  2.9  0.38  14.7  25.7
281120250524  0.708  0.9  155.5  2.9  0.32  9.7  25.8
281120250525  0.706  1.0  164.4  2.9  0.42  8.7  25.8
281120250526  0.706  1.1  169.4  2.9  0.28  16.0  25.8
281120250527  0.705  1.2  178.8  3.0  0.22  18.6  25.8
281120250528  0.704  1.4  187.2  3.0  0.33  21.2  25.8
281120250529  0.704  1.6  192.0  3.0  0.31  14.3  25.8
281120250530  0.702  1.8  196.9  3.0  0.26  5.7  25.8
281120250531  0.701  1.9  195.9  3.0  0.30  21.5  25.8
281120250532  0.701  2.0  192.5  3.0  0.24  5.8  25.8
281120250533  0.699  2.0  185.0  3.0  0.30  2.5  25.8
281120250534  0.701  1.9  176.4  3.0  0.24  1.7  25.8
281120250535  0.699  1.8  168.5  3.0  0.34  11.0  25.8
281120250536  0.699  1.7  163.5  3.0  0.26  10.0  25.8
281120250537  0.699  1.6  158.6  2.9  0.23  17.3  25.8
281120250538  0.697  1.4  155.8  2.7  0.25  348.4  25.8
281120250539  0.696  1.3  158.9  2.4  0.21  350.4  25.8
281120250540  0.695  1.2  162.7  2.4  0.31  6.1  25.8
281120250541  0.694  1.1  168.9  2.4  0.21  9.5  25.8
281120250542  0.695  1.1  175.8  2.4  0.14  14.8  25.8
281120250543  0.698  1.3  184.4  2.5  0.24  358.5  25.8
281120250544  0.700  1.4  191.6  2.5  0.32  356.1  25.8
281120250545  0.701  1.6  193.7  2.5  0.21  342.0  25.9
281120250546  0.702  1.8  193.8  2.5  0.21  358.8  25.9
281120250547  0.704  2.0  192.9  2.6  0.24  0.5  25.9
281120250548  0.705  2.1  189.4  2.7  0.22  6.4  25.9
281120250549  0.706  2.2  184.2  2.7  0.22  359.6  25.9
281120250550  0.708  2.3  180.5  2.7  0.17  332.6  25.9
281120250551  0.709  2.2  177.1  2.7  0.19  355.4  25.9
281120250552  0.711  2.1  172.3  2.7  0.33  3.8  25.9
281120250553  0.712  1.9  161.0  3.5  0.20  342.2  25.9
281120250554  0.714  1.7  149.2  3.5  0.29  359.7  25.9
281120250555  0.714  1.6  137.4  3.5  0.16  342.2  25.9
281120250556  0.714  1.5  125.7  3.5  0.25  344.7  25.9
281120250557  0.717  1.5  114.4  3.5  0.26  356.9  25.9
281120250558  0.718  1.4  100.6  3.5  0.14  337.4  25.9
281120250559  0.718  1.4  88.3  3.5  0.22  349.3  25.9
281120250600  0.718  1.4  79.2  3.5  0.13  352.4  25.9
281120250601  0.717  1.4  73.8  3.5  0.17  338.5  25.9
281120250602  0.716  1.3  70.4  3.5  0.29  349.4  25.9
281120250603  0.716  1.0  69.2  3.2  0.16  340.0  25.9
281120250604  0.714  0.7  67.9  2.5  0.10  325.8  25.9
281120250605  0.714  0.4  62.9  2.0  0.11  302.0  25.9
281120250606  0.714  0.2  53.2  1.3  0.12  306.6  25.9
281120250607  0.713  0.0  37.8  1.3  0.10  334.2  25.9
281120250608  0.712  0.1  225.7  1.1  0.14  331.6  25.9
281120250609  0.711  0.2  211.9  1.3  0.15  345.5  25.9
281120250610  0.708  0.3  176.7  2.2  0.06  295.4  25.9
281120250611  0.706  0.4  156.5  2.2  0.16  345.3  25.9
281120250612  0.703  0.5  136.8  2.4  0.16  343.4  25.9
281120250613  0.701  0.7  125.1  2.6  0.07  354.5  25.9
281120250614  0.697  0.9  119.3  2.6  0.16  343.4  25.9
281120250615  0.694  1.1  116.4  2.6  0.12  316.3  25.9
281120250616  0.691  1.3  111.6  2.6  0.21  357.5  25.9
281120250617  0.688  1.4  107.1  2.6  0.18  348.2  25.9
281120250618  0.686  1.5  103.3  2.6  0.11  331.2  25.9
281120250619  0.684  1.5  100.0  2.6  0.26  8.3  25.9
281120250620  0.680  1.3  94.6  2.6  0.11  5.1  25.9
281120250621  0.677  1.1  85.0  2.6  0.12  354.6  25.9
281120250622  0.675  0.9  75.9  2.6  0.15  340.4  25.9
281120250623  0.671  0.7  60.2  2.0  0.23  347.6  25.9
281120250624  0.668  0.5  36.1  1.9  0.29  358.9  26.0
281120250625  0.665  0.5  12.4  1.9  0.18  357.5  26.0
281120250626  0.664  0.5  2.3  1.8  0.28  358.0  26.0
281120250627  0.661  0.5  12.8  2.5  0.26  5.3  26.0
281120250628  0.658  0.4  39.0  2.7  0.26  6.2  26.0
281120250629  0.655  0.6  71.6  4.3  0.21  11.6  26.0
281120250630  0.653  0.9  84.5  4.3  0.20  4.9  26.1
281120250631  0.651  1.2  92.2  4.3  0.29  14.6  26.1
281120250632  0.651  1.7  97.9  5.8  0.28  6.4  26.1
281120250633  0.648  2.2  101.7  5.8  0.32  12.4  26.1
281120250634  0.645  2.8  104.5  5.8  0.26  19.1  26.1
281120250635  0.644  3.1  106.9  5.8  0.23  8.0  26.1
281120250636  0.642  3.1  109.8  5.8  0.27  5.9  26.1
281120250637  0.639  2.8  114.6  5.8  0.36  12.5  26.1
281120250638  0.638  2.5  120.2  5.8  0.19  357.9  26.1
281120250639  0.637  2.1  129.6  5.8  0.37  20.0  26.1
281120250640  0.638  1.8  142.4  5.8  0.35  16.1  26.1
281120250641  0.637  1.6  156.8  5.8  0.23  16.2  26.2
281120250642  0.636  1.5  178.5  5.6  0.23  15.9  26.2
281120250643  0.635  1.5  202.1  5.6  0.29  25.9  26.2
281120250644  0.633  1.6  221.5  2.7  0.28  13.6  26.2
281120250645  0.633  1.6  229.1  2.7  0.32  25.9  26.2
281120250646  0.632  1.5  231.4  2.7  0.23  23.3  26.2
281120250647  0.631  1.4  230.0  2.7  0.30  21.2  26.2
281120250648  0.632  1.2  223.2  2.7  0.25  11.3  26.2
281120250649  0.631  0.9  212.2  2.6  0.28  24.5  26.2
281120250650  0.630  0.8  197.3  2.2  0.28  18.0  26.2
281120250651  0.630  0.7  182.8  2.0  0.22  3.4  26.2
281120250652  0.629  0.7  166.2  2.0  0.29  12.3  26.2
281120250653  0.628  0.7  146.7  2.0  0.37  7.0  26.2
281120250654  0.626  0.8  131.3  2.0  0.24  5.9  26.2
281120250655  0.626  0.9  120.5  2.0  0.26  0.9  26.2
281120250656  0.626  0.9  111.9  2.0  0.20  8.9  26.3
281120250657  0.625  0.8  101.1  2.0  0.22  13.1  26.3
281120250658  0.625  0.8  87.1  1.8  0.26  346.9  26.3
281120250659  0.622  0.7  71.8  1.7  0.19  8.8  26.2
281120250700  0.622  0.6  56.8  1.5  0.26  8.7  26.3
281120250701  0.622  0.6  48.4  1.5  0.31  5.6  26.3
281120250702  0.623  0.5  37.1  1.5  0.19  4.6  26.3
281120250703  0.622  0.4  20.6  1.5  0.15  346.7  26.3
281120250704  0.623  0.4  355.2  1.5  0.23  12.0  26.3
281120250705  0.622  0.4  336.9  1.3  0.20  351.7  26.3
281120250706  0.622  0.6  333.6  2.1  0.19  22.7  26.3
281120250707  0.622  0.7  333.2  2.3  0.22  7.5  26.3
281120250708  0.623  0.9  336.0  2.5  0.18  2.6  26.3
281120250709  0.625  1.0  344.4  2.6  0.22  354.1  26.3
281120250710  0.626  1.1  351.1  2.6  0.13  347.7  26.3
281120250711  0.627  1.3  357.4  2.8  0.22  342.1  26.3
281120250712  0.628  1.6  3.0  2.8  0.09  345.1  26.3
281120250713  0.630  1.8  7.1  2.8  0.10  280.0  26.3
281120250714  0.633  2.0  11.1  2.8  0.11  346.5  26.3
281120250715  0.635  2.0  12.8  2.8  0.17  342.0  26.3
281120250716  0.638  2.0  16.3  2.8  0.13  353.7  26.3
281120250717  0.639  1.8  20.0  2.8  0.06  320.0  26.3
281120250718  0.642  1.7  25.5  2.8  0.20  338.0  26.3
281120250719  0.644  1.7  31.7  3.4  0.09  275.2  26.3
281120250720  0.646  1.7  40.4  3.4  0.13  337.5  26.4
281120250721  0.649  1.8  48.7  3.5  0.10  328.8  26.4
281120250722  0.652  1.9  55.2  4.6  0.10  274.3  26.4
281120250723  0.654  2.3  60.6  6.2  0.06  341.1  26.4
281120250724  0.655  2.7  65.1  6.3  0.11  323.6  26.4
281120250725  0.658  3.0  68.7  6.3  0.14  338.8  26.4
281120250726  0.660  3.2  71.2  6.3  0.11  280.0  26.4
281120250727  0.663  3.4  71.7  6.3  0.07  263.6  26.4
281120250728  0.665  3.4  72.1  6.3  0.07  255.4  26.4
281120250729  0.667  3.4  71.7  6.3  0.13  345.3  26.4
281120250730  0.668  3.2  70.9  6.3  0.15  8.5  26.4
281120250731  0.669  3.0  70.0  6.3  0.15  259.9  26.4
281120250732  0.670  2.7  69.2  6.3  0.06  336.3  26.4
281120250733  0.669  2.1  68.3  6.3  0.09  278.8  26.4
281120250734  0.669  1.6  65.5  4.5  0.12  339.2  26.4
281120250735  0.669  1.1  57.1  3.3  0.11  256.9  26.4
281120250736  0.672  0.9  41.2  3.1  0.16  223.9  26.4
281120250737  0.673  0.8  23.8  2.4  0.07  281.6  26.4
281120250738  0.675  0.7  9.4  2.4  0.18  241.7  26.4
281120250739  0.676  0.6  1.1  1.5  0.19  345.0  26.4
281120250740  0.676  0.7  6.6  2.0  0.18  331.2  26.4
281120250741  0.678  0.7  24.9  3.5  0.18  258.6  26.4
281120250742  0.678  1.0  44.8  5.6  0.11  311.5  26.4
281120250743  0.678  1.4  55.7  5.6  0.15  285.1  26.4
281120250744  0.678  1.8  66.0  5.7  0.10  303.6  26.4
281120250745  0.680  2.3  73.8  5.7  0.17  246.5  26.4
281120250746  0.680  2.7  81.8  5.7  0.15  344.1  26.4
281120250747  0.679  3.0  86.8  5.7  0.17  234.1  26.4
281120250748  0.679  3.3  88.7  5.7  0.16  322.0  26.4
281120250749  0.680  3.6  90.3  5.7  0.14  305.2  26.3
281120250750  0.681  3.7  92.0  5.7  0.14  331.2  26.3
281120250751  0.683  3.7  92.1  5.7  0.16  268.0  26.3
281120250752  0.685  3.6  91.6  5.7  0.17  241.7  26.3
281120250753  0.686  3.6  89.9  5.7  0.04  268.7  26.3
281120250754  0.687  3.4  86.6  5.7  0.18  227.1  26.3
281120250755  0.687  3.3  82.9  5.7  0.15  208.4  26.3
281120250756  0.687  3.3  76.6  4.7  0.09  226.9  26.3
281120250757  0.688  3.4  72.3  4.7  0.12  331.8  26.3
281120250758  0.691  3.7  70.6  5.7  0.03  207.1  26.3
281120250759  0.692  3.8  70.2  5.7  0.06  224.7  26.3
281120250800  0.693  4.0  73.0  6.7  nan  nan  nan
281120250801  0.695  4.2  77.8  6.7  0.09  356.8  26.3
281120250802  0.696  4.4  82.9  6.7  0.12  176.2  26.3
281120250803  0.699  4.5  87.7  6.7  0.03  166.4  26.3
281120250804  0.700  4.6  91.6  6.7  0.04  205.9  26.3
281120250805  0.701  4.7  95.2  6.7  0.12  212.3  26.3
281120250806  0.702  4.9  99.2  6.7  0.09  187.5  26.2
281120250807  0.703  5.1  102.4  6.7  0.23  179.2  26.2
281120250808  0.704  5.2  105.4  6.7  0.23  205.9  26.2
281120250809  0.705  5.3  107.7  6.7  0.10  180.7  26.2
281120250810  0.706  5.3  108.0  6.7  0.09  197.6  26.1
281120250811  0.706  5.3  107.5  6.7  0.19  166.6  26.1
281120250812  0.707  5.3  107.7  7.1  0.07  167.0  26.1
281120250813  0.708  5.5  107.5  7.8  0.22  203.1  26.1
281120250814  0.710  5.7  107.3  7.8  0.12  212.7  26.1
281120250815  0.710  6.0  107.6  8.5  0.10  200.7  26.1
281120250816  0.710  6.1  106.9  8.5  nan  nan  nan
281120250817  0.709  6.2  107.0  8.5  0.09  169.6  26.1
281120250818  0.708  6.3  107.5  8.5  0.11  155.2  26.1
281120250819  0.708  6.4  106.9  8.5  0.14  201.9  26.1
281120250820  0.708  6.5  106.9  8.5  0.21  191.6  26.0
281120250821  0.707  6.4  106.6  8.5  0.03  123.6  26.0
281120250822  0.706  6.3  106.8  8.5  0.06  210.1  26.0
281120250823  0.708  6.2  107.2  8.5  0.22  180.4  26.0
281120250824  0.706  6.2  106.3  8.5  0.05  170.8  26.0
281120250825  0.706  6.0  106.3  7.8  0.03  86.8  26.0
281120250826  0.707  5.9  106.8  7.8  0.07  171.6  26.0
281120250827  0.707  5.8  106.8  7.8  0.11  199.3  26.0
281120250828  0.709  5.5  107.6  7.8  0.21  203.6  26.0
281120250829  0.710  5.3  108.8  7.8  0.05  145.0  26.0
281120250830  0.711  5.1  109.4  7.8  0.09  150.4  26.0
281120250831  0.711  5.0  110.6  7.8  0.04  149.4  25.9
281120250832  0.712  4.8  110.4  7.8  0.05  145.0  25.9
281120250833  0.714  4.7  109.9  7.8  0.35  192.2  25.9
281120250834  0.714  4.4  111.7  6.9  0.09  181.2  25.9
281120250835  0.716  4.1  112.2  6.9  0.05  165.4  25.9
281120250836  0.716  3.9  112.6  5.9  0.16  196.3  25.9
281120250837  0.716  3.5  114.8  5.6  0.06  186.2  25.9
281120250838  0.718  3.3  114.1  5.6  0.07  159.6  25.9
281120250839  0.719  3.1  113.1  5.6  0.13  190.0  25.9
281120250840  0.719  2.9  111.6  5.6  0.15  204.9  25.9
281120250841  0.720  2.7  109.7  5.6  0.16  216.6  25.9
281120250842  0.722  2.6  109.1  5.6  0.06  214.1  25.9
281120250843  0.724  2.5  110.5  5.2  0.09  197.6  25.9
281120250844  0.726  2.4  108.9  5.2  0.16  198.1  25.9
281120250845  0.727  2.9  106.4  10.1  0.15  199.2  25.8
281120250846  0.728  3.3  107.2  10.1  0.18  184.9  25.8
281120250847  0.730  3.6  107.0  10.1  0.17  207.6  25.8
281120250848  0.734  3.8  107.3  10.1  0.19  209.0  25.8
281120250849  0.737  4.0  106.6  10.1  0.11  235.7  25.8
281120250850  0.739  4.2  106.6  10.1  0.15  213.6  25.8
281120250851  0.742  4.4  106.5  10.1  0.15  200.6  25.8
281120250852  0.744  4.6  107.0  10.1  0.12  194.7  25.8
281120250853  0.747  4.8  106.6  10.1  0.16  202.3  25.8
281120250854  0.749  5.1  107.3  10.1  0.21  200.6  25.8
281120250855  0.751  5.0  107.9  8.5  0.13  216.6  25.8
281120250856  0.753  4.9  106.9  7.6  0.09  168.2  25.8
281120250857  0.755  5.1  105.2  7.6  0.11  198.8  25.8
281120250858  0.758  5.5  104.6  8.5  0.11  207.1  25.8
281120250859  0.761  5.7  103.9  8.5  0.20  188.9  25.8
281120250900  0.764  5.9  104.1  8.5  0.20  196.6  25.8
281120250901  0.768  6.2  103.9  8.7  0.23  194.3  25.8
281120250902  0.771  6.5  103.8  9.5  0.22  201.9  25.7
281120250903  0.778  6.6  103.7  9.5  0.31  199.2  25.7
281120250904  0.783  6.6  103.3  9.5  0.29  196.8  25.7
281120250905  0.789  6.5  103.3  9.5  0.14  189.2  25.7
281120250906  0.792  6.5  103.9  9.5  0.18  191.3  25.7
281120250907  0.796  6.5  104.1  9.5  0.28  194.4  25.7
281120250908  0.801  6.4  104.3  9.5  0.30  193.7  25.7
281120250909  0.804  6.5  104.7  9.5  0.13  172.1  25.7
281120250910  0.808  6.4  105.2  9.5  0.27  199.0  25.7
281120250911  0.812  6.3  105.4  9.5  0.26  195.2  25.6
281120250912  0.816  6.1  105.2  8.3  0.28  197.5  25.6
281120250913  0.821  6.0  105.1  8.3  0.18  198.2  25.6
281120250914  0.825  5.8  105.4  8.3  0.26  193.0  25.6
281120250915  0.827  5.9  105.3  8.3  0.23  199.8  25.6
281120250916  0.830  5.9  104.8  8.3  0.26  206.4  25.7
281120250917  0.832  5.8  105.0  8.3  0.19  190.6  25.7
281120250918  0.834  5.8  105.2  8.3  0.17  195.3  25.7
281120250919  0.837  5.7  105.9  7.5  0.20  198.9  25.7
281120250920  0.841  5.7  105.4  7.7  0.25  195.0  25.7
281120250921  0.844  5.8  105.6  7.7  0.10  179.6  25.7
281120250922  0.846  5.8  105.9  8.5  0.16  184.5  25.7
281120250923  0.850  5.9  105.6  8.5  0.26  201.4  25.7
281120250924  0.853  6.1  105.2  8.5  0.15  199.5  25.7
281120250925  0.855  6.0  105.2  8.5  0.09  200.1  25.7
281120250926  0.858  6.0  105.2  8.5  0.12  195.4  25.7
281120250927  0.861  6.1  105.2  8.5  0.27  203.9  25.7
281120250928  0.861  6.1  104.6  8.5  0.33  205.9  25.7
281120250929  0.864  6.3  104.3  8.5  0.23  209.5  25.6
281120250930  0.864  6.4  104.4  8.5  0.22  202.7  25.6
281120250931  0.867  6.3  104.3  8.5  0.25  198.1  25.6
281120250932  0.868  6.3  104.7  8.5  0.27  192.5  25.6
281120250933  0.871  6.4  105.5  8.5  0.25  195.0  25.6
281120250934  0.871  6.5  105.6  8.5  0.21  190.0  25.6
281120250935  0.874  6.6  105.7  8.5  0.11  192.1  25.6
281120250936  0.876  6.7  105.6  8.9  0.28  203.4  25.6
281120250937  0.878  7.0  105.3  10.3  0.21  214.6  25.6
281120250938  0.882  7.2  105.6  10.3  0.20  219.6  25.6
281120250939  0.887  7.2  105.4  10.3  0.22  198.8  25.6
281120250940  0.889  7.2  105.2  10.3  0.28  209.1  25.6
281120250941  0.893  7.3  105.2  10.3  0.27  191.2  25.6
281120250942  0.896  7.3  104.4  10.3  0.07  183.7  25.6
281120250943  0.899  7.4  103.5  10.3  0.17  192.6  25.6
281120250944  0.901  7.5  103.2  10.3  0.27  203.1  25.6
281120250945  0.905  7.5  102.7  10.3  0.23  212.4  25.6
281120250946  0.907  7.6  101.7  10.3  0.04  198.5  25.6
281120250947  0.911  7.7  101.5  10.7  0.14  197.4  25.6
281120250948  0.917  7.8  101.6  11.3  0.11  232.1  25.5
281120250949  0.920  7.9  102.1  11.3  0.23  219.4  25.5
281120250950  0.924  8.0  102.4  11.3  0.25  199.0  25.5
281120250951  0.926  8.1  102.7  11.3  0.16  193.5  25.5
281120250952  0.928  8.4  103.3  11.3  0.05  190.0  25.5
281120250953  0.930  8.7  103.5  12.0  0.10  210.3  25.5
281120250954  0.933  8.8  104.5  12.0  0.06  228.4  25.4
281120250955  0.935  8.9  105.3  12.0  0.14  247.2  25.4
281120250956  0.938  8.9  105.9  12.0  0.16  213.7  25.5
281120250957  0.943  8.8  106.2  12.0  0.16  207.1  25.5
281120250958  0.947  8.7  106.3  12.0  0.24  203.7  25.5
281120250959  0.950  8.6  105.5  12.0  0.15  191.5  25.5
281120251000  0.953  8.5  105.8  12.0  0.14  197.4  25.4
281120251001  0.956  8.4  105.5  12.0  0.32  200.2  25.4
281120251002  0.960  8.3  105.3  12.0  0.21  193.2  25.4
281120251003  0.962  8.2  105.5  11.3  0.14  207.7  25.4
281120251004  0.965  8.1  105.5  11.3  0.19  209.9  25.4
281120251005  0.968  8.0  105.6  11.3  0.24  224.2  25.4
281120251006  0.970  8.0  105.6  11.3  0.18  211.1  25.4
281120251007  0.972  8.0  106.4  11.3  0.22  221.5  25.3
281120251008  0.974  7.9  105.7  11.2  0.19  214.1  25.3
281120251009  0.976  8.0  106.2  11.2  0.23  191.5  25.3
281120251010  0.979  7.9  106.0  11.2  0.06  244.7  25.3
281120251011  0.982  7.7  106.8  11.2  0.16  225.8  25.3
281120251012  0.988  7.5  107.0  11.2  0.26  212.4  25.3
281120251013  0.993  7.2  107.1  11.2  0.33  220.0  25.3
281120251014  0.997  7.0  107.1  11.2  0.39  207.4  25.3
281120251015  1.001  6.6  106.8  11.2  0.20  209.0  25.2
281120251016  1.008  6.3  107.5  11.2  0.36  210.4  25.2
281120251017  1.012  6.2  106.6  11.2  0.22  225.5  25.2
281120251018  1.017  6.2  106.9  10.0  0.32  214.4  25.1
281120251019  1.024  6.1  106.9  9.1  0.32  216.9  25.1
281120251020  1.030  6.2  106.1  9.7  0.29  202.6  25.1
281120251021  1.034  6.4  104.9  9.7  0.33  207.9  25.1
281120251022  1.039  6.5  105.3  9.7  0.36  202.8  25.1
281120251023  1.043  6.6  105.3  9.7  0.28  204.5  25.0
281120251024  1.048  6.6  104.0  9.7  0.21  224.3  25.0
281120251025  1.053  6.7  105.0  9.7  0.36  207.7  25.0
281120251026  1.057  6.7  104.5  9.7  0.27  214.7  25.0
281120251027  1.060  6.6  105.7  9.7  0.41  204.2  25.0
281120251028  1.064  6.5  105.5  9.7  0.29  214.3  25.0
281120251029  1.069  6.5  105.5  9.7  0.37  210.1  25.0
281120251030  1.073  6.5  105.9  10.5  0.38  215.0  24.9
281120251031  1.079  6.4  106.1  10.5  0.25  212.6  24.9
281120251032  1.083  6.4  105.1  10.5  0.45  205.8  24.9
281120251033  1.088  6.4  105.7  10.5  0.28  207.9  24.9
281120251034  1.092  6.6  107.4  10.5  0.26  216.8  24.9
281120251035  1.096  6.7  106.3  10.5  0.24  216.1  24.9
281120251036  1.100  6.9  106.1  10.5  0.37  200.1  24.9
281120251037  1.103  6.8  106.0  10.5  0.40  199.7  24.8
281120251038  1.108  6.6  106.7  10.5  0.37  214.9  24.8
281120251039  1.110  6.4  105.8  10.5  0.29  208.3  24.8
281120251040  1.114  6.3  104.9  9.1  0.33  222.3  24.8
281120251041  1.117  6.1  104.3  9.1  0.31  229.9  24.8
281120251042  1.119  5.9  105.1  9.1  0.36  212.1  24.7
281120251043  1.122  5.8  100.7  9.1  0.39  216.7  24.7
281120251044  1.126  5.7  92.9  9.4  0.30  219.0  24.7
281120251045  1.127  5.5  87.9  9.4  0.35  222.6  24.6
281120251046  1.130  5.2  81.9  9.4  0.31  221.1  24.6
281120251047  1.130  5.4  75.0  9.4  0.27  210.4  24.6
281120251048  1.131  5.6  70.4  9.4  0.22  216.3  24.6
281120251049  1.134  5.6  66.3  9.4  0.04  231.2  24.6
281120251050  1.137  5.6  62.6  9.4  0.22  185.9  24.7
281120251051  1.139  5.6  57.8  9.4  0.14  168.2  24.7
281120251052  1.141  5.8  53.4  9.4  0.19  165.0  24.8
281120251053  1.143  5.7  51.0  9.4  0.14  108.9  24.8
281120251054  1.147  5.4  48.2  8.0  0.34  157.4  24.9
281120251055  1.149  5.3  45.3  8.0  0.18  166.8  24.9
281120251056  1.152  5.2  44.5  8.0  0.19  163.7  24.9
281120251057  1.155  5.0  43.2  8.0  0.34  164.2  24.9
281120251058  1.157  4.8  41.2  7.6  0.23  172.0  25.0
281120251059  1.159  4.7  42.1  7.6  0.40  174.4  25.0
281120251100  1.164  4.9  42.8  10.1  0.23  180.9  25.0
281120251101  1.167  5.0  43.4  10.1  0.28  184.4  25.1
281120251102  1.171  5.1  40.6  10.1  0.27  170.8  25.1
281120251103  1.175  5.2  39.0  10.1  0.33  169.2  25.0
281120251104  1.176  5.3  38.7  10.1  0.33  173.8  25.1
281120251105  1.180  5.2  37.7  10.1  0.45  172.0  25.1
281120251106  1.183  5.3  35.7  10.1  0.35  168.6  25.1
281120251107  1.187  5.4  35.6  10.1  0.37  166.1  25.1
281120251108  1.191  5.6  34.9  10.1  0.29  159.4  25.1
281120251109  1.195  5.6  33.3  10.1  0.35  174.4  25.1
281120251110  1.198  5.6  30.2  8.4  0.24  168.4  25.1
281120251111  1.201  5.6  27.1  8.1  0.32  181.2  25.2
281120251112  1.205  5.7  28.2  8.7  0.26  191.3  25.2
281120251113  1.210  5.8  28.0  8.7  0.41  197.9  25.1
281120251114  1.213  5.7  29.3  8.7  0.30  194.8  25.1
281120251115  1.215  5.8  30.9  8.7  0.32  201.6  25.1
281120251116  1.219  6.0  31.6  8.7  0.36  200.5  25.1
281120251117  1.221  6.0  31.5  8.7  0.39  191.7  25.1
281120251118  1.225  6.0  32.1  8.7  0.40  198.4  25.1
281120251119  1.229  6.1  31.1  8.7  0.39  203.1  25.2
281120251120  1.233  6.1  30.1  8.7  0.37  199.3  25.1
281120251121  1.237  6.1  30.3  8.7  0.32  200.8  25.1
281120251122  1.241  5.9  28.9  8.7  0.31  203.3  25.1
281120251123  1.246  5.7  27.8  7.7  0.44  195.3  25.1
281120251124  1.248  5.6  26.8  7.7  0.38  212.4  25.1
281120251125  1.252  5.5  26.8  7.5  0.33  202.5  25.1
281120251126  1.254  5.5  26.3  7.5  0.39  204.0  25.1
281120251127  1.257  5.6  25.5  7.5  0.23  215.9  25.1
281120251128  1.262  5.8  23.0  7.9  0.37  193.9  25.1
281120251129  1.266  5.8  21.7  8.8  0.33  202.3  25.1
281120251130  1.269  5.9  22.1  8.8  0.27  220.6  25.2
281120251131  1.274  5.9  23.1  8.8  0.23  222.4  25.2
281120251132  1.278  5.9  25.8  8.8  0.37  216.2  25.2
281120251133  1.282  5.9  27.8  8.8  0.22  215.9  25.2
281120251134  1.285  6.1  28.1  8.8  0.39  201.7  25.2
281120251135  1.289  6.4  28.0  8.8  0.30  213.6  25.2
281120251136  1.291  6.4  29.3  8.8  0.30  224.0  25.2
281120251137  1.296  6.5  30.2  8.8  0.31  217.7  25.2
281120251138  1.299  6.4  32.4  8.8  0.31  206.5  25.2
281120251139  1.301  6.3  33.8  8.7  0.41  205.2  25.2
281120251140  1.304  6.2  34.6  8.7  0.33  201.8  25.2
281120251141  1.307  6.1  34.1  8.7  0.34  204.4  25.2
281120251142  1.309  6.0  32.0  8.7  0.41  202.8  25.2
281120251143  1.310  5.9  32.0  8.7  0.41  213.9  25.2
281120251144  1.311  5.8  32.1  8.7  0.37  199.9  25.2
281120251145  1.313  5.7  31.9  8.2  0.39  203.1  25.2
281120251146  1.315  5.6  31.2  8.2  0.44  194.5  25.2
281120251147  1.318  5.5  31.3  8.2  0.40  195.0  25.1
281120251148  1.319  5.3  29.8  8.2  0.26  215.2  25.1
281120251149  1.321  5.2  30.2  7.6  0.26  210.9  25.1
281120251150  1.324  5.2  29.8  7.6  0.25  217.6  25.1
281120251151  1.326  5.1  29.3  7.6  0.24  207.1  25.2
281120251152  1.326  5.1  29.9  7.6  0.22  215.9  25.1
281120251153  1.328  5.0  28.6  7.1  0.38  190.6  25.2
281120251154  1.331  4.9  27.5  7.1  0.53  179.6  25.2
281120251155  1.332  4.9  25.6  7.5  0.26  221.8  25.2
281120251156  1.335  4.9  26.2  7.5  0.30  211.8  25.2
281120251157  1.336  4.8  26.4  7.5  0.38  183.9  25.1
281120251158  1.339  4.8  29.9  7.5  0.37  183.1  25.1
281120251159  1.341  4.8  29.9  7.5  0.50  181.8  25.1
281120251200  1.344  4.8  29.9  7.5  0.38  170.8  25.1
281120251201  1.347  4.9  29.7  7.5  0.15  193.8  25.1
281120251202  1.349  5.0  28.4  7.5  0.26  196.0  25.1
281120251203  1.352  5.2  29.2  7.5  0.21  190.5  25.1
281120251204  1.355  5.3  30.8  7.5  0.34  197.2  25.1
281120251205  1.357  5.3  32.6  7.8  0.27  189.6  25.1
281120251206  1.361  5.4  33.8  8.8  0.28  190.8  25.1
281120251207  1.366  5.5  33.4  8.8  0.37  188.8  25.1
281120251208  1.370  5.4  31.8  8.8  0.34  193.0  25.1
281120251209  1.373  5.6  32.7  8.8  0.45  188.5  25.0
281120251210  1.377  5.7  33.4  8.8  0.35  185.6  25.0
281120251211  1.379  5.8  33.6  8.8  0.49  182.9  24.9
281120251212  1.384  5.8  35.0  8.8  0.56  175.1  24.9
281120251213  1.388  5.9  34.5  8.8  0.48  187.2  25.0
281120251214  1.391  5.9  34.0  8.8  0.39  179.6  25.0
281120251215  1.395  5.9  34.4  8.8  0.29  182.0  24.9
281120251216  1.401  5.8  33.4  8.1  0.34  177.7  24.9
281120251217  1.404  5.8  33.2  8.1  0.44  176.3  24.8
281120251218  1.408  6.0  33.3  8.1  0.52  176.7  24.7
281120251219  1.412  6.0  32.7  8.1  0.42  170.6  24.6
281120251220  1.415  5.9  32.4  8.1  0.32  189.3  24.6
281120251221  1.418  5.9  33.9  8.5  0.49  178.2  24.6
281120251222  1.423  5.9  34.4  8.5  0.42  171.9  24.6
281120251223  1.427  6.0  34.5  8.8  0.44  180.2  24.5
281120251224  1.432  6.2  34.1  8.8  0.44  175.8  24.5
281120251225  1.436  6.4  34.3  8.9  0.39  180.1  24.4
281120251226  1.438  6.6  34.3  9.2  0.47  175.5  24.4
281120251227  1.441  6.6  34.2  9.2  0.36  168.1  24.3
281120251228  1.443  6.7  33.9  9.2  0.30  171.3  24.3
281120251229  1.445  6.8  33.5  9.2  0.41  179.9  24.2
281120251230  1.448  6.7  33.3  9.2  0.26  180.1  24.1
281120251231  1.453  6.7  33.1  9.2  0.32  192.1  24.1
281120251232  1.455  6.5  33.1  9.2  0.31  183.4  24.1
281120251233  1.457  6.2  34.2  9.2  0.33  180.8  24.0
281120251234  1.458  6.1  35.5  9.2  0.30  181.5  24.0
281120251235  1.458  5.7  36.9  9.2  0.36  182.2  24.0
281120251236  1.460  5.6  38.2  8.6  0.30  184.7  24.0
281120251237  1.461  5.5  39.7  8.5  0.29  171.3  24.0
281120251238  1.462  5.4  41.3  8.2  0.29  182.3  23.9
281120251239  1.464  5.3  42.1  7.6  0.28  172.8  23.9
281120251240  1.464  5.3  42.8  7.6  0.28  180.9  23.8
281120251241  1.465  5.2  43.4  7.6  0.31  180.2  23.7
281120251242  1.465  5.3  43.2  7.6  0.38  178.5  23.6
281120251243  1.466  5.4  43.5  7.6  0.41  168.3  23.5
281120251244  1.467  5.3  42.5  7.6  0.37  178.0  23.4
281120251245  1.468  5.2  40.7  7.6  0.27  165.7  23.4
281120251246  1.468  5.1  41.0  7.6  0.26  174.1  23.3
281120251247  1.471  5.1  40.8  7.6  0.29  176.2  23.2
281120251248  1.473  5.1  41.7  7.6  0.23  173.7  23.2
281120251249  1.474  5.0  44.0  7.3  0.13  188.3  23.1
281120251250  1.477  5.1  46.4  7.3  0.25  190.0  23.2
281120251251  1.478  5.3  48.4  8.5  0.33  170.6  23.3
281120251252  1.480  5.4  50.8  8.5  0.31  172.9  23.3
281120251253  1.482  5.6  52.3  9.1  0.28  184.4  23.2
281120251254  1.485  5.6  54.7  9.1  0.29  171.3  23.1
281120251255  1.488  5.8  57.1  9.1  0.33  171.5  23.1
281120251256  1.490  5.8  58.4  9.1  0.26  178.8  23.1
281120251257  1.492  5.7  59.5  9.1  0.14  199.9  23.2
281120251258  1.494  5.7  58.5  9.1  0.21  192.1  23.3
281120251259  1.496  5.7  56.9  9.1  0.18  182.4  23.3
281120251300  1.496  5.7  57.1  9.1  0.32  173.2  23.3
281120251301  1.498  5.2  57.3  9.1  0.30  176.3  23.2
281120251302  1.498  4.9  58.8  9.1  0.33  174.1  23.1
281120251303  1.499  4.8  59.0  8.6  0.30  168.3  23.1
281120251304  1.500  5.0  60.5  9.1  0.28  171.3  23.2
281120251305  1.499  4.9  62.4  9.1  0.27  174.9  23.3
281120251306  1.499  5.0  63.3  9.1  0.28  183.2  23.3
281120251307  1.498  5.2  66.3  9.1  0.17  166.6  23.3
281120251308  1.498  5.5  68.8  9.1  0.23  194.9  23.2
281120251309  1.497  5.7  70.4  9.1  0.17  178.4  23.2
281120251310  1.497  5.8  70.0  9.1  0.20  174.5  23.2
281120251311  1.496  6.1  70.0  9.1  0.13  193.4  23.2
281120251312  1.496  6.4  68.8  9.1  0.20  191.1  23.2
281120251313  1.496  6.4  69.3  9.1  0.15  185.7  23.2
281120251314  1.498  6.3  69.2  8.9  0.15  179.8  23.1
281120251315  1.499  6.4  69.4  8.9  0.10  190.0  23.1
281120251316  1.499  6.4  68.4  8.9  0.25  190.5  23.1
281120251317  1.497  6.4  67.1  8.9  0.32  179.7  23.1
281120251318  1.497  6.2  67.3  8.7  0.18  177.0  23.1
281120251319  1.497  6.2  67.7  8.5  0.16  173.8  23.1
281120251320  1.497  6.3  68.5  8.5  0.20  142.2  23.1
281120251321  1.499  6.2  69.0  8.5  0.30  176.1  23.1
281120251322  1.500  6.1  70.8  8.5  0.15  176.3  23.1
281120251323  1.502  6.2  72.2  9.0  0.12  166.7  23.2
281120251324  1.503  6.1  72.7  9.0  0.28  178.5  23.2
281120251325  1.504  6.0  73.0  9.0  0.23  198.7  23.2
281120251326  1.506  5.9  74.6  9.0  0.30  195.2  23.2
281120251327  1.508  5.8  75.5  9.0  0.27  186.7  23.2
281120251328  1.511  5.9  75.6  9.0  0.15  161.4  23.2
281120251329  1.513  5.6  77.3  9.0  0.15  184.2  23.3
281120251330  1.515  5.4  78.7  9.0  0.20  186.2  23.3
281120251331  1.516  5.4  78.3  9.0  0.31  189.3  23.3
281120251332  1.517  5.5  77.8  9.0  nan  nan  nan
281120251333  1.518  5.4  78.5  8.6  0.11  191.0  23.5
281120251334  1.519  5.3  78.7  8.6  0.25  165.0  23.6
281120251335  1.519  5.4  76.9  8.6  0.22  173.8  23.7
281120251336  1.520  5.3  75.6  8.6  0.24  183.6  23.8
281120251337  1.520  5.2  73.9  8.6  0.13  133.9  23.9
281120251338  1.520  5.1  72.6  8.4  0.07  153.7  24.0
281120251339  1.521  5.0  70.0  8.4  0.20  166.9  24.1
281120251340  1.520  4.9  67.8  8.4  0.14  204.8  24.2
281120251341  1.521  4.7  67.1  8.4  0.06  148.8  24.2
281120251342  1.521  4.4  65.8  8.4  0.07  122.8  24.2
281120251343  1.519  4.4  64.0  7.7  0.12  167.3  24.2
281120251344  1.519  4.4  61.4  7.7  0.18  200.0  24.0
281120251345  1.520  4.4  61.1  7.6  0.19  197.1  23.8
281120251346  1.517  4.5  62.4  7.6  0.22  188.0  23.7
281120251347  1.516  4.5  63.0  7.6  0.24  185.3  23.6
281120251348  1.516  4.6  64.8  7.9  0.12  190.0  23.6
281120251349  1.515  4.7  65.9  7.9  0.10  51.1  23.5
281120251350  1.516  4.8  66.8  7.9  0.09  161.9  23.4
281120251351  1.518  4.9  66.0  7.9  0.10  210.8  23.3
281120251352  1.518  5.1  66.6  7.9  0.07  5.0  23.3
281120251353  1.518  5.1  65.6  7.9  0.03  116.4  23.3
281120251354  1.520  5.2  65.5  7.9  0.09  150.2  23.2
281120251355  1.521  5.2  65.8  7.9  0.10  190.0  23.2
281120251356  1.522  5.2  64.8  7.9  0.18  192.5  23.2
281120251357  1.522  5.2  64.2  7.9  0.20  192.2  23.2
281120251358  1.524  5.1  62.8  7.5  0.07  167.2  23.2
281120251359  1.525  5.2  62.6  7.6  0.12  184.6  23.1
281120251400  1.527  5.1  62.9  7.6  0.10  243.8  23.1
281120251401  1.529  5.2  63.7  7.6  0.11  219.9  23.1
281120251402  1.530  5.2  62.3  7.6  0.09  177.2  23.1
281120251403  1.531  5.1  60.8  7.6  0.09  186.1  23.1
281120251404  1.532  5.0  61.6  7.6  0.08  178.4  23.1
281120251405  1.533  4.9  60.7  7.6  0.09  192.4  23.1
281120251406  1.533  4.6  59.6  7.6  0.12  181.9  23.1
281120251407  1.534  4.4  58.3  7.6  0.07  83.0  23.1
281120251408  1.535  4.3  55.1  7.6  0.08  190.0  23.1
281120251409  1.535  4.1  52.4  7.6  0.17  188.7  23.1
281120251410  1.535  4.2  48.1  7.6  0.16  60.0  23.1
281120251411  1.534  4.1  48.5  6.6  0.15  193.7  23.0
281120251412  1.535  3.9  48.1  6.6  0.12  149.0  23.0
281120251413  1.535  3.8  47.7  6.6  0.21  177.9  23.0
281120251414  1.536  3.8  45.1  6.6  0.12  168.0  22.9
281120251415  1.537  3.8  43.6  6.6  0.17  176.1  22.8
281120251416  1.536  4.0  46.9  8.8  0.09  201.8  22.8
281120251417  1.535  4.2  49.0  8.8  0.22  196.4  22.7
281120251418  1.534  4.3  51.2  8.8  0.11  191.0  22.7
281120251419  1.532  4.4  53.9  8.8  0.14  183.4  22.6
281120251420  1.532  4.3  57.9  8.8  0.20  194.5  22.6
281120251421  1.530  4.4  57.0  8.8  0.09  150.2  22.6
281120251422  1.529  4.6  56.5  8.8  0.14  142.8  22.6
281120251423  1.527  4.7  57.0  8.8  0.20  182.9  22.7
281120251424  1.525  4.7  57.7  8.8  0.20  203.9  22.8
281120251425  1.524  4.8  58.3  8.8  0.21  181.6  22.9
281120251426  1.524  4.7  56.9  7.2  0.10  172.3  22.9
281120251427  1.522  4.5  57.7  6.6  0.12  179.0  22.9
281120251428  1.520  4.4  62.4  6.6  0.20  169.3  22.8
281120251429  1.520  4.4  62.6  6.6  0.12  172.4  22.7
281120251430  1.518  4.4  62.9  6.6  0.14  193.1  22.6
281120251431  1.517  4.4  63.3  6.6  0.13  157.5  22.5
281120251432  1.516  4.2  64.9  6.6  0.13  184.8  22.5
281120251433  1.515  4.2  65.5  6.6  0.29  181.5  22.4
281120251434  1.513  4.3  66.8  7.1  0.15  163.1  22.4
281120251435  1.511  4.4  68.2  7.1  0.15  190.0  22.4
281120251436  1.511  4.5  69.6  7.1  0.15  197.3  22.4
281120251437  1.512  4.5  69.4  7.1  0.15  184.7  22.4
281120251438  1.511  4.6  66.7  7.1  0.09  196.2  22.3
281120251439  1.510  4.6  66.3  7.1  0.10  199.3  22.3
281120251440  1.508  4.7  64.6  7.1  0.19  171.2  22.3
281120251441  1.507  4.8  64.8  7.1  0.15  166.0  22.3
281120251442  1.505  4.8  63.5  7.1  0.16  175.5  22.3
281120251443  1.505  4.7  62.9  7.1  0.18  166.5  22.3
281120251444  1.504  4.6  60.9  6.8  0.20  183.4  22.2
281120251445  1.502  4.6  59.9  6.8  0.17  160.2  22.2
281120251446  1.501  4.4  57.1  6.8  0.22  177.6  22.2
281120251447  1.499  4.3  55.3  6.8  0.17  159.4  22.1
281120251448  1.498  4.2  53.0  6.8  0.16  180.2  22.1
281120251449  1.496  4.1  51.5  6.8  0.19  150.4  22.1
281120251450  1.492  3.9  51.4  6.8  0.11  135.3  22.1
281120251451  1.488  3.8  49.7  6.4  0.11  176.5  22.1
281120251452  1.485  3.8  51.0  6.4  0.18  158.9  22.1
281120251453  1.482  3.7  50.4  6.4  0.12  142.3  22.1
281120251454  1.480  3.7  53.7  6.0  0.06  93.1  22.1
281120251455  1.478  3.6  54.2  5.6  0.12  127.8  22.1
281120251456  1.476  3.7  56.1  5.6  0.15  135.8  22.1
281120251457  1.473  3.8  56.1  5.6  0.17  162.8  22.1
281120251458  1.469  3.7  56.1  5.6  0.07  157.2  22.1
281120251459  1.466  3.9  55.6  5.8  0.05  175.4  22.1
281120251500  1.464  3.9  54.5  5.8  0.14  60.0  22.1
281120251501  1.462  4.0  53.0  6.2  0.11  71.7  22.1
281120251502  1.460  4.1  52.4  6.2  0.13  87.2  22.2
281120251503  1.458  4.1  52.3  6.2  0.13  48.1  22.1
281120251504  1.455  4.2  50.9  6.2  0.12  111.8  22.1
281120251505  1.453  4.2  50.0  6.2  0.08  70.9  22.1
281120251506  1.450  4.1  50.4  6.2  0.10  111.8  22.1
281120251507  1.449  4.2  52.7  7.1  0.06  122.5  22.1
281120251508  1.446  4.4  54.2  7.1  0.02  190.0  22.1
281120251509  1.444  4.4  54.9  7.1  0.14  51.0  22.1
281120251510  1.442  4.4  56.2  7.1  0.11  45.7  22.1
281120251511  1.439  4.3  57.8  7.1  0.07  53.9  22.1
281120251512  1.438  4.2  58.8  7.1  0.05  66.3  22.1
281120251513  1.436  4.1  60.2  7.1  0.10  21.5  22.1
281120251514  1.435  4.1  59.9  7.1  0.07  186.9  22.2
281120251515  1.433  4.1  60.8  7.1  0.07  78.2  22.2
281120251516  1.433  4.2  60.5  7.1  0.05  126.6  22.2
281120251517  1.431  4.2  59.4  6.2  0.17  45.8  22.2
281120251518  1.429  4.1  59.0  6.2  0.02  80.0  22.2
281120251519  1.426  4.2  58.0  6.2  0.05  50.6  22.2
281120251520  1.425  4.3  57.9  6.4  0.08  124.7  22.2
281120251521  1.424  4.4  57.5  6.4  0.07  72.0  22.2
281120251522  1.424  4.5  56.6  6.4  0.06  96.4  22.2
281120251523  1.424  4.6  59.4  6.8  0.08  84.6  22.2
281120251524  1.424  4.7  61.9  6.9  0.13  61.7  22.2
281120251525  1.422  4.8  62.5  6.9  0.08  68.3  22.2
281120251526  1.422  4.8  62.3  6.9  0.07  60.4  22.2
281120251527  1.421  4.8  62.7  6.9  0.10  71.9  22.2
281120251528  1.419  4.9  63.8  6.9  0.10  56.5  22.1
281120251529  1.418  4.9  65.4  6.9  0.08  28.0  22.1
281120251530  1.419  4.9  66.1  6.9  0.13  37.7  22.1
281120251531  1.417  5.0  66.9  6.9  0.07  51.8  22.1
281120251532  1.414  5.0  68.0  6.9  0.05  187.7  22.2
281120251533  1.413  5.0  66.5  6.9  0.03  266.0  22.2
281120251534  1.410  4.9  65.3  6.6  0.05  74.4  22.2
281120251535  1.409  4.8  66.1  6.6  0.05  53.3  22.2
281120251536  1.408  4.9  68.2  7.8  0.11  61.7  22.2
281120251537  1.406  4.9  69.6  7.8  0.08  61.8  22.2
281120251538  1.403  4.8  69.8  7.8  0.15  48.5  22.2
281120251539  1.400  4.8  69.5  7.8  0.07  58.2  22.3
281120251540  1.397  4.7  70.1  7.8  0.13  43.2  22.3
281120251541  1.394  4.6  72.0  7.8  0.12  76.7  22.3
281120251542  1.393  4.5  72.1  7.8  0.10  30.8  22.3
281120251543  1.389  4.4  72.6  7.8  0.13  38.8  22.3
281120251544  1.385  4.5  74.2  7.8  0.14  61.8  22.3
281120251545  1.382  4.4  74.9  7.8  0.03  79.0  22.3
281120251546  1.380  4.1  73.6  6.9  0.06  43.7  22.3
281120251547  1.377  3.9  72.3  6.9  0.10  65.1  22.3
281120251548  1.375  3.9  70.1  6.9  0.20  42.5  22.4
281120251549  1.371  3.8  70.9  6.5  0.18  44.9  22.4
281120251550  1.367  3.9  69.1  6.5  0.23  25.1  22.4
281120251551  1.364  3.9  65.8  6.5  0.17  46.7  22.4
281120251552  1.360  4.0  64.8  6.5  0.21  28.4  22.4
281120251553  1.355  4.0  62.5  6.5  0.10  37.6  22.4
281120251554  1.352  4.0  59.2  6.5  0.23  30.2  22.4
281120251555  1.346  4.1  57.5  6.5  0.21  60.9  22.4
281120251556  1.341  4.2  56.0  6.5  0.24  33.9  22.4
281120251557  1.336  4.1  55.7  6.5  0.15  44.7  22.4
281120251558  1.331  4.1  57.6  6.5  0.07  353.6  22.4
281120251559  1.327  4.0  56.0  6.5  0.17  34.8  22.4
281120251600  1.323  4.0  56.2  6.5  0.14  39.7  22.5
281120251601  1.320  4.0  55.8  7.1  0.07  43.7  22.6
281120251602  1.318  4.0  55.9  7.1  0.23  35.5  22.6
281120251603  1.312  3.9  55.5  7.1  0.26  25.1  22.7
281120251604  1.310  3.9  53.7  7.1  0.28  33.7  22.8
281120251605  1.307  3.9  51.5  7.1  0.11  33.1  22.9
281120251606  1.305  3.9  50.5  7.1  0.34  24.0  23.0
281120251607  1.302  4.1  50.0  7.1  0.31  32.8  23.1
281120251608  1.299  4.0  47.8  7.1  0.21  39.9  23.1
281120251609  1.296  4.0  47.3  7.1  0.30  34.9  23.1
281120251610  1.293  4.0  48.1  7.1  0.29  33.6  23.1
281120251611  1.290  4.0  47.4  6.4  0.32  38.7  23.1
281120251612  1.287  3.9  45.8  6.4  0.33  47.1  23.0
281120251613  1.283  3.9  46.3  6.4  0.34  45.9  23.0
281120251614  1.280  4.0  48.2  6.4  0.30  48.7  22.9
281120251615  1.276  4.0  50.9  6.4  0.38  40.7  22.9
281120251616  1.270  4.0  54.1  5.8  0.30  49.4  22.8
281120251617  1.264  4.0  55.5  5.7  0.33  36.3  22.8
281120251618  1.258  4.0  55.4  5.7  0.43  26.9  22.8
281120251619  1.253  4.0  57.2  5.7  0.28  47.1  22.8
281120251620  1.248  3.9  56.0  5.7  0.30  38.6  22.8
281120251621  1.242  4.0  56.8  6.2  0.34  48.9  22.7
281120251622  1.237  4.0  57.6  6.2  0.24  52.1  22.8
281120251623  1.233  3.9  57.6  6.2  0.42  64.2  22.8
281120251624  1.228  3.8  57.0  6.2  0.30  57.1  22.8
281120251625  1.223  3.8  53.9  6.2  0.27  59.1  22.8
281120251626  1.219  3.8  50.6  6.2  0.30  54.5  22.9
281120251627  1.216  3.8  49.0  6.2  0.33  48.8  22.9
281120251628  1.213  3.7  50.0  6.2  0.27  38.8  22.9
281120251629  1.210  3.7  50.3  6.2  0.26  47.0  22.9
281120251630  1.207  3.8  49.8  6.2  0.38  33.8  23.0
281120251631  1.205  3.7  48.4  6.0  0.28  45.8  23.0
281120251632  1.203  3.7  46.8  6.0  0.31  54.2  23.1
281120251633  1.200  3.7  47.6  6.0  0.23  54.3  23.2
281120251634  1.197  3.6  47.2  6.0  0.16  103.5  23.2
281120251635  1.194  3.5  49.2  6.0  0.30  37.7  23.4
281120251636  1.192  3.4  49.1  5.1  0.30  27.2  23.5
281120251637  1.191  3.3  48.0  5.1  0.26  10.0  23.6
281120251638  1.191  3.4  46.4  5.2  0.27  39.0  23.7
281120251639  1.189  3.3  45.8  5.2  0.35  40.0  23.8
281120251640  1.189  3.2  46.0  5.5  0.34  44.6  23.8
281120251641  1.186  3.2  46.7  5.5  0.29  62.9  23.8
281120251642  1.185  3.1  48.5  5.5  0.32  28.4  23.9
281120251643  1.183  3.1  47.9  5.5  0.31  21.6  23.9
281120251644  1.182  3.1  47.5  5.5  0.35  27.9  23.9
281120251645  1.180  3.2  47.5  5.5  0.27  40.7  23.9
281120251646  1.177  3.2  50.5  5.5  0.26  40.0  24.0
281120251647  1.174  3.3  52.9  5.5  0.30  26.7  24.0
281120251648  1.172  3.2  55.0  5.5  0.18  47.7  24.1
281120251649  1.171  3.2  55.3  5.5  0.22  46.8  24.1
281120251650  1.167  3.2  57.0  4.9  0.21  22.4  24.1
281120251651  1.164  3.2  57.8  4.9  0.22  40.1  24.2
281120251652  1.159  3.3  58.6  4.9  0.34  26.4  24.2
281120251653  1.154  3.2  59.0  4.9  0.27  25.4  24.2
281120251654  1.150  3.2  59.9  4.9  0.36  43.7  24.2
281120251655  1.146  3.1  59.9  4.9  0.38  34.9  24.3
281120251656  1.142  3.2  58.5  4.7  0.37  33.9  24.3
281120251657  1.138  3.1  58.8  4.6  0.37  30.1  24.3
281120251658  1.134  3.0  58.2  4.6  0.34  22.8  24.3
281120251659  1.130  2.9  58.7  4.6  0.42  23.8  24.3
281120251700  1.125  2.8  61.1  4.6  0.25  54.0  24.3
281120251701  1.121  2.9  60.9  4.6  0.45  28.8  24.3
281120251702  1.117  2.9  59.1  4.5  0.41  28.0  24.3
281120251703  1.114  2.9  58.6  4.5  0.31  40.6  24.3
281120251704  1.110  2.9  61.2  4.5  0.26  40.5  24.3
281120251705  1.105  2.9  61.0  4.5  0.36  18.7  24.2
281120251706  1.102  2.9  60.9  4.5  0.36  33.4  24.2
281120251707  1.100  3.0  59.0  4.6  0.33  27.1  24.2
281120251708  1.096  3.1  58.4  4.6  0.37  16.3  24.2
281120251709  1.094  3.1  56.2  4.6  0.39  20.6  24.2
281120251710  1.092  3.1  53.5  4.6  0.17  30.1  24.2
281120251711  1.088  3.1  52.6  4.6  0.38  18.3  24.1
281120251712  1.083  2.9  52.0  4.6  0.35  31.9  24.1
281120251713  1.080  2.8  51.5  4.6  0.33  29.8  24.1
281120251714  1.078  2.9  50.5  4.6  0.37  33.2  24.1
281120251715  1.076  2.8  49.6  4.6  0.25  22.9  24.2
281120251716  1.072  2.8  51.3  4.6  0.31  35.3  24.2
281120251717  1.069  2.6  53.0  4.3  0.26  21.0  24.2
281120251718  1.064  2.6  54.8  4.4  0.19  28.6  24.2
281120251719  1.061  2.7  55.5  4.4  0.29  24.3  24.2
281120251720  1.058  2.7  55.6  4.4  0.39  13.4  24.2
281120251721  1.053  2.8  55.7  4.4  0.35  11.9  24.2
281120251722  1.050  2.9  57.2  4.4  0.30  9.3  24.2
281120251723  1.044  3.0  57.2  4.4  0.43  25.1  24.2
281120251724  1.039  3.0  56.4  4.4  0.39  23.7  24.3
281120251725  1.033  3.1  56.6  4.4  0.49  20.6  24.3
281120251726  1.027  3.1  54.9  4.4  0.34  24.7  24.3
281120251727  1.021  3.0  52.7  4.4  0.37  19.4  24.3
281120251728  1.014  2.9  49.5  4.3  0.33  25.2  24.3
281120251729  1.009  2.8  46.9  4.3  0.34  23.1  24.4
281120251730  1.003  2.7  45.9  4.3  0.36  26.5  24.4
281120251731  0.996  2.6  45.2  4.0  0.39  27.2  24.4
281120251732  0.989  2.6  44.4  4.0  0.45  21.9  24.5
281120251733  0.983  2.6  43.9  3.6  0.57  20.0  24.5
281120251734  0.976  2.5  44.9  3.5  0.37  30.5  24.5
281120251735  0.969  2.4  45.5  3.5  0.45  19.6  24.6
281120251736  0.964  2.5  46.0  3.8  0.39  27.2  24.6
281120251737  0.958  2.5  48.1  3.8  0.32  33.2  24.6
281120251738  0.953  2.6  49.3  3.8  0.44  23.1  24.7
281120251739  0.946  2.6  51.3  3.8  0.51  19.7  24.7
281120251740  0.941  2.4  51.7  3.8  0.31  64.2  24.7
281120251741  0.935  2.4  50.6  3.8  0.39  38.3  24.8
281120251742  0.930  2.2  49.2  3.8  0.37  52.2  24.8
281120251743  0.924  2.1  47.8  3.8  0.40  45.7  24.8
281120251744  0.918  2.1  44.2  3.8  0.52  32.7  24.8
281120251745  0.912  2.1  43.7  3.8  0.46  34.7  24.8
281120251746  0.907  1.8  42.2  3.4  0.43  31.4  24.8
281120251747  0.903  1.9  37.1  3.4  0.35  33.5  24.9
281120251748  0.899  1.9  36.4  3.4  0.47  26.9  24.9
281120251749  0.894  1.9  33.8  3.4  0.40  34.6  24.9
281120251750  0.891  1.9  30.5  3.4  0.54  17.3  24.9
281120251751  0.888  1.9  31.1  3.4  0.47  24.7  24.9
281120251752  0.884  2.0  30.4  3.4  0.41  17.3  24.9
281120251753  0.880  2.1  29.3  3.4  0.47  25.4  24.9
281120251754  0.878  1.9  27.3  3.1  0.46  15.3  24.9
281120251755  0.876  1.9  22.5  3.1  0.39  14.0  24.9
281120251756  0.874  2.1  22.4  3.1  0.44  16.4  24.9
281120251757  0.871  2.0  22.3  2.7  0.37  14.3  24.9
281120251758  0.869  1.9  22.8  2.7  0.42  21.5  24.9
281120251759  0.867  1.9  23.2  2.7  0.45  17.7  25.0
281120251800  0.866  2.0  25.2  2.7  0.56  14.8  25.0
281120251801  0.865  1.9  26.2  2.7  0.34  20.4  25.0
281120251802  0.864  1.9  27.3  2.7  0.43  21.8  25.0
281120251803  0.863  1.9  30.4  2.7  0.43  20.0  25.0
281120251804  0.860  1.9  33.2  2.7  0.39  23.9  25.0
281120251805  0.858  2.0  34.5  2.7  0.32  22.3  25.0
281120251806  0.857  2.0  36.5  2.7  0.43  15.5  25.1
281120251807  0.853  2.0  40.2  2.7  0.35  20.6  25.1
281120251808  0.851  2.0  40.7  2.7  0.43  24.0  25.1
281120251809  0.848  1.9  45.9  2.7  0.42  19.8  25.1
281120251810  0.846  1.9  50.3  2.8  0.36  27.0  25.1
281120251811  0.844  2.0  52.1  3.1  0.37  20.5  25.1
281120251812  0.842  2.0  53.7  3.1  0.39  20.1  25.1
281120251813  0.839  2.0  53.2  3.1  0.43  8.7  25.1
281120251814  0.835  1.9  53.7  3.1  0.23  31.6  25.1
281120251815  0.832  1.9  57.1  3.1  0.25  77.3  25.1
281120251816  0.828  1.9  58.1  3.1  0.43  23.7  25.2
281120251817  0.824  1.8  58.2  3.1  0.41  16.7  25.2
281120251818  0.821  1.8  57.1  3.1  0.37  17.0  25.2
281120251819  0.819  1.7  51.5  3.1  0.47  24.2  25.2
281120251820  0.817  1.7  45.8  3.1  0.30  64.2  25.2
281120251821  0.812  1.6  43.6  3.0  0.33  30.9  25.2
281120251822  0.810  1.5  40.5  3.0  0.41  10.5  25.2
281120251823  0.806  1.5  38.6  3.0  0.40  21.0  25.2
281120251824  0.803  1.5  36.0  3.0  0.37  26.3  25.2
281120251825  0.801  1.4  36.0  2.4  0.39  22.6  25.3
281120251826  0.797  1.3  33.2  2.4  0.40  21.8  25.3
281120251827  0.794  1.3  32.3  2.4  0.31  18.3  25.3
281120251828  0.792  1.3  30.7  2.4  0.43  18.1  25.3
281120251829  0.789  1.2  31.1  2.4  0.27  29.2  25.3
281120251830  0.787  1.2  29.4  2.4  0.35  22.7  25.4
281120251831  0.784  1.2  26.1  2.4  0.32  24.5  25.4
281120251832  0.781  1.2  25.8  2.4  0.40  16.9  25.4
281120251833  0.778  1.2  26.3  2.4  0.35  41.7  25.4
281120251834  0.776  1.2  24.6  2.4  0.36  16.4  25.4
281120251835  0.773  1.2  16.6  2.1  0.37  16.9  25.4
281120251836  0.769  1.3  15.4  2.3  0.36  18.5  25.4
281120251837  0.765  1.4  13.4  2.3  0.39  17.7  25.5
281120251838  0.761  1.4  13.5  2.3  0.42  27.1  25.5
281120251839  0.758  1.4  13.0  2.3  0.44  17.4  25.5
281120251840  0.755  1.4  12.9  2.3  0.49  21.1  25.5
281120251841  0.751  1.3  13.1  2.3  0.46  12.0  25.5
281120251842  0.747  1.3  12.8  2.3  0.36  23.3  25.5
281120251843  0.743  1.3  12.4  2.3  0.42  19.1  25.6
281120251844  0.739  1.3  15.9  2.3  0.39  34.3  25.6
281120251845  0.733  1.2  23.2  2.3  0.33  41.3  25.6
281120251846  0.728  1.1  27.9  2.0  0.45  37.2  25.6
281120251847  0.722  1.1  33.0  1.8  0.43  24.0  25.6
281120251848  0.717  1.2  35.4  1.8  0.47  16.7  25.6
281120251849  0.711  1.2  40.1  2.3  0.47  25.4  25.7
281120251850  0.706  1.3  43.8  2.3  0.49  18.2  25.7
281120251851  0.701  1.3  45.3  2.3  0.37  33.8  25.7
281120251852  0.697  1.2  48.6  2.3  0.43  35.0  25.7
281120251853  0.692  1.2  52.4  2.3  0.30  29.0  25.7
281120251854  0.686  1.3  54.5  2.3  0.42  23.8  25.7
281120251855  0.680  1.3  56.1  2.3  0.46  26.2  25.7
281120251856  0.675  1.3  58.1  2.3  0.48  26.2  25.7
281120251857  0.669  1.3  58.6  2.3  0.48  31.8  25.7
281120251858  0.664  1.4  61.9  2.3  0.48  27.6  25.7
281120251859  0.660  1.4  64.3  2.3  0.37  39.5  25.8
281120251900  0.656  1.4  64.7  2.3  0.42  37.9  25.8
281120251901  0.652  1.5  65.4  2.3  0.45  23.9  25.8
281120251902  0.649  1.6  67.6  2.4  0.49  27.2  25.8
281120251903  0.644  1.7  73.0  2.4  0.28  40.0  25.8
281120251904  0.642  1.7  78.2  3.1  0.50  33.0  25.8
281120251905  0.639  1.7  81.0  3.1  0.50  27.3  25.9
281120251906  0.636  1.8  80.3  3.1  0.59  21.9  25.9
281120251907  0.633  1.8  82.1  3.1  0.45  23.5  25.9
281120251908  0.630  1.8  79.8  3.1  0.37  27.7  25.9
281120251909  0.629  1.9  80.1  3.3  0.41  30.1  25.9
281120251910  0.626  1.9  81.3  3.3  0.47  33.8  25.9
281120251911  0.626  1.9  80.3  3.3  0.41  23.1  25.9
281120251912  0.624  1.9  77.8  3.3  0.40  43.6  25.9
281120251913  0.621  1.8  76.4  3.3  0.34  42.3  25.9
281120251914  0.621  1.8  69.3  3.3  0.43  18.4  25.9
281120251915  0.619  1.9  66.6  3.3  0.33  42.2  25.9
281120251916  0.618  1.9  64.8  3.3  0.33  25.9  25.9
281120251917  0.616  1.9  61.8  3.3  0.45  23.4  26.0
281120251918  0.615  2.0  63.3  3.3  0.40  28.1  26.0
281120251919  0.611  1.9  60.2  3.0  0.47  26.5  26.0
281120251920  0.610  1.9  58.1  2.7  0.33  33.0  26.0
281120251921  0.607  1.8  58.6  2.7  0.34  32.6  26.0
281120251922  0.605  1.8  59.4  2.7  0.38  25.2  26.0
281120251923  0.605  1.8  53.9  2.7  0.32  30.3  26.0
281120251924  0.603  1.7  53.6  2.7  0.51  26.3  26.0
281120251925  0.601  1.6  49.6  2.7  0.28  31.4  26.0
281120251926  0.601  1.5  46.7  2.2  0.36  24.2  26.0
281120251927  0.599  1.4  43.1  2.2  0.38  17.4  26.0
281120251928  0.596  1.4  39.2  2.2  0.30  48.1  26.0
281120251929  0.596  1.3  34.9  2.2  0.42  22.5  26.1
281120251930  0.594  1.3  29.6  2.0  0.41  21.5  26.1
281120251931  0.592  1.3  25.1  2.0  0.37  7.6  26.1
281120251932  0.591  1.2  19.6  2.0  0.29  21.4  26.1
281120251933  0.589  1.2  16.5  2.0  0.34  27.5  26.1
281120251934  0.587  1.1  14.0  2.0  0.40  23.6  26.1
281120251935  0.586  1.1  11.1  2.0  0.25  44.3  26.1
281120251936  0.583  1.0  7.8  2.0  0.26  36.6  26.1
281120251937  0.580  0.9  9.3  2.0  0.36  24.6  26.1
281120251938  0.578  0.8  4.7  1.7  0.33  28.1  26.1
281120251939  0.576  0.8  2.5  1.7  0.44  28.4  26.1
281120251940  0.575  0.8  1.1  1.3  0.28  26.9  26.1
281120251941  0.574  0.8  8.4  2.1  0.45  26.1  26.1
281120251942  0.572  0.9  21.9  3.5  0.44  19.7  26.1
281120251943  0.570  1.0  32.3  3.5  0.38  25.5  26.1
281120251944  0.569  1.1  39.2  3.5  0.42  14.5  26.2
281120251945  0.567  1.3  43.8  3.5  0.42  18.6  26.2
281120251946  0.566  1.4  46.7  3.5  0.32  26.5  26.2
281120251947  0.564  1.4  48.6  3.5  0.36  13.1  26.2
281120251948  0.564  1.5  49.0  3.5  0.28  31.9  26.2
281120251949  0.562  1.6  51.6  3.5  0.36  37.1  26.2
281120251950  0.561  1.6  53.2  3.5  0.38  18.0  26.2
281120251951  0.560  1.4  52.2  3.5  0.28  35.1  26.2
281120251952  0.558  1.3  49.2  2.4  0.42  26.4  26.2
281120251953  0.558  1.2  45.0  2.2  0.37  24.2  26.2
281120251954  0.557  1.1  41.2  2.2  0.46  16.6  26.2
281120251955  0.555  1.0  38.1  2.0  0.33  28.8  26.2
281120251956  0.553  0.9  37.7  1.9  0.46  29.1  26.2
281120251957  0.552  0.8  31.3  1.9  0.37  17.8  26.3
281120251958  0.550  0.8  29.7  1.9  0.34  30.9  26.3
281120251959  0.549  0.7  20.2  1.9  0.25  29.4  26.3
281120252000  0.548  0.7  18.3  1.9  0.23  62.5  26.3
281120252001  0.546  0.7  23.8  1.9  0.45  21.6  26.3
281120252002  0.545  0.7  30.6  1.9  0.41  22.1  26.3
281120252003  0.543  0.7  43.9  2.4  0.43  18.8  26.3
281120252004  0.541  0.8  55.9  2.6  0.45  25.1  26.3
281120252005  0.539  0.9  59.3  2.6  0.38  28.4  26.3
281120252006  0.538  1.1  58.4  3.2  0.38  25.2  26.3
281120252007  0.536  1.4  61.3  3.2  0.35  22.1  26.3
281120252008  0.534  1.6  63.3  3.2  0.42  32.0  26.3
281120252009  0.532  1.8  65.0  3.2  0.35  26.6  26.3
281120252010  0.528  1.9  62.8  3.2  0.37  21.5  26.4
281120252011  0.525  2.1  59.4  3.2  0.29  29.8  26.3
281120252012  0.521  2.1  56.5  3.2  0.30  32.0  26.3
281120252013  0.520  2.2  51.6  3.2  0.33  26.2  26.4
281120252014  0.516  2.2  47.1  3.2  0.38  27.8  26.4
281120252015  0.513  2.2  44.6  3.2  0.48  16.1  26.4
281120252016  0.512  2.1  41.8  3.0  0.38  27.0  26.4
281120252017  0.509  2.0  39.0  3.0  0.42  18.3  26.4
281120252018  0.508  1.9  37.5  3.0  0.34  24.0  26.4
281120252019  0.506  2.0  36.9  3.0  0.37  19.1  26.4
281120252020  0.505  1.9  38.6  3.0  0.36  22.2  26.4
281120252021  0.502  1.8  41.3  2.7  0.47  15.9  26.4
281120252022  0.501  1.8  44.3  2.7  0.36  22.0  26.4
281120252023  0.499  1.8  48.5  2.6  0.35  21.2  26.5
281120252024  0.498  1.8  50.5  2.6  0.33  26.5  26.5
281120252025  0.497  1.9  51.8  2.6  0.35  17.3  26.5
281120252026  0.496  1.9  52.7  2.6  0.34  15.0  26.5
281120252027  0.495  1.9  53.6  2.6  0.32  21.6  26.5
281120252028  0.493  1.8  53.2  2.6  0.41  20.5  26.5
281120252029  0.492  1.8  53.4  2.6  0.41  14.9  26.5
281120252030  0.490  1.6  52.3  2.6  0.43  14.5  26.5
281120252031  0.489  1.6  51.1  2.6  0.46  21.7  26.5
281120252032  0.488  1.4  49.5  2.6  0.33  16.7  26.6
281120252033  0.487  1.2  46.3  2.4  0.35  24.3  26.6
281120252034  0.487  1.1  45.3  2.2  0.39  22.2  26.6
281120252035  0.486  1.0  45.9  2.2  0.35  11.6  26.6
281120252036  0.486  0.9  46.5  1.8  0.33  31.5  26.6
281120252037  0.486  0.9  47.7  1.8  0.30  24.8  26.6
281120252038  0.486  0.9  50.2  1.6  0.35  17.6  26.6
281120252039  0.486  1.0  51.7  1.6  0.34  14.5  26.6
281120252040  0.487  1.0  54.2  1.6  0.37  18.9  26.6
281120252041  0.486  1.0  54.2  1.6  0.14  22.5  26.6
281120252042  0.486  1.1  54.9  1.6  0.37  16.9  26.6
281120252043  0.485  1.1  54.9  1.6  0.33  18.5  26.6
281120252044  0.484  1.2  53.7  1.6  0.31  23.4  26.6
281120252045  0.481  1.2  52.0  1.6  0.47  21.8  26.6
281120252046  0.478  1.2  52.4  1.6  0.40  16.5  26.6
281120252047  0.477  1.1  50.1  1.6  0.31  17.6  26.6
281120252048  0.474  1.1  46.2  1.6  0.27  18.7  26.7
281120252049  0.471  1.1  41.9  1.7  0.32  28.5  26.7
281120252050  0.471  1.1  37.1  1.7  0.25  33.4  26.7
281120252051  0.469  1.2  32.4  2.0  0.23  29.3  26.7
281120252052  0.468  1.2  27.2  2.0  0.25  29.0  26.7
281120252053  0.467  1.3  25.0  2.0  0.27  34.3  26.7
281120252054  0.467  1.3  22.6  2.1  0.43  24.5  26.7
281120252055  0.465  1.4  21.5  2.1  0.22  22.3  26.7
281120252056  0.463  1.5  21.5  2.6  0.34  15.3  26.7
281120252057  0.462  1.5  20.4  2.6  0.27  28.3  26.7
281120252058  0.461  1.6  17.2  2.7  0.32  16.3  26.7
281120252059  0.461  1.7  12.2  2.7  0.32  18.1  26.7
281120252100  0.461  1.6  9.2  2.7  0.25  20.4  26.7
281120252101  0.462  1.6  3.9  2.7  0.23  29.0  26.7
281120252102  0.462  1.5  0.2  2.7  0.40  15.8  26.7
281120252103  0.462  1.6  357.0  2.7  0.29  13.1  26.7
281120252104  0.462  1.6  355.0  2.7  0.34  18.5  26.7
281120252105  0.462  1.5  353.9  2.7  0.30  27.5  26.8
281120252106  0.463  1.4  349.8  2.7  0.33  18.4  26.8
281120252107  0.466  1.4  344.1  2.7  0.30  33.7  26.8
281120252108  0.467  1.3  337.7  2.4  0.19  34.0  26.8
281120252109  0.468  1.2  337.0  2.2  0.26  16.4  26.8
281120252110  0.469  1.1  344.9  2.2  0.32  16.7  26.8
281120252111  0.471  1.0  352.7  2.1  0.22  24.5  26.8
281120252112  0.473  1.0  349.7  2.4  0.29  9.2  26.8
281120252113  0.476  1.0  340.5  2.6  0.27  2.9  26.9
281120252114  0.478  1.0  331.8  2.6  0.29  17.0  26.9
281120252115  0.481  1.2  324.9  2.6  0.24  8.6  26.9
281120252116  0.483  1.3  317.9  2.6  0.25  359.7  26.9
281120252117  0.485  1.3  315.9  2.6  0.17  340.4  26.9
281120252118  0.488  1.4  314.5  2.6  0.13  11.7  26.9
281120252119  0.488  1.4  310.3  2.6  0.27  13.8  26.9
281120252120  0.490  1.6  302.2  2.6  0.20  21.5  26.9
281120252121  0.490  1.7  299.1  2.6  0.27  18.0  26.9
281120252122  0.492  1.6  296.3  2.6  0.20  355.8  26.9
281120252123  0.493  1.5  295.7  2.3  0.08  10.0  26.9
281120252124  0.495  1.5  294.5  2.2  0.24  14.2  27.0
281120252125  0.495  1.4  294.3  2.1  0.09  352.7  27.0
281120252126  0.497  1.3  294.4  2.0  0.16  353.6  27.0
281120252127  0.499  1.2  295.1  1.9  0.20  10.6  27.0
281120252128  0.501  1.2  296.0  1.9  0.21  9.5  26.9
281120252129  0.503  1.1  298.1  1.9  0.14  6.9  26.9
281120252130  0.506  1.1  302.0  1.9  0.24  4.8  26.9
281120252131  0.507  1.1  304.2  1.9  0.22  358.5  26.9
281120252132  0.510  1.1  307.8  1.9  0.21  357.0  27.0
281120252133  0.512  1.1  310.8  1.9  0.15  345.4  27.0
281120252134  0.514  1.0  314.5  1.5  0.15  354.5  27.0
281120252135  0.518  1.1  315.5  1.9  0.13  350.5  27.0
281120252136  0.521  1.2  319.5  2.3  0.10  343.4  27.0
281120252137  0.524  1.3  323.5  2.3  0.19  356.5  27.0
281120252138  0.527  1.4  326.6  2.3  0.29  3.8  27.0
281120252139  0.529  1.5  331.1  2.3  0.05  342.4  27.0
281120252140  0.531  1.5  333.1  2.3  0.07  317.9  27.0
281120252141  0.535  1.5  333.5  2.3  0.17  10.0  27.0
281120252142  0.539  1.5  334.1  2.3  0.12  351.0  27.0
281120252143  0.542  1.5  333.3  2.3  0.20  10.0  27.0
281120252144  0.544  1.6  330.7  2.3  nan  nan  nan
281120252145  0.546  1.6  327.9  2.3  0.04  4.3  27.0
281120252146  0.549  1.6  324.9  2.6  0.04  312.9  27.0
281120252147  0.550  1.7  322.7  2.7  0.11  330.9  27.0
281120252148  0.553  1.7  321.6  2.8  0.07  43.2  27.0
281120252149  0.555  1.8  320.0  2.8  0.12  334.5  27.0
281120252150  0.557  2.0  320.0  2.8  0.10  315.9  27.0
281120252151  0.559  2.1  320.7  3.4  0.08  255.9  27.0
281120252152  0.561  2.3  320.4  3.4  0.07  302.8  26.9
281120252153  0.561  2.4  321.2  3.4  0.14  306.9  26.9
281120252154  0.562  2.5  323.3  3.4  0.07  292.2  26.9
281120252155  0.562  2.6  325.9  3.4  0.22  346.5  26.9
281120252156  0.563  2.6  328.5  3.4  0.12  296.3  26.9
281120252157  0.563  2.6  330.0  3.4  0.13  241.1  26.9
281120252158  0.564  2.6  331.8  3.4  0.17  247.4  26.9
281120252159  0.563  2.6  333.1  3.4  0.16  254.7  26.9
281120252200  0.563  2.7  334.5  3.4  0.11  307.0  26.9
281120252201  0.563  2.6  336.1  3.2  0.04  259.8  26.9
281120252202  0.561  2.7  337.9  3.2  0.05  275.4  26.9
281120252203  0.559  2.7  339.4  3.2  0.12  345.1  26.9
281120252204  0.557  2.6  340.8  3.2  0.11  316.3  26.9
281120252205  0.554  2.5  341.8  3.2  0.08  312.6  26.9
281120252206  0.554  2.5  344.2  3.2  0.12  339.8  26.9
281120252207  0.555  2.6  346.9  3.2  0.04  268.1  26.9
281120252208  0.555  2.6  348.3  3.2  0.08  248.8  26.9
281120252209  0.555  2.5  349.7  3.1  0.15  241.3  26.9
281120252210  0.555  2.5  350.1  3.1  0.06  305.7  26.9
281120252211  0.555  2.4  350.7  3.1  0.10  347.4  26.9
281120252212  0.554  2.3  351.3  3.1  0.07  320.4  26.9
281120252213  0.555  2.2  351.7  3.1  0.07  340.6  26.9
281120252214  0.555  2.1  349.7  3.1  0.14  346.4  27.0
281120252215  0.555  2.1  346.3  3.1  0.22  3.9  27.0
281120252216  0.555  1.9  341.1  3.1  0.06  345.2  27.0
281120252217  0.555  1.8  335.0  3.0  nan  nan  nan
281120252218  0.555  1.6  330.2  3.0  0.11  14.1  27.0
281120252219  0.555  1.4  320.8  3.0  0.09  53.3  27.0
281120252220  0.555  1.3  313.1  2.7  nan  nan  nan
281120252221  0.555  1.4  304.6  2.7  0.07  351.6  27.0
281120252222  0.556  1.5  296.1  2.7  0.07  74.1  27.0
281120252223  0.557  1.5  291.3  2.7  0.08  358.4  27.0
281120252224  0.558  1.6  287.1  2.7  0.11  209.7  27.0
281120252225  0.558  1.6  283.4  2.7  0.05  65.2  27.0
281120252226  0.560  1.6  280.4  2.7  0.08  7.3  27.0
281120252227  0.561  1.6  278.5  2.7  0.07  221.8  27.0
281120252228  0.564  1.7  277.6  2.7  nan  nan  nan
281120252229  0.568  1.7  279.6  2.7  0.07  329.2  27.0
281120252230  0.571  1.7  281.7  2.7  0.02  345.6  27.0
281120252231  0.572  1.6  285.1  2.7  0.06  165.9  27.0
281120252232  0.575  1.4  289.4  2.3  0.02  200.3  27.0
281120252233  0.576  1.4  294.4  2.3  0.12  213.3  27.0
281120252234  0.578  1.3  301.3  2.2  0.16  284.8  27.0
281120252235  0.580  1.2  311.5  2.0  0.19  250.8  27.0
281120252236  0.582  1.1  320.6  2.0  0.15  243.1  27.0
281120252237  0.584  1.2  329.7  2.2  0.12  224.5  27.0
281120252238  0.586  1.3  337.6  2.2  0.10  222.1  27.0
281120252239  0.588  1.3  342.6  2.2  0.20  239.3  27.0
281120252240  0.591  1.3  342.1  2.2  0.19  237.5  27.0
281120252241  0.594  1.2  339.4  2.2  0.16  210.6  27.0
281120252242  0.598  1.2  336.9  2.2  0.19  217.9  27.0
281120252243  0.602  1.2  336.4  2.2  0.24  216.1  27.0
281120252244  0.606  1.3  334.2  2.2  0.36  213.5  27.0
281120252245  0.611  1.3  330.8  2.2  0.23  209.1  27.0
281120252246  0.612  1.4  327.6  2.2  0.13  222.5  26.9
281120252247  0.615  1.4  321.9  2.2  0.17  215.7  26.9
281120252248  0.618  1.5  318.3  2.2  0.18  214.0  26.9
281120252249  0.621  1.5  318.8  2.2  0.16  247.6  26.8
281120252250  0.625  1.5  321.3  2.7  0.10  238.3  26.8
281120252251  0.628  1.5  320.7  2.7  0.19  216.1  26.8
281120252252  0.632  1.4  319.6  2.7  0.11  215.3  26.8
281120252253  0.635  1.3  323.9  2.7  0.20  205.6  26.7
281120252254  0.639  1.3  329.9  2.9  0.19  199.5  26.7
281120252255  0.641  1.3  332.9  2.9  0.08  224.4  26.6
281120252256  0.646  1.3  334.7  2.9  0.09  175.1  26.6
281120252257  0.648  1.4  336.9  2.9  0.08  224.9  26.6
281120252258  0.650  1.4  337.4  2.9  0.25  195.0  26.6
281120252259  0.653  1.5  335.3  2.9  0.17  179.2  26.6
281120252300  0.656  1.4  333.5  2.9  0.13  209.0  26.5
281120252301  0.658  1.5  335.4  2.9  0.13  176.0  26.5
281120252302  0.662  1.6  336.3  2.9  0.13  188.2  26.5
281120252303  0.664  1.7  331.3  2.9  0.11  189.0  26.5
281120252304  0.665  1.7  326.9  2.8  0.16  184.5  26.5
281120252305  0.667  1.7  323.8  2.8  0.07  186.8  26.4
281120252306  0.671  1.8  323.5  2.8  0.11  191.0  26.4
281120252307  0.675  1.7  323.8  2.8  0.09  159.0  26.4
281120252308  0.680  1.7  324.3  2.5  0.27  207.3  26.4
281120252309  0.685  1.7  325.3  2.6  0.13  195.9  26.4
281120252310  0.688  1.8  326.8  2.6  0.22  190.5  26.4
281120252311  0.691  1.9  327.0  2.6  0.18  185.6  26.4
281120252312  0.694  1.9  326.0  2.6  0.17  191.3  26.4
281120252313  0.697  1.9  326.0  2.6  0.23  178.3  26.4
281120252314  0.701  1.9  324.8  2.6  0.19  204.6  26.4
281120252315  0.706  1.9  323.5  2.6  0.07  220.4  26.4
281120252316  0.709  1.9  320.7  2.6  0.08  214.7  26.3
281120252317  0.711  1.9  318.3  2.6  0.17  214.2  26.3
281120252318  0.716  1.9  317.4  2.6  0.08  206.7  26.3
281120252319  0.717  1.8  315.4  2.6  0.06  184.3  26.3
281120252320  0.721  1.7  312.0  2.6  0.19  191.2  26.3
281120252321  0.724  1.6  310.7  2.6  0.19  204.5  26.3
281120252322  0.726  1.6  310.0  2.6  0.20  200.5  26.3
281120252323  0.728  1.5  305.8  2.6  0.15  170.6  26.3
281120252324  0.730  1.4  304.4  2.6  0.22  183.4  26.3
281120252325  0.732  1.4  303.0  2.6  0.22  176.9  26.2
281120252326  0.735  1.3  302.6  2.6  0.25  181.1  26.2
281120252327  0.738  1.2  304.4  2.6  0.20  183.2  26.2
281120252328  0.740  1.1  300.0  2.3  0.20  190.0  26.2
281120252329  0.742  1.1  303.1  2.5  0.18  203.4  26.2
281120252330  0.744  1.2  311.7  2.5  0.17  195.2  26.1
281120252331  0.744  1.2  316.4  2.8  0.21  193.2  26.1
281120252332  0.746  1.3  316.1  2.9  0.23  197.7  26.1
281120252333  0.749  1.4  316.3  2.9  0.14  207.4  26.0
281120252334  0.751  1.4  315.6  2.9  0.09  185.0  26.0
281120252335  0.752  1.4  316.7  2.9  0.20  187.7  26.0
281120252336  0.755  1.6  316.9  2.9  0.19  209.6  26.0
281120252337  0.756  1.7  317.5  2.9  0.17  192.6  26.0
281120252338  0.757  1.8  321.4  3.0  0.21  199.8  25.9
281120252339  0.760  1.8  324.5  3.0  0.10  214.5  25.9
281120252340  0.764  1.7  325.0  3.0  0.19  210.1  25.9
281120252341  0.769  1.7  323.9  3.0  0.10  227.6  25.8
281120252342  0.772  1.8  326.2  3.8  0.07  241.3  25.8
281120252343  0.776  1.8  328.9  3.8  0.25  209.0  25.8
281120252344  0.778  1.9  333.3  3.8  0.19  214.8  25.9
281120252345  0.781  1.9  333.9  3.8  0.23  197.2  25.9
281120252346  0.785  2.0  334.4  3.8  0.20  194.5  25.9
281120252347  0.789  2.1  333.4  3.8  0.17  200.4  25.9
281120252348  0.792  2.1  332.7  3.8  0.26  211.0  25.9
281120252349  0.794  2.1  330.5  3.8  0.23  198.7  25.8
281120252350  0.798  2.1  328.9  3.8  0.27  200.4  25.8
281120252351  0.801  2.1  328.5  3.8  0.25  187.3  25.8
281120252352  0.804  2.0  327.4  3.2  0.11  194.9  25.8
281120252353  0.806  2.0  325.8  3.2  0.25  200.1  25.8
281120252354  0.810  2.0  322.2  3.2  0.29  196.3  25.8
281120252355  0.813  2.0  322.3  3.2  0.18  200.1  25.8
281120252356  0.815  1.9  321.0  3.2  0.26  189.1  25.7
281120252357  0.816  1.8  317.7  3.0  0.28  196.5  25.7
281120252358  0.817  1.7  313.5  3.0  0.32  188.2  25.7
281120252359  0.817  1.7  310.9  2.5  0.27  198.4  25.7
291120250000  0.819  1.7  311.9  2.5  0.28  206.1  25.6
291120250001  0.821  1.7  312.2  2.3  0.24  180.1  25.6
291120250002  0.822  1.7  312.8  2.3  0.21  196.3  25.6
291120250003  0.824  1.7  314.4  2.4  0.32  175.0  25.6
291120250004  0.825  1.8  315.8  2.7  0.23  206.6  25.5
291120250005  0.828  1.8  316.5  3.1  0.27  207.1  25.5
291120250006  0.830  1.9  317.8  3.2  0.32  190.0  25.5
291120250007  0.832  2.0  319.7  3.2  0.33  190.0  25.5
291120250008  0.835  2.2  321.6  3.2  0.18  194.9  25.4
291120250009  0.838  2.3  321.6  3.2  0.29  192.7  25.4
291120250010  0.841  2.3  318.8  3.2  0.23  185.2  25.4
291120250011  0.846  2.3  317.6  3.2  0.37  183.7  25.4
291120250012  0.849  2.2  317.8  3.2  0.39  186.6  25.4
291120250013  0.853  2.2  317.2  3.2  0.30  187.4  25.4
291120250014  0.857  2.0  316.2  3.2  0.46  181.5  25.4
291120250015  0.861  1.9  314.1  3.2  0.37  178.0  25.4
291120250016  0.865  1.8  312.4  3.1  0.47  184.8  25.5
291120250017  0.868  1.6  310.4  3.1  0.42  178.0  25.5
291120250018  0.871  1.4  305.5  2.8  0.42  180.1  25.5
291120250019  0.875  1.3  299.4  2.5  0.39  185.1  25.5
291120250020  0.878  1.3  297.1  2.4  0.41  176.4  25.5
291120250021  0.882  1.4  293.9  2.7  0.47  176.2  25.5
291120250022  0.885  1.5  290.1  2.7  0.22  173.8  25.5
291120250023  0.888  1.6  286.4  2.7  0.42  170.4  25.5
291120250024  0.892  1.6  283.3  2.7  0.45  183.5  25.5
291120250025  0.895  1.6  280.0  2.7  0.38  178.2  25.5
291120250026  0.898  1.5  277.6  2.7  0.40  171.1  25.5
291120250027  0.901  1.5  277.7  2.7  0.30  170.0  25.5
291120250028  0.905  1.4  279.7  2.7  0.41  176.1  25.5
291120250029  0.908  1.3  280.8  2.7  0.50  178.0  25.5
291120250030  0.911  1.1  279.0  2.7  0.45  181.8  25.5
291120250031  0.914  0.8  272.4  2.7  0.29  172.6  25.5
291120250032  0.917  0.7  263.3  2.0  0.52  184.7  25.5
291120250033  0.919  0.6  255.2  1.7  0.37  173.0  25.5
291120250034  0.922  0.6  255.6  1.8  0.41  163.3  25.5
291120250035  0.925  0.6  256.9  2.1  0.46  177.7  25.5
291120250036  0.928  0.7  256.6  2.1  0.40  181.4  25.5
291120250037  0.930  0.8  262.5  2.1  0.40  175.3  25.5
291120250038  0.933  1.0  264.1  3.1  0.48  178.3  25.5
291120250039  0.936  1.1  266.3  3.1  0.40  177.3  25.5
291120250040  0.939  1.2  267.5  3.1  0.46  170.1  25.5
291120250041  0.942  1.3  267.4  3.1  0.44  177.9  25.5
291120250042  0.946  1.4  265.4  3.1  0.49  176.7  25.4
291120250043  0.949  1.4  265.3  3.1  0.47  172.8  25.4
291120250044  0.953  1.2  259.7  3.1  0.32  171.9  25.4
291120250045  0.957  1.1  250.8  3.1  0.42  181.4  25.4
291120250046  0.961  1.0  244.9  3.1  0.38  165.8  25.4
291120250047  0.965  1.2  231.7  3.2  0.46  174.7  25.4
291120250048  0.970  1.2  220.3  3.2  0.30  179.7  25.4
291120250049  0.973  1.4  210.4  3.2  0.34  169.7  25.5
291120250050  0.977  1.7  206.7  4.0  0.39  170.7  25.5
291120250051  0.980  2.0  205.2  4.2  0.46  170.1  25.5
291120250052  0.986  2.2  205.6  4.2  0.46  173.7  25.5
291120250053  0.989  2.4  207.5  4.2  0.40  163.9  25.4
291120250054  0.994  2.7  209.2  4.2  0.35  180.3  25.4
291120250055  0.997  2.9  210.6  4.4  0.32  164.4  25.4
291120250056  1.001  3.1  210.0  4.4  0.55  179.7  25.4
291120250057  1.004  3.1  210.9  4.4  0.45  175.2  25.3
291120250058  1.008  3.1  210.9  4.4  0.41  177.0  25.2
291120250059  1.011  3.3  213.1  4.4  0.26  191.3  25.2
291120250100  1.014  3.4  213.6  4.4  0.35  192.5  25.2
291120250101  1.018  3.3  213.6  4.4  0.66  187.6  25.2
291120250102  1.022  3.3  213.6  4.4  0.43  187.9  25.2
291120250103  1.027  3.3  213.1  4.4  0.50  198.9  25.2
291120250104  1.030  3.4  213.4  4.4  0.27  201.9  25.2
291120250105  1.032  3.4  214.7  4.1  0.38  204.6  25.2
291120250106  1.037  3.4  216.3  4.1  0.45  200.2  25.2
291120250107  1.039  3.6  216.2  4.8  0.50  187.3  25.3
291120250108  1.041  3.8  217.5  5.4  0.43  195.7  25.3
291120250109  1.044  3.9  217.7  5.8  0.40  197.9  25.3
291120250110  1.046  4.1  219.8  5.8  0.34  192.0  25.3
291120250111  1.046  4.3  220.4  5.8  0.31  200.6  25.3
291120250112  1.049  4.5  220.6  6.4  0.46  195.0  25.3
291120250113  1.050  4.6  221.7  6.4  0.44  187.7  25.3
291120250114  1.051  4.6  222.7  6.4  0.48  196.8  25.2
291120250115  1.052  4.8  223.4  6.4  0.48  196.2  25.2
291120250116  1.053  4.9  224.5  6.4  0.36  192.1  25.2
291120250117  1.053  4.9  225.1  6.4  0.35  204.5  25.3
291120250118  1.053  4.8  225.4  6.4  0.29  204.5  25.3
291120250119  1.053  4.7  226.9  6.4  0.38  194.9  25.3
291120250120  1.053  4.6  226.9  6.4  0.34  190.0  25.3
291120250121  1.055  4.5  227.1  6.4  0.28  202.3  25.3
291120250122  1.055  4.2  227.9  5.9  0.42  191.3  25.3
291120250123  1.057  4.1  227.4  5.9  0.25  196.3  25.3
291120250124  1.058  4.0  226.4  5.9  0.37  191.8  25.3
291120250125  1.058  3.8  225.2  5.6  0.44  188.2  25.3
291120250126  1.059  3.7  223.5  5.6  0.32  185.1  25.3
291120250127  1.060  3.6  223.4  5.6  0.32  189.3  25.2
291120250128  1.060  3.6  222.9  5.6  0.27  205.3  25.2
291120250129  1.061  3.6  222.2  5.6  0.34  185.1  25.2
291120250130  1.061  3.6  220.9  5.6  0.41  195.5  25.2
291120250131  1.061  3.5  221.0  4.5  0.27  194.1  25.2
291120250132  1.062  3.5  220.0  4.5  0.34  190.7  25.2
291120250133  1.063  3.5  218.5  4.5  0.38  198.6  25.2
291120250134  1.064  3.5  217.9  4.5  0.35  181.3  25.2
291120250135  1.065  3.5  217.6  4.5  0.41  186.8  25.2
291120250136  1.066  3.5  216.6  4.5  0.24  197.5  25.2
291120250137  1.067  3.6  214.9  4.5  0.47  186.5  25.2
291120250138  1.069  3.5  213.9  4.5  0.32  184.5  25.2
291120250139  1.071  3.6  212.3  4.5  0.29  174.6  25.2
291120250140  1.072  3.6  212.1  4.3  0.34  177.4  25.2
291120250141  1.076  3.6  211.9  4.3  0.30  166.8  25.3
291120250142  1.076  3.6  213.1  4.4  0.42  175.6  25.3
291120250143  1.077  3.6  215.5  4.4  0.35  167.8  25.3
291120250144  1.077  3.7  216.5  4.9  0.21  168.8  25.3
291120250145  1.078  3.8  218.0  5.3  0.25  166.8  25.3
291120250146  1.077  3.9  217.9  5.3  0.34  180.1  25.3
291120250147  1.079  3.9  217.9  5.3  0.42  175.5  25.3
291120250148  1.081  4.0  218.3  5.3  0.33  166.1  25.3
291120250149  1.082  4.0  219.4  5.3  0.34  174.1  25.3
291120250150  1.083  3.9  219.7  5.3  0.28  172.4  25.3
291120250151  1.083  4.0  219.1  5.3  0.20  179.8  25.3
291120250152  1.082  4.1  218.0  5.3  0.29  178.0  25.3
291120250153  1.085  4.2  216.7  5.3  0.43  180.9  25.3
291120250154  1.086  4.1  216.0  5.3  0.35  176.3  25.3
291120250155  1.085  4.1  214.4  5.3  0.40  180.2  25.3
291120250156  1.086  4.1  215.4  5.7  0.21  177.8  25.3
291120250157  1.087  4.1  216.2  5.7  0.32  165.9  25.3
291120250158  1.088  4.1  215.3  5.7  0.33  181.5  25.3
291120250159  1.089  4.0  214.6  5.7  0.47  180.7  25.3
291120250200  1.092  4.0  213.6  5.7  0.31  178.0  25.3
291120250201  1.094  3.9  213.4  5.7  0.28  168.6  25.3
291120250202  1.096  3.7  214.0  5.7  0.30  176.7  25.3
291120250203  1.099  3.6  214.2  5.7  0.25  177.9  25.3
291120250204  1.101  3.5  215.1  5.7  0.28  172.3  25.3
291120250205  1.103  3.4  216.8  5.7  0.29  184.3  25.3
291120250206  1.104  3.2  216.8  4.5  0.31  179.6  25.3
291120250207  1.105  3.1  218.0  4.5  0.32  186.5  25.3
291120250208  1.108  3.0  220.6  4.0  0.43  186.1  25.3
291120250209  1.110  2.9  221.7  4.0  0.33  192.7  25.3
291120250210  1.112  2.9  222.9  4.0  0.37  190.3  25.3
291120250211  1.116  2.7  224.6  4.0  0.25  180.3  25.3
291120250212  1.118  2.7  224.3  4.0  0.36  181.5  25.3
291120250213  1.121  2.6  223.8  3.7  0.38  177.0  25.3
291120250214  1.126  2.6  223.6  3.7  0.37  176.8  25.3
291120250215  1.128  2.5  226.6  3.7  0.45  175.6  25.3
291120250216  1.131  2.4  230.5  3.7  0.40  173.3  25.3
291120250217  1.135  2.3  231.3  3.2  0.34  179.1  25.3
291120250218  1.138  2.4  229.9  3.6  0.25  178.3  25.3
291120250219  1.142  2.5  229.4  3.6  0.33  181.9  25.3
291120250220  1.145  2.5  230.9  3.6  0.29  173.4  25.3
291120250221  1.148  2.7  230.6  4.3  0.40  178.7  25.3
291120250222  1.150  2.9  230.5  5.2  0.25  175.2  25.3
291120250223  1.153  3.1  231.0  5.2  0.33  182.6  25.3
291120250224  1.155  3.3  231.7  5.2  0.38  174.0  25.3
291120250225  1.157  3.5  229.2  5.2  0.54  182.8  25.3
291120250226  1.158  3.7  226.9  5.2  0.38  173.0  25.2
291120250227  1.160  3.9  226.8  5.4  0.35  169.5  25.2
291120250228  1.162  4.1  226.7  5.4  0.39  174.9  25.2
291120250229  1.164  4.2  226.4  5.4  0.46  181.1  25.2
291120250230  1.165  4.3  225.3  5.4  0.38  177.7  25.2
291120250231  1.167  4.3  224.6  5.4  0.45  178.0  25.2
291120250232  1.169  4.2  223.9  5.4  0.50  176.1  25.2
291120250233  1.170  4.1  223.9  5.4  0.49  173.2  25.2
291120250234  1.171  4.1  222.9  5.4  0.39  177.2  25.2
291120250235  1.171  3.9  222.8  5.4  0.46  174.7  25.2
291120250236  1.173  3.8  222.3  5.4  0.43  168.9  25.2
291120250237  1.173  3.8  222.1  5.1  0.33  168.4  25.2
291120250238  1.174  3.7  222.7  5.0  0.22  167.1  25.1
291120250239  1.174  3.7  224.2  5.0  0.26  162.5  25.1
291120250240  1.175  3.6  225.9  5.0  0.28  166.1  25.1
291120250241  1.175  3.6  226.8  5.0  0.25  170.6  25.1
291120250242  1.175  3.6  228.0  5.0  0.26  166.5  25.1
291120250243  1.176  3.7  226.9  5.0  0.25  168.9  25.1
291120250244  1.175  3.7  227.2  5.0  0.33  170.9  25.0
291120250245  1.175  3.8  226.8  5.0  0.28  166.8  25.0
291120250246  1.175  3.9  227.9  5.0  0.27  170.5  25.0
291120250247  1.175  3.9  227.9  5.0  0.37  173.2  25.0
291120250248  1.175  3.9  227.7  5.0  0.20  157.7  24.9
291120250249  1.175  4.0  226.5  5.0  0.26  165.5  24.9
291120250250  1.176  4.0  225.8  5.0  0.19  158.6  24.9
291120250251  1.176  4.0  225.4  5.0  0.26  161.9  24.8
291120250252  1.176  4.0  224.6  5.0  0.24  155.7  24.8
291120250253  1.175  4.0  225.8  5.0  0.26  175.8  24.8
291120250254  1.174  3.9  226.2  5.0  0.17  149.5  24.7
291120250255  1.171  3.8  226.6  5.0  0.14  156.7  24.7
291120250256  1.168  3.8  226.0  5.0  0.19  153.5  24.6
291120250257  1.166  3.8  225.9  5.0  0.26  157.0  24.6
291120250258  1.165  3.6  225.9  4.7  0.17  157.4  24.6
291120250259  1.163  3.5  227.9  4.5  0.16  163.4  24.5
291120250300  1.163  3.3  229.5  4.5  0.11  124.4  24.5
291120250301  1.161  3.1  232.0  4.5  0.14  143.3  24.5
291120250302  1.160  3.0  235.0  4.5  0.16  155.7  24.5
291120250303  1.157  2.8  236.8  4.5  0.19  168.4  24.5
291120250304  1.154  2.9  236.2  4.5  0.22  172.3  24.4
291120250305  1.152  2.9  237.9  4.4  0.13  178.4  24.4
291120250306  1.150  2.9  239.6  4.4  0.20  171.4  24.3
291120250307  1.148  3.0  240.6  4.7  0.15  181.1  24.3
291120250308  1.145  3.1  239.9  4.7  0.07  165.6  24.2
291120250309  1.142  3.2  238.5  4.8  0.15  0.2  24.2
291120250310  1.138  3.4  237.8  4.8  0.12  227.1  24.2
291120250311  1.137  3.5  239.0  4.8  0.12  202.7  24.2
291120250312  1.135  3.4  239.7  4.8  0.11  196.1  24.2
291120250313  1.132  3.3  240.9  4.8  0.08  181.5  24.2
291120250314  1.132  3.0  244.5  4.8  0.03  284.1  24.2
291120250315  1.130  2.7  247.7  4.8  0.07  179.7  24.3
291120250316  1.130  2.4  251.9  4.8  0.07  166.4  24.2
291120250317  1.130  2.2  256.0  4.8  0.12  173.0  24.2
291120250318  1.130  2.0  262.9  4.8  0.10  187.8  24.2
291120250319  1.131  1.7  267.1  4.6  0.06  165.9  24.1
291120250320  1.132  1.4  271.7  4.2  0.07  142.6  24.1
291120250321  1.132  1.1  268.8  2.2  0.03  185.9  24.1
291120250322  1.133  0.9  263.9  2.2  0.19  176.4  24.1
291120250323  1.133  0.7  259.8  2.0  0.14  159.0  24.1
291120250324  1.135  0.7  245.1  2.0  0.07  163.4  24.1
291120250325  1.135  0.7  220.2  2.2  0.04  164.8  24.1
291120250326  1.136  0.8  193.9  2.2  0.06  190.0  24.1
291120250327  1.137  0.9  176.5  2.2  0.05  145.0  24.0
291120250328  1.136  1.2  167.6  2.2  0.11  156.3  24.0
291120250329  1.137  1.2  164.5  2.2  0.04  331.3  24.0
291120250330  1.137  1.3  162.0  2.2  0.08  187.1  24.0
291120250331  1.139  1.4  164.7  2.2  0.04  192.9  24.0
291120250332  1.139  1.5  171.0  2.3  0.09  116.5  24.0
291120250333  1.141  1.6  173.7  2.5  0.03  139.8  23.9
291120250334  1.140  1.7  175.9  2.8  0.07  158.2  23.9
291120250335  1.140  1.8  180.1  2.8  0.10  190.0  24.0
291120250336  1.140  1.8  185.7  2.8  0.03  166.8  24.0
291120250337  1.141  1.9  193.1  2.8  0.10  69.6  23.9
291120250338  1.142  1.9  199.1  2.8  0.06  103.7  23.9
291120250339  1.143  1.9  204.3  2.8  0.07  122.8  23.9
291120250340  1.143  1.9  210.1  2.8  0.08  164.1  23.9
291120250341  1.143  1.8  215.9  2.8  0.13  83.1  24.0
291120250342  1.144  1.6  220.7  2.8  0.06  134.7  24.0
291120250343  1.144  1.4  228.3  2.8  0.09  151.9  24.0
291120250344  1.144  1.2  236.5  2.6  0.06  92.6  23.9
291120250345  1.143  1.0  247.1  2.6  0.05  72.4  23.9
291120250346  1.143  0.9  261.4  2.6  0.10  59.6  23.9
291120250347  1.143  0.7  270.5  2.2  0.10  64.1  23.9
291120250348  1.144  0.5  282.0  2.1  0.06  90.8  23.9
291120250349  1.144  0.4  303.7  2.0  0.07  117.4  23.9
291120250350  1.143  0.4  330.4  1.6  0.05  114.5  23.9
291120250351  1.144  0.4  339.6  1.6  0.07  83.0  23.8
291120250352  1.146  0.5  333.1  1.9  0.11  140.1  23.8
291120250353  1.144  0.5  321.9  1.9  0.09  98.8  23.8
291120250354  1.144  0.7  316.8  2.1  0.06  120.8  23.8
291120250355  1.142  0.8  318.5  2.1  0.09  85.1  23.8
291120250356  1.141  0.9  320.3  2.1  0.06  153.5  23.8
291120250357  1.141  1.0  323.4  2.1  0.04  120.2  23.8
291120250358  1.143  1.2  323.1  2.1  0.04  122.8  23.7
291120250359  1.141  1.3  322.9  2.1  0.05  123.7  23.7
291120250400  1.140  1.3  322.8  2.1  0.04  344.8  23.7
291120250401  1.138  1.3  326.0  2.1  0.12  180.8  23.7
291120250402  1.137  1.2  329.2  2.1  0.05  66.3  23.7
291120250403  1.136  1.2  335.9  2.1  0.06  34.0  23.7
291120250404  1.136  1.2  340.8  2.1  0.03  203.0  23.7
291120250405  1.135  1.1  341.7  1.7  0.03  168.2  23.7
291120250406  1.135  1.1  337.3  2.1  0.03  100.0  23.6
291120250407  1.135  1.2  334.3  2.1  0.06  70.8  23.6
291120250408  1.134  1.2  332.2  2.1  0.06  134.7  23.6
291120250409  1.134  1.3  326.8  2.2  0.02  356.0  23.6
291120250410  1.134  1.4  320.7  2.4  0.06  161.1  23.6
291120250411  1.133  1.5  314.9  2.9  0.04  135.8  23.6
291120250412  1.131  1.7  309.8  2.9  0.06  134.2  23.6
291120250413  1.130  1.8  303.4  2.9  nan  nan  nan
291120250414  1.127  2.0  297.6  2.9  0.09  91.2  23.6
291120250415  1.125  2.0  292.8  2.9  0.05  136.0  23.6
291120250416  1.123  2.1  289.4  2.9  0.20  48.3  23.6
291120250417  1.121  2.1  286.2  2.9  0.14  30.2  23.6
291120250418  1.118  2.2  283.4  2.9  0.08  64.0  23.6
291120250419  1.114  2.2  282.2  2.9  0.09  59.4  23.6
291120250420  1.110  2.1  282.9  2.9  0.12  35.0  23.6
291120250421  1.106  2.1  284.0  2.9  0.08  114.0  23.6
291120250422  1.105  2.0  286.4  2.9  0.09  50.5  23.6
291120250423  1.103  2.0  289.5  2.9  0.07  155.4  23.6
291120250424  1.100  2.0  293.2  2.9  0.13  67.3  23.6
291120250425  1.097  2.1  296.7  2.9  0.08  14.2  23.6
291120250426  1.094  2.1  297.9  2.9  0.07  358.0  23.6
291120250427  1.092  2.2  299.6  3.4  0.08  74.7  23.6
291120250428  1.089  2.3  299.9  3.4  nan  nan  nan
291120250429  1.086  2.4  300.6  3.4  0.05  28.4  23.6
291120250430  1.083  2.5  301.3  3.4  0.21  18.5  23.6
291120250431  1.079  2.5  299.4  3.4  0.03  355.1  23.6
291120250432  1.076  2.5  297.4  3.4  0.13  10.0  23.6
291120250433  1.073  2.3  295.8  3.4  0.07  229.2  23.6
291120250434  1.070  2.2  294.2  3.4  0.15  13.0  23.6
291120250435  1.068  2.0  293.0  3.4  0.12  358.3  23.6
291120250436  1.066  2.0  294.5  3.4  0.08  357.3  23.6
291120250437  1.064  1.9  295.1  2.9  0.16  1.6  23.6
291120250438  1.062  1.9  298.0  2.9  0.04  47.4  23.6
291120250439  1.060  1.8  299.4  2.9  0.06  339.3  23.6
291120250440  1.058  1.8  300.0  2.9  0.09  347.8  23.7
291120250441  1.056  1.8  301.6  2.9  0.12  2.8  23.7
291120250442  1.055  1.8  304.7  2.9  0.04  61.3  23.7
291120250443  1.052  2.0  307.3  3.0  nan  nan  nan
291120250444  1.050  2.1  311.3  3.0  0.07  20.3  23.8
291120250445  1.047  2.2  315.7  3.0  0.09  1.0  23.8
291120250446  1.045  2.1  318.7  3.0  0.21  27.9  23.8
291120250447  1.043  2.0  322.3  3.0  0.03  10.0  23.8
291120250448  1.040  1.9  326.5  3.0  0.11  50.1  23.8
291120250449  1.037  1.8  329.7  3.0  0.20  25.9  23.8
291120250450  1.034  1.7  332.1  3.0  0.14  41.0  23.8
291120250451  1.032  1.7  335.4  3.0  0.08  154.8  23.8
291120250452  1.028  1.7  335.9  3.0  0.05  74.4  23.8
291120250453  1.026  1.7  336.4  2.7  0.17  35.1  23.8
291120250454  1.022  1.6  333.4  3.3  0.14  27.9  23.8
291120250455  1.019  1.7  331.2  3.3  0.19  39.7  23.8
291120250456  1.017  1.8  330.2  3.4  0.10  31.0  23.8
291120250457  1.012  2.0  330.2  3.4  0.14  55.0  23.8
291120250458  1.008  2.2  330.7  3.4  0.09  26.9  23.8
291120250459  1.005  2.3  333.0  3.4  0.13  51.3  23.8
291120250500  1.001  2.5  336.2  3.4  0.07  59.6  23.8
291120250501  0.998  2.6  338.9  3.4  0.11  53.6  23.8
291120250502  0.995  2.7  343.7  3.5  0.12  60.1  23.8
291120250503  0.990  2.8  347.9  3.5  0.19  37.9  23.8
291120250504  0.986  2.8  353.0  3.5  0.11  33.9  23.8
291120250505  0.982  2.9  356.2  3.5  0.34  34.9  23.9
291120250506  0.977  2.9  359.2  3.5  0.31  28.0  23.9
291120250507  0.973  2.9  0.4  3.5  0.14  67.0  23.9
291120250508  0.969  2.9  359.2  3.5  0.13  10.0  23.9
291120250509  0.967  2.9  357.6  3.5  0.25  17.2  24.0
291120250510  0.964  2.9  354.7  3.5  0.23  32.5  24.0
291120250511  0.960  2.9  351.2  3.5  0.23  29.8  24.0
291120250512  0.958  2.8  347.1  3.5  0.28  33.9  24.0
291120250513  0.955  2.8  342.7  3.5  0.29  33.5  24.0
291120250514  0.953  2.8  337.7  3.5  0.21  35.4  24.0
291120250515  0.951  2.8  332.8  3.5  0.27  29.0  24.0
291120250516  0.950  2.8  328.2  3.5  0.33  27.1  24.0
291120250517  0.946  2.7  325.4  3.5  0.33  38.4  24.0
291120250518  0.944  2.6  325.2  3.5  0.32  39.9  24.0
291120250519  0.942  2.5  325.7  3.5  0.39  32.8  24.0
291120250520  0.940  2.4  327.4  3.5  0.24  27.4  24.0
291120250521  0.940  2.2  331.1  2.8  0.21  37.0  24.0
291120250522  0.938  2.1  336.0  2.8  0.21  36.8  24.0
291120250523  0.938  2.1  340.9  2.8  0.22  56.8  24.0
291120250524  0.939  2.2  346.1  3.1  0.19  58.7  24.0
291120250525  0.939  2.2  352.9  3.2  0.33  44.4  24.0
291120250526  0.936  2.3  357.3  3.2  0.37  36.8  24.0
291120250527  0.935  2.4  0.4  3.2  0.31  53.0  24.1
291120250528  0.935  2.5  1.1  3.3  0.33  46.7  24.1
291120250529  0.933  2.5  0.6  3.3  0.33  34.9  24.1
291120250530  0.931  2.7  0.2  3.3  0.37  30.2  24.1
291120250531  0.929  2.8  358.5  3.6  0.31  51.0  24.1
291120250532  0.927  2.9  356.6  3.6  0.28  38.9  24.1
291120250533  0.927  3.0  355.9  3.6  0.36  29.1  24.2
291120250534  0.926  3.1  355.3  3.8  0.23  48.4  24.2
291120250535  0.925  3.2  353.2  3.8  0.30  25.6  24.2
291120250536  0.923  3.2  351.9  3.8  0.26  41.4  24.2
291120250537  0.921  3.3  351.1  3.8  0.22  52.4  24.2
291120250538  0.919  3.3  350.3  3.8  0.16  40.8  24.2
291120250539  0.917  3.4  350.0  4.0  0.17  45.3  24.1
291120250540  0.917  3.4  349.7  4.0  0.33  43.4  24.2
291120250541  0.916  3.5  348.5  4.0  0.21  51.3  24.2
291120250542  0.916  3.5  347.9  4.2  0.23  36.8  24.2
291120250543  0.914  3.5  346.9  4.2  0.20  44.3  24.2
291120250544  0.913  3.5  345.6  4.3  0.27  41.0  24.2
291120250545  0.912  3.6  343.7  4.3  0.21  34.2  24.2
291120250546  0.910  3.6  342.4  4.3  0.22  20.3  24.2
291120250547  0.908  3.6  341.3  4.4  0.25  24.0  24.3
291120250548  0.905  3.6  340.4  4.4  0.25  33.8  24.3
291120250549  0.903  3.5  339.4  4.4  0.22  33.9  24.3
291120250550  0.899  3.5  337.6  4.4  0.20  35.1  24.3
291120250551  0.896  3.4  336.8  4.4  0.22  30.0  24.3
291120250552  0.894  3.4  335.1  4.4  0.24  32.7  24.3
291120250553  0.891  3.3  332.8  4.4  0.14  51.0  24.4
291120250554  0.889  3.1  331.8  4.4  0.30  26.0  24.4
291120250555  0.889  3.1  334.0  4.4  0.34  33.1  24.4
291120250556  0.888  3.0  335.0  4.4  0.29  38.8  24.4
291120250557  0.886  2.8  337.2  3.8  0.28  23.7  24.4
291120250558  0.883  2.8  341.2  3.8  0.33  28.8  24.5
291120250559  0.881  2.8  346.0  3.8  0.24  40.2  24.5
291120250600  0.879  2.7  351.6  3.6  0.23  42.3  24.6
291120250601  0.878  2.7  356.2  3.6  0.28  15.1  24.6
291120250602  0.876  2.8  359.7  3.6  0.34  25.3  24.6
291120250603  0.874  3.0  3.7  3.9  0.27  27.4  24.6
291120250604  0.872  3.1  5.6  3.9  0.30  31.0  24.6
291120250605  0.868  3.1  5.8  3.9  0.28  37.8  24.6
291120250606  0.864  3.1  6.2  3.9  0.34  30.5  24.6
291120250607  0.860  3.1  4.9  3.9  0.29  34.9  24.6
291120250608  0.854  3.2  3.7  3.9  0.30  35.7  24.7
291120250609  0.851  3.2  3.1  3.9  0.30  20.5  24.7
291120250610  0.845  3.2  2.9  3.9  0.33  15.8  24.7
291120250611  0.841  3.3  2.4  3.9  0.23  31.6  24.7
291120250612  0.836  3.3  2.9  3.9  0.36  45.2  24.7
291120250613  0.832  3.3  3.9  4.3  0.28  45.8  24.7
291120250614  0.828  3.3  5.3  4.4  0.27  31.5  24.7
291120250615  0.825  3.5  5.7  4.6  0.33  27.0  24.7
291120250616  0.821  3.6  7.5  4.6  0.41  20.9  24.7
291120250617  0.817  3.5  10.7  4.6  0.32  25.1  24.7
291120250618  0.814  3.5  12.6  4.6  0.47  10.0  24.7
291120250619  0.810  3.5  13.6  4.6  0.31  17.6  24.7
291120250620  0.807  3.5  15.2  4.6  0.28  26.1  24.7
291120250621  0.805  3.5  17.1  4.6  0.26  21.8  24.7
291120250622  0.800  3.5  16.9  4.6  0.18  67.2  24.7
291120250623  0.796  3.5  17.2  4.6  0.37  21.7  24.7
291120250624  0.792  3.4  18.1  4.6  0.31  30.1  24.7
291120250625  0.789  3.5  19.3  5.1  0.35  33.4  24.7
291120250626  0.788  3.4  19.9  5.1  0.44  20.4  24.7
291120250627  0.785  3.6  17.7  5.1  0.40  7.2  24.7
291120250628  0.784  3.6  15.3  5.1  0.27  28.2  24.7
291120250629  0.782  3.5  13.4  5.1  0.25  27.0  24.7
291120250630  0.781  3.6  10.5  5.1  0.23  3.3  24.7
291120250631  0.779  3.8  5.3  6.1  0.27  12.1  24.7
291120250632  0.777  3.9  2.0  6.1  0.38  10.6  24.7
291120250633  0.776  4.0  358.2  6.1  0.39  18.4  24.7
291120250634  0.775  4.0  352.7  6.1  0.32  25.5  24.7
291120250635  0.775  4.0  348.3  6.1  0.26  30.3  24.7
291120250636  0.775  4.1  345.1  6.1  0.31  21.0  24.7
291120250637  0.776  4.2  341.3  6.1  0.25  14.4  24.7
291120250638  0.777  4.3  336.4  6.7  0.28  14.0  24.7
291120250639  0.777  4.5  335.6  6.7  0.21  4.7  24.7
291120250640  0.776  4.7  334.0  6.7  0.22  15.5  24.7
291120250641  0.775  4.6  333.2  6.7  0.35  12.9  24.7
291120250642  0.773  4.6  332.4  6.7  0.25  18.5  24.7
291120250643  0.769  4.7  331.2  6.7  0.32  18.0  24.7
291120250644  0.767  4.6  331.9  6.7  0.18  29.4  24.8
291120250645  0.764  4.7  333.8  6.7  0.27  23.1  24.8
291120250646  0.761  4.8  333.5  6.7  0.23  11.5  24.8
291120250647  0.758  4.7  332.2  6.7  0.14  355.4  24.8
291120250648  0.756  4.6  331.5  6.8  0.33  11.7  24.8
291120250649  0.753  4.7  329.3  6.8  0.26  359.8  24.8
291120250650  0.752  4.8  329.6  6.9  0.30  7.4  24.8
291120250651  0.749  4.9  329.6  6.9  0.35  4.3  24.8
291120250652  0.746  4.9  328.6  6.9  0.33  2.5  24.8
291120250653  0.743  4.8  328.5  6.9  0.35  6.8  24.8
291120250654  0.741  5.0  325.5  8.8  0.27  10.8  24.8
291120250655  0.739  5.3  323.5  8.8  0.26  13.0  24.9
291120250656  0.736  5.3  322.8  8.8  0.25  5.9  24.9
291120250657  0.735  5.6  324.9  8.8  0.31  359.0  24.9
291120250658  0.731  5.8  328.0  8.8  0.29  14.2  24.9
291120250659  0.729  5.9  329.8  8.8  0.22  6.0  24.9
291120250700  0.726  6.0  330.0  8.8  0.25  2.8  24.9
291120250701  0.723  6.0  330.6  8.8  0.24  5.4  24.9
291120250702  0.720  6.0  332.6  8.8  0.33  8.0  24.9
291120250703  0.718  6.1  333.5  8.8  0.20  19.0  24.9
291120250704  0.717  5.9  336.7  8.0  0.22  15.1  24.9
291120250705  0.714  5.8  337.8  8.0  0.26  23.4  24.9
291120250706  0.710  5.7  338.3  8.0  0.17  21.3  24.9
291120250707  0.705  5.5  337.1  8.0  0.25  15.7  24.9
291120250708  0.703  5.2  337.2  7.9  0.25  15.0  24.9
291120250709  0.701  5.2  337.5  7.9  0.37  16.0  24.9
291120250710  0.701  5.0  337.3  7.1  0.31  18.4  25.0
291120250711  0.701  4.9  336.9  7.1  0.16  11.4  25.0
291120250712  0.700  4.7  335.2  7.1  0.23  12.9  25.0
291120250713  0.698  4.8  330.9  9.1  0.27  17.8  25.0
291120250714  0.696  4.9  329.8  9.1  0.32  16.3  25.0
291120250715  0.696  5.0  330.5  9.1  0.28  26.4  25.0
291120250716  0.695  5.0  330.3  9.1  0.24  10.9  25.0
291120250717  0.693  5.2  332.1  9.1  0.25  11.3  25.0
291120250718  0.692  5.3  332.6  9.1  0.26  20.9  25.0
291120250719  0.690  5.2  332.6  9.1  0.20  12.2  25.1
291120250720  0.688  5.4  331.9  9.1  0.27  17.0  25.1
291120250721  0.685  5.6  331.9  9.1  0.25  14.9  25.1
291120250722  0.683  6.2  332.8  10.9  0.36  9.1  25.1
291120250723  0.682  6.5  336.4  10.9  0.20  25.0  25.1
291120250724  0.680  6.7  339.0  10.9  0.24  11.4  25.1
291120250725  0.678  7.2  338.1  12.4  0.37  16.9  25.1
291120250726  0.677  7.4  337.5  12.4  0.41  16.0  25.1
291120250727  0.675  7.7  337.4  12.4  0.24  14.6  25.1
291120250728  0.672  8.0  337.2  12.4  0.31  21.8  25.1
291120250729  0.671  8.4  337.9  12.4  0.32  20.9  25.2
291120250730  0.669  8.7  339.1  12.4  0.21  21.5  25.2
291120250731  0.669  8.9  339.4  12.4  0.31  11.4  25.2
291120250732  0.669  8.6  339.6  12.4  0.19  0.7  25.2
291120250733  0.669  8.5  340.4  12.4  0.25  8.6  25.2
291120250734  0.669  8.5  340.1  12.4  0.24  14.2  25.2
291120250735  0.669  8.3  341.3  12.3  0.20  21.7  25.2
291120250736  0.669  8.4  341.7  12.3  0.33  21.5  25.2
291120250737  0.669  8.1  341.0  12.3  0.24  26.8  25.2
291120250738  0.668  8.0  340.8  12.3  0.16  24.4  25.2
291120250739  0.667  7.9  338.6  12.3  0.39  9.1  25.2
291120250740  0.667  7.5  337.3  10.1  0.22  9.5  25.2
291120250741  0.664  7.3  337.9  9.9  0.31  17.3  25.3
291120250742  0.664  7.7  338.1  11.8  0.30  1.8  25.3
291120250743  0.664  7.8  335.8  11.8  0.21  12.2  25.3
291120250744  0.663  7.9  333.8  11.8  0.24  20.9  25.3
291120250745  0.662  8.0  332.9  11.8  0.33  8.0  25.3
291120250746  0.663  8.0  333.9  11.8  0.18  12.4  25.3
291120250747  0.661  8.0  335.0  11.8  0.32  10.7  25.3
291120250748  0.660  8.2  336.4  11.8  0.14  33.8  25.4
291120250749  0.661  8.2  338.5  11.8  0.30  2.6  25.4
291120250750  0.661  8.5  340.7  11.8  0.14  358.8  25.4
291120250751  0.661  8.6  339.9  11.8  0.28  7.3  25.4
291120250752  0.662  8.5  341.2  11.4  0.30  355.5  25.4
291120250753  0.663  8.6  344.3  11.4  0.24  20.9  25.4
291120250754  0.663  8.5  346.1  10.8  0.29  10.4  25.4
291120250755  0.663  8.5  346.8  10.8  0.23  1.7  25.4
291120250756  0.663  8.5  347.3  10.8  0.16  24.9  25.4
291120250757  0.662  8.5  348.2  10.8  0.15  56.0  25.4
291120250758  0.662  8.3  348.7  10.8  0.16  38.4  25.4
291120250759  0.660  8.4  348.8  10.8  0.10  62.2  25.5
291120250800  0.658  8.3  347.1  10.8  0.05  85.5  25.5
291120250801  0.656  8.3  348.5  10.8  0.11  66.3  25.5
291120250802  0.653  8.3  349.1  10.8  0.16  99.3  25.5
291120250803  0.651  8.2  348.8  10.1  0.09  83.1  25.5
291120250804  0.649  8.3  349.9  10.5  0.14  45.9  25.5
291120250805  0.647  8.3  350.7  10.5  0.17  11.3  25.5
291120250806  0.646  8.5  351.6  11.2  0.23  10.0  25.5
291120250807  0.644  8.8  351.8  11.2  0.21  20.2  25.5
291120250808  0.642  9.0  351.2  11.2  0.32  11.4  25.5
291120250809  0.642  9.1  351.8  11.2  0.29  12.3  25.5
291120250810  0.642  9.3  352.9  11.2  0.26  6.2  25.5
291120250811  0.644  9.4  352.6  11.2  0.37  0.5  25.5
291120250812  0.642  9.4  352.4  11.2  0.18  5.7  25.6
291120250813  0.641  9.4  353.0  11.7  0.24  10.0  25.6
291120250814  0.641  9.6  352.9  12.6  0.31  1.5  25.6
291120250815  0.640  9.9  352.6  12.6  0.30  1.6  25.6
291120250816  0.640  10.1  352.6  13.0  0.19  8.8  25.6
291120250817  0.639  10.2  352.9  13.0  0.36  3.6  25.6
291120250818  0.639  10.3  353.2  13.0  0.20  10.6  25.6
291120250819  0.638  10.3  352.8  13.0  0.21  17.5  25.6
291120250820  0.638  10.5  353.0  13.0  0.18  10.0  25.6
291120250821  0.636  10.6  353.6  13.0  0.25  10.0  25.6
291120250822  0.635  11.0  353.4  13.6  0.13  1.6  25.7
291120250823  0.634  11.4  353.0  15.2  0.13  358.0  25.7
291120250824  0.633  11.6  353.0  15.2  0.18  17.3  25.7
291120250825  0.632  11.7  353.4  15.2  0.23  10.5  25.7
291120250826  0.631  11.7  353.4  15.2  0.14  13.1  25.7
291120250827  0.631  11.5  353.1  15.2  0.27  17.4  25.7
291120250828  0.631  11.5  353.4  15.2  0.10  7.7  25.7
291120250829  0.632  11.5  353.4  15.2  0.26  9.1  25.7
291120250830  0.632  11.7  353.3  15.2  0.16  34.7  25.7
291120250831  0.633  11.8  353.6  15.2  0.15  25.6  25.7
291120250832  0.633  11.7  353.2  15.2  0.23  14.9  25.8
291120250833  0.633  11.2  352.9  14.7  0.21  12.2  25.8
291120250834  0.632  10.9  352.2  13.7  0.14  13.2  25.8
291120250835  0.633  10.6  351.4  13.6  0.06  101.9  25.8
291120250836  0.634  10.5  350.6  13.6  0.13  1.6  25.8
291120250837  0.635  10.4  350.2  13.6  0.11  29.7  25.8
291120250838  0.636  10.3  349.9  13.6  0.09  52.5  25.8
291120250839  0.639  10.0  349.9  13.6  0.16  5.8  25.8
291120250840  0.639  9.9  349.5  13.1  nan  nan  nan
291120250841  0.641  9.7  348.3  12.0  0.12  14.7  25.8
291120250842  0.641  9.6  349.3  12.0  0.04  18.1  25.9
291120250843  0.644  9.5  349.8  12.0  0.12  28.2  25.9
291120250844  0.646  9.3  350.1  12.0  0.18  12.5  25.9
291120250845  0.647  9.3  350.9  12.0  0.18  5.0  25.9
291120250846  0.649  9.5  350.9  13.2  0.19  14.7  25.9
291120250847  0.651  9.7  349.6  13.7  0.08  28.4  25.9
291120250848  0.653  9.9  348.4  13.7  0.15  14.4  25.9
291120250849  0.655  10.1  347.7  13.7  0.13  356.2  25.9
291120250850  0.656  9.9  347.0  13.7  0.11  357.7  25.9
291120250851  0.658  9.9  346.3  13.7  0.03  10.0  25.9
291120250852  0.661  10.1  345.1  13.7  0.19  359.2  25.9
291120250853  0.664  10.4  344.2  13.7  0.08  14.4  25.9
291120250854  0.665  10.6  343.5  13.7  0.16  14.2  25.9
291120250855  0.667  10.5  342.1  13.7  0.06  351.0  25.9
291120250856  0.669  10.2  342.5  13.7  0.04  346.0  26.0
291120250857  0.672  10.0  344.0  13.4  0.08  190.0  26.0
291120250858  0.673  9.7  344.7  13.4  0.11  337.1  26.0
291120250859  0.676  9.3  344.4  13.4  0.05  319.0  26.0
291120250900  0.677  9.1  344.2  13.4  0.07  329.2  26.0
291120250901  0.678  9.0  343.4  13.4  0.07  320.4  26.0
291120250902  0.679  8.5  343.6  13.2  0.10  326.6  26.0
291120250903  0.679  8.2  343.4  11.4  0.10  291.5  26.0
291120250904  0.680  8.1  342.8  11.4  0.12  227.8  26.0
291120250905  0.682  7.9  341.4  11.4  0.17  283.4  26.0
291120250906  0.685  7.6  339.0  11.4  0.13  256.9  26.0
291120250907  0.686  7.3  335.8  10.9  0.08  235.9  26.0
291120250908  0.688  7.2  333.3  10.9  0.09  262.0  26.0
291120250909  0.692  7.1  331.4  10.9  0.14  327.7  26.0
291120250910  0.694  7.1  328.1  10.9  0.16  280.0  26.0
291120250911  0.697  6.9  327.4  10.9  0.12  276.4  26.0
291120250912  0.701  6.9  326.0  10.9  0.16  243.8  26.0
291120250913  0.703  6.7  326.5  9.6  0.21  238.7  26.0
291120250914  0.706  6.8  329.3  11.5  0.15  255.7  26.0
291120250915  0.708  7.0  332.4  12.1  0.24  234.7  26.0
291120250916  0.709  7.4  334.7  13.0  0.19  250.0  26.0
291120250917  0.710  8.0  336.8  14.3  0.18  275.0  26.0
291120250918  0.709  8.6  339.2  14.3  0.17  241.8  26.0
291120250919  0.708  9.4  341.6  14.3  0.15  271.5  26.0
291120250920  0.708  9.9  345.2  14.3  0.27  232.6  26.0
291120250921  0.707  10.3  347.5  14.3  0.16  304.7  26.0
291120250922  0.708  10.5  348.0  14.3  0.09  247.7  26.0
291120250923  0.706  10.9  348.6  14.3  0.11  291.3  26.0
291120250924  0.703  10.8  348.3  14.3  0.10  250.5  26.0
291120250925  0.702  10.8  349.2  14.3  0.07  267.8  26.0
291120250926  0.700  10.7  350.5  14.3  0.16  238.5  26.0
291120250927  0.700  10.4  352.5  13.6  0.12  293.3  26.0
291120250928  0.701  10.2  354.3  13.6  0.16  220.0  26.0
291120250929  0.700  9.9  355.5  12.9  nan  nan  nan
291120250930  0.700  10.1  356.4  14.7  0.10  213.5  26.0
291120250931  0.702  10.2  357.0  14.7  0.15  210.6  26.0
291120250932  0.703  10.5  358.3  14.7  0.13  235.6  26.0
291120250933  0.702  10.5  359.3  14.7  0.08  20.2  26.0
291120250934  0.703  10.8  0.5  14.7  0.09  215.5  26.0
291120250935  0.705  11.1  1.2  14.7  0.10  213.2  26.0
291120250936  0.705  11.4  1.1  14.7  0.11  325.7  26.0
291120250937  0.706  11.6  1.0  14.7  0.05  29.1  26.0
291120250938  0.706  11.8  1.1  14.7  0.15  193.8  26.0
291120250939  0.707  11.8  1.1  14.7  0.15  253.8  26.0
291120250940  0.708  11.6  0.6  13.8  0.09  224.0  26.1
291120250941  0.711  11.5  359.9  13.8  0.05  170.8  26.1
291120250942  0.712  11.5  359.3  13.8  0.05  203.0  26.0
291120250943  0.714  11.6  358.5  13.8  0.10  203.0  26.1
291120250944  0.716  11.6  357.7  13.8  0.04  280.0  26.0
291120250945  0.718  11.4  357.0  13.8  nan  nan  nan
291120250946  0.720  11.2  357.2  13.5  0.09  224.8  26.0
291120250947  0.723  11.3  356.8  14.3  0.08  324.1  25.9
291120250948  0.727  11.3  355.7  14.3  0.05  183.7  25.9
291120250949  0.731  11.3  355.4  14.3  0.14  204.8  25.9
291120250950  0.733  11.4  354.9  14.3  0.13  223.2  25.9
291120250951  0.736  11.4  354.8  14.3  0.07  202.2  25.9
291120250952  0.737  11.4  354.2  14.3  0.07  278.4  25.9
291120250953  0.739  11.3  354.6  14.3  0.09  151.3  25.9
291120250954  0.740  11.2  354.0  14.3  0.05  259.0  25.9
291120250955  0.741  11.2  354.3  14.3  0.04  330.5  25.9
291120250956  0.741  11.2  353.3  14.3  nan  nan  nan
291120250957  0.742  11.3  352.2  14.1  0.09  237.6  25.8
291120250958  0.742  11.4  352.5  14.1  0.14  213.4  25.8
291120250959  0.742  11.6  352.3  14.1  0.19  180.0  25.8
291120251000  0.742  11.7  353.1  14.1  0.07  223.3  25.8
291120251001  0.742  11.7  353.6  14.1  0.03  337.3  25.7
291120251002  0.744  11.7  354.5  14.1  0.16  203.0  25.7
291120251003  0.744  11.6  354.4  14.1  0.03  276.2  25.7
291120251004  0.744  11.5  355.4  14.1  0.08  194.4  25.7
291120251005  0.746  11.5  355.3  14.1  0.17  186.0  25.7
291120251006  0.747  11.3  356.0  14.1  nan  nan  nan
291120251007  0.750  11.1  357.1  13.9  0.04  184.3  25.7
291120251008  0.753  10.9  356.3  13.9  0.05  180.5  25.7
291120251009  0.755  11.0  356.4  13.9  0.06  134.2  25.7
291120251010  0.758  10.8  356.6  13.8  0.11  173.8  25.7
291120251011  0.761  10.9  356.8  14.0  0.10  200.9  25.7
291120251012  0.764  10.9  356.2  14.0  0.13  207.9  25.7
291120251013  0.764  11.0  354.7  14.0  0.05  140.1  25.7
291120251014  0.766  10.9  353.8  14.0  0.16  209.1  25.7
291120251015  0.768  11.0  353.7  14.0  0.11  204.3  25.6
291120251016  0.769  10.9  353.3  14.0  0.10  231.7  25.6
291120251017  0.773  10.6  353.3  14.0  0.13  176.0  25.6
291120251018  0.776  10.2  354.0  14.0  0.13  239.1  25.6
291120251019  0.780  9.9  354.2  14.0  0.17  238.6  25.6
291120251020  0.785  9.7  353.8  14.0  0.26  212.3  25.6
291120251021  0.789  9.4  353.0  12.8  0.11  197.1  25.6
291120251022  0.795  9.3  353.3  12.2  0.27  197.0  25.6
291120251023  0.801  9.4  354.1  12.2  0.21  194.2  25.6
291120251024  0.808  9.4  354.0  12.2  0.20  216.8  25.6
291120251025  0.812  9.3  353.4  12.2  0.20  192.8  25.6
291120251026  0.819  9.3  353.3  12.2  0.16  207.4  25.6
291120251027  0.825  9.6  353.2  13.5  0.22  210.6  25.5
291120251028  0.829  9.8  353.0  13.5  0.32  198.6  25.5
291120251029  0.834  9.8  353.4  13.5  0.13  223.9  25.5
291120251030  0.840  9.9  355.1  13.9  0.13  231.5  25.5
291120251031  0.846  10.1  356.1  13.9  0.20  218.8  25.6
291120251032  0.850  10.2  356.9  13.9  0.12  205.6  25.6
291120251033  0.854  10.3  358.2  13.9  0.14  214.8  25.6
291120251034  0.857  10.5  359.8  13.9  0.27  231.8  25.6
291120251035  0.862  10.8  0.7  13.9  0.26  207.6  25.6
291120251036  0.866  11.0  0.9  13.9  0.22  224.1  25.6
291120251037  0.870  11.2  0.9  13.9  0.28  233.6  25.6
291120251038  0.875  11.4  1.7  13.9  0.35  208.0  25.6
291120251039  0.879  11.5  1.6  13.9  0.29  222.4  25.6
291120251040  0.883  11.5  0.7  13.9  0.28  218.1  25.6
291120251041  0.887  11.5  0.8  13.9  0.29  206.1  25.5
291120251042  0.891  11.4  0.5  13.9  0.29  205.7  25.5
291120251043  0.895  11.5  359.9  13.9  0.35  212.9  25.5
291120251044  0.899  11.7  359.2  15.3  0.36  208.3  25.5
291120251045  0.904  11.9  359.3  15.3  0.28  205.6  25.5
291120251046  0.908  12.1  359.8  15.6  0.31  208.0  25.4
291120251047  0.911  12.1  0.7  15.6  0.31  199.0  25.4
291120251048  0.913  12.2  1.0  15.6  0.31  212.5  25.4
291120251049  0.914  12.4  1.5  15.6  0.21  214.7  25.4
291120251050  0.914  12.4  1.1  15.6  0.22  212.9  25.4
291120251051  0.915  12.5  0.8  15.6  0.30  199.4  25.4
291120251052  0.915  12.5  359.6  15.6  0.28  214.3  25.3
291120251053  0.917  12.2  358.5  15.6  0.32  207.5  25.3
291120251054  0.919  11.8  356.8  15.6  0.29  198.1  25.4
291120251055  0.920  11.5  354.5  15.6  0.28  213.9  25.4
291120251056  0.924  11.5  352.3  15.3  0.34  207.1  25.4
291120251057  0.926  11.3  350.1  14.1  0.31  213.5  25.4
291120251058  0.930  11.2  348.3  13.6  0.30  207.1  25.4
291120251059  0.931  11.2  345.9  13.6  0.35  205.0  25.4
291120251100  0.933  11.1  344.6  13.6  0.41  210.3  25.4
291120251101  0.936  10.9  342.4  13.2  0.25  220.2  25.4
291120251102  0.938  10.6  341.6  13.2  0.30  206.9  25.4
291120251103  0.940  10.6  341.5  13.2  0.27  215.6  25.4
291120251104  0.942  10.7  340.8  13.2  0.17  224.6  25.4
291120251105  0.946  10.5  340.5  13.2  0.16  243.4  25.5
291120251106  0.948  10.3  340.5  13.0  0.22  217.9  25.5
291120251107  0.949  10.2  340.0  13.0  0.24  219.6  25.5
291120251108  0.950  9.9  338.9  13.0  0.24  214.9  25.5
291120251109  0.949  9.7  338.9  12.5  0.17  224.6  25.5
291120251110  0.948  9.8  338.5  12.5  0.22  218.4  25.5
291120251111  0.949  9.7  337.9  12.5  0.20  229.4  25.5
291120251112  0.950  9.7  337.4  12.5  0.20  224.5  25.5
291120251113  0.951  9.5  335.4  11.3  0.15  230.3  25.5
291120251114  0.952  9.0  333.4  11.0  0.20  236.2  25.6
291120251115  0.955  8.5  330.2  11.0  0.13  250.4  25.6
291120251116  0.955  8.2  324.5  11.0  0.16  228.7  25.6
291120251117  0.956  7.8  318.2  11.0  0.13  252.3  25.6
291120251118  0.958  7.6  315.2  11.0  0.10  251.0  25.6
291120251119  0.957  7.3  311.1  11.0  0.19  216.8  25.7
291120251120  0.960  7.0  307.5  11.0  0.11  276.1  25.7
291120251121  0.962  7.1  306.1  11.0  0.17  206.6  25.7
291120251122  0.963  7.0  303.2  11.0  0.11  243.7  25.7
291120251123  0.966  7.0  303.9  13.6  0.10  212.6  25.7
291120251124  0.967  7.3  306.1  13.6  0.11  269.5  25.7
291120251125  0.969  7.6  309.7  13.6  0.06  245.8  25.7
291120251126  0.971  7.8  312.0  13.6  0.13  256.8  25.7
291120251127  0.973  8.0  316.9  13.6  0.16  287.8  25.7
291120251128  0.975  8.4  318.1  18.5  0.08  298.9  25.7
291120251129  0.979  9.2  318.0  18.5  0.13  244.0  25.7
291120251130  0.983  9.4  317.4  18.5  0.11  313.4  25.7
291120251131  0.986  9.4  315.8  18.5  0.11  211.0  25.7
291120251132  0.991  9.5  316.9  18.5  0.14  236.1  25.7
291120251133  0.996  9.3  317.5  18.5  0.11  227.5  25.7
291120251134  1.001  8.9  317.4  18.5  0.19  235.0  25.7
291120251135  1.005  8.7  317.2  18.5  0.23  206.9  25.8
291120251136  1.011  8.6  319.0  18.5  0.14  253.1  25.7
291120251137  1.017  8.7  318.7  18.5  0.33  224.1  25.7
291120251138  1.021  8.4  319.8  16.1  0.32  222.6  25.8
291120251139  1.028  8.3  321.9  14.8  0.21  235.7  25.8
291120251140  1.032  8.8  323.6  15.2  0.19  215.0  25.8
291120251141  1.035  9.1  325.3  15.2  0.25  213.7  25.8
291120251142  1.038  9.1  325.1  15.2  0.17  197.4  25.7
291120251143  1.041  9.5  322.6  16.0  0.18  214.9  25.7
291120251144  1.046  9.9  322.5  16.0  0.25  212.8  25.7
291120251145  1.051  10.0  322.5  16.0  0.16  217.8  25.8
291120251146  1.057  10.0  323.7  16.0  0.16  253.7  25.8
291120251147  1.062  10.3  323.4  16.0  0.24  234.7  25.8
291120251148  1.069  10.6  322.8  16.0  0.22  269.3  25.7
291120251149  1.073  10.5  323.4  16.0  0.14  262.8  25.7
291120251150  1.076  10.3  322.0  16.0  0.19  233.7  25.7
291120251151  1.082  10.6  321.7  18.2  0.25  207.7  25.7
291120251152  1.087  10.9  321.6  18.2  0.14  228.4  25.7
291120251153  1.093  10.9  323.5  18.2  0.12  165.6  25.7
291120251154  1.097  11.2  324.3  18.2  0.20  202.1  25.7
291120251155  1.103  11.3  324.2  18.2  0.20  225.2  25.6
291120251156  1.108  11.3  322.3  18.2  0.21  187.3  25.6
291120251157  1.109  11.0  322.2  18.2  0.17  213.0  25.6
291120251158  1.112  10.4  320.8  18.2  0.20  250.4  25.6
291120251159  1.114  10.3  319.4  18.2  0.28  220.3  25.6
291120251200  1.117  10.3  320.1  18.2  0.38  210.9  25.6
291120251201  1.120  10.1  321.8  16.2  0.35  213.7  25.6
291120251202  1.125  10.2  322.8  16.2  0.23  238.5  25.6
291120251203  1.131  10.0  321.6  16.2  0.31  218.5  25.5
291120251204  1.136  10.4  319.2  20.4  0.21  245.0  25.5
291120251205  1.142  10.9  318.0  20.4  0.21  246.0  25.4
291120251206  1.147  11.5  318.6  20.4  0.28  228.3  25.4
291120251207  1.152  12.1  318.7  20.4  0.31  222.3  25.5
291120251208  1.156  12.2  318.3  20.4  0.27  236.5  25.5
291120251209  1.160  12.1  316.7  20.4  0.13  241.1  25.5
291120251210  1.163  11.7  315.3  20.4  0.18  217.1  25.4
291120251211  1.168  11.6  312.2  20.4  0.32  226.6  25.4
291120251212  1.171  11.3  310.8  20.4  0.28  214.8  25.4
291120251213  1.175  11.1  309.6  20.4  0.18  242.1  25.4
291120251214  1.177  10.0  309.8  19.7  0.14  230.6  25.3
291120251215  1.179  9.0  309.3  19.6  0.36  223.8  25.3
291120251216  1.182  8.1  307.6  19.6  0.44  209.1  25.3
291120251217  1.184  7.5  305.2  13.1  0.26  225.4  25.3
291120251218  1.187  7.8  308.6  16.3  0.27  219.5  25.3
291120251219  1.188  7.6  310.5  16.3  0.32  220.4  25.2
291120251220  1.193  7.6  311.3  16.3  0.25  223.6  25.2
291120251221  1.199  7.5  314.8  16.3  0.27  235.6  25.2
291120251222  1.202  7.6  317.5  16.3  0.34  225.9  25.1
291120251223  1.206  7.6  321.8  16.3  0.31  218.5  25.1
291120251224  1.209  7.9  321.8  16.3  0.29  215.2  25.2
291120251225  1.212  7.9  320.5  16.3  0.26  216.2  25.2
291120251226  1.216  8.0  320.2  16.3  0.26  210.8  25.2
291120251227  1.219  8.4  322.0  16.3  0.33  210.8  25.2
291120251228  1.221  8.1  321.6  14.0  0.32  211.0  25.2
291120251229  1.222  8.2  321.8  14.0  0.42  201.9  25.3
291120251230  1.223  8.1  322.4  14.5  0.37  211.7  25.3
291120251231  1.225  8.1  319.5  14.5  0.15  230.8  25.3
291120251232  1.227  7.9  315.5  14.5  0.17  262.8  25.3
291120251233  1.228  7.9  313.2  15.4  0.20  217.3  25.3
291120251234  1.230  8.0  315.0  15.4  0.34  214.8  25.3
291120251235  1.232  7.9  316.7  15.4  0.26  218.3  25.3
291120251236  1.234  7.9  317.3  15.4  0.17  243.3  25.3
291120251237  1.236  7.3  315.3  15.4  0.14  227.3  25.4
291120251238  1.238  7.2  315.3  15.4  0.25  209.9  25.4
291120251239  1.240  7.3  314.3  15.4  0.26  195.1  25.4
291120251240  1.243  7.3  316.0  15.4  0.52  190.0  25.3
291120251241  1.245  7.3  317.7  15.4  0.15  205.5  25.3
291120251242  1.247  7.5  320.3  15.4  0.24  200.1  25.3
291120251243  1.250  7.7  321.3  14.3  0.26  190.0  25.2
291120251244  1.252  7.5  319.8  14.3  0.39  192.0  25.2
291120251245  1.254  7.8  319.6  14.3  0.27  193.2  25.2
291120251246  1.258  8.1  320.6  14.3  0.40  187.2  25.2
291120251247  1.261  8.3  322.6  14.3  0.14  182.6  25.3
291120251248  1.264  8.3  322.4  14.3  0.14  222.6  25.3
291120251249  1.267  8.4  322.0  14.3  0.08  258.2  25.3
291120251250  1.270  8.5  320.6  14.3  0.08  249.0  25.4
291120251251  1.274  8.1  321.1  14.3  0.09  218.8  25.4
291120251252  1.277  8.3  321.6  14.3  0.11  253.9  25.4
291120251253  1.282  8.2  320.8  13.8  0.23  182.7  25.4
291120251254  1.286  8.6  320.7  13.8  0.12  239.7  25.4
291120251255  1.290  8.5  320.7  13.8  0.11  195.9  25.4
291120251256  1.293  8.1  319.6  13.8  0.11  190.0  25.4
291120251257  1.296  8.1  318.9  13.8  0.21  184.6  25.4
291120251258  1.299  8.2  319.9  13.8  0.30  187.0  25.5
291120251259  1.302  8.0  320.5  13.6  0.32  195.6  25.5
291120251300  1.304  7.8  320.2  13.6  0.27  199.0  25.4
291120251301  1.307  7.9  318.6  13.6  0.27  199.2  25.4
291120251302  1.310  7.4  315.8  13.6  0.51  184.7  25.4
291120251303  1.312  7.0  314.5  13.6  0.17  268.6  25.4
291120251304  1.314  6.7  315.5  13.6  0.39  191.7  25.4
291120251305  1.314  6.9  317.2  13.6  0.19  191.7  25.3
291120251306  1.314  7.3  319.0  13.6  0.21  199.0  25.3
291120251307  1.316  7.4  319.2  12.9  0.30  195.5  25.3
291120251308  1.316  7.6  317.0  14.1  0.23  197.4  25.3
291120251309  1.316  7.8  317.5  14.1  0.30  195.6  25.3
291120251310  1.317  8.1  318.9  14.1  0.29  195.3  25.2
291120251311  1.318  8.3  319.3  14.1  0.15  195.9  25.2
291120251312  1.318  8.3  320.4  14.1  0.23  177.8  25.1
291120251313  1.318  8.6  319.8  14.1  0.48  178.7  25.1
291120251314  1.319  8.6  318.5  14.1  0.25  176.3  25.0
291120251315  1.318  8.7  316.7  14.1  0.19  188.2  25.0
291120251316  1.319  8.9  315.8  14.1  0.17  164.9  25.0
291120251317  1.319  9.0  314.7  14.1  0.31  172.7  25.0
291120251318  1.320  8.6  315.2  13.4  0.14  187.7  25.0
291120251319  1.322  8.5  315.3  13.4  0.17  313.2  25.0
291120251320  1.324  8.6  315.1  13.4  0.11  224.6  25.0
291120251321  1.325  8.4  316.1  13.4  0.03  201.3  25.1
291120251322  1.326  8.6  316.3  13.4  0.21  194.8  25.1
291120251323  1.328  9.0  318.5  16.8  0.20  201.7  25.1
291120251324  1.330  9.1  320.3  16.8  0.30  195.3  25.1
291120251325  1.332  9.0  321.6  16.8  0.35  182.0  25.1
291120251326  1.335  9.0  322.3  16.8  0.21  175.4  25.1
291120251327  1.337  8.7  322.5  16.8  0.23  170.5  25.1
291120251328  1.338  8.5  322.2  16.8  0.25  178.3  25.1
291120251329  1.342  8.4  320.6  16.8  0.17  162.9  25.1
291120251330  1.345  8.0  316.8  16.8  0.19  172.9  25.1
291120251331  1.350  7.6  315.8  16.8  0.34  193.6  25.1
291120251332  1.357  7.3  315.7  16.8  0.25  185.1  25.1
291120251333  1.362  6.9  314.8  14.6  0.33  191.7  25.0
291120251334  1.368  6.6  312.5  14.6  0.26  186.6  25.0
291120251335  1.375  6.2  310.3  14.6  0.33  193.4  25.0
291120251336  1.380  6.1  309.3  12.2  0.21  200.2  25.0
291120251337  1.386  6.3  310.3  12.2  0.32  196.0  25.0
291120251338  1.390  6.5  310.4  12.2  0.24  172.4  25.0
291120251339  1.396  6.6  315.2  12.2  0.29  180.2  24.9
291120251340  1.401  6.6  318.7  12.2  0.32  178.1  24.9
291120251341  1.406  6.6  318.2  12.2  0.40  177.0  24.9
291120251342  1.410  6.7  318.4  12.2  0.31  176.6  24.9
291120251343  1.413  6.9  316.8  12.2  0.34  168.0  24.8
291120251344  1.416  7.0  317.7  12.2  0.39  163.4  24.8
291120251345  1.418  7.1  319.1  12.2  0.27  166.8  24.8
291120251346  1.422  6.9  320.6  11.7  0.36  172.0  24.7
291120251347  1.425  6.9  323.5  13.2  0.55  177.8  24.7
291120251348  1.430  6.9  325.1  13.2  0.28  162.9  24.7
291120251349  1.433  6.8  326.8  13.2  0.34  168.3  24.7
291120251350  1.435  7.1  330.8  13.2  0.36  176.5  24.7
291120251351  1.437  7.7  334.1  13.2  0.31  170.2  24.7
291120251352  1.439  8.2  336.4  13.2  0.36  166.2  24.7
291120251353  1.439  8.1  338.8  13.2  0.47  175.2  24.7
291120251354  1.442  8.0  339.5  13.2  0.39  172.8  24.7
291120251355  1.445  7.9  339.6  13.2  0.23  166.7  24.7
291120251356  1.448  8.0  340.3  13.2  0.24  167.2  24.7
291120251357  1.451  7.9  341.3  11.9  0.33  173.8  24.7
291120251358  1.454  7.8  343.1  11.9  0.34  174.9  24.7
291120251359  1.457  7.6  343.3  11.9  0.25  156.8  24.7
291120251400  1.459  7.2  344.6  11.9  0.26  170.8  24.7
291120251401  1.463  6.8  345.4  11.9  0.18  174.1  24.8
291120251402  1.468  6.5  346.0  10.5  0.29  172.6  24.8
291120251403  1.471  6.5  345.7  10.5  0.19  177.8  24.7
291120251404  1.475  6.6  345.1  10.5  0.37  170.8  24.7
291120251405  1.480  6.7  347.2  10.5  0.33  178.3  24.7
291120251406  1.482  6.4  347.5  10.5  0.25  169.9  24.7
291120251407  1.484  6.2  346.1  8.9  0.41  176.4  24.7
291120251408  1.485  6.2  345.8  8.9  0.43  168.6  24.7
291120251409  1.486  6.2  343.9  8.9  0.18  173.5  24.7
291120251410  1.488  6.2  341.8  8.9  0.37  174.1  24.7
291120251411  1.489  6.1  339.1  8.9  0.30  179.0  24.7
291120251412  1.489  5.8  336.4  8.9  0.19  143.8  24.6
291120251413  1.487  5.8  336.1  9.7  0.30  169.2  24.6
291120251414  1.486  6.0  335.9  9.7  0.21  175.3  24.6
291120251415  1.485  6.1  334.8  9.7  0.16  156.3  24.6
291120251416  1.483  6.2  332.7  9.7  0.25  155.6  24.5
291120251417  1.482  6.2  331.5  9.7  0.20  165.1  24.4
291120251418  1.482  6.1  330.7  9.7  0.31  163.0  24.4
291120251419  1.482  5.9  330.2  9.7  0.14  116.6  24.3
291120251420  1.481  6.0  327.6  9.7  0.34  165.8  24.3
291120251421  1.480  5.8  327.3  9.7  0.24  177.8  24.2
291120251422  1.478  6.2  328.3  10.4  0.11  175.7  24.2
291120251423  1.477  6.4  327.8  12.2  0.27  171.4  24.2
291120251424  1.476  6.6  328.0  13.4  0.21  176.8  24.2
291120251425  1.476  6.7  328.8  13.4  0.17  167.5  24.2
291120251426  1.476  6.8  329.1  13.4  0.25  164.2  24.2
291120251427  1.475  6.9  328.8  13.4  0.23  165.2  24.2
291120251428  1.473  7.0  327.5  13.4  0.21  169.7  24.1
291120251429  1.471  7.5  327.3  13.4  0.21  168.8  24.0
291120251430  1.469  7.7  327.5  13.4  0.21  178.6  23.9
291120251431  1.467  7.9  329.3  13.4  0.14  173.1  23.9
291120251432  1.466  7.4  329.4  13.4  0.04  235.0  23.8
291120251433  1.464  7.1  331.0  13.4  0.04  227.4  23.9
291120251434  1.464  6.9  330.1  10.7  0.25  190.9  23.9
291120251435  1.464  6.9  327.0  11.3  0.09  166.2  23.8
291120251436  1.464  6.9  327.7  11.3  0.11  165.2  23.8
291120251437  1.463  6.7  328.8  11.3  0.06  89.9  23.8
291120251438  1.463  6.7  331.1  11.3  0.15  157.1  23.8
291120251439  1.462  6.8  332.4  11.8  0.06  127.4  23.8
291120251440  1.463  6.9  335.6  11.8  0.07  106.2  23.8
291120251441  1.465  7.0  335.9  11.8  0.06  166.0  23.7
291120251442  1.467  7.4  337.1  11.8  0.02  155.0  23.7
291120251443  1.468  7.4  337.7  11.8  0.07  165.7  23.8
291120251444  1.470  7.5  340.4  11.8  0.11  166.5  23.9
291120251445  1.473  7.6  343.7  11.8  0.12  211.4  23.9
291120251446  1.477  7.7  344.2  11.8  0.18  197.6  23.9
291120251447  1.481  8.1  343.1  11.9  0.19  195.2  23.8
291120251448  1.484  8.2  341.3  11.9  0.13  182.2  23.8
291120251449  1.485  7.8  342.5  11.9  0.18  188.2  23.7
291120251450  1.487  7.5  342.8  11.9  0.18  193.7  23.6
291120251451  1.489  7.5  341.7  11.9  0.08  194.0  23.6
291120251452  1.490  7.3  340.9  11.9  0.18  183.8  23.6
291120251453  1.492  7.3  340.8  11.9  0.28  180.1  23.5
291120251454  1.495  7.0  339.6  11.9  0.09  165.6  23.5
291120251455  1.496  6.6  335.1  11.9  0.28  190.8  23.6
291120251456  1.496  6.2  334.2  11.9  0.19  172.5  23.6
291120251457  1.496  5.8  335.5  9.0  0.20  164.9  23.6
291120251458  1.496  5.6  337.9  9.0  0.17  169.1  23.6
291120251459  1.496  5.8  335.1  9.0  0.17  156.1  23.6
291120251500  1.496  5.7  334.0  9.0  0.19  150.4  23.6
291120251501  1.495  5.8  335.2  11.4  0.21  166.5  23.6
291120251502  1.492  6.1  336.9  11.4  0.26  167.6  23.7
291120251503  1.489  6.1  337.4  11.4  0.14  173.1  23.7
291120251504  1.489  6.1  338.6  11.4  0.21  204.7  23.7
291120251505  1.489  6.2  342.8  11.4  0.24  190.0  23.7
291120251506  1.490  6.4  342.3  11.4  0.28  192.7  23.7
291120251507  1.490  6.3  342.4  11.4  0.20  184.3  23.7
291120251508  1.490  6.3  341.5  11.4  0.15  205.5  23.6
291120251509  1.490  6.1  342.3  11.4  0.13  190.0  23.6
291120251510  1.489  6.0  342.3  11.4  0.21  195.2  23.6
291120251511  1.487  5.6  341.9  10.8  0.26  182.7  23.5
291120251512  1.487  5.4  341.8  7.8  0.20  193.8  23.6
291120251513  1.487  5.4  341.1  7.5  0.28  197.6  23.6
291120251514  1.488  5.5  340.7  7.5  0.25  203.8  23.6
291120251515  1.489  5.4  339.7  7.5  0.32  183.1  23.6
291120251516  1.490  5.3  340.8  7.5  0.21  199.5  23.6
291120251517  1.491  5.6  341.2  9.8  0.26  192.6  23.6
291120251518  1.491  5.7  342.7  9.8  0.27  203.9  23.6
291120251519  1.494  5.9  344.6  9.8  0.20  199.6  23.6
291120251520  1.496  6.6  344.4  13.0  0.22  208.9  23.7
291120251521  1.496  7.0  345.6  13.0  0.15  207.9  23.7
291120251522  1.499  7.2  343.4  13.0  0.25  207.9  23.7
291120251523  1.503  7.3  341.8  13.0  0.22  201.3  23.8
291120251524  1.506  7.1  341.9  13.0  0.20  202.7  23.8
291120251525  1.507  7.1  344.6  13.0  0.16  189.3  23.8
291120251526  1.508  7.3  346.6  13.0  0.11  224.0  23.8
291120251527  1.511  7.3  347.3  13.0  0.26  189.6  23.8
291120251528  1.514  7.4  347.9  13.0  0.23  203.3  23.8
291120251529  1.517  7.3  348.7  13.0  0.20  202.4  23.8
291120251530  1.520  6.9  352.1  10.5  0.10  221.0  23.8
291120251531  1.521  6.9  353.2  10.5  0.18  220.2  23.8
291120251532  1.522  6.8  357.6  10.3  0.14  183.6  23.8
291120251533  1.522  6.9  1.9  9.4  0.25  184.6  23.8
291120251534  1.523  7.2  3.6  9.4  0.12  173.7  23.8
291120251535  1.523  7.2  3.5  9.4  0.16  216.6  23.8
291120251536  1.522  7.2  4.6  9.4  0.27  190.4  23.7
291120251537  1.522  7.3  6.7  9.4  0.13  196.7  23.7
291120251538  1.520  7.3  7.7  9.4  0.26  202.5  23.7
291120251539  1.516  7.3  8.3  9.4  0.10  193.5  23.7
291120251540  1.512  7.2  8.2  9.4  0.36  190.0  23.7
291120251541  1.508  7.1  8.3  9.2  0.11  215.7  23.7
291120251542  1.506  7.2  8.8  9.2  0.11  214.7  23.7
291120251543  1.503  7.2  8.8  9.2  0.19  188.9  23.7
291120251544  1.500  7.2  8.7  9.0  0.10  165.5  23.7
291120251545  1.496  7.3  9.4  9.0  0.18  193.8  23.7
291120251546  1.492  7.4  9.2  9.0  0.10  187.7  23.7
291120251547  1.489  7.2  8.3  9.0  0.22  199.2  23.8
291120251548  1.486  7.3  7.9  9.0  0.16  192.0  23.8
291120251549  1.482  7.3  7.2  9.0  0.08  208.0  23.8
291120251550  1.479  7.4  6.6  9.0  0.11  212.9  23.8
291120251551  1.475  7.6  6.6  9.8  0.14  203.3  23.8
291120251552  1.471  7.7  3.6  10.9  0.15  193.7  23.8
291120251553  1.467  7.8  2.7  10.9  0.13  195.2  23.8
291120251554  1.465  7.8  2.0  10.9  0.18  211.2  23.8
291120251555  1.463  8.0  0.5  12.1  0.27  194.1  23.7
291120251556  1.460  8.2  359.8  12.1  0.16  196.8  23.6
291120251557  1.458  8.4  0.1  12.1  0.16  165.3  23.6
291120251558  1.454  8.6  0.9  12.1  0.17  199.0  23.6
291120251559  1.450  8.9  1.6  12.1  0.25  204.1  23.6
291120251600  1.447  9.1  2.0  12.1  0.10  166.9  23.5
291120251601  1.445  9.3  2.6  12.1  0.11  193.9  23.5
291120251602  1.443  9.5  5.0  12.4  0.08  213.0  23.5
291120251603  1.440  9.6  5.8  12.4  0.12  231.7  23.5
291120251604  1.437  10.0  5.6  13.0  0.04  225.2  23.6
291120251605  1.433  10.1  6.0  13.0  nan  nan  nan
291120251606  1.428  10.4  6.9  13.0  0.08  266.3  23.5
291120251607  1.425  10.5  7.2  13.0  0.22  191.0  23.5
291120251608  1.423  10.7  6.9  13.9  0.09  190.0  23.5
291120251609  1.419  10.8  6.6  13.9  0.07  246.3  23.5
291120251610  1.417  11.1  6.4  13.9  0.18  193.1  23.5
291120251611  1.416  11.2  6.5  13.9  0.18  203.3  23.4
291120251612  1.413  11.3  6.1  13.9  0.09  179.5  23.4
291120251613  1.410  11.6  5.1  14.5  0.05  236.5  23.4
291120251614  1.405  11.6  5.9  15.9  0.10  174.9  23.4
291120251615  1.401  11.8  5.7  15.9  0.05  204.0  23.4
291120251616  1.397  11.9  4.9  15.9  0.18  208.4  23.4
291120251617  1.394  12.4  4.4  15.9  0.06  199.2  23.4
291120251618  1.390  12.5  4.5  15.9  0.04  317.9  23.4
291120251619  1.388  12.6  4.8  15.9  0.06  33.2  23.4
291120251620  1.385  12.7  5.1  15.9  0.08  31.3  23.4
291120251621  1.381  13.0  4.4  15.9  0.08  168.7  23.4
291120251622  1.377  13.0  4.9  16.1  0.04  142.9  23.4
291120251623  1.372  13.1  5.3  16.3  nan  nan  nan
291120251624  1.367  13.4  5.1  16.3  0.07  136.5  23.4
291120251625  1.362  13.4  5.3  16.3  0.04  192.5  23.5
291120251626  1.358  13.6  5.4  16.3  0.03  100.0  23.5
291120251627  1.354  13.6  5.8  16.3  0.04  226.9  23.5
291120251628  1.350  13.7  5.9  16.3  0.03  360.0  23.5
291120251629  1.347  14.1  5.5  17.8  0.09  345.1  23.5
291120251630  1.343  14.2  5.0  17.8  0.06  348.8  23.5
291120251631  1.340  14.2  4.8  17.8  0.14  22.5  23.5
291120251632  1.337  14.1  3.8  17.8  0.14  35.9  23.5
291120251633  1.333  14.1  3.0  17.8  0.10  56.5  23.5
291120251634  1.331  14.0  2.2  17.8  0.07  106.5  23.5
291120251635  1.330  14.1  1.5  17.8  0.12  107.6  23.5
291120251636  1.329  14.0  1.2  17.8  0.12  30.2  23.5
291120251637  1.329  13.8  0.3  17.8  0.09  97.5  23.5
291120251638  1.329  13.6  359.3  17.8  0.13  117.9  23.5
291120251639  1.327  13.2  358.7  15.8  0.08  63.4  23.5
291120251640  1.326  13.1  358.1  15.8  0.04  187.1  23.5
291120251641  1.325  12.8  357.7  15.8  0.18  61.1  23.5
291120251642  1.324  12.8  357.7  15.8  0.08  67.5  23.5
291120251643  1.322  12.6  357.7  15.8  0.16  62.4  23.5
291120251644  1.322  12.5  357.7  15.8  0.10  71.4  23.5
291120251645  1.322  12.4  357.6  15.8  0.12  89.6  23.6
291120251646  1.321  12.2  357.3  15.8  0.17  68.1  23.6
291120251647  1.322  12.1  357.2  13.7  0.27  37.5  23.6
291120251648  1.322  11.8  356.1  13.7  0.20  49.4  23.6
291120251649  1.323  11.9  356.2  13.7  0.09  50.0  23.6
291120251650  1.323  11.9  356.3  13.7  0.14  35.9  23.6
291120251651  1.322  12.0  356.4  14.8  0.08  125.3  23.6
291120251652  1.320  12.0  356.2  14.8  0.10  40.8  23.6
291120251653  1.319  12.1  356.4  14.8  0.11  61.7  23.6
291120251654  1.318  12.1  356.8  14.8  0.14  28.4  23.6
291120251655  1.317  12.0  357.1  14.8  0.09  25.8  23.6
291120251656  1.317  12.1  357.5  14.8  0.11  52.8  23.6
291120251657  1.315  12.2  357.8  14.8  0.14  38.7  23.6
291120251658  1.313  12.4  358.9  14.8  0.13  62.8  23.6
291120251659  1.311  12.3  358.5  14.8  0.21  56.1  23.6
291120251700  1.308  12.2  358.6  14.8  0.16  53.5  23.6
291120251701  1.306  12.1  358.3  13.9  0.32  43.0  23.6
291120251702  1.304  12.2  358.4  13.9  0.21  41.4  23.6
291120251703  1.303  12.0  358.6  13.7  0.23  43.1  23.6
291120251704  1.301  11.8  358.4  13.4  0.25  52.2  23.6
291120251705  1.300  11.7  358.5  13.4  0.24  47.0  23.6
291120251706  1.299  11.7  358.4  13.4  0.22  75.7  23.6
291120251707  1.296  11.5  358.6  13.4  0.30  38.6  23.6
291120251708  1.293  11.4  358.9  13.4  0.22  53.9  23.6
291120251709  1.290  11.2  359.4  13.4  0.21  25.6  23.6
291120251710  1.287  11.2  359.5  13.8  0.17  51.8  23.6
291120251711  1.284  11.3  0.1  13.8  0.33  34.2  23.6
291120251712  1.281  11.3  0.5  14.0  0.25  44.4  23.6
291120251713  1.278  11.4  0.4  14.0  0.24  44.3  23.6
291120251714  1.275  11.8  0.5  15.7  0.28  41.4  23.6
291120251715  1.271  11.9  0.7  15.7  0.26  60.9  23.6
291120251716  1.268  12.3  0.7  16.9  0.30  47.7  23.6
291120251717  1.263  12.7  0.7  16.9  0.35  43.2  23.6
291120251718  1.260  13.0  0.6  16.9  0.34  45.3  23.6
291120251719  1.256  13.3  0.8  16.9  0.33  60.5  23.6
291120251720  1.253  13.5  0.8  16.9  0.27  48.1  23.6
291120251721  1.250  13.6  0.9  16.9  0.39  53.0  23.6
291120251722  1.248  13.5  1.3  16.9  0.33  55.5  23.6
291120251723  1.245  13.6  1.5  16.9  0.26  57.4  23.6
291120251724  1.240  13.6  1.3  16.9  0.37  62.6  23.6
291120251725  1.238  13.7  0.7  16.9  0.35  55.5  23.6
291120251726  1.232  13.5  0.6  16.0  0.33  43.6  23.6
291120251727  1.225  13.6  0.1  17.1  0.37  48.0  23.6
291120251728  1.222  13.8  359.7  18.3  0.44  48.2  23.6
291120251729  1.217  13.8  359.7  18.3  0.42  43.5  23.7
291120251730  1.211  13.9  359.7  18.3  0.42  54.3  23.7
291120251731  1.205  14.1  359.4  18.3  0.44  61.1  23.7
291120251732  1.200  14.2  358.8  18.3  0.45  69.2  23.8
291120251733  1.194  14.3  357.9  18.3  0.39  64.7  23.8
291120251734  1.187  14.4  357.6  18.3  0.40  59.1  23.9
291120251735  1.183  14.5  357.4  18.3  0.42  50.3  23.9
291120251736  1.177  14.6  357.2  18.3  0.49  47.7  23.9
291120251737  1.171  14.5  357.4  18.3  0.48  49.7  23.9
291120251738  1.166  14.3  357.1  16.7  0.49  46.8  23.9
291120251739  1.161  14.3  356.7  16.7  0.40  61.7  23.9
291120251740  1.157  14.3  356.5  17.5  0.46  42.1  23.9
291120251741  1.153  14.0  356.2  17.5  0.34  64.4  23.8
291120251742  1.150  14.1  356.0  17.5  0.46  61.8  23.8
291120251743  1.146  14.1  356.4  17.5  0.45  37.7  23.9
291120251744  1.142  14.0  356.8  17.5  0.43  39.8  23.9
291120251745  1.137  13.8  357.6  17.5  0.29  71.5  24.0
291120251746  1.133  13.8  358.3  17.5  0.38  103.6  24.0
291120251747  1.129  13.9  358.5  17.5  0.33  56.7  24.1
291120251748  1.125  13.8  359.2  17.5  0.56  20.0  24.1
291120251749  1.121  13.7  0.3  17.5  0.44  51.9  24.1
291120251750  1.116  13.5  1.1  17.3  0.42  49.3  24.1
291120251751  1.112  13.5  1.9  17.3  0.34  86.6  24.1
291120251752  1.109  13.4  2.4  17.1  0.44  56.2  24.1
291120251753  1.107  13.3  3.0  17.1  0.55  24.4  24.1
291120251754  1.103  13.0  3.3  17.1  0.39  88.3  24.2
291120251755  1.101  12.9  3.0  17.1  0.27  86.5  24.2
291120251756  1.097  12.6  3.6  17.1  0.31  44.2  24.2
291120251757  1.094  12.4  3.4  14.9  0.28  78.3  24.2
291120251758  1.091  12.4  3.5  14.9  0.29  64.5  24.3
291120251759  1.088  12.3  2.6  14.9  0.27  77.1  24.3
291120251800  1.087  12.2  1.5  14.9  0.29  85.1  24.3
291120251801  1.084  12.2  0.5  14.9  0.27  63.3  24.3
291120251802  1.080  12.0  0.3  14.7  0.34  96.4  24.3
291120251803  1.077  12.0  359.6  14.9  0.32  65.1  24.4
291120251804  1.073  12.1  358.1  14.9  0.30  58.4  24.4
291120251805  1.068  12.0  356.9  14.9  0.18  71.8  24.4
291120251806  1.064  12.2  355.3  14.9  0.31  54.5  24.4
291120251807  1.060  12.3  354.9  14.9  0.38  35.4  24.4
291120251808  1.054  12.2  353.9  14.9  0.19  75.5  24.4
291120251809  1.049  12.1  353.3  14.9  0.28  65.0  24.4
291120251810  1.044  11.9  353.4  14.9  0.49  19.0  24.4
291120251811  1.039  11.6  353.8  14.9  0.40  40.1  24.4
291120251812  1.034  11.4  354.2  14.9  0.54  19.3  24.4
291120251813  1.028  10.9  354.9  14.4  0.36  30.4  24.4
291120251814  1.024  10.6  356.4  14.4  0.36  41.4  24.4
291120251815  1.017  10.3  357.5  14.4  0.39  33.6  24.4
291120251816  1.011  9.8  359.1  14.4  0.43  35.2  24.4
291120251817  1.005  9.3  0.8  12.8  0.39  39.9  24.4
291120251818  1.000  9.1  2.6  11.7  0.48  28.0  24.4
291120251819  0.994  8.9  4.2  11.7  0.37  36.8  24.4
291120251820  0.989  8.6  5.6  11.7  0.39  35.5  24.4
291120251821  0.985  8.5  6.3  11.7  0.41  34.3  24.4
291120251822  0.980  8.6  6.8  13.8  0.52  35.4  24.4
291120251823  0.977  9.0  5.4  13.8  0.37  38.2  24.4
291120251824  0.972  9.2  5.0  13.8  0.40  35.6  24.4
291120251825  0.969  9.2  5.2  13.8  0.39  51.8  24.4
291120251826  0.965  9.1  5.6  13.8  0.56  25.2  24.4
291120251827  0.962  9.3  4.7  13.8  0.28  57.5  24.4
291120251828  0.958  9.3  2.9  13.8  0.40  35.3  24.4
291120251829  0.954  9.4  1.7  13.8  0.51  40.7  24.4
291120251830  0.951  9.6  0.0  13.8  0.40  49.9  24.4
291120251831  0.947  9.6  359.5  13.8  0.37  53.9  24.5
291120251832  0.944  9.4  358.1  13.2  0.44  52.1  24.5
291120251833  0.942  9.1  357.9  12.8  0.41  53.1  24.5
291120251834  0.939  8.9  357.0  11.8  0.38  55.0  24.5
291120251835  0.936  8.9  355.6  11.8  0.51  41.7  24.5
291120251836  0.931  9.0  353.8  11.8  0.48  44.3  24.5
291120251837  0.928  8.9  352.1  10.7  0.48  39.3  24.5
291120251838  0.925  8.9  349.9  12.3  0.47  41.7  24.6
291120251839  0.921  9.0  348.4  12.3  0.38  44.7  24.6
291120251840  0.919  9.2  348.7  12.4  0.47  40.3  24.6
291120251841  0.917  9.2  348.3  12.4  0.37  46.8  24.6
291120251842  0.914  9.2  348.2  12.4  0.30  66.2  24.6
291120251843  0.911  9.2  347.9  12.4  0.37  47.2  24.6
291120251844  0.908  9.2  348.0  12.4  0.41  47.9  24.6
291120251845  0.905  9.4  347.9  12.4  0.39  56.2  24.6
291120251846  0.903  9.4  348.0  12.4  0.40  45.5  24.6
291120251847  0.899  9.3  348.2  12.4  0.36  49.8  24.6
291120251848  0.893  9.1  348.4  12.4  0.31  69.3  24.7
291120251849  0.889  8.9  347.9  12.4  0.38  52.5  24.7
291120251850  0.883  8.8  346.3  11.2  0.42  45.9  24.7
291120251851  0.880  8.7  345.5  11.2  0.39  47.2  24.7
291120251852  0.875  8.7  343.5  11.2  0.33  61.9  24.7
291120251853  0.870  8.7  342.5  11.2  0.46  56.4  24.7
291120251854  0.867  9.1  341.9  14.0  0.40  63.1  24.8
291120251855  0.864  9.2  341.3  14.6  0.38  59.2  24.8
291120251856  0.859  9.4  340.9  14.6  0.33  50.7  24.8
291120251857  0.855  9.6  340.4  14.6  0.39  53.0  24.8
291120251858  0.851  9.8  340.8  14.6  0.40  48.0  24.8
291120251859  0.847  10.0  340.3  14.6  0.40  39.4  24.8
291120251900  0.843  10.1  339.7  14.6  0.26  61.4  24.8
291120251901  0.839  10.3  338.5  14.6  0.47  40.0  24.9
291120251902  0.835  10.7  339.3  14.6  0.38  49.8  24.9
291120251903  0.830  10.9  337.3  14.6  0.42  41.0  24.9
291120251904  0.825  11.1  336.8  16.0  0.28  75.4  24.9
291120251905  0.822  11.0  336.4  16.0  0.39  36.7  24.9
291120251906  0.816  11.5  336.9  16.3  0.42  40.9  24.9
291120251907  0.810  11.8  336.7  16.3  0.33  54.3  24.9
291120251908  0.807  11.9  335.3  16.3  0.35  66.4  24.9
291120251909  0.802  12.0  336.1  16.3  0.44  28.9  24.9
291120251910  0.798  12.5  336.0  16.9  0.37  41.4  24.9
291120251911  0.793  12.6  336.1  16.9  0.31  37.5  24.9
291120251912  0.788  12.5  335.9  16.9  0.38  46.3  24.9
291120251913  0.783  12.5  336.7  16.9  0.38  49.2  25.0
291120251914  0.779  12.3  335.9  16.9  0.31  53.7  25.0
291120251915  0.775  12.3  336.1  16.9  0.34  45.0  25.0
291120251916  0.771  12.2  334.9  16.9  0.39  94.5  25.0
291120251917  0.767  11.8  335.0  16.9  0.56  24.0  25.0
291120251918  0.763  11.6  337.1  16.9  0.36  53.0  25.0
291120251919  0.757  11.7  336.5  16.9  0.39  37.7  25.0
291120251920  0.752  11.2  337.2  16.7  0.32  43.3  25.1
291120251921  0.747  11.1  336.7  16.7  0.40  36.2  25.1
291120251922  0.742  11.0  336.6  16.7  0.36  51.5  25.1
291120251923  0.738  10.9  336.9  16.7  0.34  66.6  25.1
291120251924  0.734  11.0  337.8  16.7  0.47  47.3  25.1
291120251925  0.730  10.8  337.2  16.7  0.45  48.3  25.1
291120251926  0.726  10.6  337.9  13.5  0.33  59.5  25.1
291120251927  0.723  11.1  336.7  15.1  0.37  66.2  25.1
291120251928  0.718  11.2  335.9  15.1  0.33  64.6  25.1
291120251929  0.714  11.0  336.1  15.1  0.37  70.4  25.1
291120251930  0.711  11.2  336.2  15.1  0.38  52.7  25.1
291120251931  0.706  11.3  337.7  15.1  0.35  70.0  25.1
291120251932  0.703  11.3  337.5  15.1  0.42  39.9  25.1
291120251933  0.702  11.2  337.9  15.1  0.43  54.6  25.1
291120251934  0.699  10.8  338.3  15.1  0.39  43.5  25.1
291120251935  0.696  10.8  339.4  15.1  0.35  66.2  25.1
291120251936  0.692  10.5  339.7  15.1  0.46  58.4  25.1
291120251937  0.689  10.0  340.1  13.9  0.44  37.8  25.1
291120251938  0.686  9.9  339.9  13.8  0.42  43.7  25.1
291120251939  0.681  9.8  340.8  13.8  0.41  56.2  25.1
291120251940  0.678  9.7  341.2  13.8  0.41  47.5  25.1
291120251941  0.675  9.6  338.6  13.8  0.41  72.5  25.1
291120251942  0.672  9.6  338.9  13.8  0.43  47.6  25.1
291120251943  0.669  9.6  337.9  13.8  0.44  60.6  25.1
291120251944  0.666  9.6  336.9  13.8  0.39  35.3  25.1
291120251945  0.663  9.7  335.6  13.8  0.43  47.3  25.1
291120251946  0.659  9.9  335.1  13.8  0.41  59.6  25.1
291120251947  0.655  9.9  336.2  13.8  0.46  44.8  25.2
291120251948  0.653  9.8  336.7  13.8  0.36  64.9  25.2
291120251949  0.651  9.7  335.5  13.8  0.40  93.3  25.2
291120251950  0.647  9.6  335.3  12.3  0.58  31.6  25.2
291120251951  0.644  9.6  336.4  12.4  0.37  50.9  25.2
291120251952  0.640  9.5  335.4  12.4  0.45  42.0  25.2
291120251953  0.637  9.4  336.4  12.4  0.37  37.6  25.2
291120251954  0.633  9.5  337.3  12.4  0.44  38.0  25.2
291120251955  0.630  9.7  338.1  13.2  0.40  54.2  25.2
291120251956  0.628  9.4  336.3  13.2  0.42  36.2  25.2
291120251957  0.625  9.1  335.0  13.2  0.34  66.3  25.2
291120251958  0.621  8.9  334.7  13.2  0.36  64.8  25.2
291120251959  0.619  8.6  334.9  13.2  0.35  53.9  25.2
291120252000  0.616  8.6  334.4  13.2  0.37  72.1  25.2
291120252001  0.612  8.5  334.5  13.2  0.40  70.3  25.2
291120252002  0.610  8.1  335.1  13.2  0.47  44.6  25.2
291120252003  0.606  7.7  334.4  13.2  0.49  45.2  25.2
291120252004  0.602  7.6  332.8  13.2  0.47  32.9  25.3
291120252005  0.599  7.3  330.1  11.9  0.39  51.6  25.3
291120252006  0.596  7.0  331.5  11.9  0.44  44.2  25.3
291120252007  0.594  7.0  330.8  11.9  0.42  55.9  25.3
291120252008  0.592  7.0  329.8  11.9  0.29  69.0  25.3
291120252009  0.592  7.2  329.0  11.9  0.34  52.0  25.3
291120252010  0.588  7.0  328.7  9.8  0.37  45.9  25.3
291120252011  0.586  7.1  328.7  10.6  0.36  46.3  25.3
291120252012  0.583  7.4  328.1  11.7  0.48  34.9  25.3
291120252013  0.580  7.6  327.9  11.7  0.47  36.0  25.3
291120252014  0.577  7.7  327.4  11.7  0.40  46.3  25.3
291120252015  0.575  7.6  327.7  11.7  0.45  36.2  25.3
291120252016  0.573  7.6  327.0  11.7  0.39  49.9  25.3
291120252017  0.572  7.6  327.7  11.7  0.44  31.8  25.3
291120252018  0.571  7.6  327.9  11.7  0.40  84.2  25.4
291120252019  0.566  7.2  327.5  11.7  0.40  43.4  25.4
291120252020  0.565  7.1  326.1  11.7  0.46  47.4  25.4
291120252021  0.562  6.8  325.5  11.7  0.38  43.2  25.4
291120252022  0.558  6.4  325.0  9.5  0.49  44.1  25.4
291120252023  0.555  6.3  324.8  9.5  0.48  37.3  25.4
291120252024  0.551  5.9  323.2  8.2  0.39  38.3  25.4
291120252025  0.550  5.6  322.4  7.9  0.41  47.5  25.4
291120252026  0.547  5.6  321.4  7.9  0.40  43.4  25.4
291120252027  0.546  5.6  321.5  7.9  0.39  59.1  25.4
291120252028  0.544  5.7  321.6  7.8  0.34  57.6  25.4
291120252029  0.541  5.9  322.0  8.4  0.40  47.0  25.4
291120252030  0.538  6.0  322.2  9.1  0.33  39.0  25.4
291120252031  0.536  6.1  322.5  9.1  0.40  56.6  25.4
291120252032  0.533  6.0  323.0  9.1  0.42  55.4  25.5
291120252033  0.531  6.0  323.2  9.1  0.29  61.3  25.5
291120252034  0.528  6.1  324.4  9.1  0.33  62.0  25.5
291120252035  0.525  6.2  325.6  9.1  0.41  35.7  25.5
291120252036  0.523  6.2  328.0  9.1  0.39  36.3  25.5
291120252037  0.520  6.3  328.7  9.1  0.32  53.5  25.5
291120252038  0.518  6.2  327.8  9.1  0.34  48.7  25.5
291120252039  0.516  6.2  328.0  9.1  0.38  44.2  25.5
291120252040  0.513  6.1  329.1  8.6  0.28  59.6  25.5
291120252041  0.511  6.0  330.5  8.1  0.30  62.7  25.5
291120252042  0.511  6.1  329.9  8.1  0.41  40.5  25.6
291120252043  0.508  6.2  329.6  8.1  0.45  44.2  25.6
291120252044  0.506  6.2  329.8  8.1  0.34  46.7  25.6
291120252045  0.503  6.4  330.0  8.1  0.46  43.2  25.6
291120252046  0.500  6.4  329.8  8.1  0.38  46.3  25.6
291120252047  0.497  6.2  329.4  8.1  0.42  50.2  25.6
291120252048  0.495  6.1  330.2  8.1  0.44  38.5  25.6
291120252049  0.493  5.8  331.1  8.1  0.52  40.4  25.6
291120252050  0.489  5.5  329.9  8.1  0.43  33.5  25.6
291120252051  0.488  5.4  327.6  8.1  0.36  34.2  25.6
291120252052  0.485  5.2  326.9  8.1  0.42  44.1  25.6
291120252053  0.482  5.0  328.1  7.4  0.35  44.7  25.6
291120252054  0.479  4.8  329.6  7.4  0.52  35.0  25.6
291120252055  0.476  4.7  330.0  7.2  0.36  39.9  25.6
291120252056  0.474  4.7  329.7  6.4  0.41  39.4  25.6
291120252057  0.471  4.7  328.8  7.1  0.44  41.2  25.6
291120252058  0.469  4.8  328.9  7.1  0.41  36.3  25.6
291120252059  0.467  5.0  329.1  7.2  0.38  38.4  25.7
291120252100  0.466  5.2  328.7  7.4  0.47  37.8  25.7
291120252101  0.466  5.3  328.7  7.6  0.50  40.7  25.7
291120252102  0.466  5.5  328.6  7.6  0.41  38.7  25.7
291120252103  0.465  5.6  326.5  7.6  0.42  36.1  25.7
291120252104  0.463  5.6  325.3  7.6  0.47  39.7  25.7
291120252105  0.462  5.6  324.1  7.6  0.34  46.3  25.7
291120252106  0.461  5.8  323.3  8.1  0.46  35.8  25.7
291120252107  0.459  5.7  323.6  8.1  0.43  42.8  25.7
291120252108  0.458  5.6  322.8  8.1  0.43  41.1  25.7
291120252109  0.459  5.5  322.9  8.1  0.42  69.3  25.7
291120252110  0.457  5.6  322.8  8.1  0.33  58.1  25.7
291120252111  0.456  5.5  323.5  8.1  0.36  43.4  25.7
291120252112  0.457  5.4  324.3  8.1  0.32  32.8  25.7
291120252113  0.457  5.4  324.2  8.1  0.45  34.0  25.8
291120252114  0.456  5.6  323.9  8.1  0.35  39.3  25.8
291120252115  0.456  5.8  324.4  8.1  0.39  28.5  25.8
291120252116  0.456  5.7  324.1  8.1  0.45  23.9  25.8
291120252117  0.456  5.7  324.2  8.1  0.28  40.5  25.8
291120252118  0.457  5.6  322.6  8.1  0.41  27.8  25.8
291120252119  0.457  5.5  321.1  8.1  0.37  30.6  25.8
291120252120  0.457  5.3  320.3  8.1  0.38  28.9  25.8
291120252121  0.456  5.1  319.6  8.1  0.29  32.2  25.8
291120252122  0.456  4.9  318.4  8.1  0.37  25.4  25.8
291120252123  0.453  4.7  318.8  8.1  0.36  19.0  25.8
291120252124  0.453  4.6  318.2  8.1  0.29  37.1  25.8
291120252125  0.452  4.4  317.7  7.3  0.27  28.3  25.8
291120252126  0.451  4.5  318.8  7.5  0.30  26.8  25.8
291120252127  0.451  4.6  318.6  7.5  0.37  26.3  25.8
291120252128  0.449  4.9  320.8  7.6  0.28  29.4  25.8
291120252129  0.449  5.0  321.7  7.6  0.29  16.2  25.8
291120252130  0.445  5.2  323.2  7.6  0.33  17.0  25.8
291120252131  0.444  5.4  323.5  7.6  0.43  20.2  25.8
291120252132  0.442  5.7  324.2  7.6  0.31  26.5  25.8
291120252133  0.441  5.9  324.7  7.6  0.30  26.0  25.8
291120252134  0.438  5.9  325.1  7.6  0.21  44.3  25.8
291120252135  0.437  5.8  325.2  7.6  0.25  39.8  25.9
291120252136  0.437  5.5  324.3  7.6  0.28  35.9  25.9
291120252137  0.436  5.2  324.3  7.6  0.24  47.7  25.9
291120252138  0.435  5.0  324.1  7.4  0.24  57.7  25.9
291120252139  0.434  4.8  324.0  7.4  0.19  91.6  25.9
291120252140  0.430  4.6  323.5  6.8  0.32  19.9  25.9
291120252141  0.427  4.5  323.6  6.8  0.31  30.0  25.9
291120252142  0.424  4.6  322.0  7.2  0.26  35.8  25.9
291120252143  0.422  4.5  322.4  7.2  0.31  26.2  25.9
291120252144  0.420  4.6  322.9  7.4  0.26  32.7  25.9
291120252145  0.418  4.7  322.3  7.4  0.26  50.1  25.9
291120252146  0.417  4.7  323.5  7.4  0.41  36.0  25.9
291120252147  0.417  4.8  323.8  7.4  0.29  34.9  25.9
291120252148  0.418  4.9  324.4  7.4  0.32  42.9  25.9
291120252149  0.416  5.0  323.5  7.4  0.26  47.9  26.0
291120252150  0.415  5.3  325.1  8.2  0.35  33.2  26.0
291120252151  0.414  5.3  324.7  8.2  0.20  50.3  26.0
291120252152  0.414  5.0  325.9  8.2  0.26  37.5  26.0
291120252153  0.415  4.7  325.2  8.2  0.28  42.0  26.0
291120252154  0.416  4.4  323.3  8.2  0.23  58.5  26.0
291120252155  0.418  4.3  321.7  8.2  0.25  28.4  26.0
291120252156  0.417  4.1  319.6  8.2  0.42  18.3  26.0
291120252157  0.419  4.1  318.2  8.2  0.19  39.2  26.0
291120252158  0.419  4.1  315.9  8.2  0.17  50.9  26.0
291120252159  0.419  3.9  315.5  8.2  0.24  30.8  26.0
291120252200  0.422  3.7  314.7  7.5  0.23  20.3  26.0
291120252201  0.425  3.8  311.7  5.9  0.12  13.8  26.0
291120252202  0.426  3.9  312.2  6.0  0.32  14.2  26.1
291120252203  0.427  4.1  312.8  6.0  0.26  14.4  26.1
291120252204  0.428  4.3  315.1  6.3  0.24  31.6  26.1
291120252205  0.428  4.4  317.6  6.3  0.31  19.7  26.1
291120252206  0.431  4.5  318.6  6.3  0.27  20.0  26.1
291120252207  0.432  4.4  320.1  6.3  0.29  7.3  26.1
291120252208  0.434  4.2  321.0  6.3  0.25  355.0  26.1
291120252209  0.436  4.2  320.8  6.3  0.33  10.0  26.1
291120252210  0.438  4.0  318.8  6.3  0.33  6.9  26.1
291120252211  0.439  3.8  321.8  6.3  0.26  10.9  26.1
291120252212  0.440  3.5  321.1  6.3  0.17  9.3  26.1
291120252213  0.442  3.5  320.6  6.7  0.28  8.0  26.1
291120252214  0.442  3.4  320.1  6.7  0.15  347.1  26.1
291120252215  0.444  3.4  317.2  6.7  0.18  359.9  26.1
291120252216  0.445  3.3  317.4  6.7  0.13  10.8  26.1
291120252217  0.446  3.5  316.6  6.7  0.28  353.2  26.1
291120252218  0.446  3.5  315.6  6.7  0.25  6.4  26.1
291120252219  0.447  3.4  314.8  6.7  0.18  13.7  26.1
291120252220  0.449  3.4  314.7  6.7  0.19  17.6  26.1
291120252221  0.450  3.3  313.6  6.7  0.24  12.8  26.1
291120252222  0.453  3.3  311.8  6.7  0.20  1.1  26.1
291120252223  0.456  3.0  307.8  6.2  0.21  21.2  26.1
291120252224  0.458  2.8  303.8  6.0  0.13  26.1  26.1
291120252225  0.460  2.7  301.6  6.0  0.30  14.8  26.2
291120252226  0.462  2.7  298.8  6.0  0.10  23.8  26.2
291120252227  0.464  2.4  295.1  4.8  0.13  3.1  26.2
291120252228  0.466  2.1  293.1  4.8  0.14  16.2  26.2
291120252229  0.469  2.1  293.3  4.8  0.10  14.6  26.2
291120252230  0.471  2.1  291.4  4.8  0.09  348.4  26.2
291120252231  0.474  2.1  290.0  4.8  0.19  21.0  26.2
291120252232  0.477  2.2  292.4  4.8  0.25  356.3  26.2
291120252233  0.479  2.3  294.3  4.8  0.18  13.2  26.2
291120252234  0.482  2.4  294.9  4.8  0.06  34.8  26.2
291120252235  0.485  2.5  294.9  5.3  0.18  354.6  26.2
291120252236  0.488  2.7  294.2  5.3  0.13  0.4  26.2
291120252237  0.492  2.8  293.1  5.3  0.10  346.0  26.2
291120252238  0.496  2.9  291.7  5.3  0.12  336.3  26.2
291120252239  0.501  3.0  289.9  5.3  0.17  13.9  26.2
291120252240  0.506  3.2  288.5  6.9  0.10  42.7  26.2
291120252241  0.509  3.5  286.5  6.9  0.09  30.4  26.2
291120252242  0.512  3.6  285.2  6.9  0.03  275.9  26.2
291120252243  0.513  3.6  284.4  6.9  nan  nan  nan
291120252244  0.516  3.7  284.0  6.9  nan  nan  nan
291120252245  0.520  3.6  284.7  6.9  0.03  36.6  26.2
291120252246  0.523  3.5  284.1  6.9  0.05  44.8  26.2
291120252247  0.526  3.7  283.3  6.9  0.02  80.0  26.2
291120252248  0.528  3.7  284.0  6.9  0.11  353.2  26.2
291120252249  0.529  3.7  285.0  6.9  0.04  79.1  26.2
291120252250  0.531  3.6  286.1  5.9  0.02  34.4  26.2
291120252251  0.532  3.3  290.1  5.5  0.12  67.6  26.2
291120252252  0.534  3.2  291.9  5.5  0.05  76.5  26.2
291120252253  0.536  3.3  293.6  5.5  0.09  334.2  26.3
291120252254  0.538  3.1  296.6  5.5  0.06  355.1  26.3
291120252255  0.542  3.0  297.7  5.5  0.03  284.1  26.3
291120252256  0.545  3.0  299.0  5.5  0.06  215.0  26.3
291120252257  0.549  2.8  301.5  5.5  0.04  266.6  26.3
291120252258  0.551  2.8  301.2  5.5  0.03  222.7  26.3
291120252259  0.554  2.7  302.8  4.9  0.10  267.1  26.2
291120252300  0.557  2.8  302.6  5.7  0.07  227.5  26.2
291120252301  0.560  3.0  300.7  5.7  0.09  319.0  26.2
291120252302  0.559  3.1  299.9  5.7  0.04  226.9  26.2
291120252303  0.559  3.0  299.8  5.7  0.06  283.6  26.2
291120252304  0.559  3.2  298.5  5.7  0.09  313.7  26.2
291120252305  0.559  3.3  298.1  5.7  0.10  225.5  26.2
291120252306  0.560  3.3  299.3  5.7  0.05  56.5  26.2
291120252307  0.560  3.3  300.1  5.7  0.07  317.9  26.2
291120252308  0.559  3.3  300.8  5.7  0.08  356.0  26.2
291120252309  0.559  3.2  300.7  5.7  0.09  246.3  26.2
291120252310  0.558  3.1  299.5  5.5  0.09  274.9  26.2
291120252311  0.557  3.0  300.4  5.5  0.08  357.3  26.2
291120252312  0.556  2.8  302.3  5.5  0.17  230.7  26.2
291120252313  0.557  2.7  303.4  5.5  0.13  243.8  26.2
291120252314  0.557  2.7  305.4  4.8  0.07  308.7  26.2
291120252315  0.557  2.8  304.1  4.8  0.10  224.0  26.2
291120252316  0.558  2.9  300.0  5.8  0.10  190.0  26.2
291120252317  0.557  3.1  299.6  5.9  0.04  192.9  26.2
291120252318  0.557  3.5  295.9  8.1  0.10  220.8  26.2
291120252319  0.557  3.7  293.8  8.1  0.06  349.7  26.2
291120252320  0.556  3.9  293.7  8.1  0.13  204.4  26.2
291120252321  0.556  3.8  293.1  8.1  0.06  336.8  26.2
291120252322  0.554  4.0  291.4  8.1  0.06  201.0  26.2
291120252323  0.555  4.4  289.7  8.1  0.06  219.1  26.2
291120252324  0.554  4.5  287.7  8.1  0.08  208.0  26.2
291120252325  0.554  4.6  288.3  8.1  0.05  263.5  26.2
291120252326  0.554  4.5  290.7  8.1  0.12  216.1  26.1
291120252327  0.554  4.3  289.2  8.1  0.09  258.0  26.1
291120252328  0.556  3.8  292.2  7.2  0.03  330.7  26.1
291120252329  0.558  3.6  294.1  7.2  0.08  248.1  26.1
291120252330  0.561  3.4  294.7  7.2  0.10  223.1  26.1
291120252331  0.564  3.6  291.4  7.2  0.07  235.0  26.1
291120252332  0.567  3.6  290.0  7.2  0.17  209.5  26.1
291120252333  0.571  3.4  288.6  6.7  0.06  297.9  26.1
291120252334  0.575  3.2  285.1  6.7  0.10  233.4  26.1
291120252335  0.580  3.2  283.2  6.7  0.06  174.1  26.1
291120252336  0.583  3.3  278.0  6.7  0.05  261.6  26.2
291120252337  0.587  3.7  275.0  7.2  0.14  223.9  26.2
291120252338  0.592  4.0  273.1  7.2  0.10  238.0  26.2
291120252339  0.597  4.2  270.2  7.2  0.09  260.0  26.2
291120252340  0.600  4.2  270.5  7.2  0.08  262.4  26.2
291120252341  0.603  4.1  272.4  7.2  0.19  223.0  26.2
291120252342  0.607  4.1  273.8  7.2  0.27  213.8  26.2
291120252343  0.610  3.9  278.4  7.2  0.15  224.7  26.2
291120252344  0.614  3.9  283.2  7.2  0.22  226.8  26.2
291120252345  0.616  3.6  287.4  7.2  0.13  239.4  26.1
291120252346  0.619  3.5  292.1  7.2  0.20  228.7  26.1
291120252347  0.621  3.2  298.1  6.7  0.22  223.3  26.1
291120252348  0.625  3.0  303.2  5.6  0.26  225.2  26.1
291120252349  0.629  3.0  308.5  5.6  0.24  225.1  26.0
291120252350  0.633  3.0  311.4  5.6  0.19  230.0  26.0
291120252351  0.637  2.9  314.2  5.6  0.19  225.5  26.0
291120252352  0.643  2.8  319.2  4.5  0.22  221.6  26.0
291120252353  0.647  2.7  319.4  4.5  0.24  209.3  26.0
291120252354  0.653  2.9  320.5  6.1  0.23  204.6  26.0
291120252355  0.655  3.1  319.3  6.1  0.15  214.5  26.0
291120252356  0.659  3.2  322.0  6.1  0.25  226.1  25.9
291120252357  0.662  3.3  323.3  6.1  0.22  215.4  25.9
291120252358  0.666  3.5  323.0  6.1  0.13  229.6  25.9
291120252359  0.670  3.6  323.7  6.1  0.17  226.9  25.9
301120250000  0.673  3.7  323.5  6.1  0.27  211.8  25.9
301120250001  0.676  3.9  322.4  6.9  0.20  221.2  25.9
301120250002  0.679  4.0  321.8  6.9  0.24  230.0  25.9
301120250003  0.682  4.2  322.6  6.9  0.17  228.6  25.9
301120250004  0.686  4.2  321.8  6.9  0.25  229.1  25.9
301120250005  0.689  4.1  321.9  6.9  0.20  207.2  25.9
301120250006  0.691  4.2  320.3  6.9  0.26  214.2  25.9
301120250007  0.696  4.2  320.3  6.9  0.23  210.9  25.9
301120250008  0.701  4.0  320.5  6.9  0.24  201.4  25.8
301120250009  0.705  4.2  321.3  6.9  0.19  214.8  25.8
301120250010  0.709  4.3  319.9  6.9  0.22  215.0  25.8
301120250011  0.713  4.2  320.7  6.1  0.15  229.9  25.8
301120250012  0.717  4.3  320.5  6.1  0.23  212.7  25.8
301120250013  0.720  4.2  318.7  6.1  0.08  250.3  25.7
301120250014  0.724  4.1  317.6  6.1  0.18  198.5  25.7
301120250015  0.728  4.1  317.2  5.8  0.21  214.0  25.7
301120250016  0.731  4.1  317.0  5.9  0.19  210.1  25.8
301120250017  0.735  4.1  315.8  5.9  0.33  213.4  25.8
301120250018  0.737  4.4  316.0  7.0  0.45  211.5  25.8
301120250019  0.739  4.4  315.3  7.0  0.24  202.8  25.7
301120250020  0.742  4.4  316.7  7.0  0.17  201.1  25.7
301120250021  0.745  4.4  317.8  7.0  0.22  202.5  25.7
301120250022  0.749  4.4  319.8  7.0  0.36  198.3  25.6
301120250023  0.752  4.5  321.5  7.0  0.30  193.0  25.6
301120250024  0.757  4.6  322.8  7.0  0.25  195.4  25.6
301120250025  0.760  4.6  324.1  7.0  0.26  194.2  25.6
301120250026  0.763  4.6  326.2  7.0  0.23  193.9  25.6
301120250027  0.766  4.8  329.2  7.0  0.21  193.2  25.6
301120250028  0.769  4.8  332.4  6.8  0.16  203.7  25.6
301120250029  0.772  5.0  335.6  7.2  0.23  199.8  25.6
301120250030  0.776  5.2  336.9  7.9  0.21  193.2  25.6
301120250031  0.780  5.5  337.2  8.0  0.33  193.4  25.5
301120250032  0.782  5.8  336.5  8.0  0.20  204.0  25.5
301120250033  0.785  5.9  336.9  8.0  0.43  193.9  25.5
301120250034  0.787  6.0  337.5  8.0  0.17  189.3  25.5
301120250035  0.790  6.2  338.0  8.0  0.23  187.0  25.5
301120250036  0.793  6.3  338.7  8.0  0.23  182.6  25.5
301120250037  0.796  6.4  338.9  8.0  0.24  175.2  25.5
301120250038  0.799  6.5  338.8  8.0  0.27  184.5  25.5
301120250039  0.802  6.5  338.5  8.0  0.29  189.2  25.5
301120250040  0.805  6.4  339.1  8.0  0.34  182.5  25.5
301120250041  0.807  6.3  339.0  8.0  0.38  183.9  25.5
301120250042  0.810  6.2  339.4  8.0  0.19  183.0  25.5
301120250043  0.816  6.1  337.9  8.0  0.27  194.1  25.4
301120250044  0.820  6.0  336.9  8.0  0.27  175.7  25.4
301120250045  0.825  5.9  333.8  8.0  0.28  202.4  25.4
301120250046  0.828  5.8  330.6  8.0  0.18  188.2  25.4
301120250047  0.832  5.7  327.3  8.0  0.26  189.6  25.4
301120250048  0.835  5.7  322.8  7.7  0.24  202.2  25.4
301120250049  0.837  5.7  319.8  7.7  0.30  196.0  25.4
301120250050  0.840  5.7  317.4  7.8  0.26  206.9  25.4
301120250051  0.843  5.6  316.4  7.8  0.33  199.2  25.4
301120250052  0.847  5.6  315.0  7.8  0.26  195.7  25.4
301120250053  0.852  5.5  315.3  7.8  0.38  185.9  25.4
301120250054  0.854  5.5  316.3  7.8  0.18  212.5  25.4
301120250055  0.859  5.5  319.4  7.8  0.29  192.3  25.4
301120250056  0.862  5.5  322.0  7.8  0.25  198.0  25.4
301120250057  0.866  5.6  323.9  8.2  0.18  193.1  25.4
301120250058  0.869  5.5  326.4  8.2  0.39  188.0  25.3
301120250059  0.874  5.6  327.5  8.2  0.39  190.3  25.3
301120250100  0.878  5.6  328.5  8.2  0.40  181.6  25.3
301120250101  0.882  5.5  328.0  8.2  0.41  191.4  25.3
301120250102  0.886  5.4  327.3  8.2  0.40  185.9  25.3
301120250103  0.890  5.2  326.2  8.2  0.40  187.5  25.3
301120250104  0.896  5.2  323.8  8.2  0.45  188.7  25.3
301120250105  0.901  5.1  321.5  8.2  0.42  187.9  25.3
301120250106  0.907  4.9  319.7  8.2  0.53  182.5  25.3
301120250107  0.912  4.6  319.1  7.3  0.42  174.3  25.3
301120250108  0.916  4.4  317.8  7.3  0.45  183.6  25.3
301120250109  0.920  4.3  316.3  7.3  0.41  187.3  25.3
301120250110  0.924  4.1  316.4  7.3  0.16  181.7  25.3
301120250111  0.928  4.0  317.1  7.3  0.28  186.9  25.3
301120250112  0.933  4.1  317.0  7.3  0.43  189.0  25.3
301120250113  0.939  4.3  317.5  7.3  0.42  182.9  25.3
301120250114  0.944  4.2  318.3  7.3  0.45  190.0  25.3
301120250115  0.949  4.2  317.8  6.2  0.47  183.6  25.3
301120250116  0.954  4.2  317.5  6.2  0.51  181.4  25.3
301120250117  0.959  4.2  316.6  6.2  0.42  182.5  25.4
301120250118  0.964  4.3  316.7  6.2  0.44  184.4  25.4
301120250119  0.970  4.4  317.5  6.5  0.34  178.9  25.3
301120250120  0.975  4.4  316.5  6.5  0.39  189.4  25.3
301120250121  0.982  4.5  316.8  6.5  0.53  179.8  25.3
301120250122  0.988  4.4  317.5  6.5  0.45  185.1  25.3
301120250123  0.993  4.4  318.2  6.5  0.50  181.5  25.3
301120250124  1.000  4.5  317.8  6.5  0.34  188.4  25.3
301120250125  1.007  4.4  318.5  6.5  0.34  177.9  25.3
301120250126  1.014  4.4  319.6  6.5  0.38  184.7  25.3
301120250127  1.018  4.4  319.4  6.5  0.42  178.4  25.3
301120250128  1.023  4.2  318.1  6.5  0.46  173.7  25.3
301120250129  1.027  4.1  316.7  5.9  0.38  172.3  25.3
301120250130  1.031  4.0  315.1  5.9  0.54  175.9  25.3
301120250131  1.035  4.0  313.8  6.5  0.34  186.1  25.3
301120250132  1.038  4.1  313.9  6.5  0.38  176.2  25.3
301120250133  1.043  4.1  313.0  6.5  0.49  186.1  25.3
301120250134  1.047  4.2  313.0  6.5  0.53  180.5  25.3
301120250135  1.052  4.3  312.7  6.6  0.39  177.5  25.3
301120250136  1.055  4.5  311.0  6.7  0.42  179.5  25.3
301120250137  1.060  4.7  310.2  7.9  0.42  174.1  25.3
301120250138  1.064  5.0  311.9  7.9  0.50  178.0  25.3
301120250139  1.067  5.1  312.2  7.9  0.33  182.9  25.2
301120250140  1.071  5.3  313.4  7.9  0.50  185.1  25.2
301120250141  1.073  5.2  313.6  7.9  0.39  183.6  25.2
301120250142  1.076  5.2  313.6  7.9  0.38  181.8  25.2
301120250143  1.078  5.3  314.5  7.9  0.44  180.3  25.2
301120250144  1.080  5.3  315.1  7.9  0.37  178.2  25.2
301120250145  1.082  5.1  315.6  7.9  0.32  190.3  25.2
301120250146  1.083  5.1  317.5  7.9  0.37  193.6  25.2
301120250147  1.084  5.1  319.0  7.5  0.37  188.2  25.2
301120250148  1.087  5.0  319.1  7.2  0.32  186.5  25.2
301120250149  1.087  5.0  320.8  7.2  0.29  179.3  25.2
301120250150  1.089  5.1  320.7  7.4  0.39  192.0  25.2
301120250151  1.090  5.2  321.8  7.4  0.40  181.4  25.2
301120250152  1.092  5.3  322.0  8.6  0.29  193.1  25.2
301120250153  1.094  5.5  321.1  8.8  0.30  200.1  25.3
301120250154  1.096  5.7  320.3  8.8  0.43  187.9  25.3
301120250155  1.097  6.0  319.6  8.8  0.33  190.3  25.3
301120250156  1.098  6.0  318.6  8.8  0.27  189.6  25.3
301120250157  1.100  6.0  318.2  8.8  0.34  190.0  25.3
301120250158  1.101  6.1  317.5  8.8  0.32  180.7  25.4
301120250159  1.102  6.2  316.5  8.8  0.35  176.7  25.3
301120250200  1.105  6.3  316.6  8.8  0.36  179.2  25.3
301120250201  1.106  6.4  316.1  8.8  0.35  183.6  25.3
301120250202  1.109  6.5  316.1  8.8  0.38  182.7  25.4
301120250203  1.111  6.5  316.3  8.4  0.35  174.9  25.4
301120250204  1.113  6.5  316.8  8.4  0.36  176.1  25.3
301120250205  1.115  6.5  317.0  8.4  0.20  196.6  25.3
301120250206  1.117  6.5  316.9  8.4  0.28  201.0  25.3
301120250207  1.119  6.7  317.3  8.7  0.17  230.5  25.2
301120250208  1.122  6.8  317.9  8.7  0.33  219.5  25.2
301120250209  1.125  6.9  318.2  8.7  0.34  196.9  25.2
301120250210  1.128  6.8  318.6  8.7  0.29  215.7  25.2
301120250211  1.132  6.9  318.8  8.7  0.32  205.0  25.2
301120250212  1.135  7.0  318.8  8.8  0.30  214.9  25.2
301120250213  1.138  7.0  318.9  9.8  0.31  215.4  25.2
301120250214  1.142  7.1  319.0  9.8  0.28  208.1  25.2
301120250215  1.144  7.1  320.0  9.8  0.39  206.7  25.2
301120250216  1.147  7.1  321.0  9.8  0.39  208.1  25.2
301120250217  1.151  6.9  321.6  9.8  0.37  213.9  25.2
301120250218  1.154  6.9  322.2  9.8  0.26  232.6  25.2
301120250219  1.157  6.6  322.1  9.8  0.30  228.7  25.3
301120250220  1.160  6.2  321.6  9.8  0.16  242.7  25.3
301120250221  1.163  5.8  321.1  9.8  0.28  220.0  25.3
301120250222  1.166  5.5  321.3  9.8  0.26  213.7  25.3
301120250223  1.169  5.1  321.7  9.0  0.32  217.5  25.3
301120250224  1.170  4.8  321.6  7.7  0.28  217.3  25.3
301120250225  1.172  4.6  320.6  7.2  0.25  225.0  25.3
301120250226  1.175  4.5  320.5  7.2  0.23  229.9  25.3
301120250227  1.176  4.2  319.5  7.2  0.28  216.2  25.3
301120250228  1.179  3.9  317.8  5.6  0.34  217.0  25.3
301120250229  1.183  3.8  318.3  5.6  0.33  210.3  25.3
301120250230  1.185  3.8  318.8  5.6  0.28  225.8  25.3
301120250231  1.186  3.8  319.7  5.6  0.30  214.3  25.3
301120250232  1.189  3.7  319.8  5.3  0.23  222.2  25.3
301120250233  1.191  3.5  319.6  5.3  0.22  232.5  25.3
301120250234  1.193  3.4  320.8  5.1  0.26  218.7  25.3
301120250235  1.196  3.3  322.6  5.1  0.41  196.6  25.3
301120250236  1.199  3.1  323.1  4.5  0.34  209.7  25.3
301120250237  1.201  2.9  324.6  4.5  0.32  201.5  25.3
301120250238  1.204  2.8  326.6  4.5  0.25  206.7  25.3
301120250239  1.207  2.7  326.9  4.5  0.23  217.2  25.2
301120250240  1.211  2.5  327.7  4.5  0.17  221.9  25.2
301120250241  1.214  2.4  328.3  3.6  0.25  209.4  25.2
301120250242  1.218  2.3  327.7  3.6  0.25  231.6  25.2
301120250243  1.222  2.3  327.8  3.6  0.17  226.2  25.2
301120250244  1.226  2.2  328.1  3.6  0.18  240.7  25.2
301120250245  1.230  2.0  326.0  3.5  0.23  225.2  25.2
301120250246  1.235  1.9  323.6  3.2  0.22  233.9  25.2
301120250247  1.239  1.9  320.1  4.2  0.25  233.8  25.2
301120250248  1.243  1.9  315.6  4.2  0.29  218.0  25.2
301120250249  1.248  2.0  312.0  4.2  0.33  214.2  25.2
301120250250  1.252  2.1  309.2  4.2  0.33  221.6  25.2
301120250251  1.256  2.1  302.2  4.2  0.40  206.7  25.2
301120250252  1.260  2.1  299.1  4.2  0.32  211.0  25.2
301120250253  1.264  2.2  294.2  4.2  0.29  220.6  25.2
301120250254  1.267  2.2  290.8  4.2  0.27  219.4  25.2
301120250255  1.270  2.3  287.3  4.2  0.38  210.6  25.2
301120250256  1.274  2.4  289.9  4.2  0.28  207.7  25.2
301120250257  1.277  2.4  291.5  5.8  0.37  209.8  25.2
301120250258  1.280  2.5  293.0  5.8  0.35  212.7  25.2
301120250259  1.282  2.6  295.6  5.8  0.32  198.6  25.2
301120250300  1.285  2.6  298.8  5.8  0.32  201.5  25.2
301120250301  1.287  2.6  305.0  5.8  0.27  211.0  25.2
301120250302  1.288  2.7  307.9  5.8  0.40  213.3  25.2
301120250303  1.289  2.6  315.2  5.8  0.34  216.3  25.2
301120250304  1.289  2.7  318.8  5.8  0.37  203.5  25.2
301120250305  1.290  2.8  321.9  5.8  0.24  202.4  25.2
301120250306  1.291  2.8  321.1  5.8  0.24  199.5  25.1
301120250307  1.291  2.4  316.3  4.6  0.29  194.2  25.1
301120250308  1.294  2.0  307.8  4.5  0.28  201.8  25.1
301120250309  1.295  1.6  294.6  4.3  0.29  195.0  25.1
301120250310  1.296  1.5  278.2  4.3  0.26  201.8  25.1
301120250311  1.298  1.4  264.1  4.3  0.12  198.1  25.1
301120250312  1.299  1.5  251.8  4.3  0.26  186.1  25.1
301120250313  1.302  1.6  247.6  4.3  0.37  183.3  25.1
301120250314  1.303  1.6  248.6  4.3  0.22  186.5  25.1
301120250315  1.303  1.6  251.2  4.3  0.31  188.5  25.1
301120250316  1.303  1.5  257.0  4.3  0.40  181.9  25.1
301120250317  1.305  1.5  275.6  4.3  0.32  176.0  25.1
301120250318  1.305  1.7  296.5  4.5  0.51  175.3  25.1
301120250319  1.308  2.1  312.1  4.5  0.31  176.0  25.1
301120250320  1.309  2.5  319.3  4.5  0.29  182.7  25.1
301120250321  1.311  2.9  324.2  4.5  0.33  173.8  25.0
301120250322  1.312  3.1  328.6  4.5  0.33  167.4  25.0
301120250323  1.313  3.2  329.6  4.5  0.31  170.4  24.9
301120250324  1.313  3.1  330.2  4.5  0.29  173.5  24.9
301120250325  1.314  3.1  328.9  4.5  0.36  180.4  24.8
301120250326  1.314  3.0  327.0  4.5  0.21  162.0  24.8
301120250327  1.314  2.8  324.8  4.5  0.27  160.8  24.8
301120250328  1.313  2.7  324.0  4.5  0.20  154.0  24.7
301120250329  1.313  2.7  321.6  4.9  0.27  163.1  24.7
301120250330  1.311  2.6  319.7  4.9  0.23  172.8  24.7
301120250331  1.310  2.6  316.9  4.9  0.18  149.7  24.8
301120250332  1.310  2.6  311.5  4.9  0.22  160.8  24.8
301120250333  1.309  2.5  309.1  4.9  0.28  160.2  24.7
301120250334  1.310  2.4  306.8  4.9  0.30  167.9  24.7
301120250335  1.310  2.2  304.5  4.9  0.20  169.0  24.6
301120250336  1.311  2.2  302.0  4.9  0.17  177.8  24.5
301120250337  1.310  2.1  298.3  4.9  0.31  167.1  24.4
301120250338  1.310  1.8  290.1  4.9  0.13  177.0  24.4
301120250339  1.311  1.8  277.1  5.0  0.19  178.9  24.3
301120250340  1.312  1.8  267.2  5.0  0.13  163.4  24.3
301120250341  1.311  1.9  262.1  5.0  0.07  152.1  24.2
301120250342  1.313  1.9  258.6  5.0  0.09  231.3  24.2
301120250343  1.315  2.0  250.6  5.0  0.19  201.5  24.2
301120250344  1.315  2.3  245.6  6.1  0.18  192.4  24.2
301120250345  1.316  2.8  240.6  6.1  0.20  197.3  24.2
301120250346  1.315  3.2  234.3  7.1  0.17  181.2  24.2
301120250347  1.316  3.5  232.8  7.1  0.17  155.2  24.2
301120250348  1.317  3.7  233.9  7.1  0.25  170.9  24.1
301120250349  1.316  3.9  232.8  7.1  0.17  159.1  24.2
301120250350  1.316  4.0  230.4  7.1  0.23  157.7  24.2
301120250351  1.316  4.3  227.0  7.1  0.18  141.6  24.2
301120250352  1.317  4.5  225.0  7.1  0.20  136.5  24.2
301120250353  1.316  4.6  226.2  7.1  0.15  154.7  24.3
301120250354  1.316  4.5  226.7  7.1  0.27  169.5  24.2
301120250355  1.315  4.3  228.0  7.1  0.22  149.6  24.2
301120250356  1.313  4.1  230.2  6.2  0.29  154.3  24.1
301120250357  1.313  4.2  230.4  6.4  0.31  156.4  24.1
301120250358  1.313  4.3  229.6  6.4  0.20  139.8  24.1
301120250359  1.313  4.4  230.6  6.8  0.30  159.6  24.1
301120250400  1.313  4.1  236.4  6.8  0.22  160.3  24.1
301120250401  1.314  4.3  237.8  6.8  0.23  161.7  24.2
301120250402  1.313  4.3  238.6  6.8  0.31  166.0  24.2
301120250403  1.313  4.4  237.6  6.8  0.25  144.1  24.2
301120250404  1.312  4.5  237.1  6.8  0.14  114.0  24.2
301120250405  1.312  4.5  237.9  6.8  0.21  160.4  24.2
301120250406  1.313  4.6  236.7  6.8  0.19  95.8  24.2
301120250407  1.314  4.3  235.2  6.8  0.13  134.4  24.3
301120250408  1.314  4.0  232.7  6.8  0.20  162.7  24.3
301120250409  1.315  3.7  228.9  6.1  0.17  188.7  24.4
301120250410  1.316  3.6  223.3  6.1  0.24  197.0  24.4
301120250411  1.317  3.4  220.3  6.1  0.23  190.0  24.4
301120250412  1.317  3.2  216.2  6.1  0.17  210.3  24.4
301120250413  1.318  3.1  212.1  6.1  0.14  193.1  24.4
301120250414  1.318  2.9  205.9  5.4  0.09  205.6  24.4
301120250415  1.319  3.0  198.6  5.4  0.32  183.7  24.4
301120250416  1.319  2.8  193.6  5.4  0.18  163.4  24.4
301120250417  1.319  2.7  193.0  4.5  0.28  180.0  24.4
301120250418  1.319  2.7  196.9  4.5  0.10  156.9  24.4
301120250419  1.319  2.8  198.0  4.5  0.15  135.5  24.4
301120250420  1.317  3.0  197.4  4.5  0.23  165.6  24.4
301120250421  1.315  3.0  195.5  4.5  0.21  162.0  24.4
301120250422  1.314  3.1  195.1  4.8  0.09  175.4  24.4
301120250423  1.313  3.1  194.0  4.8  0.18  123.5  24.3
301120250424  1.314  3.2  194.8  4.8  0.17  161.7  24.2
301120250425  1.314  3.3  196.2  4.8  0.12  160.5  24.1
301120250426  1.315  3.3  196.4  4.8  0.17  159.6  24.1
301120250427  1.315  3.5  195.7  4.8  0.21  165.1  24.0
301120250428  1.316  3.6  194.1  4.8  0.29  188.8  24.0
301120250429  1.314  3.6  193.3  4.8  0.32  177.6  24.0
301120250430  1.313  3.6  192.4  4.8  0.11  175.7  24.0
301120250431  1.314  3.5  193.7  4.8  0.14  142.2  24.0
301120250432  1.312  3.2  194.6  4.8  0.23  165.8  24.0
301120250433  1.312  3.1  195.0  4.8  0.16  158.6  24.0
301120250434  1.314  2.9  192.1  4.6  0.07  163.4  24.0
301120250435  1.314  2.9  187.1  5.1  0.13  176.4  24.0
301120250436  1.315  3.2  178.7  8.5  0.16  170.9  24.0
301120250437  1.317  3.4  169.2  8.5  0.25  165.2  24.0
301120250438  1.318  3.9  163.1  10.0  0.14  183.4  24.0
301120250439  1.319  4.0  158.9  10.0  0.19  170.8  24.0
301120250440  1.321  4.1  150.5  10.0  0.16  184.4  24.1
301120250441  1.325  4.5  146.4  10.0  0.18  191.9  24.1
301120250442  1.325  4.9  147.2  10.0  0.13  172.4  24.1
301120250443  1.328  5.2  147.7  10.0  0.13  164.2  24.1
301120250444  1.328  5.5  147.6  10.0  0.15  167.8  24.1
301120250445  1.328  5.5  147.7  10.0  0.19  170.3  24.1
301120250446  1.328  5.1  144.9  10.0  0.22  174.3  24.0
301120250447  1.326  4.9  143.2  10.0  0.29  186.2  24.0
301120250448  1.325  4.5  141.9  9.5  0.06  195.5  24.0
301120250449  1.323  4.4  140.2  9.5  0.16  165.0  24.0
301120250450  1.320  4.4  141.9  8.3  0.16  174.1  24.0
301120250451  1.319  4.4  140.8  9.2  0.25  169.4  24.0
301120250452  1.318  4.5  136.2  9.2  0.11  160.6  24.0
301120250453  1.317  4.4  129.3  9.2  0.06  195.2  23.9
301120250454  1.314  4.3  125.4  9.2  0.07  159.9  23.9
301120250455  1.311  4.4  121.9  9.2  0.03  204.9  23.9
301120250456  1.307  4.4  120.8  9.2  0.19  182.9  23.9
301120250457  1.302  4.3  121.7  9.2  0.16  164.7  23.9
301120250458  1.297  4.3  120.2  9.2  0.11  160.3  23.9
301120250459  1.293  4.3  118.9  9.2  0.28  157.7  23.9
301120250500  1.287  4.1  121.3  9.2  0.17  131.7  23.8
301120250501  1.283  3.9  119.7  7.5  0.06  65.3  23.8
301120250502  1.279  3.7  120.8  6.4  0.06  53.6  23.8
301120250503  1.272  3.7  124.3  6.3  0.02  250.9  23.8
301120250504  1.266  3.8  127.0  6.3  0.07  49.6  23.8
301120250505  1.261  3.9  129.4  6.3  0.05  164.5  23.8
301120250506  1.257  3.8  132.0  6.3  0.07  132.8  23.8
301120250507  1.254  3.6  133.9  6.2  0.05  187.8  23.7
301120250508  1.252  3.6  135.4  6.2  0.03  177.0  23.7
301120250509  1.251  3.7  136.5  6.4  0.08  341.6  23.7
301120250510  1.249  3.7  134.0  6.4  0.04  78.2  23.7
301120250511  1.246  3.9  137.7  6.4  0.09  19.0  23.7
301120250512  1.242  3.9  136.9  7.6  0.07  84.1  23.7
301120250513  1.239  4.2  137.9  10.5  0.05  29.2  23.7
301120250514  1.234  4.1  137.8  10.5  0.08  35.3  23.7
301120250515  1.231  4.1  137.3  10.5  0.09  34.4  23.7
301120250516  1.228  4.2  137.1  10.5  0.07  84.1  23.7
301120250517  1.226  4.4  136.8  10.5  0.17  21.2  23.7
301120250518  1.223  4.6  133.5  10.5  0.02  10.0  23.7
301120250519  1.218  4.6  135.1  10.5  0.03  327.7  23.7
301120250520  1.216  4.6  137.0  10.5  0.04  7.3  23.7
301120250521  1.213  4.5  135.9  10.5  nan  nan  nan
301120250522  1.211  4.6  137.1  10.5  0.07  226.3  23.7
301120250523  1.208  4.1  136.8  8.0  nan  nan  nan
301120250524  1.206  3.9  136.7  8.0  0.03  287.1  23.6
301120250525  1.204  3.8  136.5  8.0  0.07  278.4  23.6
301120250526  1.201  3.8  142.9  9.2  0.07  230.8  23.6
301120250527  1.199  3.7  142.8  9.2  0.11  185.1  23.6
301120250528  1.197  3.6  147.9  9.2  0.06  316.9  23.7
301120250529  1.194  3.7  150.2  9.2  nan  nan  nan
301120250530  1.192  3.9  153.1  10.3  0.10  8.8  23.7
301120250531  1.188  4.0  157.7  10.3  nan  nan  nan
301120250532  1.185  4.2  159.3  10.3  0.06  299.5  23.7
301120250533  1.181  4.8  161.9  10.5  0.08  41.7  23.8
301120250534  1.178  5.1  163.0  10.5  0.10  5.4  23.8
301120250535  1.175  5.2  165.1  10.5  0.10  358.5  23.8
301120250536  1.173  5.5  161.4  12.7  0.07  188.3  23.8
301120250537  1.171  5.9  165.7  12.7  0.06  184.8  23.8
301120250538  1.169  6.4  165.3  12.7  0.04  217.9  23.8
301120250539  1.167  6.8  167.5  13.2  0.03  55.0  23.9
301120250540  1.164  6.7  165.4  13.2  0.02  268.7  23.9
301120250541  1.162  6.7  164.4  13.2  0.07  98.5  23.9
301120250542  1.161  6.7  167.0  13.2  nan  nan  nan
301120250543  1.161  6.3  167.0  13.2  0.05  228.3  23.9
301120250544  1.158  6.2  168.6  13.2  0.07  10.0  23.9
301120250545  1.158  6.4  169.5  13.2  0.05  18.4  23.9
301120250546  1.158  6.4  171.3  13.2  0.08  309.1  23.9
301120250547  1.157  6.3  172.6  13.2  0.05  315.0  23.9
301120250548  1.156  6.2  175.5  13.2  0.06  81.0  23.9
301120250549  1.155  6.0  173.9  12.8  nan  nan  nan
301120250550  1.153  6.3  176.5  12.8  0.03  267.0  23.9
301120250551  1.151  6.5  174.7  12.8  0.05  352.3  23.9
301120250552  1.151  6.9  173.7  12.8  0.16  204.4  23.9
301120250553  1.150  7.1  173.8  12.8  0.06  10.0  23.9
301120250554  1.150  7.3  174.5  12.8  0.09  323.2  23.9
301120250555  1.150  7.8  175.2  13.2  0.05  270.1  23.9
301120250556  1.149  7.8  175.4  13.2  0.18  322.0  23.9
301120250557  1.147  7.9  175.1  13.2  0.03  327.7  23.9
301120250558  1.145  8.0  176.6  13.2  0.08  337.4  23.9
301120250559  1.144  8.6  178.2  17.0  0.09  319.0  23.9
301120250600  1.143  8.8  176.5  17.0  0.04  242.1  23.9
301120250601  1.142  8.9  176.5  17.0  0.05  357.5  23.9
301120250602  1.139  8.5  176.4  17.0  0.12  233.7  23.9
301120250603  1.138  8.6  175.7  17.0  0.05  328.4  23.9
301120250604  1.136  8.5  173.3  17.0  0.11  12.1  23.9
301120250605  1.134  8.3  171.2  17.0  0.15  28.4  23.9
301120250606  1.133  8.1  172.0  17.0  0.09  20.3  23.9
301120250607  1.130  8.0  172.0  17.0  0.03  3.3  23.9
301120250608  1.127  8.1  171.3  17.0  0.08  48.2  23.9
301120250609  1.124  7.8  171.2  14.2  0.04  40.5  23.9
301120250610  1.119  7.7  173.5  14.2  0.04  15.4  23.9
301120250611  1.117  7.6  173.6  14.2  0.16  45.8  23.9
301120250612  1.114  8.0  173.9  14.2  0.18  34.9  23.9
301120250613  1.111  8.0  174.0  14.2  0.13  22.5  23.9
301120250614  1.107  8.1  175.8  14.2  0.14  13.1  24.0
301120250615  1.103  8.2  178.6  14.2  0.14  40.4  24.0
301120250616  1.099  8.5  178.8  14.2  0.10  357.6  24.0
301120250617  1.094  8.1  176.8  14.2  0.15  47.7  24.0
301120250618  1.089  7.8  176.3  14.2  0.17  34.2  24.0
301120250619  1.085  7.7  176.9  14.3  0.13  96.7  24.0
301120250620  1.080  7.7  176.2  14.3  0.14  61.8  24.1
301120250621  1.076  7.9  179.2  14.3  0.17  79.3  24.1
301120250622  1.073  7.9  180.1  14.3  0.24  53.3  24.1
301120250623  1.068  8.1  182.9  14.3  0.27  35.3  24.1
301120250624  1.064  8.1  183.3  14.3  0.20  44.3  24.1
301120250625  1.058  8.5  182.9  15.6  0.31  28.8  24.1
301120250626  1.053  8.8  183.4  18.8  0.30  24.3  24.1
301120250627  1.048  9.3  185.3  18.8  0.31  35.1  24.1
301120250628  1.043  9.8  185.2  18.8  0.31  20.4  24.0
301120250629  1.038  10.5  184.7  18.8  0.25  33.8  24.0
301120250630  1.034  11.1  185.4  18.8  0.26  37.1  24.0
301120250631  1.029  10.9  185.2  18.8  0.31  21.2  24.0
301120250632  1.026  11.1  184.2  18.8  0.32  16.9  24.0
301120250633  1.022  10.9  182.5  18.8  0.23  33.1  24.1
301120250634  1.017  11.3  182.7  18.8  0.33  16.1  24.1
301120250635  1.013  10.8  182.5  18.8  0.36  24.4  24.1
301120250636  1.008  10.2  181.7  18.5  0.48  23.5  24.2
301120250637  1.002  10.2  178.6  18.5  0.29  43.2  24.2
301120250638  0.998  10.1  178.4  18.5  0.48  25.6  24.2
301120250639  0.992  9.1  176.4  18.5  0.30  29.5  24.2
301120250640  0.986  9.0  175.1  18.0  0.30  39.5  24.3
301120250641  0.980  9.1  174.4  18.0  0.35  43.2  24.3
301120250642  0.974  9.1  175.8  18.0  0.40  21.8  24.3
301120250643  0.968  9.0  174.7  18.0  0.31  35.8  24.3
301120250644  0.963  8.7  172.4  18.0  0.38  27.3  24.3
301120250645  0.958  8.9  172.3  18.0  0.29  35.3  24.3
301120250646  0.953  9.0  171.1  18.0  0.40  42.8  24.4
301120250647  0.947  8.6  172.7  18.0  0.34  49.4  24.4
301120250648  0.942  8.8  171.9  18.0  0.40  46.1  24.4
301120250649  0.936  9.1  170.0  18.0  0.32  43.4  24.4
301120250650  0.930  8.6  168.7  16.1  0.36  24.3  24.4
301120250651  0.925  8.4  168.3  16.1  0.44  21.6  24.4
301120250652  0.919  8.3  167.1  16.1  0.46  27.8  24.5
301120250653  0.916  8.3  169.7  16.1  0.48  24.2  24.5
301120250654  0.910  8.4  172.6  16.1  0.47  21.8  24.5
301120250655  0.905  8.6  173.1  16.1  0.40  21.0  24.5
301120250656  0.901  8.5  173.8  16.1  0.30  38.2  24.5
301120250657  0.897  8.7  173.0  16.1  0.44  21.9  24.5
301120250658  0.893  8.2  172.2  16.1  0.32  27.9  24.5
301120250659  0.889  7.8  174.9  15.5  0.46  28.7  24.5
301120250700  0.887  8.1  176.4  15.5  0.45  15.2  24.5
301120250701  0.886  8.4  177.1  15.5  0.36  53.3  24.5
301120250702  0.884  8.3  173.6  15.5  0.25  46.5  24.5
301120250703  0.880  8.8  173.4  15.5  0.38  50.2  24.5
301120250704  0.878  9.0  173.6  14.6  0.37  40.9  24.5
301120250705  0.877  8.8  173.7  14.6  0.26  30.5  24.5
301120250706  0.877  8.8  173.9  14.6  0.34  24.6  24.5
301120250707  0.876  8.9  174.7  14.6  0.31  34.3  24.5
301120250708  0.875  9.1  177.1  14.6  0.41  13.0  24.5
301120250709  0.874  9.1  175.9  14.6  0.25  39.8  24.6
301120250710  0.872  8.6  174.5  14.6  0.35  19.0  24.6
301120250711  0.871  8.0  173.6  14.6  0.35  19.2  24.6
301120250712  0.871  7.8  175.6  14.6  0.36  32.1  24.6
301120250713  0.871  7.4  172.0  14.5  0.33  17.9  24.6
301120250714  0.870  7.2  169.0  13.7  0.42  19.8  24.6
301120250715  0.868  7.2  168.3  13.7  0.44  3.6  24.6
301120250716  0.867  7.2  168.4  13.7  0.36  9.1  24.6
301120250717  0.866  7.0  169.9  13.7  0.30  17.0  24.6
301120250718  0.866  7.2  165.4  13.2  0.33  5.9  24.6
301120250719  0.865  7.7  166.4  15.9  0.27  3.4  24.6
301120250720  0.865  7.8  167.9  15.9  0.26  7.9  24.6
301120250721  0.864  7.9  168.1  15.9  0.28  6.4  24.6
301120250722  0.863  7.9  169.6  15.9  0.20  0.7  24.6
301120250723  0.861  7.6  171.5  15.9  0.17  17.4  24.6
301120250724  0.859  7.4  171.2  15.9  0.28  6.1  24.6
301120250725  0.857  7.2  168.3  15.9  0.25  19.9  24.6
301120250726  0.855  7.4  168.3  15.9  0.30  6.3  24.6
301120250727  0.853  7.0  165.3  15.9  0.24  23.6  24.6
301120250728  0.851  6.6  166.8  15.9  0.21  9.5  24.6
301120250729  0.848  6.1  167.6  13.6  0.24  10.0  24.6
301120250730  0.844  5.8  167.1  10.1  0.22  8.5  24.6
301120250731  0.841  5.7  167.3  10.1  0.23  10.5  24.6
301120250732  0.839  5.9  167.8  10.6  0.33  1.3  24.7
301120250733  0.836  5.9  168.1  10.6  0.21  3.5  24.7
301120250734  0.832  5.8  169.8  10.6  0.33  7.0  24.7
301120250735  0.829  6.0  173.0  12.4  0.43  8.2  24.7
301120250736  0.827  6.1  173.4  13.9  0.32  7.3  24.7
301120250737  0.825  6.2  172.6  13.9  0.30  21.0  24.7
301120250738  0.821  6.4  171.3  13.9  0.30  10.7  24.7
301120250739  0.818  6.2  169.5  13.9  0.44  2.9  24.7
301120250740  0.812  5.9  168.3  13.9  0.31  10.0  24.7
301120250741  0.808  6.0  168.8  13.9  0.22  20.7  24.8
301120250742  0.804  6.1  168.3  13.9  0.29  18.2  24.8
301120250743  0.800  6.1  169.1  13.9  0.28  17.9  24.8
301120250744  0.797  6.1  166.0  13.9  0.42  4.2  24.8
301120250745  0.794  5.9  165.6  13.9  0.40  6.3  24.8
301120250746  0.790  5.7  165.2  13.0  0.26  10.0  24.8
301120250747  0.787  5.7  166.8  13.0  0.40  3.8  24.8
301120250748  0.783  5.5  169.0  13.0  0.43  10.0  24.8
301120250749  0.780  5.7  171.0  13.0  0.28  23.7  24.9
301120250750  0.778  6.2  172.6  13.0  0.46  12.4  24.9
301120250751  0.775  6.5  173.5  13.0  0.38  18.0  24.9
301120250752  0.773  6.0  172.3  13.0  0.28  27.8  24.9
301120250753  0.771  6.1  171.0  13.0  0.30  33.6  24.9
301120250754  0.769  5.9  173.3  10.6  0.36  26.4  24.9
301120250755  0.767  5.7  172.9  10.6  0.31  26.7  24.9
301120250756  0.764  5.3  171.9  10.1  0.34  38.5  24.9
301120250757  0.763  5.2  171.6  10.1  0.29  37.1  24.9
301120250758  0.760  5.3  169.3  11.6  0.31  28.1  25.0
301120250759  0.758  5.4  167.4  11.6  0.38  18.5  25.0
301120250800  0.756  5.0  166.3  11.6  0.41  22.3  25.0
301120250801  0.752  4.6  164.5  11.6  0.30  21.8  25.0
301120250802  0.749  4.7  166.6  11.6  0.30  35.7  25.0
301120250803  0.746  4.6  170.1  11.6  0.34  28.7  25.0
301120250804  0.742  4.5  168.1  11.6  0.34  30.0  25.0
301120250805  0.741  4.2  163.8  11.6  0.27  25.2  25.0
301120250806  0.739  4.2  163.7  11.6  0.31  15.7  25.0
301120250807  0.736  4.2  165.1  11.6  0.36  23.5  25.0
301120250808  0.732  3.9  165.6  10.3  0.42  17.2  25.0
301120250809  0.728  3.5  164.2  10.3  0.33  23.6  25.0
301120250810  0.724  3.3  160.7  10.3  0.45  17.8  25.0
301120250811  0.721  3.1  159.1  10.3  0.33  24.3  25.0
301120250812  0.717  2.9  158.3  10.3  0.20  26.0  25.0
301120250813  0.713  2.7  153.3  7.4  0.48  34.9  25.0
301120250814  0.710  2.7  157.9  7.4  0.28  28.2  25.0
301120250815  0.706  2.8  161.8  7.4  0.41  23.8  25.0
301120250816  0.703  2.8  158.5  7.4  0.28  26.4  25.0
301120250817  0.700  2.8  151.9  7.4  0.40  18.5  25.0
301120250818  0.696  3.0  148.3  6.9  0.37  28.9  25.0
301120250819  0.695  2.9  148.4  6.9  0.39  25.0  25.0
301120250820  0.694  3.0  149.3  6.9  0.42  19.8  25.0
301120250821  0.691  3.1  145.7  6.9  0.24  35.5  25.0
301120250822  0.690  3.3  142.1  6.9  0.43  15.7  25.0
301120250823  0.687  3.3  136.9  6.9  0.44  19.9  25.0
301120250824  0.685  3.6  132.8  8.7  0.45  22.7  25.0
301120250825  0.683  3.8  132.3  8.7  0.33  27.2  25.1
301120250826  0.681  4.0  134.5  8.7  0.44  21.2  25.1
301120250827  0.679  4.1  139.2  8.7  0.38  28.6  25.1
301120250828  0.677  4.3  142.3  10.6  0.35  33.8  25.1
301120250829  0.676  4.5  144.6  10.6  0.39  26.6  25.1
301120250830  0.674  4.9  147.5  10.6  0.25  66.3  25.1
301120250831  0.672  5.2  149.4  10.6  0.33  47.2  25.1
301120250832  0.669  5.4  150.1  10.6  0.34  46.1  25.1
301120250833  0.668  5.4  152.6  10.6  0.23  94.6  25.1
301120250834  0.667  5.3  154.6  10.6  0.36  29.8  25.1
301120250835  0.666  5.2  157.3  10.6  0.27  34.9  25.1
301120250836  0.664  5.1  157.4  10.6  0.20  47.9  25.1
301120250837  0.664  4.9  154.4  10.6  0.33  41.2  25.1
301120250838  0.664  4.4  154.1  9.4  0.24  59.3  25.1
301120250839  0.663  4.1  152.0  9.4  0.19  76.0  25.1
301120250840  0.661  3.8  147.8  7.4  0.27  21.9  25.2
301120250841  0.659  3.5  142.6  6.8  0.32  28.4  25.2
301120250842  0.657  3.3  138.1  6.8  0.34  27.7  25.2
301120250843  0.655  3.4  129.8  8.3  0.31  19.8  25.2
301120250844  0.653  3.6  122.4  8.3  0.40  18.5  25.2
301120250845  0.651  3.8  116.5  8.3  0.38  29.7  25.2
301120250846  0.648  4.0  112.6  8.3  0.41  25.6  25.2
301120250847  0.646  3.9  111.3  8.3  0.35  21.8  25.2
301120250848  0.644  4.0  109.8  8.3  0.37  18.5  25.2
301120250849  0.641  4.2  113.1  8.3  0.44  19.9  25.2
301120250850  0.639  4.4  112.6  8.3  0.41  22.1  25.2
301120250851  0.637  4.5  115.6  8.3  0.43  24.5  25.2
301120250852  0.637  4.6  117.9  8.3  0.32  26.9  25.2
301120250853  0.638  4.5  120.6  7.5  0.41  27.7  25.2
301120250854  0.638  4.2  124.8  7.5  0.33  31.3  25.2
301120250855  0.638  3.9  129.7  7.5  0.39  22.8  25.2
301120250856  0.639  3.6  135.9  7.5  0.33  30.5  25.3
301120250857  0.639  3.5  135.6  7.5  0.31  23.0  25.3
301120250858  0.639  3.3  138.2  7.5  0.21  31.1  25.3
301120250859  0.639  3.1  136.9  7.5  0.25  9.1  25.3
301120250900  0.639  2.9  139.6  7.3  0.22  19.9  25.3
301120250901  0.638  2.6  140.4  6.4  0.35  27.5  25.3
301120250902  0.638  2.5  143.0  6.4  0.25  23.6  25.3
301120250903  0.638  2.4  144.4  5.9  0.26  33.9  25.3
301120250904  0.636  2.5  140.4  6.4  0.41  27.5  25.3
301120250905  0.635  2.7  135.2  6.9  0.32  34.8  25.3
301120250906  0.634  2.9  130.2  6.9  0.20  29.2  25.3
301120250907  0.632  3.1  132.0  6.9  0.28  21.8  25.3
301120250908  0.631  3.3  131.9  6.9  0.16  33.1  25.3
301120250909  0.631  3.5  130.3  7.3  0.28  31.5  25.4
301120250910  0.631  3.6  130.5  7.3  0.28  17.9  25.4
301120250911  0.631  3.7  132.0  7.3  0.34  18.5  25.4
301120250912  0.630  3.9  135.9  7.8  0.22  31.0  25.4
301120250913  0.630  3.9  139.0  7.8  0.19  20.1  25.4
301120250914  0.630  3.9  144.3  7.8  0.21  17.3  25.4
301120250915  0.628  3.8  149.6  7.8  0.28  21.0  25.4
301120250916  0.626  3.9  152.2  7.8  0.25  15.7  25.4
301120250917  0.626  4.0  155.8  7.8  0.21  34.4  25.4
301120250918  0.625  4.1  157.7  7.8  0.25  29.4  25.4
301120250919  0.625  4.4  161.2  8.4  0.12  22.2  25.4
301120250920  0.624  4.7  162.9  8.4  0.21  34.4  25.4
301120250921  0.624  4.8  165.0  8.4  0.17  27.8  25.4
301120250922  0.622  4.9  165.5  9.9  0.17  35.1  25.4
301120250923  0.620  5.0  163.9  9.9  0.21  40.1  25.4
301120250924  0.620  5.2  163.1  9.9  0.19  33.4  25.4
301120250925  0.617  5.0  161.9  9.9  0.31  25.1  25.4
301120250926  0.616  5.0  162.3  9.9  0.28  17.2  25.4
301120250927  0.615  5.0  161.8  9.9  0.17  40.3  25.4
301120250928  0.615  4.9  161.6  9.9  0.17  21.3  25.4
301120250929  0.614  4.7  161.1  9.9  0.18  60.4  25.5
301120250930  0.614  4.4  159.5  9.9  0.22  68.0  25.5
301120250931  0.614  4.3  157.8  9.9  0.21  35.1  25.5
301120250932  0.614  4.1  155.6  9.4  0.15  27.0  25.5
301120250933  0.614  3.8  155.7  9.4  0.20  28.8  25.5
301120250934  0.616  3.6  153.9  9.0  0.18  78.4  25.5
301120250935  0.616  3.7  151.8  9.0  0.18  93.3  25.5
301120250936  0.616  3.7  151.1  9.0  0.18  37.1  25.5
301120250937  0.614  3.8  153.3  8.1  0.28  37.1  25.5
301120250938  0.614  3.8  153.5  8.1  0.17  27.0  25.5
301120250939  0.614  4.1  155.4  8.7  0.18  114.5  25.5
301120250940  0.613  4.2  159.1  8.7  0.26  40.4  25.5
301120250941  0.613  4.2  162.3  8.7  0.23  48.8  25.5
301120250942  0.613  4.2  162.9  11.8  0.24  45.9  25.5
301120250943  0.612  4.3  163.6  11.8  0.24  67.6  25.5
301120250944  0.613  4.5  163.8  11.8  0.24  51.7  25.6
301120250945  0.613  4.5  165.6  11.8  0.23  22.4  25.6
301120250946  0.614  4.5  164.0  11.8  0.21  25.7  25.6
301120250947  0.615  4.3  162.5  11.8  0.26  17.6  25.6
301120250948  0.616  4.2  161.4  11.8  0.27  8.8  25.6
301120250949  0.617  4.1  161.6  11.8  0.18  26.5  25.6
301120250950  0.617  4.2  163.0  11.8  0.19  36.6  25.6
301120250951  0.619  4.4  160.2  11.8  0.17  25.3  25.6
301120250952  0.620  4.3  159.1  8.4  0.12  57.6  25.6
301120250953  0.621  4.3  157.8  8.4  0.20  27.2  25.6
301120250954  0.622  4.2  152.7  8.4  0.08  63.4  25.6
301120250955  0.621  4.1  152.3  8.4  0.16  357.3  25.6
301120250956  0.621  4.3  154.6  8.4  0.18  356.4  25.6
301120250957  0.621  4.3  155.6  8.4  0.22  16.2  25.6
301120250958  0.620  4.4  157.4  8.4  0.19  4.0  25.6
301120250959  0.617  4.5  157.1  8.5  0.19  17.2  25.6
301120251000  0.616  4.5  155.4  10.3  0.20  13.9  25.6
301120251001  0.613  4.3  155.8  10.3  0.32  7.9  25.6
301120251002  0.610  4.4  159.2  10.3  0.26  17.6  25.6
301120251003  0.608  4.6  160.0  10.3  0.13  4.8  25.6
301120251004  0.605  4.9  164.7  10.3  0.11  57.2  25.6
301120251005  0.604  5.1  165.7  10.3  0.23  37.2  25.6
301120251006  0.602  5.3  166.7  10.9  0.14  59.4  25.6
301120251007  0.601  5.3  166.2  10.9  0.21  77.4  25.6
301120251008  0.600  5.3  164.1  10.9  0.23  20.6  25.6
301120251009  0.598  5.0  163.5  10.9  0.19  38.7  25.6
301120251010  0.597  4.6  160.5  10.9  0.14  76.9  25.6
301120251011  0.595  4.8  158.8  10.9  0.13  70.0  25.7
301120251012  0.595  4.4  156.4  10.9  0.12  83.4  25.7
301120251013  0.596  4.2  155.8  10.9  0.09  66.3  25.7
301120251014  0.595  3.7  154.4  10.9  0.18  78.9  25.7
301120251015  0.596  3.5  153.3  10.9  0.18  91.8  25.7
301120251016  0.599  3.2  149.5  8.4  0.20  74.7  25.7
301120251017  0.599  3.0  146.3  8.4  0.11  60.7  25.7
301120251018  0.602  2.9  144.3  8.4  0.15  43.3  25.7
301120251019  0.605  3.1  140.4  8.4  0.13  30.1  25.7
301120251020  0.609  3.2  142.2  7.1  0.12  57.7  25.7
301120251021  0.613  3.0  140.3  7.1  0.14  59.4  25.7
301120251022  0.617  3.3  135.3  7.1  0.10  54.2  25.7
301120251023  0.622  3.4  133.2  7.1  0.18  51.9  25.7
301120251024  0.626  3.7  132.0  7.1  0.12  10.0  25.8
301120251025  0.631  3.8  129.0  7.1  0.07  42.3  25.8
301120251026  0.635  3.9  128.9  7.1  0.09  27.7  25.8
301120251027  0.640  4.0  130.3  7.1  0.08  69.7  25.8
301120251028  0.647  3.8  131.5  6.7  0.18  353.5  25.8
301120251029  0.653  3.9  131.6  9.6  0.11  215.1  25.8
301120251030  0.658  4.0  130.4  9.6  0.05  357.7  25.8
301120251031  0.664  4.2  130.8  9.6  0.14  356.9  25.8
301120251032  0.668  4.0  130.7  9.6  0.14  0.1  25.8
301120251033  0.671  4.0  132.0  9.6  0.03  305.0  25.8
301120251034  0.674  4.0  131.4  9.6  0.07  298.4  25.8
301120251035  0.677  3.9  131.2  9.6  0.11  332.5  25.8
301120251036  0.678  3.8  130.0  9.6  0.09  274.1  25.8
301120251037  0.680  3.8  127.7  9.6  0.16  264.0  25.8
301120251038  0.682  4.0  129.1  9.6  0.20  256.5  25.8
301120251039  0.685  3.8  128.2  8.3  0.20  223.2  25.8
301120251040  0.687  3.9  129.0  9.2  0.20  245.4  25.8
301120251041  0.688  3.9  131.9  9.2  0.21  247.8  25.8
301120251042  0.688  4.1  133.5  9.2  0.18  256.7  25.8
301120251043  0.688  4.3  133.3  10.1  0.28  227.3  25.8
301120251044  0.688  4.3  134.0  10.1  0.19  256.1  25.8
301120251045  0.690  4.3  134.1  10.1  0.14  246.7  25.8
301120251046  0.689  4.4  134.6  10.1  0.22  240.5  25.8
301120251047  0.690  4.8  135.0  10.1  0.21  258.5  25.8
301120251048  0.691  5.0  133.2  10.1  0.18  240.4  25.8
301120251049  0.692  5.3  133.9  10.1  0.14  230.5  25.8
301120251050  0.694  5.4  134.9  10.1  0.14  253.8  25.8
301120251051  0.696  5.6  133.0  10.1  0.13  172.6  25.8
301120251052  0.697  5.5  133.3  10.1  0.16  206.4  25.8
301120251053  0.698  5.4  135.0  9.0  0.16  192.1  25.8
301120251054  0.700  5.6  134.6  10.6  0.08  206.7  25.8
301120251055  0.701  5.7  133.7  10.6  0.13  179.5  25.7
301120251056  0.703  5.7  133.3  10.6  0.13  167.2  25.7
301120251057  0.705  5.6  134.1  10.6  0.07  183.3  25.6
301120251058  0.705  5.4  134.7  10.6  0.03  232.3  25.6
301120251059  0.704  5.2  137.1  10.6  0.10  187.7  25.5
301120251100  0.706  5.1  137.6  10.6  0.14  168.2  25.4
301120251101  0.707  5.1  136.5  10.6  0.06  165.9  25.4
301120251102  0.707  5.3  137.1  10.6  0.13  198.0  25.4
301120251103  0.709  5.3  135.8  10.6  0.09  214.9  25.3
301120251104  0.710  5.1  135.0  9.3  0.07  20.0  25.3
301120251105  0.710  5.1  135.6  9.3  0.04  71.2  25.3
301120251106  0.711  5.0  134.7  9.3  0.05  214.6  25.3
301120251107  0.713  4.7  131.8  9.3  0.14  218.7  25.3
301120251108  0.715  4.4  129.8  9.3  0.06  140.0  25.3
301120251109  0.717  4.4  125.2  9.3  nan  nan  nan
301120251110  0.719  4.4  121.3  9.3  0.15  168.7  25.3
301120251111  0.719  4.2  122.4  8.3  0.07  165.6  25.3
301120251112  0.720  4.0  119.0  7.8  0.12  230.3  25.3
301120251113  0.720  4.0  116.4  7.8  0.11  232.2  25.3
301120251114  0.721  4.1  118.7  7.8  0.13  185.0  25.3
301120251115  0.722  4.1  116.1  7.8  nan  nan  nan
301120251116  0.722  4.4  119.0  8.1  0.04  206.7  25.3
301120251117  0.724  4.4  120.0  8.1  0.10  191.1  25.3
301120251118  0.725  4.4  119.7  8.1  0.08  209.3  25.3
301120251119  0.726  4.3  121.4  8.1  0.07  164.8  25.3
301120251120  0.727  4.3  125.5  8.1  0.08  175.3  25.3
301120251121  0.728  4.2  124.8  8.1  0.25  191.3  25.3
301120251122  0.730  4.3  127.4  8.7  0.06  245.3  25.3
301120251123  0.733  4.2  128.3  8.7  0.08  209.7  25.3
301120251124  0.735  4.4  128.1  11.4  0.11  185.1  25.3
301120251125  0.737  4.5  131.1  11.4  0.12  203.1  25.3
301120251126  0.739  4.3  132.0  11.4  0.11  206.2  25.2
301120251127  0.743  4.5  134.0  11.4  0.04  230.6  25.2
301120251128  0.744  4.7  135.7  11.4  0.10  236.5  25.2
301120251129  0.748  4.7  135.1  11.4  0.21  211.1  25.2
301120251130  0.749  4.5  131.3  11.4  0.08  183.4  25.2
301120251131  0.750  4.6  132.4  11.4  0.17  211.6  25.2
301120251132  0.751  4.4  129.9  11.4  0.11  202.8  25.2
301120251133  0.753  4.4  128.3  11.4  0.18  221.5  25.2
301120251134  0.756  4.0  123.9  7.2  0.18  214.9  25.2
301120251135  0.761  4.0  120.3  7.2  0.11  178.9  25.2
301120251136  0.763  4.2  116.3  9.8  0.02  225.0  25.2
301120251137  0.764  4.3  111.6  9.8  0.09  208.4  25.2
301120251138  0.768  4.5  108.3  9.8  0.14  217.3  25.2
301120251139  0.769  4.7  104.5  9.8  0.12  203.1  25.2
301120251140  0.773  5.1  105.4  10.6  0.16  212.1  25.2
301120251141  0.777  5.5  103.3  10.6  0.23  184.6  25.2
301120251142  0.782  5.8  102.4  10.6  0.08  228.0  25.2
301120251143  0.787  5.9  103.1  10.6  0.13  203.4  25.2
301120251144  0.791  6.1  104.0  10.6  0.27  198.4  25.2
301120251145  0.796  6.3  103.4  10.6  0.22  190.5  25.1
301120251146  0.801  6.4  104.1  10.6  0.26  205.2  25.1
301120251147  0.805  6.4  104.2  10.6  0.17  198.0  25.1
301120251148  0.809  6.7  105.6  11.0  0.27  215.1  25.1
301120251149  0.814  6.9  108.1  11.0  0.11  209.7  25.1
301120251150  0.819  6.8  110.2  12.8  0.25  207.3  25.0
301120251151  0.824  6.5  111.9  12.8  0.18  198.5  25.0
301120251152  0.829  6.5  113.0  12.8  0.17  201.6  25.0
301120251153  0.834  6.7  111.8  12.8  0.17  206.4  25.0
301120251154  0.838  6.7  111.8  12.8  0.26  201.6  25.0
301120251155  0.845  6.7  112.4  12.8  0.29  210.4  25.1
301120251156  0.850  6.7  110.8  12.8  0.40  175.2  25.1
301120251157  0.856  6.8  110.5  12.8  0.21  242.3  25.2
301120251158  0.862  6.7  109.0  12.8  0.15  256.1  25.1
301120251159  0.867  6.4  108.0  12.8  0.15  217.9  25.1
301120251200  0.872  6.3  106.5  11.3  0.23  187.1  25.0
301120251201  0.877  6.5  104.0  11.3  0.33  189.7  25.0
301120251202  0.881  6.6  102.2  11.3  0.31  190.4  24.9
301120251203  0.886  6.5  103.9  11.3  0.30  199.4  24.8
301120251204  0.889  6.5  104.1  11.3  0.39  193.7  24.8
301120251205  0.894  6.4  103.3  11.3  0.39  189.4  24.7
301120251206  0.899  6.3  103.4  11.3  0.22  196.1  24.7
301120251207  0.903  6.2  103.4  11.3  0.41  185.1  24.7
301120251208  0.908  5.9  103.8  9.7  0.35  183.2  24.6
301120251209  0.914  5.8  103.4  9.7  0.37  187.6  24.6
301120251210  0.918  5.5  100.5  9.7  0.41  185.1  24.6
301120251211  0.922  5.1  100.5  9.7  0.29  186.9  24.6
301120251212  0.925  4.9  101.8  9.7  0.32  183.7  24.6
301120251213  0.928  4.5  98.9  9.7  0.36  178.8  24.6
301120251214  0.933  4.2  97.7  9.7  0.46  175.4  24.6
301120251215  0.937  4.0  98.7  8.9  0.36  176.7  24.6
301120251216  0.942  3.6  99.4  8.9  0.24  178.2  24.6
301120251217  0.946  3.3  99.4  7.3  0.23  165.2  24.6
301120251218  0.950  3.1  98.6  5.7  0.28  186.0  24.6
301120251219  0.953  2.8  99.8  5.2  0.15  183.4  24.6
301120251220  0.958  2.8  110.2  8.6  0.27  177.7  24.6
301120251221  0.960  2.9  117.2  8.6  0.19  186.4  24.6
301120251222  0.964  2.7  122.4  8.6  0.22  175.7  24.6
301120251223  0.967  2.8  125.0  8.6  0.24  172.3  24.6
301120251224  0.969  2.7  126.3  8.6  0.30  174.3  24.7
301120251225  0.974  2.8  123.3  8.6  0.29  176.9  24.7
301120251226  0.976  2.9  122.0  8.6  0.36  179.6  24.7
301120251227  0.980  3.0  121.5  8.6  0.33  183.6  24.7
301120251228  0.982  3.0  124.9  8.6  0.29  175.8  24.7
301120251229  0.986  3.5  125.1  8.6  0.27  165.7  24.6
301120251230  0.987  3.6  125.7  8.9  0.25  151.3  24.6
301120251231  0.989  3.5  125.5  8.9  0.31  171.2  24.6
301120251232  0.989  3.7  125.7  8.9  0.29  169.9  24.6
301120251233  0.990  3.7  128.9  8.9  0.25  186.5  24.6
301120251234  0.990  3.8  129.6  8.9  0.24  172.9  24.5
301120251235  0.992  3.9  133.6  8.9  0.44  190.0  24.4
301120251236  0.993  4.0  135.3  8.9  0.36  169.2  24.4
301120251237  0.997  4.2  137.5  8.9  0.42  175.2  24.4
301120251238  0.999  4.2  136.2  8.9  0.39  172.1  24.4
301120251239  1.001  4.3  134.4  8.9  0.39  178.1  24.4
301120251240  1.004  4.3  130.7  9.1  0.32  193.2  24.4
301120251241  1.005  4.2  127.1  9.1  0.38  195.8  24.5
301120251242  1.008  4.5  124.3  9.1  0.32  195.6  24.5
301120251243  1.011  4.7  122.0  9.1  0.31  209.6  24.6
301120251244  1.013  5.1  121.2  9.3  0.43  208.4  24.6
301120251245  1.018  5.1  120.7  9.3  0.38  202.5  24.7
301120251246  1.021  5.0  120.7  9.3  0.29  205.7  24.7
301120251247  1.027  5.0  118.8  9.3  0.25  199.8  24.7
301120251248  1.032  5.1  119.7  9.3  0.16  229.2  24.7
301120251249  1.035  5.2  118.9  9.3  0.14  227.2  24.8
301120251250  1.039  5.0  118.7  9.3  0.24  236.0  24.8
301120251251  1.044  5.2  122.1  9.3  0.32  222.2  24.8
301120251252  1.049  4.8  121.6  9.3  0.35  230.0  24.8
301120251253  1.053  4.9  120.0  9.3  0.35  225.2  24.8
301120251254  1.057  4.8  120.7  9.0  0.18  234.6  24.8
301120251255  1.062  4.8  119.5  9.0  0.17  234.5  24.8
301120251256  1.067  5.0  119.1  9.0  0.27  218.6  24.8
301120251257  1.072  5.0  123.7  9.0  0.33  224.2  24.8
301120251258  1.078  4.8  122.3  8.9  0.20  249.5  24.8
301120251259  1.083  4.7  123.0  8.0  0.20  235.4  24.8
301120251300  1.087  4.6  122.6  8.0  0.26  210.4  24.9
301120251301  1.094  4.4  117.6  7.7  0.34  221.5  24.9
301120251302  1.099  4.4  117.4  7.7  0.25  251.1  24.9
301120251303  1.103  4.3  118.4  7.7  0.30  227.8  24.9
301120251304  1.108  4.5  117.2  8.2  0.27  248.3  24.9
301120251305  1.112  4.4  117.3  8.2  0.29  235.8  24.9
301120251306  1.116  4.3  113.6  8.2  0.31  226.5  24.9
301120251307  1.119  4.2  107.5  8.2  0.32  231.0  24.9
301120251308  1.125  4.0  111.6  8.2  0.27  233.8  24.9
301120251309  1.130  3.9  113.3  8.2  0.28  230.6  24.9
301120251310  1.133  4.0  113.4  8.2  0.29  232.6  24.9
301120251311  1.136  4.1  115.4  8.2  0.40  226.5  24.9
301120251312  1.141  4.0  116.5  8.2  0.36  226.3  24.9
301120251313  1.144  4.0  118.0  8.2  0.25  236.3  24.9
301120251314  1.147  3.7  116.9  7.8  0.21  234.2  24.9
301120251315  1.150  3.7  115.4  6.9  0.25  221.5  24.9
301120251316  1.154  3.7  122.8  6.9  0.16  236.0  24.9
301120251317  1.158  3.9  124.2  6.9  0.31  218.8  24.9
301120251318  1.161  4.0  120.5  6.9  0.25  218.4  24.9
301120251319  1.164  3.9  119.3  6.9  0.33  227.8  24.9
301120251320  1.167  3.7  121.1  6.9  0.29  211.0  24.9
301120251321  1.170  3.7  121.5  6.9  0.26  206.8  24.9
301120251322  1.172  3.8  121.0  9.2  0.31  207.5  24.9
301120251323  1.176  4.0  119.0  9.2  0.22  215.4  24.9
301120251324  1.180  4.1  122.3  9.2  0.24  202.5  24.9
301120251325  1.182  4.2  124.1  9.3  0.24  213.7  24.9
301120251326  1.185  4.5  121.4  12.2  0.32  211.7  24.9
301120251327  1.188  4.6  123.5  12.2  0.23  208.1  24.9
301120251328  1.192  4.8  124.2  12.2  0.27  204.4  24.9
301120251329  1.195  4.9  124.8  12.2  0.24  223.4  24.9
301120251330  1.198  5.2  123.5  12.2  0.27  197.4  24.9
301120251331  1.202  5.3  124.0  12.2  0.35  202.7  24.9
301120251332  1.207  5.2  124.2  12.2  0.34  194.6  24.9
301120251333  1.211  5.2  124.3  12.2  0.27  209.1  24.9
301120251334  1.216  5.1  122.0  12.2  0.26  212.9  24.9
301120251335  1.222  5.1  122.6  12.2  0.23  208.4  24.9
301120251336  1.228  4.8  122.9  9.2  0.22  221.8  24.9
301120251337  1.232  4.6  119.1  9.2  0.33  209.4  24.9
301120251338  1.238  4.4  115.7  9.2  0.35  212.3  24.9
301120251339  1.243  4.4  114.3  9.2  0.36  208.4  24.9
301120251340  1.248  4.2  113.2  9.2  0.38  213.2  24.9
301120251341  1.253  4.1  112.3  9.2  0.41  209.8  24.9
301120251342  1.256  4.1  110.5  9.2  0.42  203.7  24.9
301120251343  1.261  4.2  112.3  9.2  0.31  214.8  24.9
301120251344  1.267  4.2  113.9  9.2  0.48  203.0  24.9
301120251345  1.268  4.2  113.3  7.3  0.44  197.4  24.9
301120251346  1.272  4.4  112.7  7.3  0.29  200.3  24.9
301120251347  1.275  4.6  114.4  9.1  0.40  204.9  24.9
301120251348  1.278  4.6  115.1  9.1  0.40  201.4  24.9
301120251349  1.281  4.5  110.3  9.1  0.41  208.0  24.9
301120251350  1.284  4.4  107.6  9.1  0.57  194.9  24.9
301120251351  1.287  4.5  104.1  9.1  0.37  211.7  24.9
301120251352  1.289  4.4  100.7  9.1  0.40  210.0  25.0
301120251353  1.292  4.3  93.8  9.1  0.29  220.6  24.9
301120251354  1.295  4.2  89.5  9.1  0.38  214.6  24.9
301120251355  1.296  4.0  84.4  9.1  0.33  215.3  24.9
301120251356  1.298  3.9  78.4  9.1  0.40  215.3  25.0
301120251357  1.300  3.7  78.4  6.9  0.38  218.9  25.0
301120251358  1.302  3.7  81.0  6.9  0.39  211.7  25.0
301120251359  1.303  3.7  88.2  7.3  0.32  216.0  25.0
301120251400  1.304  3.8  91.4  7.3  0.34  210.5  25.0
301120251401  1.308  3.8  93.4  7.3  0.31  202.8  25.0
301120251402  1.312  4.0  100.7  8.5  0.35  185.2  25.0
301120251403  1.315  4.2  107.9  8.5  0.32  189.3  24.9
301120251404  1.318  4.3  112.7  8.5  0.21  196.4  24.9
301120251405  1.322  4.8  116.6  8.5  0.38  191.8  24.9
301120251406  1.324  5.1  120.7  8.5  0.18  191.9  24.9
301120251407  1.327  5.2  119.3  8.5  0.28  176.4  24.9
301120251408  1.330  5.4  118.8  8.5  0.35  179.0  24.9
301120251409  1.334  5.1  118.1  8.5  0.24  172.9  24.9
301120251410  1.337  5.2  118.8  8.5  0.37  194.3  24.9
301120251411  1.341  5.1  119.8  8.5  0.38  180.9  24.9
301120251412  1.345  4.7  120.2  8.5  0.33  177.4  24.9
301120251413  1.348  4.5  119.2  8.5  0.33  176.2  24.9
301120251414  1.351  4.4  117.6  8.4  0.31  186.4  24.9
301120251415  1.354  4.0  116.8  8.4  0.36  181.0  24.9
301120251416  1.356  3.7  112.1  8.4  0.27  182.6  24.9
301120251417  1.358  3.5  110.5  8.4  0.23  171.1  25.0
301120251418  1.360  3.3  111.7  7.1  0.32  165.9  25.0
301120251419  1.363  3.4  114.3  7.5  0.42  176.9  25.0
301120251420  1.365  3.8  116.5  9.4  0.28  180.9  25.0
301120251421  1.367  4.1  115.7  9.9  0.24  166.6  25.0
301120251422  1.369  4.4  114.5  9.9  0.36  180.4  24.9
301120251423  1.371  4.5  112.7  9.9  0.31  186.4  24.9
301120251424  1.373  4.5  115.4  9.9  0.25  182.3  24.9
301120251425  1.374  4.7  116.8  9.9  0.21  171.9  24.8
301120251426  1.377  4.9  118.3  9.9  0.29  179.1  24.7
301120251427  1.380  5.0  121.0  9.9  0.24  190.5  24.7
301120251428  1.383  5.1  119.1  9.9  0.23  185.6  24.7
301120251429  1.386  5.1  120.3  9.9  0.28  196.5  24.6
301120251430  1.388  4.8  120.5  9.9  0.33  188.0  24.6
301120251431  1.391  4.5  123.9  7.7  0.34  183.1  24.5
301120251432  1.394  4.2  124.2  7.7  0.38  189.4  24.6
301120251433  1.399  4.3  126.2  7.7  0.41  181.2  24.6
301120251434  1.403  4.3  125.8  7.7  0.33  189.3  24.6
301120251435  1.408  4.2  129.3  8.2  0.39  189.7  24.5
301120251436  1.412  4.3  135.9  8.2  0.37  179.0  24.5
301120251437  1.414  4.3  142.2  9.8  0.38  191.8  24.5
301120251438  1.417  4.6  149.1  10.8  0.33  188.6  24.6
301120251439  1.420  4.6  150.0  10.8  0.35  177.9  24.6
301120251440  1.424  4.7  151.9  10.8  0.20  188.9  24.6
301120251441  1.427  4.9  154.2  10.8  0.35  195.7  24.6
301120251442  1.429  5.1  158.3  10.8  0.43  180.2  24.7
301120251443  1.432  5.2  161.9  10.8  0.35  186.5  24.7
301120251444  1.434  5.3  163.1  10.8  0.37  182.5  24.7
301120251445  1.436  5.6  161.0  10.8  0.29  173.8  24.7
301120251446  1.439  5.5  160.7  10.8  0.26  174.4  24.8
301120251447  1.440  5.3  156.4  10.8  0.35  179.2  24.8
301120251448  1.442  4.9  155.9  9.5  0.41  184.3  24.8
301120251449  1.443  5.0  158.0  9.4  0.33  183.0  24.8
301120251450  1.445  5.1  161.2  9.4  0.47  183.2  24.8
301120251451  1.448  5.0  164.5  9.4  0.33  180.8  24.8
301120251452  1.449  5.4  168.2  11.5  0.25  198.1  24.7
301120251453  1.451  5.7  170.9  11.5  0.18  190.6  24.8
301120251454  1.451  5.7  172.6  11.5  0.41  188.4  24.7
301120251455  1.453  5.4  172.4  11.5  0.35  183.1  24.6
301120251456  1.453  5.3  170.5  11.5  0.32  192.1  24.6
301120251457  1.455  5.2  166.3  11.5  0.33  192.7  24.6
301120251458  1.457  5.1  162.5  11.5  0.28  167.6  24.5
301120251459  1.459  4.9  153.1  11.7  0.30  176.1  24.5
301120251500  1.461  4.6  144.5  11.7  0.20  185.6  24.5
301120251501  1.462  4.7  136.2  11.7  0.25  184.2  24.4
301120251502  1.464  4.5  123.3  11.7  0.33  186.0  24.4
301120251503  1.465  4.6  113.2  11.7  0.28  186.1  24.4
301120251504  1.467  4.6  104.0  11.7  0.24  184.4  24.4
301120251505  1.471  4.7  99.4  11.7  0.33  170.2  24.4
301120251506  1.474  4.9  93.0  11.7  0.27  180.2  24.4
301120251507  1.474  4.7  88.6  11.7  0.34  176.2  24.4
301120251508  1.474  5.0  84.1  11.7  0.24  184.5  24.4
301120251509  1.475  4.6  78.6  7.8  0.18  179.4  24.4
301120251510  1.476  4.6  75.7  7.8  0.31  180.3  24.4
301120251511  1.477  4.9  71.7  7.8  0.32  189.0  24.4
301120251512  1.480  5.1  69.7  8.1  0.31  188.5  24.4
301120251513  1.481  5.2  66.8  8.1  0.27  199.5  24.4
301120251514  1.483  5.5  67.0  8.4  0.20  173.3  24.4
301120251515  1.485  5.7  66.3  8.4  0.17  172.2  24.4
301120251516  1.487  5.6  66.1  8.4  0.24  207.3  24.4
301120251517  1.489  5.7  67.3  8.4  0.14  178.1  24.4
301120251518  1.491  5.7  67.8  8.4  0.34  186.1  24.5
301120251519  1.494  5.8  68.4  8.4  0.29  181.2  24.5
301120251520  1.495  5.8  68.8  8.4  0.28  194.0  24.5
301120251521  1.497  5.6  70.0  8.4  0.30  187.8  24.5
301120251522  1.499  5.5  70.3  8.4  0.18  171.6  24.5
301120251523  1.502  5.6  69.9  8.4  0.24  183.0  24.4
301120251524  1.504  5.5  70.0  8.4  0.14  167.9  24.4
301120251525  1.505  5.4  69.6  8.4  0.24  184.4  24.4
301120251526  1.506  5.5  69.5  8.4  0.17  190.7  24.4
301120251527  1.507  5.3  69.5  8.9  0.27  185.9  24.4
301120251528  1.509  5.2  69.7  8.9  0.23  199.8  24.4
301120251529  1.511  5.1  69.9  8.9  0.30  188.5  24.4
301120251530  1.514  5.1  69.8  8.9  0.12  203.6  24.4
301120251531  1.516  5.2  69.1  8.9  0.25  195.7  24.4
301120251532  1.517  5.1  69.9  8.9  0.19  210.5  24.4
301120251533  1.518  5.0  72.4  8.9  0.22  198.8  24.4
301120251534  1.519  4.8  71.2  8.9  0.16  194.2  24.3
301120251535  1.520  4.7  71.1  8.9  0.24  172.9  24.3
301120251536  1.523  4.6  70.5  8.9  0.18  202.5  24.3
301120251537  1.525  4.7  68.6  7.5  0.32  198.1  24.3
301120251538  1.526  4.7  66.8  7.5  0.28  196.3  24.3
301120251539  1.529  4.7  66.7  7.5  0.17  194.5  24.3
301120251540  1.530  4.5  66.3  7.5  0.18  200.0  24.2
301120251541  1.529  4.2  64.3  7.5  0.29  193.9  24.2
301120251542  1.530  4.2  60.4  7.5  0.32  190.7  24.2
301120251543  1.529  4.2  56.9  7.5  0.28  190.0  24.2
301120251544  1.528  4.0  56.9  7.5  0.27  181.8  24.2
301120251545  1.527  3.9  56.8  7.5  0.20  189.4  24.2
301120251546  1.527  3.7  59.0  7.5  0.15  194.3  24.1
301120251547  1.528  3.5  59.8  7.5  0.16  191.4  24.1
301120251548  1.528  3.2  61.9  5.5  0.26  183.7  24.1
301120251549  1.526  3.1  67.3  5.0  0.13  179.7  24.0
301120251550  1.524  3.2  71.8  5.0  0.18  176.4  23.9
301120251551  1.524  3.3  78.5  5.7  0.14  182.0  23.9
301120251552  1.524  3.3  84.1  5.7  0.16  190.0  23.9
301120251553  1.526  3.3  95.1  6.5  0.26  168.7  23.9
301120251554  1.527  3.3  103.0  6.5  0.24  167.5  23.9
301120251555  1.529  3.3  110.1  6.5  0.26  174.9  23.9
301120251556  1.530  3.3  117.0  6.5  0.20  178.1  24.0
301120251557  1.529  3.4  122.6  6.5  0.12  160.9  24.0
301120251558  1.529  3.4  123.6  6.5  0.32  195.5  24.1
301120251559  1.529  3.3  120.6  6.5  0.09  187.5  24.1
301120251600  1.531  3.2  116.7  6.5  0.13  191.8  24.1
301120251601  1.533  3.2  115.6  6.5  nan  nan  nan
301120251602  1.535  3.2  116.4  6.5  0.11  155.4  24.1
301120251603  1.536  3.2  114.5  6.0  0.24  172.8  24.0
301120251604  1.536  3.3  115.3  6.5  0.25  175.9  24.0
301120251605  1.538  3.4  116.2  6.5  0.13  180.8  24.0
301120251606  1.539  3.3  116.8  6.5  0.21  154.8  24.0
301120251607  1.540  3.2  111.5  6.5  0.19  153.5  24.0
301120251608  1.540  3.1  111.2  6.5  0.25  165.9  24.0
301120251609  1.539  3.1  114.8  6.5  0.12  147.6  24.0
301120251610  1.538  3.0  119.0  6.5  0.16  175.5  24.0
301120251611  1.537  3.1  121.8  6.5  0.23  174.2  23.9
301120251612  1.536  3.1  123.1  6.5  0.11  193.1  23.9
301120251613  1.535  3.1  119.2  6.5  0.18  168.2  23.8
301120251614  1.533  2.8  114.9  6.3  0.11  173.8  23.8
301120251615  1.531  2.7  113.3  6.3  0.19  189.4  23.8
301120251616  1.530  2.6  111.9  6.3  0.09  155.0  23.9
301120251617  1.529  2.7  119.8  6.3  0.16  181.6  23.9
301120251618  1.528  2.8  122.7  6.3  0.16  176.5  23.9
301120251619  1.527  2.8  122.2  6.3  0.22  185.0  23.9
301120251620  1.526  2.6  127.3  6.3  0.18  174.6  23.9
301120251621  1.526  2.2  133.3  5.3  0.23  183.3  23.9
301120251622  1.525  2.1  139.7  5.3  0.21  206.8  23.9
301120251623  1.524  1.9  147.2  4.4  0.17  180.9  23.9
301120251624  1.524  2.1  146.4  4.4  0.33  190.0  23.9
301120251625  1.522  2.0  141.1  4.4  0.26  187.4  24.0
301120251626  1.522  2.1  132.6  5.9  0.25  191.3  24.0
301120251627  1.521  2.2  129.2  5.9  0.23  194.9  24.0
301120251628  1.521  2.2  134.3  5.9  0.36  201.6  24.0
301120251629  1.520  2.3  139.9  5.9  0.16  200.4  24.0
301120251630  1.519  2.4  138.8  5.9  0.23  198.6  24.0
301120251631  1.519  2.6  130.7  5.9  0.28  199.3  24.0
301120251632  1.516  2.9  123.9  5.9  0.31  219.7  24.1
301120251633  1.516  3.2  118.7  5.9  0.21  203.8  24.1
301120251634  1.515  3.3  114.6  6.0  0.21  214.7  24.1
301120251635  1.515  3.4  112.9  6.0  0.22  197.0  24.1
301120251636  1.514  3.3  113.3  6.0  0.18  173.3  24.1
301120251637  1.513  3.2  114.4  6.0  0.27  184.1  24.2
301120251638  1.511  3.1  108.8  6.0  0.21  187.9  24.2
301120251639  1.508  3.4  104.4  6.0  0.19  194.1  24.2
301120251640  1.505  3.5  102.6  6.0  0.22  181.0  24.2
301120251641  1.503  3.4  103.3  6.0  0.24  181.7  24.1
301120251642  1.498  3.4  105.0  6.0  0.20  176.6  24.1
301120251643  1.496  3.3  108.9  6.0  0.13  142.6  24.1
301120251644  1.492  3.2  112.9  5.9  0.22  169.3  24.1
301120251645  1.490  3.2  117.1  5.9  0.21  197.4  24.1
301120251646  1.487  3.3  120.2  5.9  0.10  178.5  24.1
301120251647  1.485  3.4  121.7  5.9  0.23  175.6  24.1
301120251648  1.482  3.4  124.8  5.2  0.12  197.6  24.1
301120251649  1.481  3.5  126.3  6.0  0.20  190.6  24.1
301120251650  1.480  3.5  128.7  6.0  0.14  197.4  24.1
301120251651  1.479  3.3  131.6  6.0  0.15  240.7  24.1
301120251652  1.477  3.2  132.8  6.0  0.11  225.7  24.1
301120251653  1.476  3.2  134.0  6.0  0.20  177.0  24.1
301120251654  1.474  3.0  135.2  6.0  0.11  186.9  24.1
301120251655  1.472  2.9  133.1  6.0  0.15  187.1  24.2
301120251656  1.471  2.8  130.9  6.0  0.15  142.4  24.1
301120251657  1.469  2.6  127.5  6.0  0.11  166.3  24.1
301120251658  1.469  2.4  124.7  6.0  0.18  140.7  24.1
301120251659  1.469  2.2  126.6  5.4  0.18  150.7  24.1
301120251700  1.469  2.2  122.0  5.4  0.06  103.5  24.1
301120251701  1.468  2.4  122.4  5.4  0.06  100.0  24.1
301120251702  1.467  2.5  122.9  5.4  0.10  41.0  24.0
301120251703  1.466  2.6  123.4  5.4  0.17  155.6  24.0
301120251704  1.465  2.6  123.5  5.4  0.13  140.1  23.9
301120251705  1.463  2.8  127.2  5.4  0.07  34.4  23.9
301120251706  1.462  2.8  130.4  4.6  0.09  121.1  23.9
301120251707  1.460  2.7  128.4  4.6  0.10  141.1  23.9
301120251708  1.457  2.9  127.3  4.6  0.09  49.5  23.9
301120251709  1.456  2.8  123.3  4.6  0.08  113.4  24.0
301120251710  1.455  2.8  118.7  4.6  0.14  138.4  23.9
301120251711  1.453  2.7  112.1  4.6  0.05  140.1  23.9
301120251712  1.450  2.5  108.3  4.3  0.12  69.2  23.9
301120251713  1.447  2.5  102.9  4.4  0.11  158.0  23.9
301120251714  1.446  2.6  104.5  4.4  0.13  120.1  23.9
301120251715  1.442  2.5  103.3  4.4  0.07  88.4  23.9
301120251716  1.439  2.6  103.3  4.8  0.09  106.1  23.9
301120251717  1.437  2.6  107.7  4.8  0.11  102.0  23.9
301120251718  1.433  2.5  109.2  4.8  0.14  162.0  23.9
301120251719  1.431  2.5  111.5  4.8  0.11  82.2  23.9
301120251720  1.428  2.5  112.8  4.8  0.12  63.7  23.9
301120251721  1.425  2.5  110.4  4.8  0.10  79.4  23.9
301120251722  1.421  2.6  106.1  4.8  0.13  61.1  23.9
301120251723  1.417  2.5  102.5  4.8  0.11  107.4  23.9
301120251724  1.414  2.5  93.2  4.8  0.03  75.0  23.9
301120251725  1.411  2.6  85.4  4.8  0.12  39.5  23.9
301120251726  1.410  2.7  76.9  4.3  0.06  100.0  23.9
301120251727  1.408  2.7  72.9  4.3  0.10  80.1  23.9
301120251728  1.405  2.8  68.5  4.3  0.08  71.6  23.9
301120251729  1.402  2.9  64.1  4.3  0.14  108.9  23.9
301120251730  1.400  2.9  62.5  4.3  0.13  78.2  23.9
301120251731  1.396  2.8  61.5  4.2  0.12  85.5  23.9
301120251732  1.393  2.8  61.2  4.0  0.18  62.4  23.9
301120251733  1.388  2.9  60.3  4.0  0.15  97.1  23.9
301120251734  1.385  2.8  61.6  4.0  0.20  90.7  23.9
301120251735  1.382  2.6  64.9  4.0  0.15  94.1  23.9
301120251736  1.378  2.5  67.4  4.0  0.11  134.0  23.9
301120251737  1.377  2.4  64.2  4.0  0.05  100.0  23.9
301120251738  1.374  2.3  66.6  4.0  0.16  71.2  23.9
301120251739  1.371  2.2  70.5  4.0  0.21  50.2  23.9
301120251740  1.367  2.1  75.1  3.9  0.07  69.9  23.9
301120251741  1.362  1.9  78.4  3.9  0.09  105.0  23.9
301120251742  1.357  1.7  78.0  3.7  0.14  65.4  23.9
301120251743  1.353  1.6  80.6  2.8  0.13  87.4  23.9
301120251744  1.347  1.6  82.4  2.8  0.16  90.1  24.0
301120251745  1.344  1.5  81.9  2.8  0.12  95.4  24.0
301120251746  1.339  1.5  81.7  2.8  0.15  91.0  24.0
301120251747  1.335  1.5  83.0  2.8  0.15  100.7  24.0
301120251748  1.331  1.4  78.8  2.8  0.25  35.0  24.1
301120251749  1.330  1.4  72.9  2.8  0.10  72.4  24.1
301120251750  1.326  1.2  67.6  2.8  0.10  83.3  24.1
301120251751  1.325  1.2  64.7  2.8  0.07  50.8  24.1
301120251752  1.322  1.3  64.1  3.1  0.15  42.5  24.2
301120251753  1.319  1.3  54.7  3.1  0.12  52.3  24.2
301120251754  1.316  1.3  43.0  3.1  0.11  47.3  24.3
301120251755  1.314  1.2  32.6  3.1  0.07  87.8  24.3
301120251756  1.311  1.2  20.7  3.1  0.14  32.1  24.4
301120251757  1.308  1.2  14.0  3.1  0.02  289.5  24.4
301120251758  1.305  1.2  14.5  3.1  0.03  64.5  24.4
301120251759  1.302  1.3  18.8  3.1  0.11  39.7  24.4
301120251800  1.297  1.4  18.7  3.1  0.11  27.2  24.5
301120251801  1.293  1.3  15.0  3.1  0.16  21.9  24.5
301120251802  1.289  1.3  8.9  2.5  0.18  31.1  24.5
301120251803  1.283  1.2  8.4  2.2  0.16  36.6  24.5
301120251804  1.278  1.2  9.2  2.2  0.26  15.2  24.5
301120251805  1.274  1.3  17.5  2.2  0.23  5.2  24.5
301120251806  1.269  1.3  22.4  2.2  0.15  356.5  24.5
301120251807  1.264  1.4  28.9  2.4  0.12  26.3  24.5
301120251808  1.258  1.5  31.9  2.7  0.24  35.3  24.5
301120251809  1.253  1.6  32.4  2.7  0.12  57.0  24.5
301120251810  1.247  1.6  33.0  2.7  0.22  40.0  24.4
301120251811  1.243  1.7  30.1  2.7  0.33  24.5  24.4
301120251812  1.237  1.7  31.4  2.7  0.30  47.2  24.4
301120251813  1.233  1.7  30.8  2.7  0.30  34.7  24.3
301120251814  1.230  1.7  31.2  2.7  0.21  58.8  24.3
301120251815  1.226  1.6  28.8  2.7  0.28  39.8  24.2
301120251816  1.222  1.5  25.8  2.7  0.37  40.4  24.2
301120251817  1.218  1.4  18.9  2.7  0.41  44.1  24.2
301120251818  1.214  1.3  8.0  2.7  0.43  51.9  24.1
301120251819  1.211  1.3  356.4  2.2  0.34  41.8  24.1
301120251820  1.208  1.3  349.9  2.2  0.41  62.1  24.1
301120251821  1.203  1.3  348.2  2.2  0.28  70.9  24.1
301120251822  1.200  1.3  347.2  2.2  0.32  42.8  24.1
301120251823  1.197  1.3  346.0  2.3  0.29  46.3  24.1
301120251824  1.195  1.4  343.1  2.3  0.34  49.7  24.1
301120251825  1.192  1.5  340.9  2.3  0.40  39.4  24.2
301120251826  1.190  1.6  339.5  2.3  0.46  43.6  24.2
301120251827  1.186  1.7  339.3  2.3  0.35  41.8  24.2
301120251828  1.183  1.7  338.8  2.3  0.29  53.9  24.2
301120251829  1.180  1.7  339.6  2.3  0.29  49.4  24.2
301120251830  1.178  1.7  339.2  2.3  0.36  42.5  24.2
301120251831  1.175  1.7  337.1  2.3  0.29  44.0  24.3
301120251832  1.171  1.7  332.4  2.3  0.36  45.3  24.3
301120251833  1.167  1.7  327.8  2.1  0.33  46.2  24.3
301120251834  1.164  1.6  326.6  2.1  0.40  37.7  24.3
301120251835  1.160  1.5  327.3  2.1  0.34  67.0  24.3
301120251836  1.156  1.5  330.0  2.1  0.23  91.1  24.3
301120251837  1.152  1.4  331.7  1.9  0.31  68.3  24.4
301120251838  1.150  1.4  334.9  2.5  0.31  67.0  24.4
301120251839  1.146  1.5  340.4  2.6  0.23  83.1  24.4
301120251840  1.141  1.6  348.8  3.1  0.23  62.3  24.4
301120251841  1.137  1.7  359.4  3.5  0.41  23.0  24.5
301120251842  1.132  1.8  8.3  3.8  0.34  31.7  24.5
301120251843  1.128  2.1  15.2  3.8  0.31  22.5  24.5
301120251844  1.122  2.3  19.0  3.8  0.27  25.7  24.6
301120251845  1.117  2.5  19.0  4.5  0.42  17.8  24.6
301120251846  1.112  2.8  16.1  4.5  0.35  25.6  24.6
301120251847  1.108  3.1  14.4  4.7  0.30  26.6  24.6
301120251848  1.103  3.3  13.3  4.7  0.35  18.0  24.6
301120251849  1.098  3.5  11.3  4.7  0.25  6.4  24.6
301120251850  1.093  3.6  7.5  4.7  0.25  11.8  24.6
301120251851  1.087  3.8  2.4  4.8  0.37  21.7  24.6
301120251852  1.080  4.0  358.3  5.0  0.42  14.0  24.6
301120251853  1.074  4.2  355.1  5.0  0.22  16.2  24.6
301120251854  1.067  4.3  353.3  5.0  0.26  34.1  24.6
301120251855  1.062  4.4  352.3  5.0  0.32  30.1  24.6
301120251856  1.057  4.4  352.6  5.0  0.35  32.7  24.5
301120251857  1.051  4.4  351.7  5.0  0.34  35.8  24.5
301120251858  1.048  4.4  350.7  5.0  0.41  49.3  24.5
301120251859  1.043  4.3  350.1  5.0  0.45  44.4  24.5
301120251900  1.037  4.2  349.9  5.0  0.42  45.0  24.5
301120251901  1.032  4.0  350.7  5.0  0.43  35.6  24.5
301120251902  1.026  3.8  351.5  5.0  0.41  45.0  24.5
301120251903  1.019  3.5  352.1  4.8  0.38  59.6  24.5
301120251904  1.014  3.3  351.5  4.8  0.48  31.3  24.5
301120251905  1.011  3.0  351.1  4.7  0.42  35.6  24.5
301120251906  1.007  2.7  350.2  4.7  0.50  48.8  24.5
301120251907  1.002  2.4  352.1  4.5  0.55  45.7  24.5
301120251908  0.997  2.1  353.7  3.9  0.50  44.3  24.6
301120251909  0.992  1.8  354.0  3.8  0.55  56.3  24.6
301120251910  0.987  1.6  354.9  3.1  0.45  45.4  24.6
301120251911  0.982  1.5  352.4  2.7  0.47  53.8  24.6
301120251912  0.978  1.4  346.8  2.6  0.52  54.7  24.6
301120251913  0.974  1.3  338.2  2.2  0.53  45.5  24.6
301120251914  0.971  1.3  330.4  2.2  0.48  53.9  24.6
301120251915  0.965  1.4  326.6  2.2  0.53  54.9  24.6
301120251916  0.962  1.5  324.4  2.3  0.51  48.5  24.7
301120251917  0.956  1.7  320.9  2.7  0.49  61.0  24.7
301120251918  0.950  1.9  319.1  2.7  0.59  48.2  24.7
301120251919  0.946  2.0  319.0  2.8  0.57  34.8  24.7
301120251920  0.939  2.1  319.8  2.9  0.52  50.3  24.7
301120251921  0.933  2.2  321.6  2.9  0.51  51.8  24.7
301120251922  0.928  2.2  323.4  2.9  0.44  51.6  24.8
301120251923  0.922  2.3  326.6  2.9  0.54  49.4  24.8
301120251924  0.917  2.4  330.1  2.9  0.54  57.2  24.8
301120251925  0.911  2.4  332.3  2.9  0.46  54.1  24.8
301120251926  0.906  2.5  334.0  3.0  0.52  55.6  24.8
301120251927  0.901  2.5  334.6  3.0  0.43  67.2  24.8
301120251928  0.896  2.5  334.9  3.0  0.39  67.8  24.8
301120251929  0.891  2.5  333.7  3.0  0.49  41.4  24.8
301120251930  0.885  2.5  332.0  3.0  0.50  35.5  24.8
301120251931  0.880  2.6  330.3  3.3  0.50  41.9  24.8
301120251932  0.875  2.6  330.2  3.3  0.47  55.0  24.9
301120251933  0.871  2.5  329.5  3.3  0.53  44.0  24.9
301120251934  0.867  2.5  328.7  3.3  0.45  61.3  24.9
301120251935  0.863  2.5  328.1  3.3  0.39  55.6  24.9
301120251936  0.858  2.5  329.7  3.3  0.42  52.0  24.9
301120251937  0.855  2.4  332.9  3.3  0.38  51.3  24.9
301120251938  0.852  2.3  335.8  3.3  0.43  41.0  24.9
301120251939  0.849  2.2  341.5  3.3  0.52  45.8  24.9
301120251940  0.846  2.1  345.2  3.3  0.49  40.6  24.9
301120251941  0.843  2.1  349.7  2.9  0.39  55.8  24.9
301120251942  0.839  2.0  351.9  2.9  0.45  45.3  25.0
301120251943  0.836  2.0  353.0  2.9  0.40  48.5  25.0
301120251944  0.835  1.9  355.0  2.9  0.47  43.8  25.0
301120251945  0.833  1.9  356.9  2.9  0.44  51.0  25.0
301120251946  0.830  1.9  355.2  2.4  0.44  37.0  25.0
301120251947  0.829  1.9  354.4  2.4  0.47  44.3  25.0
301120251948  0.827  1.9  353.9  2.4  0.45  47.9  25.0
301120251949  0.826  2.0  350.6  2.4  0.57  48.6  25.1
301120251950  0.825  1.9  349.7  2.4  0.59  35.3  25.1
301120251951  0.821  1.9  348.5  2.4  0.46  36.5  25.1
301120251952  0.817  1.9  349.2  2.4  0.39  57.0  25.1
301120251953  0.815  1.8  351.3  2.4  0.42  52.8  25.1
301120251954  0.811  1.7  352.6  2.4  0.44  48.4  25.1
301120251955  0.808  1.5  352.0  2.4  0.46  44.1  25.1
301120251956  0.805  1.3  350.9  2.4  0.51  41.7  25.1
301120251957  0.802  1.1  346.5  2.4  0.36  57.0  25.1
301120251958  0.799  1.0  346.6  2.3  0.39  55.6  25.1
301120251959  0.796  0.9  351.8  2.2  0.44  48.9  25.1
301120252000  0.792  0.8  358.4  2.0  0.46  47.6  25.1
301120252001  0.787  0.8  2.8  1.8  0.42  50.5  25.1
301120252002  0.783  0.8  5.5  1.8  0.38  56.4  25.2
301120252003  0.778  0.9  4.8  1.8  0.44  55.5  25.2
301120252004  0.775  1.0  358.3  2.6  0.51  37.4  25.2
301120252005  0.769  1.1  351.9  2.8  0.41  48.4  25.2
301120252006  0.765  1.3  347.2  2.8  0.54  37.2  25.2
301120252007  0.761  1.2  341.7  2.8  0.42  43.8  25.2
301120252008  0.757  1.1  331.9  2.8  0.45  39.0  25.2
301120252009  0.752  1.1  316.1  2.8  0.45  53.9  25.2
301120252010  0.747  1.1  299.4  2.8  0.50  49.5  25.2
301120252011  0.743  1.2  286.9  2.8  0.53  42.0  25.2
301120252012  0.738  1.4  277.9  2.8  0.42  65.1  25.2
301120252013  0.734  1.6  270.3  3.0  0.43  65.2  25.2
301120252014  0.730  1.8  262.3  3.3  0.46  43.4  25.2
301120252015  0.726  1.9  257.2  3.5  0.46  57.2  25.2
301120252016  0.722  2.0  255.0  3.5  0.46  50.0  25.2
301120252017  0.719  2.0  255.8  3.5  0.47  60.0  25.2
301120252018  0.716  1.9  257.2  3.5  0.38  60.2  25.2
301120252019  0.712  1.8  259.2  3.5  0.41  48.1  25.2
301120252020  0.708  1.7  263.1  3.5  0.39  83.1  25.2
301120252021  0.703  1.7  268.2  3.5  0.40  43.2  25.2
301120252022  0.697  1.7  269.4  3.5  0.47  37.6  25.2
301120252023  0.692  1.7  270.7  3.5  0.52  36.8  25.2
301120252024  0.686  1.6  271.0  3.5  0.45  54.8  25.2
301120252025  0.680  1.5  269.0  3.1  0.38  47.2  25.3
301120252026  0.675  1.3  269.0  2.5  0.59  42.8  25.3
301120252027  0.669  1.2  266.8  2.5  0.36  67.6  25.3
301120252028  0.664  1.3  264.1  2.5  0.43  71.1  25.3
301120252029  0.658  1.4  259.0  2.5  0.42  76.8  25.3
301120252030  0.653  1.5  248.4  4.1  0.45  56.2  25.3
301120252031  0.647  1.7  238.0  4.1  0.50  38.8  25.3
301120252032  0.642  1.9  228.9  4.5  0.46  48.0  25.3
301120252033  0.638  2.2  222.4  4.5  0.40  47.7  25.3
301120252034  0.633  2.4  217.1  4.5  0.38  44.1  25.3
301120252035  0.627  2.7  214.2  4.7  0.53  44.4  25.3
301120252036  0.624  3.1  211.7  4.9  0.48  48.9  25.3
301120252037  0.619  3.5  210.7  5.0  0.56  34.0  25.3
301120252038  0.615  3.8  210.5  5.0  0.49  47.5  25.3
301120252039  0.612  4.0  210.5  5.0  0.52  40.5  25.4
301120252040  0.608  4.0  211.1  5.0  0.47  52.0  25.4
301120252041  0.605  4.1  211.8  5.0  0.43  58.1  25.4
301120252042  0.601  4.1  212.7  5.0  0.46  55.9  25.4
301120252043  0.599  4.0  212.9  5.0  0.47  47.8  25.4
301120252044  0.595  4.0  214.2  5.0  0.40  49.3  25.4
301120252045  0.592  3.9  214.9  5.0  0.49  42.0  25.4
301120252046  0.588  3.9  216.3  5.0  0.51  50.9  25.4
301120252047  0.584  3.9  218.7  5.0  0.54  39.4  25.4
301120252048  0.581  3.9  219.5  5.0  0.43  45.2  25.4
301120252049  0.578  3.8  219.5  5.0  0.52  39.9  25.4
301120252050  0.575  3.8  220.7  5.0  0.41  70.3  25.4
301120252051  0.572  3.7  220.4  5.0  0.45  52.4  25.5
301120252052  0.568  3.6  223.0  5.0  0.46  45.0  25.5
301120252053  0.565  3.3  227.3  5.0  0.46  45.6  25.5
301120252054  0.561  3.1  233.3  5.0  0.45  49.3  25.5
301120252055  0.558  3.0  240.1  5.0  0.44  40.9  25.5
301120252056  0.554  2.9  247.0  5.0  0.43  44.2  25.5
301120252057  0.551  2.8  254.4  5.0  0.46  43.0  25.5
301120252058  0.549  2.8  260.5  5.0  0.63  39.2  25.5
301120252059  0.545  2.8  264.9  5.0  0.53  40.4  25.5
301120252100  0.541  2.7  268.6  4.3  0.37  51.0  25.6
301120252101  0.538  2.8  269.8  4.3  0.48  33.8  25.6
301120252102  0.535  2.8  266.3  4.5  0.42  53.9  25.6
301120252103  0.531  2.9  258.8  5.5  0.38  55.2  25.6
301120252104  0.528  3.0  249.1  5.6  0.47  45.8  25.6
301120252105  0.525  3.2  240.9  5.6  0.48  40.0  25.6
301120252106  0.522  3.4  233.7  5.6  0.49  44.9  25.6
301120252107  0.518  3.7  226.8  6.0  0.46  44.2  25.6
301120252108  0.515  4.0  222.2  6.0  0.40  72.2  25.6
301120252109  0.512  4.2  220.6  6.0  0.53  38.6  25.6
301120252110  0.508  4.5  219.0  6.0  0.35  60.2  25.6
301120252111  0.503  4.8  218.6  6.0  0.42  48.9  25.6
301120252112  0.500  4.9  219.3  6.0  0.41  53.6  25.7
301120252113  0.497  4.9  220.3  6.0  0.41  52.5  25.7
301120252114  0.495  4.8  221.2  6.0  0.41  49.3  25.7
301120252115  0.493  4.7  222.1  6.0  0.47  49.5  25.7
301120252116  0.489  4.7  222.5  6.0  0.41  53.5  25.7
301120252117  0.488  4.6  223.6  5.6  0.47  43.3  25.7
301120252118  0.486  4.5  224.5  5.6  0.51  47.0  25.7
301120252119  0.484  4.3  224.1  5.6  0.48  45.2  25.7
301120252120  0.481  4.2  223.9  5.5  0.49  43.9  25.7
301120252121  0.478  4.0  224.3  5.3  0.44  38.9  25.7
301120252122  0.476  3.9  224.6  5.3  0.42  48.9  25.7
301120252123  0.475  4.0  224.5  5.3  0.50  43.3  25.7
301120252124  0.472  4.0  224.2  6.1  0.43  43.3  25.7
301120252125  0.470  4.1  224.3  6.1  0.46  48.2  25.7
301120252126  0.469  4.1  222.0  6.1  0.36  47.2  25.7
301120252127  0.468  4.1  220.2  6.1  0.47  44.2  25.7
301120252128  0.466  4.2  219.0  6.1  0.43  46.6  25.7
301120252129  0.464  4.3  217.9  6.1  0.38  59.5  25.7
301120252130  0.462  4.5  217.2  6.1  0.44  46.8  25.8
301120252131  0.460  4.6  215.5  6.1  0.47  53.2  25.8
301120252132  0.461  4.8  214.3  6.1  0.36  51.2  25.8
301120252133  0.459  4.8  213.7  6.1  0.42  53.5  25.8
301120252134  0.456  4.7  213.1  6.1  0.47  37.6  25.8
301120252135  0.453  4.7  212.3  6.1  0.52  47.5  25.8
301120252136  0.451  4.6  214.2  6.0  0.42  57.3  25.8
301120252137  0.450  4.5  216.3  6.0  0.43  52.6  25.8
301120252138  0.449  4.5  217.6  6.0  0.39  51.8  25.8
301120252139  0.448  4.4  219.2  6.0  0.37  57.3  25.8
301120252140  0.448  4.3  220.0  6.0  0.39  59.7  25.8
301120252141  0.447  4.3  219.9  6.0  0.37  56.3  25.8
301120252142  0.445  4.2  219.6  5.3  0.41  47.0  25.8
301120252143  0.442  4.2  219.3  5.3  0.46  45.2  25.8
301120252144  0.441  4.2  219.6  5.3  0.39  47.6  25.8
301120252145  0.439  4.2  219.5  5.3  0.37  51.6  25.8
301120252146  0.437  4.3  220.0  5.3  0.36  54.8  25.8
301120252147  0.437  4.3  219.0  5.3  0.42  49.6  25.8
301120252148  0.435  4.3  218.3  5.3  0.40  46.8  25.8
301120252149  0.434  4.4  218.2  5.3  0.34  61.5  25.9
301120252150  0.431  4.4  218.7  5.8  0.39  53.2  25.9
301120252151  0.428  4.5  221.0  6.1  0.35  62.9  25.9
301120252152  0.426  4.6  222.3  6.1  0.42  48.4  25.9
301120252153  0.424  4.5  222.4  6.1  0.38  53.1  25.9
301120252154  0.421  4.5  222.0  6.1  0.47  54.5  25.9
301120252155  0.417  4.6  222.3  6.1  0.39  45.7  25.9
301120252156  0.415  4.5  223.2  6.1  0.39  55.4  25.9
301120252157  0.411  4.5  223.9  6.1  0.40  46.4  25.9
301120252158  0.411  4.5  224.4  6.1  0.37  55.6  25.9
301120252159  0.410  4.4  224.2  6.1  0.37  45.0  25.9
301120252200  0.409  4.5  224.2  6.1  0.47  47.9  25.9
301120252201  0.409  4.3  222.9  6.0  0.37  47.5  25.9
301120252202  0.406  4.3  223.2  6.0  0.46  52.4  25.9
301120252203  0.405  4.4  223.0  6.0  0.44  45.2  25.9
301120252204  0.403  4.4  223.4  6.0  0.45  49.0  25.9
301120252205  0.400  4.2  222.9  5.8  0.33  63.4  26.0
301120252206  0.400  4.3  221.8  6.5  0.41  56.7  26.0
301120252207  0.398  4.4  220.6  6.5  0.41  42.3  26.0
301120252208  0.394  4.5  220.1  6.9  0.36  59.3  26.0
301120252209  0.394  4.5  220.6  6.9  0.46  37.1  26.0
301120252210  0.392  4.5  220.6  6.9  0.36  53.9  26.0
301120252211  0.391  4.7  220.9  6.9  0.37  59.4  26.0
301120252212  0.391  4.6  219.6  6.9  0.46  42.6  26.0
301120252213  0.390  4.6  219.9  6.9  0.36  41.8  26.0
301120252214  0.388  4.7  220.4  6.9  0.46  34.3  26.0
301120252215  0.387  4.8  220.2  6.9  0.48  40.2  26.0
301120252216  0.387  4.8  220.2  6.9  0.42  45.7  26.0
301120252217  0.387  4.8  221.4  6.9  0.45  38.1  26.1
301120252218  0.388  4.7  221.9  6.6  0.38  34.3  26.1
301120252219  0.389  4.7  220.6  6.6  0.43  24.8  26.1
301120252220  0.389  4.5  219.2  6.4  0.38  44.3  26.1
301120252221  0.389  4.4  217.6  6.2  0.44  25.2  26.1
301120252222  0.388  4.4  216.9  6.2  0.48  27.6  26.1
301120252223  0.385  4.4  216.0  6.2  0.37  35.3  26.1
301120252224  0.382  4.3  214.9  6.1  0.24  32.1  26.1
301120252225  0.380  4.1  214.9  6.1  0.33  30.5  26.1
301120252226  0.377  4.0  213.8  5.1  0.34  19.1  26.1
301120252227  0.374  4.0  212.4  5.1  0.44  31.2  26.1
301120252228  0.372  4.0  211.4  5.1  0.40  24.2  26.1
301120252229  0.370  3.9  211.7  5.1  0.46  21.7  26.1
301120252230  0.369  4.0  212.9  5.0  0.35  26.0  26.1
301120252231  0.369  3.9  214.4  5.0  0.39  21.8  26.1
301120252232  0.367  3.9  216.4  5.0  0.45  21.4  26.1
301120252233  0.366  3.9  217.6  5.0  0.26  32.2  26.2
301120252234  0.366  4.0  218.8  5.7  0.23  21.2  26.2
301120252235  0.363  4.1  220.6  5.9  0.30  24.1  26.2
301120252236  0.363  4.0  222.4  5.9  0.30  3.6  26.2
301120252237  0.362  4.0  224.3  5.9  0.36  12.8  26.2
301120252238  0.362  4.1  225.4  5.9  0.21  30.6  26.2
301120252239  0.362  4.2  227.2  6.0  0.24  26.4  26.2
301120252240  0.361  4.3  228.2  6.7  0.24  34.7  26.2
301120252241  0.361  4.5  229.2  6.7  0.26  27.1  26.2
301120252242  0.360  4.6  229.4  6.7  0.24  35.3  26.2
301120252243  0.359  4.7  230.5  6.7  0.29  15.8  26.2
301120252244  0.359  4.8  231.5  6.7  0.23  27.5  26.2
301120252245  0.360  5.0  232.1  7.3  0.33  20.5  26.2
301120252246  0.361  5.1  232.8  7.3  0.26  39.1  26.2
301120252247  0.361  5.3  232.8  7.4  0.22  19.9  26.2
301120252248  0.362  5.5  233.0  7.4  0.24  32.4  26.3
301120252249  0.364  5.3  234.9  7.4  0.20  23.8  26.3
301120252250  0.367  5.2  236.1  7.4  0.18  34.9  26.3
301120252251  0.368  5.2  236.0  7.4  0.20  13.9  26.3
301120252252  0.372  5.2  236.1  7.4  0.19  29.3  26.3
301120252253  0.378  5.0  236.8  7.4  0.24  12.3  26.3
301120252254  0.382  4.6  240.5  7.4  0.21  15.8  26.3
301120252255  0.387  4.2  243.6  7.4  0.20  21.5  26.3
301120252256  0.392  4.1  242.4  7.4  0.26  10.0  26.3
301120252257  0.395  4.0  242.3  7.1  0.11  356.0  26.3
301120252258  0.399  3.9  242.0  6.3  0.21  1.5  26.4
301120252259  0.402  4.1  238.0  6.3  0.16  349.5  26.4
301120252300  0.405  4.2  236.7  6.3  0.19  6.4  26.4
301120252301  0.409  4.1  237.1  6.3  0.21  7.8  26.4
301120252302  0.412  4.1  236.8  6.3  0.17  358.6  26.4
301120252303  0.414  4.2  235.9  6.3  0.13  347.7  26.4
301120252304  0.415  4.7  233.1  7.3  0.16  8.6  26.4
301120252305  0.415  5.0  231.1  7.3  0.13  14.3  26.4
301120252306  0.417  5.1  231.6  7.3  0.22  345.7  26.4
301120252307  0.418  5.1  232.3  7.3  0.15  1.9  26.4
301120252308  0.422  5.1  232.9  7.3  0.10  7.8  26.4
301120252309  0.425  5.3  234.4  7.5  0.15  346.0  26.4
301120252310  0.427  5.4  234.9  7.5  0.13  10.8  26.4
301120252311  0.430  5.4  234.9  7.5  0.05  16.3  26.4
301120252312  0.433  5.5  235.5  7.8  0.11  330.1  26.4
301120252313  0.435  5.6  234.9  7.8  0.12  354.6  26.4
301120252314  0.437  5.5  234.5  7.8  0.20  357.3  26.4
301120252315  0.441  5.4  235.5  7.8  0.15  5.4  26.4
301120252316  0.443  5.2  235.9  7.8  0.16  7.2  26.4
301120252317  0.447  5.2  235.6  7.8  0.13  340.8  26.4
301120252318  0.449  5.1  234.4  7.8  0.08  340.9  26.4
301120252319  0.452  5.1  234.0  7.8  0.15  359.0  26.4
301120252320  0.453  4.9  232.2  7.8  0.12  6.3  26.4
301120252321  0.455  4.9  230.5  7.8  0.12  358.3  26.4
301120252322  0.455  4.8  228.0  7.1  0.15  353.0  26.5
301120252323  0.455  4.7  226.4  6.8  0.17  30.9  26.5
301120252324  0.456  4.6  223.2  6.8  0.15  20.3  26.5
301120252325  0.458  4.8  220.2  6.8  0.16  22.0  26.5
301120252326  0.460  4.8  219.5  6.8  0.06  23.1  26.5
301120252327  0.461  4.7  218.7  6.8  0.23  14.8  26.5
301120252328  0.461  4.4  218.4  6.1  0.15  354.4  26.5
301120252329  0.462  4.3  216.3  6.1  0.11  14.1  26.5
301120252330  0.463  4.5  217.2  9.9  0.14  21.8  26.5
301120252331  0.464  4.4  218.8  9.9  0.13  10.0  26.5
301120252332  0.465  4.2  219.5  9.9  0.19  10.0  26.5
301120252333  0.466  4.2  220.7  9.9  0.13  22.6  26.5
301120252334  0.466  4.1  223.8  9.9  0.06  27.9  26.5
301120252335  0.466  4.0  224.8  9.9  0.11  35.3  26.5
301120252336  0.464  4.0  227.3  9.9  0.11  18.8  26.5
301120252337  0.464  3.8  229.5  9.9  0.16  22.0  26.5
301120252338  0.464  3.6  231.8  9.9  0.08  63.4  26.5
301120252339  0.463  3.5  234.1  9.9  0.12  21.0  26.5
301120252340  0.463  2.9  241.4  5.4  0.17  56.8  26.5
301120252341  0.463  2.7  248.2  5.4  0.15  32.6  26.5
301120252342  0.463  2.5  257.5  5.4  0.17  41.9  26.6
301120252343  0.462  2.3  267.3  5.4  0.15  33.3  26.6
301120252344  0.463  2.4  280.0  5.4  0.09  29.2  26.6
301120252345  0.465  2.6  291.2  5.4  0.08  40.5  26.6
301120252346  0.466  2.6  301.6  5.3  0.13  26.3  26.6
301120252347  0.467  2.8  306.2  5.3  0.13  15.1  26.6
301120252348  0.469  3.1  309.9  5.3  0.06  43.7  26.6
301120252349  0.472  3.4  314.6  5.3  0.10  18.9  26.6
301120252350  0.475  3.5  313.7  5.3  0.12  16.4  26.6
301120252351  0.479  3.5  314.7  5.3  0.12  356.9  26.6
301120252352  0.483  3.7  314.8  5.3  nan  nan  nan
301120252353  0.487  3.8  315.6  5.3  0.06  24.5  26.6
301120252354  0.491  3.7  315.5  4.6  0.10  10.0  26.6
301120252355  0.495  3.6  315.0  4.6  0.05  43.1  26.6
301120252356  0.499  3.4  315.1  4.6  0.03  216.6  26.6
301120252357  0.503  3.2  315.1  4.5  0.04  336.3  26.6
301120252358  0.508  3.0  314.2  4.4  0.03  240.2  26.7
301120252359  0.511  2.9  314.4  4.2  0.14  355.0  26.7
011220250000  0.514  2.7  314.5  4.2  0.03  264.1  26.7
011220250001  0.520  2.8  314.2  4.2  0.09  246.3  26.7
011220250002  0.524  2.7  315.1  3.9  0.05  277.9  26.7
011220250003  0.529  2.7  316.6  3.9  0.09  222.3  26.7
011220250004  0.533  2.6  319.7  3.9  0.08  238.9  26.7
011220250005  0.537  2.7  321.4  3.9  0.07  257.2  26.7
011220250006  0.541  2.8  321.6  3.9  0.06  269.9  26.7
011220250007  0.544  2.8  322.9  3.9  0.12  232.3  26.7
011220250008  0.546  2.9  323.3  3.9  0.14  240.7  26.7
011220250009  0.549  2.9  324.0  3.9  0.11  284.1  26.7
011220250010  0.553  3.0  325.8  3.9  0.09  244.6  26.6
011220250011  0.555  3.0  328.1  4.2  0.16  215.9  26.6
011220250012  0.556  3.0  330.2  4.2  0.07  245.9  26.6
011220250013  0.559  3.0  330.1  4.2  0.10  268.2  26.6
011220250014  0.560  3.1  329.1  4.2  0.15  259.6  26.6
011220250015  0.562  3.1  330.7  4.2  0.17  229.5  26.6
011220250016  0.564  3.2  331.1  4.2  0.22  223.7  26.6
011220250017  0.567  3.3  330.9  4.4  0.24  226.0  26.5
011220250018  0.571  3.3  331.9  4.4  0.19  221.7  26.5
011220250019  0.574  3.3  331.8  4.4  0.28  221.3  26.5
011220250020  0.576  3.3  330.7  4.4  0.18  233.7  26.5
011220250021  0.579  3.2  329.4  4.4  0.18  205.4  26.5
011220250022  0.582  3.2  327.5  4.4  0.11  201.7  26.4
011220250023  0.586  3.2  325.9  4.4  0.14  200.2  26.4
011220250024  0.590  3.1  324.6  4.4  0.05  204.5  26.3
011220250025  0.595  3.0  321.8  4.4  0.19  188.8  26.3
011220250026  0.599  2.9  320.1  4.4  0.08  222.6  26.3
011220250027  0.603  2.9  319.5  3.5  0.21  214.9  26.2
011220250028  0.607  2.8  318.6  3.6  0.08  253.4  26.2
011220250029  0.611  2.8  317.7  3.6  0.19  209.9  26.2
011220250030  0.615  2.7  316.6  3.6  0.04  248.6  26.2
011220250031  0.620  2.7  315.4  3.6  0.05  170.8  26.1
011220250032  0.625  2.6  314.1  3.6  0.05  230.6  26.1
011220250033  0.630  2.4  313.6  3.6  0.18  206.5  26.1
011220250034  0.634  2.4  312.6  3.6  0.17  202.6  26.1
011220250035  0.639  2.3  310.2  3.6  0.15  212.9  26.1
011220250036  0.644  2.2  309.8  3.6  0.18  215.2  26.1
011220250037  0.650  2.0  303.7  3.6  0.23  221.5  26.1
011220250038  0.656  2.0  301.0  3.2  0.28  214.0  26.1
011220250039  0.661  2.0  298.8  3.2  0.19  215.0  26.0
011220250040  0.666  2.0  297.1  3.2  0.19  226.0  26.0
011220250041  0.672  1.9  297.6  3.2  0.25  226.4  26.0
011220250042  0.676  1.9  297.7  3.2  0.14  226.6  26.0
011220250043  0.682  2.0  296.2  3.2  0.21  233.9  26.0
011220250044  0.686  2.0  296.3  3.2  0.26  243.1  26.0
011220250045  0.689  2.0  297.1  3.2  0.15  243.0  26.0
011220250046  0.694  2.1  295.9  3.2  0.16  243.8  26.0
011220250047  0.698  2.1  298.6  3.2  0.21  216.3  26.0
011220250048  0.701  2.0  299.1  3.2  0.20  225.9  26.0
011220250049  0.705  2.0  301.8  3.2  0.20  237.0  26.0
011220250050  0.710  2.1  305.6  3.2  0.24  220.8  26.0
011220250051  0.714  2.2  307.6  4.4  0.19  246.5  26.0
011220250052  0.718  2.5  309.2  5.0  0.24  213.6  26.0
011220250053  0.722  2.5  312.7  5.0  0.12  220.2  26.0
011220250054  0.727  2.6  316.7  5.0  0.21  239.6  26.0
011220250055  0.728  2.8  318.6  5.5  0.20  234.2  26.0
011220250056  0.733  3.0  320.7  5.5  0.22  220.4  25.9
011220250057  0.737  3.4  323.5  5.5  0.20  221.0  25.9
011220250058  0.741  3.7  325.4  5.5  0.25  205.1  25.9
011220250059  0.745  3.9  326.6  5.5  0.18  209.6  25.9
011220250100  0.748  4.0  327.3  5.5  0.25  192.7  25.9
011220250101  0.751  4.0  327.8  5.5  0.16  185.7  25.8
011220250102  0.753  4.0  328.8  5.5  0.30  193.0  25.8
011220250103  0.757  4.2  328.3  5.5  0.35  184.6  25.8
011220250104  0.761  4.4  327.9  5.5  0.31  200.4  25.8
011220250105  0.764  4.5  328.0  5.6  0.33  195.4  25.8
011220250106  0.767  4.5  327.8  5.6  0.22  196.2  25.8
011220250107  0.769  4.3  327.1  5.6  0.28  170.4  25.8
011220250108  0.771  4.1  326.2  5.6  0.13  189.2  25.7
011220250109  0.774  3.9  325.9  5.6  0.20  182.0  25.7
011220250110  0.778  3.8  324.4  5.6  0.34  181.8  25.7
011220250111  0.782  3.6  323.6  5.6  0.44  190.0  25.7
011220250112  0.788  3.6  323.8  5.6  0.25  190.0  25.7
011220250113  0.793  3.5  323.7  5.6  0.26  193.4  25.7
011220250114  0.799  3.3  322.1  5.6  0.12  175.5  25.7
011220250115  0.802  3.1  321.2  5.2  0.29  183.8  25.7
011220250116  0.807  2.8  321.3  3.9  0.35  192.5  25.7
011220250117  0.811  2.6  318.5  3.9  0.30  188.5  25.7
011220250118  0.815  2.6  315.9  3.9  0.30  200.9  25.7
011220250119  0.820  2.6  312.5  3.9  0.24  199.8  25.7
011220250120  0.824  2.5  310.5  3.9  0.26  194.4  25.7
011220250121  0.827  2.4  308.2  3.9  0.26  179.4  25.7
011220250122  0.833  2.3  307.4  3.9  0.42  183.4  25.7
011220250123  0.838  2.3  306.7  4.4  0.41  187.8  25.6
011220250124  0.842  2.4  306.5  4.4  0.36  190.6  25.6
011220250125  0.848  2.4  306.7  5.5  0.52  189.4  25.6
011220250126  0.851  2.6  305.7  5.5  0.48  184.2  25.6
011220250127  0.855  2.8  308.8  5.5  0.52  182.2  25.6
011220250128  0.860  3.1  309.9  5.5  0.41  191.6  25.6
011220250129  0.864  3.2  311.4  5.5  0.38  185.6  25.6
011220250130  0.869  3.3  313.6  5.5  0.40  183.3  25.6
011220250131  0.876  3.4  313.9  5.5  0.45  187.0  25.6
011220250132  0.881  3.5  313.0  5.5  0.38  182.9  25.6
011220250133  0.886  3.4  312.5  5.5  0.39  184.9  25.6
011220250134  0.890  3.3  309.9  5.5  0.56  181.0  25.6
011220250135  0.896  3.1  308.1  5.4  0.43  178.1  25.6
011220250136  0.901  2.7  305.3  5.4  0.49  178.2  25.6
011220250137  0.905  2.6  298.0  6.8  0.44  181.2  25.6
011220250138  0.910  2.2  286.2  6.9  0.29  191.9  25.6
011220250139  0.913  1.8  275.3  6.9  0.51  181.1  25.6
011220250140  0.918  1.6  262.8  6.9  0.39  188.6  25.6
011220250141  0.923  1.5  248.4  6.9  0.49  175.2  25.6
011220250142  0.928  1.4  224.4  6.9  0.39  184.3  25.6
011220250143  0.935  1.6  206.6  6.9  0.43  178.4  25.6
011220250144  0.941  1.7  195.1  6.9  0.46  181.3  25.6
011220250145  0.946  2.0  188.3  6.9  0.30  182.9  25.6
011220250146  0.952  2.0  184.8  6.9  0.36  178.4  25.6
011220250147  0.958  2.2  169.2  6.9  0.35  179.2  25.5
011220250148  0.964  1.9  157.5  3.2  0.47  171.1  25.5
011220250149  0.972  1.7  152.5  3.2  0.41  169.7  25.5
011220250150  0.980  1.5  144.3  3.2  0.44  184.4  25.5
011220250151  0.987  1.4  132.4  3.2  0.40  170.9  25.5
011220250152  0.994  1.4  124.7  3.2  0.40  179.3  25.5
011220250153  1.001  1.4  113.5  3.2  0.48  185.3  25.5
011220250154  1.007  1.4  101.2  3.2  0.45  185.0  25.5
011220250155  1.014  1.5  85.6  2.8  0.57  176.7  25.5
011220250156  1.018  1.7  76.2  2.8  0.47  181.2  25.5
011220250157  1.025  1.8  71.3  2.8  0.55  185.4  25.5
011220250158  1.031  1.7  70.3  2.8  0.41  182.1  25.4
011220250159  1.039  1.7  71.2  2.8  0.43  186.1  25.4
011220250200  1.044  1.8  72.6  2.8  0.38  177.8  25.4
011220250201  1.051  1.8  71.3  2.8  0.36  170.4  25.5
011220250202  1.058  1.9  66.5  2.8  0.41  189.7  25.5
011220250203  1.063  1.9  61.6  3.1  0.33  194.8  25.5
011220250204  1.069  2.0  56.5  3.1  0.45  190.5  25.5
011220250205  1.074  2.1  52.5  3.3  0.42  192.7  25.5
011220250206  1.077  2.2  48.5  3.5  0.30  201.0  25.4
011220250207  1.084  2.4  41.9  4.1  0.34  188.7  25.4
011220250208  1.088  2.6  38.2  4.1  0.48  184.7  25.4
011220250209  1.093  3.0  36.0  6.0  0.47  184.3  25.4
011220250210  1.098  3.2  33.7  6.0  0.57  182.7  25.4
011220250211  1.101  3.4  30.1  6.0  0.51  180.0  25.4
011220250212  1.104  3.6  26.5  6.0  0.49  182.8  25.4
011220250213  1.108  3.7  24.3  6.0  0.40  174.8  25.4
011220250214  1.113  3.8  22.7  6.0  0.40  185.8  25.4
011220250215  1.116  3.9  19.4  6.0  0.59  183.6  25.4
011220250216  1.119  4.0  13.9  6.0  0.57  176.7  25.5
011220250217  1.122  4.1  8.0  6.4  0.43  193.1  25.5
011220250218  1.126  4.2  3.2  6.4  0.43  178.1  25.5
011220250219  1.128  4.2  358.9  6.4  0.39  176.0  25.5
011220250220  1.133  4.2  355.9  6.4  0.41  183.7  25.5
011220250221  1.135  4.1  353.2  6.4  0.48  177.3  25.5
011220250222  1.139  4.1  349.7  6.4  0.40  177.5  25.5
011220250223  1.141  3.8  344.9  6.4  0.46  185.1  25.5
011220250224  1.143  3.6  337.9  6.4  0.49  176.7  25.5
011220250225  1.146  3.5  334.0  6.4  0.60  181.3  25.5
011220250226  1.150  3.3  331.9  6.4  0.40  179.6  25.5
011220250227  1.151  3.0  332.1  5.7  0.50  180.7  25.4
011220250228  1.154  2.4  330.4  5.2  0.47  186.7  25.4
011220250229  1.157  1.8  324.4  5.2  0.40  182.5  25.4
011220250230  1.160  1.4  310.6  4.0  0.46  183.7  25.3
011220250231  1.164  1.4  300.8  4.0  0.53  187.1  25.3
011220250232  1.168  1.3  289.3  4.0  0.55  183.7  25.3
011220250233  1.171  1.3  279.2  4.2  0.51  178.3  25.3
011220250234  1.174  1.2  258.0  4.6  0.47  175.3  25.2
011220250235  1.176  1.4  234.6  4.6  0.47  184.1  25.2
011220250236  1.178  1.7  218.6  4.6  0.29  179.9  25.2
011220250237  1.180  2.0  212.1  4.6  0.48  172.6  25.2
011220250238  1.183  2.2  213.1  4.6  0.50  179.5  25.2
011220250239  1.187  2.3  217.0  4.6  0.44  186.0  25.2
011220250240  1.191  2.4  214.1  4.6  0.30  176.7  25.2
011220250241  1.194  2.4  206.5  4.6  0.40  196.2  25.2
011220250242  1.197  2.4  200.1  4.6  0.48  180.5  25.2
011220250243  1.200  2.0  195.2  4.6  0.44  181.9  25.2
011220250244  1.203  1.4  187.7  4.1  0.39  183.7  25.3
011220250245  1.206  1.0  176.3  3.0  0.53  187.2  25.3
011220250246  1.209  0.7  155.6  2.9  0.38  189.4  25.3
011220250247  1.213  0.7  118.0  2.9  0.36  178.7  25.3
011220250248  1.216  0.9  94.8  2.8  0.35  202.4  25.3
011220250249  1.219  1.2  84.3  2.8  0.34  195.9  25.3
011220250250  1.222  1.6  73.7  3.9  0.38  212.7  25.3
011220250251  1.226  1.9  68.8  4.5  0.36  202.5  25.3
011220250252  1.227  2.2  69.7  4.5  0.33  201.8  25.3
011220250253  1.229  2.4  71.4  4.5  0.38  192.6  25.3
011220250254  1.232  2.6  77.1  4.5  0.46  203.0  25.2
011220250255  1.236  2.7  81.0  4.5  0.35  200.5  25.2
011220250256  1.239  2.9  83.1  4.5  0.40  203.0  25.2
011220250257  1.242  3.0  85.9  4.5  0.42  221.2  25.2
011220250258  1.246  3.0  88.2  4.5  0.32  219.1  25.2
011220250259  1.251  3.0  89.3  4.5  0.29  226.3  25.3
011220250300  1.256  2.9  91.9  4.5  0.17  240.6  25.2
011220250301  1.260  2.7  95.7  4.1  0.42  209.9  25.2
011220250302  1.265  2.6  97.0  4.1  0.47  192.9  25.2
011220250303  1.272  2.4  101.0  4.1  0.43  192.3  25.2
011220250304  1.278  2.2  104.2  3.7  0.41  191.1  25.2
011220250305  1.285  2.3  106.9  3.7  0.45  200.2  25.2
011220250306  1.292  2.2  110.2  3.4  0.28  202.0  25.2
011220250307  1.299  2.3  111.0  3.9  0.30  211.0  25.2
011220250308  1.305  2.2  111.6  3.9  0.38  209.2  25.2
011220250309  1.311  2.2  112.6  3.9  0.42  199.4  25.2
011220250310  1.318  2.2  114.8  3.9  0.40  206.4  25.2
011220250311  1.324  2.1  116.9  3.9  0.33  203.1  25.2
011220250312  1.330  2.0  118.9  3.9  0.44  196.1  25.2
011220250313  1.336  2.0  114.8  3.9  0.43  196.3  25.2
011220250314  1.341  1.8  109.6  3.9  0.25  196.2  25.1
011220250315  1.347  1.4  103.4  3.9  0.35  199.9  25.1
011220250316  1.352  1.1  95.9  3.9  0.40  196.7  25.1
011220250317  1.355  0.8  83.1  3.0  0.29  197.6  25.1
011220250318  1.358  0.7  56.5  2.8  0.28  197.2  25.1
011220250319  1.362  0.8  33.8  2.0  0.32  201.2  25.1
011220250320  1.364  1.0  20.8  2.5  0.25  214.0  25.1
011220250321  1.367  1.3  13.7  2.9  0.29  193.8  25.1
011220250322  1.369  1.5  14.6  2.9  0.29  183.8  25.1
011220250323  1.372  1.7  14.1  3.1  0.21  201.7  25.0
011220250324  1.374  1.8  17.3  3.1  0.32  198.8  25.0
011220250325  1.376  1.8  20.3  3.1  0.36  183.5  25.0
011220250326  1.378  2.0  21.7  3.1  0.34  186.4  25.0
011220250327  1.380  2.1  21.0  3.1  0.38  182.1  25.0
011220250328  1.382  2.2  21.1  3.1  0.38  176.7  25.0
011220250329  1.385  2.3  21.4  3.1  0.33  181.6  25.0
011220250330  1.387  2.2  24.7  3.1  0.44  180.8  25.0
011220250331  1.389  2.1  28.5  3.1  0.35  188.1  25.0
011220250332  1.390  1.9  28.4  3.1  0.26  193.8  25.0
011220250333  1.393  1.6  30.2  3.1  0.22  187.9  25.0
011220250334  1.395  1.4  32.2  3.1  0.21  185.3  25.0
011220250335  1.400  1.3  36.8  3.1  0.21  186.8  25.0
011220250336  1.402  1.0  46.4  3.1  0.34  189.7  25.0
011220250337  1.406  0.9  60.6  3.1  0.24  180.1  25.0
011220250338  1.409  0.8  76.2  2.6  0.11  190.0  25.0
011220250339  1.413  0.8  85.4  2.3  0.28  190.0  25.0
011220250340  1.416  0.8  83.5  1.9  0.18  177.1  25.0
011220250341  1.420  0.8  83.1  1.9  0.23  191.5  25.0
011220250342  1.423  0.9  77.5  1.9  0.35  182.1  25.0
011220250343  1.426  0.8  68.9  1.8  0.43  170.6  25.0
011220250344  1.428  0.9  58.6  1.8  0.34  185.7  25.0
011220250345  1.430  1.0  48.0  1.8  0.35  179.4  25.0
011220250346  1.433  1.2  39.9  2.1  0.18  172.7  25.0
011220250347  1.433  1.4  38.2  2.7  0.25  189.6  25.0
011220250348  1.435  1.6  35.1  3.0  0.32  179.4  25.0
011220250349  1.437  1.6  33.3  3.0  0.19  173.2  25.0
011220250350  1.438  1.7  33.7  3.1  0.22  190.0  25.0
011220250351  1.438  1.7  34.4  3.1  0.29  203.0  25.0
011220250352  1.439  1.7  35.4  3.1  0.28  196.4  24.9
011220250353  1.438  1.7  39.9  3.1  0.32  196.3  24.9
011220250354  1.438  1.7  43.7  3.1  0.42  189.5  24.9
011220250355  1.439  1.6  49.5  3.1  0.25  196.6  24.9
011220250356  1.439  1.6  62.0  3.2  0.28  191.2  24.9
011220250357  1.439  1.4  74.4  3.2  0.27  191.7  24.9
011220250358  1.440  1.3  91.3  3.2  0.30  180.3  24.9
011220250359  1.441  1.4  105.2  3.2  0.35  191.3  24.9
011220250400  1.441  1.4  121.5  3.2  0.30  182.9  24.9
011220250401  1.440  1.4  133.7  3.2  0.33  184.0  24.9
011220250402  1.440  1.4  145.4  3.2  0.29  184.7  24.9
011220250403  1.441  1.5  153.9  3.2  0.37  179.9  24.9
011220250404  1.440  1.6  164.0  3.2  0.45  186.3  24.9
011220250405  1.441  1.8  172.6  3.2  0.32  172.8  24.8
011220250406  1.441  1.9  181.4  3.0  0.43  159.9  24.8
011220250407  1.442  1.9  186.1  3.1  0.33  170.2  24.8
011220250408  1.441  2.0  190.9  3.1  0.31  164.9  24.7
011220250409  1.442  2.1  194.2  3.1  0.24  163.2  24.7
011220250410  1.442  2.2  195.4  3.1  0.30  161.4  24.6
011220250411  1.441  2.3  195.6  3.1  0.25  177.1  24.4
011220250412  1.442  2.4  196.7  3.1  0.45  174.5  24.3
011220250413  1.444  2.5  199.4  3.2  0.47  171.9  24.3
011220250414  1.446  2.6  198.8  3.5  0.10  173.3  24.2
011220250415  1.447  2.6  198.0  3.5  0.28  189.2  24.2
011220250416  1.448  2.7  198.6  3.8  0.12  168.6  24.3
011220250417  1.449  2.7  197.3  3.8  0.12  188.1  24.4
011220250418  1.452  2.7  196.4  3.8  0.28  192.0  24.4
011220250419  1.453  2.7  194.2  3.8  0.15  173.2  24.5
011220250420  1.454  2.7  192.8  3.8  0.18  183.3  24.4
011220250421  1.455  2.7  192.7  3.8  0.23  184.6  24.4
011220250422  1.456  2.7  190.5  3.8  0.16  168.9  24.3
011220250423  1.457  2.6  189.7  3.8  0.20  184.5  24.3
011220250424  1.458  2.4  192.4  3.8  0.27  175.7  24.3
011220250425  1.460  2.2  194.6  3.8  0.27  184.3  24.2
011220250426  1.460  2.1  194.0  3.4  0.26  171.3  24.2
011220250427  1.460  2.1  194.2  3.4  0.19  172.3  24.1
011220250428  1.461  2.2  197.2  3.4  0.15  160.8  24.1
011220250429  1.462  2.2  200.7  3.4  0.19  167.2  24.1
011220250430  1.464  2.2  205.9  4.1  0.20  188.9  24.1
011220250431  1.463  2.3  207.9  4.1  0.25  182.5  24.0
011220250432  1.463  2.3  207.3  4.1  0.16  167.3  24.0
011220250433  1.464  2.2  205.0  4.1  0.26  180.2  24.0
011220250434  1.464  2.3  198.8  4.1  0.20  185.6  24.0
011220250435  1.464  2.3  193.2  4.1  0.25  185.0  24.0
011220250436  1.464  2.3  182.7  7.0  0.25  177.6  24.0
011220250437  1.465  2.2  169.0  7.4  0.10  179.3  24.0
011220250438  1.466  2.3  158.3  7.4  0.20  185.6  24.0
011220250439  1.468  2.5  148.5  7.4  0.26  183.1  24.0
011220250440  1.470  2.8  137.6  7.4  0.22  187.5  24.0
011220250441  1.472  3.2  130.9  7.4  0.15  183.2  23.9
011220250442  1.474  3.5  127.5  7.4  0.23  188.5  23.9
011220250443  1.476  4.0  125.3  7.4  0.17  174.1  24.0
011220250444  1.478  4.2  126.8  7.4  0.17  186.1  24.0
011220250445  1.480  4.3  128.0  7.4  0.13  167.2  24.0
011220250446  1.483  4.1  132.5  7.4  0.14  164.1  24.0
011220250447  1.485  3.7  137.4  7.4  0.23  176.1  24.0
011220250448  1.487  3.4  141.2  7.4  0.27  176.1  24.0
011220250449  1.491  3.4  150.7  7.4  0.22  174.9  24.0
011220250450  1.492  3.3  163.9  7.4  0.27  171.4  24.0
011220250451  1.493  3.3  175.2  7.4  0.26  181.3  24.0
011220250452  1.496  3.4  184.9  7.4  0.19  164.5  24.0
011220250453  1.498  3.5  196.3  7.4  0.26  185.7  24.0
011220250454  1.500  3.5  203.1  6.3  0.12  171.0  24.0
011220250455  1.502  3.6  207.3  6.3  0.21  185.7  24.0
011220250456  1.503  3.8  210.1  6.3  0.29  173.2  24.0
011220250457  1.505  4.0  211.1  6.3  0.40  166.2  24.0
011220250458  1.505  4.2  210.6  6.3  0.28  188.0  24.0
011220250459  1.506  4.0  211.8  6.1  0.24  174.7  24.0
011220250500  1.505  3.9  210.8  6.1  0.20  170.3  24.0
011220250501  1.506  3.9  210.5  5.8  0.31  171.2  24.0
011220250502  1.507  3.8  210.7  5.3  0.10  157.3  24.0
011220250503  1.507  3.9  211.0  6.0  0.16  161.8  24.0
011220250504  1.509  4.0  210.9  6.0  0.28  190.8  23.9
011220250505  1.509  4.1  210.4  6.0  0.26  190.0  23.9
011220250506  1.509  4.2  210.2  6.0  0.18  160.7  23.9
011220250507  1.509  4.4  211.1  6.1  0.22  157.5  23.8
011220250508  1.508  4.5  212.5  6.1  0.22  167.5  23.8
011220250509  1.508  4.7  212.6  6.1  0.23  178.8  23.8
011220250510  1.507  4.6  213.5  6.1  0.26  186.5  23.8
011220250511  1.505  4.6  214.4  6.1  0.22  168.1  23.8
011220250512  1.502  4.6  213.5  6.1  0.23  181.7  23.8
011220250513  1.500  4.5  211.9  6.1  0.20  190.0  23.7
011220250514  1.498  4.4  209.8  6.1  0.14  179.9  23.7
011220250515  1.497  4.3  207.3  6.1  0.11  143.6  23.7
011220250516  1.497  4.1  204.5  6.1  0.10  141.0  23.7
011220250517  1.496  4.0  201.0  5.9  0.09  161.3  23.7
011220250518  1.495  3.9  196.7  5.9  0.16  172.9  23.7
011220250519  1.492  3.8  195.1  5.9  0.14  162.0  23.7
011220250520  1.490  3.7  191.0  5.9  0.18  150.0  23.7
011220250521  1.487  3.7  186.6  5.9  0.20  185.6  23.7
011220250522  1.486  3.7  184.9  5.9  0.20  153.1  23.7
011220250523  1.483  3.9  184.1  10.1  0.17  163.4  23.7
011220250524  1.480  4.0  184.4  10.1  0.18  198.2  23.7
011220250525  1.477  4.1  185.0  10.1  0.08  119.4  23.7
011220250526  1.476  4.4  184.0  10.1  0.24  164.1  23.7
011220250527  1.475  4.5  182.1  10.1  0.15  163.1  23.7
011220250528  1.472  4.5  181.2  10.1  0.09  176.3  23.7
011220250529  1.471  4.7  179.1  10.1  0.21  159.2  23.7
011220250530  1.469  5.0  177.7  10.1  0.17  180.0  23.7
011220250531  1.468  5.1  178.2  10.1  0.20  177.9  23.7
011220250532  1.465  5.7  178.0  10.5  0.04  166.0  23.7
011220250533  1.464  5.8  180.9  11.4  0.13  163.0  23.7
011220250534  1.461  6.1  182.6  11.4  0.18  171.8  23.7
011220250535  1.460  6.2  183.7  11.4  0.20  172.3  23.7
011220250536  1.456  6.4  184.0  11.4  0.21  172.9  23.7
011220250537  1.453  6.7  185.6  11.4  0.13  148.7  23.8
011220250538  1.450  7.2  185.9  11.4  0.18  167.6  23.8
011220250539  1.446  7.4  186.0  11.4  0.17  179.1  23.8
011220250540  1.442  7.8  188.6  13.0  0.13  140.1  23.8
011220250541  1.439  8.2  188.1  13.0  0.16  145.5  23.7
011220250542  1.436  8.0  189.9  13.0  0.15  136.4  23.7
011220250543  1.433  8.0  188.4  13.0  0.10  175.1  23.7
011220250544  1.428  8.0  187.4  13.0  0.14  162.4  23.7
011220250545  1.426  8.1  186.6  13.0  0.11  162.6  23.7
011220250546  1.422  8.4  187.0  13.0  0.15  145.0  23.7
011220250547  1.418  8.5  186.6  13.0  0.09  120.9  23.7
011220250548  1.416  8.7  188.1  13.9  0.14  177.6  23.7
011220250549  1.410  9.2  188.0  13.9  0.05  74.4  23.7
011220250550  1.407  9.5  188.1  13.9  0.14  167.8  23.7
011220250551  1.405  9.9  189.2  14.8  0.15  150.9  23.7
011220250552  1.403  10.6  188.8  15.8  0.10  150.5  23.7
011220250553  1.401  10.9  188.3  16.3  0.12  154.5  23.7
011220250554  1.398  11.1  189.3  16.3  0.13  178.3  23.7
011220250555  1.395  11.6  190.5  17.9  0.13  154.7  23.7
011220250556  1.391  11.9  191.8  17.9  0.07  140.4  23.7
011220250557  1.388  12.1  193.7  17.9  0.07  93.3  23.7
011220250558  1.386  12.3  193.6  17.9  0.10  54.2  23.7
011220250559  1.383  12.3  195.4  17.9  0.05  83.7  23.7
011220250600  1.380  12.1  195.6  17.9  0.05  22.5  23.7
011220250601  1.376  11.9  196.4  17.9  0.09  162.9  23.7
011220250602  1.372  11.5  196.8  17.9  0.10  152.4  23.7
011220250603  1.368  11.2  197.9  17.9  nan  nan  nan
011220250604  1.365  11.3  197.9  17.9  0.03  10.0  23.7
011220250605  1.362  11.3  197.9  16.3  0.13  179.2  23.7
011220250606  1.360  11.1  197.4  16.3  0.05  27.7  23.7
011220250607  1.357  10.9  196.1  16.3  0.07  106.5  23.7
011220250608  1.353  10.6  196.6  15.1  0.13  13.4  23.7
011220250609  1.351  10.6  196.4  15.1  0.05  355.5  23.7
011220250610  1.348  10.7  195.6  15.9  0.09  17.8  23.7
011220250611  1.346  10.8  194.8  15.9  0.06  214.1  23.7
011220250612  1.344  10.9  194.3  15.9  0.08  257.7  23.7
011220250613  1.342  10.9  193.3  15.9  0.08  21.3  23.7
011220250614  1.342  11.0  192.4  15.9  0.05  355.5  23.7
011220250615  1.340  10.9  192.0  15.9  0.10  46.7  23.7
011220250616  1.339  10.9  191.8  15.9  0.03  154.0  23.7
011220250617  1.339  11.1  193.3  15.9  0.10  190.0  23.7
011220250618  1.339  11.2  193.5  15.9  0.03  319.8  23.7
011220250619  1.337  11.2  194.1  17.0  0.06  96.5  23.7
011220250620  1.337  11.1  194.6  17.0  0.05  323.4  23.7
011220250621  1.337  11.0  194.5  17.0  0.10  184.2  23.7
011220250622  1.336  10.7  195.3  17.0  nan  nan  nan
011220250623  1.336  10.8  196.2  17.0  0.06  322.3  23.7
011220250624  1.336  10.5  197.2  17.0  0.04  192.9  23.7
011220250625  1.337  10.5  198.2  17.0  0.05  303.5  23.7
011220250626  1.336  10.3  198.0  17.0  0.02  200.3  23.7
011220250627  1.336  10.1  196.7  17.0  0.02  95.2  23.7
011220250628  1.335  9.9  197.0  17.0  0.18  208.2  23.7
011220250629  1.333  9.6  197.3  13.4  0.05  265.5  23.7
011220250630  1.333  9.6  197.6  13.4  0.04  94.3  23.7
011220250631  1.332  9.7  197.9  13.4  0.04  220.5  23.7
011220250632  1.331  9.6  197.4  13.4  0.11  330.1  23.7
011220250633  1.330  9.8  197.4  13.4  0.09  201.1  23.7
011220250634  1.329  9.7  196.2  13.4  0.04  258.7  23.7
011220250635  1.328  9.6  195.0  13.1  0.05  255.4  23.7
011220250636  1.328  9.7  196.1  14.6  0.02  211.8  23.7
011220250637  1.326  9.8  196.1  14.6  nan  nan  nan
011220250638  1.325  9.9  194.8  14.6  0.04  86.6  23.7
011220250639  1.322  10.1  192.6  14.6  0.10  222.7  23.7
011220250640  1.320  9.9  191.1  14.6  0.03  24.9  23.7
011220250641  1.317  9.9  190.1  14.6  0.04  61.3  23.7
011220250642  1.314  10.2  190.4  14.6  0.07  108.1  23.7
011220250643  1.312  10.3  189.0  14.8  0.08  41.9  23.7
011220250644  1.309  10.4  188.8  14.8  0.04  95.0  23.7
011220250645  1.306  10.2  188.1  14.8  0.09  52.4  23.7
011220250646  1.302  10.2  186.3  14.8  0.06  20.1  23.7
011220250647  1.299  10.0  185.4  14.8  0.06  31.2  23.7
011220250648  1.295  9.6  186.1  14.8  0.10  19.3  23.8
011220250649  1.291  9.6  187.7  14.8  0.07  39.9  23.9
011220250650  1.287  9.6  188.3  14.8  0.12  7.1  23.9
011220250651  1.283  9.8  188.5  14.8  0.06  34.9  23.9
011220250652  1.279  9.7  187.5  14.8  0.11  5.0  23.9
011220250653  1.276  9.8  188.4  15.8  0.07  196.3  23.9
011220250654  1.272  10.0  188.2  15.8  0.02  24.0  23.9
011220250655  1.267  10.3  187.2  15.8  0.07  341.9  23.9
011220250656  1.263  10.5  187.2  15.8  0.06  359.0  23.9
011220250657  1.258  10.8  186.9  15.8  nan  nan  nan
011220250658  1.252  11.4  186.6  15.8  0.08  1.5  23.9
011220250659  1.246  11.4  185.7  15.8  0.05  316.9  23.9
011220250700  1.240  11.7  185.9  15.8  0.05  336.3  23.9
011220250701  1.235  11.6  185.3  15.8  0.04  348.2  24.0
011220250702  1.230  11.5  186.8  15.8  0.14  358.4  24.0
011220250703  1.225  11.6  186.6  16.6  0.19  22.1  24.0
011220250704  1.219  11.7  185.9  16.6  0.14  9.2  24.0
011220250705  1.214  11.2  186.1  16.6  0.10  355.1  24.0
011220250706  1.210  10.6  186.1  16.6  0.13  8.3  24.0
011220250707  1.205  10.5  187.8  16.6  0.19  40.9  24.0
011220250708  1.199  10.4  188.2  16.6  0.21  36.3  24.0
011220250709  1.194  10.3  189.0  16.6  0.17  11.3  24.0
011220250710  1.189  10.3  190.0  16.6  0.10  63.1  24.0
011220250711  1.183  10.3  191.6  16.6  0.28  14.0  24.1
011220250712  1.177  10.1  190.0  16.6  0.18  37.1  24.1
011220250713  1.172  9.6  190.2  16.6  0.31  42.6  24.1
011220250714  1.167  9.3  192.6  16.6  0.33  46.3  24.1
011220250715  1.162  9.3  193.8  16.6  0.40  46.7  24.1
011220250716  1.156  9.7  195.0  16.6  0.40  41.8  24.1
011220250717  1.150  9.6  193.9  16.6  0.30  27.9  24.1
011220250718  1.145  9.3  192.8  12.9  0.38  34.7  24.1
011220250719  1.139  9.1  192.0  12.9  0.32  38.9  24.1
011220250720  1.133  8.7  189.8  12.9  0.28  52.4  24.1
011220250721  1.128  8.3  187.0  12.9  0.38  38.5  24.1
011220250722  1.124  8.0  187.2  12.9  0.25  48.7  24.1
011220250723  1.119  7.9  187.7  12.9  0.40  34.6  24.1
011220250724  1.114  7.3  187.0  12.9  0.35  35.9  24.1
011220250725  1.111  7.5  184.9  12.9  0.37  32.7  24.1
011220250726  1.105  6.9  182.4  12.3  0.34  46.3  24.1
011220250727  1.101  6.5  181.9  12.3  0.37  26.5  24.1
011220250728  1.096  6.7  181.6  12.9  0.40  28.6  24.1
011220250729  1.092  6.7  183.3  12.9  0.40  38.7  24.1
011220250730  1.089  6.5  184.7  12.9  0.45  30.6  24.1
011220250731  1.085  6.1  187.1  12.9  0.30  32.2  24.2
011220250732  1.080  5.7  184.1  12.9  0.33  25.2  24.2
011220250733  1.076  5.7  180.7  12.9  0.24  32.2  24.2
011220250734  1.073  5.9  180.8  12.9  0.31  19.1  24.2
011220250735  1.069  5.7  183.3  12.9  0.33  9.3  24.2
011220250736  1.064  6.1  184.2  12.9  0.47  19.8  24.3
011220250737  1.062  6.1  180.5  12.9  0.35  12.6  24.3
011220250738  1.059  5.7  177.4  11.0  0.40  11.7  24.2
011220250739  1.055  5.7  173.9  11.0  0.20  17.9  24.2
011220250740  1.051  5.7  171.5  11.0  0.28  13.1  24.2
011220250741  1.048  5.9  172.0  11.0  0.29  23.0  24.2
011220250742  1.046  6.2  175.4  11.0  0.34  22.2  24.2
011220250743  1.043  6.4  179.1  11.0  0.36  15.0  24.2
011220250744  1.040  7.0  180.2  13.9  0.35  21.2  24.2
011220250745  1.037  6.9  179.4  13.9  0.35  10.0  24.2
011220250746  1.033  6.7  178.7  13.9  0.37  15.4  24.2
011220250747  1.028  6.6  180.6  13.9  0.26  13.9  24.3
011220250748  1.024  6.7  182.4  13.9  0.39  21.3  24.3
011220250749  1.019  6.5  184.9  13.9  0.19  48.7  24.3
011220250750  1.016  6.6  186.4  13.9  0.17  47.4  24.3
011220250751  1.012  6.5  184.8  13.9  0.34  8.1  24.3
011220250752  1.008  6.7  184.6  13.9  0.24  23.5  24.3
011220250753  1.005  6.6  183.4  13.9  0.31  18.9  24.3
011220250754  1.001  5.9  180.2  10.7  0.30  15.6  24.3
011220250755  0.998  5.9  180.5  10.7  0.26  21.9  24.3
011220250756  0.995  5.9  181.8  10.7  0.26  20.0  24.3
011220250757  0.992  5.9  184.0  10.7  0.30  29.5  24.3
011220250758  0.989  5.6  184.9  10.7  0.26  29.5  24.3
011220250759  0.986  5.4  181.8  10.7  0.35  25.9  24.3
011220250800  0.983  5.2  178.1  10.7  0.33  21.9  24.3
011220250801  0.980  5.5  179.0  10.7  0.42  30.0  24.3
011220250802  0.978  5.3  177.7  10.0  0.29  32.2  24.3
011220250803  0.976  5.3  180.4  10.9  0.22  38.0  24.3
011220250804  0.974  5.4  182.2  10.9  0.36  19.4  24.4
011220250805  0.971  5.3  181.6  10.9  0.26  25.8  24.4
011220250806  0.969  5.2  180.1  10.9  0.50  24.6  24.4
011220250807  0.965  5.5  177.9  10.9  0.30  25.6  24.4
011220250808  0.961  5.6  176.1  10.9  0.27  27.0  24.4
011220250809  0.958  5.7  176.2  10.9  0.33  18.5  24.4
011220250810  0.953  5.7  179.6  10.9  0.27  21.0  24.4
011220250811  0.949  5.6  182.1  10.9  0.30  18.6  24.4
011220250812  0.946  5.8  183.9  10.9  0.31  25.7  24.4
011220250813  0.944  5.3  179.8  10.6  0.42  6.8  24.4
011220250814  0.941  5.3  177.9  10.6  0.45  16.6  24.4
011220250815  0.938  5.5  178.9  10.6  0.34  20.3  24.5
011220250816  0.935  5.4  177.4  10.2  0.32  14.2  24.5
011220250817  0.930  4.9  176.3  10.2  0.23  12.4  24.5
011220250818  0.927  5.1  177.8  10.2  0.39  12.3  24.5
011220250819  0.923  5.3  177.0  10.2  0.38  15.6  24.5
011220250820  0.918  5.3  176.3  10.4  0.44  11.5  24.5
011220250821  0.914  5.3  173.1  10.4  0.36  6.3  24.5
011220250822  0.910  4.8  170.2  10.4  0.38  10.0  24.5
011220250823  0.905  4.7  169.0  10.4  0.42  15.6  24.5
011220250824  0.901  4.5  168.2  10.4  0.34  6.3  24.5
011220250825  0.897  4.2  162.6  10.4  0.39  14.9  24.6
011220250826  0.892  4.1  161.2  10.4  0.34  9.7  24.6
011220250827  0.888  4.0  161.7  10.4  0.39  15.2  24.6
011220250828  0.883  3.6  160.1  10.4  0.29  13.8  24.6
011220250829  0.878  3.3  158.7  10.4  0.28  21.5  24.6
011220250830  0.873  3.1  153.5  7.5  0.47  15.0  24.6
011220250831  0.868  2.8  152.8  5.8  0.40  22.0  24.6
011220250832  0.864  2.9  146.4  7.1  0.35  11.3  24.6
011220250833  0.860  3.2  148.1  7.7  0.33  32.5  24.7
011220250834  0.856  3.3  150.1  7.7  0.41  20.9  24.7
011220250835  0.851  3.4  150.4  7.7  0.46  21.5  24.7
011220250836  0.847  3.4  150.3  7.7  0.35  26.3  24.7
011220250837  0.844  3.5  151.2  7.7  0.40  19.7  24.7
011220250838  0.839  3.5  149.7  7.7  0.43  23.2  24.8
011220250839  0.835  3.5  147.8  7.7  0.35  30.6  24.8
011220250840  0.830  3.7  147.8  7.7  0.34  25.1  24.8
011220250841  0.828  3.8  146.4  7.7  0.38  25.0  24.8
011220250842  0.822  3.7  151.7  7.7  0.37  29.5  24.8
011220250843  0.819  3.6  150.0  7.5  0.39  32.3  24.8
011220250844  0.816  3.5  145.2  6.9  0.53  24.8  24.8
011220250845  0.810  3.7  146.6  7.5  0.36  34.6  24.8
011220250846  0.806  3.7  145.9  7.5  0.38  22.4  24.8
011220250847  0.802  4.1  144.0  8.0  0.37  34.6  24.9
011220250848  0.798  4.3  147.0  8.0  0.36  37.7  24.9
011220250849  0.794  4.7  149.8  10.5  0.34  29.9  24.9
011220250850  0.791  4.7  150.1  10.5  0.47  33.8  24.9
011220250851  0.788  5.2  150.1  10.5  0.37  40.6  24.9
011220250852  0.785  5.4  150.1  10.5  0.39  36.4  24.9
011220250853  0.780  5.7  152.0  10.5  0.35  28.0  24.9
011220250854  0.778  6.1  153.2  10.5  0.26  62.4  24.9
011220250855  0.774  6.1  153.4  10.5  0.26  43.6  24.9
011220250856  0.771  6.2  154.4  10.5  0.34  45.3  24.9
011220250857  0.767  6.1  156.0  10.5  0.35  61.3  24.9
011220250858  0.761  6.2  154.3  10.5  0.41  32.2  24.9
011220250859  0.757  6.1  155.6  10.3  0.36  49.8  24.9
011220250900  0.753  6.2  156.7  10.3  0.38  36.8  24.9
011220250901  0.749  6.2  157.8  10.3  0.42  27.2  24.9
011220250902  0.746  6.1  157.7  10.3  0.29  45.4  24.9
011220250903  0.742  6.1  157.1  9.8  0.46  35.3  24.9
011220250904  0.736  6.0  157.7  10.1  0.54  24.1  24.9
011220250905  0.733  6.0  159.1  10.1  0.38  42.4  25.0
011220250906  0.730  5.7  157.7  10.1  0.51  24.5  25.0
011220250907  0.726  5.6  155.8  10.1  0.47  26.4  25.0
011220250908  0.721  5.7  156.0  10.3  0.40  37.9  25.0
011220250909  0.719  5.7  154.0  10.3  0.43  34.6  25.0
011220250910  0.714  5.7  154.9  10.3  0.48  21.4  25.0
011220250911  0.711  5.7  156.6  10.3  0.34  50.1  25.0
011220250912  0.707  5.6  156.1  10.3  0.35  46.2  25.0
011220250913  0.705  5.4  157.8  10.3  0.53  25.7  25.0
011220250914  0.701  5.3  159.6  10.3  0.48  36.3  25.0
011220250915  0.699  5.3  159.8  10.3  0.49  30.8  25.0
011220250916  0.696  5.4  163.4  10.3  0.56  29.1  25.0
011220250917  0.694  5.4  165.9  10.3  0.47  34.1  25.1
011220250918  0.689  5.1  165.3  8.0  0.52  33.1  25.1
011220250919  0.686  5.0  163.3  7.9  0.39  51.2  25.1
011220250920  0.682  4.8  162.9  7.7  0.46  40.2  25.1
011220250921  0.678  4.8  161.2  7.8  0.41  56.2  25.1
011220250922  0.674  4.9  161.0  7.8  0.40  56.6  25.1
011220250923  0.672  4.9  160.0  8.5  0.42  43.8  25.1
011220250924  0.668  4.9  159.2  8.5  0.40  47.5  25.1
011220250925  0.666  4.6  156.8  8.5  0.43  49.1  25.1
011220250926  0.664  4.7  155.5  8.5  0.39  32.0  25.1
011220250927  0.662  4.6  155.6  8.5  0.40  34.7  25.1
011220250928  0.661  4.8  158.5  8.5  0.52  28.6  25.1
011220250929  0.658  4.7  160.7  8.5  0.32  44.4  25.2
011220250930  0.655  4.5  160.0  8.5  0.45  24.6  25.2
011220250931  0.653  4.3  158.4  8.5  0.46  29.9  25.2
011220250932  0.650  4.1  159.5  8.5  0.34  42.2  25.2
011220250933  0.649  4.0  161.4  8.1  0.22  46.1  25.2
011220250934  0.646  3.9  162.9  8.1  0.39  47.6  25.2
011220250935  0.643  4.3  166.1  10.5  0.31  36.9  25.2
011220250936  0.641  4.5  165.6  10.7  0.33  36.3  25.2
011220250937  0.639  4.6  165.7  10.7  0.38  51.9  25.2
011220250938  0.638  4.5  165.0  10.7  0.42  28.2  25.2
011220250939  0.637  4.6  164.8  10.7  0.38  24.3  25.2
011220250940  0.636  4.8  165.2  10.7  0.34  35.4  25.2
011220250941  0.635  5.1  167.5  10.7  0.32  35.9  25.2
011220250942  0.634  5.4  167.4  10.7  0.40  16.2  25.3
011220250943  0.633  5.4  165.9  10.7  0.19  40.8  25.3
011220250944  0.633  5.4  164.5  10.7  0.37  25.4  25.3
011220250945  0.631  5.0  164.8  10.7  0.37  19.9  25.3
011220250946  0.630  4.7  165.1  8.4  0.40  19.9  25.3
011220250947  0.630  4.8  162.7  8.9  0.39  24.1  25.3
011220250948  0.628  4.8  161.8  8.9  0.26  42.6  25.3
011220250949  0.629  4.5  161.7  8.9  0.27  17.0  25.3
011220250950  0.628  4.3  158.9  8.9  0.42  17.1  25.3
011220250951  0.628  4.1  154.7  8.9  0.37  14.2  25.3
011220250952  0.628  3.7  148.3  8.9  0.38  17.4  25.3
011220250953  0.627  3.7  141.6  10.0  0.33  23.6  25.4
011220250954  0.625  3.8  141.9  10.0  0.28  13.6  25.4
011220250955  0.624  3.7  139.4  10.0  0.25  9.6  25.4
011220250956  0.621  3.7  134.3  10.0  0.33  21.1  25.4
011220250957  0.619  3.7  131.5  10.0  0.42  16.9  25.4
011220250958  0.619  3.6  130.9  10.0  0.32  27.1  25.4
011220250959  0.618  3.8  127.3  10.0  0.27  16.3  25.4
011220251000  0.616  3.9  126.4  10.0  0.33  16.8  25.4
011220251001  0.614  3.9  125.1  10.0  0.39  15.1  25.4
011220251002  0.612  4.0  130.9  10.3  0.35  26.6  25.4
011220251003  0.611  3.9  130.9  10.3  0.28  13.2  25.4
011220251004  0.610  3.9  127.3  10.3  0.31  10.0  25.4
011220251005  0.607  3.9  124.2  10.3  0.32  26.8  25.5
011220251006  0.606  3.9  123.5  10.3  0.50  15.0  25.5
011220251007  0.604  4.0  122.2  10.3  0.30  20.5  25.5
011220251008  0.602  4.1  121.0  10.3  0.36  14.7  25.5
011220251009  0.600  4.0  122.1  10.3  0.31  21.1  25.5
011220251010  0.598  4.0  121.2  10.3  0.37  25.2  25.5
011220251011  0.594  4.1  122.3  10.3  0.33  24.1  25.5
011220251012  0.592  4.0  116.6  8.0  0.34  18.3  25.5
011220251013  0.590  4.0  118.4  8.0  0.32  20.2  25.5
011220251014  0.587  4.1  118.4  8.0  0.32  28.9  25.5
011220251015  0.586  4.4  118.3  8.0  0.25  26.2  25.6
011220251016  0.582  4.4  116.4  8.0  0.39  25.4  25.6
011220251017  0.579  4.1  118.8  7.1  0.44  20.6  25.6
011220251018  0.578  4.1  119.4  7.6  0.35  22.1  25.6
011220251019  0.576  4.2  121.2  7.6  0.33  34.9  25.6
011220251020  0.574  4.2  124.5  7.6  0.30  52.6  25.6
011220251021  0.572  4.0  123.8  7.6  0.28  66.1  25.6
011220251022  0.570  3.9  124.7  7.6  0.28  49.0  25.6
011220251023  0.568  3.6  126.8  7.6  0.29  50.6  25.6
011220251024  0.569  3.3  127.2  7.6  0.32  32.8  25.6
011220251025  0.567  3.2  132.8  7.6  0.38  25.0  25.6
011220251026  0.566  3.4  137.5  7.6  0.38  19.7  25.6
011220251027  0.564  3.4  137.8  8.2  0.33  25.9  25.6
011220251028  0.562  3.4  139.4  8.2  0.42  23.3  25.7
011220251029  0.561  3.3  139.9  8.2  0.35  26.8  25.7
011220251030  0.558  3.1  138.7  8.2  0.25  29.9  25.7
011220251031  0.558  3.3  140.6  8.5  0.31  25.3  25.7
011220251032  0.556  3.6  142.8  8.5  0.46  24.3  25.7
011220251033  0.555  4.0  143.3  8.5  0.33  24.1  25.7
011220251034  0.552  4.1  143.5  8.5  0.33  40.0  25.7
011220251035  0.551  4.1  142.4  8.5  0.39  24.2  25.7
011220251036  0.549  3.9  142.4  8.5  0.42  21.7  25.7
011220251037  0.548  3.6  141.9  8.5  0.30  26.0  25.7
011220251038  0.547  3.4  140.3  8.5  0.31  26.1  25.7
011220251039  0.547  3.2  138.4  8.5  0.29  21.4  25.8
011220251040  0.546  3.3  137.0  8.5  0.30  31.3  25.8
011220251041  0.546  3.2  130.4  7.6  0.34  28.1  25.8
011220251042  0.545  3.2  121.7  7.6  0.37  23.2  25.8
011220251043  0.542  3.1  115.5  7.0  0.44  25.5  25.8
011220251044  0.541  3.3  112.4  7.0  0.25  29.3  25.8
011220251045  0.538  3.3  107.8  7.0  0.35  31.7  25.8
011220251046  0.536  3.7  107.0  7.8  0.26  36.9  25.8
011220251047  0.535  4.0  103.8  7.8  0.34  19.5  25.8
011220251048  0.534  4.5  103.3  9.3  0.37  23.5  25.8
