Station ID,Date/Time,Water Level (m)
540236,15/10/2025 13:05,-0.05
540236,15/10/2025 13:30,0.0
540236,15/10/2025 13:31,-0.05
540236,15/10/2025 13:34,0.0
540236,15/10/2025 13:44,0.05
540236,15/10/2025 13:54,0.1
540236,15/10/2025 14:02,0.15
540236,15/10/2025 14:10,0.2
540236,15/10/2025 14:15,0.25
540236,15/10/2025 14:23,0.3
540236,15/10/2025 14:29,0.35
540236,15/10/2025 14:34,0.4
540236,15/10/2025 14:47,0.5
540236,15/10/2025 14:54,0.55
540236,15/10/2025 15:00,0.6
540236,15/10/2025 15:06,0.65
540236,15/10/2025 15:14,0.7
540236,15/10/2025 15:20,0.75
540236,15/10/2025 15:28,0.8
540236,15/10/2025 15:34,0.85
540236,15/10/2025 15:43,0.9
540236,15/10/2025 15:50,0.95
540236,15/10/2025 15:58,1.0
540236,15/10/2025 16:05,1.0
540236,15/10/2025 16:08,1.05
540236,15/10/2025 16:19,1.1
540236,15/10/2025 16:29,1.15
540236,15/10/2025 16:58,1.25
540236,15/10/2025 17:29,1.3
540236,15/10/2025 18:32,1.25
540236,15/10/2025 18:44,1.2
540236,15/10/2025 19:02,1.15
540236,15/10/2025 19:05,1.15
540236,15/10/2025 19:27,1.05
540236,15/10/2025 19:37,1.0
540236,15/10/2025 19:47,0.9
540236,15/10/2025 19:48,0.95
540236,15/10/2025 19:53,0.9
540236,15/10/2025 20:03,0.85
540236,15/10/2025 20:09,0.8
540236,15/10/2025 20:18,0.75
540236,15/10/2025 20:35,0.65
540236,15/10/2025 20:46,0.6
540236,15/10/2025 20:54,0.55
540236,15/10/2025 21:09,0.45
540236,15/10/2025 21:20,0.4
540236,15/10/2025 21:33,0.35
540236,15/10/2025 21:40,0.3
540236,15/10/2025 21:51,0.25
540236,15/10/2025 21:57,0.2
540236,15/10/2025 22:05,0.2
540236,15/10/2025 22:13,0.15
540236,15/10/2025 22:22,0.1
540236,15/10/2025 22:35,0.05
540236,15/10/2025 22:46,0.0
540236,15/10/2025 23:07,-0.05
540236,15/10/2025 23:09,0.0
540236,15/10/2025 23:21,-0.05
540236,15/10/2025 23:25,0.0
540236,15/10/2025 23:27,-0.05
540236,15/10/2025 23:36,0.0
540236,15/10/2025 23:42,0.0
540236,15/10/2025 23:43,-0.05
540236,15/10/2025 23:54,0.0
540236,15/10/2025 23:55,-0.05
540236,16/10/2025 01:05,-0.05
540236,16/10/2025 03:32,0.0
540236,16/10/2025 03:33,-0.05
540236,16/10/2025 03:37,0.0
540236,16/10/2025 03:51,0.05
540236,16/10/2025 04:01,0.1
540236,16/10/2025 04:05,0.1
540236,16/10/2025 04:10,0.15
540236,16/10/2025 04:19,0.2
540236,16/10/2025 04:27,0.25
540236,16/10/2025 04:34,0.3
540236,16/10/2025 04:41,0.35
540236,16/10/2025 04:49,0.4
540236,16/10/2025 05:00,0.45
540236,16/10/2025 05:18,0.55
540236,16/10/2025 05:28,0.6
540236,16/10/2025 05:41,0.65
540236,16/10/2025 06:17,0.75
540236,16/10/2025 07:05,0.75
540236,16/10/2025 07:31,0.7
540236,16/10/2025 07:53,0.45
540236,16/10/2025 08:05,0.6
540236,16/10/2025 08:15,0.55
540236,16/10/2025 08:26,0.5
540236,16/10/2025 08:37,0.45
540236,16/10/2025 08:48,0.4
540236,16/10/2025 09:12,0.3
540236,16/10/2025 09:19,0.25
540236,16/10/2025 09:29,0.2
540236,16/10/2025 09:43,0.15
540236,16/10/2025 09:56,0.1
540236,16/10/2025 10:05,0.1
540236,16/10/2025 10:09,0.05
540236,16/10/2025 10:56,-0.05
540236,16/10/2025 10:59,0.0
540236,16/10/2025 11:06,-0.05
540236,16/10/2025 11:13,0.0
540236,16/10/2025 11:25,-0.05
540236,16/10/2025 15:06,0.0
540236,16/10/2025 15:14,0.05
540236,16/10/2025 15:23,0.1
540236,16/10/2025 15:31,0.15
540236,16/10/2025 15:42,0.25
540236,16/10/2025 15:48,0.3
540236,16/10/2025 15:53,0.35
540236,16/10/2025 16:05,0.45
540236,16/10/2025 16:11,0.5
540236,16/10/2025 16:18,0.55
540236,16/10/2025 16:28,0.65
540236,16/10/2025 16:41,0.75
540236,16/10/2025 16:47,0.8
540236,16/10/2025 16:55,0.85
540236,16/10/2025 17:02,0.9
540236,16/10/2025 17:09,0.95
540236,16/10/2025 17:18,1.0
540236,16/10/2025 17:27,1.05
540236,16/10/2025 17:36,1.1
540236,16/10/2025 18:01,1.2
540236,16/10/2025 18:53,1.3
540236,16/10/2025 19:05,1.3
540236,16/10/2025 19:16,1.25
540236,16/10/2025 19:35,1.2
540236,16/10/2025 19:45,1.15
540236,16/10/2025 19:48,1.2
540236,16/10/2025 19:54,1.15
540236,16/10/2025 20:01,1.1
540236,16/10/2025 20:04,1.15
540236,16/10/2025 20:05,1.1
540236,16/10/2025 20:20,1.05
540236,16/10/2025 20:34,1.0
540236,16/10/2025 20:41,0.95
540236,16/10/2025 20:51,0.9
540236,16/10/2025 20:59,0.85
540236,16/10/2025 21:06,0.8
540236,16/10/2025 21:15,0.75
540236,16/10/2025 21:24,0.7
540236,16/10/2025 21:31,0.65
540236,16/10/2025 21:40,0.6
540236,16/10/2025 21:49,0.55
540236,16/10/2025 21:56,0.5
540236,16/10/2025 22:05,0.5
540236,16/10/2025 22:06,0.45
540236,16/10/2025 22:15,0.4
540236,16/10/2025 22:21,0.35
540236,16/10/2025 22:42,0.25
540236,16/10/2025 22:51,0.2
540236,16/10/2025 23:03,0.15
540236,16/10/2025 23:13,0.1
540236,16/10/2025 23:27,0.05
540236,16/10/2025 23:37,0.0
540236,17/10/2025 00:10,-0.05
540236,17/10/2025 00:13,0.0
540236,17/10/2025 00:22,-0.05
540236,17/10/2025 00:30,-0.05
540236,17/10/2025 01:05,-0.05
540236,17/10/2025 04:05,-0.05
540236,17/10/2025 04:44,0.05
540236,17/10/2025 04:58,0.15
540236,17/10/2025 05:07,0.2
540236,17/10/2025 05:11,0.25
540236,17/10/2025 05:18,0.3
540236,17/10/2025 05:24,0.35
540236,17/10/2025 05:38,0.45
540236,17/10/2025 05:45,0.5
540236,17/10/2025 05:59,0.6
540236,17/10/2025 06:08,0.65
540236,17/10/2025 06:16,0.7
540236,17/10/2025 06:36,0.8
540236,17/10/2025 06:49,0.85
540236,17/10/2025 07:05,0.85
540236,17/10/2025 07:09,0.9
540236,17/10/2025 08:08,0.85
540236,17/10/2025 08:44,0.75
540236,17/10/2025 09:02,0.7
540236,17/10/2025 09:14,0.65
540236,17/10/2025 09:23,0.6
540236,17/10/2025 09:34,0.55
540236,17/10/2025 09:41,0.5
540236,17/10/2025 09:52,0.45
540236,17/10/2025 10:05,0.4
540236,17/10/2025 10:18,0.3
540236,17/10/2025 10:28,0.25
540236,17/10/2025 10:42,0.2
540236,17/10/2025 10:55,0.15
540236,17/10/2025 11:07,0.1
540236,17/10/2025 11:15,0.05
540236,17/10/2025 11:22,0.05
540236,17/10/2025 13:05,-0.05
540236,17/10/2025 16:28,0.2
540236,17/10/2025 16:34,0.25
540236,17/10/2025 16:40,0.3
540236,17/10/2025 16:45,0.35
540236,17/10/2025 16:51,0.4
540236,17/10/2025 16:56,0.45
540236,17/10/2025 17:01,0.5
540236,17/10/2025 17:06,0.55
540236,17/10/2025 17:13,0.6
540236,17/10/2025 17:17,0.65
540236,17/10/2025 17:29,0.75
540236,17/10/2025 17:34,0.8
540236,17/10/2025 17:41,0.85
540236,17/10/2025 17:47,0.9
540236,17/10/2025 17:53,0.95
540236,17/10/2025 18:09,1.05
540236,17/10/2025 18:16,1.1
540236,17/10/2025 18:17,1.05
540236,17/10/2025 18:20,1.1
540236,17/10/2025 18:25,1.15
540236,17/10/2025 18:38,1.2
540236,17/10/2025 18:48,1.25
540236,17/10/2025 19:03,1.3
540236,17/10/2025 19:04,1.25
540236,17/10/2025 19:05,1.25
540236,17/10/2025 19:07,1.3
540236,17/10/2025 19:20,1.35
540236,17/10/2025 19:25,1.3
540236,17/10/2025 19:27,1.35
540236,17/10/2025 19:54,1.4
540236,17/10/2025 19:55,1.35
540236,17/10/2025 20:00,1.4
540236,17/10/2025 20:01,1.35
540236,17/10/2025 20:07,1.4
540236,17/10/2025 20:08,1.35
540236,17/10/2025 20:36,1.3
540236,17/10/2025 20:52,1.25
540236,17/10/2025 21:09,1.2
540236,17/10/2025 21:14,1.15
540236,17/10/2025 21:22,1.1
540236,17/10/2025 21:27,1.05
540236,17/10/2025 21:29,1.1
540236,17/10/2025 21:31,1.05
540236,17/10/2025 21:48,0.95
540236,17/10/2025 21:57,0.9
540236,17/10/2025 22:05,0.85
540236,17/10/2025 22:11,0.8
540236,17/10/2025 22:17,0.75
540236,17/10/2025 22:25,0.7
540236,17/10/2025 22:27,0.65
540236,17/10/2025 22:30,0.7
540236,17/10/2025 22:31,0.65
540236,17/10/2025 22:48,0.55
540236,17/10/2025 22:55,0.5
540236,17/10/2025 23:02,0.45
540236,17/10/2025 23:13,0.4
540236,17/10/2025 23:21,0.35
540236,17/10/2025 23:27,0.3
540236,17/10/2025 23:38,0.25
540236,17/10/2025 23:49,0.2
540236,18/10/2025 00:10,0.1
540236,18/10/2025 00:22,0.05
540236,18/10/2025 00:38,0.0
540236,18/10/2025 01:02,-0.05
540236,18/10/2025 01:05,-0.05
540236,18/10/2025 01:06,0.0
540236,18/10/2025 01:08,-0.05
540236,18/10/2025 03:01,0.0
540236,18/10/2025 03:04,-0.05
540236,18/10/2025 03:06,-0.05
540236,18/10/2025 04:05,-0.05
540236,18/10/2025 05:09,0.0
540236,18/10/2025 05:19,0.05
540236,18/10/2025 05:28,0.1
540236,18/10/2025 05:33,0.15
540236,18/10/2025 05:40,0.2
540236,18/10/2025 05:45,0.25
540236,18/10/2025 05:54,0.3
540236,18/10/2025 05:58,0.35
540236,18/10/2025 06:03,0.4
540236,18/10/2025 06:08,0.45
540236,18/10/2025 06:10,0.4
540236,18/10/2025 06:12,0.45
540236,18/10/2025 06:16,0.5
540236,18/10/2025 06:21,0.55
540236,18/10/2025 06:29,0.6
540236,18/10/2025 06:42,0.7
540236,18/10/2025 06:49,0.75
540236,18/10/2025 06:56,0.8
540236,18/10/2025 07:04,0.85
540236,18/10/2025 07:05,0.85
540236,18/10/2025 07:13,0.9
540236,18/10/2025 07:24,0.95
540236,18/10/2025 07:38,1.0
540236,18/10/2025 07:54,1.05
540236,18/10/2025 08:12,1.1
540236,18/10/2025 08:59,1.05
540236,18/10/2025 09:19,1.0
540236,18/10/2025 09:36,1.3
540236,18/10/2025 10:05,0.85
540236,18/10/2025 10:07,0.8
540236,18/10/2025 10:32,0.65
540236,18/10/2025 10:42,0.6
540236,18/10/2025 10:50,0.55
540236,18/10/2025 10:59,0.5
540236,18/10/2025 11:07,0.45
540236,18/10/2025 11:24,0.35
540236,18/10/2025 11:32,0.3
540236,18/10/2025 11:41,0.25
540236,18/10/2025 11:52,0.2
540236,18/10/2025 12:02,0.15
540236,18/10/2025 12:25,0.05
540236,18/10/2025 12:54,-0.05
540236,18/10/2025 13:05,-0.05
540236,18/10/2025 16:05,-0.05
540236,18/10/2025 16:47,0.0
540236,18/10/2025 16:55,0.05
540236,18/10/2025 16:59,0.1
540236,18/10/2025 17:05,0.15
540236,18/10/2025 17:15,0.2
540236,18/10/2025 17:19,0.25
540236,18/10/2025 17:24,0.3
540236,18/10/2025 17:34,0.4
540236,18/10/2025 17:54,0.55
540236,18/10/2025 17:58,0.6
540236,18/10/2025 18:02,0.65
540236,18/10/2025 18:06,0.7
540236,18/10/2025 18:22,0.8
540236,18/10/2025 18:27,0.85
540236,18/10/2025 18:33,0.9
540236,18/10/2025 18:35,0.85
540236,18/10/2025 18:38,0.9
540236,18/10/2025 18:42,0.95
540236,18/10/2025 18:48,1.0
540236,18/10/2025 19:00,1.05
540236,18/10/2025 19:05,1.1
540236,18/10/2025 19:07,1.05
540236,18/10/2025 19:09,1.1
540236,18/10/2025 19:19,1.15
540236,18/10/2025 19:36,1.15
540236,18/10/2025 19:38,1.2
540236,18/10/2025 19:44,1.25
540236,18/10/2025 19:46,1.2
540236,18/10/2025 19:49,1.25
540236,18/10/2025 20:00,1.3
540236,18/10/2025 20:51,1.25
540236,18/10/2025 21:16,1.15
540236,18/10/2025 21:25,1.1
540236,18/10/2025 21:36,1.05
540236,18/10/2025 21:44,1.0
540236,18/10/2025 21:53,0.95
540236,18/10/2025 22:01,0.9
540236,18/10/2025 22:05,0.9
540236,18/10/2025 22:09,0.85
540236,18/10/2025 22:22,0.8
540236,18/10/2025 22:26,0.75
540236,18/10/2025 22:35,0.7
540236,18/10/2025 22:40,0.65
540236,18/10/2025 22:50,0.6
540236,18/10/2025 22:59,0.55
540236,18/10/2025 23:07,0.5
540236,18/10/2025 23:16,0.45
540236,18/10/2025 23:21,0.4
540236,18/10/2025 23:30,0.35
540236,18/10/2025 23:40,0.3
540236,18/10/2025 23:48,0.25
540236,18/10/2025 23:57,0.2
540236,19/10/2025 00:09,0.1
540236,19/10/2025 00:10,0.15
540236,19/10/2025 00:15,0.1
540236,19/10/2025 00:18,0.15
540236,19/10/2025 00:24,0.05
540236,19/10/2025 00:29,0.1
540236,19/10/2025 00:30,0.05
540236,19/10/2025 00:43,0.0
540236,19/10/2025 00:49,-0.05
540236,19/10/2025 00:51,0.0
540236,19/10/2025 00:58,-0.05
540236,19/10/2025 01:01,0.0
540236,19/10/2025 01:05,-0.05
540236,19/10/2025 01:07,0.0
540236,19/10/2025 01:09,-0.05
540236,19/10/2025 01:21,0.0
540236,19/10/2025 01:23,-0.05
540236,19/10/2025 01:30,-0.05
540236,19/10/2025 01:59,0.0
540236,19/10/2025 02:01,-0.05
540236,19/10/2025 02:02,-0.05
540236,19/10/2025 02:04,0.0
540236,19/10/2025 02:06,-0.05
540236,19/10/2025 02:09,0.0
540236,19/10/2025 02:11,-0.05
540236,19/10/2025 02:56,0.0
540236,19/10/2025 02:57,-0.05
540236,19/10/2025 04:05,-0.05
540236,19/10/2025 06:02,-0.05
540236,19/10/2025 06:16,0.05
540236,19/10/2025 06:32,0.2
540236,19/10/2025 06:37,0.65
540236,19/10/2025 06:47,0.35
540236,19/10/2025 06:51,0.4
540236,19/10/2025 06:56,0.45
540236,19/10/2025 07:02,0.5
540236,19/10/2025 07:05,0.5
540236,19/10/2025 07:07,0.55
540236,19/10/2025 07:18,0.65
540236,19/10/2025 07:38,0.8
540236,19/10/2025 07:45,0.85
540236,19/10/2025 07:51,0.9
540236,19/10/2025 08:00,0.95
540236,19/10/2025 08:08,1.0
540236,19/10/2025 08:19,1.05
540236,19/10/2025 08:31,1.1
540236,19/10/2025 08:52,1.15
540236,19/10/2025 09:43,1.1
540236,19/10/2025 10:07,1.0
540236,19/10/2025 10:28,0.9
540236,19/10/2025 10:34,0.85
540236,19/10/2025 10:40,0.8
540236,19/10/2025 10:49,0.75
540236,19/10/2025 10:57,0.7
540236,19/10/2025 11:06,0.65
540236,19/10/2025 11:15,0.6
540236,19/10/2025 11:31,0.5
540236,19/10/2025 11:39,0.45
540236,19/10/2025 11:50,0.4
540236,19/10/2025 11:59,0.35
540236,19/10/2025 12:14,0.25
540236,19/10/2025 12:27,0.2
540236,19/10/2025 12:38,0.15
540236,19/10/2025 12:48,0.1
540236,19/10/2025 12:57,0.05
540236,19/10/2025 13:05,0.05
540236,19/10/2025 13:11,0.0
540236,19/10/2025 13:38,-0.05
540236,19/10/2025 16:05,-0.05
540236,19/10/2025 18:06,0.1
540236,19/10/2025 18:14,0.2
540236,19/10/2025 18:19,0.25
540236,19/10/2025 18:24,0.3
540236,19/10/2025 18:28,0.35
540236,19/10/2025 18:33,0.4
540236,19/10/2025 18:42,0.45
540236,19/10/2025 18:46,0.5
540236,19/10/2025 18:50,0.55
540236,19/10/2025 18:54,0.6
540236,19/10/2025 18:58,0.65
540236,19/10/2025 19:05,0.7
540236,19/10/2025 19:08,0.75
540236,19/10/2025 19:21,0.85
540236,19/10/2025 19:25,0.9
540236,19/10/2025 19:39,1.0
540236,19/10/2025 19:47,1.05
540236,19/10/2025 19:59,1.1
540236,19/10/2025 20:09,1.15
540236,19/10/2025 20:39,1.25
540236,19/10/2025 21:45,1.2
540236,19/10/2025 21:59,1.15
540236,19/10/2025 22:05,1.15
540236,19/10/2025 22:11,1.1
540236,19/10/2025 22:19,1.05
540236,19/10/2025 22:28,1.0
540236,19/10/2025 22:36,0.95
540236,19/10/2025 22:51,0.85
540236,19/10/2025 23:00,0.8
540236,19/10/2025 23:08,0.75
540236,19/10/2025 23:13,0.7
540236,19/10/2025 23:23,0.65
540236,19/10/2025 23:31,0.6
540236,19/10/2025 23:39,0.55
540236,19/10/2025 23:47,0.5
540236,19/10/2025 23:55,0.45
540236,20/10/2025 00:02,0.4
540236,20/10/2025 00:10,0.35
540236,20/10/2025 00:19,0.3
540236,20/10/2025 00:30,0.25
540236,20/10/2025 00:39,0.2
540236,20/10/2025 00:49,0.15
540236,20/10/2025 00:54,0.1
540236,20/10/2025 01:05,0.1
540236,20/10/2025 01:07,0.05
540236,20/10/2025 01:23,0.0
540236,20/10/2025 01:36,-0.05
540236,20/10/2025 01:38,0.0
540236,20/10/2025 01:46,-0.05
540236,20/10/2025 01:49,0.0
540236,20/10/2025 01:52,-0.05
540236,20/10/2025 02:01,0.0
540236,20/10/2025 02:10,0.0
540236,20/10/2025 02:11,-0.05
540236,20/10/2025 02:14,0.0
540236,20/10/2025 02:16,-0.05
540236,20/10/2025 04:05,-0.05
540236,20/10/2025 06:18,0.0
540236,20/10/2025 06:27,0.05
540236,20/10/2025 06:33,0.1
540236,20/10/2025 06:40,0.15
540236,20/10/2025 06:44,0.2
540236,20/10/2025 06:49,0.25
540236,20/10/2025 06:58,0.35
540236,20/10/2025 07:05,0.4
540236,20/10/2025 07:08,0.45
540236,20/10/2025 07:13,0.5
540236,20/10/2025 07:28,0.65
540236,20/10/2025 07:34,0.7
540236,20/10/2025 07:45,0.8
540236,20/10/2025 07:57,0.9
540236,20/10/2025 08:03,0.95
540236,20/10/2025 08:10,1.4
540236,20/10/2025 08:29,1.1
540236,20/10/2025 08:37,1.15
540236,20/10/2025 08:49,1.2
540236,20/10/2025 09:04,1.25
540236,20/10/2025 09:28,1.3
540236,20/10/2025 10:05,1.3
540236,20/10/2025 10:15,1.25
540236,20/10/2025 10:38,1.15
540236,20/10/2025 10:48,1.1
540236,20/10/2025 10:59,1.05
540236,20/10/2025 11:07,1.0
540236,20/10/2025 11:37,0.8
540236,20/10/2025 11:45,0.75
540236,20/10/2025 11:52,1.5
540236,20/10/2025 12:01,0.65
540236,20/10/2025 12:08,0.6
540236,20/10/2025 12:16,0.55
540236,20/10/2025 12:21,0.5
540236,20/10/2025 12:32,0.65
540236,20/10/2025 12:40,0.4
540236,20/10/2025 12:49,0.35
540236,20/10/2025 12:58,0.3
540236,20/10/2025 13:05,0.5
540236,20/10/2025 13:18,0.2
540236,20/10/2025 13:27,0.15
540236,20/10/2025 14:05,0.2
540236,20/10/2025 14:23,-0.05
540236,20/10/2025 16:05,-0.05
540236,20/10/2025 18:17,0.0
540236,20/10/2025 18:24,0.05
540236,20/10/2025 18:30,0.1
540236,20/10/2025 18:45,0.2
540236,20/10/2025 18:59,0.35
540236,20/10/2025 19:04,0.4
540236,20/10/2025 19:05,0.4
540236,20/10/2025 19:11,0.45
540236,20/10/2025 19:15,0.5
540236,20/10/2025 19:21,0.55
540236,20/10/2025 19:26,0.6
540236,20/10/2025 19:33,0.65
540236,20/10/2025 19:38,0.7
540236,20/10/2025 19:43,0.75
540236,20/10/2025 19:50,0.8
540236,20/10/2025 19:56,0.85
540236,20/10/2025 20:03,0.9
540236,20/10/2025 20:11,0.95
540236,20/10/2025 20:20,1.0
540236,20/10/2025 20:27,1.05
540236,20/10/2025 20:37,1.1
540236,20/10/2025 20:49,1.15
540236,20/10/2025 21:06,1.2
540236,20/10/2025 21:40,1.25
540236,20/10/2025 21:52,1.2
540236,20/10/2025 22:05,1.2
540236,20/10/2025 22:20,1.15
540236,20/10/2025 22:32,1.1
540236,20/10/2025 22:40,1.05
540236,20/10/2025 22:51,1.0
540236,20/10/2025 23:01,0.95
540236,20/10/2025 23:08,0.9
540236,20/10/2025 23:17,0.85
540236,20/10/2025 23:25,0.8
540236,20/10/2025 23:32,0.75
540236,20/10/2025 23:40,0.7
540236,20/10/2025 23:48,0.65
540236,20/10/2025 23:56,0.6
540236,21/10/2025 00:03,0.55
540236,21/10/2025 00:10,0.5
540236,21/10/2025 00:20,0.45
540236,21/10/2025 00:27,0.4
540236,21/10/2025 00:38,0.35
540236,21/10/2025 00:47,0.3
540236,21/10/2025 00:57,0.25
540236,21/10/2025 01:04,0.2
540236,21/10/2025 01:14,0.15
540236,21/10/2025 01:26,0.1
540236,21/10/2025 01:37,0.05
540236,21/10/2025 01:50,0.0
540236,21/10/2025 02:03,-0.05
540236,21/10/2025 04:05,-0.05
540236,21/10/2025 06:54,0.0
540236,21/10/2025 07:01,0.05
540236,21/10/2025 07:05,-0.75
540236,21/10/2025 07:05,0.05
540236,21/10/2025 07:06,0.1
540236,21/10/2025 07:16,0.2
540236,21/10/2025 07:21,0.25
540236,21/10/2025 07:26,0.3
540236,21/10/2025 07:32,0.35
540236,21/10/2025 07:36,0.4
540236,21/10/2025 07:40,0.45
540236,21/10/2025 07:45,0.5
540236,21/10/2025 07:49,0.55
540236,21/10/2025 07:54,0.6
540236,21/10/2025 08:09,0.75
540236,21/10/2025 08:16,0.8
540236,21/10/2025 08:22,0.85
540236,21/10/2025 08:28,0.9
540236,21/10/2025 08:34,0.95
540236,21/10/2025 08:42,1.0
540236,21/10/2025 09:30,1.25
540236,21/10/2025 10:05,1.3
540236,21/10/2025 11:03,1.2
540236,21/10/2025 11:26,1.1
540236,21/10/2025 11:34,1.05
540236,21/10/2025 11:42,1.0
540236,21/10/2025 11:47,0.95
540236,21/10/2025 12:00,0.85
540236,21/10/2025 12:24,0.7
540236,21/10/2025 12:38,0.6
540236,21/10/2025 13:03,0.45
540236,21/10/2025 13:21,0.35
540236,21/10/2025 14:19,0.05
540236,21/10/2025 14:28,0.0
540236,21/10/2025 16:05,-0.05
540236,21/10/2025 18:56,0.0
540236,21/10/2025 19:05,0.05
540236,21/10/2025 19:11,0.1
540236,21/10/2025 19:19,0.15
540236,21/10/2025 19:25,0.2
540236,21/10/2025 19:31,0.25
540236,21/10/2025 19:37,0.3
540236,21/10/2025 19:41,0.35
540236,21/10/2025 19:47,0.4
540236,21/10/2025 19:53,0.45
540236,21/10/2025 20:00,0.5
540236,21/10/2025 20:06,0.55
540236,21/10/2025 20:11,0.6
540236,21/10/2025 20:17,0.65
540236,21/10/2025 20:25,0.7
540236,21/10/2025 20:32,0.75
540236,21/10/2025 20:46,0.85
540236,21/10/2025 20:54,0.9
540236,21/10/2025 21:04,0.95
540236,21/10/2025 21:15,1.0
540236,21/10/2025 21:28,1.05
540236,21/10/2025 21:52,1.1
540236,21/10/2025 22:05,1.1
540236,21/10/2025 22:32,1.05
540236,21/10/2025 23:04,0.95
540236,21/10/2025 23:14,0.9
540236,21/10/2025 23:25,0.85
540236,21/10/2025 23:34,0.8
540236,21/10/2025 23:44,0.75
540236,21/10/2025 23:52,0.7
540236,21/10/2025 23:58,0.65
540236,22/10/2025 00:07,0.6
540236,22/10/2025 00:16,0.55
540236,22/10/2025 00:25,0.5
540236,22/10/2025 00:33,0.45
540236,22/10/2025 00:45,0.4
540236,22/10/2025 00:51,0.35
540236,22/10/2025 01:02,0.3
540236,22/10/2025 01:05,0.3
540236,22/10/2025 01:11,0.25
540236,22/10/2025 01:19,0.2
540236,22/10/2025 01:30,0.15
540236,22/10/2025 01:41,0.1
540236,22/10/2025 01:52,0.05
540236,22/10/2025 02:03,0.0
540236,22/10/2025 02:18,-0.05
540236,22/10/2025 02:24,0.0
540236,22/10/2025 02:29,-0.05
540236,22/10/2025 02:44,0.0
540236,22/10/2025 02:45,-0.05
540236,22/10/2025 04:05,-0.05
540236,22/10/2025 07:05,-0.05
540236,22/10/2025 07:24,0.0
540236,22/10/2025 07:31,0.05
540236,22/10/2025 07:46,0.2
540236,22/10/2025 07:57,0.3
540236,22/10/2025 08:01,0.35
540236,22/10/2025 08:06,0.4
540236,22/10/2025 08:20,0.55
540236,22/10/2025 08:25,0.6
540236,22/10/2025 08:31,0.65
540236,22/10/2025 08:35,0.7
540236,22/10/2025 08:40,0.75
540236,22/10/2025 08:46,0.8
540236,22/10/2025 08:58,0.9
540236,22/10/2025 09:03,0.95
540236,22/10/2025 09:17,1.05
540236,22/10/2025 09:25,1.1
540236,22/10/2025 09:45,1.2
540236,22/10/2025 09:58,1.25
540236,22/10/2025 10:05,1.25
540236,22/10/2025 10:11,1.3
540236,22/10/2025 11:33,1.25
540236,22/10/2025 11:47,1.2
540236,22/10/2025 12:11,1.05
540236,22/10/2025 12:17,1.0
540236,22/10/2025 12:24,0.95
540236,22/10/2025 12:34,0.9
540236,22/10/2025 12:40,0.85
540236,22/10/2025 12:48,0.8
540236,22/10/2025 12:55,0.75
540236,22/10/2025 12:55,1.15
540236,22/10/2025 13:03,0.7
540236,22/10/2025 13:05,0.7
540236,22/10/2025 13:10,0.65
540236,22/10/2025 13:26,0.55
540236,22/10/2025 13:35,0.5
540236,22/10/2025 13:41,0.45
540236,22/10/2025 13:59,0.35
540236,22/10/2025 14:19,0.25
540236,22/10/2025 14:31,0.2
540236,22/10/2025 14:38,0.15
540236,22/10/2025 14:51,0.1
540236,22/10/2025 15:03,0.05
540236,22/10/2025 15:15,0.0
540236,22/10/2025 15:32,-0.05
540236,22/10/2025 19:20,0.0
540236,22/10/2025 19:21,-0.05
540236,22/10/2025 19:23,0.0
540236,22/10/2025 19:27,0.05
540236,22/10/2025 19:35,0.1
540236,22/10/2025 19:43,0.15
540236,22/10/2025 19:50,0.2
540236,22/10/2025 19:56,0.25
540236,22/10/2025 20:03,0.3
540236,22/10/2025 20:10,0.35
540236,22/10/2025 20:16,0.4
540236,22/10/2025 20:26,0.5
540236,22/10/2025 20:34,0.55
540236,22/10/2025 20:42,0.6
540236,22/10/2025 20:48,0.65
540236,22/10/2025 20:55,0.7
540236,22/10/2025 21:01,0.75
540236,22/10/2025 21:09,0.8
540236,22/10/2025 21:17,0.85
540236,22/10/2025 21:25,0.9
540236,22/10/2025 21:35,0.95
540236,22/10/2025 21:48,1.0
540236,22/10/2025 22:02,1.05
540236,22/10/2025 22:27,1.1
540236,22/10/2025 23:06,1.05
540236,22/10/2025 23:29,1.0
540236,22/10/2025 23:43,0.95
540236,23/10/2025 00:05,0.85
540236,23/10/2025 00:14,0.8
540236,23/10/2025 00:26,0.75
540236,23/10/2025 00:35,0.7
540236,23/10/2025 00:44,0.65
540236,23/10/2025 00:50,0.6
540236,23/10/2025 01:00,0.55
540236,23/10/2025 01:05,0.55
540236,23/10/2025 01:08,0.5
540236,23/10/2025 01:16,0.45
540236,23/10/2025 01:24,0.4
540236,23/10/2025 01:37,0.35
540236,23/10/2025 01:43,0.3
540236,23/10/2025 01:50,0.25
540236,23/10/2025 02:03,0.2
540236,23/10/2025 02:13,0.15
540236,23/10/2025 02:21,0.1
540236,23/10/2025 02:32,0.05
540236,23/10/2025 02:48,0.0
540236,23/10/2025 03:00,-0.05
540236,23/10/2025 04:05,-0.05
540236,23/10/2025 07:38,0.0
540236,23/10/2025 07:43,0.05
540236,23/10/2025 07:51,0.1
540236,23/10/2025 07:55,0.15
540236,23/10/2025 08:00,0.2
540236,23/10/2025 08:09,0.3
540236,23/10/2025 08:19,0.4
540236,23/10/2025 08:25,0.45
540236,23/10/2025 08:35,0.55
540236,23/10/2025 08:40,0.6
540236,23/10/2025 08:44,0.65
540236,23/10/2025 08:55,0.75
540236,23/10/2025 09:05,0.85
540236,23/10/2025 09:11,0.9
540236,23/10/2025 09:18,0.95
540236,23/10/2025 09:25,1.0
540236,23/10/2025 09:31,1.05
540236,23/10/2025 09:47,1.15
540236,23/10/2025 10:05,1.2
540236,23/10/2025 10:07,1.25
540236,23/10/2025 10:19,1.3
540236,23/10/2025 12:19,1.25
540236,23/10/2025 12:38,1.15
540236,23/10/2025 12:45,1.1
540236,23/10/2025 12:51,1.05
540236,23/10/2025 12:58,1.0
540236,23/10/2025 13:04,0.95
540236,23/10/2025 13:05,0.95
540236,23/10/2025 13:11,0.9
540236,23/10/2025 13:17,0.85
540236,23/10/2025 13:25,0.8
540236,23/10/2025 13:33,0.75
540236,23/10/2025 13:38,0.7
540236,23/10/2025 13:45,0.65
540236,23/10/2025 13:56,0.6
540236,23/10/2025 14:04,0.55
540236,23/10/2025 14:11,0.5
540236,23/10/2025 14:30,0.4
540236,23/10/2025 14:48,0.3
540236,23/10/2025 14:58,0.25
540236,23/10/2025 15:07,0.2
540236,23/10/2025 15:17,0.15
540236,23/10/2025 15:28,0.1
540236,23/10/2025 15:43,0.05
540236,23/10/2025 15:54,0.0
540236,23/10/2025 16:11,-0.05
540236,23/10/2025 19:05,-0.05
540236,23/10/2025 19:30,-0.05
540236,23/10/2025 20:43,0.0
540236,23/10/2025 20:51,0.05
540236,23/10/2025 20:58,0.1
540236,23/10/2025 21:04,0.15
540236,23/10/2025 21:11,0.2
540236,23/10/2025 21:17,0.25
540236,23/10/2025 21:22,0.3
540236,23/10/2025 21:28,0.35
540236,23/10/2025 21:35,0.4
540236,23/10/2025 21:41,0.45
540236,23/10/2025 21:54,0.55
540236,23/10/2025 22:02,0.6
540236,23/10/2025 22:05,0.6
540236,23/10/2025 22:09,0.65
540236,23/10/2025 22:18,0.7
540236,23/10/2025 22:27,0.75
540236,23/10/2025 22:41,0.8
540236,23/10/2025 23:16,0.85
540236,23/10/2025 23:36,0.8
540236,23/10/2025 23:52,0.75
540236,24/10/2025 00:09,0.7
540236,24/10/2025 00:19,0.65
540236,24/10/2025 00:30,0.6
540236,24/10/2025 00:38,0.55
540236,24/10/2025 00:50,0.5
540236,24/10/2025 01:01,0.45
540236,24/10/2025 01:05,0.45
540236,24/10/2025 01:10,0.4
540236,24/10/2025 01:17,0.35
540236,24/10/2025 01:30,0.3
540236,24/10/2025 01:41,0.25
540236,24/10/2025 01:51,0.2
540236,24/10/2025 02:03,0.15
540236,24/10/2025 02:13,0.1
540236,24/10/2025 02:22,0.05
540236,24/10/2025 02:33,0.0
540236,24/10/2025 02:49,-0.05
540236,24/10/2025 04:05,-0.05
540236,24/10/2025 07:05,-0.05
540236,24/10/2025 08:13,0.0
540236,24/10/2025 08:20,0.05
540236,24/10/2025 08:24,0.1
540236,24/10/2025 08:36,0.2
540236,24/10/2025 08:51,0.35
540236,24/10/2025 08:55,0.4
540236,24/10/2025 09:01,0.45
540236,24/10/2025 09:05,0.5
540236,24/10/2025 09:10,0.55
540236,24/10/2025 09:16,0.6
540236,24/10/2025 09:26,0.7
540236,24/10/2025 09:32,0.75
540236,24/10/2025 09:36,0.8
540236,24/10/2025 09:43,0.85
540236,24/10/2025 09:50,0.9
540236,24/10/2025 09:56,0.95
540236,24/10/2025 10:02,1.0
540236,24/10/2025 10:10,1.05
540236,24/10/2025 10:19,1.1
540236,24/10/2025 10:29,1.15
540236,24/10/2025 10:39,1.2
540236,24/10/2025 10:54,1.25
540236,24/10/2025 11:10,1.3
540236,24/10/2025 12:10,1.3
540236,24/10/2025 12:32,1.25
540236,24/10/2025 12:39,1.2
540236,24/10/2025 12:52,1.15
540236,24/10/2025 12:59,1.1
540236,24/10/2025 13:05,1.1
540236,24/10/2025 13:08,1.05
540236,24/10/2025 13:18,1.0
540236,24/10/2025 13:25,0.95
540236,24/10/2025 13:35,0.9
540236,24/10/2025 13:40,0.85
540236,24/10/2025 13:49,0.8
540236,24/10/2025 13:58,0.75
540236,24/10/2025 14:24,0.6
540236,24/10/2025 14:33,0.55
540236,24/10/2025 14:42,0.5
540236,24/10/2025 14:48,0.45
540236,24/10/2025 14:57,0.4
540236,24/10/2025 15:07,0.35
540236,24/10/2025 15:17,0.3
540236,24/10/2025 15:25,0.25
540236,24/10/2025 15:46,0.15
540236,24/10/2025 15:59,0.1
540236,24/10/2025 16:05,0.1
540236,24/10/2025 16:10,0.05
540236,24/10/2025 16:30,-0.05
540236,24/10/2025 16:33,0.0
540236,24/10/2025 16:34,-0.05
540236,24/10/2025 19:05,-0.05
540236,24/10/2025 20:24,0.0
540236,24/10/2025 20:34,0.05
540236,24/10/2025 20:42,0.1
540236,24/10/2025 20:50,0.15
540236,24/10/2025 20:59,0.2
540236,24/10/2025 21:06,0.25
540236,24/10/2025 21:13,0.3
540236,24/10/2025 21:21,0.35
540236,24/10/2025 21:28,0.4
540236,24/10/2025 21:38,0.45
540236,24/10/2025 21:45,0.5
540236,24/10/2025 21:55,0.55
540236,24/10/2025 22:04,0.6
540236,24/10/2025 22:05,0.6
540236,24/10/2025 22:15,0.65
540236,24/10/2025 22:28,0.7
540236,24/10/2025 22:38,0.75
540236,24/10/2025 22:54,0.8
540236,25/10/2025 00:00,0.75
540236,25/10/2025 00:25,0.7
540236,25/10/2025 00:40,0.65
540236,25/10/2025 00:50,0.6
540236,25/10/2025 01:01,0.55
540236,25/10/2025 01:05,0.55
540236,25/10/2025 01:13,0.5
540236,25/10/2025 01:24,0.45
540236,25/10/2025 01:32,0.4
540236,25/10/2025 01:46,0.35
540236,25/10/2025 01:55,0.3
540236,25/10/2025 02:03,0.25
540236,25/10/2025 02:15,0.2
540236,25/10/2025 02:29,0.15
540236,25/10/2025 02:41,0.1
540236,25/10/2025 02:47,0.05
540236,25/10/2025 03:01,0.0
540236,25/10/2025 03:12,-0.05
540236,25/10/2025 04:05,-0.05
540236,25/10/2025 07:05,-0.05
540236,25/10/2025 08:48,0.0
540236,25/10/2025 08:53,0.05
540236,25/10/2025 09:00,0.1
540236,25/10/2025 09:13,0.2
540236,25/10/2025 09:19,0.25
540236,25/10/2025 09:29,0.35
540236,25/10/2025 09:34,0.4
540236,25/10/2025 09:39,0.45
540236,25/10/2025 09:44,0.5
540236,25/10/2025 09:50,0.55
540236,25/10/2025 09:59,0.65
540236,25/10/2025 10:04,0.7
540236,25/10/2025 10:05,0.7
540236,25/10/2025 10:11,0.75
540236,25/10/2025 10:22,0.85
540236,25/10/2025 10:29,0.9
540236,25/10/2025 10:36,0.95
540236,25/10/2025 10:45,1.0
540236,25/10/2025 10:54,1.05
540236,25/10/2025 11:04,1.1
540236,25/10/2025 11:29,1.2
540236,25/10/2025 11:47,1.25
540236,25/10/2025 13:00,1.2
540236,25/10/2025 13:05,1.2
540236,25/10/2025 13:08,1.15
540236,25/10/2025 13:20,1.1
540236,25/10/2025 13:29,1.05
540236,25/10/2025 13:38,1.0
540236,25/10/2025 13:45,0.95
540236,25/10/2025 13:57,0.9
540236,25/10/2025 14:06,0.85
540236,25/10/2025 14:13,0.8
540236,25/10/2025 14:32,0.7
540236,25/10/2025 14:39,0.65
540236,25/10/2025 14:58,0.55
540236,25/10/2025 15:08,0.5
540236,25/10/2025 15:18,0.45
540236,25/10/2025 15:27,0.4
540236,25/10/2025 15:37,0.35
540236,25/10/2025 15:46,0.3
540236,25/10/2025 15:53,0.25
540236,25/10/2025 16:05,0.25
540236,25/10/2025 16:06,0.2
540236,25/10/2025 16:14,0.15
540236,25/10/2025 16:34,0.1
540236,25/10/2025 16:45,0.05
540236,25/10/2025 17:03,0.0
540236,25/10/2025 19:05,-0.05
540236,25/10/2025 20:59,0.0
540236,25/10/2025 21:08,0.05
540236,25/10/2025 21:17,0.1
540236,25/10/2025 21:29,0.15
540236,25/10/2025 21:37,0.2
540236,25/10/2025 21:45,0.25
540236,25/10/2025 22:01,0.35
540236,25/10/2025 22:05,0.35
540236,25/10/2025 22:09,0.4
540236,25/10/2025 22:27,0.5
540236,25/10/2025 22:39,0.55
540236,25/10/2025 22:49,0.6
540236,25/10/2025 23:01,0.65
540236,25/10/2025 23:18,0.7
540236,25/10/2025 23:47,0.75
540236,26/10/2025 00:16,0.7
540236,26/10/2025 00:49,0.65
540236,26/10/2025 01:05,0.65
540236,26/10/2025 01:09,0.6
540236,26/10/2025 01:26,0.55
540236,26/10/2025 01:35,0.5
540236,26/10/2025 01:46,0.45
540236,26/10/2025 01:57,0.4
540236,26/10/2025 02:07,0.35
540236,26/10/2025 02:19,0.3
540236,26/10/2025 02:31,0.25
540236,26/10/2025 02:42,0.2
540236,26/10/2025 02:51,0.15
540236,26/10/2025 03:08,0.1
540236,26/10/2025 03:19,0.05
540236,26/10/2025 03:30,0.0
540236,26/10/2025 04:05,0.0
540236,26/10/2025 04:06,-0.05
540236,26/10/2025 04:09,0.0
540236,26/10/2025 04:15,-0.05
540236,26/10/2025 04:18,0.0
540236,26/10/2025 04:42,-0.05
540236,26/10/2025 04:51,0.0
540236,26/10/2025 05:04,-0.05
540236,26/10/2025 06:26,0.0
540236,26/10/2025 07:05,0.0
540236,26/10/2025 07:06,-0.05
540236,26/10/2025 07:19,0.0
540236,26/10/2025 07:50,-0.05
540236,26/10/2025 08:20,0.0
540236,26/10/2025 08:22,-0.05
540236,26/10/2025 08:26,0.0
540236,26/10/2025 08:35,-0.05
540236,26/10/2025 08:39,0.0
540236,26/10/2025 08:51,0.05
540236,26/10/2025 08:59,0.1
540236,26/10/2025 09:08,0.15
540236,26/10/2025 09:15,0.2
540236,26/10/2025 09:25,0.3
540236,26/10/2025 09:32,0.35
540236,26/10/2025 09:37,0.4
540236,26/10/2025 09:42,0.45
540236,26/10/2025 09:48,0.5
540236,26/10/2025 10:00,0.6
540236,26/10/2025 10:05,0.6
540236,26/10/2025 10:07,0.65
540236,26/10/2025 10:13,0.7
540236,26/10/2025 10:19,0.75
540236,26/10/2025 10:27,0.8
540236,26/10/2025 10:34,0.85
540236,26/10/2025 10:41,0.9
540236,26/10/2025 10:50,0.95
540236,26/10/2025 10:59,1.0
540236,26/10/2025 11:19,1.1
540236,26/10/2025 11:30,1.15
540236,26/10/2025 11:43,1.2
540236,26/10/2025 12:01,1.25
540236,26/10/2025 12:25,1.3
540236,26/10/2025 13:05,1.3
540236,26/10/2025 13:25,1.25
540236,26/10/2025 13:47,1.15
540236,26/10/2025 13:57,1.1
540236,26/10/2025 14:11,1.05
540236,26/10/2025 14:27,1.0
540236,26/10/2025 14:40,0.95
540236,26/10/2025 14:50,0.9
540236,26/10/2025 15:09,0.8
540236,26/10/2025 15:19,0.75
540236,26/10/2025 15:36,0.65
540236,26/10/2025 15:47,0.6
540236,26/10/2025 15:58,0.55
540236,26/10/2025 16:17,0.45
540236,26/10/2025 16:28,0.4
540236,26/10/2025 16:47,0.3
540236,26/10/2025 17:04,0.25
540236,26/10/2025 17:30,0.15
540236,26/10/2025 17:48,0.1
540236,26/10/2025 18:02,0.05
540236,26/10/2025 18:59,-0.05
540236,26/10/2025 19:05,-0.05
540236,26/10/2025 19:19,0.0
540236,26/10/2025 19:28,-0.05
540236,26/10/2025 20:32,0.0
540236,26/10/2025 20:53,0.05
540236,26/10/2025 21:04,0.1
540236,26/10/2025 21:14,0.55
540236,26/10/2025 21:26,0.2
540236,26/10/2025 21:45,0.25
540236,26/10/2025 22:01,0.3
540236,26/10/2025 22:05,0.3
540236,26/10/2025 22:33,0.4
540236,26/10/2025 23:04,0.5
540236,26/10/2025 23:18,0.55
540236,26/10/2025 23:34,0.6
540236,26/10/2025 23:49,0.65
540236,27/10/2025 00:21,0.7
540236,27/10/2025 01:05,0.7
540236,27/10/2025 01:16,0.65
540236,27/10/2025 01:35,0.6
540236,27/10/2025 02:05,0.55
540236,27/10/2025 02:06,0.55
540236,27/10/2025 02:19,0.5
540236,27/10/2025 02:32,0.45
540236,27/10/2025 02:39,0.4
540236,27/10/2025 02:59,0.3
540236,27/10/2025 03:12,0.25
540236,27/10/2025 03:23,0.2
540236,27/10/2025 03:36,0.15
540236,27/10/2025 03:48,0.1
540236,27/10/2025 04:04,0.05
540236,27/10/2025 04:05,0.05
540236,27/10/2025 04:17,0.0
540236,27/10/2025 04:50,-0.05
540236,27/10/2025 07:05,-0.05
540236,27/10/2025 08:46,0.0
540236,27/10/2025 08:53,0.05
540236,27/10/2025 09:00,0.1
540236,27/10/2025 09:11,0.15
540236,27/10/2025 09:25,0.25
540236,27/10/2025 09:33,0.3
540236,27/10/2025 09:41,0.35
540236,27/10/2025 10:16,0.6
540236,27/10/2025 10:29,0.7
540236,27/10/2025 10:36,0.75
540236,27/10/2025 10:42,0.8
540236,27/10/2025 10:58,0.95
540236,27/10/2025 10:58,0.9
540236,27/10/2025 11:08,0.95
540236,27/10/2025 11:17,1.0
540236,27/10/2025 11:28,1.05
540236,27/10/2025 11:55,1.15
540236,27/10/2025 12:07,2.05
540236,27/10/2025 12:20,1.25
540236,27/10/2025 12:35,1.3
540236,27/10/2025 13:14,1.35
540236,27/10/2025 13:46,1.3
540236,27/10/2025 14:05,1.25
540236,27/10/2025 14:25,1.2
540236,27/10/2025 14:48,1.1
540236,27/10/2025 15:02,1.05
540236,27/10/2025 15:15,1.0
540236,27/10/2025 15:24,0.95
540236,27/10/2025 15:32,0.9
540236,27/10/2025 15:41,0.85
540236,27/10/2025 15:49,0.8
540236,27/10/2025 16:00,0.75
540236,27/10/2025 16:05,0.75
540236,27/10/2025 16:10,0.7
540236,27/10/2025 16:21,0.65
540236,27/10/2025 16:30,0.6
540236,27/10/2025 16:39,0.55
540236,27/10/2025 16:49,0.5
540236,27/10/2025 16:58,0.45
540236,27/10/2025 17:11,0.4
540236,27/10/2025 17:48,0.25
540236,27/10/2025 18:00,0.2
540236,27/10/2025 18:20,0.15
540236,27/10/2025 18:30,-0.1
540236,27/10/2025 18:30,0.1
540236,27/10/2025 19:01,0.0
540236,27/10/2025 19:05,0.0
540236,27/10/2025 20:07,0.15
540236,27/10/2025 20:10,0.0
540236,27/10/2025 20:30,-0.05
540236,27/10/2025 20:33,0.0
540236,27/10/2025 22:05,0.0
540236,27/10/2025 22:18,0.05
540236,27/10/2025 22:42,0.1
540236,27/10/2025 23:04,0.15
540236,27/10/2025 23:54,0.2
540236,28/10/2025 00:29,0.25
540236,28/10/2025 01:12,0.3
540236,28/10/2025 01:48,0.4
540236,28/10/2025 02:50,0.35
540236,28/10/2025 03:02,0.3
540236,28/10/2025 03:16,0.25
540236,28/10/2025 03:29,0.2
540236,28/10/2025 04:03,0.15
540236,28/10/2025 04:03,0.1
540236,28/10/2025 04:19,0.05
540236,28/10/2025 06:07,0.0
540236,28/10/2025 06:31,-0.05
540236,28/10/2025 07:05,-0.05
540236,28/10/2025 08:21,0.0
540236,28/10/2025 08:27,-0.05
540236,28/10/2025 08:44,0.0
540236,28/10/2025 08:50,-0.05
540236,28/10/2025 08:53,0.0
540236,28/10/2025 08:59,-0.05
540236,28/10/2025 09:02,0.0
540236,28/10/2025 09:12,0.0
540236,28/10/2025 09:21,0.0
540236,28/10/2025 09:53,0.15
540236,28/10/2025 10:20,0.3
540236,28/10/2025 10:28,0.35
540236,28/10/2025 10:37,0.4
540236,28/10/2025 10:53,0.5
540236,28/10/2025 11:00,0.55
540236,28/10/2025 11:15,0.65
540236,28/10/2025 11:23,0.7
540236,28/10/2025 11:30,0.75
540236,28/10/2025 12:14,0.95
540236,28/10/2025 12:24,1.0
540236,28/10/2025 13:05,1.1
540236,28/10/2025 14:46,1.1
540236,28/10/2025 15:05,1.05
540236,28/10/2025 15:25,1.0
540236,28/10/2025 15:38,0.95
540236,28/10/2025 15:54,0.9
540236,28/10/2025 16:05,0.9
540236,28/10/2025 16:11,0.85
540236,28/10/2025 16:11,1.65
540236,28/10/2025 16:20,0.8
540236,28/10/2025 16:31,0.75
540236,28/10/2025 16:40,0.7
540236,28/10/2025 16:49,0.65
540236,28/10/2025 16:59,0.6
540236,28/10/2025 17:11,0.55
540236,28/10/2025 17:30,0.45
540236,28/10/2025 17:46,0.4
540236,28/10/2025 17:56,0.35
540236,28/10/2025 18:08,0.3
540236,28/10/2025 18:21,0.25
540236,28/10/2025 18:37,0.2
540236,28/10/2025 19:27,0.05
540236,28/10/2025 19:49,0.0
540236,28/10/2025 21:30,0.0
540236,28/10/2025 21:38,-0.05
540236,28/10/2025 21:48,0.0
540236,28/10/2025 21:53,-0.05
540236,28/10/2025 22:00,0.0
540236,28/10/2025 22:05,0.0
540236,28/10/2025 23:23,0.05
540236,29/10/2025 00:25,0.1
540236,29/10/2025 01:05,0.15
540236,29/10/2025 01:50,0.15
540236,29/10/2025 02:06,0.2
540236,29/10/2025 02:10,0.15
540236,29/10/2025 02:42,0.25
540236,29/10/2025 03:05,0.3
540236,29/10/2025 03:06,0.25
540236,29/10/2025 03:08,0.3
540236,29/10/2025 04:05,0.3
540236,29/10/2025 04:12,0.25
540236,29/10/2025 04:42,0.2
540236,29/10/2025 05:18,0.15
540236,29/10/2025 05:37,0.1
540236,29/10/2025 06:08,0.0
540236,29/10/2025 07:05,0.0
540236,29/10/2025 07:37,-0.05
540236,29/10/2025 07:57,0.0
540236,29/10/2025 07:58,-0.05
540236,29/10/2025 08:05,0.0
540236,29/10/2025 08:15,-0.05
540236,29/10/2025 08:31,0.0
540236,29/10/2025 08:37,-0.05
540236,29/10/2025 08:40,0.0
540236,29/10/2025 08:49,-0.05
540236,29/10/2025 08:56,0.0
540236,29/10/2025 09:01,-0.05
540236,29/10/2025 09:04,0.0
540236,29/10/2025 09:06,-0.05
540236,29/10/2025 09:31,-0.05
540236,29/10/2025 09:43,0.0
540236,29/10/2025 09:45,-0.05
540236,29/10/2025 09:48,0.0
540236,29/10/2025 10:05,0.0
540236,29/10/2025 10:41,0.05
540236,29/10/2025 10:52,0.1
540236,29/10/2025 11:01,0.15
540236,29/10/2025 11:11,0.2
540236,29/10/2025 11:33,0.3
540236,29/10/2025 11:41,0.35
540236,29/10/2025 11:49,0.4
540236,29/10/2025 11:59,0.45
540236,29/10/2025 12:07,0.5
540236,29/10/2025 12:16,0.55
540236,29/10/2025 12:27,0.6
540236,29/10/2025 12:37,0.65
540236,29/10/2025 12:44,0.7
540236,29/10/2025 13:03,0.8
540236,29/10/2025 13:05,0.8
540236,29/10/2025 13:14,0.85
540236,29/10/2025 13:35,0.95
540236,29/10/2025 13:49,1.0
540236,29/10/2025 14:10,1.05
540236,29/10/2025 14:34,1.1
540236,29/10/2025 16:05,1.1
540236,29/10/2025 16:13,1.05
540236,29/10/2025 16:28,1.0
540236,29/10/2025 16:43,0.95
540236,29/10/2025 17:16,0.8
540236,29/10/2025 17:44,0.7
540236,29/10/2025 18:07,0.6
540236,29/10/2025 18:17,0.55
540236,29/10/2025 18:30,0.5
540236,29/10/2025 18:40,0.45
540236,29/10/2025 18:53,0.4
540236,29/10/2025 19:06,0.35
540236,29/10/2025 19:16,0.3
540236,29/10/2025 19:30,0.25
540236,29/10/2025 19:44,0.2
540236,29/10/2025 19:58,0.15
540236,29/10/2025 20:16,0.1
540236,29/10/2025 20:32,0.05
540236,29/10/2025 20:51,0.0
540236,29/10/2025 22:05,0.0
540236,29/10/2025 22:07,-0.05
540236,29/10/2025 22:07,0.05
540236,29/10/2025 22:09,0.0
540236,29/10/2025 23:44,-0.05
540236,30/10/2025 00:45,0.0
540236,30/10/2025 00:58,0.05
540236,30/10/2025 01:05,0.05
540236,30/10/2025 01:14,0.1
540236,30/10/2025 01:27,0.15
540236,30/10/2025 01:42,0.2
540236,30/10/2025 01:52,0.25
540236,30/10/2025 02:04,0.3
540236,30/10/2025 02:17,0.35
540236,30/10/2025 02:35,0.4
540236,30/10/2025 02:53,0.45
540236,30/10/2025 03:11,0.5
540236,30/10/2025 04:05,0.5
540236,30/10/2025 04:42,0.45
540236,30/10/2025 05:06,0.4
540236,30/10/2025 05:32,0.35
540236,30/10/2025 06:10,0.25
540236,30/10/2025 06:28,0.2
540236,30/10/2025 07:03,0.1
540236,30/10/2025 07:05,0.1
540236,30/10/2025 07:35,0.0
540236,30/10/2025 08:23,-0.05
540236,30/10/2025 08:23,0.15
540236,30/10/2025 10:05,-0.05
540236,30/10/2025 11:15,0.0
540236,30/10/2025 11:17,-0.05
540236,30/10/2025 11:23,0.0
540236,30/10/2025 11:49,0.05
540236,30/10/2025 12:03,0.1
540236,30/10/2025 12:17,0.15
540236,30/10/2025 12:36,0.25
540236,30/10/2025 12:44,0.3
540236,30/10/2025 13:02,0.4
540236,30/10/2025 13:05,0.4
540236,30/10/2025 13:10,0.45
540236,30/10/2025 13:20,0.5
540236,30/10/2025 13:29,0.55
540236,30/10/2025 13:37,0.6
540236,30/10/2025 13:47,0.65
540236,30/10/2025 13:55,0.7
540236,30/10/2025 14:04,0.75
540236,30/10/2025 14:12,0.8
540236,30/10/2025 14:22,0.85
540236,30/10/2025 14:32,0.9
540236,30/10/2025 14:45,0.95
540236,30/10/2025 14:57,1.0
540236,30/10/2025 15:16,1.05
540236,30/10/2025 16:05,1.1
540236,30/10/2025 16:22,1.15
540236,30/10/2025 17:04,1.1
540236,30/10/2025 17:28,1.05
540236,30/10/2025 17:44,1.0
540236,30/10/2025 17:57,0.95
540236,30/10/2025 18:15,0.9
540236,30/10/2025 18:27,0.85
540236,30/10/2025 18:41,0.8
540236,30/10/2025 18:48,0.75
540236,30/10/2025 19:03,0.7
540236,30/10/2025 19:05,0.7
540236,30/10/2025 19:11,0.65
540236,30/10/2025 19:21,0.6
540236,30/10/2025 19:32,0.55
540236,30/10/2025 19:54,0.45
540236,30/10/2025 20:06,0.4
540236,30/10/2025 20:30,0.3
540236,30/10/2025 20:40,0.25
540236,30/10/2025 20:52,0.2
540236,30/10/2025 21:06,0.15
540236,30/10/2025 21:21,0.1
540236,30/10/2025 21:34,0.05
540236,30/10/2025 21:50,0.0
540236,30/10/2025 22:05,0.0
540236,31/10/2025 01:05,-0.05
540236,31/10/2025 02:12,0.0
540236,31/10/2025 02:23,0.05
540236,31/10/2025 02:37,0.1
540236,31/10/2025 02:48,0.15
540236,31/10/2025 02:58,0.2
540236,31/10/2025 03:07,0.25
540236,31/10/2025 03:18,0.3
540236,31/10/2025 03:28,0.35
540236,31/10/2025 03:41,0.4
540236,31/10/2025 03:54,0.45
540236,31/10/2025 04:05,0.45
540236,31/10/2025 04:06,0.5
540236,31/10/2025 04:23,0.55
540236,31/10/2025 04:42,0.6
540236,31/10/2025 06:12,0.55
540236,31/10/2025 06:38,0.5
540236,31/10/2025 07:12,0.4
540236,31/10/2025 07:27,0.35
540236,31/10/2025 07:41,0.3
540236,31/10/2025 07:57,0.25
540236,31/10/2025 08:23,0.15
540236,31/10/2025 08:41,0.1
540236,31/10/2025 08:55,0.05
540236,31/10/2025 09:09,0.0
540236,31/10/2025 10:05,0.0
540236,31/10/2025 11:11,-0.05
540236,31/10/2025 13:40,0.05
540236,31/10/2025 13:52,0.1
540236,31/10/2025 14:04,0.15
540236,31/10/2025 14:11,0.2
540236,31/10/2025 14:25,0.3
540236,31/10/2025 14:39,0.4
540236,31/10/2025 14:46,0.45
540236,31/10/2025 15:00,0.55
540236,31/10/2025 15:07,0.6
540236,31/10/2025 15:14,0.65
540236,31/10/2025 15:23,0.7
540236,31/10/2025 15:30,0.75
540236,31/10/2025 15:38,0.8
540236,31/10/2025 15:47,0.85
540236,31/10/2025 15:56,0.9
540236,31/10/2025 16:06,0.95
540236,31/10/2025 16:19,1.0
540236,31/10/2025 16:31,1.05
540236,31/10/2025 16:45,1.1
540236,31/10/2025 17:04,1.15
540236,31/10/2025 18:21,1.1
540236,31/10/2025 18:32,1.05
540236,31/10/2025 18:45,1.0
540236,31/10/2025 18:45,1.8
540236,31/10/2025 18:55,0.95
540236,31/10/2025 19:14,0.9
540236,31/10/2025 19:27,0.85
540236,31/10/2025 19:43,0.8
540236,31/10/2025 19:52,0.75
540236,31/10/2025 20:03,0.7
540236,31/10/2025 20:15,0.65
540236,31/10/2025 20:23,0.6
540236,31/10/2025 20:31,0.55
540236,31/10/2025 20:39,0.5
540236,31/10/2025 20:45,0.45
540236,31/10/2025 20:54,0.4
540236,31/10/2025 21:03,0.35
540236,31/10/2025 21:15,0.3
540236,31/10/2025 21:27,0.25
540236,31/10/2025 21:41,0.2
540236,31/10/2025 21:53,0.15
540236,31/10/2025 22:05,0.15
540236,31/10/2025 22:07,0.1
540236,31/10/2025 22:34,0.0
540236,31/10/2025 23:16,-0.05
540236,01/11/2025 01:05,-0.05
540236,01/11/2025 03:41,0.0
540236,01/11/2025 03:49,0.05
540236,01/11/2025 04:05,0.1
540236,01/11/2025 04:10,0.15
540236,01/11/2025 04:16,0.2
540236,01/11/2025 04:24,0.25
540236,01/11/2025 04:31,0.3
540236,01/11/2025 04:39,0.35
540236,01/11/2025 04:46,0.4
540236,01/11/2025 04:54,0.45
540236,01/11/2025 05:02,0.5
540236,01/11/2025 05:12,0.55
540236,01/11/2025 05:34,0.65
540236,01/11/2025 05:48,0.7
540236,01/11/2025 06:11,0.75
540236,01/11/2025 07:05,0.75
540236,01/11/2025 07:12,0.7
540236,01/11/2025 07:55,0.65
540236,01/11/2025 08:05,0.6
540236,01/11/2025 08:12,0.55
540236,01/11/2025 08:21,0.5
540236,01/11/2025 08:28,0.45
540236,01/11/2025 08:37,0.4
540236,01/11/2025 08:47,0.35
540236,01/11/2025 08:56,0.3
540236,01/11/2025 09:10,0.25
540236,01/11/2025 09:25,0.2
540236,01/11/2025 09:39,0.15
540236,01/11/2025 09:53,0.1
540236,01/11/2025 10:05,0.1
540236,01/11/2025 10:07,0.05
540236,01/11/2025 10:16,0.0
540236,01/11/2025 10:51,-0.65
540236,01/11/2025 11:00,-0.05
540236,01/11/2025 14:50,0.0
540236,01/11/2025 15:00,0.05
540236,01/11/2025 15:13,0.1
540236,01/11/2025 15:20,0.15
540236,01/11/2025 15:40,0.3
540236,01/11/2025 15:51,0.4
540236,01/11/2025 15:57,0.45
540236,01/11/2025 16:04,0.5
540236,01/11/2025 16:10,0.55
540236,01/11/2025 16:14,0.6
540236,01/11/2025 16:20,0.65
540236,01/11/2025 16:27,0.7
540236,01/11/2025 16:34,0.75
540236,01/11/2025 16:48,0.85
540236,01/11/2025 17:05,0.95
540236,01/11/2025 17:15,1.0
540236,01/11/2025 17:25,1.05
540236,01/11/2025 17:25,1.0
540236,01/11/2025 17:26,1.05
540236,01/11/2025 17:27,1.05
540236,01/11/2025 17:36,1.1
540236,01/11/2025 17:50,1.25
540236,01/11/2025 17:50,1.15
540236,01/11/2025 18:39,1.25
540236,01/11/2025 19:11,1.2
540236,01/11/2025 19:23,1.15
540236,01/11/2025 19:32,1.1
540236,01/11/2025 19:46,1.05
540236,01/11/2025 19:55,1.0
540236,01/11/2025 20:27,0.9
540236,01/11/2025 20:55,0.75
540236,01/11/2025 21:12,0.65
540236,01/11/2025 21:18,0.6
540236,01/11/2025 21:28,0.55
540236,01/11/2025 21:47,0.45
540236,01/11/2025 21:55,0.4
540236,01/11/2025 22:05,0.35
540236,01/11/2025 22:17,0.3
540236,01/11/2025 22:25,0.25
540236,01/11/2025 22:37,0.2
540236,01/11/2025 22:46,0.15
540236,01/11/2025 22:59,0.1
540236,01/11/2025 23:11,0.05
540236,01/11/2025 23:24,0.0
540236,02/11/2025 00:00,-0.05
540236,02/11/2025 01:05,-0.05
540236,02/11/2025 04:05,-0.05
540236,02/11/2025 04:31,0.05
540236,02/11/2025 04:39,0.1
540236,02/11/2025 04:47,0.15
540236,02/11/2025 04:59,0.25
540236,02/11/2025 05:06,0.3
540236,02/11/2025 05:13,0.35
540236,02/11/2025 05:19,0.4
540236,02/11/2025 05:27,0.45
540236,02/11/2025 05:32,0.5
540236,02/11/2025 05:40,0.55
540236,02/11/2025 05:47,0.6
540236,02/11/2025 05:54,0.65
540236,02/11/2025 06:02,0.7
540236,02/11/2025 06:24,0.85
540236,02/11/2025 06:45,0.95
540236,02/11/2025 06:57,1.0
540236,02/11/2025 07:25,1.05
540236,02/11/2025 07:52,1.0
540236,02/11/2025 08:07,0.95
540236,02/11/2025 08:33,0.85
540236,02/11/2025 09:04,0.75
540236,02/11/2025 09:14,0.7
540236,02/11/2025 09:24,0.65
540236,02/11/2025 09:32,0.6
540236,02/11/2025 09:41,0.55
540236,02/11/2025 09:51,0.5
540236,02/11/2025 10:02,0.45
540236,02/11/2025 10:05,0.45
540236,02/11/2025 10:10,0.4
540236,02/11/2025 10:20,0.35
540236,02/11/2025 10:28,0.3
540236,02/11/2025 10:49,0.2
540236,02/11/2025 11:00,0.15
540236,02/11/2025 11:09,0.1
540236,03/11/2025 09:22,1.15
540236,03/11/2025 09:34,1.1
540236,03/11/2025 09:58,1.0
540236,03/11/2025 10:05,1.0
540236,03/11/2025 10:09,0.95
540236,03/11/2025 10:18,0.85
540236,03/11/2025 10:22,0.85
540236,03/11/2025 10:29,0.8
540236,03/11/2025 10:36,0.75
540236,03/11/2025 10:45,0.7
540236,03/11/2025 10:47,0.65
540236,03/11/2025 10:57,0.6
540236,03/11/2025 11:07,0.55
540236,03/11/2025 11:15,0.45
540236,03/11/2025 11:16,0.6
540236,03/11/2025 11:16,0.5
540236,03/11/2025 11:19,0.45
540236,03/11/2025 11:37,0.3
540236,03/11/2025 11:38,0.35
540236,03/11/2025 11:48,0.3
540236,03/11/2025 11:56,0.25
540236,03/11/2025 12:06,0.2
540236,03/11/2025 12:15,0.15
540236,03/11/2025 12:43,0.0
540236,03/11/2025 12:45,0.05
540236,03/11/2025 12:52,0.0
540236,03/11/2025 13:05,0.0
540236,03/11/2025 13:07,-0.05
540236,03/11/2025 13:10,0.0
540236,03/11/2025 13:14,-0.05
540236,03/11/2025 13:22,0.0
540236,03/11/2025 13:23,-0.05
540236,03/11/2025 13:29,0.0
540236,03/11/2025 13:30,-0.05
540236,03/11/2025 13:35,0.0
540236,03/11/2025 13:36,-0.05
540236,03/11/2025 16:05,-0.05
540236,03/11/2025 16:56,0.05
540236,03/11/2025 17:02,0.1
540236,03/11/2025 17:42,0.45
540236,03/11/2025 17:47,0.5
540236,03/11/2025 17:52,0.55
540236,03/11/2025 17:57,0.6
540236,03/11/2025 18:03,0.65
540236,03/11/2025 18:14,0.75
540236,03/11/2025 18:19,0.8
540236,03/11/2025 18:25,0.85
540236,03/11/2025 18:31,0.9
540236,03/11/2025 18:37,0.95
540236,03/11/2025 18:44,1.0
540236,03/11/2025 18:52,1.05
540236,03/11/2025 19:00,1.1
540236,03/11/2025 19:05,1.1
540236,03/11/2025 19:07,1.15
540236,03/11/2025 19:17,1.2
540236,03/11/2025 19:29,1.25
540236,03/11/2025 19:42,1.3
540236,03/11/2025 20:02,1.45
540236,03/11/2025 20:02,1.35
540236,03/11/2025 20:26,1.4
540236,03/11/2025 21:22,1.35
540236,03/11/2025 21:37,1.3
540236,03/11/2025 21:46,1.25
540236,03/11/2025 22:02,1.15
540236,03/11/2025 22:05,1.15
540236,03/11/2025 22:08,1.1
540236,03/11/2025 22:17,1.05
540236,03/11/2025 22:24,1.0
540236,03/11/2025 22:32,0.95
540236,03/11/2025 22:38,0.9
540236,03/11/2025 22:45,0.85
540236,03/11/2025 22:53,0.8
540236,03/11/2025 23:00,0.75
540236,03/11/2025 23:07,0.7
540236,03/11/2025 23:17,0.65
540236,03/11/2025 23:25,0.6
540236,03/11/2025 23:32,0.55
540236,03/11/2025 23:36,0.5
540236,03/11/2025 23:47,0.45
540236,03/11/2025 23:54,0.4
540236,03/11/2025 23:59,0.35
540236,04/11/2025 00:11,0.3
540236,04/11/2025 00:20,0.25
540236,04/11/2025 00:29,0.2
540236,04/11/2025 00:39,0.15
540236,04/11/2025 00:50,0.1
540236,04/11/2025 01:02,0.05
540236,04/11/2025 01:05,0.05
540236,04/11/2025 01:11,0.0
540236,04/11/2025 01:40,-0.05
540236,04/11/2025 04:05,-0.05
540236,04/11/2025 06:06,0.0
540236,04/11/2025 06:13,0.05
540236,04/11/2025 06:13,0.25
540236,04/11/2025 06:19,0.1
540236,04/11/2025 06:24,0.15
540236,04/11/2025 06:29,0.2
540236,04/11/2025 06:33,0.25
540236,04/11/2025 06:42,0.35
540236,04/11/2025 06:46,0.4
540236,04/11/2025 06:50,0.45
540236,04/11/2025 06:55,0.5
540236,04/11/2025 06:59,0.55
540236,04/11/2025 07:04,0.6
540236,04/11/2025 07:05,0.6
540236,04/11/2025 07:09,0.65
540236,04/11/2025 07:13,1.1
540236,04/11/2025 07:13,0.7
540236,04/11/2025 07:23,0.8
540236,04/11/2025 07:28,0.85
540236,04/11/2025 07:34,0.9
540236,04/11/2025 07:39,0.95
540236,04/11/2025 07:53,1.05
540236,04/11/2025 08:01,1.1
540236,04/11/2025 08:10,1.15
540236,04/11/2025 08:19,1.2
540236,04/11/2025 08:33,1.25
540236,04/11/2025 08:49,1.3
540236,04/11/2025 09:45,1.25
540236,04/11/2025 09:59,1.2
540236,04/11/2025 10:05,1.2
540236,04/11/2025 10:09,1.15
540236,04/11/2025 10:21,1.1
540236,04/11/2025 10:32,1.05
540236,04/11/2025 10:41,1.0
540236,04/11/2025 10:48,0.95
540236,04/11/2025 10:54,0.9
540236,04/11/2025 10:59,0.85
540236,04/11/2025 11:07,0.8
540236,04/11/2025 11:13,0.75
540236,04/11/2025 11:22,0.7
540236,04/11/2025 11:27,0.65
540236,04/11/2025 11:35,0.6
540236,04/11/2025 11:43,0.55
540236,04/11/2025 11:52,0.5
540236,04/11/2025 11:58,0.45
540236,04/11/2025 12:04,0.4
540236,04/11/2025 12:15,0.35
540236,04/11/2025 12:23,0.3
540236,04/11/2025 12:31,0.25
540236,04/11/2025 12:41,0.2
540236,04/11/2025 12:49,0.15
540236,04/11/2025 13:04,0.1
540236,04/11/2025 13:05,0.1
540236,04/11/2025 13:14,0.05
540236,04/11/2025 13:25,0.0
540236,04/11/2025 13:59,-0.05
540236,04/11/2025 16:05,-0.05
540236,04/11/2025 18:06,0.0
540236,04/11/2025 18:19,0.05
540236,04/11/2025 18:24,0.1
540236,04/11/2025 18:31,0.15
540236,04/11/2025 18:37,0.2
540236,04/11/2025 18:41,0.25
540236,04/11/2025 18:46,0.3
540236,04/11/2025 18:50,0.35
540236,04/11/2025 18:55,0.4
540236,04/11/2025 19:00,0.45
540236,04/11/2025 19:05,0.45
540236,04/11/2025 19:06,0.5
540236,04/11/2025 19:10,0.55
540236,04/11/2025 19:17,0.6
540236,04/11/2025 19:27,0.7
540236,04/11/2025 19:31,0.75
540236,04/11/2025 19:38,0.8
540236,04/11/2025 19:43,0.85
540236,04/11/2025 19:50,0.9
540236,04/11/2025 19:56,0.95
540236,04/11/2025 20:04,1.0
540236,04/11/2025 20:13,1.05
540236,04/11/2025 20:25,1.1
540236,04/11/2025 20:39,1.15
540236,04/11/2025 21:01,1.2
540236,04/11/2025 21:52,1.15
540236,04/11/2025 22:05,1.15
540236,04/11/2025 22:08,1.1
540236,04/11/2025 22:19,1.05
540236,04/11/2025 22:39,0.95
540236,04/11/2025 22:46,0.9
540236,04/11/2025 22:53,0.85
540236,04/11/2025 23:00,0.8
540236,04/11/2025 23:07,0.75
540236,04/11/2025 23:21,0.65
540236,04/11/2025 23:33,0.55
540236,04/11/2025 23:43,0.5
540236,04/11/2025 23:50,0.45
540236,04/11/2025 23:57,0.4
540236,05/11/2025 00:05,0.35
540236,05/11/2025 00:14,0.3
540236,05/11/2025 00:24,0.25
540236,05/11/2025 00:33,0.2
540236,05/11/2025 00:44,0.15
540236,05/11/2025 00:53,0.1
540236,05/11/2025 01:03,0.05
540236,05/11/2025 01:05,0.05
540236,05/11/2025 01:13,0.0
540236,05/11/2025 01:40,-0.05
540236,05/11/2025 07:05,0.05
540236,05/11/2025 07:09,0.1
540236,05/11/2025 07:18,0.2
540236,05/11/2025 07:22,0.25
540236,05/11/2025 07:26,0.3
540236,05/11/2025 07:31,0.35
540236,05/11/2025 07:38,0.45
540236,05/11/2025 07:42,0.5
540236,05/11/2025 07:46,0.55
540236,05/11/2025 07:54,0.65
540236,05/11/2025 07:59,0.7
540236,05/11/2025 08:03,0.75
540236,05/11/2025 08:03,1.15
540236,05/11/2025 08:07,0.8
540236,05/11/2025 08:12,0.85
540236,05/11/2025 08:16,0.9
540236,05/11/2025 08:22,0.95
540236,05/11/2025 08:28,1.0
540236,05/11/2025 08:34,1.05
540236,05/11/2025 08:39,1.1
540236,05/11/2025 08:46,1.15
540236,05/11/2025 08:54,1.2
540236,05/11/2025 09:24,1.35
540236,05/11/2025 09:26,1.3
540236,05/11/2025 09:28,1.35
540236,05/11/2025 09:28,1.45
540236,05/11/2025 09:39,1.4
540236,05/11/2025 10:05,1.4
540236,05/11/2025 10:07,1.45
540236,05/11/2025 10:20,1.4
540236,05/11/2025 10:51,1.35
540236,05/11/2025 10:58,1.3
540236,05/11/2025 11:06,1.25
540236,05/11/2025 11:17,1.2
540236,05/11/2025 11:21,1.15
540236,05/11/2025 11:25,1.1
540236,05/11/2025 11:35,1.05
540236,05/11/2025 11:49,0.95
540236,05/11/2025 11:56,0.9
540236,05/11/2025 12:02,0.85
540236,05/11/2025 12:09,0.8
540236,05/11/2025 12:16,0.75
540236,05/11/2025 12:28,0.65
540236,05/11/2025 12:36,0.6
540236,05/11/2025 12:43,0.55
540236,05/11/2025 12:46,0.5
540236,05/11/2025 12:57,0.45
540236,05/11/2025 13:05,0.45
540236,05/11/2025 13:07,0.4
540236,05/11/2025 13:19,0.3
540236,05/11/2025 13:30,0.25
540236,05/11/2025 13:51,0.15
540236,05/11/2025 14:01,0.1
540236,05/11/2025 14:22,0.0
540236,05/11/2025 14:59,-0.05
540236,05/11/2025 16:05,-0.05
540236,05/11/2025 19:05,-0.05
540236,05/11/2025 19:25,0.0
540236,05/11/2025 19:31,0.05
540236,05/11/2025 19:37,0.1
540236,05/11/2025 19:44,0.15
540236,05/11/2025 19:44,0.55
540236,05/11/2025 19:49,0.2
540236,05/11/2025 19:53,0.25
540236,05/11/2025 19:57,0.3
540236,05/11/2025 20:03,0.35
540236,05/11/2025 20:08,0.4
540236,05/11/2025 20:13,0.45
540236,05/11/2025 20:19,0.5
540236,05/11/2025 20:23,0.55
540236,05/11/2025 20:29,0.6
540236,05/11/2025 20:35,0.65
540236,05/11/2025 20:40,0.7
540236,05/11/2025 21:10,0.9
540236,05/11/2025 21:19,0.95
540236,05/11/2025 21:31,1.0
540236,05/11/2025 21:48,1.05
540236,05/11/2025 22:05,1.05
540236,05/11/2025 22:34,1.0
540236,05/11/2025 22:51,0.95
540236,05/11/2025 23:05,0.9
540236,05/11/2025 23:14,0.85
540236,05/11/2025 23:25,0.8
540236,05/11/2025 23:28,0.75
540236,05/11/2025 23:37,0.7
540236,06/11/2025 00:02,0.55
540236,06/11/2025 00:10,0.5
540236,06/11/2025 00:24,0.4
540236,06/11/2025 00:34,0.35
540236,06/11/2025 00:41,0.3
540236,06/11/2025 00:46,0.25
540236,06/11/2025 00:55,0.2
540236,06/11/2025 01:05,0.2
540236,06/11/2025 01:09,0.15
540236,06/11/2025 01:18,0.05
540236,06/11/2025 01:19,0.1
540236,06/11/2025 01:29,0.05
540236,06/11/2025 01:41,0.0
540236,06/11/2025 02:27,-0.05
540236,06/11/2025 04:05,-0.05
540236,06/11/2025 07:05,-0.05
540236,06/11/2025 07:40,0.0
540236,06/11/2025 07:48,0.05
540236,06/11/2025 07:52,0.1
540236,06/11/2025 07:56,0.15
540236,06/11/2025 08:00,0.2
540236,06/11/2025 08:04,0.25
540236,06/11/2025 08:08,0.3
540236,06/11/2025 08:12,0.35
540236,06/11/2025 08:16,0.4
540236,06/11/2025 08:20,0.45
540236,06/11/2025 08:24,0.5
540236,06/11/2025 08:27,0.55
540236,06/11/2025 08:31,0.6
540236,06/11/2025 08:35,0.65
540236,06/11/2025 08:39,0.7
540236,06/11/2025 08:43,1.15
540236,06/11/2025 08:43,0.75
540236,06/11/2025 08:46,0.8
540236,06/11/2025 08:50,0.85
540236,06/11/2025 08:56,0.9
540236,06/11/2025 09:04,1.0
540236,06/11/2025 09:10,1.05
540236,06/11/2025 09:15,1.1
540236,06/11/2025 09:20,1.15
540236,06/11/2025 09:28,1.2
540236,06/11/2025 09:42,1.3
540236,06/11/2025 09:50,1.35
540236,06/11/2025 10:02,1.4
540236,06/11/2025 10:05,1.4
540236,06/11/2025 10:14,1.45
540236,06/11/2025 10:28,1.5
540236,06/11/2025 10:28,1.55
540236,06/11/2025 10:50,1.55
540236,06/11/2025 11:37,1.45
540236,06/11/2025 11:46,1.4
540236,06/11/2025 11:55,1.35
540236,06/11/2025 12:03,1.3
540236,06/11/2025 12:10,1.25
540236,06/11/2025 12:15,1.2
540236,06/11/2025 12:23,1.15
540236,06/11/2025 12:27,1.1
540236,06/11/2025 12:34,1.05
540236,06/11/2025 12:38,1.0
540236,06/11/2025 12:46,0.95
540236,06/11/2025 13:01,0.85
540236,06/11/2025 13:01,1.25
540236,06/11/2025 13:05,0.85
540236,06/11/2025 13:06,0.8
540236,06/11/2025 13:13,0.75
540236,06/11/2025 13:19,0.7
540236,06/11/2025 13:25,0.65
540236,06/11/2025 13:35,0.6
540236,06/11/2025 13:42,0.65
540236,06/11/2025 13:42,0.55
540236,06/11/2025 13:49,0.5
540236,06/11/2025 14:07,0.35
540236,06/11/2025 14:18,0.3
540236,06/11/2025 14:28,0.25
540236,06/11/2025 14:47,0.15
540236,06/11/2025 14:55,0.1
540236,06/11/2025 15:08,0.05
540236,06/11/2025 15:19,0.0
540236,06/11/2025 15:46,-0.85
540236,06/11/2025 19:05,-0.05
540236,06/11/2025 20:22,0.0
540236,06/11/2025 20:32,0.05
540236,06/11/2025 20:37,0.1
540236,06/11/2025 20:44,0.15
540236,06/11/2025 20:51,0.2
540236,06/11/2025 21:00,0.3
540236,06/11/2025 21:06,0.35
540236,06/11/2025 21:11,0.4
540236,06/11/2025 21:17,0.45
540236,06/11/2025 21:29,0.55
540236,06/11/2025 21:35,0.6
540236,06/11/2025 21:42,0.65
540236,06/11/2025 21:49,0.7
540236,06/11/2025 21:56,0.75
540236,06/11/2025 22:05,0.8
540236,06/11/2025 22:15,0.85
540236,06/11/2025 22:27,0.9
540236,06/11/2025 22:51,0.95
540236,06/11/2025 23:20,0.9
540236,06/11/2025 23:40,0.85
540236,06/11/2025 23:54,0.8
540236,07/11/2025 00:03,0.75
540236,07/11/2025 00:15,0.7
540236,07/11/2025 00:24,0.65
540236,07/11/2025 00:33,0.6
540236,07/11/2025 00:48,0.5
540236,07/11/2025 00:51,0.45
540236,07/11/2025 00:53,0.5
540236,07/11/2025 00:56,0.45
540236,07/11/2025 01:01,0.4
540236,07/11/2025 01:05,0.4
540236,07/11/2025 01:12,0.35
540236,07/11/2025 01:21,0.3
540236,07/11/2025 01:28,0.25
540236,07/11/2025 01:52,0.15
540236,07/11/2025 01:59,0.1
540236,07/11/2025 02:21,0.0
540236,07/11/2025 02:42,-0.05
540236,07/11/2025 02:45,0.0
540236,07/11/2025 02:48,-0.05
540236,07/11/2025 02:52,0.0
540236,07/11/2025 02:54,-0.05
540236,07/11/2025 02:59,0.0
540236,07/11/2025 03:00,-0.05
540236,07/11/2025 03:09,0.0
540236,07/11/2025 03:10,-0.05
540236,07/11/2025 04:05,-0.05
540236,07/11/2025 08:19,0.0
540236,07/11/2025 08:25,0.05
540236,07/11/2025 08:31,0.1
540236,07/11/2025 08:38,0.15
540236,07/11/2025 08:42,0.2
540236,07/11/2025 08:46,0.25
540236,07/11/2025 08:51,0.3
540236,07/11/2025 08:55,0.35
540236,07/11/2025 08:59,0.4
540236,07/11/2025 09:03,0.45
540236,07/11/2025 09:07,0.5
540236,07/11/2025 09:11,0.55
540236,07/11/2025 09:19,0.65
540236,07/11/2025 09:26,0.75
540236,07/11/2025 09:30,0.8
540236,07/11/2025 09:35,0.85
540236,07/11/2025 09:44,0.95
540236,07/11/2025 09:49,1.0
540236,07/11/2025 09:53,1.05
540236,07/11/2025 09:58,1.1
540236,07/11/2025 10:03,1.15
540236,07/11/2025 10:05,1.15
540236,07/11/2025 10:13,1.25
540236,07/11/2025 10:50,1.45
540236,07/11/2025 11:01,1.5
540236,07/11/2025 11:14,1.55
540236,07/11/2025 12:13,1.55
540236,07/11/2025 12:27,1.5
540236,07/11/2025 12:27,1.55
540236,07/11/2025 12:38,1.45
540236,07/11/2025 12:53,1.35
540236,07/11/2025 13:01,1.3
540236,07/11/2025 13:05,1.3
540236,07/11/2025 13:08,1.25
540236,07/11/2025 13:20,1.15
540236,07/11/2025 13:33,1.05
540236,07/11/2025 13:38,1.0
540236,07/11/2025 13:52,0.9
540236,07/11/2025 13:56,0.85
540236,07/11/2025 14:04,0.8
540236,07/11/2025 14:11,0.75
540236,07/11/2025 14:24,0.65
540236,07/11/2025 14:30,0.6
540236,07/11/2025 14:38,0.55
540236,07/11/2025 14:46,0.5
540236,07/11/2025 14:55,0.45
540236,07/11/2025 15:01,0.4
540236,07/11/2025 15:15,0.3
540236,07/11/2025 15:20,0.25
540236,07/11/2025 15:30,0.2
540236,07/11/2025 15:38,0.15
540236,07/11/2025 15:41,0.2
540236,07/11/2025 15:42,0.15
540236,07/11/2025 15:50,0.1
540236,07/11/2025 16:03,0.05
540236,07/11/2025 16:05,0.05
540236,07/11/2025 16:12,0.0
540236,07/11/2025 16:41,-0.05
540236,07/11/2025 16:47,0.0
540236,07/11/2025 16:48,-0.05
540236,07/11/2025 16:55,-0.05
540236,07/11/2025 17:01,0.0
540236,07/11/2025 17:02,-0.05
540236,07/11/2025 17:07,0.0
540236,07/11/2025 19:05,-0.05
540236,07/11/2025 21:16,0.0
540236,07/11/2025 21:23,0.05
540236,07/11/2025 21:31,0.1
540236,07/11/2025 21:38,0.15
540236,07/11/2025 21:44,0.2
540236,07/11/2025 21:50,0.25
540236,07/11/2025 21:55,0.3
540236,07/11/2025 22:05,0.35
540236,07/11/2025 22:08,0.4
540236,07/11/2025 22:15,0.45
540236,07/11/2025 22:20,0.5
540236,07/11/2025 22:27,0.55
540236,07/11/2025 22:34,0.6
540236,07/11/2025 22:42,0.65
540236,07/11/2025 22:50,0.7
540236,07/11/2025 23:02,0.75
540236,07/11/2025 23:13,0.8
540236,07/11/2025 23:28,0.85
540236,08/11/2025 00:19,0.8
540236,08/11/2025 00:41,0.75
540236,08/11/2025 01:05,0.7
540236,08/11/2025 01:06,0.65
540236,08/11/2025 01:17,0.6
540236,08/11/2025 01:28,0.55
540236,08/11/2025 01:31,0.5
540236,08/11/2025 01:43,0.45
540236,08/11/2025 01:53,0.4
540236,08/11/2025 01:58,0.35
540236,08/11/2025 02:11,0.3
540236,08/11/2025 02:19,0.25
540236,08/11/2025 02:30,0.2
540236,08/11/2025 02:39,0.15
540236,08/11/2025 03:02,0.05
540236,08/11/2025 03:11,0.0
540236,08/11/2025 03:20,-0.05
540236,08/11/2025 03:22,0.0
540236,08/11/2025 03:32,-0.05
540236,08/11/2025 03:36,0.0
540236,08/11/2025 03:44,0.0
540236,08/11/2025 04:05,0.0
540236,08/11/2025 04:25,-0.05
540236,08/11/2025 07:05,-0.05
540236,08/11/2025 08:54,0.0
540236,08/11/2025 09:03,0.05
540236,08/11/2025 09:08,0.1
540236,08/11/2025 09:14,0.15
540236,08/11/2025 09:22,0.25
540236,08/11/2025 09:26,0.3
540236,08/11/2025 09:30,0.35
540236,08/11/2025 09:30,0.45
540236,08/11/2025 09:34,0.4
540236,08/11/2025 09:38,0.45
540236,08/11/2025 09:42,0.5
540236,08/11/2025 09:46,0.55
540236,08/11/2025 09:50,0.6
540236,08/11/2025 09:58,0.7
540236,08/11/2025 10:02,0.75
540236,08/11/2025 10:06,0.8
540236,08/11/2025 10:10,0.85
540236,08/11/2025 10:16,0.9
540236,08/11/2025 10:21,0.95
540236,08/11/2025 10:26,1.0
540236,08/11/2025 10:36,1.1
540236,08/11/2025 10:42,1.15
540236,08/11/2025 10:56,1.25
540236,08/11/2025 11:02,1.3
540236,08/11/2025 11:11,1.35
540236,08/11/2025 11:22,1.4
540236,08/11/2025 11:31,1.45
540236,08/11/2025 11:52,1.55
540236,08/11/2025 12:09,1.6
540236,08/11/2025 12:38,1.65
540236,08/11/2025 13:05,1.85
540236,08/11/2025 13:05,1.65
540236,08/11/2025 13:12,1.6
540236,08/11/2025 13:29,1.55
540236,08/11/2025 13:38,1.5
540236,08/11/2025 13:48,1.45
540236,08/11/2025 13:56,1.4
540236,08/11/2025 14:02,1.35
540236,08/11/2025 14:10,1.3
540236,08/11/2025 14:23,1.2
540236,08/11/2025 14:29,1.15
540236,08/11/2025 14:42,1.05
540236,08/11/2025 14:47,1.0
540236,08/11/2025 14:54,0.95
540236,08/11/2025 15:00,0.9
540236,08/11/2025 15:07,0.85
540236,08/11/2025 15:14,0.8
540236,08/11/2025 15:20,0.75
540236,08/11/2025 15:42,0.6
540236,08/11/2025 15:59,0.5
540236,08/11/2025 16:06,0.45
540236,08/11/2025 16:12,0.4
540236,08/11/2025 16:20,0.35
540236,08/11/2025 16:30,0.3
540236,08/11/2025 16:48,0.2
540236,08/11/2025 17:00,0.15
540236,08/11/2025 17:11,0.1
540236,08/11/2025 17:18,0.05
540236,08/11/2025 17:36,0.0
540236,08/11/2025 17:53,-0.05
540236,08/11/2025 17:57,0.0
540236,08/11/2025 18:00,-0.05
540236,08/11/2025 18:06,0.0
540236,08/11/2025 18:11,-0.05
540236,08/11/2025 18:25,0.0
540236,08/11/2025 18:28,-0.05
540236,08/11/2025 18:34,0.0
540236,08/11/2025 18:50,-0.05
540236,08/11/2025 19:04,0.0
540236,08/11/2025 19:05,0.0
540236,08/11/2025 20:07,-0.05
540236,08/11/2025 22:04,0.0
540236,08/11/2025 22:05,0.0
540236,08/11/2025 22:06,-0.05
540236,08/11/2025 22:10,0.0
540236,08/11/2025 22:18,0.05
540236,08/11/2025 22:34,0.15
540236,08/11/2025 22:49,0.25
540236,08/11/2025 22:56,0.3
540236,08/11/2025 23:07,0.35
540236,08/11/2025 23:14,0.4
540236,08/11/2025 23:25,0.45
540236,08/11/2025 23:34,0.5
540236,08/11/2025 23:44,0.55
540236,08/11/2025 23:55,0.6
540236,09/11/2025 00:12,0.65
540236,09/11/2025 01:05,0.65
540236,09/11/2025 01:25,0.6
540236,09/11/2025 01:38,0.55
540236,09/11/2025 01:49,0.5
540236,09/11/2025 01:59,0.45
540236,09/11/2025 02:14,0.4
540236,09/11/2025 02:29,0.35
540236,09/11/2025 02:42,0.3
540236,09/11/2025 02:50,0.65
540236,09/11/2025 02:50,0.25
540236,09/11/2025 03:03,0.25
540236,09/11/2025 03:03,0.2
540236,09/11/2025 03:13,0.15
540236,09/11/2025 03:23,0.1
540236,09/11/2025 03:37,0.05
540236,09/11/2025 03:44,0.0
540236,09/11/2025 04:04,-0.05
540236,09/11/2025 04:05,-0.05
540236,09/11/2025 04:08,0.0
540236,09/11/2025 04:31,-0.05
540236,09/11/2025 07:05,-0.05
540236,09/11/2025 09:36,0.0
540236,09/11/2025 09:38,-0.05
540236,09/11/2025 09:40,0.0
540236,09/11/2025 09:44,0.05
540236,09/11/2025 09:49,0.1
540236,09/11/2025 10:00,0.2
540236,09/11/2025 10:05,0.25
540236,09/11/2025 10:09,0.3
540236,09/11/2025 10:13,0.35
540236,09/11/2025 10:22,0.45
540236,09/11/2025 10:26,0.5
540236,09/11/2025 10:31,0.55
540236,09/11/2025 10:35,0.6
540236,09/11/2025 10:40,0.65
540236,09/11/2025 10:45,0.7
540236,09/11/2025 10:49,0.75
540236,09/11/2025 10:55,0.8
540236,09/11/2025 10:59,0.85
540236,09/11/2025 11:05,0.9
540236,09/11/2025 11:11,0.95
540236,09/11/2025 11:16,1.0
540236,09/11/2025 11:22,1.05
540236,09/11/2025 11:28,1.1
540236,09/11/2025 11:35,1.15
540236,09/11/2025 11:44,1.2
540236,09/11/2025 12:00,1.3
540236,09/11/2025 12:12,1.35
540236,09/11/2025 12:23,1.4
540236,09/11/2025 12:39,1.45
540236,09/11/2025 13:00,1.5
540236,09/11/2025 13:05,1.5
540236,09/11/2025 13:51,1.45
540236,09/11/2025 14:08,1.4
540236,09/11/2025 14:24,1.3
540236,09/11/2025 14:35,1.25
540236,09/11/2025 14:43,1.2
540236,09/11/2025 14:51,1.15
540236,09/11/2025 15:06,1.05
540236,09/11/2025 15:12,1.0
540236,09/11/2025 15:20,0.95
540236,09/11/2025 15:25,0.9
540236,09/11/2025 15:31,0.85
540236,09/11/2025 15:39,0.8
540236,09/11/2025 15:46,0.75
540236,09/11/2025 15:55,0.7
540236,09/11/2025 16:02,0.65
540236,09/11/2025 16:05,0.65
540236,09/11/2025 16:09,0.6
540236,09/11/2025 16:30,0.45
540236,09/11/2025 16:39,0.4
540236,09/11/2025 16:49,0.35
540236,09/11/2025 16:56,0.3
540236,09/11/2025 17:06,0.25
540236,09/11/2025 17:11,0.2
540236,09/11/2025 17:13,0.25
540236,09/11/2025 17:14,0.2
540236,09/11/2025 17:25,0.15
540236,09/11/2025 17:35,0.1
540236,09/11/2025 17:59,0.0
540236,09/11/2025 18:08,-0.05
540236,09/11/2025 18:11,0.0
540236,09/11/2025 18:11,0.05
540236,09/11/2025 18:21,0.0
540236,09/11/2025 18:22,-0.05
540236,09/11/2025 19:05,-0.05
540236,09/11/2025 22:05,-0.05
540236,09/11/2025 23:16,0.0
540236,09/11/2025 23:26,0.05
540236,09/11/2025 23:34,0.1
540236,09/11/2025 23:40,0.15
540236,09/11/2025 23:49,0.2
540236,09/11/2025 23:56,0.25
540236,10/11/2025 00:04,0.3
540236,10/11/2025 00:09,0.35
540236,10/11/2025 00:19,0.4
540236,10/11/2025 00:30,0.45
540236,10/11/2025 00:40,0.5
540236,10/11/2025 00:55,0.55
540236,10/11/2025 01:05,0.55
540236,10/11/2025 01:55,0.55
540236,10/11/2025 02:23,0.5
540236,10/11/2025 02:37,0.45
540236,10/11/2025 02:46,0.4
540236,10/11/2025 03:01,0.35
540236,10/11/2025 03:09,0.3
540236,10/11/2025 03:23,0.25
540236,10/11/2025 03:34,0.2
540236,10/11/2025 03:56,0.1
540236,10/11/2025 04:05,0.1
540236,10/11/2025 04:11,0.05
540236,10/11/2025 04:24,0.0
540236,10/11/2025 04:32,-0.05
540236,10/11/2025 04:36,-0.05
540236,10/11/2025 07:05,-0.05
540236,10/11/2025 10:05,-0.05
540236,10/11/2025 10:33,0.0
540236,10/11/2025 10:45,0.1
540236,10/11/2025 10:59,0.2
540236,10/11/2025 11:03,0.25
540236,10/11/2025 11:08,0.3
540236,10/11/2025 11:13,0.35
540236,10/11/2025 11:18,0.4
540236,10/11/2025 11:22,0.45
540236,10/11/2025 11:27,0.5
540236,10/11/2025 11:31,0.55
540236,10/11/2025 11:37,0.6
540236,10/11/2025 11:41,0.65
540236,10/11/2025 11:46,0.7
540236,10/11/2025 11:51,0.75
540236,10/11/2025 11:58,0.8
540236,10/11/2025 12:03,0.85
540236,10/11/2025 12:14,0.95
540236,10/11/2025 12:28,1.05
540236,10/11/2025 12:54,1.2
540236,10/11/2025 13:05,1.2
540236,10/11/2025 13:19,1.3
540236,10/11/2025 14:04,1.4
540236,10/11/2025 14:36,1.35
540236,10/11/2025 14:56,1.3
540236,10/11/2025 15:05,1.25
540236,10/11/2025 15:15,1.2
540236,10/11/2025 15:24,1.15
540236,10/11/2025 15:36,1.1
540236,10/11/2025 15:50,1.0
540236,10/11/2025 15:59,0.95
540236,10/11/2025 16:05,0.9
540236,10/11/2025 16:15,0.85
540236,10/11/2025 16:24,0.8
540236,10/11/2025 16:29,0.75
540236,10/11/2025 16:39,0.7
540236,10/11/2025 16:55,0.6
540236,10/11/2025 17:12,0.5
540236,10/11/2025 17:47,0.3
540236,10/11/2025 17:54,0.25
540236,10/11/2025 18:15,0.15
540236,10/11/2025 18:26,0.1
540236,10/11/2025 18:38,0.05
540236,10/11/2025 18:53,0.0
540236,10/11/2025 19:04,-0.05
540236,10/11/2025 19:05,-0.05
540236,10/11/2025 22:05,-0.05
540236,11/11/2025 00:12,0.0
540236,11/11/2025 00:19,0.05
540236,11/11/2025 00:19,0.25
540236,11/11/2025 00:28,0.1
540236,11/11/2025 00:39,0.15
540236,11/11/2025 00:45,0.2
540236,11/11/2025 00:52,0.25
540236,11/11/2025 01:03,0.3
540236,11/11/2025 01:05,0.3
540236,11/11/2025 01:13,0.35
540236,11/11/2025 01:24,0.4
540236,11/11/2025 01:35,0.45
540236,11/11/2025 01:35,0.05
540236,11/11/2025 01:46,0.5
540236,11/11/2025 02:00,0.55
540236,11/11/2025 02:02,0.55
540236,11/11/2025 03:26,0.5
540236,11/11/2025 03:42,0.45
540236,11/11/2025 03:58,0.4
540236,11/11/2025 04:05,0.4
540236,11/11/2025 04:12,0.35
540236,11/11/2025 04:28,0.3
540236,11/11/2025 04:38,0.25
540236,11/11/2025 04:49,0.2
540236,11/11/2025 05:00,0.15
540236,11/11/2025 05:16,0.1
540236,11/11/2025 05:25,0.05
540236,11/11/2025 05:50,-0.05
540236,11/11/2025 05:53,0.0
540236,11/11/2025 06:11,-0.1
540236,11/11/2025 06:12,-0.05
540236,11/11/2025 07:05,-0.05
540236,11/11/2025 10:05,-0.05
540236,11/11/2025 11:09,0.0
540236,11/11/2025 11:14,0.05
540236,11/11/2025 11:25,0.1
540236,11/11/2025 11:30,0.15
540236,11/11/2025 11:37,0.2
540236,11/11/2025 11:42,0.25
540236,11/11/2025 11:48,0.3
540236,11/11/2025 11:53,0.35
540236,11/11/2025 11:59,0.4
540236,11/11/2025 12:04,0.45
540236,11/11/2025 12:09,0.5
540236,11/11/2025 12:15,0.55
540236,11/11/2025 12:21,0.6
540236,11/11/2025 12:25,0.65
540236,11/11/2025 12:31,0.7
540236,11/11/2025 12:37,0.75
540236,11/11/2025 12:51,0.85
540236,11/11/2025 12:58,0.9
540236,11/11/2025 13:12,1.0
540236,11/11/2025 13:19,1.05
540236,11/11/2025 13:29,1.1
540236,11/11/2025 13:39,1.15
540236,11/11/2025 14:02,1.25
540236,11/11/2025 14:16,1.3
540236,11/11/2025 14:40,1.35
540236,11/11/2025 15:55,1.3
540236,11/11/2025 16:05,1.3
540236,11/11/2025 16:11,1.25
540236,11/11/2025 16:19,1.2
540236,11/11/2025 16:32,1.15
540236,11/11/2025 16:43,1.1
540236,11/11/2025 16:52,1.05
540236,11/11/2025 16:58,1.0
540236,11/11/2025 17:09,0.95
540236,11/11/2025 17:18,0.9
540236,11/11/2025 17:25,0.85
540236,11/11/2025 17:31,0.8
540236,11/11/2025 17:42,0.75
540236,11/11/2025 17:48,0.7
540236,11/11/2025 18:08,0.6
540236,11/11/2025 18:14,0.55
540236,11/11/2025 18:23,0.5
540236,11/11/2025 18:33,0.45
540236,11/11/2025 18:43,0.4
540236,11/11/2025 18:50,0.35
540236,11/11/2025 18:57,0.3
540236,11/11/2025 19:05,0.3
540236,11/11/2025 19:10,0.25
540236,11/11/2025 19:22,0.2
540236,11/11/2025 19:33,0.15
540236,11/11/2025 19:43,0.1
540236,11/11/2025 19:55,0.05
540236,11/11/2025 20:08,0.0
540236,11/11/2025 20:28,-0.05
540236,12/11/2025 00:48,0.0
540236,12/11/2025 00:57,0.05
540236,12/11/2025 01:06,0.1
540236,12/11/2025 01:15,0.15
540236,12/11/2025 01:24,0.2
540236,12/11/2025 01:34,0.25
540236,12/11/2025 01:42,0.3
540236,12/11/2025 01:49,0.35
540236,12/11/2025 01:59,0.4
540236,12/11/2025 02:10,0.45
540236,12/11/2025 02:21,0.5
540236,12/11/2025 02:35,0.55
540236,12/11/2025 02:49,0.6
540236,12/11/2025 03:12,0.65
540236,12/11/2025 04:05,0.6
540236,12/11/2025 04:34,0.55
540236,12/11/2025 04:51,0.5
540236,12/11/2025 05:11,0.45
540236,12/11/2025 05:24,0.4
540236,12/11/2025 05:40,0.35
540236,12/11/2025 05:50,0.3
540236,12/11/2025 06:01,0.25
540236,12/11/2025 06:10,0.2
540236,12/11/2025 06:22,0.15
540236,12/11/2025 06:36,0.1
540236,12/11/2025 06:50,0.05
540236,12/11/2025 07:00,0.0
540236,12/11/2025 07:27,-0.05
540236,12/11/2025 10:05,-0.05
540236,12/11/2025 12:50,0.1
540236,12/11/2025 12:58,0.15
540236,12/11/2025 13:05,0.2
540236,12/11/2025 13:10,0.25
540236,12/11/2025 13:15,0.3
540236,12/11/2025 13:20,0.35
540236,12/11/2025 13:25,0.4
540236,12/11/2025 13:36,0.5
540236,12/11/2025 13:42,0.55
540236,12/11/2025 13:48,0.6
540236,12/11/2025 13:53,0.65
540236,12/11/2025 14:00,0.7
540236,12/11/2025 14:13,0.8
540236,12/11/2025 14:20,0.85
540236,12/11/2025 14:27,0.9
540236,12/11/2025 14:44,1.0
540236,12/11/2025 15:06,1.1
540236,12/11/2025 15:20,1.15
540236,12/11/2025 15:38,1.2
540236,12/11/2025 16:05,1.2
540236,12/11/2025 16:58,1.15
540236,12/11/2025 17:13,1.1
540236,12/11/2025 17:27,1.05
540236,12/11/2025 17:38,1.0
540236,12/11/2025 17:56,0.9
540236,12/11/2025 18:25,0.75
540236,12/11/2025 18:34,0.7
540236,12/11/2025 18:46,0.65
540236,12/11/2025 18:52,0.6
540236,12/11/2025 19:02,0.55
540236,12/11/2025 19:05,0.55
540236,12/11/2025 19:11,0.5
540236,12/11/2025 19:28,0.4
540236,12/11/2025 19:51,0.3
540236,12/11/2025 19:57,0.25
540236,12/11/2025 20:10,0.2
540236,12/11/2025 20:20,0.15
540236,12/11/2025 20:33,0.1
540236,12/11/2025 20:45,0.05
540236,12/11/2025 20:59,0.0
540236,12/11/2025 21:20,-0.05
540236,12/11/2025 21:24,0.0
540236,12/11/2025 21:25,-0.05
540236,12/11/2025 22:05,-0.05
540236,13/11/2025 01:05,-0.05
540236,13/11/2025 02:01,0.0
540236,13/11/2025 02:02,0.0
540236,13/11/2025 02:08,0.05
540236,13/11/2025 02:18,0.1
540236,13/11/2025 02:27,0.15
540236,13/11/2025 02:34,0.2
540236,13/11/2025 02:42,0.25
540236,13/11/2025 02:52,0.3
540236,13/11/2025 03:01,0.35
540236,13/11/2025 03:10,0.4
540236,13/11/2025 03:21,0.45
540236,13/11/2025 03:32,0.5
540236,13/11/2025 03:41,0.55
540236,13/11/2025 03:56,0.6
540236,13/11/2025 04:05,0.6
540236,13/11/2025 04:12,0.65
540236,13/11/2025 04:31,0.7
540236,13/11/2025 05:27,0.65
540236,13/11/2025 06:11,0.55
540236,13/11/2025 06:28,0.5
540236,13/11/2025 07:01,0.4
540236,13/11/2025 07:05,0.4
540236,13/11/2025 07:12,0.35
540236,13/11/2025 07:24,0.3
540236,13/11/2025 07:32,0.25
540236,13/11/2025 07:50,0.2
540236,13/11/2025 08:01,0.15
540236,13/11/2025 08:15,0.1
540236,13/11/2025 08:45,0.0
540236,13/11/2025 09:07,-0.05
540236,13/11/2025 10:05,-0.05
540236,13/11/2025 10:05,0.35
540236,13/11/2025 13:05,0.0
540236,13/11/2025 13:07,0.05
540236,13/11/2025 13:16,0.1
540236,13/11/2025 13:25,0.15
540236,13/11/2025 13:32,0.2
540236,13/11/2025 13:41,0.25
540236,13/11/2025 13:47,0.3
540236,13/11/2025 13:53,0.35
540236,13/11/2025 13:59,0.4
540236,13/11/2025 14:06,0.45
540236,13/11/2025 14:13,0.5
540236,13/11/2025 14:19,0.55
540236,13/11/2025 14:26,0.6
540236,13/11/2025 14:32,0.65
540236,13/11/2025 14:40,0.7
540236,13/11/2025 14:46,0.75
540236,13/11/2025 15:00,0.85
540236,13/11/2025 15:09,0.9
540236,13/11/2025 15:17,0.95
540236,13/11/2025 15:28,1.0
540236,13/11/2025 15:28,1.8
540236,13/11/2025 15:38,1.05
540236,13/11/2025 16:02,1.15
540236,13/11/2025 16:05,1.15
540236,13/11/2025 17:56,1.2
540236,13/11/2025 18:20,1.15
540236,13/11/2025 18:36,1.1
540236,13/11/2025 18:45,1.05
540236,13/11/2025 18:53,1.0
540236,13/11/2025 19:04,0.95
540236,13/11/2025 19:05,0.95
540236,13/11/2025 19:13,0.9
540236,13/11/2025 19:34,0.8
540236,13/11/2025 19:44,0.75
540236,13/11/2025 19:52,0.7
540236,13/11/2025 20:00,0.65
540236,13/11/2025 20:11,0.6
540236,13/11/2025 20:20,0.55
540236,13/11/2025 20:31,0.5
540236,13/11/2025 20:37,0.45
540236,13/11/2025 21:00,0.35
540236,13/11/2025 21:12,0.3
540236,13/11/2025 21:32,0.2
540236,13/11/2025 21:47,0.15
540236,13/11/2025 21:57,0.1
540236,13/11/2025 22:05,0.1
540236,13/11/2025 22:12,0.05
540236,13/11/2025 22:26,0.0
540236,13/11/2025 22:49,-0.05
540236,14/11/2025 01:05,-0.05
540236,14/11/2025 02:37,-0.05
540236,14/11/2025 02:37,0.35
540236,14/11/2025 02:40,0.0
540236,14/11/2025 02:50,0.05
540236,14/11/2025 02:57,0.1
540236,14/11/2025 03:25,0.25
540236,14/11/2025 03:33,0.3
540236,14/11/2025 03:42,0.35
540236,14/11/2025 03:58,0.45
540236,14/11/2025 04:05,0.45
540236,14/11/2025 04:08,0.5
540236,14/11/2025 04:30,0.6
540236,14/11/2025 04:38,0.65
540236,14/11/2025 04:52,0.7
540236,14/11/2025 05:03,0.75
540236,14/11/2025 05:20,0.8
540236,14/11/2025 06:47,0.75
540236,14/11/2025 07:04,0.7
540236,14/11/2025 07:44,0.6
540236,14/11/2025 08:05,0.5
540236,14/11/2025 08:27,0.4
540236,14/11/2025 08:37,0.35
540236,14/11/2025 08:49,0.3
540236,14/11/2025 09:03,0.25
540236,14/11/2025 09:14,0.2
540236,14/11/2025 09:26,0.15
540236,14/11/2025 09:39,0.1
540236,14/11/2025 09:46,0.05
540236,14/11/2025 09:59,0.0
540236,14/11/2025 10:05,0.0
540236,14/11/2025 13:05,-0.05
540236,14/11/2025 13:49,0.0
540236,14/11/2025 13:51,-0.05
540236,14/11/2025 13:54,0.0
540236,14/11/2025 14:03,0.05
540236,14/11/2025 14:14,0.1
540236,14/11/2025 14:23,0.15
540236,14/11/2025 14:30,0.2
540236,14/11/2025 14:37,0.25
540236,14/11/2025 14:44,0.3
540236,14/11/2025 14:52,0.35
540236,14/11/2025 14:59,0.4
540236,14/11/2025 15:05,0.45
540236,14/11/2025 15:11,0.5
540236,14/11/2025 15:18,0.55
540236,14/11/2025 15:25,0.6
540236,14/11/2025 15:33,0.65
540236,14/11/2025 15:47,0.75
540236,14/11/2025 15:55,0.8
540236,14/11/2025 16:02,0.85
540236,14/11/2025 16:05,0.85
540236,14/11/2025 16:29,1.0
540236,14/11/2025 16:39,1.05
540236,14/11/2025 16:51,1.1
540236,14/11/2025 17:17,1.2
540236,14/11/2025 18:02,1.3
540236,14/11/2025 18:09,1.25
540236,14/11/2025 18:25,1.2
540236,14/11/2025 18:25,1.4
540236,14/11/2025 19:05,1.15
540236,14/11/2025 19:26,1.05
540236,14/11/2025 19:48,1.0
540236,14/11/2025 19:57,0.95
540236,14/11/2025 20:33,0.7
540236,14/11/2025 20:41,0.65
540236,14/11/2025 20:49,0.6
540236,14/11/2025 21:00,0.55
540236,14/11/2025 21:09,0.5
540236,14/11/2025 21:16,0.45
540236,14/11/2025 21:25,0.4
540236,14/11/2025 21:32,0.35
540236,14/11/2025 21:41,0.3
540236,14/11/2025 21:51,0.25
540236,14/11/2025 22:05,0.2
540236,14/11/2025 22:12,0.15
540236,14/11/2025 22:25,0.1
540236,14/11/2025 22:40,0.05
540236,14/11/2025 22:47,0.0
540236,14/11/2025 23:02,-0.05
540236,15/11/2025 01:05,-0.05
540236,15/11/2025 03:48,0.0
540236,15/11/2025 03:55,0.05
540236,15/11/2025 04:02,0.1
540236,15/11/2025 04:05,0.1
540236,15/11/2025 04:10,0.15
540236,15/11/2025 04:28,0.3
540236,15/11/2025 04:35,0.35
540236,15/11/2025 04:41,0.4
540236,15/11/2025 04:49,0.45
540236,15/11/2025 04:56,0.5
540236,15/11/2025 05:06,0.55
540236,15/11/2025 05:20,0.65
540236,15/11/2025 05:28,0.7
540236,15/11/2025 05:35,0.75
540236,15/11/2025 05:57,0.85
540236,15/11/2025 06:11,0.9
540236,15/11/2025 07:05,0.95
540236,15/11/2025 07:48,0.9
540236,15/11/2025 08:05,0.85
540236,15/11/2025 08:18,0.8
540236,15/11/2025 08:33,0.75
540236,15/11/2025 08:44,0.7
540236,15/11/2025 09:13,0.55
540236,15/11/2025 09:40,0.4
540236,15/11/2025 09:51,0.35
540236,15/11/2025 09:58,0.3
540236,15/11/2025 10:14,0.25
540236,15/11/2025 10:23,0.2
540236,15/11/2025 10:37,0.15
540236,15/11/2025 10:48,0.1
540236,15/11/2025 11:03,0.05
540236,15/11/2025 11:16,0.0
540236,15/11/2025 11:35,-0.05
540236,15/11/2025 13:05,-0.05
540236,15/11/2025 14:56,0.0
540236,15/11/2025 15:27,0.15
540236,15/11/2025 15:34,0.2
540236,15/11/2025 15:40,0.25
540236,15/11/2025 15:58,0.4
540236,15/11/2025 16:05,0.45
540236,15/11/2025 16:25,0.6
540236,15/11/2025 16:32,0.65
540236,15/11/2025 16:39,0.7
540236,15/11/2025 16:46,0.75
540236,15/11/2025 16:53,0.8
540236,15/11/2025 16:59,0.85
540236,15/11/2025 17:08,0.9
540236,15/11/2025 17:17,0.95
540236,15/11/2025 17:29,1.0
540236,15/11/2025 17:40,1.05
540236,15/11/2025 18:50,1.2
540236,15/11/2025 19:01,1.15
540236,15/11/2025 19:43,1.05
540236,15/11/2025 21:11,0.8
540236,15/11/2025 21:28,0.7
540236,15/11/2025 21:34,0.65
540236,15/11/2025 21:50,0.55
540236,15/11/2025 21:58,0.5
540236,15/11/2025 22:05,0.5
540236,15/11/2025 22:15,0.4
540236,15/11/2025 22:27,0.35
540236,15/11/2025 22:34,0.3
540236,15/11/2025 22:45,0.25
540236,15/11/2025 22:56,0.2
540236,15/11/2025 23:05,0.15
540236,15/11/2025 23:05,12.95
540236,15/11/2025 23:29,0.05
540236,15/11/2025 23:43,0.0
540236,15/11/2025 23:56,-0.05
540236,16/11/2025 01:05,-0.05
540236,16/11/2025 03:54,0.0
540236,16/11/2025 04:02,0.05
540236,16/11/2025 04:05,0.05
540236,16/11/2025 04:10,0.1
540236,16/11/2025 04:24,0.2
540236,16/11/2025 04:30,0.25
540236,16/11/2025 04:37,0.3
540236,16/11/2025 04:42,0.35
540236,16/11/2025 04:49,0.4
540236,16/11/2025 04:54,0.45
540236,16/11/2025 05:07,0.55
540236,16/11/2025 05:14,0.6
540236,16/11/2025 05:22,0.65
540236,16/11/2025 05:29,0.7
540236,16/11/2025 05:37,0.75
540236,16/11/2025 05:45,0.8
540236,16/11/2025 06:01,0.9
540236,16/11/2025 06:11,0.95
540236,16/11/2025 06:22,1.0
540236,16/11/2025 06:34,1.05
540236,16/11/2025 06:49,1.1
540236,16/11/2025 07:05,1.15
540236,16/11/2025 07:29,1.2
540236,16/11/2025 08:06,1.15
540236,16/11/2025 08:28,1.1
540236,16/11/2025 08:55,1.05
540236,16/11/2025 09:10,1.0
540236,16/11/2025 09:28,0.95
540236,16/11/2025 09:36,0.9
540236,16/11/2025 09:46,0.85
540236,16/11/2025 09:56,0.8
540236,16/11/2025 10:05,0.8
540236,16/11/2025 10:07,0.75
540236,16/11/2025 10:17,0.7
540236,16/11/2025 10:22,0.65
540236,16/11/2025 10:35,0.6
540236,16/11/2025 10:42,0.55
540236,16/11/2025 10:53,0.5
540236,16/11/2025 11:04,0.45
540236,16/11/2025 11:13,0.4
540236,16/11/2025 11:26,0.35
540236,16/11/2025 11:38,0.3
540236,16/11/2025 12:05,0.2
540236,16/11/2025 12:21,0.15
540236,16/11/2025 12:32,0.1
540236,16/11/2025 12:50,0.05
540236,16/11/2025 13:10,0.0
540236,16/11/2025 13:23,-0.05
540236,16/11/2025 13:56,-0.1
540236,16/11/2025 13:59,-0.05
540236,16/11/2025 14:32,-0.1
540236,16/11/2025 14:36,-0.05
540236,16/11/2025 15:11,-0.1
540236,16/11/2025 15:31,-0.05
540236,16/11/2025 15:45,0.0
540236,16/11/2025 16:05,0.05
540236,16/11/2025 16:28,0.25
540236,16/11/2025 16:34,0.3
540236,16/11/2025 16:40,0.35
540236,16/11/2025 16:46,0.4
540236,16/11/2025 16:53,0.45
540236,16/11/2025 16:59,0.5
540236,16/11/2025 17:05,0.55
540236,16/11/2025 17:12,0.6
540236,16/11/2025 17:19,0.65
540236,16/11/2025 17:25,0.7
540236,16/11/2025 17:30,0.75
540236,16/11/2025 17:38,0.8
540236,16/11/2025 17:45,0.85
540236,16/11/2025 17:53,0.9
540236,16/11/2025 18:00,0.95
540236,16/11/2025 18:10,1.0
540236,16/11/2025 18:32,1.1
540236,16/11/2025 18:48,1.15
540236,16/11/2025 19:05,1.15
540236,16/11/2025 19:22,1.2
540236,16/11/2025 19:51,1.95
540236,16/11/2025 19:51,1.15
540236,16/11/2025 20:28,1.1
540236,16/11/2025 21:00,1.0
540236,16/11/2025 21:13,0.95
540236,16/11/2025 21:23,0.9
540236,16/11/2025 21:33,0.85
540236,16/11/2025 21:41,0.8
540236,16/11/2025 21:51,0.75
540236,16/11/2025 21:59,0.7
540236,16/11/2025 22:05,0.7
540236,16/11/2025 22:08,0.65
540236,16/11/2025 22:17,0.6
540236,16/11/2025 22:26,0.55
540236,16/11/2025 22:39,0.5
540236,16/11/2025 22:49,0.45
540236,16/11/2025 23:00,0.4
540236,16/11/2025 23:10,0.35
540236,16/11/2025 23:20,0.3
540236,16/11/2025 23:31,0.25
540236,16/11/2025 23:49,0.2
540236,17/11/2025 00:01,0.15
540236,17/11/2025 00:41,0.05
540236,17/11/2025 01:05,0.0
540236,17/11/2025 02:38,-0.1
540236,17/11/2025 03:41,-0.1
540236,17/11/2025 03:44,-0.05
540236,17/11/2025 03:49,-0.1
540236,17/11/2025 03:51,-0.05
540236,17/11/2025 03:53,-0.1
540236,17/11/2025 03:56,-0.05
540236,17/11/2025 03:58,-0.1
540236,17/11/2025 04:00,-0.05
540236,17/11/2025 04:05,-0.05
540236,17/11/2025 04:28,0.0
540236,17/11/2025 04:44,0.1
540236,17/11/2025 04:51,0.15
540236,17/11/2025 04:57,0.2
540236,17/11/2025 05:03,0.25
540236,17/11/2025 05:14,0.35
540236,17/11/2025 05:19,0.4
540236,17/11/2025 05:25,0.45
540236,17/11/2025 05:31,0.5
540236,17/11/2025 05:37,0.55
540236,17/11/2025 05:42,0.6
540236,17/11/2025 05:54,0.7
540236,17/11/2025 06:13,0.85
540236,17/11/2025 06:27,0.95
540236,17/11/2025 06:35,1.0
540236,17/11/2025 06:43,1.05
540236,17/11/2025 06:53,1.1
540236,17/11/2025 07:05,1.15
540236,17/11/2025 07:22,1.2
540236,17/11/2025 07:42,1.25
540236,17/11/2025 09:17,1.2
540236,17/11/2025 09:29,1.15
540236,17/11/2025 09:41,1.1
540236,17/11/2025 09:53,1.05
540236,17/11/2025 10:03,1.0
540236,17/11/2025 10:05,1.0
540236,17/11/2025 10:15,0.95
540236,17/11/2025 10:24,0.9
540236,17/11/2025 10:34,0.85
540236,17/11/2025 10:49,0.75
540236,17/11/2025 11:00,0.7
540236,17/11/2025 11:09,0.65
540236,17/11/2025 11:17,0.6
540236,17/11/2025 11:26,0.55
540236,17/11/2025 11:35,0.5
540236,17/11/2025 11:45,0.45
540236,17/11/2025 12:07,0.35
540236,17/11/2025 12:20,0.3
540236,17/11/2025 12:29,0.25
540236,17/11/2025 12:44,0.2
540236,17/11/2025 12:57,0.15
540236,17/11/2025 13:05,0.15
540236,17/11/2025 13:14,0.1
540236,17/11/2025 13:33,0.05
540236,17/11/2025 13:52,0.0
540236,17/11/2025 14:12,-0.05
540236,17/11/2025 15:38,-0.1
540236,17/11/2025 15:45,-0.05
540236,17/11/2025 15:46,-0.1
540236,17/11/2025 15:49,-0.05
540236,17/11/2025 16:00,-0.05
540236,17/11/2025 16:05,-0.05
540236,17/11/2025 16:06,-0.05
540236,17/11/2025 16:53,0.05
540236,17/11/2025 17:01,0.1
540236,17/11/2025 17:06,0.15
540236,17/11/2025 17:13,0.2
540236,17/11/2025 17:25,0.3
540236,17/11/2025 17:30,0.35
540236,17/11/2025 17:37,0.4
540236,17/11/2025 17:41,0.45
540236,17/11/2025 17:53,0.55
540236,17/11/2025 17:59,0.6
540236,17/11/2025 18:05,0.65
540236,17/11/2025 18:13,0.7
540236,17/11/2025 18:19,0.75
540236,17/11/2025 18:29,0.8
540236,17/11/2025 18:36,0.85
540236,17/11/2025 18:44,0.9
540236,17/11/2025 19:02,1.0
540236,17/11/2025 19:05,1.0
540236,17/11/2025 19:06,1.4
540236,17/11/2025 19:20,1.05
540236,17/11/2025 19:53,1.1
540236,17/11/2025 20:19,1.05
540236,17/11/2025 20:56,0.95
540236,17/11/2025 21:12,0.9
540236,17/11/2025 21:26,0.85
540236,17/11/2025 21:38,0.8
540236,17/11/2025 21:49,0.75
540236,17/11/2025 22:00,0.7
540236,17/11/2025 22:06,0.7
540236,17/11/2025 22:11,0.65
540236,17/11/2025 22:19,0.6
540236,17/11/2025 22:32,0.55
540236,17/11/2025 22:40,0.5
540236,17/11/2025 22:51,0.45
540236,17/11/2025 22:59,0.4
540236,17/11/2025 23:09,0.35
540236,17/11/2025 23:20,0.3
540236,17/11/2025 23:40,0.2
540236,17/11/2025 23:52,0.15
540236,18/11/2025 00:05,0.1
540236,18/11/2025 00:18,0.05
540236,18/11/2025 00:33,0.0
540236,18/11/2025 00:42,-0.05
540236,18/11/2025 01:36,-0.05
540236,18/11/2025 04:05,-0.05
540236,18/11/2025 04:06,-0.05
540236,18/11/2025 05:23,0.0
540236,18/11/2025 05:30,0.05
540236,18/11/2025 05:37,0.1
540236,18/11/2025 05:38,0.1
540236,18/11/2025 05:43,0.15
540236,18/11/2025 05:50,0.2
540236,18/11/2025 05:54,0.25
540236,18/11/2025 06:00,0.3
540236,18/11/2025 06:06,0.35
540236,18/11/2025 06:26,0.55
540236,18/11/2025 06:32,0.6
540236,18/11/2025 06:37,0.65
540236,18/11/2025 06:42,0.7
540236,18/11/2025 06:49,0.75
540236,18/11/2025 06:54,0.8
540236,18/11/2025 07:00,0.85
540236,18/11/2025 07:05,0.85
540236,18/11/2025 07:07,0.9
540236,18/11/2025 07:23,1.0
540236,18/11/2025 07:29,1.05
540236,18/11/2025 07:39,1.1
540236,18/11/2025 07:49,1.15
540236,18/11/2025 08:02,1.2
540236,18/11/2025 08:16,1.25
540236,18/11/2025 08:38,1.3
540236,18/11/2025 09:39,1.25
540236,18/11/2025 09:54,1.2
540236,18/11/2025 10:04,1.15
540236,18/11/2025 10:05,1.15
540236,18/11/2025 10:13,1.1
540236,18/11/2025 10:23,1.05
540236,18/11/2025 10:33,1.0
540236,18/11/2025 10:47,0.9
540236,18/11/2025 10:57,0.85
540236,18/11/2025 11:12,0.75
540236,18/11/2025 11:18,0.7
540236,18/11/2025 11:28,0.65
540236,18/11/2025 11:30,0.65
540236,18/11/2025 11:30,0.7
540236,18/11/2025 11:34,0.6
540236,18/11/2025 11:44,0.55
540236,18/11/2025 11:52,0.5
540236,18/11/2025 12:00,0.45
540236,18/11/2025 12:18,0.35
540236,18/11/2025 12:29,0.35
540236,18/11/2025 12:39,0.25
540236,18/11/2025 12:48,0.2
540236,18/11/2025 12:57,0.15
540236,18/11/2025 13:06,0.15
540236,18/11/2025 13:08,0.1
540236,18/11/2025 13:10,0.1
540236,18/11/2025 13:19,0.05
540236,18/11/2025 13:46,-0.05
540236,18/11/2025 14:02,-0.1
540236,18/11/2025 14:06,-0.05
540236,18/11/2025 14:15,-0.1
540236,18/11/2025 14:18,-0.05
540236,18/11/2025 14:51,-0.1
540236,18/11/2025 16:06,-0.1
540236,18/11/2025 17:34,-0.05
540236,18/11/2025 17:44,0.0
540236,18/11/2025 17:52,0.05
540236,18/11/2025 18:06,0.15
540236,18/11/2025 18:13,0.2
540236,18/11/2025 18:20,0.25
540236,18/11/2025 18:31,0.35
540236,18/11/2025 18:38,0.4
540236,18/11/2025 18:44,0.45
540236,18/11/2025 18:52,0.5
540236,18/11/2025 18:57,0.55
540236,18/11/2025 19:04,0.6
540236,18/11/2025 19:06,0.6
540236,18/11/2025 19:10,0.65
540236,18/11/2025 19:19,0.7
540236,18/11/2025 19:26,0.75
540236,18/11/2025 19:34,0.8
540236,18/11/2025 19:46,0.85
540236,18/11/2025 20:00,0.9
540236,18/11/2025 20:17,0.95
540236,18/11/2025 20:41,1.0
540236,18/11/2025 21:19,0.95
540236,18/11/2025 21:35,0.9
540236,18/11/2025 21:53,0.85
540236,18/11/2025 22:01,0.8
540236,18/11/2025 22:06,0.8
540236,18/11/2025 22:16,0.75
540236,18/11/2025 22:27,0.7
540236,18/11/2025 22:36,0.65
540236,18/11/2025 22:45,0.6
540236,18/11/2025 22:54,0.55
540236,18/11/2025 23:05,0.5
540236,18/11/2025 23:11,0.45
540236,18/11/2025 23:19,0.4
540236,18/11/2025 23:29,0.35
540236,18/11/2025 23:37,0.3
540236,18/11/2025 23:45,0.25
540236,18/11/2025 23:56,0.2
540236,19/11/2025 00:07,0.15
540236,19/11/2025 00:16,0.1
540236,19/11/2025 00:26,0.05
540236,19/11/2025 00:39,0.0
540236,19/11/2025 00:48,-0.05
540236,19/11/2025 01:06,-0.05
540236,19/11/2025 01:12,-0.1
540236,19/11/2025 01:15,-0.05
540236,19/11/2025 01:18,-0.1
540236,19/11/2025 01:21,-0.05
540236,19/11/2025 04:06,-0.05
540236,19/11/2025 06:02,0.0
540236,19/11/2025 06:08,0.05
540236,19/11/2025 06:16,0.1
540236,19/11/2025 06:16,0.15
540236,19/11/2025 06:17,0.1
540236,19/11/2025 06:28,0.2
540236,19/11/2025 06:29,0.2
540236,19/11/2025 06:33,0.25
540236,19/11/2025 06:37,0.3
540236,19/11/2025 06:42,0.35
540236,19/11/2025 06:47,0.4
540236,19/11/2025 06:51,0.45
540236,19/11/2025 07:01,0.55
540236,19/11/2025 07:06,0.55
540236,19/11/2025 07:07,0.6
540236,19/11/2025 07:11,0.65
540236,19/11/2025 07:17,0.7
540236,19/11/2025 07:22,0.75
540236,19/11/2025 07:28,0.8
540236,19/11/2025 07:34,0.85
540236,19/11/2025 07:41,0.9
540236,19/11/2025 07:54,1.0
540236,19/11/2025 08:00,1.05
540236,19/11/2025 08:10,1.1
540236,19/11/2025 08:19,1.15
540236,19/11/2025 08:30,1.2
540236,19/11/2025 08:40,1.25
540236,19/11/2025 08:55,1.3
540236,19/11/2025 09:12,1.35
540236,19/11/2025 10:06,1.35
540236,19/11/2025 10:16,1.3
540236,19/11/2025 10:36,1.25
540236,19/11/2025 10:47,1.2
540236,19/11/2025 10:48,1.1
540236,19/11/2025 10:58,1.15
540236,19/11/2025 11:07,1.1
540236,19/11/2025 11:49,0.85
540236,19/11/2025 12:03,0.7
540236,19/11/2025 12:10,0.7
540236,19/11/2025 12:17,0.65
540236,19/11/2025 12:25,0.6
540236,19/11/2025 12:39,0.5
540236,19/11/2025 12:47,0.45
540236,19/11/2025 12:47,0.65
540236,19/11/2025 13:05,0.35
540236,19/11/2025 13:15,0.3
540236,19/11/2025 13:32,0.2
540236,19/11/2025 13:42,0.15
540236,19/11/2025 13:53,0.1
540236,19/11/2025 14:07,0.05
540236,19/11/2025 14:17,0.0
540236,19/11/2025 14:33,-0.05
540236,19/11/2025 15:03,-0.05
540236,19/11/2025 15:05,-0.1
540236,19/11/2025 15:09,-0.05
540236,19/11/2025 15:12,-0.1
540236,19/11/2025 15:15,-0.05
540236,19/11/2025 15:22,-0.1
540236,19/11/2025 15:32,-0.05
540236,19/11/2025 15:36,-0.1
540236,19/11/2025 15:40,-0.05
540236,19/11/2025 15:48,-0.1
540236,19/11/2025 15:52,-0.05
540236,19/11/2025 16:06,-0.05
540236,19/11/2025 16:25,-0.1
540236,19/11/2025 16:41,-0.05
540236,19/11/2025 17:07,-0.1
540236,19/11/2025 17:33,-0.05
540236,19/11/2025 18:33,0.0
540236,19/11/2025 18:33,0.05
540236,19/11/2025 18:51,0.1
540236,19/11/2025 19:00,0.15
540236,19/11/2025 19:06,0.15
540236,19/11/2025 19:12,0.25
540236,19/11/2025 19:19,0.3
540236,19/11/2025 19:25,0.35
540236,19/11/2025 19:26,0.35
540236,19/11/2025 19:32,0.4
540236,19/11/2025 19:44,0.5
540236,19/11/2025 19:52,0.55
540236,19/11/2025 20:08,0.65
540236,19/11/2025 20:16,0.7
540236,19/11/2025 20:25,0.75
540236,19/11/2025 20:38,0.8
540236,19/11/2025 20:52,0.85
540236,19/11/2025 21:55,0.85
540236,19/11/2025 22:06,0.85
540236,19/11/2025 22:19,0.8
540236,19/11/2025 22:37,0.75
540236,19/11/2025 23:03,0.65
540236,19/11/2025 23:13,0.6
540236,19/11/2025 23:22,0.55
540236,19/11/2025 23:31,0.5
540236,19/11/2025 23:41,0.45
540236,19/11/2025 23:49,0.4
540236,19/11/2025 23:56,0.35
540236,20/11/2025 00:06,0.3
540236,20/11/2025 00:15,0.25
540236,20/11/2025 00:22,0.2
540236,20/11/2025 00:44,0.1
540236,20/11/2025 01:10,0.0
540236,20/11/2025 01:46,-0.1
540236,20/11/2025 02:00,-0.05
540236,20/11/2025 02:01,-0.05
540236,20/11/2025 02:02,-0.1
540236,20/11/2025 02:06,-0.05
540236,20/11/2025 02:07,-0.1
540236,20/11/2025 03:21,-0.1
540236,20/11/2025 04:06,-0.1
540236,20/11/2025 06:27,-0.05
540236,20/11/2025 06:57,0.15
540236,20/11/2025 07:06,0.2
540236,20/11/2025 07:11,0.3
540236,20/11/2025 07:15,0.35
540236,20/11/2025 07:35,0.55
540236,20/11/2025 07:39,0.6
540236,20/11/2025 07:44,0.65
540236,20/11/2025 08:00,0.8
540236,20/11/2025 08:06,0.85
540236,20/11/2025 08:18,0.95
540236,20/11/2025 08:26,1.0
540236,20/11/2025 08:43,1.1
540236,20/11/2025 08:51,1.15
540236,20/11/2025 09:13,1.25
540236,20/11/2025 09:30,1.3
540236,20/11/2025 09:53,1.35
540236,20/11/2025 10:06,1.35
540236,20/11/2025 10:55,1.3
540236,20/11/2025 11:11,1.25
540236,20/11/2025 11:20,1.2
540236,20/11/2025 11:30,1.15
540236,20/11/2025 11:42,1.1
540236,20/11/2025 11:48,1.05
540236,20/11/2025 11:56,1.0
540236,20/11/2025 12:03,0.95
540236,20/11/2025 12:04,0.95
540236,20/11/2025 12:17,0.85
540236,20/11/2025 12:18,0.85
540236,20/11/2025 12:21,1.6
540236,20/11/2025 12:21,0.8
540236,20/11/2025 12:31,0.75
540236,20/11/2025 12:40,0.7
540236,20/11/2025 12:48,0.65
540236,20/11/2025 12:54,0.6
540236,20/11/2025 13:00,0.55
540236,20/11/2025 13:06,0.55
540236,20/11/2025 13:18,0.45
540236,20/11/2025 13:23,0.4
540236,20/11/2025 13:34,0.35
540236,20/11/2025 13:39,0.3
540236,20/11/2025 13:51,0.25
540236,20/11/2025 13:57,0.2
540236,20/11/2025 14:04,0.15
540236,20/11/2025 14:06,0.2
540236,20/11/2025 14:11,0.15
540236,20/11/2025 14:20,0.1
540236,20/11/2025 14:31,0.05
540236,20/11/2025 14:42,0.0
540236,20/11/2025 14:53,-0.05
540236,20/11/2025 14:56,0.0
540236,20/11/2025 14:57,-0.05
540236,20/11/2025 15:11,-0.1
540236,20/11/2025 15:18,-0.05
540236,20/11/2025 15:22,-0.1
540236,20/11/2025 16:06,-0.1
540236,20/11/2025 18:53,-0.05
540236,20/11/2025 18:54,-0.1
540236,20/11/2025 18:58,-0.05
540236,20/11/2025 19:16,0.0
540236,20/11/2025 19:24,0.05
540236,20/11/2025 19:36,0.1
540236,20/11/2025 19:41,0.15
540236,20/11/2025 19:49,0.2
540236,20/11/2025 19:56,0.25
540236,20/11/2025 20:03,0.3
540236,20/11/2025 20:07,0.35
540236,20/11/2025 20:14,0.4
540236,20/11/2025 20:22,0.45
540236,20/11/2025 20:30,0.5
540236,20/11/2025 20:37,0.55
540236,20/11/2025 20:44,0.6
540236,20/11/2025 20:52,0.65
540236,20/11/2025 21:00,0.7
540236,20/11/2025 21:12,0.75
540236,20/11/2025 21:29,0.8
540236,20/11/2025 21:54,0.85
540236,20/11/2025 22:06,0.85
540236,20/11/2025 22:52,0.75
540236,20/11/2025 23:09,0.7
540236,20/11/2025 23:21,0.65
540236,20/11/2025 23:35,0.6
540236,20/11/2025 23:47,0.55
540236,20/11/2025 23:58,0.5
540236,21/11/2025 00:07,0.45
540236,21/11/2025 00:12,0.4
540236,21/11/2025 00:26,0.35
540236,21/11/2025 00:32,0.3
540236,21/11/2025 00:49,0.2
540236,21/11/2025 01:06,0.2
540236,21/11/2025 01:06,0.15
540236,21/11/2025 01:15,0.1
540236,21/11/2025 01:27,0.05
540236,21/11/2025 01:52,-0.05
540236,21/11/2025 02:11,-0.1
540236,21/11/2025 02:15,-0.1
540236,21/11/2025 02:19,-0.05
540236,21/11/2025 02:20,-0.05
540236,21/11/2025 02:42,-0.1
540236,21/11/2025 04:06,-0.1
540236,21/11/2025 06:55,-0.05
540236,21/11/2025 07:06,0.0
540236,21/11/2025 07:24,0.15
540236,21/11/2025 07:28,0.2
540236,21/11/2025 07:34,0.25
540236,21/11/2025 07:41,0.3
540236,21/11/2025 07:45,0.35
540236,21/11/2025 07:49,0.4
540236,21/11/2025 07:53,0.45
540236,21/11/2025 08:03,0.55
540236,21/11/2025 08:07,0.6
540236,21/11/2025 08:11,0.65
540236,21/11/2025 08:18,0.7
540236,21/11/2025 08:22,0.75
540236,21/11/2025 08:29,0.8
540236,21/11/2025 08:33,0.85
540236,21/11/2025 08:40,0.9
540236,21/11/2025 08:46,0.95
540236,21/11/2025 08:52,1.0
540236,21/11/2025 09:00,1.05
540236,21/11/2025 09:07,1.1
540236,21/11/2025 09:17,1.15
540236,21/11/2025 09:25,1.2
540236,21/11/2025 09:37,1.25
540236,21/11/2025 09:51,1.3
540236,21/11/2025 10:06,1.35
540236,21/11/2025 10:06,1.3
540236,21/11/2025 10:24,1.4
540236,21/11/2025 11:41,1.3
540236,21/11/2025 11:51,1.25
540236,21/11/2025 11:52,1.25
540236,21/11/2025 12:01,1.2
540236,21/11/2025 12:12,1.15
540236,21/11/2025 12:17,1.1
540236,21/11/2025 12:27,1.05
540236,21/11/2025 12:33,1.0
540236,21/11/2025 12:42,0.95
540236,21/11/2025 12:58,0.85
540236,21/11/2025 13:03,0.8
540236,21/11/2025 13:06,0.8
540236,21/11/2025 13:11,0.75
540236,21/11/2025 13:17,0.7
540236,21/11/2025 13:22,0.65
540236,21/11/2025 13:34,0.6
540236,21/11/2025 13:39,0.55
540236,21/11/2025 13:46,0.5
540236,21/11/2025 13:52,0.45
540236,21/11/2025 14:04,0.4
540236,21/11/2025 14:12,0.35
540236,21/11/2025 14:21,0.3
540236,21/11/2025 14:30,0.25
540236,21/11/2025 14:40,0.2
540236,21/11/2025 14:52,0.15
540236,21/11/2025 15:04,0.1
540236,21/11/2025 15:17,0.05
540236,21/11/2025 15:25,0.0
540236,21/11/2025 15:38,-0.05
540236,21/11/2025 16:06,-0.05
540236,21/11/2025 16:10,-0.1
540236,21/11/2025 16:13,-0.05
540236,21/11/2025 16:31,-0.1
540236,21/11/2025 16:39,-0.05
540236,21/11/2025 16:40,-0.1
540236,21/11/2025 19:06,-0.1
540236,21/11/2025 19:55,-0.05
540236,21/11/2025 20:06,0.0
540236,21/11/2025 20:15,0.05
540236,21/11/2025 20:21,0.1
540236,21/11/2025 20:30,0.15
540236,21/11/2025 20:37,0.2
540236,21/11/2025 20:44,0.25
540236,21/11/2025 20:51,0.3
540236,21/11/2025 20:56,0.35
540236,21/11/2025 21:02,0.4
540236,21/11/2025 21:09,0.45
540236,21/11/2025 21:16,0.5
540236,21/11/2025 21:23,0.55
540236,21/11/2025 21:35,0.6
540236,21/11/2025 21:56,0.7
540236,21/11/2025 22:06,0.7
540236,21/11/2025 22:13,0.75
540236,21/11/2025 23:15,0.7
540236,21/11/2025 23:47,0.6
540236,21/11/2025 23:58,0.55
540236,22/11/2025 00:09,0.5
540236,22/11/2025 00:20,0.45
540236,22/11/2025 00:31,0.4
540236,22/11/2025 00:42,0.35
540236,22/11/2025 00:52,0.3
540236,22/11/2025 01:03,0.25
540236,22/11/2025 01:06,0.25
540236,22/11/2025 01:13,0.2
540236,22/11/2025 01:25,0.15
540236,22/11/2025 01:46,0.05
540236,22/11/2025 01:57,0.0
540236,22/11/2025 02:09,-0.05
540236,22/11/2025 02:28,-0.1
540236,22/11/2025 02:31,-0.05
540236,22/11/2025 02:48,-0.1
540236,22/11/2025 04:06,-0.1
540236,22/11/2025 07:06,-0.1
540236,22/11/2025 07:24,-0.05
540236,22/11/2025 07:25,-0.05
540236,22/11/2025 07:26,-0.1
540236,22/11/2025 07:49,0.1
540236,22/11/2025 07:59,0.2
540236,22/11/2025 08:04,0.25
540236,22/11/2025 08:09,0.3
540236,22/11/2025 08:14,0.35
540236,22/11/2025 08:24,0.45
540236,22/11/2025 08:28,0.5
540236,22/11/2025 08:34,0.55
540236,22/11/2025 08:44,0.65
540236,22/11/2025 08:49,0.7
540236,22/11/2025 08:54,0.75
540236,22/11/2025 09:00,0.8
540236,22/11/2025 09:04,0.85
540236,22/11/2025 09:10,0.9
540236,22/11/2025 09:16,0.95
540236,22/11/2025 09:23,1.0
540236,22/11/2025 09:30,1.05
540236,22/11/2025 09:39,1.1
540236,22/11/2025 09:40,1.1
540236,22/11/2025 09:47,1.15
540236,22/11/2025 10:00,1.2
540236,22/11/2025 10:12,1.25
540236,22/11/2025 10:26,1.3
540236,22/11/2025 11:05,1.4
540236,22/11/2025 11:56,1.35
540236,22/11/2025 12:13,1.3
540236,22/11/2025 12:21,1.25
540236,22/11/2025 12:32,1.2
540236,22/11/2025 12:41,1.15
540236,22/11/2025 12:56,1.05
540236,22/11/2025 13:05,1.0
540236,22/11/2025 13:12,0.95
540236,22/11/2025 13:20,0.9
540236,22/11/2025 13:25,0.85
540236,22/11/2025 13:35,0.8
540236,22/11/2025 13:42,0.75
540236,22/11/2025 13:50,0.7
540236,22/11/2025 13:57,0.65
540236,22/11/2025 14:05,0.6
540236,22/11/2025 14:13,0.55
540236,22/11/2025 14:21,0.5
540236,22/11/2025 14:26,0.45
540236,22/11/2025 14:37,0.35
540236,22/11/2025 14:39,0.4
540236,22/11/2025 14:41,0.35
540236,22/11/2025 15:10,0.2
540236,22/11/2025 15:30,0.1
540236,22/11/2025 15:38,0.05
540236,22/11/2025 15:41,0.1
540236,22/11/2025 15:43,0.05
540236,22/11/2025 15:52,0.0
540236,22/11/2025 16:06,0.0
540236,22/11/2025 16:13,-0.05
540236,22/11/2025 16:31,-0.1
540236,22/11/2025 16:32,-0.1
540236,22/11/2025 19:06,-0.1
540236,22/11/2025 20:27,-0.05
540236,22/11/2025 20:36,0.0
540236,22/11/2025 20:37,0.0
540236,22/11/2025 20:45,0.05
540236,22/11/2025 20:51,0.1
540236,22/11/2025 20:52,0.1
540236,22/11/2025 21:01,0.15
540236,22/11/2025 21:02,0.15
540236,22/11/2025 21:08,0.2
540236,22/11/2025 21:24,0.3
540236,22/11/2025 21:30,0.35
540236,22/11/2025 21:38,0.4
540236,22/11/2025 21:45,0.45
540236,22/11/2025 21:55,0.5
540236,22/11/2025 22:06,0.5
540236,22/11/2025 22:23,0.65
540236,22/11/2025 22:24,0.65
540236,22/11/2025 22:38,0.65
540236,22/11/2025 22:40,0.7
540236,22/11/2025 22:57,0.75
540236,23/11/2025 00:02,0.65
540236,23/11/2025 00:18,0.6
540236,23/11/2025 00:30,0.55
540236,23/11/2025 00:46,0.5
540236,23/11/2025 00:55,0.45
540236,23/11/2025 01:06,0.45
540236,23/11/2025 01:08,0.4
540236,23/11/2025 01:30,0.3
540236,23/11/2025 01:36,0.25
540236,23/11/2025 01:59,0.15
540236,23/11/2025 02:10,0.1
540236,23/11/2025 02:21,0.05
540236,23/11/2025 02:32,0.0
540236,23/11/2025 02:41,-0.05
540236,23/11/2025 03:06,-0.1
540236,23/11/2025 04:06,-0.1
540236,23/11/2025 07:06,-0.1
540236,23/11/2025 07:28,-0.1
540236,23/11/2025 07:31,-0.05
540236,23/11/2025 07:33,-0.1
540236,23/11/2025 07:36,-0.05
540236,23/11/2025 07:48,0.0
540236,23/11/2025 07:56,0.05
540236,23/11/2025 08:03,0.1
540236,23/11/2025 08:15,0.2
540236,23/11/2025 08:27,0.3
540236,23/11/2025 08:32,0.35
540236,23/11/2025 08:38,0.4
540236,23/11/2025 08:39,0.4
540236,23/11/2025 08:45,0.45
540236,23/11/2025 08:52,0.5
540236,23/11/2025 08:56,0.55
540236,23/11/2025 09:04,0.65
540236,23/11/2025 09:09,0.7
540236,23/11/2025 09:13,0.75
540236,23/11/2025 09:20,0.8
540236,23/11/2025 09:28,0.85
540236,23/11/2025 09:42,0.95
540236,23/11/2025 09:50,1.0
540236,23/11/2025 10:03,1.1
540236,23/11/2025 10:06,1.1
540236,23/11/2025 10:22,1.2
540236,23/11/2025 10:36,1.25
540236,23/11/2025 10:39,1.2
540236,23/11/2025 10:41,1.25
540236,23/11/2025 10:57,1.3
540236,23/11/2025 12:34,1.35
540236,23/11/2025 12:54,1.3
540236,23/11/2025 13:06,1.3
540236,23/11/2025 13:25,1.2
540236,23/11/2025 13:33,1.15
540236,23/11/2025 13:53,1.05
540236,23/11/2025 14:01,1.0
540236,23/11/2025 14:13,0.9
540236,23/11/2025 14:16,0.85
540236,23/11/2025 14:20,0.9
540236,23/11/2025 14:21,0.85
540236,23/11/2025 14:21,1.05
540236,23/11/2025 14:31,0.8
540236,23/11/2025 14:38,0.75
540236,23/11/2025 14:44,0.7
540236,23/11/2025 15:02,0.6
540236,23/11/2025 15:09,0.55
540236,23/11/2025 15:16,0.5
540236,23/11/2025 15:20,0.45
540236,23/11/2025 15:22,0.5
540236,23/11/2025 15:24,0.45
540236,23/11/2025 15:33,0.4
540236,23/11/2025 15:35,0.35
540236,23/11/2025 15:37,0.4
540236,23/11/2025 15:40,0.35
540236,23/11/2025 15:48,0.3
540236,23/11/2025 15:58,0.25
540236,23/11/2025 16:05,0.2
540236,23/11/2025 16:08,0.25
540236,23/11/2025 16:10,0.2
540236,23/11/2025 16:22,0.15
540236,23/11/2025 16:33,0.1
540236,23/11/2025 16:57,0.0
540236,23/11/2025 17:21,-0.05
540236,23/11/2025 17:38,-0.1
540236,23/11/2025 19:06,-0.1
540236,23/11/2025 20:26,-0.05
540236,23/11/2025 20:37,0.0
540236,23/11/2025 20:46,0.05
540236,23/11/2025 20:55,0.1
540236,23/11/2025 21:05,0.15
540236,23/11/2025 21:22,0.25
540236,23/11/2025 21:30,0.3
540236,23/11/2025 21:37,0.35
540236,23/11/2025 21:45,0.4
540236,23/11/2025 21:55,0.45
540236,23/11/2025 22:05,0.5
540236,23/11/2025 22:06,0.5
540236,23/11/2025 22:16,0.55
540236,23/11/2025 22:27,0.6
540236,23/11/2025 22:41,0.65
540236,23/11/2025 22:51,0.6
540236,23/11/2025 22:53,0.65
540236,23/11/2025 22:58,0.7
540236,23/11/2025 23:00,0.65
540236,23/11/2025 23:14,0.65
540236,23/11/2025 23:16,0.7
540236,23/11/2025 23:27,0.75
540236,23/11/2025 23:28,0.7
540236,23/11/2025 23:31,0.75
540236,23/11/2025 23:37,0.75
540236,23/11/2025 23:55,0.7
540236,24/11/2025 00:12,0.7
540236,24/11/2025 00:15,0.75
540236,24/11/2025 00:16,0.7
540236,24/11/2025 00:20,0.75
540236,24/11/2025 00:20,1.15
540236,24/11/2025 00:22,0.7
540236,24/11/2025 00:34,0.65
540236,24/11/2025 00:36,0.7
540236,24/11/2025 00:41,0.65
540236,24/11/2025 00:55,0.65
540236,24/11/2025 00:57,0.6
540236,24/11/2025 01:00,0.65
540236,24/11/2025 01:01,0.6
540236,24/11/2025 01:06,0.6
540236,24/11/2025 01:15,0.55
540236,24/11/2025 01:29,0.5
540236,24/11/2025 01:37,0.45
540236,24/11/2025 01:41,0.45
540236,24/11/2025 01:48,0.4
540236,24/11/2025 01:56,0.35
540236,24/11/2025 01:59,0.4
540236,24/11/2025 02:00,0.35
540236,24/11/2025 02:01,0.35
540236,24/11/2025 02:08,0.3
540236,24/11/2025 02:21,0.25
540236,24/11/2025 02:31,0.2
540236,24/11/2025 02:37,0.15
540236,24/11/2025 02:41,0.2
540236,24/11/2025 02:43,0.15
540236,24/11/2025 02:51,0.1
540236,24/11/2025 02:54,0.15
540236,24/11/2025 02:55,0.1
540236,24/11/2025 03:08,0.05
540236,24/11/2025 03:32,-0.05
540236,24/11/2025 03:50,-0.1
540236,24/11/2025 04:06,-0.1
540236,24/11/2025 07:06,-0.1
540236,24/11/2025 08:09,-0.05
540236,24/11/2025 08:18,0.0
540236,24/11/2025 08:25,0.05
540236,24/11/2025 08:32,0.1
540236,24/11/2025 08:39,0.15
540236,24/11/2025 08:46,0.2
540236,24/11/2025 08:51,0.25
540236,24/11/2025 08:57,0.3
540236,24/11/2025 09:01,0.35
540236,24/11/2025 09:07,0.4
540236,24/11/2025 09:12,0.45
540236,24/11/2025 09:17,0.5
540236,24/11/2025 09:24,0.55
540236,24/11/2025 09:28,0.6
540236,24/11/2025 09:38,0.7
540236,24/11/2025 09:45,0.75
540236,24/11/2025 09:52,0.8
540236,24/11/2025 09:56,0.85
540236,24/11/2025 10:03,0.9
540236,24/11/2025 10:06,0.9
540236,24/11/2025 10:10,0.95
540236,24/11/2025 10:18,1.0
540236,24/11/2025 10:25,1.05
540236,24/11/2025 10:33,1.1
540236,24/11/2025 10:43,1.15
540236,24/11/2025 10:53,1.2
540236,24/11/2025 11:07,1.25
540236,24/11/2025 11:20,1.3
540236,24/11/2025 11:35,1.35
540236,24/11/2025 12:01,1.4
540236,24/11/2025 12:25,1.45
540236,24/11/2025 12:54,1.4
540236,24/11/2025 13:06,1.4
540236,24/11/2025 14:00,1.2
540236,24/11/2025 14:09,1.15
540236,24/11/2025 14:35,1.0
540236,24/11/2025 14:53,0.9
540236,24/11/2025 15:15,0.75
540236,24/11/2025 15:22,0.7
540236,24/11/2025 15:50,0.5
540236,24/11/2025 16:01,0.45
540236,24/11/2025 16:06,0.45
540236,24/11/2025 16:09,0.4
540236,24/11/2025 16:20,0.35
540236,24/11/2025 16:31,0.3
540236,24/11/2025 16:48,0.6
540236,24/11/2025 16:48,0.2
540236,24/11/2025 17:15,0.1
540236,24/11/2025 17:27,0.05
540236,24/11/2025 17:38,0.0
540236,24/11/2025 17:57,-0.05
540236,24/11/2025 18:22,-0.1
540236,24/11/2025 19:06,-0.1
540236,24/11/2025 19:50,0.1
540236,24/11/2025 21:25,-0.05
540236,24/11/2025 21:32,0.0
540236,24/11/2025 21:38,0.05
540236,24/11/2025 21:44,0.1
540236,24/11/2025 21:52,0.15
540236,24/11/2025 21:58,0.2
540236,24/11/2025 22:06,0.2
540236,24/11/2025 22:07,0.25
540236,24/11/2025 22:15,0.3
540236,24/11/2025 22:25,0.35
540236,24/11/2025 22:36,0.4
540236,24/11/2025 22:51,0.45
540236,24/11/2025 23:03,0.5
540236,24/11/2025 23:21,0.55
540236,24/11/2025 23:51,0.6
540236,25/11/2025 00:28,0.65
540236,25/11/2025 00:50,0.6
540236,25/11/2025 01:00,0.55
540236,25/11/2025 01:06,0.55
540236,25/11/2025 01:18,0.5
540236,25/11/2025 01:29,0.45
540236,25/11/2025 01:42,0.4
540236,25/11/2025 02:21,0.3
540236,25/11/2025 03:02,0.2
540236,25/11/2025 03:13,0.15
540236,25/11/2025 03:23,0.1
540236,25/11/2025 03:34,0.05
540236,25/11/2025 04:01,-0.05
540236,25/11/2025 04:06,-0.05
540236,25/11/2025 04:16,-0.1
540236,25/11/2025 07:06,-0.1
540236,25/11/2025 08:39,-0.05
540236,25/11/2025 08:45,0.0
540236,25/11/2025 08:51,0.05
540236,25/11/2025 08:59,0.1
540236,25/11/2025 09:06,0.15
540236,25/11/2025 09:13,0.2
540236,25/11/2025 09:18,0.25
540236,25/11/2025 09:24,0.3
540236,25/11/2025 09:30,0.35
540236,25/11/2025 09:36,0.4
540236,25/11/2025 09:42,0.45
540236,25/11/2025 09:48,0.5
540236,25/11/2025 09:54,0.55
540236,25/11/2025 10:13,0.7
540236,25/11/2025 10:19,0.75
540236,25/11/2025 10:27,0.8
540236,25/11/2025 10:34,0.85
540236,25/11/2025 10:41,0.9
540236,25/11/2025 10:58,1.0
540236,25/11/2025 11:06,1.05
