Site, SiteNumber, Seconds, DateTime, Latitude, Longitude, Hsig, Hmax, Tp, Tz, SST, Direction, Current Speed, Current Direction
Bilinga,4224,1760450400,2025-10-15 00:00:00,-28.14275,153.5136,0.91,1.42,9.09,4.85,20.85,77.28,0.06,88.97
Bilinga,4224,1760452200,2025-10-15 00:30:00,-28.14274,153.51362,0.85,1.57,12.5,4.71,20.81,89.59,0.05,59.25
Bilinga,4224,1760454000,2025-10-15 01:00:00,-28.14274,153.51362,0.84,1.42,9.52,4.71,20.77,73.42,0.09,85.98
Bilinga,4224,1760455800,2025-10-15 01:30:00,-28.14274,153.51362,0.89,1.33,10.0,4.77,20.77,84.58,0.09,110.15
Bilinga,4224,1760457600,2025-10-15 02:00:00,-28.14274,153.51362,0.89,1.52,8.7,4.87,20.72,74.29,0.07,87.65
Bilinga,4224,1760459400,2025-10-15 02:30:00,-28.14274,153.51362,0.84,1.48,4.88,4.8,20.72,69.99,0.07,108.75
Bilinga,4224,1760461200,2025-10-15 03:00:00,-28.14274,153.51362,0.94,1.44,10.53,5.21,20.85,90.56,0.1,98.73
Bilinga,4224,1760463000,2025-10-15 03:30:00,-28.14274,153.51362,0.91,1.59,9.09,5.06,20.9,76.32,0.1,124.57
Bilinga,4224,1760464800,2025-10-15 04:00:00,-28.14271,153.51362,0.87,1.29,11.11,4.94,20.99,88.36,0.07,111.74
Bilinga,4224,1760466600,2025-10-15 04:30:00,-28.14268,153.51365,0.91,1.77,9.09,5.13,20.99,73.42,0.06,114.29
Bilinga,4224,1760468400,2025-10-15 05:00:00,-28.14268,153.51367,0.86,1.66,9.09,5.04,20.99,77.2,0.09,101.8
Bilinga,4224,1760470200,2025-10-15 05:30:00,-28.14266,153.51367,0.9,1.38,10.0,5.26,20.94,88.27,0.06,117.1
Bilinga,4224,1760472000,2025-10-15 06:00:00,-28.14266,153.51375,0.89,1.31,10.0,5.14,20.9,86.6,0.04,63.38
Bilinga,4224,1760473800,2025-10-15 06:30:00,-28.14265,153.51371,0.89,1.34,8.7,5.32,20.9,72.1,0.05,326.68
Bilinga,4224,1760475600,2025-10-15 07:00:00,-28.14266,153.51371,0.87,1.87,12.5,5.25,20.9,85.9,0.02,66.02
Bilinga,4224,1760477400,2025-10-15 07:30:00,-28.14268,153.51371,0.85,1.53,9.52,5.11,20.9,80.8,0.04,108.04
Bilinga,4224,1760479200,2025-10-15 08:00:00,-28.14266,153.51371,0.9,1.38,9.09,5.27,21.08,72.71,0.05,172.92
Bilinga,4224,1760481000,2025-10-15 08:30:00,-28.14266,153.51369,0.86,1.28,9.09,5.21,20.99,71.22,0.03,154.2
Bilinga,4224,1760482800,2025-10-15 09:00:00,-28.14271,153.51367,0.83,1.56,8.0,5.1,21.08,74.29,0.04,173.71
Bilinga,4224,1760484600,2025-10-15 09:30:00,-28.14271,153.51367,0.84,1.21,8.7,4.91,21.16,75.35,0.02,87.74
Bilinga,4224,1760486400,2025-10-15 10:00:00,-28.14274,153.51362,0.82,1.52,9.09,4.71,21.52,75.09,0.04,131.52
Bilinga,4224,1760488200,2025-10-15 10:30:00,-28.14275,153.51356,0.82,1.23,9.09,4.43,21.47,73.42,0.03,137.41
Bilinga,4224,1760490000,2025-10-15 11:00:00,-28.14278,153.51356,0.82,1.54,8.7,4.32,21.38,71.83,0.06,116.13
Bilinga,4224,1760491800,2025-10-15 11:30:00,-28.14278,153.51354,0.81,1.24,11.76,4.08,21.34,89.5,0.06,115.96
Bilinga,4224,1760493600,2025-10-15 12:00:00,-28.14281,153.51347,0.85,1.46,9.52,4.03,21.34,81.77,0.07,200.62
Bilinga,4224,1760495400,2025-10-15 12:30:00,-28.14281,153.51345,0.87,1.49,9.52,4.07,21.38,80.62,0.11,172.57
Bilinga,4224,1760497200,2025-10-15 13:00:00,-28.14281,153.51347,0.85,1.42,8.0,3.96,21.21,79.13,0.11,162.29
Bilinga,4224,1760499000,2025-10-15 13:30:00,-28.14281,153.5135,0.83,1.53,8.0,3.81,21.3,78.87,0.15,161.41
Bilinga,4224,1760500800,2025-10-15 14:00:00,-28.14281,153.51354,0.81,1.34,8.33,3.83,21.34,69.72,0.14,161.23
Bilinga,4224,1760502600,2025-10-15 14:30:00,-28.1428,153.5136,0.8,1.29,8.7,3.88,21.16,75.79,0.12,135.91
Bilinga,4224,1760504400,2025-10-15 15:00:00,-28.14278,153.51362,0.81,1.38,8.0,3.81,21.12,81.59,0.13,151.65
Bilinga,4224,1760506200,2025-10-15 15:30:00,-28.14277,153.51365,0.81,1.43,9.52,3.85,21.08,86.43,0.15,131.6
Bilinga,4224,1760508000,2025-10-15 16:00:00,-28.14277,153.51365,0.86,1.55,9.52,3.96,21.03,85.2,0.13,118.15
Bilinga,4224,1760509800,2025-10-15 16:30:00,-28.14277,153.51369,0.81,1.24,10.0,3.86,21.03,87.04,0.13,106.9
Bilinga,4224,1760511600,2025-10-15 17:00:00,-28.14274,153.51369,0.79,1.38,9.52,3.9,20.99,79.75,0.13,112.09
Bilinga,4224,1760513400,2025-10-15 17:30:00,-28.1427,153.51371,0.82,1.47,9.09,3.87,20.99,76.93,0.13,96.97
Bilinga,4224,1760515200,2025-10-15 18:00:00,-28.1427,153.51371,0.83,1.45,9.52,3.92,21.03,79.31,0.13,105.76
Bilinga,4224,1760517000,2025-10-15 18:30:00,-28.1427,153.51367,0.84,1.32,4.65,3.93,20.99,86.6,0.1,107.6
Bilinga,4224,1760518800,2025-10-15 19:00:00,-28.1426,153.51375,0.85,1.9,4.17,3.96,21.16,81.77,0.1,106.9
Bilinga,4224,1760520600,2025-10-15 19:30:00,-28.14259,153.51377,0.85,1.45,9.52,4.03,21.21,72.98,0.05,122.55
Bilinga,4224,1760522400,2025-10-15 20:00:00,-28.14265,153.51369,0.85,1.44,9.09,4.08,21.21,75.0,0.04,103.3
Bilinga,4224,1760524200,2025-10-15 20:30:00,-28.14265,153.51371,0.86,1.4,9.52,4.16,21.21,76.84,0.03,114.81
Bilinga,4224,1760526000,2025-10-15 21:00:00,-28.14263,153.51371,0.93,1.56,9.52,4.25,21.21,75.79,0.05,103.74
Bilinga,4224,1760527800,2025-10-15 21:30:00,-28.14265,153.51371,0.92,1.58,5.0,4.23,21.16,78.34,0.05,78.59
Bilinga,4224,1760529600,2025-10-15 22:00:00,-28.14265,153.51371,0.99,1.75,4.65,4.3,21.12,77.28,0.05,123.96
Bilinga,4224,1760531400,2025-10-15 22:30:00,-28.14266,153.51371,0.9,1.58,5.0,4.12,21.12,81.42,0.05,120.97
Bilinga,4224,1760533200,2025-10-15 23:00:00,-28.14268,153.51365,0.89,1.51,5.0,4.24,21.12,69.2,0.05,89.85
Bilinga,4224,1760535000,2025-10-15 23:30:00,-28.1427,153.5136,0.87,1.37,4.76,4.2,21.12,72.27,0.05,51.87
Bilinga,4224,1760536800,2025-10-16 00:00:00,-28.1427,153.51356,0.85,1.52,4.76,4.14,21.12,73.77,0.05,94.59
Bilinga,4224,1760538600,2025-10-16 00:30:00,-28.1427,153.51354,0.79,1.23,4.55,4.05,21.08,76.32,0.01,241.49
Bilinga,4224,1760540400,2025-10-16 01:00:00,-28.1427,153.51352,0.78,1.55,9.52,4.07,21.08,71.66,0.07,153.32
Bilinga,4224,1760542200,2025-10-16 01:30:00,-28.14271,153.51345,0.82,1.64,4.65,4.19,21.03,75.26,0.02,141.36
Bilinga,4224,1760544000,2025-10-16 02:00:00,-28.1427,153.51341,0.85,1.26,4.44,4.19,21.03,67.35,0.01,35.25
Bilinga,4224,1760545800,2025-10-16 02:30:00,-28.14271,153.51337,0.79,1.23,4.65,4.0,21.03,63.83,0.03,162.73
Bilinga,4224,1760547600,2025-10-16 03:00:00,-28.14271,153.51334,0.82,1.37,5.0,4.1,21.03,66.38,0.02,245.36
Bilinga,4224,1760549400,2025-10-16 03:30:00,-28.1427,153.51328,0.82,1.15,4.65,4.13,20.99,67.7,0.02,168.97
Bilinga,4224,1760551200,2025-10-16 04:00:00,-28.1427,153.51326,0.79,1.36,5.0,4.15,20.99,65.5,0.01,124.48
Bilinga,4224,1760553000,2025-10-16 04:30:00,-28.1427,153.51326,0.81,1.61,4.76,4.2,20.99,65.06,0.04,151.03
Bilinga,4224,1760554800,2025-10-16 05:00:00,-28.14268,153.51324,0.81,1.31,5.0,4.18,20.94,65.33,0.0,19.96
Bilinga,4224,1760556600,2025-10-16 05:30:00,-28.14268,153.51326,0.81,1.47,4.76,4.25,20.9,61.64,0.04,305.23
Bilinga,4224,1760558400,2025-10-16 06:00:00,-28.14271,153.51326,0.8,1.58,4.76,4.23,20.9,69.72,0.04,7.82
Bilinga,4224,1760560200,2025-10-16 06:30:00,-28.1427,153.51326,0.79,1.49,5.0,4.23,20.94,73.42,0.01,134.07
Bilinga,4224,1760562000,2025-10-16 07:00:00,-28.14271,153.51328,0.75,1.27,4.88,4.12,20.94,67.79,0.01,216.26
Bilinga,4224,1760563800,2025-10-16 07:30:00,-28.14271,153.51328,0.82,1.36,4.76,4.3,20.99,74.82,0.03,96.88
Bilinga,4224,1760565600,2025-10-16 08:00:00,-28.14274,153.51326,0.81,1.21,5.88,4.25,20.99,68.05,0.03,165.1
Bilinga,4224,1760567400,2025-10-16 08:30:00,-28.14274,153.51326,0.8,1.29,5.26,4.28,21.03,74.03,0.03,73.67
Bilinga,4224,1760569200,2025-10-16 09:00:00,-28.14275,153.51326,0.8,1.52,5.41,4.35,21.12,71.31,0.07,141.27
Bilinga,4224,1760571000,2025-10-16 09:30:00,-28.14275,153.51328,0.81,1.33,5.13,4.42,21.25,79.48,0.06,161.58
Bilinga,4224,1760572800,2025-10-16 10:00:00,-28.14275,153.5133,0.83,1.33,5.71,4.41,21.38,69.2,0.05,98.81
Bilinga,4224,1760574600,2025-10-16 10:30:00,-28.14277,153.51332,0.87,1.49,5.56,4.52,21.56,70.69,0.06,97.41
Bilinga,4224,1760576400,2025-10-16 11:00:00,-28.14277,153.51334,0.83,1.29,5.26,4.46,21.52,73.15,0.08,97.85
Bilinga,4224,1760578200,2025-10-16 11:30:00,-28.14277,153.51337,0.9,1.43,5.41,4.52,21.83,76.76,0.05,117.54
Bilinga,4224,1760580000,2025-10-16 12:00:00,-28.14278,153.51334,0.84,1.28,5.26,4.48,21.87,81.06,0.06,117.54
Bilinga,4224,1760581800,2025-10-16 12:30:00,-28.14278,153.51339,0.85,1.34,5.41,4.49,21.96,76.93,0.08,135.65
Bilinga,4224,1760583600,2025-10-16 13:00:00,-28.14278,153.51339,0.86,1.17,5.71,4.54,22.01,68.84,0.07,88.88
Bilinga,4224,1760585400,2025-10-16 13:30:00,-28.1428,153.51341,0.79,1.37,6.25,4.45,22.01,61.46,0.11,105.67
Bilinga,4224,1760587200,2025-10-16 14:00:00,-28.1428,153.51339,0.8,1.51,5.71,4.29,21.96,76.67,0.08,134.86
Bilinga,4224,1760589000,2025-10-16 14:30:00,-28.14281,153.51339,0.8,1.47,5.41,4.26,21.92,73.86,0.12,141.8
Bilinga,4224,1760590800,2025-10-16 15:00:00,-28.14281,153.51343,0.83,1.41,5.26,4.28,21.78,77.46,0.12,112.26
Bilinga,4224,1760592600,2025-10-16 15:30:00,-28.14278,153.51345,0.82,1.49,5.71,4.17,21.92,69.64,0.12,112.26
Bilinga,4224,1760594400,2025-10-16 16:00:00,-28.1428,153.5135,0.83,1.33,5.71,4.2,21.83,75.0,0.11,107.08
Bilinga,4224,1760596200,2025-10-16 16:30:00,-28.14278,153.51354,0.8,1.33,5.0,4.12,21.78,74.21,0.12,100.57
Bilinga,4224,1760598000,2025-10-16 17:00:00,-28.14277,153.51356,0.79,1.3,5.41,4.15,21.74,75.17,0.07,113.23
Bilinga,4224,1760599800,2025-10-16 17:30:00,-28.14275,153.51358,0.8,1.46,5.56,4.06,21.69,67.96,0.08,87.03
Bilinga,4224,1760601600,2025-10-16 18:00:00,-28.14275,153.51358,0.79,1.24,5.71,4.07,21.69,72.1,0.08,97.14
Bilinga,4224,1760603400,2025-10-16 18:30:00,-28.14274,153.5136,0.8,1.3,5.71,4.18,21.69,68.4,0.08,104.18
Bilinga,4224,1760605200,2025-10-16 19:00:00,-28.14275,153.5136,0.79,1.34,5.56,4.2,21.61,69.2,0.09,99.96
Bilinga,4224,1760607000,2025-10-16 19:30:00,-28.14275,153.51362,0.81,1.46,5.71,4.23,21.61,69.9,0.09,94.59
Bilinga,4224,1760608800,2025-10-16 20:00:00,-28.14275,153.51362,0.84,1.32,5.56,4.27,21.61,71.39,0.08,124.04
Bilinga,4224,1760610600,2025-10-16 20:30:00,-28.14274,153.51362,0.83,1.54,5.41,4.31,21.61,70.87,0.11,88.26
Bilinga,4224,1760612400,2025-10-16 21:00:00,-28.14275,153.5136,0.83,1.34,6.25,4.39,21.61,59.7,0.1,81.58
Bilinga,4224,1760614200,2025-10-16 21:30:00,-28.14275,153.5136,0.75,1.22,5.88,4.13,21.56,67.61,0.05,83.87
Bilinga,4224,1760616000,2025-10-16 22:00:00,-28.14275,153.51362,0.77,1.27,6.06,4.16,21.56,69.37,0.08,88.0
Bilinga,4224,1760617800,2025-10-16 22:30:00,-28.14277,153.51362,0.75,1.51,6.25,4.16,21.56,62.07,0.07,80.0
Bilinga,4224,1760619600,2025-10-16 23:00:00,-28.14275,153.51362,0.75,1.24,6.06,4.27,21.47,62.43,0.08,51.78
Bilinga,4224,1760621400,2025-10-16 23:30:00,-28.14275,153.51365,0.76,1.21,6.45,4.47,21.47,57.33,0.09,84.66
Bilinga,4224,1760623200,2025-10-17 00:00:00,-28.14274,153.51362,0.77,1.37,5.88,4.64,21.43,61.64,0.07,49.41
Bilinga,4224,1760625000,2025-10-17 00:30:00,-28.14271,153.51367,0.82,1.57,6.06,4.88,21.38,59.26,0.06,92.66
Bilinga,4224,1760626800,2025-10-17 01:00:00,-28.1427,153.51362,0.76,1.31,6.06,4.89,21.61,66.73,0.05,343.82
Bilinga,4224,1760628600,2025-10-17 01:30:00,-28.14271,153.51362,0.81,1.17,6.06,4.95,21.65,60.14,0.07,349.71
Bilinga,4224,1760630400,2025-10-17 02:00:00,-28.1427,153.51362,0.8,1.38,5.71,5.03,21.65,67.61,0.04,12.57
Bilinga,4224,1760632200,2025-10-17 02:30:00,-28.14271,153.5136,0.8,1.36,6.25,4.94,21.61,63.75,0.04,58.2
Bilinga,4224,1760634000,2025-10-17 03:00:00,-28.14274,153.51358,0.81,1.53,6.45,4.95,21.61,62.87,0.03,293.89
Bilinga,4224,1760635800,2025-10-17 03:30:00,-28.14271,153.51362,0.84,1.56,6.06,4.99,21.52,62.07,0.08,307.96
Bilinga,4224,1760637600,2025-10-17 04:00:00,-28.14271,153.51358,0.9,1.58,6.25,5.17,21.52,67.7,0.12,344.35
Bilinga,4224,1760639400,2025-10-17 04:30:00,-28.14271,153.51362,0.88,1.56,6.45,5.18,21.47,59.88,0.13,312.88
Bilinga,4224,1760641200,2025-10-17 05:00:00,-28.14271,153.5136,0.89,1.43,6.45,5.22,21.47,57.68,0.06,345.41
Bilinga,4224,1760643000,2025-10-17 05:30:00,-28.14271,153.51362,0.87,1.41,6.67,5.23,21.47,62.51,0.11,335.38
Bilinga,4224,1760644800,2025-10-17 06:00:00,-28.14271,153.51362,0.83,1.41,6.25,5.21,21.47,61.28,0.05,332.04
Bilinga,4224,1760646600,2025-10-17 06:30:00,-28.14271,153.51362,0.88,1.42,6.9,5.22,21.47,62.95,0.05,304.79
Bilinga,4224,1760648400,2025-10-17 07:00:00,-28.14274,153.51362,0.85,1.33,6.06,5.27,21.47,58.47,0.06,318.24
Bilinga,4224,1760650200,2025-10-17 07:30:00,-28.14274,153.51365,0.92,1.62,6.45,5.05,21.47,64.01,0.02,325.63
Bilinga,4224,1760652000,2025-10-17 08:00:00,-28.14275,153.51365,0.86,1.36,6.67,4.71,21.47,67.7,0.03,354.11
Bilinga,4224,1760653800,2025-10-17 08:30:00,-28.14275,153.51362,0.84,1.38,6.67,4.72,21.56,66.56,0.07,119.21
Bilinga,4224,1760655600,2025-10-17 09:00:00,-28.14277,153.51362,0.84,1.48,6.45,4.46,21.61,76.4,0.02,138.37
Bilinga,4224,1760657400,2025-10-17 09:30:00,-28.14278,153.51358,0.84,1.33,6.25,4.35,21.61,69.28,0.05,117.71
Bilinga,4224,1760659200,2025-10-17 10:00:00,-28.14278,153.5136,0.86,1.31,6.9,4.15,21.65,67.26,0.1,117.71
Bilinga,4224,1760661000,2025-10-17 10:30:00,-28.1428,153.51356,0.84,1.25,6.67,4.04,21.69,62.87,0.07,127.38
Bilinga,4224,1760662800,2025-10-17 11:00:00,-28.1428,153.51356,0.91,1.67,6.45,4.03,21.61,69.28,0.13,136.0
Bilinga,4224,1760664600,2025-10-17 11:30:00,-28.14281,153.51356,0.85,1.32,6.45,3.74,21.56,65.85,0.16,142.77
Bilinga,4224,1760666400,2025-10-17 12:00:00,-28.14283,153.51354,0.93,1.48,6.67,3.91,21.52,66.73,0.17,143.65
Bilinga,4224,1760668200,2025-10-17 12:30:00,-28.14283,153.51356,0.92,1.6,6.45,3.82,21.56,66.47,0.17,145.14
Bilinga,4224,1760670000,2025-10-17 13:00:00,-28.1428,153.5136,0.86,1.45,6.67,3.61,21.52,67.79,0.14,134.86
Bilinga,4224,1760671800,2025-10-17 13:30:00,-28.1428,153.5136,0.93,1.45,5.88,3.69,21.47,73.33,0.19,132.22
Bilinga,4224,1760673600,2025-10-17 14:00:00,-28.1428,153.51362,0.97,2.05,6.67,3.84,21.47,62.78,0.18,136.35
Bilinga,4224,1760675400,2025-10-17 14:30:00,-28.1428,153.51365,1.01,1.96,6.45,3.8,21.47,66.21,0.11,127.21
Bilinga,4224,1760677200,2025-10-17 15:00:00,-28.14278,153.51367,1.03,1.55,6.25,3.75,21.47,66.91,0.15,115.96
Bilinga,4224,1760679000,2025-10-17 15:30:00,-28.14278,153.51369,1.11,2.12,6.25,3.91,21.56,65.33,0.21,131.34
Bilinga,4224,1760680800,2025-10-17 16:00:00,-28.14277,153.51371,1.11,1.8,6.45,3.86,21.56,63.75,0.2,132.4
Bilinga,4224,1760682600,2025-10-17 16:30:00,-28.14275,153.51371,1.13,1.83,6.45,3.83,21.47,75.44,0.17,126.07
Bilinga,4224,1760684400,2025-10-17 17:00:00,-28.14275,153.51373,1.21,1.99,6.9,3.88,21.43,67.7,0.18,129.05
Bilinga,4224,1760686200,2025-10-17 17:30:00,-28.14274,153.51373,1.12,1.74,6.9,3.85,21.38,63.13,0.22,125.63
Bilinga,4224,1760688000,2025-10-17 18:00:00,-28.14274,153.51373,1.09,1.94,6.25,3.93,21.34,79.04,0.21,117.1
Bilinga,4224,1760689800,2025-10-17 18:30:00,-28.1427,153.51377,1.04,1.8,6.9,3.88,21.34,68.84,0.22,116.22
Bilinga,4224,1760691600,2025-10-17 19:00:00,-28.14274,153.51375,1.02,1.57,7.41,3.97,21.38,62.07,0.21,111.65
Bilinga,4224,1760693400,2025-10-17 19:30:00,-28.14271,153.51377,1.01,1.66,6.45,3.96,21.38,63.48,0.22,116.75
Bilinga,4224,1760695200,2025-10-17 20:00:00,-28.1427,153.51377,0.97,1.66,7.41,4.11,21.43,61.11,0.18,101.63
Bilinga,4224,1760697000,2025-10-17 20:30:00,-28.14268,153.5138,0.99,1.65,6.9,4.1,21.47,72.54,0.12,92.4
Bilinga,4224,1760698800,2025-10-17 21:00:00,-28.1427,153.5138,0.96,1.53,6.45,4.3,21.47,74.03,0.13,109.71
Bilinga,4224,1760700600,2025-10-17 21:30:00,-28.14268,153.5138,0.93,1.62,7.14,4.19,21.52,64.36,0.16,99.96
Bilinga,4224,1760702400,2025-10-17 22:00:00,-28.14268,153.51382,0.94,1.48,7.69,4.15,21.56,65.24,0.16,85.8
Bilinga,4224,1760704200,2025-10-17 22:30:00,-28.14268,153.5138,0.88,1.5,6.67,4.07,21.61,69.2,0.13,96.26
Bilinga,4224,1760706000,2025-10-17 23:00:00,-28.14268,153.51382,0.91,1.55,7.14,4.1,21.56,65.42,0.2,102.77
Bilinga,4224,1760707800,2025-10-17 23:30:00,-28.1427,153.5138,0.88,1.83,7.41,4.23,21.34,73.5,0.1,71.56
Bilinga,4224,1760709600,2025-10-18 00:00:00,-28.14274,153.51377,0.86,1.34,7.14,4.18,21.38,67.09,0.12,109.1
Bilinga,4224,1760711400,2025-10-18 00:30:00,-28.14271,153.51377,0.84,1.4,7.69,4.32,21.38,67.53,0.12,85.45
Bilinga,4224,1760713200,2025-10-18 01:00:00,-28.1427,153.51377,0.86,1.33,7.14,4.33,21.38,57.15,0.08,55.82
Bilinga,4224,1760715000,2025-10-18 01:30:00,-28.14268,153.51377,0.84,1.42,6.9,4.32,21.47,63.48,0.12,75.87
Bilinga,4224,1760716800,2025-10-18 02:00:00,-28.1427,153.51375,0.84,1.21,7.41,4.41,21.43,57.42,0.08,41.41
Bilinga,4224,1760718600,2025-10-18 02:30:00,-28.1427,153.51375,0.83,1.27,6.9,4.42,21.38,63.04,0.08,11.25
Bilinga,4224,1760720400,2025-10-18 03:00:00,-28.1427,153.51373,0.87,1.51,6.9,4.49,21.38,64.8,0.08,49.49
Bilinga,4224,1760722200,2025-10-18 03:30:00,-28.1427,153.51373,0.81,1.31,6.9,4.36,21.47,60.93,0.12,29.27
Bilinga,4224,1760724000,2025-10-18 04:00:00,-28.14274,153.51369,0.85,1.52,6.9,4.36,21.52,62.78,0.06,50.2
Bilinga,4224,1760725800,2025-10-18 04:30:00,-28.14274,153.51367,0.85,1.54,6.9,4.44,21.47,61.81,0.09,104.53
Bilinga,4224,1760727600,2025-10-18 05:00:00,-28.14271,153.51371,0.86,1.49,7.14,4.44,21.21,62.07,0.09,89.93
Bilinga,4224,1760729400,2025-10-18 05:30:00,-28.14274,153.51371,0.88,1.83,6.9,4.51,21.25,71.66,0.07,112.44
Bilinga,4224,1760731200,2025-10-18 06:00:00,-28.14274,153.51371,0.85,1.43,6.9,4.35,21.21,65.06,0.12,123.34
Bilinga,4224,1760733000,2025-10-18 06:30:00,-28.14274,153.51371,0.83,1.38,7.14,4.18,21.21,68.67,0.14,116.75
Bilinga,4224,1760734800,2025-10-18 07:00:00,-28.14274,153.51373,0.87,1.35,7.69,4.12,21.12,67.53,0.12,103.03
Bilinga,4224,1760736600,2025-10-18 07:30:00,-28.14274,153.51373,0.87,1.38,7.41,4.21,21.16,69.64,0.11,111.03
Bilinga,4224,1760738400,2025-10-18 08:00:00,-28.1427,153.51375,0.82,1.41,7.14,4.02,21.12,72.36,0.14,100.66
Bilinga,4224,1760740200,2025-10-18 08:30:00,-28.14271,153.51371,0.84,1.35,6.9,3.95,21.12,78.51,0.14,114.02
Bilinga,4224,1760742000,2025-10-18 09:00:00,-28.14275,153.51369,0.83,1.64,6.9,3.85,21.08,65.33,0.15,106.64
Bilinga,4224,1760743800,2025-10-18 09:30:00,-28.14275,153.51367,0.86,1.42,6.9,3.96,21.12,63.48,0.09,114.29
Bilinga,4224,1760745600,2025-10-18 10:00:00,-28.14278,153.51367,0.78,1.5,7.41,3.78,20.99,67.26,0.15,126.15
Bilinga,4224,1760747400,2025-10-18 10:30:00,-28.14278,153.51369,0.78,1.39,6.67,3.78,20.85,74.91,0.15,123.16
Bilinga,4224,1760749200,2025-10-18 11:00:00,-28.14277,153.51367,0.86,1.52,7.14,3.87,20.72,71.92,0.11,91.78
Bilinga,4224,1760751000,2025-10-18 11:30:00,-28.14278,153.51365,0.81,1.19,7.69,3.71,20.68,60.84,0.16,121.93
Bilinga,4224,1760752800,2025-10-18 12:00:00,-28.14278,153.51365,0.86,1.4,7.41,3.75,20.64,68.67,0.13,121.58
Bilinga,4224,1760754600,2025-10-18 12:30:00,-28.14277,153.51367,0.86,1.58,7.69,3.78,20.68,62.07,0.15,138.9
Bilinga,4224,1760756400,2025-10-18 13:00:00,-28.14277,153.51369,0.89,1.6,7.41,3.75,20.72,64.89,0.17,131.43
Bilinga,4224,1760758200,2025-10-18 13:30:00,-28.14277,153.51367,0.94,1.82,7.69,3.79,20.64,60.23,0.13,125.71
Bilinga,4224,1760760000,2025-10-18 14:00:00,-28.14277,153.51369,0.97,1.72,8.0,3.79,20.64,65.15,0.14,140.57
Bilinga,4224,1760761800,2025-10-18 14:30:00,-28.14277,153.51369,1.01,1.69,7.14,3.81,20.64,60.58,0.11,108.31
Bilinga,4224,1760763600,2025-10-18 15:00:00,-28.14277,153.51369,1.04,1.68,7.41,3.91,20.55,57.42,0.13,103.03
Bilinga,4224,1760765400,2025-10-18 15:30:00,-28.14271,153.51373,1.05,1.61,7.41,4.05,20.42,61.28,0.1,91.16
Bilinga,4224,1760767200,2025-10-18 16:00:00,-28.14268,153.5138,1.0,1.52,8.0,3.94,20.5,59.61,0.17,94.24
Bilinga,4224,1760769000,2025-10-18 16:30:00,-28.14266,153.5138,1.0,1.63,7.69,4.04,20.42,64.98,0.17,98.73
Bilinga,4224,1760770800,2025-10-18 17:00:00,-28.14263,153.51382,0.97,1.84,8.0,4.13,20.42,57.24,0.09,80.09
Bilinga,4224,1760772600,2025-10-18 17:30:00,-28.1426,153.51377,0.97,1.54,7.14,4.38,21.25,60.76,0.08,14.77
Bilinga,4224,1760774400,2025-10-18 18:00:00,-28.14265,153.51371,0.91,1.43,7.69,4.46,21.83,57.24,0.09,50.81
Bilinga,4224,1760776200,2025-10-18 18:30:00,-28.1426,153.51377,0.96,1.58,7.14,4.7,21.96,56.45,0.05,313.49
Bilinga,4224,1760778000,2025-10-18 19:00:00,-28.14262,153.51377,0.82,1.45,7.69,4.53,21.83,63.04,0.02,328.79
Bilinga,4224,1760779800,2025-10-18 19:30:00,-28.14265,153.51377,0.8,1.26,7.41,4.49,21.69,61.72,0.06,346.64
Bilinga,4224,1760781600,2025-10-18 20:00:00,-28.14266,153.51375,0.86,1.27,7.14,4.76,21.56,60.4,0.04,279.65
Bilinga,4224,1760783400,2025-10-18 20:30:00,-28.14263,153.51373,0.81,1.27,7.14,4.59,21.38,51.79,0.02,190.15
Bilinga,4224,1760785200,2025-10-18 21:00:00,-28.14263,153.51375,0.81,1.24,7.41,4.77,21.21,69.72,0.04,247.21
Bilinga,4224,1760787000,2025-10-18 21:30:00,-28.14263,153.51375,0.75,1.19,7.69,4.7,21.12,64.36,0.06,263.3
Bilinga,4224,1760788800,2025-10-18 22:00:00,-28.14263,153.51375,0.74,1.17,7.69,5.01,20.99,52.67,0.03,303.65
Bilinga,4224,1760790600,2025-10-18 22:30:00,-28.14265,153.51373,0.71,1.16,7.41,4.89,20.85,54.34,0.03,45.89
Bilinga,4224,1760792400,2025-10-18 23:00:00,-28.14265,153.51371,0.72,1.25,7.69,5.12,20.9,61.02,0.02,138.81
Bilinga,4224,1760794200,2025-10-18 23:30:00,-28.14265,153.51371,0.68,1.4,8.0,5.18,20.9,62.25,0.05,316.48
Bilinga,4224,1760796000,2025-10-19 00:00:00,-28.14263,153.51371,0.65,1.1,7.69,5.15,20.85,61.11,0.03,307.08
Bilinga,4224,1760797800,2025-10-19 00:30:00,-28.1426,153.51371,0.63,0.98,7.69,5.39,20.81,62.87,0.05,278.86
Bilinga,4224,1760799600,2025-10-19 01:00:00,-28.1426,153.51371,0.61,0.95,8.0,5.49,20.77,56.62,0.05,247.38
Bilinga,4224,1760801400,2025-10-19 01:30:00,-28.14252,153.51371,0.62,1.03,8.0,5.31,20.72,59.53,0.06,317.63
Bilinga,4224,1760803200,2025-10-19 02:00:00,-28.1425,153.51365,0.62,0.95,6.9,5.48,20.68,67.61,0.06,299.34
Bilinga,4224,1760805000,2025-10-19 02:30:00,-28.1425,153.51362,0.61,1.04,7.41,5.53,20.64,60.14,0.07,293.8
Bilinga,4224,1760806800,2025-10-19 03:00:00,-28.14244,153.51362,0.61,1.19,7.14,5.02,20.64,61.37,0.07,282.81
Bilinga,4224,1760808600,2025-10-19 03:30:00,-28.14238,153.51362,0.6,0.92,7.69,5.04,20.5,64.8,0.07,293.54
Bilinga,4224,1760810400,2025-10-19 04:00:00,-28.14233,153.5136,0.62,1.08,8.0,4.95,20.42,62.34,0.1,313.14
Bilinga,4224,1760812200,2025-10-19 04:30:00,-28.1423,153.5136,0.62,0.96,7.41,4.98,20.33,65.42,0.09,318.07
Bilinga,4224,1760814000,2025-10-19 05:00:00,-28.14232,153.5136,0.66,1.32,15.38,5.27,-99.9,80.01,0.12,286.77
Bilinga,4224,1760815800,2025-10-19 05:30:00,-28.1423,153.51362,0.59,0.91,7.14,5.05,20.07,61.02,0.04,281.85
Bilinga,4224,1760817600,2025-10-19 06:00:00,-28.1423,153.51362,0.68,1.05,15.38,6.01,20.02,82.65,0.06,228.4
Bilinga,4224,1760819400,2025-10-19 06:30:00,-28.14237,153.51371,0.69,1.05,7.14,5.84,19.98,70.07,0.03,280.09
Bilinga,4224,1760821200,2025-10-19 07:00:00,-28.14235,153.51373,0.69,1.07,8.0,4.97,19.98,63.83,0.04,278.51
Bilinga,4224,1760823000,2025-10-19 07:30:00,-28.14235,153.51373,0.7,1.17,7.69,4.71,19.94,63.39,0.07,313.76
Bilinga,4224,1760824800,2025-10-19 08:00:00,-28.14235,153.51371,0.71,1.15,6.9,4.72,19.85,59.61,0.04,252.57
Bilinga,4224,1760826600,2025-10-19 08:30:00,-28.14235,153.51373,0.69,1.09,7.41,4.74,19.76,65.06,0.02,338.99
Bilinga,4224,1760828400,2025-10-19 09:00:00,-28.14233,153.51373,0.73,1.36,15.38,4.84,19.81,79.04,0.06,314.11
Bilinga,4224,1760830200,2025-10-19 09:30:00,-28.1423,153.51371,0.77,1.2,15.38,4.72,19.81,86.43,0.06,291.52
Bilinga,4224,1760832000,2025-10-19 10:00:00,-28.1423,153.51371,0.81,1.61,7.41,4.61,19.81,59.35,0.02,57.32
Bilinga,4224,1760833800,2025-10-19 10:30:00,-28.14226,153.51362,0.74,1.17,15.38,4.34,19.81,78.69,0.06,302.68
Bilinga,4224,1760835600,2025-10-19 11:00:00,-28.14225,153.51352,0.69,1.25,7.69,4.0,19.85,67.09,0.07,297.76
Bilinga,4224,1760837400,2025-10-19 11:30:00,-28.14223,153.5135,0.73,1.18,7.41,4.11,19.76,64.8,0.09,272.53
Bilinga,4224,1760839200,2025-10-19 12:00:00,-28.14229,153.51341,0.7,1.46,8.0,3.93,19.72,65.77,0.03,263.12
Bilinga,4224,1760841000,2025-10-19 12:30:00,-28.14229,153.5133,0.68,1.2,14.29,3.66,19.76,83.7,0.11,256.53
Bilinga,4224,1760842800,2025-10-19 13:00:00,-28.14222,153.51313,0.69,1.22,7.41,3.63,19.76,62.43,0.14,268.13
Bilinga,4224,1760844600,2025-10-19 13:30:00,-28.14215,153.51309,0.64,1.03,8.0,3.63,19.81,70.16,0.13,236.04
Bilinga,4224,1760846400,2025-10-19 14:00:00,-28.1421,153.51305,0.66,1.08,7.69,3.84,19.98,64.71,0.12,223.56
Bilinga,4224,1760848200,2025-10-19 14:30:00,-28.14207,153.51305,0.68,1.15,8.33,4.0,20.15,71.48,0.08,248.35
Bilinga,4224,1760850000,2025-10-19 15:00:00,-28.14208,153.51307,0.7,1.14,7.41,4.04,20.2,61.99,0.09,213.45
Bilinga,4224,1760851800,2025-10-19 15:30:00,-28.1421,153.51302,0.72,1.16,7.69,4.32,20.28,67.44,0.11,209.76
Bilinga,4224,1760853600,2025-10-19 16:00:00,-28.14214,153.51302,0.67,0.99,7.41,4.56,20.33,65.85,0.08,181.45
Bilinga,4224,1760855400,2025-10-19 16:30:00,-28.14211,153.51305,0.76,1.28,8.0,4.92,20.46,68.14,0.09,189.8
Bilinga,4224,1760857200,2025-10-19 17:00:00,-28.14223,153.51305,0.75,1.22,8.33,4.87,20.5,66.29,0.1,147.34
Bilinga,4224,1760859000,2025-10-19 17:30:00,-28.14237,153.51311,0.77,1.35,7.41,4.92,20.64,67.7,0.11,150.24
Bilinga,4224,1760860800,2025-10-19 18:00:00,-28.14248,153.51339,0.81,1.43,7.69,5.06,20.68,76.4,0.09,147.6
Bilinga,4224,1760862600,2025-10-19 18:30:00,-28.14238,153.51358,0.81,1.42,8.33,4.92,20.77,74.12,0.11,132.57
Bilinga,4224,1760864400,2025-10-19 19:00:00,-28.14235,153.51371,0.8,1.44,7.69,4.93,20.85,77.64,0.11,99.16
Bilinga,4224,1760866200,2025-10-19 19:30:00,-28.1424,153.5138,0.88,1.44,7.69,5.11,20.85,77.9,0.1,82.2
Bilinga,4224,1760868000,2025-10-19 20:00:00,-28.14245,153.51386,0.87,1.36,7.41,5.21,20.85,72.45,0.07,113.85
Bilinga,4224,1760869800,2025-10-19 20:30:00,-28.14252,153.51384,0.79,1.48,8.0,5.08,20.85,83.17,0.12,92.13
Bilinga,4224,1760871600,2025-10-19 21:00:00,-28.14253,153.51386,0.83,1.34,8.0,5.31,20.81,71.92,0.09,56.97
Bilinga,4224,1760873400,2025-10-19 21:30:00,-28.14259,153.51384,0.78,1.37,8.0,5.09,20.77,69.9,0.07,72.88
Bilinga,4224,1760875200,2025-10-19 22:00:00,-28.1426,153.51382,0.89,1.55,7.69,5.34,20.77,77.55,0.04,95.21
Bilinga,4224,1760877000,2025-10-19 22:30:00,-28.1426,153.5138,0.85,1.52,8.0,5.39,20.77,73.68,0.07,117.71
Bilinga,4224,1760878800,2025-10-19 23:00:00,-28.14262,153.5138,0.79,1.22,8.33,5.28,20.68,76.14,0.07,105.32
Bilinga,4224,1760880600,2025-10-19 23:30:00,-28.14262,153.51382,0.74,1.21,8.33,5.14,20.68,83.17,0.12,94.51
Bilinga,4224,1760882400,2025-10-20 00:00:00,-28.14262,153.51382,0.8,1.3,8.0,5.31,20.64,72.01,0.11,109.36
Bilinga,4224,1760882400,2025-10-20 00:00:00,-28.1426,153.51382,0.8,1.3,8.0,5.31,20.64,72.01,0.11,109.36
Bilinga,4224,1760884200,2025-10-20 00:30:00,-28.1426,153.51382,0.8,1.41,8.33,5.41,20.68,69.9,0.08,109.27
Bilinga,4224,1760886000,2025-10-20 01:00:00,-28.14262,153.5138,0.83,1.76,8.0,5.54,20.64,67.17,0.12,114.2
Bilinga,4224,1760887800,2025-10-20 01:30:00,-28.14262,153.51377,0.71,1.11,8.33,5.23,20.64,70.25,0.02,115.78
Bilinga,4224,1760889600,2025-10-20 02:00:00,-28.1426,153.51377,0.7,1.19,8.0,5.39,20.64,71.13,0.07,119.12
Bilinga,4224,1760891400,2025-10-20 02:30:00,-28.14262,153.51375,0.76,1.1,7.14,5.45,20.59,77.72,0.1,112.09
Bilinga,4224,1760893200,2025-10-20 03:00:00,-28.14263,153.51373,0.72,1.21,8.7,5.37,20.55,68.23,0.1,96.35
Bilinga,4224,1760895000,2025-10-20 03:30:00,-28.14262,153.51377,0.72,1.1,8.33,5.7,20.55,74.47,0.08,315.16
Bilinga,4224,1760896800,2025-10-20 04:00:00,-28.14262,153.51377,0.72,1.11,8.33,5.8,20.5,68.32,0.14,81.58
Bilinga,4224,1760898600,2025-10-20 04:30:00,-28.1426,153.51377,0.66,1.18,8.33,5.82,20.5,69.64,0.02,115.6
Bilinga,4224,1760900400,2025-10-20 05:00:00,-28.1426,153.51375,0.68,1.09,8.0,5.94,20.46,69.02,0.1,95.12
Bilinga,4224,1760902200,2025-10-20 05:30:00,-28.14262,153.51373,0.68,1.08,8.33,5.95,20.46,75.44,0.08,154.11
Bilinga,4224,1760904000,2025-10-20 06:00:00,-28.1426,153.51371,0.66,1.12,8.33,5.82,20.46,64.36,0.07,189.54
Bilinga,4224,1760905800,2025-10-20 06:30:00,-28.14263,153.51371,0.73,1.49,8.7,6.06,20.46,69.37,0.05,49.23
Bilinga,4224,1760907600,2025-10-20 07:00:00,-28.14263,153.51369,0.68,1.0,7.69,5.93,20.55,61.99,0.03,132.92
Bilinga,4224,1760909400,2025-10-20 07:30:00,-28.14262,153.51369,0.78,1.27,8.7,6.08,20.77,64.54,0.04,160.62
Bilinga,4224,1760911200,2025-10-20 08:00:00,-28.14262,153.51371,0.71,1.14,8.0,5.82,20.99,66.73,0.1,200.0
Bilinga,4224,1760913000,2025-10-20 08:30:00,-28.14263,153.51371,0.72,1.18,8.0,5.91,21.25,60.93,0.12,145.32
Bilinga,4224,1760914800,2025-10-20 09:00:00,-28.14265,153.51371,0.68,1.21,8.33,5.67,21.34,71.13,0.12,143.03
Bilinga,4224,1760916600,2025-10-20 09:30:00,-28.14266,153.51371,0.65,1.22,8.7,5.61,21.34,69.72,0.14,156.31
Bilinga,4224,1760918400,2025-10-20 10:00:00,-28.14266,153.51371,0.68,1.14,8.0,5.61,21.43,72.1,0.17,161.32
Bilinga,4224,1760920200,2025-10-20 10:30:00,-28.14268,153.51371,0.67,1.02,8.33,5.3,21.34,73.15,0.11,108.57
Bilinga,4224,1760922000,2025-10-20 11:00:00,-28.14271,153.51369,0.64,0.89,7.69,4.72,21.34,69.64,-99.9,-99.9
Bilinga,4224,1760923800,2025-10-20 11:30:00,-28.14271,153.51365,0.71,1.2,8.0,4.51,21.21,72.89,0.12,131.96
Bilinga,4224,1760925600,2025-10-20 12:00:00,-28.14274,153.51365,0.67,1.18,8.7,4.09,21.21,72.18,0.13,139.87
Bilinga,4224,1760927400,2025-10-20 12:30:00,-28.14274,153.51365,0.64,1.1,8.0,3.78,21.16,73.77,0.13,137.58
Bilinga,4224,1760929200,2025-10-20 13:00:00,-28.14275,153.51365,0.67,1.08,8.33,3.75,21.43,71.31,0.17,166.86
Bilinga,4224,1760931000,2025-10-20 13:30:00,-28.14275,153.51365,0.72,1.24,8.33,3.79,21.34,76.93,0.18,150.86
Bilinga,4224,1760932800,2025-10-20 14:00:00,-28.14275,153.51365,0.74,1.36,9.09,3.72,21.21,81.06,0.15,160.0
Bilinga,4224,1760934600,2025-10-20 14:30:00,-28.14277,153.51365,0.71,1.29,8.7,3.56,21.38,76.4,0.2,134.24
Bilinga,4224,1760936400,2025-10-20 15:00:00,-28.14277,153.51365,0.75,1.34,8.33,3.63,21.25,83.7,0.17,122.64
Bilinga,4224,1760938200,2025-10-20 15:30:00,-28.14277,153.51367,0.81,1.47,8.7,3.71,21.25,80.98,0.17,142.59
Bilinga,4224,1760940000,2025-10-20 16:00:00,-28.14277,153.51369,0.78,1.18,8.33,3.63,21.21,77.37,0.18,132.66
Bilinga,4224,1760941800,2025-10-20 16:30:00,-28.14274,153.51369,0.82,1.45,7.41,3.58,21.21,77.2,0.18,130.02
Bilinga,4224,1760943600,2025-10-20 17:00:00,-28.14275,153.51369,0.84,1.43,8.33,3.67,21.21,82.21,0.18,121.58
Bilinga,4224,1760945400,2025-10-20 17:30:00,-28.14274,153.51369,0.85,1.42,8.33,3.71,21.21,78.78,0.21,133.1
Bilinga,4224,1760947200,2025-10-20 18:00:00,-28.14274,153.51369,0.86,1.5,8.7,3.72,21.16,76.58,0.11,113.23
Bilinga,4224,1760949000,2025-10-20 18:30:00,-28.14271,153.51371,0.86,1.41,8.7,3.78,21.16,81.68,0.21,127.3
Bilinga,4224,1760950800,2025-10-20 19:00:00,-28.14271,153.51373,0.84,1.31,8.7,3.87,21.12,87.57,0.18,116.31
Bilinga,4224,1760952600,2025-10-20 19:30:00,-28.14271,153.51375,0.82,1.29,9.09,3.89,21.12,90.73,0.15,114.29
Bilinga,4224,1760954400,2025-10-20 20:00:00,-28.1427,153.51377,0.8,1.45,8.0,3.87,21.16,86.6,0.22,116.22
Bilinga,4224,1760956200,2025-10-20 20:30:00,-28.1427,153.51377,0.79,1.26,9.09,3.98,21.25,84.14,0.2,107.08
Bilinga,4224,1760958000,2025-10-20 21:00:00,-28.1427,153.51377,0.79,1.56,8.7,3.9,21.25,82.91,0.2,105.32
Bilinga,4224,1760959800,2025-10-20 21:30:00,-28.14271,153.51377,0.75,1.26,8.7,3.85,21.25,93.02,0.24,111.74
Bilinga,4224,1760961600,2025-10-20 22:00:00,-28.1427,153.51377,0.77,1.52,8.7,3.93,21.21,80.8,0.14,101.89
Bilinga,4224,1760963400,2025-10-20 22:30:00,-28.14271,153.51377,0.79,1.47,9.09,4.04,21.21,87.22,0.21,109.89
Bilinga,4224,1760965200,2025-10-20 23:00:00,-28.14271,153.51377,0.76,1.24,8.7,3.82,21.21,91.26,0.15,98.64
Bilinga,4224,1760967000,2025-10-20 23:30:00,-28.14274,153.51375,0.73,1.31,8.33,3.62,21.21,82.73,0.22,119.12
Bilinga,4224,1760968800,2025-10-21 00:00:00,-28.14271,153.51377,0.73,1.28,7.69,3.8,21.12,80.18,0.22,119.03
Bilinga,4224,1760970600,2025-10-21 00:30:00,-28.1427,153.51377,0.73,1.14,8.7,3.8,21.12,90.12,0.19,110.15
Bilinga,4224,1760972400,2025-10-21 01:00:00,-28.1427,153.51377,0.77,1.39,8.7,3.96,21.12,87.92,0.18,112.26
Bilinga,4224,1760974200,2025-10-21 01:30:00,-28.1427,153.51377,0.78,1.47,8.0,4.08,21.08,78.51,0.14,101.63
Bilinga,4224,1760976000,2025-10-21 02:00:00,-28.1427,153.51377,0.76,1.36,8.7,4.04,21.08,83.88,0.17,100.31
Bilinga,4224,1760977800,2025-10-21 02:30:00,-28.14271,153.51377,0.72,1.21,8.7,3.92,21.03,85.2,0.17,112.97
Bilinga,4224,1760979600,2025-10-21 03:00:00,-28.14271,153.51377,0.74,1.18,6.9,3.92,21.08,74.91,0.14,106.2
Bilinga,4224,1760981400,2025-10-21 03:30:00,-28.1427,153.51377,0.7,1.18,9.09,3.88,20.99,75.53,0.14,82.73
Bilinga,4224,1760983200,2025-10-21 04:00:00,-28.1427,153.51377,0.73,1.27,8.7,4.01,20.94,80.62,0.16,97.49
Bilinga,4224,1760985000,2025-10-21 04:30:00,-28.14271,153.51375,0.73,1.14,8.0,3.88,20.77,77.55,0.17,96.26
Bilinga,4224,1760986800,2025-10-21 05:00:00,-28.14271,153.51373,0.72,1.13,8.7,3.83,20.77,79.75,0.14,104.18
Bilinga,4224,1760988600,2025-10-21 05:30:00,-28.1427,153.51373,0.73,1.16,8.33,3.84,20.77,72.27,0.15,119.03
Bilinga,4224,1760990400,2025-10-21 06:00:00,-28.1427,153.51373,0.73,1.23,7.14,3.91,20.77,73.85,0.16,112.88
Bilinga,4224,1760992200,2025-10-21 06:30:00,-28.14274,153.51371,0.74,1.2,9.09,3.96,20.77,83.79,0.19,127.74
Bilinga,4224,1760994000,2025-10-21 07:00:00,-28.1427,153.51375,0.73,1.28,7.41,3.97,20.85,75.88,0.18,121.49
Bilinga,4224,1760995800,2025-10-21 07:30:00,-28.1427,153.51377,0.76,1.4,8.33,4.11,20.85,76.76,0.2,114.29
Bilinga,4224,1760997600,2025-10-21 08:00:00,-28.1427,153.51377,0.75,1.25,7.14,4.03,20.81,76.23,0.18,111.74
Bilinga,4224,1760999400,2025-10-21 08:30:00,-28.1427,153.51377,0.8,1.33,7.14,4.16,20.85,77.11,0.2,130.73
Bilinga,4224,1761001200,2025-10-21 09:00:00,-28.14271,153.51373,0.81,1.54,7.69,4.15,20.9,83.09,0.19,132.48
Bilinga,4224,1761003000,2025-10-21 09:30:00,-28.14271,153.51375,0.79,1.37,7.69,3.74,20.99,85.72,0.22,126.51
Bilinga,4224,1761004800,2025-10-21 10:00:00,-28.14274,153.51373,0.83,1.29,8.7,3.79,21.12,87.04,0.21,133.98
Bilinga,4224,1761006600,2025-10-21 10:30:00,-28.14277,153.51371,0.81,1.29,8.0,3.64,21.12,82.03,0.21,125.1
Bilinga,4224,1761008400,2025-10-21 11:00:00,-28.14275,153.51371,0.83,1.59,8.7,3.59,21.12,84.05,0.23,141.01
Bilinga,4224,1761010200,2025-10-21 11:30:00,-28.14278,153.51369,0.9,1.54,8.0,3.8,21.08,71.92,0.2,130.11
Bilinga,4224,1761012000,2025-10-21 12:00:00,-28.14277,153.51371,0.88,1.58,8.33,3.76,21.03,86.16,0.2,127.3
Bilinga,4224,1761013800,2025-10-21 12:30:00,-28.14277,153.51371,0.92,1.71,8.7,3.78,21.12,80.45,0.21,134.86
Bilinga,4224,1761015600,2025-10-21 13:00:00,-28.14277,153.51371,0.9,1.62,8.7,3.78,21.12,78.95,0.2,143.65
Bilinga,4224,1761017400,2025-10-21 13:30:00,-28.14277,153.51371,0.88,1.62,8.7,3.77,21.08,78.07,0.21,133.54
Bilinga,4224,1761019200,2025-10-21 14:00:00,-28.14277,153.51371,0.91,1.67,8.33,3.86,21.12,77.2,0.14,110.07
Bilinga,4224,1761021000,2025-10-21 14:30:00,-28.14278,153.51369,0.96,1.45,7.14,3.84,21.12,77.37,0.15,116.48
Bilinga,4224,1761022800,2025-10-21 15:00:00,-28.14277,153.51371,1.0,1.63,7.41,3.96,21.08,70.16,0.14,129.41
Bilinga,4224,1761024600,2025-10-21 15:30:00,-28.14277,153.51369,0.98,1.59,11.11,4.08,21.08,65.5,0.1,112.7
Bilinga,4224,1761026400,2025-10-21 16:00:00,-28.14277,153.51369,1.0,1.66,7.69,4.04,21.08,72.54,0.15,125.71
Bilinga,4224,1761028200,2025-10-21 16:30:00,-28.14277,153.51369,1.05,1.58,9.09,4.26,21.03,72.62,0.12,105.58
Bilinga,4224,1761030000,2025-10-21 17:00:00,-28.14275,153.51371,1.07,1.7,10.53,4.45,21.03,67.79,0.17,91.34
Bilinga,4224,1761031800,2025-10-21 17:30:00,-28.14271,153.51371,1.05,1.66,10.53,4.4,21.61,64.27,0.17,90.9
Bilinga,4224,1761033600,2025-10-21 18:00:00,-28.14271,153.51373,1.09,2.01,10.53,4.43,21.69,61.11,0.11,83.34
Bilinga,4224,1761035400,2025-10-21 18:30:00,-28.1427,153.51371,1.1,1.9,10.53,4.57,22.27,61.99,0.1,77.8
Bilinga,4224,1761037200,2025-10-21 19:00:00,-28.1427,153.51373,1.13,1.93,10.0,4.57,22.45,64.18,0.11,64.62
Bilinga,4224,1761039000,2025-10-21 19:30:00,-28.14268,153.51375,1.11,1.83,9.52,4.65,22.54,59.26,0.09,68.75
Bilinga,4224,1761040800,2025-10-21 20:00:00,-28.14268,153.51373,1.07,2.15,9.52,4.71,22.5,65.06,0.07,69.1
Bilinga,4224,1761042600,2025-10-21 20:30:00,-28.14268,153.51375,1.06,1.86,9.52,4.68,22.5,62.43,0.09,66.11
Bilinga,4224,1761044400,2025-10-21 21:00:00,-28.14268,153.51373,1.13,2.14,9.52,4.98,22.45,57.06,0.09,44.22
Bilinga,4224,1761046200,2025-10-21 21:30:00,-28.1427,153.51373,1.15,2.04,9.09,5.02,22.41,66.82,0.11,53.45
Bilinga,4224,1761048000,2025-10-21 22:00:00,-28.14271,153.51371,1.09,2.24,9.52,4.98,22.36,59.79,0.1,58.73
Bilinga,4224,1761049800,2025-10-21 22:30:00,-28.1427,153.51371,1.14,1.92,9.52,5.06,22.32,57.24,0.09,59.6
Bilinga,4224,1761051600,2025-10-21 23:00:00,-28.14271,153.51371,1.14,2.02,8.7,5.17,22.27,67.35,0.08,58.81
Bilinga,4224,1761053400,2025-10-21 23:30:00,-28.14274,153.51371,1.06,1.62,8.7,5.07,22.18,69.02,0.09,80.53
Bilinga,4224,1761055200,2025-10-22 00:00:00,-28.1427,153.51371,1.16,1.75,9.09,5.13,22.05,61.72,0.07,82.55
Bilinga,4224,1761057000,2025-10-22 00:30:00,-28.14271,153.51369,1.12,1.95,8.7,5.18,21.96,68.58,0.09,83.52
Bilinga,4224,1761058800,2025-10-22 01:00:00,-28.14271,153.51367,1.07,1.63,8.7,5.13,21.96,70.25,0.07,84.92
Bilinga,4224,1761060600,2025-10-22 01:30:00,-28.14274,153.51367,1.06,1.5,8.7,4.91,21.83,64.89,0.05,85.45
Bilinga,4224,1761062400,2025-10-22 02:00:00,-28.14274,153.51362,1.11,1.89,9.09,5.13,21.83,67.35,0.08,45.01
Bilinga,4224,1761064200,2025-10-22 02:30:00,-28.14274,153.51362,1.09,1.83,9.09,5.06,21.74,60.14,0.06,58.99
Bilinga,4224,1761066000,2025-10-22 03:00:00,-28.14275,153.5136,1.03,1.66,8.7,5.06,21.69,71.13,0.07,35.6
Bilinga,4224,1761067800,2025-10-22 03:30:00,-28.14277,153.51358,1.15,1.75,8.7,5.3,21.61,69.2,0.08,26.46
Bilinga,4224,1761069600,2025-10-22 04:00:00,-28.14275,153.51356,1.04,1.82,8.7,5.07,21.52,70.51,0.09,71.74
Bilinga,4224,1761071400,2025-10-22 04:30:00,-28.14277,153.51358,1.09,1.69,8.7,5.11,21.43,64.18,0.06,68.66
Bilinga,4224,1761073200,2025-10-22 05:00:00,-28.14277,153.51356,0.99,1.48,8.7,4.93,21.34,65.59,0.07,84.75
Bilinga,4224,1761075000,2025-10-22 05:30:00,-28.14277,153.51358,1.09,1.82,8.7,5.13,21.34,72.01,0.09,76.22
Bilinga,4224,1761076800,2025-10-22 06:00:00,-28.14277,153.51358,1.1,1.75,9.09,5.34,21.34,68.67,0.06,57.14
Bilinga,4224,1761078600,2025-10-22 06:30:00,-28.14275,153.51362,1.09,1.92,8.7,5.25,21.34,61.99,0.06,47.91
Bilinga,4224,1761080400,2025-10-22 07:00:00,-28.14274,153.51365,1.01,1.6,8.33,5.03,21.25,71.92,0.15,109.89
Bilinga,4224,1761082200,2025-10-22 07:30:00,-28.14274,153.51367,1.01,1.73,8.7,5.1,21.25,67.0,0.11,94.42
Bilinga,4224,1761084000,2025-10-22 08:00:00,-28.14271,153.51369,1.04,1.91,8.7,5.17,21.34,69.55,0.08,61.45
Bilinga,4224,1761085800,2025-10-22 08:30:00,-28.14271,153.51367,1.08,1.91,8.33,5.18,21.34,71.22,0.09,94.95
Bilinga,4224,1761087600,2025-10-22 09:00:00,-28.14271,153.51369,1.08,1.82,8.7,5.09,21.34,71.92,0.08,90.55
Bilinga,4224,1761089400,2025-10-22 09:30:00,-28.14271,153.51371,1.08,1.88,9.09,4.91,21.25,68.84,0.13,106.37
Bilinga,4224,1761091200,2025-10-22 10:00:00,-28.14271,153.51371,1.11,1.67,9.09,4.88,21.21,72.8,0.09,103.82
Bilinga,4224,1761093000,2025-10-22 10:30:00,-28.14274,153.51371,1.22,1.79,9.09,4.97,21.12,69.99,0.11,110.51
Bilinga,4224,1761094800,2025-10-22 11:00:00,-28.14275,153.51371,1.19,2.06,8.0,4.77,21.12,74.29,0.13,144.7
Bilinga,4224,1761096600,2025-10-22 11:30:00,-28.14278,153.51369,1.19,1.88,8.33,4.63,21.08,70.34,0.15,128.35
Bilinga,4224,1761098400,2025-10-22 12:00:00,-28.14278,153.51365,1.13,2.26,9.09,4.37,20.99,70.25,0.2,147.69
Bilinga,4224,1761100200,2025-10-22 12:30:00,-28.14278,153.51367,1.22,2.15,9.52,4.51,20.9,61.64,0.18,142.68
Bilinga,4224,1761102000,2025-10-22 13:00:00,-28.14277,153.51371,1.27,2.36,9.09,4.57,20.94,69.64,0.23,143.12
Bilinga,4224,1761103800,2025-10-22 13:30:00,-28.14277,153.51371,1.23,1.75,8.7,4.54,20.94,77.9,0.2,132.31
Bilinga,4224,1761105600,2025-10-22 14:00:00,-28.14278,153.51367,1.37,2.23,9.52,4.67,20.85,70.78,0.15,142.15
Bilinga,4224,1761107400,2025-10-22 14:30:00,-28.1428,153.51362,1.28,2.24,8.33,4.34,20.85,72.8,0.17,137.93
Bilinga,4224,1761109200,2025-10-22 15:00:00,-28.14281,153.5136,1.28,2.02,9.52,4.39,20.81,70.69,0.15,134.86
Bilinga,4224,1761111000,2025-10-22 15:30:00,-28.14278,153.51362,1.27,2.08,8.7,4.49,20.77,67.7,0.19,134.51
Bilinga,4224,1761112800,2025-10-22 16:00:00,-28.1428,153.51354,1.25,2.0,9.09,4.42,20.81,66.21,0.11,127.12
Bilinga,4224,1761114600,2025-10-22 16:30:00,-28.14271,153.51371,1.33,2.21,8.7,4.45,20.85,65.5,0.13,137.67
Bilinga,4224,1761116400,2025-10-22 17:00:00,-28.1427,153.51373,1.37,2.2,9.09,4.77,20.81,68.14,0.11,107.69
Bilinga,4224,1761118200,2025-10-22 17:30:00,-28.14278,153.51356,1.35,2.5,8.7,4.57,20.46,65.85,0.14,118.59
Bilinga,4224,1761120000,2025-10-22 18:00:00,-28.14274,153.5136,1.31,2.25,8.7,4.58,21.52,69.28,0.12,72.35
Bilinga,4224,1761121800,2025-10-22 18:30:00,-28.14265,153.51377,1.2,1.79,9.09,4.62,21.74,68.05,0.15,98.81
Bilinga,4224,1761123600,2025-10-22 19:00:00,-28.14268,153.51373,1.26,2.18,8.7,4.67,21.61,72.8,0.12,84.75
Bilinga,4224,1761125400,2025-10-22 19:30:00,-28.14271,153.51369,1.26,1.99,9.52,4.68,21.65,63.13,0.11,119.91
Bilinga,4224,1761127200,2025-10-22 20:00:00,-28.14265,153.51377,1.28,2.05,9.09,4.9,21.69,66.47,0.12,87.65
Bilinga,4224,1761129000,2025-10-22 20:30:00,-28.14268,153.51371,1.24,1.9,9.09,4.99,21.78,65.33,0.13,82.2
Bilinga,4224,1761130800,2025-10-22 21:00:00,-28.14271,153.51365,1.19,2.08,9.52,4.9,21.87,60.76,0.08,104.97
Bilinga,4224,1761132600,2025-10-22 21:30:00,-28.14274,153.51367,1.32,2.25,9.52,5.11,21.83,65.85,0.09,78.24
Bilinga,4224,1761134400,2025-10-22 22:00:00,-28.14275,153.51365,1.2,1.93,9.09,4.87,21.83,72.18,0.11,95.3
Bilinga,4224,1761136200,2025-10-22 22:30:00,-28.14271,153.51365,1.11,1.7,9.09,4.78,21.83,68.76,0.09,62.59
Bilinga,4224,1761138000,2025-10-22 23:00:00,-28.14275,153.51365,1.21,2.23,9.09,4.94,21.69,64.98,0.08,77.54
Bilinga,4224,1761139800,2025-10-22 23:30:00,-28.14275,153.51362,1.2,2.21,9.52,4.94,21.56,64.01,0.08,128.0
Bilinga,4224,1761141600,2025-10-23 00:00:00,-28.14274,153.51365,1.23,2.49,9.09,4.92,21.47,71.04,0.08,116.4
Bilinga,4224,1761143400,2025-10-23 00:30:00,-28.14274,153.51365,1.26,1.99,9.09,4.96,21.25,66.47,0.08,62.33
Bilinga,4224,1761145200,2025-10-23 01:00:00,-28.14274,153.51365,1.2,1.88,9.52,4.76,21.16,65.06,0.06,120.62
Bilinga,4224,1761147000,2025-10-23 01:30:00,-28.14271,153.51367,1.24,1.77,9.52,4.89,21.08,67.53,0.08,95.82
Bilinga,4224,1761148800,2025-10-23 02:00:00,-28.14274,153.51365,1.17,2.05,8.7,4.92,20.99,69.02,0.09,79.56
Bilinga,4224,1761150600,2025-10-23 02:30:00,-28.14271,153.51371,1.17,1.97,9.52,4.91,21.03,61.46,0.08,67.43
Bilinga,4224,1761152400,2025-10-23 03:00:00,-28.14274,153.51365,1.16,2.05,9.52,5.02,21.03,70.07,0.08,31.56
Bilinga,4224,1761154200,2025-10-23 03:30:00,-28.14275,153.51362,1.18,2.21,8.7,4.97,21.08,63.13,0.06,66.55
Bilinga,4224,1761156000,2025-10-23 04:00:00,-28.14275,153.51362,1.14,1.98,9.09,5.06,21.03,65.33,0.08,50.2
Bilinga,4224,1761157800,2025-10-23 04:30:00,-28.14277,153.51358,1.19,2.18,8.7,5.08,20.99,69.37,0.08,53.45
Bilinga,4224,1761159600,2025-10-23 05:00:00,-28.14277,153.5136,1.17,1.94,9.09,4.91,20.99,74.03,0.07,33.23
Bilinga,4224,1761161400,2025-10-23 05:30:00,-28.14277,153.5136,1.15,1.71,9.52,4.93,20.94,70.78,0.07,90.46
Bilinga,4224,1761163200,2025-10-23 06:00:00,-28.14275,153.5136,1.1,1.75,10.0,4.87,20.9,71.31,0.09,102.33
Bilinga,4224,1761165000,2025-10-23 06:30:00,-28.14277,153.51362,1.17,1.81,10.0,4.91,20.9,75.61,0.08,99.96
Bilinga,4224,1761166800,2025-10-23 07:00:00,-28.14275,153.51367,1.26,2.23,10.0,4.93,20.85,74.03,0.09,80.97
Bilinga,4224,1761168600,2025-10-23 07:30:00,-28.14274,153.51371,1.18,1.92,10.0,4.8,20.81,71.74,0.08,79.91
Bilinga,4224,1761170400,2025-10-23 08:00:00,-28.14274,153.51369,1.13,1.98,9.52,4.84,20.72,70.07,0.12,85.45
Bilinga,4224,1761172200,2025-10-23 08:30:00,-28.14275,153.51371,1.12,1.97,9.52,4.86,20.55,67.44,0.15,117.27
Bilinga,4224,1761174000,2025-10-23 09:00:00,-28.14274,153.51371,1.16,1.93,9.09,5.05,20.5,73.42,0.1,91.78
Bilinga,4224,1761175800,2025-10-23 09:30:00,-28.14274,153.51371,1.2,2.06,9.52,5.25,20.46,73.15,0.11,85.19
Bilinga,4224,1761177600,2025-10-23 10:00:00,-28.14274,153.51375,1.15,1.87,10.0,5.36,20.46,72.62,0.12,102.07
Bilinga,4224,1761179400,2025-10-23 10:30:00,-28.14271,153.51375,1.15,1.82,9.52,5.33,20.42,67.26,0.09,82.11
Bilinga,4224,1761181200,2025-10-23 11:00:00,-28.14271,153.51375,1.15,1.96,9.09,5.45,20.42,69.28,0.1,81.58
Bilinga,4224,1761183000,2025-10-23 11:30:00,-28.14275,153.51371,1.14,2.01,9.52,5.32,20.55,67.79,0.09,95.47
Bilinga,4224,1761184800,2025-10-23 12:00:00,-28.14274,153.51367,1.17,2.04,9.09,5.15,20.72,63.83,0.09,132.48
Bilinga,4224,1761186600,2025-10-23 12:30:00,-28.1427,153.51371,1.13,1.82,9.09,4.58,20.72,59.96,0.01,95.56
Bilinga,4224,1761188400,2025-10-23 13:00:00,-28.14265,153.51371,1.07,1.87,9.09,4.4,20.5,56.89,0.06,328.97
Bilinga,4224,1761190200,2025-10-23 13:30:00,-28.14257,153.51371,1.05,1.65,9.52,4.57,20.37,62.78,0.15,307.96
Bilinga,4224,1761192000,2025-10-23 14:00:00,-28.14245,153.51356,1.02,1.62,10.0,4.6,20.28,58.82,0.16,293.01
Bilinga,4224,1761193800,2025-10-23 14:30:00,-28.1423,153.51324,0.95,1.76,9.09,4.22,20.28,64.1,0.15,307.43
Bilinga,4224,1761195600,2025-10-23 15:00:00,-28.1422,153.51307,1.01,2.0,9.09,4.16,20.07,56.1,0.18,295.82
Bilinga,4224,1761197400,2025-10-23 15:30:00,-28.14214,153.51294,0.96,1.59,10.0,4.41,19.81,55.48,0.14,296.7
Bilinga,4224,1761199200,2025-10-23 16:00:00,-28.1421,153.51285,0.9,1.83,9.09,4.32,19.72,58.29,0.16,286.95
Bilinga,4224,1761201000,2025-10-23 16:30:00,-28.14207,153.51277,0.84,1.55,10.0,4.22,19.59,53.11,0.14,288.62
Bilinga,4224,1761202800,2025-10-23 17:00:00,-28.14205,153.51279,0.83,1.55,9.09,4.36,19.5,59.0,0.11,275.34
Bilinga,4224,1761204600,2025-10-23 17:30:00,-28.14203,153.51277,0.87,1.59,10.0,4.66,19.5,60.49,0.07,273.23
Bilinga,4224,1761206400,2025-10-23 18:00:00,-28.14205,153.51277,0.89,1.71,10.0,5.03,19.54,64.62,0.12,262.42
Bilinga,4224,1761208200,2025-10-23 18:30:00,-28.14207,153.51274,0.86,1.53,9.52,5.02,19.54,62.51,0.06,222.24
Bilinga,4224,1761210000,2025-10-23 19:00:00,-28.14205,153.51279,0.92,1.67,10.0,5.52,19.54,60.76,0.09,198.68
Bilinga,4224,1761211800,2025-10-23 19:30:00,-28.14207,153.51279,0.92,1.49,10.0,5.66,19.54,55.48,0.11,182.77
Bilinga,4224,1761213600,2025-10-23 20:00:00,-28.14205,153.51281,0.99,1.64,9.52,5.7,19.5,66.82,0.12,162.99
Bilinga,4224,1761215400,2025-10-23 20:30:00,-28.1421,153.51281,0.9,1.22,10.0,5.5,19.46,66.91,0.11,148.57
Bilinga,4224,1761217200,2025-10-23 21:00:00,-28.1421,153.51281,0.97,1.71,10.0,5.64,19.46,62.69,0.1,174.15
Bilinga,4224,1761219000,2025-10-23 21:30:00,-28.1421,153.51281,0.9,1.6,9.52,5.45,19.46,67.96,0.13,169.93
Bilinga,4224,1761220800,2025-10-23 22:00:00,-28.14207,153.51283,0.88,1.68,9.52,5.37,19.46,64.27,0.1,160.0
Bilinga,4224,1761222600,2025-10-23 22:30:00,-28.14211,153.51281,0.94,1.77,10.0,5.8,19.46,64.18,0.08,153.76
Bilinga,4224,1761224400,2025-10-23 23:00:00,-28.14215,153.51281,0.96,1.41,10.0,5.77,19.46,66.73,0.06,174.15
Bilinga,4224,1761226200,2025-10-23 23:30:00,-28.14222,153.51283,1.01,1.64,9.52,5.83,19.46,64.45,0.09,163.87
Bilinga,4224,1761228000,2025-10-24 00:00:00,-28.1422,153.51285,1.07,1.8,9.52,6.14,19.46,66.56,0.07,138.9
Bilinga,4224,1761229800,2025-10-24 00:30:00,-28.14218,153.51285,0.98,1.46,9.52,6.11,19.46,69.99,0.09,155.25
Bilinga,4224,1761231600,2025-10-24 01:00:00,-28.14215,153.51283,1.05,1.64,10.0,6.06,19.41,66.21,0.1,121.23
Bilinga,4224,1761233400,2025-10-24 01:30:00,-28.1421,153.51283,1.12,1.89,9.09,5.77,19.41,70.25,0.05,203.6
Bilinga,4224,1761235200,2025-10-24 02:00:00,-28.14223,153.51289,1.07,2.36,10.0,6.01,19.72,70.07,0.12,175.65
Bilinga,4224,1761237000,2025-10-24 02:30:00,-28.14229,153.51296,1.1,1.9,10.0,6.15,19.72,68.4,0.13,161.23
Bilinga,4224,1761238800,2025-10-24 03:00:00,-28.14233,153.51302,1.07,1.77,10.0,6.28,19.72,68.14,0.1,137.93
Bilinga,4224,1761240600,2025-10-24 03:30:00,-28.14238,153.51309,1.02,1.74,10.0,6.17,19.72,69.46,0.09,171.08
Bilinga,4224,1761242400,2025-10-24 04:00:00,-28.14241,153.51309,1.07,1.64,10.53,6.21,19.72,71.39,0.1,157.63
Bilinga,4224,1761244200,2025-10-24 04:30:00,-28.14244,153.51311,0.95,1.58,9.09,5.99,19.72,64.89,0.16,146.46
Bilinga,4224,1761246000,2025-10-24 05:00:00,-28.14245,153.51311,0.97,1.48,9.52,5.93,19.72,73.77,0.21,190.42
Bilinga,4224,1761247800,2025-10-24 05:30:00,-28.14275,153.51352,1.0,1.75,10.0,6.25,20.72,82.03,0.07,153.41
Bilinga,4224,1761249600,2025-10-24 06:00:00,-28.1427,153.51377,0.92,1.47,10.53,5.91,20.68,82.47,0.1,194.81
Bilinga,4224,1761251400,2025-10-24 06:30:00,-28.14265,153.5138,0.95,1.46,10.53,6.11,20.37,80.1,0.08,211.87
Bilinga,4224,1761253200,2025-10-24 07:00:00,-28.14262,153.51382,1.01,1.57,9.52,6.3,20.28,73.24,0.15,176.7
Bilinga,4224,1761255000,2025-10-24 07:30:00,-28.14268,153.51375,0.91,1.38,10.0,6.3,20.2,72.71,0.12,174.86
Bilinga,4224,1761256800,2025-10-24 08:00:00,-28.14268,153.51369,0.88,1.37,9.52,6.07,20.28,74.03,0.15,230.86
Bilinga,4224,1761258600,2025-10-24 08:30:00,-28.14268,153.51371,0.85,1.42,10.0,5.89,20.55,72.62,0.1,282.2
Bilinga,4224,1761260400,2025-10-24 09:00:00,-28.14266,153.51369,0.91,1.69,9.52,5.99,20.64,75.61,0.14,96.18
Bilinga,4224,1761262200,2025-10-24 09:30:00,-28.14265,153.51371,0.85,1.26,9.09,5.97,20.64,67.17,0.13,103.74
Bilinga,4224,1761264000,2025-10-24 10:00:00,-28.14263,153.51371,0.9,1.58,9.52,6.04,20.68,73.77,0.12,99.08
Bilinga,4224,1761265800,2025-10-24 10:30:00,-28.14265,153.51371,0.91,1.39,10.0,6.03,20.68,67.79,0.12,114.11
Bilinga,4224,1761267600,2025-10-24 11:00:00,-28.14268,153.51371,0.92,1.56,9.52,5.78,20.64,73.06,0.11,91.43
Bilinga,4224,1761269400,2025-10-24 11:30:00,-28.14268,153.51365,0.88,1.36,9.52,5.57,20.81,68.23,0.08,112.26
Bilinga,4224,1761271200,2025-10-24 12:00:00,-28.14268,153.51365,0.9,1.47,10.0,5.42,21.03,70.25,0.09,99.52
Bilinga,4224,1761273000,2025-10-24 12:30:00,-28.14274,153.5136,0.86,1.39,9.52,5.31,21.65,70.6,0.12,170.64
Bilinga,4224,1761274800,2025-10-24 13:00:00,-28.14278,153.51362,0.87,1.42,10.0,5.15,21.74,71.13,0.17,171.52
Bilinga,4224,1761276600,2025-10-24 13:30:00,-28.14278,153.51362,0.85,1.26,9.52,4.99,21.74,79.39,0.14,143.91
Bilinga,4224,1761278400,2025-10-24 14:00:00,-28.14278,153.51365,0.87,1.5,10.0,5.42,21.69,78.69,0.1,163.34
Bilinga,4224,1761280200,2025-10-24 14:30:00,-28.1428,153.51365,0.81,1.31,10.0,4.95,22.32,75.61,0.31,164.22
Bilinga,4224,1761282000,2025-10-24 15:00:00,-28.14275,153.51371,0.87,1.56,9.52,4.96,22.32,85.81,0.18,154.46
Bilinga,4224,1761283800,2025-10-24 15:30:00,-28.14275,153.51375,0.88,1.43,9.52,4.85,22.27,77.64,0.11,133.27
Bilinga,4224,1761285600,2025-10-24 16:00:00,-28.14274,153.51377,0.75,1.15,9.52,4.42,22.32,86.07,0.12,141.98
Bilinga,4224,1761287400,2025-10-24 16:30:00,-28.14271,153.51377,0.84,1.35,9.52,4.63,22.36,81.06,0.12,120.18
Bilinga,4224,1761289200,2025-10-24 17:00:00,-28.1427,153.51377,0.83,1.36,10.0,4.79,22.32,77.02,0.08,133.27
Bilinga,4224,1761291000,2025-10-24 17:30:00,-28.14268,153.51377,0.86,1.42,8.7,4.89,22.18,73.68,0.07,105.67
Bilinga,4224,1761292800,2025-10-24 18:00:00,-28.14266,153.51377,0.88,1.45,9.09,4.71,22.01,73.33,0.09,88.0
Bilinga,4224,1761294600,2025-10-24 18:30:00,-28.14265,153.51377,0.84,1.57,9.09,4.7,21.92,76.49,0.08,37.98
Bilinga,4224,1761296400,2025-10-24 19:00:00,-28.14262,153.51377,0.86,1.46,9.52,4.85,21.74,72.18,0.12,351.03
Bilinga,4224,1761298200,2025-10-24 19:30:00,-28.1426,153.51377,0.79,1.54,9.52,4.61,21.69,68.84,0.16,39.65
Bilinga,4224,1761300000,2025-10-24 20:00:00,-28.14262,153.51375,0.82,1.31,9.52,4.94,21.65,67.96,0.08,73.14
Bilinga,4224,1761301800,2025-10-24 20:30:00,-28.14265,153.51369,0.77,1.38,9.52,4.7,21.61,72.8,0.08,54.07
Bilinga,4224,1761303600,2025-10-24 21:00:00,-28.14265,153.51362,0.75,1.32,9.52,4.56,21.61,70.07,0.1,12.75
Bilinga,4224,1761305400,2025-10-24 21:30:00,-28.14266,153.51358,0.76,1.42,9.09,4.82,21.61,71.48,0.08,1.05
Bilinga,4224,1761307200,2025-10-24 22:00:00,-28.14266,153.5136,0.72,1.22,9.52,4.81,21.61,75.44,0.09,20.66
Bilinga,4224,1761309000,2025-10-24 22:30:00,-28.14266,153.51352,0.73,1.41,9.52,4.86,21.61,77.2,0.09,45.27
Bilinga,4224,1761310800,2025-10-24 23:00:00,-28.1426,153.51343,0.71,1.2,9.52,4.79,21.61,73.15,0.08,356.75
Bilinga,4224,1761312600,2025-10-24 23:30:00,-28.14255,153.51343,0.71,1.21,9.52,5.03,21.56,70.6,0.07,339.16
Bilinga,4224,1761314400,2025-10-25 00:00:00,-28.14248,153.51343,0.71,1.33,9.09,4.99,21.38,68.49,0.08,354.02
Bilinga,4224,1761316200,2025-10-25 00:30:00,-28.14247,153.51341,0.73,1.08,8.7,5.43,21.34,74.03,0.07,291.08
Bilinga,4224,1761318000,2025-10-25 01:00:00,-28.1424,153.51339,0.71,1.16,9.09,5.18,21.34,71.39,0.06,308.75
Bilinga,4224,1761319800,2025-10-25 01:30:00,-28.14233,153.51332,0.65,1.31,8.7,4.48,21.34,74.38,0.09,291.96
Bilinga,4224,1761321600,2025-10-25 02:00:00,-28.1423,153.51332,0.67,1.06,9.09,4.69,21.25,70.25,0.06,272.53
Bilinga,4224,1761323400,2025-10-25 02:30:00,-28.14229,153.51332,0.71,1.22,9.09,4.74,21.21,67.61,0.01,325.89
Bilinga,4224,1761325200,2025-10-25 03:00:00,-28.1423,153.51332,0.72,1.03,9.09,4.38,21.08,75.0,0.08,340.04
Bilinga,4224,1761327000,2025-10-25 03:30:00,-28.14229,153.51328,0.72,1.28,9.09,4.51,21.03,72.18,0.08,345.85
Bilinga,4224,1761328800,2025-10-25 04:00:00,-28.14226,153.51328,0.66,1.17,9.09,4.37,20.99,68.76,0.02,353.76
Bilinga,4224,1761330600,2025-10-25 04:30:00,-28.14225,153.51328,0.7,1.13,9.09,4.47,20.94,72.45,0.04,275.25
Bilinga,4224,1761332400,2025-10-25 05:00:00,-28.14225,153.51328,0.67,1.2,9.09,4.65,20.94,67.88,0.04,319.12
Bilinga,4224,1761334200,2025-10-25 05:30:00,-28.14223,153.51328,0.68,1.29,9.09,4.76,20.9,62.51,0.06,316.4
Bilinga,4224,1761336000,2025-10-25 06:00:00,-28.14223,153.51328,0.67,0.96,8.7,4.77,20.9,73.85,0.05,248.09
Bilinga,4224,1761337800,2025-10-25 06:30:00,-28.14225,153.51328,0.65,1.08,9.09,4.36,20.9,64.27,0.05,276.57
Bilinga,4224,1761339600,2025-10-25 07:00:00,-28.14223,153.51332,0.67,1.01,9.09,4.42,20.94,67.35,0.04,253.1
Bilinga,4224,1761341400,2025-10-25 07:30:00,-28.14223,153.51328,0.68,1.08,9.09,4.5,20.99,78.25,0.08,225.58
Bilinga,4224,1761343200,2025-10-25 08:00:00,-28.14225,153.51328,0.64,0.98,8.7,4.33,21.08,69.2,0.04,200.18
Bilinga,4224,1761345000,2025-10-25 08:30:00,-28.1423,153.51326,0.64,1.12,9.09,4.34,21.12,69.99,0.05,193.32
Bilinga,4224,1761346800,2025-10-25 09:00:00,-28.14233,153.51326,0.67,1.1,8.33,4.33,21.12,71.57,0.01,252.84
Bilinga,4224,1761348600,2025-10-25 09:30:00,-28.1424,153.51324,0.69,1.34,8.7,4.24,21.21,72.89,0.03,184.0
Bilinga,4224,1761350400,2025-10-25 10:00:00,-28.14241,153.51324,0.71,1.29,8.7,4.13,21.21,66.82,0.07,235.69
Bilinga,4224,1761352200,2025-10-25 10:30:00,-28.14237,153.51319,0.7,1.14,8.7,4.15,21.25,69.55,0.07,243.16
Bilinga,4224,1761354000,2025-10-25 11:00:00,-28.14235,153.51317,0.68,1.17,8.33,4.04,21.34,67.7,0.06,253.19
Bilinga,4224,1761355800,2025-10-25 11:30:00,-28.1423,153.51315,0.68,1.17,9.09,4.03,21.34,68.49,0.02,246.51
Bilinga,4224,1761357600,2025-10-25 12:00:00,-28.14237,153.51307,0.78,1.41,8.7,4.17,22.1,72.54,0.16,206.15
Bilinga,4224,1761359400,2025-10-25 12:30:00,-28.14263,153.51317,0.73,1.35,8.7,4.16,22.27,70.25,0.17,159.38
Bilinga,4224,1761361200,2025-10-25 13:00:00,-28.1428,153.51334,0.76,1.34,8.7,4.12,22.32,67.17,0.18,148.48
Bilinga,4224,1761363000,2025-10-25 13:30:00,-28.1428,153.51354,0.8,1.22,8.7,4.12,22.41,77.2,0.17,141.63
Bilinga,4224,1761364800,2025-10-25 14:00:00,-28.14277,153.51362,0.77,1.15,4.88,4.01,22.45,104.1,0.13,147.87
Bilinga,4224,1761366600,2025-10-25 14:30:00,-28.1427,153.51371,0.77,1.16,5.41,4.0,22.45,94.78,0.15,136.09
Bilinga,4224,1761368400,2025-10-25 15:00:00,-28.1427,153.51371,0.78,1.21,4.88,4.04,22.41,99.0,0.18,127.12
Bilinga,4224,1761370200,2025-10-25 15:30:00,-28.14271,153.51371,0.79,1.28,8.7,4.1,22.41,81.5,0.16,122.29
Bilinga,4224,1761372000,2025-10-25 16:00:00,-28.14271,153.51371,0.76,1.41,5.13,4.1,22.45,96.27,0.12,120.26
Bilinga,4224,1761373800,2025-10-25 16:30:00,-28.1427,153.51375,0.81,1.54,8.33,4.15,22.41,77.46,0.17,122.81
Bilinga,4224,1761375600,2025-10-25 17:00:00,-28.14266,153.51377,0.75,1.33,4.65,4.08,22.36,90.03,0.13,129.14
Bilinga,4224,1761377400,2025-10-25 17:30:00,-28.14266,153.51377,0.76,1.26,4.88,4.22,22.41,95.31,0.19,136.53
Bilinga,4224,1761379200,2025-10-25 18:00:00,-28.14266,153.5138,0.71,1.37,9.09,4.14,22.32,80.89,0.17,127.38
Bilinga,4224,1761381000,2025-10-25 18:30:00,-28.1427,153.51375,0.72,1.27,5.0,4.18,22.32,97.77,0.15,111.21
Bilinga,4224,1761382800,2025-10-25 19:00:00,-28.1427,153.51375,0.75,1.2,8.7,4.3,22.32,81.42,0.13,94.77
Bilinga,4224,1761384600,2025-10-25 19:30:00,-28.14271,153.51375,0.72,1.16,8.7,4.25,22.32,85.81,0.15,86.95
Bilinga,4224,1761386400,2025-10-25 20:00:00,-28.14271,153.51373,0.71,1.47,4.88,4.02,22.27,90.12,0.14,102.77
Bilinga,4224,1761388200,2025-10-25 20:30:00,-28.14271,153.51373,0.71,1.29,8.33,3.97,22.23,82.82,0.13,105.05
Bilinga,4224,1761390000,2025-10-25 21:00:00,-28.14271,153.51371,0.75,1.23,8.33,4.01,22.27,78.25,0.17,96.18
Bilinga,4224,1761391800,2025-10-25 21:30:00,-28.14274,153.51371,0.69,1.31,8.0,3.87,22.23,71.66,0.11,91.96
Bilinga,4224,1761393600,2025-10-25 22:00:00,-28.14271,153.51371,0.74,1.21,8.33,4.19,22.18,76.05,0.13,80.53
Bilinga,4224,1761395400,2025-10-25 22:30:00,-28.14271,153.51369,0.65,1.14,9.09,3.89,22.18,75.61,0.1,91.96
Bilinga,4224,1761397200,2025-10-25 23:00:00,-28.14271,153.51367,0.68,1.25,8.7,3.97,22.18,79.31,0.08,92.92
Bilinga,4224,1761399000,2025-10-25 23:30:00,-28.1427,153.51369,0.69,1.22,8.33,4.06,22.18,68.84,0.09,79.65
Bilinga,4224,1761400800,2025-10-26 00:00:00,-28.1427,153.51367,0.68,1.08,9.09,4.08,22.14,75.7,0.08,80.18
Bilinga,4224,1761402600,2025-10-26 00:30:00,-28.14268,153.51369,0.64,1.14,9.52,4.04,22.1,81.59,0.07,60.92
Bilinga,4224,1761404400,2025-10-26 01:00:00,-28.14266,153.51367,0.63,1.12,8.7,4.15,22.05,72.71,0.07,66.99
Bilinga,4224,1761406200,2025-10-26 01:30:00,-28.14268,153.51369,0.66,1.08,9.09,4.4,22.05,75.61,0.09,33.49
Bilinga,4224,1761408000,2025-10-26 02:00:00,-28.1427,153.51367,0.63,1.2,9.09,4.43,22.05,77.9,0.07,36.13
Bilinga,4224,1761409800,2025-10-26 02:30:00,-28.14268,153.51367,0.61,0.98,9.09,4.42,22.05,71.66,0.01,60.57
Bilinga,4224,1761411600,2025-10-26 03:00:00,-28.1427,153.51365,0.59,0.89,5.0,4.33,22.05,76.84,0.03,35.96
Bilinga,4224,1761413400,2025-10-26 03:30:00,-28.14271,153.5136,0.6,0.89,9.09,4.47,22.01,71.13,0.08,358.95
Bilinga,4224,1761415200,2025-10-26 04:00:00,-28.14271,153.5136,0.65,1.13,8.7,4.66,21.96,72.27,0.07,45.36
Bilinga,4224,1761417000,2025-10-26 04:30:00,-28.14271,153.5136,0.65,1.01,8.7,4.63,21.96,69.63,0.03,42.81
Bilinga,4224,1761418800,2025-10-26 05:00:00,-28.14271,153.51362,0.62,0.94,9.09,4.7,21.96,78.95,0.02,105.76
Bilinga,4224,1761420600,2025-10-26 05:30:00,-28.1427,153.51362,0.64,0.92,9.52,4.5,21.96,76.93,0.01,202.64
Bilinga,4224,1761422400,2025-10-26 06:00:00,-28.1427,153.51362,0.63,1.13,9.52,4.4,21.96,74.03,0.02,230.24
Bilinga,4224,1761424200,2025-10-26 06:30:00,-28.14271,153.51362,0.66,1.33,9.09,4.48,21.96,73.15,0.05,179.52
Bilinga,4224,1761426000,2025-10-26 07:00:00,-28.14274,153.51362,0.64,1.29,9.52,4.11,21.96,74.82,0.02,46.59
Bilinga,4224,1761427800,2025-10-26 07:30:00,-28.14275,153.5136,0.64,0.98,4.88,3.9,21.96,74.73,0.06,157.27
Bilinga,4224,1761429600,2025-10-26 08:00:00,-28.14277,153.51356,0.66,1.19,5.0,3.89,21.96,77.02,0.04,75.52
Bilinga,4224,1761431400,2025-10-26 08:30:00,-28.14278,153.51354,0.66,1.09,8.33,3.76,22.01,78.69,0.1,162.29
Bilinga,4224,1761433200,2025-10-26 09:00:00,-28.14278,153.51347,0.69,1.12,9.09,3.6,21.96,83.17,0.08,105.58
Bilinga,4224,1761435000,2025-10-26 09:30:00,-28.1428,153.5135,0.7,1.12,8.7,3.62,21.96,73.24,0.1,116.22
Bilinga,4224,1761436800,2025-10-26 10:00:00,-28.1428,153.51354,0.7,1.2,9.09,3.4,22.01,81.94,0.08,148.4
Bilinga,4224,1761438600,2025-10-26 10:30:00,-28.1428,153.51356,0.74,1.22,9.52,3.4,22.05,90.91,0.17,164.04
Bilinga,4224,1761440400,2025-10-26 11:00:00,-28.1428,153.51356,0.75,1.4,9.09,3.39,22.14,84.49,0.16,162.11
Bilinga,4224,1761442200,2025-10-26 11:30:00,-28.14278,153.51362,0.75,1.15,8.7,3.27,22.18,85.81,0.14,167.21
Bilinga,4224,1761444000,2025-10-26 12:00:00,-28.14277,153.51365,0.81,1.43,4.88,3.3,22.18,81.94,0.16,151.21
Bilinga,4224,1761445800,2025-10-26 12:30:00,-28.14275,153.51371,0.77,1.17,8.33,3.34,22.18,73.24,0.16,149.36
Bilinga,4224,1761447600,2025-10-26 13:00:00,-28.14275,153.51369,0.83,1.37,3.51,3.32,22.18,35.09,0.14,133.71
Bilinga,4224,1761449400,2025-10-26 13:30:00,-28.14274,153.51371,0.91,1.57,3.7,3.49,22.1,35.09,0.17,157.19
Bilinga,4224,1761451200,2025-10-26 14:00:00,-28.14271,153.51371,0.93,1.37,3.85,3.43,22.14,37.63,0.14,136.09
Bilinga,4224,1761453000,2025-10-26 14:30:00,-28.14274,153.51371,0.87,1.71,3.92,3.49,22.1,41.15,0.11,138.37
Bilinga,4224,1761454800,2025-10-26 15:00:00,-28.14274,153.51371,0.98,1.83,4.55,3.65,22.18,47.04,0.11,103.82
Bilinga,4224,1761456600,2025-10-26 15:30:00,-28.14274,153.51369,1.03,1.69,4.44,3.67,22.18,37.28,0.14,140.4
Bilinga,4224,1761458400,2025-10-26 16:00:00,-28.14275,153.51367,1.02,1.74,4.08,3.61,22.14,20.93,0.15,133.27
Bilinga,4224,1761460200,2025-10-26 16:30:00,-28.14271,153.51369,0.94,1.52,4.35,3.56,22.14,42.47,0.1,127.56
Bilinga,4224,1761462000,2025-10-26 17:00:00,-28.1427,153.51369,0.92,1.66,4.08,3.64,22.1,31.57,0.06,90.64
Bilinga,4224,1761463800,2025-10-26 17:30:00,-28.14271,153.51365,0.87,1.6,4.44,3.61,22.1,54.07,0.08,76.4
Bilinga,4224,1761465600,2025-10-26 18:00:00,-28.14274,153.51362,0.85,1.41,4.76,3.75,22.1,55.66,0.05,91.87
Bilinga,4224,1761467400,2025-10-26 18:30:00,-28.14277,153.5136,0.91,1.39,5.26,3.84,22.1,50.21,0.06,74.11
Bilinga,4224,1761469200,2025-10-26 19:00:00,-28.14275,153.5136,0.96,1.57,5.0,3.83,22.1,44.58,0.05,100.31
Bilinga,4224,1761471000,2025-10-26 19:30:00,-28.14275,153.51362,1.04,1.71,5.0,3.85,22.1,42.03,0.05,96.09
Bilinga,4224,1761472800,2025-10-26 20:00:00,-28.14274,153.51371,1.13,1.89,5.13,4.07,22.1,34.12,0.09,150.95
Bilinga,4224,1761474600,2025-10-26 20:30:00,-28.14274,153.51367,1.2,1.93,5.26,4.15,22.1,40.01,0.08,70.07
Bilinga,4224,1761476400,2025-10-26 21:00:00,-28.14275,153.51367,1.22,1.99,5.88,4.19,22.1,42.73,0.07,109.27
Bilinga,4224,1761478200,2025-10-26 21:30:00,-28.14275,153.51362,1.36,2.48,5.71,4.49,22.1,33.06,0.04,102.33
Bilinga,4224,1761480000,2025-10-26 22:00:00,-28.14277,153.51362,1.49,2.46,6.45,4.73,22.05,35.61,0.05,121.32
Bilinga,4224,1761481800,2025-10-26 22:30:00,-28.14277,153.51362,1.55,2.68,6.45,4.76,22.05,38.69,0.09,103.21
Bilinga,4224,1761483600,2025-10-26 23:00:00,-28.14275,153.51365,1.51,2.62,6.67,4.74,22.05,38.43,0.09,93.36
Bilinga,4224,1761485400,2025-10-26 23:30:00,-28.14275,153.5136,1.39,2.42,6.67,4.83,22.05,33.5,0.05,81.85
Bilinga,4224,1761487200,2025-10-27 00:00:00,-28.14275,153.51356,1.41,2.17,6.67,4.84,22.05,38.34,0.03,75.34
Bilinga,4224,1761487200,2025-10-27 00:00:00,-28.14275,153.51358,1.41,2.17,6.67,4.84,22.05,38.34,0.03,75.34
Bilinga,4224,1761489000,2025-10-27 00:30:00,-28.14274,153.51356,1.25,2.34,6.67,4.63,22.05,34.47,0.07,51.25
Bilinga,4224,1761490800,2025-10-27 01:00:00,-28.14275,153.51356,1.21,1.78,6.45,4.58,22.05,33.15,0.03,52.04
Bilinga,4224,1761492600,2025-10-27 01:30:00,-28.14275,153.51356,1.07,2.23,5.71,4.32,22.05,32.62,0.02,328.88
Bilinga,4224,1761494400,2025-10-27 02:00:00,-28.14275,153.51358,1.01,1.57,5.88,4.3,22.05,32.18,0.02,99.52
Bilinga,4224,1761496200,2025-10-27 02:30:00,-28.14271,153.51362,0.94,1.7,6.25,4.25,22.05,32.01,0.06,65.76
Bilinga,4224,1761498000,2025-10-27 03:00:00,-28.14274,153.51365,0.98,1.48,6.45,4.19,22.05,31.04,0.03,104.18
Bilinga,4224,1761499800,2025-10-27 03:30:00,-28.14275,153.5136,0.93,1.46,6.25,4.26,22.05,24.54,0.05,117.63
Bilinga,4224,1761501600,2025-10-27 04:00:00,-28.14277,153.51356,0.91,1.75,6.25,4.16,22.05,21.63,0.07,145.93
Bilinga,4224,1761503400,2025-10-27 04:30:00,-28.14277,153.51356,0.9,1.44,5.71,4.22,22.05,26.65,0.02,156.57
Bilinga,4224,1761505200,2025-10-27 05:00:00,-28.14277,153.51354,0.86,1.35,5.56,4.26,22.05,23.31,0.03,106.81
Bilinga,4224,1761507000,2025-10-27 05:30:00,-28.14275,153.51352,0.91,1.54,6.67,4.51,22.05,23.66,0.01,93.89
Bilinga,4224,1761508800,2025-10-27 06:00:00,-28.14275,153.51356,0.88,1.53,6.67,4.53,22.05,27.7,0.03,48.09
Bilinga,4224,1761510600,2025-10-27 06:30:00,-28.14275,153.51356,0.9,1.38,5.88,4.44,22.05,31.66,0.04,351.3
Bilinga,4224,1761512400,2025-10-27 07:00:00,-28.14278,153.51356,0.89,1.31,6.25,4.53,22.05,27.09,0.05,146.02
Bilinga,4224,1761514200,2025-10-27 07:30:00,-28.14278,153.51356,0.86,1.51,6.67,4.23,22.05,27.79,0.07,132.66
Bilinga,4224,1761516000,2025-10-27 08:00:00,-28.14277,153.51358,0.86,1.37,6.25,4.26,22.05,26.47,0.09,131.96
Bilinga,4224,1761517800,2025-10-27 08:30:00,-28.14277,153.5136,0.85,1.3,5.0,4.13,22.1,28.84,0.1,132.57
Bilinga,4224,1761519600,2025-10-27 09:00:00,-28.14277,153.51356,0.86,1.29,5.88,4.08,22.14,25.77,0.08,100.48
Bilinga,4224,1761521400,2025-10-27 09:30:00,-28.14277,153.5136,0.87,1.39,5.88,4.09,22.18,24.62,0.07,101.63
Bilinga,4224,1761523200,2025-10-27 10:00:00,-28.14277,153.5136,0.79,1.34,14.29,3.91,22.18,99.09,0.09,114.2
Bilinga,4224,1761525000,2025-10-27 10:30:00,-28.14277,153.51362,0.83,1.4,14.29,4.13,22.27,92.14,0.1,121.41
Bilinga,4224,1761526800,2025-10-27 11:00:00,-28.14277,153.51362,0.87,1.4,14.29,4.09,22.27,92.84,0.14,140.84
Bilinga,4224,1761528600,2025-10-27 11:30:00,-28.14278,153.51362,0.87,1.45,14.29,4.15,22.32,97.85,0.07,118.95
Bilinga,4224,1761530400,2025-10-27 12:00:00,-28.14277,153.51367,0.81,1.38,14.29,3.96,22.32,107.35,0.16,95.47
Bilinga,4224,1761532200,2025-10-27 12:30:00,-28.14277,153.51362,0.77,1.14,13.33,3.75,22.32,103.04,0.13,122.37
Bilinga,4224,1761534000,2025-10-27 13:00:00,-28.14278,153.5136,0.81,1.46,14.29,3.91,22.36,101.37,0.13,130.9
Bilinga,4224,1761535800,2025-10-27 13:30:00,-28.14277,153.51365,0.77,1.24,14.29,3.69,22.41,95.31,0.16,127.91
Bilinga,4224,1761537600,2025-10-27 14:00:00,-28.14275,153.51375,0.81,1.15,13.33,3.63,22.41,93.63,0.18,138.81
Bilinga,4224,1761539400,2025-10-27 14:30:00,-28.14275,153.51373,0.86,1.38,14.29,3.8,22.41,90.65,0.19,122.81
Bilinga,4224,1761541200,2025-10-27 15:00:00,-28.14275,153.51373,0.81,1.48,14.29,3.66,22.36,90.47,0.18,122.9
Bilinga,4224,1761543000,2025-10-27 15:30:00,-28.14275,153.51375,0.83,1.34,13.33,3.71,22.32,96.1,0.18,126.42
Bilinga,4224,1761544800,2025-10-27 16:00:00,-28.14271,153.51377,0.83,1.81,14.29,3.73,22.23,97.42,0.25,104.44
Bilinga,4224,1761546600,2025-10-27 16:30:00,-28.1427,153.51377,0.84,1.29,14.29,3.9,22.23,92.58,0.13,120.79
Bilinga,4224,1761548400,2025-10-27 17:00:00,-28.1427,153.51377,0.77,1.33,13.33,3.8,22.18,91.7,0.09,111.82
Bilinga,4224,1761550200,2025-10-27 17:30:00,-28.14268,153.51377,0.7,1.29,13.33,3.99,22.23,94.34,0.08,88.26
Bilinga,4224,1761552000,2025-10-27 18:00:00,-28.14268,153.51377,0.74,1.27,14.29,4.48,22.18,94.07,0.08,79.12
Bilinga,4224,1761553800,2025-10-27 18:30:00,-28.14265,153.51371,0.7,1.14,14.29,3.8,22.18,89.94,0.08,83.69
Bilinga,4224,1761555600,2025-10-27 19:00:00,-28.14263,153.51371,0.73,1.28,14.29,3.84,22.14,83.35,0.03,93.45
Bilinga,4224,1761557400,2025-10-27 19:30:00,-28.14255,153.51375,0.63,1.01,13.33,3.31,22.1,80.18,0.01,127.21
Bilinga,4224,1761559200,2025-10-27 20:00:00,-28.14232,153.51371,0.63,1.13,13.33,3.31,22.05,84.58,0.03,291.16
Bilinga,4224,1761561000,2025-10-27 20:30:00,-28.14214,153.51358,0.57,1.02,13.33,3.17,22.05,84.49,0.1,338.37
Bilinga,4224,1761562800,2025-10-27 21:00:00,-28.14208,153.5135,0.55,0.9,13.33,3.28,22.05,88.98,0.04,215.38
Bilinga,4224,1761564600,2025-10-27 21:30:00,-28.14207,153.51337,0.5,0.91,13.33,3.14,22.01,79.74,0.15,323.16
Bilinga,4224,1761566400,2025-10-27 22:00:00,-28.14205,153.51322,0.49,0.93,13.33,3.26,22.05,77.55,0.15,300.84
Bilinga,4224,1761568200,2025-10-27 22:30:00,-28.14203,153.51317,0.49,1.01,13.33,3.07,22.05,75.44,0.17,296.79
Bilinga,4224,1761570000,2025-10-27 23:00:00,-28.14202,153.51311,0.52,0.84,13.33,3.06,22.01,70.95,0.19,299.78
Bilinga,4224,1761571800,2025-10-27 23:30:00,-28.14196,153.51307,0.53,0.87,13.33,3.24,22.01,82.38,0.14,301.54
Bilinga,4224,1761573600,2025-10-28 00:00:00,-28.14202,153.51298,0.55,0.89,13.33,3.27,22.01,85.99,0.09,309.98
Bilinga,4224,1761575400,2025-10-28 00:30:00,-28.14198,153.513,0.57,1.04,13.33,3.59,21.96,82.12,0.14,314.02
Bilinga,4224,1761577200,2025-10-28 01:00:00,-28.14198,153.51302,0.54,0.91,6.9,3.98,21.92,66.03,0.07,290.46
Bilinga,4224,1761579000,2025-10-28 01:30:00,-28.14202,153.51302,0.59,0.95,6.67,4.17,21.92,71.04,0.05,308.48
Bilinga,4224,1761580800,2025-10-28 02:00:00,-28.142,153.51302,0.6,1.18,7.69,4.16,21.92,74.29,0.02,353.41
Bilinga,4224,1761582600,2025-10-28 02:30:00,-28.14198,153.51305,0.67,1.04,8.0,4.19,21.92,59.35,0.11,323.52
Bilinga,4224,1761584400,2025-10-28 03:00:00,-28.14195,153.51311,0.62,1.06,7.69,4.08,21.87,66.47,0.03,266.55
Bilinga,4224,1761586200,2025-10-28 03:30:00,-28.14192,153.51315,0.65,0.99,8.0,4.07,21.87,67.0,0.07,261.71
Bilinga,4224,1761588000,2025-10-28 04:00:00,-28.1419,153.51317,0.67,1.4,7.14,4.36,21.83,74.56,0.03,198.95
Bilinga,4224,1761589800,2025-10-28 04:30:00,-28.14192,153.51315,0.75,1.19,7.69,4.38,21.78,59.17,0.07,293.1
Bilinga,4224,1761591600,2025-10-28 05:00:00,-28.14192,153.51313,0.73,1.13,6.9,4.13,21.83,69.46,0.04,254.33
Bilinga,4224,1761593400,2025-10-28 05:30:00,-28.1419,153.51313,0.8,1.13,7.41,4.27,21.83,74.65,0.03,257.23
Bilinga,4224,1761595200,2025-10-28 06:00:00,-28.14192,153.51317,0.76,1.25,7.69,4.35,21.78,78.43,0.05,241.49
Bilinga,4224,1761597000,2025-10-28 06:30:00,-28.1419,153.51317,0.79,1.28,7.41,4.34,21.78,71.66,0.03,271.12
Bilinga,4224,1761598800,2025-10-28 07:00:00,-28.14192,153.51317,0.86,1.35,6.06,4.56,21.78,73.77,0.02,310.24
Bilinga,4224,1761600600,2025-10-28 07:30:00,-28.14192,153.51317,0.88,1.37,6.67,4.68,21.78,81.59,0.05,314.11
Bilinga,4224,1761602400,2025-10-28 08:00:00,-28.14192,153.51313,0.86,1.3,6.67,4.51,21.78,79.22,0.04,310.86
Bilinga,4224,1761604200,2025-10-28 08:30:00,-28.14198,153.51307,1.03,1.63,7.41,4.31,21.74,85.02,0.11,314.9
Bilinga,4224,1761606000,2025-10-28 09:00:00,-28.14217,153.51296,1.08,1.68,5.71,4.14,21.83,89.42,0.09,269.45
Bilinga,4224,1761607800,2025-10-28 09:30:00,-28.14229,153.51289,1.05,1.72,6.9,4.09,21.83,83.35,0.08,265.67
Bilinga,4224,1761609600,2025-10-28 10:00:00,-28.14233,153.51287,1.07,1.66,6.06,4.06,21.78,90.73,0.12,251.16
Bilinga,4224,1761611400,2025-10-28 10:30:00,-28.14241,153.51287,1.11,1.86,4.76,4.1,21.83,92.23,0.09,222.33
Bilinga,4224,1761613200,2025-10-28 11:00:00,-28.14244,153.51287,1.15,1.93,5.0,4.15,21.83,86.16,0.08,212.31
Bilinga,4224,1761615000,2025-10-28 11:30:00,-28.14248,153.51287,1.24,2.17,5.71,4.14,21.87,83.7,0.12,227.43
Bilinga,4224,1761616800,2025-10-28 12:00:00,-28.14244,153.51287,1.28,2.11,5.41,4.16,21.83,89.06,0.1,278.77
Bilinga,4224,1761618600,2025-10-28 12:30:00,-28.14237,153.51279,1.39,2.23,5.88,4.14,21.78,87.66,0.14,280.88
Bilinga,4224,1761620400,2025-10-28 13:00:00,-28.14222,153.51272,1.38,2.07,6.67,4.21,21.74,79.92,0.14,298.73
Bilinga,4224,1761622200,2025-10-28 13:30:00,-28.14202,153.51274,1.37,2.58,6.45,4.27,21.74,78.87,0.19,294.24
Bilinga,4224,1761624000,2025-10-28 14:00:00,-28.14188,153.51283,1.3,2.38,5.88,4.25,21.74,83.7,0.2,292.04
Bilinga,4224,1761625800,2025-10-28 14:30:00,-28.14184,153.51287,1.43,2.52,5.88,4.35,21.69,85.81,0.18,298.02
Bilinga,4224,1761627600,2025-10-28 15:00:00,-28.1418,153.51302,1.4,2.09,6.25,4.34,22.41,82.82,0.09,253.27
Bilinga,4224,1761629400,2025-10-28 15:30:00,-28.1418,153.51302,1.33,2.22,6.06,4.42,22.45,85.46,0.09,225.76
Bilinga,4224,1761631200,2025-10-28 16:00:00,-28.14181,153.513,1.4,2.35,6.67,4.32,22.41,83.26,0.1,217.67
Bilinga,4224,1761633000,2025-10-28 16:30:00,-28.14187,153.51287,1.41,2.13,6.45,4.31,22.41,77.37,0.12,244.04
Bilinga,4224,1761634800,2025-10-28 17:00:00,-28.14188,153.51287,1.27,2.18,5.71,4.25,22.36,75.52,0.09,273.32
Bilinga,4224,1761636600,2025-10-28 17:30:00,-28.14188,153.51283,1.3,2.44,6.45,4.22,22.36,79.57,0.13,284.66
Bilinga,4224,1761638400,2025-10-28 18:00:00,-28.14187,153.51283,1.26,2.0,6.06,4.2,22.32,82.29,0.12,273.58
Bilinga,4224,1761640200,2025-10-28 18:30:00,-28.14187,153.51283,1.31,2.31,6.45,4.31,22.36,75.96,0.14,308.04
Bilinga,4224,1761642000,2025-10-28 19:00:00,-28.14188,153.51283,1.27,2.25,6.45,4.16,22.41,76.14,0.16,271.21
Bilinga,4224,1761643800,2025-10-28 19:30:00,-28.1419,153.51281,1.33,2.21,6.25,4.35,22.45,79.48,0.15,263.21
Bilinga,4224,1761645600,2025-10-28 20:00:00,-28.14188,153.51281,1.22,2.31,6.67,4.6,22.45,80.36,0.2,317.19
Bilinga,4224,1761647400,2025-10-28 20:30:00,-28.14185,153.51287,1.21,2.2,6.67,4.78,22.41,72.45,0.15,321.76
Bilinga,4224,1761649200,2025-10-28 21:00:00,-28.14181,153.51289,1.19,1.77,6.9,4.92,22.36,70.6,0.26,337.67
Bilinga,4224,1761651000,2025-10-28 21:30:00,-28.14184,153.51287,1.19,2.21,6.25,5.18,22.1,71.92,0.22,331.08
Bilinga,4224,1761652800,2025-10-28 22:00:00,-28.14184,153.51287,1.3,2.26,6.45,5.1,21.96,76.93,0.2,330.9
Bilinga,4224,1761654600,2025-10-28 22:30:00,-28.14184,153.51287,1.2,2.22,6.67,5.08,22.1,69.81,0.19,316.66
Bilinga,4224,1761656400,2025-10-28 23:00:00,-28.14185,153.51285,1.2,1.9,6.9,5.27,22.18,74.12,0.12,305.67
Bilinga,4224,1761658200,2025-10-28 23:30:00,-28.14185,153.51287,1.19,2.09,6.67,5.51,21.96,74.82,0.21,300.4
Bilinga,4224,1761660000,2025-10-29 00:00:00,-28.14188,153.51283,1.21,2.02,7.14,5.54,22.01,76.58,0.12,297.93
Bilinga,4224,1761661800,2025-10-29 00:30:00,-28.14187,153.51283,1.29,2.15,6.9,5.4,22.05,72.36,0.12,291.96
Bilinga,4224,1761663600,2025-10-29 01:00:00,-28.14188,153.51283,1.47,2.35,7.41,5.23,22.05,81.77,0.12,291.6
Bilinga,4224,1761665400,2025-10-29 01:30:00,-28.1419,153.51281,1.36,2.17,6.9,4.9,22.1,74.47,0.1,312.62
Bilinga,4224,1761667200,2025-10-29 02:00:00,-28.14187,153.51283,1.49,2.55,7.14,5.16,22.18,72.45,0.1,294.15
Bilinga,4224,1761669000,2025-10-29 02:30:00,-28.14188,153.51283,1.59,2.94,7.41,5.59,22.27,75.7,0.1,275.25
Bilinga,4224,1761670800,2025-10-29 03:00:00,-28.14187,153.51283,1.54,2.31,7.41,5.46,22.23,71.39,0.12,292.92
Bilinga,4224,1761672600,2025-10-29 03:30:00,-28.14187,153.51285,1.55,2.24,8.0,5.69,22.27,66.12,0.09,279.12
Bilinga,4224,1761674400,2025-10-29 04:00:00,-28.14185,153.51287,1.55,2.56,7.69,5.83,22.27,72.27,0.09,292.57
Bilinga,4224,1761676200,2025-10-29 04:30:00,-28.14187,153.51283,1.85,2.83,7.69,6.14,22.32,73.24,0.07,280.0
Bilinga,4224,1761678000,2025-10-29 05:00:00,-28.14188,153.51287,1.6,2.79,8.0,5.93,22.36,74.29,0.1,278.77
Bilinga,4224,1761679800,2025-10-29 05:30:00,-28.14187,153.51287,1.57,2.47,7.69,6.0,22.36,76.76,0.1,272.7
Bilinga,4224,1761681600,2025-10-29 06:00:00,-28.14188,153.51287,1.61,3.07,8.0,6.05,22.36,76.14,0.06,300.31
Bilinga,4224,1761683400,2025-10-29 06:30:00,-28.1419,153.51287,1.71,2.56,8.0,6.02,22.41,72.8,0.02,294.86
Bilinga,4224,1761685200,2025-10-29 07:00:00,-28.14205,153.51281,1.74,3.26,8.33,6.36,22.45,70.78,0.07,341.27
Bilinga,4224,1761687000,2025-10-29 07:30:00,-28.14207,153.51283,1.75,2.62,8.7,6.25,22.45,69.28,0.03,266.02
Bilinga,4224,1761688800,2025-10-29 08:00:00,-28.14211,153.51294,1.74,2.78,8.0,6.23,22.41,80.45,0.01,286.15
Bilinga,4224,1761690600,2025-10-29 08:30:00,-28.14235,153.51311,1.98,3.0,8.0,6.37,22.41,72.54,0.07,356.57
Bilinga,4224,1761692400,2025-10-29 09:00:00,-28.14245,153.51317,1.97,2.72,8.33,6.39,22.45,71.83,0.03,357.8
Bilinga,4224,1761694200,2025-10-29 09:30:00,-28.1425,153.51332,1.7,2.48,8.0,6.12,22.45,73.59,0.02,342.15
Bilinga,4224,1761696000,2025-10-29 10:00:00,-28.14253,153.51345,1.79,3.09,7.69,6.32,22.45,71.66,0.03,115.96
Bilinga,4224,1761697800,2025-10-29 10:30:00,-28.14265,153.51354,1.81,3.04,8.7,6.33,22.54,72.98,0.03,85.36
Bilinga,4224,1761699600,2025-10-29 11:00:00,-28.14263,153.51347,1.58,2.47,7.69,5.95,22.27,76.67,0.09,263.38
Bilinga,4224,1761701400,2025-10-29 11:30:00,-28.14265,153.51356,1.77,2.68,8.33,6.17,22.32,72.98,0.06,278.68
Bilinga,4224,1761703200,2025-10-29 12:00:00,-28.14263,153.51362,1.71,2.6,8.0,6.11,22.45,76.84,0.05,289.76
Bilinga,4224,1761705000,2025-10-29 12:30:00,-28.14265,153.51358,1.58,2.34,8.33,5.72,22.45,79.74,0.04,234.81
Bilinga,4224,1761706800,2025-10-29 13:00:00,-28.14268,153.51354,1.6,2.85,8.7,5.63,22.45,76.49,0.09,224.18
Bilinga,4224,1761708600,2025-10-29 13:30:00,-28.1427,153.51352,1.56,2.66,8.33,5.62,22.54,78.95,0.08,250.81
Bilinga,4224,1761710400,2025-10-29 14:00:00,-28.14271,153.51347,1.54,2.45,8.0,5.57,22.59,84.05,0.06,219.96
Bilinga,4224,1761712200,2025-10-29 14:30:00,-28.14271,153.51343,1.6,2.76,8.33,5.6,22.63,78.78,0.04,225.93
Bilinga,4224,1761714000,2025-10-29 15:00:00,-28.14271,153.51334,1.38,2.23,8.33,5.31,22.68,80.36,0.06,253.1
Bilinga,4224,1761715800,2025-10-29 15:30:00,-28.14271,153.51332,1.49,2.28,8.33,5.4,22.68,82.73,0.03,152.97
Bilinga,4224,1761717600,2025-10-29 16:00:00,-28.1427,153.51324,1.4,2.48,8.33,5.35,22.68,83.09,0.02,138.11
Bilinga,4224,1761719400,2025-10-29 16:30:00,-28.14262,153.51309,1.38,2.17,8.33,5.28,22.68,84.23,0.04,151.74
Bilinga,4224,1761721200,2025-10-29 17:00:00,-28.14252,153.513,1.37,2.14,8.0,5.29,22.68,85.55,0.04,183.12
Bilinga,4224,1761723000,2025-10-29 17:30:00,-28.14245,153.51298,1.41,2.19,8.33,5.41,22.63,84.84,0.03,107.6
Bilinga,4224,1761724800,2025-10-29 18:00:00,-28.14244,153.51292,1.3,1.96,8.33,5.34,22.68,84.93,0.01,150.24
Bilinga,4224,1761726600,2025-10-29 18:30:00,-28.1424,153.51292,1.32,2.11,8.33,5.51,22.63,85.02,0.02,122.46
Bilinga,4224,1761728400,2025-10-29 19:00:00,-28.1424,153.51287,1.27,2.28,7.69,5.25,22.59,88.71,0.04,7.38
Bilinga,4224,1761730200,2025-10-29 19:30:00,-28.14235,153.51285,1.22,1.86,8.33,5.22,22.54,84.93,0.05,351.82
Bilinga,4224,1761732000,2025-10-29 20:00:00,-28.14232,153.51285,1.18,1.71,8.0,5.24,22.54,88.1,0.05,358.86
Bilinga,4224,1761733800,2025-10-29 20:30:00,-28.14229,153.51285,1.28,2.01,7.69,5.69,22.45,87.83,0.04,37.36
Bilinga,4224,1761735600,2025-10-29 21:00:00,-28.1422,153.51281,1.31,2.14,8.33,5.66,22.36,87.04,0.07,3.69
Bilinga,4224,1761737400,2025-10-29 21:30:00,-28.1421,153.51281,1.29,2.14,8.0,5.69,22.41,85.46,0.06,331.25
Bilinga,4224,1761739200,2025-10-29 22:00:00,-28.14205,153.51281,1.14,1.71,8.0,5.59,22.41,88.27,0.05,359.47
Bilinga,4224,1761741000,2025-10-29 22:30:00,-28.14203,153.51281,1.19,2.3,8.33,5.76,22.41,87.74,0.05,326.59
Bilinga,4224,1761742800,2025-10-29 23:00:00,-28.14203,153.51281,1.15,1.84,8.33,5.84,22.45,86.43,0.07,316.4
Bilinga,4224,1761744600,2025-10-29 23:30:00,-28.14198,153.51285,1.07,1.67,8.0,5.59,22.45,81.77,0.02,290.11
Bilinga,4224,1761746400,2025-10-30 00:00:00,-28.14198,153.51287,1.05,1.49,8.33,5.49,22.5,84.32,0.05,185.32
Bilinga,4224,1761748200,2025-10-30 00:30:00,-28.14195,153.51287,1.08,1.75,8.33,5.84,22.45,81.24,0.1,322.2
Bilinga,4224,1761750000,2025-10-30 01:00:00,-28.14195,153.51287,1.14,1.79,8.33,6.02,22.41,85.46,0.02,304.79
Bilinga,4224,1761751800,2025-10-30 01:30:00,-28.14196,153.51287,1.06,1.59,8.0,5.87,22.45,87.66,0.03,51.6
Bilinga,4224,1761753600,2025-10-30 02:00:00,-28.14198,153.51287,1.15,1.75,8.33,6.08,22.36,84.76,0.03,45.71
Bilinga,4224,1761755400,2025-10-30 02:30:00,-28.142,153.51285,1.04,1.74,8.7,5.88,22.41,80.71,0.08,357.19
Bilinga,4224,1761757200,2025-10-30 03:00:00,-28.142,153.51285,1.08,1.74,7.69,5.95,22.45,83.0,0.03,94.42
Bilinga,4224,1761759000,2025-10-30 03:30:00,-28.14202,153.51287,1.02,1.56,8.33,6.12,22.45,83.52,0.04,189.27
Bilinga,4224,1761760800,2025-10-30 04:00:00,-28.14203,153.51285,1.01,1.68,8.33,5.85,22.5,88.89,0.06,152.53
Bilinga,4224,1761762600,2025-10-30 04:30:00,-28.14207,153.51281,0.97,1.66,7.69,5.85,22.5,80.71,0.07,128.0
Bilinga,4224,1761764400,2025-10-30 05:00:00,-28.1421,153.51281,0.98,1.48,8.0,5.75,22.45,86.87,0.02,91.6
Bilinga,4224,1761766200,2025-10-30 05:30:00,-28.14207,153.51281,0.87,1.4,8.33,5.6,22.41,84.84,0.02,340.92
Bilinga,4224,1761768000,2025-10-30 06:00:00,-28.14208,153.51281,0.92,1.73,8.0,5.81,22.45,87.22,0.13,295.47
Bilinga,4224,1761769800,2025-10-30 06:30:00,-28.14211,153.51281,0.93,1.55,8.0,5.74,22.45,89.33,0.07,323.78
Bilinga,4224,1761771600,2025-10-30 07:00:00,-28.14217,153.51285,0.9,1.54,7.41,5.55,22.59,86.51,0.04,158.07
Bilinga,4224,1761773400,2025-10-30 07:30:00,-28.1422,153.51289,0.9,1.46,7.69,5.7,22.59,87.04,0.07,75.25
Bilinga,4224,1761775200,2025-10-30 08:00:00,-28.14223,153.51292,0.96,1.5,7.69,5.88,22.63,83.44,0.09,115.78
Bilinga,4224,1761777000,2025-10-30 08:30:00,-28.14229,153.51296,0.91,1.64,7.41,5.67,22.68,85.28,0.09,98.11
Bilinga,4224,1761778800,2025-10-30 09:00:00,-28.14232,153.51296,0.96,1.72,7.69,5.79,22.81,83.17,0.06,96.44
Bilinga,4224,1761780600,2025-10-30 09:30:00,-28.14238,153.51296,0.86,1.47,7.69,5.55,22.9,87.48,0.01,205.01
Bilinga,4224,1761782400,2025-10-30 10:00:00,-28.14244,153.513,0.91,1.61,8.0,5.34,23.04,92.58,0.03,194.64
Bilinga,4224,1761784200,2025-10-30 10:30:00,-28.1425,153.513,0.88,1.37,7.41,4.93,23.13,88.98,0.05,200.35
Bilinga,4224,1761786000,2025-10-30 11:00:00,-28.14257,153.513,0.92,1.47,8.0,4.71,23.22,93.02,0.04,125.63
Bilinga,4224,1761787800,2025-10-30 11:30:00,-28.14266,153.51311,0.99,1.57,8.0,4.59,23.22,89.85,0.07,176.53
Bilinga,4224,1761789600,2025-10-30 12:00:00,-28.14274,153.51319,0.95,1.61,7.69,4.43,23.13,94.43,0.06,154.73
Bilinga,4224,1761791400,2025-10-30 12:30:00,-28.14275,153.51324,0.95,1.78,7.69,4.33,23.13,95.04,0.03,113.49
Bilinga,4224,1761793200,2025-10-30 13:00:00,-28.14277,153.51326,0.99,1.8,7.41,4.42,23.13,101.72,0.08,170.99
Bilinga,4224,1761795000,2025-10-30 13:30:00,-28.14278,153.51328,0.93,1.59,7.14,4.19,23.13,92.58,0.11,142.95
Bilinga,4224,1761796800,2025-10-30 14:00:00,-28.14278,153.5133,0.95,1.52,8.7,4.15,23.08,98.38,0.04,103.74
Bilinga,4224,1761798600,2025-10-30 14:30:00,-28.14277,153.5133,0.99,1.73,7.41,4.2,23.04,96.27,0.08,111.03
Bilinga,4224,1761800400,2025-10-30 15:00:00,-28.14277,153.51334,0.92,1.48,8.0,4.07,23.04,93.63,0.04,133.01
Bilinga,4224,1761802200,2025-10-30 15:30:00,-28.14277,153.51339,1.0,1.59,8.0,4.06,23.04,93.2,0.1,104.26
Bilinga,4224,1761804000,2025-10-30 16:00:00,-28.14275,153.51339,0.98,1.58,7.69,4.08,22.99,90.91,0.07,103.47
Bilinga,4224,1761805800,2025-10-30 16:30:00,-28.14274,153.51339,0.97,1.55,7.14,4.1,22.99,95.48,0.09,115.52
Bilinga,4224,1761807600,2025-10-30 17:00:00,-28.14274,153.51337,1.0,1.57,7.69,4.16,22.99,93.55,0.07,118.86
Bilinga,4224,1761809400,2025-10-30 17:30:00,-28.14271,153.51339,0.95,1.41,7.41,4.13,22.99,93.99,0.05,78.24
Bilinga,4224,1761811200,2025-10-30 18:00:00,-28.14274,153.51332,0.94,1.47,7.14,4.39,23.04,92.58,0.07,100.92
Bilinga,4224,1761813000,2025-10-30 18:30:00,-28.14274,153.51337,0.86,1.71,8.0,4.26,23.04,93.72,0.06,102.68
Bilinga,4224,1761814800,2025-10-30 19:00:00,-28.14274,153.51337,0.85,1.4,7.14,4.32,23.04,91.35,0.05,56.88
Bilinga,4224,1761816600,2025-10-30 19:30:00,-28.14275,153.51337,0.83,1.45,7.69,4.33,23.04,89.85,0.04,53.8
Bilinga,4224,1761818400,2025-10-30 20:00:00,-28.14275,153.51337,0.88,1.4,7.41,4.36,22.99,93.2,0.09,85.63
Bilinga,4224,1761820200,2025-10-30 20:30:00,-28.14277,153.51337,0.78,1.37,7.41,4.12,22.99,90.47,0.02,50.81
Bilinga,4224,1761822000,2025-10-30 21:00:00,-28.14278,153.51334,0.78,1.24,8.7,4.04,22.99,93.63,0.05,110.51
Bilinga,4224,1761823800,2025-10-30 21:30:00,-28.14278,153.51337,0.75,1.4,9.09,4.02,22.95,94.07,0.02,269.89
Bilinga,4224,1761825600,2025-10-30 22:00:00,-28.14277,153.51334,0.76,1.13,8.7,4.23,22.95,91.7,0.02,318.07
Bilinga,4224,1761827400,2025-10-30 22:30:00,-28.14277,153.51332,0.73,1.11,8.7,4.24,22.9,94.95,0.01,15.12
Bilinga,4224,1761829200,2025-10-30 23:00:00,-28.14278,153.51332,0.68,1.01,7.41,4.07,22.9,93.11,0.05,32.44
Bilinga,4224,1761831000,2025-10-30 23:30:00,-28.14278,153.51332,0.68,1.14,9.09,4.13,22.9,92.84,0.09,49.93
Bilinga,4224,1761832800,2025-10-31 00:00:00,-28.14277,153.51332,0.7,1.07,11.11,4.19,22.9,87.83,0.07,44.48
Bilinga,4224,1761834600,2025-10-31 00:30:00,-28.14275,153.51334,0.72,1.19,9.52,4.2,22.9,90.91,0.12,41.85
Bilinga,4224,1761836400,2025-10-31 01:00:00,-28.14275,153.51339,0.69,1.25,9.52,4.32,22.9,93.46,0.11,55.03
Bilinga,4224,1761838200,2025-10-31 01:30:00,-28.14275,153.51343,0.69,1.28,9.09,4.25,22.95,89.94,0.12,12.84
Bilinga,4224,1761840000,2025-10-31 02:00:00,-28.14275,153.51341,0.7,1.39,7.69,4.44,22.95,88.71,0.09,17.58
Bilinga,4224,1761841800,2025-10-31 02:30:00,-28.14275,153.51341,0.69,1.17,10.0,4.33,22.9,92.76,0.06,38.86
Bilinga,4224,1761843600,2025-10-31 03:00:00,-28.14274,153.51343,0.71,1.08,9.52,4.35,22.95,91.88,0.06,301.01
Bilinga,4224,1761845400,2025-10-31 03:30:00,-28.14275,153.51339,0.67,1.03,10.53,4.36,22.95,86.25,0.1,58.11
Bilinga,4224,1761847200,2025-10-31 04:00:00,-28.14274,153.51343,0.71,1.16,11.11,4.67,22.95,85.02,0.07,280.44
Bilinga,4224,1761849000,2025-10-31 04:30:00,-28.14271,153.51347,0.68,1.15,9.09,4.6,22.99,87.83,0.04,227.96
Bilinga,4224,1761850800,2025-10-31 05:00:00,-28.1427,153.51347,0.72,1.23,10.53,4.92,22.95,87.13,0.06,193.32
Bilinga,4224,1761852600,2025-10-31 05:30:00,-28.14268,153.51347,0.69,1.33,10.0,4.94,22.9,84.93,0.04,171.08
Bilinga,4224,1761854400,2025-10-31 06:00:00,-28.1427,153.51347,0.67,1.0,9.09,4.9,22.9,87.48,0.04,210.81
Bilinga,4224,1761856200,2025-10-31 06:30:00,-28.14268,153.5135,0.7,1.24,10.0,5.06,22.9,84.76,0.09,262.24
Bilinga,4224,1761858000,2025-10-31 07:00:00,-28.14266,153.5135,0.76,1.21,10.53,5.28,22.95,86.51,0.07,232.88
Bilinga,4224,1761859800,2025-10-31 07:30:00,-28.14268,153.51347,0.72,1.39,10.0,5.08,22.99,88.98,0.06,258.73
Bilinga,4224,1761861600,2025-10-31 08:00:00,-28.14266,153.5135,0.71,1.4,10.0,5.17,23.04,88.36,0.06,234.55
Bilinga,4224,1761863400,2025-10-31 08:30:00,-28.1427,153.51347,0.73,1.21,10.53,4.69,23.13,87.74,0.03,221.45
Bilinga,4224,1761865200,2025-10-31 09:00:00,-28.14268,153.51347,0.73,1.23,10.53,4.52,23.08,90.12,0.04,179.08
Bilinga,4224,1761867000,2025-10-31 09:30:00,-28.14268,153.51347,0.71,1.12,9.52,4.31,23.13,87.74,0.05,166.68
Bilinga,4224,1761868800,2025-10-31 10:00:00,-28.14268,153.51343,0.71,1.14,10.0,4.23,23.13,83.35,0.06,185.41
Bilinga,4224,1761870600,2025-10-31 10:30:00,-28.14271,153.51345,0.76,1.36,9.09,4.27,23.17,87.92,0.05,162.29
Bilinga,4224,1761872400,2025-10-31 11:00:00,-28.1427,153.51343,0.76,1.47,10.53,4.24,23.17,87.48,0.04,164.57
Bilinga,4224,1761874200,2025-10-31 11:30:00,-28.14274,153.51341,0.75,1.16,9.09,4.11,23.17,91.7,0.07,168.09
Bilinga,4224,1761876000,2025-10-31 12:00:00,-28.14277,153.51339,0.79,1.27,10.53,4.16,23.17,92.49,0.08,157.89
Bilinga,4224,1761877800,2025-10-31 12:30:00,-28.14277,153.51339,0.79,1.22,9.09,4.13,23.17,91.44,0.06,144.44
Bilinga,4224,1761879600,2025-10-31 13:00:00,-28.14275,153.51339,0.79,1.28,10.53,4.2,23.31,92.05,0.1,128.97
Bilinga,4224,1761881400,2025-10-31 13:30:00,-28.14275,153.51341,0.84,1.44,11.11,4.3,23.4,92.93,0.09,140.48
Bilinga,4224,1761883200,2025-10-31 14:00:00,-28.14275,153.51341,0.81,1.37,10.53,4.18,23.35,90.73,0.09,141.54
Bilinga,4224,1761885000,2025-10-31 14:30:00,-28.14275,153.51347,0.85,1.39,10.0,4.21,23.4,93.55,0.12,156.75
Bilinga,4224,1761886800,2025-10-31 15:00:00,-28.14275,153.51341,0.8,1.49,10.53,4.15,23.31,92.32,0.13,110.95
Bilinga,4224,1761888600,2025-10-31 15:30:00,-28.14277,153.51343,0.79,1.31,5.41,4.23,23.26,80.98,0.07,83.08
Bilinga,4224,1761890400,2025-10-31 16:00:00,-28.14277,153.51345,0.77,1.25,11.11,4.16,23.26,94.25,0.11,79.03
Bilinga,4224,1761892200,2025-10-31 16:30:00,-28.14277,153.51343,0.77,1.18,4.88,4.15,23.26,80.54,0.1,84.31
Bilinga,4224,1761894000,2025-10-31 17:00:00,-28.14274,153.51347,0.78,1.26,4.88,4.13,23.26,75.88,0.11,72.09
Bilinga,4224,1761895800,2025-10-31 17:30:00,-28.14275,153.51347,0.75,1.45,10.0,4.18,23.26,95.66,0.11,50.11
Bilinga,4224,1761897600,2025-10-31 18:00:00,-28.14275,153.51347,0.79,1.28,9.09,4.35,23.26,93.99,0.11,67.08
Bilinga,4224,1761899400,2025-10-31 18:30:00,-28.14274,153.51347,0.78,1.24,5.0,4.42,23.26,83.0,0.07,102.33
Bilinga,4224,1761901200,2025-10-31 19:00:00,-28.1427,153.5135,0.76,1.5,4.88,4.38,23.26,77.37,0.01,133.8
Bilinga,4224,1761903000,2025-10-31 19:30:00,-28.14271,153.5135,0.73,1.12,4.26,4.45,23.26,58.82,0.04,355.96
Bilinga,4224,1761904800,2025-10-31 20:00:00,-28.14274,153.5135,0.75,1.17,11.76,4.65,23.26,82.91,0.08,117.01
Bilinga,4224,1761906600,2025-10-31 20:30:00,-28.1427,153.51352,0.7,1.16,4.55,4.44,23.26,68.84,0.04,163.69
Bilinga,4224,1761908400,2025-10-31 21:00:00,-28.14271,153.5135,0.67,1.2,4.35,4.35,23.26,59.96,0.06,125.36
Bilinga,4224,1761910200,2025-10-31 21:30:00,-28.14271,153.51347,0.66,1.08,4.88,4.43,23.22,70.78,0.02,354.81
Bilinga,4224,1761912000,2025-10-31 22:00:00,-28.14271,153.51354,0.61,0.99,4.44,4.44,23.26,72.71,0.02,253.1
Bilinga,4224,1761913800,2025-10-31 22:30:00,-28.14271,153.5135,0.64,0.97,4.65,4.41,23.22,60.58,0.03,127.3
Bilinga,4224,1761915600,2025-10-31 23:00:00,-28.14271,153.51347,0.65,1.11,9.52,4.51,23.17,84.14,0.05,298.46
Bilinga,4224,1761917400,2025-10-31 23:30:00,-28.14275,153.51343,0.61,1.05,4.88,4.46,23.17,59.79,0.06,335.91
Bilinga,4224,1761919200,2025-11-01 00:00:00,-28.14271,153.51343,0.65,0.95,4.76,4.49,23.17,59.96,0.03,306.55
Bilinga,4224,1761921000,2025-11-01 00:30:00,-28.14271,153.51343,0.68,1.05,4.55,4.54,23.13,61.02,0.05,278.68
Bilinga,4224,1761922800,2025-11-01 01:00:00,-28.14271,153.51341,0.69,1.12,4.65,4.53,23.13,61.37,0.07,175.3
Bilinga,4224,1761924600,2025-11-01 01:30:00,-28.14271,153.51343,0.69,0.95,4.55,4.48,23.13,57.5,0.07,288.97
Bilinga,4224,1761926400,2025-11-01 02:00:00,-28.14274,153.51341,0.67,1.21,4.44,4.41,23.13,52.93,0.08,210.99
Bilinga,4224,1761928200,2025-11-01 02:30:00,-28.14271,153.51341,0.69,1.21,5.13,4.44,23.08,68.67,0.04,136.35
Bilinga,4224,1761930000,2025-11-01 03:00:00,-28.14274,153.51341,0.71,1.27,4.88,4.53,23.04,56.01,0.08,104.0
Bilinga,4224,1761931800,2025-11-01 03:30:00,-28.14274,153.51343,0.69,1.35,4.76,4.54,23.04,57.94,0.07,16.79
Bilinga,4224,1761933600,2025-11-01 04:00:00,-28.14271,153.51347,0.66,1.13,5.56,4.59,23.04,75.88,0.03,311.47
Bilinga,4224,1761935400,2025-11-01 04:30:00,-28.14275,153.51345,0.69,1.06,5.26,4.73,22.99,69.9,0.04,52.4
Bilinga,4224,1761937200,2025-11-01 05:00:00,-28.14274,153.51345,0.71,1.33,5.56,4.81,22.99,67.96,0.09,109.1
Bilinga,4224,1761939000,2025-11-01 05:30:00,-28.14274,153.51347,0.7,1.17,9.09,4.81,22.99,84.49,0.09,31.65
Bilinga,4224,1761940800,2025-11-01 06:00:00,-28.14274,153.51347,0.73,1.31,5.71,4.92,22.99,72.45,0.04,336.53
Bilinga,4224,1761942600,2025-11-01 06:30:00,-28.14274,153.51352,0.68,1.08,6.06,4.77,22.99,75.7,0.06,72.44
Bilinga,4224,1761944400,2025-11-01 07:00:00,-28.14268,153.51356,0.67,1.06,5.88,4.84,23.04,78.34,0.05,32.79
Bilinga,4224,1761946200,2025-11-01 07:30:00,-28.14271,153.51347,0.69,1.4,5.41,4.71,23.17,67.96,0.07,81.41
Bilinga,4224,1761948000,2025-11-01 08:00:00,-28.14271,153.51352,0.69,1.13,5.13,4.67,23.26,74.03,0.12,97.85
Bilinga,4224,1761949800,2025-11-01 08:30:00,-28.14275,153.51347,0.68,1.2,5.41,4.63,23.31,73.5,0.1,56.26
Bilinga,4224,1761951600,2025-11-01 09:00:00,-28.14275,153.5135,0.71,1.15,5.56,4.52,23.49,67.96,0.07,74.64
Bilinga,4224,1761953400,2025-11-01 09:30:00,-28.14275,153.51352,0.73,1.06,5.41,4.44,23.49,76.58,0.11,59.16
Bilinga,4224,1761955200,2025-11-01 10:00:00,-28.14275,153.51347,0.72,1.24,5.88,4.21,23.54,74.38,0.08,76.57
Bilinga,4224,1761957000,2025-11-01 10:30:00,-28.14277,153.51347,0.72,1.35,5.41,3.95,23.63,76.32,0.08,110.15
Bilinga,4224,1761958800,2025-11-01 11:00:00,-28.14275,153.51347,0.74,1.43,5.56,3.91,23.54,71.83,0.07,116.57
Bilinga,4224,1761960600,2025-11-01 11:30:00,-28.14277,153.5135,0.8,1.43,5.56,4.09,23.63,58.56,0.13,114.9
Bilinga,4224,1761962400,2025-11-01 12:00:00,-28.14275,153.51352,0.81,1.25,5.26,4.05,23.67,66.82,0.12,120.18
Bilinga,4224,1761964200,2025-11-01 12:30:00,-28.14275,153.51347,0.87,1.33,5.26,3.94,23.54,67.52,0.12,127.21
Bilinga,4224,1761966000,2025-11-01 13:00:00,-28.14278,153.51354,0.84,1.4,5.88,3.83,23.54,77.9,0.1,146.9
Bilinga,4224,1761967800,2025-11-01 13:30:00,-28.1428,153.51356,0.87,1.29,5.88,3.78,23.54,73.94,0.13,134.33
Bilinga,4224,1761969600,2025-11-01 14:00:00,-28.1428,153.51356,0.98,1.75,6.25,3.88,23.63,67.17,0.17,119.38
Bilinga,4224,1761971400,2025-11-01 14:30:00,-28.14278,153.51362,1.0,1.78,6.25,3.97,23.63,66.38,0.17,140.4
Bilinga,4224,1761973200,2025-11-01 15:00:00,-28.14277,153.51371,0.96,1.61,6.45,3.98,23.63,63.48,0.16,119.56
Bilinga,4224,1761975000,2025-11-01 15:30:00,-28.14275,153.51371,0.98,1.77,5.88,3.98,23.54,65.94,0.13,117.01
Bilinga,4224,1761976800,2025-11-01 16:00:00,-28.14274,153.51371,0.99,1.73,6.45,4.11,23.49,71.22,0.18,122.64
Bilinga,4224,1761978600,2025-11-01 16:30:00,-28.14271,153.51373,1.02,1.69,6.25,4.06,23.49,74.91,0.14,101.89
Bilinga,4224,1761980400,2025-11-01 17:00:00,-28.14274,153.51373,1.04,1.89,6.25,4.16,23.54,67.96,0.18,99.87
Bilinga,4224,1761982200,2025-11-01 17:30:00,-28.14275,153.51371,0.97,1.62,6.45,4.03,23.54,67.79,0.16,105.85
Bilinga,4224,1761984000,2025-11-01 18:00:00,-28.14274,153.51373,1.02,1.62,6.06,3.95,23.54,76.14,0.11,82.02
Bilinga,4224,1761985800,2025-11-01 18:30:00,-28.14274,153.51373,1.09,1.88,6.45,4.12,23.54,74.03,0.12,80.35
Bilinga,4224,1761987600,2025-11-01 19:00:00,-28.14275,153.51371,1.08,1.83,6.45,4.11,23.49,68.76,0.14,118.95
Bilinga,4224,1761989400,2025-11-01 19:30:00,-28.14274,153.51375,1.03,2.0,5.71,4.05,23.58,71.39,0.18,109.45
Bilinga,4224,1761991200,2025-11-01 20:00:00,-28.14274,153.51377,1.0,1.71,6.45,4.18,23.63,71.48,0.18,88.53
Bilinga,4224,1761993000,2025-11-01 20:30:00,-28.14274,153.51375,1.0,1.48,6.25,4.45,23.63,76.4,0.17,96.62
Bilinga,4224,1761994800,2025-11-01 21:00:00,-28.14274,153.51375,0.93,1.58,6.67,4.51,23.54,73.41,0.12,88.97
Bilinga,4224,1761996600,2025-11-01 21:30:00,-28.14274,153.51373,0.95,1.72,6.67,4.47,23.63,73.85,0.1,50.29
Bilinga,4224,1761998400,2025-11-01 22:00:00,-28.14274,153.51373,0.95,1.69,6.25,4.31,23.63,77.55,0.11,71.91
Bilinga,4224,1762000200,2025-11-01 22:30:00,-28.14278,153.51367,0.96,1.94,6.06,4.39,23.76,82.03,0.1,72.09
Bilinga,4224,1762002000,2025-11-01 23:00:00,-28.14277,153.51371,0.9,1.4,6.25,4.52,23.81,78.07,0.1,105.23
Bilinga,4224,1762003800,2025-11-01 23:30:00,-28.14275,153.51371,0.86,1.57,6.45,4.47,23.76,77.55,0.03,64.26
Bilinga,4224,1762005600,2025-11-02 00:00:00,-28.14277,153.51367,0.93,1.45,6.25,4.13,23.67,81.06,0.07,59.69
Bilinga,4224,1762007400,2025-11-02 00:30:00,-28.14274,153.51369,0.88,1.68,6.06,4.14,23.63,80.01,0.07,55.03
Bilinga,4224,1762009200,2025-11-02 01:00:00,-28.14275,153.51371,0.88,1.37,5.56,4.17,23.58,88.62,0.12,98.9
Bilinga,4224,1762011000,2025-11-02 01:30:00,-28.14275,153.51369,0.92,1.61,5.88,4.27,23.54,77.63,0.13,109.27
Bilinga,4224,1762012800,2025-11-02 02:00:00,-28.14275,153.51367,0.98,1.77,5.71,4.39,23.54,84.23,0.09,71.3
Bilinga,4224,1762014600,2025-11-02 02:30:00,-28.14277,153.51369,0.94,1.45,6.25,4.4,23.54,92.32,0.09,110.77
Bilinga,4224,1762016400,2025-11-02 03:00:00,-28.14277,153.51371,0.89,2.07,6.06,4.37,23.49,79.48,0.09,95.65
Bilinga,4224,1762018200,2025-11-02 03:30:00,-28.14275,153.51371,1.0,1.71,6.25,4.6,23.44,89.85,0.07,56.0
Bilinga,4224,1762020000,2025-11-02 04:00:00,-28.14274,153.51369,0.95,1.47,6.25,4.63,23.44,76.76,0.06,73.93
Bilinga,4224,1762021800,2025-11-02 04:30:00,-28.14271,153.51371,1.0,1.83,5.88,4.76,23.4,78.16,0.07,37.1
Bilinga,4224,1762023600,2025-11-02 05:00:00,-28.14271,153.51371,1.02,1.54,5.71,4.8,23.35,72.71,0.05,87.21
Bilinga,4224,1762025400,2025-11-02 05:30:00,-28.14271,153.51373,1.0,1.51,5.88,4.71,23.31,68.76,0.09,47.91
Bilinga,4224,1762027200,2025-11-02 06:00:00,-28.14271,153.51371,1.09,1.74,5.88,4.89,23.31,73.24,0.07,14.07
Bilinga,4224,1762029000,2025-11-02 06:30:00,-28.14271,153.51371,1.09,1.67,6.06,4.88,23.49,77.28,0.16,21.1
Bilinga,4224,1762030800,2025-11-02 07:00:00,-28.14271,153.51369,1.1,1.79,6.45,4.93,23.67,77.28,0.12,63.82
Bilinga,4224,1762032600,2025-11-02 07:30:00,-28.14271,153.51371,1.07,1.9,6.25,4.78,23.76,72.36,0.09,37.54
Bilinga,4224,1762034400,2025-11-02 08:00:00,-28.14271,153.51367,1.08,1.78,6.45,4.91,23.76,73.59,0.03,90.11
Bilinga,4224,1762036200,2025-11-02 08:30:00,-28.14271,153.51369,1.04,1.65,5.88,4.88,23.9,56.89,0.04,141.36
Bilinga,4224,1762038000,2025-11-02 09:00:00,-28.14274,153.51367,1.0,1.59,6.67,4.71,23.9,75.61,0.01,330.29
Bilinga,4224,1762039800,2025-11-02 09:30:00,-28.14274,153.51371,1.03,1.59,5.88,4.74,24.04,62.25,0.07,132.92
Bilinga,4224,1762041600,2025-11-02 10:00:00,-28.14274,153.51367,0.96,1.5,6.25,4.57,23.9,66.29,0.02,197.36
Bilinga,4224,1762043400,2025-11-02 10:30:00,-28.14278,153.51362,0.98,1.56,5.88,4.48,23.95,50.91,0.09,136.09
Bilinga,4224,1762045200,2025-11-02 11:00:00,-28.1428,153.51358,1.05,1.77,5.88,4.44,23.85,63.3,0.07,128.44
Bilinga,4224,1762047000,2025-11-02 11:30:00,-28.1428,153.51356,0.97,1.48,6.06,4.08,23.85,61.28,0.04,148.92
Bilinga,4224,1762048800,2025-11-02 12:00:00,-28.1428,153.51356,1.0,1.83,6.45,3.99,23.81,81.33,0.12,152.88
Bilinga,4224,1762050600,2025-11-02 12:30:00,-28.14281,153.51356,1.01,1.95,6.45,4.07,23.85,76.76,0.19,129.67
Bilinga,4224,1762052400,2025-11-02 13:00:00,-28.14281,153.5136,0.99,1.63,6.67,3.9,23.72,82.29,0.14,135.56
Bilinga,4224,1762054200,2025-11-02 13:30:00,-28.1428,153.51362,0.98,1.55,5.88,3.81,23.72,62.78,0.14,126.59
Bilinga,4224,1762056000,2025-11-02 14:00:00,-28.14281,153.51362,0.99,1.77,6.45,3.74,23.76,80.71,0.17,113.93
Bilinga,4224,1762057800,2025-11-02 14:30:00,-28.1428,153.51365,1.04,1.94,5.56,3.78,23.72,62.43,0.14,115.34
Bilinga,4224,1762059600,2025-11-02 15:00:00,-28.14278,153.51367,1.06,1.68,5.71,3.88,23.76,60.32,0.14,78.33
Bilinga,4224,1762061400,2025-11-02 15:30:00,-28.14277,153.51369,1.09,1.8,6.06,3.96,23.76,67.7,0.16,101.1
Bilinga,4224,1762063200,2025-11-02 16:00:00,-28.14277,153.51369,1.03,1.58,6.67,3.89,23.67,86.34,0.13,128.88
Bilinga,4224,1762065000,2025-11-02 16:30:00,-28.14277,153.51369,1.06,1.64,6.25,3.86,23.72,79.39,0.17,127.82
Bilinga,4224,1762066800,2025-11-02 17:00:00,-28.14277,153.51369,1.07,1.64,6.9,3.94,23.76,76.05,0.19,116.48
Bilinga,4224,1762068600,2025-11-02 17:30:00,-28.14277,153.51371,1.02,1.6,6.45,4.05,23.67,78.69,0.14,121.58
Bilinga,4224,1762070400,2025-11-02 18:00:00,-28.14277,153.51369,1.01,1.83,6.9,4.14,23.67,81.06,0.18,125.19
Bilinga,4224,1762072200,2025-11-02 18:30:00,-28.14277,153.51369,1.03,1.7,6.67,4.19,23.63,82.21,0.15,110.68
Bilinga,4224,1762074000,2025-11-02 19:00:00,-28.14277,153.51371,1.08,1.79,6.67,4.43,23.63,78.07,0.18,114.81
Bilinga,4224,1762075800,2025-11-02 19:30:00,-28.14277,153.51373,1.06,1.75,6.67,4.32,23.76,79.22,0.16,94.07
Bilinga,4224,1762077600,2025-11-02 20:00:00,-28.14275,153.51373,1.04,1.5,6.45,4.35,23.72,84.32,0.17,97.32
Bilinga,4224,1762079400,2025-11-02 20:30:00,-28.14275,153.51373,1.1,1.67,6.25,4.39,23.67,76.76,0.12,73.32
Bilinga,4224,1762081200,2025-11-02 21:00:00,-28.14274,153.51373,1.08,2.09,6.67,4.38,23.85,77.72,0.16,81.23
Bilinga,4224,1762083000,2025-11-02 21:30:00,-28.14275,153.51371,1.2,1.78,5.88,4.45,23.99,55.57,0.1,61.63
Bilinga,4224,1762084800,2025-11-02 22:00:00,-28.14275,153.51371,1.19,1.98,6.45,4.44,24.17,72.71,0.13,80.62
Bilinga,4224,1762086600,2025-11-02 22:30:00,-28.14275,153.51371,1.22,2.24,6.06,4.44,23.99,68.05,0.1,54.15
Bilinga,4224,1762088400,2025-11-02 23:00:00,-28.14275,153.51371,1.18,1.88,6.06,4.47,23.99,66.82,0.14,86.86
Bilinga,4224,1762090200,2025-11-02 23:30:00,-28.14277,153.51369,1.19,1.96,5.71,4.32,23.99,36.14,0.15,111.91
Bilinga,4224,1762092000,2025-11-03 00:00:00,-28.14275,153.51371,1.17,1.71,5.71,4.2,23.9,57.15,0.13,80.18
Bilinga,4224,1762092000,2025-11-03 00:00:00,-28.14275,153.51369,1.17,1.71,5.71,4.2,23.9,57.15,0.13,80.18
Bilinga,4224,1762093800,2025-11-03 00:30:00,-28.14277,153.51367,1.29,1.87,5.88,4.23,23.76,49.59,0.14,137.67
Bilinga,4224,1762095600,2025-11-03 01:00:00,-28.1428,153.51362,1.38,2.61,5.88,4.37,23.67,53.37,0.12,116.48
Bilinga,4224,1762097400,2025-11-03 01:30:00,-28.14281,153.51362,1.36,2.67,6.25,4.33,23.63,55.83,0.11,111.74
Bilinga,4224,1762099200,2025-11-03 02:00:00,-28.14278,153.51367,1.35,2.06,5.88,4.33,23.63,47.83,0.13,139.69
Bilinga,4224,1762101000,2025-11-03 02:30:00,-28.14281,153.51362,1.35,2.29,5.88,4.36,23.63,44.84,0.15,132.57
Bilinga,4224,1762102800,2025-11-03 03:00:00,-28.1428,153.51365,1.38,2.32,5.88,4.53,23.58,42.73,0.15,108.57
Bilinga,4224,1762104600,2025-11-03 03:30:00,-28.1428,153.51362,1.28,2.08,6.06,4.38,23.54,47.3,0.1,104.35
Bilinga,4224,1762106400,2025-11-03 04:00:00,-28.14277,153.51369,1.33,2.13,6.25,4.55,23.63,49.33,0.12,114.02
Bilinga,4224,1762108200,2025-11-03 04:30:00,-28.14275,153.51371,1.36,2.12,5.88,4.66,23.63,46.34,0.12,65.58
Bilinga,4224,1762110000,2025-11-03 05:00:00,-28.14271,153.51373,1.39,2.46,5.88,4.64,23.67,44.05,0.12,49.58
Bilinga,4224,1762111800,2025-11-03 05:30:00,-28.14271,153.51373,1.26,1.96,6.06,4.37,23.81,55.04,0.16,120.62
Bilinga,4224,1762113600,2025-11-03 06:00:00,-28.14274,153.51371,1.31,2.47,6.25,4.46,23.72,58.56,0.15,106.46
Bilinga,4224,1762115400,2025-11-03 06:30:00,-28.14275,153.51371,1.29,2.17,6.06,4.42,23.67,50.21,0.2,104.26
Bilinga,4224,1762117200,2025-11-03 07:00:00,-28.14274,153.51373,1.26,2.24,5.88,4.29,23.49,39.92,0.2,125.36
Bilinga,4224,1762119000,2025-11-03 07:30:00,-28.14271,153.51375,1.26,2.42,5.71,4.27,23.4,44.84,0.22,111.91
Bilinga,4224,1762120800,2025-11-03 08:00:00,-28.14271,153.51373,1.26,2.11,6.25,4.27,23.44,56.27,0.17,131.52
Bilinga,4224,1762122600,2025-11-03 08:30:00,-28.14274,153.51371,1.2,2.43,6.25,4.14,23.4,50.73,0.16,128.26
Bilinga,4224,1762124400,2025-11-03 09:00:00,-28.14274,153.51375,1.16,1.94,6.25,4.12,23.31,57.24,0.14,110.59
Bilinga,4224,1762126200,2025-11-03 09:30:00,-28.14274,153.51373,1.17,2.0,6.25,4.08,23.35,54.87,0.15,139.34
Bilinga,4224,1762128000,2025-11-03 10:00:00,-28.14275,153.51373,1.2,1.9,6.25,4.16,23.44,60.14,0.15,138.73
Bilinga,4224,1762129800,2025-11-03 10:30:00,-28.14275,153.51373,1.14,1.91,5.56,4.12,23.54,48.01,0.18,112.18
Bilinga,4224,1762131600,2025-11-03 11:00:00,-28.14275,153.51371,1.18,1.96,5.88,4.11,23.54,51.0,0.12,101.8
Bilinga,4224,1762133400,2025-11-03 11:30:00,-28.14278,153.51371,1.24,1.97,6.67,4.15,23.58,63.92,0.14,122.2
Bilinga,4224,1762135200,2025-11-03 12:00:00,-28.14278,153.51367,1.22,1.89,5.56,4.0,23.54,43.79,0.15,107.43
Bilinga,4224,1762137000,2025-11-03 12:30:00,-28.14277,153.51369,1.25,1.9,6.25,3.99,23.49,61.99,0.13,102.95
Bilinga,4224,1762138800,2025-11-03 13:00:00,-28.14278,153.51367,1.27,1.97,4.55,3.99,23.49,25.85,0.21,125.01
Bilinga,4224,1762140600,2025-11-03 13:30:00,-28.1428,153.51362,1.31,2.21,5.88,4.05,23.49,44.05,0.17,127.82
Bilinga,4224,1762142400,2025-11-03 14:00:00,-28.1428,153.51369,1.3,2.46,5.56,4.08,23.49,41.06,0.24,145.49
Bilinga,4224,1762144200,2025-11-03 14:30:00,-28.14278,153.51367,1.36,2.28,6.06,4.08,23.49,48.8,0.15,126.24
Bilinga,4224,1762146000,2025-11-03 15:00:00,-28.14278,153.51369,1.27,2.07,6.25,4.03,23.44,50.73,0.18,145.93
Bilinga,4224,1762147800,2025-11-03 15:30:00,-28.14278,153.51371,1.33,2.32,6.25,4.06,23.4,54.34,0.19,122.29
Bilinga,4224,1762149600,2025-11-03 16:00:00,-28.14278,153.51371,1.33,2.24,5.41,4.12,23.4,37.81,0.22,131.87
Bilinga,4224,1762151400,2025-11-03 16:30:00,-28.14275,153.51371,1.37,2.17,6.06,4.2,23.35,53.72,0.17,119.21
Bilinga,4224,1762153200,2025-11-03 17:00:00,-28.14275,153.51373,1.38,3.05,6.25,4.2,23.26,57.41,0.2,133.45
Bilinga,4224,1762155000,2025-11-03 17:30:00,-28.14277,153.51371,1.41,2.5,5.88,4.25,23.22,49.41,0.21,139.08
Bilinga,4224,1762156800,2025-11-03 18:00:00,-28.14271,153.51377,1.41,3.06,5.88,4.33,23.17,44.84,0.14,122.55
Bilinga,4224,1762158600,2025-11-03 18:30:00,-28.14275,153.51373,1.44,2.22,6.06,4.36,23.17,56.45,0.19,114.11
Bilinga,4224,1762160400,2025-11-03 19:00:00,-28.14277,153.51371,1.4,2.39,6.06,4.35,23.13,51.35,0.17,135.38
Bilinga,4224,1762162200,2025-11-03 19:30:00,-28.14277,153.51373,1.56,2.55,6.25,4.44,23.04,47.48,0.23,123.08
Bilinga,4224,1762164000,2025-11-03 20:00:00,-28.14277,153.51373,1.54,2.57,5.71,4.47,23.04,37.37,0.16,112.35
Bilinga,4224,1762165800,2025-11-03 20:30:00,-28.14274,153.51377,1.52,2.88,6.25,4.51,22.99,48.62,0.16,118.68
Bilinga,4224,1762167600,2025-11-03 21:00:00,-28.14275,153.51373,1.53,2.71,6.25,4.54,23.04,37.28,0.17,98.99
Bilinga,4224,1762169400,2025-11-03 21:30:00,-28.14275,153.51375,1.56,2.63,6.45,4.64,23.04,50.38,0.18,105.67
Bilinga,4224,1762171200,2025-11-03 22:00:00,-28.14277,153.51373,1.62,2.61,6.25,4.78,23.31,42.91,0.2,92.4
Bilinga,4224,1762173000,2025-11-03 22:30:00,-28.14278,153.51371,1.74,3.07,6.67,4.77,23.44,44.05,0.17,95.82
Bilinga,4224,1762174800,2025-11-03 23:00:00,-28.14278,153.51371,1.58,2.57,6.25,4.6,23.35,42.03,0.15,101.45
Bilinga,4224,1762176600,2025-11-03 23:30:00,-28.14278,153.51371,1.58,3.04,6.25,4.7,23.17,38.6,0.16,79.12
Bilinga,4224,1762178400,2025-11-04 00:00:00,-28.14275,153.51375,1.51,2.82,5.88,4.62,23.13,44.4,0.12,75.16
Bilinga,4224,1762178400,2025-11-04 00:00:00,-28.14274,153.51373,1.51,2.82,5.88,4.62,23.13,44.4,0.12,75.16
Bilinga,4224,1762180200,2025-11-04 00:30:00,-28.14274,153.51373,1.55,2.4,6.45,4.73,23.13,44.49,0.17,115.87
Bilinga,4224,1762182000,2025-11-04 01:00:00,-28.14277,153.51371,1.51,2.67,6.25,4.67,23.13,43.79,0.14,92.92
Bilinga,4224,1762183800,2025-11-04 01:30:00,-28.14277,153.51371,1.5,2.91,6.25,4.7,23.13,42.12,0.08,100.04
Bilinga,4224,1762185600,2025-11-04 02:00:00,-28.14277,153.51371,1.49,2.28,6.45,4.79,23.17,46.95,0.13,87.47
Bilinga,4224,1762187400,2025-11-04 02:30:00,-28.14278,153.51362,1.41,2.57,6.06,4.76,23.31,42.03,0.17,82.2
Bilinga,4224,1762189200,2025-11-04 03:00:00,-28.14277,153.51365,1.27,2.15,6.25,4.65,23.31,43.88,0.13,94.51
Bilinga,4224,1762191000,2025-11-04 03:30:00,-28.14275,153.51365,1.3,2.48,6.25,4.75,23.26,46.95,0.07,70.33
Bilinga,4224,1762192800,2025-11-04 04:00:00,-28.14277,153.51362,1.28,2.31,6.25,4.69,23.31,40.54,0.08,9.58
Bilinga,4224,1762194600,2025-11-04 04:30:00,-28.14274,153.5136,1.25,2.2,6.06,4.76,23.4,41.15,0.06,48.53
Bilinga,4224,1762196400,2025-11-04 05:00:00,-28.14277,153.51358,1.2,2.09,6.25,4.62,23.44,44.67,0.04,358.42
Bilinga,4224,1762198200,2025-11-04 05:30:00,-28.14277,153.51365,1.18,1.79,6.25,4.78,23.4,43.0,0.03,345.76
Bilinga,4224,1762200000,2025-11-04 06:00:00,-28.14275,153.51371,1.04,1.78,6.45,4.73,23.44,47.83,0.07,22.07
Bilinga,4224,1762201800,2025-11-04 06:30:00,-28.14275,153.51371,1.04,1.92,5.71,4.8,23.49,37.11,0.05,56.44
Bilinga,4224,1762203600,2025-11-04 07:00:00,-28.14274,153.51371,1.04,1.74,6.45,4.83,23.4,48.36,0.03,85.63
Bilinga,4224,1762205400,2025-11-04 07:30:00,-28.14274,153.51371,1.0,1.61,5.88,4.78,23.4,43.96,0.07,46.86
Bilinga,4224,1762207200,2025-11-04 08:00:00,-28.14271,153.51371,0.98,1.75,6.25,4.85,23.31,46.16,0.06,42.81
Bilinga,4224,1762209000,2025-11-04 08:30:00,-28.1427,153.51375,0.9,1.31,6.25,4.78,23.31,45.46,0.08,42.2
Bilinga,4224,1762210800,2025-11-04 09:00:00,-28.14271,153.51375,0.89,1.35,8.7,4.78,23.31,73.59,0.07,40.88
Bilinga,4224,1762212600,2025-11-04 09:30:00,-28.14271,153.51377,0.82,1.28,6.25,4.62,23.26,50.91,0.05,19.87
Bilinga,4224,1762214400,2025-11-04 10:00:00,-28.14277,153.51371,0.8,1.37,6.67,4.78,23.26,59.61,0.07,24.26
Bilinga,4224,1762216200,2025-11-04 10:30:00,-28.14277,153.51369,0.84,1.22,6.25,4.82,23.31,50.21,0.08,8.97
Bilinga,4224,1762218000,2025-11-04 11:00:00,-28.14277,153.51365,0.78,1.31,6.06,4.68,23.49,54.78,0.06,351.03
Bilinga,4224,1762219800,2025-11-04 11:30:00,-28.14275,153.51367,0.79,1.18,8.0,4.47,23.63,74.47,0.06,56.62
Bilinga,4224,1762221600,2025-11-04 12:00:00,-28.14277,153.51362,0.8,1.64,6.25,4.37,23.63,52.93,0.04,357.8
Bilinga,4224,1762223400,2025-11-04 12:30:00,-28.14278,153.51358,0.82,1.26,6.25,4.28,23.67,51.88,0.03,62.51
Bilinga,4224,1762225200,2025-11-04 13:00:00,-28.14281,153.5135,0.75,1.35,7.14,4.02,23.58,66.56,0.02,23.65
Bilinga,4224,1762227000,2025-11-04 13:30:00,-28.1428,153.51343,0.79,1.33,6.06,4.03,23.76,45.99,0.01,155.52
Bilinga,4224,1762228800,2025-11-04 14:00:00,-28.14278,153.51337,0.85,1.3,6.25,4.15,23.67,60.84,0.04,182.33
Bilinga,4224,1762230600,2025-11-04 14:30:00,-28.14278,153.51326,0.84,1.37,6.67,3.96,23.35,66.29,0.03,191.3
Bilinga,4224,1762232400,2025-11-04 15:00:00,-28.14277,153.51326,0.84,1.47,6.45,3.87,23.13,64.54,0.04,166.33
Bilinga,4224,1762234200,2025-11-04 15:30:00,-28.14278,153.51326,0.84,1.51,5.71,3.75,22.95,57.68,0.07,166.86
Bilinga,4224,1762236000,2025-11-04 16:00:00,-28.14281,153.51328,0.86,1.41,6.06,3.83,22.9,63.3,0.06,133.8
Bilinga,4224,1762237800,2025-11-04 16:30:00,-28.14277,153.5133,0.91,1.39,6.25,3.79,22.86,62.6,0.05,104.35
Bilinga,4224,1762239600,2025-11-04 17:00:00,-28.1428,153.51328,0.93,1.63,6.25,3.79,22.81,63.3,0.07,125.01
Bilinga,4224,1762241400,2025-11-04 17:30:00,-28.14281,153.51328,0.93,1.55,5.88,3.84,22.81,57.06,0.07,76.75
Bilinga,4224,1762243200,2025-11-04 18:00:00,-28.1428,153.51332,0.9,1.65,6.06,3.84,22.77,68.32,0.07,134.68
Bilinga,4224,1762245000,2025-11-04 18:30:00,-28.14281,153.51339,0.88,1.76,6.25,3.86,22.68,60.58,0.07,102.24
Bilinga,4224,1762246800,2025-11-04 19:00:00,-28.1428,153.51337,0.9,1.48,5.71,3.85,22.77,55.66,0.06,123.96
Bilinga,4224,1762248600,2025-11-04 19:30:00,-28.1428,153.51345,0.86,1.54,5.56,3.85,22.77,61.19,0.06,66.37
Bilinga,4224,1762250400,2025-11-04 20:00:00,-28.14275,153.51358,0.87,1.53,5.71,3.86,22.99,55.3,0.06,32.79
Bilinga,4224,1762252200,2025-11-04 20:30:00,-28.1427,153.5136,0.85,1.94,5.71,4.01,23.17,46.69,0.12,49.05
Bilinga,4224,1762254000,2025-11-04 21:00:00,-28.14257,153.5135,0.81,1.52,5.88,4.03,23.31,52.58,0.1,25.14
Bilinga,4224,1762255800,2025-11-04 21:30:00,-28.14244,153.51337,0.78,1.23,5.56,4.11,23.49,53.9,0.05,43.78
Bilinga,4224,1762257600,2025-11-04 22:00:00,-28.14238,153.51326,0.74,1.29,5.56,4.15,23.63,42.91,0.07,16.26
Bilinga,4224,1762259400,2025-11-04 22:30:00,-28.14233,153.51326,0.69,1.16,5.71,4.26,23.63,52.14,0.02,32.44
Bilinga,4224,1762261200,2025-11-04 23:00:00,-28.1423,153.51319,0.67,1.0,8.0,4.29,23.49,67.61,0.01,294.95
Bilinga,4224,1762263000,2025-11-04 23:30:00,-28.14226,153.51317,0.62,0.93,5.41,4.19,23.49,49.68,0.02,84.75
Bilinga,4224,1762264800,2025-11-05 00:00:00,-28.14225,153.51317,0.59,1.08,5.41,4.4,23.31,49.06,0.02,148.31
Bilinga,4224,1762264800,2025-11-05 00:00:00,-28.14225,153.51315,0.59,1.08,5.41,4.4,23.31,49.06,0.02,148.31
Bilinga,4224,1762266600,2025-11-05 00:30:00,-28.14223,153.51313,0.58,1.0,5.71,4.59,23.17,51.35,0.07,217.14
Bilinga,4224,1762268400,2025-11-05 01:00:00,-28.14225,153.51311,0.56,0.94,8.7,4.75,23.04,67.09,0.07,188.84
Bilinga,4224,1762270200,2025-11-05 01:30:00,-28.14223,153.51311,0.56,0.98,8.33,4.78,22.9,68.76,0.05,272.35
Bilinga,4224,1762272000,2025-11-05 02:00:00,-28.14223,153.51309,0.58,0.87,8.0,5.01,22.81,73.41,0.04,220.31
Bilinga,4224,1762273800,2025-11-05 02:30:00,-28.14223,153.51309,0.56,0.93,5.71,4.96,22.72,52.32,0.06,255.47
Bilinga,4224,1762275600,2025-11-05 03:00:00,-28.14223,153.51309,0.54,0.92,5.13,4.82,22.63,47.22,0.03,216.53
Bilinga,4224,1762277400,2025-11-05 03:30:00,-28.14225,153.51307,0.55,0.95,5.26,4.92,22.59,45.19,0.04,275.34
Bilinga,4224,1762279200,2025-11-05 04:00:00,-28.1423,153.51309,0.58,0.98,9.09,4.98,22.59,71.48,0.04,193.32
Bilinga,4224,1762281000,2025-11-05 04:30:00,-28.14232,153.51311,0.54,0.94,5.41,5.12,22.5,49.77,0.07,269.71
Bilinga,4224,1762282800,2025-11-05 05:00:00,-28.1423,153.51311,0.56,0.84,9.09,5.19,22.5,69.99,0.05,275.69
Bilinga,4224,1762284600,2025-11-05 05:30:00,-28.1423,153.51311,0.57,0.95,9.52,5.23,22.45,67.7,0.05,306.11
Bilinga,4224,1762286400,2025-11-05 06:00:00,-28.14233,153.51319,0.57,0.96,9.09,5.21,22.45,64.36,0.03,256.26
Bilinga,4224,1762288200,2025-11-05 06:30:00,-28.14238,153.51324,0.54,0.95,8.33,5.1,22.45,71.13,0.01,263.38
Bilinga,4224,1762290000,2025-11-05 07:00:00,-28.14238,153.51326,0.48,0.84,8.7,4.65,22.41,73.33,0.03,293.45
Bilinga,4224,1762291800,2025-11-05 07:30:00,-28.1424,153.51326,0.52,0.85,9.09,4.78,22.41,65.06,0.03,328.0
Bilinga,4224,1762293600,2025-11-05 08:00:00,-28.14241,153.51332,0.5,0.9,9.52,4.62,22.41,65.33,0.02,208.62
Bilinga,4224,1762295400,2025-11-05 08:30:00,-28.14245,153.51334,0.53,1.15,8.7,4.97,22.41,67.52,0.03,226.46
Bilinga,4224,1762297200,2025-11-05 09:00:00,-28.14247,153.51337,0.53,0.88,9.09,4.89,22.45,68.23,0.04,308.66
Bilinga,4224,1762299000,2025-11-05 09:30:00,-28.1425,153.51332,0.54,0.9,9.09,3.83,22.5,69.72,0.04,223.12
Bilinga,4224,1762300800,2025-11-05 10:00:00,-28.14253,153.51324,0.59,1.13,8.7,3.92,22.5,70.6,0.04,180.04
Bilinga,4224,1762302600,2025-11-05 10:30:00,-28.14253,153.51322,0.54,1.02,8.7,3.63,22.45,72.54,0.06,234.55
Bilinga,4224,1762304400,2025-11-05 11:00:00,-28.14255,153.51317,0.55,0.88,9.09,3.63,22.45,73.24,0.02,224.26
Bilinga,4224,1762306200,2025-11-05 11:30:00,-28.14255,153.51317,0.54,0.89,8.33,3.51,22.36,74.38,0.08,257.14
Bilinga,4224,1762308000,2025-11-05 12:00:00,-28.14255,153.51315,0.56,1.22,8.33,3.64,22.32,75.79,0.02,260.75
Bilinga,4224,1762309800,2025-11-05 12:30:00,-28.1425,153.51309,0.57,0.95,8.33,3.64,22.32,75.17,0.04,234.73
Bilinga,4224,1762311600,2025-11-05 13:00:00,-28.1425,153.51307,0.55,0.99,8.7,3.92,22.32,70.51,0.06,208.62
Bilinga,4224,1762313400,2025-11-05 13:30:00,-28.14248,153.51305,0.59,1.07,8.7,4.01,22.23,75.09,0.05,199.03
Bilinga,4224,1762315200,2025-11-05 14:00:00,-28.14247,153.51302,0.6,0.98,8.33,3.88,22.23,73.94,0.08,210.46
Bilinga,4224,1762317000,2025-11-05 14:30:00,-28.14247,153.513,0.56,1.06,8.33,3.65,22.23,70.43,0.06,232.18
Bilinga,4224,1762318800,2025-11-05 15:00:00,-28.14247,153.513,0.59,1.12,8.7,3.89,22.23,68.58,0.07,178.2
Bilinga,4224,1762320600,2025-11-05 15:30:00,-28.14247,153.513,0.59,0.94,8.0,3.87,22.18,66.65,0.06,208.26
Bilinga,4224,1762322400,2025-11-05 16:00:00,-28.14244,153.51302,0.56,0.93,8.7,3.82,22.18,71.04,0.05,225.58
Bilinga,4224,1762324200,2025-11-05 16:30:00,-28.14241,153.513,0.58,0.91,8.0,4.08,22.18,68.93,0.03,190.24
Bilinga,4224,1762326000,2025-11-05 17:00:00,-28.14247,153.51302,0.58,1.08,7.69,4.04,22.18,67.88,0.02,285.71
Bilinga,4224,1762327800,2025-11-05 17:30:00,-28.1425,153.51305,0.6,1.07,8.7,4.28,22.18,69.9,0.02,193.58
Bilinga,4224,1762329600,2025-11-05 18:00:00,-28.14248,153.51305,0.59,0.86,8.33,4.05,22.18,63.39,0.02,354.02
Bilinga,4224,1762331400,2025-11-05 18:30:00,-28.14244,153.51305,0.58,0.9,8.33,4.26,22.18,69.28,0.01,310.95
Bilinga,4224,1762333200,2025-11-05 19:00:00,-28.14238,153.51302,0.55,0.86,8.0,4.11,22.18,73.5,0.01,340.48
Bilinga,4224,1762335000,2025-11-05 19:30:00,-28.14238,153.51302,0.61,1.2,9.09,4.55,22.14,73.33,0.03,217.58
Bilinga,4224,1762336800,2025-11-05 20:00:00,-28.14235,153.51302,0.59,0.86,8.7,4.42,22.1,73.59,0.02,68.48
Bilinga,4224,1762338600,2025-11-05 20:30:00,-28.1423,153.51309,0.56,1.03,8.33,4.59,22.05,73.85,0.05,269.19
Bilinga,4224,1762340400,2025-11-05 21:00:00,-28.14229,153.51311,0.59,0.95,8.7,4.72,22.05,68.67,0.11,303.74
Bilinga,4224,1762342200,2025-11-05 21:30:00,-28.14225,153.51313,0.6,0.95,9.09,4.75,22.05,74.91,0.05,326.51
Bilinga,4224,1762344000,2025-11-05 22:00:00,-28.14223,153.51313,0.58,1.09,8.33,4.83,22.05,72.89,0.1,319.38
Bilinga,4224,1762345800,2025-11-05 22:30:00,-28.14222,153.51315,0.58,0.96,8.7,5.04,22.05,72.62,0.06,318.59
Bilinga,4224,1762347600,2025-11-05 23:00:00,-28.14222,153.51315,0.58,0.83,8.33,4.95,22.05,75.26,0.08,317.1
Bilinga,4224,1762349400,2025-11-05 23:30:00,-28.14217,153.51315,0.61,0.95,9.09,5.18,22.01,77.9,0.06,323.08
Bilinga,4224,1762351200,2025-11-06 00:00:00,-28.14217,153.51317,0.59,0.89,8.33,5.14,22.01,67.88,0.1,315.6
Bilinga,4224,1762353000,2025-11-06 00:30:00,-28.14217,153.51317,0.55,1.0,8.7,5.29,21.96,75.09,0.09,316.48
Bilinga,4224,1762354800,2025-11-06 01:00:00,-28.14215,153.51317,0.55,0.91,8.7,5.13,21.96,70.6,0.07,318.24
Bilinga,4224,1762356600,2025-11-06 01:30:00,-28.14217,153.51317,0.53,0.96,8.7,5.09,21.96,76.76,0.08,322.11
Bilinga,4224,1762358400,2025-11-06 02:00:00,-28.14218,153.51315,0.55,0.92,9.09,5.37,21.96,73.94,0.1,1.58
Bilinga,4224,1762360200,2025-11-06 02:30:00,-28.14222,153.51311,0.56,0.96,8.7,5.32,21.96,71.83,0.1,330.11
Bilinga,4224,1762362000,2025-11-06 03:00:00,-28.14226,153.51305,0.54,0.86,9.09,5.27,21.92,72.54,0.07,324.75
Bilinga,4224,1762363800,2025-11-06 03:30:00,-28.14226,153.51311,0.53,0.9,8.7,5.27,21.92,71.3,0.11,354.73
Bilinga,4224,1762365600,2025-11-06 04:00:00,-28.14226,153.51311,0.53,0.83,8.33,5.35,21.92,74.65,0.09,338.29
Bilinga,4224,1762367400,2025-11-06 04:30:00,-28.14226,153.51313,0.53,0.81,9.52,5.31,21.92,78.78,0.07,351.56
Bilinga,4224,1762369200,2025-11-06 05:00:00,-28.14226,153.51313,0.52,0.82,8.7,5.46,21.92,72.89,0.06,341.27
Bilinga,4224,1762371000,2025-11-06 05:30:00,-28.14232,153.51319,0.54,0.77,8.33,5.49,21.92,74.38,0.05,342.24
Bilinga,4224,1762372800,2025-11-06 06:00:00,-28.14237,153.51322,0.52,0.78,9.52,5.56,21.92,77.72,0.07,17.93
Bilinga,4224,1762374600,2025-11-06 06:30:00,-28.14241,153.51328,0.55,0.9,9.52,5.67,21.92,74.12,0.03,53.1
Bilinga,4224,1762376400,2025-11-06 07:00:00,-28.14252,153.51339,0.58,1.01,9.09,5.5,21.92,69.19,0.09,55.21
Bilinga,4224,1762378200,2025-11-06 07:30:00,-28.14263,153.51347,0.6,0.96,9.09,5.69,21.92,68.49,0.04,38.51
Bilinga,4224,1762380000,2025-11-06 08:00:00,-28.14271,153.51356,0.51,0.84,8.33,4.87,21.96,70.87,0.07,321.58
Bilinga,4224,1762381800,2025-11-06 08:30:00,-28.14271,153.51362,0.54,0.84,8.7,4.92,22.05,66.47,0.06,277.27
Bilinga,4224,1762383600,2025-11-06 09:00:00,-28.14271,153.51365,0.53,0.87,9.09,4.57,22.1,71.83,0.04,203.43
Bilinga,4224,1762385400,2025-11-06 09:30:00,-28.1427,153.51367,0.56,0.95,9.52,4.66,22.18,72.01,0.07,228.84
Bilinga,4224,1762387200,2025-11-06 10:00:00,-28.14271,153.51369,0.56,0.85,9.09,4.68,22.23,74.82,0.06,177.32
Bilinga,4224,1762389000,2025-11-06 10:30:00,-28.14268,153.51369,0.6,0.92,8.7,4.82,22.32,72.1,0.07,227.16
Bilinga,4224,1762390800,2025-11-06 11:00:00,-28.1427,153.51369,0.59,0.94,9.52,4.5,22.36,68.4,0.08,191.21
Bilinga,4224,1762392600,2025-11-06 11:30:00,-28.14271,153.51369,0.58,1.01,9.09,4.26,22.41,67.52,0.06,239.74
Bilinga,4224,1762394400,2025-11-06 12:00:00,-28.14271,153.51367,0.51,0.89,8.7,3.9,22.45,69.99,0.08,211.16
Bilinga,4224,1762396200,2025-11-06 12:30:00,-28.14271,153.51367,0.55,1.2,9.09,3.88,22.45,68.05,0.06,247.03
Bilinga,4224,1762398000,2025-11-06 13:00:00,-28.14274,153.51367,0.63,1.21,9.09,4.18,22.41,69.28,0.04,188.66
Bilinga,4224,1762399800,2025-11-06 13:30:00,-28.14271,153.51369,0.57,1.06,9.09,3.82,22.41,70.51,0.02,168.79
Bilinga,4224,1762401600,2025-11-06 14:00:00,-28.14274,153.51367,0.56,0.91,9.09,3.68,22.45,75.44,0.04,184.44
Bilinga,4224,1762403400,2025-11-06 14:30:00,-28.14274,153.51365,0.57,0.91,9.09,3.67,22.41,72.45,0.03,246.86
Bilinga,4224,1762405200,2025-11-06 15:00:00,-28.14275,153.51365,0.58,1.04,8.33,3.67,22.41,68.58,0.04,165.1
Bilinga,4224,1762407000,2025-11-06 15:30:00,-28.14275,153.5136,0.61,1.0,9.09,3.69,22.41,67.0,0.03,168.35
Bilinga,4224,1762408800,2025-11-06 16:00:00,-28.14274,153.51356,0.59,0.95,9.52,3.64,22.41,66.91,0.03,112.18
Bilinga,4224,1762410600,2025-11-06 16:30:00,-28.14274,153.51356,0.58,0.98,9.09,3.7,22.41,66.47,0.05,153.41
Bilinga,4224,1762412400,2025-11-06 17:00:00,-28.14277,153.51356,0.57,1.29,9.09,3.67,22.36,70.78,0.08,159.21
Bilinga,4224,1762414200,2025-11-06 17:30:00,-28.14275,153.51352,0.56,0.9,8.7,3.77,22.36,73.5,0.04,194.73
Bilinga,4224,1762416000,2025-11-06 18:00:00,-28.14275,153.5135,0.63,0.94,8.33,4.12,22.32,78.69,0.02,118.33
Bilinga,4224,1762417800,2025-11-06 18:30:00,-28.14274,153.51347,0.63,1.01,8.33,4.09,22.32,77.72,0.03,185.05
Bilinga,4224,1762419600,2025-11-06 19:00:00,-28.14271,153.51343,0.58,0.9,9.09,4.06,22.32,74.82,0.05,155.25
Bilinga,4224,1762421400,2025-11-06 19:30:00,-28.14274,153.5135,0.6,0.97,9.09,4.1,22.54,76.76,0.11,171.43
Bilinga,4224,1762423200,2025-11-06 20:00:00,-28.14274,153.5136,0.61,1.09,8.7,4.26,22.54,75.7,0.11,125.1
Bilinga,4224,1762425000,2025-11-06 20:30:00,-28.14274,153.51365,0.61,1.01,8.7,4.32,22.45,80.89,0.08,83.34
Bilinga,4224,1762426800,2025-11-06 21:00:00,-28.14275,153.51362,0.61,1.12,9.09,4.52,22.45,80.71,0.05,112.0
Bilinga,4224,1762428600,2025-11-06 21:30:00,-28.14274,153.51369,0.58,1.03,9.09,4.46,22.45,73.33,0.05,167.91
Bilinga,4224,1762430400,2025-11-06 22:00:00,-28.1427,153.51365,0.61,1.18,8.0,4.68,22.41,81.94,0.05,104.0
Bilinga,4224,1762432200,2025-11-06 22:30:00,-28.14274,153.51362,0.6,0.95,8.33,4.68,22.36,82.12,0.02,131.34
Bilinga,4224,1762434000,2025-11-06 23:00:00,-28.14271,153.51362,0.57,1.03,5.13,4.61,22.36,91.35,0.03,127.82
Bilinga,4224,1762435800,2025-11-06 23:30:00,-28.14271,153.51362,0.58,0.83,8.33,4.72,22.32,79.66,0.03,2.02
Bilinga,4224,1762437600,2025-11-07 00:00:00,-28.14271,153.51362,0.58,0.99,8.33,4.67,22.32,74.56,0.02,134.24
Bilinga,4224,1762437600,2025-11-07 00:00:00,-28.14274,153.51362,0.58,0.99,8.33,4.67,22.32,74.56,0.02,134.24
Bilinga,4224,1762439400,2025-11-07 00:30:00,-28.14271,153.51362,0.55,0.93,8.33,4.83,22.27,77.9,0.02,327.91
Bilinga,4224,1762441200,2025-11-07 01:00:00,-28.1427,153.51362,0.57,0.88,8.7,4.72,22.27,78.34,0.04,352.97
Bilinga,4224,1762443000,2025-11-07 01:30:00,-28.1427,153.51362,0.58,0.92,8.33,4.77,22.27,73.5,0.06,19.16
Bilinga,4224,1762444800,2025-11-07 02:00:00,-28.14268,153.51365,0.59,1.15,8.7,4.72,22.18,73.94,0.04,7.12
Bilinga,4224,1762446600,2025-11-07 02:30:00,-28.1427,153.51365,0.59,1.07,8.7,4.76,22.18,67.17,0.01,17.23
Bilinga,4224,1762448400,2025-11-07 03:00:00,-28.1427,153.51362,0.55,0.92,8.7,4.6,22.18,71.74,0.04,20.04
Bilinga,4224,1762450200,2025-11-07 03:30:00,-28.14271,153.51367,0.57,0.96,8.7,4.79,22.18,71.04,0.08,42.2
Bilinga,4224,1762452000,2025-11-07 04:00:00,-28.14275,153.51367,0.62,0.93,8.33,4.96,22.18,71.04,0.08,47.74
Bilinga,4224,1762453800,2025-11-07 04:30:00,-28.14274,153.51367,0.57,0.93,8.7,4.82,22.18,71.04,0.08,68.13
Bilinga,4224,1762455600,2025-11-07 05:00:00,-28.14275,153.51367,0.58,0.97,8.0,4.97,22.18,73.68,0.12,85.36
Bilinga,4224,1762457400,2025-11-07 05:30:00,-28.14275,153.51369,0.55,0.87,8.33,4.95,22.18,76.49,0.11,78.42
Bilinga,4224,1762459200,2025-11-07 06:00:00,-28.14274,153.51369,0.57,0.83,8.33,4.89,22.14,74.65,0.13,102.95
Bilinga,4224,1762461000,2025-11-07 06:30:00,-28.14275,153.51369,0.56,1.0,8.7,4.99,22.14,74.03,0.13,106.64
Bilinga,4224,1762462800,2025-11-07 07:00:00,-28.14274,153.51369,0.57,0.88,8.7,5.04,22.18,76.67,0.07,123.69
Bilinga,4224,1762464600,2025-11-07 07:30:00,-28.14274,153.51369,0.57,1.03,8.33,5.13,22.18,79.22,0.17,110.42
Bilinga,4224,1762466400,2025-11-07 08:00:00,-28.14274,153.51369,0.58,1.04,8.33,5.01,22.41,78.69,0.14,105.76
Bilinga,4224,1762468200,2025-11-07 08:30:00,-28.14274,153.51371,0.55,0.82,8.33,4.8,22.54,78.95,0.15,98.81
Bilinga,4224,1762470000,2025-11-07 09:00:00,-28.14274,153.51371,0.6,0.98,8.0,5.08,22.59,78.78,0.15,84.84
Bilinga,4224,1762471800,2025-11-07 09:30:00,-28.14271,153.51371,0.56,0.99,8.7,4.83,22.9,81.24,0.14,113.85
Bilinga,4224,1762473600,2025-11-07 10:00:00,-28.14271,153.51371,0.55,0.86,8.0,4.96,23.4,84.23,0.21,115.43
Bilinga,4224,1762475400,2025-11-07 10:30:00,-28.14271,153.51373,0.56,0.85,8.7,5.07,23.63,85.28,0.13,72.0
Bilinga,4224,1762477200,2025-11-07 11:00:00,-28.14271,153.51375,0.53,0.87,8.33,4.92,23.49,85.63,0.12,96.35
Bilinga,4224,1762479000,2025-11-07 11:30:00,-28.14275,153.51371,0.52,0.91,8.0,4.88,23.44,83.08,0.05,75.25
Bilinga,4224,1762480800,2025-11-07 12:00:00,-28.14274,153.51371,0.56,0.89,9.09,4.69,23.04,84.84,0.12,105.76
Bilinga,4224,1762482600,2025-11-07 12:30:00,-28.14277,153.51371,0.55,0.88,8.0,4.1,23.08,83.79,0.14,139.16
Bilinga,4224,1762484400,2025-11-07 13:00:00,-28.14278,153.51371,0.6,0.97,9.09,4.05,22.95,86.34,0.14,145.58
Bilinga,4224,1762486200,2025-11-07 13:30:00,-28.14278,153.51371,0.54,0.86,8.33,3.63,22.81,97.06,0.15,131.69
Bilinga,4224,1762488000,2025-11-07 14:00:00,-28.14278,153.51369,0.55,0.91,9.52,3.71,22.72,88.18,0.14,127.56
Bilinga,4224,1762489800,2025-11-07 14:30:00,-28.1428,153.51367,0.57,0.89,8.33,3.58,22.63,87.48,0.14,133.27
Bilinga,4224,1762491600,2025-11-07 15:00:00,-28.14281,153.51365,0.56,0.98,6.9,3.47,22.68,100.76,0.18,123.52
Bilinga,4224,1762493400,2025-11-07 15:30:00,-28.14281,153.51367,0.61,1.19,8.7,3.72,22.68,79.04,0.15,115.16
Bilinga,4224,1762495200,2025-11-07 16:00:00,-28.14278,153.51369,0.58,1.17,8.7,3.64,22.68,83.08,0.12,102.86
Bilinga,4224,1762497000,2025-11-07 16:30:00,-28.14278,153.51367,0.62,1.14,8.33,3.79,22.68,84.4,0.14,116.22
Bilinga,4224,1762498800,2025-11-07 17:00:00,-28.14277,153.51367,0.61,1.26,8.33,3.73,22.68,77.02,0.1,112.09
Bilinga,4224,1762500600,2025-11-07 17:30:00,-28.14277,153.51371,0.61,1.13,8.7,3.69,22.63,78.87,0.12,101.8
Bilinga,4224,1762502400,2025-11-07 18:00:00,-28.14275,153.51369,0.59,1.1,6.9,3.54,22.59,96.18,0.1,96.09
Bilinga,4224,1762504200,2025-11-07 18:30:00,-28.14277,153.51371,0.63,1.02,8.7,3.66,22.77,77.28,0.12,96.44
Bilinga,4224,1762506000,2025-11-07 19:00:00,-28.14277,153.51369,0.62,1.14,8.7,3.55,22.81,86.78,0.1,106.29
Bilinga,4224,1762507800,2025-11-07 19:30:00,-28.14277,153.51367,0.59,1.01,8.7,3.42,22.68,94.16,0.17,112.0
Bilinga,4224,1762509600,2025-11-07 20:00:00,-28.14275,153.51371,0.65,1.01,8.0,3.45,22.68,89.77,0.13,119.47
Bilinga,4224,1762511400,2025-11-07 20:30:00,-28.14277,153.51369,0.66,1.35,8.7,3.5,22.68,91.44,0.11,102.42
Bilinga,4224,1762513200,2025-11-07 21:00:00,-28.14278,153.51367,0.62,1.15,8.7,3.42,22.68,90.65,0.12,96.0
Bilinga,4224,1762515000,2025-11-07 21:30:00,-28.14277,153.51367,0.62,1.22,8.0,3.61,22.68,93.46,0.16,111.47
Bilinga,4224,1762516800,2025-11-07 22:00:00,-28.14277,153.51369,0.6,1.19,8.7,3.88,22.68,92.4,0.08,88.09
Bilinga,4224,1762518600,2025-11-07 22:30:00,-28.14275,153.51371,0.6,0.96,8.33,4.01,22.68,88.98,0.17,95.03
Bilinga,4224,1762520400,2025-11-07 23:00:00,-28.14271,153.51371,0.59,1.04,8.0,4.03,22.68,96.36,0.14,95.12
Bilinga,4224,1762522200,2025-11-07 23:30:00,-28.14274,153.51362,0.66,1.05,8.33,4.31,22.68,88.89,0.1,92.92
Bilinga,4224,1762524000,2025-11-08 00:00:00,-28.14271,153.51365,0.6,1.15,7.69,4.17,22.68,93.46,0.11,91.96
Bilinga,4224,1762524000,2025-11-08 00:00:00,-28.14274,153.51365,0.6,1.15,7.69,4.17,22.68,93.46,0.11,91.96
Bilinga,4224,1762525800,2025-11-08 00:30:00,-28.14275,153.51362,0.65,1.04,8.33,4.48,22.63,93.28,0.08,85.71
Bilinga,4224,1762527600,2025-11-08 01:00:00,-28.14275,153.51362,0.65,0.99,8.33,4.34,22.59,87.92,0.1,97.67
Bilinga,4224,1762529400,2025-11-08 01:30:00,-28.14275,153.51362,0.68,1.16,8.33,4.54,22.54,86.51,0.1,104.53
Bilinga,4224,1762531200,2025-11-08 02:00:00,-28.14277,153.51362,0.67,1.07,7.69,4.5,22.5,88.1,0.08,93.36
Bilinga,4224,1762533000,2025-11-08 02:30:00,-28.14277,153.51365,0.67,1.1,8.33,4.37,22.45,85.63,0.08,56.79
Bilinga,4224,1762534800,2025-11-08 03:00:00,-28.14275,153.51365,0.67,1.19,8.33,4.07,22.45,86.07,0.07,75.96
Bilinga,4224,1762536600,2025-11-08 03:30:00,-28.14277,153.51365,0.67,1.4,8.7,4.16,22.41,84.58,0.07,69.36
Bilinga,4224,1762538400,2025-11-08 04:00:00,-28.14277,153.51362,0.68,1.03,8.33,4.22,22.41,88.01,0.08,99.25
Bilinga,4224,1762540200,2025-11-08 04:30:00,-28.14275,153.51365,0.67,1.04,7.69,4.14,22.36,89.15,0.09,89.49
Bilinga,4224,1762542000,2025-11-08 05:00:00,-28.14277,153.51365,0.66,1.07,7.69,4.33,22.36,84.76,0.07,69.89
Bilinga,4224,1762543800,2025-11-08 05:30:00,-28.14277,153.51367,0.57,0.99,8.33,4.06,22.36,86.95,0.11,88.7
Bilinga,4224,1762545600,2025-11-08 06:00:00,-28.14277,153.51365,0.61,0.93,8.33,4.35,22.36,86.6,0.09,107.34
Bilinga,4224,1762547400,2025-11-08 06:30:00,-28.14275,153.51367,0.63,1.09,8.33,4.57,22.32,90.47,0.15,116.75
Bilinga,4224,1762549200,2025-11-08 07:00:00,-28.14275,153.51367,0.55,0.86,7.69,4.28,22.32,96.62,0.14,105.49
Bilinga,4224,1762551000,2025-11-08 07:30:00,-28.14275,153.51369,0.59,0.96,8.33,4.31,22.36,91.7,0.13,116.4
Bilinga,4224,1762552800,2025-11-08 08:00:00,-28.14278,153.51365,0.66,1.26,7.14,3.88,22.45,97.33,0.09,132.84
Bilinga,4224,1762554600,2025-11-08 08:30:00,-28.1428,153.51371,0.62,1.14,7.69,3.35,22.32,95.57,0.18,126.15
Bilinga,4224,1762556400,2025-11-08 09:00:00,-28.1428,153.51371,0.66,1.2,8.0,3.34,22.14,101.28,0.25,133.63
Bilinga,4224,1762558200,2025-11-08 09:30:00,-28.14281,153.51371,0.66,1.0,8.33,3.28,22.1,96.8,0.27,128.7
Bilinga,4224,1762560000,2025-11-08 10:00:00,-28.1428,153.51371,0.67,1.23,8.0,3.14,22.1,99.88,0.24,143.74
Bilinga,4224,1762561800,2025-11-08 10:30:00,-28.1428,153.51373,0.69,1.26,8.0,2.98,22.18,106.03,0.33,135.03
Bilinga,4224,1762563600,2025-11-08 11:00:00,-28.1428,153.51373,0.75,1.19,7.69,3.03,21.96,95.48,0.31,132.48
Bilinga,4224,1762565400,2025-11-08 11:30:00,-28.14281,153.51375,0.76,1.35,3.39,2.98,21.87,7.13,0.41,137.41
Bilinga,4224,1762567200,2025-11-08 12:00:00,-28.14281,153.51373,0.83,1.32,3.92,3.1,21.92,13.63,0.36,138.46
Bilinga,4224,1762569000,2025-11-08 12:30:00,-28.1428,153.51373,0.85,1.58,3.7,3.12,21.74,14.95,0.33,131.96
Bilinga,4224,1762570800,2025-11-08 13:00:00,-28.14281,153.51373,0.81,1.32,3.7,3.14,21.83,19.08,0.37,129.67
Bilinga,4224,1762572600,2025-11-08 13:30:00,-28.14281,153.51373,0.9,1.48,4.08,3.27,21.83,28.14,0.28,132.04
Bilinga,4224,1762574400,2025-11-08 14:00:00,-28.1428,153.51375,0.99,1.66,3.77,3.38,21.74,21.46,0.34,147.87
Bilinga,4224,1762576200,2025-11-08 14:30:00,-28.1428,153.51375,1.05,1.69,4.35,3.46,21.47,30.69,0.35,124.92
Bilinga,4224,1762578000,2025-11-08 15:00:00,-28.14281,153.51375,1.09,1.91,4.44,3.51,21.52,32.54,0.36,133.98
Bilinga,4224,1762579800,2025-11-08 15:30:00,-28.1428,153.51375,1.17,1.95,4.76,3.62,21.47,28.4,0.32,144.79
Bilinga,4224,1762581600,2025-11-08 16:00:00,-28.1428,153.51373,1.16,2.34,4.76,3.64,21.25,24.27,0.36,141.1
Bilinga,4224,1762583400,2025-11-08 16:30:00,-28.1428,153.51373,1.17,1.81,4.76,3.63,21.34,19.08,0.32,130.11
Bilinga,4224,1762585200,2025-11-08 17:00:00,-28.14278,153.51375,1.18,2.06,4.76,3.76,21.21,19.61,0.23,135.21
Bilinga,4224,1762587000,2025-11-08 17:30:00,-28.14281,153.51371,1.14,1.94,4.76,3.74,21.16,23.57,0.23,126.59
Bilinga,4224,1762588800,2025-11-08 18:00:00,-28.1428,153.51371,1.06,1.82,4.55,3.65,21.08,17.94,0.28,130.11
Bilinga,4224,1762590600,2025-11-08 18:30:00,-28.14278,153.51373,1.04,1.56,4.88,3.61,21.03,28.93,0.23,119.21
Bilinga,4224,1762592400,2025-11-08 19:00:00,-28.14278,153.51375,0.91,1.75,4.76,3.6,20.99,32.18,0.23,121.76
Bilinga,4224,1762594200,2025-11-08 19:30:00,-28.14277,153.5138,0.86,1.45,4.76,3.79,21.25,29.28,0.25,92.92
Bilinga,4224,1762596000,2025-11-08 20:00:00,-28.14275,153.5138,0.87,1.33,4.88,3.68,22.14,29.9,0.29,100.4
Bilinga,4224,1762597800,2025-11-08 20:30:00,-28.14278,153.51375,0.87,1.34,4.88,3.7,21.96,32.36,0.24,116.92
Bilinga,4224,1762599600,2025-11-08 21:00:00,-28.14277,153.51377,0.81,1.38,5.41,3.85,21.87,31.66,0.25,108.4
Bilinga,4224,1762601400,2025-11-08 21:30:00,-28.14277,153.51377,0.82,1.42,5.56,3.92,21.92,35.79,0.2,98.81
Bilinga,4224,1762603200,2025-11-08 22:00:00,-28.14277,153.51377,0.79,1.41,5.26,3.83,21.78,36.76,0.18,85.1
Bilinga,4224,1762605000,2025-11-08 22:30:00,-28.14277,153.51371,0.76,1.2,4.76,3.48,21.74,32.1,0.17,95.65
Bilinga,4224,1762606800,2025-11-08 23:00:00,-28.14277,153.51371,0.87,1.48,5.88,3.7,21.65,30.78,0.14,117.89
Bilinga,4224,1762608600,2025-11-08 23:30:00,-28.14275,153.51371,0.9,1.46,5.41,3.77,21.47,28.76,0.14,113.32
Bilinga,4224,1762610400,2025-11-09 00:00:00,-28.14277,153.51371,0.96,1.67,5.71,3.76,21.34,27.7,0.24,140.31
Bilinga,4224,1762610400,2025-11-09 00:00:00,-28.14275,153.51371,0.96,1.67,5.71,3.76,21.34,27.7,0.24,140.31
Bilinga,4224,1762612200,2025-11-09 00:30:00,-28.14278,153.51373,1.03,1.99,5.56,3.81,20.99,24.62,0.17,124.48
Bilinga,4224,1762614000,2025-11-09 01:00:00,-28.14278,153.51373,1.06,1.99,4.76,3.76,20.72,23.83,0.21,132.84
Bilinga,4224,1762615800,2025-11-09 01:30:00,-28.14277,153.51373,0.94,1.64,5.26,3.61,20.77,27.08,0.19,123.52
Bilinga,4224,1762617600,2025-11-09 02:00:00,-28.14277,153.51375,0.86,1.37,5.13,3.55,20.64,31.48,0.17,120.18
Bilinga,4224,1762619400,2025-11-09 02:30:00,-28.14277,153.51377,0.81,1.36,5.71,3.42,20.59,29.99,0.2,128.79
Bilinga,4224,1762621200,2025-11-09 03:00:00,-28.14277,153.51375,0.77,1.17,4.26,3.38,20.55,29.9,0.16,97.32
Bilinga,4224,1762623000,2025-11-09 03:30:00,-28.14275,153.51377,0.71,1.17,4.17,3.39,20.5,31.39,0.15,79.56
Bilinga,4224,1762624800,2025-11-09 04:00:00,-28.1427,153.51382,0.68,1.13,4.0,3.5,21.08,41.41,0.14,86.68
Bilinga,4224,1762626600,2025-11-09 04:30:00,-28.14268,153.5138,0.63,0.98,5.56,3.77,21.21,33.59,0.12,79.3
Bilinga,4224,1762628400,2025-11-09 05:00:00,-28.14268,153.51377,0.58,1.04,8.0,3.76,21.3,78.34,0.12,105.49
Bilinga,4224,1762630200,2025-11-09 05:30:00,-28.1427,153.51377,0.54,0.92,8.7,3.78,21.47,72.62,0.07,69.98
Bilinga,4224,1762632000,2025-11-09 06:00:00,-28.14271,153.51373,0.57,0.95,4.0,3.87,21.61,44.14,0.07,59.52
Bilinga,4224,1762633800,2025-11-09 06:30:00,-28.14274,153.51371,0.59,1.01,8.33,3.79,21.74,80.1,0.05,116.84
Bilinga,4224,1762635600,2025-11-09 07:00:00,-28.14274,153.51369,0.59,1.17,3.77,3.74,21.74,39.39,0.02,91.78
Bilinga,4224,1762637400,2025-11-09 07:30:00,-28.14274,153.51367,0.6,1.27,4.08,3.75,21.69,43.52,0.06,174.07
Bilinga,4224,1762639200,2025-11-09 08:00:00,-28.14274,153.51365,0.58,0.88,4.17,3.6,21.69,44.49,0.04,191.47
Bilinga,4224,1762641000,2025-11-09 08:30:00,-28.14277,153.51365,0.61,1.11,3.77,3.29,21.61,41.77,0.1,186.29
Bilinga,4224,1762642800,2025-11-09 09:00:00,-28.14278,153.51367,0.63,1.11,4.44,3.21,21.21,47.66,0.12,131.96
Bilinga,4224,1762644600,2025-11-09 09:30:00,-28.14277,153.51371,0.62,1.11,4.17,3.32,21.12,43.44,0.14,109.45
Bilinga,4224,1762646400,2025-11-09 10:00:00,-28.14277,153.51371,0.62,1.07,3.92,3.32,20.99,48.1,0.06,102.68
Bilinga,4224,1762648200,2025-11-09 10:30:00,-28.14277,153.51371,0.61,1.15,3.77,3.47,20.42,42.03,0.08,66.29
Bilinga,4224,1762650000,2025-11-09 11:00:00,-28.14275,153.51371,0.62,0.96,9.09,3.49,20.2,79.13,0.1,98.02
Bilinga,4224,1762651800,2025-11-09 11:30:00,-28.14275,153.51373,0.63,0.98,4.0,3.45,20.11,35.79,0.09,86.86
Bilinga,4224,1762653600,2025-11-09 12:00:00,-28.14277,153.51371,0.6,0.87,4.26,3.4,20.15,36.49,0.11,96.0
Bilinga,4224,1762655400,2025-11-09 12:30:00,-28.14277,153.51373,0.56,1.01,8.0,3.47,20.11,80.54,0.11,91.43
Bilinga,4224,1762657200,2025-11-09 13:00:00,-28.14277,153.51373,0.51,0.87,8.0,3.3,20.07,78.07,0.12,104.62
Bilinga,4224,1762659000,2025-11-09 13:30:00,-28.14277,153.51373,0.5,0.8,8.33,3.22,20.02,78.34,0.13,91.78
Bilinga,4224,1762660800,2025-11-09 14:00:00,-28.14275,153.51375,0.51,0.95,9.09,3.24,19.94,76.67,0.1,100.4
Bilinga,4224,1762662600,2025-11-09 14:30:00,-28.14275,153.51377,0.48,0.77,8.0,3.53,19.98,73.85,0.08,84.13
Bilinga,4224,1762664400,2025-11-09 15:00:00,-28.14275,153.51375,0.47,0.72,8.7,3.85,19.94,79.22,0.06,82.73
Bilinga,4224,1762666200,2025-11-09 15:30:00,-28.14275,153.51373,0.45,0.77,7.69,3.92,19.94,70.51,0.08,7.21
Bilinga,4224,1762668000,2025-11-09 16:00:00,-28.14271,153.51373,0.44,0.69,7.69,3.93,20.07,71.3,0.05,42.64
Bilinga,4224,1762669800,2025-11-09 16:30:00,-28.14274,153.51373,0.45,0.74,8.33,4.24,20.11,69.28,0.08,99.08
Bilinga,4224,1762671600,2025-11-09 17:00:00,-28.14271,153.51373,0.44,0.82,9.09,4.37,20.15,65.94,0.13,118.77
Bilinga,4224,1762673400,2025-11-09 17:30:00,-28.14271,153.51373,0.43,0.7,7.69,4.37,20.07,71.48,0.13,105.23
Bilinga,4224,1762675200,2025-11-09 18:00:00,-28.14275,153.51369,0.4,0.56,8.7,4.47,20.24,63.74,0.06,124.66
Bilinga,4224,1762677000,2025-11-09 18:30:00,-28.14271,153.51367,0.42,0.68,9.09,4.59,19.98,67.52,0.03,85.8
Bilinga,4224,1762678800,2025-11-09 19:00:00,-28.14271,153.51362,0.37,0.67,8.33,4.37,20.07,66.47,0.07,43.87
Bilinga,4224,1762680600,2025-11-09 19:30:00,-28.14268,153.51358,0.4,0.6,9.09,4.49,20.42,69.11,0.02,17.41
Bilinga,4224,1762682400,2025-11-09 20:00:00,-28.1426,153.51358,0.41,0.73,8.7,4.89,20.5,70.43,0.05,23.38
Bilinga,4224,1762684200,2025-11-09 20:30:00,-28.14253,153.51347,0.38,0.58,8.7,4.72,20.5,73.5,0.04,92.75
Bilinga,4224,1762686000,2025-11-09 21:00:00,-28.14255,153.5135,0.37,0.52,8.7,5.05,20.15,77.99,0.13,337.49
Bilinga,4224,1762687800,2025-11-09 21:30:00,-28.14265,153.51377,0.35,0.64,9.09,5.14,20.24,75.52,0.03,267.6
Bilinga,4224,1762689600,2025-11-09 22:00:00,-28.14252,153.5138,0.32,0.6,7.69,4.88,20.15,77.63,0.07,358.95
Bilinga,4224,1762691400,2025-11-09 22:30:00,-28.14244,153.51377,0.35,0.56,8.7,5.3,20.11,77.72,0.09,199.82
Bilinga,4224,1762693200,2025-11-09 23:00:00,-28.1426,153.51382,0.32,0.47,8.33,5.04,20.55,76.49,0.01,193.85
Bilinga,4224,1762695000,2025-11-09 23:30:00,-28.1426,153.51382,0.34,0.55,7.69,3.62,20.55,73.06,0.16,163.08
Bilinga,4224,1762696800,2025-11-10 00:00:00,-28.14248,153.51386,0.34,0.53,8.7,3.92,20.2,70.69,0.12,135.3
Bilinga,4224,1762696800,2025-11-10 00:00:00,-28.1425,153.51386,0.34,0.53,8.7,3.92,20.2,70.69,0.12,135.3
Bilinga,4224,1762698600,2025-11-10 00:30:00,-28.14247,153.51388,0.34,0.64,8.0,3.68,20.15,64.54,0.12,124.84
Bilinga,4224,1762700400,2025-11-10 01:00:00,-28.14232,153.51377,0.34,0.56,9.09,3.73,20.11,70.43,0.04,40.0
Bilinga,4224,1762702200,2025-11-10 01:30:00,-28.14226,153.51373,0.33,0.52,8.33,4.09,20.07,68.84,0.1,84.48
Bilinga,4224,1762704000,2025-11-10 02:00:00,-28.14226,153.51365,0.36,0.51,8.7,4.66,20.02,64.8,0.08,74.99
Bilinga,4224,1762705800,2025-11-10 02:30:00,-28.14226,153.51362,0.34,0.55,9.09,4.59,19.98,65.5,0.06,98.29
Bilinga,4224,1762707600,2025-11-10 03:00:00,-28.14226,153.51358,0.36,0.65,8.7,4.46,19.94,61.99,0.04,82.55
Bilinga,4224,1762709400,2025-11-10 03:30:00,-28.14225,153.51356,0.41,0.66,13.33,4.17,19.94,89.77,0.01,13.19
Bilinga,4224,1762711200,2025-11-10 04:00:00,-28.14226,153.51352,0.47,0.79,7.69,4.69,19.94,75.52,0.08,123.43
Bilinga,4224,1762713000,2025-11-10 04:30:00,-28.14226,153.51347,0.57,0.98,7.14,4.47,19.94,87.66,0.08,312.35
Bilinga,4224,1762714800,2025-11-10 05:00:00,-28.14218,153.51354,0.67,1.02,7.14,4.35,19.94,87.57,0.04,11.78
Bilinga,4224,1762716600,2025-11-10 05:30:00,-28.14217,153.51347,0.67,1.1,6.67,4.35,19.89,89.33,0.1,329.49
Bilinga,4224,1762718400,2025-11-10 06:00:00,-28.14218,153.51345,0.75,1.18,7.41,4.77,19.81,87.22,0.03,287.91
Bilinga,4224,1762720200,2025-11-10 06:30:00,-28.14218,153.51341,0.72,1.31,7.14,4.88,19.72,87.48,0.04,152.53
Bilinga,4224,1762722000,2025-11-10 07:00:00,-28.14218,153.51343,0.79,1.24,6.9,4.76,19.72,90.03,0.07,269.54
Bilinga,4224,1762723800,2025-11-10 07:30:00,-28.14223,153.51339,0.82,1.32,7.69,4.83,19.72,84.4,0.03,310.24
Bilinga,4224,1762725600,2025-11-10 08:00:00,-28.14232,153.51339,0.79,1.38,6.9,4.65,19.67,89.15,0.04,205.27
Bilinga,4224,1762727400,2025-11-10 08:30:00,-28.14241,153.51341,0.82,1.55,6.25,4.93,19.72,90.12,0.05,156.31
Bilinga,4224,1762729200,2025-11-10 09:00:00,-28.1425,153.51347,0.79,1.36,6.25,4.79,19.67,86.69,0.02,224.88
Bilinga,4224,1762731000,2025-11-10 09:30:00,-28.14253,153.51347,0.91,1.66,6.06,5.01,19.67,89.85,0.09,97.67
Bilinga,4224,1762732800,2025-11-10 10:00:00,-28.14259,153.51347,0.89,1.65,6.67,4.8,19.72,91.17,0.04,331.52
Bilinga,4224,1762734600,2025-11-10 10:30:00,-28.14259,153.5135,0.93,1.49,7.41,4.51,19.72,83.52,0.03,336.53
Bilinga,4224,1762736400,2025-11-10 11:00:00,-28.14252,153.51347,0.86,1.91,7.41,4.55,19.67,86.69,0.02,149.98
Bilinga,4224,1762738200,2025-11-10 11:30:00,-28.14259,153.5135,0.85,1.27,5.88,4.67,19.67,91.08,0.03,299.34
Bilinga,4224,1762740000,2025-11-10 12:00:00,-28.1426,153.51347,0.88,1.39,6.25,4.63,19.72,92.49,0.02,172.57
Bilinga,4224,1762741800,2025-11-10 12:30:00,-28.14262,153.5135,0.93,1.53,6.67,4.62,19.72,91.88,0.02,160.26
Bilinga,4224,1762743600,2025-11-10 13:00:00,-28.14263,153.5135,0.96,1.84,6.06,4.4,19.72,87.92,0.04,66.11
Bilinga,4224,1762745400,2025-11-10 13:30:00,-28.14263,153.51356,0.91,1.47,6.45,4.52,19.72,93.46,0.03,210.9
Bilinga,4224,1762747200,2025-11-10 14:00:00,-28.14265,153.51358,0.93,1.5,5.71,4.59,19.72,95.04,0.03,124.48
Bilinga,4224,1762749000,2025-11-10 14:30:00,-28.14275,153.51369,0.91,1.52,6.67,4.69,20.99,97.68,0.1,179.43
Bilinga,4224,1762750800,2025-11-10 15:00:00,-28.14263,153.51377,0.92,1.52,6.45,4.84,21.03,97.68,0.13,140.92
Bilinga,4224,1762752600,2025-11-10 15:30:00,-28.1426,153.5138,0.83,1.48,12.5,4.74,21.08,91.08,0.13,157.63
Bilinga,4224,1762754400,2025-11-10 16:00:00,-28.14259,153.51382,0.92,1.52,6.67,4.79,21.16,96.36,0.11,125.27
Bilinga,4224,1762756200,2025-11-10 16:30:00,-28.14259,153.5138,0.96,1.48,13.33,4.66,21.21,91.0,0.12,171.87
Bilinga,4224,1762758000,2025-11-10 17:00:00,-28.14257,153.51382,0.89,1.3,6.9,4.38,21.25,84.32,0.1,180.04
Bilinga,4224,1762759800,2025-11-10 17:30:00,-28.14247,153.5139,0.92,1.39,6.45,4.56,21.3,86.51,0.1,128.18
Bilinga,4224,1762761600,2025-11-10 18:00:00,-28.14248,153.51386,0.93,1.42,13.33,4.54,21.21,88.54,0.07,149.01
Bilinga,4224,1762763400,2025-11-10 18:30:00,-28.14247,153.51386,0.93,1.66,6.67,4.34,21.34,97.33,0.1,165.54
Bilinga,4224,1762765200,2025-11-10 19:00:00,-28.14245,153.51388,0.95,1.63,6.45,4.48,21.38,96.89,0.05,179.34
Bilinga,4224,1762767000,2025-11-10 19:30:00,-28.14245,153.5138,1.01,1.68,6.45,4.32,21.56,98.47,0.12,194.02
Bilinga,4224,1762768800,2025-11-10 20:00:00,-28.14241,153.5139,0.96,1.49,6.25,4.65,21.61,103.48,0.14,159.74
Bilinga,4224,1762770600,2025-11-10 20:30:00,-28.14238,153.51395,0.96,1.54,6.45,4.78,21.65,102.69,0.13,151.47
Bilinga,4224,1762772400,2025-11-10 21:00:00,-28.14237,153.51393,1.03,1.75,6.45,4.47,21.69,96.1,0.17,125.27
Bilinga,4224,1762774200,2025-11-10 21:30:00,-28.14233,153.5139,1.08,1.72,5.0,4.44,21.69,95.22,0.1,139.43
Bilinga,4224,1762776000,2025-11-10 22:00:00,-28.14233,153.51386,1.03,1.94,5.56,4.43,21.65,87.04,0.04,145.85
Bilinga,4224,1762777800,2025-11-10 22:30:00,-28.14232,153.51371,0.99,1.75,6.06,4.59,21.61,93.02,0.08,145.76
Bilinga,4224,1762779600,2025-11-10 23:00:00,-28.14229,153.51341,0.97,1.54,5.88,4.83,21.56,94.43,0.04,89.05
Bilinga,4224,1762781400,2025-11-10 23:30:00,-28.1423,153.51332,0.95,1.5,6.06,4.94,21.43,93.55,0.06,46.42
Bilinga,4224,1762783200,2025-11-11 00:00:00,-28.14223,153.51324,0.92,1.62,6.25,5.11,21.25,97.06,0.06,70.95
Bilinga,4224,1762783200,2025-11-11 00:00:00,-28.14223,153.51322,0.92,1.62,6.25,5.11,21.25,97.06,0.06,70.95
Bilinga,4224,1762785000,2025-11-11 00:30:00,-28.14223,153.51322,0.91,1.61,5.71,5.1,21.21,90.82,0.07,14.59
Bilinga,4224,1762786800,2025-11-11 01:00:00,-28.14214,153.51317,0.91,1.58,5.88,5.15,21.16,85.99,0.05,26.81
Bilinga,4224,1762788600,2025-11-11 01:30:00,-28.14207,153.51317,0.82,1.41,6.25,5.13,21.21,90.21,0.03,343.3
Bilinga,4224,1762790400,2025-11-11 02:00:00,-28.14205,153.51317,0.84,1.69,6.67,5.38,21.34,82.82,0.04,320.97
Bilinga,4224,1762792200,2025-11-11 02:30:00,-28.14205,153.51317,0.77,1.71,6.25,5.57,21.38,86.6,0.06,259.43
Bilinga,4224,1762794000,2025-11-11 03:00:00,-28.14205,153.51317,0.73,1.29,6.67,5.43,21.38,87.22,0.04,316.84
Bilinga,4224,1762795800,2025-11-11 03:30:00,-28.14203,153.51317,0.76,1.42,11.76,5.54,21.38,88.89,0.04,273.41
Bilinga,4224,1762797600,2025-11-11 04:00:00,-28.14203,153.51317,0.69,1.21,6.67,5.56,21.38,83.88,0.04,260.57
Bilinga,4224,1762799400,2025-11-11 04:30:00,-28.14202,153.51317,0.68,1.1,11.11,5.54,21.38,89.06,0.06,299.69
Bilinga,4224,1762801200,2025-11-11 05:00:00,-28.142,153.51317,0.69,1.29,5.56,5.54,21.34,85.55,0.06,306.11
Bilinga,4224,1762803000,2025-11-11 05:30:00,-28.142,153.51317,0.66,1.06,5.88,5.45,21.34,86.69,0.02,135.74
Bilinga,4224,1762804800,2025-11-11 06:00:00,-28.142,153.51317,0.64,1.01,10.53,5.59,21.34,93.9,0.04,193.05
Bilinga,4224,1762806600,2025-11-11 06:30:00,-28.142,153.51317,0.65,1.05,10.53,5.55,21.38,90.82,0.08,176.09
Bilinga,4224,1762808400,2025-11-11 07:00:00,-28.14215,153.51317,0.64,1.06,6.06,5.44,21.38,87.13,0.15,235.96
Bilinga,4224,1762810200,2025-11-11 07:30:00,-28.14211,153.51317,0.66,1.09,5.71,5.59,21.52,85.72,0.05,246.86
Bilinga,4224,1762812000,2025-11-11 08:00:00,-28.14211,153.51315,0.67,1.21,6.06,5.4,21.74,78.95,0.08,255.38
Bilinga,4224,1762813800,2025-11-11 08:30:00,-28.14208,153.51313,0.72,1.36,10.53,5.65,21.96,87.3,0.24,74.55
Bilinga,4224,1762815600,2025-11-11 09:00:00,-28.1421,153.51311,0.72,1.18,8.7,5.58,22.18,74.65,0.09,122.81
Bilinga,4224,1762817400,2025-11-11 09:30:00,-28.14208,153.51313,0.71,1.21,6.25,5.43,22.32,71.13,0.12,104.0
Bilinga,4224,1762819200,2025-11-11 10:00:00,-28.14208,153.51311,0.72,1.05,5.41,5.28,22.27,89.15,0.11,64.44
Bilinga,4224,1762821000,2025-11-11 10:30:00,-28.14215,153.51311,0.71,1.22,6.06,5.27,22.05,76.32,0.03,55.12
Bilinga,4224,1762822800,2025-11-11 11:00:00,-28.14225,153.51311,0.68,1.16,5.88,4.78,22.05,76.14,0.03,78.33
Bilinga,4224,1762824600,2025-11-11 11:30:00,-28.14232,153.51311,0.71,1.17,10.53,4.53,21.96,95.66,0.03,163.43
Bilinga,4224,1762826400,2025-11-11 12:00:00,-28.14244,153.51309,0.7,1.3,5.88,4.23,21.96,83.08,0.09,184.0
Bilinga,4224,1762828200,2025-11-11 12:30:00,-28.14253,153.51313,0.73,1.1,6.06,4.14,21.96,83.17,0.06,205.45
Bilinga,4224,1762830000,2025-11-11 13:00:00,-28.14252,153.51313,0.72,1.22,5.41,4.04,21.87,86.34,0.1,169.76
Bilinga,4224,1762831800,2025-11-11 13:30:00,-28.14259,153.51328,0.73,1.24,5.88,4.01,21.92,84.93,0.11,153.85
Bilinga,4224,1762833600,2025-11-11 14:00:00,-28.14263,153.51339,0.73,1.36,8.33,3.96,21.92,76.23,0.11,147.34
Bilinga,4224,1762835400,2025-11-11 14:30:00,-28.1427,153.51343,0.75,1.26,5.71,3.99,21.96,83.96,0.09,141.27
Bilinga,4224,1762837200,2025-11-11 15:00:00,-28.14277,153.5136,0.73,1.09,9.52,3.87,22.05,90.56,0.11,133.63
Bilinga,4224,1762839000,2025-11-11 15:30:00,-28.14275,153.51362,0.73,1.32,10.0,3.77,21.92,87.22,0.09,130.99
Bilinga,4224,1762840800,2025-11-11 16:00:00,-28.14275,153.51365,0.73,1.11,9.52,3.71,21.87,87.92,0.08,77.71
Bilinga,4224,1762842600,2025-11-11 16:30:00,-28.14277,153.51365,0.73,1.11,11.11,3.71,21.92,87.48,0.08,111.65
Bilinga,4224,1762844400,2025-11-11 17:00:00,-28.14278,153.51362,0.73,1.19,6.45,3.63,21.92,74.65,0.1,105.41
Bilinga,4224,1762846200,2025-11-11 17:30:00,-28.1428,153.5136,0.71,1.2,11.76,3.66,21.87,72.45,0.05,103.12
Bilinga,4224,1762848000,2025-11-11 18:00:00,-28.14281,153.51347,0.72,1.24,9.09,3.55,21.87,84.23,0.12,88.97
Bilinga,4224,1762849800,2025-11-11 18:30:00,-28.1428,153.51341,0.72,1.28,6.67,3.56,21.92,74.29,0.12,104.79
Bilinga,4224,1762851600,2025-11-11 19:00:00,-28.14281,153.51341,0.7,1.21,10.0,3.59,21.96,88.54,0.1,96.53
Bilinga,4224,1762853400,2025-11-11 19:30:00,-28.14281,153.51341,0.72,1.15,6.06,3.51,21.96,81.06,0.07,129.85
Bilinga,4224,1762855200,2025-11-11 20:00:00,-28.1428,153.51343,0.69,1.31,6.45,3.48,22.05,80.89,0.06,107.87
Bilinga,4224,1762857000,2025-11-11 20:30:00,-28.1428,153.51347,0.71,1.18,6.06,3.53,22.05,72.89,0.08,92.31
Bilinga,4224,1762858800,2025-11-11 21:00:00,-28.14277,153.51352,0.7,1.02,6.25,3.63,22.1,75.79,0.03,58.37
Bilinga,4224,1762860600,2025-11-11 21:30:00,-28.14268,153.51356,0.66,1.09,3.64,3.64,22.1,77.46,0.04,13.36
Bilinga,4224,1762862400,2025-11-11 22:00:00,-28.1426,153.51356,0.63,1.15,5.41,3.78,22.05,86.34,0.09,65.76
Bilinga,4224,1762864200,2025-11-11 22:30:00,-28.1426,153.51354,0.63,1.04,6.25,4.01,22.05,77.19,0.06,28.57
Bilinga,4224,1762866000,2025-11-11 23:00:00,-28.1426,153.5135,0.56,0.93,5.88,3.96,22.1,78.34,0.08,353.85
Bilinga,4224,1762867800,2025-11-11 23:30:00,-28.1426,153.51345,0.57,1.05,11.11,4.09,22.1,56.01,0.06,26.2
Bilinga,4224,1762869600,2025-11-12 00:00:00,-28.14265,153.51341,0.55,0.88,9.09,4.08,22.1,75.61,0.1,30.77
Bilinga,4224,1762869600,2025-11-12 00:00:00,-28.14265,153.51345,0.55,0.88,9.09,4.08,22.1,75.61,0.1,30.77
Bilinga,4224,1762871400,2025-11-12 00:30:00,-28.14274,153.51332,0.54,0.91,9.09,4.05,22.05,76.93,0.09,24.62
Bilinga,4224,1762873200,2025-11-12 01:00:00,-28.14271,153.5133,0.55,0.77,9.52,4.18,22.05,84.58,0.09,36.48
Bilinga,4224,1762875000,2025-11-12 01:30:00,-28.1427,153.5133,0.54,0.95,11.76,4.15,22.05,54.34,0.06,34.55
Bilinga,4224,1762876800,2025-11-12 02:00:00,-28.14271,153.51334,0.54,0.81,9.09,4.16,21.96,72.71,0.11,52.48
Bilinga,4224,1762878600,2025-11-12 02:30:00,-28.14274,153.5135,0.51,0.88,11.76,4.04,21.87,49.68,0.08,55.12
Bilinga,4224,1762880400,2025-11-12 03:00:00,-28.14275,153.51347,0.5,0.88,11.76,4.36,21.69,58.82,0.04,69.63
Bilinga,4224,1762882200,2025-11-12 03:30:00,-28.14275,153.51347,0.53,0.83,12.5,3.87,21.56,63.66,0.07,25.76
Bilinga,4224,1762884000,2025-11-12 04:00:00,-28.1424,153.51328,0.49,0.82,9.09,3.21,21.52,70.95,0.07,315.6
Bilinga,4224,1762885800,2025-11-12 04:30:00,-28.1423,153.51326,0.48,0.79,12.5,3.55,21.34,60.32,0.05,319.3
Bilinga,4224,1762887600,2025-11-12 05:00:00,-28.14225,153.51332,0.45,0.8,9.52,4.07,21.21,70.07,0.08,307.96
Bilinga,4224,1762889400,2025-11-12 05:30:00,-28.14225,153.51332,0.44,0.85,13.33,3.6,21.12,71.83,0.11,308.66
Bilinga,4224,1762891200,2025-11-12 06:00:00,-28.1422,153.51332,0.43,0.82,12.5,3.16,20.85,68.67,0.09,300.31
Bilinga,4224,1762893000,2025-11-12 06:30:00,-28.1421,153.5133,0.44,0.87,13.33,3.21,20.55,76.4,0.16,324.75
Bilinga,4224,1762894800,2025-11-12 07:00:00,-28.14205,153.51328,0.42,0.74,8.0,2.78,20.37,67.88,0.16,332.04
Bilinga,4224,1762896600,2025-11-12 07:30:00,-28.14196,153.51326,0.48,0.97,8.7,2.92,19.94,74.21,0.2,340.13
Bilinga,4224,1762898400,2025-11-12 08:00:00,-28.14193,153.51324,0.54,0.89,12.5,3.34,19.59,73.15,0.16,315.43
Bilinga,4224,1762900200,2025-11-12 08:30:00,-28.14195,153.51322,0.57,1.09,11.76,3.25,19.28,66.03,0.12,329.41
Bilinga,4224,1762902000,2025-11-12 09:00:00,-28.14195,153.51315,0.65,1.02,8.33,3.68,18.98,85.72,0.15,314.81
Bilinga,4224,1762903800,2025-11-12 09:30:00,-28.14193,153.51307,0.68,1.2,11.76,3.68,18.81,67.96,0.15,293.54
Bilinga,4224,1762905600,2025-11-12 10:00:00,-28.14192,153.51298,0.69,1.15,11.76,3.69,18.68,72.01,0.16,287.21
Bilinga,4224,1762907400,2025-11-12 10:30:00,-28.14193,153.51292,0.77,1.29,10.0,3.58,18.55,80.01,0.24,300.04
Bilinga,4224,1762909200,2025-11-12 11:00:00,-28.14192,153.51285,0.73,1.28,8.33,3.51,18.38,82.91,0.17,288.44
Bilinga,4224,1762911000,2025-11-12 11:30:00,-28.14192,153.51281,0.78,1.23,9.52,3.6,18.29,87.57,0.2,293.54
Bilinga,4224,1762912800,2025-11-12 12:00:00,-28.14193,153.51279,0.8,1.31,11.11,3.6,18.21,74.21,0.2,282.73
Bilinga,4224,1762914600,2025-11-12 12:30:00,-28.14193,153.51281,0.81,1.72,9.52,3.67,18.16,79.3,0.2,276.57
Bilinga,4224,1762916400,2025-11-12 13:00:00,-28.14192,153.51281,0.86,1.48,11.11,3.71,20.24,80.01,0.31,263.65
Bilinga,4224,1762918200,2025-11-12 13:30:00,-28.1418,153.51292,0.74,1.27,11.11,3.47,20.85,86.07,0.18,244.31
Bilinga,4224,1762920000,2025-11-12 14:00:00,-28.14184,153.51296,0.78,1.2,10.0,3.73,21.08,82.73,0.16,244.31
Bilinga,4224,1762921800,2025-11-12 14:30:00,-28.14185,153.513,0.78,1.45,11.11,3.72,21.03,82.91,0.14,254.86
Bilinga,4224,1762923600,2025-11-12 15:00:00,-28.14181,153.51296,0.73,1.32,10.53,3.54,20.99,71.74,0.13,275.34
Bilinga,4224,1762925400,2025-11-12 15:30:00,-28.14178,153.51292,0.71,1.28,11.11,3.75,21.08,72.97,0.14,286.51
Bilinga,4224,1762927200,2025-11-12 16:00:00,-28.1418,153.51285,0.7,1.34,9.52,3.83,21.21,77.55,0.2,280.18
Bilinga,4224,1762929000,2025-11-12 16:30:00,-28.14185,153.51283,0.68,1.16,11.11,3.75,21.25,86.25,0.22,285.71
Bilinga,4224,1762930800,2025-11-12 17:00:00,-28.14184,153.51285,0.73,1.1,11.11,3.79,21.21,74.38,0.17,291.25
Bilinga,4224,1762932600,2025-11-12 17:30:00,-28.14181,153.51281,0.72,1.36,11.11,3.83,21.96,83.88,0.28,263.65
Bilinga,4224,1762934400,2025-11-12 18:00:00,-28.14181,153.51285,0.67,1.31,11.11,3.89,21.96,74.03,0.2,263.38
Bilinga,4224,1762936200,2025-11-12 18:30:00,-28.1418,153.51287,0.66,1.12,11.76,3.73,21.92,77.63,0.15,258.81
Bilinga,4224,1762938000,2025-11-12 19:00:00,-28.14178,153.51287,0.68,1.15,11.76,3.89,21.92,79.57,0.1,253.54
Bilinga,4224,1762939800,2025-11-12 19:30:00,-28.14181,153.51287,0.68,1.22,10.53,3.96,21.92,89.41,0.13,280.35
Bilinga,4224,1762941600,2025-11-12 20:00:00,-28.1418,153.51287,0.67,1.09,11.11,4.01,21.92,82.82,0.1,281.67
Bilinga,4224,1762943400,2025-11-12 20:30:00,-28.1418,153.51287,0.67,0.96,10.53,4.16,22.05,92.93,0.1,249.23
Bilinga,4224,1762945200,2025-11-12 21:00:00,-28.1418,153.51287,0.67,1.0,10.53,3.95,22.05,90.03,0.08,274.02
Bilinga,4224,1762947000,2025-11-12 21:30:00,-28.14184,153.51285,0.65,1.03,11.76,4.06,22.05,89.06,0.06,263.65
Bilinga,4224,1762948800,2025-11-12 22:00:00,-28.14184,153.51285,0.67,1.08,10.0,4.24,22.1,88.18,0.08,286.24
Bilinga,4224,1762950600,2025-11-12 22:30:00,-28.14187,153.51283,0.67,1.11,11.76,4.4,22.1,89.94,0.09,277.45
Bilinga,4224,1762952400,2025-11-12 23:00:00,-28.14187,153.51283,0.63,1.12,11.76,4.3,22.1,79.66,0.12,274.37
Bilinga,4224,1762954200,2025-11-12 23:30:00,-28.14188,153.51283,0.65,1.09,11.11,4.43,22.14,91.0,0.05,291.08
Bilinga,4224,1762956000,2025-11-13 00:00:00,-28.14187,153.51285,0.63,1.08,11.11,4.36,22.14,87.48,0.09,275.52
Bilinga,4224,1762956000,2025-11-13 00:00:00,-28.14188,153.51283,0.63,1.08,11.11,4.36,22.14,87.48,0.09,275.52
Bilinga,4224,1762957800,2025-11-13 00:30:00,-28.1419,153.51287,0.67,1.12,11.76,4.78,22.1,84.23,0.04,275.69
Bilinga,4224,1762959600,2025-11-13 01:00:00,-28.14187,153.51287,0.61,0.94,11.76,4.43,22.05,86.6,0.02,273.14
Bilinga,4224,1762961400,2025-11-13 01:30:00,-28.14187,153.51287,0.61,1.12,11.76,4.67,22.05,80.89,0.08,302.51
Bilinga,4224,1762963200,2025-11-13 02:00:00,-28.14193,153.51283,0.62,0.92,11.76,4.69,22.05,84.93,0.03,340.04
Bilinga,4224,1762965000,2025-11-13 02:30:00,-28.14195,153.51285,0.6,1.01,11.11,4.74,22.1,80.89,0.05,317.45
Bilinga,4224,1762966800,2025-11-13 03:00:00,-28.14188,153.51287,0.56,0.92,11.11,4.89,22.1,82.38,0.06,299.78
Bilinga,4224,1762968600,2025-11-13 03:30:00,-28.14188,153.51289,0.6,0.95,11.76,5.11,22.05,80.18,0.08,313.49
Bilinga,4224,1762970400,2025-11-13 04:00:00,-28.1419,153.51289,0.58,1.0,11.76,5.12,22.05,81.41,0.07,348.92
Bilinga,4224,1762972200,2025-11-13 04:30:00,-28.14188,153.51287,0.57,0.87,11.11,5.02,22.05,79.74,0.07,342.59
Bilinga,4224,1762974000,2025-11-13 05:00:00,-28.14187,153.51287,0.59,0.91,11.76,5.27,22.05,82.29,0.06,309.71
Bilinga,4224,1762975800,2025-11-13 05:30:00,-28.14185,153.51289,0.54,0.89,11.11,5.08,22.05,89.5,0.06,298.29
Bilinga,4224,1762977600,2025-11-13 06:00:00,-28.14185,153.51287,0.58,1.05,11.11,5.4,21.83,88.71,0.12,272.88
Bilinga,4224,1762979400,2025-11-13 06:30:00,-28.14184,153.51287,0.57,0.88,10.53,5.11,21.96,87.22,0.07,260.84
Bilinga,4224,1762981200,2025-11-13 07:00:00,-28.14185,153.51287,0.59,1.01,10.53,5.28,22.1,87.83,0.14,269.27
Bilinga,4224,1762983000,2025-11-13 07:30:00,-28.14187,153.51287,0.6,0.94,11.11,5.14,22.32,80.89,0.12,247.91
Bilinga,4224,1762984800,2025-11-13 08:00:00,-28.14192,153.51283,0.64,1.12,10.53,5.39,22.36,85.02,0.11,241.76
Bilinga,4224,1762986600,2025-11-13 08:30:00,-28.14195,153.51283,0.62,1.12,10.53,5.19,22.41,83.88,0.01,182.86
Bilinga,4224,1762988400,2025-11-13 09:00:00,-28.142,153.51283,0.59,1.05,10.53,4.76,22.45,86.07,0.07,216.0
Bilinga,4224,1762990200,2025-11-13 09:30:00,-28.14207,153.51283,0.57,1.09,10.0,4.18,22.59,85.81,0.01,329.05
Bilinga,4224,1762992000,2025-11-13 10:00:00,-28.14215,153.51285,0.57,0.89,10.0,3.71,22.41,85.46,0.08,177.32
Bilinga,4224,1762993800,2025-11-13 10:30:00,-28.1422,153.51285,0.55,1.05,9.52,3.44,22.45,88.8,0.08,202.02
Bilinga,4224,1762995600,2025-11-13 11:00:00,-28.14235,153.51285,0.62,1.06,8.33,3.46,22.45,93.37,0.11,176.44
Bilinga,4224,1762997400,2025-11-13 11:30:00,-28.14238,153.51283,0.63,1.08,9.09,3.33,22.54,95.13,0.1,192.0
Bilinga,4224,1762999200,2025-11-13 12:00:00,-28.14244,153.51281,0.65,1.3,8.33,3.34,22.68,94.16,0.14,196.66
Bilinga,4224,1763001000,2025-11-13 12:30:00,-28.14253,153.51285,0.7,1.05,10.0,3.34,22.81,91.7,0.07,190.07
Bilinga,4224,1763002800,2025-11-13 13:00:00,-28.1426,153.51287,0.72,1.16,10.0,3.32,22.9,100.05,0.14,181.19
Bilinga,4224,1763004600,2025-11-13 13:30:00,-28.14263,153.51289,0.73,1.18,9.52,3.29,22.9,90.91,0.13,192.7
Bilinga,4224,1763006400,2025-11-13 14:00:00,-28.14266,153.51289,0.75,1.22,9.09,3.27,22.9,87.39,0.14,177.67
Bilinga,4224,1763008200,2025-11-13 14:30:00,-28.1427,153.51296,0.81,1.52,3.33,3.33,22.9,30.16,0.1,177.93
Bilinga,4224,1763010000,2025-11-13 15:00:00,-28.14268,153.513,0.85,1.47,3.64,3.36,22.9,33.06,0.1,175.82
Bilinga,4224,1763011800,2025-11-13 15:30:00,-28.14268,153.51302,0.98,1.48,3.64,3.4,22.81,20.84,0.06,209.05
Bilinga,4224,1763013600,2025-11-13 16:00:00,-28.1427,153.51305,0.94,1.53,3.7,3.44,22.81,21.46,0.1,134.95
Bilinga,4224,1763015400,2025-11-13 16:30:00,-28.14271,153.51311,1.02,1.75,3.92,3.53,22.81,14.25,0.04,147.43
Bilinga,4224,1763017200,2025-11-13 17:00:00,-28.14271,153.51317,1.07,1.75,4.17,3.58,22.77,24.1,0.07,162.9
Bilinga,4224,1763019000,2025-11-13 17:30:00,-28.14275,153.51322,1.01,1.61,4.26,3.49,22.77,31.66,0.07,181.54
Bilinga,4224,1763020800,2025-11-13 18:00:00,-28.14277,153.51328,1.05,1.6,4.26,3.66,22.77,28.49,0.11,166.07
Bilinga,4224,1763022600,2025-11-13 18:30:00,-28.14277,153.51334,1.08,1.93,4.26,3.65,22.72,28.76,0.06,139.43
Bilinga,4224,1763024400,2025-11-13 19:00:00,-28.1428,153.51345,1.01,1.96,4.26,3.63,22.68,36.58,0.1,133.71
Bilinga,4224,1763026200,2025-11-13 19:30:00,-28.14278,153.51352,0.97,1.47,4.26,3.56,22.68,35.96,0.09,118.51
Bilinga,4224,1763028000,2025-11-13 20:00:00,-28.1428,153.51347,0.98,1.68,4.26,3.59,22.63,47.04,0.13,104.97
Bilinga,4224,1763029800,2025-11-13 20:30:00,-28.1428,153.51352,0.97,1.65,4.35,3.64,22.59,46.16,0.1,115.25
Bilinga,4224,1763031600,2025-11-13 21:00:00,-28.1428,153.5135,0.94,1.53,4.65,3.64,22.54,51.08,0.14,123.08
Bilinga,4224,1763033400,2025-11-13 21:30:00,-28.14278,153.51354,0.96,1.96,4.76,3.6,22.54,54.07,0.1,112.0
Bilinga,4224,1763035200,2025-11-13 22:00:00,-28.14278,153.51352,0.99,1.49,5.0,3.69,22.5,58.21,0.09,124.75
Bilinga,4224,1763037000,2025-11-13 22:30:00,-28.14278,153.51352,0.97,2.1,4.76,3.69,22.45,51.44,0.09,111.47
Bilinga,4224,1763038800,2025-11-13 23:00:00,-28.14278,153.5135,0.96,1.7,4.88,3.7,22.45,44.67,0.07,173.01
Bilinga,4224,1763040600,2025-11-13 23:30:00,-28.14278,153.51352,0.98,1.45,4.88,3.73,22.41,46.51,0.02,116.57
Bilinga,4224,1763042400,2025-11-14 00:00:00,-28.1428,153.5135,0.95,1.8,4.88,3.86,22.36,46.07,0.09,100.84
Bilinga,4224,1763042400,2025-11-14 00:00:00,-28.14278,153.5135,0.95,1.8,4.88,3.86,22.36,46.07,0.09,100.84
Bilinga,4224,1763044200,2025-11-14 00:30:00,-28.14278,153.51352,1.01,1.61,5.13,3.94,22.32,48.27,0.07,106.02
Bilinga,4224,1763046000,2025-11-14 01:00:00,-28.1428,153.5135,0.92,1.43,5.0,3.84,22.32,51.44,0.07,77.19
Bilinga,4224,1763047800,2025-11-14 01:30:00,-28.1428,153.5135,0.96,1.8,5.0,3.9,22.27,45.9,0.08,74.46
Bilinga,4224,1763049600,2025-11-14 02:00:00,-28.14278,153.51356,0.91,1.66,5.26,3.7,22.23,49.06,0.12,105.58
Bilinga,4224,1763051400,2025-11-14 02:30:00,-28.14278,153.51356,0.98,1.61,5.0,3.84,22.18,47.57,0.12,113.93
Bilinga,4224,1763053200,2025-11-14 03:00:00,-28.14278,153.51356,0.92,2.02,4.88,3.75,22.18,46.25,0.14,106.9
Bilinga,4224,1763055000,2025-11-14 03:30:00,-28.14278,153.51356,0.85,1.35,5.0,3.73,22.14,49.06,0.12,107.87
Bilinga,4224,1763056800,2025-11-14 04:00:00,-28.14277,153.51356,0.83,1.32,5.13,3.9,22.1,49.24,0.16,121.23
Bilinga,4224,1763058600,2025-11-14 04:30:00,-28.14277,153.51358,0.82,1.59,4.88,3.8,22.05,47.92,0.15,115.16
Bilinga,4224,1763060400,2025-11-14 05:00:00,-28.14275,153.51356,0.82,1.56,5.26,3.72,22.05,54.34,0.12,111.03
Bilinga,4224,1763062200,2025-11-14 05:30:00,-28.14275,153.5136,0.77,1.31,5.0,3.64,22.01,53.02,0.17,115.87
Bilinga,4224,1763064000,2025-11-14 06:00:00,-28.14275,153.5136,0.77,1.42,5.0,3.64,21.83,46.6,0.2,116.57
Bilinga,4224,1763065800,2025-11-14 06:30:00,-28.14275,153.51358,0.76,1.29,5.41,3.54,21.74,51.17,0.18,105.58
Bilinga,4224,1763067600,2025-11-14 07:00:00,-28.14275,153.5136,0.76,1.54,5.26,3.65,21.61,53.28,0.17,96.44
Bilinga,4224,1763069400,2025-11-14 07:30:00,-28.14271,153.51362,0.78,1.21,5.26,3.67,21.61,49.77,0.16,107.78
Bilinga,4224,1763071200,2025-11-14 08:00:00,-28.14275,153.5136,0.75,1.42,5.56,3.54,21.47,51.35,0.15,101.1
Bilinga,4224,1763073000,2025-11-14 08:30:00,-28.14275,153.51362,0.74,1.25,5.13,3.58,21.43,51.17,0.18,109.8
Bilinga,4224,1763074800,2025-11-14 09:00:00,-28.14277,153.51358,0.71,1.29,5.26,3.72,21.47,50.56,0.14,99.25
Bilinga,4224,1763076600,2025-11-14 09:30:00,-28.14277,153.51356,0.7,1.06,5.0,3.55,21.56,44.4,0.12,108.22
Bilinga,4224,1763078400,2025-11-14 10:00:00,-28.14277,153.51356,0.73,1.19,5.26,3.51,21.43,46.86,0.16,121.93
Bilinga,4224,1763080200,2025-11-14 10:30:00,-28.14278,153.51352,0.75,1.22,5.0,3.54,21.34,45.11,0.16,120.44
Bilinga,4224,1763082000,2025-11-14 11:00:00,-28.14278,153.51356,0.73,1.17,4.88,3.58,21.21,46.07,0.15,119.3
Bilinga,4224,1763083800,2025-11-14 11:30:00,-28.1428,153.51354,0.69,1.1,5.26,3.48,21.16,48.36,0.17,134.15
Bilinga,4224,1763085600,2025-11-14 12:00:00,-28.1428,153.51354,0.71,1.29,5.26,3.74,21.12,39.57,0.2,123.87
Bilinga,4224,1763087400,2025-11-14 12:30:00,-28.14281,153.51354,0.71,1.22,5.26,3.61,21.08,48.18,0.23,126.59
Bilinga,4224,1763089200,2025-11-14 13:00:00,-28.1428,153.51358,0.65,1.14,5.41,3.56,21.03,51.79,0.23,144.97
Bilinga,4224,1763091000,2025-11-14 13:30:00,-28.14278,153.51362,0.69,1.09,4.88,3.38,21.16,43.79,0.25,138.2
Bilinga,4224,1763092800,2025-11-14 14:00:00,-28.14277,153.51362,0.71,1.27,5.13,3.49,21.3,39.13,0.24,132.13
Bilinga,4224,1763094600,2025-11-14 14:30:00,-28.14277,153.51362,0.85,1.6,5.26,3.72,21.21,48.18,0.17,121.49
Bilinga,4224,1763096400,2025-11-14 15:00:00,-28.14277,153.51362,0.83,1.68,5.13,3.67,21.25,40.18,0.2,126.51
Bilinga,4224,1763098200,2025-11-14 15:30:00,-28.14278,153.51367,0.91,1.6,4.65,3.86,21.34,36.05,0.23,146.99
Bilinga,4224,1763100000,2025-11-14 16:00:00,-28.14271,153.51375,0.9,1.41,5.13,3.87,21.47,42.65,0.28,139.16
Bilinga,4224,1763101800,2025-11-14 16:30:00,-28.14271,153.51377,0.88,1.49,5.41,3.88,21.69,38.69,0.29,151.21
Bilinga,4224,1763103600,2025-11-14 17:00:00,-28.1427,153.51382,0.89,1.58,5.0,4.41,21.65,35.52,0.22,133.54
Bilinga,4224,1763105400,2025-11-14 17:30:00,-28.1427,153.51382,0.96,1.45,5.71,4.49,21.65,40.62,0.18,133.54
Bilinga,4224,1763107200,2025-11-14 18:00:00,-28.1427,153.5138,0.94,1.52,5.56,4.37,21.65,31.92,0.16,113.41
Bilinga,4224,1763109000,2025-11-14 18:30:00,-28.1427,153.5138,1.0,1.9,5.41,4.28,21.61,33.33,0.17,107.6
Bilinga,4224,1763110800,2025-11-14 19:00:00,-28.1427,153.51382,1.1,2.03,5.56,4.43,21.65,27.88,0.17,105.67
Bilinga,4224,1763112600,2025-11-14 19:30:00,-28.14271,153.51377,1.06,1.92,5.71,4.35,21.61,28.49,0.13,111.91
Bilinga,4224,1763114400,2025-11-14 20:00:00,-28.1427,153.5138,1.0,1.62,5.71,4.28,21.38,31.66,0.16,102.59
Bilinga,4224,1763116200,2025-11-14 20:30:00,-28.14274,153.51377,1.01,1.87,5.71,4.37,21.52,28.67,0.13,124.13
Bilinga,4224,1763118000,2025-11-14 21:00:00,-28.14274,153.51377,1.0,1.72,5.56,4.54,21.38,32.54,0.17,114.73
Bilinga,4224,1763119800,2025-11-14 21:30:00,-28.14274,153.51377,1.01,1.68,5.88,4.51,21.34,38.95,0.19,121.93
Bilinga,4224,1763121600,2025-11-14 22:00:00,-28.14274,153.51377,1.0,2.01,6.25,4.54,21.38,34.29,0.21,124.13
Bilinga,4224,1763123400,2025-11-14 22:30:00,-28.14275,153.51373,1.0,2.06,6.45,4.72,21.25,38.95,0.19,115.08
Bilinga,4224,1763125200,2025-11-14 23:00:00,-28.14278,153.51367,0.92,1.46,6.45,4.7,21.21,32.97,0.17,106.2
Bilinga,4224,1763127000,2025-11-14 23:30:00,-28.14278,153.51362,0.94,1.67,6.67,4.74,20.94,36.58,0.13,120.35
Bilinga,4224,1763128800,2025-11-15 00:00:00,-28.1428,153.51362,0.84,1.62,7.14,4.64,20.9,36.14,0.1,108.04
Bilinga,4224,1763128800,2025-11-15 00:00:00,-28.1428,153.51365,0.84,1.62,7.14,4.64,20.9,36.14,0.1,108.04
Bilinga,4224,1763130600,2025-11-15 00:30:00,-28.1428,153.51362,0.78,1.18,7.41,4.39,20.85,38.86,0.05,128.35
Bilinga,4224,1763132400,2025-11-15 01:00:00,-28.1428,153.51362,0.74,1.14,6.9,4.47,20.85,39.66,0.02,52.75
Bilinga,4224,1763134200,2025-11-15 01:30:00,-28.1428,153.51356,0.69,1.26,7.14,4.46,20.94,32.01,0.04,348.66
Bilinga,4224,1763136000,2025-11-15 02:00:00,-28.1428,153.51354,0.72,1.42,6.9,4.7,20.94,34.91,0.03,350.51
Bilinga,4224,1763137800,2025-11-15 02:30:00,-28.14281,153.5135,0.69,1.29,6.9,4.77,20.9,33.15,0.06,316.92
Bilinga,4224,1763139600,2025-11-15 03:00:00,-28.14278,153.51352,0.74,1.18,6.25,4.94,20.9,36.84,0.09,338.81
Bilinga,4224,1763141400,2025-11-15 03:30:00,-28.14278,153.51356,0.78,1.12,6.67,5.0,20.85,35.44,0.05,318.24
Bilinga,4224,1763143200,2025-11-15 04:00:00,-28.14278,153.51356,0.74,1.17,6.9,5.09,20.85,40.8,0.03,307.52
Bilinga,4224,1763145000,2025-11-15 04:30:00,-28.14278,153.51358,0.76,1.11,6.9,5.11,20.81,35.52,0.04,357.27
Bilinga,4224,1763146800,2025-11-15 05:00:00,-28.14274,153.51362,0.8,1.62,6.67,5.26,20.77,35.26,0.06,23.56
Bilinga,4224,1763148600,2025-11-15 05:30:00,-28.14275,153.51367,0.76,1.41,6.45,5.12,20.72,36.49,0.08,7.3
Bilinga,4224,1763150400,2025-11-15 06:00:00,-28.14275,153.51371,0.79,1.23,6.67,5.12,20.77,36.84,0.03,2.46
Bilinga,4224,1763152200,2025-11-15 06:30:00,-28.14271,153.51367,0.78,1.23,6.67,4.98,20.81,36.84,0.06,212.13
Bilinga,4224,1763154000,2025-11-15 07:00:00,-28.14275,153.51367,0.72,1.1,6.67,4.86,20.9,35.88,0.1,156.31
Bilinga,4224,1763155800,2025-11-15 07:30:00,-28.14275,153.51362,0.7,1.03,6.45,4.72,20.99,32.62,0.04,116.04
Bilinga,4224,1763157600,2025-11-15 08:00:00,-28.14275,153.51362,0.67,1.13,6.67,4.59,21.03,35.88,0.02,217.49
Bilinga,4224,1763159400,2025-11-15 08:30:00,-28.14275,153.51362,0.65,1.14,6.67,4.64,21.21,36.05,0.05,197.98
Bilinga,4224,1763161200,2025-11-15 09:00:00,-28.14277,153.51365,0.67,1.12,6.25,4.75,21.21,30.25,0.01,148.92
Bilinga,4224,1763163000,2025-11-15 09:30:00,-28.14277,153.51362,0.64,0.94,6.06,4.59,21.34,37.02,0.05,175.91
Bilinga,4224,1763164800,2025-11-15 10:00:00,-28.14277,153.51362,0.64,0.99,6.25,4.7,21.43,40.1,0.06,162.9
Bilinga,4224,1763166600,2025-11-15 10:30:00,-28.14278,153.51362,0.63,0.94,6.06,4.75,21.38,35.61,0.16,203.96
Bilinga,4224,1763168400,2025-11-15 11:00:00,-28.14281,153.51362,0.66,1.12,6.06,4.76,21.74,34.29,0.14,168.79
Bilinga,4224,1763170200,2025-11-15 11:30:00,-28.14281,153.51362,0.67,1.29,6.06,4.67,21.92,35.61,0.11,161.32
Bilinga,4224,1763172000,2025-11-15 12:00:00,-28.1428,153.51369,0.67,1.04,6.06,4.54,22.05,39.92,0.13,132.31
Bilinga,4224,1763173800,2025-11-15 12:30:00,-28.14281,153.51371,0.62,0.96,6.06,4.65,21.78,39.13,0.1,156.48
Bilinga,4224,1763175600,2025-11-15 13:00:00,-28.14278,153.51375,0.6,0.94,5.88,4.53,22.18,47.74,0.24,160.26
Bilinga,4224,1763177400,2025-11-15 13:30:00,-28.14275,153.51377,0.6,1.14,5.56,4.5,22.18,49.5,0.15,151.91
Bilinga,4224,1763179200,2025-11-15 14:00:00,-28.14278,153.51377,0.63,0.91,5.71,4.47,22.1,42.73,0.19,140.04
Bilinga,4224,1763181000,2025-11-15 14:30:00,-28.14277,153.5138,0.63,1.09,6.06,4.43,22.18,49.94,0.11,141.71
Bilinga,4224,1763182800,2025-11-15 15:00:00,-28.14274,153.51382,0.6,1.02,6.25,4.22,22.1,51.7,0.14,130.02
Bilinga,4224,1763184600,2025-11-15 15:30:00,-28.1427,153.51382,0.59,0.91,5.88,4.05,22.18,48.27,0.14,87.65
Bilinga,4224,1763186400,2025-11-15 16:00:00,-28.14271,153.5138,0.62,1.04,5.41,4.07,21.87,48.18,0.18,99.96
Bilinga,4224,1763188200,2025-11-15 16:30:00,-28.14268,153.51384,0.6,1.1,5.71,4.06,21.83,50.47,0.15,89.41
Bilinga,4224,1763190000,2025-11-15 17:00:00,-28.14271,153.5138,0.61,1.24,5.71,3.96,21.74,50.38,0.16,100.13
Bilinga,4224,1763191800,2025-11-15 17:30:00,-28.14271,153.51377,0.62,1.13,5.56,3.76,21.83,50.56,0.16,114.29
Bilinga,4224,1763193600,2025-11-15 18:00:00,-28.14274,153.51377,0.66,1.22,6.06,3.7,21.78,47.39,0.14,116.57
Bilinga,4224,1763195400,2025-11-15 18:30:00,-28.14271,153.51382,0.62,0.99,5.41,3.58,21.74,48.62,0.18,110.86
Bilinga,4224,1763197200,2025-11-15 19:00:00,-28.14274,153.51382,0.61,0.91,5.56,3.47,21.69,48.01,0.17,116.4
Bilinga,4224,1763199000,2025-11-15 19:30:00,-28.14274,153.5138,0.69,1.17,5.56,3.45,21.83,51.0,0.23,112.53
Bilinga,4224,1763200800,2025-11-15 20:00:00,-28.14278,153.51382,0.64,1.04,5.88,3.36,21.87,55.83,0.24,115.34
Bilinga,4224,1763202600,2025-11-15 20:30:00,-28.14278,153.5138,0.64,1.14,5.71,3.35,21.87,53.55,0.23,115.25
Bilinga,4224,1763204400,2025-11-15 21:00:00,-28.14277,153.5138,0.69,1.2,5.41,3.36,21.83,52.58,0.21,106.81
Bilinga,4224,1763206200,2025-11-15 21:30:00,-28.14278,153.51377,0.75,1.29,5.0,3.44,21.74,47.48,0.22,101.01
Bilinga,4224,1763208000,2025-11-15 22:00:00,-28.14281,153.51377,0.77,1.3,5.88,3.37,21.69,42.91,0.27,119.56
Bilinga,4224,1763209800,2025-11-15 22:30:00,-28.1428,153.51377,0.75,1.24,6.06,3.52,21.52,47.92,0.2,115.69
Bilinga,4224,1763211600,2025-11-15 23:00:00,-28.14278,153.51377,0.75,1.63,5.88,3.58,21.47,49.77,0.22,108.31
Bilinga,4224,1763213400,2025-11-15 23:30:00,-28.14277,153.51377,0.79,1.27,5.56,3.81,21.56,43.26,0.16,104.26
Bilinga,4224,1763215200,2025-11-16 00:00:00,-28.14277,153.5138,0.92,1.47,5.13,3.88,21.74,37.81,0.28,114.46
Bilinga,4224,1763215200,2025-11-16 00:00:00,-28.14278,153.51377,0.92,1.47,5.13,3.88,21.74,37.81,0.28,114.46
Bilinga,4224,1763217000,2025-11-16 00:30:00,-28.14275,153.51382,0.92,1.64,5.56,3.84,21.78,35.88,0.26,107.87
Bilinga,4224,1763218800,2025-11-16 01:00:00,-28.14275,153.51384,0.9,1.44,5.88,3.8,21.78,42.03,0.14,130.02
Bilinga,4224,1763220600,2025-11-16 01:30:00,-28.14278,153.51377,0.83,1.36,5.26,3.71,21.61,40.27,0.17,118.95
Bilinga,4224,1763222400,2025-11-16 02:00:00,-28.14275,153.51382,0.78,1.45,5.41,3.62,21.47,40.89,0.11,104.79
Bilinga,4224,1763224200,2025-11-16 02:30:00,-28.14278,153.5138,0.75,1.35,6.45,3.4,21.61,46.95,0.25,134.68
Bilinga,4224,1763226000,2025-11-16 03:00:00,-28.14278,153.51377,0.74,1.32,5.26,3.37,21.61,40.97,0.24,124.84
Bilinga,4224,1763227800,2025-11-16 03:30:00,-28.14275,153.51382,0.75,1.32,5.88,3.53,21.56,44.14,0.18,107.69
Bilinga,4224,1763229600,2025-11-16 04:00:00,-28.14275,153.51382,0.73,1.09,5.71,3.5,21.34,39.48,0.12,99.08
Bilinga,4224,1763231400,2025-11-16 04:30:00,-28.14277,153.51382,0.81,1.37,4.17,3.57,21.52,33.06,0.23,110.86
Bilinga,4224,1763233200,2025-11-16 05:00:00,-28.14277,153.5138,0.84,1.33,5.88,3.67,21.47,46.6,0.18,105.49
Bilinga,4224,1763235000,2025-11-16 05:30:00,-28.14277,153.51384,0.84,1.49,5.71,3.8,21.38,44.05,0.18,111.21
Bilinga,4224,1763236800,2025-11-16 06:00:00,-28.14277,153.5138,0.87,1.48,5.88,3.9,21.3,44.58,0.16,120.35
Bilinga,4224,1763238600,2025-11-16 06:30:00,-28.14277,153.5138,0.83,1.55,5.26,3.88,21.21,34.47,0.17,107.52
Bilinga,4224,1763240400,2025-11-16 07:00:00,-28.14277,153.51377,0.83,1.31,5.13,3.83,21.12,41.24,0.14,95.56
Bilinga,4224,1763242200,2025-11-16 07:30:00,-28.14277,153.5138,0.79,1.27,4.35,3.71,21.08,30.25,0.22,117.8
Bilinga,4224,1763244000,2025-11-16 08:00:00,-28.14278,153.51377,0.79,1.33,5.88,3.74,21.03,46.95,0.12,83.96
Bilinga,4224,1763245800,2025-11-16 08:30:00,-28.14277,153.5138,0.74,1.34,5.88,3.69,20.99,47.66,0.14,84.31
Bilinga,4224,1763247600,2025-11-16 09:00:00,-28.14277,153.5138,0.74,1.38,5.88,3.81,20.9,46.6,0.11,99.78
Bilinga,4224,1763249400,2025-11-16 09:30:00,-28.14278,153.51377,0.72,1.26,5.13,3.66,20.85,41.41,0.12,93.19
Bilinga,4224,1763251200,2025-11-16 10:00:00,-28.14278,153.51375,0.71,1.38,5.88,3.65,20.77,42.47,0.18,116.57
Bilinga,4224,1763253000,2025-11-16 10:30:00,-28.14278,153.51375,0.74,1.17,6.06,3.67,20.68,42.73,0.14,123.87
Bilinga,4224,1763254800,2025-11-16 11:00:00,-28.14278,153.51375,0.73,1.21,5.41,3.69,20.55,42.03,0.14,101.63
Bilinga,4224,1763256600,2025-11-16 11:30:00,-28.1428,153.51375,0.75,1.34,6.06,3.48,20.64,46.95,0.13,104.7
Bilinga,4224,1763258400,2025-11-16 12:00:00,-28.14281,153.51373,0.8,1.27,5.71,3.45,20.64,43.26,0.18,117.89
Bilinga,4224,1763260200,2025-11-16 12:30:00,-28.14283,153.51375,0.83,1.32,5.0,3.6,20.55,40.89,0.16,125.45
Bilinga,4224,1763262000,2025-11-16 13:00:00,-28.14281,153.51377,0.79,1.33,5.71,3.65,20.64,47.83,0.18,133.19
Bilinga,4224,1763263800,2025-11-16 13:30:00,-28.1428,153.5138,0.88,1.51,6.06,3.95,20.77,41.59,0.15,120.26
Bilinga,4224,1763265600,2025-11-16 14:00:00,-28.14283,153.51371,0.97,1.49,6.67,4.1,20.77,42.12,0.15,92.22
Bilinga,4224,1763267400,2025-11-16 14:30:00,-28.14283,153.51371,1.02,1.75,5.88,4.1,20.72,37.9,0.11,84.13
Bilinga,4224,1763269200,2025-11-16 15:00:00,-28.14281,153.51371,1.04,1.65,5.56,4.07,20.68,38.25,0.14,107.43
Bilinga,4224,1763271000,2025-11-16 15:30:00,-28.1428,153.51375,1.0,1.64,5.56,4.01,20.64,30.69,0.13,111.12
Bilinga,4224,1763272800,2025-11-16 16:00:00,-28.14281,153.51371,0.99,1.83,5.56,4.03,20.77,38.6,0.12,130.55
Bilinga,4224,1763274600,2025-11-16 16:30:00,-28.14278,153.51373,1.0,1.77,6.67,4.08,20.68,35.08,0.15,113.49
Bilinga,4224,1763276400,2025-11-16 17:00:00,-28.14281,153.51371,0.96,1.77,6.9,3.93,20.68,39.57,0.18,130.9
Bilinga,4224,1763278200,2025-11-16 17:30:00,-28.1428,153.51371,0.89,1.5,6.9,3.84,20.77,37.28,0.2,131.87
Bilinga,4224,1763280000,2025-11-16 18:00:00,-28.14281,153.51369,0.86,1.23,6.67,3.78,20.72,40.18,0.09,80.88
Bilinga,4224,1763281800,2025-11-16 18:30:00,-28.14281,153.51369,0.86,1.37,6.67,3.73,20.68,48.1,0.13,121.93
Bilinga,4224,1763283600,2025-11-16 19:00:00,-28.14281,153.51371,0.81,1.4,6.9,3.59,20.68,43.08,0.19,141.71
Bilinga,4224,1763285400,2025-11-16 19:30:00,-28.14283,153.51371,0.79,1.37,6.9,3.48,20.55,47.39,0.12,117.45
Bilinga,4224,1763287200,2025-11-16 20:00:00,-28.14281,153.51371,0.78,1.26,6.67,3.48,20.5,46.86,0.16,117.27
Bilinga,4224,1763289000,2025-11-16 20:30:00,-28.1428,153.51373,0.78,1.19,6.25,3.52,20.42,44.23,0.13,105.76
Bilinga,4224,1763290800,2025-11-16 21:00:00,-28.1428,153.51373,0.81,1.32,6.45,3.6,20.37,48.01,0.12,104.62
Bilinga,4224,1763292600,2025-11-16 21:30:00,-28.1428,153.51371,0.78,1.28,6.67,3.57,20.28,43.88,0.1,75.6
Bilinga,4224,1763294400,2025-11-16 22:00:00,-28.1428,153.51371,0.82,1.24,6.25,3.72,20.2,42.38,0.11,118.77
Bilinga,4224,1763296200,2025-11-16 22:30:00,-28.1428,153.51373,0.77,1.17,6.45,3.47,20.2,40.8,0.11,87.47
Bilinga,4224,1763298000,2025-11-16 23:00:00,-28.14278,153.51371,0.75,1.25,6.25,3.56,20.15,45.63,0.06,89.93
Bilinga,4224,1763299800,2025-11-16 23:30:00,-28.1428,153.51371,0.74,1.2,5.0,3.56,20.07,41.85,0.1,84.75
Bilinga,4224,1763301600,2025-11-17 00:00:00,-28.1428,153.51371,0.77,1.4,6.06,3.71,20.07,39.22,0.12,91.69
Bilinga,4224,1763301600,2025-11-17 00:00:00,-28.14281,153.51371,0.77,1.4,6.06,3.71,20.07,39.22,0.12,91.69
Bilinga,4224,1763303400,2025-11-17 00:30:00,-28.14281,153.51369,0.74,1.17,5.56,3.69,20.07,42.73,0.06,96.0
Bilinga,4224,1763305200,2025-11-17 01:00:00,-28.14283,153.51365,0.83,1.54,6.25,3.77,20.02,39.57,0.07,108.31
Bilinga,4224,1763307000,2025-11-17 01:30:00,-28.14283,153.51369,0.82,1.34,6.25,3.74,19.98,40.89,0.06,127.74
Bilinga,4224,1763308800,2025-11-17 02:00:00,-28.14283,153.51365,0.78,1.22,6.06,3.66,19.98,41.41,0.03,73.14
Bilinga,4224,1763310600,2025-11-17 02:30:00,-28.14283,153.51362,0.79,1.38,6.06,3.78,19.98,39.39,0.05,43.34
Bilinga,4224,1763312400,2025-11-17 03:00:00,-28.14285,153.51362,0.82,1.47,6.25,3.92,19.94,43.44,0.03,107.6
Bilinga,4224,1763314200,2025-11-17 03:30:00,-28.14281,153.51367,0.83,1.25,6.25,3.89,19.98,34.73,0.09,97.49
Bilinga,4224,1763316000,2025-11-17 04:00:00,-28.14283,153.51362,0.82,1.47,6.06,3.89,20.11,38.86,0.06,122.29
Bilinga,4224,1763317800,2025-11-17 04:30:00,-28.14283,153.51365,0.83,1.39,6.06,4.0,20.11,37.9,0.07,152.0
Bilinga,4224,1763319600,2025-11-17 05:00:00,-28.14281,153.51367,0.77,1.11,5.26,4.02,20.07,37.19,0.08,132.48
Bilinga,4224,1763321400,2025-11-17 05:30:00,-28.14281,153.51369,0.76,1.52,6.9,4.08,20.02,44.14,0.08,106.02
Bilinga,4224,1763323200,2025-11-17 06:00:00,-28.14281,153.51367,0.76,1.3,6.25,4.07,19.94,40.1,0.0,94.95
Bilinga,4224,1763325000,2025-11-17 06:30:00,-28.14281,153.51365,0.72,1.14,6.25,4.0,20.02,37.99,0.09,85.54
Bilinga,4224,1763326800,2025-11-17 07:00:00,-28.14281,153.51362,0.64,1.15,6.45,3.74,20.02,42.29,0.05,110.95
Bilinga,4224,1763328600,2025-11-17 07:30:00,-28.1428,153.51369,0.63,1.09,6.25,3.56,20.07,47.39,0.04,26.11
Bilinga,4224,1763330400,2025-11-17 08:00:00,-28.1428,153.51371,0.57,1.03,6.45,3.53,20.15,43.88,0.05,74.55
Bilinga,4224,1763332200,2025-11-17 08:30:00,-28.14278,153.51371,0.54,0.9,6.06,3.69,20.15,44.14,0.05,91.69
Bilinga,4224,1763334000,2025-11-17 09:00:00,-28.14277,153.51371,0.52,0.79,6.45,3.72,20.24,44.58,0.06,84.31
Bilinga,4224,1763335800,2025-11-17 09:30:00,-28.14278,153.51371,0.47,0.83,6.67,3.73,20.37,48.62,0.08,106.81
Bilinga,4224,1763337600,2025-11-17 10:00:00,-28.14278,153.51371,0.43,0.85,6.45,3.51,20.5,47.57,0.08,105.76
Bilinga,4224,1763339400,2025-11-17 10:30:00,-28.1428,153.51373,0.5,0.84,6.45,3.55,20.5,51.44,0.07,113.58
Bilinga,4224,1763341200,2025-11-17 11:00:00,-28.1428,153.51371,0.45,0.7,6.25,3.58,20.55,45.99,0.08,117.71
Bilinga,4224,1763343000,2025-11-17 11:30:00,-28.14281,153.51371,0.48,0.78,6.45,3.69,20.68,52.75,0.1,101.19
Bilinga,4224,1763344800,2025-11-17 12:00:00,-28.1428,153.51375,0.5,0.74,6.25,3.91,20.72,49.68,0.13,95.56
Bilinga,4224,1763346600,2025-11-17 12:30:00,-28.14281,153.51375,0.52,1.0,6.25,4.05,20.77,42.82,0.1,80.7
Bilinga,4224,1763348400,2025-11-17 13:00:00,-28.14283,153.51373,0.48,0.9,6.45,3.68,20.85,38.95,0.1,83.08
Bilinga,4224,1763350200,2025-11-17 13:30:00,-28.1428,153.51375,0.56,1.01,6.06,3.43,20.77,46.86,0.09,83.08
Bilinga,4224,1763352000,2025-11-17 14:00:00,-28.1428,153.51377,0.56,0.91,5.88,3.44,20.64,50.29,0.12,89.32
Bilinga,4224,1763353800,2025-11-17 14:30:00,-28.14274,153.51384,0.5,0.93,5.71,3.24,20.5,46.43,0.18,71.12
Bilinga,4224,1763355600,2025-11-17 15:00:00,-28.14274,153.51386,0.52,0.9,6.25,3.26,20.37,56.27,0.15,67.43
Bilinga,4224,1763357400,2025-11-17 15:30:00,-28.14274,153.51382,0.48,0.79,5.56,3.22,20.28,49.94,0.15,102.42
Bilinga,4224,1763359200,2025-11-17 16:00:00,-28.14275,153.51382,0.5,0.85,6.06,3.67,20.2,55.74,0.15,80.26
Bilinga,4224,1763361000,2025-11-17 16:30:00,-28.14275,153.5138,0.45,0.87,6.25,3.45,20.15,60.23,0.11,81.32
Bilinga,4224,1763362800,2025-11-17 17:00:00,-28.14274,153.51382,0.47,1.08,6.45,3.71,19.98,61.81,0.14,91.87
Bilinga,4224,1763364600,2025-11-17 17:30:00,-28.14274,153.5138,0.47,0.87,5.88,4.11,19.81,51.96,0.08,99.16
Bilinga,4224,1763366400,2025-11-17 18:00:00,-28.14274,153.51377,0.43,0.75,6.25,4.39,19.72,54.16,0.01,32.35
Bilinga,4224,1763368200,2025-11-17 18:30:00,-28.14274,153.5138,0.45,0.77,6.9,4.78,19.67,51.7,0.03,145.76
Bilinga,4224,1763370000,2025-11-17 19:00:00,-28.14274,153.5138,0.5,0.83,6.45,5.21,19.59,54.51,0.04,321.23
Bilinga,4224,1763371800,2025-11-17 19:30:00,-28.14275,153.51377,0.5,0.72,6.67,5.17,19.5,48.36,0.05,70.33
Bilinga,4224,1763373600,2025-11-17 20:00:00,-28.14275,153.51377,0.46,0.91,5.71,4.94,19.37,62.6,0.1,77.1
Bilinga,4224,1763375400,2025-11-17 20:30:00,-28.14274,153.5138,0.5,0.82,6.9,5.07,19.33,54.95,0.1,62.77
Bilinga,4224,1763377200,2025-11-17 21:00:00,-28.14275,153.51377,0.52,0.86,6.67,5.13,19.28,51.61,0.16,69.36
Bilinga,4224,1763379000,2025-11-17 21:30:00,-28.14274,153.51377,0.5,0.8,6.45,5.07,19.24,55.74,0.07,-1000.0
Bilinga,4224,1763380800,2025-11-17 22:00:00,-28.14271,153.51377,0.46,0.77,6.45,5.04,19.37,56.89,0.06,356.92
Bilinga,4224,1763382600,2025-11-17 22:30:00,-28.14271,153.5138,0.45,0.71,6.25,4.82,19.33,52.23,0.06,346.73
Bilinga,4224,1763384400,2025-11-17 23:00:00,-28.14271,153.51377,0.47,0.77,6.67,5.01,19.33,58.12,0.09,4.31
Bilinga,4224,1763386200,2025-11-17 23:30:00,-28.14263,153.51375,0.47,0.7,6.06,4.84,19.37,46.51,0.04,255.03
Bilinga,4224,1763388000,2025-11-18 00:00:00,-28.14266,153.51373,0.45,0.71,6.9,4.8,19.28,54.43,0.08,247.21
Bilinga,4224,1763389800,2025-11-18 00:30:00,-28.14263,153.51377,0.41,0.83,6.45,4.84,19.2,52.84,0.08,269.54
Bilinga,4224,1763391600,2025-11-18 01:00:00,-28.14266,153.51377,0.44,0.64,6.67,5.14,19.07,54.16,0.06,292.31
Bilinga,4224,1763393400,2025-11-18 01:30:00,-28.1427,153.51377,0.45,0.68,6.45,5.22,19.03,53.55,0.06,284.92
Bilinga,4224,1763395200,2025-11-18 02:00:00,-28.1427,153.51377,0.44,0.69,6.9,4.9,19.03,54.51,0.06,357.98
Bilinga,4224,1763397000,2025-11-18 02:30:00,-28.1427,153.5138,0.5,0.7,6.25,4.7,19.11,53.28,0.03,123.43
Bilinga,4224,1763398800,2025-11-18 03:00:00,-28.14266,153.5138,0.54,0.87,6.9,4.44,19.2,58.21,0.06,351.38
Bilinga,4224,1763400600,2025-11-18 03:30:00,-28.1427,153.51377,0.53,0.91,6.45,4.76,19.24,52.14,0.0,144.0
Bilinga,4224,1763402400,2025-11-18 04:00:00,-28.14271,153.51377,0.53,0.9,6.45,4.98,19.24,56.89,0.02,278.59
Bilinga,4224,1763404200,2025-11-18 04:30:00,-28.14274,153.51377,0.58,0.97,6.67,5.09,19.24,57.06,0.05,62.77
Bilinga,4224,1763406000,2025-11-18 05:00:00,-28.14274,153.51375,0.62,1.1,6.25,4.82,19.24,58.82,0.02,123.08
Bilinga,4224,1763407800,2025-11-18 05:30:00,-28.14275,153.51375,0.65,1.03,6.06,4.75,19.24,75.96,0.03,63.65
Bilinga,4224,1763409600,2025-11-18 06:00:00,-28.14277,153.51377,0.71,1.2,6.06,4.88,19.24,74.73,0.13,32.79
Bilinga,4224,1763411400,2025-11-18 06:30:00,-28.14277,153.51377,0.7,1.17,6.45,4.88,19.2,73.68,0.09,58.46
Bilinga,4224,1763413200,2025-11-18 07:00:00,-28.14274,153.51371,0.76,1.19,6.25,4.75,19.2,73.94,0.04,356.84
Bilinga,4224,1763415000,2025-11-18 07:30:00,-28.14274,153.51375,0.76,1.29,6.06,4.59,19.28,81.15,0.04,173.54
Bilinga,4224,1763416800,2025-11-18 08:00:00,-28.14275,153.51375,0.69,1.27,6.45,4.37,19.33,70.43,0.05,227.6
Bilinga,4224,1763418600,2025-11-18 08:30:00,-28.14277,153.51371,0.7,1.23,6.45,4.5,19.33,68.67,0.06,187.25
Bilinga,4224,1763420400,2025-11-18 09:00:00,-28.14275,153.51373,0.68,1.17,6.45,4.18,19.37,71.66,0.09,233.76
Bilinga,4224,1763422200,2025-11-18 09:30:00,-28.14274,153.51373,0.73,1.08,6.9,4.18,19.46,68.67,0.08,184.0
Bilinga,4224,1763424000,2025-11-18 10:00:00,-28.14275,153.51373,0.66,1.2,6.45,4.17,19.5,72.01,0.08,211.34
Bilinga,4224,1763425800,2025-11-18 10:30:00,-28.14275,153.51375,0.77,1.19,6.06,4.36,19.54,81.5,0.04,153.58
Bilinga,4224,1763427600,2025-11-18 11:00:00,-28.14277,153.51371,0.76,1.16,6.45,4.31,19.59,77.19,0.07,174.77
Bilinga,4224,1763429400,2025-11-18 11:30:00,-28.14278,153.51371,0.8,1.14,6.45,4.42,19.67,84.32,0.05,181.27
Bilinga,4224,1763431200,2025-11-18 12:00:00,-28.1428,153.51377,0.87,1.43,5.88,4.39,20.46,99.35,0.14,114.73
Bilinga,4224,1763433000,2025-11-18 12:30:00,-28.14277,153.51384,0.85,1.46,6.06,4.23,20.55,87.22,0.21,134.86
Bilinga,4224,1763434800,2025-11-18 13:00:00,-28.14277,153.51382,0.8,1.46,6.25,4.07,20.9,80.62,0.12,125.63
Bilinga,4224,1763436600,2025-11-18 13:30:00,-28.14274,153.51386,0.77,1.31,5.88,3.99,21.16,95.3,0.16,141.01
Bilinga,4224,1763438400,2025-11-18 14:00:00,-28.14275,153.51386,0.76,1.29,6.45,3.97,21.47,99.08,0.2,146.46
Bilinga,4224,1763440200,2025-11-18 14:30:00,-28.14275,153.51386,0.77,1.26,6.25,4.0,21.38,88.54,0.19,139.25
Bilinga,4224,1763442000,2025-11-18 15:00:00,-28.14275,153.51386,0.78,1.15,6.06,4.08,21.52,86.69,0.2,144.88
Bilinga,4224,1763443800,2025-11-18 15:30:00,-28.14275,153.51384,0.81,1.25,6.06,4.1,21.56,85.11,0.16,135.38
Bilinga,4224,1763445600,2025-11-18 16:00:00,-28.1428,153.5138,0.76,1.44,5.88,4.04,21.61,98.65,0.15,117.27
Bilinga,4224,1763447400,2025-11-18 16:30:00,-28.14281,153.51375,0.73,1.22,5.71,4.0,21.56,86.78,0.19,126.07
Bilinga,4224,1763449200,2025-11-18 17:00:00,-28.14281,153.51375,0.74,1.22,5.71,4.04,21.65,95.04,0.14,131.96
Bilinga,4224,1763451000,2025-11-18 17:30:00,-28.14281,153.51377,0.82,1.27,5.88,4.27,21.65,92.32,0.14,130.73
Bilinga,4224,1763452800,2025-11-18 18:00:00,-28.1428,153.51377,0.74,1.23,5.88,4.16,21.65,92.75,0.15,128.44
Bilinga,4224,1763454600,2025-11-18 18:30:00,-28.1428,153.51377,0.77,1.22,5.88,4.15,21.61,88.8,0.1,104.62
Bilinga,4224,1763456400,2025-11-18 19:00:00,-28.14278,153.51377,0.73,1.22,5.56,4.12,21.61,93.19,0.11,104.79
Bilinga,4224,1763458200,2025-11-18 19:30:00,-28.1428,153.51377,0.83,1.4,6.06,4.43,21.65,92.23,0.13,93.19
Bilinga,4224,1763460000,2025-11-18 20:00:00,-28.1428,153.51377,0.74,1.22,6.06,4.18,21.61,85.63,0.1,108.4
Bilinga,4224,1763461800,2025-11-18 20:30:00,-28.1428,153.51377,0.78,1.18,5.88,4.22,21.52,95.04,0.12,96.18
Bilinga,4224,1763463600,2025-11-18 21:00:00,-28.14278,153.51377,0.79,1.25,5.88,4.37,21.47,92.58,0.12,68.4
Bilinga,4224,1763465400,2025-11-18 21:30:00,-28.1428,153.51377,0.79,1.54,6.45,4.42,21.47,82.91,0.09,89.49
Bilinga,4224,1763467200,2025-11-18 22:00:00,-28.1428,153.51377,0.76,1.46,5.56,4.31,21.47,88.18,0.12,74.37
Bilinga,4224,1763469000,2025-11-18 22:30:00,-28.1428,153.51377,0.81,1.29,5.71,4.39,21.38,88.97,0.08,72.62
Bilinga,4224,1763470800,2025-11-18 23:00:00,-28.1428,153.51377,0.76,1.34,6.06,4.34,21.38,87.39,0.07,89.85
Bilinga,4224,1763472600,2025-11-18 23:30:00,-28.1428,153.51377,0.72,1.13,6.06,4.26,21.38,91.88,0.08,49.32
Bilinga,4224,1763474400,2025-11-19 00:00:00,-28.1428,153.51377,0.75,1.28,6.25,4.41,21.38,91.44,0.07,61.45
Bilinga,4224,1763476200,2025-11-19 00:30:00,-28.1428,153.5138,0.72,1.17,6.06,4.29,21.43,84.05,0.09,65.76
Bilinga,4224,1763478000,2025-11-19 01:00:00,-28.14278,153.51382,0.73,1.14,5.71,4.31,21.38,81.94,0.08,121.67
Bilinga,4224,1763479800,2025-11-19 01:30:00,-28.14278,153.5138,0.75,1.23,6.06,4.45,21.38,78.51,0.09,110.33
Bilinga,4224,1763481600,2025-11-19 02:00:00,-28.14278,153.5138,0.73,1.22,6.25,4.39,21.38,76.75,0.09,80.26
Bilinga,4224,1763483400,2025-11-19 02:30:00,-28.14278,153.51377,0.72,1.2,6.67,4.32,21.38,78.25,0.11,84.04
Bilinga,4224,1763485200,2025-11-19 03:00:00,-28.14278,153.5138,0.72,1.38,5.88,4.36,21.34,76.4,0.03,38.95
Bilinga,4224,1763487000,2025-11-19 03:30:00,-28.14278,153.51377,0.73,1.18,6.25,4.49,21.34,78.34,0.06,76.31
Bilinga,4224,1763488800,2025-11-19 04:00:00,-28.14278,153.51377,0.73,1.33,6.25,4.52,21.34,78.78,0.08,42.55
Bilinga,4224,1763490600,2025-11-19 04:30:00,-28.14278,153.51377,0.76,1.69,6.25,4.6,21.25,75.08,0.06,25.49
Bilinga,4224,1763492400,2025-11-19 05:00:00,-28.14278,153.51377,0.72,1.22,6.25,4.59,21.16,79.04,0.06,5.98
Bilinga,4224,1763494200,2025-11-19 05:30:00,-28.14277,153.5138,0.72,1.07,6.67,4.64,21.12,79.48,0.06,27.69
Bilinga,4224,1763496000,2025-11-19 06:00:00,-28.14277,153.5138,0.75,1.24,6.25,4.74,21.16,73.24,0.08,91.16
Bilinga,4224,1763497800,2025-11-19 06:30:00,-28.14277,153.51377,0.75,1.24,6.06,4.68,21.25,76.49,0.06,56.18
Bilinga,4224,1763499600,2025-11-19 07:00:00,-28.14277,153.51377,0.72,1.24,6.45,4.58,21.38,78.86,0.16,12.4
Bilinga,4224,1763501400,2025-11-19 07:30:00,-28.1428,153.51377,0.73,1.27,5.88,4.65,21.65,77.63,0.14,23.91
Bilinga,4224,1763503200,2025-11-19 08:00:00,-28.1428,153.51377,0.75,1.23,6.25,4.7,21.92,76.32,0.04,141.8
Bilinga,4224,1763505000,2025-11-19 08:30:00,-28.14281,153.51375,0.71,1.18,6.67,4.63,22.18,75.35,0.09,94.86
Bilinga,4224,1763506800,2025-11-19 09:00:00,-28.14281,153.51375,0.76,1.19,6.25,4.72,22.27,76.32,0.11,56.79
Bilinga,4224,1763508600,2025-11-19 09:30:00,-28.14283,153.51373,0.74,1.17,6.45,4.69,22.36,80.89,0.13,121.14
Bilinga,4224,1763510400,2025-11-19 10:00:00,-28.14281,153.51373,0.72,1.09,6.45,4.46,22.36,84.23,0.08,102.42
Bilinga,4224,1763512200,2025-11-19 10:30:00,-28.14283,153.51371,0.76,1.18,6.06,4.48,22.32,82.47,0.1,120.35
Bilinga,4224,1763514000,2025-11-19 11:00:00,-28.14285,153.51369,0.75,1.3,6.25,4.3,22.45,80.18,0.12,134.33
Bilinga,4224,1763515800,2025-11-19 11:30:00,-28.14289,153.51365,0.76,1.1,6.67,4.24,22.18,79.39,0.13,165.1
Bilinga,4224,1763517600,2025-11-19 12:00:00,-28.1429,153.5136,0.71,1.14,6.25,4.2,22.41,79.92,0.09,128.09
Bilinga,4224,1763519400,2025-11-19 12:30:00,-28.14289,153.51362,0.71,1.13,6.06,4.01,22.41,78.86,0.12,132.48
Bilinga,4224,1763521200,2025-11-19 13:00:00,-28.14289,153.51362,0.73,1.21,6.06,4.08,22.5,84.75,0.09,137.32
Bilinga,4224,1763523000,2025-11-19 13:30:00,-28.1429,153.51358,0.72,1.15,5.88,3.93,22.32,83.44,0.12,137.49
Bilinga,4224,1763524800,2025-11-19 14:00:00,-28.14289,153.51358,0.73,1.3,6.45,3.88,22.45,77.28,0.17,130.46
Bilinga,4224,1763526600,2025-11-19 14:30:00,-28.14289,153.5136,0.73,1.15,5.88,3.82,22.32,77.63,0.1,108.66
Bilinga,4224,1763528400,2025-11-19 15:00:00,-28.14289,153.51358,0.71,1.05,5.41,3.77,22.27,83.61,0.12,121.58
Bilinga,4224,1763530200,2025-11-19 15:30:00,-28.14289,153.51356,0.76,1.16,5.88,3.74,22.32,73.33,0.11,87.91
Bilinga,4224,1763532000,2025-11-19 16:00:00,-28.14289,153.51356,0.77,1.28,6.45,3.88,22.27,75.7,0.12,110.86
Bilinga,4224,1763533800,2025-11-19 16:30:00,-28.14289,153.51358,0.76,1.32,6.06,3.99,22.27,83.35,0.06,114.2
Bilinga,4224,1763535600,2025-11-19 17:00:00,-28.14289,153.51356,0.8,1.31,6.25,4.14,22.32,69.28,0.05,135.82
Bilinga,4224,1763537400,2025-11-19 17:30:00,-28.14289,153.51356,0.78,1.15,5.88,4.19,22.32,65.94,0.11,142.15
Bilinga,4224,1763539200,2025-11-19 18:00:00,-28.14289,153.51356,0.76,1.15,6.45,4.21,22.23,74.91,0.1,152.79
Bilinga,4224,1763541000,2025-11-19 18:30:00,-28.1429,153.51347,0.74,1.11,5.88,4.07,22.18,70.69,0.13,139.96
Bilinga,4224,1763542800,2025-11-19 19:00:00,-28.14287,153.5136,0.77,1.29,6.06,4.18,22.27,77.19,0.13,61.71
Bilinga,4224,1763544600,2025-11-19 19:30:00,-28.14285,153.51365,0.81,1.47,5.56,4.16,22.23,83.79,0.12,96.35
Bilinga,4224,1763546400,2025-11-19 20:00:00,-28.14283,153.51371,0.78,1.3,5.88,4.28,22.23,74.56,0.14,101.01
Bilinga,4224,1763548200,2025-11-19 20:30:00,-28.1428,153.51367,0.77,1.11,6.25,4.33,22.18,76.49,0.17,68.92
Bilinga,4224,1763550000,2025-11-19 21:00:00,-28.14285,153.51362,0.79,1.39,6.06,4.33,22.23,73.41,0.13,52.4
Bilinga,4224,1763551800,2025-11-19 21:30:00,-28.14287,153.51358,0.74,1.32,6.25,4.34,22.32,79.48,0.14,81.58
Bilinga,4224,1763553600,2025-11-19 22:00:00,-28.14287,153.51356,0.72,1.11,5.56,4.35,22.32,77.55,0.17,88.97
Bilinga,4224,1763555400,2025-11-19 22:30:00,-28.14283,153.51345,0.73,1.14,6.25,4.26,22.32,77.02,0.07,103.82
Bilinga,4224,1763557200,2025-11-19 23:00:00,-28.1428,153.51337,0.73,1.13,6.25,4.34,22.23,75.79,0.06,101.01
Bilinga,4224,1763559000,2025-11-19 23:30:00,-28.14278,153.51332,0.69,1.11,5.88,4.21,22.18,73.85,0.08,149.19
Bilinga,4224,1763560800,2025-11-20 00:00:00,-28.14278,153.51328,0.72,1.12,6.25,4.32,22.18,72.36,0.06,138.73
Bilinga,4224,1763562600,2025-11-20 00:30:00,-28.14277,153.51326,0.69,1.12,5.71,4.24,22.18,69.19,0.06,136.7
Bilinga,4224,1763564400,2025-11-20 01:00:00,-28.14275,153.51326,0.7,1.35,10.53,4.29,22.1,81.24,0.04,159.74
Bilinga,4224,1763566200,2025-11-20 01:30:00,-28.14277,153.51326,0.7,1.07,10.53,4.36,22.1,76.93,0.05,81.32
Bilinga,4224,1763568000,2025-11-20 02:00:00,-28.14277,153.51326,0.7,1.21,6.25,4.25,22.05,71.74,0.08,147.43
Bilinga,4224,1763569800,2025-11-20 02:30:00,-28.14275,153.51326,0.72,1.06,10.53,4.4,22.05,76.23,0.06,115.43
Bilinga,4224,1763571600,2025-11-20 03:00:00,-28.14277,153.51326,0.71,1.53,10.0,4.47,22.01,76.14,0.07,114.37
Bilinga,4224,1763573400,2025-11-20 03:30:00,-28.14277,153.51332,0.72,1.06,10.0,4.39,21.96,79.66,0.02,169.49
Bilinga,4224,1763575200,2025-11-20 04:00:00,-28.14278,153.51332,0.77,1.2,9.52,4.39,21.96,78.16,0.11,147.96
Bilinga,4224,1763577000,2025-11-20 04:30:00,-28.1428,153.51332,0.73,1.28,10.53,4.43,21.96,74.73,0.08,45.19
Bilinga,4224,1763578800,2025-11-20 05:00:00,-28.14283,153.51337,0.74,1.23,10.0,4.38,21.96,71.92,0.08,96.44
Bilinga,4224,1763580600,2025-11-20 05:30:00,-28.14285,153.51343,0.75,1.06,10.0,4.55,21.96,74.82,0.05,101.27
Bilinga,4224,1763582400,2025-11-20 06:00:00,-28.14285,153.51347,0.77,1.27,10.53,4.7,21.96,75.17,0.06,88.88
Bilinga,4224,1763584200,2025-11-20 06:30:00,-28.14285,153.51352,0.76,1.35,10.53,4.61,21.96,72.62,0.08,84.04
Bilinga,4224,1763586000,2025-11-20 07:00:00,-28.14283,153.51356,0.75,1.25,10.0,4.79,22.05,74.03,0.05,102.77
Bilinga,4224,1763587800,2025-11-20 07:30:00,-28.14283,153.51358,0.75,1.1,6.9,4.73,22.18,77.28,0.1,115.78
Bilinga,4224,1763589600,2025-11-20 08:00:00,-28.14283,153.51362,0.75,1.13,10.53,4.83,22.45,73.68,0.14,137.58
Bilinga,4224,1763591400,2025-11-20 08:30:00,-28.1428,153.51367,0.7,1.07,10.0,4.76,22.45,81.15,0.12,45.8
Bilinga,4224,1763593200,2025-11-20 09:00:00,-28.1428,153.51371,0.74,1.12,10.0,4.79,22.68,79.92,0.06,85.63
Bilinga,4224,1763595000,2025-11-20 09:30:00,-28.14283,153.51367,0.75,1.23,10.53,5.0,22.81,79.22,0.06,119.74
Bilinga,4224,1763596800,2025-11-20 10:00:00,-28.14281,153.51369,0.76,1.39,10.53,4.87,22.95,80.8,0.1,74.9
Bilinga,4224,1763598600,2025-11-20 10:30:00,-28.14283,153.51369,0.74,1.28,10.53,4.72,22.95,80.45,0.09,104.18
Bilinga,4224,1763600400,2025-11-20 11:00:00,-28.14285,153.51362,0.73,1.1,11.11,4.52,23.04,81.06,0.15,99.08
Bilinga,4224,1763602200,2025-11-20 11:30:00,-28.14289,153.51358,0.78,1.31,10.53,4.38,22.95,78.25,0.06,86.15
Bilinga,4224,1763604000,2025-11-20 12:00:00,-28.1429,153.51356,0.77,1.25,11.11,4.15,22.9,71.92,0.07,147.43
Bilinga,4224,1763605800,2025-11-20 12:30:00,-28.1429,153.51352,0.72,1.13,10.53,3.89,22.81,78.43,0.11,118.33
Bilinga,4224,1763607600,2025-11-20 13:00:00,-28.1429,153.51354,0.79,1.29,9.52,4.08,22.86,82.03,0.13,138.9
Bilinga,4224,1763609400,2025-11-20 13:30:00,-28.1429,153.51356,0.74,1.39,10.0,4.15,22.81,84.32,0.15,135.65
Bilinga,4224,1763611200,2025-11-20 14:00:00,-28.1429,153.51356,0.79,1.19,10.53,4.27,22.81,84.67,0.09,110.68
Bilinga,4224,1763613000,2025-11-20 14:30:00,-28.1429,153.51356,0.8,1.32,10.0,4.28,22.81,82.56,0.09,112.0
Bilinga,4224,1763614800,2025-11-20 15:00:00,-28.14289,153.51356,0.81,1.24,11.11,4.4,22.81,82.12,0.11,100.84
Bilinga,4224,1763616600,2025-11-20 15:30:00,-28.1429,153.51356,0.78,1.35,11.11,4.28,22.9,80.36,0.11,115.6
Bilinga,4224,1763618400,2025-11-20 16:00:00,-28.1429,153.51356,0.83,1.28,11.11,4.41,22.9,76.93,0.09,135.03
Bilinga,4224,1763620200,2025-11-20 16:30:00,-28.14289,153.51358,0.83,1.5,5.88,4.58,22.9,79.13,0.14,111.47
Bilinga,4224,1763622000,2025-11-20 17:00:00,-28.14289,153.5136,0.92,1.46,5.88,4.92,22.9,74.12,0.14,131.08
Bilinga,4224,1763623800,2025-11-20 17:30:00,-28.14289,153.51362,0.84,1.34,6.25,4.82,22.9,74.73,0.12,124.48
Bilinga,4224,1763625600,2025-11-20 18:00:00,-28.14287,153.51362,0.92,1.62,10.53,5.07,22.9,83.79,0.1,123.69
Bilinga,4224,1763627400,2025-11-20 18:30:00,-28.14287,153.51362,0.95,1.53,5.88,5.13,22.86,77.02,0.08,69.01
Bilinga,4224,1763629200,2025-11-20 19:00:00,-28.14287,153.51362,0.84,1.4,11.11,5.01,22.9,83.7,0.07,134.95
Bilinga,4224,1763631000,2025-11-20 19:30:00,-28.14283,153.51371,0.88,1.43,5.41,5.01,22.81,79.22,0.1,108.48
Bilinga,4224,1763632800,2025-11-20 20:00:00,-28.14285,153.51367,0.93,1.34,5.56,5.0,22.86,79.66,0.11,103.47
Bilinga,4224,1763634600,2025-11-20 20:30:00,-28.14283,153.51367,0.94,1.64,10.53,5.08,22.9,81.77,0.09,101.36
Bilinga,4224,1763636400,2025-11-20 21:00:00,-28.14283,153.51365,1.0,1.83,11.76,5.09,22.9,77.63,0.12,93.19
Bilinga,4224,1763638200,2025-11-20 21:30:00,-28.14285,153.51362,0.97,1.6,5.88,5.04,23.08,80.1,0.15,113.23
Bilinga,4224,1763640000,2025-11-20 22:00:00,-28.14285,153.51358,0.95,1.65,5.88,5.07,23.04,83.35,0.11,81.76
Bilinga,4224,1763641800,2025-11-20 22:30:00,-28.14283,153.51358,0.95,1.77,6.06,4.9,22.99,77.11,0.11,67.43
Bilinga,4224,1763643600,2025-11-20 23:00:00,-28.14283,153.51356,0.93,1.46,5.71,5.02,23.04,83.26,0.1,67.34
Bilinga,4224,1763645400,2025-11-20 23:30:00,-28.14287,153.51354,0.94,1.56,6.25,5.0,23.04,81.15,0.09,89.67
Bilinga,4224,1763647200,2025-11-21 00:00:00,-28.14285,153.51356,0.9,1.72,10.53,4.95,22.99,77.28,0.05,119.56
Bilinga,4224,1763647200,2025-11-21 00:00:00,-28.14287,153.51354,0.9,1.72,10.53,4.95,22.99,77.28,0.05,119.56
Bilinga,4224,1763649000,2025-11-21 00:30:00,-28.14289,153.5135,0.9,1.37,11.76,5.03,22.99,76.84,0.04,90.29
Bilinga,4224,1763650800,2025-11-21 01:00:00,-28.14285,153.51347,0.89,1.45,11.76,4.9,22.99,73.77,0.07,111.21
Bilinga,4224,1763652600,2025-11-21 01:30:00,-28.14287,153.51341,0.98,1.49,10.53,5.04,22.99,73.06,0.1,168.88
Bilinga,4224,1763654400,2025-11-21 02:00:00,-28.14289,153.51341,0.91,1.42,12.5,5.16,23.04,70.07,0.08,171.6
Bilinga,4224,1763656200,2025-11-21 02:30:00,-28.14289,153.51341,0.94,1.35,11.76,4.95,23.04,69.55,0.09,172.75
Bilinga,4224,1763658000,2025-11-21 03:00:00,-28.1429,153.51341,0.93,1.35,11.76,5.0,23.04,73.06,0.1,109.63
Bilinga,4224,1763659800,2025-11-21 03:30:00,-28.14289,153.51339,0.97,1.74,11.76,5.25,23.04,71.83,0.08,141.8
Bilinga,4224,1763661600,2025-11-21 04:00:00,-28.14287,153.51343,0.94,1.63,11.11,5.41,23.08,70.86,0.09,164.75
Bilinga,4224,1763663400,2025-11-21 04:30:00,-28.14287,153.5135,0.86,1.47,11.76,5.37,23.13,72.54,0.1,329.93
Bilinga,4224,1763665200,2025-11-21 05:00:00,-28.14289,153.51352,0.91,1.37,12.5,5.44,23.13,69.37,0.07,322.99
Bilinga,4224,1763667000,2025-11-21 05:30:00,-28.14289,153.51356,0.89,1.33,11.76,5.57,23.13,71.48,0.07,33.14
Bilinga,4224,1763668800,2025-11-21 06:00:00,-28.14287,153.51354,0.92,1.37,11.76,5.69,23.13,70.07,0.14,112.26
Bilinga,4224,1763670600,2025-11-21 06:30:00,-28.14287,153.51356,0.94,1.55,11.76,5.79,23.17,72.8,0.18,136.44
Bilinga,4224,1763672400,2025-11-21 07:00:00,-28.14283,153.5136,0.93,1.58,11.76,5.75,23.22,69.02,0.15,113.67
Bilinga,4224,1763674200,2025-11-21 07:30:00,-28.14285,153.51358,0.96,1.73,12.5,5.81,23.31,67.88,0.19,131.69
Bilinga,4224,1763676000,2025-11-21 08:00:00,-28.14283,153.5136,0.97,1.39,11.11,5.76,23.4,72.54,0.06,181.27
Bilinga,4224,1763677800,2025-11-21 08:30:00,-28.14285,153.5136,0.96,1.5,12.5,5.99,23.67,72.71,0.16,159.47
Bilinga,4224,1763679600,2025-11-21 09:00:00,-28.14285,153.5136,0.94,1.74,11.11,5.81,23.9,69.9,0.2,186.37
Bilinga,4224,1763681400,2025-11-21 09:30:00,-28.14281,153.5136,0.93,1.61,10.53,5.26,23.76,74.82,0.08,203.34
Bilinga,4224,1763683200,2025-11-21 10:00:00,-28.14283,153.51358,1.02,1.71,11.76,5.48,23.63,72.36,0.01,203.6
Bilinga,4224,1763685000,2025-11-21 10:30:00,-28.14283,153.51356,1.02,1.8,11.11,5.38,23.54,67.96,0.03,302.51
Bilinga,4224,1763686800,2025-11-21 11:00:00,-28.14285,153.51354,1.02,1.64,11.76,5.43,23.44,73.41,0.02,156.48
Bilinga,4224,1763688600,2025-11-21 11:30:00,-28.14283,153.51347,0.96,1.55,12.5,5.16,23.44,68.14,0.05,247.56
Bilinga,4224,1763690400,2025-11-21 12:00:00,-28.14285,153.51341,0.96,1.53,11.11,5.18,23.4,72.18,0.07,234.02
Bilinga,4224,1763692200,2025-11-21 12:30:00,-28.14281,153.51332,0.95,1.57,12.5,5.02,23.4,69.63,0.05,200.62
Bilinga,4224,1763694000,2025-11-21 13:00:00,-28.14271,153.51317,0.97,1.45,12.5,4.92,23.26,67.44,0.07,271.74
Bilinga,4224,1763695800,2025-11-21 13:30:00,-28.14259,153.51305,0.99,1.54,11.76,4.84,23.04,73.94,0.12,270.77
Bilinga,4224,1763697600,2025-11-21 14:00:00,-28.14241,153.51294,0.96,1.49,12.5,5.03,22.86,68.4,0.08,252.75
Bilinga,4224,1763699400,2025-11-21 14:30:00,-28.14233,153.51289,0.99,1.66,12.5,5.08,22.68,70.78,0.04,210.11
Bilinga,4224,1763701200,2025-11-21 15:00:00,-28.14222,153.51287,0.93,1.51,12.5,4.8,22.63,74.03,0.08,252.4
Bilinga,4224,1763703000,2025-11-21 15:30:00,-28.14207,153.51292,0.93,1.46,11.11,4.86,22.77,76.05,0.11,247.91
Bilinga,4224,1763704800,2025-11-21 16:00:00,-28.14202,153.51289,0.99,1.73,11.76,5.11,23.13,72.45,0.13,206.68
Bilinga,4224,1763706600,2025-11-21 16:30:00,-28.14195,153.51292,0.98,1.93,11.76,5.24,23.13,73.68,0.12,208.18
Bilinga,4224,1763708400,2025-11-21 17:00:00,-28.1419,153.51289,0.93,1.62,11.11,5.02,23.08,76.32,0.12,214.95
Bilinga,4224,1763710200,2025-11-21 17:30:00,-28.14187,153.51289,0.99,1.62,12.5,5.34,23.04,68.75,0.09,215.3
Bilinga,4224,1763712000,2025-11-21 18:00:00,-28.14181,153.51294,0.96,1.61,11.76,5.21,22.99,74.73,0.07,233.93
Bilinga,4224,1763713800,2025-11-21 18:30:00,-28.14181,153.51294,0.99,1.46,12.5,5.49,22.95,68.4,0.02,267.08
Bilinga,4224,1763715600,2025-11-21 19:00:00,-28.14181,153.51289,1.01,1.51,11.76,5.8,22.95,75.08,0.07,323.78
Bilinga,4224,1763717400,2025-11-21 19:30:00,-28.14178,153.51294,0.98,1.71,12.5,6.03,22.95,67.88,0.08,319.12
Bilinga,4224,1763719200,2025-11-21 20:00:00,-28.14172,153.51302,0.97,1.42,11.11,6.05,22.9,74.03,0.08,335.3
Bilinga,4224,1763721000,2025-11-21 20:30:00,-28.14172,153.51302,0.92,1.46,11.76,5.76,22.95,72.45,0.13,346.02
Bilinga,4224,1763722800,2025-11-21 21:00:00,-28.14172,153.51298,0.94,1.42,11.76,5.64,22.9,67.26,0.08,355.78
Bilinga,4224,1763724600,2025-11-21 21:30:00,-28.14175,153.51289,0.89,1.44,11.76,5.58,22.95,72.62,0.13,311.82
Bilinga,4224,1763726400,2025-11-21 22:00:00,-28.14177,153.51287,0.98,1.51,11.76,5.76,22.9,72.97,0.13,325.89
Bilinga,4224,1763728200,2025-11-21 22:30:00,-28.1418,153.51283,0.94,1.75,11.76,5.8,22.9,72.36,0.08,303.56
Bilinga,4224,1763730000,2025-11-21 23:00:00,-28.1418,153.51283,0.91,1.5,11.76,5.56,22.86,73.33,0.04,328.79
Bilinga,4224,1763731800,2025-11-21 23:30:00,-28.14181,153.51279,0.88,1.33,12.5,5.64,22.81,71.13,0.07,253.54
Bilinga,4224,1763733600,2025-11-22 00:00:00,-28.14181,153.51281,0.89,1.44,11.11,5.71,22.77,74.91,0.09,274.64
Bilinga,4224,1763735400,2025-11-22 00:30:00,-28.14184,153.51281,0.85,1.32,12.5,5.66,22.72,70.95,0.06,297.23
Bilinga,4224,1763737200,2025-11-22 01:00:00,-28.14184,153.51285,0.9,1.47,11.76,5.77,22.68,73.68,0.06,319.38
Bilinga,4224,1763739000,2025-11-22 01:30:00,-28.14181,153.51285,0.84,1.36,11.76,5.58,22.63,71.74,0.05,208.97
Bilinga,4224,1763740800,2025-11-22 02:00:00,-28.14181,153.51287,0.88,1.47,11.76,5.68,22.63,76.75,0.01,302.86
Bilinga,4224,1763742600,2025-11-22 02:30:00,-28.14181,153.51289,0.82,1.4,11.76,5.37,22.63,70.25,0.05,230.59
Bilinga,4224,1763744400,2025-11-22 03:00:00,-28.1418,153.51287,0.91,1.38,11.76,6.04,22.68,74.38,0.07,223.82
Bilinga,4224,1763746200,2025-11-22 03:30:00,-28.1418,153.51289,0.86,1.43,11.76,5.74,22.72,72.54,0.1,262.33
Bilinga,4224,1763748000,2025-11-22 04:00:00,-28.1418,153.51294,0.91,1.77,11.11,6.08,22.68,72.62,0.06,317.36
Bilinga,4224,1763749800,2025-11-22 04:30:00,-28.14185,153.51292,0.95,1.63,11.76,6.6,22.68,73.5,0.07,262.24
Bilinga,4224,1763751600,2025-11-22 05:00:00,-28.14188,153.51289,0.94,1.52,11.76,6.42,22.68,72.36,0.11,224.53
Bilinga,4224,1763753400,2025-11-22 05:30:00,-28.14187,153.51292,0.89,1.49,11.76,6.25,22.68,70.78,0.09,236.4
Bilinga,4224,1763755200,2025-11-22 06:00:00,-28.14196,153.51298,0.91,1.43,11.76,6.25,22.72,72.54,0.08,228.4
Bilinga,4224,1763757000,2025-11-22 06:30:00,-28.14198,153.51307,0.9,1.38,11.76,6.21,22.72,71.22,0.04,233.32
Bilinga,4224,1763758800,2025-11-22 07:00:00,-28.14195,153.51311,0.92,1.39,11.76,6.26,22.72,69.46,0.03,213.8
Bilinga,4224,1763760600,2025-11-22 07:30:00,-28.14196,153.51322,0.94,1.7,11.76,6.26,22.72,70.07,0.02,274.37
Bilinga,4224,1763762400,2025-11-22 08:00:00,-28.14203,153.51326,0.98,1.45,11.76,6.46,22.77,70.16,0.07,258.73
Bilinga,4224,1763764200,2025-11-22 08:30:00,-28.1421,153.51332,0.96,1.52,11.76,6.53,22.77,72.01,0.04,342.07
Bilinga,4224,1763766000,2025-11-22 09:00:00,-28.14217,153.51343,0.87,1.34,11.76,6.32,22.81,71.3,0.09,295.56
Bilinga,4224,1763767800,2025-11-22 09:30:00,-28.14222,153.51345,1.0,1.37,11.76,6.25,22.77,71.92,0.01,326.86
Bilinga,4224,1763769600,2025-11-22 10:00:00,-28.14222,153.51352,1.01,1.74,10.53,6.35,22.77,72.8,0.02,85.1
Bilinga,4224,1763771400,2025-11-22 10:30:00,-28.14232,153.5135,1.03,1.66,11.76,6.63,22.77,72.71,0.17,228.92
Bilinga,4224,1763773200,2025-11-22 11:00:00,-28.1424,153.51354,1.13,1.76,11.11,6.87,22.81,73.41,0.1,172.31
Bilinga,4224,1763775000,2025-11-22 11:30:00,-28.14244,153.51358,0.98,1.75,11.11,6.3,22.81,72.45,0.13,195.34
Bilinga,4224,1763776800,2025-11-22 12:00:00,-28.14245,153.5136,1.02,1.62,11.76,6.48,22.9,72.01,0.12,183.38
Bilinga,4224,1763778600,2025-11-22 12:30:00,-28.14248,153.5136,0.94,1.51,11.11,5.94,22.9,73.68,0.11,192.79
Bilinga,4224,1763780400,2025-11-22 13:00:00,-28.1425,153.51356,0.94,1.46,11.76,5.66,22.99,69.28,0.06,159.21
Bilinga,4224,1763782200,2025-11-22 13:30:00,-28.1425,153.5136,0.96,1.5,11.76,5.75,22.99,69.81,0.06,216.88
Bilinga,4224,1763784000,2025-11-22 14:00:00,-28.1425,153.5136,1.0,1.58,11.76,5.81,23.04,73.41,0.11,168.18
Bilinga,4224,1763785800,2025-11-22 14:30:00,-28.1425,153.51356,0.92,1.68,11.11,5.54,23.04,69.9,0.07,202.02
Bilinga,4224,1763787600,2025-11-22 15:00:00,-28.14252,153.5135,0.95,1.99,11.76,5.65,23.04,74.38,0.09,170.55
Bilinga,4224,1763789400,2025-11-22 15:30:00,-28.14252,153.51345,0.98,1.57,11.76,5.66,22.99,70.6,0.08,181.8
Bilinga,4224,1763791200,2025-11-22 16:00:00,-28.1425,153.51341,0.95,1.65,11.76,5.76,22.99,71.04,0.06,194.99
Bilinga,4224,1763793000,2025-11-22 16:30:00,-28.14247,153.5133,0.91,1.63,11.76,5.77,22.95,72.71,0.03,178.81
Bilinga,4224,1763794800,2025-11-22 17:00:00,-28.14248,153.51332,0.92,1.4,11.11,5.96,22.95,74.64,0.07,185.58
Bilinga,4224,1763796600,2025-11-22 17:30:00,-28.14247,153.5133,0.97,1.44,11.11,6.17,22.95,73.24,0.07,191.65
Bilinga,4224,1763798400,2025-11-22 18:00:00,-28.14238,153.51332,1.01,1.72,11.11,6.39,22.9,71.39,0.08,196.75
Bilinga,4224,1763800200,2025-11-22 18:30:00,-28.14238,153.51356,0.94,1.87,11.11,6.21,22.81,68.67,0.08,181.36
Bilinga,4224,1763802000,2025-11-22 19:00:00,-28.14248,153.5136,0.96,1.41,11.11,6.05,22.81,73.41,0.11,158.24
Bilinga,4224,1763803800,2025-11-22 19:30:00,-28.14241,153.51367,0.94,1.71,10.53,5.95,22.77,76.49,0.1,128.35
Bilinga,4224,1763805600,2025-11-22 20:00:00,-28.14241,153.51371,0.92,1.47,11.11,5.97,22.77,75.61,0.1,109.71
Bilinga,4224,1763807400,2025-11-22 20:30:00,-28.1425,153.51369,0.87,1.46,10.53,5.61,22.77,71.74,0.12,89.41
Bilinga,4224,1763809200,2025-11-22 21:00:00,-28.1425,153.51362,0.97,1.52,10.53,5.95,22.81,74.73,0.04,40.97
Bilinga,4224,1763811000,2025-11-22 21:30:00,-28.14245,153.51365,0.88,1.33,11.11,5.68,22.9,72.62,0.03,34.55
Bilinga,4224,1763812800,2025-11-22 22:00:00,-28.14245,153.5136,0.84,1.37,11.11,5.62,22.95,68.4,0.04,40.18
Bilinga,4224,1763814600,2025-11-22 22:30:00,-28.14244,153.51367,0.94,1.45,11.11,6.04,22.9,73.33,0.06,347.6
Bilinga,4224,1763816400,2025-11-22 23:00:00,-28.14245,153.51365,0.88,1.65,11.11,6.0,22.9,71.92,0.12,344.18
Bilinga,4224,1763818200,2025-11-22 23:30:00,-28.14248,153.51358,0.93,1.8,11.11,6.3,22.9,71.74,0.07,353.93
Bilinga,4224,1763820000,2025-11-23 00:00:00,-28.14248,153.51362,0.9,1.56,11.11,6.15,22.9,72.01,0.06,0.0
Bilinga,4224,1763821800,2025-11-23 00:30:00,-28.14244,153.51356,0.89,1.6,11.11,6.42,22.9,68.84,0.05,353.93
Bilinga,4224,1763823600,2025-11-23 01:00:00,-28.14247,153.51356,0.92,1.44,11.11,6.45,22.9,69.9,0.13,345.05
Bilinga,4224,1763825400,2025-11-23 01:30:00,-28.14245,153.51354,0.84,1.22,10.53,6.21,22.9,71.22,0.09,263.65
Bilinga,4224,1763827200,2025-11-23 02:00:00,-28.1424,153.51362,0.85,1.29,11.11,6.3,22.86,70.69,0.07,348.4
Bilinga,4224,1763829000,2025-11-23 02:30:00,-28.14238,153.51362,0.9,1.65,11.76,6.49,22.86,68.49,0.07,294.77
Bilinga,4224,1763830800,2025-11-23 03:00:00,-28.14245,153.51358,0.86,1.37,11.11,6.46,22.81,66.12,0.11,344.7
Bilinga,4224,1763832600,2025-11-23 03:30:00,-28.14252,153.51358,0.99,1.6,11.11,6.81,22.81,71.48,0.16,343.3
Bilinga,4224,1763834400,2025-11-23 04:00:00,-28.1425,153.51362,0.92,1.87,11.11,6.7,22.86,70.6,0.11,1.41
Bilinga,4224,1763836200,2025-11-23 04:30:00,-28.14252,153.51365,0.91,1.43,11.11,6.52,22.81,75.61,0.04,4.31
Bilinga,4224,1763838000,2025-11-23 05:00:00,-28.14252,153.51367,0.89,1.86,11.11,6.63,22.81,71.22,0.18,41.85
Bilinga,4224,1763839800,2025-11-23 05:30:00,-28.14253,153.51362,0.93,1.42,11.11,6.74,22.81,76.58,0.12,97.58
Bilinga,4224,1763841600,2025-11-23 06:00:00,-28.14253,153.5136,0.84,1.74,10.53,6.44,22.81,67.79,0.16,122.46
Bilinga,4224,1763843400,2025-11-23 06:30:00,-28.14253,153.51362,0.89,1.41,10.0,6.51,22.81,72.1,0.14,353.05
Bilinga,4224,1763845200,2025-11-23 07:00:00,-28.14257,153.51362,0.89,1.49,10.53,6.19,22.81,76.49,0.1,70.33
Bilinga,4224,1763847000,2025-11-23 07:30:00,-28.14257,153.51365,0.86,1.59,11.11,6.14,22.77,77.46,0.09,78.86
Bilinga,4224,1763848800,2025-11-23 08:00:00,-28.14263,153.51358,1.0,1.79,10.53,5.5,22.77,81.06,0.1,114.11
Bilinga,4224,1763850600,2025-11-23 08:30:00,-28.14268,153.5136,0.9,1.47,11.11,4.96,22.72,83.61,0.07,110.59
Bilinga,4224,1763852400,2025-11-23 09:00:00,-28.14274,153.51369,0.93,1.84,11.11,4.78,22.63,82.56,0.1,95.21
Bilinga,4224,1763854200,2025-11-23 09:30:00,-28.14278,153.51375,0.95,1.44,11.11,4.85,22.63,81.5,0.11,109.1
Bilinga,4224,1763856000,2025-11-23 10:00:00,-28.14281,153.51377,0.93,1.75,11.11,4.56,22.54,85.81,0.12,118.15
Bilinga,4224,1763857800,2025-11-23 10:30:00,-28.14278,153.51382,0.88,1.41,10.53,4.52,22.54,86.16,0.14,118.86
Bilinga,4224,1763859600,2025-11-23 11:00:00,-28.14278,153.51384,0.86,1.45,10.53,4.68,22.54,88.53,0.1,100.4
Bilinga,4224,1763861400,2025-11-23 11:30:00,-28.1428,153.51384,0.87,1.46,10.0,4.76,22.63,86.43,0.12,83.96
Bilinga,4224,1763863200,2025-11-23 12:00:00,-28.14281,153.51384,0.84,1.43,11.11,4.77,22.68,85.63,0.19,110.86
Bilinga,4224,1763865000,2025-11-23 12:30:00,-28.14283,153.51382,0.78,1.14,10.53,4.5,22.81,84.14,0.12,97.67
Bilinga,4224,1763866800,2025-11-23 13:00:00,-28.14283,153.51384,0.86,1.42,11.11,4.41,22.9,80.8,0.15,100.66
Bilinga,4224,1763868600,2025-11-23 13:30:00,-28.14287,153.51377,0.8,1.38,11.11,4.52,23.04,80.1,0.17,106.46
Bilinga,4224,1763870400,2025-11-23 14:00:00,-28.14287,153.51377,0.83,1.44,10.53,4.15,23.08,81.41,0.16,101.63
Bilinga,4224,1763872200,2025-11-23 14:30:00,-28.14287,153.51377,0.87,1.62,10.53,4.36,23.08,79.83,0.16,114.46
Bilinga,4224,1763874000,2025-11-23 15:00:00,-28.14285,153.51377,0.89,1.69,10.53,4.22,23.13,83.0,0.18,122.99
Bilinga,4224,1763875800,2025-11-23 15:30:00,-28.14285,153.51377,0.86,1.5,11.11,4.04,23.08,80.62,0.16,112.44
Bilinga,4224,1763877600,2025-11-23 16:00:00,-28.14285,153.51377,0.87,1.4,10.53,3.95,23.13,78.34,0.17,134.77
Bilinga,4224,1763879400,2025-11-23 16:30:00,-28.14283,153.51377,0.94,1.61,11.11,3.94,23.13,89.06,0.2,119.91
Bilinga,4224,1763881200,2025-11-23 17:00:00,-28.14283,153.51377,0.87,1.87,10.53,3.7,23.13,78.34,0.25,131.87
Bilinga,4224,1763883000,2025-11-23 17:30:00,-28.14285,153.5138,0.9,1.6,10.53,3.87,23.13,82.82,0.24,128.97
Bilinga,4224,1763884800,2025-11-23 18:00:00,-28.14287,153.51377,0.85,1.4,11.11,3.97,23.04,84.14,0.2,123.78
Bilinga,4224,1763886600,2025-11-23 18:30:00,-28.14285,153.5138,0.94,1.45,11.11,4.2,23.04,80.97,0.22,116.57
Bilinga,4224,1763888400,2025-11-23 19:00:00,-28.14287,153.5138,0.89,1.5,10.53,4.11,23.04,83.88,0.23,122.9
Bilinga,4224,1763890200,2025-11-23 19:30:00,-28.14287,153.51377,0.85,1.53,11.11,4.01,22.99,82.64,0.23,112.18
Bilinga,4224,1763892000,2025-11-23 20:00:00,-28.14285,153.5138,0.85,1.6,10.53,4.08,23.04,85.02,0.21,113.14
Bilinga,4224,1763893800,2025-11-23 20:30:00,-28.14285,153.5138,0.89,2.23,11.11,4.45,23.04,86.6,0.23,118.59
Bilinga,4224,1763895600,2025-11-23 21:00:00,-28.14285,153.5138,0.91,1.37,10.53,4.74,23.08,84.05,0.13,102.77
Bilinga,4224,1763897400,2025-11-23 21:30:00,-28.14283,153.51386,0.79,1.32,10.53,4.38,23.13,80.53,0.19,101.89
Bilinga,4224,1763899200,2025-11-23 22:00:00,-28.14283,153.51384,0.88,1.35,10.0,4.53,23.17,82.82,0.19,101.36
Bilinga,4224,1763901000,2025-11-23 22:30:00,-28.14281,153.51384,0.84,1.27,10.53,4.41,23.17,84.84,0.17,108.84
Bilinga,4224,1763902800,2025-11-23 23:00:00,-28.1428,153.51386,0.84,1.44,10.53,4.41,23.26,82.73,0.14,102.33
Bilinga,4224,1763904600,2025-11-23 23:30:00,-28.14281,153.51384,0.88,1.37,10.0,4.47,23.22,85.37,0.16,101.71
Bilinga,4224,1763906400,2025-11-24 00:00:00,-28.14281,153.51386,0.86,1.34,10.53,3.99,23.13,86.6,0.21,102.51
Bilinga,4224,1763906400,2025-11-24 00:00:00,-28.14283,153.51384,0.86,1.34,10.53,3.99,23.13,86.6,0.21,102.51
Bilinga,4224,1763908200,2025-11-24 00:30:00,-28.14285,153.51382,0.82,1.33,10.53,3.96,22.95,85.37,0.18,124.48
Bilinga,4224,1763910000,2025-11-24 01:00:00,-28.14283,153.51384,0.85,1.46,10.53,4.15,22.81,85.28,0.15,104.88
Bilinga,4224,1763911800,2025-11-24 01:30:00,-28.14283,153.51382,0.83,1.49,10.0,4.27,22.81,81.94,0.19,116.4
Bilinga,4224,1763913600,2025-11-24 02:00:00,-28.14283,153.51382,0.81,1.49,11.11,4.28,22.81,83.35,0.16,107.96
Bilinga,4224,1763915400,2025-11-24 02:30:00,-28.14281,153.51386,0.82,1.45,10.0,4.5,22.77,80.71,0.14,87.47
Bilinga,4224,1763917200,2025-11-24 03:00:00,-28.1428,153.51386,0.78,1.23,10.0,4.49,22.77,76.58,0.13,82.37
Bilinga,4224,1763919000,2025-11-24 03:30:00,-28.1428,153.51386,0.79,1.22,10.53,4.46,22.9,68.49,0.11,24.26
Bilinga,4224,1763920800,2025-11-24 04:00:00,-28.1428,153.5138,0.83,1.39,10.53,4.5,22.9,61.72,0.09,71.56
Bilinga,4224,1763922600,2025-11-24 04:30:00,-28.14281,153.5138,0.83,1.28,10.53,4.51,22.9,73.68,0.09,66.73
Bilinga,4224,1763924400,2025-11-24 05:00:00,-28.14283,153.51377,0.86,1.3,10.53,4.55,22.86,73.94,0.09,49.76
Bilinga,4224,1763926200,2025-11-24 05:30:00,-28.14281,153.51377,0.85,1.34,10.0,4.53,22.95,75.52,0.11,84.4
Bilinga,4224,1763928000,2025-11-24 06:00:00,-28.14281,153.51377,0.85,1.48,10.53,4.51,22.95,74.82,0.08,78.15
Bilinga,4224,1763929800,2025-11-24 06:30:00,-28.14283,153.51373,0.78,1.22,10.0,4.28,22.99,80.18,0.07,75.69
Bilinga,4224,1763931600,2025-11-24 07:00:00,-28.14285,153.51371,0.81,1.21,10.53,4.52,23.04,80.18,0.09,106.29
Bilinga,4224,1763933400,2025-11-24 07:30:00,-28.14287,153.51369,0.77,1.2,10.0,4.44,23.04,79.83,0.05,113.05
Bilinga,4224,1763935200,2025-11-24 08:00:00,-28.14287,153.51369,0.81,1.25,10.53,4.64,23.08,73.85,0.09,120.44
Bilinga,4224,1763937000,2025-11-24 08:30:00,-28.14283,153.51375,0.77,1.14,10.0,5.02,23.13,84.75,0.07,113.23
Bilinga,4224,1763938800,2025-11-24 09:00:00,-28.14281,153.51384,0.77,1.33,10.53,4.89,23.04,83.88,0.18,118.86
Bilinga,4224,1763940600,2025-11-24 09:30:00,-28.14283,153.5138,0.81,1.4,10.53,5.08,23.04,88.45,0.17,135.3
Bilinga,4224,1763942400,2025-11-24 10:00:00,-28.14283,153.51384,0.78,1.38,10.53,5.05,23.17,84.49,0.11,89.05
Bilinga,4224,1763944200,2025-11-24 10:30:00,-28.14281,153.51386,0.83,1.41,10.53,4.89,23.31,82.29,0.14,83.78
Bilinga,4224,1763946000,2025-11-24 11:00:00,-28.14281,153.51386,0.83,1.36,10.0,4.78,23.44,85.55,0.14,106.46
Bilinga,4224,1763947800,2025-11-24 11:30:00,-28.14281,153.51386,0.87,1.51,10.0,5.02,23.58,82.29,0.07,46.51
Bilinga,4224,1763949600,2025-11-24 12:00:00,-28.14281,153.51386,0.84,1.51,10.53,4.81,23.63,81.94,0.1,57.14
Bilinga,4224,1763951400,2025-11-24 12:30:00,-28.14283,153.51384,0.85,1.46,10.0,4.76,23.54,80.01,0.11,64.62
Bilinga,4224,1763953200,2025-11-24 13:00:00,-28.14283,153.51382,0.79,1.28,10.53,4.38,23.4,77.28,0.13,85.71
Bilinga,4224,1763955000,2025-11-24 13:30:00,-28.14287,153.51377,0.86,1.34,10.53,4.44,23.31,75.79,0.14,115.43
Bilinga,4224,1763956800,2025-11-24 14:00:00,-28.14285,153.51382,0.89,1.46,10.53,4.62,23.22,77.11,0.09,99.87
Bilinga,4224,1763958600,2025-11-24 14:30:00,-28.14281,153.51384,0.87,1.4,11.11,4.51,23.22,77.37,0.09,93.01
Bilinga,4224,1763960400,2025-11-24 15:00:00,-28.14283,153.51377,0.89,1.39,10.53,4.51,23.17,77.72,0.12,95.03
Bilinga,4224,1763962200,2025-11-24 15:30:00,-28.14283,153.5138,0.85,1.4,11.11,4.5,23.17,70.86,0.09,71.74
Bilinga,4224,1763964000,2025-11-24 16:00:00,-28.14281,153.51377,0.84,1.34,10.0,4.51,23.31,75.17,0.14,130.73
Bilinga,4224,1763965800,2025-11-24 16:30:00,-28.14285,153.51377,0.85,1.36,10.53,4.68,23.4,75.35,0.03,19.43
Bilinga,4224,1763967600,2025-11-24 17:00:00,-28.14283,153.51377,0.83,1.44,10.53,4.65,23.4,71.22,0.06,9.14
Bilinga,4224,1763969400,2025-11-24 17:30:00,-28.14287,153.51367,0.81,1.26,11.11,4.59,23.31,71.39,0.1,242.55
Bilinga,4224,1763971200,2025-11-24 18:00:00,-28.14281,153.51371,0.8,1.2,10.53,4.65,23.31,71.3,0.07,322.9
Bilinga,4224,1763973000,2025-11-24 18:30:00,-28.14275,153.51386,0.78,1.23,10.53,4.75,23.04,72.89,0.09,252.04
Bilinga,4224,1763974800,2025-11-24 19:00:00,-28.14277,153.51388,0.77,1.18,10.53,4.92,22.99,72.97,0.1,196.48
Bilinga,4224,1763976600,2025-11-24 19:30:00,-28.14277,153.51386,0.76,1.46,10.53,4.95,22.86,71.74,0.06,126.33
Bilinga,4224,1763978400,2025-11-24 20:00:00,-28.14281,153.51377,0.77,1.15,11.11,5.25,22.81,71.57,0.04,153.05
Bilinga,4224,1763980200,2025-11-24 20:30:00,-28.14281,153.51373,0.79,1.37,10.53,5.53,22.81,71.39,0.01,330.64
Bilinga,4224,1763982000,2025-11-24 21:00:00,-28.1428,153.51375,0.76,1.24,10.53,5.43,22.81,71.22,0.04,48.7
Bilinga,4224,1763983800,2025-11-24 21:30:00,-28.14281,153.51373,0.75,1.12,10.53,5.4,22.77,67.61,0.02,39.12
Bilinga,4224,1763985600,2025-11-24 22:00:00,-28.14277,153.51377,0.83,1.48,10.0,5.59,22.81,69.63,0.05,34.99
Bilinga,4224,1763987400,2025-11-24 22:30:00,-28.14271,153.51377,0.75,1.21,10.53,5.55,22.77,69.55,0.05,339.6
Bilinga,4224,1763989200,2025-11-24 23:00:00,-28.14259,153.5138,0.76,1.2,11.11,5.49,22.77,64.62,0.03,260.48
Bilinga,4224,1763991000,2025-11-24 23:30:00,-28.14253,153.51377,0.78,1.24,11.11,5.82,22.77,69.28,0.08,285.63
Bilinga,4224,1763992800,2025-11-25 00:00:00,-28.14248,153.51365,0.81,1.34,10.53,5.8,22.77,67.96,0.03,270.59
Bilinga,4224,1763994600,2025-11-25 00:30:00,-28.1425,153.51356,0.76,1.18,10.0,5.93,22.77,70.69,0.06,243.52
Bilinga,4224,1763996400,2025-11-25 01:00:00,-28.14247,153.51362,0.8,1.36,10.0,5.98,22.77,73.94,0.02,316.22
Bilinga,4224,1763998200,2025-11-25 01:30:00,-28.14245,153.51354,0.79,1.28,11.11,6.1,22.68,65.68,0.03,241.23
Bilinga,4224,1764000000,2025-11-25 02:00:00,-28.14244,153.51358,0.74,1.27,11.11,6.04,22.72,70.34,0.11,237.27
Bilinga,4224,1764001800,2025-11-25 02:30:00,-28.14245,153.51347,0.72,1.05,10.53,6.07,22.63,68.93,0.1,220.92
Bilinga,4224,1764003600,2025-11-25 03:00:00,-28.14245,153.51345,0.73,1.08,11.11,6.1,22.45,71.74,0.12,207.56
Bilinga,4224,1764005400,2025-11-25 03:30:00,-28.14253,153.51362,0.76,1.15,10.53,6.19,22.5,77.63,0.1,170.55
Bilinga,4224,1764007200,2025-11-25 04:00:00,-28.14247,153.51386,0.78,1.26,10.0,6.05,22.54,79.13,0.18,147.25
Bilinga,4224,1764009000,2025-11-25 04:30:00,-28.14237,153.51382,0.77,1.16,10.53,6.12,22.54,76.23,0.15,137.14
Bilinga,4224,1764010800,2025-11-25 05:00:00,-28.1426,153.51393,0.84,1.35,10.53,6.28,22.45,77.02,0.16,75.69
Bilinga,4224,1764012600,2025-11-25 05:30:00,-28.14262,153.51393,0.8,1.39,11.11,6.04,22.41,72.71,0.12,114.64
Bilinga,4224,1764014400,2025-11-25 06:00:00,-28.1426,153.51393,0.78,1.26,10.53,5.98,22.41,69.02,0.2,46.95
Bilinga,4224,1764016200,2025-11-25 06:30:00,-28.14257,153.51393,0.82,1.41,11.11,6.01,22.45,72.36,0.18,26.2
Bilinga,4224,1764018000,2025-11-25 07:00:00,-28.14262,153.51393,0.86,1.66,10.53,6.07,22.59,72.53,0.14,13.8
Bilinga,4224,1764019800,2025-11-25 07:30:00,-28.14263,153.51393,0.89,1.35,10.0,5.93,22.63,74.21,0.12,17.23
Bilinga,4224,1764021600,2025-11-25 08:00:00,-28.14268,153.5139,0.88,1.36,10.53,5.88,22.68,73.33,0.03,353.23
Bilinga,4224,1764023400,2025-11-25 08:30:00,-28.14274,153.51386,0.92,1.4,10.0,5.39,22.63,77.81,0.14,79.21
Bilinga,4224,1764025200,2025-11-25 09:00:00,-28.14278,153.51384,0.89,1.73,11.11,5.01,22.63,76.93,0.07,79.74
Bilinga,4224,1764027000,2025-11-25 09:30:00,-28.14281,153.51375,0.89,1.32,11.11,4.93,22.77,72.36,0.13,107.34
Bilinga,4224,1764028800,2025-11-25 10:00:00,-28.14283,153.51375,0.87,1.42,10.53,4.59,22.81,77.19,0.07,114.29
Bilinga,4224,1764030600,2025-11-25 10:30:00,-28.14287,153.51367,0.96,1.53,10.53,4.66,22.86,75.61,0.13,133.89
Bilinga,4224,1764032400,2025-11-25 11:00:00,-28.1429,153.51362,0.85,1.49,11.11,4.34,22.86,77.37,0.13,120.97
Bilinga,4224,1764034200,2025-11-25 11:30:00,-28.14292,153.51362,0.86,1.47,11.11,4.15,22.95,79.83,0.09,127.65
Bilinga,4224,1764036000,2025-11-25 12:00:00,-28.14293,153.51362,0.88,1.76,10.53,4.23,22.95,69.72,0.07,109.98
Bilinga,4224,1764037800,2025-11-25 12:30:00,-28.14295,153.51358,0.91,1.6,10.53,4.16,22.95,78.25,0.14,144.44
Bilinga,4224,1764039600,2025-11-25 13:00:00,-28.14293,153.51362,0.98,1.58,10.53,4.03,22.9,74.38,0.12,124.04
Bilinga,4224,1764041400,2025-11-25 13:30:00,-28.14293,153.51365,0.97,1.73,10.53,4.04,22.95,71.74,0.22,132.92
Bilinga,4224,1764043200,2025-11-25 14:00:00,-28.14292,153.51371,1.01,1.99,10.53,4.12,23.04,79.83,0.2,147.87
Bilinga,4224,1764045000,2025-11-25 14:30:00,-28.14289,153.51377,1.1,1.78,11.11,4.2,23.17,80.45,0.21,144.88
Bilinga,4224,1764046800,2025-11-25 15:00:00,-28.14285,153.51386,1.01,1.64,11.11,3.96,23.17,75.0,0.23,135.91
Bilinga,4224,1764048600,2025-11-25 15:30:00,-28.14281,153.51388,0.98,1.48,10.53,3.85,23.08,82.12,0.23,133.45
Bilinga,4224,1764050400,2025-11-25 16:00:00,-28.1428,153.51393,1.04,1.73,11.11,3.93,22.95,72.01,0.28,129.85
Bilinga,4224,1764052200,2025-11-25 16:30:00,-28.14278,153.51395,1.12,1.81,11.76,3.92,22.99,67.17,0.24,132.75
Bilinga,4224,1764054000,2025-11-25 17:00:00,-28.14281,153.51395,1.14,1.87,10.53,4.04,23.13,70.95,0.29,120.53
Bilinga,4224,1764055800,2025-11-25 17:30:00,-28.14281,153.51395,1.08,1.98,11.11,3.84,23.13,71.57,0.32,126.77
Bilinga,4224,1764057600,2025-11-25 18:00:00,-28.1428,153.51397,1.04,1.82,11.11,3.95,23.22,73.33,0.27,120.79
Bilinga,4224,1764059400,2025-11-25 18:30:00,-28.14275,153.51401,1.02,1.94,11.11,3.97,23.17,74.21,0.24,123.08
Bilinga,4224,1764061200,2025-11-25 19:00:00,-28.14277,153.51401,1.01,2.08,11.11,4.3,23.17,76.75,0.21,111.03
Bilinga,4224,1764063000,2025-11-25 19:30:00,-28.1428,153.51395,0.9,2.03,11.11,4.27,23.04,77.55,0.26,112.97
Bilinga,4224,1764064800,2025-11-25 20:00:00,-28.14283,153.51393,0.95,1.52,11.11,4.6,23.13,78.86,0.24,111.91
Bilinga,4224,1764066600,2025-11-25 20:30:00,-28.14287,153.51388,0.97,1.74,11.11,4.74,22.95,76.75,0.25,115.87
Bilinga,4224,1764068400,2025-11-25 21:00:00,-28.14287,153.51386,0.96,1.55,11.11,4.85,23.17,77.37,0.23,109.27
Bilinga,4224,1764070200,2025-11-25 21:30:00,-28.14287,153.51386,0.98,1.5,11.76,4.98,23.17,73.85,0.2,118.33
Bilinga,4224,1764072000,2025-11-25 22:00:00,-28.14287,153.5138,0.91,1.32,10.53,4.86,23.17,72.62,0.15,96.18
Bilinga,4224,1764073800,2025-11-25 22:30:00,-28.14281,153.51382,0.93,1.48,11.11,5.27,23.31,67.61,0.05,79.3
Bilinga,4224,1764075600,2025-11-25 23:00:00,-28.14278,153.51386,0.9,1.39,11.11,4.82,23.49,65.85,0.09,40.18
Bilinga,4224,1764077400,2025-11-25 23:30:00,-28.14278,153.51345,0.86,1.4,10.53,4.75,23.35,68.49,0.05,296.79
Bilinga,4224,1764079200,2025-11-26 00:00:00,-28.14281,153.51334,0.88,1.51,11.11,4.64,23.13,67.0,0.09,303.74
Bilinga,4224,1764081000,2025-11-26 00:30:00,-28.14281,153.51332,0.86,1.55,11.11,4.81,22.95,64.97,0.03,288.53
Bilinga,4224,1764082800,2025-11-26 01:00:00,-28.14287,153.51334,0.92,1.35,11.11,5.11,22.81,66.03,0.0,176.53
Bilinga,4224,1764084600,2025-11-26 01:30:00,-28.14292,153.51347,0.83,1.37,10.0,4.63,22.77,75.96,0.05,259.78
Bilinga,4224,1764086400,2025-11-26 02:00:00,-28.14293,153.5135,0.88,1.3,11.11,4.86,22.77,68.93,0.08,249.85
Bilinga,4224,1764088200,2025-11-26 02:30:00,-28.14296,153.51358,0.91,1.6,10.53,4.78,22.77,70.69,0.06,242.11
Bilinga,4224,1764090000,2025-11-26 03:00:00,-28.14295,153.51362,0.86,1.61,11.11,4.62,22.68,72.27,0.07,217.41
Bilinga,4224,1764091800,2025-11-26 03:30:00,-28.14292,153.51365,0.94,1.4,11.11,5.13,22.63,71.39,0.07,118.59
Bilinga,4224,1764093600,2025-11-26 04:00:00,-28.14289,153.51373,0.99,1.69,11.11,5.3,22.59,74.47,0.07,54.42
Bilinga,4224,1764095400,2025-11-26 04:30:00,-28.14287,153.51377,0.94,1.48,11.11,4.85,22.86,74.73,0.14,43.43
Bilinga,4224,1764097200,2025-11-26 05:00:00,-28.14285,153.51382,0.9,1.64,10.53,4.48,23.22,73.41,0.13,30.33
Bilinga,4224,1764099000,2025-11-26 05:30:00,-28.14275,153.51393,0.95,1.76,11.11,4.83,23.04,67.88,0.11,15.47
Bilinga,4224,1764100800,2025-11-26 06:00:00,-28.14275,153.51393,0.99,1.67,11.11,4.76,23.04,68.32,0.12,34.2
Bilinga,4224,1764102600,2025-11-26 06:30:00,-28.14278,153.51393,0.97,1.69,10.53,4.86,22.95,73.06,0.08,16.26
Bilinga,4224,1764104400,2025-11-26 07:00:00,-28.1428,153.51386,0.97,1.62,11.11,4.83,22.95,73.68,0.09,44.57
Bilinga,4224,1764106200,2025-11-26 07:30:00,-28.14285,153.51382,0.95,1.45,11.11,4.73,22.9,70.51,0.1,62.95
Bilinga,4224,1764108000,2025-11-26 08:00:00,-28.14285,153.51384,0.88,1.41,11.11,4.66,22.81,70.16,0.06,55.38
Bilinga,4224,1764109800,2025-11-26 08:30:00,-28.14285,153.51382,1.02,1.86,11.11,4.68,22.77,72.97,0.08,73.76
Bilinga,4224,1764111600,2025-11-26 09:00:00,-28.14285,153.51382,0.98,1.57,10.53,4.57,22.68,74.82,0.06,102.86
Bilinga,4224,1764113400,2025-11-26 09:30:00,-28.14287,153.5138,0.94,1.87,11.11,4.67,22.63,72.89,0.04,126.86
Bilinga,4224,1764115200,2025-11-26 10:00:00,-28.14289,153.51377,0.91,1.57,10.53,4.45,22.59,78.34,0.08,123.16
Bilinga,4224,1764117000,2025-11-26 10:30:00,-28.1429,153.51377,0.99,1.43,11.11,4.84,22.45,76.58,0.09,132.84
Bilinga,4224,1764118800,2025-11-26 11:00:00,-28.1429,153.51375,1.03,1.65,11.11,5.05,22.32,75.08,0.12,116.22
Bilinga,4224,1764120600,2025-11-26 11:30:00,-28.14292,153.51373,0.93,1.71,11.11,4.7,22.32,72.71,0.07,127.65
Bilinga,4224,1764122400,2025-11-26 12:00:00,-28.14293,153.51371,0.89,1.55,10.53,4.29,22.32,72.45,0.09,115.52
Bilinga,4224,1764124200,2025-11-26 12:30:00,-28.14293,153.51367,0.92,1.95,11.11,4.01,22.18,72.8,0.14,139.43
Bilinga,4224,1764126000,2025-11-26 13:00:00,-28.14295,153.51365,1.01,1.69,11.11,4.34,22.32,78.95,0.14,152.09
Bilinga,4224,1764127800,2025-11-26 13:30:00,-28.14295,153.51369,1.02,1.7,11.11,4.2,22.32,73.68,0.12,141.98
Bilinga,4224,1764129600,2025-11-26 14:00:00,-28.14293,153.51371,1.02,1.8,11.11,4.01,22.68,80.97,0.21,137.58
Bilinga,4224,1764131400,2025-11-26 14:30:00,-28.14295,153.51375,0.99,1.75,11.11,4.11,22.81,79.13,0.18,144.97
Bilinga,4224,1764133200,2025-11-26 15:00:00,-28.14295,153.51371,1.0,1.63,11.11,4.26,22.81,78.86,0.19,148.92
Bilinga,4224,1764135000,2025-11-26 15:30:00,-28.14292,153.51377,1.1,2.03,11.11,4.13,22.63,80.71,0.22,126.15
Bilinga,4224,1764136800,2025-11-26 16:00:00,-28.14293,153.51375,1.19,2.01,10.53,4.17,22.36,80.8,0.21,146.11
Bilinga,4224,1764138600,2025-11-26 16:30:00,-28.14293,153.51377,1.14,1.91,10.53,4.23,22.18,75.0,0.23,143.47
Bilinga,4224,1764140400,2025-11-26 17:00:00,-28.14292,153.51377,1.13,1.76,11.11,4.3,21.96,74.21,0.17,132.66
Bilinga,4224,1764142200,2025-11-26 17:30:00,-28.14287,153.51384,1.14,1.81,11.11,4.34,21.92,78.42,0.14,127.82
Bilinga,4224,1764144000,2025-11-26 18:00:00,-28.14289,153.51382,1.16,1.94,11.76,4.49,21.83,76.75,0.11,135.03
Bilinga,4224,1764145800,2025-11-26 18:30:00,-28.14289,153.51386,1.3,1.91,11.11,4.58,21.87,79.48,0.14,111.65
Bilinga,4224,1764147600,2025-11-26 19:00:00,-28.14287,153.51386,1.2,1.88,11.76,4.73,21.92,71.3,0.07,52.48
Bilinga,4224,1764149400,2025-11-26 19:30:00,-28.14287,153.51384,1.16,1.89,11.76,4.68,21.87,71.13,0.1,95.21
Bilinga,4224,1764151200,2025-11-26 20:00:00,-28.1429,153.51377,1.07,1.78,11.11,4.34,21.87,76.14,0.03,72.35
Bilinga,4224,1764153000,2025-11-26 20:30:00,-28.14292,153.51377,1.14,1.9,11.11,4.69,21.78,70.95,0.12,114.02
Bilinga,4224,1764154800,2025-11-26 21:00:00,-28.14293,153.51369,1.16,1.98,11.11,4.58,21.78,65.41,0.09,71.21
Bilinga,4224,1764156600,2025-11-26 21:30:00,-28.14293,153.51362,1.18,1.83,11.11,4.8,21.74,68.75,0.07,104.97
Bilinga,4224,1764158400,2025-11-26 22:00:00,-28.14293,153.51354,1.27,1.85,11.11,4.87,21.92,67.35,0.11,51.43
Bilinga,4224,1764160200,2025-11-26 22:30:00,-28.1429,153.51341,1.27,2.04,10.53,4.97,21.96,67.08,0.04,346.37
Bilinga,4224,1764162000,2025-11-26 23:00:00,-28.1428,153.51326,1.24,2.03,11.11,5.27,21.78,60.75,0.01,26.2
Bilinga,4224,1764163800,2025-11-26 23:30:00,-28.14278,153.51311,1.25,2.01,6.06,5.38,22.18,29.19,0.05,339.52
Bilinga,4224,1764165600,2025-11-27 00:00:00,-28.14285,153.51317,1.29,2.13,11.76,5.68,22.23,59.44,0.11,352.09
Bilinga,4224,1764167400,2025-11-27 00:30:00,-28.14292,153.51324,1.33,2.3,11.11,5.37,22.18,67.88,0.06,305.58
Bilinga,4224,1764169200,2025-11-27 01:00:00,-28.14295,153.51332,1.32,1.92,11.11,5.14,22.1,67.61,0.05,75.43
Bilinga,4224,1764171000,2025-11-27 01:30:00,-28.14296,153.51339,1.27,2.2,11.76,5.09,21.96,65.77,0.01,66.37
Bilinga,4224,1764172800,2025-11-27 02:00:00,-28.14296,153.51337,1.16,2.0,11.76,5.14,21.96,64.18,0.01,126.15
Bilinga,4224,1764174600,2025-11-27 02:30:00,-28.14298,153.51341,1.17,2.57,11.76,4.88,21.96,68.49,0.01,5.63
Bilinga,4224,1764176400,2025-11-27 03:00:00,-28.14295,153.51365,1.2,2.06,11.11,4.96,22.27,68.49,0.05,56.26
Bilinga,4224,1764178200,2025-11-27 03:30:00,-28.14293,153.51369,1.13,2.13,11.76,4.78,22.18,67.35,0.05,80.26
Bilinga,4224,1764180000,2025-11-27 04:00:00,-28.14293,153.51373,1.07,2.03,11.76,4.63,22.18,68.4,0.07,85.27
Bilinga,4224,1764181800,2025-11-27 04:30:00,-28.14292,153.51373,1.07,1.8,11.76,4.82,22.05,74.73,0.06,83.25
Bilinga,4224,1764183600,2025-11-27 05:00:00,-28.1429,153.51375,1.05,1.71,10.53,4.57,22.05,75.88,0.07,117.1
Bilinga,4224,1764185400,2025-11-27 05:30:00,-28.14287,153.51382,1.12,1.86,11.11,4.98,21.96,71.04,0.09,92.31
Bilinga,4224,1764187200,2025-11-27 06:00:00,-28.14287,153.5138,1.03,1.68,11.11,4.83,21.92,68.23,0.1,85.63
Bilinga,4224,1764189000,2025-11-27 06:30:00,-28.14287,153.51384,1.07,1.93,11.11,5.22,21.87,73.06,0.06,75.25
Bilinga,4224,1764190800,2025-11-27 07:00:00,-28.14287,153.51384,1.12,1.73,11.11,5.56,21.83,71.22,0.13,77.01
Bilinga,4224,1764192600,2025-11-27 07:30:00,-28.14289,153.5138,1.08,1.79,11.11,5.16,21.92,72.62,0.08,64.79
Bilinga,4224,1764194400,2025-11-27 08:00:00,-28.14295,153.51362,1.11,1.86,10.53,4.85,21.92,71.92,0.06,98.02
Bilinga,4224,1764196200,2025-11-27 08:30:00,-28.14296,153.51356,1.13,1.84,10.53,4.52,21.92,71.13,0.04,170.02
Bilinga,4224,1764198000,2025-11-27 09:00:00,-28.14298,153.51354,1.21,1.99,11.11,4.64,21.87,67.17,0.05,126.68
Bilinga,4224,1764199800,2025-11-27 09:30:00,-28.14298,153.5135,1.24,2.34,11.11,4.36,21.87,74.29,0.12,150.95
Bilinga,4224,1764201600,2025-11-27 10:00:00,-28.143,153.51345,1.24,1.94,11.11,4.39,21.69,72.89,0.15,182.33
Bilinga,4224,1764203400,2025-11-27 10:30:00,-28.14301,153.51347,1.36,2.25,10.53,4.26,21.38,77.72,0.18,160.79
Bilinga,4224,1764205200,2025-11-27 11:00:00,-28.14304,153.51347,1.48,2.59,10.53,4.25,21.34,75.44,0.2,164.04
Bilinga,4224,1764207000,2025-11-27 11:30:00,-28.14301,153.5136,1.48,2.42,10.53,4.37,21.34,78.86,0.18,153.76
Bilinga,4224,1764208800,2025-11-27 12:00:00,-28.143,153.51371,1.39,2.4,10.53,4.34,21.25,83.88,0.25,147.08
Bilinga,4224,1764210600,2025-11-27 12:30:00,-28.14296,153.51377,1.45,2.45,11.11,4.44,21.21,71.74,0.15,137.23
Bilinga,4224,1764212400,2025-11-27 13:00:00,-28.14295,153.5138,1.43,2.41,10.53,4.38,21.25,79.39,0.14,127.38
Bilinga,4224,1764214200,2025-11-27 13:30:00,-28.14292,153.51386,1.28,2.09,10.53,4.23,21.25,75.79,0.14,114.46
Bilinga,4224,1764216000,2025-11-27 14:00:00,-28.14292,153.51384,1.27,1.99,11.11,4.33,21.21,77.81,0.14,109.89
Bilinga,4224,1764217800,2025-11-27 14:30:00,-28.14289,153.51386,1.24,2.11,11.11,4.38,21.25,76.4,0.11,84.92
Bilinga,4224,1764219600,2025-11-27 15:00:00,-28.1429,153.51386,1.33,2.15,10.53,4.42,21.34,66.64,0.14,106.99
Bilinga,4224,1764221400,2025-11-27 15:30:00,-28.14287,153.51386,1.27,1.98,10.53,4.48,21.43,74.21,0.08,88.18
Bilinga,4224,1764223200,2025-11-27 16:00:00,-28.14283,153.5139,1.29,2.0,10.53,4.42,21.52,72.97,0.04,83.87
Bilinga,4224,1764225000,2025-11-27 16:30:00,-28.14275,153.51397,1.3,2.23,10.53,4.81,21.83,69.99,0.08,72.18
Bilinga,4224,1764226800,2025-11-27 17:00:00,-28.14275,153.51393,1.43,2.23,6.06,4.91,21.96,37.55,0.04,49.41
Bilinga,4224,1764228600,2025-11-27 17:30:00,-28.14274,153.5139,1.3,2.35,5.41,4.76,22.18,38.16,0.04,78.51
Bilinga,4224,1764230400,2025-11-27 18:00:00,-28.1426,153.51393,1.31,2.26,5.88,4.99,22.36,39.74,0.09,56.88
Bilinga,4224,1764232200,2025-11-27 18:30:00,-28.14259,153.51399,1.38,2.56,6.25,5.21,22.45,37.99,0.1,5.63
Bilinga,4224,1764234000,2025-11-27 19:00:00,-28.14245,153.51393,1.31,2.19,6.25,5.17,22.63,35.52,0.08,354.9
Bilinga,4224,1764235800,2025-11-27 19:30:00,-28.14237,153.51377,1.24,2.11,6.06,5.16,22.95,31.22,0.03,36.48
Bilinga,4224,1764237600,2025-11-27 20:00:00,-28.14229,153.5135,1.14,1.91,6.25,5.26,22.86,31.13,0.06,354.9
Bilinga,4224,1764239400,2025-11-27 20:30:00,-28.14226,153.51341,1.12,1.68,6.25,5.23,22.81,34.38,0.05,348.31
Bilinga,4224,1764241200,2025-11-27 21:00:00,-28.14223,153.51339,1.15,1.73,11.11,5.32,22.68,66.73,0.11,348.13
Bilinga,4224,1764243000,2025-11-27 21:30:00,-28.14222,153.5133,1.12,2.02,11.76,5.52,22.63,68.58,0.08,19.08
Bilinga,4224,1764244800,2025-11-27 22:00:00,-28.14215,153.5133,1.12,1.85,11.11,5.6,22.54,70.34,0.13,10.73
Bilinga,4224,1764246600,2025-11-27 22:30:00,-28.14207,153.5133,1.08,1.87,11.76,5.57,22.32,66.21,0.1,358.86
Bilinga,4224,1764248400,2025-11-27 23:00:00,-28.142,153.51328,1.1,1.82,11.76,5.97,22.18,66.29,0.09,309.19
Bilinga,4224,1764250200,2025-11-27 23:30:00,-28.14193,153.51326,1.06,1.94,6.9,5.92,22.18,36.14,0.09,344.44
Bilinga,4224,1764252000,2025-11-28 00:00:00,-28.14193,153.51315,1.09,1.68,11.11,6.11,22.14,68.49,0.02,20.22
Bilinga,4224,1764253800,2025-11-28 00:30:00,-28.14195,153.51309,1.05,1.64,6.9,6.1,22.05,32.89,0.05,323.43
Bilinga,4224,1764255600,2025-11-28 01:00:00,-28.14195,153.51309,1.02,1.64,11.11,6.31,21.87,63.92,0.06,341.45
Bilinga,4224,1764257400,2025-11-28 01:30:00,-28.14193,153.51309,1.05,1.63,11.76,6.46,21.83,61.99,0.06,32.62
Bilinga,4224,1764259200,2025-11-28 02:00:00,-28.14192,153.51315,0.95,1.42,11.76,6.5,21.69,62.07,0.06,346.2
Bilinga,4224,1764261000,2025-11-28 02:30:00,-28.1419,153.51319,0.98,1.56,11.11,6.5,21.52,61.37,0.06,358.24
Bilinga,4224,1764262800,2025-11-28 03:00:00,-28.14187,153.51326,1.03,1.64,11.11,6.64,21.47,60.31,0.14,8.35
Bilinga,4224,1764264600,2025-11-28 03:30:00,-28.14185,153.51322,0.95,1.79,11.11,6.6,21.16,63.57,0.1,41.58
Bilinga,4224,1764266400,2025-11-28 04:00:00,-28.14187,153.51317,0.92,1.51,11.11,6.94,21.03,65.33,0.13,17.85
Bilinga,4224,1764268200,2025-11-28 04:30:00,-28.14187,153.51322,0.81,1.55,10.53,6.59,20.94,64.18,0.1,64.7
Bilinga,4224,1764270000,2025-11-28 05:00:00,-28.14187,153.51322,0.95,1.66,10.53,6.98,20.85,66.03,0.07,359.12
Bilinga,4224,1764271800,2025-11-28 05:30:00,-28.14185,153.51317,0.92,1.38,11.11,7.14,20.85,63.74,0.06,26.64
Bilinga,4224,1764273600,2025-11-28 06:00:00,-28.14187,153.51319,0.87,1.42,11.11,6.88,20.77,68.14,0.03,106.37
Bilinga,4224,1764275400,2025-11-28 06:30:00,-28.1419,153.51315,1.04,1.85,11.11,7.65,20.81,64.53,0.04,76.48
Bilinga,4224,1764277200,2025-11-28 07:00:00,-28.14193,153.51309,0.97,1.39,11.11,7.14,20.9,67.52,0.06,53.89
Bilinga,4224,1764279000,2025-11-28 07:30:00,-28.1419,153.51311,0.88,1.5,11.11,6.63,20.9,69.28,0.06,9.41
Bilinga,4224,1764280800,2025-11-28 08:00:00,-28.14187,153.51315,0.93,1.47,11.11,6.72,20.94,68.67,0.01,70.42
Bilinga,4224,1764282600,2025-11-28 08:30:00,-28.14187,153.51315,1.0,1.45,11.11,6.7,20.99,63.04,0.05,342.07
Bilinga,4224,1764284400,2025-11-28 09:00:00,-28.14187,153.51315,0.89,1.44,11.11,6.21,20.99,58.29,0.06,300.84
Bilinga,4224,1764286200,2025-11-28 09:30:00,-28.14187,153.51322,0.98,2.06,10.53,6.5,20.99,68.05,0.07,332.22
Bilinga,4224,1764288000,2025-11-28 10:00:00,-28.14193,153.51311,0.95,1.89,10.53,6.11,21.12,63.13,0.05,349.98
Bilinga,4224,1764289800,2025-11-28 10:30:00,-28.14205,153.513,0.93,1.47,10.53,6.05,21.16,66.47,0.04,313.49
Bilinga,4224,1764291600,2025-11-28 11:00:00,-28.14208,153.51296,0.97,1.75,10.0,6.0,21.21,64.8,0.13,253.1
Bilinga,4224,1764293400,2025-11-28 11:30:00,-28.14208,153.51294,0.98,1.51,10.0,6.0,21.21,69.11,0.09,250.02
Bilinga,4224,1764295200,2025-11-28 12:00:00,-28.14207,153.51296,0.93,1.44,10.0,6.23,21.21,68.84,0.06,176.62
Bilinga,4224,1764297000,2025-11-28 12:30:00,-28.14205,153.51296,0.91,1.4,10.53,5.85,21.43,62.25,0.12,252.92
Bilinga,4224,1764298800,2025-11-28 13:00:00,-28.14202,153.51298,0.96,1.7,11.11,5.87,21.52,69.99,0.09,195.16
Bilinga,4224,1764300600,2025-11-28 13:30:00,-28.14229,153.51292,0.88,1.63,10.53,5.56,22.9,67.44,0.14,173.98
Bilinga,4224,1764302400,2025-11-28 14:00:00,-28.14225,153.51294,0.82,1.4,10.0,5.45,23.13,74.56,0.15,171.52
Bilinga,4224,1764304200,2025-11-28 14:30:00,-28.1423,153.51302,0.79,1.37,11.11,5.31,24.27,79.48,0.3,185.67
Bilinga,4224,1764306000,2025-11-28 15:00:00,-28.14287,153.51337,0.8,1.54,10.0,5.2,24.13,79.22,0.21,170.81
Bilinga,4224,1764307800,2025-11-28 15:30:00,-28.14289,153.51375,0.85,1.33,10.53,5.22,23.63,83.35,0.18,146.81
Bilinga,4224,1764309600,2025-11-28 16:00:00,-28.14277,153.51401,0.81,1.41,10.53,5.48,23.63,80.97,0.16,133.89
Bilinga,4224,1764311400,2025-11-28 16:30:00,-28.14265,153.51405,0.79,1.29,11.11,5.65,23.35,78.6,0.15,106.02
Bilinga,4224,1764313200,2025-11-28 17:00:00,-28.14266,153.51407,0.93,1.73,11.11,6.2,23.22,79.57,0.12,120.44
Bilinga,4224,1764315000,2025-11-28 17:30:00,-28.14278,153.51401,0.86,1.35,11.11,5.95,23.58,72.8,0.19,128.97
Bilinga,4224,1764316800,2025-11-28 18:00:00,-28.14277,153.51403,0.81,1.23,11.11,5.91,23.9,69.63,0.2,123.78
Bilinga,4224,1764318600,2025-11-28 18:30:00,-28.14278,153.51403,0.78,1.59,11.11,6.05,23.9,75.0,0.19,134.51
Bilinga,4224,1764320400,2025-11-28 19:00:00,-28.14278,153.51401,0.73,1.19,11.11,5.99,23.76,76.31,0.21,133.01
Bilinga,4224,1764322200,2025-11-28 19:30:00,-28.1428,153.51401,0.71,1.08,11.11,6.05,23.63,76.84,0.18,132.66
Bilinga,4224,1764324000,2025-11-28 20:00:00,-28.1428,153.51399,0.73,1.33,11.11,6.29,23.54,75.44,0.12,103.65
Bilinga,4224,1764325800,2025-11-28 20:30:00,-28.14278,153.51399,0.74,1.09,11.11,6.51,23.49,77.19,0.07,136.0
Bilinga,4224,1764327600,2025-11-28 21:00:00,-28.1428,153.51397,0.74,1.07,11.11,6.83,23.4,74.64,0.07,87.38
Bilinga,4224,1764329400,2025-11-28 21:30:00,-28.1428,153.51395,0.71,1.24,11.11,6.93,23.35,76.31,0.06,114.2
Bilinga,4224,1764331200,2025-11-28 22:00:00,-28.14283,153.51393,0.67,1.07,11.11,6.86,23.31,76.67,0.03,125.27
Bilinga,4224,1764333000,2025-11-28 22:30:00,-28.14283,153.51393,0.63,1.02,11.11,6.85,23.58,73.41,0.05,47.21
Bilinga,4224,1764334800,2025-11-28 23:00:00,-28.14283,153.51386,0.67,1.19,11.11,7.08,23.54,76.58,0.09,348.31
Bilinga,4224,1764336600,2025-11-28 23:30:00,-28.14285,153.5138,0.68,1.05,11.11,7.33,23.49,71.92,0.07,351.65
Bilinga,4224,1764338400,2025-11-29 00:00:00,-28.14289,153.51377,0.68,1.14,11.11,7.45,23.63,72.53,0.03,40.35
Bilinga,4224,1764340200,2025-11-29 00:30:00,-28.1429,153.5138,0.72,1.15,11.11,7.72,23.85,73.68,0.02,336.26
Bilinga,4224,1764342000,2025-11-29 01:00:00,-28.1429,153.51382,0.71,1.15,10.53,7.5,23.85,70.07,0.07,321.76
Bilinga,4224,1764343800,2025-11-29 01:30:00,-28.14289,153.51384,0.75,1.15,11.11,7.47,23.85,72.1,0.12,353.23
Bilinga,4224,1764345600,2025-11-29 02:00:00,-28.14289,153.51386,0.76,1.31,11.11,7.59,23.81,74.73,0.09,357.63
Bilinga,4224,1764347400,2025-11-29 02:30:00,-28.14287,153.51386,0.61,1.04,10.53,7.15,23.81,72.45,0.13,345.14
Bilinga,4224,1764349200,2025-11-29 03:00:00,-28.14287,153.51386,0.7,1.15,11.11,7.33,23.76,72.8,0.1,344.7
Bilinga,4224,1764351000,2025-11-29 03:30:00,-28.14289,153.51386,0.7,1.22,11.11,7.26,23.67,73.06,0.13,351.56
Bilinga,4224,1764352800,2025-11-29 04:00:00,-28.14287,153.51384,0.7,1.19,11.11,6.94,23.63,77.72,0.09,13.1
Bilinga,4224,1764354600,2025-11-29 04:30:00,-28.14287,153.51384,0.65,1.08,11.11,6.49,23.58,73.33,0.05,78.33
Bilinga,4224,1764356400,2025-11-29 05:00:00,-28.14287,153.51382,0.73,1.2,11.76,6.5,23.54,76.05,0.07,50.73
Bilinga,4224,1764358200,2025-11-29 05:30:00,-28.14287,153.51384,0.76,1.23,11.11,6.92,23.54,73.06,0.05,23.65
Bilinga,4224,1764360000,2025-11-29 06:00:00,-28.14287,153.51382,0.75,1.18,10.53,6.39,23.54,73.59,0.03,97.58
Bilinga,4224,1764361800,2025-11-29 06:30:00,-28.14287,153.51382,0.82,1.22,11.76,6.47,23.44,73.59,0.01,289.85
Bilinga,4224,1764363600,2025-11-29 07:00:00,-28.14289,153.5138,0.72,1.22,10.0,5.73,23.4,73.06,0.04,175.38
Bilinga,4224,1764365400,2025-11-29 07:30:00,-28.1429,153.5138,0.79,1.18,11.76,5.46,23.35,73.5,0.05,162.99
Bilinga,4224,1764367200,2025-11-29 08:00:00,-28.1429,153.51377,0.69,1.14,11.11,4.76,23.31,69.55,0.05,128.7
Bilinga,4224,1764369000,2025-11-29 08:30:00,-28.1429,153.51375,0.8,1.39,11.11,4.79,23.13,73.24,0.05,70.77
Bilinga,4224,1764370800,2025-11-29 09:00:00,-28.14292,153.51377,0.79,1.26,11.76,4.66,22.9,75.44,0.06,115.08
Bilinga,4224,1764372600,2025-11-29 09:30:00,-28.14293,153.51375,0.78,1.39,11.11,4.38,22.9,77.28,0.09,104.26
Bilinga,4224,1764374400,2025-11-29 10:00:00,-28.14293,153.51371,0.81,1.25,10.53,4.29,22.81,71.57,0.08,96.88
Bilinga,4224,1764376200,2025-11-29 10:30:00,-28.14296,153.51369,0.81,1.52,11.11,4.14,23.04,77.55,0.11,112.35
Bilinga,4224,1764378000,2025-11-29 11:00:00,-28.14295,153.51373,0.88,1.69,11.11,4.09,22.86,72.71,0.1,113.93
Bilinga,4224,1764379800,2025-11-29 11:30:00,-28.14295,153.51373,0.87,1.6,11.11,4.12,22.81,76.14,0.11,122.2
Bilinga,4224,1764381600,2025-11-29 12:00:00,-28.14292,153.51384,0.83,1.47,11.11,4.08,23.08,78.42,0.1,135.38
Bilinga,4224,1764383400,2025-11-29 12:30:00,-28.14287,153.5139,0.85,1.45,11.11,4.13,23.22,83.79,0.11,128.18
Bilinga,4224,1764385200,2025-11-29 13:00:00,-28.14285,153.5139,0.97,1.47,11.11,4.08,23.17,77.99,0.12,151.47
Bilinga,4224,1764387000,2025-11-29 13:30:00,-28.14283,153.51393,1.03,1.69,10.53,4.25,23.13,78.6,0.07,117.54
Bilinga,4224,1764388800,2025-11-29 14:00:00,-28.14287,153.51393,1.06,1.78,10.53,4.45,23.13,79.22,0.07,106.29
Bilinga,4224,1764390600,2025-11-29 14:30:00,-28.14285,153.51386,1.13,1.84,10.53,4.75,23.13,72.18,0.06,76.75
Bilinga,4224,1764392400,2025-11-29 15:00:00,-28.14285,153.51388,1.19,1.87,10.53,4.81,23.31,75.88,0.13,105.23
Bilinga,4224,1764394200,2025-11-29 15:30:00,-28.14287,153.51386,1.14,1.96,10.53,4.8,23.4,74.91,0.1,99.96
Bilinga,4224,1764396000,2025-11-29 16:00:00,-28.14289,153.5138,1.12,1.88,5.88,4.63,23.49,40.62,0.12,69.27
Bilinga,4224,1764397800,2025-11-29 16:30:00,-28.1429,153.51369,1.23,2.13,10.0,4.69,23.49,77.46,0.07,83.78
Bilinga,4224,1764399600,2025-11-29 17:00:00,-28.14292,153.51362,1.09,1.77,5.56,4.33,23.4,34.47,0.08,109.98
Bilinga,4224,1764401400,2025-11-29 17:30:00,-28.14293,153.51362,1.09,1.92,10.0,4.39,23.26,66.29,0.08,95.82
Bilinga,4224,1764403200,2025-11-29 18:00:00,-28.1429,153.51354,1.02,1.58,10.0,4.33,23.31,70.07,0.07,84.75
Bilinga,4224,1764405000,2025-11-29 18:30:00,-28.14293,153.5135,0.99,1.81,10.0,4.28,23.31,76.05,0.09,115.69
Bilinga,4224,1764406800,2025-11-29 19:00:00,-28.14295,153.51362,0.99,1.63,10.53,4.36,23.4,69.02,0.08,77.63
Bilinga,4224,1764408600,2025-11-29 19:30:00,-28.14292,153.51371,0.94,1.67,10.0,4.1,23.67,68.93,0.07,64.53
Bilinga,4224,1764410400,2025-11-29 20:00:00,-28.1429,153.5138,0.97,1.61,10.53,4.33,23.67,74.12,0.06,64.0
Bilinga,4224,1764412200,2025-11-29 20:30:00,-28.14289,153.51382,0.95,1.62,11.11,4.47,23.63,71.66,0.06,12.31
Bilinga,4224,1764414000,2025-11-29 21:00:00,-28.14289,153.5138,0.9,1.45,10.53,4.39,23.58,76.49,0.09,35.08
Bilinga,4224,1764415800,2025-11-29 21:30:00,-28.14292,153.51373,0.91,1.38,10.53,4.43,23.49,75.88,0.04,40.35
Bilinga,4224,1764417600,2025-11-29 22:00:00,-28.14293,153.51362,0.91,1.55,5.0,4.47,23.4,32.97,0.11,35.43
Bilinga,4224,1764419400,2025-11-29 22:30:00,-28.14293,153.51358,0.99,1.45,5.56,4.67,23.31,35.08,0.08,47.91
Bilinga,4224,1764421200,2025-11-29 23:00:00,-28.14295,153.51356,1.04,1.57,10.53,4.87,23.26,69.37,0.11,49.14
Bilinga,4224,1764423000,2025-11-29 23:30:00,-28.14293,153.51343,1.06,1.76,5.41,4.77,23.17,32.53,0.06,67.52
Bilinga,4224,1764424800,2025-11-30 00:00:00,-28.14293,153.51345,1.09,1.75,10.53,5.05,23.17,70.69,0.08,26.2
Bilinga,4224,1764424800,2025-11-30 00:00:00,-28.14295,153.51347,1.09,1.75,10.53,5.05,23.17,70.69,0.08,26.2
Bilinga,4224,1764426600,2025-11-30 00:30:00,-28.14295,153.51347,1.14,1.71,5.56,4.8,23.13,33.41,0.04,30.15
Bilinga,4224,1764428400,2025-11-30 01:00:00,-28.14296,153.51347,1.05,1.61,11.11,4.71,23.13,69.19,0.07,12.92
Bilinga,4224,1764430200,2025-11-30 01:30:00,-28.14296,153.51352,1.02,1.62,11.11,4.62,23.13,70.86,0.01,95.12
Bilinga,4224,1764432000,2025-11-30 02:00:00,-28.14296,153.51354,1.04,1.71,5.13,4.65,23.04,32.1,0.03,335.74
Bilinga,4224,1764433800,2025-11-30 02:30:00,-28.14298,153.51347,0.96,1.41,11.11,4.59,23.04,71.13,0.05,13.01
Bilinga,4224,1764435600,2025-11-30 03:00:00,-28.14296,153.51356,1.0,1.6,10.53,4.64,23.04,68.84,0.06,17.49
Bilinga,4224,1764437400,2025-11-30 03:30:00,-28.14295,153.5136,0.99,1.9,10.0,4.59,22.99,70.86,0.1,40.0
Bilinga,4224,1764439200,2025-11-30 04:00:00,-28.14296,153.5136,0.94,1.4,10.53,4.46,22.99,69.02,0.08,41.85
Bilinga,4224,1764441000,2025-11-30 04:30:00,-28.14292,153.5136,0.94,1.49,11.11,4.4,22.95,68.05,0.02,16.35
Bilinga,4224,1764442800,2025-11-30 05:00:00,-28.14285,153.51371,0.86,1.33,11.11,4.13,22.9,64.89,0.06,9.05
Bilinga,4224,1764444600,2025-11-30 05:30:00,-28.14278,153.51377,0.79,1.29,11.11,4.35,22.81,65.68,0.07,344.18
Bilinga,4224,1764446400,2025-11-30 06:00:00,-28.14271,153.51382,0.71,1.29,11.11,4.44,22.77,61.11,0.05,357.54
Bilinga,4224,1764448200,2025-11-30 06:30:00,-28.14262,153.51384,0.67,1.13,10.53,4.47,22.68,64.97,0.04,2.37
Bilinga,4224,1764450000,2025-11-30 07:00:00,-28.14244,153.51371,0.68,1.06,10.53,4.46,22.72,66.47,0.03,331.34
Bilinga,4224,1764451800,2025-11-30 07:30:00,-28.14237,153.51365,0.6,0.9,10.53,4.23,22.68,58.91,0.07,306.29
Bilinga,4224,1764453600,2025-11-30 08:00:00,-28.14237,153.51362,0.65,1.18,10.53,4.34,22.63,63.83,0.1,318.68
Bilinga,4224,1764455400,2025-11-30 08:30:00,-28.14233,153.51354,0.72,1.42,10.53,4.65,22.68,64.53,0.05,324.4
Bilinga,4224,1764457200,2025-11-30 09:00:00,-28.14237,153.51345,0.66,1.2,10.53,4.38,22.68,65.5,0.04,316.4
Bilinga,4224,1764459000,2025-11-30 09:30:00,-28.14248,153.5133,0.65,1.14,10.0,4.3,22.63,66.12,0.05,280.35
Bilinga,4224,1764460800,2025-11-30 10:00:00,-28.14248,153.51326,0.68,1.2,10.53,4.38,22.54,61.02,0.04,241.93
Bilinga,4224,1764462600,2025-11-30 10:30:00,-28.14252,153.51326,0.75,1.21,10.0,4.7,22.5,67.52,0.02,196.13
Bilinga,4224,1764464400,2025-11-30 11:00:00,-28.14255,153.51324,0.71,1.24,10.0,4.47,22.45,64.97,0.06,240.97
Bilinga,4224,1764466200,2025-11-30 11:30:00,-28.14253,153.51324,0.71,1.24,10.0,4.42,22.45,65.5,0.05,214.15
Bilinga,4224,1764468000,2025-11-30 12:00:00,-28.14248,153.51324,0.7,1.16,10.0,4.38,22.5,60.49,0.02,216.53
Bilinga,4224,1764469800,2025-11-30 12:30:00,-28.14247,153.51326,0.73,1.21,10.0,4.75,22.5,66.56,0.02,231.74
Bilinga,4224,1764471600,2025-11-30 13:00:00,-28.14247,153.51324,0.76,1.27,9.52,4.73,22.54,60.93,0.03,211.52
Bilinga,4224,1764473400,2025-11-30 13:30:00,-28.14244,153.51322,0.72,1.6,9.52,4.64,22.45,69.81,0.06,169.93
Bilinga,4224,1764475200,2025-11-30 14:00:00,-28.14271,153.51319,0.67,1.17,9.09,4.4,23.54,68.14,0.23,186.11
Bilinga,4224,1764477000,2025-11-30 14:30:00,-28.14278,153.51326,0.68,1.11,10.0,4.45,23.54,68.93,0.16,166.33
Bilinga,4224,1764478800,2025-11-30 15:00:00,-28.143,153.51341,0.71,1.07,10.0,4.73,23.63,81.06,0.21,176.7
Bilinga,4224,1764480600,2025-11-30 15:30:00,-28.14301,153.5136,0.73,1.13,9.52,4.73,23.85,84.14,0.14,164.31
Bilinga,4224,1764482400,2025-11-30 16:00:00,-28.14298,153.51371,0.7,1.36,10.0,4.64,23.63,79.57,0.14,146.55
Bilinga,4224,1764484200,2025-11-30 16:30:00,-28.14296,153.51377,0.73,1.12,10.0,4.89,23.58,84.31,0.07,160.79
Bilinga,4224,1764486000,2025-11-30 17:00:00,-28.14295,153.51382,0.7,1.35,9.52,4.89,23.67,84.05,0.1,133.8
Bilinga,4224,1764487800,2025-11-30 17:30:00,-28.14293,153.51384,0.69,1.23,10.0,4.89,23.81,86.16,0.18,137.49
Bilinga,4224,1764489600,2025-11-30 18:00:00,-28.14292,153.51386,0.65,0.95,10.0,4.89,23.49,85.19,0.14,125.45
Bilinga,4224,1764491400,2025-11-30 18:30:00,-28.1429,153.51388,0.65,1.05,10.0,5.01,23.31,83.96,0.14,114.46
Bilinga,4224,1764493200,2025-11-30 19:00:00,-28.1429,153.51386,0.65,1.09,10.0,5.12,23.22,82.12,0.13,113.49
Bilinga,4224,1764495000,2025-11-30 19:30:00,-28.14293,153.5138,0.63,1.0,10.0,5.38,23.17,73.77,0.1,88.97
Bilinga,4224,1764496800,2025-11-30 20:00:00,-28.14292,153.5138,0.6,0.98,10.0,5.44,23.13,75.52,0.08,76.48
Bilinga,4224,1764498600,2025-11-30 20:30:00,-28.1429,153.51382,0.62,1.02,9.52,5.77,23.13,71.57,0.08,73.05
Bilinga,4224,1764500400,2025-11-30 21:00:00,-28.14289,153.51382,0.54,0.87,10.53,5.47,23.08,75.96,0.01,130.64
Bilinga,4224,1764502200,2025-11-30 21:30:00,-28.14289,153.5138,0.6,0.83,10.0,5.72,23.04,73.85,0.08,61.98
Bilinga,4224,1764504000,2025-11-30 22:00:00,-28.14285,153.51384,0.61,1.14,9.52,5.44,23.04,77.46,0.07,41.76
Bilinga,4224,1764505800,2025-11-30 22:30:00,-28.14287,153.51384,0.61,1.04,10.0,5.61,23.04,73.5,0.07,331.6
Bilinga,4224,1764507600,2025-11-30 23:00:00,-28.14283,153.51384,0.57,0.93,10.53,5.51,22.99,68.75,0.06,281.67
Bilinga,4224,1764509400,2025-11-30 23:30:00,-28.14285,153.51377,0.6,0.88,10.0,5.72,22.99,73.68,0.1,265.41
Bilinga,4224,1764511200,2025-12-01 00:00:00,-28.14285,153.51375,0.59,1.05,10.53,5.94,22.95,67.7,0.08,335.65
Bilinga,4224,1764513000,2025-12-01 00:30:00,-28.14285,153.5138,0.59,0.96,10.0,5.84,22.95,70.69,0.03,254.42
Bilinga,4224,1764514800,2025-12-01 01:00:00,-28.14289,153.5138,0.55,0.79,10.0,5.51,22.9,70.86,0.08,299.6
Bilinga,4224,1764516600,2025-12-01 01:30:00,-28.14289,153.51382,0.54,0.95,10.0,5.57,22.9,67.17,0.06,29.1
Bilinga,4224,1764518400,2025-12-01 02:00:00,-28.14289,153.51382,0.54,0.83,9.52,5.88,22.81,68.93,0.04,276.04
Bilinga,4224,1764520200,2025-12-01 02:30:00,-28.14287,153.51382,0.56,0.89,10.53,6.05,22.77,75.35,0.09,212.92
Bilinga,4224,1764522000,2025-12-01 03:00:00,-28.14287,153.51386,0.53,0.93,10.0,5.98,22.59,69.9,0.03,280.7
Bilinga,4224,1764523800,2025-12-01 03:30:00,-28.14285,153.51382,0.51,0.88,10.0,5.94,22.45,68.58,0.03,252.04
Bilinga,4224,1764525600,2025-12-01 04:00:00,-28.14287,153.51382,0.52,0.81,10.0,6.1,22.45,66.38,0.04,102.68
Bilinga,4224,1764527400,2025-12-01 04:30:00,-28.14287,153.5138,0.5,0.72,10.53,6.28,22.41,73.5,0.06,196.13
Bilinga,4224,1764529200,2025-12-01 05:00:00,-28.14283,153.5138,0.51,0.86,10.0,5.58,22.41,70.42,0.03,117.98
Bilinga,4224,1764531000,2025-12-01 05:30:00,-28.14281,153.51386,0.58,0.97,9.52,6.01,22.32,67.52,0.03,138.64
Bilinga,4224,1764532800,2025-12-01 06:00:00,-28.1428,153.51386,0.51,0.83,9.52,5.45,22.27,66.03,0.03,186.11
Bilinga,4224,1764534600,2025-12-01 06:30:00,-28.14277,153.5139,0.52,0.9,9.52,5.12,22.27,70.86,0.03,149.8
Bilinga,4224,1764536400,2025-12-01 07:00:00,-28.14277,153.51393,0.57,1.21,10.0,5.19,22.27,67.88,0.02,124.92
Bilinga,4224,1764538200,2025-12-01 07:30:00,-28.1428,153.5139,0.51,1.03,10.0,4.73,22.27,71.22,0.01,66.55
Bilinga,4224,1764540000,2025-12-01 08:00:00,-28.14277,153.51388,0.56,0.96,10.0,4.19,22.23,67.17,0.01,199.03
Bilinga,4224,1764541800,2025-12-01 08:30:00,-28.14277,153.51388,0.56,0.94,10.0,4.1,22.23,68.23,0.01,58.55
Bilinga,4224,1764543600,2025-12-01 09:00:00,-28.14278,153.51386,0.54,0.93,10.0,4.13,22.14,65.94,0.01,240.0
Bilinga,4224,1764545400,2025-12-01 09:30:00,-28.14283,153.51382,0.57,1.07,10.0,4.0,22.1,60.93,0.01,83.08
Bilinga,4224,1764547200,2025-12-01 10:00:00,-28.14283,153.51382,0.55,1.03,10.0,4.1,22.1,65.59,0.01,238.15
Bilinga,4224,1764549000,2025-12-01 10:30:00,-28.14289,153.51371,0.54,0.97,9.52,4.09,22.18,67.96,0.05,243.16
Bilinga,4224,1764550800,2025-12-01 11:00:00,-28.14289,153.51369,0.58,1.01,10.0,4.31,22.41,69.37,0.09,218.73
Bilinga,4224,1764552600,2025-12-01 11:30:00,-28.14287,153.51352,0.56,0.87,9.52,4.27,22.95,68.84,0.14,230.77
Bilinga,4224,1764554400,2025-12-01 12:00:00,-28.14277,153.51322,0.6,1.02,9.52,4.18,23.22,74.29,0.09,199.74
Bilinga,4224,1764556200,2025-12-01 12:30:00,-28.14268,153.51311,0.59,0.92,9.09,3.99,23.13,68.4,0.08,189.89
Bilinga,4224,1764558000,2025-12-01 13:00:00,-28.14266,153.51311,0.56,0.91,9.52,4.23,23.13,72.89,0.07,187.87
Bilinga,4224,1764559800,2025-12-01 13:30:00,-28.14259,153.51309,0.54,0.87,10.53,4.24,23.4,74.03,0.09,220.57
Bilinga,4224,1764561600,2025-12-01 14:00:00,-28.14252,153.51311,0.53,1.02,9.09,4.0,23.49,76.75,0.12,234.9
Bilinga,4224,1764563400,2025-12-01 14:30:00,-28.14247,153.51313,0.56,0.92,10.53,4.0,23.4,78.69,0.08,180.48
Bilinga,4224,1764565200,2025-12-01 15:00:00,-28.14255,153.51311,0.51,0.87,10.0,3.68,23.67,71.13,0.09,187.34
Bilinga,4224,1764567000,2025-12-01 15:30:00,-28.14262,153.51311,0.55,0.91,9.09,3.69,23.63,82.03,0.12,161.14
Bilinga,4224,1764568800,2025-12-01 16:00:00,-28.14257,153.51311,0.55,0.97,9.52,3.58,23.54,74.29,0.06,139.69
Bilinga,4224,1764570600,2025-12-01 16:30:00,-28.1425,153.51313,0.54,0.97,9.09,3.35,23.49,79.22,0.1,132.22
Bilinga,4224,1764572400,2025-12-01 17:00:00,-28.14247,153.51313,0.59,1.0,8.7,3.38,23.4,74.82,0.12,114.46
Bilinga,4224,1764574200,2025-12-01 17:30:00,-28.14244,153.51313,0.59,1.14,9.52,3.5,23.4,75.96,0.06,104.88
Bilinga,4224,1764576000,2025-12-01 18:00:00,-28.14238,153.51311,0.59,0.94,10.0,3.42,23.4,78.42,0.11,130.64
Bilinga,4224,1764577800,2025-12-01 18:30:00,-28.14232,153.51311,0.56,0.98,9.52,3.54,23.4,66.12,0.03,350.24
Bilinga,4224,1764579600,2025-12-01 19:00:00,-28.1424,153.51317,0.58,1.1,9.09,3.63,23.44,72.45,0.01,137.76
Bilinga,4224,1764581400,2025-12-01 19:30:00,-28.14257,153.51309,0.55,0.98,9.52,3.69,23.4,77.02,0.02,63.65
Bilinga,4224,1764583200,2025-12-01 20:00:00,-28.14241,153.51302,0.57,0.92,9.09,3.81,23.4,69.81,0.03,94.33
Bilinga,4224,1764585000,2025-12-01 20:30:00,-28.14235,153.51307,0.57,0.9,9.09,3.99,23.4,72.1,0.06,8.7
Bilinga,4224,1764586800,2025-12-01 21:00:00,-28.14235,153.51305,0.54,0.84,10.0,4.12,23.4,73.5,0.07,355.43
Bilinga,4224,1764588600,2025-12-01 21:30:00,-28.14241,153.51302,0.52,0.85,9.09,3.99,23.4,77.72,0.05,284.04
Bilinga,4224,1764590400,2025-12-01 22:00:00,-28.14237,153.51302,0.5,0.96,9.52,4.14,23.4,75.7,0.09,10.81
Bilinga,4224,1764592200,2025-12-01 22:30:00,-28.1424,153.51302,0.53,0.98,9.52,4.24,23.4,73.33,0.06,20.66
Bilinga,4224,1764594000,2025-12-01 23:00:00,-28.14238,153.51302,0.5,0.83,10.53,4.4,23.4,75.26,0.1,359.65
Bilinga,4224,1764595800,2025-12-01 23:30:00,-28.14238,153.513,0.52,0.87,10.0,4.45,23.44,69.81,0.12,320.79
Bilinga,4224,1764597600,2025-12-02 00:00:00,-28.14238,153.51302,0.49,0.82,10.0,4.52,23.49,69.28,0.08,270.59
Bilinga,4224,1764599400,2025-12-02 00:30:00,-28.1424,153.51302,0.51,0.81,9.52,4.63,23.54,67.08,0.11,147.08
Bilinga,4224,1764601200,2025-12-02 01:00:00,-28.14257,153.51307,0.51,0.87,10.0,4.5,23.54,71.83,0.08,291.34
Bilinga,4224,1764603000,2025-12-02 01:30:00,-28.14265,153.51311,0.53,0.82,10.53,4.55,23.49,68.67,0.06,274.46
Bilinga,4224,1764604800,2025-12-02 02:00:00,-28.14255,153.51309,0.52,0.86,10.0,4.65,23.49,71.57,0.08,350.77
Bilinga,4224,1764606600,2025-12-02 02:30:00,-28.14245,153.51309,0.51,0.77,10.53,4.59,23.49,71.3,0.05,20.92
Bilinga,4224,1764608400,2025-12-02 03:00:00,-28.14235,153.51313,0.52,0.8,9.52,4.68,23.49,69.19,0.06,9.32
Bilinga,4224,1764610200,2025-12-02 03:30:00,-28.14226,153.51319,0.51,0.79,10.53,4.64,23.49,66.73,0.06,310.24
Bilinga,4224,1764612000,2025-12-02 04:00:00,-28.14232,153.51315,0.49,0.85,9.52,4.6,23.4,75.44,0.02,254.95
Bilinga,4224,1764613800,2025-12-02 04:30:00,-28.14237,153.51311,0.55,0.88,9.52,4.76,23.35,70.95,0.02,80.35
Bilinga,4224,1764615600,2025-12-02 05:00:00,-28.14237,153.51313,0.51,0.91,10.0,4.57,23.31,76.31,0.03,242.81
Bilinga,4224,1764617400,2025-12-02 05:30:00,-28.14232,153.51317,0.49,0.84,10.0,4.65,23.26,70.78,0.03,72.88
Bilinga,4224,1764619200,2025-12-02 06:00:00,-28.14226,153.51337,0.47,0.67,10.53,4.53,23.13,65.33,0.01,78.77
Bilinga,4224,1764621000,2025-12-02 06:30:00,-28.14226,153.51345,0.42,0.91,10.0,4.36,23.04,71.3,0.04,28.57
Bilinga,4224,1764622800,2025-12-02 07:00:00,-28.1423,153.5135,0.41,0.7,9.52,4.61,22.99,69.81,0.05,175.56
Bilinga,4224,1764624600,2025-12-02 07:30:00,-28.14233,153.51354,0.4,0.71,10.0,4.85,22.99,70.16,0.03,173.54
Bilinga,4224,1764626400,2025-12-02 08:00:00,-28.14237,153.51356,0.38,0.54,10.53,3.86,22.99,67.7,0.03,89.85
Bilinga,4224,1764628200,2025-12-02 08:30:00,-28.14235,153.51367,0.36,0.67,10.53,3.63,22.95,61.28,0.03,75.87
Bilinga,4224,1764630000,2025-12-02 09:00:00,-28.14237,153.51371,0.36,0.55,9.52,4.12,22.9,68.93,0.03,76.31
Bilinga,4224,1764631800,2025-12-02 09:30:00,-28.14232,153.51367,0.33,0.6,10.0,3.51,22.95,62.86,0.09,60.57
Bilinga,4224,1764633600,2025-12-02 10:00:00,-28.14229,153.51367,0.34,0.58,10.0,3.61,22.95,66.2,0.05,95.82
Bilinga,4224,1764635400,2025-12-02 10:30:00,-28.14225,153.51365,0.33,0.6,10.0,3.56,22.9,65.24,0.08,50.46
Bilinga,4224,1764637200,2025-12-02 11:00:00,-28.14223,153.51362,0.34,0.57,10.0,3.63,22.9,66.64,0.08,59.08
Bilinga,4224,1764639000,2025-12-02 11:30:00,-28.1422,153.5135,0.31,0.6,9.09,3.19,22.95,68.49,0.06,22.07
Bilinga,4224,1764640800,2025-12-02 12:00:00,-28.14218,153.51337,0.39,0.73,10.53,2.79,22.77,63.22,0.06,40.18
Bilinga,4224,1764642600,2025-12-02 12:30:00,-28.14223,153.51315,0.41,0.79,9.52,2.7,22.63,76.84,0.06,5.01
Bilinga,4224,1764644400,2025-12-02 13:00:00,-28.14225,153.51311,0.45,0.8,9.52,2.75,22.45,68.4,0.09,342.15
Bilinga,4224,1764646200,2025-12-02 13:30:00,-28.14223,153.51302,0.47,0.87,9.52,2.77,22.32,70.69,0.12,288.88
Bilinga,4224,1764648000,2025-12-02 14:00:00,-28.14218,153.51296,0.5,0.79,9.52,2.87,22.45,63.13,0.17,274.55
Bilinga,4224,1764649800,2025-12-02 14:30:00,-28.14217,153.51294,0.49,0.8,9.52,2.83,22.45,75.61,0.13,280.44
Bilinga,4224,1764651600,2025-12-02 15:00:00,-28.1422,153.51289,0.49,0.86,9.52,2.96,22.41,71.13,0.11,261.27
Bilinga,4224,1764653400,2025-12-02 15:30:00,-28.1422,153.51294,0.46,0.91,9.52,2.87,22.36,65.94,0.12,279.82
Bilinga,4224,1764655200,2025-12-02 16:00:00,-28.14217,153.51292,0.42,0.81,10.0,2.91,22.23,64.45,0.05,274.02
Bilinga,4224,1764657000,2025-12-02 16:30:00,-28.14214,153.51296,0.43,0.73,9.52,2.89,22.27,78.6,0.01,249.14
Bilinga,4224,1764658800,2025-12-02 17:00:00,-28.1421,153.51298,0.44,0.68,8.7,3.05,22.27,90.91,0.05,257.93
Bilinga,4224,1764660600,2025-12-02 17:30:00,-28.14207,153.51302,0.44,0.79,9.09,3.32,22.23,76.67,0.08,254.07
Bilinga,4224,1764662400,2025-12-02 18:00:00,-28.14205,153.51305,0.44,0.66,10.0,3.49,22.27,72.18,0.05,236.22
Bilinga,4224,1764664200,2025-12-02 18:30:00,-28.14207,153.51302,0.43,0.76,9.52,3.59,22.23,85.11,0.02,199.56
Bilinga,4224,1764666000,2025-12-02 19:00:00,-28.14205,153.51302,0.45,0.67,9.09,3.74,22.27,82.2,0.04,201.49
Bilinga,4224,1764667800,2025-12-02 19:30:00,-28.14203,153.51305,0.48,0.78,9.09,4.03,22.23,89.68,0.06,149.01
Bilinga,4224,1764669600,2025-12-02 20:00:00,-28.142,153.51307,0.47,0.86,8.7,4.0,22.27,89.94,0.05,108.75
Bilinga,4224,1764671400,2025-12-02 20:30:00,-28.14196,153.51311,0.5,0.82,8.33,4.18,22.27,92.75,0.07,160.79
Bilinga,4224,1764673200,2025-12-02 21:00:00,-28.14198,153.51311,0.5,0.91,9.09,4.32,22.18,87.3,0.07,148.57
Bilinga,4224,1764675000,2025-12-02 21:30:00,-28.14198,153.51307,0.53,0.98,8.33,4.55,22.05,87.48,0.02,78.59
Bilinga,4224,1764676800,2025-12-02 22:00:00,-28.14198,153.51305,0.53,0.97,9.09,4.63,22.36,88.36,0.06,264.35
Bilinga,4224,1764678600,2025-12-02 22:30:00,-28.14196,153.51302,0.53,0.87,8.33,4.63,22.45,87.57,0.07,277.01
Bilinga,4224,1764680400,2025-12-02 23:00:00,-28.14198,153.51302,0.54,0.87,8.7,4.7,22.54,86.95,0.08,278.07
Bilinga,4224,1764682200,2025-12-02 23:30:00,-28.14196,153.513,0.55,1.07,9.52,4.81,22.63,86.25,0.06,231.74
Bilinga,4224,1764684000,2025-12-03 00:00:00,-28.142,153.51298,0.53,0.74,8.7,4.93,22.63,86.51,0.08,200.97
Bilinga,4224,1764685800,2025-12-03 00:30:00,-28.14203,153.51296,0.52,0.85,8.7,4.87,22.72,86.25,0.09,173.71
Bilinga,4224,1764687600,2025-12-03 01:00:00,-28.14203,153.51298,0.51,0.82,10.53,4.94,22.77,87.39,0.06,178.37
Bilinga,4224,1764689400,2025-12-03 01:30:00,-28.14203,153.51298,0.5,0.86,9.09,4.98,22.77,83.26,0.04,189.98
Bilinga,4224,1764691200,2025-12-03 02:00:00,-28.14205,153.51298,0.52,0.95,10.53,5.12,22.77,85.63,0.06,216.44
Bilinga,4224,1764693000,2025-12-03 02:30:00,-28.14207,153.51296,0.49,0.94,8.33,5.13,22.77,91.7,0.11,182.59
Bilinga,4224,1764694800,2025-12-03 03:00:00,-28.14205,153.51298,0.49,0.74,10.0,5.2,22.72,84.31,0.03,223.47
Bilinga,4224,1764696600,2025-12-03 03:30:00,-28.14207,153.51298,0.49,0.8,9.52,5.18,22.77,84.67,0.06,208.88
Bilinga,4224,1764698400,2025-12-03 04:00:00,-28.14207,153.51298,0.49,0.7,10.53,5.1,22.77,88.71,0.06,235.52
Bilinga,4224,1764700200,2025-12-03 04:30:00,-28.1421,153.51296,0.46,0.72,8.7,5.05,22.81,88.18,0.06,191.74
Bilinga,4224,1764702000,2025-12-03 05:00:00,-28.1421,153.51296,0.5,0.82,10.53,4.73,22.81,89.15,0.04,249.14
Bilinga,4224,1764703800,2025-12-03 05:30:00,-28.14223,153.51292,0.47,0.75,11.11,4.73,22.81,91.0,0.03,99.34
Bilinga,4224,1764705600,2025-12-03 06:00:00,-28.1422,153.51292,0.47,0.73,10.0,4.67,22.81,88.53,0.06,100.84
Bilinga,4224,1764707400,2025-12-03 06:30:00,-28.14214,153.51296,0.46,0.85,11.11,4.3,22.81,87.48,0.05,64.53
Bilinga,4224,1764709200,2025-12-03 07:00:00,-28.14207,153.51302,0.48,0.84,10.0,4.33,22.77,87.83,0.06,99.25
Bilinga,4224,1764711000,2025-12-03 07:30:00,-28.14205,153.51302,0.46,0.73,9.09,4.21,22.81,85.72,0.02,169.58
Bilinga,4224,1764712800,2025-12-03 08:00:00,-28.14203,153.51305,0.43,0.76,9.52,4.1,22.81,84.31,0.02,278.86
Bilinga,4224,1764714600,2025-12-03 08:30:00,-28.14202,153.51305,0.46,0.73,10.53,4.06,22.9,83.35,0.06,347.69
Bilinga,4224,1764716400,2025-12-03 09:00:00,-28.14202,153.51302,0.44,0.86,10.53,3.29,22.9,80.62,0.01,340.04
Bilinga,4224,1764718200,2025-12-03 09:30:00,-28.14205,153.51298,0.44,0.71,9.52,3.03,22.9,82.03,0.06,280.18
Bilinga,4224,1764720000,2025-12-03 10:00:00,-28.14208,153.51294,0.43,0.78,10.53,3.16,22.99,75.0,0.08,297.41
Bilinga,4224,1764721800,2025-12-03 10:30:00,-28.14211,153.51292,0.42,0.68,10.0,3.0,23.04,76.93,0.08,285.63
Bilinga,4224,1764723600,2025-12-03 11:00:00,-28.14211,153.51289,0.43,0.78,10.53,3.01,23.08,77.02,0.1,259.16
Bilinga,4224,1764725400,2025-12-03 11:30:00,-28.14214,153.51289,0.41,0.65,11.11,2.97,23.13,71.66,0.1,272.18
Bilinga,4224,1764727200,2025-12-03 12:00:00,-28.14211,153.51289,0.4,0.71,10.0,2.82,23.17,82.73,0.23,280.09
Bilinga,4224,1764729000,2025-12-03 12:30:00,-28.14215,153.51287,0.42,0.74,10.53,2.83,23.13,70.86,0.15,264.26
Bilinga,4224,1764730800,2025-12-03 13:00:00,-28.14217,153.51283,0.45,0.72,10.0,2.86,23.13,78.86,0.14,259.6
Bilinga,4224,1764732600,2025-12-03 13:30:00,-28.14211,153.51283,0.46,0.71,9.52,2.89,23.17,82.64,0.11,280.79
Bilinga,4224,1764734400,2025-12-03 14:00:00,-28.14214,153.51281,0.46,0.86,10.0,2.91,23.17,70.51,0.18,266.55
Bilinga,4224,1764736200,2025-12-03 14:30:00,-28.14214,153.51281,0.48,0.85,9.52,3.03,23.13,81.59,0.11,252.84
Bilinga,4224,1764738000,2025-12-03 15:00:00,-28.14217,153.51281,0.48,0.8,10.0,3.09,23.17,71.48,0.07,253.36
Bilinga,4224,1764739800,2025-12-03 15:30:00,-28.14217,153.51281,0.49,0.75,5.88,3.11,23.13,84.14,0.08,274.81
Bilinga,4224,1764741600,2025-12-03 16:00:00,-28.14222,153.51281,0.46,0.75,4.88,3.14,23.08,80.71,0.04,240.62
Bilinga,4224,1764743400,2025-12-03 16:30:00,-28.14226,153.51281,0.48,0.74,5.56,3.28,23.08,83.35,0.04,217.67
Bilinga,4224,1764745200,2025-12-03 17:00:00,-28.14232,153.51283,0.5,0.94,6.25,3.45,23.13,91.08,0.07,249.32
Bilinga,4224,1764747000,2025-12-03 17:30:00,-28.14238,153.51285,0.53,0.83,5.56,3.63,23.04,91.96,0.05,180.48
Bilinga,4224,1764748800,2025-12-03 18:00:00,-28.14252,153.51296,0.55,0.87,5.26,3.56,23.04,91.96,0.04,133.54
Bilinga,4224,1764750600,2025-12-03 18:30:00,-28.14259,153.51307,0.59,0.98,4.88,3.82,23.04,89.94,0.04,100.4
Bilinga,4224,1764752400,2025-12-03 19:00:00,-28.14263,153.51326,0.55,1.09,9.52,3.65,23.04,81.41,0.06,123.52
Bilinga,4224,1764754200,2025-12-03 19:30:00,-28.1427,153.51334,0.56,1.06,7.69,3.73,23.04,94.16,0.1,153.41
Bilinga,4224,1764756000,2025-12-03 20:00:00,-28.14278,153.51341,0.61,0.89,9.52,3.93,23.04,84.49,0.12,134.07
Bilinga,4224,1764757800,2025-12-03 20:30:00,-28.14285,153.51356,0.6,1.09,6.67,3.89,23.04,94.51,0.1,132.75
Bilinga,4224,1764759600,2025-12-03 21:00:00,-28.14287,153.51358,0.62,0.95,7.14,4.0,23.04,91.96,0.15,117.54
Bilinga,4224,1764761400,2025-12-03 21:30:00,-28.14287,153.5136,0.57,1.1,6.06,3.91,23.04,97.06,0.13,111.03
Bilinga,4224,1764763200,2025-12-03 22:00:00,-28.14285,153.51365,0.6,1.13,7.14,4.08,23.04,95.83,0.14,105.67
Bilinga,4224,1764765000,2025-12-03 22:30:00,-28.14285,153.51373,0.63,1.04,6.25,4.04,22.99,94.95,0.06,111.03
Bilinga,4224,1764766800,2025-12-03 23:00:00,-28.14289,153.51375,0.63,1.15,5.88,4.18,22.99,94.42,0.04,145.93
Bilinga,4224,1764768600,2025-12-03 23:30:00,-28.14287,153.51375,0.63,1.03,6.06,4.13,23.04,99.35,0.11,105.76
Bilinga,4224,1764770400,2025-12-04 00:00:00,-28.14285,153.51375,0.59,0.94,6.45,4.13,22.99,96.36,0.09,107.96
Bilinga,4224,1764772200,2025-12-04 00:30:00,-28.14285,153.51375,0.58,1.01,7.69,4.15,22.99,96.53,0.04,34.02
Bilinga,4224,1764774000,2025-12-04 01:00:00,-28.14285,153.51377,0.58,0.99,5.56,4.18,23.04,93.72,0.1,114.29
Bilinga,4224,1764775800,2025-12-04 01:30:00,-28.14283,153.51377,0.56,0.89,6.25,4.1,23.04,96.8,0.06,128.7
Bilinga,4224,1764777600,2025-12-04 02:00:00,-28.14285,153.51377,0.57,0.86,5.56,4.29,23.04,100.23,0.02,132.84
Bilinga,4224,1764779400,2025-12-04 02:30:00,-28.14283,153.51377,0.55,1.02,6.67,4.3,23.04,98.56,0.01,278.59
Bilinga,4224,1764781200,2025-12-04 03:00:00,-28.14285,153.51377,0.57,1.17,8.0,4.29,23.04,95.04,0.07,171.78
Bilinga,4224,1764783000,2025-12-04 03:30:00,-28.14285,153.51382,0.55,0.91,5.41,4.23,22.99,97.85,0.11,176.35
Bilinga,4224,1764784800,2025-12-04 04:00:00,-28.14285,153.51382,0.55,0.93,6.45,4.35,22.99,98.91,0.08,182.51
Bilinga,4224,1764786600,2025-12-04 04:30:00,-28.14281,153.51382,0.54,0.83,5.41,4.38,22.95,99.35,0.06,151.38
Bilinga,4224,1764788400,2025-12-04 05:00:00,-28.1428,153.51386,0.58,0.99,5.13,4.5,22.99,100.67,0.05,94.68
Bilinga,4224,1764790200,2025-12-04 05:30:00,-28.14268,153.51407,0.58,0.89,5.26,4.48,23.04,105.85,0.18,123.6
Bilinga,4224,1764792000,2025-12-04 06:00:00,-28.14268,153.51407,0.55,1.03,5.13,4.49,23.08,102.42,0.18,131.69
Bilinga,4224,1764793800,2025-12-04 06:30:00,-28.14274,153.51407,0.52,0.89,9.52,4.45,23.08,92.05,0.18,128.09
Bilinga,4224,1764795600,2025-12-04 07:00:00,-28.14275,153.51405,0.52,0.9,10.53,4.59,23.13,93.02,0.13,135.91
Bilinga,4224,1764797400,2025-12-04 07:30:00,-28.14274,153.51405,0.49,0.78,11.11,4.54,23.31,104.62,0.1,194.02
Bilinga,4224,1764799200,2025-12-04 08:00:00,-28.14274,153.51403,0.46,0.73,10.53,4.51,23.54,96.45,0.09,148.84
Bilinga,4224,1764801000,2025-12-04 08:30:00,-28.1427,153.51403,0.46,0.75,10.53,4.56,23.67,96.27,0.14,117.98
Bilinga,4224,1764802800,2025-12-04 09:00:00,-28.14268,153.51405,0.46,0.73,11.76,4.53,23.85,96.36,0.12,118.33
Bilinga,4224,1764804600,2025-12-04 09:30:00,-28.14268,153.51405,0.44,0.71,9.52,4.4,23.85,97.85,0.08,81.41
Bilinga,4224,1764806400,2025-12-04 10:00:00,-28.1427,153.51405,0.43,0.65,9.52,4.13,23.85,89.24,0.06,110.86
Bilinga,4224,1764808200,2025-12-04 10:30:00,-28.1427,153.51401,0.46,0.73,9.52,4.04,23.67,86.78,0.07,58.02
Bilinga,4224,1764810000,2025-12-04 11:00:00,-28.14271,153.51401,0.43,0.66,10.53,3.7,23.58,82.2,0.12,77.45
Bilinga,4224,1764811800,2025-12-04 11:30:00,-28.1427,153.51403,0.47,0.79,10.0,3.56,23.63,88.62,0.12,86.77
Bilinga,4224,1764813600,2025-12-04 12:00:00,-28.14262,153.51405,0.47,0.72,10.53,3.34,23.54,81.5,0.12,103.38
Bilinga,4224,1764815400,2025-12-04 12:30:00,-28.14255,153.51403,0.46,0.75,10.53,3.17,23.67,85.11,0.08,104.26
Bilinga,4224,1764817200,2025-12-04 13:00:00,-28.14237,153.5139,0.49,0.88,10.0,3.19,23.63,87.57,0.13,95.47
Bilinga,4224,1764819000,2025-12-04 13:30:00,-28.14223,153.51371,0.48,0.87,9.09,3.26,23.76,96.62,0.09,87.56
Bilinga,4224,1764820800,2025-12-04 14:00:00,-28.14215,153.51365,0.51,0.82,9.52,3.15,23.76,81.41,0.09,86.59
Bilinga,4224,1764822600,2025-12-04 14:30:00,-28.14208,153.51365,0.5,0.75,9.52,3.12,23.85,88.09,0.1,84.84
Bilinga,4224,1764824400,2025-12-04 15:00:00,-28.14211,153.51367,0.54,0.91,10.0,3.18,23.9,81.77,0.09,70.86
Bilinga,4224,1764826200,2025-12-04 15:30:00,-28.14211,153.51371,0.53,0.83,8.7,3.13,23.95,93.63,0.11,62.42
Bilinga,4224,1764828000,2025-12-04 16:00:00,-28.14214,153.51373,0.56,0.94,9.52,3.31,23.99,90.29,0.1,83.96
Bilinga,4224,1764829800,2025-12-04 16:30:00,-28.14215,153.51377,0.59,1.11,9.52,3.31,23.99,88.89,0.11,84.75
Bilinga,4224,1764831600,2025-12-04 17:00:00,-28.14217,153.51377,0.55,0.94,9.09,3.3,23.99,93.81,0.14,85.8
Bilinga,4224,1764833400,2025-12-04 17:30:00,-28.14218,153.51377,0.58,0.89,8.33,3.26,23.9,94.95,0.11,76.48
Bilinga,4224,1764835200,2025-12-04 18:00:00,-28.14229,153.5138,0.56,0.92,9.09,3.26,23.9,88.62,0.14,86.33
Bilinga,4224,1764837000,2025-12-04 18:30:00,-28.1424,153.51369,0.55,0.88,9.52,3.3,23.76,86.25,0.08,91.43
Bilinga,4224,1764838800,2025-12-04 19:00:00,-28.14255,153.51352,0.56,1.12,2.99,3.26,23.67,59.0,0.04,118.77
Bilinga,4224,1764840600,2025-12-04 19:30:00,-28.14265,153.51347,0.56,0.92,9.09,3.33,23.67,83.44,0.1,139.52
Bilinga,4224,1764842400,2025-12-04 20:00:00,-28.14274,153.51347,0.56,0.93,8.33,3.33,23.67,97.33,0.12,106.29
Bilinga,4224,1764844200,2025-12-04 20:30:00,-28.14271,153.51356,0.57,0.94,8.0,3.3,23.63,97.77,0.09,96.53
Bilinga,4224,1764846000,2025-12-04 21:00:00,-28.14268,153.51365,0.57,0.83,9.52,3.26,23.63,85.46,0.11,49.49
Bilinga,4224,1764847800,2025-12-04 21:30:00,-28.14259,153.51375,0.56,0.91,3.23,3.25,23.67,67.17,0.08,44.31
Bilinga,4224,1764849600,2025-12-04 22:00:00,-28.14241,153.51382,0.57,1.02,7.41,3.27,23.81,99.35,0.09,50.81
Bilinga,4224,1764851400,2025-12-04 22:30:00,-28.14238,153.5138,0.57,0.89,8.33,3.26,23.85,94.16,0.06,44.13
Bilinga,4224,1764853200,2025-12-04 23:00:00,-28.14237,153.5138,0.56,0.9,10.0,3.27,23.85,88.09,0.08,19.25
Bilinga,4224,1764855000,2025-12-04 23:30:00,-28.1424,153.51382,0.55,0.94,10.0,3.28,23.85,88.45,0.06,50.55
Bilinga,4224,1764856800,2025-12-05 00:00:00,-28.14237,153.5138,0.55,0.77,10.0,3.52,23.81,85.46,0.07,31.91
Bilinga,4224,1764858600,2025-12-05 00:30:00,-28.14235,153.51377,0.54,0.85,9.09,3.57,23.81,94.69,0.06,30.59
Bilinga,4224,1764860400,2025-12-05 01:00:00,-28.14232,153.51377,0.51,0.79,10.0,3.74,23.76,84.75,0.06,342.24
Bilinga,4224,1764862200,2025-12-05 01:30:00,-28.14232,153.51377,0.52,0.98,9.52,3.94,23.76,88.8,0.05,344.44
Bilinga,4224,1764864000,2025-12-05 02:00:00,-28.14235,153.51373,0.51,0.74,8.7,3.96,23.76,95.92,0.06,15.38
Bilinga,4224,1764865800,2025-12-05 02:30:00,-28.14235,153.51375,0.53,0.78,9.52,4.12,23.81,88.71,0.04,341.63
Bilinga,4224,1764867600,2025-12-05 03:00:00,-28.14237,153.51377,0.5,0.85,10.0,4.11,23.76,86.6,0.02,327.03
Bilinga,4224,1764869400,2025-12-05 03:30:00,-28.14241,153.51382,0.5,0.77,9.09,4.17,23.76,91.0,0.06,330.55
Bilinga,4224,1764871200,2025-12-05 04:00:00,-28.14247,153.51382,0.53,0.81,10.0,4.3,23.76,93.19,0.01,60.31
Bilinga,4224,1764873000,2025-12-05 04:30:00,-28.14253,153.51382,0.53,0.9,9.09,4.28,23.76,94.42,0.03,30.86
Bilinga,4224,1764874800,2025-12-05 05:00:00,-28.14263,153.51377,0.52,0.84,9.52,4.15,23.76,88.09,0.02,43.87
Bilinga,4224,1764876600,2025-12-05 05:30:00,-28.1427,153.51375,0.51,0.76,9.52,4.34,23.72,87.22,0.04,201.49
Bilinga,4224,1764878400,2025-12-05 06:00:00,-28.14271,153.51371,0.51,0.86,9.09,4.29,23.72,97.06,0.01,54.51
Bilinga,4224,1764880200,2025-12-05 06:30:00,-28.14275,153.51367,0.5,0.79,9.09,4.25,23.72,103.48,0.02,62.07
Bilinga,4224,1764882000,2025-12-05 07:00:00,-28.14277,153.51371,0.51,0.83,10.0,4.11,23.67,100.58,0.04,132.22
Bilinga,4224,1764883800,2025-12-05 07:30:00,-28.14281,153.51371,0.5,0.86,9.52,3.93,23.67,105.85,0.02,93.1
Bilinga,4224,1764885600,2025-12-05 08:00:00,-28.14295,153.51365,0.48,0.75,9.52,3.86,23.76,106.56,0.1,100.48
Bilinga,4224,1764887400,2025-12-05 08:30:00,-28.14293,153.51371,0.5,1.04,9.09,3.77,23.76,107.0,0.07,118.59
Bilinga,4224,1764889200,2025-12-05 09:00:00,-28.14293,153.51373,0.5,1.03,9.52,3.44,23.76,96.8,0.1,112.97
Bilinga,4224,1764891000,2025-12-05 09:30:00,-28.14295,153.51375,0.52,0.81,8.7,3.23,23.76,101.19,0.11,111.21
Bilinga,4224,1764892800,2025-12-05 10:00:00,-28.14293,153.5138,0.55,0.95,9.52,3.3,23.76,98.64,0.16,123.08
Bilinga,4224,1764894600,2025-12-05 10:30:00,-28.14295,153.51377,0.52,0.83,9.09,3.07,23.81,105.77,0.15,134.24
Bilinga,4224,1764896400,2025-12-05 11:00:00,-28.14295,153.5138,0.55,1.06,9.52,3.13,23.9,95.83,0.13,110.77
Bilinga,4224,1764898200,2025-12-05 11:30:00,-28.14295,153.51382,0.55,1.0,9.52,3.07,23.9,100.49,0.16,120.09
Bilinga,4224,1764900000,2025-12-05 12:00:00,-28.14293,153.51384,0.59,0.93,3.17,3.01,23.9,40.89,0.17,120.35
Bilinga,4224,1764901800,2025-12-05 12:30:00,-28.14292,153.51386,0.64,1.13,4.08,3.09,23.9,70.6,0.14,107.69
Bilinga,4224,1764903600,2025-12-05 13:00:00,-28.14293,153.51386,0.65,1.12,3.57,3.1,23.85,57.24,0.17,110.24
Bilinga,4224,1764905400,2025-12-05 13:30:00,-28.14293,153.51386,0.69,1.14,3.64,3.1,23.85,48.27,0.18,119.82
Bilinga,4224,1764907200,2025-12-05 14:00:00,-28.14292,153.51386,0.72,1.54,3.45,3.17,23.81,30.51,0.22,116.84
Bilinga,4224,1764909000,2025-12-05 14:30:00,-28.1429,153.51386,0.78,1.26,3.57,3.2,23.76,35.52,0.21,124.84
Bilinga,4224,1764910800,2025-12-05 15:00:00,-28.14289,153.51393,0.79,1.22,4.08,3.23,23.72,70.51,0.18,115.16
Bilinga,4224,1764912600,2025-12-05 15:30:00,-28.14287,153.51395,0.81,1.34,3.7,3.25,23.76,27.52,0.21,110.95
Bilinga,4224,1764914400,2025-12-05 16:00:00,-28.14287,153.51395,0.86,1.33,4.08,3.32,23.72,34.2,0.19,122.02
Bilinga,4224,1764916200,2025-12-05 16:30:00,-28.14287,153.51393,0.83,1.42,3.92,3.34,23.63,27.44,0.19,122.9
Bilinga,4224,1764918000,2025-12-05 17:00:00,-28.14285,153.51397,0.91,1.69,3.77,3.36,23.63,25.24,0.21,109.27
Bilinga,4224,1764919800,2025-12-05 17:30:00,-28.14285,153.51395,0.86,1.45,4.17,3.28,23.58,25.24,0.21,120.53
Bilinga,4224,1764921600,2025-12-05 18:00:00,-28.14285,153.51399,0.83,1.62,3.92,3.31,23.58,31.57,0.23,111.56
Bilinga,4224,1764923400,2025-12-05 18:30:00,-28.14287,153.51397,0.85,1.49,4.0,3.34,23.63,23.04,0.25,120.79
Bilinga,4224,1764925200,2025-12-05 19:00:00,-28.14287,153.51397,0.79,1.32,4.0,3.28,23.67,39.83,0.23,114.73
Bilinga,4224,1764927000,2025-12-05 19:30:00,-28.14285,153.51397,0.77,1.33,3.7,3.28,23.67,22.07,0.24,114.99
Bilinga,4224,1764928800,2025-12-05 20:00:00,-28.14287,153.51397,0.7,1.11,3.77,3.24,23.54,34.91,0.22,112.18
Bilinga,4224,1764930600,2025-12-05 20:30:00,-28.14287,153.51397,0.69,1.09,3.92,3.41,23.58,46.95,0.18,109.45
Bilinga,4224,1764932400,2025-12-05 21:00:00,-28.14283,153.51399,0.69,1.13,3.85,3.46,23.67,48.8,0.2,110.95
Bilinga,4224,1764934200,2025-12-05 21:30:00,-28.14285,153.51399,0.64,1.09,3.85,3.53,23.67,48.01,0.19,98.64
Bilinga,4224,1764936000,2025-12-05 22:00:00,-28.14283,153.51401,0.61,1.05,3.92,3.51,23.76,55.13,0.2,101.8
Bilinga,4224,1764937800,2025-12-05 22:30:00,-28.14283,153.51401,0.64,1.02,4.26,3.54,23.76,68.93,0.18,101.19
Bilinga,4224,1764939600,2025-12-05 23:00:00,-28.14281,153.51399,0.66,1.15,9.52,3.7,23.72,99.17,0.17,93.89
Bilinga,4224,1764941400,2025-12-05 23:30:00,-28.14278,153.51399,0.65,1.26,4.08,3.69,23.67,60.49,0.15,59.43
Bilinga,4224,1764943200,2025-12-06 00:00:00,-28.14281,153.51397,0.63,0.96,9.52,3.88,23.9,97.15,0.14,60.4
Bilinga,4224,1764945000,2025-12-06 00:30:00,-28.14285,153.51397,0.62,1.06,9.52,3.88,24.08,103.92,0.11,75.25
Bilinga,4224,1764946800,2025-12-06 01:00:00,-28.14285,153.51397,0.63,1.03,3.92,3.82,24.04,56.27,0.07,71.47
Bilinga,4224,1764948600,2025-12-06 01:30:00,-28.14285,153.51397,0.65,1.05,9.52,3.98,23.99,97.15,0.06,25.93
Bilinga,4224,1764950400,2025-12-06 02:00:00,-28.14285,153.51397,0.67,1.04,8.7,4.07,24.04,98.82,0.04,45.54
Bilinga,4224,1764952200,2025-12-06 02:30:00,-28.14285,153.51395,0.69,1.13,8.7,4.16,23.99,101.19,0.03,53.71
Bilinga,4224,1764954000,2025-12-06 03:00:00,-28.14285,153.51397,0.66,1.25,9.09,4.3,23.9,98.47,0.09,63.38
Bilinga,4224,1764955800,2025-12-06 03:30:00,-28.14287,153.51395,0.7,1.16,9.52,4.35,23.81,95.92,0.09,94.33
Bilinga,4224,1764957600,2025-12-06 04:00:00,-28.14287,153.51393,0.7,1.23,9.09,4.46,23.67,96.09,0.1,106.2
Bilinga,4224,1764959400,2025-12-06 04:30:00,-28.14287,153.51393,0.66,1.18,9.09,4.15,23.4,100.05,0.07,107.6
Bilinga,4224,1764961200,2025-12-06 05:00:00,-28.14289,153.51393,0.66,0.97,8.7,4.1,23.49,95.66,0.15,90.29
Bilinga,4224,1764963000,2025-12-06 05:30:00,-28.14287,153.51393,0.69,1.12,8.7,4.2,23.44,98.73,0.13,82.37
Bilinga,4224,1764964800,2025-12-06 06:00:00,-28.14289,153.5139,0.72,1.21,4.44,4.13,23.44,65.94,0.12,93.27
Bilinga,4224,1764966600,2025-12-06 06:30:00,-28.14287,153.51393,0.74,1.48,4.26,3.99,23.54,59.44,0.09,90.9
Bilinga,4224,1764968400,2025-12-06 07:00:00,-28.14289,153.51393,0.72,1.06,9.52,3.87,23.67,96.8,0.16,111.65
Bilinga,4224,1764970200,2025-12-06 07:30:00,-28.14287,153.51393,0.66,1.15,9.52,3.67,23.67,112.01,0.16,98.64
Bilinga,4224,1764972000,2025-12-06 08:00:00,-28.14289,153.51393,0.64,1.15,10.53,3.63,23.31,95.39,0.22,120.0
Bilinga,4224,1764973800,2025-12-06 08:30:00,-28.1429,153.5139,0.63,0.96,10.0,3.58,23.35,95.57,0.18,120.53
Bilinga,4224,1764975600,2025-12-06 09:00:00,-28.14289,153.51393,0.63,1.27,10.0,3.52,23.31,99.17,0.27,122.9
Bilinga,4224,1764977400,2025-12-06 09:30:00,-28.14292,153.51393,0.64,1.09,10.53,3.38,23.31,99.35,0.3,123.69
Bilinga,4224,1764979200,2025-12-06 10:00:00,-28.1429,153.51393,0.61,1.05,10.53,3.43,23.31,86.34,0.28,116.92
Bilinga,4224,1764981000,2025-12-06 10:30:00,-28.1429,153.51395,0.61,1.06,10.53,3.3,23.4,77.46,0.24,120.53
Bilinga,4224,1764982800,2025-12-06 11:00:00,-28.14292,153.51393,0.61,0.99,10.53,3.28,23.31,75.52,0.25,122.29
Bilinga,4224,1764984600,2025-12-06 11:30:00,-28.14293,153.51393,0.62,1.05,10.53,3.23,23.26,82.03,0.22,125.63
Bilinga,4224,1764986400,2025-12-06 12:00:00,-28.14292,153.51393,0.66,1.01,9.52,3.17,23.26,81.41,0.28,128.35
Bilinga,4224,1764988200,2025-12-06 12:30:00,-28.14295,153.51393,0.66,1.09,3.03,3.2,23.17,32.62,0.31,133.45
Bilinga,4224,1764990000,2025-12-06 13:00:00,-28.14295,153.5139,0.71,1.37,10.0,3.31,23.13,85.28,0.25,129.23
Bilinga,4224,1764991800,2025-12-06 13:30:00,-28.14295,153.5139,0.77,1.2,10.0,3.22,23.13,79.13,0.29,144.18
Bilinga,4224,1764993600,2025-12-06 14:00:00,-28.14293,153.5139,0.79,1.31,3.57,3.28,23.13,37.02,0.29,135.82
Bilinga,4224,1764995400,2025-12-06 14:30:00,-28.14293,153.51393,0.88,1.38,10.0,3.38,23.13,89.5,0.29,131.78
Bilinga,4224,1764997200,2025-12-06 15:00:00,-28.1429,153.51395,0.88,1.55,4.26,3.4,23.17,55.83,0.27,136.35
Bilinga,4224,1764999000,2025-12-06 15:30:00,-28.14292,153.51395,0.9,1.48,4.0,3.43,23.13,42.29,0.29,135.56
Bilinga,4224,1765000800,2025-12-06 16:00:00,-28.14292,153.51395,0.93,1.59,3.85,3.51,23.13,40.36,0.23,121.76
Bilinga,4224,1765002600,2025-12-06 16:30:00,-28.14292,153.51393,0.96,1.67,4.0,3.52,23.17,35.0,0.21,125.27
Bilinga,4224,1765004400,2025-12-06 17:00:00,-28.14292,153.51393,0.94,1.5,4.08,3.51,23.13,41.94,0.24,123.96
Bilinga,4224,1765006200,2025-12-06 17:30:00,-28.14292,153.51395,0.93,1.51,3.92,3.55,23.13,34.29,0.2,117.89
Bilinga,4224,1765008000,2025-12-06 18:00:00,-28.14293,153.51393,0.92,1.55,4.26,3.59,23.08,58.64,0.19,129.76
Bilinga,4224,1765009800,2025-12-06 18:30:00,-28.14293,153.51393,0.91,1.61,4.0,3.59,23.08,46.42,0.15,119.12
Bilinga,4224,1765011600,2025-12-06 19:00:00,-28.14292,153.51393,0.89,1.65,4.65,3.68,23.04,64.97,0.19,117.71
Bilinga,4224,1765013400,2025-12-06 19:30:00,-28.14292,153.5139,0.88,1.55,4.0,3.68,23.4,49.33,0.14,101.45
Bilinga,4224,1765015200,2025-12-06 20:00:00,-28.1429,153.51393,0.92,1.59,4.65,3.8,23.9,65.06,0.09,96.88
Bilinga,4224,1765017000,2025-12-06 20:30:00,-28.14287,153.51395,0.87,1.53,4.26,3.8,24.13,54.78,0.06,101.01
Bilinga,4224,1765018800,2025-12-06 21:00:00,-28.14287,153.51395,0.86,1.48,4.44,3.83,24.04,64.09,0.1,96.09
Bilinga,4224,1765020600,2025-12-06 21:30:00,-28.1428,153.51401,0.92,1.59,4.65,3.9,23.81,64.97,0.1,59.16
Bilinga,4224,1765022400,2025-12-06 22:00:00,-28.14268,153.51407,0.86,1.28,4.44,3.95,23.81,57.33,0.14,95.74
Bilinga,4224,1765024200,2025-12-06 22:30:00,-28.14268,153.51407,0.91,1.53,5.0,3.96,23.76,62.51,0.11,39.12
Bilinga,4224,1765026000,2025-12-06 23:00:00,-28.14275,153.51405,0.87,1.49,5.0,4.0,23.72,66.03,0.08,2.81
Bilinga,4224,1765027800,2025-12-06 23:30:00,-28.14275,153.51399,0.92,1.85,6.06,4.18,23.63,72.01,0.07,76.22
Bilinga,4224,1765029600,2025-12-07 00:00:00,-28.14283,153.51393,0.87,1.5,5.88,4.13,23.49,70.07,0.05,78.95
Bilinga,4224,1765031400,2025-12-07 00:30:00,-28.14289,153.51393,0.89,1.38,5.56,4.15,23.49,73.15,0.08,73.85
Bilinga,4224,1765033200,2025-12-07 01:00:00,-28.14289,153.5139,0.92,1.64,5.56,4.18,23.4,70.16,0.03,65.58
Bilinga,4224,1765035000,2025-12-07 01:30:00,-28.1429,153.51388,0.9,1.73,5.26,4.18,23.31,70.69,0.04,97.58
Bilinga,4224,1765036800,2025-12-07 02:00:00,-28.1429,153.51388,0.88,1.4,6.45,4.14,23.26,70.25,0.07,82.02
Bilinga,4224,1765038600,2025-12-07 02:30:00,-28.1429,153.51386,0.87,1.42,5.56,4.13,23.22,72.89,0.03,127.12
Bilinga,4224,1765040400,2025-12-07 03:00:00,-28.14293,153.51384,0.98,1.65,5.88,4.22,23.22,71.04,0.1,46.24
Bilinga,4224,1765042200,2025-12-07 03:30:00,-28.14293,153.51384,0.93,1.54,6.06,4.07,23.22,80.89,0.06,91.78
Bilinga,4224,1765044000,2025-12-07 04:00:00,-28.14293,153.51386,0.9,1.4,5.88,4.02,23.17,73.24,0.04,115.78
Bilinga,4224,1765045800,2025-12-07 04:30:00,-28.14293,153.51384,0.9,1.4,6.06,4.05,23.13,74.38,0.06,89.41
Bilinga,4224,1765047600,2025-12-07 05:00:00,-28.14293,153.51382,0.88,1.65,6.25,4.05,23.17,72.8,0.12,94.68
Bilinga,4224,1765049400,2025-12-07 05:30:00,-28.14293,153.51386,0.81,1.32,6.25,3.85,23.17,75.61,0.06,113.67
Bilinga,4224,1765051200,2025-12-07 06:00:00,-28.14293,153.51386,0.82,1.38,6.06,3.89,23.17,74.64,0.14,101.1
Bilinga,4224,1765053000,2025-12-07 06:30:00,-28.14292,153.51386,0.85,1.47,5.88,3.79,23.13,71.39,0.15,132.13
Bilinga,4224,1765054800,2025-12-07 07:00:00,-28.14293,153.51388,0.78,1.21,6.45,3.73,23.13,74.03,0.17,99.16
Bilinga,4224,1765056600,2025-12-07 07:30:00,-28.14293,153.51388,0.84,1.25,6.25,3.81,23.13,73.59,0.16,117.27
Bilinga,4224,1765058400,2025-12-07 08:00:00,-28.1429,153.51388,0.8,1.19,5.41,3.81,23.08,72.01,0.12,111.12
Bilinga,4224,1765060200,2025-12-07 08:30:00,-28.1429,153.51393,0.81,1.32,5.41,3.9,23.04,73.59,0.16,104.88
Bilinga,4224,1765062000,2025-12-07 09:00:00,-28.1429,153.51393,0.8,1.38,6.45,4.06,22.9,77.81,0.12,105.93
Bilinga,4224,1760450400,,-28.14275,153.5136,0.91,1.42,9.09,4.85,20.85,77.28,0.06,88.97
Bilinga,4224,1760452200,,-28.14274,153.51362,0.85,1.57,12.5,4.71,20.81,89.59,0.05,59.25
Bilinga,4224,1760454000,,-28.14274,153.51362,0.84,1.42,9.52,4.71,20.77,73.42,0.09,85.98
Bilinga,4224,1760455800,,-28.14274,153.51362,0.89,1.33,10.0,4.77,20.77,84.58,0.09,110.15
Bilinga,4224,1760457600,,-28.14274,153.51362,0.89,1.52,8.7,4.87,20.72,74.29,0.07,87.65
Bilinga,4224,1760459400,,-28.14274,153.51362,0.84,1.48,4.88,4.8,20.72,69.99,0.07,108.75
Bilinga,4224,1760461200,,-28.14274,153.51362,0.94,1.44,10.53,5.21,20.85,90.56,0.1,98.73
Bilinga,4224,1760463000,,-28.14274,153.51362,0.91,1.59,9.09,5.06,20.9,76.32,0.1,124.57
Bilinga,4224,1760464800,,-28.14271,153.51362,0.87,1.29,11.11,4.94,20.99,88.36,0.07,111.74
Bilinga,4224,1760466600,,-28.14268,153.51365,0.91,1.77,9.09,5.13,20.99,73.42,0.06,114.29
Bilinga,4224,1760468400,,-28.14268,153.51367,0.86,1.66,9.09,5.04,20.99,77.2,0.09,101.8
Bilinga,4224,1760470200,,-28.14266,153.51367,0.9,1.38,10.0,5.26,20.94,88.27,0.06,117.1
Bilinga,4224,1760472000,,-28.14266,153.51375,0.89,1.31,10.0,5.14,20.9,86.6,0.04,63.38
Bilinga,4224,1760473800,,-28.14265,153.51371,0.89,1.34,8.7,5.32,20.9,72.1,0.05,326.68
Bilinga,4224,1760475600,,-28.14266,153.51371,0.87,1.87,12.5,5.25,20.9,85.9,0.02,66.02
Bilinga,4224,1760477400,,-28.14268,153.51371,0.85,1.53,9.52,5.11,20.9,80.8,0.04,108.04
Bilinga,4224,1760479200,,-28.14266,153.51371,0.9,1.38,9.09,5.27,21.08,72.71,0.05,172.92
Bilinga,4224,1760481000,,-28.14266,153.51369,0.86,1.28,9.09,5.21,20.99,71.22,0.03,154.2
Bilinga,4224,1760482800,,-28.14271,153.51367,0.83,1.56,8.0,5.1,21.08,74.29,0.04,173.71
Bilinga,4224,1760484600,,-28.14271,153.51367,0.84,1.21,8.7,4.91,21.16,75.35,0.02,87.74
Bilinga,4224,1760486400,,-28.14274,153.51362,0.82,1.52,9.09,4.71,21.52,75.09,0.04,131.52
Bilinga,4224,1760488200,,-28.14275,153.51356,0.82,1.23,9.09,4.43,21.47,73.42,0.03,137.41
Bilinga,4224,1760490000,,-28.14278,153.51356,0.82,1.54,8.7,4.32,21.38,71.83,0.06,116.13
Bilinga,4224,1760491800,,-28.14278,153.51354,0.81,1.24,11.76,4.08,21.34,89.5,0.06,115.96
Bilinga,4224,1760493600,,-28.14281,153.51347,0.85,1.46,9.52,4.03,21.34,81.77,0.07,200.62
Bilinga,4224,1760495400,,-28.14281,153.51345,0.87,1.49,9.52,4.07,21.38,80.62,0.11,172.57
Bilinga,4224,1760497200,,-28.14281,153.51347,0.85,1.42,8.0,3.96,21.21,79.13,0.11,162.29
Bilinga,4224,1760499000,,-28.14281,153.5135,0.83,1.53,8.0,3.81,21.3,78.87,0.15,161.41
Bilinga,4224,1760500800,,-28.14281,153.51354,0.81,1.34,8.33,3.83,21.34,69.72,0.14,161.23
Bilinga,4224,1760502600,,-28.1428,153.5136,0.8,1.29,8.7,3.88,21.16,75.79,0.12,135.91
Bilinga,4224,1760504400,,-28.14278,153.51362,0.81,1.38,8.0,3.81,21.12,81.59,0.13,151.65
Bilinga,4224,1760506200,,-28.14277,153.51365,0.81,1.43,9.52,3.85,21.08,86.43,0.15,131.6
Bilinga,4224,1760508000,,-28.14277,153.51365,0.86,1.55,9.52,3.96,21.03,85.2,0.13,118.15
Bilinga,4224,1760509800,,-28.14277,153.51369,0.81,1.24,10.0,3.86,21.03,87.04,0.13,106.9
Bilinga,4224,1760511600,,-28.14274,153.51369,0.79,1.38,9.52,3.9,20.99,79.75,0.13,112.09
Bilinga,4224,1760513400,,-28.1427,153.51371,0.82,1.47,9.09,3.87,20.99,76.93,0.13,96.97
Bilinga,4224,1760515200,,-28.1427,153.51371,0.83,1.45,9.52,3.92,21.03,79.31,0.13,105.76
Bilinga,4224,1760517000,,-28.1427,153.51367,0.84,1.32,4.65,3.93,20.99,86.6,0.1,107.6
Bilinga,4224,1760518800,,-28.1426,153.51375,0.85,1.9,4.17,3.96,21.16,81.77,0.1,106.9
Bilinga,4224,1760520600,,-28.14259,153.51377,0.85,1.45,9.52,4.03,21.21,72.98,0.05,122.55
Bilinga,4224,1760522400,,-28.14265,153.51369,0.85,1.44,9.09,4.08,21.21,75.0,0.04,103.3
Bilinga,4224,1760524200,,-28.14265,153.51371,0.86,1.4,9.52,4.16,21.21,76.84,0.03,114.81
Bilinga,4224,1760526000,,-28.14263,153.51371,0.93,1.56,9.52,4.25,21.21,75.79,0.05,103.74
Bilinga,4224,1760527800,,-28.14265,153.51371,0.92,1.58,5.0,4.23,21.16,78.34,0.05,78.59
Bilinga,4224,1760529600,,-28.14265,153.51371,0.99,1.75,4.65,4.3,21.12,77.28,0.05,123.96
Bilinga,4224,1760531400,,-28.14266,153.51371,0.9,1.58,5.0,4.12,21.12,81.42,0.05,120.97
Bilinga,4224,1760533200,,-28.14268,153.51365,0.89,1.51,5.0,4.24,21.12,69.2,0.05,89.85
Bilinga,4224,1760535000,,-28.1427,153.5136,0.87,1.37,4.76,4.2,21.12,72.27,0.05,51.87
Bilinga,4224,1760536800,,-28.1427,153.51356,0.85,1.52,4.76,4.14,21.12,73.77,0.05,94.59
Bilinga,4224,1760538600,,-28.1427,153.51354,0.79,1.23,4.55,4.05,21.08,76.32,0.01,241.49
Bilinga,4224,1760540400,,-28.1427,153.51352,0.78,1.55,9.52,4.07,21.08,71.66,0.07,153.32
Bilinga,4224,1760542200,,-28.14271,153.51345,0.82,1.64,4.65,4.19,21.03,75.26,0.02,141.36
Bilinga,4224,1760544000,,-28.1427,153.51341,0.85,1.26,4.44,4.19,21.03,67.35,0.01,35.25
Bilinga,4224,1760545800,,-28.14271,153.51337,0.79,1.23,4.65,4.0,21.03,63.83,0.03,162.73
Bilinga,4224,1760547600,,-28.14271,153.51334,0.82,1.37,5.0,4.1,21.03,66.38,0.02,245.36
Bilinga,4224,1760549400,,-28.1427,153.51328,0.82,1.15,4.65,4.13,20.99,67.7,0.02,168.97
Bilinga,4224,1760551200,,-28.1427,153.51326,0.79,1.36,5.0,4.15,20.99,65.5,0.01,124.48
Bilinga,4224,1760553000,,-28.1427,153.51326,0.81,1.61,4.76,4.2,20.99,65.06,0.04,151.03
Bilinga,4224,1760554800,,-28.14268,153.51324,0.81,1.31,5.0,4.18,20.94,65.33,0.0,19.96
Bilinga,4224,1760556600,,-28.14268,153.51326,0.81,1.47,4.76,4.25,20.9,61.64,0.04,305.23
Bilinga,4224,1760558400,,-28.14271,153.51326,0.8,1.58,4.76,4.23,20.9,69.72,0.04,7.82
Bilinga,4224,1760560200,,-28.1427,153.51326,0.79,1.49,5.0,4.23,20.94,73.42,0.01,134.07
Bilinga,4224,1760562000,,-28.14271,153.51328,0.75,1.27,4.88,4.12,20.94,67.79,0.01,216.26
Bilinga,4224,1760563800,,-28.14271,153.51328,0.82,1.36,4.76,4.3,20.99,74.82,0.03,96.88
Bilinga,4224,1760565600,,-28.14274,153.51326,0.81,1.21,5.88,4.25,20.99,68.05,0.03,165.1
Bilinga,4224,1760567400,,-28.14274,153.51326,0.8,1.29,5.26,4.28,21.03,74.03,0.03,73.67
Bilinga,4224,1760569200,,-28.14275,153.51326,0.8,1.52,5.41,4.35,21.12,71.31,0.07,141.27
Bilinga,4224,1760571000,,-28.14275,153.51328,0.81,1.33,5.13,4.42,21.25,79.48,0.06,161.58
Bilinga,4224,1760572800,,-28.14275,153.5133,0.83,1.33,5.71,4.41,21.38,69.2,0.05,98.81
Bilinga,4224,1760574600,,-28.14277,153.51332,0.87,1.49,5.56,4.52,21.56,70.69,0.06,97.41
Bilinga,4224,1760576400,,-28.14277,153.51334,0.83,1.29,5.26,4.46,21.52,73.15,0.08,97.85
Bilinga,4224,1760578200,,-28.14277,153.51337,0.9,1.43,5.41,4.52,21.83,76.76,0.05,117.54
Bilinga,4224,1760580000,,-28.14278,153.51334,0.84,1.28,5.26,4.48,21.87,81.06,0.06,117.54
Bilinga,4224,1760581800,,-28.14278,153.51339,0.85,1.34,5.41,4.49,21.96,76.93,0.08,135.65
Bilinga,4224,1760583600,,-28.14278,153.51339,0.86,1.17,5.71,4.54,22.01,68.84,0.07,88.88
Bilinga,4224,1760585400,,-28.1428,153.51341,0.79,1.37,6.25,4.45,22.01,61.46,0.11,105.67
Bilinga,4224,1760587200,,-28.1428,153.51339,0.8,1.51,5.71,4.29,21.96,76.67,0.08,134.86
Bilinga,4224,1760589000,,-28.14281,153.51339,0.8,1.47,5.41,4.26,21.92,73.86,0.12,141.8
Bilinga,4224,1760590800,,-28.14281,153.51343,0.83,1.41,5.26,4.28,21.78,77.46,0.12,112.26
Bilinga,4224,1760592600,,-28.14278,153.51345,0.82,1.49,5.71,4.17,21.92,69.64,0.12,112.26
Bilinga,4224,1760594400,,-28.1428,153.5135,0.83,1.33,5.71,4.2,21.83,75.0,0.11,107.08
Bilinga,4224,1760596200,,-28.14278,153.51354,0.8,1.33,5.0,4.12,21.78,74.21,0.12,100.57
Bilinga,4224,1760598000,,-28.14277,153.51356,0.79,1.3,5.41,4.15,21.74,75.17,0.07,113.23
Bilinga,4224,1760599800,,-28.14275,153.51358,0.8,1.46,5.56,4.06,21.69,67.96,0.08,87.03
Bilinga,4224,1760601600,,-28.14275,153.51358,0.79,1.24,5.71,4.07,21.69,72.1,0.08,97.14
Bilinga,4224,1760603400,,-28.14274,153.5136,0.8,1.3,5.71,4.18,21.69,68.4,0.08,104.18
Bilinga,4224,1760605200,,-28.14275,153.5136,0.79,1.34,5.56,4.2,21.61,69.2,0.09,99.96
Bilinga,4224,1760607000,,-28.14275,153.51362,0.81,1.46,5.71,4.23,21.61,69.9,0.09,94.59
Bilinga,4224,1760608800,,-28.14275,153.51362,0.84,1.32,5.56,4.27,21.61,71.39,0.08,124.04
Bilinga,4224,1760610600,,-28.14274,153.51362,0.83,1.54,5.41,4.31,21.61,70.87,0.11,88.26
Bilinga,4224,1760612400,,-28.14275,153.5136,0.83,1.34,6.25,4.39,21.61,59.7,0.1,81.58
Bilinga,4224,1760614200,,-28.14275,153.5136,0.75,1.22,5.88,4.13,21.56,67.61,0.05,83.87
Bilinga,4224,1760616000,,-28.14275,153.51362,0.77,1.27,6.06,4.16,21.56,69.37,0.08,88.0
Bilinga,4224,1760617800,,-28.14277,153.51362,0.75,1.51,6.25,4.16,21.56,62.07,0.07,80.0
Bilinga,4224,1760619600,,-28.14275,153.51362,0.75,1.24,6.06,4.27,21.47,62.43,0.08,51.78
Bilinga,4224,1760621400,,-28.14275,153.51365,0.76,1.21,6.45,4.47,21.47,57.33,0.09,84.66
Bilinga,4224,1760623200,,-28.14274,153.51362,0.77,1.37,5.88,4.64,21.43,61.64,0.07,49.41
Bilinga,4224,1760625000,,-28.14271,153.51367,0.82,1.57,6.06,4.88,21.38,59.26,0.06,92.66
Bilinga,4224,1760626800,,-28.1427,153.51362,0.76,1.31,6.06,4.89,21.61,66.73,0.05,343.82
Bilinga,4224,1760628600,,-28.14271,153.51362,0.81,1.17,6.06,4.95,21.65,60.14,0.07,349.71
Bilinga,4224,1760630400,,-28.1427,153.51362,0.8,1.38,5.71,5.03,21.65,67.61,0.04,12.57
Bilinga,4224,1760632200,,-28.14271,153.5136,0.8,1.36,6.25,4.94,21.61,63.75,0.04,58.2
Bilinga,4224,1760634000,,-28.14274,153.51358,0.81,1.53,6.45,4.95,21.61,62.87,0.03,293.89
Bilinga,4224,1760635800,,-28.14271,153.51362,0.84,1.56,6.06,4.99,21.52,62.07,0.08,307.96
Bilinga,4224,1760637600,,-28.14271,153.51358,0.9,1.58,6.25,5.17,21.52,67.7,0.12,344.35
Bilinga,4224,1760639400,,-28.14271,153.51362,0.88,1.56,6.45,5.18,21.47,59.88,0.13,312.88
Bilinga,4224,1760641200,,-28.14271,153.5136,0.89,1.43,6.45,5.22,21.47,57.68,0.06,345.41
Bilinga,4224,1760643000,,-28.14271,153.51362,0.87,1.41,6.67,5.23,21.47,62.51,0.11,335.38
Bilinga,4224,1760644800,,-28.14271,153.51362,0.83,1.41,6.25,5.21,21.47,61.28,0.05,332.04
Bilinga,4224,1760646600,,-28.14271,153.51362,0.88,1.42,6.9,5.22,21.47,62.95,0.05,304.79
Bilinga,4224,1760648400,,-28.14274,153.51362,0.85,1.33,6.06,5.27,21.47,58.47,0.06,318.24
Bilinga,4224,1760650200,,-28.14274,153.51365,0.92,1.62,6.45,5.05,21.47,64.01,0.02,325.63
Bilinga,4224,1760652000,,-28.14275,153.51365,0.86,1.36,6.67,4.71,21.47,67.7,0.03,354.11
Bilinga,4224,1760653800,,-28.14275,153.51362,0.84,1.38,6.67,4.72,21.56,66.56,0.07,119.21
Bilinga,4224,1760655600,,-28.14277,153.51362,0.84,1.48,6.45,4.46,21.61,76.4,0.02,138.37
Bilinga,4224,1760657400,,-28.14278,153.51358,0.84,1.33,6.25,4.35,21.61,69.28,0.05,117.71
Bilinga,4224,1760659200,,-28.14278,153.5136,0.86,1.31,6.9,4.15,21.65,67.26,0.1,117.71
Bilinga,4224,1760661000,,-28.1428,153.51356,0.84,1.25,6.67,4.04,21.69,62.87,0.07,127.38
Bilinga,4224,1760662800,,-28.1428,153.51356,0.91,1.67,6.45,4.03,21.61,69.28,0.13,136.0
Bilinga,4224,1760664600,,-28.14281,153.51356,0.85,1.32,6.45,3.74,21.56,65.85,0.16,142.77
Bilinga,4224,1760666400,,-28.14283,153.51354,0.93,1.48,6.67,3.91,21.52,66.73,0.17,143.65
Bilinga,4224,1760668200,,-28.14283,153.51356,0.92,1.6,6.45,3.82,21.56,66.47,0.17,145.14
Bilinga,4224,1760670000,,-28.1428,153.5136,0.86,1.45,6.67,3.61,21.52,67.79,0.14,134.86
Bilinga,4224,1760671800,,-28.1428,153.5136,0.93,1.45,5.88,3.69,21.47,73.33,0.19,132.22
Bilinga,4224,1760673600,,-28.1428,153.51362,0.97,2.05,6.67,3.84,21.47,62.78,0.18,136.35
Bilinga,4224,1760675400,,-28.1428,153.51365,1.01,1.96,6.45,3.8,21.47,66.21,0.11,127.21
Bilinga,4224,1760677200,,-28.14278,153.51367,1.03,1.55,6.25,3.75,21.47,66.91,0.15,115.96
Bilinga,4224,1760679000,,-28.14278,153.51369,1.11,2.12,6.25,3.91,21.56,65.33,0.21,131.34
Bilinga,4224,1760680800,,-28.14277,153.51371,1.11,1.8,6.45,3.86,21.56,63.75,0.2,132.4
Bilinga,4224,1760682600,,-28.14275,153.51371,1.13,1.83,6.45,3.83,21.47,75.44,0.17,126.07
Bilinga,4224,1760684400,,-28.14275,153.51373,1.21,1.99,6.9,3.88,21.43,67.7,0.18,129.05
Bilinga,4224,1760686200,,-28.14274,153.51373,1.12,1.74,6.9,3.85,21.38,63.13,0.22,125.63
Bilinga,4224,1760688000,,-28.14274,153.51373,1.09,1.94,6.25,3.93,21.34,79.04,0.21,117.1
Bilinga,4224,1760689800,,-28.1427,153.51377,1.04,1.8,6.9,3.88,21.34,68.84,0.22,116.22
Bilinga,4224,1760691600,,-28.14274,153.51375,1.02,1.57,7.41,3.97,21.38,62.07,0.21,111.65
Bilinga,4224,1760693400,,-28.14271,153.51377,1.01,1.66,6.45,3.96,21.38,63.48,0.22,116.75
Bilinga,4224,1760695200,,-28.1427,153.51377,0.97,1.66,7.41,4.11,21.43,61.11,0.18,101.63
Bilinga,4224,1760697000,,-28.14268,153.5138,0.99,1.65,6.9,4.1,21.47,72.54,0.12,92.4
Bilinga,4224,1760698800,,-28.1427,153.5138,0.96,1.53,6.45,4.3,21.47,74.03,0.13,109.71
Bilinga,4224,1760700600,,-28.14268,153.5138,0.93,1.62,7.14,4.19,21.52,64.36,0.16,99.96
Bilinga,4224,1760702400,,-28.14268,153.51382,0.94,1.48,7.69,4.15,21.56,65.24,0.16,85.8
Bilinga,4224,1760704200,,-28.14268,153.5138,0.88,1.5,6.67,4.07,21.61,69.2,0.13,96.26
Bilinga,4224,1760706000,,-28.14268,153.51382,0.91,1.55,7.14,4.1,21.56,65.42,0.2,102.77
Bilinga,4224,1760707800,,-28.1427,153.5138,0.88,1.83,7.41,4.23,21.34,73.5,0.1,71.56
Bilinga,4224,1760709600,,-28.14274,153.51377,0.86,1.34,7.14,4.18,21.38,67.09,0.12,109.1
Bilinga,4224,1760711400,,-28.14271,153.51377,0.84,1.4,7.69,4.32,21.38,67.53,0.12,85.45
Bilinga,4224,1760713200,,-28.1427,153.51377,0.86,1.33,7.14,4.33,21.38,57.15,0.08,55.82
Bilinga,4224,1760715000,,-28.14268,153.51377,0.84,1.42,6.9,4.32,21.47,63.48,0.12,75.87
Bilinga,4224,1760716800,,-28.1427,153.51375,0.84,1.21,7.41,4.41,21.43,57.42,0.08,41.41
Bilinga,4224,1760718600,,-28.1427,153.51375,0.83,1.27,6.9,4.42,21.38,63.04,0.08,11.25
Bilinga,4224,1760720400,,-28.1427,153.51373,0.87,1.51,6.9,4.49,21.38,64.8,0.08,49.49
Bilinga,4224,1760722200,,-28.1427,153.51373,0.81,1.31,6.9,4.36,21.47,60.93,0.12,29.27
Bilinga,4224,1760724000,,-28.14274,153.51369,0.85,1.52,6.9,4.36,21.52,62.78,0.06,50.2
Bilinga,4224,1760725800,,-28.14274,153.51367,0.85,1.54,6.9,4.44,21.47,61.81,0.09,104.53
Bilinga,4224,1760727600,,-28.14271,153.51371,0.86,1.49,7.14,4.44,21.21,62.07,0.09,89.93
Bilinga,4224,1760729400,,-28.14274,153.51371,0.88,1.83,6.9,4.51,21.25,71.66,0.07,112.44
Bilinga,4224,1760731200,,-28.14274,153.51371,0.85,1.43,6.9,4.35,21.21,65.06,0.12,123.34
Bilinga,4224,1760733000,,-28.14274,153.51371,0.83,1.38,7.14,4.18,21.21,68.67,0.14,116.75
Bilinga,4224,1760734800,,-28.14274,153.51373,0.87,1.35,7.69,4.12,21.12,67.53,0.12,103.03
Bilinga,4224,1760736600,,-28.14274,153.51373,0.87,1.38,7.41,4.21,21.16,69.64,0.11,111.03
Bilinga,4224,1760738400,,-28.1427,153.51375,0.82,1.41,7.14,4.02,21.12,72.36,0.14,100.66
Bilinga,4224,1760740200,,-28.14271,153.51371,0.84,1.35,6.9,3.95,21.12,78.51,0.14,114.02
Bilinga,4224,1760742000,,-28.14275,153.51369,0.83,1.64,6.9,3.85,21.08,65.33,0.15,106.64
Bilinga,4224,1760743800,,-28.14275,153.51367,0.86,1.42,6.9,3.96,21.12,63.48,0.09,114.29
Bilinga,4224,1760745600,,-28.14278,153.51367,0.78,1.5,7.41,3.78,20.99,67.26,0.15,126.15
Bilinga,4224,1760747400,,-28.14278,153.51369,0.78,1.39,6.67,3.78,20.85,74.91,0.15,123.16
Bilinga,4224,1760749200,,-28.14277,153.51367,0.86,1.52,7.14,3.87,20.72,71.92,0.11,91.78
Bilinga,4224,1760751000,,-28.14278,153.51365,0.81,1.19,7.69,3.71,20.68,60.84,0.16,121.93
Bilinga,4224,1760752800,,-28.14278,153.51365,0.86,1.4,7.41,3.75,20.64,68.67,0.13,121.58
Bilinga,4224,1760754600,,-28.14277,153.51367,0.86,1.58,7.69,3.78,20.68,62.07,0.15,138.9
Bilinga,4224,1760756400,,-28.14277,153.51369,0.89,1.6,7.41,3.75,20.72,64.89,0.17,131.43
Bilinga,4224,1760758200,,-28.14277,153.51367,0.94,1.82,7.69,3.79,20.64,60.23,0.13,125.71
Bilinga,4224,1760760000,,-28.14277,153.51369,0.97,1.72,8.0,3.79,20.64,65.15,0.14,140.57
Bilinga,4224,1760761800,,-28.14277,153.51369,1.01,1.69,7.14,3.81,20.64,60.58,0.11,108.31
Bilinga,4224,1760763600,,-28.14277,153.51369,1.04,1.68,7.41,3.91,20.55,57.42,0.13,103.03
Bilinga,4224,1760765400,,-28.14271,153.51373,1.05,1.61,7.41,4.05,20.42,61.28,0.1,91.16
Bilinga,4224,1760767200,,-28.14268,153.5138,1.0,1.52,8.0,3.94,20.5,59.61,0.17,94.24
Bilinga,4224,1760769000,,-28.14266,153.5138,1.0,1.63,7.69,4.04,20.42,64.98,0.17,98.73
Bilinga,4224,1760770800,,-28.14263,153.51382,0.97,1.84,8.0,4.13,20.42,57.24,0.09,80.09
Bilinga,4224,1760772600,,-28.1426,153.51377,0.97,1.54,7.14,4.38,21.25,60.76,0.08,14.77
Bilinga,4224,1760774400,,-28.14265,153.51371,0.91,1.43,7.69,4.46,21.83,57.24,0.09,50.81
Bilinga,4224,1760776200,,-28.1426,153.51377,0.96,1.58,7.14,4.7,21.96,56.45,0.05,313.49
Bilinga,4224,1760778000,,-28.14262,153.51377,0.82,1.45,7.69,4.53,21.83,63.04,0.02,328.79
Bilinga,4224,1760779800,,-28.14265,153.51377,0.8,1.26,7.41,4.49,21.69,61.72,0.06,346.64
Bilinga,4224,1760781600,,-28.14266,153.51375,0.86,1.27,7.14,4.76,21.56,60.4,0.04,279.65
Bilinga,4224,1760783400,,-28.14263,153.51373,0.81,1.27,7.14,4.59,21.38,51.79,0.02,190.15
Bilinga,4224,1760785200,,-28.14263,153.51375,0.81,1.24,7.41,4.77,21.21,69.72,0.04,247.21
Bilinga,4224,1760787000,,-28.14263,153.51375,0.75,1.19,7.69,4.7,21.12,64.36,0.06,263.3
Bilinga,4224,1760788800,,-28.14263,153.51375,0.74,1.17,7.69,5.01,20.99,52.67,0.03,303.65
Bilinga,4224,1760790600,,-28.14265,153.51373,0.71,1.16,7.41,4.89,20.85,54.34,0.03,45.89
Bilinga,4224,1760792400,,-28.14265,153.51371,0.72,1.25,7.69,5.12,20.9,61.02,0.02,138.81
Bilinga,4224,1760794200,,-28.14265,153.51371,0.68,1.4,8.0,5.18,20.9,62.25,0.05,316.48
Bilinga,4224,1760796000,,-28.14263,153.51371,0.65,1.1,7.69,5.15,20.85,61.11,0.03,307.08
Bilinga,4224,1760797800,,-28.1426,153.51371,0.63,0.98,7.69,5.39,20.81,62.87,0.05,278.86
Bilinga,4224,1760799600,,-28.1426,153.51371,0.61,0.95,8.0,5.49,20.77,56.62,0.05,247.38
Bilinga,4224,1760801400,,-28.14252,153.51371,0.62,1.03,8.0,5.31,20.72,59.53,0.06,317.63
Bilinga,4224,1760803200,,-28.1425,153.51365,0.62,0.95,6.9,5.48,20.68,67.61,0.06,299.34
Bilinga,4224,1760805000,,-28.1425,153.51362,0.61,1.04,7.41,5.53,20.64,60.14,0.07,293.8
Bilinga,4224,1760806800,,-28.14244,153.51362,0.61,1.19,7.14,5.02,20.64,61.37,0.07,282.81
Bilinga,4224,1760808600,,-28.14238,153.51362,0.6,0.92,7.69,5.04,20.5,64.8,0.07,293.54
Bilinga,4224,1760810400,,-28.14233,153.5136,0.62,1.08,8.0,4.95,20.42,62.34,0.1,313.14
Bilinga,4224,1760812200,,-28.1423,153.5136,0.62,0.96,7.41,4.98,20.33,65.42,0.09,318.07
Bilinga,4224,1760814000,,-28.14232,153.5136,0.66,1.32,15.38,5.27,-99.9,80.01,0.12,286.77
Bilinga,4224,1760815800,,-28.1423,153.51362,0.59,0.91,7.14,5.05,20.07,61.02,0.04,281.85
Bilinga,4224,1760817600,,-28.1423,153.51362,0.68,1.05,15.38,6.01,20.02,82.65,0.06,228.4
Bilinga,4224,1760819400,,-28.14237,153.51371,0.69,1.05,7.14,5.84,19.98,70.07,0.03,280.09
Bilinga,4224,1760821200,,-28.14235,153.51373,0.69,1.07,8.0,4.97,19.98,63.83,0.04,278.51
Bilinga,4224,1760823000,,-28.14235,153.51373,0.7,1.17,7.69,4.71,19.94,63.39,0.07,313.76
Bilinga,4224,1760824800,,-28.14235,153.51371,0.71,1.15,6.9,4.72,19.85,59.61,0.04,252.57
Bilinga,4224,1760826600,,-28.14235,153.51373,0.69,1.09,7.41,4.74,19.76,65.06,0.02,338.99
Bilinga,4224,1760828400,,-28.14233,153.51373,0.73,1.36,15.38,4.84,19.81,79.04,0.06,314.11
Bilinga,4224,1760830200,,-28.1423,153.51371,0.77,1.2,15.38,4.72,19.81,86.43,0.06,291.52
Bilinga,4224,1760832000,,-28.1423,153.51371,0.81,1.61,7.41,4.61,19.81,59.35,0.02,57.32
Bilinga,4224,1760833800,,-28.14226,153.51362,0.74,1.17,15.38,4.34,19.81,78.69,0.06,302.68
Bilinga,4224,1760835600,,-28.14225,153.51352,0.69,1.25,7.69,4.0,19.85,67.09,0.07,297.76
Bilinga,4224,1760837400,,-28.14223,153.5135,0.73,1.18,7.41,4.11,19.76,64.8,0.09,272.53
Bilinga,4224,1760839200,,-28.14229,153.51341,0.7,1.46,8.0,3.93,19.72,65.77,0.03,263.12
Bilinga,4224,1760841000,,-28.14229,153.5133,0.68,1.2,14.29,3.66,19.76,83.7,0.11,256.53
Bilinga,4224,1760842800,,-28.14222,153.51313,0.69,1.22,7.41,3.63,19.76,62.43,0.14,268.13
Bilinga,4224,1760844600,,-28.14215,153.51309,0.64,1.03,8.0,3.63,19.81,70.16,0.13,236.04
Bilinga,4224,1760846400,,-28.1421,153.51305,0.66,1.08,7.69,3.84,19.98,64.71,0.12,223.56
Bilinga,4224,1760848200,,-28.14207,153.51305,0.68,1.15,8.33,4.0,20.15,71.48,0.08,248.35
Bilinga,4224,1760850000,,-28.14208,153.51307,0.7,1.14,7.41,4.04,20.2,61.99,0.09,213.45
Bilinga,4224,1760851800,,-28.1421,153.51302,0.72,1.16,7.69,4.32,20.28,67.44,0.11,209.76
Bilinga,4224,1760853600,,-28.14214,153.51302,0.67,0.99,7.41,4.56,20.33,65.85,0.08,181.45
Bilinga,4224,1760855400,,-28.14211,153.51305,0.76,1.28,8.0,4.92,20.46,68.14,0.09,189.8
Bilinga,4224,1760857200,,-28.14223,153.51305,0.75,1.22,8.33,4.87,20.5,66.29,0.1,147.34
Bilinga,4224,1760859000,,-28.14237,153.51311,0.77,1.35,7.41,4.92,20.64,67.7,0.11,150.24
Bilinga,4224,1760860800,,-28.14248,153.51339,0.81,1.43,7.69,5.06,20.68,76.4,0.09,147.6
Bilinga,4224,1760862600,,-28.14238,153.51358,0.81,1.42,8.33,4.92,20.77,74.12,0.11,132.57
Bilinga,4224,1760864400,,-28.14235,153.51371,0.8,1.44,7.69,4.93,20.85,77.64,0.11,99.16
Bilinga,4224,1760866200,,-28.1424,153.5138,0.88,1.44,7.69,5.11,20.85,77.9,0.1,82.2
Bilinga,4224,1760868000,,-28.14245,153.51386,0.87,1.36,7.41,5.21,20.85,72.45,0.07,113.85
Bilinga,4224,1760869800,,-28.14252,153.51384,0.79,1.48,8.0,5.08,20.85,83.17,0.12,92.13
Bilinga,4224,1760871600,,-28.14253,153.51386,0.83,1.34,8.0,5.31,20.81,71.92,0.09,56.97
Bilinga,4224,1760873400,,-28.14259,153.51384,0.78,1.37,8.0,5.09,20.77,69.9,0.07,72.88
Bilinga,4224,1760875200,,-28.1426,153.51382,0.89,1.55,7.69,5.34,20.77,77.55,0.04,95.21
Bilinga,4224,1760877000,,-28.1426,153.5138,0.85,1.52,8.0,5.39,20.77,73.68,0.07,117.71
Bilinga,4224,1760878800,,-28.14262,153.5138,0.79,1.22,8.33,5.28,20.68,76.14,0.07,105.32
Bilinga,4224,1760880600,,-28.14262,153.51382,0.74,1.21,8.33,5.14,20.68,83.17,0.12,94.51
Bilinga,4224,1760882400,,-28.14262,153.51382,0.8,1.3,8.0,5.31,20.64,72.01,0.11,109.36
Bilinga,4224,1760882400,,-28.1426,153.51382,0.8,1.3,8.0,5.31,20.64,72.01,0.11,109.36
Bilinga,4224,1760884200,,-28.1426,153.51382,0.8,1.41,8.33,5.41,20.68,69.9,0.08,109.27
Bilinga,4224,1760886000,,-28.14262,153.5138,0.83,1.76,8.0,5.54,20.64,67.17,0.12,114.2
Bilinga,4224,1760887800,,-28.14262,153.51377,0.71,1.11,8.33,5.23,20.64,70.25,0.02,115.78
Bilinga,4224,1760889600,,-28.1426,153.51377,0.7,1.19,8.0,5.39,20.64,71.13,0.07,119.12
Bilinga,4224,1760891400,,-28.14262,153.51375,0.76,1.1,7.14,5.45,20.59,77.72,0.1,112.09
Bilinga,4224,1760893200,,-28.14263,153.51373,0.72,1.21,8.7,5.37,20.55,68.23,0.1,96.35
Bilinga,4224,1760895000,,-28.14262,153.51377,0.72,1.1,8.33,5.7,20.55,74.47,0.08,315.16
Bilinga,4224,1760896800,,-28.14262,153.51377,0.72,1.11,8.33,5.8,20.5,68.32,0.14,81.58
Bilinga,4224,1760898600,,-28.1426,153.51377,0.66,1.18,8.33,5.82,20.5,69.64,0.02,115.6
Bilinga,4224,1760900400,,-28.1426,153.51375,0.68,1.09,8.0,5.94,20.46,69.02,0.1,95.12
Bilinga,4224,1760902200,,-28.14262,153.51373,0.68,1.08,8.33,5.95,20.46,75.44,0.08,154.11
Bilinga,4224,1760904000,,-28.1426,153.51371,0.66,1.12,8.33,5.82,20.46,64.36,0.07,189.54
Bilinga,4224,1760905800,,-28.14263,153.51371,0.73,1.49,8.7,6.06,20.46,69.37,0.05,49.23
Bilinga,4224,1760907600,,-28.14263,153.51369,0.68,1.0,7.69,5.93,20.55,61.99,0.03,132.92
Bilinga,4224,1760909400,,-28.14262,153.51369,0.78,1.27,8.7,6.08,20.77,64.54,0.04,160.62
Bilinga,4224,1760911200,,-28.14262,153.51371,0.71,1.14,8.0,5.82,20.99,66.73,0.1,200.0
Bilinga,4224,1760913000,,-28.14263,153.51371,0.72,1.18,8.0,5.91,21.25,60.93,0.12,145.32
Bilinga,4224,1760914800,,-28.14265,153.51371,0.68,1.21,8.33,5.67,21.34,71.13,0.12,143.03
Bilinga,4224,1760916600,,-28.14266,153.51371,0.65,1.22,8.7,5.61,21.34,69.72,0.14,156.31
Bilinga,4224,1760918400,,-28.14266,153.51371,0.68,1.14,8.0,5.61,21.43,72.1,0.17,161.32
Bilinga,4224,1760920200,,-28.14268,153.51371,0.67,1.02,8.33,5.3,21.34,73.15,0.11,108.57
Bilinga,4224,1760922000,,-28.14271,153.51369,0.64,0.89,7.69,4.72,21.34,69.64,-99.9,-99.9
Bilinga,4224,1760923800,,-28.14271,153.51365,0.71,1.2,8.0,4.51,21.21,72.89,0.12,131.96
Bilinga,4224,1760925600,,-28.14274,153.51365,0.67,1.18,8.7,4.09,21.21,72.18,0.13,139.87
Bilinga,4224,1760927400,,-28.14274,153.51365,0.64,1.1,8.0,3.78,21.16,73.77,0.13,137.58
Bilinga,4224,1760929200,,-28.14275,153.51365,0.67,1.08,8.33,3.75,21.43,71.31,0.17,166.86
Bilinga,4224,1760931000,,-28.14275,153.51365,0.72,1.24,8.33,3.79,21.34,76.93,0.18,150.86
Bilinga,4224,1760932800,,-28.14275,153.51365,0.74,1.36,9.09,3.72,21.21,81.06,0.15,160.0
Bilinga,4224,1760934600,,-28.14277,153.51365,0.71,1.29,8.7,3.56,21.38,76.4,0.2,134.24
Bilinga,4224,1760936400,,-28.14277,153.51365,0.75,1.34,8.33,3.63,21.25,83.7,0.17,122.64
Bilinga,4224,1760938200,,-28.14277,153.51367,0.81,1.47,8.7,3.71,21.25,80.98,0.17,142.59
Bilinga,4224,1760940000,,-28.14277,153.51369,0.78,1.18,8.33,3.63,21.21,77.37,0.18,132.66
Bilinga,4224,1760941800,,-28.14274,153.51369,0.82,1.45,7.41,3.58,21.21,77.2,0.18,130.02
Bilinga,4224,1760943600,,-28.14275,153.51369,0.84,1.43,8.33,3.67,21.21,82.21,0.18,121.58
Bilinga,4224,1760945400,,-28.14274,153.51369,0.85,1.42,8.33,3.71,21.21,78.78,0.21,133.1
Bilinga,4224,1760947200,,-28.14274,153.51369,0.86,1.5,8.7,3.72,21.16,76.58,0.11,113.23
Bilinga,4224,1760949000,,-28.14271,153.51371,0.86,1.41,8.7,3.78,21.16,81.68,0.21,127.3
Bilinga,4224,1760950800,,-28.14271,153.51373,0.84,1.31,8.7,3.87,21.12,87.57,0.18,116.31
Bilinga,4224,1760952600,,-28.14271,153.51375,0.82,1.29,9.09,3.89,21.12,90.73,0.15,114.29
Bilinga,4224,1760954400,,-28.1427,153.51377,0.8,1.45,8.0,3.87,21.16,86.6,0.22,116.22
Bilinga,4224,1760956200,,-28.1427,153.51377,0.79,1.26,9.09,3.98,21.25,84.14,0.2,107.08
Bilinga,4224,1760958000,,-28.1427,153.51377,0.79,1.56,8.7,3.9,21.25,82.91,0.2,105.32
Bilinga,4224,1760959800,,-28.14271,153.51377,0.75,1.26,8.7,3.85,21.25,93.02,0.24,111.74
Bilinga,4224,1760961600,,-28.1427,153.51377,0.77,1.52,8.7,3.93,21.21,80.8,0.14,101.89
Bilinga,4224,1760963400,,-28.14271,153.51377,0.79,1.47,9.09,4.04,21.21,87.22,0.21,109.89
Bilinga,4224,1760965200,,-28.14271,153.51377,0.76,1.24,8.7,3.82,21.21,91.26,0.15,98.64
Bilinga,4224,1760967000,,-28.14274,153.51375,0.73,1.31,8.33,3.62,21.21,82.73,0.22,119.12
Bilinga,4224,1760968800,,-28.14271,153.51377,0.73,1.28,7.69,3.8,21.12,80.18,0.22,119.03
Bilinga,4224,1760970600,,-28.1427,153.51377,0.73,1.14,8.7,3.8,21.12,90.12,0.19,110.15
Bilinga,4224,1760972400,,-28.1427,153.51377,0.77,1.39,8.7,3.96,21.12,87.92,0.18,112.26
Bilinga,4224,1760974200,,-28.1427,153.51377,0.78,1.47,8.0,4.08,21.08,78.51,0.14,101.63
Bilinga,4224,1760976000,,-28.1427,153.51377,0.76,1.36,8.7,4.04,21.08,83.88,0.17,100.31
Bilinga,4224,1760977800,,-28.14271,153.51377,0.72,1.21,8.7,3.92,21.03,85.2,0.17,112.97
Bilinga,4224,1760979600,,-28.14271,153.51377,0.74,1.18,6.9,3.92,21.08,74.91,0.14,106.2
Bilinga,4224,1760981400,,-28.1427,153.51377,0.7,1.18,9.09,3.88,20.99,75.53,0.14,82.73
Bilinga,4224,1760983200,,-28.1427,153.51377,0.73,1.27,8.7,4.01,20.94,80.62,0.16,97.49
Bilinga,4224,1760985000,,-28.14271,153.51375,0.73,1.14,8.0,3.88,20.77,77.55,0.17,96.26
Bilinga,4224,1760986800,,-28.14271,153.51373,0.72,1.13,8.7,3.83,20.77,79.75,0.14,104.18
Bilinga,4224,1760988600,,-28.1427,153.51373,0.73,1.16,8.33,3.84,20.77,72.27,0.15,119.03
Bilinga,4224,1760990400,,-28.1427,153.51373,0.73,1.23,7.14,3.91,20.77,73.85,0.16,112.88
Bilinga,4224,1760992200,,-28.14274,153.51371,0.74,1.2,9.09,3.96,20.77,83.79,0.19,127.74
Bilinga,4224,1760994000,,-28.1427,153.51375,0.73,1.28,7.41,3.97,20.85,75.88,0.18,121.49
Bilinga,4224,1760995800,,-28.1427,153.51377,0.76,1.4,8.33,4.11,20.85,76.76,0.2,114.29
Bilinga,4224,1760997600,,-28.1427,153.51377,0.75,1.25,7.14,4.03,20.81,76.23,0.18,111.74
Bilinga,4224,1760999400,,-28.1427,153.51377,0.8,1.33,7.14,4.16,20.85,77.11,0.2,130.73
Bilinga,4224,1761001200,,-28.14271,153.51373,0.81,1.54,7.69,4.15,20.9,83.09,0.19,132.48
Bilinga,4224,1761003000,,-28.14271,153.51375,0.79,1.37,7.69,3.74,20.99,85.72,0.22,126.51
Bilinga,4224,1761004800,,-28.14274,153.51373,0.83,1.29,8.7,3.79,21.12,87.04,0.21,133.98
Bilinga,4224,1761006600,,-28.14277,153.51371,0.81,1.29,8.0,3.64,21.12,82.03,0.21,125.1
Bilinga,4224,1761008400,,-28.14275,153.51371,0.83,1.59,8.7,3.59,21.12,84.05,0.23,141.01
Bilinga,4224,1761010200,,-28.14278,153.51369,0.9,1.54,8.0,3.8,21.08,71.92,0.2,130.11
Bilinga,4224,1761012000,,-28.14277,153.51371,0.88,1.58,8.33,3.76,21.03,86.16,0.2,127.3
Bilinga,4224,1761013800,,-28.14277,153.51371,0.92,1.71,8.7,3.78,21.12,80.45,0.21,134.86
Bilinga,4224,1761015600,,-28.14277,153.51371,0.9,1.62,8.7,3.78,21.12,78.95,0.2,143.65
Bilinga,4224,1761017400,,-28.14277,153.51371,0.88,1.62,8.7,3.77,21.08,78.07,0.21,133.54
Bilinga,4224,1761019200,,-28.14277,153.51371,0.91,1.67,8.33,3.86,21.12,77.2,0.14,110.07
Bilinga,4224,1761021000,,-28.14278,153.51369,0.96,1.45,7.14,3.84,21.12,77.37,0.15,116.48
Bilinga,4224,1761022800,,-28.14277,153.51371,1.0,1.63,7.41,3.96,21.08,70.16,0.14,129.41
Bilinga,4224,1761024600,,-28.14277,153.51369,0.98,1.59,11.11,4.08,21.08,65.5,0.1,112.7
Bilinga,4224,1761026400,,-28.14277,153.51369,1.0,1.66,7.69,4.04,21.08,72.54,0.15,125.71
Bilinga,4224,1761028200,,-28.14277,153.51369,1.05,1.58,9.09,4.26,21.03,72.62,0.12,105.58
Bilinga,4224,1761030000,,-28.14275,153.51371,1.07,1.7,10.53,4.45,21.03,67.79,0.17,91.34
Bilinga,4224,1761031800,,-28.14271,153.51371,1.05,1.66,10.53,4.4,21.61,64.27,0.17,90.9
Bilinga,4224,1761033600,,-28.14271,153.51373,1.09,2.01,10.53,4.43,21.69,61.11,0.11,83.34
Bilinga,4224,1761035400,,-28.1427,153.51371,1.1,1.9,10.53,4.57,22.27,61.99,0.1,77.8
Bilinga,4224,1761037200,,-28.1427,153.51373,1.13,1.93,10.0,4.57,22.45,64.18,0.11,64.62
Bilinga,4224,1761039000,,-28.14268,153.51375,1.11,1.83,9.52,4.65,22.54,59.26,0.09,68.75
Bilinga,4224,1761040800,,-28.14268,153.51373,1.07,2.15,9.52,4.71,22.5,65.06,0.07,69.1
Bilinga,4224,1761042600,,-28.14268,153.51375,1.06,1.86,9.52,4.68,22.5,62.43,0.09,66.11
Bilinga,4224,1761044400,,-28.14268,153.51373,1.13,2.14,9.52,4.98,22.45,57.06,0.09,44.22
Bilinga,4224,1761046200,,-28.1427,153.51373,1.15,2.04,9.09,5.02,22.41,66.82,0.11,53.45
Bilinga,4224,1761048000,,-28.14271,153.51371,1.09,2.24,9.52,4.98,22.36,59.79,0.1,58.73
Bilinga,4224,1761049800,,-28.1427,153.51371,1.14,1.92,9.52,5.06,22.32,57.24,0.09,59.6
Bilinga,4224,1761051600,,-28.14271,153.51371,1.14,2.02,8.7,5.17,22.27,67.35,0.08,58.81
Bilinga,4224,1761053400,,-28.14274,153.51371,1.06,1.62,8.7,5.07,22.18,69.02,0.09,80.53
Bilinga,4224,1761055200,,-28.1427,153.51371,1.16,1.75,9.09,5.13,22.05,61.72,0.07,82.55
Bilinga,4224,1761057000,,-28.14271,153.51369,1.12,1.95,8.7,5.18,21.96,68.58,0.09,83.52
Bilinga,4224,1761058800,,-28.14271,153.51367,1.07,1.63,8.7,5.13,21.96,70.25,0.07,84.92
Bilinga,4224,1761060600,,-28.14274,153.51367,1.06,1.5,8.7,4.91,21.83,64.89,0.05,85.45
Bilinga,4224,1761062400,,-28.14274,153.51362,1.11,1.89,9.09,5.13,21.83,67.35,0.08,45.01
Bilinga,4224,1761064200,,-28.14274,153.51362,1.09,1.83,9.09,5.06,21.74,60.14,0.06,58.99
Bilinga,4224,1761066000,,-28.14275,153.5136,1.03,1.66,8.7,5.06,21.69,71.13,0.07,35.6
Bilinga,4224,1761067800,,-28.14277,153.51358,1.15,1.75,8.7,5.3,21.61,69.2,0.08,26.46
Bilinga,4224,1761069600,,-28.14275,153.51356,1.04,1.82,8.7,5.07,21.52,70.51,0.09,71.74
Bilinga,4224,1761071400,,-28.14277,153.51358,1.09,1.69,8.7,5.11,21.43,64.18,0.06,68.66
Bilinga,4224,1761073200,,-28.14277,153.51356,0.99,1.48,8.7,4.93,21.34,65.59,0.07,84.75
Bilinga,4224,1761075000,,-28.14277,153.51358,1.09,1.82,8.7,5.13,21.34,72.01,0.09,76.22
Bilinga,4224,1761076800,,-28.14277,153.51358,1.1,1.75,9.09,5.34,21.34,68.67,0.06,57.14
Bilinga,4224,1761078600,,-28.14275,153.51362,1.09,1.92,8.7,5.25,21.34,61.99,0.06,47.91
Bilinga,4224,1761080400,,-28.14274,153.51365,1.01,1.6,8.33,5.03,21.25,71.92,0.15,109.89
Bilinga,4224,1761082200,,-28.14274,153.51367,1.01,1.73,8.7,5.1,21.25,67.0,0.11,94.42
Bilinga,4224,1761084000,,-28.14271,153.51369,1.04,1.91,8.7,5.17,21.34,69.55,0.08,61.45
Bilinga,4224,1761085800,,-28.14271,153.51367,1.08,1.91,8.33,5.18,21.34,71.22,0.09,94.95
Bilinga,4224,1761087600,,-28.14271,153.51369,1.08,1.82,8.7,5.09,21.34,71.92,0.08,90.55
Bilinga,4224,1761089400,,-28.14271,153.51371,1.08,1.88,9.09,4.91,21.25,68.84,0.13,106.37
Bilinga,4224,1761091200,,-28.14271,153.51371,1.11,1.67,9.09,4.88,21.21,72.8,0.09,103.82
Bilinga,4224,1761093000,,-28.14274,153.51371,1.22,1.79,9.09,4.97,21.12,69.99,0.11,110.51
Bilinga,4224,1761094800,,-28.14275,153.51371,1.19,2.06,8.0,4.77,21.12,74.29,0.13,144.7
Bilinga,4224,1761096600,,-28.14278,153.51369,1.19,1.88,8.33,4.63,21.08,70.34,0.15,128.35
Bilinga,4224,1761098400,,-28.14278,153.51365,1.13,2.26,9.09,4.37,20.99,70.25,0.2,147.69
Bilinga,4224,1761100200,,-28.14278,153.51367,1.22,2.15,9.52,4.51,20.9,61.64,0.18,142.68
Bilinga,4224,1761102000,,-28.14277,153.51371,1.27,2.36,9.09,4.57,20.94,69.64,0.23,143.12
Bilinga,4224,1761103800,,-28.14277,153.51371,1.23,1.75,8.7,4.54,20.94,77.9,0.2,132.31
Bilinga,4224,1761105600,,-28.14278,153.51367,1.37,2.23,9.52,4.67,20.85,70.78,0.15,142.15
Bilinga,4224,1761107400,,-28.1428,153.51362,1.28,2.24,8.33,4.34,20.85,72.8,0.17,137.93
Bilinga,4224,1761109200,,-28.14281,153.5136,1.28,2.02,9.52,4.39,20.81,70.69,0.15,134.86
Bilinga,4224,1761111000,,-28.14278,153.51362,1.27,2.08,8.7,4.49,20.77,67.7,0.19,134.51
Bilinga,4224,1761112800,,-28.1428,153.51354,1.25,2.0,9.09,4.42,20.81,66.21,0.11,127.12
Bilinga,4224,1761114600,,-28.14271,153.51371,1.33,2.21,8.7,4.45,20.85,65.5,0.13,137.67
Bilinga,4224,1761116400,,-28.1427,153.51373,1.37,2.2,9.09,4.77,20.81,68.14,0.11,107.69
Bilinga,4224,1761118200,,-28.14278,153.51356,1.35,2.5,8.7,4.57,20.46,65.85,0.14,118.59
Bilinga,4224,1761120000,,-28.14274,153.5136,1.31,2.25,8.7,4.58,21.52,69.28,0.12,72.35
Bilinga,4224,1761121800,,-28.14265,153.51377,1.2,1.79,9.09,4.62,21.74,68.05,0.15,98.81
Bilinga,4224,1761123600,,-28.14268,153.51373,1.26,2.18,8.7,4.67,21.61,72.8,0.12,84.75
Bilinga,4224,1761125400,,-28.14271,153.51369,1.26,1.99,9.52,4.68,21.65,63.13,0.11,119.91
Bilinga,4224,1761127200,,-28.14265,153.51377,1.28,2.05,9.09,4.9,21.69,66.47,0.12,87.65
Bilinga,4224,1761129000,,-28.14268,153.51371,1.24,1.9,9.09,4.99,21.78,65.33,0.13,82.2
Bilinga,4224,1761130800,,-28.14271,153.51365,1.19,2.08,9.52,4.9,21.87,60.76,0.08,104.97
Bilinga,4224,1761132600,,-28.14274,153.51367,1.32,2.25,9.52,5.11,21.83,65.85,0.09,78.24
Bilinga,4224,1761134400,,-28.14275,153.51365,1.2,1.93,9.09,4.87,21.83,72.18,0.11,95.3
Bilinga,4224,1761136200,,-28.14271,153.51365,1.11,1.7,9.09,4.78,21.83,68.76,0.09,62.59
Bilinga,4224,1761138000,,-28.14275,153.51365,1.21,2.23,9.09,4.94,21.69,64.98,0.08,77.54
Bilinga,4224,1761139800,,-28.14275,153.51362,1.2,2.21,9.52,4.94,21.56,64.01,0.08,128.0
Bilinga,4224,1761141600,,-28.14274,153.51365,1.23,2.49,9.09,4.92,21.47,71.04,0.08,116.4
Bilinga,4224,1761143400,,-28.14274,153.51365,1.26,1.99,9.09,4.96,21.25,66.47,0.08,62.33
Bilinga,4224,1761145200,,-28.14274,153.51365,1.2,1.88,9.52,4.76,21.16,65.06,0.06,120.62
Bilinga,4224,1761147000,,-28.14271,153.51367,1.24,1.77,9.52,4.89,21.08,67.53,0.08,95.82
Bilinga,4224,1761148800,,-28.14274,153.51365,1.17,2.05,8.7,4.92,20.99,69.02,0.09,79.56
Bilinga,4224,1761150600,,-28.14271,153.51371,1.17,1.97,9.52,4.91,21.03,61.46,0.08,67.43
Bilinga,4224,1761152400,,-28.14274,153.51365,1.16,2.05,9.52,5.02,21.03,70.07,0.08,31.56
Bilinga,4224,1761154200,,-28.14275,153.51362,1.18,2.21,8.7,4.97,21.08,63.13,0.06,66.55
Bilinga,4224,1761156000,,-28.14275,153.51362,1.14,1.98,9.09,5.06,21.03,65.33,0.08,50.2
Bilinga,4224,1761157800,,-28.14277,153.51358,1.19,2.18,8.7,5.08,20.99,69.37,0.08,53.45
Bilinga,4224,1761159600,,-28.14277,153.5136,1.17,1.94,9.09,4.91,20.99,74.03,0.07,33.23
Bilinga,4224,1761161400,,-28.14277,153.5136,1.15,1.71,9.52,4.93,20.94,70.78,0.07,90.46
Bilinga,4224,1761163200,,-28.14275,153.5136,1.1,1.75,10.0,4.87,20.9,71.31,0.09,102.33
Bilinga,4224,1761165000,,-28.14277,153.51362,1.17,1.81,10.0,4.91,20.9,75.61,0.08,99.96
Bilinga,4224,1761166800,,-28.14275,153.51367,1.26,2.23,10.0,4.93,20.85,74.03,0.09,80.97
Bilinga,4224,1761168600,,-28.14274,153.51371,1.18,1.92,10.0,4.8,20.81,71.74,0.08,79.91
Bilinga,4224,1761170400,,-28.14274,153.51369,1.13,1.98,9.52,4.84,20.72,70.07,0.12,85.45
Bilinga,4224,1761172200,,-28.14275,153.51371,1.12,1.97,9.52,4.86,20.55,67.44,0.15,117.27
Bilinga,4224,1761174000,,-28.14274,153.51371,1.16,1.93,9.09,5.05,20.5,73.42,0.1,91.78
Bilinga,4224,1761175800,,-28.14274,153.51371,1.2,2.06,9.52,5.25,20.46,73.15,0.11,85.19
Bilinga,4224,1761177600,,-28.14274,153.51375,1.15,1.87,10.0,5.36,20.46,72.62,0.12,102.07
Bilinga,4224,1761179400,,-28.14271,153.51375,1.15,1.82,9.52,5.33,20.42,67.26,0.09,82.11
Bilinga,4224,1761181200,,-28.14271,153.51375,1.15,1.96,9.09,5.45,20.42,69.28,0.1,81.58
Bilinga,4224,1761183000,,-28.14275,153.51371,1.14,2.01,9.52,5.32,20.55,67.79,0.09,95.47
Bilinga,4224,1761184800,,-28.14274,153.51367,1.17,2.04,9.09,5.15,20.72,63.83,0.09,132.48
Bilinga,4224,1761186600,,-28.1427,153.51371,1.13,1.82,9.09,4.58,20.72,59.96,0.01,95.56
Bilinga,4224,1761188400,,-28.14265,153.51371,1.07,1.87,9.09,4.4,20.5,56.89,0.06,328.97
Bilinga,4224,1761190200,,-28.14257,153.51371,1.05,1.65,9.52,4.57,20.37,62.78,0.15,307.96
Bilinga,4224,1761192000,,-28.14245,153.51356,1.02,1.62,10.0,4.6,20.28,58.82,0.16,293.01
Bilinga,4224,1761193800,,-28.1423,153.51324,0.95,1.76,9.09,4.22,20.28,64.1,0.15,307.43
Bilinga,4224,1761195600,,-28.1422,153.51307,1.01,2.0,9.09,4.16,20.07,56.1,0.18,295.82
Bilinga,4224,1761197400,,-28.14214,153.51294,0.96,1.59,10.0,4.41,19.81,55.48,0.14,296.7
Bilinga,4224,1761199200,,-28.1421,153.51285,0.9,1.83,9.09,4.32,19.72,58.29,0.16,286.95
Bilinga,4224,1761201000,,-28.14207,153.51277,0.84,1.55,10.0,4.22,19.59,53.11,0.14,288.62
Bilinga,4224,1761202800,,-28.14205,153.51279,0.83,1.55,9.09,4.36,19.5,59.0,0.11,275.34
Bilinga,4224,1761204600,,-28.14203,153.51277,0.87,1.59,10.0,4.66,19.5,60.49,0.07,273.23
Bilinga,4224,1761206400,,-28.14205,153.51277,0.89,1.71,10.0,5.03,19.54,64.62,0.12,262.42
Bilinga,4224,1761208200,,-28.14207,153.51274,0.86,1.53,9.52,5.02,19.54,62.51,0.06,222.24
Bilinga,4224,1761210000,,-28.14205,153.51279,0.92,1.67,10.0,5.52,19.54,60.76,0.09,198.68
Bilinga,4224,1761211800,,-28.14207,153.51279,0.92,1.49,10.0,5.66,19.54,55.48,0.11,182.77
Bilinga,4224,1761213600,,-28.14205,153.51281,0.99,1.64,9.52,5.7,19.5,66.82,0.12,162.99
Bilinga,4224,1761215400,,-28.1421,153.51281,0.9,1.22,10.0,5.5,19.46,66.91,0.11,148.57
Bilinga,4224,1761217200,,-28.1421,153.51281,0.97,1.71,10.0,5.64,19.46,62.69,0.1,174.15
Bilinga,4224,1761219000,,-28.1421,153.51281,0.9,1.6,9.52,5.45,19.46,67.96,0.13,169.93
Bilinga,4224,1761220800,,-28.14207,153.51283,0.88,1.68,9.52,5.37,19.46,64.27,0.1,160.0
Bilinga,4224,1761222600,,-28.14211,153.51281,0.94,1.77,10.0,5.8,19.46,64.18,0.08,153.76
Bilinga,4224,1761224400,,-28.14215,153.51281,0.96,1.41,10.0,5.77,19.46,66.73,0.06,174.15
Bilinga,4224,1761226200,,-28.14222,153.51283,1.01,1.64,9.52,5.83,19.46,64.45,0.09,163.87
Bilinga,4224,1761228000,,-28.1422,153.51285,1.07,1.8,9.52,6.14,19.46,66.56,0.07,138.9
Bilinga,4224,1761229800,,-28.14218,153.51285,0.98,1.46,9.52,6.11,19.46,69.99,0.09,155.25
Bilinga,4224,1761231600,,-28.14215,153.51283,1.05,1.64,10.0,6.06,19.41,66.21,0.1,121.23
Bilinga,4224,1761233400,,-28.1421,153.51283,1.12,1.89,9.09,5.77,19.41,70.25,0.05,203.6
Bilinga,4224,1761235200,,-28.14223,153.51289,1.07,2.36,10.0,6.01,19.72,70.07,0.12,175.65
Bilinga,4224,1761237000,,-28.14229,153.51296,1.1,1.9,10.0,6.15,19.72,68.4,0.13,161.23
Bilinga,4224,1761238800,,-28.14233,153.51302,1.07,1.77,10.0,6.28,19.72,68.14,0.1,137.93
Bilinga,4224,1761240600,,-28.14238,153.51309,1.02,1.74,10.0,6.17,19.72,69.46,0.09,171.08
Bilinga,4224,1761242400,,-28.14241,153.51309,1.07,1.64,10.53,6.21,19.72,71.39,0.1,157.63
Bilinga,4224,1761244200,,-28.14244,153.51311,0.95,1.58,9.09,5.99,19.72,64.89,0.16,146.46
Bilinga,4224,1761246000,,-28.14245,153.51311,0.97,1.48,9.52,5.93,19.72,73.77,0.21,190.42
Bilinga,4224,1761247800,,-28.14275,153.51352,1.0,1.75,10.0,6.25,20.72,82.03,0.07,153.41
Bilinga,4224,1761249600,,-28.1427,153.51377,0.92,1.47,10.53,5.91,20.68,82.47,0.1,194.81
Bilinga,4224,1761251400,,-28.14265,153.5138,0.95,1.46,10.53,6.11,20.37,80.1,0.08,211.87
Bilinga,4224,1761253200,,-28.14262,153.51382,1.01,1.57,9.52,6.3,20.28,73.24,0.15,176.7
Bilinga,4224,1761255000,,-28.14268,153.51375,0.91,1.38,10.0,6.3,20.2,72.71,0.12,174.86
Bilinga,4224,1761256800,,-28.14268,153.51369,0.88,1.37,9.52,6.07,20.28,74.03,0.15,230.86
Bilinga,4224,1761258600,,-28.14268,153.51371,0.85,1.42,10.0,5.89,20.55,72.62,0.1,282.2
Bilinga,4224,1761260400,,-28.14266,153.51369,0.91,1.69,9.52,5.99,20.64,75.61,0.14,96.18
Bilinga,4224,1761262200,,-28.14265,153.51371,0.85,1.26,9.09,5.97,20.64,67.17,0.13,103.74
Bilinga,4224,1761264000,,-28.14263,153.51371,0.9,1.58,9.52,6.04,20.68,73.77,0.12,99.08
Bilinga,4224,1761265800,,-28.14265,153.51371,0.91,1.39,10.0,6.03,20.68,67.79,0.12,114.11
Bilinga,4224,1761267600,,-28.14268,153.51371,0.92,1.56,9.52,5.78,20.64,73.06,0.11,91.43
Bilinga,4224,1761269400,,-28.14268,153.51365,0.88,1.36,9.52,5.57,20.81,68.23,0.08,112.26
Bilinga,4224,1761271200,,-28.14268,153.51365,0.9,1.47,10.0,5.42,21.03,70.25,0.09,99.52
Bilinga,4224,1761273000,,-28.14274,153.5136,0.86,1.39,9.52,5.31,21.65,70.6,0.12,170.64
Bilinga,4224,1761274800,,-28.14278,153.51362,0.87,1.42,10.0,5.15,21.74,71.13,0.17,171.52
Bilinga,4224,1761276600,,-28.14278,153.51362,0.85,1.26,9.52,4.99,21.74,79.39,0.14,143.91
Bilinga,4224,1761278400,,-28.14278,153.51365,0.87,1.5,10.0,5.42,21.69,78.69,0.1,163.34
Bilinga,4224,1761280200,,-28.1428,153.51365,0.81,1.31,10.0,4.95,22.32,75.61,0.31,164.22
Bilinga,4224,1761282000,,-28.14275,153.51371,0.87,1.56,9.52,4.96,22.32,85.81,0.18,154.46
Bilinga,4224,1761283800,,-28.14275,153.51375,0.88,1.43,9.52,4.85,22.27,77.64,0.11,133.27
Bilinga,4224,1761285600,,-28.14274,153.51377,0.75,1.15,9.52,4.42,22.32,86.07,0.12,141.98
Bilinga,4224,1761287400,,-28.14271,153.51377,0.84,1.35,9.52,4.63,22.36,81.06,0.12,120.18
Bilinga,4224,1761289200,,-28.1427,153.51377,0.83,1.36,10.0,4.79,22.32,77.02,0.08,133.27
Bilinga,4224,1761291000,,-28.14268,153.51377,0.86,1.42,8.7,4.89,22.18,73.68,0.07,105.67
Bilinga,4224,1761292800,,-28.14266,153.51377,0.88,1.45,9.09,4.71,22.01,73.33,0.09,88.0
Bilinga,4224,1761294600,,-28.14265,153.51377,0.84,1.57,9.09,4.7,21.92,76.49,0.08,37.98
Bilinga,4224,1761296400,,-28.14262,153.51377,0.86,1.46,9.52,4.85,21.74,72.18,0.12,351.03
Bilinga,4224,1761298200,,-28.1426,153.51377,0.79,1.54,9.52,4.61,21.69,68.84,0.16,39.65
Bilinga,4224,1761300000,,-28.14262,153.51375,0.82,1.31,9.52,4.94,21.65,67.96,0.08,73.14
Bilinga,4224,1761301800,,-28.14265,153.51369,0.77,1.38,9.52,4.7,21.61,72.8,0.08,54.07
Bilinga,4224,1761303600,,-28.14265,153.51362,0.75,1.32,9.52,4.56,21.61,70.07,0.1,12.75
Bilinga,4224,1761305400,,-28.14266,153.51358,0.76,1.42,9.09,4.82,21.61,71.48,0.08,1.05
Bilinga,4224,1761307200,,-28.14266,153.5136,0.72,1.22,9.52,4.81,21.61,75.44,0.09,20.66
Bilinga,4224,1761309000,,-28.14266,153.51352,0.73,1.41,9.52,4.86,21.61,77.2,0.09,45.27
Bilinga,4224,1761310800,,-28.1426,153.51343,0.71,1.2,9.52,4.79,21.61,73.15,0.08,356.75
Bilinga,4224,1761312600,,-28.14255,153.51343,0.71,1.21,9.52,5.03,21.56,70.6,0.07,339.16
Bilinga,4224,1761314400,,-28.14248,153.51343,0.71,1.33,9.09,4.99,21.38,68.49,0.08,354.02
Bilinga,4224,1761316200,,-28.14247,153.51341,0.73,1.08,8.7,5.43,21.34,74.03,0.07,291.08
Bilinga,4224,1761318000,,-28.1424,153.51339,0.71,1.16,9.09,5.18,21.34,71.39,0.06,308.75
Bilinga,4224,1761319800,,-28.14233,153.51332,0.65,1.31,8.7,4.48,21.34,74.38,0.09,291.96
Bilinga,4224,1761321600,,-28.1423,153.51332,0.67,1.06,9.09,4.69,21.25,70.25,0.06,272.53
Bilinga,4224,1761323400,,-28.14229,153.51332,0.71,1.22,9.09,4.74,21.21,67.61,0.01,325.89
Bilinga,4224,1761325200,,-28.1423,153.51332,0.72,1.03,9.09,4.38,21.08,75.0,0.08,340.04
Bilinga,4224,1761327000,,-28.14229,153.51328,0.72,1.28,9.09,4.51,21.03,72.18,0.08,345.85
Bilinga,4224,1761328800,,-28.14226,153.51328,0.66,1.17,9.09,4.37,20.99,68.76,0.02,353.76
Bilinga,4224,1761330600,,-28.14225,153.51328,0.7,1.13,9.09,4.47,20.94,72.45,0.04,275.25
Bilinga,4224,1761332400,,-28.14225,153.51328,0.67,1.2,9.09,4.65,20.94,67.88,0.04,319.12
Bilinga,4224,1761334200,,-28.14223,153.51328,0.68,1.29,9.09,4.76,20.9,62.51,0.06,316.4
Bilinga,4224,1761336000,,-28.14223,153.51328,0.67,0.96,8.7,4.77,20.9,73.85,0.05,248.09
Bilinga,4224,1761337800,,-28.14225,153.51328,0.65,1.08,9.09,4.36,20.9,64.27,0.05,276.57
Bilinga,4224,1761339600,,-28.14223,153.51332,0.67,1.01,9.09,4.42,20.94,67.35,0.04,253.1
Bilinga,4224,1761341400,,-28.14223,153.51328,0.68,1.08,9.09,4.5,20.99,78.25,0.08,225.58
Bilinga,4224,1761343200,,-28.14225,153.51328,0.64,0.98,8.7,4.33,21.08,69.2,0.04,200.18
Bilinga,4224,1761345000,,-28.1423,153.51326,0.64,1.12,9.09,4.34,21.12,69.99,0.05,193.32
Bilinga,4224,1761346800,,-28.14233,153.51326,0.67,1.1,8.33,4.33,21.12,71.57,0.01,252.84
Bilinga,4224,1761348600,,-28.1424,153.51324,0.69,1.34,8.7,4.24,21.21,72.89,0.03,184.0
Bilinga,4224,1761350400,,-28.14241,153.51324,0.71,1.29,8.7,4.13,21.21,66.82,0.07,235.69
Bilinga,4224,1761352200,,-28.14237,153.51319,0.7,1.14,8.7,4.15,21.25,69.55,0.07,243.16
Bilinga,4224,1761354000,,-28.14235,153.51317,0.68,1.17,8.33,4.04,21.34,67.7,0.06,253.19
Bilinga,4224,1761355800,,-28.1423,153.51315,0.68,1.17,9.09,4.03,21.34,68.49,0.02,246.51
Bilinga,4224,1761357600,,-28.14237,153.51307,0.78,1.41,8.7,4.17,22.1,72.54,0.16,206.15
Bilinga,4224,1761359400,,-28.14263,153.51317,0.73,1.35,8.7,4.16,22.27,70.25,0.17,159.38
Bilinga,4224,1761361200,,-28.1428,153.51334,0.76,1.34,8.7,4.12,22.32,67.17,0.18,148.48
Bilinga,4224,1761363000,,-28.1428,153.51354,0.8,1.22,8.7,4.12,22.41,77.2,0.17,141.63
Bilinga,4224,1761364800,,-28.14277,153.51362,0.77,1.15,4.88,4.01,22.45,104.1,0.13,147.87
Bilinga,4224,1761366600,,-28.1427,153.51371,0.77,1.16,5.41,4.0,22.45,94.78,0.15,136.09
Bilinga,4224,1761368400,,-28.1427,153.51371,0.78,1.21,4.88,4.04,22.41,99.0,0.18,127.12
Bilinga,4224,1761370200,,-28.14271,153.51371,0.79,1.28,8.7,4.1,22.41,81.5,0.16,122.29
Bilinga,4224,1761372000,,-28.14271,153.51371,0.76,1.41,5.13,4.1,22.45,96.27,0.12,120.26
Bilinga,4224,1761373800,,-28.1427,153.51375,0.81,1.54,8.33,4.15,22.41,77.46,0.17,122.81
Bilinga,4224,1761375600,,-28.14266,153.51377,0.75,1.33,4.65,4.08,22.36,90.03,0.13,129.14
Bilinga,4224,1761377400,,-28.14266,153.51377,0.76,1.26,4.88,4.22,22.41,95.31,0.19,136.53
Bilinga,4224,1761379200,,-28.14266,153.5138,0.71,1.37,9.09,4.14,22.32,80.89,0.17,127.38
Bilinga,4224,1761381000,,-28.1427,153.51375,0.72,1.27,5.0,4.18,22.32,97.77,0.15,111.21
Bilinga,4224,1761382800,,-28.1427,153.51375,0.75,1.2,8.7,4.3,22.32,81.42,0.13,94.77
Bilinga,4224,1761384600,,-28.14271,153.51375,0.72,1.16,8.7,4.25,22.32,85.81,0.15,86.95
Bilinga,4224,1761386400,,-28.14271,153.51373,0.71,1.47,4.88,4.02,22.27,90.12,0.14,102.77
Bilinga,4224,1761388200,,-28.14271,153.51373,0.71,1.29,8.33,3.97,22.23,82.82,0.13,105.05
Bilinga,4224,1761390000,,-28.14271,153.51371,0.75,1.23,8.33,4.01,22.27,78.25,0.17,96.18
Bilinga,4224,1761391800,,-28.14274,153.51371,0.69,1.31,8.0,3.87,22.23,71.66,0.11,91.96
Bilinga,4224,1761393600,,-28.14271,153.51371,0.74,1.21,8.33,4.19,22.18,76.05,0.13,80.53
Bilinga,4224,1761395400,,-28.14271,153.51369,0.65,1.14,9.09,3.89,22.18,75.61,0.1,91.96
Bilinga,4224,1761397200,,-28.14271,153.51367,0.68,1.25,8.7,3.97,22.18,79.31,0.08,92.92
Bilinga,4224,1761399000,,-28.1427,153.51369,0.69,1.22,8.33,4.06,22.18,68.84,0.09,79.65
Bilinga,4224,1761400800,,-28.1427,153.51367,0.68,1.08,9.09,4.08,22.14,75.7,0.08,80.18
Bilinga,4224,1761402600,,-28.14268,153.51369,0.64,1.14,9.52,4.04,22.1,81.59,0.07,60.92
Bilinga,4224,1761404400,,-28.14266,153.51367,0.63,1.12,8.7,4.15,22.05,72.71,0.07,66.99
Bilinga,4224,1761406200,,-28.14268,153.51369,0.66,1.08,9.09,4.4,22.05,75.61,0.09,33.49
Bilinga,4224,1761408000,,-28.1427,153.51367,0.63,1.2,9.09,4.43,22.05,77.9,0.07,36.13
Bilinga,4224,1761409800,,-28.14268,153.51367,0.61,0.98,9.09,4.42,22.05,71.66,0.01,60.57
Bilinga,4224,1761411600,,-28.1427,153.51365,0.59,0.89,5.0,4.33,22.05,76.84,0.03,35.96
Bilinga,4224,1761413400,,-28.14271,153.5136,0.6,0.89,9.09,4.47,22.01,71.13,0.08,358.95
Bilinga,4224,1761415200,,-28.14271,153.5136,0.65,1.13,8.7,4.66,21.96,72.27,0.07,45.36
Bilinga,4224,1761417000,,-28.14271,153.5136,0.65,1.01,8.7,4.63,21.96,69.63,0.03,42.81
Bilinga,4224,1761418800,,-28.14271,153.51362,0.62,0.94,9.09,4.7,21.96,78.95,0.02,105.76
Bilinga,4224,1761420600,,-28.1427,153.51362,0.64,0.92,9.52,4.5,21.96,76.93,0.01,202.64
Bilinga,4224,1761422400,,-28.1427,153.51362,0.63,1.13,9.52,4.4,21.96,74.03,0.02,230.24
Bilinga,4224,1761424200,,-28.14271,153.51362,0.66,1.33,9.09,4.48,21.96,73.15,0.05,179.52
Bilinga,4224,1761426000,,-28.14274,153.51362,0.64,1.29,9.52,4.11,21.96,74.82,0.02,46.59
Bilinga,4224,1761427800,,-28.14275,153.5136,0.64,0.98,4.88,3.9,21.96,74.73,0.06,157.27
Bilinga,4224,1761429600,,-28.14277,153.51356,0.66,1.19,5.0,3.89,21.96,77.02,0.04,75.52
Bilinga,4224,1761431400,,-28.14278,153.51354,0.66,1.09,8.33,3.76,22.01,78.69,0.1,162.29
Bilinga,4224,1761433200,,-28.14278,153.51347,0.69,1.12,9.09,3.6,21.96,83.17,0.08,105.58
Bilinga,4224,1761435000,,-28.1428,153.5135,0.7,1.12,8.7,3.62,21.96,73.24,0.1,116.22
Bilinga,4224,1761436800,,-28.1428,153.51354,0.7,1.2,9.09,3.4,22.01,81.94,0.08,148.4
Bilinga,4224,1761438600,,-28.1428,153.51356,0.74,1.22,9.52,3.4,22.05,90.91,0.17,164.04
Bilinga,4224,1761440400,,-28.1428,153.51356,0.75,1.4,9.09,3.39,22.14,84.49,0.16,162.11
Bilinga,4224,1761442200,,-28.14278,153.51362,0.75,1.15,8.7,3.27,22.18,85.81,0.14,167.21
Bilinga,4224,1761444000,,-28.14277,153.51365,0.81,1.43,4.88,3.3,22.18,81.94,0.16,151.21
Bilinga,4224,1761445800,,-28.14275,153.51371,0.77,1.17,8.33,3.34,22.18,73.24,0.16,149.36
Bilinga,4224,1761447600,,-28.14275,153.51369,0.83,1.37,3.51,3.32,22.18,35.09,0.14,133.71
Bilinga,4224,1761449400,,-28.14274,153.51371,0.91,1.57,3.7,3.49,22.1,35.09,0.17,157.19
Bilinga,4224,1761451200,,-28.14271,153.51371,0.93,1.37,3.85,3.43,22.14,37.63,0.14,136.09
Bilinga,4224,1761453000,,-28.14274,153.51371,0.87,1.71,3.92,3.49,22.1,41.15,0.11,138.37
Bilinga,4224,1761454800,,-28.14274,153.51371,0.98,1.83,4.55,3.65,22.18,47.04,0.11,103.82
Bilinga,4224,1761456600,,-28.14274,153.51369,1.03,1.69,4.44,3.67,22.18,37.28,0.14,140.4
Bilinga,4224,1761458400,,-28.14275,153.51367,1.02,1.74,4.08,3.61,22.14,20.93,0.15,133.27
Bilinga,4224,1761460200,,-28.14271,153.51369,0.94,1.52,4.35,3.56,22.14,42.47,0.1,127.56
Bilinga,4224,1761462000,,-28.1427,153.51369,0.92,1.66,4.08,3.64,22.1,31.57,0.06,90.64
Bilinga,4224,1761463800,,-28.14271,153.51365,0.87,1.6,4.44,3.61,22.1,54.07,0.08,76.4
Bilinga,4224,1761465600,,-28.14274,153.51362,0.85,1.41,4.76,3.75,22.1,55.66,0.05,91.87
Bilinga,4224,1761467400,,-28.14277,153.5136,0.91,1.39,5.26,3.84,22.1,50.21,0.06,74.11
Bilinga,4224,1761469200,,-28.14275,153.5136,0.96,1.57,5.0,3.83,22.1,44.58,0.05,100.31
Bilinga,4224,1761471000,,-28.14275,153.51362,1.04,1.71,5.0,3.85,22.1,42.03,0.05,96.09
Bilinga,4224,1761472800,,-28.14274,153.51371,1.13,1.89,5.13,4.07,22.1,34.12,0.09,150.95
Bilinga,4224,1761474600,,-28.14274,153.51367,1.2,1.93,5.26,4.15,22.1,40.01,0.08,70.07
Bilinga,4224,1761476400,,-28.14275,153.51367,1.22,1.99,5.88,4.19,22.1,42.73,0.07,109.27
Bilinga,4224,1761478200,,-28.14275,153.51362,1.36,2.48,5.71,4.49,22.1,33.06,0.04,102.33
Bilinga,4224,1761480000,,-28.14277,153.51362,1.49,2.46,6.45,4.73,22.05,35.61,0.05,121.32
Bilinga,4224,1761481800,,-28.14277,153.51362,1.55,2.68,6.45,4.76,22.05,38.69,0.09,103.21
Bilinga,4224,1761483600,,-28.14275,153.51365,1.51,2.62,6.67,4.74,22.05,38.43,0.09,93.36
Bilinga,4224,1761485400,,-28.14275,153.5136,1.39,2.42,6.67,4.83,22.05,33.5,0.05,81.85
Bilinga,4224,1761487200,,-28.14275,153.51358,1.41,2.17,6.67,4.84,22.05,38.34,0.03,75.34
Bilinga,4224,1761487200,,-28.14275,153.51356,1.41,2.17,6.67,4.84,22.05,38.34,0.03,75.34
Bilinga,4224,1761489000,,-28.14274,153.51356,1.25,2.34,6.67,4.63,22.05,34.47,0.07,51.25
Bilinga,4224,1761490800,,-28.14275,153.51356,1.21,1.78,6.45,4.58,22.05,33.15,0.03,52.04
Bilinga,4224,1761492600,,-28.14275,153.51356,1.07,2.23,5.71,4.32,22.05,32.62,0.02,328.88
Bilinga,4224,1761494400,,-28.14275,153.51358,1.01,1.57,5.88,4.3,22.05,32.18,0.02,99.52
Bilinga,4224,1761496200,,-28.14271,153.51362,0.94,1.7,6.25,4.25,22.05,32.01,0.06,65.76
Bilinga,4224,1761498000,,-28.14274,153.51365,0.98,1.48,6.45,4.19,22.05,31.04,0.03,104.18
Bilinga,4224,1761499800,,-28.14275,153.5136,0.93,1.46,6.25,4.26,22.05,24.54,0.05,117.63
Bilinga,4224,1761501600,,-28.14277,153.51356,0.91,1.75,6.25,4.16,22.05,21.63,0.07,145.93
Bilinga,4224,1761503400,,-28.14277,153.51356,0.9,1.44,5.71,4.22,22.05,26.65,0.02,156.57
Bilinga,4224,1761505200,,-28.14277,153.51354,0.86,1.35,5.56,4.26,22.05,23.31,0.03,106.81
Bilinga,4224,1761507000,,-28.14275,153.51352,0.91,1.54,6.67,4.51,22.05,23.66,0.01,93.89
Bilinga,4224,1761508800,,-28.14275,153.51356,0.88,1.53,6.67,4.53,22.05,27.7,0.03,48.09
Bilinga,4224,1761510600,,-28.14275,153.51356,0.9,1.38,5.88,4.44,22.05,31.66,0.04,351.3
Bilinga,4224,1761512400,,-28.14278,153.51356,0.89,1.31,6.25,4.53,22.05,27.09,0.05,146.02
Bilinga,4224,1761514200,,-28.14278,153.51356,0.86,1.51,6.67,4.23,22.05,27.79,0.07,132.66
Bilinga,4224,1761516000,,-28.14277,153.51358,0.86,1.37,6.25,4.26,22.05,26.47,0.09,131.96
Bilinga,4224,1761517800,,-28.14277,153.5136,0.85,1.3,5.0,4.13,22.1,28.84,0.1,132.57
Bilinga,4224,1761519600,,-28.14277,153.51356,0.86,1.29,5.88,4.08,22.14,25.77,0.08,100.48
Bilinga,4224,1761521400,,-28.14277,153.5136,0.87,1.39,5.88,4.09,22.18,24.62,0.07,101.63
Bilinga,4224,1761523200,,-28.14277,153.5136,0.79,1.34,14.29,3.91,22.18,99.09,0.09,114.2
Bilinga,4224,1761525000,,-28.14277,153.51362,0.83,1.4,14.29,4.13,22.27,92.14,0.1,121.41
Bilinga,4224,1761526800,,-28.14277,153.51362,0.87,1.4,14.29,4.09,22.27,92.84,0.14,140.84
Bilinga,4224,1761528600,,-28.14278,153.51362,0.87,1.45,14.29,4.15,22.32,97.85,0.07,118.95
Bilinga,4224,1761530400,,-28.14277,153.51367,0.81,1.38,14.29,3.96,22.32,107.35,0.16,95.47
Bilinga,4224,1761532200,,-28.14277,153.51362,0.77,1.14,13.33,3.75,22.32,103.04,0.13,122.37
Bilinga,4224,1761534000,,-28.14278,153.5136,0.81,1.46,14.29,3.91,22.36,101.37,0.13,130.9
Bilinga,4224,1761535800,,-28.14277,153.51365,0.77,1.24,14.29,3.69,22.41,95.31,0.16,127.91
Bilinga,4224,1761537600,,-28.14275,153.51375,0.81,1.15,13.33,3.63,22.41,93.63,0.18,138.81
Bilinga,4224,1761539400,,-28.14275,153.51373,0.86,1.38,14.29,3.8,22.41,90.65,0.19,122.81
Bilinga,4224,1761541200,,-28.14275,153.51373,0.81,1.48,14.29,3.66,22.36,90.47,0.18,122.9
Bilinga,4224,1761543000,,-28.14275,153.51375,0.83,1.34,13.33,3.71,22.32,96.1,0.18,126.42
Bilinga,4224,1761544800,,-28.14271,153.51377,0.83,1.81,14.29,3.73,22.23,97.42,0.25,104.44
Bilinga,4224,1761546600,,-28.1427,153.51377,0.84,1.29,14.29,3.9,22.23,92.58,0.13,120.79
Bilinga,4224,1761548400,,-28.1427,153.51377,0.77,1.33,13.33,3.8,22.18,91.7,0.09,111.82
Bilinga,4224,1761550200,,-28.14268,153.51377,0.7,1.29,13.33,3.99,22.23,94.34,0.08,88.26
Bilinga,4224,1761552000,,-28.14268,153.51377,0.74,1.27,14.29,4.48,22.18,94.07,0.08,79.12
Bilinga,4224,1761553800,,-28.14265,153.51371,0.7,1.14,14.29,3.8,22.18,89.94,0.08,83.69
Bilinga,4224,1761555600,,-28.14263,153.51371,0.73,1.28,14.29,3.84,22.14,83.35,0.03,93.45
Bilinga,4224,1761557400,,-28.14255,153.51375,0.63,1.01,13.33,3.31,22.1,80.18,0.01,127.21
Bilinga,4224,1761559200,,-28.14232,153.51371,0.63,1.13,13.33,3.31,22.05,84.58,0.03,291.16
Bilinga,4224,1761561000,,-28.14214,153.51358,0.57,1.02,13.33,3.17,22.05,84.49,0.1,338.37
Bilinga,4224,1761562800,,-28.14208,153.5135,0.55,0.9,13.33,3.28,22.05,88.98,0.04,215.38
Bilinga,4224,1761564600,,-28.14207,153.51337,0.5,0.91,13.33,3.14,22.01,79.74,0.15,323.16
Bilinga,4224,1761566400,,-28.14205,153.51322,0.49,0.93,13.33,3.26,22.05,77.55,0.15,300.84
Bilinga,4224,1761568200,,-28.14203,153.51317,0.49,1.01,13.33,3.07,22.05,75.44,0.17,296.79
Bilinga,4224,1761570000,,-28.14202,153.51311,0.52,0.84,13.33,3.06,22.01,70.95,0.19,299.78
Bilinga,4224,1761571800,,-28.14196,153.51307,0.53,0.87,13.33,3.24,22.01,82.38,0.14,301.54
Bilinga,4224,1761573600,,-28.14202,153.51298,0.55,0.89,13.33,3.27,22.01,85.99,0.09,309.98
Bilinga,4224,1761575400,,-28.14198,153.513,0.57,1.04,13.33,3.59,21.96,82.12,0.14,314.02
Bilinga,4224,1761577200,,-28.14198,153.51302,0.54,0.91,6.9,3.98,21.92,66.03,0.07,290.46
Bilinga,4224,1761579000,,-28.14202,153.51302,0.59,0.95,6.67,4.17,21.92,71.04,0.05,308.48
Bilinga,4224,1761580800,,-28.142,153.51302,0.6,1.18,7.69,4.16,21.92,74.29,0.02,353.41
Bilinga,4224,1761582600,,-28.14198,153.51305,0.67,1.04,8.0,4.19,21.92,59.35,0.11,323.52
Bilinga,4224,1761584400,,-28.14195,153.51311,0.62,1.06,7.69,4.08,21.87,66.47,0.03,266.55
Bilinga,4224,1761586200,,-28.14192,153.51315,0.65,0.99,8.0,4.07,21.87,67.0,0.07,261.71
Bilinga,4224,1761588000,,-28.1419,153.51317,0.67,1.4,7.14,4.36,21.83,74.56,0.03,198.95
Bilinga,4224,1761589800,,-28.14192,153.51315,0.75,1.19,7.69,4.38,21.78,59.17,0.07,293.1
Bilinga,4224,1761591600,,-28.14192,153.51313,0.73,1.13,6.9,4.13,21.83,69.46,0.04,254.33
Bilinga,4224,1761593400,,-28.1419,153.51313,0.8,1.13,7.41,4.27,21.83,74.65,0.03,257.23
Bilinga,4224,1761595200,,-28.14192,153.51317,0.76,1.25,7.69,4.35,21.78,78.43,0.05,241.49
Bilinga,4224,1761597000,,-28.1419,153.51317,0.79,1.28,7.41,4.34,21.78,71.66,0.03,271.12
Bilinga,4224,1761598800,,-28.14192,153.51317,0.86,1.35,6.06,4.56,21.78,73.77,0.02,310.24
Bilinga,4224,1761600600,,-28.14192,153.51317,0.88,1.37,6.67,4.68,21.78,81.59,0.05,314.11
Bilinga,4224,1761602400,,-28.14192,153.51313,0.86,1.3,6.67,4.51,21.78,79.22,0.04,310.86
Bilinga,4224,1761604200,,-28.14198,153.51307,1.03,1.63,7.41,4.31,21.74,85.02,0.11,314.9
Bilinga,4224,1761606000,,-28.14217,153.51296,1.08,1.68,5.71,4.14,21.83,89.42,0.09,269.45
Bilinga,4224,1761607800,,-28.14229,153.51289,1.05,1.72,6.9,4.09,21.83,83.35,0.08,265.67
Bilinga,4224,1761609600,,-28.14233,153.51287,1.07,1.66,6.06,4.06,21.78,90.73,0.12,251.16
Bilinga,4224,1761611400,,-28.14241,153.51287,1.11,1.86,4.76,4.1,21.83,92.23,0.09,222.33
Bilinga,4224,1761613200,,-28.14244,153.51287,1.15,1.93,5.0,4.15,21.83,86.16,0.08,212.31
Bilinga,4224,1761615000,,-28.14248,153.51287,1.24,2.17,5.71,4.14,21.87,83.7,0.12,227.43
Bilinga,4224,1761616800,,-28.14244,153.51287,1.28,2.11,5.41,4.16,21.83,89.06,0.1,278.77
Bilinga,4224,1761618600,,-28.14237,153.51279,1.39,2.23,5.88,4.14,21.78,87.66,0.14,280.88
Bilinga,4224,1761620400,,-28.14222,153.51272,1.38,2.07,6.67,4.21,21.74,79.92,0.14,298.73
Bilinga,4224,1761622200,,-28.14202,153.51274,1.37,2.58,6.45,4.27,21.74,78.87,0.19,294.24
Bilinga,4224,1761624000,,-28.14188,153.51283,1.3,2.38,5.88,4.25,21.74,83.7,0.2,292.04
Bilinga,4224,1761625800,,-28.14184,153.51287,1.43,2.52,5.88,4.35,21.69,85.81,0.18,298.02
Bilinga,4224,1761627600,,-28.1418,153.51302,1.4,2.09,6.25,4.34,22.41,82.82,0.09,253.27
Bilinga,4224,1761629400,,-28.1418,153.51302,1.33,2.22,6.06,4.42,22.45,85.46,0.09,225.76
Bilinga,4224,1761631200,,-28.14181,153.513,1.4,2.35,6.67,4.32,22.41,83.26,0.1,217.67
Bilinga,4224,1761633000,,-28.14187,153.51287,1.41,2.13,6.45,4.31,22.41,77.37,0.12,244.04
Bilinga,4224,1761634800,,-28.14188,153.51287,1.27,2.18,5.71,4.25,22.36,75.52,0.09,273.32
Bilinga,4224,1761636600,,-28.14188,153.51283,1.3,2.44,6.45,4.22,22.36,79.57,0.13,284.66
Bilinga,4224,1761638400,,-28.14187,153.51283,1.26,2.0,6.06,4.2,22.32,82.29,0.12,273.58
Bilinga,4224,1761640200,,-28.14187,153.51283,1.31,2.31,6.45,4.31,22.36,75.96,0.14,308.04
Bilinga,4224,1761642000,,-28.14188,153.51283,1.27,2.25,6.45,4.16,22.41,76.14,0.16,271.21
Bilinga,4224,1761643800,,-28.1419,153.51281,1.33,2.21,6.25,4.35,22.45,79.48,0.15,263.21
Bilinga,4224,1761645600,,-28.14188,153.51281,1.22,2.31,6.67,4.6,22.45,80.36,0.2,317.19
Bilinga,4224,1761647400,,-28.14185,153.51287,1.21,2.2,6.67,4.78,22.41,72.45,0.15,321.76
Bilinga,4224,1761649200,,-28.14181,153.51289,1.19,1.77,6.9,4.92,22.36,70.6,0.26,337.67
Bilinga,4224,1761651000,,-28.14184,153.51287,1.19,2.21,6.25,5.18,22.1,71.92,0.22,331.08
Bilinga,4224,1761652800,,-28.14184,153.51287,1.3,2.26,6.45,5.1,21.96,76.93,0.2,330.9
Bilinga,4224,1761654600,,-28.14184,153.51287,1.2,2.22,6.67,5.08,22.1,69.81,0.19,316.66
Bilinga,4224,1761656400,,-28.14185,153.51285,1.2,1.9,6.9,5.27,22.18,74.12,0.12,305.67
Bilinga,4224,1761658200,,-28.14185,153.51287,1.19,2.09,6.67,5.51,21.96,74.82,0.21,300.4
Bilinga,4224,1761660000,,-28.14188,153.51283,1.21,2.02,7.14,5.54,22.01,76.58,0.12,297.93
Bilinga,4224,1761661800,,-28.14187,153.51283,1.29,2.15,6.9,5.4,22.05,72.36,0.12,291.96
Bilinga,4224,1761663600,,-28.14188,153.51283,1.47,2.35,7.41,5.23,22.05,81.77,0.12,291.6
Bilinga,4224,1761665400,,-28.1419,153.51281,1.36,2.17,6.9,4.9,22.1,74.47,0.1,312.62
Bilinga,4224,1761667200,,-28.14187,153.51283,1.49,2.55,7.14,5.16,22.18,72.45,0.1,294.15
Bilinga,4224,1761669000,,-28.14188,153.51283,1.59,2.94,7.41,5.59,22.27,75.7,0.1,275.25
Bilinga,4224,1761670800,,-28.14187,153.51283,1.54,2.31,7.41,5.46,22.23,71.39,0.12,292.92
Bilinga,4224,1761672600,,-28.14187,153.51285,1.55,2.24,8.0,5.69,22.27,66.12,0.09,279.12
Bilinga,4224,1761674400,,-28.14185,153.51287,1.55,2.56,7.69,5.83,22.27,72.27,0.09,292.57
Bilinga,4224,1761676200,,-28.14187,153.51283,1.85,2.83,7.69,6.14,22.32,73.24,0.07,280.0
Bilinga,4224,1761678000,,-28.14188,153.51287,1.6,2.79,8.0,5.93,22.36,74.29,0.1,278.77
Bilinga,4224,1761679800,,-28.14187,153.51287,1.57,2.47,7.69,6.0,22.36,76.76,0.1,272.7
Bilinga,4224,1761681600,,-28.14188,153.51287,1.61,3.07,8.0,6.05,22.36,76.14,0.06,300.31
Bilinga,4224,1761683400,,-28.1419,153.51287,1.71,2.56,8.0,6.02,22.41,72.8,0.02,294.86
Bilinga,4224,1761685200,,-28.14205,153.51281,1.74,3.26,8.33,6.36,22.45,70.78,0.07,341.27
Bilinga,4224,1761687000,,-28.14207,153.51283,1.75,2.62,8.7,6.25,22.45,69.28,0.03,266.02
Bilinga,4224,1761688800,,-28.14211,153.51294,1.74,2.78,8.0,6.23,22.41,80.45,0.01,286.15
Bilinga,4224,1761690600,,-28.14235,153.51311,1.98,3.0,8.0,6.37,22.41,72.54,0.07,356.57
Bilinga,4224,1761692400,,-28.14245,153.51317,1.97,2.72,8.33,6.39,22.45,71.83,0.03,357.8
Bilinga,4224,1761694200,,-28.1425,153.51332,1.7,2.48,8.0,6.12,22.45,73.59,0.02,342.15
Bilinga,4224,1761696000,,-28.14253,153.51345,1.79,3.09,7.69,6.32,22.45,71.66,0.03,115.96
Bilinga,4224,1761697800,,-28.14265,153.51354,1.81,3.04,8.7,6.33,22.54,72.98,0.03,85.36
Bilinga,4224,1761699600,,-28.14263,153.51347,1.58,2.47,7.69,5.95,22.27,76.67,0.09,263.38
Bilinga,4224,1761701400,,-28.14265,153.51356,1.77,2.68,8.33,6.17,22.32,72.98,0.06,278.68
Bilinga,4224,1761703200,,-28.14263,153.51362,1.71,2.6,8.0,6.11,22.45,76.84,0.05,289.76
Bilinga,4224,1761705000,,-28.14265,153.51358,1.58,2.34,8.33,5.72,22.45,79.74,0.04,234.81
Bilinga,4224,1761706800,,-28.14268,153.51354,1.6,2.85,8.7,5.63,22.45,76.49,0.09,224.18
Bilinga,4224,1761708600,,-28.1427,153.51352,1.56,2.66,8.33,5.62,22.54,78.95,0.08,250.81
Bilinga,4224,1761710400,,-28.14271,153.51347,1.54,2.45,8.0,5.57,22.59,84.05,0.06,219.96
Bilinga,4224,1761712200,,-28.14271,153.51343,1.6,2.76,8.33,5.6,22.63,78.78,0.04,225.93
Bilinga,4224,1761714000,,-28.14271,153.51334,1.38,2.23,8.33,5.31,22.68,80.36,0.06,253.1
Bilinga,4224,1761715800,,-28.14271,153.51332,1.49,2.28,8.33,5.4,22.68,82.73,0.03,152.97
Bilinga,4224,1761717600,,-28.1427,153.51324,1.4,2.48,8.33,5.35,22.68,83.09,0.02,138.11
Bilinga,4224,1761719400,,-28.14262,153.51309,1.38,2.17,8.33,5.28,22.68,84.23,0.04,151.74
Bilinga,4224,1761721200,,-28.14252,153.513,1.37,2.14,8.0,5.29,22.68,85.55,0.04,183.12
Bilinga,4224,1761723000,,-28.14245,153.51298,1.41,2.19,8.33,5.41,22.63,84.84,0.03,107.6
Bilinga,4224,1761724800,,-28.14244,153.51292,1.3,1.96,8.33,5.34,22.68,84.93,0.01,150.24
Bilinga,4224,1761726600,,-28.1424,153.51292,1.32,2.11,8.33,5.51,22.63,85.02,0.02,122.46
Bilinga,4224,1761728400,,-28.1424,153.51287,1.27,2.28,7.69,5.25,22.59,88.71,0.04,7.38
Bilinga,4224,1761730200,,-28.14235,153.51285,1.22,1.86,8.33,5.22,22.54,84.93,0.05,351.82
Bilinga,4224,1761732000,,-28.14232,153.51285,1.18,1.71,8.0,5.24,22.54,88.1,0.05,358.86
Bilinga,4224,1761733800,,-28.14229,153.51285,1.28,2.01,7.69,5.69,22.45,87.83,0.04,37.36
Bilinga,4224,1761735600,,-28.1422,153.51281,1.31,2.14,8.33,5.66,22.36,87.04,0.07,3.69
Bilinga,4224,1761737400,,-28.1421,153.51281,1.29,2.14,8.0,5.69,22.41,85.46,0.06,331.25
Bilinga,4224,1761739200,,-28.14205,153.51281,1.14,1.71,8.0,5.59,22.41,88.27,0.05,359.47
Bilinga,4224,1761741000,,-28.14203,153.51281,1.19,2.3,8.33,5.76,22.41,87.74,0.05,326.59
Bilinga,4224,1761742800,,-28.14203,153.51281,1.15,1.84,8.33,5.84,22.45,86.43,0.07,316.4
Bilinga,4224,1761744600,,-28.14198,153.51285,1.07,1.67,8.0,5.59,22.45,81.77,0.02,290.11
Bilinga,4224,1761746400,,-28.14198,153.51287,1.05,1.49,8.33,5.49,22.5,84.32,0.05,185.32
Bilinga,4224,1761748200,,-28.14195,153.51287,1.08,1.75,8.33,5.84,22.45,81.24,0.1,322.2
Bilinga,4224,1761750000,,-28.14195,153.51287,1.14,1.79,8.33,6.02,22.41,85.46,0.02,304.79
Bilinga,4224,1761751800,,-28.14196,153.51287,1.06,1.59,8.0,5.87,22.45,87.66,0.03,51.6
Bilinga,4224,1761753600,,-28.14198,153.51287,1.15,1.75,8.33,6.08,22.36,84.76,0.03,45.71
Bilinga,4224,1761755400,,-28.142,153.51285,1.04,1.74,8.7,5.88,22.41,80.71,0.08,357.19
Bilinga,4224,1761757200,,-28.142,153.51285,1.08,1.74,7.69,5.95,22.45,83.0,0.03,94.42
Bilinga,4224,1761759000,,-28.14202,153.51287,1.02,1.56,8.33,6.12,22.45,83.52,0.04,189.27
Bilinga,4224,1761760800,,-28.14203,153.51285,1.01,1.68,8.33,5.85,22.5,88.89,0.06,152.53
Bilinga,4224,1761762600,,-28.14207,153.51281,0.97,1.66,7.69,5.85,22.5,80.71,0.07,128.0
Bilinga,4224,1761764400,,-28.1421,153.51281,0.98,1.48,8.0,5.75,22.45,86.87,0.02,91.6
Bilinga,4224,1761766200,,-28.14207,153.51281,0.87,1.4,8.33,5.6,22.41,84.84,0.02,340.92
Bilinga,4224,1761768000,,-28.14208,153.51281,0.92,1.73,8.0,5.81,22.45,87.22,0.13,295.47
Bilinga,4224,1761769800,,-28.14211,153.51281,0.93,1.55,8.0,5.74,22.45,89.33,0.07,323.78
Bilinga,4224,1761771600,,-28.14217,153.51285,0.9,1.54,7.41,5.55,22.59,86.51,0.04,158.07
Bilinga,4224,1761773400,,-28.1422,153.51289,0.9,1.46,7.69,5.7,22.59,87.04,0.07,75.25
Bilinga,4224,1761775200,,-28.14223,153.51292,0.96,1.5,7.69,5.88,22.63,83.44,0.09,115.78
Bilinga,4224,1761777000,,-28.14229,153.51296,0.91,1.64,7.41,5.67,22.68,85.28,0.09,98.11
Bilinga,4224,1761778800,,-28.14232,153.51296,0.96,1.72,7.69,5.79,22.81,83.17,0.06,96.44
Bilinga,4224,1761780600,,-28.14238,153.51296,0.86,1.47,7.69,5.55,22.9,87.48,0.01,205.01
Bilinga,4224,1761782400,,-28.14244,153.513,0.91,1.61,8.0,5.34,23.04,92.58,0.03,194.64
Bilinga,4224,1761784200,,-28.1425,153.513,0.88,1.37,7.41,4.93,23.13,88.98,0.05,200.35
Bilinga,4224,1761786000,,-28.14257,153.513,0.92,1.47,8.0,4.71,23.22,93.02,0.04,125.63
Bilinga,4224,1761787800,,-28.14266,153.51311,0.99,1.57,8.0,4.59,23.22,89.85,0.07,176.53
Bilinga,4224,1761789600,,-28.14274,153.51319,0.95,1.61,7.69,4.43,23.13,94.43,0.06,154.73
Bilinga,4224,1761791400,,-28.14275,153.51324,0.95,1.78,7.69,4.33,23.13,95.04,0.03,113.49
Bilinga,4224,1761793200,,-28.14277,153.51326,0.99,1.8,7.41,4.42,23.13,101.72,0.08,170.99
Bilinga,4224,1761795000,,-28.14278,153.51328,0.93,1.59,7.14,4.19,23.13,92.58,0.11,142.95
Bilinga,4224,1761796800,,-28.14278,153.5133,0.95,1.52,8.7,4.15,23.08,98.38,0.04,103.74
Bilinga,4224,1761798600,,-28.14277,153.5133,0.99,1.73,7.41,4.2,23.04,96.27,0.08,111.03
Bilinga,4224,1761800400,,-28.14277,153.51334,0.92,1.48,8.0,4.07,23.04,93.63,0.04,133.01
Bilinga,4224,1761802200,,-28.14277,153.51339,1.0,1.59,8.0,4.06,23.04,93.2,0.1,104.26
Bilinga,4224,1761804000,,-28.14275,153.51339,0.98,1.58,7.69,4.08,22.99,90.91,0.07,103.47
Bilinga,4224,1761805800,,-28.14274,153.51339,0.97,1.55,7.14,4.1,22.99,95.48,0.09,115.52
Bilinga,4224,1761807600,,-28.14274,153.51337,1.0,1.57,7.69,4.16,22.99,93.55,0.07,118.86
Bilinga,4224,1761809400,,-28.14271,153.51339,0.95,1.41,7.41,4.13,22.99,93.99,0.05,78.24
Bilinga,4224,1761811200,,-28.14274,153.51332,0.94,1.47,7.14,4.39,23.04,92.58,0.07,100.92
Bilinga,4224,1761813000,,-28.14274,153.51337,0.86,1.71,8.0,4.26,23.04,93.72,0.06,102.68
Bilinga,4224,1761814800,,-28.14274,153.51337,0.85,1.4,7.14,4.32,23.04,91.35,0.05,56.88
Bilinga,4224,1761816600,,-28.14275,153.51337,0.83,1.45,7.69,4.33,23.04,89.85,0.04,53.8
Bilinga,4224,1761818400,,-28.14275,153.51337,0.88,1.4,7.41,4.36,22.99,93.2,0.09,85.63
Bilinga,4224,1761820200,,-28.14277,153.51337,0.78,1.37,7.41,4.12,22.99,90.47,0.02,50.81
Bilinga,4224,1761822000,,-28.14278,153.51334,0.78,1.24,8.7,4.04,22.99,93.63,0.05,110.51
Bilinga,4224,1761823800,,-28.14278,153.51337,0.75,1.4,9.09,4.02,22.95,94.07,0.02,269.89
Bilinga,4224,1761825600,,-28.14277,153.51334,0.76,1.13,8.7,4.23,22.95,91.7,0.02,318.07
Bilinga,4224,1761827400,,-28.14277,153.51332,0.73,1.11,8.7,4.24,22.9,94.95,0.01,15.12
Bilinga,4224,1761829200,,-28.14278,153.51332,0.68,1.01,7.41,4.07,22.9,93.11,0.05,32.44
Bilinga,4224,1761831000,,-28.14278,153.51332,0.68,1.14,9.09,4.13,22.9,92.84,0.09,49.93
Bilinga,4224,1761832800,,-28.14277,153.51332,0.7,1.07,11.11,4.19,22.9,87.83,0.07,44.48
Bilinga,4224,1761834600,,-28.14275,153.51334,0.72,1.19,9.52,4.2,22.9,90.91,0.12,41.85
Bilinga,4224,1761836400,,-28.14275,153.51339,0.69,1.25,9.52,4.32,22.9,93.46,0.11,55.03
Bilinga,4224,1761838200,,-28.14275,153.51343,0.69,1.28,9.09,4.25,22.95,89.94,0.12,12.84
Bilinga,4224,1761840000,,-28.14275,153.51341,0.7,1.39,7.69,4.44,22.95,88.71,0.09,17.58
Bilinga,4224,1761841800,,-28.14275,153.51341,0.69,1.17,10.0,4.33,22.9,92.76,0.06,38.86
Bilinga,4224,1761843600,,-28.14274,153.51343,0.71,1.08,9.52,4.35,22.95,91.88,0.06,301.01
Bilinga,4224,1761845400,,-28.14275,153.51339,0.67,1.03,10.53,4.36,22.95,86.25,0.1,58.11
Bilinga,4224,1761847200,,-28.14274,153.51343,0.71,1.16,11.11,4.67,22.95,85.02,0.07,280.44
Bilinga,4224,1761849000,,-28.14271,153.51347,0.68,1.15,9.09,4.6,22.99,87.83,0.04,227.96
Bilinga,4224,1761850800,,-28.1427,153.51347,0.72,1.23,10.53,4.92,22.95,87.13,0.06,193.32
Bilinga,4224,1761852600,,-28.14268,153.51347,0.69,1.33,10.0,4.94,22.9,84.93,0.04,171.08
Bilinga,4224,1761854400,,-28.1427,153.51347,0.67,1.0,9.09,4.9,22.9,87.48,0.04,210.81
Bilinga,4224,1761856200,,-28.14268,153.5135,0.7,1.24,10.0,5.06,22.9,84.76,0.09,262.24
Bilinga,4224,1761858000,,-28.14266,153.5135,0.76,1.21,10.53,5.28,22.95,86.51,0.07,232.88
Bilinga,4224,1761859800,,-28.14268,153.51347,0.72,1.39,10.0,5.08,22.99,88.98,0.06,258.73
Bilinga,4224,1761861600,,-28.14266,153.5135,0.71,1.4,10.0,5.17,23.04,88.36,0.06,234.55
Bilinga,4224,1761863400,,-28.1427,153.51347,0.73,1.21,10.53,4.69,23.13,87.74,0.03,221.45
Bilinga,4224,1761865200,,-28.14268,153.51347,0.73,1.23,10.53,4.52,23.08,90.12,0.04,179.08
Bilinga,4224,1761867000,,-28.14268,153.51347,0.71,1.12,9.52,4.31,23.13,87.74,0.05,166.68
Bilinga,4224,1761868800,,-28.14268,153.51343,0.71,1.14,10.0,4.23,23.13,83.35,0.06,185.41
Bilinga,4224,1761870600,,-28.14271,153.51345,0.76,1.36,9.09,4.27,23.17,87.92,0.05,162.29
Bilinga,4224,1761872400,,-28.1427,153.51343,0.76,1.47,10.53,4.24,23.17,87.48,0.04,164.57
Bilinga,4224,1761874200,,-28.14274,153.51341,0.75,1.16,9.09,4.11,23.17,91.7,0.07,168.09
Bilinga,4224,1761876000,,-28.14277,153.51339,0.79,1.27,10.53,4.16,23.17,92.49,0.08,157.89
Bilinga,4224,1761877800,,-28.14277,153.51339,0.79,1.22,9.09,4.13,23.17,91.44,0.06,144.44
Bilinga,4224,1761879600,,-28.14275,153.51339,0.79,1.28,10.53,4.2,23.31,92.05,0.1,128.97
Bilinga,4224,1761881400,,-28.14275,153.51341,0.84,1.44,11.11,4.3,23.4,92.93,0.09,140.48
Bilinga,4224,1761883200,,-28.14275,153.51341,0.81,1.37,10.53,4.18,23.35,90.73,0.09,141.54
Bilinga,4224,1761885000,,-28.14275,153.51347,0.85,1.39,10.0,4.21,23.4,93.55,0.12,156.75
Bilinga,4224,1761886800,,-28.14275,153.51341,0.8,1.49,10.53,4.15,23.31,92.32,0.13,110.95
Bilinga,4224,1761888600,,-28.14277,153.51343,0.79,1.31,5.41,4.23,23.26,80.98,0.07,83.08
Bilinga,4224,1761890400,,-28.14277,153.51345,0.77,1.25,11.11,4.16,23.26,94.25,0.11,79.03
Bilinga,4224,1761892200,,-28.14277,153.51343,0.77,1.18,4.88,4.15,23.26,80.54,0.1,84.31
Bilinga,4224,1761894000,,-28.14274,153.51347,0.78,1.26,4.88,4.13,23.26,75.88,0.11,72.09
Bilinga,4224,1761895800,,-28.14275,153.51347,0.75,1.45,10.0,4.18,23.26,95.66,0.11,50.11
Bilinga,4224,1761897600,,-28.14275,153.51347,0.79,1.28,9.09,4.35,23.26,93.99,0.11,67.08
Bilinga,4224,1761899400,,-28.14274,153.51347,0.78,1.24,5.0,4.42,23.26,83.0,0.07,102.33
Bilinga,4224,1761901200,,-28.1427,153.5135,0.76,1.5,4.88,4.38,23.26,77.37,0.01,133.8
Bilinga,4224,1761903000,,-28.14271,153.5135,0.73,1.12,4.26,4.45,23.26,58.82,0.04,355.96
Bilinga,4224,1761904800,,-28.14274,153.5135,0.75,1.17,11.76,4.65,23.26,82.91,0.08,117.01
Bilinga,4224,1761906600,,-28.1427,153.51352,0.7,1.16,4.55,4.44,23.26,68.84,0.04,163.69
Bilinga,4224,1761908400,,-28.14271,153.5135,0.67,1.2,4.35,4.35,23.26,59.96,0.06,125.36
Bilinga,4224,1761910200,,-28.14271,153.51347,0.66,1.08,4.88,4.43,23.22,70.78,0.02,354.81
Bilinga,4224,1761912000,,-28.14271,153.51354,0.61,0.99,4.44,4.44,23.26,72.71,0.02,253.1
Bilinga,4224,1761913800,,-28.14271,153.5135,0.64,0.97,4.65,4.41,23.22,60.58,0.03,127.3
Bilinga,4224,1761915600,,-28.14271,153.51347,0.65,1.11,9.52,4.51,23.17,84.14,0.05,298.46
Bilinga,4224,1761917400,,-28.14275,153.51343,0.61,1.05,4.88,4.46,23.17,59.79,0.06,335.91
Bilinga,4224,1761919200,,-28.14271,153.51343,0.65,0.95,4.76,4.49,23.17,59.96,0.03,306.55
Bilinga,4224,1761921000,,-28.14271,153.51343,0.68,1.05,4.55,4.54,23.13,61.02,0.05,278.68
Bilinga,4224,1761922800,,-28.14271,153.51341,0.69,1.12,4.65,4.53,23.13,61.37,0.07,175.3
Bilinga,4224,1761924600,,-28.14271,153.51343,0.69,0.95,4.55,4.48,23.13,57.5,0.07,288.97
Bilinga,4224,1761926400,,-28.14274,153.51341,0.67,1.21,4.44,4.41,23.13,52.93,0.08,210.99
Bilinga,4224,1761928200,,-28.14271,153.51341,0.69,1.21,5.13,4.44,23.08,68.67,0.04,136.35
Bilinga,4224,1761930000,,-28.14274,153.51341,0.71,1.27,4.88,4.53,23.04,56.01,0.08,104.0
Bilinga,4224,1761931800,,-28.14274,153.51343,0.69,1.35,4.76,4.54,23.04,57.94,0.07,16.79
Bilinga,4224,1761933600,,-28.14271,153.51347,0.66,1.13,5.56,4.59,23.04,75.88,0.03,311.47
Bilinga,4224,1761935400,,-28.14275,153.51345,0.69,1.06,5.26,4.73,22.99,69.9,0.04,52.4
Bilinga,4224,1761937200,,-28.14274,153.51345,0.71,1.33,5.56,4.81,22.99,67.96,0.09,109.1
Bilinga,4224,1761939000,,-28.14274,153.51347,0.7,1.17,9.09,4.81,22.99,84.49,0.09,31.65
Bilinga,4224,1761940800,,-28.14274,153.51347,0.73,1.31,5.71,4.92,22.99,72.45,0.04,336.53
Bilinga,4224,1761942600,,-28.14274,153.51352,0.68,1.08,6.06,4.77,22.99,75.7,0.06,72.44
Bilinga,4224,1761944400,,-28.14268,153.51356,0.67,1.06,5.88,4.84,23.04,78.34,0.05,32.79
Bilinga,4224,1761946200,,-28.14271,153.51347,0.69,1.4,5.41,4.71,23.17,67.96,0.07,81.41
Bilinga,4224,1761948000,,-28.14271,153.51352,0.69,1.13,5.13,4.67,23.26,74.03,0.12,97.85
Bilinga,4224,1761949800,,-28.14275,153.51347,0.68,1.2,5.41,4.63,23.31,73.5,0.1,56.26
Bilinga,4224,1761951600,,-28.14275,153.5135,0.71,1.15,5.56,4.52,23.49,67.96,0.07,74.64
Bilinga,4224,1761953400,,-28.14275,153.51352,0.73,1.06,5.41,4.44,23.49,76.58,0.11,59.16
Bilinga,4224,1761955200,,-28.14275,153.51347,0.72,1.24,5.88,4.21,23.54,74.38,0.08,76.57
Bilinga,4224,1761957000,,-28.14277,153.51347,0.72,1.35,5.41,3.95,23.63,76.32,0.08,110.15
Bilinga,4224,1761958800,,-28.14275,153.51347,0.74,1.43,5.56,3.91,23.54,71.83,0.07,116.57
Bilinga,4224,1761960600,,-28.14277,153.5135,0.8,1.43,5.56,4.09,23.63,58.56,0.13,114.9
Bilinga,4224,1761962400,,-28.14275,153.51352,0.81,1.25,5.26,4.05,23.67,66.82,0.12,120.18
Bilinga,4224,1761964200,,-28.14275,153.51347,0.87,1.33,5.26,3.94,23.54,67.52,0.12,127.21
Bilinga,4224,1761966000,,-28.14278,153.51354,0.84,1.4,5.88,3.83,23.54,77.9,0.1,146.9
Bilinga,4224,1761967800,,-28.1428,153.51356,0.87,1.29,5.88,3.78,23.54,73.94,0.13,134.33
Bilinga,4224,1761969600,,-28.1428,153.51356,0.98,1.75,6.25,3.88,23.63,67.17,0.17,119.38
Bilinga,4224,1761971400,,-28.14278,153.51362,1.0,1.78,6.25,3.97,23.63,66.38,0.17,140.4
Bilinga,4224,1761973200,,-28.14277,153.51371,0.96,1.61,6.45,3.98,23.63,63.48,0.16,119.56
Bilinga,4224,1761975000,,-28.14275,153.51371,0.98,1.77,5.88,3.98,23.54,65.94,0.13,117.01
Bilinga,4224,1761976800,,-28.14274,153.51371,0.99,1.73,6.45,4.11,23.49,71.22,0.18,122.64
Bilinga,4224,1761978600,,-28.14271,153.51373,1.02,1.69,6.25,4.06,23.49,74.91,0.14,101.89
Bilinga,4224,1761980400,,-28.14274,153.51373,1.04,1.89,6.25,4.16,23.54,67.96,0.18,99.87
Bilinga,4224,1761982200,,-28.14275,153.51371,0.97,1.62,6.45,4.03,23.54,67.79,0.16,105.85
Bilinga,4224,1761984000,,-28.14274,153.51373,1.02,1.62,6.06,3.95,23.54,76.14,0.11,82.02
Bilinga,4224,1761985800,,-28.14274,153.51373,1.09,1.88,6.45,4.12,23.54,74.03,0.12,80.35
Bilinga,4224,1761987600,,-28.14275,153.51371,1.08,1.83,6.45,4.11,23.49,68.76,0.14,118.95
Bilinga,4224,1761989400,,-28.14274,153.51375,1.03,2.0,5.71,4.05,23.58,71.39,0.18,109.45
Bilinga,4224,1761991200,,-28.14274,153.51377,1.0,1.71,6.45,4.18,23.63,71.48,0.18,88.53
Bilinga,4224,1761993000,,-28.14274,153.51375,1.0,1.48,6.25,4.45,23.63,76.4,0.17,96.62
Bilinga,4224,1761994800,,-28.14274,153.51375,0.93,1.58,6.67,4.51,23.54,73.41,0.12,88.97
Bilinga,4224,1761996600,,-28.14274,153.51373,0.95,1.72,6.67,4.47,23.63,73.85,0.1,50.29
Bilinga,4224,1761998400,,-28.14274,153.51373,0.95,1.69,6.25,4.31,23.63,77.55,0.11,71.91
Bilinga,4224,1762000200,,-28.14278,153.51367,0.96,1.94,6.06,4.39,23.76,82.03,0.1,72.09
Bilinga,4224,1762002000,,-28.14277,153.51371,0.9,1.4,6.25,4.52,23.81,78.07,0.1,105.23
Bilinga,4224,1762003800,,-28.14275,153.51371,0.86,1.57,6.45,4.47,23.76,77.55,0.03,64.26
Bilinga,4224,1762005600,,-28.14277,153.51367,0.93,1.45,6.25,4.13,23.67,81.06,0.07,59.69
Bilinga,4224,1762007400,,-28.14274,153.51369,0.88,1.68,6.06,4.14,23.63,80.01,0.07,55.03
Bilinga,4224,1762009200,,-28.14275,153.51371,0.88,1.37,5.56,4.17,23.58,88.62,0.12,98.9
Bilinga,4224,1762011000,,-28.14275,153.51369,0.92,1.61,5.88,4.27,23.54,77.63,0.13,109.27
Bilinga,4224,1762012800,,-28.14275,153.51367,0.98,1.77,5.71,4.39,23.54,84.23,0.09,71.3
Bilinga,4224,1762014600,,-28.14277,153.51369,0.94,1.45,6.25,4.4,23.54,92.32,0.09,110.77
Bilinga,4224,1762016400,,-28.14277,153.51371,0.89,2.07,6.06,4.37,23.49,79.48,0.09,95.65
Bilinga,4224,1762018200,,-28.14275,153.51371,1.0,1.71,6.25,4.6,23.44,89.85,0.07,56.0
Bilinga,4224,1762020000,,-28.14274,153.51369,0.95,1.47,6.25,4.63,23.44,76.76,0.06,73.93
Bilinga,4224,1762021800,,-28.14271,153.51371,1.0,1.83,5.88,4.76,23.4,78.16,0.07,37.1
Bilinga,4224,1762023600,,-28.14271,153.51371,1.02,1.54,5.71,4.8,23.35,72.71,0.05,87.21
Bilinga,4224,1762025400,,-28.14271,153.51373,1.0,1.51,5.88,4.71,23.31,68.76,0.09,47.91
Bilinga,4224,1762027200,,-28.14271,153.51371,1.09,1.74,5.88,4.89,23.31,73.24,0.07,14.07
Bilinga,4224,1762029000,,-28.14271,153.51371,1.09,1.67,6.06,4.88,23.49,77.28,0.16,21.1
Bilinga,4224,1762030800,,-28.14271,153.51369,1.1,1.79,6.45,4.93,23.67,77.28,0.12,63.82
Bilinga,4224,1762032600,,-28.14271,153.51371,1.07,1.9,6.25,4.78,23.76,72.36,0.09,37.54
Bilinga,4224,1762034400,,-28.14271,153.51367,1.08,1.78,6.45,4.91,23.76,73.59,0.03,90.11
Bilinga,4224,1762036200,,-28.14271,153.51369,1.04,1.65,5.88,4.88,23.9,56.89,0.04,141.36
Bilinga,4224,1762038000,,-28.14274,153.51367,1.0,1.59,6.67,4.71,23.9,75.61,0.01,330.29
Bilinga,4224,1762039800,,-28.14274,153.51371,1.03,1.59,5.88,4.74,24.04,62.25,0.07,132.92
Bilinga,4224,1762041600,,-28.14274,153.51367,0.96,1.5,6.25,4.57,23.9,66.29,0.02,197.36
Bilinga,4224,1762043400,,-28.14278,153.51362,0.98,1.56,5.88,4.48,23.95,50.91,0.09,136.09
Bilinga,4224,1762045200,,-28.1428,153.51358,1.05,1.77,5.88,4.44,23.85,63.3,0.07,128.44
Bilinga,4224,1762047000,,-28.1428,153.51356,0.97,1.48,6.06,4.08,23.85,61.28,0.04,148.92
Bilinga,4224,1762048800,,-28.1428,153.51356,1.0,1.83,6.45,3.99,23.81,81.33,0.12,152.88
Bilinga,4224,1762050600,,-28.14281,153.51356,1.01,1.95,6.45,4.07,23.85,76.76,0.19,129.67
Bilinga,4224,1762052400,,-28.14281,153.5136,0.99,1.63,6.67,3.9,23.72,82.29,0.14,135.56
Bilinga,4224,1762054200,,-28.1428,153.51362,0.98,1.55,5.88,3.81,23.72,62.78,0.14,126.59
Bilinga,4224,1762056000,,-28.14281,153.51362,0.99,1.77,6.45,3.74,23.76,80.71,0.17,113.93
Bilinga,4224,1762057800,,-28.1428,153.51365,1.04,1.94,5.56,3.78,23.72,62.43,0.14,115.34
Bilinga,4224,1762059600,,-28.14278,153.51367,1.06,1.68,5.71,3.88,23.76,60.32,0.14,78.33
Bilinga,4224,1762061400,,-28.14277,153.51369,1.09,1.8,6.06,3.96,23.76,67.7,0.16,101.1
Bilinga,4224,1762063200,,-28.14277,153.51369,1.03,1.58,6.67,3.89,23.67,86.34,0.13,128.88
Bilinga,4224,1762065000,,-28.14277,153.51369,1.06,1.64,6.25,3.86,23.72,79.39,0.17,127.82
Bilinga,4224,1762066800,,-28.14277,153.51369,1.07,1.64,6.9,3.94,23.76,76.05,0.19,116.48
Bilinga,4224,1762068600,,-28.14277,153.51371,1.02,1.6,6.45,4.05,23.67,78.69,0.14,121.58
Bilinga,4224,1762070400,,-28.14277,153.51369,1.01,1.83,6.9,4.14,23.67,81.06,0.18,125.19
Bilinga,4224,1762072200,,-28.14277,153.51369,1.03,1.7,6.67,4.19,23.63,82.21,0.15,110.68
Bilinga,4224,1762074000,,-28.14277,153.51371,1.08,1.79,6.67,4.43,23.63,78.07,0.18,114.81
Bilinga,4224,1762075800,,-28.14277,153.51373,1.06,1.75,6.67,4.32,23.76,79.22,0.16,94.07
Bilinga,4224,1762077600,,-28.14275,153.51373,1.04,1.5,6.45,4.35,23.72,84.32,0.17,97.32
Bilinga,4224,1762079400,,-28.14275,153.51373,1.1,1.67,6.25,4.39,23.67,76.76,0.12,73.32
Bilinga,4224,1762081200,,-28.14274,153.51373,1.08,2.09,6.67,4.38,23.85,77.72,0.16,81.23
Bilinga,4224,1762083000,,-28.14275,153.51371,1.2,1.78,5.88,4.45,23.99,55.57,0.1,61.63
Bilinga,4224,1762084800,,-28.14275,153.51371,1.19,1.98,6.45,4.44,24.17,72.71,0.13,80.62
Bilinga,4224,1762086600,,-28.14275,153.51371,1.22,2.24,6.06,4.44,23.99,68.05,0.1,54.15
Bilinga,4224,1762088400,,-28.14275,153.51371,1.18,1.88,6.06,4.47,23.99,66.82,0.14,86.86
Bilinga,4224,1762090200,,-28.14277,153.51369,1.19,1.96,5.71,4.32,23.99,36.14,0.15,111.91
Bilinga,4224,1762092000,,-28.14275,153.51369,1.17,1.71,5.71,4.2,23.9,57.15,0.13,80.18
Bilinga,4224,1762092000,,-28.14275,153.51371,1.17,1.71,5.71,4.2,23.9,57.15,0.13,80.18
Bilinga,4224,1762093800,,-28.14277,153.51367,1.29,1.87,5.88,4.23,23.76,49.59,0.14,137.67
Bilinga,4224,1762095600,,-28.1428,153.51362,1.38,2.61,5.88,4.37,23.67,53.37,0.12,116.48
Bilinga,4224,1762097400,,-28.14281,153.51362,1.36,2.67,6.25,4.33,23.63,55.83,0.11,111.74
Bilinga,4224,1762099200,,-28.14278,153.51367,1.35,2.06,5.88,4.33,23.63,47.83,0.13,139.69
Bilinga,4224,1762101000,,-28.14281,153.51362,1.35,2.29,5.88,4.36,23.63,44.84,0.15,132.57
Bilinga,4224,1762102800,,-28.1428,153.51365,1.38,2.32,5.88,4.53,23.58,42.73,0.15,108.57
Bilinga,4224,1762104600,,-28.1428,153.51362,1.28,2.08,6.06,4.38,23.54,47.3,0.1,104.35
Bilinga,4224,1762106400,,-28.14277,153.51369,1.33,2.13,6.25,4.55,23.63,49.33,0.12,114.02
Bilinga,4224,1762108200,,-28.14275,153.51371,1.36,2.12,5.88,4.66,23.63,46.34,0.12,65.58
Bilinga,4224,1762110000,,-28.14271,153.51373,1.39,2.46,5.88,4.64,23.67,44.05,0.12,49.58
Bilinga,4224,1762111800,,-28.14271,153.51373,1.26,1.96,6.06,4.37,23.81,55.04,0.16,120.62
Bilinga,4224,1762113600,,-28.14274,153.51371,1.31,2.47,6.25,4.46,23.72,58.56,0.15,106.46
Bilinga,4224,1762115400,,-28.14275,153.51371,1.29,2.17,6.06,4.42,23.67,50.21,0.2,104.26
Bilinga,4224,1762117200,,-28.14274,153.51373,1.26,2.24,5.88,4.29,23.49,39.92,0.2,125.36
Bilinga,4224,1762119000,,-28.14271,153.51375,1.26,2.42,5.71,4.27,23.4,44.84,0.22,111.91
Bilinga,4224,1762120800,,-28.14271,153.51373,1.26,2.11,6.25,4.27,23.44,56.27,0.17,131.52
Bilinga,4224,1762122600,,-28.14274,153.51371,1.2,2.43,6.25,4.14,23.4,50.73,0.16,128.26
Bilinga,4224,1762124400,,-28.14274,153.51375,1.16,1.94,6.25,4.12,23.31,57.24,0.14,110.59
Bilinga,4224,1762126200,,-28.14274,153.51373,1.17,2.0,6.25,4.08,23.35,54.87,0.15,139.34
Bilinga,4224,1762128000,,-28.14275,153.51373,1.2,1.9,6.25,4.16,23.44,60.14,0.15,138.73
Bilinga,4224,1762129800,,-28.14275,153.51373,1.14,1.91,5.56,4.12,23.54,48.01,0.18,112.18
Bilinga,4224,1762131600,,-28.14275,153.51371,1.18,1.96,5.88,4.11,23.54,51.0,0.12,101.8
Bilinga,4224,1762133400,,-28.14278,153.51371,1.24,1.97,6.67,4.15,23.58,63.92,0.14,122.2
Bilinga,4224,1762135200,,-28.14278,153.51367,1.22,1.89,5.56,4.0,23.54,43.79,0.15,107.43
Bilinga,4224,1762137000,,-28.14277,153.51369,1.25,1.9,6.25,3.99,23.49,61.99,0.13,102.95
Bilinga,4224,1762138800,,-28.14278,153.51367,1.27,1.97,4.55,3.99,23.49,25.85,0.21,125.01
Bilinga,4224,1762140600,,-28.1428,153.51362,1.31,2.21,5.88,4.05,23.49,44.05,0.17,127.82
Bilinga,4224,1762142400,,-28.1428,153.51369,1.3,2.46,5.56,4.08,23.49,41.06,0.24,145.49
Bilinga,4224,1762144200,,-28.14278,153.51367,1.36,2.28,6.06,4.08,23.49,48.8,0.15,126.24
Bilinga,4224,1762146000,,-28.14278,153.51369,1.27,2.07,6.25,4.03,23.44,50.73,0.18,145.93
Bilinga,4224,1762147800,,-28.14278,153.51371,1.33,2.32,6.25,4.06,23.4,54.34,0.19,122.29
Bilinga,4224,1762149600,,-28.14278,153.51371,1.33,2.24,5.41,4.12,23.4,37.81,0.22,131.87
Bilinga,4224,1762151400,,-28.14275,153.51371,1.37,2.17,6.06,4.2,23.35,53.72,0.17,119.21
Bilinga,4224,1762153200,,-28.14275,153.51373,1.38,3.05,6.25,4.2,23.26,57.41,0.2,133.45
Bilinga,4224,1762155000,,-28.14277,153.51371,1.41,2.5,5.88,4.25,23.22,49.41,0.21,139.08
Bilinga,4224,1762156800,,-28.14271,153.51377,1.41,3.06,5.88,4.33,23.17,44.84,0.14,122.55
Bilinga,4224,1762158600,,-28.14275,153.51373,1.44,2.22,6.06,4.36,23.17,56.45,0.19,114.11
Bilinga,4224,1762160400,,-28.14277,153.51371,1.4,2.39,6.06,4.35,23.13,51.35,0.17,135.38
Bilinga,4224,1762162200,,-28.14277,153.51373,1.56,2.55,6.25,4.44,23.04,47.48,0.23,123.08
Bilinga,4224,1762164000,,-28.14277,153.51373,1.54,2.57,5.71,4.47,23.04,37.37,0.16,112.35
Bilinga,4224,1762165800,,-28.14274,153.51377,1.52,2.88,6.25,4.51,22.99,48.62,0.16,118.68
Bilinga,4224,1762167600,,-28.14275,153.51373,1.53,2.71,6.25,4.54,23.04,37.28,0.17,98.99
Bilinga,4224,1762169400,,-28.14275,153.51375,1.56,2.63,6.45,4.64,23.04,50.38,0.18,105.67
Bilinga,4224,1762171200,,-28.14277,153.51373,1.62,2.61,6.25,4.78,23.31,42.91,0.2,92.4
Bilinga,4224,1762173000,,-28.14278,153.51371,1.74,3.07,6.67,4.77,23.44,44.05,0.17,95.82
Bilinga,4224,1762174800,,-28.14278,153.51371,1.58,2.57,6.25,4.6,23.35,42.03,0.15,101.45
Bilinga,4224,1762176600,,-28.14278,153.51371,1.58,3.04,6.25,4.7,23.17,38.6,0.16,79.12
Bilinga,4224,1762178400,,-28.14274,153.51373,1.51,2.82,5.88,4.62,23.13,44.4,0.12,75.16
Bilinga,4224,1762178400,,-28.14275,153.51375,1.51,2.82,5.88,4.62,23.13,44.4,0.12,75.16
Bilinga,4224,1762180200,,-28.14274,153.51373,1.55,2.4,6.45,4.73,23.13,44.49,0.17,115.87
Bilinga,4224,1762182000,,-28.14277,153.51371,1.51,2.67,6.25,4.67,23.13,43.79,0.14,92.92
Bilinga,4224,1762183800,,-28.14277,153.51371,1.5,2.91,6.25,4.7,23.13,42.12,0.08,100.04
Bilinga,4224,1762185600,,-28.14277,153.51371,1.49,2.28,6.45,4.79,23.17,46.95,0.13,87.47
Bilinga,4224,1762187400,,-28.14278,153.51362,1.41,2.57,6.06,4.76,23.31,42.03,0.17,82.2
Bilinga,4224,1762189200,,-28.14277,153.51365,1.27,2.15,6.25,4.65,23.31,43.88,0.13,94.51
Bilinga,4224,1762191000,,-28.14275,153.51365,1.3,2.48,6.25,4.75,23.26,46.95,0.07,70.33
Bilinga,4224,1762192800,,-28.14277,153.51362,1.28,2.31,6.25,4.69,23.31,40.54,0.08,9.58
Bilinga,4224,1762194600,,-28.14274,153.5136,1.25,2.2,6.06,4.76,23.4,41.15,0.06,48.53
Bilinga,4224,1762196400,,-28.14277,153.51358,1.2,2.09,6.25,4.62,23.44,44.67,0.04,358.42
Bilinga,4224,1762198200,,-28.14277,153.51365,1.18,1.79,6.25,4.78,23.4,43.0,0.03,345.76
Bilinga,4224,1762200000,,-28.14275,153.51371,1.04,1.78,6.45,4.73,23.44,47.83,0.07,22.07
Bilinga,4224,1762201800,,-28.14275,153.51371,1.04,1.92,5.71,4.8,23.49,37.11,0.05,56.44
Bilinga,4224,1762203600,,-28.14274,153.51371,1.04,1.74,6.45,4.83,23.4,48.36,0.03,85.63
Bilinga,4224,1762205400,,-28.14274,153.51371,1.0,1.61,5.88,4.78,23.4,43.96,0.07,46.86
Bilinga,4224,1762207200,,-28.14271,153.51371,0.98,1.75,6.25,4.85,23.31,46.16,0.06,42.81
Bilinga,4224,1762209000,,-28.1427,153.51375,0.9,1.31,6.25,4.78,23.31,45.46,0.08,42.2
Bilinga,4224,1762210800,,-28.14271,153.51375,0.89,1.35,8.7,4.78,23.31,73.59,0.07,40.88
Bilinga,4224,1762212600,,-28.14271,153.51377,0.82,1.28,6.25,4.62,23.26,50.91,0.05,19.87
Bilinga,4224,1762214400,,-28.14277,153.51371,0.8,1.37,6.67,4.78,23.26,59.61,0.07,24.26
Bilinga,4224,1762216200,,-28.14277,153.51369,0.84,1.22,6.25,4.82,23.31,50.21,0.08,8.97
Bilinga,4224,1762218000,,-28.14277,153.51365,0.78,1.31,6.06,4.68,23.49,54.78,0.06,351.03
Bilinga,4224,1762219800,,-28.14275,153.51367,0.79,1.18,8.0,4.47,23.63,74.47,0.06,56.62
Bilinga,4224,1762221600,,-28.14277,153.51362,0.8,1.64,6.25,4.37,23.63,52.93,0.04,357.8
Bilinga,4224,1762223400,,-28.14278,153.51358,0.82,1.26,6.25,4.28,23.67,51.88,0.03,62.51
Bilinga,4224,1762225200,,-28.14281,153.5135,0.75,1.35,7.14,4.02,23.58,66.56,0.02,23.65
Bilinga,4224,1762227000,,-28.1428,153.51343,0.79,1.33,6.06,4.03,23.76,45.99,0.01,155.52
Bilinga,4224,1762228800,,-28.14278,153.51337,0.85,1.3,6.25,4.15,23.67,60.84,0.04,182.33
Bilinga,4224,1762230600,,-28.14278,153.51326,0.84,1.37,6.67,3.96,23.35,66.29,0.03,191.3
Bilinga,4224,1762232400,,-28.14277,153.51326,0.84,1.47,6.45,3.87,23.13,64.54,0.04,166.33
Bilinga,4224,1762234200,,-28.14278,153.51326,0.84,1.51,5.71,3.75,22.95,57.68,0.07,166.86
Bilinga,4224,1762236000,,-28.14281,153.51328,0.86,1.41,6.06,3.83,22.9,63.3,0.06,133.8
Bilinga,4224,1762237800,,-28.14277,153.5133,0.91,1.39,6.25,3.79,22.86,62.6,0.05,104.35
Bilinga,4224,1762239600,,-28.1428,153.51328,0.93,1.63,6.25,3.79,22.81,63.3,0.07,125.01
Bilinga,4224,1762241400,,-28.14281,153.51328,0.93,1.55,5.88,3.84,22.81,57.06,0.07,76.75
Bilinga,4224,1762243200,,-28.1428,153.51332,0.9,1.65,6.06,3.84,22.77,68.32,0.07,134.68
Bilinga,4224,1762245000,,-28.14281,153.51339,0.88,1.76,6.25,3.86,22.68,60.58,0.07,102.24
Bilinga,4224,1762246800,,-28.1428,153.51337,0.9,1.48,5.71,3.85,22.77,55.66,0.06,123.96
Bilinga,4224,1762248600,,-28.1428,153.51345,0.86,1.54,5.56,3.85,22.77,61.19,0.06,66.37
Bilinga,4224,1762250400,,-28.14275,153.51358,0.87,1.53,5.71,3.86,22.99,55.3,0.06,32.79
Bilinga,4224,1762252200,,-28.1427,153.5136,0.85,1.94,5.71,4.01,23.17,46.69,0.12,49.05
Bilinga,4224,1762254000,,-28.14257,153.5135,0.81,1.52,5.88,4.03,23.31,52.58,0.1,25.14
Bilinga,4224,1762255800,,-28.14244,153.51337,0.78,1.23,5.56,4.11,23.49,53.9,0.05,43.78
Bilinga,4224,1762257600,,-28.14238,153.51326,0.74,1.29,5.56,4.15,23.63,42.91,0.07,16.26
Bilinga,4224,1762259400,,-28.14233,153.51326,0.69,1.16,5.71,4.26,23.63,52.14,0.02,32.44
Bilinga,4224,1762261200,,-28.1423,153.51319,0.67,1.0,8.0,4.29,23.49,67.61,0.01,294.95
Bilinga,4224,1762263000,,-28.14226,153.51317,0.62,0.93,5.41,4.19,23.49,49.68,0.02,84.75
Bilinga,4224,1762264800,,-28.14225,153.51315,0.59,1.08,5.41,4.4,23.31,49.06,0.02,148.31
Bilinga,4224,1762264800,,-28.14225,153.51317,0.59,1.08,5.41,4.4,23.31,49.06,0.02,148.31
Bilinga,4224,1762266600,,-28.14223,153.51313,0.58,1.0,5.71,4.59,23.17,51.35,0.07,217.14
Bilinga,4224,1762268400,,-28.14225,153.51311,0.56,0.94,8.7,4.75,23.04,67.09,0.07,188.84
Bilinga,4224,1762270200,,-28.14223,153.51311,0.56,0.98,8.33,4.78,22.9,68.76,0.05,272.35
Bilinga,4224,1762272000,,-28.14223,153.51309,0.58,0.87,8.0,5.01,22.81,73.41,0.04,220.31
Bilinga,4224,1762273800,,-28.14223,153.51309,0.56,0.93,5.71,4.96,22.72,52.32,0.06,255.47
Bilinga,4224,1762275600,,-28.14223,153.51309,0.54,0.92,5.13,4.82,22.63,47.22,0.03,216.53
Bilinga,4224,1762277400,,-28.14225,153.51307,0.55,0.95,5.26,4.92,22.59,45.19,0.04,275.34
Bilinga,4224,1762279200,,-28.1423,153.51309,0.58,0.98,9.09,4.98,22.59,71.48,0.04,193.32
Bilinga,4224,1762281000,,-28.14232,153.51311,0.54,0.94,5.41,5.12,22.5,49.77,0.07,269.71
Bilinga,4224,1762282800,,-28.1423,153.51311,0.56,0.84,9.09,5.19,22.5,69.99,0.05,275.69
Bilinga,4224,1762284600,,-28.1423,153.51311,0.57,0.95,9.52,5.23,22.45,67.7,0.05,306.11
Bilinga,4224,1762286400,,-28.14233,153.51319,0.57,0.96,9.09,5.21,22.45,64.36,0.03,256.26
Bilinga,4224,1762288200,,-28.14238,153.51324,0.54,0.95,8.33,5.1,22.45,71.13,0.01,263.38
Bilinga,4224,1762290000,,-28.14238,153.51326,0.48,0.84,8.7,4.65,22.41,73.33,0.03,293.45
Bilinga,4224,1762291800,,-28.1424,153.51326,0.52,0.85,9.09,4.78,22.41,65.06,0.03,328.0
Bilinga,4224,1762293600,,-28.14241,153.51332,0.5,0.9,9.52,4.62,22.41,65.33,0.02,208.62
Bilinga,4224,1762295400,,-28.14245,153.51334,0.53,1.15,8.7,4.97,22.41,67.52,0.03,226.46
Bilinga,4224,1762297200,,-28.14247,153.51337,0.53,0.88,9.09,4.89,22.45,68.23,0.04,308.66
Bilinga,4224,1762299000,,-28.1425,153.51332,0.54,0.9,9.09,3.83,22.5,69.72,0.04,223.12
Bilinga,4224,1762300800,,-28.14253,153.51324,0.59,1.13,8.7,3.92,22.5,70.6,0.04,180.04
Bilinga,4224,1762302600,,-28.14253,153.51322,0.54,1.02,8.7,3.63,22.45,72.54,0.06,234.55
Bilinga,4224,1762304400,,-28.14255,153.51317,0.55,0.88,9.09,3.63,22.45,73.24,0.02,224.26
Bilinga,4224,1762306200,,-28.14255,153.51317,0.54,0.89,8.33,3.51,22.36,74.38,0.08,257.14
Bilinga,4224,1762308000,,-28.14255,153.51315,0.56,1.22,8.33,3.64,22.32,75.79,0.02,260.75
Bilinga,4224,1762309800,,-28.1425,153.51309,0.57,0.95,8.33,3.64,22.32,75.17,0.04,234.73
Bilinga,4224,1762311600,,-28.1425,153.51307,0.55,0.99,8.7,3.92,22.32,70.51,0.06,208.62
Bilinga,4224,1762313400,,-28.14248,153.51305,0.59,1.07,8.7,4.01,22.23,75.09,0.05,199.03
Bilinga,4224,1762315200,,-28.14247,153.51302,0.6,0.98,8.33,3.88,22.23,73.94,0.08,210.46
Bilinga,4224,1762317000,,-28.14247,153.513,0.56,1.06,8.33,3.65,22.23,70.43,0.06,232.18
Bilinga,4224,1762318800,,-28.14247,153.513,0.59,1.12,8.7,3.89,22.23,68.58,0.07,178.2
Bilinga,4224,1762320600,,-28.14247,153.513,0.59,0.94,8.0,3.87,22.18,66.65,0.06,208.26
Bilinga,4224,1762322400,,-28.14244,153.51302,0.56,0.93,8.7,3.82,22.18,71.04,0.05,225.58
Bilinga,4224,1762324200,,-28.14241,153.513,0.58,0.91,8.0,4.08,22.18,68.93,0.03,190.24
Bilinga,4224,1762326000,,-28.14247,153.51302,0.58,1.08,7.69,4.04,22.18,67.88,0.02,285.71
Bilinga,4224,1762327800,,-28.1425,153.51305,0.6,1.07,8.7,4.28,22.18,69.9,0.02,193.58
Bilinga,4224,1762329600,,-28.14248,153.51305,0.59,0.86,8.33,4.05,22.18,63.39,0.02,354.02
Bilinga,4224,1762331400,,-28.14244,153.51305,0.58,0.9,8.33,4.26,22.18,69.28,0.01,310.95
Bilinga,4224,1762333200,,-28.14238,153.51302,0.55,0.86,8.0,4.11,22.18,73.5,0.01,340.48
Bilinga,4224,1762335000,,-28.14238,153.51302,0.61,1.2,9.09,4.55,22.14,73.33,0.03,217.58
Bilinga,4224,1762336800,,-28.14235,153.51302,0.59,0.86,8.7,4.42,22.1,73.59,0.02,68.48
Bilinga,4224,1762338600,,-28.1423,153.51309,0.56,1.03,8.33,4.59,22.05,73.85,0.05,269.19
Bilinga,4224,1762340400,,-28.14229,153.51311,0.59,0.95,8.7,4.72,22.05,68.67,0.11,303.74
Bilinga,4224,1762342200,,-28.14225,153.51313,0.6,0.95,9.09,4.75,22.05,74.91,0.05,326.51
Bilinga,4224,1762344000,,-28.14223,153.51313,0.58,1.09,8.33,4.83,22.05,72.89,0.1,319.38
Bilinga,4224,1762345800,,-28.14222,153.51315,0.58,0.96,8.7,5.04,22.05,72.62,0.06,318.59
Bilinga,4224,1762347600,,-28.14222,153.51315,0.58,0.83,8.33,4.95,22.05,75.26,0.08,317.1
Bilinga,4224,1762349400,,-28.14217,153.51315,0.61,0.95,9.09,5.18,22.01,77.9,0.06,323.08
Bilinga,4224,1762351200,,-28.14217,153.51317,0.59,0.89,8.33,5.14,22.01,67.88,0.1,315.6
Bilinga,4224,1762353000,,-28.14217,153.51317,0.55,1.0,8.7,5.29,21.96,75.09,0.09,316.48
Bilinga,4224,1762354800,,-28.14215,153.51317,0.55,0.91,8.7,5.13,21.96,70.6,0.07,318.24
Bilinga,4224,1762356600,,-28.14217,153.51317,0.53,0.96,8.7,5.09,21.96,76.76,0.08,322.11
Bilinga,4224,1762358400,,-28.14218,153.51315,0.55,0.92,9.09,5.37,21.96,73.94,0.1,1.58
Bilinga,4224,1762360200,,-28.14222,153.51311,0.56,0.96,8.7,5.32,21.96,71.83,0.1,330.11
Bilinga,4224,1762362000,,-28.14226,153.51305,0.54,0.86,9.09,5.27,21.92,72.54,0.07,324.75
Bilinga,4224,1762363800,,-28.14226,153.51311,0.53,0.9,8.7,5.27,21.92,71.3,0.11,354.73
Bilinga,4224,1762365600,,-28.14226,153.51311,0.53,0.83,8.33,5.35,21.92,74.65,0.09,338.29
Bilinga,4224,1762367400,,-28.14226,153.51313,0.53,0.81,9.52,5.31,21.92,78.78,0.07,351.56
Bilinga,4224,1762369200,,-28.14226,153.51313,0.52,0.82,8.7,5.46,21.92,72.89,0.06,341.27
Bilinga,4224,1762371000,,-28.14232,153.51319,0.54,0.77,8.33,5.49,21.92,74.38,0.05,342.24
Bilinga,4224,1762372800,,-28.14237,153.51322,0.52,0.78,9.52,5.56,21.92,77.72,0.07,17.93
Bilinga,4224,1762374600,,-28.14241,153.51328,0.55,0.9,9.52,5.67,21.92,74.12,0.03,53.1
Bilinga,4224,1762376400,,-28.14252,153.51339,0.58,1.01,9.09,5.5,21.92,69.19,0.09,55.21
Bilinga,4224,1762378200,,-28.14263,153.51347,0.6,0.96,9.09,5.69,21.92,68.49,0.04,38.51
Bilinga,4224,1762380000,,-28.14271,153.51356,0.51,0.84,8.33,4.87,21.96,70.87,0.07,321.58
Bilinga,4224,1762381800,,-28.14271,153.51362,0.54,0.84,8.7,4.92,22.05,66.47,0.06,277.27
Bilinga,4224,1762383600,,-28.14271,153.51365,0.53,0.87,9.09,4.57,22.1,71.83,0.04,203.43
Bilinga,4224,1762385400,,-28.1427,153.51367,0.56,0.95,9.52,4.66,22.18,72.01,0.07,228.84
Bilinga,4224,1762387200,,-28.14271,153.51369,0.56,0.85,9.09,4.68,22.23,74.82,0.06,177.32
Bilinga,4224,1762389000,,-28.14268,153.51369,0.6,0.92,8.7,4.82,22.32,72.1,0.07,227.16
Bilinga,4224,1762390800,,-28.1427,153.51369,0.59,0.94,9.52,4.5,22.36,68.4,0.08,191.21
Bilinga,4224,1762392600,,-28.14271,153.51369,0.58,1.01,9.09,4.26,22.41,67.52,0.06,239.74
Bilinga,4224,1762394400,,-28.14271,153.51367,0.51,0.89,8.7,3.9,22.45,69.99,0.08,211.16
Bilinga,4224,1762396200,,-28.14271,153.51367,0.55,1.2,9.09,3.88,22.45,68.05,0.06,247.03
Bilinga,4224,1762398000,,-28.14274,153.51367,0.63,1.21,9.09,4.18,22.41,69.28,0.04,188.66
Bilinga,4224,1762399800,,-28.14271,153.51369,0.57,1.06,9.09,3.82,22.41,70.51,0.02,168.79
Bilinga,4224,1762401600,,-28.14274,153.51367,0.56,0.91,9.09,3.68,22.45,75.44,0.04,184.44
Bilinga,4224,1762403400,,-28.14274,153.51365,0.57,0.91,9.09,3.67,22.41,72.45,0.03,246.86
Bilinga,4224,1762405200,,-28.14275,153.51365,0.58,1.04,8.33,3.67,22.41,68.58,0.04,165.1
Bilinga,4224,1762407000,,-28.14275,153.5136,0.61,1.0,9.09,3.69,22.41,67.0,0.03,168.35
Bilinga,4224,1762408800,,-28.14274,153.51356,0.59,0.95,9.52,3.64,22.41,66.91,0.03,112.18
Bilinga,4224,1762410600,,-28.14274,153.51356,0.58,0.98,9.09,3.7,22.41,66.47,0.05,153.41
Bilinga,4224,1762412400,,-28.14277,153.51356,0.57,1.29,9.09,3.67,22.36,70.78,0.08,159.21
Bilinga,4224,1762414200,,-28.14275,153.51352,0.56,0.9,8.7,3.77,22.36,73.5,0.04,194.73
Bilinga,4224,1762416000,,-28.14275,153.5135,0.63,0.94,8.33,4.12,22.32,78.69,0.02,118.33
Bilinga,4224,1762417800,,-28.14274,153.51347,0.63,1.01,8.33,4.09,22.32,77.72,0.03,185.05
Bilinga,4224,1762419600,,-28.14271,153.51343,0.58,0.9,9.09,4.06,22.32,74.82,0.05,155.25
Bilinga,4224,1762421400,,-28.14274,153.5135,0.6,0.97,9.09,4.1,22.54,76.76,0.11,171.43
Bilinga,4224,1762423200,,-28.14274,153.5136,0.61,1.09,8.7,4.26,22.54,75.7,0.11,125.1
Bilinga,4224,1762425000,,-28.14274,153.51365,0.61,1.01,8.7,4.32,22.45,80.89,0.08,83.34
Bilinga,4224,1762426800,,-28.14275,153.51362,0.61,1.12,9.09,4.52,22.45,80.71,0.05,112.0
Bilinga,4224,1762428600,,-28.14274,153.51369,0.58,1.03,9.09,4.46,22.45,73.33,0.05,167.91
Bilinga,4224,1762430400,,-28.1427,153.51365,0.61,1.18,8.0,4.68,22.41,81.94,0.05,104.0
Bilinga,4224,1762432200,,-28.14274,153.51362,0.6,0.95,8.33,4.68,22.36,82.12,0.02,131.34
Bilinga,4224,1762434000,,-28.14271,153.51362,0.57,1.03,5.13,4.61,22.36,91.35,0.03,127.82
Bilinga,4224,1762435800,,-28.14271,153.51362,0.58,0.83,8.33,4.72,22.32,79.66,0.03,2.02
Bilinga,4224,1762437600,,-28.14271,153.51362,0.58,0.99,8.33,4.67,22.32,74.56,0.02,134.24
Bilinga,4224,1762437600,,-28.14274,153.51362,0.58,0.99,8.33,4.67,22.32,74.56,0.02,134.24
Bilinga,4224,1762439400,,-28.14271,153.51362,0.55,0.93,8.33,4.83,22.27,77.9,0.02,327.91
Bilinga,4224,1762441200,,-28.1427,153.51362,0.57,0.88,8.7,4.72,22.27,78.34,0.04,352.97
Bilinga,4224,1762443000,,-28.1427,153.51362,0.58,0.92,8.33,4.77,22.27,73.5,0.06,19.16
Bilinga,4224,1762444800,,-28.14268,153.51365,0.59,1.15,8.7,4.72,22.18,73.94,0.04,7.12
Bilinga,4224,1762446600,,-28.1427,153.51365,0.59,1.07,8.7,4.76,22.18,67.17,0.01,17.23
Bilinga,4224,1762448400,,-28.1427,153.51362,0.55,0.92,8.7,4.6,22.18,71.74,0.04,20.04
Bilinga,4224,1762450200,,-28.14271,153.51367,0.57,0.96,8.7,4.79,22.18,71.04,0.08,42.2
Bilinga,4224,1762452000,,-28.14275,153.51367,0.62,0.93,8.33,4.96,22.18,71.04,0.08,47.74
Bilinga,4224,1762453800,,-28.14274,153.51367,0.57,0.93,8.7,4.82,22.18,71.04,0.08,68.13
Bilinga,4224,1762455600,,-28.14275,153.51367,0.58,0.97,8.0,4.97,22.18,73.68,0.12,85.36
Bilinga,4224,1762457400,,-28.14275,153.51369,0.55,0.87,8.33,4.95,22.18,76.49,0.11,78.42
Bilinga,4224,1762459200,,-28.14274,153.51369,0.57,0.83,8.33,4.89,22.14,74.65,0.13,102.95
Bilinga,4224,1762461000,,-28.14275,153.51369,0.56,1.0,8.7,4.99,22.14,74.03,0.13,106.64
Bilinga,4224,1762462800,,-28.14274,153.51369,0.57,0.88,8.7,5.04,22.18,76.67,0.07,123.69
Bilinga,4224,1762464600,,-28.14274,153.51369,0.57,1.03,8.33,5.13,22.18,79.22,0.17,110.42
Bilinga,4224,1762466400,,-28.14274,153.51369,0.58,1.04,8.33,5.01,22.41,78.69,0.14,105.76
Bilinga,4224,1762468200,,-28.14274,153.51371,0.55,0.82,8.33,4.8,22.54,78.95,0.15,98.81
Bilinga,4224,1762470000,,-28.14274,153.51371,0.6,0.98,8.0,5.08,22.59,78.78,0.15,84.84
Bilinga,4224,1762471800,,-28.14271,153.51371,0.56,0.99,8.7,4.83,22.9,81.24,0.14,113.85
Bilinga,4224,1762473600,,-28.14271,153.51371,0.55,0.86,8.0,4.96,23.4,84.23,0.21,115.43
Bilinga,4224,1762475400,,-28.14271,153.51373,0.56,0.85,8.7,5.07,23.63,85.28,0.13,72.0
Bilinga,4224,1762477200,,-28.14271,153.51375,0.53,0.87,8.33,4.92,23.49,85.63,0.12,96.35
Bilinga,4224,1762479000,,-28.14275,153.51371,0.52,0.91,8.0,4.88,23.44,83.08,0.05,75.25
Bilinga,4224,1762480800,,-28.14274,153.51371,0.56,0.89,9.09,4.69,23.04,84.84,0.12,105.76
Bilinga,4224,1762482600,,-28.14277,153.51371,0.55,0.88,8.0,4.1,23.08,83.79,0.14,139.16
Bilinga,4224,1762484400,,-28.14278,153.51371,0.6,0.97,9.09,4.05,22.95,86.34,0.14,145.58
Bilinga,4224,1762486200,,-28.14278,153.51371,0.54,0.86,8.33,3.63,22.81,97.06,0.15,131.69
Bilinga,4224,1762488000,,-28.14278,153.51369,0.55,0.91,9.52,3.71,22.72,88.18,0.14,127.56
Bilinga,4224,1762489800,,-28.1428,153.51367,0.57,0.89,8.33,3.58,22.63,87.48,0.14,133.27
Bilinga,4224,1762491600,,-28.14281,153.51365,0.56,0.98,6.9,3.47,22.68,100.76,0.18,123.52
Bilinga,4224,1762493400,,-28.14281,153.51367,0.61,1.19,8.7,3.72,22.68,79.04,0.15,115.16
Bilinga,4224,1762495200,,-28.14278,153.51369,0.58,1.17,8.7,3.64,22.68,83.08,0.12,102.86
Bilinga,4224,1762497000,,-28.14278,153.51367,0.62,1.14,8.33,3.79,22.68,84.4,0.14,116.22
Bilinga,4224,1762498800,,-28.14277,153.51367,0.61,1.26,8.33,3.73,22.68,77.02,0.1,112.09
Bilinga,4224,1762500600,,-28.14277,153.51371,0.61,1.13,8.7,3.69,22.63,78.87,0.12,101.8
Bilinga,4224,1762502400,,-28.14275,153.51369,0.59,1.1,6.9,3.54,22.59,96.18,0.1,96.09
Bilinga,4224,1762504200,,-28.14277,153.51371,0.63,1.02,8.7,3.66,22.77,77.28,0.12,96.44
Bilinga,4224,1762506000,,-28.14277,153.51369,0.62,1.14,8.7,3.55,22.81,86.78,0.1,106.29
Bilinga,4224,1762507800,,-28.14277,153.51367,0.59,1.01,8.7,3.42,22.68,94.16,0.17,112.0
Bilinga,4224,1762509600,,-28.14275,153.51371,0.65,1.01,8.0,3.45,22.68,89.77,0.13,119.47
Bilinga,4224,1762511400,,-28.14277,153.51369,0.66,1.35,8.7,3.5,22.68,91.44,0.11,102.42
Bilinga,4224,1762513200,,-28.14278,153.51367,0.62,1.15,8.7,3.42,22.68,90.65,0.12,96.0
Bilinga,4224,1762515000,,-28.14277,153.51367,0.62,1.22,8.0,3.61,22.68,93.46,0.16,111.47
Bilinga,4224,1762516800,,-28.14277,153.51369,0.6,1.19,8.7,3.88,22.68,92.4,0.08,88.09
Bilinga,4224,1762518600,,-28.14275,153.51371,0.6,0.96,8.33,4.01,22.68,88.98,0.17,95.03
Bilinga,4224,1762520400,,-28.14271,153.51371,0.59,1.04,8.0,4.03,22.68,96.36,0.14,95.12
Bilinga,4224,1762522200,,-28.14274,153.51362,0.66,1.05,8.33,4.31,22.68,88.89,0.1,92.92
Bilinga,4224,1762524000,,-28.14271,153.51365,0.6,1.15,7.69,4.17,22.68,93.46,0.11,91.96
Bilinga,4224,1762524000,,-28.14274,153.51365,0.6,1.15,7.69,4.17,22.68,93.46,0.11,91.96
Bilinga,4224,1762525800,,-28.14275,153.51362,0.65,1.04,8.33,4.48,22.63,93.28,0.08,85.71
Bilinga,4224,1762527600,,-28.14275,153.51362,0.65,0.99,8.33,4.34,22.59,87.92,0.1,97.67
Bilinga,4224,1762529400,,-28.14275,153.51362,0.68,1.16,8.33,4.54,22.54,86.51,0.1,104.53
Bilinga,4224,1762531200,,-28.14277,153.51362,0.67,1.07,7.69,4.5,22.5,88.1,0.08,93.36
Bilinga,4224,1762533000,,-28.14277,153.51365,0.67,1.1,8.33,4.37,22.45,85.63,0.08,56.79
Bilinga,4224,1762534800,,-28.14275,153.51365,0.67,1.19,8.33,4.07,22.45,86.07,0.07,75.96
Bilinga,4224,1762536600,,-28.14277,153.51365,0.67,1.4,8.7,4.16,22.41,84.58,0.07,69.36
Bilinga,4224,1762538400,,-28.14277,153.51362,0.68,1.03,8.33,4.22,22.41,88.01,0.08,99.25
Bilinga,4224,1762540200,,-28.14275,153.51365,0.67,1.04,7.69,4.14,22.36,89.15,0.09,89.49
Bilinga,4224,1762542000,,-28.14277,153.51365,0.66,1.07,7.69,4.33,22.36,84.76,0.07,69.89
Bilinga,4224,1762543800,,-28.14277,153.51367,0.57,0.99,8.33,4.06,22.36,86.95,0.11,88.7
Bilinga,4224,1762545600,,-28.14277,153.51365,0.61,0.93,8.33,4.35,22.36,86.6,0.09,107.34
Bilinga,4224,1762547400,,-28.14275,153.51367,0.63,1.09,8.33,4.57,22.32,90.47,0.15,116.75
Bilinga,4224,1762549200,,-28.14275,153.51367,0.55,0.86,7.69,4.28,22.32,96.62,0.14,105.49
Bilinga,4224,1762551000,,-28.14275,153.51369,0.59,0.96,8.33,4.31,22.36,91.7,0.13,116.4
Bilinga,4224,1762552800,,-28.14278,153.51365,0.66,1.26,7.14,3.88,22.45,97.33,0.09,132.84
Bilinga,4224,1762554600,,-28.1428,153.51371,0.62,1.14,7.69,3.35,22.32,95.57,0.18,126.15
Bilinga,4224,1762556400,,-28.1428,153.51371,0.66,1.2,8.0,3.34,22.14,101.28,0.25,133.63
Bilinga,4224,1762558200,,-28.14281,153.51371,0.66,1.0,8.33,3.28,22.1,96.8,0.27,128.7
Bilinga,4224,1762560000,,-28.1428,153.51371,0.67,1.23,8.0,3.14,22.1,99.88,0.24,143.74
Bilinga,4224,1762561800,,-28.1428,153.51373,0.69,1.26,8.0,2.98,22.18,106.03,0.33,135.03
Bilinga,4224,1762563600,,-28.1428,153.51373,0.75,1.19,7.69,3.03,21.96,95.48,0.31,132.48
Bilinga,4224,1762565400,,-28.14281,153.51375,0.76,1.35,3.39,2.98,21.87,7.13,0.41,137.41
Bilinga,4224,1762567200,,-28.14281,153.51373,0.83,1.32,3.92,3.1,21.92,13.63,0.36,138.46
Bilinga,4224,1762569000,,-28.1428,153.51373,0.85,1.58,3.7,3.12,21.74,14.95,0.33,131.96
Bilinga,4224,1762570800,,-28.14281,153.51373,0.81,1.32,3.7,3.14,21.83,19.08,0.37,129.67
Bilinga,4224,1762572600,,-28.14281,153.51373,0.9,1.48,4.08,3.27,21.83,28.14,0.28,132.04
Bilinga,4224,1762574400,,-28.1428,153.51375,0.99,1.66,3.77,3.38,21.74,21.46,0.34,147.87
Bilinga,4224,1762576200,,-28.1428,153.51375,1.05,1.69,4.35,3.46,21.47,30.69,0.35,124.92
Bilinga,4224,1762578000,,-28.14281,153.51375,1.09,1.91,4.44,3.51,21.52,32.54,0.36,133.98
Bilinga,4224,1762579800,,-28.1428,153.51375,1.17,1.95,4.76,3.62,21.47,28.4,0.32,144.79
Bilinga,4224,1762581600,,-28.1428,153.51373,1.16,2.34,4.76,3.64,21.25,24.27,0.36,141.1
Bilinga,4224,1762583400,,-28.1428,153.51373,1.17,1.81,4.76,3.63,21.34,19.08,0.32,130.11
Bilinga,4224,1762585200,,-28.14278,153.51375,1.18,2.06,4.76,3.76,21.21,19.61,0.23,135.21
Bilinga,4224,1762587000,,-28.14281,153.51371,1.14,1.94,4.76,3.74,21.16,23.57,0.23,126.59
Bilinga,4224,1762588800,,-28.1428,153.51371,1.06,1.82,4.55,3.65,21.08,17.94,0.28,130.11
Bilinga,4224,1762590600,,-28.14278,153.51373,1.04,1.56,4.88,3.61,21.03,28.93,0.23,119.21
Bilinga,4224,1762592400,,-28.14278,153.51375,0.91,1.75,4.76,3.6,20.99,32.18,0.23,121.76
Bilinga,4224,1762594200,,-28.14277,153.5138,0.86,1.45,4.76,3.79,21.25,29.28,0.25,92.92
Bilinga,4224,1762596000,,-28.14275,153.5138,0.87,1.33,4.88,3.68,22.14,29.9,0.29,100.4
Bilinga,4224,1762597800,,-28.14278,153.51375,0.87,1.34,4.88,3.7,21.96,32.36,0.24,116.92
Bilinga,4224,1762599600,,-28.14277,153.51377,0.81,1.38,5.41,3.85,21.87,31.66,0.25,108.4
Bilinga,4224,1762601400,,-28.14277,153.51377,0.82,1.42,5.56,3.92,21.92,35.79,0.2,98.81
Bilinga,4224,1762603200,,-28.14277,153.51377,0.79,1.41,5.26,3.83,21.78,36.76,0.18,85.1
Bilinga,4224,1762605000,,-28.14277,153.51371,0.76,1.2,4.76,3.48,21.74,32.1,0.17,95.65
Bilinga,4224,1762606800,,-28.14277,153.51371,0.87,1.48,5.88,3.7,21.65,30.78,0.14,117.89
Bilinga,4224,1762608600,,-28.14275,153.51371,0.9,1.46,5.41,3.77,21.47,28.76,0.14,113.32
Bilinga,4224,1762610400,,-28.14277,153.51371,0.96,1.67,5.71,3.76,21.34,27.7,0.24,140.31
Bilinga,4224,1762610400,,-28.14275,153.51371,0.96,1.67,5.71,3.76,21.34,27.7,0.24,140.31
Bilinga,4224,1762612200,,-28.14278,153.51373,1.03,1.99,5.56,3.81,20.99,24.62,0.17,124.48
Bilinga,4224,1762614000,,-28.14278,153.51373,1.06,1.99,4.76,3.76,20.72,23.83,0.21,132.84
Bilinga,4224,1762615800,,-28.14277,153.51373,0.94,1.64,5.26,3.61,20.77,27.08,0.19,123.52
Bilinga,4224,1762617600,,-28.14277,153.51375,0.86,1.37,5.13,3.55,20.64,31.48,0.17,120.18
Bilinga,4224,1762619400,,-28.14277,153.51377,0.81,1.36,5.71,3.42,20.59,29.99,0.2,128.79
Bilinga,4224,1762621200,,-28.14277,153.51375,0.77,1.17,4.26,3.38,20.55,29.9,0.16,97.32
Bilinga,4224,1762623000,,-28.14275,153.51377,0.71,1.17,4.17,3.39,20.5,31.39,0.15,79.56
Bilinga,4224,1762624800,,-28.1427,153.51382,0.68,1.13,4.0,3.5,21.08,41.41,0.14,86.68
Bilinga,4224,1762626600,,-28.14268,153.5138,0.63,0.98,5.56,3.77,21.21,33.59,0.12,79.3
Bilinga,4224,1762628400,,-28.14268,153.51377,0.58,1.04,8.0,3.76,21.3,78.34,0.12,105.49
Bilinga,4224,1762630200,,-28.1427,153.51377,0.54,0.92,8.7,3.78,21.47,72.62,0.07,69.98
Bilinga,4224,1762632000,,-28.14271,153.51373,0.57,0.95,4.0,3.87,21.61,44.14,0.07,59.52
Bilinga,4224,1762633800,,-28.14274,153.51371,0.59,1.01,8.33,3.79,21.74,80.1,0.05,116.84
Bilinga,4224,1762635600,,-28.14274,153.51369,0.59,1.17,3.77,3.74,21.74,39.39,0.02,91.78
Bilinga,4224,1762637400,,-28.14274,153.51367,0.6,1.27,4.08,3.75,21.69,43.52,0.06,174.07
Bilinga,4224,1762639200,,-28.14274,153.51365,0.58,0.88,4.17,3.6,21.69,44.49,0.04,191.47
Bilinga,4224,1762641000,,-28.14277,153.51365,0.61,1.11,3.77,3.29,21.61,41.77,0.1,186.29
Bilinga,4224,1762642800,,-28.14278,153.51367,0.63,1.11,4.44,3.21,21.21,47.66,0.12,131.96
Bilinga,4224,1762644600,,-28.14277,153.51371,0.62,1.11,4.17,3.32,21.12,43.44,0.14,109.45
Bilinga,4224,1762646400,,-28.14277,153.51371,0.62,1.07,3.92,3.32,20.99,48.1,0.06,102.68
Bilinga,4224,1762648200,,-28.14277,153.51371,0.61,1.15,3.77,3.47,20.42,42.03,0.08,66.29
Bilinga,4224,1762650000,,-28.14275,153.51371,0.62,0.96,9.09,3.49,20.2,79.13,0.1,98.02
Bilinga,4224,1762651800,,-28.14275,153.51373,0.63,0.98,4.0,3.45,20.11,35.79,0.09,86.86
Bilinga,4224,1762653600,,-28.14277,153.51371,0.6,0.87,4.26,3.4,20.15,36.49,0.11,96.0
Bilinga,4224,1762655400,,-28.14277,153.51373,0.56,1.01,8.0,3.47,20.11,80.54,0.11,91.43
Bilinga,4224,1762657200,,-28.14277,153.51373,0.51,0.87,8.0,3.3,20.07,78.07,0.12,104.62
Bilinga,4224,1762659000,,-28.14277,153.51373,0.5,0.8,8.33,3.22,20.02,78.34,0.13,91.78
Bilinga,4224,1762660800,,-28.14275,153.51375,0.51,0.95,9.09,3.24,19.94,76.67,0.1,100.4
Bilinga,4224,1762662600,,-28.14275,153.51377,0.48,0.77,8.0,3.53,19.98,73.85,0.08,84.13
Bilinga,4224,1762664400,,-28.14275,153.51375,0.47,0.72,8.7,3.85,19.94,79.22,0.06,82.73
Bilinga,4224,1762666200,,-28.14275,153.51373,0.45,0.77,7.69,3.92,19.94,70.51,0.08,7.21
Bilinga,4224,1762668000,,-28.14271,153.51373,0.44,0.69,7.69,3.93,20.07,71.3,0.05,42.64
Bilinga,4224,1762669800,,-28.14274,153.51373,0.45,0.74,8.33,4.24,20.11,69.28,0.08,99.08
Bilinga,4224,1762671600,,-28.14271,153.51373,0.44,0.82,9.09,4.37,20.15,65.94,0.13,118.77
Bilinga,4224,1762673400,,-28.14271,153.51373,0.43,0.7,7.69,4.37,20.07,71.48,0.13,105.23
Bilinga,4224,1762675200,,-28.14275,153.51369,0.4,0.56,8.7,4.47,20.24,63.74,0.06,124.66
Bilinga,4224,1762677000,,-28.14271,153.51367,0.42,0.68,9.09,4.59,19.98,67.52,0.03,85.8
Bilinga,4224,1762678800,,-28.14271,153.51362,0.37,0.67,8.33,4.37,20.07,66.47,0.07,43.87
Bilinga,4224,1762680600,,-28.14268,153.51358,0.4,0.6,9.09,4.49,20.42,69.11,0.02,17.41
Bilinga,4224,1762682400,,-28.1426,153.51358,0.41,0.73,8.7,4.89,20.5,70.43,0.05,23.38
Bilinga,4224,1762684200,,-28.14253,153.51347,0.38,0.58,8.7,4.72,20.5,73.5,0.04,92.75
Bilinga,4224,1762686000,,-28.14255,153.5135,0.37,0.52,8.7,5.05,20.15,77.99,0.13,337.49
Bilinga,4224,1762687800,,-28.14265,153.51377,0.35,0.64,9.09,5.14,20.24,75.52,0.03,267.6
Bilinga,4224,1762689600,,-28.14252,153.5138,0.32,0.6,7.69,4.88,20.15,77.63,0.07,358.95
Bilinga,4224,1762691400,,-28.14244,153.51377,0.35,0.56,8.7,5.3,20.11,77.72,0.09,199.82
Bilinga,4224,1762693200,,-28.1426,153.51382,0.32,0.47,8.33,5.04,20.55,76.49,0.01,193.85
Bilinga,4224,1762695000,,-28.1426,153.51382,0.34,0.55,7.69,3.62,20.55,73.06,0.16,163.08
Bilinga,4224,1762696800,,-28.1425,153.51386,0.34,0.53,8.7,3.92,20.2,70.69,0.12,135.3
Bilinga,4224,1762696800,,-28.14248,153.51386,0.34,0.53,8.7,3.92,20.2,70.69,0.12,135.3
Bilinga,4224,1762698600,,-28.14247,153.51388,0.34,0.64,8.0,3.68,20.15,64.54,0.12,124.84
Bilinga,4224,1762700400,,-28.14232,153.51377,0.34,0.56,9.09,3.73,20.11,70.43,0.04,40.0
Bilinga,4224,1762702200,,-28.14226,153.51373,0.33,0.52,8.33,4.09,20.07,68.84,0.1,84.48
Bilinga,4224,1762704000,,-28.14226,153.51365,0.36,0.51,8.7,4.66,20.02,64.8,0.08,74.99
Bilinga,4224,1762705800,,-28.14226,153.51362,0.34,0.55,9.09,4.59,19.98,65.5,0.06,98.29
Bilinga,4224,1762707600,,-28.14226,153.51358,0.36,0.65,8.7,4.46,19.94,61.99,0.04,82.55
Bilinga,4224,1762709400,,-28.14225,153.51356,0.41,0.66,13.33,4.17,19.94,89.77,0.01,13.19
Bilinga,4224,1762711200,,-28.14226,153.51352,0.47,0.79,7.69,4.69,19.94,75.52,0.08,123.43
Bilinga,4224,1762713000,,-28.14226,153.51347,0.57,0.98,7.14,4.47,19.94,87.66,0.08,312.35
Bilinga,4224,1762714800,,-28.14218,153.51354,0.67,1.02,7.14,4.35,19.94,87.57,0.04,11.78
Bilinga,4224,1762716600,,-28.14217,153.51347,0.67,1.1,6.67,4.35,19.89,89.33,0.1,329.49
Bilinga,4224,1762718400,,-28.14218,153.51345,0.75,1.18,7.41,4.77,19.81,87.22,0.03,287.91
Bilinga,4224,1762720200,,-28.14218,153.51341,0.72,1.31,7.14,4.88,19.72,87.48,0.04,152.53
Bilinga,4224,1762722000,,-28.14218,153.51343,0.79,1.24,6.9,4.76,19.72,90.03,0.07,269.54
Bilinga,4224,1762723800,,-28.14223,153.51339,0.82,1.32,7.69,4.83,19.72,84.4,0.03,310.24
Bilinga,4224,1762725600,,-28.14232,153.51339,0.79,1.38,6.9,4.65,19.67,89.15,0.04,205.27
Bilinga,4224,1762727400,,-28.14241,153.51341,0.82,1.55,6.25,4.93,19.72,90.12,0.05,156.31
Bilinga,4224,1762729200,,-28.1425,153.51347,0.79,1.36,6.25,4.79,19.67,86.69,0.02,224.88
Bilinga,4224,1762731000,,-28.14253,153.51347,0.91,1.66,6.06,5.01,19.67,89.85,0.09,97.67
Bilinga,4224,1762732800,,-28.14259,153.51347,0.89,1.65,6.67,4.8,19.72,91.17,0.04,331.52
Bilinga,4224,1762734600,,-28.14259,153.5135,0.93,1.49,7.41,4.51,19.72,83.52,0.03,336.53
Bilinga,4224,1762736400,,-28.14252,153.51347,0.86,1.91,7.41,4.55,19.67,86.69,0.02,149.98
Bilinga,4224,1762738200,,-28.14259,153.5135,0.85,1.27,5.88,4.67,19.67,91.08,0.03,299.34
Bilinga,4224,1762740000,,-28.1426,153.51347,0.88,1.39,6.25,4.63,19.72,92.49,0.02,172.57
Bilinga,4224,1762741800,,-28.14262,153.5135,0.93,1.53,6.67,4.62,19.72,91.88,0.02,160.26
Bilinga,4224,1762743600,,-28.14263,153.5135,0.96,1.84,6.06,4.4,19.72,87.92,0.04,66.11
Bilinga,4224,1762745400,,-28.14263,153.51356,0.91,1.47,6.45,4.52,19.72,93.46,0.03,210.9
Bilinga,4224,1762747200,,-28.14265,153.51358,0.93,1.5,5.71,4.59,19.72,95.04,0.03,124.48
Bilinga,4224,1762749000,,-28.14275,153.51369,0.91,1.52,6.67,4.69,20.99,97.68,0.1,179.43
Bilinga,4224,1762750800,,-28.14263,153.51377,0.92,1.52,6.45,4.84,21.03,97.68,0.13,140.92
Bilinga,4224,1762752600,,-28.1426,153.5138,0.83,1.48,12.5,4.74,21.08,91.08,0.13,157.63
Bilinga,4224,1762754400,,-28.14259,153.51382,0.92,1.52,6.67,4.79,21.16,96.36,0.11,125.27
Bilinga,4224,1762756200,,-28.14259,153.5138,0.96,1.48,13.33,4.66,21.21,91.0,0.12,171.87
Bilinga,4224,1762758000,,-28.14257,153.51382,0.89,1.3,6.9,4.38,21.25,84.32,0.1,180.04
Bilinga,4224,1762759800,,-28.14247,153.5139,0.92,1.39,6.45,4.56,21.3,86.51,0.1,128.18
Bilinga,4224,1762761600,,-28.14248,153.51386,0.93,1.42,13.33,4.54,21.21,88.54,0.07,149.01
Bilinga,4224,1762763400,,-28.14247,153.51386,0.93,1.66,6.67,4.34,21.34,97.33,0.1,165.54
Bilinga,4224,1762765200,,-28.14245,153.51388,0.95,1.63,6.45,4.48,21.38,96.89,0.05,179.34
Bilinga,4224,1762767000,,-28.14245,153.5138,1.01,1.68,6.45,4.32,21.56,98.47,0.12,194.02
Bilinga,4224,1762768800,,-28.14241,153.5139,0.96,1.49,6.25,4.65,21.61,103.48,0.14,159.74
Bilinga,4224,1762770600,,-28.14238,153.51395,0.96,1.54,6.45,4.78,21.65,102.69,0.13,151.47
Bilinga,4224,1762772400,,-28.14237,153.51393,1.03,1.75,6.45,4.47,21.69,96.1,0.17,125.27
Bilinga,4224,1762774200,,-28.14233,153.5139,1.08,1.72,5.0,4.44,21.69,95.22,0.1,139.43
Bilinga,4224,1762776000,,-28.14233,153.51386,1.03,1.94,5.56,4.43,21.65,87.04,0.04,145.85
Bilinga,4224,1762777800,,-28.14232,153.51371,0.99,1.75,6.06,4.59,21.61,93.02,0.08,145.76
Bilinga,4224,1762779600,,-28.14229,153.51341,0.97,1.54,5.88,4.83,21.56,94.43,0.04,89.05
Bilinga,4224,1762781400,,-28.1423,153.51332,0.95,1.5,6.06,4.94,21.43,93.55,0.06,46.42
Bilinga,4224,1762783200,,-28.14223,153.51324,0.92,1.62,6.25,5.11,21.25,97.06,0.06,70.95
Bilinga,4224,1762783200,,-28.14223,153.51322,0.92,1.62,6.25,5.11,21.25,97.06,0.06,70.95
Bilinga,4224,1762785000,,-28.14223,153.51322,0.91,1.61,5.71,5.1,21.21,90.82,0.07,14.59
Bilinga,4224,1762786800,,-28.14214,153.51317,0.91,1.58,5.88,5.15,21.16,85.99,0.05,26.81
Bilinga,4224,1762788600,,-28.14207,153.51317,0.82,1.41,6.25,5.13,21.21,90.21,0.03,343.3
Bilinga,4224,1762790400,,-28.14205,153.51317,0.84,1.69,6.67,5.38,21.34,82.82,0.04,320.97
Bilinga,4224,1762792200,,-28.14205,153.51317,0.77,1.71,6.25,5.57,21.38,86.6,0.06,259.43
Bilinga,4224,1762794000,,-28.14205,153.51317,0.73,1.29,6.67,5.43,21.38,87.22,0.04,316.84
Bilinga,4224,1762795800,,-28.14203,153.51317,0.76,1.42,11.76,5.54,21.38,88.89,0.04,273.41
Bilinga,4224,1762797600,,-28.14203,153.51317,0.69,1.21,6.67,5.56,21.38,83.88,0.04,260.57
Bilinga,4224,1762799400,,-28.14202,153.51317,0.68,1.1,11.11,5.54,21.38,89.06,0.06,299.69
Bilinga,4224,1762801200,,-28.142,153.51317,0.69,1.29,5.56,5.54,21.34,85.55,0.06,306.11
Bilinga,4224,1762803000,,-28.142,153.51317,0.66,1.06,5.88,5.45,21.34,86.69,0.02,135.74
Bilinga,4224,1762804800,,-28.142,153.51317,0.64,1.01,10.53,5.59,21.34,93.9,0.04,193.05
Bilinga,4224,1762806600,,-28.142,153.51317,0.65,1.05,10.53,5.55,21.38,90.82,0.08,176.09
Bilinga,4224,1762808400,,-28.14215,153.51317,0.64,1.06,6.06,5.44,21.38,87.13,0.15,235.96
Bilinga,4224,1762810200,,-28.14211,153.51317,0.66,1.09,5.71,5.59,21.52,85.72,0.05,246.86
Bilinga,4224,1762812000,,-28.14211,153.51315,0.67,1.21,6.06,5.4,21.74,78.95,0.08,255.38
Bilinga,4224,1762813800,,-28.14208,153.51313,0.72,1.36,10.53,5.65,21.96,87.3,0.24,74.55
Bilinga,4224,1762815600,,-28.1421,153.51311,0.72,1.18,8.7,5.58,22.18,74.65,0.09,122.81
Bilinga,4224,1762817400,,-28.14208,153.51313,0.71,1.21,6.25,5.43,22.32,71.13,0.12,104.0
Bilinga,4224,1762819200,,-28.14208,153.51311,0.72,1.05,5.41,5.28,22.27,89.15,0.11,64.44
Bilinga,4224,1762821000,,-28.14215,153.51311,0.71,1.22,6.06,5.27,22.05,76.32,0.03,55.12
Bilinga,4224,1762822800,,-28.14225,153.51311,0.68,1.16,5.88,4.78,22.05,76.14,0.03,78.33
Bilinga,4224,1762824600,,-28.14232,153.51311,0.71,1.17,10.53,4.53,21.96,95.66,0.03,163.43
Bilinga,4224,1762826400,,-28.14244,153.51309,0.7,1.3,5.88,4.23,21.96,83.08,0.09,184.0
Bilinga,4224,1762828200,,-28.14253,153.51313,0.73,1.1,6.06,4.14,21.96,83.17,0.06,205.45
Bilinga,4224,1762830000,,-28.14252,153.51313,0.72,1.22,5.41,4.04,21.87,86.34,0.1,169.76
Bilinga,4224,1762831800,,-28.14259,153.51328,0.73,1.24,5.88,4.01,21.92,84.93,0.11,153.85
Bilinga,4224,1762833600,,-28.14263,153.51339,0.73,1.36,8.33,3.96,21.92,76.23,0.11,147.34
Bilinga,4224,1762835400,,-28.1427,153.51343,0.75,1.26,5.71,3.99,21.96,83.96,0.09,141.27
Bilinga,4224,1762837200,,-28.14277,153.5136,0.73,1.09,9.52,3.87,22.05,90.56,0.11,133.63
Bilinga,4224,1762839000,,-28.14275,153.51362,0.73,1.32,10.0,3.77,21.92,87.22,0.09,130.99
Bilinga,4224,1762840800,,-28.14275,153.51365,0.73,1.11,9.52,3.71,21.87,87.92,0.08,77.71
Bilinga,4224,1762842600,,-28.14277,153.51365,0.73,1.11,11.11,3.71,21.92,87.48,0.08,111.65
Bilinga,4224,1762844400,,-28.14278,153.51362,0.73,1.19,6.45,3.63,21.92,74.65,0.1,105.41
Bilinga,4224,1762846200,,-28.1428,153.5136,0.71,1.2,11.76,3.66,21.87,72.45,0.05,103.12
Bilinga,4224,1762848000,,-28.14281,153.51347,0.72,1.24,9.09,3.55,21.87,84.23,0.12,88.97
Bilinga,4224,1762849800,,-28.1428,153.51341,0.72,1.28,6.67,3.56,21.92,74.29,0.12,104.79
Bilinga,4224,1762851600,,-28.14281,153.51341,0.7,1.21,10.0,3.59,21.96,88.54,0.1,96.53
Bilinga,4224,1762853400,,-28.14281,153.51341,0.72,1.15,6.06,3.51,21.96,81.06,0.07,129.85
Bilinga,4224,1762855200,,-28.1428,153.51343,0.69,1.31,6.45,3.48,22.05,80.89,0.06,107.87
Bilinga,4224,1762857000,,-28.1428,153.51347,0.71,1.18,6.06,3.53,22.05,72.89,0.08,92.31
Bilinga,4224,1762858800,,-28.14277,153.51352,0.7,1.02,6.25,3.63,22.1,75.79,0.03,58.37
Bilinga,4224,1762860600,,-28.14268,153.51356,0.66,1.09,3.64,3.64,22.1,77.46,0.04,13.36
Bilinga,4224,1762862400,,-28.1426,153.51356,0.63,1.15,5.41,3.78,22.05,86.34,0.09,65.76
Bilinga,4224,1762864200,,-28.1426,153.51354,0.63,1.04,6.25,4.01,22.05,77.19,0.06,28.57
Bilinga,4224,1762866000,,-28.1426,153.5135,0.56,0.93,5.88,3.96,22.1,78.34,0.08,353.85
Bilinga,4224,1762867800,,-28.1426,153.51345,0.57,1.05,11.11,4.09,22.1,56.01,0.06,26.2
Bilinga,4224,1762869600,,-28.14265,153.51345,0.55,0.88,9.09,4.08,22.1,75.61,0.1,30.77
Bilinga,4224,1762869600,,-28.14265,153.51341,0.55,0.88,9.09,4.08,22.1,75.61,0.1,30.77
Bilinga,4224,1762871400,,-28.14274,153.51332,0.54,0.91,9.09,4.05,22.05,76.93,0.09,24.62
Bilinga,4224,1762873200,,-28.14271,153.5133,0.55,0.77,9.52,4.18,22.05,84.58,0.09,36.48
Bilinga,4224,1762875000,,-28.1427,153.5133,0.54,0.95,11.76,4.15,22.05,54.34,0.06,34.55
Bilinga,4224,1762876800,,-28.14271,153.51334,0.54,0.81,9.09,4.16,21.96,72.71,0.11,52.48
Bilinga,4224,1762878600,,-28.14274,153.5135,0.51,0.88,11.76,4.04,21.87,49.68,0.08,55.12
Bilinga,4224,1762880400,,-28.14275,153.51347,0.5,0.88,11.76,4.36,21.69,58.82,0.04,69.63
Bilinga,4224,1762882200,,-28.14275,153.51347,0.53,0.83,12.5,3.87,21.56,63.66,0.07,25.76
Bilinga,4224,1762884000,,-28.1424,153.51328,0.49,0.82,9.09,3.21,21.52,70.95,0.07,315.6
Bilinga,4224,1762885800,,-28.1423,153.51326,0.48,0.79,12.5,3.55,21.34,60.32,0.05,319.3
Bilinga,4224,1762887600,,-28.14225,153.51332,0.45,0.8,9.52,4.07,21.21,70.07,0.08,307.96
Bilinga,4224,1762889400,,-28.14225,153.51332,0.44,0.85,13.33,3.6,21.12,71.83,0.11,308.66
Bilinga,4224,1762891200,,-28.1422,153.51332,0.43,0.82,12.5,3.16,20.85,68.67,0.09,300.31
Bilinga,4224,1762893000,,-28.1421,153.5133,0.44,0.87,13.33,3.21,20.55,76.4,0.16,324.75
Bilinga,4224,1762894800,,-28.14205,153.51328,0.42,0.74,8.0,2.78,20.37,67.88,0.16,332.04
Bilinga,4224,1762896600,,-28.14196,153.51326,0.48,0.97,8.7,2.92,19.94,74.21,0.2,340.13
Bilinga,4224,1762898400,,-28.14193,153.51324,0.54,0.89,12.5,3.34,19.59,73.15,0.16,315.43
Bilinga,4224,1762900200,,-28.14195,153.51322,0.57,1.09,11.76,3.25,19.28,66.03,0.12,329.41
Bilinga,4224,1762902000,,-28.14195,153.51315,0.65,1.02,8.33,3.68,18.98,85.72,0.15,314.81
Bilinga,4224,1762903800,,-28.14193,153.51307,0.68,1.2,11.76,3.68,18.81,67.96,0.15,293.54
Bilinga,4224,1762905600,,-28.14192,153.51298,0.69,1.15,11.76,3.69,18.68,72.01,0.16,287.21
Bilinga,4224,1762907400,,-28.14193,153.51292,0.77,1.29,10.0,3.58,18.55,80.01,0.24,300.04
Bilinga,4224,1762909200,,-28.14192,153.51285,0.73,1.28,8.33,3.51,18.38,82.91,0.17,288.44
Bilinga,4224,1762911000,,-28.14192,153.51281,0.78,1.23,9.52,3.6,18.29,87.57,0.2,293.54
Bilinga,4224,1762912800,,-28.14193,153.51279,0.8,1.31,11.11,3.6,18.21,74.21,0.2,282.73
Bilinga,4224,1762914600,,-28.14193,153.51281,0.81,1.72,9.52,3.67,18.16,79.3,0.2,276.57
Bilinga,4224,1762916400,,-28.14192,153.51281,0.86,1.48,11.11,3.71,20.24,80.01,0.31,263.65
Bilinga,4224,1762918200,,-28.1418,153.51292,0.74,1.27,11.11,3.47,20.85,86.07,0.18,244.31
Bilinga,4224,1762920000,,-28.14184,153.51296,0.78,1.2,10.0,3.73,21.08,82.73,0.16,244.31
Bilinga,4224,1762921800,,-28.14185,153.513,0.78,1.45,11.11,3.72,21.03,82.91,0.14,254.86
Bilinga,4224,1762923600,,-28.14181,153.51296,0.73,1.32,10.53,3.54,20.99,71.74,0.13,275.34
Bilinga,4224,1762925400,,-28.14178,153.51292,0.71,1.28,11.11,3.75,21.08,72.97,0.14,286.51
Bilinga,4224,1762927200,,-28.1418,153.51285,0.7,1.34,9.52,3.83,21.21,77.55,0.2,280.18
Bilinga,4224,1762929000,,-28.14185,153.51283,0.68,1.16,11.11,3.75,21.25,86.25,0.22,285.71
Bilinga,4224,1762930800,,-28.14184,153.51285,0.73,1.1,11.11,3.79,21.21,74.38,0.17,291.25
Bilinga,4224,1762932600,,-28.14181,153.51281,0.72,1.36,11.11,3.83,21.96,83.88,0.28,263.65
Bilinga,4224,1762934400,,-28.14181,153.51285,0.67,1.31,11.11,3.89,21.96,74.03,0.2,263.38
Bilinga,4224,1762936200,,-28.1418,153.51287,0.66,1.12,11.76,3.73,21.92,77.63,0.15,258.81
Bilinga,4224,1762938000,,-28.14178,153.51287,0.68,1.15,11.76,3.89,21.92,79.57,0.1,253.54
Bilinga,4224,1762939800,,-28.14181,153.51287,0.68,1.22,10.53,3.96,21.92,89.41,0.13,280.35
Bilinga,4224,1762941600,,-28.1418,153.51287,0.67,1.09,11.11,4.01,21.92,82.82,0.1,281.67
Bilinga,4224,1762943400,,-28.1418,153.51287,0.67,0.96,10.53,4.16,22.05,92.93,0.1,249.23
Bilinga,4224,1762945200,,-28.1418,153.51287,0.67,1.0,10.53,3.95,22.05,90.03,0.08,274.02
Bilinga,4224,1762947000,,-28.14184,153.51285,0.65,1.03,11.76,4.06,22.05,89.06,0.06,263.65
Bilinga,4224,1762948800,,-28.14184,153.51285,0.67,1.08,10.0,4.24,22.1,88.18,0.08,286.24
Bilinga,4224,1762950600,,-28.14187,153.51283,0.67,1.11,11.76,4.4,22.1,89.94,0.09,277.45
Bilinga,4224,1762952400,,-28.14187,153.51283,0.63,1.12,11.76,4.3,22.1,79.66,0.12,274.37
Bilinga,4224,1762954200,,-28.14188,153.51283,0.65,1.09,11.11,4.43,22.14,91.0,0.05,291.08
Bilinga,4224,1762956000,,-28.14188,153.51283,0.63,1.08,11.11,4.36,22.14,87.48,0.09,275.52
Bilinga,4224,1762956000,,-28.14187,153.51285,0.63,1.08,11.11,4.36,22.14,87.48,0.09,275.52
Bilinga,4224,1762957800,,-28.1419,153.51287,0.67,1.12,11.76,4.78,22.1,84.23,0.04,275.69
Bilinga,4224,1762959600,,-28.14187,153.51287,0.61,0.94,11.76,4.43,22.05,86.6,0.02,273.14
Bilinga,4224,1762961400,,-28.14187,153.51287,0.61,1.12,11.76,4.67,22.05,80.89,0.08,302.51
Bilinga,4224,1762963200,,-28.14193,153.51283,0.62,0.92,11.76,4.69,22.05,84.93,0.03,340.04
Bilinga,4224,1762965000,,-28.14195,153.51285,0.6,1.01,11.11,4.74,22.1,80.89,0.05,317.45
Bilinga,4224,1762966800,,-28.14188,153.51287,0.56,0.92,11.11,4.89,22.1,82.38,0.06,299.78
Bilinga,4224,1762968600,,-28.14188,153.51289,0.6,0.95,11.76,5.11,22.05,80.18,0.08,313.49
Bilinga,4224,1762970400,,-28.1419,153.51289,0.58,1.0,11.76,5.12,22.05,81.41,0.07,348.92
Bilinga,4224,1762972200,,-28.14188,153.51287,0.57,0.87,11.11,5.02,22.05,79.74,0.07,342.59
Bilinga,4224,1762974000,,-28.14187,153.51287,0.59,0.91,11.76,5.27,22.05,82.29,0.06,309.71
Bilinga,4224,1762975800,,-28.14185,153.51289,0.54,0.89,11.11,5.08,22.05,89.5,0.06,298.29
Bilinga,4224,1762977600,,-28.14185,153.51287,0.58,1.05,11.11,5.4,21.83,88.71,0.12,272.88
Bilinga,4224,1762979400,,-28.14184,153.51287,0.57,0.88,10.53,5.11,21.96,87.22,0.07,260.84
Bilinga,4224,1762981200,,-28.14185,153.51287,0.59,1.01,10.53,5.28,22.1,87.83,0.14,269.27
Bilinga,4224,1762983000,,-28.14187,153.51287,0.6,0.94,11.11,5.14,22.32,80.89,0.12,247.91
Bilinga,4224,1762984800,,-28.14192,153.51283,0.64,1.12,10.53,5.39,22.36,85.02,0.11,241.76
Bilinga,4224,1762986600,,-28.14195,153.51283,0.62,1.12,10.53,5.19,22.41,83.88,0.01,182.86
Bilinga,4224,1762988400,,-28.142,153.51283,0.59,1.05,10.53,4.76,22.45,86.07,0.07,216.0
Bilinga,4224,1762990200,,-28.14207,153.51283,0.57,1.09,10.0,4.18,22.59,85.81,0.01,329.05
Bilinga,4224,1762992000,,-28.14215,153.51285,0.57,0.89,10.0,3.71,22.41,85.46,0.08,177.32
Bilinga,4224,1762993800,,-28.1422,153.51285,0.55,1.05,9.52,3.44,22.45,88.8,0.08,202.02
Bilinga,4224,1762995600,,-28.14235,153.51285,0.62,1.06,8.33,3.46,22.45,93.37,0.11,176.44
Bilinga,4224,1762997400,,-28.14238,153.51283,0.63,1.08,9.09,3.33,22.54,95.13,0.1,192.0
Bilinga,4224,1762999200,,-28.14244,153.51281,0.65,1.3,8.33,3.34,22.68,94.16,0.14,196.66
Bilinga,4224,1763001000,,-28.14253,153.51285,0.7,1.05,10.0,3.34,22.81,91.7,0.07,190.07
Bilinga,4224,1763002800,,-28.1426,153.51287,0.72,1.16,10.0,3.32,22.9,100.05,0.14,181.19
Bilinga,4224,1763004600,,-28.14263,153.51289,0.73,1.18,9.52,3.29,22.9,90.91,0.13,192.7
Bilinga,4224,1763006400,,-28.14266,153.51289,0.75,1.22,9.09,3.27,22.9,87.39,0.14,177.67
Bilinga,4224,1763008200,,-28.1427,153.51296,0.81,1.52,3.33,3.33,22.9,30.16,0.1,177.93
Bilinga,4224,1763010000,,-28.14268,153.513,0.85,1.47,3.64,3.36,22.9,33.06,0.1,175.82
Bilinga,4224,1763011800,,-28.14268,153.51302,0.98,1.48,3.64,3.4,22.81,20.84,0.06,209.05
Bilinga,4224,1763013600,,-28.1427,153.51305,0.94,1.53,3.7,3.44,22.81,21.46,0.1,134.95
Bilinga,4224,1763015400,,-28.14271,153.51311,1.02,1.75,3.92,3.53,22.81,14.25,0.04,147.43
Bilinga,4224,1763017200,,-28.14271,153.51317,1.07,1.75,4.17,3.58,22.77,24.1,0.07,162.9
Bilinga,4224,1763019000,,-28.14275,153.51322,1.01,1.61,4.26,3.49,22.77,31.66,0.07,181.54
Bilinga,4224,1763020800,,-28.14277,153.51328,1.05,1.6,4.26,3.66,22.77,28.49,0.11,166.07
Bilinga,4224,1763022600,,-28.14277,153.51334,1.08,1.93,4.26,3.65,22.72,28.76,0.06,139.43
Bilinga,4224,1763024400,,-28.1428,153.51345,1.01,1.96,4.26,3.63,22.68,36.58,0.1,133.71
Bilinga,4224,1763026200,,-28.14278,153.51352,0.97,1.47,4.26,3.56,22.68,35.96,0.09,118.51
Bilinga,4224,1763028000,,-28.1428,153.51347,0.98,1.68,4.26,3.59,22.63,47.04,0.13,104.97
Bilinga,4224,1763029800,,-28.1428,153.51352,0.97,1.65,4.35,3.64,22.59,46.16,0.1,115.25
Bilinga,4224,1763031600,,-28.1428,153.5135,0.94,1.53,4.65,3.64,22.54,51.08,0.14,123.08
Bilinga,4224,1763033400,,-28.14278,153.51354,0.96,1.96,4.76,3.6,22.54,54.07,0.1,112.0
Bilinga,4224,1763035200,,-28.14278,153.51352,0.99,1.49,5.0,3.69,22.5,58.21,0.09,124.75
Bilinga,4224,1763037000,,-28.14278,153.51352,0.97,2.1,4.76,3.69,22.45,51.44,0.09,111.47
Bilinga,4224,1763038800,,-28.14278,153.5135,0.96,1.7,4.88,3.7,22.45,44.67,0.07,173.01
Bilinga,4224,1763040600,,-28.14278,153.51352,0.98,1.45,4.88,3.73,22.41,46.51,0.02,116.57
Bilinga,4224,1763042400,,-28.1428,153.5135,0.95,1.8,4.88,3.86,22.36,46.07,0.09,100.84
Bilinga,4224,1763042400,,-28.14278,153.5135,0.95,1.8,4.88,3.86,22.36,46.07,0.09,100.84
Bilinga,4224,1763044200,,-28.14278,153.51352,1.01,1.61,5.13,3.94,22.32,48.27,0.07,106.02
Bilinga,4224,1763046000,,-28.1428,153.5135,0.92,1.43,5.0,3.84,22.32,51.44,0.07,77.19
Bilinga,4224,1763047800,,-28.1428,153.5135,0.96,1.8,5.0,3.9,22.27,45.9,0.08,74.46
Bilinga,4224,1763049600,,-28.14278,153.51356,0.91,1.66,5.26,3.7,22.23,49.06,0.12,105.58
Bilinga,4224,1763051400,,-28.14278,153.51356,0.98,1.61,5.0,3.84,22.18,47.57,0.12,113.93
Bilinga,4224,1763053200,,-28.14278,153.51356,0.92,2.02,4.88,3.75,22.18,46.25,0.14,106.9
Bilinga,4224,1763055000,,-28.14278,153.51356,0.85,1.35,5.0,3.73,22.14,49.06,0.12,107.87
Bilinga,4224,1763056800,,-28.14277,153.51356,0.83,1.32,5.13,3.9,22.1,49.24,0.16,121.23
Bilinga,4224,1763058600,,-28.14277,153.51358,0.82,1.59,4.88,3.8,22.05,47.92,0.15,115.16
Bilinga,4224,1763060400,,-28.14275,153.51356,0.82,1.56,5.26,3.72,22.05,54.34,0.12,111.03
Bilinga,4224,1763062200,,-28.14275,153.5136,0.77,1.31,5.0,3.64,22.01,53.02,0.17,115.87
Bilinga,4224,1763064000,,-28.14275,153.5136,0.77,1.42,5.0,3.64,21.83,46.6,0.2,116.57
Bilinga,4224,1763065800,,-28.14275,153.51358,0.76,1.29,5.41,3.54,21.74,51.17,0.18,105.58
Bilinga,4224,1763067600,,-28.14275,153.5136,0.76,1.54,5.26,3.65,21.61,53.28,0.17,96.44
Bilinga,4224,1763069400,,-28.14271,153.51362,0.78,1.21,5.26,3.67,21.61,49.77,0.16,107.78
Bilinga,4224,1763071200,,-28.14275,153.5136,0.75,1.42,5.56,3.54,21.47,51.35,0.15,101.1
Bilinga,4224,1763073000,,-28.14275,153.51362,0.74,1.25,5.13,3.58,21.43,51.17,0.18,109.8
Bilinga,4224,1763074800,,-28.14277,153.51358,0.71,1.29,5.26,3.72,21.47,50.56,0.14,99.25
Bilinga,4224,1763076600,,-28.14277,153.51356,0.7,1.06,5.0,3.55,21.56,44.4,0.12,108.22
Bilinga,4224,1763078400,,-28.14277,153.51356,0.73,1.19,5.26,3.51,21.43,46.86,0.16,121.93
Bilinga,4224,1763080200,,-28.14278,153.51352,0.75,1.22,5.0,3.54,21.34,45.11,0.16,120.44
Bilinga,4224,1763082000,,-28.14278,153.51356,0.73,1.17,4.88,3.58,21.21,46.07,0.15,119.3
Bilinga,4224,1763083800,,-28.1428,153.51354,0.69,1.1,5.26,3.48,21.16,48.36,0.17,134.15
Bilinga,4224,1763085600,,-28.1428,153.51354,0.71,1.29,5.26,3.74,21.12,39.57,0.2,123.87
Bilinga,4224,1763087400,,-28.14281,153.51354,0.71,1.22,5.26,3.61,21.08,48.18,0.23,126.59
Bilinga,4224,1763089200,,-28.1428,153.51358,0.65,1.14,5.41,3.56,21.03,51.79,0.23,144.97
Bilinga,4224,1763091000,,-28.14278,153.51362,0.69,1.09,4.88,3.38,21.16,43.79,0.25,138.2
Bilinga,4224,1763092800,,-28.14277,153.51362,0.71,1.27,5.13,3.49,21.3,39.13,0.24,132.13
Bilinga,4224,1763094600,,-28.14277,153.51362,0.85,1.6,5.26,3.72,21.21,48.18,0.17,121.49
Bilinga,4224,1763096400,,-28.14277,153.51362,0.83,1.68,5.13,3.67,21.25,40.18,0.2,126.51
Bilinga,4224,1763098200,,-28.14278,153.51367,0.91,1.6,4.65,3.86,21.34,36.05,0.23,146.99
Bilinga,4224,1763100000,,-28.14271,153.51375,0.9,1.41,5.13,3.87,21.47,42.65,0.28,139.16
Bilinga,4224,1763101800,,-28.14271,153.51377,0.88,1.49,5.41,3.88,21.69,38.69,0.29,151.21
Bilinga,4224,1763103600,,-28.1427,153.51382,0.89,1.58,5.0,4.41,21.65,35.52,0.22,133.54
Bilinga,4224,1763105400,,-28.1427,153.51382,0.96,1.45,5.71,4.49,21.65,40.62,0.18,133.54
Bilinga,4224,1763107200,,-28.1427,153.5138,0.94,1.52,5.56,4.37,21.65,31.92,0.16,113.41
Bilinga,4224,1763109000,,-28.1427,153.5138,1.0,1.9,5.41,4.28,21.61,33.33,0.17,107.6
Bilinga,4224,1763110800,,-28.1427,153.51382,1.1,2.03,5.56,4.43,21.65,27.88,0.17,105.67
Bilinga,4224,1763112600,,-28.14271,153.51377,1.06,1.92,5.71,4.35,21.61,28.49,0.13,111.91
Bilinga,4224,1763114400,,-28.1427,153.5138,1.0,1.62,5.71,4.28,21.38,31.66,0.16,102.59
Bilinga,4224,1763116200,,-28.14274,153.51377,1.01,1.87,5.71,4.37,21.52,28.67,0.13,124.13
Bilinga,4224,1763118000,,-28.14274,153.51377,1.0,1.72,5.56,4.54,21.38,32.54,0.17,114.73
Bilinga,4224,1763119800,,-28.14274,153.51377,1.01,1.68,5.88,4.51,21.34,38.95,0.19,121.93
Bilinga,4224,1763121600,,-28.14274,153.51377,1.0,2.01,6.25,4.54,21.38,34.29,0.21,124.13
Bilinga,4224,1763123400,,-28.14275,153.51373,1.0,2.06,6.45,4.72,21.25,38.95,0.19,115.08
Bilinga,4224,1763125200,,-28.14278,153.51367,0.92,1.46,6.45,4.7,21.21,32.97,0.17,106.2
Bilinga,4224,1763127000,,-28.14278,153.51362,0.94,1.67,6.67,4.74,20.94,36.58,0.13,120.35
Bilinga,4224,1763128800,,-28.1428,153.51362,0.84,1.62,7.14,4.64,20.9,36.14,0.1,108.04
Bilinga,4224,1763128800,,-28.1428,153.51365,0.84,1.62,7.14,4.64,20.9,36.14,0.1,108.04
Bilinga,4224,1763130600,,-28.1428,153.51362,0.78,1.18,7.41,4.39,20.85,38.86,0.05,128.35
Bilinga,4224,1763132400,,-28.1428,153.51362,0.74,1.14,6.9,4.47,20.85,39.66,0.02,52.75
Bilinga,4224,1763134200,,-28.1428,153.51356,0.69,1.26,7.14,4.46,20.94,32.01,0.04,348.66
Bilinga,4224,1763136000,,-28.1428,153.51354,0.72,1.42,6.9,4.7,20.94,34.91,0.03,350.51
Bilinga,4224,1763137800,,-28.14281,153.5135,0.69,1.29,6.9,4.77,20.9,33.15,0.06,316.92
Bilinga,4224,1763139600,,-28.14278,153.51352,0.74,1.18,6.25,4.94,20.9,36.84,0.09,338.81
Bilinga,4224,1763141400,,-28.14278,153.51356,0.78,1.12,6.67,5.0,20.85,35.44,0.05,318.24
Bilinga,4224,1763143200,,-28.14278,153.51356,0.74,1.17,6.9,5.09,20.85,40.8,0.03,307.52
Bilinga,4224,1763145000,,-28.14278,153.51358,0.76,1.11,6.9,5.11,20.81,35.52,0.04,357.27
Bilinga,4224,1763146800,,-28.14274,153.51362,0.8,1.62,6.67,5.26,20.77,35.26,0.06,23.56
Bilinga,4224,1763148600,,-28.14275,153.51367,0.76,1.41,6.45,5.12,20.72,36.49,0.08,7.3
Bilinga,4224,1763150400,,-28.14275,153.51371,0.79,1.23,6.67,5.12,20.77,36.84,0.03,2.46
Bilinga,4224,1763152200,,-28.14271,153.51367,0.78,1.23,6.67,4.98,20.81,36.84,0.06,212.13
Bilinga,4224,1763154000,,-28.14275,153.51367,0.72,1.1,6.67,4.86,20.9,35.88,0.1,156.31
Bilinga,4224,1763155800,,-28.14275,153.51362,0.7,1.03,6.45,4.72,20.99,32.62,0.04,116.04
Bilinga,4224,1763157600,,-28.14275,153.51362,0.67,1.13,6.67,4.59,21.03,35.88,0.02,217.49
Bilinga,4224,1763159400,,-28.14275,153.51362,0.65,1.14,6.67,4.64,21.21,36.05,0.05,197.98
Bilinga,4224,1763161200,,-28.14277,153.51365,0.67,1.12,6.25,4.75,21.21,30.25,0.01,148.92
Bilinga,4224,1763163000,,-28.14277,153.51362,0.64,0.94,6.06,4.59,21.34,37.02,0.05,175.91
Bilinga,4224,1763164800,,-28.14277,153.51362,0.64,0.99,6.25,4.7,21.43,40.1,0.06,162.9
Bilinga,4224,1763166600,,-28.14278,153.51362,0.63,0.94,6.06,4.75,21.38,35.61,0.16,203.96
Bilinga,4224,1763168400,,-28.14281,153.51362,0.66,1.12,6.06,4.76,21.74,34.29,0.14,168.79
Bilinga,4224,1763170200,,-28.14281,153.51362,0.67,1.29,6.06,4.67,21.92,35.61,0.11,161.32
Bilinga,4224,1763172000,,-28.1428,153.51369,0.67,1.04,6.06,4.54,22.05,39.92,0.13,132.31
Bilinga,4224,1763173800,,-28.14281,153.51371,0.62,0.96,6.06,4.65,21.78,39.13,0.1,156.48
Bilinga,4224,1763175600,,-28.14278,153.51375,0.6,0.94,5.88,4.53,22.18,47.74,0.24,160.26
Bilinga,4224,1763177400,,-28.14275,153.51377,0.6,1.14,5.56,4.5,22.18,49.5,0.15,151.91
Bilinga,4224,1763179200,,-28.14278,153.51377,0.63,0.91,5.71,4.47,22.1,42.73,0.19,140.04
Bilinga,4224,1763181000,,-28.14277,153.5138,0.63,1.09,6.06,4.43,22.18,49.94,0.11,141.71
Bilinga,4224,1763182800,,-28.14274,153.51382,0.6,1.02,6.25,4.22,22.1,51.7,0.14,130.02
Bilinga,4224,1763184600,,-28.1427,153.51382,0.59,0.91,5.88,4.05,22.18,48.27,0.14,87.65
Bilinga,4224,1763186400,,-28.14271,153.5138,0.62,1.04,5.41,4.07,21.87,48.18,0.18,99.96
Bilinga,4224,1763188200,,-28.14268,153.51384,0.6,1.1,5.71,4.06,21.83,50.47,0.15,89.41
Bilinga,4224,1763190000,,-28.14271,153.5138,0.61,1.24,5.71,3.96,21.74,50.38,0.16,100.13
Bilinga,4224,1763191800,,-28.14271,153.51377,0.62,1.13,5.56,3.76,21.83,50.56,0.16,114.29
Bilinga,4224,1763193600,,-28.14274,153.51377,0.66,1.22,6.06,3.7,21.78,47.39,0.14,116.57
Bilinga,4224,1763195400,,-28.14271,153.51382,0.62,0.99,5.41,3.58,21.74,48.62,0.18,110.86
Bilinga,4224,1763197200,,-28.14274,153.51382,0.61,0.91,5.56,3.47,21.69,48.01,0.17,116.4
Bilinga,4224,1763199000,,-28.14274,153.5138,0.69,1.17,5.56,3.45,21.83,51.0,0.23,112.53
Bilinga,4224,1763200800,,-28.14278,153.51382,0.64,1.04,5.88,3.36,21.87,55.83,0.24,115.34
Bilinga,4224,1763202600,,-28.14278,153.5138,0.64,1.14,5.71,3.35,21.87,53.55,0.23,115.25
Bilinga,4224,1763204400,,-28.14277,153.5138,0.69,1.2,5.41,3.36,21.83,52.58,0.21,106.81
Bilinga,4224,1763206200,,-28.14278,153.51377,0.75,1.29,5.0,3.44,21.74,47.48,0.22,101.01
Bilinga,4224,1763208000,,-28.14281,153.51377,0.77,1.3,5.88,3.37,21.69,42.91,0.27,119.56
Bilinga,4224,1763209800,,-28.1428,153.51377,0.75,1.24,6.06,3.52,21.52,47.92,0.2,115.69
Bilinga,4224,1763211600,,-28.14278,153.51377,0.75,1.63,5.88,3.58,21.47,49.77,0.22,108.31
Bilinga,4224,1763213400,,-28.14277,153.51377,0.79,1.27,5.56,3.81,21.56,43.26,0.16,104.26
Bilinga,4224,1763215200,,-28.14277,153.5138,0.92,1.47,5.13,3.88,21.74,37.81,0.28,114.46
Bilinga,4224,1763215200,,-28.14278,153.51377,0.92,1.47,5.13,3.88,21.74,37.81,0.28,114.46
Bilinga,4224,1763217000,,-28.14275,153.51382,0.92,1.64,5.56,3.84,21.78,35.88,0.26,107.87
Bilinga,4224,1763218800,,-28.14275,153.51384,0.9,1.44,5.88,3.8,21.78,42.03,0.14,130.02
Bilinga,4224,1763220600,,-28.14278,153.51377,0.83,1.36,5.26,3.71,21.61,40.27,0.17,118.95
Bilinga,4224,1763222400,,-28.14275,153.51382,0.78,1.45,5.41,3.62,21.47,40.89,0.11,104.79
Bilinga,4224,1763224200,,-28.14278,153.5138,0.75,1.35,6.45,3.4,21.61,46.95,0.25,134.68
Bilinga,4224,1763226000,,-28.14278,153.51377,0.74,1.32,5.26,3.37,21.61,40.97,0.24,124.84
Bilinga,4224,1763227800,,-28.14275,153.51382,0.75,1.32,5.88,3.53,21.56,44.14,0.18,107.69
Bilinga,4224,1763229600,,-28.14275,153.51382,0.73,1.09,5.71,3.5,21.34,39.48,0.12,99.08
Bilinga,4224,1763231400,,-28.14277,153.51382,0.81,1.37,4.17,3.57,21.52,33.06,0.23,110.86
Bilinga,4224,1763233200,,-28.14277,153.5138,0.84,1.33,5.88,3.67,21.47,46.6,0.18,105.49
Bilinga,4224,1763235000,,-28.14277,153.51384,0.84,1.49,5.71,3.8,21.38,44.05,0.18,111.21
Bilinga,4224,1763236800,,-28.14277,153.5138,0.87,1.48,5.88,3.9,21.3,44.58,0.16,120.35
Bilinga,4224,1763238600,,-28.14277,153.5138,0.83,1.55,5.26,3.88,21.21,34.47,0.17,107.52
Bilinga,4224,1763240400,,-28.14277,153.51377,0.83,1.31,5.13,3.83,21.12,41.24,0.14,95.56
Bilinga,4224,1763242200,,-28.14277,153.5138,0.79,1.27,4.35,3.71,21.08,30.25,0.22,117.8
Bilinga,4224,1763244000,,-28.14278,153.51377,0.79,1.33,5.88,3.74,21.03,46.95,0.12,83.96
Bilinga,4224,1763245800,,-28.14277,153.5138,0.74,1.34,5.88,3.69,20.99,47.66,0.14,84.31
Bilinga,4224,1763247600,,-28.14277,153.5138,0.74,1.38,5.88,3.81,20.9,46.6,0.11,99.78
Bilinga,4224,1763249400,,-28.14278,153.51377,0.72,1.26,5.13,3.66,20.85,41.41,0.12,93.19
Bilinga,4224,1763251200,,-28.14278,153.51375,0.71,1.38,5.88,3.65,20.77,42.47,0.18,116.57
Bilinga,4224,1763253000,,-28.14278,153.51375,0.74,1.17,6.06,3.67,20.68,42.73,0.14,123.87
Bilinga,4224,1763254800,,-28.14278,153.51375,0.73,1.21,5.41,3.69,20.55,42.03,0.14,101.63
Bilinga,4224,1763256600,,-28.1428,153.51375,0.75,1.34,6.06,3.48,20.64,46.95,0.13,104.7
Bilinga,4224,1763258400,,-28.14281,153.51373,0.8,1.27,5.71,3.45,20.64,43.26,0.18,117.89
Bilinga,4224,1763260200,,-28.14283,153.51375,0.83,1.32,5.0,3.6,20.55,40.89,0.16,125.45
Bilinga,4224,1763262000,,-28.14281,153.51377,0.79,1.33,5.71,3.65,20.64,47.83,0.18,133.19
Bilinga,4224,1763263800,,-28.1428,153.5138,0.88,1.51,6.06,3.95,20.77,41.59,0.15,120.26
Bilinga,4224,1763265600,,-28.14283,153.51371,0.97,1.49,6.67,4.1,20.77,42.12,0.15,92.22
Bilinga,4224,1763267400,,-28.14283,153.51371,1.02,1.75,5.88,4.1,20.72,37.9,0.11,84.13
Bilinga,4224,1763269200,,-28.14281,153.51371,1.04,1.65,5.56,4.07,20.68,38.25,0.14,107.43
Bilinga,4224,1763271000,,-28.1428,153.51375,1.0,1.64,5.56,4.01,20.64,30.69,0.13,111.12
Bilinga,4224,1763272800,,-28.14281,153.51371,0.99,1.83,5.56,4.03,20.77,38.6,0.12,130.55
Bilinga,4224,1763274600,,-28.14278,153.51373,1.0,1.77,6.67,4.08,20.68,35.08,0.15,113.49
Bilinga,4224,1763276400,,-28.14281,153.51371,0.96,1.77,6.9,3.93,20.68,39.57,0.18,130.9
Bilinga,4224,1763278200,,-28.1428,153.51371,0.89,1.5,6.9,3.84,20.77,37.28,0.2,131.87
Bilinga,4224,1763280000,,-28.14281,153.51369,0.86,1.23,6.67,3.78,20.72,40.18,0.09,80.88
Bilinga,4224,1763281800,,-28.14281,153.51369,0.86,1.37,6.67,3.73,20.68,48.1,0.13,121.93
Bilinga,4224,1763283600,,-28.14281,153.51371,0.81,1.4,6.9,3.59,20.68,43.08,0.19,141.71
Bilinga,4224,1763285400,,-28.14283,153.51371,0.79,1.37,6.9,3.48,20.55,47.39,0.12,117.45
Bilinga,4224,1763287200,,-28.14281,153.51371,0.78,1.26,6.67,3.48,20.5,46.86,0.16,117.27
Bilinga,4224,1763289000,,-28.1428,153.51373,0.78,1.19,6.25,3.52,20.42,44.23,0.13,105.76
Bilinga,4224,1763290800,,-28.1428,153.51373,0.81,1.32,6.45,3.6,20.37,48.01,0.12,104.62
Bilinga,4224,1763292600,,-28.1428,153.51371,0.78,1.28,6.67,3.57,20.28,43.88,0.1,75.6
Bilinga,4224,1763294400,,-28.1428,153.51371,0.82,1.24,6.25,3.72,20.2,42.38,0.11,118.77
Bilinga,4224,1763296200,,-28.1428,153.51373,0.77,1.17,6.45,3.47,20.2,40.8,0.11,87.47
Bilinga,4224,1763298000,,-28.14278,153.51371,0.75,1.25,6.25,3.56,20.15,45.63,0.06,89.93
Bilinga,4224,1763299800,,-28.1428,153.51371,0.74,1.2,5.0,3.56,20.07,41.85,0.1,84.75
Bilinga,4224,1763301600,,-28.14281,153.51371,0.77,1.4,6.06,3.71,20.07,39.22,0.12,91.69
Bilinga,4224,1763301600,,-28.1428,153.51371,0.77,1.4,6.06,3.71,20.07,39.22,0.12,91.69
Bilinga,4224,1763303400,,-28.14281,153.51369,0.74,1.17,5.56,3.69,20.07,42.73,0.06,96.0
Bilinga,4224,1763305200,,-28.14283,153.51365,0.83,1.54,6.25,3.77,20.02,39.57,0.07,108.31
Bilinga,4224,1763307000,,-28.14283,153.51369,0.82,1.34,6.25,3.74,19.98,40.89,0.06,127.74
Bilinga,4224,1763308800,,-28.14283,153.51365,0.78,1.22,6.06,3.66,19.98,41.41,0.03,73.14
Bilinga,4224,1763310600,,-28.14283,153.51362,0.79,1.38,6.06,3.78,19.98,39.39,0.05,43.34
Bilinga,4224,1763312400,,-28.14285,153.51362,0.82,1.47,6.25,3.92,19.94,43.44,0.03,107.6
Bilinga,4224,1763314200,,-28.14281,153.51367,0.83,1.25,6.25,3.89,19.98,34.73,0.09,97.49
Bilinga,4224,1763316000,,-28.14283,153.51362,0.82,1.47,6.06,3.89,20.11,38.86,0.06,122.29
Bilinga,4224,1763317800,,-28.14283,153.51365,0.83,1.39,6.06,4.0,20.11,37.9,0.07,152.0
Bilinga,4224,1763319600,,-28.14281,153.51367,0.77,1.11,5.26,4.02,20.07,37.19,0.08,132.48
Bilinga,4224,1763321400,,-28.14281,153.51369,0.76,1.52,6.9,4.08,20.02,44.14,0.08,106.02
Bilinga,4224,1763323200,,-28.14281,153.51367,0.76,1.3,6.25,4.07,19.94,40.1,0.0,94.95
Bilinga,4224,1763325000,,-28.14281,153.51365,0.72,1.14,6.25,4.0,20.02,37.99,0.09,85.54
Bilinga,4224,1763326800,,-28.14281,153.51362,0.64,1.15,6.45,3.74,20.02,42.29,0.05,110.95
Bilinga,4224,1763328600,,-28.1428,153.51369,0.63,1.09,6.25,3.56,20.07,47.39,0.04,26.11
Bilinga,4224,1763330400,,-28.1428,153.51371,0.57,1.03,6.45,3.53,20.15,43.88,0.05,74.55
Bilinga,4224,1763332200,,-28.14278,153.51371,0.54,0.9,6.06,3.69,20.15,44.14,0.05,91.69
Bilinga,4224,1763334000,,-28.14277,153.51371,0.52,0.79,6.45,3.72,20.24,44.58,0.06,84.31
Bilinga,4224,1763335800,,-28.14278,153.51371,0.47,0.83,6.67,3.73,20.37,48.62,0.08,106.81
Bilinga,4224,1763337600,,-28.14278,153.51371,0.43,0.85,6.45,3.51,20.5,47.57,0.08,105.76
Bilinga,4224,1763339400,,-28.1428,153.51373,0.5,0.84,6.45,3.55,20.5,51.44,0.07,113.58
Bilinga,4224,1763341200,,-28.1428,153.51371,0.45,0.7,6.25,3.58,20.55,45.99,0.08,117.71
Bilinga,4224,1763343000,,-28.14281,153.51371,0.48,0.78,6.45,3.69,20.68,52.75,0.1,101.19
Bilinga,4224,1763344800,,-28.1428,153.51375,0.5,0.74,6.25,3.91,20.72,49.68,0.13,95.56
Bilinga,4224,1763346600,,-28.14281,153.51375,0.52,1.0,6.25,4.05,20.77,42.82,0.1,80.7
Bilinga,4224,1763348400,,-28.14283,153.51373,0.48,0.9,6.45,3.68,20.85,38.95,0.1,83.08
Bilinga,4224,1763350200,,-28.1428,153.51375,0.56,1.01,6.06,3.43,20.77,46.86,0.09,83.08
Bilinga,4224,1763352000,,-28.1428,153.51377,0.56,0.91,5.88,3.44,20.64,50.29,0.12,89.32
Bilinga,4224,1763353800,,-28.14274,153.51384,0.5,0.93,5.71,3.24,20.5,46.43,0.18,71.12
Bilinga,4224,1763355600,,-28.14274,153.51386,0.52,0.9,6.25,3.26,20.37,56.27,0.15,67.43
Bilinga,4224,1763357400,,-28.14274,153.51382,0.48,0.79,5.56,3.22,20.28,49.94,0.15,102.42
Bilinga,4224,1763359200,,-28.14275,153.51382,0.5,0.85,6.06,3.67,20.2,55.74,0.15,80.26
Bilinga,4224,1763361000,,-28.14275,153.5138,0.45,0.87,6.25,3.45,20.15,60.23,0.11,81.32
Bilinga,4224,1763362800,,-28.14274,153.51382,0.47,1.08,6.45,3.71,19.98,61.81,0.14,91.87
Bilinga,4224,1763364600,,-28.14274,153.5138,0.47,0.87,5.88,4.11,19.81,51.96,0.08,99.16
Bilinga,4224,1763366400,,-28.14274,153.51377,0.43,0.75,6.25,4.39,19.72,54.16,0.01,32.35
Bilinga,4224,1763368200,,-28.14274,153.5138,0.45,0.77,6.9,4.78,19.67,51.7,0.03,145.76
Bilinga,4224,1763370000,,-28.14274,153.5138,0.5,0.83,6.45,5.21,19.59,54.51,0.04,321.23
Bilinga,4224,1763371800,,-28.14275,153.51377,0.5,0.72,6.67,5.17,19.5,48.36,0.05,70.33
Bilinga,4224,1763373600,,-28.14275,153.51377,0.46,0.91,5.71,4.94,19.37,62.6,0.1,77.1
Bilinga,4224,1763375400,,-28.14274,153.5138,0.5,0.82,6.9,5.07,19.33,54.95,0.1,62.77
Bilinga,4224,1763377200,,-28.14275,153.51377,0.52,0.86,6.67,5.13,19.28,51.61,0.16,69.36
Bilinga,4224,1763379000,,-28.14274,153.51377,0.5,0.8,6.45,5.07,19.24,55.74,0.07,-1000.0
Bilinga,4224,1763380800,,-28.14271,153.51377,0.46,0.77,6.45,5.04,19.37,56.89,0.06,356.92
Bilinga,4224,1763382600,,-28.14271,153.5138,0.45,0.71,6.25,4.82,19.33,52.23,0.06,346.73
Bilinga,4224,1763384400,,-28.14271,153.51377,0.47,0.77,6.67,5.01,19.33,58.12,0.09,4.31
Bilinga,4224,1763386200,,-28.14263,153.51375,0.47,0.7,6.06,4.84,19.37,46.51,0.04,255.03
Bilinga,4224,1763388000,,-28.14266,153.51373,0.45,0.71,6.9,4.8,19.28,54.43,0.08,247.21
Bilinga,4224,1763389800,,-28.14263,153.51377,0.41,0.83,6.45,4.84,19.2,52.84,0.08,269.54
Bilinga,4224,1763391600,,-28.14266,153.51377,0.44,0.64,6.67,5.14,19.07,54.16,0.06,292.31
Bilinga,4224,1763393400,,-28.1427,153.51377,0.45,0.68,6.45,5.22,19.03,53.55,0.06,284.92
Bilinga,4224,1763395200,,-28.1427,153.51377,0.44,0.69,6.9,4.9,19.03,54.51,0.06,357.98
Bilinga,4224,1763397000,,-28.1427,153.5138,0.5,0.7,6.25,4.7,19.11,53.28,0.03,123.43
Bilinga,4224,1763398800,,-28.14266,153.5138,0.54,0.87,6.9,4.44,19.2,58.21,0.06,351.38
Bilinga,4224,1763400600,,-28.1427,153.51377,0.53,0.91,6.45,4.76,19.24,52.14,0.0,144.0
Bilinga,4224,1763402400,,-28.14271,153.51377,0.53,0.9,6.45,4.98,19.24,56.89,0.02,278.59
Bilinga,4224,1763404200,,-28.14274,153.51377,0.58,0.97,6.67,5.09,19.24,57.06,0.05,62.77
Bilinga,4224,1763406000,,-28.14274,153.51375,0.62,1.1,6.25,4.82,19.24,58.82,0.02,123.08
Bilinga,4224,1763407800,,-28.14275,153.51375,0.65,1.03,6.06,4.75,19.24,75.96,0.03,63.65
Bilinga,4224,1763409600,,-28.14277,153.51377,0.71,1.2,6.06,4.88,19.24,74.73,0.13,32.79
Bilinga,4224,1763411400,,-28.14277,153.51377,0.7,1.17,6.45,4.88,19.2,73.68,0.09,58.46
Bilinga,4224,1763413200,,-28.14274,153.51371,0.76,1.19,6.25,4.75,19.2,73.94,0.04,356.84
Bilinga,4224,1763415000,,-28.14274,153.51375,0.76,1.29,6.06,4.59,19.28,81.15,0.04,173.54
Bilinga,4224,1763416800,,-28.14275,153.51375,0.69,1.27,6.45,4.37,19.33,70.43,0.05,227.6
Bilinga,4224,1763418600,,-28.14277,153.51371,0.7,1.23,6.45,4.5,19.33,68.67,0.06,187.25
Bilinga,4224,1763420400,,-28.14275,153.51373,0.68,1.17,6.45,4.18,19.37,71.66,0.09,233.76
Bilinga,4224,1763422200,,-28.14274,153.51373,0.73,1.08,6.9,4.18,19.46,68.67,0.08,184.0
Bilinga,4224,1763424000,,-28.14275,153.51373,0.66,1.2,6.45,4.17,19.5,72.01,0.08,211.34
Bilinga,4224,1763425800,,-28.14275,153.51375,0.77,1.19,6.06,4.36,19.54,81.5,0.04,153.58
Bilinga,4224,1763427600,,-28.14277,153.51371,0.76,1.16,6.45,4.31,19.59,77.19,0.07,174.77
Bilinga,4224,1763429400,,-28.14278,153.51371,0.8,1.14,6.45,4.42,19.67,84.32,0.05,181.27
Bilinga,4224,1763431200,,-28.1428,153.51377,0.87,1.43,5.88,4.39,20.46,99.35,0.14,114.73
Bilinga,4224,1763433000,,-28.14277,153.51384,0.85,1.46,6.06,4.23,20.55,87.22,0.21,134.86
Bilinga,4224,1763434800,,-28.14277,153.51382,0.8,1.46,6.25,4.07,20.9,80.62,0.12,125.63
Bilinga,4224,1763436600,,-28.14274,153.51386,0.77,1.31,5.88,3.99,21.16,95.3,0.16,141.01
Bilinga,4224,1763438400,,-28.14275,153.51386,0.76,1.29,6.45,3.97,21.47,99.08,0.2,146.46
Bilinga,4224,1763440200,,-28.14275,153.51386,0.77,1.26,6.25,4.0,21.38,88.54,0.19,139.25
Bilinga,4224,1763442000,,-28.14275,153.51386,0.78,1.15,6.06,4.08,21.52,86.69,0.2,144.88
Bilinga,4224,1763443800,,-28.14275,153.51384,0.81,1.25,6.06,4.1,21.56,85.11,0.16,135.38
Bilinga,4224,1763445600,,-28.1428,153.5138,0.76,1.44,5.88,4.04,21.61,98.65,0.15,117.27
Bilinga,4224,1763447400,,-28.14281,153.51375,0.73,1.22,5.71,4.0,21.56,86.78,0.19,126.07
Bilinga,4224,1763449200,,-28.14281,153.51375,0.74,1.22,5.71,4.04,21.65,95.04,0.14,131.96
Bilinga,4224,1763451000,,-28.14281,153.51377,0.82,1.27,5.88,4.27,21.65,92.32,0.14,130.73
Bilinga,4224,1763452800,,-28.1428,153.51377,0.74,1.23,5.88,4.16,21.65,92.75,0.15,128.44
Bilinga,4224,1763454600,,-28.1428,153.51377,0.77,1.22,5.88,4.15,21.61,88.8,0.1,104.62
Bilinga,4224,1763456400,,-28.14278,153.51377,0.73,1.22,5.56,4.12,21.61,93.19,0.11,104.79
Bilinga,4224,1763458200,,-28.1428,153.51377,0.83,1.4,6.06,4.43,21.65,92.23,0.13,93.19
Bilinga,4224,1763460000,,-28.1428,153.51377,0.74,1.22,6.06,4.18,21.61,85.63,0.1,108.4
Bilinga,4224,1763461800,,-28.1428,153.51377,0.78,1.18,5.88,4.22,21.52,95.04,0.12,96.18
Bilinga,4224,1763463600,,-28.14278,153.51377,0.79,1.25,5.88,4.37,21.47,92.58,0.12,68.4
Bilinga,4224,1763465400,,-28.1428,153.51377,0.79,1.54,6.45,4.42,21.47,82.91,0.09,89.49
Bilinga,4224,1763467200,,-28.1428,153.51377,0.76,1.46,5.56,4.31,21.47,88.18,0.12,74.37
Bilinga,4224,1763469000,,-28.1428,153.51377,0.81,1.29,5.71,4.39,21.38,88.97,0.08,72.62
Bilinga,4224,1763470800,,-28.1428,153.51377,0.76,1.34,6.06,4.34,21.38,87.39,0.07,89.85
Bilinga,4224,1763472600,,-28.1428,153.51377,0.72,1.13,6.06,4.26,21.38,91.88,0.08,49.32
Bilinga,4224,1763474400,,-28.1428,153.51377,0.75,1.28,6.25,4.41,21.38,91.44,0.07,61.45
Bilinga,4224,1763476200,,-28.1428,153.5138,0.72,1.17,6.06,4.29,21.43,84.05,0.09,65.76
Bilinga,4224,1763478000,,-28.14278,153.51382,0.73,1.14,5.71,4.31,21.38,81.94,0.08,121.67
Bilinga,4224,1763479800,,-28.14278,153.5138,0.75,1.23,6.06,4.45,21.38,78.51,0.09,110.33
Bilinga,4224,1763481600,,-28.14278,153.5138,0.73,1.22,6.25,4.39,21.38,76.75,0.09,80.26
Bilinga,4224,1763483400,,-28.14278,153.51377,0.72,1.2,6.67,4.32,21.38,78.25,0.11,84.04
Bilinga,4224,1763485200,,-28.14278,153.5138,0.72,1.38,5.88,4.36,21.34,76.4,0.03,38.95
Bilinga,4224,1763487000,,-28.14278,153.51377,0.73,1.18,6.25,4.49,21.34,78.34,0.06,76.31
Bilinga,4224,1763488800,,-28.14278,153.51377,0.73,1.33,6.25,4.52,21.34,78.78,0.08,42.55
Bilinga,4224,1763490600,,-28.14278,153.51377,0.76,1.69,6.25,4.6,21.25,75.08,0.06,25.49
Bilinga,4224,1763492400,,-28.14278,153.51377,0.72,1.22,6.25,4.59,21.16,79.04,0.06,5.98
Bilinga,4224,1763494200,,-28.14277,153.5138,0.72,1.07,6.67,4.64,21.12,79.48,0.06,27.69
Bilinga,4224,1763496000,,-28.14277,153.5138,0.75,1.24,6.25,4.74,21.16,73.24,0.08,91.16
Bilinga,4224,1763497800,,-28.14277,153.51377,0.75,1.24,6.06,4.68,21.25,76.49,0.06,56.18
Bilinga,4224,1763499600,,-28.14277,153.51377,0.72,1.24,6.45,4.58,21.38,78.86,0.16,12.4
Bilinga,4224,1763501400,,-28.1428,153.51377,0.73,1.27,5.88,4.65,21.65,77.63,0.14,23.91
Bilinga,4224,1763503200,,-28.1428,153.51377,0.75,1.23,6.25,4.7,21.92,76.32,0.04,141.8
Bilinga,4224,1763505000,,-28.14281,153.51375,0.71,1.18,6.67,4.63,22.18,75.35,0.09,94.86
Bilinga,4224,1763506800,,-28.14281,153.51375,0.76,1.19,6.25,4.72,22.27,76.32,0.11,56.79
Bilinga,4224,1763508600,,-28.14283,153.51373,0.74,1.17,6.45,4.69,22.36,80.89,0.13,121.14
Bilinga,4224,1763510400,,-28.14281,153.51373,0.72,1.09,6.45,4.46,22.36,84.23,0.08,102.42
Bilinga,4224,1763512200,,-28.14283,153.51371,0.76,1.18,6.06,4.48,22.32,82.47,0.1,120.35
Bilinga,4224,1763514000,,-28.14285,153.51369,0.75,1.3,6.25,4.3,22.45,80.18,0.12,134.33
Bilinga,4224,1763515800,,-28.14289,153.51365,0.76,1.1,6.67,4.24,22.18,79.39,0.13,165.1
Bilinga,4224,1763517600,,-28.1429,153.5136,0.71,1.14,6.25,4.2,22.41,79.92,0.09,128.09
Bilinga,4224,1763519400,,-28.14289,153.51362,0.71,1.13,6.06,4.01,22.41,78.86,0.12,132.48
Bilinga,4224,1763521200,,-28.14289,153.51362,0.73,1.21,6.06,4.08,22.5,84.75,0.09,137.32
Bilinga,4224,1763523000,,-28.1429,153.51358,0.72,1.15,5.88,3.93,22.32,83.44,0.12,137.49
Bilinga,4224,1763524800,,-28.14289,153.51358,0.73,1.3,6.45,3.88,22.45,77.28,0.17,130.46
Bilinga,4224,1763526600,,-28.14289,153.5136,0.73,1.15,5.88,3.82,22.32,77.63,0.1,108.66
Bilinga,4224,1763528400,,-28.14289,153.51358,0.71,1.05,5.41,3.77,22.27,83.61,0.12,121.58
Bilinga,4224,1763530200,,-28.14289,153.51356,0.76,1.16,5.88,3.74,22.32,73.33,0.11,87.91
Bilinga,4224,1763532000,,-28.14289,153.51356,0.77,1.28,6.45,3.88,22.27,75.7,0.12,110.86
Bilinga,4224,1763533800,,-28.14289,153.51358,0.76,1.32,6.06,3.99,22.27,83.35,0.06,114.2
Bilinga,4224,1763535600,,-28.14289,153.51356,0.8,1.31,6.25,4.14,22.32,69.28,0.05,135.82
Bilinga,4224,1763537400,,-28.14289,153.51356,0.78,1.15,5.88,4.19,22.32,65.94,0.11,142.15
Bilinga,4224,1763539200,,-28.14289,153.51356,0.76,1.15,6.45,4.21,22.23,74.91,0.1,152.79
Bilinga,4224,1763541000,,-28.1429,153.51347,0.74,1.11,5.88,4.07,22.18,70.69,0.13,139.96
Bilinga,4224,1763542800,,-28.14287,153.5136,0.77,1.29,6.06,4.18,22.27,77.19,0.13,61.71
Bilinga,4224,1763544600,,-28.14285,153.51365,0.81,1.47,5.56,4.16,22.23,83.79,0.12,96.35
Bilinga,4224,1763546400,,-28.14283,153.51371,0.78,1.3,5.88,4.28,22.23,74.56,0.14,101.01
Bilinga,4224,1763548200,,-28.1428,153.51367,0.77,1.11,6.25,4.33,22.18,76.49,0.17,68.92
Bilinga,4224,1763550000,,-28.14285,153.51362,0.79,1.39,6.06,4.33,22.23,73.41,0.13,52.4
Bilinga,4224,1763551800,,-28.14287,153.51358,0.74,1.32,6.25,4.34,22.32,79.48,0.14,81.58
Bilinga,4224,1763553600,,-28.14287,153.51356,0.72,1.11,5.56,4.35,22.32,77.55,0.17,88.97
Bilinga,4224,1763555400,,-28.14283,153.51345,0.73,1.14,6.25,4.26,22.32,77.02,0.07,103.82
Bilinga,4224,1763557200,,-28.1428,153.51337,0.73,1.13,6.25,4.34,22.23,75.79,0.06,101.01
Bilinga,4224,1763559000,,-28.14278,153.51332,0.69,1.11,5.88,4.21,22.18,73.85,0.08,149.19
Bilinga,4224,1763560800,,-28.14278,153.51328,0.72,1.12,6.25,4.32,22.18,72.36,0.06,138.73
Bilinga,4224,1763562600,,-28.14277,153.51326,0.69,1.12,5.71,4.24,22.18,69.19,0.06,136.7
Bilinga,4224,1763564400,,-28.14275,153.51326,0.7,1.35,10.53,4.29,22.1,81.24,0.04,159.74
Bilinga,4224,1763566200,,-28.14277,153.51326,0.7,1.07,10.53,4.36,22.1,76.93,0.05,81.32
Bilinga,4224,1763568000,,-28.14277,153.51326,0.7,1.21,6.25,4.25,22.05,71.74,0.08,147.43
Bilinga,4224,1763569800,,-28.14275,153.51326,0.72,1.06,10.53,4.4,22.05,76.23,0.06,115.43
Bilinga,4224,1763571600,,-28.14277,153.51326,0.71,1.53,10.0,4.47,22.01,76.14,0.07,114.37
Bilinga,4224,1763573400,,-28.14277,153.51332,0.72,1.06,10.0,4.39,21.96,79.66,0.02,169.49
Bilinga,4224,1763575200,,-28.14278,153.51332,0.77,1.2,9.52,4.39,21.96,78.16,0.11,147.96
Bilinga,4224,1763577000,,-28.1428,153.51332,0.73,1.28,10.53,4.43,21.96,74.73,0.08,45.19
Bilinga,4224,1763578800,,-28.14283,153.51337,0.74,1.23,10.0,4.38,21.96,71.92,0.08,96.44
Bilinga,4224,1763580600,,-28.14285,153.51343,0.75,1.06,10.0,4.55,21.96,74.82,0.05,101.27
Bilinga,4224,1763582400,,-28.14285,153.51347,0.77,1.27,10.53,4.7,21.96,75.17,0.06,88.88
Bilinga,4224,1763584200,,-28.14285,153.51352,0.76,1.35,10.53,4.61,21.96,72.62,0.08,84.04
Bilinga,4224,1763586000,,-28.14283,153.51356,0.75,1.25,10.0,4.79,22.05,74.03,0.05,102.77
Bilinga,4224,1763587800,,-28.14283,153.51358,0.75,1.1,6.9,4.73,22.18,77.28,0.1,115.78
Bilinga,4224,1763589600,,-28.14283,153.51362,0.75,1.13,10.53,4.83,22.45,73.68,0.14,137.58
Bilinga,4224,1763591400,,-28.1428,153.51367,0.7,1.07,10.0,4.76,22.45,81.15,0.12,45.8
Bilinga,4224,1763593200,,-28.1428,153.51371,0.74,1.12,10.0,4.79,22.68,79.92,0.06,85.63
Bilinga,4224,1763595000,,-28.14283,153.51367,0.75,1.23,10.53,5.0,22.81,79.22,0.06,119.74
Bilinga,4224,1763596800,,-28.14281,153.51369,0.76,1.39,10.53,4.87,22.95,80.8,0.1,74.9
Bilinga,4224,1763598600,,-28.14283,153.51369,0.74,1.28,10.53,4.72,22.95,80.45,0.09,104.18
Bilinga,4224,1763600400,,-28.14285,153.51362,0.73,1.1,11.11,4.52,23.04,81.06,0.15,99.08
Bilinga,4224,1763602200,,-28.14289,153.51358,0.78,1.31,10.53,4.38,22.95,78.25,0.06,86.15
Bilinga,4224,1763604000,,-28.1429,153.51356,0.77,1.25,11.11,4.15,22.9,71.92,0.07,147.43
Bilinga,4224,1763605800,,-28.1429,153.51352,0.72,1.13,10.53,3.89,22.81,78.43,0.11,118.33
Bilinga,4224,1763607600,,-28.1429,153.51354,0.79,1.29,9.52,4.08,22.86,82.03,0.13,138.9
Bilinga,4224,1763609400,,-28.1429,153.51356,0.74,1.39,10.0,4.15,22.81,84.32,0.15,135.65
Bilinga,4224,1763611200,,-28.1429,153.51356,0.79,1.19,10.53,4.27,22.81,84.67,0.09,110.68
Bilinga,4224,1763613000,,-28.1429,153.51356,0.8,1.32,10.0,4.28,22.81,82.56,0.09,112.0
Bilinga,4224,1763614800,,-28.14289,153.51356,0.81,1.24,11.11,4.4,22.81,82.12,0.11,100.84
Bilinga,4224,1763616600,,-28.1429,153.51356,0.78,1.35,11.11,4.28,22.9,80.36,0.11,115.6
Bilinga,4224,1763618400,,-28.1429,153.51356,0.83,1.28,11.11,4.41,22.9,76.93,0.09,135.03
Bilinga,4224,1763620200,,-28.14289,153.51358,0.83,1.5,5.88,4.58,22.9,79.13,0.14,111.47
Bilinga,4224,1763622000,,-28.14289,153.5136,0.92,1.46,5.88,4.92,22.9,74.12,0.14,131.08
Bilinga,4224,1763623800,,-28.14289,153.51362,0.84,1.34,6.25,4.82,22.9,74.73,0.12,124.48
Bilinga,4224,1763625600,,-28.14287,153.51362,0.92,1.62,10.53,5.07,22.9,83.79,0.1,123.69
Bilinga,4224,1763627400,,-28.14287,153.51362,0.95,1.53,5.88,5.13,22.86,77.02,0.08,69.01
Bilinga,4224,1763629200,,-28.14287,153.51362,0.84,1.4,11.11,5.01,22.9,83.7,0.07,134.95
Bilinga,4224,1763631000,,-28.14283,153.51371,0.88,1.43,5.41,5.01,22.81,79.22,0.1,108.48
Bilinga,4224,1763632800,,-28.14285,153.51367,0.93,1.34,5.56,5.0,22.86,79.66,0.11,103.47
Bilinga,4224,1763634600,,-28.14283,153.51367,0.94,1.64,10.53,5.08,22.9,81.77,0.09,101.36
Bilinga,4224,1763636400,,-28.14283,153.51365,1.0,1.83,11.76,5.09,22.9,77.63,0.12,93.19
Bilinga,4224,1763638200,,-28.14285,153.51362,0.97,1.6,5.88,5.04,23.08,80.1,0.15,113.23
Bilinga,4224,1763640000,,-28.14285,153.51358,0.95,1.65,5.88,5.07,23.04,83.35,0.11,81.76
Bilinga,4224,1763641800,,-28.14283,153.51358,0.95,1.77,6.06,4.9,22.99,77.11,0.11,67.43
Bilinga,4224,1763643600,,-28.14283,153.51356,0.93,1.46,5.71,5.02,23.04,83.26,0.1,67.34
Bilinga,4224,1763645400,,-28.14287,153.51354,0.94,1.56,6.25,5.0,23.04,81.15,0.09,89.67
Bilinga,4224,1763647200,,-28.14287,153.51354,0.9,1.72,10.53,4.95,22.99,77.28,0.05,119.56
Bilinga,4224,1763647200,,-28.14285,153.51356,0.9,1.72,10.53,4.95,22.99,77.28,0.05,119.56
Bilinga,4224,1763649000,,-28.14289,153.5135,0.9,1.37,11.76,5.03,22.99,76.84,0.04,90.29
Bilinga,4224,1763650800,,-28.14285,153.51347,0.89,1.45,11.76,4.9,22.99,73.77,0.07,111.21
Bilinga,4224,1763652600,,-28.14287,153.51341,0.98,1.49,10.53,5.04,22.99,73.06,0.1,168.88
Bilinga,4224,1763654400,,-28.14289,153.51341,0.91,1.42,12.5,5.16,23.04,70.07,0.08,171.6
Bilinga,4224,1763656200,,-28.14289,153.51341,0.94,1.35,11.76,4.95,23.04,69.55,0.09,172.75
Bilinga,4224,1763658000,,-28.1429,153.51341,0.93,1.35,11.76,5.0,23.04,73.06,0.1,109.63
Bilinga,4224,1763659800,,-28.14289,153.51339,0.97,1.74,11.76,5.25,23.04,71.83,0.08,141.8
Bilinga,4224,1763661600,,-28.14287,153.51343,0.94,1.63,11.11,5.41,23.08,70.86,0.09,164.75
Bilinga,4224,1763663400,,-28.14287,153.5135,0.86,1.47,11.76,5.37,23.13,72.54,0.1,329.93
Bilinga,4224,1763665200,,-28.14289,153.51352,0.91,1.37,12.5,5.44,23.13,69.37,0.07,322.99
Bilinga,4224,1763667000,,-28.14289,153.51356,0.89,1.33,11.76,5.57,23.13,71.48,0.07,33.14
Bilinga,4224,1763668800,,-28.14287,153.51354,0.92,1.37,11.76,5.69,23.13,70.07,0.14,112.26
Bilinga,4224,1763670600,,-28.14287,153.51356,0.94,1.55,11.76,5.79,23.17,72.8,0.18,136.44
Bilinga,4224,1763672400,,-28.14283,153.5136,0.93,1.58,11.76,5.75,23.22,69.02,0.15,113.67
Bilinga,4224,1763674200,,-28.14285,153.51358,0.96,1.73,12.5,5.81,23.31,67.88,0.19,131.69
Bilinga,4224,1763676000,,-28.14283,153.5136,0.97,1.39,11.11,5.76,23.4,72.54,0.06,181.27
Bilinga,4224,1763677800,,-28.14285,153.5136,0.96,1.5,12.5,5.99,23.67,72.71,0.16,159.47
Bilinga,4224,1763679600,,-28.14285,153.5136,0.94,1.74,11.11,5.81,23.9,69.9,0.2,186.37
Bilinga,4224,1763681400,,-28.14281,153.5136,0.93,1.61,10.53,5.26,23.76,74.82,0.08,203.34
Bilinga,4224,1763683200,,-28.14283,153.51358,1.02,1.71,11.76,5.48,23.63,72.36,0.01,203.6
Bilinga,4224,1763685000,,-28.14283,153.51356,1.02,1.8,11.11,5.38,23.54,67.96,0.03,302.51
Bilinga,4224,1763686800,,-28.14285,153.51354,1.02,1.64,11.76,5.43,23.44,73.41,0.02,156.48
Bilinga,4224,1763688600,,-28.14283,153.51347,0.96,1.55,12.5,5.16,23.44,68.14,0.05,247.56
Bilinga,4224,1763690400,,-28.14285,153.51341,0.96,1.53,11.11,5.18,23.4,72.18,0.07,234.02
Bilinga,4224,1763692200,,-28.14281,153.51332,0.95,1.57,12.5,5.02,23.4,69.63,0.05,200.62
Bilinga,4224,1763694000,,-28.14271,153.51317,0.97,1.45,12.5,4.92,23.26,67.44,0.07,271.74
Bilinga,4224,1763695800,,-28.14259,153.51305,0.99,1.54,11.76,4.84,23.04,73.94,0.12,270.77
Bilinga,4224,1763697600,,-28.14241,153.51294,0.96,1.49,12.5,5.03,22.86,68.4,0.08,252.75
Bilinga,4224,1763699400,,-28.14233,153.51289,0.99,1.66,12.5,5.08,22.68,70.78,0.04,210.11
Bilinga,4224,1763701200,,-28.14222,153.51287,0.93,1.51,12.5,4.8,22.63,74.03,0.08,252.4
Bilinga,4224,1763703000,,-28.14207,153.51292,0.93,1.46,11.11,4.86,22.77,76.05,0.11,247.91
Bilinga,4224,1763704800,,-28.14202,153.51289,0.99,1.73,11.76,5.11,23.13,72.45,0.13,206.68
Bilinga,4224,1763706600,,-28.14195,153.51292,0.98,1.93,11.76,5.24,23.13,73.68,0.12,208.18
Bilinga,4224,1763708400,,-28.1419,153.51289,0.93,1.62,11.11,5.02,23.08,76.32,0.12,214.95
Bilinga,4224,1763710200,,-28.14187,153.51289,0.99,1.62,12.5,5.34,23.04,68.75,0.09,215.3
Bilinga,4224,1763712000,,-28.14181,153.51294,0.96,1.61,11.76,5.21,22.99,74.73,0.07,233.93
Bilinga,4224,1763713800,,-28.14181,153.51294,0.99,1.46,12.5,5.49,22.95,68.4,0.02,267.08
Bilinga,4224,1763715600,,-28.14181,153.51289,1.01,1.51,11.76,5.8,22.95,75.08,0.07,323.78
Bilinga,4224,1763717400,,-28.14178,153.51294,0.98,1.71,12.5,6.03,22.95,67.88,0.08,319.12
Bilinga,4224,1763719200,,-28.14172,153.51302,0.97,1.42,11.11,6.05,22.9,74.03,0.08,335.3
Bilinga,4224,1763721000,,-28.14172,153.51302,0.92,1.46,11.76,5.76,22.95,72.45,0.13,346.02
Bilinga,4224,1763722800,,-28.14172,153.51298,0.94,1.42,11.76,5.64,22.9,67.26,0.08,355.78
Bilinga,4224,1763724600,,-28.14175,153.51289,0.89,1.44,11.76,5.58,22.95,72.62,0.13,311.82
Bilinga,4224,1763726400,,-28.14177,153.51287,0.98,1.51,11.76,5.76,22.9,72.97,0.13,325.89
Bilinga,4224,1763728200,,-28.1418,153.51283,0.94,1.75,11.76,5.8,22.9,72.36,0.08,303.56
Bilinga,4224,1763730000,,-28.1418,153.51283,0.91,1.5,11.76,5.56,22.86,73.33,0.04,328.79
Bilinga,4224,1763731800,,-28.14181,153.51279,0.88,1.33,12.5,5.64,22.81,71.13,0.07,253.54
Bilinga,4224,1763733600,,-28.14181,153.51281,0.89,1.44,11.11,5.71,22.77,74.91,0.09,274.64
Bilinga,4224,1763735400,,-28.14184,153.51281,0.85,1.32,12.5,5.66,22.72,70.95,0.06,297.23
Bilinga,4224,1763737200,,-28.14184,153.51285,0.9,1.47,11.76,5.77,22.68,73.68,0.06,319.38
Bilinga,4224,1763739000,,-28.14181,153.51285,0.84,1.36,11.76,5.58,22.63,71.74,0.05,208.97
Bilinga,4224,1763740800,,-28.14181,153.51287,0.88,1.47,11.76,5.68,22.63,76.75,0.01,302.86
Bilinga,4224,1763742600,,-28.14181,153.51289,0.82,1.4,11.76,5.37,22.63,70.25,0.05,230.59
Bilinga,4224,1763744400,,-28.1418,153.51287,0.91,1.38,11.76,6.04,22.68,74.38,0.07,223.82
Bilinga,4224,1763746200,,-28.1418,153.51289,0.86,1.43,11.76,5.74,22.72,72.54,0.1,262.33
Bilinga,4224,1763748000,,-28.1418,153.51294,0.91,1.77,11.11,6.08,22.68,72.62,0.06,317.36
Bilinga,4224,1763749800,,-28.14185,153.51292,0.95,1.63,11.76,6.6,22.68,73.5,0.07,262.24
Bilinga,4224,1763751600,,-28.14188,153.51289,0.94,1.52,11.76,6.42,22.68,72.36,0.11,224.53
Bilinga,4224,1763753400,,-28.14187,153.51292,0.89,1.49,11.76,6.25,22.68,70.78,0.09,236.4
Bilinga,4224,1763755200,,-28.14196,153.51298,0.91,1.43,11.76,6.25,22.72,72.54,0.08,228.4
Bilinga,4224,1763757000,,-28.14198,153.51307,0.9,1.38,11.76,6.21,22.72,71.22,0.04,233.32
Bilinga,4224,1763758800,,-28.14195,153.51311,0.92,1.39,11.76,6.26,22.72,69.46,0.03,213.8
Bilinga,4224,1763760600,,-28.14196,153.51322,0.94,1.7,11.76,6.26,22.72,70.07,0.02,274.37
Bilinga,4224,1763762400,,-28.14203,153.51326,0.98,1.45,11.76,6.46,22.77,70.16,0.07,258.73
Bilinga,4224,1763764200,,-28.1421,153.51332,0.96,1.52,11.76,6.53,22.77,72.01,0.04,342.07
Bilinga,4224,1763766000,,-28.14217,153.51343,0.87,1.34,11.76,6.32,22.81,71.3,0.09,295.56
Bilinga,4224,1763767800,,-28.14222,153.51345,1.0,1.37,11.76,6.25,22.77,71.92,0.01,326.86
Bilinga,4224,1763769600,,-28.14222,153.51352,1.01,1.74,10.53,6.35,22.77,72.8,0.02,85.1
Bilinga,4224,1763771400,,-28.14232,153.5135,1.03,1.66,11.76,6.63,22.77,72.71,0.17,228.92
Bilinga,4224,1763773200,,-28.1424,153.51354,1.13,1.76,11.11,6.87,22.81,73.41,0.1,172.31
Bilinga,4224,1763775000,,-28.14244,153.51358,0.98,1.75,11.11,6.3,22.81,72.45,0.13,195.34
Bilinga,4224,1763776800,,-28.14245,153.5136,1.02,1.62,11.76,6.48,22.9,72.01,0.12,183.38
Bilinga,4224,1763778600,,-28.14248,153.5136,0.94,1.51,11.11,5.94,22.9,73.68,0.11,192.79
Bilinga,4224,1763780400,,-28.1425,153.51356,0.94,1.46,11.76,5.66,22.99,69.28,0.06,159.21
Bilinga,4224,1763782200,,-28.1425,153.5136,0.96,1.5,11.76,5.75,22.99,69.81,0.06,216.88
Bilinga,4224,1763784000,,-28.1425,153.5136,1.0,1.58,11.76,5.81,23.04,73.41,0.11,168.18
Bilinga,4224,1763785800,,-28.1425,153.51356,0.92,1.68,11.11,5.54,23.04,69.9,0.07,202.02
Bilinga,4224,1763787600,,-28.14252,153.5135,0.95,1.99,11.76,5.65,23.04,74.38,0.09,170.55
Bilinga,4224,1763789400,,-28.14252,153.51345,0.98,1.57,11.76,5.66,22.99,70.6,0.08,181.8
Bilinga,4224,1763791200,,-28.1425,153.51341,0.95,1.65,11.76,5.76,22.99,71.04,0.06,194.99
Bilinga,4224,1763793000,,-28.14247,153.5133,0.91,1.63,11.76,5.77,22.95,72.71,0.03,178.81
Bilinga,4224,1763794800,,-28.14248,153.51332,0.92,1.4,11.11,5.96,22.95,74.64,0.07,185.58
Bilinga,4224,1763796600,,-28.14247,153.5133,0.97,1.44,11.11,6.17,22.95,73.24,0.07,191.65
Bilinga,4224,1763798400,,-28.14238,153.51332,1.01,1.72,11.11,6.39,22.9,71.39,0.08,196.75
Bilinga,4224,1763800200,,-28.14238,153.51356,0.94,1.87,11.11,6.21,22.81,68.67,0.08,181.36
Bilinga,4224,1763802000,,-28.14248,153.5136,0.96,1.41,11.11,6.05,22.81,73.41,0.11,158.24
Bilinga,4224,1763803800,,-28.14241,153.51367,0.94,1.71,10.53,5.95,22.77,76.49,0.1,128.35
Bilinga,4224,1763805600,,-28.14241,153.51371,0.92,1.47,11.11,5.97,22.77,75.61,0.1,109.71
Bilinga,4224,1763807400,,-28.1425,153.51369,0.87,1.46,10.53,5.61,22.77,71.74,0.12,89.41
Bilinga,4224,1763809200,,-28.1425,153.51362,0.97,1.52,10.53,5.95,22.81,74.73,0.04,40.97
Bilinga,4224,1763811000,,-28.14245,153.51365,0.88,1.33,11.11,5.68,22.9,72.62,0.03,34.55
Bilinga,4224,1763812800,,-28.14245,153.5136,0.84,1.37,11.11,5.62,22.95,68.4,0.04,40.18
Bilinga,4224,1763814600,,-28.14244,153.51367,0.94,1.45,11.11,6.04,22.9,73.33,0.06,347.6
Bilinga,4224,1763816400,,-28.14245,153.51365,0.88,1.65,11.11,6.0,22.9,71.92,0.12,344.18
Bilinga,4224,1763818200,,-28.14248,153.51358,0.93,1.8,11.11,6.3,22.9,71.74,0.07,353.93
Bilinga,4224,1763820000,,-28.14248,153.51362,0.9,1.56,11.11,6.15,22.9,72.01,0.06,0.0
Bilinga,4224,1763821800,,-28.14244,153.51356,0.89,1.6,11.11,6.42,22.9,68.84,0.05,353.93
Bilinga,4224,1763823600,,-28.14247,153.51356,0.92,1.44,11.11,6.45,22.9,69.9,0.13,345.05
Bilinga,4224,1763825400,,-28.14245,153.51354,0.84,1.22,10.53,6.21,22.9,71.22,0.09,263.65
Bilinga,4224,1763827200,,-28.1424,153.51362,0.85,1.29,11.11,6.3,22.86,70.69,0.07,348.4
Bilinga,4224,1763829000,,-28.14238,153.51362,0.9,1.65,11.76,6.49,22.86,68.49,0.07,294.77
Bilinga,4224,1763830800,,-28.14245,153.51358,0.86,1.37,11.11,6.46,22.81,66.12,0.11,344.7
Bilinga,4224,1763832600,,-28.14252,153.51358,0.99,1.6,11.11,6.81,22.81,71.48,0.16,343.3
Bilinga,4224,1763834400,,-28.1425,153.51362,0.92,1.87,11.11,6.7,22.86,70.6,0.11,1.41
Bilinga,4224,1763836200,,-28.14252,153.51365,0.91,1.43,11.11,6.52,22.81,75.61,0.04,4.31
Bilinga,4224,1763838000,,-28.14252,153.51367,0.89,1.86,11.11,6.63,22.81,71.22,0.18,41.85
Bilinga,4224,1763839800,,-28.14253,153.51362,0.93,1.42,11.11,6.74,22.81,76.58,0.12,97.58
Bilinga,4224,1763841600,,-28.14253,153.5136,0.84,1.74,10.53,6.44,22.81,67.79,0.16,122.46
Bilinga,4224,1763843400,,-28.14253,153.51362,0.89,1.41,10.0,6.51,22.81,72.1,0.14,353.05
Bilinga,4224,1763845200,,-28.14257,153.51362,0.89,1.49,10.53,6.19,22.81,76.49,0.1,70.33
Bilinga,4224,1763847000,,-28.14257,153.51365,0.86,1.59,11.11,6.14,22.77,77.46,0.09,78.86
Bilinga,4224,1763848800,,-28.14263,153.51358,1.0,1.79,10.53,5.5,22.77,81.06,0.1,114.11
Bilinga,4224,1763850600,,-28.14268,153.5136,0.9,1.47,11.11,4.96,22.72,83.61,0.07,110.59
Bilinga,4224,1763852400,,-28.14274,153.51369,0.93,1.84,11.11,4.78,22.63,82.56,0.1,95.21
Bilinga,4224,1763854200,,-28.14278,153.51375,0.95,1.44,11.11,4.85,22.63,81.5,0.11,109.1
Bilinga,4224,1763856000,,-28.14281,153.51377,0.93,1.75,11.11,4.56,22.54,85.81,0.12,118.15
Bilinga,4224,1763857800,,-28.14278,153.51382,0.88,1.41,10.53,4.52,22.54,86.16,0.14,118.86
Bilinga,4224,1763859600,,-28.14278,153.51384,0.86,1.45,10.53,4.68,22.54,88.53,0.1,100.4
Bilinga,4224,1763861400,,-28.1428,153.51384,0.87,1.46,10.0,4.76,22.63,86.43,0.12,83.96
Bilinga,4224,1763863200,,-28.14281,153.51384,0.84,1.43,11.11,4.77,22.68,85.63,0.19,110.86
Bilinga,4224,1763865000,,-28.14283,153.51382,0.78,1.14,10.53,4.5,22.81,84.14,0.12,97.67
Bilinga,4224,1763866800,,-28.14283,153.51384,0.86,1.42,11.11,4.41,22.9,80.8,0.15,100.66
Bilinga,4224,1763868600,,-28.14287,153.51377,0.8,1.38,11.11,4.52,23.04,80.1,0.17,106.46
Bilinga,4224,1763870400,,-28.14287,153.51377,0.83,1.44,10.53,4.15,23.08,81.41,0.16,101.63
Bilinga,4224,1763872200,,-28.14287,153.51377,0.87,1.62,10.53,4.36,23.08,79.83,0.16,114.46
Bilinga,4224,1763874000,,-28.14285,153.51377,0.89,1.69,10.53,4.22,23.13,83.0,0.18,122.99
Bilinga,4224,1763875800,,-28.14285,153.51377,0.86,1.5,11.11,4.04,23.08,80.62,0.16,112.44
Bilinga,4224,1763877600,,-28.14285,153.51377,0.87,1.4,10.53,3.95,23.13,78.34,0.17,134.77
Bilinga,4224,1763879400,,-28.14283,153.51377,0.94,1.61,11.11,3.94,23.13,89.06,0.2,119.91
Bilinga,4224,1763881200,,-28.14283,153.51377,0.87,1.87,10.53,3.7,23.13,78.34,0.25,131.87
Bilinga,4224,1763883000,,-28.14285,153.5138,0.9,1.6,10.53,3.87,23.13,82.82,0.24,128.97
Bilinga,4224,1763884800,,-28.14287,153.51377,0.85,1.4,11.11,3.97,23.04,84.14,0.2,123.78
Bilinga,4224,1763886600,,-28.14285,153.5138,0.94,1.45,11.11,4.2,23.04,80.97,0.22,116.57
Bilinga,4224,1763888400,,-28.14287,153.5138,0.89,1.5,10.53,4.11,23.04,83.88,0.23,122.9
Bilinga,4224,1763890200,,-28.14287,153.51377,0.85,1.53,11.11,4.01,22.99,82.64,0.23,112.18
Bilinga,4224,1763892000,,-28.14285,153.5138,0.85,1.6,10.53,4.08,23.04,85.02,0.21,113.14
Bilinga,4224,1763893800,,-28.14285,153.5138,0.89,2.23,11.11,4.45,23.04,86.6,0.23,118.59
Bilinga,4224,1763895600,,-28.14285,153.5138,0.91,1.37,10.53,4.74,23.08,84.05,0.13,102.77
Bilinga,4224,1763897400,,-28.14283,153.51386,0.79,1.32,10.53,4.38,23.13,80.53,0.19,101.89
Bilinga,4224,1763899200,,-28.14283,153.51384,0.88,1.35,10.0,4.53,23.17,82.82,0.19,101.36
Bilinga,4224,1763901000,,-28.14281,153.51384,0.84,1.27,10.53,4.41,23.17,84.84,0.17,108.84
Bilinga,4224,1763902800,,-28.1428,153.51386,0.84,1.44,10.53,4.41,23.26,82.73,0.14,102.33
Bilinga,4224,1763904600,,-28.14281,153.51384,0.88,1.37,10.0,4.47,23.22,85.37,0.16,101.71
Bilinga,4224,1763906400,,-28.14283,153.51384,0.86,1.34,10.53,3.99,23.13,86.6,0.21,102.51
Bilinga,4224,1763906400,,-28.14281,153.51386,0.86,1.34,10.53,3.99,23.13,86.6,0.21,102.51
Bilinga,4224,1763908200,,-28.14285,153.51382,0.82,1.33,10.53,3.96,22.95,85.37,0.18,124.48
Bilinga,4224,1763910000,,-28.14283,153.51384,0.85,1.46,10.53,4.15,22.81,85.28,0.15,104.88
Bilinga,4224,1763911800,,-28.14283,153.51382,0.83,1.49,10.0,4.27,22.81,81.94,0.19,116.4
Bilinga,4224,1763913600,,-28.14283,153.51382,0.81,1.49,11.11,4.28,22.81,83.35,0.16,107.96
Bilinga,4224,1763915400,,-28.14281,153.51386,0.82,1.45,10.0,4.5,22.77,80.71,0.14,87.47
Bilinga,4224,1763917200,,-28.1428,153.51386,0.78,1.23,10.0,4.49,22.77,76.58,0.13,82.37
Bilinga,4224,1763919000,,-28.1428,153.51386,0.79,1.22,10.53,4.46,22.9,68.49,0.11,24.26
Bilinga,4224,1763920800,,-28.1428,153.5138,0.83,1.39,10.53,4.5,22.9,61.72,0.09,71.56
Bilinga,4224,1763922600,,-28.14281,153.5138,0.83,1.28,10.53,4.51,22.9,73.68,0.09,66.73
Bilinga,4224,1763924400,,-28.14283,153.51377,0.86,1.3,10.53,4.55,22.86,73.94,0.09,49.76
Bilinga,4224,1763926200,,-28.14281,153.51377,0.85,1.34,10.0,4.53,22.95,75.52,0.11,84.4
Bilinga,4224,1763928000,,-28.14281,153.51377,0.85,1.48,10.53,4.51,22.95,74.82,0.08,78.15
Bilinga,4224,1763929800,,-28.14283,153.51373,0.78,1.22,10.0,4.28,22.99,80.18,0.07,75.69
Bilinga,4224,1763931600,,-28.14285,153.51371,0.81,1.21,10.53,4.52,23.04,80.18,0.09,106.29
Bilinga,4224,1763933400,,-28.14287,153.51369,0.77,1.2,10.0,4.44,23.04,79.83,0.05,113.05
Bilinga,4224,1763935200,,-28.14287,153.51369,0.81,1.25,10.53,4.64,23.08,73.85,0.09,120.44
Bilinga,4224,1763937000,,-28.14283,153.51375,0.77,1.14,10.0,5.02,23.13,84.75,0.07,113.23
Bilinga,4224,1763938800,,-28.14281,153.51384,0.77,1.33,10.53,4.89,23.04,83.88,0.18,118.86
Bilinga,4224,1763940600,,-28.14283,153.5138,0.81,1.4,10.53,5.08,23.04,88.45,0.17,135.3
Bilinga,4224,1763942400,,-28.14283,153.51384,0.78,1.38,10.53,5.05,23.17,84.49,0.11,89.05
Bilinga,4224,1763944200,,-28.14281,153.51386,0.83,1.41,10.53,4.89,23.31,82.29,0.14,83.78
Bilinga,4224,1763946000,,-28.14281,153.51386,0.83,1.36,10.0,4.78,23.44,85.55,0.14,106.46
Bilinga,4224,1763947800,,-28.14281,153.51386,0.87,1.51,10.0,5.02,23.58,82.29,0.07,46.51
Bilinga,4224,1763949600,,-28.14281,153.51386,0.84,1.51,10.53,4.81,23.63,81.94,0.1,57.14
Bilinga,4224,1763951400,,-28.14283,153.51384,0.85,1.46,10.0,4.76,23.54,80.01,0.11,64.62
Bilinga,4224,1763953200,,-28.14283,153.51382,0.79,1.28,10.53,4.38,23.4,77.28,0.13,85.71
Bilinga,4224,1763955000,,-28.14287,153.51377,0.86,1.34,10.53,4.44,23.31,75.79,0.14,115.43
Bilinga,4224,1763956800,,-28.14285,153.51382,0.89,1.46,10.53,4.62,23.22,77.11,0.09,99.87
Bilinga,4224,1763958600,,-28.14281,153.51384,0.87,1.4,11.11,4.51,23.22,77.37,0.09,93.01
Bilinga,4224,1763960400,,-28.14283,153.51377,0.89,1.39,10.53,4.51,23.17,77.72,0.12,95.03
Bilinga,4224,1763962200,,-28.14283,153.5138,0.85,1.4,11.11,4.5,23.17,70.86,0.09,71.74
Bilinga,4224,1763964000,,-28.14281,153.51377,0.84,1.34,10.0,4.51,23.31,75.17,0.14,130.73
Bilinga,4224,1763965800,,-28.14285,153.51377,0.85,1.36,10.53,4.68,23.4,75.35,0.03,19.43
Bilinga,4224,1763967600,,-28.14283,153.51377,0.83,1.44,10.53,4.65,23.4,71.22,0.06,9.14
Bilinga,4224,1763969400,,-28.14287,153.51367,0.81,1.26,11.11,4.59,23.31,71.39,0.1,242.55
Bilinga,4224,1763971200,,-28.14281,153.51371,0.8,1.2,10.53,4.65,23.31,71.3,0.07,322.9
Bilinga,4224,1763973000,,-28.14275,153.51386,0.78,1.23,10.53,4.75,23.04,72.89,0.09,252.04
Bilinga,4224,1763974800,,-28.14277,153.51388,0.77,1.18,10.53,4.92,22.99,72.97,0.1,196.48
Bilinga,4224,1763976600,,-28.14277,153.51386,0.76,1.46,10.53,4.95,22.86,71.74,0.06,126.33
Bilinga,4224,1763978400,,-28.14281,153.51377,0.77,1.15,11.11,5.25,22.81,71.57,0.04,153.05
Bilinga,4224,1763980200,,-28.14281,153.51373,0.79,1.37,10.53,5.53,22.81,71.39,0.01,330.64
Bilinga,4224,1763982000,,-28.1428,153.51375,0.76,1.24,10.53,5.43,22.81,71.22,0.04,48.7
Bilinga,4224,1763983800,,-28.14281,153.51373,0.75,1.12,10.53,5.4,22.77,67.61,0.02,39.12
Bilinga,4224,1763985600,,-28.14277,153.51377,0.83,1.48,10.0,5.59,22.81,69.63,0.05,34.99
Bilinga,4224,1763987400,,-28.14271,153.51377,0.75,1.21,10.53,5.55,22.77,69.55,0.05,339.6
Bilinga,4224,1763989200,,-28.14259,153.5138,0.76,1.2,11.11,5.49,22.77,64.62,0.03,260.48
Bilinga,4224,1763991000,,-28.14253,153.51377,0.78,1.24,11.11,5.82,22.77,69.28,0.08,285.63
Bilinga,4224,1763992800,,-28.14248,153.51365,0.81,1.34,10.53,5.8,22.77,67.96,0.03,270.59
Bilinga,4224,1763994600,,-28.1425,153.51356,0.76,1.18,10.0,5.93,22.77,70.69,0.06,243.52
Bilinga,4224,1763996400,,-28.14247,153.51362,0.8,1.36,10.0,5.98,22.77,73.94,0.02,316.22
Bilinga,4224,1763998200,,-28.14245,153.51354,0.79,1.28,11.11,6.1,22.68,65.68,0.03,241.23
Bilinga,4224,1764000000,,-28.14244,153.51358,0.74,1.27,11.11,6.04,22.72,70.34,0.11,237.27
Bilinga,4224,1764001800,,-28.14245,153.51347,0.72,1.05,10.53,6.07,22.63,68.93,0.1,220.92
Bilinga,4224,1764003600,,-28.14245,153.51345,0.73,1.08,11.11,6.1,22.45,71.74,0.12,207.56
Bilinga,4224,1764005400,,-28.14253,153.51362,0.76,1.15,10.53,6.19,22.5,77.63,0.1,170.55
Bilinga,4224,1764007200,,-28.14247,153.51386,0.78,1.26,10.0,6.05,22.54,79.13,0.18,147.25
Bilinga,4224,1764009000,,-28.14237,153.51382,0.77,1.16,10.53,6.12,22.54,76.23,0.15,137.14
Bilinga,4224,1764010800,,-28.1426,153.51393,0.84,1.35,10.53,6.28,22.45,77.02,0.16,75.69
Bilinga,4224,1764012600,,-28.14262,153.51393,0.8,1.39,11.11,6.04,22.41,72.71,0.12,114.64
Bilinga,4224,1764014400,,-28.1426,153.51393,0.78,1.26,10.53,5.98,22.41,69.02,0.2,46.95
Bilinga,4224,1764016200,,-28.14257,153.51393,0.82,1.41,11.11,6.01,22.45,72.36,0.18,26.2
Bilinga,4224,1764018000,,-28.14262,153.51393,0.86,1.66,10.53,6.07,22.59,72.53,0.14,13.8
Bilinga,4224,1764019800,,-28.14263,153.51393,0.89,1.35,10.0,5.93,22.63,74.21,0.12,17.23
Bilinga,4224,1764021600,,-28.14268,153.5139,0.88,1.36,10.53,5.88,22.68,73.33,0.03,353.23
Bilinga,4224,1764023400,,-28.14274,153.51386,0.92,1.4,10.0,5.39,22.63,77.81,0.14,79.21
Bilinga,4224,1764025200,,-28.14278,153.51384,0.89,1.73,11.11,5.01,22.63,76.93,0.07,79.74
Bilinga,4224,1764027000,,-28.14281,153.51375,0.89,1.32,11.11,4.93,22.77,72.36,0.13,107.34
Bilinga,4224,1764028800,,-28.14283,153.51375,0.87,1.42,10.53,4.59,22.81,77.19,0.07,114.29
Bilinga,4224,1764030600,,-28.14287,153.51367,0.96,1.53,10.53,4.66,22.86,75.61,0.13,133.89
Bilinga,4224,1764032400,,-28.1429,153.51362,0.85,1.49,11.11,4.34,22.86,77.37,0.13,120.97
Bilinga,4224,1764034200,,-28.14292,153.51362,0.86,1.47,11.11,4.15,22.95,79.83,0.09,127.65
Bilinga,4224,1764036000,,-28.14293,153.51362,0.88,1.76,10.53,4.23,22.95,69.72,0.07,109.98
Bilinga,4224,1764037800,,-28.14295,153.51358,0.91,1.6,10.53,4.16,22.95,78.25,0.14,144.44
Bilinga,4224,1764039600,,-28.14293,153.51362,0.98,1.58,10.53,4.03,22.9,74.38,0.12,124.04
Bilinga,4224,1764041400,,-28.14293,153.51365,0.97,1.73,10.53,4.04,22.95,71.74,0.22,132.92
Bilinga,4224,1764043200,,-28.14292,153.51371,1.01,1.99,10.53,4.12,23.04,79.83,0.2,147.87
Bilinga,4224,1764045000,,-28.14289,153.51377,1.1,1.78,11.11,4.2,23.17,80.45,0.21,144.88
Bilinga,4224,1764046800,,-28.14285,153.51386,1.01,1.64,11.11,3.96,23.17,75.0,0.23,135.91
Bilinga,4224,1764048600,,-28.14281,153.51388,0.98,1.48,10.53,3.85,23.08,82.12,0.23,133.45
Bilinga,4224,1764050400,,-28.1428,153.51393,1.04,1.73,11.11,3.93,22.95,72.01,0.28,129.85
Bilinga,4224,1764052200,,-28.14278,153.51395,1.12,1.81,11.76,3.92,22.99,67.17,0.24,132.75
Bilinga,4224,1764054000,,-28.14281,153.51395,1.14,1.87,10.53,4.04,23.13,70.95,0.29,120.53
Bilinga,4224,1764055800,,-28.14281,153.51395,1.08,1.98,11.11,3.84,23.13,71.57,0.32,126.77
Bilinga,4224,1764057600,,-28.1428,153.51397,1.04,1.82,11.11,3.95,23.22,73.33,0.27,120.79
Bilinga,4224,1764059400,,-28.14275,153.51401,1.02,1.94,11.11,3.97,23.17,74.21,0.24,123.08
Bilinga,4224,1764061200,,-28.14277,153.51401,1.01,2.08,11.11,4.3,23.17,76.75,0.21,111.03
Bilinga,4224,1764063000,,-28.1428,153.51395,0.9,2.03,11.11,4.27,23.04,77.55,0.26,112.97
Bilinga,4224,1764064800,,-28.14283,153.51393,0.95,1.52,11.11,4.6,23.13,78.86,0.24,111.91
Bilinga,4224,1764066600,,-28.14287,153.51388,0.97,1.74,11.11,4.74,22.95,76.75,0.25,115.87
Bilinga,4224,1764068400,,-28.14287,153.51386,0.96,1.55,11.11,4.85,23.17,77.37,0.23,109.27
Bilinga,4224,1764070200,,-28.14287,153.51386,0.98,1.5,11.76,4.98,23.17,73.85,0.2,118.33
Bilinga,4224,1764072000,,-28.14287,153.5138,0.91,1.32,10.53,4.86,23.17,72.62,0.15,96.18
Bilinga,4224,1764073800,,-28.14281,153.51382,0.93,1.48,11.11,5.27,23.31,67.61,0.05,79.3
Bilinga,4224,1764075600,,-28.14278,153.51386,0.9,1.39,11.11,4.82,23.49,65.85,0.09,40.18
Bilinga,4224,1764077400,,-28.14278,153.51345,0.86,1.4,10.53,4.75,23.35,68.49,0.05,296.79
Bilinga,4224,1764079200,,-28.14281,153.51334,0.88,1.51,11.11,4.64,23.13,67.0,0.09,303.74
Bilinga,4224,1764081000,,-28.14281,153.51332,0.86,1.55,11.11,4.81,22.95,64.97,0.03,288.53
Bilinga,4224,1764082800,,-28.14287,153.51334,0.92,1.35,11.11,5.11,22.81,66.03,0.0,176.53
Bilinga,4224,1764084600,,-28.14292,153.51347,0.83,1.37,10.0,4.63,22.77,75.96,0.05,259.78
Bilinga,4224,1764086400,,-28.14293,153.5135,0.88,1.3,11.11,4.86,22.77,68.93,0.08,249.85
Bilinga,4224,1764088200,,-28.14296,153.51358,0.91,1.6,10.53,4.78,22.77,70.69,0.06,242.11
Bilinga,4224,1764090000,,-28.14295,153.51362,0.86,1.61,11.11,4.62,22.68,72.27,0.07,217.41
Bilinga,4224,1764091800,,-28.14292,153.51365,0.94,1.4,11.11,5.13,22.63,71.39,0.07,118.59
Bilinga,4224,1764093600,,-28.14289,153.51373,0.99,1.69,11.11,5.3,22.59,74.47,0.07,54.42
Bilinga,4224,1764095400,,-28.14287,153.51377,0.94,1.48,11.11,4.85,22.86,74.73,0.14,43.43
Bilinga,4224,1764097200,,-28.14285,153.51382,0.9,1.64,10.53,4.48,23.22,73.41,0.13,30.33
Bilinga,4224,1764099000,,-28.14275,153.51393,0.95,1.76,11.11,4.83,23.04,67.88,0.11,15.47
Bilinga,4224,1764100800,,-28.14275,153.51393,0.99,1.67,11.11,4.76,23.04,68.32,0.12,34.2
Bilinga,4224,1764102600,,-28.14278,153.51393,0.97,1.69,10.53,4.86,22.95,73.06,0.08,16.26
Bilinga,4224,1764104400,,-28.1428,153.51386,0.97,1.62,11.11,4.83,22.95,73.68,0.09,44.57
Bilinga,4224,1764106200,,-28.14285,153.51382,0.95,1.45,11.11,4.73,22.9,70.51,0.1,62.95
Bilinga,4224,1764108000,,-28.14285,153.51384,0.88,1.41,11.11,4.66,22.81,70.16,0.06,55.38
Bilinga,4224,1764109800,,-28.14285,153.51382,1.02,1.86,11.11,4.68,22.77,72.97,0.08,73.76
Bilinga,4224,1764111600,,-28.14285,153.51382,0.98,1.57,10.53,4.57,22.68,74.82,0.06,102.86
Bilinga,4224,1764113400,,-28.14287,153.5138,0.94,1.87,11.11,4.67,22.63,72.89,0.04,126.86
Bilinga,4224,1764115200,,-28.14289,153.51377,0.91,1.57,10.53,4.45,22.59,78.34,0.08,123.16
Bilinga,4224,1764117000,,-28.1429,153.51377,0.99,1.43,11.11,4.84,22.45,76.58,0.09,132.84
Bilinga,4224,1764118800,,-28.1429,153.51375,1.03,1.65,11.11,5.05,22.32,75.08,0.12,116.22
Bilinga,4224,1764120600,,-28.14292,153.51373,0.93,1.71,11.11,4.7,22.32,72.71,0.07,127.65
Bilinga,4224,1764122400,,-28.14293,153.51371,0.89,1.55,10.53,4.29,22.32,72.45,0.09,115.52
Bilinga,4224,1764124200,,-28.14293,153.51367,0.92,1.95,11.11,4.01,22.18,72.8,0.14,139.43
Bilinga,4224,1764126000,,-28.14295,153.51365,1.01,1.69,11.11,4.34,22.32,78.95,0.14,152.09
Bilinga,4224,1764127800,,-28.14295,153.51369,1.02,1.7,11.11,4.2,22.32,73.68,0.12,141.98
Bilinga,4224,1764129600,,-28.14293,153.51371,1.02,1.8,11.11,4.01,22.68,80.97,0.21,137.58
Bilinga,4224,1764131400,,-28.14295,153.51375,0.99,1.75,11.11,4.11,22.81,79.13,0.18,144.97
Bilinga,4224,1764133200,,-28.14295,153.51371,1.0,1.63,11.11,4.26,22.81,78.86,0.19,148.92
Bilinga,4224,1764135000,,-28.14292,153.51377,1.1,2.03,11.11,4.13,22.63,80.71,0.22,126.15
Bilinga,4224,1764136800,,-28.14293,153.51375,1.19,2.01,10.53,4.17,22.36,80.8,0.21,146.11
Bilinga,4224,1764138600,,-28.14293,153.51377,1.14,1.91,10.53,4.23,22.18,75.0,0.23,143.47
Bilinga,4224,1764140400,,-28.14292,153.51377,1.13,1.76,11.11,4.3,21.96,74.21,0.17,132.66
Bilinga,4224,1764142200,,-28.14287,153.51384,1.14,1.81,11.11,4.34,21.92,78.42,0.14,127.82
Bilinga,4224,1764144000,,-28.14289,153.51382,1.16,1.94,11.76,4.49,21.83,76.75,0.11,135.03
Bilinga,4224,1764145800,,-28.14289,153.51386,1.3,1.91,11.11,4.58,21.87,79.48,0.14,111.65
Bilinga,4224,1764147600,,-28.14287,153.51386,1.2,1.88,11.76,4.73,21.92,71.3,0.07,52.48
Bilinga,4224,1764149400,,-28.14287,153.51384,1.16,1.89,11.76,4.68,21.87,71.13,0.1,95.21
Bilinga,4224,1764151200,,-28.1429,153.51377,1.07,1.78,11.11,4.34,21.87,76.14,0.03,72.35
Bilinga,4224,1764153000,,-28.14292,153.51377,1.14,1.9,11.11,4.69,21.78,70.95,0.12,114.02
Bilinga,4224,1764154800,,-28.14293,153.51369,1.16,1.98,11.11,4.58,21.78,65.41,0.09,71.21
Bilinga,4224,1764156600,,-28.14293,153.51362,1.18,1.83,11.11,4.8,21.74,68.75,0.07,104.97
Bilinga,4224,1764158400,,-28.14293,153.51354,1.27,1.85,11.11,4.87,21.92,67.35,0.11,51.43
Bilinga,4224,1764160200,,-28.1429,153.51341,1.27,2.04,10.53,4.97,21.96,67.08,0.04,346.37
Bilinga,4224,1764162000,,-28.1428,153.51326,1.24,2.03,11.11,5.27,21.78,60.75,0.01,26.2
Bilinga,4224,1764163800,,-28.14278,153.51311,1.25,2.01,6.06,5.38,22.18,29.19,0.05,339.52
Bilinga,4224,1764165600,,-28.14285,153.51317,1.29,2.13,11.76,5.68,22.23,59.44,0.11,352.09
Bilinga,4224,1764167400,,-28.14292,153.51324,1.33,2.3,11.11,5.37,22.18,67.88,0.06,305.58
Bilinga,4224,1764169200,,-28.14295,153.51332,1.32,1.92,11.11,5.14,22.1,67.61,0.05,75.43
Bilinga,4224,1764171000,,-28.14296,153.51339,1.27,2.2,11.76,5.09,21.96,65.77,0.01,66.37
Bilinga,4224,1764172800,,-28.14296,153.51337,1.16,2.0,11.76,5.14,21.96,64.18,0.01,126.15
Bilinga,4224,1764174600,,-28.14298,153.51341,1.17,2.57,11.76,4.88,21.96,68.49,0.01,5.63
Bilinga,4224,1764176400,,-28.14295,153.51365,1.2,2.06,11.11,4.96,22.27,68.49,0.05,56.26
Bilinga,4224,1764178200,,-28.14293,153.51369,1.13,2.13,11.76,4.78,22.18,67.35,0.05,80.26
Bilinga,4224,1764180000,,-28.14293,153.51373,1.07,2.03,11.76,4.63,22.18,68.4,0.07,85.27
Bilinga,4224,1764181800,,-28.14292,153.51373,1.07,1.8,11.76,4.82,22.05,74.73,0.06,83.25
Bilinga,4224,1764183600,,-28.1429,153.51375,1.05,1.71,10.53,4.57,22.05,75.88,0.07,117.1
Bilinga,4224,1764185400,,-28.14287,153.51382,1.12,1.86,11.11,4.98,21.96,71.04,0.09,92.31
Bilinga,4224,1764187200,,-28.14287,153.5138,1.03,1.68,11.11,4.83,21.92,68.23,0.1,85.63
Bilinga,4224,1764189000,,-28.14287,153.51384,1.07,1.93,11.11,5.22,21.87,73.06,0.06,75.25
Bilinga,4224,1764190800,,-28.14287,153.51384,1.12,1.73,11.11,5.56,21.83,71.22,0.13,77.01
Bilinga,4224,1764192600,,-28.14289,153.5138,1.08,1.79,11.11,5.16,21.92,72.62,0.08,64.79
Bilinga,4224,1764194400,,-28.14295,153.51362,1.11,1.86,10.53,4.85,21.92,71.92,0.06,98.02
Bilinga,4224,1764196200,,-28.14296,153.51356,1.13,1.84,10.53,4.52,21.92,71.13,0.04,170.02
Bilinga,4224,1764198000,,-28.14298,153.51354,1.21,1.99,11.11,4.64,21.87,67.17,0.05,126.68
Bilinga,4224,1764199800,,-28.14298,153.5135,1.24,2.34,11.11,4.36,21.87,74.29,0.12,150.95
Bilinga,4224,1764201600,,-28.143,153.51345,1.24,1.94,11.11,4.39,21.69,72.89,0.15,182.33
Bilinga,4224,1764203400,,-28.14301,153.51347,1.36,2.25,10.53,4.26,21.38,77.72,0.18,160.79
Bilinga,4224,1764205200,,-28.14304,153.51347,1.48,2.59,10.53,4.25,21.34,75.44,0.2,164.04
Bilinga,4224,1764207000,,-28.14301,153.5136,1.48,2.42,10.53,4.37,21.34,78.86,0.18,153.76
Bilinga,4224,1764208800,,-28.143,153.51371,1.39,2.4,10.53,4.34,21.25,83.88,0.25,147.08
Bilinga,4224,1764210600,,-28.14296,153.51377,1.45,2.45,11.11,4.44,21.21,71.74,0.15,137.23
Bilinga,4224,1764212400,,-28.14295,153.5138,1.43,2.41,10.53,4.38,21.25,79.39,0.14,127.38
Bilinga,4224,1764214200,,-28.14292,153.51386,1.28,2.09,10.53,4.23,21.25,75.79,0.14,114.46
Bilinga,4224,1764216000,,-28.14292,153.51384,1.27,1.99,11.11,4.33,21.21,77.81,0.14,109.89
Bilinga,4224,1764217800,,-28.14289,153.51386,1.24,2.11,11.11,4.38,21.25,76.4,0.11,84.92
Bilinga,4224,1764219600,,-28.1429,153.51386,1.33,2.15,10.53,4.42,21.34,66.64,0.14,106.99
Bilinga,4224,1764221400,,-28.14287,153.51386,1.27,1.98,10.53,4.48,21.43,74.21,0.08,88.18
Bilinga,4224,1764223200,,-28.14283,153.5139,1.29,2.0,10.53,4.42,21.52,72.97,0.04,83.87
Bilinga,4224,1764225000,,-28.14275,153.51397,1.3,2.23,10.53,4.81,21.83,69.99,0.08,72.18
Bilinga,4224,1764226800,,-28.14275,153.51393,1.43,2.23,6.06,4.91,21.96,37.55,0.04,49.41
Bilinga,4224,1764228600,,-28.14274,153.5139,1.3,2.35,5.41,4.76,22.18,38.16,0.04,78.51
Bilinga,4224,1764230400,,-28.1426,153.51393,1.31,2.26,5.88,4.99,22.36,39.74,0.09,56.88
Bilinga,4224,1764232200,,-28.14259,153.51399,1.38,2.56,6.25,5.21,22.45,37.99,0.1,5.63
Bilinga,4224,1764234000,,-28.14245,153.51393,1.31,2.19,6.25,5.17,22.63,35.52,0.08,354.9
Bilinga,4224,1764235800,,-28.14237,153.51377,1.24,2.11,6.06,5.16,22.95,31.22,0.03,36.48
Bilinga,4224,1764237600,,-28.14229,153.5135,1.14,1.91,6.25,5.26,22.86,31.13,0.06,354.9
Bilinga,4224,1764239400,,-28.14226,153.51341,1.12,1.68,6.25,5.23,22.81,34.38,0.05,348.31
Bilinga,4224,1764241200,,-28.14223,153.51339,1.15,1.73,11.11,5.32,22.68,66.73,0.11,348.13
Bilinga,4224,1764243000,,-28.14222,153.5133,1.12,2.02,11.76,5.52,22.63,68.58,0.08,19.08
Bilinga,4224,1764244800,,-28.14215,153.5133,1.12,1.85,11.11,5.6,22.54,70.34,0.13,10.73
Bilinga,4224,1764246600,,-28.14207,153.5133,1.08,1.87,11.76,5.57,22.32,66.21,0.1,358.86
Bilinga,4224,1764248400,,-28.142,153.51328,1.1,1.82,11.76,5.97,22.18,66.29,0.09,309.19
Bilinga,4224,1764250200,,-28.14193,153.51326,1.06,1.94,6.9,5.92,22.18,36.14,0.09,344.44
Bilinga,4224,1764252000,,-28.14193,153.51315,1.09,1.68,11.11,6.11,22.14,68.49,0.02,20.22
Bilinga,4224,1764253800,,-28.14195,153.51309,1.05,1.64,6.9,6.1,22.05,32.89,0.05,323.43
Bilinga,4224,1764255600,,-28.14195,153.51309,1.02,1.64,11.11,6.31,21.87,63.92,0.06,341.45
Bilinga,4224,1764257400,,-28.14193,153.51309,1.05,1.63,11.76,6.46,21.83,61.99,0.06,32.62
Bilinga,4224,1764259200,,-28.14192,153.51315,0.95,1.42,11.76,6.5,21.69,62.07,0.06,346.2
Bilinga,4224,1764261000,,-28.1419,153.51319,0.98,1.56,11.11,6.5,21.52,61.37,0.06,358.24
Bilinga,4224,1764262800,,-28.14187,153.51326,1.03,1.64,11.11,6.64,21.47,60.31,0.14,8.35
Bilinga,4224,1764264600,,-28.14185,153.51322,0.95,1.79,11.11,6.6,21.16,63.57,0.1,41.58
Bilinga,4224,1764266400,,-28.14187,153.51317,0.92,1.51,11.11,6.94,21.03,65.33,0.13,17.85
Bilinga,4224,1764268200,,-28.14187,153.51322,0.81,1.55,10.53,6.59,20.94,64.18,0.1,64.7
Bilinga,4224,1764270000,,-28.14187,153.51322,0.95,1.66,10.53,6.98,20.85,66.03,0.07,359.12
Bilinga,4224,1764271800,,-28.14185,153.51317,0.92,1.38,11.11,7.14,20.85,63.74,0.06,26.64
Bilinga,4224,1764273600,,-28.14187,153.51319,0.87,1.42,11.11,6.88,20.77,68.14,0.03,106.37
Bilinga,4224,1764275400,,-28.1419,153.51315,1.04,1.85,11.11,7.65,20.81,64.53,0.04,76.48
Bilinga,4224,1764277200,,-28.14193,153.51309,0.97,1.39,11.11,7.14,20.9,67.52,0.06,53.89
Bilinga,4224,1764279000,,-28.1419,153.51311,0.88,1.5,11.11,6.63,20.9,69.28,0.06,9.41
Bilinga,4224,1764280800,,-28.14187,153.51315,0.93,1.47,11.11,6.72,20.94,68.67,0.01,70.42
Bilinga,4224,1764282600,,-28.14187,153.51315,1.0,1.45,11.11,6.7,20.99,63.04,0.05,342.07
Bilinga,4224,1764284400,,-28.14187,153.51315,0.89,1.44,11.11,6.21,20.99,58.29,0.06,300.84
Bilinga,4224,1764286200,,-28.14187,153.51322,0.98,2.06,10.53,6.5,20.99,68.05,0.07,332.22
Bilinga,4224,1764288000,,-28.14193,153.51311,0.95,1.89,10.53,6.11,21.12,63.13,0.05,349.98
Bilinga,4224,1764289800,,-28.14205,153.513,0.93,1.47,10.53,6.05,21.16,66.47,0.04,313.49
Bilinga,4224,1764291600,,-28.14208,153.51296,0.97,1.75,10.0,6.0,21.21,64.8,0.13,253.1
Bilinga,4224,1764293400,,-28.14208,153.51294,0.98,1.51,10.0,6.0,21.21,69.11,0.09,250.02
Bilinga,4224,1764295200,,-28.14207,153.51296,0.93,1.44,10.0,6.23,21.21,68.84,0.06,176.62
Bilinga,4224,1764297000,,-28.14205,153.51296,0.91,1.4,10.53,5.85,21.43,62.25,0.12,252.92
Bilinga,4224,1764298800,,-28.14202,153.51298,0.96,1.7,11.11,5.87,21.52,69.99,0.09,195.16
Bilinga,4224,1764300600,,-28.14229,153.51292,0.88,1.63,10.53,5.56,22.9,67.44,0.14,173.98
Bilinga,4224,1764302400,,-28.14225,153.51294,0.82,1.4,10.0,5.45,23.13,74.56,0.15,171.52
Bilinga,4224,1764304200,,-28.1423,153.51302,0.79,1.37,11.11,5.31,24.27,79.48,0.3,185.67
Bilinga,4224,1764306000,,-28.14287,153.51337,0.8,1.54,10.0,5.2,24.13,79.22,0.21,170.81
Bilinga,4224,1764307800,,-28.14289,153.51375,0.85,1.33,10.53,5.22,23.63,83.35,0.18,146.81
Bilinga,4224,1764309600,,-28.14277,153.51401,0.81,1.41,10.53,5.48,23.63,80.97,0.16,133.89
Bilinga,4224,1764311400,,-28.14265,153.51405,0.79,1.29,11.11,5.65,23.35,78.6,0.15,106.02
Bilinga,4224,1764313200,,-28.14266,153.51407,0.93,1.73,11.11,6.2,23.22,79.57,0.12,120.44
Bilinga,4224,1764315000,,-28.14278,153.51401,0.86,1.35,11.11,5.95,23.58,72.8,0.19,128.97
Bilinga,4224,1764316800,,-28.14277,153.51403,0.81,1.23,11.11,5.91,23.9,69.63,0.2,123.78
Bilinga,4224,1764318600,,-28.14278,153.51403,0.78,1.59,11.11,6.05,23.9,75.0,0.19,134.51
Bilinga,4224,1764320400,,-28.14278,153.51401,0.73,1.19,11.11,5.99,23.76,76.31,0.21,133.01
Bilinga,4224,1764322200,,-28.1428,153.51401,0.71,1.08,11.11,6.05,23.63,76.84,0.18,132.66
Bilinga,4224,1764324000,,-28.1428,153.51399,0.73,1.33,11.11,6.29,23.54,75.44,0.12,103.65
Bilinga,4224,1764325800,,-28.14278,153.51399,0.74,1.09,11.11,6.51,23.49,77.19,0.07,136.0
Bilinga,4224,1764327600,,-28.1428,153.51397,0.74,1.07,11.11,6.83,23.4,74.64,0.07,87.38
Bilinga,4224,1764329400,,-28.1428,153.51395,0.71,1.24,11.11,6.93,23.35,76.31,0.06,114.2
Bilinga,4224,1764331200,,-28.14283,153.51393,0.67,1.07,11.11,6.86,23.31,76.67,0.03,125.27
Bilinga,4224,1764333000,,-28.14283,153.51393,0.63,1.02,11.11,6.85,23.58,73.41,0.05,47.21
Bilinga,4224,1764334800,,-28.14283,153.51386,0.67,1.19,11.11,7.08,23.54,76.58,0.09,348.31
Bilinga,4224,1764336600,,-28.14285,153.5138,0.68,1.05,11.11,7.33,23.49,71.92,0.07,351.65
Bilinga,4224,1764338400,,-28.14289,153.51377,0.68,1.14,11.11,7.45,23.63,72.53,0.03,40.35
Bilinga,4224,1764340200,,-28.1429,153.5138,0.72,1.15,11.11,7.72,23.85,73.68,0.02,336.26
Bilinga,4224,1764342000,,-28.1429,153.51382,0.71,1.15,10.53,7.5,23.85,70.07,0.07,321.76
Bilinga,4224,1764343800,,-28.14289,153.51384,0.75,1.15,11.11,7.47,23.85,72.1,0.12,353.23
Bilinga,4224,1764345600,,-28.14289,153.51386,0.76,1.31,11.11,7.59,23.81,74.73,0.09,357.63
Bilinga,4224,1764347400,,-28.14287,153.51386,0.61,1.04,10.53,7.15,23.81,72.45,0.13,345.14
Bilinga,4224,1764349200,,-28.14287,153.51386,0.7,1.15,11.11,7.33,23.76,72.8,0.1,344.7
Bilinga,4224,1764351000,,-28.14289,153.51386,0.7,1.22,11.11,7.26,23.67,73.06,0.13,351.56
Bilinga,4224,1764352800,,-28.14287,153.51384,0.7,1.19,11.11,6.94,23.63,77.72,0.09,13.1
Bilinga,4224,1764354600,,-28.14287,153.51384,0.65,1.08,11.11,6.49,23.58,73.33,0.05,78.33
Bilinga,4224,1764356400,,-28.14287,153.51382,0.73,1.2,11.76,6.5,23.54,76.05,0.07,50.73
Bilinga,4224,1764358200,,-28.14287,153.51384,0.76,1.23,11.11,6.92,23.54,73.06,0.05,23.65
Bilinga,4224,1764360000,,-28.14287,153.51382,0.75,1.18,10.53,6.39,23.54,73.59,0.03,97.58
Bilinga,4224,1764361800,,-28.14287,153.51382,0.82,1.22,11.76,6.47,23.44,73.59,0.01,289.85
Bilinga,4224,1764363600,,-28.14289,153.5138,0.72,1.22,10.0,5.73,23.4,73.06,0.04,175.38
Bilinga,4224,1764365400,,-28.1429,153.5138,0.79,1.18,11.76,5.46,23.35,73.5,0.05,162.99
Bilinga,4224,1764367200,,-28.1429,153.51377,0.69,1.14,11.11,4.76,23.31,69.55,0.05,128.7
Bilinga,4224,1764369000,,-28.1429,153.51375,0.8,1.39,11.11,4.79,23.13,73.24,0.05,70.77
Bilinga,4224,1764370800,,-28.14292,153.51377,0.79,1.26,11.76,4.66,22.9,75.44,0.06,115.08
Bilinga,4224,1764372600,,-28.14293,153.51375,0.78,1.39,11.11,4.38,22.9,77.28,0.09,104.26
Bilinga,4224,1764374400,,-28.14293,153.51371,0.81,1.25,10.53,4.29,22.81,71.57,0.08,96.88
Bilinga,4224,1764376200,,-28.14296,153.51369,0.81,1.52,11.11,4.14,23.04,77.55,0.11,112.35
Bilinga,4224,1764378000,,-28.14295,153.51373,0.88,1.69,11.11,4.09,22.86,72.71,0.1,113.93
Bilinga,4224,1764379800,,-28.14295,153.51373,0.87,1.6,11.11,4.12,22.81,76.14,0.11,122.2
Bilinga,4224,1764381600,,-28.14292,153.51384,0.83,1.47,11.11,4.08,23.08,78.42,0.1,135.38
Bilinga,4224,1764383400,,-28.14287,153.5139,0.85,1.45,11.11,4.13,23.22,83.79,0.11,128.18
Bilinga,4224,1764385200,,-28.14285,153.5139,0.97,1.47,11.11,4.08,23.17,77.99,0.12,151.47
Bilinga,4224,1764387000,,-28.14283,153.51393,1.03,1.69,10.53,4.25,23.13,78.6,0.07,117.54
Bilinga,4224,1764388800,,-28.14287,153.51393,1.06,1.78,10.53,4.45,23.13,79.22,0.07,106.29
Bilinga,4224,1764390600,,-28.14285,153.51386,1.13,1.84,10.53,4.75,23.13,72.18,0.06,76.75
Bilinga,4224,1764392400,,-28.14285,153.51388,1.19,1.87,10.53,4.81,23.31,75.88,0.13,105.23
Bilinga,4224,1764394200,,-28.14287,153.51386,1.14,1.96,10.53,4.8,23.4,74.91,0.1,99.96
Bilinga,4224,1764396000,,-28.14289,153.5138,1.12,1.88,5.88,4.63,23.49,40.62,0.12,69.27
Bilinga,4224,1764397800,,-28.1429,153.51369,1.23,2.13,10.0,4.69,23.49,77.46,0.07,83.78
Bilinga,4224,1764399600,,-28.14292,153.51362,1.09,1.77,5.56,4.33,23.4,34.47,0.08,109.98
Bilinga,4224,1764401400,,-28.14293,153.51362,1.09,1.92,10.0,4.39,23.26,66.29,0.08,95.82
Bilinga,4224,1764403200,,-28.1429,153.51354,1.02,1.58,10.0,4.33,23.31,70.07,0.07,84.75
Bilinga,4224,1764405000,,-28.14293,153.5135,0.99,1.81,10.0,4.28,23.31,76.05,0.09,115.69
Bilinga,4224,1764406800,,-28.14295,153.51362,0.99,1.63,10.53,4.36,23.4,69.02,0.08,77.63
Bilinga,4224,1764408600,,-28.14292,153.51371,0.94,1.67,10.0,4.1,23.67,68.93,0.07,64.53
Bilinga,4224,1764410400,,-28.1429,153.5138,0.97,1.61,10.53,4.33,23.67,74.12,0.06,64.0
Bilinga,4224,1764412200,,-28.14289,153.51382,0.95,1.62,11.11,4.47,23.63,71.66,0.06,12.31
Bilinga,4224,1764414000,,-28.14289,153.5138,0.9,1.45,10.53,4.39,23.58,76.49,0.09,35.08
Bilinga,4224,1764415800,,-28.14292,153.51373,0.91,1.38,10.53,4.43,23.49,75.88,0.04,40.35
Bilinga,4224,1764417600,,-28.14293,153.51362,0.91,1.55,5.0,4.47,23.4,32.97,0.11,35.43
Bilinga,4224,1764419400,,-28.14293,153.51358,0.99,1.45,5.56,4.67,23.31,35.08,0.08,47.91
Bilinga,4224,1764421200,,-28.14295,153.51356,1.04,1.57,10.53,4.87,23.26,69.37,0.11,49.14
Bilinga,4224,1764423000,,-28.14293,153.51343,1.06,1.76,5.41,4.77,23.17,32.53,0.06,67.52
Bilinga,4224,1764424800,,-28.14295,153.51347,1.09,1.75,10.53,5.05,23.17,70.69,0.08,26.2
Bilinga,4224,1764426600,,-28.14295,153.51347,1.14,1.71,5.56,4.8,23.13,33.41,0.04,30.15
Bilinga,4224,1764428400,,-28.14296,153.51347,1.05,1.61,11.11,4.71,23.13,69.19,0.07,12.92
Bilinga,4224,1764430200,,-28.14296,153.51352,1.02,1.62,11.11,4.62,23.13,70.86,0.01,95.12
Bilinga,4224,1764432000,,-28.14296,153.51354,1.04,1.71,5.13,4.65,23.04,32.1,0.03,335.74
Bilinga,4224,1764433800,,-28.14298,153.51347,0.96,1.41,11.11,4.59,23.04,71.13,0.05,13.01
Bilinga,4224,1764435600,,-28.14296,153.51356,1.0,1.6,10.53,4.64,23.04,68.84,0.06,17.49
Bilinga,4224,1764437400,,-28.14295,153.5136,0.99,1.9,10.0,4.59,22.99,70.86,0.1,40.0
Bilinga,4224,1764439200,,-28.14296,153.5136,0.94,1.4,10.53,4.46,22.99,69.02,0.08,41.85
Bilinga,4224,1764441000,,-28.14292,153.5136,0.94,1.49,11.11,4.4,22.95,68.05,0.02,16.35
Bilinga,4224,1764442800,,-28.14285,153.51371,0.86,1.33,11.11,4.13,22.9,64.89,0.06,9.05
Bilinga,4224,1764444600,,-28.14278,153.51377,0.79,1.29,11.11,4.35,22.81,65.68,0.07,344.18
Bilinga,4224,1764446400,,-28.14271,153.51382,0.71,1.29,11.11,4.44,22.77,61.11,0.05,357.54
Bilinga,4224,1764448200,,-28.14262,153.51384,0.67,1.13,10.53,4.47,22.68,64.97,0.04,2.37
Bilinga,4224,1764450000,,-28.14244,153.51371,0.68,1.06,10.53,4.46,22.72,66.47,0.03,331.34
Bilinga,4224,1764451800,,-28.14237,153.51365,0.6,0.9,10.53,4.23,22.68,58.91,0.07,306.29
Bilinga,4224,1764453600,,-28.14237,153.51362,0.65,1.18,10.53,4.34,22.63,63.83,0.1,318.68
Bilinga,4224,1764455400,,-28.14233,153.51354,0.72,1.42,10.53,4.65,22.68,64.53,0.05,324.4
Bilinga,4224,1764457200,,-28.14237,153.51345,0.66,1.2,10.53,4.38,22.68,65.5,0.04,316.4
Bilinga,4224,1764459000,,-28.14248,153.5133,0.65,1.14,10.0,4.3,22.63,66.12,0.05,280.35
Bilinga,4224,1764460800,,-28.14248,153.51326,0.68,1.2,10.53,4.38,22.54,61.02,0.04,241.93
Bilinga,4224,1764462600,,-28.14252,153.51326,0.75,1.21,10.0,4.7,22.5,67.52,0.02,196.13
Bilinga,4224,1764464400,,-28.14255,153.51324,0.71,1.24,10.0,4.47,22.45,64.97,0.06,240.97
Bilinga,4224,1764466200,,-28.14253,153.51324,0.71,1.24,10.0,4.42,22.45,65.5,0.05,214.15
Bilinga,4224,1764468000,,-28.14248,153.51324,0.7,1.16,10.0,4.38,22.5,60.49,0.02,216.53
Bilinga,4224,1764469800,,-28.14247,153.51326,0.73,1.21,10.0,4.75,22.5,66.56,0.02,231.74
Bilinga,4224,1764471600,,-28.14247,153.51324,0.76,1.27,9.52,4.73,22.54,60.93,0.03,211.52
Bilinga,4224,1764473400,,-28.14244,153.51322,0.72,1.6,9.52,4.64,22.45,69.81,0.06,169.93
Bilinga,4224,1764475200,,-28.14271,153.51319,0.67,1.17,9.09,4.4,23.54,68.14,0.23,186.11
Bilinga,4224,1764477000,,-28.14278,153.51326,0.68,1.11,10.0,4.45,23.54,68.93,0.16,166.33
Bilinga,4224,1764478800,,-28.143,153.51341,0.71,1.07,10.0,4.73,23.63,81.06,0.21,176.7
Bilinga,4224,1764480600,,-28.14301,153.5136,0.73,1.13,9.52,4.73,23.85,84.14,0.14,164.31
Bilinga,4224,1764482400,,-28.14298,153.51371,0.7,1.36,10.0,4.64,23.63,79.57,0.14,146.55
Bilinga,4224,1764484200,,-28.14296,153.51377,0.73,1.12,10.0,4.89,23.58,84.31,0.07,160.79
Bilinga,4224,1764486000,,-28.14295,153.51382,0.7,1.35,9.52,4.89,23.67,84.05,0.1,133.8
Bilinga,4224,1764487800,,-28.14293,153.51384,0.69,1.23,10.0,4.89,23.81,86.16,0.18,137.49
Bilinga,4224,1764489600,,-28.14292,153.51386,0.65,0.95,10.0,4.89,23.49,85.19,0.14,125.45
Bilinga,4224,1764491400,,-28.1429,153.51388,0.65,1.05,10.0,5.01,23.31,83.96,0.14,114.46
Bilinga,4224,1764493200,,-28.1429,153.51386,0.65,1.09,10.0,5.12,23.22,82.12,0.13,113.49
Bilinga,4224,1764495000,,-28.14293,153.5138,0.63,1.0,10.0,5.38,23.17,73.77,0.1,88.97
Bilinga,4224,1764496800,,-28.14292,153.5138,0.6,0.98,10.0,5.44,23.13,75.52,0.08,76.48
Bilinga,4224,1764498600,,-28.1429,153.51382,0.62,1.02,9.52,5.77,23.13,71.57,0.08,73.05
Bilinga,4224,1764500400,,-28.14289,153.51382,0.54,0.87,10.53,5.47,23.08,75.96,0.01,130.64
Bilinga,4224,1764502200,,-28.14289,153.5138,0.6,0.83,10.0,5.72,23.04,73.85,0.08,61.98
Bilinga,4224,1764504000,,-28.14285,153.51384,0.61,1.14,9.52,5.44,23.04,77.46,0.07,41.76
Bilinga,4224,1764505800,,-28.14287,153.51384,0.61,1.04,10.0,5.61,23.04,73.5,0.07,331.6
Bilinga,4224,1764507600,,-28.14283,153.51384,0.57,0.93,10.53,5.51,22.99,68.75,0.06,281.67
Bilinga,4224,1764509400,,-28.14285,153.51377,0.6,0.88,10.0,5.72,22.99,73.68,0.1,265.41
Bilinga,4224,1764511200,,-28.14285,153.51375,0.59,1.05,10.53,5.94,22.95,67.7,0.08,335.65
Bilinga,4224,1764513000,,-28.14285,153.5138,0.59,0.96,10.0,5.84,22.95,70.69,0.03,254.42
Bilinga,4224,1764514800,,-28.14289,153.5138,0.55,0.79,10.0,5.51,22.9,70.86,0.08,299.6
Bilinga,4224,1764516600,,-28.14289,153.51382,0.54,0.95,10.0,5.57,22.9,67.17,0.06,29.1
Bilinga,4224,1764518400,,-28.14289,153.51382,0.54,0.83,9.52,5.88,22.81,68.93,0.04,276.04
Bilinga,4224,1764520200,,-28.14287,153.51382,0.56,0.89,10.53,6.05,22.77,75.35,0.09,212.92
Bilinga,4224,1764522000,,-28.14287,153.51386,0.53,0.93,10.0,5.98,22.59,69.9,0.03,280.7
Bilinga,4224,1764523800,,-28.14285,153.51382,0.51,0.88,10.0,5.94,22.45,68.58,0.03,252.04
Bilinga,4224,1764525600,,-28.14287,153.51382,0.52,0.81,10.0,6.1,22.45,66.38,0.04,102.68
Bilinga,4224,1764527400,,-28.14287,153.5138,0.5,0.72,10.53,6.28,22.41,73.5,0.06,196.13
Bilinga,4224,1764529200,,-28.14283,153.5138,0.51,0.86,10.0,5.58,22.41,70.42,0.03,117.98
Bilinga,4224,1764531000,,-28.14281,153.51386,0.58,0.97,9.52,6.01,22.32,67.52,0.03,138.64
Bilinga,4224,1764532800,,-28.1428,153.51386,0.51,0.83,9.52,5.45,22.27,66.03,0.03,186.11
Bilinga,4224,1764534600,,-28.14277,153.5139,0.52,0.9,9.52,5.12,22.27,70.86,0.03,149.8
Bilinga,4224,1764536400,,-28.14277,153.51393,0.57,1.21,10.0,5.19,22.27,67.88,0.02,124.92
Bilinga,4224,1764538200,,-28.1428,153.5139,0.51,1.03,10.0,4.73,22.27,71.22,0.01,66.55
Bilinga,4224,1764540000,,-28.14277,153.51388,0.56,0.96,10.0,4.19,22.23,67.17,0.01,199.03
Bilinga,4224,1764541800,,-28.14277,153.51388,0.56,0.94,10.0,4.1,22.23,68.23,0.01,58.55
Bilinga,4224,1764543600,,-28.14278,153.51386,0.54,0.93,10.0,4.13,22.14,65.94,0.01,240.0
Bilinga,4224,1760450400,,-28.14275,153.5136,0.91,1.42,9.09,4.85,20.85,77.28,0.06,88.97
Bilinga,4224,1760452200,,-28.14274,153.51362,0.85,1.57,12.5,4.71,20.81,89.59,0.05,59.25
Bilinga,4224,1760454000,,-28.14274,153.51362,0.84,1.42,9.52,4.71,20.77,73.42,0.09,85.98
Bilinga,4224,1760455800,,-28.14274,153.51362,0.89,1.33,10.0,4.77,20.77,84.58,0.09,110.15
Bilinga,4224,1760457600,,-28.14274,153.51362,0.89,1.52,8.7,4.87,20.72,74.29,0.07,87.65
Bilinga,4224,1760459400,,-28.14274,153.51362,0.84,1.48,4.88,4.8,20.72,69.99,0.07,108.75
Bilinga,4224,1760461200,,-28.14274,153.51362,0.94,1.44,10.53,5.21,20.85,90.56,0.1,98.73
Bilinga,4224,1760463000,,-28.14274,153.51362,0.91,1.59,9.09,5.06,20.9,76.32,0.1,124.57
Bilinga,4224,1760464800,,-28.14271,153.51362,0.87,1.29,11.11,4.94,20.99,88.36,0.07,111.74
Bilinga,4224,1760466600,,-28.14268,153.51365,0.91,1.77,9.09,5.13,20.99,73.42,0.06,114.29
Bilinga,4224,1760468400,,-28.14268,153.51367,0.86,1.66,9.09,5.04,20.99,77.2,0.09,101.8
Bilinga,4224,1760470200,,-28.14266,153.51367,0.9,1.38,10.0,5.26,20.94,88.27,0.06,117.1
Bilinga,4224,1760472000,,-28.14266,153.51375,0.89,1.31,10.0,5.14,20.9,86.6,0.04,63.38
Bilinga,4224,1760473800,,-28.14265,153.51371,0.89,1.34,8.7,5.32,20.9,72.1,0.05,326.68
Bilinga,4224,1760475600,,-28.14266,153.51371,0.87,1.87,12.5,5.25,20.9,85.9,0.02,66.02
Bilinga,4224,1760477400,,-28.14268,153.51371,0.85,1.53,9.52,5.11,20.9,80.8,0.04,108.04
Bilinga,4224,1760479200,,-28.14266,153.51371,0.9,1.38,9.09,5.27,21.08,72.71,0.05,172.92
Bilinga,4224,1760481000,,-28.14266,153.51369,0.86,1.28,9.09,5.21,20.99,71.22,0.03,154.2
Bilinga,4224,1760482800,,-28.14271,153.51367,0.83,1.56,8.0,5.1,21.08,74.29,0.04,173.71
Bilinga,4224,1760484600,,-28.14271,153.51367,0.84,1.21,8.7,4.91,21.16,75.35,0.02,87.74
Bilinga,4224,1760486400,,-28.14274,153.51362,0.82,1.52,9.09,4.71,21.52,75.09,0.04,131.52
Bilinga,4224,1760488200,,-28.14275,153.51356,0.82,1.23,9.09,4.43,21.47,73.42,0.03,137.41
Bilinga,4224,1760490000,,-28.14278,153.51356,0.82,1.54,8.7,4.32,21.38,71.83,0.06,116.13
Bilinga,4224,1760491800,,-28.14278,153.51354,0.81,1.24,11.76,4.08,21.34,89.5,0.06,115.96
Bilinga,4224,1760493600,,-28.14281,153.51347,0.85,1.46,9.52,4.03,21.34,81.77,0.07,200.62
Bilinga,4224,1760495400,,-28.14281,153.51345,0.87,1.49,9.52,4.07,21.38,80.62,0.11,172.57
Bilinga,4224,1760497200,,-28.14281,153.51347,0.85,1.42,8.0,3.96,21.21,79.13,0.11,162.29
Bilinga,4224,1760499000,,-28.14281,153.5135,0.83,1.53,8.0,3.81,21.3,78.87,0.15,161.41
Bilinga,4224,1760500800,,-28.14281,153.51354,0.81,1.34,8.33,3.83,21.34,69.72,0.14,161.23
Bilinga,4224,1760502600,,-28.1428,153.5136,0.8,1.29,8.7,3.88,21.16,75.79,0.12,135.91
Bilinga,4224,1760504400,,-28.14278,153.51362,0.81,1.38,8.0,3.81,21.12,81.59,0.13,151.65
Bilinga,4224,1760506200,,-28.14277,153.51365,0.81,1.43,9.52,3.85,21.08,86.43,0.15,131.6
Bilinga,4224,1760508000,,-28.14277,153.51365,0.86,1.55,9.52,3.96,21.03,85.2,0.13,118.15
Bilinga,4224,1760509800,,-28.14277,153.51369,0.81,1.24,10.0,3.86,21.03,87.04,0.13,106.9
Bilinga,4224,1760511600,,-28.14274,153.51369,0.79,1.38,9.52,3.9,20.99,79.75,0.13,112.09
Bilinga,4224,1760513400,,-28.1427,153.51371,0.82,1.47,9.09,3.87,20.99,76.93,0.13,96.97
Bilinga,4224,1760515200,,-28.1427,153.51371,0.83,1.45,9.52,3.92,21.03,79.31,0.13,105.76
Bilinga,4224,1760517000,,-28.1427,153.51367,0.84,1.32,4.65,3.93,20.99,86.6,0.1,107.6
Bilinga,4224,1760518800,,-28.1426,153.51375,0.85,1.9,4.17,3.96,21.16,81.77,0.1,106.9
Bilinga,4224,1760520600,,-28.14259,153.51377,0.85,1.45,9.52,4.03,21.21,72.98,0.05,122.55
Bilinga,4224,1760522400,,-28.14265,153.51369,0.85,1.44,9.09,4.08,21.21,75.0,0.04,103.3
Bilinga,4224,1760524200,,-28.14265,153.51371,0.86,1.4,9.52,4.16,21.21,76.84,0.03,114.81
Bilinga,4224,1760526000,,-28.14263,153.51371,0.93,1.56,9.52,4.25,21.21,75.79,0.05,103.74
Bilinga,4224,1760527800,,-28.14265,153.51371,0.92,1.58,5.0,4.23,21.16,78.34,0.05,78.59
Bilinga,4224,1760529600,,-28.14265,153.51371,0.99,1.75,4.65,4.3,21.12,77.28,0.05,123.96
Bilinga,4224,1760531400,,-28.14266,153.51371,0.9,1.58,5.0,4.12,21.12,81.42,0.05,120.97
Bilinga,4224,1760533200,,-28.14268,153.51365,0.89,1.51,5.0,4.24,21.12,69.2,0.05,89.85
Bilinga,4224,1760535000,,-28.1427,153.5136,0.87,1.37,4.76,4.2,21.12,72.27,0.05,51.87
Bilinga,4224,1760536800,,-28.1427,153.51356,0.85,1.52,4.76,4.14,21.12,73.77,0.05,94.59
Bilinga,4224,1760538600,,-28.1427,153.51354,0.79,1.23,4.55,4.05,21.08,76.32,0.01,241.49
Bilinga,4224,1760540400,,-28.1427,153.51352,0.78,1.55,9.52,4.07,21.08,71.66,0.07,153.32
Bilinga,4224,1760542200,,-28.14271,153.51345,0.82,1.64,4.65,4.19,21.03,75.26,0.02,141.36
Bilinga,4224,1760544000,,-28.1427,153.51341,0.85,1.26,4.44,4.19,21.03,67.35,0.01,35.25
Bilinga,4224,1760545800,,-28.14271,153.51337,0.79,1.23,4.65,4.0,21.03,63.83,0.03,162.73
Bilinga,4224,1760547600,,-28.14271,153.51334,0.82,1.37,5.0,4.1,21.03,66.38,0.02,245.36
Bilinga,4224,1760549400,,-28.1427,153.51328,0.82,1.15,4.65,4.13,20.99,67.7,0.02,168.97
Bilinga,4224,1760551200,,-28.1427,153.51326,0.79,1.36,5.0,4.15,20.99,65.5,0.01,124.48
Bilinga,4224,1760553000,,-28.1427,153.51326,0.81,1.61,4.76,4.2,20.99,65.06,0.04,151.03
Bilinga,4224,1760554800,,-28.14268,153.51324,0.81,1.31,5.0,4.18,20.94,65.33,0.0,19.96
Bilinga,4224,1760556600,,-28.14268,153.51326,0.81,1.47,4.76,4.25,20.9,61.64,0.04,305.23
Bilinga,4224,1760558400,,-28.14271,153.51326,0.8,1.58,4.76,4.23,20.9,69.72,0.04,7.82
Bilinga,4224,1760560200,,-28.1427,153.51326,0.79,1.49,5.0,4.23,20.94,73.42,0.01,134.07
Bilinga,4224,1760562000,,-28.14271,153.51328,0.75,1.27,4.88,4.12,20.94,67.79,0.01,216.26
Bilinga,4224,1760563800,,-28.14271,153.51328,0.82,1.36,4.76,4.3,20.99,74.82,0.03,96.88
Bilinga,4224,1760565600,,-28.14274,153.51326,0.81,1.21,5.88,4.25,20.99,68.05,0.03,165.1
Bilinga,4224,1760567400,,-28.14274,153.51326,0.8,1.29,5.26,4.28,21.03,74.03,0.03,73.67
Bilinga,4224,1760569200,,-28.14275,153.51326,0.8,1.52,5.41,4.35,21.12,71.31,0.07,141.27
Bilinga,4224,1760571000,,-28.14275,153.51328,0.81,1.33,5.13,4.42,21.25,79.48,0.06,161.58
Bilinga,4224,1760572800,,-28.14275,153.5133,0.83,1.33,5.71,4.41,21.38,69.2,0.05,98.81
Bilinga,4224,1760574600,,-28.14277,153.51332,0.87,1.49,5.56,4.52,21.56,70.69,0.06,97.41
Bilinga,4224,1760576400,,-28.14277,153.51334,0.83,1.29,5.26,4.46,21.52,73.15,0.08,97.85
Bilinga,4224,1760578200,,-28.14277,153.51337,0.9,1.43,5.41,4.52,21.83,76.76,0.05,117.54
Bilinga,4224,1760580000,,-28.14278,153.51334,0.84,1.28,5.26,4.48,21.87,81.06,0.06,117.54
Bilinga,4224,1760581800,,-28.14278,153.51339,0.85,1.34,5.41,4.49,21.96,76.93,0.08,135.65
Bilinga,4224,1760583600,,-28.14278,153.51339,0.86,1.17,5.71,4.54,22.01,68.84,0.07,88.88
Bilinga,4224,1760585400,,-28.1428,153.51341,0.79,1.37,6.25,4.45,22.01,61.46,0.11,105.67
Bilinga,4224,1760587200,,-28.1428,153.51339,0.8,1.51,5.71,4.29,21.96,76.67,0.08,134.86
Bilinga,4224,1760589000,,-28.14281,153.51339,0.8,1.47,5.41,4.26,21.92,73.86,0.12,141.8
Bilinga,4224,1760590800,,-28.14281,153.51343,0.83,1.41,5.26,4.28,21.78,77.46,0.12,112.26
Bilinga,4224,1760592600,,-28.14278,153.51345,0.82,1.49,5.71,4.17,21.92,69.64,0.12,112.26
Bilinga,4224,1760594400,,-28.1428,153.5135,0.83,1.33,5.71,4.2,21.83,75.0,0.11,107.08
Bilinga,4224,1760596200,,-28.14278,153.51354,0.8,1.33,5.0,4.12,21.78,74.21,0.12,100.57
Bilinga,4224,1760598000,,-28.14277,153.51356,0.79,1.3,5.41,4.15,21.74,75.17,0.07,113.23
Bilinga,4224,1760599800,,-28.14275,153.51358,0.8,1.46,5.56,4.06,21.69,67.96,0.08,87.03
Bilinga,4224,1760601600,,-28.14275,153.51358,0.79,1.24,5.71,4.07,21.69,72.1,0.08,97.14
Bilinga,4224,1760603400,,-28.14274,153.5136,0.8,1.3,5.71,4.18,21.69,68.4,0.08,104.18
Bilinga,4224,1760605200,,-28.14275,153.5136,0.79,1.34,5.56,4.2,21.61,69.2,0.09,99.96
Bilinga,4224,1760607000,,-28.14275,153.51362,0.81,1.46,5.71,4.23,21.61,69.9,0.09,94.59
Bilinga,4224,1760608800,,-28.14275,153.51362,0.84,1.32,5.56,4.27,21.61,71.39,0.08,124.04
Bilinga,4224,1760610600,,-28.14274,153.51362,0.83,1.54,5.41,4.31,21.61,70.87,0.11,88.26
Bilinga,4224,1760612400,,-28.14275,153.5136,0.83,1.34,6.25,4.39,21.61,59.7,0.1,81.58
Bilinga,4224,1760614200,,-28.14275,153.5136,0.75,1.22,5.88,4.13,21.56,67.61,0.05,83.87
Bilinga,4224,1760616000,,-28.14275,153.51362,0.77,1.27,6.06,4.16,21.56,69.37,0.08,88.0
Bilinga,4224,1760617800,,-28.14277,153.51362,0.75,1.51,6.25,4.16,21.56,62.07,0.07,80.0
Bilinga,4224,1760619600,,-28.14275,153.51362,0.75,1.24,6.06,4.27,21.47,62.43,0.08,51.78
Bilinga,4224,1760621400,,-28.14275,153.51365,0.76,1.21,6.45,4.47,21.47,57.33,0.09,84.66
Bilinga,4224,1760623200,,-28.14274,153.51362,0.77,1.37,5.88,4.64,21.43,61.64,0.07,49.41
Bilinga,4224,1760625000,,-28.14271,153.51367,0.82,1.57,6.06,4.88,21.38,59.26,0.06,92.66
Bilinga,4224,1760626800,,-28.1427,153.51362,0.76,1.31,6.06,4.89,21.61,66.73,0.05,343.82
Bilinga,4224,1760628600,,-28.14271,153.51362,0.81,1.17,6.06,4.95,21.65,60.14,0.07,349.71
Bilinga,4224,1760630400,,-28.1427,153.51362,0.8,1.38,5.71,5.03,21.65,67.61,0.04,12.57
Bilinga,4224,1760632200,,-28.14271,153.5136,0.8,1.36,6.25,4.94,21.61,63.75,0.04,58.2
Bilinga,4224,1760634000,,-28.14274,153.51358,0.81,1.53,6.45,4.95,21.61,62.87,0.03,293.89
Bilinga,4224,1760635800,,-28.14271,153.51362,0.84,1.56,6.06,4.99,21.52,62.07,0.08,307.96
Bilinga,4224,1760637600,,-28.14271,153.51358,0.9,1.58,6.25,5.17,21.52,67.7,0.12,344.35
Bilinga,4224,1760639400,,-28.14271,153.51362,0.88,1.56,6.45,5.18,21.47,59.88,0.13,312.88
Bilinga,4224,1760641200,,-28.14271,153.5136,0.89,1.43,6.45,5.22,21.47,57.68,0.06,345.41
Bilinga,4224,1760643000,,-28.14271,153.51362,0.87,1.41,6.67,5.23,21.47,62.51,0.11,335.38
Bilinga,4224,1760644800,,-28.14271,153.51362,0.83,1.41,6.25,5.21,21.47,61.28,0.05,332.04
Bilinga,4224,1760646600,,-28.14271,153.51362,0.88,1.42,6.9,5.22,21.47,62.95,0.05,304.79
Bilinga,4224,1760648400,,-28.14274,153.51362,0.85,1.33,6.06,5.27,21.47,58.47,0.06,318.24
Bilinga,4224,1760650200,,-28.14274,153.51365,0.92,1.62,6.45,5.05,21.47,64.01,0.02,325.63
Bilinga,4224,1760652000,,-28.14275,153.51365,0.86,1.36,6.67,4.71,21.47,67.7,0.03,354.11
Bilinga,4224,1760653800,,-28.14275,153.51362,0.84,1.38,6.67,4.72,21.56,66.56,0.07,119.21
Bilinga,4224,1760655600,,-28.14277,153.51362,0.84,1.48,6.45,4.46,21.61,76.4,0.02,138.37
Bilinga,4224,1760657400,,-28.14278,153.51358,0.84,1.33,6.25,4.35,21.61,69.28,0.05,117.71
Bilinga,4224,1760659200,,-28.14278,153.5136,0.86,1.31,6.9,4.15,21.65,67.26,0.1,117.71
Bilinga,4224,1760661000,,-28.1428,153.51356,0.84,1.25,6.67,4.04,21.69,62.87,0.07,127.38
Bilinga,4224,1760662800,,-28.1428,153.51356,0.91,1.67,6.45,4.03,21.61,69.28,0.13,136.0
Bilinga,4224,1760664600,,-28.14281,153.51356,0.85,1.32,6.45,3.74,21.56,65.85,0.16,142.77
Bilinga,4224,1760666400,,-28.14283,153.51354,0.93,1.48,6.67,3.91,21.52,66.73,0.17,143.65
Bilinga,4224,1760668200,,-28.14283,153.51356,0.92,1.6,6.45,3.82,21.56,66.47,0.17,145.14
Bilinga,4224,1760670000,,-28.1428,153.5136,0.86,1.45,6.67,3.61,21.52,67.79,0.14,134.86
Bilinga,4224,1760671800,,-28.1428,153.5136,0.93,1.45,5.88,3.69,21.47,73.33,0.19,132.22
Bilinga,4224,1760673600,,-28.1428,153.51362,0.97,2.05,6.67,3.84,21.47,62.78,0.18,136.35
Bilinga,4224,1760675400,,-28.1428,153.51365,1.01,1.96,6.45,3.8,21.47,66.21,0.11,127.21
Bilinga,4224,1760677200,,-28.14278,153.51367,1.03,1.55,6.25,3.75,21.47,66.91,0.15,115.96
Bilinga,4224,1760679000,,-28.14278,153.51369,1.11,2.12,6.25,3.91,21.56,65.33,0.21,131.34
Bilinga,4224,1760680800,,-28.14277,153.51371,1.11,1.8,6.45,3.86,21.56,63.75,0.2,132.4
Bilinga,4224,1760682600,,-28.14275,153.51371,1.13,1.83,6.45,3.83,21.47,75.44,0.17,126.07
Bilinga,4224,1760684400,,-28.14275,153.51373,1.21,1.99,6.9,3.88,21.43,67.7,0.18,129.05
Bilinga,4224,1760686200,,-28.14274,153.51373,1.12,1.74,6.9,3.85,21.38,63.13,0.22,125.63
Bilinga,4224,1760688000,,-28.14274,153.51373,1.09,1.94,6.25,3.93,21.34,79.04,0.21,117.1
Bilinga,4224,1760689800,,-28.1427,153.51377,1.04,1.8,6.9,3.88,21.34,68.84,0.22,116.22
Bilinga,4224,1760691600,,-28.14274,153.51375,1.02,1.57,7.41,3.97,21.38,62.07,0.21,111.65
Bilinga,4224,1760693400,,-28.14271,153.51377,1.01,1.66,6.45,3.96,21.38,63.48,0.22,116.75
Bilinga,4224,1760695200,,-28.1427,153.51377,0.97,1.66,7.41,4.11,21.43,61.11,0.18,101.63
Bilinga,4224,1760697000,,-28.14268,153.5138,0.99,1.65,6.9,4.1,21.47,72.54,0.12,92.4
Bilinga,4224,1760698800,,-28.1427,153.5138,0.96,1.53,6.45,4.3,21.47,74.03,0.13,109.71
Bilinga,4224,1760700600,,-28.14268,153.5138,0.93,1.62,7.14,4.19,21.52,64.36,0.16,99.96
Bilinga,4224,1760702400,,-28.14268,153.51382,0.94,1.48,7.69,4.15,21.56,65.24,0.16,85.8
Bilinga,4224,1760704200,,-28.14268,153.5138,0.88,1.5,6.67,4.07,21.61,69.2,0.13,96.26
Bilinga,4224,1760706000,,-28.14268,153.51382,0.91,1.55,7.14,4.1,21.56,65.42,0.2,102.77
Bilinga,4224,1760707800,,-28.1427,153.5138,0.88,1.83,7.41,4.23,21.34,73.5,0.1,71.56
Bilinga,4224,1760709600,,-28.14274,153.51377,0.86,1.34,7.14,4.18,21.38,67.09,0.12,109.1
Bilinga,4224,1760711400,,-28.14271,153.51377,0.84,1.4,7.69,4.32,21.38,67.53,0.12,85.45
Bilinga,4224,1760713200,,-28.1427,153.51377,0.86,1.33,7.14,4.33,21.38,57.15,0.08,55.82
Bilinga,4224,1760715000,,-28.14268,153.51377,0.84,1.42,6.9,4.32,21.47,63.48,0.12,75.87
Bilinga,4224,1760716800,,-28.1427,153.51375,0.84,1.21,7.41,4.41,21.43,57.42,0.08,41.41
Bilinga,4224,1760718600,,-28.1427,153.51375,0.83,1.27,6.9,4.42,21.38,63.04,0.08,11.25
Bilinga,4224,1760720400,,-28.1427,153.51373,0.87,1.51,6.9,4.49,21.38,64.8,0.08,49.49
Bilinga,4224,1760722200,,-28.1427,153.51373,0.81,1.31,6.9,4.36,21.47,60.93,0.12,29.27
Bilinga,4224,1760724000,,-28.14274,153.51369,0.85,1.52,6.9,4.36,21.52,62.78,0.06,50.2
Bilinga,4224,1760725800,,-28.14274,153.51367,0.85,1.54,6.9,4.44,21.47,61.81,0.09,104.53
Bilinga,4224,1760727600,,-28.14271,153.51371,0.86,1.49,7.14,4.44,21.21,62.07,0.09,89.93
Bilinga,4224,1760729400,,-28.14274,153.51371,0.88,1.83,6.9,4.51,21.25,71.66,0.07,112.44
Bilinga,4224,1760731200,,-28.14274,153.51371,0.85,1.43,6.9,4.35,21.21,65.06,0.12,123.34
Bilinga,4224,1760733000,,-28.14274,153.51371,0.83,1.38,7.14,4.18,21.21,68.67,0.14,116.75
Bilinga,4224,1760734800,,-28.14274,153.51373,0.87,1.35,7.69,4.12,21.12,67.53,0.12,103.03
Bilinga,4224,1760736600,,-28.14274,153.51373,0.87,1.38,7.41,4.21,21.16,69.64,0.11,111.03
Bilinga,4224,1760738400,,-28.1427,153.51375,0.82,1.41,7.14,4.02,21.12,72.36,0.14,100.66
Bilinga,4224,1760740200,,-28.14271,153.51371,0.84,1.35,6.9,3.95,21.12,78.51,0.14,114.02
Bilinga,4224,1760742000,,-28.14275,153.51369,0.83,1.64,6.9,3.85,21.08,65.33,0.15,106.64
Bilinga,4224,1760743800,,-28.14275,153.51367,0.86,1.42,6.9,3.96,21.12,63.48,0.09,114.29
Bilinga,4224,1760745600,,-28.14278,153.51367,0.78,1.5,7.41,3.78,20.99,67.26,0.15,126.15
Bilinga,4224,1760747400,,-28.14278,153.51369,0.78,1.39,6.67,3.78,20.85,74.91,0.15,123.16
Bilinga,4224,1760749200,,-28.14277,153.51367,0.86,1.52,7.14,3.87,20.72,71.92,0.11,91.78
Bilinga,4224,1760751000,,-28.14278,153.51365,0.81,1.19,7.69,3.71,20.68,60.84,0.16,121.93
Bilinga,4224,1760752800,,-28.14278,153.51365,0.86,1.4,7.41,3.75,20.64,68.67,0.13,121.58
Bilinga,4224,1760754600,,-28.14277,153.51367,0.86,1.58,7.69,3.78,20.68,62.07,0.15,138.9
Bilinga,4224,1760756400,,-28.14277,153.51369,0.89,1.6,7.41,3.75,20.72,64.89,0.17,131.43
Bilinga,4224,1760758200,,-28.14277,153.51367,0.94,1.82,7.69,3.79,20.64,60.23,0.13,125.71
Bilinga,4224,1760760000,,-28.14277,153.51369,0.97,1.72,8.0,3.79,20.64,65.15,0.14,140.57
Bilinga,4224,1760761800,,-28.14277,153.51369,1.01,1.69,7.14,3.81,20.64,60.58,0.11,108.31
Bilinga,4224,1760763600,,-28.14277,153.51369,1.04,1.68,7.41,3.91,20.55,57.42,0.13,103.03
Bilinga,4224,1760765400,,-28.14271,153.51373,1.05,1.61,7.41,4.05,20.42,61.28,0.1,91.16
Bilinga,4224,1760767200,,-28.14268,153.5138,1.0,1.52,8.0,3.94,20.5,59.61,0.17,94.24
Bilinga,4224,1760769000,,-28.14266,153.5138,1.0,1.63,7.69,4.04,20.42,64.98,0.17,98.73
Bilinga,4224,1760770800,,-28.14263,153.51382,0.97,1.84,8.0,4.13,20.42,57.24,0.09,80.09
Bilinga,4224,1760772600,,-28.1426,153.51377,0.97,1.54,7.14,4.38,21.25,60.76,0.08,14.77
Bilinga,4224,1760774400,,-28.14265,153.51371,0.91,1.43,7.69,4.46,21.83,57.24,0.09,50.81
Bilinga,4224,1760776200,,-28.1426,153.51377,0.96,1.58,7.14,4.7,21.96,56.45,0.05,313.49
Bilinga,4224,1760778000,,-28.14262,153.51377,0.82,1.45,7.69,4.53,21.83,63.04,0.02,328.79
Bilinga,4224,1760779800,,-28.14265,153.51377,0.8,1.26,7.41,4.49,21.69,61.72,0.06,346.64
Bilinga,4224,1760781600,,-28.14266,153.51375,0.86,1.27,7.14,4.76,21.56,60.4,0.04,279.65
Bilinga,4224,1760783400,,-28.14263,153.51373,0.81,1.27,7.14,4.59,21.38,51.79,0.02,190.15
Bilinga,4224,1760785200,,-28.14263,153.51375,0.81,1.24,7.41,4.77,21.21,69.72,0.04,247.21
Bilinga,4224,1760787000,,-28.14263,153.51375,0.75,1.19,7.69,4.7,21.12,64.36,0.06,263.3
Bilinga,4224,1760788800,,-28.14263,153.51375,0.74,1.17,7.69,5.01,20.99,52.67,0.03,303.65
Bilinga,4224,1760790600,,-28.14265,153.51373,0.71,1.16,7.41,4.89,20.85,54.34,0.03,45.89
Bilinga,4224,1760792400,,-28.14265,153.51371,0.72,1.25,7.69,5.12,20.9,61.02,0.02,138.81
Bilinga,4224,1760794200,,-28.14265,153.51371,0.68,1.4,8.0,5.18,20.9,62.25,0.05,316.48
Bilinga,4224,1760796000,,-28.14263,153.51371,0.65,1.1,7.69,5.15,20.85,61.11,0.03,307.08
Bilinga,4224,1760797800,,-28.1426,153.51371,0.63,0.98,7.69,5.39,20.81,62.87,0.05,278.86
Bilinga,4224,1760799600,,-28.1426,153.51371,0.61,0.95,8.0,5.49,20.77,56.62,0.05,247.38
Bilinga,4224,1760801400,,-28.14252,153.51371,0.62,1.03,8.0,5.31,20.72,59.53,0.06,317.63
Bilinga,4224,1760803200,,-28.1425,153.51365,0.62,0.95,6.9,5.48,20.68,67.61,0.06,299.34
Bilinga,4224,1760805000,,-28.1425,153.51362,0.61,1.04,7.41,5.53,20.64,60.14,0.07,293.8
Bilinga,4224,1760806800,,-28.14244,153.51362,0.61,1.19,7.14,5.02,20.64,61.37,0.07,282.81
Bilinga,4224,1760808600,,-28.14238,153.51362,0.6,0.92,7.69,5.04,20.5,64.8,0.07,293.54
Bilinga,4224,1760810400,,-28.14233,153.5136,0.62,1.08,8.0,4.95,20.42,62.34,0.1,313.14
Bilinga,4224,1760812200,,-28.1423,153.5136,0.62,0.96,7.41,4.98,20.33,65.42,0.09,318.07
Bilinga,4224,1760814000,,-28.14232,153.5136,0.66,1.32,15.38,5.27,-99.9,80.01,0.12,286.77
Bilinga,4224,1760815800,,-28.1423,153.51362,0.59,0.91,7.14,5.05,20.07,61.02,0.04,281.85
Bilinga,4224,1760817600,,-28.1423,153.51362,0.68,1.05,15.38,6.01,20.02,82.65,0.06,228.4
Bilinga,4224,1760819400,,-28.14237,153.51371,0.69,1.05,7.14,5.84,19.98,70.07,0.03,280.09
Bilinga,4224,1760821200,,-28.14235,153.51373,0.69,1.07,8.0,4.97,19.98,63.83,0.04,278.51
Bilinga,4224,1760823000,,-28.14235,153.51373,0.7,1.17,7.69,4.71,19.94,63.39,0.07,313.76
Bilinga,4224,1760824800,,-28.14235,153.51371,0.71,1.15,6.9,4.72,19.85,59.61,0.04,252.57
Bilinga,4224,1760826600,,-28.14235,153.51373,0.69,1.09,7.41,4.74,19.76,65.06,0.02,338.99
Bilinga,4224,1760828400,,-28.14233,153.51373,0.73,1.36,15.38,4.84,19.81,79.04,0.06,314.11
Bilinga,4224,1760830200,,-28.1423,153.51371,0.77,1.2,15.38,4.72,19.81,86.43,0.06,291.52
Bilinga,4224,1760832000,,-28.1423,153.51371,0.81,1.61,7.41,4.61,19.81,59.35,0.02,57.32
Bilinga,4224,1760833800,,-28.14226,153.51362,0.74,1.17,15.38,4.34,19.81,78.69,0.06,302.68
Bilinga,4224,1760835600,,-28.14225,153.51352,0.69,1.25,7.69,4.0,19.85,67.09,0.07,297.76
Bilinga,4224,1760837400,,-28.14223,153.5135,0.73,1.18,7.41,4.11,19.76,64.8,0.09,272.53
Bilinga,4224,1760839200,,-28.14229,153.51341,0.7,1.46,8.0,3.93,19.72,65.77,0.03,263.12
Bilinga,4224,1760841000,,-28.14229,153.5133,0.68,1.2,14.29,3.66,19.76,83.7,0.11,256.53
Bilinga,4224,1760842800,,-28.14222,153.51313,0.69,1.22,7.41,3.63,19.76,62.43,0.14,268.13
Bilinga,4224,1760844600,,-28.14215,153.51309,0.64,1.03,8.0,3.63,19.81,70.16,0.13,236.04
Bilinga,4224,1760846400,,-28.1421,153.51305,0.66,1.08,7.69,3.84,19.98,64.71,0.12,223.56
Bilinga,4224,1760848200,,-28.14207,153.51305,0.68,1.15,8.33,4.0,20.15,71.48,0.08,248.35
Bilinga,4224,1760850000,,-28.14208,153.51307,0.7,1.14,7.41,4.04,20.2,61.99,0.09,213.45
Bilinga,4224,1760851800,,-28.1421,153.51302,0.72,1.16,7.69,4.32,20.28,67.44,0.11,209.76
Bilinga,4224,1760853600,,-28.14214,153.51302,0.67,0.99,7.41,4.56,20.33,65.85,0.08,181.45
Bilinga,4224,1760855400,,-28.14211,153.51305,0.76,1.28,8.0,4.92,20.46,68.14,0.09,189.8
Bilinga,4224,1760857200,,-28.14223,153.51305,0.75,1.22,8.33,4.87,20.5,66.29,0.1,147.34
Bilinga,4224,1760859000,,-28.14237,153.51311,0.77,1.35,7.41,4.92,20.64,67.7,0.11,150.24
Bilinga,4224,1760860800,,-28.14248,153.51339,0.81,1.43,7.69,5.06,20.68,76.4,0.09,147.6
Bilinga,4224,1760862600,,-28.14238,153.51358,0.81,1.42,8.33,4.92,20.77,74.12,0.11,132.57
Bilinga,4224,1760864400,,-28.14235,153.51371,0.8,1.44,7.69,4.93,20.85,77.64,0.11,99.16
Bilinga,4224,1760866200,,-28.1424,153.5138,0.88,1.44,7.69,5.11,20.85,77.9,0.1,82.2
Bilinga,4224,1760868000,,-28.14245,153.51386,0.87,1.36,7.41,5.21,20.85,72.45,0.07,113.85
Bilinga,4224,1760869800,,-28.14252,153.51384,0.79,1.48,8.0,5.08,20.85,83.17,0.12,92.13
Bilinga,4224,1760871600,,-28.14253,153.51386,0.83,1.34,8.0,5.31,20.81,71.92,0.09,56.97
Bilinga,4224,1760873400,,-28.14259,153.51384,0.78,1.37,8.0,5.09,20.77,69.9,0.07,72.88
Bilinga,4224,1760875200,,-28.1426,153.51382,0.89,1.55,7.69,5.34,20.77,77.55,0.04,95.21
Bilinga,4224,1760877000,,-28.1426,153.5138,0.85,1.52,8.0,5.39,20.77,73.68,0.07,117.71
Bilinga,4224,1760878800,,-28.14262,153.5138,0.79,1.22,8.33,5.28,20.68,76.14,0.07,105.32
Bilinga,4224,1760880600,,-28.14262,153.51382,0.74,1.21,8.33,5.14,20.68,83.17,0.12,94.51
Bilinga,4224,1760882400,,-28.14262,153.51382,0.8,1.3,8.0,5.31,20.64,72.01,0.11,109.36
Bilinga,4224,1760882400,,-28.1426,153.51382,0.8,1.3,8.0,5.31,20.64,72.01,0.11,109.36
Bilinga,4224,1760884200,,-28.1426,153.51382,0.8,1.41,8.33,5.41,20.68,69.9,0.08,109.27
Bilinga,4224,1760886000,,-28.14262,153.5138,0.83,1.76,8.0,5.54,20.64,67.17,0.12,114.2
Bilinga,4224,1760887800,,-28.14262,153.51377,0.71,1.11,8.33,5.23,20.64,70.25,0.02,115.78
Bilinga,4224,1760889600,,-28.1426,153.51377,0.7,1.19,8.0,5.39,20.64,71.13,0.07,119.12
Bilinga,4224,1760891400,,-28.14262,153.51375,0.76,1.1,7.14,5.45,20.59,77.72,0.1,112.09
Bilinga,4224,1760893200,,-28.14263,153.51373,0.72,1.21,8.7,5.37,20.55,68.23,0.1,96.35
Bilinga,4224,1760895000,,-28.14262,153.51377,0.72,1.1,8.33,5.7,20.55,74.47,0.08,315.16
Bilinga,4224,1760896800,,-28.14262,153.51377,0.72,1.11,8.33,5.8,20.5,68.32,0.14,81.58
Bilinga,4224,1760898600,,-28.1426,153.51377,0.66,1.18,8.33,5.82,20.5,69.64,0.02,115.6
Bilinga,4224,1760900400,,-28.1426,153.51375,0.68,1.09,8.0,5.94,20.46,69.02,0.1,95.12
Bilinga,4224,1760902200,,-28.14262,153.51373,0.68,1.08,8.33,5.95,20.46,75.44,0.08,154.11
Bilinga,4224,1760904000,,-28.1426,153.51371,0.66,1.12,8.33,5.82,20.46,64.36,0.07,189.54
Bilinga,4224,1760905800,,-28.14263,153.51371,0.73,1.49,8.7,6.06,20.46,69.37,0.05,49.23
Bilinga,4224,1760907600,,-28.14263,153.51369,0.68,1.0,7.69,5.93,20.55,61.99,0.03,132.92
Bilinga,4224,1760909400,,-28.14262,153.51369,0.78,1.27,8.7,6.08,20.77,64.54,0.04,160.62
Bilinga,4224,1760911200,,-28.14262,153.51371,0.71,1.14,8.0,5.82,20.99,66.73,0.1,200.0
Bilinga,4224,1760913000,,-28.14263,153.51371,0.72,1.18,8.0,5.91,21.25,60.93,0.12,145.32
Bilinga,4224,1760914800,,-28.14265,153.51371,0.68,1.21,8.33,5.67,21.34,71.13,0.12,143.03
Bilinga,4224,1760916600,,-28.14266,153.51371,0.65,1.22,8.7,5.61,21.34,69.72,0.14,156.31
Bilinga,4224,1760918400,,-28.14266,153.51371,0.68,1.14,8.0,5.61,21.43,72.1,0.17,161.32
Bilinga,4224,1760920200,,-28.14268,153.51371,0.67,1.02,8.33,5.3,21.34,73.15,0.11,108.57
Bilinga,4224,1760922000,,-28.14271,153.51369,0.64,0.89,7.69,4.72,21.34,69.64,-99.9,-99.9
Bilinga,4224,1760923800,,-28.14271,153.51365,0.71,1.2,8.0,4.51,21.21,72.89,0.12,131.96
Bilinga,4224,1760925600,,-28.14274,153.51365,0.67,1.18,8.7,4.09,21.21,72.18,0.13,139.87
Bilinga,4224,1760927400,,-28.14274,153.51365,0.64,1.1,8.0,3.78,21.16,73.77,0.13,137.58
Bilinga,4224,1760929200,,-28.14275,153.51365,0.67,1.08,8.33,3.75,21.43,71.31,0.17,166.86
Bilinga,4224,1760931000,,-28.14275,153.51365,0.72,1.24,8.33,3.79,21.34,76.93,0.18,150.86
Bilinga,4224,1760932800,,-28.14275,153.51365,0.74,1.36,9.09,3.72,21.21,81.06,0.15,160.0
Bilinga,4224,1760934600,,-28.14277,153.51365,0.71,1.29,8.7,3.56,21.38,76.4,0.2,134.24
Bilinga,4224,1760936400,,-28.14277,153.51365,0.75,1.34,8.33,3.63,21.25,83.7,0.17,122.64
Bilinga,4224,1760938200,,-28.14277,153.51367,0.81,1.47,8.7,3.71,21.25,80.98,0.17,142.59
Bilinga,4224,1760940000,,-28.14277,153.51369,0.78,1.18,8.33,3.63,21.21,77.37,0.18,132.66
Bilinga,4224,1760941800,,-28.14274,153.51369,0.82,1.45,7.41,3.58,21.21,77.2,0.18,130.02
Bilinga,4224,1760943600,,-28.14275,153.51369,0.84,1.43,8.33,3.67,21.21,82.21,0.18,121.58
Bilinga,4224,1760945400,,-28.14274,153.51369,0.85,1.42,8.33,3.71,21.21,78.78,0.21,133.1
Bilinga,4224,1760947200,,-28.14274,153.51369,0.86,1.5,8.7,3.72,21.16,76.58,0.11,113.23
Bilinga,4224,1760949000,,-28.14271,153.51371,0.86,1.41,8.7,3.78,21.16,81.68,0.21,127.3
Bilinga,4224,1760950800,,-28.14271,153.51373,0.84,1.31,8.7,3.87,21.12,87.57,0.18,116.31
Bilinga,4224,1760952600,,-28.14271,153.51375,0.82,1.29,9.09,3.89,21.12,90.73,0.15,114.29
Bilinga,4224,1760954400,,-28.1427,153.51377,0.8,1.45,8.0,3.87,21.16,86.6,0.22,116.22
Bilinga,4224,1760956200,,-28.1427,153.51377,0.79,1.26,9.09,3.98,21.25,84.14,0.2,107.08
Bilinga,4224,1760958000,,-28.1427,153.51377,0.79,1.56,8.7,3.9,21.25,82.91,0.2,105.32
Bilinga,4224,1760959800,,-28.14271,153.51377,0.75,1.26,8.7,3.85,21.25,93.02,0.24,111.74
Bilinga,4224,1760961600,,-28.1427,153.51377,0.77,1.52,8.7,3.93,21.21,80.8,0.14,101.89
Bilinga,4224,1760963400,,-28.14271,153.51377,0.79,1.47,9.09,4.04,21.21,87.22,0.21,109.89
Bilinga,4224,1760965200,,-28.14271,153.51377,0.76,1.24,8.7,3.82,21.21,91.26,0.15,98.64
Bilinga,4224,1760967000,,-28.14274,153.51375,0.73,1.31,8.33,3.62,21.21,82.73,0.22,119.12
Bilinga,4224,1760968800,,-28.14271,153.51377,0.73,1.28,7.69,3.8,21.12,80.18,0.22,119.03
Bilinga,4224,1760970600,,-28.1427,153.51377,0.73,1.14,8.7,3.8,21.12,90.12,0.19,110.15
Bilinga,4224,1760972400,,-28.1427,153.51377,0.77,1.39,8.7,3.96,21.12,87.92,0.18,112.26
Bilinga,4224,1760974200,,-28.1427,153.51377,0.78,1.47,8.0,4.08,21.08,78.51,0.14,101.63
Bilinga,4224,1760976000,,-28.1427,153.51377,0.76,1.36,8.7,4.04,21.08,83.88,0.17,100.31
Bilinga,4224,1760977800,,-28.14271,153.51377,0.72,1.21,8.7,3.92,21.03,85.2,0.17,112.97
Bilinga,4224,1760979600,,-28.14271,153.51377,0.74,1.18,6.9,3.92,21.08,74.91,0.14,106.2
Bilinga,4224,1760981400,,-28.1427,153.51377,0.7,1.18,9.09,3.88,20.99,75.53,0.14,82.73
Bilinga,4224,1760983200,,-28.1427,153.51377,0.73,1.27,8.7,4.01,20.94,80.62,0.16,97.49
Bilinga,4224,1760985000,,-28.14271,153.51375,0.73,1.14,8.0,3.88,20.77,77.55,0.17,96.26
Bilinga,4224,1760986800,,-28.14271,153.51373,0.72,1.13,8.7,3.83,20.77,79.75,0.14,104.18
Bilinga,4224,1760988600,,-28.1427,153.51373,0.73,1.16,8.33,3.84,20.77,72.27,0.15,119.03
Bilinga,4224,1760990400,,-28.1427,153.51373,0.73,1.23,7.14,3.91,20.77,73.85,0.16,112.88
Bilinga,4224,1760992200,,-28.14274,153.51371,0.74,1.2,9.09,3.96,20.77,83.79,0.19,127.74
Bilinga,4224,1760994000,,-28.1427,153.51375,0.73,1.28,7.41,3.97,20.85,75.88,0.18,121.49
Bilinga,4224,1760995800,,-28.1427,153.51377,0.76,1.4,8.33,4.11,20.85,76.76,0.2,114.29
Bilinga,4224,1760997600,,-28.1427,153.51377,0.75,1.25,7.14,4.03,20.81,76.23,0.18,111.74
Bilinga,4224,1760999400,,-28.1427,153.51377,0.8,1.33,7.14,4.16,20.85,77.11,0.2,130.73
Bilinga,4224,1761001200,,-28.14271,153.51373,0.81,1.54,7.69,4.15,20.9,83.09,0.19,132.48
Bilinga,4224,1761003000,,-28.14271,153.51375,0.79,1.37,7.69,3.74,20.99,85.72,0.22,126.51
Bilinga,4224,1761004800,,-28.14274,153.51373,0.83,1.29,8.7,3.79,21.12,87.04,0.21,133.98
Bilinga,4224,1761006600,,-28.14277,153.51371,0.81,1.29,8.0,3.64,21.12,82.03,0.21,125.1
Bilinga,4224,1761008400,,-28.14275,153.51371,0.83,1.59,8.7,3.59,21.12,84.05,0.23,141.01
Bilinga,4224,1761010200,,-28.14278,153.51369,0.9,1.54,8.0,3.8,21.08,71.92,0.2,130.11
Bilinga,4224,1761012000,,-28.14277,153.51371,0.88,1.58,8.33,3.76,21.03,86.16,0.2,127.3
Bilinga,4224,1761013800,,-28.14277,153.51371,0.92,1.71,8.7,3.78,21.12,80.45,0.21,134.86
Bilinga,4224,1761015600,,-28.14277,153.51371,0.9,1.62,8.7,3.78,21.12,78.95,0.2,143.65
Bilinga,4224,1761017400,,-28.14277,153.51371,0.88,1.62,8.7,3.77,21.08,78.07,0.21,133.54
Bilinga,4224,1761019200,,-28.14277,153.51371,0.91,1.67,8.33,3.86,21.12,77.2,0.14,110.07
Bilinga,4224,1761021000,,-28.14278,153.51369,0.96,1.45,7.14,3.84,21.12,77.37,0.15,116.48
Bilinga,4224,1761022800,,-28.14277,153.51371,1.0,1.63,7.41,3.96,21.08,70.16,0.14,129.41
Bilinga,4224,1761024600,,-28.14277,153.51369,0.98,1.59,11.11,4.08,21.08,65.5,0.1,112.7
Bilinga,4224,1761026400,,-28.14277,153.51369,1.0,1.66,7.69,4.04,21.08,72.54,0.15,125.71
Bilinga,4224,1761028200,,-28.14277,153.51369,1.05,1.58,9.09,4.26,21.03,72.62,0.12,105.58
Bilinga,4224,1761030000,,-28.14275,153.51371,1.07,1.7,10.53,4.45,21.03,67.79,0.17,91.34
Bilinga,4224,1761031800,,-28.14271,153.51371,1.05,1.66,10.53,4.4,21.61,64.27,0.17,90.9
Bilinga,4224,1761033600,,-28.14271,153.51373,1.09,2.01,10.53,4.43,21.69,61.11,0.11,83.34
Bilinga,4224,1761035400,,-28.1427,153.51371,1.1,1.9,10.53,4.57,22.27,61.99,0.1,77.8
Bilinga,4224,1761037200,,-28.1427,153.51373,1.13,1.93,10.0,4.57,22.45,64.18,0.11,64.62
Bilinga,4224,1761039000,,-28.14268,153.51375,1.11,1.83,9.52,4.65,22.54,59.26,0.09,68.75
Bilinga,4224,1761040800,,-28.14268,153.51373,1.07,2.15,9.52,4.71,22.5,65.06,0.07,69.1
Bilinga,4224,1761042600,,-28.14268,153.51375,1.06,1.86,9.52,4.68,22.5,62.43,0.09,66.11
Bilinga,4224,1761044400,,-28.14268,153.51373,1.13,2.14,9.52,4.98,22.45,57.06,0.09,44.22
Bilinga,4224,1761046200,,-28.1427,153.51373,1.15,2.04,9.09,5.02,22.41,66.82,0.11,53.45
Bilinga,4224,1761048000,,-28.14271,153.51371,1.09,2.24,9.52,4.98,22.36,59.79,0.1,58.73
Bilinga,4224,1761049800,,-28.1427,153.51371,1.14,1.92,9.52,5.06,22.32,57.24,0.09,59.6
Bilinga,4224,1761051600,,-28.14271,153.51371,1.14,2.02,8.7,5.17,22.27,67.35,0.08,58.81
Bilinga,4224,1761053400,,-28.14274,153.51371,1.06,1.62,8.7,5.07,22.18,69.02,0.09,80.53
Bilinga,4224,1761055200,,-28.1427,153.51371,1.16,1.75,9.09,5.13,22.05,61.72,0.07,82.55
Bilinga,4224,1761057000,,-28.14271,153.51369,1.12,1.95,8.7,5.18,21.96,68.58,0.09,83.52
Bilinga,4224,1761058800,,-28.14271,153.51367,1.07,1.63,8.7,5.13,21.96,70.25,0.07,84.92
Bilinga,4224,1761060600,,-28.14274,153.51367,1.06,1.5,8.7,4.91,21.83,64.89,0.05,85.45
Bilinga,4224,1761062400,,-28.14274,153.51362,1.11,1.89,9.09,5.13,21.83,67.35,0.08,45.01
Bilinga,4224,1761064200,,-28.14274,153.51362,1.09,1.83,9.09,5.06,21.74,60.14,0.06,58.99
Bilinga,4224,1761066000,,-28.14275,153.5136,1.03,1.66,8.7,5.06,21.69,71.13,0.07,35.6
Bilinga,4224,1761067800,,-28.14277,153.51358,1.15,1.75,8.7,5.3,21.61,69.2,0.08,26.46
Bilinga,4224,1761069600,,-28.14275,153.51356,1.04,1.82,8.7,5.07,21.52,70.51,0.09,71.74
Bilinga,4224,1761071400,,-28.14277,153.51358,1.09,1.69,8.7,5.11,21.43,64.18,0.06,68.66
Bilinga,4224,1761073200,,-28.14277,153.51356,0.99,1.48,8.7,4.93,21.34,65.59,0.07,84.75
Bilinga,4224,1761075000,,-28.14277,153.51358,1.09,1.82,8.7,5.13,21.34,72.01,0.09,76.22
Bilinga,4224,1761076800,,-28.14277,153.51358,1.1,1.75,9.09,5.34,21.34,68.67,0.06,57.14
Bilinga,4224,1761078600,,-28.14275,153.51362,1.09,1.92,8.7,5.25,21.34,61.99,0.06,47.91
Bilinga,4224,1761080400,,-28.14274,153.51365,1.01,1.6,8.33,5.03,21.25,71.92,0.15,109.89
Bilinga,4224,1761082200,,-28.14274,153.51367,1.01,1.73,8.7,5.1,21.25,67.0,0.11,94.42
Bilinga,4224,1761084000,,-28.14271,153.51369,1.04,1.91,8.7,5.17,21.34,69.55,0.08,61.45
Bilinga,4224,1761085800,,-28.14271,153.51367,1.08,1.91,8.33,5.18,21.34,71.22,0.09,94.95
Bilinga,4224,1761087600,,-28.14271,153.51369,1.08,1.82,8.7,5.09,21.34,71.92,0.08,90.55
Bilinga,4224,1761089400,,-28.14271,153.51371,1.08,1.88,9.09,4.91,21.25,68.84,0.13,106.37
Bilinga,4224,1761091200,,-28.14271,153.51371,1.11,1.67,9.09,4.88,21.21,72.8,0.09,103.82
Bilinga,4224,1761093000,,-28.14274,153.51371,1.22,1.79,9.09,4.97,21.12,69.99,0.11,110.51
Bilinga,4224,1761094800,,-28.14275,153.51371,1.19,2.06,8.0,4.77,21.12,74.29,0.13,144.7
Bilinga,4224,1761096600,,-28.14278,153.51369,1.19,1.88,8.33,4.63,21.08,70.34,0.15,128.35
Bilinga,4224,1761098400,,-28.14278,153.51365,1.13,2.26,9.09,4.37,20.99,70.25,0.2,147.69
Bilinga,4224,1761100200,,-28.14278,153.51367,1.22,2.15,9.52,4.51,20.9,61.64,0.18,142.68
Bilinga,4224,1761102000,,-28.14277,153.51371,1.27,2.36,9.09,4.57,20.94,69.64,0.23,143.12
Bilinga,4224,1761103800,,-28.14277,153.51371,1.23,1.75,8.7,4.54,20.94,77.9,0.2,132.31
Bilinga,4224,1761105600,,-28.14278,153.51367,1.37,2.23,9.52,4.67,20.85,70.78,0.15,142.15
Bilinga,4224,1761107400,,-28.1428,153.51362,1.28,2.24,8.33,4.34,20.85,72.8,0.17,137.93
Bilinga,4224,1761109200,,-28.14281,153.5136,1.28,2.02,9.52,4.39,20.81,70.69,0.15,134.86
Bilinga,4224,1761111000,,-28.14278,153.51362,1.27,2.08,8.7,4.49,20.77,67.7,0.19,134.51
Bilinga,4224,1761112800,,-28.1428,153.51354,1.25,2.0,9.09,4.42,20.81,66.21,0.11,127.12
Bilinga,4224,1761114600,,-28.14271,153.51371,1.33,2.21,8.7,4.45,20.85,65.5,0.13,137.67
Bilinga,4224,1761116400,,-28.1427,153.51373,1.37,2.2,9.09,4.77,20.81,68.14,0.11,107.69
Bilinga,4224,1761118200,,-28.14278,153.51356,1.35,2.5,8.7,4.57,20.46,65.85,0.14,118.59
Bilinga,4224,1761120000,,-28.14274,153.5136,1.31,2.25,8.7,4.58,21.52,69.28,0.12,72.35
Bilinga,4224,1761121800,,-28.14265,153.51377,1.2,1.79,9.09,4.62,21.74,68.05,0.15,98.81
Bilinga,4224,1761123600,,-28.14268,153.51373,1.26,2.18,8.7,4.67,21.61,72.8,0.12,84.75
Bilinga,4224,1761125400,,-28.14271,153.51369,1.26,1.99,9.52,4.68,21.65,63.13,0.11,119.91
Bilinga,4224,1761127200,,-28.14265,153.51377,1.28,2.05,9.09,4.9,21.69,66.47,0.12,87.65
Bilinga,4224,1761129000,,-28.14268,153.51371,1.24,1.9,9.09,4.99,21.78,65.33,0.13,82.2
Bilinga,4224,1761130800,,-28.14271,153.51365,1.19,2.08,9.52,4.9,21.87,60.76,0.08,104.97
Bilinga,4224,1761132600,,-28.14274,153.51367,1.32,2.25,9.52,5.11,21.83,65.85,0.09,78.24
Bilinga,4224,1761134400,,-28.14275,153.51365,1.2,1.93,9.09,4.87,21.83,72.18,0.11,95.3
Bilinga,4224,1761136200,,-28.14271,153.51365,1.11,1.7,9.09,4.78,21.83,68.76,0.09,62.59
Bilinga,4224,1761138000,,-28.14275,153.51365,1.21,2.23,9.09,4.94,21.69,64.98,0.08,77.54
Bilinga,4224,1761139800,,-28.14275,153.51362,1.2,2.21,9.52,4.94,21.56,64.01,0.08,128.0
Bilinga,4224,1761141600,,-28.14274,153.51365,1.23,2.49,9.09,4.92,21.47,71.04,0.08,116.4
Bilinga,4224,1761143400,,-28.14274,153.51365,1.26,1.99,9.09,4.96,21.25,66.47,0.08,62.33
Bilinga,4224,1761145200,,-28.14274,153.51365,1.2,1.88,9.52,4.76,21.16,65.06,0.06,120.62
Bilinga,4224,1761147000,,-28.14271,153.51367,1.24,1.77,9.52,4.89,21.08,67.53,0.08,95.82
Bilinga,4224,1761148800,,-28.14274,153.51365,1.17,2.05,8.7,4.92,20.99,69.02,0.09,79.56
Bilinga,4224,1761150600,,-28.14271,153.51371,1.17,1.97,9.52,4.91,21.03,61.46,0.08,67.43
Bilinga,4224,1761152400,,-28.14274,153.51365,1.16,2.05,9.52,5.02,21.03,70.07,0.08,31.56
Bilinga,4224,1761154200,,-28.14275,153.51362,1.18,2.21,8.7,4.97,21.08,63.13,0.06,66.55
Bilinga,4224,1761156000,,-28.14275,153.51362,1.14,1.98,9.09,5.06,21.03,65.33,0.08,50.2
Bilinga,4224,1761157800,,-28.14277,153.51358,1.19,2.18,8.7,5.08,20.99,69.37,0.08,53.45
Bilinga,4224,1761159600,,-28.14277,153.5136,1.17,1.94,9.09,4.91,20.99,74.03,0.07,33.23
Bilinga,4224,1761161400,,-28.14277,153.5136,1.15,1.71,9.52,4.93,20.94,70.78,0.07,90.46
Bilinga,4224,1761163200,,-28.14275,153.5136,1.1,1.75,10.0,4.87,20.9,71.31,0.09,102.33
Bilinga,4224,1761165000,,-28.14277,153.51362,1.17,1.81,10.0,4.91,20.9,75.61,0.08,99.96
Bilinga,4224,1761166800,,-28.14275,153.51367,1.26,2.23,10.0,4.93,20.85,74.03,0.09,80.97
Bilinga,4224,1761168600,,-28.14274,153.51371,1.18,1.92,10.0,4.8,20.81,71.74,0.08,79.91
Bilinga,4224,1761170400,,-28.14274,153.51369,1.13,1.98,9.52,4.84,20.72,70.07,0.12,85.45
Bilinga,4224,1761172200,,-28.14275,153.51371,1.12,1.97,9.52,4.86,20.55,67.44,0.15,117.27
Bilinga,4224,1761174000,,-28.14274,153.51371,1.16,1.93,9.09,5.05,20.5,73.42,0.1,91.78
Bilinga,4224,1761175800,,-28.14274,153.51371,1.2,2.06,9.52,5.25,20.46,73.15,0.11,85.19
Bilinga,4224,1761177600,,-28.14274,153.51375,1.15,1.87,10.0,5.36,20.46,72.62,0.12,102.07
Bilinga,4224,1761179400,,-28.14271,153.51375,1.15,1.82,9.52,5.33,20.42,67.26,0.09,82.11
Bilinga,4224,1761181200,,-28.14271,153.51375,1.15,1.96,9.09,5.45,20.42,69.28,0.1,81.58
Bilinga,4224,1761183000,,-28.14275,153.51371,1.14,2.01,9.52,5.32,20.55,67.79,0.09,95.47
Bilinga,4224,1761184800,,-28.14274,153.51367,1.17,2.04,9.09,5.15,20.72,63.83,0.09,132.48
Bilinga,4224,1761186600,,-28.1427,153.51371,1.13,1.82,9.09,4.58,20.72,59.96,0.01,95.56
Bilinga,4224,1761188400,,-28.14265,153.51371,1.07,1.87,9.09,4.4,20.5,56.89,0.06,328.97
Bilinga,4224,1761190200,,-28.14257,153.51371,1.05,1.65,9.52,4.57,20.37,62.78,0.15,307.96
Bilinga,4224,1761192000,,-28.14245,153.51356,1.02,1.62,10.0,4.6,20.28,58.82,0.16,293.01
Bilinga,4224,1761193800,,-28.1423,153.51324,0.95,1.76,9.09,4.22,20.28,64.1,0.15,307.43
Bilinga,4224,1761195600,,-28.1422,153.51307,1.01,2.0,9.09,4.16,20.07,56.1,0.18,295.82
Bilinga,4224,1761197400,,-28.14214,153.51294,0.96,1.59,10.0,4.41,19.81,55.48,0.14,296.7
Bilinga,4224,1761199200,,-28.1421,153.51285,0.9,1.83,9.09,4.32,19.72,58.29,0.16,286.95
Bilinga,4224,1761201000,,-28.14207,153.51277,0.84,1.55,10.0,4.22,19.59,53.11,0.14,288.62
Bilinga,4224,1761202800,,-28.14205,153.51279,0.83,1.55,9.09,4.36,19.5,59.0,0.11,275.34
Bilinga,4224,1761204600,,-28.14203,153.51277,0.87,1.59,10.0,4.66,19.5,60.49,0.07,273.23
Bilinga,4224,1761206400,,-28.14205,153.51277,0.89,1.71,10.0,5.03,19.54,64.62,0.12,262.42
Bilinga,4224,1761208200,,-28.14207,153.51274,0.86,1.53,9.52,5.02,19.54,62.51,0.06,222.24
Bilinga,4224,1761210000,,-28.14205,153.51279,0.92,1.67,10.0,5.52,19.54,60.76,0.09,198.68
Bilinga,4224,1761211800,,-28.14207,153.51279,0.92,1.49,10.0,5.66,19.54,55.48,0.11,182.77
Bilinga,4224,1761213600,,-28.14205,153.51281,0.99,1.64,9.52,5.7,19.5,66.82,0.12,162.99
Bilinga,4224,1761215400,,-28.1421,153.51281,0.9,1.22,10.0,5.5,19.46,66.91,0.11,148.57
Bilinga,4224,1761217200,,-28.1421,153.51281,0.97,1.71,10.0,5.64,19.46,62.69,0.1,174.15
Bilinga,4224,1761219000,,-28.1421,153.51281,0.9,1.6,9.52,5.45,19.46,67.96,0.13,169.93
Bilinga,4224,1761220800,,-28.14207,153.51283,0.88,1.68,9.52,5.37,19.46,64.27,0.1,160.0
Bilinga,4224,1761222600,,-28.14211,153.51281,0.94,1.77,10.0,5.8,19.46,64.18,0.08,153.76
Bilinga,4224,1761224400,,-28.14215,153.51281,0.96,1.41,10.0,5.77,19.46,66.73,0.06,174.15
Bilinga,4224,1761226200,,-28.14222,153.51283,1.01,1.64,9.52,5.83,19.46,64.45,0.09,163.87
Bilinga,4224,1761228000,,-28.1422,153.51285,1.07,1.8,9.52,6.14,19.46,66.56,0.07,138.9
Bilinga,4224,1761229800,,-28.14218,153.51285,0.98,1.46,9.52,6.11,19.46,69.99,0.09,155.25
Bilinga,4224,1761231600,,-28.14215,153.51283,1.05,1.64,10.0,6.06,19.41,66.21,0.1,121.23
Bilinga,4224,1761233400,,-28.1421,153.51283,1.12,1.89,9.09,5.77,19.41,70.25,0.05,203.6
Bilinga,4224,1761235200,,-28.14223,153.51289,1.07,2.36,10.0,6.01,19.72,70.07,0.12,175.65
Bilinga,4224,1761237000,,-28.14229,153.51296,1.1,1.9,10.0,6.15,19.72,68.4,0.13,161.23
Bilinga,4224,1761238800,,-28.14233,153.51302,1.07,1.77,10.0,6.28,19.72,68.14,0.1,137.93
Bilinga,4224,1761240600,,-28.14238,153.51309,1.02,1.74,10.0,6.17,19.72,69.46,0.09,171.08
Bilinga,4224,1761242400,,-28.14241,153.51309,1.07,1.64,10.53,6.21,19.72,71.39,0.1,157.63
Bilinga,4224,1761244200,,-28.14244,153.51311,0.95,1.58,9.09,5.99,19.72,64.89,0.16,146.46
Bilinga,4224,1761246000,,-28.14245,153.51311,0.97,1.48,9.52,5.93,19.72,73.77,0.21,190.42
Bilinga,4224,1761247800,,-28.14275,153.51352,1.0,1.75,10.0,6.25,20.72,82.03,0.07,153.41
Bilinga,4224,1761249600,,-28.1427,153.51377,0.92,1.47,10.53,5.91,20.68,82.47,0.1,194.81
Bilinga,4224,1761251400,,-28.14265,153.5138,0.95,1.46,10.53,6.11,20.37,80.1,0.08,211.87
Bilinga,4224,1761253200,,-28.14262,153.51382,1.01,1.57,9.52,6.3,20.28,73.24,0.15,176.7
Bilinga,4224,1761255000,,-28.14268,153.51375,0.91,1.38,10.0,6.3,20.2,72.71,0.12,174.86
Bilinga,4224,1761256800,,-28.14268,153.51369,0.88,1.37,9.52,6.07,20.28,74.03,0.15,230.86
Bilinga,4224,1761258600,,-28.14268,153.51371,0.85,1.42,10.0,5.89,20.55,72.62,0.1,282.2
Bilinga,4224,1761260400,,-28.14266,153.51369,0.91,1.69,9.52,5.99,20.64,75.61,0.14,96.18
Bilinga,4224,1761262200,,-28.14265,153.51371,0.85,1.26,9.09,5.97,20.64,67.17,0.13,103.74
Bilinga,4224,1761264000,,-28.14263,153.51371,0.9,1.58,9.52,6.04,20.68,73.77,0.12,99.08
Bilinga,4224,1761265800,,-28.14265,153.51371,0.91,1.39,10.0,6.03,20.68,67.79,0.12,114.11
Bilinga,4224,1761267600,,-28.14268,153.51371,0.92,1.56,9.52,5.78,20.64,73.06,0.11,91.43
Bilinga,4224,1761269400,,-28.14268,153.51365,0.88,1.36,9.52,5.57,20.81,68.23,0.08,112.26
Bilinga,4224,1761271200,,-28.14268,153.51365,0.9,1.47,10.0,5.42,21.03,70.25,0.09,99.52
Bilinga,4224,1761273000,,-28.14274,153.5136,0.86,1.39,9.52,5.31,21.65,70.6,0.12,170.64
Bilinga,4224,1761274800,,-28.14278,153.51362,0.87,1.42,10.0,5.15,21.74,71.13,0.17,171.52
Bilinga,4224,1761276600,,-28.14278,153.51362,0.85,1.26,9.52,4.99,21.74,79.39,0.14,143.91
Bilinga,4224,1761278400,,-28.14278,153.51365,0.87,1.5,10.0,5.42,21.69,78.69,0.1,163.34
Bilinga,4224,1761280200,,-28.1428,153.51365,0.81,1.31,10.0,4.95,22.32,75.61,0.31,164.22
Bilinga,4224,1761282000,,-28.14275,153.51371,0.87,1.56,9.52,4.96,22.32,85.81,0.18,154.46
Bilinga,4224,1761283800,,-28.14275,153.51375,0.88,1.43,9.52,4.85,22.27,77.64,0.11,133.27
Bilinga,4224,1761285600,,-28.14274,153.51377,0.75,1.15,9.52,4.42,22.32,86.07,0.12,141.98
Bilinga,4224,1761287400,,-28.14271,153.51377,0.84,1.35,9.52,4.63,22.36,81.06,0.12,120.18
Bilinga,4224,1761289200,,-28.1427,153.51377,0.83,1.36,10.0,4.79,22.32,77.02,0.08,133.27
Bilinga,4224,1761291000,,-28.14268,153.51377,0.86,1.42,8.7,4.89,22.18,73.68,0.07,105.67
Bilinga,4224,1761292800,,-28.14266,153.51377,0.88,1.45,9.09,4.71,22.01,73.33,0.09,88.0
Bilinga,4224,1761294600,,-28.14265,153.51377,0.84,1.57,9.09,4.7,21.92,76.49,0.08,37.98
Bilinga,4224,1761296400,,-28.14262,153.51377,0.86,1.46,9.52,4.85,21.74,72.18,0.12,351.03
Bilinga,4224,1761298200,,-28.1426,153.51377,0.79,1.54,9.52,4.61,21.69,68.84,0.16,39.65
Bilinga,4224,1761300000,,-28.14262,153.51375,0.82,1.31,9.52,4.94,21.65,67.96,0.08,73.14
Bilinga,4224,1761301800,,-28.14265,153.51369,0.77,1.38,9.52,4.7,21.61,72.8,0.08,54.07
Bilinga,4224,1761303600,,-28.14265,153.51362,0.75,1.32,9.52,4.56,21.61,70.07,0.1,12.75
Bilinga,4224,1761305400,,-28.14266,153.51358,0.76,1.42,9.09,4.82,21.61,71.48,0.08,1.05
Bilinga,4224,1761307200,,-28.14266,153.5136,0.72,1.22,9.52,4.81,21.61,75.44,0.09,20.66
Bilinga,4224,1761309000,,-28.14266,153.51352,0.73,1.41,9.52,4.86,21.61,77.2,0.09,45.27
Bilinga,4224,1761310800,,-28.1426,153.51343,0.71,1.2,9.52,4.79,21.61,73.15,0.08,356.75
Bilinga,4224,1761312600,,-28.14255,153.51343,0.71,1.21,9.52,5.03,21.56,70.6,0.07,339.16
Bilinga,4224,1761314400,,-28.14248,153.51343,0.71,1.33,9.09,4.99,21.38,68.49,0.08,354.02
Bilinga,4224,1761316200,,-28.14247,153.51341,0.73,1.08,8.7,5.43,21.34,74.03,0.07,291.08
Bilinga,4224,1761318000,,-28.1424,153.51339,0.71,1.16,9.09,5.18,21.34,71.39,0.06,308.75
Bilinga,4224,1761319800,,-28.14233,153.51332,0.65,1.31,8.7,4.48,21.34,74.38,0.09,291.96
Bilinga,4224,1761321600,,-28.1423,153.51332,0.67,1.06,9.09,4.69,21.25,70.25,0.06,272.53
Bilinga,4224,1761323400,,-28.14229,153.51332,0.71,1.22,9.09,4.74,21.21,67.61,0.01,325.89
Bilinga,4224,1761325200,,-28.1423,153.51332,0.72,1.03,9.09,4.38,21.08,75.0,0.08,340.04
Bilinga,4224,1761327000,,-28.14229,153.51328,0.72,1.28,9.09,4.51,21.03,72.18,0.08,345.85
Bilinga,4224,1761328800,,-28.14226,153.51328,0.66,1.17,9.09,4.37,20.99,68.76,0.02,353.76
Bilinga,4224,1761330600,,-28.14225,153.51328,0.7,1.13,9.09,4.47,20.94,72.45,0.04,275.25
Bilinga,4224,1761332400,,-28.14225,153.51328,0.67,1.2,9.09,4.65,20.94,67.88,0.04,319.12
Bilinga,4224,1761334200,,-28.14223,153.51328,0.68,1.29,9.09,4.76,20.9,62.51,0.06,316.4
Bilinga,4224,1761336000,,-28.14223,153.51328,0.67,0.96,8.7,4.77,20.9,73.85,0.05,248.09
Bilinga,4224,1761337800,,-28.14225,153.51328,0.65,1.08,9.09,4.36,20.9,64.27,0.05,276.57
Bilinga,4224,1761339600,,-28.14223,153.51332,0.67,1.01,9.09,4.42,20.94,67.35,0.04,253.1
Bilinga,4224,1761341400,,-28.14223,153.51328,0.68,1.08,9.09,4.5,20.99,78.25,0.08,225.58
Bilinga,4224,1761343200,,-28.14225,153.51328,0.64,0.98,8.7,4.33,21.08,69.2,0.04,200.18
Bilinga,4224,1761345000,,-28.1423,153.51326,0.64,1.12,9.09,4.34,21.12,69.99,0.05,193.32
Bilinga,4224,1761346800,,-28.14233,153.51326,0.67,1.1,8.33,4.33,21.12,71.57,0.01,252.84
Bilinga,4224,1761348600,,-28.1424,153.51324,0.69,1.34,8.7,4.24,21.21,72.89,0.03,184.0
Bilinga,4224,1761350400,,-28.14241,153.51324,0.71,1.29,8.7,4.13,21.21,66.82,0.07,235.69
Bilinga,4224,1761352200,,-28.14237,153.51319,0.7,1.14,8.7,4.15,21.25,69.55,0.07,243.16
Bilinga,4224,1761354000,,-28.14235,153.51317,0.68,1.17,8.33,4.04,21.34,67.7,0.06,253.19
Bilinga,4224,1761355800,,-28.1423,153.51315,0.68,1.17,9.09,4.03,21.34,68.49,0.02,246.51
Bilinga,4224,1761357600,,-28.14237,153.51307,0.78,1.41,8.7,4.17,22.1,72.54,0.16,206.15
Bilinga,4224,1761359400,,-28.14263,153.51317,0.73,1.35,8.7,4.16,22.27,70.25,0.17,159.38
Bilinga,4224,1761361200,,-28.1428,153.51334,0.76,1.34,8.7,4.12,22.32,67.17,0.18,148.48
Bilinga,4224,1761363000,,-28.1428,153.51354,0.8,1.22,8.7,4.12,22.41,77.2,0.17,141.63
Bilinga,4224,1761364800,,-28.14277,153.51362,0.77,1.15,4.88,4.01,22.45,104.1,0.13,147.87
Bilinga,4224,1761366600,,-28.1427,153.51371,0.77,1.16,5.41,4.0,22.45,94.78,0.15,136.09
Bilinga,4224,1761368400,,-28.1427,153.51371,0.78,1.21,4.88,4.04,22.41,99.0,0.18,127.12
Bilinga,4224,1761370200,,-28.14271,153.51371,0.79,1.28,8.7,4.1,22.41,81.5,0.16,122.29
Bilinga,4224,1761372000,,-28.14271,153.51371,0.76,1.41,5.13,4.1,22.45,96.27,0.12,120.26
Bilinga,4224,1761373800,,-28.1427,153.51375,0.81,1.54,8.33,4.15,22.41,77.46,0.17,122.81
Bilinga,4224,1761375600,,-28.14266,153.51377,0.75,1.33,4.65,4.08,22.36,90.03,0.13,129.14
Bilinga,4224,1761377400,,-28.14266,153.51377,0.76,1.26,4.88,4.22,22.41,95.31,0.19,136.53
Bilinga,4224,1761379200,,-28.14266,153.5138,0.71,1.37,9.09,4.14,22.32,80.89,0.17,127.38
Bilinga,4224,1761381000,,-28.1427,153.51375,0.72,1.27,5.0,4.18,22.32,97.77,0.15,111.21
Bilinga,4224,1761382800,,-28.1427,153.51375,0.75,1.2,8.7,4.3,22.32,81.42,0.13,94.77
Bilinga,4224,1761384600,,-28.14271,153.51375,0.72,1.16,8.7,4.25,22.32,85.81,0.15,86.95
Bilinga,4224,1761386400,,-28.14271,153.51373,0.71,1.47,4.88,4.02,22.27,90.12,0.14,102.77
Bilinga,4224,1761388200,,-28.14271,153.51373,0.71,1.29,8.33,3.97,22.23,82.82,0.13,105.05
Bilinga,4224,1761390000,,-28.14271,153.51371,0.75,1.23,8.33,4.01,22.27,78.25,0.17,96.18
Bilinga,4224,1761391800,,-28.14274,153.51371,0.69,1.31,8.0,3.87,22.23,71.66,0.11,91.96
Bilinga,4224,1761393600,,-28.14271,153.51371,0.74,1.21,8.33,4.19,22.18,76.05,0.13,80.53
Bilinga,4224,1761395400,,-28.14271,153.51369,0.65,1.14,9.09,3.89,22.18,75.61,0.1,91.96
Bilinga,4224,1761397200,,-28.14271,153.51367,0.68,1.25,8.7,3.97,22.18,79.31,0.08,92.92
Bilinga,4224,1761399000,,-28.1427,153.51369,0.69,1.22,8.33,4.06,22.18,68.84,0.09,79.65
Bilinga,4224,1761400800,,-28.1427,153.51367,0.68,1.08,9.09,4.08,22.14,75.7,0.08,80.18
Bilinga,4224,1761402600,,-28.14268,153.51369,0.64,1.14,9.52,4.04,22.1,81.59,0.07,60.92
Bilinga,4224,1761404400,,-28.14266,153.51367,0.63,1.12,8.7,4.15,22.05,72.71,0.07,66.99
Bilinga,4224,1761406200,,-28.14268,153.51369,0.66,1.08,9.09,4.4,22.05,75.61,0.09,33.49
Bilinga,4224,1761408000,,-28.1427,153.51367,0.63,1.2,9.09,4.43,22.05,77.9,0.07,36.13
Bilinga,4224,1761409800,,-28.14268,153.51367,0.61,0.98,9.09,4.42,22.05,71.66,0.01,60.57
Bilinga,4224,1761411600,,-28.1427,153.51365,0.59,0.89,5.0,4.33,22.05,76.84,0.03,35.96
Bilinga,4224,1761413400,,-28.14271,153.5136,0.6,0.89,9.09,4.47,22.01,71.13,0.08,358.95
Bilinga,4224,1761415200,,-28.14271,153.5136,0.65,1.13,8.7,4.66,21.96,72.27,0.07,45.36
Bilinga,4224,1761417000,,-28.14271,153.5136,0.65,1.01,8.7,4.63,21.96,69.63,0.03,42.81
Bilinga,4224,1761418800,,-28.14271,153.51362,0.62,0.94,9.09,4.7,21.96,78.95,0.02,105.76
Bilinga,4224,1761420600,,-28.1427,153.51362,0.64,0.92,9.52,4.5,21.96,76.93,0.01,202.64
Bilinga,4224,1761422400,,-28.1427,153.51362,0.63,1.13,9.52,4.4,21.96,74.03,0.02,230.24
Bilinga,4224,1761424200,,-28.14271,153.51362,0.66,1.33,9.09,4.48,21.96,73.15,0.05,179.52
Bilinga,4224,1761426000,,-28.14274,153.51362,0.64,1.29,9.52,4.11,21.96,74.82,0.02,46.59
Bilinga,4224,1761427800,,-28.14275,153.5136,0.64,0.98,4.88,3.9,21.96,74.73,0.06,157.27
Bilinga,4224,1761429600,,-28.14277,153.51356,0.66,1.19,5.0,3.89,21.96,77.02,0.04,75.52
Bilinga,4224,1761431400,,-28.14278,153.51354,0.66,1.09,8.33,3.76,22.01,78.69,0.1,162.29
Bilinga,4224,1761433200,,-28.14278,153.51347,0.69,1.12,9.09,3.6,21.96,83.17,0.08,105.58
Bilinga,4224,1761435000,,-28.1428,153.5135,0.7,1.12,8.7,3.62,21.96,73.24,0.1,116.22
Bilinga,4224,1761436800,,-28.1428,153.51354,0.7,1.2,9.09,3.4,22.01,81.94,0.08,148.4
Bilinga,4224,1761438600,,-28.1428,153.51356,0.74,1.22,9.52,3.4,22.05,90.91,0.17,164.04
Bilinga,4224,1761440400,,-28.1428,153.51356,0.75,1.4,9.09,3.39,22.14,84.49,0.16,162.11
Bilinga,4224,1761442200,,-28.14278,153.51362,0.75,1.15,8.7,3.27,22.18,85.81,0.14,167.21
Bilinga,4224,1761444000,,-28.14277,153.51365,0.81,1.43,4.88,3.3,22.18,81.94,0.16,151.21
Bilinga,4224,1761445800,,-28.14275,153.51371,0.77,1.17,8.33,3.34,22.18,73.24,0.16,149.36
Bilinga,4224,1761447600,,-28.14275,153.51369,0.83,1.37,3.51,3.32,22.18,35.09,0.14,133.71
Bilinga,4224,1761449400,,-28.14274,153.51371,0.91,1.57,3.7,3.49,22.1,35.09,0.17,157.19
Bilinga,4224,1761451200,,-28.14271,153.51371,0.93,1.37,3.85,3.43,22.14,37.63,0.14,136.09
Bilinga,4224,1761453000,,-28.14274,153.51371,0.87,1.71,3.92,3.49,22.1,41.15,0.11,138.37
Bilinga,4224,1761454800,,-28.14274,153.51371,0.98,1.83,4.55,3.65,22.18,47.04,0.11,103.82
Bilinga,4224,1761456600,,-28.14274,153.51369,1.03,1.69,4.44,3.67,22.18,37.28,0.14,140.4
Bilinga,4224,1761458400,,-28.14275,153.51367,1.02,1.74,4.08,3.61,22.14,20.93,0.15,133.27
Bilinga,4224,1761460200,,-28.14271,153.51369,0.94,1.52,4.35,3.56,22.14,42.47,0.1,127.56
Bilinga,4224,1761462000,,-28.1427,153.51369,0.92,1.66,4.08,3.64,22.1,31.57,0.06,90.64
Bilinga,4224,1761463800,,-28.14271,153.51365,0.87,1.6,4.44,3.61,22.1,54.07,0.08,76.4
Bilinga,4224,1761465600,,-28.14274,153.51362,0.85,1.41,4.76,3.75,22.1,55.66,0.05,91.87
Bilinga,4224,1761467400,,-28.14277,153.5136,0.91,1.39,5.26,3.84,22.1,50.21,0.06,74.11
Bilinga,4224,1761469200,,-28.14275,153.5136,0.96,1.57,5.0,3.83,22.1,44.58,0.05,100.31
Bilinga,4224,1761471000,,-28.14275,153.51362,1.04,1.71,5.0,3.85,22.1,42.03,0.05,96.09
Bilinga,4224,1761472800,,-28.14274,153.51371,1.13,1.89,5.13,4.07,22.1,34.12,0.09,150.95
Bilinga,4224,1761474600,,-28.14274,153.51367,1.2,1.93,5.26,4.15,22.1,40.01,0.08,70.07
Bilinga,4224,1761476400,,-28.14275,153.51367,1.22,1.99,5.88,4.19,22.1,42.73,0.07,109.27
Bilinga,4224,1761478200,,-28.14275,153.51362,1.36,2.48,5.71,4.49,22.1,33.06,0.04,102.33
Bilinga,4224,1761480000,,-28.14277,153.51362,1.49,2.46,6.45,4.73,22.05,35.61,0.05,121.32
Bilinga,4224,1761481800,,-28.14277,153.51362,1.55,2.68,6.45,4.76,22.05,38.69,0.09,103.21
Bilinga,4224,1761483600,,-28.14275,153.51365,1.51,2.62,6.67,4.74,22.05,38.43,0.09,93.36
Bilinga,4224,1761485400,,-28.14275,153.5136,1.39,2.42,6.67,4.83,22.05,33.5,0.05,81.85
Bilinga,4224,1761487200,,-28.14275,153.51358,1.41,2.17,6.67,4.84,22.05,38.34,0.03,75.34
Bilinga,4224,1761487200,,-28.14275,153.51356,1.41,2.17,6.67,4.84,22.05,38.34,0.03,75.34
Bilinga,4224,1761489000,,-28.14274,153.51356,1.25,2.34,6.67,4.63,22.05,34.47,0.07,51.25
Bilinga,4224,1761490800,,-28.14275,153.51356,1.21,1.78,6.45,4.58,22.05,33.15,0.03,52.04
Bilinga,4224,1761492600,,-28.14275,153.51356,1.07,2.23,5.71,4.32,22.05,32.62,0.02,328.88
Bilinga,4224,1761494400,,-28.14275,153.51358,1.01,1.57,5.88,4.3,22.05,32.18,0.02,99.52
Bilinga,4224,1761496200,,-28.14271,153.51362,0.94,1.7,6.25,4.25,22.05,32.01,0.06,65.76
Bilinga,4224,1761498000,,-28.14274,153.51365,0.98,1.48,6.45,4.19,22.05,31.04,0.03,104.18
Bilinga,4224,1761499800,,-28.14275,153.5136,0.93,1.46,6.25,4.26,22.05,24.54,0.05,117.63
Bilinga,4224,1761501600,,-28.14277,153.51356,0.91,1.75,6.25,4.16,22.05,21.63,0.07,145.93
Bilinga,4224,1761503400,,-28.14277,153.51356,0.9,1.44,5.71,4.22,22.05,26.65,0.02,156.57
Bilinga,4224,1761505200,,-28.14277,153.51354,0.86,1.35,5.56,4.26,22.05,23.31,0.03,106.81
Bilinga,4224,1761507000,,-28.14275,153.51352,0.91,1.54,6.67,4.51,22.05,23.66,0.01,93.89
Bilinga,4224,1761508800,,-28.14275,153.51356,0.88,1.53,6.67,4.53,22.05,27.7,0.03,48.09
Bilinga,4224,1761510600,,-28.14275,153.51356,0.9,1.38,5.88,4.44,22.05,31.66,0.04,351.3
Bilinga,4224,1761512400,,-28.14278,153.51356,0.89,1.31,6.25,4.53,22.05,27.09,0.05,146.02
Bilinga,4224,1761514200,,-28.14278,153.51356,0.86,1.51,6.67,4.23,22.05,27.79,0.07,132.66
Bilinga,4224,1761516000,,-28.14277,153.51358,0.86,1.37,6.25,4.26,22.05,26.47,0.09,131.96
Bilinga,4224,1761517800,,-28.14277,153.5136,0.85,1.3,5.0,4.13,22.1,28.84,0.1,132.57
Bilinga,4224,1761519600,,-28.14277,153.51356,0.86,1.29,5.88,4.08,22.14,25.77,0.08,100.48
Bilinga,4224,1761521400,,-28.14277,153.5136,0.87,1.39,5.88,4.09,22.18,24.62,0.07,101.63
Bilinga,4224,1761523200,,-28.14277,153.5136,0.79,1.34,14.29,3.91,22.18,99.09,0.09,114.2
Bilinga,4224,1761525000,,-28.14277,153.51362,0.83,1.4,14.29,4.13,22.27,92.14,0.1,121.41
Bilinga,4224,1761526800,,-28.14277,153.51362,0.87,1.4,14.29,4.09,22.27,92.84,0.14,140.84
Bilinga,4224,1761528600,,-28.14278,153.51362,0.87,1.45,14.29,4.15,22.32,97.85,0.07,118.95
Bilinga,4224,1761530400,,-28.14277,153.51367,0.81,1.38,14.29,3.96,22.32,107.35,0.16,95.47
Bilinga,4224,1761532200,,-28.14277,153.51362,0.77,1.14,13.33,3.75,22.32,103.04,0.13,122.37
Bilinga,4224,1761534000,,-28.14278,153.5136,0.81,1.46,14.29,3.91,22.36,101.37,0.13,130.9
Bilinga,4224,1761535800,,-28.14277,153.51365,0.77,1.24,14.29,3.69,22.41,95.31,0.16,127.91
Bilinga,4224,1761537600,,-28.14275,153.51375,0.81,1.15,13.33,3.63,22.41,93.63,0.18,138.81
Bilinga,4224,1761539400,,-28.14275,153.51373,0.86,1.38,14.29,3.8,22.41,90.65,0.19,122.81
Bilinga,4224,1761541200,,-28.14275,153.51373,0.81,1.48,14.29,3.66,22.36,90.47,0.18,122.9
Bilinga,4224,1761543000,,-28.14275,153.51375,0.83,1.34,13.33,3.71,22.32,96.1,0.18,126.42
Bilinga,4224,1761544800,,-28.14271,153.51377,0.83,1.81,14.29,3.73,22.23,97.42,0.25,104.44
Bilinga,4224,1761546600,,-28.1427,153.51377,0.84,1.29,14.29,3.9,22.23,92.58,0.13,120.79
Bilinga,4224,1761548400,,-28.1427,153.51377,0.77,1.33,13.33,3.8,22.18,91.7,0.09,111.82
Bilinga,4224,1761550200,,-28.14268,153.51377,0.7,1.29,13.33,3.99,22.23,94.34,0.08,88.26
Bilinga,4224,1761552000,,-28.14268,153.51377,0.74,1.27,14.29,4.48,22.18,94.07,0.08,79.12
Bilinga,4224,1761553800,,-28.14265,153.51371,0.7,1.14,14.29,3.8,22.18,89.94,0.08,83.69
Bilinga,4224,1761555600,,-28.14263,153.51371,0.73,1.28,14.29,3.84,22.14,83.35,0.03,93.45
Bilinga,4224,1761557400,,-28.14255,153.51375,0.63,1.01,13.33,3.31,22.1,80.18,0.01,127.21
Bilinga,4224,1761559200,,-28.14232,153.51371,0.63,1.13,13.33,3.31,22.05,84.58,0.03,291.16
Bilinga,4224,1761561000,,-28.14214,153.51358,0.57,1.02,13.33,3.17,22.05,84.49,0.1,338.37
Bilinga,4224,1761562800,,-28.14208,153.5135,0.55,0.9,13.33,3.28,22.05,88.98,0.04,215.38
Bilinga,4224,1761564600,,-28.14207,153.51337,0.5,0.91,13.33,3.14,22.01,79.74,0.15,323.16
Bilinga,4224,1761566400,,-28.14205,153.51322,0.49,0.93,13.33,3.26,22.05,77.55,0.15,300.84
Bilinga,4224,1761568200,,-28.14203,153.51317,0.49,1.01,13.33,3.07,22.05,75.44,0.17,296.79
Bilinga,4224,1761570000,,-28.14202,153.51311,0.52,0.84,13.33,3.06,22.01,70.95,0.19,299.78
Bilinga,4224,1761571800,,-28.14196,153.51307,0.53,0.87,13.33,3.24,22.01,82.38,0.14,301.54
Bilinga,4224,1761573600,,-28.14202,153.51298,0.55,0.89,13.33,3.27,22.01,85.99,0.09,309.98
Bilinga,4224,1761575400,,-28.14198,153.513,0.57,1.04,13.33,3.59,21.96,82.12,0.14,314.02
Bilinga,4224,1761577200,,-28.14198,153.51302,0.54,0.91,6.9,3.98,21.92,66.03,0.07,290.46
Bilinga,4224,1761579000,,-28.14202,153.51302,0.59,0.95,6.67,4.17,21.92,71.04,0.05,308.48
Bilinga,4224,1761580800,,-28.142,153.51302,0.6,1.18,7.69,4.16,21.92,74.29,0.02,353.41
Bilinga,4224,1761582600,,-28.14198,153.51305,0.67,1.04,8.0,4.19,21.92,59.35,0.11,323.52
Bilinga,4224,1761584400,,-28.14195,153.51311,0.62,1.06,7.69,4.08,21.87,66.47,0.03,266.55
Bilinga,4224,1761586200,,-28.14192,153.51315,0.65,0.99,8.0,4.07,21.87,67.0,0.07,261.71
Bilinga,4224,1761588000,,-28.1419,153.51317,0.67,1.4,7.14,4.36,21.83,74.56,0.03,198.95
Bilinga,4224,1761589800,,-28.14192,153.51315,0.75,1.19,7.69,4.38,21.78,59.17,0.07,293.1
Bilinga,4224,1761591600,,-28.14192,153.51313,0.73,1.13,6.9,4.13,21.83,69.46,0.04,254.33
Bilinga,4224,1761593400,,-28.1419,153.51313,0.8,1.13,7.41,4.27,21.83,74.65,0.03,257.23
Bilinga,4224,1761595200,,-28.14192,153.51317,0.76,1.25,7.69,4.35,21.78,78.43,0.05,241.49
Bilinga,4224,1761597000,,-28.1419,153.51317,0.79,1.28,7.41,4.34,21.78,71.66,0.03,271.12
Bilinga,4224,1761598800,,-28.14192,153.51317,0.86,1.35,6.06,4.56,21.78,73.77,0.02,310.24
Bilinga,4224,1761600600,,-28.14192,153.51317,0.88,1.37,6.67,4.68,21.78,81.59,0.05,314.11
Bilinga,4224,1761602400,,-28.14192,153.51313,0.86,1.3,6.67,4.51,21.78,79.22,0.04,310.86
Bilinga,4224,1761604200,,-28.14198,153.51307,1.03,1.63,7.41,4.31,21.74,85.02,0.11,314.9
Bilinga,4224,1761606000,,-28.14217,153.51296,1.08,1.68,5.71,4.14,21.83,89.42,0.09,269.45
Bilinga,4224,1761607800,,-28.14229,153.51289,1.05,1.72,6.9,4.09,21.83,83.35,0.08,265.67
Bilinga,4224,1761609600,,-28.14233,153.51287,1.07,1.66,6.06,4.06,21.78,90.73,0.12,251.16
Bilinga,4224,1761611400,,-28.14241,153.51287,1.11,1.86,4.76,4.1,21.83,92.23,0.09,222.33
Bilinga,4224,1761613200,,-28.14244,153.51287,1.15,1.93,5.0,4.15,21.83,86.16,0.08,212.31
Bilinga,4224,1761615000,,-28.14248,153.51287,1.24,2.17,5.71,4.14,21.87,83.7,0.12,227.43
Bilinga,4224,1761616800,,-28.14244,153.51287,1.28,2.11,5.41,4.16,21.83,89.06,0.1,278.77
Bilinga,4224,1761618600,,-28.14237,153.51279,1.39,2.23,5.88,4.14,21.78,87.66,0.14,280.88
Bilinga,4224,1761620400,,-28.14222,153.51272,1.38,2.07,6.67,4.21,21.74,79.92,0.14,298.73
Bilinga,4224,1761622200,,-28.14202,153.51274,1.37,2.58,6.45,4.27,21.74,78.87,0.19,294.24
Bilinga,4224,1761624000,,-28.14188,153.51283,1.3,2.38,5.88,4.25,21.74,83.7,0.2,292.04
Bilinga,4224,1761625800,,-28.14184,153.51287,1.43,2.52,5.88,4.35,21.69,85.81,0.18,298.02
Bilinga,4224,1761627600,,-28.1418,153.51302,1.4,2.09,6.25,4.34,22.41,82.82,0.09,253.27
Bilinga,4224,1761629400,,-28.1418,153.51302,1.33,2.22,6.06,4.42,22.45,85.46,0.09,225.76
Bilinga,4224,1761631200,,-28.14181,153.513,1.4,2.35,6.67,4.32,22.41,83.26,0.1,217.67
Bilinga,4224,1761633000,,-28.14187,153.51287,1.41,2.13,6.45,4.31,22.41,77.37,0.12,244.04
Bilinga,4224,1761634800,,-28.14188,153.51287,1.27,2.18,5.71,4.25,22.36,75.52,0.09,273.32
Bilinga,4224,1761636600,,-28.14188,153.51283,1.3,2.44,6.45,4.22,22.36,79.57,0.13,284.66
Bilinga,4224,1761638400,,-28.14187,153.51283,1.26,2.0,6.06,4.2,22.32,82.29,0.12,273.58
Bilinga,4224,1761640200,,-28.14187,153.51283,1.31,2.31,6.45,4.31,22.36,75.96,0.14,308.04
Bilinga,4224,1761642000,,-28.14188,153.51283,1.27,2.25,6.45,4.16,22.41,76.14,0.16,271.21
Bilinga,4224,1761643800,,-28.1419,153.51281,1.33,2.21,6.25,4.35,22.45,79.48,0.15,263.21
Bilinga,4224,1761645600,,-28.14188,153.51281,1.22,2.31,6.67,4.6,22.45,80.36,0.2,317.19
Bilinga,4224,1761647400,,-28.14185,153.51287,1.21,2.2,6.67,4.78,22.41,72.45,0.15,321.76
Bilinga,4224,1761649200,,-28.14181,153.51289,1.19,1.77,6.9,4.92,22.36,70.6,0.26,337.67
Bilinga,4224,1761651000,,-28.14184,153.51287,1.19,2.21,6.25,5.18,22.1,71.92,0.22,331.08
Bilinga,4224,1761652800,,-28.14184,153.51287,1.3,2.26,6.45,5.1,21.96,76.93,0.2,330.9
Bilinga,4224,1761654600,,-28.14184,153.51287,1.2,2.22,6.67,5.08,22.1,69.81,0.19,316.66
Bilinga,4224,1761656400,,-28.14185,153.51285,1.2,1.9,6.9,5.27,22.18,74.12,0.12,305.67
Bilinga,4224,1761658200,,-28.14185,153.51287,1.19,2.09,6.67,5.51,21.96,74.82,0.21,300.4
Bilinga,4224,1761660000,,-28.14188,153.51283,1.21,2.02,7.14,5.54,22.01,76.58,0.12,297.93
Bilinga,4224,1761661800,,-28.14187,153.51283,1.29,2.15,6.9,5.4,22.05,72.36,0.12,291.96
Bilinga,4224,1761663600,,-28.14188,153.51283,1.47,2.35,7.41,5.23,22.05,81.77,0.12,291.6
Bilinga,4224,1761665400,,-28.1419,153.51281,1.36,2.17,6.9,4.9,22.1,74.47,0.1,312.62
Bilinga,4224,1761667200,,-28.14187,153.51283,1.49,2.55,7.14,5.16,22.18,72.45,0.1,294.15
Bilinga,4224,1761669000,,-28.14188,153.51283,1.59,2.94,7.41,5.59,22.27,75.7,0.1,275.25
Bilinga,4224,1761670800,,-28.14187,153.51283,1.54,2.31,7.41,5.46,22.23,71.39,0.12,292.92
Bilinga,4224,1761672600,,-28.14187,153.51285,1.55,2.24,8.0,5.69,22.27,66.12,0.09,279.12
Bilinga,4224,1761674400,,-28.14185,153.51287,1.55,2.56,7.69,5.83,22.27,72.27,0.09,292.57
Bilinga,4224,1761676200,,-28.14187,153.51283,1.85,2.83,7.69,6.14,22.32,73.24,0.07,280.0
Bilinga,4224,1761678000,,-28.14188,153.51287,1.6,2.79,8.0,5.93,22.36,74.29,0.1,278.77
Bilinga,4224,1761679800,,-28.14187,153.51287,1.57,2.47,7.69,6.0,22.36,76.76,0.1,272.7
Bilinga,4224,1761681600,,-28.14188,153.51287,1.61,3.07,8.0,6.05,22.36,76.14,0.06,300.31
Bilinga,4224,1761683400,,-28.1419,153.51287,1.71,2.56,8.0,6.02,22.41,72.8,0.02,294.86
Bilinga,4224,1761685200,,-28.14205,153.51281,1.74,3.26,8.33,6.36,22.45,70.78,0.07,341.27
Bilinga,4224,1761687000,,-28.14207,153.51283,1.75,2.62,8.7,6.25,22.45,69.28,0.03,266.02
Bilinga,4224,1761688800,,-28.14211,153.51294,1.74,2.78,8.0,6.23,22.41,80.45,0.01,286.15
Bilinga,4224,1761690600,,-28.14235,153.51311,1.98,3.0,8.0,6.37,22.41,72.54,0.07,356.57
Bilinga,4224,1761692400,,-28.14245,153.51317,1.97,2.72,8.33,6.39,22.45,71.83,0.03,357.8
Bilinga,4224,1761694200,,-28.1425,153.51332,1.7,2.48,8.0,6.12,22.45,73.59,0.02,342.15
Bilinga,4224,1761696000,,-28.14253,153.51345,1.79,3.09,7.69,6.32,22.45,71.66,0.03,115.96
Bilinga,4224,1761697800,,-28.14265,153.51354,1.81,3.04,8.7,6.33,22.54,72.98,0.03,85.36
Bilinga,4224,1761699600,,-28.14263,153.51347,1.58,2.47,7.69,5.95,22.27,76.67,0.09,263.38
Bilinga,4224,1761701400,,-28.14265,153.51356,1.77,2.68,8.33,6.17,22.32,72.98,0.06,278.68
Bilinga,4224,1761703200,,-28.14263,153.51362,1.71,2.6,8.0,6.11,22.45,76.84,0.05,289.76
Bilinga,4224,1761705000,,-28.14265,153.51358,1.58,2.34,8.33,5.72,22.45,79.74,0.04,234.81
Bilinga,4224,1761706800,,-28.14268,153.51354,1.6,2.85,8.7,5.63,22.45,76.49,0.09,224.18
Bilinga,4224,1761708600,,-28.1427,153.51352,1.56,2.66,8.33,5.62,22.54,78.95,0.08,250.81
Bilinga,4224,1761710400,,-28.14271,153.51347,1.54,2.45,8.0,5.57,22.59,84.05,0.06,219.96
Bilinga,4224,1761712200,,-28.14271,153.51343,1.6,2.76,8.33,5.6,22.63,78.78,0.04,225.93
Bilinga,4224,1761714000,,-28.14271,153.51334,1.38,2.23,8.33,5.31,22.68,80.36,0.06,253.1
Bilinga,4224,1761715800,,-28.14271,153.51332,1.49,2.28,8.33,5.4,22.68,82.73,0.03,152.97
Bilinga,4224,1761717600,,-28.1427,153.51324,1.4,2.48,8.33,5.35,22.68,83.09,0.02,138.11
Bilinga,4224,1761719400,,-28.14262,153.51309,1.38,2.17,8.33,5.28,22.68,84.23,0.04,151.74
Bilinga,4224,1761721200,,-28.14252,153.513,1.37,2.14,8.0,5.29,22.68,85.55,0.04,183.12
Bilinga,4224,1761723000,,-28.14245,153.51298,1.41,2.19,8.33,5.41,22.63,84.84,0.03,107.6
Bilinga,4224,1761724800,,-28.14244,153.51292,1.3,1.96,8.33,5.34,22.68,84.93,0.01,150.24
Bilinga,4224,1761726600,,-28.1424,153.51292,1.32,2.11,8.33,5.51,22.63,85.02,0.02,122.46
Bilinga,4224,1761728400,,-28.1424,153.51287,1.27,2.28,7.69,5.25,22.59,88.71,0.04,7.38
Bilinga,4224,1761730200,,-28.14235,153.51285,1.22,1.86,8.33,5.22,22.54,84.93,0.05,351.82
Bilinga,4224,1761732000,,-28.14232,153.51285,1.18,1.71,8.0,5.24,22.54,88.1,0.05,358.86
Bilinga,4224,1761733800,,-28.14229,153.51285,1.28,2.01,7.69,5.69,22.45,87.83,0.04,37.36
Bilinga,4224,1761735600,,-28.1422,153.51281,1.31,2.14,8.33,5.66,22.36,87.04,0.07,3.69
Bilinga,4224,1761737400,,-28.1421,153.51281,1.29,2.14,8.0,5.69,22.41,85.46,0.06,331.25
Bilinga,4224,1761739200,,-28.14205,153.51281,1.14,1.71,8.0,5.59,22.41,88.27,0.05,359.47
Bilinga,4224,1761741000,,-28.14203,153.51281,1.19,2.3,8.33,5.76,22.41,87.74,0.05,326.59
Bilinga,4224,1761742800,,-28.14203,153.51281,1.15,1.84,8.33,5.84,22.45,86.43,0.07,316.4
Bilinga,4224,1761744600,,-28.14198,153.51285,1.07,1.67,8.0,5.59,22.45,81.77,0.02,290.11
Bilinga,4224,1761746400,,-28.14198,153.51287,1.05,1.49,8.33,5.49,22.5,84.32,0.05,185.32
Bilinga,4224,1761748200,,-28.14195,153.51287,1.08,1.75,8.33,5.84,22.45,81.24,0.1,322.2
Bilinga,4224,1761750000,,-28.14195,153.51287,1.14,1.79,8.33,6.02,22.41,85.46,0.02,304.79
Bilinga,4224,1761751800,,-28.14196,153.51287,1.06,1.59,8.0,5.87,22.45,87.66,0.03,51.6
Bilinga,4224,1761753600,,-28.14198,153.51287,1.15,1.75,8.33,6.08,22.36,84.76,0.03,45.71
Bilinga,4224,1761755400,,-28.142,153.51285,1.04,1.74,8.7,5.88,22.41,80.71,0.08,357.19
Bilinga,4224,1761757200,,-28.142,153.51285,1.08,1.74,7.69,5.95,22.45,83.0,0.03,94.42
Bilinga,4224,1761759000,,-28.14202,153.51287,1.02,1.56,8.33,6.12,22.45,83.52,0.04,189.27
Bilinga,4224,1761760800,,-28.14203,153.51285,1.01,1.68,8.33,5.85,22.5,88.89,0.06,152.53
Bilinga,4224,1761762600,,-28.14207,153.51281,0.97,1.66,7.69,5.85,22.5,80.71,0.07,128.0
Bilinga,4224,1761764400,,-28.1421,153.51281,0.98,1.48,8.0,5.75,22.45,86.87,0.02,91.6
Bilinga,4224,1761766200,,-28.14207,153.51281,0.87,1.4,8.33,5.6,22.41,84.84,0.02,340.92
Bilinga,4224,1761768000,,-28.14208,153.51281,0.92,1.73,8.0,5.81,22.45,87.22,0.13,295.47
Bilinga,4224,1761769800,,-28.14211,153.51281,0.93,1.55,8.0,5.74,22.45,89.33,0.07,323.78
Bilinga,4224,1761771600,,-28.14217,153.51285,0.9,1.54,7.41,5.55,22.59,86.51,0.04,158.07
Bilinga,4224,1761773400,,-28.1422,153.51289,0.9,1.46,7.69,5.7,22.59,87.04,0.07,75.25
Bilinga,4224,1761775200,,-28.14223,153.51292,0.96,1.5,7.69,5.88,22.63,83.44,0.09,115.78
Bilinga,4224,1761777000,,-28.14229,153.51296,0.91,1.64,7.41,5.67,22.68,85.28,0.09,98.11
Bilinga,4224,1761778800,,-28.14232,153.51296,0.96,1.72,7.69,5.79,22.81,83.17,0.06,96.44
Bilinga,4224,1761780600,,-28.14238,153.51296,0.86,1.47,7.69,5.55,22.9,87.48,0.01,205.01
Bilinga,4224,1761782400,,-28.14244,153.513,0.91,1.61,8.0,5.34,23.04,92.58,0.03,194.64
Bilinga,4224,1761784200,,-28.1425,153.513,0.88,1.37,7.41,4.93,23.13,88.98,0.05,200.35
Bilinga,4224,1761786000,,-28.14257,153.513,0.92,1.47,8.0,4.71,23.22,93.02,0.04,125.63
Bilinga,4224,1761787800,,-28.14266,153.51311,0.99,1.57,8.0,4.59,23.22,89.85,0.07,176.53
Bilinga,4224,1761789600,,-28.14274,153.51319,0.95,1.61,7.69,4.43,23.13,94.43,0.06,154.73
Bilinga,4224,1761791400,,-28.14275,153.51324,0.95,1.78,7.69,4.33,23.13,95.04,0.03,113.49
Bilinga,4224,1761793200,,-28.14277,153.51326,0.99,1.8,7.41,4.42,23.13,101.72,0.08,170.99
Bilinga,4224,1761795000,,-28.14278,153.51328,0.93,1.59,7.14,4.19,23.13,92.58,0.11,142.95
Bilinga,4224,1761796800,,-28.14278,153.5133,0.95,1.52,8.7,4.15,23.08,98.38,0.04,103.74
Bilinga,4224,1761798600,,-28.14277,153.5133,0.99,1.73,7.41,4.2,23.04,96.27,0.08,111.03
Bilinga,4224,1761800400,,-28.14277,153.51334,0.92,1.48,8.0,4.07,23.04,93.63,0.04,133.01
Bilinga,4224,1761802200,,-28.14277,153.51339,1.0,1.59,8.0,4.06,23.04,93.2,0.1,104.26
Bilinga,4224,1761804000,,-28.14275,153.51339,0.98,1.58,7.69,4.08,22.99,90.91,0.07,103.47
Bilinga,4224,1761805800,,-28.14274,153.51339,0.97,1.55,7.14,4.1,22.99,95.48,0.09,115.52
Bilinga,4224,1761807600,,-28.14274,153.51337,1.0,1.57,7.69,4.16,22.99,93.55,0.07,118.86
Bilinga,4224,1761809400,,-28.14271,153.51339,0.95,1.41,7.41,4.13,22.99,93.99,0.05,78.24
Bilinga,4224,1761811200,,-28.14274,153.51332,0.94,1.47,7.14,4.39,23.04,92.58,0.07,100.92
Bilinga,4224,1761813000,,-28.14274,153.51337,0.86,1.71,8.0,4.26,23.04,93.72,0.06,102.68
Bilinga,4224,1761814800,,-28.14274,153.51337,0.85,1.4,7.14,4.32,23.04,91.35,0.05,56.88
Bilinga,4224,1761816600,,-28.14275,153.51337,0.83,1.45,7.69,4.33,23.04,89.85,0.04,53.8
Bilinga,4224,1761818400,,-28.14275,153.51337,0.88,1.4,7.41,4.36,22.99,93.2,0.09,85.63
Bilinga,4224,1761820200,,-28.14277,153.51337,0.78,1.37,7.41,4.12,22.99,90.47,0.02,50.81
Bilinga,4224,1761822000,,-28.14278,153.51334,0.78,1.24,8.7,4.04,22.99,93.63,0.05,110.51
Bilinga,4224,1761823800,,-28.14278,153.51337,0.75,1.4,9.09,4.02,22.95,94.07,0.02,269.89
Bilinga,4224,1761825600,,-28.14277,153.51334,0.76,1.13,8.7,4.23,22.95,91.7,0.02,318.07
Bilinga,4224,1761827400,,-28.14277,153.51332,0.73,1.11,8.7,4.24,22.9,94.95,0.01,15.12
Bilinga,4224,1761829200,,-28.14278,153.51332,0.68,1.01,7.41,4.07,22.9,93.11,0.05,32.44
Bilinga,4224,1761831000,,-28.14278,153.51332,0.68,1.14,9.09,4.13,22.9,92.84,0.09,49.93
Bilinga,4224,1761832800,,-28.14277,153.51332,0.7,1.07,11.11,4.19,22.9,87.83,0.07,44.48
Bilinga,4224,1761834600,,-28.14275,153.51334,0.72,1.19,9.52,4.2,22.9,90.91,0.12,41.85
Bilinga,4224,1761836400,,-28.14275,153.51339,0.69,1.25,9.52,4.32,22.9,93.46,0.11,55.03
Bilinga,4224,1761838200,,-28.14275,153.51343,0.69,1.28,9.09,4.25,22.95,89.94,0.12,12.84
Bilinga,4224,1761840000,,-28.14275,153.51341,0.7,1.39,7.69,4.44,22.95,88.71,0.09,17.58
Bilinga,4224,1761841800,,-28.14275,153.51341,0.69,1.17,10.0,4.33,22.9,92.76,0.06,38.86
Bilinga,4224,1761843600,,-28.14274,153.51343,0.71,1.08,9.52,4.35,22.95,91.88,0.06,301.01
Bilinga,4224,1761845400,,-28.14275,153.51339,0.67,1.03,10.53,4.36,22.95,86.25,0.1,58.11
Bilinga,4224,1761847200,,-28.14274,153.51343,0.71,1.16,11.11,4.67,22.95,85.02,0.07,280.44
Bilinga,4224,1761849000,,-28.14271,153.51347,0.68,1.15,9.09,4.6,22.99,87.83,0.04,227.96
Bilinga,4224,1761850800,,-28.1427,153.51347,0.72,1.23,10.53,4.92,22.95,87.13,0.06,193.32
Bilinga,4224,1761852600,,-28.14268,153.51347,0.69,1.33,10.0,4.94,22.9,84.93,0.04,171.08
Bilinga,4224,1761854400,,-28.1427,153.51347,0.67,1.0,9.09,4.9,22.9,87.48,0.04,210.81
Bilinga,4224,1761856200,,-28.14268,153.5135,0.7,1.24,10.0,5.06,22.9,84.76,0.09,262.24
Bilinga,4224,1761858000,,-28.14266,153.5135,0.76,1.21,10.53,5.28,22.95,86.51,0.07,232.88
Bilinga,4224,1761859800,,-28.14268,153.51347,0.72,1.39,10.0,5.08,22.99,88.98,0.06,258.73
Bilinga,4224,1761861600,,-28.14266,153.5135,0.71,1.4,10.0,5.17,23.04,88.36,0.06,234.55
Bilinga,4224,1761863400,,-28.1427,153.51347,0.73,1.21,10.53,4.69,23.13,87.74,0.03,221.45
Bilinga,4224,1761865200,,-28.14268,153.51347,0.73,1.23,10.53,4.52,23.08,90.12,0.04,179.08
Bilinga,4224,1761867000,,-28.14268,153.51347,0.71,1.12,9.52,4.31,23.13,87.74,0.05,166.68
Bilinga,4224,1761868800,,-28.14268,153.51343,0.71,1.14,10.0,4.23,23.13,83.35,0.06,185.41
Bilinga,4224,1761870600,,-28.14271,153.51345,0.76,1.36,9.09,4.27,23.17,87.92,0.05,162.29
Bilinga,4224,1761872400,,-28.1427,153.51343,0.76,1.47,10.53,4.24,23.17,87.48,0.04,164.57
Bilinga,4224,1761874200,,-28.14274,153.51341,0.75,1.16,9.09,4.11,23.17,91.7,0.07,168.09
Bilinga,4224,1761876000,,-28.14277,153.51339,0.79,1.27,10.53,4.16,23.17,92.49,0.08,157.89
Bilinga,4224,1761877800,,-28.14277,153.51339,0.79,1.22,9.09,4.13,23.17,91.44,0.06,144.44
Bilinga,4224,1761879600,,-28.14275,153.51339,0.79,1.28,10.53,4.2,23.31,92.05,0.1,128.97
Bilinga,4224,1761881400,,-28.14275,153.51341,0.84,1.44,11.11,4.3,23.4,92.93,0.09,140.48
Bilinga,4224,1761883200,,-28.14275,153.51341,0.81,1.37,10.53,4.18,23.35,90.73,0.09,141.54
Bilinga,4224,1761885000,,-28.14275,153.51347,0.85,1.39,10.0,4.21,23.4,93.55,0.12,156.75
Bilinga,4224,1761886800,,-28.14275,153.51341,0.8,1.49,10.53,4.15,23.31,92.32,0.13,110.95
Bilinga,4224,1761888600,,-28.14277,153.51343,0.79,1.31,5.41,4.23,23.26,80.98,0.07,83.08
Bilinga,4224,1761890400,,-28.14277,153.51345,0.77,1.25,11.11,4.16,23.26,94.25,0.11,79.03
Bilinga,4224,1761892200,,-28.14277,153.51343,0.77,1.18,4.88,4.15,23.26,80.54,0.1,84.31
Bilinga,4224,1761894000,,-28.14274,153.51347,0.78,1.26,4.88,4.13,23.26,75.88,0.11,72.09
Bilinga,4224,1761895800,,-28.14275,153.51347,0.75,1.45,10.0,4.18,23.26,95.66,0.11,50.11
Bilinga,4224,1761897600,,-28.14275,153.51347,0.79,1.28,9.09,4.35,23.26,93.99,0.11,67.08
Bilinga,4224,1761899400,,-28.14274,153.51347,0.78,1.24,5.0,4.42,23.26,83.0,0.07,102.33
Bilinga,4224,1761901200,,-28.1427,153.5135,0.76,1.5,4.88,4.38,23.26,77.37,0.01,133.8
Bilinga,4224,1761903000,,-28.14271,153.5135,0.73,1.12,4.26,4.45,23.26,58.82,0.04,355.96
Bilinga,4224,1761904800,,-28.14274,153.5135,0.75,1.17,11.76,4.65,23.26,82.91,0.08,117.01
Bilinga,4224,1761906600,,-28.1427,153.51352,0.7,1.16,4.55,4.44,23.26,68.84,0.04,163.69
Bilinga,4224,1761908400,,-28.14271,153.5135,0.67,1.2,4.35,4.35,23.26,59.96,0.06,125.36
Bilinga,4224,1761910200,,-28.14271,153.51347,0.66,1.08,4.88,4.43,23.22,70.78,0.02,354.81
Bilinga,4224,1761912000,,-28.14271,153.51354,0.61,0.99,4.44,4.44,23.26,72.71,0.02,253.1
Bilinga,4224,1761913800,,-28.14271,153.5135,0.64,0.97,4.65,4.41,23.22,60.58,0.03,127.3
Bilinga,4224,1761915600,,-28.14271,153.51347,0.65,1.11,9.52,4.51,23.17,84.14,0.05,298.46
Bilinga,4224,1761917400,,-28.14275,153.51343,0.61,1.05,4.88,4.46,23.17,59.79,0.06,335.91
Bilinga,4224,1761919200,,-28.14271,153.51343,0.65,0.95,4.76,4.49,23.17,59.96,0.03,306.55
Bilinga,4224,1761921000,,-28.14271,153.51343,0.68,1.05,4.55,4.54,23.13,61.02,0.05,278.68
Bilinga,4224,1761922800,,-28.14271,153.51341,0.69,1.12,4.65,4.53,23.13,61.37,0.07,175.3
Bilinga,4224,1761924600,,-28.14271,153.51343,0.69,0.95,4.55,4.48,23.13,57.5,0.07,288.97
Bilinga,4224,1761926400,,-28.14274,153.51341,0.67,1.21,4.44,4.41,23.13,52.93,0.08,210.99
Bilinga,4224,1761928200,,-28.14271,153.51341,0.69,1.21,5.13,4.44,23.08,68.67,0.04,136.35
Bilinga,4224,1761930000,,-28.14274,153.51341,0.71,1.27,4.88,4.53,23.04,56.01,0.08,104.0
Bilinga,4224,1761931800,,-28.14274,153.51343,0.69,1.35,4.76,4.54,23.04,57.94,0.07,16.79
Bilinga,4224,1761933600,,-28.14271,153.51347,0.66,1.13,5.56,4.59,23.04,75.88,0.03,311.47
Bilinga,4224,1761935400,,-28.14275,153.51345,0.69,1.06,5.26,4.73,22.99,69.9,0.04,52.4
Bilinga,4224,1761937200,,-28.14274,153.51345,0.71,1.33,5.56,4.81,22.99,67.96,0.09,109.1
Bilinga,4224,1761939000,,-28.14274,153.51347,0.7,1.17,9.09,4.81,22.99,84.49,0.09,31.65
Bilinga,4224,1761940800,,-28.14274,153.51347,0.73,1.31,5.71,4.92,22.99,72.45,0.04,336.53
Bilinga,4224,1761942600,,-28.14274,153.51352,0.68,1.08,6.06,4.77,22.99,75.7,0.06,72.44
Bilinga,4224,1761944400,,-28.14268,153.51356,0.67,1.06,5.88,4.84,23.04,78.34,0.05,32.79
Bilinga,4224,1761946200,,-28.14271,153.51347,0.69,1.4,5.41,4.71,23.17,67.96,0.07,81.41
Bilinga,4224,1761948000,,-28.14271,153.51352,0.69,1.13,5.13,4.67,23.26,74.03,0.12,97.85
Bilinga,4224,1761949800,,-28.14275,153.51347,0.68,1.2,5.41,4.63,23.31,73.5,0.1,56.26
Bilinga,4224,1761951600,,-28.14275,153.5135,0.71,1.15,5.56,4.52,23.49,67.96,0.07,74.64
Bilinga,4224,1761953400,,-28.14275,153.51352,0.73,1.06,5.41,4.44,23.49,76.58,0.11,59.16
Bilinga,4224,1761955200,,-28.14275,153.51347,0.72,1.24,5.88,4.21,23.54,74.38,0.08,76.57
Bilinga,4224,1761957000,,-28.14277,153.51347,0.72,1.35,5.41,3.95,23.63,76.32,0.08,110.15
Bilinga,4224,1761958800,,-28.14275,153.51347,0.74,1.43,5.56,3.91,23.54,71.83,0.07,116.57
Bilinga,4224,1761960600,,-28.14277,153.5135,0.8,1.43,5.56,4.09,23.63,58.56,0.13,114.9
Bilinga,4224,1761962400,,-28.14275,153.51352,0.81,1.25,5.26,4.05,23.67,66.82,0.12,120.18
Bilinga,4224,1761964200,,-28.14275,153.51347,0.87,1.33,5.26,3.94,23.54,67.52,0.12,127.21
Bilinga,4224,1761966000,,-28.14278,153.51354,0.84,1.4,5.88,3.83,23.54,77.9,0.1,146.9
Bilinga,4224,1761967800,,-28.1428,153.51356,0.87,1.29,5.88,3.78,23.54,73.94,0.13,134.33
Bilinga,4224,1761969600,,-28.1428,153.51356,0.98,1.75,6.25,3.88,23.63,67.17,0.17,119.38
Bilinga,4224,1761971400,,-28.14278,153.51362,1.0,1.78,6.25,3.97,23.63,66.38,0.17,140.4
Bilinga,4224,1761973200,,-28.14277,153.51371,0.96,1.61,6.45,3.98,23.63,63.48,0.16,119.56
Bilinga,4224,1761975000,,-28.14275,153.51371,0.98,1.77,5.88,3.98,23.54,65.94,0.13,117.01
Bilinga,4224,1761976800,,-28.14274,153.51371,0.99,1.73,6.45,4.11,23.49,71.22,0.18,122.64
Bilinga,4224,1761978600,,-28.14271,153.51373,1.02,1.69,6.25,4.06,23.49,74.91,0.14,101.89
Bilinga,4224,1761980400,,-28.14274,153.51373,1.04,1.89,6.25,4.16,23.54,67.96,0.18,99.87
Bilinga,4224,1761982200,,-28.14275,153.51371,0.97,1.62,6.45,4.03,23.54,67.79,0.16,105.85
Bilinga,4224,1761984000,,-28.14274,153.51373,1.02,1.62,6.06,3.95,23.54,76.14,0.11,82.02
Bilinga,4224,1761985800,,-28.14274,153.51373,1.09,1.88,6.45,4.12,23.54,74.03,0.12,80.35
Bilinga,4224,1761987600,,-28.14275,153.51371,1.08,1.83,6.45,4.11,23.49,68.76,0.14,118.95
Bilinga,4224,1761989400,,-28.14274,153.51375,1.03,2.0,5.71,4.05,23.58,71.39,0.18,109.45
Bilinga,4224,1761991200,,-28.14274,153.51377,1.0,1.71,6.45,4.18,23.63,71.48,0.18,88.53
Bilinga,4224,1761993000,,-28.14274,153.51375,1.0,1.48,6.25,4.45,23.63,76.4,0.17,96.62
Bilinga,4224,1761994800,,-28.14274,153.51375,0.93,1.58,6.67,4.51,23.54,73.41,0.12,88.97
Bilinga,4224,1761996600,,-28.14274,153.51373,0.95,1.72,6.67,4.47,23.63,73.85,0.1,50.29
Bilinga,4224,1761998400,,-28.14274,153.51373,0.95,1.69,6.25,4.31,23.63,77.55,0.11,71.91
Bilinga,4224,1762000200,,-28.14278,153.51367,0.96,1.94,6.06,4.39,23.76,82.03,0.1,72.09
Bilinga,4224,1762002000,,-28.14277,153.51371,0.9,1.4,6.25,4.52,23.81,78.07,0.1,105.23
Bilinga,4224,1762003800,,-28.14275,153.51371,0.86,1.57,6.45,4.47,23.76,77.55,0.03,64.26
Bilinga,4224,1762005600,,-28.14277,153.51367,0.93,1.45,6.25,4.13,23.67,81.06,0.07,59.69
Bilinga,4224,1762007400,,-28.14274,153.51369,0.88,1.68,6.06,4.14,23.63,80.01,0.07,55.03
Bilinga,4224,1762009200,,-28.14275,153.51371,0.88,1.37,5.56,4.17,23.58,88.62,0.12,98.9
Bilinga,4224,1762011000,,-28.14275,153.51369,0.92,1.61,5.88,4.27,23.54,77.63,0.13,109.27
Bilinga,4224,1762012800,,-28.14275,153.51367,0.98,1.77,5.71,4.39,23.54,84.23,0.09,71.3
Bilinga,4224,1762014600,,-28.14277,153.51369,0.94,1.45,6.25,4.4,23.54,92.32,0.09,110.77
Bilinga,4224,1762016400,,-28.14277,153.51371,0.89,2.07,6.06,4.37,23.49,79.48,0.09,95.65
Bilinga,4224,1762018200,,-28.14275,153.51371,1.0,1.71,6.25,4.6,23.44,89.85,0.07,56.0
Bilinga,4224,1762020000,,-28.14274,153.51369,0.95,1.47,6.25,4.63,23.44,76.76,0.06,73.93
Bilinga,4224,1762021800,,-28.14271,153.51371,1.0,1.83,5.88,4.76,23.4,78.16,0.07,37.1
Bilinga,4224,1762023600,,-28.14271,153.51371,1.02,1.54,5.71,4.8,23.35,72.71,0.05,87.21
Bilinga,4224,1762025400,,-28.14271,153.51373,1.0,1.51,5.88,4.71,23.31,68.76,0.09,47.91
Bilinga,4224,1762027200,,-28.14271,153.51371,1.09,1.74,5.88,4.89,23.31,73.24,0.07,14.07
Bilinga,4224,1762029000,,-28.14271,153.51371,1.09,1.67,6.06,4.88,23.49,77.28,0.16,21.1
Bilinga,4224,1762030800,,-28.14271,153.51369,1.1,1.79,6.45,4.93,23.67,77.28,0.12,63.82
Bilinga,4224,1762032600,,-28.14271,153.51371,1.07,1.9,6.25,4.78,23.76,72.36,0.09,37.54
Bilinga,4224,1762034400,,-28.14271,153.51367,1.08,1.78,6.45,4.91,23.76,73.59,0.03,90.11
Bilinga,4224,1762036200,,-28.14271,153.51369,1.04,1.65,5.88,4.88,23.9,56.89,0.04,141.36
Bilinga,4224,1762038000,,-28.14274,153.51367,1.0,1.59,6.67,4.71,23.9,75.61,0.01,330.29
Bilinga,4224,1762039800,,-28.14274,153.51371,1.03,1.59,5.88,4.74,24.04,62.25,0.07,132.92
Bilinga,4224,1762041600,,-28.14274,153.51367,0.96,1.5,6.25,4.57,23.9,66.29,0.02,197.36
Bilinga,4224,1762043400,,-28.14278,153.51362,0.98,1.56,5.88,4.48,23.95,50.91,0.09,136.09
Bilinga,4224,1762045200,,-28.1428,153.51358,1.05,1.77,5.88,4.44,23.85,63.3,0.07,128.44
Bilinga,4224,1762047000,,-28.1428,153.51356,0.97,1.48,6.06,4.08,23.85,61.28,0.04,148.92
Bilinga,4224,1762048800,,-28.1428,153.51356,1.0,1.83,6.45,3.99,23.81,81.33,0.12,152.88
Bilinga,4224,1762050600,,-28.14281,153.51356,1.01,1.95,6.45,4.07,23.85,76.76,0.19,129.67
Bilinga,4224,1762052400,,-28.14281,153.5136,0.99,1.63,6.67,3.9,23.72,82.29,0.14,135.56
Bilinga,4224,1762054200,,-28.1428,153.51362,0.98,1.55,5.88,3.81,23.72,62.78,0.14,126.59
Bilinga,4224,1762056000,,-28.14281,153.51362,0.99,1.77,6.45,3.74,23.76,80.71,0.17,113.93
Bilinga,4224,1762057800,,-28.1428,153.51365,1.04,1.94,5.56,3.78,23.72,62.43,0.14,115.34
Bilinga,4224,1762059600,,-28.14278,153.51367,1.06,1.68,5.71,3.88,23.76,60.32,0.14,78.33
Bilinga,4224,1762061400,,-28.14277,153.51369,1.09,1.8,6.06,3.96,23.76,67.7,0.16,101.1
Bilinga,4224,1762063200,,-28.14277,153.51369,1.03,1.58,6.67,3.89,23.67,86.34,0.13,128.88
Bilinga,4224,1762065000,,-28.14277,153.51369,1.06,1.64,6.25,3.86,23.72,79.39,0.17,127.82
Bilinga,4224,1762066800,,-28.14277,153.51369,1.07,1.64,6.9,3.94,23.76,76.05,0.19,116.48
Bilinga,4224,1762068600,,-28.14277,153.51371,1.02,1.6,6.45,4.05,23.67,78.69,0.14,121.58
Bilinga,4224,1762070400,,-28.14277,153.51369,1.01,1.83,6.9,4.14,23.67,81.06,0.18,125.19
Bilinga,4224,1762072200,,-28.14277,153.51369,1.03,1.7,6.67,4.19,23.63,82.21,0.15,110.68
Bilinga,4224,1762074000,,-28.14277,153.51371,1.08,1.79,6.67,4.43,23.63,78.07,0.18,114.81
Bilinga,4224,1762075800,,-28.14277,153.51373,1.06,1.75,6.67,4.32,23.76,79.22,0.16,94.07
Bilinga,4224,1762077600,,-28.14275,153.51373,1.04,1.5,6.45,4.35,23.72,84.32,0.17,97.32
Bilinga,4224,1762079400,,-28.14275,153.51373,1.1,1.67,6.25,4.39,23.67,76.76,0.12,73.32
Bilinga,4224,1762081200,,-28.14274,153.51373,1.08,2.09,6.67,4.38,23.85,77.72,0.16,81.23
Bilinga,4224,1762083000,,-28.14275,153.51371,1.2,1.78,5.88,4.45,23.99,55.57,0.1,61.63
Bilinga,4224,1762084800,,-28.14275,153.51371,1.19,1.98,6.45,4.44,24.17,72.71,0.13,80.62
Bilinga,4224,1762086600,,-28.14275,153.51371,1.22,2.24,6.06,4.44,23.99,68.05,0.1,54.15
Bilinga,4224,1762088400,,-28.14275,153.51371,1.18,1.88,6.06,4.47,23.99,66.82,0.14,86.86
Bilinga,4224,1762090200,,-28.14277,153.51369,1.19,1.96,5.71,4.32,23.99,36.14,0.15,111.91
Bilinga,4224,1762092000,,-28.14275,153.51371,1.17,1.71,5.71,4.2,23.9,57.15,0.13,80.18
Bilinga,4224,1762092000,,-28.14275,153.51369,1.17,1.71,5.71,4.2,23.9,57.15,0.13,80.18
Bilinga,4224,1762093800,,-28.14277,153.51367,1.29,1.87,5.88,4.23,23.76,49.59,0.14,137.67
Bilinga,4224,1762095600,,-28.1428,153.51362,1.38,2.61,5.88,4.37,23.67,53.37,0.12,116.48
Bilinga,4224,1762097400,,-28.14281,153.51362,1.36,2.67,6.25,4.33,23.63,55.83,0.11,111.74
Bilinga,4224,1762099200,,-28.14278,153.51367,1.35,2.06,5.88,4.33,23.63,47.83,0.13,139.69
Bilinga,4224,1762101000,,-28.14281,153.51362,1.35,2.29,5.88,4.36,23.63,44.84,0.15,132.57
Bilinga,4224,1762102800,,-28.1428,153.51365,1.38,2.32,5.88,4.53,23.58,42.73,0.15,108.57
Bilinga,4224,1762104600,,-28.1428,153.51362,1.28,2.08,6.06,4.38,23.54,47.3,0.1,104.35
Bilinga,4224,1762106400,,-28.14277,153.51369,1.33,2.13,6.25,4.55,23.63,49.33,0.12,114.02
Bilinga,4224,1762108200,,-28.14275,153.51371,1.36,2.12,5.88,4.66,23.63,46.34,0.12,65.58
Bilinga,4224,1762110000,,-28.14271,153.51373,1.39,2.46,5.88,4.64,23.67,44.05,0.12,49.58
Bilinga,4224,1762111800,,-28.14271,153.51373,1.26,1.96,6.06,4.37,23.81,55.04,0.16,120.62
Bilinga,4224,1762113600,,-28.14274,153.51371,1.31,2.47,6.25,4.46,23.72,58.56,0.15,106.46
Bilinga,4224,1762115400,,-28.14275,153.51371,1.29,2.17,6.06,4.42,23.67,50.21,0.2,104.26
Bilinga,4224,1762117200,,-28.14274,153.51373,1.26,2.24,5.88,4.29,23.49,39.92,0.2,125.36
Bilinga,4224,1762119000,,-28.14271,153.51375,1.26,2.42,5.71,4.27,23.4,44.84,0.22,111.91
Bilinga,4224,1762120800,,-28.14271,153.51373,1.26,2.11,6.25,4.27,23.44,56.27,0.17,131.52
Bilinga,4224,1762122600,,-28.14274,153.51371,1.2,2.43,6.25,4.14,23.4,50.73,0.16,128.26
Bilinga,4224,1762124400,,-28.14274,153.51375,1.16,1.94,6.25,4.12,23.31,57.24,0.14,110.59
Bilinga,4224,1762126200,,-28.14274,153.51373,1.17,2.0,6.25,4.08,23.35,54.87,0.15,139.34
Bilinga,4224,1762128000,,-28.14275,153.51373,1.2,1.9,6.25,4.16,23.44,60.14,0.15,138.73
Bilinga,4224,1762129800,,-28.14275,153.51373,1.14,1.91,5.56,4.12,23.54,48.01,0.18,112.18
Bilinga,4224,1762131600,,-28.14275,153.51371,1.18,1.96,5.88,4.11,23.54,51.0,0.12,101.8
Bilinga,4224,1762133400,,-28.14278,153.51371,1.24,1.97,6.67,4.15,23.58,63.92,0.14,122.2
Bilinga,4224,1762135200,,-28.14278,153.51367,1.22,1.89,5.56,4.0,23.54,43.79,0.15,107.43
Bilinga,4224,1762137000,,-28.14277,153.51369,1.25,1.9,6.25,3.99,23.49,61.99,0.13,102.95
Bilinga,4224,1762138800,,-28.14278,153.51367,1.27,1.97,4.55,3.99,23.49,25.85,0.21,125.01
Bilinga,4224,1762140600,,-28.1428,153.51362,1.31,2.21,5.88,4.05,23.49,44.05,0.17,127.82
Bilinga,4224,1762142400,,-28.1428,153.51369,1.3,2.46,5.56,4.08,23.49,41.06,0.24,145.49
Bilinga,4224,1762144200,,-28.14278,153.51367,1.36,2.28,6.06,4.08,23.49,48.8,0.15,126.24
Bilinga,4224,1762146000,,-28.14278,153.51369,1.27,2.07,6.25,4.03,23.44,50.73,0.18,145.93
Bilinga,4224,1762147800,,-28.14278,153.51371,1.33,2.32,6.25,4.06,23.4,54.34,0.19,122.29
Bilinga,4224,1762149600,,-28.14278,153.51371,1.33,2.24,5.41,4.12,23.4,37.81,0.22,131.87
Bilinga,4224,1762151400,,-28.14275,153.51371,1.37,2.17,6.06,4.2,23.35,53.72,0.17,119.21
Bilinga,4224,1762153200,,-28.14275,153.51373,1.38,3.05,6.25,4.2,23.26,57.41,0.2,133.45
Bilinga,4224,1762155000,,-28.14277,153.51371,1.41,2.5,5.88,4.25,23.22,49.41,0.21,139.08
Bilinga,4224,1762156800,,-28.14271,153.51377,1.41,3.06,5.88,4.33,23.17,44.84,0.14,122.55
Bilinga,4224,1762158600,,-28.14275,153.51373,1.44,2.22,6.06,4.36,23.17,56.45,0.19,114.11
Bilinga,4224,1762160400,,-28.14277,153.51371,1.4,2.39,6.06,4.35,23.13,51.35,0.17,135.38
Bilinga,4224,1762162200,,-28.14277,153.51373,1.56,2.55,6.25,4.44,23.04,47.48,0.23,123.08
Bilinga,4224,1762164000,,-28.14277,153.51373,1.54,2.57,5.71,4.47,23.04,37.37,0.16,112.35
Bilinga,4224,1762165800,,-28.14274,153.51377,1.52,2.88,6.25,4.51,22.99,48.62,0.16,118.68
Bilinga,4224,1762167600,,-28.14275,153.51373,1.53,2.71,6.25,4.54,23.04,37.28,0.17,98.99
Bilinga,4224,1762169400,,-28.14275,153.51375,1.56,2.63,6.45,4.64,23.04,50.38,0.18,105.67
Bilinga,4224,1762171200,,-28.14277,153.51373,1.62,2.61,6.25,4.78,23.31,42.91,0.2,92.4
Bilinga,4224,1762173000,,-28.14278,153.51371,1.74,3.07,6.67,4.77,23.44,44.05,0.17,95.82
Bilinga,4224,1762174800,,-28.14278,153.51371,1.58,2.57,6.25,4.6,23.35,42.03,0.15,101.45
Bilinga,4224,1762176600,,-28.14278,153.51371,1.58,3.04,6.25,4.7,23.17,38.6,0.16,79.12
Bilinga,4224,1762178400,,-28.14274,153.51373,1.51,2.82,5.88,4.62,23.13,44.4,0.12,75.16
Bilinga,4224,1762178400,,-28.14275,153.51375,1.51,2.82,5.88,4.62,23.13,44.4,0.12,75.16
Bilinga,4224,1762180200,,-28.14274,153.51373,1.55,2.4,6.45,4.73,23.13,44.49,0.17,115.87
Bilinga,4224,1762182000,,-28.14277,153.51371,1.51,2.67,6.25,4.67,23.13,43.79,0.14,92.92
Bilinga,4224,1762183800,,-28.14277,153.51371,1.5,2.91,6.25,4.7,23.13,42.12,0.08,100.04
Bilinga,4224,1762185600,,-28.14277,153.51371,1.49,2.28,6.45,4.79,23.17,46.95,0.13,87.47
Bilinga,4224,1762187400,,-28.14278,153.51362,1.41,2.57,6.06,4.76,23.31,42.03,0.17,82.2
Bilinga,4224,1762189200,,-28.14277,153.51365,1.27,2.15,6.25,4.65,23.31,43.88,0.13,94.51
Bilinga,4224,1762191000,,-28.14275,153.51365,1.3,2.48,6.25,4.75,23.26,46.95,0.07,70.33
Bilinga,4224,1762192800,,-28.14277,153.51362,1.28,2.31,6.25,4.69,23.31,40.54,0.08,9.58
Bilinga,4224,1762194600,,-28.14274,153.5136,1.25,2.2,6.06,4.76,23.4,41.15,0.06,48.53
Bilinga,4224,1762196400,,-28.14277,153.51358,1.2,2.09,6.25,4.62,23.44,44.67,0.04,358.42
Bilinga,4224,1762198200,,-28.14277,153.51365,1.18,1.79,6.25,4.78,23.4,43.0,0.03,345.76
Bilinga,4224,1762200000,,-28.14275,153.51371,1.04,1.78,6.45,4.73,23.44,47.83,0.07,22.07
Bilinga,4224,1762201800,,-28.14275,153.51371,1.04,1.92,5.71,4.8,23.49,37.11,0.05,56.44
Bilinga,4224,1762203600,,-28.14274,153.51371,1.04,1.74,6.45,4.83,23.4,48.36,0.03,85.63
Bilinga,4224,1762205400,,-28.14274,153.51371,1.0,1.61,5.88,4.78,23.4,43.96,0.07,46.86
Bilinga,4224,1762207200,,-28.14271,153.51371,0.98,1.75,6.25,4.85,23.31,46.16,0.06,42.81
Bilinga,4224,1762209000,,-28.1427,153.51375,0.9,1.31,6.25,4.78,23.31,45.46,0.08,42.2
Bilinga,4224,1762210800,,-28.14271,153.51375,0.89,1.35,8.7,4.78,23.31,73.59,0.07,40.88
Bilinga,4224,1762212600,,-28.14271,153.51377,0.82,1.28,6.25,4.62,23.26,50.91,0.05,19.87
Bilinga,4224,1762214400,,-28.14277,153.51371,0.8,1.37,6.67,4.78,23.26,59.61,0.07,24.26
Bilinga,4224,1762216200,,-28.14277,153.51369,0.84,1.22,6.25,4.82,23.31,50.21,0.08,8.97
Bilinga,4224,1762218000,,-28.14277,153.51365,0.78,1.31,6.06,4.68,23.49,54.78,0.06,351.03
Bilinga,4224,1762219800,,-28.14275,153.51367,0.79,1.18,8.0,4.47,23.63,74.47,0.06,56.62
Bilinga,4224,1762221600,,-28.14277,153.51362,0.8,1.64,6.25,4.37,23.63,52.93,0.04,357.8
Bilinga,4224,1762223400,,-28.14278,153.51358,0.82,1.26,6.25,4.28,23.67,51.88,0.03,62.51
Bilinga,4224,1762225200,,-28.14281,153.5135,0.75,1.35,7.14,4.02,23.58,66.56,0.02,23.65
Bilinga,4224,1762227000,,-28.1428,153.51343,0.79,1.33,6.06,4.03,23.76,45.99,0.01,155.52
Bilinga,4224,1762228800,,-28.14278,153.51337,0.85,1.3,6.25,4.15,23.67,60.84,0.04,182.33
Bilinga,4224,1762230600,,-28.14278,153.51326,0.84,1.37,6.67,3.96,23.35,66.29,0.03,191.3
Bilinga,4224,1762232400,,-28.14277,153.51326,0.84,1.47,6.45,3.87,23.13,64.54,0.04,166.33
Bilinga,4224,1762234200,,-28.14278,153.51326,0.84,1.51,5.71,3.75,22.95,57.68,0.07,166.86
Bilinga,4224,1762236000,,-28.14281,153.51328,0.86,1.41,6.06,3.83,22.9,63.3,0.06,133.8
Bilinga,4224,1762237800,,-28.14277,153.5133,0.91,1.39,6.25,3.79,22.86,62.6,0.05,104.35
Bilinga,4224,1762239600,,-28.1428,153.51328,0.93,1.63,6.25,3.79,22.81,63.3,0.07,125.01
Bilinga,4224,1762241400,,-28.14281,153.51328,0.93,1.55,5.88,3.84,22.81,57.06,0.07,76.75
Bilinga,4224,1762243200,,-28.1428,153.51332,0.9,1.65,6.06,3.84,22.77,68.32,0.07,134.68
Bilinga,4224,1762245000,,-28.14281,153.51339,0.88,1.76,6.25,3.86,22.68,60.58,0.07,102.24
Bilinga,4224,1762246800,,-28.1428,153.51337,0.9,1.48,5.71,3.85,22.77,55.66,0.06,123.96
Bilinga,4224,1762248600,,-28.1428,153.51345,0.86,1.54,5.56,3.85,22.77,61.19,0.06,66.37
Bilinga,4224,1762250400,,-28.14275,153.51358,0.87,1.53,5.71,3.86,22.99,55.3,0.06,32.79
Bilinga,4224,1762252200,,-28.1427,153.5136,0.85,1.94,5.71,4.01,23.17,46.69,0.12,49.05
Bilinga,4224,1762254000,,-28.14257,153.5135,0.81,1.52,5.88,4.03,23.31,52.58,0.1,25.14
Bilinga,4224,1762255800,,-28.14244,153.51337,0.78,1.23,5.56,4.11,23.49,53.9,0.05,43.78
Bilinga,4224,1762257600,,-28.14238,153.51326,0.74,1.29,5.56,4.15,23.63,42.91,0.07,16.26
Bilinga,4224,1762259400,,-28.14233,153.51326,0.69,1.16,5.71,4.26,23.63,52.14,0.02,32.44
Bilinga,4224,1762261200,,-28.1423,153.51319,0.67,1.0,8.0,4.29,23.49,67.61,0.01,294.95
Bilinga,4224,1762263000,,-28.14226,153.51317,0.62,0.93,5.41,4.19,23.49,49.68,0.02,84.75
Bilinga,4224,1762264800,,-28.14225,153.51315,0.59,1.08,5.41,4.4,23.31,49.06,0.02,148.31
Bilinga,4224,1762264800,,-28.14225,153.51317,0.59,1.08,5.41,4.4,23.31,49.06,0.02,148.31
Bilinga,4224,1762266600,,-28.14223,153.51313,0.58,1.0,5.71,4.59,23.17,51.35,0.07,217.14
Bilinga,4224,1762268400,,-28.14225,153.51311,0.56,0.94,8.7,4.75,23.04,67.09,0.07,188.84
Bilinga,4224,1762270200,,-28.14223,153.51311,0.56,0.98,8.33,4.78,22.9,68.76,0.05,272.35
Bilinga,4224,1762272000,,-28.14223,153.51309,0.58,0.87,8.0,5.01,22.81,73.41,0.04,220.31
Bilinga,4224,1762273800,,-28.14223,153.51309,0.56,0.93,5.71,4.96,22.72,52.32,0.06,255.47
Bilinga,4224,1762275600,,-28.14223,153.51309,0.54,0.92,5.13,4.82,22.63,47.22,0.03,216.53
Bilinga,4224,1762277400,,-28.14225,153.51307,0.55,0.95,5.26,4.92,22.59,45.19,0.04,275.34
Bilinga,4224,1762279200,,-28.1423,153.51309,0.58,0.98,9.09,4.98,22.59,71.48,0.04,193.32
Bilinga,4224,1762281000,,-28.14232,153.51311,0.54,0.94,5.41,5.12,22.5,49.77,0.07,269.71
Bilinga,4224,1762282800,,-28.1423,153.51311,0.56,0.84,9.09,5.19,22.5,69.99,0.05,275.69
Bilinga,4224,1762284600,,-28.1423,153.51311,0.57,0.95,9.52,5.23,22.45,67.7,0.05,306.11
Bilinga,4224,1762286400,,-28.14233,153.51319,0.57,0.96,9.09,5.21,22.45,64.36,0.03,256.26
Bilinga,4224,1762288200,,-28.14238,153.51324,0.54,0.95,8.33,5.1,22.45,71.13,0.01,263.38
Bilinga,4224,1762290000,,-28.14238,153.51326,0.48,0.84,8.7,4.65,22.41,73.33,0.03,293.45
Bilinga,4224,1762291800,,-28.1424,153.51326,0.52,0.85,9.09,4.78,22.41,65.06,0.03,328.0
Bilinga,4224,1762293600,,-28.14241,153.51332,0.5,0.9,9.52,4.62,22.41,65.33,0.02,208.62
Bilinga,4224,1762295400,,-28.14245,153.51334,0.53,1.15,8.7,4.97,22.41,67.52,0.03,226.46
Bilinga,4224,1762297200,,-28.14247,153.51337,0.53,0.88,9.09,4.89,22.45,68.23,0.04,308.66
Bilinga,4224,1762299000,,-28.1425,153.51332,0.54,0.9,9.09,3.83,22.5,69.72,0.04,223.12
Bilinga,4224,1762300800,,-28.14253,153.51324,0.59,1.13,8.7,3.92,22.5,70.6,0.04,180.04
Bilinga,4224,1762302600,,-28.14253,153.51322,0.54,1.02,8.7,3.63,22.45,72.54,0.06,234.55
Bilinga,4224,1762304400,,-28.14255,153.51317,0.55,0.88,9.09,3.63,22.45,73.24,0.02,224.26
Bilinga,4224,1762306200,,-28.14255,153.51317,0.54,0.89,8.33,3.51,22.36,74.38,0.08,257.14
Bilinga,4224,1762308000,,-28.14255,153.51315,0.56,1.22,8.33,3.64,22.32,75.79,0.02,260.75
Bilinga,4224,1762309800,,-28.1425,153.51309,0.57,0.95,8.33,3.64,22.32,75.17,0.04,234.73
Bilinga,4224,1762311600,,-28.1425,153.51307,0.55,0.99,8.7,3.92,22.32,70.51,0.06,208.62
Bilinga,4224,1762313400,,-28.14248,153.51305,0.59,1.07,8.7,4.01,22.23,75.09,0.05,199.03
Bilinga,4224,1762315200,,-28.14247,153.51302,0.6,0.98,8.33,3.88,22.23,73.94,0.08,210.46
Bilinga,4224,1762317000,,-28.14247,153.513,0.56,1.06,8.33,3.65,22.23,70.43,0.06,232.18
Bilinga,4224,1762318800,,-28.14247,153.513,0.59,1.12,8.7,3.89,22.23,68.58,0.07,178.2
Bilinga,4224,1762320600,,-28.14247,153.513,0.59,0.94,8.0,3.87,22.18,66.65,0.06,208.26
Bilinga,4224,1762322400,,-28.14244,153.51302,0.56,0.93,8.7,3.82,22.18,71.04,0.05,225.58
Bilinga,4224,1762324200,,-28.14241,153.513,0.58,0.91,8.0,4.08,22.18,68.93,0.03,190.24
Bilinga,4224,1762326000,,-28.14247,153.51302,0.58,1.08,7.69,4.04,22.18,67.88,0.02,285.71
Bilinga,4224,1762327800,,-28.1425,153.51305,0.6,1.07,8.7,4.28,22.18,69.9,0.02,193.58
Bilinga,4224,1762329600,,-28.14248,153.51305,0.59,0.86,8.33,4.05,22.18,63.39,0.02,354.02
Bilinga,4224,1762331400,,-28.14244,153.51305,0.58,0.9,8.33,4.26,22.18,69.28,0.01,310.95
Bilinga,4224,1762333200,,-28.14238,153.51302,0.55,0.86,8.0,4.11,22.18,73.5,0.01,340.48
Bilinga,4224,1762335000,,-28.14238,153.51302,0.61,1.2,9.09,4.55,22.14,73.33,0.03,217.58
Bilinga,4224,1762336800,,-28.14235,153.51302,0.59,0.86,8.7,4.42,22.1,73.59,0.02,68.48
Bilinga,4224,1762338600,,-28.1423,153.51309,0.56,1.03,8.33,4.59,22.05,73.85,0.05,269.19
Bilinga,4224,1762340400,,-28.14229,153.51311,0.59,0.95,8.7,4.72,22.05,68.67,0.11,303.74
Bilinga,4224,1762342200,,-28.14225,153.51313,0.6,0.95,9.09,4.75,22.05,74.91,0.05,326.51
Bilinga,4224,1762344000,,-28.14223,153.51313,0.58,1.09,8.33,4.83,22.05,72.89,0.1,319.38
Bilinga,4224,1762345800,,-28.14222,153.51315,0.58,0.96,8.7,5.04,22.05,72.62,0.06,318.59
Bilinga,4224,1762347600,,-28.14222,153.51315,0.58,0.83,8.33,4.95,22.05,75.26,0.08,317.1
Bilinga,4224,1762349400,,-28.14217,153.51315,0.61,0.95,9.09,5.18,22.01,77.9,0.06,323.08
Bilinga,4224,1762351200,,-28.14217,153.51317,0.59,0.89,8.33,5.14,22.01,67.88,0.1,315.6
Bilinga,4224,1762353000,,-28.14217,153.51317,0.55,1.0,8.7,5.29,21.96,75.09,0.09,316.48
Bilinga,4224,1762354800,,-28.14215,153.51317,0.55,0.91,8.7,5.13,21.96,70.6,0.07,318.24
Bilinga,4224,1762356600,,-28.14217,153.51317,0.53,0.96,8.7,5.09,21.96,76.76,0.08,322.11
Bilinga,4224,1762358400,,-28.14218,153.51315,0.55,0.92,9.09,5.37,21.96,73.94,0.1,1.58
Bilinga,4224,1762360200,,-28.14222,153.51311,0.56,0.96,8.7,5.32,21.96,71.83,0.1,330.11
Bilinga,4224,1762362000,,-28.14226,153.51305,0.54,0.86,9.09,5.27,21.92,72.54,0.07,324.75
Bilinga,4224,1762363800,,-28.14226,153.51311,0.53,0.9,8.7,5.27,21.92,71.3,0.11,354.73
Bilinga,4224,1762365600,,-28.14226,153.51311,0.53,0.83,8.33,5.35,21.92,74.65,0.09,338.29
Bilinga,4224,1762367400,,-28.14226,153.51313,0.53,0.81,9.52,5.31,21.92,78.78,0.07,351.56
Bilinga,4224,1762369200,,-28.14226,153.51313,0.52,0.82,8.7,5.46,21.92,72.89,0.06,341.27
Bilinga,4224,1762371000,,-28.14232,153.51319,0.54,0.77,8.33,5.49,21.92,74.38,0.05,342.24
Bilinga,4224,1762372800,,-28.14237,153.51322,0.52,0.78,9.52,5.56,21.92,77.72,0.07,17.93
Bilinga,4224,1762374600,,-28.14241,153.51328,0.55,0.9,9.52,5.67,21.92,74.12,0.03,53.1
Bilinga,4224,1762376400,,-28.14252,153.51339,0.58,1.01,9.09,5.5,21.92,69.19,0.09,55.21
Bilinga,4224,1762378200,,-28.14263,153.51347,0.6,0.96,9.09,5.69,21.92,68.49,0.04,38.51
Bilinga,4224,1762380000,,-28.14271,153.51356,0.51,0.84,8.33,4.87,21.96,70.87,0.07,321.58
Bilinga,4224,1762381800,,-28.14271,153.51362,0.54,0.84,8.7,4.92,22.05,66.47,0.06,277.27
Bilinga,4224,1762383600,,-28.14271,153.51365,0.53,0.87,9.09,4.57,22.1,71.83,0.04,203.43
Bilinga,4224,1762385400,,-28.1427,153.51367,0.56,0.95,9.52,4.66,22.18,72.01,0.07,228.84
Bilinga,4224,1762387200,,-28.14271,153.51369,0.56,0.85,9.09,4.68,22.23,74.82,0.06,177.32
Bilinga,4224,1762389000,,-28.14268,153.51369,0.6,0.92,8.7,4.82,22.32,72.1,0.07,227.16
Bilinga,4224,1762390800,,-28.1427,153.51369,0.59,0.94,9.52,4.5,22.36,68.4,0.08,191.21
Bilinga,4224,1762392600,,-28.14271,153.51369,0.58,1.01,9.09,4.26,22.41,67.52,0.06,239.74
Bilinga,4224,1762394400,,-28.14271,153.51367,0.51,0.89,8.7,3.9,22.45,69.99,0.08,211.16
Bilinga,4224,1762396200,,-28.14271,153.51367,0.55,1.2,9.09,3.88,22.45,68.05,0.06,247.03
Bilinga,4224,1762398000,,-28.14274,153.51367,0.63,1.21,9.09,4.18,22.41,69.28,0.04,188.66
Bilinga,4224,1762399800,,-28.14271,153.51369,0.57,1.06,9.09,3.82,22.41,70.51,0.02,168.79
Bilinga,4224,1762401600,,-28.14274,153.51367,0.56,0.91,9.09,3.68,22.45,75.44,0.04,184.44
Bilinga,4224,1762403400,,-28.14274,153.51365,0.57,0.91,9.09,3.67,22.41,72.45,0.03,246.86
Bilinga,4224,1762405200,,-28.14275,153.51365,0.58,1.04,8.33,3.67,22.41,68.58,0.04,165.1
Bilinga,4224,1762407000,,-28.14275,153.5136,0.61,1.0,9.09,3.69,22.41,67.0,0.03,168.35
Bilinga,4224,1762408800,,-28.14274,153.51356,0.59,0.95,9.52,3.64,22.41,66.91,0.03,112.18
Bilinga,4224,1762410600,,-28.14274,153.51356,0.58,0.98,9.09,3.7,22.41,66.47,0.05,153.41
Bilinga,4224,1762412400,,-28.14277,153.51356,0.57,1.29,9.09,3.67,22.36,70.78,0.08,159.21
Bilinga,4224,1762414200,,-28.14275,153.51352,0.56,0.9,8.7,3.77,22.36,73.5,0.04,194.73
Bilinga,4224,1762416000,,-28.14275,153.5135,0.63,0.94,8.33,4.12,22.32,78.69,0.02,118.33
Bilinga,4224,1762417800,,-28.14274,153.51347,0.63,1.01,8.33,4.09,22.32,77.72,0.03,185.05
Bilinga,4224,1762419600,,-28.14271,153.51343,0.58,0.9,9.09,4.06,22.32,74.82,0.05,155.25
Bilinga,4224,1762421400,,-28.14274,153.5135,0.6,0.97,9.09,4.1,22.54,76.76,0.11,171.43
Bilinga,4224,1762423200,,-28.14274,153.5136,0.61,1.09,8.7,4.26,22.54,75.7,0.11,125.1
Bilinga,4224,1762425000,,-28.14274,153.51365,0.61,1.01,8.7,4.32,22.45,80.89,0.08,83.34
Bilinga,4224,1762426800,,-28.14275,153.51362,0.61,1.12,9.09,4.52,22.45,80.71,0.05,112.0
Bilinga,4224,1762428600,,-28.14274,153.51369,0.58,1.03,9.09,4.46,22.45,73.33,0.05,167.91
Bilinga,4224,1762430400,,-28.1427,153.51365,0.61,1.18,8.0,4.68,22.41,81.94,0.05,104.0
Bilinga,4224,1762432200,,-28.14274,153.51362,0.6,0.95,8.33,4.68,22.36,82.12,0.02,131.34
Bilinga,4224,1762434000,,-28.14271,153.51362,0.57,1.03,5.13,4.61,22.36,91.35,0.03,127.82
Bilinga,4224,1762435800,,-28.14271,153.51362,0.58,0.83,8.33,4.72,22.32,79.66,0.03,2.02
Bilinga,4224,1762437600,,-28.14274,153.51362,0.58,0.99,8.33,4.67,22.32,74.56,0.02,134.24
Bilinga,4224,1762437600,,-28.14271,153.51362,0.58,0.99,8.33,4.67,22.32,74.56,0.02,134.24
Bilinga,4224,1762439400,,-28.14271,153.51362,0.55,0.93,8.33,4.83,22.27,77.9,0.02,327.91
Bilinga,4224,1762441200,,-28.1427,153.51362,0.57,0.88,8.7,4.72,22.27,78.34,0.04,352.97
Bilinga,4224,1762443000,,-28.1427,153.51362,0.58,0.92,8.33,4.77,22.27,73.5,0.06,19.16
Bilinga,4224,1762444800,,-28.14268,153.51365,0.59,1.15,8.7,4.72,22.18,73.94,0.04,7.12
Bilinga,4224,1762446600,,-28.1427,153.51365,0.59,1.07,8.7,4.76,22.18,67.17,0.01,17.23
Bilinga,4224,1762448400,,-28.1427,153.51362,0.55,0.92,8.7,4.6,22.18,71.74,0.04,20.04
Bilinga,4224,1762450200,,-28.14271,153.51367,0.57,0.96,8.7,4.79,22.18,71.04,0.08,42.2
Bilinga,4224,1762452000,,-28.14275,153.51367,0.62,0.93,8.33,4.96,22.18,71.04,0.08,47.74
Bilinga,4224,1762453800,,-28.14274,153.51367,0.57,0.93,8.7,4.82,22.18,71.04,0.08,68.13
Bilinga,4224,1762455600,,-28.14275,153.51367,0.58,0.97,8.0,4.97,22.18,73.68,0.12,85.36
Bilinga,4224,1762457400,,-28.14275,153.51369,0.55,0.87,8.33,4.95,22.18,76.49,0.11,78.42
Bilinga,4224,1762459200,,-28.14274,153.51369,0.57,0.83,8.33,4.89,22.14,74.65,0.13,102.95
Bilinga,4224,1762461000,,-28.14275,153.51369,0.56,1.0,8.7,4.99,22.14,74.03,0.13,106.64
Bilinga,4224,1762462800,,-28.14274,153.51369,0.57,0.88,8.7,5.04,22.18,76.67,0.07,123.69
Bilinga,4224,1762464600,,-28.14274,153.51369,0.57,1.03,8.33,5.13,22.18,79.22,0.17,110.42
Bilinga,4224,1762466400,,-28.14274,153.51369,0.58,1.04,8.33,5.01,22.41,78.69,0.14,105.76
Bilinga,4224,1762468200,,-28.14274,153.51371,0.55,0.82,8.33,4.8,22.54,78.95,0.15,98.81
Bilinga,4224,1762470000,,-28.14274,153.51371,0.6,0.98,8.0,5.08,22.59,78.78,0.15,84.84
Bilinga,4224,1762471800,,-28.14271,153.51371,0.56,0.99,8.7,4.83,22.9,81.24,0.14,113.85
Bilinga,4224,1762473600,,-28.14271,153.51371,0.55,0.86,8.0,4.96,23.4,84.23,0.21,115.43
Bilinga,4224,1762475400,,-28.14271,153.51373,0.56,0.85,8.7,5.07,23.63,85.28,0.13,72.0
Bilinga,4224,1762477200,,-28.14271,153.51375,0.53,0.87,8.33,4.92,23.49,85.63,0.12,96.35
Bilinga,4224,1762479000,,-28.14275,153.51371,0.52,0.91,8.0,4.88,23.44,83.08,0.05,75.25
Bilinga,4224,1762480800,,-28.14274,153.51371,0.56,0.89,9.09,4.69,23.04,84.84,0.12,105.76
Bilinga,4224,1762482600,,-28.14277,153.51371,0.55,0.88,8.0,4.1,23.08,83.79,0.14,139.16
Bilinga,4224,1762484400,,-28.14278,153.51371,0.6,0.97,9.09,4.05,22.95,86.34,0.14,145.58
Bilinga,4224,1762486200,,-28.14278,153.51371,0.54,0.86,8.33,3.63,22.81,97.06,0.15,131.69
Bilinga,4224,1762488000,,-28.14278,153.51369,0.55,0.91,9.52,3.71,22.72,88.18,0.14,127.56
Bilinga,4224,1762489800,,-28.1428,153.51367,0.57,0.89,8.33,3.58,22.63,87.48,0.14,133.27
Bilinga,4224,1762491600,,-28.14281,153.51365,0.56,0.98,6.9,3.47,22.68,100.76,0.18,123.52
Bilinga,4224,1762493400,,-28.14281,153.51367,0.61,1.19,8.7,3.72,22.68,79.04,0.15,115.16
Bilinga,4224,1762495200,,-28.14278,153.51369,0.58,1.17,8.7,3.64,22.68,83.08,0.12,102.86
Bilinga,4224,1762497000,,-28.14278,153.51367,0.62,1.14,8.33,3.79,22.68,84.4,0.14,116.22
Bilinga,4224,1762498800,,-28.14277,153.51367,0.61,1.26,8.33,3.73,22.68,77.02,0.1,112.09
Bilinga,4224,1762500600,,-28.14277,153.51371,0.61,1.13,8.7,3.69,22.63,78.87,0.12,101.8
Bilinga,4224,1762502400,,-28.14275,153.51369,0.59,1.1,6.9,3.54,22.59,96.18,0.1,96.09
Bilinga,4224,1762504200,,-28.14277,153.51371,0.63,1.02,8.7,3.66,22.77,77.28,0.12,96.44
Bilinga,4224,1762506000,,-28.14277,153.51369,0.62,1.14,8.7,3.55,22.81,86.78,0.1,106.29
Bilinga,4224,1762507800,,-28.14277,153.51367,0.59,1.01,8.7,3.42,22.68,94.16,0.17,112.0
Bilinga,4224,1762509600,,-28.14275,153.51371,0.65,1.01,8.0,3.45,22.68,89.77,0.13,119.47
Bilinga,4224,1762511400,,-28.14277,153.51369,0.66,1.35,8.7,3.5,22.68,91.44,0.11,102.42
Bilinga,4224,1762513200,,-28.14278,153.51367,0.62,1.15,8.7,3.42,22.68,90.65,0.12,96.0
Bilinga,4224,1762515000,,-28.14277,153.51367,0.62,1.22,8.0,3.61,22.68,93.46,0.16,111.47
Bilinga,4224,1762516800,,-28.14277,153.51369,0.6,1.19,8.7,3.88,22.68,92.4,0.08,88.09
Bilinga,4224,1762518600,,-28.14275,153.51371,0.6,0.96,8.33,4.01,22.68,88.98,0.17,95.03
Bilinga,4224,1762520400,,-28.14271,153.51371,0.59,1.04,8.0,4.03,22.68,96.36,0.14,95.12
Bilinga,4224,1762522200,,-28.14274,153.51362,0.66,1.05,8.33,4.31,22.68,88.89,0.1,92.92
Bilinga,4224,1762524000,,-28.14271,153.51365,0.6,1.15,7.69,4.17,22.68,93.46,0.11,91.96
Bilinga,4224,1762524000,,-28.14274,153.51365,0.6,1.15,7.69,4.17,22.68,93.46,0.11,91.96
Bilinga,4224,1762525800,,-28.14275,153.51362,0.65,1.04,8.33,4.48,22.63,93.28,0.08,85.71
Bilinga,4224,1762527600,,-28.14275,153.51362,0.65,0.99,8.33,4.34,22.59,87.92,0.1,97.67
Bilinga,4224,1762529400,,-28.14275,153.51362,0.68,1.16,8.33,4.54,22.54,86.51,0.1,104.53
Bilinga,4224,1762531200,,-28.14277,153.51362,0.67,1.07,7.69,4.5,22.5,88.1,0.08,93.36
Bilinga,4224,1762533000,,-28.14277,153.51365,0.67,1.1,8.33,4.37,22.45,85.63,0.08,56.79
Bilinga,4224,1762534800,,-28.14275,153.51365,0.67,1.19,8.33,4.07,22.45,86.07,0.07,75.96
Bilinga,4224,1762536600,,-28.14277,153.51365,0.67,1.4,8.7,4.16,22.41,84.58,0.07,69.36
Bilinga,4224,1762538400,,-28.14277,153.51362,0.68,1.03,8.33,4.22,22.41,88.01,0.08,99.25
Bilinga,4224,1762540200,,-28.14275,153.51365,0.67,1.04,7.69,4.14,22.36,89.15,0.09,89.49
Bilinga,4224,1762542000,,-28.14277,153.51365,0.66,1.07,7.69,4.33,22.36,84.76,0.07,69.89
Bilinga,4224,1762543800,,-28.14277,153.51367,0.57,0.99,8.33,4.06,22.36,86.95,0.11,88.7
Bilinga,4224,1762545600,,-28.14277,153.51365,0.61,0.93,8.33,4.35,22.36,86.6,0.09,107.34
Bilinga,4224,1762547400,,-28.14275,153.51367,0.63,1.09,8.33,4.57,22.32,90.47,0.15,116.75
Bilinga,4224,1762549200,,-28.14275,153.51367,0.55,0.86,7.69,4.28,22.32,96.62,0.14,105.49
Bilinga,4224,1762551000,,-28.14275,153.51369,0.59,0.96,8.33,4.31,22.36,91.7,0.13,116.4
Bilinga,4224,1762552800,,-28.14278,153.51365,0.66,1.26,7.14,3.88,22.45,97.33,0.09,132.84
Bilinga,4224,1762554600,,-28.1428,153.51371,0.62,1.14,7.69,3.35,22.32,95.57,0.18,126.15
Bilinga,4224,1762556400,,-28.1428,153.51371,0.66,1.2,8.0,3.34,22.14,101.28,0.25,133.63
Bilinga,4224,1762558200,,-28.14281,153.51371,0.66,1.0,8.33,3.28,22.1,96.8,0.27,128.7
Bilinga,4224,1762560000,,-28.1428,153.51371,0.67,1.23,8.0,3.14,22.1,99.88,0.24,143.74
Bilinga,4224,1762561800,,-28.1428,153.51373,0.69,1.26,8.0,2.98,22.18,106.03,0.33,135.03
Bilinga,4224,1762563600,,-28.1428,153.51373,0.75,1.19,7.69,3.03,21.96,95.48,0.31,132.48
Bilinga,4224,1762565400,,-28.14281,153.51375,0.76,1.35,3.39,2.98,21.87,7.13,0.41,137.41
Bilinga,4224,1762567200,,-28.14281,153.51373,0.83,1.32,3.92,3.1,21.92,13.63,0.36,138.46
Bilinga,4224,1762569000,,-28.1428,153.51373,0.85,1.58,3.7,3.12,21.74,14.95,0.33,131.96
Bilinga,4224,1762570800,,-28.14281,153.51373,0.81,1.32,3.7,3.14,21.83,19.08,0.37,129.67
Bilinga,4224,1762572600,,-28.14281,153.51373,0.9,1.48,4.08,3.27,21.83,28.14,0.28,132.04
Bilinga,4224,1762574400,,-28.1428,153.51375,0.99,1.66,3.77,3.38,21.74,21.46,0.34,147.87
Bilinga,4224,1762576200,,-28.1428,153.51375,1.05,1.69,4.35,3.46,21.47,30.69,0.35,124.92
Bilinga,4224,1762578000,,-28.14281,153.51375,1.09,1.91,4.44,3.51,21.52,32.54,0.36,133.98
Bilinga,4224,1762579800,,-28.1428,153.51375,1.17,1.95,4.76,3.62,21.47,28.4,0.32,144.79
Bilinga,4224,1762581600,,-28.1428,153.51373,1.16,2.34,4.76,3.64,21.25,24.27,0.36,141.1
Bilinga,4224,1762583400,,-28.1428,153.51373,1.17,1.81,4.76,3.63,21.34,19.08,0.32,130.11
Bilinga,4224,1762585200,,-28.14278,153.51375,1.18,2.06,4.76,3.76,21.21,19.61,0.23,135.21
Bilinga,4224,1762587000,,-28.14281,153.51371,1.14,1.94,4.76,3.74,21.16,23.57,0.23,126.59
Bilinga,4224,1762588800,,-28.1428,153.51371,1.06,1.82,4.55,3.65,21.08,17.94,0.28,130.11
Bilinga,4224,1762590600,,-28.14278,153.51373,1.04,1.56,4.88,3.61,21.03,28.93,0.23,119.21
Bilinga,4224,1762592400,,-28.14278,153.51375,0.91,1.75,4.76,3.6,20.99,32.18,0.23,121.76
Bilinga,4224,1762594200,,-28.14277,153.5138,0.86,1.45,4.76,3.79,21.25,29.28,0.25,92.92
Bilinga,4224,1762596000,,-28.14275,153.5138,0.87,1.33,4.88,3.68,22.14,29.9,0.29,100.4
Bilinga,4224,1762597800,,-28.14278,153.51375,0.87,1.34,4.88,3.7,21.96,32.36,0.24,116.92
Bilinga,4224,1762599600,,-28.14277,153.51377,0.81,1.38,5.41,3.85,21.87,31.66,0.25,108.4
Bilinga,4224,1762601400,,-28.14277,153.51377,0.82,1.42,5.56,3.92,21.92,35.79,0.2,98.81
Bilinga,4224,1762603200,,-28.14277,153.51377,0.79,1.41,5.26,3.83,21.78,36.76,0.18,85.1
Bilinga,4224,1762605000,,-28.14277,153.51371,0.76,1.2,4.76,3.48,21.74,32.1,0.17,95.65
Bilinga,4224,1762606800,,-28.14277,153.51371,0.87,1.48,5.88,3.7,21.65,30.78,0.14,117.89
Bilinga,4224,1762608600,,-28.14275,153.51371,0.9,1.46,5.41,3.77,21.47,28.76,0.14,113.32
Bilinga,4224,1762610400,,-28.14277,153.51371,0.96,1.67,5.71,3.76,21.34,27.7,0.24,140.31
Bilinga,4224,1762610400,,-28.14275,153.51371,0.96,1.67,5.71,3.76,21.34,27.7,0.24,140.31
Bilinga,4224,1762612200,,-28.14278,153.51373,1.03,1.99,5.56,3.81,20.99,24.62,0.17,124.48
Bilinga,4224,1762614000,,-28.14278,153.51373,1.06,1.99,4.76,3.76,20.72,23.83,0.21,132.84
Bilinga,4224,1762615800,,-28.14277,153.51373,0.94,1.64,5.26,3.61,20.77,27.08,0.19,123.52
Bilinga,4224,1762617600,,-28.14277,153.51375,0.86,1.37,5.13,3.55,20.64,31.48,0.17,120.18
Bilinga,4224,1762619400,,-28.14277,153.51377,0.81,1.36,5.71,3.42,20.59,29.99,0.2,128.79
Bilinga,4224,1762621200,,-28.14277,153.51375,0.77,1.17,4.26,3.38,20.55,29.9,0.16,97.32
Bilinga,4224,1762623000,,-28.14275,153.51377,0.71,1.17,4.17,3.39,20.5,31.39,0.15,79.56
Bilinga,4224,1762624800,,-28.1427,153.51382,0.68,1.13,4.0,3.5,21.08,41.41,0.14,86.68
Bilinga,4224,1762626600,,-28.14268,153.5138,0.63,0.98,5.56,3.77,21.21,33.59,0.12,79.3
Bilinga,4224,1762628400,,-28.14268,153.51377,0.58,1.04,8.0,3.76,21.3,78.34,0.12,105.49
Bilinga,4224,1762630200,,-28.1427,153.51377,0.54,0.92,8.7,3.78,21.47,72.62,0.07,69.98
Bilinga,4224,1762632000,,-28.14271,153.51373,0.57,0.95,4.0,3.87,21.61,44.14,0.07,59.52
Bilinga,4224,1762633800,,-28.14274,153.51371,0.59,1.01,8.33,3.79,21.74,80.1,0.05,116.84
Bilinga,4224,1762635600,,-28.14274,153.51369,0.59,1.17,3.77,3.74,21.74,39.39,0.02,91.78
Bilinga,4224,1762637400,,-28.14274,153.51367,0.6,1.27,4.08,3.75,21.69,43.52,0.06,174.07
Bilinga,4224,1762639200,,-28.14274,153.51365,0.58,0.88,4.17,3.6,21.69,44.49,0.04,191.47
Bilinga,4224,1762641000,,-28.14277,153.51365,0.61,1.11,3.77,3.29,21.61,41.77,0.1,186.29
Bilinga,4224,1762642800,,-28.14278,153.51367,0.63,1.11,4.44,3.21,21.21,47.66,0.12,131.96
Bilinga,4224,1762644600,,-28.14277,153.51371,0.62,1.11,4.17,3.32,21.12,43.44,0.14,109.45
Bilinga,4224,1762646400,,-28.14277,153.51371,0.62,1.07,3.92,3.32,20.99,48.1,0.06,102.68
Bilinga,4224,1762648200,,-28.14277,153.51371,0.61,1.15,3.77,3.47,20.42,42.03,0.08,66.29
Bilinga,4224,1762650000,,-28.14275,153.51371,0.62,0.96,9.09,3.49,20.2,79.13,0.1,98.02
Bilinga,4224,1762651800,,-28.14275,153.51373,0.63,0.98,4.0,3.45,20.11,35.79,0.09,86.86
Bilinga,4224,1762653600,,-28.14277,153.51371,0.6,0.87,4.26,3.4,20.15,36.49,0.11,96.0
Bilinga,4224,1762655400,,-28.14277,153.51373,0.56,1.01,8.0,3.47,20.11,80.54,0.11,91.43
Bilinga,4224,1762657200,,-28.14277,153.51373,0.51,0.87,8.0,3.3,20.07,78.07,0.12,104.62
Bilinga,4224,1762659000,,-28.14277,153.51373,0.5,0.8,8.33,3.22,20.02,78.34,0.13,91.78
Bilinga,4224,1762660800,,-28.14275,153.51375,0.51,0.95,9.09,3.24,19.94,76.67,0.1,100.4
Bilinga,4224,1762662600,,-28.14275,153.51377,0.48,0.77,8.0,3.53,19.98,73.85,0.08,84.13
Bilinga,4224,1762664400,,-28.14275,153.51375,0.47,0.72,8.7,3.85,19.94,79.22,0.06,82.73
Bilinga,4224,1762666200,,-28.14275,153.51373,0.45,0.77,7.69,3.92,19.94,70.51,0.08,7.21
Bilinga,4224,1762668000,,-28.14271,153.51373,0.44,0.69,7.69,3.93,20.07,71.3,0.05,42.64
Bilinga,4224,1762669800,,-28.14274,153.51373,0.45,0.74,8.33,4.24,20.11,69.28,0.08,99.08
Bilinga,4224,1762671600,,-28.14271,153.51373,0.44,0.82,9.09,4.37,20.15,65.94,0.13,118.77
Bilinga,4224,1762673400,,-28.14271,153.51373,0.43,0.7,7.69,4.37,20.07,71.48,0.13,105.23
Bilinga,4224,1762675200,,-28.14275,153.51369,0.4,0.56,8.7,4.47,20.24,63.74,0.06,124.66
Bilinga,4224,1762677000,,-28.14271,153.51367,0.42,0.68,9.09,4.59,19.98,67.52,0.03,85.8
Bilinga,4224,1762678800,,-28.14271,153.51362,0.37,0.67,8.33,4.37,20.07,66.47,0.07,43.87
Bilinga,4224,1762680600,,-28.14268,153.51358,0.4,0.6,9.09,4.49,20.42,69.11,0.02,17.41
Bilinga,4224,1762682400,,-28.1426,153.51358,0.41,0.73,8.7,4.89,20.5,70.43,0.05,23.38
Bilinga,4224,1762684200,,-28.14253,153.51347,0.38,0.58,8.7,4.72,20.5,73.5,0.04,92.75
Bilinga,4224,1762686000,,-28.14255,153.5135,0.37,0.52,8.7,5.05,20.15,77.99,0.13,337.49
Bilinga,4224,1762687800,,-28.14265,153.51377,0.35,0.64,9.09,5.14,20.24,75.52,0.03,267.6
Bilinga,4224,1762689600,,-28.14252,153.5138,0.32,0.6,7.69,4.88,20.15,77.63,0.07,358.95
Bilinga,4224,1762691400,,-28.14244,153.51377,0.35,0.56,8.7,5.3,20.11,77.72,0.09,199.82
Bilinga,4224,1762693200,,-28.1426,153.51382,0.32,0.47,8.33,5.04,20.55,76.49,0.01,193.85
Bilinga,4224,1762695000,,-28.1426,153.51382,0.34,0.55,7.69,3.62,20.55,73.06,0.16,163.08
Bilinga,4224,1762696800,,-28.1425,153.51386,0.34,0.53,8.7,3.92,20.2,70.69,0.12,135.3
Bilinga,4224,1762696800,,-28.14248,153.51386,0.34,0.53,8.7,3.92,20.2,70.69,0.12,135.3
Bilinga,4224,1762698600,,-28.14247,153.51388,0.34,0.64,8.0,3.68,20.15,64.54,0.12,124.84
Bilinga,4224,1762700400,,-28.14232,153.51377,0.34,0.56,9.09,3.73,20.11,70.43,0.04,40.0
Bilinga,4224,1762702200,,-28.14226,153.51373,0.33,0.52,8.33,4.09,20.07,68.84,0.1,84.48
Bilinga,4224,1762704000,,-28.14226,153.51365,0.36,0.51,8.7,4.66,20.02,64.8,0.08,74.99
Bilinga,4224,1762705800,,-28.14226,153.51362,0.34,0.55,9.09,4.59,19.98,65.5,0.06,98.29
Bilinga,4224,1762707600,,-28.14226,153.51358,0.36,0.65,8.7,4.46,19.94,61.99,0.04,82.55
Bilinga,4224,1762709400,,-28.14225,153.51356,0.41,0.66,13.33,4.17,19.94,89.77,0.01,13.19
Bilinga,4224,1762711200,,-28.14226,153.51352,0.47,0.79,7.69,4.69,19.94,75.52,0.08,123.43
Bilinga,4224,1762713000,,-28.14226,153.51347,0.57,0.98,7.14,4.47,19.94,87.66,0.08,312.35
Bilinga,4224,1762714800,,-28.14218,153.51354,0.67,1.02,7.14,4.35,19.94,87.57,0.04,11.78
Bilinga,4224,1762716600,,-28.14217,153.51347,0.67,1.1,6.67,4.35,19.89,89.33,0.1,329.49
Bilinga,4224,1762718400,,-28.14218,153.51345,0.75,1.18,7.41,4.77,19.81,87.22,0.03,287.91
Bilinga,4224,1762720200,,-28.14218,153.51341,0.72,1.31,7.14,4.88,19.72,87.48,0.04,152.53
Bilinga,4224,1762722000,,-28.14218,153.51343,0.79,1.24,6.9,4.76,19.72,90.03,0.07,269.54
Bilinga,4224,1762723800,,-28.14223,153.51339,0.82,1.32,7.69,4.83,19.72,84.4,0.03,310.24
Bilinga,4224,1762725600,,-28.14232,153.51339,0.79,1.38,6.9,4.65,19.67,89.15,0.04,205.27
Bilinga,4224,1762727400,,-28.14241,153.51341,0.82,1.55,6.25,4.93,19.72,90.12,0.05,156.31
Bilinga,4224,1762729200,,-28.1425,153.51347,0.79,1.36,6.25,4.79,19.67,86.69,0.02,224.88
Bilinga,4224,1762731000,,-28.14253,153.51347,0.91,1.66,6.06,5.01,19.67,89.85,0.09,97.67
Bilinga,4224,1762732800,,-28.14259,153.51347,0.89,1.65,6.67,4.8,19.72,91.17,0.04,331.52
Bilinga,4224,1762734600,,-28.14259,153.5135,0.93,1.49,7.41,4.51,19.72,83.52,0.03,336.53
Bilinga,4224,1762736400,,-28.14252,153.51347,0.86,1.91,7.41,4.55,19.67,86.69,0.02,149.98
Bilinga,4224,1762738200,,-28.14259,153.5135,0.85,1.27,5.88,4.67,19.67,91.08,0.03,299.34
Bilinga,4224,1762740000,,-28.1426,153.51347,0.88,1.39,6.25,4.63,19.72,92.49,0.02,172.57
Bilinga,4224,1762741800,,-28.14262,153.5135,0.93,1.53,6.67,4.62,19.72,91.88,0.02,160.26
Bilinga,4224,1762743600,,-28.14263,153.5135,0.96,1.84,6.06,4.4,19.72,87.92,0.04,66.11
Bilinga,4224,1762745400,,-28.14263,153.51356,0.91,1.47,6.45,4.52,19.72,93.46,0.03,210.9
Bilinga,4224,1762747200,,-28.14265,153.51358,0.93,1.5,5.71,4.59,19.72,95.04,0.03,124.48
Bilinga,4224,1762749000,,-28.14275,153.51369,0.91,1.52,6.67,4.69,20.99,97.68,0.1,179.43
Bilinga,4224,1762750800,,-28.14263,153.51377,0.92,1.52,6.45,4.84,21.03,97.68,0.13,140.92
Bilinga,4224,1762752600,,-28.1426,153.5138,0.83,1.48,12.5,4.74,21.08,91.08,0.13,157.63
Bilinga,4224,1762754400,,-28.14259,153.51382,0.92,1.52,6.67,4.79,21.16,96.36,0.11,125.27
Bilinga,4224,1762756200,,-28.14259,153.5138,0.96,1.48,13.33,4.66,21.21,91.0,0.12,171.87
Bilinga,4224,1762758000,,-28.14257,153.51382,0.89,1.3,6.9,4.38,21.25,84.32,0.1,180.04
Bilinga,4224,1762759800,,-28.14247,153.5139,0.92,1.39,6.45,4.56,21.3,86.51,0.1,128.18
Bilinga,4224,1762761600,,-28.14248,153.51386,0.93,1.42,13.33,4.54,21.21,88.54,0.07,149.01
Bilinga,4224,1762763400,,-28.14247,153.51386,0.93,1.66,6.67,4.34,21.34,97.33,0.1,165.54
Bilinga,4224,1762765200,,-28.14245,153.51388,0.95,1.63,6.45,4.48,21.38,96.89,0.05,179.34
Bilinga,4224,1762767000,,-28.14245,153.5138,1.01,1.68,6.45,4.32,21.56,98.47,0.12,194.02
Bilinga,4224,1762768800,,-28.14241,153.5139,0.96,1.49,6.25,4.65,21.61,103.48,0.14,159.74
Bilinga,4224,1762770600,,-28.14238,153.51395,0.96,1.54,6.45,4.78,21.65,102.69,0.13,151.47
Bilinga,4224,1762772400,,-28.14237,153.51393,1.03,1.75,6.45,4.47,21.69,96.1,0.17,125.27
Bilinga,4224,1762774200,,-28.14233,153.5139,1.08,1.72,5.0,4.44,21.69,95.22,0.1,139.43
Bilinga,4224,1762776000,,-28.14233,153.51386,1.03,1.94,5.56,4.43,21.65,87.04,0.04,145.85
Bilinga,4224,1762777800,,-28.14232,153.51371,0.99,1.75,6.06,4.59,21.61,93.02,0.08,145.76
Bilinga,4224,1762779600,,-28.14229,153.51341,0.97,1.54,5.88,4.83,21.56,94.43,0.04,89.05
Bilinga,4224,1762781400,,-28.1423,153.51332,0.95,1.5,6.06,4.94,21.43,93.55,0.06,46.42
Bilinga,4224,1762783200,,-28.14223,153.51322,0.92,1.62,6.25,5.11,21.25,97.06,0.06,70.95
Bilinga,4224,1762783200,,-28.14223,153.51324,0.92,1.62,6.25,5.11,21.25,97.06,0.06,70.95
Bilinga,4224,1762785000,,-28.14223,153.51322,0.91,1.61,5.71,5.1,21.21,90.82,0.07,14.59
Bilinga,4224,1762786800,,-28.14214,153.51317,0.91,1.58,5.88,5.15,21.16,85.99,0.05,26.81
Bilinga,4224,1762788600,,-28.14207,153.51317,0.82,1.41,6.25,5.13,21.21,90.21,0.03,343.3
Bilinga,4224,1762790400,,-28.14205,153.51317,0.84,1.69,6.67,5.38,21.34,82.82,0.04,320.97
Bilinga,4224,1762792200,,-28.14205,153.51317,0.77,1.71,6.25,5.57,21.38,86.6,0.06,259.43
Bilinga,4224,1762794000,,-28.14205,153.51317,0.73,1.29,6.67,5.43,21.38,87.22,0.04,316.84
Bilinga,4224,1762795800,,-28.14203,153.51317,0.76,1.42,11.76,5.54,21.38,88.89,0.04,273.41
Bilinga,4224,1762797600,,-28.14203,153.51317,0.69,1.21,6.67,5.56,21.38,83.88,0.04,260.57
Bilinga,4224,1762799400,,-28.14202,153.51317,0.68,1.1,11.11,5.54,21.38,89.06,0.06,299.69
Bilinga,4224,1762801200,,-28.142,153.51317,0.69,1.29,5.56,5.54,21.34,85.55,0.06,306.11
Bilinga,4224,1762803000,,-28.142,153.51317,0.66,1.06,5.88,5.45,21.34,86.69,0.02,135.74
Bilinga,4224,1762804800,,-28.142,153.51317,0.64,1.01,10.53,5.59,21.34,93.9,0.04,193.05
Bilinga,4224,1762806600,,-28.142,153.51317,0.65,1.05,10.53,5.55,21.38,90.82,0.08,176.09
Bilinga,4224,1762808400,,-28.14215,153.51317,0.64,1.06,6.06,5.44,21.38,87.13,0.15,235.96
Bilinga,4224,1762810200,,-28.14211,153.51317,0.66,1.09,5.71,5.59,21.52,85.72,0.05,246.86
Bilinga,4224,1762812000,,-28.14211,153.51315,0.67,1.21,6.06,5.4,21.74,78.95,0.08,255.38
Bilinga,4224,1762813800,,-28.14208,153.51313,0.72,1.36,10.53,5.65,21.96,87.3,0.24,74.55
Bilinga,4224,1762815600,,-28.1421,153.51311,0.72,1.18,8.7,5.58,22.18,74.65,0.09,122.81
Bilinga,4224,1762817400,,-28.14208,153.51313,0.71,1.21,6.25,5.43,22.32,71.13,0.12,104.0
Bilinga,4224,1762819200,,-28.14208,153.51311,0.72,1.05,5.41,5.28,22.27,89.15,0.11,64.44
Bilinga,4224,1762821000,,-28.14215,153.51311,0.71,1.22,6.06,5.27,22.05,76.32,0.03,55.12
Bilinga,4224,1762822800,,-28.14225,153.51311,0.68,1.16,5.88,4.78,22.05,76.14,0.03,78.33
Bilinga,4224,1762824600,,-28.14232,153.51311,0.71,1.17,10.53,4.53,21.96,95.66,0.03,163.43
Bilinga,4224,1762826400,,-28.14244,153.51309,0.7,1.3,5.88,4.23,21.96,83.08,0.09,184.0
Bilinga,4224,1762828200,,-28.14253,153.51313,0.73,1.1,6.06,4.14,21.96,83.17,0.06,205.45
Bilinga,4224,1762830000,,-28.14252,153.51313,0.72,1.22,5.41,4.04,21.87,86.34,0.1,169.76
Bilinga,4224,1762831800,,-28.14259,153.51328,0.73,1.24,5.88,4.01,21.92,84.93,0.11,153.85
Bilinga,4224,1762833600,,-28.14263,153.51339,0.73,1.36,8.33,3.96,21.92,76.23,0.11,147.34
Bilinga,4224,1762835400,,-28.1427,153.51343,0.75,1.26,5.71,3.99,21.96,83.96,0.09,141.27
Bilinga,4224,1762837200,,-28.14277,153.5136,0.73,1.09,9.52,3.87,22.05,90.56,0.11,133.63
Bilinga,4224,1762839000,,-28.14275,153.51362,0.73,1.32,10.0,3.77,21.92,87.22,0.09,130.99
Bilinga,4224,1762840800,,-28.14275,153.51365,0.73,1.11,9.52,3.71,21.87,87.92,0.08,77.71
Bilinga,4224,1762842600,,-28.14277,153.51365,0.73,1.11,11.11,3.71,21.92,87.48,0.08,111.65
Bilinga,4224,1762844400,,-28.14278,153.51362,0.73,1.19,6.45,3.63,21.92,74.65,0.1,105.41
Bilinga,4224,1762846200,,-28.1428,153.5136,0.71,1.2,11.76,3.66,21.87,72.45,0.05,103.12
Bilinga,4224,1762848000,,-28.14281,153.51347,0.72,1.24,9.09,3.55,21.87,84.23,0.12,88.97
Bilinga,4224,1762849800,,-28.1428,153.51341,0.72,1.28,6.67,3.56,21.92,74.29,0.12,104.79
Bilinga,4224,1762851600,,-28.14281,153.51341,0.7,1.21,10.0,3.59,21.96,88.54,0.1,96.53
Bilinga,4224,1762853400,,-28.14281,153.51341,0.72,1.15,6.06,3.51,21.96,81.06,0.07,129.85
Bilinga,4224,1762855200,,-28.1428,153.51343,0.69,1.31,6.45,3.48,22.05,80.89,0.06,107.87
Bilinga,4224,1762857000,,-28.1428,153.51347,0.71,1.18,6.06,3.53,22.05,72.89,0.08,92.31
Bilinga,4224,1762858800,,-28.14277,153.51352,0.7,1.02,6.25,3.63,22.1,75.79,0.03,58.37
Bilinga,4224,1762860600,,-28.14268,153.51356,0.66,1.09,3.64,3.64,22.1,77.46,0.04,13.36
Bilinga,4224,1762862400,,-28.1426,153.51356,0.63,1.15,5.41,3.78,22.05,86.34,0.09,65.76
Bilinga,4224,1762864200,,-28.1426,153.51354,0.63,1.04,6.25,4.01,22.05,77.19,0.06,28.57
Bilinga,4224,1762866000,,-28.1426,153.5135,0.56,0.93,5.88,3.96,22.1,78.34,0.08,353.85
Bilinga,4224,1762867800,,-28.1426,153.51345,0.57,1.05,11.11,4.09,22.1,56.01,0.06,26.2
Bilinga,4224,1762869600,,-28.14265,153.51341,0.55,0.88,9.09,4.08,22.1,75.61,0.1,30.77
Bilinga,4224,1762869600,,-28.14265,153.51345,0.55,0.88,9.09,4.08,22.1,75.61,0.1,30.77
Bilinga,4224,1762871400,,-28.14274,153.51332,0.54,0.91,9.09,4.05,22.05,76.93,0.09,24.62
Bilinga,4224,1762873200,,-28.14271,153.5133,0.55,0.77,9.52,4.18,22.05,84.58,0.09,36.48
Bilinga,4224,1762875000,,-28.1427,153.5133,0.54,0.95,11.76,4.15,22.05,54.34,0.06,34.55
Bilinga,4224,1762876800,,-28.14271,153.51334,0.54,0.81,9.09,4.16,21.96,72.71,0.11,52.48
Bilinga,4224,1762878600,,-28.14274,153.5135,0.51,0.88,11.76,4.04,21.87,49.68,0.08,55.12
Bilinga,4224,1762880400,,-28.14275,153.51347,0.5,0.88,11.76,4.36,21.69,58.82,0.04,69.63
Bilinga,4224,1762882200,,-28.14275,153.51347,0.53,0.83,12.5,3.87,21.56,63.66,0.07,25.76
Bilinga,4224,1762884000,,-28.1424,153.51328,0.49,0.82,9.09,3.21,21.52,70.95,0.07,315.6
Bilinga,4224,1762885800,,-28.1423,153.51326,0.48,0.79,12.5,3.55,21.34,60.32,0.05,319.3
Bilinga,4224,1762887600,,-28.14225,153.51332,0.45,0.8,9.52,4.07,21.21,70.07,0.08,307.96
Bilinga,4224,1762889400,,-28.14225,153.51332,0.44,0.85,13.33,3.6,21.12,71.83,0.11,308.66
Bilinga,4224,1762891200,,-28.1422,153.51332,0.43,0.82,12.5,3.16,20.85,68.67,0.09,300.31
Bilinga,4224,1762893000,,-28.1421,153.5133,0.44,0.87,13.33,3.21,20.55,76.4,0.16,324.75
Bilinga,4224,1762894800,,-28.14205,153.51328,0.42,0.74,8.0,2.78,20.37,67.88,0.16,332.04
Bilinga,4224,1762896600,,-28.14196,153.51326,0.48,0.97,8.7,2.92,19.94,74.21,0.2,340.13
Bilinga,4224,1762898400,,-28.14193,153.51324,0.54,0.89,12.5,3.34,19.59,73.15,0.16,315.43
Bilinga,4224,1762900200,,-28.14195,153.51322,0.57,1.09,11.76,3.25,19.28,66.03,0.12,329.41
Bilinga,4224,1762902000,,-28.14195,153.51315,0.65,1.02,8.33,3.68,18.98,85.72,0.15,314.81
Bilinga,4224,1762903800,,-28.14193,153.51307,0.68,1.2,11.76,3.68,18.81,67.96,0.15,293.54
Bilinga,4224,1762905600,,-28.14192,153.51298,0.69,1.15,11.76,3.69,18.68,72.01,0.16,287.21
Bilinga,4224,1762907400,,-28.14193,153.51292,0.77,1.29,10.0,3.58,18.55,80.01,0.24,300.04
Bilinga,4224,1762909200,,-28.14192,153.51285,0.73,1.28,8.33,3.51,18.38,82.91,0.17,288.44
Bilinga,4224,1762911000,,-28.14192,153.51281,0.78,1.23,9.52,3.6,18.29,87.57,0.2,293.54
Bilinga,4224,1762912800,,-28.14193,153.51279,0.8,1.31,11.11,3.6,18.21,74.21,0.2,282.73
Bilinga,4224,1762914600,,-28.14193,153.51281,0.81,1.72,9.52,3.67,18.16,79.3,0.2,276.57
Bilinga,4224,1762916400,,-28.14192,153.51281,0.86,1.48,11.11,3.71,20.24,80.01,0.31,263.65
Bilinga,4224,1762918200,,-28.1418,153.51292,0.74,1.27,11.11,3.47,20.85,86.07,0.18,244.31
Bilinga,4224,1762920000,,-28.14184,153.51296,0.78,1.2,10.0,3.73,21.08,82.73,0.16,244.31
Bilinga,4224,1762921800,,-28.14185,153.513,0.78,1.45,11.11,3.72,21.03,82.91,0.14,254.86
Bilinga,4224,1762923600,,-28.14181,153.51296,0.73,1.32,10.53,3.54,20.99,71.74,0.13,275.34
Bilinga,4224,1762925400,,-28.14178,153.51292,0.71,1.28,11.11,3.75,21.08,72.97,0.14,286.51
Bilinga,4224,1762927200,,-28.1418,153.51285,0.7,1.34,9.52,3.83,21.21,77.55,0.2,280.18
Bilinga,4224,1762929000,,-28.14185,153.51283,0.68,1.16,11.11,3.75,21.25,86.25,0.22,285.71
Bilinga,4224,1762930800,,-28.14184,153.51285,0.73,1.1,11.11,3.79,21.21,74.38,0.17,291.25
Bilinga,4224,1762932600,,-28.14181,153.51281,0.72,1.36,11.11,3.83,21.96,83.88,0.28,263.65
Bilinga,4224,1762934400,,-28.14181,153.51285,0.67,1.31,11.11,3.89,21.96,74.03,0.2,263.38
Bilinga,4224,1762936200,,-28.1418,153.51287,0.66,1.12,11.76,3.73,21.92,77.63,0.15,258.81
Bilinga,4224,1762938000,,-28.14178,153.51287,0.68,1.15,11.76,3.89,21.92,79.57,0.1,253.54
Bilinga,4224,1762939800,,-28.14181,153.51287,0.68,1.22,10.53,3.96,21.92,89.41,0.13,280.35
Bilinga,4224,1762941600,,-28.1418,153.51287,0.67,1.09,11.11,4.01,21.92,82.82,0.1,281.67
Bilinga,4224,1762943400,,-28.1418,153.51287,0.67,0.96,10.53,4.16,22.05,92.93,0.1,249.23
Bilinga,4224,1762945200,,-28.1418,153.51287,0.67,1.0,10.53,3.95,22.05,90.03,0.08,274.02
Bilinga,4224,1762947000,,-28.14184,153.51285,0.65,1.03,11.76,4.06,22.05,89.06,0.06,263.65
Bilinga,4224,1762948800,,-28.14184,153.51285,0.67,1.08,10.0,4.24,22.1,88.18,0.08,286.24
Bilinga,4224,1762950600,,-28.14187,153.51283,0.67,1.11,11.76,4.4,22.1,89.94,0.09,277.45
Bilinga,4224,1762952400,,-28.14187,153.51283,0.63,1.12,11.76,4.3,22.1,79.66,0.12,274.37
Bilinga,4224,1762954200,,-28.14188,153.51283,0.65,1.09,11.11,4.43,22.14,91.0,0.05,291.08
Bilinga,4224,1762956000,,-28.14188,153.51283,0.63,1.08,11.11,4.36,22.14,87.48,0.09,275.52
Bilinga,4224,1762956000,,-28.14187,153.51285,0.63,1.08,11.11,4.36,22.14,87.48,0.09,275.52
Bilinga,4224,1762957800,,-28.1419,153.51287,0.67,1.12,11.76,4.78,22.1,84.23,0.04,275.69
Bilinga,4224,1762959600,,-28.14187,153.51287,0.61,0.94,11.76,4.43,22.05,86.6,0.02,273.14
Bilinga,4224,1762961400,,-28.14187,153.51287,0.61,1.12,11.76,4.67,22.05,80.89,0.08,302.51
Bilinga,4224,1762963200,,-28.14193,153.51283,0.62,0.92,11.76,4.69,22.05,84.93,0.03,340.04
Bilinga,4224,1762965000,,-28.14195,153.51285,0.6,1.01,11.11,4.74,22.1,80.89,0.05,317.45
Bilinga,4224,1762966800,,-28.14188,153.51287,0.56,0.92,11.11,4.89,22.1,82.38,0.06,299.78
Bilinga,4224,1762968600,,-28.14188,153.51289,0.6,0.95,11.76,5.11,22.05,80.18,0.08,313.49
Bilinga,4224,1762970400,,-28.1419,153.51289,0.58,1.0,11.76,5.12,22.05,81.41,0.07,348.92
Bilinga,4224,1762972200,,-28.14188,153.51287,0.57,0.87,11.11,5.02,22.05,79.74,0.07,342.59
Bilinga,4224,1762974000,,-28.14187,153.51287,0.59,0.91,11.76,5.27,22.05,82.29,0.06,309.71
Bilinga,4224,1762975800,,-28.14185,153.51289,0.54,0.89,11.11,5.08,22.05,89.5,0.06,298.29
Bilinga,4224,1762977600,,-28.14185,153.51287,0.58,1.05,11.11,5.4,21.83,88.71,0.12,272.88
Bilinga,4224,1762979400,,-28.14184,153.51287,0.57,0.88,10.53,5.11,21.96,87.22,0.07,260.84
Bilinga,4224,1762981200,,-28.14185,153.51287,0.59,1.01,10.53,5.28,22.1,87.83,0.14,269.27
Bilinga,4224,1762983000,,-28.14187,153.51287,0.6,0.94,11.11,5.14,22.32,80.89,0.12,247.91
Bilinga,4224,1762984800,,-28.14192,153.51283,0.64,1.12,10.53,5.39,22.36,85.02,0.11,241.76
Bilinga,4224,1762986600,,-28.14195,153.51283,0.62,1.12,10.53,5.19,22.41,83.88,0.01,182.86
Bilinga,4224,1762988400,,-28.142,153.51283,0.59,1.05,10.53,4.76,22.45,86.07,0.07,216.0
Bilinga,4224,1762990200,,-28.14207,153.51283,0.57,1.09,10.0,4.18,22.59,85.81,0.01,329.05
Bilinga,4224,1762992000,,-28.14215,153.51285,0.57,0.89,10.0,3.71,22.41,85.46,0.08,177.32
Bilinga,4224,1762993800,,-28.1422,153.51285,0.55,1.05,9.52,3.44,22.45,88.8,0.08,202.02
Bilinga,4224,1762995600,,-28.14235,153.51285,0.62,1.06,8.33,3.46,22.45,93.37,0.11,176.44
Bilinga,4224,1762997400,,-28.14238,153.51283,0.63,1.08,9.09,3.33,22.54,95.13,0.1,192.0
Bilinga,4224,1762999200,,-28.14244,153.51281,0.65,1.3,8.33,3.34,22.68,94.16,0.14,196.66
Bilinga,4224,1763001000,,-28.14253,153.51285,0.7,1.05,10.0,3.34,22.81,91.7,0.07,190.07
Bilinga,4224,1763002800,,-28.1426,153.51287,0.72,1.16,10.0,3.32,22.9,100.05,0.14,181.19
Bilinga,4224,1763004600,,-28.14263,153.51289,0.73,1.18,9.52,3.29,22.9,90.91,0.13,192.7
Bilinga,4224,1763006400,,-28.14266,153.51289,0.75,1.22,9.09,3.27,22.9,87.39,0.14,177.67
Bilinga,4224,1763008200,,-28.1427,153.51296,0.81,1.52,3.33,3.33,22.9,30.16,0.1,177.93
Bilinga,4224,1763010000,,-28.14268,153.513,0.85,1.47,3.64,3.36,22.9,33.06,0.1,175.82
Bilinga,4224,1763011800,,-28.14268,153.51302,0.98,1.48,3.64,3.4,22.81,20.84,0.06,209.05
Bilinga,4224,1763013600,,-28.1427,153.51305,0.94,1.53,3.7,3.44,22.81,21.46,0.1,134.95
Bilinga,4224,1763015400,,-28.14271,153.51311,1.02,1.75,3.92,3.53,22.81,14.25,0.04,147.43
Bilinga,4224,1763017200,,-28.14271,153.51317,1.07,1.75,4.17,3.58,22.77,24.1,0.07,162.9
Bilinga,4224,1763019000,,-28.14275,153.51322,1.01,1.61,4.26,3.49,22.77,31.66,0.07,181.54
Bilinga,4224,1763020800,,-28.14277,153.51328,1.05,1.6,4.26,3.66,22.77,28.49,0.11,166.07
Bilinga,4224,1763022600,,-28.14277,153.51334,1.08,1.93,4.26,3.65,22.72,28.76,0.06,139.43
Bilinga,4224,1763024400,,-28.1428,153.51345,1.01,1.96,4.26,3.63,22.68,36.58,0.1,133.71
Bilinga,4224,1763026200,,-28.14278,153.51352,0.97,1.47,4.26,3.56,22.68,35.96,0.09,118.51
Bilinga,4224,1763028000,,-28.1428,153.51347,0.98,1.68,4.26,3.59,22.63,47.04,0.13,104.97
Bilinga,4224,1763029800,,-28.1428,153.51352,0.97,1.65,4.35,3.64,22.59,46.16,0.1,115.25
Bilinga,4224,1763031600,,-28.1428,153.5135,0.94,1.53,4.65,3.64,22.54,51.08,0.14,123.08
Bilinga,4224,1763033400,,-28.14278,153.51354,0.96,1.96,4.76,3.6,22.54,54.07,0.1,112.0
Bilinga,4224,1763035200,,-28.14278,153.51352,0.99,1.49,5.0,3.69,22.5,58.21,0.09,124.75
Bilinga,4224,1763037000,,-28.14278,153.51352,0.97,2.1,4.76,3.69,22.45,51.44,0.09,111.47
Bilinga,4224,1763038800,,-28.14278,153.5135,0.96,1.7,4.88,3.7,22.45,44.67,0.07,173.01
Bilinga,4224,1763040600,,-28.14278,153.51352,0.98,1.45,4.88,3.73,22.41,46.51,0.02,116.57
Bilinga,4224,1763042400,,-28.1428,153.5135,0.95,1.8,4.88,3.86,22.36,46.07,0.09,100.84
Bilinga,4224,1763042400,,-28.14278,153.5135,0.95,1.8,4.88,3.86,22.36,46.07,0.09,100.84
Bilinga,4224,1763044200,,-28.14278,153.51352,1.01,1.61,5.13,3.94,22.32,48.27,0.07,106.02
Bilinga,4224,1763046000,,-28.1428,153.5135,0.92,1.43,5.0,3.84,22.32,51.44,0.07,77.19
Bilinga,4224,1763047800,,-28.1428,153.5135,0.96,1.8,5.0,3.9,22.27,45.9,0.08,74.46
Bilinga,4224,1763049600,,-28.14278,153.51356,0.91,1.66,5.26,3.7,22.23,49.06,0.12,105.58
Bilinga,4224,1763051400,,-28.14278,153.51356,0.98,1.61,5.0,3.84,22.18,47.57,0.12,113.93
Bilinga,4224,1763053200,,-28.14278,153.51356,0.92,2.02,4.88,3.75,22.18,46.25,0.14,106.9
Bilinga,4224,1763055000,,-28.14278,153.51356,0.85,1.35,5.0,3.73,22.14,49.06,0.12,107.87
Bilinga,4224,1763056800,,-28.14277,153.51356,0.83,1.32,5.13,3.9,22.1,49.24,0.16,121.23
Bilinga,4224,1763058600,,-28.14277,153.51358,0.82,1.59,4.88,3.8,22.05,47.92,0.15,115.16
Bilinga,4224,1763060400,,-28.14275,153.51356,0.82,1.56,5.26,3.72,22.05,54.34,0.12,111.03
Bilinga,4224,1763062200,,-28.14275,153.5136,0.77,1.31,5.0,3.64,22.01,53.02,0.17,115.87
Bilinga,4224,1763064000,,-28.14275,153.5136,0.77,1.42,5.0,3.64,21.83,46.6,0.2,116.57
Bilinga,4224,1763065800,,-28.14275,153.51358,0.76,1.29,5.41,3.54,21.74,51.17,0.18,105.58
Bilinga,4224,1763067600,,-28.14275,153.5136,0.76,1.54,5.26,3.65,21.61,53.28,0.17,96.44
Bilinga,4224,1763069400,,-28.14271,153.51362,0.78,1.21,5.26,3.67,21.61,49.77,0.16,107.78
Bilinga,4224,1763071200,,-28.14275,153.5136,0.75,1.42,5.56,3.54,21.47,51.35,0.15,101.1
Bilinga,4224,1763073000,,-28.14275,153.51362,0.74,1.25,5.13,3.58,21.43,51.17,0.18,109.8
Bilinga,4224,1763074800,,-28.14277,153.51358,0.71,1.29,5.26,3.72,21.47,50.56,0.14,99.25
Bilinga,4224,1763076600,,-28.14277,153.51356,0.7,1.06,5.0,3.55,21.56,44.4,0.12,108.22
Bilinga,4224,1763078400,,-28.14277,153.51356,0.73,1.19,5.26,3.51,21.43,46.86,0.16,121.93
Bilinga,4224,1763080200,,-28.14278,153.51352,0.75,1.22,5.0,3.54,21.34,45.11,0.16,120.44
Bilinga,4224,1763082000,,-28.14278,153.51356,0.73,1.17,4.88,3.58,21.21,46.07,0.15,119.3
Bilinga,4224,1763083800,,-28.1428,153.51354,0.69,1.1,5.26,3.48,21.16,48.36,0.17,134.15
Bilinga,4224,1763085600,,-28.1428,153.51354,0.71,1.29,5.26,3.74,21.12,39.57,0.2,123.87
Bilinga,4224,1763087400,,-28.14281,153.51354,0.71,1.22,5.26,3.61,21.08,48.18,0.23,126.59
Bilinga,4224,1763089200,,-28.1428,153.51358,0.65,1.14,5.41,3.56,21.03,51.79,0.23,144.97
Bilinga,4224,1763091000,,-28.14278,153.51362,0.69,1.09,4.88,3.38,21.16,43.79,0.25,138.2
Bilinga,4224,1763092800,,-28.14277,153.51362,0.71,1.27,5.13,3.49,21.3,39.13,0.24,132.13
Bilinga,4224,1763094600,,-28.14277,153.51362,0.85,1.6,5.26,3.72,21.21,48.18,0.17,121.49
Bilinga,4224,1763096400,,-28.14277,153.51362,0.83,1.68,5.13,3.67,21.25,40.18,0.2,126.51
Bilinga,4224,1763098200,,-28.14278,153.51367,0.91,1.6,4.65,3.86,21.34,36.05,0.23,146.99
Bilinga,4224,1763100000,,-28.14271,153.51375,0.9,1.41,5.13,3.87,21.47,42.65,0.28,139.16
Bilinga,4224,1763101800,,-28.14271,153.51377,0.88,1.49,5.41,3.88,21.69,38.69,0.29,151.21
Bilinga,4224,1763103600,,-28.1427,153.51382,0.89,1.58,5.0,4.41,21.65,35.52,0.22,133.54
Bilinga,4224,1763105400,,-28.1427,153.51382,0.96,1.45,5.71,4.49,21.65,40.62,0.18,133.54
Bilinga,4224,1763107200,,-28.1427,153.5138,0.94,1.52,5.56,4.37,21.65,31.92,0.16,113.41
Bilinga,4224,1763109000,,-28.1427,153.5138,1.0,1.9,5.41,4.28,21.61,33.33,0.17,107.6
Bilinga,4224,1763110800,,-28.1427,153.51382,1.1,2.03,5.56,4.43,21.65,27.88,0.17,105.67
Bilinga,4224,1763112600,,-28.14271,153.51377,1.06,1.92,5.71,4.35,21.61,28.49,0.13,111.91
Bilinga,4224,1763114400,,-28.1427,153.5138,1.0,1.62,5.71,4.28,21.38,31.66,0.16,102.59
Bilinga,4224,1763116200,,-28.14274,153.51377,1.01,1.87,5.71,4.37,21.52,28.67,0.13,124.13
Bilinga,4224,1763118000,,-28.14274,153.51377,1.0,1.72,5.56,4.54,21.38,32.54,0.17,114.73
Bilinga,4224,1763119800,,-28.14274,153.51377,1.01,1.68,5.88,4.51,21.34,38.95,0.19,121.93
Bilinga,4224,1763121600,,-28.14274,153.51377,1.0,2.01,6.25,4.54,21.38,34.29,0.21,124.13
Bilinga,4224,1763123400,,-28.14275,153.51373,1.0,2.06,6.45,4.72,21.25,38.95,0.19,115.08
Bilinga,4224,1763125200,,-28.14278,153.51367,0.92,1.46,6.45,4.7,21.21,32.97,0.17,106.2
Bilinga,4224,1763127000,,-28.14278,153.51362,0.94,1.67,6.67,4.74,20.94,36.58,0.13,120.35
Bilinga,4224,1763128800,,-28.1428,153.51362,0.84,1.62,7.14,4.64,20.9,36.14,0.1,108.04
Bilinga,4224,1763128800,,-28.1428,153.51365,0.84,1.62,7.14,4.64,20.9,36.14,0.1,108.04
Bilinga,4224,1763130600,,-28.1428,153.51362,0.78,1.18,7.41,4.39,20.85,38.86,0.05,128.35
Bilinga,4224,1763132400,,-28.1428,153.51362,0.74,1.14,6.9,4.47,20.85,39.66,0.02,52.75
Bilinga,4224,1763134200,,-28.1428,153.51356,0.69,1.26,7.14,4.46,20.94,32.01,0.04,348.66
Bilinga,4224,1763136000,,-28.1428,153.51354,0.72,1.42,6.9,4.7,20.94,34.91,0.03,350.51
Bilinga,4224,1763137800,,-28.14281,153.5135,0.69,1.29,6.9,4.77,20.9,33.15,0.06,316.92
Bilinga,4224,1763139600,,-28.14278,153.51352,0.74,1.18,6.25,4.94,20.9,36.84,0.09,338.81
Bilinga,4224,1763141400,,-28.14278,153.51356,0.78,1.12,6.67,5.0,20.85,35.44,0.05,318.24
Bilinga,4224,1763143200,,-28.14278,153.51356,0.74,1.17,6.9,5.09,20.85,40.8,0.03,307.52
Bilinga,4224,1763145000,,-28.14278,153.51358,0.76,1.11,6.9,5.11,20.81,35.52,0.04,357.27
Bilinga,4224,1763146800,,-28.14274,153.51362,0.8,1.62,6.67,5.26,20.77,35.26,0.06,23.56
Bilinga,4224,1763148600,,-28.14275,153.51367,0.76,1.41,6.45,5.12,20.72,36.49,0.08,7.3
Bilinga,4224,1763150400,,-28.14275,153.51371,0.79,1.23,6.67,5.12,20.77,36.84,0.03,2.46
Bilinga,4224,1763152200,,-28.14271,153.51367,0.78,1.23,6.67,4.98,20.81,36.84,0.06,212.13
Bilinga,4224,1763154000,,-28.14275,153.51367,0.72,1.1,6.67,4.86,20.9,35.88,0.1,156.31
Bilinga,4224,1763155800,,-28.14275,153.51362,0.7,1.03,6.45,4.72,20.99,32.62,0.04,116.04
Bilinga,4224,1763157600,,-28.14275,153.51362,0.67,1.13,6.67,4.59,21.03,35.88,0.02,217.49
Bilinga,4224,1763159400,,-28.14275,153.51362,0.65,1.14,6.67,4.64,21.21,36.05,0.05,197.98
Bilinga,4224,1763161200,,-28.14277,153.51365,0.67,1.12,6.25,4.75,21.21,30.25,0.01,148.92
Bilinga,4224,1763163000,,-28.14277,153.51362,0.64,0.94,6.06,4.59,21.34,37.02,0.05,175.91
Bilinga,4224,1763164800,,-28.14277,153.51362,0.64,0.99,6.25,4.7,21.43,40.1,0.06,162.9
Bilinga,4224,1763166600,,-28.14278,153.51362,0.63,0.94,6.06,4.75,21.38,35.61,0.16,203.96
Bilinga,4224,1763168400,,-28.14281,153.51362,0.66,1.12,6.06,4.76,21.74,34.29,0.14,168.79
Bilinga,4224,1763170200,,-28.14281,153.51362,0.67,1.29,6.06,4.67,21.92,35.61,0.11,161.32
Bilinga,4224,1763172000,,-28.1428,153.51369,0.67,1.04,6.06,4.54,22.05,39.92,0.13,132.31
Bilinga,4224,1763173800,,-28.14281,153.51371,0.62,0.96,6.06,4.65,21.78,39.13,0.1,156.48
Bilinga,4224,1763175600,,-28.14278,153.51375,0.6,0.94,5.88,4.53,22.18,47.74,0.24,160.26
Bilinga,4224,1763177400,,-28.14275,153.51377,0.6,1.14,5.56,4.5,22.18,49.5,0.15,151.91
Bilinga,4224,1763179200,,-28.14278,153.51377,0.63,0.91,5.71,4.47,22.1,42.73,0.19,140.04
Bilinga,4224,1763181000,,-28.14277,153.5138,0.63,1.09,6.06,4.43,22.18,49.94,0.11,141.71
Bilinga,4224,1763182800,,-28.14274,153.51382,0.6,1.02,6.25,4.22,22.1,51.7,0.14,130.02
Bilinga,4224,1763184600,,-28.1427,153.51382,0.59,0.91,5.88,4.05,22.18,48.27,0.14,87.65
Bilinga,4224,1763186400,,-28.14271,153.5138,0.62,1.04,5.41,4.07,21.87,48.18,0.18,99.96
Bilinga,4224,1763188200,,-28.14268,153.51384,0.6,1.1,5.71,4.06,21.83,50.47,0.15,89.41
Bilinga,4224,1763190000,,-28.14271,153.5138,0.61,1.24,5.71,3.96,21.74,50.38,0.16,100.13
Bilinga,4224,1763191800,,-28.14271,153.51377,0.62,1.13,5.56,3.76,21.83,50.56,0.16,114.29
Bilinga,4224,1763193600,,-28.14274,153.51377,0.66,1.22,6.06,3.7,21.78,47.39,0.14,116.57
Bilinga,4224,1763195400,,-28.14271,153.51382,0.62,0.99,5.41,3.58,21.74,48.62,0.18,110.86
Bilinga,4224,1763197200,,-28.14274,153.51382,0.61,0.91,5.56,3.47,21.69,48.01,0.17,116.4
Bilinga,4224,1763199000,,-28.14274,153.5138,0.69,1.17,5.56,3.45,21.83,51.0,0.23,112.53
Bilinga,4224,1763200800,,-28.14278,153.51382,0.64,1.04,5.88,3.36,21.87,55.83,0.24,115.34
Bilinga,4224,1763202600,,-28.14278,153.5138,0.64,1.14,5.71,3.35,21.87,53.55,0.23,115.25
Bilinga,4224,1763204400,,-28.14277,153.5138,0.69,1.2,5.41,3.36,21.83,52.58,0.21,106.81
Bilinga,4224,1763206200,,-28.14278,153.51377,0.75,1.29,5.0,3.44,21.74,47.48,0.22,101.01
Bilinga,4224,1763208000,,-28.14281,153.51377,0.77,1.3,5.88,3.37,21.69,42.91,0.27,119.56
Bilinga,4224,1763209800,,-28.1428,153.51377,0.75,1.24,6.06,3.52,21.52,47.92,0.2,115.69
Bilinga,4224,1763211600,,-28.14278,153.51377,0.75,1.63,5.88,3.58,21.47,49.77,0.22,108.31
Bilinga,4224,1763213400,,-28.14277,153.51377,0.79,1.27,5.56,3.81,21.56,43.26,0.16,104.26
Bilinga,4224,1763215200,,-28.14277,153.5138,0.92,1.47,5.13,3.88,21.74,37.81,0.28,114.46
Bilinga,4224,1763215200,,-28.14278,153.51377,0.92,1.47,5.13,3.88,21.74,37.81,0.28,114.46
Bilinga,4224,1763217000,,-28.14275,153.51382,0.92,1.64,5.56,3.84,21.78,35.88,0.26,107.87
Bilinga,4224,1763218800,,-28.14275,153.51384,0.9,1.44,5.88,3.8,21.78,42.03,0.14,130.02
Bilinga,4224,1763220600,,-28.14278,153.51377,0.83,1.36,5.26,3.71,21.61,40.27,0.17,118.95
Bilinga,4224,1763222400,,-28.14275,153.51382,0.78,1.45,5.41,3.62,21.47,40.89,0.11,104.79
Bilinga,4224,1763224200,,-28.14278,153.5138,0.75,1.35,6.45,3.4,21.61,46.95,0.25,134.68
Bilinga,4224,1763226000,,-28.14278,153.51377,0.74,1.32,5.26,3.37,21.61,40.97,0.24,124.84
Bilinga,4224,1763227800,,-28.14275,153.51382,0.75,1.32,5.88,3.53,21.56,44.14,0.18,107.69
Bilinga,4224,1763229600,,-28.14275,153.51382,0.73,1.09,5.71,3.5,21.34,39.48,0.12,99.08
Bilinga,4224,1763231400,,-28.14277,153.51382,0.81,1.37,4.17,3.57,21.52,33.06,0.23,110.86
Bilinga,4224,1763233200,,-28.14277,153.5138,0.84,1.33,5.88,3.67,21.47,46.6,0.18,105.49
Bilinga,4224,1763235000,,-28.14277,153.51384,0.84,1.49,5.71,3.8,21.38,44.05,0.18,111.21
Bilinga,4224,1763236800,,-28.14277,153.5138,0.87,1.48,5.88,3.9,21.3,44.58,0.16,120.35
Bilinga,4224,1763238600,,-28.14277,153.5138,0.83,1.55,5.26,3.88,21.21,34.47,0.17,107.52
Bilinga,4224,1763240400,,-28.14277,153.51377,0.83,1.31,5.13,3.83,21.12,41.24,0.14,95.56
Bilinga,4224,1763242200,,-28.14277,153.5138,0.79,1.27,4.35,3.71,21.08,30.25,0.22,117.8
Bilinga,4224,1763244000,,-28.14278,153.51377,0.79,1.33,5.88,3.74,21.03,46.95,0.12,83.96
Bilinga,4224,1763245800,,-28.14277,153.5138,0.74,1.34,5.88,3.69,20.99,47.66,0.14,84.31
Bilinga,4224,1763247600,,-28.14277,153.5138,0.74,1.38,5.88,3.81,20.9,46.6,0.11,99.78
Bilinga,4224,1763249400,,-28.14278,153.51377,0.72,1.26,5.13,3.66,20.85,41.41,0.12,93.19
Bilinga,4224,1763251200,,-28.14278,153.51375,0.71,1.38,5.88,3.65,20.77,42.47,0.18,116.57
Bilinga,4224,1763253000,,-28.14278,153.51375,0.74,1.17,6.06,3.67,20.68,42.73,0.14,123.87
Bilinga,4224,1763254800,,-28.14278,153.51375,0.73,1.21,5.41,3.69,20.55,42.03,0.14,101.63
Bilinga,4224,1763256600,,-28.1428,153.51375,0.75,1.34,6.06,3.48,20.64,46.95,0.13,104.7
Bilinga,4224,1763258400,,-28.14281,153.51373,0.8,1.27,5.71,3.45,20.64,43.26,0.18,117.89
Bilinga,4224,1763260200,,-28.14283,153.51375,0.83,1.32,5.0,3.6,20.55,40.89,0.16,125.45
Bilinga,4224,1763262000,,-28.14281,153.51377,0.79,1.33,5.71,3.65,20.64,47.83,0.18,133.19
Bilinga,4224,1763263800,,-28.1428,153.5138,0.88,1.51,6.06,3.95,20.77,41.59,0.15,120.26
Bilinga,4224,1763265600,,-28.14283,153.51371,0.97,1.49,6.67,4.1,20.77,42.12,0.15,92.22
Bilinga,4224,1763267400,,-28.14283,153.51371,1.02,1.75,5.88,4.1,20.72,37.9,0.11,84.13
Bilinga,4224,1763269200,,-28.14281,153.51371,1.04,1.65,5.56,4.07,20.68,38.25,0.14,107.43
Bilinga,4224,1763271000,,-28.1428,153.51375,1.0,1.64,5.56,4.01,20.64,30.69,0.13,111.12
Bilinga,4224,1763272800,,-28.14281,153.51371,0.99,1.83,5.56,4.03,20.77,38.6,0.12,130.55
Bilinga,4224,1763274600,,-28.14278,153.51373,1.0,1.77,6.67,4.08,20.68,35.08,0.15,113.49
Bilinga,4224,1763276400,,-28.14281,153.51371,0.96,1.77,6.9,3.93,20.68,39.57,0.18,130.9
Bilinga,4224,1763278200,,-28.1428,153.51371,0.89,1.5,6.9,3.84,20.77,37.28,0.2,131.87
Bilinga,4224,1763280000,,-28.14281,153.51369,0.86,1.23,6.67,3.78,20.72,40.18,0.09,80.88
Bilinga,4224,1763281800,,-28.14281,153.51369,0.86,1.37,6.67,3.73,20.68,48.1,0.13,121.93
Bilinga,4224,1763283600,,-28.14281,153.51371,0.81,1.4,6.9,3.59,20.68,43.08,0.19,141.71
Bilinga,4224,1763285400,,-28.14283,153.51371,0.79,1.37,6.9,3.48,20.55,47.39,0.12,117.45
Bilinga,4224,1763287200,,-28.14281,153.51371,0.78,1.26,6.67,3.48,20.5,46.86,0.16,117.27
Bilinga,4224,1763289000,,-28.1428,153.51373,0.78,1.19,6.25,3.52,20.42,44.23,0.13,105.76
Bilinga,4224,1763290800,,-28.1428,153.51373,0.81,1.32,6.45,3.6,20.37,48.01,0.12,104.62
Bilinga,4224,1763292600,,-28.1428,153.51371,0.78,1.28,6.67,3.57,20.28,43.88,0.1,75.6
Bilinga,4224,1763294400,,-28.1428,153.51371,0.82,1.24,6.25,3.72,20.2,42.38,0.11,118.77
Bilinga,4224,1763296200,,-28.1428,153.51373,0.77,1.17,6.45,3.47,20.2,40.8,0.11,87.47
Bilinga,4224,1763298000,,-28.14278,153.51371,0.75,1.25,6.25,3.56,20.15,45.63,0.06,89.93
Bilinga,4224,1763299800,,-28.1428,153.51371,0.74,1.2,5.0,3.56,20.07,41.85,0.1,84.75
Bilinga,4224,1763301600,,-28.1428,153.51371,0.77,1.4,6.06,3.71,20.07,39.22,0.12,91.69
Bilinga,4224,1763301600,,-28.14281,153.51371,0.77,1.4,6.06,3.71,20.07,39.22,0.12,91.69
Bilinga,4224,1763303400,,-28.14281,153.51369,0.74,1.17,5.56,3.69,20.07,42.73,0.06,96.0
Bilinga,4224,1763305200,,-28.14283,153.51365,0.83,1.54,6.25,3.77,20.02,39.57,0.07,108.31
Bilinga,4224,1763307000,,-28.14283,153.51369,0.82,1.34,6.25,3.74,19.98,40.89,0.06,127.74
Bilinga,4224,1763308800,,-28.14283,153.51365,0.78,1.22,6.06,3.66,19.98,41.41,0.03,73.14
Bilinga,4224,1763310600,,-28.14283,153.51362,0.79,1.38,6.06,3.78,19.98,39.39,0.05,43.34
Bilinga,4224,1763312400,,-28.14285,153.51362,0.82,1.47,6.25,3.92,19.94,43.44,0.03,107.6
Bilinga,4224,1763314200,,-28.14281,153.51367,0.83,1.25,6.25,3.89,19.98,34.73,0.09,97.49
Bilinga,4224,1763316000,,-28.14283,153.51362,0.82,1.47,6.06,3.89,20.11,38.86,0.06,122.29
Bilinga,4224,1763317800,,-28.14283,153.51365,0.83,1.39,6.06,4.0,20.11,37.9,0.07,152.0
Bilinga,4224,1763319600,,-28.14281,153.51367,0.77,1.11,5.26,4.02,20.07,37.19,0.08,132.48
Bilinga,4224,1763321400,,-28.14281,153.51369,0.76,1.52,6.9,4.08,20.02,44.14,0.08,106.02
Bilinga,4224,1763323200,,-28.14281,153.51367,0.76,1.3,6.25,4.07,19.94,40.1,0.0,94.95
Bilinga,4224,1763325000,,-28.14281,153.51365,0.72,1.14,6.25,4.0,20.02,37.99,0.09,85.54
Bilinga,4224,1763326800,,-28.14281,153.51362,0.64,1.15,6.45,3.74,20.02,42.29,0.05,110.95
Bilinga,4224,1763328600,,-28.1428,153.51369,0.63,1.09,6.25,3.56,20.07,47.39,0.04,26.11
Bilinga,4224,1763330400,,-28.1428,153.51371,0.57,1.03,6.45,3.53,20.15,43.88,0.05,74.55
Bilinga,4224,1763332200,,-28.14278,153.51371,0.54,0.9,6.06,3.69,20.15,44.14,0.05,91.69
Bilinga,4224,1763334000,,-28.14277,153.51371,0.52,0.79,6.45,3.72,20.24,44.58,0.06,84.31
Bilinga,4224,1763335800,,-28.14278,153.51371,0.47,0.83,6.67,3.73,20.37,48.62,0.08,106.81
Bilinga,4224,1763337600,,-28.14278,153.51371,0.43,0.85,6.45,3.51,20.5,47.57,0.08,105.76
Bilinga,4224,1763339400,,-28.1428,153.51373,0.5,0.84,6.45,3.55,20.5,51.44,0.07,113.58
Bilinga,4224,1763341200,,-28.1428,153.51371,0.45,0.7,6.25,3.58,20.55,45.99,0.08,117.71
Bilinga,4224,1763343000,,-28.14281,153.51371,0.48,0.78,6.45,3.69,20.68,52.75,0.1,101.19
Bilinga,4224,1763344800,,-28.1428,153.51375,0.5,0.74,6.25,3.91,20.72,49.68,0.13,95.56
Bilinga,4224,1763346600,,-28.14281,153.51375,0.52,1.0,6.25,4.05,20.77,42.82,0.1,80.7
Bilinga,4224,1763348400,,-28.14283,153.51373,0.48,0.9,6.45,3.68,20.85,38.95,0.1,83.08
Bilinga,4224,1763350200,,-28.1428,153.51375,0.56,1.01,6.06,3.43,20.77,46.86,0.09,83.08
Bilinga,4224,1763352000,,-28.1428,153.51377,0.56,0.91,5.88,3.44,20.64,50.29,0.12,89.32
Bilinga,4224,1763353800,,-28.14274,153.51384,0.5,0.93,5.71,3.24,20.5,46.43,0.18,71.12
Bilinga,4224,1763355600,,-28.14274,153.51386,0.52,0.9,6.25,3.26,20.37,56.27,0.15,67.43
Bilinga,4224,1763357400,,-28.14274,153.51382,0.48,0.79,5.56,3.22,20.28,49.94,0.15,102.42
Bilinga,4224,1763359200,,-28.14275,153.51382,0.5,0.85,6.06,3.67,20.2,55.74,0.15,80.26
Bilinga,4224,1763361000,,-28.14275,153.5138,0.45,0.87,6.25,3.45,20.15,60.23,0.11,81.32
Bilinga,4224,1763362800,,-28.14274,153.51382,0.47,1.08,6.45,3.71,19.98,61.81,0.14,91.87
Bilinga,4224,1763364600,,-28.14274,153.5138,0.47,0.87,5.88,4.11,19.81,51.96,0.08,99.16
Bilinga,4224,1763366400,,-28.14274,153.51377,0.43,0.75,6.25,4.39,19.72,54.16,0.01,32.35
Bilinga,4224,1763368200,,-28.14274,153.5138,0.45,0.77,6.9,4.78,19.67,51.7,0.03,145.76
Bilinga,4224,1763370000,,-28.14274,153.5138,0.5,0.83,6.45,5.21,19.59,54.51,0.04,321.23
Bilinga,4224,1763371800,,-28.14275,153.51377,0.5,0.72,6.67,5.17,19.5,48.36,0.05,70.33
Bilinga,4224,1763373600,,-28.14275,153.51377,0.46,0.91,5.71,4.94,19.37,62.6,0.1,77.1
Bilinga,4224,1763375400,,-28.14274,153.5138,0.5,0.82,6.9,5.07,19.33,54.95,0.1,62.77
Bilinga,4224,1763377200,,-28.14275,153.51377,0.52,0.86,6.67,5.13,19.28,51.61,0.16,69.36
Bilinga,4224,1763379000,,-28.14274,153.51377,0.5,0.8,6.45,5.07,19.24,55.74,0.07,-1000.0
Bilinga,4224,1763380800,,-28.14271,153.51377,0.46,0.77,6.45,5.04,19.37,56.89,0.06,356.92
Bilinga,4224,1763382600,,-28.14271,153.5138,0.45,0.71,6.25,4.82,19.33,52.23,0.06,346.73
Bilinga,4224,1763384400,,-28.14271,153.51377,0.47,0.77,6.67,5.01,19.33,58.12,0.09,4.31
Bilinga,4224,1763386200,,-28.14263,153.51375,0.47,0.7,6.06,4.84,19.37,46.51,0.04,255.03
Bilinga,4224,1763388000,,-28.14266,153.51373,0.45,0.71,6.9,4.8,19.28,54.43,0.08,247.21
Bilinga,4224,1763389800,,-28.14263,153.51377,0.41,0.83,6.45,4.84,19.2,52.84,0.08,269.54
Bilinga,4224,1763391600,,-28.14266,153.51377,0.44,0.64,6.67,5.14,19.07,54.16,0.06,292.31
Bilinga,4224,1763393400,,-28.1427,153.51377,0.45,0.68,6.45,5.22,19.03,53.55,0.06,284.92
Bilinga,4224,1763395200,,-28.1427,153.51377,0.44,0.69,6.9,4.9,19.03,54.51,0.06,357.98
Bilinga,4224,1763397000,,-28.1427,153.5138,0.5,0.7,6.25,4.7,19.11,53.28,0.03,123.43
Bilinga,4224,1763398800,,-28.14266,153.5138,0.54,0.87,6.9,4.44,19.2,58.21,0.06,351.38
Bilinga,4224,1763400600,,-28.1427,153.51377,0.53,0.91,6.45,4.76,19.24,52.14,0.0,144.0
Bilinga,4224,1763402400,,-28.14271,153.51377,0.53,0.9,6.45,4.98,19.24,56.89,0.02,278.59
Bilinga,4224,1763404200,,-28.14274,153.51377,0.58,0.97,6.67,5.09,19.24,57.06,0.05,62.77
Bilinga,4224,1763406000,,-28.14274,153.51375,0.62,1.1,6.25,4.82,19.24,58.82,0.02,123.08
Bilinga,4224,1763407800,,-28.14275,153.51375,0.65,1.03,6.06,4.75,19.24,75.96,0.03,63.65
Bilinga,4224,1763409600,,-28.14277,153.51377,0.71,1.2,6.06,4.88,19.24,74.73,0.13,32.79
Bilinga,4224,1763411400,,-28.14277,153.51377,0.7,1.17,6.45,4.88,19.2,73.68,0.09,58.46
Bilinga,4224,1763413200,,-28.14274,153.51371,0.76,1.19,6.25,4.75,19.2,73.94,0.04,356.84
Bilinga,4224,1763415000,,-28.14274,153.51375,0.76,1.29,6.06,4.59,19.28,81.15,0.04,173.54
Bilinga,4224,1763416800,,-28.14275,153.51375,0.69,1.27,6.45,4.37,19.33,70.43,0.05,227.6
Bilinga,4224,1763418600,,-28.14277,153.51371,0.7,1.23,6.45,4.5,19.33,68.67,0.06,187.25
Bilinga,4224,1763420400,,-28.14275,153.51373,0.68,1.17,6.45,4.18,19.37,71.66,0.09,233.76
Bilinga,4224,1763422200,,-28.14274,153.51373,0.73,1.08,6.9,4.18,19.46,68.67,0.08,184.0
Bilinga,4224,1763424000,,-28.14275,153.51373,0.66,1.2,6.45,4.17,19.5,72.01,0.08,211.34
Bilinga,4224,1763425800,,-28.14275,153.51375,0.77,1.19,6.06,4.36,19.54,81.5,0.04,153.58
Bilinga,4224,1763427600,,-28.14277,153.51371,0.76,1.16,6.45,4.31,19.59,77.19,0.07,174.77
Bilinga,4224,1763429400,,-28.14278,153.51371,0.8,1.14,6.45,4.42,19.67,84.32,0.05,181.27
Bilinga,4224,1763431200,,-28.1428,153.51377,0.87,1.43,5.88,4.39,20.46,99.35,0.14,114.73
Bilinga,4224,1763433000,,-28.14277,153.51384,0.85,1.46,6.06,4.23,20.55,87.22,0.21,134.86
Bilinga,4224,1763434800,,-28.14277,153.51382,0.8,1.46,6.25,4.07,20.9,80.62,0.12,125.63
Bilinga,4224,1763436600,,-28.14274,153.51386,0.77,1.31,5.88,3.99,21.16,95.3,0.16,141.01
Bilinga,4224,1763438400,,-28.14275,153.51386,0.76,1.29,6.45,3.97,21.47,99.08,0.2,146.46
Bilinga,4224,1763440200,,-28.14275,153.51386,0.77,1.26,6.25,4.0,21.38,88.54,0.19,139.25
Bilinga,4224,1763442000,,-28.14275,153.51386,0.78,1.15,6.06,4.08,21.52,86.69,0.2,144.88
Bilinga,4224,1763443800,,-28.14275,153.51384,0.81,1.25,6.06,4.1,21.56,85.11,0.16,135.38
Bilinga,4224,1763445600,,-28.1428,153.5138,0.76,1.44,5.88,4.04,21.61,98.65,0.15,117.27
Bilinga,4224,1763447400,,-28.14281,153.51375,0.73,1.22,5.71,4.0,21.56,86.78,0.19,126.07
Bilinga,4224,1763449200,,-28.14281,153.51375,0.74,1.22,5.71,4.04,21.65,95.04,0.14,131.96
Bilinga,4224,1763451000,,-28.14281,153.51377,0.82,1.27,5.88,4.27,21.65,92.32,0.14,130.73
Bilinga,4224,1763452800,,-28.1428,153.51377,0.74,1.23,5.88,4.16,21.65,92.75,0.15,128.44
Bilinga,4224,1763454600,,-28.1428,153.51377,0.77,1.22,5.88,4.15,21.61,88.8,0.1,104.62
Bilinga,4224,1763456400,,-28.14278,153.51377,0.73,1.22,5.56,4.12,21.61,93.19,0.11,104.79
Bilinga,4224,1763458200,,-28.1428,153.51377,0.83,1.4,6.06,4.43,21.65,92.23,0.13,93.19
Bilinga,4224,1763460000,,-28.1428,153.51377,0.74,1.22,6.06,4.18,21.61,85.63,0.1,108.4
Bilinga,4224,1763461800,,-28.1428,153.51377,0.78,1.18,5.88,4.22,21.52,95.04,0.12,96.18
Bilinga,4224,1763463600,,-28.14278,153.51377,0.79,1.25,5.88,4.37,21.47,92.58,0.12,68.4
Bilinga,4224,1763465400,,-28.1428,153.51377,0.79,1.54,6.45,4.42,21.47,82.91,0.09,89.49
Bilinga,4224,1763467200,,-28.1428,153.51377,0.76,1.46,5.56,4.31,21.47,88.18,0.12,74.37
Bilinga,4224,1763469000,,-28.1428,153.51377,0.81,1.29,5.71,4.39,21.38,88.97,0.08,72.62
Bilinga,4224,1763470800,,-28.1428,153.51377,0.76,1.34,6.06,4.34,21.38,87.39,0.07,89.85
Bilinga,4224,1763472600,,-28.1428,153.51377,0.72,1.13,6.06,4.26,21.38,91.88,0.08,49.32
Bilinga,4224,1763474400,,-28.1428,153.51377,0.75,1.28,6.25,4.41,21.38,91.44,0.07,61.45
Bilinga,4224,1763476200,,-28.1428,153.5138,0.72,1.17,6.06,4.29,21.43,84.05,0.09,65.76
Bilinga,4224,1763478000,,-28.14278,153.51382,0.73,1.14,5.71,4.31,21.38,81.94,0.08,121.67
Bilinga,4224,1763479800,,-28.14278,153.5138,0.75,1.23,6.06,4.45,21.38,78.51,0.09,110.33
Bilinga,4224,1763481600,,-28.14278,153.5138,0.73,1.22,6.25,4.39,21.38,76.75,0.09,80.26
Bilinga,4224,1763483400,,-28.14278,153.51377,0.72,1.2,6.67,4.32,21.38,78.25,0.11,84.04
Bilinga,4224,1763485200,,-28.14278,153.5138,0.72,1.38,5.88,4.36,21.34,76.4,0.03,38.95
Bilinga,4224,1763487000,,-28.14278,153.51377,0.73,1.18,6.25,4.49,21.34,78.34,0.06,76.31
Bilinga,4224,1763488800,,-28.14278,153.51377,0.73,1.33,6.25,4.52,21.34,78.78,0.08,42.55
Bilinga,4224,1763490600,,-28.14278,153.51377,0.76,1.69,6.25,4.6,21.25,75.08,0.06,25.49
Bilinga,4224,1763492400,,-28.14278,153.51377,0.72,1.22,6.25,4.59,21.16,79.04,0.06,5.98
Bilinga,4224,1763494200,,-28.14277,153.5138,0.72,1.07,6.67,4.64,21.12,79.48,0.06,27.69
Bilinga,4224,1763496000,,-28.14277,153.5138,0.75,1.24,6.25,4.74,21.16,73.24,0.08,91.16
Bilinga,4224,1763497800,,-28.14277,153.51377,0.75,1.24,6.06,4.68,21.25,76.49,0.06,56.18
Bilinga,4224,1763499600,,-28.14277,153.51377,0.72,1.24,6.45,4.58,21.38,78.86,0.16,12.4
Bilinga,4224,1763501400,,-28.1428,153.51377,0.73,1.27,5.88,4.65,21.65,77.63,0.14,23.91
Bilinga,4224,1763503200,,-28.1428,153.51377,0.75,1.23,6.25,4.7,21.92,76.32,0.04,141.8
Bilinga,4224,1763505000,,-28.14281,153.51375,0.71,1.18,6.67,4.63,22.18,75.35,0.09,94.86
Bilinga,4224,1763506800,,-28.14281,153.51375,0.76,1.19,6.25,4.72,22.27,76.32,0.11,56.79
Bilinga,4224,1763508600,,-28.14283,153.51373,0.74,1.17,6.45,4.69,22.36,80.89,0.13,121.14
Bilinga,4224,1763510400,,-28.14281,153.51373,0.72,1.09,6.45,4.46,22.36,84.23,0.08,102.42
Bilinga,4224,1763512200,,-28.14283,153.51371,0.76,1.18,6.06,4.48,22.32,82.47,0.1,120.35
Bilinga,4224,1763514000,,-28.14285,153.51369,0.75,1.3,6.25,4.3,22.45,80.18,0.12,134.33
Bilinga,4224,1763515800,,-28.14289,153.51365,0.76,1.1,6.67,4.24,22.18,79.39,0.13,165.1
Bilinga,4224,1763517600,,-28.1429,153.5136,0.71,1.14,6.25,4.2,22.41,79.92,0.09,128.09
Bilinga,4224,1763519400,,-28.14289,153.51362,0.71,1.13,6.06,4.01,22.41,78.86,0.12,132.48
Bilinga,4224,1763521200,,-28.14289,153.51362,0.73,1.21,6.06,4.08,22.5,84.75,0.09,137.32
Bilinga,4224,1763523000,,-28.1429,153.51358,0.72,1.15,5.88,3.93,22.32,83.44,0.12,137.49
Bilinga,4224,1763524800,,-28.14289,153.51358,0.73,1.3,6.45,3.88,22.45,77.28,0.17,130.46
Bilinga,4224,1763526600,,-28.14289,153.5136,0.73,1.15,5.88,3.82,22.32,77.63,0.1,108.66
Bilinga,4224,1763528400,,-28.14289,153.51358,0.71,1.05,5.41,3.77,22.27,83.61,0.12,121.58
Bilinga,4224,1763530200,,-28.14289,153.51356,0.76,1.16,5.88,3.74,22.32,73.33,0.11,87.91
Bilinga,4224,1763532000,,-28.14289,153.51356,0.77,1.28,6.45,3.88,22.27,75.7,0.12,110.86
Bilinga,4224,1763533800,,-28.14289,153.51358,0.76,1.32,6.06,3.99,22.27,83.35,0.06,114.2
Bilinga,4224,1763535600,,-28.14289,153.51356,0.8,1.31,6.25,4.14,22.32,69.28,0.05,135.82
Bilinga,4224,1763537400,,-28.14289,153.51356,0.78,1.15,5.88,4.19,22.32,65.94,0.11,142.15
Bilinga,4224,1763539200,,-28.14289,153.51356,0.76,1.15,6.45,4.21,22.23,74.91,0.1,152.79
Bilinga,4224,1763541000,,-28.1429,153.51347,0.74,1.11,5.88,4.07,22.18,70.69,0.13,139.96
Bilinga,4224,1763542800,,-28.14287,153.5136,0.77,1.29,6.06,4.18,22.27,77.19,0.13,61.71
Bilinga,4224,1763544600,,-28.14285,153.51365,0.81,1.47,5.56,4.16,22.23,83.79,0.12,96.35
Bilinga,4224,1763546400,,-28.14283,153.51371,0.78,1.3,5.88,4.28,22.23,74.56,0.14,101.01
Bilinga,4224,1763548200,,-28.1428,153.51367,0.77,1.11,6.25,4.33,22.18,76.49,0.17,68.92
Bilinga,4224,1763550000,,-28.14285,153.51362,0.79,1.39,6.06,4.33,22.23,73.41,0.13,52.4
Bilinga,4224,1763551800,,-28.14287,153.51358,0.74,1.32,6.25,4.34,22.32,79.48,0.14,81.58
Bilinga,4224,1763553600,,-28.14287,153.51356,0.72,1.11,5.56,4.35,22.32,77.55,0.17,88.97
Bilinga,4224,1763555400,,-28.14283,153.51345,0.73,1.14,6.25,4.26,22.32,77.02,0.07,103.82
Bilinga,4224,1763557200,,-28.1428,153.51337,0.73,1.13,6.25,4.34,22.23,75.79,0.06,101.01
Bilinga,4224,1763559000,,-28.14278,153.51332,0.69,1.11,5.88,4.21,22.18,73.85,0.08,149.19
Bilinga,4224,1763560800,,-28.14278,153.51328,0.72,1.12,6.25,4.32,22.18,72.36,0.06,138.73
Bilinga,4224,1763562600,,-28.14277,153.51326,0.69,1.12,5.71,4.24,22.18,69.19,0.06,136.7
Bilinga,4224,1763564400,,-28.14275,153.51326,0.7,1.35,10.53,4.29,22.1,81.24,0.04,159.74
Bilinga,4224,1763566200,,-28.14277,153.51326,0.7,1.07,10.53,4.36,22.1,76.93,0.05,81.32
Bilinga,4224,1763568000,,-28.14277,153.51326,0.7,1.21,6.25,4.25,22.05,71.74,0.08,147.43
Bilinga,4224,1763569800,,-28.14275,153.51326,0.72,1.06,10.53,4.4,22.05,76.23,0.06,115.43
Bilinga,4224,1763571600,,-28.14277,153.51326,0.71,1.53,10.0,4.47,22.01,76.14,0.07,114.37
Bilinga,4224,1763573400,,-28.14277,153.51332,0.72,1.06,10.0,4.39,21.96,79.66,0.02,169.49
Bilinga,4224,1763575200,,-28.14278,153.51332,0.77,1.2,9.52,4.39,21.96,78.16,0.11,147.96
Bilinga,4224,1763577000,,-28.1428,153.51332,0.73,1.28,10.53,4.43,21.96,74.73,0.08,45.19
Bilinga,4224,1763578800,,-28.14283,153.51337,0.74,1.23,10.0,4.38,21.96,71.92,0.08,96.44
Bilinga,4224,1763580600,,-28.14285,153.51343,0.75,1.06,10.0,4.55,21.96,74.82,0.05,101.27
Bilinga,4224,1763582400,,-28.14285,153.51347,0.77,1.27,10.53,4.7,21.96,75.17,0.06,88.88
Bilinga,4224,1763584200,,-28.14285,153.51352,0.76,1.35,10.53,4.61,21.96,72.62,0.08,84.04
Bilinga,4224,1763586000,,-28.14283,153.51356,0.75,1.25,10.0,4.79,22.05,74.03,0.05,102.77
Bilinga,4224,1763587800,,-28.14283,153.51358,0.75,1.1,6.9,4.73,22.18,77.28,0.1,115.78
Bilinga,4224,1763589600,,-28.14283,153.51362,0.75,1.13,10.53,4.83,22.45,73.68,0.14,137.58
Bilinga,4224,1763591400,,-28.1428,153.51367,0.7,1.07,10.0,4.76,22.45,81.15,0.12,45.8
Bilinga,4224,1763593200,,-28.1428,153.51371,0.74,1.12,10.0,4.79,22.68,79.92,0.06,85.63
Bilinga,4224,1763595000,,-28.14283,153.51367,0.75,1.23,10.53,5.0,22.81,79.22,0.06,119.74
Bilinga,4224,1763596800,,-28.14281,153.51369,0.76,1.39,10.53,4.87,22.95,80.8,0.1,74.9
Bilinga,4224,1763598600,,-28.14283,153.51369,0.74,1.28,10.53,4.72,22.95,80.45,0.09,104.18
Bilinga,4224,1763600400,,-28.14285,153.51362,0.73,1.1,11.11,4.52,23.04,81.06,0.15,99.08
Bilinga,4224,1763602200,,-28.14289,153.51358,0.78,1.31,10.53,4.38,22.95,78.25,0.06,86.15
Bilinga,4224,1763604000,,-28.1429,153.51356,0.77,1.25,11.11,4.15,22.9,71.92,0.07,147.43
Bilinga,4224,1763605800,,-28.1429,153.51352,0.72,1.13,10.53,3.89,22.81,78.43,0.11,118.33
Bilinga,4224,1763607600,,-28.1429,153.51354,0.79,1.29,9.52,4.08,22.86,82.03,0.13,138.9
Bilinga,4224,1763609400,,-28.1429,153.51356,0.74,1.39,10.0,4.15,22.81,84.32,0.15,135.65
Bilinga,4224,1763611200,,-28.1429,153.51356,0.79,1.19,10.53,4.27,22.81,84.67,0.09,110.68
Bilinga,4224,1763613000,,-28.1429,153.51356,0.8,1.32,10.0,4.28,22.81,82.56,0.09,112.0
Bilinga,4224,1763614800,,-28.14289,153.51356,0.81,1.24,11.11,4.4,22.81,82.12,0.11,100.84
Bilinga,4224,1763616600,,-28.1429,153.51356,0.78,1.35,11.11,4.28,22.9,80.36,0.11,115.6
Bilinga,4224,1763618400,,-28.1429,153.51356,0.83,1.28,11.11,4.41,22.9,76.93,0.09,135.03
Bilinga,4224,1763620200,,-28.14289,153.51358,0.83,1.5,5.88,4.58,22.9,79.13,0.14,111.47
Bilinga,4224,1763622000,,-28.14289,153.5136,0.92,1.46,5.88,4.92,22.9,74.12,0.14,131.08
Bilinga,4224,1763623800,,-28.14289,153.51362,0.84,1.34,6.25,4.82,22.9,74.73,0.12,124.48
Bilinga,4224,1763625600,,-28.14287,153.51362,0.92,1.62,10.53,5.07,22.9,83.79,0.1,123.69
Bilinga,4224,1763627400,,-28.14287,153.51362,0.95,1.53,5.88,5.13,22.86,77.02,0.08,69.01
Bilinga,4224,1763629200,,-28.14287,153.51362,0.84,1.4,11.11,5.01,22.9,83.7,0.07,134.95
Bilinga,4224,1763631000,,-28.14283,153.51371,0.88,1.43,5.41,5.01,22.81,79.22,0.1,108.48
Bilinga,4224,1763632800,,-28.14285,153.51367,0.93,1.34,5.56,5.0,22.86,79.66,0.11,103.47
Bilinga,4224,1763634600,,-28.14283,153.51367,0.94,1.64,10.53,5.08,22.9,81.77,0.09,101.36
Bilinga,4224,1763636400,,-28.14283,153.51365,1.0,1.83,11.76,5.09,22.9,77.63,0.12,93.19
Bilinga,4224,1763638200,,-28.14285,153.51362,0.97,1.6,5.88,5.04,23.08,80.1,0.15,113.23
Bilinga,4224,1763640000,,-28.14285,153.51358,0.95,1.65,5.88,5.07,23.04,83.35,0.11,81.76
Bilinga,4224,1763641800,,-28.14283,153.51358,0.95,1.77,6.06,4.9,22.99,77.11,0.11,67.43
Bilinga,4224,1763643600,,-28.14283,153.51356,0.93,1.46,5.71,5.02,23.04,83.26,0.1,67.34
Bilinga,4224,1763645400,,-28.14287,153.51354,0.94,1.56,6.25,5.0,23.04,81.15,0.09,89.67
Bilinga,4224,1763647200,,-28.14285,153.51356,0.9,1.72,10.53,4.95,22.99,77.28,0.05,119.56
Bilinga,4224,1763647200,,-28.14287,153.51354,0.9,1.72,10.53,4.95,22.99,77.28,0.05,119.56
Bilinga,4224,1763649000,,-28.14289,153.5135,0.9,1.37,11.76,5.03,22.99,76.84,0.04,90.29
Bilinga,4224,1763650800,,-28.14285,153.51347,0.89,1.45,11.76,4.9,22.99,73.77,0.07,111.21
Bilinga,4224,1763652600,,-28.14287,153.51341,0.98,1.49,10.53,5.04,22.99,73.06,0.1,168.88
Bilinga,4224,1763654400,,-28.14289,153.51341,0.91,1.42,12.5,5.16,23.04,70.07,0.08,171.6
Bilinga,4224,1763656200,,-28.14289,153.51341,0.94,1.35,11.76,4.95,23.04,69.55,0.09,172.75
Bilinga,4224,1763658000,,-28.1429,153.51341,0.93,1.35,11.76,5.0,23.04,73.06,0.1,109.63
Bilinga,4224,1763659800,,-28.14289,153.51339,0.97,1.74,11.76,5.25,23.04,71.83,0.08,141.8
Bilinga,4224,1763661600,,-28.14287,153.51343,0.94,1.63,11.11,5.41,23.08,70.86,0.09,164.75
Bilinga,4224,1763663400,,-28.14287,153.5135,0.86,1.47,11.76,5.37,23.13,72.54,0.1,329.93
Bilinga,4224,1763665200,,-28.14289,153.51352,0.91,1.37,12.5,5.44,23.13,69.37,0.07,322.99
Bilinga,4224,1763667000,,-28.14289,153.51356,0.89,1.33,11.76,5.57,23.13,71.48,0.07,33.14
Bilinga,4224,1763668800,,-28.14287,153.51354,0.92,1.37,11.76,5.69,23.13,70.07,0.14,112.26
Bilinga,4224,1763670600,,-28.14287,153.51356,0.94,1.55,11.76,5.79,23.17,72.8,0.18,136.44
Bilinga,4224,1763672400,,-28.14283,153.5136,0.93,1.58,11.76,5.75,23.22,69.02,0.15,113.67
Bilinga,4224,1763674200,,-28.14285,153.51358,0.96,1.73,12.5,5.81,23.31,67.88,0.19,131.69
Bilinga,4224,1763676000,,-28.14283,153.5136,0.97,1.39,11.11,5.76,23.4,72.54,0.06,181.27
Bilinga,4224,1763677800,,-28.14285,153.5136,0.96,1.5,12.5,5.99,23.67,72.71,0.16,159.47
Bilinga,4224,1763679600,,-28.14285,153.5136,0.94,1.74,11.11,5.81,23.9,69.9,0.2,186.37
Bilinga,4224,1763681400,,-28.14281,153.5136,0.93,1.61,10.53,5.26,23.76,74.82,0.08,203.34
Bilinga,4224,1763683200,,-28.14283,153.51358,1.02,1.71,11.76,5.48,23.63,72.36,0.01,203.6
Bilinga,4224,1763685000,,-28.14283,153.51356,1.02,1.8,11.11,5.38,23.54,67.96,0.03,302.51
Bilinga,4224,1763686800,,-28.14285,153.51354,1.02,1.64,11.76,5.43,23.44,73.41,0.02,156.48
Bilinga,4224,1763688600,,-28.14283,153.51347,0.96,1.55,12.5,5.16,23.44,68.14,0.05,247.56
Bilinga,4224,1763690400,,-28.14285,153.51341,0.96,1.53,11.11,5.18,23.4,72.18,0.07,234.02
Bilinga,4224,1763692200,,-28.14281,153.51332,0.95,1.57,12.5,5.02,23.4,69.63,0.05,200.62
Bilinga,4224,1763694000,,-28.14271,153.51317,0.97,1.45,12.5,4.92,23.26,67.44,0.07,271.74
Bilinga,4224,1763695800,,-28.14259,153.51305,0.99,1.54,11.76,4.84,23.04,73.94,0.12,270.77
Bilinga,4224,1763697600,,-28.14241,153.51294,0.96,1.49,12.5,5.03,22.86,68.4,0.08,252.75
Bilinga,4224,1763699400,,-28.14233,153.51289,0.99,1.66,12.5,5.08,22.68,70.78,0.04,210.11
Bilinga,4224,1763701200,,-28.14222,153.51287,0.93,1.51,12.5,4.8,22.63,74.03,0.08,252.4
Bilinga,4224,1763703000,,-28.14207,153.51292,0.93,1.46,11.11,4.86,22.77,76.05,0.11,247.91
Bilinga,4224,1763704800,,-28.14202,153.51289,0.99,1.73,11.76,5.11,23.13,72.45,0.13,206.68
Bilinga,4224,1763706600,,-28.14195,153.51292,0.98,1.93,11.76,5.24,23.13,73.68,0.12,208.18
Bilinga,4224,1763708400,,-28.1419,153.51289,0.93,1.62,11.11,5.02,23.08,76.32,0.12,214.95
Bilinga,4224,1763710200,,-28.14187,153.51289,0.99,1.62,12.5,5.34,23.04,68.75,0.09,215.3
Bilinga,4224,1763712000,,-28.14181,153.51294,0.96,1.61,11.76,5.21,22.99,74.73,0.07,233.93
Bilinga,4224,1763713800,,-28.14181,153.51294,0.99,1.46,12.5,5.49,22.95,68.4,0.02,267.08
Bilinga,4224,1763715600,,-28.14181,153.51289,1.01,1.51,11.76,5.8,22.95,75.08,0.07,323.78
Bilinga,4224,1763717400,,-28.14178,153.51294,0.98,1.71,12.5,6.03,22.95,67.88,0.08,319.12
Bilinga,4224,1763719200,,-28.14172,153.51302,0.97,1.42,11.11,6.05,22.9,74.03,0.08,335.3
Bilinga,4224,1763721000,,-28.14172,153.51302,0.92,1.46,11.76,5.76,22.95,72.45,0.13,346.02
Bilinga,4224,1763722800,,-28.14172,153.51298,0.94,1.42,11.76,5.64,22.9,67.26,0.08,355.78
Bilinga,4224,1763724600,,-28.14175,153.51289,0.89,1.44,11.76,5.58,22.95,72.62,0.13,311.82
Bilinga,4224,1763726400,,-28.14177,153.51287,0.98,1.51,11.76,5.76,22.9,72.97,0.13,325.89
Bilinga,4224,1763728200,,-28.1418,153.51283,0.94,1.75,11.76,5.8,22.9,72.36,0.08,303.56
Bilinga,4224,1763730000,,-28.1418,153.51283,0.91,1.5,11.76,5.56,22.86,73.33,0.04,328.79
Bilinga,4224,1763731800,,-28.14181,153.51279,0.88,1.33,12.5,5.64,22.81,71.13,0.07,253.54
Bilinga,4224,1763733600,,-28.14181,153.51281,0.89,1.44,11.11,5.71,22.77,74.91,0.09,274.64
Bilinga,4224,1763735400,,-28.14184,153.51281,0.85,1.32,12.5,5.66,22.72,70.95,0.06,297.23
Bilinga,4224,1763737200,,-28.14184,153.51285,0.9,1.47,11.76,5.77,22.68,73.68,0.06,319.38
Bilinga,4224,1763739000,,-28.14181,153.51285,0.84,1.36,11.76,5.58,22.63,71.74,0.05,208.97
Bilinga,4224,1763740800,,-28.14181,153.51287,0.88,1.47,11.76,5.68,22.63,76.75,0.01,302.86
Bilinga,4224,1763742600,,-28.14181,153.51289,0.82,1.4,11.76,5.37,22.63,70.25,0.05,230.59
Bilinga,4224,1763744400,,-28.1418,153.51287,0.91,1.38,11.76,6.04,22.68,74.38,0.07,223.82
Bilinga,4224,1763746200,,-28.1418,153.51289,0.86,1.43,11.76,5.74,22.72,72.54,0.1,262.33
Bilinga,4224,1763748000,,-28.1418,153.51294,0.91,1.77,11.11,6.08,22.68,72.62,0.06,317.36
Bilinga,4224,1763749800,,-28.14185,153.51292,0.95,1.63,11.76,6.6,22.68,73.5,0.07,262.24
Bilinga,4224,1763751600,,-28.14188,153.51289,0.94,1.52,11.76,6.42,22.68,72.36,0.11,224.53
Bilinga,4224,1763753400,,-28.14187,153.51292,0.89,1.49,11.76,6.25,22.68,70.78,0.09,236.4
Bilinga,4224,1763755200,,-28.14196,153.51298,0.91,1.43,11.76,6.25,22.72,72.54,0.08,228.4
Bilinga,4224,1763757000,,-28.14198,153.51307,0.9,1.38,11.76,6.21,22.72,71.22,0.04,233.32
Bilinga,4224,1763758800,,-28.14195,153.51311,0.92,1.39,11.76,6.26,22.72,69.46,0.03,213.8
Bilinga,4224,1763760600,,-28.14196,153.51322,0.94,1.7,11.76,6.26,22.72,70.07,0.02,274.37
Bilinga,4224,1763762400,,-28.14203,153.51326,0.98,1.45,11.76,6.46,22.77,70.16,0.07,258.73
Bilinga,4224,1763764200,,-28.1421,153.51332,0.96,1.52,11.76,6.53,22.77,72.01,0.04,342.07
Bilinga,4224,1763766000,,-28.14217,153.51343,0.87,1.34,11.76,6.32,22.81,71.3,0.09,295.56
Bilinga,4224,1763767800,,-28.14222,153.51345,1.0,1.37,11.76,6.25,22.77,71.92,0.01,326.86
Bilinga,4224,1763769600,,-28.14222,153.51352,1.01,1.74,10.53,6.35,22.77,72.8,0.02,85.1
Bilinga,4224,1763771400,,-28.14232,153.5135,1.03,1.66,11.76,6.63,22.77,72.71,0.17,228.92
Bilinga,4224,1763773200,,-28.1424,153.51354,1.13,1.76,11.11,6.87,22.81,73.41,0.1,172.31
Bilinga,4224,1763775000,,-28.14244,153.51358,0.98,1.75,11.11,6.3,22.81,72.45,0.13,195.34
Bilinga,4224,1763776800,,-28.14245,153.5136,1.02,1.62,11.76,6.48,22.9,72.01,0.12,183.38
Bilinga,4224,1763778600,,-28.14248,153.5136,0.94,1.51,11.11,5.94,22.9,73.68,0.11,192.79
Bilinga,4224,1763780400,,-28.1425,153.51356,0.94,1.46,11.76,5.66,22.99,69.28,0.06,159.21
Bilinga,4224,1763782200,,-28.1425,153.5136,0.96,1.5,11.76,5.75,22.99,69.81,0.06,216.88
Bilinga,4224,1763784000,,-28.1425,153.5136,1.0,1.58,11.76,5.81,23.04,73.41,0.11,168.18
Bilinga,4224,1763785800,,-28.1425,153.51356,0.92,1.68,11.11,5.54,23.04,69.9,0.07,202.02
Bilinga,4224,1763787600,,-28.14252,153.5135,0.95,1.99,11.76,5.65,23.04,74.38,0.09,170.55
Bilinga,4224,1763789400,,-28.14252,153.51345,0.98,1.57,11.76,5.66,22.99,70.6,0.08,181.8
Bilinga,4224,1763791200,,-28.1425,153.51341,0.95,1.65,11.76,5.76,22.99,71.04,0.06,194.99
Bilinga,4224,1763793000,,-28.14247,153.5133,0.91,1.63,11.76,5.77,22.95,72.71,0.03,178.81
Bilinga,4224,1763794800,,-28.14248,153.51332,0.92,1.4,11.11,5.96,22.95,74.64,0.07,185.58
Bilinga,4224,1763796600,,-28.14247,153.5133,0.97,1.44,11.11,6.17,22.95,73.24,0.07,191.65
Bilinga,4224,1763798400,,-28.14238,153.51332,1.01,1.72,11.11,6.39,22.9,71.39,0.08,196.75
Bilinga,4224,1763800200,,-28.14238,153.51356,0.94,1.87,11.11,6.21,22.81,68.67,0.08,181.36
Bilinga,4224,1763802000,,-28.14248,153.5136,0.96,1.41,11.11,6.05,22.81,73.41,0.11,158.24
Bilinga,4224,1763803800,,-28.14241,153.51367,0.94,1.71,10.53,5.95,22.77,76.49,0.1,128.35
Bilinga,4224,1763805600,,-28.14241,153.51371,0.92,1.47,11.11,5.97,22.77,75.61,0.1,109.71
Bilinga,4224,1763807400,,-28.1425,153.51369,0.87,1.46,10.53,5.61,22.77,71.74,0.12,89.41
Bilinga,4224,1763809200,,-28.1425,153.51362,0.97,1.52,10.53,5.95,22.81,74.73,0.04,40.97
Bilinga,4224,1763811000,,-28.14245,153.51365,0.88,1.33,11.11,5.68,22.9,72.62,0.03,34.55
Bilinga,4224,1763812800,,-28.14245,153.5136,0.84,1.37,11.11,5.62,22.95,68.4,0.04,40.18
Bilinga,4224,1763814600,,-28.14244,153.51367,0.94,1.45,11.11,6.04,22.9,73.33,0.06,347.6
Bilinga,4224,1763816400,,-28.14245,153.51365,0.88,1.65,11.11,6.0,22.9,71.92,0.12,344.18
Bilinga,4224,1763818200,,-28.14248,153.51358,0.93,1.8,11.11,6.3,22.9,71.74,0.07,353.93
Bilinga,4224,1763820000,,-28.14248,153.51362,0.9,1.56,11.11,6.15,22.9,72.01,0.06,0.0
Bilinga,4224,1763821800,,-28.14244,153.51356,0.89,1.6,11.11,6.42,22.9,68.84,0.05,353.93
Bilinga,4224,1763823600,,-28.14247,153.51356,0.92,1.44,11.11,6.45,22.9,69.9,0.13,345.05
Bilinga,4224,1763825400,,-28.14245,153.51354,0.84,1.22,10.53,6.21,22.9,71.22,0.09,263.65
Bilinga,4224,1763827200,,-28.1424,153.51362,0.85,1.29,11.11,6.3,22.86,70.69,0.07,348.4
Bilinga,4224,1763829000,,-28.14238,153.51362,0.9,1.65,11.76,6.49,22.86,68.49,0.07,294.77
Bilinga,4224,1763830800,,-28.14245,153.51358,0.86,1.37,11.11,6.46,22.81,66.12,0.11,344.7
Bilinga,4224,1763832600,,-28.14252,153.51358,0.99,1.6,11.11,6.81,22.81,71.48,0.16,343.3
Bilinga,4224,1763834400,,-28.1425,153.51362,0.92,1.87,11.11,6.7,22.86,70.6,0.11,1.41
Bilinga,4224,1763836200,,-28.14252,153.51365,0.91,1.43,11.11,6.52,22.81,75.61,0.04,4.31
Bilinga,4224,1763838000,,-28.14252,153.51367,0.89,1.86,11.11,6.63,22.81,71.22,0.18,41.85
Bilinga,4224,1763839800,,-28.14253,153.51362,0.93,1.42,11.11,6.74,22.81,76.58,0.12,97.58
Bilinga,4224,1763841600,,-28.14253,153.5136,0.84,1.74,10.53,6.44,22.81,67.79,0.16,122.46
Bilinga,4224,1763843400,,-28.14253,153.51362,0.89,1.41,10.0,6.51,22.81,72.1,0.14,353.05
Bilinga,4224,1763845200,,-28.14257,153.51362,0.89,1.49,10.53,6.19,22.81,76.49,0.1,70.33
Bilinga,4224,1763847000,,-28.14257,153.51365,0.86,1.59,11.11,6.14,22.77,77.46,0.09,78.86
Bilinga,4224,1763848800,,-28.14263,153.51358,1.0,1.79,10.53,5.5,22.77,81.06,0.1,114.11
Bilinga,4224,1763850600,,-28.14268,153.5136,0.9,1.47,11.11,4.96,22.72,83.61,0.07,110.59
Bilinga,4224,1763852400,,-28.14274,153.51369,0.93,1.84,11.11,4.78,22.63,82.56,0.1,95.21
Bilinga,4224,1763854200,,-28.14278,153.51375,0.95,1.44,11.11,4.85,22.63,81.5,0.11,109.1
Bilinga,4224,1763856000,,-28.14281,153.51377,0.93,1.75,11.11,4.56,22.54,85.81,0.12,118.15
Bilinga,4224,1763857800,,-28.14278,153.51382,0.88,1.41,10.53,4.52,22.54,86.16,0.14,118.86
Bilinga,4224,1763859600,,-28.14278,153.51384,0.86,1.45,10.53,4.68,22.54,88.53,0.1,100.4
Bilinga,4224,1763861400,,-28.1428,153.51384,0.87,1.46,10.0,4.76,22.63,86.43,0.12,83.96
Bilinga,4224,1763863200,,-28.14281,153.51384,0.84,1.43,11.11,4.77,22.68,85.63,0.19,110.86
Bilinga,4224,1763865000,,-28.14283,153.51382,0.78,1.14,10.53,4.5,22.81,84.14,0.12,97.67
Bilinga,4224,1763866800,,-28.14283,153.51384,0.86,1.42,11.11,4.41,22.9,80.8,0.15,100.66
Bilinga,4224,1763868600,,-28.14287,153.51377,0.8,1.38,11.11,4.52,23.04,80.1,0.17,106.46
Bilinga,4224,1763870400,,-28.14287,153.51377,0.83,1.44,10.53,4.15,23.08,81.41,0.16,101.63
Bilinga,4224,1763872200,,-28.14287,153.51377,0.87,1.62,10.53,4.36,23.08,79.83,0.16,114.46
Bilinga,4224,1763874000,,-28.14285,153.51377,0.89,1.69,10.53,4.22,23.13,83.0,0.18,122.99
Bilinga,4224,1763875800,,-28.14285,153.51377,0.86,1.5,11.11,4.04,23.08,80.62,0.16,112.44
Bilinga,4224,1763877600,,-28.14285,153.51377,0.87,1.4,10.53,3.95,23.13,78.34,0.17,134.77
Bilinga,4224,1763879400,,-28.14283,153.51377,0.94,1.61,11.11,3.94,23.13,89.06,0.2,119.91
Bilinga,4224,1763881200,,-28.14283,153.51377,0.87,1.87,10.53,3.7,23.13,78.34,0.25,131.87
Bilinga,4224,1763883000,,-28.14285,153.5138,0.9,1.6,10.53,3.87,23.13,82.82,0.24,128.97
Bilinga,4224,1763884800,,-28.14287,153.51377,0.85,1.4,11.11,3.97,23.04,84.14,0.2,123.78
Bilinga,4224,1763886600,,-28.14285,153.5138,0.94,1.45,11.11,4.2,23.04,80.97,0.22,116.57
Bilinga,4224,1763888400,,-28.14287,153.5138,0.89,1.5,10.53,4.11,23.04,83.88,0.23,122.9
Bilinga,4224,1763890200,,-28.14287,153.51377,0.85,1.53,11.11,4.01,22.99,82.64,0.23,112.18
Bilinga,4224,1763892000,,-28.14285,153.5138,0.85,1.6,10.53,4.08,23.04,85.02,0.21,113.14
Bilinga,4224,1763893800,,-28.14285,153.5138,0.89,2.23,11.11,4.45,23.04,86.6,0.23,118.59
Bilinga,4224,1763895600,,-28.14285,153.5138,0.91,1.37,10.53,4.74,23.08,84.05,0.13,102.77
Bilinga,4224,1763897400,,-28.14283,153.51386,0.79,1.32,10.53,4.38,23.13,80.53,0.19,101.89
Bilinga,4224,1763899200,,-28.14283,153.51384,0.88,1.35,10.0,4.53,23.17,82.82,0.19,101.36
Bilinga,4224,1763901000,,-28.14281,153.51384,0.84,1.27,10.53,4.41,23.17,84.84,0.17,108.84
Bilinga,4224,1763902800,,-28.1428,153.51386,0.84,1.44,10.53,4.41,23.26,82.73,0.14,102.33
Bilinga,4224,1763904600,,-28.14281,153.51384,0.88,1.37,10.0,4.47,23.22,85.37,0.16,101.71
Bilinga,4224,1763906400,,-28.14281,153.51386,0.86,1.34,10.53,3.99,23.13,86.6,0.21,102.51
Bilinga,4224,1763908200,,-28.14285,153.51382,0.82,1.33,10.53,3.96,22.95,85.37,0.18,124.48
Bilinga,4224,1763910000,,-28.14283,153.51384,0.85,1.46,10.53,4.15,22.81,85.28,0.15,104.88
Bilinga,4224,1763911800,,-28.14283,153.51382,0.83,1.49,10.0,4.27,22.81,81.94,0.19,116.4
Bilinga,4224,1763913600,,-28.14283,153.51382,0.81,1.49,11.11,4.28,22.81,83.35,0.16,107.96
Bilinga,4224,1763915400,,-28.14281,153.51386,0.82,1.45,10.0,4.5,22.77,80.71,0.14,87.47
Bilinga,4224,1763917200,,-28.1428,153.51386,0.78,1.23,10.0,4.49,22.77,76.58,0.13,82.37
Bilinga,4224,1763919000,,-28.1428,153.51386,0.79,1.22,10.53,4.46,22.9,68.49,0.11,24.26
Bilinga,4224,1763920800,,-28.1428,153.5138,0.83,1.39,10.53,4.5,22.9,61.72,0.09,71.56
Bilinga,4224,1763922600,,-28.14281,153.5138,0.83,1.28,10.53,4.51,22.9,73.68,0.09,66.73
Bilinga,4224,1763924400,,-28.14283,153.51377,0.86,1.3,10.53,4.55,22.86,73.94,0.09,49.76
Bilinga,4224,1763926200,,-28.14281,153.51377,0.85,1.34,10.0,4.53,22.95,75.52,0.11,84.4
Bilinga,4224,1763928000,,-28.14281,153.51377,0.85,1.48,10.53,4.51,22.95,74.82,0.08,78.15
Bilinga,4224,1763929800,,-28.14283,153.51373,0.78,1.22,10.0,4.28,22.99,80.18,0.07,75.69
Bilinga,4224,1763931600,,-28.14285,153.51371,0.81,1.21,10.53,4.52,23.04,80.18,0.09,106.29
Bilinga,4224,1763933400,,-28.14287,153.51369,0.77,1.2,10.0,4.44,23.04,79.83,0.05,113.05
Bilinga,4224,1763935200,,-28.14287,153.51369,0.81,1.25,10.53,4.64,23.08,73.85,0.09,120.44
Bilinga,4224,1763937000,,-28.14283,153.51375,0.77,1.14,10.0,5.02,23.13,84.75,0.07,113.23
Bilinga,4224,1763938800,,-28.14281,153.51384,0.77,1.33,10.53,4.89,23.04,83.88,0.18,118.86
Bilinga,4224,1763940600,,-28.14283,153.5138,0.81,1.4,10.53,5.08,23.04,88.45,0.17,135.3
Bilinga,4224,1763942400,,-28.14283,153.51384,0.78,1.38,10.53,5.05,23.17,84.49,0.11,89.05
Bilinga,4224,1763944200,,-28.14281,153.51386,0.83,1.41,10.53,4.89,23.31,82.29,0.14,83.78
Bilinga,4224,1763946000,,-28.14281,153.51386,0.83,1.36,10.0,4.78,23.44,85.55,0.14,106.46
Bilinga,4224,1763947800,,-28.14281,153.51386,0.87,1.51,10.0,5.02,23.58,82.29,0.07,46.51
Bilinga,4224,1763949600,,-28.14281,153.51386,0.84,1.51,10.53,4.81,23.63,81.94,0.1,57.14
Bilinga,4224,1763951400,,-28.14283,153.51384,0.85,1.46,10.0,4.76,23.54,80.01,0.11,64.62
Bilinga,4224,1763953200,,-28.14283,153.51382,0.79,1.28,10.53,4.38,23.4,77.28,0.13,85.71
Bilinga,4224,1763955000,,-28.14287,153.51377,0.86,1.34,10.53,4.44,23.31,75.79,0.14,115.43
Bilinga,4224,1763956800,,-28.14285,153.51382,0.89,1.46,10.53,4.62,23.22,77.11,0.09,99.87
Bilinga,4224,1763958600,,-28.14281,153.51384,0.87,1.4,11.11,4.51,23.22,77.37,0.09,93.01
Bilinga,4224,1763960400,,-28.14283,153.51377,0.89,1.39,10.53,4.51,23.17,77.72,0.12,95.03
Bilinga,4224,1763962200,,-28.14283,153.5138,0.85,1.4,11.11,4.5,23.17,70.86,0.09,71.74
Bilinga,4224,1763964000,,-28.14281,153.51377,0.84,1.34,10.0,4.51,23.31,75.17,0.14,130.73
Bilinga,4224,1763965800,,-28.14285,153.51377,0.85,1.36,10.53,4.68,23.4,75.35,0.03,19.43
Bilinga,4224,1763967600,,-28.14283,153.51377,0.83,1.44,10.53,4.65,23.4,71.22,0.06,9.14
Bilinga,4224,1763969400,,-28.14287,153.51367,0.81,1.26,11.11,4.59,23.31,71.39,0.1,242.55
Bilinga,4224,1763971200,,-28.14281,153.51371,0.8,1.2,10.53,4.65,23.31,71.3,0.07,322.9
Bilinga,4224,1763973000,,-28.14275,153.51386,0.78,1.23,10.53,4.75,23.04,72.89,0.09,252.04
Bilinga,4224,1763974800,,-28.14277,153.51388,0.77,1.18,10.53,4.92,22.99,72.97,0.1,196.48
Bilinga,4224,1763976600,,-28.14277,153.51386,0.76,1.46,10.53,4.95,22.86,71.74,0.06,126.33
Bilinga,4224,1763978400,,-28.14281,153.51377,0.77,1.15,11.11,5.25,22.81,71.57,0.04,153.05
Bilinga,4224,1763980200,,-28.14281,153.51373,0.79,1.37,10.53,5.53,22.81,71.39,0.01,330.64
Bilinga,4224,1763982000,,-28.1428,153.51375,0.76,1.24,10.53,5.43,22.81,71.22,0.04,48.7
Bilinga,4224,1763983800,,-28.14281,153.51373,0.75,1.12,10.53,5.4,22.77,67.61,0.02,39.12
Bilinga,4224,1763985600,,-28.14277,153.51377,0.83,1.48,10.0,5.59,22.81,69.63,0.05,34.99
Bilinga,4224,1763987400,,-28.14271,153.51377,0.75,1.21,10.53,5.55,22.77,69.55,0.05,339.6
Bilinga,4224,1763989200,,-28.14259,153.5138,0.76,1.2,11.11,5.49,22.77,64.62,0.03,260.48
Bilinga,4224,1763991000,,-28.14253,153.51377,0.78,1.24,11.11,5.82,22.77,69.28,0.08,285.63
Bilinga,4224,1763992800,,-28.14248,153.51365,0.81,1.34,10.53,5.8,22.77,67.96,0.03,270.59
Bilinga,4224,1763994600,,-28.1425,153.51356,0.76,1.18,10.0,5.93,22.77,70.69,0.06,243.52
Bilinga,4224,1763996400,,-28.14247,153.51362,0.8,1.36,10.0,5.98,22.77,73.94,0.02,316.22
Bilinga,4224,1763998200,,-28.14245,153.51354,0.79,1.28,11.11,6.1,22.68,65.68,0.03,241.23
Bilinga,4224,1764000000,,-28.14244,153.51358,0.74,1.27,11.11,6.04,22.72,70.34,0.11,237.27
Bilinga,4224,1764001800,,-28.14245,153.51347,0.72,1.05,10.53,6.07,22.63,68.93,0.1,220.92
Bilinga,4224,1764003600,,-28.14245,153.51345,0.73,1.08,11.11,6.1,22.45,71.74,0.12,207.56
Bilinga,4224,1764005400,,-28.14253,153.51362,0.76,1.15,10.53,6.19,22.5,77.63,0.1,170.55
Bilinga,4224,1764007200,,-28.14247,153.51386,0.78,1.26,10.0,6.05,22.54,79.13,0.18,147.25
Bilinga,4224,1764009000,,-28.14237,153.51382,0.77,1.16,10.53,6.12,22.54,76.23,0.15,137.14
Bilinga,4224,1764010800,,-28.1426,153.51393,0.84,1.35,10.53,6.28,22.45,77.02,0.16,75.69
Bilinga,4224,1764012600,,-28.14262,153.51393,0.8,1.39,11.11,6.04,22.41,72.71,0.12,114.64
Bilinga,4224,1764014400,,-28.1426,153.51393,0.78,1.26,10.53,5.98,22.41,69.02,0.2,46.95
Bilinga,4224,1764016200,,-28.14257,153.51393,0.82,1.41,11.11,6.01,22.45,72.36,0.18,26.2
Bilinga,4224,1764018000,,-28.14262,153.51393,0.86,1.66,10.53,6.07,22.59,72.53,0.14,13.8
Bilinga,4224,1764019800,,-28.14263,153.51393,0.89,1.35,10.0,5.93,22.63,74.21,0.12,17.23
Bilinga,4224,1764021600,,-28.14268,153.5139,0.88,1.36,10.53,5.88,22.68,73.33,0.03,353.23
Bilinga,4224,1764023400,,-28.14274,153.51386,0.92,1.4,10.0,5.39,22.63,77.81,0.14,79.21
Bilinga,4224,1764025200,,-28.14278,153.51384,0.89,1.73,11.11,5.01,22.63,76.93,0.07,79.74
Bilinga,4224,1764027000,,-28.14281,153.51375,0.89,1.32,11.11,4.93,22.77,72.36,0.13,107.34
Bilinga,4224,1764028800,,-28.14283,153.51375,0.87,1.42,10.53,4.59,22.81,77.19,0.07,114.29
Bilinga,4224,1764030600,,-28.14287,153.51367,0.96,1.53,10.53,4.66,22.86,75.61,0.13,133.89
Bilinga,4224,1764032400,,-28.1429,153.51362,0.85,1.49,11.11,4.34,22.86,77.37,0.13,120.97
Bilinga,4224,1764034200,,-28.14292,153.51362,0.86,1.47,11.11,4.15,22.95,79.83,0.09,127.65
Bilinga,4224,1764036000,,-28.14293,153.51362,0.88,1.76,10.53,4.23,22.95,69.72,0.07,109.98
Bilinga,4224,1764037800,,-28.14295,153.51358,0.91,1.6,10.53,4.16,22.95,78.25,0.14,144.44
Bilinga,4224,1764039600,,-28.14293,153.51362,0.98,1.58,10.53,4.03,22.9,74.38,0.12,124.04
Bilinga,4224,1764041400,,-28.14293,153.51365,0.97,1.73,10.53,4.04,22.95,71.74,0.22,132.92
Bilinga,4224,1764043200,,-28.14292,153.51371,1.01,1.99,10.53,4.12,23.04,79.83,0.2,147.87
Bilinga,4224,1764045000,,-28.14289,153.51377,1.1,1.78,11.11,4.2,23.17,80.45,0.21,144.88
Bilinga,4224,1764046800,,-28.14285,153.51386,1.01,1.64,11.11,3.96,23.17,75.0,0.23,135.91
Bilinga,4224,1764048600,,-28.14281,153.51388,0.98,1.48,10.53,3.85,23.08,82.12,0.23,133.45
Bilinga,4224,1764050400,,-28.1428,153.51393,1.04,1.73,11.11,3.93,22.95,72.01,0.28,129.85
Bilinga,4224,1764052200,,-28.14278,153.51395,1.12,1.81,11.76,3.92,22.99,67.17,0.24,132.75
Bilinga,4224,1764054000,,-28.14281,153.51395,1.14,1.87,10.53,4.04,23.13,70.95,0.29,120.53
Bilinga,4224,1764055800,,-28.14281,153.51395,1.08,1.98,11.11,3.84,23.13,71.57,0.32,126.77
Bilinga,4224,1764057600,,-28.1428,153.51397,1.04,1.82,11.11,3.95,23.22,73.33,0.27,120.79
Bilinga,4224,1764059400,,-28.14275,153.51401,1.02,1.94,11.11,3.97,23.17,74.21,0.24,123.08
Bilinga,4224,1764061200,,-28.14277,153.51401,1.01,2.08,11.11,4.3,23.17,76.75,0.21,111.03
Bilinga,4224,1764063000,,-28.1428,153.51395,0.9,2.03,11.11,4.27,23.04,77.55,0.26,112.97
Bilinga,4224,1764064800,,-28.14283,153.51393,0.95,1.52,11.11,4.6,23.13,78.86,0.24,111.91
Bilinga,4224,1764066600,,-28.14287,153.51388,0.97,1.74,11.11,4.74,22.95,76.75,0.25,115.87
Bilinga,4224,1764068400,,-28.14287,153.51386,0.96,1.55,11.11,4.85,23.17,77.37,0.23,109.27
Bilinga,4224,1764070200,,-28.14287,153.51386,0.98,1.5,11.76,4.98,23.17,73.85,0.2,118.33
Bilinga,4224,1764072000,,-28.14287,153.5138,0.91,1.32,10.53,4.86,23.17,72.62,0.15,96.18
Bilinga,4224,1764073800,,-28.14281,153.51382,0.93,1.48,11.11,5.27,23.31,67.61,0.05,79.3
Bilinga,4224,1764075600,,-28.14278,153.51386,0.9,1.39,11.11,4.82,23.49,65.85,0.09,40.18
Bilinga,4224,1764077400,,-28.14278,153.51345,0.86,1.4,10.53,4.75,23.35,68.49,0.05,296.79
Bilinga,4224,1764079200,,-28.14281,153.51334,0.88,1.51,11.11,4.64,23.13,67.0,0.09,303.74
Bilinga,4224,1764081000,,-28.14281,153.51332,0.86,1.55,11.11,4.81,22.95,64.97,0.03,288.53
Bilinga,4224,1764082800,,-28.14287,153.51334,0.92,1.35,11.11,5.11,22.81,66.03,0.0,176.53
Bilinga,4224,1764084600,,-28.14292,153.51347,0.83,1.37,10.0,4.63,22.77,75.96,0.05,259.78
Bilinga,4224,1764086400,,-28.14293,153.5135,0.88,1.3,11.11,4.86,22.77,68.93,0.08,249.85
Bilinga,4224,1764088200,,-28.14296,153.51358,0.91,1.6,10.53,4.78,22.77,70.69,0.06,242.11
Bilinga,4224,1764090000,,-28.14295,153.51362,0.86,1.61,11.11,4.62,22.68,72.27,0.07,217.41
Bilinga,4224,1764091800,,-28.14292,153.51365,0.94,1.4,11.11,5.13,22.63,71.39,0.07,118.59
Bilinga,4224,1764093600,,-28.14289,153.51373,0.99,1.69,11.11,5.3,22.59,74.47,0.07,54.42
Bilinga,4224,1764095400,,-28.14287,153.51377,0.94,1.48,11.11,4.85,22.86,74.73,0.14,43.43
Bilinga,4224,1764097200,,-28.14285,153.51382,0.9,1.64,10.53,4.48,23.22,73.41,0.13,30.33
Bilinga,4224,1764099000,,-28.14275,153.51393,0.95,1.76,11.11,4.83,23.04,67.88,0.11,15.47
Bilinga,4224,1764100800,,-28.14275,153.51393,0.99,1.67,11.11,4.76,23.04,68.32,0.12,34.2
Bilinga,4224,1764102600,,-28.14278,153.51393,0.97,1.69,10.53,4.86,22.95,73.06,0.08,16.26
Bilinga,4224,1764104400,,-28.1428,153.51386,0.97,1.62,11.11,4.83,22.95,73.68,0.09,44.57
Bilinga,4224,1764106200,,-28.14285,153.51382,0.95,1.45,11.11,4.73,22.9,70.51,0.1,62.95
Bilinga,4224,1764108000,,-28.14285,153.51384,0.88,1.41,11.11,4.66,22.81,70.16,0.06,55.38
Bilinga,4224,1764109800,,-28.14285,153.51382,1.02,1.86,11.11,4.68,22.77,72.97,0.08,73.76
Bilinga,4224,1764111600,,-28.14285,153.51382,0.98,1.57,10.53,4.57,22.68,74.82,0.06,102.86
Bilinga,4224,1764113400,,-28.14287,153.5138,0.94,1.87,11.11,4.67,22.63,72.89,0.04,126.86
Bilinga,4224,1764115200,,-28.14289,153.51377,0.91,1.57,10.53,4.45,22.59,78.34,0.08,123.16
Bilinga,4224,1764117000,,-28.1429,153.51377,0.99,1.43,11.11,4.84,22.45,76.58,0.09,132.84
Bilinga,4224,1764118800,,-28.1429,153.51375,1.03,1.65,11.11,5.05,22.32,75.08,0.12,116.22
Bilinga,4224,1764120600,,-28.14292,153.51373,0.93,1.71,11.11,4.7,22.32,72.71,0.07,127.65
Bilinga,4224,1764122400,,-28.14293,153.51371,0.89,1.55,10.53,4.29,22.32,72.45,0.09,115.52
Bilinga,4224,1764124200,,-28.14293,153.51367,0.92,1.95,11.11,4.01,22.18,72.8,0.14,139.43
Bilinga,4224,1764126000,,-28.14295,153.51365,1.01,1.69,11.11,4.34,22.32,78.95,0.14,152.09
Bilinga,4224,1764127800,,-28.14295,153.51369,1.02,1.7,11.11,4.2,22.32,73.68,0.12,141.98
Bilinga,4224,1764129600,,-28.14293,153.51371,1.02,1.8,11.11,4.01,22.68,80.97,0.21,137.58
Bilinga,4224,1764131400,,-28.14295,153.51375,0.99,1.75,11.11,4.11,22.81,79.13,0.18,144.97
Bilinga,4224,1764133200,,-28.14295,153.51371,1.0,1.63,11.11,4.26,22.81,78.86,0.19,148.92
Bilinga,4224,1764135000,,-28.14292,153.51377,1.1,2.03,11.11,4.13,22.63,80.71,0.22,126.15
Bilinga,4224,1764136800,,-28.14293,153.51375,1.19,2.01,10.53,4.17,22.36,80.8,0.21,146.11
Bilinga,4224,1764138600,,-28.14293,153.51377,1.14,1.91,10.53,4.23,22.18,75.0,0.23,143.47
Bilinga,4224,1764140400,,-28.14292,153.51377,1.13,1.76,11.11,4.3,21.96,74.21,0.17,132.66
Bilinga,4224,1764142200,,-28.14287,153.51384,1.14,1.81,11.11,4.34,21.92,78.42,0.14,127.82
Bilinga,4224,1764144000,,-28.14289,153.51382,1.16,1.94,11.76,4.49,21.83,76.75,0.11,135.03
Bilinga,4224,1764145800,,-28.14289,153.51386,1.3,1.91,11.11,4.58,21.87,79.48,0.14,111.65
Bilinga,4224,1764147600,,-28.14287,153.51386,1.2,1.88,11.76,4.73,21.92,71.3,0.07,52.48
Bilinga,4224,1764149400,,-28.14287,153.51384,1.16,1.89,11.76,4.68,21.87,71.13,0.1,95.21
Bilinga,4224,1764151200,,-28.1429,153.51377,1.07,1.78,11.11,4.34,21.87,76.14,0.03,72.35
Bilinga,4224,1764153000,,-28.14292,153.51377,1.14,1.9,11.11,4.69,21.78,70.95,0.12,114.02
Bilinga,4224,1764154800,,-28.14293,153.51369,1.16,1.98,11.11,4.58,21.78,65.41,0.09,71.21
Bilinga,4224,1764156600,,-28.14293,153.51362,1.18,1.83,11.11,4.8,21.74,68.75,0.07,104.97
Bilinga,4224,1764158400,,-28.14293,153.51354,1.27,1.85,11.11,4.87,21.92,67.35,0.11,51.43
Bilinga,4224,1764160200,,-28.1429,153.51341,1.27,2.04,10.53,4.97,21.96,67.08,0.04,346.37
Bilinga,4224,1764162000,,-28.1428,153.51326,1.24,2.03,11.11,5.27,21.78,60.75,0.01,26.2
Bilinga,4224,1764163800,,-28.14278,153.51311,1.25,2.01,6.06,5.38,22.18,29.19,0.05,339.52
Bilinga,4224,1764165600,,-28.14285,153.51317,1.29,2.13,11.76,5.68,22.23,59.44,0.11,352.09
Bilinga,4224,1764167400,,-28.14292,153.51324,1.33,2.3,11.11,5.37,22.18,67.88,0.06,305.58
Bilinga,4224,1764169200,,-28.14295,153.51332,1.32,1.92,11.11,5.14,22.1,67.61,0.05,75.43
Bilinga,4224,1764171000,,-28.14296,153.51339,1.27,2.2,11.76,5.09,21.96,65.77,0.01,66.37
Bilinga,4224,1764172800,,-28.14296,153.51337,1.16,2.0,11.76,5.14,21.96,64.18,0.01,126.15
Bilinga,4224,1764174600,,-28.14298,153.51341,1.17,2.57,11.76,4.88,21.96,68.49,0.01,5.63
Bilinga,4224,1764176400,,-28.14295,153.51365,1.2,2.06,11.11,4.96,22.27,68.49,0.05,56.26
Bilinga,4224,1764178200,,-28.14293,153.51369,1.13,2.13,11.76,4.78,22.18,67.35,0.05,80.26
Bilinga,4224,1764180000,,-28.14293,153.51373,1.07,2.03,11.76,4.63,22.18,68.4,0.07,85.27
Bilinga,4224,1764181800,,-28.14292,153.51373,1.07,1.8,11.76,4.82,22.05,74.73,0.06,83.25
Bilinga,4224,1764183600,,-28.1429,153.51375,1.05,1.71,10.53,4.57,22.05,75.88,0.07,117.1
Bilinga,4224,1764185400,,-28.14287,153.51382,1.12,1.86,11.11,4.98,21.96,71.04,0.09,92.31
Bilinga,4224,1764187200,,-28.14287,153.5138,1.03,1.68,11.11,4.83,21.92,68.23,0.1,85.63
Bilinga,4224,1764189000,,-28.14287,153.51384,1.07,1.93,11.11,5.22,21.87,73.06,0.06,75.25
Bilinga,4224,1764190800,,-28.14287,153.51384,1.12,1.73,11.11,5.56,21.83,71.22,0.13,77.01
Bilinga,4224,1764192600,,-28.14289,153.5138,1.08,1.79,11.11,5.16,21.92,72.62,0.08,64.79
Bilinga,4224,1764194400,,-28.14295,153.51362,1.11,1.86,10.53,4.85,21.92,71.92,0.06,98.02
Bilinga,4224,1764196200,,-28.14296,153.51356,1.13,1.84,10.53,4.52,21.92,71.13,0.04,170.02
Bilinga,4224,1764198000,,-28.14298,153.51354,1.21,1.99,11.11,4.64,21.87,67.17,0.05,126.68
Bilinga,4224,1764199800,,-28.14298,153.5135,1.24,2.34,11.11,4.36,21.87,74.29,0.12,150.95
Bilinga,4224,1764201600,,-28.143,153.51345,1.24,1.94,11.11,4.39,21.69,72.89,0.15,182.33
Bilinga,4224,1764203400,,-28.14301,153.51347,1.36,2.25,10.53,4.26,21.38,77.72,0.18,160.79
Bilinga,4224,1764205200,,-28.14304,153.51347,1.48,2.59,10.53,4.25,21.34,75.44,0.2,164.04
Bilinga,4224,1764207000,,-28.14301,153.5136,1.48,2.42,10.53,4.37,21.34,78.86,0.18,153.76
Bilinga,4224,1764208800,,-28.143,153.51371,1.39,2.4,10.53,4.34,21.25,83.88,0.25,147.08
Bilinga,4224,1764210600,,-28.14296,153.51377,1.45,2.45,11.11,4.44,21.21,71.74,0.15,137.23
Bilinga,4224,1764212400,,-28.14295,153.5138,1.43,2.41,10.53,4.38,21.25,79.39,0.14,127.38
Bilinga,4224,1764214200,,-28.14292,153.51386,1.28,2.09,10.53,4.23,21.25,75.79,0.14,114.46
Bilinga,4224,1764216000,,-28.14292,153.51384,1.27,1.99,11.11,4.33,21.21,77.81,0.14,109.89
Bilinga,4224,1764217800,,-28.14289,153.51386,1.24,2.11,11.11,4.38,21.25,76.4,0.11,84.92
Bilinga,4224,1764219600,,-28.1429,153.51386,1.33,2.15,10.53,4.42,21.34,66.64,0.14,106.99
Bilinga,4224,1764221400,,-28.14287,153.51386,1.27,1.98,10.53,4.48,21.43,74.21,0.08,88.18
Bilinga,4224,1764223200,,-28.14283,153.5139,1.29,2.0,10.53,4.42,21.52,72.97,0.04,83.87
Bilinga,4224,1764225000,,-28.14275,153.51397,1.3,2.23,10.53,4.81,21.83,69.99,0.08,72.18
Bilinga,4224,1764226800,,-28.14275,153.51393,1.43,2.23,6.06,4.91,21.96,37.55,0.04,49.41
Bilinga,4224,1764228600,,-28.14274,153.5139,1.3,2.35,5.41,4.76,22.18,38.16,0.04,78.51
Bilinga,4224,1764230400,,-28.1426,153.51393,1.31,2.26,5.88,4.99,22.36,39.74,0.09,56.88
Bilinga,4224,1764232200,,-28.14259,153.51399,1.38,2.56,6.25,5.21,22.45,37.99,0.1,5.63
Bilinga,4224,1764234000,,-28.14245,153.51393,1.31,2.19,6.25,5.17,22.63,35.52,0.08,354.9
Bilinga,4224,1764235800,,-28.14237,153.51377,1.24,2.11,6.06,5.16,22.95,31.22,0.03,36.48
Bilinga,4224,1764237600,,-28.14229,153.5135,1.14,1.91,6.25,5.26,22.86,31.13,0.06,354.9
Bilinga,4224,1764239400,,-28.14226,153.51341,1.12,1.68,6.25,5.23,22.81,34.38,0.05,348.31
Bilinga,4224,1764241200,,-28.14223,153.51339,1.15,1.73,11.11,5.32,22.68,66.73,0.11,348.13
Bilinga,4224,1764243000,,-28.14222,153.5133,1.12,2.02,11.76,5.52,22.63,68.58,0.08,19.08
Bilinga,4224,1764244800,,-28.14215,153.5133,1.12,1.85,11.11,5.6,22.54,70.34,0.13,10.73
Bilinga,4224,1764246600,,-28.14207,153.5133,1.08,1.87,11.76,5.57,22.32,66.21,0.1,358.86
Bilinga,4224,1764248400,,-28.142,153.51328,1.1,1.82,11.76,5.97,22.18,66.29,0.09,309.19
Bilinga,4224,1764250200,,-28.14193,153.51326,1.06,1.94,6.9,5.92,22.18,36.14,0.09,344.44
Bilinga,4224,1764252000,,-28.14193,153.51315,1.09,1.68,11.11,6.11,22.14,68.49,0.02,20.22
Bilinga,4224,1764253800,,-28.14195,153.51309,1.05,1.64,6.9,6.1,22.05,32.89,0.05,323.43
Bilinga,4224,1764255600,,-28.14195,153.51309,1.02,1.64,11.11,6.31,21.87,63.92,0.06,341.45
Bilinga,4224,1764257400,,-28.14193,153.51309,1.05,1.63,11.76,6.46,21.83,61.99,0.06,32.62
Bilinga,4224,1764259200,,-28.14192,153.51315,0.95,1.42,11.76,6.5,21.69,62.07,0.06,346.2
Bilinga,4224,1764261000,,-28.1419,153.51319,0.98,1.56,11.11,6.5,21.52,61.37,0.06,358.24
Bilinga,4224,1764262800,,-28.14187,153.51326,1.03,1.64,11.11,6.64,21.47,60.31,0.14,8.35
Bilinga,4224,1764264600,,-28.14185,153.51322,0.95,1.79,11.11,6.6,21.16,63.57,0.1,41.58
Bilinga,4224,1764266400,,-28.14187,153.51317,0.92,1.51,11.11,6.94,21.03,65.33,0.13,17.85
Bilinga,4224,1764268200,,-28.14187,153.51322,0.81,1.55,10.53,6.59,20.94,64.18,0.1,64.7
Bilinga,4224,1764270000,,-28.14187,153.51322,0.95,1.66,10.53,6.98,20.85,66.03,0.07,359.12
Bilinga,4224,1764271800,,-28.14185,153.51317,0.92,1.38,11.11,7.14,20.85,63.74,0.06,26.64
Bilinga,4224,1764273600,,-28.14187,153.51319,0.87,1.42,11.11,6.88,20.77,68.14,0.03,106.37
Bilinga,4224,1764275400,,-28.1419,153.51315,1.04,1.85,11.11,7.65,20.81,64.53,0.04,76.48
Bilinga,4224,1764277200,,-28.14193,153.51309,0.97,1.39,11.11,7.14,20.9,67.52,0.06,53.89
Bilinga,4224,1764279000,,-28.1419,153.51311,0.88,1.5,11.11,6.63,20.9,69.28,0.06,9.41
Bilinga,4224,1764280800,,-28.14187,153.51315,0.93,1.47,11.11,6.72,20.94,68.67,0.01,70.42
Bilinga,4224,1764282600,,-28.14187,153.51315,1.0,1.45,11.11,6.7,20.99,63.04,0.05,342.07
Bilinga,4224,1764284400,,-28.14187,153.51315,0.89,1.44,11.11,6.21,20.99,58.29,0.06,300.84
Bilinga,4224,1764286200,,-28.14187,153.51322,0.98,2.06,10.53,6.5,20.99,68.05,0.07,332.22
Bilinga,4224,1764288000,,-28.14193,153.51311,0.95,1.89,10.53,6.11,21.12,63.13,0.05,349.98
Bilinga,4224,1764289800,,-28.14205,153.513,0.93,1.47,10.53,6.05,21.16,66.47,0.04,313.49
Bilinga,4224,1764291600,,-28.14208,153.51296,0.97,1.75,10.0,6.0,21.21,64.8,0.13,253.1
Bilinga,4224,1764293400,,-28.14208,153.51294,0.98,1.51,10.0,6.0,21.21,69.11,0.09,250.02
Bilinga,4224,1764295200,,-28.14207,153.51296,0.93,1.44,10.0,6.23,21.21,68.84,0.06,176.62
Bilinga,4224,1764297000,,-28.14205,153.51296,0.91,1.4,10.53,5.85,21.43,62.25,0.12,252.92
Bilinga,4224,1764298800,,-28.14202,153.51298,0.96,1.7,11.11,5.87,21.52,69.99,0.09,195.16
Bilinga,4224,1764300600,,-28.14229,153.51292,0.88,1.63,10.53,5.56,22.9,67.44,0.14,173.98
