Site, SiteNumber, Seconds, DateTime, Latitude, Longitude, Hsig, Hmax, Tp, Tz, SST, Direction, Current Speed, Current Direction
Tweed Offshore,2487,1760450400,2025-10-15 00:00:00,-28.21269,153.68024,1.92,3.76,11.11,5.98,21.65,148.64,0.71,143.12
Tweed Offshore,2487,1760452200,2025-10-15 00:30:00,-28.2127,153.68016,1.78,3.29,10.53,5.79,21.61,142.05,0.65,142.95
Tweed Offshore,2487,1760454000,2025-10-15 01:00:00,-28.21272,153.68011,1.94,3.01,11.11,6.19,21.56,152.69,0.7,151.65
Tweed Offshore,2487,1760455800,2025-10-15 01:30:00,-28.21272,153.68011,1.96,3.27,10.0,6.2,21.47,141.7,0.73,151.82
Tweed Offshore,2487,1760457600,2025-10-15 02:00:00,-28.21273,153.68001,1.91,2.76,11.11,6.37,21.43,159.63,0.7,147.43
Tweed Offshore,2487,1760459400,2025-10-15 02:30:00,-28.21269,153.68001,1.73,2.87,10.53,6.24,21.43,137.57,0.66,148.22
Tweed Offshore,2487,1760461200,2025-10-15 03:00:00,-28.21267,153.68007,1.82,2.88,10.0,6.81,21.38,147.06,0.6,142.68
Tweed Offshore,2487,1760463000,2025-10-15 03:30:00,-28.21269,153.68007,1.78,3.04,10.53,6.81,21.38,157.7,0.6,147.43
Tweed Offshore,2487,1760464800,2025-10-15 04:00:00,-28.21269,153.68011,1.89,3.07,10.0,7.02,21.43,151.9,0.56,147.16
Tweed Offshore,2487,1760466600,2025-10-15 04:30:00,-28.21269,153.68016,1.75,3.16,11.11,6.8,21.43,151.9,0.56,151.47
Tweed Offshore,2487,1760468400,2025-10-15 05:00:00,-28.21269,153.68011,2.0,3.54,10.0,7.33,21.43,154.36,0.56,148.66
Tweed Offshore,2487,1760470200,2025-10-15 05:30:00,-28.21267,153.68009,1.72,2.33,11.11,7.05,21.43,157.52,0.5,156.57
Tweed Offshore,2487,1760472000,2025-10-15 06:00:00,-28.21269,153.68014,1.58,2.79,10.0,6.75,21.38,144.25,0.54,148.57
Tweed Offshore,2487,1760473800,2025-10-15 06:30:00,-28.21267,153.68011,1.66,3.11,11.11,6.86,21.38,150.14,0.54,154.11
Tweed Offshore,2487,1760475600,2025-10-15 07:00:00,-28.21272,153.68007,1.73,2.97,11.76,6.95,21.74,151.28,0.89,167.56
Tweed Offshore,2487,1760477400,2025-10-15 07:30:00,-28.21272,153.68011,1.58,2.28,11.11,6.95,21.96,144.07,0.85,166.15
Tweed Offshore,2487,1760479200,2025-10-15 08:00:00,-28.21272,153.68011,1.69,2.93,11.11,6.98,22.01,144.95,0.82,165.54
Tweed Offshore,2487,1760481000,2025-10-15 08:30:00,-28.21272,153.68009,1.56,3.06,11.11,6.47,22.01,144.25,0.84,168.79
Tweed Offshore,2487,1760482800,2025-10-15 09:00:00,-28.21273,153.68009,1.52,2.51,11.76,5.84,22.05,148.03,0.83,168.97
Tweed Offshore,2487,1760484600,2025-10-15 09:30:00,-28.21273,153.68009,1.48,2.41,11.11,5.46,22.23,147.76,0.84,170.37
Tweed Offshore,2487,1760486400,2025-10-15 10:00:00,-28.21275,153.68007,1.6,2.54,10.53,5.92,22.32,154.0,0.9,172.57
Tweed Offshore,2487,1760488200,2025-10-15 10:30:00,-28.21276,153.67999,1.55,3.23,10.53,5.86,22.54,156.47,0.96,181.89
Tweed Offshore,2487,1760490000,2025-10-15 11:00:00,-28.21276,153.67999,1.48,2.78,10.53,5.56,22.72,149.61,0.96,182.33
Tweed Offshore,2487,1760491800,2025-10-15 11:30:00,-28.21279,153.67996,1.61,2.72,11.11,5.55,22.72,157.79,0.99,179.43
Tweed Offshore,2487,1760493600,2025-10-15 12:00:00,-28.21276,153.67996,1.58,2.4,10.53,5.36,22.77,156.64,1.05,173.36
Tweed Offshore,2487,1760495400,2025-10-15 12:30:00,-28.21276,153.67994,1.42,2.5,11.76,5.11,22.81,166.93,1.04,175.38
Tweed Offshore,2487,1760497200,2025-10-15 13:00:00,-28.21282,153.67994,1.48,3.05,10.0,5.55,22.9,153.3,1.16,173.63
Tweed Offshore,2487,1760499000,2025-10-15 13:30:00,-28.21282,153.67992,1.47,2.86,10.53,5.35,22.99,151.37,1.23,174.95
Tweed Offshore,2487,1760500800,2025-10-15 14:00:00,-28.21284,153.6799,1.39,2.17,10.53,5.35,22.95,153.39,1.2,173.89
Tweed Offshore,2487,1760502600,2025-10-15 14:30:00,-28.21285,153.67988,1.44,2.42,11.11,5.3,22.95,158.22,1.21,172.04
Tweed Offshore,2487,1760504400,2025-10-15 15:00:00,-28.21284,153.67988,1.5,2.45,10.53,5.48,22.9,159.37,1.23,168.88
Tweed Offshore,2487,1760506200,2025-10-15 15:30:00,-28.21282,153.67999,1.31,2.33,10.53,4.91,22.95,148.99,1.27,162.64
Tweed Offshore,2487,1760508000,2025-10-15 16:00:00,-28.2128,153.68001,1.4,2.31,10.0,5.17,22.9,157.26,1.27,161.32
Tweed Offshore,2487,1760509800,2025-10-15 16:30:00,-28.21282,153.67994,1.39,2.45,9.52,5.14,22.95,141.17,1.21,164.31
Tweed Offshore,2487,1760511600,2025-10-15 17:00:00,-28.2128,153.68001,1.23,2.06,10.0,4.84,22.95,135.9,1.21,159.47
Tweed Offshore,2487,1760513400,2025-10-15 17:30:00,-28.21276,153.68001,1.2,1.87,10.53,4.7,22.81,151.1,1.14,163.96
Tweed Offshore,2487,1760515200,2025-10-15 18:00:00,-28.21275,153.67996,1.29,2.12,10.53,4.95,22.77,157.08,1.1,160.79
Tweed Offshore,2487,1760517000,2025-10-15 18:30:00,-28.2128,153.67994,1.32,2.0,9.52,4.94,22.72,150.49,1.11,161.32
Tweed Offshore,2487,1760518800,2025-10-15 19:00:00,-28.21276,153.67996,1.21,2.03,10.0,4.67,22.68,146.18,1.01,160.09
Tweed Offshore,2487,1760520600,2025-10-15 19:30:00,-28.21276,153.67992,1.19,1.91,10.0,4.73,22.63,155.15,0.99,159.47
Tweed Offshore,2487,1760522400,2025-10-15 20:00:00,-28.21275,153.67994,1.3,1.95,10.0,4.76,22.63,143.72,0.98,159.38
Tweed Offshore,2487,1760524200,2025-10-15 20:30:00,-28.21275,153.67994,1.41,2.34,9.52,4.9,22.59,131.41,0.96,160.35
Tweed Offshore,2487,1760526000,2025-10-15 21:00:00,-28.21276,153.67986,1.28,2.04,9.52,4.61,22.54,140.82,0.85,161.67
Tweed Offshore,2487,1760527800,2025-10-15 21:30:00,-28.21275,153.67986,1.26,2.15,9.52,4.52,22.45,132.47,0.84,159.03
Tweed Offshore,2487,1760529600,2025-10-15 22:00:00,-28.21273,153.67981,1.24,2.25,9.52,4.47,22.36,151.98,0.74,158.33
Tweed Offshore,2487,1760531400,2025-10-15 22:30:00,-28.21273,153.67977,1.25,2.07,9.52,4.59,22.32,135.63,0.73,162.64
Tweed Offshore,2487,1760533200,2025-10-15 23:00:00,-28.21273,153.67973,1.14,1.74,9.09,4.37,22.27,148.99,0.72,168.18
Tweed Offshore,2487,1760535000,2025-10-15 23:30:00,-28.21273,153.67971,1.11,1.98,8.7,4.4,22.23,132.55,0.72,170.02
Tweed Offshore,2487,1760536800,2025-10-16 00:00:00,-28.21272,153.67969,1.02,1.99,10.0,4.23,22.18,138.0,0.71,173.63
Tweed Offshore,2487,1760538600,2025-10-16 00:30:00,-28.21272,153.67966,0.98,1.51,10.0,4.13,22.05,129.74,0.69,172.13
Tweed Offshore,2487,1760540400,2025-10-16 01:00:00,-28.21272,153.67964,1.05,1.82,9.52,4.43,21.96,135.9,0.67,173.01
Tweed Offshore,2487,1760542200,2025-10-16 01:30:00,-28.2127,153.67964,1.01,1.57,9.52,4.29,21.87,143.28,0.65,175.91
Tweed Offshore,2487,1760544000,2025-10-16 02:00:00,-28.2127,153.67964,1.06,1.66,9.52,4.49,21.87,119.37,0.64,172.31
Tweed Offshore,2487,1760545800,2025-10-16 02:30:00,-28.21272,153.67964,1.07,1.77,9.09,4.46,21.78,133.7,0.63,170.02
Tweed Offshore,2487,1760547600,2025-10-16 03:00:00,-28.2127,153.67964,1.0,1.73,8.7,4.31,21.74,135.02,0.59,171.43
Tweed Offshore,2487,1760549400,2025-10-16 03:30:00,-28.21272,153.67964,1.06,1.87,9.52,4.49,21.69,144.42,0.6,164.57
Tweed Offshore,2487,1760551200,2025-10-16 04:00:00,-28.21272,153.67964,1.02,1.76,9.09,4.42,21.65,147.24,0.55,170.73
Tweed Offshore,2487,1760553000,2025-10-16 04:30:00,-28.2127,153.67966,0.99,1.84,9.52,4.37,21.61,114.36,0.56,173.98
Tweed Offshore,2487,1760554800,2025-10-16 05:00:00,-28.2127,153.67966,0.98,1.62,9.52,4.28,21.61,152.69,0.57,175.82
Tweed Offshore,2487,1760556600,2025-10-16 05:30:00,-28.21269,153.67971,0.99,1.6,9.52,4.31,21.52,139.94,0.57,174.24
Tweed Offshore,2487,1760558400,2025-10-16 06:00:00,-28.2127,153.67975,1.01,1.63,5.26,4.35,21.47,85.87,0.57,171.87
Tweed Offshore,2487,1760560200,2025-10-16 06:30:00,-28.2127,153.67973,0.98,1.59,8.7,4.41,21.47,125.96,0.57,175.21
Tweed Offshore,2487,1760562000,2025-10-16 07:00:00,-28.2127,153.67975,0.98,1.55,8.7,4.46,21.43,130.88,0.59,174.07
Tweed Offshore,2487,1760563800,2025-10-16 07:30:00,-28.2127,153.67977,1.05,1.86,9.09,4.57,21.47,111.98,0.58,175.91
Tweed Offshore,2487,1760565600,2025-10-16 08:00:00,-28.2127,153.67975,0.98,1.69,9.52,4.55,21.56,123.76,0.59,178.29
Tweed Offshore,2487,1760567400,2025-10-16 08:30:00,-28.21269,153.67975,1.03,1.83,9.09,4.7,21.52,125.17,0.58,181.01
Tweed Offshore,2487,1760569200,2025-10-16 09:00:00,-28.2127,153.67979,1.01,1.56,5.41,4.63,21.52,96.07,0.64,181.45
Tweed Offshore,2487,1760571000,2025-10-16 09:30:00,-28.21272,153.67979,0.98,1.6,8.33,4.7,21.65,136.07,0.66,181.8
Tweed Offshore,2487,1760572800,2025-10-16 10:00:00,-28.21272,153.67979,1.1,1.82,5.56,4.9,22.05,89.39,0.69,175.65
Tweed Offshore,2487,1760574600,2025-10-16 10:30:00,-28.21272,153.67975,1.0,1.71,5.13,4.66,22.5,87.81,0.67,174.33
Tweed Offshore,2487,1760576400,2025-10-16 11:00:00,-28.21272,153.67971,1.08,1.89,5.26,4.92,22.68,88.25,0.65,174.07
Tweed Offshore,2487,1760578200,2025-10-16 11:30:00,-28.21272,153.67969,1.02,1.81,5.26,4.74,22.72,83.06,0.63,171.6
Tweed Offshore,2487,1760580000,2025-10-16 12:00:00,-28.21272,153.67969,1.01,1.5,9.52,4.79,23.08,119.37,0.61,171.43
Tweed Offshore,2487,1760581800,2025-10-16 12:30:00,-28.21272,153.67966,0.97,1.63,5.41,4.61,22.86,103.81,0.66,171.43
Tweed Offshore,2487,1760583600,2025-10-16 13:00:00,-28.21272,153.67969,1.01,1.59,5.13,4.82,22.95,93.87,0.69,174.42
Tweed Offshore,2487,1760585400,2025-10-16 13:30:00,-28.21272,153.67971,0.98,1.59,5.71,4.67,22.99,84.11,0.72,175.65
Tweed Offshore,2487,1760587200,2025-10-16 14:00:00,-28.21273,153.67966,0.94,1.42,5.26,4.77,22.81,90.62,0.75,175.74
Tweed Offshore,2487,1760589000,2025-10-16 14:30:00,-28.21273,153.67971,0.94,1.59,9.09,4.88,22.5,120.25,0.8,175.3
Tweed Offshore,2487,1760590800,2025-10-16 15:00:00,-28.21273,153.67973,0.96,1.75,5.41,4.75,22.63,88.69,0.81,175.12
Tweed Offshore,2487,1760592600,2025-10-16 15:30:00,-28.21275,153.67977,0.93,1.76,9.52,4.72,22.86,115.32,0.91,173.71
Tweed Offshore,2487,1760594400,2025-10-16 16:00:00,-28.21275,153.67981,0.93,1.51,10.0,4.37,22.86,118.84,0.91,170.37
Tweed Offshore,2487,1760596200,2025-10-16 16:30:00,-28.21276,153.67979,0.93,1.69,10.0,4.33,23.08,134.75,0.97,171.6
Tweed Offshore,2487,1760598000,2025-10-16 17:00:00,-28.21275,153.67983,0.98,1.51,5.56,4.2,23.08,83.94,1.02,167.91
Tweed Offshore,2487,1760599800,2025-10-16 17:30:00,-28.21275,153.6799,0.96,1.56,5.13,4.07,22.86,68.73,1.01,167.03
Tweed Offshore,2487,1760601600,2025-10-16 18:00:00,-28.21275,153.6799,0.98,1.97,5.56,4.22,22.77,65.74,0.99,165.89
Tweed Offshore,2487,1760603400,2025-10-16 18:30:00,-28.21275,153.67994,0.89,1.51,5.88,4.08,22.63,78.31,0.98,164.57
Tweed Offshore,2487,1760605200,2025-10-16 19:00:00,-28.21275,153.67994,0.96,1.57,8.7,4.08,22.59,103.46,0.97,163.69
Tweed Offshore,2487,1760607000,2025-10-16 19:30:00,-28.21273,153.67999,1.01,1.77,9.52,4.22,22.54,119.46,0.96,162.37
Tweed Offshore,2487,1760608800,2025-10-16 20:00:00,-28.21275,153.67994,0.96,1.51,11.11,4.1,22.41,122.36,0.92,164.31
Tweed Offshore,2487,1760610600,2025-10-16 20:30:00,-28.21275,153.6799,0.98,1.52,9.52,4.16,22.36,110.31,0.93,164.92
Tweed Offshore,2487,1760612400,2025-10-16 21:00:00,-28.21275,153.67988,0.97,1.46,5.41,4.02,22.32,77.08,0.92,167.65
Tweed Offshore,2487,1760614200,2025-10-16 21:30:00,-28.21275,153.6799,0.91,1.56,5.88,4.15,22.23,67.32,0.91,164.92
Tweed Offshore,2487,1760616000,2025-10-16 22:00:00,-28.21276,153.67992,0.98,1.62,10.0,4.29,22.1,111.81,0.89,160.26
Tweed Offshore,2487,1760617800,2025-10-16 22:30:00,-28.21275,153.67996,1.01,1.77,5.56,4.23,21.92,91.76,0.85,159.56
Tweed Offshore,2487,1760619600,2025-10-16 23:00:00,-28.21275,153.67999,0.93,1.63,6.06,4.16,21.78,85.7,0.85,155.87
Tweed Offshore,2487,1760621400,2025-10-16 23:30:00,-28.21275,153.68001,1.0,1.63,5.88,4.12,21.69,67.41,0.88,156.4
Tweed Offshore,2487,1760623200,2025-10-17 00:00:00,-28.21275,153.68001,0.93,1.55,5.71,4.2,21.61,74.8,0.9,156.04
Tweed Offshore,2487,1760625000,2025-10-17 00:30:00,-28.21273,153.67994,0.96,1.57,5.56,4.19,21.56,84.38,0.87,157.1
Tweed Offshore,2487,1760626800,2025-10-17 01:00:00,-28.21273,153.67994,1.02,1.64,5.88,4.32,21.43,73.21,0.81,156.48
Tweed Offshore,2487,1760628600,2025-10-17 01:30:00,-28.21273,153.67994,0.99,1.93,5.88,4.32,21.47,75.94,0.74,151.65
Tweed Offshore,2487,1760630400,2025-10-17 02:00:00,-28.2127,153.67994,1.03,1.92,11.11,4.45,21.43,128.86,0.67,146.55
Tweed Offshore,2487,1760632200,2025-10-17 02:30:00,-28.21272,153.67992,1.09,1.89,6.45,4.58,21.47,69.96,0.69,152.09
Tweed Offshore,2487,1760634000,2025-10-17 03:00:00,-28.21272,153.67994,1.04,1.54,6.06,4.71,21.47,74.18,0.64,152.53
Tweed Offshore,2487,1760635800,2025-10-17 03:30:00,-28.2127,153.67994,1.1,2.1,11.11,5.25,21.43,143.1,0.62,149.27
Tweed Offshore,2487,1760637600,2025-10-17 04:00:00,-28.21273,153.67999,1.05,1.9,6.25,4.96,21.69,68.29,0.7,145.32
Tweed Offshore,2487,1760639400,2025-10-17 04:30:00,-28.2127,153.67994,1.07,1.83,6.25,5.13,21.61,74.0,0.68,153.41
Tweed Offshore,2487,1760641200,2025-10-17 05:00:00,-28.21269,153.67996,1.05,1.85,6.67,5.15,21.43,66.71,0.6,145.41
Tweed Offshore,2487,1760643000,2025-10-17 05:30:00,-28.21269,153.67996,1.04,1.75,5.56,5.21,21.38,90.18,0.55,150.86
Tweed Offshore,2487,1760644800,2025-10-17 06:00:00,-28.21269,153.67999,1.11,2.3,6.06,5.42,21.34,74.0,0.54,157.01
Tweed Offshore,2487,1760646600,2025-10-17 06:30:00,-28.21269,153.67999,1.11,1.83,6.06,5.25,21.38,73.39,0.54,162.73
Tweed Offshore,2487,1760648400,2025-10-17 07:00:00,-28.21269,153.67999,1.05,1.57,11.11,5.37,21.47,147.41,0.58,167.65
Tweed Offshore,2487,1760650200,2025-10-17 07:30:00,-28.2127,153.67994,1.01,1.79,11.76,5.35,21.56,142.4,0.57,170.02
Tweed Offshore,2487,1760652000,2025-10-17 08:00:00,-28.2127,153.67994,1.08,1.72,10.53,5.0,21.61,157.61,0.62,172.31
Tweed Offshore,2487,1760653800,2025-10-17 08:30:00,-28.2127,153.67994,1.0,1.59,10.53,4.78,21.61,145.21,0.61,170.55
Tweed Offshore,2487,1760655600,2025-10-17 09:00:00,-28.21272,153.67996,0.99,1.57,6.25,4.66,21.65,78.66,0.65,167.65
Tweed Offshore,2487,1760657400,2025-10-17 09:30:00,-28.21272,153.67994,1.03,1.57,6.67,4.46,21.65,61.08,0.67,169.76
Tweed Offshore,2487,1760659200,2025-10-17 10:00:00,-28.21273,153.67994,0.98,1.79,11.11,4.28,21.69,131.5,0.71,169.93
Tweed Offshore,2487,1760661000,2025-10-17 10:30:00,-28.21272,153.67992,0.93,1.56,10.53,4.06,21.65,128.69,0.74,166.24
Tweed Offshore,2487,1760662800,2025-10-17 11:00:00,-28.21275,153.6799,0.92,1.72,10.53,3.87,21.78,130.53,0.78,167.47
Tweed Offshore,2487,1760664600,2025-10-17 11:30:00,-28.21275,153.6799,0.91,1.48,11.11,3.58,21.69,136.25,0.78,170.64
Tweed Offshore,2487,1760666400,2025-10-17 12:00:00,-28.21275,153.67988,0.92,1.53,11.76,3.6,21.78,146.8,0.86,169.14
Tweed Offshore,2487,1760668200,2025-10-17 12:30:00,-28.21275,153.67986,0.94,1.38,10.53,3.54,21.87,133.52,0.85,170.11
Tweed Offshore,2487,1760670000,2025-10-17 13:00:00,-28.21275,153.67981,0.92,1.59,11.11,3.38,21.92,150.84,0.91,175.21
Tweed Offshore,2487,1760671800,2025-10-17 13:30:00,-28.21276,153.67986,0.96,1.91,10.53,3.28,22.01,147.32,0.9,170.11
Tweed Offshore,2487,1760673600,2025-10-17 14:00:00,-28.21276,153.67979,0.9,1.67,6.45,3.34,22.18,76.47,0.97,186.02
Tweed Offshore,2487,1760675400,2025-10-17 14:30:00,-28.21279,153.67977,1.01,1.92,6.67,3.36,22.72,79.63,1.07,187.34
Tweed Offshore,2487,1760677200,2025-10-17 15:00:00,-28.2128,153.67977,0.97,1.74,6.9,3.2,22.63,82.62,1.03,178.55
Tweed Offshore,2487,1760679000,2025-10-17 15:30:00,-28.2128,153.67979,1.07,2.0,6.06,3.29,22.54,77.7,1.05,175.74
Tweed Offshore,2487,1760680800,2025-10-17 16:00:00,-28.2128,153.67988,1.16,1.81,6.9,3.39,22.54,78.75,1.07,169.67
Tweed Offshore,2487,1760682600,2025-10-17 16:30:00,-28.21279,153.67988,1.13,1.78,6.67,3.53,22.45,81.48,1.11,169.23
Tweed Offshore,2487,1760684400,2025-10-17 17:00:00,-28.21282,153.6799,1.14,1.93,6.45,3.51,22.41,81.92,1.16,170.46
Tweed Offshore,2487,1760686200,2025-10-17 17:30:00,-28.2128,153.67992,1.19,1.88,6.25,3.52,22.41,77.35,1.14,165.89
Tweed Offshore,2487,1760688000,2025-10-17 18:00:00,-28.2128,153.68005,1.13,1.81,7.14,3.42,22.36,72.25,1.23,157.98
Tweed Offshore,2487,1760689800,2025-10-17 18:30:00,-28.2128,153.68003,1.18,1.81,6.9,3.52,22.23,74.27,1.22,160.79
Tweed Offshore,2487,1760691600,2025-10-17 19:00:00,-28.21279,153.68009,1.1,1.88,6.25,3.44,22.1,77.17,1.19,157.45
Tweed Offshore,2487,1760693400,2025-10-17 19:30:00,-28.21282,153.68011,1.08,1.95,7.41,3.38,22.01,67.59,1.11,158.15
Tweed Offshore,2487,1760695200,2025-10-17 20:00:00,-28.21282,153.68009,1.07,1.77,6.67,3.44,22.01,71.28,1.13,158.24
Tweed Offshore,2487,1760697000,2025-10-17 20:30:00,-28.21284,153.68011,1.09,1.79,7.41,3.49,21.92,72.07,1.12,158.86
Tweed Offshore,2487,1760698800,2025-10-17 21:00:00,-28.2128,153.68018,1.06,2.21,6.9,3.46,21.69,68.2,1.12,155.34
Tweed Offshore,2487,1760700600,2025-10-17 21:30:00,-28.2128,153.6802,1.04,1.7,6.9,3.57,21.52,67.94,1.05,153.76
Tweed Offshore,2487,1760702400,2025-10-17 22:00:00,-28.2128,153.68024,1.05,1.95,6.67,3.65,21.52,75.24,1.05,152.18
Tweed Offshore,2487,1760704200,2025-10-17 22:30:00,-28.21276,153.68031,1.04,1.78,7.41,3.6,21.12,67.5,1.04,148.84
Tweed Offshore,2487,1760706000,2025-10-17 23:00:00,-28.21279,153.68024,1.07,1.75,6.9,3.63,20.85,65.48,0.95,147.69
Tweed Offshore,2487,1760707800,2025-10-17 23:30:00,-28.21276,153.68026,1.05,1.78,7.69,3.59,20.72,66.97,0.9,145.41
Tweed Offshore,2487,1760709600,2025-10-18 00:00:00,-28.21276,153.6802,1.05,1.85,7.14,3.57,20.64,70.84,0.85,150.24
Tweed Offshore,2487,1760711400,2025-10-18 00:30:00,-28.21275,153.68024,1.0,1.8,6.9,3.64,20.55,77.43,0.83,141.8
Tweed Offshore,2487,1760713200,2025-10-18 01:00:00,-28.21272,153.68024,1.02,1.73,7.14,3.68,20.77,66.53,0.86,132.66
Tweed Offshore,2487,1760715000,2025-10-18 01:30:00,-28.21273,153.68018,1.02,1.67,7.14,3.59,20.85,75.41,0.79,138.2
Tweed Offshore,2487,1760716800,2025-10-18 02:00:00,-28.21273,153.68022,1.02,1.82,7.14,3.62,20.77,71.1,0.78,135.82
Tweed Offshore,2487,1760718600,2025-10-18 02:30:00,-28.21272,153.68024,1.13,1.98,6.67,3.88,20.81,76.03,0.79,137.23
Tweed Offshore,2487,1760720400,2025-10-18 03:00:00,-28.21272,153.68024,1.0,1.59,6.9,3.85,20.77,76.2,0.74,132.48
Tweed Offshore,2487,1760722200,2025-10-18 03:30:00,-28.21272,153.68026,1.02,2.15,7.14,3.91,20.68,82.36,0.7,134.86
Tweed Offshore,2487,1760724000,2025-10-18 04:00:00,-28.21272,153.68026,1.0,1.64,7.41,3.94,20.68,76.73,0.71,143.82
Tweed Offshore,2487,1760725800,2025-10-18 04:30:00,-28.21269,153.68026,0.97,1.67,6.9,3.94,20.68,58.44,0.69,141.8
Tweed Offshore,2487,1760727600,2025-10-18 05:00:00,-28.21269,153.68029,0.96,1.44,7.14,3.73,20.68,76.55,0.64,150.07
Tweed Offshore,2487,1760729400,2025-10-18 05:30:00,-28.2127,153.68031,0.99,1.74,6.45,3.69,20.72,71.81,0.69,148.92
Tweed Offshore,2487,1760731200,2025-10-18 06:00:00,-28.2127,153.68039,0.99,1.56,7.41,3.49,20.77,76.99,0.69,149.45
Tweed Offshore,2487,1760733000,2025-10-18 06:30:00,-28.2127,153.68039,1.01,1.75,6.45,3.49,20.81,74.62,0.76,148.22
Tweed Offshore,2487,1760734800,2025-10-18 07:00:00,-28.2127,153.68044,1.04,1.86,6.67,3.57,20.85,69.43,0.76,146.11
Tweed Offshore,2487,1760736600,2025-10-18 07:30:00,-28.2127,153.68044,0.99,1.75,7.41,3.4,20.81,69.43,0.77,150.42
Tweed Offshore,2487,1760738400,2025-10-18 08:00:00,-28.2127,153.68044,1.0,1.6,7.14,3.41,20.9,78.14,0.78,150.59
Tweed Offshore,2487,1760740200,2025-10-18 08:30:00,-28.21272,153.68042,0.96,1.67,7.69,3.28,21.03,70.22,0.81,153.85
Tweed Offshore,2487,1760742000,2025-10-18 09:00:00,-28.21272,153.68039,0.98,1.52,6.9,3.28,20.99,75.68,0.81,146.46
Tweed Offshore,2487,1760743800,2025-10-18 09:30:00,-28.21272,153.68039,0.97,1.53,7.14,3.26,21.03,76.38,0.8,150.59
Tweed Offshore,2487,1760745600,2025-10-18 10:00:00,-28.21272,153.68035,0.94,1.83,7.41,3.37,20.99,68.11,0.84,152.7
Tweed Offshore,2487,1760747400,2025-10-18 10:30:00,-28.21275,153.68033,0.95,1.63,7.41,3.47,20.94,54.84,0.91,154.73
Tweed Offshore,2487,1760749200,2025-10-18 11:00:00,-28.21276,153.68033,0.94,1.65,6.9,3.49,21.12,78.49,0.88,157.1
Tweed Offshore,2487,1760751000,2025-10-18 11:30:00,-28.21276,153.68031,0.89,1.45,7.69,3.3,21.25,75.06,0.89,152.88
Tweed Offshore,2487,1760752800,2025-10-18 12:00:00,-28.21275,153.68024,0.88,1.36,7.41,3.4,21.38,75.85,0.95,154.99
Tweed Offshore,2487,1760754600,2025-10-18 12:30:00,-28.21276,153.68024,0.97,1.7,7.14,3.38,21.56,75.76,0.91,156.4
Tweed Offshore,2487,1760756400,2025-10-18 13:00:00,-28.21279,153.68022,1.0,1.73,6.67,3.4,21.56,71.46,0.95,157.19
Tweed Offshore,2487,1760758200,2025-10-18 13:30:00,-28.21279,153.68018,0.95,1.55,7.14,3.32,21.65,71.28,0.94,158.59
Tweed Offshore,2487,1760760000,2025-10-18 14:00:00,-28.2128,153.68016,1.01,1.62,6.9,3.37,21.87,76.29,0.99,160.79
Tweed Offshore,2487,1760761800,2025-10-18 14:30:00,-28.2128,153.68014,1.06,1.94,7.69,3.51,21.83,72.42,0.98,159.91
Tweed Offshore,2487,1760763600,2025-10-18 15:00:00,-28.2128,153.68009,1.1,1.84,6.9,3.5,21.52,71.37,0.96,162.81
Tweed Offshore,2487,1760765400,2025-10-18 15:30:00,-28.2128,153.68009,1.14,2.0,7.41,3.64,21.21,71.63,0.91,164.84
Tweed Offshore,2487,1760767200,2025-10-18 16:00:00,-28.2128,153.68001,1.06,1.77,6.9,3.73,21.03,79.19,0.81,166.15
Tweed Offshore,2487,1760769000,2025-10-18 16:30:00,-28.2128,153.67996,1.03,1.7,7.41,3.71,21.12,67.76,0.91,168.62
Tweed Offshore,2487,1760770800,2025-10-18 17:00:00,-28.21279,153.67994,1.04,1.61,6.9,4.07,20.94,73.48,0.76,176.44
Tweed Offshore,2487,1760772600,2025-10-18 17:30:00,-28.21275,153.67992,0.98,1.77,8.0,4.17,21.3,63.54,0.85,168.44
Tweed Offshore,2487,1760774400,2025-10-18 18:00:00,-28.21279,153.67983,0.97,1.64,7.69,4.33,21.34,59.15,0.86,176.97
Tweed Offshore,2487,1760776200,2025-10-18 18:30:00,-28.21276,153.67992,0.92,1.63,14.29,4.56,21.38,146.71,0.86,166.33
Tweed Offshore,2487,1760778000,2025-10-18 19:00:00,-28.21275,153.67992,0.92,1.55,7.69,4.9,21.34,69.7,0.78,158.68
Tweed Offshore,2487,1760779800,2025-10-18 19:30:00,-28.21275,153.68003,1.0,1.56,7.14,4.91,21.34,66.53,0.74,159.56
Tweed Offshore,2487,1760781600,2025-10-18 20:00:00,-28.21275,153.68001,1.03,1.58,7.69,4.91,21.21,69.35,0.69,158.86
Tweed Offshore,2487,1760783400,2025-10-18 20:30:00,-28.21273,153.68009,0.92,1.41,7.41,4.88,21.25,69.52,0.71,159.38
Tweed Offshore,2487,1760785200,2025-10-18 21:00:00,-28.21273,153.68016,0.93,1.72,7.69,4.84,21.25,70.84,0.64,156.66
Tweed Offshore,2487,1760787000,2025-10-18 21:30:00,-28.21272,153.68022,0.93,1.52,8.0,4.74,21.21,74.97,0.62,154.02
Tweed Offshore,2487,1760788800,2025-10-18 22:00:00,-28.2127,153.68026,0.97,1.63,7.69,4.7,21.08,77.61,0.59,146.46
Tweed Offshore,2487,1760790600,2025-10-18 22:30:00,-28.21269,153.68024,1.03,1.68,7.41,4.8,21.12,87.02,0.57,137.32
Tweed Offshore,2487,1760792400,2025-10-18 23:00:00,-28.21269,153.68026,1.02,2.05,7.69,4.52,21.25,78.75,0.47,136.0
Tweed Offshore,2487,1760794200,2025-10-18 23:30:00,-28.21267,153.68029,1.08,1.72,8.0,4.73,21.34,67.32,0.51,136.26
Tweed Offshore,2487,1760796000,2025-10-19 00:00:00,-28.21269,153.68014,1.0,1.78,8.33,4.46,21.21,61.7,0.46,136.09
Tweed Offshore,2487,1760797800,2025-10-19 00:30:00,-28.21267,153.68016,1.07,1.85,7.41,4.43,21.08,73.74,0.39,131.87
Tweed Offshore,2487,1760799600,2025-10-19 01:00:00,-28.21267,153.68011,1.0,1.66,7.69,4.37,21.03,60.2,0.38,135.3
Tweed Offshore,2487,1760801400,2025-10-19 01:30:00,-28.21265,153.68014,1.01,2.13,7.69,4.44,21.08,58.36,0.34,141.54
Tweed Offshore,2487,1760803200,2025-10-19 02:00:00,-28.21267,153.68009,1.03,1.9,7.69,4.5,21.08,78.75,0.27,147.96
Tweed Offshore,2487,1760805000,2025-10-19 02:30:00,-28.21265,153.68009,1.04,1.6,7.69,4.39,21.03,68.38,0.33,151.21
Tweed Offshore,2487,1760806800,2025-10-19 03:00:00,-28.21267,153.68011,1.03,1.82,14.29,4.54,20.99,138.18,0.29,150.42
Tweed Offshore,2487,1760808600,2025-10-19 03:30:00,-28.21265,153.68011,1.13,1.89,14.29,4.62,20.85,141.79,0.3,146.81
Tweed Offshore,2487,1760810400,2025-10-19 04:00:00,-28.21265,153.68018,1.22,2.13,7.41,4.59,20.81,95.89,0.28,148.92
Tweed Offshore,2487,1760812200,2025-10-19 04:30:00,-28.21263,153.68024,1.27,1.95,7.69,4.76,20.72,86.22,0.28,156.22
Tweed Offshore,2487,1760815800,2025-10-19 05:30:00,-28.21265,153.68016,1.25,2.11,15.38,4.59,20.59,137.21,0.26,154.55
Tweed Offshore,2487,1760817600,2025-10-19 06:00:00,-28.21263,153.68016,1.21,2.0,15.38,4.67,20.59,138.0,0.27,157.27
Tweed Offshore,2487,1760819400,2025-10-19 06:30:00,-28.21261,153.68022,1.32,2.13,7.14,4.6,20.5,117.35,0.24,165.89
Tweed Offshore,2487,1760821200,2025-10-19 07:00:00,-28.21261,153.68024,1.27,2.04,4.44,4.66,20.46,169.74,0.22,161.67
Tweed Offshore,2487,1760823000,2025-10-19 07:30:00,-28.2126,153.68026,1.38,2.17,7.41,4.78,20.37,102.14,0.22,171.16
Tweed Offshore,2487,1760824800,2025-10-19 08:00:00,-28.21257,153.68031,1.39,2.54,14.29,4.68,20.37,145.48,0.2,183.56
Tweed Offshore,2487,1760826600,2025-10-19 08:30:00,-28.21257,153.68033,1.38,2.4,15.38,4.86,20.37,145.57,0.24,176.7
Tweed Offshore,2487,1760828400,2025-10-19 09:00:00,-28.21257,153.68024,1.41,2.74,15.38,4.77,20.37,144.86,0.3,184.26
Tweed Offshore,2487,1760830200,2025-10-19 09:30:00,-28.21258,153.68026,1.35,2.11,15.38,4.74,20.37,144.86,0.27,182.68
Tweed Offshore,2487,1760832000,2025-10-19 10:00:00,-28.21257,153.68031,1.41,2.24,15.38,4.77,20.37,148.73,0.24,180.48
Tweed Offshore,2487,1760833800,2025-10-19 10:30:00,-28.21257,153.68037,1.36,3.07,14.29,4.92,20.42,144.42,0.22,183.82
Tweed Offshore,2487,1760835600,2025-10-19 11:00:00,-28.21257,153.68035,1.45,2.21,14.29,5.0,20.46,150.14,0.17,192.0
Tweed Offshore,2487,1760837400,2025-10-19 11:30:00,-28.2126,153.68031,1.37,2.18,14.29,4.87,20.5,147.24,0.27,175.3
Tweed Offshore,2487,1760839200,2025-10-19 12:00:00,-28.21258,153.68031,1.32,2.76,14.29,4.95,20.59,145.21,0.23,167.47
Tweed Offshore,2487,1760841000,2025-10-19 12:30:00,-28.2126,153.68029,1.47,2.6,8.0,5.24,20.64,156.91,0.26,182.42
Tweed Offshore,2487,1760842800,2025-10-19 13:00:00,-28.21263,153.68022,1.48,2.27,8.33,5.2,20.68,154.88,0.28,183.12
Tweed Offshore,2487,1760844600,2025-10-19 13:30:00,-28.21263,153.68018,1.37,2.04,8.0,5.26,20.64,150.66,0.29,182.68
Tweed Offshore,2487,1760846400,2025-10-19 14:00:00,-28.21265,153.68024,1.47,2.25,7.69,5.57,20.64,152.77,0.35,182.95
Tweed Offshore,2487,1760848200,2025-10-19 14:30:00,-28.21261,153.68026,1.4,2.24,8.33,5.5,20.68,145.83,0.38,187.69
Tweed Offshore,2487,1760850000,2025-10-19 15:00:00,-28.21269,153.68016,1.42,2.39,8.7,5.65,20.72,159.98,0.41,185.05
Tweed Offshore,2487,1760851800,2025-10-19 15:30:00,-28.21272,153.67999,1.57,2.77,9.09,5.72,21.52,150.22,0.57,202.37
Tweed Offshore,2487,1760853600,2025-10-19 16:00:00,-28.21273,153.67994,1.6,2.64,8.33,5.75,21.69,163.76,0.65,191.21
Tweed Offshore,2487,1760855400,2025-10-19 16:30:00,-28.21273,153.6799,1.72,2.68,8.7,5.88,21.69,157.35,0.7,190.68
Tweed Offshore,2487,1760857200,2025-10-19 17:00:00,-28.21273,153.67994,1.58,2.61,8.0,5.62,21.56,147.24,0.72,183.82
Tweed Offshore,2487,1760859000,2025-10-19 17:30:00,-28.21273,153.67994,1.59,2.53,8.0,5.61,21.61,143.98,0.74,179.25
Tweed Offshore,2487,1760860800,2025-10-19 18:00:00,-28.21276,153.67994,1.61,2.48,12.5,5.92,22.77,157.43,1.04,187.87
Tweed Offshore,2487,1760862600,2025-10-19 18:30:00,-28.21279,153.67994,1.68,2.8,8.7,6.23,23.08,143.1,1.09,184.35
Tweed Offshore,2487,1760864400,2025-10-19 19:00:00,-28.21276,153.67992,1.72,2.63,7.69,6.27,23.13,123.5,1.03,178.9
Tweed Offshore,2487,1760866200,2025-10-19 19:30:00,-28.2128,153.67992,1.81,2.98,9.52,6.38,23.26,157.7,1.08,174.68
Tweed Offshore,2487,1760868000,2025-10-19 20:00:00,-28.2128,153.6799,1.7,2.62,7.41,6.26,23.17,131.85,1.01,171.43
Tweed Offshore,2487,1760869800,2025-10-19 20:30:00,-28.2128,153.6799,1.64,2.57,12.5,6.27,23.22,154.53,1.08,165.98
Tweed Offshore,2487,1760871600,2025-10-19 21:00:00,-28.21282,153.67992,1.6,2.9,8.0,6.19,23.26,134.84,1.11,167.3
Tweed Offshore,2487,1760873400,2025-10-19 21:30:00,-28.2128,153.67999,1.73,3.37,8.33,6.41,23.35,140.99,1.1,162.29
Tweed Offshore,2487,1760875200,2025-10-19 22:00:00,-28.2128,153.67999,1.63,2.87,8.33,6.18,23.4,131.24,1.06,161.85
Tweed Offshore,2487,1760877000,2025-10-19 22:30:00,-28.2128,153.68001,1.71,2.87,7.69,6.35,23.31,131.41,1.01,155.78
Tweed Offshore,2487,1760878800,2025-10-19 23:00:00,-28.2128,153.68005,1.63,2.57,8.33,6.16,23.26,139.68,1.08,155.43
Tweed Offshore,2487,1760880600,2025-10-19 23:30:00,-28.21279,153.68007,1.64,3.08,7.14,6.15,23.13,142.05,1.06,149.54
Tweed Offshore,2487,1760882400,2025-10-20 00:00:00,-28.2128,153.68005,1.54,2.42,7.41,6.24,23.04,148.47,1.05,150.59
Tweed Offshore,2487,1760884200,2025-10-20 00:30:00,-28.21279,153.68007,1.52,2.46,8.33,6.19,22.99,131.06,1.05,147.96
Tweed Offshore,2487,1760886000,2025-10-20 01:00:00,-28.21276,153.68001,1.59,2.39,8.33,6.37,22.86,138.36,0.98,147.87
Tweed Offshore,2487,1760887800,2025-10-20 01:30:00,-28.21279,153.68005,1.59,2.42,8.33,6.29,22.72,124.73,0.93,146.11
Tweed Offshore,2487,1760889600,2025-10-20 02:00:00,-28.21275,153.68003,1.59,2.74,7.41,6.36,22.45,152.33,0.92,138.73
Tweed Offshore,2487,1760891400,2025-10-20 02:30:00,-28.21275,153.68003,1.62,2.69,7.41,6.4,22.23,138.8,0.83,139.43
Tweed Offshore,2487,1760893200,2025-10-20 03:00:00,-28.21275,153.68001,1.48,2.51,8.7,6.32,22.05,134.14,0.74,134.59
Tweed Offshore,2487,1760895000,2025-10-20 03:30:00,-28.21273,153.68001,1.36,2.24,8.0,6.21,22.14,133.52,0.75,133.19
Tweed Offshore,2487,1760896800,2025-10-20 04:00:00,-28.21272,153.68003,1.39,2.75,8.0,6.36,22.1,130.8,0.72,130.37
Tweed Offshore,2487,1760898600,2025-10-20 04:30:00,-28.2127,153.68009,1.38,2.22,8.33,6.44,22.05,139.15,0.71,131.16
Tweed Offshore,2487,1760900400,2025-10-20 05:00:00,-28.2127,153.68014,1.27,2.14,8.33,6.29,21.96,137.04,0.71,128.53
Tweed Offshore,2487,1760902200,2025-10-20 05:30:00,-28.2127,153.68016,1.27,1.9,7.69,6.33,21.83,138.27,0.68,127.56
Tweed Offshore,2487,1760904000,2025-10-20 06:00:00,-28.2127,153.68016,1.2,2.31,7.69,6.56,21.96,131.59,0.66,127.21
Tweed Offshore,2487,1760905800,2025-10-20 06:30:00,-28.21272,153.68016,1.23,1.95,8.0,6.55,22.01,117.7,0.65,130.11
Tweed Offshore,2487,1760907600,2025-10-20 07:00:00,-28.21269,153.68018,1.23,2.1,8.7,6.53,22.01,131.24,0.62,129.05
Tweed Offshore,2487,1760909400,2025-10-20 07:30:00,-28.21269,153.68022,1.22,1.85,8.7,6.63,21.87,130.97,0.61,135.03
Tweed Offshore,2487,1760911200,2025-10-20 08:00:00,-28.21267,153.68024,1.11,1.66,8.7,6.64,21.83,131.32,0.53,134.07
Tweed Offshore,2487,1760913000,2025-10-20 08:30:00,-28.21267,153.6802,1.24,2.53,8.0,6.76,21.87,124.73,0.5,136.7
Tweed Offshore,2487,1760914800,2025-10-20 09:00:00,-28.21267,153.68022,1.19,1.69,7.41,6.29,21.92,137.48,0.48,141.89
Tweed Offshore,2487,1760916600,2025-10-20 09:30:00,-28.21269,153.68024,1.11,1.96,8.7,5.75,21.56,134.05,0.51,150.24
Tweed Offshore,2487,1760918400,2025-10-20 10:00:00,-28.2127,153.68022,1.09,1.69,7.41,5.21,21.52,143.46,0.56,157.19
Tweed Offshore,2487,1760920200,2025-10-20 10:30:00,-28.2127,153.68022,1.15,1.83,9.09,5.27,21.74,127.1,0.63,157.54
Tweed Offshore,2487,1760922000,2025-10-20 11:00:00,-28.21272,153.68022,1.13,1.83,8.7,5.14,21.87,132.82,0.67,155.25
Tweed Offshore,2487,1760923800,2025-10-20 11:30:00,-28.21272,153.68018,1.08,1.81,8.0,4.79,21.87,142.58,0.66,160.18
Tweed Offshore,2487,1760925600,2025-10-20 12:00:00,-28.21272,153.68014,1.09,1.59,8.33,4.58,21.92,123.5,0.68,162.11
Tweed Offshore,2487,1760927400,2025-10-20 12:30:00,-28.21273,153.68011,1.14,1.95,7.69,4.58,21.87,128.51,0.68,163.52
Tweed Offshore,2487,1760929200,2025-10-20 13:00:00,-28.21275,153.68007,1.01,1.79,8.7,4.19,21.87,113.74,0.72,164.66
Tweed Offshore,2487,1760931000,2025-10-20 13:30:00,-28.21275,153.68005,1.1,1.89,9.09,4.16,21.92,126.93,0.73,165.8
Tweed Offshore,2487,1760932800,2025-10-20 14:00:00,-28.21275,153.67999,1.08,1.94,10.53,3.91,22.05,152.69,0.76,176.62
Tweed Offshore,2487,1760934600,2025-10-20 14:30:00,-28.21276,153.67996,1.02,1.79,8.7,3.67,22.18,107.76,0.82,172.92
Tweed Offshore,2487,1760936400,2025-10-20 15:00:00,-28.21276,153.67994,0.96,2.05,9.52,3.52,22.27,137.57,0.83,178.11
Tweed Offshore,2487,1760938200,2025-10-20 15:30:00,-28.21276,153.67994,0.99,1.62,8.0,3.53,22.36,117.78,0.85,179.16
Tweed Offshore,2487,1760940000,2025-10-20 16:00:00,-28.21279,153.67994,1.01,1.86,7.69,3.44,22.41,116.64,0.91,174.77
Tweed Offshore,2487,1760941800,2025-10-20 16:30:00,-28.21276,153.67996,1.0,1.68,9.52,3.52,22.27,136.95,0.93,174.68
Tweed Offshore,2487,1760943600,2025-10-20 17:00:00,-28.21279,153.67999,1.0,1.67,9.09,3.47,22.32,131.59,0.97,169.05
Tweed Offshore,2487,1760945400,2025-10-20 17:30:00,-28.21276,153.68001,1.08,2.39,9.09,3.55,22.45,112.42,1.01,167.65
Tweed Offshore,2487,1760947200,2025-10-20 18:00:00,-28.21279,153.68007,1.1,1.93,8.0,3.54,22.54,103.1,1.05,165.63
Tweed Offshore,2487,1760949000,2025-10-20 18:30:00,-28.21276,153.68009,1.07,2.01,12.5,3.57,22.5,151.72,1.07,165.71
Tweed Offshore,2487,1760950800,2025-10-20 19:00:00,-28.21279,153.68009,1.13,1.85,8.0,3.63,22.59,105.83,1.03,166.33
Tweed Offshore,2487,1760952600,2025-10-20 19:30:00,-28.21276,153.68016,1.09,2.01,9.09,3.54,22.54,96.77,1.08,160.79
Tweed Offshore,2487,1760954400,2025-10-20 20:00:00,-28.21276,153.6802,1.1,1.86,9.09,3.54,22.59,109.61,1.05,158.59
Tweed Offshore,2487,1760956200,2025-10-20 20:30:00,-28.21275,153.68024,1.09,1.7,8.33,3.42,22.5,95.02,1.05,154.46
Tweed Offshore,2487,1760958000,2025-10-20 21:00:00,-28.21276,153.68029,1.07,2.27,8.7,3.46,22.45,98.18,1.03,152.62
Tweed Offshore,2487,1760959800,2025-10-20 21:30:00,-28.21276,153.68031,1.02,1.82,8.33,3.41,22.41,89.3,1.09,150.15
Tweed Offshore,2487,1760961600,2025-10-20 22:00:00,-28.21276,153.68029,1.07,1.81,8.33,3.4,22.36,102.4,1.04,147.69
Tweed Offshore,2487,1760963400,2025-10-20 22:30:00,-28.21276,153.68029,1.01,1.85,9.09,3.42,22.32,112.95,1.04,145.76
Tweed Offshore,2487,1760965200,2025-10-20 23:00:00,-28.21276,153.68029,1.06,2.03,13.33,3.5,22.27,146.36,0.97,146.55
Tweed Offshore,2487,1760967000,2025-10-20 23:30:00,-28.21275,153.68031,1.05,1.73,13.33,3.51,22.18,150.31,1.0,141.8
Tweed Offshore,2487,1760968800,2025-10-21 00:00:00,-28.21273,153.68029,0.98,1.85,9.09,3.41,22.05,100.91,0.95,138.37
Tweed Offshore,2487,1760970600,2025-10-21 00:30:00,-28.21273,153.68026,0.98,2.12,9.09,3.43,21.96,87.37,0.98,135.56
Tweed Offshore,2487,1760972400,2025-10-21 01:00:00,-28.21272,153.68026,1.03,1.64,8.33,3.45,21.96,81.39,0.94,132.4
Tweed Offshore,2487,1760974200,2025-10-21 01:30:00,-28.21273,153.68024,1.02,1.82,8.33,3.5,21.92,76.91,0.89,134.15
Tweed Offshore,2487,1760976000,2025-10-21 02:00:00,-28.21273,153.68018,0.96,1.83,8.7,3.51,21.87,65.3,0.83,134.24
Tweed Offshore,2487,1760977800,2025-10-21 02:30:00,-28.21272,153.68029,0.97,1.72,8.7,3.65,21.78,79.54,0.81,134.07
Tweed Offshore,2487,1760979600,2025-10-21 03:00:00,-28.21272,153.68024,0.93,1.44,9.09,3.62,21.69,73.21,0.78,130.29
Tweed Offshore,2487,1760981400,2025-10-21 03:30:00,-28.21273,153.68016,0.97,1.69,8.33,3.71,21.65,88.42,0.74,134.33
Tweed Offshore,2487,1760983200,2025-10-21 04:00:00,-28.21272,153.6802,0.93,1.58,8.7,3.57,21.56,80.16,0.74,135.91
Tweed Offshore,2487,1760985000,2025-10-21 04:30:00,-28.21272,153.68016,0.9,1.42,8.7,3.47,21.52,83.06,0.75,134.15
Tweed Offshore,2487,1760986800,2025-10-21 05:00:00,-28.21272,153.68014,0.95,1.82,8.33,3.74,21.47,83.5,0.71,140.4
Tweed Offshore,2487,1760988600,2025-10-21 05:30:00,-28.21273,153.68014,0.95,1.42,8.7,3.58,21.47,75.32,0.7,138.73
Tweed Offshore,2487,1760990400,2025-10-21 06:00:00,-28.21273,153.6802,0.97,1.79,8.7,3.68,21.43,86.31,0.71,142.59
Tweed Offshore,2487,1760992200,2025-10-21 06:30:00,-28.21272,153.68018,0.89,1.53,8.7,3.54,21.47,83.85,0.65,145.14
Tweed Offshore,2487,1760994000,2025-10-21 07:00:00,-28.21273,153.68016,0.94,1.53,7.69,3.61,21.52,82.44,0.67,147.25
Tweed Offshore,2487,1760995800,2025-10-21 07:30:00,-28.21273,153.68016,1.02,1.89,7.41,3.63,21.52,71.46,0.7,145.14
Tweed Offshore,2487,1760997600,2025-10-21 08:00:00,-28.2127,153.6802,0.98,1.7,8.33,3.58,21.52,81.92,0.73,143.38
Tweed Offshore,2487,1760999400,2025-10-21 08:30:00,-28.2127,153.68024,0.98,1.57,8.0,3.56,21.52,84.73,0.77,143.65
Tweed Offshore,2487,1761001200,2025-10-21 09:00:00,-28.21272,153.68029,0.97,1.91,8.33,3.48,21.43,77.96,0.75,141.71
Tweed Offshore,2487,1761003000,2025-10-21 09:30:00,-28.2127,153.68031,0.97,1.69,8.7,3.41,21.38,72.51,0.77,143.91
Tweed Offshore,2487,1761004800,2025-10-21 10:00:00,-28.21273,153.68024,1.01,1.82,8.0,3.44,21.25,80.86,0.77,143.74
Tweed Offshore,2487,1761006600,2025-10-21 10:30:00,-28.21273,153.68024,0.94,1.43,8.7,3.4,21.25,81.13,0.75,150.07
Tweed Offshore,2487,1761008400,2025-10-21 11:00:00,-28.21275,153.68022,1.0,1.86,8.33,3.49,21.3,81.74,0.78,148.92
Tweed Offshore,2487,1761010200,2025-10-21 11:30:00,-28.21272,153.68018,1.01,1.6,9.09,3.43,21.38,85.35,0.74,151.91
Tweed Offshore,2487,1761012000,2025-10-21 12:00:00,-28.21273,153.68016,0.98,1.79,8.33,3.52,21.47,76.11,0.7,150.33
Tweed Offshore,2487,1761013800,2025-10-21 12:30:00,-28.21275,153.68018,1.06,1.74,8.7,3.62,21.52,79.19,0.72,150.68
Tweed Offshore,2487,1761015600,2025-10-21 13:00:00,-28.21273,153.68016,0.96,2.16,9.09,3.5,21.52,83.5,0.7,153.23
Tweed Offshore,2487,1761017400,2025-10-21 13:30:00,-28.21275,153.68011,1.03,1.93,8.7,3.71,21.38,76.99,0.65,153.23
Tweed Offshore,2487,1761019200,2025-10-21 14:00:00,-28.21279,153.67994,0.91,1.56,8.0,3.42,21.47,89.3,0.71,155.87
Tweed Offshore,2487,1761021000,2025-10-21 14:30:00,-28.21276,153.67999,1.0,1.73,7.69,3.51,21.74,72.33,0.74,174.51
Tweed Offshore,2487,1761022800,2025-10-21 15:00:00,-28.21276,153.6799,1.05,1.73,7.69,3.66,21.92,83.41,0.72,172.4
Tweed Offshore,2487,1761024600,2025-10-21 15:30:00,-28.21276,153.67979,1.15,1.93,8.7,3.91,21.96,89.65,0.6,166.07
Tweed Offshore,2487,1761026400,2025-10-21 16:00:00,-28.21276,153.67986,1.04,1.77,8.7,3.68,21.96,79.46,0.66,165.63
Tweed Offshore,2487,1761028200,2025-10-21 16:30:00,-28.21276,153.67986,1.05,1.7,10.53,3.71,21.78,76.99,0.74,166.33
Tweed Offshore,2487,1761030000,2025-10-21 17:00:00,-28.21276,153.67992,1.13,1.92,10.53,3.95,21.74,73.83,0.73,167.21
Tweed Offshore,2487,1761031800,2025-10-21 17:30:00,-28.21275,153.67994,1.08,2.12,10.0,3.75,21.52,86.4,0.79,161.93
Tweed Offshore,2487,1761033600,2025-10-21 18:00:00,-28.21275,153.67994,1.14,2.0,10.53,3.96,21.43,73.92,0.73,160.62
Tweed Offshore,2487,1761035400,2025-10-21 18:30:00,-28.21275,153.67994,1.16,1.84,10.0,3.95,21.43,71.81,0.76,160.0
Tweed Offshore,2487,1761037200,2025-10-21 19:00:00,-28.21275,153.67994,1.2,2.13,8.7,3.95,21.38,82.09,0.77,154.99
Tweed Offshore,2487,1761039000,2025-10-21 19:30:00,-28.21275,153.68001,1.22,1.98,8.33,3.98,21.43,83.06,0.77,154.02
Tweed Offshore,2487,1761040800,2025-10-21 20:00:00,-28.21275,153.68003,1.12,1.83,8.7,3.82,21.52,80.07,0.75,152.62
Tweed Offshore,2487,1761042600,2025-10-21 20:30:00,-28.21276,153.68003,1.22,1.89,9.52,4.07,21.56,66.09,0.74,153.85
Tweed Offshore,2487,1761044400,2025-10-21 21:00:00,-28.21275,153.68007,1.17,2.02,9.09,4.02,21.56,68.47,0.71,145.93
Tweed Offshore,2487,1761046200,2025-10-21 21:30:00,-28.21275,153.68009,1.17,1.87,9.52,4.18,21.61,64.51,0.68,142.15
Tweed Offshore,2487,1761048000,2025-10-21 22:00:00,-28.21273,153.68018,1.16,1.95,9.52,4.27,21.69,65.74,0.72,139.78
Tweed Offshore,2487,1761049800,2025-10-21 22:30:00,-28.21273,153.68009,1.19,2.25,9.52,4.25,21.69,73.13,0.65,142.42
Tweed Offshore,2487,1761051600,2025-10-21 23:00:00,-28.21273,153.68011,1.16,2.14,9.52,4.32,21.74,68.64,0.62,137.93
Tweed Offshore,2487,1761053400,2025-10-21 23:30:00,-28.21273,153.68011,1.25,2.24,9.09,4.48,21.74,78.84,0.66,135.82
Tweed Offshore,2487,1761055200,2025-10-22 00:00:00,-28.21272,153.68016,1.29,2.39,8.7,4.58,21.69,79.89,0.63,137.93
Tweed Offshore,2487,1761057000,2025-10-22 00:30:00,-28.21272,153.68011,1.28,2.08,9.09,4.62,21.65,76.99,0.57,135.56
Tweed Offshore,2487,1761058800,2025-10-22 01:00:00,-28.21272,153.68007,1.2,2.22,8.7,4.68,21.56,74.88,0.62,130.29
Tweed Offshore,2487,1761060600,2025-10-22 01:30:00,-28.21273,153.68005,1.23,2.1,8.7,4.65,21.52,85.7,0.57,133.98
Tweed Offshore,2487,1761062400,2025-10-22 02:00:00,-28.21272,153.67999,1.27,2.54,9.09,4.56,21.47,72.33,0.49,148.31
Tweed Offshore,2487,1761064200,2025-10-22 02:30:00,-28.21272,153.67996,1.26,2.16,9.09,4.59,21.43,86.05,0.47,147.16
Tweed Offshore,2487,1761066000,2025-10-22 03:00:00,-28.21273,153.67999,1.33,2.28,8.7,4.96,21.38,79.98,0.45,152.35
Tweed Offshore,2487,1761067800,2025-10-22 03:30:00,-28.21272,153.67996,1.35,2.38,8.7,4.96,21.3,70.05,0.46,154.55
Tweed Offshore,2487,1761069600,2025-10-22 04:00:00,-28.21272,153.67996,1.28,2.2,8.7,4.91,21.3,80.16,0.45,167.38
Tweed Offshore,2487,1761071400,2025-10-22 04:30:00,-28.21272,153.68001,1.19,2.46,8.7,4.87,21.25,76.64,0.49,158.07
Tweed Offshore,2487,1761073200,2025-10-22 05:00:00,-28.2127,153.68001,1.28,2.41,8.7,4.95,21.21,79.1,0.48,160.97
Tweed Offshore,2487,1761075000,2025-10-22 05:30:00,-28.2127,153.68005,1.19,1.76,8.33,4.79,21.21,80.77,0.48,160.79
Tweed Offshore,2487,1761076800,2025-10-22 06:00:00,-28.2127,153.68009,1.23,2.06,8.7,4.66,21.21,71.37,0.45,161.58
Tweed Offshore,2487,1761078600,2025-10-22 06:30:00,-28.2127,153.68014,1.27,2.09,8.33,4.8,21.21,85.35,0.51,154.64
Tweed Offshore,2487,1761080400,2025-10-22 07:00:00,-28.2127,153.68016,1.24,1.81,8.7,4.67,21.21,77.52,0.52,158.95
Tweed Offshore,2487,1761082200,2025-10-22 07:30:00,-28.2127,153.68016,1.29,2.27,8.7,4.79,21.21,83.41,0.57,154.9
Tweed Offshore,2487,1761084000,2025-10-22 08:00:00,-28.21272,153.68016,1.29,1.95,8.7,4.64,21.21,73.39,0.57,156.57
Tweed Offshore,2487,1761085800,2025-10-22 08:30:00,-28.2127,153.68016,1.23,2.41,8.33,4.48,21.25,77.7,0.61,154.81
Tweed Offshore,2487,1761087600,2025-10-22 09:00:00,-28.2127,153.68018,1.18,2.28,8.33,4.42,21.3,75.06,0.58,157.71
Tweed Offshore,2487,1761089400,2025-10-22 09:30:00,-28.21272,153.68022,1.24,2.63,8.7,4.38,21.38,74.0,0.61,157.19
Tweed Offshore,2487,1761091200,2025-10-22 10:00:00,-28.21272,153.68022,1.1,1.84,9.09,4.03,21.43,84.47,0.62,156.22
Tweed Offshore,2487,1761093000,2025-10-22 10:30:00,-28.21272,153.68026,1.21,1.86,8.33,4.26,21.52,79.28,0.69,162.11
Tweed Offshore,2487,1761094800,2025-10-22 11:00:00,-28.21273,153.68029,1.17,2.34,9.09,4.23,21.56,76.47,0.73,152.79
Tweed Offshore,2487,1761096600,2025-10-22 11:30:00,-28.21275,153.68026,1.25,2.0,9.09,4.17,21.61,81.92,0.79,155.08
Tweed Offshore,2487,1761098400,2025-10-22 12:00:00,-28.21273,153.68022,1.29,2.48,8.7,4.13,21.69,79.81,0.79,165.01
Tweed Offshore,2487,1761100200,2025-10-22 12:30:00,-28.21275,153.68024,1.36,2.48,8.33,4.2,21.78,78.84,0.84,167.12
Tweed Offshore,2487,1761102000,2025-10-22 13:00:00,-28.21275,153.68022,1.3,2.26,9.09,3.93,21.83,73.83,0.9,163.6
Tweed Offshore,2487,1761103800,2025-10-22 13:30:00,-28.2128,153.68018,1.31,2.32,8.7,4.02,21.78,76.38,0.92,163.87
Tweed Offshore,2487,1761105600,2025-10-22 14:00:00,-28.2128,153.68011,1.49,2.74,9.52,4.23,22.01,74.97,0.97,166.77
Tweed Offshore,2487,1761107400,2025-10-22 14:30:00,-28.21279,153.68024,1.49,2.56,8.33,4.15,21.96,81.04,0.96,161.76
Tweed Offshore,2487,1761109200,2025-10-22 15:00:00,-28.21279,153.68024,1.49,2.83,9.09,4.16,22.1,75.85,1.04,158.77
Tweed Offshore,2487,1761111000,2025-10-22 15:30:00,-28.21276,153.68024,1.53,2.83,9.09,4.06,22.05,76.91,0.96,159.03
Tweed Offshore,2487,1761112800,2025-10-22 16:00:00,-28.21276,153.68026,1.48,2.32,8.7,3.87,22.05,69.35,1.02,151.65
Tweed Offshore,2487,1761114600,2025-10-22 16:30:00,-28.21276,153.68026,1.48,2.2,9.09,4.0,22.05,72.86,0.99,153.93
Tweed Offshore,2487,1761116400,2025-10-22 17:00:00,-28.21273,153.68033,1.52,2.8,9.09,3.97,22.1,72.07,1.0,148.92
Tweed Offshore,2487,1761118200,2025-10-22 17:30:00,-28.21275,153.68026,1.45,2.16,9.09,3.86,22.05,72.6,0.94,149.01
Tweed Offshore,2487,1761120000,2025-10-22 18:00:00,-28.21273,153.68031,1.5,2.62,9.09,3.98,22.05,65.83,0.92,148.48
Tweed Offshore,2487,1761121800,2025-10-22 18:30:00,-28.21275,153.68033,1.52,2.67,9.09,4.05,22.01,73.21,1.01,144.26
Tweed Offshore,2487,1761123600,2025-10-22 19:00:00,-28.21273,153.68031,1.54,2.44,9.09,4.21,22.01,69.17,1.0,147.25
Tweed Offshore,2487,1761125400,2025-10-22 19:30:00,-28.21275,153.68031,1.5,2.66,9.09,4.12,22.1,63.81,1.02,143.74
Tweed Offshore,2487,1761127200,2025-10-22 20:00:00,-28.21273,153.68037,1.62,2.45,9.09,4.33,22.14,70.75,1.0,142.51
Tweed Offshore,2487,1761129000,2025-10-22 20:30:00,-28.21273,153.68039,1.66,2.79,9.52,4.55,22.1,72.69,0.94,138.73
Tweed Offshore,2487,1761130800,2025-10-22 21:00:00,-28.21273,153.68039,1.52,2.39,9.52,4.24,22.01,75.15,1.0,137.14
Tweed Offshore,2487,1761132600,2025-10-22 21:30:00,-28.21273,153.68039,1.5,2.51,9.09,4.26,21.92,67.85,1.08,135.03
Tweed Offshore,2487,1761134400,2025-10-22 22:00:00,-28.21272,153.68039,1.46,2.83,8.7,4.35,21.92,72.16,0.94,134.24
Tweed Offshore,2487,1761136200,2025-10-22 22:30:00,-28.21272,153.68035,1.44,2.48,8.7,4.3,21.78,71.46,0.98,134.24
Tweed Offshore,2487,1761138000,2025-10-22 23:00:00,-28.21273,153.68031,1.55,2.38,9.09,4.41,21.69,66.44,0.95,131.87
Tweed Offshore,2487,1761139800,2025-10-22 23:30:00,-28.21273,153.68029,1.55,2.57,9.52,4.44,21.61,69.78,0.87,135.03
Tweed Offshore,2487,1761141600,2025-10-23 00:00:00,-28.21275,153.68024,1.41,2.44,9.09,4.18,21.52,71.46,0.83,135.56
Tweed Offshore,2487,1761143400,2025-10-23 00:30:00,-28.21273,153.68024,1.48,2.33,9.52,4.28,21.38,73.21,0.83,135.47
Tweed Offshore,2487,1761145200,2025-10-23 01:00:00,-28.21273,153.68024,1.35,2.43,9.09,4.06,21.16,65.13,0.77,136.53
Tweed Offshore,2487,1761147000,2025-10-23 01:30:00,-28.21272,153.68022,1.43,2.64,9.52,4.17,20.99,70.66,0.75,135.12
Tweed Offshore,2487,1761148800,2025-10-23 02:00:00,-28.21272,153.68016,1.39,2.19,9.52,4.25,20.94,71.28,0.69,139.69
Tweed Offshore,2487,1761150600,2025-10-23 02:30:00,-28.21273,153.68007,1.37,2.67,9.09,4.27,20.85,70.93,0.63,147.16
Tweed Offshore,2487,1761152400,2025-10-23 03:00:00,-28.21273,153.68016,1.46,2.47,9.09,4.22,20.81,69.7,0.71,141.8
Tweed Offshore,2487,1761154200,2025-10-23 03:30:00,-28.21272,153.68016,1.59,2.62,9.52,4.59,20.77,68.99,0.67,143.3
Tweed Offshore,2487,1761156000,2025-10-23 04:00:00,-28.21273,153.68014,1.43,2.28,8.7,4.42,20.72,76.38,0.62,146.55
Tweed Offshore,2487,1761157800,2025-10-23 04:30:00,-28.21273,153.68007,1.39,2.44,10.0,4.43,20.72,76.2,0.66,147.6
Tweed Offshore,2487,1761159600,2025-10-23 05:00:00,-28.21272,153.68005,1.36,2.63,9.52,4.3,20.68,73.92,0.62,155.43
Tweed Offshore,2487,1761161400,2025-10-23 05:30:00,-28.21276,153.68003,1.36,2.52,9.52,4.3,20.68,86.93,0.66,156.66
Tweed Offshore,2487,1761163200,2025-10-23 06:00:00,-28.21273,153.68007,1.4,2.61,9.52,4.39,20.68,78.14,0.6,158.24
Tweed Offshore,2487,1761165000,2025-10-23 06:30:00,-28.21275,153.68001,1.34,2.46,9.09,4.23,20.72,78.14,0.65,158.42
Tweed Offshore,2487,1761166800,2025-10-23 07:00:00,-28.21275,153.68007,1.38,2.46,9.09,4.22,20.72,74.97,0.68,158.15
Tweed Offshore,2487,1761168600,2025-10-23 07:30:00,-28.21275,153.68014,1.43,2.47,10.0,4.16,20.72,72.95,0.81,157.8
Tweed Offshore,2487,1761170400,2025-10-23 08:00:00,-28.21275,153.68016,1.3,2.33,9.09,3.99,20.81,72.86,0.82,155.69
Tweed Offshore,2487,1761172200,2025-10-23 08:30:00,-28.21276,153.68022,1.41,2.29,9.52,4.44,20.85,79.63,0.81,152.35
Tweed Offshore,2487,1761174000,2025-10-23 09:00:00,-28.21273,153.68022,1.36,2.46,9.52,4.34,20.94,78.22,0.83,155.08
Tweed Offshore,2487,1761175800,2025-10-23 09:30:00,-28.21275,153.68026,1.3,2.53,10.0,4.28,21.03,79.89,0.85,153.32
Tweed Offshore,2487,1761177600,2025-10-23 10:00:00,-28.21275,153.68026,1.38,2.4,10.0,4.72,21.21,84.73,0.85,157.89
Tweed Offshore,2487,1761179400,2025-10-23 10:30:00,-28.21275,153.68029,1.3,2.12,9.52,4.8,21.3,77.61,0.79,153.32
Tweed Offshore,2487,1761181200,2025-10-23 11:00:00,-28.21275,153.68031,1.31,2.43,10.0,5.01,21.43,79.72,0.87,155.78
Tweed Offshore,2487,1761183000,2025-10-23 11:30:00,-28.21275,153.68031,1.27,1.91,10.0,5.07,21.78,79.72,0.8,152.7
Tweed Offshore,2487,1761184800,2025-10-23 12:00:00,-28.21276,153.68031,1.31,2.16,10.0,5.59,21.65,78.58,0.85,155.6
Tweed Offshore,2487,1761186600,2025-10-23 12:30:00,-28.21273,153.68031,1.32,2.45,9.52,5.58,21.83,79.02,0.78,154.11
Tweed Offshore,2487,1761188400,2025-10-23 13:00:00,-28.21272,153.68033,1.3,2.07,10.0,5.1,21.69,75.76,0.74,155.69
Tweed Offshore,2487,1761190200,2025-10-23 13:30:00,-28.21272,153.68033,1.35,2.15,10.53,4.85,21.69,108.29,0.63,150.86
Tweed Offshore,2487,1761192000,2025-10-23 14:00:00,-28.21272,153.68029,1.45,2.13,10.0,5.0,21.74,84.55,0.69,161.49
Tweed Offshore,2487,1761193800,2025-10-23 14:30:00,-28.21273,153.68024,1.54,2.57,5.26,5.11,21.87,165.52,0.61,161.49
Tweed Offshore,2487,1761195600,2025-10-23 15:00:00,-28.21269,153.68035,1.65,2.61,5.56,5.15,21.87,166.22,0.59,152.18
Tweed Offshore,2487,1761197400,2025-10-23 15:30:00,-28.2127,153.68031,1.64,2.67,10.0,5.25,21.87,91.5,0.59,153.76
Tweed Offshore,2487,1761199200,2025-10-23 16:00:00,-28.21272,153.68031,1.54,2.54,5.71,5.11,21.92,159.89,0.62,156.22
Tweed Offshore,2487,1761201000,2025-10-23 16:30:00,-28.21272,153.68029,1.61,2.46,5.56,5.15,21.92,161.57,0.56,156.84
Tweed Offshore,2487,1761202800,2025-10-23 17:00:00,-28.2127,153.68018,1.61,2.42,10.0,5.2,22.01,101.7,0.52,159.82
Tweed Offshore,2487,1761204600,2025-10-23 17:30:00,-28.2127,153.68018,1.74,3.0,5.71,5.14,22.18,165.35,0.57,170.29
Tweed Offshore,2487,1761206400,2025-10-23 18:00:00,-28.2127,153.68011,1.79,3.53,5.88,5.33,22.36,167.63,0.57,171.69
Tweed Offshore,2487,1761208200,2025-10-23 18:30:00,-28.2127,153.68014,1.85,2.97,6.06,5.41,22.41,156.38,0.54,167.3
Tweed Offshore,2487,1761210000,2025-10-23 19:00:00,-28.21272,153.68009,1.77,2.77,6.06,5.33,22.45,160.69,0.5,171.96
Tweed Offshore,2487,1761211800,2025-10-23 19:30:00,-28.21272,153.68009,1.82,3.12,6.45,5.36,22.54,167.1,0.57,175.56
Tweed Offshore,2487,1761213600,2025-10-23 20:00:00,-28.2127,153.68003,1.87,2.87,6.67,5.39,22.59,163.32,0.55,177.41
Tweed Offshore,2487,1761215400,2025-10-23 20:30:00,-28.21273,153.68005,1.85,3.16,6.67,5.52,22.77,169.83,0.55,180.75
Tweed Offshore,2487,1761217200,2025-10-23 21:00:00,-28.21275,153.68005,1.75,3.28,6.45,5.34,22.77,166.66,0.56,175.65
Tweed Offshore,2487,1761219000,2025-10-23 21:30:00,-28.21273,153.68009,1.72,2.68,6.67,5.45,22.72,167.46,0.58,171.34
Tweed Offshore,2487,1761220800,2025-10-23 22:00:00,-28.21273,153.68011,1.77,2.9,6.67,5.49,22.68,153.3,0.56,167.47
Tweed Offshore,2487,1761222600,2025-10-23 22:30:00,-28.21272,153.68009,1.71,2.6,6.9,5.62,22.68,173.17,0.57,179.87
Tweed Offshore,2487,1761224400,2025-10-23 23:00:00,-28.21275,153.68016,1.84,3.13,6.9,5.7,22.72,173.87,0.64,173.01
Tweed Offshore,2487,1761226200,2025-10-23 23:30:00,-28.21272,153.68016,1.9,3.19,7.41,5.83,22.9,168.25,0.68,174.24
Tweed Offshore,2487,1761228000,2025-10-24 00:00:00,-28.21275,153.68016,1.95,3.27,7.41,5.89,22.95,161.04,0.61,174.15
Tweed Offshore,2487,1761229800,2025-10-24 00:30:00,-28.21273,153.68011,1.85,3.33,7.14,5.91,22.95,168.42,0.59,171.52
Tweed Offshore,2487,1761231600,2025-10-24 01:00:00,-28.21275,153.68011,1.94,3.1,6.9,6.02,22.99,170.27,0.62,168.62
Tweed Offshore,2487,1761233400,2025-10-24 01:30:00,-28.21273,153.68007,1.88,3.43,7.41,6.16,22.99,165.08,0.6,170.99
Tweed Offshore,2487,1761235200,2025-10-24 02:00:00,-28.21273,153.68005,1.82,3.27,7.41,6.21,23.04,171.5,0.62,171.25
Tweed Offshore,2487,1761237000,2025-10-24 02:30:00,-28.21273,153.68007,1.73,3.66,7.41,6.12,23.08,165.43,0.63,168.88
Tweed Offshore,2487,1761238800,2025-10-24 03:00:00,-28.21275,153.68005,1.79,3.18,7.41,6.2,23.08,158.4,0.62,166.51
Tweed Offshore,2487,1761240600,2025-10-24 03:30:00,-28.21276,153.68009,1.68,2.93,7.14,6.22,23.04,154.27,0.63,163.52
Tweed Offshore,2487,1761242400,2025-10-24 04:00:00,-28.21275,153.68009,1.61,2.83,10.0,6.13,22.99,78.75,0.63,164.75
Tweed Offshore,2487,1761244200,2025-10-24 04:30:00,-28.21273,153.68009,1.65,2.72,7.14,6.07,22.99,152.95,0.64,158.24
Tweed Offshore,2487,1761246000,2025-10-24 05:00:00,-28.21273,153.68009,1.68,2.6,6.9,6.06,23.04,151.1,0.66,159.12
Tweed Offshore,2487,1761247800,2025-10-24 05:30:00,-28.21273,153.68009,1.68,2.51,10.0,6.33,23.04,87.46,0.64,152.88
Tweed Offshore,2487,1761249600,2025-10-24 06:00:00,-28.21273,153.68009,1.55,2.51,7.41,6.16,23.04,159.72,0.59,154.64
Tweed Offshore,2487,1761251400,2025-10-24 06:30:00,-28.21272,153.68009,1.67,2.83,7.14,6.51,23.04,168.42,0.64,154.73
Tweed Offshore,2487,1761253200,2025-10-24 07:00:00,-28.21273,153.68009,1.55,2.32,6.9,6.29,23.08,158.31,0.62,161.23
Tweed Offshore,2487,1761255000,2025-10-24 07:30:00,-28.21273,153.68009,1.65,2.84,13.33,6.63,23.08,152.6,0.61,158.95
Tweed Offshore,2487,1761256800,2025-10-24 08:00:00,-28.21273,153.68007,1.68,2.58,6.67,6.56,23.13,161.83,0.64,167.47
Tweed Offshore,2487,1761258600,2025-10-24 08:30:00,-28.21275,153.68005,1.66,2.56,10.0,6.63,23.17,104.25,0.66,168.26
Tweed Offshore,2487,1761260400,2025-10-24 09:00:00,-28.21275,153.68007,1.58,2.36,13.33,6.74,23.22,162.36,0.66,169.05
Tweed Offshore,2487,1761262200,2025-10-24 09:30:00,-28.21275,153.68009,1.51,2.11,10.0,6.77,23.31,111.19,0.64,170.29
Tweed Offshore,2487,1761264000,2025-10-24 10:00:00,-28.21275,153.68009,1.71,2.86,8.7,6.98,23.4,155.67,0.66,166.59
Tweed Offshore,2487,1761265800,2025-10-24 10:30:00,-28.21276,153.68016,1.83,2.83,8.7,7.17,23.54,158.4,0.67,161.93
Tweed Offshore,2487,1761267600,2025-10-24 11:00:00,-28.21273,153.68026,1.83,3.02,9.09,6.97,23.63,148.82,0.64,154.2
Tweed Offshore,2487,1761269400,2025-10-24 11:30:00,-28.21273,153.68029,1.72,2.62,8.7,7.03,23.63,153.65,0.67,155.34
Tweed Offshore,2487,1761271200,2025-10-24 12:00:00,-28.21273,153.68024,1.66,2.42,8.7,6.77,23.67,153.48,0.62,158.77
Tweed Offshore,2487,1761273000,2025-10-24 12:30:00,-28.21273,153.68022,1.59,2.75,8.33,6.64,23.67,159.46,0.61,157.27
Tweed Offshore,2487,1761274800,2025-10-24 13:00:00,-28.21273,153.68016,1.94,2.92,8.7,7.0,23.72,159.28,0.62,158.86
Tweed Offshore,2487,1761276600,2025-10-24 13:30:00,-28.21275,153.68016,1.69,2.92,11.11,6.69,23.72,139.32,0.61,156.66
Tweed Offshore,2487,1761278400,2025-10-24 14:00:00,-28.21275,153.68016,1.7,3.41,10.53,6.51,23.67,144.69,0.62,154.11
Tweed Offshore,2487,1761280200,2025-10-24 14:30:00,-28.21273,153.6802,1.79,3.28,10.0,6.6,23.72,145.04,0.6,152.0
Tweed Offshore,2487,1761282000,2025-10-24 15:00:00,-28.21272,153.68016,1.64,2.93,10.0,6.33,23.63,145.3,0.6,151.38
Tweed Offshore,2487,1761283800,2025-10-24 15:30:00,-28.21272,153.68009,1.69,2.6,10.0,6.39,23.58,150.14,0.58,151.3
Tweed Offshore,2487,1761285600,2025-10-24 16:00:00,-28.2127,153.68011,1.67,2.96,10.53,6.25,23.49,147.15,0.55,147.52
Tweed Offshore,2487,1761287400,2025-10-24 16:30:00,-28.21272,153.68005,1.53,2.41,9.52,5.99,23.49,151.54,0.53,147.25
Tweed Offshore,2487,1761289200,2025-10-24 17:00:00,-28.2127,153.68001,1.54,2.26,9.52,5.88,23.44,127.28,0.52,146.29
Tweed Offshore,2487,1761291000,2025-10-24 17:30:00,-28.2127,153.67996,1.5,2.42,9.52,6.02,23.4,139.15,0.49,147.16
Tweed Offshore,2487,1761292800,2025-10-24 18:00:00,-28.21269,153.67992,1.59,2.59,10.0,6.16,23.35,130.8,0.49,143.65
Tweed Offshore,2487,1761294600,2025-10-24 18:30:00,-28.2127,153.67988,1.47,2.5,9.52,5.88,23.31,127.19,0.49,147.87
Tweed Offshore,2487,1761296400,2025-10-24 19:00:00,-28.21269,153.67988,1.44,2.27,9.52,5.69,23.31,141.35,0.49,148.22
Tweed Offshore,2487,1761298200,2025-10-24 19:30:00,-28.2127,153.67988,1.35,2.59,9.52,5.37,23.26,128.51,0.47,146.11
Tweed Offshore,2487,1761300000,2025-10-24 20:00:00,-28.2127,153.6799,1.45,2.77,9.52,5.76,23.26,138.18,0.44,157.71
Tweed Offshore,2487,1761301800,2025-10-24 20:30:00,-28.2127,153.68001,1.47,2.48,9.52,5.51,23.22,154.09,0.47,155.25
Tweed Offshore,2487,1761303600,2025-10-24 21:00:00,-28.21267,153.68003,1.33,2.43,9.52,5.44,23.22,138.53,0.48,163.16
Tweed Offshore,2487,1761305400,2025-10-24 21:30:00,-28.21265,153.68003,1.47,2.2,12.5,5.71,23.17,148.47,0.45,163.69
Tweed Offshore,2487,1761307200,2025-10-24 22:00:00,-28.21269,153.68001,1.56,2.65,10.0,6.07,23.17,142.4,0.45,162.55
Tweed Offshore,2487,1761309000,2025-10-24 22:30:00,-28.2127,153.67994,1.36,2.49,10.0,6.0,23.17,156.29,0.41,169.85
Tweed Offshore,2487,1761310800,2025-10-24 23:00:00,-28.2127,153.68001,1.49,2.58,12.5,6.49,23.22,158.49,0.47,165.45
Tweed Offshore,2487,1761312600,2025-10-24 23:30:00,-28.2127,153.68005,1.36,2.73,12.5,6.62,23.17,158.84,0.52,175.74
Tweed Offshore,2487,1761314400,2025-10-25 00:00:00,-28.21273,153.68001,1.42,2.5,12.5,6.58,23.4,156.91,0.6,173.45
Tweed Offshore,2487,1761316200,2025-10-25 00:30:00,-28.21273,153.67994,1.29,2.29,12.5,6.02,23.4,151.1,0.59,172.57
Tweed Offshore,2487,1761318000,2025-10-25 01:00:00,-28.21273,153.6799,1.46,2.91,11.76,6.2,23.4,164.99,0.57,173.45
Tweed Offshore,2487,1761319800,2025-10-25 01:30:00,-28.21272,153.6799,1.42,2.2,10.0,5.51,23.4,157.35,0.55,173.27
Tweed Offshore,2487,1761321600,2025-10-25 02:00:00,-28.21272,153.67994,1.43,2.37,9.52,5.46,23.35,140.47,0.45,171.69
Tweed Offshore,2487,1761323400,2025-10-25 02:30:00,-28.2127,153.6799,1.58,2.95,11.11,5.34,23.26,159.63,0.37,176.53
Tweed Offshore,2487,1761325200,2025-10-25 03:00:00,-28.2127,153.67994,1.56,2.56,12.5,5.18,23.26,154.09,0.38,172.4
Tweed Offshore,2487,1761327000,2025-10-25 03:30:00,-28.2127,153.6799,1.68,2.6,11.76,5.38,23.22,158.4,0.34,168.18
Tweed Offshore,2487,1761328800,2025-10-25 04:00:00,-28.2127,153.6799,1.68,2.75,11.76,5.1,23.22,164.47,0.34,171.08
Tweed Offshore,2487,1761330600,2025-10-25 04:30:00,-28.21269,153.67988,1.61,2.88,8.7,5.16,23.22,134.49,0.35,169.05
Tweed Offshore,2487,1761332400,2025-10-25 05:00:00,-28.2127,153.67981,1.62,2.65,11.76,5.18,23.13,157.96,0.34,173.98
Tweed Offshore,2487,1761334200,2025-10-25 05:30:00,-28.2127,153.67988,1.51,2.39,9.09,5.13,23.17,137.04,0.36,176.35
Tweed Offshore,2487,1761336000,2025-10-25 06:00:00,-28.21269,153.6799,1.65,2.82,11.76,5.53,23.17,164.47,0.48,186.11
Tweed Offshore,2487,1761337800,2025-10-25 06:30:00,-28.2127,153.6799,1.55,2.52,11.11,5.36,23.13,168.77,0.44,180.66
Tweed Offshore,2487,1761339600,2025-10-25 07:00:00,-28.21273,153.67988,1.57,2.63,9.52,5.38,23.35,142.4,0.5,183.91
Tweed Offshore,2487,1761341400,2025-10-25 07:30:00,-28.21275,153.6799,1.6,2.74,11.76,5.5,23.44,161.48,0.53,180.48
Tweed Offshore,2487,1761343200,2025-10-25 08:00:00,-28.21275,153.67992,1.51,2.65,11.11,5.46,23.49,162.88,0.59,181.27
Tweed Offshore,2487,1761345000,2025-10-25 08:30:00,-28.21275,153.67986,1.62,2.37,11.11,5.56,23.44,159.02,0.59,168.0
Tweed Offshore,2487,1761346800,2025-10-25 09:00:00,-28.21275,153.67983,1.47,2.24,11.76,5.46,23.4,162.27,0.59,170.11
Tweed Offshore,2487,1761348600,2025-10-25 09:30:00,-28.21275,153.67986,1.39,2.31,12.5,5.33,23.35,148.38,0.56,171.6
Tweed Offshore,2487,1761350400,2025-10-25 10:00:00,-28.21276,153.67981,1.52,2.7,11.76,5.53,23.22,160.42,0.57,170.73
Tweed Offshore,2487,1761352200,2025-10-25 10:30:00,-28.21275,153.67983,1.39,2.01,11.76,5.23,23.31,155.24,0.53,164.84
Tweed Offshore,2487,1761354000,2025-10-25 11:00:00,-28.21275,153.67983,1.35,2.46,11.11,5.23,23.31,166.31,0.54,168.97
Tweed Offshore,2487,1761355800,2025-10-25 11:30:00,-28.21275,153.67981,1.43,2.56,8.7,5.4,23.26,114.0,0.52,167.56
Tweed Offshore,2487,1761357600,2025-10-25 12:00:00,-28.21275,153.67981,1.4,2.25,11.76,5.24,23.35,171.41,0.49,169.49
Tweed Offshore,2487,1761359400,2025-10-25 12:30:00,-28.21275,153.67983,1.42,2.24,11.76,5.17,23.35,162.8,0.52,165.71
Tweed Offshore,2487,1761361200,2025-10-25 13:00:00,-28.21275,153.67988,1.36,2.11,11.76,5.02,23.26,164.82,0.53,165.27
Tweed Offshore,2487,1761363000,2025-10-25 13:30:00,-28.21275,153.67986,1.33,2.08,11.11,4.95,23.26,172.55,0.48,169.67
Tweed Offshore,2487,1761364800,2025-10-25 14:00:00,-28.21275,153.67988,1.45,2.47,11.11,5.09,23.31,169.39,0.51,170.99
Tweed Offshore,2487,1761366600,2025-10-25 14:30:00,-28.21273,153.67994,1.28,2.13,11.76,4.84,23.31,172.03,0.5,172.66
Tweed Offshore,2487,1761368400,2025-10-25 15:00:00,-28.21273,153.67994,1.31,2.13,9.09,4.82,23.31,144.07,0.51,174.51
Tweed Offshore,2487,1761370200,2025-10-25 15:30:00,-28.21272,153.67996,1.36,2.32,11.76,5.01,23.31,158.49,0.54,180.04
Tweed Offshore,2487,1761372000,2025-10-25 16:00:00,-28.21272,153.67996,1.41,2.46,10.53,5.13,23.31,169.21,0.52,182.51
Tweed Offshore,2487,1761373800,2025-10-25 16:30:00,-28.21272,153.67992,1.48,2.57,11.11,5.31,23.31,161.92,0.55,182.95
Tweed Offshore,2487,1761375600,2025-10-25 17:00:00,-28.21272,153.6799,1.47,2.85,11.11,5.29,23.31,158.75,0.63,184.18
Tweed Offshore,2487,1761377400,2025-10-25 17:30:00,-28.21273,153.67988,1.44,2.12,8.7,5.3,23.4,138.88,0.73,182.07
Tweed Offshore,2487,1761379200,2025-10-25 18:00:00,-28.21275,153.67996,1.4,2.45,9.52,5.21,23.4,142.31,0.72,174.33
Tweed Offshore,2487,1761381000,2025-10-25 18:30:00,-28.21276,153.67988,1.47,2.56,10.0,5.38,23.44,147.32,0.72,175.65
Tweed Offshore,2487,1761382800,2025-10-25 19:00:00,-28.21276,153.67992,1.42,2.04,10.0,5.21,23.4,147.59,0.74,173.1
Tweed Offshore,2487,1761384600,2025-10-25 19:30:00,-28.21275,153.6799,1.48,2.5,11.11,5.52,23.35,157.43,0.71,173.27
Tweed Offshore,2487,1761386400,2025-10-25 20:00:00,-28.21276,153.6799,1.39,2.29,10.53,5.38,23.31,152.25,0.7,172.92
Tweed Offshore,2487,1761388200,2025-10-25 20:30:00,-28.21279,153.67988,1.43,2.17,10.0,5.32,23.31,147.41,0.69,176.35
Tweed Offshore,2487,1761390000,2025-10-25 21:00:00,-28.21276,153.6799,1.45,2.74,10.53,5.39,23.26,162.09,0.73,172.57
Tweed Offshore,2487,1761391800,2025-10-25 21:30:00,-28.21276,153.67986,1.46,2.29,10.53,5.35,23.26,159.37,0.79,172.92
Tweed Offshore,2487,1761393600,2025-10-25 22:00:00,-28.21276,153.67994,1.49,2.92,10.0,5.46,23.26,142.93,0.75,168.88
Tweed Offshore,2487,1761395400,2025-10-25 22:30:00,-28.21279,153.67999,1.54,2.68,10.0,5.56,23.22,153.48,0.79,165.36
Tweed Offshore,2487,1761397200,2025-10-25 23:00:00,-28.21276,153.68001,1.36,2.36,9.52,5.08,23.17,139.5,0.77,161.32
Tweed Offshore,2487,1761399000,2025-10-25 23:30:00,-28.21276,153.68005,1.44,2.43,10.0,5.24,23.13,153.39,0.71,162.9
Tweed Offshore,2487,1761400800,2025-10-26 00:00:00,-28.21276,153.68007,1.41,2.44,10.0,5.01,23.13,144.33,0.7,161.67
Tweed Offshore,2487,1761402600,2025-10-26 00:30:00,-28.21275,153.68011,1.37,2.25,10.0,5.07,23.13,147.5,0.72,160.79
Tweed Offshore,2487,1761404400,2025-10-26 01:00:00,-28.21275,153.68014,1.36,2.36,9.09,5.03,23.13,134.49,0.7,158.51
Tweed Offshore,2487,1761406200,2025-10-26 01:30:00,-28.21275,153.68014,1.33,2.26,9.52,5.08,23.13,138.97,0.69,157.1
Tweed Offshore,2487,1761408000,2025-10-26 02:00:00,-28.21273,153.68009,1.29,1.96,10.0,5.38,23.13,145.48,0.71,155.6
Tweed Offshore,2487,1761409800,2025-10-26 02:30:00,-28.21275,153.68003,1.35,2.22,10.0,5.49,23.13,158.22,0.65,153.32
Tweed Offshore,2487,1761411600,2025-10-26 03:00:00,-28.21273,153.67999,1.29,2.03,9.52,5.6,23.13,156.11,0.67,150.95
Tweed Offshore,2487,1761413400,2025-10-26 03:30:00,-28.21275,153.67999,1.34,2.02,10.0,5.53,23.17,155.67,0.65,151.56
Tweed Offshore,2487,1761415200,2025-10-26 04:00:00,-28.21273,153.67994,1.32,2.42,10.53,5.62,23.17,159.19,0.63,151.03
Tweed Offshore,2487,1761417000,2025-10-26 04:30:00,-28.21273,153.67994,1.28,2.0,10.0,5.85,23.22,153.56,0.58,149.8
Tweed Offshore,2487,1761418800,2025-10-26 05:00:00,-28.21273,153.67996,1.32,2.0,9.09,5.98,23.22,153.04,0.6,147.6
Tweed Offshore,2487,1761420600,2025-10-26 05:30:00,-28.21273,153.6799,1.28,1.99,10.53,6.12,23.26,150.93,0.59,150.07
Tweed Offshore,2487,1761422400,2025-10-26 06:00:00,-28.21272,153.67979,1.41,1.96,10.0,6.18,23.26,153.56,0.58,150.68
Tweed Offshore,2487,1761424200,2025-10-26 06:30:00,-28.21273,153.67981,1.3,2.41,9.09,5.72,23.26,150.05,0.56,154.73
Tweed Offshore,2487,1761426000,2025-10-26 07:00:00,-28.21275,153.67986,1.37,2.07,9.52,5.62,23.31,157.7,0.56,151.65
Tweed Offshore,2487,1761427800,2025-10-26 07:30:00,-28.21273,153.67983,1.3,2.28,9.09,5.34,23.31,149.7,0.56,156.13
Tweed Offshore,2487,1761429600,2025-10-26 08:00:00,-28.21276,153.67983,1.23,2.1,10.53,4.98,23.31,150.49,0.56,158.95
Tweed Offshore,2487,1761431400,2025-10-26 08:30:00,-28.21275,153.67983,1.23,1.93,10.53,4.97,23.4,152.33,0.57,164.57
Tweed Offshore,2487,1761433200,2025-10-26 09:00:00,-28.21275,153.67986,1.25,2.24,9.52,4.79,23.44,153.39,0.55,163.52
Tweed Offshore,2487,1761435000,2025-10-26 09:30:00,-28.21275,153.67988,1.19,1.89,9.52,4.44,23.44,151.63,0.58,167.47
Tweed Offshore,2487,1761436800,2025-10-26 10:00:00,-28.21275,153.67992,1.08,1.83,9.52,4.15,23.49,154.88,0.61,163.78
Tweed Offshore,2487,1761438600,2025-10-26 10:30:00,-28.21275,153.67994,1.12,1.96,9.09,4.02,23.54,142.4,0.66,163.69
Tweed Offshore,2487,1761440400,2025-10-26 11:00:00,-28.21276,153.68003,1.08,1.91,8.7,3.76,23.58,129.39,0.63,160.26
Tweed Offshore,2487,1761442200,2025-10-26 11:30:00,-28.21275,153.68005,1.12,1.76,10.0,3.93,23.58,148.29,0.62,158.95
Tweed Offshore,2487,1761444000,2025-10-26 12:00:00,-28.21276,153.68005,1.05,1.95,9.52,3.85,23.58,145.3,0.59,158.07
Tweed Offshore,2487,1761445800,2025-10-26 12:30:00,-28.21275,153.68003,1.1,1.88,9.09,3.74,23.54,139.76,0.67,154.46
Tweed Offshore,2487,1761447600,2025-10-26 13:00:00,-28.21276,153.68005,1.14,1.72,9.52,3.55,23.54,141.7,0.62,151.03
Tweed Offshore,2487,1761449400,2025-10-26 13:30:00,-28.21275,153.68011,1.16,1.79,9.52,3.48,23.54,135.28,0.64,153.23
Tweed Offshore,2487,1761451200,2025-10-26 14:00:00,-28.21275,153.68001,1.14,1.81,9.52,3.55,23.54,131.24,0.58,166.77
Tweed Offshore,2487,1761453000,2025-10-26 14:30:00,-28.21275,153.68001,1.3,2.0,8.7,3.66,23.54,133.35,0.57,166.42
Tweed Offshore,2487,1761454800,2025-10-26 15:00:00,-28.21273,153.68005,1.29,2.15,4.17,3.59,23.58,18.09,0.61,163.08
Tweed Offshore,2487,1761456600,2025-10-26 15:30:00,-28.21275,153.68007,1.24,2.19,4.08,3.65,23.58,20.03,0.62,164.84
Tweed Offshore,2487,1761458400,2025-10-26 16:00:00,-28.21273,153.68001,1.23,2.49,4.44,3.64,23.58,19.94,0.56,168.62
Tweed Offshore,2487,1761460200,2025-10-26 16:30:00,-28.21273,153.68005,1.19,2.14,4.08,3.58,23.58,13.43,0.57,164.22
Tweed Offshore,2487,1761462000,2025-10-26 17:00:00,-28.21273,153.68007,1.1,1.83,4.26,3.45,23.58,14.31,0.54,164.4
Tweed Offshore,2487,1761463800,2025-10-26 17:30:00,-28.21273,153.68009,1.07,1.69,9.09,3.48,23.58,138.0,0.6,159.91
Tweed Offshore,2487,1761465600,2025-10-26 18:00:00,-28.21275,153.68014,1.12,1.98,4.44,3.44,23.58,28.2,0.6,160.62
Tweed Offshore,2487,1761467400,2025-10-26 18:30:00,-28.2127,153.68016,1.18,2.13,4.55,3.58,23.58,31.37,0.59,156.22
Tweed Offshore,2487,1761469200,2025-10-26 19:00:00,-28.21272,153.68014,1.25,2.07,4.88,3.63,23.58,30.22,0.58,158.07
Tweed Offshore,2487,1761471000,2025-10-26 19:30:00,-28.21272,153.68009,1.25,2.5,5.13,3.69,23.54,26.44,0.59,149.8
Tweed Offshore,2487,1761472800,2025-10-26 20:00:00,-28.21272,153.68009,1.57,2.92,5.41,3.96,23.49,22.75,0.58,145.41
Tweed Offshore,2487,1761474600,2025-10-26 20:30:00,-28.21273,153.68005,1.62,2.82,5.56,4.02,23.49,20.38,0.61,146.73
Tweed Offshore,2487,1761476400,2025-10-26 21:00:00,-28.21273,153.68005,1.87,3.2,6.06,4.2,23.49,22.93,0.59,151.3
Tweed Offshore,2487,1761478200,2025-10-26 21:30:00,-28.21275,153.68005,1.86,2.99,6.25,4.3,23.49,18.97,0.63,146.37
Tweed Offshore,2487,1761480000,2025-10-26 22:00:00,-28.21273,153.68001,1.87,3.46,6.45,4.39,23.49,12.29,0.62,153.67
Tweed Offshore,2487,1761481800,2025-10-26 22:30:00,-28.21276,153.67999,2.22,4.56,6.25,4.73,23.49,13.96,0.58,155.43
Tweed Offshore,2487,1761483600,2025-10-26 23:00:00,-28.21275,153.67994,1.78,3.43,6.67,4.52,23.49,16.25,0.53,150.95
Tweed Offshore,2487,1761485400,2025-10-26 23:30:00,-28.21273,153.67996,1.72,2.96,6.45,4.55,23.49,16.51,0.56,135.21
Tweed Offshore,2487,1761487200,2025-10-27 00:00:00,-28.21273,153.67983,1.88,2.89,6.67,4.8,23.44,20.64,0.54,136.62
Tweed Offshore,2487,1761487200,2025-10-27 00:00:00,-28.21273,153.67986,1.88,2.89,6.67,4.8,23.44,20.64,0.54,136.62
Tweed Offshore,2487,1761489000,2025-10-27 00:30:00,-28.21272,153.67981,1.67,2.39,6.45,4.66,23.44,23.89,0.52,138.2
Tweed Offshore,2487,1761490800,2025-10-27 01:00:00,-28.21273,153.67986,1.56,2.85,6.45,4.51,23.44,22.75,0.52,137.05
Tweed Offshore,2487,1761492600,2025-10-27 01:30:00,-28.21272,153.67986,1.5,2.62,6.45,4.52,23.44,21.52,0.49,138.73
Tweed Offshore,2487,1761494400,2025-10-27 02:00:00,-28.2127,153.6799,1.35,2.35,6.06,4.11,23.44,24.25,0.44,138.64
Tweed Offshore,2487,1761496200,2025-10-27 02:30:00,-28.2127,153.67986,1.27,2.13,5.88,4.0,23.4,23.81,0.45,131.78
Tweed Offshore,2487,1761498000,2025-10-27 03:00:00,-28.2127,153.67971,1.26,1.85,6.45,4.12,23.4,23.98,0.42,139.52
Tweed Offshore,2487,1761499800,2025-10-27 03:30:00,-28.2127,153.67971,1.28,2.32,5.56,4.21,23.4,27.85,0.39,142.95
Tweed Offshore,2487,1761501600,2025-10-27 04:00:00,-28.21267,153.67966,1.18,2.15,6.25,4.05,23.35,23.02,0.38,142.24
Tweed Offshore,2487,1761503400,2025-10-27 04:30:00,-28.2127,153.67964,1.16,2.05,6.25,4.13,23.35,20.11,0.37,151.65
Tweed Offshore,2487,1761505200,2025-10-27 05:00:00,-28.21269,153.67966,1.2,2.15,6.25,4.15,23.35,24.86,0.35,155.52
Tweed Offshore,2487,1761507000,2025-10-27 05:30:00,-28.2127,153.67969,1.21,2.08,6.25,4.27,23.35,17.83,0.35,165.1
Tweed Offshore,2487,1761508800,2025-10-27 06:00:00,-28.2127,153.67973,1.25,2.15,13.33,4.4,23.31,145.56,0.35,153.76
Tweed Offshore,2487,1761510600,2025-10-27 06:30:00,-28.2127,153.67979,1.22,2.31,6.45,4.4,23.31,23.1,0.36,155.78
Tweed Offshore,2487,1761512400,2025-10-27 07:00:00,-28.2127,153.67966,1.23,2.38,12.5,4.5,23.31,144.6,0.4,153.23
Tweed Offshore,2487,1761514200,2025-10-27 07:30:00,-28.21273,153.67977,1.27,2.23,14.29,4.43,23.31,138.09,0.42,151.47
Tweed Offshore,2487,1761516000,2025-10-27 08:00:00,-28.21272,153.67981,1.23,2.28,6.06,4.41,23.31,20.29,0.41,155.25
Tweed Offshore,2487,1761517800,2025-10-27 08:30:00,-28.21275,153.67983,1.18,2.17,14.29,4.34,23.35,145.21,0.47,162.46
Tweed Offshore,2487,1761519600,2025-10-27 09:00:00,-28.21272,153.67988,1.22,1.98,14.29,4.39,23.4,147.85,0.5,162.37
Tweed Offshore,2487,1761521400,2025-10-27 09:30:00,-28.21273,153.67994,1.21,2.19,14.29,4.36,23.4,148.29,0.51,160.7
Tweed Offshore,2487,1761523200,2025-10-27 10:00:00,-28.21272,153.67994,1.37,2.59,14.29,4.95,23.44,147.32,0.53,163.16
Tweed Offshore,2487,1761525000,2025-10-27 10:30:00,-28.21272,153.68001,1.38,2.23,14.29,4.84,23.44,143.54,0.51,166.24
Tweed Offshore,2487,1761526800,2025-10-27 11:00:00,-28.21272,153.68001,1.31,2.26,14.29,4.99,23.58,148.11,0.53,168.7
Tweed Offshore,2487,1761528600,2025-10-27 11:30:00,-28.21273,153.67999,1.29,2.22,14.29,4.81,23.58,148.29,0.52,171.96
Tweed Offshore,2487,1761530400,2025-10-27 12:00:00,-28.21273,153.68003,1.28,2.46,12.5,4.83,23.67,151.89,0.56,167.38
Tweed Offshore,2487,1761532200,2025-10-27 12:30:00,-28.21273,153.68005,1.28,2.47,14.29,4.66,23.72,149.17,0.58,168.62
Tweed Offshore,2487,1761534000,2025-10-27 13:00:00,-28.21273,153.68007,1.28,2.35,13.33,4.72,23.81,149.7,0.63,165.8
Tweed Offshore,2487,1761535800,2025-10-27 13:30:00,-28.21273,153.68009,1.35,2.4,14.29,4.72,23.81,147.41,0.64,168.97
Tweed Offshore,2487,1761537600,2025-10-27 14:00:00,-28.21273,153.68009,1.3,2.36,14.29,4.54,23.85,151.1,0.68,169.14
Tweed Offshore,2487,1761539400,2025-10-27 14:30:00,-28.21275,153.68009,1.26,2.37,13.33,4.16,23.9,155.06,0.71,170.9
Tweed Offshore,2487,1761541200,2025-10-27 15:00:00,-28.21276,153.68007,1.33,2.28,13.33,3.94,23.9,146.18,0.71,170.99
Tweed Offshore,2487,1761543000,2025-10-27 15:30:00,-28.21275,153.68007,1.34,2.46,13.33,3.97,23.85,145.92,0.77,170.46
Tweed Offshore,2487,1761544800,2025-10-27 16:00:00,-28.21275,153.68009,1.31,2.26,13.33,3.94,23.85,150.22,0.74,169.58
Tweed Offshore,2487,1761546600,2025-10-27 16:30:00,-28.21273,153.68009,1.32,2.11,13.33,4.15,23.81,151.81,0.72,170.55
Tweed Offshore,2487,1761548400,2025-10-27 17:00:00,-28.21273,153.68009,1.2,2.15,12.5,4.18,23.76,143.89,0.7,168.0
Tweed Offshore,2487,1761550200,2025-10-27 17:30:00,-28.21273,153.68016,1.23,2.35,13.33,4.28,23.76,149.17,0.62,158.07
Tweed Offshore,2487,1761552000,2025-10-27 18:00:00,-28.2127,153.68016,1.27,2.17,13.33,4.38,23.76,148.82,0.49,164.4
Tweed Offshore,2487,1761553800,2025-10-27 18:30:00,-28.21269,153.6802,1.25,2.19,13.33,4.46,23.72,143.46,0.46,151.38
Tweed Offshore,2487,1761555600,2025-10-27 19:00:00,-28.21269,153.68009,1.34,2.29,4.26,4.38,23.67,183.72,0.34,155.69
Tweed Offshore,2487,1761557400,2025-10-27 19:30:00,-28.21265,153.68005,1.59,2.87,13.33,4.75,23.63,147.24,0.34,157.19
Tweed Offshore,2487,1761559200,2025-10-27 20:00:00,-28.21265,153.68003,1.66,3.14,5.56,4.72,23.58,176.86,0.27,161.67
Tweed Offshore,2487,1761561000,2025-10-27 20:30:00,-28.21263,153.67999,1.53,2.28,5.41,4.64,23.58,187.15,0.19,159.3
Tweed Offshore,2487,1761562800,2025-10-27 21:00:00,-28.21261,153.67988,1.65,3.22,5.56,4.72,23.54,176.69,0.23,173.36
Tweed Offshore,2487,1761564600,2025-10-27 21:30:00,-28.21261,153.67975,1.6,2.97,5.41,4.65,23.49,174.05,0.17,192.44
Tweed Offshore,2487,1761566400,2025-10-27 22:00:00,-28.2126,153.67969,1.64,2.81,5.88,4.65,23.49,160.42,0.17,201.93
Tweed Offshore,2487,1761568200,2025-10-27 22:30:00,-28.2126,153.67956,1.8,3.09,5.88,4.79,23.49,164.82,0.17,200.62
Tweed Offshore,2487,1761570000,2025-10-27 23:00:00,-28.21258,153.67956,2.06,3.41,6.25,5.04,23.44,161.48,0.19,220.22
Tweed Offshore,2487,1761571800,2025-10-27 23:30:00,-28.21258,153.67956,2.18,3.28,6.9,5.16,23.44,162.44,0.17,211.87
Tweed Offshore,2487,1761573600,2025-10-28 00:00:00,-28.21255,153.67938,2.31,3.45,7.41,5.28,23.44,167.72,0.15,223.91
Tweed Offshore,2487,1761575400,2025-10-28 00:30:00,-28.2125,153.67926,2.28,3.95,7.69,5.29,23.4,161.83,0.22,222.86
Tweed Offshore,2487,1761577200,2025-10-28 01:00:00,-28.2125,153.67932,2.31,3.31,7.14,5.41,23.4,159.19,0.22,235.43
Tweed Offshore,2487,1761579000,2025-10-28 01:30:00,-28.21254,153.67928,2.13,3.6,7.69,5.39,23.4,160.86,0.23,230.33
Tweed Offshore,2487,1761580800,2025-10-28 02:00:00,-28.2125,153.67924,2.16,3.4,7.69,5.24,23.35,165.96,0.25,229.36
Tweed Offshore,2487,1761582600,2025-10-28 02:30:00,-28.21254,153.67908,2.11,3.08,8.0,5.28,23.35,167.89,0.28,222.68
Tweed Offshore,2487,1761584400,2025-10-28 03:00:00,-28.2125,153.67902,2.19,4.52,8.33,5.45,23.31,164.03,0.26,221.54
Tweed Offshore,2487,1761586200,2025-10-28 03:30:00,-28.21252,153.67904,2.22,3.57,8.0,5.63,23.31,158.22,0.3,225.41
Tweed Offshore,2487,1761588000,2025-10-28 04:00:00,-28.21249,153.67898,2.22,3.66,7.69,5.48,23.31,146.71,0.31,219.08
Tweed Offshore,2487,1761589800,2025-10-28 04:30:00,-28.21255,153.67919,2.08,3.93,7.69,5.51,23.31,151.45,0.31,218.99
Tweed Offshore,2487,1761591600,2025-10-28 05:00:00,-28.21255,153.67913,2.26,3.65,8.33,5.6,23.31,162.8,0.26,218.64
Tweed Offshore,2487,1761593400,2025-10-28 05:30:00,-28.21255,153.67908,2.07,3.07,8.33,5.35,23.31,159.98,0.32,217.93
Tweed Offshore,2487,1761595200,2025-10-28 06:00:00,-28.21255,153.67924,2.31,3.63,8.33,5.51,23.31,166.31,0.3,227.25
Tweed Offshore,2487,1761597000,2025-10-28 06:30:00,-28.21255,153.67932,2.33,3.63,8.7,5.53,23.35,174.75,0.4,223.38
Tweed Offshore,2487,1761598800,2025-10-28 07:00:00,-28.21258,153.67938,2.21,3.76,8.7,5.64,23.35,169.3,0.37,220.48
Tweed Offshore,2487,1761600600,2025-10-28 07:30:00,-28.2126,153.67941,2.27,3.63,8.7,5.46,23.35,177.13,0.44,216.18
Tweed Offshore,2487,1761602400,2025-10-28 08:00:00,-28.21263,153.67934,2.45,3.71,9.52,5.53,23.44,181.17,0.45,216.35
Tweed Offshore,2487,1761604200,2025-10-28 08:30:00,-28.21263,153.67934,2.41,4.02,7.69,5.5,23.49,155.24,0.4,218.9
Tweed Offshore,2487,1761606000,2025-10-28 09:00:00,-28.21265,153.67934,2.56,4.23,8.7,5.75,23.49,174.58,0.49,204.75
Tweed Offshore,2487,1761607800,2025-10-28 09:30:00,-28.21265,153.67941,2.57,5.03,8.7,5.77,23.58,174.84,0.49,210.73
Tweed Offshore,2487,1761609600,2025-10-28 10:00:00,-28.21263,153.67936,2.56,4.25,9.52,5.87,23.58,169.04,0.48,200.18
Tweed Offshore,2487,1761611400,2025-10-28 10:30:00,-28.2127,153.67949,2.66,4.36,10.0,6.01,23.63,173.78,0.51,197.1
Tweed Offshore,2487,1761613200,2025-10-28 11:00:00,-28.21272,153.67966,2.84,5.5,10.0,6.05,23.67,171.32,0.39,200.97
Tweed Offshore,2487,1761615000,2025-10-28 11:30:00,-28.2127,153.67964,2.77,4.81,9.52,5.8,23.67,172.2,0.46,199.21
Tweed Offshore,2487,1761616800,2025-10-28 12:00:00,-28.2127,153.67979,2.76,4.43,10.0,6.02,23.67,169.65,0.4,196.66
Tweed Offshore,2487,1761618600,2025-10-28 12:30:00,-28.21269,153.6799,2.86,4.7,10.0,5.97,23.63,168.95,0.35,198.15
Tweed Offshore,2487,1761620400,2025-10-28 13:00:00,-28.2127,153.67979,2.64,3.74,7.69,5.73,23.63,152.69,0.37,194.46
Tweed Offshore,2487,1761622200,2025-10-28 13:30:00,-28.21272,153.67981,2.73,4.02,10.0,5.88,23.63,169.65,0.3,191.12
Tweed Offshore,2487,1761624000,2025-10-28 14:00:00,-28.21269,153.67979,2.57,4.13,10.0,5.87,23.58,168.33,0.36,195.78
Tweed Offshore,2487,1761625800,2025-10-28 14:30:00,-28.21269,153.67986,2.62,4.46,10.53,5.78,23.58,167.54,0.34,196.84
Tweed Offshore,2487,1761627600,2025-10-28 15:00:00,-28.21267,153.67986,2.42,3.86,10.0,5.64,23.58,172.03,0.33,201.23
Tweed Offshore,2487,1761629400,2025-10-28 15:30:00,-28.21267,153.67996,2.5,3.79,10.0,5.61,23.58,174.05,0.29,187.96
Tweed Offshore,2487,1761631200,2025-10-28 16:00:00,-28.21263,153.68007,2.51,3.84,8.7,5.74,23.63,157.87,0.29,192.18
Tweed Offshore,2487,1761633000,2025-10-28 16:30:00,-28.21263,153.68007,2.49,4.4,10.0,5.82,23.58,169.21,0.28,196.22
Tweed Offshore,2487,1761634800,2025-10-28 17:00:00,-28.21263,153.68007,2.36,4.34,10.53,5.59,23.58,165.61,0.31,188.04
Tweed Offshore,2487,1761636600,2025-10-28 17:30:00,-28.21267,153.67992,2.44,4.2,9.52,5.63,23.58,163.24,0.28,185.23
Tweed Offshore,2487,1761638400,2025-10-28 18:00:00,-28.2127,153.67979,2.36,3.67,10.0,5.57,23.54,165.87,0.33,181.45
Tweed Offshore,2487,1761640200,2025-10-28 18:30:00,-28.2127,153.67964,2.51,3.92,9.52,5.75,23.54,163.15,0.31,183.91
Tweed Offshore,2487,1761642000,2025-10-28 19:00:00,-28.2127,153.67947,2.45,4.68,11.11,5.63,23.49,162.27,0.28,181.45
Tweed Offshore,2487,1761643800,2025-10-28 19:30:00,-28.21267,153.67934,2.33,3.56,7.41,5.5,23.49,129.83,0.35,180.4
Tweed Offshore,2487,1761645600,2025-10-28 20:00:00,-28.21269,153.67934,2.49,4.78,10.53,5.94,23.49,162.09,0.34,185.14
Tweed Offshore,2487,1761647400,2025-10-28 20:30:00,-28.21269,153.67938,2.58,4.43,11.11,6.08,23.44,159.89,0.3,186.99
Tweed Offshore,2487,1761649200,2025-10-28 21:00:00,-28.2126,153.67917,2.45,3.76,11.11,6.14,23.4,161.56,0.27,192.88
Tweed Offshore,2487,1761651000,2025-10-28 21:30:00,-28.21263,153.67926,2.52,3.57,10.0,6.15,23.4,156.29,0.25,201.23
Tweed Offshore,2487,1761652800,2025-10-28 22:00:00,-28.21261,153.67926,2.37,4.07,11.11,6.01,23.4,162.62,0.28,189.8
Tweed Offshore,2487,1761654600,2025-10-28 22:30:00,-28.21263,153.67934,2.44,4.43,8.0,6.17,23.44,139.06,0.24,180.4
Tweed Offshore,2487,1761656400,2025-10-28 23:00:00,-28.2125,153.67904,2.45,3.67,10.53,6.09,23.49,155.32,0.24,177.41
Tweed Offshore,2487,1761658200,2025-10-28 23:30:00,-28.21237,153.67883,2.55,4.03,6.67,6.1,23.54,89.92,0.22,160.44
Tweed Offshore,2487,1761660000,2025-10-29 00:00:00,-28.21213,153.67859,2.53,4.47,10.0,6.16,23.49,149.87,0.23,160.53
Tweed Offshore,2487,1761661800,2025-10-29 00:30:00,-28.21209,153.67853,2.57,3.93,11.76,6.06,23.49,148.91,0.14,149.19
Tweed Offshore,2487,1761663600,2025-10-29 01:00:00,-28.21212,153.67859,2.78,5.24,11.11,6.14,23.44,156.03,0.11,170.2
Tweed Offshore,2487,1761665400,2025-10-29 01:30:00,-28.21215,153.67861,2.89,6.5,11.11,6.04,23.44,154.09,0.1,160.97
Tweed Offshore,2487,1761667200,2025-10-29 02:00:00,-28.21212,153.67868,2.77,5.51,7.69,6.05,23.4,108.64,0.07,91.6
Tweed Offshore,2487,1761669000,2025-10-29 02:30:00,-28.21222,153.67878,2.87,4.71,11.11,6.21,23.35,151.1,0.08,56.18
Tweed Offshore,2487,1761670800,2025-10-29 03:00:00,-28.21227,153.67889,3.0,4.47,11.11,6.19,23.31,154.44,0.07,251.69
Tweed Offshore,2487,1761672600,2025-10-29 03:30:00,-28.2123,153.67898,2.96,4.36,7.69,6.12,23.26,93.43,0.1,305.23
Tweed Offshore,2487,1761674400,2025-10-29 04:00:00,-28.21234,153.67917,2.75,4.34,7.41,5.86,23.26,105.65,0.1,276.04
Tweed Offshore,2487,1761676200,2025-10-29 04:30:00,-28.21239,153.67926,2.81,4.43,7.69,5.97,23.22,106.88,0.17,282.37
Tweed Offshore,2487,1761678000,2025-10-29 05:00:00,-28.21245,153.67951,2.81,4.74,8.0,6.13,23.22,105.13,0.18,271.12
Tweed Offshore,2487,1761679800,2025-10-29 05:30:00,-28.21245,153.67971,3.01,5.28,8.33,6.2,23.22,111.28,0.18,291.16
Tweed Offshore,2487,1761681600,2025-10-29 06:00:00,-28.21245,153.67979,2.75,4.76,8.0,5.89,23.26,110.05,0.21,255.03
Tweed Offshore,2487,1761683400,2025-10-29 06:30:00,-28.21249,153.67986,2.8,4.14,8.0,6.25,23.26,102.22,0.21,256.26
Tweed Offshore,2487,1761685200,2025-10-29 07:00:00,-28.21246,153.67996,2.81,4.13,8.7,6.23,23.31,105.13,0.26,246.42
Tweed Offshore,2487,1761687000,2025-10-29 07:30:00,-28.21242,153.67999,2.74,5.06,8.33,6.13,23.35,90.09,0.26,254.51
Tweed Offshore,2487,1761688800,2025-10-29 08:00:00,-28.2124,153.68016,2.89,4.62,8.0,6.29,23.4,104.69,0.24,244.13
Tweed Offshore,2487,1761690600,2025-10-29 08:30:00,-28.21234,153.68031,3.01,4.54,8.33,6.51,23.44,95.28,0.28,244.75
Tweed Offshore,2487,1761692400,2025-10-29 09:00:00,-28.2123,153.68037,3.11,5.23,8.33,6.62,23.49,110.05,0.22,223.03
Tweed Offshore,2487,1761694200,2025-10-29 09:30:00,-28.21228,153.68039,2.75,4.56,8.7,6.3,23.49,114.0,0.29,224.0
Tweed Offshore,2487,1761696000,2025-10-29 10:00:00,-28.2123,153.68046,2.93,4.53,8.33,6.54,23.58,119.72,0.33,212.57
Tweed Offshore,2487,1761697800,2025-10-29 10:30:00,-28.21233,153.68046,2.89,5.46,8.0,6.55,23.63,105.21,0.31,213.98
Tweed Offshore,2487,1761699600,2025-10-29 11:00:00,-28.21239,153.68042,2.84,4.86,8.33,6.52,23.72,110.05,-99.9,-99.9
Tweed Offshore,2487,1761701400,2025-10-29 11:30:00,-28.21242,153.68061,2.57,4.89,8.33,6.41,23.76,104.51,0.31,194.2
Tweed Offshore,2487,1761703200,2025-10-29 12:00:00,-28.21242,153.68065,2.67,4.92,8.33,6.51,23.81,108.99,0.29,193.93
Tweed Offshore,2487,1761705000,2025-10-29 12:30:00,-28.21234,153.68074,2.59,4.85,8.33,6.33,23.81,113.65,0.28,184.7
Tweed Offshore,2487,1761706800,2025-10-29 13:00:00,-28.21228,153.68078,2.75,4.12,10.0,6.62,23.85,154.0,0.21,194.64
Tweed Offshore,2487,1761708600,2025-10-29 13:30:00,-28.2123,153.68078,2.52,4.09,8.0,6.47,23.85,109.35,0.25,176.18
Tweed Offshore,2487,1761710400,2025-10-29 14:00:00,-28.21224,153.68089,2.43,3.9,10.53,6.44,23.9,154.97,0.25,176.62
Tweed Offshore,2487,1761712200,2025-10-29 14:30:00,-28.21222,153.68087,2.52,5.56,8.7,6.52,23.95,122.36,0.21,188.31
Tweed Offshore,2487,1761714000,2025-10-29 15:00:00,-28.21224,153.68089,2.42,4.36,9.09,6.41,23.95,127.45,0.21,178.11
Tweed Offshore,2487,1761715800,2025-10-29 15:30:00,-28.21212,153.68095,2.44,4.36,8.33,6.3,23.95,116.03,0.19,171.87
Tweed Offshore,2487,1761717600,2025-10-29 16:00:00,-28.21212,153.68095,2.48,3.87,8.33,6.35,23.95,106.88,0.19,160.18
Tweed Offshore,2487,1761719400,2025-10-29 16:30:00,-28.21218,153.68076,2.59,4.29,8.33,6.4,23.9,108.82,0.14,158.77
Tweed Offshore,2487,1761721200,2025-10-29 17:00:00,-28.21231,153.68048,2.35,4.01,11.11,6.37,23.9,148.64,0.17,163.16
Tweed Offshore,2487,1761723000,2025-10-29 17:30:00,-28.21245,153.6802,2.16,3.48,8.7,6.26,23.85,120.16,0.17,164.84
Tweed Offshore,2487,1761724800,2025-10-29 18:00:00,-28.21257,153.67979,2.24,4.12,7.69,6.3,23.81,111.37,0.15,157.45
Tweed Offshore,2487,1761726600,2025-10-29 18:30:00,-28.21252,153.67945,2.23,4.17,8.0,6.37,23.81,103.63,0.19,163.08
Tweed Offshore,2487,1761728400,2025-10-29 19:00:00,-28.21249,153.67917,2.12,3.7,8.0,6.26,23.81,106.97,0.23,172.92
Tweed Offshore,2487,1761730200,2025-10-29 19:30:00,-28.21222,153.67881,2.07,3.43,8.33,6.34,23.81,109.7,0.26,162.81
Tweed Offshore,2487,1761732000,2025-10-29 20:00:00,-28.21207,153.67859,2.23,4.11,8.0,6.36,23.76,115.67,0.18,163.34
Tweed Offshore,2487,1761733800,2025-10-29 20:30:00,-28.21207,153.67857,2.14,3.15,8.7,6.58,23.76,113.04,0.18,163.69
Tweed Offshore,2487,1761735600,2025-10-29 21:00:00,-28.21209,153.67855,1.96,3.36,8.33,6.3,23.76,113.13,0.2,156.04
Tweed Offshore,2487,1761737400,2025-10-29 21:30:00,-28.21216,153.67863,2.1,3.96,8.33,6.41,23.72,114.62,0.18,153.32
Tweed Offshore,2487,1761739200,2025-10-29 22:00:00,-28.21231,153.67881,1.94,3.44,8.33,6.4,23.72,107.94,0.16,155.08
Tweed Offshore,2487,1761741000,2025-10-29 22:30:00,-28.2124,153.67889,2.07,3.23,8.7,6.57,23.67,117.96,0.17,161.32
Tweed Offshore,2487,1761742800,2025-10-29 23:00:00,-28.21242,153.67896,1.86,3.41,8.33,6.2,23.67,118.84,0.17,156.04
Tweed Offshore,2487,1761744600,2025-10-29 23:30:00,-28.21246,153.67913,2.06,3.36,10.53,6.63,23.63,147.24,0.12,155.52
Tweed Offshore,2487,1761746400,2025-10-30 00:00:00,-28.21249,153.67915,1.88,3.27,8.7,6.41,23.63,122.0,0.12,143.91
Tweed Offshore,2487,1761748200,2025-10-30 00:30:00,-28.2125,153.67919,1.83,3.35,8.33,6.27,23.63,116.64,0.12,150.07
Tweed Offshore,2487,1761750000,2025-10-30 01:00:00,-28.21252,153.67928,1.81,2.91,8.0,6.27,23.58,114.44,0.1,161.23
Tweed Offshore,2487,1761751800,2025-10-30 01:30:00,-28.21254,153.67934,1.79,2.81,8.33,6.0,23.58,112.69,0.12,146.55
Tweed Offshore,2487,1761753600,2025-10-30 02:00:00,-28.21255,153.67938,1.76,2.94,8.33,6.44,23.58,113.13,0.09,154.02
Tweed Offshore,2487,1761755400,2025-10-30 02:30:00,-28.21257,153.67941,1.63,2.77,7.69,6.29,23.54,112.95,0.11,143.47
Tweed Offshore,2487,1761757200,2025-10-30 03:00:00,-28.21257,153.67956,1.81,2.92,8.0,6.58,23.54,113.56,0.12,139.69
Tweed Offshore,2487,1761759000,2025-10-30 03:30:00,-28.21257,153.6796,1.74,2.73,8.0,6.67,23.49,118.58,0.06,158.07
Tweed Offshore,2487,1761760800,2025-10-30 04:00:00,-28.21257,153.67973,1.87,2.86,8.0,6.74,23.49,119.02,0.09,156.22
Tweed Offshore,2487,1761762600,2025-10-30 04:30:00,-28.21258,153.67975,1.68,2.57,8.33,6.64,23.49,121.04,0.07,177.58
Tweed Offshore,2487,1761764400,2025-10-30 05:00:00,-28.21257,153.67983,1.75,2.73,7.69,6.6,23.49,114.27,0.1,189.63
Tweed Offshore,2487,1761766200,2025-10-30 05:30:00,-28.21257,153.67973,1.68,2.69,8.33,6.62,23.49,113.65,0.06,191.74
Tweed Offshore,2487,1761768000,2025-10-30 06:00:00,-28.21257,153.67977,1.69,2.37,8.0,6.62,23.44,111.28,0.04,191.3
Tweed Offshore,2487,1761769800,2025-10-30 06:30:00,-28.21257,153.67979,1.75,2.98,7.69,6.66,23.44,112.16,0.11,210.99
Tweed Offshore,2487,1761771600,2025-10-30 07:00:00,-28.21255,153.67986,1.77,2.53,7.69,6.62,23.49,116.47,0.09,208.97
Tweed Offshore,2487,1761773400,2025-10-30 07:30:00,-28.21257,153.67983,1.65,2.88,8.33,6.63,23.58,120.25,0.07,180.48
Tweed Offshore,2487,1761775200,2025-10-30 08:00:00,-28.21255,153.67971,1.55,2.64,7.69,6.37,23.67,110.49,0.09,192.44
Tweed Offshore,2487,1761777000,2025-10-30 08:30:00,-28.21257,153.67986,1.47,2.6,8.0,6.41,23.95,115.5,0.07,219.16
Tweed Offshore,2487,1761778800,2025-10-30 09:00:00,-28.21254,153.68011,1.6,2.9,10.0,6.65,24.36,149.87,0.23,211.16
Tweed Offshore,2487,1761780600,2025-10-30 09:30:00,-28.21252,153.68011,1.56,2.38,8.0,6.65,24.27,126.4,0.26,222.24
Tweed Offshore,2487,1761782400,2025-10-30 10:00:00,-28.2124,153.68024,1.56,2.24,10.0,6.75,24.73,153.48,0.24,226.55
Tweed Offshore,2487,1761784200,2025-10-30 10:30:00,-28.21243,153.68029,1.6,2.41,7.69,6.66,24.63,124.11,0.3,228.57
Tweed Offshore,2487,1761786000,2025-10-30 11:00:00,-28.21237,153.68029,1.68,2.94,8.0,6.41,24.45,131.41,0.32,222.07
Tweed Offshore,2487,1761787800,2025-10-30 11:30:00,-28.21246,153.68035,1.68,2.97,8.0,6.27,24.31,130.8,0.31,219.78
Tweed Offshore,2487,1761789600,2025-10-30 12:00:00,-28.21245,153.68046,1.76,3.1,8.33,6.19,24.36,124.47,0.32,218.9
Tweed Offshore,2487,1761791400,2025-10-30 12:30:00,-28.21252,153.68042,1.64,2.89,8.0,5.7,24.31,129.65,0.29,202.64
Tweed Offshore,2487,1761793200,2025-10-30 13:00:00,-28.21258,153.6802,1.63,2.7,8.0,5.56,24.17,130.62,0.31,205.19
Tweed Offshore,2487,1761795000,2025-10-30 13:30:00,-28.21263,153.68001,1.62,2.35,9.52,5.33,24.08,146.97,0.27,196.04
Tweed Offshore,2487,1761796800,2025-10-30 14:00:00,-28.21265,153.67979,1.54,2.48,8.33,5.18,23.9,129.39,0.3,192.18
Tweed Offshore,2487,1761798600,2025-10-30 14:30:00,-28.212,153.68001,1.69,2.92,8.33,5.49,23.81,142.66,0.29,188.13
Tweed Offshore,2487,1761800400,2025-10-30 15:00:00,-28.21269,153.67964,1.66,2.88,8.0,5.29,23.76,133.52,0.28,184.88
Tweed Offshore,2487,1761802200,2025-10-30 15:30:00,-28.21267,153.67958,1.53,3.3,8.7,5.04,23.72,142.93,0.32,208.35
Tweed Offshore,2487,1761804000,2025-10-30 16:00:00,-28.21269,153.67983,1.68,2.77,10.53,5.23,23.63,150.22,0.28,191.3
Tweed Offshore,2487,1761805800,2025-10-30 16:30:00,-28.21257,153.67938,1.53,2.74,9.52,5.21,23.58,146.8,0.2,220.92
Tweed Offshore,2487,1761807600,2025-10-30 17:00:00,-28.21263,153.67936,1.47,2.34,8.7,5.44,23.58,130.71,0.24,204.4
Tweed Offshore,2487,1761809400,2025-10-30 17:30:00,-28.21263,153.67941,1.39,2.3,10.0,5.27,23.49,145.3,0.21,184.0
Tweed Offshore,2487,1761811200,2025-10-30 18:00:00,-28.21263,153.67938,1.48,2.29,8.33,5.23,23.44,123.06,0.21,176.35
Tweed Offshore,2487,1761813000,2025-10-30 18:30:00,-28.21263,153.67943,1.45,2.25,8.7,5.36,23.4,135.1,0.21,173.63
Tweed Offshore,2487,1761814800,2025-10-30 19:00:00,-28.21261,153.67949,1.48,2.41,9.09,5.15,23.4,137.13,0.18,170.55
Tweed Offshore,2487,1761816600,2025-10-30 19:30:00,-28.21269,153.67953,1.39,2.65,7.41,4.92,23.35,119.72,0.24,180.22
Tweed Offshore,2487,1761818400,2025-10-30 20:00:00,-28.21267,153.67949,1.43,2.82,10.53,5.02,23.35,151.81,0.27,180.57
Tweed Offshore,2487,1761820200,2025-10-30 20:30:00,-28.21267,153.67945,1.42,2.12,11.11,4.84,23.31,159.19,0.22,166.33
Tweed Offshore,2487,1761822000,2025-10-30 21:00:00,-28.21269,153.67953,1.32,2.07,9.09,4.8,23.26,135.28,0.27,161.14
Tweed Offshore,2487,1761823800,2025-10-30 21:30:00,-28.21267,153.67941,1.38,2.23,10.53,5.07,23.26,147.06,0.31,169.23
Tweed Offshore,2487,1761825600,2025-10-30 22:00:00,-28.21267,153.67941,1.26,2.38,11.11,4.8,23.31,145.48,0.27,160.7
Tweed Offshore,2487,1761827400,2025-10-30 22:30:00,-28.21265,153.67938,1.29,1.81,10.53,4.97,23.26,153.48,0.3,162.46
Tweed Offshore,2487,1761829200,2025-10-30 23:00:00,-28.21261,153.67932,1.31,2.91,10.53,5.13,23.22,144.07,0.26,156.92
Tweed Offshore,2487,1761831000,2025-10-30 23:30:00,-28.2126,153.67924,1.44,2.16,10.53,5.24,23.22,150.4,0.26,162.73
Tweed Offshore,2487,1761832800,2025-10-31 00:00:00,-28.21261,153.67926,1.33,2.38,10.53,5.09,23.22,149.34,0.25,150.15
Tweed Offshore,2487,1761834600,2025-10-31 00:30:00,-28.21261,153.67928,1.2,2.16,10.53,4.68,23.17,144.77,0.22,149.89
Tweed Offshore,2487,1761836400,2025-10-31 01:00:00,-28.2126,153.6793,1.35,2.56,9.52,5.12,23.13,138.44,0.28,141.63
Tweed Offshore,2487,1761838200,2025-10-31 01:30:00,-28.2126,153.67934,1.27,2.2,10.53,5.17,23.22,148.99,0.29,134.15
Tweed Offshore,2487,1761840000,2025-10-31 02:00:00,-28.2126,153.67945,1.27,2.28,11.11,5.13,23.22,149.61,0.23,121.32
Tweed Offshore,2487,1761841800,2025-10-31 02:30:00,-28.2126,153.67956,1.16,2.17,9.52,5.13,23.22,141.96,0.16,131.87
Tweed Offshore,2487,1761843600,2025-10-31 03:00:00,-28.2126,153.67956,1.25,2.21,10.53,5.48,23.17,141.17,0.21,126.42
Tweed Offshore,2487,1761845400,2025-10-31 03:30:00,-28.2126,153.67958,1.29,1.85,9.52,5.74,23.13,137.74,0.2,125.1
Tweed Offshore,2487,1761847200,2025-10-31 04:00:00,-28.2126,153.67966,1.22,2.42,10.53,5.5,23.13,137.74,0.21,113.85
Tweed Offshore,2487,1761849000,2025-10-31 04:30:00,-28.21258,153.67975,1.4,2.47,10.53,5.95,23.13,133.17,0.15,120.26
Tweed Offshore,2487,1761850800,2025-10-31 05:00:00,-28.2126,153.67988,1.32,2.1,8.7,5.78,23.13,128.77,0.18,120.79
Tweed Offshore,2487,1761852600,2025-10-31 05:30:00,-28.21258,153.68001,1.29,2.0,10.53,5.59,23.13,134.84,0.16,112.7
Tweed Offshore,2487,1761854400,2025-10-31 06:00:00,-28.2126,153.67999,1.38,2.16,10.53,6.1,23.13,140.99,0.19,117.45
Tweed Offshore,2487,1761856200,2025-10-31 06:30:00,-28.21257,153.68001,1.3,2.21,11.11,6.18,23.13,132.91,0.08,141.63
Tweed Offshore,2487,1761858000,2025-10-31 07:00:00,-28.21255,153.68016,1.33,2.38,10.53,6.46,23.13,135.81,0.11,116.22
Tweed Offshore,2487,1761859800,2025-10-31 07:30:00,-28.21255,153.68014,1.32,2.06,9.52,6.58,23.13,135.1,0.11,172.22
Tweed Offshore,2487,1761861600,2025-10-31 08:00:00,-28.21254,153.68016,1.31,2.11,10.53,6.39,23.22,129.92,0.1,146.55
Tweed Offshore,2487,1761863400,2025-10-31 08:30:00,-28.21254,153.68014,1.27,2.42,10.0,5.64,23.22,129.39,0.1,213.19
Tweed Offshore,2487,1761865200,2025-10-31 09:00:00,-28.21246,153.68014,1.36,2.19,9.09,5.85,23.22,129.92,0.13,240.88
Tweed Offshore,2487,1761867000,2025-10-31 09:30:00,-28.21257,153.68005,1.4,2.21,10.0,5.93,23.22,140.91,0.1,189.54
Tweed Offshore,2487,1761868800,2025-10-31 10:00:00,-28.2126,153.67981,1.34,2.43,9.52,5.66,23.22,134.49,0.14,227.78
Tweed Offshore,2487,1761870600,2025-10-31 10:30:00,-28.21261,153.67956,1.33,2.51,9.52,5.61,23.31,132.47,0.18,184.09
Tweed Offshore,2487,1761872400,2025-10-31 11:00:00,-28.21263,153.67956,1.38,2.21,11.76,5.46,23.31,148.47,0.2,196.66
Tweed Offshore,2487,1761874200,2025-10-31 11:30:00,-28.2126,153.67945,1.42,2.69,10.0,5.46,23.4,144.42,0.19,191.56
Tweed Offshore,2487,1761876000,2025-10-31 12:00:00,-28.21265,153.67966,1.41,2.65,9.52,5.48,23.44,143.63,0.27,194.37
Tweed Offshore,2487,1761877800,2025-10-31 12:30:00,-28.21261,153.67964,1.34,2.04,11.76,5.3,23.44,151.37,0.19,174.51
Tweed Offshore,2487,1761879600,2025-10-31 13:00:00,-28.21265,153.67966,1.33,2.4,9.09,5.3,23.54,128.33,0.26,207.91
Tweed Offshore,2487,1761881400,2025-10-31 13:30:00,-28.21265,153.67964,1.45,2.42,11.11,5.56,23.49,154.53,0.3,193.41
Tweed Offshore,2487,1761883200,2025-10-31 14:00:00,-28.21263,153.67958,1.43,2.17,11.11,5.49,23.58,156.38,0.27,178.55
Tweed Offshore,2487,1761885000,2025-10-31 14:30:00,-28.21265,153.67971,1.4,2.59,9.52,5.39,23.49,138.18,0.25,163.16
Tweed Offshore,2487,1761886800,2025-10-31 15:00:00,-28.21265,153.67973,1.36,2.48,10.0,5.44,23.44,152.95,0.19,188.04
Tweed Offshore,2487,1761888600,2025-10-31 15:30:00,-28.21261,153.67996,1.33,2.04,9.52,5.41,23.4,146.27,0.26,181.98
Tweed Offshore,2487,1761890400,2025-10-31 16:00:00,-28.21265,153.68001,1.26,2.46,10.0,5.13,23.31,141.7,0.28,182.86
Tweed Offshore,2487,1761892200,2025-10-31 16:30:00,-28.21267,153.68001,1.23,2.31,9.52,5.11,23.35,144.16,0.24,174.77
Tweed Offshore,2487,1761894000,2025-10-31 17:00:00,-28.21265,153.68014,1.28,2.07,10.0,5.38,23.31,137.74,0.27,158.42
Tweed Offshore,2487,1761895800,2025-10-31 17:30:00,-28.21263,153.68018,1.25,2.09,10.0,5.25,23.31,146.18,0.29,154.55
Tweed Offshore,2487,1761897600,2025-10-31 18:00:00,-28.21263,153.68018,1.15,1.85,10.0,4.98,23.31,144.42,0.28,155.96
Tweed Offshore,2487,1761899400,2025-10-31 18:30:00,-28.21261,153.68022,1.23,2.08,8.7,5.17,23.31,134.05,0.26,148.66
Tweed Offshore,2487,1761901200,2025-10-31 19:00:00,-28.2126,153.68026,1.19,1.95,10.53,5.28,23.26,144.33,0.26,142.24
Tweed Offshore,2487,1761903000,2025-10-31 19:30:00,-28.2125,153.68026,1.11,1.71,11.76,5.11,23.26,145.92,0.23,191.91
Tweed Offshore,2487,1761904800,2025-10-31 20:00:00,-28.21255,153.68042,1.12,1.68,10.53,5.24,23.26,141.34,0.27,148.48
Tweed Offshore,2487,1761906600,2025-10-31 20:30:00,-28.21255,153.68052,1.13,1.81,10.53,5.33,23.31,151.45,0.3,147.25
Tweed Offshore,2487,1761908400,2025-10-31 21:00:00,-28.21255,153.68039,1.09,1.86,9.09,5.06,23.26,135.28,0.27,162.9
Tweed Offshore,2487,1761910200,2025-10-31 21:30:00,-28.21258,153.68037,1.1,1.77,9.09,5.14,23.31,132.38,0.31,164.84
Tweed Offshore,2487,1761912000,2025-10-31 22:00:00,-28.21257,153.68037,1.1,2.01,9.52,5.45,23.31,143.19,0.31,163.78
Tweed Offshore,2487,1761913800,2025-10-31 22:30:00,-28.2126,153.68044,1.18,1.71,11.11,5.36,23.31,146.8,0.33,148.13
Tweed Offshore,2487,1761915600,2025-10-31 23:00:00,-28.2126,153.68037,1.15,2.21,9.52,5.44,23.31,143.1,0.37,149.45
Tweed Offshore,2487,1761917400,2025-10-31 23:30:00,-28.21267,153.68022,1.11,2.0,9.09,5.31,23.31,136.25,0.38,156.84
Tweed Offshore,2487,1761919200,2025-11-01 00:00:00,-28.21267,153.68018,1.07,1.79,9.52,5.15,23.31,141.26,0.36,151.82
Tweed Offshore,2487,1761921000,2025-11-01 00:30:00,-28.21269,153.68011,1.1,1.83,8.7,5.13,23.31,131.67,0.34,161.23
Tweed Offshore,2487,1761922800,2025-11-01 01:00:00,-28.21263,153.68018,1.04,1.67,8.7,5.04,23.31,137.04,0.37,158.15
Tweed Offshore,2487,1761924600,2025-11-01 01:30:00,-28.21265,153.68016,1.1,1.73,8.7,5.08,23.26,127.28,0.35,146.29
Tweed Offshore,2487,1761926400,2025-11-01 02:00:00,-28.21267,153.68011,1.0,1.72,10.53,4.83,23.31,135.28,0.36,146.02
Tweed Offshore,2487,1761928200,2025-11-01 02:30:00,-28.21267,153.68011,1.11,1.91,9.52,5.01,23.22,136.33,0.32,142.77
Tweed Offshore,2487,1761930000,2025-11-01 03:00:00,-28.21263,153.68009,1.06,1.74,10.53,4.95,23.22,138.62,0.3,138.9
Tweed Offshore,2487,1761931800,2025-11-01 03:30:00,-28.21265,153.68018,1.09,2.02,9.09,5.11,23.17,134.31,0.34,139.16
Tweed Offshore,2487,1761933600,2025-11-01 04:00:00,-28.21263,153.68016,1.04,1.75,8.33,5.02,23.22,128.86,0.32,138.99
Tweed Offshore,2487,1761935400,2025-11-01 04:30:00,-28.21263,153.68018,1.09,1.63,8.7,5.17,23.22,133.17,0.28,140.48
Tweed Offshore,2487,1761937200,2025-11-01 05:00:00,-28.21261,153.68024,1.0,1.7,9.09,4.99,23.17,130.88,0.26,141.89
Tweed Offshore,2487,1761939000,2025-11-01 05:30:00,-28.21261,153.68031,1.05,1.58,8.33,5.17,23.22,126.49,0.27,147.6
Tweed Offshore,2487,1761940800,2025-11-01 06:00:00,-28.21258,153.68033,1.11,2.0,11.11,5.08,23.22,141.87,0.26,138.9
Tweed Offshore,2487,1761942600,2025-11-01 06:30:00,-28.21261,153.68031,1.09,1.95,9.52,4.99,23.22,129.39,0.29,139.43
Tweed Offshore,2487,1761944400,2025-11-01 07:00:00,-28.2126,153.68037,1.06,1.66,9.52,5.05,23.22,132.03,0.28,139.52
Tweed Offshore,2487,1761946200,2025-11-01 07:30:00,-28.21258,153.68035,1.01,1.88,10.0,4.85,23.31,136.6,0.28,143.38
Tweed Offshore,2487,1761948000,2025-11-01 08:00:00,-28.2126,153.68039,1.04,1.78,9.09,4.97,23.49,128.77,0.32,143.03
Tweed Offshore,2487,1761949800,2025-11-01 08:30:00,-28.21263,153.68037,1.01,1.57,5.41,4.92,23.49,82.36,0.33,143.82
Tweed Offshore,2487,1761951600,2025-11-01 09:00:00,-28.21263,153.68026,1.04,1.65,9.52,4.92,23.58,134.93,0.34,149.98
Tweed Offshore,2487,1761953400,2025-11-01 09:30:00,-28.21265,153.68026,1.07,1.76,9.09,4.91,23.76,136.16,0.38,142.33
Tweed Offshore,2487,1761955200,2025-11-01 10:00:00,-28.21263,153.68024,1.06,1.59,9.09,4.71,23.58,127.81,0.35,145.05
Tweed Offshore,2487,1761957000,2025-11-01 10:30:00,-28.21267,153.68024,1.09,1.94,8.33,4.63,23.58,131.59,0.4,139.87
Tweed Offshore,2487,1761958800,2025-11-01 11:00:00,-28.21265,153.68014,1.07,1.66,5.56,4.42,23.76,78.66,0.42,141.45
Tweed Offshore,2487,1761960600,2025-11-01 11:30:00,-28.2127,153.68005,1.13,1.88,6.06,4.83,23.9,86.4,0.41,169.85
Tweed Offshore,2487,1761962400,2025-11-01 12:00:00,-28.21267,153.68009,0.97,1.58,9.52,4.76,23.99,141.26,0.54,181.8
Tweed Offshore,2487,1761964200,2025-11-01 12:30:00,-28.21267,153.68001,1.06,1.77,6.45,4.47,23.99,91.85,0.54,184.35
Tweed Offshore,2487,1761966000,2025-11-01 13:00:00,-28.21272,153.67994,1.07,2.25,9.52,4.28,23.99,139.32,0.59,181.8
Tweed Offshore,2487,1761967800,2025-11-01 13:30:00,-28.21275,153.67996,1.19,2.08,9.09,4.12,24.04,133.52,0.66,175.21
Tweed Offshore,2487,1761969600,2025-11-01 14:00:00,-28.21273,153.68009,1.19,2.26,6.25,4.0,23.95,76.2,0.66,165.45
Tweed Offshore,2487,1761971400,2025-11-01 14:30:00,-28.21275,153.68005,1.2,2.19,6.25,4.3,23.9,73.3,0.66,173.01
Tweed Offshore,2487,1761973200,2025-11-01 15:00:00,-28.21272,153.68014,1.1,1.98,6.06,4.22,23.85,75.94,0.65,159.47
Tweed Offshore,2487,1761975000,2025-11-01 15:30:00,-28.21272,153.68016,1.16,1.97,5.88,4.16,23.72,73.83,0.69,155.34
Tweed Offshore,2487,1761976800,2025-11-01 16:00:00,-28.21272,153.68016,1.26,1.84,6.45,4.29,23.49,69.87,0.71,148.84
Tweed Offshore,2487,1761978600,2025-11-01 16:30:00,-28.2127,153.6802,1.33,2.69,6.06,4.38,23.4,79.89,0.7,144.7
Tweed Offshore,2487,1761980400,2025-11-01 17:00:00,-28.2127,153.6802,1.25,2.21,6.06,4.13,23.44,71.37,0.71,142.95
Tweed Offshore,2487,1761982200,2025-11-01 17:30:00,-28.2127,153.68016,1.34,2.65,6.25,4.16,23.35,87.89,0.72,145.05
Tweed Offshore,2487,1761984000,2025-11-01 18:00:00,-28.2127,153.68022,1.41,2.22,6.06,4.23,23.22,86.4,0.68,142.42
Tweed Offshore,2487,1761985800,2025-11-01 18:30:00,-28.21269,153.68029,1.31,2.7,6.06,3.91,23.22,80.86,0.72,139.78
Tweed Offshore,2487,1761987600,2025-11-01 19:00:00,-28.2127,153.68026,1.35,2.57,6.06,3.92,23.13,73.83,0.69,148.13
Tweed Offshore,2487,1761989400,2025-11-01 19:30:00,-28.21269,153.68033,1.37,2.14,6.06,4.05,23.13,91.15,0.69,141.27
Tweed Offshore,2487,1761991200,2025-11-01 20:00:00,-28.21272,153.68031,1.21,2.23,6.06,4.16,23.13,82.18,0.74,143.65
Tweed Offshore,2487,1761993000,2025-11-01 20:30:00,-28.2127,153.68031,1.27,2.11,6.25,4.33,23.13,84.73,0.68,142.15
Tweed Offshore,2487,1761994800,2025-11-01 21:00:00,-28.21272,153.68024,1.29,2.07,5.56,4.29,23.04,84.38,0.67,147.78
Tweed Offshore,2487,1761996600,2025-11-01 21:30:00,-28.21272,153.68026,1.23,2.19,6.06,4.25,22.99,89.13,0.71,142.86
Tweed Offshore,2487,1761998400,2025-11-01 22:00:00,-28.21275,153.68018,1.19,2.01,6.25,3.83,22.99,85.52,0.72,145.76
Tweed Offshore,2487,1762000200,2025-11-01 22:30:00,-28.21273,153.68022,1.24,2.38,6.06,4.23,22.95,81.56,0.71,142.77
Tweed Offshore,2487,1762002000,2025-11-01 23:00:00,-28.21275,153.68024,1.18,1.99,6.45,3.9,22.9,91.76,0.74,142.33
Tweed Offshore,2487,1762003800,2025-11-01 23:30:00,-28.21273,153.68029,1.19,2.33,6.06,3.72,22.86,88.6,0.75,139.43
Tweed Offshore,2487,1762005600,2025-11-02 00:00:00,-28.21275,153.68018,1.18,2.04,6.25,3.84,22.77,103.02,0.71,141.8
Tweed Offshore,2487,1762007400,2025-11-02 00:30:00,-28.21272,153.68024,1.23,2.2,6.06,4.14,22.77,96.07,0.69,137.76
Tweed Offshore,2487,1762009200,2025-11-02 01:00:00,-28.21272,153.68024,1.14,1.75,5.88,4.07,22.72,93.17,0.64,139.78
Tweed Offshore,2487,1762011000,2025-11-02 01:30:00,-28.2127,153.6802,1.23,2.24,5.88,4.19,22.68,94.05,0.65,139.52
Tweed Offshore,2487,1762012800,2025-11-02 02:00:00,-28.21269,153.68018,1.24,2.02,6.06,4.2,22.68,99.59,0.67,137.49
Tweed Offshore,2487,1762014600,2025-11-02 02:30:00,-28.2127,153.68014,1.22,2.04,5.71,4.19,22.72,95.37,0.58,139.78
Tweed Offshore,2487,1762016400,2025-11-02 03:00:00,-28.21272,153.68016,1.28,2.13,6.25,4.35,22.77,100.47,0.58,140.84
Tweed Offshore,2487,1762018200,2025-11-02 03:30:00,-28.2127,153.68018,1.31,2.42,6.25,4.6,22.72,101.78,0.58,139.43
Tweed Offshore,2487,1762020000,2025-11-02 04:00:00,-28.2127,153.68016,1.33,2.44,6.67,4.69,22.72,105.3,0.58,141.98
Tweed Offshore,2487,1762021800,2025-11-02 04:30:00,-28.2127,153.68016,1.32,1.91,6.25,4.62,22.72,94.4,0.6,144.0
Tweed Offshore,2487,1762023600,2025-11-02 05:00:00,-28.21272,153.68018,1.26,2.13,6.9,4.61,22.68,104.51,0.56,148.84
Tweed Offshore,2487,1762025400,2025-11-02 05:30:00,-28.2127,153.68018,1.35,2.14,6.25,4.77,22.68,87.37,0.57,147.34
Tweed Offshore,2487,1762027200,2025-11-02 06:00:00,-28.2127,153.68014,1.28,2.1,7.14,4.71,22.68,106.53,0.55,150.07
Tweed Offshore,2487,1762029000,2025-11-02 06:30:00,-28.2127,153.68016,1.19,2.18,6.25,4.67,22.68,86.31,0.58,153.58
Tweed Offshore,2487,1762030800,2025-11-02 07:00:00,-28.2127,153.68016,1.21,2.06,6.25,4.84,22.72,85.08,0.57,155.69
Tweed Offshore,2487,1762032600,2025-11-02 07:30:00,-28.2127,153.68024,1.3,2.24,5.71,5.03,22.77,56.33,0.59,155.87
Tweed Offshore,2487,1762034400,2025-11-02 08:00:00,-28.2127,153.6802,1.24,2.14,6.25,4.97,22.81,80.69,0.61,159.12
Tweed Offshore,2487,1762036200,2025-11-02 08:30:00,-28.21272,153.6802,1.2,1.94,12.5,4.73,22.9,143.63,0.61,165.36
Tweed Offshore,2487,1762038000,2025-11-02 09:00:00,-28.21269,153.6802,1.15,1.91,7.41,4.72,22.95,116.03,0.59,161.85
Tweed Offshore,2487,1762039800,2025-11-02 09:30:00,-28.2127,153.68022,1.17,1.87,6.25,4.75,22.99,85.26,0.64,163.69
Tweed Offshore,2487,1762041600,2025-11-02 10:00:00,-28.2127,153.68024,1.15,2.03,7.14,4.92,23.13,108.38,0.63,166.15
Tweed Offshore,2487,1762043400,2025-11-02 10:30:00,-28.21272,153.6802,1.23,2.24,6.9,5.09,23.17,101.08,0.71,166.77
Tweed Offshore,2487,1762045200,2025-11-02 11:00:00,-28.21272,153.68022,1.19,1.83,7.41,4.97,23.31,118.05,0.7,169.58
Tweed Offshore,2487,1762047000,2025-11-02 11:30:00,-28.21272,153.68018,1.19,2.34,6.9,4.62,23.35,98.88,0.73,167.65
Tweed Offshore,2487,1762048800,2025-11-02 12:00:00,-28.21275,153.68016,1.14,1.97,11.76,4.2,23.44,165.26,0.75,166.95
Tweed Offshore,2487,1762050600,2025-11-02 12:30:00,-28.21273,153.68018,1.2,1.95,8.0,4.09,23.49,114.09,0.79,168.79
Tweed Offshore,2487,1762052400,2025-11-02 13:00:00,-28.21275,153.68014,1.18,1.96,6.9,3.93,23.58,100.82,0.78,170.46
Tweed Offshore,2487,1762054200,2025-11-02 13:30:00,-28.21276,153.68016,1.12,1.74,8.0,3.64,23.54,115.59,0.81,172.48
Tweed Offshore,2487,1762056000,2025-11-02 14:00:00,-28.21276,153.68011,1.13,1.77,6.9,3.68,23.58,97.56,0.85,170.73
Tweed Offshore,2487,1762057800,2025-11-02 14:30:00,-28.21276,153.68014,1.21,2.01,6.67,3.59,23.54,98.18,0.89,169.41
Tweed Offshore,2487,1762059600,2025-11-02 15:00:00,-28.21276,153.68007,1.17,2.63,6.67,3.63,23.58,92.2,0.92,171.87
Tweed Offshore,2487,1762061400,2025-11-02 15:30:00,-28.2128,153.68009,1.15,2.09,6.67,3.75,23.58,88.25,0.93,165.01
Tweed Offshore,2487,1762063200,2025-11-02 16:00:00,-28.21279,153.68014,1.15,2.24,6.67,3.83,23.58,89.3,0.91,165.27
Tweed Offshore,2487,1762065000,2025-11-02 16:30:00,-28.21276,153.68009,1.2,1.88,6.25,4.0,23.54,82.18,0.95,164.75
Tweed Offshore,2487,1762066800,2025-11-02 17:00:00,-28.21276,153.68014,1.19,2.3,11.76,3.98,23.58,147.76,0.93,162.99
Tweed Offshore,2487,1762068600,2025-11-02 17:30:00,-28.21276,153.68014,1.16,1.74,6.67,3.86,23.54,78.84,0.91,162.64
Tweed Offshore,2487,1762070400,2025-11-02 18:00:00,-28.21276,153.68014,1.15,2.0,6.45,3.86,23.54,78.75,0.94,162.02
Tweed Offshore,2487,1762072200,2025-11-02 18:30:00,-28.21276,153.68016,1.17,1.82,6.45,3.84,23.49,77.78,0.94,163.34
Tweed Offshore,2487,1762074000,2025-11-02 19:00:00,-28.21276,153.68022,1.18,2.37,6.25,3.87,23.49,71.28,0.99,158.95
Tweed Offshore,2487,1762075800,2025-11-02 19:30:00,-28.21279,153.68022,1.23,2.15,7.14,3.92,23.49,88.16,0.95,161.49
Tweed Offshore,2487,1762077600,2025-11-02 20:00:00,-28.21279,153.6802,1.26,2.32,6.67,4.06,23.44,81.04,0.88,159.74
Tweed Offshore,2487,1762079400,2025-11-02 20:30:00,-28.21279,153.6802,1.25,2.17,7.41,4.16,23.44,86.75,0.9,157.19
Tweed Offshore,2487,1762081200,2025-11-02 21:00:00,-28.21276,153.68022,1.25,1.99,6.9,4.25,23.44,72.77,0.93,153.32
Tweed Offshore,2487,1762083000,2025-11-02 21:30:00,-28.21275,153.68022,1.36,2.07,6.67,4.37,23.4,82.36,0.94,152.0
Tweed Offshore,2487,1762084800,2025-11-02 22:00:00,-28.21276,153.68024,1.3,2.17,6.06,4.38,23.44,62.05,0.93,149.71
Tweed Offshore,2487,1762086600,2025-11-02 22:30:00,-28.21279,153.68024,1.38,1.99,6.06,4.12,23.44,63.54,0.95,150.07
Tweed Offshore,2487,1762088400,2025-11-02 23:00:00,-28.21279,153.68022,1.42,2.18,6.67,4.09,23.44,79.02,0.94,148.92
Tweed Offshore,2487,1762090200,2025-11-02 23:30:00,-28.2128,153.68014,1.41,2.39,7.14,3.89,23.44,74.0,0.97,152.97
Tweed Offshore,2487,1762092000,2025-11-03 00:00:00,-28.21279,153.68016,1.6,2.67,6.06,4.01,23.44,53.61,0.93,149.8
Tweed Offshore,2487,1762093800,2025-11-03 00:30:00,-28.2128,153.68009,1.49,2.5,6.25,3.98,23.35,72.07,0.91,153.49
Tweed Offshore,2487,1762095600,2025-11-03 01:00:00,-28.2128,153.68016,1.52,2.5,6.25,3.96,23.31,64.33,0.92,144.88
Tweed Offshore,2487,1762097400,2025-11-03 01:30:00,-28.21279,153.68011,1.46,2.34,5.56,3.97,23.26,49.48,0.94,149.45
Tweed Offshore,2487,1762099200,2025-11-03 02:00:00,-28.21279,153.68007,1.48,2.16,6.67,4.04,23.22,69.87,0.86,150.33
Tweed Offshore,2487,1762101000,2025-11-03 02:30:00,-28.21279,153.68009,1.43,2.23,6.06,3.95,23.13,60.99,0.92,147.87
Tweed Offshore,2487,1762102800,2025-11-03 03:00:00,-28.21279,153.68009,1.53,2.56,5.56,4.04,23.13,49.3,0.92,142.07
Tweed Offshore,2487,1762104600,2025-11-03 03:30:00,-28.21276,153.68009,1.56,2.64,6.45,4.11,23.13,60.73,0.88,140.22
Tweed Offshore,2487,1762106400,2025-11-03 04:00:00,-28.21279,153.68007,1.48,2.87,6.45,3.96,23.08,53.78,0.88,144.44
Tweed Offshore,2487,1762108200,2025-11-03 04:30:00,-28.21279,153.68003,1.51,2.56,5.88,4.03,22.99,37.26,0.82,145.67
Tweed Offshore,2487,1762110000,2025-11-03 05:00:00,-28.21279,153.68003,1.42,3.3,6.25,3.91,22.86,48.16,0.83,150.77
Tweed Offshore,2487,1762111800,2025-11-03 05:30:00,-28.21279,153.68001,1.43,2.41,6.25,3.89,22.86,50.0,0.87,154.46
Tweed Offshore,2487,1762113600,2025-11-03 06:00:00,-28.21279,153.68011,1.4,2.08,6.06,3.87,22.9,51.41,0.86,154.64
Tweed Offshore,2487,1762115400,2025-11-03 06:30:00,-28.21279,153.68016,1.48,2.32,6.25,3.86,22.95,52.99,0.84,154.02
Tweed Offshore,2487,1762117200,2025-11-03 07:00:00,-28.21279,153.68016,1.45,2.71,5.88,3.74,22.99,44.73,0.83,150.07
Tweed Offshore,2487,1762119000,2025-11-03 07:30:00,-28.21276,153.68016,1.43,2.2,6.25,3.77,23.04,46.93,0.85,154.37
Tweed Offshore,2487,1762120800,2025-11-03 08:00:00,-28.21275,153.6802,1.42,2.34,6.45,3.8,23.13,64.86,0.86,152.18
Tweed Offshore,2487,1762122600,2025-11-03 08:30:00,-28.21275,153.68018,1.47,2.39,5.71,3.77,23.13,38.93,0.85,152.35
Tweed Offshore,2487,1762124400,2025-11-03 09:00:00,-28.21275,153.68024,1.43,2.36,6.25,3.79,23.17,58.27,0.85,149.8
Tweed Offshore,2487,1762126200,2025-11-03 09:30:00,-28.21275,153.68024,1.38,2.37,6.25,3.8,23.22,46.05,0.84,148.84
Tweed Offshore,2487,1762128000,2025-11-03 10:00:00,-28.21275,153.68024,1.41,2.39,6.06,3.88,23.26,56.77,0.88,147.96
Tweed Offshore,2487,1762129800,2025-11-03 10:30:00,-28.21276,153.68024,1.34,2.18,5.56,3.71,23.35,53.78,0.87,147.43
Tweed Offshore,2487,1762131600,2025-11-03 11:00:00,-28.21275,153.68024,1.4,2.22,6.06,3.78,23.54,52.64,0.91,147.52
Tweed Offshore,2487,1762133400,2025-11-03 11:30:00,-28.21275,153.68022,1.4,2.67,5.88,3.82,23.63,47.98,0.88,150.86
Tweed Offshore,2487,1762135200,2025-11-03 12:00:00,-28.21276,153.68018,1.35,2.81,6.67,3.81,23.67,69.87,0.83,153.05
Tweed Offshore,2487,1762137000,2025-11-03 12:30:00,-28.21276,153.68016,1.42,2.52,5.13,3.83,23.72,38.14,0.85,146.64
Tweed Offshore,2487,1762138800,2025-11-03 13:00:00,-28.21276,153.68014,1.43,2.25,6.25,3.86,23.72,42.36,0.86,151.91
Tweed Offshore,2487,1762140600,2025-11-03 13:30:00,-28.21275,153.68009,1.3,2.02,6.45,3.72,23.76,60.91,0.83,152.7
Tweed Offshore,2487,1762142400,2025-11-03 14:00:00,-28.21279,153.68007,1.4,2.09,5.71,3.85,23.76,45.26,0.79,157.27
Tweed Offshore,2487,1762144200,2025-11-03 14:30:00,-28.21276,153.68007,1.42,2.92,6.25,3.83,23.72,48.69,0.81,152.88
Tweed Offshore,2487,1762146000,2025-11-03 15:00:00,-28.21279,153.68001,1.42,2.21,5.71,3.87,23.67,47.98,0.82,154.99
Tweed Offshore,2487,1762147800,2025-11-03 15:30:00,-28.21279,153.68003,1.46,2.46,6.45,3.99,23.67,60.82,0.84,155.96
Tweed Offshore,2487,1762149600,2025-11-03 16:00:00,-28.21279,153.68001,1.42,2.32,6.06,3.81,23.63,43.23,0.85,156.04
Tweed Offshore,2487,1762151400,2025-11-03 16:30:00,-28.21275,153.68009,1.52,2.48,6.06,3.91,23.63,47.37,0.86,155.25
Tweed Offshore,2487,1762153200,2025-11-03 17:00:00,-28.21276,153.68009,1.71,2.81,6.06,4.03,23.58,43.59,0.87,155.43
Tweed Offshore,2487,1762155000,2025-11-03 17:30:00,-28.21279,153.68009,1.63,2.47,6.06,4.06,23.54,37.7,0.86,158.15
Tweed Offshore,2487,1762156800,2025-11-03 18:00:00,-28.21276,153.68009,1.59,2.83,6.06,4.03,23.58,43.15,0.87,156.84
Tweed Offshore,2487,1762158600,2025-11-03 18:30:00,-28.21276,153.68011,1.64,2.93,6.06,4.01,23.63,28.64,0.84,155.16
Tweed Offshore,2487,1762160400,2025-11-03 19:00:00,-28.21276,153.68016,1.74,2.78,6.25,4.08,23.58,46.05,0.89,156.13
Tweed Offshore,2487,1762162200,2025-11-03 19:30:00,-28.21279,153.68016,1.66,2.76,5.88,4.0,23.58,21.26,0.89,154.11
Tweed Offshore,2487,1762164000,2025-11-03 20:00:00,-28.21279,153.68016,1.86,2.87,6.25,4.13,23.58,29.34,0.88,154.29
Tweed Offshore,2487,1762165800,2025-11-03 20:30:00,-28.2128,153.68014,1.72,2.8,5.88,4.15,23.44,27.15,0.85,157.19
Tweed Offshore,2487,1762167600,2025-11-03 21:00:00,-28.21279,153.68009,1.98,3.42,6.25,4.46,23.44,34.18,0.85,155.87
Tweed Offshore,2487,1762169400,2025-11-03 21:30:00,-28.21276,153.68016,1.8,2.74,6.67,4.14,23.44,37.87,0.94,150.77
Tweed Offshore,2487,1762171200,2025-11-03 22:00:00,-28.21279,153.68018,1.88,2.86,6.45,4.1,23.44,34.71,0.91,151.74
Tweed Offshore,2487,1762173000,2025-11-03 22:30:00,-28.2128,153.68016,1.88,2.88,6.45,4.26,23.4,36.03,0.86,152.09
Tweed Offshore,2487,1762174800,2025-11-03 23:00:00,-28.21282,153.68014,2.01,3.37,6.67,4.4,23.35,36.73,0.91,151.56
Tweed Offshore,2487,1762176600,2025-11-03 23:30:00,-28.21282,153.68009,1.98,2.89,6.45,4.28,23.31,39.02,0.84,153.76
Tweed Offshore,2487,1762178400,2025-11-04 00:00:00,-28.2128,153.68009,1.92,3.33,6.45,4.34,23.35,34.36,0.84,151.65
Tweed Offshore,2487,1762180200,2025-11-04 00:30:00,-28.21279,153.68016,1.86,3.82,6.45,4.37,23.26,35.5,0.87,150.42
Tweed Offshore,2487,1762182000,2025-11-04 01:00:00,-28.21276,153.68018,1.79,2.84,6.25,4.38,23.22,26.09,0.85,147.08
Tweed Offshore,2487,1762183800,2025-11-04 01:30:00,-28.21276,153.68014,1.84,3.05,6.06,4.35,23.22,25.04,0.87,151.38
Tweed Offshore,2487,1762185600,2025-11-04 02:00:00,-28.21276,153.68016,1.7,3.26,6.45,4.33,23.26,36.64,0.89,147.96
Tweed Offshore,2487,1762187400,2025-11-04 02:30:00,-28.21276,153.68011,1.67,2.6,6.06,4.25,23.31,27.06,0.81,147.78
Tweed Offshore,2487,1762189200,2025-11-04 03:00:00,-28.21279,153.68009,1.52,2.26,6.25,4.15,23.31,29.34,0.83,151.65
Tweed Offshore,2487,1762191000,2025-11-04 03:30:00,-28.21276,153.68011,1.43,2.45,5.71,4.13,23.35,39.02,0.79,145.93
Tweed Offshore,2487,1762192800,2025-11-04 04:00:00,-28.21276,153.68014,1.36,2.21,6.67,4.19,23.35,51.85,0.85,147.43
Tweed Offshore,2487,1762194600,2025-11-04 04:30:00,-28.21276,153.68016,1.37,2.29,6.45,4.33,23.44,39.98,0.83,142.68
Tweed Offshore,2487,1762196400,2025-11-04 05:00:00,-28.21276,153.6802,1.29,2.14,5.88,4.23,23.49,31.63,0.77,146.81
Tweed Offshore,2487,1762198200,2025-11-04 05:30:00,-28.21276,153.68016,1.18,2.13,6.45,4.17,23.49,39.02,0.8,146.64
Tweed Offshore,2487,1762200000,2025-11-04 06:00:00,-28.21273,153.68031,1.22,2.14,6.25,4.39,23.44,35.76,0.69,139.87
Tweed Offshore,2487,1762201800,2025-11-04 06:30:00,-28.21273,153.68026,1.13,2.03,6.25,4.5,23.31,41.21,0.79,138.99
Tweed Offshore,2487,1762203600,2025-11-04 07:00:00,-28.21273,153.68024,1.14,2.09,6.06,4.65,23.22,50.97,0.69,143.74
Tweed Offshore,2487,1762205400,2025-11-04 07:30:00,-28.21273,153.68024,1.02,1.66,5.88,4.45,23.13,49.13,0.78,138.46
Tweed Offshore,2487,1762207200,2025-11-04 08:00:00,-28.21272,153.68029,1.12,2.14,8.33,4.72,23.04,97.21,0.72,142.68
Tweed Offshore,2487,1762209000,2025-11-04 08:30:00,-28.2127,153.68039,1.06,1.68,8.7,4.63,23.26,79.19,0.85,143.47
Tweed Offshore,2487,1762210800,2025-11-04 09:00:00,-28.21272,153.68033,0.94,1.59,6.45,4.61,23.31,49.21,0.74,149.45
Tweed Offshore,2487,1762212600,2025-11-04 09:30:00,-28.21273,153.68033,0.96,1.54,8.7,4.65,23.35,99.59,0.76,149.8
Tweed Offshore,2487,1762214400,2025-11-04 10:00:00,-28.21272,153.68031,0.96,1.5,6.67,4.2,23.31,63.37,0.73,145.49
Tweed Offshore,2487,1762216200,2025-11-04 10:30:00,-28.21272,153.68031,0.94,1.61,6.06,4.23,23.31,47.19,0.69,147.34
Tweed Offshore,2487,1762218000,2025-11-04 11:00:00,-28.21272,153.68031,0.91,1.48,6.67,4.49,23.31,68.38,0.64,156.84
Tweed Offshore,2487,1762219800,2025-11-04 11:30:00,-28.2127,153.68031,0.92,1.58,6.06,4.72,23.31,55.63,0.6,159.03
Tweed Offshore,2487,1762221600,2025-11-04 12:00:00,-28.2127,153.68024,0.85,1.29,6.45,4.58,23.44,53.08,0.63,164.04
Tweed Offshore,2487,1762223400,2025-11-04 12:30:00,-28.21272,153.68022,0.81,1.25,7.14,3.93,23.58,68.64,0.63,164.66
Tweed Offshore,2487,1762225200,2025-11-04 13:00:00,-28.21273,153.68014,0.8,1.49,6.25,3.75,23.58,74.0,0.52,168.7
Tweed Offshore,2487,1762227000,2025-11-04 13:30:00,-28.21275,153.68009,0.86,1.44,7.41,3.8,23.63,76.29,0.66,168.26
Tweed Offshore,2487,1762228800,2025-11-04 14:00:00,-28.21275,153.68003,0.93,1.44,6.67,3.66,23.67,77.26,0.67,167.03
Tweed Offshore,2487,1762230600,2025-11-04 14:30:00,-28.21273,153.67996,0.87,1.57,6.25,3.27,23.67,71.98,0.66,178.46
Tweed Offshore,2487,1762232400,2025-11-04 15:00:00,-28.21273,153.67994,0.9,1.56,7.69,3.22,23.72,92.55,0.67,181.89
Tweed Offshore,2487,1762234200,2025-11-04 15:30:00,-28.21273,153.67992,0.91,1.79,6.45,3.08,23.76,77.08,0.67,181.01
Tweed Offshore,2487,1762236000,2025-11-04 16:00:00,-28.21275,153.6799,0.92,1.51,6.9,3.0,23.72,81.56,0.65,180.04
Tweed Offshore,2487,1762237800,2025-11-04 16:30:00,-28.21273,153.67988,0.95,1.6,6.67,3.08,23.67,68.2,0.66,183.65
Tweed Offshore,2487,1762239600,2025-11-04 17:00:00,-28.21275,153.67979,0.91,1.51,6.06,3.03,23.72,71.89,0.71,182.68
Tweed Offshore,2487,1762241400,2025-11-04 17:30:00,-28.21275,153.67977,0.97,1.65,8.0,3.19,23.67,100.2,0.72,184.0
Tweed Offshore,2487,1762243200,2025-11-04 18:00:00,-28.21275,153.67981,0.91,1.56,6.06,3.17,23.67,56.25,0.7,183.47
Tweed Offshore,2487,1762245000,2025-11-04 18:30:00,-28.21275,153.67981,0.98,1.57,6.45,3.2,23.67,69.43,0.71,180.84
Tweed Offshore,2487,1762246800,2025-11-04 19:00:00,-28.21276,153.67986,1.02,1.69,5.88,3.16,23.67,56.6,0.72,176.26
Tweed Offshore,2487,1762248600,2025-11-04 19:30:00,-28.21279,153.67983,1.06,1.6,5.56,3.2,23.58,47.72,0.79,172.84
Tweed Offshore,2487,1762250400,2025-11-04 20:00:00,-28.21276,153.67988,1.02,1.93,5.71,3.24,23.49,57.13,0.68,168.09
Tweed Offshore,2487,1762252200,2025-11-04 20:30:00,-28.21279,153.67994,0.95,1.54,8.33,3.23,23.49,97.92,0.72,162.99
Tweed Offshore,2487,1762254000,2025-11-04 21:00:00,-28.21275,153.67994,0.92,1.59,8.33,3.32,23.44,96.6,0.69,160.79
Tweed Offshore,2487,1762255800,2025-11-04 21:30:00,-28.21276,153.67992,0.88,1.57,5.88,3.3,23.44,63.28,0.63,158.07
Tweed Offshore,2487,1762257600,2025-11-04 22:00:00,-28.21275,153.67986,0.89,1.65,5.71,3.47,23.44,60.29,0.6,152.88
Tweed Offshore,2487,1762259400,2025-11-04 22:30:00,-28.21275,153.67988,0.86,1.6,7.41,3.47,23.4,108.11,0.56,150.24
Tweed Offshore,2487,1762261200,2025-11-04 23:00:00,-28.21275,153.67986,0.82,1.42,8.0,3.64,23.4,111.45,0.53,149.8
Tweed Offshore,2487,1762263000,2025-11-04 23:30:00,-28.21273,153.67994,0.78,1.29,8.33,3.84,23.4,110.05,0.53,146.73
Tweed Offshore,2487,1762264800,2025-11-05 00:00:00,-28.21269,153.67994,0.79,1.28,8.0,4.01,23.35,107.32,0.48,133.45
Tweed Offshore,2487,1762264800,2025-11-05 00:00:00,-28.2127,153.67994,0.79,1.28,8.0,4.01,23.35,107.32,0.48,133.45
Tweed Offshore,2487,1762266600,2025-11-05 00:30:00,-28.21267,153.67992,0.71,1.34,8.0,3.76,23.35,107.5,0.41,126.42
Tweed Offshore,2487,1762268400,2025-11-05 01:00:00,-28.21265,153.67986,0.69,1.15,7.41,3.66,23.31,101.34,0.44,125.8
Tweed Offshore,2487,1762270200,2025-11-05 01:30:00,-28.21263,153.67986,0.68,1.16,8.7,3.82,23.31,106.97,0.36,115.87
Tweed Offshore,2487,1762272000,2025-11-05 02:00:00,-28.21263,153.67981,0.71,1.2,8.7,3.94,23.31,108.2,0.36,119.03
Tweed Offshore,2487,1762273800,2025-11-05 02:30:00,-28.21263,153.67986,0.68,1.18,9.09,3.88,23.26,101.61,0.3,121.49
Tweed Offshore,2487,1762275600,2025-11-05 03:00:00,-28.21265,153.67986,0.65,1.03,9.09,3.89,23.22,97.74,0.32,122.11
Tweed Offshore,2487,1762277400,2025-11-05 03:30:00,-28.21263,153.67986,0.64,1.08,8.7,3.88,23.17,109.96,0.26,136.88
Tweed Offshore,2487,1762279200,2025-11-05 04:00:00,-28.21265,153.67992,0.66,1.04,8.33,3.99,23.13,102.31,0.28,126.33
Tweed Offshore,2487,1762281000,2025-11-05 04:30:00,-28.21265,153.67994,0.68,1.32,8.33,4.12,23.08,101.08,0.29,124.22
Tweed Offshore,2487,1762282800,2025-11-05 05:00:00,-28.21265,153.67994,0.62,1.02,8.0,3.83,22.99,105.04,0.32,121.23
Tweed Offshore,2487,1762284600,2025-11-05 05:30:00,-28.21263,153.68003,0.63,1.18,8.7,3.99,22.95,100.38,0.28,135.21
Tweed Offshore,2487,1762286400,2025-11-05 06:00:00,-28.21261,153.68011,0.62,1.25,9.09,3.98,22.9,101.08,0.22,133.01
Tweed Offshore,2487,1762288200,2025-11-05 06:30:00,-28.21261,153.68018,0.62,1.23,8.7,4.23,22.86,91.32,0.26,135.21
Tweed Offshore,2487,1762290000,2025-11-05 07:00:00,-28.21258,153.68024,0.66,1.2,8.33,4.59,22.86,101.34,0.24,160.88
Tweed Offshore,2487,1762291800,2025-11-05 07:30:00,-28.21255,153.68033,0.64,1.12,9.52,4.65,22.86,88.95,0.22,156.04
Tweed Offshore,2487,1762293600,2025-11-05 08:00:00,-28.21254,153.68042,0.62,1.15,8.0,5.09,22.9,107.67,0.25,171.69
Tweed Offshore,2487,1762295400,2025-11-05 08:30:00,-28.21252,153.6805,0.69,1.08,8.33,5.04,22.9,94.93,0.27,161.05
Tweed Offshore,2487,1762297200,2025-11-05 09:00:00,-28.21246,153.68057,0.67,1.08,8.7,4.65,22.95,94.05,0.23,168.62
Tweed Offshore,2487,1762299000,2025-11-05 09:30:00,-28.21246,153.68061,0.61,1.11,8.33,4.1,22.95,86.93,0.24,172.84
Tweed Offshore,2487,1762300800,2025-11-05 10:00:00,-28.21245,153.68065,0.71,1.16,8.33,4.21,22.9,96.95,0.26,173.01
Tweed Offshore,2487,1762302600,2025-11-05 10:30:00,-28.21249,153.68063,0.74,1.27,8.33,4.13,22.95,89.65,0.26,171.08
Tweed Offshore,2487,1762304400,2025-11-05 11:00:00,-28.21249,153.68061,0.76,1.24,8.33,4.03,22.99,101.7,0.27,176.88
Tweed Offshore,2487,1762306200,2025-11-05 11:30:00,-28.21254,153.68048,0.78,1.42,9.09,4.06,22.95,88.95,0.29,166.42
Tweed Offshore,2487,1762308000,2025-11-05 12:00:00,-28.21257,153.68046,0.78,1.25,8.7,4.22,22.99,87.37,0.31,172.84
Tweed Offshore,2487,1762309800,2025-11-05 12:30:00,-28.2126,153.68039,0.87,1.38,9.09,4.32,22.99,80.6,0.36,165.27
Tweed Offshore,2487,1762311600,2025-11-05 13:00:00,-28.21261,153.68031,0.76,1.13,8.7,4.07,22.99,90.36,0.35,169.05
Tweed Offshore,2487,1762313400,2025-11-05 13:30:00,-28.21263,153.68029,0.82,1.47,8.33,4.22,23.08,93.08,0.33,157.36
Tweed Offshore,2487,1762315200,2025-11-05 14:00:00,-28.21263,153.68024,0.9,1.54,8.7,4.39,23.13,93.43,0.4,168.0
Tweed Offshore,2487,1762317000,2025-11-05 14:30:00,-28.21267,153.68016,0.86,1.34,8.0,4.26,23.13,102.4,0.37,169.14
Tweed Offshore,2487,1762318800,2025-11-05 15:00:00,-28.21269,153.68009,0.93,1.44,8.7,4.23,23.13,93.87,0.38,163.6
Tweed Offshore,2487,1762320600,2025-11-05 15:30:00,-28.21269,153.68005,0.94,1.59,8.33,4.25,23.13,94.31,0.36,170.99
Tweed Offshore,2487,1762322400,2025-11-05 16:00:00,-28.21269,153.67994,0.87,1.37,8.7,4.14,23.13,93.17,0.38,169.41
Tweed Offshore,2487,1762324200,2025-11-05 16:30:00,-28.21272,153.67992,0.83,1.55,8.33,4.13,23.13,91.85,0.39,168.7
Tweed Offshore,2487,1762326000,2025-11-05 17:00:00,-28.21272,153.67996,0.82,1.35,8.7,4.18,23.13,86.84,0.42,171.34
Tweed Offshore,2487,1762327800,2025-11-05 17:30:00,-28.21273,153.67986,0.85,1.68,9.09,4.16,23.13,84.91,0.38,171.34
Tweed Offshore,2487,1762329600,2025-11-05 18:00:00,-28.2127,153.67986,0.83,1.58,8.33,4.14,22.95,102.84,0.33,171.08
Tweed Offshore,2487,1762331400,2025-11-05 18:30:00,-28.21269,153.67988,0.88,1.61,8.0,4.35,22.95,115.32,0.32,161.14
Tweed Offshore,2487,1762333200,2025-11-05 19:00:00,-28.21269,153.67994,0.91,1.57,8.7,4.58,22.95,82.53,0.37,158.86
Tweed Offshore,2487,1762335000,2025-11-05 19:30:00,-28.21269,153.68001,0.84,1.52,7.14,4.44,22.9,150.31,0.36,159.47
Tweed Offshore,2487,1762336800,2025-11-05 20:00:00,-28.21267,153.68009,0.97,1.6,7.41,4.84,22.86,134.93,0.35,155.25
Tweed Offshore,2487,1762338600,2025-11-05 20:30:00,-28.21263,153.68001,1.03,1.96,7.69,5.12,22.81,136.33,0.37,170.9
Tweed Offshore,2487,1762340400,2025-11-05 21:00:00,-28.21261,153.68016,1.04,1.54,7.41,5.06,22.77,148.73,0.32,153.49
Tweed Offshore,2487,1762342200,2025-11-05 21:30:00,-28.21261,153.68016,1.07,2.14,7.14,5.32,22.77,149.34,0.31,155.6
Tweed Offshore,2487,1762344000,2025-11-05 22:00:00,-28.21265,153.68007,1.02,1.47,9.09,5.23,22.68,109.08,0.28,161.23
Tweed Offshore,2487,1762345800,2025-11-05 22:30:00,-28.21263,153.68007,1.04,1.77,6.9,5.29,22.63,148.11,0.31,146.99
Tweed Offshore,2487,1762347600,2025-11-05 23:00:00,-28.21265,153.67999,1.04,1.73,7.41,5.34,22.68,145.04,0.26,149.36
Tweed Offshore,2487,1762349400,2025-11-05 23:30:00,-28.21265,153.67999,1.09,1.9,7.14,5.16,22.68,144.51,0.2,140.75
Tweed Offshore,2487,1762351200,2025-11-06 00:00:00,-28.21261,153.68001,1.01,1.6,6.9,4.86,22.68,142.31,0.2,133.71
Tweed Offshore,2487,1762353000,2025-11-06 00:30:00,-28.21263,153.67996,1.03,1.64,8.7,4.85,22.68,116.2,0.23,129.05
Tweed Offshore,2487,1762354800,2025-11-06 01:00:00,-28.21263,153.67996,0.97,1.66,8.7,4.75,22.68,109.61,0.27,122.55
Tweed Offshore,2487,1762356600,2025-11-06 01:30:00,-28.21261,153.6799,0.99,1.66,9.52,5.02,22.72,117.26,0.24,129.32
Tweed Offshore,2487,1762358400,2025-11-06 02:00:00,-28.21261,153.67986,0.96,1.45,9.52,4.84,22.68,130.09,0.23,120.79
Tweed Offshore,2487,1762360200,2025-11-06 02:30:00,-28.21261,153.6799,1.0,2.17,8.7,4.93,22.68,107.67,0.24,121.32
Tweed Offshore,2487,1762362000,2025-11-06 03:00:00,-28.21261,153.67992,0.99,1.8,8.33,5.08,22.68,106.71,0.19,113.58
Tweed Offshore,2487,1762363800,2025-11-06 03:30:00,-28.21261,153.67994,1.01,1.79,8.7,5.13,22.63,120.33,0.19,117.54
Tweed Offshore,2487,1762365600,2025-11-06 04:00:00,-28.21263,153.67994,0.97,1.93,9.52,5.0,22.63,116.55,0.14,118.68
Tweed Offshore,2487,1762367400,2025-11-06 04:30:00,-28.21263,153.68001,0.88,1.6,8.7,4.9,22.63,127.45,0.18,149.8
Tweed Offshore,2487,1762369200,2025-11-06 05:00:00,-28.2126,153.68005,0.91,1.34,8.7,4.92,22.54,125.08,0.2,182.24
Tweed Offshore,2487,1762371000,2025-11-06 05:30:00,-28.21261,153.68009,0.92,1.82,8.0,4.85,22.54,107.94,0.25,182.07
Tweed Offshore,2487,1762372800,2025-11-06 06:00:00,-28.21263,153.68014,0.94,1.49,8.7,5.07,22.54,151.81,0.29,176.26
Tweed Offshore,2487,1762374600,2025-11-06 06:30:00,-28.21265,153.68011,0.9,1.88,7.69,4.95,22.54,131.5,0.32,168.0
Tweed Offshore,2487,1762376400,2025-11-06 07:00:00,-28.21261,153.68018,0.96,1.8,8.7,5.47,22.5,127.89,0.38,179.96
Tweed Offshore,2487,1762378200,2025-11-06 07:30:00,-28.21276,153.68001,1.32,2.05,9.09,6.44,23.22,132.73,0.97,181.45
Tweed Offshore,2487,1762380000,2025-11-06 08:00:00,-28.21279,153.67999,1.2,2.25,8.7,6.2,23.35,135.54,0.97,176.0
Tweed Offshore,2487,1762381800,2025-11-06 08:30:00,-28.2128,153.68007,1.22,2.1,8.33,6.06,23.44,145.83,0.95,173.1
Tweed Offshore,2487,1762383600,2025-11-06 09:00:00,-28.21276,153.68011,1.13,1.98,8.7,6.01,23.49,135.02,0.86,170.99
Tweed Offshore,2487,1762385400,2025-11-06 09:30:00,-28.21275,153.68011,1.34,2.1,8.33,6.2,23.49,138.27,0.7,170.99
Tweed Offshore,2487,1762387200,2025-11-06 10:00:00,-28.21275,153.6802,1.21,1.99,8.33,6.03,23.49,140.64,0.72,170.46
Tweed Offshore,2487,1762389000,2025-11-06 10:30:00,-28.21273,153.68022,1.27,1.91,8.33,6.03,23.63,158.84,0.83,162.29
Tweed Offshore,2487,1762390800,2025-11-06 11:00:00,-28.21273,153.68022,1.24,2.13,8.0,5.87,23.72,153.39,0.78,166.77
Tweed Offshore,2487,1762392600,2025-11-06 11:30:00,-28.21275,153.68024,1.12,2.02,8.33,5.59,23.63,147.94,0.8,161.14
Tweed Offshore,2487,1762394400,2025-11-06 12:00:00,-28.21273,153.68026,1.15,1.76,7.69,5.63,23.63,158.75,0.74,159.21
Tweed Offshore,2487,1762396200,2025-11-06 12:30:00,-28.21273,153.68026,1.13,1.66,8.33,5.38,23.72,144.51,0.71,159.56
Tweed Offshore,2487,1762398000,2025-11-06 13:00:00,-28.21275,153.6802,1.19,2.42,8.33,5.4,23.76,157.34,0.71,168.88
Tweed Offshore,2487,1762399800,2025-11-06 13:30:00,-28.21275,153.68026,1.23,1.95,8.0,5.41,23.76,150.49,0.69,166.95
Tweed Offshore,2487,1762401600,2025-11-06 14:00:00,-28.21276,153.68016,1.23,1.77,8.0,5.1,23.58,153.74,0.82,175.38
Tweed Offshore,2487,1762403400,2025-11-06 14:30:00,-28.21276,153.68022,1.2,2.18,7.69,5.14,23.72,154.97,0.76,168.88
Tweed Offshore,2487,1762405200,2025-11-06 15:00:00,-28.21276,153.68018,1.2,1.92,7.41,5.08,23.72,153.74,0.74,170.81
Tweed Offshore,2487,1762407000,2025-11-06 15:30:00,-28.21276,153.6802,1.2,1.9,7.14,5.07,23.63,157.17,0.78,164.22
Tweed Offshore,2487,1762408800,2025-11-06 16:00:00,-28.21275,153.68018,1.28,2.01,7.69,5.16,23.58,141.34,0.77,164.13
Tweed Offshore,2487,1762410600,2025-11-06 16:30:00,-28.21273,153.68016,1.25,1.98,8.0,5.12,23.49,147.67,0.74,161.49
Tweed Offshore,2487,1762412400,2025-11-06 17:00:00,-28.21275,153.68018,1.26,2.1,7.41,5.05,23.54,150.31,0.7,157.89
Tweed Offshore,2487,1762414200,2025-11-06 17:30:00,-28.21275,153.68014,1.22,1.83,8.0,5.02,23.49,140.82,0.64,158.68
Tweed Offshore,2487,1762416000,2025-11-06 18:00:00,-28.21273,153.68011,1.22,2.07,7.41,4.86,23.63,150.31,0.74,161.14
Tweed Offshore,2487,1762417800,2025-11-06 18:30:00,-28.21273,153.68011,1.14,1.76,8.0,4.77,23.67,139.15,0.71,156.22
Tweed Offshore,2487,1762419600,2025-11-06 19:00:00,-28.21273,153.68007,1.2,1.92,7.41,4.92,23.67,148.38,0.69,155.96
Tweed Offshore,2487,1762421400,2025-11-06 19:30:00,-28.21273,153.67999,1.18,1.87,7.14,5.13,23.63,141.87,0.76,176.44
Tweed Offshore,2487,1762423200,2025-11-06 20:00:00,-28.21276,153.67999,1.19,2.1,6.9,5.12,23.72,156.64,0.77,174.77
Tweed Offshore,2487,1762425000,2025-11-06 20:30:00,-28.21279,153.67994,1.18,1.88,7.69,5.14,23.72,143.37,0.84,177.05
Tweed Offshore,2487,1762426800,2025-11-06 21:00:00,-28.21279,153.67996,1.15,1.89,7.69,5.21,23.72,149.43,0.86,170.99
Tweed Offshore,2487,1762428600,2025-11-06 21:30:00,-28.21279,153.67999,1.2,2.32,7.69,5.37,23.67,145.83,0.94,169.41
Tweed Offshore,2487,1762430400,2025-11-06 22:00:00,-28.21279,153.68005,1.2,2.01,7.14,5.32,23.63,145.56,0.96,162.11
Tweed Offshore,2487,1762432200,2025-11-06 22:30:00,-28.21279,153.68001,1.15,1.87,7.69,5.3,23.58,142.22,0.91,162.11
Tweed Offshore,2487,1762434000,2025-11-06 23:00:00,-28.21279,153.67999,1.18,1.58,7.14,5.27,23.49,151.19,0.84,159.12
Tweed Offshore,2487,1762435800,2025-11-06 23:30:00,-28.21276,153.67994,1.18,1.75,7.14,5.39,23.44,147.67,0.79,157.98
Tweed Offshore,2487,1762437600,2025-11-07 00:00:00,-28.21276,153.67988,1.2,1.97,7.41,5.27,23.31,148.99,0.7,157.63
Tweed Offshore,2487,1762437600,2025-11-07 00:00:00,-28.21276,153.6799,1.2,1.97,7.41,5.27,23.31,148.99,0.7,157.63
Tweed Offshore,2487,1762439400,2025-11-07 00:30:00,-28.21275,153.6799,1.06,2.15,7.69,5.02,23.22,129.74,0.67,157.1
Tweed Offshore,2487,1762441200,2025-11-07 01:00:00,-28.21273,153.67986,1.08,1.71,7.14,5.05,23.13,150.14,0.64,155.08
Tweed Offshore,2487,1762443000,2025-11-07 01:30:00,-28.21275,153.67979,1.09,1.75,6.67,5.09,23.08,152.33,0.57,156.66
Tweed Offshore,2487,1762444800,2025-11-07 02:00:00,-28.21273,153.67977,1.08,1.7,11.76,5.04,23.04,167.28,0.53,170.55
Tweed Offshore,2487,1762446600,2025-11-07 02:30:00,-28.21273,153.67975,1.09,1.71,6.9,4.93,23.04,156.91,0.51,176.7
Tweed Offshore,2487,1762448400,2025-11-07 03:00:00,-28.21273,153.67973,0.99,1.78,11.11,4.79,22.99,161.48,0.52,174.77
Tweed Offshore,2487,1762450200,2025-11-07 03:30:00,-28.21273,153.67975,0.97,1.54,5.88,4.89,22.99,146.62,0.54,180.4
Tweed Offshore,2487,1762452000,2025-11-07 04:00:00,-28.21273,153.67979,0.99,1.61,10.53,4.81,22.95,163.23,0.54,172.13
Tweed Offshore,2487,1762453800,2025-11-07 04:30:00,-28.21273,153.67979,1.01,1.59,6.67,4.84,22.9,148.55,0.5,172.31
Tweed Offshore,2487,1762455600,2025-11-07 05:00:00,-28.21273,153.67983,0.97,1.95,11.11,4.84,22.81,164.38,0.51,168.7
Tweed Offshore,2487,1762457400,2025-11-07 05:30:00,-28.21272,153.67988,1.0,1.55,11.76,5.17,22.77,157.96,0.53,169.58
Tweed Offshore,2487,1762459200,2025-11-07 06:00:00,-28.2127,153.6799,1.0,1.48,10.0,5.41,22.77,141.87,0.62,190.86
Tweed Offshore,2487,1762461000,2025-11-07 06:30:00,-28.21272,153.67986,1.01,1.87,10.0,5.64,22.99,138.27,0.71,186.46
Tweed Offshore,2487,1762462800,2025-11-07 07:00:00,-28.21275,153.67999,1.12,1.76,10.0,5.95,22.95,148.47,0.8,179.52
Tweed Offshore,2487,1762464600,2025-11-07 07:30:00,-28.21273,153.67996,1.03,1.8,10.0,5.84,22.95,153.12,0.88,186.64
Tweed Offshore,2487,1762466400,2025-11-07 08:00:00,-28.21275,153.67996,1.04,1.39,10.53,5.96,23.13,149.7,0.91,181.27
Tweed Offshore,2487,1762468200,2025-11-07 08:30:00,-28.21276,153.68001,1.12,1.9,10.0,6.33,23.17,151.28,0.93,175.3
Tweed Offshore,2487,1762470000,2025-11-07 09:00:00,-28.21276,153.68009,1.12,1.83,10.0,6.27,23.13,150.58,1.03,174.24
Tweed Offshore,2487,1762471800,2025-11-07 09:30:00,-28.21276,153.68009,1.04,1.92,9.52,5.97,23.76,134.14,1.1,170.73
Tweed Offshore,2487,1762473600,2025-11-07 10:00:00,-28.21276,153.68018,1.15,1.74,10.0,6.25,24.08,162.88,1.1,168.35
Tweed Offshore,2487,1762475400,2025-11-07 10:30:00,-28.21276,153.6802,1.08,2.06,10.53,6.02,24.45,158.22,1.04,168.0
Tweed Offshore,2487,1762477200,2025-11-07 11:00:00,-28.21275,153.68026,1.12,1.7,10.0,6.16,24.45,150.4,1.03,166.51
Tweed Offshore,2487,1762479000,2025-11-07 11:30:00,-28.21276,153.68029,1.23,1.88,11.11,6.51,24.4,163.06,1.04,163.96
Tweed Offshore,2487,1762480800,2025-11-07 12:00:00,-28.21275,153.68033,1.19,1.86,8.7,6.24,24.17,141.61,1.03,162.2
Tweed Offshore,2487,1762482600,2025-11-07 12:30:00,-28.21273,153.68044,1.18,1.91,8.7,6.0,24.08,130.62,1.02,160.79
Tweed Offshore,2487,1762484400,2025-11-07 13:00:00,-28.21272,153.68046,1.1,1.86,8.7,5.96,24.08,133.34,1.05,157.63
Tweed Offshore,2487,1762486200,2025-11-07 13:30:00,-28.2127,153.68052,1.09,1.75,8.7,5.58,23.99,131.76,1.05,155.08
Tweed Offshore,2487,1762488000,2025-11-07 14:00:00,-28.21267,153.68057,1.12,1.85,8.33,5.38,23.99,153.56,1.01,149.45
Tweed Offshore,2487,1762489800,2025-11-07 14:30:00,-28.21269,153.68054,1.17,2.06,8.7,5.49,23.81,116.47,0.97,148.22
Tweed Offshore,2487,1762491600,2025-11-07 15:00:00,-28.21267,153.68054,1.17,2.07,8.7,5.07,23.54,113.92,0.91,146.02
Tweed Offshore,2487,1762493400,2025-11-07 15:30:00,-28.21267,153.68052,1.11,2.19,8.33,4.81,23.26,123.85,0.82,145.41
Tweed Offshore,2487,1762495200,2025-11-07 16:00:00,-28.21265,153.68054,1.04,1.78,8.7,4.62,23.13,121.83,0.83,140.84
Tweed Offshore,2487,1762497000,2025-11-07 16:30:00,-28.21257,153.68057,1.14,1.79,8.0,4.71,22.95,120.42,0.74,128.26
Tweed Offshore,2487,1762498800,2025-11-07 17:00:00,-28.2126,153.68054,1.15,2.0,8.7,4.86,22.95,131.59,0.74,130.02
Tweed Offshore,2487,1762500600,2025-11-07 17:30:00,-28.2126,153.68054,1.0,1.78,8.0,4.37,22.9,127.89,0.73,129.67
Tweed Offshore,2487,1762502400,2025-11-07 18:00:00,-28.2126,153.68048,1.11,1.62,8.7,4.59,22.72,121.04,0.69,128.18
Tweed Offshore,2487,1762504200,2025-11-07 18:30:00,-28.2126,153.68048,1.07,1.86,8.0,4.45,22.59,120.42,0.64,132.57
Tweed Offshore,2487,1762506000,2025-11-07 19:00:00,-28.21263,153.68042,1.11,2.01,10.0,4.57,22.45,151.28,0.59,133.8
Tweed Offshore,2487,1762507800,2025-11-07 19:30:00,-28.21265,153.68033,1.1,1.9,9.09,4.41,22.45,120.86,0.59,135.65
Tweed Offshore,2487,1762509600,2025-11-07 20:00:00,-28.21267,153.68029,1.02,2.17,10.53,4.26,22.41,152.69,0.45,130.64
Tweed Offshore,2487,1762511400,2025-11-07 20:30:00,-28.21267,153.68026,1.05,2.01,9.09,4.15,22.36,122.09,0.44,138.11
Tweed Offshore,2487,1762513200,2025-11-07 21:00:00,-28.21269,153.68024,1.01,1.88,9.52,4.0,22.23,138.62,0.4,132.66
Tweed Offshore,2487,1762515000,2025-11-07 21:30:00,-28.21269,153.68022,1.05,1.93,8.7,4.13,22.18,122.71,0.35,131.52
Tweed Offshore,2487,1762516800,2025-11-07 22:00:00,-28.21269,153.68016,1.0,1.91,9.09,4.08,22.1,123.59,0.33,134.15
Tweed Offshore,2487,1762518600,2025-11-07 22:30:00,-28.21269,153.68011,1.03,2.05,7.69,4.16,22.01,118.31,0.31,138.29
Tweed Offshore,2487,1762520400,2025-11-07 23:00:00,-28.21269,153.68016,1.14,2.22,8.33,4.31,21.92,116.29,0.33,141.45
Tweed Offshore,2487,1762522200,2025-11-07 23:30:00,-28.21269,153.68011,1.24,1.85,8.0,4.55,21.78,117.08,0.32,140.13
Tweed Offshore,2487,1762524000,2025-11-08 00:00:00,-28.21267,153.68011,1.17,2.08,8.33,4.33,21.78,124.73,0.31,134.59
Tweed Offshore,2487,1762524000,2025-11-08 00:00:00,-28.21269,153.68014,1.17,2.08,8.33,4.33,21.78,124.73,0.31,134.59
Tweed Offshore,2487,1762525800,2025-11-08 00:30:00,-28.21267,153.68014,1.14,1.84,7.69,4.36,21.83,122.18,0.31,142.51
Tweed Offshore,2487,1762527600,2025-11-08 01:00:00,-28.2127,153.68009,1.05,1.95,8.33,3.96,21.74,128.86,0.39,152.62
Tweed Offshore,2487,1762529400,2025-11-08 01:30:00,-28.2127,153.68005,1.08,2.42,8.33,4.04,21.61,121.83,0.34,156.57
Tweed Offshore,2487,1762531200,2025-11-08 02:00:00,-28.2127,153.67999,1.12,2.07,8.33,4.07,21.65,115.23,0.39,160.26
Tweed Offshore,2487,1762533000,2025-11-08 02:30:00,-28.21273,153.67994,1.02,1.94,8.7,3.7,21.65,118.93,0.41,160.62
Tweed Offshore,2487,1762534800,2025-11-08 03:00:00,-28.21273,153.67994,1.12,1.95,8.0,3.85,21.69,118.93,0.44,156.92
Tweed Offshore,2487,1762536600,2025-11-08 03:30:00,-28.21273,153.67994,1.07,2.0,8.0,3.62,21.69,108.47,0.51,154.02
Tweed Offshore,2487,1762538400,2025-11-08 04:00:00,-28.21273,153.67992,1.01,1.68,7.69,3.64,21.65,111.54,0.51,150.95
Tweed Offshore,2487,1762540200,2025-11-08 04:30:00,-28.21275,153.6799,0.95,1.9,8.33,3.57,21.56,116.11,0.54,166.07
Tweed Offshore,2487,1762542000,2025-11-08 05:00:00,-28.21273,153.6799,0.96,1.52,8.7,3.53,21.52,110.22,0.49,163.78
Tweed Offshore,2487,1762543800,2025-11-08 05:30:00,-28.21273,153.67992,0.86,1.72,8.33,3.43,21.52,110.93,0.53,159.91
Tweed Offshore,2487,1762545600,2025-11-08 06:00:00,-28.2127,153.68001,0.82,1.33,8.33,3.78,21.52,108.47,0.55,178.55
Tweed Offshore,2487,1762547400,2025-11-08 06:30:00,-28.2128,153.67981,0.85,1.48,7.69,4.49,22.95,100.47,1.07,182.68
Tweed Offshore,2487,1762549200,2025-11-08 07:00:00,-28.21282,153.67977,0.79,1.35,7.41,4.35,23.08,103.89,1.17,180.48
Tweed Offshore,2487,1762551000,2025-11-08 07:30:00,-28.21284,153.67979,0.79,1.4,8.33,4.51,23.26,100.2,1.18,181.36
Tweed Offshore,2487,1762552800,2025-11-08 08:00:00,-28.21285,153.67986,0.77,1.35,8.33,3.65,23.26,96.69,1.19,179.96
Tweed Offshore,2487,1762554600,2025-11-08 08:30:00,-28.21287,153.67996,0.74,1.26,9.09,3.06,23.31,118.14,1.24,170.64
Tweed Offshore,2487,1762556400,2025-11-08 09:00:00,-28.21288,153.68001,0.76,1.61,8.33,3.0,23.26,99.23,1.28,169.85
Tweed Offshore,2487,1762558200,2025-11-08 09:30:00,-28.2129,153.68005,0.83,1.41,8.0,3.18,23.26,102.93,1.32,167.3
Tweed Offshore,2487,1762560000,2025-11-08 10:00:00,-28.21294,153.68009,0.86,1.51,8.0,3.21,23.4,110.22,1.35,165.71
Tweed Offshore,2487,1762561800,2025-11-08 10:30:00,-28.2129,153.68011,0.85,1.54,7.69,2.89,23.58,103.81,1.36,164.75
Tweed Offshore,2487,1762563600,2025-11-08 11:00:00,-28.21288,153.68016,0.9,1.6,8.0,2.81,23.49,96.25,1.34,163.43
Tweed Offshore,2487,1762565400,2025-11-08 11:30:00,-28.2129,153.68011,0.91,1.38,8.33,2.85,23.63,98.0,1.37,162.2
Tweed Offshore,2487,1762567200,2025-11-08 12:00:00,-28.2129,153.68022,0.99,1.6,7.69,2.96,23.63,100.29,1.33,161.14
Tweed Offshore,2487,1762569000,2025-11-08 12:30:00,-28.21288,153.68024,1.01,1.6,8.33,2.99,23.58,97.21,1.33,157.98
Tweed Offshore,2487,1762570800,2025-11-08 13:00:00,-28.21288,153.68031,1.05,1.79,3.77,3.05,23.44,10.71,1.29,157.19
Tweed Offshore,2487,1762572600,2025-11-08 13:30:00,-28.21288,153.68031,1.06,1.82,3.85,3.0,23.49,6.93,1.32,154.99
Tweed Offshore,2487,1762574400,2025-11-08 14:00:00,-28.21287,153.68033,1.05,1.72,4.17,3.05,23.49,23.54,1.31,155.16
Tweed Offshore,2487,1762576200,2025-11-08 14:30:00,-28.21288,153.68033,1.1,1.71,4.0,3.19,23.49,16.95,1.33,153.93
Tweed Offshore,2487,1762578000,2025-11-08 15:00:00,-28.21288,153.68035,1.19,1.98,4.26,3.31,23.4,22.49,1.36,151.3
Tweed Offshore,2487,1762579800,2025-11-08 15:30:00,-28.2129,153.68033,1.16,2.27,4.35,3.22,23.44,28.82,1.33,151.03
Tweed Offshore,2487,1762581600,2025-11-08 16:00:00,-28.21285,153.68033,1.22,1.84,4.35,3.32,23.26,16.25,1.34,151.38
Tweed Offshore,2487,1762583400,2025-11-08 16:30:00,-28.2128,153.68031,1.21,2.02,4.55,3.36,23.04,23.89,1.21,150.95
Tweed Offshore,2487,1762585200,2025-11-08 17:00:00,-28.21282,153.68033,1.18,2.37,4.26,3.25,22.9,11.85,1.21,148.66
Tweed Offshore,2487,1762587000,2025-11-08 17:30:00,-28.2128,153.68031,1.12,1.91,4.26,3.17,22.81,16.77,1.14,147.6
Tweed Offshore,2487,1762588800,2025-11-08 18:00:00,-28.2128,153.68031,1.21,2.12,4.65,3.33,22.72,18.18,1.15,141.27
Tweed Offshore,2487,1762590600,2025-11-08 18:30:00,-28.21279,153.68031,1.11,1.84,4.55,3.24,22.77,19.94,1.16,143.74
Tweed Offshore,2487,1762592400,2025-11-08 19:00:00,-28.21276,153.68029,1.07,2.04,4.65,3.18,22.68,17.65,0.99,143.21
Tweed Offshore,2487,1762594200,2025-11-08 19:30:00,-28.21279,153.68024,1.1,1.99,4.88,3.34,22.68,20.03,1.07,145.93
Tweed Offshore,2487,1762596000,2025-11-08 20:00:00,-28.21279,153.68024,1.06,1.81,4.76,3.34,22.63,28.38,1.0,144.7
Tweed Offshore,2487,1762597800,2025-11-08 20:30:00,-28.21279,153.68024,1.04,2.1,4.65,3.1,22.63,24.33,1.02,141.54
Tweed Offshore,2487,1762599600,2025-11-08 21:00:00,-28.21279,153.68022,1.05,1.88,4.88,3.17,22.5,27.5,0.96,142.24
Tweed Offshore,2487,1762601400,2025-11-08 21:30:00,-28.2128,153.68016,0.98,1.57,5.0,3.26,22.32,28.47,0.91,150.68
Tweed Offshore,2487,1762603200,2025-11-08 22:00:00,-28.21279,153.68024,0.94,1.56,5.13,3.15,22.18,36.82,0.91,145.93
Tweed Offshore,2487,1762605000,2025-11-08 22:30:00,-28.21279,153.68016,0.93,1.57,5.56,3.0,22.1,30.66,0.87,145.76
Tweed Offshore,2487,1762606800,2025-11-08 23:00:00,-28.21279,153.68005,0.99,1.74,5.56,3.21,21.87,26.88,0.7,148.92
Tweed Offshore,2487,1762608600,2025-11-08 23:30:00,-28.21275,153.68007,1.01,1.57,5.88,3.28,21.87,22.66,0.68,151.3
Tweed Offshore,2487,1762610400,2025-11-09 00:00:00,-28.21275,153.68007,0.99,1.63,5.56,3.31,21.87,28.99,0.65,155.34
Tweed Offshore,2487,1762610400,2025-11-09 00:00:00,-28.21275,153.68009,0.99,1.63,5.56,3.31,21.87,28.99,0.65,155.34
Tweed Offshore,2487,1762612200,2025-11-09 00:30:00,-28.21275,153.68007,0.96,1.51,5.88,3.16,21.87,30.14,0.67,152.09
Tweed Offshore,2487,1762614000,2025-11-09 01:00:00,-28.21275,153.68009,0.99,1.76,5.26,3.07,21.78,27.76,0.59,150.24
Tweed Offshore,2487,1762615800,2025-11-09 01:30:00,-28.21275,153.68014,1.01,1.66,5.88,3.18,21.74,28.2,0.58,144.79
Tweed Offshore,2487,1762617600,2025-11-09 02:00:00,-28.21275,153.68001,1.0,1.63,3.85,3.14,21.65,21.17,0.56,152.88
Tweed Offshore,2487,1762619400,2025-11-09 02:30:00,-28.21275,153.68001,0.94,1.78,3.77,3.07,21.61,30.49,0.56,148.48
Tweed Offshore,2487,1762621200,2025-11-09 03:00:00,-28.21276,153.67996,0.97,1.64,5.71,3.08,21.61,26.36,0.57,153.05
Tweed Offshore,2487,1762623000,2025-11-09 03:30:00,-28.21279,153.67999,0.88,1.33,5.71,3.05,21.61,28.99,0.56,156.48
Tweed Offshore,2487,1762624800,2025-11-09 04:00:00,-28.21275,153.67994,0.79,1.24,8.33,3.06,21.61,95.19,0.59,164.84
Tweed Offshore,2487,1762626600,2025-11-09 04:30:00,-28.21276,153.67992,0.75,1.45,8.7,2.95,21.69,86.58,0.56,170.64
Tweed Offshore,2487,1762628400,2025-11-09 05:00:00,-28.21276,153.6799,0.69,1.16,9.52,2.95,21.78,95.81,0.56,163.69
Tweed Offshore,2487,1762630200,2025-11-09 05:30:00,-28.21276,153.67988,0.64,1.18,8.33,3.08,21.83,96.51,0.54,167.03
Tweed Offshore,2487,1762632000,2025-11-09 06:00:00,-28.21273,153.67986,0.63,1.19,8.0,2.99,21.87,94.93,0.51,169.32
Tweed Offshore,2487,1762633800,2025-11-09 06:30:00,-28.21269,153.67994,0.58,1.14,9.09,2.85,21.92,89.39,0.6,191.56
Tweed Offshore,2487,1762635600,2025-11-09 07:00:00,-28.21273,153.67994,0.59,1.01,12.5,3.03,22.27,164.91,0.67,183.47
Tweed Offshore,2487,1762637400,2025-11-09 07:30:00,-28.21275,153.67994,0.58,1.22,8.7,2.89,22.32,92.82,0.73,177.58
Tweed Offshore,2487,1762639200,2025-11-09 08:00:00,-28.21276,153.67992,0.53,0.94,8.33,2.68,22.32,92.64,0.62,178.46
Tweed Offshore,2487,1762641000,2025-11-09 08:30:00,-28.21279,153.67992,0.54,1.04,7.41,2.52,22.23,90.53,0.9,175.47
Tweed Offshore,2487,1762642800,2025-11-09 09:00:00,-28.21287,153.67981,0.59,1.02,8.33,2.52,22.63,94.22,1.18,176.18
Tweed Offshore,2487,1762644600,2025-11-09 09:30:00,-28.21287,153.67981,0.59,1.14,9.09,2.54,22.77,88.86,1.14,179.34
Tweed Offshore,2487,1762646400,2025-11-09 10:00:00,-28.21288,153.67986,0.59,0.97,8.7,2.55,22.68,79.72,1.16,172.66
Tweed Offshore,2487,1762648200,2025-11-09 10:30:00,-28.21288,153.67983,0.58,1.03,8.0,2.59,22.63,83.67,1.14,174.42
Tweed Offshore,2487,1762650000,2025-11-09 11:00:00,-28.21284,153.67994,0.59,1.02,8.33,2.66,22.63,85.08,1.08,168.35
Tweed Offshore,2487,1762651800,2025-11-09 11:30:00,-28.21285,153.67994,0.61,1.21,8.0,2.7,22.59,80.69,1.12,164.31
Tweed Offshore,2487,1762653600,2025-11-09 12:00:00,-28.21284,153.68005,0.57,1.05,8.0,2.61,22.59,83.06,1.06,162.9
Tweed Offshore,2487,1762655400,2025-11-09 12:30:00,-28.21282,153.68009,0.57,1.06,8.33,2.65,22.54,83.67,1.06,160.79
Tweed Offshore,2487,1762657200,2025-11-09 13:00:00,-28.2128,153.68014,0.61,1.02,8.0,2.92,22.5,86.22,1.02,157.8
Tweed Offshore,2487,1762659000,2025-11-09 13:30:00,-28.21279,153.6802,0.6,1.02,9.09,2.78,22.5,95.19,0.98,154.9
Tweed Offshore,2487,1762660800,2025-11-09 14:00:00,-28.21276,153.68024,0.62,1.11,9.09,2.81,22.41,85.52,0.96,149.54
Tweed Offshore,2487,1762662600,2025-11-09 14:30:00,-28.21275,153.68029,0.62,1.0,9.52,3.02,22.41,80.25,0.87,147.34
Tweed Offshore,2487,1762664400,2025-11-09 15:00:00,-28.21273,153.68031,0.61,1.02,9.09,3.04,22.41,77.87,0.81,144.09
Tweed Offshore,2487,1762666200,2025-11-09 15:30:00,-28.21273,153.68031,0.56,0.98,9.09,3.14,22.41,82.36,0.78,145.93
Tweed Offshore,2487,1762668000,2025-11-09 16:00:00,-28.21272,153.68031,0.57,1.03,8.7,3.58,22.36,84.91,0.71,143.56
Tweed Offshore,2487,1762669800,2025-11-09 16:30:00,-28.21272,153.68029,0.58,0.99,8.7,3.78,22.32,92.29,0.6,145.05
Tweed Offshore,2487,1762671600,2025-11-09 17:00:00,-28.2127,153.68029,0.62,1.0,8.7,3.84,22.27,90.8,0.56,134.24
Tweed Offshore,2487,1762673400,2025-11-09 17:30:00,-28.21267,153.68024,0.58,0.97,8.7,3.88,22.27,85.26,0.5,124.13
Tweed Offshore,2487,1762675200,2025-11-09 18:00:00,-28.21269,153.68018,0.59,1.01,8.7,4.17,22.27,96.25,0.54,138.64
Tweed Offshore,2487,1762677000,2025-11-09 18:30:00,-28.21269,153.6802,0.62,1.03,8.33,4.32,22.23,85.43,0.49,134.15
Tweed Offshore,2487,1762678800,2025-11-09 19:00:00,-28.21269,153.68014,0.64,1.02,9.09,4.39,22.18,92.03,0.49,130.73
Tweed Offshore,2487,1762680600,2025-11-09 19:30:00,-28.21269,153.68014,0.62,0.93,9.09,4.32,22.18,91.15,0.4,122.73
Tweed Offshore,2487,1762682400,2025-11-09 20:00:00,-28.2127,153.68009,0.63,1.15,8.7,4.04,22.18,84.2,0.41,134.68
Tweed Offshore,2487,1762684200,2025-11-09 20:30:00,-28.2127,153.68007,0.57,1.18,12.5,3.48,22.18,153.83,0.32,128.62
Tweed Offshore,2487,1762686000,2025-11-09 21:00:00,-28.21269,153.68009,0.54,1.01,13.33,3.49,22.14,151.45,0.48,125.8
Tweed Offshore,2487,1762687800,2025-11-09 21:30:00,-28.21269,153.68009,0.55,0.8,13.33,4.09,22.05,149.26,0.45,131.6
Tweed Offshore,2487,1762689600,2025-11-09 22:00:00,-28.21267,153.67994,0.56,0.92,11.76,4.37,21.96,146.71,0.3,188.84
Tweed Offshore,2487,1762691400,2025-11-09 22:30:00,-28.2127,153.68009,0.57,0.93,11.76,4.38,21.96,152.77,0.34,154.81
Tweed Offshore,2487,1762693200,2025-11-09 23:00:00,-28.21267,153.68014,0.58,0.96,11.76,3.99,21.96,150.84,0.36,135.82
Tweed Offshore,2487,1762695000,2025-11-09 23:30:00,-28.21267,153.68003,0.62,1.36,13.33,3.78,21.92,146.71,0.27,134.86
Tweed Offshore,2487,1762696800,2025-11-10 00:00:00,-28.21265,153.67994,0.69,1.44,3.17,3.45,21.92,181.52,0.26,149.1
Tweed Offshore,2487,1762698600,2025-11-10 00:30:00,-28.21263,153.67979,0.76,1.39,11.11,3.8,21.92,158.66,0.23,205.19
Tweed Offshore,2487,1762700400,2025-11-10 01:00:00,-28.21265,153.67992,0.93,1.49,11.76,3.97,21.96,162.71,0.23,184.88
Tweed Offshore,2487,1762702200,2025-11-10 01:30:00,-28.2127,153.67971,1.04,1.75,5.26,4.21,22.27,182.84,0.35,191.91
Tweed Offshore,2487,1762704000,2025-11-10 02:00:00,-28.21272,153.67966,1.12,1.77,11.76,4.45,22.41,166.05,0.39,178.99
Tweed Offshore,2487,1762705800,2025-11-10 02:30:00,-28.2127,153.67964,1.3,2.71,5.71,4.45,22.45,156.64,0.36,185.23
Tweed Offshore,2487,1762707600,2025-11-10 03:00:00,-28.2127,153.67964,1.51,2.4,6.06,4.8,22.41,161.65,0.28,177.49
Tweed Offshore,2487,1762709400,2025-11-10 03:30:00,-28.21269,153.67956,1.92,3.1,7.14,5.27,22.54,153.83,0.32,178.11
Tweed Offshore,2487,1762711200,2025-11-10 04:00:00,-28.21267,153.67951,1.94,2.98,7.41,5.31,22.63,170.0,0.32,194.02
Tweed Offshore,2487,1762713000,2025-11-10 04:30:00,-28.2127,153.67964,2.05,3.51,7.41,5.36,22.72,160.95,0.35,195.78
Tweed Offshore,2487,1762714800,2025-11-10 05:00:00,-28.2127,153.6796,1.91,3.04,7.41,5.23,22.72,168.86,0.45,194.11
Tweed Offshore,2487,1762716600,2025-11-10 05:30:00,-28.2127,153.67958,1.97,3.65,7.41,5.31,22.72,172.64,0.43,193.76
Tweed Offshore,2487,1762718400,2025-11-10 06:00:00,-28.21272,153.6796,2.01,3.04,7.69,5.51,22.77,169.3,0.66,204.48
Tweed Offshore,2487,1762720200,2025-11-10 06:30:00,-28.21272,153.67986,1.94,3.35,7.69,5.67,23.13,160.16,0.81,200.35
Tweed Offshore,2487,1762722000,2025-11-10 07:00:00,-28.21272,153.67986,2.02,3.39,8.33,6.08,23.35,157.26,0.89,192.44
Tweed Offshore,2487,1762723800,2025-11-10 07:30:00,-28.21275,153.67986,2.2,3.45,8.0,6.44,23.4,157.52,0.87,190.15
Tweed Offshore,2487,1762725600,2025-11-10 08:00:00,-28.21279,153.67973,2.34,3.34,8.7,6.55,23.4,151.81,0.88,188.31
Tweed Offshore,2487,1762727400,2025-11-10 08:30:00,-28.2128,153.67971,2.61,4.54,8.33,6.77,23.4,152.25,0.93,185.32
Tweed Offshore,2487,1762729200,2025-11-10 09:00:00,-28.21282,153.67971,2.42,3.81,9.52,6.57,23.4,165.61,0.98,183.12
Tweed Offshore,2487,1762731000,2025-11-10 09:30:00,-28.21282,153.67975,2.41,3.85,9.52,6.5,23.4,167.98,0.97,177.23
Tweed Offshore,2487,1762732800,2025-11-10 10:00:00,-28.21282,153.67981,2.51,3.85,10.0,6.7,23.4,168.86,0.94,174.68
Tweed Offshore,2487,1762734600,2025-11-10 10:30:00,-28.21284,153.67979,2.61,4.16,9.52,6.74,23.4,163.32,0.99,174.33
Tweed Offshore,2487,1762736400,2025-11-10 11:00:00,-28.21284,153.67986,2.74,5.16,8.33,6.76,23.35,153.39,0.94,176.53
Tweed Offshore,2487,1762738200,2025-11-10 11:30:00,-28.21285,153.67986,2.69,4.93,9.52,6.83,23.4,159.1,1.01,175.47
Tweed Offshore,2487,1762740000,2025-11-10 12:00:00,-28.21285,153.67988,2.55,5.08,10.53,6.65,23.4,160.95,0.95,172.4
Tweed Offshore,2487,1762741800,2025-11-10 12:30:00,-28.21284,153.67992,2.64,5.47,10.0,6.76,23.4,162.8,0.92,168.0
Tweed Offshore,2487,1762743600,2025-11-10 13:00:00,-28.21284,153.67996,2.57,4.05,10.53,6.71,23.4,156.99,0.97,167.03
Tweed Offshore,2487,1762745400,2025-11-10 13:30:00,-28.21282,153.68005,2.52,3.84,11.76,6.76,23.49,155.41,0.89,166.15
Tweed Offshore,2487,1762747200,2025-11-10 14:00:00,-28.2128,153.68009,2.39,3.85,10.0,6.76,23.4,166.4,0.91,157.27
Tweed Offshore,2487,1762749000,2025-11-10 14:30:00,-28.2128,153.68016,2.52,3.73,11.11,6.89,23.4,158.49,0.88,153.76
Tweed Offshore,2487,1762750800,2025-11-10 15:00:00,-28.2128,153.68016,2.5,4.25,10.53,6.85,23.4,156.99,0.86,153.58
Tweed Offshore,2487,1762752600,2025-11-10 15:30:00,-28.21276,153.68016,2.51,4.23,11.11,6.67,23.4,157.26,0.77,154.9
Tweed Offshore,2487,1762754400,2025-11-10 16:00:00,-28.2128,153.68009,2.4,3.92,11.11,6.76,23.35,163.94,0.81,163.6
Tweed Offshore,2487,1762756200,2025-11-10 16:30:00,-28.21279,153.68016,2.5,4.69,12.5,6.93,23.35,159.81,0.85,164.75
Tweed Offshore,2487,1762758000,2025-11-10 17:00:00,-28.2128,153.68011,2.41,3.76,11.76,6.59,23.35,155.85,0.81,162.99
Tweed Offshore,2487,1762759800,2025-11-10 17:30:00,-28.21279,153.68016,2.48,3.98,12.5,6.88,23.35,153.65,0.86,163.69
Tweed Offshore,2487,1762761600,2025-11-10 18:00:00,-28.21276,153.68014,2.73,4.23,11.76,7.02,23.31,164.82,0.77,155.96
Tweed Offshore,2487,1762763400,2025-11-10 18:30:00,-28.21279,153.68003,2.57,4.54,11.76,6.84,23.26,162.53,0.77,162.11
Tweed Offshore,2487,1762765200,2025-11-10 19:00:00,-28.2128,153.68001,2.55,3.92,11.76,6.83,23.26,160.86,0.72,162.11
Tweed Offshore,2487,1762767000,2025-11-10 19:30:00,-28.2128,153.67999,2.41,4.49,10.53,6.63,23.26,162.53,0.76,166.51
Tweed Offshore,2487,1762768800,2025-11-10 20:00:00,-28.2128,153.67994,2.73,5.76,11.11,6.97,23.22,166.49,0.73,178.64
Tweed Offshore,2487,1762770600,2025-11-10 20:30:00,-28.21279,153.67994,2.78,4.52,10.53,6.64,23.22,154.88,0.66,165.54
Tweed Offshore,2487,1762772400,2025-11-10 21:00:00,-28.21276,153.67979,2.71,4.71,11.11,6.59,23.13,157.34,0.6,177.85
Tweed Offshore,2487,1762774200,2025-11-10 21:30:00,-28.21279,153.67986,2.89,4.76,11.76,6.92,23.13,161.04,0.63,178.11
Tweed Offshore,2487,1762776000,2025-11-10 22:00:00,-28.21276,153.67979,2.63,4.01,11.76,6.62,23.13,164.11,0.56,178.46
Tweed Offshore,2487,1762777800,2025-11-10 22:30:00,-28.21276,153.67979,2.56,4.42,12.5,6.96,23.13,160.33,0.58,176.53
Tweed Offshore,2487,1762779600,2025-11-10 23:00:00,-28.21276,153.67979,2.81,4.56,11.76,7.14,23.13,158.93,0.63,178.2
Tweed Offshore,2487,1762781400,2025-11-10 23:30:00,-28.21279,153.67971,2.66,4.0,11.11,7.2,23.17,166.66,0.69,181.71
Tweed Offshore,2487,1762783200,2025-11-11 00:00:00,-28.21279,153.67973,2.54,4.15,11.76,7.18,23.22,154.71,0.71,175.56
Tweed Offshore,2487,1762783200,2025-11-11 00:00:00,-28.21279,153.67971,2.54,4.15,11.76,7.18,23.22,154.71,0.71,175.56
Tweed Offshore,2487,1762785000,2025-11-11 00:30:00,-28.2128,153.67971,2.58,3.89,11.76,7.57,23.17,154.53,0.68,172.75
Tweed Offshore,2487,1762786800,2025-11-11 01:00:00,-28.21276,153.67971,2.33,4.28,11.76,7.25,23.13,151.81,0.62,172.31
Tweed Offshore,2487,1762788600,2025-11-11 01:30:00,-28.21275,153.67964,2.42,4.08,11.76,7.48,23.13,154.97,0.59,175.47
Tweed Offshore,2487,1762790400,2025-11-11 02:00:00,-28.21275,153.67964,2.29,3.7,11.11,7.49,23.13,159.81,0.59,174.42
Tweed Offshore,2487,1762792200,2025-11-11 02:30:00,-28.21279,153.67969,2.35,3.8,11.11,7.35,23.08,152.95,0.62,176.62
Tweed Offshore,2487,1762794000,2025-11-11 03:00:00,-28.21276,153.67973,2.23,3.51,11.11,7.16,23.04,154.27,0.62,167.82
Tweed Offshore,2487,1762795800,2025-11-11 03:30:00,-28.21276,153.67977,2.18,3.46,11.76,7.12,22.95,156.38,0.58,174.33
Tweed Offshore,2487,1762797600,2025-11-11 04:00:00,-28.21276,153.67979,1.99,3.71,11.11,6.67,22.95,156.82,0.56,165.01
Tweed Offshore,2487,1762799400,2025-11-11 04:30:00,-28.21276,153.67981,2.01,3.39,11.11,7.12,22.95,160.86,0.56,161.85
Tweed Offshore,2487,1762801200,2025-11-11 05:00:00,-28.21275,153.67979,1.89,2.92,11.76,6.86,22.95,159.54,0.55,165.36
Tweed Offshore,2487,1762803000,2025-11-11 05:30:00,-28.21275,153.67979,1.99,3.16,10.53,6.68,22.9,156.55,0.55,154.81
Tweed Offshore,2487,1762804800,2025-11-11 06:00:00,-28.21273,153.67975,2.02,3.46,11.11,7.16,22.86,156.99,0.47,156.04
Tweed Offshore,2487,1762806600,2025-11-11 06:30:00,-28.2127,153.67971,2.02,2.91,11.11,7.13,22.86,153.56,0.47,160.88
Tweed Offshore,2487,1762808400,2025-11-11 07:00:00,-28.21273,153.67971,2.12,4.11,10.53,7.4,22.86,163.06,0.42,156.31
Tweed Offshore,2487,1762810200,2025-11-11 07:30:00,-28.21272,153.67971,1.95,3.48,10.53,7.53,22.81,164.9,0.49,182.59
Tweed Offshore,2487,1762812000,2025-11-11 08:00:00,-28.21269,153.67971,2.07,3.74,11.11,7.82,22.99,157.08,0.54,190.33
Tweed Offshore,2487,1762813800,2025-11-11 08:30:00,-28.21272,153.67977,1.94,2.98,11.11,7.65,23.13,157.34,0.69,190.07
Tweed Offshore,2487,1762815600,2025-11-11 09:00:00,-28.21272,153.67975,1.95,2.62,10.53,7.83,23.26,154.71,0.73,188.22
Tweed Offshore,2487,1762817400,2025-11-11 09:30:00,-28.21273,153.67971,2.15,3.48,10.53,7.82,23.4,155.94,0.68,189.89
Tweed Offshore,2487,1762819200,2025-11-11 10:00:00,-28.21279,153.67969,1.96,3.38,10.53,7.75,23.63,165.34,0.8,182.68
Tweed Offshore,2487,1762821000,2025-11-11 10:30:00,-28.21276,153.67966,2.09,3.25,9.52,7.89,23.95,160.25,0.82,180.4
Tweed Offshore,2487,1762822800,2025-11-11 11:00:00,-28.2128,153.67971,1.81,3.32,10.53,7.31,24.59,165.61,0.87,179.08
Tweed Offshore,2487,1762824600,2025-11-11 11:30:00,-28.21282,153.67966,2.12,2.94,10.53,7.7,24.87,156.73,0.93,183.91
Tweed Offshore,2487,1762826400,2025-11-11 12:00:00,-28.21285,153.67973,2.07,3.1,10.53,7.67,25.05,154.44,1.09,176.26
Tweed Offshore,2487,1762828200,2025-11-11 12:30:00,-28.21285,153.67979,2.17,3.42,10.53,7.68,25.1,160.51,1.08,174.95
Tweed Offshore,2487,1762830000,2025-11-11 13:00:00,-28.21284,153.67986,1.88,3.13,11.11,6.82,24.36,160.16,1.05,167.12
Tweed Offshore,2487,1762831800,2025-11-11 13:30:00,-28.21284,153.67992,1.8,3.14,10.0,6.67,24.17,158.31,1.0,168.62
Tweed Offshore,2487,1762833600,2025-11-11 14:00:00,-28.21282,153.67994,1.82,3.06,10.53,6.51,24.36,160.69,0.99,168.35
Tweed Offshore,2487,1762835400,2025-11-11 14:30:00,-28.21282,153.67996,1.85,2.73,10.53,6.32,24.17,158.4,1.03,166.68
Tweed Offshore,2487,1762837200,2025-11-11 15:00:00,-28.21282,153.68001,1.72,2.99,10.53,5.87,24.31,161.74,1.03,168.0
Tweed Offshore,2487,1762839000,2025-11-11 15:30:00,-28.21284,153.68005,1.66,2.93,10.0,5.64,23.99,164.29,1.02,164.31
Tweed Offshore,2487,1762840800,2025-11-11 16:00:00,-28.2128,153.68005,1.75,3.55,10.53,5.8,23.9,160.07,1.0,165.27
Tweed Offshore,2487,1762842600,2025-11-11 16:30:00,-28.21279,153.68009,1.79,2.81,10.0,5.79,23.81,162.8,1.0,160.18
Tweed Offshore,2487,1762844400,2025-11-11 17:00:00,-28.2128,153.68009,1.69,2.9,10.53,5.63,23.81,156.99,0.96,161.05
Tweed Offshore,2487,1762846200,2025-11-11 17:30:00,-28.21279,153.68003,1.54,2.53,10.53,5.15,23.72,163.67,0.94,158.68
Tweed Offshore,2487,1762848000,2025-11-11 18:00:00,-28.21279,153.68007,1.42,2.59,10.0,4.95,23.63,157.7,0.98,157.54
Tweed Offshore,2487,1762849800,2025-11-11 18:30:00,-28.21276,153.68009,1.63,2.83,10.0,5.33,23.58,159.28,0.95,155.34
Tweed Offshore,2487,1762851600,2025-11-11 19:00:00,-28.21276,153.68005,1.54,2.66,11.11,5.17,23.58,156.03,1.0,153.93
Tweed Offshore,2487,1762853400,2025-11-11 19:30:00,-28.21276,153.68003,1.47,2.28,10.53,4.89,23.4,163.76,0.96,151.91
Tweed Offshore,2487,1762855200,2025-11-11 20:00:00,-28.21285,153.6799,1.38,2.71,10.0,4.66,23.31,157.26,1.06,172.57
Tweed Offshore,2487,1762857000,2025-11-11 20:30:00,-28.21285,153.67992,1.32,2.81,10.0,4.47,23.58,152.69,1.0,169.14
Tweed Offshore,2487,1762858800,2025-11-11 21:00:00,-28.21285,153.67992,1.34,2.22,10.0,4.46,23.99,158.05,1.15,168.79
Tweed Offshore,2487,1762860600,2025-11-11 21:30:00,-28.21285,153.67994,1.32,2.2,10.0,4.58,24.04,157.7,1.1,168.53
Tweed Offshore,2487,1762862400,2025-11-11 22:00:00,-28.21282,153.67992,1.18,2.29,10.0,4.2,23.99,151.81,1.02,163.6
Tweed Offshore,2487,1762864200,2025-11-11 22:30:00,-28.21282,153.67979,1.15,2.12,8.7,4.23,23.9,143.01,1.01,166.77
Tweed Offshore,2487,1762866000,2025-11-11 23:00:00,-28.21282,153.67973,1.22,2.71,10.0,4.47,23.95,145.12,0.97,169.93
Tweed Offshore,2487,1762867800,2025-11-11 23:30:00,-28.21282,153.67971,1.15,1.95,10.0,4.33,23.85,148.11,0.91,171.87
Tweed Offshore,2487,1762869600,2025-11-12 00:00:00,-28.21282,153.67971,1.02,1.87,10.53,4.14,23.76,152.86,0.84,165.1
Tweed Offshore,2487,1762869600,2025-11-12 00:00:00,-28.2128,153.67971,1.02,1.87,10.53,4.14,23.76,152.86,0.84,165.1
Tweed Offshore,2487,1762871400,2025-11-12 00:30:00,-28.21279,153.67964,1.07,1.78,10.53,4.37,23.58,144.95,0.84,171.43
Tweed Offshore,2487,1762873200,2025-11-12 01:00:00,-28.21279,153.67962,0.98,1.51,9.09,4.21,23.4,146.97,0.77,173.45
Tweed Offshore,2487,1762875000,2025-11-12 01:30:00,-28.21279,153.67958,0.93,1.6,10.53,4.22,23.35,160.07,0.59,177.32
Tweed Offshore,2487,1762876800,2025-11-12 02:00:00,-28.21276,153.6796,0.94,1.72,10.0,4.21,23.31,159.37,0.63,172.66
Tweed Offshore,2487,1762878600,2025-11-12 02:30:00,-28.21276,153.67964,0.91,1.5,10.53,4.24,23.26,145.56,0.67,175.21
Tweed Offshore,2487,1762880400,2025-11-12 03:00:00,-28.21276,153.67971,0.84,1.54,9.52,4.0,23.17,160.33,0.62,170.64
Tweed Offshore,2487,1762882200,2025-11-12 03:30:00,-28.21276,153.67973,0.91,1.6,10.53,4.37,23.13,155.06,0.58,170.73
Tweed Offshore,2487,1762884000,2025-11-12 04:00:00,-28.21275,153.67975,0.98,1.6,10.0,4.41,22.99,154.18,0.53,170.02
Tweed Offshore,2487,1762885800,2025-11-12 04:30:00,-28.21275,153.67973,1.15,2.04,4.76,4.52,22.95,185.74,0.52,168.35
Tweed Offshore,2487,1762887600,2025-11-12 05:00:00,-28.21273,153.67973,1.41,2.42,5.41,4.66,22.81,180.55,0.39,169.32
Tweed Offshore,2487,1762889400,2025-11-12 05:30:00,-28.21272,153.67975,1.48,2.23,5.41,4.81,22.77,179.41,0.42,171.87
Tweed Offshore,2487,1762891200,2025-11-12 06:00:00,-28.21272,153.67973,1.55,3.0,5.26,4.97,22.63,179.41,0.39,166.68
Tweed Offshore,2487,1762893000,2025-11-12 06:30:00,-28.21269,153.67971,1.7,2.85,5.88,5.03,22.59,178.27,0.42,195.16
Tweed Offshore,2487,1762894800,2025-11-12 07:00:00,-28.21267,153.67971,1.93,3.74,7.14,5.36,22.63,158.05,0.41,197.54
Tweed Offshore,2487,1762896600,2025-11-12 07:30:00,-28.21269,153.67971,1.98,3.75,8.0,5.51,22.9,166.84,0.47,202.29
Tweed Offshore,2487,1762898400,2025-11-12 08:00:00,-28.21267,153.67977,2.14,3.72,8.7,5.66,22.99,168.69,0.45,209.58
Tweed Offshore,2487,1762900200,2025-11-12 08:30:00,-28.21263,153.67988,2.56,4.45,9.09,6.12,22.95,170.09,0.55,207.65
Tweed Offshore,2487,1762902000,2025-11-12 09:00:00,-28.2127,153.67992,2.95,4.35,8.33,6.37,22.95,174.58,0.63,202.46
Tweed Offshore,2487,1762903800,2025-11-12 09:30:00,-28.21272,153.67992,2.96,4.46,8.7,6.57,23.49,166.93,0.8,195.43
Tweed Offshore,2487,1762905600,2025-11-12 10:00:00,-28.21276,153.67973,3.08,5.21,9.52,6.61,23.31,167.01,0.65,180.48
Tweed Offshore,2487,1762907400,2025-11-12 10:30:00,-28.21276,153.67964,3.24,5.17,9.52,6.78,23.49,170.36,0.71,188.84
Tweed Offshore,2487,1762909200,2025-11-12 11:00:00,-28.21276,153.67958,3.21,5.05,9.52,6.72,23.72,165.43,0.65,192.35
Tweed Offshore,2487,1762911000,2025-11-12 11:30:00,-28.21276,153.67964,3.2,5.08,9.52,6.76,23.85,162.88,0.7,183.47
Tweed Offshore,2487,1762912800,2025-11-12 12:00:00,-28.21279,153.67979,3.3,4.66,10.53,6.88,23.81,165.34,0.57,179.69
Tweed Offshore,2487,1762914600,2025-11-12 12:30:00,-28.21279,153.67986,3.3,5.1,8.7,6.78,23.99,159.19,0.56,185.67
Tweed Offshore,2487,1762916400,2025-11-12 13:00:00,-28.21282,153.67996,3.26,4.79,10.0,7.0,24.22,165.43,0.59,187.43
Tweed Offshore,2487,1762918200,2025-11-12 13:30:00,-28.21276,153.67994,3.22,6.19,10.53,7.07,24.27,164.73,0.61,183.03
Tweed Offshore,2487,1762920000,2025-11-12 14:00:00,-28.2128,153.67999,2.99,5.24,10.0,6.71,24.22,167.63,0.54,178.73
Tweed Offshore,2487,1762921800,2025-11-12 14:30:00,-28.21284,153.68003,2.96,4.69,10.53,6.58,24.22,166.31,0.57,185.23
Tweed Offshore,2487,1762923600,2025-11-12 15:00:00,-28.21279,153.68009,2.61,4.08,9.52,6.35,24.17,166.49,0.48,179.87
Tweed Offshore,2487,1762925400,2025-11-12 15:30:00,-28.21272,153.68016,2.84,4.67,10.0,6.51,24.17,164.9,0.48,169.76
Tweed Offshore,2487,1762927200,2025-11-12 16:00:00,-28.21273,153.68001,2.76,4.27,10.53,6.51,24.17,169.92,0.53,180.22
Tweed Offshore,2487,1762929000,2025-11-12 16:30:00,-28.21275,153.67994,2.65,4.41,11.11,6.64,24.27,167.37,0.57,193.41
Tweed Offshore,2487,1762930800,2025-11-12 17:00:00,-28.21243,153.67999,2.52,4.58,10.53,6.65,24.36,168.86,0.65,189.36
Tweed Offshore,2487,1762932600,2025-11-12 17:30:00,-28.21279,153.67971,2.46,3.84,10.53,6.53,24.36,169.12,0.7,189.8
Tweed Offshore,2487,1762934400,2025-11-12 18:00:00,-28.21276,153.67962,2.28,3.56,11.11,6.62,24.31,173.17,0.78,190.77
Tweed Offshore,2487,1762936200,2025-11-12 18:30:00,-28.21276,153.67953,2.19,3.73,10.53,6.29,24.22,168.77,0.74,187.69
Tweed Offshore,2487,1762938000,2025-11-12 19:00:00,-28.21275,153.67947,2.45,3.6,10.53,6.79,24.17,168.6,0.73,189.45
Tweed Offshore,2487,1762939800,2025-11-12 19:30:00,-28.21279,153.67947,2.61,5.07,10.53,7.16,24.22,168.6,0.75,190.77
Tweed Offshore,2487,1762941600,2025-11-12 20:00:00,-28.21276,153.67949,2.52,3.97,11.11,7.2,23.9,169.12,0.71,184.26
Tweed Offshore,2487,1762943400,2025-11-12 20:30:00,-28.21279,153.6796,2.45,4.42,11.11,7.21,23.76,170.8,0.65,177.76
Tweed Offshore,2487,1762945200,2025-11-12 21:00:00,-28.21276,153.67949,2.55,4.42,11.11,7.56,23.63,163.94,0.64,174.59
Tweed Offshore,2487,1762947000,2025-11-12 21:30:00,-28.21276,153.67949,2.52,4.83,10.53,7.33,23.49,170.53,0.6,174.51
Tweed Offshore,2487,1762948800,2025-11-12 22:00:00,-28.21276,153.6796,2.64,4.74,11.11,7.69,23.4,161.92,0.53,170.11
Tweed Offshore,2487,1762950600,2025-11-12 22:30:00,-28.2128,153.67964,2.83,4.31,11.76,7.98,23.63,169.83,0.91,179.25
Tweed Offshore,2487,1762952400,2025-11-12 23:00:00,-28.21282,153.67964,2.82,5.24,11.11,8.14,23.9,166.31,0.98,178.99
Tweed Offshore,2487,1762954200,2025-11-12 23:30:00,-28.21285,153.67964,2.72,4.82,11.11,8.19,24.13,170.36,0.97,179.52
Tweed Offshore,2487,1762956000,2025-11-13 00:00:00,-28.21284,153.67964,2.61,4.65,11.76,8.21,24.31,164.11,0.97,179.34
Tweed Offshore,2487,1762956000,2025-11-13 00:00:00,-28.21285,153.67966,2.61,4.65,11.76,8.21,24.31,164.11,0.97,179.34
Tweed Offshore,2487,1762957800,2025-11-13 00:30:00,-28.21284,153.67973,2.46,4.18,11.76,8.06,24.31,162.62,0.95,174.86
Tweed Offshore,2487,1762959600,2025-11-13 01:00:00,-28.21284,153.67966,2.35,3.83,11.11,7.92,24.36,162.97,0.9,173.8
Tweed Offshore,2487,1762961400,2025-11-13 01:30:00,-28.21279,153.67958,2.38,3.29,11.11,7.93,24.36,160.51,0.81,171.08
Tweed Offshore,2487,1762963200,2025-11-13 02:00:00,-28.21279,153.67949,2.31,3.26,11.76,7.91,24.36,163.59,0.86,170.99
Tweed Offshore,2487,1762965000,2025-11-13 02:30:00,-28.21276,153.67947,2.17,3.18,11.76,8.03,24.31,164.03,0.71,173.89
Tweed Offshore,2487,1762966800,2025-11-13 03:00:00,-28.21275,153.67941,1.96,4.62,11.76,7.63,24.27,164.99,0.78,170.2
Tweed Offshore,2487,1762968600,2025-11-13 03:30:00,-28.21273,153.67938,1.92,2.88,11.11,7.2,24.22,164.03,0.73,161.67
Tweed Offshore,2487,1762970400,2025-11-13 04:00:00,-28.2127,153.67932,2.03,3.03,11.11,7.6,24.13,161.21,0.76,164.84
Tweed Offshore,2487,1762972200,2025-11-13 04:30:00,-28.21272,153.67936,1.91,2.97,11.11,7.23,24.04,148.47,0.73,160.26
Tweed Offshore,2487,1762974000,2025-11-13 05:00:00,-28.21273,153.67941,1.99,3.06,11.11,7.25,23.99,159.63,0.68,160.35
Tweed Offshore,2487,1762975800,2025-11-13 05:30:00,-28.21273,153.67949,2.08,3.03,11.11,7.43,23.9,162.18,0.67,162.64
Tweed Offshore,2487,1762977600,2025-11-13 06:00:00,-28.21273,153.67949,1.92,2.97,11.11,7.41,23.85,158.66,0.7,157.27
Tweed Offshore,2487,1762979400,2025-11-13 06:30:00,-28.21273,153.67953,1.74,2.58,10.53,7.27,23.81,164.03,0.69,157.63
Tweed Offshore,2487,1762981200,2025-11-13 07:00:00,-28.21273,153.67949,1.75,2.44,10.53,6.96,23.76,151.89,0.64,152.09
Tweed Offshore,2487,1762983000,2025-11-13 07:30:00,-28.21273,153.67949,1.79,2.93,10.0,6.94,23.72,156.11,0.58,152.53
Tweed Offshore,2487,1762984800,2025-11-13 08:00:00,-28.21273,153.67949,1.83,2.79,10.53,7.04,23.76,152.6,0.6,150.68
Tweed Offshore,2487,1762986600,2025-11-13 08:30:00,-28.2127,153.67964,1.72,2.64,10.53,6.82,23.85,158.14,0.56,170.81
Tweed Offshore,2487,1762988400,2025-11-13 09:00:00,-28.21272,153.67966,1.74,2.72,9.52,6.77,23.9,160.86,0.6,177.85
Tweed Offshore,2487,1762990200,2025-11-13 09:30:00,-28.21273,153.67971,1.69,2.74,10.53,6.19,23.95,158.14,0.57,177.85
Tweed Offshore,2487,1762992000,2025-11-13 10:00:00,-28.21273,153.67971,1.63,2.73,10.53,6.04,23.99,149.78,0.66,179.87
Tweed Offshore,2487,1762993800,2025-11-13 10:30:00,-28.21275,153.67971,1.79,3.29,10.0,6.04,24.04,147.67,0.71,181.45
Tweed Offshore,2487,1762995600,2025-11-13 11:00:00,-28.21279,153.67964,1.74,3.14,10.53,5.78,24.13,152.42,0.72,184.7
Tweed Offshore,2487,1762997400,2025-11-13 11:30:00,-28.21276,153.67964,1.61,2.59,10.53,5.31,24.17,153.3,0.73,186.29
Tweed Offshore,2487,1762999200,2025-11-13 12:00:00,-28.21279,153.67969,1.65,3.3,10.53,5.34,24.27,154.36,0.75,185.05
Tweed Offshore,2487,1763001000,2025-11-13 12:30:00,-28.2128,153.67969,1.64,2.78,9.52,5.12,24.31,153.39,0.81,184.26
Tweed Offshore,2487,1763002800,2025-11-13 13:00:00,-28.21284,153.67969,1.67,3.11,10.0,4.93,24.36,150.93,0.84,185.76
Tweed Offshore,2487,1763004600,2025-11-13 13:30:00,-28.21284,153.67966,1.68,2.93,10.0,4.9,24.36,151.98,0.87,184.7
Tweed Offshore,2487,1763006400,2025-11-13 14:00:00,-28.21284,153.67971,1.58,2.95,10.53,4.67,24.22,154.18,0.95,181.01
Tweed Offshore,2487,1763008200,2025-11-13 14:30:00,-28.21285,153.67971,1.68,2.79,10.0,4.79,24.08,156.64,0.99,175.82
Tweed Offshore,2487,1763010000,2025-11-13 15:00:00,-28.21285,153.67975,1.54,2.72,9.52,4.52,23.99,153.12,0.98,173.45
Tweed Offshore,2487,1763011800,2025-11-13 15:30:00,-28.2128,153.67986,1.5,2.79,9.52,4.33,23.85,149.52,0.97,168.7
Tweed Offshore,2487,1763013600,2025-11-13 16:00:00,-28.21282,153.67992,1.47,2.94,10.0,4.13,23.85,156.47,0.97,168.09
Tweed Offshore,2487,1763015400,2025-11-13 16:30:00,-28.2128,153.67996,1.61,2.68,10.0,4.24,23.72,157.78,0.95,163.43
Tweed Offshore,2487,1763017200,2025-11-13 17:00:00,-28.2128,153.68001,1.54,2.51,10.0,4.17,23.67,151.37,0.94,159.3
Tweed Offshore,2487,1763019000,2025-11-13 17:30:00,-28.21279,153.68001,1.54,2.49,10.0,4.2,23.63,146.36,0.9,156.48
Tweed Offshore,2487,1763020800,2025-11-13 18:00:00,-28.21279,153.68003,1.46,2.84,10.53,4.05,23.58,156.47,1.0,154.46
Tweed Offshore,2487,1763022600,2025-11-13 18:30:00,-28.2128,153.68001,1.5,2.96,10.0,4.04,23.49,154.36,0.96,156.66
Tweed Offshore,2487,1763024400,2025-11-13 19:00:00,-28.21279,153.67999,1.46,2.76,9.52,3.85,23.44,153.74,0.94,151.91
Tweed Offshore,2487,1763026200,2025-11-13 19:30:00,-28.21279,153.67994,1.43,2.21,9.09,3.9,23.4,143.89,0.95,150.42
Tweed Offshore,2487,1763028000,2025-11-13 20:00:00,-28.21282,153.67994,1.44,3.15,9.09,3.86,23.31,143.01,0.93,150.15
Tweed Offshore,2487,1763029800,2025-11-13 20:30:00,-28.21282,153.6799,1.51,2.71,10.53,3.81,23.26,164.38,0.93,150.24
Tweed Offshore,2487,1763031600,2025-11-13 21:00:00,-28.2128,153.67973,1.34,2.25,10.0,3.7,23.17,161.04,0.81,165.98
Tweed Offshore,2487,1763033400,2025-11-13 21:30:00,-28.21284,153.67979,1.41,2.32,10.53,3.79,23.13,162.36,0.96,167.21
Tweed Offshore,2487,1763035200,2025-11-13 22:00:00,-28.2128,153.67986,1.33,2.22,4.65,3.74,23.22,36.29,0.95,166.24
Tweed Offshore,2487,1763037000,2025-11-13 22:30:00,-28.21282,153.67979,1.25,2.1,10.0,3.63,23.22,160.42,0.91,163.34
Tweed Offshore,2487,1763038800,2025-11-13 23:00:00,-28.2128,153.67969,1.22,2.03,4.76,3.62,23.22,30.4,0.83,167.03
Tweed Offshore,2487,1763040600,2025-11-13 23:30:00,-28.21282,153.67964,1.16,1.8,4.55,3.53,23.17,36.47,0.84,168.79
Tweed Offshore,2487,1763042400,2025-11-14 00:00:00,-28.21282,153.67966,1.17,2.15,5.13,3.46,23.13,34.18,0.77,163.25
Tweed Offshore,2487,1763042400,2025-11-14 00:00:00,-28.2128,153.67966,1.17,2.15,5.13,3.46,23.13,34.18,0.77,163.25
Tweed Offshore,2487,1763044200,2025-11-14 00:30:00,-28.2128,153.67971,1.16,2.07,4.88,3.42,23.08,31.89,0.76,163.78
Tweed Offshore,2487,1763046000,2025-11-14 01:00:00,-28.2128,153.67977,1.14,1.96,4.76,3.28,23.04,32.86,0.78,164.92
Tweed Offshore,2487,1763047800,2025-11-14 01:30:00,-28.2128,153.67973,1.16,2.32,4.76,3.41,22.99,36.2,0.75,167.91
Tweed Offshore,2487,1763049600,2025-11-14 02:00:00,-28.2128,153.67977,1.08,1.7,5.13,3.26,22.95,36.2,0.77,169.05
Tweed Offshore,2487,1763051400,2025-11-14 02:30:00,-28.2128,153.67979,1.07,1.64,5.13,3.4,22.95,34.8,0.78,169.85
Tweed Offshore,2487,1763053200,2025-11-14 03:00:00,-28.2128,153.67986,1.0,1.59,5.26,3.38,22.9,35.06,0.78,164.84
Tweed Offshore,2487,1763055000,2025-11-14 03:30:00,-28.21279,153.67986,1.03,1.61,5.13,3.42,22.86,26.53,0.71,165.01
Tweed Offshore,2487,1763056800,2025-11-14 04:00:00,-28.2128,153.67986,0.99,1.49,5.26,3.29,22.86,29.34,0.79,173.98
Tweed Offshore,2487,1763058600,2025-11-14 04:30:00,-28.2128,153.6799,0.93,1.63,5.13,3.13,22.77,33.83,0.83,167.12
Tweed Offshore,2487,1763060400,2025-11-14 05:00:00,-28.21279,153.67992,0.87,1.7,5.13,3.16,22.77,36.11,0.87,168.09
Tweed Offshore,2487,1763062200,2025-11-14 05:30:00,-28.2128,153.67994,0.92,1.55,5.41,3.12,22.63,27.76,0.88,168.0
Tweed Offshore,2487,1763064000,2025-11-14 06:00:00,-28.2128,153.67994,0.95,1.73,5.26,3.1,22.59,29.08,0.89,166.77
Tweed Offshore,2487,1763065800,2025-11-14 06:30:00,-28.21282,153.67996,0.95,1.44,5.26,3.16,22.54,26.44,0.82,167.12
Tweed Offshore,2487,1763067600,2025-11-14 07:00:00,-28.21284,153.6799,0.91,1.53,5.0,3.12,22.54,26.44,1.01,165.1
Tweed Offshore,2487,1763069400,2025-11-14 07:30:00,-28.21282,153.6799,0.88,1.5,5.13,3.12,22.5,22.75,1.02,165.63
Tweed Offshore,2487,1763071200,2025-11-14 08:00:00,-28.21282,153.67988,0.89,1.38,5.26,3.14,22.54,20.2,1.0,165.98
Tweed Offshore,2487,1763073000,2025-11-14 08:30:00,-28.21284,153.67994,0.89,1.44,5.13,3.3,22.5,19.67,0.99,162.29
Tweed Offshore,2487,1763074800,2025-11-14 09:00:00,-28.21282,153.67999,0.89,1.45,5.56,3.32,22.5,24.6,0.96,159.65
Tweed Offshore,2487,1763076600,2025-11-14 09:30:00,-28.21282,153.68001,0.85,1.38,5.41,3.3,22.45,20.9,0.95,158.07
Tweed Offshore,2487,1763078400,2025-11-14 10:00:00,-28.2128,153.68001,0.84,1.52,5.41,3.18,22.36,28.99,0.97,157.8
Tweed Offshore,2487,1763080200,2025-11-14 10:30:00,-28.2128,153.68001,0.84,1.42,5.13,3.21,22.32,24.42,0.93,158.77
Tweed Offshore,2487,1763082000,2025-11-14 11:00:00,-28.21282,153.67999,0.8,1.41,5.0,3.04,22.45,17.92,1.0,162.29
Tweed Offshore,2487,1763083800,2025-11-14 11:30:00,-28.21284,153.67996,0.79,1.37,9.52,2.96,22.54,121.3,0.98,166.42
Tweed Offshore,2487,1763085600,2025-11-14 12:00:00,-28.21282,153.67994,0.76,1.54,9.52,2.92,22.72,126.14,0.97,173.89
Tweed Offshore,2487,1763087400,2025-11-14 12:30:00,-28.21284,153.67992,0.78,1.32,9.52,3.01,22.81,122.09,1.01,172.04
Tweed Offshore,2487,1763089200,2025-11-14 13:00:00,-28.21282,153.67994,0.81,1.27,8.7,2.88,22.86,135.54,0.94,170.37
Tweed Offshore,2487,1763091000,2025-11-14 13:30:00,-28.21282,153.67999,0.83,1.35,9.09,2.87,22.81,141.61,0.97,168.18
Tweed Offshore,2487,1763092800,2025-11-14 14:00:00,-28.2128,153.68003,0.85,1.49,9.09,2.88,22.9,121.92,0.97,165.71
Tweed Offshore,2487,1763094600,2025-11-14 14:30:00,-28.21284,153.68001,0.89,1.69,5.0,3.1,22.95,27.06,1.07,168.53
Tweed Offshore,2487,1763096400,2025-11-14 15:00:00,-28.21284,153.68003,0.98,1.88,5.41,3.07,22.95,33.48,1.04,167.74
Tweed Offshore,2487,1763098200,2025-11-14 15:30:00,-28.21282,153.68003,1.06,1.88,5.56,3.1,22.99,37.61,1.0,168.97
Tweed Offshore,2487,1763100000,2025-11-14 16:00:00,-28.21282,153.68001,0.96,1.59,5.71,3.18,22.99,27.23,1.0,165.45
Tweed Offshore,2487,1763101800,2025-11-14 16:30:00,-28.21279,153.68001,0.88,1.56,5.56,4.02,22.99,38.75,0.94,164.13
Tweed Offshore,2487,1763103600,2025-11-14 17:00:00,-28.21279,153.68001,0.86,1.46,5.88,4.03,22.99,30.75,0.87,161.41
Tweed Offshore,2487,1763105400,2025-11-14 17:30:00,-28.21279,153.68003,0.92,1.39,5.71,4.11,22.95,26.62,0.75,160.7
Tweed Offshore,2487,1763107200,2025-11-14 18:00:00,-28.21276,153.68001,1.18,2.08,6.25,4.54,22.81,33.21,0.68,159.91
Tweed Offshore,2487,1763109000,2025-11-14 18:30:00,-28.21279,153.68001,1.17,1.99,5.88,4.55,22.68,28.38,0.72,161.49
Tweed Offshore,2487,1763110800,2025-11-14 19:00:00,-28.21276,153.68001,1.08,1.84,6.06,4.43,22.63,27.06,0.76,162.29
Tweed Offshore,2487,1763112600,2025-11-14 19:30:00,-28.21276,153.67999,1.09,1.69,5.71,4.49,22.5,28.55,0.59,154.46
Tweed Offshore,2487,1763114400,2025-11-14 20:00:00,-28.21275,153.67996,1.04,2.23,6.45,4.52,22.36,22.93,0.66,158.51
Tweed Offshore,2487,1763116200,2025-11-14 20:30:00,-28.21276,153.68001,1.19,2.06,5.56,4.56,22.27,29.08,0.64,157.8
Tweed Offshore,2487,1763118000,2025-11-14 21:00:00,-28.21273,153.68001,1.23,2.35,6.45,4.62,22.05,25.92,0.52,154.29
Tweed Offshore,2487,1763119800,2025-11-14 21:30:00,-28.21273,153.68005,1.24,2.0,6.25,4.57,22.05,25.21,0.54,151.74
Tweed Offshore,2487,1763121600,2025-11-14 22:00:00,-28.21273,153.68005,1.17,1.96,6.67,4.49,22.05,36.47,0.53,154.64
Tweed Offshore,2487,1763123400,2025-11-14 22:30:00,-28.21276,153.67999,1.13,1.9,6.25,4.52,22.05,24.6,0.52,158.42
Tweed Offshore,2487,1763125200,2025-11-14 23:00:00,-28.21275,153.67994,1.18,1.84,6.06,4.61,22.05,20.9,0.53,167.38
Tweed Offshore,2487,1763127000,2025-11-14 23:30:00,-28.21279,153.6799,1.05,1.7,6.9,4.35,21.96,24.6,0.48,171.69
Tweed Offshore,2487,1763128800,2025-11-15 00:00:00,-28.21276,153.67996,1.0,1.7,6.25,4.1,21.96,28.55,0.47,170.29
Tweed Offshore,2487,1763128800,2025-11-15 00:00:00,-28.21276,153.67994,1.0,1.7,6.25,4.1,21.96,28.55,0.47,170.29
Tweed Offshore,2487,1763130600,2025-11-15 00:30:00,-28.21273,153.67999,0.95,1.64,5.88,3.99,21.92,71.1,0.52,167.47
Tweed Offshore,2487,1763132400,2025-11-15 01:00:00,-28.21275,153.67996,0.95,1.86,6.25,4.16,21.92,32.95,0.55,166.86
Tweed Offshore,2487,1763134200,2025-11-15 01:30:00,-28.21273,153.67999,1.01,1.67,5.56,4.42,21.87,159.01,0.53,170.55
Tweed Offshore,2487,1763136000,2025-11-15 02:00:00,-28.21275,153.67996,1.08,1.85,5.88,4.74,21.83,83.94,0.5,167.12
Tweed Offshore,2487,1763137800,2025-11-15 02:30:00,-28.21273,153.67999,1.03,1.84,6.25,4.81,21.83,37.26,0.52,164.66
Tweed Offshore,2487,1763139600,2025-11-15 03:00:00,-28.21273,153.68003,1.01,1.85,5.71,4.99,21.83,48.86,0.41,170.81
Tweed Offshore,2487,1763141400,2025-11-15 03:30:00,-28.21272,153.68009,0.97,1.67,5.88,4.86,21.83,49.12,0.49,158.68
Tweed Offshore,2487,1763143200,2025-11-15 04:00:00,-28.21273,153.68009,0.99,1.61,6.25,4.94,21.74,39.19,0.47,152.44
Tweed Offshore,2487,1763145000,2025-11-15 04:30:00,-28.21273,153.68003,0.93,1.66,5.88,4.88,21.69,69.87,0.47,156.4
Tweed Offshore,2487,1763146800,2025-11-15 05:00:00,-28.21272,153.68007,0.83,1.25,6.9,5.04,21.61,35.5,0.43,155.08
Tweed Offshore,2487,1763148600,2025-11-15 05:30:00,-28.2127,153.68009,0.78,1.51,5.71,4.93,21.56,113.74,0.52,164.66
Tweed Offshore,2487,1763150400,2025-11-15 06:00:00,-28.2127,153.68009,0.85,1.48,6.25,5.06,21.38,48.6,0.55,169.32
Tweed Offshore,2487,1763152200,2025-11-15 06:30:00,-28.2127,153.68001,0.85,1.29,6.06,5.03,21.43,40.77,0.56,173.27
Tweed Offshore,2487,1763154000,2025-11-15 07:00:00,-28.21272,153.68016,0.82,1.35,6.45,4.83,21.47,41.12,0.54,161.05
Tweed Offshore,2487,1763155800,2025-11-15 07:30:00,-28.2127,153.68014,0.79,1.4,13.33,4.77,21.61,155.32,0.53,166.07
Tweed Offshore,2487,1763157600,2025-11-15 08:00:00,-28.21269,153.68024,0.79,1.26,5.71,4.66,21.74,65.48,0.56,161.41
Tweed Offshore,2487,1763159400,2025-11-15 08:30:00,-28.2127,153.68016,0.69,1.11,5.26,4.49,21.96,76.29,0.54,165.8
Tweed Offshore,2487,1763161200,2025-11-15 09:00:00,-28.2127,153.68014,0.69,1.26,13.33,4.69,22.23,154.36,0.51,170.37
Tweed Offshore,2487,1763163000,2025-11-15 09:30:00,-28.21272,153.68016,0.73,1.14,12.5,4.67,22.68,158.84,0.53,162.9
Tweed Offshore,2487,1763164800,2025-11-15 10:00:00,-28.2127,153.68026,0.73,1.18,6.06,4.72,22.72,35.94,0.51,153.85
Tweed Offshore,2487,1763166600,2025-11-15 10:30:00,-28.2127,153.68024,0.74,1.19,13.33,4.73,22.95,156.64,0.43,164.84
Tweed Offshore,2487,1763168400,2025-11-15 11:00:00,-28.21275,153.68005,0.73,1.16,6.06,4.67,23.44,34.0,0.49,167.21
Tweed Offshore,2487,1763170200,2025-11-15 11:30:00,-28.21273,153.68009,0.74,1.22,6.25,4.91,22.99,36.29,0.51,160.88
Tweed Offshore,2487,1763172000,2025-11-15 12:00:00,-28.21273,153.68011,0.79,1.25,13.33,4.95,23.58,144.69,0.58,159.21
Tweed Offshore,2487,1763173800,2025-11-15 12:30:00,-28.21275,153.68016,0.82,1.48,6.06,4.88,22.95,38.84,0.62,159.91
Tweed Offshore,2487,1763175600,2025-11-15 13:00:00,-28.21273,153.68016,0.8,1.27,12.5,4.59,22.63,144.42,0.65,162.11
Tweed Offshore,2487,1763177400,2025-11-15 13:30:00,-28.21272,153.68022,0.76,1.37,12.5,4.64,21.92,161.04,0.64,159.74
Tweed Offshore,2487,1763179200,2025-11-15 14:00:00,-28.21272,153.68024,0.74,1.25,12.5,4.1,21.92,157.52,0.64,154.9
Tweed Offshore,2487,1763181000,2025-11-15 14:30:00,-28.21273,153.68009,0.73,1.4,11.76,3.42,22.01,144.6,0.68,172.48
Tweed Offshore,2487,1763182800,2025-11-15 15:00:00,-28.21275,153.68014,0.74,1.28,12.5,3.87,22.14,167.1,0.73,168.53
Tweed Offshore,2487,1763184600,2025-11-15 15:30:00,-28.21273,153.68014,0.81,1.31,11.76,4.18,22.18,163.5,0.79,172.31
Tweed Offshore,2487,1763186400,2025-11-15 16:00:00,-28.21273,153.68026,0.72,1.14,11.76,3.79,22.23,161.39,0.77,160.79
Tweed Offshore,2487,1763188200,2025-11-15 16:30:00,-28.21272,153.68031,0.82,1.52,11.11,4.32,22.54,167.81,0.85,161.67
Tweed Offshore,2487,1763190000,2025-11-15 17:00:00,-28.21273,153.68022,0.81,1.42,11.76,4.2,22.41,156.47,0.83,162.46
Tweed Offshore,2487,1763191800,2025-11-15 17:30:00,-28.2127,153.68031,0.79,1.39,11.11,4.02,22.27,168.6,0.83,157.1
Tweed Offshore,2487,1763193600,2025-11-15 18:00:00,-28.2127,153.68039,0.8,1.27,11.11,4.14,22.59,161.92,0.83,150.51
Tweed Offshore,2487,1763195400,2025-11-15 18:30:00,-28.21269,153.68039,0.84,1.48,11.11,4.01,22.41,154.18,0.79,151.03
Tweed Offshore,2487,1763197200,2025-11-15 19:00:00,-28.2127,153.68037,0.86,1.47,10.53,3.96,22.27,161.04,0.81,150.86
Tweed Offshore,2487,1763199000,2025-11-15 19:30:00,-28.2127,153.68046,0.8,1.6,10.53,3.45,22.27,156.64,0.85,147.34
Tweed Offshore,2487,1763200800,2025-11-15 20:00:00,-28.21273,153.68044,0.87,1.71,11.11,3.37,22.27,150.75,0.89,146.99
Tweed Offshore,2487,1763202600,2025-11-15 20:30:00,-28.2127,153.68046,0.96,1.75,10.53,3.49,22.14,164.73,0.9,142.95
Tweed Offshore,2487,1763204400,2025-11-15 21:00:00,-28.21272,153.68046,0.93,1.81,12.5,3.13,22.1,154.53,0.93,142.33
Tweed Offshore,2487,1763206200,2025-11-15 21:30:00,-28.21273,153.68046,1.02,1.57,10.53,3.04,22.1,156.82,0.91,143.65
Tweed Offshore,2487,1763208000,2025-11-15 22:00:00,-28.21273,153.68046,1.03,1.76,10.53,3.12,21.87,166.49,0.86,143.74
Tweed Offshore,2487,1763209800,2025-11-15 22:30:00,-28.21275,153.68039,1.1,1.8,10.53,3.22,21.78,151.28,0.9,141.8
Tweed Offshore,2487,1763211600,2025-11-15 23:00:00,-28.21273,153.68039,0.99,1.87,5.56,3.3,21.74,26.44,0.89,140.48
Tweed Offshore,2487,1763213400,2025-11-15 23:30:00,-28.21273,153.68037,1.02,1.79,5.88,3.74,21.56,26.53,0.86,142.51
Tweed Offshore,2487,1763215200,2025-11-16 00:00:00,-28.21272,153.68037,1.12,1.99,5.56,3.76,21.43,28.73,0.83,136.53
Tweed Offshore,2487,1763215200,2025-11-16 00:00:00,-28.21272,153.68035,1.12,1.99,5.56,3.76,21.43,28.73,0.83,136.53
Tweed Offshore,2487,1763217000,2025-11-16 00:30:00,-28.2127,153.68037,1.27,2.25,5.56,3.63,21.38,24.33,0.79,139.69
Tweed Offshore,2487,1763218800,2025-11-16 01:00:00,-28.2127,153.68037,1.4,2.42,5.88,3.68,21.38,27.41,0.79,140.4
Tweed Offshore,2487,1763220600,2025-11-16 01:30:00,-28.21272,153.68033,1.26,2.05,5.13,3.63,21.25,30.05,0.77,137.05
Tweed Offshore,2487,1763222400,2025-11-16 02:00:00,-28.21273,153.68029,1.18,2.11,5.88,3.54,21.3,28.9,0.81,145.76
Tweed Offshore,2487,1763224200,2025-11-16 02:30:00,-28.21273,153.68029,1.15,1.82,5.88,3.5,21.38,31.54,0.78,144.53
Tweed Offshore,2487,1763226000,2025-11-16 03:00:00,-28.21273,153.68026,1.11,1.78,5.13,3.47,21.38,33.39,0.77,143.56
Tweed Offshore,2487,1763227800,2025-11-16 03:30:00,-28.21275,153.68024,1.04,2.06,5.41,3.41,21.34,29.34,0.79,141.98
Tweed Offshore,2487,1763229600,2025-11-16 04:00:00,-28.21275,153.68024,1.15,1.99,5.13,3.57,21.3,28.03,0.75,148.31
Tweed Offshore,2487,1763231400,2025-11-16 04:30:00,-28.21275,153.68024,1.18,2.23,5.13,3.57,21.3,29.26,0.77,145.05
Tweed Offshore,2487,1763233200,2025-11-16 05:00:00,-28.21276,153.6802,1.15,2.04,4.88,3.45,21.34,26.88,0.74,148.75
Tweed Offshore,2487,1763235000,2025-11-16 05:30:00,-28.21275,153.6802,1.14,1.8,4.44,3.48,21.3,23.63,0.78,146.2
Tweed Offshore,2487,1763236800,2025-11-16 06:00:00,-28.21275,153.68018,1.14,1.95,5.41,3.67,21.3,32.51,0.73,143.3
Tweed Offshore,2487,1763238600,2025-11-16 06:30:00,-28.21276,153.68016,1.13,1.82,6.25,3.84,21.25,31.81,0.72,149.1
Tweed Offshore,2487,1763240400,2025-11-16 07:00:00,-28.21275,153.68014,1.1,1.99,11.76,3.82,21.21,152.42,0.7,153.49
Tweed Offshore,2487,1763242200,2025-11-16 07:30:00,-28.21276,153.68014,1.1,1.59,6.25,3.81,21.25,32.95,0.66,153.41
Tweed Offshore,2487,1763244000,2025-11-16 08:00:00,-28.21275,153.68011,0.97,1.93,6.06,3.48,21.21,30.49,0.67,155.6
Tweed Offshore,2487,1763245800,2025-11-16 08:30:00,-28.21275,153.68016,1.05,1.69,14.29,3.74,21.21,144.86,0.63,156.84
Tweed Offshore,2487,1763247600,2025-11-16 09:00:00,-28.21273,153.68014,0.95,1.7,5.56,3.68,21.21,32.33,0.65,164.84
Tweed Offshore,2487,1763249400,2025-11-16 09:30:00,-28.21275,153.68014,0.92,1.64,6.06,3.58,21.21,34.44,0.64,163.34
Tweed Offshore,2487,1763251200,2025-11-16 10:00:00,-28.21275,153.68014,0.99,1.79,6.25,3.84,21.21,36.9,0.67,161.32
Tweed Offshore,2487,1763253000,2025-11-16 10:30:00,-28.21273,153.68016,0.95,1.68,6.06,3.91,21.21,30.31,0.62,163.34
Tweed Offshore,2487,1763254800,2025-11-16 11:00:00,-28.21275,153.68016,0.89,1.56,6.25,3.73,21.25,29.61,0.68,163.52
Tweed Offshore,2487,1763256600,2025-11-16 11:30:00,-28.21275,153.68016,0.92,1.56,6.25,3.41,21.25,34.62,0.68,157.27
Tweed Offshore,2487,1763258400,2025-11-16 12:00:00,-28.21273,153.68024,1.04,1.89,6.06,3.52,21.25,30.58,0.7,160.44
Tweed Offshore,2487,1763260200,2025-11-16 12:30:00,-28.21275,153.68029,1.2,2.23,6.06,3.52,21.34,33.39,0.73,155.96
Tweed Offshore,2487,1763262000,2025-11-16 13:00:00,-28.21275,153.68026,1.23,2.37,5.56,3.55,21.38,30.31,0.75,156.4
Tweed Offshore,2487,1763263800,2025-11-16 13:30:00,-28.21273,153.68026,1.27,2.18,6.06,3.76,21.38,22.84,0.74,154.29
Tweed Offshore,2487,1763265600,2025-11-16 14:00:00,-28.21275,153.68024,1.35,2.19,6.67,3.89,21.38,24.95,0.7,161.49
Tweed Offshore,2487,1763267400,2025-11-16 14:30:00,-28.21276,153.68022,1.37,2.74,6.67,3.95,21.52,26.09,0.81,159.38
Tweed Offshore,2487,1763269200,2025-11-16 15:00:00,-28.21275,153.68026,1.31,2.34,6.67,3.89,21.61,28.99,0.69,157.8
Tweed Offshore,2487,1763271000,2025-11-16 15:30:00,-28.21276,153.68022,1.35,2.33,6.9,3.94,21.61,30.93,0.72,158.07
Tweed Offshore,2487,1763272800,2025-11-16 16:00:00,-28.21275,153.68026,1.29,2.3,6.67,3.9,21.65,29.52,0.73,160.35
Tweed Offshore,2487,1763274600,2025-11-16 16:30:00,-28.21276,153.68026,1.31,2.25,6.9,3.95,21.65,28.2,0.82,160.35
Tweed Offshore,2487,1763276400,2025-11-16 17:00:00,-28.21273,153.68024,1.22,2.04,6.67,3.94,21.74,32.86,0.81,158.86
Tweed Offshore,2487,1763278200,2025-11-16 17:30:00,-28.21275,153.68029,1.19,1.78,6.67,3.75,21.78,30.66,0.93,156.57
Tweed Offshore,2487,1763280000,2025-11-16 18:00:00,-28.21273,153.68035,1.2,2.25,6.45,3.62,21.78,29.96,0.85,152.44
Tweed Offshore,2487,1763281800,2025-11-16 18:30:00,-28.21275,153.68031,1.18,2.38,6.9,3.68,21.78,39.28,0.94,154.02
Tweed Offshore,2487,1763283600,2025-11-16 19:00:00,-28.21276,153.68031,1.18,2.03,6.9,3.65,21.78,39.1,0.92,152.09
Tweed Offshore,2487,1763285400,2025-11-16 19:30:00,-28.21279,153.68024,1.16,1.97,6.67,3.54,21.78,46.93,0.86,157.45
Tweed Offshore,2487,1763287200,2025-11-16 20:00:00,-28.21279,153.68022,1.15,2.12,6.06,3.5,21.74,37.52,0.91,152.79
Tweed Offshore,2487,1763289000,2025-11-16 20:30:00,-28.2128,153.68011,1.17,1.7,6.67,3.53,21.74,42.88,0.97,154.64
Tweed Offshore,2487,1763290800,2025-11-16 21:00:00,-28.2128,153.68014,1.06,1.89,6.45,3.47,21.69,39.37,0.94,154.37
Tweed Offshore,2487,1763292600,2025-11-16 21:30:00,-28.2128,153.68014,1.12,1.8,6.25,3.55,21.69,32.25,0.9,154.02
Tweed Offshore,2487,1763294400,2025-11-16 22:00:00,-28.21279,153.68016,1.2,2.19,6.67,3.62,21.61,37.43,0.95,158.95
Tweed Offshore,2487,1763296200,2025-11-16 22:30:00,-28.2128,153.68011,1.13,2.01,5.88,3.44,21.61,35.85,0.92,157.01
Tweed Offshore,2487,1763298000,2025-11-16 23:00:00,-28.2128,153.68011,1.14,2.35,6.06,3.49,21.56,37.78,0.88,157.01
Tweed Offshore,2487,1763299800,2025-11-16 23:30:00,-28.21282,153.68005,1.15,1.82,6.06,3.66,21.56,33.12,0.86,157.27
Tweed Offshore,2487,1763301600,2025-11-17 00:00:00,-28.2128,153.68005,1.18,2.03,6.45,3.63,21.61,33.04,0.85,158.59
Tweed Offshore,2487,1763301600,2025-11-17 00:00:00,-28.2128,153.68009,1.18,2.03,6.45,3.63,21.61,33.04,0.85,158.59
Tweed Offshore,2487,1763303400,2025-11-17 00:30:00,-28.21276,153.68007,1.23,2.21,5.71,3.69,21.61,29.17,0.84,158.51
Tweed Offshore,2487,1763305200,2025-11-17 01:00:00,-28.21279,153.68014,1.29,2.16,6.9,3.68,21.56,36.55,0.83,155.78
Tweed Offshore,2487,1763307000,2025-11-17 01:30:00,-28.21279,153.68014,1.14,2.21,6.67,3.6,21.56,36.11,0.86,157.27
Tweed Offshore,2487,1763308800,2025-11-17 02:00:00,-28.2128,153.68009,1.17,1.78,6.25,3.64,21.56,29.34,0.82,155.52
Tweed Offshore,2487,1763310600,2025-11-17 02:30:00,-28.21276,153.68009,1.19,1.98,5.41,3.74,21.52,27.06,0.8,160.26
Tweed Offshore,2487,1763312400,2025-11-17 03:00:00,-28.21279,153.68011,1.22,2.07,5.71,3.75,21.52,28.82,0.84,152.97
Tweed Offshore,2487,1763314200,2025-11-17 03:30:00,-28.21279,153.68016,1.21,1.96,5.88,3.74,21.47,31.37,0.77,155.43
Tweed Offshore,2487,1763316000,2025-11-17 04:00:00,-28.21276,153.68016,1.12,2.11,5.71,3.59,21.47,30.31,0.78,151.74
Tweed Offshore,2487,1763317800,2025-11-17 04:30:00,-28.21275,153.68018,1.1,2.03,6.25,3.61,21.47,35.23,0.78,155.16
Tweed Offshore,2487,1763319600,2025-11-17 05:00:00,-28.21275,153.68022,1.11,1.88,6.25,3.63,21.38,33.65,0.73,146.11
Tweed Offshore,2487,1763321400,2025-11-17 05:30:00,-28.21273,153.68024,1.02,1.51,6.25,3.65,21.25,34.27,0.76,147.08
Tweed Offshore,2487,1763323200,2025-11-17 06:00:00,-28.21273,153.68022,0.96,1.44,7.41,3.59,21.25,40.77,0.75,147.16
Tweed Offshore,2487,1763325000,2025-11-17 06:30:00,-28.21273,153.68029,0.94,1.49,6.45,3.57,21.25,35.41,0.73,145.41
Tweed Offshore,2487,1763326800,2025-11-17 07:00:00,-28.21273,153.68026,0.89,1.52,6.67,3.42,21.25,36.03,0.67,146.64
Tweed Offshore,2487,1763328600,2025-11-17 07:30:00,-28.21273,153.68029,0.86,1.47,6.45,3.2,21.21,45.87,0.71,141.1
Tweed Offshore,2487,1763330400,2025-11-17 08:00:00,-28.21272,153.68029,0.77,1.48,6.67,3.38,21.12,42.44,0.72,148.48
Tweed Offshore,2487,1763332200,2025-11-17 08:30:00,-28.21272,153.68031,0.74,1.48,6.25,3.51,21.12,36.11,0.58,141.63
Tweed Offshore,2487,1763334000,2025-11-17 09:00:00,-28.2127,153.68031,0.69,1.22,6.9,3.38,21.25,47.89,0.63,141.63
Tweed Offshore,2487,1763335800,2025-11-17 09:30:00,-28.2127,153.68031,0.67,1.2,6.06,3.22,21.61,49.39,0.64,142.95
Tweed Offshore,2487,1763337600,2025-11-17 10:00:00,-28.2127,153.68031,0.62,0.99,5.41,3.39,21.43,49.12,0.68,138.29
Tweed Offshore,2487,1763339400,2025-11-17 10:30:00,-28.21272,153.68031,0.66,1.4,6.25,3.32,21.69,43.67,0.63,139.96
Tweed Offshore,2487,1763341200,2025-11-17 11:00:00,-28.21273,153.68029,0.68,1.21,6.45,3.49,21.69,44.03,0.66,144.26
Tweed Offshore,2487,1763343000,2025-11-17 11:30:00,-28.21273,153.68031,0.69,1.22,6.25,3.19,21.74,37.43,0.64,144.18
Tweed Offshore,2487,1763344800,2025-11-17 12:00:00,-28.21273,153.68024,0.7,1.26,6.45,3.29,21.74,36.82,0.54,150.24
Tweed Offshore,2487,1763346600,2025-11-17 12:30:00,-28.21273,153.68022,0.68,1.31,6.67,3.21,21.56,41.83,0.61,147.87
Tweed Offshore,2487,1763348400,2025-11-17 13:00:00,-28.2127,153.68026,0.69,1.12,6.25,3.41,21.61,36.2,0.53,145.14
Tweed Offshore,2487,1763350200,2025-11-17 13:30:00,-28.2127,153.68031,0.66,1.19,6.25,3.52,21.92,40.42,0.44,157.27
Tweed Offshore,2487,1763352000,2025-11-17 14:00:00,-28.21272,153.68031,0.62,1.18,6.45,3.79,21.78,35.76,0.52,149.98
Tweed Offshore,2487,1763353800,2025-11-17 14:30:00,-28.21272,153.68024,0.69,1.13,6.25,3.86,22.01,36.9,0.55,165.45
Tweed Offshore,2487,1763355600,2025-11-17 15:00:00,-28.21272,153.68026,0.67,1.05,6.06,3.04,22.41,42.88,0.52,156.75
Tweed Offshore,2487,1763357400,2025-11-17 15:30:00,-28.2127,153.68031,0.69,1.16,6.06,3.33,21.87,45.87,0.57,153.23
Tweed Offshore,2487,1763359200,2025-11-17 16:00:00,-28.2127,153.68024,0.68,1.24,6.25,3.36,21.87,53.61,0.49,157.36
Tweed Offshore,2487,1763361000,2025-11-17 16:30:00,-28.2127,153.68029,0.7,1.21,6.25,3.24,21.74,47.72,0.43,148.13
Tweed Offshore,2487,1763362800,2025-11-17 17:00:00,-28.2127,153.68026,0.69,1.64,6.67,3.34,21.56,41.48,0.58,154.46
Tweed Offshore,2487,1763364600,2025-11-17 17:30:00,-28.21269,153.68024,0.64,1.16,6.45,3.43,21.61,49.56,0.49,156.48
Tweed Offshore,2487,1763366400,2025-11-17 18:00:00,-28.21269,153.68024,0.62,1.09,5.88,3.66,21.69,56.25,0.48,157.45
Tweed Offshore,2487,1763368200,2025-11-17 18:30:00,-28.21269,153.68024,0.64,0.99,6.67,3.77,21.74,46.75,0.46,152.62
Tweed Offshore,2487,1763370000,2025-11-17 19:00:00,-28.2127,153.68016,0.63,1.08,7.14,3.93,21.83,51.59,0.49,158.15
Tweed Offshore,2487,1763371800,2025-11-17 19:30:00,-28.21272,153.68018,0.62,1.16,6.67,4.06,21.83,55.19,0.58,156.57
Tweed Offshore,2487,1763373600,2025-11-17 20:00:00,-28.21273,153.68016,0.64,1.18,6.67,4.2,21.92,41.21,0.55,151.65
Tweed Offshore,2487,1763375400,2025-11-17 20:30:00,-28.21273,153.68016,0.6,0.99,6.67,3.99,21.96,45.87,0.54,149.27
Tweed Offshore,2487,1763377200,2025-11-17 21:00:00,-28.21273,153.68009,0.6,0.89,6.67,4.1,21.92,51.06,0.52,163.08
Tweed Offshore,2487,1763379000,2025-11-17 21:30:00,-28.21273,153.68009,0.58,1.19,6.67,4.05,21.87,65.21,0.51,153.93
Tweed Offshore,2487,1763380800,2025-11-17 22:00:00,-28.21273,153.68011,0.56,0.95,6.45,4.12,21.92,66.53,0.51,155.69
Tweed Offshore,2487,1763382600,2025-11-17 22:30:00,-28.21276,153.68005,0.57,0.95,6.25,4.25,21.87,61.08,0.53,160.0
Tweed Offshore,2487,1763384400,2025-11-17 23:00:00,-28.21273,153.68003,0.55,0.83,6.25,3.64,21.78,69.43,0.45,142.77
Tweed Offshore,2487,1763386200,2025-11-17 23:30:00,-28.21273,153.67999,0.62,1.12,6.45,3.6,21.78,60.11,0.43,144.0
Tweed Offshore,2487,1763388000,2025-11-18 00:00:00,-28.21272,153.68001,0.68,1.06,6.25,3.71,21.65,67.5,0.39,141.36
Tweed Offshore,2487,1763388000,2025-11-18 00:00:00,-28.21272,153.68003,0.68,1.06,6.25,3.71,21.65,67.5,0.39,141.36
Tweed Offshore,2487,1763389800,2025-11-18 00:30:00,-28.2127,153.68003,0.68,1.39,6.67,3.69,21.61,65.56,0.41,144.7
Tweed Offshore,2487,1763391600,2025-11-18 01:00:00,-28.2127,153.68005,0.69,1.5,6.45,3.88,21.56,70.05,0.32,165.89
Tweed Offshore,2487,1763393400,2025-11-18 01:30:00,-28.2127,153.68003,0.74,1.16,6.06,3.86,21.47,71.89,0.33,169.67
Tweed Offshore,2487,1763395200,2025-11-18 02:00:00,-28.21272,153.68001,0.79,1.3,6.67,3.96,21.65,75.85,0.45,180.04
Tweed Offshore,2487,1763397000,2025-11-18 02:30:00,-28.21273,153.67996,0.84,1.33,5.41,3.97,21.74,143.37,0.38,169.23
Tweed Offshore,2487,1763398800,2025-11-18 03:00:00,-28.21272,153.67996,0.93,1.53,6.25,4.03,21.74,126.75,0.45,189.8
Tweed Offshore,2487,1763400600,2025-11-18 03:30:00,-28.21272,153.67992,1.08,1.86,5.88,4.19,21.78,157.08,0.45,194.55
Tweed Offshore,2487,1763402400,2025-11-18 04:00:00,-28.21273,153.67992,1.19,2.01,6.25,4.43,21.83,139.23,0.44,181.89
Tweed Offshore,2487,1763404200,2025-11-18 04:30:00,-28.2127,153.67994,1.45,2.09,6.06,4.95,21.78,155.5,0.52,188.22
Tweed Offshore,2487,1763406000,2025-11-18 05:00:00,-28.21273,153.67994,1.37,2.6,6.25,4.71,22.27,159.37,0.69,188.04
Tweed Offshore,2487,1763407800,2025-11-18 05:30:00,-28.21273,153.67994,1.41,2.18,6.67,4.98,22.23,167.19,0.68,185.14
Tweed Offshore,2487,1763409600,2025-11-18 06:00:00,-28.21275,153.67994,1.41,2.51,6.67,5.3,22.36,161.74,0.78,192.35
Tweed Offshore,2487,1763411400,2025-11-18 06:30:00,-28.21276,153.67996,1.54,3.12,6.67,5.32,22.5,165.78,0.84,176.79
Tweed Offshore,2487,1763413200,2025-11-18 07:00:00,-28.2128,153.67996,1.57,2.41,6.9,5.49,23.13,165.26,0.98,181.1
Tweed Offshore,2487,1763415000,2025-11-18 07:30:00,-28.2128,153.67999,1.7,3.24,6.9,5.56,23.49,165.17,1.01,174.77
Tweed Offshore,2487,1763416800,2025-11-18 08:00:00,-28.2128,153.68001,1.53,2.22,6.67,5.21,23.58,166.4,0.98,171.08
Tweed Offshore,2487,1763418600,2025-11-18 08:30:00,-28.21284,153.68001,1.67,3.01,6.45,5.18,23.49,150.75,0.93,173.01
Tweed Offshore,2487,1763420400,2025-11-18 09:00:00,-28.2128,153.68009,1.56,2.54,7.14,5.13,23.54,173.26,0.78,168.7
Tweed Offshore,2487,1763422200,2025-11-18 09:30:00,-28.21282,153.68003,1.66,2.76,6.67,5.24,23.49,149.7,0.88,173.98
Tweed Offshore,2487,1763424000,2025-11-18 10:00:00,-28.2128,153.68005,1.44,2.44,6.25,5.06,23.49,154.09,0.77,169.67
Tweed Offshore,2487,1763425800,2025-11-18 10:30:00,-28.2128,153.68007,1.46,2.53,6.25,5.0,23.35,143.1,0.92,170.11
Tweed Offshore,2487,1763427600,2025-11-18 11:00:00,-28.21282,153.68005,1.5,2.58,6.67,5.2,23.31,157.87,0.9,170.81
Tweed Offshore,2487,1763429400,2025-11-18 11:30:00,-28.2128,153.68009,1.56,2.3,6.45,5.23,23.35,154.44,0.76,168.26
Tweed Offshore,2487,1763431200,2025-11-18 12:00:00,-28.2128,153.68011,1.51,2.95,6.67,5.08,23.35,160.51,0.91,165.98
Tweed Offshore,2487,1763433000,2025-11-18 12:30:00,-28.21282,153.68009,1.49,2.61,6.67,4.99,23.31,153.12,0.88,165.63
Tweed Offshore,2487,1763434800,2025-11-18 13:00:00,-28.21282,153.68009,1.48,2.63,6.25,4.99,23.35,129.3,0.92,167.03
Tweed Offshore,2487,1763436600,2025-11-18 13:30:00,-28.21282,153.68009,1.55,2.49,6.9,5.12,23.44,160.6,0.8,163.08
Tweed Offshore,2487,1763438400,2025-11-18 14:00:00,-28.21282,153.68009,1.37,2.2,6.25,4.99,23.58,147.76,0.92,162.46
Tweed Offshore,2487,1763440200,2025-11-18 14:30:00,-28.21282,153.68009,1.48,2.27,6.67,5.06,23.63,134.22,1.0,161.58
Tweed Offshore,2487,1763442000,2025-11-18 15:00:00,-28.2128,153.68011,1.46,2.88,5.71,5.11,23.63,118.75,0.97,156.75
Tweed Offshore,2487,1763443800,2025-11-18 15:30:00,-28.2128,153.68014,1.45,2.51,8.33,5.09,23.58,164.2,0.85,156.92
Tweed Offshore,2487,1763445600,2025-11-18 16:00:00,-28.21276,153.68014,1.36,2.38,6.06,5.02,23.44,132.2,0.92,155.87
Tweed Offshore,2487,1763447400,2025-11-18 16:30:00,-28.21279,153.68016,1.38,2.23,5.71,4.93,23.4,117.87,0.9,152.35
Tweed Offshore,2487,1763449200,2025-11-18 17:00:00,-28.21276,153.68009,1.35,1.9,5.88,4.91,23.22,129.04,0.89,153.67
Tweed Offshore,2487,1763451000,2025-11-18 17:30:00,-28.21276,153.68009,1.42,2.63,9.09,5.18,23.22,167.19,0.79,151.47
Tweed Offshore,2487,1763452800,2025-11-18 18:00:00,-28.21276,153.68009,1.41,2.42,8.7,5.14,23.17,156.38,0.88,153.49
Tweed Offshore,2487,1763454600,2025-11-18 18:30:00,-28.21276,153.68009,1.38,2.31,8.7,5.11,23.22,163.32,0.85,154.73
Tweed Offshore,2487,1763456400,2025-11-18 19:00:00,-28.21276,153.68011,1.46,2.54,8.33,5.2,23.13,155.23,0.88,151.21
Tweed Offshore,2487,1763458200,2025-11-18 19:30:00,-28.21276,153.68011,1.43,2.56,9.09,5.3,22.99,154.53,0.86,149.8
Tweed Offshore,2487,1763460000,2025-11-18 20:00:00,-28.21275,153.68009,1.38,2.56,8.7,5.18,22.9,155.85,0.82,149.27
Tweed Offshore,2487,1763461800,2025-11-18 20:30:00,-28.21276,153.68011,1.37,2.19,7.69,5.08,22.77,157.7,0.86,149.63
Tweed Offshore,2487,1763463600,2025-11-18 21:00:00,-28.21279,153.68014,1.39,2.07,6.25,5.01,22.77,134.05,0.84,151.65
Tweed Offshore,2487,1763465400,2025-11-18 21:30:00,-28.21276,153.68011,1.35,2.14,8.33,5.04,22.63,150.4,0.83,149.27
Tweed Offshore,2487,1763467200,2025-11-18 22:00:00,-28.21276,153.68014,1.39,1.9,8.33,5.12,22.63,155.15,0.81,145.49
Tweed Offshore,2487,1763469000,2025-11-18 22:30:00,-28.21276,153.68014,1.4,2.48,8.33,5.14,22.54,155.06,0.85,143.3
Tweed Offshore,2487,1763470800,2025-11-18 23:00:00,-28.21276,153.68011,1.31,2.48,8.33,4.98,22.5,153.21,0.68,141.63
Tweed Offshore,2487,1763472600,2025-11-18 23:30:00,-28.21276,153.68005,1.28,2.27,8.33,5.0,22.45,165.43,0.78,149.71
Tweed Offshore,2487,1763474400,2025-11-19 00:00:00,-28.21276,153.68007,1.27,2.32,8.0,5.03,22.41,158.31,0.78,151.74
Tweed Offshore,2487,1763474400,2025-11-19 00:00:00,-28.21275,153.68007,1.27,2.32,8.0,5.03,22.41,158.31,0.78,151.74
Tweed Offshore,2487,1763476200,2025-11-19 00:30:00,-28.21276,153.68009,1.28,2.16,8.0,5.03,22.59,153.21,0.76,151.74
Tweed Offshore,2487,1763478000,2025-11-19 01:00:00,-28.21279,153.68007,1.3,2.13,7.69,5.02,22.63,158.31,0.79,152.35
Tweed Offshore,2487,1763479800,2025-11-19 01:30:00,-28.21276,153.68001,1.34,2.25,8.0,5.24,22.63,155.94,0.74,152.88
Tweed Offshore,2487,1763481600,2025-11-19 02:00:00,-28.21276,153.68009,1.21,2.09,7.14,5.09,22.68,141.08,0.77,151.03
Tweed Offshore,2487,1763483400,2025-11-19 02:30:00,-28.21275,153.68005,1.22,2.11,6.9,5.08,22.77,127.72,0.74,157.27
Tweed Offshore,2487,1763485200,2025-11-19 03:00:00,-28.21275,153.68014,1.16,2.06,7.69,4.94,22.68,149.17,0.67,153.14
Tweed Offshore,2487,1763487000,2025-11-19 03:30:00,-28.21276,153.68007,1.19,2.07,8.0,5.29,22.63,161.3,0.66,154.37
Tweed Offshore,2487,1763488800,2025-11-19 04:00:00,-28.21275,153.68003,1.14,2.13,7.14,5.41,22.95,147.94,0.7,167.21
Tweed Offshore,2487,1763490600,2025-11-19 04:30:00,-28.21276,153.68005,1.22,2.14,7.14,5.4,23.17,146.97,0.83,177.93
Tweed Offshore,2487,1763492400,2025-11-19 05:00:00,-28.21276,153.68005,1.22,1.96,7.69,5.43,23.35,161.21,0.79,173.36
Tweed Offshore,2487,1763494200,2025-11-19 05:30:00,-28.21279,153.68011,1.21,2.14,10.53,5.55,23.22,154.0,0.88,168.79
Tweed Offshore,2487,1763496000,2025-11-19 06:00:00,-28.21275,153.68016,1.22,1.83,9.09,5.66,23.31,164.9,0.83,168.79
Tweed Offshore,2487,1763497800,2025-11-19 06:30:00,-28.21276,153.68014,1.22,2.07,9.52,5.52,23.31,166.14,0.83,174.07
Tweed Offshore,2487,1763499600,2025-11-19 07:00:00,-28.21279,153.68014,1.21,1.94,9.09,5.33,23.35,173.52,0.78,171.16
Tweed Offshore,2487,1763501400,2025-11-19 07:30:00,-28.21279,153.68016,1.21,2.17,9.52,5.41,23.44,160.25,0.83,170.81
Tweed Offshore,2487,1763503200,2025-11-19 08:00:00,-28.21279,153.68018,1.29,2.0,10.0,5.75,23.44,174.4,0.8,170.81
Tweed Offshore,2487,1763505000,2025-11-19 08:30:00,-28.2128,153.68022,1.29,2.11,9.09,5.63,23.58,173.34,0.87,169.32
Tweed Offshore,2487,1763506800,2025-11-19 09:00:00,-28.21279,153.68024,1.34,1.97,9.52,5.79,23.63,159.63,0.82,165.63
Tweed Offshore,2487,1763508600,2025-11-19 09:30:00,-28.21279,153.68024,1.28,1.91,9.52,5.62,23.81,165.26,0.74,166.15
Tweed Offshore,2487,1763510400,2025-11-19 10:00:00,-28.21276,153.68026,1.24,1.96,9.09,5.49,23.85,170.27,0.92,171.87
Tweed Offshore,2487,1763512200,2025-11-19 10:30:00,-28.2128,153.6802,1.21,2.09,9.09,5.22,23.95,170.79,0.94,170.37
Tweed Offshore,2487,1763514000,2025-11-19 11:00:00,-28.2128,153.6802,1.26,2.34,6.67,5.27,24.08,117.17,0.93,167.82
Tweed Offshore,2487,1763515800,2025-11-19 11:30:00,-28.2128,153.68024,1.15,1.92,9.09,5.24,24.17,161.74,0.9,165.54
Tweed Offshore,2487,1763517600,2025-11-19 12:00:00,-28.2128,153.68024,1.2,1.87,11.11,5.33,24.17,148.55,0.97,162.37
Tweed Offshore,2487,1763519400,2025-11-19 12:30:00,-28.2128,153.68024,1.17,1.95,8.7,5.17,24.22,152.25,0.88,164.13
Tweed Offshore,2487,1763521200,2025-11-19 13:00:00,-28.21276,153.68026,1.13,1.71,9.52,5.04,24.17,159.72,0.78,165.45
Tweed Offshore,2487,1763523000,2025-11-19 13:30:00,-28.21279,153.68022,1.05,1.94,9.52,4.67,24.13,154.88,0.84,158.24
Tweed Offshore,2487,1763524800,2025-11-19 14:00:00,-28.21276,153.6802,1.12,2.03,10.0,4.64,24.08,159.98,0.83,163.08
Tweed Offshore,2487,1763526600,2025-11-19 14:30:00,-28.21276,153.68018,1.12,2.2,10.0,4.55,23.9,163.85,0.76,158.51
Tweed Offshore,2487,1763528400,2025-11-19 15:00:00,-28.21276,153.68018,1.12,1.77,9.52,4.34,23.9,142.49,0.81,155.16
Tweed Offshore,2487,1763530200,2025-11-19 15:30:00,-28.21276,153.68016,1.09,1.81,9.52,4.43,23.95,140.99,0.79,159.65
Tweed Offshore,2487,1763532000,2025-11-19 16:00:00,-28.21279,153.68014,1.13,1.76,10.0,4.49,23.9,152.07,0.66,162.9
Tweed Offshore,2487,1763533800,2025-11-19 16:30:00,-28.21276,153.68011,1.13,1.73,10.53,4.53,23.9,147.32,0.74,162.81
Tweed Offshore,2487,1763535600,2025-11-19 17:00:00,-28.21273,153.68014,1.12,2.1,10.53,4.43,23.81,122.09,0.58,162.02
Tweed Offshore,2487,1763537400,2025-11-19 17:30:00,-28.21273,153.68016,1.02,1.71,10.53,4.35,23.72,137.74,0.59,156.75
Tweed Offshore,2487,1763539200,2025-11-19 18:00:00,-28.21275,153.68016,1.02,1.61,9.52,4.35,23.63,156.03,0.65,156.84
Tweed Offshore,2487,1763541000,2025-11-19 18:30:00,-28.21276,153.68011,1.0,1.5,6.45,4.16,23.49,87.89,0.64,155.52
Tweed Offshore,2487,1763542800,2025-11-19 19:00:00,-28.21276,153.68005,1.03,1.58,10.53,4.14,23.44,131.94,0.56,158.15
Tweed Offshore,2487,1763544600,2025-11-19 19:30:00,-28.21275,153.68009,1.01,1.7,9.09,4.25,23.35,134.93,0.65,154.37
Tweed Offshore,2487,1763546400,2025-11-19 20:00:00,-28.21275,153.68003,0.96,1.64,10.0,4.17,23.26,128.86,0.59,157.19
Tweed Offshore,2487,1763548200,2025-11-19 20:30:00,-28.21275,153.68001,0.99,1.52,10.53,4.12,23.22,130.44,0.57,154.29
Tweed Offshore,2487,1763550000,2025-11-19 21:00:00,-28.21276,153.68007,1.01,1.8,11.11,4.24,23.13,124.55,0.39,159.65
Tweed Offshore,2487,1763551800,2025-11-19 21:30:00,-28.21275,153.68001,0.94,1.43,10.53,4.06,23.08,128.86,0.56,160.18
Tweed Offshore,2487,1763553600,2025-11-19 22:00:00,-28.21276,153.68003,0.92,1.41,10.0,4.02,23.04,149.08,0.34,155.16
Tweed Offshore,2487,1763555400,2025-11-19 22:30:00,-28.21276,153.67994,0.97,1.53,10.0,4.18,22.99,130.79,0.53,163.6
Tweed Offshore,2487,1763557200,2025-11-19 23:00:00,-28.21275,153.67996,0.95,1.68,9.52,4.09,22.95,138.71,0.41,152.62
Tweed Offshore,2487,1763559000,2025-11-19 23:30:00,-28.21275,153.67981,0.92,1.59,10.0,3.99,22.9,138.53,0.37,166.42
Tweed Offshore,2487,1763560800,2025-11-20 00:00:00,-28.21273,153.67986,0.9,1.61,9.52,3.98,22.86,132.64,0.42,168.09
Tweed Offshore,2487,1763560800,2025-11-20 00:00:00,-28.21273,153.6799,0.9,1.61,9.52,3.98,22.86,132.64,0.42,168.09
Tweed Offshore,2487,1763562600,2025-11-20 00:30:00,-28.21273,153.67988,0.93,1.48,10.53,3.97,22.77,117.52,0.44,167.03
Tweed Offshore,2487,1763564400,2025-11-20 01:00:00,-28.21275,153.67986,0.91,1.54,10.0,4.04,22.68,143.72,0.36,169.58
Tweed Offshore,2487,1763566200,2025-11-20 01:30:00,-28.21275,153.67986,0.91,1.45,10.0,4.21,22.63,118.05,0.49,169.67
Tweed Offshore,2487,1763568000,2025-11-20 02:00:00,-28.21275,153.67986,0.94,1.65,10.0,4.26,22.54,128.42,0.37,171.6
Tweed Offshore,2487,1763569800,2025-11-20 02:30:00,-28.21275,153.67992,0.92,1.86,10.53,4.35,22.45,125.61,0.51,167.91
Tweed Offshore,2487,1763571600,2025-11-20 03:00:00,-28.21276,153.67986,0.87,1.56,10.53,4.34,22.41,133.08,0.35,163.16
Tweed Offshore,2487,1763573400,2025-11-20 03:30:00,-28.21275,153.67988,0.88,1.57,9.52,4.44,22.36,125.43,0.5,170.9
Tweed Offshore,2487,1763575200,2025-11-20 04:00:00,-28.21272,153.67994,0.96,1.53,10.0,4.64,22.41,121.65,0.5,180.04
Tweed Offshore,2487,1763577000,2025-11-20 04:30:00,-28.21275,153.6799,0.96,1.65,10.0,5.06,22.32,112.51,0.63,179.34
Tweed Offshore,2487,1763578800,2025-11-20 05:00:00,-28.21275,153.6799,0.91,1.61,9.52,5.02,22.45,116.11,0.65,182.07
Tweed Offshore,2487,1763580600,2025-11-20 05:30:00,-28.21279,153.67994,0.88,1.52,10.53,4.75,22.63,108.82,0.83,176.18
Tweed Offshore,2487,1763582400,2025-11-20 06:00:00,-28.21279,153.67992,0.98,1.71,10.53,5.01,22.86,124.2,0.82,186.02
Tweed Offshore,2487,1763584200,2025-11-20 06:30:00,-28.21279,153.67994,0.93,1.53,10.0,4.89,23.04,128.77,0.97,181.98
Tweed Offshore,2487,1763586000,2025-11-20 07:00:00,-28.2128,153.67996,0.93,1.42,10.0,5.05,23.22,108.55,0.95,180.57
Tweed Offshore,2487,1763587800,2025-11-20 07:30:00,-28.21279,153.68003,0.96,1.41,9.52,5.3,23.31,133.61,0.99,172.48
Tweed Offshore,2487,1763589600,2025-11-20 08:00:00,-28.21279,153.68007,0.99,1.56,9.09,5.46,23.35,106.62,0.97,172.48
Tweed Offshore,2487,1763591400,2025-11-20 08:30:00,-28.2128,153.68007,0.96,1.38,10.53,5.56,23.58,131.76,1.03,174.95
Tweed Offshore,2487,1763593200,2025-11-20 09:00:00,-28.21282,153.68005,0.95,1.47,9.09,5.56,23.72,113.56,1.06,174.42
Tweed Offshore,2487,1763595000,2025-11-20 09:30:00,-28.21279,153.68014,0.99,1.81,10.0,5.76,23.95,112.42,1.06,167.3
Tweed Offshore,2487,1763596800,2025-11-20 10:00:00,-28.2128,153.68014,0.99,1.73,10.53,5.85,24.17,123.5,1.08,169.32
Tweed Offshore,2487,1763598600,2025-11-20 10:30:00,-28.2128,153.68016,1.01,1.48,9.52,5.84,24.54,119.63,1.0,160.26
Tweed Offshore,2487,1763600400,2025-11-20 11:00:00,-28.21279,153.6802,1.05,1.88,10.0,5.8,24.54,117.52,1.01,163.87
Tweed Offshore,2487,1763602200,2025-11-20 11:30:00,-28.2128,153.68018,1.01,1.79,11.11,5.72,24.59,120.33,1.02,160.62
Tweed Offshore,2487,1763604000,2025-11-20 12:00:00,-28.21279,153.68026,0.99,1.78,9.52,5.53,24.13,117.7,1.05,160.18
Tweed Offshore,2487,1763605800,2025-11-20 12:30:00,-28.21276,153.68026,1.06,1.82,10.53,5.52,24.08,121.74,1.04,156.13
Tweed Offshore,2487,1763607600,2025-11-20 13:00:00,-28.21275,153.68029,0.95,1.53,10.53,5.3,23.99,122.09,1.01,151.56
Tweed Offshore,2487,1763609400,2025-11-20 13:30:00,-28.21276,153.68024,0.98,1.53,10.0,4.82,23.85,109.26,0.96,156.22
Tweed Offshore,2487,1763611200,2025-11-20 14:00:00,-28.21276,153.68016,1.06,1.63,10.0,4.75,23.54,116.99,0.87,152.79
Tweed Offshore,2487,1763613000,2025-11-20 14:30:00,-28.21279,153.68014,1.02,1.7,11.11,4.6,23.63,101.17,0.83,154.11
Tweed Offshore,2487,1763614800,2025-11-20 15:00:00,-28.21275,153.68014,1.09,1.87,10.0,4.72,23.31,108.29,0.8,148.92
Tweed Offshore,2487,1763616600,2025-11-20 15:30:00,-28.21273,153.68014,1.14,1.74,10.0,4.71,23.22,109.61,0.79,150.68
Tweed Offshore,2487,1763618400,2025-11-20 16:00:00,-28.21275,153.68014,1.09,1.89,10.53,4.77,23.13,116.03,0.77,154.29
Tweed Offshore,2487,1763620200,2025-11-20 16:30:00,-28.21273,153.6802,1.1,1.76,11.11,4.64,22.9,101.43,0.74,150.51
Tweed Offshore,2487,1763622000,2025-11-20 17:00:00,-28.21275,153.68011,1.15,1.75,10.53,4.41,22.72,98.27,0.7,154.81
Tweed Offshore,2487,1763623800,2025-11-20 17:30:00,-28.21275,153.68014,1.16,1.96,10.53,4.39,22.77,102.66,0.76,157.89
Tweed Offshore,2487,1763625600,2025-11-20 18:00:00,-28.21275,153.68016,1.2,1.97,11.76,4.47,22.72,111.54,0.71,154.29
Tweed Offshore,2487,1763627400,2025-11-20 18:30:00,-28.21275,153.68014,1.19,1.84,10.53,4.36,22.77,102.84,0.77,151.82
Tweed Offshore,2487,1763629200,2025-11-20 19:00:00,-28.21275,153.68009,1.23,1.91,10.53,4.63,22.81,105.3,0.71,150.15
Tweed Offshore,2487,1763631000,2025-11-20 19:30:00,-28.21275,153.68016,1.26,1.87,11.11,4.69,22.77,107.41,0.75,144.0
Tweed Offshore,2487,1763632800,2025-11-20 20:00:00,-28.21272,153.68016,1.22,1.92,12.5,4.87,22.77,126.4,0.76,142.15
Tweed Offshore,2487,1763634600,2025-11-20 20:30:00,-28.21272,153.68018,1.22,2.63,11.11,4.62,22.68,98.88,0.71,139.25
Tweed Offshore,2487,1763636400,2025-11-20 21:00:00,-28.21272,153.6802,1.17,1.84,10.53,4.54,22.63,109.52,0.7,137.14
Tweed Offshore,2487,1763638200,2025-11-20 21:30:00,-28.2127,153.68029,1.25,2.47,10.53,4.74,22.59,93.7,0.68,130.02
Tweed Offshore,2487,1763640000,2025-11-20 22:00:00,-28.21272,153.68014,1.22,2.1,10.53,4.52,22.54,109.43,0.56,137.41
Tweed Offshore,2487,1763641800,2025-11-20 22:30:00,-28.21275,153.67996,1.15,1.83,11.76,4.5,22.45,105.39,0.5,148.92
Tweed Offshore,2487,1763643600,2025-11-20 23:00:00,-28.21275,153.67994,1.15,2.2,10.53,4.51,22.41,104.51,0.48,146.37
Tweed Offshore,2487,1763645400,2025-11-20 23:30:00,-28.21273,153.67999,1.16,1.85,10.53,4.66,22.36,110.22,0.46,149.1
Tweed Offshore,2487,1763647200,2025-11-21 00:00:00,-28.21273,153.68001,1.21,1.77,11.76,4.92,22.36,113.12,0.47,150.68
Tweed Offshore,2487,1763647200,2025-11-21 00:00:00,-28.21272,153.68001,1.21,1.77,11.76,4.92,22.36,113.12,0.47,150.68
Tweed Offshore,2487,1763649000,2025-11-21 00:30:00,-28.21273,153.68001,1.15,2.13,10.53,4.91,22.36,112.77,0.48,154.11
Tweed Offshore,2487,1763650800,2025-11-21 01:00:00,-28.21273,153.67996,1.17,2.07,12.5,5.0,22.32,106.27,0.44,160.62
Tweed Offshore,2487,1763652600,2025-11-21 01:30:00,-28.21273,153.67994,1.1,1.68,10.53,4.89,22.27,112.77,0.5,167.21
Tweed Offshore,2487,1763654400,2025-11-21 02:00:00,-28.21275,153.67986,1.07,1.72,11.76,4.93,22.41,113.12,0.51,176.09
Tweed Offshore,2487,1763656200,2025-11-21 02:30:00,-28.21275,153.67986,1.13,1.68,11.76,5.15,22.54,105.21,0.5,179.52
Tweed Offshore,2487,1763658000,2025-11-21 03:00:00,-28.21273,153.67988,1.1,1.71,12.5,5.28,22.54,113.12,0.58,177.93
Tweed Offshore,2487,1763659800,2025-11-21 03:30:00,-28.21276,153.67981,1.05,1.56,11.76,5.3,23.13,108.2,0.81,182.59
Tweed Offshore,2487,1763661600,2025-11-21 04:00:00,-28.21279,153.67981,1.11,1.67,11.76,5.75,23.26,114.09,0.85,180.75
Tweed Offshore,2487,1763663400,2025-11-21 04:30:00,-28.21279,153.67986,1.11,1.76,11.11,5.8,23.44,100.9,0.69,175.91
Tweed Offshore,2487,1763665200,2025-11-21 05:00:00,-28.21279,153.67986,1.17,2.22,11.11,6.07,23.44,106.62,0.72,174.59
Tweed Offshore,2487,1763667000,2025-11-21 05:30:00,-28.21279,153.6799,1.21,1.85,11.76,6.33,23.4,97.74,0.89,175.65
Tweed Offshore,2487,1763668800,2025-11-21 06:00:00,-28.21279,153.67996,1.15,1.89,11.11,6.37,23.44,112.33,0.75,173.54
Tweed Offshore,2487,1763670600,2025-11-21 06:30:00,-28.21279,153.67999,1.15,1.95,11.76,6.55,23.49,94.93,0.9,177.93
Tweed Offshore,2487,1763672400,2025-11-21 07:00:00,-28.2128,153.67996,1.14,1.7,10.53,6.33,23.76,99.41,0.99,177.41
Tweed Offshore,2487,1763674200,2025-11-21 07:30:00,-28.21279,153.68001,1.26,2.08,11.76,6.43,23.9,106.18,0.78,172.75
Tweed Offshore,2487,1763676000,2025-11-21 08:00:00,-28.2128,153.68005,1.2,2.07,11.76,6.47,23.85,104.42,0.86,167.03
Tweed Offshore,2487,1763677800,2025-11-21 08:30:00,-28.21279,153.68009,1.27,2.07,11.11,6.91,23.9,107.94,0.83,168.44
Tweed Offshore,2487,1763679600,2025-11-21 09:00:00,-28.2128,153.68011,1.28,1.99,11.76,6.99,24.17,111.63,1.14,166.68
Tweed Offshore,2487,1763681400,2025-11-21 09:30:00,-28.21276,153.68022,1.18,1.67,10.0,6.5,24.27,112.16,1.11,163.69
Tweed Offshore,2487,1763683200,2025-11-21 10:00:00,-28.21279,153.68024,1.16,1.81,11.76,6.16,24.31,118.93,1.09,161.49
Tweed Offshore,2487,1763685000,2025-11-21 10:30:00,-28.21275,153.68031,1.34,2.05,11.76,6.07,24.31,106.97,1.01,158.86
Tweed Offshore,2487,1763686800,2025-11-21 11:00:00,-28.21275,153.68031,1.38,2.35,11.76,6.15,24.17,116.38,0.9,155.52
Tweed Offshore,2487,1763688600,2025-11-21 11:30:00,-28.21275,153.68031,1.3,2.22,12.5,5.68,24.08,94.4,0.78,156.92
Tweed Offshore,2487,1763690400,2025-11-21 12:00:00,-28.21275,153.68031,1.38,2.07,11.76,5.46,23.95,112.16,0.73,153.14
Tweed Offshore,2487,1763692200,2025-11-21 12:30:00,-28.21272,153.68039,1.49,2.89,11.11,5.5,23.72,113.74,0.7,150.07
Tweed Offshore,2487,1763694000,2025-11-21 13:00:00,-28.21269,153.68039,1.55,2.33,12.5,5.39,23.63,92.29,0.65,149.45
Tweed Offshore,2487,1763695800,2025-11-21 13:30:00,-28.2127,153.68039,1.53,2.16,11.76,5.4,23.67,106.09,0.61,146.37
Tweed Offshore,2487,1763697600,2025-11-21 14:00:00,-28.2127,153.68031,1.5,2.81,12.5,5.34,23.72,100.82,0.46,149.63
Tweed Offshore,2487,1763699400,2025-11-21 14:30:00,-28.21269,153.68024,1.52,2.43,12.5,5.38,23.76,105.3,0.47,139.34
Tweed Offshore,2487,1763701200,2025-11-21 15:00:00,-28.21269,153.68016,1.53,2.45,11.76,5.23,23.81,111.89,0.43,139.69
Tweed Offshore,2487,1763703000,2025-11-21 15:30:00,-28.21267,153.68001,1.5,2.2,11.11,5.17,23.72,108.38,0.33,136.88
Tweed Offshore,2487,1763704800,2025-11-21 16:00:00,-28.21263,153.67988,1.45,2.2,12.5,5.2,23.63,104.68,0.34,132.66
Tweed Offshore,2487,1763706600,2025-11-21 16:30:00,-28.21263,153.67979,1.39,2.36,12.5,5.01,23.58,108.11,0.28,141.45
Tweed Offshore,2487,1763708400,2025-11-21 17:00:00,-28.21263,153.67973,1.43,2.22,11.76,5.04,23.54,110.05,0.22,146.46
Tweed Offshore,2487,1763710200,2025-11-21 17:30:00,-28.2126,153.67969,1.42,2.17,11.11,5.06,23.58,108.99,0.21,133.19
Tweed Offshore,2487,1763712000,2025-11-21 18:00:00,-28.21261,153.67964,1.33,2.4,11.76,5.32,23.58,106.0,0.18,146.99
Tweed Offshore,2487,1763713800,2025-11-21 18:30:00,-28.21263,153.67956,1.38,2.2,12.5,5.56,23.72,115.5,0.17,165.8
Tweed Offshore,2487,1763715600,2025-11-21 19:00:00,-28.21267,153.67964,1.2,1.95,11.11,5.1,23.99,116.82,0.52,208.18
Tweed Offshore,2487,1763717400,2025-11-21 19:30:00,-28.21273,153.67966,1.31,2.69,11.76,5.45,24.08,114.36,0.49,191.47
Tweed Offshore,2487,1763719200,2025-11-21 20:00:00,-28.21275,153.67958,1.41,2.16,11.76,5.28,24.36,127.01,0.47,188.57
Tweed Offshore,2487,1763721000,2025-11-21 20:30:00,-28.21275,153.6796,1.64,2.59,7.14,5.59,24.45,165.52,0.5,188.31
Tweed Offshore,2487,1763722800,2025-11-21 21:00:00,-28.21275,153.67969,1.59,2.65,11.76,5.66,24.22,118.58,0.54,178.9
Tweed Offshore,2487,1763724600,2025-11-21 21:30:00,-28.21275,153.67973,1.64,2.55,11.11,5.87,24.13,109.7,0.52,182.07
Tweed Offshore,2487,1763726400,2025-11-21 22:00:00,-28.21276,153.67975,1.57,2.48,11.76,5.84,24.13,111.01,0.57,176.44
Tweed Offshore,2487,1763728200,2025-11-21 22:30:00,-28.21276,153.67977,1.7,2.79,8.0,6.16,24.17,170.36,0.62,174.07
Tweed Offshore,2487,1763730000,2025-11-21 23:00:00,-28.21276,153.67981,1.6,2.55,12.5,5.94,24.17,108.11,0.6,168.44
Tweed Offshore,2487,1763731800,2025-11-21 23:30:00,-28.21275,153.67979,1.54,2.48,7.41,5.86,24.08,168.42,0.6,170.73
Tweed Offshore,2487,1763733600,2025-11-22 00:00:00,-28.21275,153.67986,1.51,2.38,7.69,5.86,24.04,168.07,0.6,168.18
Tweed Offshore,2487,1763735400,2025-11-22 00:30:00,-28.21275,153.67979,1.56,2.58,11.76,5.96,23.99,105.48,0.53,172.57
Tweed Offshore,2487,1763737200,2025-11-22 01:00:00,-28.21275,153.67981,1.6,2.82,12.5,6.11,23.85,101.17,0.5,172.04
Tweed Offshore,2487,1763739000,2025-11-22 01:30:00,-28.21276,153.67979,1.53,2.62,11.11,6.0,23.85,104.33,0.54,177.23
Tweed Offshore,2487,1763740800,2025-11-22 02:00:00,-28.21275,153.67983,1.48,2.48,7.69,5.97,23.76,168.51,0.59,176.44
Tweed Offshore,2487,1763742600,2025-11-22 02:30:00,-28.21275,153.67983,1.5,2.85,10.53,6.19,23.81,121.74,0.57,175.21
Tweed Offshore,2487,1763744400,2025-11-22 03:00:00,-28.21275,153.67986,1.46,2.65,11.11,6.12,23.72,113.21,0.62,173.54
Tweed Offshore,2487,1763746200,2025-11-22 03:30:00,-28.21275,153.67986,1.42,2.07,11.76,6.05,23.85,103.98,0.63,180.48
Tweed Offshore,2487,1763748000,2025-11-22 04:00:00,-28.21275,153.67986,1.44,2.41,11.76,6.0,23.9,115.94,0.64,185.49
Tweed Offshore,2487,1763749800,2025-11-22 04:30:00,-28.21276,153.67986,1.45,2.68,11.76,6.4,24.17,104.77,0.65,184.26
Tweed Offshore,2487,1763751600,2025-11-22 05:00:00,-28.21279,153.67986,1.44,2.1,11.76,6.05,24.22,90.71,0.72,180.75
Tweed Offshore,2487,1763753400,2025-11-22 05:30:00,-28.21276,153.67988,1.55,2.43,11.76,6.22,24.22,110.22,0.66,172.4
Tweed Offshore,2487,1763755200,2025-11-22 06:00:00,-28.21279,153.6799,1.52,2.84,11.76,6.04,24.22,99.32,0.71,174.68
Tweed Offshore,2487,1763757000,2025-11-22 06:30:00,-28.21276,153.67996,1.5,2.51,11.76,6.18,24.22,95.72,0.71,166.33
Tweed Offshore,2487,1763758800,2025-11-22 07:00:00,-28.21275,153.67999,1.55,3.09,11.11,6.27,24.13,103.98,0.71,170.02
Tweed Offshore,2487,1763760600,2025-11-22 07:30:00,-28.21273,153.67999,1.47,2.47,11.76,6.13,24.08,95.81,0.7,191.12
Tweed Offshore,2487,1763762400,2025-11-22 08:00:00,-28.21275,153.68009,1.55,2.46,11.76,6.15,24.08,96.68,0.61,173.36
Tweed Offshore,2487,1763764200,2025-11-22 08:30:00,-28.21275,153.68001,1.52,2.45,11.76,6.06,24.04,102.14,0.66,178.11
Tweed Offshore,2487,1763766000,2025-11-22 09:00:00,-28.21275,153.68005,1.46,2.3,11.76,5.97,24.13,97.83,0.66,181.19
Tweed Offshore,2487,1763767800,2025-11-22 09:30:00,-28.21275,153.68018,1.51,2.5,11.76,6.21,24.17,92.99,0.62,167.91
Tweed Offshore,2487,1763769600,2025-11-22 10:00:00,-28.21275,153.68011,1.59,2.56,11.76,6.39,24.17,100.64,0.7,167.65
Tweed Offshore,2487,1763771400,2025-11-22 10:30:00,-28.21276,153.68014,1.67,2.88,11.76,6.74,24.17,103.72,0.47,173.45
Tweed Offshore,2487,1763773200,2025-11-22 11:00:00,-28.21275,153.68018,1.49,2.3,11.76,6.24,24.13,96.6,0.66,166.77
Tweed Offshore,2487,1763775000,2025-11-22 11:30:00,-28.21275,153.68022,1.5,2.29,11.11,6.31,24.13,98.88,0.67,164.57
Tweed Offshore,2487,1763776800,2025-11-22 12:00:00,-28.21275,153.6802,1.43,2.53,10.53,6.29,24.17,111.89,0.53,163.08
Tweed Offshore,2487,1763778600,2025-11-22 12:30:00,-28.21273,153.68022,1.45,2.75,11.11,6.43,24.17,104.68,0.52,161.14
Tweed Offshore,2487,1763780400,2025-11-22 13:00:00,-28.21273,153.68024,1.51,2.5,11.11,6.47,24.22,101.17,0.63,159.74
Tweed Offshore,2487,1763782200,2025-11-22 13:30:00,-28.21272,153.68022,1.51,2.1,11.11,6.49,24.31,117.52,0.58,157.45
Tweed Offshore,2487,1763784000,2025-11-22 14:00:00,-28.21273,153.68022,1.54,2.59,11.76,6.55,24.36,121.74,0.55,161.23
Tweed Offshore,2487,1763785800,2025-11-22 14:30:00,-28.21273,153.68022,1.39,2.11,11.11,6.51,24.31,113.83,0.52,158.07
Tweed Offshore,2487,1763787600,2025-11-22 15:00:00,-28.2127,153.68022,1.46,2.61,11.76,6.78,24.27,112.77,0.45,155.25
Tweed Offshore,2487,1763789400,2025-11-22 15:30:00,-28.21272,153.68016,1.51,2.4,11.11,6.57,24.27,108.11,0.45,157.54
Tweed Offshore,2487,1763791200,2025-11-22 16:00:00,-28.21272,153.68007,1.35,2.34,11.76,6.32,24.22,108.55,0.47,164.57
Tweed Offshore,2487,1763793000,2025-11-22 16:30:00,-28.2127,153.68001,1.41,2.31,11.11,6.33,24.22,115.76,0.48,155.52
Tweed Offshore,2487,1763794800,2025-11-22 17:00:00,-28.21273,153.67999,1.4,2.77,11.11,6.4,24.27,111.89,0.45,159.91
Tweed Offshore,2487,1763796600,2025-11-22 17:30:00,-28.2127,153.68001,1.42,2.42,11.11,6.45,24.17,113.92,0.37,164.84
Tweed Offshore,2487,1763798400,2025-11-22 18:00:00,-28.21273,153.67986,1.3,2.29,9.52,6.16,24.17,143.28,0.44,166.07
Tweed Offshore,2487,1763800200,2025-11-22 18:30:00,-28.21273,153.6799,1.48,2.2,11.11,6.46,24.08,123.76,0.38,165.01
Tweed Offshore,2487,1763802000,2025-11-22 19:00:00,-28.21273,153.68001,1.51,2.14,11.76,6.62,23.95,103.63,0.4,167.3
Tweed Offshore,2487,1763803800,2025-11-22 19:30:00,-28.21275,153.67986,1.44,2.36,11.11,6.73,24.08,122.88,0.61,189.1
Tweed Offshore,2487,1763805600,2025-11-22 20:00:00,-28.21273,153.67983,1.53,2.5,8.7,6.8,24.08,157.34,0.7,191.65
Tweed Offshore,2487,1763807400,2025-11-22 20:30:00,-28.21279,153.67973,1.61,3.27,11.11,7.0,24.27,116.64,0.9,187.52
Tweed Offshore,2487,1763809200,2025-11-22 21:00:00,-28.2128,153.67981,1.6,2.96,10.0,6.84,24.22,131.41,0.86,180.66
Tweed Offshore,2487,1763811000,2025-11-22 21:30:00,-28.21282,153.67988,1.5,2.86,9.52,6.71,24.17,140.03,0.85,172.48
Tweed Offshore,2487,1763812800,2025-11-22 22:00:00,-28.2128,153.67994,1.46,2.61,11.11,6.58,24.22,100.38,0.8,166.42
Tweed Offshore,2487,1763814600,2025-11-22 22:30:00,-28.21282,153.67999,1.51,2.43,11.11,6.69,24.22,106.97,0.77,164.84
Tweed Offshore,2487,1763816400,2025-11-22 23:00:00,-28.21279,153.67994,1.48,2.72,10.53,6.72,24.17,113.04,0.76,165.27
Tweed Offshore,2487,1763818200,2025-11-22 23:30:00,-28.2128,153.67996,1.47,2.48,9.52,6.72,24.17,144.25,0.77,161.93
Tweed Offshore,2487,1763820000,2025-11-23 00:00:00,-28.2128,153.67994,1.57,2.51,9.52,6.83,24.04,146.36,0.66,158.77
Tweed Offshore,2487,1763821800,2025-11-23 00:30:00,-28.21276,153.67994,1.43,2.25,9.52,6.55,23.99,144.51,0.53,152.97
Tweed Offshore,2487,1763823600,2025-11-23 01:00:00,-28.21275,153.67986,1.36,2.35,10.0,6.79,23.99,133.17,0.51,151.3
Tweed Offshore,2487,1763825400,2025-11-23 01:30:00,-28.21275,153.67981,1.33,2.25,10.0,6.56,23.9,130.62,0.5,153.76
Tweed Offshore,2487,1763827200,2025-11-23 02:00:00,-28.21275,153.67979,1.19,2.0,10.0,6.12,23.85,129.21,0.49,153.49
Tweed Offshore,2487,1763829000,2025-11-23 02:30:00,-28.21273,153.67979,1.41,2.46,10.53,6.87,23.81,117.17,0.45,145.85
Tweed Offshore,2487,1763830800,2025-11-23 03:00:00,-28.21272,153.67988,1.34,2.18,10.53,6.54,23.76,120.86,0.35,140.84
Tweed Offshore,2487,1763832600,2025-11-23 03:30:00,-28.21272,153.67986,1.23,1.95,11.11,6.38,23.81,101.17,0.32,147.34
Tweed Offshore,2487,1763834400,2025-11-23 04:00:00,-28.21269,153.67988,1.17,1.87,10.53,6.15,23.76,104.25,0.28,135.38
Tweed Offshore,2487,1763836200,2025-11-23 04:30:00,-28.21269,153.6799,1.25,2.34,10.53,6.56,23.76,114.44,0.22,146.9
Tweed Offshore,2487,1763838000,2025-11-23 05:00:00,-28.21267,153.67988,1.25,2.09,11.11,6.46,23.76,113.04,0.26,139.43
Tweed Offshore,2487,1763839800,2025-11-23 05:30:00,-28.21265,153.6799,1.31,2.15,10.53,6.81,23.72,110.49,0.17,141.71
Tweed Offshore,2487,1763841600,2025-11-23 06:00:00,-28.21267,153.67988,1.14,2.06,11.11,6.55,23.72,119.45,0.25,167.03
Tweed Offshore,2487,1763843400,2025-11-23 06:30:00,-28.21269,153.67999,1.19,1.91,10.53,6.78,23.67,110.93,0.25,157.1
Tweed Offshore,2487,1763845200,2025-11-23 07:00:00,-28.21267,153.68001,1.31,2.06,9.52,6.88,23.67,106.0,0.25,152.88
Tweed Offshore,2487,1763847000,2025-11-23 07:30:00,-28.21269,153.68007,1.24,2.09,10.53,6.72,23.58,111.98,0.23,152.53
Tweed Offshore,2487,1763848800,2025-11-23 08:00:00,-28.21272,153.68009,1.17,2.12,10.53,4.48,23.58,113.48,0.35,153.85
Tweed Offshore,2487,1763850600,2025-11-23 08:30:00,-28.21272,153.68009,1.23,1.88,10.53,4.26,23.54,124.99,0.45,171.96
Tweed Offshore,2487,1763852400,2025-11-23 09:00:00,-28.21272,153.6802,1.22,2.16,10.53,4.29,23.49,113.48,0.54,163.08
Tweed Offshore,2487,1763854200,2025-11-23 09:30:00,-28.2127,153.68031,1.21,2.33,10.53,4.05,23.44,102.66,0.48,168.35
Tweed Offshore,2487,1763856000,2025-11-23 10:00:00,-28.21273,153.68018,1.25,2.14,10.0,3.94,23.4,104.25,0.65,160.79
Tweed Offshore,2487,1763857800,2025-11-23 10:30:00,-28.21273,153.68022,1.23,2.19,10.53,4.27,23.4,106.53,0.61,161.49
Tweed Offshore,2487,1763859600,2025-11-23 11:00:00,-28.21273,153.68024,1.11,2.04,11.11,4.02,23.4,117.43,0.5,162.73
Tweed Offshore,2487,1763861400,2025-11-23 11:30:00,-28.21273,153.68024,1.24,2.09,10.53,4.31,23.4,110.84,0.56,157.63
Tweed Offshore,2487,1763863200,2025-11-23 12:00:00,-28.21273,153.68029,1.11,1.86,10.53,4.22,23.4,99.06,0.47,145.14
Tweed Offshore,2487,1763865000,2025-11-23 12:30:00,-28.21273,153.68031,1.2,1.99,10.53,4.49,23.44,104.33,0.58,147.08
Tweed Offshore,2487,1763866800,2025-11-23 13:00:00,-28.2127,153.68037,1.09,1.88,10.53,4.21,23.49,97.04,0.46,140.13
Tweed Offshore,2487,1763868600,2025-11-23 13:30:00,-28.21273,153.68033,1.25,2.18,11.11,4.4,23.58,93.96,0.47,145.58
Tweed Offshore,2487,1763870400,2025-11-23 14:00:00,-28.21273,153.68031,1.15,1.84,11.11,4.4,23.63,98.44,0.58,138.64
Tweed Offshore,2487,1763872200,2025-11-23 14:30:00,-28.21273,153.68035,1.15,2.17,11.11,4.53,23.58,99.59,0.6,143.91
Tweed Offshore,2487,1763874000,2025-11-23 15:00:00,-28.21267,153.68039,1.1,1.92,11.11,4.23,23.58,96.77,0.59,116.4
Tweed Offshore,2487,1763875800,2025-11-23 15:30:00,-28.21272,153.68024,1.1,2.26,11.11,4.25,23.58,98.62,0.54,152.79
Tweed Offshore,2487,1763877600,2025-11-23 16:00:00,-28.21269,153.68037,1.11,2.05,10.53,4.25,23.58,94.49,0.66,137.05
Tweed Offshore,2487,1763879400,2025-11-23 16:30:00,-28.2127,153.68033,1.08,1.83,10.53,4.1,23.49,107.5,0.62,140.66
Tweed Offshore,2487,1763881200,2025-11-23 17:00:00,-28.21269,153.68035,1.12,1.84,11.11,4.02,23.44,93.08,0.55,138.46
Tweed Offshore,2487,1763883000,2025-11-23 17:30:00,-28.21269,153.68031,1.15,1.91,11.11,3.83,23.26,94.93,0.57,140.57
Tweed Offshore,2487,1763884800,2025-11-23 18:00:00,-28.21267,153.68039,1.1,2.19,11.11,3.66,23.22,92.03,0.62,133.36
Tweed Offshore,2487,1763886600,2025-11-23 18:30:00,-28.21272,153.68037,1.18,2.23,11.11,4.03,23.13,94.93,0.68,138.29
Tweed Offshore,2487,1763888400,2025-11-23 19:00:00,-28.21272,153.68031,1.18,1.9,10.53,3.9,23.13,120.77,0.71,136.7
Tweed Offshore,2487,1763890200,2025-11-23 19:30:00,-28.21275,153.6802,1.12,2.12,11.11,3.74,23.13,104.77,0.68,152.35
Tweed Offshore,2487,1763892000,2025-11-23 20:00:00,-28.21272,153.68031,1.19,2.01,10.53,3.88,23.08,100.55,0.66,149.01
Tweed Offshore,2487,1763893800,2025-11-23 20:30:00,-28.21269,153.68046,1.11,1.81,10.0,3.91,22.99,97.39,0.78,139.6
Tweed Offshore,2487,1763895600,2025-11-23 21:00:00,-28.21272,153.68042,1.21,2.16,11.11,4.38,22.99,104.86,0.79,141.54
Tweed Offshore,2487,1763897400,2025-11-23 21:30:00,-28.21269,153.68054,1.15,2.15,10.53,4.37,23.13,114.62,0.8,140.31
Tweed Offshore,2487,1763899200,2025-11-23 22:00:00,-28.21265,153.68054,1.05,1.86,10.53,3.86,23.22,98.53,0.78,132.75
Tweed Offshore,2487,1763901000,2025-11-23 22:30:00,-28.21265,153.68052,1.1,1.99,11.11,4.11,23.22,98.97,0.64,139.43
Tweed Offshore,2487,1763902800,2025-11-23 23:00:00,-28.21265,153.68052,1.03,2.04,10.53,4.01,23.13,94.4,0.64,136.35
Tweed Offshore,2487,1763904600,2025-11-23 23:30:00,-28.21263,153.6805,1.08,1.8,10.53,4.19,22.99,84.03,0.64,132.84
Tweed Offshore,2487,1763906400,2025-11-24 00:00:00,-28.21263,153.68048,1.05,1.64,10.0,4.09,22.81,103.45,0.65,140.13
Tweed Offshore,2487,1763908200,2025-11-24 00:30:00,-28.21265,153.68046,1.02,1.93,10.53,4.23,22.77,96.33,0.59,137.85
Tweed Offshore,2487,1763910000,2025-11-24 01:00:00,-28.21265,153.68042,1.08,1.82,10.0,4.24,22.68,95.81,0.56,136.97
Tweed Offshore,2487,1763911800,2025-11-24 01:30:00,-28.21267,153.68037,1.05,2.06,10.53,4.07,22.63,101.17,0.56,141.36
Tweed Offshore,2487,1763913600,2025-11-24 02:00:00,-28.21267,153.68039,1.07,2.04,10.53,3.99,22.63,100.47,0.6,140.48
Tweed Offshore,2487,1763915400,2025-11-24 02:30:00,-28.21267,153.68039,1.05,2.17,10.0,3.96,22.63,97.12,0.58,138.37
Tweed Offshore,2487,1763917200,2025-11-24 03:00:00,-28.21267,153.68039,1.02,1.51,10.53,3.8,22.63,91.67,0.59,143.56
Tweed Offshore,2487,1763919000,2025-11-24 03:30:00,-28.21267,153.68042,1.06,1.9,10.53,4.03,22.59,106.0,0.66,142.24
Tweed Offshore,2487,1763920800,2025-11-24 04:00:00,-28.21267,153.68042,1.03,1.68,10.0,4.0,22.63,99.76,0.52,142.42
Tweed Offshore,2487,1763922600,2025-11-24 04:30:00,-28.21267,153.68039,1.03,1.71,10.0,4.11,22.63,107.59,0.47,155.69
Tweed Offshore,2487,1763924400,2025-11-24 05:00:00,-28.21269,153.68035,1.01,1.6,10.53,4.12,22.77,103.81,0.64,158.51
Tweed Offshore,2487,1763926200,2025-11-24 05:30:00,-28.21269,153.68035,1.03,1.68,10.0,3.98,22.77,91.94,0.68,155.96
Tweed Offshore,2487,1763928000,2025-11-24 06:00:00,-28.2127,153.68035,0.99,1.6,10.0,3.85,22.72,103.28,0.65,156.92
Tweed Offshore,2487,1763929800,2025-11-24 06:30:00,-28.2127,153.68031,0.94,1.63,10.0,3.78,22.68,90.27,0.69,148.48
Tweed Offshore,2487,1763931600,2025-11-24 07:00:00,-28.2127,153.68035,0.99,1.61,10.0,4.05,22.77,100.64,0.72,148.48
Tweed Offshore,2487,1763933400,2025-11-24 07:30:00,-28.2127,153.68031,0.95,1.74,11.11,4.12,22.77,97.04,0.65,152.53
Tweed Offshore,2487,1763935200,2025-11-24 08:00:00,-28.2127,153.68031,0.97,1.62,10.0,4.19,22.86,93.17,0.71,149.54
Tweed Offshore,2487,1763937000,2025-11-24 08:30:00,-28.21267,153.68042,0.97,1.82,10.0,4.44,22.95,93.52,0.7,150.24
Tweed Offshore,2487,1763938800,2025-11-24 09:00:00,-28.21267,153.68046,0.99,1.61,10.53,4.57,22.99,99.67,0.48,152.26
Tweed Offshore,2487,1763940600,2025-11-24 09:30:00,-28.21265,153.68044,0.98,1.62,10.0,4.77,23.22,101.61,0.71,150.95
Tweed Offshore,2487,1763942400,2025-11-24 10:00:00,-28.21267,153.68046,1.0,1.75,11.11,4.82,23.22,98.53,0.73,150.59
Tweed Offshore,2487,1763944200,2025-11-24 10:30:00,-28.21269,153.68046,0.99,1.72,10.53,4.68,23.31,82.88,0.68,150.24
Tweed Offshore,2487,1763946000,2025-11-24 11:00:00,-28.21269,153.68046,1.03,1.68,10.0,4.59,23.44,97.21,0.73,145.05
Tweed Offshore,2487,1763947800,2025-11-24 11:30:00,-28.21269,153.68046,1.0,1.55,10.53,4.48,23.58,103.28,0.7,149.98
Tweed Offshore,2487,1763949600,2025-11-24 12:00:00,-28.21267,153.68046,0.96,1.73,10.53,4.33,23.63,93.78,0.73,154.11
Tweed Offshore,2487,1763951400,2025-11-24 12:30:00,-28.21269,153.68044,1.01,1.76,10.53,4.26,23.85,107.15,0.74,160.35
Tweed Offshore,2487,1763953200,2025-11-24 13:00:00,-28.21272,153.68035,0.98,1.77,10.53,3.92,23.76,99.23,0.7,171.43
Tweed Offshore,2487,1763955000,2025-11-24 13:30:00,-28.21272,153.68037,1.06,1.83,10.0,3.87,23.67,94.4,0.75,168.09
Tweed Offshore,2487,1763956800,2025-11-24 14:00:00,-28.21273,153.68037,1.04,1.8,11.11,3.96,23.67,105.92,0.76,166.95
Tweed Offshore,2487,1763958600,2025-11-24 14:30:00,-28.21272,153.68042,0.98,1.45,10.53,3.96,23.63,100.47,0.65,162.99
Tweed Offshore,2487,1763960400,2025-11-24 15:00:00,-28.2127,153.68042,0.95,1.64,10.53,4.06,23.63,97.74,0.78,159.03
Tweed Offshore,2487,1763962200,2025-11-24 15:30:00,-28.2127,153.68039,1.0,1.52,10.53,4.16,23.67,105.04,0.71,158.95
Tweed Offshore,2487,1763964000,2025-11-24 16:00:00,-28.21269,153.68039,1.0,1.67,11.11,4.42,23.9,113.3,0.65,162.73
Tweed Offshore,2487,1763965800,2025-11-24 16:30:00,-28.21269,153.68042,1.06,1.97,11.11,4.79,23.95,108.64,0.78,156.31
Tweed Offshore,2487,1763967600,2025-11-24 17:00:00,-28.21267,153.68046,0.99,1.65,10.53,4.8,23.9,106.36,0.76,154.46
Tweed Offshore,2487,1763969400,2025-11-24 17:30:00,-28.21269,153.68044,1.04,1.85,10.53,5.12,23.81,108.03,0.69,153.05
Tweed Offshore,2487,1763971200,2025-11-24 18:00:00,-28.21269,153.68046,1.11,1.92,10.53,5.47,23.67,118.31,0.71,154.73
Tweed Offshore,2487,1763973000,2025-11-24 18:30:00,-28.2127,153.68039,1.06,1.56,10.53,5.7,23.54,119.63,0.88,156.31
Tweed Offshore,2487,1763974800,2025-11-24 19:00:00,-28.21272,153.68039,1.12,1.87,10.53,5.93,23.72,105.04,0.79,153.67
Tweed Offshore,2487,1763976600,2025-11-24 19:30:00,-28.21269,153.68046,1.05,1.95,11.11,5.58,24.08,133.96,0.79,145.76
Tweed Offshore,2487,1763978400,2025-11-24 20:00:00,-28.2127,153.68048,1.12,1.72,10.53,5.61,24.13,109.52,0.79,144.0
Tweed Offshore,2487,1763980200,2025-11-24 20:30:00,-28.21272,153.68046,1.03,1.8,10.53,5.71,24.17,117.87,0.82,147.96
Tweed Offshore,2487,1763982000,2025-11-24 21:00:00,-28.21269,153.68052,1.12,1.86,10.0,5.94,24.13,96.77,0.86,140.48
Tweed Offshore,2487,1763983800,2025-11-24 21:30:00,-28.2127,153.68052,1.12,1.72,11.76,5.86,24.13,132.9,0.85,137.85
Tweed Offshore,2487,1763985600,2025-11-24 22:00:00,-28.21269,153.68052,1.17,2.02,10.53,6.14,24.17,104.77,0.88,134.68
Tweed Offshore,2487,1763987400,2025-11-24 22:30:00,-28.21267,153.68052,1.08,1.83,10.53,5.71,24.13,108.64,0.8,134.33
Tweed Offshore,2487,1763989200,2025-11-24 23:00:00,-28.21265,153.68052,1.0,1.74,9.09,5.49,23.99,138.09,0.74,132.75
Tweed Offshore,2487,1763991000,2025-11-24 23:30:00,-28.21272,153.68016,1.03,1.76,11.11,5.95,23.85,117.17,0.61,134.77
Tweed Offshore,2487,1763992800,2025-11-25 00:00:00,-28.2127,153.68018,1.05,1.84,10.0,6.01,23.72,124.73,0.54,129.41
Tweed Offshore,2487,1763994600,2025-11-25 00:30:00,-28.2127,153.68018,1.06,1.63,10.53,6.32,23.63,114.36,0.5,158.15
Tweed Offshore,2487,1763996400,2025-11-25 01:00:00,-28.2127,153.68022,0.99,1.68,10.53,6.25,23.63,117.43,0.43,161.32
Tweed Offshore,2487,1763998200,2025-11-25 01:30:00,-28.2127,153.6802,1.04,1.45,10.53,6.13,23.81,117.26,0.54,165.36
Tweed Offshore,2487,1764000000,2025-11-25 02:00:00,-28.21272,153.6802,1.11,1.63,11.11,6.58,23.9,113.21,0.61,168.35
Tweed Offshore,2487,1764001800,2025-11-25 02:30:00,-28.21275,153.6802,1.11,1.65,10.53,6.28,23.99,98.88,0.57,164.84
Tweed Offshore,2487,1764003600,2025-11-25 03:00:00,-28.21275,153.68022,1.12,1.67,10.53,6.3,24.04,95.37,0.61,164.22
Tweed Offshore,2487,1764005400,2025-11-25 03:30:00,-28.21272,153.68029,1.14,1.83,10.53,6.45,23.99,110.84,0.55,154.29
Tweed Offshore,2487,1764007200,2025-11-25 04:00:00,-28.21272,153.68029,1.17,2.25,10.0,6.17,23.99,102.14,0.59,158.24
Tweed Offshore,2487,1764009000,2025-11-25 04:30:00,-28.21273,153.68022,1.13,1.98,10.53,6.17,23.99,98.71,0.61,158.86
Tweed Offshore,2487,1764010800,2025-11-25 05:00:00,-28.21273,153.68016,1.18,2.05,10.53,6.42,23.99,100.64,0.63,170.81
Tweed Offshore,2487,1764012600,2025-11-25 05:30:00,-28.21275,153.68011,1.14,1.73,10.53,6.41,24.22,103.81,0.67,172.13
Tweed Offshore,2487,1764014400,2025-11-25 06:00:00,-28.21275,153.68014,1.29,2.21,10.53,6.45,24.27,105.12,0.74,171.43
Tweed Offshore,2487,1764016200,2025-11-25 06:30:00,-28.21276,153.68018,1.33,1.85,10.0,6.52,24.31,106.18,0.71,167.38
Tweed Offshore,2487,1764018000,2025-11-25 07:00:00,-28.21275,153.6802,1.28,2.14,11.11,6.34,24.36,116.82,0.84,173.27
Tweed Offshore,2487,1764019800,2025-11-25 07:30:00,-28.21276,153.68016,1.39,2.18,10.53,6.67,25.19,107.5,0.99,173.63
Tweed Offshore,2487,1764021600,2025-11-25 08:00:00,-28.21276,153.68018,1.4,2.21,10.53,6.61,25.19,110.14,0.93,170.55
Tweed Offshore,2487,1764023400,2025-11-25 08:30:00,-28.21276,153.6802,1.37,1.98,7.14,5.82,25.24,142.66,1.04,166.51
Tweed Offshore,2487,1764025200,2025-11-25 09:00:00,-28.21279,153.68024,1.34,2.09,7.69,4.98,25.14,160.42,1.03,162.73
Tweed Offshore,2487,1764027000,2025-11-25 09:30:00,-28.21279,153.68016,1.28,2.44,10.53,4.88,25.19,109.08,1.03,174.77
Tweed Offshore,2487,1764028800,2025-11-25 10:00:00,-28.21279,153.68024,1.31,2.05,7.14,4.87,25.28,145.12,1.07,165.45
Tweed Offshore,2487,1764030600,2025-11-25 10:30:00,-28.21279,153.68022,1.3,2.41,11.11,4.59,25.28,128.33,1.05,166.15
Tweed Offshore,2487,1764032400,2025-11-25 11:00:00,-28.2128,153.68024,1.25,2.1,8.0,4.63,25.28,146.09,1.08,168.26
Tweed Offshore,2487,1764034200,2025-11-25 11:30:00,-28.21279,153.68026,1.36,2.51,7.69,4.79,25.28,161.56,1.12,167.38
Tweed Offshore,2487,1764036000,2025-11-25 12:00:00,-28.2128,153.68029,1.28,2.21,10.53,4.34,25.1,108.29,1.09,165.71
Tweed Offshore,2487,1764037800,2025-11-25 12:30:00,-28.2128,153.68029,1.31,1.99,10.53,4.25,25.14,127.54,1.2,163.69
Tweed Offshore,2487,1764039600,2025-11-25 13:00:00,-28.2128,153.68026,1.43,2.36,10.53,4.28,24.96,103.45,1.1,159.74
Tweed Offshore,2487,1764041400,2025-11-25 13:30:00,-28.2128,153.68031,1.33,2.24,8.0,3.99,24.87,152.86,1.07,158.33
Tweed Offshore,2487,1764043200,2025-11-25 14:00:00,-28.21282,153.68031,1.46,2.65,10.53,4.15,24.68,125.61,1.11,156.31
Tweed Offshore,2487,1764045000,2025-11-25 14:30:00,-28.2128,153.68039,1.42,2.67,11.11,4.21,24.68,111.89,1.15,150.95
Tweed Offshore,2487,1764046800,2025-11-25 15:00:00,-28.21279,153.68039,1.38,2.43,11.11,3.96,24.63,110.31,1.14,152.97
Tweed Offshore,2487,1764048600,2025-11-25 15:30:00,-28.21276,153.68039,1.51,2.56,11.11,4.17,24.4,105.04,1.1,150.07
Tweed Offshore,2487,1764050400,2025-11-25 16:00:00,-28.21275,153.68039,1.49,3.09,10.53,4.0,24.45,95.1,1.09,150.42
Tweed Offshore,2487,1764052200,2025-11-25 16:30:00,-28.21275,153.68039,1.55,2.53,10.53,4.07,24.31,89.74,1.1,149.54
Tweed Offshore,2487,1764054000,2025-11-25 17:00:00,-28.21275,153.68042,1.54,2.69,11.11,4.04,24.27,106.79,1.07,148.84
Tweed Offshore,2487,1764055800,2025-11-25 17:30:00,-28.21275,153.68037,1.44,2.66,11.11,3.88,24.36,103.1,1.07,145.05
Tweed Offshore,2487,1764057600,2025-11-25 18:00:00,-28.21273,153.68037,1.52,2.94,10.53,4.37,24.27,107.76,1.06,140.84
Tweed Offshore,2487,1764059400,2025-11-25 18:30:00,-28.21275,153.68039,1.32,2.29,10.53,4.05,24.31,100.46,1.07,144.0
Tweed Offshore,2487,1764061200,2025-11-25 19:00:00,-28.21276,153.68039,1.31,2.4,11.11,4.24,24.36,90.18,1.06,141.36
Tweed Offshore,2487,1764063000,2025-11-25 19:30:00,-28.21273,153.68039,1.33,2.4,11.11,4.36,24.36,96.51,1.01,138.9
Tweed Offshore,2487,1764064800,2025-11-25 20:00:00,-28.21275,153.68035,1.3,2.25,11.11,4.04,24.36,89.65,0.94,138.46
Tweed Offshore,2487,1764066600,2025-11-25 20:30:00,-28.21275,153.68026,1.38,2.54,11.11,4.44,24.36,124.73,0.83,133.63
Tweed Offshore,2487,1764068400,2025-11-25 21:00:00,-28.21279,153.68016,1.26,2.36,10.53,4.14,24.4,88.16,0.8,142.86
Tweed Offshore,2487,1764070200,2025-11-25 21:30:00,-28.21279,153.68016,1.31,2.33,10.53,4.09,24.36,105.83,0.82,137.41
Tweed Offshore,2487,1764072000,2025-11-25 22:00:00,-28.21276,153.68014,1.21,2.29,11.11,4.32,24.36,96.77,0.82,139.34
Tweed Offshore,2487,1764073800,2025-11-25 22:30:00,-28.21273,153.68016,1.34,2.15,11.11,5.01,24.36,110.84,0.77,127.56
Tweed Offshore,2487,1764075600,2025-11-25 23:00:00,-28.2127,153.6802,1.26,2.03,10.0,5.04,24.31,106.09,0.64,119.74
Tweed Offshore,2487,1764077400,2025-11-25 23:30:00,-28.21272,153.68014,1.27,2.02,10.53,5.3,24.13,108.29,0.59,120.7
Tweed Offshore,2487,1764079200,2025-11-26 00:00:00,-28.21273,153.68003,1.21,2.01,11.11,5.13,24.08,114.27,0.5,136.18
Tweed Offshore,2487,1764081000,2025-11-26 00:30:00,-28.21273,153.68005,1.2,1.89,10.53,5.08,24.04,108.99,0.5,145.32
Tweed Offshore,2487,1764082800,2025-11-26 01:00:00,-28.21275,153.68005,1.21,1.99,11.11,4.95,23.99,106.62,0.55,151.03
Tweed Offshore,2487,1764084600,2025-11-26 01:30:00,-28.21275,153.67999,1.26,1.94,10.53,4.95,23.99,120.68,0.49,164.13
Tweed Offshore,2487,1764086400,2025-11-26 02:00:00,-28.21275,153.67999,1.24,2.03,10.53,4.63,23.99,107.41,0.57,170.29
Tweed Offshore,2487,1764088200,2025-11-26 02:30:00,-28.21276,153.67999,1.13,1.9,10.0,4.28,23.99,123.94,0.57,171.78
Tweed Offshore,2487,1764090000,2025-11-26 03:00:00,-28.21276,153.67996,1.27,2.14,11.11,4.76,23.99,111.19,0.65,168.7
Tweed Offshore,2487,1764091800,2025-11-26 03:30:00,-28.21276,153.67994,1.28,2.29,11.11,4.7,23.99,109.7,0.61,166.33
Tweed Offshore,2487,1764093600,2025-11-26 04:00:00,-28.21276,153.67994,1.13,1.93,10.53,4.62,23.99,118.22,0.5,168.0
Tweed Offshore,2487,1764095400,2025-11-26 04:30:00,-28.21279,153.67994,1.23,2.22,10.0,4.63,23.99,118.14,0.65,162.55
Tweed Offshore,2487,1764097200,2025-11-26 05:00:00,-28.21276,153.67994,1.18,2.38,11.11,4.57,24.04,99.76,0.68,165.45
Tweed Offshore,2487,1764099000,2025-11-26 05:30:00,-28.21276,153.67988,1.21,1.92,11.11,4.54,24.08,119.1,0.64,173.36
Tweed Offshore,2487,1764100800,2025-11-26 06:00:00,-28.21279,153.67988,1.09,2.24,10.53,4.39,24.13,99.32,0.65,173.1
Tweed Offshore,2487,1764102600,2025-11-26 06:30:00,-28.21279,153.67994,1.12,1.86,10.53,4.49,24.17,111.89,0.5,181.89
Tweed Offshore,2487,1764104400,2025-11-26 07:00:00,-28.21276,153.67994,1.12,1.96,10.0,4.26,24.17,103.28,0.75,174.51
Tweed Offshore,2487,1764106200,2025-11-26 07:30:00,-28.21276,153.67994,1.07,1.96,11.11,3.99,24.22,138.71,0.65,168.79
Tweed Offshore,2487,1764108000,2025-11-26 08:00:00,-28.21279,153.67999,1.09,2.01,11.11,4.06,24.22,118.05,0.79,170.55
Tweed Offshore,2487,1764109800,2025-11-26 08:30:00,-28.21279,153.67994,1.11,2.04,11.76,3.88,24.22,130.79,0.8,173.27
Tweed Offshore,2487,1764111600,2025-11-26 09:00:00,-28.21279,153.67992,1.18,2.84,11.11,3.91,24.22,103.37,0.84,174.07
Tweed Offshore,2487,1764113400,2025-11-26 09:30:00,-28.21279,153.67992,1.09,2.01,11.76,3.87,24.27,116.29,0.87,171.96
Tweed Offshore,2487,1764115200,2025-11-26 10:00:00,-28.2128,153.67994,1.25,2.2,10.53,4.14,24.27,101.7,0.86,171.34
Tweed Offshore,2487,1764117000,2025-11-26 10:30:00,-28.2128,153.67992,1.12,2.01,10.53,4.2,24.27,107.67,0.93,170.37
Tweed Offshore,2487,1764118800,2025-11-26 11:00:00,-28.2128,153.67994,1.13,2.15,11.11,4.15,24.27,106.44,0.87,172.13
Tweed Offshore,2487,1764120600,2025-11-26 11:30:00,-28.2128,153.67996,1.12,2.11,10.53,3.85,24.27,116.55,0.93,170.9
Tweed Offshore,2487,1764122400,2025-11-26 12:00:00,-28.2128,153.67999,1.24,2.77,11.11,4.05,24.27,97.74,0.95,165.8
Tweed Offshore,2487,1764124200,2025-11-26 12:30:00,-28.2128,153.67999,1.32,2.28,10.53,3.97,24.27,103.54,0.91,167.82
Tweed Offshore,2487,1764126000,2025-11-26 13:00:00,-28.2128,153.67999,1.44,2.48,11.11,4.02,24.36,106.97,0.93,170.29
Tweed Offshore,2487,1764127800,2025-11-26 13:30:00,-28.2128,153.68001,1.3,2.17,11.11,3.97,24.36,91.76,0.92,169.32
Tweed Offshore,2487,1764129600,2025-11-26 14:00:00,-28.21282,153.67994,1.36,2.68,11.11,3.9,24.36,94.75,1.0,167.21
Tweed Offshore,2487,1764131400,2025-11-26 14:30:00,-28.21285,153.67999,1.38,2.29,10.53,3.98,24.36,109.08,1.01,167.82
Tweed Offshore,2487,1764133200,2025-11-26 15:00:00,-28.21284,153.68001,1.32,2.4,11.11,3.97,24.4,92.64,0.99,168.7
Tweed Offshore,2487,1764135000,2025-11-26 15:30:00,-28.21282,153.68001,1.31,2.09,11.11,3.99,24.4,90.18,0.97,163.87
Tweed Offshore,2487,1764136800,2025-11-26 16:00:00,-28.21279,153.68009,1.4,2.42,10.53,4.02,24.4,97.74,0.96,161.85
Tweed Offshore,2487,1764138600,2025-11-26 16:30:00,-28.2128,153.68018,1.32,2.13,11.11,3.78,24.45,96.51,0.95,154.64
Tweed Offshore,2487,1764140400,2025-11-26 17:00:00,-28.21276,153.68024,1.32,2.17,11.11,3.92,24.45,94.75,0.92,155.69
Tweed Offshore,2487,1764142200,2025-11-26 17:30:00,-28.21276,153.68026,1.37,2.2,10.53,3.72,24.4,101.7,0.95,151.21
Tweed Offshore,2487,1764144000,2025-11-26 18:00:00,-28.21273,153.68033,1.47,2.35,10.53,4.11,24.36,93.96,0.91,145.58
Tweed Offshore,2487,1764145800,2025-11-26 18:30:00,-28.21275,153.68037,1.43,2.58,11.11,4.05,24.31,82.79,1.03,142.86
Tweed Offshore,2487,1764147600,2025-11-26 19:00:00,-28.21273,153.68037,1.46,2.42,11.11,4.2,24.31,81.12,0.96,145.23
Tweed Offshore,2487,1764149400,2025-11-26 19:30:00,-28.21275,153.68033,1.41,2.39,11.11,4.07,24.31,83.23,0.75,146.11
Tweed Offshore,2487,1764151200,2025-11-26 20:00:00,-28.21275,153.68031,1.44,2.43,10.53,3.94,24.27,86.57,0.76,145.85
Tweed Offshore,2487,1764153000,2025-11-26 20:30:00,-28.21275,153.68035,1.49,2.43,11.76,4.1,24.27,77.26,0.82,138.46
Tweed Offshore,2487,1764154800,2025-11-26 21:00:00,-28.21275,153.68031,1.62,3.08,11.11,4.34,24.22,89.39,0.77,139.08
Tweed Offshore,2487,1764156600,2025-11-26 21:30:00,-28.21275,153.68026,1.69,2.66,11.11,4.5,24.17,83.85,0.78,140.92
Tweed Offshore,2487,1764158400,2025-11-26 22:00:00,-28.21272,153.68031,1.75,3.1,11.11,4.71,24.08,88.86,0.68,141.45
Tweed Offshore,2487,1764160200,2025-11-26 22:30:00,-28.21275,153.68018,1.73,2.56,11.11,4.92,24.08,86.14,0.7,135.74
Tweed Offshore,2487,1764162000,2025-11-26 23:00:00,-28.2127,153.68022,1.72,2.82,11.11,5.08,24.04,82.79,0.8,127.91
Tweed Offshore,2487,1764163800,2025-11-26 23:30:00,-28.21272,153.68016,1.74,2.56,11.76,5.31,23.95,76.64,0.49,126.68
Tweed Offshore,2487,1764165600,2025-11-27 00:00:00,-28.21272,153.68014,1.66,2.56,5.71,5.22,23.85,14.84,0.59,132.13
Tweed Offshore,2487,1764167400,2025-11-27 00:30:00,-28.21273,153.68014,1.6,2.5,11.11,4.82,23.81,74.36,0.5,137.23
Tweed Offshore,2487,1764169200,2025-11-27 01:00:00,-28.21273,153.6802,1.61,2.49,10.53,4.5,23.72,89.48,0.63,139.08
Tweed Offshore,2487,1764171000,2025-11-27 01:30:00,-28.21272,153.68022,1.61,2.4,11.11,4.4,23.58,78.75,0.65,132.66
Tweed Offshore,2487,1764172800,2025-11-27 02:00:00,-28.21275,153.68016,1.46,2.64,11.76,4.23,23.44,78.57,0.5,137.76
Tweed Offshore,2487,1764174600,2025-11-27 02:30:00,-28.21273,153.68022,1.49,2.22,11.76,4.51,23.35,84.99,0.56,140.84
Tweed Offshore,2487,1764176400,2025-11-27 03:00:00,-28.21275,153.68016,1.51,2.41,10.53,4.58,23.22,94.22,0.5,145.23
Tweed Offshore,2487,1764178200,2025-11-27 03:30:00,-28.21275,153.68016,1.3,2.08,11.76,4.05,23.13,78.22,0.58,141.71
Tweed Offshore,2487,1764180000,2025-11-27 04:00:00,-28.21275,153.68016,1.33,2.47,11.76,4.06,23.08,83.59,0.63,142.86
Tweed Offshore,2487,1764181800,2025-11-27 04:30:00,-28.21273,153.68011,1.36,2.33,11.11,4.15,22.99,96.07,0.56,154.2
Tweed Offshore,2487,1764183600,2025-11-27 05:00:00,-28.21273,153.68011,1.25,2.14,11.11,4.15,22.95,81.21,0.56,158.95
Tweed Offshore,2487,1764185400,2025-11-27 05:30:00,-28.21272,153.68005,1.29,2.28,11.11,4.2,22.99,81.92,0.57,179.69
Tweed Offshore,2487,1764187200,2025-11-27 06:00:00,-28.21273,153.68009,1.24,2.04,11.11,4.31,23.13,84.9,0.6,172.75
Tweed Offshore,2487,1764189000,2025-11-27 06:30:00,-28.21273,153.68003,1.25,2.16,11.11,4.38,23.26,87.19,0.59,177.41
Tweed Offshore,2487,1764190800,2025-11-27 07:00:00,-28.21272,153.68009,1.22,2.13,11.11,4.75,23.31,90.71,0.66,174.77
Tweed Offshore,2487,1764192600,2025-11-27 07:30:00,-28.21272,153.68007,1.06,1.74,11.11,4.22,23.44,81.56,0.68,181.54
Tweed Offshore,2487,1764194400,2025-11-27 08:00:00,-28.21272,153.68005,1.06,2.14,11.11,4.09,23.54,81.65,0.79,185.32
Tweed Offshore,2487,1764196200,2025-11-27 08:30:00,-28.21275,153.68005,1.33,2.1,11.11,4.19,23.67,81.56,0.81,180.04
Tweed Offshore,2487,1764198000,2025-11-27 09:00:00,-28.21275,153.68016,1.3,2.27,11.11,4.04,23.76,88.77,0.83,169.67
Tweed Offshore,2487,1764199800,2025-11-27 09:30:00,-28.21276,153.68011,1.23,2.26,11.11,3.7,23.76,83.76,0.75,171.87
Tweed Offshore,2487,1764201600,2025-11-27 10:00:00,-28.21276,153.68011,1.34,2.2,10.53,3.81,23.81,95.89,0.79,169.93
Tweed Offshore,2487,1764203400,2025-11-27 10:30:00,-28.21276,153.68016,1.42,2.5,10.53,3.74,23.85,90.44,0.87,168.53
Tweed Offshore,2487,1764205200,2025-11-27 11:00:00,-28.21276,153.68016,1.53,2.73,10.53,3.76,23.85,78.93,0.86,172.04
Tweed Offshore,2487,1764207000,2025-11-27 11:30:00,-28.21276,153.68018,1.71,3.11,10.53,3.87,23.81,82.0,0.84,166.59
Tweed Offshore,2487,1764208800,2025-11-27 12:00:00,-28.21276,153.68011,1.6,2.77,10.53,3.76,23.76,82.44,0.87,163.08
Tweed Offshore,2487,1764210600,2025-11-27 12:30:00,-28.21279,153.68016,1.55,2.52,10.53,3.76,23.76,88.42,0.9,161.14
Tweed Offshore,2487,1764212400,2025-11-27 13:00:00,-28.2128,153.68011,1.44,2.35,5.0,3.7,23.81,20.73,0.9,164.31
Tweed Offshore,2487,1764214200,2025-11-27 13:30:00,-28.2128,153.68007,1.47,2.63,5.0,3.75,23.81,19.41,0.84,164.57
Tweed Offshore,2487,1764216000,2025-11-27 14:00:00,-28.21282,153.68011,1.41,2.66,10.53,3.68,23.95,80.86,0.94,159.91
Tweed Offshore,2487,1764217800,2025-11-27 14:30:00,-28.2128,153.68014,1.34,2.16,11.11,3.63,23.99,83.23,0.96,161.41
Tweed Offshore,2487,1764219600,2025-11-27 15:00:00,-28.21279,153.68016,1.42,3.05,10.53,3.76,23.99,91.06,0.95,159.74
Tweed Offshore,2487,1764221400,2025-11-27 15:30:00,-28.21276,153.68029,1.47,2.55,10.53,3.86,23.99,84.73,0.96,155.6
Tweed Offshore,2487,1764223200,2025-11-27 16:00:00,-28.21275,153.68031,1.48,2.52,10.53,4.07,23.99,76.46,0.97,153.58
Tweed Offshore,2487,1764225000,2025-11-27 16:30:00,-28.21273,153.68031,1.57,2.51,5.56,4.15,23.99,25.74,0.93,152.18
Tweed Offshore,2487,1764226800,2025-11-27 17:00:00,-28.21273,153.68035,1.41,2.57,5.71,4.13,24.08,26.09,0.9,150.51
Tweed Offshore,2487,1764228600,2025-11-27 17:30:00,-28.21273,153.68039,1.48,2.69,5.56,4.22,23.99,22.84,0.94,145.85
Tweed Offshore,2487,1764230400,2025-11-27 18:00:00,-28.21272,153.68033,1.51,2.69,5.88,4.24,23.76,24.25,0.6,143.47
Tweed Offshore,2487,1764232200,2025-11-27 18:30:00,-28.21272,153.68031,1.46,2.41,6.25,4.4,23.67,21.7,0.74,141.01
Tweed Offshore,2487,1764234000,2025-11-27 19:00:00,-28.21272,153.6802,1.47,2.12,5.88,4.66,23.63,16.25,0.55,139.96
Tweed Offshore,2487,1764235800,2025-11-27 19:30:00,-28.21273,153.68016,1.42,2.48,10.53,5.01,23.67,77.34,0.35,138.55
Tweed Offshore,2487,1764237600,2025-11-27 20:00:00,-28.21273,153.68009,1.4,2.29,6.06,5.06,23.63,24.33,0.48,135.38
Tweed Offshore,2487,1764239400,2025-11-27 20:30:00,-28.21275,153.67996,1.26,2.21,11.11,4.91,23.63,80.68,0.41,142.51
Tweed Offshore,2487,1764241200,2025-11-27 21:00:00,-28.21275,153.68003,1.3,1.93,11.11,4.8,23.63,81.65,0.66,137.23
Tweed Offshore,2487,1764243000,2025-11-27 21:30:00,-28.21276,153.68001,1.29,2.15,12.5,4.55,23.63,84.82,0.58,141.1
Tweed Offshore,2487,1764244800,2025-11-27 22:00:00,-28.21275,153.68005,1.25,2.0,10.53,4.47,23.49,83.59,0.57,141.36
Tweed Offshore,2487,1764246600,2025-11-27 22:30:00,-28.21275,153.67999,1.31,2.18,11.11,4.87,23.44,76.03,0.53,137.23
Tweed Offshore,2487,1764248400,2025-11-27 23:00:00,-28.21275,153.67988,1.24,2.29,11.11,4.99,23.31,78.14,0.39,137.58
Tweed Offshore,2487,1764250200,2025-11-27 23:30:00,-28.21273,153.67988,1.09,1.73,10.53,5.09,23.31,89.3,0.32,145.32
Tweed Offshore,2487,1764252000,2025-11-28 00:00:00,-28.21273,153.67986,1.2,1.87,11.11,5.61,23.22,84.9,0.28,152.79
Tweed Offshore,2487,1764253800,2025-11-28 00:30:00,-28.21275,153.67986,1.02,1.79,11.11,5.72,23.13,85.96,0.28,157.45
Tweed Offshore,2487,1764255600,2025-11-28 01:00:00,-28.21275,153.67983,0.97,1.58,11.76,5.97,23.13,89.21,0.26,165.27
Tweed Offshore,2487,1764257400,2025-11-28 01:30:00,-28.21273,153.67983,1.11,1.98,11.11,7.12,23.13,89.56,0.39,172.75
Tweed Offshore,2487,1764259200,2025-11-28 02:00:00,-28.21273,153.67979,1.03,1.74,11.11,6.82,23.22,78.22,0.32,184.09
Tweed Offshore,2487,1764261000,2025-11-28 02:30:00,-28.21272,153.67981,0.92,1.44,11.76,5.68,23.4,82.27,0.55,191.3
Tweed Offshore,2487,1764262800,2025-11-28 03:00:00,-28.21273,153.67986,1.05,1.82,11.11,5.3,23.44,84.11,0.55,187.08
Tweed Offshore,2487,1764264600,2025-11-28 03:30:00,-28.21273,153.67979,1.09,1.9,11.11,5.27,23.44,84.73,0.48,180.57
Tweed Offshore,2487,1764266400,2025-11-28 04:00:00,-28.21275,153.67983,1.32,2.14,11.11,5.2,23.35,84.9,0.5,181.71
Tweed Offshore,2487,1764268200,2025-11-28 04:30:00,-28.21273,153.6799,1.24,2.18,11.11,5.13,23.4,82.71,0.45,178.29
Tweed Offshore,2487,1764270000,2025-11-28 05:00:00,-28.21273,153.67986,1.37,2.3,11.11,5.43,23.49,82.35,0.48,170.46
Tweed Offshore,2487,1764271800,2025-11-28 05:30:00,-28.21273,153.67986,1.28,2.79,11.11,5.25,23.54,79.37,0.49,179.43
Tweed Offshore,2487,1764273600,2025-11-28 06:00:00,-28.21273,153.67981,1.32,2.2,11.76,5.65,23.63,85.7,0.46,179.96
Tweed Offshore,2487,1764275400,2025-11-28 06:30:00,-28.21273,153.67981,1.2,1.76,10.53,5.46,23.58,86.66,0.55,183.21
Tweed Offshore,2487,1764277200,2025-11-28 07:00:00,-28.21273,153.67979,1.15,1.9,11.11,5.39,23.58,99.67,0.54,181.36
Tweed Offshore,2487,1764279000,2025-11-28 07:30:00,-28.21273,153.67981,1.16,1.8,11.11,5.47,23.58,85.87,0.44,193.41
Tweed Offshore,2487,1764280800,2025-11-28 08:00:00,-28.2127,153.67994,1.15,1.93,11.11,5.55,23.95,106.09,0.52,202.29
Tweed Offshore,2487,1764282600,2025-11-28 08:30:00,-28.2127,153.67996,1.24,2.11,11.11,5.47,24.22,106.62,0.56,207.21
Tweed Offshore,2487,1764284400,2025-11-28 09:00:00,-28.2127,153.67996,1.08,1.7,11.11,5.09,24.36,97.92,0.62,200.88
Tweed Offshore,2487,1764286200,2025-11-28 09:30:00,-28.21272,153.6799,1.19,1.89,11.11,5.32,24.5,104.95,0.64,202.9
Tweed Offshore,2487,1764288000,2025-11-28 10:00:00,-28.21273,153.67986,1.14,2.01,11.11,5.34,24.59,102.75,0.57,194.46
Tweed Offshore,2487,1764289800,2025-11-28 10:30:00,-28.21276,153.67979,1.16,2.06,10.53,5.5,24.68,97.74,0.53,193.76
Tweed Offshore,2487,1764291600,2025-11-28 11:00:00,-28.21276,153.67981,1.23,1.8,11.11,5.77,24.73,96.95,0.58,195.08
Tweed Offshore,2487,1764293400,2025-11-28 11:30:00,-28.21276,153.67981,1.2,2.13,10.53,5.82,24.87,103.1,0.61,196.48
Tweed Offshore,2487,1764295200,2025-11-28 12:00:00,-28.21276,153.67981,1.16,1.91,11.11,5.59,24.96,108.9,0.6,194.9
Tweed Offshore,2487,1764297000,2025-11-28 12:30:00,-28.21276,153.67983,1.13,1.97,9.52,5.49,25.1,114.62,0.56,197.19
Tweed Offshore,2487,1764298800,2025-11-28 13:00:00,-28.21276,153.67981,1.1,1.61,10.53,5.35,25.1,114.71,0.61,196.84
Tweed Offshore,2487,1764300600,2025-11-28 13:30:00,-28.21279,153.67986,1.03,1.62,10.0,5.22,25.1,113.92,0.51,189.45
Tweed Offshore,2487,1760450400,,-28.21269,153.68024,1.92,3.76,11.11,5.98,21.65,148.64,0.71,143.12
Tweed Offshore,2487,1760452200,,-28.2127,153.68016,1.78,3.29,10.53,5.79,21.61,142.05,0.65,142.95
Tweed Offshore,2487,1760454000,,-28.21272,153.68011,1.94,3.01,11.11,6.19,21.56,152.69,0.7,151.65
Tweed Offshore,2487,1760455800,,-28.21272,153.68011,1.96,3.27,10.0,6.2,21.47,141.7,0.73,151.82
Tweed Offshore,2487,1760457600,,-28.21273,153.68001,1.91,2.76,11.11,6.37,21.43,159.63,0.7,147.43
Tweed Offshore,2487,1760459400,,-28.21269,153.68001,1.73,2.87,10.53,6.24,21.43,137.57,0.66,148.22
Tweed Offshore,2487,1760461200,,-28.21267,153.68007,1.82,2.88,10.0,6.81,21.38,147.06,0.6,142.68
Tweed Offshore,2487,1760463000,,-28.21269,153.68007,1.78,3.04,10.53,6.81,21.38,157.7,0.6,147.43
Tweed Offshore,2487,1760464800,,-28.21269,153.68011,1.89,3.07,10.0,7.02,21.43,151.9,0.56,147.16
Tweed Offshore,2487,1760466600,,-28.21269,153.68016,1.75,3.16,11.11,6.8,21.43,151.9,0.56,151.47
Tweed Offshore,2487,1760468400,,-28.21269,153.68011,2.0,3.54,10.0,7.33,21.43,154.36,0.56,148.66
Tweed Offshore,2487,1760470200,,-28.21267,153.68009,1.72,2.33,11.11,7.05,21.43,157.52,0.5,156.57
Tweed Offshore,2487,1760472000,,-28.21269,153.68014,1.58,2.79,10.0,6.75,21.38,144.25,0.54,148.57
Tweed Offshore,2487,1760473800,,-28.21267,153.68011,1.66,3.11,11.11,6.86,21.38,150.14,0.54,154.11
Tweed Offshore,2487,1760475600,,-28.21272,153.68007,1.73,2.97,11.76,6.95,21.74,151.28,0.89,167.56
Tweed Offshore,2487,1760477400,,-28.21272,153.68011,1.58,2.28,11.11,6.95,21.96,144.07,0.85,166.15
Tweed Offshore,2487,1760479200,,-28.21272,153.68011,1.69,2.93,11.11,6.98,22.01,144.95,0.82,165.54
Tweed Offshore,2487,1760481000,,-28.21272,153.68009,1.56,3.06,11.11,6.47,22.01,144.25,0.84,168.79
Tweed Offshore,2487,1760482800,,-28.21273,153.68009,1.52,2.51,11.76,5.84,22.05,148.03,0.83,168.97
Tweed Offshore,2487,1760484600,,-28.21273,153.68009,1.48,2.41,11.11,5.46,22.23,147.76,0.84,170.37
Tweed Offshore,2487,1760486400,,-28.21275,153.68007,1.6,2.54,10.53,5.92,22.32,154.0,0.9,172.57
Tweed Offshore,2487,1760488200,,-28.21276,153.67999,1.55,3.23,10.53,5.86,22.54,156.47,0.96,181.89
Tweed Offshore,2487,1760490000,,-28.21276,153.67999,1.48,2.78,10.53,5.56,22.72,149.61,0.96,182.33
Tweed Offshore,2487,1760491800,,-28.21279,153.67996,1.61,2.72,11.11,5.55,22.72,157.79,0.99,179.43
Tweed Offshore,2487,1760493600,,-28.21276,153.67996,1.58,2.4,10.53,5.36,22.77,156.64,1.05,173.36
Tweed Offshore,2487,1760495400,,-28.21276,153.67994,1.42,2.5,11.76,5.11,22.81,166.93,1.04,175.38
Tweed Offshore,2487,1760497200,,-28.21282,153.67994,1.48,3.05,10.0,5.55,22.9,153.3,1.16,173.63
Tweed Offshore,2487,1760499000,,-28.21282,153.67992,1.47,2.86,10.53,5.35,22.99,151.37,1.23,174.95
Tweed Offshore,2487,1760500800,,-28.21284,153.6799,1.39,2.17,10.53,5.35,22.95,153.39,1.2,173.89
Tweed Offshore,2487,1760502600,,-28.21285,153.67988,1.44,2.42,11.11,5.3,22.95,158.22,1.21,172.04
Tweed Offshore,2487,1760504400,,-28.21284,153.67988,1.5,2.45,10.53,5.48,22.9,159.37,1.23,168.88
Tweed Offshore,2487,1760506200,,-28.21282,153.67999,1.31,2.33,10.53,4.91,22.95,148.99,1.27,162.64
Tweed Offshore,2487,1760508000,,-28.2128,153.68001,1.4,2.31,10.0,5.17,22.9,157.26,1.27,161.32
Tweed Offshore,2487,1760509800,,-28.21282,153.67994,1.39,2.45,9.52,5.14,22.95,141.17,1.21,164.31
Tweed Offshore,2487,1760511600,,-28.2128,153.68001,1.23,2.06,10.0,4.84,22.95,135.9,1.21,159.47
Tweed Offshore,2487,1760513400,,-28.21276,153.68001,1.2,1.87,10.53,4.7,22.81,151.1,1.14,163.96
Tweed Offshore,2487,1760515200,,-28.21275,153.67996,1.29,2.12,10.53,4.95,22.77,157.08,1.1,160.79
Tweed Offshore,2487,1760517000,,-28.2128,153.67994,1.32,2.0,9.52,4.94,22.72,150.49,1.11,161.32
Tweed Offshore,2487,1760518800,,-28.21276,153.67996,1.21,2.03,10.0,4.67,22.68,146.18,1.01,160.09
Tweed Offshore,2487,1760520600,,-28.21276,153.67992,1.19,1.91,10.0,4.73,22.63,155.15,0.99,159.47
Tweed Offshore,2487,1760522400,,-28.21275,153.67994,1.3,1.95,10.0,4.76,22.63,143.72,0.98,159.38
Tweed Offshore,2487,1760524200,,-28.21275,153.67994,1.41,2.34,9.52,4.9,22.59,131.41,0.96,160.35
Tweed Offshore,2487,1760526000,,-28.21276,153.67986,1.28,2.04,9.52,4.61,22.54,140.82,0.85,161.67
Tweed Offshore,2487,1760527800,,-28.21275,153.67986,1.26,2.15,9.52,4.52,22.45,132.47,0.84,159.03
Tweed Offshore,2487,1760529600,,-28.21273,153.67981,1.24,2.25,9.52,4.47,22.36,151.98,0.74,158.33
Tweed Offshore,2487,1760531400,,-28.21273,153.67977,1.25,2.07,9.52,4.59,22.32,135.63,0.73,162.64
Tweed Offshore,2487,1760533200,,-28.21273,153.67973,1.14,1.74,9.09,4.37,22.27,148.99,0.72,168.18
Tweed Offshore,2487,1760535000,,-28.21273,153.67971,1.11,1.98,8.7,4.4,22.23,132.55,0.72,170.02
Tweed Offshore,2487,1760536800,,-28.21272,153.67969,1.02,1.99,10.0,4.23,22.18,138.0,0.71,173.63
Tweed Offshore,2487,1760538600,,-28.21272,153.67966,0.98,1.51,10.0,4.13,22.05,129.74,0.69,172.13
Tweed Offshore,2487,1760540400,,-28.21272,153.67964,1.05,1.82,9.52,4.43,21.96,135.9,0.67,173.01
Tweed Offshore,2487,1760542200,,-28.2127,153.67964,1.01,1.57,9.52,4.29,21.87,143.28,0.65,175.91
Tweed Offshore,2487,1760544000,,-28.2127,153.67964,1.06,1.66,9.52,4.49,21.87,119.37,0.64,172.31
Tweed Offshore,2487,1760545800,,-28.21272,153.67964,1.07,1.77,9.09,4.46,21.78,133.7,0.63,170.02
Tweed Offshore,2487,1760547600,,-28.2127,153.67964,1.0,1.73,8.7,4.31,21.74,135.02,0.59,171.43
Tweed Offshore,2487,1760549400,,-28.21272,153.67964,1.06,1.87,9.52,4.49,21.69,144.42,0.6,164.57
Tweed Offshore,2487,1760551200,,-28.21272,153.67964,1.02,1.76,9.09,4.42,21.65,147.24,0.55,170.73
Tweed Offshore,2487,1760553000,,-28.2127,153.67966,0.99,1.84,9.52,4.37,21.61,114.36,0.56,173.98
Tweed Offshore,2487,1760554800,,-28.2127,153.67966,0.98,1.62,9.52,4.28,21.61,152.69,0.57,175.82
Tweed Offshore,2487,1760556600,,-28.21269,153.67971,0.99,1.6,9.52,4.31,21.52,139.94,0.57,174.24
Tweed Offshore,2487,1760558400,,-28.2127,153.67975,1.01,1.63,5.26,4.35,21.47,85.87,0.57,171.87
Tweed Offshore,2487,1760560200,,-28.2127,153.67973,0.98,1.59,8.7,4.41,21.47,125.96,0.57,175.21
Tweed Offshore,2487,1760562000,,-28.2127,153.67975,0.98,1.55,8.7,4.46,21.43,130.88,0.59,174.07
Tweed Offshore,2487,1760563800,,-28.2127,153.67977,1.05,1.86,9.09,4.57,21.47,111.98,0.58,175.91
Tweed Offshore,2487,1760565600,,-28.2127,153.67975,0.98,1.69,9.52,4.55,21.56,123.76,0.59,178.29
Tweed Offshore,2487,1760567400,,-28.21269,153.67975,1.03,1.83,9.09,4.7,21.52,125.17,0.58,181.01
Tweed Offshore,2487,1760569200,,-28.2127,153.67979,1.01,1.56,5.41,4.63,21.52,96.07,0.64,181.45
Tweed Offshore,2487,1760571000,,-28.21272,153.67979,0.98,1.6,8.33,4.7,21.65,136.07,0.66,181.8
Tweed Offshore,2487,1760572800,,-28.21272,153.67979,1.1,1.82,5.56,4.9,22.05,89.39,0.69,175.65
Tweed Offshore,2487,1760574600,,-28.21272,153.67975,1.0,1.71,5.13,4.66,22.5,87.81,0.67,174.33
Tweed Offshore,2487,1760576400,,-28.21272,153.67971,1.08,1.89,5.26,4.92,22.68,88.25,0.65,174.07
Tweed Offshore,2487,1760578200,,-28.21272,153.67969,1.02,1.81,5.26,4.74,22.72,83.06,0.63,171.6
Tweed Offshore,2487,1760580000,,-28.21272,153.67969,1.01,1.5,9.52,4.79,23.08,119.37,0.61,171.43
Tweed Offshore,2487,1760581800,,-28.21272,153.67966,0.97,1.63,5.41,4.61,22.86,103.81,0.66,171.43
Tweed Offshore,2487,1760583600,,-28.21272,153.67969,1.01,1.59,5.13,4.82,22.95,93.87,0.69,174.42
Tweed Offshore,2487,1760585400,,-28.21272,153.67971,0.98,1.59,5.71,4.67,22.99,84.11,0.72,175.65
Tweed Offshore,2487,1760587200,,-28.21273,153.67966,0.94,1.42,5.26,4.77,22.81,90.62,0.75,175.74
Tweed Offshore,2487,1760589000,,-28.21273,153.67971,0.94,1.59,9.09,4.88,22.5,120.25,0.8,175.3
Tweed Offshore,2487,1760590800,,-28.21273,153.67973,0.96,1.75,5.41,4.75,22.63,88.69,0.81,175.12
Tweed Offshore,2487,1760592600,,-28.21275,153.67977,0.93,1.76,9.52,4.72,22.86,115.32,0.91,173.71
Tweed Offshore,2487,1760594400,,-28.21275,153.67981,0.93,1.51,10.0,4.37,22.86,118.84,0.91,170.37
Tweed Offshore,2487,1760596200,,-28.21276,153.67979,0.93,1.69,10.0,4.33,23.08,134.75,0.97,171.6
Tweed Offshore,2487,1760598000,,-28.21275,153.67983,0.98,1.51,5.56,4.2,23.08,83.94,1.02,167.91
Tweed Offshore,2487,1760599800,,-28.21275,153.6799,0.96,1.56,5.13,4.07,22.86,68.73,1.01,167.03
Tweed Offshore,2487,1760601600,,-28.21275,153.6799,0.98,1.97,5.56,4.22,22.77,65.74,0.99,165.89
Tweed Offshore,2487,1760603400,,-28.21275,153.67994,0.89,1.51,5.88,4.08,22.63,78.31,0.98,164.57
Tweed Offshore,2487,1760605200,,-28.21275,153.67994,0.96,1.57,8.7,4.08,22.59,103.46,0.97,163.69
Tweed Offshore,2487,1760607000,,-28.21273,153.67999,1.01,1.77,9.52,4.22,22.54,119.46,0.96,162.37
Tweed Offshore,2487,1760608800,,-28.21275,153.67994,0.96,1.51,11.11,4.1,22.41,122.36,0.92,164.31
Tweed Offshore,2487,1760610600,,-28.21275,153.6799,0.98,1.52,9.52,4.16,22.36,110.31,0.93,164.92
Tweed Offshore,2487,1760612400,,-28.21275,153.67988,0.97,1.46,5.41,4.02,22.32,77.08,0.92,167.65
Tweed Offshore,2487,1760614200,,-28.21275,153.6799,0.91,1.56,5.88,4.15,22.23,67.32,0.91,164.92
Tweed Offshore,2487,1760616000,,-28.21276,153.67992,0.98,1.62,10.0,4.29,22.1,111.81,0.89,160.26
Tweed Offshore,2487,1760617800,,-28.21275,153.67996,1.01,1.77,5.56,4.23,21.92,91.76,0.85,159.56
Tweed Offshore,2487,1760619600,,-28.21275,153.67999,0.93,1.63,6.06,4.16,21.78,85.7,0.85,155.87
Tweed Offshore,2487,1760621400,,-28.21275,153.68001,1.0,1.63,5.88,4.12,21.69,67.41,0.88,156.4
Tweed Offshore,2487,1760623200,,-28.21275,153.68001,0.93,1.55,5.71,4.2,21.61,74.8,0.9,156.04
Tweed Offshore,2487,1760625000,,-28.21273,153.67994,0.96,1.57,5.56,4.19,21.56,84.38,0.87,157.1
Tweed Offshore,2487,1760626800,,-28.21273,153.67994,1.02,1.64,5.88,4.32,21.43,73.21,0.81,156.48
Tweed Offshore,2487,1760628600,,-28.21273,153.67994,0.99,1.93,5.88,4.32,21.47,75.94,0.74,151.65
Tweed Offshore,2487,1760630400,,-28.2127,153.67994,1.03,1.92,11.11,4.45,21.43,128.86,0.67,146.55
Tweed Offshore,2487,1760632200,,-28.21272,153.67992,1.09,1.89,6.45,4.58,21.47,69.96,0.69,152.09
Tweed Offshore,2487,1760634000,,-28.21272,153.67994,1.04,1.54,6.06,4.71,21.47,74.18,0.64,152.53
Tweed Offshore,2487,1760635800,,-28.2127,153.67994,1.1,2.1,11.11,5.25,21.43,143.1,0.62,149.27
Tweed Offshore,2487,1760637600,,-28.21273,153.67999,1.05,1.9,6.25,4.96,21.69,68.29,0.7,145.32
Tweed Offshore,2487,1760639400,,-28.2127,153.67994,1.07,1.83,6.25,5.13,21.61,74.0,0.68,153.41
Tweed Offshore,2487,1760641200,,-28.21269,153.67996,1.05,1.85,6.67,5.15,21.43,66.71,0.6,145.41
Tweed Offshore,2487,1760643000,,-28.21269,153.67996,1.04,1.75,5.56,5.21,21.38,90.18,0.55,150.86
Tweed Offshore,2487,1760644800,,-28.21269,153.67999,1.11,2.3,6.06,5.42,21.34,74.0,0.54,157.01
Tweed Offshore,2487,1760646600,,-28.21269,153.67999,1.11,1.83,6.06,5.25,21.38,73.39,0.54,162.73
Tweed Offshore,2487,1760648400,,-28.21269,153.67999,1.05,1.57,11.11,5.37,21.47,147.41,0.58,167.65
Tweed Offshore,2487,1760650200,,-28.2127,153.67994,1.01,1.79,11.76,5.35,21.56,142.4,0.57,170.02
Tweed Offshore,2487,1760652000,,-28.2127,153.67994,1.08,1.72,10.53,5.0,21.61,157.61,0.62,172.31
Tweed Offshore,2487,1760653800,,-28.2127,153.67994,1.0,1.59,10.53,4.78,21.61,145.21,0.61,170.55
Tweed Offshore,2487,1760655600,,-28.21272,153.67996,0.99,1.57,6.25,4.66,21.65,78.66,0.65,167.65
Tweed Offshore,2487,1760657400,,-28.21272,153.67994,1.03,1.57,6.67,4.46,21.65,61.08,0.67,169.76
Tweed Offshore,2487,1760659200,,-28.21273,153.67994,0.98,1.79,11.11,4.28,21.69,131.5,0.71,169.93
Tweed Offshore,2487,1760661000,,-28.21272,153.67992,0.93,1.56,10.53,4.06,21.65,128.69,0.74,166.24
Tweed Offshore,2487,1760662800,,-28.21275,153.6799,0.92,1.72,10.53,3.87,21.78,130.53,0.78,167.47
Tweed Offshore,2487,1760664600,,-28.21275,153.6799,0.91,1.48,11.11,3.58,21.69,136.25,0.78,170.64
Tweed Offshore,2487,1760666400,,-28.21275,153.67988,0.92,1.53,11.76,3.6,21.78,146.8,0.86,169.14
Tweed Offshore,2487,1760668200,,-28.21275,153.67986,0.94,1.38,10.53,3.54,21.87,133.52,0.85,170.11
Tweed Offshore,2487,1760670000,,-28.21275,153.67981,0.92,1.59,11.11,3.38,21.92,150.84,0.91,175.21
Tweed Offshore,2487,1760671800,,-28.21276,153.67986,0.96,1.91,10.53,3.28,22.01,147.32,0.9,170.11
Tweed Offshore,2487,1760673600,,-28.21276,153.67979,0.9,1.67,6.45,3.34,22.18,76.47,0.97,186.02
Tweed Offshore,2487,1760675400,,-28.21279,153.67977,1.01,1.92,6.67,3.36,22.72,79.63,1.07,187.34
Tweed Offshore,2487,1760677200,,-28.2128,153.67977,0.97,1.74,6.9,3.2,22.63,82.62,1.03,178.55
Tweed Offshore,2487,1760679000,,-28.2128,153.67979,1.07,2.0,6.06,3.29,22.54,77.7,1.05,175.74
Tweed Offshore,2487,1760680800,,-28.2128,153.67988,1.16,1.81,6.9,3.39,22.54,78.75,1.07,169.67
Tweed Offshore,2487,1760682600,,-28.21279,153.67988,1.13,1.78,6.67,3.53,22.45,81.48,1.11,169.23
Tweed Offshore,2487,1760684400,,-28.21282,153.6799,1.14,1.93,6.45,3.51,22.41,81.92,1.16,170.46
Tweed Offshore,2487,1760686200,,-28.2128,153.67992,1.19,1.88,6.25,3.52,22.41,77.35,1.14,165.89
Tweed Offshore,2487,1760688000,,-28.2128,153.68005,1.13,1.81,7.14,3.42,22.36,72.25,1.23,157.98
Tweed Offshore,2487,1760689800,,-28.2128,153.68003,1.18,1.81,6.9,3.52,22.23,74.27,1.22,160.79
Tweed Offshore,2487,1760691600,,-28.21279,153.68009,1.1,1.88,6.25,3.44,22.1,77.17,1.19,157.45
Tweed Offshore,2487,1760693400,,-28.21282,153.68011,1.08,1.95,7.41,3.38,22.01,67.59,1.11,158.15
Tweed Offshore,2487,1760695200,,-28.21282,153.68009,1.07,1.77,6.67,3.44,22.01,71.28,1.13,158.24
Tweed Offshore,2487,1760697000,,-28.21284,153.68011,1.09,1.79,7.41,3.49,21.92,72.07,1.12,158.86
Tweed Offshore,2487,1760698800,,-28.2128,153.68018,1.06,2.21,6.9,3.46,21.69,68.2,1.12,155.34
Tweed Offshore,2487,1760700600,,-28.2128,153.6802,1.04,1.7,6.9,3.57,21.52,67.94,1.05,153.76
Tweed Offshore,2487,1760702400,,-28.2128,153.68024,1.05,1.95,6.67,3.65,21.52,75.24,1.05,152.18
Tweed Offshore,2487,1760704200,,-28.21276,153.68031,1.04,1.78,7.41,3.6,21.12,67.5,1.04,148.84
Tweed Offshore,2487,1760706000,,-28.21279,153.68024,1.07,1.75,6.9,3.63,20.85,65.48,0.95,147.69
Tweed Offshore,2487,1760707800,,-28.21276,153.68026,1.05,1.78,7.69,3.59,20.72,66.97,0.9,145.41
Tweed Offshore,2487,1760709600,,-28.21276,153.6802,1.05,1.85,7.14,3.57,20.64,70.84,0.85,150.24
Tweed Offshore,2487,1760711400,,-28.21275,153.68024,1.0,1.8,6.9,3.64,20.55,77.43,0.83,141.8
Tweed Offshore,2487,1760713200,,-28.21272,153.68024,1.02,1.73,7.14,3.68,20.77,66.53,0.86,132.66
Tweed Offshore,2487,1760715000,,-28.21273,153.68018,1.02,1.67,7.14,3.59,20.85,75.41,0.79,138.2
Tweed Offshore,2487,1760716800,,-28.21273,153.68022,1.02,1.82,7.14,3.62,20.77,71.1,0.78,135.82
Tweed Offshore,2487,1760718600,,-28.21272,153.68024,1.13,1.98,6.67,3.88,20.81,76.03,0.79,137.23
Tweed Offshore,2487,1760720400,,-28.21272,153.68024,1.0,1.59,6.9,3.85,20.77,76.2,0.74,132.48
Tweed Offshore,2487,1760722200,,-28.21272,153.68026,1.02,2.15,7.14,3.91,20.68,82.36,0.7,134.86
Tweed Offshore,2487,1760724000,,-28.21272,153.68026,1.0,1.64,7.41,3.94,20.68,76.73,0.71,143.82
Tweed Offshore,2487,1760725800,,-28.21269,153.68026,0.97,1.67,6.9,3.94,20.68,58.44,0.69,141.8
Tweed Offshore,2487,1760727600,,-28.21269,153.68029,0.96,1.44,7.14,3.73,20.68,76.55,0.64,150.07
Tweed Offshore,2487,1760729400,,-28.2127,153.68031,0.99,1.74,6.45,3.69,20.72,71.81,0.69,148.92
Tweed Offshore,2487,1760731200,,-28.2127,153.68039,0.99,1.56,7.41,3.49,20.77,76.99,0.69,149.45
Tweed Offshore,2487,1760733000,,-28.2127,153.68039,1.01,1.75,6.45,3.49,20.81,74.62,0.76,148.22
Tweed Offshore,2487,1760734800,,-28.2127,153.68044,1.04,1.86,6.67,3.57,20.85,69.43,0.76,146.11
Tweed Offshore,2487,1760736600,,-28.2127,153.68044,0.99,1.75,7.41,3.4,20.81,69.43,0.77,150.42
Tweed Offshore,2487,1760738400,,-28.2127,153.68044,1.0,1.6,7.14,3.41,20.9,78.14,0.78,150.59
Tweed Offshore,2487,1760740200,,-28.21272,153.68042,0.96,1.67,7.69,3.28,21.03,70.22,0.81,153.85
Tweed Offshore,2487,1760742000,,-28.21272,153.68039,0.98,1.52,6.9,3.28,20.99,75.68,0.81,146.46
Tweed Offshore,2487,1760743800,,-28.21272,153.68039,0.97,1.53,7.14,3.26,21.03,76.38,0.8,150.59
Tweed Offshore,2487,1760745600,,-28.21272,153.68035,0.94,1.83,7.41,3.37,20.99,68.11,0.84,152.7
Tweed Offshore,2487,1760747400,,-28.21275,153.68033,0.95,1.63,7.41,3.47,20.94,54.84,0.91,154.73
Tweed Offshore,2487,1760749200,,-28.21276,153.68033,0.94,1.65,6.9,3.49,21.12,78.49,0.88,157.1
Tweed Offshore,2487,1760751000,,-28.21276,153.68031,0.89,1.45,7.69,3.3,21.25,75.06,0.89,152.88
Tweed Offshore,2487,1760752800,,-28.21275,153.68024,0.88,1.36,7.41,3.4,21.38,75.85,0.95,154.99
Tweed Offshore,2487,1760754600,,-28.21276,153.68024,0.97,1.7,7.14,3.38,21.56,75.76,0.91,156.4
Tweed Offshore,2487,1760756400,,-28.21279,153.68022,1.0,1.73,6.67,3.4,21.56,71.46,0.95,157.19
Tweed Offshore,2487,1760758200,,-28.21279,153.68018,0.95,1.55,7.14,3.32,21.65,71.28,0.94,158.59
Tweed Offshore,2487,1760760000,,-28.2128,153.68016,1.01,1.62,6.9,3.37,21.87,76.29,0.99,160.79
Tweed Offshore,2487,1760761800,,-28.2128,153.68014,1.06,1.94,7.69,3.51,21.83,72.42,0.98,159.91
Tweed Offshore,2487,1760763600,,-28.2128,153.68009,1.1,1.84,6.9,3.5,21.52,71.37,0.96,162.81
Tweed Offshore,2487,1760765400,,-28.2128,153.68009,1.14,2.0,7.41,3.64,21.21,71.63,0.91,164.84
Tweed Offshore,2487,1760767200,,-28.2128,153.68001,1.06,1.77,6.9,3.73,21.03,79.19,0.81,166.15
Tweed Offshore,2487,1760769000,,-28.2128,153.67996,1.03,1.7,7.41,3.71,21.12,67.76,0.91,168.62
Tweed Offshore,2487,1760770800,,-28.21279,153.67994,1.04,1.61,6.9,4.07,20.94,73.48,0.76,176.44
Tweed Offshore,2487,1760772600,,-28.21275,153.67992,0.98,1.77,8.0,4.17,21.3,63.54,0.85,168.44
Tweed Offshore,2487,1760774400,,-28.21279,153.67983,0.97,1.64,7.69,4.33,21.34,59.15,0.86,176.97
Tweed Offshore,2487,1760776200,,-28.21276,153.67992,0.92,1.63,14.29,4.56,21.38,146.71,0.86,166.33
Tweed Offshore,2487,1760778000,,-28.21275,153.67992,0.92,1.55,7.69,4.9,21.34,69.7,0.78,158.68
Tweed Offshore,2487,1760779800,,-28.21275,153.68003,1.0,1.56,7.14,4.91,21.34,66.53,0.74,159.56
Tweed Offshore,2487,1760781600,,-28.21275,153.68001,1.03,1.58,7.69,4.91,21.21,69.35,0.69,158.86
Tweed Offshore,2487,1760783400,,-28.21273,153.68009,0.92,1.41,7.41,4.88,21.25,69.52,0.71,159.38
Tweed Offshore,2487,1760785200,,-28.21273,153.68016,0.93,1.72,7.69,4.84,21.25,70.84,0.64,156.66
Tweed Offshore,2487,1760787000,,-28.21272,153.68022,0.93,1.52,8.0,4.74,21.21,74.97,0.62,154.02
Tweed Offshore,2487,1760788800,,-28.2127,153.68026,0.97,1.63,7.69,4.7,21.08,77.61,0.59,146.46
Tweed Offshore,2487,1760790600,,-28.21269,153.68024,1.03,1.68,7.41,4.8,21.12,87.02,0.57,137.32
Tweed Offshore,2487,1760792400,,-28.21269,153.68026,1.02,2.05,7.69,4.52,21.25,78.75,0.47,136.0
Tweed Offshore,2487,1760794200,,-28.21267,153.68029,1.08,1.72,8.0,4.73,21.34,67.32,0.51,136.26
Tweed Offshore,2487,1760796000,,-28.21269,153.68014,1.0,1.78,8.33,4.46,21.21,61.7,0.46,136.09
Tweed Offshore,2487,1760797800,,-28.21267,153.68016,1.07,1.85,7.41,4.43,21.08,73.74,0.39,131.87
Tweed Offshore,2487,1760799600,,-28.21267,153.68011,1.0,1.66,7.69,4.37,21.03,60.2,0.38,135.3
Tweed Offshore,2487,1760801400,,-28.21265,153.68014,1.01,2.13,7.69,4.44,21.08,58.36,0.34,141.54
Tweed Offshore,2487,1760803200,,-28.21267,153.68009,1.03,1.9,7.69,4.5,21.08,78.75,0.27,147.96
Tweed Offshore,2487,1760805000,,-28.21265,153.68009,1.04,1.6,7.69,4.39,21.03,68.38,0.33,151.21
Tweed Offshore,2487,1760806800,,-28.21267,153.68011,1.03,1.82,14.29,4.54,20.99,138.18,0.29,150.42
Tweed Offshore,2487,1760808600,,-28.21265,153.68011,1.13,1.89,14.29,4.62,20.85,141.79,0.3,146.81
Tweed Offshore,2487,1760810400,,-28.21265,153.68018,1.22,2.13,7.41,4.59,20.81,95.89,0.28,148.92
Tweed Offshore,2487,1760812200,,-28.21263,153.68024,1.27,1.95,7.69,4.76,20.72,86.22,0.28,156.22
Tweed Offshore,2487,1760815800,,-28.21265,153.68016,1.25,2.11,15.38,4.59,20.59,137.21,0.26,154.55
Tweed Offshore,2487,1760817600,,-28.21263,153.68016,1.21,2.0,15.38,4.67,20.59,138.0,0.27,157.27
Tweed Offshore,2487,1760819400,,-28.21261,153.68022,1.32,2.13,7.14,4.6,20.5,117.35,0.24,165.89
Tweed Offshore,2487,1760821200,,-28.21261,153.68024,1.27,2.04,4.44,4.66,20.46,169.74,0.22,161.67
Tweed Offshore,2487,1760823000,,-28.2126,153.68026,1.38,2.17,7.41,4.78,20.37,102.14,0.22,171.16
Tweed Offshore,2487,1760824800,,-28.21257,153.68031,1.39,2.54,14.29,4.68,20.37,145.48,0.2,183.56
Tweed Offshore,2487,1760826600,,-28.21257,153.68033,1.38,2.4,15.38,4.86,20.37,145.57,0.24,176.7
Tweed Offshore,2487,1760828400,,-28.21257,153.68024,1.41,2.74,15.38,4.77,20.37,144.86,0.3,184.26
Tweed Offshore,2487,1760830200,,-28.21258,153.68026,1.35,2.11,15.38,4.74,20.37,144.86,0.27,182.68
Tweed Offshore,2487,1760832000,,-28.21257,153.68031,1.41,2.24,15.38,4.77,20.37,148.73,0.24,180.48
Tweed Offshore,2487,1760833800,,-28.21257,153.68037,1.36,3.07,14.29,4.92,20.42,144.42,0.22,183.82
Tweed Offshore,2487,1760835600,,-28.21257,153.68035,1.45,2.21,14.29,5.0,20.46,150.14,0.17,192.0
Tweed Offshore,2487,1760837400,,-28.2126,153.68031,1.37,2.18,14.29,4.87,20.5,147.24,0.27,175.3
Tweed Offshore,2487,1760839200,,-28.21258,153.68031,1.32,2.76,14.29,4.95,20.59,145.21,0.23,167.47
Tweed Offshore,2487,1760841000,,-28.2126,153.68029,1.47,2.6,8.0,5.24,20.64,156.91,0.26,182.42
Tweed Offshore,2487,1760842800,,-28.21263,153.68022,1.48,2.27,8.33,5.2,20.68,154.88,0.28,183.12
Tweed Offshore,2487,1760844600,,-28.21263,153.68018,1.37,2.04,8.0,5.26,20.64,150.66,0.29,182.68
Tweed Offshore,2487,1760846400,,-28.21265,153.68024,1.47,2.25,7.69,5.57,20.64,152.77,0.35,182.95
Tweed Offshore,2487,1760848200,,-28.21261,153.68026,1.4,2.24,8.33,5.5,20.68,145.83,0.38,187.69
Tweed Offshore,2487,1760850000,,-28.21269,153.68016,1.42,2.39,8.7,5.65,20.72,159.98,0.41,185.05
Tweed Offshore,2487,1760851800,,-28.21272,153.67999,1.57,2.77,9.09,5.72,21.52,150.22,0.57,202.37
Tweed Offshore,2487,1760853600,,-28.21273,153.67994,1.6,2.64,8.33,5.75,21.69,163.76,0.65,191.21
Tweed Offshore,2487,1760855400,,-28.21273,153.6799,1.72,2.68,8.7,5.88,21.69,157.35,0.7,190.68
Tweed Offshore,2487,1760857200,,-28.21273,153.67994,1.58,2.61,8.0,5.62,21.56,147.24,0.72,183.82
Tweed Offshore,2487,1760859000,,-28.21273,153.67994,1.59,2.53,8.0,5.61,21.61,143.98,0.74,179.25
Tweed Offshore,2487,1760860800,,-28.21276,153.67994,1.61,2.48,12.5,5.92,22.77,157.43,1.04,187.87
Tweed Offshore,2487,1760862600,,-28.21279,153.67994,1.68,2.8,8.7,6.23,23.08,143.1,1.09,184.35
Tweed Offshore,2487,1760864400,,-28.21276,153.67992,1.72,2.63,7.69,6.27,23.13,123.5,1.03,178.9
Tweed Offshore,2487,1760866200,,-28.2128,153.67992,1.81,2.98,9.52,6.38,23.26,157.7,1.08,174.68
Tweed Offshore,2487,1760868000,,-28.2128,153.6799,1.7,2.62,7.41,6.26,23.17,131.85,1.01,171.43
Tweed Offshore,2487,1760869800,,-28.2128,153.6799,1.64,2.57,12.5,6.27,23.22,154.53,1.08,165.98
Tweed Offshore,2487,1760871600,,-28.21282,153.67992,1.6,2.9,8.0,6.19,23.26,134.84,1.11,167.3
Tweed Offshore,2487,1760873400,,-28.2128,153.67999,1.73,3.37,8.33,6.41,23.35,140.99,1.1,162.29
Tweed Offshore,2487,1760875200,,-28.2128,153.67999,1.63,2.87,8.33,6.18,23.4,131.24,1.06,161.85
Tweed Offshore,2487,1760877000,,-28.2128,153.68001,1.71,2.87,7.69,6.35,23.31,131.41,1.01,155.78
Tweed Offshore,2487,1760878800,,-28.2128,153.68005,1.63,2.57,8.33,6.16,23.26,139.68,1.08,155.43
Tweed Offshore,2487,1760880600,,-28.21279,153.68007,1.64,3.08,7.14,6.15,23.13,142.05,1.06,149.54
Tweed Offshore,2487,1760882400,,-28.2128,153.68005,1.54,2.42,7.41,6.24,23.04,148.47,1.05,150.59
Tweed Offshore,2487,1760884200,,-28.21279,153.68007,1.52,2.46,8.33,6.19,22.99,131.06,1.05,147.96
Tweed Offshore,2487,1760886000,,-28.21276,153.68001,1.59,2.39,8.33,6.37,22.86,138.36,0.98,147.87
Tweed Offshore,2487,1760887800,,-28.21279,153.68005,1.59,2.42,8.33,6.29,22.72,124.73,0.93,146.11
Tweed Offshore,2487,1760889600,,-28.21275,153.68003,1.59,2.74,7.41,6.36,22.45,152.33,0.92,138.73
Tweed Offshore,2487,1760891400,,-28.21275,153.68003,1.62,2.69,7.41,6.4,22.23,138.8,0.83,139.43
Tweed Offshore,2487,1760893200,,-28.21275,153.68001,1.48,2.51,8.7,6.32,22.05,134.14,0.74,134.59
Tweed Offshore,2487,1760895000,,-28.21273,153.68001,1.36,2.24,8.0,6.21,22.14,133.52,0.75,133.19
Tweed Offshore,2487,1760896800,,-28.21272,153.68003,1.39,2.75,8.0,6.36,22.1,130.8,0.72,130.37
Tweed Offshore,2487,1760898600,,-28.2127,153.68009,1.38,2.22,8.33,6.44,22.05,139.15,0.71,131.16
Tweed Offshore,2487,1760900400,,-28.2127,153.68014,1.27,2.14,8.33,6.29,21.96,137.04,0.71,128.53
Tweed Offshore,2487,1760902200,,-28.2127,153.68016,1.27,1.9,7.69,6.33,21.83,138.27,0.68,127.56
Tweed Offshore,2487,1760904000,,-28.2127,153.68016,1.2,2.31,7.69,6.56,21.96,131.59,0.66,127.21
Tweed Offshore,2487,1760905800,,-28.21272,153.68016,1.23,1.95,8.0,6.55,22.01,117.7,0.65,130.11
Tweed Offshore,2487,1760907600,,-28.21269,153.68018,1.23,2.1,8.7,6.53,22.01,131.24,0.62,129.05
Tweed Offshore,2487,1760909400,,-28.21269,153.68022,1.22,1.85,8.7,6.63,21.87,130.97,0.61,135.03
Tweed Offshore,2487,1760911200,,-28.21267,153.68024,1.11,1.66,8.7,6.64,21.83,131.32,0.53,134.07
Tweed Offshore,2487,1760913000,,-28.21267,153.6802,1.24,2.53,8.0,6.76,21.87,124.73,0.5,136.7
Tweed Offshore,2487,1760914800,,-28.21267,153.68022,1.19,1.69,7.41,6.29,21.92,137.48,0.48,141.89
Tweed Offshore,2487,1760916600,,-28.21269,153.68024,1.11,1.96,8.7,5.75,21.56,134.05,0.51,150.24
Tweed Offshore,2487,1760918400,,-28.2127,153.68022,1.09,1.69,7.41,5.21,21.52,143.46,0.56,157.19
Tweed Offshore,2487,1760920200,,-28.2127,153.68022,1.15,1.83,9.09,5.27,21.74,127.1,0.63,157.54
Tweed Offshore,2487,1760922000,,-28.21272,153.68022,1.13,1.83,8.7,5.14,21.87,132.82,0.67,155.25
Tweed Offshore,2487,1760923800,,-28.21272,153.68018,1.08,1.81,8.0,4.79,21.87,142.58,0.66,160.18
Tweed Offshore,2487,1760925600,,-28.21272,153.68014,1.09,1.59,8.33,4.58,21.92,123.5,0.68,162.11
Tweed Offshore,2487,1760927400,,-28.21273,153.68011,1.14,1.95,7.69,4.58,21.87,128.51,0.68,163.52
Tweed Offshore,2487,1760929200,,-28.21275,153.68007,1.01,1.79,8.7,4.19,21.87,113.74,0.72,164.66
Tweed Offshore,2487,1760931000,,-28.21275,153.68005,1.1,1.89,9.09,4.16,21.92,126.93,0.73,165.8
Tweed Offshore,2487,1760932800,,-28.21275,153.67999,1.08,1.94,10.53,3.91,22.05,152.69,0.76,176.62
Tweed Offshore,2487,1760934600,,-28.21276,153.67996,1.02,1.79,8.7,3.67,22.18,107.76,0.82,172.92
Tweed Offshore,2487,1760936400,,-28.21276,153.67994,0.96,2.05,9.52,3.52,22.27,137.57,0.83,178.11
Tweed Offshore,2487,1760938200,,-28.21276,153.67994,0.99,1.62,8.0,3.53,22.36,117.78,0.85,179.16
Tweed Offshore,2487,1760940000,,-28.21279,153.67994,1.01,1.86,7.69,3.44,22.41,116.64,0.91,174.77
Tweed Offshore,2487,1760941800,,-28.21276,153.67996,1.0,1.68,9.52,3.52,22.27,136.95,0.93,174.68
Tweed Offshore,2487,1760943600,,-28.21279,153.67999,1.0,1.67,9.09,3.47,22.32,131.59,0.97,169.05
Tweed Offshore,2487,1760945400,,-28.21276,153.68001,1.08,2.39,9.09,3.55,22.45,112.42,1.01,167.65
Tweed Offshore,2487,1760947200,,-28.21279,153.68007,1.1,1.93,8.0,3.54,22.54,103.1,1.05,165.63
Tweed Offshore,2487,1760949000,,-28.21276,153.68009,1.07,2.01,12.5,3.57,22.5,151.72,1.07,165.71
Tweed Offshore,2487,1760950800,,-28.21279,153.68009,1.13,1.85,8.0,3.63,22.59,105.83,1.03,166.33
Tweed Offshore,2487,1760952600,,-28.21276,153.68016,1.09,2.01,9.09,3.54,22.54,96.77,1.08,160.79
Tweed Offshore,2487,1760954400,,-28.21276,153.6802,1.1,1.86,9.09,3.54,22.59,109.61,1.05,158.59
Tweed Offshore,2487,1760956200,,-28.21275,153.68024,1.09,1.7,8.33,3.42,22.5,95.02,1.05,154.46
Tweed Offshore,2487,1760958000,,-28.21276,153.68029,1.07,2.27,8.7,3.46,22.45,98.18,1.03,152.62
Tweed Offshore,2487,1760959800,,-28.21276,153.68031,1.02,1.82,8.33,3.41,22.41,89.3,1.09,150.15
Tweed Offshore,2487,1760961600,,-28.21276,153.68029,1.07,1.81,8.33,3.4,22.36,102.4,1.04,147.69
Tweed Offshore,2487,1760963400,,-28.21276,153.68029,1.01,1.85,9.09,3.42,22.32,112.95,1.04,145.76
Tweed Offshore,2487,1760965200,,-28.21276,153.68029,1.06,2.03,13.33,3.5,22.27,146.36,0.97,146.55
Tweed Offshore,2487,1760967000,,-28.21275,153.68031,1.05,1.73,13.33,3.51,22.18,150.31,1.0,141.8
Tweed Offshore,2487,1760968800,,-28.21273,153.68029,0.98,1.85,9.09,3.41,22.05,100.91,0.95,138.37
Tweed Offshore,2487,1760970600,,-28.21273,153.68026,0.98,2.12,9.09,3.43,21.96,87.37,0.98,135.56
Tweed Offshore,2487,1760972400,,-28.21272,153.68026,1.03,1.64,8.33,3.45,21.96,81.39,0.94,132.4
Tweed Offshore,2487,1760974200,,-28.21273,153.68024,1.02,1.82,8.33,3.5,21.92,76.91,0.89,134.15
Tweed Offshore,2487,1760976000,,-28.21273,153.68018,0.96,1.83,8.7,3.51,21.87,65.3,0.83,134.24
Tweed Offshore,2487,1760977800,,-28.21272,153.68029,0.97,1.72,8.7,3.65,21.78,79.54,0.81,134.07
Tweed Offshore,2487,1760979600,,-28.21272,153.68024,0.93,1.44,9.09,3.62,21.69,73.21,0.78,130.29
Tweed Offshore,2487,1760981400,,-28.21273,153.68016,0.97,1.69,8.33,3.71,21.65,88.42,0.74,134.33
Tweed Offshore,2487,1760983200,,-28.21272,153.6802,0.93,1.58,8.7,3.57,21.56,80.16,0.74,135.91
Tweed Offshore,2487,1760985000,,-28.21272,153.68016,0.9,1.42,8.7,3.47,21.52,83.06,0.75,134.15
Tweed Offshore,2487,1760986800,,-28.21272,153.68014,0.95,1.82,8.33,3.74,21.47,83.5,0.71,140.4
Tweed Offshore,2487,1760988600,,-28.21273,153.68014,0.95,1.42,8.7,3.58,21.47,75.32,0.7,138.73
Tweed Offshore,2487,1760990400,,-28.21273,153.6802,0.97,1.79,8.7,3.68,21.43,86.31,0.71,142.59
Tweed Offshore,2487,1760992200,,-28.21272,153.68018,0.89,1.53,8.7,3.54,21.47,83.85,0.65,145.14
Tweed Offshore,2487,1760994000,,-28.21273,153.68016,0.94,1.53,7.69,3.61,21.52,82.44,0.67,147.25
Tweed Offshore,2487,1760995800,,-28.21273,153.68016,1.02,1.89,7.41,3.63,21.52,71.46,0.7,145.14
Tweed Offshore,2487,1760997600,,-28.2127,153.6802,0.98,1.7,8.33,3.58,21.52,81.92,0.73,143.38
Tweed Offshore,2487,1760999400,,-28.2127,153.68024,0.98,1.57,8.0,3.56,21.52,84.73,0.77,143.65
Tweed Offshore,2487,1761001200,,-28.21272,153.68029,0.97,1.91,8.33,3.48,21.43,77.96,0.75,141.71
Tweed Offshore,2487,1761003000,,-28.2127,153.68031,0.97,1.69,8.7,3.41,21.38,72.51,0.77,143.91
Tweed Offshore,2487,1761004800,,-28.21273,153.68024,1.01,1.82,8.0,3.44,21.25,80.86,0.77,143.74
Tweed Offshore,2487,1761006600,,-28.21273,153.68024,0.94,1.43,8.7,3.4,21.25,81.13,0.75,150.07
Tweed Offshore,2487,1761008400,,-28.21275,153.68022,1.0,1.86,8.33,3.49,21.3,81.74,0.78,148.92
Tweed Offshore,2487,1761010200,,-28.21272,153.68018,1.01,1.6,9.09,3.43,21.38,85.35,0.74,151.91
Tweed Offshore,2487,1761012000,,-28.21273,153.68016,0.98,1.79,8.33,3.52,21.47,76.11,0.7,150.33
Tweed Offshore,2487,1761013800,,-28.21275,153.68018,1.06,1.74,8.7,3.62,21.52,79.19,0.72,150.68
Tweed Offshore,2487,1761015600,,-28.21273,153.68016,0.96,2.16,9.09,3.5,21.52,83.5,0.7,153.23
Tweed Offshore,2487,1761017400,,-28.21275,153.68011,1.03,1.93,8.7,3.71,21.38,76.99,0.65,153.23
Tweed Offshore,2487,1761019200,,-28.21279,153.67994,0.91,1.56,8.0,3.42,21.47,89.3,0.71,155.87
Tweed Offshore,2487,1761021000,,-28.21276,153.67999,1.0,1.73,7.69,3.51,21.74,72.33,0.74,174.51
Tweed Offshore,2487,1761022800,,-28.21276,153.6799,1.05,1.73,7.69,3.66,21.92,83.41,0.72,172.4
Tweed Offshore,2487,1761024600,,-28.21276,153.67979,1.15,1.93,8.7,3.91,21.96,89.65,0.6,166.07
Tweed Offshore,2487,1761026400,,-28.21276,153.67986,1.04,1.77,8.7,3.68,21.96,79.46,0.66,165.63
Tweed Offshore,2487,1761028200,,-28.21276,153.67986,1.05,1.7,10.53,3.71,21.78,76.99,0.74,166.33
Tweed Offshore,2487,1761030000,,-28.21276,153.67992,1.13,1.92,10.53,3.95,21.74,73.83,0.73,167.21
Tweed Offshore,2487,1761031800,,-28.21275,153.67994,1.08,2.12,10.0,3.75,21.52,86.4,0.79,161.93
Tweed Offshore,2487,1761033600,,-28.21275,153.67994,1.14,2.0,10.53,3.96,21.43,73.92,0.73,160.62
Tweed Offshore,2487,1761035400,,-28.21275,153.67994,1.16,1.84,10.0,3.95,21.43,71.81,0.76,160.0
Tweed Offshore,2487,1761037200,,-28.21275,153.67994,1.2,2.13,8.7,3.95,21.38,82.09,0.77,154.99
Tweed Offshore,2487,1761039000,,-28.21275,153.68001,1.22,1.98,8.33,3.98,21.43,83.06,0.77,154.02
Tweed Offshore,2487,1761040800,,-28.21275,153.68003,1.12,1.83,8.7,3.82,21.52,80.07,0.75,152.62
Tweed Offshore,2487,1761042600,,-28.21276,153.68003,1.22,1.89,9.52,4.07,21.56,66.09,0.74,153.85
Tweed Offshore,2487,1761044400,,-28.21275,153.68007,1.17,2.02,9.09,4.02,21.56,68.47,0.71,145.93
Tweed Offshore,2487,1761046200,,-28.21275,153.68009,1.17,1.87,9.52,4.18,21.61,64.51,0.68,142.15
Tweed Offshore,2487,1761048000,,-28.21273,153.68018,1.16,1.95,9.52,4.27,21.69,65.74,0.72,139.78
Tweed Offshore,2487,1761049800,,-28.21273,153.68009,1.19,2.25,9.52,4.25,21.69,73.13,0.65,142.42
Tweed Offshore,2487,1761051600,,-28.21273,153.68011,1.16,2.14,9.52,4.32,21.74,68.64,0.62,137.93
Tweed Offshore,2487,1761053400,,-28.21273,153.68011,1.25,2.24,9.09,4.48,21.74,78.84,0.66,135.82
Tweed Offshore,2487,1761055200,,-28.21272,153.68016,1.29,2.39,8.7,4.58,21.69,79.89,0.63,137.93
Tweed Offshore,2487,1761057000,,-28.21272,153.68011,1.28,2.08,9.09,4.62,21.65,76.99,0.57,135.56
Tweed Offshore,2487,1761058800,,-28.21272,153.68007,1.2,2.22,8.7,4.68,21.56,74.88,0.62,130.29
Tweed Offshore,2487,1761060600,,-28.21273,153.68005,1.23,2.1,8.7,4.65,21.52,85.7,0.57,133.98
Tweed Offshore,2487,1761062400,,-28.21272,153.67999,1.27,2.54,9.09,4.56,21.47,72.33,0.49,148.31
Tweed Offshore,2487,1761064200,,-28.21272,153.67996,1.26,2.16,9.09,4.59,21.43,86.05,0.47,147.16
Tweed Offshore,2487,1761066000,,-28.21273,153.67999,1.33,2.28,8.7,4.96,21.38,79.98,0.45,152.35
Tweed Offshore,2487,1761067800,,-28.21272,153.67996,1.35,2.38,8.7,4.96,21.3,70.05,0.46,154.55
Tweed Offshore,2487,1761069600,,-28.21272,153.67996,1.28,2.2,8.7,4.91,21.3,80.16,0.45,167.38
Tweed Offshore,2487,1761071400,,-28.21272,153.68001,1.19,2.46,8.7,4.87,21.25,76.64,0.49,158.07
Tweed Offshore,2487,1761073200,,-28.2127,153.68001,1.28,2.41,8.7,4.95,21.21,79.1,0.48,160.97
Tweed Offshore,2487,1761075000,,-28.2127,153.68005,1.19,1.76,8.33,4.79,21.21,80.77,0.48,160.79
Tweed Offshore,2487,1761076800,,-28.2127,153.68009,1.23,2.06,8.7,4.66,21.21,71.37,0.45,161.58
Tweed Offshore,2487,1761078600,,-28.2127,153.68014,1.27,2.09,8.33,4.8,21.21,85.35,0.51,154.64
Tweed Offshore,2487,1761080400,,-28.2127,153.68016,1.24,1.81,8.7,4.67,21.21,77.52,0.52,158.95
Tweed Offshore,2487,1761082200,,-28.2127,153.68016,1.29,2.27,8.7,4.79,21.21,83.41,0.57,154.9
Tweed Offshore,2487,1761084000,,-28.21272,153.68016,1.29,1.95,8.7,4.64,21.21,73.39,0.57,156.57
Tweed Offshore,2487,1761085800,,-28.2127,153.68016,1.23,2.41,8.33,4.48,21.25,77.7,0.61,154.81
Tweed Offshore,2487,1761087600,,-28.2127,153.68018,1.18,2.28,8.33,4.42,21.3,75.06,0.58,157.71
Tweed Offshore,2487,1761089400,,-28.21272,153.68022,1.24,2.63,8.7,4.38,21.38,74.0,0.61,157.19
Tweed Offshore,2487,1761091200,,-28.21272,153.68022,1.1,1.84,9.09,4.03,21.43,84.47,0.62,156.22
Tweed Offshore,2487,1761093000,,-28.21272,153.68026,1.21,1.86,8.33,4.26,21.52,79.28,0.69,162.11
Tweed Offshore,2487,1761094800,,-28.21273,153.68029,1.17,2.34,9.09,4.23,21.56,76.47,0.73,152.79
Tweed Offshore,2487,1761096600,,-28.21275,153.68026,1.25,2.0,9.09,4.17,21.61,81.92,0.79,155.08
Tweed Offshore,2487,1761098400,,-28.21273,153.68022,1.29,2.48,8.7,4.13,21.69,79.81,0.79,165.01
Tweed Offshore,2487,1761100200,,-28.21275,153.68024,1.36,2.48,8.33,4.2,21.78,78.84,0.84,167.12
Tweed Offshore,2487,1761102000,,-28.21275,153.68022,1.3,2.26,9.09,3.93,21.83,73.83,0.9,163.6
Tweed Offshore,2487,1761103800,,-28.2128,153.68018,1.31,2.32,8.7,4.02,21.78,76.38,0.92,163.87
Tweed Offshore,2487,1761105600,,-28.2128,153.68011,1.49,2.74,9.52,4.23,22.01,74.97,0.97,166.77
Tweed Offshore,2487,1761107400,,-28.21279,153.68024,1.49,2.56,8.33,4.15,21.96,81.04,0.96,161.76
Tweed Offshore,2487,1761109200,,-28.21279,153.68024,1.49,2.83,9.09,4.16,22.1,75.85,1.04,158.77
Tweed Offshore,2487,1761111000,,-28.21276,153.68024,1.53,2.83,9.09,4.06,22.05,76.91,0.96,159.03
Tweed Offshore,2487,1761112800,,-28.21276,153.68026,1.48,2.32,8.7,3.87,22.05,69.35,1.02,151.65
Tweed Offshore,2487,1761114600,,-28.21276,153.68026,1.48,2.2,9.09,4.0,22.05,72.86,0.99,153.93
Tweed Offshore,2487,1761116400,,-28.21273,153.68033,1.52,2.8,9.09,3.97,22.1,72.07,1.0,148.92
Tweed Offshore,2487,1761118200,,-28.21275,153.68026,1.45,2.16,9.09,3.86,22.05,72.6,0.94,149.01
Tweed Offshore,2487,1761120000,,-28.21273,153.68031,1.5,2.62,9.09,3.98,22.05,65.83,0.92,148.48
Tweed Offshore,2487,1761121800,,-28.21275,153.68033,1.52,2.67,9.09,4.05,22.01,73.21,1.01,144.26
Tweed Offshore,2487,1761123600,,-28.21273,153.68031,1.54,2.44,9.09,4.21,22.01,69.17,1.0,147.25
Tweed Offshore,2487,1761125400,,-28.21275,153.68031,1.5,2.66,9.09,4.12,22.1,63.81,1.02,143.74
Tweed Offshore,2487,1761127200,,-28.21273,153.68037,1.62,2.45,9.09,4.33,22.14,70.75,1.0,142.51
Tweed Offshore,2487,1761129000,,-28.21273,153.68039,1.66,2.79,9.52,4.55,22.1,72.69,0.94,138.73
Tweed Offshore,2487,1761130800,,-28.21273,153.68039,1.52,2.39,9.52,4.24,22.01,75.15,1.0,137.14
Tweed Offshore,2487,1761132600,,-28.21273,153.68039,1.5,2.51,9.09,4.26,21.92,67.85,1.08,135.03
Tweed Offshore,2487,1761134400,,-28.21272,153.68039,1.46,2.83,8.7,4.35,21.92,72.16,0.94,134.24
Tweed Offshore,2487,1761136200,,-28.21272,153.68035,1.44,2.48,8.7,4.3,21.78,71.46,0.98,134.24
Tweed Offshore,2487,1761138000,,-28.21273,153.68031,1.55,2.38,9.09,4.41,21.69,66.44,0.95,131.87
Tweed Offshore,2487,1761139800,,-28.21273,153.68029,1.55,2.57,9.52,4.44,21.61,69.78,0.87,135.03
Tweed Offshore,2487,1761141600,,-28.21275,153.68024,1.41,2.44,9.09,4.18,21.52,71.46,0.83,135.56
Tweed Offshore,2487,1761143400,,-28.21273,153.68024,1.48,2.33,9.52,4.28,21.38,73.21,0.83,135.47
Tweed Offshore,2487,1761145200,,-28.21273,153.68024,1.35,2.43,9.09,4.06,21.16,65.13,0.77,136.53
Tweed Offshore,2487,1761147000,,-28.21272,153.68022,1.43,2.64,9.52,4.17,20.99,70.66,0.75,135.12
Tweed Offshore,2487,1761148800,,-28.21272,153.68016,1.39,2.19,9.52,4.25,20.94,71.28,0.69,139.69
Tweed Offshore,2487,1761150600,,-28.21273,153.68007,1.37,2.67,9.09,4.27,20.85,70.93,0.63,147.16
Tweed Offshore,2487,1761152400,,-28.21273,153.68016,1.46,2.47,9.09,4.22,20.81,69.7,0.71,141.8
Tweed Offshore,2487,1761154200,,-28.21272,153.68016,1.59,2.62,9.52,4.59,20.77,68.99,0.67,143.3
Tweed Offshore,2487,1761156000,,-28.21273,153.68014,1.43,2.28,8.7,4.42,20.72,76.38,0.62,146.55
Tweed Offshore,2487,1761157800,,-28.21273,153.68007,1.39,2.44,10.0,4.43,20.72,76.2,0.66,147.6
Tweed Offshore,2487,1761159600,,-28.21272,153.68005,1.36,2.63,9.52,4.3,20.68,73.92,0.62,155.43
Tweed Offshore,2487,1761161400,,-28.21276,153.68003,1.36,2.52,9.52,4.3,20.68,86.93,0.66,156.66
Tweed Offshore,2487,1761163200,,-28.21273,153.68007,1.4,2.61,9.52,4.39,20.68,78.14,0.6,158.24
Tweed Offshore,2487,1761165000,,-28.21275,153.68001,1.34,2.46,9.09,4.23,20.72,78.14,0.65,158.42
Tweed Offshore,2487,1761166800,,-28.21275,153.68007,1.38,2.46,9.09,4.22,20.72,74.97,0.68,158.15
Tweed Offshore,2487,1761168600,,-28.21275,153.68014,1.43,2.47,10.0,4.16,20.72,72.95,0.81,157.8
Tweed Offshore,2487,1761170400,,-28.21275,153.68016,1.3,2.33,9.09,3.99,20.81,72.86,0.82,155.69
Tweed Offshore,2487,1761172200,,-28.21276,153.68022,1.41,2.29,9.52,4.44,20.85,79.63,0.81,152.35
Tweed Offshore,2487,1761174000,,-28.21273,153.68022,1.36,2.46,9.52,4.34,20.94,78.22,0.83,155.08
Tweed Offshore,2487,1761175800,,-28.21275,153.68026,1.3,2.53,10.0,4.28,21.03,79.89,0.85,153.32
Tweed Offshore,2487,1761177600,,-28.21275,153.68026,1.38,2.4,10.0,4.72,21.21,84.73,0.85,157.89
Tweed Offshore,2487,1761179400,,-28.21275,153.68029,1.3,2.12,9.52,4.8,21.3,77.61,0.79,153.32
Tweed Offshore,2487,1761181200,,-28.21275,153.68031,1.31,2.43,10.0,5.01,21.43,79.72,0.87,155.78
Tweed Offshore,2487,1761183000,,-28.21275,153.68031,1.27,1.91,10.0,5.07,21.78,79.72,0.8,152.7
Tweed Offshore,2487,1761184800,,-28.21276,153.68031,1.31,2.16,10.0,5.59,21.65,78.58,0.85,155.6
Tweed Offshore,2487,1761186600,,-28.21273,153.68031,1.32,2.45,9.52,5.58,21.83,79.02,0.78,154.11
Tweed Offshore,2487,1761188400,,-28.21272,153.68033,1.3,2.07,10.0,5.1,21.69,75.76,0.74,155.69
Tweed Offshore,2487,1761190200,,-28.21272,153.68033,1.35,2.15,10.53,4.85,21.69,108.29,0.63,150.86
Tweed Offshore,2487,1761192000,,-28.21272,153.68029,1.45,2.13,10.0,5.0,21.74,84.55,0.69,161.49
Tweed Offshore,2487,1761193800,,-28.21273,153.68024,1.54,2.57,5.26,5.11,21.87,165.52,0.61,161.49
Tweed Offshore,2487,1761195600,,-28.21269,153.68035,1.65,2.61,5.56,5.15,21.87,166.22,0.59,152.18
Tweed Offshore,2487,1761197400,,-28.2127,153.68031,1.64,2.67,10.0,5.25,21.87,91.5,0.59,153.76
Tweed Offshore,2487,1761199200,,-28.21272,153.68031,1.54,2.54,5.71,5.11,21.92,159.89,0.62,156.22
Tweed Offshore,2487,1761201000,,-28.21272,153.68029,1.61,2.46,5.56,5.15,21.92,161.57,0.56,156.84
Tweed Offshore,2487,1761202800,,-28.2127,153.68018,1.61,2.42,10.0,5.2,22.01,101.7,0.52,159.82
Tweed Offshore,2487,1761204600,,-28.2127,153.68018,1.74,3.0,5.71,5.14,22.18,165.35,0.57,170.29
Tweed Offshore,2487,1761206400,,-28.2127,153.68011,1.79,3.53,5.88,5.33,22.36,167.63,0.57,171.69
Tweed Offshore,2487,1761208200,,-28.2127,153.68014,1.85,2.97,6.06,5.41,22.41,156.38,0.54,167.3
Tweed Offshore,2487,1761210000,,-28.21272,153.68009,1.77,2.77,6.06,5.33,22.45,160.69,0.5,171.96
Tweed Offshore,2487,1761211800,,-28.21272,153.68009,1.82,3.12,6.45,5.36,22.54,167.1,0.57,175.56
Tweed Offshore,2487,1761213600,,-28.2127,153.68003,1.87,2.87,6.67,5.39,22.59,163.32,0.55,177.41
Tweed Offshore,2487,1761215400,,-28.21273,153.68005,1.85,3.16,6.67,5.52,22.77,169.83,0.55,180.75
Tweed Offshore,2487,1761217200,,-28.21275,153.68005,1.75,3.28,6.45,5.34,22.77,166.66,0.56,175.65
Tweed Offshore,2487,1761219000,,-28.21273,153.68009,1.72,2.68,6.67,5.45,22.72,167.46,0.58,171.34
Tweed Offshore,2487,1761220800,,-28.21273,153.68011,1.77,2.9,6.67,5.49,22.68,153.3,0.56,167.47
Tweed Offshore,2487,1761222600,,-28.21272,153.68009,1.71,2.6,6.9,5.62,22.68,173.17,0.57,179.87
Tweed Offshore,2487,1761224400,,-28.21275,153.68016,1.84,3.13,6.9,5.7,22.72,173.87,0.64,173.01
Tweed Offshore,2487,1761226200,,-28.21272,153.68016,1.9,3.19,7.41,5.83,22.9,168.25,0.68,174.24
Tweed Offshore,2487,1761228000,,-28.21275,153.68016,1.95,3.27,7.41,5.89,22.95,161.04,0.61,174.15
Tweed Offshore,2487,1761229800,,-28.21273,153.68011,1.85,3.33,7.14,5.91,22.95,168.42,0.59,171.52
Tweed Offshore,2487,1761231600,,-28.21275,153.68011,1.94,3.1,6.9,6.02,22.99,170.27,0.62,168.62
Tweed Offshore,2487,1761233400,,-28.21273,153.68007,1.88,3.43,7.41,6.16,22.99,165.08,0.6,170.99
Tweed Offshore,2487,1761235200,,-28.21273,153.68005,1.82,3.27,7.41,6.21,23.04,171.5,0.62,171.25
Tweed Offshore,2487,1761237000,,-28.21273,153.68007,1.73,3.66,7.41,6.12,23.08,165.43,0.63,168.88
Tweed Offshore,2487,1761238800,,-28.21275,153.68005,1.79,3.18,7.41,6.2,23.08,158.4,0.62,166.51
Tweed Offshore,2487,1761240600,,-28.21276,153.68009,1.68,2.93,7.14,6.22,23.04,154.27,0.63,163.52
Tweed Offshore,2487,1761242400,,-28.21275,153.68009,1.61,2.83,10.0,6.13,22.99,78.75,0.63,164.75
Tweed Offshore,2487,1761244200,,-28.21273,153.68009,1.65,2.72,7.14,6.07,22.99,152.95,0.64,158.24
Tweed Offshore,2487,1761246000,,-28.21273,153.68009,1.68,2.6,6.9,6.06,23.04,151.1,0.66,159.12
Tweed Offshore,2487,1761247800,,-28.21273,153.68009,1.68,2.51,10.0,6.33,23.04,87.46,0.64,152.88
Tweed Offshore,2487,1761249600,,-28.21273,153.68009,1.55,2.51,7.41,6.16,23.04,159.72,0.59,154.64
Tweed Offshore,2487,1761251400,,-28.21272,153.68009,1.67,2.83,7.14,6.51,23.04,168.42,0.64,154.73
Tweed Offshore,2487,1761253200,,-28.21273,153.68009,1.55,2.32,6.9,6.29,23.08,158.31,0.62,161.23
Tweed Offshore,2487,1761255000,,-28.21273,153.68009,1.65,2.84,13.33,6.63,23.08,152.6,0.61,158.95
Tweed Offshore,2487,1761256800,,-28.21273,153.68007,1.68,2.58,6.67,6.56,23.13,161.83,0.64,167.47
Tweed Offshore,2487,1761258600,,-28.21275,153.68005,1.66,2.56,10.0,6.63,23.17,104.25,0.66,168.26
Tweed Offshore,2487,1761260400,,-28.21275,153.68007,1.58,2.36,13.33,6.74,23.22,162.36,0.66,169.05
Tweed Offshore,2487,1761262200,,-28.21275,153.68009,1.51,2.11,10.0,6.77,23.31,111.19,0.64,170.29
Tweed Offshore,2487,1761264000,,-28.21275,153.68009,1.71,2.86,8.7,6.98,23.4,155.67,0.66,166.59
Tweed Offshore,2487,1761265800,,-28.21276,153.68016,1.83,2.83,8.7,7.17,23.54,158.4,0.67,161.93
Tweed Offshore,2487,1761267600,,-28.21273,153.68026,1.83,3.02,9.09,6.97,23.63,148.82,0.64,154.2
Tweed Offshore,2487,1761269400,,-28.21273,153.68029,1.72,2.62,8.7,7.03,23.63,153.65,0.67,155.34
Tweed Offshore,2487,1761271200,,-28.21273,153.68024,1.66,2.42,8.7,6.77,23.67,153.48,0.62,158.77
Tweed Offshore,2487,1761273000,,-28.21273,153.68022,1.59,2.75,8.33,6.64,23.67,159.46,0.61,157.27
Tweed Offshore,2487,1761274800,,-28.21273,153.68016,1.94,2.92,8.7,7.0,23.72,159.28,0.62,158.86
Tweed Offshore,2487,1761276600,,-28.21275,153.68016,1.69,2.92,11.11,6.69,23.72,139.32,0.61,156.66
Tweed Offshore,2487,1761278400,,-28.21275,153.68016,1.7,3.41,10.53,6.51,23.67,144.69,0.62,154.11
Tweed Offshore,2487,1761280200,,-28.21273,153.6802,1.79,3.28,10.0,6.6,23.72,145.04,0.6,152.0
Tweed Offshore,2487,1761282000,,-28.21272,153.68016,1.64,2.93,10.0,6.33,23.63,145.3,0.6,151.38
Tweed Offshore,2487,1761283800,,-28.21272,153.68009,1.69,2.6,10.0,6.39,23.58,150.14,0.58,151.3
Tweed Offshore,2487,1761285600,,-28.2127,153.68011,1.67,2.96,10.53,6.25,23.49,147.15,0.55,147.52
Tweed Offshore,2487,1761287400,,-28.21272,153.68005,1.53,2.41,9.52,5.99,23.49,151.54,0.53,147.25
Tweed Offshore,2487,1761289200,,-28.2127,153.68001,1.54,2.26,9.52,5.88,23.44,127.28,0.52,146.29
Tweed Offshore,2487,1761291000,,-28.2127,153.67996,1.5,2.42,9.52,6.02,23.4,139.15,0.49,147.16
Tweed Offshore,2487,1761292800,,-28.21269,153.67992,1.59,2.59,10.0,6.16,23.35,130.8,0.49,143.65
Tweed Offshore,2487,1761294600,,-28.2127,153.67988,1.47,2.5,9.52,5.88,23.31,127.19,0.49,147.87
Tweed Offshore,2487,1761296400,,-28.21269,153.67988,1.44,2.27,9.52,5.69,23.31,141.35,0.49,148.22
Tweed Offshore,2487,1761298200,,-28.2127,153.67988,1.35,2.59,9.52,5.37,23.26,128.51,0.47,146.11
Tweed Offshore,2487,1761300000,,-28.2127,153.6799,1.45,2.77,9.52,5.76,23.26,138.18,0.44,157.71
Tweed Offshore,2487,1761301800,,-28.2127,153.68001,1.47,2.48,9.52,5.51,23.22,154.09,0.47,155.25
Tweed Offshore,2487,1761303600,,-28.21267,153.68003,1.33,2.43,9.52,5.44,23.22,138.53,0.48,163.16
Tweed Offshore,2487,1761305400,,-28.21265,153.68003,1.47,2.2,12.5,5.71,23.17,148.47,0.45,163.69
Tweed Offshore,2487,1761307200,,-28.21269,153.68001,1.56,2.65,10.0,6.07,23.17,142.4,0.45,162.55
Tweed Offshore,2487,1761309000,,-28.2127,153.67994,1.36,2.49,10.0,6.0,23.17,156.29,0.41,169.85
Tweed Offshore,2487,1761310800,,-28.2127,153.68001,1.49,2.58,12.5,6.49,23.22,158.49,0.47,165.45
Tweed Offshore,2487,1761312600,,-28.2127,153.68005,1.36,2.73,12.5,6.62,23.17,158.84,0.52,175.74
Tweed Offshore,2487,1761314400,,-28.21273,153.68001,1.42,2.5,12.5,6.58,23.4,156.91,0.6,173.45
Tweed Offshore,2487,1761316200,,-28.21273,153.67994,1.29,2.29,12.5,6.02,23.4,151.1,0.59,172.57
Tweed Offshore,2487,1761318000,,-28.21273,153.6799,1.46,2.91,11.76,6.2,23.4,164.99,0.57,173.45
Tweed Offshore,2487,1761319800,,-28.21272,153.6799,1.42,2.2,10.0,5.51,23.4,157.35,0.55,173.27
Tweed Offshore,2487,1761321600,,-28.21272,153.67994,1.43,2.37,9.52,5.46,23.35,140.47,0.45,171.69
Tweed Offshore,2487,1761323400,,-28.2127,153.6799,1.58,2.95,11.11,5.34,23.26,159.63,0.37,176.53
Tweed Offshore,2487,1761325200,,-28.2127,153.67994,1.56,2.56,12.5,5.18,23.26,154.09,0.38,172.4
Tweed Offshore,2487,1761327000,,-28.2127,153.6799,1.68,2.6,11.76,5.38,23.22,158.4,0.34,168.18
Tweed Offshore,2487,1761328800,,-28.2127,153.6799,1.68,2.75,11.76,5.1,23.22,164.47,0.34,171.08
Tweed Offshore,2487,1761330600,,-28.21269,153.67988,1.61,2.88,8.7,5.16,23.22,134.49,0.35,169.05
Tweed Offshore,2487,1761332400,,-28.2127,153.67981,1.62,2.65,11.76,5.18,23.13,157.96,0.34,173.98
Tweed Offshore,2487,1761334200,,-28.2127,153.67988,1.51,2.39,9.09,5.13,23.17,137.04,0.36,176.35
Tweed Offshore,2487,1761336000,,-28.21269,153.6799,1.65,2.82,11.76,5.53,23.17,164.47,0.48,186.11
Tweed Offshore,2487,1761337800,,-28.2127,153.6799,1.55,2.52,11.11,5.36,23.13,168.77,0.44,180.66
Tweed Offshore,2487,1761339600,,-28.21273,153.67988,1.57,2.63,9.52,5.38,23.35,142.4,0.5,183.91
Tweed Offshore,2487,1761341400,,-28.21275,153.6799,1.6,2.74,11.76,5.5,23.44,161.48,0.53,180.48
Tweed Offshore,2487,1761343200,,-28.21275,153.67992,1.51,2.65,11.11,5.46,23.49,162.88,0.59,181.27
Tweed Offshore,2487,1761345000,,-28.21275,153.67986,1.62,2.37,11.11,5.56,23.44,159.02,0.59,168.0
Tweed Offshore,2487,1761346800,,-28.21275,153.67983,1.47,2.24,11.76,5.46,23.4,162.27,0.59,170.11
Tweed Offshore,2487,1761348600,,-28.21275,153.67986,1.39,2.31,12.5,5.33,23.35,148.38,0.56,171.6
Tweed Offshore,2487,1761350400,,-28.21276,153.67981,1.52,2.7,11.76,5.53,23.22,160.42,0.57,170.73
Tweed Offshore,2487,1761352200,,-28.21275,153.67983,1.39,2.01,11.76,5.23,23.31,155.24,0.53,164.84
Tweed Offshore,2487,1761354000,,-28.21275,153.67983,1.35,2.46,11.11,5.23,23.31,166.31,0.54,168.97
Tweed Offshore,2487,1761355800,,-28.21275,153.67981,1.43,2.56,8.7,5.4,23.26,114.0,0.52,167.56
Tweed Offshore,2487,1761357600,,-28.21275,153.67981,1.4,2.25,11.76,5.24,23.35,171.41,0.49,169.49
Tweed Offshore,2487,1761359400,,-28.21275,153.67983,1.42,2.24,11.76,5.17,23.35,162.8,0.52,165.71
Tweed Offshore,2487,1761361200,,-28.21275,153.67988,1.36,2.11,11.76,5.02,23.26,164.82,0.53,165.27
Tweed Offshore,2487,1761363000,,-28.21275,153.67986,1.33,2.08,11.11,4.95,23.26,172.55,0.48,169.67
Tweed Offshore,2487,1761364800,,-28.21275,153.67988,1.45,2.47,11.11,5.09,23.31,169.39,0.51,170.99
Tweed Offshore,2487,1761366600,,-28.21273,153.67994,1.28,2.13,11.76,4.84,23.31,172.03,0.5,172.66
Tweed Offshore,2487,1761368400,,-28.21273,153.67994,1.31,2.13,9.09,4.82,23.31,144.07,0.51,174.51
Tweed Offshore,2487,1761370200,,-28.21272,153.67996,1.36,2.32,11.76,5.01,23.31,158.49,0.54,180.04
Tweed Offshore,2487,1761372000,,-28.21272,153.67996,1.41,2.46,10.53,5.13,23.31,169.21,0.52,182.51
Tweed Offshore,2487,1761373800,,-28.21272,153.67992,1.48,2.57,11.11,5.31,23.31,161.92,0.55,182.95
Tweed Offshore,2487,1761375600,,-28.21272,153.6799,1.47,2.85,11.11,5.29,23.31,158.75,0.63,184.18
Tweed Offshore,2487,1761377400,,-28.21273,153.67988,1.44,2.12,8.7,5.3,23.4,138.88,0.73,182.07
Tweed Offshore,2487,1761379200,,-28.21275,153.67996,1.4,2.45,9.52,5.21,23.4,142.31,0.72,174.33
Tweed Offshore,2487,1761381000,,-28.21276,153.67988,1.47,2.56,10.0,5.38,23.44,147.32,0.72,175.65
Tweed Offshore,2487,1761382800,,-28.21276,153.67992,1.42,2.04,10.0,5.21,23.4,147.59,0.74,173.1
Tweed Offshore,2487,1761384600,,-28.21275,153.6799,1.48,2.5,11.11,5.52,23.35,157.43,0.71,173.27
Tweed Offshore,2487,1761386400,,-28.21276,153.6799,1.39,2.29,10.53,5.38,23.31,152.25,0.7,172.92
Tweed Offshore,2487,1761388200,,-28.21279,153.67988,1.43,2.17,10.0,5.32,23.31,147.41,0.69,176.35
Tweed Offshore,2487,1761390000,,-28.21276,153.6799,1.45,2.74,10.53,5.39,23.26,162.09,0.73,172.57
Tweed Offshore,2487,1761391800,,-28.21276,153.67986,1.46,2.29,10.53,5.35,23.26,159.37,0.79,172.92
Tweed Offshore,2487,1761393600,,-28.21276,153.67994,1.49,2.92,10.0,5.46,23.26,142.93,0.75,168.88
Tweed Offshore,2487,1761395400,,-28.21279,153.67999,1.54,2.68,10.0,5.56,23.22,153.48,0.79,165.36
Tweed Offshore,2487,1761397200,,-28.21276,153.68001,1.36,2.36,9.52,5.08,23.17,139.5,0.77,161.32
Tweed Offshore,2487,1761399000,,-28.21276,153.68005,1.44,2.43,10.0,5.24,23.13,153.39,0.71,162.9
Tweed Offshore,2487,1761400800,,-28.21276,153.68007,1.41,2.44,10.0,5.01,23.13,144.33,0.7,161.67
Tweed Offshore,2487,1761402600,,-28.21275,153.68011,1.37,2.25,10.0,5.07,23.13,147.5,0.72,160.79
Tweed Offshore,2487,1761404400,,-28.21275,153.68014,1.36,2.36,9.09,5.03,23.13,134.49,0.7,158.51
Tweed Offshore,2487,1761406200,,-28.21275,153.68014,1.33,2.26,9.52,5.08,23.13,138.97,0.69,157.1
Tweed Offshore,2487,1761408000,,-28.21273,153.68009,1.29,1.96,10.0,5.38,23.13,145.48,0.71,155.6
Tweed Offshore,2487,1761409800,,-28.21275,153.68003,1.35,2.22,10.0,5.49,23.13,158.22,0.65,153.32
Tweed Offshore,2487,1761411600,,-28.21273,153.67999,1.29,2.03,9.52,5.6,23.13,156.11,0.67,150.95
Tweed Offshore,2487,1761413400,,-28.21275,153.67999,1.34,2.02,10.0,5.53,23.17,155.67,0.65,151.56
Tweed Offshore,2487,1761415200,,-28.21273,153.67994,1.32,2.42,10.53,5.62,23.17,159.19,0.63,151.03
Tweed Offshore,2487,1761417000,,-28.21273,153.67994,1.28,2.0,10.0,5.85,23.22,153.56,0.58,149.8
Tweed Offshore,2487,1761418800,,-28.21273,153.67996,1.32,2.0,9.09,5.98,23.22,153.04,0.6,147.6
Tweed Offshore,2487,1761420600,,-28.21273,153.6799,1.28,1.99,10.53,6.12,23.26,150.93,0.59,150.07
Tweed Offshore,2487,1761422400,,-28.21272,153.67979,1.41,1.96,10.0,6.18,23.26,153.56,0.58,150.68
Tweed Offshore,2487,1761424200,,-28.21273,153.67981,1.3,2.41,9.09,5.72,23.26,150.05,0.56,154.73
Tweed Offshore,2487,1761426000,,-28.21275,153.67986,1.37,2.07,9.52,5.62,23.31,157.7,0.56,151.65
Tweed Offshore,2487,1761427800,,-28.21273,153.67983,1.3,2.28,9.09,5.34,23.31,149.7,0.56,156.13
Tweed Offshore,2487,1761429600,,-28.21276,153.67983,1.23,2.1,10.53,4.98,23.31,150.49,0.56,158.95
Tweed Offshore,2487,1761431400,,-28.21275,153.67983,1.23,1.93,10.53,4.97,23.4,152.33,0.57,164.57
Tweed Offshore,2487,1761433200,,-28.21275,153.67986,1.25,2.24,9.52,4.79,23.44,153.39,0.55,163.52
Tweed Offshore,2487,1761435000,,-28.21275,153.67988,1.19,1.89,9.52,4.44,23.44,151.63,0.58,167.47
Tweed Offshore,2487,1761436800,,-28.21275,153.67992,1.08,1.83,9.52,4.15,23.49,154.88,0.61,163.78
Tweed Offshore,2487,1761438600,,-28.21275,153.67994,1.12,1.96,9.09,4.02,23.54,142.4,0.66,163.69
Tweed Offshore,2487,1761440400,,-28.21276,153.68003,1.08,1.91,8.7,3.76,23.58,129.39,0.63,160.26
Tweed Offshore,2487,1761442200,,-28.21275,153.68005,1.12,1.76,10.0,3.93,23.58,148.29,0.62,158.95
Tweed Offshore,2487,1761444000,,-28.21276,153.68005,1.05,1.95,9.52,3.85,23.58,145.3,0.59,158.07
Tweed Offshore,2487,1761445800,,-28.21275,153.68003,1.1,1.88,9.09,3.74,23.54,139.76,0.67,154.46
Tweed Offshore,2487,1761447600,,-28.21276,153.68005,1.14,1.72,9.52,3.55,23.54,141.7,0.62,151.03
Tweed Offshore,2487,1761449400,,-28.21275,153.68011,1.16,1.79,9.52,3.48,23.54,135.28,0.64,153.23
Tweed Offshore,2487,1761451200,,-28.21275,153.68001,1.14,1.81,9.52,3.55,23.54,131.24,0.58,166.77
Tweed Offshore,2487,1761453000,,-28.21275,153.68001,1.3,2.0,8.7,3.66,23.54,133.35,0.57,166.42
Tweed Offshore,2487,1761454800,,-28.21273,153.68005,1.29,2.15,4.17,3.59,23.58,18.09,0.61,163.08
Tweed Offshore,2487,1761456600,,-28.21275,153.68007,1.24,2.19,4.08,3.65,23.58,20.03,0.62,164.84
Tweed Offshore,2487,1761458400,,-28.21273,153.68001,1.23,2.49,4.44,3.64,23.58,19.94,0.56,168.62
Tweed Offshore,2487,1761460200,,-28.21273,153.68005,1.19,2.14,4.08,3.58,23.58,13.43,0.57,164.22
Tweed Offshore,2487,1761462000,,-28.21273,153.68007,1.1,1.83,4.26,3.45,23.58,14.31,0.54,164.4
Tweed Offshore,2487,1761463800,,-28.21273,153.68009,1.07,1.69,9.09,3.48,23.58,138.0,0.6,159.91
Tweed Offshore,2487,1761465600,,-28.21275,153.68014,1.12,1.98,4.44,3.44,23.58,28.2,0.6,160.62
Tweed Offshore,2487,1761467400,,-28.2127,153.68016,1.18,2.13,4.55,3.58,23.58,31.37,0.59,156.22
Tweed Offshore,2487,1761469200,,-28.21272,153.68014,1.25,2.07,4.88,3.63,23.58,30.22,0.58,158.07
Tweed Offshore,2487,1761471000,,-28.21272,153.68009,1.25,2.5,5.13,3.69,23.54,26.44,0.59,149.8
Tweed Offshore,2487,1761472800,,-28.21272,153.68009,1.57,2.92,5.41,3.96,23.49,22.75,0.58,145.41
Tweed Offshore,2487,1761474600,,-28.21273,153.68005,1.62,2.82,5.56,4.02,23.49,20.38,0.61,146.73
Tweed Offshore,2487,1761476400,,-28.21273,153.68005,1.87,3.2,6.06,4.2,23.49,22.93,0.59,151.3
Tweed Offshore,2487,1761478200,,-28.21275,153.68005,1.86,2.99,6.25,4.3,23.49,18.97,0.63,146.37
Tweed Offshore,2487,1761480000,,-28.21273,153.68001,1.87,3.46,6.45,4.39,23.49,12.29,0.62,153.67
Tweed Offshore,2487,1761481800,,-28.21276,153.67999,2.22,4.56,6.25,4.73,23.49,13.96,0.58,155.43
Tweed Offshore,2487,1761483600,,-28.21275,153.67994,1.78,3.43,6.67,4.52,23.49,16.25,0.53,150.95
Tweed Offshore,2487,1761485400,,-28.21273,153.67996,1.72,2.96,6.45,4.55,23.49,16.51,0.56,135.21
Tweed Offshore,2487,1761487200,,-28.21273,153.67983,1.88,2.89,6.67,4.8,23.44,20.64,0.54,136.62
Tweed Offshore,2487,1761487200,,-28.21273,153.67986,1.88,2.89,6.67,4.8,23.44,20.64,0.54,136.62
Tweed Offshore,2487,1761489000,,-28.21272,153.67981,1.67,2.39,6.45,4.66,23.44,23.89,0.52,138.2
Tweed Offshore,2487,1761490800,,-28.21273,153.67986,1.56,2.85,6.45,4.51,23.44,22.75,0.52,137.05
Tweed Offshore,2487,1761492600,,-28.21272,153.67986,1.5,2.62,6.45,4.52,23.44,21.52,0.49,138.73
Tweed Offshore,2487,1761494400,,-28.2127,153.6799,1.35,2.35,6.06,4.11,23.44,24.25,0.44,138.64
Tweed Offshore,2487,1761496200,,-28.2127,153.67986,1.27,2.13,5.88,4.0,23.4,23.81,0.45,131.78
Tweed Offshore,2487,1761498000,,-28.2127,153.67971,1.26,1.85,6.45,4.12,23.4,23.98,0.42,139.52
Tweed Offshore,2487,1761499800,,-28.2127,153.67971,1.28,2.32,5.56,4.21,23.4,27.85,0.39,142.95
Tweed Offshore,2487,1761501600,,-28.21267,153.67966,1.18,2.15,6.25,4.05,23.35,23.02,0.38,142.24
Tweed Offshore,2487,1761503400,,-28.2127,153.67964,1.16,2.05,6.25,4.13,23.35,20.11,0.37,151.65
Tweed Offshore,2487,1761505200,,-28.21269,153.67966,1.2,2.15,6.25,4.15,23.35,24.86,0.35,155.52
Tweed Offshore,2487,1761507000,,-28.2127,153.67969,1.21,2.08,6.25,4.27,23.35,17.83,0.35,165.1
Tweed Offshore,2487,1761508800,,-28.2127,153.67973,1.25,2.15,13.33,4.4,23.31,145.56,0.35,153.76
Tweed Offshore,2487,1761510600,,-28.2127,153.67979,1.22,2.31,6.45,4.4,23.31,23.1,0.36,155.78
Tweed Offshore,2487,1761512400,,-28.2127,153.67966,1.23,2.38,12.5,4.5,23.31,144.6,0.4,153.23
Tweed Offshore,2487,1761514200,,-28.21273,153.67977,1.27,2.23,14.29,4.43,23.31,138.09,0.42,151.47
Tweed Offshore,2487,1761516000,,-28.21272,153.67981,1.23,2.28,6.06,4.41,23.31,20.29,0.41,155.25
Tweed Offshore,2487,1761517800,,-28.21275,153.67983,1.18,2.17,14.29,4.34,23.35,145.21,0.47,162.46
Tweed Offshore,2487,1761519600,,-28.21272,153.67988,1.22,1.98,14.29,4.39,23.4,147.85,0.5,162.37
Tweed Offshore,2487,1761521400,,-28.21273,153.67994,1.21,2.19,14.29,4.36,23.4,148.29,0.51,160.7
Tweed Offshore,2487,1761523200,,-28.21272,153.67994,1.37,2.59,14.29,4.95,23.44,147.32,0.53,163.16
Tweed Offshore,2487,1761525000,,-28.21272,153.68001,1.38,2.23,14.29,4.84,23.44,143.54,0.51,166.24
Tweed Offshore,2487,1761526800,,-28.21272,153.68001,1.31,2.26,14.29,4.99,23.58,148.11,0.53,168.7
Tweed Offshore,2487,1761528600,,-28.21273,153.67999,1.29,2.22,14.29,4.81,23.58,148.29,0.52,171.96
Tweed Offshore,2487,1761530400,,-28.21273,153.68003,1.28,2.46,12.5,4.83,23.67,151.89,0.56,167.38
Tweed Offshore,2487,1761532200,,-28.21273,153.68005,1.28,2.47,14.29,4.66,23.72,149.17,0.58,168.62
Tweed Offshore,2487,1761534000,,-28.21273,153.68007,1.28,2.35,13.33,4.72,23.81,149.7,0.63,165.8
Tweed Offshore,2487,1761535800,,-28.21273,153.68009,1.35,2.4,14.29,4.72,23.81,147.41,0.64,168.97
Tweed Offshore,2487,1761537600,,-28.21273,153.68009,1.3,2.36,14.29,4.54,23.85,151.1,0.68,169.14
Tweed Offshore,2487,1761539400,,-28.21275,153.68009,1.26,2.37,13.33,4.16,23.9,155.06,0.71,170.9
Tweed Offshore,2487,1761541200,,-28.21276,153.68007,1.33,2.28,13.33,3.94,23.9,146.18,0.71,170.99
Tweed Offshore,2487,1761543000,,-28.21275,153.68007,1.34,2.46,13.33,3.97,23.85,145.92,0.77,170.46
Tweed Offshore,2487,1761544800,,-28.21275,153.68009,1.31,2.26,13.33,3.94,23.85,150.22,0.74,169.58
Tweed Offshore,2487,1761546600,,-28.21273,153.68009,1.32,2.11,13.33,4.15,23.81,151.81,0.72,170.55
Tweed Offshore,2487,1761548400,,-28.21273,153.68009,1.2,2.15,12.5,4.18,23.76,143.89,0.7,168.0
Tweed Offshore,2487,1761550200,,-28.21273,153.68016,1.23,2.35,13.33,4.28,23.76,149.17,0.62,158.07
Tweed Offshore,2487,1761552000,,-28.2127,153.68016,1.27,2.17,13.33,4.38,23.76,148.82,0.49,164.4
Tweed Offshore,2487,1761553800,,-28.21269,153.6802,1.25,2.19,13.33,4.46,23.72,143.46,0.46,151.38
Tweed Offshore,2487,1761555600,,-28.21269,153.68009,1.34,2.29,4.26,4.38,23.67,183.72,0.34,155.69
Tweed Offshore,2487,1761557400,,-28.21265,153.68005,1.59,2.87,13.33,4.75,23.63,147.24,0.34,157.19
Tweed Offshore,2487,1761559200,,-28.21265,153.68003,1.66,3.14,5.56,4.72,23.58,176.86,0.27,161.67
Tweed Offshore,2487,1761561000,,-28.21263,153.67999,1.53,2.28,5.41,4.64,23.58,187.15,0.19,159.3
Tweed Offshore,2487,1761562800,,-28.21261,153.67988,1.65,3.22,5.56,4.72,23.54,176.69,0.23,173.36
Tweed Offshore,2487,1761564600,,-28.21261,153.67975,1.6,2.97,5.41,4.65,23.49,174.05,0.17,192.44
Tweed Offshore,2487,1761566400,,-28.2126,153.67969,1.64,2.81,5.88,4.65,23.49,160.42,0.17,201.93
Tweed Offshore,2487,1761568200,,-28.2126,153.67956,1.8,3.09,5.88,4.79,23.49,164.82,0.17,200.62
Tweed Offshore,2487,1761570000,,-28.21258,153.67956,2.06,3.41,6.25,5.04,23.44,161.48,0.19,220.22
Tweed Offshore,2487,1761571800,,-28.21258,153.67956,2.18,3.28,6.9,5.16,23.44,162.44,0.17,211.87
Tweed Offshore,2487,1761573600,,-28.21255,153.67938,2.31,3.45,7.41,5.28,23.44,167.72,0.15,223.91
Tweed Offshore,2487,1761575400,,-28.2125,153.67926,2.28,3.95,7.69,5.29,23.4,161.83,0.22,222.86
Tweed Offshore,2487,1761577200,,-28.2125,153.67932,2.31,3.31,7.14,5.41,23.4,159.19,0.22,235.43
Tweed Offshore,2487,1761579000,,-28.21254,153.67928,2.13,3.6,7.69,5.39,23.4,160.86,0.23,230.33
Tweed Offshore,2487,1761580800,,-28.2125,153.67924,2.16,3.4,7.69,5.24,23.35,165.96,0.25,229.36
Tweed Offshore,2487,1761582600,,-28.21254,153.67908,2.11,3.08,8.0,5.28,23.35,167.89,0.28,222.68
Tweed Offshore,2487,1761584400,,-28.2125,153.67902,2.19,4.52,8.33,5.45,23.31,164.03,0.26,221.54
Tweed Offshore,2487,1761586200,,-28.21252,153.67904,2.22,3.57,8.0,5.63,23.31,158.22,0.3,225.41
Tweed Offshore,2487,1761588000,,-28.21249,153.67898,2.22,3.66,7.69,5.48,23.31,146.71,0.31,219.08
Tweed Offshore,2487,1761589800,,-28.21255,153.67919,2.08,3.93,7.69,5.51,23.31,151.45,0.31,218.99
Tweed Offshore,2487,1761591600,,-28.21255,153.67913,2.26,3.65,8.33,5.6,23.31,162.8,0.26,218.64
Tweed Offshore,2487,1761593400,,-28.21255,153.67908,2.07,3.07,8.33,5.35,23.31,159.98,0.32,217.93
Tweed Offshore,2487,1761595200,,-28.21255,153.67924,2.31,3.63,8.33,5.51,23.31,166.31,0.3,227.25
Tweed Offshore,2487,1761597000,,-28.21255,153.67932,2.33,3.63,8.7,5.53,23.35,174.75,0.4,223.38
Tweed Offshore,2487,1761598800,,-28.21258,153.67938,2.21,3.76,8.7,5.64,23.35,169.3,0.37,220.48
Tweed Offshore,2487,1761600600,,-28.2126,153.67941,2.27,3.63,8.7,5.46,23.35,177.13,0.44,216.18
Tweed Offshore,2487,1761602400,,-28.21263,153.67934,2.45,3.71,9.52,5.53,23.44,181.17,0.45,216.35
Tweed Offshore,2487,1761604200,,-28.21263,153.67934,2.41,4.02,7.69,5.5,23.49,155.24,0.4,218.9
Tweed Offshore,2487,1761606000,,-28.21265,153.67934,2.56,4.23,8.7,5.75,23.49,174.58,0.49,204.75
Tweed Offshore,2487,1761607800,,-28.21265,153.67941,2.57,5.03,8.7,5.77,23.58,174.84,0.49,210.73
Tweed Offshore,2487,1761609600,,-28.21263,153.67936,2.56,4.25,9.52,5.87,23.58,169.04,0.48,200.18
Tweed Offshore,2487,1761611400,,-28.2127,153.67949,2.66,4.36,10.0,6.01,23.63,173.78,0.51,197.1
Tweed Offshore,2487,1761613200,,-28.21272,153.67966,2.84,5.5,10.0,6.05,23.67,171.32,0.39,200.97
Tweed Offshore,2487,1761615000,,-28.2127,153.67964,2.77,4.81,9.52,5.8,23.67,172.2,0.46,199.21
Tweed Offshore,2487,1761616800,,-28.2127,153.67979,2.76,4.43,10.0,6.02,23.67,169.65,0.4,196.66
Tweed Offshore,2487,1761618600,,-28.21269,153.6799,2.86,4.7,10.0,5.97,23.63,168.95,0.35,198.15
Tweed Offshore,2487,1761620400,,-28.2127,153.67979,2.64,3.74,7.69,5.73,23.63,152.69,0.37,194.46
Tweed Offshore,2487,1761622200,,-28.21272,153.67981,2.73,4.02,10.0,5.88,23.63,169.65,0.3,191.12
Tweed Offshore,2487,1761624000,,-28.21269,153.67979,2.57,4.13,10.0,5.87,23.58,168.33,0.36,195.78
Tweed Offshore,2487,1761625800,,-28.21269,153.67986,2.62,4.46,10.53,5.78,23.58,167.54,0.34,196.84
Tweed Offshore,2487,1761627600,,-28.21267,153.67986,2.42,3.86,10.0,5.64,23.58,172.03,0.33,201.23
Tweed Offshore,2487,1761629400,,-28.21267,153.67996,2.5,3.79,10.0,5.61,23.58,174.05,0.29,187.96
Tweed Offshore,2487,1761631200,,-28.21263,153.68007,2.51,3.84,8.7,5.74,23.63,157.87,0.29,192.18
Tweed Offshore,2487,1761633000,,-28.21263,153.68007,2.49,4.4,10.0,5.82,23.58,169.21,0.28,196.22
Tweed Offshore,2487,1761634800,,-28.21263,153.68007,2.36,4.34,10.53,5.59,23.58,165.61,0.31,188.04
Tweed Offshore,2487,1761636600,,-28.21267,153.67992,2.44,4.2,9.52,5.63,23.58,163.24,0.28,185.23
Tweed Offshore,2487,1761638400,,-28.2127,153.67979,2.36,3.67,10.0,5.57,23.54,165.87,0.33,181.45
Tweed Offshore,2487,1761640200,,-28.2127,153.67964,2.51,3.92,9.52,5.75,23.54,163.15,0.31,183.91
Tweed Offshore,2487,1761642000,,-28.2127,153.67947,2.45,4.68,11.11,5.63,23.49,162.27,0.28,181.45
Tweed Offshore,2487,1761643800,,-28.21267,153.67934,2.33,3.56,7.41,5.5,23.49,129.83,0.35,180.4
Tweed Offshore,2487,1761645600,,-28.21269,153.67934,2.49,4.78,10.53,5.94,23.49,162.09,0.34,185.14
Tweed Offshore,2487,1761647400,,-28.21269,153.67938,2.58,4.43,11.11,6.08,23.44,159.89,0.3,186.99
Tweed Offshore,2487,1761649200,,-28.2126,153.67917,2.45,3.76,11.11,6.14,23.4,161.56,0.27,192.88
Tweed Offshore,2487,1761651000,,-28.21263,153.67926,2.52,3.57,10.0,6.15,23.4,156.29,0.25,201.23
Tweed Offshore,2487,1761652800,,-28.21261,153.67926,2.37,4.07,11.11,6.01,23.4,162.62,0.28,189.8
Tweed Offshore,2487,1761654600,,-28.21263,153.67934,2.44,4.43,8.0,6.17,23.44,139.06,0.24,180.4
Tweed Offshore,2487,1761656400,,-28.2125,153.67904,2.45,3.67,10.53,6.09,23.49,155.32,0.24,177.41
Tweed Offshore,2487,1761658200,,-28.21237,153.67883,2.55,4.03,6.67,6.1,23.54,89.92,0.22,160.44
Tweed Offshore,2487,1761660000,,-28.21213,153.67859,2.53,4.47,10.0,6.16,23.49,149.87,0.23,160.53
Tweed Offshore,2487,1761661800,,-28.21209,153.67853,2.57,3.93,11.76,6.06,23.49,148.91,0.14,149.19
Tweed Offshore,2487,1761663600,,-28.21212,153.67859,2.78,5.24,11.11,6.14,23.44,156.03,0.11,170.2
Tweed Offshore,2487,1761665400,,-28.21215,153.67861,2.89,6.5,11.11,6.04,23.44,154.09,0.1,160.97
Tweed Offshore,2487,1761667200,,-28.21212,153.67868,2.77,5.51,7.69,6.05,23.4,108.64,0.07,91.6
Tweed Offshore,2487,1761669000,,-28.21222,153.67878,2.87,4.71,11.11,6.21,23.35,151.1,0.08,56.18
Tweed Offshore,2487,1761670800,,-28.21227,153.67889,3.0,4.47,11.11,6.19,23.31,154.44,0.07,251.69
Tweed Offshore,2487,1761672600,,-28.2123,153.67898,2.96,4.36,7.69,6.12,23.26,93.43,0.1,305.23
Tweed Offshore,2487,1761674400,,-28.21234,153.67917,2.75,4.34,7.41,5.86,23.26,105.65,0.1,276.04
Tweed Offshore,2487,1761676200,,-28.21239,153.67926,2.81,4.43,7.69,5.97,23.22,106.88,0.17,282.37
Tweed Offshore,2487,1761678000,,-28.21245,153.67951,2.81,4.74,8.0,6.13,23.22,105.13,0.18,271.12
Tweed Offshore,2487,1761679800,,-28.21245,153.67971,3.01,5.28,8.33,6.2,23.22,111.28,0.18,291.16
Tweed Offshore,2487,1761681600,,-28.21245,153.67979,2.75,4.76,8.0,5.89,23.26,110.05,0.21,255.03
Tweed Offshore,2487,1761683400,,-28.21249,153.67986,2.8,4.14,8.0,6.25,23.26,102.22,0.21,256.26
Tweed Offshore,2487,1761685200,,-28.21246,153.67996,2.81,4.13,8.7,6.23,23.31,105.13,0.26,246.42
Tweed Offshore,2487,1761687000,,-28.21242,153.67999,2.74,5.06,8.33,6.13,23.35,90.09,0.26,254.51
Tweed Offshore,2487,1761688800,,-28.2124,153.68016,2.89,4.62,8.0,6.29,23.4,104.69,0.24,244.13
Tweed Offshore,2487,1761690600,,-28.21234,153.68031,3.01,4.54,8.33,6.51,23.44,95.28,0.28,244.75
Tweed Offshore,2487,1761692400,,-28.2123,153.68037,3.11,5.23,8.33,6.62,23.49,110.05,0.22,223.03
Tweed Offshore,2487,1761694200,,-28.21228,153.68039,2.75,4.56,8.7,6.3,23.49,114.0,0.29,224.0
Tweed Offshore,2487,1761696000,,-28.2123,153.68046,2.93,4.53,8.33,6.54,23.58,119.72,0.33,212.57
Tweed Offshore,2487,1761697800,,-28.21233,153.68046,2.89,5.46,8.0,6.55,23.63,105.21,0.31,213.98
Tweed Offshore,2487,1761699600,,-28.21239,153.68042,2.84,4.86,8.33,6.52,23.72,110.05,-99.9,-99.9
Tweed Offshore,2487,1761701400,,-28.21242,153.68061,2.57,4.89,8.33,6.41,23.76,104.51,0.31,194.2
Tweed Offshore,2487,1761703200,,-28.21242,153.68065,2.67,4.92,8.33,6.51,23.81,108.99,0.29,193.93
Tweed Offshore,2487,1761705000,,-28.21234,153.68074,2.59,4.85,8.33,6.33,23.81,113.65,0.28,184.7
Tweed Offshore,2487,1761706800,,-28.21228,153.68078,2.75,4.12,10.0,6.62,23.85,154.0,0.21,194.64
Tweed Offshore,2487,1761708600,,-28.2123,153.68078,2.52,4.09,8.0,6.47,23.85,109.35,0.25,176.18
Tweed Offshore,2487,1761710400,,-28.21224,153.68089,2.43,3.9,10.53,6.44,23.9,154.97,0.25,176.62
Tweed Offshore,2487,1761712200,,-28.21222,153.68087,2.52,5.56,8.7,6.52,23.95,122.36,0.21,188.31
Tweed Offshore,2487,1761714000,,-28.21224,153.68089,2.42,4.36,9.09,6.41,23.95,127.45,0.21,178.11
Tweed Offshore,2487,1761715800,,-28.21212,153.68095,2.44,4.36,8.33,6.3,23.95,116.03,0.19,171.87
Tweed Offshore,2487,1761717600,,-28.21212,153.68095,2.48,3.87,8.33,6.35,23.95,106.88,0.19,160.18
Tweed Offshore,2487,1761719400,,-28.21218,153.68076,2.59,4.29,8.33,6.4,23.9,108.82,0.14,158.77
Tweed Offshore,2487,1761721200,,-28.21231,153.68048,2.35,4.01,11.11,6.37,23.9,148.64,0.17,163.16
Tweed Offshore,2487,1761723000,,-28.21245,153.6802,2.16,3.48,8.7,6.26,23.85,120.16,0.17,164.84
Tweed Offshore,2487,1761724800,,-28.21257,153.67979,2.24,4.12,7.69,6.3,23.81,111.37,0.15,157.45
Tweed Offshore,2487,1761726600,,-28.21252,153.67945,2.23,4.17,8.0,6.37,23.81,103.63,0.19,163.08
Tweed Offshore,2487,1761728400,,-28.21249,153.67917,2.12,3.7,8.0,6.26,23.81,106.97,0.23,172.92
Tweed Offshore,2487,1761730200,,-28.21222,153.67881,2.07,3.43,8.33,6.34,23.81,109.7,0.26,162.81
Tweed Offshore,2487,1761732000,,-28.21207,153.67859,2.23,4.11,8.0,6.36,23.76,115.67,0.18,163.34
Tweed Offshore,2487,1761733800,,-28.21207,153.67857,2.14,3.15,8.7,6.58,23.76,113.04,0.18,163.69
Tweed Offshore,2487,1761735600,,-28.21209,153.67855,1.96,3.36,8.33,6.3,23.76,113.13,0.2,156.04
Tweed Offshore,2487,1761737400,,-28.21216,153.67863,2.1,3.96,8.33,6.41,23.72,114.62,0.18,153.32
Tweed Offshore,2487,1761739200,,-28.21231,153.67881,1.94,3.44,8.33,6.4,23.72,107.94,0.16,155.08
Tweed Offshore,2487,1761741000,,-28.2124,153.67889,2.07,3.23,8.7,6.57,23.67,117.96,0.17,161.32
Tweed Offshore,2487,1761742800,,-28.21242,153.67896,1.86,3.41,8.33,6.2,23.67,118.84,0.17,156.04
Tweed Offshore,2487,1761744600,,-28.21246,153.67913,2.06,3.36,10.53,6.63,23.63,147.24,0.12,155.52
Tweed Offshore,2487,1761746400,,-28.21249,153.67915,1.88,3.27,8.7,6.41,23.63,122.0,0.12,143.91
Tweed Offshore,2487,1761748200,,-28.2125,153.67919,1.83,3.35,8.33,6.27,23.63,116.64,0.12,150.07
Tweed Offshore,2487,1761750000,,-28.21252,153.67928,1.81,2.91,8.0,6.27,23.58,114.44,0.1,161.23
Tweed Offshore,2487,1761751800,,-28.21254,153.67934,1.79,2.81,8.33,6.0,23.58,112.69,0.12,146.55
Tweed Offshore,2487,1761753600,,-28.21255,153.67938,1.76,2.94,8.33,6.44,23.58,113.13,0.09,154.02
Tweed Offshore,2487,1761755400,,-28.21257,153.67941,1.63,2.77,7.69,6.29,23.54,112.95,0.11,143.47
Tweed Offshore,2487,1761757200,,-28.21257,153.67956,1.81,2.92,8.0,6.58,23.54,113.56,0.12,139.69
Tweed Offshore,2487,1761759000,,-28.21257,153.6796,1.74,2.73,8.0,6.67,23.49,118.58,0.06,158.07
Tweed Offshore,2487,1761760800,,-28.21257,153.67973,1.87,2.86,8.0,6.74,23.49,119.02,0.09,156.22
Tweed Offshore,2487,1761762600,,-28.21258,153.67975,1.68,2.57,8.33,6.64,23.49,121.04,0.07,177.58
Tweed Offshore,2487,1761764400,,-28.21257,153.67983,1.75,2.73,7.69,6.6,23.49,114.27,0.1,189.63
Tweed Offshore,2487,1761766200,,-28.21257,153.67973,1.68,2.69,8.33,6.62,23.49,113.65,0.06,191.74
Tweed Offshore,2487,1761768000,,-28.21257,153.67977,1.69,2.37,8.0,6.62,23.44,111.28,0.04,191.3
Tweed Offshore,2487,1761769800,,-28.21257,153.67979,1.75,2.98,7.69,6.66,23.44,112.16,0.11,210.99
Tweed Offshore,2487,1761771600,,-28.21255,153.67986,1.77,2.53,7.69,6.62,23.49,116.47,0.09,208.97
Tweed Offshore,2487,1761773400,,-28.21257,153.67983,1.65,2.88,8.33,6.63,23.58,120.25,0.07,180.48
Tweed Offshore,2487,1761775200,,-28.21255,153.67971,1.55,2.64,7.69,6.37,23.67,110.49,0.09,192.44
Tweed Offshore,2487,1761777000,,-28.21257,153.67986,1.47,2.6,8.0,6.41,23.95,115.5,0.07,219.16
Tweed Offshore,2487,1761778800,,-28.21254,153.68011,1.6,2.9,10.0,6.65,24.36,149.87,0.23,211.16
Tweed Offshore,2487,1761780600,,-28.21252,153.68011,1.56,2.38,8.0,6.65,24.27,126.4,0.26,222.24
Tweed Offshore,2487,1761782400,,-28.2124,153.68024,1.56,2.24,10.0,6.75,24.73,153.48,0.24,226.55
Tweed Offshore,2487,1761784200,,-28.21243,153.68029,1.6,2.41,7.69,6.66,24.63,124.11,0.3,228.57
Tweed Offshore,2487,1761786000,,-28.21237,153.68029,1.68,2.94,8.0,6.41,24.45,131.41,0.32,222.07
Tweed Offshore,2487,1761787800,,-28.21246,153.68035,1.68,2.97,8.0,6.27,24.31,130.8,0.31,219.78
Tweed Offshore,2487,1761789600,,-28.21245,153.68046,1.76,3.1,8.33,6.19,24.36,124.47,0.32,218.9
Tweed Offshore,2487,1761791400,,-28.21252,153.68042,1.64,2.89,8.0,5.7,24.31,129.65,0.29,202.64
Tweed Offshore,2487,1761793200,,-28.21258,153.6802,1.63,2.7,8.0,5.56,24.17,130.62,0.31,205.19
Tweed Offshore,2487,1761795000,,-28.21263,153.68001,1.62,2.35,9.52,5.33,24.08,146.97,0.27,196.04
Tweed Offshore,2487,1761796800,,-28.21265,153.67979,1.54,2.48,8.33,5.18,23.9,129.39,0.3,192.18
Tweed Offshore,2487,1761798600,,-28.212,153.68001,1.69,2.92,8.33,5.49,23.81,142.66,0.29,188.13
Tweed Offshore,2487,1761800400,,-28.21269,153.67964,1.66,2.88,8.0,5.29,23.76,133.52,0.28,184.88
Tweed Offshore,2487,1761802200,,-28.21267,153.67958,1.53,3.3,8.7,5.04,23.72,142.93,0.32,208.35
Tweed Offshore,2487,1761804000,,-28.21269,153.67983,1.68,2.77,10.53,5.23,23.63,150.22,0.28,191.3
Tweed Offshore,2487,1761805800,,-28.21257,153.67938,1.53,2.74,9.52,5.21,23.58,146.8,0.2,220.92
Tweed Offshore,2487,1761807600,,-28.21263,153.67936,1.47,2.34,8.7,5.44,23.58,130.71,0.24,204.4
Tweed Offshore,2487,1761809400,,-28.21263,153.67941,1.39,2.3,10.0,5.27,23.49,145.3,0.21,184.0
Tweed Offshore,2487,1761811200,,-28.21263,153.67938,1.48,2.29,8.33,5.23,23.44,123.06,0.21,176.35
Tweed Offshore,2487,1761813000,,-28.21263,153.67943,1.45,2.25,8.7,5.36,23.4,135.1,0.21,173.63
Tweed Offshore,2487,1761814800,,-28.21261,153.67949,1.48,2.41,9.09,5.15,23.4,137.13,0.18,170.55
Tweed Offshore,2487,1761816600,,-28.21269,153.67953,1.39,2.65,7.41,4.92,23.35,119.72,0.24,180.22
Tweed Offshore,2487,1761818400,,-28.21267,153.67949,1.43,2.82,10.53,5.02,23.35,151.81,0.27,180.57
Tweed Offshore,2487,1761820200,,-28.21267,153.67945,1.42,2.12,11.11,4.84,23.31,159.19,0.22,166.33
Tweed Offshore,2487,1761822000,,-28.21269,153.67953,1.32,2.07,9.09,4.8,23.26,135.28,0.27,161.14
Tweed Offshore,2487,1761823800,,-28.21267,153.67941,1.38,2.23,10.53,5.07,23.26,147.06,0.31,169.23
Tweed Offshore,2487,1761825600,,-28.21267,153.67941,1.26,2.38,11.11,4.8,23.31,145.48,0.27,160.7
Tweed Offshore,2487,1761827400,,-28.21265,153.67938,1.29,1.81,10.53,4.97,23.26,153.48,0.3,162.46
Tweed Offshore,2487,1761829200,,-28.21261,153.67932,1.31,2.91,10.53,5.13,23.22,144.07,0.26,156.92
Tweed Offshore,2487,1761831000,,-28.2126,153.67924,1.44,2.16,10.53,5.24,23.22,150.4,0.26,162.73
Tweed Offshore,2487,1761832800,,-28.21261,153.67926,1.33,2.38,10.53,5.09,23.22,149.34,0.25,150.15
Tweed Offshore,2487,1761834600,,-28.21261,153.67928,1.2,2.16,10.53,4.68,23.17,144.77,0.22,149.89
Tweed Offshore,2487,1761836400,,-28.2126,153.6793,1.35,2.56,9.52,5.12,23.13,138.44,0.28,141.63
Tweed Offshore,2487,1761838200,,-28.2126,153.67934,1.27,2.2,10.53,5.17,23.22,148.99,0.29,134.15
Tweed Offshore,2487,1761840000,,-28.2126,153.67945,1.27,2.28,11.11,5.13,23.22,149.61,0.23,121.32
Tweed Offshore,2487,1761841800,,-28.2126,153.67956,1.16,2.17,9.52,5.13,23.22,141.96,0.16,131.87
Tweed Offshore,2487,1761843600,,-28.2126,153.67956,1.25,2.21,10.53,5.48,23.17,141.17,0.21,126.42
Tweed Offshore,2487,1761845400,,-28.2126,153.67958,1.29,1.85,9.52,5.74,23.13,137.74,0.2,125.1
Tweed Offshore,2487,1761847200,,-28.2126,153.67966,1.22,2.42,10.53,5.5,23.13,137.74,0.21,113.85
Tweed Offshore,2487,1761849000,,-28.21258,153.67975,1.4,2.47,10.53,5.95,23.13,133.17,0.15,120.26
Tweed Offshore,2487,1761850800,,-28.2126,153.67988,1.32,2.1,8.7,5.78,23.13,128.77,0.18,120.79
Tweed Offshore,2487,1761852600,,-28.21258,153.68001,1.29,2.0,10.53,5.59,23.13,134.84,0.16,112.7
Tweed Offshore,2487,1761854400,,-28.2126,153.67999,1.38,2.16,10.53,6.1,23.13,140.99,0.19,117.45
Tweed Offshore,2487,1761856200,,-28.21257,153.68001,1.3,2.21,11.11,6.18,23.13,132.91,0.08,141.63
Tweed Offshore,2487,1761858000,,-28.21255,153.68016,1.33,2.38,10.53,6.46,23.13,135.81,0.11,116.22
Tweed Offshore,2487,1761859800,,-28.21255,153.68014,1.32,2.06,9.52,6.58,23.13,135.1,0.11,172.22
Tweed Offshore,2487,1761861600,,-28.21254,153.68016,1.31,2.11,10.53,6.39,23.22,129.92,0.1,146.55
Tweed Offshore,2487,1761863400,,-28.21254,153.68014,1.27,2.42,10.0,5.64,23.22,129.39,0.1,213.19
Tweed Offshore,2487,1761865200,,-28.21246,153.68014,1.36,2.19,9.09,5.85,23.22,129.92,0.13,240.88
Tweed Offshore,2487,1761867000,,-28.21257,153.68005,1.4,2.21,10.0,5.93,23.22,140.91,0.1,189.54
Tweed Offshore,2487,1761868800,,-28.2126,153.67981,1.34,2.43,9.52,5.66,23.22,134.49,0.14,227.78
Tweed Offshore,2487,1761870600,,-28.21261,153.67956,1.33,2.51,9.52,5.61,23.31,132.47,0.18,184.09
Tweed Offshore,2487,1761872400,,-28.21263,153.67956,1.38,2.21,11.76,5.46,23.31,148.47,0.2,196.66
Tweed Offshore,2487,1761874200,,-28.2126,153.67945,1.42,2.69,10.0,5.46,23.4,144.42,0.19,191.56
Tweed Offshore,2487,1761876000,,-28.21265,153.67966,1.41,2.65,9.52,5.48,23.44,143.63,0.27,194.37
Tweed Offshore,2487,1761877800,,-28.21261,153.67964,1.34,2.04,11.76,5.3,23.44,151.37,0.19,174.51
Tweed Offshore,2487,1761879600,,-28.21265,153.67966,1.33,2.4,9.09,5.3,23.54,128.33,0.26,207.91
Tweed Offshore,2487,1761881400,,-28.21265,153.67964,1.45,2.42,11.11,5.56,23.49,154.53,0.3,193.41
Tweed Offshore,2487,1761883200,,-28.21263,153.67958,1.43,2.17,11.11,5.49,23.58,156.38,0.27,178.55
Tweed Offshore,2487,1761885000,,-28.21265,153.67971,1.4,2.59,9.52,5.39,23.49,138.18,0.25,163.16
Tweed Offshore,2487,1761886800,,-28.21265,153.67973,1.36,2.48,10.0,5.44,23.44,152.95,0.19,188.04
Tweed Offshore,2487,1761888600,,-28.21261,153.67996,1.33,2.04,9.52,5.41,23.4,146.27,0.26,181.98
Tweed Offshore,2487,1761890400,,-28.21265,153.68001,1.26,2.46,10.0,5.13,23.31,141.7,0.28,182.86
Tweed Offshore,2487,1761892200,,-28.21267,153.68001,1.23,2.31,9.52,5.11,23.35,144.16,0.24,174.77
Tweed Offshore,2487,1761894000,,-28.21265,153.68014,1.28,2.07,10.0,5.38,23.31,137.74,0.27,158.42
Tweed Offshore,2487,1761895800,,-28.21263,153.68018,1.25,2.09,10.0,5.25,23.31,146.18,0.29,154.55
Tweed Offshore,2487,1761897600,,-28.21263,153.68018,1.15,1.85,10.0,4.98,23.31,144.42,0.28,155.96
Tweed Offshore,2487,1761899400,,-28.21261,153.68022,1.23,2.08,8.7,5.17,23.31,134.05,0.26,148.66
Tweed Offshore,2487,1761901200,,-28.2126,153.68026,1.19,1.95,10.53,5.28,23.26,144.33,0.26,142.24
Tweed Offshore,2487,1761903000,,-28.2125,153.68026,1.11,1.71,11.76,5.11,23.26,145.92,0.23,191.91
Tweed Offshore,2487,1761904800,,-28.21255,153.68042,1.12,1.68,10.53,5.24,23.26,141.34,0.27,148.48
Tweed Offshore,2487,1761906600,,-28.21255,153.68052,1.13,1.81,10.53,5.33,23.31,151.45,0.3,147.25
Tweed Offshore,2487,1761908400,,-28.21255,153.68039,1.09,1.86,9.09,5.06,23.26,135.28,0.27,162.9
Tweed Offshore,2487,1761910200,,-28.21258,153.68037,1.1,1.77,9.09,5.14,23.31,132.38,0.31,164.84
Tweed Offshore,2487,1761912000,,-28.21257,153.68037,1.1,2.01,9.52,5.45,23.31,143.19,0.31,163.78
Tweed Offshore,2487,1761913800,,-28.2126,153.68044,1.18,1.71,11.11,5.36,23.31,146.8,0.33,148.13
Tweed Offshore,2487,1761915600,,-28.2126,153.68037,1.15,2.21,9.52,5.44,23.31,143.1,0.37,149.45
Tweed Offshore,2487,1761917400,,-28.21267,153.68022,1.11,2.0,9.09,5.31,23.31,136.25,0.38,156.84
Tweed Offshore,2487,1761919200,,-28.21267,153.68018,1.07,1.79,9.52,5.15,23.31,141.26,0.36,151.82
Tweed Offshore,2487,1761921000,,-28.21269,153.68011,1.1,1.83,8.7,5.13,23.31,131.67,0.34,161.23
Tweed Offshore,2487,1761922800,,-28.21263,153.68018,1.04,1.67,8.7,5.04,23.31,137.04,0.37,158.15
Tweed Offshore,2487,1761924600,,-28.21265,153.68016,1.1,1.73,8.7,5.08,23.26,127.28,0.35,146.29
Tweed Offshore,2487,1761926400,,-28.21267,153.68011,1.0,1.72,10.53,4.83,23.31,135.28,0.36,146.02
Tweed Offshore,2487,1761928200,,-28.21267,153.68011,1.11,1.91,9.52,5.01,23.22,136.33,0.32,142.77
Tweed Offshore,2487,1761930000,,-28.21263,153.68009,1.06,1.74,10.53,4.95,23.22,138.62,0.3,138.9
Tweed Offshore,2487,1761931800,,-28.21265,153.68018,1.09,2.02,9.09,5.11,23.17,134.31,0.34,139.16
Tweed Offshore,2487,1761933600,,-28.21263,153.68016,1.04,1.75,8.33,5.02,23.22,128.86,0.32,138.99
Tweed Offshore,2487,1761935400,,-28.21263,153.68018,1.09,1.63,8.7,5.17,23.22,133.17,0.28,140.48
Tweed Offshore,2487,1761937200,,-28.21261,153.68024,1.0,1.7,9.09,4.99,23.17,130.88,0.26,141.89
Tweed Offshore,2487,1761939000,,-28.21261,153.68031,1.05,1.58,8.33,5.17,23.22,126.49,0.27,147.6
Tweed Offshore,2487,1761940800,,-28.21258,153.68033,1.11,2.0,11.11,5.08,23.22,141.87,0.26,138.9
Tweed Offshore,2487,1761942600,,-28.21261,153.68031,1.09,1.95,9.52,4.99,23.22,129.39,0.29,139.43
Tweed Offshore,2487,1761944400,,-28.2126,153.68037,1.06,1.66,9.52,5.05,23.22,132.03,0.28,139.52
Tweed Offshore,2487,1761946200,,-28.21258,153.68035,1.01,1.88,10.0,4.85,23.31,136.6,0.28,143.38
Tweed Offshore,2487,1761948000,,-28.2126,153.68039,1.04,1.78,9.09,4.97,23.49,128.77,0.32,143.03
Tweed Offshore,2487,1761949800,,-28.21263,153.68037,1.01,1.57,5.41,4.92,23.49,82.36,0.33,143.82
Tweed Offshore,2487,1761951600,,-28.21263,153.68026,1.04,1.65,9.52,4.92,23.58,134.93,0.34,149.98
Tweed Offshore,2487,1761953400,,-28.21265,153.68026,1.07,1.76,9.09,4.91,23.76,136.16,0.38,142.33
Tweed Offshore,2487,1761955200,,-28.21263,153.68024,1.06,1.59,9.09,4.71,23.58,127.81,0.35,145.05
Tweed Offshore,2487,1761957000,,-28.21267,153.68024,1.09,1.94,8.33,4.63,23.58,131.59,0.4,139.87
Tweed Offshore,2487,1761958800,,-28.21265,153.68014,1.07,1.66,5.56,4.42,23.76,78.66,0.42,141.45
Tweed Offshore,2487,1761960600,,-28.2127,153.68005,1.13,1.88,6.06,4.83,23.9,86.4,0.41,169.85
Tweed Offshore,2487,1761962400,,-28.21267,153.68009,0.97,1.58,9.52,4.76,23.99,141.26,0.54,181.8
Tweed Offshore,2487,1761964200,,-28.21267,153.68001,1.06,1.77,6.45,4.47,23.99,91.85,0.54,184.35
Tweed Offshore,2487,1761966000,,-28.21272,153.67994,1.07,2.25,9.52,4.28,23.99,139.32,0.59,181.8
Tweed Offshore,2487,1761967800,,-28.21275,153.67996,1.19,2.08,9.09,4.12,24.04,133.52,0.66,175.21
Tweed Offshore,2487,1761969600,,-28.21273,153.68009,1.19,2.26,6.25,4.0,23.95,76.2,0.66,165.45
Tweed Offshore,2487,1761971400,,-28.21275,153.68005,1.2,2.19,6.25,4.3,23.9,73.3,0.66,173.01
Tweed Offshore,2487,1761973200,,-28.21272,153.68014,1.1,1.98,6.06,4.22,23.85,75.94,0.65,159.47
Tweed Offshore,2487,1761975000,,-28.21272,153.68016,1.16,1.97,5.88,4.16,23.72,73.83,0.69,155.34
Tweed Offshore,2487,1761976800,,-28.21272,153.68016,1.26,1.84,6.45,4.29,23.49,69.87,0.71,148.84
Tweed Offshore,2487,1761978600,,-28.2127,153.6802,1.33,2.69,6.06,4.38,23.4,79.89,0.7,144.7
Tweed Offshore,2487,1761980400,,-28.2127,153.6802,1.25,2.21,6.06,4.13,23.44,71.37,0.71,142.95
Tweed Offshore,2487,1761982200,,-28.2127,153.68016,1.34,2.65,6.25,4.16,23.35,87.89,0.72,145.05
Tweed Offshore,2487,1761984000,,-28.2127,153.68022,1.41,2.22,6.06,4.23,23.22,86.4,0.68,142.42
Tweed Offshore,2487,1761985800,,-28.21269,153.68029,1.31,2.7,6.06,3.91,23.22,80.86,0.72,139.78
Tweed Offshore,2487,1761987600,,-28.2127,153.68026,1.35,2.57,6.06,3.92,23.13,73.83,0.69,148.13
Tweed Offshore,2487,1761989400,,-28.21269,153.68033,1.37,2.14,6.06,4.05,23.13,91.15,0.69,141.27
Tweed Offshore,2487,1761991200,,-28.21272,153.68031,1.21,2.23,6.06,4.16,23.13,82.18,0.74,143.65
Tweed Offshore,2487,1761993000,,-28.2127,153.68031,1.27,2.11,6.25,4.33,23.13,84.73,0.68,142.15
Tweed Offshore,2487,1761994800,,-28.21272,153.68024,1.29,2.07,5.56,4.29,23.04,84.38,0.67,147.78
Tweed Offshore,2487,1761996600,,-28.21272,153.68026,1.23,2.19,6.06,4.25,22.99,89.13,0.71,142.86
Tweed Offshore,2487,1761998400,,-28.21275,153.68018,1.19,2.01,6.25,3.83,22.99,85.52,0.72,145.76
Tweed Offshore,2487,1762000200,,-28.21273,153.68022,1.24,2.38,6.06,4.23,22.95,81.56,0.71,142.77
Tweed Offshore,2487,1762002000,,-28.21275,153.68024,1.18,1.99,6.45,3.9,22.9,91.76,0.74,142.33
Tweed Offshore,2487,1762003800,,-28.21273,153.68029,1.19,2.33,6.06,3.72,22.86,88.6,0.75,139.43
Tweed Offshore,2487,1762005600,,-28.21275,153.68018,1.18,2.04,6.25,3.84,22.77,103.02,0.71,141.8
Tweed Offshore,2487,1762007400,,-28.21272,153.68024,1.23,2.2,6.06,4.14,22.77,96.07,0.69,137.76
Tweed Offshore,2487,1762009200,,-28.21272,153.68024,1.14,1.75,5.88,4.07,22.72,93.17,0.64,139.78
Tweed Offshore,2487,1762011000,,-28.2127,153.6802,1.23,2.24,5.88,4.19,22.68,94.05,0.65,139.52
Tweed Offshore,2487,1762012800,,-28.21269,153.68018,1.24,2.02,6.06,4.2,22.68,99.59,0.67,137.49
Tweed Offshore,2487,1762014600,,-28.2127,153.68014,1.22,2.04,5.71,4.19,22.72,95.37,0.58,139.78
Tweed Offshore,2487,1762016400,,-28.21272,153.68016,1.28,2.13,6.25,4.35,22.77,100.47,0.58,140.84
Tweed Offshore,2487,1762018200,,-28.2127,153.68018,1.31,2.42,6.25,4.6,22.72,101.78,0.58,139.43
Tweed Offshore,2487,1762020000,,-28.2127,153.68016,1.33,2.44,6.67,4.69,22.72,105.3,0.58,141.98
Tweed Offshore,2487,1762021800,,-28.2127,153.68016,1.32,1.91,6.25,4.62,22.72,94.4,0.6,144.0
Tweed Offshore,2487,1762023600,,-28.21272,153.68018,1.26,2.13,6.9,4.61,22.68,104.51,0.56,148.84
Tweed Offshore,2487,1762025400,,-28.2127,153.68018,1.35,2.14,6.25,4.77,22.68,87.37,0.57,147.34
Tweed Offshore,2487,1762027200,,-28.2127,153.68014,1.28,2.1,7.14,4.71,22.68,106.53,0.55,150.07
Tweed Offshore,2487,1762029000,,-28.2127,153.68016,1.19,2.18,6.25,4.67,22.68,86.31,0.58,153.58
Tweed Offshore,2487,1762030800,,-28.2127,153.68016,1.21,2.06,6.25,4.84,22.72,85.08,0.57,155.69
Tweed Offshore,2487,1762032600,,-28.2127,153.68024,1.3,2.24,5.71,5.03,22.77,56.33,0.59,155.87
Tweed Offshore,2487,1762034400,,-28.2127,153.6802,1.24,2.14,6.25,4.97,22.81,80.69,0.61,159.12
Tweed Offshore,2487,1762036200,,-28.21272,153.6802,1.2,1.94,12.5,4.73,22.9,143.63,0.61,165.36
Tweed Offshore,2487,1762038000,,-28.21269,153.6802,1.15,1.91,7.41,4.72,22.95,116.03,0.59,161.85
Tweed Offshore,2487,1762039800,,-28.2127,153.68022,1.17,1.87,6.25,4.75,22.99,85.26,0.64,163.69
Tweed Offshore,2487,1762041600,,-28.2127,153.68024,1.15,2.03,7.14,4.92,23.13,108.38,0.63,166.15
Tweed Offshore,2487,1762043400,,-28.21272,153.6802,1.23,2.24,6.9,5.09,23.17,101.08,0.71,166.77
Tweed Offshore,2487,1762045200,,-28.21272,153.68022,1.19,1.83,7.41,4.97,23.31,118.05,0.7,169.58
Tweed Offshore,2487,1762047000,,-28.21272,153.68018,1.19,2.34,6.9,4.62,23.35,98.88,0.73,167.65
Tweed Offshore,2487,1762048800,,-28.21275,153.68016,1.14,1.97,11.76,4.2,23.44,165.26,0.75,166.95
Tweed Offshore,2487,1762050600,,-28.21273,153.68018,1.2,1.95,8.0,4.09,23.49,114.09,0.79,168.79
Tweed Offshore,2487,1762052400,,-28.21275,153.68014,1.18,1.96,6.9,3.93,23.58,100.82,0.78,170.46
Tweed Offshore,2487,1762054200,,-28.21276,153.68016,1.12,1.74,8.0,3.64,23.54,115.59,0.81,172.48
Tweed Offshore,2487,1762056000,,-28.21276,153.68011,1.13,1.77,6.9,3.68,23.58,97.56,0.85,170.73
Tweed Offshore,2487,1762057800,,-28.21276,153.68014,1.21,2.01,6.67,3.59,23.54,98.18,0.89,169.41
Tweed Offshore,2487,1762059600,,-28.21276,153.68007,1.17,2.63,6.67,3.63,23.58,92.2,0.92,171.87
Tweed Offshore,2487,1762061400,,-28.2128,153.68009,1.15,2.09,6.67,3.75,23.58,88.25,0.93,165.01
Tweed Offshore,2487,1762063200,,-28.21279,153.68014,1.15,2.24,6.67,3.83,23.58,89.3,0.91,165.27
Tweed Offshore,2487,1762065000,,-28.21276,153.68009,1.2,1.88,6.25,4.0,23.54,82.18,0.95,164.75
Tweed Offshore,2487,1762066800,,-28.21276,153.68014,1.19,2.3,11.76,3.98,23.58,147.76,0.93,162.99
Tweed Offshore,2487,1762068600,,-28.21276,153.68014,1.16,1.74,6.67,3.86,23.54,78.84,0.91,162.64
Tweed Offshore,2487,1762070400,,-28.21276,153.68014,1.15,2.0,6.45,3.86,23.54,78.75,0.94,162.02
Tweed Offshore,2487,1762072200,,-28.21276,153.68016,1.17,1.82,6.45,3.84,23.49,77.78,0.94,163.34
Tweed Offshore,2487,1762074000,,-28.21276,153.68022,1.18,2.37,6.25,3.87,23.49,71.28,0.99,158.95
Tweed Offshore,2487,1762075800,,-28.21279,153.68022,1.23,2.15,7.14,3.92,23.49,88.16,0.95,161.49
Tweed Offshore,2487,1762077600,,-28.21279,153.6802,1.26,2.32,6.67,4.06,23.44,81.04,0.88,159.74
Tweed Offshore,2487,1762079400,,-28.21279,153.6802,1.25,2.17,7.41,4.16,23.44,86.75,0.9,157.19
Tweed Offshore,2487,1762081200,,-28.21276,153.68022,1.25,1.99,6.9,4.25,23.44,72.77,0.93,153.32
Tweed Offshore,2487,1762083000,,-28.21275,153.68022,1.36,2.07,6.67,4.37,23.4,82.36,0.94,152.0
Tweed Offshore,2487,1762084800,,-28.21276,153.68024,1.3,2.17,6.06,4.38,23.44,62.05,0.93,149.71
Tweed Offshore,2487,1762086600,,-28.21279,153.68024,1.38,1.99,6.06,4.12,23.44,63.54,0.95,150.07
Tweed Offshore,2487,1762088400,,-28.21279,153.68022,1.42,2.18,6.67,4.09,23.44,79.02,0.94,148.92
Tweed Offshore,2487,1762090200,,-28.2128,153.68014,1.41,2.39,7.14,3.89,23.44,74.0,0.97,152.97
Tweed Offshore,2487,1762092000,,-28.21279,153.68016,1.6,2.67,6.06,4.01,23.44,53.61,0.93,149.8
Tweed Offshore,2487,1762093800,,-28.2128,153.68009,1.49,2.5,6.25,3.98,23.35,72.07,0.91,153.49
Tweed Offshore,2487,1762095600,,-28.2128,153.68016,1.52,2.5,6.25,3.96,23.31,64.33,0.92,144.88
Tweed Offshore,2487,1762097400,,-28.21279,153.68011,1.46,2.34,5.56,3.97,23.26,49.48,0.94,149.45
Tweed Offshore,2487,1762099200,,-28.21279,153.68007,1.48,2.16,6.67,4.04,23.22,69.87,0.86,150.33
Tweed Offshore,2487,1762101000,,-28.21279,153.68009,1.43,2.23,6.06,3.95,23.13,60.99,0.92,147.87
Tweed Offshore,2487,1762102800,,-28.21279,153.68009,1.53,2.56,5.56,4.04,23.13,49.3,0.92,142.07
Tweed Offshore,2487,1762104600,,-28.21276,153.68009,1.56,2.64,6.45,4.11,23.13,60.73,0.88,140.22
Tweed Offshore,2487,1762106400,,-28.21279,153.68007,1.48,2.87,6.45,3.96,23.08,53.78,0.88,144.44
Tweed Offshore,2487,1762108200,,-28.21279,153.68003,1.51,2.56,5.88,4.03,22.99,37.26,0.82,145.67
Tweed Offshore,2487,1762110000,,-28.21279,153.68003,1.42,3.3,6.25,3.91,22.86,48.16,0.83,150.77
Tweed Offshore,2487,1762111800,,-28.21279,153.68001,1.43,2.41,6.25,3.89,22.86,50.0,0.87,154.46
Tweed Offshore,2487,1762113600,,-28.21279,153.68011,1.4,2.08,6.06,3.87,22.9,51.41,0.86,154.64
Tweed Offshore,2487,1762115400,,-28.21279,153.68016,1.48,2.32,6.25,3.86,22.95,52.99,0.84,154.02
Tweed Offshore,2487,1762117200,,-28.21279,153.68016,1.45,2.71,5.88,3.74,22.99,44.73,0.83,150.07
Tweed Offshore,2487,1762119000,,-28.21276,153.68016,1.43,2.2,6.25,3.77,23.04,46.93,0.85,154.37
Tweed Offshore,2487,1762120800,,-28.21275,153.6802,1.42,2.34,6.45,3.8,23.13,64.86,0.86,152.18
Tweed Offshore,2487,1762122600,,-28.21275,153.68018,1.47,2.39,5.71,3.77,23.13,38.93,0.85,152.35
Tweed Offshore,2487,1762124400,,-28.21275,153.68024,1.43,2.36,6.25,3.79,23.17,58.27,0.85,149.8
Tweed Offshore,2487,1762126200,,-28.21275,153.68024,1.38,2.37,6.25,3.8,23.22,46.05,0.84,148.84
Tweed Offshore,2487,1762128000,,-28.21275,153.68024,1.41,2.39,6.06,3.88,23.26,56.77,0.88,147.96
Tweed Offshore,2487,1762129800,,-28.21276,153.68024,1.34,2.18,5.56,3.71,23.35,53.78,0.87,147.43
Tweed Offshore,2487,1762131600,,-28.21275,153.68024,1.4,2.22,6.06,3.78,23.54,52.64,0.91,147.52
Tweed Offshore,2487,1762133400,,-28.21275,153.68022,1.4,2.67,5.88,3.82,23.63,47.98,0.88,150.86
Tweed Offshore,2487,1762135200,,-28.21276,153.68018,1.35,2.81,6.67,3.81,23.67,69.87,0.83,153.05
Tweed Offshore,2487,1762137000,,-28.21276,153.68016,1.42,2.52,5.13,3.83,23.72,38.14,0.85,146.64
Tweed Offshore,2487,1762138800,,-28.21276,153.68014,1.43,2.25,6.25,3.86,23.72,42.36,0.86,151.91
Tweed Offshore,2487,1762140600,,-28.21275,153.68009,1.3,2.02,6.45,3.72,23.76,60.91,0.83,152.7
Tweed Offshore,2487,1762142400,,-28.21279,153.68007,1.4,2.09,5.71,3.85,23.76,45.26,0.79,157.27
Tweed Offshore,2487,1762144200,,-28.21276,153.68007,1.42,2.92,6.25,3.83,23.72,48.69,0.81,152.88
Tweed Offshore,2487,1762146000,,-28.21279,153.68001,1.42,2.21,5.71,3.87,23.67,47.98,0.82,154.99
Tweed Offshore,2487,1762147800,,-28.21279,153.68003,1.46,2.46,6.45,3.99,23.67,60.82,0.84,155.96
Tweed Offshore,2487,1762149600,,-28.21279,153.68001,1.42,2.32,6.06,3.81,23.63,43.23,0.85,156.04
Tweed Offshore,2487,1762151400,,-28.21275,153.68009,1.52,2.48,6.06,3.91,23.63,47.37,0.86,155.25
Tweed Offshore,2487,1762153200,,-28.21276,153.68009,1.71,2.81,6.06,4.03,23.58,43.59,0.87,155.43
Tweed Offshore,2487,1762155000,,-28.21279,153.68009,1.63,2.47,6.06,4.06,23.54,37.7,0.86,158.15
Tweed Offshore,2487,1762156800,,-28.21276,153.68009,1.59,2.83,6.06,4.03,23.58,43.15,0.87,156.84
Tweed Offshore,2487,1762158600,,-28.21276,153.68011,1.64,2.93,6.06,4.01,23.63,28.64,0.84,155.16
Tweed Offshore,2487,1762160400,,-28.21276,153.68016,1.74,2.78,6.25,4.08,23.58,46.05,0.89,156.13
Tweed Offshore,2487,1762162200,,-28.21279,153.68016,1.66,2.76,5.88,4.0,23.58,21.26,0.89,154.11
Tweed Offshore,2487,1762164000,,-28.21279,153.68016,1.86,2.87,6.25,4.13,23.58,29.34,0.88,154.29
Tweed Offshore,2487,1762165800,,-28.2128,153.68014,1.72,2.8,5.88,4.15,23.44,27.15,0.85,157.19
Tweed Offshore,2487,1762167600,,-28.21279,153.68009,1.98,3.42,6.25,4.46,23.44,34.18,0.85,155.87
Tweed Offshore,2487,1762169400,,-28.21276,153.68016,1.8,2.74,6.67,4.14,23.44,37.87,0.94,150.77
Tweed Offshore,2487,1762171200,,-28.21279,153.68018,1.88,2.86,6.45,4.1,23.44,34.71,0.91,151.74
Tweed Offshore,2487,1762173000,,-28.2128,153.68016,1.88,2.88,6.45,4.26,23.4,36.03,0.86,152.09
Tweed Offshore,2487,1762174800,,-28.21282,153.68014,2.01,3.37,6.67,4.4,23.35,36.73,0.91,151.56
Tweed Offshore,2487,1762176600,,-28.21282,153.68009,1.98,2.89,6.45,4.28,23.31,39.02,0.84,153.76
Tweed Offshore,2487,1762178400,,-28.2128,153.68009,1.92,3.33,6.45,4.34,23.35,34.36,0.84,151.65
Tweed Offshore,2487,1762180200,,-28.21279,153.68016,1.86,3.82,6.45,4.37,23.26,35.5,0.87,150.42
Tweed Offshore,2487,1762182000,,-28.21276,153.68018,1.79,2.84,6.25,4.38,23.22,26.09,0.85,147.08
Tweed Offshore,2487,1762183800,,-28.21276,153.68014,1.84,3.05,6.06,4.35,23.22,25.04,0.87,151.38
Tweed Offshore,2487,1762185600,,-28.21276,153.68016,1.7,3.26,6.45,4.33,23.26,36.64,0.89,147.96
Tweed Offshore,2487,1762187400,,-28.21276,153.68011,1.67,2.6,6.06,4.25,23.31,27.06,0.81,147.78
Tweed Offshore,2487,1762189200,,-28.21279,153.68009,1.52,2.26,6.25,4.15,23.31,29.34,0.83,151.65
Tweed Offshore,2487,1762191000,,-28.21276,153.68011,1.43,2.45,5.71,4.13,23.35,39.02,0.79,145.93
Tweed Offshore,2487,1762192800,,-28.21276,153.68014,1.36,2.21,6.67,4.19,23.35,51.85,0.85,147.43
Tweed Offshore,2487,1762194600,,-28.21276,153.68016,1.37,2.29,6.45,4.33,23.44,39.98,0.83,142.68
Tweed Offshore,2487,1762196400,,-28.21276,153.6802,1.29,2.14,5.88,4.23,23.49,31.63,0.77,146.81
Tweed Offshore,2487,1762198200,,-28.21276,153.68016,1.18,2.13,6.45,4.17,23.49,39.02,0.8,146.64
Tweed Offshore,2487,1762200000,,-28.21273,153.68031,1.22,2.14,6.25,4.39,23.44,35.76,0.69,139.87
Tweed Offshore,2487,1762201800,,-28.21273,153.68026,1.13,2.03,6.25,4.5,23.31,41.21,0.79,138.99
Tweed Offshore,2487,1762203600,,-28.21273,153.68024,1.14,2.09,6.06,4.65,23.22,50.97,0.69,143.74
Tweed Offshore,2487,1762205400,,-28.21273,153.68024,1.02,1.66,5.88,4.45,23.13,49.13,0.78,138.46
Tweed Offshore,2487,1762207200,,-28.21272,153.68029,1.12,2.14,8.33,4.72,23.04,97.21,0.72,142.68
Tweed Offshore,2487,1762209000,,-28.2127,153.68039,1.06,1.68,8.7,4.63,23.26,79.19,0.85,143.47
Tweed Offshore,2487,1762210800,,-28.21272,153.68033,0.94,1.59,6.45,4.61,23.31,49.21,0.74,149.45
Tweed Offshore,2487,1762212600,,-28.21273,153.68033,0.96,1.54,8.7,4.65,23.35,99.59,0.76,149.8
Tweed Offshore,2487,1762214400,,-28.21272,153.68031,0.96,1.5,6.67,4.2,23.31,63.37,0.73,145.49
Tweed Offshore,2487,1762216200,,-28.21272,153.68031,0.94,1.61,6.06,4.23,23.31,47.19,0.69,147.34
Tweed Offshore,2487,1762218000,,-28.21272,153.68031,0.91,1.48,6.67,4.49,23.31,68.38,0.64,156.84
Tweed Offshore,2487,1762219800,,-28.2127,153.68031,0.92,1.58,6.06,4.72,23.31,55.63,0.6,159.03
Tweed Offshore,2487,1762221600,,-28.2127,153.68024,0.85,1.29,6.45,4.58,23.44,53.08,0.63,164.04
Tweed Offshore,2487,1762223400,,-28.21272,153.68022,0.81,1.25,7.14,3.93,23.58,68.64,0.63,164.66
Tweed Offshore,2487,1762225200,,-28.21273,153.68014,0.8,1.49,6.25,3.75,23.58,74.0,0.52,168.7
Tweed Offshore,2487,1762227000,,-28.21275,153.68009,0.86,1.44,7.41,3.8,23.63,76.29,0.66,168.26
Tweed Offshore,2487,1762228800,,-28.21275,153.68003,0.93,1.44,6.67,3.66,23.67,77.26,0.67,167.03
Tweed Offshore,2487,1762230600,,-28.21273,153.67996,0.87,1.57,6.25,3.27,23.67,71.98,0.66,178.46
Tweed Offshore,2487,1762232400,,-28.21273,153.67994,0.9,1.56,7.69,3.22,23.72,92.55,0.67,181.89
Tweed Offshore,2487,1762234200,,-28.21273,153.67992,0.91,1.79,6.45,3.08,23.76,77.08,0.67,181.01
Tweed Offshore,2487,1762236000,,-28.21275,153.6799,0.92,1.51,6.9,3.0,23.72,81.56,0.65,180.04
Tweed Offshore,2487,1762237800,,-28.21273,153.67988,0.95,1.6,6.67,3.08,23.67,68.2,0.66,183.65
Tweed Offshore,2487,1762239600,,-28.21275,153.67979,0.91,1.51,6.06,3.03,23.72,71.89,0.71,182.68
Tweed Offshore,2487,1762241400,,-28.21275,153.67977,0.97,1.65,8.0,3.19,23.67,100.2,0.72,184.0
Tweed Offshore,2487,1762243200,,-28.21275,153.67981,0.91,1.56,6.06,3.17,23.67,56.25,0.7,183.47
Tweed Offshore,2487,1762245000,,-28.21275,153.67981,0.98,1.57,6.45,3.2,23.67,69.43,0.71,180.84
Tweed Offshore,2487,1762246800,,-28.21276,153.67986,1.02,1.69,5.88,3.16,23.67,56.6,0.72,176.26
Tweed Offshore,2487,1762248600,,-28.21279,153.67983,1.06,1.6,5.56,3.2,23.58,47.72,0.79,172.84
Tweed Offshore,2487,1762250400,,-28.21276,153.67988,1.02,1.93,5.71,3.24,23.49,57.13,0.68,168.09
Tweed Offshore,2487,1762252200,,-28.21279,153.67994,0.95,1.54,8.33,3.23,23.49,97.92,0.72,162.99
Tweed Offshore,2487,1762254000,,-28.21275,153.67994,0.92,1.59,8.33,3.32,23.44,96.6,0.69,160.79
Tweed Offshore,2487,1762255800,,-28.21276,153.67992,0.88,1.57,5.88,3.3,23.44,63.28,0.63,158.07
Tweed Offshore,2487,1762257600,,-28.21275,153.67986,0.89,1.65,5.71,3.47,23.44,60.29,0.6,152.88
Tweed Offshore,2487,1762259400,,-28.21275,153.67988,0.86,1.6,7.41,3.47,23.4,108.11,0.56,150.24
Tweed Offshore,2487,1762261200,,-28.21275,153.67986,0.82,1.42,8.0,3.64,23.4,111.45,0.53,149.8
Tweed Offshore,2487,1762263000,,-28.21273,153.67994,0.78,1.29,8.33,3.84,23.4,110.05,0.53,146.73
Tweed Offshore,2487,1762264800,,-28.21269,153.67994,0.79,1.28,8.0,4.01,23.35,107.32,0.48,133.45
Tweed Offshore,2487,1762264800,,-28.2127,153.67994,0.79,1.28,8.0,4.01,23.35,107.32,0.48,133.45
Tweed Offshore,2487,1762266600,,-28.21267,153.67992,0.71,1.34,8.0,3.76,23.35,107.5,0.41,126.42
Tweed Offshore,2487,1762268400,,-28.21265,153.67986,0.69,1.15,7.41,3.66,23.31,101.34,0.44,125.8
Tweed Offshore,2487,1762270200,,-28.21263,153.67986,0.68,1.16,8.7,3.82,23.31,106.97,0.36,115.87
Tweed Offshore,2487,1762272000,,-28.21263,153.67981,0.71,1.2,8.7,3.94,23.31,108.2,0.36,119.03
Tweed Offshore,2487,1762273800,,-28.21263,153.67986,0.68,1.18,9.09,3.88,23.26,101.61,0.3,121.49
Tweed Offshore,2487,1762275600,,-28.21265,153.67986,0.65,1.03,9.09,3.89,23.22,97.74,0.32,122.11
Tweed Offshore,2487,1762277400,,-28.21263,153.67986,0.64,1.08,8.7,3.88,23.17,109.96,0.26,136.88
Tweed Offshore,2487,1762279200,,-28.21265,153.67992,0.66,1.04,8.33,3.99,23.13,102.31,0.28,126.33
Tweed Offshore,2487,1762281000,,-28.21265,153.67994,0.68,1.32,8.33,4.12,23.08,101.08,0.29,124.22
Tweed Offshore,2487,1762282800,,-28.21265,153.67994,0.62,1.02,8.0,3.83,22.99,105.04,0.32,121.23
Tweed Offshore,2487,1762284600,,-28.21263,153.68003,0.63,1.18,8.7,3.99,22.95,100.38,0.28,135.21
Tweed Offshore,2487,1762286400,,-28.21261,153.68011,0.62,1.25,9.09,3.98,22.9,101.08,0.22,133.01
Tweed Offshore,2487,1762288200,,-28.21261,153.68018,0.62,1.23,8.7,4.23,22.86,91.32,0.26,135.21
Tweed Offshore,2487,1762290000,,-28.21258,153.68024,0.66,1.2,8.33,4.59,22.86,101.34,0.24,160.88
Tweed Offshore,2487,1762291800,,-28.21255,153.68033,0.64,1.12,9.52,4.65,22.86,88.95,0.22,156.04
Tweed Offshore,2487,1762293600,,-28.21254,153.68042,0.62,1.15,8.0,5.09,22.9,107.67,0.25,171.69
Tweed Offshore,2487,1762295400,,-28.21252,153.6805,0.69,1.08,8.33,5.04,22.9,94.93,0.27,161.05
Tweed Offshore,2487,1762297200,,-28.21246,153.68057,0.67,1.08,8.7,4.65,22.95,94.05,0.23,168.62
Tweed Offshore,2487,1762299000,,-28.21246,153.68061,0.61,1.11,8.33,4.1,22.95,86.93,0.24,172.84
Tweed Offshore,2487,1762300800,,-28.21245,153.68065,0.71,1.16,8.33,4.21,22.9,96.95,0.26,173.01
Tweed Offshore,2487,1762302600,,-28.21249,153.68063,0.74,1.27,8.33,4.13,22.95,89.65,0.26,171.08
Tweed Offshore,2487,1762304400,,-28.21249,153.68061,0.76,1.24,8.33,4.03,22.99,101.7,0.27,176.88
Tweed Offshore,2487,1762306200,,-28.21254,153.68048,0.78,1.42,9.09,4.06,22.95,88.95,0.29,166.42
Tweed Offshore,2487,1762308000,,-28.21257,153.68046,0.78,1.25,8.7,4.22,22.99,87.37,0.31,172.84
Tweed Offshore,2487,1762309800,,-28.2126,153.68039,0.87,1.38,9.09,4.32,22.99,80.6,0.36,165.27
Tweed Offshore,2487,1762311600,,-28.21261,153.68031,0.76,1.13,8.7,4.07,22.99,90.36,0.35,169.05
Tweed Offshore,2487,1762313400,,-28.21263,153.68029,0.82,1.47,8.33,4.22,23.08,93.08,0.33,157.36
Tweed Offshore,2487,1762315200,,-28.21263,153.68024,0.9,1.54,8.7,4.39,23.13,93.43,0.4,168.0
Tweed Offshore,2487,1762317000,,-28.21267,153.68016,0.86,1.34,8.0,4.26,23.13,102.4,0.37,169.14
Tweed Offshore,2487,1762318800,,-28.21269,153.68009,0.93,1.44,8.7,4.23,23.13,93.87,0.38,163.6
Tweed Offshore,2487,1762320600,,-28.21269,153.68005,0.94,1.59,8.33,4.25,23.13,94.31,0.36,170.99
Tweed Offshore,2487,1762322400,,-28.21269,153.67994,0.87,1.37,8.7,4.14,23.13,93.17,0.38,169.41
Tweed Offshore,2487,1762324200,,-28.21272,153.67992,0.83,1.55,8.33,4.13,23.13,91.85,0.39,168.7
Tweed Offshore,2487,1762326000,,-28.21272,153.67996,0.82,1.35,8.7,4.18,23.13,86.84,0.42,171.34
Tweed Offshore,2487,1762327800,,-28.21273,153.67986,0.85,1.68,9.09,4.16,23.13,84.91,0.38,171.34
Tweed Offshore,2487,1762329600,,-28.2127,153.67986,0.83,1.58,8.33,4.14,22.95,102.84,0.33,171.08
Tweed Offshore,2487,1762331400,,-28.21269,153.67988,0.88,1.61,8.0,4.35,22.95,115.32,0.32,161.14
Tweed Offshore,2487,1762333200,,-28.21269,153.67994,0.91,1.57,8.7,4.58,22.95,82.53,0.37,158.86
Tweed Offshore,2487,1762335000,,-28.21269,153.68001,0.84,1.52,7.14,4.44,22.9,150.31,0.36,159.47
Tweed Offshore,2487,1762336800,,-28.21267,153.68009,0.97,1.6,7.41,4.84,22.86,134.93,0.35,155.25
Tweed Offshore,2487,1762338600,,-28.21263,153.68001,1.03,1.96,7.69,5.12,22.81,136.33,0.37,170.9
Tweed Offshore,2487,1762340400,,-28.21261,153.68016,1.04,1.54,7.41,5.06,22.77,148.73,0.32,153.49
Tweed Offshore,2487,1762342200,,-28.21261,153.68016,1.07,2.14,7.14,5.32,22.77,149.34,0.31,155.6
Tweed Offshore,2487,1762344000,,-28.21265,153.68007,1.02,1.47,9.09,5.23,22.68,109.08,0.28,161.23
Tweed Offshore,2487,1762345800,,-28.21263,153.68007,1.04,1.77,6.9,5.29,22.63,148.11,0.31,146.99
Tweed Offshore,2487,1762347600,,-28.21265,153.67999,1.04,1.73,7.41,5.34,22.68,145.04,0.26,149.36
Tweed Offshore,2487,1762349400,,-28.21265,153.67999,1.09,1.9,7.14,5.16,22.68,144.51,0.2,140.75
Tweed Offshore,2487,1762351200,,-28.21261,153.68001,1.01,1.6,6.9,4.86,22.68,142.31,0.2,133.71
Tweed Offshore,2487,1762353000,,-28.21263,153.67996,1.03,1.64,8.7,4.85,22.68,116.2,0.23,129.05
Tweed Offshore,2487,1762354800,,-28.21263,153.67996,0.97,1.66,8.7,4.75,22.68,109.61,0.27,122.55
Tweed Offshore,2487,1762356600,,-28.21261,153.6799,0.99,1.66,9.52,5.02,22.72,117.26,0.24,129.32
Tweed Offshore,2487,1762358400,,-28.21261,153.67986,0.96,1.45,9.52,4.84,22.68,130.09,0.23,120.79
Tweed Offshore,2487,1762360200,,-28.21261,153.6799,1.0,2.17,8.7,4.93,22.68,107.67,0.24,121.32
Tweed Offshore,2487,1762362000,,-28.21261,153.67992,0.99,1.8,8.33,5.08,22.68,106.71,0.19,113.58
Tweed Offshore,2487,1762363800,,-28.21261,153.67994,1.01,1.79,8.7,5.13,22.63,120.33,0.19,117.54
Tweed Offshore,2487,1762365600,,-28.21263,153.67994,0.97,1.93,9.52,5.0,22.63,116.55,0.14,118.68
Tweed Offshore,2487,1762367400,,-28.21263,153.68001,0.88,1.6,8.7,4.9,22.63,127.45,0.18,149.8
Tweed Offshore,2487,1762369200,,-28.2126,153.68005,0.91,1.34,8.7,4.92,22.54,125.08,0.2,182.24
Tweed Offshore,2487,1762371000,,-28.21261,153.68009,0.92,1.82,8.0,4.85,22.54,107.94,0.25,182.07
Tweed Offshore,2487,1762372800,,-28.21263,153.68014,0.94,1.49,8.7,5.07,22.54,151.81,0.29,176.26
Tweed Offshore,2487,1762374600,,-28.21265,153.68011,0.9,1.88,7.69,4.95,22.54,131.5,0.32,168.0
Tweed Offshore,2487,1762376400,,-28.21261,153.68018,0.96,1.8,8.7,5.47,22.5,127.89,0.38,179.96
Tweed Offshore,2487,1762378200,,-28.21276,153.68001,1.32,2.05,9.09,6.44,23.22,132.73,0.97,181.45
Tweed Offshore,2487,1762380000,,-28.21279,153.67999,1.2,2.25,8.7,6.2,23.35,135.54,0.97,176.0
Tweed Offshore,2487,1762381800,,-28.2128,153.68007,1.22,2.1,8.33,6.06,23.44,145.83,0.95,173.1
Tweed Offshore,2487,1762383600,,-28.21276,153.68011,1.13,1.98,8.7,6.01,23.49,135.02,0.86,170.99
Tweed Offshore,2487,1762385400,,-28.21275,153.68011,1.34,2.1,8.33,6.2,23.49,138.27,0.7,170.99
Tweed Offshore,2487,1762387200,,-28.21275,153.6802,1.21,1.99,8.33,6.03,23.49,140.64,0.72,170.46
Tweed Offshore,2487,1762389000,,-28.21273,153.68022,1.27,1.91,8.33,6.03,23.63,158.84,0.83,162.29
Tweed Offshore,2487,1762390800,,-28.21273,153.68022,1.24,2.13,8.0,5.87,23.72,153.39,0.78,166.77
Tweed Offshore,2487,1762392600,,-28.21275,153.68024,1.12,2.02,8.33,5.59,23.63,147.94,0.8,161.14
Tweed Offshore,2487,1762394400,,-28.21273,153.68026,1.15,1.76,7.69,5.63,23.63,158.75,0.74,159.21
Tweed Offshore,2487,1762396200,,-28.21273,153.68026,1.13,1.66,8.33,5.38,23.72,144.51,0.71,159.56
Tweed Offshore,2487,1762398000,,-28.21275,153.6802,1.19,2.42,8.33,5.4,23.76,157.34,0.71,168.88
Tweed Offshore,2487,1762399800,,-28.21275,153.68026,1.23,1.95,8.0,5.41,23.76,150.49,0.69,166.95
Tweed Offshore,2487,1762401600,,-28.21276,153.68016,1.23,1.77,8.0,5.1,23.58,153.74,0.82,175.38
Tweed Offshore,2487,1762403400,,-28.21276,153.68022,1.2,2.18,7.69,5.14,23.72,154.97,0.76,168.88
Tweed Offshore,2487,1762405200,,-28.21276,153.68018,1.2,1.92,7.41,5.08,23.72,153.74,0.74,170.81
Tweed Offshore,2487,1762407000,,-28.21276,153.6802,1.2,1.9,7.14,5.07,23.63,157.17,0.78,164.22
Tweed Offshore,2487,1762408800,,-28.21275,153.68018,1.28,2.01,7.69,5.16,23.58,141.34,0.77,164.13
Tweed Offshore,2487,1762410600,,-28.21273,153.68016,1.25,1.98,8.0,5.12,23.49,147.67,0.74,161.49
Tweed Offshore,2487,1762412400,,-28.21275,153.68018,1.26,2.1,7.41,5.05,23.54,150.31,0.7,157.89
Tweed Offshore,2487,1762414200,,-28.21275,153.68014,1.22,1.83,8.0,5.02,23.49,140.82,0.64,158.68
Tweed Offshore,2487,1762416000,,-28.21273,153.68011,1.22,2.07,7.41,4.86,23.63,150.31,0.74,161.14
Tweed Offshore,2487,1762417800,,-28.21273,153.68011,1.14,1.76,8.0,4.77,23.67,139.15,0.71,156.22
Tweed Offshore,2487,1762419600,,-28.21273,153.68007,1.2,1.92,7.41,4.92,23.67,148.38,0.69,155.96
Tweed Offshore,2487,1762421400,,-28.21273,153.67999,1.18,1.87,7.14,5.13,23.63,141.87,0.76,176.44
Tweed Offshore,2487,1762423200,,-28.21276,153.67999,1.19,2.1,6.9,5.12,23.72,156.64,0.77,174.77
Tweed Offshore,2487,1762425000,,-28.21279,153.67994,1.18,1.88,7.69,5.14,23.72,143.37,0.84,177.05
Tweed Offshore,2487,1762426800,,-28.21279,153.67996,1.15,1.89,7.69,5.21,23.72,149.43,0.86,170.99
Tweed Offshore,2487,1762428600,,-28.21279,153.67999,1.2,2.32,7.69,5.37,23.67,145.83,0.94,169.41
Tweed Offshore,2487,1762430400,,-28.21279,153.68005,1.2,2.01,7.14,5.32,23.63,145.56,0.96,162.11
Tweed Offshore,2487,1762432200,,-28.21279,153.68001,1.15,1.87,7.69,5.3,23.58,142.22,0.91,162.11
Tweed Offshore,2487,1762434000,,-28.21279,153.67999,1.18,1.58,7.14,5.27,23.49,151.19,0.84,159.12
Tweed Offshore,2487,1762435800,,-28.21276,153.67994,1.18,1.75,7.14,5.39,23.44,147.67,0.79,157.98
Tweed Offshore,2487,1762437600,,-28.21276,153.67988,1.2,1.97,7.41,5.27,23.31,148.99,0.7,157.63
Tweed Offshore,2487,1762437600,,-28.21276,153.6799,1.2,1.97,7.41,5.27,23.31,148.99,0.7,157.63
Tweed Offshore,2487,1762439400,,-28.21275,153.6799,1.06,2.15,7.69,5.02,23.22,129.74,0.67,157.1
Tweed Offshore,2487,1762441200,,-28.21273,153.67986,1.08,1.71,7.14,5.05,23.13,150.14,0.64,155.08
Tweed Offshore,2487,1762443000,,-28.21275,153.67979,1.09,1.75,6.67,5.09,23.08,152.33,0.57,156.66
Tweed Offshore,2487,1762444800,,-28.21273,153.67977,1.08,1.7,11.76,5.04,23.04,167.28,0.53,170.55
Tweed Offshore,2487,1762446600,,-28.21273,153.67975,1.09,1.71,6.9,4.93,23.04,156.91,0.51,176.7
Tweed Offshore,2487,1762448400,,-28.21273,153.67973,0.99,1.78,11.11,4.79,22.99,161.48,0.52,174.77
Tweed Offshore,2487,1762450200,,-28.21273,153.67975,0.97,1.54,5.88,4.89,22.99,146.62,0.54,180.4
Tweed Offshore,2487,1762452000,,-28.21273,153.67979,0.99,1.61,10.53,4.81,22.95,163.23,0.54,172.13
Tweed Offshore,2487,1762453800,,-28.21273,153.67979,1.01,1.59,6.67,4.84,22.9,148.55,0.5,172.31
Tweed Offshore,2487,1762455600,,-28.21273,153.67983,0.97,1.95,11.11,4.84,22.81,164.38,0.51,168.7
Tweed Offshore,2487,1762457400,,-28.21272,153.67988,1.0,1.55,11.76,5.17,22.77,157.96,0.53,169.58
Tweed Offshore,2487,1762459200,,-28.2127,153.6799,1.0,1.48,10.0,5.41,22.77,141.87,0.62,190.86
Tweed Offshore,2487,1762461000,,-28.21272,153.67986,1.01,1.87,10.0,5.64,22.99,138.27,0.71,186.46
Tweed Offshore,2487,1762462800,,-28.21275,153.67999,1.12,1.76,10.0,5.95,22.95,148.47,0.8,179.52
Tweed Offshore,2487,1762464600,,-28.21273,153.67996,1.03,1.8,10.0,5.84,22.95,153.12,0.88,186.64
Tweed Offshore,2487,1762466400,,-28.21275,153.67996,1.04,1.39,10.53,5.96,23.13,149.7,0.91,181.27
Tweed Offshore,2487,1762468200,,-28.21276,153.68001,1.12,1.9,10.0,6.33,23.17,151.28,0.93,175.3
Tweed Offshore,2487,1762470000,,-28.21276,153.68009,1.12,1.83,10.0,6.27,23.13,150.58,1.03,174.24
Tweed Offshore,2487,1762471800,,-28.21276,153.68009,1.04,1.92,9.52,5.97,23.76,134.14,1.1,170.73
Tweed Offshore,2487,1762473600,,-28.21276,153.68018,1.15,1.74,10.0,6.25,24.08,162.88,1.1,168.35
Tweed Offshore,2487,1762475400,,-28.21276,153.6802,1.08,2.06,10.53,6.02,24.45,158.22,1.04,168.0
Tweed Offshore,2487,1762477200,,-28.21275,153.68026,1.12,1.7,10.0,6.16,24.45,150.4,1.03,166.51
Tweed Offshore,2487,1762479000,,-28.21276,153.68029,1.23,1.88,11.11,6.51,24.4,163.06,1.04,163.96
Tweed Offshore,2487,1762480800,,-28.21275,153.68033,1.19,1.86,8.7,6.24,24.17,141.61,1.03,162.2
Tweed Offshore,2487,1762482600,,-28.21273,153.68044,1.18,1.91,8.7,6.0,24.08,130.62,1.02,160.79
Tweed Offshore,2487,1762484400,,-28.21272,153.68046,1.1,1.86,8.7,5.96,24.08,133.34,1.05,157.63
Tweed Offshore,2487,1762486200,,-28.2127,153.68052,1.09,1.75,8.7,5.58,23.99,131.76,1.05,155.08
Tweed Offshore,2487,1762488000,,-28.21267,153.68057,1.12,1.85,8.33,5.38,23.99,153.56,1.01,149.45
Tweed Offshore,2487,1762489800,,-28.21269,153.68054,1.17,2.06,8.7,5.49,23.81,116.47,0.97,148.22
Tweed Offshore,2487,1762491600,,-28.21267,153.68054,1.17,2.07,8.7,5.07,23.54,113.92,0.91,146.02
Tweed Offshore,2487,1762493400,,-28.21267,153.68052,1.11,2.19,8.33,4.81,23.26,123.85,0.82,145.41
Tweed Offshore,2487,1762495200,,-28.21265,153.68054,1.04,1.78,8.7,4.62,23.13,121.83,0.83,140.84
Tweed Offshore,2487,1762497000,,-28.21257,153.68057,1.14,1.79,8.0,4.71,22.95,120.42,0.74,128.26
Tweed Offshore,2487,1762498800,,-28.2126,153.68054,1.15,2.0,8.7,4.86,22.95,131.59,0.74,130.02
Tweed Offshore,2487,1762500600,,-28.2126,153.68054,1.0,1.78,8.0,4.37,22.9,127.89,0.73,129.67
Tweed Offshore,2487,1762502400,,-28.2126,153.68048,1.11,1.62,8.7,4.59,22.72,121.04,0.69,128.18
Tweed Offshore,2487,1762504200,,-28.2126,153.68048,1.07,1.86,8.0,4.45,22.59,120.42,0.64,132.57
Tweed Offshore,2487,1762506000,,-28.21263,153.68042,1.11,2.01,10.0,4.57,22.45,151.28,0.59,133.8
Tweed Offshore,2487,1762507800,,-28.21265,153.68033,1.1,1.9,9.09,4.41,22.45,120.86,0.59,135.65
Tweed Offshore,2487,1762509600,,-28.21267,153.68029,1.02,2.17,10.53,4.26,22.41,152.69,0.45,130.64
Tweed Offshore,2487,1762511400,,-28.21267,153.68026,1.05,2.01,9.09,4.15,22.36,122.09,0.44,138.11
Tweed Offshore,2487,1762513200,,-28.21269,153.68024,1.01,1.88,9.52,4.0,22.23,138.62,0.4,132.66
Tweed Offshore,2487,1762515000,,-28.21269,153.68022,1.05,1.93,8.7,4.13,22.18,122.71,0.35,131.52
Tweed Offshore,2487,1762516800,,-28.21269,153.68016,1.0,1.91,9.09,4.08,22.1,123.59,0.33,134.15
Tweed Offshore,2487,1762518600,,-28.21269,153.68011,1.03,2.05,7.69,4.16,22.01,118.31,0.31,138.29
Tweed Offshore,2487,1762520400,,-28.21269,153.68016,1.14,2.22,8.33,4.31,21.92,116.29,0.33,141.45
Tweed Offshore,2487,1762522200,,-28.21269,153.68011,1.24,1.85,8.0,4.55,21.78,117.08,0.32,140.13
Tweed Offshore,2487,1762524000,,-28.21267,153.68011,1.17,2.08,8.33,4.33,21.78,124.73,0.31,134.59
Tweed Offshore,2487,1762524000,,-28.21269,153.68014,1.17,2.08,8.33,4.33,21.78,124.73,0.31,134.59
Tweed Offshore,2487,1762525800,,-28.21267,153.68014,1.14,1.84,7.69,4.36,21.83,122.18,0.31,142.51
Tweed Offshore,2487,1762527600,,-28.2127,153.68009,1.05,1.95,8.33,3.96,21.74,128.86,0.39,152.62
Tweed Offshore,2487,1762529400,,-28.2127,153.68005,1.08,2.42,8.33,4.04,21.61,121.83,0.34,156.57
Tweed Offshore,2487,1762531200,,-28.2127,153.67999,1.12,2.07,8.33,4.07,21.65,115.23,0.39,160.26
Tweed Offshore,2487,1762533000,,-28.21273,153.67994,1.02,1.94,8.7,3.7,21.65,118.93,0.41,160.62
Tweed Offshore,2487,1762534800,,-28.21273,153.67994,1.12,1.95,8.0,3.85,21.69,118.93,0.44,156.92
Tweed Offshore,2487,1762536600,,-28.21273,153.67994,1.07,2.0,8.0,3.62,21.69,108.47,0.51,154.02
Tweed Offshore,2487,1762538400,,-28.21273,153.67992,1.01,1.68,7.69,3.64,21.65,111.54,0.51,150.95
Tweed Offshore,2487,1762540200,,-28.21275,153.6799,0.95,1.9,8.33,3.57,21.56,116.11,0.54,166.07
Tweed Offshore,2487,1762542000,,-28.21273,153.6799,0.96,1.52,8.7,3.53,21.52,110.22,0.49,163.78
Tweed Offshore,2487,1762543800,,-28.21273,153.67992,0.86,1.72,8.33,3.43,21.52,110.93,0.53,159.91
Tweed Offshore,2487,1762545600,,-28.2127,153.68001,0.82,1.33,8.33,3.78,21.52,108.47,0.55,178.55
Tweed Offshore,2487,1762547400,,-28.2128,153.67981,0.85,1.48,7.69,4.49,22.95,100.47,1.07,182.68
Tweed Offshore,2487,1762549200,,-28.21282,153.67977,0.79,1.35,7.41,4.35,23.08,103.89,1.17,180.48
Tweed Offshore,2487,1762551000,,-28.21284,153.67979,0.79,1.4,8.33,4.51,23.26,100.2,1.18,181.36
Tweed Offshore,2487,1762552800,,-28.21285,153.67986,0.77,1.35,8.33,3.65,23.26,96.69,1.19,179.96
Tweed Offshore,2487,1762554600,,-28.21287,153.67996,0.74,1.26,9.09,3.06,23.31,118.14,1.24,170.64
Tweed Offshore,2487,1762556400,,-28.21288,153.68001,0.76,1.61,8.33,3.0,23.26,99.23,1.28,169.85
Tweed Offshore,2487,1762558200,,-28.2129,153.68005,0.83,1.41,8.0,3.18,23.26,102.93,1.32,167.3
Tweed Offshore,2487,1762560000,,-28.21294,153.68009,0.86,1.51,8.0,3.21,23.4,110.22,1.35,165.71
Tweed Offshore,2487,1762561800,,-28.2129,153.68011,0.85,1.54,7.69,2.89,23.58,103.81,1.36,164.75
Tweed Offshore,2487,1762563600,,-28.21288,153.68016,0.9,1.6,8.0,2.81,23.49,96.25,1.34,163.43
Tweed Offshore,2487,1762565400,,-28.2129,153.68011,0.91,1.38,8.33,2.85,23.63,98.0,1.37,162.2
Tweed Offshore,2487,1762567200,,-28.2129,153.68022,0.99,1.6,7.69,2.96,23.63,100.29,1.33,161.14
Tweed Offshore,2487,1762569000,,-28.21288,153.68024,1.01,1.6,8.33,2.99,23.58,97.21,1.33,157.98
Tweed Offshore,2487,1762570800,,-28.21288,153.68031,1.05,1.79,3.77,3.05,23.44,10.71,1.29,157.19
Tweed Offshore,2487,1762572600,,-28.21288,153.68031,1.06,1.82,3.85,3.0,23.49,6.93,1.32,154.99
Tweed Offshore,2487,1762574400,,-28.21287,153.68033,1.05,1.72,4.17,3.05,23.49,23.54,1.31,155.16
Tweed Offshore,2487,1762576200,,-28.21288,153.68033,1.1,1.71,4.0,3.19,23.49,16.95,1.33,153.93
Tweed Offshore,2487,1762578000,,-28.21288,153.68035,1.19,1.98,4.26,3.31,23.4,22.49,1.36,151.3
Tweed Offshore,2487,1762579800,,-28.2129,153.68033,1.16,2.27,4.35,3.22,23.44,28.82,1.33,151.03
Tweed Offshore,2487,1762581600,,-28.21285,153.68033,1.22,1.84,4.35,3.32,23.26,16.25,1.34,151.38
Tweed Offshore,2487,1762583400,,-28.2128,153.68031,1.21,2.02,4.55,3.36,23.04,23.89,1.21,150.95
Tweed Offshore,2487,1762585200,,-28.21282,153.68033,1.18,2.37,4.26,3.25,22.9,11.85,1.21,148.66
Tweed Offshore,2487,1762587000,,-28.2128,153.68031,1.12,1.91,4.26,3.17,22.81,16.77,1.14,147.6
Tweed Offshore,2487,1762588800,,-28.2128,153.68031,1.21,2.12,4.65,3.33,22.72,18.18,1.15,141.27
Tweed Offshore,2487,1762590600,,-28.21279,153.68031,1.11,1.84,4.55,3.24,22.77,19.94,1.16,143.74
Tweed Offshore,2487,1762592400,,-28.21276,153.68029,1.07,2.04,4.65,3.18,22.68,17.65,0.99,143.21
Tweed Offshore,2487,1762594200,,-28.21279,153.68024,1.1,1.99,4.88,3.34,22.68,20.03,1.07,145.93
Tweed Offshore,2487,1762596000,,-28.21279,153.68024,1.06,1.81,4.76,3.34,22.63,28.38,1.0,144.7
Tweed Offshore,2487,1762597800,,-28.21279,153.68024,1.04,2.1,4.65,3.1,22.63,24.33,1.02,141.54
Tweed Offshore,2487,1762599600,,-28.21279,153.68022,1.05,1.88,4.88,3.17,22.5,27.5,0.96,142.24
Tweed Offshore,2487,1762601400,,-28.2128,153.68016,0.98,1.57,5.0,3.26,22.32,28.47,0.91,150.68
Tweed Offshore,2487,1762603200,,-28.21279,153.68024,0.94,1.56,5.13,3.15,22.18,36.82,0.91,145.93
Tweed Offshore,2487,1762605000,,-28.21279,153.68016,0.93,1.57,5.56,3.0,22.1,30.66,0.87,145.76
Tweed Offshore,2487,1762606800,,-28.21279,153.68005,0.99,1.74,5.56,3.21,21.87,26.88,0.7,148.92
Tweed Offshore,2487,1762608600,,-28.21275,153.68007,1.01,1.57,5.88,3.28,21.87,22.66,0.68,151.3
Tweed Offshore,2487,1762610400,,-28.21275,153.68007,0.99,1.63,5.56,3.31,21.87,28.99,0.65,155.34
Tweed Offshore,2487,1762610400,,-28.21275,153.68009,0.99,1.63,5.56,3.31,21.87,28.99,0.65,155.34
Tweed Offshore,2487,1762612200,,-28.21275,153.68007,0.96,1.51,5.88,3.16,21.87,30.14,0.67,152.09
Tweed Offshore,2487,1762614000,,-28.21275,153.68009,0.99,1.76,5.26,3.07,21.78,27.76,0.59,150.24
Tweed Offshore,2487,1762615800,,-28.21275,153.68014,1.01,1.66,5.88,3.18,21.74,28.2,0.58,144.79
Tweed Offshore,2487,1762617600,,-28.21275,153.68001,1.0,1.63,3.85,3.14,21.65,21.17,0.56,152.88
Tweed Offshore,2487,1762619400,,-28.21275,153.68001,0.94,1.78,3.77,3.07,21.61,30.49,0.56,148.48
Tweed Offshore,2487,1762621200,,-28.21276,153.67996,0.97,1.64,5.71,3.08,21.61,26.36,0.57,153.05
Tweed Offshore,2487,1762623000,,-28.21279,153.67999,0.88,1.33,5.71,3.05,21.61,28.99,0.56,156.48
Tweed Offshore,2487,1762624800,,-28.21275,153.67994,0.79,1.24,8.33,3.06,21.61,95.19,0.59,164.84
Tweed Offshore,2487,1762626600,,-28.21276,153.67992,0.75,1.45,8.7,2.95,21.69,86.58,0.56,170.64
Tweed Offshore,2487,1762628400,,-28.21276,153.6799,0.69,1.16,9.52,2.95,21.78,95.81,0.56,163.69
Tweed Offshore,2487,1762630200,,-28.21276,153.67988,0.64,1.18,8.33,3.08,21.83,96.51,0.54,167.03
Tweed Offshore,2487,1762632000,,-28.21273,153.67986,0.63,1.19,8.0,2.99,21.87,94.93,0.51,169.32
Tweed Offshore,2487,1762633800,,-28.21269,153.67994,0.58,1.14,9.09,2.85,21.92,89.39,0.6,191.56
Tweed Offshore,2487,1762635600,,-28.21273,153.67994,0.59,1.01,12.5,3.03,22.27,164.91,0.67,183.47
Tweed Offshore,2487,1762637400,,-28.21275,153.67994,0.58,1.22,8.7,2.89,22.32,92.82,0.73,177.58
Tweed Offshore,2487,1762639200,,-28.21276,153.67992,0.53,0.94,8.33,2.68,22.32,92.64,0.62,178.46
Tweed Offshore,2487,1762641000,,-28.21279,153.67992,0.54,1.04,7.41,2.52,22.23,90.53,0.9,175.47
Tweed Offshore,2487,1762642800,,-28.21287,153.67981,0.59,1.02,8.33,2.52,22.63,94.22,1.18,176.18
Tweed Offshore,2487,1762644600,,-28.21287,153.67981,0.59,1.14,9.09,2.54,22.77,88.86,1.14,179.34
Tweed Offshore,2487,1762646400,,-28.21288,153.67986,0.59,0.97,8.7,2.55,22.68,79.72,1.16,172.66
Tweed Offshore,2487,1762648200,,-28.21288,153.67983,0.58,1.03,8.0,2.59,22.63,83.67,1.14,174.42
Tweed Offshore,2487,1762650000,,-28.21284,153.67994,0.59,1.02,8.33,2.66,22.63,85.08,1.08,168.35
Tweed Offshore,2487,1762651800,,-28.21285,153.67994,0.61,1.21,8.0,2.7,22.59,80.69,1.12,164.31
Tweed Offshore,2487,1762653600,,-28.21284,153.68005,0.57,1.05,8.0,2.61,22.59,83.06,1.06,162.9
Tweed Offshore,2487,1762655400,,-28.21282,153.68009,0.57,1.06,8.33,2.65,22.54,83.67,1.06,160.79
Tweed Offshore,2487,1762657200,,-28.2128,153.68014,0.61,1.02,8.0,2.92,22.5,86.22,1.02,157.8
Tweed Offshore,2487,1762659000,,-28.21279,153.6802,0.6,1.02,9.09,2.78,22.5,95.19,0.98,154.9
Tweed Offshore,2487,1762660800,,-28.21276,153.68024,0.62,1.11,9.09,2.81,22.41,85.52,0.96,149.54
Tweed Offshore,2487,1762662600,,-28.21275,153.68029,0.62,1.0,9.52,3.02,22.41,80.25,0.87,147.34
Tweed Offshore,2487,1762664400,,-28.21273,153.68031,0.61,1.02,9.09,3.04,22.41,77.87,0.81,144.09
Tweed Offshore,2487,1762666200,,-28.21273,153.68031,0.56,0.98,9.09,3.14,22.41,82.36,0.78,145.93
Tweed Offshore,2487,1762668000,,-28.21272,153.68031,0.57,1.03,8.7,3.58,22.36,84.91,0.71,143.56
Tweed Offshore,2487,1762669800,,-28.21272,153.68029,0.58,0.99,8.7,3.78,22.32,92.29,0.6,145.05
Tweed Offshore,2487,1762671600,,-28.2127,153.68029,0.62,1.0,8.7,3.84,22.27,90.8,0.56,134.24
Tweed Offshore,2487,1762673400,,-28.21267,153.68024,0.58,0.97,8.7,3.88,22.27,85.26,0.5,124.13
Tweed Offshore,2487,1762675200,,-28.21269,153.68018,0.59,1.01,8.7,4.17,22.27,96.25,0.54,138.64
Tweed Offshore,2487,1762677000,,-28.21269,153.6802,0.62,1.03,8.33,4.32,22.23,85.43,0.49,134.15
Tweed Offshore,2487,1762678800,,-28.21269,153.68014,0.64,1.02,9.09,4.39,22.18,92.03,0.49,130.73
Tweed Offshore,2487,1762680600,,-28.21269,153.68014,0.62,0.93,9.09,4.32,22.18,91.15,0.4,122.73
Tweed Offshore,2487,1762682400,,-28.2127,153.68009,0.63,1.15,8.7,4.04,22.18,84.2,0.41,134.68
Tweed Offshore,2487,1762684200,,-28.2127,153.68007,0.57,1.18,12.5,3.48,22.18,153.83,0.32,128.62
Tweed Offshore,2487,1762686000,,-28.21269,153.68009,0.54,1.01,13.33,3.49,22.14,151.45,0.48,125.8
Tweed Offshore,2487,1762687800,,-28.21269,153.68009,0.55,0.8,13.33,4.09,22.05,149.26,0.45,131.6
Tweed Offshore,2487,1762689600,,-28.21267,153.67994,0.56,0.92,11.76,4.37,21.96,146.71,0.3,188.84
Tweed Offshore,2487,1762691400,,-28.2127,153.68009,0.57,0.93,11.76,4.38,21.96,152.77,0.34,154.81
Tweed Offshore,2487,1762693200,,-28.21267,153.68014,0.58,0.96,11.76,3.99,21.96,150.84,0.36,135.82
Tweed Offshore,2487,1762695000,,-28.21267,153.68003,0.62,1.36,13.33,3.78,21.92,146.71,0.27,134.86
Tweed Offshore,2487,1762696800,,-28.21265,153.67994,0.69,1.44,3.17,3.45,21.92,181.52,0.26,149.1
Tweed Offshore,2487,1762698600,,-28.21263,153.67979,0.76,1.39,11.11,3.8,21.92,158.66,0.23,205.19
Tweed Offshore,2487,1762700400,,-28.21265,153.67992,0.93,1.49,11.76,3.97,21.96,162.71,0.23,184.88
Tweed Offshore,2487,1762702200,,-28.2127,153.67971,1.04,1.75,5.26,4.21,22.27,182.84,0.35,191.91
Tweed Offshore,2487,1762704000,,-28.21272,153.67966,1.12,1.77,11.76,4.45,22.41,166.05,0.39,178.99
Tweed Offshore,2487,1762705800,,-28.2127,153.67964,1.3,2.71,5.71,4.45,22.45,156.64,0.36,185.23
Tweed Offshore,2487,1762707600,,-28.2127,153.67964,1.51,2.4,6.06,4.8,22.41,161.65,0.28,177.49
Tweed Offshore,2487,1762709400,,-28.21269,153.67956,1.92,3.1,7.14,5.27,22.54,153.83,0.32,178.11
Tweed Offshore,2487,1762711200,,-28.21267,153.67951,1.94,2.98,7.41,5.31,22.63,170.0,0.32,194.02
Tweed Offshore,2487,1762713000,,-28.2127,153.67964,2.05,3.51,7.41,5.36,22.72,160.95,0.35,195.78
Tweed Offshore,2487,1762714800,,-28.2127,153.6796,1.91,3.04,7.41,5.23,22.72,168.86,0.45,194.11
Tweed Offshore,2487,1762716600,,-28.2127,153.67958,1.97,3.65,7.41,5.31,22.72,172.64,0.43,193.76
Tweed Offshore,2487,1762718400,,-28.21272,153.6796,2.01,3.04,7.69,5.51,22.77,169.3,0.66,204.48
Tweed Offshore,2487,1762720200,,-28.21272,153.67986,1.94,3.35,7.69,5.67,23.13,160.16,0.81,200.35
Tweed Offshore,2487,1762722000,,-28.21272,153.67986,2.02,3.39,8.33,6.08,23.35,157.26,0.89,192.44
Tweed Offshore,2487,1762723800,,-28.21275,153.67986,2.2,3.45,8.0,6.44,23.4,157.52,0.87,190.15
Tweed Offshore,2487,1762725600,,-28.21279,153.67973,2.34,3.34,8.7,6.55,23.4,151.81,0.88,188.31
Tweed Offshore,2487,1762727400,,-28.2128,153.67971,2.61,4.54,8.33,6.77,23.4,152.25,0.93,185.32
Tweed Offshore,2487,1762729200,,-28.21282,153.67971,2.42,3.81,9.52,6.57,23.4,165.61,0.98,183.12
Tweed Offshore,2487,1762731000,,-28.21282,153.67975,2.41,3.85,9.52,6.5,23.4,167.98,0.97,177.23
Tweed Offshore,2487,1762732800,,-28.21282,153.67981,2.51,3.85,10.0,6.7,23.4,168.86,0.94,174.68
Tweed Offshore,2487,1762734600,,-28.21284,153.67979,2.61,4.16,9.52,6.74,23.4,163.32,0.99,174.33
Tweed Offshore,2487,1762736400,,-28.21284,153.67986,2.74,5.16,8.33,6.76,23.35,153.39,0.94,176.53
Tweed Offshore,2487,1762738200,,-28.21285,153.67986,2.69,4.93,9.52,6.83,23.4,159.1,1.01,175.47
Tweed Offshore,2487,1762740000,,-28.21285,153.67988,2.55,5.08,10.53,6.65,23.4,160.95,0.95,172.4
Tweed Offshore,2487,1762741800,,-28.21284,153.67992,2.64,5.47,10.0,6.76,23.4,162.8,0.92,168.0
Tweed Offshore,2487,1762743600,,-28.21284,153.67996,2.57,4.05,10.53,6.71,23.4,156.99,0.97,167.03
Tweed Offshore,2487,1762745400,,-28.21282,153.68005,2.52,3.84,11.76,6.76,23.49,155.41,0.89,166.15
Tweed Offshore,2487,1762747200,,-28.2128,153.68009,2.39,3.85,10.0,6.76,23.4,166.4,0.91,157.27
Tweed Offshore,2487,1762749000,,-28.2128,153.68016,2.52,3.73,11.11,6.89,23.4,158.49,0.88,153.76
Tweed Offshore,2487,1762750800,,-28.2128,153.68016,2.5,4.25,10.53,6.85,23.4,156.99,0.86,153.58
Tweed Offshore,2487,1762752600,,-28.21276,153.68016,2.51,4.23,11.11,6.67,23.4,157.26,0.77,154.9
Tweed Offshore,2487,1762754400,,-28.2128,153.68009,2.4,3.92,11.11,6.76,23.35,163.94,0.81,163.6
Tweed Offshore,2487,1762756200,,-28.21279,153.68016,2.5,4.69,12.5,6.93,23.35,159.81,0.85,164.75
Tweed Offshore,2487,1762758000,,-28.2128,153.68011,2.41,3.76,11.76,6.59,23.35,155.85,0.81,162.99
Tweed Offshore,2487,1762759800,,-28.21279,153.68016,2.48,3.98,12.5,6.88,23.35,153.65,0.86,163.69
Tweed Offshore,2487,1762761600,,-28.21276,153.68014,2.73,4.23,11.76,7.02,23.31,164.82,0.77,155.96
Tweed Offshore,2487,1762763400,,-28.21279,153.68003,2.57,4.54,11.76,6.84,23.26,162.53,0.77,162.11
Tweed Offshore,2487,1762765200,,-28.2128,153.68001,2.55,3.92,11.76,6.83,23.26,160.86,0.72,162.11
Tweed Offshore,2487,1762767000,,-28.2128,153.67999,2.41,4.49,10.53,6.63,23.26,162.53,0.76,166.51
Tweed Offshore,2487,1762768800,,-28.2128,153.67994,2.73,5.76,11.11,6.97,23.22,166.49,0.73,178.64
Tweed Offshore,2487,1762770600,,-28.21279,153.67994,2.78,4.52,10.53,6.64,23.22,154.88,0.66,165.54
Tweed Offshore,2487,1762772400,,-28.21276,153.67979,2.71,4.71,11.11,6.59,23.13,157.34,0.6,177.85
Tweed Offshore,2487,1762774200,,-28.21279,153.67986,2.89,4.76,11.76,6.92,23.13,161.04,0.63,178.11
Tweed Offshore,2487,1762776000,,-28.21276,153.67979,2.63,4.01,11.76,6.62,23.13,164.11,0.56,178.46
Tweed Offshore,2487,1762777800,,-28.21276,153.67979,2.56,4.42,12.5,6.96,23.13,160.33,0.58,176.53
Tweed Offshore,2487,1762779600,,-28.21276,153.67979,2.81,4.56,11.76,7.14,23.13,158.93,0.63,178.2
Tweed Offshore,2487,1762781400,,-28.21279,153.67971,2.66,4.0,11.11,7.2,23.17,166.66,0.69,181.71
Tweed Offshore,2487,1762783200,,-28.21279,153.67973,2.54,4.15,11.76,7.18,23.22,154.71,0.71,175.56
Tweed Offshore,2487,1762783200,,-28.21279,153.67971,2.54,4.15,11.76,7.18,23.22,154.71,0.71,175.56
Tweed Offshore,2487,1762785000,,-28.2128,153.67971,2.58,3.89,11.76,7.57,23.17,154.53,0.68,172.75
Tweed Offshore,2487,1762786800,,-28.21276,153.67971,2.33,4.28,11.76,7.25,23.13,151.81,0.62,172.31
Tweed Offshore,2487,1762788600,,-28.21275,153.67964,2.42,4.08,11.76,7.48,23.13,154.97,0.59,175.47
Tweed Offshore,2487,1762790400,,-28.21275,153.67964,2.29,3.7,11.11,7.49,23.13,159.81,0.59,174.42
Tweed Offshore,2487,1762792200,,-28.21279,153.67969,2.35,3.8,11.11,7.35,23.08,152.95,0.62,176.62
Tweed Offshore,2487,1762794000,,-28.21276,153.67973,2.23,3.51,11.11,7.16,23.04,154.27,0.62,167.82
Tweed Offshore,2487,1762795800,,-28.21276,153.67977,2.18,3.46,11.76,7.12,22.95,156.38,0.58,174.33
Tweed Offshore,2487,1762797600,,-28.21276,153.67979,1.99,3.71,11.11,6.67,22.95,156.82,0.56,165.01
Tweed Offshore,2487,1762799400,,-28.21276,153.67981,2.01,3.39,11.11,7.12,22.95,160.86,0.56,161.85
Tweed Offshore,2487,1762801200,,-28.21275,153.67979,1.89,2.92,11.76,6.86,22.95,159.54,0.55,165.36
Tweed Offshore,2487,1762803000,,-28.21275,153.67979,1.99,3.16,10.53,6.68,22.9,156.55,0.55,154.81
Tweed Offshore,2487,1762804800,,-28.21273,153.67975,2.02,3.46,11.11,7.16,22.86,156.99,0.47,156.04
Tweed Offshore,2487,1762806600,,-28.2127,153.67971,2.02,2.91,11.11,7.13,22.86,153.56,0.47,160.88
Tweed Offshore,2487,1762808400,,-28.21273,153.67971,2.12,4.11,10.53,7.4,22.86,163.06,0.42,156.31
Tweed Offshore,2487,1762810200,,-28.21272,153.67971,1.95,3.48,10.53,7.53,22.81,164.9,0.49,182.59
Tweed Offshore,2487,1762812000,,-28.21269,153.67971,2.07,3.74,11.11,7.82,22.99,157.08,0.54,190.33
Tweed Offshore,2487,1762813800,,-28.21272,153.67977,1.94,2.98,11.11,7.65,23.13,157.34,0.69,190.07
Tweed Offshore,2487,1762815600,,-28.21272,153.67975,1.95,2.62,10.53,7.83,23.26,154.71,0.73,188.22
Tweed Offshore,2487,1762817400,,-28.21273,153.67971,2.15,3.48,10.53,7.82,23.4,155.94,0.68,189.89
Tweed Offshore,2487,1762819200,,-28.21279,153.67969,1.96,3.38,10.53,7.75,23.63,165.34,0.8,182.68
Tweed Offshore,2487,1762821000,,-28.21276,153.67966,2.09,3.25,9.52,7.89,23.95,160.25,0.82,180.4
Tweed Offshore,2487,1762822800,,-28.2128,153.67971,1.81,3.32,10.53,7.31,24.59,165.61,0.87,179.08
Tweed Offshore,2487,1762824600,,-28.21282,153.67966,2.12,2.94,10.53,7.7,24.87,156.73,0.93,183.91
Tweed Offshore,2487,1762826400,,-28.21285,153.67973,2.07,3.1,10.53,7.67,25.05,154.44,1.09,176.26
Tweed Offshore,2487,1762828200,,-28.21285,153.67979,2.17,3.42,10.53,7.68,25.1,160.51,1.08,174.95
Tweed Offshore,2487,1762830000,,-28.21284,153.67986,1.88,3.13,11.11,6.82,24.36,160.16,1.05,167.12
Tweed Offshore,2487,1762831800,,-28.21284,153.67992,1.8,3.14,10.0,6.67,24.17,158.31,1.0,168.62
Tweed Offshore,2487,1762833600,,-28.21282,153.67994,1.82,3.06,10.53,6.51,24.36,160.69,0.99,168.35
Tweed Offshore,2487,1762835400,,-28.21282,153.67996,1.85,2.73,10.53,6.32,24.17,158.4,1.03,166.68
Tweed Offshore,2487,1762837200,,-28.21282,153.68001,1.72,2.99,10.53,5.87,24.31,161.74,1.03,168.0
Tweed Offshore,2487,1762839000,,-28.21284,153.68005,1.66,2.93,10.0,5.64,23.99,164.29,1.02,164.31
Tweed Offshore,2487,1762840800,,-28.2128,153.68005,1.75,3.55,10.53,5.8,23.9,160.07,1.0,165.27
Tweed Offshore,2487,1762842600,,-28.21279,153.68009,1.79,2.81,10.0,5.79,23.81,162.8,1.0,160.18
Tweed Offshore,2487,1762844400,,-28.2128,153.68009,1.69,2.9,10.53,5.63,23.81,156.99,0.96,161.05
Tweed Offshore,2487,1762846200,,-28.21279,153.68003,1.54,2.53,10.53,5.15,23.72,163.67,0.94,158.68
Tweed Offshore,2487,1762848000,,-28.21279,153.68007,1.42,2.59,10.0,4.95,23.63,157.7,0.98,157.54
Tweed Offshore,2487,1762849800,,-28.21276,153.68009,1.63,2.83,10.0,5.33,23.58,159.28,0.95,155.34
Tweed Offshore,2487,1762851600,,-28.21276,153.68005,1.54,2.66,11.11,5.17,23.58,156.03,1.0,153.93
Tweed Offshore,2487,1762853400,,-28.21276,153.68003,1.47,2.28,10.53,4.89,23.4,163.76,0.96,151.91
Tweed Offshore,2487,1762855200,,-28.21285,153.6799,1.38,2.71,10.0,4.66,23.31,157.26,1.06,172.57
Tweed Offshore,2487,1762857000,,-28.21285,153.67992,1.32,2.81,10.0,4.47,23.58,152.69,1.0,169.14
Tweed Offshore,2487,1762858800,,-28.21285,153.67992,1.34,2.22,10.0,4.46,23.99,158.05,1.15,168.79
Tweed Offshore,2487,1762860600,,-28.21285,153.67994,1.32,2.2,10.0,4.58,24.04,157.7,1.1,168.53
Tweed Offshore,2487,1762862400,,-28.21282,153.67992,1.18,2.29,10.0,4.2,23.99,151.81,1.02,163.6
Tweed Offshore,2487,1762864200,,-28.21282,153.67979,1.15,2.12,8.7,4.23,23.9,143.01,1.01,166.77
Tweed Offshore,2487,1762866000,,-28.21282,153.67973,1.22,2.71,10.0,4.47,23.95,145.12,0.97,169.93
Tweed Offshore,2487,1762867800,,-28.21282,153.67971,1.15,1.95,10.0,4.33,23.85,148.11,0.91,171.87
Tweed Offshore,2487,1762869600,,-28.21282,153.67971,1.02,1.87,10.53,4.14,23.76,152.86,0.84,165.1
Tweed Offshore,2487,1762869600,,-28.2128,153.67971,1.02,1.87,10.53,4.14,23.76,152.86,0.84,165.1
Tweed Offshore,2487,1762871400,,-28.21279,153.67964,1.07,1.78,10.53,4.37,23.58,144.95,0.84,171.43
Tweed Offshore,2487,1762873200,,-28.21279,153.67962,0.98,1.51,9.09,4.21,23.4,146.97,0.77,173.45
Tweed Offshore,2487,1762875000,,-28.21279,153.67958,0.93,1.6,10.53,4.22,23.35,160.07,0.59,177.32
Tweed Offshore,2487,1762876800,,-28.21276,153.6796,0.94,1.72,10.0,4.21,23.31,159.37,0.63,172.66
Tweed Offshore,2487,1762878600,,-28.21276,153.67964,0.91,1.5,10.53,4.24,23.26,145.56,0.67,175.21
Tweed Offshore,2487,1762880400,,-28.21276,153.67971,0.84,1.54,9.52,4.0,23.17,160.33,0.62,170.64
Tweed Offshore,2487,1762882200,,-28.21276,153.67973,0.91,1.6,10.53,4.37,23.13,155.06,0.58,170.73
Tweed Offshore,2487,1762884000,,-28.21275,153.67975,0.98,1.6,10.0,4.41,22.99,154.18,0.53,170.02
Tweed Offshore,2487,1762885800,,-28.21275,153.67973,1.15,2.04,4.76,4.52,22.95,185.74,0.52,168.35
Tweed Offshore,2487,1762887600,,-28.21273,153.67973,1.41,2.42,5.41,4.66,22.81,180.55,0.39,169.32
Tweed Offshore,2487,1762889400,,-28.21272,153.67975,1.48,2.23,5.41,4.81,22.77,179.41,0.42,171.87
Tweed Offshore,2487,1762891200,,-28.21272,153.67973,1.55,3.0,5.26,4.97,22.63,179.41,0.39,166.68
Tweed Offshore,2487,1762893000,,-28.21269,153.67971,1.7,2.85,5.88,5.03,22.59,178.27,0.42,195.16
Tweed Offshore,2487,1762894800,,-28.21267,153.67971,1.93,3.74,7.14,5.36,22.63,158.05,0.41,197.54
Tweed Offshore,2487,1762896600,,-28.21269,153.67971,1.98,3.75,8.0,5.51,22.9,166.84,0.47,202.29
Tweed Offshore,2487,1762898400,,-28.21267,153.67977,2.14,3.72,8.7,5.66,22.99,168.69,0.45,209.58
Tweed Offshore,2487,1762900200,,-28.21263,153.67988,2.56,4.45,9.09,6.12,22.95,170.09,0.55,207.65
Tweed Offshore,2487,1762902000,,-28.2127,153.67992,2.95,4.35,8.33,6.37,22.95,174.58,0.63,202.46
Tweed Offshore,2487,1762903800,,-28.21272,153.67992,2.96,4.46,8.7,6.57,23.49,166.93,0.8,195.43
Tweed Offshore,2487,1762905600,,-28.21276,153.67973,3.08,5.21,9.52,6.61,23.31,167.01,0.65,180.48
Tweed Offshore,2487,1762907400,,-28.21276,153.67964,3.24,5.17,9.52,6.78,23.49,170.36,0.71,188.84
Tweed Offshore,2487,1762909200,,-28.21276,153.67958,3.21,5.05,9.52,6.72,23.72,165.43,0.65,192.35
Tweed Offshore,2487,1762911000,,-28.21276,153.67964,3.2,5.08,9.52,6.76,23.85,162.88,0.7,183.47
Tweed Offshore,2487,1762912800,,-28.21279,153.67979,3.3,4.66,10.53,6.88,23.81,165.34,0.57,179.69
Tweed Offshore,2487,1762914600,,-28.21279,153.67986,3.3,5.1,8.7,6.78,23.99,159.19,0.56,185.67
Tweed Offshore,2487,1762916400,,-28.21282,153.67996,3.26,4.79,10.0,7.0,24.22,165.43,0.59,187.43
Tweed Offshore,2487,1762918200,,-28.21276,153.67994,3.22,6.19,10.53,7.07,24.27,164.73,0.61,183.03
Tweed Offshore,2487,1762920000,,-28.2128,153.67999,2.99,5.24,10.0,6.71,24.22,167.63,0.54,178.73
Tweed Offshore,2487,1762921800,,-28.21284,153.68003,2.96,4.69,10.53,6.58,24.22,166.31,0.57,185.23
Tweed Offshore,2487,1762923600,,-28.21279,153.68009,2.61,4.08,9.52,6.35,24.17,166.49,0.48,179.87
Tweed Offshore,2487,1762925400,,-28.21272,153.68016,2.84,4.67,10.0,6.51,24.17,164.9,0.48,169.76
Tweed Offshore,2487,1762927200,,-28.21273,153.68001,2.76,4.27,10.53,6.51,24.17,169.92,0.53,180.22
Tweed Offshore,2487,1762929000,,-28.21275,153.67994,2.65,4.41,11.11,6.64,24.27,167.37,0.57,193.41
Tweed Offshore,2487,1762930800,,-28.21243,153.67999,2.52,4.58,10.53,6.65,24.36,168.86,0.65,189.36
Tweed Offshore,2487,1762932600,,-28.21279,153.67971,2.46,3.84,10.53,6.53,24.36,169.12,0.7,189.8
Tweed Offshore,2487,1762934400,,-28.21276,153.67962,2.28,3.56,11.11,6.62,24.31,173.17,0.78,190.77
Tweed Offshore,2487,1762936200,,-28.21276,153.67953,2.19,3.73,10.53,6.29,24.22,168.77,0.74,187.69
Tweed Offshore,2487,1762938000,,-28.21275,153.67947,2.45,3.6,10.53,6.79,24.17,168.6,0.73,189.45
Tweed Offshore,2487,1762939800,,-28.21279,153.67947,2.61,5.07,10.53,7.16,24.22,168.6,0.75,190.77
Tweed Offshore,2487,1762941600,,-28.21276,153.67949,2.52,3.97,11.11,7.2,23.9,169.12,0.71,184.26
Tweed Offshore,2487,1762943400,,-28.21279,153.6796,2.45,4.42,11.11,7.21,23.76,170.8,0.65,177.76
Tweed Offshore,2487,1762945200,,-28.21276,153.67949,2.55,4.42,11.11,7.56,23.63,163.94,0.64,174.59
Tweed Offshore,2487,1762947000,,-28.21276,153.67949,2.52,4.83,10.53,7.33,23.49,170.53,0.6,174.51
Tweed Offshore,2487,1762948800,,-28.21276,153.6796,2.64,4.74,11.11,7.69,23.4,161.92,0.53,170.11
Tweed Offshore,2487,1762950600,,-28.2128,153.67964,2.83,4.31,11.76,7.98,23.63,169.83,0.91,179.25
Tweed Offshore,2487,1762952400,,-28.21282,153.67964,2.82,5.24,11.11,8.14,23.9,166.31,0.98,178.99
Tweed Offshore,2487,1762954200,,-28.21285,153.67964,2.72,4.82,11.11,8.19,24.13,170.36,0.97,179.52
Tweed Offshore,2487,1762956000,,-28.21285,153.67966,2.61,4.65,11.76,8.21,24.31,164.11,0.97,179.34
Tweed Offshore,2487,1762956000,,-28.21284,153.67964,2.61,4.65,11.76,8.21,24.31,164.11,0.97,179.34
Tweed Offshore,2487,1762957800,,-28.21284,153.67973,2.46,4.18,11.76,8.06,24.31,162.62,0.95,174.86
Tweed Offshore,2487,1762959600,,-28.21284,153.67966,2.35,3.83,11.11,7.92,24.36,162.97,0.9,173.8
Tweed Offshore,2487,1762961400,,-28.21279,153.67958,2.38,3.29,11.11,7.93,24.36,160.51,0.81,171.08
Tweed Offshore,2487,1762963200,,-28.21279,153.67949,2.31,3.26,11.76,7.91,24.36,163.59,0.86,170.99
Tweed Offshore,2487,1762965000,,-28.21276,153.67947,2.17,3.18,11.76,8.03,24.31,164.03,0.71,173.89
Tweed Offshore,2487,1762966800,,-28.21275,153.67941,1.96,4.62,11.76,7.63,24.27,164.99,0.78,170.2
Tweed Offshore,2487,1762968600,,-28.21273,153.67938,1.92,2.88,11.11,7.2,24.22,164.03,0.73,161.67
Tweed Offshore,2487,1762970400,,-28.2127,153.67932,2.03,3.03,11.11,7.6,24.13,161.21,0.76,164.84
Tweed Offshore,2487,1762972200,,-28.21272,153.67936,1.91,2.97,11.11,7.23,24.04,148.47,0.73,160.26
Tweed Offshore,2487,1762974000,,-28.21273,153.67941,1.99,3.06,11.11,7.25,23.99,159.63,0.68,160.35
Tweed Offshore,2487,1762975800,,-28.21273,153.67949,2.08,3.03,11.11,7.43,23.9,162.18,0.67,162.64
Tweed Offshore,2487,1762977600,,-28.21273,153.67949,1.92,2.97,11.11,7.41,23.85,158.66,0.7,157.27
Tweed Offshore,2487,1762979400,,-28.21273,153.67953,1.74,2.58,10.53,7.27,23.81,164.03,0.69,157.63
Tweed Offshore,2487,1762981200,,-28.21273,153.67949,1.75,2.44,10.53,6.96,23.76,151.89,0.64,152.09
Tweed Offshore,2487,1762983000,,-28.21273,153.67949,1.79,2.93,10.0,6.94,23.72,156.11,0.58,152.53
Tweed Offshore,2487,1762984800,,-28.21273,153.67949,1.83,2.79,10.53,7.04,23.76,152.6,0.6,150.68
Tweed Offshore,2487,1762986600,,-28.2127,153.67964,1.72,2.64,10.53,6.82,23.85,158.14,0.56,170.81
Tweed Offshore,2487,1762988400,,-28.21272,153.67966,1.74,2.72,9.52,6.77,23.9,160.86,0.6,177.85
Tweed Offshore,2487,1762990200,,-28.21273,153.67971,1.69,2.74,10.53,6.19,23.95,158.14,0.57,177.85
Tweed Offshore,2487,1762992000,,-28.21273,153.67971,1.63,2.73,10.53,6.04,23.99,149.78,0.66,179.87
Tweed Offshore,2487,1762993800,,-28.21275,153.67971,1.79,3.29,10.0,6.04,24.04,147.67,0.71,181.45
Tweed Offshore,2487,1762995600,,-28.21279,153.67964,1.74,3.14,10.53,5.78,24.13,152.42,0.72,184.7
Tweed Offshore,2487,1762997400,,-28.21276,153.67964,1.61,2.59,10.53,5.31,24.17,153.3,0.73,186.29
Tweed Offshore,2487,1762999200,,-28.21279,153.67969,1.65,3.3,10.53,5.34,24.27,154.36,0.75,185.05
Tweed Offshore,2487,1763001000,,-28.2128,153.67969,1.64,2.78,9.52,5.12,24.31,153.39,0.81,184.26
Tweed Offshore,2487,1763002800,,-28.21284,153.67969,1.67,3.11,10.0,4.93,24.36,150.93,0.84,185.76
Tweed Offshore,2487,1763004600,,-28.21284,153.67966,1.68,2.93,10.0,4.9,24.36,151.98,0.87,184.7
Tweed Offshore,2487,1763006400,,-28.21284,153.67971,1.58,2.95,10.53,4.67,24.22,154.18,0.95,181.01
Tweed Offshore,2487,1763008200,,-28.21285,153.67971,1.68,2.79,10.0,4.79,24.08,156.64,0.99,175.82
Tweed Offshore,2487,1763010000,,-28.21285,153.67975,1.54,2.72,9.52,4.52,23.99,153.12,0.98,173.45
Tweed Offshore,2487,1763011800,,-28.2128,153.67986,1.5,2.79,9.52,4.33,23.85,149.52,0.97,168.7
Tweed Offshore,2487,1763013600,,-28.21282,153.67992,1.47,2.94,10.0,4.13,23.85,156.47,0.97,168.09
Tweed Offshore,2487,1763015400,,-28.2128,153.67996,1.61,2.68,10.0,4.24,23.72,157.78,0.95,163.43
Tweed Offshore,2487,1763017200,,-28.2128,153.68001,1.54,2.51,10.0,4.17,23.67,151.37,0.94,159.3
Tweed Offshore,2487,1763019000,,-28.21279,153.68001,1.54,2.49,10.0,4.2,23.63,146.36,0.9,156.48
Tweed Offshore,2487,1763020800,,-28.21279,153.68003,1.46,2.84,10.53,4.05,23.58,156.47,1.0,154.46
Tweed Offshore,2487,1763022600,,-28.2128,153.68001,1.5,2.96,10.0,4.04,23.49,154.36,0.96,156.66
Tweed Offshore,2487,1763024400,,-28.21279,153.67999,1.46,2.76,9.52,3.85,23.44,153.74,0.94,151.91
Tweed Offshore,2487,1763026200,,-28.21279,153.67994,1.43,2.21,9.09,3.9,23.4,143.89,0.95,150.42
Tweed Offshore,2487,1763028000,,-28.21282,153.67994,1.44,3.15,9.09,3.86,23.31,143.01,0.93,150.15
Tweed Offshore,2487,1763029800,,-28.21282,153.6799,1.51,2.71,10.53,3.81,23.26,164.38,0.93,150.24
Tweed Offshore,2487,1763031600,,-28.2128,153.67973,1.34,2.25,10.0,3.7,23.17,161.04,0.81,165.98
Tweed Offshore,2487,1763033400,,-28.21284,153.67979,1.41,2.32,10.53,3.79,23.13,162.36,0.96,167.21
Tweed Offshore,2487,1763035200,,-28.2128,153.67986,1.33,2.22,4.65,3.74,23.22,36.29,0.95,166.24
Tweed Offshore,2487,1763037000,,-28.21282,153.67979,1.25,2.1,10.0,3.63,23.22,160.42,0.91,163.34
Tweed Offshore,2487,1763038800,,-28.2128,153.67969,1.22,2.03,4.76,3.62,23.22,30.4,0.83,167.03
Tweed Offshore,2487,1763040600,,-28.21282,153.67964,1.16,1.8,4.55,3.53,23.17,36.47,0.84,168.79
Tweed Offshore,2487,1763042400,,-28.21282,153.67966,1.17,2.15,5.13,3.46,23.13,34.18,0.77,163.25
Tweed Offshore,2487,1763042400,,-28.2128,153.67966,1.17,2.15,5.13,3.46,23.13,34.18,0.77,163.25
Tweed Offshore,2487,1763044200,,-28.2128,153.67971,1.16,2.07,4.88,3.42,23.08,31.89,0.76,163.78
Tweed Offshore,2487,1763046000,,-28.2128,153.67977,1.14,1.96,4.76,3.28,23.04,32.86,0.78,164.92
Tweed Offshore,2487,1763047800,,-28.2128,153.67973,1.16,2.32,4.76,3.41,22.99,36.2,0.75,167.91
Tweed Offshore,2487,1763049600,,-28.2128,153.67977,1.08,1.7,5.13,3.26,22.95,36.2,0.77,169.05
Tweed Offshore,2487,1763051400,,-28.2128,153.67979,1.07,1.64,5.13,3.4,22.95,34.8,0.78,169.85
Tweed Offshore,2487,1763053200,,-28.2128,153.67986,1.0,1.59,5.26,3.38,22.9,35.06,0.78,164.84
Tweed Offshore,2487,1763055000,,-28.21279,153.67986,1.03,1.61,5.13,3.42,22.86,26.53,0.71,165.01
Tweed Offshore,2487,1763056800,,-28.2128,153.67986,0.99,1.49,5.26,3.29,22.86,29.34,0.79,173.98
Tweed Offshore,2487,1763058600,,-28.2128,153.6799,0.93,1.63,5.13,3.13,22.77,33.83,0.83,167.12
Tweed Offshore,2487,1763060400,,-28.21279,153.67992,0.87,1.7,5.13,3.16,22.77,36.11,0.87,168.09
Tweed Offshore,2487,1763062200,,-28.2128,153.67994,0.92,1.55,5.41,3.12,22.63,27.76,0.88,168.0
Tweed Offshore,2487,1763064000,,-28.2128,153.67994,0.95,1.73,5.26,3.1,22.59,29.08,0.89,166.77
Tweed Offshore,2487,1763065800,,-28.21282,153.67996,0.95,1.44,5.26,3.16,22.54,26.44,0.82,167.12
Tweed Offshore,2487,1763067600,,-28.21284,153.6799,0.91,1.53,5.0,3.12,22.54,26.44,1.01,165.1
Tweed Offshore,2487,1763069400,,-28.21282,153.6799,0.88,1.5,5.13,3.12,22.5,22.75,1.02,165.63
Tweed Offshore,2487,1763071200,,-28.21282,153.67988,0.89,1.38,5.26,3.14,22.54,20.2,1.0,165.98
Tweed Offshore,2487,1763073000,,-28.21284,153.67994,0.89,1.44,5.13,3.3,22.5,19.67,0.99,162.29
Tweed Offshore,2487,1763074800,,-28.21282,153.67999,0.89,1.45,5.56,3.32,22.5,24.6,0.96,159.65
Tweed Offshore,2487,1763076600,,-28.21282,153.68001,0.85,1.38,5.41,3.3,22.45,20.9,0.95,158.07
Tweed Offshore,2487,1763078400,,-28.2128,153.68001,0.84,1.52,5.41,3.18,22.36,28.99,0.97,157.8
Tweed Offshore,2487,1763080200,,-28.2128,153.68001,0.84,1.42,5.13,3.21,22.32,24.42,0.93,158.77
Tweed Offshore,2487,1763082000,,-28.21282,153.67999,0.8,1.41,5.0,3.04,22.45,17.92,1.0,162.29
Tweed Offshore,2487,1763083800,,-28.21284,153.67996,0.79,1.37,9.52,2.96,22.54,121.3,0.98,166.42
Tweed Offshore,2487,1763085600,,-28.21282,153.67994,0.76,1.54,9.52,2.92,22.72,126.14,0.97,173.89
Tweed Offshore,2487,1763087400,,-28.21284,153.67992,0.78,1.32,9.52,3.01,22.81,122.09,1.01,172.04
Tweed Offshore,2487,1763089200,,-28.21282,153.67994,0.81,1.27,8.7,2.88,22.86,135.54,0.94,170.37
Tweed Offshore,2487,1763091000,,-28.21282,153.67999,0.83,1.35,9.09,2.87,22.81,141.61,0.97,168.18
Tweed Offshore,2487,1763092800,,-28.2128,153.68003,0.85,1.49,9.09,2.88,22.9,121.92,0.97,165.71
Tweed Offshore,2487,1763094600,,-28.21284,153.68001,0.89,1.69,5.0,3.1,22.95,27.06,1.07,168.53
Tweed Offshore,2487,1763096400,,-28.21284,153.68003,0.98,1.88,5.41,3.07,22.95,33.48,1.04,167.74
Tweed Offshore,2487,1763098200,,-28.21282,153.68003,1.06,1.88,5.56,3.1,22.99,37.61,1.0,168.97
Tweed Offshore,2487,1763100000,,-28.21282,153.68001,0.96,1.59,5.71,3.18,22.99,27.23,1.0,165.45
Tweed Offshore,2487,1763101800,,-28.21279,153.68001,0.88,1.56,5.56,4.02,22.99,38.75,0.94,164.13
Tweed Offshore,2487,1763103600,,-28.21279,153.68001,0.86,1.46,5.88,4.03,22.99,30.75,0.87,161.41
Tweed Offshore,2487,1763105400,,-28.21279,153.68003,0.92,1.39,5.71,4.11,22.95,26.62,0.75,160.7
Tweed Offshore,2487,1763107200,,-28.21276,153.68001,1.18,2.08,6.25,4.54,22.81,33.21,0.68,159.91
Tweed Offshore,2487,1763109000,,-28.21279,153.68001,1.17,1.99,5.88,4.55,22.68,28.38,0.72,161.49
Tweed Offshore,2487,1763110800,,-28.21276,153.68001,1.08,1.84,6.06,4.43,22.63,27.06,0.76,162.29
Tweed Offshore,2487,1763112600,,-28.21276,153.67999,1.09,1.69,5.71,4.49,22.5,28.55,0.59,154.46
Tweed Offshore,2487,1763114400,,-28.21275,153.67996,1.04,2.23,6.45,4.52,22.36,22.93,0.66,158.51
Tweed Offshore,2487,1763116200,,-28.21276,153.68001,1.19,2.06,5.56,4.56,22.27,29.08,0.64,157.8
Tweed Offshore,2487,1763118000,,-28.21273,153.68001,1.23,2.35,6.45,4.62,22.05,25.92,0.52,154.29
Tweed Offshore,2487,1763119800,,-28.21273,153.68005,1.24,2.0,6.25,4.57,22.05,25.21,0.54,151.74
Tweed Offshore,2487,1763121600,,-28.21273,153.68005,1.17,1.96,6.67,4.49,22.05,36.47,0.53,154.64
Tweed Offshore,2487,1763123400,,-28.21276,153.67999,1.13,1.9,6.25,4.52,22.05,24.6,0.52,158.42
Tweed Offshore,2487,1763125200,,-28.21275,153.67994,1.18,1.84,6.06,4.61,22.05,20.9,0.53,167.38
Tweed Offshore,2487,1763127000,,-28.21279,153.6799,1.05,1.7,6.9,4.35,21.96,24.6,0.48,171.69
Tweed Offshore,2487,1763128800,,-28.21276,153.67996,1.0,1.7,6.25,4.1,21.96,28.55,0.47,170.29
Tweed Offshore,2487,1763128800,,-28.21276,153.67994,1.0,1.7,6.25,4.1,21.96,28.55,0.47,170.29
Tweed Offshore,2487,1763130600,,-28.21273,153.67999,0.95,1.64,5.88,3.99,21.92,71.1,0.52,167.47
Tweed Offshore,2487,1763132400,,-28.21275,153.67996,0.95,1.86,6.25,4.16,21.92,32.95,0.55,166.86
Tweed Offshore,2487,1763134200,,-28.21273,153.67999,1.01,1.67,5.56,4.42,21.87,159.01,0.53,170.55
Tweed Offshore,2487,1763136000,,-28.21275,153.67996,1.08,1.85,5.88,4.74,21.83,83.94,0.5,167.12
Tweed Offshore,2487,1763137800,,-28.21273,153.67999,1.03,1.84,6.25,4.81,21.83,37.26,0.52,164.66
Tweed Offshore,2487,1763139600,,-28.21273,153.68003,1.01,1.85,5.71,4.99,21.83,48.86,0.41,170.81
Tweed Offshore,2487,1763141400,,-28.21272,153.68009,0.97,1.67,5.88,4.86,21.83,49.12,0.49,158.68
Tweed Offshore,2487,1763143200,,-28.21273,153.68009,0.99,1.61,6.25,4.94,21.74,39.19,0.47,152.44
Tweed Offshore,2487,1763145000,,-28.21273,153.68003,0.93,1.66,5.88,4.88,21.69,69.87,0.47,156.4
Tweed Offshore,2487,1763146800,,-28.21272,153.68007,0.83,1.25,6.9,5.04,21.61,35.5,0.43,155.08
Tweed Offshore,2487,1763148600,,-28.2127,153.68009,0.78,1.51,5.71,4.93,21.56,113.74,0.52,164.66
Tweed Offshore,2487,1763150400,,-28.2127,153.68009,0.85,1.48,6.25,5.06,21.38,48.6,0.55,169.32
Tweed Offshore,2487,1763152200,,-28.2127,153.68001,0.85,1.29,6.06,5.03,21.43,40.77,0.56,173.27
Tweed Offshore,2487,1763154000,,-28.21272,153.68016,0.82,1.35,6.45,4.83,21.47,41.12,0.54,161.05
Tweed Offshore,2487,1763155800,,-28.2127,153.68014,0.79,1.4,13.33,4.77,21.61,155.32,0.53,166.07
Tweed Offshore,2487,1763157600,,-28.21269,153.68024,0.79,1.26,5.71,4.66,21.74,65.48,0.56,161.41
Tweed Offshore,2487,1763159400,,-28.2127,153.68016,0.69,1.11,5.26,4.49,21.96,76.29,0.54,165.8
Tweed Offshore,2487,1763161200,,-28.2127,153.68014,0.69,1.26,13.33,4.69,22.23,154.36,0.51,170.37
Tweed Offshore,2487,1763163000,,-28.21272,153.68016,0.73,1.14,12.5,4.67,22.68,158.84,0.53,162.9
Tweed Offshore,2487,1763164800,,-28.2127,153.68026,0.73,1.18,6.06,4.72,22.72,35.94,0.51,153.85
Tweed Offshore,2487,1763166600,,-28.2127,153.68024,0.74,1.19,13.33,4.73,22.95,156.64,0.43,164.84
Tweed Offshore,2487,1763168400,,-28.21275,153.68005,0.73,1.16,6.06,4.67,23.44,34.0,0.49,167.21
Tweed Offshore,2487,1763170200,,-28.21273,153.68009,0.74,1.22,6.25,4.91,22.99,36.29,0.51,160.88
Tweed Offshore,2487,1763172000,,-28.21273,153.68011,0.79,1.25,13.33,4.95,23.58,144.69,0.58,159.21
Tweed Offshore,2487,1763173800,,-28.21275,153.68016,0.82,1.48,6.06,4.88,22.95,38.84,0.62,159.91
Tweed Offshore,2487,1763175600,,-28.21273,153.68016,0.8,1.27,12.5,4.59,22.63,144.42,0.65,162.11
Tweed Offshore,2487,1763177400,,-28.21272,153.68022,0.76,1.37,12.5,4.64,21.92,161.04,0.64,159.74
Tweed Offshore,2487,1763179200,,-28.21272,153.68024,0.74,1.25,12.5,4.1,21.92,157.52,0.64,154.9
Tweed Offshore,2487,1763181000,,-28.21273,153.68009,0.73,1.4,11.76,3.42,22.01,144.6,0.68,172.48
Tweed Offshore,2487,1763182800,,-28.21275,153.68014,0.74,1.28,12.5,3.87,22.14,167.1,0.73,168.53
Tweed Offshore,2487,1763184600,,-28.21273,153.68014,0.81,1.31,11.76,4.18,22.18,163.5,0.79,172.31
Tweed Offshore,2487,1763186400,,-28.21273,153.68026,0.72,1.14,11.76,3.79,22.23,161.39,0.77,160.79
Tweed Offshore,2487,1763188200,,-28.21272,153.68031,0.82,1.52,11.11,4.32,22.54,167.81,0.85,161.67
Tweed Offshore,2487,1763190000,,-28.21273,153.68022,0.81,1.42,11.76,4.2,22.41,156.47,0.83,162.46
Tweed Offshore,2487,1763191800,,-28.2127,153.68031,0.79,1.39,11.11,4.02,22.27,168.6,0.83,157.1
Tweed Offshore,2487,1763193600,,-28.2127,153.68039,0.8,1.27,11.11,4.14,22.59,161.92,0.83,150.51
Tweed Offshore,2487,1763195400,,-28.21269,153.68039,0.84,1.48,11.11,4.01,22.41,154.18,0.79,151.03
Tweed Offshore,2487,1763197200,,-28.2127,153.68037,0.86,1.47,10.53,3.96,22.27,161.04,0.81,150.86
Tweed Offshore,2487,1763199000,,-28.2127,153.68046,0.8,1.6,10.53,3.45,22.27,156.64,0.85,147.34
Tweed Offshore,2487,1763200800,,-28.21273,153.68044,0.87,1.71,11.11,3.37,22.27,150.75,0.89,146.99
Tweed Offshore,2487,1763202600,,-28.2127,153.68046,0.96,1.75,10.53,3.49,22.14,164.73,0.9,142.95
Tweed Offshore,2487,1763204400,,-28.21272,153.68046,0.93,1.81,12.5,3.13,22.1,154.53,0.93,142.33
Tweed Offshore,2487,1763206200,,-28.21273,153.68046,1.02,1.57,10.53,3.04,22.1,156.82,0.91,143.65
Tweed Offshore,2487,1763208000,,-28.21273,153.68046,1.03,1.76,10.53,3.12,21.87,166.49,0.86,143.74
Tweed Offshore,2487,1763209800,,-28.21275,153.68039,1.1,1.8,10.53,3.22,21.78,151.28,0.9,141.8
Tweed Offshore,2487,1763211600,,-28.21273,153.68039,0.99,1.87,5.56,3.3,21.74,26.44,0.89,140.48
Tweed Offshore,2487,1763213400,,-28.21273,153.68037,1.02,1.79,5.88,3.74,21.56,26.53,0.86,142.51
Tweed Offshore,2487,1763215200,,-28.21272,153.68035,1.12,1.99,5.56,3.76,21.43,28.73,0.83,136.53
Tweed Offshore,2487,1763215200,,-28.21272,153.68037,1.12,1.99,5.56,3.76,21.43,28.73,0.83,136.53
Tweed Offshore,2487,1763217000,,-28.2127,153.68037,1.27,2.25,5.56,3.63,21.38,24.33,0.79,139.69
Tweed Offshore,2487,1763218800,,-28.2127,153.68037,1.4,2.42,5.88,3.68,21.38,27.41,0.79,140.4
Tweed Offshore,2487,1763220600,,-28.21272,153.68033,1.26,2.05,5.13,3.63,21.25,30.05,0.77,137.05
Tweed Offshore,2487,1763222400,,-28.21273,153.68029,1.18,2.11,5.88,3.54,21.3,28.9,0.81,145.76
Tweed Offshore,2487,1763224200,,-28.21273,153.68029,1.15,1.82,5.88,3.5,21.38,31.54,0.78,144.53
Tweed Offshore,2487,1763226000,,-28.21273,153.68026,1.11,1.78,5.13,3.47,21.38,33.39,0.77,143.56
Tweed Offshore,2487,1763227800,,-28.21275,153.68024,1.04,2.06,5.41,3.41,21.34,29.34,0.79,141.98
Tweed Offshore,2487,1763229600,,-28.21275,153.68024,1.15,1.99,5.13,3.57,21.3,28.03,0.75,148.31
Tweed Offshore,2487,1763231400,,-28.21275,153.68024,1.18,2.23,5.13,3.57,21.3,29.26,0.77,145.05
Tweed Offshore,2487,1763233200,,-28.21276,153.6802,1.15,2.04,4.88,3.45,21.34,26.88,0.74,148.75
Tweed Offshore,2487,1763235000,,-28.21275,153.6802,1.14,1.8,4.44,3.48,21.3,23.63,0.78,146.2
Tweed Offshore,2487,1763236800,,-28.21275,153.68018,1.14,1.95,5.41,3.67,21.3,32.51,0.73,143.3
Tweed Offshore,2487,1763238600,,-28.21276,153.68016,1.13,1.82,6.25,3.84,21.25,31.81,0.72,149.1
Tweed Offshore,2487,1763240400,,-28.21275,153.68014,1.1,1.99,11.76,3.82,21.21,152.42,0.7,153.49
Tweed Offshore,2487,1763242200,,-28.21276,153.68014,1.1,1.59,6.25,3.81,21.25,32.95,0.66,153.41
Tweed Offshore,2487,1763244000,,-28.21275,153.68011,0.97,1.93,6.06,3.48,21.21,30.49,0.67,155.6
Tweed Offshore,2487,1763245800,,-28.21275,153.68016,1.05,1.69,14.29,3.74,21.21,144.86,0.63,156.84
Tweed Offshore,2487,1763247600,,-28.21273,153.68014,0.95,1.7,5.56,3.68,21.21,32.33,0.65,164.84
Tweed Offshore,2487,1763249400,,-28.21275,153.68014,0.92,1.64,6.06,3.58,21.21,34.44,0.64,163.34
Tweed Offshore,2487,1763251200,,-28.21275,153.68014,0.99,1.79,6.25,3.84,21.21,36.9,0.67,161.32
Tweed Offshore,2487,1763253000,,-28.21273,153.68016,0.95,1.68,6.06,3.91,21.21,30.31,0.62,163.34
Tweed Offshore,2487,1763254800,,-28.21275,153.68016,0.89,1.56,6.25,3.73,21.25,29.61,0.68,163.52
Tweed Offshore,2487,1763256600,,-28.21275,153.68016,0.92,1.56,6.25,3.41,21.25,34.62,0.68,157.27
Tweed Offshore,2487,1763258400,,-28.21273,153.68024,1.04,1.89,6.06,3.52,21.25,30.58,0.7,160.44
Tweed Offshore,2487,1763260200,,-28.21275,153.68029,1.2,2.23,6.06,3.52,21.34,33.39,0.73,155.96
Tweed Offshore,2487,1763262000,,-28.21275,153.68026,1.23,2.37,5.56,3.55,21.38,30.31,0.75,156.4
Tweed Offshore,2487,1763263800,,-28.21273,153.68026,1.27,2.18,6.06,3.76,21.38,22.84,0.74,154.29
Tweed Offshore,2487,1763265600,,-28.21275,153.68024,1.35,2.19,6.67,3.89,21.38,24.95,0.7,161.49
Tweed Offshore,2487,1763267400,,-28.21276,153.68022,1.37,2.74,6.67,3.95,21.52,26.09,0.81,159.38
Tweed Offshore,2487,1763269200,,-28.21275,153.68026,1.31,2.34,6.67,3.89,21.61,28.99,0.69,157.8
Tweed Offshore,2487,1763271000,,-28.21276,153.68022,1.35,2.33,6.9,3.94,21.61,30.93,0.72,158.07
Tweed Offshore,2487,1763272800,,-28.21275,153.68026,1.29,2.3,6.67,3.9,21.65,29.52,0.73,160.35
Tweed Offshore,2487,1763274600,,-28.21276,153.68026,1.31,2.25,6.9,3.95,21.65,28.2,0.82,160.35
Tweed Offshore,2487,1763276400,,-28.21273,153.68024,1.22,2.04,6.67,3.94,21.74,32.86,0.81,158.86
Tweed Offshore,2487,1763278200,,-28.21275,153.68029,1.19,1.78,6.67,3.75,21.78,30.66,0.93,156.57
Tweed Offshore,2487,1763280000,,-28.21273,153.68035,1.2,2.25,6.45,3.62,21.78,29.96,0.85,152.44
Tweed Offshore,2487,1763281800,,-28.21275,153.68031,1.18,2.38,6.9,3.68,21.78,39.28,0.94,154.02
Tweed Offshore,2487,1763283600,,-28.21276,153.68031,1.18,2.03,6.9,3.65,21.78,39.1,0.92,152.09
Tweed Offshore,2487,1763285400,,-28.21279,153.68024,1.16,1.97,6.67,3.54,21.78,46.93,0.86,157.45
Tweed Offshore,2487,1763287200,,-28.21279,153.68022,1.15,2.12,6.06,3.5,21.74,37.52,0.91,152.79
Tweed Offshore,2487,1763289000,,-28.2128,153.68011,1.17,1.7,6.67,3.53,21.74,42.88,0.97,154.64
Tweed Offshore,2487,1763290800,,-28.2128,153.68014,1.06,1.89,6.45,3.47,21.69,39.37,0.94,154.37
Tweed Offshore,2487,1763292600,,-28.2128,153.68014,1.12,1.8,6.25,3.55,21.69,32.25,0.9,154.02
Tweed Offshore,2487,1763294400,,-28.21279,153.68016,1.2,2.19,6.67,3.62,21.61,37.43,0.95,158.95
Tweed Offshore,2487,1763296200,,-28.2128,153.68011,1.13,2.01,5.88,3.44,21.61,35.85,0.92,157.01
Tweed Offshore,2487,1763298000,,-28.2128,153.68011,1.14,2.35,6.06,3.49,21.56,37.78,0.88,157.01
Tweed Offshore,2487,1763299800,,-28.21282,153.68005,1.15,1.82,6.06,3.66,21.56,33.12,0.86,157.27
Tweed Offshore,2487,1763301600,,-28.2128,153.68005,1.18,2.03,6.45,3.63,21.61,33.04,0.85,158.59
Tweed Offshore,2487,1763301600,,-28.2128,153.68009,1.18,2.03,6.45,3.63,21.61,33.04,0.85,158.59
Tweed Offshore,2487,1763303400,,-28.21276,153.68007,1.23,2.21,5.71,3.69,21.61,29.17,0.84,158.51
Tweed Offshore,2487,1763305200,,-28.21279,153.68014,1.29,2.16,6.9,3.68,21.56,36.55,0.83,155.78
Tweed Offshore,2487,1763307000,,-28.21279,153.68014,1.14,2.21,6.67,3.6,21.56,36.11,0.86,157.27
Tweed Offshore,2487,1763308800,,-28.2128,153.68009,1.17,1.78,6.25,3.64,21.56,29.34,0.82,155.52
Tweed Offshore,2487,1763310600,,-28.21276,153.68009,1.19,1.98,5.41,3.74,21.52,27.06,0.8,160.26
Tweed Offshore,2487,1763312400,,-28.21279,153.68011,1.22,2.07,5.71,3.75,21.52,28.82,0.84,152.97
Tweed Offshore,2487,1763314200,,-28.21279,153.68016,1.21,1.96,5.88,3.74,21.47,31.37,0.77,155.43
Tweed Offshore,2487,1763316000,,-28.21276,153.68016,1.12,2.11,5.71,3.59,21.47,30.31,0.78,151.74
Tweed Offshore,2487,1763317800,,-28.21275,153.68018,1.1,2.03,6.25,3.61,21.47,35.23,0.78,155.16
Tweed Offshore,2487,1763319600,,-28.21275,153.68022,1.11,1.88,6.25,3.63,21.38,33.65,0.73,146.11
Tweed Offshore,2487,1763321400,,-28.21273,153.68024,1.02,1.51,6.25,3.65,21.25,34.27,0.76,147.08
Tweed Offshore,2487,1763323200,,-28.21273,153.68022,0.96,1.44,7.41,3.59,21.25,40.77,0.75,147.16
Tweed Offshore,2487,1763325000,,-28.21273,153.68029,0.94,1.49,6.45,3.57,21.25,35.41,0.73,145.41
Tweed Offshore,2487,1763326800,,-28.21273,153.68026,0.89,1.52,6.67,3.42,21.25,36.03,0.67,146.64
Tweed Offshore,2487,1763328600,,-28.21273,153.68029,0.86,1.47,6.45,3.2,21.21,45.87,0.71,141.1
Tweed Offshore,2487,1763330400,,-28.21272,153.68029,0.77,1.48,6.67,3.38,21.12,42.44,0.72,148.48
Tweed Offshore,2487,1763332200,,-28.21272,153.68031,0.74,1.48,6.25,3.51,21.12,36.11,0.58,141.63
Tweed Offshore,2487,1763334000,,-28.2127,153.68031,0.69,1.22,6.9,3.38,21.25,47.89,0.63,141.63
Tweed Offshore,2487,1763335800,,-28.2127,153.68031,0.67,1.2,6.06,3.22,21.61,49.39,0.64,142.95
Tweed Offshore,2487,1763337600,,-28.2127,153.68031,0.62,0.99,5.41,3.39,21.43,49.12,0.68,138.29
Tweed Offshore,2487,1763339400,,-28.21272,153.68031,0.66,1.4,6.25,3.32,21.69,43.67,0.63,139.96
Tweed Offshore,2487,1763341200,,-28.21273,153.68029,0.68,1.21,6.45,3.49,21.69,44.03,0.66,144.26
Tweed Offshore,2487,1763343000,,-28.21273,153.68031,0.69,1.22,6.25,3.19,21.74,37.43,0.64,144.18
Tweed Offshore,2487,1763344800,,-28.21273,153.68024,0.7,1.26,6.45,3.29,21.74,36.82,0.54,150.24
Tweed Offshore,2487,1763346600,,-28.21273,153.68022,0.68,1.31,6.67,3.21,21.56,41.83,0.61,147.87
Tweed Offshore,2487,1763348400,,-28.2127,153.68026,0.69,1.12,6.25,3.41,21.61,36.2,0.53,145.14
Tweed Offshore,2487,1763350200,,-28.2127,153.68031,0.66,1.19,6.25,3.52,21.92,40.42,0.44,157.27
Tweed Offshore,2487,1763352000,,-28.21272,153.68031,0.62,1.18,6.45,3.79,21.78,35.76,0.52,149.98
Tweed Offshore,2487,1763353800,,-28.21272,153.68024,0.69,1.13,6.25,3.86,22.01,36.9,0.55,165.45
Tweed Offshore,2487,1763355600,,-28.21272,153.68026,0.67,1.05,6.06,3.04,22.41,42.88,0.52,156.75
Tweed Offshore,2487,1763357400,,-28.2127,153.68031,0.69,1.16,6.06,3.33,21.87,45.87,0.57,153.23
Tweed Offshore,2487,1763359200,,-28.2127,153.68024,0.68,1.24,6.25,3.36,21.87,53.61,0.49,157.36
Tweed Offshore,2487,1763361000,,-28.2127,153.68029,0.7,1.21,6.25,3.24,21.74,47.72,0.43,148.13
Tweed Offshore,2487,1763362800,,-28.2127,153.68026,0.69,1.64,6.67,3.34,21.56,41.48,0.58,154.46
Tweed Offshore,2487,1763364600,,-28.21269,153.68024,0.64,1.16,6.45,3.43,21.61,49.56,0.49,156.48
Tweed Offshore,2487,1763366400,,-28.21269,153.68024,0.62,1.09,5.88,3.66,21.69,56.25,0.48,157.45
Tweed Offshore,2487,1763368200,,-28.21269,153.68024,0.64,0.99,6.67,3.77,21.74,46.75,0.46,152.62
Tweed Offshore,2487,1763370000,,-28.2127,153.68016,0.63,1.08,7.14,3.93,21.83,51.59,0.49,158.15
Tweed Offshore,2487,1763371800,,-28.21272,153.68018,0.62,1.16,6.67,4.06,21.83,55.19,0.58,156.57
Tweed Offshore,2487,1763373600,,-28.21273,153.68016,0.64,1.18,6.67,4.2,21.92,41.21,0.55,151.65
Tweed Offshore,2487,1763375400,,-28.21273,153.68016,0.6,0.99,6.67,3.99,21.96,45.87,0.54,149.27
Tweed Offshore,2487,1763377200,,-28.21273,153.68009,0.6,0.89,6.67,4.1,21.92,51.06,0.52,163.08
Tweed Offshore,2487,1763379000,,-28.21273,153.68009,0.58,1.19,6.67,4.05,21.87,65.21,0.51,153.93
Tweed Offshore,2487,1763380800,,-28.21273,153.68011,0.56,0.95,6.45,4.12,21.92,66.53,0.51,155.69
Tweed Offshore,2487,1763382600,,-28.21276,153.68005,0.57,0.95,6.25,4.25,21.87,61.08,0.53,160.0
Tweed Offshore,2487,1763384400,,-28.21273,153.68003,0.55,0.83,6.25,3.64,21.78,69.43,0.45,142.77
Tweed Offshore,2487,1763386200,,-28.21273,153.67999,0.62,1.12,6.45,3.6,21.78,60.11,0.43,144.0
Tweed Offshore,2487,1763388000,,-28.21272,153.68001,0.68,1.06,6.25,3.71,21.65,67.5,0.39,141.36
Tweed Offshore,2487,1763388000,,-28.21272,153.68003,0.68,1.06,6.25,3.71,21.65,67.5,0.39,141.36
Tweed Offshore,2487,1763389800,,-28.2127,153.68003,0.68,1.39,6.67,3.69,21.61,65.56,0.41,144.7
Tweed Offshore,2487,1763391600,,-28.2127,153.68005,0.69,1.5,6.45,3.88,21.56,70.05,0.32,165.89
Tweed Offshore,2487,1763393400,,-28.2127,153.68003,0.74,1.16,6.06,3.86,21.47,71.89,0.33,169.67
Tweed Offshore,2487,1763395200,,-28.21272,153.68001,0.79,1.3,6.67,3.96,21.65,75.85,0.45,180.04
Tweed Offshore,2487,1763397000,,-28.21273,153.67996,0.84,1.33,5.41,3.97,21.74,143.37,0.38,169.23
Tweed Offshore,2487,1763398800,,-28.21272,153.67996,0.93,1.53,6.25,4.03,21.74,126.75,0.45,189.8
Tweed Offshore,2487,1763400600,,-28.21272,153.67992,1.08,1.86,5.88,4.19,21.78,157.08,0.45,194.55
Tweed Offshore,2487,1763402400,,-28.21273,153.67992,1.19,2.01,6.25,4.43,21.83,139.23,0.44,181.89
Tweed Offshore,2487,1763404200,,-28.2127,153.67994,1.45,2.09,6.06,4.95,21.78,155.5,0.52,188.22
Tweed Offshore,2487,1763406000,,-28.21273,153.67994,1.37,2.6,6.25,4.71,22.27,159.37,0.69,188.04
Tweed Offshore,2487,1763407800,,-28.21273,153.67994,1.41,2.18,6.67,4.98,22.23,167.19,0.68,185.14
Tweed Offshore,2487,1763409600,,-28.21275,153.67994,1.41,2.51,6.67,5.3,22.36,161.74,0.78,192.35
Tweed Offshore,2487,1763411400,,-28.21276,153.67996,1.54,3.12,6.67,5.32,22.5,165.78,0.84,176.79
Tweed Offshore,2487,1763413200,,-28.2128,153.67996,1.57,2.41,6.9,5.49,23.13,165.26,0.98,181.1
Tweed Offshore,2487,1763415000,,-28.2128,153.67999,1.7,3.24,6.9,5.56,23.49,165.17,1.01,174.77
Tweed Offshore,2487,1763416800,,-28.2128,153.68001,1.53,2.22,6.67,5.21,23.58,166.4,0.98,171.08
Tweed Offshore,2487,1763418600,,-28.21284,153.68001,1.67,3.01,6.45,5.18,23.49,150.75,0.93,173.01
Tweed Offshore,2487,1763420400,,-28.2128,153.68009,1.56,2.54,7.14,5.13,23.54,173.26,0.78,168.7
Tweed Offshore,2487,1763422200,,-28.21282,153.68003,1.66,2.76,6.67,5.24,23.49,149.7,0.88,173.98
Tweed Offshore,2487,1763424000,,-28.2128,153.68005,1.44,2.44,6.25,5.06,23.49,154.09,0.77,169.67
Tweed Offshore,2487,1763425800,,-28.2128,153.68007,1.46,2.53,6.25,5.0,23.35,143.1,0.92,170.11
Tweed Offshore,2487,1763427600,,-28.21282,153.68005,1.5,2.58,6.67,5.2,23.31,157.87,0.9,170.81
Tweed Offshore,2487,1763429400,,-28.2128,153.68009,1.56,2.3,6.45,5.23,23.35,154.44,0.76,168.26
Tweed Offshore,2487,1763431200,,-28.2128,153.68011,1.51,2.95,6.67,5.08,23.35,160.51,0.91,165.98
Tweed Offshore,2487,1763433000,,-28.21282,153.68009,1.49,2.61,6.67,4.99,23.31,153.12,0.88,165.63
Tweed Offshore,2487,1763434800,,-28.21282,153.68009,1.48,2.63,6.25,4.99,23.35,129.3,0.92,167.03
Tweed Offshore,2487,1763436600,,-28.21282,153.68009,1.55,2.49,6.9,5.12,23.44,160.6,0.8,163.08
Tweed Offshore,2487,1763438400,,-28.21282,153.68009,1.37,2.2,6.25,4.99,23.58,147.76,0.92,162.46
Tweed Offshore,2487,1763440200,,-28.21282,153.68009,1.48,2.27,6.67,5.06,23.63,134.22,1.0,161.58
Tweed Offshore,2487,1763442000,,-28.2128,153.68011,1.46,2.88,5.71,5.11,23.63,118.75,0.97,156.75
Tweed Offshore,2487,1763443800,,-28.2128,153.68014,1.45,2.51,8.33,5.09,23.58,164.2,0.85,156.92
Tweed Offshore,2487,1763445600,,-28.21276,153.68014,1.36,2.38,6.06,5.02,23.44,132.2,0.92,155.87
Tweed Offshore,2487,1763447400,,-28.21279,153.68016,1.38,2.23,5.71,4.93,23.4,117.87,0.9,152.35
Tweed Offshore,2487,1763449200,,-28.21276,153.68009,1.35,1.9,5.88,4.91,23.22,129.04,0.89,153.67
Tweed Offshore,2487,1763451000,,-28.21276,153.68009,1.42,2.63,9.09,5.18,23.22,167.19,0.79,151.47
Tweed Offshore,2487,1763452800,,-28.21276,153.68009,1.41,2.42,8.7,5.14,23.17,156.38,0.88,153.49
Tweed Offshore,2487,1763454600,,-28.21276,153.68009,1.38,2.31,8.7,5.11,23.22,163.32,0.85,154.73
Tweed Offshore,2487,1763456400,,-28.21276,153.68011,1.46,2.54,8.33,5.2,23.13,155.23,0.88,151.21
Tweed Offshore,2487,1763458200,,-28.21276,153.68011,1.43,2.56,9.09,5.3,22.99,154.53,0.86,149.8
Tweed Offshore,2487,1763460000,,-28.21275,153.68009,1.38,2.56,8.7,5.18,22.9,155.85,0.82,149.27
Tweed Offshore,2487,1763461800,,-28.21276,153.68011,1.37,2.19,7.69,5.08,22.77,157.7,0.86,149.63
Tweed Offshore,2487,1763463600,,-28.21279,153.68014,1.39,2.07,6.25,5.01,22.77,134.05,0.84,151.65
Tweed Offshore,2487,1763465400,,-28.21276,153.68011,1.35,2.14,8.33,5.04,22.63,150.4,0.83,149.27
Tweed Offshore,2487,1763467200,,-28.21276,153.68014,1.39,1.9,8.33,5.12,22.63,155.15,0.81,145.49
Tweed Offshore,2487,1763469000,,-28.21276,153.68014,1.4,2.48,8.33,5.14,22.54,155.06,0.85,143.3
Tweed Offshore,2487,1763470800,,-28.21276,153.68011,1.31,2.48,8.33,4.98,22.5,153.21,0.68,141.63
Tweed Offshore,2487,1763472600,,-28.21276,153.68005,1.28,2.27,8.33,5.0,22.45,165.43,0.78,149.71
Tweed Offshore,2487,1763474400,,-28.21276,153.68007,1.27,2.32,8.0,5.03,22.41,158.31,0.78,151.74
Tweed Offshore,2487,1763474400,,-28.21275,153.68007,1.27,2.32,8.0,5.03,22.41,158.31,0.78,151.74
Tweed Offshore,2487,1763476200,,-28.21276,153.68009,1.28,2.16,8.0,5.03,22.59,153.21,0.76,151.74
Tweed Offshore,2487,1763478000,,-28.21279,153.68007,1.3,2.13,7.69,5.02,22.63,158.31,0.79,152.35
Tweed Offshore,2487,1763479800,,-28.21276,153.68001,1.34,2.25,8.0,5.24,22.63,155.94,0.74,152.88
Tweed Offshore,2487,1763481600,,-28.21276,153.68009,1.21,2.09,7.14,5.09,22.68,141.08,0.77,151.03
Tweed Offshore,2487,1763483400,,-28.21275,153.68005,1.22,2.11,6.9,5.08,22.77,127.72,0.74,157.27
Tweed Offshore,2487,1763485200,,-28.21275,153.68014,1.16,2.06,7.69,4.94,22.68,149.17,0.67,153.14
Tweed Offshore,2487,1763487000,,-28.21276,153.68007,1.19,2.07,8.0,5.29,22.63,161.3,0.66,154.37
Tweed Offshore,2487,1763488800,,-28.21275,153.68003,1.14,2.13,7.14,5.41,22.95,147.94,0.7,167.21
Tweed Offshore,2487,1763490600,,-28.21276,153.68005,1.22,2.14,7.14,5.4,23.17,146.97,0.83,177.93
Tweed Offshore,2487,1763492400,,-28.21276,153.68005,1.22,1.96,7.69,5.43,23.35,161.21,0.79,173.36
Tweed Offshore,2487,1763494200,,-28.21279,153.68011,1.21,2.14,10.53,5.55,23.22,154.0,0.88,168.79
Tweed Offshore,2487,1763496000,,-28.21275,153.68016,1.22,1.83,9.09,5.66,23.31,164.9,0.83,168.79
Tweed Offshore,2487,1763497800,,-28.21276,153.68014,1.22,2.07,9.52,5.52,23.31,166.14,0.83,174.07
Tweed Offshore,2487,1763499600,,-28.21279,153.68014,1.21,1.94,9.09,5.33,23.35,173.52,0.78,171.16
Tweed Offshore,2487,1763501400,,-28.21279,153.68016,1.21,2.17,9.52,5.41,23.44,160.25,0.83,170.81
Tweed Offshore,2487,1763503200,,-28.21279,153.68018,1.29,2.0,10.0,5.75,23.44,174.4,0.8,170.81
Tweed Offshore,2487,1763505000,,-28.2128,153.68022,1.29,2.11,9.09,5.63,23.58,173.34,0.87,169.32
Tweed Offshore,2487,1763506800,,-28.21279,153.68024,1.34,1.97,9.52,5.79,23.63,159.63,0.82,165.63
Tweed Offshore,2487,1763508600,,-28.21279,153.68024,1.28,1.91,9.52,5.62,23.81,165.26,0.74,166.15
Tweed Offshore,2487,1763510400,,-28.21276,153.68026,1.24,1.96,9.09,5.49,23.85,170.27,0.92,171.87
Tweed Offshore,2487,1763512200,,-28.2128,153.6802,1.21,2.09,9.09,5.22,23.95,170.79,0.94,170.37
Tweed Offshore,2487,1763514000,,-28.2128,153.6802,1.26,2.34,6.67,5.27,24.08,117.17,0.93,167.82
Tweed Offshore,2487,1763515800,,-28.2128,153.68024,1.15,1.92,9.09,5.24,24.17,161.74,0.9,165.54
Tweed Offshore,2487,1763517600,,-28.2128,153.68024,1.2,1.87,11.11,5.33,24.17,148.55,0.97,162.37
Tweed Offshore,2487,1763519400,,-28.2128,153.68024,1.17,1.95,8.7,5.17,24.22,152.25,0.88,164.13
Tweed Offshore,2487,1763521200,,-28.21276,153.68026,1.13,1.71,9.52,5.04,24.17,159.72,0.78,165.45
Tweed Offshore,2487,1763523000,,-28.21279,153.68022,1.05,1.94,9.52,4.67,24.13,154.88,0.84,158.24
Tweed Offshore,2487,1763524800,,-28.21276,153.6802,1.12,2.03,10.0,4.64,24.08,159.98,0.83,163.08
Tweed Offshore,2487,1763526600,,-28.21276,153.68018,1.12,2.2,10.0,4.55,23.9,163.85,0.76,158.51
Tweed Offshore,2487,1763528400,,-28.21276,153.68018,1.12,1.77,9.52,4.34,23.9,142.49,0.81,155.16
Tweed Offshore,2487,1763530200,,-28.21276,153.68016,1.09,1.81,9.52,4.43,23.95,140.99,0.79,159.65
Tweed Offshore,2487,1763532000,,-28.21279,153.68014,1.13,1.76,10.0,4.49,23.9,152.07,0.66,162.9
Tweed Offshore,2487,1763533800,,-28.21276,153.68011,1.13,1.73,10.53,4.53,23.9,147.32,0.74,162.81
Tweed Offshore,2487,1763535600,,-28.21273,153.68014,1.12,2.1,10.53,4.43,23.81,122.09,0.58,162.02
Tweed Offshore,2487,1763537400,,-28.21273,153.68016,1.02,1.71,10.53,4.35,23.72,137.74,0.59,156.75
Tweed Offshore,2487,1763539200,,-28.21275,153.68016,1.02,1.61,9.52,4.35,23.63,156.03,0.65,156.84
Tweed Offshore,2487,1763541000,,-28.21276,153.68011,1.0,1.5,6.45,4.16,23.49,87.89,0.64,155.52
Tweed Offshore,2487,1763542800,,-28.21276,153.68005,1.03,1.58,10.53,4.14,23.44,131.94,0.56,158.15
Tweed Offshore,2487,1763544600,,-28.21275,153.68009,1.01,1.7,9.09,4.25,23.35,134.93,0.65,154.37
Tweed Offshore,2487,1763546400,,-28.21275,153.68003,0.96,1.64,10.0,4.17,23.26,128.86,0.59,157.19
Tweed Offshore,2487,1763548200,,-28.21275,153.68001,0.99,1.52,10.53,4.12,23.22,130.44,0.57,154.29
Tweed Offshore,2487,1763550000,,-28.21276,153.68007,1.01,1.8,11.11,4.24,23.13,124.55,0.39,159.65
Tweed Offshore,2487,1763551800,,-28.21275,153.68001,0.94,1.43,10.53,4.06,23.08,128.86,0.56,160.18
Tweed Offshore,2487,1763553600,,-28.21276,153.68003,0.92,1.41,10.0,4.02,23.04,149.08,0.34,155.16
Tweed Offshore,2487,1763555400,,-28.21276,153.67994,0.97,1.53,10.0,4.18,22.99,130.79,0.53,163.6
Tweed Offshore,2487,1763557200,,-28.21275,153.67996,0.95,1.68,9.52,4.09,22.95,138.71,0.41,152.62
Tweed Offshore,2487,1763559000,,-28.21275,153.67981,0.92,1.59,10.0,3.99,22.9,138.53,0.37,166.42
Tweed Offshore,2487,1763560800,,-28.21273,153.6799,0.9,1.61,9.52,3.98,22.86,132.64,0.42,168.09
Tweed Offshore,2487,1763560800,,-28.21273,153.67986,0.9,1.61,9.52,3.98,22.86,132.64,0.42,168.09
Tweed Offshore,2487,1763562600,,-28.21273,153.67988,0.93,1.48,10.53,3.97,22.77,117.52,0.44,167.03
Tweed Offshore,2487,1763564400,,-28.21275,153.67986,0.91,1.54,10.0,4.04,22.68,143.72,0.36,169.58
Tweed Offshore,2487,1763566200,,-28.21275,153.67986,0.91,1.45,10.0,4.21,22.63,118.05,0.49,169.67
Tweed Offshore,2487,1763568000,,-28.21275,153.67986,0.94,1.65,10.0,4.26,22.54,128.42,0.37,171.6
Tweed Offshore,2487,1763569800,,-28.21275,153.67992,0.92,1.86,10.53,4.35,22.45,125.61,0.51,167.91
Tweed Offshore,2487,1763571600,,-28.21276,153.67986,0.87,1.56,10.53,4.34,22.41,133.08,0.35,163.16
Tweed Offshore,2487,1763573400,,-28.21275,153.67988,0.88,1.57,9.52,4.44,22.36,125.43,0.5,170.9
Tweed Offshore,2487,1763575200,,-28.21272,153.67994,0.96,1.53,10.0,4.64,22.41,121.65,0.5,180.04
Tweed Offshore,2487,1763577000,,-28.21275,153.6799,0.96,1.65,10.0,5.06,22.32,112.51,0.63,179.34
Tweed Offshore,2487,1763578800,,-28.21275,153.6799,0.91,1.61,9.52,5.02,22.45,116.11,0.65,182.07
Tweed Offshore,2487,1763580600,,-28.21279,153.67994,0.88,1.52,10.53,4.75,22.63,108.82,0.83,176.18
Tweed Offshore,2487,1763582400,,-28.21279,153.67992,0.98,1.71,10.53,5.01,22.86,124.2,0.82,186.02
Tweed Offshore,2487,1763584200,,-28.21279,153.67994,0.93,1.53,10.0,4.89,23.04,128.77,0.97,181.98
Tweed Offshore,2487,1763586000,,-28.2128,153.67996,0.93,1.42,10.0,5.05,23.22,108.55,0.95,180.57
Tweed Offshore,2487,1763587800,,-28.21279,153.68003,0.96,1.41,9.52,5.3,23.31,133.61,0.99,172.48
Tweed Offshore,2487,1763589600,,-28.21279,153.68007,0.99,1.56,9.09,5.46,23.35,106.62,0.97,172.48
Tweed Offshore,2487,1763591400,,-28.2128,153.68007,0.96,1.38,10.53,5.56,23.58,131.76,1.03,174.95
Tweed Offshore,2487,1763593200,,-28.21282,153.68005,0.95,1.47,9.09,5.56,23.72,113.56,1.06,174.42
Tweed Offshore,2487,1763595000,,-28.21279,153.68014,0.99,1.81,10.0,5.76,23.95,112.42,1.06,167.3
Tweed Offshore,2487,1763596800,,-28.2128,153.68014,0.99,1.73,10.53,5.85,24.17,123.5,1.08,169.32
Tweed Offshore,2487,1763598600,,-28.2128,153.68016,1.01,1.48,9.52,5.84,24.54,119.63,1.0,160.26
Tweed Offshore,2487,1763600400,,-28.21279,153.6802,1.05,1.88,10.0,5.8,24.54,117.52,1.01,163.87
Tweed Offshore,2487,1763602200,,-28.2128,153.68018,1.01,1.79,11.11,5.72,24.59,120.33,1.02,160.62
Tweed Offshore,2487,1763604000,,-28.21279,153.68026,0.99,1.78,9.52,5.53,24.13,117.7,1.05,160.18
Tweed Offshore,2487,1763605800,,-28.21276,153.68026,1.06,1.82,10.53,5.52,24.08,121.74,1.04,156.13
Tweed Offshore,2487,1763607600,,-28.21275,153.68029,0.95,1.53,10.53,5.3,23.99,122.09,1.01,151.56
Tweed Offshore,2487,1763609400,,-28.21276,153.68024,0.98,1.53,10.0,4.82,23.85,109.26,0.96,156.22
Tweed Offshore,2487,1763611200,,-28.21276,153.68016,1.06,1.63,10.0,4.75,23.54,116.99,0.87,152.79
Tweed Offshore,2487,1763613000,,-28.21279,153.68014,1.02,1.7,11.11,4.6,23.63,101.17,0.83,154.11
Tweed Offshore,2487,1763614800,,-28.21275,153.68014,1.09,1.87,10.0,4.72,23.31,108.29,0.8,148.92
Tweed Offshore,2487,1763616600,,-28.21273,153.68014,1.14,1.74,10.0,4.71,23.22,109.61,0.79,150.68
Tweed Offshore,2487,1763618400,,-28.21275,153.68014,1.09,1.89,10.53,4.77,23.13,116.03,0.77,154.29
Tweed Offshore,2487,1763620200,,-28.21273,153.6802,1.1,1.76,11.11,4.64,22.9,101.43,0.74,150.51
Tweed Offshore,2487,1763622000,,-28.21275,153.68011,1.15,1.75,10.53,4.41,22.72,98.27,0.7,154.81
Tweed Offshore,2487,1763623800,,-28.21275,153.68014,1.16,1.96,10.53,4.39,22.77,102.66,0.76,157.89
Tweed Offshore,2487,1763625600,,-28.21275,153.68016,1.2,1.97,11.76,4.47,22.72,111.54,0.71,154.29
Tweed Offshore,2487,1763627400,,-28.21275,153.68014,1.19,1.84,10.53,4.36,22.77,102.84,0.77,151.82
Tweed Offshore,2487,1763629200,,-28.21275,153.68009,1.23,1.91,10.53,4.63,22.81,105.3,0.71,150.15
Tweed Offshore,2487,1763631000,,-28.21275,153.68016,1.26,1.87,11.11,4.69,22.77,107.41,0.75,144.0
Tweed Offshore,2487,1763632800,,-28.21272,153.68016,1.22,1.92,12.5,4.87,22.77,126.4,0.76,142.15
Tweed Offshore,2487,1763634600,,-28.21272,153.68018,1.22,2.63,11.11,4.62,22.68,98.88,0.71,139.25
Tweed Offshore,2487,1763636400,,-28.21272,153.6802,1.17,1.84,10.53,4.54,22.63,109.52,0.7,137.14
Tweed Offshore,2487,1763638200,,-28.2127,153.68029,1.25,2.47,10.53,4.74,22.59,93.7,0.68,130.02
Tweed Offshore,2487,1763640000,,-28.21272,153.68014,1.22,2.1,10.53,4.52,22.54,109.43,0.56,137.41
Tweed Offshore,2487,1763641800,,-28.21275,153.67996,1.15,1.83,11.76,4.5,22.45,105.39,0.5,148.92
Tweed Offshore,2487,1763643600,,-28.21275,153.67994,1.15,2.2,10.53,4.51,22.41,104.51,0.48,146.37
Tweed Offshore,2487,1763645400,,-28.21273,153.67999,1.16,1.85,10.53,4.66,22.36,110.22,0.46,149.1
Tweed Offshore,2487,1763647200,,-28.21272,153.68001,1.21,1.77,11.76,4.92,22.36,113.12,0.47,150.68
Tweed Offshore,2487,1763647200,,-28.21273,153.68001,1.21,1.77,11.76,4.92,22.36,113.12,0.47,150.68
Tweed Offshore,2487,1763649000,,-28.21273,153.68001,1.15,2.13,10.53,4.91,22.36,112.77,0.48,154.11
Tweed Offshore,2487,1763650800,,-28.21273,153.67996,1.17,2.07,12.5,5.0,22.32,106.27,0.44,160.62
Tweed Offshore,2487,1763652600,,-28.21273,153.67994,1.1,1.68,10.53,4.89,22.27,112.77,0.5,167.21
Tweed Offshore,2487,1763654400,,-28.21275,153.67986,1.07,1.72,11.76,4.93,22.41,113.12,0.51,176.09
Tweed Offshore,2487,1763656200,,-28.21275,153.67986,1.13,1.68,11.76,5.15,22.54,105.21,0.5,179.52
Tweed Offshore,2487,1763658000,,-28.21273,153.67988,1.1,1.71,12.5,5.28,22.54,113.12,0.58,177.93
Tweed Offshore,2487,1763659800,,-28.21276,153.67981,1.05,1.56,11.76,5.3,23.13,108.2,0.81,182.59
Tweed Offshore,2487,1763661600,,-28.21279,153.67981,1.11,1.67,11.76,5.75,23.26,114.09,0.85,180.75
Tweed Offshore,2487,1763663400,,-28.21279,153.67986,1.11,1.76,11.11,5.8,23.44,100.9,0.69,175.91
Tweed Offshore,2487,1763665200,,-28.21279,153.67986,1.17,2.22,11.11,6.07,23.44,106.62,0.72,174.59
Tweed Offshore,2487,1763667000,,-28.21279,153.6799,1.21,1.85,11.76,6.33,23.4,97.74,0.89,175.65
Tweed Offshore,2487,1763668800,,-28.21279,153.67996,1.15,1.89,11.11,6.37,23.44,112.33,0.75,173.54
Tweed Offshore,2487,1763670600,,-28.21279,153.67999,1.15,1.95,11.76,6.55,23.49,94.93,0.9,177.93
Tweed Offshore,2487,1763672400,,-28.2128,153.67996,1.14,1.7,10.53,6.33,23.76,99.41,0.99,177.41
Tweed Offshore,2487,1763674200,,-28.21279,153.68001,1.26,2.08,11.76,6.43,23.9,106.18,0.78,172.75
Tweed Offshore,2487,1763676000,,-28.2128,153.68005,1.2,2.07,11.76,6.47,23.85,104.42,0.86,167.03
Tweed Offshore,2487,1763677800,,-28.21279,153.68009,1.27,2.07,11.11,6.91,23.9,107.94,0.83,168.44
Tweed Offshore,2487,1763679600,,-28.2128,153.68011,1.28,1.99,11.76,6.99,24.17,111.63,1.14,166.68
Tweed Offshore,2487,1763681400,,-28.21276,153.68022,1.18,1.67,10.0,6.5,24.27,112.16,1.11,163.69
Tweed Offshore,2487,1763683200,,-28.21279,153.68024,1.16,1.81,11.76,6.16,24.31,118.93,1.09,161.49
Tweed Offshore,2487,1763685000,,-28.21275,153.68031,1.34,2.05,11.76,6.07,24.31,106.97,1.01,158.86
Tweed Offshore,2487,1763686800,,-28.21275,153.68031,1.38,2.35,11.76,6.15,24.17,116.38,0.9,155.52
Tweed Offshore,2487,1763688600,,-28.21275,153.68031,1.3,2.22,12.5,5.68,24.08,94.4,0.78,156.92
Tweed Offshore,2487,1763690400,,-28.21275,153.68031,1.38,2.07,11.76,5.46,23.95,112.16,0.73,153.14
Tweed Offshore,2487,1763692200,,-28.21272,153.68039,1.49,2.89,11.11,5.5,23.72,113.74,0.7,150.07
Tweed Offshore,2487,1763694000,,-28.21269,153.68039,1.55,2.33,12.5,5.39,23.63,92.29,0.65,149.45
Tweed Offshore,2487,1763695800,,-28.2127,153.68039,1.53,2.16,11.76,5.4,23.67,106.09,0.61,146.37
Tweed Offshore,2487,1763697600,,-28.2127,153.68031,1.5,2.81,12.5,5.34,23.72,100.82,0.46,149.63
Tweed Offshore,2487,1763699400,,-28.21269,153.68024,1.52,2.43,12.5,5.38,23.76,105.3,0.47,139.34
Tweed Offshore,2487,1763701200,,-28.21269,153.68016,1.53,2.45,11.76,5.23,23.81,111.89,0.43,139.69
Tweed Offshore,2487,1763703000,,-28.21267,153.68001,1.5,2.2,11.11,5.17,23.72,108.38,0.33,136.88
Tweed Offshore,2487,1763704800,,-28.21263,153.67988,1.45,2.2,12.5,5.2,23.63,104.68,0.34,132.66
Tweed Offshore,2487,1763706600,,-28.21263,153.67979,1.39,2.36,12.5,5.01,23.58,108.11,0.28,141.45
Tweed Offshore,2487,1763708400,,-28.21263,153.67973,1.43,2.22,11.76,5.04,23.54,110.05,0.22,146.46
Tweed Offshore,2487,1763710200,,-28.2126,153.67969,1.42,2.17,11.11,5.06,23.58,108.99,0.21,133.19
Tweed Offshore,2487,1763712000,,-28.21261,153.67964,1.33,2.4,11.76,5.32,23.58,106.0,0.18,146.99
Tweed Offshore,2487,1763713800,,-28.21263,153.67956,1.38,2.2,12.5,5.56,23.72,115.5,0.17,165.8
Tweed Offshore,2487,1763715600,,-28.21267,153.67964,1.2,1.95,11.11,5.1,23.99,116.82,0.52,208.18
Tweed Offshore,2487,1763717400,,-28.21273,153.67966,1.31,2.69,11.76,5.45,24.08,114.36,0.49,191.47
Tweed Offshore,2487,1763719200,,-28.21275,153.67958,1.41,2.16,11.76,5.28,24.36,127.01,0.47,188.57
Tweed Offshore,2487,1763721000,,-28.21275,153.6796,1.64,2.59,7.14,5.59,24.45,165.52,0.5,188.31
Tweed Offshore,2487,1763722800,,-28.21275,153.67969,1.59,2.65,11.76,5.66,24.22,118.58,0.54,178.9
Tweed Offshore,2487,1763724600,,-28.21275,153.67973,1.64,2.55,11.11,5.87,24.13,109.7,0.52,182.07
Tweed Offshore,2487,1763726400,,-28.21276,153.67975,1.57,2.48,11.76,5.84,24.13,111.01,0.57,176.44
Tweed Offshore,2487,1763728200,,-28.21276,153.67977,1.7,2.79,8.0,6.16,24.17,170.36,0.62,174.07
Tweed Offshore,2487,1763730000,,-28.21276,153.67981,1.6,2.55,12.5,5.94,24.17,108.11,0.6,168.44
Tweed Offshore,2487,1763731800,,-28.21275,153.67979,1.54,2.48,7.41,5.86,24.08,168.42,0.6,170.73
Tweed Offshore,2487,1763733600,,-28.21275,153.67986,1.51,2.38,7.69,5.86,24.04,168.07,0.6,168.18
Tweed Offshore,2487,1763735400,,-28.21275,153.67979,1.56,2.58,11.76,5.96,23.99,105.48,0.53,172.57
Tweed Offshore,2487,1763737200,,-28.21275,153.67981,1.6,2.82,12.5,6.11,23.85,101.17,0.5,172.04
Tweed Offshore,2487,1763739000,,-28.21276,153.67979,1.53,2.62,11.11,6.0,23.85,104.33,0.54,177.23
Tweed Offshore,2487,1763740800,,-28.21275,153.67983,1.48,2.48,7.69,5.97,23.76,168.51,0.59,176.44
Tweed Offshore,2487,1763742600,,-28.21275,153.67983,1.5,2.85,10.53,6.19,23.81,121.74,0.57,175.21
Tweed Offshore,2487,1763744400,,-28.21275,153.67986,1.46,2.65,11.11,6.12,23.72,113.21,0.62,173.54
Tweed Offshore,2487,1763746200,,-28.21275,153.67986,1.42,2.07,11.76,6.05,23.85,103.98,0.63,180.48
Tweed Offshore,2487,1763748000,,-28.21275,153.67986,1.44,2.41,11.76,6.0,23.9,115.94,0.64,185.49
Tweed Offshore,2487,1763749800,,-28.21276,153.67986,1.45,2.68,11.76,6.4,24.17,104.77,0.65,184.26
Tweed Offshore,2487,1763751600,,-28.21279,153.67986,1.44,2.1,11.76,6.05,24.22,90.71,0.72,180.75
Tweed Offshore,2487,1763753400,,-28.21276,153.67988,1.55,2.43,11.76,6.22,24.22,110.22,0.66,172.4
Tweed Offshore,2487,1763755200,,-28.21279,153.6799,1.52,2.84,11.76,6.04,24.22,99.32,0.71,174.68
Tweed Offshore,2487,1763757000,,-28.21276,153.67996,1.5,2.51,11.76,6.18,24.22,95.72,0.71,166.33
Tweed Offshore,2487,1763758800,,-28.21275,153.67999,1.55,3.09,11.11,6.27,24.13,103.98,0.71,170.02
Tweed Offshore,2487,1763760600,,-28.21273,153.67999,1.47,2.47,11.76,6.13,24.08,95.81,0.7,191.12
Tweed Offshore,2487,1763762400,,-28.21275,153.68009,1.55,2.46,11.76,6.15,24.08,96.68,0.61,173.36
Tweed Offshore,2487,1763764200,,-28.21275,153.68001,1.52,2.45,11.76,6.06,24.04,102.14,0.66,178.11
Tweed Offshore,2487,1763766000,,-28.21275,153.68005,1.46,2.3,11.76,5.97,24.13,97.83,0.66,181.19
Tweed Offshore,2487,1763767800,,-28.21275,153.68018,1.51,2.5,11.76,6.21,24.17,92.99,0.62,167.91
Tweed Offshore,2487,1763769600,,-28.21275,153.68011,1.59,2.56,11.76,6.39,24.17,100.64,0.7,167.65
Tweed Offshore,2487,1763771400,,-28.21276,153.68014,1.67,2.88,11.76,6.74,24.17,103.72,0.47,173.45
Tweed Offshore,2487,1763773200,,-28.21275,153.68018,1.49,2.3,11.76,6.24,24.13,96.6,0.66,166.77
Tweed Offshore,2487,1763775000,,-28.21275,153.68022,1.5,2.29,11.11,6.31,24.13,98.88,0.67,164.57
Tweed Offshore,2487,1763776800,,-28.21275,153.6802,1.43,2.53,10.53,6.29,24.17,111.89,0.53,163.08
Tweed Offshore,2487,1763778600,,-28.21273,153.68022,1.45,2.75,11.11,6.43,24.17,104.68,0.52,161.14
Tweed Offshore,2487,1763780400,,-28.21273,153.68024,1.51,2.5,11.11,6.47,24.22,101.17,0.63,159.74
Tweed Offshore,2487,1763782200,,-28.21272,153.68022,1.51,2.1,11.11,6.49,24.31,117.52,0.58,157.45
Tweed Offshore,2487,1763784000,,-28.21273,153.68022,1.54,2.59,11.76,6.55,24.36,121.74,0.55,161.23
Tweed Offshore,2487,1763785800,,-28.21273,153.68022,1.39,2.11,11.11,6.51,24.31,113.83,0.52,158.07
Tweed Offshore,2487,1763787600,,-28.2127,153.68022,1.46,2.61,11.76,6.78,24.27,112.77,0.45,155.25
Tweed Offshore,2487,1763789400,,-28.21272,153.68016,1.51,2.4,11.11,6.57,24.27,108.11,0.45,157.54
Tweed Offshore,2487,1763791200,,-28.21272,153.68007,1.35,2.34,11.76,6.32,24.22,108.55,0.47,164.57
Tweed Offshore,2487,1763793000,,-28.2127,153.68001,1.41,2.31,11.11,6.33,24.22,115.76,0.48,155.52
Tweed Offshore,2487,1763794800,,-28.21273,153.67999,1.4,2.77,11.11,6.4,24.27,111.89,0.45,159.91
Tweed Offshore,2487,1763796600,,-28.2127,153.68001,1.42,2.42,11.11,6.45,24.17,113.92,0.37,164.84
Tweed Offshore,2487,1763798400,,-28.21273,153.67986,1.3,2.29,9.52,6.16,24.17,143.28,0.44,166.07
Tweed Offshore,2487,1763800200,,-28.21273,153.6799,1.48,2.2,11.11,6.46,24.08,123.76,0.38,165.01
Tweed Offshore,2487,1763802000,,-28.21273,153.68001,1.51,2.14,11.76,6.62,23.95,103.63,0.4,167.3
Tweed Offshore,2487,1763803800,,-28.21275,153.67986,1.44,2.36,11.11,6.73,24.08,122.88,0.61,189.1
Tweed Offshore,2487,1763805600,,-28.21273,153.67983,1.53,2.5,8.7,6.8,24.08,157.34,0.7,191.65
Tweed Offshore,2487,1763807400,,-28.21279,153.67973,1.61,3.27,11.11,7.0,24.27,116.64,0.9,187.52
Tweed Offshore,2487,1763809200,,-28.2128,153.67981,1.6,2.96,10.0,6.84,24.22,131.41,0.86,180.66
Tweed Offshore,2487,1763811000,,-28.21282,153.67988,1.5,2.86,9.52,6.71,24.17,140.03,0.85,172.48
Tweed Offshore,2487,1763812800,,-28.2128,153.67994,1.46,2.61,11.11,6.58,24.22,100.38,0.8,166.42
Tweed Offshore,2487,1763814600,,-28.21282,153.67999,1.51,2.43,11.11,6.69,24.22,106.97,0.77,164.84
Tweed Offshore,2487,1763816400,,-28.21279,153.67994,1.48,2.72,10.53,6.72,24.17,113.04,0.76,165.27
Tweed Offshore,2487,1763818200,,-28.2128,153.67996,1.47,2.48,9.52,6.72,24.17,144.25,0.77,161.93
Tweed Offshore,2487,1763820000,,-28.2128,153.67994,1.57,2.51,9.52,6.83,24.04,146.36,0.66,158.77
Tweed Offshore,2487,1763821800,,-28.21276,153.67994,1.43,2.25,9.52,6.55,23.99,144.51,0.53,152.97
Tweed Offshore,2487,1763823600,,-28.21275,153.67986,1.36,2.35,10.0,6.79,23.99,133.17,0.51,151.3
Tweed Offshore,2487,1763825400,,-28.21275,153.67981,1.33,2.25,10.0,6.56,23.9,130.62,0.5,153.76
Tweed Offshore,2487,1763827200,,-28.21275,153.67979,1.19,2.0,10.0,6.12,23.85,129.21,0.49,153.49
Tweed Offshore,2487,1763829000,,-28.21273,153.67979,1.41,2.46,10.53,6.87,23.81,117.17,0.45,145.85
Tweed Offshore,2487,1763830800,,-28.21272,153.67988,1.34,2.18,10.53,6.54,23.76,120.86,0.35,140.84
Tweed Offshore,2487,1763832600,,-28.21272,153.67986,1.23,1.95,11.11,6.38,23.81,101.17,0.32,147.34
Tweed Offshore,2487,1763834400,,-28.21269,153.67988,1.17,1.87,10.53,6.15,23.76,104.25,0.28,135.38
Tweed Offshore,2487,1763836200,,-28.21269,153.6799,1.25,2.34,10.53,6.56,23.76,114.44,0.22,146.9
Tweed Offshore,2487,1763838000,,-28.21267,153.67988,1.25,2.09,11.11,6.46,23.76,113.04,0.26,139.43
Tweed Offshore,2487,1763839800,,-28.21265,153.6799,1.31,2.15,10.53,6.81,23.72,110.49,0.17,141.71
Tweed Offshore,2487,1763841600,,-28.21267,153.67988,1.14,2.06,11.11,6.55,23.72,119.45,0.25,167.03
Tweed Offshore,2487,1763843400,,-28.21269,153.67999,1.19,1.91,10.53,6.78,23.67,110.93,0.25,157.1
Tweed Offshore,2487,1763845200,,-28.21267,153.68001,1.31,2.06,9.52,6.88,23.67,106.0,0.25,152.88
Tweed Offshore,2487,1763847000,,-28.21269,153.68007,1.24,2.09,10.53,6.72,23.58,111.98,0.23,152.53
Tweed Offshore,2487,1763848800,,-28.21272,153.68009,1.17,2.12,10.53,4.48,23.58,113.48,0.35,153.85
Tweed Offshore,2487,1763850600,,-28.21272,153.68009,1.23,1.88,10.53,4.26,23.54,124.99,0.45,171.96
Tweed Offshore,2487,1763852400,,-28.21272,153.6802,1.22,2.16,10.53,4.29,23.49,113.48,0.54,163.08
Tweed Offshore,2487,1763854200,,-28.2127,153.68031,1.21,2.33,10.53,4.05,23.44,102.66,0.48,168.35
Tweed Offshore,2487,1763856000,,-28.21273,153.68018,1.25,2.14,10.0,3.94,23.4,104.25,0.65,160.79
Tweed Offshore,2487,1763857800,,-28.21273,153.68022,1.23,2.19,10.53,4.27,23.4,106.53,0.61,161.49
Tweed Offshore,2487,1763859600,,-28.21273,153.68024,1.11,2.04,11.11,4.02,23.4,117.43,0.5,162.73
Tweed Offshore,2487,1763861400,,-28.21273,153.68024,1.24,2.09,10.53,4.31,23.4,110.84,0.56,157.63
Tweed Offshore,2487,1763863200,,-28.21273,153.68029,1.11,1.86,10.53,4.22,23.4,99.06,0.47,145.14
Tweed Offshore,2487,1763865000,,-28.21273,153.68031,1.2,1.99,10.53,4.49,23.44,104.33,0.58,147.08
Tweed Offshore,2487,1763866800,,-28.2127,153.68037,1.09,1.88,10.53,4.21,23.49,97.04,0.46,140.13
Tweed Offshore,2487,1763868600,,-28.21273,153.68033,1.25,2.18,11.11,4.4,23.58,93.96,0.47,145.58
Tweed Offshore,2487,1763870400,,-28.21273,153.68031,1.15,1.84,11.11,4.4,23.63,98.44,0.58,138.64
Tweed Offshore,2487,1763872200,,-28.21273,153.68035,1.15,2.17,11.11,4.53,23.58,99.59,0.6,143.91
Tweed Offshore,2487,1763874000,,-28.21267,153.68039,1.1,1.92,11.11,4.23,23.58,96.77,0.59,116.4
Tweed Offshore,2487,1763875800,,-28.21272,153.68024,1.1,2.26,11.11,4.25,23.58,98.62,0.54,152.79
Tweed Offshore,2487,1763877600,,-28.21269,153.68037,1.11,2.05,10.53,4.25,23.58,94.49,0.66,137.05
Tweed Offshore,2487,1763879400,,-28.2127,153.68033,1.08,1.83,10.53,4.1,23.49,107.5,0.62,140.66
Tweed Offshore,2487,1763881200,,-28.21269,153.68035,1.12,1.84,11.11,4.02,23.44,93.08,0.55,138.46
Tweed Offshore,2487,1763883000,,-28.21269,153.68031,1.15,1.91,11.11,3.83,23.26,94.93,0.57,140.57
Tweed Offshore,2487,1763884800,,-28.21267,153.68039,1.1,2.19,11.11,3.66,23.22,92.03,0.62,133.36
Tweed Offshore,2487,1763886600,,-28.21272,153.68037,1.18,2.23,11.11,4.03,23.13,94.93,0.68,138.29
Tweed Offshore,2487,1763888400,,-28.21272,153.68031,1.18,1.9,10.53,3.9,23.13,120.77,0.71,136.7
Tweed Offshore,2487,1763890200,,-28.21275,153.6802,1.12,2.12,11.11,3.74,23.13,104.77,0.68,152.35
Tweed Offshore,2487,1763892000,,-28.21272,153.68031,1.19,2.01,10.53,3.88,23.08,100.55,0.66,149.01
Tweed Offshore,2487,1763893800,,-28.21269,153.68046,1.11,1.81,10.0,3.91,22.99,97.39,0.78,139.6
Tweed Offshore,2487,1763895600,,-28.21272,153.68042,1.21,2.16,11.11,4.38,22.99,104.86,0.79,141.54
Tweed Offshore,2487,1763897400,,-28.21269,153.68054,1.15,2.15,10.53,4.37,23.13,114.62,0.8,140.31
Tweed Offshore,2487,1763899200,,-28.21265,153.68054,1.05,1.86,10.53,3.86,23.22,98.53,0.78,132.75
Tweed Offshore,2487,1763901000,,-28.21265,153.68052,1.1,1.99,11.11,4.11,23.22,98.97,0.64,139.43
Tweed Offshore,2487,1763902800,,-28.21265,153.68052,1.03,2.04,10.53,4.01,23.13,94.4,0.64,136.35
Tweed Offshore,2487,1763904600,,-28.21263,153.6805,1.08,1.8,10.53,4.19,22.99,84.03,0.64,132.84
Tweed Offshore,2487,1763906400,,-28.21263,153.68048,1.05,1.64,10.0,4.09,22.81,103.45,0.65,140.13
Tweed Offshore,2487,1763908200,,-28.21265,153.68046,1.02,1.93,10.53,4.23,22.77,96.33,0.59,137.85
Tweed Offshore,2487,1763910000,,-28.21265,153.68042,1.08,1.82,10.0,4.24,22.68,95.81,0.56,136.97
Tweed Offshore,2487,1763911800,,-28.21267,153.68037,1.05,2.06,10.53,4.07,22.63,101.17,0.56,141.36
Tweed Offshore,2487,1763913600,,-28.21267,153.68039,1.07,2.04,10.53,3.99,22.63,100.47,0.6,140.48
Tweed Offshore,2487,1763915400,,-28.21267,153.68039,1.05,2.17,10.0,3.96,22.63,97.12,0.58,138.37
Tweed Offshore,2487,1763917200,,-28.21267,153.68039,1.02,1.51,10.53,3.8,22.63,91.67,0.59,143.56
Tweed Offshore,2487,1763919000,,-28.21267,153.68042,1.06,1.9,10.53,4.03,22.59,106.0,0.66,142.24
Tweed Offshore,2487,1763920800,,-28.21267,153.68042,1.03,1.68,10.0,4.0,22.63,99.76,0.52,142.42
Tweed Offshore,2487,1763922600,,-28.21267,153.68039,1.03,1.71,10.0,4.11,22.63,107.59,0.47,155.69
Tweed Offshore,2487,1763924400,,-28.21269,153.68035,1.01,1.6,10.53,4.12,22.77,103.81,0.64,158.51
Tweed Offshore,2487,1763926200,,-28.21269,153.68035,1.03,1.68,10.0,3.98,22.77,91.94,0.68,155.96
Tweed Offshore,2487,1763928000,,-28.2127,153.68035,0.99,1.6,10.0,3.85,22.72,103.28,0.65,156.92
Tweed Offshore,2487,1763929800,,-28.2127,153.68031,0.94,1.63,10.0,3.78,22.68,90.27,0.69,148.48
Tweed Offshore,2487,1763931600,,-28.2127,153.68035,0.99,1.61,10.0,4.05,22.77,100.64,0.72,148.48
Tweed Offshore,2487,1763933400,,-28.2127,153.68031,0.95,1.74,11.11,4.12,22.77,97.04,0.65,152.53
Tweed Offshore,2487,1763935200,,-28.2127,153.68031,0.97,1.62,10.0,4.19,22.86,93.17,0.71,149.54
Tweed Offshore,2487,1763937000,,-28.21267,153.68042,0.97,1.82,10.0,4.44,22.95,93.52,0.7,150.24
Tweed Offshore,2487,1763938800,,-28.21267,153.68046,0.99,1.61,10.53,4.57,22.99,99.67,0.48,152.26
Tweed Offshore,2487,1763940600,,-28.21265,153.68044,0.98,1.62,10.0,4.77,23.22,101.61,0.71,150.95
Tweed Offshore,2487,1763942400,,-28.21267,153.68046,1.0,1.75,11.11,4.82,23.22,98.53,0.73,150.59
Tweed Offshore,2487,1763944200,,-28.21269,153.68046,0.99,1.72,10.53,4.68,23.31,82.88,0.68,150.24
Tweed Offshore,2487,1763946000,,-28.21269,153.68046,1.03,1.68,10.0,4.59,23.44,97.21,0.73,145.05
Tweed Offshore,2487,1763947800,,-28.21269,153.68046,1.0,1.55,10.53,4.48,23.58,103.28,0.7,149.98
Tweed Offshore,2487,1763949600,,-28.21267,153.68046,0.96,1.73,10.53,4.33,23.63,93.78,0.73,154.11
Tweed Offshore,2487,1763951400,,-28.21269,153.68044,1.01,1.76,10.53,4.26,23.85,107.15,0.74,160.35
Tweed Offshore,2487,1763953200,,-28.21272,153.68035,0.98,1.77,10.53,3.92,23.76,99.23,0.7,171.43
Tweed Offshore,2487,1763955000,,-28.21272,153.68037,1.06,1.83,10.0,3.87,23.67,94.4,0.75,168.09
Tweed Offshore,2487,1763956800,,-28.21273,153.68037,1.04,1.8,11.11,3.96,23.67,105.92,0.76,166.95
Tweed Offshore,2487,1763958600,,-28.21272,153.68042,0.98,1.45,10.53,3.96,23.63,100.47,0.65,162.99
Tweed Offshore,2487,1763960400,,-28.2127,153.68042,0.95,1.64,10.53,4.06,23.63,97.74,0.78,159.03
Tweed Offshore,2487,1763962200,,-28.2127,153.68039,1.0,1.52,10.53,4.16,23.67,105.04,0.71,158.95
Tweed Offshore,2487,1763964000,,-28.21269,153.68039,1.0,1.67,11.11,4.42,23.9,113.3,0.65,162.73
Tweed Offshore,2487,1763965800,,-28.21269,153.68042,1.06,1.97,11.11,4.79,23.95,108.64,0.78,156.31
Tweed Offshore,2487,1763967600,,-28.21267,153.68046,0.99,1.65,10.53,4.8,23.9,106.36,0.76,154.46
Tweed Offshore,2487,1763969400,,-28.21269,153.68044,1.04,1.85,10.53,5.12,23.81,108.03,0.69,153.05
Tweed Offshore,2487,1763971200,,-28.21269,153.68046,1.11,1.92,10.53,5.47,23.67,118.31,0.71,154.73
Tweed Offshore,2487,1763973000,,-28.2127,153.68039,1.06,1.56,10.53,5.7,23.54,119.63,0.88,156.31
Tweed Offshore,2487,1763974800,,-28.21272,153.68039,1.12,1.87,10.53,5.93,23.72,105.04,0.79,153.67
Tweed Offshore,2487,1763976600,,-28.21269,153.68046,1.05,1.95,11.11,5.58,24.08,133.96,0.79,145.76
Tweed Offshore,2487,1763978400,,-28.2127,153.68048,1.12,1.72,10.53,5.61,24.13,109.52,0.79,144.0
Tweed Offshore,2487,1763980200,,-28.21272,153.68046,1.03,1.8,10.53,5.71,24.17,117.87,0.82,147.96
Tweed Offshore,2487,1763982000,,-28.21269,153.68052,1.12,1.86,10.0,5.94,24.13,96.77,0.86,140.48
Tweed Offshore,2487,1763983800,,-28.2127,153.68052,1.12,1.72,11.76,5.86,24.13,132.9,0.85,137.85
Tweed Offshore,2487,1763985600,,-28.21269,153.68052,1.17,2.02,10.53,6.14,24.17,104.77,0.88,134.68
Tweed Offshore,2487,1763987400,,-28.21267,153.68052,1.08,1.83,10.53,5.71,24.13,108.64,0.8,134.33
Tweed Offshore,2487,1763989200,,-28.21265,153.68052,1.0,1.74,9.09,5.49,23.99,138.09,0.74,132.75
Tweed Offshore,2487,1763991000,,-28.21272,153.68016,1.03,1.76,11.11,5.95,23.85,117.17,0.61,134.77
Tweed Offshore,2487,1763992800,,-28.2127,153.68018,1.05,1.84,10.0,6.01,23.72,124.73,0.54,129.41
Tweed Offshore,2487,1763994600,,-28.2127,153.68018,1.06,1.63,10.53,6.32,23.63,114.36,0.5,158.15
Tweed Offshore,2487,1763996400,,-28.2127,153.68022,0.99,1.68,10.53,6.25,23.63,117.43,0.43,161.32
Tweed Offshore,2487,1763998200,,-28.2127,153.6802,1.04,1.45,10.53,6.13,23.81,117.26,0.54,165.36
Tweed Offshore,2487,1764000000,,-28.21272,153.6802,1.11,1.63,11.11,6.58,23.9,113.21,0.61,168.35
Tweed Offshore,2487,1764001800,,-28.21275,153.6802,1.11,1.65,10.53,6.28,23.99,98.88,0.57,164.84
Tweed Offshore,2487,1764003600,,-28.21275,153.68022,1.12,1.67,10.53,6.3,24.04,95.37,0.61,164.22
Tweed Offshore,2487,1764005400,,-28.21272,153.68029,1.14,1.83,10.53,6.45,23.99,110.84,0.55,154.29
Tweed Offshore,2487,1764007200,,-28.21272,153.68029,1.17,2.25,10.0,6.17,23.99,102.14,0.59,158.24
Tweed Offshore,2487,1764009000,,-28.21273,153.68022,1.13,1.98,10.53,6.17,23.99,98.71,0.61,158.86
Tweed Offshore,2487,1764010800,,-28.21273,153.68016,1.18,2.05,10.53,6.42,23.99,100.64,0.63,170.81
Tweed Offshore,2487,1764012600,,-28.21275,153.68011,1.14,1.73,10.53,6.41,24.22,103.81,0.67,172.13
Tweed Offshore,2487,1764014400,,-28.21275,153.68014,1.29,2.21,10.53,6.45,24.27,105.12,0.74,171.43
Tweed Offshore,2487,1764016200,,-28.21276,153.68018,1.33,1.85,10.0,6.52,24.31,106.18,0.71,167.38
Tweed Offshore,2487,1764018000,,-28.21275,153.6802,1.28,2.14,11.11,6.34,24.36,116.82,0.84,173.27
Tweed Offshore,2487,1764019800,,-28.21276,153.68016,1.39,2.18,10.53,6.67,25.19,107.5,0.99,173.63
Tweed Offshore,2487,1764021600,,-28.21276,153.68018,1.4,2.21,10.53,6.61,25.19,110.14,0.93,170.55
Tweed Offshore,2487,1764023400,,-28.21276,153.6802,1.37,1.98,7.14,5.82,25.24,142.66,1.04,166.51
Tweed Offshore,2487,1764025200,,-28.21279,153.68024,1.34,2.09,7.69,4.98,25.14,160.42,1.03,162.73
Tweed Offshore,2487,1764027000,,-28.21279,153.68016,1.28,2.44,10.53,4.88,25.19,109.08,1.03,174.77
Tweed Offshore,2487,1764028800,,-28.21279,153.68024,1.31,2.05,7.14,4.87,25.28,145.12,1.07,165.45
Tweed Offshore,2487,1764030600,,-28.21279,153.68022,1.3,2.41,11.11,4.59,25.28,128.33,1.05,166.15
Tweed Offshore,2487,1764032400,,-28.2128,153.68024,1.25,2.1,8.0,4.63,25.28,146.09,1.08,168.26
Tweed Offshore,2487,1764034200,,-28.21279,153.68026,1.36,2.51,7.69,4.79,25.28,161.56,1.12,167.38
Tweed Offshore,2487,1764036000,,-28.2128,153.68029,1.28,2.21,10.53,4.34,25.1,108.29,1.09,165.71
Tweed Offshore,2487,1764037800,,-28.2128,153.68029,1.31,1.99,10.53,4.25,25.14,127.54,1.2,163.69
Tweed Offshore,2487,1764039600,,-28.2128,153.68026,1.43,2.36,10.53,4.28,24.96,103.45,1.1,159.74
Tweed Offshore,2487,1764041400,,-28.2128,153.68031,1.33,2.24,8.0,3.99,24.87,152.86,1.07,158.33
Tweed Offshore,2487,1764043200,,-28.21282,153.68031,1.46,2.65,10.53,4.15,24.68,125.61,1.11,156.31
Tweed Offshore,2487,1764045000,,-28.2128,153.68039,1.42,2.67,11.11,4.21,24.68,111.89,1.15,150.95
Tweed Offshore,2487,1764046800,,-28.21279,153.68039,1.38,2.43,11.11,3.96,24.63,110.31,1.14,152.97
Tweed Offshore,2487,1764048600,,-28.21276,153.68039,1.51,2.56,11.11,4.17,24.4,105.04,1.1,150.07
Tweed Offshore,2487,1764050400,,-28.21275,153.68039,1.49,3.09,10.53,4.0,24.45,95.1,1.09,150.42
Tweed Offshore,2487,1764052200,,-28.21275,153.68039,1.55,2.53,10.53,4.07,24.31,89.74,1.1,149.54
Tweed Offshore,2487,1764054000,,-28.21275,153.68042,1.54,2.69,11.11,4.04,24.27,106.79,1.07,148.84
Tweed Offshore,2487,1764055800,,-28.21275,153.68037,1.44,2.66,11.11,3.88,24.36,103.1,1.07,145.05
Tweed Offshore,2487,1764057600,,-28.21273,153.68037,1.52,2.94,10.53,4.37,24.27,107.76,1.06,140.84
Tweed Offshore,2487,1764059400,,-28.21275,153.68039,1.32,2.29,10.53,4.05,24.31,100.46,1.07,144.0
Tweed Offshore,2487,1764061200,,-28.21276,153.68039,1.31,2.4,11.11,4.24,24.36,90.18,1.06,141.36
Tweed Offshore,2487,1764063000,,-28.21273,153.68039,1.33,2.4,11.11,4.36,24.36,96.51,1.01,138.9
Tweed Offshore,2487,1764064800,,-28.21275,153.68035,1.3,2.25,11.11,4.04,24.36,89.65,0.94,138.46
Tweed Offshore,2487,1764066600,,-28.21275,153.68026,1.38,2.54,11.11,4.44,24.36,124.73,0.83,133.63
Tweed Offshore,2487,1764068400,,-28.21279,153.68016,1.26,2.36,10.53,4.14,24.4,88.16,0.8,142.86
Tweed Offshore,2487,1764070200,,-28.21279,153.68016,1.31,2.33,10.53,4.09,24.36,105.83,0.82,137.41
Tweed Offshore,2487,1764072000,,-28.21276,153.68014,1.21,2.29,11.11,4.32,24.36,96.77,0.82,139.34
Tweed Offshore,2487,1764073800,,-28.21273,153.68016,1.34,2.15,11.11,5.01,24.36,110.84,0.77,127.56
Tweed Offshore,2487,1764075600,,-28.2127,153.6802,1.26,2.03,10.0,5.04,24.31,106.09,0.64,119.74
Tweed Offshore,2487,1764077400,,-28.21272,153.68014,1.27,2.02,10.53,5.3,24.13,108.29,0.59,120.7
Tweed Offshore,2487,1764079200,,-28.21273,153.68003,1.21,2.01,11.11,5.13,24.08,114.27,0.5,136.18
Tweed Offshore,2487,1764081000,,-28.21273,153.68005,1.2,1.89,10.53,5.08,24.04,108.99,0.5,145.32
Tweed Offshore,2487,1764082800,,-28.21275,153.68005,1.21,1.99,11.11,4.95,23.99,106.62,0.55,151.03
Tweed Offshore,2487,1764084600,,-28.21275,153.67999,1.26,1.94,10.53,4.95,23.99,120.68,0.49,164.13
Tweed Offshore,2487,1764086400,,-28.21275,153.67999,1.24,2.03,10.53,4.63,23.99,107.41,0.57,170.29
Tweed Offshore,2487,1764088200,,-28.21276,153.67999,1.13,1.9,10.0,4.28,23.99,123.94,0.57,171.78
Tweed Offshore,2487,1764090000,,-28.21276,153.67996,1.27,2.14,11.11,4.76,23.99,111.19,0.65,168.7
Tweed Offshore,2487,1764091800,,-28.21276,153.67994,1.28,2.29,11.11,4.7,23.99,109.7,0.61,166.33
Tweed Offshore,2487,1764093600,,-28.21276,153.67994,1.13,1.93,10.53,4.62,23.99,118.22,0.5,168.0
Tweed Offshore,2487,1764095400,,-28.21279,153.67994,1.23,2.22,10.0,4.63,23.99,118.14,0.65,162.55
Tweed Offshore,2487,1764097200,,-28.21276,153.67994,1.18,2.38,11.11,4.57,24.04,99.76,0.68,165.45
Tweed Offshore,2487,1764099000,,-28.21276,153.67988,1.21,1.92,11.11,4.54,24.08,119.1,0.64,173.36
Tweed Offshore,2487,1764100800,,-28.21279,153.67988,1.09,2.24,10.53,4.39,24.13,99.32,0.65,173.1
Tweed Offshore,2487,1764102600,,-28.21279,153.67994,1.12,1.86,10.53,4.49,24.17,111.89,0.5,181.89
Tweed Offshore,2487,1764104400,,-28.21276,153.67994,1.12,1.96,10.0,4.26,24.17,103.28,0.75,174.51
Tweed Offshore,2487,1764106200,,-28.21276,153.67994,1.07,1.96,11.11,3.99,24.22,138.71,0.65,168.79
Tweed Offshore,2487,1764108000,,-28.21279,153.67999,1.09,2.01,11.11,4.06,24.22,118.05,0.79,170.55
Tweed Offshore,2487,1764109800,,-28.21279,153.67994,1.11,2.04,11.76,3.88,24.22,130.79,0.8,173.27
Tweed Offshore,2487,1764111600,,-28.21279,153.67992,1.18,2.84,11.11,3.91,24.22,103.37,0.84,174.07
Tweed Offshore,2487,1764113400,,-28.21279,153.67992,1.09,2.01,11.76,3.87,24.27,116.29,0.87,171.96
Tweed Offshore,2487,1764115200,,-28.2128,153.67994,1.25,2.2,10.53,4.14,24.27,101.7,0.86,171.34
Tweed Offshore,2487,1764117000,,-28.2128,153.67992,1.12,2.01,10.53,4.2,24.27,107.67,0.93,170.37
Tweed Offshore,2487,1764118800,,-28.2128,153.67994,1.13,2.15,11.11,4.15,24.27,106.44,0.87,172.13
Tweed Offshore,2487,1764120600,,-28.2128,153.67996,1.12,2.11,10.53,3.85,24.27,116.55,0.93,170.9
Tweed Offshore,2487,1764122400,,-28.2128,153.67999,1.24,2.77,11.11,4.05,24.27,97.74,0.95,165.8
Tweed Offshore,2487,1764124200,,-28.2128,153.67999,1.32,2.28,10.53,3.97,24.27,103.54,0.91,167.82
Tweed Offshore,2487,1764126000,,-28.2128,153.67999,1.44,2.48,11.11,4.02,24.36,106.97,0.93,170.29
Tweed Offshore,2487,1764127800,,-28.2128,153.68001,1.3,2.17,11.11,3.97,24.36,91.76,0.92,169.32
Tweed Offshore,2487,1764129600,,-28.21282,153.67994,1.36,2.68,11.11,3.9,24.36,94.75,1.0,167.21
Tweed Offshore,2487,1764131400,,-28.21285,153.67999,1.38,2.29,10.53,3.98,24.36,109.08,1.01,167.82
Tweed Offshore,2487,1764133200,,-28.21284,153.68001,1.32,2.4,11.11,3.97,24.4,92.64,0.99,168.7
Tweed Offshore,2487,1764135000,,-28.21282,153.68001,1.31,2.09,11.11,3.99,24.4,90.18,0.97,163.87
Tweed Offshore,2487,1764136800,,-28.21279,153.68009,1.4,2.42,10.53,4.02,24.4,97.74,0.96,161.85
Tweed Offshore,2487,1764138600,,-28.2128,153.68018,1.32,2.13,11.11,3.78,24.45,96.51,0.95,154.64
Tweed Offshore,2487,1764140400,,-28.21276,153.68024,1.32,2.17,11.11,3.92,24.45,94.75,0.92,155.69
Tweed Offshore,2487,1764142200,,-28.21276,153.68026,1.37,2.2,10.53,3.72,24.4,101.7,0.95,151.21
Tweed Offshore,2487,1764144000,,-28.21273,153.68033,1.47,2.35,10.53,4.11,24.36,93.96,0.91,145.58
Tweed Offshore,2487,1764145800,,-28.21275,153.68037,1.43,2.58,11.11,4.05,24.31,82.79,1.03,142.86
Tweed Offshore,2487,1764147600,,-28.21273,153.68037,1.46,2.42,11.11,4.2,24.31,81.12,0.96,145.23
Tweed Offshore,2487,1764149400,,-28.21275,153.68033,1.41,2.39,11.11,4.07,24.31,83.23,0.75,146.11
Tweed Offshore,2487,1764151200,,-28.21275,153.68031,1.44,2.43,10.53,3.94,24.27,86.57,0.76,145.85
Tweed Offshore,2487,1764153000,,-28.21275,153.68035,1.49,2.43,11.76,4.1,24.27,77.26,0.82,138.46
Tweed Offshore,2487,1764154800,,-28.21275,153.68031,1.62,3.08,11.11,4.34,24.22,89.39,0.77,139.08
Tweed Offshore,2487,1764156600,,-28.21275,153.68026,1.69,2.66,11.11,4.5,24.17,83.85,0.78,140.92
Tweed Offshore,2487,1764158400,,-28.21272,153.68031,1.75,3.1,11.11,4.71,24.08,88.86,0.68,141.45
Tweed Offshore,2487,1764160200,,-28.21275,153.68018,1.73,2.56,11.11,4.92,24.08,86.14,0.7,135.74
Tweed Offshore,2487,1764162000,,-28.2127,153.68022,1.72,2.82,11.11,5.08,24.04,82.79,0.8,127.91
Tweed Offshore,2487,1764163800,,-28.21272,153.68016,1.74,2.56,11.76,5.31,23.95,76.64,0.49,126.68
Tweed Offshore,2487,1764165600,,-28.21272,153.68014,1.66,2.56,5.71,5.22,23.85,14.84,0.59,132.13
Tweed Offshore,2487,1764167400,,-28.21273,153.68014,1.6,2.5,11.11,4.82,23.81,74.36,0.5,137.23
Tweed Offshore,2487,1764169200,,-28.21273,153.6802,1.61,2.49,10.53,4.5,23.72,89.48,0.63,139.08
Tweed Offshore,2487,1764171000,,-28.21272,153.68022,1.61,2.4,11.11,4.4,23.58,78.75,0.65,132.66
Tweed Offshore,2487,1764172800,,-28.21275,153.68016,1.46,2.64,11.76,4.23,23.44,78.57,0.5,137.76
Tweed Offshore,2487,1764174600,,-28.21273,153.68022,1.49,2.22,11.76,4.51,23.35,84.99,0.56,140.84
Tweed Offshore,2487,1764176400,,-28.21275,153.68016,1.51,2.41,10.53,4.58,23.22,94.22,0.5,145.23
Tweed Offshore,2487,1764178200,,-28.21275,153.68016,1.3,2.08,11.76,4.05,23.13,78.22,0.58,141.71
Tweed Offshore,2487,1764180000,,-28.21275,153.68016,1.33,2.47,11.76,4.06,23.08,83.59,0.63,142.86
Tweed Offshore,2487,1764181800,,-28.21273,153.68011,1.36,2.33,11.11,4.15,22.99,96.07,0.56,154.2
Tweed Offshore,2487,1764183600,,-28.21273,153.68011,1.25,2.14,11.11,4.15,22.95,81.21,0.56,158.95
Tweed Offshore,2487,1764185400,,-28.21272,153.68005,1.29,2.28,11.11,4.2,22.99,81.92,0.57,179.69
Tweed Offshore,2487,1764187200,,-28.21273,153.68009,1.24,2.04,11.11,4.31,23.13,84.9,0.6,172.75
Tweed Offshore,2487,1764189000,,-28.21273,153.68003,1.25,2.16,11.11,4.38,23.26,87.19,0.59,177.41
Tweed Offshore,2487,1764190800,,-28.21272,153.68009,1.22,2.13,11.11,4.75,23.31,90.71,0.66,174.77
Tweed Offshore,2487,1764192600,,-28.21272,153.68007,1.06,1.74,11.11,4.22,23.44,81.56,0.68,181.54
Tweed Offshore,2487,1764194400,,-28.21272,153.68005,1.06,2.14,11.11,4.09,23.54,81.65,0.79,185.32
Tweed Offshore,2487,1764196200,,-28.21275,153.68005,1.33,2.1,11.11,4.19,23.67,81.56,0.81,180.04
Tweed Offshore,2487,1764198000,,-28.21275,153.68016,1.3,2.27,11.11,4.04,23.76,88.77,0.83,169.67
Tweed Offshore,2487,1764199800,,-28.21276,153.68011,1.23,2.26,11.11,3.7,23.76,83.76,0.75,171.87
Tweed Offshore,2487,1764201600,,-28.21276,153.68011,1.34,2.2,10.53,3.81,23.81,95.89,0.79,169.93
Tweed Offshore,2487,1764203400,,-28.21276,153.68016,1.42,2.5,10.53,3.74,23.85,90.44,0.87,168.53
Tweed Offshore,2487,1764205200,,-28.21276,153.68016,1.53,2.73,10.53,3.76,23.85,78.93,0.86,172.04
Tweed Offshore,2487,1764207000,,-28.21276,153.68018,1.71,3.11,10.53,3.87,23.81,82.0,0.84,166.59
Tweed Offshore,2487,1764208800,,-28.21276,153.68011,1.6,2.77,10.53,3.76,23.76,82.44,0.87,163.08
Tweed Offshore,2487,1764210600,,-28.21279,153.68016,1.55,2.52,10.53,3.76,23.76,88.42,0.9,161.14
Tweed Offshore,2487,1764212400,,-28.2128,153.68011,1.44,2.35,5.0,3.7,23.81,20.73,0.9,164.31
Tweed Offshore,2487,1764214200,,-28.2128,153.68007,1.47,2.63,5.0,3.75,23.81,19.41,0.84,164.57
Tweed Offshore,2487,1764216000,,-28.21282,153.68011,1.41,2.66,10.53,3.68,23.95,80.86,0.94,159.91
Tweed Offshore,2487,1764217800,,-28.2128,153.68014,1.34,2.16,11.11,3.63,23.99,83.23,0.96,161.41
Tweed Offshore,2487,1764219600,,-28.21279,153.68016,1.42,3.05,10.53,3.76,23.99,91.06,0.95,159.74
Tweed Offshore,2487,1764221400,,-28.21276,153.68029,1.47,2.55,10.53,3.86,23.99,84.73,0.96,155.6
Tweed Offshore,2487,1764223200,,-28.21275,153.68031,1.48,2.52,10.53,4.07,23.99,76.46,0.97,153.58
Tweed Offshore,2487,1764225000,,-28.21273,153.68031,1.57,2.51,5.56,4.15,23.99,25.74,0.93,152.18
Tweed Offshore,2487,1764226800,,-28.21273,153.68035,1.41,2.57,5.71,4.13,24.08,26.09,0.9,150.51
Tweed Offshore,2487,1764228600,,-28.21273,153.68039,1.48,2.69,5.56,4.22,23.99,22.84,0.94,145.85
Tweed Offshore,2487,1764230400,,-28.21272,153.68033,1.51,2.69,5.88,4.24,23.76,24.25,0.6,143.47
Tweed Offshore,2487,1764232200,,-28.21272,153.68031,1.46,2.41,6.25,4.4,23.67,21.7,0.74,141.01
Tweed Offshore,2487,1764234000,,-28.21272,153.6802,1.47,2.12,5.88,4.66,23.63,16.25,0.55,139.96
Tweed Offshore,2487,1764235800,,-28.21273,153.68016,1.42,2.48,10.53,5.01,23.67,77.34,0.35,138.55
Tweed Offshore,2487,1764237600,,-28.21273,153.68009,1.4,2.29,6.06,5.06,23.63,24.33,0.48,135.38
Tweed Offshore,2487,1764239400,,-28.21275,153.67996,1.26,2.21,11.11,4.91,23.63,80.68,0.41,142.51
Tweed Offshore,2487,1764241200,,-28.21275,153.68003,1.3,1.93,11.11,4.8,23.63,81.65,0.66,137.23
Tweed Offshore,2487,1764243000,,-28.21276,153.68001,1.29,2.15,12.5,4.55,23.63,84.82,0.58,141.1
Tweed Offshore,2487,1764244800,,-28.21275,153.68005,1.25,2.0,10.53,4.47,23.49,83.59,0.57,141.36
Tweed Offshore,2487,1764246600,,-28.21275,153.67999,1.31,2.18,11.11,4.87,23.44,76.03,0.53,137.23
Tweed Offshore,2487,1764248400,,-28.21275,153.67988,1.24,2.29,11.11,4.99,23.31,78.14,0.39,137.58
Tweed Offshore,2487,1764250200,,-28.21273,153.67988,1.09,1.73,10.53,5.09,23.31,89.3,0.32,145.32
Tweed Offshore,2487,1764252000,,-28.21273,153.67986,1.2,1.87,11.11,5.61,23.22,84.9,0.28,152.79
Tweed Offshore,2487,1764253800,,-28.21275,153.67986,1.02,1.79,11.11,5.72,23.13,85.96,0.28,157.45
Tweed Offshore,2487,1764255600,,-28.21275,153.67983,0.97,1.58,11.76,5.97,23.13,89.21,0.26,165.27
Tweed Offshore,2487,1764257400,,-28.21273,153.67983,1.11,1.98,11.11,7.12,23.13,89.56,0.39,172.75
Tweed Offshore,2487,1764259200,,-28.21273,153.67979,1.03,1.74,11.11,6.82,23.22,78.22,0.32,184.09
Tweed Offshore,2487,1764261000,,-28.21272,153.67981,0.92,1.44,11.76,5.68,23.4,82.27,0.55,191.3
Tweed Offshore,2487,1764262800,,-28.21273,153.67986,1.05,1.82,11.11,5.3,23.44,84.11,0.55,187.08
Tweed Offshore,2487,1764264600,,-28.21273,153.67979,1.09,1.9,11.11,5.27,23.44,84.73,0.48,180.57
Tweed Offshore,2487,1764266400,,-28.21275,153.67983,1.32,2.14,11.11,5.2,23.35,84.9,0.5,181.71
Tweed Offshore,2487,1764268200,,-28.21273,153.6799,1.24,2.18,11.11,5.13,23.4,82.71,0.45,178.29
Tweed Offshore,2487,1764270000,,-28.21273,153.67986,1.37,2.3,11.11,5.43,23.49,82.35,0.48,170.46
Tweed Offshore,2487,1764271800,,-28.21273,153.67986,1.28,2.79,11.11,5.25,23.54,79.37,0.49,179.43
Tweed Offshore,2487,1764273600,,-28.21273,153.67981,1.32,2.2,11.76,5.65,23.63,85.7,0.46,179.96
Tweed Offshore,2487,1764275400,,-28.21273,153.67981,1.2,1.76,10.53,5.46,23.58,86.66,0.55,183.21
Tweed Offshore,2487,1764277200,,-28.21273,153.67979,1.15,1.9,11.11,5.39,23.58,99.67,0.54,181.36
Tweed Offshore,2487,1764279000,,-28.21273,153.67981,1.16,1.8,11.11,5.47,23.58,85.87,0.44,193.41
Tweed Offshore,2487,1764280800,,-28.2127,153.67994,1.15,1.93,11.11,5.55,23.95,106.09,0.52,202.29
Tweed Offshore,2487,1764282600,,-28.2127,153.67996,1.24,2.11,11.11,5.47,24.22,106.62,0.56,207.21
Tweed Offshore,2487,1764284400,,-28.2127,153.67996,1.08,1.7,11.11,5.09,24.36,97.92,0.62,200.88
Tweed Offshore,2487,1760450400,,-28.21269,153.68024,1.92,3.76,11.11,5.98,21.65,148.64,0.71,143.12
Tweed Offshore,2487,1760452200,,-28.2127,153.68016,1.78,3.29,10.53,5.79,21.61,142.05,0.65,142.95
Tweed Offshore,2487,1760454000,,-28.21272,153.68011,1.94,3.01,11.11,6.19,21.56,152.69,0.7,151.65
Tweed Offshore,2487,1760455800,,-28.21272,153.68011,1.96,3.27,10.0,6.2,21.47,141.7,0.73,151.82
Tweed Offshore,2487,1760457600,,-28.21273,153.68001,1.91,2.76,11.11,6.37,21.43,159.63,0.7,147.43
Tweed Offshore,2487,1760459400,,-28.21269,153.68001,1.73,2.87,10.53,6.24,21.43,137.57,0.66,148.22
Tweed Offshore,2487,1760461200,,-28.21267,153.68007,1.82,2.88,10.0,6.81,21.38,147.06,0.6,142.68
Tweed Offshore,2487,1760463000,,-28.21269,153.68007,1.78,3.04,10.53,6.81,21.38,157.7,0.6,147.43
Tweed Offshore,2487,1760464800,,-28.21269,153.68011,1.89,3.07,10.0,7.02,21.43,151.9,0.56,147.16
Tweed Offshore,2487,1760466600,,-28.21269,153.68016,1.75,3.16,11.11,6.8,21.43,151.9,0.56,151.47
Tweed Offshore,2487,1760468400,,-28.21269,153.68011,2.0,3.54,10.0,7.33,21.43,154.36,0.56,148.66
Tweed Offshore,2487,1760470200,,-28.21267,153.68009,1.72,2.33,11.11,7.05,21.43,157.52,0.5,156.57
Tweed Offshore,2487,1760472000,,-28.21269,153.68014,1.58,2.79,10.0,6.75,21.38,144.25,0.54,148.57
Tweed Offshore,2487,1760473800,,-28.21267,153.68011,1.66,3.11,11.11,6.86,21.38,150.14,0.54,154.11
Tweed Offshore,2487,1760475600,,-28.21272,153.68007,1.73,2.97,11.76,6.95,21.74,151.28,0.89,167.56
Tweed Offshore,2487,1760477400,,-28.21272,153.68011,1.58,2.28,11.11,6.95,21.96,144.07,0.85,166.15
Tweed Offshore,2487,1760479200,,-28.21272,153.68011,1.69,2.93,11.11,6.98,22.01,144.95,0.82,165.54
Tweed Offshore,2487,1760481000,,-28.21272,153.68009,1.56,3.06,11.11,6.47,22.01,144.25,0.84,168.79
Tweed Offshore,2487,1760482800,,-28.21273,153.68009,1.52,2.51,11.76,5.84,22.05,148.03,0.83,168.97
Tweed Offshore,2487,1760484600,,-28.21273,153.68009,1.48,2.41,11.11,5.46,22.23,147.76,0.84,170.37
Tweed Offshore,2487,1760486400,,-28.21275,153.68007,1.6,2.54,10.53,5.92,22.32,154.0,0.9,172.57
Tweed Offshore,2487,1760488200,,-28.21276,153.67999,1.55,3.23,10.53,5.86,22.54,156.47,0.96,181.89
Tweed Offshore,2487,1760490000,,-28.21276,153.67999,1.48,2.78,10.53,5.56,22.72,149.61,0.96,182.33
Tweed Offshore,2487,1760491800,,-28.21279,153.67996,1.61,2.72,11.11,5.55,22.72,157.79,0.99,179.43
Tweed Offshore,2487,1760493600,,-28.21276,153.67996,1.58,2.4,10.53,5.36,22.77,156.64,1.05,173.36
Tweed Offshore,2487,1760495400,,-28.21276,153.67994,1.42,2.5,11.76,5.11,22.81,166.93,1.04,175.38
Tweed Offshore,2487,1760497200,,-28.21282,153.67994,1.48,3.05,10.0,5.55,22.9,153.3,1.16,173.63
Tweed Offshore,2487,1760499000,,-28.21282,153.67992,1.47,2.86,10.53,5.35,22.99,151.37,1.23,174.95
Tweed Offshore,2487,1760500800,,-28.21284,153.6799,1.39,2.17,10.53,5.35,22.95,153.39,1.2,173.89
Tweed Offshore,2487,1760502600,,-28.21285,153.67988,1.44,2.42,11.11,5.3,22.95,158.22,1.21,172.04
Tweed Offshore,2487,1760504400,,-28.21284,153.67988,1.5,2.45,10.53,5.48,22.9,159.37,1.23,168.88
Tweed Offshore,2487,1760506200,,-28.21282,153.67999,1.31,2.33,10.53,4.91,22.95,148.99,1.27,162.64
Tweed Offshore,2487,1760508000,,-28.2128,153.68001,1.4,2.31,10.0,5.17,22.9,157.26,1.27,161.32
Tweed Offshore,2487,1760509800,,-28.21282,153.67994,1.39,2.45,9.52,5.14,22.95,141.17,1.21,164.31
Tweed Offshore,2487,1760511600,,-28.2128,153.68001,1.23,2.06,10.0,4.84,22.95,135.9,1.21,159.47
Tweed Offshore,2487,1760513400,,-28.21276,153.68001,1.2,1.87,10.53,4.7,22.81,151.1,1.14,163.96
Tweed Offshore,2487,1760515200,,-28.21275,153.67996,1.29,2.12,10.53,4.95,22.77,157.08,1.1,160.79
Tweed Offshore,2487,1760517000,,-28.2128,153.67994,1.32,2.0,9.52,4.94,22.72,150.49,1.11,161.32
Tweed Offshore,2487,1760518800,,-28.21276,153.67996,1.21,2.03,10.0,4.67,22.68,146.18,1.01,160.09
Tweed Offshore,2487,1760520600,,-28.21276,153.67992,1.19,1.91,10.0,4.73,22.63,155.15,0.99,159.47
Tweed Offshore,2487,1760522400,,-28.21275,153.67994,1.3,1.95,10.0,4.76,22.63,143.72,0.98,159.38
Tweed Offshore,2487,1760524200,,-28.21275,153.67994,1.41,2.34,9.52,4.9,22.59,131.41,0.96,160.35
Tweed Offshore,2487,1760526000,,-28.21276,153.67986,1.28,2.04,9.52,4.61,22.54,140.82,0.85,161.67
Tweed Offshore,2487,1760527800,,-28.21275,153.67986,1.26,2.15,9.52,4.52,22.45,132.47,0.84,159.03
Tweed Offshore,2487,1760529600,,-28.21273,153.67981,1.24,2.25,9.52,4.47,22.36,151.98,0.74,158.33
Tweed Offshore,2487,1760531400,,-28.21273,153.67977,1.25,2.07,9.52,4.59,22.32,135.63,0.73,162.64
Tweed Offshore,2487,1760533200,,-28.21273,153.67973,1.14,1.74,9.09,4.37,22.27,148.99,0.72,168.18
Tweed Offshore,2487,1760535000,,-28.21273,153.67971,1.11,1.98,8.7,4.4,22.23,132.55,0.72,170.02
Tweed Offshore,2487,1760536800,,-28.21272,153.67969,1.02,1.99,10.0,4.23,22.18,138.0,0.71,173.63
Tweed Offshore,2487,1760538600,,-28.21272,153.67966,0.98,1.51,10.0,4.13,22.05,129.74,0.69,172.13
Tweed Offshore,2487,1760540400,,-28.21272,153.67964,1.05,1.82,9.52,4.43,21.96,135.9,0.67,173.01
Tweed Offshore,2487,1760542200,,-28.2127,153.67964,1.01,1.57,9.52,4.29,21.87,143.28,0.65,175.91
Tweed Offshore,2487,1760544000,,-28.2127,153.67964,1.06,1.66,9.52,4.49,21.87,119.37,0.64,172.31
Tweed Offshore,2487,1760545800,,-28.21272,153.67964,1.07,1.77,9.09,4.46,21.78,133.7,0.63,170.02
Tweed Offshore,2487,1760547600,,-28.2127,153.67964,1.0,1.73,8.7,4.31,21.74,135.02,0.59,171.43
Tweed Offshore,2487,1760549400,,-28.21272,153.67964,1.06,1.87,9.52,4.49,21.69,144.42,0.6,164.57
Tweed Offshore,2487,1760551200,,-28.21272,153.67964,1.02,1.76,9.09,4.42,21.65,147.24,0.55,170.73
Tweed Offshore,2487,1760553000,,-28.2127,153.67966,0.99,1.84,9.52,4.37,21.61,114.36,0.56,173.98
Tweed Offshore,2487,1760554800,,-28.2127,153.67966,0.98,1.62,9.52,4.28,21.61,152.69,0.57,175.82
Tweed Offshore,2487,1760556600,,-28.21269,153.67971,0.99,1.6,9.52,4.31,21.52,139.94,0.57,174.24
Tweed Offshore,2487,1760558400,,-28.2127,153.67975,1.01,1.63,5.26,4.35,21.47,85.87,0.57,171.87
Tweed Offshore,2487,1760560200,,-28.2127,153.67973,0.98,1.59,8.7,4.41,21.47,125.96,0.57,175.21
Tweed Offshore,2487,1760562000,,-28.2127,153.67975,0.98,1.55,8.7,4.46,21.43,130.88,0.59,174.07
Tweed Offshore,2487,1760563800,,-28.2127,153.67977,1.05,1.86,9.09,4.57,21.47,111.98,0.58,175.91
Tweed Offshore,2487,1760565600,,-28.2127,153.67975,0.98,1.69,9.52,4.55,21.56,123.76,0.59,178.29
Tweed Offshore,2487,1760567400,,-28.21269,153.67975,1.03,1.83,9.09,4.7,21.52,125.17,0.58,181.01
Tweed Offshore,2487,1760569200,,-28.2127,153.67979,1.01,1.56,5.41,4.63,21.52,96.07,0.64,181.45
Tweed Offshore,2487,1760571000,,-28.21272,153.67979,0.98,1.6,8.33,4.7,21.65,136.07,0.66,181.8
Tweed Offshore,2487,1760572800,,-28.21272,153.67979,1.1,1.82,5.56,4.9,22.05,89.39,0.69,175.65
Tweed Offshore,2487,1760574600,,-28.21272,153.67975,1.0,1.71,5.13,4.66,22.5,87.81,0.67,174.33
Tweed Offshore,2487,1760576400,,-28.21272,153.67971,1.08,1.89,5.26,4.92,22.68,88.25,0.65,174.07
Tweed Offshore,2487,1760578200,,-28.21272,153.67969,1.02,1.81,5.26,4.74,22.72,83.06,0.63,171.6
Tweed Offshore,2487,1760580000,,-28.21272,153.67969,1.01,1.5,9.52,4.79,23.08,119.37,0.61,171.43
Tweed Offshore,2487,1760581800,,-28.21272,153.67966,0.97,1.63,5.41,4.61,22.86,103.81,0.66,171.43
Tweed Offshore,2487,1760583600,,-28.21272,153.67969,1.01,1.59,5.13,4.82,22.95,93.87,0.69,174.42
Tweed Offshore,2487,1760585400,,-28.21272,153.67971,0.98,1.59,5.71,4.67,22.99,84.11,0.72,175.65
Tweed Offshore,2487,1760587200,,-28.21273,153.67966,0.94,1.42,5.26,4.77,22.81,90.62,0.75,175.74
Tweed Offshore,2487,1760589000,,-28.21273,153.67971,0.94,1.59,9.09,4.88,22.5,120.25,0.8,175.3
Tweed Offshore,2487,1760590800,,-28.21273,153.67973,0.96,1.75,5.41,4.75,22.63,88.69,0.81,175.12
Tweed Offshore,2487,1760592600,,-28.21275,153.67977,0.93,1.76,9.52,4.72,22.86,115.32,0.91,173.71
Tweed Offshore,2487,1760594400,,-28.21275,153.67981,0.93,1.51,10.0,4.37,22.86,118.84,0.91,170.37
Tweed Offshore,2487,1760596200,,-28.21276,153.67979,0.93,1.69,10.0,4.33,23.08,134.75,0.97,171.6
Tweed Offshore,2487,1760598000,,-28.21275,153.67983,0.98,1.51,5.56,4.2,23.08,83.94,1.02,167.91
Tweed Offshore,2487,1760599800,,-28.21275,153.6799,0.96,1.56,5.13,4.07,22.86,68.73,1.01,167.03
Tweed Offshore,2487,1760601600,,-28.21275,153.6799,0.98,1.97,5.56,4.22,22.77,65.74,0.99,165.89
Tweed Offshore,2487,1760603400,,-28.21275,153.67994,0.89,1.51,5.88,4.08,22.63,78.31,0.98,164.57
Tweed Offshore,2487,1760605200,,-28.21275,153.67994,0.96,1.57,8.7,4.08,22.59,103.46,0.97,163.69
Tweed Offshore,2487,1760607000,,-28.21273,153.67999,1.01,1.77,9.52,4.22,22.54,119.46,0.96,162.37
Tweed Offshore,2487,1760608800,,-28.21275,153.67994,0.96,1.51,11.11,4.1,22.41,122.36,0.92,164.31
Tweed Offshore,2487,1760610600,,-28.21275,153.6799,0.98,1.52,9.52,4.16,22.36,110.31,0.93,164.92
Tweed Offshore,2487,1760612400,,-28.21275,153.67988,0.97,1.46,5.41,4.02,22.32,77.08,0.92,167.65
Tweed Offshore,2487,1760614200,,-28.21275,153.6799,0.91,1.56,5.88,4.15,22.23,67.32,0.91,164.92
Tweed Offshore,2487,1760616000,,-28.21276,153.67992,0.98,1.62,10.0,4.29,22.1,111.81,0.89,160.26
Tweed Offshore,2487,1760617800,,-28.21275,153.67996,1.01,1.77,5.56,4.23,21.92,91.76,0.85,159.56
Tweed Offshore,2487,1760619600,,-28.21275,153.67999,0.93,1.63,6.06,4.16,21.78,85.7,0.85,155.87
Tweed Offshore,2487,1760621400,,-28.21275,153.68001,1.0,1.63,5.88,4.12,21.69,67.41,0.88,156.4
Tweed Offshore,2487,1760623200,,-28.21275,153.68001,0.93,1.55,5.71,4.2,21.61,74.8,0.9,156.04
Tweed Offshore,2487,1760625000,,-28.21273,153.67994,0.96,1.57,5.56,4.19,21.56,84.38,0.87,157.1
Tweed Offshore,2487,1760626800,,-28.21273,153.67994,1.02,1.64,5.88,4.32,21.43,73.21,0.81,156.48
Tweed Offshore,2487,1760628600,,-28.21273,153.67994,0.99,1.93,5.88,4.32,21.47,75.94,0.74,151.65
Tweed Offshore,2487,1760630400,,-28.2127,153.67994,1.03,1.92,11.11,4.45,21.43,128.86,0.67,146.55
Tweed Offshore,2487,1760632200,,-28.21272,153.67992,1.09,1.89,6.45,4.58,21.47,69.96,0.69,152.09
Tweed Offshore,2487,1760634000,,-28.21272,153.67994,1.04,1.54,6.06,4.71,21.47,74.18,0.64,152.53
Tweed Offshore,2487,1760635800,,-28.2127,153.67994,1.1,2.1,11.11,5.25,21.43,143.1,0.62,149.27
Tweed Offshore,2487,1760637600,,-28.21273,153.67999,1.05,1.9,6.25,4.96,21.69,68.29,0.7,145.32
Tweed Offshore,2487,1760639400,,-28.2127,153.67994,1.07,1.83,6.25,5.13,21.61,74.0,0.68,153.41
Tweed Offshore,2487,1760641200,,-28.21269,153.67996,1.05,1.85,6.67,5.15,21.43,66.71,0.6,145.41
Tweed Offshore,2487,1760643000,,-28.21269,153.67996,1.04,1.75,5.56,5.21,21.38,90.18,0.55,150.86
Tweed Offshore,2487,1760644800,,-28.21269,153.67999,1.11,2.3,6.06,5.42,21.34,74.0,0.54,157.01
Tweed Offshore,2487,1760646600,,-28.21269,153.67999,1.11,1.83,6.06,5.25,21.38,73.39,0.54,162.73
Tweed Offshore,2487,1760648400,,-28.21269,153.67999,1.05,1.57,11.11,5.37,21.47,147.41,0.58,167.65
Tweed Offshore,2487,1760650200,,-28.2127,153.67994,1.01,1.79,11.76,5.35,21.56,142.4,0.57,170.02
Tweed Offshore,2487,1760652000,,-28.2127,153.67994,1.08,1.72,10.53,5.0,21.61,157.61,0.62,172.31
Tweed Offshore,2487,1760653800,,-28.2127,153.67994,1.0,1.59,10.53,4.78,21.61,145.21,0.61,170.55
Tweed Offshore,2487,1760655600,,-28.21272,153.67996,0.99,1.57,6.25,4.66,21.65,78.66,0.65,167.65
Tweed Offshore,2487,1760657400,,-28.21272,153.67994,1.03,1.57,6.67,4.46,21.65,61.08,0.67,169.76
Tweed Offshore,2487,1760659200,,-28.21273,153.67994,0.98,1.79,11.11,4.28,21.69,131.5,0.71,169.93
Tweed Offshore,2487,1760661000,,-28.21272,153.67992,0.93,1.56,10.53,4.06,21.65,128.69,0.74,166.24
Tweed Offshore,2487,1760662800,,-28.21275,153.6799,0.92,1.72,10.53,3.87,21.78,130.53,0.78,167.47
Tweed Offshore,2487,1760664600,,-28.21275,153.6799,0.91,1.48,11.11,3.58,21.69,136.25,0.78,170.64
Tweed Offshore,2487,1760666400,,-28.21275,153.67988,0.92,1.53,11.76,3.6,21.78,146.8,0.86,169.14
Tweed Offshore,2487,1760668200,,-28.21275,153.67986,0.94,1.38,10.53,3.54,21.87,133.52,0.85,170.11
Tweed Offshore,2487,1760670000,,-28.21275,153.67981,0.92,1.59,11.11,3.38,21.92,150.84,0.91,175.21
Tweed Offshore,2487,1760671800,,-28.21276,153.67986,0.96,1.91,10.53,3.28,22.01,147.32,0.9,170.11
Tweed Offshore,2487,1760673600,,-28.21276,153.67979,0.9,1.67,6.45,3.34,22.18,76.47,0.97,186.02
Tweed Offshore,2487,1760675400,,-28.21279,153.67977,1.01,1.92,6.67,3.36,22.72,79.63,1.07,187.34
Tweed Offshore,2487,1760677200,,-28.2128,153.67977,0.97,1.74,6.9,3.2,22.63,82.62,1.03,178.55
Tweed Offshore,2487,1760679000,,-28.2128,153.67979,1.07,2.0,6.06,3.29,22.54,77.7,1.05,175.74
Tweed Offshore,2487,1760680800,,-28.2128,153.67988,1.16,1.81,6.9,3.39,22.54,78.75,1.07,169.67
Tweed Offshore,2487,1760682600,,-28.21279,153.67988,1.13,1.78,6.67,3.53,22.45,81.48,1.11,169.23
Tweed Offshore,2487,1760684400,,-28.21282,153.6799,1.14,1.93,6.45,3.51,22.41,81.92,1.16,170.46
Tweed Offshore,2487,1760686200,,-28.2128,153.67992,1.19,1.88,6.25,3.52,22.41,77.35,1.14,165.89
Tweed Offshore,2487,1760688000,,-28.2128,153.68005,1.13,1.81,7.14,3.42,22.36,72.25,1.23,157.98
Tweed Offshore,2487,1760689800,,-28.2128,153.68003,1.18,1.81,6.9,3.52,22.23,74.27,1.22,160.79
Tweed Offshore,2487,1760691600,,-28.21279,153.68009,1.1,1.88,6.25,3.44,22.1,77.17,1.19,157.45
Tweed Offshore,2487,1760693400,,-28.21282,153.68011,1.08,1.95,7.41,3.38,22.01,67.59,1.11,158.15
Tweed Offshore,2487,1760695200,,-28.21282,153.68009,1.07,1.77,6.67,3.44,22.01,71.28,1.13,158.24
Tweed Offshore,2487,1760697000,,-28.21284,153.68011,1.09,1.79,7.41,3.49,21.92,72.07,1.12,158.86
Tweed Offshore,2487,1760698800,,-28.2128,153.68018,1.06,2.21,6.9,3.46,21.69,68.2,1.12,155.34
Tweed Offshore,2487,1760700600,,-28.2128,153.6802,1.04,1.7,6.9,3.57,21.52,67.94,1.05,153.76
Tweed Offshore,2487,1760702400,,-28.2128,153.68024,1.05,1.95,6.67,3.65,21.52,75.24,1.05,152.18
Tweed Offshore,2487,1760704200,,-28.21276,153.68031,1.04,1.78,7.41,3.6,21.12,67.5,1.04,148.84
Tweed Offshore,2487,1760706000,,-28.21279,153.68024,1.07,1.75,6.9,3.63,20.85,65.48,0.95,147.69
Tweed Offshore,2487,1760707800,,-28.21276,153.68026,1.05,1.78,7.69,3.59,20.72,66.97,0.9,145.41
Tweed Offshore,2487,1760709600,,-28.21276,153.6802,1.05,1.85,7.14,3.57,20.64,70.84,0.85,150.24
Tweed Offshore,2487,1760711400,,-28.21275,153.68024,1.0,1.8,6.9,3.64,20.55,77.43,0.83,141.8
Tweed Offshore,2487,1760713200,,-28.21272,153.68024,1.02,1.73,7.14,3.68,20.77,66.53,0.86,132.66
Tweed Offshore,2487,1760715000,,-28.21273,153.68018,1.02,1.67,7.14,3.59,20.85,75.41,0.79,138.2
Tweed Offshore,2487,1760716800,,-28.21273,153.68022,1.02,1.82,7.14,3.62,20.77,71.1,0.78,135.82
Tweed Offshore,2487,1760718600,,-28.21272,153.68024,1.13,1.98,6.67,3.88,20.81,76.03,0.79,137.23
Tweed Offshore,2487,1760720400,,-28.21272,153.68024,1.0,1.59,6.9,3.85,20.77,76.2,0.74,132.48
Tweed Offshore,2487,1760722200,,-28.21272,153.68026,1.02,2.15,7.14,3.91,20.68,82.36,0.7,134.86
Tweed Offshore,2487,1760724000,,-28.21272,153.68026,1.0,1.64,7.41,3.94,20.68,76.73,0.71,143.82
Tweed Offshore,2487,1760725800,,-28.21269,153.68026,0.97,1.67,6.9,3.94,20.68,58.44,0.69,141.8
Tweed Offshore,2487,1760727600,,-28.21269,153.68029,0.96,1.44,7.14,3.73,20.68,76.55,0.64,150.07
Tweed Offshore,2487,1760729400,,-28.2127,153.68031,0.99,1.74,6.45,3.69,20.72,71.81,0.69,148.92
Tweed Offshore,2487,1760731200,,-28.2127,153.68039,0.99,1.56,7.41,3.49,20.77,76.99,0.69,149.45
Tweed Offshore,2487,1760733000,,-28.2127,153.68039,1.01,1.75,6.45,3.49,20.81,74.62,0.76,148.22
Tweed Offshore,2487,1760734800,,-28.2127,153.68044,1.04,1.86,6.67,3.57,20.85,69.43,0.76,146.11
Tweed Offshore,2487,1760736600,,-28.2127,153.68044,0.99,1.75,7.41,3.4,20.81,69.43,0.77,150.42
Tweed Offshore,2487,1760738400,,-28.2127,153.68044,1.0,1.6,7.14,3.41,20.9,78.14,0.78,150.59
Tweed Offshore,2487,1760740200,,-28.21272,153.68042,0.96,1.67,7.69,3.28,21.03,70.22,0.81,153.85
Tweed Offshore,2487,1760742000,,-28.21272,153.68039,0.98,1.52,6.9,3.28,20.99,75.68,0.81,146.46
Tweed Offshore,2487,1760743800,,-28.21272,153.68039,0.97,1.53,7.14,3.26,21.03,76.38,0.8,150.59
Tweed Offshore,2487,1760745600,,-28.21272,153.68035,0.94,1.83,7.41,3.37,20.99,68.11,0.84,152.7
Tweed Offshore,2487,1760747400,,-28.21275,153.68033,0.95,1.63,7.41,3.47,20.94,54.84,0.91,154.73
Tweed Offshore,2487,1760749200,,-28.21276,153.68033,0.94,1.65,6.9,3.49,21.12,78.49,0.88,157.1
Tweed Offshore,2487,1760751000,,-28.21276,153.68031,0.89,1.45,7.69,3.3,21.25,75.06,0.89,152.88
Tweed Offshore,2487,1760752800,,-28.21275,153.68024,0.88,1.36,7.41,3.4,21.38,75.85,0.95,154.99
Tweed Offshore,2487,1760754600,,-28.21276,153.68024,0.97,1.7,7.14,3.38,21.56,75.76,0.91,156.4
Tweed Offshore,2487,1760756400,,-28.21279,153.68022,1.0,1.73,6.67,3.4,21.56,71.46,0.95,157.19
Tweed Offshore,2487,1760758200,,-28.21279,153.68018,0.95,1.55,7.14,3.32,21.65,71.28,0.94,158.59
Tweed Offshore,2487,1760760000,,-28.2128,153.68016,1.01,1.62,6.9,3.37,21.87,76.29,0.99,160.79
Tweed Offshore,2487,1760761800,,-28.2128,153.68014,1.06,1.94,7.69,3.51,21.83,72.42,0.98,159.91
Tweed Offshore,2487,1760763600,,-28.2128,153.68009,1.1,1.84,6.9,3.5,21.52,71.37,0.96,162.81
Tweed Offshore,2487,1760765400,,-28.2128,153.68009,1.14,2.0,7.41,3.64,21.21,71.63,0.91,164.84
Tweed Offshore,2487,1760767200,,-28.2128,153.68001,1.06,1.77,6.9,3.73,21.03,79.19,0.81,166.15
Tweed Offshore,2487,1760769000,,-28.2128,153.67996,1.03,1.7,7.41,3.71,21.12,67.76,0.91,168.62
Tweed Offshore,2487,1760770800,,-28.21279,153.67994,1.04,1.61,6.9,4.07,20.94,73.48,0.76,176.44
Tweed Offshore,2487,1760772600,,-28.21275,153.67992,0.98,1.77,8.0,4.17,21.3,63.54,0.85,168.44
Tweed Offshore,2487,1760774400,,-28.21279,153.67983,0.97,1.64,7.69,4.33,21.34,59.15,0.86,176.97
Tweed Offshore,2487,1760776200,,-28.21276,153.67992,0.92,1.63,14.29,4.56,21.38,146.71,0.86,166.33
Tweed Offshore,2487,1760778000,,-28.21275,153.67992,0.92,1.55,7.69,4.9,21.34,69.7,0.78,158.68
Tweed Offshore,2487,1760779800,,-28.21275,153.68003,1.0,1.56,7.14,4.91,21.34,66.53,0.74,159.56
Tweed Offshore,2487,1760781600,,-28.21275,153.68001,1.03,1.58,7.69,4.91,21.21,69.35,0.69,158.86
Tweed Offshore,2487,1760783400,,-28.21273,153.68009,0.92,1.41,7.41,4.88,21.25,69.52,0.71,159.38
Tweed Offshore,2487,1760785200,,-28.21273,153.68016,0.93,1.72,7.69,4.84,21.25,70.84,0.64,156.66
Tweed Offshore,2487,1760787000,,-28.21272,153.68022,0.93,1.52,8.0,4.74,21.21,74.97,0.62,154.02
Tweed Offshore,2487,1760788800,,-28.2127,153.68026,0.97,1.63,7.69,4.7,21.08,77.61,0.59,146.46
Tweed Offshore,2487,1760790600,,-28.21269,153.68024,1.03,1.68,7.41,4.8,21.12,87.02,0.57,137.32
Tweed Offshore,2487,1760792400,,-28.21269,153.68026,1.02,2.05,7.69,4.52,21.25,78.75,0.47,136.0
Tweed Offshore,2487,1760794200,,-28.21267,153.68029,1.08,1.72,8.0,4.73,21.34,67.32,0.51,136.26
Tweed Offshore,2487,1760796000,,-28.21269,153.68014,1.0,1.78,8.33,4.46,21.21,61.7,0.46,136.09
Tweed Offshore,2487,1760797800,,-28.21267,153.68016,1.07,1.85,7.41,4.43,21.08,73.74,0.39,131.87
Tweed Offshore,2487,1760799600,,-28.21267,153.68011,1.0,1.66,7.69,4.37,21.03,60.2,0.38,135.3
Tweed Offshore,2487,1760801400,,-28.21265,153.68014,1.01,2.13,7.69,4.44,21.08,58.36,0.34,141.54
Tweed Offshore,2487,1760803200,,-28.21267,153.68009,1.03,1.9,7.69,4.5,21.08,78.75,0.27,147.96
Tweed Offshore,2487,1760805000,,-28.21265,153.68009,1.04,1.6,7.69,4.39,21.03,68.38,0.33,151.21
Tweed Offshore,2487,1760806800,,-28.21267,153.68011,1.03,1.82,14.29,4.54,20.99,138.18,0.29,150.42
Tweed Offshore,2487,1760808600,,-28.21265,153.68011,1.13,1.89,14.29,4.62,20.85,141.79,0.3,146.81
Tweed Offshore,2487,1760810400,,-28.21265,153.68018,1.22,2.13,7.41,4.59,20.81,95.89,0.28,148.92
Tweed Offshore,2487,1760812200,,-28.21263,153.68024,1.27,1.95,7.69,4.76,20.72,86.22,0.28,156.22
Tweed Offshore,2487,1760815800,,-28.21265,153.68016,1.25,2.11,15.38,4.59,20.59,137.21,0.26,154.55
Tweed Offshore,2487,1760817600,,-28.21263,153.68016,1.21,2.0,15.38,4.67,20.59,138.0,0.27,157.27
Tweed Offshore,2487,1760819400,,-28.21261,153.68022,1.32,2.13,7.14,4.6,20.5,117.35,0.24,165.89
Tweed Offshore,2487,1760821200,,-28.21261,153.68024,1.27,2.04,4.44,4.66,20.46,169.74,0.22,161.67
Tweed Offshore,2487,1760823000,,-28.2126,153.68026,1.38,2.17,7.41,4.78,20.37,102.14,0.22,171.16
Tweed Offshore,2487,1760824800,,-28.21257,153.68031,1.39,2.54,14.29,4.68,20.37,145.48,0.2,183.56
Tweed Offshore,2487,1760826600,,-28.21257,153.68033,1.38,2.4,15.38,4.86,20.37,145.57,0.24,176.7
Tweed Offshore,2487,1760828400,,-28.21257,153.68024,1.41,2.74,15.38,4.77,20.37,144.86,0.3,184.26
Tweed Offshore,2487,1760830200,,-28.21258,153.68026,1.35,2.11,15.38,4.74,20.37,144.86,0.27,182.68
Tweed Offshore,2487,1760832000,,-28.21257,153.68031,1.41,2.24,15.38,4.77,20.37,148.73,0.24,180.48
Tweed Offshore,2487,1760833800,,-28.21257,153.68037,1.36,3.07,14.29,4.92,20.42,144.42,0.22,183.82
Tweed Offshore,2487,1760835600,,-28.21257,153.68035,1.45,2.21,14.29,5.0,20.46,150.14,0.17,192.0
Tweed Offshore,2487,1760837400,,-28.2126,153.68031,1.37,2.18,14.29,4.87,20.5,147.24,0.27,175.3
Tweed Offshore,2487,1760839200,,-28.21258,153.68031,1.32,2.76,14.29,4.95,20.59,145.21,0.23,167.47
Tweed Offshore,2487,1760841000,,-28.2126,153.68029,1.47,2.6,8.0,5.24,20.64,156.91,0.26,182.42
Tweed Offshore,2487,1760842800,,-28.21263,153.68022,1.48,2.27,8.33,5.2,20.68,154.88,0.28,183.12
Tweed Offshore,2487,1760844600,,-28.21263,153.68018,1.37,2.04,8.0,5.26,20.64,150.66,0.29,182.68
Tweed Offshore,2487,1760846400,,-28.21265,153.68024,1.47,2.25,7.69,5.57,20.64,152.77,0.35,182.95
Tweed Offshore,2487,1760848200,,-28.21261,153.68026,1.4,2.24,8.33,5.5,20.68,145.83,0.38,187.69
Tweed Offshore,2487,1760850000,,-28.21269,153.68016,1.42,2.39,8.7,5.65,20.72,159.98,0.41,185.05
Tweed Offshore,2487,1760851800,,-28.21272,153.67999,1.57,2.77,9.09,5.72,21.52,150.22,0.57,202.37
Tweed Offshore,2487,1760853600,,-28.21273,153.67994,1.6,2.64,8.33,5.75,21.69,163.76,0.65,191.21
Tweed Offshore,2487,1760855400,,-28.21273,153.6799,1.72,2.68,8.7,5.88,21.69,157.35,0.7,190.68
Tweed Offshore,2487,1760857200,,-28.21273,153.67994,1.58,2.61,8.0,5.62,21.56,147.24,0.72,183.82
Tweed Offshore,2487,1760859000,,-28.21273,153.67994,1.59,2.53,8.0,5.61,21.61,143.98,0.74,179.25
Tweed Offshore,2487,1760860800,,-28.21276,153.67994,1.61,2.48,12.5,5.92,22.77,157.43,1.04,187.87
Tweed Offshore,2487,1760862600,,-28.21279,153.67994,1.68,2.8,8.7,6.23,23.08,143.1,1.09,184.35
Tweed Offshore,2487,1760864400,,-28.21276,153.67992,1.72,2.63,7.69,6.27,23.13,123.5,1.03,178.9
Tweed Offshore,2487,1760866200,,-28.2128,153.67992,1.81,2.98,9.52,6.38,23.26,157.7,1.08,174.68
Tweed Offshore,2487,1760868000,,-28.2128,153.6799,1.7,2.62,7.41,6.26,23.17,131.85,1.01,171.43
Tweed Offshore,2487,1760869800,,-28.2128,153.6799,1.64,2.57,12.5,6.27,23.22,154.53,1.08,165.98
Tweed Offshore,2487,1760871600,,-28.21282,153.67992,1.6,2.9,8.0,6.19,23.26,134.84,1.11,167.3
Tweed Offshore,2487,1760873400,,-28.2128,153.67999,1.73,3.37,8.33,6.41,23.35,140.99,1.1,162.29
Tweed Offshore,2487,1760875200,,-28.2128,153.67999,1.63,2.87,8.33,6.18,23.4,131.24,1.06,161.85
Tweed Offshore,2487,1760877000,,-28.2128,153.68001,1.71,2.87,7.69,6.35,23.31,131.41,1.01,155.78
Tweed Offshore,2487,1760878800,,-28.2128,153.68005,1.63,2.57,8.33,6.16,23.26,139.68,1.08,155.43
Tweed Offshore,2487,1760880600,,-28.21279,153.68007,1.64,3.08,7.14,6.15,23.13,142.05,1.06,149.54
Tweed Offshore,2487,1760882400,,-28.2128,153.68005,1.54,2.42,7.41,6.24,23.04,148.47,1.05,150.59
Tweed Offshore,2487,1760884200,,-28.21279,153.68007,1.52,2.46,8.33,6.19,22.99,131.06,1.05,147.96
Tweed Offshore,2487,1760886000,,-28.21276,153.68001,1.59,2.39,8.33,6.37,22.86,138.36,0.98,147.87
Tweed Offshore,2487,1760887800,,-28.21279,153.68005,1.59,2.42,8.33,6.29,22.72,124.73,0.93,146.11
Tweed Offshore,2487,1760889600,,-28.21275,153.68003,1.59,2.74,7.41,6.36,22.45,152.33,0.92,138.73
Tweed Offshore,2487,1760891400,,-28.21275,153.68003,1.62,2.69,7.41,6.4,22.23,138.8,0.83,139.43
Tweed Offshore,2487,1760893200,,-28.21275,153.68001,1.48,2.51,8.7,6.32,22.05,134.14,0.74,134.59
Tweed Offshore,2487,1760895000,,-28.21273,153.68001,1.36,2.24,8.0,6.21,22.14,133.52,0.75,133.19
Tweed Offshore,2487,1760896800,,-28.21272,153.68003,1.39,2.75,8.0,6.36,22.1,130.8,0.72,130.37
Tweed Offshore,2487,1760898600,,-28.2127,153.68009,1.38,2.22,8.33,6.44,22.05,139.15,0.71,131.16
Tweed Offshore,2487,1760900400,,-28.2127,153.68014,1.27,2.14,8.33,6.29,21.96,137.04,0.71,128.53
Tweed Offshore,2487,1760902200,,-28.2127,153.68016,1.27,1.9,7.69,6.33,21.83,138.27,0.68,127.56
Tweed Offshore,2487,1760904000,,-28.2127,153.68016,1.2,2.31,7.69,6.56,21.96,131.59,0.66,127.21
Tweed Offshore,2487,1760905800,,-28.21272,153.68016,1.23,1.95,8.0,6.55,22.01,117.7,0.65,130.11
Tweed Offshore,2487,1760907600,,-28.21269,153.68018,1.23,2.1,8.7,6.53,22.01,131.24,0.62,129.05
Tweed Offshore,2487,1760909400,,-28.21269,153.68022,1.22,1.85,8.7,6.63,21.87,130.97,0.61,135.03
Tweed Offshore,2487,1760911200,,-28.21267,153.68024,1.11,1.66,8.7,6.64,21.83,131.32,0.53,134.07
Tweed Offshore,2487,1760913000,,-28.21267,153.6802,1.24,2.53,8.0,6.76,21.87,124.73,0.5,136.7
Tweed Offshore,2487,1760914800,,-28.21267,153.68022,1.19,1.69,7.41,6.29,21.92,137.48,0.48,141.89
Tweed Offshore,2487,1760916600,,-28.21269,153.68024,1.11,1.96,8.7,5.75,21.56,134.05,0.51,150.24
Tweed Offshore,2487,1760918400,,-28.2127,153.68022,1.09,1.69,7.41,5.21,21.52,143.46,0.56,157.19
Tweed Offshore,2487,1760920200,,-28.2127,153.68022,1.15,1.83,9.09,5.27,21.74,127.1,0.63,157.54
Tweed Offshore,2487,1760922000,,-28.21272,153.68022,1.13,1.83,8.7,5.14,21.87,132.82,0.67,155.25
Tweed Offshore,2487,1760923800,,-28.21272,153.68018,1.08,1.81,8.0,4.79,21.87,142.58,0.66,160.18
Tweed Offshore,2487,1760925600,,-28.21272,153.68014,1.09,1.59,8.33,4.58,21.92,123.5,0.68,162.11
Tweed Offshore,2487,1760927400,,-28.21273,153.68011,1.14,1.95,7.69,4.58,21.87,128.51,0.68,163.52
Tweed Offshore,2487,1760929200,,-28.21275,153.68007,1.01,1.79,8.7,4.19,21.87,113.74,0.72,164.66
Tweed Offshore,2487,1760931000,,-28.21275,153.68005,1.1,1.89,9.09,4.16,21.92,126.93,0.73,165.8
Tweed Offshore,2487,1760932800,,-28.21275,153.67999,1.08,1.94,10.53,3.91,22.05,152.69,0.76,176.62
Tweed Offshore,2487,1760934600,,-28.21276,153.67996,1.02,1.79,8.7,3.67,22.18,107.76,0.82,172.92
Tweed Offshore,2487,1760936400,,-28.21276,153.67994,0.96,2.05,9.52,3.52,22.27,137.57,0.83,178.11
Tweed Offshore,2487,1760938200,,-28.21276,153.67994,0.99,1.62,8.0,3.53,22.36,117.78,0.85,179.16
Tweed Offshore,2487,1760940000,,-28.21279,153.67994,1.01,1.86,7.69,3.44,22.41,116.64,0.91,174.77
Tweed Offshore,2487,1760941800,,-28.21276,153.67996,1.0,1.68,9.52,3.52,22.27,136.95,0.93,174.68
Tweed Offshore,2487,1760943600,,-28.21279,153.67999,1.0,1.67,9.09,3.47,22.32,131.59,0.97,169.05
Tweed Offshore,2487,1760945400,,-28.21276,153.68001,1.08,2.39,9.09,3.55,22.45,112.42,1.01,167.65
Tweed Offshore,2487,1760947200,,-28.21279,153.68007,1.1,1.93,8.0,3.54,22.54,103.1,1.05,165.63
Tweed Offshore,2487,1760949000,,-28.21276,153.68009,1.07,2.01,12.5,3.57,22.5,151.72,1.07,165.71
Tweed Offshore,2487,1760950800,,-28.21279,153.68009,1.13,1.85,8.0,3.63,22.59,105.83,1.03,166.33
Tweed Offshore,2487,1760952600,,-28.21276,153.68016,1.09,2.01,9.09,3.54,22.54,96.77,1.08,160.79
Tweed Offshore,2487,1760954400,,-28.21276,153.6802,1.1,1.86,9.09,3.54,22.59,109.61,1.05,158.59
Tweed Offshore,2487,1760956200,,-28.21275,153.68024,1.09,1.7,8.33,3.42,22.5,95.02,1.05,154.46
Tweed Offshore,2487,1760958000,,-28.21276,153.68029,1.07,2.27,8.7,3.46,22.45,98.18,1.03,152.62
Tweed Offshore,2487,1760959800,,-28.21276,153.68031,1.02,1.82,8.33,3.41,22.41,89.3,1.09,150.15
Tweed Offshore,2487,1760961600,,-28.21276,153.68029,1.07,1.81,8.33,3.4,22.36,102.4,1.04,147.69
Tweed Offshore,2487,1760963400,,-28.21276,153.68029,1.01,1.85,9.09,3.42,22.32,112.95,1.04,145.76
Tweed Offshore,2487,1760965200,,-28.21276,153.68029,1.06,2.03,13.33,3.5,22.27,146.36,0.97,146.55
Tweed Offshore,2487,1760967000,,-28.21275,153.68031,1.05,1.73,13.33,3.51,22.18,150.31,1.0,141.8
Tweed Offshore,2487,1760968800,,-28.21273,153.68029,0.98,1.85,9.09,3.41,22.05,100.91,0.95,138.37
Tweed Offshore,2487,1760970600,,-28.21273,153.68026,0.98,2.12,9.09,3.43,21.96,87.37,0.98,135.56
Tweed Offshore,2487,1760972400,,-28.21272,153.68026,1.03,1.64,8.33,3.45,21.96,81.39,0.94,132.4
Tweed Offshore,2487,1760974200,,-28.21273,153.68024,1.02,1.82,8.33,3.5,21.92,76.91,0.89,134.15
Tweed Offshore,2487,1760976000,,-28.21273,153.68018,0.96,1.83,8.7,3.51,21.87,65.3,0.83,134.24
Tweed Offshore,2487,1760977800,,-28.21272,153.68029,0.97,1.72,8.7,3.65,21.78,79.54,0.81,134.07
Tweed Offshore,2487,1760979600,,-28.21272,153.68024,0.93,1.44,9.09,3.62,21.69,73.21,0.78,130.29
Tweed Offshore,2487,1760981400,,-28.21273,153.68016,0.97,1.69,8.33,3.71,21.65,88.42,0.74,134.33
Tweed Offshore,2487,1760983200,,-28.21272,153.6802,0.93,1.58,8.7,3.57,21.56,80.16,0.74,135.91
Tweed Offshore,2487,1760985000,,-28.21272,153.68016,0.9,1.42,8.7,3.47,21.52,83.06,0.75,134.15
Tweed Offshore,2487,1760986800,,-28.21272,153.68014,0.95,1.82,8.33,3.74,21.47,83.5,0.71,140.4
Tweed Offshore,2487,1760988600,,-28.21273,153.68014,0.95,1.42,8.7,3.58,21.47,75.32,0.7,138.73
Tweed Offshore,2487,1760990400,,-28.21273,153.6802,0.97,1.79,8.7,3.68,21.43,86.31,0.71,142.59
Tweed Offshore,2487,1760992200,,-28.21272,153.68018,0.89,1.53,8.7,3.54,21.47,83.85,0.65,145.14
Tweed Offshore,2487,1760994000,,-28.21273,153.68016,0.94,1.53,7.69,3.61,21.52,82.44,0.67,147.25
Tweed Offshore,2487,1760995800,,-28.21273,153.68016,1.02,1.89,7.41,3.63,21.52,71.46,0.7,145.14
Tweed Offshore,2487,1760997600,,-28.2127,153.6802,0.98,1.7,8.33,3.58,21.52,81.92,0.73,143.38
Tweed Offshore,2487,1760999400,,-28.2127,153.68024,0.98,1.57,8.0,3.56,21.52,84.73,0.77,143.65
Tweed Offshore,2487,1761001200,,-28.21272,153.68029,0.97,1.91,8.33,3.48,21.43,77.96,0.75,141.71
Tweed Offshore,2487,1761003000,,-28.2127,153.68031,0.97,1.69,8.7,3.41,21.38,72.51,0.77,143.91
Tweed Offshore,2487,1761004800,,-28.21273,153.68024,1.01,1.82,8.0,3.44,21.25,80.86,0.77,143.74
Tweed Offshore,2487,1761006600,,-28.21273,153.68024,0.94,1.43,8.7,3.4,21.25,81.13,0.75,150.07
Tweed Offshore,2487,1761008400,,-28.21275,153.68022,1.0,1.86,8.33,3.49,21.3,81.74,0.78,148.92
Tweed Offshore,2487,1761010200,,-28.21272,153.68018,1.01,1.6,9.09,3.43,21.38,85.35,0.74,151.91
Tweed Offshore,2487,1761012000,,-28.21273,153.68016,0.98,1.79,8.33,3.52,21.47,76.11,0.7,150.33
Tweed Offshore,2487,1761013800,,-28.21275,153.68018,1.06,1.74,8.7,3.62,21.52,79.19,0.72,150.68
Tweed Offshore,2487,1761015600,,-28.21273,153.68016,0.96,2.16,9.09,3.5,21.52,83.5,0.7,153.23
Tweed Offshore,2487,1761017400,,-28.21275,153.68011,1.03,1.93,8.7,3.71,21.38,76.99,0.65,153.23
Tweed Offshore,2487,1761019200,,-28.21279,153.67994,0.91,1.56,8.0,3.42,21.47,89.3,0.71,155.87
Tweed Offshore,2487,1761021000,,-28.21276,153.67999,1.0,1.73,7.69,3.51,21.74,72.33,0.74,174.51
Tweed Offshore,2487,1761022800,,-28.21276,153.6799,1.05,1.73,7.69,3.66,21.92,83.41,0.72,172.4
Tweed Offshore,2487,1761024600,,-28.21276,153.67979,1.15,1.93,8.7,3.91,21.96,89.65,0.6,166.07
Tweed Offshore,2487,1761026400,,-28.21276,153.67986,1.04,1.77,8.7,3.68,21.96,79.46,0.66,165.63
Tweed Offshore,2487,1761028200,,-28.21276,153.67986,1.05,1.7,10.53,3.71,21.78,76.99,0.74,166.33
Tweed Offshore,2487,1761030000,,-28.21276,153.67992,1.13,1.92,10.53,3.95,21.74,73.83,0.73,167.21
Tweed Offshore,2487,1761031800,,-28.21275,153.67994,1.08,2.12,10.0,3.75,21.52,86.4,0.79,161.93
Tweed Offshore,2487,1761033600,,-28.21275,153.67994,1.14,2.0,10.53,3.96,21.43,73.92,0.73,160.62
Tweed Offshore,2487,1761035400,,-28.21275,153.67994,1.16,1.84,10.0,3.95,21.43,71.81,0.76,160.0
Tweed Offshore,2487,1761037200,,-28.21275,153.67994,1.2,2.13,8.7,3.95,21.38,82.09,0.77,154.99
Tweed Offshore,2487,1761039000,,-28.21275,153.68001,1.22,1.98,8.33,3.98,21.43,83.06,0.77,154.02
Tweed Offshore,2487,1761040800,,-28.21275,153.68003,1.12,1.83,8.7,3.82,21.52,80.07,0.75,152.62
Tweed Offshore,2487,1761042600,,-28.21276,153.68003,1.22,1.89,9.52,4.07,21.56,66.09,0.74,153.85
Tweed Offshore,2487,1761044400,,-28.21275,153.68007,1.17,2.02,9.09,4.02,21.56,68.47,0.71,145.93
Tweed Offshore,2487,1761046200,,-28.21275,153.68009,1.17,1.87,9.52,4.18,21.61,64.51,0.68,142.15
Tweed Offshore,2487,1761048000,,-28.21273,153.68018,1.16,1.95,9.52,4.27,21.69,65.74,0.72,139.78
Tweed Offshore,2487,1761049800,,-28.21273,153.68009,1.19,2.25,9.52,4.25,21.69,73.13,0.65,142.42
Tweed Offshore,2487,1761051600,,-28.21273,153.68011,1.16,2.14,9.52,4.32,21.74,68.64,0.62,137.93
Tweed Offshore,2487,1761053400,,-28.21273,153.68011,1.25,2.24,9.09,4.48,21.74,78.84,0.66,135.82
Tweed Offshore,2487,1761055200,,-28.21272,153.68016,1.29,2.39,8.7,4.58,21.69,79.89,0.63,137.93
Tweed Offshore,2487,1761057000,,-28.21272,153.68011,1.28,2.08,9.09,4.62,21.65,76.99,0.57,135.56
Tweed Offshore,2487,1761058800,,-28.21272,153.68007,1.2,2.22,8.7,4.68,21.56,74.88,0.62,130.29
Tweed Offshore,2487,1761060600,,-28.21273,153.68005,1.23,2.1,8.7,4.65,21.52,85.7,0.57,133.98
Tweed Offshore,2487,1761062400,,-28.21272,153.67999,1.27,2.54,9.09,4.56,21.47,72.33,0.49,148.31
Tweed Offshore,2487,1761064200,,-28.21272,153.67996,1.26,2.16,9.09,4.59,21.43,86.05,0.47,147.16
Tweed Offshore,2487,1761066000,,-28.21273,153.67999,1.33,2.28,8.7,4.96,21.38,79.98,0.45,152.35
Tweed Offshore,2487,1761067800,,-28.21272,153.67996,1.35,2.38,8.7,4.96,21.3,70.05,0.46,154.55
Tweed Offshore,2487,1761069600,,-28.21272,153.67996,1.28,2.2,8.7,4.91,21.3,80.16,0.45,167.38
Tweed Offshore,2487,1761071400,,-28.21272,153.68001,1.19,2.46,8.7,4.87,21.25,76.64,0.49,158.07
Tweed Offshore,2487,1761073200,,-28.2127,153.68001,1.28,2.41,8.7,4.95,21.21,79.1,0.48,160.97
Tweed Offshore,2487,1761075000,,-28.2127,153.68005,1.19,1.76,8.33,4.79,21.21,80.77,0.48,160.79
Tweed Offshore,2487,1761076800,,-28.2127,153.68009,1.23,2.06,8.7,4.66,21.21,71.37,0.45,161.58
Tweed Offshore,2487,1761078600,,-28.2127,153.68014,1.27,2.09,8.33,4.8,21.21,85.35,0.51,154.64
Tweed Offshore,2487,1761080400,,-28.2127,153.68016,1.24,1.81,8.7,4.67,21.21,77.52,0.52,158.95
Tweed Offshore,2487,1761082200,,-28.2127,153.68016,1.29,2.27,8.7,4.79,21.21,83.41,0.57,154.9
Tweed Offshore,2487,1761084000,,-28.21272,153.68016,1.29,1.95,8.7,4.64,21.21,73.39,0.57,156.57
Tweed Offshore,2487,1761085800,,-28.2127,153.68016,1.23,2.41,8.33,4.48,21.25,77.7,0.61,154.81
Tweed Offshore,2487,1761087600,,-28.2127,153.68018,1.18,2.28,8.33,4.42,21.3,75.06,0.58,157.71
Tweed Offshore,2487,1761089400,,-28.21272,153.68022,1.24,2.63,8.7,4.38,21.38,74.0,0.61,157.19
Tweed Offshore,2487,1761091200,,-28.21272,153.68022,1.1,1.84,9.09,4.03,21.43,84.47,0.62,156.22
Tweed Offshore,2487,1761093000,,-28.21272,153.68026,1.21,1.86,8.33,4.26,21.52,79.28,0.69,162.11
Tweed Offshore,2487,1761094800,,-28.21273,153.68029,1.17,2.34,9.09,4.23,21.56,76.47,0.73,152.79
Tweed Offshore,2487,1761096600,,-28.21275,153.68026,1.25,2.0,9.09,4.17,21.61,81.92,0.79,155.08
Tweed Offshore,2487,1761098400,,-28.21273,153.68022,1.29,2.48,8.7,4.13,21.69,79.81,0.79,165.01
Tweed Offshore,2487,1761100200,,-28.21275,153.68024,1.36,2.48,8.33,4.2,21.78,78.84,0.84,167.12
Tweed Offshore,2487,1761102000,,-28.21275,153.68022,1.3,2.26,9.09,3.93,21.83,73.83,0.9,163.6
Tweed Offshore,2487,1761103800,,-28.2128,153.68018,1.31,2.32,8.7,4.02,21.78,76.38,0.92,163.87
Tweed Offshore,2487,1761105600,,-28.2128,153.68011,1.49,2.74,9.52,4.23,22.01,74.97,0.97,166.77
Tweed Offshore,2487,1761107400,,-28.21279,153.68024,1.49,2.56,8.33,4.15,21.96,81.04,0.96,161.76
Tweed Offshore,2487,1761109200,,-28.21279,153.68024,1.49,2.83,9.09,4.16,22.1,75.85,1.04,158.77
Tweed Offshore,2487,1761111000,,-28.21276,153.68024,1.53,2.83,9.09,4.06,22.05,76.91,0.96,159.03
Tweed Offshore,2487,1761112800,,-28.21276,153.68026,1.48,2.32,8.7,3.87,22.05,69.35,1.02,151.65
Tweed Offshore,2487,1761114600,,-28.21276,153.68026,1.48,2.2,9.09,4.0,22.05,72.86,0.99,153.93
Tweed Offshore,2487,1761116400,,-28.21273,153.68033,1.52,2.8,9.09,3.97,22.1,72.07,1.0,148.92
Tweed Offshore,2487,1761118200,,-28.21275,153.68026,1.45,2.16,9.09,3.86,22.05,72.6,0.94,149.01
Tweed Offshore,2487,1761120000,,-28.21273,153.68031,1.5,2.62,9.09,3.98,22.05,65.83,0.92,148.48
Tweed Offshore,2487,1761121800,,-28.21275,153.68033,1.52,2.67,9.09,4.05,22.01,73.21,1.01,144.26
Tweed Offshore,2487,1761123600,,-28.21273,153.68031,1.54,2.44,9.09,4.21,22.01,69.17,1.0,147.25
Tweed Offshore,2487,1761125400,,-28.21275,153.68031,1.5,2.66,9.09,4.12,22.1,63.81,1.02,143.74
Tweed Offshore,2487,1761127200,,-28.21273,153.68037,1.62,2.45,9.09,4.33,22.14,70.75,1.0,142.51
Tweed Offshore,2487,1761129000,,-28.21273,153.68039,1.66,2.79,9.52,4.55,22.1,72.69,0.94,138.73
Tweed Offshore,2487,1761130800,,-28.21273,153.68039,1.52,2.39,9.52,4.24,22.01,75.15,1.0,137.14
Tweed Offshore,2487,1761132600,,-28.21273,153.68039,1.5,2.51,9.09,4.26,21.92,67.85,1.08,135.03
Tweed Offshore,2487,1761134400,,-28.21272,153.68039,1.46,2.83,8.7,4.35,21.92,72.16,0.94,134.24
Tweed Offshore,2487,1761136200,,-28.21272,153.68035,1.44,2.48,8.7,4.3,21.78,71.46,0.98,134.24
Tweed Offshore,2487,1761138000,,-28.21273,153.68031,1.55,2.38,9.09,4.41,21.69,66.44,0.95,131.87
Tweed Offshore,2487,1761139800,,-28.21273,153.68029,1.55,2.57,9.52,4.44,21.61,69.78,0.87,135.03
Tweed Offshore,2487,1761141600,,-28.21275,153.68024,1.41,2.44,9.09,4.18,21.52,71.46,0.83,135.56
Tweed Offshore,2487,1761143400,,-28.21273,153.68024,1.48,2.33,9.52,4.28,21.38,73.21,0.83,135.47
Tweed Offshore,2487,1761145200,,-28.21273,153.68024,1.35,2.43,9.09,4.06,21.16,65.13,0.77,136.53
Tweed Offshore,2487,1761147000,,-28.21272,153.68022,1.43,2.64,9.52,4.17,20.99,70.66,0.75,135.12
Tweed Offshore,2487,1761148800,,-28.21272,153.68016,1.39,2.19,9.52,4.25,20.94,71.28,0.69,139.69
Tweed Offshore,2487,1761150600,,-28.21273,153.68007,1.37,2.67,9.09,4.27,20.85,70.93,0.63,147.16
Tweed Offshore,2487,1761152400,,-28.21273,153.68016,1.46,2.47,9.09,4.22,20.81,69.7,0.71,141.8
Tweed Offshore,2487,1761154200,,-28.21272,153.68016,1.59,2.62,9.52,4.59,20.77,68.99,0.67,143.3
Tweed Offshore,2487,1761156000,,-28.21273,153.68014,1.43,2.28,8.7,4.42,20.72,76.38,0.62,146.55
Tweed Offshore,2487,1761157800,,-28.21273,153.68007,1.39,2.44,10.0,4.43,20.72,76.2,0.66,147.6
Tweed Offshore,2487,1761159600,,-28.21272,153.68005,1.36,2.63,9.52,4.3,20.68,73.92,0.62,155.43
Tweed Offshore,2487,1761161400,,-28.21276,153.68003,1.36,2.52,9.52,4.3,20.68,86.93,0.66,156.66
Tweed Offshore,2487,1761163200,,-28.21273,153.68007,1.4,2.61,9.52,4.39,20.68,78.14,0.6,158.24
Tweed Offshore,2487,1761165000,,-28.21275,153.68001,1.34,2.46,9.09,4.23,20.72,78.14,0.65,158.42
Tweed Offshore,2487,1761166800,,-28.21275,153.68007,1.38,2.46,9.09,4.22,20.72,74.97,0.68,158.15
Tweed Offshore,2487,1761168600,,-28.21275,153.68014,1.43,2.47,10.0,4.16,20.72,72.95,0.81,157.8
Tweed Offshore,2487,1761170400,,-28.21275,153.68016,1.3,2.33,9.09,3.99,20.81,72.86,0.82,155.69
Tweed Offshore,2487,1761172200,,-28.21276,153.68022,1.41,2.29,9.52,4.44,20.85,79.63,0.81,152.35
Tweed Offshore,2487,1761174000,,-28.21273,153.68022,1.36,2.46,9.52,4.34,20.94,78.22,0.83,155.08
Tweed Offshore,2487,1761175800,,-28.21275,153.68026,1.3,2.53,10.0,4.28,21.03,79.89,0.85,153.32
Tweed Offshore,2487,1761177600,,-28.21275,153.68026,1.38,2.4,10.0,4.72,21.21,84.73,0.85,157.89
Tweed Offshore,2487,1761179400,,-28.21275,153.68029,1.3,2.12,9.52,4.8,21.3,77.61,0.79,153.32
Tweed Offshore,2487,1761181200,,-28.21275,153.68031,1.31,2.43,10.0,5.01,21.43,79.72,0.87,155.78
Tweed Offshore,2487,1761183000,,-28.21275,153.68031,1.27,1.91,10.0,5.07,21.78,79.72,0.8,152.7
Tweed Offshore,2487,1761184800,,-28.21276,153.68031,1.31,2.16,10.0,5.59,21.65,78.58,0.85,155.6
Tweed Offshore,2487,1761186600,,-28.21273,153.68031,1.32,2.45,9.52,5.58,21.83,79.02,0.78,154.11
Tweed Offshore,2487,1761188400,,-28.21272,153.68033,1.3,2.07,10.0,5.1,21.69,75.76,0.74,155.69
Tweed Offshore,2487,1761190200,,-28.21272,153.68033,1.35,2.15,10.53,4.85,21.69,108.29,0.63,150.86
Tweed Offshore,2487,1761192000,,-28.21272,153.68029,1.45,2.13,10.0,5.0,21.74,84.55,0.69,161.49
Tweed Offshore,2487,1761193800,,-28.21273,153.68024,1.54,2.57,5.26,5.11,21.87,165.52,0.61,161.49
Tweed Offshore,2487,1761195600,,-28.21269,153.68035,1.65,2.61,5.56,5.15,21.87,166.22,0.59,152.18
Tweed Offshore,2487,1761197400,,-28.2127,153.68031,1.64,2.67,10.0,5.25,21.87,91.5,0.59,153.76
Tweed Offshore,2487,1761199200,,-28.21272,153.68031,1.54,2.54,5.71,5.11,21.92,159.89,0.62,156.22
Tweed Offshore,2487,1761201000,,-28.21272,153.68029,1.61,2.46,5.56,5.15,21.92,161.57,0.56,156.84
Tweed Offshore,2487,1761202800,,-28.2127,153.68018,1.61,2.42,10.0,5.2,22.01,101.7,0.52,159.82
Tweed Offshore,2487,1761204600,,-28.2127,153.68018,1.74,3.0,5.71,5.14,22.18,165.35,0.57,170.29
Tweed Offshore,2487,1761206400,,-28.2127,153.68011,1.79,3.53,5.88,5.33,22.36,167.63,0.57,171.69
Tweed Offshore,2487,1761208200,,-28.2127,153.68014,1.85,2.97,6.06,5.41,22.41,156.38,0.54,167.3
Tweed Offshore,2487,1761210000,,-28.21272,153.68009,1.77,2.77,6.06,5.33,22.45,160.69,0.5,171.96
Tweed Offshore,2487,1761211800,,-28.21272,153.68009,1.82,3.12,6.45,5.36,22.54,167.1,0.57,175.56
Tweed Offshore,2487,1761213600,,-28.2127,153.68003,1.87,2.87,6.67,5.39,22.59,163.32,0.55,177.41
Tweed Offshore,2487,1761215400,,-28.21273,153.68005,1.85,3.16,6.67,5.52,22.77,169.83,0.55,180.75
Tweed Offshore,2487,1761217200,,-28.21275,153.68005,1.75,3.28,6.45,5.34,22.77,166.66,0.56,175.65
Tweed Offshore,2487,1761219000,,-28.21273,153.68009,1.72,2.68,6.67,5.45,22.72,167.46,0.58,171.34
Tweed Offshore,2487,1761220800,,-28.21273,153.68011,1.77,2.9,6.67,5.49,22.68,153.3,0.56,167.47
Tweed Offshore,2487,1761222600,,-28.21272,153.68009,1.71,2.6,6.9,5.62,22.68,173.17,0.57,179.87
Tweed Offshore,2487,1761224400,,-28.21275,153.68016,1.84,3.13,6.9,5.7,22.72,173.87,0.64,173.01
Tweed Offshore,2487,1761226200,,-28.21272,153.68016,1.9,3.19,7.41,5.83,22.9,168.25,0.68,174.24
Tweed Offshore,2487,1761228000,,-28.21275,153.68016,1.95,3.27,7.41,5.89,22.95,161.04,0.61,174.15
Tweed Offshore,2487,1761229800,,-28.21273,153.68011,1.85,3.33,7.14,5.91,22.95,168.42,0.59,171.52
Tweed Offshore,2487,1761231600,,-28.21275,153.68011,1.94,3.1,6.9,6.02,22.99,170.27,0.62,168.62
Tweed Offshore,2487,1761233400,,-28.21273,153.68007,1.88,3.43,7.41,6.16,22.99,165.08,0.6,170.99
Tweed Offshore,2487,1761235200,,-28.21273,153.68005,1.82,3.27,7.41,6.21,23.04,171.5,0.62,171.25
Tweed Offshore,2487,1761237000,,-28.21273,153.68007,1.73,3.66,7.41,6.12,23.08,165.43,0.63,168.88
Tweed Offshore,2487,1761238800,,-28.21275,153.68005,1.79,3.18,7.41,6.2,23.08,158.4,0.62,166.51
Tweed Offshore,2487,1761240600,,-28.21276,153.68009,1.68,2.93,7.14,6.22,23.04,154.27,0.63,163.52
Tweed Offshore,2487,1761242400,,-28.21275,153.68009,1.61,2.83,10.0,6.13,22.99,78.75,0.63,164.75
Tweed Offshore,2487,1761244200,,-28.21273,153.68009,1.65,2.72,7.14,6.07,22.99,152.95,0.64,158.24
Tweed Offshore,2487,1761246000,,-28.21273,153.68009,1.68,2.6,6.9,6.06,23.04,151.1,0.66,159.12
Tweed Offshore,2487,1761247800,,-28.21273,153.68009,1.68,2.51,10.0,6.33,23.04,87.46,0.64,152.88
Tweed Offshore,2487,1761249600,,-28.21273,153.68009,1.55,2.51,7.41,6.16,23.04,159.72,0.59,154.64
Tweed Offshore,2487,1761251400,,-28.21272,153.68009,1.67,2.83,7.14,6.51,23.04,168.42,0.64,154.73
Tweed Offshore,2487,1761253200,,-28.21273,153.68009,1.55,2.32,6.9,6.29,23.08,158.31,0.62,161.23
Tweed Offshore,2487,1761255000,,-28.21273,153.68009,1.65,2.84,13.33,6.63,23.08,152.6,0.61,158.95
Tweed Offshore,2487,1761256800,,-28.21273,153.68007,1.68,2.58,6.67,6.56,23.13,161.83,0.64,167.47
Tweed Offshore,2487,1761258600,,-28.21275,153.68005,1.66,2.56,10.0,6.63,23.17,104.25,0.66,168.26
Tweed Offshore,2487,1761260400,,-28.21275,153.68007,1.58,2.36,13.33,6.74,23.22,162.36,0.66,169.05
Tweed Offshore,2487,1761262200,,-28.21275,153.68009,1.51,2.11,10.0,6.77,23.31,111.19,0.64,170.29
Tweed Offshore,2487,1761264000,,-28.21275,153.68009,1.71,2.86,8.7,6.98,23.4,155.67,0.66,166.59
Tweed Offshore,2487,1761265800,,-28.21276,153.68016,1.83,2.83,8.7,7.17,23.54,158.4,0.67,161.93
Tweed Offshore,2487,1761267600,,-28.21273,153.68026,1.83,3.02,9.09,6.97,23.63,148.82,0.64,154.2
Tweed Offshore,2487,1761269400,,-28.21273,153.68029,1.72,2.62,8.7,7.03,23.63,153.65,0.67,155.34
Tweed Offshore,2487,1761271200,,-28.21273,153.68024,1.66,2.42,8.7,6.77,23.67,153.48,0.62,158.77
Tweed Offshore,2487,1761273000,,-28.21273,153.68022,1.59,2.75,8.33,6.64,23.67,159.46,0.61,157.27
Tweed Offshore,2487,1761274800,,-28.21273,153.68016,1.94,2.92,8.7,7.0,23.72,159.28,0.62,158.86
Tweed Offshore,2487,1761276600,,-28.21275,153.68016,1.69,2.92,11.11,6.69,23.72,139.32,0.61,156.66
Tweed Offshore,2487,1761278400,,-28.21275,153.68016,1.7,3.41,10.53,6.51,23.67,144.69,0.62,154.11
Tweed Offshore,2487,1761280200,,-28.21273,153.6802,1.79,3.28,10.0,6.6,23.72,145.04,0.6,152.0
Tweed Offshore,2487,1761282000,,-28.21272,153.68016,1.64,2.93,10.0,6.33,23.63,145.3,0.6,151.38
Tweed Offshore,2487,1761283800,,-28.21272,153.68009,1.69,2.6,10.0,6.39,23.58,150.14,0.58,151.3
Tweed Offshore,2487,1761285600,,-28.2127,153.68011,1.67,2.96,10.53,6.25,23.49,147.15,0.55,147.52
Tweed Offshore,2487,1761287400,,-28.21272,153.68005,1.53,2.41,9.52,5.99,23.49,151.54,0.53,147.25
Tweed Offshore,2487,1761289200,,-28.2127,153.68001,1.54,2.26,9.52,5.88,23.44,127.28,0.52,146.29
Tweed Offshore,2487,1761291000,,-28.2127,153.67996,1.5,2.42,9.52,6.02,23.4,139.15,0.49,147.16
Tweed Offshore,2487,1761292800,,-28.21269,153.67992,1.59,2.59,10.0,6.16,23.35,130.8,0.49,143.65
Tweed Offshore,2487,1761294600,,-28.2127,153.67988,1.47,2.5,9.52,5.88,23.31,127.19,0.49,147.87
Tweed Offshore,2487,1761296400,,-28.21269,153.67988,1.44,2.27,9.52,5.69,23.31,141.35,0.49,148.22
Tweed Offshore,2487,1761298200,,-28.2127,153.67988,1.35,2.59,9.52,5.37,23.26,128.51,0.47,146.11
Tweed Offshore,2487,1761300000,,-28.2127,153.6799,1.45,2.77,9.52,5.76,23.26,138.18,0.44,157.71
Tweed Offshore,2487,1761301800,,-28.2127,153.68001,1.47,2.48,9.52,5.51,23.22,154.09,0.47,155.25
Tweed Offshore,2487,1761303600,,-28.21267,153.68003,1.33,2.43,9.52,5.44,23.22,138.53,0.48,163.16
Tweed Offshore,2487,1761305400,,-28.21265,153.68003,1.47,2.2,12.5,5.71,23.17,148.47,0.45,163.69
Tweed Offshore,2487,1761307200,,-28.21269,153.68001,1.56,2.65,10.0,6.07,23.17,142.4,0.45,162.55
Tweed Offshore,2487,1761309000,,-28.2127,153.67994,1.36,2.49,10.0,6.0,23.17,156.29,0.41,169.85
Tweed Offshore,2487,1761310800,,-28.2127,153.68001,1.49,2.58,12.5,6.49,23.22,158.49,0.47,165.45
Tweed Offshore,2487,1761312600,,-28.2127,153.68005,1.36,2.73,12.5,6.62,23.17,158.84,0.52,175.74
Tweed Offshore,2487,1761314400,,-28.21273,153.68001,1.42,2.5,12.5,6.58,23.4,156.91,0.6,173.45
Tweed Offshore,2487,1761316200,,-28.21273,153.67994,1.29,2.29,12.5,6.02,23.4,151.1,0.59,172.57
Tweed Offshore,2487,1761318000,,-28.21273,153.6799,1.46,2.91,11.76,6.2,23.4,164.99,0.57,173.45
Tweed Offshore,2487,1761319800,,-28.21272,153.6799,1.42,2.2,10.0,5.51,23.4,157.35,0.55,173.27
Tweed Offshore,2487,1761321600,,-28.21272,153.67994,1.43,2.37,9.52,5.46,23.35,140.47,0.45,171.69
Tweed Offshore,2487,1761323400,,-28.2127,153.6799,1.58,2.95,11.11,5.34,23.26,159.63,0.37,176.53
Tweed Offshore,2487,1761325200,,-28.2127,153.67994,1.56,2.56,12.5,5.18,23.26,154.09,0.38,172.4
Tweed Offshore,2487,1761327000,,-28.2127,153.6799,1.68,2.6,11.76,5.38,23.22,158.4,0.34,168.18
Tweed Offshore,2487,1761328800,,-28.2127,153.6799,1.68,2.75,11.76,5.1,23.22,164.47,0.34,171.08
Tweed Offshore,2487,1761330600,,-28.21269,153.67988,1.61,2.88,8.7,5.16,23.22,134.49,0.35,169.05
Tweed Offshore,2487,1761332400,,-28.2127,153.67981,1.62,2.65,11.76,5.18,23.13,157.96,0.34,173.98
Tweed Offshore,2487,1761334200,,-28.2127,153.67988,1.51,2.39,9.09,5.13,23.17,137.04,0.36,176.35
Tweed Offshore,2487,1761336000,,-28.21269,153.6799,1.65,2.82,11.76,5.53,23.17,164.47,0.48,186.11
Tweed Offshore,2487,1761337800,,-28.2127,153.6799,1.55,2.52,11.11,5.36,23.13,168.77,0.44,180.66
Tweed Offshore,2487,1761339600,,-28.21273,153.67988,1.57,2.63,9.52,5.38,23.35,142.4,0.5,183.91
Tweed Offshore,2487,1761341400,,-28.21275,153.6799,1.6,2.74,11.76,5.5,23.44,161.48,0.53,180.48
Tweed Offshore,2487,1761343200,,-28.21275,153.67992,1.51,2.65,11.11,5.46,23.49,162.88,0.59,181.27
Tweed Offshore,2487,1761345000,,-28.21275,153.67986,1.62,2.37,11.11,5.56,23.44,159.02,0.59,168.0
Tweed Offshore,2487,1761346800,,-28.21275,153.67983,1.47,2.24,11.76,5.46,23.4,162.27,0.59,170.11
Tweed Offshore,2487,1761348600,,-28.21275,153.67986,1.39,2.31,12.5,5.33,23.35,148.38,0.56,171.6
Tweed Offshore,2487,1761350400,,-28.21276,153.67981,1.52,2.7,11.76,5.53,23.22,160.42,0.57,170.73
Tweed Offshore,2487,1761352200,,-28.21275,153.67983,1.39,2.01,11.76,5.23,23.31,155.24,0.53,164.84
Tweed Offshore,2487,1761354000,,-28.21275,153.67983,1.35,2.46,11.11,5.23,23.31,166.31,0.54,168.97
Tweed Offshore,2487,1761355800,,-28.21275,153.67981,1.43,2.56,8.7,5.4,23.26,114.0,0.52,167.56
Tweed Offshore,2487,1761357600,,-28.21275,153.67981,1.4,2.25,11.76,5.24,23.35,171.41,0.49,169.49
Tweed Offshore,2487,1761359400,,-28.21275,153.67983,1.42,2.24,11.76,5.17,23.35,162.8,0.52,165.71
Tweed Offshore,2487,1761361200,,-28.21275,153.67988,1.36,2.11,11.76,5.02,23.26,164.82,0.53,165.27
Tweed Offshore,2487,1761363000,,-28.21275,153.67986,1.33,2.08,11.11,4.95,23.26,172.55,0.48,169.67
Tweed Offshore,2487,1761364800,,-28.21275,153.67988,1.45,2.47,11.11,5.09,23.31,169.39,0.51,170.99
Tweed Offshore,2487,1761366600,,-28.21273,153.67994,1.28,2.13,11.76,4.84,23.31,172.03,0.5,172.66
Tweed Offshore,2487,1761368400,,-28.21273,153.67994,1.31,2.13,9.09,4.82,23.31,144.07,0.51,174.51
Tweed Offshore,2487,1761370200,,-28.21272,153.67996,1.36,2.32,11.76,5.01,23.31,158.49,0.54,180.04
Tweed Offshore,2487,1761372000,,-28.21272,153.67996,1.41,2.46,10.53,5.13,23.31,169.21,0.52,182.51
Tweed Offshore,2487,1761373800,,-28.21272,153.67992,1.48,2.57,11.11,5.31,23.31,161.92,0.55,182.95
Tweed Offshore,2487,1761375600,,-28.21272,153.6799,1.47,2.85,11.11,5.29,23.31,158.75,0.63,184.18
Tweed Offshore,2487,1761377400,,-28.21273,153.67988,1.44,2.12,8.7,5.3,23.4,138.88,0.73,182.07
Tweed Offshore,2487,1761379200,,-28.21275,153.67996,1.4,2.45,9.52,5.21,23.4,142.31,0.72,174.33
Tweed Offshore,2487,1761381000,,-28.21276,153.67988,1.47,2.56,10.0,5.38,23.44,147.32,0.72,175.65
Tweed Offshore,2487,1761382800,,-28.21276,153.67992,1.42,2.04,10.0,5.21,23.4,147.59,0.74,173.1
Tweed Offshore,2487,1761384600,,-28.21275,153.6799,1.48,2.5,11.11,5.52,23.35,157.43,0.71,173.27
Tweed Offshore,2487,1761386400,,-28.21276,153.6799,1.39,2.29,10.53,5.38,23.31,152.25,0.7,172.92
Tweed Offshore,2487,1761388200,,-28.21279,153.67988,1.43,2.17,10.0,5.32,23.31,147.41,0.69,176.35
Tweed Offshore,2487,1761390000,,-28.21276,153.6799,1.45,2.74,10.53,5.39,23.26,162.09,0.73,172.57
Tweed Offshore,2487,1761391800,,-28.21276,153.67986,1.46,2.29,10.53,5.35,23.26,159.37,0.79,172.92
Tweed Offshore,2487,1761393600,,-28.21276,153.67994,1.49,2.92,10.0,5.46,23.26,142.93,0.75,168.88
Tweed Offshore,2487,1761395400,,-28.21279,153.67999,1.54,2.68,10.0,5.56,23.22,153.48,0.79,165.36
Tweed Offshore,2487,1761397200,,-28.21276,153.68001,1.36,2.36,9.52,5.08,23.17,139.5,0.77,161.32
Tweed Offshore,2487,1761399000,,-28.21276,153.68005,1.44,2.43,10.0,5.24,23.13,153.39,0.71,162.9
Tweed Offshore,2487,1761400800,,-28.21276,153.68007,1.41,2.44,10.0,5.01,23.13,144.33,0.7,161.67
Tweed Offshore,2487,1761402600,,-28.21275,153.68011,1.37,2.25,10.0,5.07,23.13,147.5,0.72,160.79
Tweed Offshore,2487,1761404400,,-28.21275,153.68014,1.36,2.36,9.09,5.03,23.13,134.49,0.7,158.51
Tweed Offshore,2487,1761406200,,-28.21275,153.68014,1.33,2.26,9.52,5.08,23.13,138.97,0.69,157.1
Tweed Offshore,2487,1761408000,,-28.21273,153.68009,1.29,1.96,10.0,5.38,23.13,145.48,0.71,155.6
Tweed Offshore,2487,1761409800,,-28.21275,153.68003,1.35,2.22,10.0,5.49,23.13,158.22,0.65,153.32
Tweed Offshore,2487,1761411600,,-28.21273,153.67999,1.29,2.03,9.52,5.6,23.13,156.11,0.67,150.95
Tweed Offshore,2487,1761413400,,-28.21275,153.67999,1.34,2.02,10.0,5.53,23.17,155.67,0.65,151.56
Tweed Offshore,2487,1761415200,,-28.21273,153.67994,1.32,2.42,10.53,5.62,23.17,159.19,0.63,151.03
Tweed Offshore,2487,1761417000,,-28.21273,153.67994,1.28,2.0,10.0,5.85,23.22,153.56,0.58,149.8
Tweed Offshore,2487,1761418800,,-28.21273,153.67996,1.32,2.0,9.09,5.98,23.22,153.04,0.6,147.6
Tweed Offshore,2487,1761420600,,-28.21273,153.6799,1.28,1.99,10.53,6.12,23.26,150.93,0.59,150.07
Tweed Offshore,2487,1761422400,,-28.21272,153.67979,1.41,1.96,10.0,6.18,23.26,153.56,0.58,150.68
Tweed Offshore,2487,1761424200,,-28.21273,153.67981,1.3,2.41,9.09,5.72,23.26,150.05,0.56,154.73
Tweed Offshore,2487,1761426000,,-28.21275,153.67986,1.37,2.07,9.52,5.62,23.31,157.7,0.56,151.65
Tweed Offshore,2487,1761427800,,-28.21273,153.67983,1.3,2.28,9.09,5.34,23.31,149.7,0.56,156.13
Tweed Offshore,2487,1761429600,,-28.21276,153.67983,1.23,2.1,10.53,4.98,23.31,150.49,0.56,158.95
Tweed Offshore,2487,1761431400,,-28.21275,153.67983,1.23,1.93,10.53,4.97,23.4,152.33,0.57,164.57
Tweed Offshore,2487,1761433200,,-28.21275,153.67986,1.25,2.24,9.52,4.79,23.44,153.39,0.55,163.52
Tweed Offshore,2487,1761435000,,-28.21275,153.67988,1.19,1.89,9.52,4.44,23.44,151.63,0.58,167.47
Tweed Offshore,2487,1761436800,,-28.21275,153.67992,1.08,1.83,9.52,4.15,23.49,154.88,0.61,163.78
Tweed Offshore,2487,1761438600,,-28.21275,153.67994,1.12,1.96,9.09,4.02,23.54,142.4,0.66,163.69
Tweed Offshore,2487,1761440400,,-28.21276,153.68003,1.08,1.91,8.7,3.76,23.58,129.39,0.63,160.26
Tweed Offshore,2487,1761442200,,-28.21275,153.68005,1.12,1.76,10.0,3.93,23.58,148.29,0.62,158.95
Tweed Offshore,2487,1761444000,,-28.21276,153.68005,1.05,1.95,9.52,3.85,23.58,145.3,0.59,158.07
Tweed Offshore,2487,1761445800,,-28.21275,153.68003,1.1,1.88,9.09,3.74,23.54,139.76,0.67,154.46
Tweed Offshore,2487,1761447600,,-28.21276,153.68005,1.14,1.72,9.52,3.55,23.54,141.7,0.62,151.03
Tweed Offshore,2487,1761449400,,-28.21275,153.68011,1.16,1.79,9.52,3.48,23.54,135.28,0.64,153.23
Tweed Offshore,2487,1761451200,,-28.21275,153.68001,1.14,1.81,9.52,3.55,23.54,131.24,0.58,166.77
Tweed Offshore,2487,1761453000,,-28.21275,153.68001,1.3,2.0,8.7,3.66,23.54,133.35,0.57,166.42
Tweed Offshore,2487,1761454800,,-28.21273,153.68005,1.29,2.15,4.17,3.59,23.58,18.09,0.61,163.08
Tweed Offshore,2487,1761456600,,-28.21275,153.68007,1.24,2.19,4.08,3.65,23.58,20.03,0.62,164.84
Tweed Offshore,2487,1761458400,,-28.21273,153.68001,1.23,2.49,4.44,3.64,23.58,19.94,0.56,168.62
Tweed Offshore,2487,1761460200,,-28.21273,153.68005,1.19,2.14,4.08,3.58,23.58,13.43,0.57,164.22
Tweed Offshore,2487,1761462000,,-28.21273,153.68007,1.1,1.83,4.26,3.45,23.58,14.31,0.54,164.4
Tweed Offshore,2487,1761463800,,-28.21273,153.68009,1.07,1.69,9.09,3.48,23.58,138.0,0.6,159.91
Tweed Offshore,2487,1761465600,,-28.21275,153.68014,1.12,1.98,4.44,3.44,23.58,28.2,0.6,160.62
Tweed Offshore,2487,1761467400,,-28.2127,153.68016,1.18,2.13,4.55,3.58,23.58,31.37,0.59,156.22
Tweed Offshore,2487,1761469200,,-28.21272,153.68014,1.25,2.07,4.88,3.63,23.58,30.22,0.58,158.07
Tweed Offshore,2487,1761471000,,-28.21272,153.68009,1.25,2.5,5.13,3.69,23.54,26.44,0.59,149.8
Tweed Offshore,2487,1761472800,,-28.21272,153.68009,1.57,2.92,5.41,3.96,23.49,22.75,0.58,145.41
Tweed Offshore,2487,1761474600,,-28.21273,153.68005,1.62,2.82,5.56,4.02,23.49,20.38,0.61,146.73
Tweed Offshore,2487,1761476400,,-28.21273,153.68005,1.87,3.2,6.06,4.2,23.49,22.93,0.59,151.3
Tweed Offshore,2487,1761478200,,-28.21275,153.68005,1.86,2.99,6.25,4.3,23.49,18.97,0.63,146.37
Tweed Offshore,2487,1761480000,,-28.21273,153.68001,1.87,3.46,6.45,4.39,23.49,12.29,0.62,153.67
Tweed Offshore,2487,1761481800,,-28.21276,153.67999,2.22,4.56,6.25,4.73,23.49,13.96,0.58,155.43
Tweed Offshore,2487,1761483600,,-28.21275,153.67994,1.78,3.43,6.67,4.52,23.49,16.25,0.53,150.95
Tweed Offshore,2487,1761485400,,-28.21273,153.67996,1.72,2.96,6.45,4.55,23.49,16.51,0.56,135.21
Tweed Offshore,2487,1761487200,,-28.21273,153.67986,1.88,2.89,6.67,4.8,23.44,20.64,0.54,136.62
Tweed Offshore,2487,1761487200,,-28.21273,153.67983,1.88,2.89,6.67,4.8,23.44,20.64,0.54,136.62
Tweed Offshore,2487,1761489000,,-28.21272,153.67981,1.67,2.39,6.45,4.66,23.44,23.89,0.52,138.2
Tweed Offshore,2487,1761490800,,-28.21273,153.67986,1.56,2.85,6.45,4.51,23.44,22.75,0.52,137.05
Tweed Offshore,2487,1761492600,,-28.21272,153.67986,1.5,2.62,6.45,4.52,23.44,21.52,0.49,138.73
Tweed Offshore,2487,1761494400,,-28.2127,153.6799,1.35,2.35,6.06,4.11,23.44,24.25,0.44,138.64
Tweed Offshore,2487,1761496200,,-28.2127,153.67986,1.27,2.13,5.88,4.0,23.4,23.81,0.45,131.78
Tweed Offshore,2487,1761498000,,-28.2127,153.67971,1.26,1.85,6.45,4.12,23.4,23.98,0.42,139.52
Tweed Offshore,2487,1761499800,,-28.2127,153.67971,1.28,2.32,5.56,4.21,23.4,27.85,0.39,142.95
Tweed Offshore,2487,1761501600,,-28.21267,153.67966,1.18,2.15,6.25,4.05,23.35,23.02,0.38,142.24
Tweed Offshore,2487,1761503400,,-28.2127,153.67964,1.16,2.05,6.25,4.13,23.35,20.11,0.37,151.65
Tweed Offshore,2487,1761505200,,-28.21269,153.67966,1.2,2.15,6.25,4.15,23.35,24.86,0.35,155.52
Tweed Offshore,2487,1761507000,,-28.2127,153.67969,1.21,2.08,6.25,4.27,23.35,17.83,0.35,165.1
Tweed Offshore,2487,1761508800,,-28.2127,153.67973,1.25,2.15,13.33,4.4,23.31,145.56,0.35,153.76
Tweed Offshore,2487,1761510600,,-28.2127,153.67979,1.22,2.31,6.45,4.4,23.31,23.1,0.36,155.78
Tweed Offshore,2487,1761512400,,-28.2127,153.67966,1.23,2.38,12.5,4.5,23.31,144.6,0.4,153.23
Tweed Offshore,2487,1761514200,,-28.21273,153.67977,1.27,2.23,14.29,4.43,23.31,138.09,0.42,151.47
Tweed Offshore,2487,1761516000,,-28.21272,153.67981,1.23,2.28,6.06,4.41,23.31,20.29,0.41,155.25
Tweed Offshore,2487,1761517800,,-28.21275,153.67983,1.18,2.17,14.29,4.34,23.35,145.21,0.47,162.46
Tweed Offshore,2487,1761519600,,-28.21272,153.67988,1.22,1.98,14.29,4.39,23.4,147.85,0.5,162.37
Tweed Offshore,2487,1761521400,,-28.21273,153.67994,1.21,2.19,14.29,4.36,23.4,148.29,0.51,160.7
Tweed Offshore,2487,1761523200,,-28.21272,153.67994,1.37,2.59,14.29,4.95,23.44,147.32,0.53,163.16
Tweed Offshore,2487,1761525000,,-28.21272,153.68001,1.38,2.23,14.29,4.84,23.44,143.54,0.51,166.24
Tweed Offshore,2487,1761526800,,-28.21272,153.68001,1.31,2.26,14.29,4.99,23.58,148.11,0.53,168.7
Tweed Offshore,2487,1761528600,,-28.21273,153.67999,1.29,2.22,14.29,4.81,23.58,148.29,0.52,171.96
Tweed Offshore,2487,1761530400,,-28.21273,153.68003,1.28,2.46,12.5,4.83,23.67,151.89,0.56,167.38
Tweed Offshore,2487,1761532200,,-28.21273,153.68005,1.28,2.47,14.29,4.66,23.72,149.17,0.58,168.62
Tweed Offshore,2487,1761534000,,-28.21273,153.68007,1.28,2.35,13.33,4.72,23.81,149.7,0.63,165.8
Tweed Offshore,2487,1761535800,,-28.21273,153.68009,1.35,2.4,14.29,4.72,23.81,147.41,0.64,168.97
Tweed Offshore,2487,1761537600,,-28.21273,153.68009,1.3,2.36,14.29,4.54,23.85,151.1,0.68,169.14
Tweed Offshore,2487,1761539400,,-28.21275,153.68009,1.26,2.37,13.33,4.16,23.9,155.06,0.71,170.9
Tweed Offshore,2487,1761541200,,-28.21276,153.68007,1.33,2.28,13.33,3.94,23.9,146.18,0.71,170.99
Tweed Offshore,2487,1761543000,,-28.21275,153.68007,1.34,2.46,13.33,3.97,23.85,145.92,0.77,170.46
Tweed Offshore,2487,1761544800,,-28.21275,153.68009,1.31,2.26,13.33,3.94,23.85,150.22,0.74,169.58
Tweed Offshore,2487,1761546600,,-28.21273,153.68009,1.32,2.11,13.33,4.15,23.81,151.81,0.72,170.55
Tweed Offshore,2487,1761548400,,-28.21273,153.68009,1.2,2.15,12.5,4.18,23.76,143.89,0.7,168.0
Tweed Offshore,2487,1761550200,,-28.21273,153.68016,1.23,2.35,13.33,4.28,23.76,149.17,0.62,158.07
Tweed Offshore,2487,1761552000,,-28.2127,153.68016,1.27,2.17,13.33,4.38,23.76,148.82,0.49,164.4
Tweed Offshore,2487,1761553800,,-28.21269,153.6802,1.25,2.19,13.33,4.46,23.72,143.46,0.46,151.38
Tweed Offshore,2487,1761555600,,-28.21269,153.68009,1.34,2.29,4.26,4.38,23.67,183.72,0.34,155.69
Tweed Offshore,2487,1761557400,,-28.21265,153.68005,1.59,2.87,13.33,4.75,23.63,147.24,0.34,157.19
Tweed Offshore,2487,1761559200,,-28.21265,153.68003,1.66,3.14,5.56,4.72,23.58,176.86,0.27,161.67
Tweed Offshore,2487,1761561000,,-28.21263,153.67999,1.53,2.28,5.41,4.64,23.58,187.15,0.19,159.3
Tweed Offshore,2487,1761562800,,-28.21261,153.67988,1.65,3.22,5.56,4.72,23.54,176.69,0.23,173.36
Tweed Offshore,2487,1761564600,,-28.21261,153.67975,1.6,2.97,5.41,4.65,23.49,174.05,0.17,192.44
Tweed Offshore,2487,1761566400,,-28.2126,153.67969,1.64,2.81,5.88,4.65,23.49,160.42,0.17,201.93
Tweed Offshore,2487,1761568200,,-28.2126,153.67956,1.8,3.09,5.88,4.79,23.49,164.82,0.17,200.62
Tweed Offshore,2487,1761570000,,-28.21258,153.67956,2.06,3.41,6.25,5.04,23.44,161.48,0.19,220.22
Tweed Offshore,2487,1761571800,,-28.21258,153.67956,2.18,3.28,6.9,5.16,23.44,162.44,0.17,211.87
Tweed Offshore,2487,1761573600,,-28.21255,153.67938,2.31,3.45,7.41,5.28,23.44,167.72,0.15,223.91
Tweed Offshore,2487,1761575400,,-28.2125,153.67926,2.28,3.95,7.69,5.29,23.4,161.83,0.22,222.86
Tweed Offshore,2487,1761577200,,-28.2125,153.67932,2.31,3.31,7.14,5.41,23.4,159.19,0.22,235.43
Tweed Offshore,2487,1761579000,,-28.21254,153.67928,2.13,3.6,7.69,5.39,23.4,160.86,0.23,230.33
Tweed Offshore,2487,1761580800,,-28.2125,153.67924,2.16,3.4,7.69,5.24,23.35,165.96,0.25,229.36
Tweed Offshore,2487,1761582600,,-28.21254,153.67908,2.11,3.08,8.0,5.28,23.35,167.89,0.28,222.68
Tweed Offshore,2487,1761584400,,-28.2125,153.67902,2.19,4.52,8.33,5.45,23.31,164.03,0.26,221.54
Tweed Offshore,2487,1761586200,,-28.21252,153.67904,2.22,3.57,8.0,5.63,23.31,158.22,0.3,225.41
Tweed Offshore,2487,1761588000,,-28.21249,153.67898,2.22,3.66,7.69,5.48,23.31,146.71,0.31,219.08
Tweed Offshore,2487,1761589800,,-28.21255,153.67919,2.08,3.93,7.69,5.51,23.31,151.45,0.31,218.99
Tweed Offshore,2487,1761591600,,-28.21255,153.67913,2.26,3.65,8.33,5.6,23.31,162.8,0.26,218.64
Tweed Offshore,2487,1761593400,,-28.21255,153.67908,2.07,3.07,8.33,5.35,23.31,159.98,0.32,217.93
Tweed Offshore,2487,1761595200,,-28.21255,153.67924,2.31,3.63,8.33,5.51,23.31,166.31,0.3,227.25
Tweed Offshore,2487,1761597000,,-28.21255,153.67932,2.33,3.63,8.7,5.53,23.35,174.75,0.4,223.38
Tweed Offshore,2487,1761598800,,-28.21258,153.67938,2.21,3.76,8.7,5.64,23.35,169.3,0.37,220.48
Tweed Offshore,2487,1761600600,,-28.2126,153.67941,2.27,3.63,8.7,5.46,23.35,177.13,0.44,216.18
Tweed Offshore,2487,1761602400,,-28.21263,153.67934,2.45,3.71,9.52,5.53,23.44,181.17,0.45,216.35
Tweed Offshore,2487,1761604200,,-28.21263,153.67934,2.41,4.02,7.69,5.5,23.49,155.24,0.4,218.9
Tweed Offshore,2487,1761606000,,-28.21265,153.67934,2.56,4.23,8.7,5.75,23.49,174.58,0.49,204.75
Tweed Offshore,2487,1761607800,,-28.21265,153.67941,2.57,5.03,8.7,5.77,23.58,174.84,0.49,210.73
Tweed Offshore,2487,1761609600,,-28.21263,153.67936,2.56,4.25,9.52,5.87,23.58,169.04,0.48,200.18
Tweed Offshore,2487,1761611400,,-28.2127,153.67949,2.66,4.36,10.0,6.01,23.63,173.78,0.51,197.1
Tweed Offshore,2487,1761613200,,-28.21272,153.67966,2.84,5.5,10.0,6.05,23.67,171.32,0.39,200.97
Tweed Offshore,2487,1761615000,,-28.2127,153.67964,2.77,4.81,9.52,5.8,23.67,172.2,0.46,199.21
Tweed Offshore,2487,1761616800,,-28.2127,153.67979,2.76,4.43,10.0,6.02,23.67,169.65,0.4,196.66
Tweed Offshore,2487,1761618600,,-28.21269,153.6799,2.86,4.7,10.0,5.97,23.63,168.95,0.35,198.15
Tweed Offshore,2487,1761620400,,-28.2127,153.67979,2.64,3.74,7.69,5.73,23.63,152.69,0.37,194.46
Tweed Offshore,2487,1761622200,,-28.21272,153.67981,2.73,4.02,10.0,5.88,23.63,169.65,0.3,191.12
Tweed Offshore,2487,1761624000,,-28.21269,153.67979,2.57,4.13,10.0,5.87,23.58,168.33,0.36,195.78
Tweed Offshore,2487,1761625800,,-28.21269,153.67986,2.62,4.46,10.53,5.78,23.58,167.54,0.34,196.84
Tweed Offshore,2487,1761627600,,-28.21267,153.67986,2.42,3.86,10.0,5.64,23.58,172.03,0.33,201.23
Tweed Offshore,2487,1761629400,,-28.21267,153.67996,2.5,3.79,10.0,5.61,23.58,174.05,0.29,187.96
Tweed Offshore,2487,1761631200,,-28.21263,153.68007,2.51,3.84,8.7,5.74,23.63,157.87,0.29,192.18
Tweed Offshore,2487,1761633000,,-28.21263,153.68007,2.49,4.4,10.0,5.82,23.58,169.21,0.28,196.22
Tweed Offshore,2487,1761634800,,-28.21263,153.68007,2.36,4.34,10.53,5.59,23.58,165.61,0.31,188.04
Tweed Offshore,2487,1761636600,,-28.21267,153.67992,2.44,4.2,9.52,5.63,23.58,163.24,0.28,185.23
Tweed Offshore,2487,1761638400,,-28.2127,153.67979,2.36,3.67,10.0,5.57,23.54,165.87,0.33,181.45
Tweed Offshore,2487,1761640200,,-28.2127,153.67964,2.51,3.92,9.52,5.75,23.54,163.15,0.31,183.91
Tweed Offshore,2487,1761642000,,-28.2127,153.67947,2.45,4.68,11.11,5.63,23.49,162.27,0.28,181.45
Tweed Offshore,2487,1761643800,,-28.21267,153.67934,2.33,3.56,7.41,5.5,23.49,129.83,0.35,180.4
Tweed Offshore,2487,1761645600,,-28.21269,153.67934,2.49,4.78,10.53,5.94,23.49,162.09,0.34,185.14
Tweed Offshore,2487,1761647400,,-28.21269,153.67938,2.58,4.43,11.11,6.08,23.44,159.89,0.3,186.99
Tweed Offshore,2487,1761649200,,-28.2126,153.67917,2.45,3.76,11.11,6.14,23.4,161.56,0.27,192.88
Tweed Offshore,2487,1761651000,,-28.21263,153.67926,2.52,3.57,10.0,6.15,23.4,156.29,0.25,201.23
Tweed Offshore,2487,1761652800,,-28.21261,153.67926,2.37,4.07,11.11,6.01,23.4,162.62,0.28,189.8
Tweed Offshore,2487,1761654600,,-28.21263,153.67934,2.44,4.43,8.0,6.17,23.44,139.06,0.24,180.4
Tweed Offshore,2487,1761656400,,-28.2125,153.67904,2.45,3.67,10.53,6.09,23.49,155.32,0.24,177.41
Tweed Offshore,2487,1761658200,,-28.21237,153.67883,2.55,4.03,6.67,6.1,23.54,89.92,0.22,160.44
Tweed Offshore,2487,1761660000,,-28.21213,153.67859,2.53,4.47,10.0,6.16,23.49,149.87,0.23,160.53
Tweed Offshore,2487,1761661800,,-28.21209,153.67853,2.57,3.93,11.76,6.06,23.49,148.91,0.14,149.19
Tweed Offshore,2487,1761663600,,-28.21212,153.67859,2.78,5.24,11.11,6.14,23.44,156.03,0.11,170.2
Tweed Offshore,2487,1761665400,,-28.21215,153.67861,2.89,6.5,11.11,6.04,23.44,154.09,0.1,160.97
Tweed Offshore,2487,1761667200,,-28.21212,153.67868,2.77,5.51,7.69,6.05,23.4,108.64,0.07,91.6
Tweed Offshore,2487,1761669000,,-28.21222,153.67878,2.87,4.71,11.11,6.21,23.35,151.1,0.08,56.18
Tweed Offshore,2487,1761670800,,-28.21227,153.67889,3.0,4.47,11.11,6.19,23.31,154.44,0.07,251.69
Tweed Offshore,2487,1761672600,,-28.2123,153.67898,2.96,4.36,7.69,6.12,23.26,93.43,0.1,305.23
Tweed Offshore,2487,1761674400,,-28.21234,153.67917,2.75,4.34,7.41,5.86,23.26,105.65,0.1,276.04
Tweed Offshore,2487,1761676200,,-28.21239,153.67926,2.81,4.43,7.69,5.97,23.22,106.88,0.17,282.37
Tweed Offshore,2487,1761678000,,-28.21245,153.67951,2.81,4.74,8.0,6.13,23.22,105.13,0.18,271.12
Tweed Offshore,2487,1761679800,,-28.21245,153.67971,3.01,5.28,8.33,6.2,23.22,111.28,0.18,291.16
Tweed Offshore,2487,1761681600,,-28.21245,153.67979,2.75,4.76,8.0,5.89,23.26,110.05,0.21,255.03
Tweed Offshore,2487,1761683400,,-28.21249,153.67986,2.8,4.14,8.0,6.25,23.26,102.22,0.21,256.26
Tweed Offshore,2487,1761685200,,-28.21246,153.67996,2.81,4.13,8.7,6.23,23.31,105.13,0.26,246.42
Tweed Offshore,2487,1761687000,,-28.21242,153.67999,2.74,5.06,8.33,6.13,23.35,90.09,0.26,254.51
Tweed Offshore,2487,1761688800,,-28.2124,153.68016,2.89,4.62,8.0,6.29,23.4,104.69,0.24,244.13
Tweed Offshore,2487,1761690600,,-28.21234,153.68031,3.01,4.54,8.33,6.51,23.44,95.28,0.28,244.75
Tweed Offshore,2487,1761692400,,-28.2123,153.68037,3.11,5.23,8.33,6.62,23.49,110.05,0.22,223.03
Tweed Offshore,2487,1761694200,,-28.21228,153.68039,2.75,4.56,8.7,6.3,23.49,114.0,0.29,224.0
Tweed Offshore,2487,1761696000,,-28.2123,153.68046,2.93,4.53,8.33,6.54,23.58,119.72,0.33,212.57
Tweed Offshore,2487,1761697800,,-28.21233,153.68046,2.89,5.46,8.0,6.55,23.63,105.21,0.31,213.98
Tweed Offshore,2487,1761699600,,-28.21239,153.68042,2.84,4.86,8.33,6.52,23.72,110.05,-99.9,-99.9
Tweed Offshore,2487,1761701400,,-28.21242,153.68061,2.57,4.89,8.33,6.41,23.76,104.51,0.31,194.2
Tweed Offshore,2487,1761703200,,-28.21242,153.68065,2.67,4.92,8.33,6.51,23.81,108.99,0.29,193.93
Tweed Offshore,2487,1761705000,,-28.21234,153.68074,2.59,4.85,8.33,6.33,23.81,113.65,0.28,184.7
Tweed Offshore,2487,1761706800,,-28.21228,153.68078,2.75,4.12,10.0,6.62,23.85,154.0,0.21,194.64
Tweed Offshore,2487,1761708600,,-28.2123,153.68078,2.52,4.09,8.0,6.47,23.85,109.35,0.25,176.18
Tweed Offshore,2487,1761710400,,-28.21224,153.68089,2.43,3.9,10.53,6.44,23.9,154.97,0.25,176.62
Tweed Offshore,2487,1761712200,,-28.21222,153.68087,2.52,5.56,8.7,6.52,23.95,122.36,0.21,188.31
Tweed Offshore,2487,1761714000,,-28.21224,153.68089,2.42,4.36,9.09,6.41,23.95,127.45,0.21,178.11
Tweed Offshore,2487,1761715800,,-28.21212,153.68095,2.44,4.36,8.33,6.3,23.95,116.03,0.19,171.87
Tweed Offshore,2487,1761717600,,-28.21212,153.68095,2.48,3.87,8.33,6.35,23.95,106.88,0.19,160.18
Tweed Offshore,2487,1761719400,,-28.21218,153.68076,2.59,4.29,8.33,6.4,23.9,108.82,0.14,158.77
Tweed Offshore,2487,1761721200,,-28.21231,153.68048,2.35,4.01,11.11,6.37,23.9,148.64,0.17,163.16
Tweed Offshore,2487,1761723000,,-28.21245,153.6802,2.16,3.48,8.7,6.26,23.85,120.16,0.17,164.84
Tweed Offshore,2487,1761724800,,-28.21257,153.67979,2.24,4.12,7.69,6.3,23.81,111.37,0.15,157.45
Tweed Offshore,2487,1761726600,,-28.21252,153.67945,2.23,4.17,8.0,6.37,23.81,103.63,0.19,163.08
Tweed Offshore,2487,1761728400,,-28.21249,153.67917,2.12,3.7,8.0,6.26,23.81,106.97,0.23,172.92
Tweed Offshore,2487,1761730200,,-28.21222,153.67881,2.07,3.43,8.33,6.34,23.81,109.7,0.26,162.81
Tweed Offshore,2487,1761732000,,-28.21207,153.67859,2.23,4.11,8.0,6.36,23.76,115.67,0.18,163.34
Tweed Offshore,2487,1761733800,,-28.21207,153.67857,2.14,3.15,8.7,6.58,23.76,113.04,0.18,163.69
Tweed Offshore,2487,1761735600,,-28.21209,153.67855,1.96,3.36,8.33,6.3,23.76,113.13,0.2,156.04
Tweed Offshore,2487,1761737400,,-28.21216,153.67863,2.1,3.96,8.33,6.41,23.72,114.62,0.18,153.32
Tweed Offshore,2487,1761739200,,-28.21231,153.67881,1.94,3.44,8.33,6.4,23.72,107.94,0.16,155.08
Tweed Offshore,2487,1761741000,,-28.2124,153.67889,2.07,3.23,8.7,6.57,23.67,117.96,0.17,161.32
Tweed Offshore,2487,1761742800,,-28.21242,153.67896,1.86,3.41,8.33,6.2,23.67,118.84,0.17,156.04
Tweed Offshore,2487,1761744600,,-28.21246,153.67913,2.06,3.36,10.53,6.63,23.63,147.24,0.12,155.52
Tweed Offshore,2487,1761746400,,-28.21249,153.67915,1.88,3.27,8.7,6.41,23.63,122.0,0.12,143.91
Tweed Offshore,2487,1761748200,,-28.2125,153.67919,1.83,3.35,8.33,6.27,23.63,116.64,0.12,150.07
Tweed Offshore,2487,1761750000,,-28.21252,153.67928,1.81,2.91,8.0,6.27,23.58,114.44,0.1,161.23
Tweed Offshore,2487,1761751800,,-28.21254,153.67934,1.79,2.81,8.33,6.0,23.58,112.69,0.12,146.55
Tweed Offshore,2487,1761753600,,-28.21255,153.67938,1.76,2.94,8.33,6.44,23.58,113.13,0.09,154.02
Tweed Offshore,2487,1761755400,,-28.21257,153.67941,1.63,2.77,7.69,6.29,23.54,112.95,0.11,143.47
Tweed Offshore,2487,1761757200,,-28.21257,153.67956,1.81,2.92,8.0,6.58,23.54,113.56,0.12,139.69
Tweed Offshore,2487,1761759000,,-28.21257,153.6796,1.74,2.73,8.0,6.67,23.49,118.58,0.06,158.07
Tweed Offshore,2487,1761760800,,-28.21257,153.67973,1.87,2.86,8.0,6.74,23.49,119.02,0.09,156.22
Tweed Offshore,2487,1761762600,,-28.21258,153.67975,1.68,2.57,8.33,6.64,23.49,121.04,0.07,177.58
Tweed Offshore,2487,1761764400,,-28.21257,153.67983,1.75,2.73,7.69,6.6,23.49,114.27,0.1,189.63
Tweed Offshore,2487,1761766200,,-28.21257,153.67973,1.68,2.69,8.33,6.62,23.49,113.65,0.06,191.74
Tweed Offshore,2487,1761768000,,-28.21257,153.67977,1.69,2.37,8.0,6.62,23.44,111.28,0.04,191.3
Tweed Offshore,2487,1761769800,,-28.21257,153.67979,1.75,2.98,7.69,6.66,23.44,112.16,0.11,210.99
Tweed Offshore,2487,1761771600,,-28.21255,153.67986,1.77,2.53,7.69,6.62,23.49,116.47,0.09,208.97
Tweed Offshore,2487,1761773400,,-28.21257,153.67983,1.65,2.88,8.33,6.63,23.58,120.25,0.07,180.48
Tweed Offshore,2487,1761775200,,-28.21255,153.67971,1.55,2.64,7.69,6.37,23.67,110.49,0.09,192.44
Tweed Offshore,2487,1761777000,,-28.21257,153.67986,1.47,2.6,8.0,6.41,23.95,115.5,0.07,219.16
Tweed Offshore,2487,1761778800,,-28.21254,153.68011,1.6,2.9,10.0,6.65,24.36,149.87,0.23,211.16
Tweed Offshore,2487,1761780600,,-28.21252,153.68011,1.56,2.38,8.0,6.65,24.27,126.4,0.26,222.24
Tweed Offshore,2487,1761782400,,-28.2124,153.68024,1.56,2.24,10.0,6.75,24.73,153.48,0.24,226.55
Tweed Offshore,2487,1761784200,,-28.21243,153.68029,1.6,2.41,7.69,6.66,24.63,124.11,0.3,228.57
Tweed Offshore,2487,1761786000,,-28.21237,153.68029,1.68,2.94,8.0,6.41,24.45,131.41,0.32,222.07
Tweed Offshore,2487,1761787800,,-28.21246,153.68035,1.68,2.97,8.0,6.27,24.31,130.8,0.31,219.78
Tweed Offshore,2487,1761789600,,-28.21245,153.68046,1.76,3.1,8.33,6.19,24.36,124.47,0.32,218.9
Tweed Offshore,2487,1761791400,,-28.21252,153.68042,1.64,2.89,8.0,5.7,24.31,129.65,0.29,202.64
Tweed Offshore,2487,1761793200,,-28.21258,153.6802,1.63,2.7,8.0,5.56,24.17,130.62,0.31,205.19
Tweed Offshore,2487,1761795000,,-28.21263,153.68001,1.62,2.35,9.52,5.33,24.08,146.97,0.27,196.04
Tweed Offshore,2487,1761796800,,-28.21265,153.67979,1.54,2.48,8.33,5.18,23.9,129.39,0.3,192.18
Tweed Offshore,2487,1761798600,,-28.212,153.68001,1.69,2.92,8.33,5.49,23.81,142.66,0.29,188.13
Tweed Offshore,2487,1761800400,,-28.21269,153.67964,1.66,2.88,8.0,5.29,23.76,133.52,0.28,184.88
Tweed Offshore,2487,1761802200,,-28.21267,153.67958,1.53,3.3,8.7,5.04,23.72,142.93,0.32,208.35
Tweed Offshore,2487,1761804000,,-28.21269,153.67983,1.68,2.77,10.53,5.23,23.63,150.22,0.28,191.3
Tweed Offshore,2487,1761805800,,-28.21257,153.67938,1.53,2.74,9.52,5.21,23.58,146.8,0.2,220.92
Tweed Offshore,2487,1761807600,,-28.21263,153.67936,1.47,2.34,8.7,5.44,23.58,130.71,0.24,204.4
Tweed Offshore,2487,1761809400,,-28.21263,153.67941,1.39,2.3,10.0,5.27,23.49,145.3,0.21,184.0
Tweed Offshore,2487,1761811200,,-28.21263,153.67938,1.48,2.29,8.33,5.23,23.44,123.06,0.21,176.35
Tweed Offshore,2487,1761813000,,-28.21263,153.67943,1.45,2.25,8.7,5.36,23.4,135.1,0.21,173.63
Tweed Offshore,2487,1761814800,,-28.21261,153.67949,1.48,2.41,9.09,5.15,23.4,137.13,0.18,170.55
Tweed Offshore,2487,1761816600,,-28.21269,153.67953,1.39,2.65,7.41,4.92,23.35,119.72,0.24,180.22
Tweed Offshore,2487,1761818400,,-28.21267,153.67949,1.43,2.82,10.53,5.02,23.35,151.81,0.27,180.57
Tweed Offshore,2487,1761820200,,-28.21267,153.67945,1.42,2.12,11.11,4.84,23.31,159.19,0.22,166.33
Tweed Offshore,2487,1761822000,,-28.21269,153.67953,1.32,2.07,9.09,4.8,23.26,135.28,0.27,161.14
Tweed Offshore,2487,1761823800,,-28.21267,153.67941,1.38,2.23,10.53,5.07,23.26,147.06,0.31,169.23
Tweed Offshore,2487,1761825600,,-28.21267,153.67941,1.26,2.38,11.11,4.8,23.31,145.48,0.27,160.7
Tweed Offshore,2487,1761827400,,-28.21265,153.67938,1.29,1.81,10.53,4.97,23.26,153.48,0.3,162.46
Tweed Offshore,2487,1761829200,,-28.21261,153.67932,1.31,2.91,10.53,5.13,23.22,144.07,0.26,156.92
Tweed Offshore,2487,1761831000,,-28.2126,153.67924,1.44,2.16,10.53,5.24,23.22,150.4,0.26,162.73
Tweed Offshore,2487,1761832800,,-28.21261,153.67926,1.33,2.38,10.53,5.09,23.22,149.34,0.25,150.15
Tweed Offshore,2487,1761834600,,-28.21261,153.67928,1.2,2.16,10.53,4.68,23.17,144.77,0.22,149.89
Tweed Offshore,2487,1761836400,,-28.2126,153.6793,1.35,2.56,9.52,5.12,23.13,138.44,0.28,141.63
Tweed Offshore,2487,1761838200,,-28.2126,153.67934,1.27,2.2,10.53,5.17,23.22,148.99,0.29,134.15
Tweed Offshore,2487,1761840000,,-28.2126,153.67945,1.27,2.28,11.11,5.13,23.22,149.61,0.23,121.32
Tweed Offshore,2487,1761841800,,-28.2126,153.67956,1.16,2.17,9.52,5.13,23.22,141.96,0.16,131.87
Tweed Offshore,2487,1761843600,,-28.2126,153.67956,1.25,2.21,10.53,5.48,23.17,141.17,0.21,126.42
Tweed Offshore,2487,1761845400,,-28.2126,153.67958,1.29,1.85,9.52,5.74,23.13,137.74,0.2,125.1
Tweed Offshore,2487,1761847200,,-28.2126,153.67966,1.22,2.42,10.53,5.5,23.13,137.74,0.21,113.85
Tweed Offshore,2487,1761849000,,-28.21258,153.67975,1.4,2.47,10.53,5.95,23.13,133.17,0.15,120.26
Tweed Offshore,2487,1761850800,,-28.2126,153.67988,1.32,2.1,8.7,5.78,23.13,128.77,0.18,120.79
Tweed Offshore,2487,1761852600,,-28.21258,153.68001,1.29,2.0,10.53,5.59,23.13,134.84,0.16,112.7
Tweed Offshore,2487,1761854400,,-28.2126,153.67999,1.38,2.16,10.53,6.1,23.13,140.99,0.19,117.45
Tweed Offshore,2487,1761856200,,-28.21257,153.68001,1.3,2.21,11.11,6.18,23.13,132.91,0.08,141.63
Tweed Offshore,2487,1761858000,,-28.21255,153.68016,1.33,2.38,10.53,6.46,23.13,135.81,0.11,116.22
Tweed Offshore,2487,1761859800,,-28.21255,153.68014,1.32,2.06,9.52,6.58,23.13,135.1,0.11,172.22
Tweed Offshore,2487,1761861600,,-28.21254,153.68016,1.31,2.11,10.53,6.39,23.22,129.92,0.1,146.55
Tweed Offshore,2487,1761863400,,-28.21254,153.68014,1.27,2.42,10.0,5.64,23.22,129.39,0.1,213.19
Tweed Offshore,2487,1761865200,,-28.21246,153.68014,1.36,2.19,9.09,5.85,23.22,129.92,0.13,240.88
Tweed Offshore,2487,1761867000,,-28.21257,153.68005,1.4,2.21,10.0,5.93,23.22,140.91,0.1,189.54
Tweed Offshore,2487,1761868800,,-28.2126,153.67981,1.34,2.43,9.52,5.66,23.22,134.49,0.14,227.78
Tweed Offshore,2487,1761870600,,-28.21261,153.67956,1.33,2.51,9.52,5.61,23.31,132.47,0.18,184.09
Tweed Offshore,2487,1761872400,,-28.21263,153.67956,1.38,2.21,11.76,5.46,23.31,148.47,0.2,196.66
Tweed Offshore,2487,1761874200,,-28.2126,153.67945,1.42,2.69,10.0,5.46,23.4,144.42,0.19,191.56
Tweed Offshore,2487,1761876000,,-28.21265,153.67966,1.41,2.65,9.52,5.48,23.44,143.63,0.27,194.37
Tweed Offshore,2487,1761877800,,-28.21261,153.67964,1.34,2.04,11.76,5.3,23.44,151.37,0.19,174.51
Tweed Offshore,2487,1761879600,,-28.21265,153.67966,1.33,2.4,9.09,5.3,23.54,128.33,0.26,207.91
Tweed Offshore,2487,1761881400,,-28.21265,153.67964,1.45,2.42,11.11,5.56,23.49,154.53,0.3,193.41
Tweed Offshore,2487,1761883200,,-28.21263,153.67958,1.43,2.17,11.11,5.49,23.58,156.38,0.27,178.55
Tweed Offshore,2487,1761885000,,-28.21265,153.67971,1.4,2.59,9.52,5.39,23.49,138.18,0.25,163.16
Tweed Offshore,2487,1761886800,,-28.21265,153.67973,1.36,2.48,10.0,5.44,23.44,152.95,0.19,188.04
Tweed Offshore,2487,1761888600,,-28.21261,153.67996,1.33,2.04,9.52,5.41,23.4,146.27,0.26,181.98
Tweed Offshore,2487,1761890400,,-28.21265,153.68001,1.26,2.46,10.0,5.13,23.31,141.7,0.28,182.86
Tweed Offshore,2487,1761892200,,-28.21267,153.68001,1.23,2.31,9.52,5.11,23.35,144.16,0.24,174.77
Tweed Offshore,2487,1761894000,,-28.21265,153.68014,1.28,2.07,10.0,5.38,23.31,137.74,0.27,158.42
Tweed Offshore,2487,1761895800,,-28.21263,153.68018,1.25,2.09,10.0,5.25,23.31,146.18,0.29,154.55
Tweed Offshore,2487,1761897600,,-28.21263,153.68018,1.15,1.85,10.0,4.98,23.31,144.42,0.28,155.96
Tweed Offshore,2487,1761899400,,-28.21261,153.68022,1.23,2.08,8.7,5.17,23.31,134.05,0.26,148.66
Tweed Offshore,2487,1761901200,,-28.2126,153.68026,1.19,1.95,10.53,5.28,23.26,144.33,0.26,142.24
Tweed Offshore,2487,1761903000,,-28.2125,153.68026,1.11,1.71,11.76,5.11,23.26,145.92,0.23,191.91
Tweed Offshore,2487,1761904800,,-28.21255,153.68042,1.12,1.68,10.53,5.24,23.26,141.34,0.27,148.48
Tweed Offshore,2487,1761906600,,-28.21255,153.68052,1.13,1.81,10.53,5.33,23.31,151.45,0.3,147.25
Tweed Offshore,2487,1761908400,,-28.21255,153.68039,1.09,1.86,9.09,5.06,23.26,135.28,0.27,162.9
Tweed Offshore,2487,1761910200,,-28.21258,153.68037,1.1,1.77,9.09,5.14,23.31,132.38,0.31,164.84
Tweed Offshore,2487,1761912000,,-28.21257,153.68037,1.1,2.01,9.52,5.45,23.31,143.19,0.31,163.78
Tweed Offshore,2487,1761913800,,-28.2126,153.68044,1.18,1.71,11.11,5.36,23.31,146.8,0.33,148.13
Tweed Offshore,2487,1761915600,,-28.2126,153.68037,1.15,2.21,9.52,5.44,23.31,143.1,0.37,149.45
Tweed Offshore,2487,1761917400,,-28.21267,153.68022,1.11,2.0,9.09,5.31,23.31,136.25,0.38,156.84
Tweed Offshore,2487,1761919200,,-28.21267,153.68018,1.07,1.79,9.52,5.15,23.31,141.26,0.36,151.82
Tweed Offshore,2487,1761921000,,-28.21269,153.68011,1.1,1.83,8.7,5.13,23.31,131.67,0.34,161.23
Tweed Offshore,2487,1761922800,,-28.21263,153.68018,1.04,1.67,8.7,5.04,23.31,137.04,0.37,158.15
Tweed Offshore,2487,1761924600,,-28.21265,153.68016,1.1,1.73,8.7,5.08,23.26,127.28,0.35,146.29
Tweed Offshore,2487,1761926400,,-28.21267,153.68011,1.0,1.72,10.53,4.83,23.31,135.28,0.36,146.02
Tweed Offshore,2487,1761928200,,-28.21267,153.68011,1.11,1.91,9.52,5.01,23.22,136.33,0.32,142.77
Tweed Offshore,2487,1761930000,,-28.21263,153.68009,1.06,1.74,10.53,4.95,23.22,138.62,0.3,138.9
Tweed Offshore,2487,1761931800,,-28.21265,153.68018,1.09,2.02,9.09,5.11,23.17,134.31,0.34,139.16
Tweed Offshore,2487,1761933600,,-28.21263,153.68016,1.04,1.75,8.33,5.02,23.22,128.86,0.32,138.99
Tweed Offshore,2487,1761935400,,-28.21263,153.68018,1.09,1.63,8.7,5.17,23.22,133.17,0.28,140.48
Tweed Offshore,2487,1761937200,,-28.21261,153.68024,1.0,1.7,9.09,4.99,23.17,130.88,0.26,141.89
Tweed Offshore,2487,1761939000,,-28.21261,153.68031,1.05,1.58,8.33,5.17,23.22,126.49,0.27,147.6
Tweed Offshore,2487,1761940800,,-28.21258,153.68033,1.11,2.0,11.11,5.08,23.22,141.87,0.26,138.9
Tweed Offshore,2487,1761942600,,-28.21261,153.68031,1.09,1.95,9.52,4.99,23.22,129.39,0.29,139.43
Tweed Offshore,2487,1761944400,,-28.2126,153.68037,1.06,1.66,9.52,5.05,23.22,132.03,0.28,139.52
Tweed Offshore,2487,1761946200,,-28.21258,153.68035,1.01,1.88,10.0,4.85,23.31,136.6,0.28,143.38
Tweed Offshore,2487,1761948000,,-28.2126,153.68039,1.04,1.78,9.09,4.97,23.49,128.77,0.32,143.03
Tweed Offshore,2487,1761949800,,-28.21263,153.68037,1.01,1.57,5.41,4.92,23.49,82.36,0.33,143.82
Tweed Offshore,2487,1761951600,,-28.21263,153.68026,1.04,1.65,9.52,4.92,23.58,134.93,0.34,149.98
Tweed Offshore,2487,1761953400,,-28.21265,153.68026,1.07,1.76,9.09,4.91,23.76,136.16,0.38,142.33
Tweed Offshore,2487,1761955200,,-28.21263,153.68024,1.06,1.59,9.09,4.71,23.58,127.81,0.35,145.05
Tweed Offshore,2487,1761957000,,-28.21267,153.68024,1.09,1.94,8.33,4.63,23.58,131.59,0.4,139.87
Tweed Offshore,2487,1761958800,,-28.21265,153.68014,1.07,1.66,5.56,4.42,23.76,78.66,0.42,141.45
Tweed Offshore,2487,1761960600,,-28.2127,153.68005,1.13,1.88,6.06,4.83,23.9,86.4,0.41,169.85
Tweed Offshore,2487,1761962400,,-28.21267,153.68009,0.97,1.58,9.52,4.76,23.99,141.26,0.54,181.8
Tweed Offshore,2487,1761964200,,-28.21267,153.68001,1.06,1.77,6.45,4.47,23.99,91.85,0.54,184.35
Tweed Offshore,2487,1761966000,,-28.21272,153.67994,1.07,2.25,9.52,4.28,23.99,139.32,0.59,181.8
Tweed Offshore,2487,1761967800,,-28.21275,153.67996,1.19,2.08,9.09,4.12,24.04,133.52,0.66,175.21
Tweed Offshore,2487,1761969600,,-28.21273,153.68009,1.19,2.26,6.25,4.0,23.95,76.2,0.66,165.45
Tweed Offshore,2487,1761971400,,-28.21275,153.68005,1.2,2.19,6.25,4.3,23.9,73.3,0.66,173.01
Tweed Offshore,2487,1761973200,,-28.21272,153.68014,1.1,1.98,6.06,4.22,23.85,75.94,0.65,159.47
Tweed Offshore,2487,1761975000,,-28.21272,153.68016,1.16,1.97,5.88,4.16,23.72,73.83,0.69,155.34
Tweed Offshore,2487,1761976800,,-28.21272,153.68016,1.26,1.84,6.45,4.29,23.49,69.87,0.71,148.84
Tweed Offshore,2487,1761978600,,-28.2127,153.6802,1.33,2.69,6.06,4.38,23.4,79.89,0.7,144.7
Tweed Offshore,2487,1761980400,,-28.2127,153.6802,1.25,2.21,6.06,4.13,23.44,71.37,0.71,142.95
Tweed Offshore,2487,1761982200,,-28.2127,153.68016,1.34,2.65,6.25,4.16,23.35,87.89,0.72,145.05
Tweed Offshore,2487,1761984000,,-28.2127,153.68022,1.41,2.22,6.06,4.23,23.22,86.4,0.68,142.42
Tweed Offshore,2487,1761985800,,-28.21269,153.68029,1.31,2.7,6.06,3.91,23.22,80.86,0.72,139.78
Tweed Offshore,2487,1761987600,,-28.2127,153.68026,1.35,2.57,6.06,3.92,23.13,73.83,0.69,148.13
Tweed Offshore,2487,1761989400,,-28.21269,153.68033,1.37,2.14,6.06,4.05,23.13,91.15,0.69,141.27
Tweed Offshore,2487,1761991200,,-28.21272,153.68031,1.21,2.23,6.06,4.16,23.13,82.18,0.74,143.65
Tweed Offshore,2487,1761993000,,-28.2127,153.68031,1.27,2.11,6.25,4.33,23.13,84.73,0.68,142.15
Tweed Offshore,2487,1761994800,,-28.21272,153.68024,1.29,2.07,5.56,4.29,23.04,84.38,0.67,147.78
Tweed Offshore,2487,1761996600,,-28.21272,153.68026,1.23,2.19,6.06,4.25,22.99,89.13,0.71,142.86
Tweed Offshore,2487,1761998400,,-28.21275,153.68018,1.19,2.01,6.25,3.83,22.99,85.52,0.72,145.76
Tweed Offshore,2487,1762000200,,-28.21273,153.68022,1.24,2.38,6.06,4.23,22.95,81.56,0.71,142.77
Tweed Offshore,2487,1762002000,,-28.21275,153.68024,1.18,1.99,6.45,3.9,22.9,91.76,0.74,142.33
Tweed Offshore,2487,1762003800,,-28.21273,153.68029,1.19,2.33,6.06,3.72,22.86,88.6,0.75,139.43
Tweed Offshore,2487,1762005600,,-28.21275,153.68018,1.18,2.04,6.25,3.84,22.77,103.02,0.71,141.8
Tweed Offshore,2487,1762007400,,-28.21272,153.68024,1.23,2.2,6.06,4.14,22.77,96.07,0.69,137.76
Tweed Offshore,2487,1762009200,,-28.21272,153.68024,1.14,1.75,5.88,4.07,22.72,93.17,0.64,139.78
Tweed Offshore,2487,1762011000,,-28.2127,153.6802,1.23,2.24,5.88,4.19,22.68,94.05,0.65,139.52
Tweed Offshore,2487,1762012800,,-28.21269,153.68018,1.24,2.02,6.06,4.2,22.68,99.59,0.67,137.49
Tweed Offshore,2487,1762014600,,-28.2127,153.68014,1.22,2.04,5.71,4.19,22.72,95.37,0.58,139.78
Tweed Offshore,2487,1762016400,,-28.21272,153.68016,1.28,2.13,6.25,4.35,22.77,100.47,0.58,140.84
Tweed Offshore,2487,1762018200,,-28.2127,153.68018,1.31,2.42,6.25,4.6,22.72,101.78,0.58,139.43
Tweed Offshore,2487,1762020000,,-28.2127,153.68016,1.33,2.44,6.67,4.69,22.72,105.3,0.58,141.98
Tweed Offshore,2487,1762021800,,-28.2127,153.68016,1.32,1.91,6.25,4.62,22.72,94.4,0.6,144.0
Tweed Offshore,2487,1762023600,,-28.21272,153.68018,1.26,2.13,6.9,4.61,22.68,104.51,0.56,148.84
Tweed Offshore,2487,1762025400,,-28.2127,153.68018,1.35,2.14,6.25,4.77,22.68,87.37,0.57,147.34
Tweed Offshore,2487,1762027200,,-28.2127,153.68014,1.28,2.1,7.14,4.71,22.68,106.53,0.55,150.07
Tweed Offshore,2487,1762029000,,-28.2127,153.68016,1.19,2.18,6.25,4.67,22.68,86.31,0.58,153.58
Tweed Offshore,2487,1762030800,,-28.2127,153.68016,1.21,2.06,6.25,4.84,22.72,85.08,0.57,155.69
Tweed Offshore,2487,1762032600,,-28.2127,153.68024,1.3,2.24,5.71,5.03,22.77,56.33,0.59,155.87
Tweed Offshore,2487,1762034400,,-28.2127,153.6802,1.24,2.14,6.25,4.97,22.81,80.69,0.61,159.12
Tweed Offshore,2487,1762036200,,-28.21272,153.6802,1.2,1.94,12.5,4.73,22.9,143.63,0.61,165.36
Tweed Offshore,2487,1762038000,,-28.21269,153.6802,1.15,1.91,7.41,4.72,22.95,116.03,0.59,161.85
Tweed Offshore,2487,1762039800,,-28.2127,153.68022,1.17,1.87,6.25,4.75,22.99,85.26,0.64,163.69
Tweed Offshore,2487,1762041600,,-28.2127,153.68024,1.15,2.03,7.14,4.92,23.13,108.38,0.63,166.15
Tweed Offshore,2487,1762043400,,-28.21272,153.6802,1.23,2.24,6.9,5.09,23.17,101.08,0.71,166.77
Tweed Offshore,2487,1762045200,,-28.21272,153.68022,1.19,1.83,7.41,4.97,23.31,118.05,0.7,169.58
Tweed Offshore,2487,1762047000,,-28.21272,153.68018,1.19,2.34,6.9,4.62,23.35,98.88,0.73,167.65
Tweed Offshore,2487,1762048800,,-28.21275,153.68016,1.14,1.97,11.76,4.2,23.44,165.26,0.75,166.95
Tweed Offshore,2487,1762050600,,-28.21273,153.68018,1.2,1.95,8.0,4.09,23.49,114.09,0.79,168.79
Tweed Offshore,2487,1762052400,,-28.21275,153.68014,1.18,1.96,6.9,3.93,23.58,100.82,0.78,170.46
Tweed Offshore,2487,1762054200,,-28.21276,153.68016,1.12,1.74,8.0,3.64,23.54,115.59,0.81,172.48
Tweed Offshore,2487,1762056000,,-28.21276,153.68011,1.13,1.77,6.9,3.68,23.58,97.56,0.85,170.73
Tweed Offshore,2487,1762057800,,-28.21276,153.68014,1.21,2.01,6.67,3.59,23.54,98.18,0.89,169.41
Tweed Offshore,2487,1762059600,,-28.21276,153.68007,1.17,2.63,6.67,3.63,23.58,92.2,0.92,171.87
Tweed Offshore,2487,1762061400,,-28.2128,153.68009,1.15,2.09,6.67,3.75,23.58,88.25,0.93,165.01
Tweed Offshore,2487,1762063200,,-28.21279,153.68014,1.15,2.24,6.67,3.83,23.58,89.3,0.91,165.27
Tweed Offshore,2487,1762065000,,-28.21276,153.68009,1.2,1.88,6.25,4.0,23.54,82.18,0.95,164.75
Tweed Offshore,2487,1762066800,,-28.21276,153.68014,1.19,2.3,11.76,3.98,23.58,147.76,0.93,162.99
Tweed Offshore,2487,1762068600,,-28.21276,153.68014,1.16,1.74,6.67,3.86,23.54,78.84,0.91,162.64
Tweed Offshore,2487,1762070400,,-28.21276,153.68014,1.15,2.0,6.45,3.86,23.54,78.75,0.94,162.02
Tweed Offshore,2487,1762072200,,-28.21276,153.68016,1.17,1.82,6.45,3.84,23.49,77.78,0.94,163.34
Tweed Offshore,2487,1762074000,,-28.21276,153.68022,1.18,2.37,6.25,3.87,23.49,71.28,0.99,158.95
Tweed Offshore,2487,1762075800,,-28.21279,153.68022,1.23,2.15,7.14,3.92,23.49,88.16,0.95,161.49
Tweed Offshore,2487,1762077600,,-28.21279,153.6802,1.26,2.32,6.67,4.06,23.44,81.04,0.88,159.74
Tweed Offshore,2487,1762079400,,-28.21279,153.6802,1.25,2.17,7.41,4.16,23.44,86.75,0.9,157.19
Tweed Offshore,2487,1762081200,,-28.21276,153.68022,1.25,1.99,6.9,4.25,23.44,72.77,0.93,153.32
Tweed Offshore,2487,1762083000,,-28.21275,153.68022,1.36,2.07,6.67,4.37,23.4,82.36,0.94,152.0
Tweed Offshore,2487,1762084800,,-28.21276,153.68024,1.3,2.17,6.06,4.38,23.44,62.05,0.93,149.71
Tweed Offshore,2487,1762086600,,-28.21279,153.68024,1.38,1.99,6.06,4.12,23.44,63.54,0.95,150.07
Tweed Offshore,2487,1762088400,,-28.21279,153.68022,1.42,2.18,6.67,4.09,23.44,79.02,0.94,148.92
Tweed Offshore,2487,1762090200,,-28.2128,153.68014,1.41,2.39,7.14,3.89,23.44,74.0,0.97,152.97
Tweed Offshore,2487,1762092000,,-28.21279,153.68016,1.6,2.67,6.06,4.01,23.44,53.61,0.93,149.8
Tweed Offshore,2487,1762093800,,-28.2128,153.68009,1.49,2.5,6.25,3.98,23.35,72.07,0.91,153.49
Tweed Offshore,2487,1762095600,,-28.2128,153.68016,1.52,2.5,6.25,3.96,23.31,64.33,0.92,144.88
Tweed Offshore,2487,1762097400,,-28.21279,153.68011,1.46,2.34,5.56,3.97,23.26,49.48,0.94,149.45
Tweed Offshore,2487,1762099200,,-28.21279,153.68007,1.48,2.16,6.67,4.04,23.22,69.87,0.86,150.33
Tweed Offshore,2487,1762101000,,-28.21279,153.68009,1.43,2.23,6.06,3.95,23.13,60.99,0.92,147.87
Tweed Offshore,2487,1762102800,,-28.21279,153.68009,1.53,2.56,5.56,4.04,23.13,49.3,0.92,142.07
Tweed Offshore,2487,1762104600,,-28.21276,153.68009,1.56,2.64,6.45,4.11,23.13,60.73,0.88,140.22
Tweed Offshore,2487,1762106400,,-28.21279,153.68007,1.48,2.87,6.45,3.96,23.08,53.78,0.88,144.44
Tweed Offshore,2487,1762108200,,-28.21279,153.68003,1.51,2.56,5.88,4.03,22.99,37.26,0.82,145.67
Tweed Offshore,2487,1762110000,,-28.21279,153.68003,1.42,3.3,6.25,3.91,22.86,48.16,0.83,150.77
Tweed Offshore,2487,1762111800,,-28.21279,153.68001,1.43,2.41,6.25,3.89,22.86,50.0,0.87,154.46
Tweed Offshore,2487,1762113600,,-28.21279,153.68011,1.4,2.08,6.06,3.87,22.9,51.41,0.86,154.64
Tweed Offshore,2487,1762115400,,-28.21279,153.68016,1.48,2.32,6.25,3.86,22.95,52.99,0.84,154.02
Tweed Offshore,2487,1762117200,,-28.21279,153.68016,1.45,2.71,5.88,3.74,22.99,44.73,0.83,150.07
Tweed Offshore,2487,1762119000,,-28.21276,153.68016,1.43,2.2,6.25,3.77,23.04,46.93,0.85,154.37
Tweed Offshore,2487,1762120800,,-28.21275,153.6802,1.42,2.34,6.45,3.8,23.13,64.86,0.86,152.18
Tweed Offshore,2487,1762122600,,-28.21275,153.68018,1.47,2.39,5.71,3.77,23.13,38.93,0.85,152.35
Tweed Offshore,2487,1762124400,,-28.21275,153.68024,1.43,2.36,6.25,3.79,23.17,58.27,0.85,149.8
Tweed Offshore,2487,1762126200,,-28.21275,153.68024,1.38,2.37,6.25,3.8,23.22,46.05,0.84,148.84
Tweed Offshore,2487,1762128000,,-28.21275,153.68024,1.41,2.39,6.06,3.88,23.26,56.77,0.88,147.96
Tweed Offshore,2487,1762129800,,-28.21276,153.68024,1.34,2.18,5.56,3.71,23.35,53.78,0.87,147.43
Tweed Offshore,2487,1762131600,,-28.21275,153.68024,1.4,2.22,6.06,3.78,23.54,52.64,0.91,147.52
Tweed Offshore,2487,1762133400,,-28.21275,153.68022,1.4,2.67,5.88,3.82,23.63,47.98,0.88,150.86
Tweed Offshore,2487,1762135200,,-28.21276,153.68018,1.35,2.81,6.67,3.81,23.67,69.87,0.83,153.05
Tweed Offshore,2487,1762137000,,-28.21276,153.68016,1.42,2.52,5.13,3.83,23.72,38.14,0.85,146.64
Tweed Offshore,2487,1762138800,,-28.21276,153.68014,1.43,2.25,6.25,3.86,23.72,42.36,0.86,151.91
Tweed Offshore,2487,1762140600,,-28.21275,153.68009,1.3,2.02,6.45,3.72,23.76,60.91,0.83,152.7
Tweed Offshore,2487,1762142400,,-28.21279,153.68007,1.4,2.09,5.71,3.85,23.76,45.26,0.79,157.27
Tweed Offshore,2487,1762144200,,-28.21276,153.68007,1.42,2.92,6.25,3.83,23.72,48.69,0.81,152.88
Tweed Offshore,2487,1762146000,,-28.21279,153.68001,1.42,2.21,5.71,3.87,23.67,47.98,0.82,154.99
Tweed Offshore,2487,1762147800,,-28.21279,153.68003,1.46,2.46,6.45,3.99,23.67,60.82,0.84,155.96
Tweed Offshore,2487,1762149600,,-28.21279,153.68001,1.42,2.32,6.06,3.81,23.63,43.23,0.85,156.04
Tweed Offshore,2487,1762151400,,-28.21275,153.68009,1.52,2.48,6.06,3.91,23.63,47.37,0.86,155.25
Tweed Offshore,2487,1762153200,,-28.21276,153.68009,1.71,2.81,6.06,4.03,23.58,43.59,0.87,155.43
Tweed Offshore,2487,1762155000,,-28.21279,153.68009,1.63,2.47,6.06,4.06,23.54,37.7,0.86,158.15
Tweed Offshore,2487,1762156800,,-28.21276,153.68009,1.59,2.83,6.06,4.03,23.58,43.15,0.87,156.84
Tweed Offshore,2487,1762158600,,-28.21276,153.68011,1.64,2.93,6.06,4.01,23.63,28.64,0.84,155.16
Tweed Offshore,2487,1762160400,,-28.21276,153.68016,1.74,2.78,6.25,4.08,23.58,46.05,0.89,156.13
Tweed Offshore,2487,1762162200,,-28.21279,153.68016,1.66,2.76,5.88,4.0,23.58,21.26,0.89,154.11
Tweed Offshore,2487,1762164000,,-28.21279,153.68016,1.86,2.87,6.25,4.13,23.58,29.34,0.88,154.29
Tweed Offshore,2487,1762165800,,-28.2128,153.68014,1.72,2.8,5.88,4.15,23.44,27.15,0.85,157.19
Tweed Offshore,2487,1762167600,,-28.21279,153.68009,1.98,3.42,6.25,4.46,23.44,34.18,0.85,155.87
Tweed Offshore,2487,1762169400,,-28.21276,153.68016,1.8,2.74,6.67,4.14,23.44,37.87,0.94,150.77
Tweed Offshore,2487,1762171200,,-28.21279,153.68018,1.88,2.86,6.45,4.1,23.44,34.71,0.91,151.74
Tweed Offshore,2487,1762173000,,-28.2128,153.68016,1.88,2.88,6.45,4.26,23.4,36.03,0.86,152.09
Tweed Offshore,2487,1762174800,,-28.21282,153.68014,2.01,3.37,6.67,4.4,23.35,36.73,0.91,151.56
Tweed Offshore,2487,1762176600,,-28.21282,153.68009,1.98,2.89,6.45,4.28,23.31,39.02,0.84,153.76
Tweed Offshore,2487,1762178400,,-28.2128,153.68009,1.92,3.33,6.45,4.34,23.35,34.36,0.84,151.65
Tweed Offshore,2487,1762180200,,-28.21279,153.68016,1.86,3.82,6.45,4.37,23.26,35.5,0.87,150.42
Tweed Offshore,2487,1762182000,,-28.21276,153.68018,1.79,2.84,6.25,4.38,23.22,26.09,0.85,147.08
Tweed Offshore,2487,1762183800,,-28.21276,153.68014,1.84,3.05,6.06,4.35,23.22,25.04,0.87,151.38
Tweed Offshore,2487,1762185600,,-28.21276,153.68016,1.7,3.26,6.45,4.33,23.26,36.64,0.89,147.96
Tweed Offshore,2487,1762187400,,-28.21276,153.68011,1.67,2.6,6.06,4.25,23.31,27.06,0.81,147.78
Tweed Offshore,2487,1762189200,,-28.21279,153.68009,1.52,2.26,6.25,4.15,23.31,29.34,0.83,151.65
Tweed Offshore,2487,1762191000,,-28.21276,153.68011,1.43,2.45,5.71,4.13,23.35,39.02,0.79,145.93
Tweed Offshore,2487,1762192800,,-28.21276,153.68014,1.36,2.21,6.67,4.19,23.35,51.85,0.85,147.43
Tweed Offshore,2487,1762194600,,-28.21276,153.68016,1.37,2.29,6.45,4.33,23.44,39.98,0.83,142.68
Tweed Offshore,2487,1762196400,,-28.21276,153.6802,1.29,2.14,5.88,4.23,23.49,31.63,0.77,146.81
Tweed Offshore,2487,1762198200,,-28.21276,153.68016,1.18,2.13,6.45,4.17,23.49,39.02,0.8,146.64
Tweed Offshore,2487,1762200000,,-28.21273,153.68031,1.22,2.14,6.25,4.39,23.44,35.76,0.69,139.87
Tweed Offshore,2487,1762201800,,-28.21273,153.68026,1.13,2.03,6.25,4.5,23.31,41.21,0.79,138.99
Tweed Offshore,2487,1762203600,,-28.21273,153.68024,1.14,2.09,6.06,4.65,23.22,50.97,0.69,143.74
Tweed Offshore,2487,1762205400,,-28.21273,153.68024,1.02,1.66,5.88,4.45,23.13,49.13,0.78,138.46
Tweed Offshore,2487,1762207200,,-28.21272,153.68029,1.12,2.14,8.33,4.72,23.04,97.21,0.72,142.68
Tweed Offshore,2487,1762209000,,-28.2127,153.68039,1.06,1.68,8.7,4.63,23.26,79.19,0.85,143.47
Tweed Offshore,2487,1762210800,,-28.21272,153.68033,0.94,1.59,6.45,4.61,23.31,49.21,0.74,149.45
Tweed Offshore,2487,1762212600,,-28.21273,153.68033,0.96,1.54,8.7,4.65,23.35,99.59,0.76,149.8
Tweed Offshore,2487,1762214400,,-28.21272,153.68031,0.96,1.5,6.67,4.2,23.31,63.37,0.73,145.49
Tweed Offshore,2487,1762216200,,-28.21272,153.68031,0.94,1.61,6.06,4.23,23.31,47.19,0.69,147.34
Tweed Offshore,2487,1762218000,,-28.21272,153.68031,0.91,1.48,6.67,4.49,23.31,68.38,0.64,156.84
Tweed Offshore,2487,1762219800,,-28.2127,153.68031,0.92,1.58,6.06,4.72,23.31,55.63,0.6,159.03
Tweed Offshore,2487,1762221600,,-28.2127,153.68024,0.85,1.29,6.45,4.58,23.44,53.08,0.63,164.04
Tweed Offshore,2487,1762223400,,-28.21272,153.68022,0.81,1.25,7.14,3.93,23.58,68.64,0.63,164.66
Tweed Offshore,2487,1762225200,,-28.21273,153.68014,0.8,1.49,6.25,3.75,23.58,74.0,0.52,168.7
Tweed Offshore,2487,1762227000,,-28.21275,153.68009,0.86,1.44,7.41,3.8,23.63,76.29,0.66,168.26
Tweed Offshore,2487,1762228800,,-28.21275,153.68003,0.93,1.44,6.67,3.66,23.67,77.26,0.67,167.03
Tweed Offshore,2487,1762230600,,-28.21273,153.67996,0.87,1.57,6.25,3.27,23.67,71.98,0.66,178.46
Tweed Offshore,2487,1762232400,,-28.21273,153.67994,0.9,1.56,7.69,3.22,23.72,92.55,0.67,181.89
Tweed Offshore,2487,1762234200,,-28.21273,153.67992,0.91,1.79,6.45,3.08,23.76,77.08,0.67,181.01
Tweed Offshore,2487,1762236000,,-28.21275,153.6799,0.92,1.51,6.9,3.0,23.72,81.56,0.65,180.04
Tweed Offshore,2487,1762237800,,-28.21273,153.67988,0.95,1.6,6.67,3.08,23.67,68.2,0.66,183.65
Tweed Offshore,2487,1762239600,,-28.21275,153.67979,0.91,1.51,6.06,3.03,23.72,71.89,0.71,182.68
Tweed Offshore,2487,1762241400,,-28.21275,153.67977,0.97,1.65,8.0,3.19,23.67,100.2,0.72,184.0
Tweed Offshore,2487,1762243200,,-28.21275,153.67981,0.91,1.56,6.06,3.17,23.67,56.25,0.7,183.47
Tweed Offshore,2487,1762245000,,-28.21275,153.67981,0.98,1.57,6.45,3.2,23.67,69.43,0.71,180.84
Tweed Offshore,2487,1762246800,,-28.21276,153.67986,1.02,1.69,5.88,3.16,23.67,56.6,0.72,176.26
Tweed Offshore,2487,1762248600,,-28.21279,153.67983,1.06,1.6,5.56,3.2,23.58,47.72,0.79,172.84
Tweed Offshore,2487,1762250400,,-28.21276,153.67988,1.02,1.93,5.71,3.24,23.49,57.13,0.68,168.09
Tweed Offshore,2487,1762252200,,-28.21279,153.67994,0.95,1.54,8.33,3.23,23.49,97.92,0.72,162.99
Tweed Offshore,2487,1762254000,,-28.21275,153.67994,0.92,1.59,8.33,3.32,23.44,96.6,0.69,160.79
Tweed Offshore,2487,1762255800,,-28.21276,153.67992,0.88,1.57,5.88,3.3,23.44,63.28,0.63,158.07
Tweed Offshore,2487,1762257600,,-28.21275,153.67986,0.89,1.65,5.71,3.47,23.44,60.29,0.6,152.88
Tweed Offshore,2487,1762259400,,-28.21275,153.67988,0.86,1.6,7.41,3.47,23.4,108.11,0.56,150.24
Tweed Offshore,2487,1762261200,,-28.21275,153.67986,0.82,1.42,8.0,3.64,23.4,111.45,0.53,149.8
Tweed Offshore,2487,1762263000,,-28.21273,153.67994,0.78,1.29,8.33,3.84,23.4,110.05,0.53,146.73
Tweed Offshore,2487,1762264800,,-28.21269,153.67994,0.79,1.28,8.0,4.01,23.35,107.32,0.48,133.45
Tweed Offshore,2487,1762264800,,-28.2127,153.67994,0.79,1.28,8.0,4.01,23.35,107.32,0.48,133.45
Tweed Offshore,2487,1762266600,,-28.21267,153.67992,0.71,1.34,8.0,3.76,23.35,107.5,0.41,126.42
Tweed Offshore,2487,1762268400,,-28.21265,153.67986,0.69,1.15,7.41,3.66,23.31,101.34,0.44,125.8
Tweed Offshore,2487,1762270200,,-28.21263,153.67986,0.68,1.16,8.7,3.82,23.31,106.97,0.36,115.87
Tweed Offshore,2487,1762272000,,-28.21263,153.67981,0.71,1.2,8.7,3.94,23.31,108.2,0.36,119.03
Tweed Offshore,2487,1762273800,,-28.21263,153.67986,0.68,1.18,9.09,3.88,23.26,101.61,0.3,121.49
Tweed Offshore,2487,1762275600,,-28.21265,153.67986,0.65,1.03,9.09,3.89,23.22,97.74,0.32,122.11
Tweed Offshore,2487,1762277400,,-28.21263,153.67986,0.64,1.08,8.7,3.88,23.17,109.96,0.26,136.88
Tweed Offshore,2487,1762279200,,-28.21265,153.67992,0.66,1.04,8.33,3.99,23.13,102.31,0.28,126.33
Tweed Offshore,2487,1762281000,,-28.21265,153.67994,0.68,1.32,8.33,4.12,23.08,101.08,0.29,124.22
Tweed Offshore,2487,1762282800,,-28.21265,153.67994,0.62,1.02,8.0,3.83,22.99,105.04,0.32,121.23
Tweed Offshore,2487,1762284600,,-28.21263,153.68003,0.63,1.18,8.7,3.99,22.95,100.38,0.28,135.21
Tweed Offshore,2487,1762286400,,-28.21261,153.68011,0.62,1.25,9.09,3.98,22.9,101.08,0.22,133.01
Tweed Offshore,2487,1762288200,,-28.21261,153.68018,0.62,1.23,8.7,4.23,22.86,91.32,0.26,135.21
Tweed Offshore,2487,1762290000,,-28.21258,153.68024,0.66,1.2,8.33,4.59,22.86,101.34,0.24,160.88
Tweed Offshore,2487,1762291800,,-28.21255,153.68033,0.64,1.12,9.52,4.65,22.86,88.95,0.22,156.04
Tweed Offshore,2487,1762293600,,-28.21254,153.68042,0.62,1.15,8.0,5.09,22.9,107.67,0.25,171.69
Tweed Offshore,2487,1762295400,,-28.21252,153.6805,0.69,1.08,8.33,5.04,22.9,94.93,0.27,161.05
Tweed Offshore,2487,1762297200,,-28.21246,153.68057,0.67,1.08,8.7,4.65,22.95,94.05,0.23,168.62
Tweed Offshore,2487,1762299000,,-28.21246,153.68061,0.61,1.11,8.33,4.1,22.95,86.93,0.24,172.84
Tweed Offshore,2487,1762300800,,-28.21245,153.68065,0.71,1.16,8.33,4.21,22.9,96.95,0.26,173.01
Tweed Offshore,2487,1762302600,,-28.21249,153.68063,0.74,1.27,8.33,4.13,22.95,89.65,0.26,171.08
Tweed Offshore,2487,1762304400,,-28.21249,153.68061,0.76,1.24,8.33,4.03,22.99,101.7,0.27,176.88
Tweed Offshore,2487,1762306200,,-28.21254,153.68048,0.78,1.42,9.09,4.06,22.95,88.95,0.29,166.42
Tweed Offshore,2487,1762308000,,-28.21257,153.68046,0.78,1.25,8.7,4.22,22.99,87.37,0.31,172.84
Tweed Offshore,2487,1762309800,,-28.2126,153.68039,0.87,1.38,9.09,4.32,22.99,80.6,0.36,165.27
Tweed Offshore,2487,1762311600,,-28.21261,153.68031,0.76,1.13,8.7,4.07,22.99,90.36,0.35,169.05
Tweed Offshore,2487,1762313400,,-28.21263,153.68029,0.82,1.47,8.33,4.22,23.08,93.08,0.33,157.36
Tweed Offshore,2487,1762315200,,-28.21263,153.68024,0.9,1.54,8.7,4.39,23.13,93.43,0.4,168.0
Tweed Offshore,2487,1762317000,,-28.21267,153.68016,0.86,1.34,8.0,4.26,23.13,102.4,0.37,169.14
Tweed Offshore,2487,1762318800,,-28.21269,153.68009,0.93,1.44,8.7,4.23,23.13,93.87,0.38,163.6
Tweed Offshore,2487,1762320600,,-28.21269,153.68005,0.94,1.59,8.33,4.25,23.13,94.31,0.36,170.99
Tweed Offshore,2487,1762322400,,-28.21269,153.67994,0.87,1.37,8.7,4.14,23.13,93.17,0.38,169.41
Tweed Offshore,2487,1762324200,,-28.21272,153.67992,0.83,1.55,8.33,4.13,23.13,91.85,0.39,168.7
Tweed Offshore,2487,1762326000,,-28.21272,153.67996,0.82,1.35,8.7,4.18,23.13,86.84,0.42,171.34
Tweed Offshore,2487,1762327800,,-28.21273,153.67986,0.85,1.68,9.09,4.16,23.13,84.91,0.38,171.34
Tweed Offshore,2487,1762329600,,-28.2127,153.67986,0.83,1.58,8.33,4.14,22.95,102.84,0.33,171.08
Tweed Offshore,2487,1762331400,,-28.21269,153.67988,0.88,1.61,8.0,4.35,22.95,115.32,0.32,161.14
Tweed Offshore,2487,1762333200,,-28.21269,153.67994,0.91,1.57,8.7,4.58,22.95,82.53,0.37,158.86
Tweed Offshore,2487,1762335000,,-28.21269,153.68001,0.84,1.52,7.14,4.44,22.9,150.31,0.36,159.47
Tweed Offshore,2487,1762336800,,-28.21267,153.68009,0.97,1.6,7.41,4.84,22.86,134.93,0.35,155.25
Tweed Offshore,2487,1762338600,,-28.21263,153.68001,1.03,1.96,7.69,5.12,22.81,136.33,0.37,170.9
Tweed Offshore,2487,1762340400,,-28.21261,153.68016,1.04,1.54,7.41,5.06,22.77,148.73,0.32,153.49
Tweed Offshore,2487,1762342200,,-28.21261,153.68016,1.07,2.14,7.14,5.32,22.77,149.34,0.31,155.6
Tweed Offshore,2487,1762344000,,-28.21265,153.68007,1.02,1.47,9.09,5.23,22.68,109.08,0.28,161.23
Tweed Offshore,2487,1762345800,,-28.21263,153.68007,1.04,1.77,6.9,5.29,22.63,148.11,0.31,146.99
Tweed Offshore,2487,1762347600,,-28.21265,153.67999,1.04,1.73,7.41,5.34,22.68,145.04,0.26,149.36
Tweed Offshore,2487,1762349400,,-28.21265,153.67999,1.09,1.9,7.14,5.16,22.68,144.51,0.2,140.75
Tweed Offshore,2487,1762351200,,-28.21261,153.68001,1.01,1.6,6.9,4.86,22.68,142.31,0.2,133.71
Tweed Offshore,2487,1762353000,,-28.21263,153.67996,1.03,1.64,8.7,4.85,22.68,116.2,0.23,129.05
Tweed Offshore,2487,1762354800,,-28.21263,153.67996,0.97,1.66,8.7,4.75,22.68,109.61,0.27,122.55
Tweed Offshore,2487,1762356600,,-28.21261,153.6799,0.99,1.66,9.52,5.02,22.72,117.26,0.24,129.32
Tweed Offshore,2487,1762358400,,-28.21261,153.67986,0.96,1.45,9.52,4.84,22.68,130.09,0.23,120.79
Tweed Offshore,2487,1762360200,,-28.21261,153.6799,1.0,2.17,8.7,4.93,22.68,107.67,0.24,121.32
Tweed Offshore,2487,1762362000,,-28.21261,153.67992,0.99,1.8,8.33,5.08,22.68,106.71,0.19,113.58
Tweed Offshore,2487,1762363800,,-28.21261,153.67994,1.01,1.79,8.7,5.13,22.63,120.33,0.19,117.54
Tweed Offshore,2487,1762365600,,-28.21263,153.67994,0.97,1.93,9.52,5.0,22.63,116.55,0.14,118.68
Tweed Offshore,2487,1762367400,,-28.21263,153.68001,0.88,1.6,8.7,4.9,22.63,127.45,0.18,149.8
Tweed Offshore,2487,1762369200,,-28.2126,153.68005,0.91,1.34,8.7,4.92,22.54,125.08,0.2,182.24
Tweed Offshore,2487,1762371000,,-28.21261,153.68009,0.92,1.82,8.0,4.85,22.54,107.94,0.25,182.07
Tweed Offshore,2487,1762372800,,-28.21263,153.68014,0.94,1.49,8.7,5.07,22.54,151.81,0.29,176.26
Tweed Offshore,2487,1762374600,,-28.21265,153.68011,0.9,1.88,7.69,4.95,22.54,131.5,0.32,168.0
Tweed Offshore,2487,1762376400,,-28.21261,153.68018,0.96,1.8,8.7,5.47,22.5,127.89,0.38,179.96
Tweed Offshore,2487,1762378200,,-28.21276,153.68001,1.32,2.05,9.09,6.44,23.22,132.73,0.97,181.45
Tweed Offshore,2487,1762380000,,-28.21279,153.67999,1.2,2.25,8.7,6.2,23.35,135.54,0.97,176.0
Tweed Offshore,2487,1762381800,,-28.2128,153.68007,1.22,2.1,8.33,6.06,23.44,145.83,0.95,173.1
Tweed Offshore,2487,1762383600,,-28.21276,153.68011,1.13,1.98,8.7,6.01,23.49,135.02,0.86,170.99
Tweed Offshore,2487,1762385400,,-28.21275,153.68011,1.34,2.1,8.33,6.2,23.49,138.27,0.7,170.99
Tweed Offshore,2487,1762387200,,-28.21275,153.6802,1.21,1.99,8.33,6.03,23.49,140.64,0.72,170.46
Tweed Offshore,2487,1762389000,,-28.21273,153.68022,1.27,1.91,8.33,6.03,23.63,158.84,0.83,162.29
Tweed Offshore,2487,1762390800,,-28.21273,153.68022,1.24,2.13,8.0,5.87,23.72,153.39,0.78,166.77
Tweed Offshore,2487,1762392600,,-28.21275,153.68024,1.12,2.02,8.33,5.59,23.63,147.94,0.8,161.14
Tweed Offshore,2487,1762394400,,-28.21273,153.68026,1.15,1.76,7.69,5.63,23.63,158.75,0.74,159.21
Tweed Offshore,2487,1762396200,,-28.21273,153.68026,1.13,1.66,8.33,5.38,23.72,144.51,0.71,159.56
Tweed Offshore,2487,1762398000,,-28.21275,153.6802,1.19,2.42,8.33,5.4,23.76,157.34,0.71,168.88
Tweed Offshore,2487,1762399800,,-28.21275,153.68026,1.23,1.95,8.0,5.41,23.76,150.49,0.69,166.95
Tweed Offshore,2487,1762401600,,-28.21276,153.68016,1.23,1.77,8.0,5.1,23.58,153.74,0.82,175.38
Tweed Offshore,2487,1762403400,,-28.21276,153.68022,1.2,2.18,7.69,5.14,23.72,154.97,0.76,168.88
Tweed Offshore,2487,1762405200,,-28.21276,153.68018,1.2,1.92,7.41,5.08,23.72,153.74,0.74,170.81
Tweed Offshore,2487,1762407000,,-28.21276,153.6802,1.2,1.9,7.14,5.07,23.63,157.17,0.78,164.22
Tweed Offshore,2487,1762408800,,-28.21275,153.68018,1.28,2.01,7.69,5.16,23.58,141.34,0.77,164.13
Tweed Offshore,2487,1762410600,,-28.21273,153.68016,1.25,1.98,8.0,5.12,23.49,147.67,0.74,161.49
Tweed Offshore,2487,1762412400,,-28.21275,153.68018,1.26,2.1,7.41,5.05,23.54,150.31,0.7,157.89
Tweed Offshore,2487,1762414200,,-28.21275,153.68014,1.22,1.83,8.0,5.02,23.49,140.82,0.64,158.68
Tweed Offshore,2487,1762416000,,-28.21273,153.68011,1.22,2.07,7.41,4.86,23.63,150.31,0.74,161.14
Tweed Offshore,2487,1762417800,,-28.21273,153.68011,1.14,1.76,8.0,4.77,23.67,139.15,0.71,156.22
Tweed Offshore,2487,1762419600,,-28.21273,153.68007,1.2,1.92,7.41,4.92,23.67,148.38,0.69,155.96
Tweed Offshore,2487,1762421400,,-28.21273,153.67999,1.18,1.87,7.14,5.13,23.63,141.87,0.76,176.44
Tweed Offshore,2487,1762423200,,-28.21276,153.67999,1.19,2.1,6.9,5.12,23.72,156.64,0.77,174.77
Tweed Offshore,2487,1762425000,,-28.21279,153.67994,1.18,1.88,7.69,5.14,23.72,143.37,0.84,177.05
Tweed Offshore,2487,1762426800,,-28.21279,153.67996,1.15,1.89,7.69,5.21,23.72,149.43,0.86,170.99
Tweed Offshore,2487,1762428600,,-28.21279,153.67999,1.2,2.32,7.69,5.37,23.67,145.83,0.94,169.41
Tweed Offshore,2487,1762430400,,-28.21279,153.68005,1.2,2.01,7.14,5.32,23.63,145.56,0.96,162.11
Tweed Offshore,2487,1762432200,,-28.21279,153.68001,1.15,1.87,7.69,5.3,23.58,142.22,0.91,162.11
Tweed Offshore,2487,1762434000,,-28.21279,153.67999,1.18,1.58,7.14,5.27,23.49,151.19,0.84,159.12
Tweed Offshore,2487,1762435800,,-28.21276,153.67994,1.18,1.75,7.14,5.39,23.44,147.67,0.79,157.98
Tweed Offshore,2487,1762437600,,-28.21276,153.67988,1.2,1.97,7.41,5.27,23.31,148.99,0.7,157.63
Tweed Offshore,2487,1762437600,,-28.21276,153.6799,1.2,1.97,7.41,5.27,23.31,148.99,0.7,157.63
Tweed Offshore,2487,1762439400,,-28.21275,153.6799,1.06,2.15,7.69,5.02,23.22,129.74,0.67,157.1
Tweed Offshore,2487,1762441200,,-28.21273,153.67986,1.08,1.71,7.14,5.05,23.13,150.14,0.64,155.08
Tweed Offshore,2487,1762443000,,-28.21275,153.67979,1.09,1.75,6.67,5.09,23.08,152.33,0.57,156.66
Tweed Offshore,2487,1762444800,,-28.21273,153.67977,1.08,1.7,11.76,5.04,23.04,167.28,0.53,170.55
Tweed Offshore,2487,1762446600,,-28.21273,153.67975,1.09,1.71,6.9,4.93,23.04,156.91,0.51,176.7
Tweed Offshore,2487,1762448400,,-28.21273,153.67973,0.99,1.78,11.11,4.79,22.99,161.48,0.52,174.77
Tweed Offshore,2487,1762450200,,-28.21273,153.67975,0.97,1.54,5.88,4.89,22.99,146.62,0.54,180.4
Tweed Offshore,2487,1762452000,,-28.21273,153.67979,0.99,1.61,10.53,4.81,22.95,163.23,0.54,172.13
Tweed Offshore,2487,1762453800,,-28.21273,153.67979,1.01,1.59,6.67,4.84,22.9,148.55,0.5,172.31
Tweed Offshore,2487,1762455600,,-28.21273,153.67983,0.97,1.95,11.11,4.84,22.81,164.38,0.51,168.7
Tweed Offshore,2487,1762457400,,-28.21272,153.67988,1.0,1.55,11.76,5.17,22.77,157.96,0.53,169.58
Tweed Offshore,2487,1762459200,,-28.2127,153.6799,1.0,1.48,10.0,5.41,22.77,141.87,0.62,190.86
Tweed Offshore,2487,1762461000,,-28.21272,153.67986,1.01,1.87,10.0,5.64,22.99,138.27,0.71,186.46
Tweed Offshore,2487,1762462800,,-28.21275,153.67999,1.12,1.76,10.0,5.95,22.95,148.47,0.8,179.52
Tweed Offshore,2487,1762464600,,-28.21273,153.67996,1.03,1.8,10.0,5.84,22.95,153.12,0.88,186.64
Tweed Offshore,2487,1762466400,,-28.21275,153.67996,1.04,1.39,10.53,5.96,23.13,149.7,0.91,181.27
Tweed Offshore,2487,1762468200,,-28.21276,153.68001,1.12,1.9,10.0,6.33,23.17,151.28,0.93,175.3
Tweed Offshore,2487,1762470000,,-28.21276,153.68009,1.12,1.83,10.0,6.27,23.13,150.58,1.03,174.24
Tweed Offshore,2487,1762471800,,-28.21276,153.68009,1.04,1.92,9.52,5.97,23.76,134.14,1.1,170.73
Tweed Offshore,2487,1762473600,,-28.21276,153.68018,1.15,1.74,10.0,6.25,24.08,162.88,1.1,168.35
Tweed Offshore,2487,1762475400,,-28.21276,153.6802,1.08,2.06,10.53,6.02,24.45,158.22,1.04,168.0
Tweed Offshore,2487,1762477200,,-28.21275,153.68026,1.12,1.7,10.0,6.16,24.45,150.4,1.03,166.51
Tweed Offshore,2487,1762479000,,-28.21276,153.68029,1.23,1.88,11.11,6.51,24.4,163.06,1.04,163.96
Tweed Offshore,2487,1762480800,,-28.21275,153.68033,1.19,1.86,8.7,6.24,24.17,141.61,1.03,162.2
Tweed Offshore,2487,1762482600,,-28.21273,153.68044,1.18,1.91,8.7,6.0,24.08,130.62,1.02,160.79
Tweed Offshore,2487,1762484400,,-28.21272,153.68046,1.1,1.86,8.7,5.96,24.08,133.34,1.05,157.63
Tweed Offshore,2487,1762486200,,-28.2127,153.68052,1.09,1.75,8.7,5.58,23.99,131.76,1.05,155.08
Tweed Offshore,2487,1762488000,,-28.21267,153.68057,1.12,1.85,8.33,5.38,23.99,153.56,1.01,149.45
Tweed Offshore,2487,1762489800,,-28.21269,153.68054,1.17,2.06,8.7,5.49,23.81,116.47,0.97,148.22
Tweed Offshore,2487,1762491600,,-28.21267,153.68054,1.17,2.07,8.7,5.07,23.54,113.92,0.91,146.02
Tweed Offshore,2487,1762493400,,-28.21267,153.68052,1.11,2.19,8.33,4.81,23.26,123.85,0.82,145.41
Tweed Offshore,2487,1762495200,,-28.21265,153.68054,1.04,1.78,8.7,4.62,23.13,121.83,0.83,140.84
Tweed Offshore,2487,1762497000,,-28.21257,153.68057,1.14,1.79,8.0,4.71,22.95,120.42,0.74,128.26
Tweed Offshore,2487,1762498800,,-28.2126,153.68054,1.15,2.0,8.7,4.86,22.95,131.59,0.74,130.02
Tweed Offshore,2487,1762500600,,-28.2126,153.68054,1.0,1.78,8.0,4.37,22.9,127.89,0.73,129.67
Tweed Offshore,2487,1762502400,,-28.2126,153.68048,1.11,1.62,8.7,4.59,22.72,121.04,0.69,128.18
Tweed Offshore,2487,1762504200,,-28.2126,153.68048,1.07,1.86,8.0,4.45,22.59,120.42,0.64,132.57
Tweed Offshore,2487,1762506000,,-28.21263,153.68042,1.11,2.01,10.0,4.57,22.45,151.28,0.59,133.8
Tweed Offshore,2487,1762507800,,-28.21265,153.68033,1.1,1.9,9.09,4.41,22.45,120.86,0.59,135.65
Tweed Offshore,2487,1762509600,,-28.21267,153.68029,1.02,2.17,10.53,4.26,22.41,152.69,0.45,130.64
Tweed Offshore,2487,1762511400,,-28.21267,153.68026,1.05,2.01,9.09,4.15,22.36,122.09,0.44,138.11
Tweed Offshore,2487,1762513200,,-28.21269,153.68024,1.01,1.88,9.52,4.0,22.23,138.62,0.4,132.66
Tweed Offshore,2487,1762515000,,-28.21269,153.68022,1.05,1.93,8.7,4.13,22.18,122.71,0.35,131.52
Tweed Offshore,2487,1762516800,,-28.21269,153.68016,1.0,1.91,9.09,4.08,22.1,123.59,0.33,134.15
Tweed Offshore,2487,1762518600,,-28.21269,153.68011,1.03,2.05,7.69,4.16,22.01,118.31,0.31,138.29
Tweed Offshore,2487,1762520400,,-28.21269,153.68016,1.14,2.22,8.33,4.31,21.92,116.29,0.33,141.45
Tweed Offshore,2487,1762522200,,-28.21269,153.68011,1.24,1.85,8.0,4.55,21.78,117.08,0.32,140.13
Tweed Offshore,2487,1762524000,,-28.21267,153.68011,1.17,2.08,8.33,4.33,21.78,124.73,0.31,134.59
Tweed Offshore,2487,1762524000,,-28.21269,153.68014,1.17,2.08,8.33,4.33,21.78,124.73,0.31,134.59
Tweed Offshore,2487,1762525800,,-28.21267,153.68014,1.14,1.84,7.69,4.36,21.83,122.18,0.31,142.51
Tweed Offshore,2487,1762527600,,-28.2127,153.68009,1.05,1.95,8.33,3.96,21.74,128.86,0.39,152.62
Tweed Offshore,2487,1762529400,,-28.2127,153.68005,1.08,2.42,8.33,4.04,21.61,121.83,0.34,156.57
Tweed Offshore,2487,1762531200,,-28.2127,153.67999,1.12,2.07,8.33,4.07,21.65,115.23,0.39,160.26
Tweed Offshore,2487,1762533000,,-28.21273,153.67994,1.02,1.94,8.7,3.7,21.65,118.93,0.41,160.62
Tweed Offshore,2487,1762534800,,-28.21273,153.67994,1.12,1.95,8.0,3.85,21.69,118.93,0.44,156.92
Tweed Offshore,2487,1762536600,,-28.21273,153.67994,1.07,2.0,8.0,3.62,21.69,108.47,0.51,154.02
Tweed Offshore,2487,1762538400,,-28.21273,153.67992,1.01,1.68,7.69,3.64,21.65,111.54,0.51,150.95
Tweed Offshore,2487,1762540200,,-28.21275,153.6799,0.95,1.9,8.33,3.57,21.56,116.11,0.54,166.07
Tweed Offshore,2487,1762542000,,-28.21273,153.6799,0.96,1.52,8.7,3.53,21.52,110.22,0.49,163.78
Tweed Offshore,2487,1762543800,,-28.21273,153.67992,0.86,1.72,8.33,3.43,21.52,110.93,0.53,159.91
Tweed Offshore,2487,1762545600,,-28.2127,153.68001,0.82,1.33,8.33,3.78,21.52,108.47,0.55,178.55
Tweed Offshore,2487,1762547400,,-28.2128,153.67981,0.85,1.48,7.69,4.49,22.95,100.47,1.07,182.68
Tweed Offshore,2487,1762549200,,-28.21282,153.67977,0.79,1.35,7.41,4.35,23.08,103.89,1.17,180.48
Tweed Offshore,2487,1762551000,,-28.21284,153.67979,0.79,1.4,8.33,4.51,23.26,100.2,1.18,181.36
Tweed Offshore,2487,1762552800,,-28.21285,153.67986,0.77,1.35,8.33,3.65,23.26,96.69,1.19,179.96
Tweed Offshore,2487,1762554600,,-28.21287,153.67996,0.74,1.26,9.09,3.06,23.31,118.14,1.24,170.64
Tweed Offshore,2487,1762556400,,-28.21288,153.68001,0.76,1.61,8.33,3.0,23.26,99.23,1.28,169.85
Tweed Offshore,2487,1762558200,,-28.2129,153.68005,0.83,1.41,8.0,3.18,23.26,102.93,1.32,167.3
Tweed Offshore,2487,1762560000,,-28.21294,153.68009,0.86,1.51,8.0,3.21,23.4,110.22,1.35,165.71
Tweed Offshore,2487,1762561800,,-28.2129,153.68011,0.85,1.54,7.69,2.89,23.58,103.81,1.36,164.75
Tweed Offshore,2487,1762563600,,-28.21288,153.68016,0.9,1.6,8.0,2.81,23.49,96.25,1.34,163.43
Tweed Offshore,2487,1762565400,,-28.2129,153.68011,0.91,1.38,8.33,2.85,23.63,98.0,1.37,162.2
Tweed Offshore,2487,1762567200,,-28.2129,153.68022,0.99,1.6,7.69,2.96,23.63,100.29,1.33,161.14
Tweed Offshore,2487,1762569000,,-28.21288,153.68024,1.01,1.6,8.33,2.99,23.58,97.21,1.33,157.98
Tweed Offshore,2487,1762570800,,-28.21288,153.68031,1.05,1.79,3.77,3.05,23.44,10.71,1.29,157.19
Tweed Offshore,2487,1762572600,,-28.21288,153.68031,1.06,1.82,3.85,3.0,23.49,6.93,1.32,154.99
Tweed Offshore,2487,1762574400,,-28.21287,153.68033,1.05,1.72,4.17,3.05,23.49,23.54,1.31,155.16
Tweed Offshore,2487,1762576200,,-28.21288,153.68033,1.1,1.71,4.0,3.19,23.49,16.95,1.33,153.93
Tweed Offshore,2487,1762578000,,-28.21288,153.68035,1.19,1.98,4.26,3.31,23.4,22.49,1.36,151.3
Tweed Offshore,2487,1762579800,,-28.2129,153.68033,1.16,2.27,4.35,3.22,23.44,28.82,1.33,151.03
Tweed Offshore,2487,1762581600,,-28.21285,153.68033,1.22,1.84,4.35,3.32,23.26,16.25,1.34,151.38
Tweed Offshore,2487,1762583400,,-28.2128,153.68031,1.21,2.02,4.55,3.36,23.04,23.89,1.21,150.95
Tweed Offshore,2487,1762585200,,-28.21282,153.68033,1.18,2.37,4.26,3.25,22.9,11.85,1.21,148.66
Tweed Offshore,2487,1762587000,,-28.2128,153.68031,1.12,1.91,4.26,3.17,22.81,16.77,1.14,147.6
Tweed Offshore,2487,1762588800,,-28.2128,153.68031,1.21,2.12,4.65,3.33,22.72,18.18,1.15,141.27
Tweed Offshore,2487,1762590600,,-28.21279,153.68031,1.11,1.84,4.55,3.24,22.77,19.94,1.16,143.74
Tweed Offshore,2487,1762592400,,-28.21276,153.68029,1.07,2.04,4.65,3.18,22.68,17.65,0.99,143.21
Tweed Offshore,2487,1762594200,,-28.21279,153.68024,1.1,1.99,4.88,3.34,22.68,20.03,1.07,145.93
Tweed Offshore,2487,1762596000,,-28.21279,153.68024,1.06,1.81,4.76,3.34,22.63,28.38,1.0,144.7
Tweed Offshore,2487,1762597800,,-28.21279,153.68024,1.04,2.1,4.65,3.1,22.63,24.33,1.02,141.54
Tweed Offshore,2487,1762599600,,-28.21279,153.68022,1.05,1.88,4.88,3.17,22.5,27.5,0.96,142.24
Tweed Offshore,2487,1762601400,,-28.2128,153.68016,0.98,1.57,5.0,3.26,22.32,28.47,0.91,150.68
Tweed Offshore,2487,1762603200,,-28.21279,153.68024,0.94,1.56,5.13,3.15,22.18,36.82,0.91,145.93
Tweed Offshore,2487,1762605000,,-28.21279,153.68016,0.93,1.57,5.56,3.0,22.1,30.66,0.87,145.76
Tweed Offshore,2487,1762606800,,-28.21279,153.68005,0.99,1.74,5.56,3.21,21.87,26.88,0.7,148.92
Tweed Offshore,2487,1762608600,,-28.21275,153.68007,1.01,1.57,5.88,3.28,21.87,22.66,0.68,151.3
Tweed Offshore,2487,1762610400,,-28.21275,153.68007,0.99,1.63,5.56,3.31,21.87,28.99,0.65,155.34
Tweed Offshore,2487,1762610400,,-28.21275,153.68009,0.99,1.63,5.56,3.31,21.87,28.99,0.65,155.34
Tweed Offshore,2487,1762612200,,-28.21275,153.68007,0.96,1.51,5.88,3.16,21.87,30.14,0.67,152.09
Tweed Offshore,2487,1762614000,,-28.21275,153.68009,0.99,1.76,5.26,3.07,21.78,27.76,0.59,150.24
Tweed Offshore,2487,1762615800,,-28.21275,153.68014,1.01,1.66,5.88,3.18,21.74,28.2,0.58,144.79
Tweed Offshore,2487,1762617600,,-28.21275,153.68001,1.0,1.63,3.85,3.14,21.65,21.17,0.56,152.88
Tweed Offshore,2487,1762619400,,-28.21275,153.68001,0.94,1.78,3.77,3.07,21.61,30.49,0.56,148.48
Tweed Offshore,2487,1762621200,,-28.21276,153.67996,0.97,1.64,5.71,3.08,21.61,26.36,0.57,153.05
Tweed Offshore,2487,1762623000,,-28.21279,153.67999,0.88,1.33,5.71,3.05,21.61,28.99,0.56,156.48
Tweed Offshore,2487,1762624800,,-28.21275,153.67994,0.79,1.24,8.33,3.06,21.61,95.19,0.59,164.84
Tweed Offshore,2487,1762626600,,-28.21276,153.67992,0.75,1.45,8.7,2.95,21.69,86.58,0.56,170.64
Tweed Offshore,2487,1762628400,,-28.21276,153.6799,0.69,1.16,9.52,2.95,21.78,95.81,0.56,163.69
Tweed Offshore,2487,1762630200,,-28.21276,153.67988,0.64,1.18,8.33,3.08,21.83,96.51,0.54,167.03
Tweed Offshore,2487,1762632000,,-28.21273,153.67986,0.63,1.19,8.0,2.99,21.87,94.93,0.51,169.32
Tweed Offshore,2487,1762633800,,-28.21269,153.67994,0.58,1.14,9.09,2.85,21.92,89.39,0.6,191.56
Tweed Offshore,2487,1762635600,,-28.21273,153.67994,0.59,1.01,12.5,3.03,22.27,164.91,0.67,183.47
Tweed Offshore,2487,1762637400,,-28.21275,153.67994,0.58,1.22,8.7,2.89,22.32,92.82,0.73,177.58
Tweed Offshore,2487,1762639200,,-28.21276,153.67992,0.53,0.94,8.33,2.68,22.32,92.64,0.62,178.46
Tweed Offshore,2487,1762641000,,-28.21279,153.67992,0.54,1.04,7.41,2.52,22.23,90.53,0.9,175.47
Tweed Offshore,2487,1762642800,,-28.21287,153.67981,0.59,1.02,8.33,2.52,22.63,94.22,1.18,176.18
Tweed Offshore,2487,1762644600,,-28.21287,153.67981,0.59,1.14,9.09,2.54,22.77,88.86,1.14,179.34
Tweed Offshore,2487,1762646400,,-28.21288,153.67986,0.59,0.97,8.7,2.55,22.68,79.72,1.16,172.66
Tweed Offshore,2487,1762648200,,-28.21288,153.67983,0.58,1.03,8.0,2.59,22.63,83.67,1.14,174.42
Tweed Offshore,2487,1762650000,,-28.21284,153.67994,0.59,1.02,8.33,2.66,22.63,85.08,1.08,168.35
Tweed Offshore,2487,1762651800,,-28.21285,153.67994,0.61,1.21,8.0,2.7,22.59,80.69,1.12,164.31
Tweed Offshore,2487,1762653600,,-28.21284,153.68005,0.57,1.05,8.0,2.61,22.59,83.06,1.06,162.9
Tweed Offshore,2487,1762655400,,-28.21282,153.68009,0.57,1.06,8.33,2.65,22.54,83.67,1.06,160.79
Tweed Offshore,2487,1762657200,,-28.2128,153.68014,0.61,1.02,8.0,2.92,22.5,86.22,1.02,157.8
Tweed Offshore,2487,1762659000,,-28.21279,153.6802,0.6,1.02,9.09,2.78,22.5,95.19,0.98,154.9
Tweed Offshore,2487,1762660800,,-28.21276,153.68024,0.62,1.11,9.09,2.81,22.41,85.52,0.96,149.54
Tweed Offshore,2487,1762662600,,-28.21275,153.68029,0.62,1.0,9.52,3.02,22.41,80.25,0.87,147.34
Tweed Offshore,2487,1762664400,,-28.21273,153.68031,0.61,1.02,9.09,3.04,22.41,77.87,0.81,144.09
Tweed Offshore,2487,1762666200,,-28.21273,153.68031,0.56,0.98,9.09,3.14,22.41,82.36,0.78,145.93
Tweed Offshore,2487,1762668000,,-28.21272,153.68031,0.57,1.03,8.7,3.58,22.36,84.91,0.71,143.56
Tweed Offshore,2487,1762669800,,-28.21272,153.68029,0.58,0.99,8.7,3.78,22.32,92.29,0.6,145.05
Tweed Offshore,2487,1762671600,,-28.2127,153.68029,0.62,1.0,8.7,3.84,22.27,90.8,0.56,134.24
Tweed Offshore,2487,1762673400,,-28.21267,153.68024,0.58,0.97,8.7,3.88,22.27,85.26,0.5,124.13
Tweed Offshore,2487,1762675200,,-28.21269,153.68018,0.59,1.01,8.7,4.17,22.27,96.25,0.54,138.64
Tweed Offshore,2487,1762677000,,-28.21269,153.6802,0.62,1.03,8.33,4.32,22.23,85.43,0.49,134.15
Tweed Offshore,2487,1762678800,,-28.21269,153.68014,0.64,1.02,9.09,4.39,22.18,92.03,0.49,130.73
Tweed Offshore,2487,1762680600,,-28.21269,153.68014,0.62,0.93,9.09,4.32,22.18,91.15,0.4,122.73
Tweed Offshore,2487,1762682400,,-28.2127,153.68009,0.63,1.15,8.7,4.04,22.18,84.2,0.41,134.68
Tweed Offshore,2487,1762684200,,-28.2127,153.68007,0.57,1.18,12.5,3.48,22.18,153.83,0.32,128.62
Tweed Offshore,2487,1762686000,,-28.21269,153.68009,0.54,1.01,13.33,3.49,22.14,151.45,0.48,125.8
Tweed Offshore,2487,1762687800,,-28.21269,153.68009,0.55,0.8,13.33,4.09,22.05,149.26,0.45,131.6
Tweed Offshore,2487,1762689600,,-28.21267,153.67994,0.56,0.92,11.76,4.37,21.96,146.71,0.3,188.84
Tweed Offshore,2487,1762691400,,-28.2127,153.68009,0.57,0.93,11.76,4.38,21.96,152.77,0.34,154.81
Tweed Offshore,2487,1762693200,,-28.21267,153.68014,0.58,0.96,11.76,3.99,21.96,150.84,0.36,135.82
Tweed Offshore,2487,1762695000,,-28.21267,153.68003,0.62,1.36,13.33,3.78,21.92,146.71,0.27,134.86
Tweed Offshore,2487,1762696800,,-28.21265,153.67994,0.69,1.44,3.17,3.45,21.92,181.52,0.26,149.1
Tweed Offshore,2487,1762698600,,-28.21263,153.67979,0.76,1.39,11.11,3.8,21.92,158.66,0.23,205.19
Tweed Offshore,2487,1762700400,,-28.21265,153.67992,0.93,1.49,11.76,3.97,21.96,162.71,0.23,184.88
Tweed Offshore,2487,1762702200,,-28.2127,153.67971,1.04,1.75,5.26,4.21,22.27,182.84,0.35,191.91
Tweed Offshore,2487,1762704000,,-28.21272,153.67966,1.12,1.77,11.76,4.45,22.41,166.05,0.39,178.99
Tweed Offshore,2487,1762705800,,-28.2127,153.67964,1.3,2.71,5.71,4.45,22.45,156.64,0.36,185.23
Tweed Offshore,2487,1762707600,,-28.2127,153.67964,1.51,2.4,6.06,4.8,22.41,161.65,0.28,177.49
Tweed Offshore,2487,1762709400,,-28.21269,153.67956,1.92,3.1,7.14,5.27,22.54,153.83,0.32,178.11
Tweed Offshore,2487,1762711200,,-28.21267,153.67951,1.94,2.98,7.41,5.31,22.63,170.0,0.32,194.02
Tweed Offshore,2487,1762713000,,-28.2127,153.67964,2.05,3.51,7.41,5.36,22.72,160.95,0.35,195.78
Tweed Offshore,2487,1762714800,,-28.2127,153.6796,1.91,3.04,7.41,5.23,22.72,168.86,0.45,194.11
Tweed Offshore,2487,1762716600,,-28.2127,153.67958,1.97,3.65,7.41,5.31,22.72,172.64,0.43,193.76
Tweed Offshore,2487,1762718400,,-28.21272,153.6796,2.01,3.04,7.69,5.51,22.77,169.3,0.66,204.48
Tweed Offshore,2487,1762720200,,-28.21272,153.67986,1.94,3.35,7.69,5.67,23.13,160.16,0.81,200.35
Tweed Offshore,2487,1762722000,,-28.21272,153.67986,2.02,3.39,8.33,6.08,23.35,157.26,0.89,192.44
Tweed Offshore,2487,1762723800,,-28.21275,153.67986,2.2,3.45,8.0,6.44,23.4,157.52,0.87,190.15
Tweed Offshore,2487,1762725600,,-28.21279,153.67973,2.34,3.34,8.7,6.55,23.4,151.81,0.88,188.31
Tweed Offshore,2487,1762727400,,-28.2128,153.67971,2.61,4.54,8.33,6.77,23.4,152.25,0.93,185.32
Tweed Offshore,2487,1762729200,,-28.21282,153.67971,2.42,3.81,9.52,6.57,23.4,165.61,0.98,183.12
Tweed Offshore,2487,1762731000,,-28.21282,153.67975,2.41,3.85,9.52,6.5,23.4,167.98,0.97,177.23
Tweed Offshore,2487,1762732800,,-28.21282,153.67981,2.51,3.85,10.0,6.7,23.4,168.86,0.94,174.68
Tweed Offshore,2487,1762734600,,-28.21284,153.67979,2.61,4.16,9.52,6.74,23.4,163.32,0.99,174.33
Tweed Offshore,2487,1762736400,,-28.21284,153.67986,2.74,5.16,8.33,6.76,23.35,153.39,0.94,176.53
Tweed Offshore,2487,1762738200,,-28.21285,153.67986,2.69,4.93,9.52,6.83,23.4,159.1,1.01,175.47
Tweed Offshore,2487,1762740000,,-28.21285,153.67988,2.55,5.08,10.53,6.65,23.4,160.95,0.95,172.4
Tweed Offshore,2487,1762741800,,-28.21284,153.67992,2.64,5.47,10.0,6.76,23.4,162.8,0.92,168.0
Tweed Offshore,2487,1762743600,,-28.21284,153.67996,2.57,4.05,10.53,6.71,23.4,156.99,0.97,167.03
Tweed Offshore,2487,1762745400,,-28.21282,153.68005,2.52,3.84,11.76,6.76,23.49,155.41,0.89,166.15
Tweed Offshore,2487,1762747200,,-28.2128,153.68009,2.39,3.85,10.0,6.76,23.4,166.4,0.91,157.27
Tweed Offshore,2487,1762749000,,-28.2128,153.68016,2.52,3.73,11.11,6.89,23.4,158.49,0.88,153.76
Tweed Offshore,2487,1762750800,,-28.2128,153.68016,2.5,4.25,10.53,6.85,23.4,156.99,0.86,153.58
Tweed Offshore,2487,1762752600,,-28.21276,153.68016,2.51,4.23,11.11,6.67,23.4,157.26,0.77,154.9
Tweed Offshore,2487,1762754400,,-28.2128,153.68009,2.4,3.92,11.11,6.76,23.35,163.94,0.81,163.6
Tweed Offshore,2487,1762756200,,-28.21279,153.68016,2.5,4.69,12.5,6.93,23.35,159.81,0.85,164.75
Tweed Offshore,2487,1762758000,,-28.2128,153.68011,2.41,3.76,11.76,6.59,23.35,155.85,0.81,162.99
Tweed Offshore,2487,1762759800,,-28.21279,153.68016,2.48,3.98,12.5,6.88,23.35,153.65,0.86,163.69
Tweed Offshore,2487,1762761600,,-28.21276,153.68014,2.73,4.23,11.76,7.02,23.31,164.82,0.77,155.96
Tweed Offshore,2487,1762763400,,-28.21279,153.68003,2.57,4.54,11.76,6.84,23.26,162.53,0.77,162.11
Tweed Offshore,2487,1762765200,,-28.2128,153.68001,2.55,3.92,11.76,6.83,23.26,160.86,0.72,162.11
Tweed Offshore,2487,1762767000,,-28.2128,153.67999,2.41,4.49,10.53,6.63,23.26,162.53,0.76,166.51
Tweed Offshore,2487,1762768800,,-28.2128,153.67994,2.73,5.76,11.11,6.97,23.22,166.49,0.73,178.64
Tweed Offshore,2487,1762770600,,-28.21279,153.67994,2.78,4.52,10.53,6.64,23.22,154.88,0.66,165.54
Tweed Offshore,2487,1762772400,,-28.21276,153.67979,2.71,4.71,11.11,6.59,23.13,157.34,0.6,177.85
Tweed Offshore,2487,1762774200,,-28.21279,153.67986,2.89,4.76,11.76,6.92,23.13,161.04,0.63,178.11
Tweed Offshore,2487,1762776000,,-28.21276,153.67979,2.63,4.01,11.76,6.62,23.13,164.11,0.56,178.46
Tweed Offshore,2487,1762777800,,-28.21276,153.67979,2.56,4.42,12.5,6.96,23.13,160.33,0.58,176.53
Tweed Offshore,2487,1762779600,,-28.21276,153.67979,2.81,4.56,11.76,7.14,23.13,158.93,0.63,178.2
Tweed Offshore,2487,1762781400,,-28.21279,153.67971,2.66,4.0,11.11,7.2,23.17,166.66,0.69,181.71
Tweed Offshore,2487,1762783200,,-28.21279,153.67973,2.54,4.15,11.76,7.18,23.22,154.71,0.71,175.56
Tweed Offshore,2487,1762783200,,-28.21279,153.67971,2.54,4.15,11.76,7.18,23.22,154.71,0.71,175.56
Tweed Offshore,2487,1762785000,,-28.2128,153.67971,2.58,3.89,11.76,7.57,23.17,154.53,0.68,172.75
Tweed Offshore,2487,1762786800,,-28.21276,153.67971,2.33,4.28,11.76,7.25,23.13,151.81,0.62,172.31
Tweed Offshore,2487,1762788600,,-28.21275,153.67964,2.42,4.08,11.76,7.48,23.13,154.97,0.59,175.47
Tweed Offshore,2487,1762790400,,-28.21275,153.67964,2.29,3.7,11.11,7.49,23.13,159.81,0.59,174.42
Tweed Offshore,2487,1762792200,,-28.21279,153.67969,2.35,3.8,11.11,7.35,23.08,152.95,0.62,176.62
Tweed Offshore,2487,1762794000,,-28.21276,153.67973,2.23,3.51,11.11,7.16,23.04,154.27,0.62,167.82
Tweed Offshore,2487,1762795800,,-28.21276,153.67977,2.18,3.46,11.76,7.12,22.95,156.38,0.58,174.33
Tweed Offshore,2487,1762797600,,-28.21276,153.67979,1.99,3.71,11.11,6.67,22.95,156.82,0.56,165.01
Tweed Offshore,2487,1762799400,,-28.21276,153.67981,2.01,3.39,11.11,7.12,22.95,160.86,0.56,161.85
Tweed Offshore,2487,1762801200,,-28.21275,153.67979,1.89,2.92,11.76,6.86,22.95,159.54,0.55,165.36
Tweed Offshore,2487,1762803000,,-28.21275,153.67979,1.99,3.16,10.53,6.68,22.9,156.55,0.55,154.81
Tweed Offshore,2487,1762804800,,-28.21273,153.67975,2.02,3.46,11.11,7.16,22.86,156.99,0.47,156.04
Tweed Offshore,2487,1762806600,,-28.2127,153.67971,2.02,2.91,11.11,7.13,22.86,153.56,0.47,160.88
Tweed Offshore,2487,1762808400,,-28.21273,153.67971,2.12,4.11,10.53,7.4,22.86,163.06,0.42,156.31
Tweed Offshore,2487,1762810200,,-28.21272,153.67971,1.95,3.48,10.53,7.53,22.81,164.9,0.49,182.59
Tweed Offshore,2487,1762812000,,-28.21269,153.67971,2.07,3.74,11.11,7.82,22.99,157.08,0.54,190.33
Tweed Offshore,2487,1762813800,,-28.21272,153.67977,1.94,2.98,11.11,7.65,23.13,157.34,0.69,190.07
Tweed Offshore,2487,1762815600,,-28.21272,153.67975,1.95,2.62,10.53,7.83,23.26,154.71,0.73,188.22
Tweed Offshore,2487,1762817400,,-28.21273,153.67971,2.15,3.48,10.53,7.82,23.4,155.94,0.68,189.89
Tweed Offshore,2487,1762819200,,-28.21279,153.67969,1.96,3.38,10.53,7.75,23.63,165.34,0.8,182.68
Tweed Offshore,2487,1762821000,,-28.21276,153.67966,2.09,3.25,9.52,7.89,23.95,160.25,0.82,180.4
Tweed Offshore,2487,1762822800,,-28.2128,153.67971,1.81,3.32,10.53,7.31,24.59,165.61,0.87,179.08
Tweed Offshore,2487,1762824600,,-28.21282,153.67966,2.12,2.94,10.53,7.7,24.87,156.73,0.93,183.91
Tweed Offshore,2487,1762826400,,-28.21285,153.67973,2.07,3.1,10.53,7.67,25.05,154.44,1.09,176.26
Tweed Offshore,2487,1762828200,,-28.21285,153.67979,2.17,3.42,10.53,7.68,25.1,160.51,1.08,174.95
Tweed Offshore,2487,1762830000,,-28.21284,153.67986,1.88,3.13,11.11,6.82,24.36,160.16,1.05,167.12
Tweed Offshore,2487,1762831800,,-28.21284,153.67992,1.8,3.14,10.0,6.67,24.17,158.31,1.0,168.62
Tweed Offshore,2487,1762833600,,-28.21282,153.67994,1.82,3.06,10.53,6.51,24.36,160.69,0.99,168.35
Tweed Offshore,2487,1762835400,,-28.21282,153.67996,1.85,2.73,10.53,6.32,24.17,158.4,1.03,166.68
Tweed Offshore,2487,1762837200,,-28.21282,153.68001,1.72,2.99,10.53,5.87,24.31,161.74,1.03,168.0
Tweed Offshore,2487,1762839000,,-28.21284,153.68005,1.66,2.93,10.0,5.64,23.99,164.29,1.02,164.31
Tweed Offshore,2487,1762840800,,-28.2128,153.68005,1.75,3.55,10.53,5.8,23.9,160.07,1.0,165.27
Tweed Offshore,2487,1762842600,,-28.21279,153.68009,1.79,2.81,10.0,5.79,23.81,162.8,1.0,160.18
Tweed Offshore,2487,1762844400,,-28.2128,153.68009,1.69,2.9,10.53,5.63,23.81,156.99,0.96,161.05
Tweed Offshore,2487,1762846200,,-28.21279,153.68003,1.54,2.53,10.53,5.15,23.72,163.67,0.94,158.68
Tweed Offshore,2487,1762848000,,-28.21279,153.68007,1.42,2.59,10.0,4.95,23.63,157.7,0.98,157.54
Tweed Offshore,2487,1762849800,,-28.21276,153.68009,1.63,2.83,10.0,5.33,23.58,159.28,0.95,155.34
Tweed Offshore,2487,1762851600,,-28.21276,153.68005,1.54,2.66,11.11,5.17,23.58,156.03,1.0,153.93
Tweed Offshore,2487,1762853400,,-28.21276,153.68003,1.47,2.28,10.53,4.89,23.4,163.76,0.96,151.91
Tweed Offshore,2487,1762855200,,-28.21285,153.6799,1.38,2.71,10.0,4.66,23.31,157.26,1.06,172.57
Tweed Offshore,2487,1762857000,,-28.21285,153.67992,1.32,2.81,10.0,4.47,23.58,152.69,1.0,169.14
Tweed Offshore,2487,1762858800,,-28.21285,153.67992,1.34,2.22,10.0,4.46,23.99,158.05,1.15,168.79
Tweed Offshore,2487,1762860600,,-28.21285,153.67994,1.32,2.2,10.0,4.58,24.04,157.7,1.1,168.53
Tweed Offshore,2487,1762862400,,-28.21282,153.67992,1.18,2.29,10.0,4.2,23.99,151.81,1.02,163.6
Tweed Offshore,2487,1762864200,,-28.21282,153.67979,1.15,2.12,8.7,4.23,23.9,143.01,1.01,166.77
Tweed Offshore,2487,1762866000,,-28.21282,153.67973,1.22,2.71,10.0,4.47,23.95,145.12,0.97,169.93
Tweed Offshore,2487,1762867800,,-28.21282,153.67971,1.15,1.95,10.0,4.33,23.85,148.11,0.91,171.87
Tweed Offshore,2487,1762869600,,-28.2128,153.67971,1.02,1.87,10.53,4.14,23.76,152.86,0.84,165.1
Tweed Offshore,2487,1762869600,,-28.21282,153.67971,1.02,1.87,10.53,4.14,23.76,152.86,0.84,165.1
Tweed Offshore,2487,1762871400,,-28.21279,153.67964,1.07,1.78,10.53,4.37,23.58,144.95,0.84,171.43
Tweed Offshore,2487,1762873200,,-28.21279,153.67962,0.98,1.51,9.09,4.21,23.4,146.97,0.77,173.45
Tweed Offshore,2487,1762875000,,-28.21279,153.67958,0.93,1.6,10.53,4.22,23.35,160.07,0.59,177.32
Tweed Offshore,2487,1762876800,,-28.21276,153.6796,0.94,1.72,10.0,4.21,23.31,159.37,0.63,172.66
Tweed Offshore,2487,1762878600,,-28.21276,153.67964,0.91,1.5,10.53,4.24,23.26,145.56,0.67,175.21
Tweed Offshore,2487,1762880400,,-28.21276,153.67971,0.84,1.54,9.52,4.0,23.17,160.33,0.62,170.64
Tweed Offshore,2487,1762882200,,-28.21276,153.67973,0.91,1.6,10.53,4.37,23.13,155.06,0.58,170.73
Tweed Offshore,2487,1762884000,,-28.21275,153.67975,0.98,1.6,10.0,4.41,22.99,154.18,0.53,170.02
Tweed Offshore,2487,1762885800,,-28.21275,153.67973,1.15,2.04,4.76,4.52,22.95,185.74,0.52,168.35
Tweed Offshore,2487,1762887600,,-28.21273,153.67973,1.41,2.42,5.41,4.66,22.81,180.55,0.39,169.32
Tweed Offshore,2487,1762889400,,-28.21272,153.67975,1.48,2.23,5.41,4.81,22.77,179.41,0.42,171.87
Tweed Offshore,2487,1762891200,,-28.21272,153.67973,1.55,3.0,5.26,4.97,22.63,179.41,0.39,166.68
Tweed Offshore,2487,1762893000,,-28.21269,153.67971,1.7,2.85,5.88,5.03,22.59,178.27,0.42,195.16
Tweed Offshore,2487,1762894800,,-28.21267,153.67971,1.93,3.74,7.14,5.36,22.63,158.05,0.41,197.54
Tweed Offshore,2487,1762896600,,-28.21269,153.67971,1.98,3.75,8.0,5.51,22.9,166.84,0.47,202.29
Tweed Offshore,2487,1762898400,,-28.21267,153.67977,2.14,3.72,8.7,5.66,22.99,168.69,0.45,209.58
Tweed Offshore,2487,1762900200,,-28.21263,153.67988,2.56,4.45,9.09,6.12,22.95,170.09,0.55,207.65
Tweed Offshore,2487,1762902000,,-28.2127,153.67992,2.95,4.35,8.33,6.37,22.95,174.58,0.63,202.46
Tweed Offshore,2487,1762903800,,-28.21272,153.67992,2.96,4.46,8.7,6.57,23.49,166.93,0.8,195.43
Tweed Offshore,2487,1762905600,,-28.21276,153.67973,3.08,5.21,9.52,6.61,23.31,167.01,0.65,180.48
Tweed Offshore,2487,1762907400,,-28.21276,153.67964,3.24,5.17,9.52,6.78,23.49,170.36,0.71,188.84
Tweed Offshore,2487,1762909200,,-28.21276,153.67958,3.21,5.05,9.52,6.72,23.72,165.43,0.65,192.35
Tweed Offshore,2487,1762911000,,-28.21276,153.67964,3.2,5.08,9.52,6.76,23.85,162.88,0.7,183.47
Tweed Offshore,2487,1762912800,,-28.21279,153.67979,3.3,4.66,10.53,6.88,23.81,165.34,0.57,179.69
Tweed Offshore,2487,1762914600,,-28.21279,153.67986,3.3,5.1,8.7,6.78,23.99,159.19,0.56,185.67
Tweed Offshore,2487,1762916400,,-28.21282,153.67996,3.26,4.79,10.0,7.0,24.22,165.43,0.59,187.43
Tweed Offshore,2487,1762918200,,-28.21276,153.67994,3.22,6.19,10.53,7.07,24.27,164.73,0.61,183.03
Tweed Offshore,2487,1762920000,,-28.2128,153.67999,2.99,5.24,10.0,6.71,24.22,167.63,0.54,178.73
Tweed Offshore,2487,1762921800,,-28.21284,153.68003,2.96,4.69,10.53,6.58,24.22,166.31,0.57,185.23
Tweed Offshore,2487,1762923600,,-28.21279,153.68009,2.61,4.08,9.52,6.35,24.17,166.49,0.48,179.87
Tweed Offshore,2487,1762925400,,-28.21272,153.68016,2.84,4.67,10.0,6.51,24.17,164.9,0.48,169.76
Tweed Offshore,2487,1762927200,,-28.21273,153.68001,2.76,4.27,10.53,6.51,24.17,169.92,0.53,180.22
Tweed Offshore,2487,1762929000,,-28.21275,153.67994,2.65,4.41,11.11,6.64,24.27,167.37,0.57,193.41
Tweed Offshore,2487,1762930800,,-28.21243,153.67999,2.52,4.58,10.53,6.65,24.36,168.86,0.65,189.36
Tweed Offshore,2487,1762932600,,-28.21279,153.67971,2.46,3.84,10.53,6.53,24.36,169.12,0.7,189.8
Tweed Offshore,2487,1762934400,,-28.21276,153.67962,2.28,3.56,11.11,6.62,24.31,173.17,0.78,190.77
Tweed Offshore,2487,1762936200,,-28.21276,153.67953,2.19,3.73,10.53,6.29,24.22,168.77,0.74,187.69
Tweed Offshore,2487,1762938000,,-28.21275,153.67947,2.45,3.6,10.53,6.79,24.17,168.6,0.73,189.45
Tweed Offshore,2487,1762939800,,-28.21279,153.67947,2.61,5.07,10.53,7.16,24.22,168.6,0.75,190.77
Tweed Offshore,2487,1762941600,,-28.21276,153.67949,2.52,3.97,11.11,7.2,23.9,169.12,0.71,184.26
Tweed Offshore,2487,1762943400,,-28.21279,153.6796,2.45,4.42,11.11,7.21,23.76,170.8,0.65,177.76
Tweed Offshore,2487,1762945200,,-28.21276,153.67949,2.55,4.42,11.11,7.56,23.63,163.94,0.64,174.59
Tweed Offshore,2487,1762947000,,-28.21276,153.67949,2.52,4.83,10.53,7.33,23.49,170.53,0.6,174.51
Tweed Offshore,2487,1762948800,,-28.21276,153.6796,2.64,4.74,11.11,7.69,23.4,161.92,0.53,170.11
Tweed Offshore,2487,1762950600,,-28.2128,153.67964,2.83,4.31,11.76,7.98,23.63,169.83,0.91,179.25
Tweed Offshore,2487,1762952400,,-28.21282,153.67964,2.82,5.24,11.11,8.14,23.9,166.31,0.98,178.99
Tweed Offshore,2487,1762954200,,-28.21285,153.67964,2.72,4.82,11.11,8.19,24.13,170.36,0.97,179.52
Tweed Offshore,2487,1762956000,,-28.21284,153.67964,2.61,4.65,11.76,8.21,24.31,164.11,0.97,179.34
Tweed Offshore,2487,1762956000,,-28.21285,153.67966,2.61,4.65,11.76,8.21,24.31,164.11,0.97,179.34
Tweed Offshore,2487,1762957800,,-28.21284,153.67973,2.46,4.18,11.76,8.06,24.31,162.62,0.95,174.86
Tweed Offshore,2487,1762959600,,-28.21284,153.67966,2.35,3.83,11.11,7.92,24.36,162.97,0.9,173.8
Tweed Offshore,2487,1762961400,,-28.21279,153.67958,2.38,3.29,11.11,7.93,24.36,160.51,0.81,171.08
Tweed Offshore,2487,1762963200,,-28.21279,153.67949,2.31,3.26,11.76,7.91,24.36,163.59,0.86,170.99
Tweed Offshore,2487,1762965000,,-28.21276,153.67947,2.17,3.18,11.76,8.03,24.31,164.03,0.71,173.89
Tweed Offshore,2487,1762966800,,-28.21275,153.67941,1.96,4.62,11.76,7.63,24.27,164.99,0.78,170.2
Tweed Offshore,2487,1762968600,,-28.21273,153.67938,1.92,2.88,11.11,7.2,24.22,164.03,0.73,161.67
Tweed Offshore,2487,1762970400,,-28.2127,153.67932,2.03,3.03,11.11,7.6,24.13,161.21,0.76,164.84
Tweed Offshore,2487,1762972200,,-28.21272,153.67936,1.91,2.97,11.11,7.23,24.04,148.47,0.73,160.26
Tweed Offshore,2487,1762974000,,-28.21273,153.67941,1.99,3.06,11.11,7.25,23.99,159.63,0.68,160.35
Tweed Offshore,2487,1762975800,,-28.21273,153.67949,2.08,3.03,11.11,7.43,23.9,162.18,0.67,162.64
Tweed Offshore,2487,1762977600,,-28.21273,153.67949,1.92,2.97,11.11,7.41,23.85,158.66,0.7,157.27
Tweed Offshore,2487,1762979400,,-28.21273,153.67953,1.74,2.58,10.53,7.27,23.81,164.03,0.69,157.63
Tweed Offshore,2487,1762981200,,-28.21273,153.67949,1.75,2.44,10.53,6.96,23.76,151.89,0.64,152.09
Tweed Offshore,2487,1762983000,,-28.21273,153.67949,1.79,2.93,10.0,6.94,23.72,156.11,0.58,152.53
Tweed Offshore,2487,1762984800,,-28.21273,153.67949,1.83,2.79,10.53,7.04,23.76,152.6,0.6,150.68
Tweed Offshore,2487,1762986600,,-28.2127,153.67964,1.72,2.64,10.53,6.82,23.85,158.14,0.56,170.81
Tweed Offshore,2487,1762988400,,-28.21272,153.67966,1.74,2.72,9.52,6.77,23.9,160.86,0.6,177.85
Tweed Offshore,2487,1762990200,,-28.21273,153.67971,1.69,2.74,10.53,6.19,23.95,158.14,0.57,177.85
Tweed Offshore,2487,1762992000,,-28.21273,153.67971,1.63,2.73,10.53,6.04,23.99,149.78,0.66,179.87
Tweed Offshore,2487,1762993800,,-28.21275,153.67971,1.79,3.29,10.0,6.04,24.04,147.67,0.71,181.45
Tweed Offshore,2487,1762995600,,-28.21279,153.67964,1.74,3.14,10.53,5.78,24.13,152.42,0.72,184.7
Tweed Offshore,2487,1762997400,,-28.21276,153.67964,1.61,2.59,10.53,5.31,24.17,153.3,0.73,186.29
Tweed Offshore,2487,1762999200,,-28.21279,153.67969,1.65,3.3,10.53,5.34,24.27,154.36,0.75,185.05
Tweed Offshore,2487,1763001000,,-28.2128,153.67969,1.64,2.78,9.52,5.12,24.31,153.39,0.81,184.26
Tweed Offshore,2487,1763002800,,-28.21284,153.67969,1.67,3.11,10.0,4.93,24.36,150.93,0.84,185.76
Tweed Offshore,2487,1763004600,,-28.21284,153.67966,1.68,2.93,10.0,4.9,24.36,151.98,0.87,184.7
Tweed Offshore,2487,1763006400,,-28.21284,153.67971,1.58,2.95,10.53,4.67,24.22,154.18,0.95,181.01
Tweed Offshore,2487,1763008200,,-28.21285,153.67971,1.68,2.79,10.0,4.79,24.08,156.64,0.99,175.82
Tweed Offshore,2487,1763010000,,-28.21285,153.67975,1.54,2.72,9.52,4.52,23.99,153.12,0.98,173.45
Tweed Offshore,2487,1763011800,,-28.2128,153.67986,1.5,2.79,9.52,4.33,23.85,149.52,0.97,168.7
Tweed Offshore,2487,1763013600,,-28.21282,153.67992,1.47,2.94,10.0,4.13,23.85,156.47,0.97,168.09
Tweed Offshore,2487,1763015400,,-28.2128,153.67996,1.61,2.68,10.0,4.24,23.72,157.78,0.95,163.43
Tweed Offshore,2487,1763017200,,-28.2128,153.68001,1.54,2.51,10.0,4.17,23.67,151.37,0.94,159.3
Tweed Offshore,2487,1763019000,,-28.21279,153.68001,1.54,2.49,10.0,4.2,23.63,146.36,0.9,156.48
Tweed Offshore,2487,1763020800,,-28.21279,153.68003,1.46,2.84,10.53,4.05,23.58,156.47,1.0,154.46
Tweed Offshore,2487,1763022600,,-28.2128,153.68001,1.5,2.96,10.0,4.04,23.49,154.36,0.96,156.66
Tweed Offshore,2487,1763024400,,-28.21279,153.67999,1.46,2.76,9.52,3.85,23.44,153.74,0.94,151.91
Tweed Offshore,2487,1763026200,,-28.21279,153.67994,1.43,2.21,9.09,3.9,23.4,143.89,0.95,150.42
Tweed Offshore,2487,1763028000,,-28.21282,153.67994,1.44,3.15,9.09,3.86,23.31,143.01,0.93,150.15
Tweed Offshore,2487,1763029800,,-28.21282,153.6799,1.51,2.71,10.53,3.81,23.26,164.38,0.93,150.24
Tweed Offshore,2487,1763031600,,-28.2128,153.67973,1.34,2.25,10.0,3.7,23.17,161.04,0.81,165.98
Tweed Offshore,2487,1763033400,,-28.21284,153.67979,1.41,2.32,10.53,3.79,23.13,162.36,0.96,167.21
Tweed Offshore,2487,1763035200,,-28.2128,153.67986,1.33,2.22,4.65,3.74,23.22,36.29,0.95,166.24
Tweed Offshore,2487,1763037000,,-28.21282,153.67979,1.25,2.1,10.0,3.63,23.22,160.42,0.91,163.34
Tweed Offshore,2487,1763038800,,-28.2128,153.67969,1.22,2.03,4.76,3.62,23.22,30.4,0.83,167.03
Tweed Offshore,2487,1763040600,,-28.21282,153.67964,1.16,1.8,4.55,3.53,23.17,36.47,0.84,168.79
Tweed Offshore,2487,1763042400,,-28.2128,153.67966,1.17,2.15,5.13,3.46,23.13,34.18,0.77,163.25
Tweed Offshore,2487,1763042400,,-28.21282,153.67966,1.17,2.15,5.13,3.46,23.13,34.18,0.77,163.25
Tweed Offshore,2487,1763044200,,-28.2128,153.67971,1.16,2.07,4.88,3.42,23.08,31.89,0.76,163.78
Tweed Offshore,2487,1763046000,,-28.2128,153.67977,1.14,1.96,4.76,3.28,23.04,32.86,0.78,164.92
Tweed Offshore,2487,1763047800,,-28.2128,153.67973,1.16,2.32,4.76,3.41,22.99,36.2,0.75,167.91
Tweed Offshore,2487,1763049600,,-28.2128,153.67977,1.08,1.7,5.13,3.26,22.95,36.2,0.77,169.05
Tweed Offshore,2487,1763051400,,-28.2128,153.67979,1.07,1.64,5.13,3.4,22.95,34.8,0.78,169.85
Tweed Offshore,2487,1763053200,,-28.2128,153.67986,1.0,1.59,5.26,3.38,22.9,35.06,0.78,164.84
Tweed Offshore,2487,1763055000,,-28.21279,153.67986,1.03,1.61,5.13,3.42,22.86,26.53,0.71,165.01
Tweed Offshore,2487,1763056800,,-28.2128,153.67986,0.99,1.49,5.26,3.29,22.86,29.34,0.79,173.98
Tweed Offshore,2487,1763058600,,-28.2128,153.6799,0.93,1.63,5.13,3.13,22.77,33.83,0.83,167.12
Tweed Offshore,2487,1763060400,,-28.21279,153.67992,0.87,1.7,5.13,3.16,22.77,36.11,0.87,168.09
Tweed Offshore,2487,1763062200,,-28.2128,153.67994,0.92,1.55,5.41,3.12,22.63,27.76,0.88,168.0
Tweed Offshore,2487,1763064000,,-28.2128,153.67994,0.95,1.73,5.26,3.1,22.59,29.08,0.89,166.77
Tweed Offshore,2487,1763065800,,-28.21282,153.67996,0.95,1.44,5.26,3.16,22.54,26.44,0.82,167.12
Tweed Offshore,2487,1763067600,,-28.21284,153.6799,0.91,1.53,5.0,3.12,22.54,26.44,1.01,165.1
Tweed Offshore,2487,1763069400,,-28.21282,153.6799,0.88,1.5,5.13,3.12,22.5,22.75,1.02,165.63
Tweed Offshore,2487,1763071200,,-28.21282,153.67988,0.89,1.38,5.26,3.14,22.54,20.2,1.0,165.98
Tweed Offshore,2487,1763073000,,-28.21284,153.67994,0.89,1.44,5.13,3.3,22.5,19.67,0.99,162.29
Tweed Offshore,2487,1763074800,,-28.21282,153.67999,0.89,1.45,5.56,3.32,22.5,24.6,0.96,159.65
Tweed Offshore,2487,1763076600,,-28.21282,153.68001,0.85,1.38,5.41,3.3,22.45,20.9,0.95,158.07
Tweed Offshore,2487,1763078400,,-28.2128,153.68001,0.84,1.52,5.41,3.18,22.36,28.99,0.97,157.8
Tweed Offshore,2487,1763080200,,-28.2128,153.68001,0.84,1.42,5.13,3.21,22.32,24.42,0.93,158.77
Tweed Offshore,2487,1763082000,,-28.21282,153.67999,0.8,1.41,5.0,3.04,22.45,17.92,1.0,162.29
Tweed Offshore,2487,1763083800,,-28.21284,153.67996,0.79,1.37,9.52,2.96,22.54,121.3,0.98,166.42
Tweed Offshore,2487,1763085600,,-28.21282,153.67994,0.76,1.54,9.52,2.92,22.72,126.14,0.97,173.89
Tweed Offshore,2487,1763087400,,-28.21284,153.67992,0.78,1.32,9.52,3.01,22.81,122.09,1.01,172.04
Tweed Offshore,2487,1763089200,,-28.21282,153.67994,0.81,1.27,8.7,2.88,22.86,135.54,0.94,170.37
Tweed Offshore,2487,1763091000,,-28.21282,153.67999,0.83,1.35,9.09,2.87,22.81,141.61,0.97,168.18
Tweed Offshore,2487,1763092800,,-28.2128,153.68003,0.85,1.49,9.09,2.88,22.9,121.92,0.97,165.71
Tweed Offshore,2487,1763094600,,-28.21284,153.68001,0.89,1.69,5.0,3.1,22.95,27.06,1.07,168.53
Tweed Offshore,2487,1763096400,,-28.21284,153.68003,0.98,1.88,5.41,3.07,22.95,33.48,1.04,167.74
Tweed Offshore,2487,1763098200,,-28.21282,153.68003,1.06,1.88,5.56,3.1,22.99,37.61,1.0,168.97
Tweed Offshore,2487,1763100000,,-28.21282,153.68001,0.96,1.59,5.71,3.18,22.99,27.23,1.0,165.45
Tweed Offshore,2487,1763101800,,-28.21279,153.68001,0.88,1.56,5.56,4.02,22.99,38.75,0.94,164.13
Tweed Offshore,2487,1763103600,,-28.21279,153.68001,0.86,1.46,5.88,4.03,22.99,30.75,0.87,161.41
Tweed Offshore,2487,1763105400,,-28.21279,153.68003,0.92,1.39,5.71,4.11,22.95,26.62,0.75,160.7
Tweed Offshore,2487,1763107200,,-28.21276,153.68001,1.18,2.08,6.25,4.54,22.81,33.21,0.68,159.91
Tweed Offshore,2487,1763109000,,-28.21279,153.68001,1.17,1.99,5.88,4.55,22.68,28.38,0.72,161.49
Tweed Offshore,2487,1763110800,,-28.21276,153.68001,1.08,1.84,6.06,4.43,22.63,27.06,0.76,162.29
Tweed Offshore,2487,1763112600,,-28.21276,153.67999,1.09,1.69,5.71,4.49,22.5,28.55,0.59,154.46
Tweed Offshore,2487,1763114400,,-28.21275,153.67996,1.04,2.23,6.45,4.52,22.36,22.93,0.66,158.51
Tweed Offshore,2487,1763116200,,-28.21276,153.68001,1.19,2.06,5.56,4.56,22.27,29.08,0.64,157.8
Tweed Offshore,2487,1763118000,,-28.21273,153.68001,1.23,2.35,6.45,4.62,22.05,25.92,0.52,154.29
Tweed Offshore,2487,1763119800,,-28.21273,153.68005,1.24,2.0,6.25,4.57,22.05,25.21,0.54,151.74
Tweed Offshore,2487,1763121600,,-28.21273,153.68005,1.17,1.96,6.67,4.49,22.05,36.47,0.53,154.64
Tweed Offshore,2487,1763123400,,-28.21276,153.67999,1.13,1.9,6.25,4.52,22.05,24.6,0.52,158.42
Tweed Offshore,2487,1763125200,,-28.21275,153.67994,1.18,1.84,6.06,4.61,22.05,20.9,0.53,167.38
Tweed Offshore,2487,1763127000,,-28.21279,153.6799,1.05,1.7,6.9,4.35,21.96,24.6,0.48,171.69
Tweed Offshore,2487,1763128800,,-28.21276,153.67996,1.0,1.7,6.25,4.1,21.96,28.55,0.47,170.29
Tweed Offshore,2487,1763128800,,-28.21276,153.67994,1.0,1.7,6.25,4.1,21.96,28.55,0.47,170.29
Tweed Offshore,2487,1763130600,,-28.21273,153.67999,0.95,1.64,5.88,3.99,21.92,71.1,0.52,167.47
Tweed Offshore,2487,1763132400,,-28.21275,153.67996,0.95,1.86,6.25,4.16,21.92,32.95,0.55,166.86
Tweed Offshore,2487,1763134200,,-28.21273,153.67999,1.01,1.67,5.56,4.42,21.87,159.01,0.53,170.55
Tweed Offshore,2487,1763136000,,-28.21275,153.67996,1.08,1.85,5.88,4.74,21.83,83.94,0.5,167.12
Tweed Offshore,2487,1763137800,,-28.21273,153.67999,1.03,1.84,6.25,4.81,21.83,37.26,0.52,164.66
Tweed Offshore,2487,1763139600,,-28.21273,153.68003,1.01,1.85,5.71,4.99,21.83,48.86,0.41,170.81
Tweed Offshore,2487,1763141400,,-28.21272,153.68009,0.97,1.67,5.88,4.86,21.83,49.12,0.49,158.68
Tweed Offshore,2487,1763143200,,-28.21273,153.68009,0.99,1.61,6.25,4.94,21.74,39.19,0.47,152.44
Tweed Offshore,2487,1763145000,,-28.21273,153.68003,0.93,1.66,5.88,4.88,21.69,69.87,0.47,156.4
Tweed Offshore,2487,1763146800,,-28.21272,153.68007,0.83,1.25,6.9,5.04,21.61,35.5,0.43,155.08
Tweed Offshore,2487,1763148600,,-28.2127,153.68009,0.78,1.51,5.71,4.93,21.56,113.74,0.52,164.66
Tweed Offshore,2487,1763150400,,-28.2127,153.68009,0.85,1.48,6.25,5.06,21.38,48.6,0.55,169.32
Tweed Offshore,2487,1763152200,,-28.2127,153.68001,0.85,1.29,6.06,5.03,21.43,40.77,0.56,173.27
Tweed Offshore,2487,1763154000,,-28.21272,153.68016,0.82,1.35,6.45,4.83,21.47,41.12,0.54,161.05
Tweed Offshore,2487,1763155800,,-28.2127,153.68014,0.79,1.4,13.33,4.77,21.61,155.32,0.53,166.07
Tweed Offshore,2487,1763157600,,-28.21269,153.68024,0.79,1.26,5.71,4.66,21.74,65.48,0.56,161.41
Tweed Offshore,2487,1763159400,,-28.2127,153.68016,0.69,1.11,5.26,4.49,21.96,76.29,0.54,165.8
Tweed Offshore,2487,1763161200,,-28.2127,153.68014,0.69,1.26,13.33,4.69,22.23,154.36,0.51,170.37
Tweed Offshore,2487,1763163000,,-28.21272,153.68016,0.73,1.14,12.5,4.67,22.68,158.84,0.53,162.9
Tweed Offshore,2487,1763164800,,-28.2127,153.68026,0.73,1.18,6.06,4.72,22.72,35.94,0.51,153.85
Tweed Offshore,2487,1763166600,,-28.2127,153.68024,0.74,1.19,13.33,4.73,22.95,156.64,0.43,164.84
Tweed Offshore,2487,1763168400,,-28.21275,153.68005,0.73,1.16,6.06,4.67,23.44,34.0,0.49,167.21
Tweed Offshore,2487,1763170200,,-28.21273,153.68009,0.74,1.22,6.25,4.91,22.99,36.29,0.51,160.88
Tweed Offshore,2487,1763172000,,-28.21273,153.68011,0.79,1.25,13.33,4.95,23.58,144.69,0.58,159.21
Tweed Offshore,2487,1763173800,,-28.21275,153.68016,0.82,1.48,6.06,4.88,22.95,38.84,0.62,159.91
Tweed Offshore,2487,1763175600,,-28.21273,153.68016,0.8,1.27,12.5,4.59,22.63,144.42,0.65,162.11
Tweed Offshore,2487,1763177400,,-28.21272,153.68022,0.76,1.37,12.5,4.64,21.92,161.04,0.64,159.74
Tweed Offshore,2487,1763179200,,-28.21272,153.68024,0.74,1.25,12.5,4.1,21.92,157.52,0.64,154.9
Tweed Offshore,2487,1763181000,,-28.21273,153.68009,0.73,1.4,11.76,3.42,22.01,144.6,0.68,172.48
Tweed Offshore,2487,1763182800,,-28.21275,153.68014,0.74,1.28,12.5,3.87,22.14,167.1,0.73,168.53
Tweed Offshore,2487,1763184600,,-28.21273,153.68014,0.81,1.31,11.76,4.18,22.18,163.5,0.79,172.31
Tweed Offshore,2487,1763186400,,-28.21273,153.68026,0.72,1.14,11.76,3.79,22.23,161.39,0.77,160.79
Tweed Offshore,2487,1763188200,,-28.21272,153.68031,0.82,1.52,11.11,4.32,22.54,167.81,0.85,161.67
Tweed Offshore,2487,1763190000,,-28.21273,153.68022,0.81,1.42,11.76,4.2,22.41,156.47,0.83,162.46
Tweed Offshore,2487,1763191800,,-28.2127,153.68031,0.79,1.39,11.11,4.02,22.27,168.6,0.83,157.1
Tweed Offshore,2487,1763193600,,-28.2127,153.68039,0.8,1.27,11.11,4.14,22.59,161.92,0.83,150.51
Tweed Offshore,2487,1763195400,,-28.21269,153.68039,0.84,1.48,11.11,4.01,22.41,154.18,0.79,151.03
Tweed Offshore,2487,1763197200,,-28.2127,153.68037,0.86,1.47,10.53,3.96,22.27,161.04,0.81,150.86
Tweed Offshore,2487,1763199000,,-28.2127,153.68046,0.8,1.6,10.53,3.45,22.27,156.64,0.85,147.34
Tweed Offshore,2487,1763200800,,-28.21273,153.68044,0.87,1.71,11.11,3.37,22.27,150.75,0.89,146.99
Tweed Offshore,2487,1763202600,,-28.2127,153.68046,0.96,1.75,10.53,3.49,22.14,164.73,0.9,142.95
Tweed Offshore,2487,1763204400,,-28.21272,153.68046,0.93,1.81,12.5,3.13,22.1,154.53,0.93,142.33
Tweed Offshore,2487,1763206200,,-28.21273,153.68046,1.02,1.57,10.53,3.04,22.1,156.82,0.91,143.65
Tweed Offshore,2487,1763208000,,-28.21273,153.68046,1.03,1.76,10.53,3.12,21.87,166.49,0.86,143.74
Tweed Offshore,2487,1763209800,,-28.21275,153.68039,1.1,1.8,10.53,3.22,21.78,151.28,0.9,141.8
Tweed Offshore,2487,1763211600,,-28.21273,153.68039,0.99,1.87,5.56,3.3,21.74,26.44,0.89,140.48
Tweed Offshore,2487,1763213400,,-28.21273,153.68037,1.02,1.79,5.88,3.74,21.56,26.53,0.86,142.51
Tweed Offshore,2487,1763215200,,-28.21272,153.68037,1.12,1.99,5.56,3.76,21.43,28.73,0.83,136.53
Tweed Offshore,2487,1763215200,,-28.21272,153.68035,1.12,1.99,5.56,3.76,21.43,28.73,0.83,136.53
Tweed Offshore,2487,1763217000,,-28.2127,153.68037,1.27,2.25,5.56,3.63,21.38,24.33,0.79,139.69
Tweed Offshore,2487,1763218800,,-28.2127,153.68037,1.4,2.42,5.88,3.68,21.38,27.41,0.79,140.4
Tweed Offshore,2487,1763220600,,-28.21272,153.68033,1.26,2.05,5.13,3.63,21.25,30.05,0.77,137.05
Tweed Offshore,2487,1763222400,,-28.21273,153.68029,1.18,2.11,5.88,3.54,21.3,28.9,0.81,145.76
Tweed Offshore,2487,1763224200,,-28.21273,153.68029,1.15,1.82,5.88,3.5,21.38,31.54,0.78,144.53
Tweed Offshore,2487,1763226000,,-28.21273,153.68026,1.11,1.78,5.13,3.47,21.38,33.39,0.77,143.56
Tweed Offshore,2487,1763227800,,-28.21275,153.68024,1.04,2.06,5.41,3.41,21.34,29.34,0.79,141.98
Tweed Offshore,2487,1763229600,,-28.21275,153.68024,1.15,1.99,5.13,3.57,21.3,28.03,0.75,148.31
Tweed Offshore,2487,1763231400,,-28.21275,153.68024,1.18,2.23,5.13,3.57,21.3,29.26,0.77,145.05
Tweed Offshore,2487,1763233200,,-28.21276,153.6802,1.15,2.04,4.88,3.45,21.34,26.88,0.74,148.75
Tweed Offshore,2487,1763235000,,-28.21275,153.6802,1.14,1.8,4.44,3.48,21.3,23.63,0.78,146.2
Tweed Offshore,2487,1763236800,,-28.21275,153.68018,1.14,1.95,5.41,3.67,21.3,32.51,0.73,143.3
Tweed Offshore,2487,1763238600,,-28.21276,153.68016,1.13,1.82,6.25,3.84,21.25,31.81,0.72,149.1
Tweed Offshore,2487,1763240400,,-28.21275,153.68014,1.1,1.99,11.76,3.82,21.21,152.42,0.7,153.49
Tweed Offshore,2487,1763242200,,-28.21276,153.68014,1.1,1.59,6.25,3.81,21.25,32.95,0.66,153.41
Tweed Offshore,2487,1763244000,,-28.21275,153.68011,0.97,1.93,6.06,3.48,21.21,30.49,0.67,155.6
Tweed Offshore,2487,1763245800,,-28.21275,153.68016,1.05,1.69,14.29,3.74,21.21,144.86,0.63,156.84
Tweed Offshore,2487,1763247600,,-28.21273,153.68014,0.95,1.7,5.56,3.68,21.21,32.33,0.65,164.84
Tweed Offshore,2487,1763249400,,-28.21275,153.68014,0.92,1.64,6.06,3.58,21.21,34.44,0.64,163.34
Tweed Offshore,2487,1763251200,,-28.21275,153.68014,0.99,1.79,6.25,3.84,21.21,36.9,0.67,161.32
Tweed Offshore,2487,1763253000,,-28.21273,153.68016,0.95,1.68,6.06,3.91,21.21,30.31,0.62,163.34
Tweed Offshore,2487,1763254800,,-28.21275,153.68016,0.89,1.56,6.25,3.73,21.25,29.61,0.68,163.52
Tweed Offshore,2487,1763256600,,-28.21275,153.68016,0.92,1.56,6.25,3.41,21.25,34.62,0.68,157.27
Tweed Offshore,2487,1763258400,,-28.21273,153.68024,1.04,1.89,6.06,3.52,21.25,30.58,0.7,160.44
Tweed Offshore,2487,1763260200,,-28.21275,153.68029,1.2,2.23,6.06,3.52,21.34,33.39,0.73,155.96
Tweed Offshore,2487,1763262000,,-28.21275,153.68026,1.23,2.37,5.56,3.55,21.38,30.31,0.75,156.4
Tweed Offshore,2487,1763263800,,-28.21273,153.68026,1.27,2.18,6.06,3.76,21.38,22.84,0.74,154.29
Tweed Offshore,2487,1763265600,,-28.21275,153.68024,1.35,2.19,6.67,3.89,21.38,24.95,0.7,161.49
Tweed Offshore,2487,1763267400,,-28.21276,153.68022,1.37,2.74,6.67,3.95,21.52,26.09,0.81,159.38
Tweed Offshore,2487,1763269200,,-28.21275,153.68026,1.31,2.34,6.67,3.89,21.61,28.99,0.69,157.8
Tweed Offshore,2487,1763271000,,-28.21276,153.68022,1.35,2.33,6.9,3.94,21.61,30.93,0.72,158.07
Tweed Offshore,2487,1763272800,,-28.21275,153.68026,1.29,2.3,6.67,3.9,21.65,29.52,0.73,160.35
Tweed Offshore,2487,1763274600,,-28.21276,153.68026,1.31,2.25,6.9,3.95,21.65,28.2,0.82,160.35
Tweed Offshore,2487,1763276400,,-28.21273,153.68024,1.22,2.04,6.67,3.94,21.74,32.86,0.81,158.86
Tweed Offshore,2487,1763278200,,-28.21275,153.68029,1.19,1.78,6.67,3.75,21.78,30.66,0.93,156.57
Tweed Offshore,2487,1763280000,,-28.21273,153.68035,1.2,2.25,6.45,3.62,21.78,29.96,0.85,152.44
Tweed Offshore,2487,1763281800,,-28.21275,153.68031,1.18,2.38,6.9,3.68,21.78,39.28,0.94,154.02
Tweed Offshore,2487,1763283600,,-28.21276,153.68031,1.18,2.03,6.9,3.65,21.78,39.1,0.92,152.09
Tweed Offshore,2487,1763285400,,-28.21279,153.68024,1.16,1.97,6.67,3.54,21.78,46.93,0.86,157.45
Tweed Offshore,2487,1763287200,,-28.21279,153.68022,1.15,2.12,6.06,3.5,21.74,37.52,0.91,152.79
Tweed Offshore,2487,1763289000,,-28.2128,153.68011,1.17,1.7,6.67,3.53,21.74,42.88,0.97,154.64
Tweed Offshore,2487,1763290800,,-28.2128,153.68014,1.06,1.89,6.45,3.47,21.69,39.37,0.94,154.37
Tweed Offshore,2487,1763292600,,-28.2128,153.68014,1.12,1.8,6.25,3.55,21.69,32.25,0.9,154.02
Tweed Offshore,2487,1763294400,,-28.21279,153.68016,1.2,2.19,6.67,3.62,21.61,37.43,0.95,158.95
Tweed Offshore,2487,1763296200,,-28.2128,153.68011,1.13,2.01,5.88,3.44,21.61,35.85,0.92,157.01
Tweed Offshore,2487,1763298000,,-28.2128,153.68011,1.14,2.35,6.06,3.49,21.56,37.78,0.88,157.01
Tweed Offshore,2487,1763299800,,-28.21282,153.68005,1.15,1.82,6.06,3.66,21.56,33.12,0.86,157.27
Tweed Offshore,2487,1763301600,,-28.2128,153.68009,1.18,2.03,6.45,3.63,21.61,33.04,0.85,158.59
Tweed Offshore,2487,1763301600,,-28.2128,153.68005,1.18,2.03,6.45,3.63,21.61,33.04,0.85,158.59
Tweed Offshore,2487,1763303400,,-28.21276,153.68007,1.23,2.21,5.71,3.69,21.61,29.17,0.84,158.51
Tweed Offshore,2487,1763305200,,-28.21279,153.68014,1.29,2.16,6.9,3.68,21.56,36.55,0.83,155.78
Tweed Offshore,2487,1763307000,,-28.21279,153.68014,1.14,2.21,6.67,3.6,21.56,36.11,0.86,157.27
Tweed Offshore,2487,1763308800,,-28.2128,153.68009,1.17,1.78,6.25,3.64,21.56,29.34,0.82,155.52
Tweed Offshore,2487,1763310600,,-28.21276,153.68009,1.19,1.98,5.41,3.74,21.52,27.06,0.8,160.26
Tweed Offshore,2487,1763312400,,-28.21279,153.68011,1.22,2.07,5.71,3.75,21.52,28.82,0.84,152.97
Tweed Offshore,2487,1763314200,,-28.21279,153.68016,1.21,1.96,5.88,3.74,21.47,31.37,0.77,155.43
Tweed Offshore,2487,1763316000,,-28.21276,153.68016,1.12,2.11,5.71,3.59,21.47,30.31,0.78,151.74
Tweed Offshore,2487,1763317800,,-28.21275,153.68018,1.1,2.03,6.25,3.61,21.47,35.23,0.78,155.16
Tweed Offshore,2487,1763319600,,-28.21275,153.68022,1.11,1.88,6.25,3.63,21.38,33.65,0.73,146.11
Tweed Offshore,2487,1763321400,,-28.21273,153.68024,1.02,1.51,6.25,3.65,21.25,34.27,0.76,147.08
Tweed Offshore,2487,1763323200,,-28.21273,153.68022,0.96,1.44,7.41,3.59,21.25,40.77,0.75,147.16
Tweed Offshore,2487,1763325000,,-28.21273,153.68029,0.94,1.49,6.45,3.57,21.25,35.41,0.73,145.41
Tweed Offshore,2487,1763326800,,-28.21273,153.68026,0.89,1.52,6.67,3.42,21.25,36.03,0.67,146.64
Tweed Offshore,2487,1763328600,,-28.21273,153.68029,0.86,1.47,6.45,3.2,21.21,45.87,0.71,141.1
Tweed Offshore,2487,1763330400,,-28.21272,153.68029,0.77,1.48,6.67,3.38,21.12,42.44,0.72,148.48
Tweed Offshore,2487,1763332200,,-28.21272,153.68031,0.74,1.48,6.25,3.51,21.12,36.11,0.58,141.63
Tweed Offshore,2487,1763334000,,-28.2127,153.68031,0.69,1.22,6.9,3.38,21.25,47.89,0.63,141.63
Tweed Offshore,2487,1763335800,,-28.2127,153.68031,0.67,1.2,6.06,3.22,21.61,49.39,0.64,142.95
Tweed Offshore,2487,1763337600,,-28.2127,153.68031,0.62,0.99,5.41,3.39,21.43,49.12,0.68,138.29
Tweed Offshore,2487,1763339400,,-28.21272,153.68031,0.66,1.4,6.25,3.32,21.69,43.67,0.63,139.96
Tweed Offshore,2487,1763341200,,-28.21273,153.68029,0.68,1.21,6.45,3.49,21.69,44.03,0.66,144.26
Tweed Offshore,2487,1763343000,,-28.21273,153.68031,0.69,1.22,6.25,3.19,21.74,37.43,0.64,144.18
Tweed Offshore,2487,1763344800,,-28.21273,153.68024,0.7,1.26,6.45,3.29,21.74,36.82,0.54,150.24
Tweed Offshore,2487,1763346600,,-28.21273,153.68022,0.68,1.31,6.67,3.21,21.56,41.83,0.61,147.87
Tweed Offshore,2487,1763348400,,-28.2127,153.68026,0.69,1.12,6.25,3.41,21.61,36.2,0.53,145.14
Tweed Offshore,2487,1763350200,,-28.2127,153.68031,0.66,1.19,6.25,3.52,21.92,40.42,0.44,157.27
Tweed Offshore,2487,1763352000,,-28.21272,153.68031,0.62,1.18,6.45,3.79,21.78,35.76,0.52,149.98
Tweed Offshore,2487,1763353800,,-28.21272,153.68024,0.69,1.13,6.25,3.86,22.01,36.9,0.55,165.45
Tweed Offshore,2487,1763355600,,-28.21272,153.68026,0.67,1.05,6.06,3.04,22.41,42.88,0.52,156.75
Tweed Offshore,2487,1763357400,,-28.2127,153.68031,0.69,1.16,6.06,3.33,21.87,45.87,0.57,153.23
Tweed Offshore,2487,1763359200,,-28.2127,153.68024,0.68,1.24,6.25,3.36,21.87,53.61,0.49,157.36
Tweed Offshore,2487,1763361000,,-28.2127,153.68029,0.7,1.21,6.25,3.24,21.74,47.72,0.43,148.13
Tweed Offshore,2487,1763362800,,-28.2127,153.68026,0.69,1.64,6.67,3.34,21.56,41.48,0.58,154.46
Tweed Offshore,2487,1763364600,,-28.21269,153.68024,0.64,1.16,6.45,3.43,21.61,49.56,0.49,156.48
Tweed Offshore,2487,1763366400,,-28.21269,153.68024,0.62,1.09,5.88,3.66,21.69,56.25,0.48,157.45
Tweed Offshore,2487,1763368200,,-28.21269,153.68024,0.64,0.99,6.67,3.77,21.74,46.75,0.46,152.62
Tweed Offshore,2487,1763370000,,-28.2127,153.68016,0.63,1.08,7.14,3.93,21.83,51.59,0.49,158.15
Tweed Offshore,2487,1763371800,,-28.21272,153.68018,0.62,1.16,6.67,4.06,21.83,55.19,0.58,156.57
Tweed Offshore,2487,1763373600,,-28.21273,153.68016,0.64,1.18,6.67,4.2,21.92,41.21,0.55,151.65
Tweed Offshore,2487,1763375400,,-28.21273,153.68016,0.6,0.99,6.67,3.99,21.96,45.87,0.54,149.27
Tweed Offshore,2487,1763377200,,-28.21273,153.68009,0.6,0.89,6.67,4.1,21.92,51.06,0.52,163.08
Tweed Offshore,2487,1763379000,,-28.21273,153.68009,0.58,1.19,6.67,4.05,21.87,65.21,0.51,153.93
Tweed Offshore,2487,1763380800,,-28.21273,153.68011,0.56,0.95,6.45,4.12,21.92,66.53,0.51,155.69
Tweed Offshore,2487,1763382600,,-28.21276,153.68005,0.57,0.95,6.25,4.25,21.87,61.08,0.53,160.0
Tweed Offshore,2487,1763384400,,-28.21273,153.68003,0.55,0.83,6.25,3.64,21.78,69.43,0.45,142.77
Tweed Offshore,2487,1763386200,,-28.21273,153.67999,0.62,1.12,6.45,3.6,21.78,60.11,0.43,144.0
Tweed Offshore,2487,1763388000,,-28.21272,153.68003,0.68,1.06,6.25,3.71,21.65,67.5,0.39,141.36
Tweed Offshore,2487,1763388000,,-28.21272,153.68001,0.68,1.06,6.25,3.71,21.65,67.5,0.39,141.36
Tweed Offshore,2487,1763389800,,-28.2127,153.68003,0.68,1.39,6.67,3.69,21.61,65.56,0.41,144.7
Tweed Offshore,2487,1763391600,,-28.2127,153.68005,0.69,1.5,6.45,3.88,21.56,70.05,0.32,165.89
Tweed Offshore,2487,1763393400,,-28.2127,153.68003,0.74,1.16,6.06,3.86,21.47,71.89,0.33,169.67
Tweed Offshore,2487,1763395200,,-28.21272,153.68001,0.79,1.3,6.67,3.96,21.65,75.85,0.45,180.04
Tweed Offshore,2487,1763397000,,-28.21273,153.67996,0.84,1.33,5.41,3.97,21.74,143.37,0.38,169.23
Tweed Offshore,2487,1763398800,,-28.21272,153.67996,0.93,1.53,6.25,4.03,21.74,126.75,0.45,189.8
Tweed Offshore,2487,1763400600,,-28.21272,153.67992,1.08,1.86,5.88,4.19,21.78,157.08,0.45,194.55
Tweed Offshore,2487,1763402400,,-28.21273,153.67992,1.19,2.01,6.25,4.43,21.83,139.23,0.44,181.89
Tweed Offshore,2487,1763404200,,-28.2127,153.67994,1.45,2.09,6.06,4.95,21.78,155.5,0.52,188.22
Tweed Offshore,2487,1763406000,,-28.21273,153.67994,1.37,2.6,6.25,4.71,22.27,159.37,0.69,188.04
Tweed Offshore,2487,1763407800,,-28.21273,153.67994,1.41,2.18,6.67,4.98,22.23,167.19,0.68,185.14
Tweed Offshore,2487,1763409600,,-28.21275,153.67994,1.41,2.51,6.67,5.3,22.36,161.74,0.78,192.35
Tweed Offshore,2487,1763411400,,-28.21276,153.67996,1.54,3.12,6.67,5.32,22.5,165.78,0.84,176.79
Tweed Offshore,2487,1763413200,,-28.2128,153.67996,1.57,2.41,6.9,5.49,23.13,165.26,0.98,181.1
Tweed Offshore,2487,1763415000,,-28.2128,153.67999,1.7,3.24,6.9,5.56,23.49,165.17,1.01,174.77
Tweed Offshore,2487,1763416800,,-28.2128,153.68001,1.53,2.22,6.67,5.21,23.58,166.4,0.98,171.08
Tweed Offshore,2487,1763418600,,-28.21284,153.68001,1.67,3.01,6.45,5.18,23.49,150.75,0.93,173.01
Tweed Offshore,2487,1763420400,,-28.2128,153.68009,1.56,2.54,7.14,5.13,23.54,173.26,0.78,168.7
Tweed Offshore,2487,1763422200,,-28.21282,153.68003,1.66,2.76,6.67,5.24,23.49,149.7,0.88,173.98
Tweed Offshore,2487,1763424000,,-28.2128,153.68005,1.44,2.44,6.25,5.06,23.49,154.09,0.77,169.67
Tweed Offshore,2487,1763425800,,-28.2128,153.68007,1.46,2.53,6.25,5.0,23.35,143.1,0.92,170.11
Tweed Offshore,2487,1763427600,,-28.21282,153.68005,1.5,2.58,6.67,5.2,23.31,157.87,0.9,170.81
Tweed Offshore,2487,1763429400,,-28.2128,153.68009,1.56,2.3,6.45,5.23,23.35,154.44,0.76,168.26
Tweed Offshore,2487,1763431200,,-28.2128,153.68011,1.51,2.95,6.67,5.08,23.35,160.51,0.91,165.98
Tweed Offshore,2487,1763433000,,-28.21282,153.68009,1.49,2.61,6.67,4.99,23.31,153.12,0.88,165.63
Tweed Offshore,2487,1763434800,,-28.21282,153.68009,1.48,2.63,6.25,4.99,23.35,129.3,0.92,167.03
Tweed Offshore,2487,1763436600,,-28.21282,153.68009,1.55,2.49,6.9,5.12,23.44,160.6,0.8,163.08
Tweed Offshore,2487,1763438400,,-28.21282,153.68009,1.37,2.2,6.25,4.99,23.58,147.76,0.92,162.46
Tweed Offshore,2487,1763440200,,-28.21282,153.68009,1.48,2.27,6.67,5.06,23.63,134.22,1.0,161.58
Tweed Offshore,2487,1763442000,,-28.2128,153.68011,1.46,2.88,5.71,5.11,23.63,118.75,0.97,156.75
Tweed Offshore,2487,1763443800,,-28.2128,153.68014,1.45,2.51,8.33,5.09,23.58,164.2,0.85,156.92
Tweed Offshore,2487,1763445600,,-28.21276,153.68014,1.36,2.38,6.06,5.02,23.44,132.2,0.92,155.87
Tweed Offshore,2487,1763447400,,-28.21279,153.68016,1.38,2.23,5.71,4.93,23.4,117.87,0.9,152.35
Tweed Offshore,2487,1763449200,,-28.21276,153.68009,1.35,1.9,5.88,4.91,23.22,129.04,0.89,153.67
Tweed Offshore,2487,1763451000,,-28.21276,153.68009,1.42,2.63,9.09,5.18,23.22,167.19,0.79,151.47
Tweed Offshore,2487,1763452800,,-28.21276,153.68009,1.41,2.42,8.7,5.14,23.17,156.38,0.88,153.49
Tweed Offshore,2487,1763454600,,-28.21276,153.68009,1.38,2.31,8.7,5.11,23.22,163.32,0.85,154.73
Tweed Offshore,2487,1763456400,,-28.21276,153.68011,1.46,2.54,8.33,5.2,23.13,155.23,0.88,151.21
Tweed Offshore,2487,1763458200,,-28.21276,153.68011,1.43,2.56,9.09,5.3,22.99,154.53,0.86,149.8
Tweed Offshore,2487,1763460000,,-28.21275,153.68009,1.38,2.56,8.7,5.18,22.9,155.85,0.82,149.27
Tweed Offshore,2487,1763461800,,-28.21276,153.68011,1.37,2.19,7.69,5.08,22.77,157.7,0.86,149.63
Tweed Offshore,2487,1763463600,,-28.21279,153.68014,1.39,2.07,6.25,5.01,22.77,134.05,0.84,151.65
Tweed Offshore,2487,1763465400,,-28.21276,153.68011,1.35,2.14,8.33,5.04,22.63,150.4,0.83,149.27
Tweed Offshore,2487,1763467200,,-28.21276,153.68014,1.39,1.9,8.33,5.12,22.63,155.15,0.81,145.49
Tweed Offshore,2487,1763469000,,-28.21276,153.68014,1.4,2.48,8.33,5.14,22.54,155.06,0.85,143.3
Tweed Offshore,2487,1763470800,,-28.21276,153.68011,1.31,2.48,8.33,4.98,22.5,153.21,0.68,141.63
Tweed Offshore,2487,1763472600,,-28.21276,153.68005,1.28,2.27,8.33,5.0,22.45,165.43,0.78,149.71
Tweed Offshore,2487,1763474400,,-28.21275,153.68007,1.27,2.32,8.0,5.03,22.41,158.31,0.78,151.74
Tweed Offshore,2487,1763474400,,-28.21276,153.68007,1.27,2.32,8.0,5.03,22.41,158.31,0.78,151.74
Tweed Offshore,2487,1763476200,,-28.21276,153.68009,1.28,2.16,8.0,5.03,22.59,153.21,0.76,151.74
Tweed Offshore,2487,1763478000,,-28.21279,153.68007,1.3,2.13,7.69,5.02,22.63,158.31,0.79,152.35
Tweed Offshore,2487,1763479800,,-28.21276,153.68001,1.34,2.25,8.0,5.24,22.63,155.94,0.74,152.88
Tweed Offshore,2487,1763481600,,-28.21276,153.68009,1.21,2.09,7.14,5.09,22.68,141.08,0.77,151.03
Tweed Offshore,2487,1763483400,,-28.21275,153.68005,1.22,2.11,6.9,5.08,22.77,127.72,0.74,157.27
Tweed Offshore,2487,1763485200,,-28.21275,153.68014,1.16,2.06,7.69,4.94,22.68,149.17,0.67,153.14
Tweed Offshore,2487,1763487000,,-28.21276,153.68007,1.19,2.07,8.0,5.29,22.63,161.3,0.66,154.37
Tweed Offshore,2487,1763488800,,-28.21275,153.68003,1.14,2.13,7.14,5.41,22.95,147.94,0.7,167.21
Tweed Offshore,2487,1763490600,,-28.21276,153.68005,1.22,2.14,7.14,5.4,23.17,146.97,0.83,177.93
Tweed Offshore,2487,1763492400,,-28.21276,153.68005,1.22,1.96,7.69,5.43,23.35,161.21,0.79,173.36
Tweed Offshore,2487,1763494200,,-28.21279,153.68011,1.21,2.14,10.53,5.55,23.22,154.0,0.88,168.79
Tweed Offshore,2487,1763496000,,-28.21275,153.68016,1.22,1.83,9.09,5.66,23.31,164.9,0.83,168.79
Tweed Offshore,2487,1763497800,,-28.21276,153.68014,1.22,2.07,9.52,5.52,23.31,166.14,0.83,174.07
Tweed Offshore,2487,1763499600,,-28.21279,153.68014,1.21,1.94,9.09,5.33,23.35,173.52,0.78,171.16
Tweed Offshore,2487,1763501400,,-28.21279,153.68016,1.21,2.17,9.52,5.41,23.44,160.25,0.83,170.81
Tweed Offshore,2487,1763503200,,-28.21279,153.68018,1.29,2.0,10.0,5.75,23.44,174.4,0.8,170.81
Tweed Offshore,2487,1763505000,,-28.2128,153.68022,1.29,2.11,9.09,5.63,23.58,173.34,0.87,169.32
Tweed Offshore,2487,1763506800,,-28.21279,153.68024,1.34,1.97,9.52,5.79,23.63,159.63,0.82,165.63
Tweed Offshore,2487,1763508600,,-28.21279,153.68024,1.28,1.91,9.52,5.62,23.81,165.26,0.74,166.15
Tweed Offshore,2487,1763510400,,-28.21276,153.68026,1.24,1.96,9.09,5.49,23.85,170.27,0.92,171.87
Tweed Offshore,2487,1763512200,,-28.2128,153.6802,1.21,2.09,9.09,5.22,23.95,170.79,0.94,170.37
Tweed Offshore,2487,1763514000,,-28.2128,153.6802,1.26,2.34,6.67,5.27,24.08,117.17,0.93,167.82
Tweed Offshore,2487,1763515800,,-28.2128,153.68024,1.15,1.92,9.09,5.24,24.17,161.74,0.9,165.54
Tweed Offshore,2487,1763517600,,-28.2128,153.68024,1.2,1.87,11.11,5.33,24.17,148.55,0.97,162.37
Tweed Offshore,2487,1763519400,,-28.2128,153.68024,1.17,1.95,8.7,5.17,24.22,152.25,0.88,164.13
Tweed Offshore,2487,1763521200,,-28.21276,153.68026,1.13,1.71,9.52,5.04,24.17,159.72,0.78,165.45
Tweed Offshore,2487,1763523000,,-28.21279,153.68022,1.05,1.94,9.52,4.67,24.13,154.88,0.84,158.24
Tweed Offshore,2487,1763524800,,-28.21276,153.6802,1.12,2.03,10.0,4.64,24.08,159.98,0.83,163.08
Tweed Offshore,2487,1763526600,,-28.21276,153.68018,1.12,2.2,10.0,4.55,23.9,163.85,0.76,158.51
Tweed Offshore,2487,1763528400,,-28.21276,153.68018,1.12,1.77,9.52,4.34,23.9,142.49,0.81,155.16
Tweed Offshore,2487,1763530200,,-28.21276,153.68016,1.09,1.81,9.52,4.43,23.95,140.99,0.79,159.65
Tweed Offshore,2487,1763532000,,-28.21279,153.68014,1.13,1.76,10.0,4.49,23.9,152.07,0.66,162.9
Tweed Offshore,2487,1763533800,,-28.21276,153.68011,1.13,1.73,10.53,4.53,23.9,147.32,0.74,162.81
Tweed Offshore,2487,1763535600,,-28.21273,153.68014,1.12,2.1,10.53,4.43,23.81,122.09,0.58,162.02
Tweed Offshore,2487,1763537400,,-28.21273,153.68016,1.02,1.71,10.53,4.35,23.72,137.74,0.59,156.75
Tweed Offshore,2487,1763539200,,-28.21275,153.68016,1.02,1.61,9.52,4.35,23.63,156.03,0.65,156.84
Tweed Offshore,2487,1763541000,,-28.21276,153.68011,1.0,1.5,6.45,4.16,23.49,87.89,0.64,155.52
Tweed Offshore,2487,1763542800,,-28.21276,153.68005,1.03,1.58,10.53,4.14,23.44,131.94,0.56,158.15
Tweed Offshore,2487,1763544600,,-28.21275,153.68009,1.01,1.7,9.09,4.25,23.35,134.93,0.65,154.37
Tweed Offshore,2487,1763546400,,-28.21275,153.68003,0.96,1.64,10.0,4.17,23.26,128.86,0.59,157.19
Tweed Offshore,2487,1763548200,,-28.21275,153.68001,0.99,1.52,10.53,4.12,23.22,130.44,0.57,154.29
Tweed Offshore,2487,1763550000,,-28.21276,153.68007,1.01,1.8,11.11,4.24,23.13,124.55,0.39,159.65
Tweed Offshore,2487,1763551800,,-28.21275,153.68001,0.94,1.43,10.53,4.06,23.08,128.86,0.56,160.18
Tweed Offshore,2487,1763553600,,-28.21276,153.68003,0.92,1.41,10.0,4.02,23.04,149.08,0.34,155.16
Tweed Offshore,2487,1763555400,,-28.21276,153.67994,0.97,1.53,10.0,4.18,22.99,130.79,0.53,163.6
Tweed Offshore,2487,1763557200,,-28.21275,153.67996,0.95,1.68,9.52,4.09,22.95,138.71,0.41,152.62
Tweed Offshore,2487,1763559000,,-28.21275,153.67981,0.92,1.59,10.0,3.99,22.9,138.53,0.37,166.42
Tweed Offshore,2487,1763560800,,-28.21273,153.67986,0.9,1.61,9.52,3.98,22.86,132.64,0.42,168.09
Tweed Offshore,2487,1763560800,,-28.21273,153.6799,0.9,1.61,9.52,3.98,22.86,132.64,0.42,168.09
Tweed Offshore,2487,1763562600,,-28.21273,153.67988,0.93,1.48,10.53,3.97,22.77,117.52,0.44,167.03
Tweed Offshore,2487,1763564400,,-28.21275,153.67986,0.91,1.54,10.0,4.04,22.68,143.72,0.36,169.58
Tweed Offshore,2487,1763566200,,-28.21275,153.67986,0.91,1.45,10.0,4.21,22.63,118.05,0.49,169.67
Tweed Offshore,2487,1763568000,,-28.21275,153.67986,0.94,1.65,10.0,4.26,22.54,128.42,0.37,171.6
Tweed Offshore,2487,1763569800,,-28.21275,153.67992,0.92,1.86,10.53,4.35,22.45,125.61,0.51,167.91
Tweed Offshore,2487,1763571600,,-28.21276,153.67986,0.87,1.56,10.53,4.34,22.41,133.08,0.35,163.16
Tweed Offshore,2487,1763573400,,-28.21275,153.67988,0.88,1.57,9.52,4.44,22.36,125.43,0.5,170.9
Tweed Offshore,2487,1763575200,,-28.21272,153.67994,0.96,1.53,10.0,4.64,22.41,121.65,0.5,180.04
Tweed Offshore,2487,1763577000,,-28.21275,153.6799,0.96,1.65,10.0,5.06,22.32,112.51,0.63,179.34
Tweed Offshore,2487,1763578800,,-28.21275,153.6799,0.91,1.61,9.52,5.02,22.45,116.11,0.65,182.07
Tweed Offshore,2487,1763580600,,-28.21279,153.67994,0.88,1.52,10.53,4.75,22.63,108.82,0.83,176.18
Tweed Offshore,2487,1763582400,,-28.21279,153.67992,0.98,1.71,10.53,5.01,22.86,124.2,0.82,186.02
Tweed Offshore,2487,1763584200,,-28.21279,153.67994,0.93,1.53,10.0,4.89,23.04,128.77,0.97,181.98
Tweed Offshore,2487,1763586000,,-28.2128,153.67996,0.93,1.42,10.0,5.05,23.22,108.55,0.95,180.57
Tweed Offshore,2487,1763587800,,-28.21279,153.68003,0.96,1.41,9.52,5.3,23.31,133.61,0.99,172.48
Tweed Offshore,2487,1763589600,,-28.21279,153.68007,0.99,1.56,9.09,5.46,23.35,106.62,0.97,172.48
Tweed Offshore,2487,1763591400,,-28.2128,153.68007,0.96,1.38,10.53,5.56,23.58,131.76,1.03,174.95
Tweed Offshore,2487,1763593200,,-28.21282,153.68005,0.95,1.47,9.09,5.56,23.72,113.56,1.06,174.42
Tweed Offshore,2487,1763595000,,-28.21279,153.68014,0.99,1.81,10.0,5.76,23.95,112.42,1.06,167.3
Tweed Offshore,2487,1763596800,,-28.2128,153.68014,0.99,1.73,10.53,5.85,24.17,123.5,1.08,169.32
Tweed Offshore,2487,1763598600,,-28.2128,153.68016,1.01,1.48,9.52,5.84,24.54,119.63,1.0,160.26
Tweed Offshore,2487,1763600400,,-28.21279,153.6802,1.05,1.88,10.0,5.8,24.54,117.52,1.01,163.87
Tweed Offshore,2487,1763602200,,-28.2128,153.68018,1.01,1.79,11.11,5.72,24.59,120.33,1.02,160.62
Tweed Offshore,2487,1763604000,,-28.21279,153.68026,0.99,1.78,9.52,5.53,24.13,117.7,1.05,160.18
Tweed Offshore,2487,1763605800,,-28.21276,153.68026,1.06,1.82,10.53,5.52,24.08,121.74,1.04,156.13
Tweed Offshore,2487,1763607600,,-28.21275,153.68029,0.95,1.53,10.53,5.3,23.99,122.09,1.01,151.56
Tweed Offshore,2487,1763609400,,-28.21276,153.68024,0.98,1.53,10.0,4.82,23.85,109.26,0.96,156.22
Tweed Offshore,2487,1763611200,,-28.21276,153.68016,1.06,1.63,10.0,4.75,23.54,116.99,0.87,152.79
Tweed Offshore,2487,1763613000,,-28.21279,153.68014,1.02,1.7,11.11,4.6,23.63,101.17,0.83,154.11
Tweed Offshore,2487,1763614800,,-28.21275,153.68014,1.09,1.87,10.0,4.72,23.31,108.29,0.8,148.92
Tweed Offshore,2487,1763616600,,-28.21273,153.68014,1.14,1.74,10.0,4.71,23.22,109.61,0.79,150.68
Tweed Offshore,2487,1763618400,,-28.21275,153.68014,1.09,1.89,10.53,4.77,23.13,116.03,0.77,154.29
Tweed Offshore,2487,1763620200,,-28.21273,153.6802,1.1,1.76,11.11,4.64,22.9,101.43,0.74,150.51
Tweed Offshore,2487,1763622000,,-28.21275,153.68011,1.15,1.75,10.53,4.41,22.72,98.27,0.7,154.81
Tweed Offshore,2487,1763623800,,-28.21275,153.68014,1.16,1.96,10.53,4.39,22.77,102.66,0.76,157.89
Tweed Offshore,2487,1763625600,,-28.21275,153.68016,1.2,1.97,11.76,4.47,22.72,111.54,0.71,154.29
Tweed Offshore,2487,1763627400,,-28.21275,153.68014,1.19,1.84,10.53,4.36,22.77,102.84,0.77,151.82
Tweed Offshore,2487,1763629200,,-28.21275,153.68009,1.23,1.91,10.53,4.63,22.81,105.3,0.71,150.15
Tweed Offshore,2487,1763631000,,-28.21275,153.68016,1.26,1.87,11.11,4.69,22.77,107.41,0.75,144.0
Tweed Offshore,2487,1763632800,,-28.21272,153.68016,1.22,1.92,12.5,4.87,22.77,126.4,0.76,142.15
Tweed Offshore,2487,1763634600,,-28.21272,153.68018,1.22,2.63,11.11,4.62,22.68,98.88,0.71,139.25
Tweed Offshore,2487,1763636400,,-28.21272,153.6802,1.17,1.84,10.53,4.54,22.63,109.52,0.7,137.14
Tweed Offshore,2487,1763638200,,-28.2127,153.68029,1.25,2.47,10.53,4.74,22.59,93.7,0.68,130.02
Tweed Offshore,2487,1763640000,,-28.21272,153.68014,1.22,2.1,10.53,4.52,22.54,109.43,0.56,137.41
Tweed Offshore,2487,1763641800,,-28.21275,153.67996,1.15,1.83,11.76,4.5,22.45,105.39,0.5,148.92
Tweed Offshore,2487,1763643600,,-28.21275,153.67994,1.15,2.2,10.53,4.51,22.41,104.51,0.48,146.37
Tweed Offshore,2487,1763645400,,-28.21273,153.67999,1.16,1.85,10.53,4.66,22.36,110.22,0.46,149.1
Tweed Offshore,2487,1763647200,,-28.21272,153.68001,1.21,1.77,11.76,4.92,22.36,113.12,0.47,150.68
Tweed Offshore,2487,1763649000,,-28.21273,153.68001,1.15,2.13,10.53,4.91,22.36,112.77,0.48,154.11
Tweed Offshore,2487,1763650800,,-28.21273,153.67996,1.17,2.07,12.5,5.0,22.32,106.27,0.44,160.62
Tweed Offshore,2487,1763652600,,-28.21273,153.67994,1.1,1.68,10.53,4.89,22.27,112.77,0.5,167.21
Tweed Offshore,2487,1763654400,,-28.21275,153.67986,1.07,1.72,11.76,4.93,22.41,113.12,0.51,176.09
Tweed Offshore,2487,1763656200,,-28.21275,153.67986,1.13,1.68,11.76,5.15,22.54,105.21,0.5,179.52
Tweed Offshore,2487,1763658000,,-28.21273,153.67988,1.1,1.71,12.5,5.28,22.54,113.12,0.58,177.93
Tweed Offshore,2487,1763659800,,-28.21276,153.67981,1.05,1.56,11.76,5.3,23.13,108.2,0.81,182.59
Tweed Offshore,2487,1763661600,,-28.21279,153.67981,1.11,1.67,11.76,5.75,23.26,114.09,0.85,180.75
Tweed Offshore,2487,1763663400,,-28.21279,153.67986,1.11,1.76,11.11,5.8,23.44,100.9,0.69,175.91
Tweed Offshore,2487,1763665200,,-28.21279,153.67986,1.17,2.22,11.11,6.07,23.44,106.62,0.72,174.59
Tweed Offshore,2487,1763667000,,-28.21279,153.6799,1.21,1.85,11.76,6.33,23.4,97.74,0.89,175.65
Tweed Offshore,2487,1763668800,,-28.21279,153.67996,1.15,1.89,11.11,6.37,23.44,112.33,0.75,173.54
Tweed Offshore,2487,1763670600,,-28.21279,153.67999,1.15,1.95,11.76,6.55,23.49,94.93,0.9,177.93
Tweed Offshore,2487,1763672400,,-28.2128,153.67996,1.14,1.7,10.53,6.33,23.76,99.41,0.99,177.41
Tweed Offshore,2487,1763674200,,-28.21279,153.68001,1.26,2.08,11.76,6.43,23.9,106.18,0.78,172.75
Tweed Offshore,2487,1763676000,,-28.2128,153.68005,1.2,2.07,11.76,6.47,23.85,104.42,0.86,167.03
Tweed Offshore,2487,1763677800,,-28.21279,153.68009,1.27,2.07,11.11,6.91,23.9,107.94,0.83,168.44
Tweed Offshore,2487,1763679600,,-28.2128,153.68011,1.28,1.99,11.76,6.99,24.17,111.63,1.14,166.68
Tweed Offshore,2487,1763681400,,-28.21276,153.68022,1.18,1.67,10.0,6.5,24.27,112.16,1.11,163.69
Tweed Offshore,2487,1763683200,,-28.21279,153.68024,1.16,1.81,11.76,6.16,24.31,118.93,1.09,161.49
Tweed Offshore,2487,1763685000,,-28.21275,153.68031,1.34,2.05,11.76,6.07,24.31,106.97,1.01,158.86
Tweed Offshore,2487,1763686800,,-28.21275,153.68031,1.38,2.35,11.76,6.15,24.17,116.38,0.9,155.52
Tweed Offshore,2487,1763688600,,-28.21275,153.68031,1.3,2.22,12.5,5.68,24.08,94.4,0.78,156.92
Tweed Offshore,2487,1763690400,,-28.21275,153.68031,1.38,2.07,11.76,5.46,23.95,112.16,0.73,153.14
Tweed Offshore,2487,1763692200,,-28.21272,153.68039,1.49,2.89,11.11,5.5,23.72,113.74,0.7,150.07
Tweed Offshore,2487,1763694000,,-28.21269,153.68039,1.55,2.33,12.5,5.39,23.63,92.29,0.65,149.45
Tweed Offshore,2487,1763695800,,-28.2127,153.68039,1.53,2.16,11.76,5.4,23.67,106.09,0.61,146.37
Tweed Offshore,2487,1763697600,,-28.2127,153.68031,1.5,2.81,12.5,5.34,23.72,100.82,0.46,149.63
Tweed Offshore,2487,1763699400,,-28.21269,153.68024,1.52,2.43,12.5,5.38,23.76,105.3,0.47,139.34
Tweed Offshore,2487,1763701200,,-28.21269,153.68016,1.53,2.45,11.76,5.23,23.81,111.89,0.43,139.69
Tweed Offshore,2487,1763703000,,-28.21267,153.68001,1.5,2.2,11.11,5.17,23.72,108.38,0.33,136.88
Tweed Offshore,2487,1763704800,,-28.21263,153.67988,1.45,2.2,12.5,5.2,23.63,104.68,0.34,132.66
Tweed Offshore,2487,1763706600,,-28.21263,153.67979,1.39,2.36,12.5,5.01,23.58,108.11,0.28,141.45
Tweed Offshore,2487,1763708400,,-28.21263,153.67973,1.43,2.22,11.76,5.04,23.54,110.05,0.22,146.46
Tweed Offshore,2487,1763710200,,-28.2126,153.67969,1.42,2.17,11.11,5.06,23.58,108.99,0.21,133.19
Tweed Offshore,2487,1763712000,,-28.21261,153.67964,1.33,2.4,11.76,5.32,23.58,106.0,0.18,146.99
Tweed Offshore,2487,1763713800,,-28.21263,153.67956,1.38,2.2,12.5,5.56,23.72,115.5,0.17,165.8
Tweed Offshore,2487,1763715600,,-28.21267,153.67964,1.2,1.95,11.11,5.1,23.99,116.82,0.52,208.18
Tweed Offshore,2487,1763717400,,-28.21273,153.67966,1.31,2.69,11.76,5.45,24.08,114.36,0.49,191.47
Tweed Offshore,2487,1763719200,,-28.21275,153.67958,1.41,2.16,11.76,5.28,24.36,127.01,0.47,188.57
Tweed Offshore,2487,1763721000,,-28.21275,153.6796,1.64,2.59,7.14,5.59,24.45,165.52,0.5,188.31
Tweed Offshore,2487,1763722800,,-28.21275,153.67969,1.59,2.65,11.76,5.66,24.22,118.58,0.54,178.9
Tweed Offshore,2487,1763724600,,-28.21275,153.67973,1.64,2.55,11.11,5.87,24.13,109.7,0.52,182.07
Tweed Offshore,2487,1763726400,,-28.21276,153.67975,1.57,2.48,11.76,5.84,24.13,111.01,0.57,176.44
Tweed Offshore,2487,1763728200,,-28.21276,153.67977,1.7,2.79,8.0,6.16,24.17,170.36,0.62,174.07
Tweed Offshore,2487,1763730000,,-28.21276,153.67981,1.6,2.55,12.5,5.94,24.17,108.11,0.6,168.44
Tweed Offshore,2487,1763731800,,-28.21275,153.67979,1.54,2.48,7.41,5.86,24.08,168.42,0.6,170.73
Tweed Offshore,2487,1763733600,,-28.21275,153.67986,1.51,2.38,7.69,5.86,24.04,168.07,0.6,168.18
Tweed Offshore,2487,1763735400,,-28.21275,153.67979,1.56,2.58,11.76,5.96,23.99,105.48,0.53,172.57
Tweed Offshore,2487,1763737200,,-28.21275,153.67981,1.6,2.82,12.5,6.11,23.85,101.17,0.5,172.04
Tweed Offshore,2487,1763739000,,-28.21276,153.67979,1.53,2.62,11.11,6.0,23.85,104.33,0.54,177.23
Tweed Offshore,2487,1763740800,,-28.21275,153.67983,1.48,2.48,7.69,5.97,23.76,168.51,0.59,176.44
Tweed Offshore,2487,1763742600,,-28.21275,153.67983,1.5,2.85,10.53,6.19,23.81,121.74,0.57,175.21
Tweed Offshore,2487,1763744400,,-28.21275,153.67986,1.46,2.65,11.11,6.12,23.72,113.21,0.62,173.54
Tweed Offshore,2487,1763746200,,-28.21275,153.67986,1.42,2.07,11.76,6.05,23.85,103.98,0.63,180.48
Tweed Offshore,2487,1763748000,,-28.21275,153.67986,1.44,2.41,11.76,6.0,23.9,115.94,0.64,185.49
Tweed Offshore,2487,1763749800,,-28.21276,153.67986,1.45,2.68,11.76,6.4,24.17,104.77,0.65,184.26
Tweed Offshore,2487,1763751600,,-28.21279,153.67986,1.44,2.1,11.76,6.05,24.22,90.71,0.72,180.75
Tweed Offshore,2487,1763753400,,-28.21276,153.67988,1.55,2.43,11.76,6.22,24.22,110.22,0.66,172.4
Tweed Offshore,2487,1763755200,,-28.21279,153.6799,1.52,2.84,11.76,6.04,24.22,99.32,0.71,174.68
Tweed Offshore,2487,1763757000,,-28.21276,153.67996,1.5,2.51,11.76,6.18,24.22,95.72,0.71,166.33
Tweed Offshore,2487,1763758800,,-28.21275,153.67999,1.55,3.09,11.11,6.27,24.13,103.98,0.71,170.02
Tweed Offshore,2487,1763760600,,-28.21273,153.67999,1.47,2.47,11.76,6.13,24.08,95.81,0.7,191.12
Tweed Offshore,2487,1763762400,,-28.21275,153.68009,1.55,2.46,11.76,6.15,24.08,96.68,0.61,173.36
Tweed Offshore,2487,1763764200,,-28.21275,153.68001,1.52,2.45,11.76,6.06,24.04,102.14,0.66,178.11
Tweed Offshore,2487,1763766000,,-28.21275,153.68005,1.46,2.3,11.76,5.97,24.13,97.83,0.66,181.19
Tweed Offshore,2487,1763767800,,-28.21275,153.68018,1.51,2.5,11.76,6.21,24.17,92.99,0.62,167.91
Tweed Offshore,2487,1763769600,,-28.21275,153.68011,1.59,2.56,11.76,6.39,24.17,100.64,0.7,167.65
Tweed Offshore,2487,1763771400,,-28.21276,153.68014,1.67,2.88,11.76,6.74,24.17,103.72,0.47,173.45
Tweed Offshore,2487,1763773200,,-28.21275,153.68018,1.49,2.3,11.76,6.24,24.13,96.6,0.66,166.77
Tweed Offshore,2487,1763775000,,-28.21275,153.68022,1.5,2.29,11.11,6.31,24.13,98.88,0.67,164.57
Tweed Offshore,2487,1763776800,,-28.21275,153.6802,1.43,2.53,10.53,6.29,24.17,111.89,0.53,163.08
Tweed Offshore,2487,1763778600,,-28.21273,153.68022,1.45,2.75,11.11,6.43,24.17,104.68,0.52,161.14
Tweed Offshore,2487,1763780400,,-28.21273,153.68024,1.51,2.5,11.11,6.47,24.22,101.17,0.63,159.74
Tweed Offshore,2487,1763782200,,-28.21272,153.68022,1.51,2.1,11.11,6.49,24.31,117.52,0.58,157.45
Tweed Offshore,2487,1763784000,,-28.21273,153.68022,1.54,2.59,11.76,6.55,24.36,121.74,0.55,161.23
Tweed Offshore,2487,1763785800,,-28.21273,153.68022,1.39,2.11,11.11,6.51,24.31,113.83,0.52,158.07
Tweed Offshore,2487,1763787600,,-28.2127,153.68022,1.46,2.61,11.76,6.78,24.27,112.77,0.45,155.25
Tweed Offshore,2487,1763789400,,-28.21272,153.68016,1.51,2.4,11.11,6.57,24.27,108.11,0.45,157.54
Tweed Offshore,2487,1763791200,,-28.21272,153.68007,1.35,2.34,11.76,6.32,24.22,108.55,0.47,164.57
Tweed Offshore,2487,1763793000,,-28.2127,153.68001,1.41,2.31,11.11,6.33,24.22,115.76,0.48,155.52
Tweed Offshore,2487,1763794800,,-28.21273,153.67999,1.4,2.77,11.11,6.4,24.27,111.89,0.45,159.91
Tweed Offshore,2487,1763796600,,-28.2127,153.68001,1.42,2.42,11.11,6.45,24.17,113.92,0.37,164.84
Tweed Offshore,2487,1763798400,,-28.21273,153.67986,1.3,2.29,9.52,6.16,24.17,143.28,0.44,166.07
Tweed Offshore,2487,1763800200,,-28.21273,153.6799,1.48,2.2,11.11,6.46,24.08,123.76,0.38,165.01
Tweed Offshore,2487,1763802000,,-28.21273,153.68001,1.51,2.14,11.76,6.62,23.95,103.63,0.4,167.3
Tweed Offshore,2487,1763803800,,-28.21275,153.67986,1.44,2.36,11.11,6.73,24.08,122.88,0.61,189.1
Tweed Offshore,2487,1763805600,,-28.21273,153.67983,1.53,2.5,8.7,6.8,24.08,157.34,0.7,191.65
Tweed Offshore,2487,1763807400,,-28.21279,153.67973,1.61,3.27,11.11,7.0,24.27,116.64,0.9,187.52
Tweed Offshore,2487,1763809200,,-28.2128,153.67981,1.6,2.96,10.0,6.84,24.22,131.41,0.86,180.66
Tweed Offshore,2487,1763811000,,-28.21282,153.67988,1.5,2.86,9.52,6.71,24.17,140.03,0.85,172.48
Tweed Offshore,2487,1763812800,,-28.2128,153.67994,1.46,2.61,11.11,6.58,24.22,100.38,0.8,166.42
Tweed Offshore,2487,1763814600,,-28.21282,153.67999,1.51,2.43,11.11,6.69,24.22,106.97,0.77,164.84
Tweed Offshore,2487,1763816400,,-28.21279,153.67994,1.48,2.72,10.53,6.72,24.17,113.04,0.76,165.27
Tweed Offshore,2487,1763818200,,-28.2128,153.67996,1.47,2.48,9.52,6.72,24.17,144.25,0.77,161.93
Tweed Offshore,2487,1763820000,,-28.2128,153.67994,1.57,2.51,9.52,6.83,24.04,146.36,0.66,158.77
Tweed Offshore,2487,1763821800,,-28.21276,153.67994,1.43,2.25,9.52,6.55,23.99,144.51,0.53,152.97
Tweed Offshore,2487,1763823600,,-28.21275,153.67986,1.36,2.35,10.0,6.79,23.99,133.17,0.51,151.3
Tweed Offshore,2487,1763825400,,-28.21275,153.67981,1.33,2.25,10.0,6.56,23.9,130.62,0.5,153.76
Tweed Offshore,2487,1763827200,,-28.21275,153.67979,1.19,2.0,10.0,6.12,23.85,129.21,0.49,153.49
Tweed Offshore,2487,1763829000,,-28.21273,153.67979,1.41,2.46,10.53,6.87,23.81,117.17,0.45,145.85
Tweed Offshore,2487,1763830800,,-28.21272,153.67988,1.34,2.18,10.53,6.54,23.76,120.86,0.35,140.84
Tweed Offshore,2487,1763832600,,-28.21272,153.67986,1.23,1.95,11.11,6.38,23.81,101.17,0.32,147.34
Tweed Offshore,2487,1763834400,,-28.21269,153.67988,1.17,1.87,10.53,6.15,23.76,104.25,0.28,135.38
Tweed Offshore,2487,1763836200,,-28.21269,153.6799,1.25,2.34,10.53,6.56,23.76,114.44,0.22,146.9
Tweed Offshore,2487,1763838000,,-28.21267,153.67988,1.25,2.09,11.11,6.46,23.76,113.04,0.26,139.43
Tweed Offshore,2487,1763839800,,-28.21265,153.6799,1.31,2.15,10.53,6.81,23.72,110.49,0.17,141.71
Tweed Offshore,2487,1763841600,,-28.21267,153.67988,1.14,2.06,11.11,6.55,23.72,119.45,0.25,167.03
Tweed Offshore,2487,1763843400,,-28.21269,153.67999,1.19,1.91,10.53,6.78,23.67,110.93,0.25,157.1
Tweed Offshore,2487,1763845200,,-28.21267,153.68001,1.31,2.06,9.52,6.88,23.67,106.0,0.25,152.88
Tweed Offshore,2487,1763847000,,-28.21269,153.68007,1.24,2.09,10.53,6.72,23.58,111.98,0.23,152.53
Tweed Offshore,2487,1763848800,,-28.21272,153.68009,1.17,2.12,10.53,4.48,23.58,113.48,0.35,153.85
Tweed Offshore,2487,1763850600,,-28.21272,153.68009,1.23,1.88,10.53,4.26,23.54,124.99,0.45,171.96
Tweed Offshore,2487,1763852400,,-28.21272,153.6802,1.22,2.16,10.53,4.29,23.49,113.48,0.54,163.08
Tweed Offshore,2487,1763854200,,-28.2127,153.68031,1.21,2.33,10.53,4.05,23.44,102.66,0.48,168.35
Tweed Offshore,2487,1763856000,,-28.21273,153.68018,1.25,2.14,10.0,3.94,23.4,104.25,0.65,160.79
Tweed Offshore,2487,1763857800,,-28.21273,153.68022,1.23,2.19,10.53,4.27,23.4,106.53,0.61,161.49
Tweed Offshore,2487,1763859600,,-28.21273,153.68024,1.11,2.04,11.11,4.02,23.4,117.43,0.5,162.73
Tweed Offshore,2487,1763861400,,-28.21273,153.68024,1.24,2.09,10.53,4.31,23.4,110.84,0.56,157.63
Tweed Offshore,2487,1763863200,,-28.21273,153.68029,1.11,1.86,10.53,4.22,23.4,99.06,0.47,145.14
Tweed Offshore,2487,1763865000,,-28.21273,153.68031,1.2,1.99,10.53,4.49,23.44,104.33,0.58,147.08
Tweed Offshore,2487,1763866800,,-28.2127,153.68037,1.09,1.88,10.53,4.21,23.49,97.04,0.46,140.13
Tweed Offshore,2487,1763868600,,-28.21273,153.68033,1.25,2.18,11.11,4.4,23.58,93.96,0.47,145.58
Tweed Offshore,2487,1763870400,,-28.21273,153.68031,1.15,1.84,11.11,4.4,23.63,98.44,0.58,138.64
Tweed Offshore,2487,1763872200,,-28.21273,153.68035,1.15,2.17,11.11,4.53,23.58,99.59,0.6,143.91
Tweed Offshore,2487,1763874000,,-28.21267,153.68039,1.1,1.92,11.11,4.23,23.58,96.77,0.59,116.4
Tweed Offshore,2487,1763875800,,-28.21272,153.68024,1.1,2.26,11.11,4.25,23.58,98.62,0.54,152.79
Tweed Offshore,2487,1763877600,,-28.21269,153.68037,1.11,2.05,10.53,4.25,23.58,94.49,0.66,137.05
Tweed Offshore,2487,1763879400,,-28.2127,153.68033,1.08,1.83,10.53,4.1,23.49,107.5,0.62,140.66
Tweed Offshore,2487,1763881200,,-28.21269,153.68035,1.12,1.84,11.11,4.02,23.44,93.08,0.55,138.46
Tweed Offshore,2487,1763883000,,-28.21269,153.68031,1.15,1.91,11.11,3.83,23.26,94.93,0.57,140.57
Tweed Offshore,2487,1763884800,,-28.21267,153.68039,1.1,2.19,11.11,3.66,23.22,92.03,0.62,133.36
Tweed Offshore,2487,1763886600,,-28.21272,153.68037,1.18,2.23,11.11,4.03,23.13,94.93,0.68,138.29
Tweed Offshore,2487,1763888400,,-28.21272,153.68031,1.18,1.9,10.53,3.9,23.13,120.77,0.71,136.7
Tweed Offshore,2487,1763890200,,-28.21275,153.6802,1.12,2.12,11.11,3.74,23.13,104.77,0.68,152.35
Tweed Offshore,2487,1763892000,,-28.21272,153.68031,1.19,2.01,10.53,3.88,23.08,100.55,0.66,149.01
Tweed Offshore,2487,1763893800,,-28.21269,153.68046,1.11,1.81,10.0,3.91,22.99,97.39,0.78,139.6
Tweed Offshore,2487,1763895600,,-28.21272,153.68042,1.21,2.16,11.11,4.38,22.99,104.86,0.79,141.54
Tweed Offshore,2487,1763897400,,-28.21269,153.68054,1.15,2.15,10.53,4.37,23.13,114.62,0.8,140.31
Tweed Offshore,2487,1763899200,,-28.21265,153.68054,1.05,1.86,10.53,3.86,23.22,98.53,0.78,132.75
Tweed Offshore,2487,1763901000,,-28.21265,153.68052,1.1,1.99,11.11,4.11,23.22,98.97,0.64,139.43
Tweed Offshore,2487,1763902800,,-28.21265,153.68052,1.03,2.04,10.53,4.01,23.13,94.4,0.64,136.35
Tweed Offshore,2487,1763904600,,-28.21263,153.6805,1.08,1.8,10.53,4.19,22.99,84.03,0.64,132.84
Tweed Offshore,2487,1763906400,,-28.21263,153.68048,1.05,1.64,10.0,4.09,22.81,103.45,0.65,140.13
Tweed Offshore,2487,1763908200,,-28.21265,153.68046,1.02,1.93,10.53,4.23,22.77,96.33,0.59,137.85
Tweed Offshore,2487,1763910000,,-28.21265,153.68042,1.08,1.82,10.0,4.24,22.68,95.81,0.56,136.97
Tweed Offshore,2487,1763911800,,-28.21267,153.68037,1.05,2.06,10.53,4.07,22.63,101.17,0.56,141.36
Tweed Offshore,2487,1763913600,,-28.21267,153.68039,1.07,2.04,10.53,3.99,22.63,100.47,0.6,140.48
Tweed Offshore,2487,1763915400,,-28.21267,153.68039,1.05,2.17,10.0,3.96,22.63,97.12,0.58,138.37
Tweed Offshore,2487,1763917200,,-28.21267,153.68039,1.02,1.51,10.53,3.8,22.63,91.67,0.59,143.56
Tweed Offshore,2487,1763919000,,-28.21267,153.68042,1.06,1.9,10.53,4.03,22.59,106.0,0.66,142.24
Tweed Offshore,2487,1763920800,,-28.21267,153.68042,1.03,1.68,10.0,4.0,22.63,99.76,0.52,142.42
Tweed Offshore,2487,1763922600,,-28.21267,153.68039,1.03,1.71,10.0,4.11,22.63,107.59,0.47,155.69
Tweed Offshore,2487,1763924400,,-28.21269,153.68035,1.01,1.6,10.53,4.12,22.77,103.81,0.64,158.51
Tweed Offshore,2487,1763926200,,-28.21269,153.68035,1.03,1.68,10.0,3.98,22.77,91.94,0.68,155.96
Tweed Offshore,2487,1763928000,,-28.2127,153.68035,0.99,1.6,10.0,3.85,22.72,103.28,0.65,156.92
Tweed Offshore,2487,1763929800,,-28.2127,153.68031,0.94,1.63,10.0,3.78,22.68,90.27,0.69,148.48
Tweed Offshore,2487,1763931600,,-28.2127,153.68035,0.99,1.61,10.0,4.05,22.77,100.64,0.72,148.48
Tweed Offshore,2487,1763933400,,-28.2127,153.68031,0.95,1.74,11.11,4.12,22.77,97.04,0.65,152.53
Tweed Offshore,2487,1763935200,,-28.2127,153.68031,0.97,1.62,10.0,4.19,22.86,93.17,0.71,149.54
Tweed Offshore,2487,1763937000,,-28.21267,153.68042,0.97,1.82,10.0,4.44,22.95,93.52,0.7,150.24
Tweed Offshore,2487,1763938800,,-28.21267,153.68046,0.99,1.61,10.53,4.57,22.99,99.67,0.48,152.26
Tweed Offshore,2487,1763940600,,-28.21265,153.68044,0.98,1.62,10.0,4.77,23.22,101.61,0.71,150.95
Tweed Offshore,2487,1763942400,,-28.21267,153.68046,1.0,1.75,11.11,4.82,23.22,98.53,0.73,150.59
Tweed Offshore,2487,1763944200,,-28.21269,153.68046,0.99,1.72,10.53,4.68,23.31,82.88,0.68,150.24
Tweed Offshore,2487,1763946000,,-28.21269,153.68046,1.03,1.68,10.0,4.59,23.44,97.21,0.73,145.05
Tweed Offshore,2487,1763947800,,-28.21269,153.68046,1.0,1.55,10.53,4.48,23.58,103.28,0.7,149.98
Tweed Offshore,2487,1763949600,,-28.21267,153.68046,0.96,1.73,10.53,4.33,23.63,93.78,0.73,154.11
Tweed Offshore,2487,1763951400,,-28.21269,153.68044,1.01,1.76,10.53,4.26,23.85,107.15,0.74,160.35
Tweed Offshore,2487,1763953200,,-28.21272,153.68035,0.98,1.77,10.53,3.92,23.76,99.23,0.7,171.43
Tweed Offshore,2487,1763955000,,-28.21272,153.68037,1.06,1.83,10.0,3.87,23.67,94.4,0.75,168.09
Tweed Offshore,2487,1763956800,,-28.21273,153.68037,1.04,1.8,11.11,3.96,23.67,105.92,0.76,166.95
Tweed Offshore,2487,1763958600,,-28.21272,153.68042,0.98,1.45,10.53,3.96,23.63,100.47,0.65,162.99
Tweed Offshore,2487,1763960400,,-28.2127,153.68042,0.95,1.64,10.53,4.06,23.63,97.74,0.78,159.03
Tweed Offshore,2487,1763962200,,-28.2127,153.68039,1.0,1.52,10.53,4.16,23.67,105.04,0.71,158.95
Tweed Offshore,2487,1763964000,,-28.21269,153.68039,1.0,1.67,11.11,4.42,23.9,113.3,0.65,162.73
Tweed Offshore,2487,1763965800,,-28.21269,153.68042,1.06,1.97,11.11,4.79,23.95,108.64,0.78,156.31
Tweed Offshore,2487,1763967600,,-28.21267,153.68046,0.99,1.65,10.53,4.8,23.9,106.36,0.76,154.46
Tweed Offshore,2487,1763969400,,-28.21269,153.68044,1.04,1.85,10.53,5.12,23.81,108.03,0.69,153.05
Tweed Offshore,2487,1763971200,,-28.21269,153.68046,1.11,1.92,10.53,5.47,23.67,118.31,0.71,154.73
Tweed Offshore,2487,1763973000,,-28.2127,153.68039,1.06,1.56,10.53,5.7,23.54,119.63,0.88,156.31
Tweed Offshore,2487,1763974800,,-28.21272,153.68039,1.12,1.87,10.53,5.93,23.72,105.04,0.79,153.67
Tweed Offshore,2487,1763976600,,-28.21269,153.68046,1.05,1.95,11.11,5.58,24.08,133.96,0.79,145.76
Tweed Offshore,2487,1763978400,,-28.2127,153.68048,1.12,1.72,10.53,5.61,24.13,109.52,0.79,144.0
Tweed Offshore,2487,1763980200,,-28.21272,153.68046,1.03,1.8,10.53,5.71,24.17,117.87,0.82,147.96
Tweed Offshore,2487,1763982000,,-28.21269,153.68052,1.12,1.86,10.0,5.94,24.13,96.77,0.86,140.48
Tweed Offshore,2487,1763983800,,-28.2127,153.68052,1.12,1.72,11.76,5.86,24.13,132.9,0.85,137.85
Tweed Offshore,2487,1763985600,,-28.21269,153.68052,1.17,2.02,10.53,6.14,24.17,104.77,0.88,134.68
Tweed Offshore,2487,1763987400,,-28.21267,153.68052,1.08,1.83,10.53,5.71,24.13,108.64,0.8,134.33
Tweed Offshore,2487,1763989200,,-28.21265,153.68052,1.0,1.74,9.09,5.49,23.99,138.09,0.74,132.75
Tweed Offshore,2487,1763991000,,-28.21272,153.68016,1.03,1.76,11.11,5.95,23.85,117.17,0.61,134.77
Tweed Offshore,2487,1763992800,,-28.2127,153.68018,1.05,1.84,10.0,6.01,23.72,124.73,0.54,129.41
Tweed Offshore,2487,1763994600,,-28.2127,153.68018,1.06,1.63,10.53,6.32,23.63,114.36,0.5,158.15
Tweed Offshore,2487,1763996400,,-28.2127,153.68022,0.99,1.68,10.53,6.25,23.63,117.43,0.43,161.32
Tweed Offshore,2487,1763998200,,-28.2127,153.6802,1.04,1.45,10.53,6.13,23.81,117.26,0.54,165.36
Tweed Offshore,2487,1764000000,,-28.21272,153.6802,1.11,1.63,11.11,6.58,23.9,113.21,0.61,168.35
Tweed Offshore,2487,1764001800,,-28.21275,153.6802,1.11,1.65,10.53,6.28,23.99,98.88,0.57,164.84
Tweed Offshore,2487,1764003600,,-28.21275,153.68022,1.12,1.67,10.53,6.3,24.04,95.37,0.61,164.22
Tweed Offshore,2487,1764005400,,-28.21272,153.68029,1.14,1.83,10.53,6.45,23.99,110.84,0.55,154.29
Tweed Offshore,2487,1764007200,,-28.21272,153.68029,1.17,2.25,10.0,6.17,23.99,102.14,0.59,158.24
Tweed Offshore,2487,1764009000,,-28.21273,153.68022,1.13,1.98,10.53,6.17,23.99,98.71,0.61,158.86
Tweed Offshore,2487,1764010800,,-28.21273,153.68016,1.18,2.05,10.53,6.42,23.99,100.64,0.63,170.81
Tweed Offshore,2487,1764012600,,-28.21275,153.68011,1.14,1.73,10.53,6.41,24.22,103.81,0.67,172.13
Tweed Offshore,2487,1764014400,,-28.21275,153.68014,1.29,2.21,10.53,6.45,24.27,105.12,0.74,171.43
Tweed Offshore,2487,1764016200,,-28.21276,153.68018,1.33,1.85,10.0,6.52,24.31,106.18,0.71,167.38
Tweed Offshore,2487,1764018000,,-28.21275,153.6802,1.28,2.14,11.11,6.34,24.36,116.82,0.84,173.27
Tweed Offshore,2487,1764019800,,-28.21276,153.68016,1.39,2.18,10.53,6.67,25.19,107.5,0.99,173.63
Tweed Offshore,2487,1764021600,,-28.21276,153.68018,1.4,2.21,10.53,6.61,25.19,110.14,0.93,170.55
Tweed Offshore,2487,1764023400,,-28.21276,153.6802,1.37,1.98,7.14,5.82,25.24,142.66,1.04,166.51
Tweed Offshore,2487,1764025200,,-28.21279,153.68024,1.34,2.09,7.69,4.98,25.14,160.42,1.03,162.73
Tweed Offshore,2487,1764027000,,-28.21279,153.68016,1.28,2.44,10.53,4.88,25.19,109.08,1.03,174.77
Tweed Offshore,2487,1764028800,,-28.21279,153.68024,1.31,2.05,7.14,4.87,25.28,145.12,1.07,165.45
Tweed Offshore,2487,1764030600,,-28.21279,153.68022,1.3,2.41,11.11,4.59,25.28,128.33,1.05,166.15
Tweed Offshore,2487,1764032400,,-28.2128,153.68024,1.25,2.1,8.0,4.63,25.28,146.09,1.08,168.26
Tweed Offshore,2487,1764034200,,-28.21279,153.68026,1.36,2.51,7.69,4.79,25.28,161.56,1.12,167.38
Tweed Offshore,2487,1764036000,,-28.2128,153.68029,1.28,2.21,10.53,4.34,25.1,108.29,1.09,165.71
Tweed Offshore,2487,1764037800,,-28.2128,153.68029,1.31,1.99,10.53,4.25,25.14,127.54,1.2,163.69
Tweed Offshore,2487,1764039600,,-28.2128,153.68026,1.43,2.36,10.53,4.28,24.96,103.45,1.1,159.74
Tweed Offshore,2487,1764041400,,-28.2128,153.68031,1.33,2.24,8.0,3.99,24.87,152.86,1.07,158.33
Tweed Offshore,2487,1764043200,,-28.21282,153.68031,1.46,2.65,10.53,4.15,24.68,125.61,1.11,156.31
Tweed Offshore,2487,1764045000,,-28.2128,153.68039,1.42,2.67,11.11,4.21,24.68,111.89,1.15,150.95
Tweed Offshore,2487,1764046800,,-28.21279,153.68039,1.38,2.43,11.11,3.96,24.63,110.31,1.14,152.97
Tweed Offshore,2487,1764048600,,-28.21276,153.68039,1.51,2.56,11.11,4.17,24.4,105.04,1.1,150.07
Tweed Offshore,2487,1764050400,,-28.21275,153.68039,1.49,3.09,10.53,4.0,24.45,95.1,1.09,150.42
Tweed Offshore,2487,1764052200,,-28.21275,153.68039,1.55,2.53,10.53,4.07,24.31,89.74,1.1,149.54
Tweed Offshore,2487,1764054000,,-28.21275,153.68042,1.54,2.69,11.11,4.04,24.27,106.79,1.07,148.84
Tweed Offshore,2487,1764055800,,-28.21275,153.68037,1.44,2.66,11.11,3.88,24.36,103.1,1.07,145.05
Tweed Offshore,2487,1764057600,,-28.21273,153.68037,1.52,2.94,10.53,4.37,24.27,107.76,1.06,140.84
Tweed Offshore,2487,1764059400,,-28.21275,153.68039,1.32,2.29,10.53,4.05,24.31,100.46,1.07,144.0
Tweed Offshore,2487,1764061200,,-28.21276,153.68039,1.31,2.4,11.11,4.24,24.36,90.18,1.06,141.36
Tweed Offshore,2487,1764063000,,-28.21273,153.68039,1.33,2.4,11.11,4.36,24.36,96.51,1.01,138.9
Tweed Offshore,2487,1764064800,,-28.21275,153.68035,1.3,2.25,11.11,4.04,24.36,89.65,0.94,138.46
Tweed Offshore,2487,1764066600,,-28.21275,153.68026,1.38,2.54,11.11,4.44,24.36,124.73,0.83,133.63
Tweed Offshore,2487,1764068400,,-28.21279,153.68016,1.26,2.36,10.53,4.14,24.4,88.16,0.8,142.86
Tweed Offshore,2487,1764070200,,-28.21279,153.68016,1.31,2.33,10.53,4.09,24.36,105.83,0.82,137.41
Tweed Offshore,2487,1764072000,,-28.21276,153.68014,1.21,2.29,11.11,4.32,24.36,96.77,0.82,139.34
Tweed Offshore,2487,1764073800,,-28.21273,153.68016,1.34,2.15,11.11,5.01,24.36,110.84,0.77,127.56
Tweed Offshore,2487,1764075600,,-28.2127,153.6802,1.26,2.03,10.0,5.04,24.31,106.09,0.64,119.74
Tweed Offshore,2487,1764077400,,-28.21272,153.68014,1.27,2.02,10.53,5.3,24.13,108.29,0.59,120.7
Tweed Offshore,2487,1764079200,,-28.21273,153.68003,1.21,2.01,11.11,5.13,24.08,114.27,0.5,136.18
Tweed Offshore,2487,1764081000,,-28.21273,153.68005,1.2,1.89,10.53,5.08,24.04,108.99,0.5,145.32
Tweed Offshore,2487,1764082800,,-28.21275,153.68005,1.21,1.99,11.11,4.95,23.99,106.62,0.55,151.03
Tweed Offshore,2487,1764084600,,-28.21275,153.67999,1.26,1.94,10.53,4.95,23.99,120.68,0.49,164.13
Tweed Offshore,2487,1764086400,,-28.21275,153.67999,1.24,2.03,10.53,4.63,23.99,107.41,0.57,170.29
Tweed Offshore,2487,1764088200,,-28.21276,153.67999,1.13,1.9,10.0,4.28,23.99,123.94,0.57,171.78
Tweed Offshore,2487,1764090000,,-28.21276,153.67996,1.27,2.14,11.11,4.76,23.99,111.19,0.65,168.7
Tweed Offshore,2487,1764091800,,-28.21276,153.67994,1.28,2.29,11.11,4.7,23.99,109.7,0.61,166.33
Tweed Offshore,2487,1764093600,,-28.21276,153.67994,1.13,1.93,10.53,4.62,23.99,118.22,0.5,168.0
Tweed Offshore,2487,1764095400,,-28.21279,153.67994,1.23,2.22,10.0,4.63,23.99,118.14,0.65,162.55
Tweed Offshore,2487,1764097200,,-28.21276,153.67994,1.18,2.38,11.11,4.57,24.04,99.76,0.68,165.45
Tweed Offshore,2487,1764099000,,-28.21276,153.67988,1.21,1.92,11.11,4.54,24.08,119.1,0.64,173.36
Tweed Offshore,2487,1764100800,,-28.21279,153.67988,1.09,2.24,10.53,4.39,24.13,99.32,0.65,173.1
Tweed Offshore,2487,1764102600,,-28.21279,153.67994,1.12,1.86,10.53,4.49,24.17,111.89,0.5,181.89
Tweed Offshore,2487,1764104400,,-28.21276,153.67994,1.12,1.96,10.0,4.26,24.17,103.28,0.75,174.51
Tweed Offshore,2487,1764106200,,-28.21276,153.67994,1.07,1.96,11.11,3.99,24.22,138.71,0.65,168.79
Tweed Offshore,2487,1764108000,,-28.21279,153.67999,1.09,2.01,11.11,4.06,24.22,118.05,0.79,170.55
Tweed Offshore,2487,1764109800,,-28.21279,153.67994,1.11,2.04,11.76,3.88,24.22,130.79,0.8,173.27
Tweed Offshore,2487,1764111600,,-28.21279,153.67992,1.18,2.84,11.11,3.91,24.22,103.37,0.84,174.07
Tweed Offshore,2487,1764113400,,-28.21279,153.67992,1.09,2.01,11.76,3.87,24.27,116.29,0.87,171.96
Tweed Offshore,2487,1764115200,,-28.2128,153.67994,1.25,2.2,10.53,4.14,24.27,101.7,0.86,171.34
Tweed Offshore,2487,1764117000,,-28.2128,153.67992,1.12,2.01,10.53,4.2,24.27,107.67,0.93,170.37
Tweed Offshore,2487,1764118800,,-28.2128,153.67994,1.13,2.15,11.11,4.15,24.27,106.44,0.87,172.13
Tweed Offshore,2487,1764120600,,-28.2128,153.67996,1.12,2.11,10.53,3.85,24.27,116.55,0.93,170.9
Tweed Offshore,2487,1764122400,,-28.2128,153.67999,1.24,2.77,11.11,4.05,24.27,97.74,0.95,165.8
Tweed Offshore,2487,1764124200,,-28.2128,153.67999,1.32,2.28,10.53,3.97,24.27,103.54,0.91,167.82
Tweed Offshore,2487,1764126000,,-28.2128,153.67999,1.44,2.48,11.11,4.02,24.36,106.97,0.93,170.29
Tweed Offshore,2487,1764127800,,-28.2128,153.68001,1.3,2.17,11.11,3.97,24.36,91.76,0.92,169.32
Tweed Offshore,2487,1764129600,,-28.21282,153.67994,1.36,2.68,11.11,3.9,24.36,94.75,1.0,167.21
Tweed Offshore,2487,1764131400,,-28.21285,153.67999,1.38,2.29,10.53,3.98,24.36,109.08,1.01,167.82
Tweed Offshore,2487,1764133200,,-28.21284,153.68001,1.32,2.4,11.11,3.97,24.4,92.64,0.99,168.7
Tweed Offshore,2487,1764135000,,-28.21282,153.68001,1.31,2.09,11.11,3.99,24.4,90.18,0.97,163.87
Tweed Offshore,2487,1764136800,,-28.21279,153.68009,1.4,2.42,10.53,4.02,24.4,97.74,0.96,161.85
Tweed Offshore,2487,1764138600,,-28.2128,153.68018,1.32,2.13,11.11,3.78,24.45,96.51,0.95,154.64
Tweed Offshore,2487,1764140400,,-28.21276,153.68024,1.32,2.17,11.11,3.92,24.45,94.75,0.92,155.69
Tweed Offshore,2487,1764142200,,-28.21276,153.68026,1.37,2.2,10.53,3.72,24.4,101.7,0.95,151.21
Tweed Offshore,2487,1764144000,,-28.21273,153.68033,1.47,2.35,10.53,4.11,24.36,93.96,0.91,145.58
Tweed Offshore,2487,1764145800,,-28.21275,153.68037,1.43,2.58,11.11,4.05,24.31,82.79,1.03,142.86
Tweed Offshore,2487,1764147600,,-28.21273,153.68037,1.46,2.42,11.11,4.2,24.31,81.12,0.96,145.23
Tweed Offshore,2487,1764149400,,-28.21275,153.68033,1.41,2.39,11.11,4.07,24.31,83.23,0.75,146.11
Tweed Offshore,2487,1764151200,,-28.21275,153.68031,1.44,2.43,10.53,3.94,24.27,86.57,0.76,145.85
Tweed Offshore,2487,1764153000,,-28.21275,153.68035,1.49,2.43,11.76,4.1,24.27,77.26,0.82,138.46
Tweed Offshore,2487,1764154800,,-28.21275,153.68031,1.62,3.08,11.11,4.34,24.22,89.39,0.77,139.08
Tweed Offshore,2487,1764156600,,-28.21275,153.68026,1.69,2.66,11.11,4.5,24.17,83.85,0.78,140.92
Tweed Offshore,2487,1764158400,,-28.21272,153.68031,1.75,3.1,11.11,4.71,24.08,88.86,0.68,141.45
Tweed Offshore,2487,1764160200,,-28.21275,153.68018,1.73,2.56,11.11,4.92,24.08,86.14,0.7,135.74
Tweed Offshore,2487,1764162000,,-28.2127,153.68022,1.72,2.82,11.11,5.08,24.04,82.79,0.8,127.91
Tweed Offshore,2487,1764163800,,-28.21272,153.68016,1.74,2.56,11.76,5.31,23.95,76.64,0.49,126.68
Tweed Offshore,2487,1764165600,,-28.21272,153.68014,1.66,2.56,5.71,5.22,23.85,14.84,0.59,132.13
Tweed Offshore,2487,1764167400,,-28.21273,153.68014,1.6,2.5,11.11,4.82,23.81,74.36,0.5,137.23
Tweed Offshore,2487,1764169200,,-28.21273,153.6802,1.61,2.49,10.53,4.5,23.72,89.48,0.63,139.08
Tweed Offshore,2487,1764171000,,-28.21272,153.68022,1.61,2.4,11.11,4.4,23.58,78.75,0.65,132.66
Tweed Offshore,2487,1764172800,,-28.21275,153.68016,1.46,2.64,11.76,4.23,23.44,78.57,0.5,137.76
Tweed Offshore,2487,1764174600,,-28.21273,153.68022,1.49,2.22,11.76,4.51,23.35,84.99,0.56,140.84
Tweed Offshore,2487,1764176400,,-28.21275,153.68016,1.51,2.41,10.53,4.58,23.22,94.22,0.5,145.23
Tweed Offshore,2487,1764178200,,-28.21275,153.68016,1.3,2.08,11.76,4.05,23.13,78.22,0.58,141.71
Tweed Offshore,2487,1764180000,,-28.21275,153.68016,1.33,2.47,11.76,4.06,23.08,83.59,0.63,142.86
Tweed Offshore,2487,1764181800,,-28.21273,153.68011,1.36,2.33,11.11,4.15,22.99,96.07,0.56,154.2
Tweed Offshore,2487,1764183600,,-28.21273,153.68011,1.25,2.14,11.11,4.15,22.95,81.21,0.56,158.95
Tweed Offshore,2487,1764185400,,-28.21272,153.68005,1.29,2.28,11.11,4.2,22.99,81.92,0.57,179.69
Tweed Offshore,2487,1764187200,,-28.21273,153.68009,1.24,2.04,11.11,4.31,23.13,84.9,0.6,172.75
Tweed Offshore,2487,1764189000,,-28.21273,153.68003,1.25,2.16,11.11,4.38,23.26,87.19,0.59,177.41
Tweed Offshore,2487,1764190800,,-28.21272,153.68009,1.22,2.13,11.11,4.75,23.31,90.71,0.66,174.77
Tweed Offshore,2487,1764192600,,-28.21272,153.68007,1.06,1.74,11.11,4.22,23.44,81.56,0.68,181.54
Tweed Offshore,2487,1764194400,,-28.21272,153.68005,1.06,2.14,11.11,4.09,23.54,81.65,0.79,185.32
Tweed Offshore,2487,1764196200,,-28.21275,153.68005,1.33,2.1,11.11,4.19,23.67,81.56,0.81,180.04
Tweed Offshore,2487,1764198000,,-28.21275,153.68016,1.3,2.27,11.11,4.04,23.76,88.77,0.83,169.67
